context_length,mode,mean_wql,std_wql,n_stores
128,covariate,0.08672776943335594,0.36867366122977935,935
128,univariate,0.11275972649438389,0.19255412850188836,935
256,covariate,0.08606451730129432,0.4170655073008456,935
256,univariate,0.11998863176027616,0.17188900091366285,935
512,covariate,0.08214544403737288,0.4902119520277563,935
512,univariate,0.0849279041198568,0.17346799636149568,935
