context_length,mode,mean_wql,std_wql,n_stores
512,covariate,0.06458187837575255,0.015440304809168956,903
512,univariate,0.07549726511686526,0.017064942600517063,903
