id,timestamp,target,Customers,Open,Promo,StateHoliday,SchoolHoliday,DayOfWeek,week_sin,week_cos,month_sin,month_cos,quarter,is_month_start,is_month_end,lag_1_known,lag_1,lag_2_known,lag_2,lag_4_known,lag_4,lag_8_known,lag_8,lag_12_known,lag_12,lag_16_known,lag_16,lag_24_known,lag_24,lag_52_known,lag_52,ema_4,ema_8,chg_1
1024,2013-01-01,0.0,0.0,0.0,0.0,1,1.0,2.0,0.11827317,0.9929811,0.5,0.8660254,1,1,0,0,0.0,0,0.0,0,0.0,0,0.0,0,0.0,0,0.0,0,0.0,0,0.0,0.0,0.0,0.0
1024,2013-01-02,5123.0,732.0,1.0,0.0,0,1.0,3.0,0.11827317,0.9929811,0.5,0.8660254,1,0,0,1,0.0,0,0.0,0,0.0,0,0.0,0,0.0,0,0.0,0,0.0,0,0.0,0.0,0.0,0.0
1024,2013-01-03,4750.0,694.0,1.0,0.0,0,1.0,4.0,0.11827317,0.9929811,0.5,0.8660254,1,0,0,1,5123.0,1,0.0,0,0.0,0,0.0,0,0.0,0,0.0,0,0.0,0,0.0,2049.2,1138.4445,5123.0
1024,2013-01-04,5627.0,756.0,1.0,0.0,0,1.0,5.0,0.11827317,0.9929811,0.5,0.8660254,1,0,0,1,4750.0,1,5123.0,0,0.0,0,0.0,0,0.0,0,0.0,0,0.0,0,0.0,3129.52,1941.0123,-373.0
1024,2013-01-05,5952.0,858.0,1.0,0.0,0,0.0,6.0,0.11827317,0.9929811,0.5,0.8660254,1,0,0,1,5627.0,1,4750.0,1,0.0,0,0.0,0,0.0,0,0.0,0,0.0,0,0.0,4128.512,2760.1206,877.0
1024,2013-01-06,0.0,0.0,0.0,0.0,0,0.0,7.0,0.11827317,0.9929811,0.5,0.8660254,1,0,0,1,5952.0,1,5627.0,1,5123.0,0,0.0,0,0.0,0,0.0,0,0.0,0,0.0,4857.907,3469.4272,325.0
1024,2013-01-07,7271.0,830.0,1.0,1.0,0,0.0,1.0,0.23488605,0.9720229,0.5,0.8660254,1,0,0,1,0.0,1,5952.0,1,4750.0,0,0.0,0,0.0,0,0.0,0,0.0,0,0.0,2914.7444,2698.4434,-5952.0
1024,2013-01-08,6875.0,786.0,1.0,1.0,0,0.0,2.0,0.23488605,0.9720229,0.5,0.8660254,1,0,0,1,7271.0,1,0.0,1,5627.0,0,0.0,0,0.0,0,0.0,0,0.0,0,0.0,4657.2466,3714.5671,7271.0
1024,2013-01-09,5675.0,743.0,1.0,1.0,0,0.0,3.0,0.23488605,0.9720229,0.5,0.8660254,1,0,0,1,6875.0,1,7271.0,1,5952.0,1,0.0,0,0.0,0,0.0,0,0.0,0,0.0,5544.348,4416.8857,-396.0
1024,2013-01-10,5925.0,730.0,1.0,1.0,0,0.0,4.0,0.23488605,0.9720229,0.5,0.8660254,1,0,0,1,5675.0,1,6875.0,1,0.0,1,5123.0,0,0.0,0,0.0,0,0.0,0,0.0,5596.609,4696.4663,-1200.0
1024,2013-01-11,6035.0,793.0,1.0,1.0,0,0.0,5.0,0.23488605,0.9720229,0.5,0.8660254,1,0,0,1,5925.0,1,5675.0,1,7271.0,1,4750.0,0,0.0,0,0.0,0,0.0,0,0.0,5727.9653,4969.474,250.0
1024,2013-01-12,5914.0,823.0,1.0,0.0,0,0.0,6.0,0.23488605,0.9720229,0.5,0.8660254,1,0,0,1,6035.0,1,5925.0,1,6875.0,1,5627.0,0,0.0,0,0.0,0,0.0,0,0.0,5850.7793,5206.2573,110.0
1024,2013-01-13,0.0,0.0,0.0,0.0,0,0.0,7.0,0.23488605,0.9720229,0.5,0.8660254,1,0,0,1,5914.0,1,6035.0,1,5675.0,1,5952.0,1,0.0,0,0.0,0,0.0,0,0.0,5876.0674,5363.5337,-121.0
1024,2013-01-14,4555.0,684.0,1.0,0.0,0,0.0,1.0,0.34820163,0.93741965,0.5,0.8660254,1,0,0,1,0.0,1,5914.0,1,5925.0,1,0.0,1,5123.0,0,0.0,0,0.0,0,0.0,3525.6404,4171.637,-5914.0
1024,2013-01-15,3829.0,564.0,1.0,0.0,0,0.0,2.0,0.34820163,0.93741965,0.5,0.8660254,1,0,0,1,4555.0,1,0.0,1,6035.0,1,7271.0,1,4750.0,0,0.0,0,0.0,0,0.0,3937.3843,4256.829,4555.0
1024,2013-01-16,4028.0,608.0,1.0,0.0,0,0.0,3.0,0.34820163,0.93741965,0.5,0.8660254,1,0,0,1,3829.0,1,4555.0,1,5914.0,1,6875.0,1,5627.0,0,0.0,0,0.0,0,0.0,3894.0305,4161.756,-726.0
1024,2013-01-17,4189.0,673.0,1.0,0.0,0,0.0,4.0,0.34820163,0.93741965,0.5,0.8660254,1,0,0,1,4028.0,1,3829.0,1,0.0,1,5675.0,1,5952.0,1,0.0,0,0.0,0,0.0,3947.6184,4132.032,199.0
1024,2013-01-18,4764.0,732.0,1.0,0.0,0,0.0,5.0,0.34820163,0.93741965,0.5,0.8660254,1,0,0,1,4189.0,1,4028.0,1,4555.0,1,5925.0,1,0.0,1,5123.0,0,0.0,0,0.0,4044.171,4144.692,161.0
1024,2013-01-19,5663.0,854.0,1.0,0.0,0,0.0,6.0,0.34820163,0.93741965,0.5,0.8660254,1,0,0,1,4764.0,1,4189.0,1,3829.0,1,6035.0,1,7271.0,1,4750.0,0,0.0,0,0.0,4332.1025,4282.316,575.0
1024,2013-01-20,0.0,0.0,0.0,0.0,0,0.0,7.0,0.34820163,0.93741965,0.5,0.8660254,1,0,0,1,5663.0,1,4764.0,1,4028.0,1,5914.0,1,6875.0,1,5627.0,0,0.0,0,0.0,4864.4614,4589.135,899.0
1024,2013-01-21,7262.0,884.0,1.0,1.0,0,0.0,1.0,0.45662925,0.8896571,0.5,0.8660254,1,0,0,1,0.0,1,5663.0,1,4189.0,1,0.0,1,5675.0,1,5952.0,0,0.0,0,0.0,2918.677,3569.327,-5663.0
1024,2013-01-22,6347.0,775.0,1.0,1.0,0,0.0,2.0,0.45662925,0.8896571,0.5,0.8660254,1,0,0,1,7262.0,1,0.0,1,4764.0,1,4555.0,1,5925.0,1,0.0,0,0.0,0,0.0,4656.0063,4389.921,7262.0
1024,2013-01-23,6295.0,791.0,1.0,1.0,0,0.0,3.0,0.45662925,0.8896571,0.5,0.8660254,1,0,0,1,6347.0,1,7262.0,1,5663.0,1,3829.0,1,6035.0,1,7271.0,0,0.0,0,0.0,5332.404,4824.827,-915.0
1024,2013-01-24,5811.0,722.0,1.0,1.0,0,0.0,4.0,0.45662925,0.8896571,0.5,0.8660254,1,0,0,1,6295.0,1,6347.0,1,0.0,1,4028.0,1,5914.0,1,6875.0,0,0.0,0,0.0,5717.4424,5151.532,-52.0
1024,2013-01-25,6677.0,865.0,1.0,1.0,0,0.0,5.0,0.45662925,0.8896571,0.5,0.8660254,1,0,0,1,5811.0,1,6295.0,1,7262.0,1,4189.0,1,0.0,1,5675.0,1,0.0,0,0.0,5754.865,5298.0806,-484.0
1024,2013-01-26,5232.0,781.0,1.0,0.0,0,0.0,6.0,0.45662925,0.8896571,0.5,0.8660254,1,0,0,1,6677.0,1,5811.0,1,6347.0,1,4764.0,1,4555.0,1,5925.0,1,5123.0,0,0.0,6123.719,5604.5073,866.0
1024,2013-01-27,0.0,0.0,0.0,0.0,0,0.0,7.0,0.45662925,0.8896571,0.5,0.8660254,1,0,0,1,5232.0,1,6677.0,1,6295.0,1,5663.0,1,3829.0,1,6035.0,1,4750.0,0,0.0,5767.0317,5521.728,-1445.0
1024,2013-01-28,4333.0,675.0,1.0,0.0,0,0.0,1.0,0.55864674,0.82940567,0.5,0.8660254,1,0,0,1,0.0,1,5232.0,1,5811.0,1,0.0,1,4028.0,1,5914.0,1,5627.0,0,0.0,3460.219,4294.6772,-5232.0
1024,2013-01-29,3928.0,582.0,1.0,0.0,0,0.0,2.0,0.55864674,0.82940567,0.5,0.8660254,1,0,0,1,4333.0,1,0.0,1,6677.0,1,7262.0,1,4189.0,1,0.0,1,5952.0,0,0.0,3809.3313,4303.1934,4333.0
1024,2013-01-30,4351.0,655.0,1.0,0.0,0,0.0,3.0,0.55864674,0.82940567,0.5,0.8660254,1,0,0,1,3928.0,1,4333.0,1,5232.0,1,6347.0,1,4764.0,1,4555.0,1,0.0,0,0.0,3856.7988,4219.817,-405.0
1024,2013-01-31,4677.0,691.0,1.0,0.0,0,0.0,4.0,0.55864674,0.82940567,0.5,0.8660254,1,0,1,1,4351.0,1,3928.0,1,0.0,1,6295.0,1,5663.0,1,3829.0,1,7271.0,0,0.0,4054.4792,4248.9688,423.0
1024,2013-02-01,5811.0,818.0,1.0,0.0,0,0.0,5.0,0.55864674,0.82940567,0.8660254,0.5,1,1,0,1,4677.0,1,4351.0,1,4333.0,1,5811.0,1,0.0,1,4028.0,1,6875.0,0,0.0,4303.488,4344.087,326.0
1024,2013-02-02,6652.0,917.0,1.0,0.0,0,0.0,6.0,0.55864674,0.82940567,0.8660254,0.5,1,0,0,1,5811.0,1,4677.0,1,3928.0,1,6677.0,1,7262.0,1,4189.0,1,5675.0,0,0.0,4906.4927,4670.0674,1134.0
1024,2013-02-03,0.0,0.0,0.0,0.0,0,0.0,7.0,0.55864674,0.82940567,0.8660254,0.5,1,0,0,1,6652.0,1,5811.0,1,4351.0,1,5232.0,1,6347.0,1,4764.0,1,5925.0,0,0.0,5604.6953,5110.497,841.0
1024,2013-02-04,7777.0,913.0,1.0,1.0,0,0.0,1.0,0.65282214,0.75751126,0.8660254,0.5,1,0,0,1,0.0,1,6652.0,1,4677.0,1,0.0,1,6295.0,1,5663.0,1,6035.0,0,0.0,3362.8174,3974.831,-6652.0
1024,2013-02-05,5904.0,748.0,1.0,1.0,0,0.0,2.0,0.65282214,0.75751126,0.8660254,0.5,1,0,0,1,7777.0,1,0.0,1,5811.0,1,4333.0,1,5811.0,1,0.0,1,5914.0,0,0.0,5128.49,4819.7573,7777.0
1024,2013-02-06,6373.0,808.0,1.0,1.0,0,0.0,3.0,0.65282214,0.75751126,0.8660254,0.5,1,0,0,1,5904.0,1,7777.0,1,6652.0,1,3928.0,1,6677.0,1,7262.0,1,0.0,0,0.0,5438.6943,5060.7,-1873.0
1024,2013-02-07,6115.0,811.0,1.0,1.0,0,0.0,4.0,0.65282214,0.75751126,0.8660254,0.5,1,0,0,1,6373.0,1,5904.0,1,0.0,1,4351.0,1,5232.0,1,6347.0,1,4555.0,0,0.0,5812.4165,5352.3223,469.0
1024,2013-02-08,6297.0,840.0,1.0,1.0,0,0.0,5.0,0.65282214,0.75751126,0.8660254,0.5,1,0,0,1,6115.0,1,6373.0,1,7777.0,1,4677.0,1,0.0,1,6295.0,1,3829.0,0,0.0,5933.4497,5521.806,-258.0
1024,2013-02-09,6131.0,870.0,1.0,0.0,0,0.0,6.0,0.65282214,0.75751126,0.8660254,0.5,1,0,0,1,6297.0,1,6115.0,1,5904.0,1,5811.0,1,4333.0,1,5811.0,1,4028.0,0,0.0,6078.87,5694.072,182.0
1024,2013-02-10,0.0,0.0,0.0,0.0,0,0.0,7.0,0.65282214,0.75751126,0.8660254,0.5,1,0,0,1,6131.0,1,6297.0,1,6373.0,1,6652.0,1,3928.0,1,6677.0,1,4189.0,0,0.0,6099.722,5791.167,-166.0
1024,2013-02-11,4653.0,700.0,1.0,0.0,0,0.0,1.0,0.73783326,0.674983,0.8660254,0.5,1,0,0,1,0.0,1,6131.0,1,6115.0,1,0.0,1,4351.0,1,5232.0,1,4764.0,0,0.0,3659.8333,4504.2407,-6131.0
1024,2013-02-12,3595.0,588.0,1.0,0.0,0,0.0,2.0,0.73783326,0.674983,0.8660254,0.5,1,0,0,1,4653.0,1,0.0,1,6297.0,1,7777.0,1,4677.0,1,0.0,1,5663.0,0,0.0,4057.0999,4537.2983,4653.0
1024,2013-02-13,4814.0,711.0,1.0,0.0,0,0.0,3.0,0.73783326,0.674983,0.8660254,0.5,1,0,0,1,3595.0,1,4653.0,1,6131.0,1,5904.0,1,5811.0,1,4333.0,1,0.0,0,0.0,3872.26,4327.899,-1058.0
1024,2013-02-14,5114.0,727.0,1.0,0.0,0,0.0,4.0,0.73783326,0.674983,0.8660254,0.5,1,0,0,1,4814.0,1,3595.0,1,0.0,1,6373.0,1,6652.0,1,3928.0,1,7262.0,0,0.0,4248.956,4435.9214,1219.0
1024,2013-02-15,5677.0,785.0,1.0,0.0,0,0.0,5.0,0.73783326,0.674983,0.8660254,0.5,1,0,0,1,5114.0,1,4814.0,1,4653.0,1,6115.0,1,0.0,1,4351.0,1,6347.0,0,0.0,4594.9736,4586.6055,300.0
1024,2013-02-16,5949.0,866.0,1.0,0.0,0,0.0,6.0,0.73783326,0.674983,0.8660254,0.5,1,0,0,1,5677.0,1,5114.0,1,3595.0,1,6297.0,1,7777.0,1,4677.0,1,6295.0,0,0.0,5027.784,4828.9155,563.0
1024,2013-02-17,0.0,0.0,0.0,0.0,0,0.0,7.0,0.73783326,0.674983,0.8660254,0.5,1,0,0,1,5949.0,1,5677.0,1,4814.0,1,6131.0,1,5904.0,1,5811.0,1,5811.0,0,0.0,5396.2705,5077.823,272.0
1024,2013-02-18,7337.0,866.0,1.0,1.0,0,0.0,1.0,0.8124869,0.5829795,0.8660254,0.5,1,0,0,1,0.0,1,5949.0,1,5114.0,1,0.0,1,6373.0,1,6652.0,1,6677.0,0,0.0,3237.7622,3949.418,-5949.0
1024,2013-02-19,6228.0,737.0,1.0,1.0,0,0.0,2.0,0.8124869,0.5829795,0.8660254,0.5,1,0,0,1,7337.0,1,0.0,1,5677.0,1,4653.0,1,6115.0,1,0.0,1,5232.0,0,0.0,4877.4575,4702.214,7337.0
1024,2013-02-20,6101.0,745.0,1.0,1.0,0,0.0,3.0,0.8124869,0.5829795,0.8660254,0.5,1,0,0,1,6228.0,1,7337.0,1,5949.0,1,3595.0,1,6297.0,1,7777.0,1,0.0,0,0.0,5417.6743,5041.2773,-1109.0
1024,2013-02-21,6917.0,822.0,1.0,1.0,0,0.0,4.0,0.8124869,0.5829795,0.8660254,0.5,1,0,0,1,6101.0,1,6228.0,1,0.0,1,4814.0,1,6131.0,1,5904.0,1,4333.0,0,0.0,5691.005,5276.7715,-127.0
1024,2013-02-22,6759.0,878.0,1.0,1.0,0,0.0,5.0,0.8124869,0.5829795,0.8660254,0.5,1,0,0,1,6917.0,1,6101.0,1,7337.0,1,5114.0,1,0.0,1,6373.0,1,3928.0,1,0.0,6181.403,5641.2666,816.0
1024,2013-02-23,5893.0,899.0,1.0,0.0,0,0.0,6.0,0.8124869,0.5829795,0.8660254,0.5,1,0,0,1,6759.0,1,6917.0,1,6228.0,1,5677.0,1,4653.0,1,6115.0,1,4351.0,1,5123.0,6412.442,5889.652,-158.0
1024,2013-02-24,0.0,0.0,0.0,0.0,0,0.0,7.0,0.8124869,0.5829795,0.8660254,0.5,1,0,0,1,5893.0,1,6759.0,1,6101.0,1,5949.0,1,3595.0,1,6297.0,1,4677.0,1,4750.0,6204.665,5890.396,-866.0
1024,2013-02-25,4773.0,743.0,1.0,0.0,0,0.0,1.0,0.8757349,0.4827922,0.8660254,0.5,1,0,0,1,0.0,1,5893.0,1,6917.0,1,0.0,1,4814.0,1,6131.0,1,5811.0,1,5627.0,3722.799,4581.419,-5893.0
1024,2013-02-26,3954.0,604.0,1.0,0.0,0,0.0,2.0,0.8757349,0.4827922,0.8660254,0.5,1,0,0,1,4773.0,1,0.0,1,6759.0,1,7337.0,1,5114.0,1,0.0,1,6652.0,1,5952.0,4142.8794,4623.9927,4773.0
1024,2013-02-27,4147.0,624.0,1.0,0.0,0,0.0,3.0,0.8757349,0.4827922,0.8660254,0.5,1,0,0,1,3954.0,1,4773.0,1,5893.0,1,6228.0,1,5677.0,1,4653.0,1,0.0,1,0.0,4067.3276,4475.1055,-819.0
1024,2013-02-28,4784.0,653.0,1.0,0.0,0,0.0,4.0,0.8757349,0.4827922,0.8660254,0.5,1,0,1,1,4147.0,1,3954.0,1,0.0,1,6101.0,1,5949.0,1,3595.0,1,7777.0,1,7271.0,4099.197,4402.193,193.0
1024,2013-03-01,5999.0,781.0,1.0,0.0,0,0.0,5.0,0.8757349,0.4827922,1.0,6.123234e-17,1,1,0,1,4784.0,1,4147.0,1,4773.0,1,6917.0,1,0.0,1,4814.0,1,5904.0,1,6875.0,4373.118,4487.039,637.0
1024,2013-03-02,6314.0,864.0,1.0,0.0,0,0.0,6.0,0.8757349,0.4827922,1.0,6.123234e-17,1,0,0,1,5999.0,1,4784.0,1,3954.0,1,6759.0,1,7337.0,1,5114.0,1,6373.0,1,5675.0,5023.4707,4823.0303,1215.0
1024,2013-03-03,0.0,0.0,0.0,0.0,0,0.0,7.0,0.8757349,0.4827922,1.0,6.123234e-17,1,0,0,1,6314.0,1,5999.0,1,4147.0,1,5893.0,1,6228.0,1,5677.0,1,6115.0,1,5925.0,5539.6826,5154.357,315.0
1024,2013-03-04,7274.0,866.0,1.0,1.0,0,0.0,1.0,0.9266896,0.37582758,1.0,6.123234e-17,1,0,0,1,0.0,1,6314.0,1,4784.0,1,0.0,1,6101.0,1,5949.0,1,6297.0,1,6035.0,3323.8096,4008.9443,-6314.0
1024,2013-03-05,6139.0,774.0,1.0,1.0,0,0.0,2.0,0.9266896,0.37582758,1.0,6.123234e-17,1,0,0,1,7274.0,1,0.0,1,5999.0,1,4773.0,1,6917.0,1,0.0,1,6131.0,1,5914.0,4903.8857,4734.512,7274.0
1024,2013-03-06,6224.0,743.0,1.0,1.0,0,0.0,3.0,0.9266896,0.37582758,1.0,6.123234e-17,1,0,0,1,6139.0,1,7274.0,1,6314.0,1,3954.0,1,6759.0,1,7337.0,1,0.0,1,0.0,5397.9316,5046.6206,-1135.0
1024,2013-03-07,6387.0,809.0,1.0,1.0,0,0.0,4.0,0.9266896,0.37582758,1.0,6.123234e-17,1,0,0,1,6224.0,1,6139.0,1,0.0,1,4147.0,1,5893.0,1,6228.0,1,4653.0,1,4555.0,5728.359,5308.2603,85.0
1024,2013-03-08,7493.0,932.0,1.0,1.0,0,0.0,5.0,0.9266896,0.37582758,1.0,6.123234e-17,1,0,0,1,6387.0,1,6224.0,1,7274.0,1,4784.0,1,0.0,1,6101.0,1,3595.0,1,3829.0,5991.8154,5547.9805,163.0
1024,2013-03-09,6326.0,872.0,1.0,0.0,0,0.0,6.0,0.9266896,0.37582758,1.0,6.123234e-17,1,0,0,1,7493.0,1,6387.0,1,6139.0,1,5999.0,1,4773.0,1,6917.0,1,4814.0,1,4028.0,6592.289,5980.207,1106.0
1024,2013-03-10,0.0,0.0,0.0,0.0,0,0.0,7.0,0.9266896,0.37582758,1.0,6.123234e-17,1,0,0,1,6326.0,1,7493.0,1,6224.0,1,6314.0,1,3954.0,1,6759.0,1,5114.0,1,4189.0,6485.7734,6057.05,-1167.0
1024,2013-03-11,4648.0,661.0,1.0,0.0,0,0.0,1.0,0.9646356,0.26358718,1.0,6.123234e-17,1,0,0,1,0.0,1,6326.0,1,6387.0,1,0.0,1,4147.0,1,5893.0,1,5677.0,1,4764.0,3891.464,4711.0386,-6326.0
1024,2013-03-12,4594.0,648.0,1.0,0.0,0,0.0,2.0,0.9646356,0.26358718,1.0,6.123234e-17,1,0,0,1,4648.0,1,0.0,1,7493.0,1,7274.0,1,4784.0,1,0.0,1,5949.0,1,5663.0,4194.0786,4697.0303,4648.0
1024,2013-03-13,4761.0,658.0,1.0,0.0,0,0.0,3.0,0.9646356,0.26358718,1.0,6.123234e-17,1,0,0,1,4594.0,1,4648.0,1,6326.0,1,6139.0,1,5999.0,1,4773.0,1,0.0,1,0.0,4354.047,4674.135,-54.0
1024,2013-03-14,4717.0,694.0,1.0,0.0,0,0.0,4.0,0.9646356,0.26358718,1.0,6.123234e-17,1,0,0,1,4761.0,1,4594.0,1,0.0,1,6224.0,1,6314.0,1,3954.0,1,7337.0,1,7262.0,4516.828,4693.438,167.0
1024,2013-03-15,5725.0,772.0,1.0,0.0,0,0.0,5.0,0.9646356,0.26358718,1.0,6.123234e-17,1,0,0,1,4717.0,1,4761.0,1,4648.0,1,6387.0,1,0.0,1,4147.0,1,6228.0,1,6347.0,4596.897,4698.674,-44.0
1024,2013-03-16,6825.0,939.0,1.0,0.0,0,0.0,6.0,0.9646356,0.26358718,1.0,6.123234e-17,1,0,0,1,5725.0,1,4717.0,1,4594.0,1,7493.0,1,7274.0,1,4784.0,1,6101.0,1,6295.0,5048.138,4926.7466,1008.0
1024,2013-03-17,0.0,0.0,0.0,0.0,0,0.0,7.0,0.9646356,0.26358718,1.0,6.123234e-17,1,0,0,1,6825.0,1,5725.0,1,4761.0,1,6326.0,1,6139.0,1,5999.0,1,6917.0,1,5811.0,5758.883,5348.5806,1100.0
1024,2013-03-18,5901.0,736.0,1.0,1.0,0,0.0,1.0,0.9890402,0.14764656,1.0,6.123234e-17,1,0,0,1,0.0,1,6825.0,1,4717.0,1,0.0,1,6224.0,1,6314.0,1,6759.0,1,6677.0,3455.3298,4160.0073,-6825.0
1024,2013-03-19,6043.0,730.0,1.0,1.0,0,0.0,2.0,0.9890402,0.14764656,1.0,6.123234e-17,1,0,0,1,5901.0,1,0.0,1,5725.0,1,4648.0,1,6387.0,1,0.0,1,5893.0,1,5232.0,4433.5977,4546.8945,5901.0
1024,2013-03-20,5931.0,721.0,1.0,1.0,0,0.0,3.0,0.9890402,0.14764656,1.0,6.123234e-17,1,0,0,1,6043.0,1,5901.0,1,6825.0,1,4594.0,1,7493.0,1,7274.0,1,0.0,1,0.0,5077.359,4879.3623,142.0
1024,2013-03-21,6152.0,807.0,1.0,1.0,0,0.0,4.0,0.9890402,0.14764656,1.0,6.123234e-17,1,0,0,1,5931.0,1,6043.0,1,0.0,1,4761.0,1,6326.0,1,6139.0,1,4773.0,1,4333.0,5418.8154,5113.0596,-112.0
1024,2013-03-22,7485.0,940.0,1.0,1.0,0,0.0,5.0,0.9890402,0.14764656,1.0,6.123234e-17,1,0,0,1,6152.0,1,5931.0,1,5901.0,1,4717.0,1,0.0,1,6224.0,1,3954.0,1,3928.0,5712.0894,5343.935,221.0
1024,2013-03-23,6903.0,934.0,1.0,0.0,0,0.0,6.0,0.9890402,0.14764656,1.0,6.123234e-17,1,0,0,1,7485.0,1,6152.0,1,6043.0,1,5725.0,1,4648.0,1,6387.0,1,4147.0,1,4351.0,6421.2534,5819.7275,1333.0
1024,2013-03-24,0.0,0.0,0.0,0.0,0,0.0,7.0,0.9890402,0.14764656,1.0,6.123234e-17,1,0,0,1,6903.0,1,7485.0,1,5931.0,1,6825.0,1,4594.0,1,7493.0,1,4784.0,1,4677.0,6613.952,6060.4546,-582.0
1024,2013-03-25,7748.0,921.0,1.0,1.0,0,1.0,1.0,0.99956083,0.029633328,1.0,6.123234e-17,1,0,0,1,0.0,1,6903.0,1,6152.0,1,0.0,1,4761.0,1,6326.0,1,5999.0,1,5811.0,3968.3713,4713.687,-6903.0
1024,2013-03-26,7057.0,846.0,1.0,1.0,0,1.0,2.0,0.99956083,0.029633328,1.0,6.123234e-17,1,0,0,1,7748.0,1,0.0,1,7485.0,1,5901.0,1,4717.0,1,0.0,1,6314.0,1,6652.0,5480.2227,5387.9785,7748.0
1024,2013-03-27,7731.0,902.0,1.0,1.0,0,1.0,3.0,0.99956083,0.029633328,1.0,6.123234e-17,1,0,0,1,7057.0,1,7748.0,1,6903.0,1,6043.0,1,5725.0,1,4648.0,1,0.0,1,0.0,6110.9336,5758.8726,-691.0
1024,2013-03-28,9862.0,1205.0,1.0,1.0,0,1.0,4.0,0.99956083,0.029633328,1.0,6.123234e-17,1,0,0,1,7731.0,1,7057.0,1,0.0,1,5931.0,1,6825.0,1,4594.0,1,7274.0,1,7777.0,6758.96,6197.123,674.0
1024,2013-03-29,0.0,0.0,0.0,1.0,2,1.0,5.0,0.99956083,0.029633328,1.0,6.123234e-17,1,0,0,1,9862.0,1,7731.0,1,7748.0,1,6152.0,1,0.0,1,4761.0,1,6139.0,1,5904.0,8000.1763,7011.54,2131.0
1024,2013-03-30,11037.0,1358.0,1.0,0.0,0,0.0,6.0,0.99956083,0.029633328,1.0,6.123234e-17,1,0,0,1,0.0,1,9862.0,1,7057.0,1,7485.0,1,5901.0,1,4717.0,1,6224.0,1,6373.0,4800.1055,5453.42,-9862.0
1024,2013-03-31,0.0,0.0,0.0,0.0,0,0.0,7.0,0.99956083,0.029633328,1.0,6.123234e-17,1,0,1,1,11037.0,1,0.0,1,7731.0,1,6903.0,1,6043.0,1,5725.0,1,6387.0,1,6115.0,7294.8633,6694.216,11037.0
1024,2013-04-01,0.0,0.0,0.0,0.0,2,1.0,1.0,0.9960498,-0.08879589,0.8660254,-0.5,2,1,0,1,0.0,1,11037.0,1,9862.0,1,0.0,1,5931.0,1,6825.0,1,7493.0,1,6297.0,4376.918,5206.6123,-11037.0
1024,2013-04-02,5218.0,780.0,1.0,0.0,0,1.0,2.0,0.9960498,-0.08879589,0.8660254,-0.5,2,0,0,1,0.0,1,0.0,1,0.0,1,7748.0,1,6152.0,1,0.0,1,6326.0,1,6131.0,2626.151,4049.5872,0.0
1024,2013-04-03,4464.0,663.0,1.0,0.0,0,1.0,3.0,0.9960498,-0.08879589,0.8660254,-0.5,2,0,0,1,5218.0,1,0.0,1,11037.0,1,7057.0,1,7485.0,1,5901.0,1,0.0,1,0.0,3662.8904,4309.2344,5218.0
1024,2013-04-04,4980.0,693.0,1.0,0.0,0,1.0,4.0,0.9960498,-0.08879589,0.8660254,-0.5,2,0,0,1,4464.0,1,5218.0,1,0.0,1,7731.0,1,6903.0,1,6043.0,1,4648.0,1,4653.0,3983.3342,4343.627,-754.0
1024,2013-04-05,4754.0,734.0,1.0,0.0,0,1.0,5.0,0.9960498,-0.08879589,0.8660254,-0.5,2,0,0,1,4980.0,1,4464.0,1,0.0,1,9862.0,1,0.0,1,5931.0,1,4594.0,1,3595.0,4382.0005,4485.043,516.0
1024,2013-04-06,5183.0,789.0,1.0,0.0,0,0.0,6.0,0.9960498,-0.08879589,0.8660254,-0.5,2,0,0,1,4754.0,1,4980.0,1,5218.0,1,0.0,1,7748.0,1,6152.0,1,4761.0,1,4814.0,4530.8003,4544.8115,-226.0
1024,2013-04-07,0.0,0.0,0.0,0.0,0,0.0,7.0,0.9960498,-0.08879589,0.8660254,-0.5,2,0,0,1,5183.0,1,4754.0,1,4464.0,1,11037.0,1,7057.0,1,7485.0,1,4717.0,1,5114.0,4791.68,4686.631,429.0
1024,2013-04-08,7786.0,926.0,1.0,1.0,0,1.0,1.0,0.9785565,-0.20597862,0.8660254,-0.5,2,0,0,1,0.0,1,5183.0,1,4980.0,1,0.0,1,7731.0,1,6903.0,1,5725.0,1,5677.0,2875.008,3645.1575,-5183.0
1024,2013-04-09,6760.0,796.0,1.0,1.0,0,1.0,2.0,0.9785565,-0.20597862,0.8660254,-0.5,2,0,0,1,7786.0,1,0.0,1,4754.0,1,0.0,1,9862.0,1,0.0,1,6825.0,1,5949.0,4839.405,4565.3447,7786.0
1024,2013-04-10,6133.0,776.0,1.0,1.0,0,0.0,3.0,0.9785565,-0.20597862,0.8660254,-0.5,2,0,0,1,6760.0,1,7786.0,1,5183.0,1,5218.0,1,0.0,1,7748.0,1,0.0,1,0.0,5607.643,5053.046,-1026.0
1024,2013-04-11,5486.0,761.0,1.0,1.0,0,0.0,4.0,0.9785565,-0.20597862,0.8660254,-0.5,2,0,0,1,6133.0,1,6760.0,1,0.0,1,4464.0,1,11037.0,1,7057.0,1,5901.0,1,7337.0,5817.7856,5293.0356,-627.0
1024,2013-04-12,6873.0,877.0,1.0,1.0,0,0.0,5.0,0.9785565,-0.20597862,0.8660254,-0.5,2,0,0,1,5486.0,1,6133.0,1,7786.0,1,4980.0,1,0.0,1,7731.0,1,6043.0,1,6228.0,5685.0713,5335.9165,-647.0
1024,2013-04-13,6177.0,883.0,1.0,0.0,0,0.0,6.0,0.9785565,-0.20597862,0.8660254,-0.5,2,0,0,1,6873.0,1,5486.0,1,6760.0,1,4754.0,1,0.0,1,9862.0,1,5931.0,1,6101.0,6160.2427,5677.4907,1387.0
1024,2013-04-14,0.0,0.0,0.0,0.0,0,0.0,7.0,0.9785565,-0.20597862,0.8660254,-0.5,2,0,0,1,6177.0,1,6873.0,1,6133.0,1,5183.0,1,5218.0,1,0.0,1,6152.0,1,6917.0,6166.946,5788.4927,-696.0
1024,2013-04-15,3939.0,614.0,1.0,0.0,0,0.0,1.0,0.94732636,-0.32026985,0.8660254,-0.5,2,0,0,1,0.0,1,6177.0,1,5486.0,1,0.0,1,4464.0,1,11037.0,1,7485.0,1,6759.0,3700.1675,4502.161,-6177.0
1024,2013-04-16,3929.0,612.0,1.0,0.0,0,0.0,2.0,0.94732636,-0.32026985,0.8660254,-0.5,2,0,0,1,3939.0,1,0.0,1,6873.0,1,7786.0,1,4980.0,1,0.0,1,6903.0,1,5893.0,3795.7004,4377.014,3939.0
1024,2013-04-17,3960.0,615.0,1.0,0.0,0,0.0,3.0,0.94732636,-0.32026985,0.8660254,-0.5,2,0,0,1,3929.0,1,3939.0,1,6177.0,1,6760.0,1,4754.0,1,0.0,1,0.0,1,0.0,3849.0203,4277.4556,-10.0
1024,2013-04-18,4153.0,641.0,1.0,0.0,0,0.0,4.0,0.94732636,-0.32026985,0.8660254,-0.5,2,0,0,1,3960.0,1,3929.0,1,0.0,1,6133.0,1,5183.0,1,5218.0,1,7748.0,1,4773.0,3893.412,4206.9097,31.0
1024,2013-04-19,5168.0,737.0,1.0,0.0,0,0.0,5.0,0.94732636,-0.32026985,0.8660254,-0.5,2,0,0,1,4153.0,1,3960.0,1,3939.0,1,5486.0,1,0.0,1,4464.0,1,7057.0,1,3954.0,3997.2473,4194.9297,193.0
1024,2013-04-20,5498.0,816.0,1.0,0.0,0,0.0,6.0,0.94732636,-0.32026985,0.8660254,-0.5,2,0,0,1,5168.0,1,4153.0,1,3929.0,1,6873.0,1,7786.0,1,4980.0,1,7731.0,1,4147.0,4465.5483,4411.1675,1015.0
1024,2013-04-21,0.0,0.0,0.0,0.0,0,0.0,7.0,0.94732636,-0.32026985,0.8660254,-0.5,2,0,0,1,5498.0,1,5168.0,1,3960.0,1,6177.0,1,6760.0,1,4754.0,1,9862.0,1,4784.0,4878.529,4652.686,330.0
1024,2013-04-22,6971.0,819.0,1.0,1.0,0,0.0,1.0,0.9027978,-0.4300652,0.8660254,-0.5,2,0,0,1,0.0,1,5498.0,1,4153.0,1,0.0,1,6133.0,1,5183.0,1,0.0,1,5999.0,2927.1174,3618.7559,-5498.0
1024,2013-04-23,6156.0,771.0,1.0,1.0,0,0.0,2.0,0.9027978,-0.4300652,0.8660254,-0.5,2,0,0,1,6971.0,1,0.0,1,5168.0,1,3939.0,1,5486.0,1,0.0,1,11037.0,1,6314.0,4544.6704,4363.6987,6971.0
1024,2013-04-24,5611.0,730.0,1.0,1.0,0,0.0,3.0,0.9027978,-0.4300652,0.8660254,-0.5,2,0,0,1,6156.0,1,6971.0,1,5498.0,1,3929.0,1,6873.0,1,7786.0,1,0.0,1,0.0,5189.202,4761.9883,-815.0
1024,2013-04-25,5677.0,703.0,1.0,1.0,0,0.0,4.0,0.9027978,-0.4300652,0.8660254,-0.5,2,0,0,1,5611.0,1,6156.0,1,0.0,1,3960.0,1,6177.0,1,6760.0,1,0.0,1,7274.0,5357.9214,4950.657,-545.0
1024,2013-04-26,7205.0,907.0,1.0,1.0,0,0.0,5.0,0.9027978,-0.4300652,0.8660254,-0.5,2,0,0,1,5677.0,1,5611.0,1,6971.0,1,4153.0,1,0.0,1,6133.0,1,5218.0,1,6139.0,5485.5527,5112.067,66.0
1024,2013-04-27,5618.0,850.0,1.0,0.0,0,0.0,6.0,0.9027978,-0.4300652,0.8660254,-0.5,2,0,0,1,7205.0,1,5677.0,1,6156.0,1,5168.0,1,3939.0,1,5486.0,1,4464.0,1,6224.0,6173.3315,5577.163,1528.0
1024,2013-04-28,0.0,0.0,0.0,0.0,0,0.0,7.0,0.9027978,-0.4300652,0.8660254,-0.5,2,0,0,1,5618.0,1,7205.0,1,5611.0,1,5498.0,1,3929.0,1,6873.0,1,4980.0,1,6387.0,5951.199,5586.238,-1587.0
1024,2013-04-29,7958.0,916.0,1.0,1.0,0,0.0,1.0,0.845596,-0.5338234,0.8660254,-0.5,2,0,0,1,0.0,1,5618.0,1,5677.0,1,0.0,1,3960.0,1,6177.0,1,4754.0,1,7493.0,3570.7195,4344.8516,-5618.0
1024,2013-04-30,8693.0,1033.0,1.0,1.0,0,0.0,2.0,0.845596,-0.5338234,0.8660254,-0.5,2,0,1,1,7958.0,1,0.0,1,7205.0,1,6971.0,1,4153.0,1,0.0,1,5183.0,1,6326.0,5325.632,5147.7734,7958.0
1024,2013-05-01,0.0,0.0,0.0,1.0,1,0.0,3.0,0.845596,-0.5338234,0.5,-0.8660254,2,1,0,1,8693.0,1,7958.0,1,5618.0,1,6156.0,1,5168.0,1,3939.0,1,0.0,1,0.0,6672.579,5935.6016,735.0
1024,2013-05-02,7020.0,911.0,1.0,1.0,0,0.0,4.0,0.845596,-0.5338234,0.5,-0.8660254,2,0,0,1,0.0,1,8693.0,1,0.0,1,5611.0,1,5498.0,1,3929.0,1,7786.0,1,4648.0,4003.5474,4616.579,-8693.0
1024,2013-05-03,7235.0,890.0,1.0,1.0,0,0.0,5.0,0.845596,-0.5338234,0.5,-0.8660254,2,0,0,1,7020.0,1,0.0,1,7958.0,1,5677.0,1,0.0,1,3960.0,1,6760.0,1,4594.0,5210.1284,5150.673,7020.0
1024,2013-05-04,5948.0,846.0,1.0,0.0,0,0.0,6.0,0.845596,-0.5338234,0.5,-0.8660254,2,0,0,1,7235.0,1,7020.0,1,8693.0,1,7205.0,1,6971.0,1,4153.0,1,6133.0,1,4761.0,6020.077,5613.8564,215.0
1024,2013-05-05,0.0,0.0,0.0,0.0,0,0.0,7.0,0.845596,-0.5338234,0.5,-0.8660254,2,0,0,1,5948.0,1,7235.0,1,0.0,1,5618.0,1,6156.0,1,5168.0,1,5486.0,1,4717.0,5991.246,5688.111,-1287.0
1024,2013-05-06,5230.0,775.0,1.0,0.0,0,0.0,1.0,0.7765239,-0.63008785,0.5,-0.8660254,2,0,0,1,0.0,1,5948.0,1,7020.0,1,0.0,1,5611.0,1,5498.0,1,6873.0,1,5725.0,3594.7478,4424.086,-5948.0
1024,2013-05-07,4524.0,658.0,1.0,0.0,0,0.0,2.0,0.7765239,-0.63008785,0.5,-0.8660254,2,0,0,1,5230.0,1,0.0,1,7235.0,1,7958.0,1,5677.0,1,0.0,1,6177.0,1,6825.0,4248.8486,4603.178,5230.0
1024,2013-05-08,5930.0,879.0,1.0,0.0,0,0.0,3.0,0.7765239,-0.63008785,0.5,-0.8660254,2,0,0,1,4524.0,1,5230.0,1,5948.0,1,8693.0,1,7205.0,1,6971.0,1,0.0,1,0.0,4358.909,4585.583,-706.0
1024,2013-05-09,0.0,0.0,0.0,0.0,1,0.0,4.0,0.7765239,-0.63008785,0.5,-0.8660254,2,0,0,1,5930.0,1,4524.0,1,0.0,1,0.0,1,5618.0,1,6156.0,1,3939.0,1,5901.0,4987.3457,4884.3423,1406.0
1024,2013-05-10,6659.0,921.0,1.0,0.0,0,1.0,5.0,0.7765239,-0.63008785,0.5,-0.8660254,2,0,0,1,0.0,1,5930.0,1,5230.0,1,7020.0,1,0.0,1,5611.0,1,3929.0,1,6043.0,2992.4072,3798.9329,-5930.0
1024,2013-05-11,6539.0,913.0,1.0,0.0,0,0.0,6.0,0.7765239,-0.63008785,0.5,-0.8660254,2,0,0,1,6659.0,1,0.0,1,4524.0,1,7235.0,1,7958.0,1,5677.0,1,3960.0,1,5931.0,4459.0444,4434.5034,6659.0
1024,2013-05-12,0.0,0.0,0.0,0.0,0,0.0,7.0,0.7765239,-0.63008785,0.5,-0.8660254,2,0,0,1,6539.0,1,6659.0,1,5930.0,1,5948.0,1,8693.0,1,7205.0,1,4153.0,1,6152.0,5291.027,4902.1694,-120.0
1024,2013-05-13,7481.0,907.0,1.0,1.0,0,0.0,1.0,0.696551,-0.71750724,0.5,-0.8660254,2,0,0,1,0.0,1,6539.0,1,0.0,1,0.0,1,0.0,1,5618.0,1,5168.0,1,7485.0,3174.616,3812.7983,-6539.0
1024,2013-05-14,6336.0,786.0,1.0,1.0,0,0.0,2.0,0.696551,-0.71750724,0.5,-0.8660254,2,0,0,1,7481.0,1,0.0,1,6659.0,1,5230.0,1,7020.0,1,0.0,1,5498.0,1,6903.0,4897.1694,4627.954,7481.0
1024,2013-05-15,5612.0,741.0,1.0,1.0,0,0.0,3.0,0.696551,-0.71750724,0.5,-0.8660254,2,0,0,1,6336.0,1,7481.0,1,6539.0,1,4524.0,1,7235.0,1,7958.0,1,0.0,1,0.0,5472.7017,5007.52,-1145.0
1024,2013-05-16,5804.0,785.0,1.0,1.0,0,0.0,4.0,0.696551,-0.71750724,0.5,-0.8660254,2,0,0,1,5612.0,1,6336.0,1,0.0,1,5930.0,1,5948.0,1,8693.0,1,6971.0,1,7748.0,5528.421,5141.8486,-724.0
1024,2013-05-17,5668.0,813.0,1.0,1.0,0,0.0,5.0,0.696551,-0.71750724,0.5,-0.8660254,2,0,0,1,5804.0,1,5612.0,1,7481.0,1,0.0,1,0.0,1,0.0,1,6156.0,1,7057.0,5638.653,5288.9937,192.0
1024,2013-05-18,6328.0,894.0,1.0,0.0,0,0.0,6.0,0.696551,-0.71750724,0.5,-0.8660254,2,0,0,1,5668.0,1,5804.0,1,6336.0,1,6659.0,1,5230.0,1,7020.0,1,5611.0,1,7731.0,5650.3916,5373.2173,-136.0
1024,2013-05-19,0.0,0.0,0.0,0.0,0,0.0,7.0,0.696551,-0.71750724,0.5,-0.8660254,2,0,0,1,6328.0,1,5668.0,1,5612.0,1,6539.0,1,4524.0,1,7235.0,1,5677.0,1,9862.0,5921.435,5585.391,660.0
1024,2013-05-20,0.0,0.0,0.0,0.0,1,0.0,1.0,0.60680014,-0.79485446,0.5,-0.8660254,2,0,0,1,0.0,1,6328.0,1,5804.0,1,0.0,1,5930.0,1,5948.0,1,7205.0,1,0.0,3552.861,4344.1934,-6328.0
1024,2013-05-21,4852.0,723.0,1.0,0.0,0,0.0,2.0,0.60680014,-0.79485446,0.5,-0.8660254,2,0,0,1,0.0,1,0.0,1,5668.0,1,7481.0,1,0.0,1,0.0,1,5618.0,1,11037.0,2131.7166,3378.817,0.0
1024,2013-05-22,4470.0,690.0,1.0,0.0,0,0.0,3.0,0.60680014,-0.79485446,0.5,-0.8660254,2,0,0,1,4852.0,1,0.0,1,6328.0,1,6336.0,1,6659.0,1,5230.0,1,0.0,1,0.0,3219.8298,3706.191,4852.0
1024,2013-05-23,4317.0,666.0,1.0,0.0,0,0.0,4.0,0.60680014,-0.79485446,0.5,-0.8660254,2,0,0,1,4470.0,1,4852.0,1,0.0,1,5612.0,1,6539.0,1,4524.0,1,7958.0,1,0.0,3719.898,3875.9263,-382.0
1024,2013-05-24,5575.0,776.0,1.0,0.0,0,0.0,5.0,0.60680014,-0.79485446,0.5,-0.8660254,2,0,0,1,4317.0,1,4470.0,1,0.0,1,5804.0,1,0.0,1,5930.0,1,8693.0,1,5218.0,3958.7388,3973.9426,-153.0
1024,2013-05-25,6310.0,861.0,1.0,0.0,0,0.0,6.0,0.60680014,-0.79485446,0.5,-0.8660254,2,0,0,1,5575.0,1,4317.0,1,4852.0,1,5668.0,1,7481.0,1,0.0,1,0.0,1,4464.0,4605.243,4329.7334,1258.0
1024,2013-05-26,0.0,0.0,0.0,0.0,0,0.0,7.0,0.60680014,-0.79485446,0.5,-0.8660254,2,0,0,1,6310.0,1,5575.0,1,4470.0,1,6328.0,1,6336.0,1,6659.0,1,7020.0,1,4980.0,5287.146,4769.7925,735.0
1024,2013-05-27,7114.0,885.0,1.0,1.0,0,0.0,1.0,0.5085311,-0.86104363,0.5,-0.8660254,2,0,0,1,0.0,1,6310.0,1,4317.0,1,0.0,1,5612.0,1,6539.0,1,7235.0,1,4754.0,3172.2876,3709.8386,-6310.0
1024,2013-05-28,6078.0,705.0,1.0,1.0,0,0.0,2.0,0.5085311,-0.86104363,0.5,-0.8660254,2,0,0,1,7114.0,1,0.0,1,5575.0,1,0.0,1,5804.0,1,0.0,1,5948.0,1,5183.0,4748.9727,4466.319,7114.0
1024,2013-05-29,6148.0,796.0,1.0,1.0,0,0.0,3.0,0.5085311,-0.86104363,0.5,-0.8660254,2,0,0,1,6078.0,1,7114.0,1,6310.0,1,4852.0,1,5668.0,1,7481.0,1,0.0,1,0.0,5280.5835,4824.47,-1036.0
1024,2013-05-30,6614.0,812.0,1.0,1.0,0,0.0,4.0,0.5085311,-0.86104363,0.5,-0.8660254,2,0,0,1,6148.0,1,6078.0,1,0.0,1,4470.0,1,6328.0,1,6336.0,1,5230.0,1,7786.0,5627.5503,5118.588,70.0
1024,2013-05-31,7794.0,951.0,1.0,1.0,0,0.0,5.0,0.5085311,-0.86104363,0.5,-0.8660254,2,0,1,1,6614.0,1,6148.0,1,7114.0,1,4317.0,1,0.0,1,5612.0,1,4524.0,1,6760.0,6022.13,5450.902,466.0
1024,2013-06-01,5873.0,812.0,1.0,0.0,0,0.0,6.0,0.5085311,-0.86104363,1.2246469e-16,-1.0,2,1,0,1,7794.0,1,6614.0,1,6078.0,1,5575.0,1,0.0,1,5804.0,1,5930.0,1,6133.0,6730.878,5971.5903,1180.0
1024,2013-06-02,0.0,0.0,0.0,0.0,0,0.0,7.0,0.5085311,-0.86104363,1.2246469e-16,-1.0,2,0,0,1,5873.0,1,7794.0,1,6148.0,1,6310.0,1,4852.0,1,5668.0,1,0.0,1,5486.0,6387.727,5949.681,-1921.0
1024,2013-06-03,7160.0,878.0,1.0,1.0,0,0.0,1.0,0.40312344,-0.91514564,1.2246469e-16,-1.0,2,0,0,1,0.0,1,5873.0,1,6614.0,1,0.0,1,4470.0,1,6328.0,1,6659.0,1,6873.0,3832.636,4627.53,-5873.0
1024,2013-06-04,6046.0,749.0,1.0,1.0,0,0.0,2.0,0.40312344,-0.91514564,1.2246469e-16,-1.0,2,0,0,1,7160.0,1,0.0,1,7794.0,1,7114.0,1,4317.0,1,0.0,1,6539.0,1,6177.0,5163.5815,5190.3013,7160.0
1024,2013-06-05,5267.0,681.0,1.0,1.0,0,0.0,3.0,0.40312344,-0.91514564,1.2246469e-16,-1.0,2,0,0,1,6046.0,1,7160.0,1,5873.0,1,6078.0,1,5575.0,1,0.0,1,0.0,1,0.0,5516.549,5380.4565,-1114.0
1024,2013-06-06,5540.0,723.0,1.0,1.0,0,0.0,4.0,0.40312344,-0.91514564,1.2246469e-16,-1.0,2,0,0,1,5267.0,1,6046.0,1,0.0,1,6148.0,1,6310.0,1,4852.0,1,7481.0,1,3939.0,5416.7295,5355.2437,-779.0
1024,2013-06-07,6290.0,848.0,1.0,1.0,0,0.0,5.0,0.40312344,-0.91514564,1.2246469e-16,-1.0,2,0,0,1,5540.0,1,5267.0,1,7160.0,1,6614.0,1,0.0,1,4470.0,1,6336.0,1,3929.0,5466.0376,5396.301,273.0
1024,2013-06-08,5525.0,789.0,1.0,0.0,0,0.0,6.0,0.40312344,-0.91514564,1.2246469e-16,-1.0,2,0,0,1,6290.0,1,5540.0,1,6046.0,1,7794.0,1,7114.0,1,4317.0,1,5612.0,1,3960.0,5795.6226,5594.9004,750.0
1024,2013-06-09,0.0,0.0,0.0,0.0,0,0.0,7.0,0.40312344,-0.91514564,1.2246469e-16,-1.0,2,0,0,1,5525.0,1,6290.0,1,5267.0,1,5873.0,1,6078.0,1,5575.0,1,5804.0,1,4153.0,5687.3735,5579.367,-765.0
1024,2013-06-10,4825.0,698.0,1.0,0.0,0,0.0,1.0,0.29205677,-0.956401,1.2246469e-16,-1.0,2,0,0,1,0.0,1,5525.0,1,5540.0,1,0.0,1,6148.0,1,6310.0,1,5668.0,1,5168.0,3412.424,4339.508,-5525.0
1024,2013-06-11,4151.0,621.0,1.0,0.0,0,0.0,2.0,0.29205677,-0.956401,1.2246469e-16,-1.0,2,0,0,1,4825.0,1,0.0,1,6290.0,1,7160.0,1,6614.0,1,0.0,1,6328.0,1,5498.0,3977.4546,4447.395,4825.0
1024,2013-06-12,4318.0,672.0,1.0,0.0,0,0.0,3.0,0.29205677,-0.956401,1.2246469e-16,-1.0,2,0,0,1,4151.0,1,4825.0,1,5525.0,1,6046.0,1,7794.0,1,7114.0,1,0.0,1,0.0,4046.8728,4381.5293,-674.0
1024,2013-06-13,4542.0,687.0,1.0,0.0,0,0.0,4.0,0.29205677,-0.956401,1.2246469e-16,-1.0,2,0,0,1,4318.0,1,4151.0,1,0.0,1,5267.0,1,5873.0,1,6078.0,1,0.0,1,6971.0,4155.3237,4367.4116,167.0
1024,2013-06-14,5378.0,780.0,1.0,0.0,0,0.0,5.0,0.29205677,-0.956401,1.2246469e-16,-1.0,2,0,0,1,4542.0,1,4318.0,1,4825.0,1,5540.0,1,0.0,1,6148.0,1,4852.0,1,6156.0,4309.994,4406.209,224.0
1024,2013-06-15,5823.0,864.0,1.0,0.0,0,0.0,6.0,0.29205677,-0.956401,1.2246469e-16,-1.0,2,0,0,1,5378.0,1,4542.0,1,4151.0,1,6290.0,1,7160.0,1,6614.0,1,4470.0,1,5611.0,4737.1963,4622.1626,836.0
1024,2013-06-16,0.0,0.0,0.0,0.0,0,0.0,7.0,0.29205677,-0.956401,1.2246469e-16,-1.0,2,0,0,1,5823.0,1,5378.0,1,4318.0,1,5525.0,1,6046.0,1,7794.0,1,4317.0,1,5677.0,5171.518,4889.0156,445.0
1024,2013-06-17,7569.0,882.0,1.0,1.0,0,0.0,1.0,0.17689027,-0.9842306,1.2246469e-16,-1.0,2,0,0,1,0.0,1,5823.0,1,4542.0,1,0.0,1,5267.0,1,5873.0,1,5575.0,1,7205.0,3102.9106,3802.5676,-5823.0
1024,2013-06-18,6027.0,747.0,1.0,1.0,0,0.0,2.0,0.17689027,-0.9842306,1.2246469e-16,-1.0,2,0,0,1,7569.0,1,0.0,1,5378.0,1,4825.0,1,5540.0,1,0.0,1,6310.0,1,5618.0,4889.3467,4639.5527,7569.0
1024,2013-06-19,5552.0,714.0,1.0,1.0,0,0.0,3.0,0.17689027,-0.9842306,1.2246469e-16,-1.0,2,0,0,1,6027.0,1,7569.0,1,5823.0,1,4151.0,1,6290.0,1,7160.0,1,0.0,1,0.0,5344.4077,4947.874,-1542.0
1024,2013-06-20,6243.0,779.0,1.0,1.0,0,0.0,4.0,0.17689027,-0.9842306,1.2246469e-16,-1.0,2,0,0,1,5552.0,1,6027.0,1,0.0,1,4318.0,1,5525.0,1,6046.0,1,7114.0,1,7958.0,5427.445,5082.1245,-475.0
1024,2013-06-21,7217.0,850.0,1.0,1.0,0,0.0,5.0,0.17689027,-0.9842306,1.2246469e-16,-1.0,2,0,0,1,6243.0,1,5552.0,1,7569.0,1,4542.0,1,0.0,1,5267.0,1,6078.0,1,8693.0,5753.667,5340.0967,691.0
1024,2013-06-22,5579.0,798.0,1.0,0.0,0,0.0,6.0,0.17689027,-0.9842306,1.2246469e-16,-1.0,2,0,0,1,7217.0,1,6243.0,1,6027.0,1,5378.0,1,4825.0,1,5540.0,1,6148.0,1,0.0,6339.0,5757.1865,974.0
1024,2013-06-23,0.0,0.0,0.0,0.0,0,0.0,7.0,0.17689027,-0.9842306,1.2246469e-16,-1.0,2,0,0,1,5579.0,1,7217.0,1,5552.0,1,5823.0,1,4151.0,1,6290.0,1,6614.0,1,7020.0,6035.0,5717.5894,-1638.0
1024,2013-06-24,4984.0,701.0,1.0,0.0,0,1.0,1.0,0.059240628,-0.99824375,1.2246469e-16,-1.0,2,0,0,1,0.0,1,5579.0,1,6243.0,1,0.0,1,4318.0,1,5525.0,1,7794.0,1,7235.0,3621.0,4447.014,-5579.0
1024,2013-06-25,4249.0,599.0,1.0,0.0,0,1.0,2.0,0.059240628,-0.99824375,1.2246469e-16,-1.0,2,0,0,1,4984.0,1,0.0,1,7217.0,1,7569.0,1,4542.0,1,0.0,1,5873.0,1,5948.0,4166.2,4566.344,4984.0
1024,2013-06-26,4319.0,623.0,1.0,0.0,0,1.0,3.0,0.059240628,-0.99824375,1.2246469e-16,-1.0,2,0,0,1,4249.0,1,4984.0,1,5579.0,1,6027.0,1,5378.0,1,4825.0,1,0.0,1,0.0,4199.32,4495.823,-735.0
1024,2013-06-27,4949.0,673.0,1.0,0.0,0,1.0,4.0,0.059240628,-0.99824375,1.2246469e-16,-1.0,2,0,0,1,4319.0,1,4249.0,1,0.0,1,5552.0,1,5823.0,1,4151.0,1,7160.0,1,5230.0,4247.192,4456.5293,70.0
1024,2013-06-28,6902.0,843.0,1.0,0.0,0,1.0,5.0,0.059240628,-0.99824375,1.2246469e-16,-1.0,2,0,0,1,4949.0,1,4319.0,1,4984.0,1,6243.0,1,0.0,1,4318.0,1,6046.0,1,4524.0,4527.915,4565.9673,630.0
1024,2013-06-29,6815.0,837.0,1.0,0.0,0,0.0,6.0,0.059240628,-0.99824375,1.2246469e-16,-1.0,2,0,0,1,6902.0,1,4949.0,1,4249.0,1,7217.0,1,7569.0,1,4542.0,1,5267.0,1,5930.0,5477.5493,5085.0854,1953.0
1024,2013-06-30,0.0,0.0,0.0,0.0,0,0.0,7.0,0.059240628,-0.99824375,1.2246469e-16,-1.0,2,0,1,1,6815.0,1,6902.0,1,4319.0,1,5579.0,1,6027.0,1,5378.0,1,5540.0,1,0.0,6012.5293,5469.511,-87.0
1024,2013-07-01,9509.0,979.0,1.0,1.0,0,1.0,1.0,-0.059240628,-0.99824375,-0.5,-0.8660254,3,1,0,1,0.0,1,6815.0,1,4949.0,1,0.0,1,5552.0,1,5823.0,1,6290.0,1,6659.0,3607.5176,4254.064,-6815.0
1024,2013-07-02,6830.0,807.0,1.0,1.0,0,1.0,2.0,-0.059240628,-0.99824375,-0.5,-0.8660254,3,0,0,1,9509.0,1,0.0,1,6902.0,1,4984.0,1,6243.0,1,0.0,1,5525.0,1,6539.0,5968.111,5421.8276,9509.0
1024,2013-07-03,6464.0,791.0,1.0,1.0,0,1.0,3.0,-0.059240628,-0.99824375,-0.5,-0.8660254,3,0,0,1,6830.0,1,9509.0,1,6815.0,1,4249.0,1,7217.0,1,7569.0,1,0.0,1,0.0,6312.866,5734.755,-2679.0
1024,2013-07-04,6432.0,812.0,1.0,1.0,0,1.0,4.0,-0.059240628,-0.99824375,-0.5,-0.8660254,3,0,0,1,6464.0,1,6830.0,1,0.0,1,4319.0,1,5579.0,1,6027.0,1,4825.0,1,7481.0,6373.32,5896.809,-366.0
1024,2013-07-05,7021.0,902.0,1.0,1.0,0,1.0,5.0,-0.059240628,-0.99824375,-0.5,-0.8660254,3,0,0,1,6432.0,1,6464.0,1,9509.0,1,4949.0,1,0.0,1,5552.0,1,4151.0,1,6336.0,6396.792,6015.7407,-32.0
1024,2013-07-06,5827.0,791.0,1.0,0.0,0,0.0,6.0,-0.059240628,-0.99824375,-0.5,-0.8660254,3,0,0,1,7021.0,1,6432.0,1,6830.0,1,6902.0,1,4984.0,1,6243.0,1,4318.0,1,5612.0,6646.475,6239.1313,589.0
1024,2013-07-07,0.0,0.0,0.0,0.0,0,0.0,7.0,-0.059240628,-0.99824375,-0.5,-0.8660254,3,0,0,1,5827.0,1,7021.0,1,6464.0,1,6815.0,1,4249.0,1,7217.0,1,4542.0,1,5804.0,6318.685,6147.547,-1194.0
1024,2013-07-08,4615.0,680.0,1.0,0.0,0,1.0,1.0,-0.17689027,-0.9842306,-0.5,-0.8660254,3,0,0,1,0.0,1,5827.0,1,6432.0,1,0.0,1,4319.0,1,5579.0,1,5378.0,1,5668.0,3791.211,4781.4253,-5827.0
1024,2013-07-09,3883.0,601.0,1.0,0.0,0,1.0,2.0,-0.17689027,-0.9842306,-0.5,-0.8660254,3,0,0,1,4615.0,1,0.0,1,7021.0,1,9509.0,1,4949.0,1,0.0,1,5823.0,1,6328.0,4120.7266,4744.442,4615.0
1024,2013-07-10,4436.0,664.0,1.0,0.0,0,1.0,3.0,-0.17689027,-0.9842306,-0.5,-0.8660254,3,0,0,1,3883.0,1,4615.0,1,5827.0,1,6830.0,1,6902.0,1,4984.0,1,0.0,1,0.0,4025.636,4553.0103,-732.0
1024,2013-07-11,4649.0,625.0,1.0,0.0,0,1.0,4.0,-0.17689027,-0.9842306,-0.5,-0.8660254,3,0,0,1,4436.0,1,3883.0,1,0.0,1,6464.0,1,6815.0,1,4249.0,1,7569.0,1,0.0,4189.7817,4527.008,553.0
1024,2013-07-12,5330.0,742.0,1.0,0.0,0,1.0,5.0,-0.17689027,-0.9842306,-0.5,-0.8660254,3,0,0,1,4649.0,1,4436.0,1,4615.0,1,6432.0,1,0.0,1,4319.0,1,6027.0,1,4852.0,4373.4688,4554.117,213.0
1024,2013-07-13,5616.0,794.0,1.0,0.0,0,0.0,6.0,-0.17689027,-0.9842306,-0.5,-0.8660254,3,0,0,1,5330.0,1,4649.0,1,3883.0,1,7021.0,1,9509.0,1,4949.0,1,5552.0,1,4470.0,4756.0815,4726.5356,681.0
1024,2013-07-14,0.0,0.0,0.0,0.0,0,0.0,7.0,-0.17689027,-0.9842306,-0.5,-0.8660254,3,0,0,1,5616.0,1,5330.0,1,4436.0,1,5827.0,1,6830.0,1,6902.0,1,6243.0,1,4317.0,5100.049,4924.1943,286.0
1024,2013-07-15,8779.0,970.0,1.0,1.0,0,1.0,1.0,-0.29205677,-0.956401,-0.5,-0.8660254,3,0,0,1,0.0,1,5616.0,1,4649.0,1,0.0,1,6464.0,1,6815.0,1,7217.0,1,5575.0,3060.0293,3829.929,-5616.0
1024,2013-07-16,6242.0,737.0,1.0,1.0,0,1.0,2.0,-0.29205677,-0.956401,-0.5,-0.8660254,3,0,0,1,8779.0,1,0.0,1,5330.0,1,4615.0,1,6432.0,1,0.0,1,5579.0,1,6310.0,5347.6177,4929.7227,8779.0
1024,2013-07-17,6176.0,737.0,1.0,1.0,0,1.0,3.0,-0.29205677,-0.956401,-0.5,-0.8660254,3,0,0,1,6242.0,1,8779.0,1,5616.0,1,3883.0,1,7021.0,1,9509.0,1,0.0,1,0.0,5705.3706,5221.34,-2537.0
1024,2013-07-18,5726.0,705.0,1.0,1.0,0,1.0,4.0,-0.29205677,-0.956401,-0.5,-0.8660254,3,0,0,1,6176.0,1,6242.0,1,0.0,1,4436.0,1,5827.0,1,6830.0,1,4984.0,1,7114.0,5893.6226,5433.4863,-66.0
1024,2013-07-19,7185.0,888.0,1.0,1.0,0,1.0,5.0,-0.29205677,-0.956401,-0.5,-0.8660254,3,0,0,1,5726.0,1,6176.0,1,8779.0,1,4649.0,1,0.0,1,6464.0,1,4249.0,1,6078.0,5826.573,5498.4893,-450.0
1024,2013-07-20,5397.0,721.0,1.0,0.0,0,0.0,6.0,-0.29205677,-0.956401,-0.5,-0.8660254,3,0,0,1,7185.0,1,5726.0,1,6242.0,1,5330.0,1,4615.0,1,6432.0,1,4319.0,1,6148.0,6369.944,5873.2695,1459.0
1024,2013-07-21,0.0,0.0,0.0,0.0,0,0.0,7.0,-0.29205677,-0.956401,-0.5,-0.8660254,3,0,0,1,5397.0,1,7185.0,1,6176.0,1,5616.0,1,3883.0,1,7021.0,1,4949.0,1,6614.0,5980.7666,5767.432,-1788.0
1024,2013-07-22,4256.0,620.0,1.0,0.0,0,1.0,1.0,-0.40312344,-0.91514564,-0.5,-0.8660254,3,0,0,1,0.0,1,5397.0,1,5726.0,1,0.0,1,4436.0,1,5827.0,1,6902.0,1,7794.0,3588.46,4485.7803,-5397.0
1024,2013-07-23,3745.0,555.0,1.0,0.0,0,1.0,2.0,-0.40312344,-0.91514564,-0.5,-0.8660254,3,0,0,1,4256.0,1,0.0,1,7185.0,1,8779.0,1,4649.0,1,0.0,1,6815.0,1,5873.0,3855.4758,4434.7183,4256.0
1024,2013-07-24,4569.0,628.0,1.0,0.0,0,1.0,3.0,-0.40312344,-0.91514564,-0.5,-0.8660254,3,0,0,1,3745.0,1,4256.0,1,5397.0,1,6242.0,1,5330.0,1,4615.0,1,0.0,1,0.0,3811.2856,4281.4473,-511.0
1024,2013-07-25,4405.0,638.0,1.0,0.0,0,1.0,4.0,-0.40312344,-0.91514564,-0.5,-0.8660254,3,0,0,1,4569.0,1,3745.0,1,0.0,1,6176.0,1,5616.0,1,3883.0,1,9509.0,1,7160.0,4114.371,4345.348,824.0
1024,2013-07-26,4944.0,724.0,1.0,0.0,0,1.0,5.0,-0.40312344,-0.91514564,-0.5,-0.8660254,3,0,0,1,4405.0,1,4569.0,1,4256.0,1,5726.0,1,0.0,1,4436.0,1,6830.0,1,6046.0,4230.6226,4358.604,-164.0
1024,2013-07-27,5353.0,736.0,1.0,0.0,0,0.0,6.0,-0.40312344,-0.91514564,-0.5,-0.8660254,3,0,0,1,4944.0,1,4405.0,1,3745.0,1,7185.0,1,8779.0,1,4649.0,1,6464.0,1,5267.0,4515.9736,4488.692,539.0
1024,2013-07-28,0.0,0.0,0.0,0.0,0,0.0,7.0,-0.40312344,-0.91514564,-0.5,-0.8660254,3,0,0,1,5353.0,1,4944.0,1,4569.0,1,5397.0,1,6242.0,1,5330.0,1,6432.0,1,5540.0,4850.784,4680.7603,409.0
1024,2013-07-29,9118.0,959.0,1.0,1.0,0,1.0,1.0,-0.5085311,-0.86104363,-0.5,-0.8660254,3,0,0,1,0.0,1,5353.0,1,4405.0,1,0.0,1,6176.0,1,5616.0,1,7021.0,1,6290.0,2910.4705,3640.5916,-5353.0
1024,2013-07-30,8446.0,894.0,1.0,1.0,0,1.0,2.0,-0.5085311,-0.86104363,-0.5,-0.8660254,3,0,0,1,9118.0,1,0.0,1,4944.0,1,4256.0,1,5726.0,1,0.0,1,5827.0,1,5525.0,5393.4824,4857.7935,9118.0
1024,2013-07-31,7767.0,869.0,1.0,1.0,0,1.0,3.0,-0.5085311,-0.86104363,-0.5,-0.8660254,3,0,1,1,8446.0,1,9118.0,1,5353.0,1,3745.0,1,7185.0,1,8779.0,1,0.0,1,0.0,6614.4893,5655.1724,-672.0
1024,2013-08-01,7772.0,878.0,1.0,1.0,0,1.0,4.0,-0.5085311,-0.86104363,-0.8660254,-0.5,3,1,0,1,7767.0,1,8446.0,1,0.0,1,4569.0,1,5397.0,1,6242.0,1,4615.0,1,4825.0,7075.4937,6124.468,-679.0
1024,2013-08-02,7399.0,914.0,1.0,1.0,0,1.0,5.0,-0.5085311,-0.86104363,-0.8660254,-0.5,3,0,0,1,7772.0,1,7767.0,1,9118.0,1,4405.0,1,0.0,1,6176.0,1,3883.0,1,4151.0,7354.096,6490.586,5.0
1024,2013-08-03,8305.0,992.0,1.0,0.0,0,0.0,6.0,-0.5085311,-0.86104363,-0.8660254,-0.5,3,0,0,1,7399.0,1,7772.0,1,8446.0,1,4944.0,1,4256.0,1,5726.0,1,4436.0,1,4318.0,7372.0576,6692.4556,-373.0
1024,2013-08-04,0.0,0.0,0.0,0.0,0,0.0,7.0,-0.5085311,-0.86104363,-0.8660254,-0.5,3,0,0,1,8305.0,1,7399.0,1,7767.0,1,5353.0,1,3745.0,1,7185.0,1,4649.0,1,4542.0,7745.235,7050.799,906.0
1024,2013-08-05,8065.0,1028.0,1.0,0.0,0,0.0,1.0,-0.60680014,-0.79485446,-0.8660254,-0.5,3,0,0,1,0.0,1,8305.0,1,7772.0,1,0.0,1,4569.0,1,5397.0,1,5330.0,1,5378.0,4647.1406,5483.9546,-8305.0
1024,2013-08-06,6889.0,942.0,1.0,0.0,0,0.0,2.0,-0.60680014,-0.79485446,-0.8660254,-0.5,3,0,0,1,8065.0,1,0.0,1,7399.0,1,9118.0,1,4405.0,1,0.0,1,5616.0,1,5823.0,6014.2847,6057.5205,8065.0
1024,2013-08-07,6131.0,830.0,1.0,0.0,0,0.0,3.0,-0.60680014,-0.79485446,-0.8660254,-0.5,3,0,0,1,6889.0,1,8065.0,1,8305.0,1,8446.0,1,4944.0,1,4256.0,1,0.0,1,0.0,6364.171,6242.2935,-1176.0
1024,2013-08-08,5777.0,843.0,1.0,0.0,0,0.0,4.0,-0.60680014,-0.79485446,-0.8660254,-0.5,3,0,0,1,6131.0,1,6889.0,1,0.0,1,7767.0,1,5353.0,1,3745.0,1,8779.0,1,7569.0,6270.9023,6217.5615,-758.0
1024,2013-08-09,5982.0,839.0,1.0,0.0,0,0.0,5.0,-0.60680014,-0.79485446,-0.8660254,-0.5,3,0,0,1,5777.0,1,6131.0,1,8065.0,1,7772.0,1,0.0,1,4569.0,1,6242.0,1,6027.0,6073.3413,6119.659,-354.0
1024,2013-08-10,6732.0,943.0,1.0,0.0,0,0.0,6.0,-0.60680014,-0.79485446,-0.8660254,-0.5,3,0,0,1,5982.0,1,5777.0,1,6889.0,1,7399.0,1,9118.0,1,4405.0,1,6176.0,1,5552.0,6036.8047,6089.0684,205.0
1024,2013-08-11,0.0,0.0,0.0,0.0,0,0.0,7.0,-0.60680014,-0.79485446,-0.8660254,-0.5,3,0,0,1,6732.0,1,5982.0,1,6131.0,1,8305.0,1,8446.0,1,4944.0,1,5726.0,1,6243.0,6314.883,6231.942,750.0
1024,2013-08-12,8317.0,990.0,1.0,1.0,0,0.0,1.0,-0.696551,-0.71750724,-0.8660254,-0.5,3,0,0,1,0.0,1,6732.0,1,5777.0,1,0.0,1,7767.0,1,5353.0,1,7185.0,1,7217.0,3788.9297,4847.066,-6732.0
1024,2013-08-13,7548.0,931.0,1.0,1.0,0,0.0,2.0,-0.696551,-0.71750724,-0.8660254,-0.5,3,0,0,1,8317.0,1,0.0,1,5982.0,1,8065.0,1,7772.0,1,0.0,1,5397.0,1,5579.0,5600.1577,5618.1626,8317.0
1024,2013-08-14,6291.0,844.0,1.0,1.0,0,0.0,3.0,-0.696551,-0.71750724,-0.8660254,-0.5,3,0,0,1,7548.0,1,8317.0,1,6732.0,1,6889.0,1,7399.0,1,9118.0,1,0.0,1,0.0,6379.295,6047.015,-769.0
1024,2013-08-15,6379.0,804.0,1.0,1.0,0,0.0,4.0,-0.696551,-0.71750724,-0.8660254,-0.5,3,0,0,1,6291.0,1,7548.0,1,0.0,1,6131.0,1,8305.0,1,8446.0,1,4256.0,1,4984.0,6343.977,6101.234,-1257.0
1024,2013-08-16,6800.0,901.0,1.0,1.0,0,0.0,5.0,-0.696551,-0.71750724,-0.8660254,-0.5,3,0,0,1,6379.0,1,6291.0,1,8317.0,1,5777.0,1,0.0,1,7767.0,1,3745.0,1,4249.0,6357.9863,6162.96,88.0
1024,2013-08-17,5752.0,871.0,1.0,0.0,0,0.0,6.0,-0.696551,-0.71750724,-0.8660254,-0.5,3,0,0,1,6800.0,1,6379.0,1,7548.0,1,5982.0,1,8065.0,1,7772.0,1,4569.0,1,4319.0,6534.7915,6304.5244,421.0
1024,2013-08-18,0.0,0.0,0.0,0.0,0,0.0,7.0,-0.696551,-0.71750724,-0.8660254,-0.5,3,0,0,1,5752.0,1,6800.0,1,6291.0,1,6732.0,1,6889.0,1,7399.0,1,4405.0,1,4949.0,6221.675,6181.741,-1048.0
1024,2013-08-19,5194.0,744.0,1.0,0.0,0,0.0,1.0,-0.7765239,-0.63008785,-0.8660254,-0.5,3,0,0,1,0.0,1,5752.0,1,6379.0,1,0.0,1,6131.0,1,8305.0,1,4944.0,1,6902.0,3733.005,4808.021,-5752.0
1024,2013-08-20,4356.0,635.0,1.0,0.0,0,0.0,2.0,-0.7765239,-0.63008785,-0.8660254,-0.5,3,0,0,1,5194.0,1,0.0,1,6800.0,1,8317.0,1,5777.0,1,0.0,1,5353.0,1,6815.0,4317.403,4893.794,5194.0
1024,2013-08-21,4221.0,657.0,1.0,0.0,0,0.0,3.0,-0.7765239,-0.63008785,-0.8660254,-0.5,3,0,0,1,4356.0,1,5194.0,1,5752.0,1,7548.0,1,5982.0,1,8065.0,1,0.0,1,0.0,4332.842,4774.284,-838.0
1024,2013-08-22,3972.0,631.0,1.0,0.0,0,0.0,4.0,-0.7765239,-0.63008785,-0.8660254,-0.5,3,0,0,1,4221.0,1,4356.0,1,0.0,1,6291.0,1,6732.0,1,6889.0,1,9118.0,1,9509.0,4288.105,4651.332,-135.0
1024,2013-08-23,4461.0,705.0,1.0,0.0,0,0.0,5.0,-0.7765239,-0.63008785,-0.8660254,-0.5,3,0,0,1,3972.0,1,4221.0,1,5194.0,1,6379.0,1,0.0,1,6131.0,1,8446.0,1,6830.0,4161.663,4500.3696,-249.0
1024,2013-08-24,5363.0,772.0,1.0,0.0,0,0.0,6.0,-0.7765239,-0.63008785,-0.8660254,-0.5,3,0,0,1,4461.0,1,3972.0,1,4356.0,1,6800.0,1,8317.0,1,5777.0,1,7767.0,1,6464.0,4281.398,4491.6206,489.0
1024,2013-08-25,0.0,0.0,0.0,0.0,0,0.0,7.0,-0.7765239,-0.63008785,-0.8660254,-0.5,3,0,0,1,5363.0,1,4461.0,1,4221.0,1,5752.0,1,7548.0,1,5982.0,1,7772.0,1,6432.0,4714.0386,4685.2607,902.0
1024,2013-08-26,7728.0,903.0,1.0,1.0,0,0.0,1.0,-0.845596,-0.5338234,-0.8660254,-0.5,3,0,0,1,0.0,1,5363.0,1,3972.0,1,0.0,1,6291.0,1,6732.0,1,7399.0,1,7021.0,2828.4233,3644.0916,-5363.0
1024,2013-08-27,6251.0,762.0,1.0,1.0,0,0.0,2.0,-0.845596,-0.5338234,-0.8660254,-0.5,3,0,0,1,7728.0,1,0.0,1,4461.0,1,5194.0,1,6379.0,1,0.0,1,8305.0,1,5827.0,4788.254,4551.627,7728.0
1024,2013-08-28,6106.0,741.0,1.0,1.0,0,0.0,3.0,-0.845596,-0.5338234,-0.8660254,-0.5,3,0,0,1,6251.0,1,7728.0,1,5363.0,1,4356.0,1,6800.0,1,8317.0,1,0.0,1,0.0,5373.3525,4929.265,-1477.0
1024,2013-08-29,6384.0,768.0,1.0,1.0,0,0.0,4.0,-0.845596,-0.5338234,-0.8660254,-0.5,3,0,0,1,6106.0,1,6251.0,1,0.0,1,4221.0,1,5752.0,1,7548.0,1,8065.0,1,4615.0,5666.4116,5190.7617,-145.0
1024,2013-08-30,7926.0,968.0,1.0,1.0,0,0.0,5.0,-0.845596,-0.5338234,-0.8660254,-0.5,3,0,0,1,6384.0,1,6106.0,1,7728.0,1,3972.0,1,0.0,1,6291.0,1,6889.0,1,3883.0,5953.447,5455.926,278.0
1024,2013-08-31,6910.0,907.0,1.0,0.0,0,0.0,6.0,-0.845596,-0.5338234,-0.8660254,-0.5,3,0,1,1,7926.0,1,6384.0,1,6251.0,1,4461.0,1,5194.0,1,6379.0,1,6131.0,1,4436.0,6742.4683,6004.831,1542.0
1024,2013-09-01,0.0,0.0,0.0,0.0,0,0.0,7.0,-0.845596,-0.5338234,-1.0,-1.8369701e-16,3,1,0,1,6910.0,1,7926.0,1,6106.0,1,5363.0,1,4356.0,1,6800.0,1,5777.0,1,4649.0,6809.481,6205.98,-1016.0
1024,2013-09-02,5380.0,766.0,1.0,0.0,0,0.0,1.0,-0.9027978,-0.4300652,-1.0,-1.8369701e-16,3,0,0,1,0.0,1,6910.0,1,6384.0,1,0.0,1,4221.0,1,5752.0,1,5982.0,1,5330.0,4085.6885,4826.873,-6910.0
1024,2013-09-03,4790.0,717.0,1.0,0.0,0,0.0,2.0,-0.9027978,-0.4300652,-1.0,-1.8369701e-16,3,0,0,1,5380.0,1,0.0,1,7926.0,1,7728.0,1,3972.0,1,0.0,1,6732.0,1,5616.0,4603.413,4949.7905,5380.0
1024,2013-09-04,4672.0,676.0,1.0,0.0,0,0.0,3.0,-0.9027978,-0.4300652,-1.0,-1.8369701e-16,3,0,0,1,4790.0,1,5380.0,1,6910.0,1,6251.0,1,4461.0,1,5194.0,1,0.0,1,0.0,4678.048,4914.2812,-590.0
1024,2013-09-05,3884.0,628.0,1.0,0.0,0,0.0,4.0,-0.9027978,-0.4300652,-1.0,-1.8369701e-16,3,0,0,1,4672.0,1,4790.0,1,0.0,1,6106.0,1,5363.0,1,4356.0,1,8317.0,1,8779.0,4675.629,4860.441,-118.0
1024,2013-09-06,4594.0,661.0,1.0,0.0,0,0.0,5.0,-0.9027978,-0.4300652,-1.0,-1.8369701e-16,3,0,0,1,3884.0,1,4672.0,1,5380.0,1,6384.0,1,0.0,1,4221.0,1,7548.0,1,6242.0,4358.977,4643.454,-788.0
1024,2013-09-07,5359.0,764.0,1.0,0.0,0,0.0,6.0,-0.9027978,-0.4300652,-1.0,-1.8369701e-16,3,0,0,1,4594.0,1,3884.0,1,4790.0,1,7926.0,1,7728.0,1,3972.0,1,6291.0,1,6176.0,4452.9863,4632.4644,710.0
1024,2013-09-08,0.0,0.0,0.0,0.0,0,0.0,7.0,-0.9027978,-0.4300652,-1.0,-1.8369701e-16,3,0,0,1,5359.0,1,4594.0,1,4672.0,1,6910.0,1,6251.0,1,4461.0,1,6379.0,1,5726.0,4815.3916,4793.9165,765.0
1024,2013-09-09,8726.0,952.0,1.0,1.0,0,0.0,1.0,-0.94732636,-0.32026985,-1.0,-1.8369701e-16,3,0,0,1,0.0,1,5359.0,1,3884.0,1,0.0,1,6106.0,1,5363.0,1,6800.0,1,7185.0,2889.235,3728.6018,-5359.0
1024,2013-09-10,7177.0,813.0,1.0,1.0,0,0.0,2.0,-0.94732636,-0.32026985,-1.0,-1.8369701e-16,3,0,0,1,8726.0,1,0.0,1,4594.0,1,5380.0,1,6384.0,1,0.0,1,5752.0,1,5397.0,5223.941,4839.135,8726.0
1024,2013-09-11,6396.0,771.0,1.0,1.0,0,0.0,3.0,-0.94732636,-0.32026985,-1.0,-1.8369701e-16,3,0,0,1,7177.0,1,8726.0,1,5359.0,1,4790.0,1,7926.0,1,7728.0,1,0.0,1,0.0,6005.1646,5358.66,-1549.0
1024,2013-09-12,6277.0,793.0,1.0,1.0,0,0.0,4.0,-0.94732636,-0.32026985,-1.0,-1.8369701e-16,3,0,0,1,6396.0,1,7177.0,1,0.0,1,4672.0,1,6910.0,1,6251.0,1,5194.0,1,4256.0,6161.4985,5589.18,-781.0
1024,2013-09-13,6570.0,858.0,1.0,1.0,0,0.0,5.0,-0.94732636,-0.32026985,-1.0,-1.8369701e-16,3,0,0,1,6277.0,1,6396.0,1,8726.0,1,3884.0,1,0.0,1,6106.0,1,4356.0,1,3745.0,6207.699,5742.0293,-119.0
1024,2013-09-14,6056.0,831.0,1.0,0.0,0,0.0,6.0,-0.94732636,-0.32026985,-1.0,-1.8369701e-16,3,0,0,1,6570.0,1,6277.0,1,7177.0,1,4594.0,1,5380.0,1,6384.0,1,4221.0,1,4569.0,6352.6196,5926.0225,293.0
1024,2013-09-15,0.0,0.0,0.0,0.0,0,0.0,7.0,-0.94732636,-0.32026985,-1.0,-1.8369701e-16,3,0,0,1,6056.0,1,6570.0,1,6396.0,1,5359.0,1,4790.0,1,7926.0,1,3972.0,1,4405.0,6233.9717,5954.9067,-514.0
1024,2013-09-16,5138.0,759.0,1.0,0.0,0,0.0,1.0,-0.9785565,-0.20597862,-1.0,-1.8369701e-16,3,0,0,1,0.0,1,6056.0,1,6277.0,1,0.0,1,4672.0,1,6910.0,1,4461.0,1,4944.0,3740.383,4631.5938,-6056.0
1024,2013-09-17,4279.0,635.0,1.0,0.0,0,0.0,2.0,-0.9785565,-0.20597862,-1.0,-1.8369701e-16,3,0,0,1,5138.0,1,0.0,1,6570.0,1,8726.0,1,3884.0,1,0.0,1,5363.0,1,5353.0,4299.4297,4744.1284,5138.0
1024,2013-09-18,4103.0,650.0,1.0,0.0,0,0.0,3.0,-0.9785565,-0.20597862,-1.0,-1.8369701e-16,3,0,0,1,4279.0,1,5138.0,1,6056.0,1,7177.0,1,4594.0,1,5380.0,1,0.0,1,0.0,4291.258,4640.7666,-859.0
1024,2013-09-19,3929.0,622.0,1.0,0.0,0,0.0,4.0,-0.9785565,-0.20597862,-1.0,-1.8369701e-16,3,0,0,1,4103.0,1,4279.0,1,0.0,1,6396.0,1,5359.0,1,4790.0,1,7728.0,1,9118.0,4215.9546,4521.263,-176.0
1024,2013-09-20,5187.0,734.0,1.0,0.0,0,0.0,5.0,-0.9785565,-0.20597862,-1.0,-1.8369701e-16,3,0,0,1,3929.0,1,4103.0,1,5138.0,1,6277.0,1,0.0,1,4672.0,1,6251.0,1,8446.0,4101.173,4389.649,-174.0
1024,2013-09-21,5826.0,851.0,1.0,0.0,0,0.0,6.0,-0.9785565,-0.20597862,-1.0,-1.8369701e-16,3,0,0,1,5187.0,1,3929.0,1,4279.0,1,6570.0,1,8726.0,1,3884.0,1,6106.0,1,7767.0,4535.504,4566.838,1258.0
1024,2013-09-22,0.0,0.0,0.0,0.0,0,0.0,7.0,-0.9785565,-0.20597862,-1.0,-1.8369701e-16,3,0,0,1,5826.0,1,5187.0,1,4103.0,1,6056.0,1,7177.0,1,4594.0,1,6384.0,1,7772.0,5051.702,4846.652,639.0
1024,2013-09-23,7527.0,903.0,1.0,1.0,0,0.0,1.0,-0.9960498,-0.08879589,-1.0,-1.8369701e-16,3,0,0,1,0.0,1,5826.0,1,3929.0,1,0.0,1,6396.0,1,5359.0,1,7926.0,1,7399.0,3031.0212,3769.6182,-5826.0
1024,2013-09-24,5496.0,699.0,1.0,1.0,0,0.0,2.0,-0.9960498,-0.08879589,-1.0,-1.8369701e-16,3,0,0,1,7527.0,1,0.0,1,5187.0,1,5138.0,1,6277.0,1,0.0,1,6910.0,1,8305.0,4829.4126,4604.592,7527.0
1024,2013-09-25,5350.0,706.0,1.0,1.0,0,0.0,3.0,-0.9960498,-0.08879589,-1.0,-1.8369701e-16,3,0,0,1,5496.0,1,7527.0,1,5826.0,1,4279.0,1,6570.0,1,8726.0,1,0.0,1,0.0,5096.048,4802.6826,-2031.0
1024,2013-09-26,6122.0,801.0,1.0,1.0,0,0.0,4.0,-0.9960498,-0.08879589,-1.0,-1.8369701e-16,3,0,0,1,5350.0,1,5496.0,1,0.0,1,4103.0,1,6056.0,1,7177.0,1,5380.0,1,8065.0,5197.6284,4924.3086,-146.0
1024,2013-09-27,8740.0,905.0,1.0,1.0,0,0.0,5.0,-0.9960498,-0.08879589,-1.0,-1.8369701e-16,3,0,0,1,6122.0,1,5350.0,1,7527.0,1,3929.0,1,0.0,1,6396.0,1,4790.0,1,6889.0,5567.377,5190.4624,772.0
1024,2013-09-28,6601.0,818.0,1.0,0.0,0,0.0,6.0,-0.9960498,-0.08879589,-1.0,-1.8369701e-16,3,0,0,1,8740.0,1,6122.0,1,5496.0,1,5187.0,1,5138.0,1,6277.0,1,4672.0,1,6131.0,6836.4263,5979.2485,2618.0
1024,2013-09-29,0.0,0.0,0.0,0.0,0,0.0,7.0,-0.9960498,-0.08879589,-1.0,-1.8369701e-16,3,0,0,1,6601.0,1,8740.0,1,5350.0,1,5826.0,1,4279.0,1,6570.0,1,3884.0,1,5777.0,6742.256,6117.4155,-2139.0
1024,2013-09-30,5851.0,797.0,1.0,0.0,0,0.0,1.0,-0.99956083,0.029633328,-1.0,-1.8369701e-16,3,0,1,1,0.0,1,6601.0,1,6122.0,1,0.0,1,4103.0,1,6056.0,1,4594.0,1,5982.0,4045.3535,4757.9897,-6601.0
1024,2013-10-01,4973.0,689.0,1.0,0.0,0,0.0,2.0,-0.99956083,0.029633328,-0.8660254,0.5,4,1,0,1,5851.0,1,0.0,1,8740.0,1,7527.0,1,3929.0,1,0.0,1,5359.0,1,6732.0,4767.6123,5000.881,5851.0
1024,2013-10-02,5290.0,787.0,1.0,0.0,0,0.0,3.0,-0.99956083,0.029633328,-0.8660254,0.5,4,0,0,1,4973.0,1,5851.0,1,6601.0,1,5496.0,1,5187.0,1,5138.0,1,0.0,1,0.0,4849.767,4994.685,-878.0
1024,2013-10-03,0.0,0.0,0.0,0.0,1,0.0,4.0,-0.99956083,0.029633328,-0.8660254,0.5,4,0,0,1,5290.0,1,4973.0,1,0.0,1,5350.0,1,5826.0,1,4279.0,1,8726.0,1,8317.0,5025.8604,5060.3105,317.0
1024,2013-10-04,6618.0,857.0,1.0,0.0,0,1.0,5.0,-0.99956083,0.029633328,-0.8660254,0.5,4,0,0,1,0.0,1,5290.0,1,5851.0,1,6122.0,1,0.0,1,4103.0,1,7177.0,1,7548.0,3015.516,3935.797,-5290.0
1024,2013-10-05,5950.0,804.0,1.0,0.0,0,0.0,6.0,-0.99956083,0.029633328,-0.8660254,0.5,4,0,0,1,6618.0,1,0.0,1,4973.0,1,8740.0,1,7527.0,1,3929.0,1,6396.0,1,6291.0,4456.51,4531.8423,6618.0
1024,2013-10-06,0.0,0.0,0.0,0.0,0,0.0,7.0,-0.99956083,0.029633328,-0.8660254,0.5,4,0,0,1,5950.0,1,6618.0,1,5290.0,1,6601.0,1,5496.0,1,5187.0,1,6277.0,1,6379.0,5053.906,4846.9883,-668.0
1024,2013-10-07,6494.0,786.0,1.0,1.0,0,1.0,1.0,-0.9890402,0.14764656,-0.8660254,0.5,4,0,0,1,0.0,1,5950.0,1,0.0,1,0.0,1,5350.0,1,5826.0,1,6570.0,1,6800.0,3032.3435,3769.88,-5950.0
1024,2013-10-08,5761.0,709.0,1.0,1.0,0,1.0,2.0,-0.9890402,0.14764656,-0.8660254,0.5,4,0,0,1,6494.0,1,0.0,1,6618.0,1,5851.0,1,6122.0,1,0.0,1,6056.0,1,5752.0,4417.006,4375.2397,6494.0
1024,2013-10-09,6180.0,723.0,1.0,1.0,0,1.0,3.0,-0.9890402,0.14764656,-0.8660254,0.5,4,0,0,1,5761.0,1,6494.0,1,5950.0,1,4973.0,1,8740.0,1,7527.0,1,0.0,1,0.0,4954.6035,4683.1865,-733.0
1024,2013-10-10,5294.0,677.0,1.0,1.0,0,1.0,4.0,-0.9890402,0.14764656,-0.8660254,0.5,4,0,0,1,6180.0,1,5761.0,1,0.0,1,5290.0,1,6601.0,1,5496.0,1,5138.0,1,5194.0,5444.762,5015.812,419.0
1024,2013-10-11,5912.0,822.0,1.0,1.0,0,1.0,5.0,-0.9890402,0.14764656,-0.8660254,0.5,4,0,0,1,5294.0,1,6180.0,1,6494.0,1,0.0,1,0.0,1,5350.0,1,4279.0,1,4356.0,5384.4575,5077.6313,-886.0
1024,2013-10-12,5508.0,803.0,1.0,0.0,0,0.0,6.0,-0.9890402,0.14764656,-0.8660254,0.5,4,0,0,1,5912.0,1,5294.0,1,5761.0,1,6618.0,1,5851.0,1,6122.0,1,4103.0,1,4221.0,5595.4746,5263.047,618.0
1024,2013-10-13,0.0,0.0,0.0,0.0,0,0.0,7.0,-0.9890402,0.14764656,-0.8660254,0.5,4,0,0,1,5508.0,1,5912.0,1,6180.0,1,5950.0,1,4973.0,1,8740.0,1,3929.0,1,3972.0,5560.485,5317.481,-404.0
1024,2013-10-14,4817.0,700.0,1.0,0.0,0,1.0,1.0,-0.9646356,0.26358718,-0.8660254,0.5,4,0,0,1,0.0,1,5508.0,1,5294.0,1,0.0,1,5290.0,1,6601.0,1,5187.0,1,4461.0,3336.2908,4135.8184,-5508.0
1024,2013-10-15,4591.0,627.0,1.0,0.0,0,1.0,2.0,-0.9646356,0.26358718,-0.8660254,0.5,4,0,0,1,4817.0,1,0.0,1,5912.0,1,6494.0,1,0.0,1,0.0,1,5826.0,1,5363.0,3928.5745,4287.192,4817.0
1024,2013-10-16,4582.0,649.0,1.0,0.0,0,1.0,3.0,-0.9646356,0.26358718,-0.8660254,0.5,4,0,0,1,4591.0,1,4817.0,1,5508.0,1,5761.0,1,6618.0,1,5851.0,1,0.0,1,0.0,4193.545,4354.705,-226.0
1024,2013-10-17,4628.0,646.0,1.0,0.0,0,1.0,4.0,-0.9646356,0.26358718,-0.8660254,0.5,4,0,0,1,4582.0,1,4591.0,1,0.0,1,6180.0,1,5950.0,1,4973.0,1,7527.0,1,7728.0,4348.927,4405.215,-9.0
1024,2013-10-18,4839.0,733.0,1.0,0.0,0,1.0,5.0,-0.9646356,0.26358718,-0.8660254,0.5,4,0,0,1,4628.0,1,4582.0,1,4817.0,1,5294.0,1,0.0,1,5290.0,1,5496.0,1,6251.0,4460.556,4454.7227,46.0
1024,2013-10-19,5891.0,858.0,1.0,0.0,0,0.0,6.0,-0.9646356,0.26358718,-0.8660254,0.5,4,0,0,1,4839.0,1,4628.0,1,4591.0,1,5912.0,1,6494.0,1,0.0,1,5350.0,1,6106.0,4611.9336,4540.1177,211.0
1024,2013-10-20,0.0,0.0,0.0,0.0,0,0.0,7.0,-0.9646356,0.26358718,-0.8660254,0.5,4,0,0,1,5891.0,1,4839.0,1,4582.0,1,5508.0,1,5761.0,1,6618.0,1,6122.0,1,6384.0,5123.56,4840.314,1052.0
1024,2013-10-21,7399.0,909.0,1.0,1.0,0,0.0,1.0,-0.9266896,0.37582758,-0.8660254,0.5,4,0,0,1,0.0,1,5891.0,1,4628.0,1,0.0,1,6180.0,1,5950.0,1,8740.0,1,7926.0,3074.1362,3764.6885,-5891.0
1024,2013-10-22,5889.0,717.0,1.0,1.0,0,0.0,2.0,-0.9266896,0.37582758,-0.8660254,0.5,4,0,0,1,7399.0,1,0.0,1,4839.0,1,4817.0,1,5294.0,1,0.0,1,6601.0,1,6910.0,4804.0815,4572.3135,7399.0
1024,2013-10-23,5567.0,727.0,1.0,1.0,0,0.0,3.0,-0.9266896,0.37582758,-0.8660254,0.5,4,0,0,1,5889.0,1,7399.0,1,5891.0,1,4591.0,1,5912.0,1,6494.0,1,0.0,1,0.0,5238.049,4864.91,-1510.0
1024,2013-10-24,5828.0,764.0,1.0,1.0,0,0.0,4.0,-0.9266896,0.37582758,-0.8660254,0.5,4,0,0,1,5567.0,1,5889.0,1,0.0,1,4582.0,1,5508.0,1,5761.0,1,5851.0,1,5380.0,5369.6294,5020.93,-322.0
1024,2013-10-25,6217.0,827.0,1.0,1.0,0,0.0,5.0,-0.9266896,0.37582758,-0.8660254,0.5,4,0,0,1,5828.0,1,5567.0,1,7399.0,1,4628.0,1,0.0,1,6180.0,1,4973.0,1,4790.0,5552.9775,5200.2793,261.0
1024,2013-10-26,5793.0,819.0,1.0,0.0,0,0.0,6.0,-0.9266896,0.37582758,-0.8660254,0.5,4,0,0,1,6217.0,1,5828.0,1,5889.0,1,4839.0,1,4817.0,1,5294.0,1,5290.0,1,4672.0,5818.5864,5426.2173,389.0
1024,2013-10-27,0.0,0.0,0.0,0.0,0,0.0,7.0,-0.9266896,0.37582758,-0.8660254,0.5,4,0,0,1,5793.0,1,6217.0,1,5567.0,1,5891.0,1,4591.0,1,5912.0,1,0.0,1,3884.0,5808.352,5507.7246,-424.0
1024,2013-10-28,3759.0,610.0,1.0,0.0,0,0.0,1.0,-0.8757349,0.4827922,-0.8660254,0.5,4,0,0,1,0.0,1,5793.0,1,5828.0,1,0.0,1,4582.0,1,5508.0,1,6618.0,1,4594.0,3485.0112,4283.7856,-5793.0
1024,2013-10-29,4282.0,623.0,1.0,0.0,0,0.0,2.0,-0.8757349,0.4827922,-0.8660254,0.5,4,0,0,1,3759.0,1,0.0,1,6217.0,1,7399.0,1,4628.0,1,0.0,1,5950.0,1,5359.0,3594.6067,4167.1665,3759.0
1024,2013-10-30,5036.0,743.0,1.0,0.0,0,0.0,3.0,-0.8757349,0.4827922,-0.8660254,0.5,4,0,0,1,4282.0,1,3759.0,1,5793.0,1,5889.0,1,4839.0,1,4817.0,1,0.0,1,0.0,3869.564,4192.685,523.0
1024,2013-10-31,5353.0,791.0,1.0,0.0,0,0.0,4.0,-0.8757349,0.4827922,-0.8660254,0.5,4,0,1,1,5036.0,1,4282.0,1,0.0,1,5567.0,1,5891.0,1,4591.0,1,6494.0,1,8726.0,4336.138,4380.0884,754.0
1024,2013-11-01,6252.0,836.0,1.0,0.0,0,0.0,5.0,-0.8757349,0.4827922,-0.5,0.8660254,4,1,0,1,5353.0,1,5036.0,1,3759.0,1,5828.0,1,0.0,1,4582.0,1,5761.0,1,7177.0,4742.883,4596.291,317.0
1024,2013-11-02,7134.0,904.0,1.0,0.0,0,0.0,6.0,-0.8757349,0.4827922,-0.5,0.8660254,4,0,0,1,6252.0,1,5353.0,1,4282.0,1,6217.0,1,7399.0,1,4628.0,1,6180.0,1,6396.0,5346.53,4964.2266,899.0
1024,2013-11-03,0.0,0.0,0.0,0.0,0,0.0,7.0,-0.8757349,0.4827922,-0.5,0.8660254,4,0,0,1,7134.0,1,6252.0,1,5036.0,1,5793.0,1,5889.0,1,4839.0,1,5294.0,1,6277.0,6061.518,5446.3984,882.0
1024,2013-11-04,8576.0,920.0,1.0,1.0,0,0.0,1.0,-0.8124869,0.5829795,-0.5,0.8660254,4,0,0,1,0.0,1,7134.0,1,5353.0,1,0.0,1,5567.0,1,5891.0,1,5912.0,1,6570.0,3636.9106,4236.0874,-7134.0
1024,2013-11-05,6438.0,794.0,1.0,1.0,0,0.0,2.0,-0.8124869,0.5829795,-0.5,0.8660254,4,0,0,1,8576.0,1,0.0,1,6252.0,1,3759.0,1,5828.0,1,0.0,1,5508.0,1,6056.0,5612.5464,5200.5127,8576.0
1024,2013-11-06,6312.0,812.0,1.0,1.0,0,0.0,3.0,-0.8124869,0.5829795,-0.5,0.8660254,4,0,0,1,6438.0,1,8576.0,1,7134.0,1,4282.0,1,6217.0,1,7399.0,1,0.0,1,0.0,5942.728,5475.51,-2138.0
1024,2013-11-07,6125.0,834.0,1.0,1.0,0,0.0,4.0,-0.8124869,0.5829795,-0.5,0.8660254,4,0,0,1,6312.0,1,6438.0,1,0.0,1,5036.0,1,5793.0,1,5889.0,1,4817.0,1,5138.0,6090.4365,5661.3965,-126.0
1024,2013-11-08,7157.0,845.0,1.0,1.0,0,0.0,5.0,-0.8124869,0.5829795,-0.5,0.8660254,4,0,0,1,6125.0,1,6312.0,1,8576.0,1,5353.0,1,0.0,1,5567.0,1,4591.0,1,4279.0,6104.262,5764.4194,-187.0
1024,2013-11-09,6400.0,920.0,1.0,0.0,0,0.0,6.0,-0.8124869,0.5829795,-0.5,0.8660254,4,0,0,1,7157.0,1,6125.0,1,6438.0,1,6252.0,1,3759.0,1,5828.0,1,4582.0,1,4103.0,6525.3574,6073.882,1032.0
1024,2013-11-10,0.0,0.0,0.0,0.0,0,0.0,7.0,-0.8124869,0.5829795,-0.5,0.8660254,4,0,0,1,6400.0,1,7157.0,1,6312.0,1,7134.0,1,4282.0,1,6217.0,1,4628.0,1,3929.0,6475.2144,6146.3525,-757.0
1024,2013-11-11,4249.0,667.0,1.0,0.0,0,0.0,1.0,-0.73783326,0.674983,-0.5,0.8660254,4,0,0,1,0.0,1,6400.0,1,6125.0,1,0.0,1,5036.0,1,5793.0,1,4839.0,1,5187.0,3885.1287,4780.4966,-6400.0
1024,2013-11-12,4477.0,661.0,1.0,0.0,0,0.0,2.0,-0.73783326,0.674983,-0.5,0.8660254,4,0,0,1,4249.0,1,0.0,1,7157.0,1,8576.0,1,5353.0,1,0.0,1,5891.0,1,5826.0,4030.6772,4662.386,4249.0
1024,2013-11-13,4051.0,668.0,1.0,0.0,0,0.0,3.0,-0.73783326,0.674983,-0.5,0.8660254,4,0,0,1,4477.0,1,4249.0,1,6400.0,1,6438.0,1,6252.0,1,3759.0,1,0.0,1,0.0,4209.206,4621.189,228.0
1024,2013-11-14,4481.0,649.0,1.0,0.0,0,0.0,4.0,-0.73783326,0.674983,-0.5,0.8660254,4,0,0,1,4051.0,1,4477.0,1,0.0,1,6312.0,1,7134.0,1,4282.0,1,7399.0,1,7527.0,4145.924,4494.4805,-426.0
1024,2013-11-15,5837.0,796.0,1.0,0.0,0,0.0,5.0,-0.73783326,0.674983,-0.5,0.8660254,4,0,0,1,4481.0,1,4051.0,1,4249.0,1,6125.0,1,0.0,1,5036.0,1,5889.0,1,5496.0,4279.954,4491.485,430.0
1024,2013-11-16,6407.0,896.0,1.0,0.0,0,0.0,6.0,-0.73783326,0.674983,-0.5,0.8660254,4,0,0,1,5837.0,1,4481.0,1,4477.0,1,7157.0,1,8576.0,1,5353.0,1,5567.0,1,5350.0,4902.7725,4790.4883,1356.0
1024,2013-11-17,0.0,0.0,0.0,0.0,0,0.0,7.0,-0.73783326,0.674983,-0.5,0.8660254,4,0,0,1,6407.0,1,5837.0,1,4051.0,1,6400.0,1,6438.0,1,6252.0,1,5828.0,1,6122.0,5504.4634,5149.713,570.0
1024,2013-11-18,8098.0,887.0,1.0,1.0,0,0.0,1.0,-0.65282214,0.75751126,-0.5,0.8660254,4,0,0,1,0.0,1,6407.0,1,4481.0,1,0.0,1,6312.0,1,7134.0,1,6217.0,1,8740.0,3302.6782,4005.3323,-6407.0
1024,2013-11-19,7239.0,800.0,1.0,1.0,0,0.0,2.0,-0.65282214,0.75751126,-0.5,0.8660254,4,0,0,1,8098.0,1,0.0,1,5837.0,1,4249.0,1,6125.0,1,0.0,1,5793.0,1,6601.0,5220.8066,4914.814,8098.0
1024,2013-11-20,6159.0,767.0,1.0,1.0,0,0.0,3.0,-0.65282214,0.75751126,-0.5,0.8660254,4,0,0,1,7239.0,1,8098.0,1,6407.0,1,4477.0,1,7157.0,1,8576.0,1,0.0,1,0.0,6028.084,5431.3,-859.0
1024,2013-11-21,6587.0,846.0,1.0,1.0,0,0.0,4.0,-0.65282214,0.75751126,-0.5,0.8660254,4,0,0,1,6159.0,1,7239.0,1,0.0,1,4051.0,1,6400.0,1,6438.0,1,3759.0,1,5851.0,6080.4507,5593.0107,-1080.0
1024,2013-11-22,6991.0,887.0,1.0,1.0,0,0.0,5.0,-0.65282214,0.75751126,-0.5,0.8660254,4,0,0,1,6587.0,1,6159.0,1,8098.0,1,4481.0,1,0.0,1,6312.0,1,4282.0,1,4973.0,6283.0703,5813.8975,428.0
1024,2013-11-23,6150.0,884.0,1.0,0.0,0,0.0,6.0,-0.65282214,0.75751126,-0.5,0.8660254,4,0,0,1,6991.0,1,6587.0,1,7239.0,1,5837.0,1,4249.0,1,6125.0,1,5036.0,1,5290.0,6566.242,6075.4756,404.0
1024,2013-11-24,0.0,0.0,0.0,0.0,0,0.0,7.0,-0.65282214,0.75751126,-0.5,0.8660254,4,0,0,1,6150.0,1,6991.0,1,6159.0,1,6407.0,1,4477.0,1,7157.0,1,5353.0,1,0.0,6399.745,6092.0366,-841.0
1024,2013-11-25,6094.0,745.0,1.0,0.0,0,0.0,1.0,-0.55864674,0.82940567,-0.5,0.8660254,4,0,0,1,0.0,1,6150.0,1,6587.0,1,0.0,1,4051.0,1,6400.0,1,6252.0,1,6618.0,3839.8472,4738.251,-6150.0
1024,2013-11-26,5167.0,702.0,1.0,0.0,0,0.0,2.0,-0.55864674,0.82940567,-0.5,0.8660254,4,0,0,1,6094.0,1,0.0,1,6991.0,1,8098.0,1,4481.0,1,0.0,1,7134.0,1,5950.0,4741.5083,5039.5283,6094.0
1024,2013-11-27,5867.0,700.0,1.0,0.0,0,0.0,3.0,-0.55864674,0.82940567,-0.5,0.8660254,4,0,0,1,5167.0,1,6094.0,1,6150.0,1,7239.0,1,5837.0,1,4249.0,1,0.0,1,0.0,4911.705,5067.8555,-927.0
1024,2013-11-28,6379.0,814.0,1.0,0.0,0,0.0,4.0,-0.55864674,0.82940567,-0.5,0.8660254,4,0,0,1,5867.0,1,5167.0,1,0.0,1,6159.0,1,6407.0,1,4477.0,1,8576.0,1,6494.0,5293.8228,5245.443,700.0
1024,2013-11-29,7823.0,965.0,1.0,0.0,0,0.0,5.0,-0.55864674,0.82940567,-0.5,0.8660254,4,0,0,1,6379.0,1,5867.0,1,6094.0,1,6587.0,1,0.0,1,4051.0,1,6438.0,1,5761.0,5727.8936,5497.3447,512.0
1024,2013-11-30,9489.0,1183.0,1.0,0.0,0,0.0,6.0,-0.55864674,0.82940567,-0.5,0.8660254,4,0,1,1,7823.0,1,6379.0,1,5167.0,1,6991.0,1,8098.0,1,4481.0,1,6312.0,1,6180.0,6565.936,6014.1567,1444.0
1024,2013-12-01,0.0,0.0,0.0,0.0,0,0.0,7.0,-0.55864674,0.82940567,-2.4492937e-16,1.0,4,1,0,1,9489.0,1,7823.0,1,5867.0,1,6150.0,1,7239.0,1,5837.0,1,6125.0,1,5294.0,7735.1616,6786.344,1666.0
1024,2013-12-02,9839.0,1059.0,1.0,1.0,0,0.0,1.0,-0.45662925,0.8896571,-2.4492937e-16,1.0,4,0,0,1,0.0,1,9489.0,1,6379.0,1,0.0,1,6159.0,1,6407.0,1,7157.0,1,5912.0,4641.097,5278.2676,-9489.0
1024,2013-12-03,8633.0,931.0,1.0,1.0,0,0.0,2.0,-0.45662925,0.8896571,-2.4492937e-16,1.0,4,0,0,1,9839.0,1,0.0,1,7823.0,1,6094.0,1,6587.0,1,0.0,1,6400.0,1,5508.0,6720.2583,6291.7637,9839.0
1024,2013-12-04,9207.0,1027.0,1.0,1.0,0,0.0,3.0,-0.45662925,0.8896571,-2.4492937e-16,1.0,4,0,0,1,8633.0,1,9839.0,1,9489.0,1,5167.0,1,6991.0,1,8098.0,1,0.0,1,0.0,7485.355,6812.0386,-1206.0
1024,2013-12-05,7282.0,796.0,1.0,1.0,0,0.0,4.0,-0.45662925,0.8896571,-2.4492937e-16,1.0,4,0,0,1,9207.0,1,8633.0,1,0.0,1,5867.0,1,6150.0,1,7239.0,1,4249.0,1,4817.0,8174.013,7344.252,574.0
1024,2013-12-06,6737.0,863.0,1.0,1.0,0,0.0,5.0,-0.45662925,0.8896571,-2.4492937e-16,1.0,4,0,0,1,7282.0,1,9207.0,1,9839.0,1,6379.0,1,0.0,1,6159.0,1,4477.0,1,4591.0,7817.208,7330.4185,-1925.0
1024,2013-12-07,7627.0,956.0,1.0,0.0,0,0.0,6.0,-0.45662925,0.8896571,-2.4492937e-16,1.0,4,0,0,1,6737.0,1,7282.0,1,8633.0,1,7823.0,1,6094.0,1,6587.0,1,4051.0,1,4582.0,7385.1245,7198.548,-545.0
1024,2013-12-08,0.0,0.0,0.0,0.0,0,0.0,7.0,-0.45662925,0.8896571,-2.4492937e-16,1.0,4,0,0,1,7627.0,1,6737.0,1,9207.0,1,9489.0,1,5167.0,1,6991.0,1,4481.0,1,4628.0,7481.875,7293.7593,890.0
1024,2013-12-09,6189.0,844.0,1.0,0.0,0,0.0,1.0,-0.34820163,0.93741965,-2.4492937e-16,1.0,4,0,0,1,0.0,1,7627.0,1,7282.0,1,0.0,1,5867.0,1,6150.0,1,5837.0,1,4839.0,4489.125,5672.924,-7627.0
1024,2013-12-10,5687.0,753.0,1.0,0.0,0,0.0,2.0,-0.34820163,0.93741965,-2.4492937e-16,1.0,4,0,0,1,6189.0,1,0.0,1,6737.0,1,9839.0,1,6379.0,1,0.0,1,6407.0,1,5891.0,5169.0747,5787.6074,6189.0
1024,2013-12-11,5918.0,767.0,1.0,0.0,0,0.0,3.0,-0.34820163,0.93741965,-2.4492937e-16,1.0,4,0,0,1,5687.0,1,6189.0,1,7627.0,1,8633.0,1,7823.0,1,6094.0,1,0.0,1,0.0,5376.245,5765.25,-502.0
1024,2013-12-12,5648.0,746.0,1.0,0.0,0,0.0,4.0,-0.34820163,0.93741965,-2.4492937e-16,1.0,4,0,0,1,5918.0,1,5687.0,1,0.0,1,9207.0,1,9489.0,1,5167.0,1,8098.0,1,7399.0,5592.947,5799.195,231.0
1024,2013-12-13,6420.0,844.0,1.0,0.0,0,0.0,5.0,-0.34820163,0.93741965,-2.4492937e-16,1.0,4,0,0,1,5648.0,1,5918.0,1,6189.0,1,7282.0,1,0.0,1,5867.0,1,7239.0,1,5889.0,5614.9683,5765.5957,-270.0
1024,2013-12-14,7670.0,962.0,1.0,0.0,0,0.0,6.0,-0.34820163,0.93741965,-2.4492937e-16,1.0,4,0,0,1,6420.0,1,5648.0,1,5687.0,1,6737.0,1,9839.0,1,6379.0,1,6159.0,1,5567.0,5936.981,5911.019,772.0
1024,2013-12-15,0.0,0.0,0.0,0.0,0,0.0,7.0,-0.34820163,0.93741965,-2.4492937e-16,1.0,4,0,0,1,7670.0,1,6420.0,1,5918.0,1,7627.0,1,8633.0,1,7823.0,1,6587.0,1,5828.0,6630.1885,6301.904,1250.0
1024,2013-12-16,11610.0,1182.0,1.0,1.0,0,0.0,1.0,-0.23488605,0.9720229,-2.4492937e-16,1.0,4,0,0,1,0.0,1,7670.0,1,5648.0,1,0.0,1,9207.0,1,9489.0,1,6991.0,1,6217.0,3978.113,4901.4805,-7670.0
1024,2013-12-17,10307.0,1084.0,1.0,1.0,0,0.0,2.0,-0.23488605,0.9720229,-2.4492937e-16,1.0,4,0,0,1,11610.0,1,0.0,1,6420.0,1,6189.0,1,7282.0,1,0.0,1,6150.0,1,5793.0,7030.8677,6392.2627,11610.0
1024,2013-12-18,9227.0,1031.0,1.0,1.0,0,0.0,3.0,-0.23488605,0.9720229,-2.4492937e-16,1.0,4,0,0,1,10307.0,1,11610.0,1,7670.0,1,5687.0,1,6737.0,1,9839.0,1,0.0,1,0.0,8341.32,7262.204,-1303.0
1024,2013-12-19,9700.0,1084.0,1.0,1.0,0,0.0,4.0,-0.23488605,0.9720229,-2.4492937e-16,1.0,4,0,0,1,9227.0,1,10307.0,1,0.0,1,5918.0,1,7627.0,1,8633.0,1,6094.0,1,3759.0,8695.593,7698.8257,-1080.0
1024,2013-12-20,10795.0,1213.0,1.0,1.0,0,0.0,5.0,-0.23488605,0.9720229,-2.4492937e-16,1.0,4,0,0,1,9700.0,1,9227.0,1,11610.0,1,5648.0,1,0.0,1,9207.0,1,5167.0,1,4282.0,9097.355,8143.5312,473.0
1024,2013-12-21,9649.0,1214.0,1.0,0.0,0,0.0,6.0,-0.23488605,0.9720229,-2.4492937e-16,1.0,4,0,0,1,10795.0,1,9700.0,1,10307.0,1,6420.0,1,6189.0,1,7282.0,1,5867.0,1,5036.0,9776.413,8732.746,1095.0
1024,2013-12-22,0.0,0.0,0.0,0.0,0,0.0,7.0,-0.23488605,0.9720229,-2.4492937e-16,1.0,4,0,0,1,9649.0,1,10795.0,1,9227.0,1,7670.0,1,5687.0,1,6737.0,1,6379.0,1,5353.0,9725.448,8936.358,-1146.0
1024,2013-12-23,11986.0,1533.0,1.0,0.0,0,1.0,1.0,-0.11827317,0.9929811,-2.4492937e-16,1.0,4,0,0,1,0.0,1,9649.0,1,9700.0,1,0.0,1,5918.0,1,7627.0,1,7823.0,1,6252.0,5835.2686,6950.501,-9649.0
1024,2013-12-24,4281.0,603.0,1.0,0.0,0,1.0,2.0,-0.11827317,0.9929811,-2.4492937e-16,1.0,4,0,0,1,11986.0,1,0.0,1,10795.0,1,11610.0,1,5648.0,1,0.0,1,9489.0,1,7134.0,8295.562,8069.5005,11986.0
1024,2013-12-25,0.0,0.0,0.0,0.0,3,1.0,3.0,-0.11827317,0.9929811,-2.4492937e-16,1.0,4,0,0,1,4281.0,1,11986.0,1,9649.0,1,10307.0,1,6420.0,1,6189.0,1,0.0,1,0.0,6689.737,7227.612,-7705.0
1024,2013-12-26,0.0,0.0,0.0,0.0,3,1.0,4.0,-0.11827317,0.9929811,-2.4492937e-16,1.0,4,0,0,1,0.0,1,4281.0,1,0.0,1,9227.0,1,7670.0,1,5687.0,1,9839.0,1,8576.0,4013.842,5621.4756,-4281.0
1024,2013-12-27,6835.0,893.0,1.0,0.0,0,1.0,5.0,-0.11827317,0.9929811,-2.4492937e-16,1.0,4,0,0,1,0.0,1,0.0,1,11986.0,1,9700.0,1,0.0,1,5918.0,1,8633.0,1,6438.0,2408.3052,4372.259,0.0
1024,2013-12-28,6602.0,908.0,1.0,0.0,0,0.0,6.0,-0.11827317,0.9929811,-2.4492937e-16,1.0,4,0,0,1,6835.0,1,0.0,1,4281.0,1,10795.0,1,11610.0,1,5648.0,1,9207.0,1,6312.0,4178.983,4919.5347,6835.0
1024,2013-12-29,0.0,0.0,0.0,0.0,0,0.0,7.0,-0.11827317,0.9929811,-2.4492937e-16,1.0,4,0,0,1,6602.0,1,6835.0,1,0.0,1,9649.0,1,10307.0,1,6420.0,1,7282.0,1,6125.0,5148.19,5293.416,-233.0
1024,2013-12-30,9504.0,1215.0,1.0,0.0,0,1.0,1.0,0.11827317,0.9929811,-2.4492937e-16,1.0,4,0,0,1,0.0,1,6602.0,1,0.0,1,0.0,1,9227.0,1,7670.0,1,6737.0,1,7157.0,3088.9138,4117.101,-6602.0
1024,2013-12-31,4779.0,670.0,1.0,0.0,0,1.0,2.0,0.11827317,0.9929811,-2.4492937e-16,1.0,4,0,1,1,9504.0,1,0.0,1,6835.0,1,11986.0,1,9700.0,1,0.0,1,7627.0,1,6400.0,5654.948,5314.19,9504.0
1024,2014-01-01,0.0,0.0,0.0,0.0,1,1.0,3.0,0.11827317,0.9929811,0.5,0.8660254,1,1,0,1,4779.0,1,9504.0,1,6602.0,1,4281.0,1,10795.0,1,11610.0,1,0.0,1,0.0,5304.569,5195.259,-4725.0
1024,2014-01-02,5628.0,759.0,1.0,0.0,0,1.0,4.0,0.11827317,0.9929811,0.5,0.8660254,1,0,0,1,0.0,1,4779.0,1,0.0,1,0.0,1,9649.0,1,10307.0,1,6189.0,1,4249.0,3182.7415,4040.7568,-4779.0
1024,2014-01-03,5847.0,800.0,1.0,0.0,0,1.0,5.0,0.11827317,0.9929811,0.5,0.8660254,1,0,0,1,5628.0,1,0.0,1,9504.0,1,0.0,1,0.0,1,9227.0,1,5687.0,1,4477.0,4160.8447,4393.4775,5628.0
1024,2014-01-04,6211.0,855.0,1.0,0.0,0,0.0,6.0,0.11827317,0.9929811,0.5,0.8660254,1,0,0,1,5847.0,1,5628.0,1,4779.0,1,6835.0,1,11986.0,1,9700.0,1,5918.0,1,4051.0,4835.307,4716.4824,219.0
1024,2014-01-05,0.0,0.0,0.0,0.0,0,0.0,7.0,0.11827317,0.9929811,0.5,0.8660254,1,0,0,1,6211.0,1,5847.0,1,0.0,1,6602.0,1,4281.0,1,10795.0,1,5648.0,1,4481.0,5385.584,5048.5977,364.0
1024,2014-01-06,8911.0,938.0,1.0,1.0,0,1.0,1.0,0.23488605,0.9720229,0.5,0.8660254,1,0,0,1,0.0,1,6211.0,1,5628.0,1,0.0,1,0.0,1,9649.0,1,6420.0,1,5837.0,3231.3506,3926.687,-6211.0
1024,2014-01-07,7112.0,810.0,1.0,1.0,0,0.0,2.0,0.23488605,0.9720229,0.5,0.8660254,1,0,0,1,8911.0,1,0.0,1,5847.0,1,9504.0,1,0.0,1,0.0,1,7670.0,1,6407.0,5503.2104,5034.312,8911.0
1024,2014-01-08,6756.0,777.0,1.0,1.0,0,0.0,3.0,0.23488605,0.9720229,0.5,0.8660254,1,0,0,1,7112.0,1,8911.0,1,6211.0,1,4779.0,1,6835.0,1,11986.0,1,0.0,1,0.0,6146.726,5496.0205,-1799.0
1024,2014-01-09,5956.0,730.0,1.0,1.0,0,0.0,4.0,0.23488605,0.9720229,0.5,0.8660254,1,0,0,1,6756.0,1,7112.0,1,0.0,1,0.0,1,6602.0,1,4281.0,1,11610.0,1,8098.0,6390.4355,5776.016,-356.0
1024,2014-01-10,6988.0,920.0,1.0,1.0,0,0.0,5.0,0.23488605,0.9720229,0.5,0.8660254,1,0,0,1,5956.0,1,6756.0,1,8911.0,1,5628.0,1,0.0,1,0.0,1,10307.0,1,7239.0,6216.6616,5816.012,-800.0
1024,2014-01-11,6059.0,812.0,1.0,0.0,0,0.0,6.0,0.23488605,0.9720229,0.5,0.8660254,1,0,0,1,6988.0,1,5956.0,1,7112.0,1,5847.0,1,9504.0,1,0.0,1,9227.0,1,6159.0,6525.197,6076.454,1032.0
1024,2014-01-12,0.0,0.0,0.0,0.0,0,0.0,7.0,0.23488605,0.9720229,0.5,0.8660254,1,0,0,1,6059.0,1,6988.0,1,6756.0,1,6211.0,1,4779.0,1,6835.0,1,9700.0,1,6587.0,6338.7183,6072.575,-929.0
1024,2014-01-13,4634.0,683.0,1.0,0.0,0,0.0,1.0,0.34820163,0.93741965,0.5,0.8660254,1,0,0,1,0.0,1,6059.0,1,5956.0,1,0.0,1,0.0,1,6602.0,1,10795.0,1,6991.0,3803.231,4723.1143,-6059.0
1024,2014-01-14,4375.0,643.0,1.0,0.0,0,0.0,2.0,0.34820163,0.93741965,0.5,0.8660254,1,0,0,1,4634.0,1,0.0,1,6988.0,1,8911.0,1,5628.0,1,0.0,1,9649.0,1,6150.0,4135.5386,4703.311,4634.0
1024,2014-01-15,4426.0,651.0,1.0,0.0,0,0.0,3.0,0.34820163,0.93741965,0.5,0.8660254,1,0,0,1,4375.0,1,4634.0,1,6059.0,1,7112.0,1,5847.0,1,9504.0,1,0.0,1,0.0,4231.323,4630.353,-259.0
1024,2014-01-16,4116.0,619.0,1.0,0.0,0,0.0,4.0,0.34820163,0.93741965,0.5,0.8660254,1,0,0,1,4426.0,1,4375.0,1,0.0,1,6756.0,1,6211.0,1,4779.0,1,11986.0,1,6094.0,4309.194,4584.9414,51.0
1024,2014-01-17,5365.0,764.0,1.0,0.0,0,0.0,5.0,0.34820163,0.93741965,0.5,0.8660254,1,0,0,1,4116.0,1,4426.0,1,4634.0,1,5956.0,1,0.0,1,0.0,1,4281.0,1,5167.0,4231.9165,4480.732,-310.0
1024,2014-01-18,6619.0,920.0,1.0,0.0,0,0.0,6.0,0.34820163,0.93741965,0.5,0.8660254,1,0,0,1,5365.0,1,4116.0,1,4375.0,1,6988.0,1,8911.0,1,5628.0,1,0.0,1,5867.0,4685.15,4677.236,1249.0
1024,2014-01-19,0.0,0.0,0.0,0.0,0,0.0,7.0,0.34820163,0.93741965,0.5,0.8660254,1,0,0,1,6619.0,1,5365.0,1,4426.0,1,6059.0,1,7112.0,1,5847.0,1,0.0,1,6379.0,5458.69,5108.7393,1254.0
1024,2014-01-20,8016.0,912.0,1.0,1.0,0,0.0,1.0,0.45662925,0.8896571,0.5,0.8660254,1,0,0,1,0.0,1,6619.0,1,4116.0,1,0.0,1,6756.0,1,6211.0,1,6835.0,1,7823.0,3275.2139,3973.4639,-6619.0
1024,2014-01-21,6367.0,732.0,1.0,1.0,0,0.0,2.0,0.45662925,0.8896571,0.5,0.8660254,1,0,0,1,8016.0,1,0.0,1,5365.0,1,4634.0,1,5956.0,1,0.0,1,6602.0,1,9489.0,5171.5283,4871.805,8016.0
1024,2014-01-22,6451.0,764.0,1.0,1.0,0,0.0,3.0,0.45662925,0.8896571,0.5,0.8660254,1,0,0,1,6367.0,1,8016.0,1,6619.0,1,4375.0,1,6988.0,1,8911.0,1,0.0,1,0.0,5649.717,5204.071,-1649.0
1024,2014-01-23,5886.0,769.0,1.0,1.0,0,0.0,4.0,0.45662925,0.8896571,0.5,0.8660254,1,0,0,1,6451.0,1,6367.0,1,0.0,1,4426.0,1,6059.0,1,7112.0,1,9504.0,1,9839.0,5970.23,5481.166,84.0
1024,2014-01-24,7221.0,915.0,1.0,1.0,0,0.0,5.0,0.45662925,0.8896571,0.5,0.8660254,1,0,0,1,5886.0,1,6451.0,1,8016.0,1,4116.0,1,0.0,1,6756.0,1,4779.0,1,8633.0,5936.538,5571.1294,-565.0
1024,2014-01-25,5795.0,818.0,1.0,0.0,0,0.0,6.0,0.45662925,0.8896571,0.5,0.8660254,1,0,0,1,7221.0,1,5886.0,1,6367.0,1,5365.0,1,4634.0,1,5956.0,1,0.0,1,9207.0,6450.3228,5937.767,1335.0
1024,2014-01-26,0.0,0.0,0.0,0.0,0,0.0,7.0,0.45662925,0.8896571,0.5,0.8660254,1,0,0,1,5795.0,1,7221.0,1,6451.0,1,6619.0,1,4375.0,1,6988.0,1,5628.0,1,7282.0,6188.194,5906.041,-1426.0
1024,2014-01-27,4039.0,638.0,1.0,0.0,0,0.0,1.0,0.55864674,0.82940567,0.5,0.8660254,1,0,0,1,0.0,1,5795.0,1,5886.0,1,0.0,1,4426.0,1,6059.0,1,5847.0,1,6737.0,3712.9163,4593.5874,-5795.0
1024,2014-01-28,4417.0,658.0,1.0,0.0,0,0.0,2.0,0.55864674,0.82940567,0.5,0.8660254,1,0,0,1,4039.0,1,0.0,1,7221.0,1,8016.0,1,4116.0,1,0.0,1,6211.0,1,7627.0,3843.3499,4470.3457,4039.0
1024,2014-01-29,4532.0,651.0,1.0,0.0,0,0.0,3.0,0.55864674,0.82940567,0.5,0.8660254,1,0,0,1,4417.0,1,4039.0,1,5795.0,1,6367.0,1,5365.0,1,4634.0,1,0.0,1,0.0,4072.8098,4458.491,378.0
1024,2014-01-30,4745.0,662.0,1.0,0.0,0,0.0,4.0,0.55864674,0.82940567,0.5,0.8660254,1,0,0,1,4532.0,1,4417.0,1,0.0,1,6451.0,1,6619.0,1,4375.0,1,8911.0,1,6189.0,4256.486,4474.8267,115.0
1024,2014-01-31,7329.0,910.0,1.0,0.0,0,0.0,5.0,0.55864674,0.82940567,0.5,0.8660254,1,0,1,1,4745.0,1,4532.0,1,4039.0,1,5886.0,1,0.0,1,4426.0,1,7112.0,1,5687.0,4451.8916,4534.865,213.0
1024,2014-02-01,7973.0,966.0,1.0,0.0,0,0.0,6.0,0.55864674,0.82940567,0.8660254,0.5,1,1,0,1,7329.0,1,4745.0,1,4417.0,1,7221.0,1,8016.0,1,4116.0,1,6756.0,1,5918.0,5602.735,5155.784,2584.0
1024,2014-02-02,0.0,0.0,0.0,0.0,0,0.0,7.0,0.55864674,0.82940567,0.8660254,0.5,1,0,0,1,7973.0,1,7329.0,1,4532.0,1,5795.0,1,6367.0,1,5365.0,1,5956.0,1,5648.0,6550.841,5781.832,644.0
1024,2014-02-03,8441.0,913.0,1.0,1.0,0,0.0,1.0,0.65282214,0.75751126,0.8660254,0.5,1,0,0,1,0.0,1,7973.0,1,4745.0,1,0.0,1,6451.0,1,6619.0,1,6988.0,1,6420.0,3930.5046,4496.9805,-7973.0
1024,2014-02-04,7299.0,850.0,1.0,1.0,0,0.0,2.0,0.65282214,0.75751126,0.8660254,0.5,1,0,0,1,8441.0,1,0.0,1,7329.0,1,4039.0,1,5886.0,1,0.0,1,6059.0,1,7670.0,5734.7026,5373.429,8441.0
1024,2014-02-05,6256.0,756.0,1.0,1.0,0,0.0,3.0,0.65282214,0.75751126,0.8660254,0.5,1,0,0,1,7299.0,1,8441.0,1,7973.0,1,4417.0,1,7221.0,1,8016.0,1,0.0,1,0.0,6360.422,5801.334,-1142.0
1024,2014-02-06,6024.0,728.0,1.0,1.0,0,0.0,4.0,0.65282214,0.75751126,0.8660254,0.5,1,0,0,1,6256.0,1,7299.0,1,0.0,1,4532.0,1,5795.0,1,6367.0,1,4634.0,1,11610.0,6318.653,5902.3706,-1043.0
1024,2014-02-07,7359.0,889.0,1.0,1.0,0,0.0,5.0,0.65282214,0.75751126,0.8660254,0.5,1,0,0,1,6024.0,1,6256.0,1,8441.0,1,4745.0,1,0.0,1,6451.0,1,4375.0,1,10307.0,6200.792,5929.3994,-232.0
1024,2014-02-08,6486.0,904.0,1.0,0.0,0,0.0,6.0,0.65282214,0.75751126,0.8660254,0.5,1,0,0,1,7359.0,1,6024.0,1,7299.0,1,7329.0,1,4039.0,1,5886.0,1,4426.0,1,9227.0,6664.075,6247.0884,1335.0
1024,2014-02-09,0.0,0.0,0.0,0.0,0,0.0,7.0,0.65282214,0.75751126,0.8660254,0.5,1,0,0,1,6486.0,1,7359.0,1,6256.0,1,7973.0,1,4417.0,1,7221.0,1,4116.0,1,9700.0,6592.845,6300.1797,-873.0
1024,2014-02-10,4548.0,691.0,1.0,0.0,0,0.0,1.0,0.73783326,0.674983,0.8660254,0.5,1,0,0,1,0.0,1,6486.0,1,6024.0,1,0.0,1,4532.0,1,5795.0,1,5365.0,1,10795.0,3955.707,4900.14,-6486.0
1024,2014-02-11,4440.0,659.0,1.0,0.0,0,0.0,2.0,0.73783326,0.674983,0.8660254,0.5,1,0,0,1,4548.0,1,0.0,1,7359.0,1,8441.0,1,4745.0,1,0.0,1,6619.0,1,9649.0,4192.624,4821.8867,4548.0
1024,2014-02-12,4431.0,665.0,1.0,0.0,0,0.0,3.0,0.73783326,0.674983,0.8660254,0.5,1,0,0,1,4440.0,1,4548.0,1,6486.0,1,7299.0,1,7329.0,1,4039.0,1,0.0,1,0.0,4291.5747,4737.023,-108.0
1024,2014-02-13,4698.0,684.0,1.0,0.0,0,0.0,4.0,0.73783326,0.674983,0.8660254,0.5,1,0,0,1,4431.0,1,4440.0,1,0.0,1,6256.0,1,7973.0,1,4417.0,1,8016.0,1,11986.0,4347.3447,4669.018,-9.0
1024,2014-02-14,6283.0,839.0,1.0,0.0,0,0.0,5.0,0.73783326,0.674983,0.8660254,0.5,1,0,0,1,4698.0,1,4431.0,1,4548.0,1,6024.0,1,0.0,1,4532.0,1,6367.0,1,4281.0,4487.607,4675.4585,267.0
1024,2014-02-15,6590.0,913.0,1.0,0.0,0,0.0,6.0,0.73783326,0.674983,0.8660254,0.5,1,0,0,1,6283.0,1,4698.0,1,4440.0,1,7359.0,1,8441.0,1,4745.0,1,6451.0,1,0.0,5205.764,5032.69,1585.0
1024,2014-02-16,0.0,0.0,0.0,0.0,0,0.0,7.0,0.73783326,0.674983,0.8660254,0.5,1,0,0,1,6590.0,1,6283.0,1,4431.0,1,6486.0,1,7299.0,1,7329.0,1,5886.0,1,0.0,5759.4585,5378.759,307.0
1024,2014-02-17,7884.0,900.0,1.0,1.0,0,0.0,1.0,0.8124869,0.5829795,0.8660254,0.5,1,0,0,1,0.0,1,6590.0,1,4698.0,1,0.0,1,6256.0,1,7973.0,1,7221.0,1,6835.0,3455.675,4183.479,-6590.0
1024,2014-02-18,6233.0,807.0,1.0,1.0,0,0.0,2.0,0.8124869,0.5829795,0.8660254,0.5,1,0,0,1,7884.0,1,0.0,1,6283.0,1,4548.0,1,6024.0,1,0.0,1,5795.0,1,6602.0,5227.005,5005.817,7884.0
1024,2014-02-19,6346.0,802.0,1.0,1.0,0,0.0,3.0,0.8124869,0.5829795,0.8660254,0.5,1,0,0,1,6233.0,1,7884.0,1,6590.0,1,4440.0,1,7359.0,1,8441.0,1,0.0,1,0.0,5629.403,5278.5244,-1651.0
1024,2014-02-20,6156.0,785.0,1.0,1.0,0,0.0,4.0,0.8124869,0.5829795,0.8660254,0.5,1,0,0,1,6346.0,1,6233.0,1,0.0,1,4431.0,1,6486.0,1,7299.0,1,4039.0,1,9504.0,5916.042,5515.741,113.0
1024,2014-02-21,6524.0,867.0,1.0,1.0,0,0.0,5.0,0.8124869,0.5829795,0.8660254,0.5,1,0,0,1,6156.0,1,6346.0,1,7884.0,1,4698.0,1,0.0,1,6256.0,1,4417.0,1,4779.0,6012.025,5658.021,-190.0
1024,2014-02-22,5968.0,871.0,1.0,0.0,0,0.0,6.0,0.8124869,0.5829795,0.8660254,0.5,1,0,0,1,6524.0,1,6156.0,1,6233.0,1,6283.0,1,4548.0,1,6024.0,1,4532.0,1,0.0,6216.815,5850.461,368.0
1024,2014-02-23,0.0,0.0,0.0,0.0,0,0.0,7.0,0.8124869,0.5829795,0.8660254,0.5,1,0,0,1,5968.0,1,6524.0,1,6346.0,1,6590.0,1,4440.0,1,7359.0,1,4745.0,1,5628.0,6117.289,5876.5806,-556.0
1024,2014-02-24,4443.0,669.0,1.0,0.0,0,0.0,1.0,0.8757349,0.4827922,0.8660254,0.5,1,0,0,1,0.0,1,5968.0,1,6156.0,1,0.0,1,4431.0,1,6486.0,1,7329.0,1,5847.0,3670.3735,4570.674,-5968.0
1024,2014-02-25,4185.0,622.0,1.0,0.0,0,0.0,2.0,0.8757349,0.4827922,0.8660254,0.5,1,0,0,1,4443.0,1,0.0,1,6524.0,1,7884.0,1,4698.0,1,0.0,1,7973.0,1,6211.0,3979.424,4542.302,4443.0
1024,2014-02-26,4654.0,646.0,1.0,0.0,0,0.0,3.0,0.8757349,0.4827922,0.8660254,0.5,1,0,0,1,4185.0,1,4443.0,1,5968.0,1,6233.0,1,6283.0,1,4548.0,1,0.0,1,0.0,4061.6545,4462.9014,-258.0
1024,2014-02-27,4888.0,696.0,1.0,0.0,0,0.0,4.0,0.8757349,0.4827922,0.8660254,0.5,1,0,0,1,4654.0,1,4185.0,1,0.0,1,6346.0,1,6590.0,1,4440.0,1,8441.0,1,8911.0,4298.593,4505.3677,469.0
1024,2014-02-28,6448.0,826.0,1.0,0.0,0,0.0,5.0,0.8757349,0.4827922,0.8660254,0.5,1,0,1,1,4888.0,1,4654.0,1,4443.0,1,6156.0,1,0.0,1,4431.0,1,7299.0,1,7112.0,4534.3555,4590.397,234.0
1024,2014-03-01,6515.0,842.0,1.0,0.0,0,0.0,6.0,0.8757349,0.4827922,1.0,6.123234e-17,1,1,0,1,6448.0,1,4888.0,1,4185.0,1,6524.0,1,7884.0,1,4698.0,1,6256.0,1,6756.0,5299.8135,5003.1978,1560.0
1024,2014-03-02,0.0,0.0,0.0,0.0,0,0.0,7.0,0.8757349,0.4827922,1.0,6.123234e-17,1,0,0,1,6515.0,1,6448.0,1,4654.0,1,5968.0,1,6233.0,1,6283.0,1,6024.0,1,5956.0,5785.888,5339.154,67.0
1024,2014-03-03,7964.0,909.0,1.0,1.0,0,0.0,1.0,0.9266896,0.37582758,1.0,6.123234e-17,1,0,0,1,0.0,1,6515.0,1,4888.0,1,0.0,1,6346.0,1,6590.0,1,7359.0,1,6988.0,3471.5327,4152.6753,-6515.0
1024,2014-03-04,6277.0,782.0,1.0,1.0,0,0.0,2.0,0.9266896,0.37582758,1.0,6.123234e-17,1,0,0,1,7964.0,1,0.0,1,6448.0,1,4443.0,1,6156.0,1,0.0,1,6486.0,1,6059.0,5268.5195,4999.636,7964.0
1024,2014-03-05,6055.0,762.0,1.0,1.0,0,0.0,3.0,0.9266896,0.37582758,1.0,6.123234e-17,1,0,0,1,6277.0,1,7964.0,1,6515.0,1,4185.0,1,6524.0,1,7884.0,1,0.0,1,0.0,5671.9116,5283.495,-1687.0
1024,2014-03-06,5706.0,764.0,1.0,1.0,0,0.0,4.0,0.9266896,0.37582758,1.0,6.123234e-17,1,0,0,1,6055.0,1,6277.0,1,0.0,1,4654.0,1,5968.0,1,6233.0,1,4548.0,1,4634.0,5825.147,5454.9404,-222.0
1024,2014-03-07,7202.0,886.0,1.0,1.0,0,0.0,5.0,0.9266896,0.37582758,1.0,6.123234e-17,1,0,0,1,5706.0,1,6055.0,1,7964.0,1,4888.0,1,0.0,1,6346.0,1,4440.0,1,4375.0,5777.4883,5510.7314,-349.0
1024,2014-03-08,5195.0,791.0,1.0,0.0,0,0.0,6.0,0.9266896,0.37582758,1.0,6.123234e-17,1,0,0,1,7202.0,1,5706.0,1,6277.0,1,6448.0,1,4443.0,1,6156.0,1,4431.0,1,4426.0,6347.293,5886.569,1496.0
1024,2014-03-09,0.0,0.0,0.0,0.0,0,0.0,7.0,0.9266896,0.37582758,1.0,6.123234e-17,1,0,0,1,5195.0,1,7202.0,1,6055.0,1,6515.0,1,4185.0,1,6524.0,1,4698.0,1,4116.0,5886.376,5732.8867,-2007.0
1024,2014-03-10,4160.0,643.0,1.0,0.0,0,0.0,1.0,0.9646356,0.26358718,1.0,6.123234e-17,1,0,0,1,0.0,1,5195.0,1,5706.0,1,0.0,1,4654.0,1,5968.0,1,6283.0,1,5365.0,3531.8254,4458.912,-5195.0
1024,2014-03-11,4186.0,637.0,1.0,0.0,0,0.0,2.0,0.9646356,0.26358718,1.0,6.123234e-17,1,0,0,1,4160.0,1,0.0,1,7202.0,1,7964.0,1,4888.0,1,0.0,1,6590.0,1,6619.0,3783.0952,4392.4873,4160.0
1024,2014-03-12,4134.0,642.0,1.0,0.0,0,0.0,3.0,0.9646356,0.26358718,1.0,6.123234e-17,1,0,0,1,4186.0,1,4160.0,1,5195.0,1,6277.0,1,6448.0,1,4443.0,1,0.0,1,0.0,3944.257,4346.601,26.0
1024,2014-03-13,4277.0,645.0,1.0,0.0,0,0.0,4.0,0.9646356,0.26358718,1.0,6.123234e-17,1,0,0,1,4134.0,1,4186.0,1,0.0,1,6055.0,1,6515.0,1,4185.0,1,7884.0,1,8016.0,4020.1543,4299.3564,-52.0
1024,2014-03-14,5125.0,737.0,1.0,0.0,0,0.0,5.0,0.9646356,0.26358718,1.0,6.123234e-17,1,0,0,1,4277.0,1,4134.0,1,4160.0,1,5706.0,1,0.0,1,4654.0,1,6233.0,1,6367.0,4122.8926,4294.388,143.0
1024,2014-03-15,6124.0,876.0,1.0,0.0,0,0.0,6.0,0.9646356,0.26358718,1.0,6.123234e-17,1,0,0,1,5125.0,1,4277.0,1,4186.0,1,7202.0,1,7964.0,1,4888.0,1,6346.0,1,6451.0,4523.7354,4478.9688,848.0
1024,2014-03-16,0.0,0.0,0.0,0.0,0,0.0,7.0,0.9646356,0.26358718,1.0,6.123234e-17,1,0,0,1,6124.0,1,5125.0,1,4134.0,1,5195.0,1,6277.0,1,6448.0,1,6156.0,1,5886.0,5163.8413,4844.5312,999.0
1024,2014-03-17,7619.0,910.0,1.0,1.0,0,0.0,1.0,0.9890402,0.14764656,1.0,6.123234e-17,1,0,0,1,0.0,1,6124.0,1,4277.0,1,0.0,1,6055.0,1,6515.0,1,6524.0,1,7221.0,3098.3047,3767.9688,-6124.0
1024,2014-03-18,6326.0,796.0,1.0,1.0,0,0.0,2.0,0.9890402,0.14764656,1.0,6.123234e-17,1,0,0,1,7619.0,1,0.0,1,5125.0,1,4160.0,1,5706.0,1,0.0,1,5968.0,1,5795.0,4906.583,4623.7534,7619.0
1024,2014-03-19,6439.0,786.0,1.0,1.0,0,0.0,3.0,0.9890402,0.14764656,1.0,6.123234e-17,1,0,0,1,6326.0,1,7619.0,1,6124.0,1,4186.0,1,7202.0,1,7964.0,1,0.0,1,0.0,5474.3496,5002.0303,-1293.0
1024,2014-03-20,5001.0,660.0,1.0,1.0,0,0.0,4.0,0.9890402,0.14764656,1.0,6.123234e-17,1,0,0,1,6439.0,1,6326.0,1,0.0,1,4134.0,1,5195.0,1,6277.0,1,4443.0,1,4039.0,5860.21,5321.357,113.0
1024,2014-03-21,6194.0,785.0,1.0,1.0,0,0.0,5.0,0.9890402,0.14764656,1.0,6.123234e-17,1,0,0,1,5001.0,1,6439.0,1,7619.0,1,4277.0,1,0.0,1,6055.0,1,4185.0,1,4417.0,5516.526,5250.1665,-1438.0
1024,2014-03-22,6052.0,852.0,1.0,0.0,0,0.0,6.0,0.9890402,0.14764656,1.0,6.123234e-17,1,0,0,1,6194.0,1,5001.0,1,6326.0,1,5125.0,1,4160.0,1,5706.0,1,4654.0,1,4532.0,5787.5156,5459.907,1193.0
1024,2014-03-23,0.0,0.0,0.0,0.0,0,0.0,7.0,0.9890402,0.14764656,1.0,6.123234e-17,1,0,0,1,6052.0,1,6194.0,1,6439.0,1,6124.0,1,4186.0,1,7202.0,1,4888.0,1,4745.0,5893.309,5591.4834,-142.0
1024,2014-03-24,4521.0,679.0,1.0,0.0,0,0.0,1.0,0.99956083,0.029633328,1.0,6.123234e-17,1,0,0,1,0.0,1,6052.0,1,5001.0,1,0.0,1,4134.0,1,5195.0,1,6448.0,1,7329.0,3535.9856,4348.9316,-6052.0
1024,2014-03-25,4399.0,626.0,1.0,0.0,0,0.0,2.0,0.99956083,0.029633328,1.0,6.123234e-17,1,0,0,1,4521.0,1,0.0,1,6194.0,1,7619.0,1,4277.0,1,0.0,1,6515.0,1,7973.0,3929.9915,4387.169,4521.0
1024,2014-03-26,4407.0,616.0,1.0,0.0,0,0.0,3.0,0.99956083,0.029633328,1.0,6.123234e-17,1,0,0,1,4399.0,1,4521.0,1,6052.0,1,6326.0,1,5125.0,1,4160.0,1,0.0,1,0.0,4117.5947,4389.7983,-122.0
1024,2014-03-27,4577.0,638.0,1.0,0.0,0,0.0,4.0,0.99956083,0.029633328,1.0,6.123234e-17,1,0,0,1,4407.0,1,4399.0,1,0.0,1,6439.0,1,6124.0,1,4186.0,1,7964.0,1,8441.0,4233.357,4393.6206,8.0
1024,2014-03-28,5691.0,750.0,1.0,0.0,0,0.0,5.0,0.99956083,0.029633328,1.0,6.123234e-17,1,0,0,1,4577.0,1,4407.0,1,4521.0,1,5001.0,1,0.0,1,4134.0,1,6277.0,1,7299.0,4370.814,4434.3716,170.0
1024,2014-03-29,5785.0,807.0,1.0,0.0,0,0.0,6.0,0.99956083,0.029633328,1.0,6.123234e-17,1,0,0,1,5691.0,1,4577.0,1,4399.0,1,6194.0,1,7619.0,1,4277.0,1,6055.0,1,6256.0,4898.8887,4713.6226,1114.0
1024,2014-03-30,0.0,0.0,0.0,0.0,0,0.0,7.0,0.99956083,0.029633328,1.0,6.123234e-17,1,0,0,1,5785.0,1,5691.0,1,4407.0,1,6052.0,1,6326.0,1,5125.0,1,5706.0,1,6024.0,5253.333,4951.7065,94.0
1024,2014-03-31,7901.0,931.0,1.0,1.0,0,0.0,1.0,0.9960498,-0.08879589,1.0,6.123234e-17,1,0,1,1,0.0,1,5785.0,1,4577.0,1,0.0,1,6439.0,1,6124.0,1,7202.0,1,7359.0,3151.9998,3851.3271,-5785.0
1024,2014-04-01,7248.0,838.0,1.0,1.0,0,0.0,2.0,0.9960498,-0.08879589,0.8660254,-0.5,2,1,0,1,7901.0,1,0.0,1,5691.0,1,4521.0,1,5001.0,1,0.0,1,5195.0,1,6486.0,5051.6,4751.2544,7901.0
1024,2014-04-02,6098.0,738.0,1.0,1.0,0,0.0,3.0,0.9960498,-0.08879589,0.8660254,-0.5,2,0,0,1,7248.0,1,7901.0,1,5785.0,1,4399.0,1,6194.0,1,7619.0,1,0.0,1,0.0,5930.16,5306.087,-653.0
1024,2014-04-03,6277.0,786.0,1.0,1.0,0,0.0,4.0,0.9960498,-0.08879589,0.8660254,-0.5,2,0,0,1,6098.0,1,7248.0,1,0.0,1,4407.0,1,6052.0,1,6326.0,1,4160.0,1,4548.0,5997.296,5482.0674,-1150.0
1024,2014-04-04,7350.0,916.0,1.0,1.0,0,0.0,5.0,0.9960498,-0.08879589,0.8660254,-0.5,2,0,0,1,6277.0,1,6098.0,1,7901.0,1,4577.0,1,0.0,1,6439.0,1,4186.0,1,4440.0,6109.1777,5658.719,179.0
1024,2014-04-05,6553.0,885.0,1.0,0.0,0,0.0,6.0,0.9960498,-0.08879589,0.8660254,-0.5,2,0,0,1,7350.0,1,6277.0,1,7248.0,1,5691.0,1,4521.0,1,5001.0,1,4134.0,1,4431.0,6605.5063,6034.5596,1073.0
1024,2014-04-06,0.0,0.0,0.0,0.0,0,0.0,7.0,0.9960498,-0.08879589,0.8660254,-0.5,2,0,0,1,6553.0,1,7350.0,1,6098.0,1,5785.0,1,4399.0,1,6194.0,1,4277.0,1,4698.0,6584.504,6149.7686,-797.0
1024,2014-04-07,5096.0,722.0,1.0,0.0,0,0.0,1.0,0.9785565,-0.20597862,0.8660254,-0.5,2,0,0,1,0.0,1,6553.0,1,6277.0,1,0.0,1,4407.0,1,6052.0,1,5125.0,1,6283.0,3950.7024,4783.1533,-6553.0
1024,2014-04-08,4331.0,656.0,1.0,0.0,0,0.0,2.0,0.9785565,-0.20597862,0.8660254,-0.5,2,0,0,1,5096.0,1,0.0,1,7350.0,1,7901.0,1,4577.0,1,0.0,1,6124.0,1,6590.0,4408.8213,4852.675,5096.0
1024,2014-04-09,4843.0,695.0,1.0,0.0,0,0.0,3.0,0.9785565,-0.20597862,0.8660254,-0.5,2,0,0,1,4331.0,1,5096.0,1,6553.0,1,7248.0,1,5691.0,1,4521.0,1,0.0,1,0.0,4377.693,4736.747,-765.0
1024,2014-04-10,4487.0,647.0,1.0,0.0,0,0.0,4.0,0.9785565,-0.20597862,0.8660254,-0.5,2,0,0,1,4843.0,1,4331.0,1,0.0,1,6098.0,1,5785.0,1,4399.0,1,7619.0,1,7884.0,4563.816,4760.359,512.0
1024,2014-04-11,5446.0,751.0,1.0,0.0,0,0.0,5.0,0.9785565,-0.20597862,0.8660254,-0.5,2,0,0,1,4487.0,1,4843.0,1,5096.0,1,6277.0,1,0.0,1,4407.0,1,6326.0,1,6233.0,4533.0894,4699.6123,-356.0
1024,2014-04-12,6318.0,853.0,1.0,0.0,0,0.0,6.0,0.9785565,-0.20597862,0.8660254,-0.5,2,0,0,1,5446.0,1,4487.0,1,4331.0,1,7350.0,1,7901.0,1,4577.0,1,6439.0,1,6346.0,4898.2534,4865.476,959.0
1024,2014-04-13,0.0,0.0,0.0,0.0,0,0.0,7.0,0.9785565,-0.20597862,0.8660254,-0.5,2,0,0,1,6318.0,1,5446.0,1,4843.0,1,6553.0,1,7248.0,1,5691.0,1,5001.0,1,6156.0,5466.1523,5188.2593,872.0
1024,2014-04-14,9715.0,1008.0,1.0,1.0,0,0.0,1.0,0.94732636,-0.32026985,0.8660254,-0.5,2,0,0,1,0.0,1,6318.0,1,4487.0,1,0.0,1,6098.0,1,5785.0,1,6194.0,1,6524.0,3279.6914,4035.3127,-6318.0
1024,2014-04-15,8569.0,917.0,1.0,1.0,0,0.0,2.0,0.94732636,-0.32026985,0.8660254,-0.5,2,0,0,1,9715.0,1,0.0,1,5446.0,1,5096.0,1,6277.0,1,0.0,1,6052.0,1,5968.0,5853.815,5297.4653,9715.0
1024,2014-04-16,7473.0,909.0,1.0,1.0,0,1.0,3.0,0.94732636,-0.32026985,0.8660254,-0.5,2,0,0,1,8569.0,1,9715.0,1,6318.0,1,4331.0,1,7350.0,1,7901.0,1,0.0,1,0.0,6939.8887,6024.473,-1146.0
1024,2014-04-17,8802.0,1096.0,1.0,1.0,0,1.0,4.0,0.94732636,-0.32026985,0.8660254,-0.5,2,0,0,1,7473.0,1,8569.0,1,0.0,1,4843.0,1,6553.0,1,7248.0,1,4521.0,1,4443.0,7153.1333,6346.368,-1096.0
1024,2014-04-18,0.0,0.0,0.0,1.0,2,1.0,5.0,0.94732636,-0.32026985,0.8660254,-0.5,2,0,0,1,8802.0,1,7473.0,1,9715.0,1,4487.0,1,0.0,1,6098.0,1,4399.0,1,4185.0,7812.68,6892.064,1329.0
1024,2014-04-19,8208.0,1109.0,1.0,0.0,0,0.0,6.0,0.94732636,-0.32026985,0.8660254,-0.5,2,0,0,1,0.0,1,8802.0,1,8569.0,1,5446.0,1,5096.0,1,6277.0,1,4407.0,1,4654.0,4687.608,5360.494,-8802.0
1024,2014-04-20,0.0,0.0,0.0,0.0,0,0.0,7.0,0.94732636,-0.32026985,0.8660254,-0.5,2,0,0,1,8208.0,1,0.0,1,7473.0,1,6318.0,1,4331.0,1,7350.0,1,4577.0,1,4888.0,6095.7646,5993.2734,8208.0
1024,2014-04-21,0.0,0.0,0.0,0.0,2,1.0,1.0,0.9027978,-0.4300652,0.8660254,-0.5,2,0,0,1,0.0,1,8208.0,1,8802.0,1,0.0,1,4843.0,1,6553.0,1,5691.0,1,6448.0,3657.459,4661.4346,-8208.0
1024,2014-04-22,5424.0,744.0,1.0,0.0,0,1.0,2.0,0.9027978,-0.4300652,0.8660254,-0.5,2,0,0,1,0.0,1,0.0,1,0.0,1,9715.0,1,4487.0,1,0.0,1,5785.0,1,6515.0,2194.4753,3625.5603,0.0
1024,2014-04-23,4501.0,675.0,1.0,0.0,0,1.0,3.0,0.9027978,-0.4300652,0.8660254,-0.5,2,0,0,1,5424.0,1,0.0,1,8208.0,1,8569.0,1,5446.0,1,5096.0,1,0.0,1,0.0,3486.2852,4025.2136,5424.0
1024,2014-04-24,4217.0,642.0,1.0,0.0,0,1.0,4.0,0.9027978,-0.4300652,0.8660254,-0.5,2,0,0,1,4501.0,1,5424.0,1,0.0,1,7473.0,1,6318.0,1,4331.0,1,7901.0,1,7964.0,3892.1711,4130.944,-923.0
1024,2014-04-25,4415.0,676.0,1.0,0.0,0,1.0,5.0,0.9027978,-0.4300652,0.8660254,-0.5,2,0,0,1,4217.0,1,4501.0,1,0.0,1,8802.0,1,0.0,1,4843.0,1,7248.0,1,6277.0,4022.1028,4150.0674,-284.0
1024,2014-04-26,5038.0,737.0,1.0,0.0,0,0.0,6.0,0.9027978,-0.4300652,0.8660254,-0.5,2,0,0,1,4415.0,1,4217.0,1,5424.0,1,0.0,1,9715.0,1,4487.0,1,6098.0,1,6055.0,4179.2617,4208.9414,198.0
1024,2014-04-27,0.0,0.0,0.0,0.0,0,0.0,7.0,0.9027978,-0.4300652,0.8660254,-0.5,2,0,0,1,5038.0,1,4415.0,1,4501.0,1,8208.0,1,8569.0,1,5446.0,1,6277.0,1,5706.0,4522.757,4393.177,623.0
1024,2014-04-28,7291.0,840.0,1.0,1.0,0,1.0,1.0,0.845596,-0.5338234,0.8660254,-0.5,2,0,0,1,0.0,1,5038.0,1,4217.0,1,0.0,1,7473.0,1,6318.0,1,7350.0,1,7202.0,2713.6543,3416.9153,-5038.0
1024,2014-04-29,6596.0,779.0,1.0,1.0,0,1.0,2.0,0.845596,-0.5338234,0.8660254,-0.5,2,0,0,1,7291.0,1,0.0,1,4415.0,1,0.0,1,8802.0,1,0.0,1,6553.0,1,5195.0,4544.5923,4277.8228,7291.0
1024,2014-04-30,8369.0,983.0,1.0,1.0,0,1.0,3.0,0.845596,-0.5338234,0.8660254,-0.5,2,0,1,1,6596.0,1,7291.0,1,5038.0,1,5424.0,1,0.0,1,9715.0,1,0.0,1,0.0,5365.1553,4792.973,-695.0
1024,2014-05-01,0.0,0.0,0.0,1.0,1,1.0,4.0,0.845596,-0.5338234,0.5,-0.8660254,2,1,0,1,8369.0,1,6596.0,1,0.0,1,4501.0,1,8208.0,1,8569.0,1,5096.0,1,4160.0,6566.6934,5587.646,1773.0
1024,2014-05-02,9605.0,1126.0,1.0,1.0,0,1.0,5.0,0.845596,-0.5338234,0.5,-0.8660254,2,0,0,1,0.0,1,8369.0,1,7291.0,1,4217.0,1,0.0,1,7473.0,1,4331.0,1,4186.0,3940.0159,4345.947,-8369.0
1024,2014-05-03,5963.0,826.0,1.0,0.0,0,0.0,6.0,0.845596,-0.5338234,0.5,-0.8660254,2,0,0,1,9605.0,1,0.0,1,6596.0,1,4415.0,1,0.0,1,8802.0,1,4843.0,1,4134.0,6206.01,5514.6255,9605.0
1024,2014-05-04,0.0,0.0,0.0,0.0,0,0.0,7.0,0.845596,-0.5338234,0.5,-0.8660254,2,0,0,1,5963.0,1,9605.0,1,8369.0,1,5038.0,1,5424.0,1,0.0,1,4487.0,1,4277.0,6108.8057,5614.264,-3642.0
1024,2014-05-05,8105.0,944.0,1.0,1.0,0,0.0,1.0,0.7765239,-0.63008785,0.5,-0.8660254,2,0,0,1,0.0,1,5963.0,1,0.0,1,0.0,1,4501.0,1,8208.0,1,5446.0,1,5125.0,3665.2834,4366.65,-5963.0
1024,2014-05-06,7063.0,802.0,1.0,1.0,0,0.0,2.0,0.7765239,-0.63008785,0.5,-0.8660254,2,0,0,1,8105.0,1,0.0,1,9605.0,1,7291.0,1,4217.0,1,0.0,1,6318.0,1,6124.0,5441.17,5197.3945,8105.0
1024,2014-05-07,6625.0,801.0,1.0,1.0,0,0.0,3.0,0.7765239,-0.63008785,0.5,-0.8660254,2,0,0,1,7063.0,1,8105.0,1,5963.0,1,6596.0,1,4415.0,1,0.0,1,0.0,1,0.0,6089.902,5611.9736,-1042.0
1024,2014-05-08,6631.0,776.0,1.0,1.0,0,0.0,4.0,0.7765239,-0.63008785,0.5,-0.8660254,2,0,0,1,6625.0,1,7063.0,1,0.0,1,8369.0,1,5038.0,1,5424.0,1,9715.0,1,7619.0,6303.9414,5837.0903,-438.0
1024,2014-05-09,7849.0,892.0,1.0,1.0,0,0.0,5.0,0.7765239,-0.63008785,0.5,-0.8660254,2,0,0,1,6631.0,1,6625.0,1,8105.0,1,0.0,1,0.0,1,4501.0,1,8569.0,1,6326.0,6434.7646,6013.5146,6.0
1024,2014-05-10,6810.0,883.0,1.0,0.0,0,0.0,6.0,0.7765239,-0.63008785,0.5,-0.8660254,2,0,0,1,7849.0,1,6631.0,1,7063.0,1,9605.0,1,7291.0,1,4217.0,1,7473.0,1,6439.0,7000.459,6421.4004,1218.0
1024,2014-05-11,0.0,0.0,0.0,0.0,0,0.0,7.0,0.7765239,-0.63008785,0.5,-0.8660254,2,0,0,1,6810.0,1,7849.0,1,6625.0,1,5963.0,1,6596.0,1,4415.0,1,8802.0,1,5001.0,6924.2754,6507.756,-1039.0
1024,2014-05-12,4803.0,685.0,1.0,0.0,0,0.0,1.0,0.696551,-0.71750724,0.5,-0.8660254,2,0,0,1,0.0,1,6810.0,1,6631.0,1,0.0,1,8369.0,1,5038.0,1,0.0,1,6194.0,4154.565,5061.588,-6810.0
1024,2014-05-13,4437.0,645.0,1.0,0.0,0,0.0,2.0,0.696551,-0.71750724,0.5,-0.8660254,2,0,0,1,4803.0,1,0.0,1,7849.0,1,8105.0,1,0.0,1,0.0,1,8208.0,1,6052.0,4413.939,5004.124,4803.0
1024,2014-05-14,4308.0,606.0,1.0,0.0,0,0.0,3.0,0.696551,-0.71750724,0.5,-0.8660254,2,0,0,1,4437.0,1,4803.0,1,6810.0,1,7063.0,1,9605.0,1,7291.0,1,0.0,1,0.0,4423.1636,4878.096,-366.0
1024,2014-05-15,4417.0,637.0,1.0,0.0,0,0.0,4.0,0.696551,-0.71750724,0.5,-0.8660254,2,0,0,1,4308.0,1,4437.0,1,0.0,1,6625.0,1,5963.0,1,6596.0,1,0.0,1,4521.0,4377.098,4751.408,-129.0
1024,2014-05-16,4978.0,753.0,1.0,0.0,0,0.0,5.0,0.696551,-0.71750724,0.5,-0.8660254,2,0,0,1,4417.0,1,4308.0,1,4803.0,1,6631.0,1,0.0,1,8369.0,1,5424.0,1,4399.0,4393.059,4677.095,109.0
1024,2014-05-17,5304.0,752.0,1.0,0.0,0,0.0,6.0,0.696551,-0.71750724,0.5,-0.8660254,2,0,0,1,4978.0,1,4417.0,1,4437.0,1,7849.0,1,8105.0,1,0.0,1,4501.0,1,4407.0,4627.035,4743.963,561.0
1024,2014-05-18,0.0,0.0,0.0,0.0,0,0.0,7.0,0.696551,-0.71750724,0.5,-0.8660254,2,0,0,1,5304.0,1,4978.0,1,4308.0,1,6810.0,1,7063.0,1,9605.0,1,4217.0,1,4577.0,4897.8213,4868.4155,326.0
1024,2014-05-19,7453.0,881.0,1.0,1.0,0,0.0,1.0,0.60680014,-0.79485446,0.5,-0.8660254,2,0,0,1,0.0,1,5304.0,1,4417.0,1,0.0,1,6625.0,1,5963.0,1,4415.0,1,5691.0,2938.6926,3786.5457,-5304.0
1024,2014-05-20,5713.0,716.0,1.0,1.0,0,0.0,2.0,0.60680014,-0.79485446,0.5,-0.8660254,2,0,0,1,7453.0,1,0.0,1,4978.0,1,4803.0,1,6631.0,1,0.0,1,5038.0,1,5785.0,4744.4155,4601.313,7453.0
1024,2014-05-21,5315.0,640.0,1.0,1.0,0,0.0,3.0,0.60680014,-0.79485446,0.5,-0.8660254,2,0,0,1,5713.0,1,7453.0,1,5304.0,1,4437.0,1,7849.0,1,8105.0,1,0.0,1,0.0,5131.8496,4848.3545,-1740.0
1024,2014-05-22,5454.0,680.0,1.0,1.0,0,0.0,4.0,0.60680014,-0.79485446,0.5,-0.8660254,2,0,0,1,5315.0,1,5713.0,1,0.0,1,4308.0,1,6810.0,1,7063.0,1,7291.0,1,7901.0,5205.11,4952.0537,-398.0
1024,2014-05-23,6786.0,802.0,1.0,1.0,0,0.0,5.0,0.60680014,-0.79485446,0.5,-0.8660254,2,0,0,1,5454.0,1,5315.0,1,7453.0,1,4417.0,1,0.0,1,6625.0,1,6596.0,1,7248.0,5304.666,5063.597,139.0
1024,2014-05-24,5316.0,764.0,1.0,0.0,0,0.0,6.0,0.60680014,-0.79485446,0.5,-0.8660254,2,0,0,1,6786.0,1,5454.0,1,5713.0,1,4978.0,1,4803.0,1,6631.0,1,8369.0,1,6098.0,5897.1997,5446.3535,1332.0
1024,2014-05-25,0.0,0.0,0.0,0.0,0,0.0,7.0,0.60680014,-0.79485446,0.5,-0.8660254,2,0,0,1,5316.0,1,6786.0,1,5315.0,1,5304.0,1,4437.0,1,7849.0,1,0.0,1,6277.0,5664.7197,5417.386,-1470.0
1024,2014-05-26,4692.0,635.0,1.0,0.0,0,0.0,1.0,0.5085311,-0.86104363,0.5,-0.8660254,2,0,0,1,0.0,1,5316.0,1,5454.0,1,0.0,1,4308.0,1,6810.0,1,9605.0,1,7350.0,3398.8318,4213.5225,-5316.0
1024,2014-05-27,4682.0,684.0,1.0,0.0,0,0.0,2.0,0.5085311,-0.86104363,0.5,-0.8660254,2,0,0,1,4692.0,1,0.0,1,6786.0,1,7453.0,1,4417.0,1,0.0,1,5963.0,1,6553.0,3916.099,4319.8506,4692.0
1024,2014-05-28,6058.0,833.0,1.0,0.0,0,0.0,3.0,0.5085311,-0.86104363,0.5,-0.8660254,2,0,0,1,4682.0,1,4692.0,1,5316.0,1,5713.0,1,4978.0,1,4803.0,1,0.0,1,0.0,4222.4595,4400.3286,-10.0
1024,2014-05-29,0.0,0.0,0.0,0.0,1,0.0,4.0,0.5085311,-0.86104363,0.5,-0.8660254,2,0,0,1,6058.0,1,4682.0,1,0.0,1,5315.0,1,5304.0,1,4437.0,1,8105.0,1,5096.0,4956.676,4768.6997,1376.0
1024,2014-05-30,7296.0,891.0,1.0,0.0,0,1.0,5.0,0.5085311,-0.86104363,0.5,-0.8660254,2,0,0,1,0.0,1,6058.0,1,4692.0,1,5454.0,1,0.0,1,4308.0,1,7063.0,1,4331.0,2974.0054,3708.9888,-6058.0
1024,2014-05-31,5980.0,831.0,1.0,0.0,0,0.0,6.0,0.5085311,-0.86104363,0.5,-0.8660254,2,0,1,1,7296.0,1,0.0,1,4682.0,1,6786.0,1,7453.0,1,4417.0,1,6625.0,1,4843.0,4702.803,4506.1025,7296.0
1024,2014-06-01,0.0,0.0,0.0,0.0,0,0.0,7.0,0.5085311,-0.86104363,1.2246469e-16,-1.0,2,1,0,1,5980.0,1,7296.0,1,6058.0,1,5316.0,1,5713.0,1,4978.0,1,6631.0,1,4487.0,5213.682,4833.6353,-1316.0
1024,2014-06-02,8852.0,931.0,1.0,1.0,0,0.0,1.0,0.40312344,-0.91514564,1.2246469e-16,-1.0,2,0,0,1,0.0,1,5980.0,1,0.0,1,0.0,1,5315.0,1,5304.0,1,7849.0,1,5446.0,3128.2092,3759.4941,-5980.0
1024,2014-06-03,6559.0,782.0,1.0,1.0,0,0.0,2.0,0.40312344,-0.91514564,1.2246469e-16,-1.0,2,0,0,1,8852.0,1,0.0,1,7296.0,1,4692.0,1,5454.0,1,0.0,1,6810.0,1,6318.0,5417.7256,4891.162,8852.0
1024,2014-06-04,6110.0,748.0,1.0,1.0,0,0.0,3.0,0.40312344,-0.91514564,1.2246469e-16,-1.0,2,0,0,1,6559.0,1,8852.0,1,5980.0,1,4682.0,1,6786.0,1,7453.0,1,0.0,1,0.0,5874.2354,5261.7925,-2293.0
1024,2014-06-05,6945.0,814.0,1.0,1.0,0,0.0,4.0,0.40312344,-0.91514564,1.2246469e-16,-1.0,2,0,0,1,6110.0,1,6559.0,1,0.0,1,6058.0,1,5316.0,1,5713.0,1,4803.0,1,9715.0,5968.541,5450.283,-449.0
1024,2014-06-06,7335.0,885.0,1.0,1.0,0,0.0,5.0,0.40312344,-0.91514564,1.2246469e-16,-1.0,2,0,0,1,6945.0,1,6110.0,1,8852.0,1,0.0,1,0.0,1,5315.0,1,4437.0,1,8569.0,6359.1245,5782.4424,835.0
1024,2014-06-07,6165.0,855.0,1.0,0.0,0,0.0,6.0,0.40312344,-0.91514564,1.2246469e-16,-1.0,2,0,0,1,7335.0,1,6945.0,1,6559.0,1,7296.0,1,4692.0,1,5454.0,1,4308.0,1,7473.0,6749.4746,6127.455,390.0
1024,2014-06-08,0.0,0.0,0.0,0.0,0,0.0,7.0,0.40312344,-0.91514564,1.2246469e-16,-1.0,2,0,0,1,6165.0,1,7335.0,1,6110.0,1,5980.0,1,4682.0,1,6786.0,1,4417.0,1,8802.0,6515.685,6135.7983,-1170.0
1024,2014-06-09,0.0,0.0,0.0,0.0,1,0.0,1.0,0.29205677,-0.956401,1.2246469e-16,-1.0,2,0,0,1,0.0,1,6165.0,1,6945.0,1,0.0,1,6058.0,1,5316.0,1,4978.0,1,0.0,3909.411,4772.2876,-6165.0
1024,2014-06-10,5045.0,748.0,1.0,0.0,0,0.0,2.0,0.29205677,-0.956401,1.2246469e-16,-1.0,2,0,0,1,0.0,1,0.0,1,7335.0,1,8852.0,1,0.0,1,0.0,1,5304.0,1,8208.0,2345.6465,3711.7793,0.0
1024,2014-06-11,5393.0,739.0,1.0,0.0,0,0.0,3.0,0.29205677,-0.956401,1.2246469e-16,-1.0,2,0,0,1,5045.0,1,0.0,1,6165.0,1,6559.0,1,7296.0,1,4692.0,1,0.0,1,0.0,3425.388,4008.0505,5045.0
1024,2014-06-12,4819.0,659.0,1.0,0.0,0,0.0,4.0,0.29205677,-0.956401,1.2246469e-16,-1.0,2,0,0,1,5393.0,1,5045.0,1,0.0,1,6110.0,1,5980.0,1,4682.0,1,7453.0,1,0.0,4212.4326,4315.8174,348.0
1024,2014-06-13,5409.0,727.0,1.0,0.0,0,0.0,5.0,0.29205677,-0.956401,1.2246469e-16,-1.0,2,0,0,1,4819.0,1,5393.0,1,0.0,1,6945.0,1,0.0,1,6058.0,1,5713.0,1,5424.0,4455.0596,4427.6357,-574.0
1024,2014-06-14,5554.0,775.0,1.0,0.0,0,0.0,6.0,0.29205677,-0.956401,1.2246469e-16,-1.0,2,0,0,1,5409.0,1,4819.0,1,5045.0,1,7335.0,1,8852.0,1,0.0,1,5315.0,1,4501.0,4836.6357,4645.7163,590.0
1024,2014-06-15,0.0,0.0,0.0,0.0,0,0.0,7.0,0.29205677,-0.956401,1.2246469e-16,-1.0,2,0,0,1,5554.0,1,5409.0,1,5393.0,1,6165.0,1,6559.0,1,7296.0,1,5454.0,1,4217.0,5123.5815,4847.557,145.0
1024,2014-06-16,7289.0,832.0,1.0,1.0,0,0.0,1.0,0.17689027,-0.9842306,1.2246469e-16,-1.0,2,0,0,1,0.0,1,5554.0,1,4819.0,1,0.0,1,6110.0,1,5980.0,1,6786.0,1,4415.0,3074.149,3770.3223,-5554.0
1024,2014-06-17,5983.0,716.0,1.0,1.0,0,0.0,2.0,0.17689027,-0.9842306,1.2246469e-16,-1.0,2,0,0,1,7289.0,1,0.0,1,5409.0,1,0.0,1,6945.0,1,0.0,1,5316.0,1,5038.0,4760.0894,4552.2505,7289.0
1024,2014-06-18,6829.0,761.0,1.0,1.0,0,0.0,3.0,0.17689027,-0.9842306,1.2246469e-16,-1.0,2,0,0,1,5983.0,1,7289.0,1,5554.0,1,5045.0,1,7335.0,1,8852.0,1,0.0,1,0.0,5249.2534,4870.195,-1306.0
1024,2014-06-19,6298.0,797.0,1.0,1.0,0,0.0,4.0,0.17689027,-0.9842306,1.2246469e-16,-1.0,2,0,0,1,6829.0,1,5983.0,1,0.0,1,5393.0,1,6165.0,1,6559.0,1,4692.0,1,7291.0,5881.1523,5305.485,846.0
1024,2014-06-20,6200.0,812.0,1.0,1.0,0,0.0,5.0,0.17689027,-0.9842306,1.2246469e-16,-1.0,2,0,0,1,6298.0,1,6829.0,1,7289.0,1,4819.0,1,0.0,1,6110.0,1,4682.0,1,6596.0,6047.891,5526.044,-531.0
1024,2014-06-21,5183.0,725.0,1.0,0.0,0,0.0,6.0,0.17689027,-0.9842306,1.2246469e-16,-1.0,2,0,0,1,6200.0,1,6298.0,1,5983.0,1,5409.0,1,0.0,1,6945.0,1,6058.0,1,8369.0,6108.735,5675.812,-98.0
1024,2014-06-22,0.0,0.0,0.0,0.0,0,0.0,7.0,0.17689027,-0.9842306,1.2246469e-16,-1.0,2,0,0,1,5183.0,1,6200.0,1,6829.0,1,5554.0,1,5045.0,1,7335.0,1,0.0,1,0.0,5738.441,5566.2983,-1017.0
1024,2014-06-23,4325.0,684.0,1.0,0.0,0,0.0,1.0,0.059240628,-0.99824375,1.2246469e-16,-1.0,2,0,0,1,0.0,1,5183.0,1,6298.0,1,0.0,1,5393.0,1,6165.0,1,7296.0,1,9605.0,3443.0645,4329.343,-5183.0
1024,2014-06-24,4344.0,626.0,1.0,0.0,0,0.0,2.0,0.059240628,-0.99824375,1.2246469e-16,-1.0,2,0,0,1,4325.0,1,0.0,1,6200.0,1,7289.0,1,4819.0,1,0.0,1,5980.0,1,5963.0,3795.8386,4328.378,4325.0
1024,2014-06-25,4019.0,599.0,1.0,0.0,0,0.0,3.0,0.059240628,-0.99824375,1.2246469e-16,-1.0,2,0,0,1,4344.0,1,4325.0,1,5183.0,1,5983.0,1,5409.0,1,0.0,1,0.0,1,0.0,4015.1033,4331.8496,19.0
1024,2014-06-26,4065.0,571.0,1.0,0.0,0,0.0,4.0,0.059240628,-0.99824375,1.2246469e-16,-1.0,2,0,0,1,4019.0,1,4344.0,1,0.0,1,6829.0,1,5554.0,1,5045.0,1,8852.0,1,8105.0,4016.6619,4262.327,-325.0
1024,2014-06-27,5653.0,739.0,1.0,0.0,0,0.0,5.0,0.059240628,-0.99824375,1.2246469e-16,-1.0,2,0,0,1,4065.0,1,4019.0,1,4325.0,1,6298.0,1,0.0,1,5393.0,1,6559.0,1,7063.0,4035.997,4218.477,46.0
1024,2014-06-28,6364.0,794.0,1.0,0.0,0,0.0,6.0,0.059240628,-0.99824375,1.2246469e-16,-1.0,2,0,0,1,5653.0,1,4065.0,1,4344.0,1,6200.0,1,7289.0,1,4819.0,1,6110.0,1,6625.0,4682.7983,4537.26,1588.0
1024,2014-06-29,0.0,0.0,0.0,0.0,0,0.0,7.0,0.059240628,-0.99824375,1.2246469e-16,-1.0,2,0,0,1,6364.0,1,5653.0,1,4019.0,1,5183.0,1,5983.0,1,5409.0,1,6945.0,1,6631.0,5355.279,4943.202,711.0
1024,2014-06-30,8936.0,974.0,1.0,1.0,0,0.0,1.0,-0.059240628,-0.99824375,1.2246469e-16,-1.0,2,0,1,1,0.0,1,6364.0,1,4065.0,1,0.0,1,6829.0,1,5554.0,1,7335.0,1,7849.0,3213.1675,3844.7126,-6364.0
1024,2014-07-01,8642.0,854.0,1.0,1.0,0,0.0,2.0,-0.059240628,-0.99824375,-0.5,-0.8660254,3,1,0,1,8936.0,1,0.0,1,5653.0,1,4325.0,1,6298.0,1,0.0,1,6165.0,1,6810.0,5502.3003,4976.11,8936.0
1024,2014-07-02,7372.0,840.0,1.0,1.0,0,0.0,3.0,-0.059240628,-0.99824375,-0.5,-0.8660254,3,0,0,1,8642.0,1,8936.0,1,6364.0,1,4344.0,1,6200.0,1,7289.0,1,0.0,1,0.0,6758.18,5790.752,-294.0
1024,2014-07-03,6133.0,774.0,1.0,1.0,0,0.0,4.0,-0.059240628,-0.99824375,-0.5,-0.8660254,3,0,0,1,7372.0,1,8642.0,1,0.0,1,4019.0,1,5183.0,1,5983.0,1,0.0,1,4803.0,7003.708,6142.1406,-1270.0
1024,2014-07-04,5709.0,733.0,1.0,1.0,0,0.0,5.0,-0.059240628,-0.99824375,-0.5,-0.8660254,3,0,0,1,6133.0,1,7372.0,1,8936.0,1,4065.0,1,0.0,1,6829.0,1,5045.0,1,4437.0,6655.425,6140.1094,-1239.0
1024,2014-07-05,5688.0,804.0,1.0,0.0,0,0.0,6.0,-0.059240628,-0.99824375,-0.5,-0.8660254,3,0,0,1,5709.0,1,6133.0,1,8642.0,1,5653.0,1,4325.0,1,6298.0,1,5393.0,1,4308.0,6276.855,6044.307,-424.0
1024,2014-07-06,0.0,0.0,0.0,0.0,0,0.0,7.0,-0.059240628,-0.99824375,-0.5,-0.8660254,3,0,0,1,5688.0,1,5709.0,1,7372.0,1,6364.0,1,4344.0,1,6200.0,1,4819.0,1,4417.0,6041.313,5965.128,-21.0
1024,2014-07-07,5379.0,707.0,1.0,0.0,0,0.0,1.0,-0.17689027,-0.9842306,-0.5,-0.8660254,3,0,0,1,0.0,1,5688.0,1,6133.0,1,0.0,1,4019.0,1,5183.0,1,5409.0,1,4978.0,3624.7878,4639.544,-5688.0
1024,2014-07-08,5074.0,714.0,1.0,0.0,0,0.0,2.0,-0.17689027,-0.9842306,-0.5,-0.8660254,3,0,0,1,5379.0,1,0.0,1,5709.0,1,8936.0,1,4065.0,1,0.0,1,5554.0,1,5304.0,4326.4727,4803.8677,5379.0
1024,2014-07-09,4471.0,618.0,1.0,0.0,0,0.0,3.0,-0.17689027,-0.9842306,-0.5,-0.8660254,3,0,0,1,5074.0,1,5379.0,1,5688.0,1,8642.0,1,5653.0,1,4325.0,1,0.0,1,0.0,4625.4834,4863.897,-305.0
1024,2014-07-10,4828.0,644.0,1.0,0.0,0,0.0,4.0,-0.17689027,-0.9842306,-0.5,-0.8660254,3,0,0,1,4471.0,1,5074.0,1,0.0,1,7372.0,1,6364.0,1,4344.0,1,7289.0,1,7453.0,4563.69,4776.5864,-603.0
1024,2014-07-11,5874.0,779.0,1.0,0.0,0,0.0,5.0,-0.17689027,-0.9842306,-0.5,-0.8660254,3,0,0,1,4828.0,1,4471.0,1,5379.0,1,6133.0,1,0.0,1,4019.0,1,5983.0,1,5713.0,4669.414,4788.0117,357.0
1024,2014-07-12,6031.0,799.0,1.0,0.0,0,0.0,6.0,-0.17689027,-0.9842306,-0.5,-0.8660254,3,0,0,1,5874.0,1,4828.0,1,5074.0,1,5709.0,1,8936.0,1,4065.0,1,6829.0,1,5315.0,5151.2485,5029.3423,1046.0
1024,2014-07-13,0.0,0.0,0.0,0.0,0,0.0,7.0,-0.17689027,-0.9842306,-0.5,-0.8660254,3,0,0,1,6031.0,1,5874.0,1,4471.0,1,5688.0,1,8642.0,1,5653.0,1,6298.0,1,5454.0,5503.149,5251.933,157.0
1024,2014-07-14,8476.0,858.0,1.0,1.0,0,1.0,1.0,-0.29205677,-0.956401,-0.5,-0.8660254,3,0,0,1,0.0,1,6031.0,1,4828.0,1,0.0,1,7372.0,1,6364.0,1,6200.0,1,6786.0,3301.8894,4084.8367,-6031.0
1024,2014-07-15,6446.0,721.0,1.0,1.0,0,1.0,2.0,-0.29205677,-0.956401,-0.5,-0.8660254,3,0,0,1,8476.0,1,0.0,1,5874.0,1,5379.0,1,6133.0,1,0.0,1,5183.0,1,5316.0,5371.5337,5060.651,8476.0
1024,2014-07-16,6080.0,751.0,1.0,1.0,0,1.0,3.0,-0.29205677,-0.956401,-0.5,-0.8660254,3,0,0,1,6446.0,1,8476.0,1,6031.0,1,5074.0,1,5709.0,1,8936.0,1,0.0,1,0.0,5801.3203,5368.5063,-2030.0
1024,2014-07-17,6315.0,770.0,1.0,1.0,0,1.0,4.0,-0.29205677,-0.956401,-0.5,-0.8660254,3,0,0,1,6080.0,1,6446.0,1,0.0,1,4471.0,1,5688.0,1,8642.0,1,4325.0,1,4692.0,5912.792,5526.6157,-366.0
1024,2014-07-18,6275.0,757.0,1.0,1.0,0,1.0,5.0,-0.29205677,-0.956401,-0.5,-0.8660254,3,0,0,1,6315.0,1,6080.0,1,8476.0,1,4828.0,1,0.0,1,7372.0,1,4344.0,1,4682.0,6073.6753,5701.8125,235.0
1024,2014-07-19,4963.0,696.0,1.0,0.0,0,0.0,6.0,-0.29205677,-0.956401,-0.5,-0.8660254,3,0,0,1,6275.0,1,6315.0,1,6446.0,1,5874.0,1,5379.0,1,6133.0,1,4019.0,1,6058.0,6154.205,5829.1875,-40.0
1024,2014-07-20,0.0,0.0,0.0,0.0,0,0.0,7.0,-0.29205677,-0.956401,-0.5,-0.8660254,3,0,0,1,4963.0,1,6275.0,1,6080.0,1,6031.0,1,5074.0,1,5709.0,1,4065.0,1,0.0,5677.723,5636.701,-1312.0
1024,2014-07-21,5301.0,700.0,1.0,0.0,0,1.0,1.0,-0.40312344,-0.91514564,-0.5,-0.8660254,3,0,0,1,0.0,1,4963.0,1,6315.0,1,0.0,1,4471.0,1,5688.0,1,5653.0,1,7296.0,3406.6338,4384.101,-4963.0
1024,2014-07-22,3903.0,590.0,1.0,0.0,0,1.0,2.0,-0.40312344,-0.91514564,-0.5,-0.8660254,3,0,0,1,5301.0,1,0.0,1,6275.0,1,8476.0,1,4828.0,1,0.0,1,6364.0,1,5980.0,4164.3804,4587.8564,5301.0
1024,2014-07-23,3890.0,555.0,1.0,0.0,0,1.0,3.0,-0.40312344,-0.91514564,-0.5,-0.8660254,3,0,0,1,3903.0,1,5301.0,1,4963.0,1,6446.0,1,5874.0,1,5379.0,1,0.0,1,0.0,4059.8281,4435.666,-1398.0
1024,2014-07-24,4397.0,612.0,1.0,0.0,0,1.0,4.0,-0.40312344,-0.91514564,-0.5,-0.8660254,3,0,0,1,3890.0,1,3903.0,1,0.0,1,6080.0,1,6031.0,1,5074.0,1,8936.0,1,8852.0,3991.897,4314.4067,-13.0
1024,2014-07-25,4787.0,660.0,1.0,0.0,0,1.0,5.0,-0.40312344,-0.91514564,-0.5,-0.8660254,3,0,0,1,4397.0,1,3890.0,1,5301.0,1,6315.0,1,0.0,1,4471.0,1,8642.0,1,6559.0,4153.938,4332.7607,507.0
1024,2014-07-26,6051.0,749.0,1.0,0.0,0,0.0,6.0,-0.40312344,-0.91514564,-0.5,-0.8660254,3,0,0,1,4787.0,1,4397.0,1,3903.0,1,6275.0,1,8476.0,1,4828.0,1,7372.0,1,6110.0,4407.163,4433.703,390.0
1024,2014-07-27,0.0,0.0,0.0,0.0,0,0.0,7.0,-0.40312344,-0.91514564,-0.5,-0.8660254,3,0,0,1,6051.0,1,4787.0,1,3890.0,1,4963.0,1,6446.0,1,5874.0,1,6133.0,1,6945.0,5064.6978,4793.1025,1264.0
1024,2014-07-28,7439.0,852.0,1.0,1.0,0,1.0,1.0,-0.5085311,-0.86104363,-0.5,-0.8660254,3,0,0,1,0.0,1,6051.0,1,4397.0,1,0.0,1,6080.0,1,6031.0,1,5709.0,1,7335.0,3038.8186,3727.9685,-6051.0
1024,2014-07-29,6481.0,723.0,1.0,1.0,0,1.0,2.0,-0.5085311,-0.86104363,-0.5,-0.8660254,3,0,0,1,7439.0,1,0.0,1,4787.0,1,5301.0,1,6315.0,1,0.0,1,5688.0,1,6165.0,4798.891,4552.642,7439.0
1024,2014-07-30,6706.0,769.0,1.0,1.0,0,1.0,3.0,-0.5085311,-0.86104363,-0.5,-0.8660254,3,0,0,1,6481.0,1,7439.0,1,6051.0,1,3903.0,1,6275.0,1,8476.0,1,0.0,1,0.0,5471.735,4981.166,-958.0
1024,2014-07-31,7196.0,815.0,1.0,1.0,0,1.0,4.0,-0.5085311,-0.86104363,-0.5,-0.8660254,3,0,1,1,6706.0,1,6481.0,1,0.0,1,3890.0,1,4963.0,1,6446.0,1,5379.0,1,0.0,5965.441,5364.4624,225.0
1024,2014-08-01,6934.0,849.0,1.0,1.0,0,1.0,5.0,-0.5085311,-0.86104363,-0.8660254,-0.5,3,1,0,1,7196.0,1,6706.0,1,7439.0,1,4397.0,1,0.0,1,6080.0,1,5074.0,1,5045.0,6457.6646,5771.4707,490.0
1024,2014-08-02,6107.0,773.0,1.0,0.0,0,0.0,6.0,-0.5085311,-0.86104363,-0.8660254,-0.5,3,0,0,1,6934.0,1,7196.0,1,6481.0,1,4787.0,1,5301.0,1,6315.0,1,4471.0,1,5393.0,6648.1987,6029.8105,-262.0
1024,2014-08-03,0.0,0.0,0.0,0.0,0,0.0,7.0,-0.5085311,-0.86104363,-0.8660254,-0.5,3,0,0,1,6107.0,1,6934.0,1,6706.0,1,6051.0,1,3903.0,1,6275.0,1,4828.0,1,4819.0,6431.719,6046.964,-827.0
1024,2014-08-04,8403.0,911.0,1.0,1.0,0,1.0,1.0,-0.60680014,-0.79485446,-0.8660254,-0.5,3,0,0,1,0.0,1,6107.0,1,7196.0,1,0.0,1,3890.0,1,4963.0,1,5874.0,1,5409.0,3859.0315,4703.1943,-6107.0
1024,2014-08-05,6172.0,750.0,1.0,1.0,0,1.0,2.0,-0.60680014,-0.79485446,-0.8660254,-0.5,3,0,0,1,8403.0,1,0.0,1,6934.0,1,7439.0,1,4397.0,1,0.0,1,6031.0,1,5554.0,5676.619,5525.373,8403.0
1024,2014-08-06,5833.0,750.0,1.0,1.0,0,1.0,3.0,-0.60680014,-0.79485446,-0.8660254,-0.5,3,0,0,1,6172.0,1,8403.0,1,6107.0,1,6481.0,1,4787.0,1,5301.0,1,0.0,1,0.0,5874.7715,5669.068,-2231.0
1024,2014-08-07,6127.0,791.0,1.0,1.0,0,1.0,4.0,-0.60680014,-0.79485446,-0.8660254,-0.5,3,0,0,1,5833.0,1,6172.0,1,0.0,1,6706.0,1,6051.0,1,3903.0,1,8476.0,1,7289.0,5858.063,5705.4976,-339.0
1024,2014-08-08,5854.0,747.0,1.0,1.0,0,1.0,5.0,-0.60680014,-0.79485446,-0.8660254,-0.5,3,0,0,1,6127.0,1,5833.0,1,8403.0,1,7196.0,1,0.0,1,3890.0,1,6446.0,1,5983.0,5965.6377,5799.1646,294.0
1024,2014-08-09,6071.0,801.0,1.0,0.0,0,0.0,6.0,-0.60680014,-0.79485446,-0.8660254,-0.5,3,0,0,1,5854.0,1,6127.0,1,6172.0,1,6934.0,1,7439.0,1,4397.0,1,6080.0,1,6829.0,5920.9824,5811.35,-273.0
1024,2014-08-10,0.0,0.0,0.0,0.0,0,0.0,7.0,-0.60680014,-0.79485446,-0.8660254,-0.5,3,0,0,1,6071.0,1,5854.0,1,5833.0,1,6107.0,1,6481.0,1,4787.0,1,6315.0,1,6298.0,5980.9897,5869.0503,217.0
1024,2014-08-11,5244.0,688.0,1.0,0.0,0,1.0,1.0,-0.696551,-0.71750724,-0.8660254,-0.5,3,0,0,1,0.0,1,6071.0,1,6127.0,1,0.0,1,6706.0,1,6051.0,1,6275.0,1,6200.0,3588.5938,4564.817,-6071.0
1024,2014-08-12,4758.0,626.0,1.0,0.0,0,1.0,2.0,-0.696551,-0.71750724,-0.8660254,-0.5,3,0,0,1,5244.0,1,0.0,1,5854.0,1,8403.0,1,7196.0,1,0.0,1,4963.0,1,5183.0,4250.7563,4715.7466,5244.0
1024,2014-08-13,4076.0,614.0,1.0,0.0,0,1.0,3.0,-0.696551,-0.71750724,-0.8660254,-0.5,3,0,0,1,4758.0,1,5244.0,1,6071.0,1,6172.0,1,6934.0,1,7439.0,1,0.0,1,0.0,4453.654,4725.136,-486.0
1024,2014-08-14,4729.0,646.0,1.0,0.0,0,1.0,4.0,-0.696551,-0.71750724,-0.8660254,-0.5,3,0,0,1,4076.0,1,4758.0,1,0.0,1,5833.0,1,6107.0,1,6481.0,1,5301.0,1,4325.0,4302.5923,4580.884,-682.0
1024,2014-08-15,5490.0,714.0,1.0,0.0,0,1.0,5.0,-0.696551,-0.71750724,-0.8660254,-0.5,3,0,0,1,4729.0,1,4076.0,1,5244.0,1,6127.0,1,0.0,1,6706.0,1,3903.0,1,4344.0,4473.1553,4613.7983,653.0
1024,2014-08-16,5697.0,738.0,1.0,0.0,0,0.0,6.0,-0.696551,-0.71750724,-0.8660254,-0.5,3,0,0,1,5490.0,1,4729.0,1,4758.0,1,5854.0,1,8403.0,1,7196.0,1,3890.0,1,4019.0,4879.893,4808.51,761.0
1024,2014-08-17,0.0,0.0,0.0,0.0,0,0.0,7.0,-0.696551,-0.71750724,-0.8660254,-0.5,3,0,0,1,5697.0,1,5490.0,1,4076.0,1,6071.0,1,6172.0,1,6934.0,1,4397.0,1,4065.0,5206.736,5005.952,207.0
1024,2014-08-18,8046.0,901.0,1.0,1.0,0,1.0,1.0,-0.7765239,-0.63008785,-0.8660254,-0.5,3,0,0,1,0.0,1,5697.0,1,4729.0,1,0.0,1,5833.0,1,6107.0,1,4787.0,1,5653.0,3124.0415,3893.5183,-5697.0
1024,2014-08-19,6510.0,762.0,1.0,1.0,0,1.0,2.0,-0.7765239,-0.63008785,-0.8660254,-0.5,3,0,0,1,8046.0,1,0.0,1,5490.0,1,5244.0,1,6127.0,1,0.0,1,6051.0,1,6364.0,5092.8247,4816.292,8046.0
1024,2014-08-20,6305.0,769.0,1.0,1.0,0,1.0,3.0,-0.7765239,-0.63008785,-0.8660254,-0.5,3,0,0,1,6510.0,1,8046.0,1,5697.0,1,4758.0,1,5854.0,1,8403.0,1,0.0,1,0.0,5659.695,5192.6714,-1536.0
1024,2014-08-21,6613.0,754.0,1.0,1.0,0,1.0,4.0,-0.7765239,-0.63008785,-0.8660254,-0.5,3,0,0,1,6305.0,1,6510.0,1,0.0,1,4076.0,1,6071.0,1,6172.0,1,7439.0,1,8936.0,5917.817,5439.8555,-205.0
1024,2014-08-22,7102.0,848.0,1.0,1.0,0,1.0,5.0,-0.7765239,-0.63008785,-0.8660254,-0.5,3,0,0,1,6613.0,1,6305.0,1,8046.0,1,4729.0,1,0.0,1,5833.0,1,6481.0,1,8642.0,6195.89,5700.554,308.0
1024,2014-08-23,6560.0,833.0,1.0,0.0,0,0.0,6.0,-0.7765239,-0.63008785,-0.8660254,-0.5,3,0,0,1,7102.0,1,6613.0,1,6510.0,1,5490.0,1,5244.0,1,6127.0,1,6706.0,1,7372.0,6558.334,6011.987,489.0
1024,2014-08-24,0.0,0.0,0.0,0.0,0,0.0,7.0,-0.7765239,-0.63008785,-0.8660254,-0.5,3,0,0,1,6560.0,1,7102.0,1,6305.0,1,5697.0,1,4758.0,1,5854.0,1,7196.0,1,6133.0,6559.0005,6133.7676,-542.0
1024,2014-08-25,7294.0,944.0,1.0,0.0,0,0.0,1.0,-0.845596,-0.5338234,-0.8660254,-0.5,3,0,0,1,0.0,1,6560.0,1,6613.0,1,0.0,1,4076.0,1,6071.0,1,6934.0,1,5709.0,3935.4004,4770.708,-6560.0
1024,2014-08-26,5730.0,746.0,1.0,0.0,0,0.0,2.0,-0.845596,-0.5338234,-0.8660254,-0.5,3,0,0,1,7294.0,1,0.0,1,7102.0,1,8046.0,1,4729.0,1,0.0,1,6107.0,1,5688.0,5278.8403,5331.4395,7294.0
1024,2014-08-27,5615.0,758.0,1.0,0.0,0,0.0,3.0,-0.845596,-0.5338234,-0.8660254,-0.5,3,0,0,1,5730.0,1,7294.0,1,6560.0,1,6510.0,1,5490.0,1,5244.0,1,0.0,1,0.0,5459.304,5420.009,-1564.0
1024,2014-08-28,5314.0,742.0,1.0,0.0,0,0.0,4.0,-0.845596,-0.5338234,-0.8660254,-0.5,3,0,0,1,5615.0,1,5730.0,1,0.0,1,6305.0,1,5697.0,1,4758.0,1,8403.0,1,5379.0,5521.5825,5463.34,-115.0
1024,2014-08-29,7037.0,883.0,1.0,0.0,0,0.0,5.0,-0.845596,-0.5338234,-0.8660254,-0.5,3,0,0,1,5314.0,1,5615.0,1,7294.0,1,6613.0,1,0.0,1,4076.0,1,6172.0,1,5074.0,5438.5493,5430.1533,-301.0
1024,2014-08-30,8077.0,962.0,1.0,0.0,0,0.0,6.0,-0.845596,-0.5338234,-0.8660254,-0.5,3,0,0,1,7037.0,1,5314.0,1,5730.0,1,7102.0,1,8046.0,1,4729.0,1,5833.0,1,4471.0,6077.9297,5787.2305,1723.0
1024,2014-08-31,0.0,0.0,0.0,0.0,0,0.0,7.0,-0.845596,-0.5338234,-0.8660254,-0.5,3,0,1,1,8077.0,1,7037.0,1,5615.0,1,6560.0,1,6510.0,1,5490.0,1,6127.0,1,4828.0,6877.5576,6296.068,1040.0
1024,2014-09-01,9329.0,1020.0,1.0,1.0,0,0.0,1.0,-0.9027978,-0.4300652,-1.0,-1.8369701e-16,3,1,0,1,0.0,1,8077.0,1,5314.0,1,0.0,1,6305.0,1,5697.0,1,5854.0,1,5874.0,4126.5347,4896.942,-8077.0
1024,2014-09-02,7427.0,889.0,1.0,1.0,0,0.0,2.0,-0.9027978,-0.4300652,-1.0,-1.8369701e-16,3,0,0,1,9329.0,1,0.0,1,7037.0,1,7294.0,1,6613.0,1,0.0,1,6071.0,1,6031.0,6207.521,5881.8438,9329.0
1024,2014-09-03,6636.0,774.0,1.0,1.0,0,0.0,3.0,-0.9027978,-0.4300652,-1.0,-1.8369701e-16,3,0,0,1,7427.0,1,9329.0,1,8077.0,1,5730.0,1,7102.0,1,8046.0,1,0.0,1,0.0,6695.3125,6225.212,-1902.0
1024,2014-09-04,5718.0,737.0,1.0,1.0,0,0.0,4.0,-0.9027978,-0.4300652,-1.0,-1.8369701e-16,3,0,0,1,6636.0,1,7427.0,1,0.0,1,5615.0,1,6560.0,1,6510.0,1,5244.0,1,8476.0,6671.5874,6316.498,-791.0
1024,2014-09-05,6436.0,807.0,1.0,1.0,0,0.0,5.0,-0.9027978,-0.4300652,-1.0,-1.8369701e-16,3,0,0,1,5718.0,1,6636.0,1,9329.0,1,5314.0,1,0.0,1,6305.0,1,4758.0,1,6446.0,6290.1523,6183.4985,-918.0
1024,2014-09-06,5405.0,776.0,1.0,0.0,0,0.0,6.0,-0.9027978,-0.4300652,-1.0,-1.8369701e-16,3,0,0,1,6436.0,1,5718.0,1,7427.0,1,7037.0,1,7294.0,1,6613.0,1,4076.0,1,6080.0,6348.4917,6239.61,718.0
1024,2014-09-07,0.0,0.0,0.0,0.0,0,0.0,7.0,-0.9027978,-0.4300652,-1.0,-1.8369701e-16,3,0,0,1,5405.0,1,6436.0,1,6636.0,1,8077.0,1,5730.0,1,7102.0,1,4729.0,1,6315.0,5971.0947,6054.141,-1031.0
1024,2014-09-08,5076.0,705.0,1.0,0.0,0,0.0,1.0,-0.94732636,-0.32026985,-1.0,-1.8369701e-16,3,0,0,1,0.0,1,5405.0,1,5718.0,1,0.0,1,5615.0,1,6560.0,1,5490.0,1,6275.0,3582.657,4708.7764,-5405.0
1024,2014-09-09,4311.0,646.0,1.0,0.0,0,0.0,2.0,-0.94732636,-0.32026985,-1.0,-1.8369701e-16,3,0,0,1,5076.0,1,0.0,1,6436.0,1,9329.0,1,5314.0,1,0.0,1,5697.0,1,4963.0,4179.994,4790.382,5076.0
1024,2014-09-10,4019.0,607.0,1.0,0.0,0,0.0,3.0,-0.94732636,-0.32026985,-1.0,-1.8369701e-16,3,0,0,1,4311.0,1,5076.0,1,5405.0,1,7427.0,1,7037.0,1,7294.0,1,0.0,1,0.0,4232.3965,4683.8525,-765.0
1024,2014-09-11,4468.0,636.0,1.0,0.0,0,0.0,4.0,-0.94732636,-0.32026985,-1.0,-1.8369701e-16,3,0,0,1,4019.0,1,4311.0,1,0.0,1,6636.0,1,8077.0,1,5730.0,1,8046.0,1,5301.0,4147.038,4536.1074,-292.0
1024,2014-09-12,4983.0,731.0,1.0,0.0,0,0.0,5.0,-0.94732636,-0.32026985,-1.0,-1.8369701e-16,3,0,0,1,4468.0,1,4019.0,1,5076.0,1,5718.0,1,0.0,1,5615.0,1,6510.0,1,3903.0,4275.423,4520.9727,449.0
1024,2014-09-13,5654.0,780.0,1.0,0.0,0,0.0,6.0,-0.94732636,-0.32026985,-1.0,-1.8369701e-16,3,0,0,1,4983.0,1,4468.0,1,4311.0,1,6436.0,1,9329.0,1,5314.0,1,6305.0,1,3890.0,4558.4536,4623.645,515.0
1024,2014-09-14,0.0,0.0,0.0,0.0,0,0.0,7.0,-0.94732636,-0.32026985,-1.0,-1.8369701e-16,3,0,0,1,5654.0,1,4983.0,1,4019.0,1,5405.0,1,7427.0,1,7037.0,1,6613.0,1,4397.0,4996.6724,4852.613,671.0
1024,2014-09-15,7772.0,856.0,1.0,1.0,0,0.0,1.0,-0.9785565,-0.20597862,-1.0,-1.8369701e-16,3,0,0,1,0.0,1,5654.0,1,4468.0,1,0.0,1,6636.0,1,8077.0,1,7102.0,1,4787.0,2998.0034,3774.2544,-5654.0
1024,2014-09-16,5702.0,721.0,1.0,1.0,0,0.0,2.0,-0.9785565,-0.20597862,-1.0,-1.8369701e-16,3,0,0,1,7772.0,1,0.0,1,4983.0,1,5076.0,1,5718.0,1,0.0,1,6560.0,1,6051.0,4907.602,4662.6426,7772.0
1024,2014-09-17,5307.0,669.0,1.0,1.0,0,0.0,3.0,-0.9785565,-0.20597862,-1.0,-1.8369701e-16,3,0,0,1,5702.0,1,7772.0,1,5654.0,1,4311.0,1,6436.0,1,9329.0,1,0.0,1,0.0,5225.3613,4893.611,-2070.0
1024,2014-09-18,5208.0,670.0,1.0,1.0,0,0.0,4.0,-0.9785565,-0.20597862,-1.0,-1.8369701e-16,3,0,0,1,5307.0,1,5702.0,1,0.0,1,4019.0,1,5405.0,1,7427.0,1,7294.0,1,7439.0,5258.0166,4985.475,-395.0
1024,2014-09-19,6003.0,780.0,1.0,1.0,0,0.0,5.0,-0.9785565,-0.20597862,-1.0,-1.8369701e-16,3,0,0,1,5208.0,1,5307.0,1,7772.0,1,4468.0,1,0.0,1,6636.0,1,5730.0,1,6481.0,5238.0103,5034.925,-99.0
1024,2014-09-20,5445.0,771.0,1.0,0.0,0,0.0,6.0,-0.9785565,-0.20597862,-1.0,-1.8369701e-16,3,0,0,1,6003.0,1,5208.0,1,5702.0,1,4983.0,1,5076.0,1,5718.0,1,5615.0,1,6706.0,5544.006,5250.0527,795.0
1024,2014-09-21,0.0,0.0,0.0,0.0,0,0.0,7.0,-0.9785565,-0.20597862,-1.0,-1.8369701e-16,3,0,0,1,5445.0,1,6003.0,1,5307.0,1,5654.0,1,4311.0,1,6436.0,1,5314.0,1,7196.0,5504.404,5293.3745,-558.0
1024,2014-09-22,4597.0,658.0,1.0,0.0,0,0.0,1.0,-0.9960498,-0.08879589,-1.0,-1.8369701e-16,3,0,0,1,0.0,1,5445.0,1,5208.0,1,0.0,1,4019.0,1,5405.0,1,7037.0,1,6934.0,3302.642,4117.069,-5445.0
1024,2014-09-23,4449.0,619.0,1.0,0.0,0,0.0,2.0,-0.9960498,-0.08879589,-1.0,-1.8369701e-16,3,0,0,1,4597.0,1,0.0,1,6003.0,1,7772.0,1,4468.0,1,0.0,1,8077.0,1,6107.0,3820.3853,4223.72,4597.0
1024,2014-09-24,4395.0,639.0,1.0,0.0,0,0.0,3.0,-0.9960498,-0.08879589,-1.0,-1.8369701e-16,3,0,0,1,4449.0,1,4597.0,1,5445.0,1,5702.0,1,4983.0,1,5076.0,1,0.0,1,0.0,4071.8313,4273.782,-148.0
1024,2014-09-25,4625.0,679.0,1.0,0.0,0,0.0,4.0,-0.9960498,-0.08879589,-1.0,-1.8369701e-16,3,0,0,1,4395.0,1,4449.0,1,0.0,1,5307.0,1,5654.0,1,4311.0,1,9329.0,1,8403.0,4201.0986,4300.7197,-54.0
1024,2014-09-26,5090.0,735.0,1.0,0.0,0,0.0,5.0,-0.9960498,-0.08879589,-1.0,-1.8369701e-16,3,0,0,1,4625.0,1,4395.0,1,4597.0,1,5208.0,1,0.0,1,4019.0,1,7427.0,1,6172.0,4370.659,4372.782,230.0
1024,2014-09-27,5023.0,739.0,1.0,0.0,0,0.0,6.0,-0.9960498,-0.08879589,-1.0,-1.8369701e-16,3,0,0,1,5090.0,1,4625.0,1,4449.0,1,6003.0,1,7772.0,1,4468.0,1,6636.0,1,5833.0,4658.3955,4532.1636,465.0
1024,2014-09-28,0.0,0.0,0.0,0.0,0,0.0,7.0,-0.9960498,-0.08879589,-1.0,-1.8369701e-16,3,0,0,1,5023.0,1,5090.0,1,4395.0,1,5445.0,1,5702.0,1,4983.0,1,5718.0,1,6127.0,4804.2373,4641.2383,-67.0
1024,2014-09-29,7291.0,822.0,1.0,1.0,0,0.0,1.0,-0.99956083,0.029633328,-1.0,-1.8369701e-16,3,0,0,1,0.0,1,5023.0,1,4625.0,1,0.0,1,5307.0,1,5654.0,1,6436.0,1,5854.0,2882.5425,3609.852,-5023.0
1024,2014-09-30,6819.0,842.0,1.0,1.0,0,0.0,2.0,-0.99956083,0.029633328,-1.0,-1.8369701e-16,3,0,1,1,7291.0,1,0.0,1,5090.0,1,4597.0,1,5208.0,1,0.0,1,5405.0,1,6071.0,4645.9253,4427.885,7291.0
1024,2014-10-01,7307.0,812.0,1.0,1.0,0,0.0,3.0,-0.99956083,0.029633328,-0.8660254,0.5,4,1,0,1,6819.0,1,7291.0,1,5023.0,1,4449.0,1,6003.0,1,7772.0,1,0.0,1,0.0,5515.1553,4959.2437,-472.0
1024,2014-10-02,7451.0,930.0,1.0,1.0,0,0.0,4.0,-0.99956083,0.029633328,-0.8660254,0.5,4,0,0,1,7307.0,1,6819.0,1,0.0,1,4395.0,1,5445.0,1,5702.0,1,5076.0,1,5244.0,6231.893,5480.9673,488.0
1024,2014-10-03,0.0,0.0,0.0,1.0,1,0.0,5.0,-0.99956083,0.029633328,-0.8660254,0.5,4,0,0,1,7451.0,1,7307.0,1,7291.0,1,4625.0,1,0.0,1,5307.0,1,4311.0,1,4758.0,6719.536,5918.7524,144.0
1024,2014-10-04,6774.0,879.0,1.0,0.0,0,0.0,6.0,-0.99956083,0.029633328,-0.8660254,0.5,4,0,0,1,0.0,1,7451.0,1,6819.0,1,5090.0,1,4597.0,1,5208.0,1,4019.0,1,4076.0,4031.7214,4603.474,-7451.0
1024,2014-10-05,0.0,0.0,0.0,0.0,0,0.0,7.0,-0.99956083,0.029633328,-0.8660254,0.5,4,0,0,1,6774.0,1,0.0,1,7307.0,1,5023.0,1,4449.0,1,6003.0,1,4468.0,1,4729.0,5128.633,5085.813,6774.0
1024,2014-10-06,7208.0,840.0,1.0,1.0,0,0.0,1.0,-0.9890402,0.14764656,-0.8660254,0.5,4,0,0,1,0.0,1,6774.0,1,7451.0,1,0.0,1,4395.0,1,5445.0,1,4983.0,1,5490.0,3077.1797,3955.6326,-6774.0
1024,2014-10-07,6920.0,769.0,1.0,1.0,0,0.0,2.0,-0.9890402,0.14764656,-0.8660254,0.5,4,0,0,1,7208.0,1,0.0,1,0.0,1,7291.0,1,4625.0,1,0.0,1,5654.0,1,5697.0,4729.508,4678.381,7208.0
1024,2014-10-08,5746.0,704.0,1.0,1.0,0,0.0,3.0,-0.9890402,0.14764656,-0.8660254,0.5,4,0,0,1,6920.0,1,7208.0,1,6774.0,1,6819.0,1,5090.0,1,4597.0,1,0.0,1,0.0,5605.7046,5176.5186,-288.0
1024,2014-10-09,6200.0,771.0,1.0,1.0,0,0.0,4.0,-0.9890402,0.14764656,-0.8660254,0.5,4,0,0,1,5746.0,1,6920.0,1,0.0,1,7307.0,1,5023.0,1,4449.0,1,7772.0,1,8046.0,5661.8228,5303.07,-1174.0
1024,2014-10-10,6385.0,833.0,1.0,1.0,0,0.0,5.0,-0.9890402,0.14764656,-0.8660254,0.5,4,0,0,1,6200.0,1,5746.0,1,7208.0,1,7451.0,1,0.0,1,4395.0,1,5702.0,1,6510.0,5877.0938,5502.3877,454.0
1024,2014-10-11,5642.0,752.0,1.0,0.0,0,0.0,6.0,-0.9890402,0.14764656,-0.8660254,0.5,4,0,0,1,6385.0,1,6200.0,1,6920.0,1,0.0,1,7291.0,1,4625.0,1,5307.0,1,6305.0,6080.2563,5698.524,185.0
1024,2014-10-12,0.0,0.0,0.0,0.0,0,0.0,7.0,-0.9890402,0.14764656,-0.8660254,0.5,4,0,0,1,5642.0,1,6385.0,1,5746.0,1,6774.0,1,6819.0,1,5090.0,1,5208.0,1,6613.0,5904.9536,5685.963,-743.0
1024,2014-10-13,4705.0,676.0,1.0,0.0,0,1.0,1.0,-0.9646356,0.26358718,-0.8660254,0.5,4,0,0,1,0.0,1,5642.0,1,6200.0,1,0.0,1,7307.0,1,5023.0,1,6003.0,1,7102.0,3542.9722,4422.4155,-5642.0
1024,2014-10-14,4197.0,633.0,1.0,0.0,0,1.0,2.0,-0.9646356,0.26358718,-0.8660254,0.5,4,0,0,1,4705.0,1,0.0,1,6385.0,1,7208.0,1,7451.0,1,0.0,1,5445.0,1,6560.0,4007.7834,4485.212,4705.0
1024,2014-10-15,4335.0,614.0,1.0,0.0,0,1.0,3.0,-0.9646356,0.26358718,-0.8660254,0.5,4,0,0,1,4197.0,1,4705.0,1,5642.0,1,6920.0,1,0.0,1,7291.0,1,0.0,1,0.0,4083.47,4421.165,-508.0
1024,2014-10-16,4182.0,632.0,1.0,0.0,0,1.0,4.0,-0.9646356,0.26358718,-0.8660254,0.5,4,0,0,1,4335.0,1,4197.0,1,0.0,1,5746.0,1,6774.0,1,6819.0,1,4597.0,1,7294.0,4184.082,4402.017,138.0
1024,2014-10-17,4875.0,731.0,1.0,0.0,0,1.0,5.0,-0.9646356,0.26358718,-0.8660254,0.5,4,0,0,1,4182.0,1,4335.0,1,4705.0,1,6200.0,1,0.0,1,7307.0,1,4449.0,1,5730.0,4183.249,4353.1245,-153.0
1024,2014-10-18,5683.0,744.0,1.0,0.0,0,0.0,6.0,-0.9646356,0.26358718,-0.8660254,0.5,4,0,0,1,4875.0,1,4182.0,1,4197.0,1,6385.0,1,7208.0,1,7451.0,1,4395.0,1,5615.0,4459.9497,4469.0967,693.0
1024,2014-10-19,0.0,0.0,0.0,0.0,0,0.0,7.0,-0.9646356,0.26358718,-0.8660254,0.5,4,0,0,1,5683.0,1,4875.0,1,4335.0,1,5642.0,1,6920.0,1,0.0,1,4625.0,1,5314.0,4949.17,4738.853,808.0
1024,2014-10-20,6238.0,754.0,1.0,1.0,0,1.0,1.0,-0.9266896,0.37582758,-0.8660254,0.5,4,0,0,1,0.0,1,5683.0,1,4182.0,1,0.0,1,5746.0,1,6774.0,1,5090.0,1,7037.0,2969.5017,3685.7747,-5683.0
1024,2014-10-21,5602.0,694.0,1.0,1.0,0,1.0,2.0,-0.9266896,0.37582758,-0.8660254,0.5,4,0,0,1,6238.0,1,0.0,1,4875.0,1,4705.0,1,6200.0,1,0.0,1,5023.0,1,8077.0,4276.901,4252.936,6238.0
1024,2014-10-22,5766.0,708.0,1.0,1.0,0,1.0,3.0,-0.9266896,0.37582758,-0.8660254,0.5,4,0,0,1,5602.0,1,6238.0,1,5683.0,1,4197.0,1,6385.0,1,7208.0,1,0.0,1,0.0,4806.9404,4552.728,-636.0
1024,2014-10-23,5043.0,696.0,1.0,1.0,0,1.0,4.0,-0.9266896,0.37582758,-0.8660254,0.5,4,0,0,1,5766.0,1,5602.0,1,0.0,1,4335.0,1,5642.0,1,6920.0,1,7291.0,1,9329.0,5190.5645,4822.3438,164.0
1024,2014-10-24,6005.0,783.0,1.0,1.0,0,1.0,5.0,-0.9266896,0.37582758,-0.8660254,0.5,4,0,0,1,5043.0,1,5766.0,1,6238.0,1,4182.0,1,0.0,1,5746.0,1,6819.0,1,7427.0,5131.5386,4871.3784,-723.0
1024,2014-10-25,5389.0,812.0,1.0,0.0,0,0.0,6.0,-0.9266896,0.37582758,-0.8660254,0.5,4,0,0,1,6005.0,1,5043.0,1,5602.0,1,4875.0,1,4705.0,1,6200.0,1,7307.0,1,6636.0,5480.9233,5123.2944,962.0
1024,2014-10-26,0.0,0.0,0.0,0.0,0,0.0,7.0,-0.9266896,0.37582758,-0.8660254,0.5,4,0,0,1,5389.0,1,6005.0,1,5766.0,1,5683.0,1,4197.0,1,6385.0,1,7451.0,1,5718.0,5444.154,5182.3403,-616.0
1024,2014-10-27,4871.0,721.0,1.0,0.0,0,0.0,1.0,-0.8757349,0.4827922,-0.8660254,0.5,4,0,0,1,0.0,1,5389.0,1,5043.0,1,0.0,1,4335.0,1,5642.0,1,0.0,1,6436.0,3266.4924,4030.709,-5389.0
1024,2014-10-28,4846.0,641.0,1.0,0.0,0,0.0,2.0,-0.8757349,0.4827922,-0.8660254,0.5,4,0,0,1,4871.0,1,0.0,1,6005.0,1,6238.0,1,4182.0,1,0.0,1,6774.0,1,5405.0,3908.2954,4217.4404,4871.0
1024,2014-10-29,4985.0,641.0,1.0,0.0,0,0.0,3.0,-0.8757349,0.4827922,-0.8660254,0.5,4,0,0,1,4846.0,1,4871.0,1,5389.0,1,5602.0,1,4875.0,1,4705.0,1,0.0,1,0.0,4283.3774,4357.12,-25.0
1024,2014-10-30,5407.0,732.0,1.0,0.0,0,0.0,4.0,-0.8757349,0.4827922,-0.8660254,0.5,4,0,0,1,4985.0,1,4846.0,1,0.0,1,5766.0,1,5683.0,1,4197.0,1,7208.0,1,5076.0,4564.0264,4496.649,139.0
1024,2014-10-31,6385.0,866.0,1.0,0.0,0,0.0,5.0,-0.8757349,0.4827922,-0.8660254,0.5,4,0,1,1,5407.0,1,4985.0,1,4871.0,1,5043.0,1,0.0,1,4335.0,1,6920.0,1,4311.0,4901.216,4698.949,422.0
1024,2014-11-01,6974.0,871.0,1.0,0.0,0,0.0,6.0,-0.8757349,0.4827922,-0.5,0.8660254,4,1,0,1,6385.0,1,5407.0,1,4846.0,1,6005.0,1,6238.0,1,4182.0,1,5746.0,1,4019.0,5494.7295,5073.6274,978.0
1024,2014-11-02,0.0,0.0,0.0,0.0,0,0.0,7.0,-0.8757349,0.4827922,-0.5,0.8660254,4,0,0,1,6974.0,1,6385.0,1,4985.0,1,5389.0,1,5602.0,1,4875.0,1,6200.0,1,4468.0,6086.4375,5495.932,589.0
1024,2014-11-03,6815.0,844.0,1.0,1.0,0,0.0,1.0,-0.8124869,0.5829795,-0.5,0.8660254,4,0,0,1,0.0,1,6974.0,1,5407.0,1,0.0,1,5766.0,1,5683.0,1,6385.0,1,4983.0,3651.8625,4274.614,-6974.0
1024,2014-11-04,6429.0,749.0,1.0,1.0,0,0.0,2.0,-0.8124869,0.5829795,-0.5,0.8660254,4,0,0,1,6815.0,1,0.0,1,6385.0,1,4871.0,1,5043.0,1,0.0,1,5642.0,1,5654.0,4917.1177,4839.144,6815.0
1024,2014-11-05,6598.0,780.0,1.0,1.0,0,0.0,3.0,-0.8124869,0.5829795,-0.5,0.8660254,4,0,0,1,6429.0,1,6815.0,1,6974.0,1,4846.0,1,6005.0,1,6238.0,1,0.0,1,0.0,5521.8706,5192.4453,-386.0
1024,2014-11-06,6257.0,760.0,1.0,1.0,0,0.0,4.0,-0.8124869,0.5829795,-0.5,0.8660254,4,0,0,1,6598.0,1,6429.0,1,0.0,1,4985.0,1,5389.0,1,5602.0,1,4705.0,1,7772.0,5952.3223,5504.791,169.0
1024,2014-11-07,6719.0,825.0,1.0,1.0,0,0.0,5.0,-0.8124869,0.5829795,-0.5,0.8660254,4,0,0,1,6257.0,1,6598.0,1,6815.0,1,5407.0,1,0.0,1,5766.0,1,4197.0,1,5702.0,6074.1934,5671.9487,-341.0
1024,2014-11-08,6598.0,907.0,1.0,0.0,0,0.0,6.0,-0.8124869,0.5829795,-0.5,0.8660254,4,0,0,1,6719.0,1,6257.0,1,6429.0,1,6385.0,1,4871.0,1,5043.0,1,4335.0,1,5307.0,6332.116,5904.6265,462.0
1024,2014-11-09,0.0,0.0,0.0,0.0,0,0.0,7.0,-0.8124869,0.5829795,-0.5,0.8660254,4,0,0,1,6598.0,1,6719.0,1,6598.0,1,6974.0,1,4846.0,1,6005.0,1,4182.0,1,5208.0,6438.4697,6058.7095,-121.0
1024,2014-11-10,6936.0,827.0,1.0,1.0,0,0.0,1.0,-0.73783326,0.674983,-0.5,0.8660254,4,0,0,1,0.0,1,6598.0,1,6257.0,1,0.0,1,4985.0,1,5389.0,1,4875.0,1,6003.0,3863.0818,4712.3296,-6598.0
1024,2014-11-11,6009.0,775.0,1.0,1.0,0,0.0,2.0,-0.73783326,0.674983,-0.5,0.8660254,4,0,0,1,6936.0,1,0.0,1,6719.0,1,6815.0,1,5407.0,1,0.0,1,5683.0,1,5445.0,5092.249,5206.4785,6936.0
1024,2014-11-12,5613.0,721.0,1.0,1.0,0,0.0,3.0,-0.73783326,0.674983,-0.5,0.8660254,4,0,0,1,6009.0,1,6936.0,1,6598.0,1,6429.0,1,6385.0,1,4871.0,1,0.0,1,0.0,5458.949,5384.817,-927.0
1024,2014-11-13,6124.0,794.0,1.0,1.0,0,0.0,4.0,-0.73783326,0.674983,-0.5,0.8660254,4,0,0,1,5613.0,1,6009.0,1,0.0,1,6598.0,1,6974.0,1,4846.0,1,6238.0,1,4597.0,5520.57,5435.524,-396.0
1024,2014-11-14,7244.0,823.0,1.0,1.0,0,0.0,5.0,-0.73783326,0.674983,-0.5,0.8660254,4,0,0,1,6124.0,1,5613.0,1,6936.0,1,6257.0,1,0.0,1,4985.0,1,5602.0,1,4449.0,5761.942,5588.5186,511.0
1024,2014-11-15,6805.0,865.0,1.0,0.0,0,0.0,6.0,-0.73783326,0.674983,-0.5,0.8660254,4,0,0,1,7244.0,1,6124.0,1,6009.0,1,6719.0,1,6815.0,1,5407.0,1,5766.0,1,4395.0,6354.765,5956.4033,1120.0
1024,2014-11-16,0.0,0.0,0.0,0.0,0,0.0,7.0,-0.73783326,0.674983,-0.5,0.8660254,4,0,0,1,6805.0,1,7244.0,1,5613.0,1,6598.0,1,6429.0,1,6385.0,1,5043.0,1,4625.0,6534.859,6144.9805,-439.0
1024,2014-11-17,5405.0,728.0,1.0,0.0,0,0.0,1.0,-0.65282214,0.75751126,-0.5,0.8660254,4,0,0,1,0.0,1,6805.0,1,6124.0,1,0.0,1,6598.0,1,6974.0,1,6005.0,1,5090.0,3920.9155,4779.429,-6805.0
1024,2014-11-18,4547.0,637.0,1.0,0.0,0,0.0,2.0,-0.65282214,0.75751126,-0.5,0.8660254,4,0,0,1,5405.0,1,0.0,1,7244.0,1,6936.0,1,6257.0,1,0.0,1,5389.0,1,5023.0,4514.5493,4918.445,5405.0
1024,2014-11-19,5010.0,657.0,1.0,0.0,0,0.0,3.0,-0.65282214,0.75751126,-0.5,0.8660254,4,0,0,1,4547.0,1,5405.0,1,6805.0,1,6009.0,1,6719.0,1,6815.0,1,0.0,1,0.0,4527.53,4835.902,-858.0
1024,2014-11-20,4549.0,642.0,1.0,0.0,0,0.0,4.0,-0.65282214,0.75751126,-0.5,0.8660254,4,0,0,1,5010.0,1,4547.0,1,0.0,1,5613.0,1,6598.0,1,6429.0,1,4871.0,1,7291.0,4720.5176,4874.5903,463.0
1024,2014-11-21,5342.0,742.0,1.0,0.0,0,0.0,5.0,-0.65282214,0.75751126,-0.5,0.8660254,4,0,0,1,4549.0,1,5010.0,1,5405.0,1,6124.0,1,0.0,1,6598.0,1,4846.0,1,6819.0,4651.9106,4802.237,-461.0
1024,2014-11-22,6289.0,863.0,1.0,0.0,0,0.0,6.0,-0.65282214,0.75751126,-0.5,0.8660254,4,0,0,1,5342.0,1,4549.0,1,4547.0,1,7244.0,1,6936.0,1,6257.0,1,4985.0,1,7307.0,4927.9463,4922.184,793.0
1024,2014-11-23,0.0,0.0,0.0,0.0,0,0.0,7.0,-0.65282214,0.75751126,-0.5,0.8660254,4,0,0,1,6289.0,1,5342.0,1,5010.0,1,6805.0,1,6009.0,1,6719.0,1,5407.0,1,7451.0,5472.3677,5225.921,947.0
1024,2014-11-24,7999.0,877.0,1.0,1.0,0,0.0,1.0,-0.55864674,0.82940567,-0.5,0.8660254,4,0,0,1,0.0,1,6289.0,1,4549.0,1,0.0,1,5613.0,1,6598.0,1,6385.0,1,0.0,3283.4207,4064.6052,-6289.0
1024,2014-11-25,7181.0,782.0,1.0,1.0,0,0.0,2.0,-0.55864674,0.82940567,-0.5,0.8660254,4,0,0,1,7999.0,1,0.0,1,5342.0,1,5405.0,1,6124.0,1,0.0,1,6974.0,1,6774.0,5169.6523,4938.915,7999.0
1024,2014-11-26,6577.0,765.0,1.0,1.0,0,0.0,3.0,-0.55864674,0.82940567,-0.5,0.8660254,4,0,0,1,7181.0,1,7999.0,1,6289.0,1,4547.0,1,7244.0,1,6936.0,1,0.0,1,0.0,5974.1914,5437.1562,-818.0
1024,2014-11-27,6405.0,757.0,1.0,1.0,0,0.0,4.0,-0.55864674,0.82940567,-0.5,0.8660254,4,0,0,1,6577.0,1,7181.0,1,0.0,1,5010.0,1,6805.0,1,6009.0,1,6815.0,1,7208.0,6215.315,5690.455,-604.0
1024,2014-11-28,9563.0,1005.0,1.0,1.0,0,0.0,5.0,-0.55864674,0.82940567,-0.5,0.8660254,4,0,0,1,6405.0,1,6577.0,1,7999.0,1,4549.0,1,0.0,1,5613.0,1,6429.0,1,6920.0,6291.189,5849.2427,-172.0
1024,2014-11-29,8787.0,1042.0,1.0,0.0,0,0.0,6.0,-0.55864674,0.82940567,-0.5,0.8660254,4,0,0,1,9563.0,1,6405.0,1,7181.0,1,5342.0,1,5405.0,1,6124.0,1,6598.0,1,5746.0,7599.9136,6674.522,3158.0
1024,2014-11-30,0.0,0.0,0.0,0.0,0,0.0,7.0,-0.55864674,0.82940567,-0.5,0.8660254,4,0,1,1,8787.0,1,9563.0,1,6577.0,1,6289.0,1,4547.0,1,7244.0,1,6257.0,1,6200.0,8074.748,7143.9614,-776.0
1024,2014-12-01,9860.0,992.0,1.0,1.0,0,0.0,1.0,-0.45662925,0.8896571,-2.4492937e-16,1.0,4,1,0,1,0.0,1,8787.0,1,6405.0,1,0.0,1,5010.0,1,6805.0,1,6719.0,1,6385.0,4844.8486,5556.4146,-8787.0
1024,2014-12-02,8674.0,939.0,1.0,1.0,0,0.0,2.0,-0.45662925,0.8896571,-2.4492937e-16,1.0,4,0,0,1,9860.0,1,0.0,1,9563.0,1,7999.0,1,4549.0,1,0.0,1,6598.0,1,5642.0,6850.909,6512.767,9860.0
1024,2014-12-03,7523.0,823.0,1.0,1.0,0,0.0,3.0,-0.45662925,0.8896571,-2.4492937e-16,1.0,4,0,0,1,8674.0,1,9860.0,1,8787.0,1,7181.0,1,5342.0,1,5405.0,1,0.0,1,0.0,7580.1455,6993.041,-1186.0
1024,2014-12-04,8082.0,853.0,1.0,1.0,0,0.0,4.0,-0.45662925,0.8896571,-2.4492937e-16,1.0,4,0,0,1,7523.0,1,8674.0,1,0.0,1,6577.0,1,6289.0,1,4547.0,1,6936.0,1,4705.0,7557.287,7110.8096,-1151.0
1024,2014-12-05,10182.0,1060.0,1.0,1.0,0,0.0,5.0,-0.45662925,0.8896571,-2.4492937e-16,1.0,4,0,0,1,8082.0,1,7523.0,1,9860.0,1,6405.0,1,0.0,1,5010.0,1,6009.0,1,4197.0,7767.1724,7326.63,559.0
1024,2014-12-06,7149.0,898.0,1.0,0.0,0,0.0,6.0,-0.45662925,0.8896571,-2.4492937e-16,1.0,4,0,0,1,10182.0,1,8082.0,1,8674.0,1,9563.0,1,7999.0,1,4549.0,1,5613.0,1,4335.0,8733.104,7961.1562,2100.0
1024,2014-12-07,0.0,0.0,0.0,0.0,0,0.0,7.0,-0.45662925,0.8896571,-2.4492937e-16,1.0,4,0,0,1,7149.0,1,10182.0,1,7523.0,1,8787.0,1,7181.0,1,5342.0,1,6124.0,1,4182.0,8099.462,7780.6772,-3033.0
1024,2014-12-08,6187.0,788.0,1.0,0.0,0,0.0,1.0,-0.34820163,0.93741965,-2.4492937e-16,1.0,4,0,0,1,0.0,1,7149.0,1,8082.0,1,0.0,1,6577.0,1,6289.0,1,7244.0,1,4875.0,4859.6772,6051.6377,-7149.0
1024,2014-12-09,5343.0,705.0,1.0,0.0,0,0.0,2.0,-0.34820163,0.93741965,-2.4492937e-16,1.0,4,0,0,1,6187.0,1,0.0,1,10182.0,1,9860.0,1,6405.0,1,0.0,1,6805.0,1,5683.0,5390.6064,6081.7183,6187.0
1024,2014-12-10,5247.0,696.0,1.0,0.0,0,0.0,3.0,-0.34820163,0.93741965,-2.4492937e-16,1.0,4,0,0,1,5343.0,1,6187.0,1,7149.0,1,8674.0,1,9563.0,1,7999.0,1,0.0,1,0.0,5371.564,5917.5586,-844.0
1024,2014-12-11,5906.0,753.0,1.0,0.0,0,0.0,4.0,-0.34820163,0.93741965,-2.4492937e-16,1.0,4,0,0,1,5247.0,1,5343.0,1,0.0,1,7523.0,1,8787.0,1,7181.0,1,5405.0,1,6238.0,5321.7383,5768.5454,-96.0
1024,2014-12-12,7355.0,887.0,1.0,0.0,0,0.0,5.0,-0.34820163,0.93741965,-2.4492937e-16,1.0,4,0,0,1,5906.0,1,5247.0,1,6187.0,1,8082.0,1,0.0,1,6577.0,1,4547.0,1,5602.0,5555.443,5799.091,659.0
1024,2014-12-13,7456.0,964.0,1.0,0.0,0,0.0,6.0,-0.34820163,0.93741965,-2.4492937e-16,1.0,4,0,0,1,7355.0,1,5906.0,1,5343.0,1,10182.0,1,9860.0,1,6405.0,1,5010.0,1,5766.0,6275.2656,6144.8486,1449.0
1024,2014-12-14,0.0,0.0,0.0,0.0,0,0.0,7.0,-0.34820163,0.93741965,-2.4492937e-16,1.0,4,0,0,1,7456.0,1,7355.0,1,5247.0,1,7149.0,1,8674.0,1,9563.0,1,4549.0,1,5043.0,6747.5596,6436.216,101.0
1024,2014-12-15,9590.0,999.0,1.0,1.0,0,0.0,1.0,-0.23488605,0.9720229,-2.4492937e-16,1.0,4,0,0,1,0.0,1,7456.0,1,5906.0,1,0.0,1,7523.0,1,8787.0,1,5342.0,1,6005.0,4048.5356,5005.9453,-7456.0
1024,2014-12-16,9525.0,953.0,1.0,1.0,0,0.0,2.0,-0.23488605,0.9720229,-2.4492937e-16,1.0,4,0,0,1,9590.0,1,0.0,1,7355.0,1,6187.0,1,8082.0,1,0.0,1,6289.0,1,5389.0,6265.1216,6024.624,9590.0
1024,2014-12-17,8747.0,903.0,1.0,1.0,0,0.0,3.0,-0.23488605,0.9720229,-2.4492937e-16,1.0,4,0,0,1,9525.0,1,9590.0,1,7456.0,1,5343.0,1,10182.0,1,9860.0,1,0.0,1,0.0,7569.0728,6802.4854,-65.0
1024,2014-12-18,8412.0,930.0,1.0,1.0,0,0.0,4.0,-0.23488605,0.9720229,-2.4492937e-16,1.0,4,0,0,1,8747.0,1,9525.0,1,0.0,1,5247.0,1,7149.0,1,8674.0,1,7999.0,1,4871.0,8040.2437,7234.5996,-778.0
1024,2014-12-19,8793.0,1037.0,1.0,1.0,0,0.0,5.0,-0.23488605,0.9720229,-2.4492937e-16,1.0,4,0,0,1,8412.0,1,8747.0,1,9590.0,1,5906.0,1,0.0,1,7523.0,1,7181.0,1,4846.0,8188.9463,7496.244,-335.0
1024,2014-12-20,8529.0,1041.0,1.0,0.0,0,0.0,6.0,-0.23488605,0.9720229,-2.4492937e-16,1.0,4,0,0,1,8793.0,1,8412.0,1,9525.0,1,7355.0,1,6187.0,1,8082.0,1,6577.0,1,4985.0,8430.567,7784.412,381.0
1024,2014-12-21,0.0,0.0,0.0,0.0,0,0.0,7.0,-0.23488605,0.9720229,-2.4492937e-16,1.0,4,0,0,1,8529.0,1,8793.0,1,8747.0,1,7456.0,1,5343.0,1,10182.0,1,6405.0,1,5407.0,8469.94,7949.876,-264.0
1024,2014-12-22,11201.0,1247.0,1.0,0.0,0,1.0,1.0,-0.11827317,0.9929811,-2.4492937e-16,1.0,4,0,0,1,0.0,1,8529.0,1,8412.0,1,0.0,1,5247.0,1,7149.0,1,9563.0,1,6385.0,5081.9644,6183.237,-8529.0
1024,2014-12-23,10434.0,1200.0,1.0,0.0,0,1.0,2.0,-0.11827317,0.9929811,-2.4492937e-16,1.0,4,0,0,1,11201.0,1,0.0,1,8793.0,1,9590.0,1,5906.0,1,0.0,1,8787.0,1,6974.0,7529.5786,7298.2954,11201.0
1024,2014-12-24,4937.0,627.0,1.0,0.0,0,1.0,3.0,-0.11827317,0.9929811,-2.4492937e-16,1.0,4,0,0,1,10434.0,1,11201.0,1,8529.0,1,9525.0,1,7355.0,1,6187.0,1,0.0,1,0.0,8691.348,7995.1187,-767.0
1024,2014-12-25,0.0,0.0,0.0,0.0,3,1.0,4.0,-0.11827317,0.9929811,-2.4492937e-16,1.0,4,0,0,1,4937.0,1,10434.0,1,0.0,1,8747.0,1,7456.0,1,5343.0,1,9860.0,1,6815.0,7189.6084,7315.5366,-5497.0
1024,2014-12-26,0.0,0.0,0.0,0.0,3,1.0,5.0,-0.11827317,0.9929811,-2.4492937e-16,1.0,4,0,0,1,0.0,1,4937.0,1,11201.0,1,8412.0,1,0.0,1,5247.0,1,8674.0,1,6429.0,4313.765,5689.862,-4937.0
1024,2014-12-27,7125.0,962.0,1.0,0.0,0,0.0,6.0,-0.11827317,0.9929811,-2.4492937e-16,1.0,4,0,0,1,0.0,1,0.0,1,10434.0,1,8793.0,1,9590.0,1,5906.0,1,7523.0,1,6598.0,2588.259,4425.448,0.0
1024,2014-12-28,0.0,0.0,0.0,0.0,0,0.0,7.0,-0.11827317,0.9929811,-2.4492937e-16,1.0,4,0,0,1,7125.0,1,0.0,1,4937.0,1,8529.0,1,9525.0,1,7355.0,1,8082.0,1,6257.0,4402.9556,5025.3486,7125.0
1024,2014-12-29,7445.0,937.0,1.0,0.0,0,1.0,1.0,0.11827317,0.9929811,-2.4492937e-16,1.0,4,0,0,1,0.0,1,7125.0,1,0.0,1,0.0,1,8747.0,1,7456.0,1,10182.0,1,6719.0,2641.7732,3908.6045,-7125.0
1024,2014-12-30,7211.0,969.0,1.0,0.0,0,1.0,2.0,0.11827317,0.9929811,-2.4492937e-16,1.0,4,0,0,1,7445.0,1,0.0,1,0.0,1,11201.0,1,8412.0,1,0.0,1,7149.0,1,6598.0,4563.064,4694.47,7445.0
1024,2014-12-31,5054.0,721.0,1.0,0.0,0,1.0,3.0,0.11827317,0.9929811,-2.4492937e-16,1.0,4,0,1,1,7211.0,1,7445.0,1,7125.0,1,10434.0,1,8793.0,1,9590.0,1,0.0,1,0.0,5622.2383,5253.699,-234.0
1024,2015-01-01,0.0,0.0,0.0,0.0,1,1.0,4.0,0.11827317,0.9929811,0.5,0.8660254,1,1,0,1,5054.0,1,7211.0,1,0.0,1,4937.0,1,8529.0,1,9525.0,1,6187.0,1,6936.0,5394.943,5209.3213,-2157.0
1024,2015-01-02,5909.0,818.0,1.0,0.0,0,1.0,5.0,0.11827317,0.9929811,0.5,0.8660254,1,0,0,1,0.0,1,5054.0,1,7445.0,1,0.0,1,0.0,1,8747.0,1,5343.0,1,6009.0,3236.9658,4051.6943,-5054.0
1024,2015-01-03,6319.0,844.0,1.0,0.0,0,0.0,6.0,0.11827317,0.9929811,0.5,0.8660254,1,0,0,1,5909.0,1,0.0,1,7211.0,1,0.0,1,11201.0,1,8412.0,1,5247.0,1,5613.0,4305.7793,4464.429,5909.0
1024,2015-01-04,0.0,0.0,0.0,0.0,0,0.0,7.0,0.11827317,0.9929811,0.5,0.8660254,1,0,0,1,6319.0,1,5909.0,1,5054.0,1,7125.0,1,10434.0,1,8793.0,1,5906.0,1,6124.0,5111.068,4876.5557,410.0
1024,2015-01-05,7413.0,891.0,1.0,1.0,0,1.0,1.0,0.23488605,0.9720229,0.5,0.8660254,1,0,0,1,0.0,1,6319.0,1,0.0,1,0.0,1,4937.0,1,8529.0,1,7355.0,1,7244.0,3066.6406,3792.8767,-6319.0
1024,2015-01-06,6731.0,773.0,1.0,1.0,0,1.0,2.0,0.23488605,0.9720229,0.5,0.8660254,1,0,0,1,7413.0,1,0.0,1,5909.0,1,7445.0,1,0.0,1,0.0,1,7456.0,1,6805.0,4805.1846,4597.3486,7413.0
1024,2015-01-07,6291.0,716.0,1.0,1.0,0,0.0,3.0,0.23488605,0.9720229,0.5,0.8660254,1,0,0,1,6731.0,1,7413.0,1,6319.0,1,7211.0,1,0.0,1,11201.0,1,0.0,1,0.0,5575.5107,5071.493,-682.0
1024,2015-01-08,5980.0,739.0,1.0,1.0,0,0.0,4.0,0.23488605,0.9720229,0.5,0.8660254,1,0,0,1,6291.0,1,6731.0,1,0.0,1,5054.0,1,7125.0,1,10434.0,1,9590.0,1,5405.0,5861.7065,5342.4946,-440.0
1024,2015-01-09,6637.0,764.0,1.0,1.0,0,0.0,5.0,0.23488605,0.9720229,0.5,0.8660254,1,0,0,1,5980.0,1,6291.0,1,7413.0,1,0.0,1,0.0,1,4937.0,1,9525.0,1,4547.0,5909.024,5484.1626,-311.0
1024,2015-01-10,6035.0,764.0,1.0,0.0,0,0.0,6.0,0.23488605,0.9720229,0.5,0.8660254,1,0,0,1,6637.0,1,5980.0,1,6731.0,1,5909.0,1,7445.0,1,0.0,1,8747.0,1,5010.0,6200.2144,5740.3486,657.0
1024,2015-01-11,0.0,0.0,0.0,0.0,0,0.0,7.0,0.23488605,0.9720229,0.5,0.8660254,1,0,0,1,6035.0,1,6637.0,1,6291.0,1,6319.0,1,7211.0,1,0.0,1,8412.0,1,4549.0,6134.1284,5805.8267,-602.0
1024,2015-01-12,7470.0,813.0,1.0,1.0,0,0.0,1.0,0.34820163,0.93741965,0.5,0.8660254,1,0,0,1,0.0,1,6035.0,1,5980.0,1,0.0,1,5054.0,1,7125.0,1,8793.0,1,5342.0,3680.477,4515.643,-6035.0
1024,2015-01-13,6321.0,747.0,1.0,1.0,0,0.0,2.0,0.34820163,0.93741965,0.5,0.8660254,1,0,0,1,7470.0,1,0.0,1,6637.0,1,7413.0,1,0.0,1,0.0,1,8529.0,1,6289.0,5196.286,5172.167,7470.0
1024,2015-01-14,5919.0,732.0,1.0,1.0,0,0.0,3.0,0.34820163,0.93741965,0.5,0.8660254,1,0,0,1,6321.0,1,7470.0,1,6035.0,1,6731.0,1,5909.0,1,7445.0,1,0.0,1,0.0,5646.172,5427.463,-1149.0
1024,2015-01-15,5565.0,713.0,1.0,1.0,0,0.0,4.0,0.34820163,0.93741965,0.5,0.8660254,1,0,0,1,5919.0,1,6321.0,1,0.0,1,6291.0,1,6319.0,1,7211.0,1,11201.0,1,7999.0,5755.303,5536.6934,-402.0
1024,2015-01-16,6570.0,826.0,1.0,1.0,0,0.0,5.0,0.34820163,0.93741965,0.5,0.8660254,1,0,0,1,5565.0,1,5919.0,1,7470.0,1,5980.0,1,0.0,1,5054.0,1,10434.0,1,7181.0,5679.1816,5542.984,-354.0
1024,2015-01-17,6995.0,931.0,1.0,0.0,0,0.0,6.0,0.34820163,0.93741965,0.5,0.8660254,1,0,0,1,6570.0,1,5565.0,1,6321.0,1,6637.0,1,7413.0,1,0.0,1,4937.0,1,6577.0,6035.5093,5771.2095,1005.0
1024,2015-01-18,0.0,0.0,0.0,0.0,0,0.0,7.0,0.34820163,0.93741965,0.5,0.8660254,1,0,0,1,6995.0,1,6570.0,1,5919.0,1,6035.0,1,6731.0,1,5909.0,1,0.0,1,6405.0,6419.3057,6043.163,425.0
1024,2015-01-19,4222.0,635.0,1.0,0.0,0,0.0,1.0,0.45662925,0.8896571,0.5,0.8660254,1,0,0,1,0.0,1,6995.0,1,5565.0,1,0.0,1,6291.0,1,6319.0,1,0.0,1,9563.0,3851.5833,4700.238,-6995.0
1024,2015-01-20,4149.0,611.0,1.0,0.0,0,0.0,2.0,0.45662925,0.8896571,0.5,0.8660254,1,0,0,1,4222.0,1,0.0,1,6570.0,1,7470.0,1,5980.0,1,0.0,1,7125.0,1,8787.0,3999.75,4593.963,4222.0
1024,2015-01-21,4132.0,590.0,1.0,0.0,0,0.0,3.0,0.45662925,0.8896571,0.5,0.8660254,1,0,0,1,4149.0,1,4222.0,1,6995.0,1,6321.0,1,6637.0,1,7413.0,1,0.0,1,0.0,4059.45,4495.082,-73.0
1024,2015-01-22,4126.0,598.0,1.0,0.0,0,0.0,4.0,0.45662925,0.8896571,0.5,0.8660254,1,0,0,1,4132.0,1,4149.0,1,0.0,1,5919.0,1,6035.0,1,6731.0,1,7445.0,1,9860.0,4088.47,4414.3975,-17.0
1024,2015-01-23,5492.0,700.0,1.0,0.0,0,0.0,5.0,0.45662925,0.8896571,0.5,0.8660254,1,0,0,1,4126.0,1,4132.0,1,4222.0,1,5565.0,1,0.0,1,6291.0,1,7211.0,1,8674.0,4103.482,4350.309,-6.0
1024,2015-01-24,5461.0,743.0,1.0,0.0,0,0.0,6.0,0.45662925,0.8896571,0.5,0.8660254,1,0,0,1,5492.0,1,4126.0,1,4149.0,1,6570.0,1,7470.0,1,5980.0,1,5054.0,1,7523.0,4658.889,4604.018,1366.0
1024,2015-01-25,0.0,0.0,0.0,0.0,0,0.0,7.0,0.45662925,0.8896571,0.5,0.8660254,1,0,0,1,5461.0,1,5492.0,1,4132.0,1,6995.0,1,6321.0,1,6637.0,1,0.0,1,8082.0,4979.7334,4794.4585,-31.0
1024,2015-01-26,6973.0,811.0,1.0,1.0,0,0.0,1.0,0.55864674,0.82940567,0.5,0.8660254,1,0,0,1,0.0,1,5461.0,1,4126.0,1,0.0,1,5919.0,1,6035.0,1,5909.0,1,10182.0,2987.84,3729.0232,-5461.0
1024,2015-01-27,6267.0,743.0,1.0,1.0,0,0.0,2.0,0.55864674,0.82940567,0.5,0.8660254,1,0,0,1,6973.0,1,0.0,1,5492.0,1,4222.0,1,5565.0,1,0.0,1,6319.0,1,7149.0,4581.9043,4449.907,6973.0
1024,2015-01-28,6007.0,684.0,1.0,1.0,0,0.0,3.0,0.55864674,0.82940567,0.5,0.8660254,1,0,0,1,6267.0,1,6973.0,1,5461.0,1,4149.0,1,6570.0,1,7470.0,1,0.0,1,0.0,5255.9424,4853.7056,-706.0
1024,2015-01-29,6090.0,707.0,1.0,1.0,0,0.0,4.0,0.55864674,0.82940567,0.5,0.8660254,1,0,0,1,6007.0,1,6267.0,1,0.0,1,4132.0,1,6995.0,1,6321.0,1,7413.0,1,6187.0,5556.365,5109.993,-260.0
1024,2015-01-30,8319.0,937.0,1.0,1.0,0,0.0,5.0,0.55864674,0.82940567,0.5,0.8660254,1,0,0,1,6090.0,1,6007.0,1,6973.0,1,4126.0,1,0.0,1,5919.0,1,6731.0,1,5343.0,5769.8193,5327.7725,83.0
1024,2015-01-31,7462.0,931.0,1.0,0.0,0,0.0,6.0,0.55864674,0.82940567,0.5,0.8660254,1,0,1,1,8319.0,1,6090.0,1,6267.0,1,5492.0,1,4222.0,1,5565.0,1,6291.0,1,5247.0,6789.4917,5992.4897,2229.0
1024,2015-02-01,0.0,0.0,0.0,0.0,0,0.0,7.0,0.55864674,0.82940567,0.8660254,0.5,1,1,0,1,7462.0,1,8319.0,1,6007.0,1,5461.0,1,4149.0,1,6570.0,1,5980.0,1,5906.0,7058.495,6319.0474,-857.0
1024,2015-02-02,7776.0,863.0,1.0,1.0,0,0.0,1.0,0.65282214,0.75751126,0.8660254,0.5,1,0,0,1,0.0,1,7462.0,1,6090.0,1,0.0,1,4132.0,1,6995.0,1,6637.0,1,7355.0,4235.097,4914.815,-7462.0
1024,2015-02-03,6388.0,734.0,1.0,1.0,0,0.0,2.0,0.65282214,0.75751126,0.8660254,0.5,1,0,0,1,7776.0,1,0.0,1,8319.0,1,6973.0,1,4126.0,1,0.0,1,6035.0,1,7456.0,5651.458,5550.634,7776.0
1024,2015-02-04,6081.0,786.0,1.0,1.0,0,0.0,3.0,0.65282214,0.75751126,0.8660254,0.5,1,0,0,1,6388.0,1,7776.0,1,7462.0,1,6267.0,1,5492.0,1,4222.0,1,0.0,1,0.0,5946.0747,5736.7153,-1388.0
1024,2015-02-05,6660.0,780.0,1.0,1.0,0,0.0,4.0,0.65282214,0.75751126,0.8660254,0.5,1,0,0,1,6081.0,1,6388.0,1,0.0,1,6007.0,1,5461.0,1,4149.0,1,7470.0,1,9590.0,6000.045,5813.2227,-307.0
1024,2015-02-06,7127.0,866.0,1.0,1.0,0,0.0,5.0,0.65282214,0.75751126,0.8660254,0.5,1,0,0,1,6660.0,1,6081.0,1,7776.0,1,6090.0,1,0.0,1,4132.0,1,6321.0,1,9525.0,6264.027,6001.3955,579.0
1024,2015-02-07,6456.0,825.0,1.0,0.0,0,0.0,6.0,0.65282214,0.75751126,0.8660254,0.5,1,0,0,1,7127.0,1,6660.0,1,6388.0,1,8319.0,1,6973.0,1,4126.0,1,5919.0,1,8747.0,6609.2163,6251.53,467.0
1024,2015-02-08,0.0,0.0,0.0,0.0,0,0.0,7.0,0.65282214,0.75751126,0.8660254,0.5,1,0,0,1,6456.0,1,7127.0,1,6081.0,1,7462.0,1,6267.0,1,5492.0,1,5565.0,1,8412.0,6547.9297,6296.968,-671.0
1024,2015-02-09,4854.0,715.0,1.0,0.0,0,0.0,1.0,0.73783326,0.674983,0.8660254,0.5,1,0,0,1,0.0,1,6456.0,1,6660.0,1,0.0,1,6007.0,1,5461.0,1,6570.0,1,8793.0,3928.7578,4897.6416,-6456.0
1024,2015-02-10,4221.0,639.0,1.0,0.0,0,0.0,2.0,0.73783326,0.674983,0.8660254,0.5,1,0,0,1,4854.0,1,0.0,1,7127.0,1,7776.0,1,6090.0,1,0.0,1,6995.0,1,8529.0,4298.8545,4887.9434,4854.0
1024,2015-02-11,4484.0,674.0,1.0,0.0,0,0.0,3.0,0.73783326,0.674983,0.8660254,0.5,1,0,0,1,4221.0,1,4854.0,1,6456.0,1,6388.0,1,8319.0,1,6973.0,1,0.0,1,0.0,4267.713,4739.734,-633.0
1024,2015-02-12,4919.0,705.0,1.0,0.0,0,0.0,4.0,0.73783326,0.674983,0.8660254,0.5,1,0,0,1,4484.0,1,4221.0,1,0.0,1,6081.0,1,7462.0,1,6267.0,1,4222.0,1,11201.0,4354.2275,4682.904,263.0
1024,2015-02-13,6506.0,849.0,1.0,0.0,0,0.0,5.0,0.73783326,0.674983,0.8660254,0.5,1,0,0,1,4919.0,1,4484.0,1,4854.0,1,6660.0,1,0.0,1,6007.0,1,4149.0,1,10434.0,4580.1367,4735.3696,435.0
1024,2015-02-14,5719.0,775.0,1.0,0.0,0,0.0,6.0,0.73783326,0.674983,0.8660254,0.5,1,0,0,1,6506.0,1,4919.0,1,4221.0,1,7127.0,1,7776.0,1,6090.0,1,4132.0,1,4937.0,5350.482,5128.8433,1587.0
1024,2015-02-15,0.0,0.0,0.0,0.0,0,0.0,7.0,0.73783326,0.674983,0.8660254,0.5,1,0,0,1,5719.0,1,6506.0,1,4484.0,1,6456.0,1,6388.0,1,8319.0,1,4126.0,1,0.0,5497.889,5259.9893,-787.0
1024,2015-02-16,7890.0,866.0,1.0,1.0,0,0.0,1.0,0.8124869,0.5829795,0.8660254,0.5,1,0,0,1,0.0,1,5719.0,1,4919.0,1,0.0,1,6081.0,1,7462.0,1,5492.0,1,0.0,3298.7334,4091.1028,-5719.0
1024,2015-02-17,6494.0,737.0,1.0,1.0,0,0.0,2.0,0.8124869,0.5829795,0.8660254,0.5,1,0,0,1,7890.0,1,0.0,1,6506.0,1,4854.0,1,6660.0,1,0.0,1,5461.0,1,7125.0,5135.24,4935.3022,7890.0
1024,2015-02-18,6246.0,726.0,1.0,1.0,0,0.0,3.0,0.8124869,0.5829795,0.8660254,0.5,1,0,0,1,6494.0,1,7890.0,1,5719.0,1,4221.0,1,7127.0,1,7776.0,1,0.0,1,0.0,5678.744,5281.679,-1396.0
1024,2015-02-19,6182.0,744.0,1.0,1.0,0,0.0,4.0,0.8124869,0.5829795,0.8660254,0.5,1,0,0,1,6246.0,1,6494.0,1,0.0,1,4484.0,1,6456.0,1,6388.0,1,6973.0,1,7445.0,5905.6465,5495.9727,-248.0
1024,2015-02-20,6453.0,791.0,1.0,1.0,0,0.0,5.0,0.8124869,0.5829795,0.8660254,0.5,1,0,0,1,6182.0,1,6246.0,1,7890.0,1,4919.0,1,0.0,1,6081.0,1,6267.0,1,7211.0,6016.188,5648.4233,-64.0
1024,2015-02-21,6271.0,842.0,1.0,0.0,0,0.0,6.0,0.8124869,0.5829795,0.8660254,0.5,1,0,0,1,6453.0,1,6182.0,1,6494.0,1,6506.0,1,4854.0,1,6660.0,1,6007.0,1,5054.0,6190.9126,5827.2183,271.0
1024,2015-02-22,0.0,0.0,0.0,0.0,0,0.0,7.0,0.8124869,0.5829795,0.8660254,0.5,1,0,0,1,6271.0,1,6453.0,1,6246.0,1,5719.0,1,4221.0,1,7127.0,1,6090.0,1,0.0,6222.9478,5925.8364,-182.0
1024,2015-02-23,4452.0,665.0,1.0,0.0,0,0.0,1.0,0.8757349,0.4827922,0.8660254,0.5,1,0,0,1,0.0,1,6271.0,1,6182.0,1,0.0,1,4484.0,1,6456.0,1,8319.0,1,5909.0,3733.7686,4608.984,-6271.0
1024,2015-02-24,3840.0,595.0,1.0,0.0,0,0.0,2.0,0.8757349,0.4827922,0.8660254,0.5,1,0,0,1,4452.0,1,0.0,1,6453.0,1,7890.0,1,4919.0,1,0.0,1,7462.0,1,6319.0,4021.061,4574.0986,4452.0
1024,2015-02-25,4486.0,667.0,1.0,0.0,0,0.0,3.0,0.8757349,0.4827922,0.8660254,0.5,1,0,0,1,3840.0,1,4452.0,1,6271.0,1,6494.0,1,6506.0,1,4854.0,1,0.0,1,0.0,3948.6367,4410.9653,-612.0
1024,2015-02-26,5160.0,688.0,1.0,0.0,0,0.0,4.0,0.8757349,0.4827922,0.8660254,0.5,1,0,0,1,4486.0,1,3840.0,1,0.0,1,6246.0,1,5719.0,1,4221.0,1,7776.0,1,7413.0,4163.582,4427.6396,646.0
1024,2015-02-27,6369.0,788.0,1.0,0.0,0,0.0,5.0,0.8757349,0.4827922,0.8660254,0.5,1,0,0,1,5160.0,1,4486.0,1,4452.0,1,6182.0,1,0.0,1,4484.0,1,6388.0,1,6731.0,4562.1494,4590.3867,674.0
1024,2015-02-28,6420.0,857.0,1.0,0.0,0,0.0,6.0,0.8757349,0.4827922,0.8660254,0.5,1,0,1,1,6369.0,1,5160.0,1,3840.0,1,6453.0,1,7890.0,1,4919.0,1,6081.0,1,6291.0,5284.8896,4985.634,1209.0
1024,2015-03-01,0.0,0.0,0.0,0.0,0,0.0,7.0,0.8757349,0.4827922,1.0,6.123234e-17,1,1,0,1,6420.0,1,6369.0,1,4486.0,1,6271.0,1,6494.0,1,6506.0,1,6660.0,1,5980.0,5738.9336,5304.382,51.0
1024,2015-03-02,7294.0,821.0,1.0,1.0,0,0.0,1.0,0.9266896,0.37582758,1.0,6.123234e-17,1,0,0,1,0.0,1,6420.0,1,5160.0,1,0.0,1,6246.0,1,5719.0,1,7127.0,1,6637.0,3443.36,4125.6304,-6420.0
1024,2015-03-03,7118.0,796.0,1.0,1.0,0,0.0,2.0,0.9266896,0.37582758,1.0,6.123234e-17,1,0,0,1,7294.0,1,0.0,1,6369.0,1,4452.0,1,6182.0,1,0.0,1,6456.0,1,6035.0,4983.616,4829.7124,7294.0
1024,2015-03-04,5683.0,739.0,1.0,1.0,0,0.0,3.0,0.9266896,0.37582758,1.0,6.123234e-17,1,0,0,1,7118.0,1,7294.0,1,6420.0,1,3840.0,1,6453.0,1,7890.0,1,0.0,1,0.0,5837.3696,5338.2207,-176.0
1024,2015-03-05,6090.0,744.0,1.0,1.0,0,0.0,4.0,0.9266896,0.37582758,1.0,6.123234e-17,1,0,0,1,5683.0,1,7118.0,1,0.0,1,4486.0,1,6271.0,1,6494.0,1,4854.0,1,7470.0,5775.6216,5414.8384,-1435.0
1024,2015-03-06,7604.0,859.0,1.0,1.0,0,0.0,5.0,0.9266896,0.37582758,1.0,6.123234e-17,1,0,0,1,6090.0,1,5683.0,1,7294.0,1,5160.0,1,0.0,1,6246.0,1,4221.0,1,6321.0,5901.373,5564.8745,407.0
1024,2015-03-07,5948.0,838.0,1.0,0.0,0,0.0,6.0,0.9266896,0.37582758,1.0,6.123234e-17,1,0,0,1,7604.0,1,6090.0,1,7118.0,1,6369.0,1,4452.0,1,6182.0,1,4484.0,1,5919.0,6582.424,6018.013,1514.0
1024,2015-03-08,0.0,0.0,0.0,0.0,0,0.0,7.0,0.9266896,0.37582758,1.0,6.123234e-17,1,0,0,1,5948.0,1,7604.0,1,5683.0,1,6420.0,1,3840.0,1,6453.0,1,4919.0,1,5565.0,6328.6543,6002.455,-1656.0
1024,2015-03-09,5196.0,685.0,1.0,0.0,0,0.0,1.0,0.9646356,0.26358718,1.0,6.123234e-17,1,0,0,1,0.0,1,5948.0,1,6090.0,1,0.0,1,4486.0,1,6271.0,1,6506.0,1,6570.0,3797.1926,4668.576,-5948.0
1024,2015-03-10,4317.0,609.0,1.0,0.0,0,0.0,2.0,0.9646356,0.26358718,1.0,6.123234e-17,1,0,0,1,5196.0,1,0.0,1,7604.0,1,7294.0,1,5160.0,1,0.0,1,5719.0,1,6995.0,4356.7153,4785.7812,5196.0
1024,2015-03-11,4576.0,641.0,1.0,0.0,0,0.0,3.0,0.9646356,0.26358718,1.0,6.123234e-17,1,0,0,1,4317.0,1,5196.0,1,5948.0,1,7118.0,1,6369.0,1,4452.0,1,0.0,1,0.0,4340.829,4681.608,-879.0
1024,2015-03-12,4273.0,607.0,1.0,0.0,0,0.0,4.0,0.9646356,0.26358718,1.0,6.123234e-17,1,0,0,1,4576.0,1,4317.0,1,0.0,1,5683.0,1,6420.0,1,3840.0,1,7890.0,1,4222.0,4434.8975,4658.139,259.0
1024,2015-03-13,6006.0,764.0,1.0,0.0,0,0.0,5.0,0.9646356,0.26358718,1.0,6.123234e-17,1,0,0,1,4273.0,1,4576.0,1,5196.0,1,6090.0,1,0.0,1,4486.0,1,6494.0,1,4149.0,4370.1387,4572.5527,-303.0
1024,2015-03-14,6425.0,841.0,1.0,0.0,0,0.0,6.0,0.9646356,0.26358718,1.0,6.123234e-17,1,0,0,1,6006.0,1,4273.0,1,4317.0,1,7604.0,1,7294.0,1,5160.0,1,6246.0,1,4132.0,5024.483,4891.0967,1733.0
1024,2015-03-15,0.0,0.0,0.0,0.0,0,0.0,7.0,0.9646356,0.26358718,1.0,6.123234e-17,1,0,0,1,6425.0,1,6006.0,1,4576.0,1,5948.0,1,7118.0,1,6369.0,1,6182.0,1,4126.0,5584.69,5231.964,419.0
1024,2015-03-16,7520.0,810.0,1.0,1.0,0,0.0,1.0,0.9890402,0.14764656,1.0,6.123234e-17,1,0,0,1,0.0,1,6425.0,1,4273.0,1,0.0,1,5683.0,1,6420.0,1,6453.0,1,5492.0,3350.814,4069.3054,-6425.0
1024,2015-03-17,6550.0,757.0,1.0,1.0,0,0.0,2.0,0.9890402,0.14764656,1.0,6.123234e-17,1,0,0,1,7520.0,1,0.0,1,6006.0,1,5196.0,1,6090.0,1,0.0,1,6271.0,1,5461.0,5018.4883,4836.1265,7520.0
1024,2015-03-18,6096.0,729.0,1.0,1.0,0,0.0,3.0,0.9890402,0.14764656,1.0,6.123234e-17,1,0,0,1,6550.0,1,7520.0,1,6425.0,1,4317.0,1,7604.0,1,7294.0,1,0.0,1,0.0,5631.093,5216.9873,-970.0
1024,2015-03-19,5746.0,714.0,1.0,1.0,0,0.0,4.0,0.9890402,0.14764656,1.0,6.123234e-17,1,0,0,1,6096.0,1,6550.0,1,0.0,1,4576.0,1,5948.0,1,7118.0,1,4452.0,1,6973.0,5817.0557,5412.323,-454.0
1024,2015-03-20,7372.0,900.0,1.0,1.0,0,0.0,5.0,0.9890402,0.14764656,1.0,6.123234e-17,1,0,0,1,5746.0,1,6096.0,1,7520.0,1,4273.0,1,0.0,1,5683.0,1,3840.0,1,6267.0,5788.6333,5486.4736,-350.0
1024,2015-03-21,6532.0,863.0,1.0,0.0,0,0.0,6.0,0.9890402,0.14764656,1.0,6.123234e-17,1,0,0,1,7372.0,1,5746.0,1,6550.0,1,6006.0,1,5196.0,1,6090.0,1,4486.0,1,6007.0,6421.98,5905.4795,1626.0
1024,2015-03-22,0.0,0.0,0.0,0.0,0,0.0,7.0,0.9890402,0.14764656,1.0,6.123234e-17,1,0,0,1,6532.0,1,7372.0,1,6096.0,1,6425.0,1,4317.0,1,7604.0,1,5160.0,1,6090.0,6465.9883,6044.7065,-840.0
1024,2015-03-23,4946.0,667.0,1.0,0.0,0,0.0,1.0,0.99956083,0.029633328,1.0,6.123234e-17,1,0,0,1,0.0,1,6532.0,1,5746.0,1,0.0,1,4576.0,1,5948.0,1,6369.0,1,8319.0,3879.5928,4701.4385,-6532.0
1024,2015-03-24,4403.0,606.0,1.0,0.0,0,0.0,2.0,0.99956083,0.029633328,1.0,6.123234e-17,1,0,0,1,4946.0,1,0.0,1,7372.0,1,7520.0,1,4273.0,1,0.0,1,6420.0,1,7462.0,4306.156,4755.785,4946.0
1024,2015-03-25,4270.0,634.0,1.0,0.0,0,0.0,3.0,0.99956083,0.029633328,1.0,6.123234e-17,1,0,0,1,4403.0,1,4946.0,1,6532.0,1,6550.0,1,6006.0,1,5196.0,1,0.0,1,0.0,4344.8936,4677.3887,-543.0
1024,2015-03-26,5404.0,700.0,1.0,0.0,0,0.0,4.0,0.99956083,0.029633328,1.0,6.123234e-17,1,0,0,1,4270.0,1,4403.0,1,0.0,1,6096.0,1,6425.0,1,4317.0,1,7294.0,1,7776.0,4314.936,4586.858,-133.0
1024,2015-03-27,6499.0,827.0,1.0,0.0,0,0.0,5.0,0.99956083,0.029633328,1.0,6.123234e-17,1,0,0,1,5404.0,1,4270.0,1,4946.0,1,5746.0,1,0.0,1,4576.0,1,7118.0,1,6388.0,4750.5615,4768.445,1134.0
1024,2015-03-28,6731.0,856.0,1.0,0.0,0,0.0,6.0,0.99956083,0.029633328,1.0,6.123234e-17,1,0,0,1,6499.0,1,5404.0,1,4403.0,1,7372.0,1,7520.0,1,4273.0,1,5683.0,1,6081.0,5449.937,5153.0127,1095.0
1024,2015-03-29,0.0,0.0,0.0,0.0,0,0.0,7.0,0.99956083,0.029633328,1.0,6.123234e-17,1,0,0,1,6731.0,1,6499.0,1,4270.0,1,6532.0,1,6550.0,1,6006.0,1,6090.0,1,6660.0,5962.3623,5503.677,232.0
1024,2015-03-30,8763.0,905.0,1.0,1.0,0,0.0,1.0,0.9960498,-0.08879589,1.0,6.123234e-17,1,0,0,1,0.0,1,6731.0,1,5404.0,1,0.0,1,6096.0,1,6425.0,1,7604.0,1,7127.0,3577.4172,4280.637,-6731.0
1024,2015-03-31,8558.0,852.0,1.0,1.0,0,0.0,2.0,0.9960498,-0.08879589,1.0,6.123234e-17,1,0,1,1,8763.0,1,0.0,1,6499.0,1,4946.0,1,5746.0,1,0.0,1,5948.0,1,6456.0,5651.6504,5276.718,8763.0
1024,2015-04-01,9366.0,1019.0,1.0,1.0,0,1.0,3.0,0.9960498,-0.08879589,0.8660254,-0.5,2,1,0,1,8558.0,1,8763.0,1,6731.0,1,4403.0,1,7372.0,1,7520.0,1,0.0,1,0.0,6814.1904,6005.8916,-205.0
1024,2015-04-02,10368.0,1102.0,1.0,1.0,0,1.0,4.0,0.9960498,-0.08879589,0.8660254,-0.5,2,0,0,1,9366.0,1,8558.0,1,0.0,1,4270.0,1,6532.0,1,6550.0,1,5196.0,1,4854.0,7834.914,6752.5825,808.0
1024,2015-04-03,0.0,0.0,0.0,1.0,2,1.0,5.0,0.9960498,-0.08879589,0.8660254,-0.5,2,0,0,1,10368.0,1,9366.0,1,8763.0,1,5404.0,1,0.0,1,6096.0,1,4317.0,1,4221.0,8848.148,7556.009,1002.0
1024,2015-04-04,9619.0,1168.0,1.0,0.0,0,0.0,6.0,0.9960498,-0.08879589,0.8660254,-0.5,2,0,0,1,0.0,1,10368.0,1,8558.0,1,6499.0,1,4946.0,1,5746.0,1,4576.0,1,4484.0,5308.889,5876.8955,-10368.0
1024,2015-04-05,0.0,0.0,0.0,0.0,0,0.0,7.0,0.9960498,-0.08879589,0.8660254,-0.5,2,0,0,1,9619.0,1,0.0,1,9366.0,1,6731.0,1,4403.0,1,7372.0,1,4273.0,1,4919.0,7032.9336,6708.474,9619.0
1024,2015-04-06,0.0,0.0,0.0,0.0,2,1.0,1.0,0.9785565,-0.20597862,0.8660254,-0.5,2,0,0,1,0.0,1,9619.0,1,10368.0,1,0.0,1,4270.0,1,6532.0,1,6006.0,1,6506.0,4219.7603,5217.702,-9619.0
1024,2015-04-07,5772.0,760.0,1.0,0.0,0,1.0,2.0,0.9785565,-0.20597862,0.8660254,-0.5,2,0,0,1,0.0,1,0.0,1,0.0,1,8763.0,1,5404.0,1,0.0,1,6425.0,1,5719.0,2531.856,4058.213,0.0
1024,2015-04-08,4579.0,632.0,1.0,0.0,0,1.0,3.0,0.9785565,-0.20597862,0.8660254,-0.5,2,0,0,1,5772.0,1,0.0,1,9619.0,1,8558.0,1,6499.0,1,4946.0,1,0.0,1,0.0,3827.9136,4439.0547,5772.0
1024,2015-04-09,4348.0,610.0,1.0,0.0,0,1.0,4.0,0.9785565,-0.20597862,0.8660254,-0.5,2,0,0,1,4579.0,1,5772.0,1,0.0,1,9366.0,1,6731.0,1,4403.0,1,7520.0,1,7890.0,4128.348,4470.1533,-1193.0
1024,2015-04-10,4839.0,652.0,1.0,0.0,0,1.0,5.0,0.9785565,-0.20597862,0.8660254,-0.5,2,0,0,1,4348.0,1,4579.0,1,0.0,1,10368.0,1,0.0,1,4270.0,1,6550.0,1,6494.0,4216.209,4443.0083,-231.0
1024,2015-04-11,5506.0,775.0,1.0,0.0,0,0.0,6.0,0.9785565,-0.20597862,0.8660254,-0.5,2,0,0,1,4839.0,1,4348.0,1,5772.0,1,0.0,1,8763.0,1,5404.0,1,6096.0,1,6246.0,4465.325,4531.0063,491.0
1024,2015-04-12,0.0,0.0,0.0,0.0,0,0.0,7.0,0.9785565,-0.20597862,0.8660254,-0.5,2,0,0,1,5506.0,1,4839.0,1,4579.0,1,9619.0,1,8558.0,1,6499.0,1,5746.0,1,6182.0,4881.595,4747.672,667.0
1024,2015-04-13,7271.0,809.0,1.0,1.0,0,1.0,1.0,0.94732636,-0.32026985,0.8660254,-0.5,2,0,0,1,0.0,1,5506.0,1,4348.0,1,0.0,1,9366.0,1,6731.0,1,7372.0,1,6453.0,2928.957,3692.6335,-5506.0
1024,2015-04-14,6593.0,769.0,1.0,1.0,0,1.0,2.0,0.94732636,-0.32026985,0.8660254,-0.5,2,0,0,1,7271.0,1,0.0,1,4839.0,1,0.0,1,10368.0,1,0.0,1,6532.0,1,6271.0,4665.7744,4487.826,7271.0
1024,2015-04-15,5245.0,665.0,1.0,1.0,0,1.0,3.0,0.94732636,-0.32026985,0.8660254,-0.5,2,0,0,1,6593.0,1,7271.0,1,5506.0,1,5772.0,1,0.0,1,8763.0,1,0.0,1,0.0,5436.6646,4955.6426,-678.0
1024,2015-04-16,6191.0,728.0,1.0,1.0,0,1.0,4.0,0.94732636,-0.32026985,0.8660254,-0.5,2,0,0,1,5245.0,1,6593.0,1,0.0,1,4579.0,1,9619.0,1,8558.0,1,4946.0,1,4452.0,5359.9985,5019.9443,-1348.0
1024,2015-04-17,6281.0,774.0,1.0,1.0,0,1.0,5.0,0.94732636,-0.32026985,0.8660254,-0.5,2,0,0,1,6191.0,1,5245.0,1,7271.0,1,4348.0,1,0.0,1,9366.0,1,4403.0,1,3840.0,5692.3994,5280.1787,946.0
1024,2015-04-18,5931.0,801.0,1.0,0.0,0,0.0,6.0,0.94732636,-0.32026985,0.8660254,-0.5,2,0,0,1,6281.0,1,6191.0,1,6593.0,1,4839.0,1,0.0,1,10368.0,1,4270.0,1,4486.0,5927.8394,5502.5835,90.0
1024,2015-04-19,0.0,0.0,0.0,0.0,0,0.0,7.0,0.94732636,-0.32026985,0.8660254,-0.5,2,0,0,1,5931.0,1,6281.0,1,5245.0,1,5506.0,1,5772.0,1,0.0,1,5404.0,1,5160.0,5929.1035,5597.787,-350.0
1024,2015-04-20,4585.0,651.0,1.0,0.0,0,0.0,1.0,0.9027978,-0.4300652,0.8660254,-0.5,2,0,0,1,0.0,1,5931.0,1,6191.0,1,0.0,1,4579.0,1,9619.0,1,6499.0,1,6369.0,3557.4622,4353.8345,-5931.0
1024,2015-04-21,4311.0,631.0,1.0,0.0,0,0.0,2.0,0.9027978,-0.4300652,0.8660254,-0.5,2,0,0,1,4585.0,1,0.0,1,6281.0,1,7271.0,1,4348.0,1,0.0,1,6731.0,1,6420.0,3968.4773,4405.2046,4585.0
1024,2015-04-22,5231.0,670.0,1.0,0.0,0,0.0,3.0,0.9027978,-0.4300652,0.8660254,-0.5,2,0,0,1,4311.0,1,4585.0,1,5931.0,1,6593.0,1,4839.0,1,0.0,1,0.0,1,0.0,4105.4863,4384.27,-274.0
1024,2015-04-23,4734.0,656.0,1.0,0.0,0,0.0,4.0,0.9027978,-0.4300652,0.8660254,-0.5,2,0,0,1,5231.0,1,4311.0,1,0.0,1,5245.0,1,5506.0,1,5772.0,1,8763.0,1,7294.0,4555.692,4572.4326,920.0
1024,2015-04-24,5394.0,750.0,1.0,0.0,0,0.0,5.0,0.9027978,-0.4300652,0.8660254,-0.5,2,0,0,1,4734.0,1,5231.0,1,4585.0,1,6191.0,1,0.0,1,4579.0,1,8558.0,1,7118.0,4627.015,4608.3364,-497.0
1024,2015-04-25,6396.0,834.0,1.0,0.0,0,0.0,6.0,0.9027978,-0.4300652,0.8660254,-0.5,2,0,0,1,5394.0,1,4734.0,1,4311.0,1,6281.0,1,7271.0,1,4348.0,1,9366.0,1,5683.0,4933.809,4782.928,660.0
1024,2015-04-26,0.0,0.0,0.0,0.0,0,0.0,7.0,0.9027978,-0.4300652,0.8660254,-0.5,2,0,0,1,6396.0,1,5394.0,1,5231.0,1,5931.0,1,6593.0,1,4839.0,1,10368.0,1,6090.0,5518.6855,5141.3887,1002.0
1024,2015-04-27,8521.0,895.0,1.0,1.0,0,0.0,1.0,0.845596,-0.5338234,0.8660254,-0.5,2,0,0,1,0.0,1,6396.0,1,4734.0,1,0.0,1,5245.0,1,5506.0,1,0.0,1,7604.0,3311.2112,3998.858,-6396.0
1024,2015-04-28,6719.0,759.0,1.0,1.0,0,0.0,2.0,0.845596,-0.5338234,0.8660254,-0.5,2,0,0,1,8521.0,1,0.0,1,5394.0,1,4585.0,1,6191.0,1,0.0,1,9619.0,1,5948.0,5395.127,5003.7783,8521.0
1024,2015-04-29,7076.0,790.0,1.0,1.0,0,0.0,3.0,0.845596,-0.5338234,0.8660254,-0.5,2,0,0,1,6719.0,1,8521.0,1,6396.0,1,4311.0,1,6281.0,1,7271.0,1,0.0,1,0.0,5924.6763,5384.9385,-1802.0
1024,2015-04-30,9661.0,1066.0,1.0,1.0,0,0.0,4.0,0.845596,-0.5338234,0.8660254,-0.5,2,0,1,1,7076.0,1,6719.0,1,0.0,1,5231.0,1,5931.0,1,6593.0,1,0.0,1,5196.0,6385.2056,5760.73,357.0
1024,2015-05-01,0.0,0.0,0.0,1.0,1,0.0,5.0,0.845596,-0.5338234,0.5,-0.8660254,2,1,0,1,9661.0,1,7076.0,1,8521.0,1,4734.0,1,0.0,1,5245.0,1,5772.0,1,4317.0,7695.5234,6627.4565,2585.0
1024,2015-05-02,8010.0,995.0,1.0,0.0,0,0.0,6.0,0.845596,-0.5338234,0.5,-0.8660254,2,0,0,1,0.0,1,9661.0,1,6719.0,1,5394.0,1,4585.0,1,6191.0,1,4579.0,1,4576.0,4617.314,5154.6885,-9661.0
1024,2015-05-03,0.0,0.0,0.0,0.0,0,0.0,7.0,0.845596,-0.5338234,0.5,-0.8660254,2,0,0,1,8010.0,1,0.0,1,7076.0,1,6396.0,1,4311.0,1,6281.0,1,4348.0,1,4273.0,5974.388,5789.202,8010.0
1024,2015-05-04,7475.0,892.0,1.0,1.0,0,0.0,1.0,0.7765239,-0.63008785,0.5,-0.8660254,2,0,0,1,0.0,1,8010.0,1,9661.0,1,0.0,1,5231.0,1,5931.0,1,4839.0,1,6006.0,3584.633,4502.713,-8010.0
1024,2015-05-05,5995.0,698.0,1.0,1.0,0,0.0,2.0,0.7765239,-0.63008785,0.5,-0.8660254,2,0,0,1,7475.0,1,0.0,1,0.0,1,8521.0,1,4734.0,1,0.0,1,5506.0,1,6425.0,5140.78,5163.221,7475.0
1024,2015-05-06,6308.0,786.0,1.0,1.0,0,0.0,3.0,0.7765239,-0.63008785,0.5,-0.8660254,2,0,0,1,5995.0,1,7475.0,1,8010.0,1,6719.0,1,5394.0,1,4585.0,1,0.0,1,0.0,5482.468,5348.061,-1480.0
1024,2015-05-07,6955.0,860.0,1.0,1.0,0,0.0,4.0,0.7765239,-0.63008785,0.5,-0.8660254,2,0,0,1,6308.0,1,5995.0,1,0.0,1,7076.0,1,6396.0,1,4311.0,1,7271.0,1,7520.0,5812.6807,5561.381,313.0
1024,2015-05-08,7359.0,887.0,1.0,1.0,0,0.0,5.0,0.7765239,-0.63008785,0.5,-0.8660254,2,0,0,1,6955.0,1,6308.0,1,7475.0,1,9661.0,1,0.0,1,5231.0,1,6593.0,1,6550.0,6269.6084,5871.0737,647.0
1024,2015-05-09,6747.0,925.0,1.0,0.0,0,0.0,6.0,0.7765239,-0.63008785,0.5,-0.8660254,2,0,0,1,7359.0,1,6955.0,1,5995.0,1,0.0,1,8521.0,1,4734.0,1,5245.0,1,6096.0,6705.365,6201.724,404.0
1024,2015-05-10,0.0,0.0,0.0,0.0,0,0.0,7.0,0.7765239,-0.63008785,0.5,-0.8660254,2,0,0,1,6747.0,1,7359.0,1,6308.0,1,8010.0,1,6719.0,1,5394.0,1,6191.0,1,5746.0,6722.019,6322.8965,-612.0
1024,2015-05-11,4681.0,688.0,1.0,0.0,0,0.0,1.0,0.696551,-0.71750724,0.5,-0.8660254,2,0,0,1,0.0,1,6747.0,1,6955.0,1,0.0,1,7076.0,1,6396.0,1,6281.0,1,7372.0,4033.2114,4917.8086,-6747.0
1024,2015-05-12,5339.0,731.0,1.0,0.0,0,0.0,2.0,0.696551,-0.71750724,0.5,-0.8660254,2,0,0,1,4681.0,1,0.0,1,7359.0,1,7475.0,1,9661.0,1,0.0,1,5931.0,1,6532.0,4292.3267,4865.184,4681.0
1024,2015-05-13,6130.0,834.0,1.0,0.0,0,0.0,3.0,0.696551,-0.71750724,0.5,-0.8660254,2,0,0,1,5339.0,1,4681.0,1,6747.0,1,5995.0,1,0.0,1,8521.0,1,0.0,1,0.0,4710.996,4970.4766,658.0
1024,2015-05-14,0.0,0.0,0.0,0.0,1,0.0,4.0,0.696551,-0.71750724,0.5,-0.8660254,2,0,0,1,6130.0,1,5339.0,1,0.0,1,6308.0,1,8010.0,1,6719.0,1,4585.0,1,4946.0,5278.5977,5228.1484,791.0
1024,2015-05-15,6611.0,881.0,1.0,0.0,0,1.0,5.0,0.696551,-0.71750724,0.5,-0.8660254,2,0,0,1,0.0,1,6130.0,1,4681.0,1,6955.0,1,0.0,1,7076.0,1,4311.0,1,4403.0,3167.1587,4066.3376,-6130.0
1024,2015-05-16,6465.0,815.0,1.0,0.0,0,0.0,6.0,0.696551,-0.71750724,0.5,-0.8660254,2,0,0,1,6611.0,1,0.0,1,5339.0,1,7359.0,1,7475.0,1,9661.0,1,5231.0,1,4270.0,4544.6953,4631.8184,6611.0
1024,2015-05-17,0.0,0.0,0.0,0.0,0,0.0,7.0,0.696551,-0.71750724,0.5,-0.8660254,2,0,0,1,6465.0,1,6611.0,1,6130.0,1,6747.0,1,5995.0,1,0.0,1,4734.0,1,5404.0,5312.817,5039.192,-146.0
1024,2015-05-18,7840.0,860.0,1.0,1.0,0,0.0,1.0,0.60680014,-0.79485446,0.5,-0.8660254,2,0,0,1,0.0,1,6465.0,1,0.0,1,0.0,1,6308.0,1,8010.0,1,5394.0,1,6499.0,3187.6902,3919.3716,-6465.0
1024,2015-05-19,6879.0,765.0,1.0,1.0,0,0.0,2.0,0.60680014,-0.79485446,0.5,-0.8660254,2,0,0,1,7840.0,1,0.0,1,6611.0,1,4681.0,1,6955.0,1,0.0,1,6396.0,1,6731.0,5048.6143,4790.622,7840.0
1024,2015-05-20,6702.0,762.0,1.0,1.0,0,0.0,3.0,0.60680014,-0.79485446,0.5,-0.8660254,2,0,0,1,6879.0,1,7840.0,1,6465.0,1,5339.0,1,7359.0,1,7475.0,1,0.0,1,0.0,5780.7686,5254.706,-961.0
1024,2015-05-21,5883.0,712.0,1.0,1.0,0,0.0,4.0,0.60680014,-0.79485446,0.5,-0.8660254,2,0,0,1,6702.0,1,6879.0,1,0.0,1,6130.0,1,6747.0,1,5995.0,1,8521.0,1,8763.0,6149.261,5576.327,-177.0
1024,2015-05-22,6844.0,799.0,1.0,1.0,0,0.0,5.0,0.60680014,-0.79485446,0.5,-0.8660254,2,0,0,1,5883.0,1,6702.0,1,7840.0,1,0.0,1,0.0,1,6308.0,1,6719.0,1,8558.0,6042.757,5644.4766,-819.0
1024,2015-05-23,6167.0,830.0,1.0,0.0,0,0.0,6.0,0.60680014,-0.79485446,0.5,-0.8660254,2,0,0,1,6844.0,1,5883.0,1,6879.0,1,6611.0,1,4681.0,1,6955.0,1,7076.0,1,9366.0,6363.254,5911.0376,961.0
1024,2015-05-24,0.0,0.0,0.0,0.0,0,0.0,7.0,0.60680014,-0.79485446,0.5,-0.8660254,2,0,0,1,6167.0,1,6844.0,1,6702.0,1,6465.0,1,5339.0,1,7359.0,1,9661.0,1,10368.0,6284.7524,5967.918,-677.0
1024,2015-05-25,0.0,0.0,0.0,0.0,1,0.0,1.0,0.5085311,-0.86104363,0.5,-0.8660254,2,0,0,1,0.0,1,6167.0,1,5883.0,1,0.0,1,6130.0,1,6747.0,1,0.0,1,0.0,3770.8513,4641.714,-6167.0
1024,2015-05-26,5823.0,769.0,1.0,0.0,0,0.0,2.0,0.5085311,-0.86104363,0.5,-0.8660254,2,0,0,1,0.0,1,0.0,1,6844.0,1,7840.0,1,0.0,1,0.0,1,8010.0,1,9619.0,2262.5107,3610.222,0.0
1024,2015-05-27,5607.0,689.0,1.0,0.0,0,0.0,3.0,0.5085311,-0.86104363,0.5,-0.8660254,2,0,0,1,5823.0,1,0.0,1,6167.0,1,6879.0,1,6611.0,1,4681.0,1,0.0,1,0.0,3686.7065,4101.95,5823.0
1024,2015-05-28,5672.0,729.0,1.0,0.0,0,0.0,4.0,0.5085311,-0.86104363,0.5,-0.8660254,2,0,0,1,5607.0,1,5823.0,1,0.0,1,6702.0,1,6465.0,1,5339.0,1,7475.0,1,0.0,4454.8237,4436.406,-216.0
1024,2015-05-29,6429.0,834.0,1.0,0.0,0,0.0,5.0,0.5085311,-0.86104363,0.5,-0.8660254,2,0,0,1,5672.0,1,5607.0,1,0.0,1,5883.0,1,0.0,1,6130.0,1,5995.0,1,5772.0,4941.6943,4710.9824,65.0
1024,2015-05-30,7413.0,907.0,1.0,0.0,0,0.0,6.0,0.5085311,-0.86104363,0.5,-0.8660254,2,0,0,1,6429.0,1,5672.0,1,5823.0,1,6844.0,1,7840.0,1,0.0,1,6308.0,1,4579.0,5536.6167,5092.764,757.0
1024,2015-05-31,0.0,0.0,0.0,0.0,0,0.0,7.0,0.5085311,-0.86104363,0.5,-0.8660254,2,0,1,1,7413.0,1,6429.0,1,5607.0,1,6167.0,1,6879.0,1,6611.0,1,6955.0,1,4348.0,6287.17,5608.372,984.0
1024,2015-06-01,8549.0,885.0,1.0,1.0,0,0.0,1.0,0.40312344,-0.91514564,1.2246469e-16,-1.0,2,1,0,1,0.0,1,7413.0,1,5672.0,1,0.0,1,6702.0,1,6465.0,1,7359.0,1,4839.0,3772.302,4362.0674,-7413.0
1024,2015-06-02,7070.0,793.0,1.0,1.0,0,0.0,2.0,0.40312344,-0.91514564,1.2246469e-16,-1.0,2,0,0,1,8549.0,1,0.0,1,6429.0,1,0.0,1,5883.0,1,0.0,1,6747.0,1,5506.0,5682.981,5292.4966,8549.0
1024,2015-06-03,6714.0,790.0,1.0,1.0,0,0.0,3.0,0.40312344,-0.91514564,1.2246469e-16,-1.0,2,0,0,1,7070.0,1,8549.0,1,7413.0,1,5823.0,1,6844.0,1,7840.0,1,0.0,1,0.0,6237.7886,5687.4976,-1479.0
1024,2015-06-04,6167.0,753.0,1.0,1.0,0,0.0,4.0,0.40312344,-0.91514564,1.2246469e-16,-1.0,2,0,0,1,6714.0,1,7070.0,1,0.0,1,5607.0,1,6167.0,1,6879.0,1,4681.0,1,7271.0,6428.2734,5915.609,-356.0
1024,2015-06-05,5865.0,722.0,1.0,1.0,0,0.0,5.0,0.40312344,-0.91514564,1.2246469e-16,-1.0,2,0,0,1,6167.0,1,6714.0,1,8549.0,1,5672.0,1,0.0,1,6702.0,1,5339.0,1,6593.0,6323.764,5971.4736,-547.0
1024,2015-06-06,6389.0,815.0,1.0,0.0,0,0.0,6.0,0.40312344,-0.91514564,1.2246469e-16,-1.0,2,0,0,1,5865.0,1,6167.0,1,7070.0,1,6429.0,1,0.0,1,5883.0,1,6130.0,1,5245.0,6140.2583,5947.813,-302.0
1024,2015-06-07,0.0,0.0,0.0,0.0,0,0.0,7.0,0.40312344,-0.91514564,1.2246469e-16,-1.0,2,0,0,1,6389.0,1,5865.0,1,6714.0,1,7413.0,1,5823.0,1,6844.0,1,0.0,1,6191.0,6239.755,6045.8545,524.0
1024,2015-06-08,4989.0,678.0,1.0,0.0,0,0.0,1.0,0.29205677,-0.956401,1.2246469e-16,-1.0,2,0,0,1,0.0,1,6389.0,1,6167.0,1,0.0,1,5607.0,1,6167.0,1,6611.0,1,6281.0,3743.853,4702.331,-6389.0
1024,2015-06-09,4692.0,625.0,1.0,0.0,0,0.0,2.0,0.29205677,-0.956401,1.2246469e-16,-1.0,2,0,0,1,4989.0,1,0.0,1,5865.0,1,8549.0,1,5672.0,1,0.0,1,6465.0,1,5931.0,4241.9116,4766.0356,4989.0
1024,2015-06-10,4519.0,596.0,1.0,0.0,0,0.0,3.0,0.29205677,-0.956401,1.2246469e-16,-1.0,2,0,0,1,4692.0,1,4989.0,1,6389.0,1,7070.0,1,6429.0,1,0.0,1,0.0,1,0.0,4421.9473,4749.583,-297.0
1024,2015-06-11,4816.0,654.0,1.0,0.0,0,0.0,4.0,0.29205677,-0.956401,1.2246469e-16,-1.0,2,0,0,1,4519.0,1,4692.0,1,0.0,1,6714.0,1,7413.0,1,5823.0,1,7840.0,1,4585.0,4460.768,4698.3423,-173.0
1024,2015-06-12,4963.0,698.0,1.0,0.0,0,0.0,5.0,0.29205677,-0.956401,1.2246469e-16,-1.0,2,0,0,1,4816.0,1,4519.0,1,4989.0,1,6167.0,1,0.0,1,5607.0,1,6879.0,1,4311.0,4602.861,4724.489,297.0
1024,2015-06-13,6385.0,845.0,1.0,0.0,0,0.0,6.0,0.29205677,-0.956401,1.2246469e-16,-1.0,2,0,0,1,4963.0,1,4816.0,1,4692.0,1,5865.0,1,8549.0,1,5672.0,1,6702.0,1,5231.0,4746.9165,4777.491,147.0
1024,2015-06-14,0.0,0.0,0.0,0.0,0,0.0,7.0,0.29205677,-0.956401,1.2246469e-16,-1.0,2,0,0,1,6385.0,1,4963.0,1,4519.0,1,6389.0,1,7070.0,1,6429.0,1,5883.0,1,4734.0,5402.15,5134.7153,1422.0
1024,2015-06-15,7559.0,857.0,1.0,1.0,0,0.0,1.0,0.17689027,-0.9842306,1.2246469e-16,-1.0,2,0,0,1,0.0,1,6385.0,1,4816.0,1,0.0,1,6714.0,1,7413.0,1,6844.0,1,5394.0,3241.29,3993.6675,-6385.0
1024,2015-06-16,6581.0,780.0,1.0,1.0,0,0.0,2.0,0.17689027,-0.9842306,1.2246469e-16,-1.0,2,0,0,1,7559.0,1,0.0,1,4963.0,1,4989.0,1,6167.0,1,0.0,1,6167.0,1,6396.0,4968.374,4785.9634,7559.0
1024,2015-06-17,6015.0,724.0,1.0,1.0,0,0.0,3.0,0.17689027,-0.9842306,1.2246469e-16,-1.0,2,0,0,1,6581.0,1,7559.0,1,6385.0,1,4692.0,1,5865.0,1,8549.0,1,0.0,1,0.0,5613.4243,5184.8604,-978.0
1024,2015-06-18,6449.0,759.0,1.0,1.0,0,0.0,4.0,0.17689027,-0.9842306,1.2246469e-16,-1.0,2,0,0,1,6015.0,1,6581.0,1,0.0,1,4519.0,1,6389.0,1,7070.0,1,0.0,1,8521.0,5774.0547,5369.336,-566.0
1024,2015-06-19,6673.0,819.0,1.0,1.0,0,0.0,5.0,0.17689027,-0.9842306,1.2246469e-16,-1.0,2,0,0,1,6449.0,1,6015.0,1,7559.0,1,4816.0,1,0.0,1,6714.0,1,5823.0,1,6719.0,6044.0327,5609.261,434.0
1024,2015-06-20,5456.0,746.0,1.0,0.0,0,0.0,6.0,0.17689027,-0.9842306,1.2246469e-16,-1.0,2,0,0,1,6673.0,1,6449.0,1,6581.0,1,4963.0,1,4989.0,1,6167.0,1,5607.0,1,7076.0,6295.6196,5845.6475,224.0
1024,2015-06-21,0.0,0.0,0.0,0.0,0,0.0,7.0,0.17689027,-0.9842306,1.2246469e-16,-1.0,2,0,0,1,5456.0,1,6673.0,1,6015.0,1,6385.0,1,4692.0,1,5865.0,1,5672.0,1,9661.0,5959.772,5759.059,-1217.0
1024,2015-06-22,4633.0,602.0,1.0,0.0,0,0.0,1.0,0.059240628,-0.99824375,1.2246469e-16,-1.0,2,0,0,1,0.0,1,5456.0,1,6449.0,1,0.0,1,4519.0,1,6389.0,1,6429.0,1,0.0,3575.863,4479.2686,-5456.0
1024,2015-06-23,4098.0,582.0,1.0,0.0,0,0.0,2.0,0.059240628,-0.99824375,1.2246469e-16,-1.0,2,0,0,1,4633.0,1,0.0,1,6673.0,1,7559.0,1,4816.0,1,0.0,1,7413.0,1,8010.0,3998.7178,4513.431,4633.0
1024,2015-06-24,4273.0,609.0,1.0,0.0,0,0.0,3.0,0.059240628,-0.99824375,1.2246469e-16,-1.0,2,0,0,1,4098.0,1,4633.0,1,5456.0,1,6581.0,1,4963.0,1,4989.0,1,0.0,1,0.0,4038.4307,4421.113,-535.0
1024,2015-06-25,4181.0,582.0,1.0,0.0,0,0.0,4.0,0.059240628,-0.99824375,1.2246469e-16,-1.0,2,0,0,1,4273.0,1,4098.0,1,0.0,1,6015.0,1,6385.0,1,4692.0,1,8549.0,1,7475.0,4132.2583,4388.1987,175.0
1024,2015-06-26,4627.0,629.0,1.0,0.0,0,0.0,5.0,0.059240628,-0.99824375,1.2246469e-16,-1.0,2,0,0,1,4181.0,1,4273.0,1,4633.0,1,6449.0,1,0.0,1,4519.0,1,7070.0,1,5995.0,4151.755,4342.155,-92.0
1024,2015-06-27,6170.0,754.0,1.0,0.0,0,0.0,6.0,0.059240628,-0.99824375,1.2246469e-16,-1.0,2,0,0,1,4627.0,1,4181.0,1,4098.0,1,6673.0,1,7559.0,1,4816.0,1,6714.0,1,6308.0,4341.853,4405.4536,446.0
1024,2015-06-28,0.0,0.0,0.0,0.0,0,0.0,7.0,0.059240628,-0.99824375,1.2246469e-16,-1.0,2,0,0,1,6170.0,1,4627.0,1,4273.0,1,5456.0,1,6581.0,1,4963.0,1,6167.0,1,6955.0,5073.112,4797.575,1543.0
1024,2015-06-29,7842.0,839.0,1.0,1.0,0,0.0,1.0,-0.059240628,-0.99824375,1.2246469e-16,-1.0,2,0,0,1,0.0,1,6170.0,1,4181.0,1,0.0,1,6015.0,1,6385.0,1,5865.0,1,7359.0,3043.8672,3731.4473,-6170.0
1024,2015-06-30,8150.0,804.0,1.0,1.0,0,0.0,2.0,-0.059240628,-0.99824375,1.2246469e-16,-1.0,2,0,1,1,7842.0,1,0.0,1,4627.0,1,4633.0,1,6449.0,1,0.0,1,6389.0,1,6747.0,4963.12,4644.9033,7842.0
1024,2015-07-01,7099.0,718.0,1.0,1.0,0,0.0,3.0,-0.059240628,-0.99824375,-0.5,-0.8660254,3,1,0,1,8150.0,1,7842.0,1,6170.0,1,4098.0,1,6673.0,1,7559.0,1,0.0,1,0.0,6237.872,5423.814,308.0
1024,2015-07-02,6506.0,747.0,1.0,1.0,0,0.0,4.0,-0.059240628,-0.99824375,-0.5,-0.8660254,3,0,0,1,7099.0,1,8150.0,1,0.0,1,4273.0,1,5456.0,1,6581.0,1,4989.0,1,4681.0,6582.323,5796.0776,-1051.0
1024,2015-07-03,7370.0,824.0,1.0,1.0,0,0.0,5.0,-0.059240628,-0.99824375,-0.5,-0.8660254,3,0,0,1,6506.0,1,7099.0,1,7842.0,1,4181.0,1,0.0,1,6015.0,1,4692.0,1,5339.0,6551.794,5953.838,-593.0
1024,2015-07-04,6272.0,748.0,1.0,0.0,0,0.0,6.0,-0.059240628,-0.99824375,-0.5,-0.8660254,3,0,0,1,7370.0,1,6506.0,1,8150.0,1,4627.0,1,4633.0,1,6449.0,1,4519.0,1,6130.0,6879.076,6268.5405,864.0
1024,2015-07-05,0.0,0.0,0.0,0.0,0,0.0,7.0,-0.059240628,-0.99824375,-0.5,-0.8660254,3,0,0,1,6272.0,1,7370.0,1,7099.0,1,6170.0,1,4098.0,1,6673.0,1,4816.0,1,0.0,6636.2456,6269.3096,-1098.0
1024,2015-07-06,5766.0,759.0,1.0,0.0,0,0.0,1.0,-0.17689027,-0.9842306,-0.5,-0.8660254,3,0,0,1,0.0,1,6272.0,1,6506.0,1,0.0,1,4273.0,1,5456.0,1,4963.0,1,6611.0,3981.7476,4876.1294,-6272.0
1024,2015-07-07,4729.0,645.0,1.0,0.0,0,0.0,2.0,-0.17689027,-0.9842306,-0.5,-0.8660254,3,0,0,1,5766.0,1,0.0,1,7370.0,1,7842.0,1,4181.0,1,0.0,1,6385.0,1,6465.0,4695.4487,5073.8784,5766.0
1024,2015-07-08,5015.0,667.0,1.0,0.0,0,0.0,3.0,-0.17689027,-0.9842306,-0.5,-0.8660254,3,0,0,1,4729.0,1,5766.0,1,6272.0,1,8150.0,1,4627.0,1,4633.0,1,0.0,1,0.0,4708.869,4997.239,-1037.0
1024,2015-07-09,5450.0,716.0,1.0,0.0,0,0.0,4.0,-0.17689027,-0.9842306,-0.5,-0.8660254,3,0,0,1,5015.0,1,4729.0,1,0.0,1,7099.0,1,6170.0,1,4098.0,1,7559.0,1,7840.0,4831.3213,5001.1855,286.0
1024,2015-07-10,5079.0,707.0,1.0,0.0,0,0.0,5.0,-0.17689027,-0.9842306,-0.5,-0.8660254,3,0,0,1,5450.0,1,5015.0,1,5766.0,1,6506.0,1,0.0,1,4273.0,1,6581.0,1,6879.0,5078.793,5100.9224,435.0
1024,2015-07-11,6219.0,777.0,1.0,0.0,0,0.0,6.0,-0.17689027,-0.9842306,-0.5,-0.8660254,3,0,0,1,5079.0,1,5450.0,1,4729.0,1,7370.0,1,7842.0,1,4181.0,1,6015.0,1,6702.0,5078.8755,5096.051,-371.0
1024,2015-07-12,0.0,0.0,0.0,0.0,0,0.0,7.0,-0.17689027,-0.9842306,-0.5,-0.8660254,3,0,0,1,6219.0,1,5079.0,1,5015.0,1,6272.0,1,8150.0,1,4627.0,1,6449.0,1,5883.0,5534.9253,5345.5947,1140.0
1024,2015-07-13,8011.0,898.0,1.0,1.0,0,0.0,1.0,-0.29205677,-0.956401,-0.5,-0.8660254,3,0,0,1,0.0,1,6219.0,1,5450.0,1,0.0,1,7099.0,1,6170.0,1,6673.0,1,6844.0,3320.9553,4157.685,-6219.0
1024,2015-07-14,6793.0,781.0,1.0,1.0,0,0.0,2.0,-0.29205677,-0.956401,-0.5,-0.8660254,3,0,0,1,8011.0,1,0.0,1,5079.0,1,5766.0,1,6506.0,1,0.0,1,5456.0,1,6167.0,5196.973,5013.977,8011.0
1024,2015-07-15,6149.0,742.0,1.0,1.0,0,0.0,3.0,-0.29205677,-0.956401,-0.5,-0.8660254,3,0,0,1,6793.0,1,8011.0,1,6219.0,1,4729.0,1,7370.0,1,7842.0,1,0.0,1,0.0,5835.384,5409.3154,-1218.0
1024,2015-07-16,6367.0,758.0,1.0,1.0,0,0.0,4.0,-0.29205677,-0.956401,-0.5,-0.8660254,3,0,0,1,6149.0,1,6793.0,1,0.0,1,5015.0,1,6272.0,1,8150.0,1,4633.0,1,0.0,5960.8306,5573.69,-644.0
1024,2015-07-17,6197.0,771.0,1.0,1.0,0,0.0,5.0,-0.29205677,-0.956401,-0.5,-0.8660254,3,0,0,1,6367.0,1,6149.0,1,8011.0,1,5450.0,1,0.0,1,7099.0,1,4098.0,1,5823.0,6123.2983,5749.981,218.0
1024,2015-07-18,6253.0,825.0,1.0,0.0,0,0.0,6.0,-0.29205677,-0.956401,-0.5,-0.8660254,3,0,0,1,6197.0,1,6367.0,1,6793.0,1,5079.0,1,5766.0,1,6506.0,1,4273.0,1,5607.0,6152.779,5849.3184,-170.0
1024,2015-07-19,0.0,0.0,0.0,0.0,0,0.0,7.0,-0.29205677,-0.956401,-0.5,-0.8660254,3,0,0,1,6253.0,1,6197.0,1,6149.0,1,6219.0,1,4729.0,1,7370.0,1,4181.0,1,5672.0,6192.867,5939.0254,56.0
1024,2015-07-20,5235.0,716.0,1.0,0.0,0,1.0,1.0,-0.40312344,-0.91514564,-0.5,-0.8660254,3,0,0,1,0.0,1,6253.0,1,6367.0,1,0.0,1,5015.0,1,6272.0,1,4627.0,1,6429.0,3715.7205,4619.242,-6253.0
1024,2015-07-21,4325.0,621.0,1.0,0.0,0,1.0,2.0,-0.40312344,-0.91514564,-0.5,-0.8660254,3,0,0,1,5235.0,1,0.0,1,6197.0,1,8011.0,1,5450.0,1,0.0,1,6170.0,1,7413.0,4323.432,4756.077,5235.0
1024,2015-07-22,4435.0,587.0,1.0,0.0,0,1.0,3.0,-0.40312344,-0.91514564,-0.5,-0.8660254,3,0,0,1,4325.0,1,5235.0,1,6253.0,1,6793.0,1,5079.0,1,5766.0,1,0.0,1,0.0,4324.0596,4660.282,-910.0
1024,2015-07-23,4745.0,671.0,1.0,0.0,0,1.0,4.0,-0.40312344,-0.91514564,-0.5,-0.8660254,3,0,0,1,4435.0,1,4325.0,1,0.0,1,6149.0,1,6219.0,1,4729.0,1,7842.0,1,8549.0,4368.4355,4610.2197,110.0
1024,2015-07-24,5041.0,730.0,1.0,0.0,0,1.0,5.0,-0.40312344,-0.91514564,-0.5,-0.8660254,3,0,0,1,4745.0,1,4435.0,1,5235.0,1,6367.0,1,0.0,1,5015.0,1,8150.0,1,7070.0,4519.0615,4640.171,310.0
1024,2015-07-25,6458.0,804.0,1.0,0.0,0,0.0,6.0,-0.40312344,-0.91514564,-0.5,-0.8660254,3,0,0,1,5041.0,1,4745.0,1,4325.0,1,6197.0,1,8011.0,1,5450.0,1,7099.0,1,6714.0,4727.837,4729.244,296.0
1024,2015-07-26,0.0,0.0,0.0,0.0,0,0.0,7.0,-0.40312344,-0.91514564,-0.5,-0.8660254,3,0,0,1,6458.0,1,5041.0,1,4435.0,1,6253.0,1,6793.0,1,5079.0,1,6506.0,1,6167.0,5419.902,5113.412,1417.0
1024,2015-07-27,7644.0,811.0,1.0,1.0,0,1.0,1.0,-0.5085311,-0.86104363,-0.5,-0.8660254,3,0,0,1,0.0,1,6458.0,1,4745.0,1,0.0,1,6149.0,1,6219.0,1,7370.0,1,5865.0,3251.9412,3977.0981,-6458.0
1024,2015-07-28,7227.0,787.0,1.0,1.0,0,1.0,2.0,-0.5085311,-0.86104363,-0.5,-0.8660254,3,0,0,1,7644.0,1,0.0,1,5041.0,1,5235.0,1,6367.0,1,0.0,1,6272.0,1,6389.0,5008.7646,4791.9653,7644.0
1024,2015-07-29,6637.0,738.0,1.0,1.0,0,1.0,3.0,-0.5085311,-0.86104363,-0.5,-0.8660254,3,0,0,1,7227.0,1,7644.0,1,6458.0,1,4325.0,1,6197.0,1,8011.0,1,0.0,1,0.0,5896.059,5333.084,-417.0
1024,2015-07-30,7590.0,801.0,1.0,1.0,0,1.0,4.0,-0.5085311,-0.86104363,-0.5,-0.8660254,3,0,0,1,6637.0,1,7227.0,1,0.0,1,4435.0,1,6253.0,1,6793.0,1,5766.0,1,4989.0,6192.4355,5622.8433,-590.0
1024,2015-07-31,8337.0,920.0,1.0,1.0,0,1.0,5.0,-0.5085311,-0.86104363,-0.5,-0.8660254,3,0,1,1,7590.0,1,6637.0,1,7644.0,1,4745.0,1,0.0,1,6149.0,1,4729.0,1,4692.0,6751.4614,6059.9893,953.0
