id,timestamp,target,Customers,Open,Promo,StateHoliday,SchoolHoliday,DayOfWeek,week_sin,week_cos,month_sin,month_cos,quarter,is_month_start,is_month_end,lag_1_known,lag_1,lag_2_known,lag_2,lag_4_known,lag_4,lag_8_known,lag_8,lag_12_known,lag_12,lag_16_known,lag_16,lag_24_known,lag_24,lag_52_known,lag_52,ema_4,ema_8,chg_1
817,2013-01-01,0.0,0.0,0.0,0.0,1,1.0,2.0,0.11827317,0.9929811,0.5,0.8660254,1,1,0,0,0.0,0,0.0,0,0.0,0,0.0,0,0.0,0,0.0,0,0.0,0,0.0,0.0,0.0,0.0
817,2013-01-02,25357.0,3462.0,1.0,0.0,0,1.0,3.0,0.11827317,0.9929811,0.5,0.8660254,1,0,0,1,0.0,0,0.0,0,0.0,0,0.0,0,0.0,0,0.0,0,0.0,0,0.0,0.0,0.0,0.0
817,2013-01-03,23303.0,3307.0,1.0,0.0,0,1.0,4.0,0.11827317,0.9929811,0.5,0.8660254,1,0,0,1,25357.0,1,0.0,0,0.0,0,0.0,0,0.0,0,0.0,0,0.0,0,0.0,10142.8,5634.8887,25357.0
817,2013-01-04,21996.0,3105.0,1.0,0.0,0,1.0,5.0,0.11827317,0.9929811,0.5,0.8660254,1,0,0,1,23303.0,1,25357.0,0,0.0,0,0.0,0,0.0,0,0.0,0,0.0,0,0.0,15406.88,9561.136,-2054.0
817,2013-01-05,15442.0,2269.0,1.0,0.0,0,0.0,6.0,0.11827317,0.9929811,0.5,0.8660254,1,0,0,1,21996.0,1,23303.0,1,0.0,0,0.0,0,0.0,0,0.0,0,0.0,0,0.0,18042.527,12324.438,-1307.0
817,2013-01-06,0.0,0.0,0.0,0.0,0,0.0,7.0,0.11827317,0.9929811,0.5,0.8660254,1,0,0,1,15442.0,1,21996.0,1,25357.0,0,0.0,0,0.0,0,0.0,0,0.0,0,0.0,17002.316,13017.23,-6554.0
817,2013-01-07,32263.0,4065.0,1.0,1.0,0,0.0,1.0,0.23488605,0.9720229,0.5,0.8660254,1,0,0,1,0.0,1,15442.0,1,23303.0,0,0.0,0,0.0,0,0.0,0,0.0,0,0.0,10201.39,10124.513,-15442.0
817,2013-01-08,28050.0,3862.0,1.0,1.0,0,0.0,2.0,0.23488605,0.9720229,0.5,0.8660254,1,0,0,1,32263.0,1,0.0,1,21996.0,0,0.0,0,0.0,0,0.0,0,0.0,0,0.0,19026.033,15044.177,32263.0
817,2013-01-09,26550.0,3680.0,1.0,1.0,0,0.0,3.0,0.23488605,0.9720229,0.5,0.8660254,1,0,0,1,28050.0,1,32263.0,1,15442.0,1,0.0,0,0.0,0,0.0,0,0.0,0,0.0,22635.621,17934.36,-4213.0
817,2013-01-10,24880.0,3577.0,1.0,1.0,0,0.0,4.0,0.23488605,0.9720229,0.5,0.8660254,1,0,0,1,26550.0,1,28050.0,1,0.0,1,25357.0,0,0.0,0,0.0,0,0.0,0,0.0,24201.373,19848.945,-1500.0
817,2013-01-11,24788.0,3477.0,1.0,1.0,0,0.0,5.0,0.23488605,0.9720229,0.5,0.8660254,1,0,0,1,24880.0,1,26550.0,1,32263.0,1,23303.0,0,0.0,0,0.0,0,0.0,0,0.0,24472.824,20966.959,-1670.0
817,2013-01-12,15156.0,2245.0,1.0,0.0,0,0.0,6.0,0.23488605,0.9720229,0.5,0.8660254,1,0,0,1,24788.0,1,24880.0,1,28050.0,1,21996.0,0,0.0,0,0.0,0,0.0,0,0.0,24598.895,21816.078,-92.0
817,2013-01-13,0.0,0.0,0.0,0.0,0,0.0,7.0,0.23488605,0.9720229,0.5,0.8660254,1,0,0,1,15156.0,1,24788.0,1,26550.0,1,15442.0,1,0.0,0,0.0,0,0.0,0,0.0,20821.736,20336.06,-9632.0
817,2013-01-14,23674.0,3515.0,1.0,0.0,0,0.0,1.0,0.34820163,0.93741965,0.5,0.8660254,1,0,0,1,0.0,1,15156.0,1,24880.0,1,0.0,1,25357.0,0,0.0,0,0.0,0,0.0,12493.042,15816.937,-15156.0
817,2013-01-15,23425.0,3611.0,1.0,0.0,0,0.0,2.0,0.34820163,0.93741965,0.5,0.8660254,1,0,0,1,23674.0,1,0.0,1,24788.0,1,32263.0,1,23303.0,0,0.0,0,0.0,0,0.0,16965.426,17562.951,23674.0
817,2013-01-16,23861.0,3521.0,1.0,0.0,0,0.0,3.0,0.34820163,0.93741965,0.5,0.8660254,1,0,0,1,23425.0,1,23674.0,1,15156.0,1,28050.0,1,21996.0,0,0.0,0,0.0,0,0.0,19549.256,18865.629,-249.0
817,2013-01-17,22756.0,3499.0,1.0,0.0,0,0.0,4.0,0.34820163,0.93741965,0.5,0.8660254,1,0,0,1,23861.0,1,23425.0,1,0.0,1,26550.0,1,15442.0,1,0.0,0,0.0,0,0.0,21273.953,19975.71,436.0
817,2013-01-18,21760.0,3253.0,1.0,0.0,0,0.0,5.0,0.34820163,0.93741965,0.5,0.8660254,1,0,0,1,22756.0,1,23861.0,1,23674.0,1,24880.0,1,0.0,1,25357.0,0,0.0,0,0.0,21866.771,20593.553,-1105.0
817,2013-01-19,14763.0,2124.0,1.0,0.0,0,0.0,6.0,0.34820163,0.93741965,0.5,0.8660254,1,0,0,1,21760.0,1,22756.0,1,23425.0,1,24788.0,1,32263.0,1,23303.0,0,0.0,0,0.0,21824.062,20852.764,-996.0
817,2013-01-20,0.0,0.0,0.0,0.0,0,0.0,7.0,0.34820163,0.93741965,0.5,0.8660254,1,0,0,1,14763.0,1,21760.0,1,23861.0,1,15156.0,1,28050.0,1,21996.0,0,0.0,0,0.0,18999.639,19499.482,-6997.0
817,2013-01-21,30667.0,3900.0,1.0,1.0,0,0.0,1.0,0.45662925,0.8896571,0.5,0.8660254,1,0,0,1,0.0,1,14763.0,1,22756.0,1,0.0,1,26550.0,1,15442.0,0,0.0,0,0.0,11399.782,15166.265,-14763.0
817,2013-01-22,27190.0,7388.0,1.0,1.0,0,0.0,2.0,0.45662925,0.8896571,0.5,0.8660254,1,0,0,1,30667.0,1,0.0,1,21760.0,1,23674.0,1,24880.0,1,0.0,0,0.0,0,0.0,19106.67,18610.873,30667.0
817,2013-01-23,26463.0,3717.0,1.0,1.0,0,0.0,3.0,0.45662925,0.8896571,0.5,0.8660254,1,0,0,1,27190.0,1,30667.0,1,14763.0,1,23425.0,1,24788.0,1,32263.0,0,0.0,0,0.0,22340.002,20517.346,-3477.0
817,2013-01-24,25940.0,3670.0,1.0,1.0,0,0.0,4.0,0.45662925,0.8896571,0.5,0.8660254,1,0,0,1,26463.0,1,27190.0,1,0.0,1,23861.0,1,15156.0,1,28050.0,0,0.0,0,0.0,23989.201,21838.602,-727.0
817,2013-01-25,26322.0,3560.0,1.0,1.0,0,0.0,5.0,0.45662925,0.8896571,0.5,0.8660254,1,0,0,1,25940.0,1,26463.0,1,30667.0,1,22756.0,1,0.0,1,26550.0,1,0.0,0,0.0,24769.521,22750.023,-523.0
817,2013-01-26,15612.0,2217.0,1.0,0.0,0,0.0,6.0,0.45662925,0.8896571,0.5,0.8660254,1,0,0,1,26322.0,1,25940.0,1,27190.0,1,21760.0,1,23674.0,1,24880.0,1,25357.0,0,0.0,25390.512,23543.797,382.0
817,2013-01-27,0.0,0.0,0.0,0.0,0,0.0,7.0,0.45662925,0.8896571,0.5,0.8660254,1,0,0,1,15612.0,1,26322.0,1,26463.0,1,14763.0,1,23425.0,1,24788.0,1,23303.0,0,0.0,21479.107,21781.174,-10710.0
817,2013-01-28,23163.0,3552.0,1.0,0.0,0,0.0,1.0,0.55864674,0.82940567,0.5,0.8660254,1,0,0,1,0.0,1,15612.0,1,25940.0,1,0.0,1,23861.0,1,15156.0,1,21996.0,0,0.0,12887.465,16940.914,-15612.0
817,2013-01-29,23969.0,3611.0,1.0,0.0,0,0.0,2.0,0.55864674,0.82940567,0.5,0.8660254,1,0,0,1,23163.0,1,0.0,1,26322.0,1,30667.0,1,22756.0,1,0.0,1,15442.0,0,0.0,16997.678,18323.6,23163.0
817,2013-01-30,23950.0,3526.0,1.0,0.0,0,0.0,3.0,0.55864674,0.82940567,0.5,0.8660254,1,0,0,1,23969.0,1,23163.0,1,15612.0,1,27190.0,1,21760.0,1,23674.0,1,0.0,0,0.0,19786.207,19578.133,806.0
817,2013-01-31,25161.0,3710.0,1.0,0.0,0,0.0,4.0,0.55864674,0.82940567,0.5,0.8660254,1,0,1,1,23950.0,1,23969.0,1,0.0,1,26463.0,1,14763.0,1,23425.0,1,32263.0,0,0.0,21451.725,20549.658,-19.0
817,2013-02-01,23040.0,3415.0,1.0,0.0,0,0.0,5.0,0.55864674,0.82940567,0.8660254,0.5,1,1,0,1,25161.0,1,23950.0,1,23163.0,1,25940.0,1,0.0,1,23861.0,1,28050.0,0,0.0,22935.436,21574.402,1211.0
817,2013-02-02,16066.0,2231.0,1.0,0.0,0,0.0,6.0,0.55864674,0.82940567,0.8660254,0.5,1,0,0,1,23040.0,1,25161.0,1,23969.0,1,26322.0,1,30667.0,1,22756.0,1,26550.0,0,0.0,22977.262,21900.09,-2121.0
817,2013-02-03,0.0,0.0,0.0,0.0,0,0.0,7.0,0.55864674,0.82940567,0.8660254,0.5,1,0,0,1,16066.0,1,23040.0,1,23950.0,1,15612.0,1,27190.0,1,21760.0,1,24880.0,0,0.0,20212.756,20603.625,-6974.0
817,2013-02-04,31649.0,4067.0,1.0,1.0,0,1.0,1.0,0.65282214,0.75751126,0.8660254,0.5,1,0,0,1,0.0,1,16066.0,1,25161.0,1,0.0,1,26463.0,1,14763.0,1,24788.0,0,0.0,12127.654,16025.042,-16066.0
817,2013-02-05,29477.0,3931.0,1.0,1.0,0,1.0,2.0,0.65282214,0.75751126,0.8660254,0.5,1,0,0,1,31649.0,1,0.0,1,23040.0,1,23163.0,1,25940.0,1,0.0,1,15156.0,0,0.0,19936.191,19497.033,31649.0
817,2013-02-06,26511.0,3799.0,1.0,1.0,0,1.0,3.0,0.65282214,0.75751126,0.8660254,0.5,1,0,0,1,29477.0,1,31649.0,1,16066.0,1,23969.0,1,26322.0,1,30667.0,1,0.0,0,0.0,23752.516,21714.803,-2172.0
817,2013-02-07,24683.0,3617.0,1.0,1.0,0,1.0,4.0,0.65282214,0.75751126,0.8660254,0.5,1,0,0,1,26511.0,1,29477.0,1,0.0,1,23950.0,1,15612.0,1,27190.0,1,23674.0,0,0.0,24855.91,22780.625,-2966.0
817,2013-02-08,23753.0,3413.0,1.0,1.0,0,1.0,5.0,0.65282214,0.75751126,0.8660254,0.5,1,0,0,1,24683.0,1,26511.0,1,31649.0,1,25161.0,1,0.0,1,26463.0,1,23425.0,0,0.0,24786.746,23203.375,-1828.0
817,2013-02-09,15518.0,2267.0,1.0,0.0,0,0.0,6.0,0.65282214,0.75751126,0.8660254,0.5,1,0,0,1,23753.0,1,24683.0,1,29477.0,1,23040.0,1,23163.0,1,25940.0,1,23861.0,0,0.0,24373.248,23325.514,-930.0
817,2013-02-10,0.0,0.0,0.0,0.0,0,0.0,7.0,0.65282214,0.75751126,0.8660254,0.5,1,0,0,1,15518.0,1,23753.0,1,26511.0,1,16066.0,1,23969.0,1,26322.0,1,22756.0,0,0.0,20831.148,21590.51,-8235.0
817,2013-02-11,24953.0,3788.0,1.0,0.0,0,0.0,1.0,0.73783326,0.674983,0.8660254,0.5,1,0,0,1,0.0,1,15518.0,1,24683.0,1,0.0,1,23950.0,1,15612.0,1,21760.0,0,0.0,12498.689,16792.62,-15518.0
817,2013-02-12,22438.0,3612.0,1.0,0.0,0,0.0,2.0,0.73783326,0.674983,0.8660254,0.5,1,0,0,1,24953.0,1,0.0,1,23753.0,1,31649.0,1,25161.0,1,0.0,1,14763.0,0,0.0,17480.414,18606.037,24953.0
817,2013-02-13,23973.0,3599.0,1.0,0.0,0,0.0,3.0,0.73783326,0.674983,0.8660254,0.5,1,0,0,1,22438.0,1,24953.0,1,15518.0,1,29477.0,1,23040.0,1,23163.0,1,0.0,0,0.0,19463.447,19457.584,-2515.0
817,2013-02-14,24113.0,3621.0,1.0,0.0,0,0.0,4.0,0.73783326,0.674983,0.8660254,0.5,1,0,0,1,23973.0,1,22438.0,1,0.0,1,26511.0,1,16066.0,1,23969.0,1,30667.0,0,0.0,21267.27,20461.01,1535.0
817,2013-02-15,21698.0,3382.0,1.0,0.0,0,0.0,5.0,0.73783326,0.674983,0.8660254,0.5,1,0,0,1,24113.0,1,23973.0,1,24953.0,1,24683.0,1,0.0,1,23950.0,1,27190.0,0,0.0,22405.56,21272.564,140.0
817,2013-02-16,16287.0,2470.0,1.0,0.0,0,0.0,6.0,0.73783326,0.674983,0.8660254,0.5,1,0,0,1,21698.0,1,24113.0,1,22438.0,1,23753.0,1,31649.0,1,25161.0,1,26463.0,0,0.0,22122.537,21367.105,-2415.0
817,2013-02-17,0.0,0.0,0.0,0.0,0,0.0,7.0,0.73783326,0.674983,0.8660254,0.5,1,0,0,1,16287.0,1,21698.0,1,23973.0,1,15518.0,1,29477.0,1,23040.0,1,25940.0,0,0.0,19788.322,20238.193,-5411.0
817,2013-02-18,30708.0,3904.0,1.0,1.0,0,0.0,1.0,0.8124869,0.5829795,0.8660254,0.5,1,0,0,1,0.0,1,16287.0,1,24113.0,1,0.0,1,26511.0,1,16066.0,1,26322.0,0,0.0,11872.993,15740.816,-16287.0
817,2013-02-19,27274.0,3706.0,1.0,1.0,0,0.0,2.0,0.8124869,0.5829795,0.8660254,0.5,1,0,0,1,30708.0,1,0.0,1,21698.0,1,24953.0,1,24683.0,1,0.0,1,15612.0,0,0.0,19406.996,19066.857,30708.0
817,2013-02-20,26492.0,3523.0,1.0,1.0,0,0.0,3.0,0.8124869,0.5829795,0.8660254,0.5,1,0,0,1,27274.0,1,30708.0,1,16287.0,1,22438.0,1,23753.0,1,31649.0,1,0.0,0,0.0,22553.797,20890.666,-3434.0
817,2013-02-21,25263.0,3472.0,1.0,1.0,0,0.0,4.0,0.8124869,0.5829795,0.8660254,0.5,1,0,0,1,26492.0,1,27274.0,1,0.0,1,23973.0,1,15518.0,1,29477.0,1,23163.0,0,0.0,24129.078,22135.408,-782.0
817,2013-02-22,23655.0,3274.0,1.0,1.0,0,0.0,5.0,0.8124869,0.5829795,0.8660254,0.5,1,0,0,1,25263.0,1,26492.0,1,30708.0,1,24113.0,1,0.0,1,26511.0,1,23969.0,1,0.0,24582.646,22830.428,-1229.0
817,2013-02-23,14057.0,2057.0,1.0,0.0,0,0.0,6.0,0.8124869,0.5829795,0.8660254,0.5,1,0,0,1,23655.0,1,25263.0,1,27274.0,1,21698.0,1,24953.0,1,24683.0,1,23950.0,1,25357.0,24211.588,23013.666,-1608.0
817,2013-02-24,0.0,0.0,0.0,0.0,0,0.0,7.0,0.8124869,0.5829795,0.8660254,0.5,1,0,0,1,14057.0,1,23655.0,1,26492.0,1,16287.0,1,22438.0,1,23753.0,1,25161.0,1,23303.0,20149.754,21023.297,-9598.0
817,2013-02-25,22607.0,3401.0,1.0,0.0,0,0.0,1.0,0.8757349,0.4827922,0.8660254,0.5,1,0,0,1,0.0,1,14057.0,1,25263.0,1,0.0,1,23973.0,1,15518.0,1,23040.0,1,21996.0,12089.852,16351.452,-14057.0
817,2013-02-26,21533.0,3300.0,1.0,0.0,0,0.0,2.0,0.8757349,0.4827922,0.8660254,0.5,1,0,0,1,22607.0,1,0.0,1,23655.0,1,30708.0,1,24113.0,1,0.0,1,16066.0,1,15442.0,16296.711,17741.574,22607.0
817,2013-02-27,22299.0,3339.0,1.0,0.0,0,0.0,3.0,0.8757349,0.4827922,0.8660254,0.5,1,0,0,1,21533.0,1,22607.0,1,14057.0,1,27274.0,1,21698.0,1,24953.0,1,0.0,1,0.0,18391.227,18584.113,-1074.0
817,2013-02-28,23407.0,3535.0,1.0,0.0,0,0.0,4.0,0.8757349,0.4827922,0.8660254,0.5,1,0,1,1,22299.0,1,21533.0,1,0.0,1,26492.0,1,16287.0,1,22438.0,1,31649.0,1,32263.0,19954.336,19409.645,766.0
817,2013-03-01,22038.0,3197.0,1.0,0.0,0,0.0,5.0,0.8757349,0.4827922,1.0,6.123234e-17,1,1,0,1,23407.0,1,22299.0,1,22607.0,1,25263.0,1,0.0,1,23973.0,1,29477.0,1,28050.0,21335.402,20297.945,1108.0
817,2013-03-02,17195.0,2523.0,1.0,0.0,0,0.0,6.0,0.8757349,0.4827922,1.0,6.123234e-17,1,0,0,1,22038.0,1,23407.0,1,21533.0,1,23655.0,1,30708.0,1,24113.0,1,26511.0,1,26550.0,21616.441,20684.623,-1369.0
817,2013-03-03,0.0,0.0,0.0,0.0,0,0.0,7.0,0.8757349,0.4827922,1.0,6.123234e-17,1,0,0,1,17195.0,1,22038.0,1,22299.0,1,14057.0,1,27274.0,1,21698.0,1,24683.0,1,24880.0,19847.865,19909.152,-4843.0
817,2013-03-04,32469.0,4095.0,1.0,1.0,0,0.0,1.0,0.9266896,0.37582758,1.0,6.123234e-17,1,0,0,1,0.0,1,17195.0,1,23407.0,1,0.0,1,26492.0,1,16287.0,1,23753.0,1,24788.0,11908.719,15484.8955,-17195.0
817,2013-03-05,30246.0,3976.0,1.0,1.0,0,0.0,2.0,0.9266896,0.37582758,1.0,6.123234e-17,1,0,0,1,32469.0,1,0.0,1,22038.0,1,22607.0,1,25263.0,1,0.0,1,15518.0,1,15156.0,20132.832,19259.14,32469.0
817,2013-03-06,26855.0,3814.0,1.0,1.0,0,0.0,3.0,0.9266896,0.37582758,1.0,6.123234e-17,1,0,0,1,30246.0,1,32469.0,1,17195.0,1,21533.0,1,23655.0,1,30708.0,1,0.0,1,0.0,24178.1,21700.666,-2223.0
817,2013-03-07,26104.0,3722.0,1.0,1.0,0,0.0,4.0,0.9266896,0.37582758,1.0,6.123234e-17,1,0,0,1,26855.0,1,30246.0,1,0.0,1,22299.0,1,14057.0,1,27274.0,1,24953.0,1,23674.0,25248.86,22846.072,-3391.0
817,2013-03-08,24881.0,3471.0,1.0,1.0,0,0.0,5.0,0.9266896,0.37582758,1.0,6.123234e-17,1,0,0,1,26104.0,1,26855.0,1,32469.0,1,23407.0,1,0.0,1,26492.0,1,22438.0,1,23425.0,25590.916,23570.057,-751.0
817,2013-03-09,14587.0,2154.0,1.0,0.0,0,0.0,6.0,0.9266896,0.37582758,1.0,6.123234e-17,1,0,0,1,24881.0,1,26104.0,1,30246.0,1,22038.0,1,22607.0,1,25263.0,1,23973.0,1,23861.0,25306.95,23861.377,-1223.0
817,2013-03-10,0.0,0.0,0.0,0.0,0,0.0,7.0,0.9266896,0.37582758,1.0,6.123234e-17,1,0,0,1,14587.0,1,24881.0,1,26855.0,1,17195.0,1,21533.0,1,23655.0,1,24113.0,1,22756.0,21018.969,21800.404,-10294.0
817,2013-03-11,22310.0,3307.0,1.0,0.0,0,0.0,1.0,0.9646356,0.26358718,1.0,6.123234e-17,1,0,0,1,0.0,1,14587.0,1,26104.0,1,0.0,1,22299.0,1,14057.0,1,21698.0,1,21760.0,12611.382,16955.871,-14587.0
817,2013-03-12,21474.0,3334.0,1.0,0.0,0,0.0,2.0,0.9646356,0.26358718,1.0,6.123234e-17,1,0,0,1,22310.0,1,0.0,1,24881.0,1,32469.0,1,23407.0,1,0.0,1,16287.0,1,14763.0,16490.828,18145.678,22310.0
817,2013-03-13,21840.0,3443.0,1.0,0.0,0,0.0,3.0,0.9646356,0.26358718,1.0,6.123234e-17,1,0,0,1,21474.0,1,22310.0,1,14587.0,1,30246.0,1,22038.0,1,22607.0,1,0.0,1,0.0,18484.098,18885.305,-836.0
817,2013-03-14,21693.0,3387.0,1.0,0.0,0,0.0,4.0,0.9646356,0.26358718,1.0,6.123234e-17,1,0,0,1,21840.0,1,21474.0,1,0.0,1,26855.0,1,17195.0,1,21533.0,1,30708.0,1,30667.0,19826.459,19541.904,366.0
817,2013-03-15,21821.0,3217.0,1.0,0.0,0,0.0,5.0,0.9646356,0.26358718,1.0,6.123234e-17,1,0,0,1,21693.0,1,21840.0,1,22310.0,1,26104.0,1,0.0,1,22299.0,1,27274.0,1,27190.0,20573.074,20019.926,-147.0
817,2013-03-16,15501.0,2354.0,1.0,0.0,0,0.0,6.0,0.9646356,0.26358718,1.0,6.123234e-17,1,0,0,1,21821.0,1,21693.0,1,21474.0,1,24881.0,1,32469.0,1,23407.0,1,26492.0,1,26463.0,21072.244,20420.164,128.0
817,2013-03-17,0.0,0.0,0.0,0.0,0,0.0,7.0,0.9646356,0.26358718,1.0,6.123234e-17,1,0,0,1,15501.0,1,21821.0,1,21840.0,1,14587.0,1,30246.0,1,22038.0,1,25263.0,1,25940.0,18843.746,19327.016,-6320.0
817,2013-03-18,29598.0,3843.0,1.0,1.0,0,0.0,1.0,0.9890402,0.14764656,1.0,6.123234e-17,1,0,0,1,0.0,1,15501.0,1,21693.0,1,0.0,1,26855.0,1,17195.0,1,23655.0,1,26322.0,11306.248,15032.124,-15501.0
817,2013-03-19,26596.0,3579.0,1.0,1.0,0,0.0,2.0,0.9890402,0.14764656,1.0,6.123234e-17,1,0,0,1,29598.0,1,0.0,1,21821.0,1,22310.0,1,26104.0,1,0.0,1,14057.0,1,15612.0,18622.95,18268.984,29598.0
817,2013-03-20,28101.0,3692.0,1.0,1.0,0,0.0,3.0,0.9890402,0.14764656,1.0,6.123234e-17,1,0,0,1,26596.0,1,29598.0,1,15501.0,1,21474.0,1,24881.0,1,32469.0,1,0.0,1,0.0,21812.17,20119.434,-3002.0
817,2013-03-21,25699.0,3539.0,1.0,1.0,0,0.0,4.0,0.9890402,0.14764656,1.0,6.123234e-17,1,0,0,1,28101.0,1,26596.0,1,0.0,1,21840.0,1,14587.0,1,30246.0,1,22607.0,1,23163.0,24327.701,21893.115,1505.0
817,2013-03-22,25591.0,3456.0,1.0,1.0,0,0.0,5.0,0.9890402,0.14764656,1.0,6.123234e-17,1,0,0,1,25699.0,1,28101.0,1,29598.0,1,21693.0,1,0.0,1,26855.0,1,21533.0,1,23969.0,24876.22,22738.867,-2402.0
817,2013-03-23,16259.0,2308.0,1.0,0.0,0,0.0,6.0,0.9890402,0.14764656,1.0,6.123234e-17,1,0,0,1,25591.0,1,25699.0,1,26596.0,1,21821.0,1,22310.0,1,26104.0,1,22299.0,1,23950.0,25162.133,23372.674,-108.0
817,2013-03-24,0.0,0.0,0.0,0.0,0,0.0,7.0,0.9890402,0.14764656,1.0,6.123234e-17,1,0,0,1,16259.0,1,25591.0,1,28101.0,1,15501.0,1,21474.0,1,24881.0,1,23407.0,1,25161.0,21600.879,21791.857,-9332.0
817,2013-03-25,31383.0,4134.0,1.0,1.0,0,1.0,1.0,0.99956083,0.029633328,1.0,6.123234e-17,1,0,0,1,0.0,1,16259.0,1,25699.0,1,0.0,1,21840.0,1,14587.0,1,22038.0,1,23040.0,12960.527,16949.223,-16259.0
817,2013-03-26,30729.0,4051.0,1.0,1.0,0,1.0,2.0,0.99956083,0.029633328,1.0,6.123234e-17,1,0,0,1,31383.0,1,0.0,1,25591.0,1,29598.0,1,21693.0,1,0.0,1,17195.0,1,16066.0,20329.518,20156.729,31383.0
817,2013-03-27,30693.0,4037.0,1.0,1.0,0,1.0,3.0,0.99956083,0.029633328,1.0,6.123234e-17,1,0,0,1,30729.0,1,31383.0,1,16259.0,1,26596.0,1,21821.0,1,22310.0,1,0.0,1,0.0,24489.31,22506.123,-654.0
817,2013-03-28,32529.0,4018.0,1.0,1.0,0,1.0,4.0,0.99956083,0.029633328,1.0,6.123234e-17,1,0,0,1,30693.0,1,30729.0,1,0.0,1,28101.0,1,15501.0,1,21474.0,1,32469.0,1,31649.0,26970.785,24325.428,-36.0
817,2013-03-29,0.0,0.0,0.0,1.0,2,1.0,5.0,0.99956083,0.029633328,1.0,6.123234e-17,1,0,0,1,32529.0,1,30693.0,1,31383.0,1,25699.0,1,0.0,1,21840.0,1,30246.0,1,29477.0,29194.072,26148.445,1836.0
817,2013-03-30,19228.0,2709.0,1.0,0.0,0,0.0,6.0,0.99956083,0.029633328,1.0,6.123234e-17,1,0,0,1,0.0,1,32529.0,1,30729.0,1,25591.0,1,29598.0,1,21693.0,1,26855.0,1,26511.0,17516.443,20337.68,-32529.0
817,2013-03-31,0.0,0.0,0.0,0.0,0,0.0,7.0,0.99956083,0.029633328,1.0,6.123234e-17,1,0,1,1,19228.0,1,0.0,1,30693.0,1,16259.0,1,26596.0,1,21821.0,1,26104.0,1,24683.0,18201.066,20091.084,19228.0
817,2013-04-01,0.0,0.0,0.0,0.0,2,1.0,1.0,0.9960498,-0.08879589,0.8660254,-0.5,2,1,0,1,0.0,1,19228.0,1,32529.0,1,0.0,1,28101.0,1,15501.0,1,24881.0,1,23753.0,10920.64,15626.398,-19228.0
817,2013-04-02,23987.0,3542.0,1.0,0.0,0,1.0,2.0,0.9960498,-0.08879589,0.8660254,-0.5,2,0,0,1,0.0,1,0.0,1,0.0,1,31383.0,1,25699.0,1,0.0,1,14587.0,1,15518.0,6552.384,12153.865,0.0
817,2013-04-03,21956.0,3364.0,1.0,0.0,0,1.0,3.0,0.9960498,-0.08879589,0.8660254,-0.5,2,0,0,1,23987.0,1,0.0,1,19228.0,1,30729.0,1,25591.0,1,29598.0,1,0.0,1,0.0,13526.23,14783.451,23987.0
817,2013-04-04,23032.0,3420.0,1.0,0.0,0,1.0,4.0,0.9960498,-0.08879589,0.8660254,-0.5,2,0,0,1,21956.0,1,23987.0,1,0.0,1,30693.0,1,16259.0,1,26596.0,1,22310.0,1,24953.0,16898.139,16377.351,-2031.0
817,2013-04-05,21983.0,3193.0,1.0,0.0,0,1.0,5.0,0.9960498,-0.08879589,0.8660254,-0.5,2,0,0,1,23032.0,1,21956.0,1,0.0,1,32529.0,1,0.0,1,28101.0,1,21474.0,1,22438.0,19351.684,17856.162,1076.0
817,2013-04-06,16049.0,2399.0,1.0,0.0,0,0.0,6.0,0.9960498,-0.08879589,0.8660254,-0.5,2,0,0,1,21983.0,1,23032.0,1,23987.0,1,0.0,1,31383.0,1,25699.0,1,21840.0,1,23973.0,20404.209,18773.236,-1049.0
817,2013-04-07,0.0,0.0,0.0,0.0,0,0.0,7.0,0.9960498,-0.08879589,0.8660254,-0.5,2,0,0,1,16049.0,1,21983.0,1,21956.0,1,19228.0,1,30729.0,1,25591.0,1,21693.0,1,24113.0,18662.125,18167.852,-5934.0
817,2013-04-08,31263.0,4166.0,1.0,1.0,0,0.0,1.0,0.9785565,-0.20597862,0.8660254,-0.5,2,0,0,1,0.0,1,16049.0,1,23032.0,1,0.0,1,30693.0,1,16259.0,1,21821.0,1,21698.0,11197.275,14130.551,-16049.0
817,2013-04-09,28054.0,3982.0,1.0,1.0,0,0.0,2.0,0.9785565,-0.20597862,0.8660254,-0.5,2,0,0,1,31263.0,1,0.0,1,21983.0,1,0.0,1,32529.0,1,0.0,1,15501.0,1,16287.0,19223.564,17937.762,31263.0
817,2013-04-10,25959.0,3766.0,1.0,1.0,0,0.0,3.0,0.9785565,-0.20597862,0.8660254,-0.5,2,0,0,1,28054.0,1,31263.0,1,16049.0,1,23987.0,1,0.0,1,31383.0,1,0.0,1,0.0,22755.738,20185.814,-3209.0
817,2013-04-11,25126.0,3832.0,1.0,1.0,0,0.0,4.0,0.9785565,-0.20597862,0.8660254,-0.5,2,0,0,1,25959.0,1,28054.0,1,0.0,1,21956.0,1,19228.0,1,30729.0,1,29598.0,1,30708.0,24037.043,21468.744,-2095.0
817,2013-04-12,24385.0,3597.0,1.0,1.0,0,0.0,5.0,0.9785565,-0.20597862,0.8660254,-0.5,2,0,0,1,25126.0,1,25959.0,1,31263.0,1,23032.0,1,0.0,1,30693.0,1,26596.0,1,27274.0,24472.627,22281.469,-833.0
817,2013-04-13,15384.0,2387.0,1.0,0.0,0,0.0,6.0,0.9785565,-0.20597862,0.8660254,-0.5,2,0,0,1,24385.0,1,25126.0,1,28054.0,1,21983.0,1,0.0,1,32529.0,1,28101.0,1,26492.0,24437.576,22748.92,-741.0
817,2013-04-14,0.0,0.0,0.0,0.0,0,0.0,7.0,0.9785565,-0.20597862,0.8660254,-0.5,2,0,0,1,15384.0,1,24385.0,1,25959.0,1,16049.0,1,23987.0,1,0.0,1,25699.0,1,25263.0,20816.145,21112.271,-9001.0
817,2013-04-15,23552.0,3827.0,1.0,0.0,0,0.0,1.0,0.94732636,-0.32026985,0.8660254,-0.5,2,0,0,1,0.0,1,15384.0,1,25126.0,1,0.0,1,21956.0,1,19228.0,1,25591.0,1,23655.0,12489.6875,16420.654,-15384.0
817,2013-04-16,23765.0,3841.0,1.0,0.0,0,0.0,2.0,0.94732636,-0.32026985,0.8660254,-0.5,2,0,0,1,23552.0,1,0.0,1,24385.0,1,31263.0,1,23032.0,1,0.0,1,16259.0,1,14057.0,16914.613,18005.398,23552.0
817,2013-04-17,23816.0,3756.0,1.0,0.0,0,0.0,3.0,0.94732636,-0.32026985,0.8660254,-0.5,2,0,0,1,23765.0,1,23552.0,1,15384.0,1,28054.0,1,21983.0,1,0.0,1,0.0,1,0.0,19654.768,19285.31,213.0
817,2013-04-18,23064.0,3706.0,1.0,0.0,0,0.0,4.0,0.94732636,-0.32026985,0.8660254,-0.5,2,0,0,1,23816.0,1,23765.0,1,0.0,1,25959.0,1,16049.0,1,23987.0,1,31383.0,1,22607.0,21319.26,20292.13,51.0
817,2013-04-19,22214.0,3503.0,1.0,0.0,0,0.0,5.0,0.94732636,-0.32026985,0.8660254,-0.5,2,0,0,1,23064.0,1,23816.0,1,23552.0,1,25126.0,1,0.0,1,21956.0,1,30729.0,1,21533.0,22017.156,20908.102,-752.0
817,2013-04-20,15551.0,2384.0,1.0,0.0,0,0.0,6.0,0.94732636,-0.32026985,0.8660254,-0.5,2,0,0,1,22214.0,1,23064.0,1,23765.0,1,24385.0,1,31263.0,1,23032.0,1,30693.0,1,22299.0,22095.895,21198.3,-850.0
817,2013-04-21,0.0,0.0,0.0,0.0,0,0.0,7.0,0.94732636,-0.32026985,0.8660254,-0.5,2,0,0,1,15551.0,1,22214.0,1,23816.0,1,15384.0,1,28054.0,1,21983.0,1,32529.0,1,23407.0,19477.936,19943.346,-6663.0
817,2013-04-22,30330.0,4149.0,1.0,1.0,0,0.0,1.0,0.9027978,-0.4300652,0.8660254,-0.5,2,0,0,1,0.0,1,15551.0,1,23064.0,1,0.0,1,25959.0,1,16049.0,1,0.0,1,22038.0,11686.762,15511.49,-15551.0
817,2013-04-23,28741.0,4109.0,1.0,1.0,0,0.0,2.0,0.9027978,-0.4300652,0.8660254,-0.5,2,0,0,1,30330.0,1,0.0,1,22214.0,1,23552.0,1,25126.0,1,0.0,1,19228.0,1,17195.0,19144.057,18804.492,30330.0
817,2013-04-24,27510.0,3984.0,1.0,1.0,0,0.0,3.0,0.9027978,-0.4300652,0.8660254,-0.5,2,0,0,1,28741.0,1,30330.0,1,15551.0,1,23765.0,1,24385.0,1,31263.0,1,0.0,1,0.0,22982.834,21012.605,-1589.0
817,2013-04-25,25554.0,3874.0,1.0,1.0,0,0.0,4.0,0.9027978,-0.4300652,0.8660254,-0.5,2,0,0,1,27510.0,1,28741.0,1,0.0,1,23816.0,1,15384.0,1,28054.0,1,0.0,1,32469.0,24793.701,22456.47,-1231.0
817,2013-04-26,25758.0,3719.0,1.0,1.0,0,0.0,5.0,0.9027978,-0.4300652,0.8660254,-0.5,2,0,0,1,25554.0,1,27510.0,1,30330.0,1,23064.0,1,0.0,1,25959.0,1,23987.0,1,30246.0,25097.82,23144.81,-1956.0
817,2013-04-27,16756.0,2356.0,1.0,0.0,0,0.0,6.0,0.9027978,-0.4300652,0.8660254,-0.5,2,0,0,1,25758.0,1,25554.0,1,28741.0,1,22214.0,1,23552.0,1,25126.0,1,21956.0,1,26855.0,25361.893,23725.52,204.0
817,2013-04-28,0.0,0.0,0.0,0.0,0,0.0,7.0,0.9027978,-0.4300652,0.8660254,-0.5,2,0,0,1,16756.0,1,25758.0,1,27510.0,1,15551.0,1,23765.0,1,24385.0,1,23032.0,1,26104.0,21919.535,22176.738,-9002.0
817,2013-04-29,31533.0,4144.0,1.0,1.0,0,0.0,1.0,0.845596,-0.5338234,0.8660254,-0.5,2,0,0,1,0.0,1,16756.0,1,25554.0,1,0.0,1,23816.0,1,15384.0,1,21983.0,1,24881.0,13151.721,17248.574,-16756.0
817,2013-04-30,31375.0,4245.0,1.0,1.0,0,0.0,2.0,0.845596,-0.5338234,0.8660254,-0.5,2,0,1,1,31533.0,1,0.0,1,25758.0,1,30330.0,1,23064.0,1,0.0,1,16049.0,1,14587.0,20504.232,20422.89,31533.0
817,2013-05-01,0.0,0.0,0.0,1.0,1,0.0,3.0,0.845596,-0.5338234,0.5,-0.8660254,2,1,0,1,31375.0,1,31533.0,1,16756.0,1,28741.0,1,22214.0,1,23552.0,1,0.0,1,0.0,24852.54,22856.693,-158.0
817,2013-05-02,29875.0,4084.0,1.0,1.0,0,0.0,4.0,0.845596,-0.5338234,0.5,-0.8660254,2,0,0,1,0.0,1,31375.0,1,0.0,1,27510.0,1,15551.0,1,23765.0,1,31263.0,1,22310.0,14911.523,17777.428,-31375.0
817,2013-05-03,28638.0,3943.0,1.0,1.0,0,0.0,5.0,0.845596,-0.5338234,0.5,-0.8660254,2,0,0,1,29875.0,1,0.0,1,31533.0,1,25554.0,1,0.0,1,23816.0,1,28054.0,1,21474.0,20896.914,20465.777,29875.0
817,2013-05-04,18232.0,2619.0,1.0,0.0,0,0.0,6.0,0.845596,-0.5338234,0.5,-0.8660254,2,0,0,1,28638.0,1,29875.0,1,31375.0,1,25758.0,1,30330.0,1,23064.0,1,25959.0,1,21840.0,23993.348,22281.826,-1237.0
817,2013-05-05,0.0,0.0,0.0,0.0,0,0.0,7.0,0.845596,-0.5338234,0.5,-0.8660254,2,0,0,1,18232.0,1,28638.0,1,0.0,1,16756.0,1,28741.0,1,22214.0,1,25126.0,1,21693.0,21688.809,21381.865,-10406.0
817,2013-05-06,26638.0,4015.0,1.0,0.0,0,0.0,1.0,0.7765239,-0.63008785,0.5,-0.8660254,2,0,0,1,0.0,1,18232.0,1,29875.0,1,0.0,1,27510.0,1,15551.0,1,24385.0,1,21821.0,13013.285,16630.34,-18232.0
817,2013-05-07,26481.0,3981.0,1.0,0.0,0,0.0,2.0,0.7765239,-0.63008785,0.5,-0.8660254,2,0,0,1,26638.0,1,0.0,1,28638.0,1,31533.0,1,25554.0,1,0.0,1,15384.0,1,15501.0,18463.172,18854.264,26638.0
817,2013-05-08,25488.0,3782.0,1.0,0.0,0,0.0,3.0,0.7765239,-0.63008785,0.5,-0.8660254,2,0,0,1,26481.0,1,26638.0,1,18232.0,1,31375.0,1,25758.0,1,30330.0,1,0.0,1,0.0,21670.303,20549.094,-157.0
817,2013-05-09,0.0,0.0,0.0,0.0,1,0.0,4.0,0.7765239,-0.63008785,0.5,-0.8660254,2,0,0,1,25488.0,1,26481.0,1,0.0,1,0.0,1,16756.0,1,28741.0,1,23552.0,1,29598.0,23197.38,21646.629,-993.0
817,2013-05-10,23925.0,3564.0,1.0,0.0,0,1.0,5.0,0.7765239,-0.63008785,0.5,-0.8660254,2,0,0,1,0.0,1,25488.0,1,26638.0,1,29875.0,1,0.0,1,27510.0,1,23765.0,1,26596.0,13918.429,16836.268,-25488.0
817,2013-05-11,16245.0,2418.0,1.0,0.0,0,0.0,6.0,0.7765239,-0.63008785,0.5,-0.8660254,2,0,0,1,23925.0,1,0.0,1,26481.0,1,28638.0,1,31533.0,1,25554.0,1,23816.0,1,28101.0,17921.057,18411.541,23925.0
817,2013-05-12,0.0,0.0,0.0,0.0,0,0.0,7.0,0.7765239,-0.63008785,0.5,-0.8660254,2,0,0,1,16245.0,1,23925.0,1,25488.0,1,18232.0,1,31375.0,1,25758.0,1,23064.0,1,25699.0,17250.635,17930.088,-7680.0
817,2013-05-13,30993.0,4291.0,1.0,1.0,0,0.0,1.0,0.696551,-0.71750724,0.5,-0.8660254,2,0,0,1,0.0,1,16245.0,1,0.0,1,0.0,1,0.0,1,16756.0,1,22214.0,1,25591.0,10350.381,13945.623,-16245.0
817,2013-05-14,28845.0,4098.0,1.0,1.0,0,0.0,2.0,0.696551,-0.71750724,0.5,-0.8660254,2,0,0,1,30993.0,1,0.0,1,23925.0,1,26638.0,1,29875.0,1,0.0,1,15551.0,1,16259.0,18607.428,17733.93,30993.0
817,2013-05-15,28151.0,3983.0,1.0,1.0,0,0.0,3.0,0.696551,-0.71750724,0.5,-0.8660254,2,0,0,1,28845.0,1,30993.0,1,16245.0,1,26481.0,1,28638.0,1,31533.0,1,0.0,1,0.0,22702.457,20203.057,-2148.0
817,2013-05-16,26919.0,4081.0,1.0,1.0,0,0.0,4.0,0.696551,-0.71750724,0.5,-0.8660254,2,0,0,1,28151.0,1,28845.0,1,0.0,1,25488.0,1,18232.0,1,31375.0,1,30330.0,1,31383.0,24881.875,21969.266,-694.0
817,2013-05-17,26753.0,3905.0,1.0,1.0,0,0.0,5.0,0.696551,-0.71750724,0.5,-0.8660254,2,0,0,1,26919.0,1,28151.0,1,30993.0,1,0.0,1,0.0,1,0.0,1,28741.0,1,30729.0,25696.725,23069.207,-1232.0
817,2013-05-18,16646.0,2374.0,1.0,0.0,0,0.0,6.0,0.696551,-0.71750724,0.5,-0.8660254,2,0,0,1,26753.0,1,26919.0,1,28845.0,1,23925.0,1,26638.0,1,29875.0,1,27510.0,1,30693.0,26119.234,23887.828,-166.0
817,2013-05-19,0.0,0.0,0.0,0.0,0,0.0,7.0,0.696551,-0.71750724,0.5,-0.8660254,2,0,0,1,16646.0,1,26753.0,1,28151.0,1,16245.0,1,26481.0,1,28638.0,1,25554.0,1,32529.0,22329.941,22278.533,-10107.0
817,2013-05-20,0.0,0.0,0.0,0.0,1,0.0,1.0,0.60680014,-0.79485446,0.5,-0.8660254,2,0,0,1,0.0,1,16646.0,1,26919.0,1,0.0,1,25488.0,1,18232.0,1,25758.0,1,0.0,13397.965,17327.748,-16646.0
817,2013-05-21,27783.0,4268.0,1.0,0.0,0,1.0,2.0,0.60680014,-0.79485446,0.5,-0.8660254,2,0,0,1,0.0,1,0.0,1,26753.0,1,30993.0,1,0.0,1,0.0,1,16756.0,1,19228.0,8038.779,13477.137,0.0
817,2013-05-22,24547.0,3889.0,1.0,0.0,0,0.0,3.0,0.60680014,-0.79485446,0.5,-0.8660254,2,0,0,1,27783.0,1,0.0,1,16646.0,1,28845.0,1,23925.0,1,26638.0,1,0.0,1,0.0,15936.467,16656.217,27783.0
817,2013-05-23,25265.0,3929.0,1.0,0.0,0,0.0,4.0,0.60680014,-0.79485446,0.5,-0.8660254,2,0,0,1,24547.0,1,27783.0,1,0.0,1,28151.0,1,16245.0,1,26481.0,1,31533.0,1,0.0,19380.68,18409.725,-3236.0
817,2013-05-24,22458.0,3574.0,1.0,0.0,0,0.0,5.0,0.60680014,-0.79485446,0.5,-0.8660254,2,0,0,1,25265.0,1,24547.0,1,0.0,1,26919.0,1,0.0,1,25488.0,1,31375.0,1,23987.0,21734.408,19933.12,718.0
817,2013-05-25,15081.0,2177.0,1.0,0.0,0,0.0,6.0,0.60680014,-0.79485446,0.5,-0.8660254,2,0,0,1,22458.0,1,25265.0,1,27783.0,1,26753.0,1,30993.0,1,0.0,1,0.0,1,21956.0,22023.846,20494.203,-2807.0
817,2013-05-26,0.0,0.0,0.0,0.0,0,0.0,7.0,0.60680014,-0.79485446,0.5,-0.8660254,2,0,0,1,15081.0,1,22458.0,1,24547.0,1,16646.0,1,28845.0,1,23925.0,1,29875.0,1,23032.0,19246.707,19291.27,-7377.0
817,2013-05-27,32461.0,4435.0,1.0,1.0,0,0.0,1.0,0.5085311,-0.86104363,0.5,-0.8660254,2,0,0,1,0.0,1,15081.0,1,25265.0,1,0.0,1,28151.0,1,16245.0,1,28638.0,1,21983.0,11548.024,15004.321,-15081.0
817,2013-05-28,30517.0,4208.0,1.0,1.0,0,0.0,2.0,0.5085311,-0.86104363,0.5,-0.8660254,2,0,0,1,32461.0,1,0.0,1,22458.0,1,0.0,1,26919.0,1,0.0,1,18232.0,1,16049.0,19913.215,18883.582,32461.0
817,2013-05-29,28446.0,4110.0,1.0,1.0,0,0.0,3.0,0.5085311,-0.86104363,0.5,-0.8660254,2,0,0,1,30517.0,1,32461.0,1,15081.0,1,27783.0,1,26753.0,1,30993.0,1,0.0,1,0.0,24154.729,21468.787,-1944.0
817,2013-05-30,29343.0,4222.0,1.0,1.0,0,0.0,4.0,0.5085311,-0.86104363,0.5,-0.8660254,2,0,0,1,28446.0,1,30517.0,1,0.0,1,24547.0,1,16646.0,1,28845.0,1,26638.0,1,31263.0,25871.236,23019.28,-2071.0
817,2013-05-31,28106.0,4088.0,1.0,1.0,0,0.0,5.0,0.5085311,-0.86104363,0.5,-0.8660254,2,0,1,1,29343.0,1,28446.0,1,32461.0,1,25265.0,1,0.0,1,28151.0,1,26481.0,1,28054.0,27259.941,24424.55,897.0
817,2013-06-01,18328.0,2783.0,1.0,0.0,0,0.0,6.0,0.5085311,-0.86104363,1.2246469e-16,-1.0,2,1,0,1,28106.0,1,29343.0,1,30517.0,1,22458.0,1,0.0,1,26919.0,1,25488.0,1,25959.0,27598.365,25242.65,-1237.0
817,2013-06-02,0.0,0.0,0.0,0.0,0,0.0,7.0,0.5085311,-0.86104363,1.2246469e-16,-1.0,2,0,0,1,18328.0,1,28106.0,1,28446.0,1,15081.0,1,27783.0,1,26753.0,1,0.0,1,25126.0,23890.219,23706.06,-9778.0
817,2013-06-03,31778.0,4469.0,1.0,1.0,0,0.0,1.0,0.40312344,-0.91514564,1.2246469e-16,-1.0,2,0,0,1,0.0,1,18328.0,1,29343.0,1,0.0,1,24547.0,1,16646.0,1,23925.0,1,24385.0,14334.132,18438.047,-18328.0
817,2013-06-04,29614.0,4344.0,1.0,1.0,0,0.0,2.0,0.40312344,-0.91514564,1.2246469e-16,-1.0,2,0,0,1,31778.0,1,0.0,1,28106.0,1,32461.0,1,25265.0,1,0.0,1,16245.0,1,15384.0,21311.68,21402.48,31778.0
817,2013-06-05,28326.0,4238.0,1.0,1.0,0,0.0,3.0,0.40312344,-0.91514564,1.2246469e-16,-1.0,2,0,0,1,29614.0,1,31778.0,1,18328.0,1,30517.0,1,22458.0,1,0.0,1,0.0,1,0.0,24632.607,23227.264,-2164.0
817,2013-06-06,27766.0,4172.0,1.0,1.0,0,0.0,4.0,0.40312344,-0.91514564,1.2246469e-16,-1.0,2,0,0,1,28326.0,1,29614.0,1,0.0,1,28446.0,1,15081.0,1,27783.0,1,30993.0,1,23552.0,26109.965,24360.316,-1288.0
817,2013-06-07,25921.0,4026.0,1.0,1.0,0,0.0,5.0,0.40312344,-0.91514564,1.2246469e-16,-1.0,2,0,0,1,27766.0,1,28326.0,1,31778.0,1,29343.0,1,0.0,1,24547.0,1,28845.0,1,23765.0,26772.379,25117.135,-560.0
817,2013-06-08,16038.0,2723.0,1.0,0.0,0,0.0,6.0,0.40312344,-0.91514564,1.2246469e-16,-1.0,2,0,0,1,25921.0,1,27766.0,1,29614.0,1,28106.0,1,32461.0,1,25265.0,1,28151.0,1,23816.0,26431.828,25295.771,-1845.0
817,2013-06-09,0.0,0.0,0.0,0.0,0,0.0,7.0,0.40312344,-0.91514564,1.2246469e-16,-1.0,2,0,0,1,16038.0,1,25921.0,1,28326.0,1,18328.0,1,30517.0,1,22458.0,1,26919.0,1,23064.0,22274.297,23238.488,-9883.0
817,2013-06-10,26359.0,4232.0,1.0,0.0,0,0.0,1.0,0.29205677,-0.956401,1.2246469e-16,-1.0,2,0,0,1,0.0,1,16038.0,1,27766.0,1,0.0,1,28446.0,1,15081.0,1,26753.0,1,22214.0,13364.578,18074.38,-16038.0
817,2013-06-11,24764.0,4020.0,1.0,0.0,0,0.0,2.0,0.29205677,-0.956401,1.2246469e-16,-1.0,2,0,0,1,26359.0,1,0.0,1,25921.0,1,31778.0,1,29343.0,1,0.0,1,16646.0,1,15551.0,18562.346,19915.406,26359.0
817,2013-06-12,24783.0,4072.0,1.0,0.0,0,0.0,3.0,0.29205677,-0.956401,1.2246469e-16,-1.0,2,0,0,1,24764.0,1,26359.0,1,16038.0,1,29614.0,1,28106.0,1,32461.0,1,0.0,1,0.0,21043.008,20992.871,-1595.0
817,2013-06-13,23222.0,3912.0,1.0,0.0,0,0.0,4.0,0.29205677,-0.956401,1.2246469e-16,-1.0,2,0,0,1,24783.0,1,24764.0,1,0.0,1,28326.0,1,18328.0,1,30517.0,1,0.0,1,30330.0,22539.004,21835.123,19.0
817,2013-06-14,23015.0,3608.0,1.0,0.0,0,0.0,5.0,0.29205677,-0.956401,1.2246469e-16,-1.0,2,0,0,1,23222.0,1,24783.0,1,26359.0,1,27766.0,1,0.0,1,28446.0,1,27783.0,1,28741.0,22812.203,22143.318,-1561.0
817,2013-06-15,16281.0,2573.0,1.0,0.0,0,0.0,6.0,0.29205677,-0.956401,1.2246469e-16,-1.0,2,0,0,1,23015.0,1,23222.0,1,24764.0,1,25921.0,1,31778.0,1,29343.0,1,24547.0,1,27510.0,22893.322,22337.025,-207.0
817,2013-06-16,0.0,0.0,0.0,0.0,0,0.0,7.0,0.29205677,-0.956401,1.2246469e-16,-1.0,2,0,0,1,16281.0,1,23015.0,1,24783.0,1,16038.0,1,29614.0,1,28106.0,1,25265.0,1,25554.0,20248.393,20991.242,-6734.0
817,2013-06-17,34001.0,4589.0,1.0,1.0,0,0.0,1.0,0.17689027,-0.9842306,1.2246469e-16,-1.0,2,0,0,1,0.0,1,16281.0,1,23222.0,1,0.0,1,28326.0,1,18328.0,1,22458.0,1,25758.0,12149.036,16326.521,-16281.0
817,2013-06-18,30331.0,4547.0,1.0,1.0,0,0.0,2.0,0.17689027,-0.9842306,1.2246469e-16,-1.0,2,0,0,1,34001.0,1,0.0,1,23015.0,1,26359.0,1,27766.0,1,0.0,1,15081.0,1,16756.0,20889.822,20254.184,34001.0
817,2013-06-19,26010.0,4438.0,1.0,1.0,0,1.0,3.0,0.17689027,-0.9842306,1.2246469e-16,-1.0,2,0,0,1,30331.0,1,34001.0,1,16281.0,1,24764.0,1,25921.0,1,31778.0,1,0.0,1,0.0,24666.293,22493.477,-3670.0
817,2013-06-20,27028.0,4216.0,1.0,1.0,0,1.0,4.0,0.17689027,-0.9842306,1.2246469e-16,-1.0,2,0,0,1,26010.0,1,30331.0,1,0.0,1,24783.0,1,16038.0,1,29614.0,1,32461.0,1,31533.0,25203.775,23274.926,-4321.0
817,2013-06-21,25232.0,3840.0,1.0,1.0,0,1.0,5.0,0.17689027,-0.9842306,1.2246469e-16,-1.0,2,0,0,1,27028.0,1,26010.0,1,34001.0,1,23222.0,1,0.0,1,28326.0,1,30517.0,1,31375.0,25933.465,24108.941,1018.0
817,2013-06-22,15930.0,2625.0,1.0,0.0,0,0.0,6.0,0.17689027,-0.9842306,1.2246469e-16,-1.0,2,0,0,1,25232.0,1,27028.0,1,30331.0,1,23015.0,1,26359.0,1,27766.0,1,28446.0,1,0.0,25652.879,24358.51,-1796.0
817,2013-06-23,0.0,0.0,0.0,0.0,0,0.0,7.0,0.17689027,-0.9842306,1.2246469e-16,-1.0,2,0,0,1,15930.0,1,25232.0,1,26010.0,1,16281.0,1,24764.0,1,25921.0,1,29343.0,1,29875.0,21763.729,22485.508,-9302.0
817,2013-06-24,24537.0,3911.0,1.0,0.0,0,1.0,1.0,0.059240628,-0.99824375,1.2246469e-16,-1.0,2,0,0,1,0.0,1,15930.0,1,27028.0,1,0.0,1,24783.0,1,16038.0,1,28106.0,1,28638.0,13058.236,17488.729,-15930.0
817,2013-06-25,21704.0,3451.0,1.0,0.0,0,1.0,2.0,0.059240628,-0.99824375,1.2246469e-16,-1.0,2,0,0,1,24537.0,1,0.0,1,25232.0,1,34001.0,1,23222.0,1,0.0,1,18328.0,1,18232.0,17649.742,19055.012,24537.0
817,2013-06-26,25135.0,3834.0,1.0,0.0,0,1.0,3.0,0.059240628,-0.99824375,1.2246469e-16,-1.0,2,0,0,1,21704.0,1,24537.0,1,15930.0,1,30331.0,1,23015.0,1,26359.0,1,0.0,1,0.0,19271.445,19643.676,-2833.0
817,2013-06-27,23389.0,3659.0,1.0,0.0,0,1.0,4.0,0.059240628,-0.99824375,1.2246469e-16,-1.0,2,0,0,1,25135.0,1,21704.0,1,0.0,1,26010.0,1,16281.0,1,24764.0,1,31778.0,1,26638.0,21616.867,20863.969,3431.0
817,2013-06-28,23340.0,3558.0,1.0,0.0,0,1.0,5.0,0.059240628,-0.99824375,1.2246469e-16,-1.0,2,0,0,1,23389.0,1,25135.0,1,24537.0,1,27028.0,1,0.0,1,24783.0,1,29614.0,1,26481.0,22325.72,21425.088,-1746.0
817,2013-06-29,16724.0,2437.0,1.0,0.0,0,0.0,6.0,0.059240628,-0.99824375,1.2246469e-16,-1.0,2,0,0,1,23340.0,1,23389.0,1,21704.0,1,25232.0,1,34001.0,1,23222.0,1,28326.0,1,25488.0,22731.432,21850.623,-49.0
817,2013-06-30,0.0,0.0,0.0,0.0,0,0.0,7.0,0.059240628,-0.99824375,1.2246469e-16,-1.0,2,0,1,1,16724.0,1,23340.0,1,25135.0,1,15930.0,1,30331.0,1,23015.0,1,27766.0,1,0.0,20328.459,20711.373,-6616.0
817,2013-07-01,32671.0,4448.0,1.0,1.0,0,1.0,1.0,-0.059240628,-0.99824375,-0.5,-0.8660254,3,1,0,1,0.0,1,16724.0,1,23389.0,1,0.0,1,26010.0,1,16281.0,1,25921.0,1,23925.0,12197.075,16108.847,-16724.0
817,2013-07-02,30042.0,4334.0,1.0,1.0,0,1.0,2.0,-0.059240628,-0.99824375,-0.5,-0.8660254,3,0,0,1,32671.0,1,0.0,1,23340.0,1,24537.0,1,27028.0,1,0.0,1,16038.0,1,16245.0,20386.645,19789.324,32671.0
817,2013-07-03,28016.0,4315.0,1.0,1.0,0,1.0,3.0,-0.059240628,-0.99824375,-0.5,-0.8660254,3,0,0,1,30042.0,1,32671.0,1,16724.0,1,21704.0,1,25232.0,1,34001.0,1,0.0,1,0.0,24248.787,22067.697,-2629.0
817,2013-07-04,26577.0,4024.0,1.0,1.0,0,1.0,4.0,-0.059240628,-0.99824375,-0.5,-0.8660254,3,0,0,1,28016.0,1,30042.0,1,0.0,1,25135.0,1,15930.0,1,30331.0,1,26359.0,1,30993.0,25755.672,23389.543,-2026.0
817,2013-07-05,23555.0,3627.0,1.0,1.0,0,1.0,5.0,-0.059240628,-0.99824375,-0.5,-0.8660254,3,0,0,1,26577.0,1,28016.0,1,32671.0,1,23389.0,1,0.0,1,26010.0,1,24764.0,1,28845.0,26084.203,24097.867,-1439.0
817,2013-07-06,14321.0,2434.0,1.0,0.0,0,0.0,6.0,-0.059240628,-0.99824375,-0.5,-0.8660254,3,0,0,1,23555.0,1,26577.0,1,30042.0,1,23340.0,1,24537.0,1,27028.0,1,24783.0,1,28151.0,25072.521,23977.229,-3022.0
817,2013-07-07,0.0,0.0,0.0,0.0,0,0.0,7.0,-0.059240628,-0.99824375,-0.5,-0.8660254,3,0,0,1,14321.0,1,23555.0,1,28016.0,1,16724.0,1,21704.0,1,25232.0,1,23222.0,1,26919.0,20771.914,21831.4,-9234.0
817,2013-07-08,23769.0,3944.0,1.0,0.0,0,1.0,1.0,-0.17689027,-0.9842306,-0.5,-0.8660254,3,0,0,1,0.0,1,14321.0,1,26577.0,1,0.0,1,25135.0,1,15930.0,1,23015.0,1,26753.0,12463.147,16979.979,-14321.0
817,2013-07-09,22464.0,3670.0,1.0,0.0,0,1.0,2.0,-0.17689027,-0.9842306,-0.5,-0.8660254,3,0,0,1,23769.0,1,0.0,1,23555.0,1,32671.0,1,23389.0,1,0.0,1,16281.0,1,16646.0,16985.488,18488.65,23769.0
817,2013-07-10,21420.0,3401.0,1.0,0.0,0,1.0,3.0,-0.17689027,-0.9842306,-0.5,-0.8660254,3,0,0,1,22464.0,1,23769.0,1,14321.0,1,30042.0,1,23340.0,1,24537.0,1,0.0,1,0.0,19176.893,19372.06,-1305.0
817,2013-07-11,21334.0,3354.0,1.0,0.0,0,1.0,4.0,-0.17689027,-0.9842306,-0.5,-0.8660254,3,0,0,1,21420.0,1,22464.0,1,0.0,1,28016.0,1,16724.0,1,21704.0,1,34001.0,1,0.0,20074.137,19827.158,-1044.0
817,2013-07-12,20459.0,3166.0,1.0,0.0,0,1.0,5.0,-0.17689027,-0.9842306,-0.5,-0.8660254,3,0,0,1,21334.0,1,21420.0,1,23769.0,1,26577.0,1,0.0,1,25135.0,1,30331.0,1,27783.0,20578.082,20162.012,-86.0
817,2013-07-13,14321.0,2498.0,1.0,0.0,0,0.0,6.0,-0.17689027,-0.9842306,-0.5,-0.8660254,3,0,0,1,20459.0,1,21334.0,1,22464.0,1,23555.0,1,32671.0,1,23389.0,1,26010.0,1,24547.0,20530.45,20228.01,-875.0
817,2013-07-14,0.0,0.0,0.0,0.0,0,0.0,7.0,-0.17689027,-0.9842306,-0.5,-0.8660254,3,0,0,1,14321.0,1,20459.0,1,21420.0,1,14321.0,1,30042.0,1,23340.0,1,27028.0,1,25265.0,18046.67,18915.34,-6138.0
817,2013-07-15,29860.0,3980.0,1.0,1.0,0,1.0,1.0,-0.29205677,-0.956401,-0.5,-0.8660254,3,0,0,1,0.0,1,14321.0,1,21334.0,1,0.0,1,28016.0,1,16724.0,1,25232.0,1,22458.0,10828.002,14711.932,-14321.0
817,2013-07-16,25435.0,3777.0,1.0,1.0,0,1.0,2.0,-0.29205677,-0.956401,-0.5,-0.8660254,3,0,0,1,29860.0,1,0.0,1,20459.0,1,23769.0,1,26577.0,1,0.0,1,15930.0,1,15081.0,18440.8,18078.17,29860.0
817,2013-07-17,23733.0,3688.0,1.0,1.0,0,1.0,3.0,-0.29205677,-0.956401,-0.5,-0.8660254,3,0,0,1,25435.0,1,29860.0,1,14321.0,1,22464.0,1,23555.0,1,32671.0,1,0.0,1,0.0,21238.48,19713.02,-4425.0
817,2013-07-18,23682.0,3631.0,1.0,1.0,0,1.0,4.0,-0.29205677,-0.956401,-0.5,-0.8660254,3,0,0,1,23733.0,1,25435.0,1,0.0,1,21420.0,1,14321.0,1,30042.0,1,24537.0,1,32461.0,22236.29,20606.35,-1702.0
817,2013-07-19,22598.0,3413.0,1.0,1.0,0,1.0,5.0,-0.29205677,-0.956401,-0.5,-0.8660254,3,0,0,1,23682.0,1,23733.0,1,29860.0,1,21334.0,1,0.0,1,28016.0,1,21704.0,1,30517.0,22814.572,21289.826,-51.0
817,2013-07-20,13556.0,2235.0,1.0,0.0,0,0.0,6.0,-0.29205677,-0.956401,-0.5,-0.8660254,3,0,0,1,22598.0,1,23682.0,1,25435.0,1,20459.0,1,23769.0,1,26577.0,1,25135.0,1,28446.0,22727.943,21580.531,-1084.0
817,2013-07-21,0.0,0.0,0.0,0.0,0,0.0,7.0,-0.29205677,-0.956401,-0.5,-0.8660254,3,0,0,1,13556.0,1,22598.0,1,23733.0,1,14321.0,1,22464.0,1,23555.0,1,23389.0,1,29343.0,19059.166,19797.303,-9042.0
817,2013-07-22,21165.0,3614.0,1.0,0.0,0,1.0,1.0,-0.40312344,-0.91514564,-0.5,-0.8660254,3,0,0,1,0.0,1,13556.0,1,23682.0,1,0.0,1,21420.0,1,14321.0,1,23340.0,1,28106.0,11435.5,15397.902,-13556.0
817,2013-07-23,20233.0,3445.0,1.0,0.0,0,1.0,2.0,-0.40312344,-0.91514564,-0.5,-0.8660254,3,0,0,1,21165.0,1,0.0,1,22598.0,1,29860.0,1,21334.0,1,0.0,1,16724.0,1,18328.0,15327.3,16679.48,21165.0
817,2013-07-24,19996.0,3331.0,1.0,0.0,0,1.0,3.0,-0.40312344,-0.91514564,-0.5,-0.8660254,3,0,0,1,20233.0,1,21165.0,1,13556.0,1,25435.0,1,20459.0,1,23769.0,1,0.0,1,0.0,17289.58,17469.15,-932.0
817,2013-07-25,19061.0,3300.0,1.0,0.0,0,1.0,4.0,-0.40312344,-0.91514564,-0.5,-0.8660254,3,0,0,1,19996.0,1,20233.0,1,0.0,1,23733.0,1,14321.0,1,22464.0,1,32671.0,1,31778.0,18372.148,18030.672,-237.0
817,2013-07-26,18140.0,3141.0,1.0,0.0,0,1.0,5.0,-0.40312344,-0.91514564,-0.5,-0.8660254,3,0,0,1,19061.0,1,19996.0,1,21165.0,1,23682.0,1,0.0,1,21420.0,1,30042.0,1,29614.0,18647.69,18259.635,-935.0
817,2013-07-27,13821.0,2416.0,1.0,0.0,0,0.0,6.0,-0.40312344,-0.91514564,-0.5,-0.8660254,3,0,0,1,18140.0,1,19061.0,1,20233.0,1,22598.0,1,29860.0,1,21334.0,1,28016.0,1,28326.0,18444.613,18233.049,-921.0
817,2013-07-28,0.0,0.0,0.0,0.0,0,0.0,7.0,-0.40312344,-0.91514564,-0.5,-0.8660254,3,0,0,1,13821.0,1,18140.0,1,19996.0,1,13556.0,1,25435.0,1,20459.0,1,26577.0,1,27766.0,16595.168,17252.594,-4319.0
817,2013-07-29,26552.0,3710.0,1.0,1.0,0,1.0,1.0,-0.5085311,-0.86104363,-0.5,-0.8660254,3,0,0,1,0.0,1,13821.0,1,19061.0,1,0.0,1,23733.0,1,14321.0,1,23555.0,1,25921.0,9957.101,13418.684,-13821.0
817,2013-07-30,26653.0,3675.0,1.0,1.0,0,1.0,2.0,-0.5085311,-0.86104363,-0.5,-0.8660254,3,0,0,1,26552.0,1,0.0,1,18140.0,1,21165.0,1,23682.0,1,0.0,1,14321.0,1,16038.0,16595.06,16337.198,26552.0
817,2013-07-31,26180.0,3568.0,1.0,1.0,0,1.0,3.0,-0.5085311,-0.86104363,-0.5,-0.8660254,3,0,1,1,26653.0,1,26552.0,1,13821.0,1,20233.0,1,22598.0,1,29860.0,1,0.0,1,0.0,20618.236,18629.6,101.0
817,2013-08-01,25013.0,3738.0,1.0,1.0,0,1.0,4.0,-0.5085311,-0.86104363,-0.8660254,-0.5,3,1,0,1,26180.0,1,26653.0,1,0.0,1,19996.0,1,13556.0,1,25435.0,1,23769.0,1,26359.0,22842.941,20307.467,-473.0
817,2013-08-02,22870.0,3658.0,1.0,1.0,0,1.0,5.0,-0.5085311,-0.86104363,-0.8660254,-0.5,3,0,0,1,25013.0,1,26180.0,1,26552.0,1,19061.0,1,0.0,1,23733.0,1,22464.0,1,24764.0,23710.965,21353.14,-1167.0
817,2013-08-03,13737.0,2522.0,1.0,0.0,0,0.0,6.0,-0.5085311,-0.86104363,-0.8660254,-0.5,3,0,0,1,22870.0,1,25013.0,1,26653.0,1,18140.0,1,21165.0,1,23682.0,1,21420.0,1,24783.0,23374.578,21690.22,-2143.0
817,2013-08-04,0.0,0.0,0.0,0.0,0,0.0,7.0,-0.5085311,-0.86104363,-0.8660254,-0.5,3,0,0,1,13737.0,1,22870.0,1,26180.0,1,13821.0,1,20233.0,1,22598.0,1,21334.0,1,23222.0,19519.547,19922.838,-9133.0
817,2013-08-05,22368.0,3625.0,1.0,0.0,0,0.0,1.0,-0.60680014,-0.79485446,-0.8660254,-0.5,3,0,0,1,0.0,1,13737.0,1,25013.0,1,0.0,1,19996.0,1,13556.0,1,20459.0,1,23015.0,11711.729,15495.541,-13737.0
817,2013-08-06,22071.0,3725.0,1.0,0.0,0,0.0,2.0,-0.60680014,-0.79485446,-0.8660254,-0.5,3,0,0,1,22368.0,1,0.0,1,22870.0,1,26552.0,1,19061.0,1,0.0,1,14321.0,1,16281.0,15974.237,17022.754,22368.0
817,2013-08-07,20501.0,3488.0,1.0,0.0,0,0.0,3.0,-0.60680014,-0.79485446,-0.8660254,-0.5,3,0,0,1,22071.0,1,22368.0,1,13737.0,1,26653.0,1,18140.0,1,21165.0,1,0.0,1,0.0,18412.941,18144.586,-297.0
817,2013-08-08,19581.0,3332.0,1.0,0.0,0,0.0,4.0,-0.60680014,-0.79485446,-0.8660254,-0.5,3,0,0,1,20501.0,1,22071.0,1,0.0,1,26180.0,1,13821.0,1,20233.0,1,29860.0,1,34001.0,19248.166,18668.234,-1570.0
817,2013-08-09,20785.0,3292.0,1.0,0.0,0,0.0,5.0,-0.60680014,-0.79485446,-0.8660254,-0.5,3,0,0,1,19581.0,1,20501.0,1,22368.0,1,25013.0,1,0.0,1,19996.0,1,25435.0,1,30331.0,19381.299,18871.07,-920.0
817,2013-08-10,16981.0,2854.0,1.0,0.0,0,0.0,6.0,-0.60680014,-0.79485446,-0.8660254,-0.5,3,0,0,1,20785.0,1,19581.0,1,22071.0,1,22870.0,1,26552.0,1,19061.0,1,23733.0,1,26010.0,19942.78,19296.389,1204.0
817,2013-08-11,0.0,0.0,0.0,0.0,0,0.0,7.0,-0.60680014,-0.79485446,-0.8660254,-0.5,3,0,0,1,16981.0,1,20785.0,1,20501.0,1,13737.0,1,26653.0,1,18140.0,1,23682.0,1,27028.0,18758.068,18781.857,-3804.0
817,2013-08-12,30983.0,4252.0,1.0,1.0,0,0.0,1.0,-0.696551,-0.71750724,-0.8660254,-0.5,3,0,0,1,0.0,1,16981.0,1,19581.0,1,0.0,1,26180.0,1,13821.0,1,22598.0,1,25232.0,11254.841,14608.111,-16981.0
817,2013-08-13,29722.0,4185.0,1.0,1.0,0,0.0,2.0,-0.696551,-0.71750724,-0.8660254,-0.5,3,0,0,1,30983.0,1,0.0,1,20785.0,1,22368.0,1,25013.0,1,0.0,1,13556.0,1,15930.0,19146.104,18246.975,30983.0
817,2013-08-14,28127.0,3999.0,1.0,1.0,0,0.0,3.0,-0.696551,-0.71750724,-0.8660254,-0.5,3,0,0,1,29722.0,1,30983.0,1,16981.0,1,22071.0,1,22870.0,1,26552.0,1,0.0,1,0.0,23376.463,20796.98,-1261.0
817,2013-08-15,23842.0,3596.0,1.0,1.0,0,0.0,4.0,-0.696551,-0.71750724,-0.8660254,-0.5,3,0,0,1,28127.0,1,29722.0,1,0.0,1,20501.0,1,13737.0,1,26653.0,1,21165.0,1,24537.0,25276.678,22425.875,-1595.0
817,2013-08-16,23244.0,3633.0,1.0,1.0,0,0.0,5.0,-0.696551,-0.71750724,-0.8660254,-0.5,3,0,0,1,23842.0,1,28127.0,1,30983.0,1,19581.0,1,0.0,1,26180.0,1,20233.0,1,21704.0,24702.807,22740.568,-4285.0
817,2013-08-17,14724.0,2529.0,1.0,0.0,0,0.0,6.0,-0.696551,-0.71750724,-0.8660254,-0.5,3,0,0,1,23244.0,1,23842.0,1,29722.0,1,20785.0,1,22368.0,1,25013.0,1,19996.0,1,25135.0,24119.283,22852.441,-598.0
817,2013-08-18,0.0,0.0,0.0,0.0,0,0.0,7.0,-0.696551,-0.71750724,-0.8660254,-0.5,3,0,0,1,14724.0,1,23244.0,1,28127.0,1,16981.0,1,22071.0,1,22870.0,1,19061.0,1,23389.0,20361.17,21046.121,-8520.0
817,2013-08-19,21627.0,3402.0,1.0,0.0,0,0.0,1.0,-0.7765239,-0.63008785,-0.8660254,-0.5,3,0,0,1,0.0,1,14724.0,1,23842.0,1,0.0,1,20501.0,1,13737.0,1,18140.0,1,23340.0,12216.702,16369.206,-14724.0
817,2013-08-20,20373.0,3252.0,1.0,0.0,0,0.0,2.0,-0.7765239,-0.63008785,-0.8660254,-0.5,3,0,0,1,21627.0,1,0.0,1,23244.0,1,30983.0,1,19581.0,1,0.0,1,13821.0,1,16724.0,15980.821,17537.605,21627.0
817,2013-08-21,21361.0,3357.0,1.0,0.0,0,0.0,3.0,-0.7765239,-0.63008785,-0.8660254,-0.5,3,0,0,1,20373.0,1,21627.0,1,14724.0,1,29722.0,1,20785.0,1,22368.0,1,0.0,1,0.0,17737.693,18167.693,-1254.0
817,2013-08-22,19171.0,3257.0,1.0,0.0,0,0.0,4.0,-0.7765239,-0.63008785,-0.8660254,-0.5,3,0,0,1,21361.0,1,20373.0,1,0.0,1,28127.0,1,16981.0,1,22071.0,1,26552.0,1,32671.0,19187.016,18877.316,988.0
817,2013-08-23,19016.0,3236.0,1.0,0.0,0,0.0,5.0,-0.7765239,-0.63008785,-0.8660254,-0.5,3,0,0,1,19171.0,1,21361.0,1,21627.0,1,23842.0,1,0.0,1,20501.0,1,26653.0,1,30042.0,19180.61,18942.58,-2190.0
817,2013-08-24,15417.0,2501.0,1.0,0.0,0,0.0,6.0,-0.7765239,-0.63008785,-0.8660254,-0.5,3,0,0,1,19016.0,1,19171.0,1,20373.0,1,23244.0,1,30983.0,1,19581.0,1,26180.0,1,28016.0,19114.766,18958.895,-155.0
817,2013-08-25,0.0,0.0,0.0,0.0,0,0.0,7.0,-0.7765239,-0.63008785,-0.8660254,-0.5,3,0,0,1,15417.0,1,19016.0,1,21361.0,1,14724.0,1,29722.0,1,20785.0,1,25013.0,1,26577.0,17635.66,18171.807,-3599.0
817,2013-08-26,26343.0,3695.0,1.0,1.0,0,0.0,1.0,-0.845596,-0.5338234,-0.8660254,-0.5,3,0,0,1,0.0,1,15417.0,1,19171.0,1,0.0,1,28127.0,1,16981.0,1,22870.0,1,23555.0,10581.3955,14133.628,-15417.0
817,2013-08-27,25192.0,3595.0,1.0,1.0,0,0.0,2.0,-0.845596,-0.5338234,-0.8660254,-0.5,3,0,0,1,26343.0,1,0.0,1,19016.0,1,21627.0,1,23842.0,1,0.0,1,13737.0,1,14321.0,16886.037,16846.822,26343.0
817,2013-08-28,24517.0,3394.0,1.0,1.0,0,0.0,3.0,-0.845596,-0.5338234,-0.8660254,-0.5,3,0,0,1,25192.0,1,26343.0,1,15417.0,1,20373.0,1,23244.0,1,30983.0,1,0.0,1,0.0,20208.422,18701.307,-1151.0
817,2013-08-29,22726.0,3320.0,1.0,1.0,0,0.0,4.0,-0.845596,-0.5338234,-0.8660254,-0.5,3,0,0,1,24517.0,1,25192.0,1,0.0,1,21361.0,1,14724.0,1,29722.0,1,22368.0,1,23769.0,21931.854,19993.682,-675.0
817,2013-08-30,22477.0,3345.0,1.0,1.0,0,0.0,5.0,-0.845596,-0.5338234,-0.8660254,-0.5,3,0,0,1,22726.0,1,24517.0,1,26343.0,1,19171.0,1,0.0,1,28127.0,1,22071.0,1,22464.0,22249.512,20600.863,-1791.0
817,2013-08-31,15020.0,2334.0,1.0,0.0,0,0.0,6.0,-0.845596,-0.5338234,-0.8660254,-0.5,3,0,1,1,22477.0,1,22726.0,1,25192.0,1,19016.0,1,21627.0,1,23842.0,1,20501.0,1,21420.0,22340.508,21017.783,-249.0
817,2013-09-01,0.0,0.0,0.0,0.0,0,0.0,7.0,-0.845596,-0.5338234,-1.0,-1.8369701e-16,3,1,0,1,15020.0,1,22477.0,1,24517.0,1,15417.0,1,20373.0,1,23244.0,1,19581.0,1,21334.0,19412.305,19684.943,-7457.0
817,2013-09-02,20325.0,3167.0,1.0,0.0,0,0.0,1.0,-0.9027978,-0.4300652,-1.0,-1.8369701e-16,3,0,0,1,0.0,1,15020.0,1,22726.0,1,0.0,1,21361.0,1,14724.0,1,20785.0,1,20459.0,11647.383,15310.511,-15020.0
817,2013-09-03,19727.0,3080.0,1.0,0.0,0,0.0,2.0,-0.9027978,-0.4300652,-1.0,-1.8369701e-16,3,0,0,1,20325.0,1,0.0,1,22477.0,1,26343.0,1,19171.0,1,0.0,1,16981.0,1,14321.0,15118.43,16424.842,20325.0
817,2013-09-04,19731.0,3174.0,1.0,0.0,0,0.0,3.0,-0.9027978,-0.4300652,-1.0,-1.8369701e-16,3,0,0,1,19727.0,1,20325.0,1,15020.0,1,25192.0,1,19016.0,1,21627.0,1,0.0,1,0.0,16961.857,17158.654,-598.0
817,2013-09-05,20046.0,3144.0,1.0,0.0,0,0.0,4.0,-0.9027978,-0.4300652,-1.0,-1.8369701e-16,3,0,0,1,19731.0,1,19727.0,1,0.0,1,24517.0,1,15417.0,1,20373.0,1,30983.0,1,29860.0,18069.514,17730.287,4.0
817,2013-09-06,19073.0,3075.0,1.0,0.0,0,0.0,5.0,-0.9027978,-0.4300652,-1.0,-1.8369701e-16,3,0,0,1,20046.0,1,19731.0,1,20325.0,1,22726.0,1,0.0,1,21361.0,1,29722.0,1,25435.0,18860.11,18244.89,315.0
817,2013-09-07,13757.0,2235.0,1.0,0.0,0,0.0,6.0,-0.9027978,-0.4300652,-1.0,-1.8369701e-16,3,0,0,1,19073.0,1,20046.0,1,19727.0,1,22477.0,1,26343.0,1,19171.0,1,28127.0,1,23733.0,18945.266,18428.914,-973.0
817,2013-09-08,0.0,0.0,0.0,0.0,0,0.0,7.0,-0.9027978,-0.4300652,-1.0,-1.8369701e-16,3,0,0,1,13757.0,1,19073.0,1,19731.0,1,15020.0,1,25192.0,1,19016.0,1,23842.0,1,23682.0,16869.959,17390.71,-5316.0
817,2013-09-09,26971.0,3499.0,1.0,1.0,0,0.0,1.0,-0.94732636,-0.32026985,-1.0,-1.8369701e-16,3,0,0,1,0.0,1,13757.0,1,20046.0,1,0.0,1,24517.0,1,15417.0,1,23244.0,1,22598.0,10121.976,13526.108,-13757.0
817,2013-09-10,24658.0,3448.0,1.0,1.0,0,0.0,2.0,-0.94732636,-0.32026985,-1.0,-1.8369701e-16,3,0,0,1,26971.0,1,0.0,1,19073.0,1,20325.0,1,22726.0,1,0.0,1,14724.0,1,13556.0,16861.586,16513.861,26971.0
817,2013-09-11,23839.0,3327.0,1.0,1.0,0,0.0,3.0,-0.94732636,-0.32026985,-1.0,-1.8369701e-16,3,0,0,1,24658.0,1,26971.0,1,13757.0,1,19727.0,1,22477.0,1,26343.0,1,0.0,1,0.0,19980.15,18323.67,-2313.0
817,2013-09-12,22292.0,3229.0,1.0,1.0,0,0.0,4.0,-0.94732636,-0.32026985,-1.0,-1.8369701e-16,3,0,0,1,23839.0,1,24658.0,1,0.0,1,19731.0,1,15020.0,1,25192.0,1,21627.0,1,21165.0,21523.691,19549.299,-819.0
817,2013-09-13,21742.0,3123.0,1.0,1.0,0,0.0,5.0,-0.94732636,-0.32026985,-1.0,-1.8369701e-16,3,0,0,1,22292.0,1,23839.0,1,26971.0,1,20046.0,1,0.0,1,24517.0,1,20373.0,1,20233.0,21831.014,20158.79,-1547.0
817,2013-09-14,14182.0,2233.0,1.0,0.0,0,0.0,6.0,-0.94732636,-0.32026985,-1.0,-1.8369701e-16,3,0,0,1,21742.0,1,22292.0,1,24658.0,1,19073.0,1,20325.0,1,22726.0,1,21361.0,1,19996.0,21795.408,20510.613,-550.0
817,2013-09-15,0.0,0.0,0.0,0.0,0,0.0,7.0,-0.94732636,-0.32026985,-1.0,-1.8369701e-16,3,0,0,1,14182.0,1,21742.0,1,23839.0,1,13757.0,1,19727.0,1,22477.0,1,19171.0,1,19061.0,18750.045,19104.254,-7560.0
817,2013-09-16,20531.0,3094.0,1.0,0.0,0,0.0,1.0,-0.9785565,-0.20597862,-1.0,-1.8369701e-16,3,0,0,1,0.0,1,14182.0,1,22292.0,1,0.0,1,19731.0,1,15020.0,1,19016.0,1,18140.0,11250.027,14858.865,-14182.0
817,2013-09-17,20082.0,3108.0,1.0,0.0,0,0.0,2.0,-0.9785565,-0.20597862,-1.0,-1.8369701e-16,3,0,0,1,20531.0,1,0.0,1,21742.0,1,26971.0,1,20046.0,1,0.0,1,15417.0,1,13821.0,14962.416,16119.339,20531.0
817,2013-09-18,18679.0,2854.0,1.0,0.0,0,0.0,3.0,-0.9785565,-0.20597862,-1.0,-1.8369701e-16,3,0,0,1,20082.0,1,20531.0,1,14182.0,1,24658.0,1,19073.0,1,20325.0,1,0.0,1,0.0,17010.25,16999.93,-449.0
817,2013-09-19,18771.0,2962.0,1.0,0.0,0,0.0,4.0,-0.9785565,-0.20597862,-1.0,-1.8369701e-16,3,0,0,1,18679.0,1,20082.0,1,0.0,1,23839.0,1,13757.0,1,19727.0,1,26343.0,1,26552.0,17677.75,17373.057,-1403.0
817,2013-09-20,18132.0,2721.0,1.0,0.0,0,0.0,5.0,-0.9785565,-0.20597862,-1.0,-1.8369701e-16,3,0,0,1,18771.0,1,18679.0,1,20531.0,1,22292.0,1,0.0,1,19731.0,1,25192.0,1,26653.0,18115.05,17683.71,92.0
817,2013-09-21,14298.0,2140.0,1.0,0.0,0,0.0,6.0,-0.9785565,-0.20597862,-1.0,-1.8369701e-16,3,0,0,1,18132.0,1,18771.0,1,20082.0,1,21742.0,1,26971.0,1,20046.0,1,24517.0,1,26180.0,18121.83,17783.33,-639.0
817,2013-09-22,0.0,0.0,0.0,0.0,0,0.0,7.0,-0.9785565,-0.20597862,-1.0,-1.8369701e-16,3,0,0,1,14298.0,1,18132.0,1,18679.0,1,14182.0,1,24658.0,1,19073.0,1,22726.0,1,25013.0,16592.299,17008.812,-3834.0
817,2013-09-23,23244.0,3247.0,1.0,1.0,0,0.0,1.0,-0.9960498,-0.08879589,-1.0,-1.8369701e-16,3,0,0,1,0.0,1,14298.0,1,18771.0,1,0.0,1,23839.0,1,13757.0,1,22477.0,1,22870.0,9955.379,13229.077,-14298.0
817,2013-09-24,21381.0,3073.0,1.0,1.0,0,0.0,2.0,-0.9960498,-0.08879589,-1.0,-1.8369701e-16,3,0,0,1,23244.0,1,0.0,1,18132.0,1,20531.0,1,22292.0,1,0.0,1,15020.0,1,13737.0,15270.827,15454.615,23244.0
817,2013-09-25,25114.0,3403.0,1.0,1.0,0,0.0,3.0,-0.9960498,-0.08879589,-1.0,-1.8369701e-16,3,0,0,1,21381.0,1,23244.0,1,14298.0,1,20082.0,1,21742.0,1,26971.0,1,0.0,1,0.0,17714.896,16771.59,-1863.0
817,2013-09-26,22034.0,3113.0,1.0,1.0,0,0.0,4.0,-0.9960498,-0.08879589,-1.0,-1.8369701e-16,3,0,0,1,25114.0,1,21381.0,1,0.0,1,18679.0,1,14182.0,1,24658.0,1,20325.0,1,22368.0,20674.537,18625.459,3733.0
817,2013-09-27,21975.0,3146.0,1.0,1.0,0,0.0,5.0,-0.9960498,-0.08879589,-1.0,-1.8369701e-16,3,0,0,1,22034.0,1,25114.0,1,23244.0,1,18771.0,1,0.0,1,23839.0,1,19727.0,1,22071.0,21218.322,19382.912,-3080.0
817,2013-09-28,15868.0,2395.0,1.0,0.0,0,0.0,6.0,-0.9960498,-0.08879589,-1.0,-1.8369701e-16,3,0,0,1,21975.0,1,22034.0,1,21381.0,1,18132.0,1,20531.0,1,22292.0,1,19731.0,1,20501.0,21520.994,19958.932,-59.0
817,2013-09-29,0.0,0.0,0.0,0.0,0,0.0,7.0,-0.9960498,-0.08879589,-1.0,-1.8369701e-16,3,0,0,1,15868.0,1,21975.0,1,25114.0,1,14298.0,1,20082.0,1,21742.0,1,20046.0,1,19581.0,19259.797,19049.836,-6107.0
817,2013-09-30,21514.0,3163.0,1.0,0.0,0,1.0,1.0,-0.99956083,0.029633328,-1.0,-1.8369701e-16,3,0,1,1,0.0,1,15868.0,1,22034.0,1,0.0,1,18679.0,1,14182.0,1,19073.0,1,20785.0,11555.878,14816.539,-15868.0
817,2013-10-01,21950.0,3075.0,1.0,0.0,0,1.0,2.0,-0.99956083,0.029633328,-0.8660254,0.5,4,1,0,1,21514.0,1,0.0,1,21975.0,1,23244.0,1,18771.0,1,0.0,1,13757.0,1,16981.0,15539.127,16304.863,21514.0
817,2013-10-02,20095.0,3013.0,1.0,0.0,0,1.0,3.0,-0.99956083,0.029633328,-0.8660254,0.5,4,0,0,1,21950.0,1,21514.0,1,15868.0,1,21381.0,1,18132.0,1,20531.0,1,0.0,1,0.0,18103.477,17559.338,436.0
817,2013-10-03,0.0,0.0,0.0,0.0,1,1.0,4.0,-0.99956083,0.029633328,-0.8660254,0.5,4,0,0,1,20095.0,1,21950.0,1,0.0,1,25114.0,1,14298.0,1,20082.0,1,26971.0,1,30983.0,18900.086,18122.818,-1855.0
817,2013-10-04,21134.0,3042.0,1.0,0.0,0,1.0,5.0,-0.99956083,0.029633328,-0.8660254,0.5,4,0,0,1,0.0,1,20095.0,1,21514.0,1,22034.0,1,0.0,1,18679.0,1,24658.0,1,29722.0,11340.052,14095.525,-20095.0
817,2013-10-05,15132.0,2236.0,1.0,0.0,0,0.0,6.0,-0.99956083,0.029633328,-0.8660254,0.5,4,0,0,1,21134.0,1,0.0,1,21950.0,1,21975.0,1,23244.0,1,18771.0,1,23839.0,1,28127.0,15257.631,15659.631,21134.0
817,2013-10-06,0.0,0.0,0.0,0.0,0,0.0,7.0,-0.99956083,0.029633328,-0.8660254,0.5,4,0,0,1,15132.0,1,21134.0,1,20095.0,1,15868.0,1,21381.0,1,18132.0,1,22292.0,1,23842.0,15207.379,15542.38,-6002.0
817,2013-10-07,27818.0,3568.0,1.0,1.0,0,1.0,1.0,-0.9890402,0.14764656,-0.8660254,0.5,4,0,0,1,0.0,1,15132.0,1,0.0,1,0.0,1,25114.0,1,14298.0,1,21742.0,1,23244.0,9124.427,12088.518,-15132.0
817,2013-10-08,24664.0,3408.0,1.0,1.0,0,1.0,2.0,-0.9890402,0.14764656,-0.8660254,0.5,4,0,0,1,27818.0,1,0.0,1,21134.0,1,21514.0,1,22034.0,1,0.0,1,14182.0,1,14724.0,16601.855,15583.958,27818.0
817,2013-10-09,22784.0,3221.0,1.0,1.0,0,1.0,3.0,-0.9890402,0.14764656,-0.8660254,0.5,4,0,0,1,24664.0,1,27818.0,1,15132.0,1,21950.0,1,21975.0,1,23244.0,1,0.0,1,0.0,19826.713,17601.746,-3154.0
817,2013-10-10,21880.0,3139.0,1.0,1.0,0,1.0,4.0,-0.9890402,0.14764656,-0.8660254,0.5,4,0,0,1,22784.0,1,24664.0,1,0.0,1,20095.0,1,15868.0,1,21381.0,1,20531.0,1,21627.0,21009.629,18753.357,-1880.0
817,2013-10-11,22065.0,3134.0,1.0,1.0,0,1.0,5.0,-0.9890402,0.14764656,-0.8660254,0.5,4,0,0,1,21880.0,1,22784.0,1,27818.0,1,0.0,1,0.0,1,25114.0,1,20082.0,1,20373.0,21357.777,19448.166,-904.0
817,2013-10-12,14675.0,2171.0,1.0,0.0,0,0.0,6.0,-0.9890402,0.14764656,-0.8660254,0.5,4,0,0,1,22065.0,1,21880.0,1,24664.0,1,21134.0,1,21514.0,1,22034.0,1,18679.0,1,21361.0,21640.666,20029.686,185.0
817,2013-10-13,0.0,0.0,0.0,0.0,0,0.0,7.0,-0.9890402,0.14764656,-0.8660254,0.5,4,0,0,1,14675.0,1,22065.0,1,22784.0,1,15132.0,1,21950.0,1,21975.0,1,18771.0,1,19171.0,18854.4,18839.756,-7390.0
817,2013-10-14,22213.0,3349.0,1.0,0.0,0,0.0,1.0,-0.9646356,0.26358718,-0.8660254,0.5,4,0,0,1,0.0,1,14675.0,1,21880.0,1,0.0,1,20095.0,1,15868.0,1,18132.0,1,19016.0,11312.64,14653.143,-14675.0
817,2013-10-15,22149.0,3496.0,1.0,0.0,0,0.0,2.0,-0.9646356,0.26358718,-0.8660254,0.5,4,0,0,1,22213.0,1,0.0,1,22065.0,1,27818.0,1,0.0,1,0.0,1,14298.0,1,15417.0,15672.784,16333.111,22213.0
817,2013-10-16,20837.0,3300.0,1.0,0.0,0,0.0,3.0,-0.9646356,0.26358718,-0.8660254,0.5,4,0,0,1,22149.0,1,22213.0,1,14675.0,1,24664.0,1,21134.0,1,21514.0,1,0.0,1,0.0,18263.27,17625.531,-64.0
817,2013-10-17,20028.0,3144.0,1.0,0.0,0,0.0,4.0,-0.9646356,0.26358718,-0.8660254,0.5,4,0,0,1,20837.0,1,22149.0,1,0.0,1,22784.0,1,15132.0,1,21950.0,1,23244.0,1,26343.0,19292.762,18339.191,-1312.0
817,2013-10-18,19835.0,3032.0,1.0,0.0,0,0.0,5.0,-0.9646356,0.26358718,-0.8660254,0.5,4,0,0,1,20028.0,1,20837.0,1,22213.0,1,21880.0,1,0.0,1,20095.0,1,21381.0,1,25192.0,19586.857,18714.482,-809.0
817,2013-10-19,15757.0,2354.0,1.0,0.0,0,0.0,6.0,-0.9646356,0.26358718,-0.8660254,0.5,4,0,0,1,19835.0,1,20028.0,1,22149.0,1,22065.0,1,27818.0,1,0.0,1,25114.0,1,24517.0,19686.115,18963.486,-193.0
817,2013-10-20,0.0,0.0,0.0,0.0,0,0.0,7.0,-0.9646356,0.26358718,-0.8660254,0.5,4,0,0,1,15757.0,1,19835.0,1,20837.0,1,14675.0,1,24664.0,1,21134.0,1,22034.0,1,22726.0,18114.469,18250.934,-4078.0
817,2013-10-21,27429.0,3705.0,1.0,1.0,0,0.0,1.0,-0.9266896,0.37582758,-0.8660254,0.5,4,0,0,1,0.0,1,15757.0,1,20028.0,1,0.0,1,22784.0,1,15132.0,1,21975.0,1,22477.0,10868.682,14195.17,-15757.0
817,2013-10-22,25056.0,3716.0,1.0,1.0,0,0.0,2.0,-0.9266896,0.37582758,-0.8660254,0.5,4,0,0,1,27429.0,1,0.0,1,19835.0,1,22213.0,1,21880.0,1,0.0,1,15868.0,1,15020.0,17492.809,17136.021,27429.0
817,2013-10-23,22838.0,3425.0,1.0,1.0,0,0.0,3.0,-0.9266896,0.37582758,-0.8660254,0.5,4,0,0,1,25056.0,1,27429.0,1,15757.0,1,22149.0,1,22065.0,1,27818.0,1,0.0,1,0.0,20518.086,18896.018,-2373.0
817,2013-10-24,22774.0,3429.0,1.0,1.0,0,0.0,4.0,-0.9266896,0.37582758,-0.8660254,0.5,4,0,0,1,22838.0,1,25056.0,1,0.0,1,20837.0,1,14675.0,1,24664.0,1,21514.0,1,20325.0,21446.05,19772.014,-2218.0
817,2013-10-25,21856.0,3223.0,1.0,1.0,0,0.0,5.0,-0.9266896,0.37582758,-0.8660254,0.5,4,0,0,1,22774.0,1,22838.0,1,27429.0,1,20028.0,1,0.0,1,22784.0,1,21950.0,1,19727.0,21977.23,20439.121,-64.0
817,2013-10-26,14778.0,2297.0,1.0,0.0,0,0.0,6.0,-0.9266896,0.37582758,-0.8660254,0.5,4,0,0,1,21856.0,1,22774.0,1,25056.0,1,19835.0,1,22213.0,1,21880.0,1,20095.0,1,19731.0,21928.738,20753.982,-918.0
817,2013-10-27,0.0,0.0,0.0,0.0,0,0.0,7.0,-0.9266896,0.37582758,-0.8660254,0.5,4,0,0,1,14778.0,1,21856.0,1,22838.0,1,15757.0,1,22149.0,1,22065.0,1,0.0,1,20046.0,19068.443,19425.986,-7078.0
817,2013-10-28,21632.0,3427.0,1.0,0.0,0,0.0,1.0,-0.8757349,0.4827922,-0.8660254,0.5,4,0,0,1,0.0,1,14778.0,1,22774.0,1,0.0,1,20837.0,1,14675.0,1,21134.0,1,19073.0,11441.065,15109.101,-14778.0
817,2013-10-29,21938.0,3361.0,1.0,0.0,0,0.0,2.0,-0.8757349,0.4827922,-0.8660254,0.5,4,0,0,1,21632.0,1,0.0,1,21856.0,1,27429.0,1,20028.0,1,0.0,1,15132.0,1,13757.0,15517.439,16558.635,21632.0
817,2013-10-30,21950.0,3296.0,1.0,0.0,0,0.0,3.0,-0.8757349,0.4827922,-0.8660254,0.5,4,0,0,1,21938.0,1,21632.0,1,14778.0,1,25056.0,1,19835.0,1,22213.0,1,0.0,1,0.0,18085.664,17754.049,306.0
817,2013-10-31,23289.0,3505.0,1.0,0.0,0,0.0,4.0,-0.8757349,0.4827922,-0.8660254,0.5,4,0,1,1,21950.0,1,21938.0,1,0.0,1,22838.0,1,15757.0,1,22149.0,1,27818.0,1,26971.0,19631.398,18686.482,12.0
817,2013-11-01,21131.0,3228.0,1.0,0.0,0,0.0,5.0,-0.8757349,0.4827922,-0.5,0.8660254,4,1,0,1,23289.0,1,21950.0,1,21632.0,1,22774.0,1,0.0,1,20837.0,1,24664.0,1,24658.0,21094.44,19709.264,1339.0
817,2013-11-02,14992.0,2319.0,1.0,0.0,0,0.0,6.0,-0.8757349,0.4827922,-0.5,0.8660254,4,0,0,1,21131.0,1,23289.0,1,21938.0,1,21856.0,1,27429.0,1,20028.0,1,22784.0,1,23839.0,21109.062,20025.205,-2158.0
817,2013-11-03,0.0,0.0,0.0,0.0,0,0.0,7.0,-0.8757349,0.4827922,-0.5,0.8660254,4,0,0,1,14992.0,1,21131.0,1,21950.0,1,14778.0,1,25056.0,1,19835.0,1,21880.0,1,22292.0,18662.238,18906.715,-6139.0
817,2013-11-04,26795.0,3546.0,1.0,1.0,0,0.0,1.0,-0.8124869,0.5829795,-0.5,0.8660254,4,0,0,1,0.0,1,14992.0,1,23289.0,1,0.0,1,22838.0,1,15757.0,1,22065.0,1,21742.0,11197.343,14705.223,-14992.0
817,2013-11-05,26452.0,3665.0,1.0,1.0,0,0.0,2.0,-0.8124869,0.5829795,-0.5,0.8660254,4,0,0,1,26795.0,1,0.0,1,21131.0,1,21632.0,1,22774.0,1,0.0,1,14675.0,1,14182.0,17436.406,17391.84,26795.0
817,2013-11-06,22624.0,3199.0,1.0,1.0,0,0.0,3.0,-0.8124869,0.5829795,-0.5,0.8660254,4,0,0,1,26452.0,1,26795.0,1,14992.0,1,21938.0,1,21856.0,1,27429.0,1,0.0,1,0.0,21042.643,19405.209,-343.0
817,2013-11-07,23624.0,3426.0,1.0,1.0,0,0.0,4.0,-0.8124869,0.5829795,-0.5,0.8660254,4,0,0,1,22624.0,1,26452.0,1,0.0,1,21950.0,1,14778.0,1,25056.0,1,22213.0,1,20531.0,21675.186,20120.496,-3828.0
817,2013-11-08,22250.0,3191.0,1.0,1.0,0,0.0,5.0,-0.8124869,0.5829795,-0.5,0.8660254,4,0,0,1,23624.0,1,22624.0,1,26795.0,1,23289.0,1,0.0,1,22838.0,1,22149.0,1,20082.0,22454.71,20899.053,1000.0
817,2013-11-09,14561.0,2179.0,1.0,0.0,0,0.0,6.0,-0.8124869,0.5829795,-0.5,0.8660254,4,0,0,1,22250.0,1,23624.0,1,26452.0,1,21131.0,1,21632.0,1,22774.0,1,20837.0,1,18679.0,22372.826,21199.264,-1374.0
817,2013-11-10,0.0,0.0,0.0,0.0,0,0.0,7.0,-0.8124869,0.5829795,-0.5,0.8660254,4,0,0,1,14561.0,1,22250.0,1,22624.0,1,14992.0,1,21938.0,1,21856.0,1,20028.0,1,18771.0,19248.096,19724.094,-7689.0
817,2013-11-11,21598.0,3331.0,1.0,0.0,0,0.0,1.0,-0.73783326,0.674983,-0.5,0.8660254,4,0,0,1,0.0,1,14561.0,1,23624.0,1,0.0,1,21950.0,1,14778.0,1,19835.0,1,18132.0,11548.857,15340.962,-14561.0
817,2013-11-12,21956.0,3308.0,1.0,0.0,0,0.0,2.0,-0.73783326,0.674983,-0.5,0.8660254,4,0,0,1,21598.0,1,0.0,1,22250.0,1,26795.0,1,23289.0,1,0.0,1,15757.0,1,14298.0,15568.515,16731.414,21598.0
817,2013-11-13,20199.0,3221.0,1.0,0.0,0,0.0,3.0,-0.73783326,0.674983,-0.5,0.8660254,4,0,0,1,21956.0,1,21598.0,1,14561.0,1,26452.0,1,21131.0,1,21632.0,1,0.0,1,0.0,18123.508,17892.434,358.0
817,2013-11-14,20292.0,3291.0,1.0,0.0,0,0.0,4.0,-0.73783326,0.674983,-0.5,0.8660254,4,0,0,1,20199.0,1,21956.0,1,0.0,1,22624.0,1,14992.0,1,21938.0,1,27429.0,1,23244.0,18953.705,18405.004,-1757.0
817,2013-11-15,20381.0,2981.0,1.0,0.0,0,0.0,5.0,-0.73783326,0.674983,-0.5,0.8660254,4,0,0,1,20292.0,1,20199.0,1,21598.0,1,23624.0,1,0.0,1,21950.0,1,25056.0,1,21381.0,19489.023,18824.336,93.0
817,2013-11-16,15806.0,2206.0,1.0,0.0,0,0.0,6.0,-0.73783326,0.674983,-0.5,0.8660254,4,0,0,1,20381.0,1,20292.0,1,21956.0,1,22250.0,1,26795.0,1,23289.0,1,22838.0,1,25114.0,19845.814,19170.262,89.0
817,2013-11-17,0.0,0.0,0.0,0.0,0,0.0,7.0,-0.73783326,0.674983,-0.5,0.8660254,4,0,0,1,15806.0,1,20381.0,1,20199.0,1,14561.0,1,26452.0,1,21131.0,1,22774.0,1,22034.0,18229.889,18422.648,-4575.0
817,2013-11-18,26700.0,3609.0,1.0,1.0,0,0.0,1.0,-0.65282214,0.75751126,-0.5,0.8660254,4,0,0,1,0.0,1,15806.0,1,20292.0,1,0.0,1,22624.0,1,14992.0,1,21856.0,1,21975.0,10937.933,14328.727,-15806.0
817,2013-11-19,25444.0,3477.0,1.0,1.0,0,0.0,2.0,-0.65282214,0.75751126,-0.5,0.8660254,4,0,0,1,26700.0,1,0.0,1,20381.0,1,21598.0,1,23624.0,1,0.0,1,14778.0,1,15868.0,17242.76,17077.898,26700.0
817,2013-11-20,22317.0,3161.0,1.0,1.0,0,0.0,3.0,-0.65282214,0.75751126,-0.5,0.8660254,4,0,0,1,25444.0,1,26700.0,1,15806.0,1,21956.0,1,22250.0,1,26795.0,1,0.0,1,0.0,20523.256,18937.031,-1256.0
817,2013-11-21,23142.0,3208.0,1.0,1.0,0,0.0,4.0,-0.65282214,0.75751126,-0.5,0.8660254,4,0,0,1,22317.0,1,25444.0,1,0.0,1,20199.0,1,14561.0,1,26452.0,1,21632.0,1,21514.0,21240.754,19688.137,-3127.0
817,2013-11-22,23485.0,3231.0,1.0,1.0,0,0.0,5.0,-0.65282214,0.75751126,-0.5,0.8660254,4,0,0,1,23142.0,1,22317.0,1,26700.0,1,20292.0,1,0.0,1,22624.0,1,21938.0,1,21950.0,22001.252,20455.662,825.0
817,2013-11-23,16257.0,2323.0,1.0,0.0,0,0.0,6.0,-0.65282214,0.75751126,-0.5,0.8660254,4,0,0,1,23485.0,1,23142.0,1,25444.0,1,20381.0,1,21598.0,1,23624.0,1,21950.0,1,20095.0,22594.752,21128.848,343.0
817,2013-11-24,0.0,0.0,0.0,0.0,0,0.0,7.0,-0.65282214,0.75751126,-0.5,0.8660254,4,0,0,1,16257.0,1,23485.0,1,22317.0,1,15806.0,1,21956.0,1,22250.0,1,23289.0,1,0.0,20059.65,20046.215,-7228.0
817,2013-11-25,21553.0,3218.0,1.0,0.0,0,0.0,1.0,-0.55864674,0.82940567,-0.5,0.8660254,4,0,0,1,0.0,1,16257.0,1,23142.0,1,0.0,1,20199.0,1,14561.0,1,21131.0,1,21134.0,12035.79,15591.5,-16257.0
817,2013-11-26,21764.0,3187.0,1.0,0.0,0,0.0,2.0,-0.55864674,0.82940567,-0.5,0.8660254,4,0,0,1,21553.0,1,0.0,1,23485.0,1,26700.0,1,20292.0,1,0.0,1,14992.0,1,15132.0,15842.674,16916.277,21553.0
817,2013-11-27,21383.0,3116.0,1.0,0.0,0,0.0,3.0,-0.55864674,0.82940567,-0.5,0.8660254,4,0,0,1,21764.0,1,21553.0,1,16257.0,1,25444.0,1,20381.0,1,21598.0,1,0.0,1,0.0,18211.205,17993.549,211.0
817,2013-11-28,23229.0,3330.0,1.0,0.0,0,0.0,4.0,-0.55864674,0.82940567,-0.5,0.8660254,4,0,0,1,21383.0,1,21764.0,1,0.0,1,22317.0,1,15806.0,1,21956.0,1,26795.0,1,27818.0,19479.922,18746.762,-381.0
817,2013-11-29,24805.0,3290.0,1.0,0.0,0,0.0,5.0,-0.55864674,0.82940567,-0.5,0.8660254,4,0,0,1,23229.0,1,21383.0,1,21553.0,1,23142.0,1,0.0,1,20199.0,1,26452.0,1,24664.0,20979.553,19742.814,1846.0
817,2013-11-30,18488.0,2482.0,1.0,0.0,0,0.0,6.0,-0.55864674,0.82940567,-0.5,0.8660254,4,0,1,1,24805.0,1,23229.0,1,21764.0,1,23485.0,1,26700.0,1,20292.0,1,22624.0,1,22784.0,22509.732,20867.744,1576.0
817,2013-12-01,0.0,0.0,0.0,0.0,0,0.0,7.0,-0.55864674,0.82940567,-2.4492937e-16,1.0,4,1,0,1,18488.0,1,24805.0,1,21383.0,1,16257.0,1,25444.0,1,20381.0,1,23624.0,1,21880.0,20901.04,20338.912,-6317.0
817,2013-12-02,31266.0,3796.0,1.0,1.0,0,0.0,1.0,-0.45662925,0.8896571,-2.4492937e-16,1.0,4,0,0,1,0.0,1,18488.0,1,23229.0,1,0.0,1,22317.0,1,15806.0,1,22250.0,1,22065.0,12540.624,15819.154,-18488.0
817,2013-12-03,31406.0,3810.0,1.0,1.0,0,0.0,2.0,-0.45662925,0.8896571,-2.4492937e-16,1.0,4,0,0,1,31266.0,1,0.0,1,24805.0,1,21553.0,1,23142.0,1,0.0,1,14561.0,1,14675.0,20030.773,19251.787,31266.0
817,2013-12-04,28401.0,3633.0,1.0,1.0,0,0.0,3.0,-0.45662925,0.8896571,-2.4492937e-16,1.0,4,0,0,1,31406.0,1,31266.0,1,18488.0,1,21764.0,1,23485.0,1,26700.0,1,0.0,1,0.0,24580.865,21952.723,140.0
817,2013-12-05,31073.0,3724.0,1.0,1.0,0,0.0,4.0,-0.45662925,0.8896571,-2.4492937e-16,1.0,4,0,0,1,28401.0,1,31406.0,1,0.0,1,21383.0,1,16257.0,1,25444.0,1,21598.0,1,22213.0,26108.918,23385.674,-3005.0
817,2013-12-06,22699.0,3049.0,1.0,1.0,0,0.0,5.0,-0.45662925,0.8896571,-2.4492937e-16,1.0,4,0,0,1,31073.0,1,28401.0,1,31266.0,1,23229.0,1,0.0,1,22317.0,1,21956.0,1,22149.0,28094.55,25093.969,2672.0
817,2013-12-07,16218.0,2350.0,1.0,0.0,0,0.0,6.0,-0.45662925,0.8896571,-2.4492937e-16,1.0,4,0,0,1,22699.0,1,31073.0,1,31406.0,1,24805.0,1,21553.0,1,23142.0,1,20199.0,1,20837.0,25936.33,24561.754,-8374.0
817,2013-12-08,0.0,0.0,0.0,0.0,0,0.0,7.0,-0.45662925,0.8896571,-2.4492937e-16,1.0,4,0,0,1,16218.0,1,22699.0,1,28401.0,1,18488.0,1,21764.0,1,23485.0,1,20292.0,1,20028.0,22048.998,22707.586,-6481.0
817,2013-12-09,23112.0,3368.0,1.0,0.0,0,0.0,1.0,-0.34820163,0.93741965,-2.4492937e-16,1.0,4,0,0,1,0.0,1,16218.0,1,31073.0,1,0.0,1,21383.0,1,16257.0,1,20381.0,1,19835.0,13229.399,17661.455,-16218.0
817,2013-12-10,23226.0,3424.0,1.0,0.0,0,0.0,2.0,-0.34820163,0.93741965,-2.4492937e-16,1.0,4,0,0,1,23112.0,1,0.0,1,22699.0,1,31266.0,1,23229.0,1,0.0,1,15806.0,1,15757.0,17182.44,18872.688,23112.0
817,2013-12-11,22938.0,3439.0,1.0,0.0,0,0.0,3.0,-0.34820163,0.93741965,-2.4492937e-16,1.0,4,0,0,1,23226.0,1,23112.0,1,16218.0,1,31406.0,1,24805.0,1,21553.0,1,0.0,1,0.0,19599.863,19840.09,114.0
817,2013-12-12,23398.0,3475.0,1.0,0.0,0,0.0,4.0,-0.34820163,0.93741965,-2.4492937e-16,1.0,4,0,0,1,22938.0,1,23226.0,1,0.0,1,28401.0,1,18488.0,1,21764.0,1,26700.0,1,27429.0,20935.12,20528.516,-288.0
817,2013-12-13,23413.0,3305.0,1.0,0.0,0,0.0,5.0,-0.34820163,0.93741965,-2.4492937e-16,1.0,4,0,0,1,23398.0,1,22938.0,1,23112.0,1,31073.0,1,0.0,1,21383.0,1,25444.0,1,25056.0,21920.271,21166.178,460.0
817,2013-12-14,18343.0,2566.0,1.0,0.0,0,0.0,6.0,-0.34820163,0.93741965,-2.4492937e-16,1.0,4,0,0,1,23413.0,1,23398.0,1,23226.0,1,22699.0,1,31266.0,1,23229.0,1,22317.0,1,22838.0,22517.363,21665.473,15.0
817,2013-12-15,0.0,0.0,0.0,0.0,0,0.0,7.0,-0.34820163,0.93741965,-2.4492937e-16,1.0,4,0,0,1,18343.0,1,23413.0,1,22938.0,1,16218.0,1,31406.0,1,24805.0,1,23142.0,1,22774.0,20847.617,20927.145,-5070.0
817,2013-12-16,38025.0,4381.0,1.0,1.0,0,0.0,1.0,-0.23488605,0.9720229,-2.4492937e-16,1.0,4,0,0,1,0.0,1,18343.0,1,23398.0,1,0.0,1,28401.0,1,18488.0,1,23485.0,1,21856.0,12508.57,16276.668,-18343.0
817,2013-12-17,32764.0,4113.0,1.0,1.0,0,0.0,2.0,-0.23488605,0.9720229,-2.4492937e-16,1.0,4,0,0,1,38025.0,1,0.0,1,23413.0,1,23112.0,1,31073.0,1,0.0,1,16257.0,1,14778.0,22715.143,21109.63,38025.0
817,2013-12-18,32149.0,4061.0,1.0,1.0,0,0.0,3.0,-0.23488605,0.9720229,-2.4492937e-16,1.0,4,0,0,1,32764.0,1,38025.0,1,18343.0,1,23226.0,1,22699.0,1,31266.0,1,0.0,1,0.0,26734.686,23699.49,-5261.0
817,2013-12-19,31000.0,4007.0,1.0,1.0,0,0.0,4.0,-0.23488605,0.9720229,-2.4492937e-16,1.0,4,0,0,1,32149.0,1,32764.0,1,0.0,1,22938.0,1,16218.0,1,31406.0,1,21553.0,1,21632.0,28900.412,25577.16,-615.0
817,2013-12-20,29930.0,3935.0,1.0,1.0,0,0.0,5.0,-0.23488605,0.9720229,-2.4492937e-16,1.0,4,0,0,1,31000.0,1,32149.0,1,38025.0,1,23398.0,1,0.0,1,28401.0,1,21764.0,1,21938.0,29740.246,26782.234,-1149.0
817,2013-12-21,21539.0,2914.0,1.0,0.0,0,0.0,6.0,-0.23488605,0.9720229,-2.4492937e-16,1.0,4,0,0,1,29930.0,1,31000.0,1,32764.0,1,23413.0,1,23112.0,1,31073.0,1,21383.0,1,21950.0,29816.148,27481.738,-1070.0
817,2013-12-22,0.0,0.0,0.0,0.0,0,0.0,7.0,-0.23488605,0.9720229,-2.4492937e-16,1.0,4,0,0,1,21539.0,1,29930.0,1,32149.0,1,18343.0,1,23226.0,1,22699.0,1,23229.0,1,23289.0,26505.29,26161.129,-8391.0
817,2013-12-23,28046.0,3635.0,1.0,0.0,0,1.0,1.0,-0.11827317,0.9929811,-2.4492937e-16,1.0,4,0,0,1,0.0,1,21539.0,1,31000.0,1,0.0,1,22938.0,1,16218.0,1,24805.0,1,21131.0,15903.173,20347.545,-21539.0
817,2013-12-24,6513.0,850.0,1.0,0.0,0,1.0,2.0,-0.11827317,0.9929811,-2.4492937e-16,1.0,4,0,0,1,28046.0,1,0.0,1,29930.0,1,38025.0,1,23398.0,1,0.0,1,18488.0,1,14992.0,20760.305,22058.312,28046.0
817,2013-12-25,0.0,0.0,0.0,0.0,3,1.0,3.0,-0.11827317,0.9929811,-2.4492937e-16,1.0,4,0,0,1,6513.0,1,28046.0,1,21539.0,1,32764.0,1,23413.0,1,23112.0,1,0.0,1,0.0,15061.383,18603.799,-21533.0
817,2013-12-26,0.0,0.0,0.0,0.0,3,1.0,4.0,-0.11827317,0.9929811,-2.4492937e-16,1.0,4,0,0,1,0.0,1,6513.0,1,0.0,1,32149.0,1,18343.0,1,23226.0,1,31266.0,1,26795.0,9036.829,14469.621,-6513.0
817,2013-12-27,18976.0,2590.0,1.0,0.0,0,1.0,5.0,-0.11827317,0.9929811,-2.4492937e-16,1.0,4,0,0,1,0.0,1,0.0,1,28046.0,1,31000.0,1,0.0,1,22938.0,1,31406.0,1,26452.0,5422.0977,11254.15,0.0
817,2013-12-28,16235.0,2320.0,1.0,0.0,0,0.0,6.0,-0.11827317,0.9929811,-2.4492937e-16,1.0,4,0,0,1,18976.0,1,0.0,1,6513.0,1,29930.0,1,38025.0,1,23398.0,1,28401.0,1,22624.0,10843.658,12970.117,18976.0
817,2013-12-29,0.0,0.0,0.0,0.0,0,0.0,7.0,-0.11827317,0.9929811,-2.4492937e-16,1.0,4,0,0,1,16235.0,1,18976.0,1,0.0,1,21539.0,1,32764.0,1,23413.0,1,31073.0,1,23624.0,13000.195,13695.646,-2741.0
817,2013-12-30,23728.0,3372.0,1.0,0.0,0,1.0,1.0,0.11827317,0.9929811,-2.4492937e-16,1.0,4,0,0,1,0.0,1,16235.0,1,0.0,1,0.0,1,32149.0,1,18343.0,1,22699.0,1,22250.0,7800.117,10652.169,-16235.0
817,2013-12-31,8061.0,1111.0,1.0,0.0,0,1.0,2.0,0.11827317,0.9929811,-2.4492937e-16,1.0,4,0,1,1,23728.0,1,0.0,1,18976.0,1,28046.0,1,31000.0,1,0.0,1,16218.0,1,14561.0,14171.2705,13557.909,23728.0
817,2014-01-01,0.0,0.0,0.0,0.0,1,1.0,3.0,0.11827317,0.9929811,0.5,0.8660254,1,1,0,1,8061.0,1,23728.0,1,16235.0,1,6513.0,1,29930.0,1,38025.0,1,0.0,1,0.0,11727.162,12336.374,-15667.0
817,2014-01-02,21370.0,3025.0,1.0,0.0,0,1.0,4.0,0.11827317,0.9929811,0.5,0.8660254,1,0,0,1,0.0,1,8061.0,1,0.0,1,0.0,1,21539.0,1,32764.0,1,23112.0,1,21598.0,7036.2974,9594.958,-8061.0
817,2014-01-03,19226.0,2743.0,1.0,0.0,0,1.0,5.0,0.11827317,0.9929811,0.5,0.8660254,1,0,0,1,21370.0,1,0.0,1,23728.0,1,0.0,1,0.0,1,32149.0,1,23226.0,1,21956.0,12769.778,12211.634,21370.0
817,2014-01-04,15246.0,2255.0,1.0,0.0,0,0.0,6.0,0.11827317,0.9929811,0.5,0.8660254,1,0,0,1,19226.0,1,21370.0,1,8061.0,1,18976.0,1,28046.0,1,31000.0,1,22938.0,1,20199.0,15352.267,13770.382,-2144.0
817,2014-01-05,0.0,0.0,0.0,0.0,0,0.0,7.0,0.11827317,0.9929811,0.5,0.8660254,1,0,0,1,15246.0,1,19226.0,1,0.0,1,16235.0,1,6513.0,1,29930.0,1,23398.0,1,20292.0,15309.76,14098.297,-3980.0
817,2014-01-06,26911.0,3473.0,1.0,1.0,0,0.0,1.0,0.23488605,0.9720229,0.5,0.8660254,1,0,0,1,0.0,1,15246.0,1,21370.0,1,0.0,1,0.0,1,21539.0,1,23413.0,1,20381.0,9185.856,10965.342,-15246.0
817,2014-01-07,23923.0,3329.0,1.0,1.0,0,0.0,2.0,0.23488605,0.9720229,0.5,0.8660254,1,0,0,1,26911.0,1,0.0,1,19226.0,1,23728.0,1,0.0,1,0.0,1,18343.0,1,15806.0,16275.914,14508.821,26911.0
817,2014-01-08,22235.0,3113.0,1.0,1.0,0,0.0,3.0,0.23488605,0.9720229,0.5,0.8660254,1,0,0,1,23923.0,1,26911.0,1,15246.0,1,8061.0,1,18976.0,1,28046.0,1,0.0,1,0.0,19334.748,16600.861,-2988.0
817,2014-01-09,22906.0,3192.0,1.0,1.0,0,0.0,4.0,0.23488605,0.9720229,0.5,0.8660254,1,0,0,1,22235.0,1,23923.0,1,0.0,1,0.0,1,16235.0,1,6513.0,1,38025.0,1,26700.0,20494.85,17852.893,-1688.0
817,2014-01-10,21017.0,2835.0,1.0,1.0,0,0.0,5.0,0.23488605,0.9720229,0.5,0.8660254,1,0,0,1,22906.0,1,22235.0,1,26911.0,1,21370.0,1,0.0,1,0.0,1,32764.0,1,25444.0,21459.309,18975.805,671.0
817,2014-01-11,12641.0,1975.0,1.0,0.0,0,0.0,6.0,0.23488605,0.9720229,0.5,0.8660254,1,0,0,1,21017.0,1,22906.0,1,23923.0,1,19226.0,1,23728.0,1,0.0,1,32149.0,1,22317.0,21282.385,19429.404,-1889.0
817,2014-01-12,0.0,0.0,0.0,0.0,0,0.0,7.0,0.23488605,0.9720229,0.5,0.8660254,1,0,0,1,12641.0,1,21017.0,1,22235.0,1,15246.0,1,8061.0,1,18976.0,1,31000.0,1,23142.0,17825.832,17920.87,-8376.0
817,2014-01-13,20105.0,3113.0,1.0,0.0,0,0.0,1.0,0.34820163,0.93741965,0.5,0.8660254,1,0,0,1,0.0,1,12641.0,1,22906.0,1,0.0,1,0.0,1,16235.0,1,29930.0,1,23485.0,10695.499,13938.454,-12641.0
817,2014-01-14,19364.0,2988.0,1.0,0.0,0,0.0,2.0,0.34820163,0.93741965,0.5,0.8660254,1,0,0,1,20105.0,1,0.0,1,21017.0,1,26911.0,1,21370.0,1,0.0,1,21539.0,1,16257.0,14459.299,15308.798,20105.0
817,2014-01-15,19583.0,3093.0,1.0,0.0,0,0.0,3.0,0.34820163,0.93741965,0.5,0.8660254,1,0,0,1,19364.0,1,20105.0,1,12641.0,1,23923.0,1,19226.0,1,23728.0,1,0.0,1,0.0,16421.18,16209.954,-741.0
817,2014-01-16,17952.0,2843.0,1.0,0.0,0,0.0,4.0,0.34820163,0.93741965,0.5,0.8660254,1,0,0,1,19583.0,1,19364.0,1,0.0,1,22235.0,1,15246.0,1,8061.0,1,28046.0,1,21553.0,17685.908,16959.52,219.0
817,2014-01-17,18393.0,2872.0,1.0,0.0,0,0.0,5.0,0.34820163,0.93741965,0.5,0.8660254,1,0,0,1,17952.0,1,19583.0,1,20105.0,1,22906.0,1,0.0,1,0.0,1,6513.0,1,21764.0,17792.344,17180.07,-1631.0
817,2014-01-18,14483.0,2133.0,1.0,0.0,0,0.0,6.0,0.34820163,0.93741965,0.5,0.8660254,1,0,0,1,18393.0,1,17952.0,1,19364.0,1,21017.0,1,26911.0,1,21370.0,1,0.0,1,21383.0,18032.607,17449.611,441.0
817,2014-01-19,0.0,0.0,0.0,0.0,0,0.0,7.0,0.34820163,0.93741965,0.5,0.8660254,1,0,0,1,14483.0,1,18393.0,1,19583.0,1,12641.0,1,23923.0,1,19226.0,1,0.0,1,23229.0,16612.764,16790.363,-3910.0
817,2014-01-20,22881.0,2976.0,1.0,1.0,0,0.0,1.0,0.45662925,0.8896571,0.5,0.8660254,1,0,0,1,0.0,1,14483.0,1,17952.0,1,0.0,1,22235.0,1,15246.0,1,18976.0,1,24805.0,9967.658,13059.172,-14483.0
817,2014-01-21,23315.0,3017.0,1.0,1.0,0,0.0,2.0,0.45662925,0.8896571,0.5,0.8660254,1,0,0,1,22881.0,1,0.0,1,18393.0,1,20105.0,1,22906.0,1,0.0,1,16235.0,1,18488.0,15132.995,15241.801,22881.0
817,2014-01-22,23210.0,3098.0,1.0,1.0,0,0.0,3.0,0.45662925,0.8896571,0.5,0.8660254,1,0,0,1,23315.0,1,22881.0,1,14483.0,1,19364.0,1,21017.0,1,26911.0,1,0.0,1,0.0,18405.797,17035.844,434.0
817,2014-01-23,23190.0,3223.0,1.0,1.0,0,0.0,4.0,0.45662925,0.8896571,0.5,0.8660254,1,0,0,1,23210.0,1,23315.0,1,0.0,1,19583.0,1,12641.0,1,23923.0,1,23728.0,1,31266.0,20327.479,18407.879,-105.0
817,2014-01-24,22185.0,2957.0,1.0,1.0,0,0.0,5.0,0.45662925,0.8896571,0.5,0.8660254,1,0,0,1,23190.0,1,23210.0,1,22881.0,1,17952.0,1,0.0,1,22235.0,1,8061.0,1,31406.0,21472.486,19470.572,-20.0
817,2014-01-25,13125.0,1899.0,1.0,0.0,0,0.0,6.0,0.45662925,0.8896571,0.5,0.8660254,1,0,0,1,22185.0,1,23190.0,1,23315.0,1,18393.0,1,20105.0,1,22906.0,1,0.0,1,28401.0,21757.492,20073.78,-1005.0
817,2014-01-26,0.0,0.0,0.0,0.0,0,0.0,7.0,0.45662925,0.8896571,0.5,0.8660254,1,0,0,1,13125.0,1,22185.0,1,23210.0,1,14483.0,1,19364.0,1,21017.0,1,21370.0,1,31073.0,18304.496,18529.605,-9060.0
817,2014-01-27,18934.0,2860.0,1.0,0.0,0,0.0,1.0,0.55864674,0.82940567,0.5,0.8660254,1,0,0,1,0.0,1,13125.0,1,23190.0,1,0.0,1,19583.0,1,12641.0,1,19226.0,1,22699.0,10982.697,14411.916,-13125.0
817,2014-01-28,20143.0,3000.0,1.0,0.0,0,0.0,2.0,0.55864674,0.82940567,0.5,0.8660254,1,0,0,1,18934.0,1,0.0,1,22185.0,1,22881.0,1,17952.0,1,0.0,1,15246.0,1,16218.0,14163.219,15416.823,18934.0
817,2014-01-29,19820.0,2851.0,1.0,0.0,0,0.0,3.0,0.55864674,0.82940567,0.5,0.8660254,1,0,0,1,20143.0,1,18934.0,1,13125.0,1,23315.0,1,18393.0,1,20105.0,1,0.0,1,0.0,16555.13,16467.084,1209.0
817,2014-01-30,20368.0,2988.0,1.0,0.0,0,0.0,4.0,0.55864674,0.82940567,0.5,0.8660254,1,0,0,1,19820.0,1,20143.0,1,0.0,1,23210.0,1,14483.0,1,19364.0,1,26911.0,1,23112.0,17861.078,17212.178,-323.0
817,2014-01-31,20478.0,3019.0,1.0,0.0,0,0.0,5.0,0.55864674,0.82940567,0.5,0.8660254,1,0,1,1,20368.0,1,19820.0,1,18934.0,1,23190.0,1,0.0,1,19583.0,1,23923.0,1,23226.0,18863.848,17913.47,548.0
817,2014-02-01,15844.0,2220.0,1.0,0.0,0,0.0,6.0,0.55864674,0.82940567,0.8660254,0.5,1,1,0,1,20478.0,1,20368.0,1,20143.0,1,22185.0,1,22881.0,1,17952.0,1,22235.0,1,22938.0,19509.508,18483.367,110.0
817,2014-02-02,0.0,0.0,0.0,0.0,0,0.0,7.0,0.55864674,0.82940567,0.8660254,0.5,1,0,0,1,15844.0,1,20478.0,1,19820.0,1,13125.0,1,23315.0,1,18393.0,1,22906.0,1,23398.0,18043.305,17896.84,-4634.0
817,2014-02-03,27600.0,3526.0,1.0,1.0,0,1.0,1.0,0.65282214,0.75751126,0.8660254,0.5,1,0,0,1,0.0,1,15844.0,1,20368.0,1,0.0,1,23210.0,1,14483.0,1,21017.0,1,23413.0,10825.983,13919.765,-15844.0
817,2014-02-04,25765.0,3492.0,1.0,1.0,0,1.0,2.0,0.65282214,0.75751126,0.8660254,0.5,1,0,0,1,27600.0,1,0.0,1,20478.0,1,18934.0,1,23190.0,1,0.0,1,12641.0,1,18343.0,17535.59,16959.816,27600.0
817,2014-02-05,24189.0,3348.0,1.0,1.0,0,1.0,3.0,0.65282214,0.75751126,0.8660254,0.5,1,0,0,1,25765.0,1,27600.0,1,15844.0,1,20143.0,1,22185.0,1,22881.0,1,0.0,1,0.0,20827.354,18916.523,-1835.0
817,2014-02-06,22556.0,3268.0,1.0,1.0,0,1.0,4.0,0.65282214,0.75751126,0.8660254,0.5,1,0,0,1,24189.0,1,25765.0,1,0.0,1,19820.0,1,13125.0,1,23315.0,1,20105.0,1,38025.0,22172.012,20088.186,-1576.0
817,2014-02-07,21847.0,3111.0,1.0,1.0,0,1.0,5.0,0.65282214,0.75751126,0.8660254,0.5,1,0,0,1,22556.0,1,24189.0,1,27600.0,1,20368.0,1,0.0,1,23210.0,1,19364.0,1,32764.0,22325.607,20636.588,-1633.0
817,2014-02-08,14771.0,2294.0,1.0,0.0,0,0.0,6.0,0.65282214,0.75751126,0.8660254,0.5,1,0,0,1,21847.0,1,22556.0,1,25765.0,1,20478.0,1,18934.0,1,23190.0,1,19583.0,1,32149.0,22134.164,20905.568,-709.0
817,2014-02-09,0.0,0.0,0.0,0.0,0,0.0,7.0,0.65282214,0.75751126,0.8660254,0.5,1,0,0,1,14771.0,1,21847.0,1,24189.0,1,15844.0,1,20143.0,1,22185.0,1,17952.0,1,31000.0,19188.898,19542.332,-7076.0
817,2014-02-10,21186.0,3292.0,1.0,0.0,0,0.0,1.0,0.73783326,0.674983,0.8660254,0.5,1,0,0,1,0.0,1,14771.0,1,22556.0,1,0.0,1,19820.0,1,13125.0,1,18393.0,1,29930.0,11513.339,15199.591,-14771.0
817,2014-02-11,20413.0,3198.0,1.0,0.0,0,0.0,2.0,0.73783326,0.674983,0.8660254,0.5,1,0,0,1,21186.0,1,0.0,1,21847.0,1,27600.0,1,20368.0,1,0.0,1,14483.0,1,21539.0,15382.403,16529.904,21186.0
817,2014-02-12,20459.0,3208.0,1.0,0.0,0,0.0,3.0,0.73783326,0.674983,0.8660254,0.5,1,0,0,1,20413.0,1,21186.0,1,14771.0,1,25765.0,1,20478.0,1,18934.0,1,0.0,1,0.0,17394.643,17392.814,-773.0
817,2014-02-13,21230.0,3240.0,1.0,0.0,0,0.0,4.0,0.73783326,0.674983,0.8660254,0.5,1,0,0,1,20459.0,1,20413.0,1,0.0,1,24189.0,1,15844.0,1,20143.0,1,22881.0,1,28046.0,18620.385,18074.19,46.0
817,2014-02-14,20747.0,3171.0,1.0,0.0,0,0.0,5.0,0.73783326,0.674983,0.8660254,0.5,1,0,0,1,21230.0,1,20459.0,1,21186.0,1,22556.0,1,0.0,1,19820.0,1,23315.0,1,6513.0,19664.23,18775.48,771.0
817,2014-02-15,15277.0,2224.0,1.0,0.0,0,0.0,6.0,0.73783326,0.674983,0.8660254,0.5,1,0,0,1,20747.0,1,21230.0,1,20413.0,1,21847.0,1,27600.0,1,20368.0,1,23210.0,1,0.0,20097.338,19213.596,-483.0
817,2014-02-16,0.0,0.0,0.0,0.0,0,0.0,7.0,0.73783326,0.674983,0.8660254,0.5,1,0,0,1,15277.0,1,20747.0,1,20459.0,1,14771.0,1,25765.0,1,20478.0,1,23190.0,1,0.0,18169.203,18338.797,-5470.0
817,2014-02-17,27223.0,3588.0,1.0,1.0,0,0.0,1.0,0.8124869,0.5829795,0.8660254,0.5,1,0,0,1,0.0,1,15277.0,1,21230.0,1,0.0,1,24189.0,1,15844.0,1,22185.0,1,18976.0,10901.521,14263.509,-15277.0
817,2014-02-18,25009.0,3359.0,1.0,1.0,0,0.0,2.0,0.8124869,0.5829795,0.8660254,0.5,1,0,0,1,27223.0,1,0.0,1,20747.0,1,21186.0,1,22556.0,1,0.0,1,13125.0,1,16235.0,17430.113,17143.396,27223.0
817,2014-02-19,22607.0,3164.0,1.0,1.0,0,0.0,3.0,0.8124869,0.5829795,0.8660254,0.5,1,0,0,1,25009.0,1,27223.0,1,15277.0,1,20413.0,1,21847.0,1,27600.0,1,0.0,1,0.0,20461.668,18891.309,-2214.0
817,2014-02-20,23443.0,3249.0,1.0,1.0,0,0.0,4.0,0.8124869,0.5829795,0.8660254,0.5,1,0,0,1,22607.0,1,25009.0,1,0.0,1,20459.0,1,14771.0,1,25765.0,1,18934.0,1,23728.0,21319.8,19717.018,-2402.0
817,2014-02-21,20576.0,3005.0,1.0,1.0,0,0.0,5.0,0.8124869,0.5829795,0.8660254,0.5,1,0,0,1,23443.0,1,22607.0,1,27223.0,1,21230.0,1,0.0,1,24189.0,1,20143.0,1,8061.0,22169.08,20545.014,836.0
817,2014-02-22,14536.0,2182.0,1.0,0.0,0,0.0,6.0,0.8124869,0.5829795,0.8660254,0.5,1,0,0,1,20576.0,1,23443.0,1,25009.0,1,20747.0,1,21186.0,1,22556.0,1,19820.0,1,0.0,21531.848,20551.898,-2867.0
817,2014-02-23,0.0,0.0,0.0,0.0,0,0.0,7.0,0.8124869,0.5829795,0.8660254,0.5,1,0,0,1,14536.0,1,20576.0,1,22607.0,1,15277.0,1,20413.0,1,21847.0,1,20368.0,1,21370.0,18733.51,19215.033,-6040.0
817,2014-02-24,20207.0,3029.0,1.0,0.0,0,0.0,1.0,0.8757349,0.4827922,0.8660254,0.5,1,0,0,1,0.0,1,14536.0,1,23443.0,1,0.0,1,20459.0,1,14771.0,1,20478.0,1,19226.0,11240.105,14945.025,-14536.0
817,2014-02-25,20103.0,3058.0,1.0,0.0,0,0.0,2.0,0.8757349,0.4827922,0.8660254,0.5,1,0,0,1,20207.0,1,0.0,1,20576.0,1,27223.0,1,21230.0,1,0.0,1,15844.0,1,15246.0,14826.863,16114.354,20207.0
817,2014-02-26,18600.0,2841.0,1.0,0.0,0,0.0,3.0,0.8757349,0.4827922,0.8660254,0.5,1,0,0,1,20103.0,1,20207.0,1,14536.0,1,25009.0,1,20747.0,1,21186.0,1,0.0,1,0.0,16937.318,17000.719,-104.0
817,2014-02-27,19365.0,2930.0,1.0,0.0,0,0.0,4.0,0.8757349,0.4827922,0.8660254,0.5,1,0,0,1,18600.0,1,20103.0,1,0.0,1,22607.0,1,15277.0,1,20413.0,1,27600.0,1,26911.0,17602.39,17356.115,-1503.0
817,2014-02-28,20689.0,2956.0,1.0,0.0,0,0.0,5.0,0.8757349,0.4827922,0.8660254,0.5,1,0,1,1,19365.0,1,18600.0,1,20207.0,1,23443.0,1,0.0,1,20459.0,1,25765.0,1,23923.0,18307.434,17802.533,765.0
817,2014-03-01,15976.0,2273.0,1.0,0.0,0,0.0,6.0,0.8757349,0.4827922,1.0,6.123234e-17,1,1,0,1,20689.0,1,19365.0,1,20103.0,1,20576.0,1,27223.0,1,21230.0,1,24189.0,1,22235.0,19260.06,18443.97,1324.0
817,2014-03-02,0.0,0.0,0.0,0.0,0,0.0,7.0,0.8757349,0.4827922,1.0,6.123234e-17,1,0,0,1,15976.0,1,20689.0,1,18600.0,1,14536.0,1,25009.0,1,20747.0,1,22556.0,1,22906.0,17946.436,17895.533,-4713.0
817,2014-03-03,27373.0,3478.0,1.0,1.0,0,0.0,1.0,0.9266896,0.37582758,1.0,6.123234e-17,1,0,0,1,0.0,1,15976.0,1,19365.0,1,0.0,1,22607.0,1,15277.0,1,21847.0,1,21017.0,10767.862,13918.748,-15976.0
817,2014-03-04,25364.0,3395.0,1.0,1.0,0,0.0,2.0,0.9266896,0.37582758,1.0,6.123234e-17,1,0,0,1,27373.0,1,0.0,1,20689.0,1,20207.0,1,23443.0,1,0.0,1,14771.0,1,12641.0,17409.918,16908.582,27373.0
817,2014-03-05,23917.0,3236.0,1.0,1.0,0,0.0,3.0,0.9266896,0.37582758,1.0,6.123234e-17,1,0,0,1,25364.0,1,27373.0,1,15976.0,1,20103.0,1,20576.0,1,27223.0,1,0.0,1,0.0,20591.55,18787.562,-2009.0
817,2014-03-06,23619.0,3271.0,1.0,1.0,0,0.0,4.0,0.9266896,0.37582758,1.0,6.123234e-17,1,0,0,1,23917.0,1,25364.0,1,0.0,1,18600.0,1,14536.0,1,25009.0,1,21186.0,1,20105.0,21921.73,19927.438,-1447.0
817,2014-03-07,21675.0,3069.0,1.0,1.0,0,0.0,5.0,0.9266896,0.37582758,1.0,6.123234e-17,1,0,0,1,23619.0,1,23917.0,1,27373.0,1,19365.0,1,0.0,1,22607.0,1,20413.0,1,19364.0,22600.639,20747.785,-298.0
817,2014-03-08,14985.0,2206.0,1.0,0.0,0,0.0,6.0,0.9266896,0.37582758,1.0,6.123234e-17,1,0,0,1,21675.0,1,23619.0,1,25364.0,1,20689.0,1,20207.0,1,23443.0,1,20459.0,1,19583.0,22230.383,20953.832,-1944.0
817,2014-03-09,0.0,0.0,0.0,0.0,0,0.0,7.0,0.9266896,0.37582758,1.0,6.123234e-17,1,0,0,1,14985.0,1,21675.0,1,23917.0,1,15976.0,1,20103.0,1,20576.0,1,21230.0,1,17952.0,19332.23,19627.426,-6690.0
817,2014-03-10,20137.0,3124.0,1.0,0.0,0,0.0,1.0,0.9646356,0.26358718,1.0,6.123234e-17,1,0,0,1,0.0,1,14985.0,1,23619.0,1,0.0,1,18600.0,1,14536.0,1,20747.0,1,18393.0,11599.338,15265.775,-14985.0
817,2014-03-11,19765.0,3153.0,1.0,0.0,0,0.0,2.0,0.9646356,0.26358718,1.0,6.123234e-17,1,0,0,1,20137.0,1,0.0,1,21675.0,1,27373.0,1,19365.0,1,0.0,1,15277.0,1,14483.0,15014.402,16348.27,20137.0
817,2014-03-12,19088.0,3109.0,1.0,0.0,0,0.0,3.0,0.9646356,0.26358718,1.0,6.123234e-17,1,0,0,1,19765.0,1,20137.0,1,14985.0,1,25364.0,1,20689.0,1,20207.0,1,0.0,1,0.0,16914.643,17107.543,-372.0
817,2014-03-13,19090.0,2923.0,1.0,0.0,0,0.0,4.0,0.9646356,0.26358718,1.0,6.123234e-17,1,0,0,1,19088.0,1,19765.0,1,0.0,1,23917.0,1,15976.0,1,20103.0,1,27223.0,1,22881.0,17783.984,17547.645,-677.0
817,2014-03-14,19791.0,2978.0,1.0,0.0,0,0.0,5.0,0.9646356,0.26358718,1.0,6.123234e-17,1,0,0,1,19090.0,1,19088.0,1,20137.0,1,23619.0,1,0.0,1,18600.0,1,25009.0,1,23315.0,18306.39,17890.39,2.0
817,2014-03-15,14721.0,2121.0,1.0,0.0,0,0.0,6.0,0.9646356,0.26358718,1.0,6.123234e-17,1,0,0,1,19791.0,1,19090.0,1,19765.0,1,21675.0,1,27373.0,1,19365.0,1,22607.0,1,23210.0,18900.234,18312.748,701.0
817,2014-03-16,0.0,0.0,0.0,0.0,0,0.0,7.0,0.9646356,0.26358718,1.0,6.123234e-17,1,0,0,1,14721.0,1,19791.0,1,19088.0,1,14985.0,1,25364.0,1,20689.0,1,23443.0,1,23190.0,17228.541,17514.582,-5070.0
817,2014-03-17,26329.0,3469.0,1.0,1.0,0,0.0,1.0,0.9890402,0.14764656,1.0,6.123234e-17,1,0,0,1,0.0,1,14721.0,1,19090.0,1,0.0,1,23917.0,1,15976.0,1,20576.0,1,22185.0,10337.124,13622.452,-14721.0
817,2014-03-18,24632.0,3330.0,1.0,1.0,0,0.0,2.0,0.9890402,0.14764656,1.0,6.123234e-17,1,0,0,1,26329.0,1,0.0,1,19791.0,1,20137.0,1,23619.0,1,0.0,1,14536.0,1,13125.0,16733.875,16446.129,26329.0
817,2014-03-19,22651.0,3223.0,1.0,1.0,0,0.0,3.0,0.9890402,0.14764656,1.0,6.123234e-17,1,0,0,1,24632.0,1,26329.0,1,14721.0,1,19765.0,1,21675.0,1,27373.0,1,0.0,1,0.0,19893.125,18265.213,-1697.0
817,2014-03-20,21497.0,3178.0,1.0,1.0,0,0.0,4.0,0.9890402,0.14764656,1.0,6.123234e-17,1,0,0,1,22651.0,1,24632.0,1,0.0,1,19088.0,1,14985.0,1,25364.0,1,20207.0,1,18934.0,20996.275,19239.832,-1981.0
817,2014-03-21,20980.0,3083.0,1.0,1.0,0,0.0,5.0,0.9890402,0.14764656,1.0,6.123234e-17,1,0,0,1,21497.0,1,22651.0,1,26329.0,1,19090.0,1,0.0,1,23917.0,1,20103.0,1,20143.0,21196.564,19741.424,-1154.0
817,2014-03-22,14736.0,2195.0,1.0,0.0,0,0.0,6.0,0.9890402,0.14764656,1.0,6.123234e-17,1,0,0,1,20980.0,1,21497.0,1,24632.0,1,19791.0,1,20137.0,1,23619.0,1,18600.0,1,19820.0,21109.94,20016.664,-517.0
817,2014-03-23,0.0,0.0,0.0,0.0,0,0.0,7.0,0.9890402,0.14764656,1.0,6.123234e-17,1,0,0,1,14736.0,1,20980.0,1,22651.0,1,14721.0,1,19765.0,1,21675.0,1,19365.0,1,20368.0,18560.363,18843.184,-6244.0
817,2014-03-24,21389.0,3207.0,1.0,0.0,0,0.0,1.0,0.99956083,0.029633328,1.0,6.123234e-17,1,0,0,1,0.0,1,14736.0,1,21497.0,1,0.0,1,19088.0,1,14985.0,1,20689.0,1,20478.0,11136.218,14655.809,-14736.0
817,2014-03-25,18625.0,2872.0,1.0,0.0,0,0.0,2.0,0.99956083,0.029633328,1.0,6.123234e-17,1,0,0,1,21389.0,1,0.0,1,20980.0,1,26329.0,1,19090.0,1,0.0,1,15976.0,1,15844.0,15237.331,16152.073,21389.0
817,2014-03-26,19347.0,2993.0,1.0,0.0,0,0.0,3.0,0.99956083,0.029633328,1.0,6.123234e-17,1,0,0,1,18625.0,1,21389.0,1,14736.0,1,24632.0,1,19791.0,1,20137.0,1,0.0,1,0.0,16592.398,16701.613,-2764.0
817,2014-03-27,19539.0,2959.0,1.0,0.0,0,0.0,4.0,0.99956083,0.029633328,1.0,6.123234e-17,1,0,0,1,19347.0,1,18625.0,1,0.0,1,22651.0,1,14721.0,1,19765.0,1,27373.0,1,27600.0,17694.238,17289.477,722.0
817,2014-03-28,19610.0,2903.0,1.0,0.0,0,0.0,5.0,0.99956083,0.029633328,1.0,6.123234e-17,1,0,0,1,19539.0,1,19347.0,1,21389.0,1,21497.0,1,0.0,1,19088.0,1,25364.0,1,25765.0,18432.143,17789.371,192.0
817,2014-03-29,14364.0,2257.0,1.0,0.0,0,0.0,6.0,0.99956083,0.029633328,1.0,6.123234e-17,1,0,0,1,19610.0,1,19539.0,1,18625.0,1,20980.0,1,26329.0,1,19090.0,1,23917.0,1,24189.0,18903.285,18193.955,71.0
817,2014-03-30,0.0,0.0,0.0,0.0,0,0.0,7.0,0.99956083,0.029633328,1.0,6.123234e-17,1,0,0,1,14364.0,1,19610.0,1,19347.0,1,14736.0,1,24632.0,1,19791.0,1,23619.0,1,22556.0,17087.572,17342.854,-5246.0
817,2014-03-31,28179.0,3606.0,1.0,1.0,0,0.0,1.0,0.9960498,-0.08879589,1.0,6.123234e-17,1,0,1,1,0.0,1,14364.0,1,19539.0,1,0.0,1,22651.0,1,14721.0,1,21675.0,1,21847.0,10252.543,13488.887,-14364.0
817,2014-04-01,25602.0,3427.0,1.0,1.0,0,0.0,2.0,0.9960498,-0.08879589,0.8660254,-0.5,2,1,0,1,28179.0,1,0.0,1,19610.0,1,21389.0,1,21497.0,1,0.0,1,14985.0,1,14771.0,17423.125,16753.355,28179.0
817,2014-04-02,24422.0,3267.0,1.0,1.0,0,0.0,3.0,0.9960498,-0.08879589,0.8660254,-0.5,2,0,0,1,25602.0,1,28179.0,1,14364.0,1,18625.0,1,20980.0,1,26329.0,1,0.0,1,0.0,20694.676,18719.72,-2577.0
817,2014-04-03,23302.0,3188.0,1.0,1.0,0,0.0,4.0,0.9960498,-0.08879589,0.8660254,-0.5,2,0,0,1,24422.0,1,25602.0,1,0.0,1,19347.0,1,14736.0,1,24632.0,1,20137.0,1,21186.0,22185.605,19986.895,-1180.0
817,2014-04-04,23104.0,3155.0,1.0,1.0,0,0.0,5.0,0.9960498,-0.08879589,0.8660254,-0.5,2,0,0,1,23302.0,1,24422.0,1,28179.0,1,19539.0,1,0.0,1,22651.0,1,19765.0,1,20413.0,22632.164,20723.584,-1120.0
817,2014-04-05,14814.0,2218.0,1.0,0.0,0,0.0,6.0,0.9960498,-0.08879589,0.8660254,-0.5,2,0,0,1,23104.0,1,23302.0,1,25602.0,1,19610.0,1,21389.0,1,21497.0,1,19088.0,1,20459.0,22820.898,21252.566,-198.0
817,2014-04-06,0.0,0.0,0.0,0.0,0,0.0,7.0,0.9960498,-0.08879589,0.8660254,-0.5,2,0,0,1,14814.0,1,23104.0,1,24422.0,1,14364.0,1,18625.0,1,20980.0,1,19090.0,1,21230.0,19618.139,19821.773,-8290.0
817,2014-04-07,21889.0,3238.0,1.0,0.0,0,0.0,1.0,0.9785565,-0.20597862,0.8660254,-0.5,2,0,0,1,0.0,1,14814.0,1,23302.0,1,0.0,1,19347.0,1,14736.0,1,19791.0,1,20747.0,11770.883,15416.935,-14814.0
817,2014-04-08,21311.0,3192.0,1.0,0.0,0,0.0,2.0,0.9785565,-0.20597862,0.8660254,-0.5,2,0,0,1,21889.0,1,0.0,1,23104.0,1,28179.0,1,19539.0,1,0.0,1,14721.0,1,15277.0,15818.13,16855.172,21889.0
817,2014-04-09,21017.0,3070.0,1.0,0.0,0,0.0,3.0,0.9785565,-0.20597862,0.8660254,-0.5,2,0,0,1,21311.0,1,21889.0,1,14814.0,1,25602.0,1,19610.0,1,21389.0,1,0.0,1,0.0,18015.277,17845.355,-578.0
817,2014-04-10,21403.0,3023.0,1.0,0.0,0,0.0,4.0,0.9785565,-0.20597862,0.8660254,-0.5,2,0,0,1,21017.0,1,21311.0,1,0.0,1,24422.0,1,14364.0,1,18625.0,1,26329.0,1,27223.0,19215.967,18550.166,-294.0
817,2014-04-11,20461.0,3001.0,1.0,0.0,0,0.0,5.0,0.9785565,-0.20597862,0.8660254,-0.5,2,0,0,1,21403.0,1,21017.0,1,21889.0,1,23302.0,1,0.0,1,19347.0,1,24632.0,1,25009.0,20090.78,19184.129,386.0
817,2014-04-12,15352.0,2281.0,1.0,0.0,0,0.0,6.0,0.9785565,-0.20597862,0.8660254,-0.5,2,0,0,1,20461.0,1,21403.0,1,21311.0,1,23104.0,1,28179.0,1,19539.0,1,22651.0,1,22607.0,20238.867,19467.877,-942.0
817,2014-04-13,0.0,0.0,0.0,0.0,0,0.0,7.0,0.9785565,-0.20597862,0.8660254,-0.5,2,0,0,1,15352.0,1,20461.0,1,21017.0,1,14814.0,1,25602.0,1,19610.0,1,21497.0,1,23443.0,18284.121,18553.238,-5109.0
817,2014-04-14,29215.0,3761.0,1.0,1.0,0,1.0,1.0,0.94732636,-0.32026985,0.8660254,-0.5,2,0,0,1,0.0,1,15352.0,1,21403.0,1,0.0,1,24422.0,1,14364.0,1,20980.0,1,20576.0,10970.473,14430.297,-15352.0
817,2014-04-15,31842.0,4071.0,1.0,1.0,0,1.0,2.0,0.94732636,-0.32026985,0.8660254,-0.5,2,0,0,1,29215.0,1,0.0,1,20461.0,1,21889.0,1,23302.0,1,0.0,1,14736.0,1,14536.0,18268.283,17715.787,29215.0
817,2014-04-16,29944.0,3876.0,1.0,1.0,0,1.0,3.0,0.94732636,-0.32026985,0.8660254,-0.5,2,0,0,1,31842.0,1,29215.0,1,15352.0,1,21311.0,1,23104.0,1,28179.0,1,0.0,1,0.0,23697.77,20854.945,2627.0
817,2014-04-17,28562.0,3803.0,1.0,1.0,0,1.0,4.0,0.94732636,-0.32026985,0.8660254,-0.5,2,0,0,1,29944.0,1,31842.0,1,0.0,1,21017.0,1,14814.0,1,25602.0,1,21389.0,1,20207.0,26196.262,22874.734,-1898.0
817,2014-04-18,0.0,0.0,0.0,1.0,2,1.0,5.0,0.94732636,-0.32026985,0.8660254,-0.5,2,0,0,1,28562.0,1,29944.0,1,29215.0,1,21403.0,1,0.0,1,24422.0,1,18625.0,1,20103.0,27142.557,24138.572,-1382.0
817,2014-04-19,16861.0,2489.0,1.0,0.0,0,0.0,6.0,0.94732636,-0.32026985,0.8660254,-0.5,2,0,0,1,0.0,1,28562.0,1,31842.0,1,20461.0,1,21889.0,1,23302.0,1,19347.0,1,18600.0,16285.534,18774.445,-28562.0
817,2014-04-20,0.0,0.0,0.0,0.0,0,0.0,7.0,0.94732636,-0.32026985,0.8660254,-0.5,2,0,0,1,16861.0,1,0.0,1,29944.0,1,15352.0,1,21311.0,1,23104.0,1,19539.0,1,19365.0,16515.72,18349.234,16861.0
817,2014-04-21,0.0,0.0,0.0,0.0,2,1.0,1.0,0.9027978,-0.4300652,0.8660254,-0.5,2,0,0,1,0.0,1,16861.0,1,28562.0,1,0.0,1,21017.0,1,14814.0,1,19610.0,1,20689.0,9909.433,14271.627,-16861.0
817,2014-04-22,22607.0,3501.0,1.0,0.0,0,1.0,2.0,0.9027978,-0.4300652,0.8660254,-0.5,2,0,0,1,0.0,1,0.0,1,0.0,1,29215.0,1,21403.0,1,0.0,1,14364.0,1,15976.0,5945.659,11100.154,0.0
817,2014-04-23,21695.0,3254.0,1.0,0.0,0,1.0,3.0,0.9027978,-0.4300652,0.8660254,-0.5,2,0,0,1,22607.0,1,0.0,1,16861.0,1,31842.0,1,20461.0,1,21889.0,1,0.0,1,0.0,12610.195,13657.231,22607.0
817,2014-04-24,20390.0,3233.0,1.0,0.0,0,1.0,4.0,0.9027978,-0.4300652,0.8660254,-0.5,2,0,0,1,21695.0,1,22607.0,1,0.0,1,29944.0,1,15352.0,1,21311.0,1,28179.0,1,27373.0,16244.117,15443.402,-912.0
817,2014-04-25,18612.0,3025.0,1.0,0.0,0,1.0,5.0,0.9027978,-0.4300652,0.8660254,-0.5,2,0,0,1,20390.0,1,21695.0,1,0.0,1,28562.0,1,0.0,1,21017.0,1,25602.0,1,25364.0,17902.47,16542.646,-1305.0
817,2014-04-26,13705.0,2143.0,1.0,0.0,0,0.0,6.0,0.9027978,-0.4300652,0.8660254,-0.5,2,0,0,1,18612.0,1,20390.0,1,22607.0,1,0.0,1,29215.0,1,21403.0,1,24422.0,1,23917.0,18186.283,17002.502,-1778.0
817,2014-04-27,0.0,0.0,0.0,0.0,0,0.0,7.0,0.9027978,-0.4300652,0.8660254,-0.5,2,0,0,1,13705.0,1,18612.0,1,21695.0,1,16861.0,1,31842.0,1,20461.0,1,23302.0,1,23619.0,16393.77,16269.724,-4907.0
817,2014-04-28,27558.0,3734.0,1.0,1.0,0,0.0,1.0,0.845596,-0.5338234,0.8660254,-0.5,2,0,0,1,0.0,1,13705.0,1,20390.0,1,0.0,1,29944.0,1,15352.0,1,23104.0,1,21675.0,9836.262,12654.2295,-13705.0
817,2014-04-29,25249.0,3537.0,1.0,1.0,0,0.0,2.0,0.845596,-0.5338234,0.8660254,-0.5,2,0,0,1,27558.0,1,0.0,1,18612.0,1,0.0,1,28562.0,1,0.0,1,14814.0,1,14985.0,16924.957,15966.179,27558.0
817,2014-04-30,26995.0,3654.0,1.0,1.0,0,0.0,3.0,0.845596,-0.5338234,0.8660254,-0.5,2,0,1,1,25249.0,1,27558.0,1,13705.0,1,22607.0,1,0.0,1,29215.0,1,0.0,1,0.0,20254.574,18029.027,-2309.0
817,2014-05-01,0.0,0.0,0.0,1.0,1,0.0,4.0,0.845596,-0.5338234,0.5,-0.8660254,2,1,0,1,26995.0,1,25249.0,1,0.0,1,21695.0,1,16861.0,1,31842.0,1,21889.0,1,20137.0,22950.744,20021.467,1746.0
817,2014-05-02,25579.0,3268.0,1.0,1.0,0,1.0,5.0,0.845596,-0.5338234,0.5,-0.8660254,2,0,0,1,0.0,1,26995.0,1,27558.0,1,20390.0,1,0.0,1,29944.0,1,21311.0,1,19765.0,13770.446,15572.252,-26995.0
817,2014-05-03,14560.0,2278.0,1.0,0.0,0,0.0,6.0,0.845596,-0.5338234,0.5,-0.8660254,2,0,0,1,25579.0,1,0.0,1,25249.0,1,18612.0,1,0.0,1,28562.0,1,21017.0,1,19088.0,18493.867,17795.973,25579.0
817,2014-05-04,0.0,0.0,0.0,0.0,0,0.0,7.0,0.845596,-0.5338234,0.5,-0.8660254,2,0,0,1,14560.0,1,25579.0,1,26995.0,1,13705.0,1,22607.0,1,0.0,1,21403.0,1,19090.0,16920.32,17076.87,-11019.0
817,2014-05-05,28628.0,3762.0,1.0,1.0,0,0.0,1.0,0.7765239,-0.63008785,0.5,-0.8660254,2,0,0,1,0.0,1,14560.0,1,0.0,1,0.0,1,21695.0,1,16861.0,1,20461.0,1,19791.0,10152.192,13282.009,-14560.0
817,2014-05-06,26093.0,3550.0,1.0,1.0,0,0.0,2.0,0.7765239,-0.63008785,0.5,-0.8660254,2,0,0,1,28628.0,1,0.0,1,25579.0,1,27558.0,1,20390.0,1,0.0,1,15352.0,1,14721.0,17542.516,16692.229,28628.0
817,2014-05-07,26373.0,3599.0,1.0,1.0,0,0.0,3.0,0.7765239,-0.63008785,0.5,-0.8660254,2,0,0,1,26093.0,1,28628.0,1,14560.0,1,25249.0,1,18612.0,1,0.0,1,0.0,1,0.0,20962.709,18781.29,-2535.0
817,2014-05-08,24797.0,3478.0,1.0,1.0,0,0.0,4.0,0.7765239,-0.63008785,0.5,-0.8660254,2,0,0,1,26373.0,1,26093.0,1,0.0,1,26995.0,1,13705.0,1,22607.0,1,29215.0,1,26329.0,23126.826,20468.336,280.0
817,2014-05-09,23380.0,3257.0,1.0,1.0,0,0.0,5.0,0.7765239,-0.63008785,0.5,-0.8660254,2,0,0,1,24797.0,1,26373.0,1,28628.0,1,0.0,1,0.0,1,21695.0,1,31842.0,1,24632.0,23794.895,21430.262,-1576.0
817,2014-05-10,14221.0,2131.0,1.0,0.0,0,0.0,6.0,0.7765239,-0.63008785,0.5,-0.8660254,2,0,0,1,23380.0,1,24797.0,1,26093.0,1,25579.0,1,27558.0,1,20390.0,1,29944.0,1,22651.0,23628.938,21863.537,-1417.0
817,2014-05-11,0.0,0.0,0.0,0.0,0,0.0,7.0,0.7765239,-0.63008785,0.5,-0.8660254,2,0,0,1,14221.0,1,23380.0,1,26373.0,1,14560.0,1,25249.0,1,18612.0,1,28562.0,1,21497.0,19865.762,20165.195,-9159.0
817,2014-05-12,20935.0,3267.0,1.0,0.0,0,0.0,1.0,0.696551,-0.71750724,0.5,-0.8660254,2,0,0,1,0.0,1,14221.0,1,24797.0,1,0.0,1,26995.0,1,13705.0,1,0.0,1,20980.0,11919.457,15684.041,-14221.0
817,2014-05-13,21085.0,3183.0,1.0,0.0,0,0.0,2.0,0.696551,-0.71750724,0.5,-0.8660254,2,0,0,1,20935.0,1,0.0,1,23380.0,1,28628.0,1,0.0,1,0.0,1,16861.0,1,14736.0,15525.675,16850.92,20935.0
817,2014-05-14,19944.0,3083.0,1.0,0.0,0,0.0,3.0,0.696551,-0.71750724,0.5,-0.8660254,2,0,0,1,21085.0,1,20935.0,1,14221.0,1,26093.0,1,25579.0,1,27558.0,1,0.0,1,0.0,17749.404,17791.826,150.0
817,2014-05-15,19386.0,3128.0,1.0,0.0,0,0.0,4.0,0.696551,-0.71750724,0.5,-0.8660254,2,0,0,1,19944.0,1,21085.0,1,0.0,1,26373.0,1,14560.0,1,25249.0,1,0.0,1,21389.0,18627.242,18270.088,-1141.0
817,2014-05-16,19262.0,2967.0,1.0,0.0,0,0.0,5.0,0.696551,-0.71750724,0.5,-0.8660254,2,0,0,1,19386.0,1,19944.0,1,20935.0,1,24797.0,1,0.0,1,26995.0,1,22607.0,1,18625.0,18930.746,18518.068,-558.0
817,2014-05-17,13405.0,2056.0,1.0,0.0,0,0.0,6.0,0.696551,-0.71750724,0.5,-0.8660254,2,0,0,1,19262.0,1,19386.0,1,21085.0,1,23380.0,1,28628.0,1,0.0,1,21695.0,1,19347.0,19063.248,18683.387,-124.0
817,2014-05-18,0.0,0.0,0.0,0.0,0,0.0,7.0,0.696551,-0.71750724,0.5,-0.8660254,2,0,0,1,13405.0,1,19262.0,1,19944.0,1,14221.0,1,26093.0,1,25579.0,1,20390.0,1,19539.0,16799.95,17510.412,-5857.0
817,2014-05-19,28659.0,3746.0,1.0,1.0,0,0.0,1.0,0.60680014,-0.79485446,0.5,-0.8660254,2,0,0,1,0.0,1,13405.0,1,19386.0,1,0.0,1,26373.0,1,14560.0,1,18612.0,1,19610.0,10079.969,13619.209,-13405.0
817,2014-05-20,23784.0,3494.0,1.0,1.0,0,0.0,2.0,0.60680014,-0.79485446,0.5,-0.8660254,2,0,0,1,28659.0,1,0.0,1,19262.0,1,20935.0,1,24797.0,1,0.0,1,13705.0,1,14364.0,17511.582,16961.385,28659.0
817,2014-05-21,23884.0,3581.0,1.0,1.0,0,0.0,3.0,0.60680014,-0.79485446,0.5,-0.8660254,2,0,0,1,23784.0,1,28659.0,1,13405.0,1,21085.0,1,23380.0,1,28628.0,1,0.0,1,0.0,20020.549,18477.521,-4875.0
817,2014-05-22,22743.0,3572.0,1.0,1.0,0,0.0,4.0,0.60680014,-0.79485446,0.5,-0.8660254,2,0,0,1,23884.0,1,23784.0,1,0.0,1,19944.0,1,14221.0,1,26093.0,1,27558.0,1,28179.0,21565.93,19678.96,100.0
817,2014-05-23,21262.0,3137.0,1.0,1.0,0,0.0,5.0,0.60680014,-0.79485446,0.5,-0.8660254,2,0,0,1,22743.0,1,23884.0,1,28659.0,1,19386.0,1,0.0,1,26373.0,1,25249.0,1,25602.0,22036.758,20359.86,-1141.0
817,2014-05-24,14598.0,2175.0,1.0,0.0,0,0.0,6.0,0.60680014,-0.79485446,0.5,-0.8660254,2,0,0,1,21262.0,1,22743.0,1,23784.0,1,19262.0,1,20935.0,1,24797.0,1,26995.0,1,24422.0,21726.855,20560.334,-1481.0
817,2014-05-25,0.0,0.0,0.0,0.0,0,0.0,7.0,0.60680014,-0.79485446,0.5,-0.8660254,2,0,0,1,14598.0,1,21262.0,1,23884.0,1,13405.0,1,21085.0,1,23380.0,1,0.0,1,23302.0,18875.312,19235.371,-6664.0
817,2014-05-26,22792.0,3381.0,1.0,0.0,0,0.0,1.0,0.5085311,-0.86104363,0.5,-0.8660254,2,0,0,1,0.0,1,14598.0,1,22743.0,1,0.0,1,19944.0,1,14221.0,1,25579.0,1,23104.0,11325.1875,14960.845,-14598.0
817,2014-05-27,20992.0,3099.0,1.0,0.0,0,0.0,2.0,0.5085311,-0.86104363,0.5,-0.8660254,2,0,0,1,22792.0,1,0.0,1,21262.0,1,28659.0,1,19386.0,1,0.0,1,14560.0,1,14814.0,15911.912,16701.102,22792.0
817,2014-05-28,21155.0,3121.0,1.0,0.0,0,0.0,3.0,0.5085311,-0.86104363,0.5,-0.8660254,2,0,0,1,20992.0,1,22792.0,1,14598.0,1,23784.0,1,19262.0,1,20935.0,1,0.0,1,0.0,17943.947,17654.635,-1800.0
817,2014-05-29,0.0,0.0,0.0,0.0,1,0.0,4.0,0.5085311,-0.86104363,0.5,-0.8660254,2,0,0,1,21155.0,1,20992.0,1,0.0,1,23884.0,1,13405.0,1,21085.0,1,28628.0,1,21889.0,19228.37,18432.494,163.0
817,2014-05-30,22715.0,3359.0,1.0,0.0,0,1.0,5.0,0.5085311,-0.86104363,0.5,-0.8660254,2,0,0,1,0.0,1,21155.0,1,22792.0,1,22743.0,1,0.0,1,19944.0,1,26093.0,1,21311.0,11537.021,14336.384,-21155.0
817,2014-05-31,15528.0,2328.0,1.0,0.0,0,0.0,6.0,0.5085311,-0.86104363,0.5,-0.8660254,2,0,1,1,22715.0,1,0.0,1,20992.0,1,21262.0,1,28659.0,1,19386.0,1,26373.0,1,21017.0,16008.213,16198.299,22715.0
817,2014-06-01,0.0,0.0,0.0,0.0,0,0.0,7.0,0.5085311,-0.86104363,1.2246469e-16,-1.0,2,1,0,1,15528.0,1,22715.0,1,21155.0,1,14598.0,1,23784.0,1,19262.0,1,24797.0,1,21403.0,15816.128,16049.343,-7187.0
817,2014-06-02,31185.0,3858.0,1.0,1.0,0,0.0,1.0,0.40312344,-0.91514564,1.2246469e-16,-1.0,2,0,0,1,0.0,1,15528.0,1,0.0,1,0.0,1,23884.0,1,13405.0,1,23380.0,1,20461.0,9489.677,12482.822,-15528.0
817,2014-06-03,27734.0,3724.0,1.0,1.0,0,0.0,2.0,0.40312344,-0.91514564,1.2246469e-16,-1.0,2,0,0,1,31185.0,1,0.0,1,22715.0,1,22792.0,1,22743.0,1,0.0,1,14221.0,1,15352.0,18167.807,16638.861,31185.0
817,2014-06-04,26506.0,3635.0,1.0,1.0,0,0.0,3.0,0.40312344,-0.91514564,1.2246469e-16,-1.0,2,0,0,1,27734.0,1,31185.0,1,15528.0,1,20992.0,1,21262.0,1,28659.0,1,0.0,1,0.0,21994.283,19104.447,-3451.0
817,2014-06-05,25018.0,3544.0,1.0,1.0,0,0.0,4.0,0.40312344,-0.91514564,1.2246469e-16,-1.0,2,0,0,1,26506.0,1,27734.0,1,0.0,1,21155.0,1,14598.0,1,23784.0,1,20935.0,1,29215.0,23798.97,20749.238,-1228.0
817,2014-06-06,23547.0,3434.0,1.0,1.0,0,0.0,5.0,0.40312344,-0.91514564,1.2246469e-16,-1.0,2,0,0,1,25018.0,1,26506.0,1,31185.0,1,0.0,1,0.0,1,23884.0,1,21085.0,1,31842.0,24286.582,21697.852,-1488.0
817,2014-06-07,16479.0,2622.0,1.0,0.0,0,0.0,6.0,0.40312344,-0.91514564,1.2246469e-16,-1.0,2,0,0,1,23547.0,1,25018.0,1,27734.0,1,22715.0,1,22792.0,1,22743.0,1,19944.0,1,29944.0,23990.75,22108.773,-1471.0
817,2014-06-08,0.0,0.0,0.0,0.0,0,0.0,7.0,0.40312344,-0.91514564,1.2246469e-16,-1.0,2,0,0,1,16479.0,1,23547.0,1,26506.0,1,15528.0,1,20992.0,1,21262.0,1,19386.0,1,28562.0,20986.049,20857.713,-7068.0
817,2014-06-09,0.0,0.0,0.0,0.0,1,0.0,1.0,0.29205677,-0.956401,1.2246469e-16,-1.0,2,0,0,1,0.0,1,16479.0,1,25018.0,1,0.0,1,21155.0,1,14598.0,1,19262.0,1,0.0,12591.63,16222.665,-16479.0
817,2014-06-10,23985.0,3721.0,1.0,0.0,0,0.0,2.0,0.29205677,-0.956401,1.2246469e-16,-1.0,2,0,0,1,0.0,1,0.0,1,23547.0,1,31185.0,1,0.0,1,0.0,1,13405.0,1,16861.0,7554.978,12617.629,0.0
817,2014-06-11,21743.0,3365.0,1.0,0.0,0,0.0,3.0,0.29205677,-0.956401,1.2246469e-16,-1.0,2,0,0,1,23985.0,1,0.0,1,16479.0,1,27734.0,1,22715.0,1,22792.0,1,0.0,1,0.0,14126.986,15143.711,23985.0
817,2014-06-12,23929.0,3375.0,1.0,0.0,0,0.0,4.0,0.29205677,-0.956401,1.2246469e-16,-1.0,2,0,0,1,21743.0,1,23985.0,1,0.0,1,26506.0,1,15528.0,1,20992.0,1,28659.0,1,0.0,17173.393,16610.22,-2242.0
817,2014-06-13,20119.0,2996.0,1.0,0.0,0,0.0,5.0,0.29205677,-0.956401,1.2246469e-16,-1.0,2,0,0,1,23929.0,1,21743.0,1,0.0,1,25018.0,1,0.0,1,21155.0,1,23784.0,1,22607.0,19875.635,18236.615,2186.0
817,2014-06-14,14158.0,2169.0,1.0,0.0,0,0.0,6.0,0.29205677,-0.956401,1.2246469e-16,-1.0,2,0,0,1,20119.0,1,23929.0,1,23985.0,1,23547.0,1,31185.0,1,0.0,1,23884.0,1,21695.0,19972.98,18654.924,-3810.0
817,2014-06-15,0.0,0.0,0.0,0.0,0,0.0,7.0,0.29205677,-0.956401,1.2246469e-16,-1.0,2,0,0,1,14158.0,1,20119.0,1,21743.0,1,16479.0,1,27734.0,1,22715.0,1,22743.0,1,20390.0,17646.988,17655.607,-5961.0
817,2014-06-16,27538.0,3722.0,1.0,1.0,0,0.0,1.0,0.17689027,-0.9842306,1.2246469e-16,-1.0,2,0,0,1,0.0,1,14158.0,1,23929.0,1,0.0,1,26506.0,1,15528.0,1,21262.0,1,18612.0,10588.193,13732.139,-14158.0
817,2014-06-17,26648.0,3627.0,1.0,1.0,0,0.0,2.0,0.17689027,-0.9842306,1.2246469e-16,-1.0,2,0,0,1,27538.0,1,0.0,1,20119.0,1,0.0,1,25018.0,1,0.0,1,14598.0,1,13705.0,17368.115,16800.107,27538.0
817,2014-06-18,25029.0,3440.0,1.0,1.0,0,0.0,3.0,0.17689027,-0.9842306,1.2246469e-16,-1.0,2,0,0,1,26648.0,1,27538.0,1,14158.0,1,23985.0,1,23547.0,1,31185.0,1,0.0,1,0.0,21080.07,18988.527,-890.0
817,2014-06-19,24291.0,3509.0,1.0,1.0,0,0.0,4.0,0.17689027,-0.9842306,1.2246469e-16,-1.0,2,0,0,1,25029.0,1,26648.0,1,0.0,1,21743.0,1,16479.0,1,27734.0,1,22792.0,1,27558.0,22659.643,20330.855,-1619.0
817,2014-06-20,23895.0,3409.0,1.0,1.0,0,0.0,5.0,0.17689027,-0.9842306,1.2246469e-16,-1.0,2,0,0,1,24291.0,1,25029.0,1,27538.0,1,23929.0,1,0.0,1,26506.0,1,20992.0,1,25249.0,23312.186,21210.887,-738.0
817,2014-06-21,14744.0,2138.0,1.0,0.0,0,0.0,6.0,0.17689027,-0.9842306,1.2246469e-16,-1.0,2,0,0,1,23895.0,1,24291.0,1,26648.0,1,20119.0,1,0.0,1,25018.0,1,21155.0,1,26995.0,23545.31,21807.357,-396.0
817,2014-06-22,0.0,0.0,0.0,0.0,0,0.0,7.0,0.17689027,-0.9842306,1.2246469e-16,-1.0,2,0,0,1,14744.0,1,23895.0,1,25029.0,1,14158.0,1,23985.0,1,23547.0,1,0.0,1,0.0,20024.787,20237.723,-9151.0
817,2014-06-23,22696.0,3383.0,1.0,0.0,0,0.0,1.0,0.059240628,-0.99824375,1.2246469e-16,-1.0,2,0,0,1,0.0,1,14744.0,1,24291.0,1,0.0,1,21743.0,1,16479.0,1,22715.0,1,25579.0,12014.872,15740.45,-14744.0
817,2014-06-24,22633.0,3402.0,1.0,0.0,0,0.0,2.0,0.059240628,-0.99824375,1.2246469e-16,-1.0,2,0,0,1,22696.0,1,0.0,1,23895.0,1,27538.0,1,23929.0,1,0.0,1,15528.0,1,14560.0,16287.323,17286.129,22696.0
817,2014-06-25,20998.0,3149.0,1.0,0.0,0,0.0,3.0,0.059240628,-0.99824375,1.2246469e-16,-1.0,2,0,0,1,22633.0,1,22696.0,1,14744.0,1,26648.0,1,20119.0,1,0.0,1,0.0,1,0.0,18825.594,18474.322,-63.0
817,2014-06-26,19756.0,3061.0,1.0,0.0,0,0.0,4.0,0.059240628,-0.99824375,1.2246469e-16,-1.0,2,0,0,1,20998.0,1,22633.0,1,0.0,1,25029.0,1,14158.0,1,23985.0,1,31185.0,1,28628.0,19694.557,19035.139,-1635.0
817,2014-06-27,20157.0,3170.0,1.0,0.0,0,0.0,5.0,0.059240628,-0.99824375,1.2246469e-16,-1.0,2,0,0,1,19756.0,1,20998.0,1,22696.0,1,24291.0,1,0.0,1,21743.0,1,27734.0,1,26093.0,19719.135,19195.33,-1242.0
817,2014-06-28,15333.0,2274.0,1.0,0.0,0,0.0,6.0,0.059240628,-0.99824375,1.2246469e-16,-1.0,2,0,0,1,20157.0,1,19756.0,1,22633.0,1,23895.0,1,27538.0,1,23929.0,1,26506.0,1,26373.0,19894.281,19409.035,401.0
817,2014-06-29,0.0,0.0,0.0,0.0,0,0.0,7.0,0.059240628,-0.99824375,1.2246469e-16,-1.0,2,0,0,1,15333.0,1,20157.0,1,20998.0,1,14744.0,1,26648.0,1,20119.0,1,25018.0,1,24797.0,18069.768,18503.25,-4824.0
817,2014-06-30,29378.0,3752.0,1.0,1.0,0,0.0,1.0,-0.059240628,-0.99824375,1.2246469e-16,-1.0,2,0,1,1,0.0,1,15333.0,1,19756.0,1,0.0,1,25029.0,1,14158.0,1,23547.0,1,23380.0,10841.861,14391.416,-15333.0
817,2014-07-01,26850.0,3657.0,1.0,1.0,0,0.0,2.0,-0.059240628,-0.99824375,-0.5,-0.8660254,3,1,0,1,29378.0,1,0.0,1,20157.0,1,22696.0,1,24291.0,1,0.0,1,16479.0,1,14221.0,18256.316,17721.768,29378.0
817,2014-07-02,28002.0,3672.0,1.0,1.0,0,0.0,3.0,-0.059240628,-0.99824375,-0.5,-0.8660254,3,0,0,1,26850.0,1,29378.0,1,15333.0,1,22633.0,1,23895.0,1,27538.0,1,0.0,1,0.0,21693.79,19750.264,-2528.0
817,2014-07-03,24525.0,3515.0,1.0,1.0,0,0.0,4.0,-0.059240628,-0.99824375,-0.5,-0.8660254,3,0,0,1,28002.0,1,26850.0,1,0.0,1,20998.0,1,14744.0,1,26648.0,1,0.0,1,20935.0,24217.074,21583.982,1152.0
817,2014-07-04,21485.0,3283.0,1.0,1.0,0,0.0,5.0,-0.059240628,-0.99824375,-0.5,-0.8660254,3,0,0,1,24525.0,1,28002.0,1,29378.0,1,19756.0,1,0.0,1,25029.0,1,23985.0,1,21085.0,24340.244,22237.543,-3477.0
817,2014-07-05,14831.0,2306.0,1.0,0.0,0,0.0,6.0,-0.059240628,-0.99824375,-0.5,-0.8660254,3,0,0,1,21485.0,1,24525.0,1,26850.0,1,20157.0,1,22696.0,1,24291.0,1,21743.0,1,19944.0,23198.146,22070.31,-3040.0
817,2014-07-06,0.0,0.0,0.0,0.0,0,0.0,7.0,-0.059240628,-0.99824375,-0.5,-0.8660254,3,0,0,1,14831.0,1,21485.0,1,28002.0,1,15333.0,1,22633.0,1,23895.0,1,23929.0,1,19386.0,19851.287,20461.574,-6654.0
817,2014-07-07,23187.0,3612.0,1.0,0.0,0,0.0,1.0,-0.17689027,-0.9842306,-0.5,-0.8660254,3,0,0,1,0.0,1,14831.0,1,24525.0,1,0.0,1,20998.0,1,14744.0,1,20119.0,1,19262.0,11910.772,15914.559,-14831.0
817,2014-07-08,20430.0,3218.0,1.0,0.0,0,0.0,2.0,-0.17689027,-0.9842306,-0.5,-0.8660254,3,0,0,1,23187.0,1,0.0,1,21485.0,1,29378.0,1,19756.0,1,0.0,1,14158.0,1,13405.0,16421.264,17530.656,23187.0
817,2014-07-09,21512.0,3325.0,1.0,0.0,0,1.0,3.0,-0.17689027,-0.9842306,-0.5,-0.8660254,3,0,0,1,20430.0,1,23187.0,1,14831.0,1,26850.0,1,20157.0,1,22696.0,1,0.0,1,0.0,18024.758,18174.955,-2757.0
817,2014-07-10,22017.0,3456.0,1.0,0.0,0,1.0,4.0,-0.17689027,-0.9842306,-0.5,-0.8660254,3,0,0,1,21512.0,1,20430.0,1,0.0,1,28002.0,1,15333.0,1,22633.0,1,27538.0,1,28659.0,19419.654,18916.521,1082.0
817,2014-07-11,21030.0,3175.0,1.0,0.0,0,1.0,5.0,-0.17689027,-0.9842306,-0.5,-0.8660254,3,0,0,1,22017.0,1,21512.0,1,23187.0,1,24525.0,1,0.0,1,20998.0,1,26648.0,1,23784.0,20458.594,19605.516,505.0
817,2014-07-12,15563.0,2210.0,1.0,0.0,0,0.0,6.0,-0.17689027,-0.9842306,-0.5,-0.8660254,3,0,0,1,21030.0,1,22017.0,1,20430.0,1,21485.0,1,29378.0,1,19756.0,1,25029.0,1,23884.0,20687.156,19922.068,-987.0
817,2014-07-13,0.0,0.0,0.0,0.0,0,0.0,7.0,-0.17689027,-0.9842306,-0.5,-0.8660254,3,0,0,1,15563.0,1,21030.0,1,21512.0,1,14831.0,1,26850.0,1,20157.0,1,24291.0,1,22743.0,18637.494,18953.387,-5467.0
817,2014-07-14,23941.0,3423.0,1.0,1.0,0,1.0,1.0,-0.29205677,-0.956401,-0.5,-0.8660254,3,0,0,1,0.0,1,15563.0,1,22017.0,1,0.0,1,28002.0,1,15333.0,1,23895.0,1,21262.0,11182.496,14741.522,-15563.0
817,2014-07-15,23855.0,3964.0,1.0,1.0,0,1.0,2.0,-0.29205677,-0.956401,-0.5,-0.8660254,3,0,0,1,23941.0,1,0.0,1,21030.0,1,23187.0,1,24525.0,1,0.0,1,14744.0,1,14598.0,16285.897,16785.852,23941.0
817,2014-07-16,24971.0,3540.0,1.0,1.0,0,1.0,3.0,-0.29205677,-0.956401,-0.5,-0.8660254,3,0,0,1,23855.0,1,23941.0,1,15563.0,1,20430.0,1,21485.0,1,29378.0,1,0.0,1,0.0,19313.54,18356.773,-86.0
817,2014-07-17,23473.0,3456.0,1.0,1.0,0,1.0,4.0,-0.29205677,-0.956401,-0.5,-0.8660254,3,0,0,1,24971.0,1,23855.0,1,0.0,1,21512.0,1,14831.0,1,26850.0,1,22696.0,1,22792.0,21576.523,19826.602,1116.0
817,2014-07-18,21686.0,3182.0,1.0,1.0,0,1.0,5.0,-0.29205677,-0.956401,-0.5,-0.8660254,3,0,0,1,23473.0,1,24971.0,1,23941.0,1,22017.0,1,0.0,1,28002.0,1,22633.0,1,20992.0,22335.113,20636.912,-1498.0
817,2014-07-19,12756.0,2203.0,1.0,0.0,0,0.0,6.0,-0.29205677,-0.956401,-0.5,-0.8660254,3,0,0,1,21686.0,1,23473.0,1,23855.0,1,21030.0,1,23187.0,1,24525.0,1,20998.0,1,21155.0,22075.469,20870.043,-1787.0
817,2014-07-20,0.0,0.0,0.0,0.0,0,0.0,7.0,-0.29205677,-0.956401,-0.5,-0.8660254,3,0,0,1,12756.0,1,21686.0,1,24971.0,1,15563.0,1,20430.0,1,21485.0,1,19756.0,1,0.0,18347.682,19066.922,-8930.0
817,2014-07-21,19986.0,3143.0,1.0,0.0,0,1.0,1.0,-0.40312344,-0.91514564,-0.5,-0.8660254,3,0,0,1,0.0,1,12756.0,1,23473.0,1,0.0,1,21512.0,1,14831.0,1,20157.0,1,22715.0,11008.608,14829.828,-12756.0
817,2014-07-22,19750.0,3193.0,1.0,0.0,0,1.0,2.0,-0.40312344,-0.91514564,-0.5,-0.8660254,3,0,0,1,19986.0,1,0.0,1,21686.0,1,23941.0,1,22017.0,1,0.0,1,15333.0,1,15528.0,14599.565,15975.645,19986.0
817,2014-07-23,18791.0,3043.0,1.0,0.0,0,1.0,3.0,-0.40312344,-0.91514564,-0.5,-0.8660254,3,0,0,1,19750.0,1,19986.0,1,12756.0,1,23855.0,1,21030.0,1,23187.0,1,0.0,1,0.0,16659.738,16814.39,-236.0
817,2014-07-24,18185.0,2679.0,1.0,0.0,0,1.0,4.0,-0.40312344,-0.91514564,-0.5,-0.8660254,3,0,0,1,18791.0,1,19750.0,1,0.0,1,24971.0,1,15563.0,1,20430.0,1,29378.0,1,31185.0,17512.244,17253.637,-959.0
817,2014-07-25,17778.0,2618.0,1.0,0.0,0,1.0,5.0,-0.40312344,-0.91514564,-0.5,-0.8660254,3,0,0,1,18185.0,1,18791.0,1,19986.0,1,23473.0,1,0.0,1,21512.0,1,26850.0,1,27734.0,17781.346,17460.605,-606.0
817,2014-07-26,13336.0,2151.0,1.0,0.0,0,0.0,6.0,-0.40312344,-0.91514564,-0.5,-0.8660254,3,0,0,1,17778.0,1,18185.0,1,19750.0,1,21686.0,1,23941.0,1,22017.0,1,28002.0,1,26506.0,17780.008,17531.139,-407.0
817,2014-07-27,0.0,0.0,0.0,0.0,0,0.0,7.0,-0.40312344,-0.91514564,-0.5,-0.8660254,3,0,0,1,13336.0,1,17778.0,1,18791.0,1,12756.0,1,23855.0,1,21030.0,1,24525.0,1,25018.0,16002.404,16598.885,-4442.0
817,2014-07-28,26056.0,3417.0,1.0,1.0,0,1.0,1.0,-0.5085311,-0.86104363,-0.5,-0.8660254,3,0,0,1,0.0,1,13336.0,1,18185.0,1,0.0,1,24971.0,1,15563.0,1,21485.0,1,23547.0,9601.442,12910.244,-13336.0
817,2014-07-29,22881.0,3213.0,1.0,1.0,0,1.0,2.0,-0.5085311,-0.86104363,-0.5,-0.8660254,3,0,0,1,26056.0,1,0.0,1,17778.0,1,19986.0,1,23473.0,1,0.0,1,14831.0,1,16479.0,16183.266,15831.523,26056.0
817,2014-07-30,22648.0,3134.0,1.0,1.0,0,1.0,3.0,-0.5085311,-0.86104363,-0.5,-0.8660254,3,0,0,1,22881.0,1,26056.0,1,13336.0,1,19750.0,1,21686.0,1,23941.0,1,0.0,1,0.0,18862.36,17398.074,-3175.0
817,2014-07-31,22816.0,3189.0,1.0,1.0,0,1.0,4.0,-0.5085311,-0.86104363,-0.5,-0.8660254,3,0,1,1,22648.0,1,22881.0,1,0.0,1,18791.0,1,12756.0,1,23855.0,1,23187.0,1,0.0,20376.615,18564.725,-233.0
817,2014-08-01,20597.0,2962.0,1.0,1.0,0,1.0,5.0,-0.5085311,-0.86104363,-0.8660254,-0.5,3,1,0,1,22816.0,1,22648.0,1,26056.0,1,18185.0,1,0.0,1,24971.0,1,20430.0,1,23985.0,21352.37,19509.451,168.0
817,2014-08-02,14220.0,2249.0,1.0,0.0,0,0.0,6.0,-0.5085311,-0.86104363,-0.8660254,-0.5,3,0,0,1,20597.0,1,22816.0,1,22881.0,1,17778.0,1,19986.0,1,23473.0,1,21512.0,1,21743.0,21050.22,19751.129,-2219.0
817,2014-08-03,0.0,0.0,0.0,0.0,0,0.0,7.0,-0.5085311,-0.86104363,-0.8660254,-0.5,3,0,0,1,14220.0,1,20597.0,1,22648.0,1,13336.0,1,19750.0,1,21686.0,1,22017.0,1,23929.0,18318.133,18521.99,-6377.0
817,2014-08-04,24243.0,3259.0,1.0,1.0,0,1.0,1.0,-0.60680014,-0.79485446,-0.8660254,-0.5,3,0,0,1,0.0,1,14220.0,1,22816.0,1,0.0,1,18791.0,1,12756.0,1,21030.0,1,20119.0,10990.88,14405.992,-14220.0
817,2014-08-05,22498.0,3184.0,1.0,1.0,0,1.0,2.0,-0.60680014,-0.79485446,-0.8660254,-0.5,3,0,0,1,24243.0,1,0.0,1,20597.0,1,26056.0,1,18185.0,1,0.0,1,15563.0,1,14158.0,16291.728,16591.994,24243.0
817,2014-08-06,21409.0,3232.0,1.0,1.0,0,1.0,3.0,-0.60680014,-0.79485446,-0.8660254,-0.5,3,0,0,1,22498.0,1,24243.0,1,14220.0,1,22881.0,1,17778.0,1,19986.0,1,0.0,1,0.0,18774.236,17904.44,-1745.0
817,2014-08-07,20471.0,3049.0,1.0,1.0,0,1.0,4.0,-0.60680014,-0.79485446,-0.8660254,-0.5,3,0,0,1,21409.0,1,22498.0,1,0.0,1,22648.0,1,13336.0,1,19750.0,1,23941.0,1,27538.0,19828.143,18683.23,-1089.0
817,2014-08-08,19131.0,2925.0,1.0,1.0,0,1.0,5.0,-0.60680014,-0.79485446,-0.8660254,-0.5,3,0,0,1,20471.0,1,21409.0,1,24243.0,1,22816.0,1,0.0,1,18791.0,1,23855.0,1,26648.0,20085.285,19080.514,-938.0
817,2014-08-09,13726.0,2224.0,1.0,0.0,0,0.0,6.0,-0.60680014,-0.79485446,-0.8660254,-0.5,3,0,0,1,19131.0,1,20471.0,1,22498.0,1,20597.0,1,26056.0,1,18185.0,1,24971.0,1,25029.0,19703.57,19091.732,-1340.0
817,2014-08-10,0.0,0.0,0.0,0.0,0,0.0,7.0,-0.60680014,-0.79485446,-0.8660254,-0.5,3,0,0,1,13726.0,1,19131.0,1,21409.0,1,14220.0,1,22881.0,1,17778.0,1,23473.0,1,24291.0,17312.543,17899.348,-5405.0
817,2014-08-11,20486.0,3138.0,1.0,0.0,0,1.0,1.0,-0.696551,-0.71750724,-0.8660254,-0.5,3,0,0,1,0.0,1,13726.0,1,20471.0,1,0.0,1,22648.0,1,13336.0,1,21686.0,1,23895.0,10387.525,13921.715,-13726.0
817,2014-08-12,19419.0,2984.0,1.0,0.0,0,1.0,2.0,-0.696551,-0.71750724,-0.8660254,-0.5,3,0,0,1,20486.0,1,0.0,1,19131.0,1,24243.0,1,22816.0,1,0.0,1,12756.0,1,14744.0,14426.915,15380.444,20486.0
817,2014-08-13,19142.0,2912.0,1.0,0.0,0,1.0,3.0,-0.696551,-0.71750724,-0.8660254,-0.5,3,0,0,1,19419.0,1,20486.0,1,13726.0,1,22498.0,1,20597.0,1,26056.0,1,0.0,1,0.0,16423.75,16277.901,-1067.0
817,2014-08-14,19304.0,2860.0,1.0,0.0,0,1.0,4.0,-0.696551,-0.71750724,-0.8660254,-0.5,3,0,0,1,19142.0,1,19419.0,1,0.0,1,21409.0,1,14220.0,1,22881.0,1,19986.0,1,22696.0,17511.049,16914.367,-277.0
817,2014-08-15,18434.0,2794.0,1.0,0.0,0,1.0,5.0,-0.696551,-0.71750724,-0.8660254,-0.5,3,0,0,1,19304.0,1,19142.0,1,20486.0,1,20471.0,1,0.0,1,22648.0,1,19750.0,1,22633.0,18228.23,17445.396,162.0
817,2014-08-16,13299.0,2067.0,1.0,0.0,0,0.0,6.0,-0.696551,-0.71750724,-0.8660254,-0.5,3,0,0,1,18434.0,1,19304.0,1,19419.0,1,19131.0,1,24243.0,1,22816.0,1,18791.0,1,20998.0,18310.537,17665.086,-870.0
817,2014-08-17,0.0,0.0,0.0,0.0,0,0.0,7.0,-0.696551,-0.71750724,-0.8660254,-0.5,3,0,0,1,13299.0,1,18434.0,1,19142.0,1,13726.0,1,22498.0,1,20597.0,1,18185.0,1,19756.0,16305.923,16694.846,-5135.0
817,2014-08-18,25826.0,3359.0,1.0,1.0,0,1.0,1.0,-0.7765239,-0.63008785,-0.8660254,-0.5,3,0,0,1,0.0,1,13299.0,1,19304.0,1,0.0,1,21409.0,1,14220.0,1,17778.0,1,20157.0,9783.554,12984.88,-13299.0
817,2014-08-19,23675.0,3205.0,1.0,1.0,0,1.0,2.0,-0.7765239,-0.63008785,-0.8660254,-0.5,3,0,0,1,25826.0,1,0.0,1,18434.0,1,20486.0,1,20471.0,1,0.0,1,13336.0,1,15333.0,16200.532,15838.462,25826.0
817,2014-08-20,22668.0,3102.0,1.0,1.0,0,1.0,3.0,-0.7765239,-0.63008785,-0.8660254,-0.5,3,0,0,1,23675.0,1,25826.0,1,13299.0,1,19419.0,1,19131.0,1,24243.0,1,0.0,1,0.0,19190.318,17579.914,-2151.0
817,2014-08-21,20262.0,2969.0,1.0,1.0,0,1.0,4.0,-0.7765239,-0.63008785,-0.8660254,-0.5,3,0,0,1,22668.0,1,23675.0,1,0.0,1,19142.0,1,13726.0,1,22498.0,1,26056.0,1,29378.0,20581.39,18710.6,-1007.0
817,2014-08-22,19461.0,2859.0,1.0,1.0,0,1.0,5.0,-0.7765239,-0.63008785,-0.8660254,-0.5,3,0,0,1,20262.0,1,22668.0,1,25826.0,1,19304.0,1,0.0,1,21409.0,1,22881.0,1,26850.0,20453.635,19055.355,-2406.0
817,2014-08-23,13111.0,2167.0,1.0,0.0,0,0.0,6.0,-0.7765239,-0.63008785,-0.8660254,-0.5,3,0,0,1,19461.0,1,20262.0,1,23675.0,1,18434.0,1,20486.0,1,20471.0,1,22648.0,1,28002.0,20056.58,19145.498,-801.0
817,2014-08-24,0.0,0.0,0.0,0.0,0,0.0,7.0,-0.7765239,-0.63008785,-0.8660254,-0.5,3,0,0,1,13111.0,1,19461.0,1,22668.0,1,13299.0,1,19419.0,1,19131.0,1,22816.0,1,24525.0,17278.348,17804.5,-6350.0
817,2014-08-25,21612.0,3177.0,1.0,0.0,0,0.0,1.0,-0.845596,-0.5338234,-0.8660254,-0.5,3,0,0,1,0.0,1,13111.0,1,20262.0,1,0.0,1,19142.0,1,13726.0,1,20597.0,1,21485.0,10367.009,13847.943,-13111.0
817,2014-08-26,20619.0,3066.0,1.0,0.0,0,0.0,2.0,-0.845596,-0.5338234,-0.8660254,-0.5,3,0,0,1,21612.0,1,0.0,1,19461.0,1,25826.0,1,19304.0,1,0.0,1,14220.0,1,14831.0,14865.006,15573.29,21612.0
817,2014-08-27,18389.0,2911.0,1.0,0.0,0,0.0,3.0,-0.845596,-0.5338234,-0.8660254,-0.5,3,0,0,1,20619.0,1,21612.0,1,13111.0,1,23675.0,1,18434.0,1,20486.0,1,0.0,1,0.0,17166.604,16694.559,-993.0
817,2014-08-28,18852.0,3011.0,1.0,0.0,0,0.0,4.0,-0.845596,-0.5338234,-0.8660254,-0.5,3,0,0,1,18389.0,1,20619.0,1,0.0,1,22668.0,1,13299.0,1,19419.0,1,24243.0,1,23187.0,17655.562,17071.102,-2230.0
817,2014-08-29,20236.0,3000.0,1.0,0.0,0,0.0,5.0,-0.845596,-0.5338234,-0.8660254,-0.5,3,0,0,1,18852.0,1,18389.0,1,21612.0,1,20262.0,1,0.0,1,19142.0,1,22498.0,1,20430.0,18134.137,17466.857,463.0
817,2014-08-30,14620.0,2217.0,1.0,0.0,0,0.0,6.0,-0.845596,-0.5338234,-0.8660254,-0.5,3,0,0,1,20236.0,1,18852.0,1,20619.0,1,19461.0,1,25826.0,1,19304.0,1,21409.0,1,21512.0,18974.883,18082.223,1384.0
817,2014-08-31,0.0,0.0,0.0,0.0,0,0.0,7.0,-0.845596,-0.5338234,-0.8660254,-0.5,3,0,1,1,14620.0,1,20236.0,1,18389.0,1,13111.0,1,23675.0,1,18434.0,1,20471.0,1,22017.0,17232.93,17312.84,-5616.0
817,2014-09-01,26015.0,3318.0,1.0,1.0,0,0.0,1.0,-0.9027978,-0.4300652,-1.0,-1.8369701e-16,3,1,0,1,0.0,1,14620.0,1,18852.0,1,0.0,1,22668.0,1,13299.0,1,19131.0,1,21030.0,10339.758,13465.542,-14620.0
817,2014-09-02,25228.0,3327.0,1.0,1.0,0,0.0,2.0,-0.9027978,-0.4300652,-1.0,-1.8369701e-16,3,0,0,1,26015.0,1,0.0,1,20236.0,1,21612.0,1,20262.0,1,0.0,1,13726.0,1,15563.0,16609.855,16254.311,26015.0
817,2014-09-03,22965.0,3121.0,1.0,1.0,0,0.0,3.0,-0.9027978,-0.4300652,-1.0,-1.8369701e-16,3,0,0,1,25228.0,1,26015.0,1,14620.0,1,20619.0,1,19461.0,1,25826.0,1,0.0,1,0.0,20057.113,18248.463,-787.0
817,2014-09-04,23351.0,3244.0,1.0,1.0,0,0.0,4.0,-0.9027978,-0.4300652,-1.0,-1.8369701e-16,3,0,0,1,22965.0,1,25228.0,1,0.0,1,18389.0,1,13111.0,1,23675.0,1,20486.0,1,23941.0,21220.268,19296.582,-2263.0
817,2014-09-05,21395.0,2994.0,1.0,1.0,0,0.0,5.0,-0.9027978,-0.4300652,-1.0,-1.8369701e-16,3,0,0,1,23351.0,1,22965.0,1,26015.0,1,18852.0,1,0.0,1,22668.0,1,19419.0,1,23855.0,22072.56,20197.564,386.0
817,2014-09-06,13357.0,2038.0,1.0,0.0,0,0.0,6.0,-0.9027978,-0.4300652,-1.0,-1.8369701e-16,3,0,0,1,21395.0,1,23351.0,1,25228.0,1,20236.0,1,21612.0,1,20262.0,1,19142.0,1,24971.0,21801.537,20463.66,-1956.0
817,2014-09-07,0.0,0.0,0.0,0.0,0,0.0,7.0,-0.9027978,-0.4300652,-1.0,-1.8369701e-16,3,0,0,1,13357.0,1,21395.0,1,22965.0,1,14620.0,1,20619.0,1,19461.0,1,19304.0,1,23473.0,18423.723,18884.402,-8038.0
817,2014-09-08,20656.0,3047.0,1.0,0.0,0,0.0,1.0,-0.94732636,-0.32026985,-1.0,-1.8369701e-16,3,0,0,1,0.0,1,13357.0,1,23351.0,1,0.0,1,18389.0,1,13111.0,1,18434.0,1,21686.0,11054.233,14687.869,-13357.0
817,2014-09-09,20284.0,2992.0,1.0,0.0,0,0.0,2.0,-0.94732636,-0.32026985,-1.0,-1.8369701e-16,3,0,0,1,20656.0,1,0.0,1,21395.0,1,26015.0,1,18852.0,1,0.0,1,13299.0,1,12756.0,14894.939,16014.12,20656.0
817,2014-09-10,18587.0,2896.0,1.0,0.0,0,0.0,3.0,-0.94732636,-0.32026985,-1.0,-1.8369701e-16,3,0,0,1,20284.0,1,20656.0,1,13357.0,1,25228.0,1,20236.0,1,21612.0,1,0.0,1,0.0,17050.564,16962.982,-372.0
817,2014-09-11,19077.0,2830.0,1.0,0.0,0,0.0,4.0,-0.94732636,-0.32026985,-1.0,-1.8369701e-16,3,0,0,1,18587.0,1,20284.0,1,0.0,1,22965.0,1,14620.0,1,20619.0,1,25826.0,1,19986.0,17665.139,17323.875,-1697.0
817,2014-09-12,18707.0,2694.0,1.0,0.0,0,0.0,5.0,-0.94732636,-0.32026985,-1.0,-1.8369701e-16,3,0,0,1,19077.0,1,18587.0,1,20656.0,1,23351.0,1,0.0,1,18389.0,1,23675.0,1,19750.0,18229.883,17713.459,490.0
817,2014-09-13,14235.0,2109.0,1.0,0.0,0,0.0,6.0,-0.94732636,-0.32026985,-1.0,-1.8369701e-16,3,0,0,1,18707.0,1,19077.0,1,20284.0,1,21395.0,1,26015.0,1,18852.0,1,22668.0,1,18791.0,18420.73,17934.246,-370.0
817,2014-09-14,0.0,0.0,0.0,0.0,0,0.0,7.0,-0.94732636,-0.32026985,-1.0,-1.8369701e-16,3,0,0,1,14235.0,1,18707.0,1,18587.0,1,13357.0,1,25228.0,1,20236.0,1,20262.0,1,18185.0,16746.438,17112.191,-4472.0
817,2014-09-15,24312.0,3410.0,1.0,1.0,0,0.0,1.0,-0.9785565,-0.20597862,-1.0,-1.8369701e-16,3,0,0,1,0.0,1,14235.0,1,19077.0,1,0.0,1,22965.0,1,14620.0,1,19461.0,1,17778.0,10047.862,13309.481,-14235.0
817,2014-09-16,22275.0,3187.0,1.0,1.0,0,0.0,2.0,-0.9785565,-0.20597862,-1.0,-1.8369701e-16,3,0,0,1,24312.0,1,0.0,1,18707.0,1,20656.0,1,23351.0,1,0.0,1,13111.0,1,13336.0,15753.518,15754.486,24312.0
817,2014-09-17,21559.0,3135.0,1.0,1.0,0,0.0,3.0,-0.9785565,-0.20597862,-1.0,-1.8369701e-16,3,0,0,1,22275.0,1,24312.0,1,14235.0,1,20284.0,1,21395.0,1,26015.0,1,0.0,1,0.0,18362.111,17203.488,-2037.0
817,2014-09-18,21386.0,3053.0,1.0,1.0,0,0.0,4.0,-0.9785565,-0.20597862,-1.0,-1.8369701e-16,3,0,0,1,21559.0,1,22275.0,1,0.0,1,18587.0,1,13357.0,1,25228.0,1,21612.0,1,26056.0,19640.867,18171.38,-716.0
817,2014-09-19,20232.0,2934.0,1.0,1.0,0,0.0,5.0,-0.9785565,-0.20597862,-1.0,-1.8369701e-16,3,0,0,1,21386.0,1,21559.0,1,24312.0,1,19077.0,1,0.0,1,22965.0,1,20619.0,1,22881.0,20338.92,18885.74,-173.0
817,2014-09-20,13246.0,2016.0,1.0,0.0,0,0.0,6.0,-0.9785565,-0.20597862,-1.0,-1.8369701e-16,3,0,0,1,20232.0,1,21386.0,1,22275.0,1,18707.0,1,20656.0,1,23351.0,1,18389.0,1,22648.0,20296.152,19184.908,-1154.0
817,2014-09-21,0.0,0.0,0.0,0.0,0,0.0,7.0,-0.9785565,-0.20597862,-1.0,-1.8369701e-16,3,0,0,1,13246.0,1,20232.0,1,21559.0,1,14235.0,1,20284.0,1,21395.0,1,18852.0,1,22816.0,17476.092,17865.152,-6986.0
817,2014-09-22,19741.0,2924.0,1.0,0.0,0,0.0,1.0,-0.9960498,-0.08879589,-1.0,-1.8369701e-16,3,0,0,1,0.0,1,13246.0,1,21386.0,1,0.0,1,18587.0,1,13357.0,1,20236.0,1,20597.0,10485.654,13895.118,-13246.0
817,2014-09-23,19233.0,2894.0,1.0,0.0,0,0.0,2.0,-0.9960498,-0.08879589,-1.0,-1.8369701e-16,3,0,0,1,19741.0,1,0.0,1,20232.0,1,24312.0,1,19077.0,1,0.0,1,14620.0,1,14220.0,14187.793,15194.203,19741.0
817,2014-09-24,18836.0,2855.0,1.0,0.0,0,0.0,3.0,-0.9960498,-0.08879589,-1.0,-1.8369701e-16,3,0,0,1,19233.0,1,19741.0,1,13246.0,1,22275.0,1,18707.0,1,20656.0,1,0.0,1,0.0,16205.876,16091.713,-508.0
817,2014-09-25,17667.0,2705.0,1.0,0.0,0,0.0,4.0,-0.9960498,-0.08879589,-1.0,-1.8369701e-16,3,0,0,1,18836.0,1,19233.0,1,0.0,1,21559.0,1,14235.0,1,20284.0,1,26015.0,1,24243.0,17257.926,16701.555,-397.0
817,2014-09-26,17677.0,2628.0,1.0,0.0,0,0.0,5.0,-0.9960498,-0.08879589,-1.0,-1.8369701e-16,3,0,0,1,17667.0,1,18836.0,1,19741.0,1,21386.0,1,0.0,1,18587.0,1,25228.0,1,22498.0,17421.555,16916.098,-1169.0
817,2014-09-27,16081.0,2319.0,1.0,0.0,0,0.0,6.0,-0.9960498,-0.08879589,-1.0,-1.8369701e-16,3,0,0,1,17677.0,1,17667.0,1,19233.0,1,20232.0,1,24312.0,1,19077.0,1,22965.0,1,21409.0,17523.732,17085.188,10.0
817,2014-09-28,0.0,0.0,0.0,0.0,0,0.0,7.0,-0.9960498,-0.08879589,-1.0,-1.8369701e-16,3,0,0,1,16081.0,1,17677.0,1,18836.0,1,13246.0,1,22275.0,1,18707.0,1,23351.0,1,20471.0,16946.64,16862.035,-1596.0
817,2014-09-29,24719.0,3261.0,1.0,1.0,0,0.0,1.0,-0.99956083,0.029633328,-1.0,-1.8369701e-16,3,0,0,1,0.0,1,16081.0,1,17667.0,1,0.0,1,21559.0,1,14235.0,1,21395.0,1,19131.0,10167.984,13114.916,-16081.0
817,2014-09-30,24663.0,3234.0,1.0,1.0,0,0.0,2.0,-0.99956083,0.029633328,-1.0,-1.8369701e-16,3,0,1,1,24719.0,1,0.0,1,17677.0,1,19741.0,1,21386.0,1,0.0,1,13357.0,1,13726.0,15988.391,15693.602,24719.0
817,2014-10-01,23659.0,3159.0,1.0,1.0,0,0.0,3.0,-0.99956083,0.029633328,-0.8660254,0.5,4,1,0,1,24663.0,1,24719.0,1,16081.0,1,19233.0,1,20232.0,1,24312.0,1,0.0,1,0.0,19458.234,17686.8,-56.0
817,2014-10-02,23266.0,3126.0,1.0,1.0,0,0.0,4.0,-0.99956083,0.029633328,-0.8660254,0.5,4,0,0,1,23659.0,1,24663.0,1,0.0,1,18836.0,1,13246.0,1,22275.0,1,20656.0,1,20486.0,21138.541,19013.957,-1004.0
817,2014-10-03,0.0,0.0,0.0,1.0,1,0.0,5.0,-0.99956083,0.029633328,-0.8660254,0.5,4,0,0,1,23266.0,1,23659.0,1,24719.0,1,17667.0,1,0.0,1,21559.0,1,20284.0,1,19419.0,21989.523,19958.855,-393.0
817,2014-10-04,16269.0,2458.0,1.0,0.0,0,0.0,6.0,-0.99956083,0.029633328,-0.8660254,0.5,4,0,0,1,0.0,1,23266.0,1,24663.0,1,17677.0,1,19741.0,1,21386.0,1,18587.0,1,19142.0,13193.715,15523.554,-23266.0
817,2014-10-05,0.0,0.0,0.0,0.0,0,0.0,7.0,-0.99956083,0.029633328,-0.8660254,0.5,4,0,0,1,16269.0,1,0.0,1,23659.0,1,16081.0,1,19233.0,1,20232.0,1,19077.0,1,19304.0,14423.829,15689.209,16269.0
817,2014-10-06,23936.0,3253.0,1.0,1.0,0,0.0,1.0,-0.9890402,0.14764656,-0.8660254,0.5,4,0,0,1,0.0,1,16269.0,1,23266.0,1,0.0,1,18836.0,1,13246.0,1,18707.0,1,18434.0,8654.297,12202.718,-16269.0
817,2014-10-07,24070.0,3328.0,1.0,1.0,0,0.0,2.0,-0.9890402,0.14764656,-0.8660254,0.5,4,0,0,1,23936.0,1,0.0,1,0.0,1,24719.0,1,17667.0,1,0.0,1,14235.0,1,13299.0,14766.979,14810.114,23936.0
817,2014-10-08,22940.0,3136.0,1.0,1.0,0,0.0,3.0,-0.9890402,0.14764656,-0.8660254,0.5,4,0,0,1,24070.0,1,23936.0,1,16269.0,1,24663.0,1,17677.0,1,19741.0,1,0.0,1,0.0,18488.188,16867.867,134.0
817,2014-10-09,22773.0,3121.0,1.0,1.0,0,0.0,4.0,-0.9890402,0.14764656,-0.8660254,0.5,4,0,0,1,22940.0,1,24070.0,1,0.0,1,23659.0,1,16081.0,1,19233.0,1,24312.0,1,25826.0,20268.912,18217.229,-1130.0
817,2014-10-10,21864.0,3089.0,1.0,1.0,0,0.0,5.0,-0.9890402,0.14764656,-0.8660254,0.5,4,0,0,1,22773.0,1,22940.0,1,23936.0,1,23266.0,1,0.0,1,18836.0,1,22275.0,1,23675.0,21270.547,19229.623,-167.0
817,2014-10-11,15195.0,2153.0,1.0,0.0,0,0.0,6.0,-0.9890402,0.14764656,-0.8660254,0.5,4,0,0,1,21864.0,1,22773.0,1,24070.0,1,0.0,1,24719.0,1,17667.0,1,21559.0,1,22668.0,21507.928,19815.04,-909.0
817,2014-10-12,0.0,0.0,0.0,0.0,0,0.0,7.0,-0.9890402,0.14764656,-0.8660254,0.5,4,0,0,1,15195.0,1,21864.0,1,22940.0,1,16269.0,1,24663.0,1,17677.0,1,21386.0,1,20262.0,18982.758,18788.365,-6669.0
817,2014-10-13,23570.0,3356.0,1.0,0.0,0,0.0,1.0,-0.9646356,0.26358718,-0.8660254,0.5,4,0,0,1,0.0,1,15195.0,1,22773.0,1,0.0,1,23659.0,1,16081.0,1,20232.0,1,19461.0,11389.654,14613.172,-15195.0
817,2014-10-14,23052.0,3398.0,1.0,0.0,0,0.0,2.0,-0.9646356,0.26358718,-0.8660254,0.5,4,0,0,1,23570.0,1,0.0,1,21864.0,1,23936.0,1,23266.0,1,0.0,1,13246.0,1,13111.0,16261.793,16603.578,23570.0
817,2014-10-15,19318.0,2923.0,1.0,0.0,0,0.0,3.0,-0.9646356,0.26358718,-0.8660254,0.5,4,0,0,1,23052.0,1,23570.0,1,15195.0,1,24070.0,1,0.0,1,24719.0,1,0.0,1,0.0,18977.875,18036.56,-518.0
817,2014-10-16,21429.0,3171.0,1.0,0.0,0,0.0,4.0,-0.9646356,0.26358718,-0.8660254,0.5,4,0,0,1,19318.0,1,23052.0,1,0.0,1,22940.0,1,16269.0,1,24663.0,1,19741.0,1,21612.0,19113.926,18321.326,-3734.0
817,2014-10-17,20446.0,2930.0,1.0,0.0,0,0.0,5.0,-0.9646356,0.26358718,-0.8660254,0.5,4,0,0,1,21429.0,1,19318.0,1,23570.0,1,22773.0,1,0.0,1,23659.0,1,19233.0,1,20619.0,20039.955,19011.92,2111.0
817,2014-10-18,12553.0,1824.0,1.0,0.0,0,0.0,6.0,-0.9646356,0.26358718,-0.8660254,0.5,4,0,0,1,20446.0,1,21429.0,1,23052.0,1,21864.0,1,23936.0,1,23266.0,1,18836.0,1,18389.0,20202.373,19330.604,-983.0
817,2014-10-19,0.0,0.0,0.0,0.0,0,0.0,7.0,-0.9646356,0.26358718,-0.8660254,0.5,4,0,0,1,12553.0,1,20446.0,1,19318.0,1,15195.0,1,24070.0,1,0.0,1,17667.0,1,18852.0,17142.623,17824.47,-7893.0
817,2014-10-20,25650.0,3445.0,1.0,1.0,0,1.0,1.0,-0.9266896,0.37582758,-0.8660254,0.5,4,0,0,1,0.0,1,12553.0,1,21429.0,1,0.0,1,22940.0,1,16269.0,1,17677.0,1,20236.0,10285.574,13863.477,-12553.0
817,2014-10-21,23980.0,3323.0,1.0,1.0,0,1.0,2.0,-0.9266896,0.37582758,-0.8660254,0.5,4,0,0,1,25650.0,1,0.0,1,20446.0,1,23570.0,1,22773.0,1,0.0,1,16081.0,1,14620.0,16431.344,16482.703,25650.0
817,2014-10-22,21740.0,3091.0,1.0,1.0,0,1.0,3.0,-0.9266896,0.37582758,-0.8660254,0.5,4,0,0,1,23980.0,1,25650.0,1,12553.0,1,23052.0,1,21864.0,1,23936.0,1,0.0,1,0.0,19450.807,18148.77,-1670.0
817,2014-10-23,22501.0,3295.0,1.0,1.0,0,1.0,4.0,-0.9266896,0.37582758,-0.8660254,0.5,4,0,0,1,21740.0,1,23980.0,1,0.0,1,19318.0,1,15195.0,1,24070.0,1,24719.0,1,26015.0,20366.484,18946.82,-2240.0
817,2014-10-24,20658.0,2915.0,1.0,1.0,0,1.0,5.0,-0.9266896,0.37582758,-0.8660254,0.5,4,0,0,1,22501.0,1,21740.0,1,25650.0,1,21429.0,1,0.0,1,22940.0,1,24663.0,1,25228.0,21220.291,19736.639,761.0
817,2014-10-25,13860.0,2029.0,1.0,0.0,0,0.0,6.0,-0.9266896,0.37582758,-0.8660254,0.5,4,0,0,1,20658.0,1,22501.0,1,23980.0,1,20446.0,1,23570.0,1,22773.0,1,23659.0,1,22965.0,20995.375,19941.385,-1843.0
817,2014-10-26,0.0,0.0,0.0,0.0,0,0.0,7.0,-0.9266896,0.37582758,-0.8660254,0.5,4,0,0,1,13860.0,1,20658.0,1,21740.0,1,12553.0,1,23052.0,1,21864.0,1,23266.0,1,23351.0,18141.225,18589.967,-6798.0
817,2014-10-27,21645.0,3194.0,1.0,0.0,0,1.0,1.0,-0.8757349,0.4827922,-0.8660254,0.5,4,0,0,1,0.0,1,13860.0,1,22501.0,1,0.0,1,19318.0,1,15195.0,1,0.0,1,21395.0,10884.734,14458.863,-13860.0
817,2014-10-28,20367.0,3069.0,1.0,0.0,0,1.0,2.0,-0.8757349,0.4827922,-0.8660254,0.5,4,0,0,1,21645.0,1,0.0,1,20658.0,1,25650.0,1,21429.0,1,0.0,1,16269.0,1,13357.0,15188.841,16055.782,21645.0
817,2014-10-29,20086.0,3061.0,1.0,0.0,0,1.0,3.0,-0.8757349,0.4827922,-0.8660254,0.5,4,0,0,1,20367.0,1,21645.0,1,13860.0,1,23980.0,1,20446.0,1,23570.0,1,0.0,1,0.0,17260.105,17013.83,-1278.0
817,2014-10-30,19997.0,3036.0,1.0,0.0,0,1.0,4.0,-0.8757349,0.4827922,-0.8660254,0.5,4,0,0,1,20086.0,1,20367.0,1,0.0,1,21740.0,1,12553.0,1,23052.0,1,23936.0,1,20656.0,18390.463,17696.535,-281.0
817,2014-10-31,20416.0,2964.0,1.0,0.0,0,1.0,5.0,-0.8757349,0.4827922,-0.8660254,0.5,4,0,1,1,19997.0,1,20086.0,1,21645.0,1,22501.0,1,0.0,1,19318.0,1,24070.0,1,20284.0,19033.078,18207.75,-89.0
817,2014-11-01,12478.0,1957.0,1.0,0.0,0,0.0,6.0,-0.8757349,0.4827922,-0.5,0.8660254,4,1,0,1,20416.0,1,19997.0,1,20367.0,1,20658.0,1,25650.0,1,21429.0,1,22940.0,1,18587.0,19586.246,18698.473,419.0
817,2014-11-02,0.0,0.0,0.0,0.0,0,0.0,7.0,-0.8757349,0.4827922,-0.5,0.8660254,4,0,0,1,12478.0,1,20416.0,1,20086.0,1,13860.0,1,23980.0,1,20446.0,1,22773.0,1,19077.0,16742.947,17316.145,-7938.0
817,2014-11-03,25829.0,3472.0,1.0,1.0,0,0.0,1.0,-0.8124869,0.5829795,-0.5,0.8660254,4,0,0,1,0.0,1,12478.0,1,19997.0,1,0.0,1,21740.0,1,12553.0,1,21864.0,1,18707.0,10045.769,13468.112,-12478.0
817,2014-11-04,24777.0,3417.0,1.0,1.0,0,0.0,2.0,-0.8124869,0.5829795,-0.5,0.8660254,4,0,0,1,25829.0,1,0.0,1,20416.0,1,21645.0,1,22501.0,1,0.0,1,15195.0,1,14235.0,16359.062,16214.977,25829.0
817,2014-11-05,24580.0,3359.0,1.0,1.0,0,0.0,3.0,-0.8124869,0.5829795,-0.5,0.8660254,4,0,0,1,24777.0,1,25829.0,1,12478.0,1,20367.0,1,20658.0,1,25650.0,1,0.0,1,0.0,19726.236,18117.648,-1052.0
817,2014-11-06,19114.0,2630.0,1.0,1.0,0,0.0,4.0,-0.8124869,0.5829795,-0.5,0.8660254,4,0,0,1,24580.0,1,24777.0,1,0.0,1,20086.0,1,13860.0,1,23980.0,1,23570.0,1,24312.0,21667.742,19553.727,-197.0
817,2014-11-07,19266.0,2643.0,1.0,1.0,0,0.0,5.0,-0.8124869,0.5829795,-0.5,0.8660254,4,0,0,1,19114.0,1,24580.0,1,25829.0,1,19997.0,1,0.0,1,21740.0,1,23052.0,1,22275.0,20646.246,19456.01,-5466.0
817,2014-11-08,14951.0,2233.0,1.0,0.0,0,0.0,6.0,-0.8124869,0.5829795,-0.5,0.8660254,4,0,0,1,19266.0,1,19114.0,1,24777.0,1,20416.0,1,21645.0,1,22501.0,1,19318.0,1,21559.0,20094.146,19413.785,152.0
817,2014-11-09,0.0,0.0,0.0,0.0,0,0.0,7.0,-0.8124869,0.5829795,-0.5,0.8660254,4,0,0,1,14951.0,1,19266.0,1,24580.0,1,12478.0,1,20367.0,1,20658.0,1,21429.0,1,21386.0,18036.889,18422.055,-4315.0
817,2014-11-10,24904.0,3337.0,1.0,1.0,0,0.0,1.0,-0.73783326,0.674983,-0.5,0.8660254,4,0,0,1,0.0,1,14951.0,1,19114.0,1,0.0,1,20086.0,1,13860.0,1,20446.0,1,20232.0,10822.133,14328.265,-14951.0
817,2014-11-11,24478.0,3263.0,1.0,1.0,0,0.0,2.0,-0.73783326,0.674983,-0.5,0.8660254,4,0,0,1,24904.0,1,0.0,1,19266.0,1,25829.0,1,19997.0,1,0.0,1,12553.0,1,13246.0,16454.879,16678.428,24904.0
817,2014-11-12,22975.0,3174.0,1.0,1.0,0,0.0,3.0,-0.73783326,0.674983,-0.5,0.8660254,4,0,0,1,24478.0,1,24904.0,1,14951.0,1,24777.0,1,20416.0,1,21645.0,1,0.0,1,0.0,19664.127,18411.666,-426.0
817,2014-11-13,22366.0,3152.0,1.0,1.0,0,0.0,4.0,-0.73783326,0.674983,-0.5,0.8660254,4,0,0,1,22975.0,1,24478.0,1,0.0,1,24580.0,1,12478.0,1,20367.0,1,25650.0,1,19741.0,20988.477,19425.74,-1503.0
817,2014-11-14,22721.0,3020.0,1.0,1.0,0,0.0,5.0,-0.73783326,0.674983,-0.5,0.8660254,4,0,0,1,22366.0,1,22975.0,1,24904.0,1,19114.0,1,0.0,1,20086.0,1,23980.0,1,19233.0,21539.486,20079.13,-609.0
817,2014-11-15,14471.0,2059.0,1.0,0.0,0,0.0,6.0,-0.73783326,0.674983,-0.5,0.8660254,4,0,0,1,22721.0,1,22366.0,1,24478.0,1,19266.0,1,25829.0,1,19997.0,1,21740.0,1,18836.0,22012.092,20666.213,355.0
817,2014-11-16,0.0,0.0,0.0,0.0,0,0.0,7.0,-0.73783326,0.674983,-0.5,0.8660254,4,0,0,1,14471.0,1,22721.0,1,22975.0,1,14951.0,1,24777.0,1,20416.0,1,22501.0,1,17667.0,18995.654,19289.5,-8250.0
817,2014-11-17,21752.0,3100.0,1.0,0.0,0,0.0,1.0,-0.65282214,0.75751126,-0.5,0.8660254,4,0,0,1,0.0,1,14471.0,1,22366.0,1,0.0,1,24580.0,1,12478.0,1,20658.0,1,17677.0,11397.393,15002.944,-14471.0
817,2014-11-18,21042.0,2954.0,1.0,0.0,0,0.0,2.0,-0.65282214,0.75751126,-0.5,0.8660254,4,0,0,1,21752.0,1,0.0,1,22721.0,1,24904.0,1,19114.0,1,0.0,1,13860.0,1,16081.0,15539.235,16502.734,21752.0
817,2014-11-19,19679.0,2821.0,1.0,0.0,0,0.0,3.0,-0.65282214,0.75751126,-0.5,0.8660254,4,0,0,1,21042.0,1,21752.0,1,14471.0,1,24478.0,1,19266.0,1,25829.0,1,0.0,1,0.0,17740.342,17511.459,-710.0
817,2014-11-20,20875.0,2932.0,1.0,0.0,0,0.0,4.0,-0.65282214,0.75751126,-0.5,0.8660254,4,0,0,1,19679.0,1,21042.0,1,0.0,1,22975.0,1,14951.0,1,24777.0,1,21645.0,1,24719.0,18515.805,17993.135,-1363.0
817,2014-11-21,19448.0,2892.0,1.0,0.0,0,0.0,5.0,-0.65282214,0.75751126,-0.5,0.8660254,4,0,0,1,20875.0,1,19679.0,1,21752.0,1,22366.0,1,0.0,1,24580.0,1,20367.0,1,24663.0,19459.482,18633.55,1196.0
817,2014-11-22,13989.0,2095.0,1.0,0.0,0,0.0,6.0,-0.65282214,0.75751126,-0.5,0.8660254,4,0,0,1,19448.0,1,20875.0,1,21042.0,1,22721.0,1,24904.0,1,19114.0,1,20086.0,1,23659.0,19454.89,18814.54,-1427.0
817,2014-11-23,0.0,0.0,0.0,0.0,0,0.0,7.0,-0.65282214,0.75751126,-0.5,0.8660254,4,0,0,1,13989.0,1,19448.0,1,19679.0,1,14471.0,1,24478.0,1,19266.0,1,19997.0,1,23266.0,17268.533,17742.197,-5459.0
817,2014-11-24,25842.0,3330.0,1.0,1.0,0,0.0,1.0,-0.55864674,0.82940567,-0.5,0.8660254,4,0,0,1,0.0,1,13989.0,1,20875.0,1,0.0,1,22975.0,1,14951.0,1,20416.0,1,0.0,10361.12,13799.486,-13989.0
817,2014-11-25,25953.0,3447.0,1.0,1.0,0,0.0,2.0,-0.55864674,0.82940567,-0.5,0.8660254,4,0,0,1,25842.0,1,0.0,1,19448.0,1,21752.0,1,22366.0,1,0.0,1,12478.0,1,16269.0,16553.473,16475.6,25842.0
817,2014-11-26,25341.0,3293.0,1.0,1.0,0,0.0,3.0,-0.55864674,0.82940567,-0.5,0.8660254,4,0,0,1,25953.0,1,25842.0,1,13989.0,1,21042.0,1,22721.0,1,24904.0,1,0.0,1,0.0,20313.283,18581.69,111.0
817,2014-11-27,26013.0,3311.0,1.0,1.0,0,0.0,4.0,-0.55864674,0.82940567,-0.5,0.8660254,4,0,0,1,25341.0,1,25953.0,1,0.0,1,19679.0,1,14471.0,1,24478.0,1,25829.0,1,23936.0,22324.37,20083.758,-612.0
817,2014-11-28,26943.0,3289.0,1.0,1.0,0,0.0,5.0,-0.55864674,0.82940567,-0.5,0.8660254,4,0,0,1,26013.0,1,25341.0,1,25842.0,1,20875.0,1,0.0,1,22975.0,1,24777.0,1,24070.0,23799.822,21401.367,672.0
817,2014-11-29,17596.0,2383.0,1.0,0.0,0,0.0,6.0,-0.55864674,0.82940567,-0.5,0.8660254,4,0,0,1,26943.0,1,26013.0,1,25953.0,1,19448.0,1,21752.0,1,22366.0,1,24580.0,1,22940.0,25057.094,22632.842,930.0
817,2014-11-30,0.0,0.0,0.0,0.0,0,0.0,7.0,-0.55864674,0.82940567,-0.5,0.8660254,4,0,1,1,17596.0,1,26943.0,1,25341.0,1,13989.0,1,21042.0,1,22721.0,1,19114.0,1,22773.0,22072.656,21513.543,-9347.0
817,2014-12-01,30638.0,3589.0,1.0,1.0,0,0.0,1.0,-0.45662925,0.8896571,-2.4492937e-16,1.0,4,1,0,1,0.0,1,17596.0,1,26013.0,1,0.0,1,19679.0,1,14471.0,1,19266.0,1,21864.0,13243.594,16732.756,-17596.0
817,2014-12-02,30530.0,3580.0,1.0,1.0,0,0.0,2.0,-0.45662925,0.8896571,-2.4492937e-16,1.0,4,0,0,1,30638.0,1,0.0,1,26943.0,1,25842.0,1,20875.0,1,0.0,1,14951.0,1,15195.0,20201.355,19822.81,30638.0
817,2014-12-03,27687.0,3523.0,1.0,1.0,0,0.0,3.0,-0.45662925,0.8896571,-2.4492937e-16,1.0,4,0,0,1,30530.0,1,30638.0,1,17596.0,1,25953.0,1,19448.0,1,21752.0,1,0.0,1,0.0,24332.814,22202.186,-108.0
817,2014-12-04,27174.0,3517.0,1.0,1.0,0,0.0,4.0,-0.45662925,0.8896571,-2.4492937e-16,1.0,4,0,0,1,27687.0,1,30530.0,1,0.0,1,25341.0,1,13989.0,1,21042.0,1,24904.0,1,23570.0,25674.488,23421.033,-2843.0
817,2014-12-05,30569.0,3769.0,1.0,1.0,0,0.0,5.0,-0.45662925,0.8896571,-2.4492937e-16,1.0,4,0,0,1,27174.0,1,27687.0,1,30638.0,1,26013.0,1,0.0,1,19679.0,1,24478.0,1,23052.0,26274.293,24255.025,-513.0
817,2014-12-06,16959.0,2376.0,1.0,0.0,0,0.0,6.0,-0.45662925,0.8896571,-2.4492937e-16,1.0,4,0,0,1,30569.0,1,27174.0,1,30530.0,1,26943.0,1,25842.0,1,20875.0,1,22975.0,1,19318.0,27992.176,25658.13,3395.0
817,2014-12-07,0.0,0.0,0.0,0.0,0,0.0,7.0,-0.45662925,0.8896571,-2.4492937e-16,1.0,4,0,0,1,16959.0,1,30569.0,1,27687.0,1,17596.0,1,25953.0,1,19448.0,1,22366.0,1,21429.0,23578.906,23724.99,-13610.0
817,2014-12-08,24199.0,3401.0,1.0,0.0,0,0.0,1.0,-0.34820163,0.93741965,-2.4492937e-16,1.0,4,0,0,1,0.0,1,16959.0,1,27174.0,1,0.0,1,25341.0,1,13989.0,1,22721.0,1,20446.0,14147.344,18452.771,-16959.0
817,2014-12-09,22830.0,3400.0,1.0,0.0,0,0.0,2.0,-0.34820163,0.93741965,-2.4492937e-16,1.0,4,0,0,1,24199.0,1,0.0,1,30569.0,1,30638.0,1,26013.0,1,0.0,1,14471.0,1,12553.0,18168.006,19729.71,24199.0
817,2014-12-10,20893.0,3071.0,1.0,0.0,0,0.0,3.0,-0.34820163,0.93741965,-2.4492937e-16,1.0,4,0,0,1,22830.0,1,24199.0,1,16959.0,1,30530.0,1,26943.0,1,25842.0,1,0.0,1,0.0,20032.803,20418.664,-1369.0
817,2014-12-11,22119.0,3161.0,1.0,0.0,0,0.0,4.0,-0.34820163,0.93741965,-2.4492937e-16,1.0,4,0,0,1,20893.0,1,22830.0,1,0.0,1,27687.0,1,17596.0,1,25953.0,1,21752.0,1,25650.0,20376.883,20524.072,-1937.0
817,2014-12-12,22474.0,3031.0,1.0,0.0,0,0.0,5.0,-0.34820163,0.93741965,-2.4492937e-16,1.0,4,0,0,1,22119.0,1,20893.0,1,24199.0,1,27174.0,1,0.0,1,25341.0,1,21042.0,1,23980.0,21073.729,20878.5,1226.0
817,2014-12-13,18394.0,2586.0,1.0,0.0,0,0.0,6.0,-0.34820163,0.93741965,-2.4492937e-16,1.0,4,0,0,1,22474.0,1,22119.0,1,22830.0,1,30569.0,1,30638.0,1,26013.0,1,19679.0,1,21740.0,21633.838,21233.057,355.0
817,2014-12-14,0.0,0.0,0.0,0.0,0,0.0,7.0,-0.34820163,0.93741965,-2.4492937e-16,1.0,4,0,0,1,18394.0,1,22474.0,1,20893.0,1,16959.0,1,30530.0,1,26943.0,1,20875.0,1,22501.0,20337.902,20602.154,-4080.0
817,2014-12-15,33684.0,3879.0,1.0,1.0,0,0.0,1.0,-0.23488605,0.9720229,-2.4492937e-16,1.0,4,0,0,1,0.0,1,18394.0,1,22119.0,1,0.0,1,27687.0,1,17596.0,1,19448.0,1,20658.0,12202.741,16023.898,-18394.0
817,2014-12-16,31609.0,3885.0,1.0,1.0,0,0.0,2.0,-0.23488605,0.9720229,-2.4492937e-16,1.0,4,0,0,1,33684.0,1,0.0,1,22474.0,1,24199.0,1,27174.0,1,0.0,1,13989.0,1,13860.0,20795.244,19948.365,33684.0
817,2014-12-17,29816.0,3633.0,1.0,1.0,0,0.0,3.0,-0.23488605,0.9720229,-2.4492937e-16,1.0,4,0,0,1,31609.0,1,33684.0,1,18394.0,1,22830.0,1,30569.0,1,30638.0,1,0.0,1,0.0,25120.746,22539.617,-2075.0
817,2014-12-18,28661.0,3622.0,1.0,1.0,0,0.0,4.0,-0.23488605,0.9720229,-2.4492937e-16,1.0,4,0,0,1,29816.0,1,31609.0,1,0.0,1,20893.0,1,16959.0,1,30530.0,1,25842.0,1,21645.0,26998.848,24156.592,-1793.0
817,2014-12-19,27120.0,3454.0,1.0,1.0,0,0.0,5.0,-0.23488605,0.9720229,-2.4492937e-16,1.0,4,0,0,1,28661.0,1,29816.0,1,33684.0,1,22119.0,1,0.0,1,27687.0,1,25953.0,1,20367.0,27663.709,25157.57,-1155.0
817,2014-12-20,18132.0,2438.0,1.0,0.0,0,0.0,6.0,-0.23488605,0.9720229,-2.4492937e-16,1.0,4,0,0,1,27120.0,1,28661.0,1,31609.0,1,22474.0,1,24199.0,1,27174.0,1,25341.0,1,20086.0,27446.225,25593.666,-1541.0
817,2014-12-21,0.0,0.0,0.0,0.0,0,0.0,7.0,-0.23488605,0.9720229,-2.4492937e-16,1.0,4,0,0,1,18132.0,1,27120.0,1,29816.0,1,18394.0,1,22830.0,1,30569.0,1,26013.0,1,19997.0,23720.535,23935.518,-8988.0
817,2014-12-22,28666.0,3642.0,1.0,0.0,0,1.0,1.0,-0.11827317,0.9929811,-2.4492937e-16,1.0,4,0,0,1,0.0,1,18132.0,1,28661.0,1,0.0,1,20893.0,1,16959.0,1,26943.0,1,20416.0,14232.321,18616.514,-18132.0
817,2014-12-23,26157.0,3240.0,1.0,0.0,0,1.0,2.0,-0.11827317,0.9929811,-2.4492937e-16,1.0,4,0,0,1,28666.0,1,0.0,1,27120.0,1,33684.0,1,22119.0,1,0.0,1,17596.0,1,12478.0,20005.793,20849.732,28666.0
817,2014-12-24,6052.0,738.0,1.0,0.0,0,1.0,3.0,-0.11827317,0.9929811,-2.4492937e-16,1.0,4,0,0,1,26157.0,1,28666.0,1,18132.0,1,31609.0,1,22474.0,1,24199.0,1,0.0,1,0.0,22466.275,22029.125,-2509.0
817,2014-12-25,0.0,0.0,0.0,0.0,3,1.0,4.0,-0.11827317,0.9929811,-2.4492937e-16,1.0,4,0,0,1,6052.0,1,26157.0,1,0.0,1,29816.0,1,18394.0,1,22830.0,1,30638.0,1,25829.0,15900.565,18478.654,-20105.0
817,2014-12-26,0.0,0.0,0.0,0.0,3,1.0,5.0,-0.11827317,0.9929811,-2.4492937e-16,1.0,4,0,0,1,0.0,1,6052.0,1,28666.0,1,28661.0,1,0.0,1,20893.0,1,30530.0,1,24777.0,9540.339,14372.286,-6052.0
817,2014-12-27,14928.0,2029.0,1.0,0.0,0,0.0,6.0,-0.11827317,0.9929811,-2.4492937e-16,1.0,4,0,0,1,0.0,1,0.0,1,26157.0,1,27120.0,1,33684.0,1,22119.0,1,27687.0,1,24580.0,5724.2036,11178.444,0.0
817,2014-12-28,0.0,0.0,0.0,0.0,0,0.0,7.0,-0.11827317,0.9929811,-2.4492937e-16,1.0,4,0,0,1,14928.0,1,0.0,1,6052.0,1,18132.0,1,31609.0,1,22474.0,1,27174.0,1,19114.0,9405.722,12011.679,14928.0
817,2014-12-29,20363.0,2652.0,1.0,0.0,0,1.0,1.0,0.11827317,0.9929811,-2.4492937e-16,1.0,4,0,0,1,0.0,1,14928.0,1,0.0,1,0.0,1,29816.0,1,18394.0,1,30569.0,1,19266.0,5643.433,9342.417,-14928.0
817,2014-12-30,19825.0,2666.0,1.0,0.0,0,1.0,2.0,0.11827317,0.9929811,-2.4492937e-16,1.0,4,0,0,1,20363.0,1,0.0,1,0.0,1,28666.0,1,28661.0,1,0.0,1,16959.0,1,14951.0,11531.26,11791.436,20363.0
817,2014-12-31,6979.0,876.0,1.0,0.0,0,1.0,3.0,0.11827317,0.9929811,-2.4492937e-16,1.0,4,0,1,1,19825.0,1,20363.0,1,14928.0,1,26157.0,1,27120.0,1,33684.0,1,0.0,1,0.0,14848.756,13576.672,-538.0
817,2015-01-01,0.0,0.0,0.0,0.0,1,1.0,4.0,0.11827317,0.9929811,0.5,0.8660254,1,1,0,1,6979.0,1,19825.0,1,0.0,1,6052.0,1,18132.0,1,31609.0,1,24199.0,1,24904.0,11700.854,12110.522,-12846.0
817,2015-01-02,18370.0,2509.0,1.0,0.0,0,1.0,5.0,0.11827317,0.9929811,0.5,0.8660254,1,0,0,1,0.0,1,6979.0,1,20363.0,1,0.0,1,0.0,1,29816.0,1,22830.0,1,24478.0,7020.512,9419.296,-6979.0
817,2015-01-03,14621.0,1978.0,1.0,0.0,0,0.0,6.0,0.11827317,0.9929811,0.5,0.8660254,1,0,0,1,18370.0,1,0.0,1,19825.0,1,0.0,1,28666.0,1,28661.0,1,20893.0,1,22975.0,11560.308,11408.341,18370.0
817,2015-01-04,0.0,0.0,0.0,0.0,0,0.0,7.0,0.11827317,0.9929811,0.5,0.8660254,1,0,0,1,14621.0,1,18370.0,1,6979.0,1,14928.0,1,26157.0,1,27120.0,1,22119.0,1,22366.0,12784.584,12122.266,-3749.0
817,2015-01-05,24867.0,3279.0,1.0,1.0,0,0.0,1.0,0.23488605,0.9720229,0.5,0.8660254,1,0,0,1,0.0,1,14621.0,1,0.0,1,0.0,1,6052.0,1,18132.0,1,22474.0,1,22721.0,7670.7505,9428.429,-14621.0
817,2015-01-06,23307.0,3079.0,1.0,1.0,0,0.0,2.0,0.23488605,0.9720229,0.5,0.8660254,1,0,0,1,24867.0,1,0.0,1,18370.0,1,20363.0,1,0.0,1,0.0,1,18394.0,1,14471.0,14549.25,12859.222,24867.0
817,2015-01-07,20704.0,2886.0,1.0,1.0,0,0.0,3.0,0.23488605,0.9720229,0.5,0.8660254,1,0,0,1,23307.0,1,24867.0,1,14621.0,1,19825.0,1,0.0,1,28666.0,1,0.0,1,0.0,18052.35,15180.95,-1560.0
817,2015-01-08,19052.0,2685.0,1.0,1.0,0,0.0,4.0,0.23488605,0.9720229,0.5,0.8660254,1,0,0,1,20704.0,1,23307.0,1,0.0,1,6979.0,1,14928.0,1,26157.0,1,33684.0,1,21752.0,19113.01,16408.295,-2603.0
817,2015-01-09,18174.0,2597.0,1.0,1.0,0,0.0,5.0,0.23488605,0.9720229,0.5,0.8660254,1,0,0,1,19052.0,1,20704.0,1,24867.0,1,0.0,1,0.0,1,6052.0,1,31609.0,1,21042.0,19088.605,16995.785,-1652.0
817,2015-01-10,10310.0,1681.0,1.0,0.0,0,0.0,6.0,0.23488605,0.9720229,0.5,0.8660254,1,0,0,1,18174.0,1,19052.0,1,23307.0,1,18370.0,1,20363.0,1,0.0,1,29816.0,1,19679.0,18722.764,17257.611,-878.0
817,2015-01-11,0.0,0.0,0.0,0.0,0,0.0,7.0,0.23488605,0.9720229,0.5,0.8660254,1,0,0,1,10310.0,1,18174.0,1,20704.0,1,14621.0,1,19825.0,1,0.0,1,28661.0,1,20875.0,15357.658,15713.697,-7864.0
817,2015-01-12,23898.0,3268.0,1.0,1.0,0,0.0,1.0,0.34820163,0.93741965,0.5,0.8660254,1,0,0,1,0.0,1,10310.0,1,19052.0,1,0.0,1,6979.0,1,14928.0,1,27120.0,1,19448.0,9214.595,12221.765,-10310.0
817,2015-01-13,21924.0,3046.0,1.0,1.0,0,0.0,2.0,0.34820163,0.93741965,0.5,0.8660254,1,0,0,1,23898.0,1,0.0,1,18174.0,1,24867.0,1,0.0,1,0.0,1,18132.0,1,13989.0,15087.957,14816.483,23898.0
817,2015-01-14,21206.0,3043.0,1.0,1.0,0,0.0,3.0,0.34820163,0.93741965,0.5,0.8660254,1,0,0,1,21924.0,1,23898.0,1,10310.0,1,23307.0,1,18370.0,1,20363.0,1,0.0,1,0.0,17822.375,16395.932,-1974.0
817,2015-01-15,20851.0,2903.0,1.0,1.0,0,0.0,4.0,0.34820163,0.93741965,0.5,0.8660254,1,0,0,1,21206.0,1,21924.0,1,0.0,1,20704.0,1,14621.0,1,19825.0,1,28666.0,1,25842.0,19175.824,17464.836,-718.0
817,2015-01-16,20263.0,2799.0,1.0,1.0,0,0.0,5.0,0.34820163,0.93741965,0.5,0.8660254,1,0,0,1,20851.0,1,21206.0,1,23898.0,1,19052.0,1,0.0,1,6979.0,1,26157.0,1,25953.0,19845.895,18217.316,-355.0
817,2015-01-17,13200.0,1897.0,1.0,0.0,0,0.0,6.0,0.34820163,0.93741965,0.5,0.8660254,1,0,0,1,20263.0,1,20851.0,1,21924.0,1,18174.0,1,24867.0,1,0.0,1,6052.0,1,25341.0,20012.736,18671.912,-588.0
817,2015-01-18,0.0,0.0,0.0,0.0,0,0.0,7.0,0.34820163,0.93741965,0.5,0.8660254,1,0,0,1,13200.0,1,20263.0,1,21206.0,1,10310.0,1,23307.0,1,18370.0,1,0.0,1,26013.0,17287.643,17455.932,-7063.0
817,2015-01-19,18913.0,2839.0,1.0,0.0,0,0.0,1.0,0.45662925,0.8896571,0.5,0.8660254,1,0,0,1,0.0,1,13200.0,1,20851.0,1,0.0,1,20704.0,1,14621.0,1,0.0,1,26943.0,10372.585,13576.836,-13200.0
817,2015-01-20,18484.0,2801.0,1.0,0.0,0,0.0,2.0,0.45662925,0.8896571,0.5,0.8660254,1,0,0,1,18913.0,1,0.0,1,20263.0,1,23898.0,1,19052.0,1,0.0,1,14928.0,1,17596.0,13788.751,14762.65,18913.0
817,2015-01-21,16981.0,2667.0,1.0,0.0,0,0.0,3.0,0.45662925,0.8896571,0.5,0.8660254,1,0,0,1,18484.0,1,18913.0,1,13200.0,1,21924.0,1,18174.0,1,24867.0,1,0.0,1,0.0,15666.851,15589.617,-429.0
817,2015-01-22,18117.0,2715.0,1.0,0.0,0,0.0,4.0,0.45662925,0.8896571,0.5,0.8660254,1,0,0,1,16981.0,1,18484.0,1,0.0,1,21206.0,1,10310.0,1,23307.0,1,20363.0,1,30638.0,16192.511,15898.813,-1503.0
817,2015-01-23,17185.0,2452.0,1.0,0.0,0,0.0,5.0,0.45662925,0.8896571,0.5,0.8660254,1,0,0,1,18117.0,1,16981.0,1,18913.0,1,20851.0,1,0.0,1,20704.0,1,19825.0,1,30530.0,16962.307,16391.744,1136.0
817,2015-01-24,11985.0,1743.0,1.0,0.0,0,0.0,6.0,0.45662925,0.8896571,0.5,0.8660254,1,0,0,1,17185.0,1,18117.0,1,18484.0,1,20263.0,1,23898.0,1,19052.0,1,6979.0,1,27687.0,17051.383,16568.023,-932.0
817,2015-01-25,0.0,0.0,0.0,0.0,0,0.0,7.0,0.45662925,0.8896571,0.5,0.8660254,1,0,0,1,11985.0,1,17185.0,1,16981.0,1,13200.0,1,21924.0,1,18174.0,1,0.0,1,27174.0,15024.83,15549.573,-5200.0
817,2015-01-26,21887.0,3038.0,1.0,1.0,0,0.0,1.0,0.55864674,0.82940567,0.5,0.8660254,1,0,0,1,0.0,1,11985.0,1,18117.0,1,0.0,1,21206.0,1,10310.0,1,18370.0,1,30569.0,9014.898,12094.112,-11985.0
817,2015-01-27,22552.0,3011.0,1.0,1.0,0,0.0,2.0,0.55864674,0.82940567,0.5,0.8660254,1,0,0,1,21887.0,1,0.0,1,17185.0,1,18913.0,1,20851.0,1,0.0,1,14621.0,1,16959.0,14163.739,14270.31,21887.0
817,2015-01-28,21931.0,2946.0,1.0,1.0,0,0.0,3.0,0.55864674,0.82940567,0.5,0.8660254,1,0,0,1,22552.0,1,21887.0,1,11985.0,1,18484.0,1,20263.0,1,23898.0,1,0.0,1,0.0,17519.043,16110.686,665.0
817,2015-01-29,22102.0,3038.0,1.0,1.0,0,0.0,4.0,0.55864674,0.82940567,0.5,0.8660254,1,0,0,1,21931.0,1,22552.0,1,0.0,1,16981.0,1,13200.0,1,21924.0,1,24867.0,1,24199.0,19283.826,17404.088,-621.0
817,2015-01-30,20883.0,2887.0,1.0,1.0,0,0.0,5.0,0.55864674,0.82940567,0.5,0.8660254,1,0,0,1,22102.0,1,21931.0,1,21887.0,1,18117.0,1,0.0,1,21206.0,1,23307.0,1,22830.0,20411.096,18448.068,171.0
817,2015-01-31,13026.0,1878.0,1.0,0.0,0,0.0,6.0,0.55864674,0.82940567,0.5,0.8660254,1,0,1,1,20883.0,1,22102.0,1,22552.0,1,17185.0,1,18913.0,1,20851.0,1,20704.0,1,20893.0,20599.857,18989.164,-1219.0
817,2015-02-01,0.0,0.0,0.0,0.0,0,0.0,7.0,0.55864674,0.82940567,0.8660254,0.5,1,1,0,1,13026.0,1,20883.0,1,21931.0,1,11985.0,1,18484.0,1,20263.0,1,19052.0,1,22119.0,17570.314,17664.018,-7857.0
817,2015-02-02,24894.0,3197.0,1.0,1.0,0,1.0,1.0,0.65282214,0.75751126,0.8660254,0.5,1,0,0,1,0.0,1,13026.0,1,22102.0,1,0.0,1,16981.0,1,13200.0,1,18174.0,1,22474.0,10542.188,13738.68,-13026.0
817,2015-02-03,22139.0,2987.0,1.0,1.0,0,1.0,2.0,0.65282214,0.75751126,0.8660254,0.5,1,0,0,1,24894.0,1,0.0,1,20883.0,1,21887.0,1,18117.0,1,0.0,1,10310.0,1,18394.0,16282.913,16217.64,24894.0
817,2015-02-04,20452.0,2927.0,1.0,1.0,0,1.0,3.0,0.65282214,0.75751126,0.8660254,0.5,1,0,0,1,22139.0,1,24894.0,1,13026.0,1,22552.0,1,17185.0,1,18913.0,1,0.0,1,0.0,18625.348,17533.498,-2755.0
817,2015-02-05,20977.0,2948.0,1.0,1.0,0,1.0,4.0,0.65282214,0.75751126,0.8660254,0.5,1,0,0,1,20452.0,1,22139.0,1,0.0,1,21931.0,1,11985.0,1,18484.0,1,23898.0,1,33684.0,19356.008,18182.055,-1687.0
817,2015-02-06,19151.0,2675.0,1.0,1.0,0,1.0,5.0,0.65282214,0.75751126,0.8660254,0.5,1,0,0,1,20977.0,1,20452.0,1,24894.0,1,22102.0,1,0.0,1,16981.0,1,21924.0,1,31609.0,20004.404,18803.152,525.0
817,2015-02-07,12608.0,1801.0,1.0,0.0,0,0.0,6.0,0.65282214,0.75751126,0.8660254,0.5,1,0,0,1,19151.0,1,20977.0,1,22139.0,1,20883.0,1,21887.0,1,18117.0,1,21206.0,1,29816.0,19663.043,18880.453,-1826.0
817,2015-02-08,0.0,0.0,0.0,0.0,0,0.0,7.0,0.65282214,0.75751126,0.8660254,0.5,1,0,0,1,12608.0,1,19151.0,1,20452.0,1,13026.0,1,22552.0,1,17185.0,1,20851.0,1,28661.0,16841.025,17486.574,-6543.0
817,2015-02-09,20634.0,2994.0,1.0,0.0,0,0.0,1.0,0.73783326,0.674983,0.8660254,0.5,1,0,0,1,0.0,1,12608.0,1,20977.0,1,0.0,1,21931.0,1,11985.0,1,20263.0,1,27120.0,10104.615,13600.669,-12608.0
817,2015-02-10,20233.0,2977.0,1.0,0.0,0,0.0,2.0,0.73783326,0.674983,0.8660254,0.5,1,0,0,1,20634.0,1,0.0,1,19151.0,1,24894.0,1,22102.0,1,0.0,1,13200.0,1,18132.0,14316.369,15163.631,20634.0
817,2015-02-11,19231.0,2890.0,1.0,0.0,0,0.0,3.0,0.73783326,0.674983,0.8660254,0.5,1,0,0,1,20233.0,1,20634.0,1,12608.0,1,22139.0,1,20883.0,1,21887.0,1,0.0,1,0.0,16683.021,16290.157,-401.0
817,2015-02-12,19574.0,2951.0,1.0,0.0,0,0.0,4.0,0.73783326,0.674983,0.8660254,0.5,1,0,0,1,19231.0,1,20233.0,1,0.0,1,20452.0,1,13026.0,1,22552.0,1,18913.0,1,28666.0,17702.213,16943.678,-1002.0
817,2015-02-13,18708.0,2738.0,1.0,0.0,0,0.0,5.0,0.73783326,0.674983,0.8660254,0.5,1,0,0,1,19574.0,1,19231.0,1,20634.0,1,20977.0,1,0.0,1,21931.0,1,18484.0,1,26157.0,18450.928,17528.193,343.0
817,2015-02-14,14495.0,2147.0,1.0,0.0,0,0.0,6.0,0.73783326,0.674983,0.8660254,0.5,1,0,0,1,18708.0,1,19574.0,1,20233.0,1,19151.0,1,24894.0,1,22102.0,1,16981.0,1,6052.0,18553.756,17790.373,-866.0
817,2015-02-15,0.0,0.0,0.0,0.0,0,0.0,7.0,0.73783326,0.674983,0.8660254,0.5,1,0,0,1,14495.0,1,18708.0,1,19231.0,1,12608.0,1,22139.0,1,20883.0,1,18117.0,1,0.0,16930.254,17058.068,-4213.0
817,2015-02-16,23566.0,3010.0,1.0,1.0,0,0.0,1.0,0.8124869,0.5829795,0.8660254,0.5,1,0,0,1,0.0,1,14495.0,1,19574.0,1,0.0,1,20452.0,1,13026.0,1,17185.0,1,0.0,10158.152,13267.387,-14495.0
817,2015-02-17,22111.0,2924.0,1.0,1.0,0,0.0,2.0,0.8124869,0.5829795,0.8660254,0.5,1,0,0,1,23566.0,1,0.0,1,18708.0,1,20634.0,1,20977.0,1,0.0,1,11985.0,1,14928.0,15521.291,15555.967,23566.0
817,2015-02-18,19701.0,2794.0,1.0,1.0,0,0.0,3.0,0.8124869,0.5829795,0.8660254,0.5,1,0,0,1,22111.0,1,23566.0,1,14495.0,1,20233.0,1,19151.0,1,24894.0,1,0.0,1,0.0,18157.176,17012.64,-1455.0
817,2015-02-19,20422.0,2856.0,1.0,1.0,0,0.0,4.0,0.8124869,0.5829795,0.8660254,0.5,1,0,0,1,19701.0,1,22111.0,1,0.0,1,19231.0,1,12608.0,1,22139.0,1,21887.0,1,20363.0,18774.705,17610.055,-2410.0
817,2015-02-20,19850.0,2764.0,1.0,1.0,0,0.0,5.0,0.8124869,0.5829795,0.8660254,0.5,1,0,0,1,20422.0,1,19701.0,1,23566.0,1,19574.0,1,0.0,1,20452.0,1,22552.0,1,19825.0,19433.623,18234.932,721.0
817,2015-02-21,12273.0,1807.0,1.0,0.0,0,0.0,6.0,0.8124869,0.5829795,0.8660254,0.5,1,0,0,1,19850.0,1,20422.0,1,22111.0,1,18708.0,1,20634.0,1,20977.0,1,21931.0,1,6979.0,19600.174,18593.836,-572.0
817,2015-02-22,0.0,0.0,0.0,0.0,0,0.0,7.0,0.8124869,0.5829795,0.8660254,0.5,1,0,0,1,12273.0,1,19850.0,1,19701.0,1,14495.0,1,20233.0,1,19151.0,1,22102.0,1,0.0,16669.305,17189.205,-7577.0
817,2015-02-23,17605.0,2649.0,1.0,0.0,0,0.0,1.0,0.8757349,0.4827922,0.8660254,0.5,1,0,0,1,0.0,1,12273.0,1,20422.0,1,0.0,1,19231.0,1,12608.0,1,20883.0,1,18370.0,10001.583,13369.382,-12273.0
817,2015-02-24,18209.0,2710.0,1.0,0.0,0,0.0,2.0,0.8757349,0.4827922,0.8660254,0.5,1,0,0,1,17605.0,1,0.0,1,19850.0,1,23566.0,1,19574.0,1,0.0,1,13026.0,1,14621.0,13042.949,14310.63,17605.0
817,2015-02-25,17369.0,2666.0,1.0,0.0,0,0.0,3.0,0.8757349,0.4827922,0.8660254,0.5,1,0,0,1,18209.0,1,17605.0,1,12273.0,1,22111.0,1,18708.0,1,20634.0,1,0.0,1,0.0,15109.37,15176.935,604.0
817,2015-02-26,17333.0,2624.0,1.0,0.0,0,0.0,4.0,0.8757349,0.4827922,0.8660254,0.5,1,0,0,1,17369.0,1,18209.0,1,0.0,1,19701.0,1,14495.0,1,20233.0,1,24894.0,1,24867.0,16013.222,15664.061,-840.0
817,2015-02-27,18179.0,2637.0,1.0,0.0,0,0.0,5.0,0.8757349,0.4827922,0.8660254,0.5,1,0,0,1,17333.0,1,17369.0,1,17605.0,1,20422.0,1,0.0,1,19231.0,1,22139.0,1,23307.0,16541.133,16034.936,-36.0
817,2015-02-28,13587.0,1869.0,1.0,0.0,0,0.0,6.0,0.8757349,0.4827922,0.8660254,0.5,1,0,1,1,18179.0,1,17333.0,1,18209.0,1,19850.0,1,23566.0,1,19574.0,1,20452.0,1,20704.0,17196.28,16511.395,846.0
817,2015-03-01,0.0,0.0,0.0,0.0,0,0.0,7.0,0.8757349,0.4827922,1.0,6.123234e-17,1,1,0,1,13587.0,1,18179.0,1,17369.0,1,12273.0,1,22111.0,1,18708.0,1,20977.0,1,19052.0,15752.568,15861.529,-4592.0
817,2015-03-02,24530.0,3071.0,1.0,1.0,0,0.0,1.0,0.9266896,0.37582758,1.0,6.123234e-17,1,0,0,1,0.0,1,13587.0,1,17333.0,1,0.0,1,19701.0,1,14495.0,1,19151.0,1,18174.0,9451.541,12336.745,-13587.0
817,2015-03-03,24297.0,3124.0,1.0,1.0,0,0.0,2.0,0.9266896,0.37582758,1.0,6.123234e-17,1,0,0,1,24530.0,1,0.0,1,18179.0,1,17605.0,1,20422.0,1,0.0,1,12608.0,1,10310.0,15482.925,15046.357,24530.0
817,2015-03-04,21293.0,2846.0,1.0,1.0,0,0.0,3.0,0.9266896,0.37582758,1.0,6.123234e-17,1,0,0,1,24297.0,1,24530.0,1,13587.0,1,18209.0,1,19850.0,1,23566.0,1,0.0,1,0.0,19008.555,17102.055,-233.0
817,2015-03-05,21282.0,2861.0,1.0,1.0,0,0.0,4.0,0.9266896,0.37582758,1.0,6.123234e-17,1,0,0,1,21293.0,1,24297.0,1,0.0,1,17369.0,1,12273.0,1,22111.0,1,20634.0,1,23898.0,19922.332,18033.377,-3004.0
817,2015-03-06,20649.0,2732.0,1.0,1.0,0,0.0,5.0,0.9266896,0.37582758,1.0,6.123234e-17,1,0,0,1,21282.0,1,21293.0,1,24530.0,1,17333.0,1,0.0,1,19701.0,1,20233.0,1,21924.0,20466.2,18755.293,-11.0
817,2015-03-07,13079.0,1939.0,1.0,0.0,0,0.0,6.0,0.9266896,0.37582758,1.0,6.123234e-17,1,0,0,1,20649.0,1,21282.0,1,24297.0,1,18179.0,1,17605.0,1,20422.0,1,19231.0,1,21206.0,20539.32,19176.117,-633.0
817,2015-03-08,0.0,0.0,0.0,0.0,0,0.0,7.0,0.9266896,0.37582758,1.0,6.123234e-17,1,0,0,1,13079.0,1,20649.0,1,21293.0,1,13587.0,1,18209.0,1,19850.0,1,19574.0,1,20851.0,17555.191,17821.201,-7570.0
817,2015-03-09,17311.0,2714.0,1.0,0.0,0,0.0,1.0,0.9646356,0.26358718,1.0,6.123234e-17,1,0,0,1,0.0,1,13079.0,1,21282.0,1,0.0,1,17369.0,1,12273.0,1,18708.0,1,20263.0,10533.115,13860.935,-13079.0
817,2015-03-10,18356.0,2661.0,1.0,0.0,0,0.0,2.0,0.9646356,0.26358718,1.0,6.123234e-17,1,0,0,1,17311.0,1,0.0,1,20649.0,1,24530.0,1,17333.0,1,0.0,1,14495.0,1,13200.0,13244.27,14627.616,17311.0
817,2015-03-11,18039.0,2625.0,1.0,0.0,0,0.0,3.0,0.9646356,0.26358718,1.0,6.123234e-17,1,0,0,1,18356.0,1,17311.0,1,13079.0,1,24297.0,1,18179.0,1,17605.0,1,0.0,1,0.0,15288.962,15456.1455,1045.0
817,2015-03-12,18611.0,2667.0,1.0,0.0,0,0.0,4.0,0.9646356,0.26358718,1.0,6.123234e-17,1,0,0,1,18039.0,1,18356.0,1,0.0,1,21293.0,1,13587.0,1,18209.0,1,23566.0,1,18913.0,16388.977,16030.113,-317.0
817,2015-03-13,16904.0,2538.0,1.0,0.0,0,0.0,5.0,0.9646356,0.26358718,1.0,6.123234e-17,1,0,0,1,18611.0,1,18039.0,1,17311.0,1,21282.0,1,0.0,1,17369.0,1,22111.0,1,18484.0,17277.785,16603.645,572.0
817,2015-03-14,13062.0,1794.0,1.0,0.0,0,0.0,6.0,0.9646356,0.26358718,1.0,6.123234e-17,1,0,0,1,16904.0,1,18611.0,1,18356.0,1,20649.0,1,24530.0,1,17333.0,1,19701.0,1,16981.0,17128.271,16670.389,-1707.0
817,2015-03-15,0.0,0.0,0.0,0.0,0,0.0,7.0,0.9646356,0.26358718,1.0,6.123234e-17,1,0,0,1,13062.0,1,16904.0,1,18039.0,1,13079.0,1,24297.0,1,18179.0,1,20422.0,1,18117.0,15501.763,15868.525,-3842.0
817,2015-03-16,23672.0,3138.0,1.0,1.0,0,0.0,1.0,0.9890402,0.14764656,1.0,6.123234e-17,1,0,0,1,0.0,1,13062.0,1,18611.0,1,0.0,1,21293.0,1,13587.0,1,19850.0,1,17185.0,9301.058,12342.187,-13062.0
817,2015-03-17,21524.0,2942.0,1.0,1.0,0,0.0,2.0,0.9890402,0.14764656,1.0,6.123234e-17,1,0,0,1,23672.0,1,0.0,1,16904.0,1,17311.0,1,21282.0,1,0.0,1,12273.0,1,11985.0,15049.435,14859.923,23672.0
817,2015-03-18,20383.0,2920.0,1.0,1.0,0,0.0,3.0,0.9890402,0.14764656,1.0,6.123234e-17,1,0,0,1,21524.0,1,23672.0,1,13062.0,1,18356.0,1,20649.0,1,24530.0,1,0.0,1,0.0,17639.262,16340.829,-2148.0
817,2015-03-19,21487.0,2973.0,1.0,1.0,0,0.0,4.0,0.9890402,0.14764656,1.0,6.123234e-17,1,0,0,1,20383.0,1,21524.0,1,0.0,1,18039.0,1,13079.0,1,24297.0,1,17605.0,1,21887.0,18736.756,17239.09,-1141.0
817,2015-03-20,19842.0,2820.0,1.0,1.0,0,0.0,5.0,0.9890402,0.14764656,1.0,6.123234e-17,1,0,0,1,21487.0,1,20383.0,1,23672.0,1,18611.0,1,0.0,1,21293.0,1,18209.0,1,22552.0,19836.854,18183.068,1104.0
817,2015-03-21,11543.0,1654.0,1.0,0.0,0,0.0,6.0,0.9890402,0.14764656,1.0,6.123234e-17,1,0,0,1,19842.0,1,21487.0,1,21524.0,1,16904.0,1,17311.0,1,21282.0,1,17369.0,1,21931.0,19838.912,18551.72,-1645.0
817,2015-03-22,0.0,0.0,0.0,0.0,0,0.0,7.0,0.9890402,0.14764656,1.0,6.123234e-17,1,0,0,1,11543.0,1,19842.0,1,20383.0,1,13062.0,1,18356.0,1,20649.0,1,17333.0,1,22102.0,16520.547,16994.227,-8299.0
817,2015-03-23,19616.0,2813.0,1.0,0.0,0,0.0,1.0,0.99956083,0.029633328,1.0,6.123234e-17,1,0,0,1,0.0,1,11543.0,1,21487.0,1,0.0,1,18039.0,1,13079.0,1,18179.0,1,20883.0,9912.328,13217.732,-11543.0
817,2015-03-24,18084.0,2719.0,1.0,0.0,0,0.0,2.0,0.99956083,0.029633328,1.0,6.123234e-17,1,0,0,1,19616.0,1,0.0,1,19842.0,1,23672.0,1,18611.0,1,0.0,1,13587.0,1,13026.0,13793.797,14639.569,19616.0
817,2015-03-25,18033.0,2717.0,1.0,0.0,0,0.0,3.0,0.99956083,0.029633328,1.0,6.123234e-17,1,0,0,1,18084.0,1,19616.0,1,11543.0,1,21524.0,1,16904.0,1,17311.0,1,0.0,1,0.0,15509.878,15404.998,-1532.0
817,2015-03-26,19145.0,2802.0,1.0,0.0,0,0.0,4.0,0.99956083,0.029633328,1.0,6.123234e-17,1,0,0,1,18033.0,1,18084.0,1,0.0,1,20383.0,1,13062.0,1,18356.0,1,24530.0,1,24894.0,16519.127,15988.999,-51.0
817,2015-03-27,18171.0,2654.0,1.0,0.0,0,0.0,5.0,0.99956083,0.029633328,1.0,6.123234e-17,1,0,0,1,19145.0,1,18033.0,1,19616.0,1,21487.0,1,0.0,1,18039.0,1,24297.0,1,22139.0,17569.477,16690.332,1112.0
817,2015-03-28,14921.0,2082.0,1.0,0.0,0,0.0,6.0,0.99956083,0.029633328,1.0,6.123234e-17,1,0,0,1,18171.0,1,19145.0,1,18084.0,1,19842.0,1,23672.0,1,18611.0,1,21293.0,1,20452.0,17810.086,17019.37,-974.0
817,2015-03-29,0.0,0.0,0.0,0.0,0,0.0,7.0,0.99956083,0.029633328,1.0,6.123234e-17,1,0,0,1,14921.0,1,18171.0,1,18033.0,1,11543.0,1,21524.0,1,16904.0,1,21282.0,1,20977.0,16654.451,16553.064,-3250.0
817,2015-03-30,26301.0,3224.0,1.0,1.0,0,1.0,1.0,0.9960498,-0.08879589,1.0,6.123234e-17,1,0,0,1,0.0,1,14921.0,1,19145.0,1,0.0,1,20383.0,1,13062.0,1,20649.0,1,19151.0,9992.671,12874.606,-14921.0
817,2015-03-31,24361.0,2923.0,1.0,1.0,0,1.0,2.0,0.9960498,-0.08879589,1.0,6.123234e-17,1,0,1,1,26301.0,1,0.0,1,18171.0,1,19616.0,1,21487.0,1,0.0,1,13079.0,1,12608.0,16516.002,15858.249,26301.0
817,2015-04-01,27057.0,3265.0,1.0,1.0,0,1.0,3.0,0.9960498,-0.08879589,0.8660254,-0.5,2,1,0,1,24361.0,1,26301.0,1,14921.0,1,18084.0,1,19842.0,1,23672.0,1,0.0,1,0.0,19654.002,17747.75,-1940.0
817,2015-04-02,26833.0,3173.0,1.0,1.0,0,1.0,4.0,0.9960498,-0.08879589,0.8660254,-0.5,2,0,0,1,27057.0,1,24361.0,1,0.0,1,18033.0,1,11543.0,1,21524.0,1,17311.0,1,20634.0,22615.201,19816.473,2696.0
817,2015-04-03,0.0,0.0,0.0,1.0,2,1.0,5.0,0.9960498,-0.08879589,0.8660254,-0.5,2,0,0,1,26833.0,1,27057.0,1,26301.0,1,19145.0,1,0.0,1,20383.0,1,18356.0,1,20233.0,24302.32,21375.701,-224.0
817,2015-04-04,17202.0,2330.0,1.0,0.0,0,0.0,6.0,0.9960498,-0.08879589,0.8660254,-0.5,2,0,0,1,0.0,1,26833.0,1,24361.0,1,18171.0,1,19616.0,1,21487.0,1,18039.0,1,19231.0,14581.393,16625.545,-26833.0
817,2015-04-05,0.0,0.0,0.0,0.0,0,0.0,7.0,0.9960498,-0.08879589,0.8660254,-0.5,2,0,0,1,17202.0,1,0.0,1,27057.0,1,14921.0,1,18084.0,1,19842.0,1,18611.0,1,19574.0,15629.636,16753.646,17202.0
817,2015-04-06,0.0,0.0,0.0,0.0,2,1.0,1.0,0.9785565,-0.20597862,0.8660254,-0.5,2,0,0,1,0.0,1,17202.0,1,26833.0,1,0.0,1,18033.0,1,11543.0,1,16904.0,1,18708.0,9377.781,13030.613,-17202.0
817,2015-04-07,20980.0,2890.0,1.0,0.0,0,1.0,2.0,0.9785565,-0.20597862,0.8660254,-0.5,2,0,0,1,0.0,1,0.0,1,0.0,1,26301.0,1,19145.0,1,0.0,1,13062.0,1,14495.0,5626.669,10134.922,0.0
817,2015-04-08,19265.0,2740.0,1.0,0.0,0,1.0,3.0,0.9785565,-0.20597862,0.8660254,-0.5,2,0,0,1,20980.0,1,0.0,1,17202.0,1,24361.0,1,18171.0,1,19616.0,1,0.0,1,0.0,11768.001,12544.939,20980.0
817,2015-04-09,19580.0,2860.0,1.0,0.0,0,1.0,4.0,0.9785565,-0.20597862,0.8660254,-0.5,2,0,0,1,19265.0,1,20980.0,1,0.0,1,27057.0,1,14921.0,1,18084.0,1,23672.0,1,23566.0,14766.801,14038.286,-1715.0
817,2015-04-10,17770.0,2725.0,1.0,0.0,0,1.0,5.0,0.9785565,-0.20597862,0.8660254,-0.5,2,0,0,1,19580.0,1,19265.0,1,0.0,1,26833.0,1,0.0,1,18033.0,1,21524.0,1,22111.0,16692.08,15269.778,315.0
817,2015-04-11,12578.0,2000.0,1.0,0.0,0,0.0,6.0,0.9785565,-0.20597862,0.8660254,-0.5,2,0,0,1,17770.0,1,19580.0,1,20980.0,1,0.0,1,26301.0,1,19145.0,1,20383.0,1,19701.0,17123.248,15825.383,-1810.0
817,2015-04-12,0.0,0.0,0.0,0.0,0,0.0,7.0,0.9785565,-0.20597862,0.8660254,-0.5,2,0,0,1,12578.0,1,17770.0,1,19265.0,1,17202.0,1,24361.0,1,18171.0,1,21487.0,1,20422.0,15305.149,15103.742,-5192.0
817,2015-04-13,26072.0,3335.0,1.0,1.0,0,0.0,1.0,0.94732636,-0.32026985,0.8660254,-0.5,2,0,0,1,0.0,1,12578.0,1,19580.0,1,0.0,1,27057.0,1,14921.0,1,19842.0,1,19850.0,9183.09,11747.355,-12578.0
817,2015-04-14,23663.0,3301.0,1.0,1.0,0,0.0,2.0,0.94732636,-0.32026985,0.8660254,-0.5,2,0,0,1,26072.0,1,0.0,1,17770.0,1,0.0,1,26833.0,1,0.0,1,11543.0,1,12273.0,15938.653,14930.609,26072.0
817,2015-04-15,21998.0,3165.0,1.0,1.0,0,0.0,3.0,0.94732636,-0.32026985,0.8660254,-0.5,2,0,0,1,23663.0,1,26072.0,1,12578.0,1,20980.0,1,0.0,1,26301.0,1,0.0,1,0.0,19028.393,16871.14,-2409.0
817,2015-04-16,22631.0,3170.0,1.0,1.0,0,0.0,4.0,0.94732636,-0.32026985,0.8660254,-0.5,2,0,0,1,21998.0,1,23663.0,1,0.0,1,19265.0,1,17202.0,1,24361.0,1,19616.0,1,17605.0,20216.234,18010.443,-1665.0
817,2015-04-17,21524.0,2977.0,1.0,1.0,0,0.0,5.0,0.94732636,-0.32026985,0.8660254,-0.5,2,0,0,1,22631.0,1,21998.0,1,26072.0,1,19580.0,1,0.0,1,27057.0,1,18084.0,1,18209.0,21182.14,19037.232,633.0
817,2015-04-18,13319.0,1949.0,1.0,0.0,0,0.0,6.0,0.94732636,-0.32026985,0.8660254,-0.5,2,0,0,1,21524.0,1,22631.0,1,23663.0,1,17770.0,1,0.0,1,26833.0,1,18033.0,1,17369.0,21318.885,19589.848,-1107.0
817,2015-04-19,0.0,0.0,0.0,0.0,0,0.0,7.0,0.94732636,-0.32026985,0.8660254,-0.5,2,0,0,1,13319.0,1,21524.0,1,21998.0,1,12578.0,1,20980.0,1,0.0,1,19145.0,1,17333.0,18118.932,18196.326,-8205.0
817,2015-04-20,21277.0,3223.0,1.0,0.0,0,0.0,1.0,0.9027978,-0.4300652,0.8660254,-0.5,2,0,0,1,0.0,1,13319.0,1,22631.0,1,0.0,1,19265.0,1,17202.0,1,18171.0,1,18179.0,10871.358,14152.698,-13319.0
817,2015-04-21,19156.0,3102.0,1.0,0.0,0,0.0,2.0,0.9027978,-0.4300652,0.8660254,-0.5,2,0,0,1,21277.0,1,0.0,1,21524.0,1,26072.0,1,19580.0,1,0.0,1,14921.0,1,13587.0,15033.615,15735.876,21277.0
817,2015-04-22,16265.0,2604.0,1.0,0.0,0,0.0,3.0,0.9027978,-0.4300652,0.8660254,-0.5,2,0,0,1,19156.0,1,21277.0,1,13319.0,1,23663.0,1,17770.0,1,0.0,1,0.0,1,0.0,16682.568,16495.904,-2121.0
817,2015-04-23,17520.0,2676.0,1.0,0.0,0,0.0,4.0,0.9027978,-0.4300652,0.8660254,-0.5,2,0,0,1,16265.0,1,19156.0,1,0.0,1,21998.0,1,12578.0,1,20980.0,1,26301.0,1,24530.0,16515.541,16444.592,-2891.0
817,2015-04-24,19292.0,2922.0,1.0,0.0,0,0.0,5.0,0.9027978,-0.4300652,0.8660254,-0.5,2,0,0,1,17520.0,1,16265.0,1,21277.0,1,22631.0,1,0.0,1,19265.0,1,24361.0,1,24297.0,16917.324,16683.572,1255.0
817,2015-04-25,12166.0,2020.0,1.0,0.0,0,0.0,6.0,0.9027978,-0.4300652,0.8660254,-0.5,2,0,0,1,19292.0,1,17520.0,1,19156.0,1,21524.0,1,26072.0,1,19580.0,1,27057.0,1,21293.0,17867.195,17263.223,1772.0
817,2015-04-26,0.0,0.0,0.0,0.0,0,0.0,7.0,0.9027978,-0.4300652,0.8660254,-0.5,2,0,0,1,12166.0,1,19292.0,1,16265.0,1,13319.0,1,23663.0,1,17770.0,1,26833.0,1,21282.0,15586.717,16130.506,-7126.0
817,2015-04-27,25498.0,3306.0,1.0,1.0,0,0.0,1.0,0.845596,-0.5338234,0.8660254,-0.5,2,0,0,1,0.0,1,12166.0,1,17520.0,1,0.0,1,21998.0,1,12578.0,1,0.0,1,20649.0,9352.03,12545.949,-12166.0
817,2015-04-28,25161.0,3303.0,1.0,1.0,0,0.0,2.0,0.845596,-0.5338234,0.8660254,-0.5,2,0,0,1,25498.0,1,0.0,1,19292.0,1,21277.0,1,22631.0,1,0.0,1,17202.0,1,13079.0,15810.418,15424.183,25498.0
817,2015-04-29,24525.0,3249.0,1.0,1.0,0,0.0,3.0,0.845596,-0.5338234,0.8660254,-0.5,2,0,0,1,25161.0,1,25498.0,1,12166.0,1,19156.0,1,21524.0,1,26072.0,1,0.0,1,0.0,19550.65,17587.92,-337.0
817,2015-04-30,25979.0,3458.0,1.0,1.0,0,0.0,4.0,0.845596,-0.5338234,0.8660254,-0.5,2,0,1,1,24525.0,1,25161.0,1,0.0,1,16265.0,1,13319.0,1,23663.0,1,0.0,1,17311.0,21540.39,19129.494,-636.0
817,2015-05-01,0.0,0.0,0.0,1.0,1,0.0,5.0,0.845596,-0.5338234,0.5,-0.8660254,2,1,0,1,25979.0,1,24525.0,1,25498.0,1,17520.0,1,0.0,1,21998.0,1,20980.0,1,18356.0,23315.834,20651.605,1454.0
817,2015-05-02,17160.0,2437.0,1.0,0.0,0,0.0,6.0,0.845596,-0.5338234,0.5,-0.8660254,2,0,0,1,0.0,1,25979.0,1,25161.0,1,19292.0,1,21277.0,1,22631.0,1,19265.0,1,18039.0,13989.501,16062.36,-25979.0
817,2015-05-03,0.0,0.0,0.0,0.0,0,0.0,7.0,0.845596,-0.5338234,0.5,-0.8660254,2,0,0,1,17160.0,1,0.0,1,24525.0,1,12166.0,1,19156.0,1,21524.0,1,19580.0,1,18611.0,15257.7,16306.28,17160.0
817,2015-05-04,28072.0,3663.0,1.0,1.0,0,0.0,1.0,0.7765239,-0.63008785,0.5,-0.8660254,2,0,0,1,0.0,1,17160.0,1,25979.0,1,0.0,1,16265.0,1,13319.0,1,17770.0,1,16904.0,9154.62,12682.662,-17160.0
817,2015-05-05,21962.0,2941.0,1.0,1.0,0,0.0,2.0,0.7765239,-0.63008785,0.5,-0.8660254,2,0,0,1,28072.0,1,0.0,1,0.0,1,25498.0,1,17520.0,1,0.0,1,12578.0,1,13062.0,16721.572,16102.515,28072.0
817,2015-05-06,21646.0,3054.0,1.0,1.0,0,0.0,3.0,0.7765239,-0.63008785,0.5,-0.8660254,2,0,0,1,21962.0,1,28072.0,1,17160.0,1,25161.0,1,19292.0,1,21277.0,1,0.0,1,0.0,18817.744,17404.623,-6110.0
817,2015-05-07,21387.0,2905.0,1.0,1.0,0,0.0,4.0,0.7765239,-0.63008785,0.5,-0.8660254,2,0,0,1,21646.0,1,21962.0,1,0.0,1,24525.0,1,12166.0,1,19156.0,1,26072.0,1,23672.0,19949.047,18347.15,-316.0
817,2015-05-08,20153.0,2681.0,1.0,1.0,0,0.0,5.0,0.7765239,-0.63008785,0.5,-0.8660254,2,0,0,1,21387.0,1,21646.0,1,28072.0,1,25979.0,1,0.0,1,16265.0,1,23663.0,1,21524.0,20524.229,19022.674,-259.0
817,2015-05-09,11984.0,1843.0,1.0,0.0,0,0.0,6.0,0.7765239,-0.63008785,0.5,-0.8660254,2,0,0,1,20153.0,1,21387.0,1,21962.0,1,0.0,1,25498.0,1,17520.0,1,21998.0,1,20383.0,20375.736,19273.857,-1234.0
817,2015-05-10,0.0,0.0,0.0,0.0,0,0.0,7.0,0.7765239,-0.63008785,0.5,-0.8660254,2,0,0,1,11984.0,1,20153.0,1,21646.0,1,17160.0,1,25161.0,1,19292.0,1,22631.0,1,21487.0,17019.041,17653.889,-8169.0
817,2015-05-11,22361.0,3203.0,1.0,0.0,0,0.0,1.0,0.696551,-0.71750724,0.5,-0.8660254,2,0,0,1,0.0,1,11984.0,1,21387.0,1,0.0,1,24525.0,1,12166.0,1,21524.0,1,19842.0,10211.425,13730.803,-11984.0
817,2015-05-12,21100.0,3131.0,1.0,0.0,0,0.0,2.0,0.696551,-0.71750724,0.5,-0.8660254,2,0,0,1,22361.0,1,0.0,1,20153.0,1,28072.0,1,25979.0,1,0.0,1,13319.0,1,11543.0,15071.255,15648.624,22361.0
817,2015-05-13,22672.0,3177.0,1.0,0.0,0,0.0,3.0,0.696551,-0.71750724,0.5,-0.8660254,2,0,0,1,21100.0,1,22361.0,1,11984.0,1,21962.0,1,0.0,1,25498.0,1,0.0,1,0.0,17482.754,16860.041,-1261.0
817,2015-05-14,0.0,0.0,0.0,0.0,1,0.0,4.0,0.696551,-0.71750724,0.5,-0.8660254,2,0,0,1,22672.0,1,21100.0,1,0.0,1,21646.0,1,17160.0,1,25161.0,1,21277.0,1,19616.0,19558.451,18151.588,1572.0
817,2015-05-15,20642.0,2940.0,1.0,0.0,0,1.0,5.0,0.696551,-0.71750724,0.5,-0.8660254,2,0,0,1,0.0,1,22672.0,1,22361.0,1,21387.0,1,0.0,1,24525.0,1,19156.0,1,18084.0,11735.071,14117.901,-22672.0
817,2015-05-16,13821.0,2029.0,1.0,0.0,0,0.0,6.0,0.696551,-0.71750724,0.5,-0.8660254,2,0,0,1,20642.0,1,0.0,1,21100.0,1,20153.0,1,28072.0,1,25979.0,1,16265.0,1,18033.0,15297.843,15567.701,20642.0
817,2015-05-17,0.0,0.0,0.0,0.0,0,0.0,7.0,0.696551,-0.71750724,0.5,-0.8660254,2,0,0,1,13821.0,1,20642.0,1,22672.0,1,11984.0,1,21962.0,1,0.0,1,17520.0,1,19145.0,14707.105,15179.545,-6821.0
817,2015-05-18,26705.0,3587.0,1.0,1.0,0,0.0,1.0,0.60680014,-0.79485446,0.5,-0.8660254,2,0,0,1,0.0,1,13821.0,1,0.0,1,0.0,1,21646.0,1,17160.0,1,19292.0,1,18171.0,8824.264,11806.3125,-13821.0
817,2015-05-19,25232.0,3345.0,1.0,1.0,0,0.0,2.0,0.60680014,-0.79485446,0.5,-0.8660254,2,0,0,1,26705.0,1,0.0,1,20642.0,1,22361.0,1,21387.0,1,0.0,1,12166.0,1,14921.0,15976.558,15117.132,26705.0
817,2015-05-20,20748.0,2925.0,1.0,1.0,0,0.0,3.0,0.60680014,-0.79485446,0.5,-0.8660254,2,0,0,1,25232.0,1,26705.0,1,13821.0,1,21100.0,1,20153.0,1,28072.0,1,0.0,1,0.0,19678.734,17364.88,-1473.0
817,2015-05-21,22520.0,3013.0,1.0,1.0,0,0.0,4.0,0.60680014,-0.79485446,0.5,-0.8660254,2,0,0,1,20748.0,1,25232.0,1,0.0,1,22672.0,1,11984.0,1,21962.0,1,25498.0,1,26301.0,20106.441,18116.686,-4484.0
817,2015-05-22,22397.0,3144.0,1.0,1.0,0,0.0,5.0,0.60680014,-0.79485446,0.5,-0.8660254,2,0,0,1,22520.0,1,20748.0,1,26705.0,1,0.0,1,0.0,1,21646.0,1,25161.0,1,24361.0,21071.865,19095.2,1772.0
817,2015-05-23,14827.0,2141.0,1.0,0.0,0,0.0,6.0,0.60680014,-0.79485446,0.5,-0.8660254,2,0,0,1,22397.0,1,22520.0,1,25232.0,1,20642.0,1,22361.0,1,21387.0,1,24525.0,1,27057.0,21601.918,19828.934,-123.0
817,2015-05-24,0.0,0.0,0.0,0.0,0,0.0,7.0,0.60680014,-0.79485446,0.5,-0.8660254,2,0,0,1,14827.0,1,22397.0,1,20748.0,1,13821.0,1,21100.0,1,20153.0,1,25979.0,1,26833.0,18891.951,18717.393,-7570.0
817,2015-05-25,0.0,0.0,0.0,0.0,1,0.0,1.0,0.5085311,-0.86104363,0.5,-0.8660254,2,0,0,1,0.0,1,14827.0,1,22520.0,1,0.0,1,22672.0,1,11984.0,1,0.0,1,0.0,11335.171,14557.972,-14827.0
817,2015-05-26,22840.0,3216.0,1.0,0.0,0,1.0,2.0,0.5085311,-0.86104363,0.5,-0.8660254,2,0,0,1,0.0,1,0.0,1,22397.0,1,26705.0,1,0.0,1,0.0,1,17160.0,1,17202.0,6801.1025,11322.867,0.0
817,2015-05-27,21900.0,3201.0,1.0,0.0,0,0.0,3.0,0.5085311,-0.86104363,0.5,-0.8660254,2,0,0,1,22840.0,1,0.0,1,14827.0,1,25232.0,1,20642.0,1,22361.0,1,0.0,1,0.0,13216.661,13882.2295,22840.0
817,2015-05-28,19957.0,3021.0,1.0,0.0,0,0.0,4.0,0.5085311,-0.86104363,0.5,-0.8660254,2,0,0,1,21900.0,1,22840.0,1,0.0,1,20748.0,1,13821.0,1,21100.0,1,28072.0,1,0.0,16689.996,15663.956,-940.0
817,2015-05-29,20771.0,3022.0,1.0,0.0,0,0.0,5.0,0.5085311,-0.86104363,0.5,-0.8660254,2,0,0,1,19957.0,1,21900.0,1,0.0,1,22520.0,1,0.0,1,22672.0,1,21962.0,1,20980.0,17996.799,16617.967,-1943.0
817,2015-05-30,13920.0,2024.0,1.0,0.0,0,0.0,6.0,0.5085311,-0.86104363,0.5,-0.8660254,2,0,0,1,20771.0,1,19957.0,1,22840.0,1,22397.0,1,26705.0,1,0.0,1,21646.0,1,19265.0,19106.479,17540.863,814.0
817,2015-05-31,0.0,0.0,0.0,0.0,0,0.0,7.0,0.5085311,-0.86104363,0.5,-0.8660254,2,0,1,1,13920.0,1,20771.0,1,21900.0,1,14827.0,1,25232.0,1,20642.0,1,21387.0,1,19580.0,17031.887,16736.227,-6851.0
817,2015-06-01,29475.0,3499.0,1.0,1.0,0,0.0,1.0,0.40312344,-0.91514564,1.2246469e-16,-1.0,2,1,0,1,0.0,1,13920.0,1,19957.0,1,0.0,1,20748.0,1,13821.0,1,20153.0,1,17770.0,10219.133,13017.065,-13920.0
817,2015-06-02,26627.0,3495.0,1.0,1.0,0,0.0,2.0,0.40312344,-0.91514564,1.2246469e-16,-1.0,2,0,0,1,29475.0,1,0.0,1,20771.0,1,0.0,1,22520.0,1,0.0,1,11984.0,1,12578.0,17921.479,16674.385,29475.0
817,2015-06-03,26953.0,3476.0,1.0,1.0,0,0.0,3.0,0.40312344,-0.91514564,1.2246469e-16,-1.0,2,0,0,1,26627.0,1,29475.0,1,13920.0,1,22840.0,1,22397.0,1,26705.0,1,0.0,1,0.0,21403.688,18886.076,-2848.0
817,2015-06-04,25051.0,3415.0,1.0,1.0,0,0.0,4.0,0.40312344,-0.91514564,1.2246469e-16,-1.0,2,0,0,1,26953.0,1,26627.0,1,0.0,1,21900.0,1,14827.0,1,25232.0,1,22361.0,1,26072.0,23623.412,20678.727,326.0
817,2015-06-05,22762.0,3373.0,1.0,1.0,0,0.0,5.0,0.40312344,-0.91514564,1.2246469e-16,-1.0,2,0,0,1,25051.0,1,26953.0,1,29475.0,1,19957.0,1,0.0,1,20748.0,1,21100.0,1,23663.0,24194.447,21650.342,-1902.0
817,2015-06-06,13590.0,2221.0,1.0,0.0,0,0.0,6.0,0.40312344,-0.91514564,1.2246469e-16,-1.0,2,0,0,1,22762.0,1,25051.0,1,26627.0,1,20771.0,1,0.0,1,22520.0,1,22672.0,1,21998.0,23621.469,21897.377,-2289.0
817,2015-06-07,0.0,0.0,0.0,0.0,0,0.0,7.0,0.40312344,-0.91514564,1.2246469e-16,-1.0,2,0,0,1,13590.0,1,22762.0,1,26953.0,1,13920.0,1,22840.0,1,22397.0,1,0.0,1,22631.0,19608.88,20051.293,-9172.0
817,2015-06-08,22076.0,3268.0,1.0,0.0,0,0.0,1.0,0.29205677,-0.956401,1.2246469e-16,-1.0,2,0,0,1,0.0,1,13590.0,1,25051.0,1,0.0,1,21900.0,1,14827.0,1,20642.0,1,21524.0,11765.329,15595.45,-13590.0
817,2015-06-09,20205.0,3106.0,1.0,0.0,0,0.0,2.0,0.29205677,-0.956401,1.2246469e-16,-1.0,2,0,0,1,22076.0,1,0.0,1,22762.0,1,29475.0,1,19957.0,1,0.0,1,13821.0,1,13319.0,15889.598,17035.572,22076.0
817,2015-06-10,21379.0,3188.0,1.0,0.0,0,0.0,3.0,0.29205677,-0.956401,1.2246469e-16,-1.0,2,0,0,1,20205.0,1,22076.0,1,13590.0,1,26627.0,1,20771.0,1,0.0,1,0.0,1,0.0,17615.758,17739.89,-1871.0
817,2015-06-11,21053.0,3224.0,1.0,0.0,0,0.0,4.0,0.29205677,-0.956401,1.2246469e-16,-1.0,2,0,0,1,21379.0,1,20205.0,1,0.0,1,26953.0,1,13920.0,1,22840.0,1,26705.0,1,21277.0,19121.055,18548.58,1174.0
817,2015-06-12,19520.0,3063.0,1.0,0.0,0,0.0,5.0,0.29205677,-0.956401,1.2246469e-16,-1.0,2,0,0,1,21053.0,1,21379.0,1,22076.0,1,25051.0,1,0.0,1,21900.0,1,25232.0,1,19156.0,19893.832,19105.12,-326.0
817,2015-06-13,11943.0,2049.0,1.0,0.0,0,0.0,6.0,0.29205677,-0.956401,1.2246469e-16,-1.0,2,0,0,1,19520.0,1,21053.0,1,20205.0,1,22762.0,1,29475.0,1,19957.0,1,20748.0,1,16265.0,19744.299,19197.314,-1533.0
817,2015-06-14,0.0,0.0,0.0,0.0,0,0.0,7.0,0.29205677,-0.956401,1.2246469e-16,-1.0,2,0,0,1,11943.0,1,19520.0,1,21379.0,1,13590.0,1,26627.0,1,20771.0,1,22520.0,1,17520.0,16623.78,17585.244,-7577.0
817,2015-06-15,28545.0,3609.0,1.0,1.0,0,0.0,1.0,0.17689027,-0.9842306,1.2246469e-16,-1.0,2,0,0,1,0.0,1,11943.0,1,21053.0,1,0.0,1,26953.0,1,13920.0,1,22397.0,1,19292.0,9974.268,13677.412,-11943.0
817,2015-06-16,25085.0,3289.0,1.0,1.0,0,0.0,2.0,0.17689027,-0.9842306,1.2246469e-16,-1.0,2,0,0,1,28545.0,1,0.0,1,19520.0,1,22076.0,1,25051.0,1,0.0,1,14827.0,1,12166.0,17402.56,16981.32,28545.0
817,2015-06-17,24332.0,3330.0,1.0,1.0,0,0.0,3.0,0.17689027,-0.9842306,1.2246469e-16,-1.0,2,0,0,1,25085.0,1,28545.0,1,11943.0,1,20205.0,1,22762.0,1,29475.0,1,0.0,1,0.0,20475.537,18782.139,-3460.0
817,2015-06-18,23337.0,3169.0,1.0,1.0,0,0.0,4.0,0.17689027,-0.9842306,1.2246469e-16,-1.0,2,0,0,1,24332.0,1,25085.0,1,0.0,1,21379.0,1,13590.0,1,26627.0,1,0.0,1,25498.0,22018.121,20015.441,-753.0
817,2015-06-19,22946.0,2996.0,1.0,1.0,0,0.0,5.0,0.17689027,-0.9842306,1.2246469e-16,-1.0,2,0,0,1,23337.0,1,24332.0,1,28545.0,1,21053.0,1,0.0,1,26953.0,1,22840.0,1,25161.0,22545.674,20753.564,-995.0
817,2015-06-20,14658.0,2053.0,1.0,0.0,0,0.0,6.0,0.17689027,-0.9842306,1.2246469e-16,-1.0,2,0,0,1,22946.0,1,23337.0,1,25085.0,1,19520.0,1,22076.0,1,25051.0,1,21900.0,1,24525.0,22705.805,21240.773,-391.0
817,2015-06-21,0.0,0.0,0.0,0.0,0,0.0,7.0,0.17689027,-0.9842306,1.2246469e-16,-1.0,2,0,0,1,14658.0,1,22946.0,1,24332.0,1,11943.0,1,20205.0,1,22762.0,1,19957.0,1,25979.0,19486.682,19777.934,-8288.0
817,2015-06-22,21859.0,3240.0,1.0,0.0,0,0.0,1.0,0.059240628,-0.99824375,1.2246469e-16,-1.0,2,0,0,1,0.0,1,14658.0,1,23337.0,1,0.0,1,21379.0,1,13590.0,1,20771.0,1,0.0,11692.01,15382.838,-14658.0
817,2015-06-23,19446.0,2906.0,1.0,0.0,0,0.0,2.0,0.059240628,-0.99824375,1.2246469e-16,-1.0,2,0,0,1,21859.0,1,0.0,1,22946.0,1,28545.0,1,21053.0,1,0.0,1,13920.0,1,17160.0,15758.806,16821.984,21859.0
817,2015-06-24,21898.0,3157.0,1.0,0.0,0,0.0,3.0,0.059240628,-0.99824375,1.2246469e-16,-1.0,2,0,0,1,19446.0,1,21859.0,1,14658.0,1,25085.0,1,19520.0,1,22076.0,1,0.0,1,0.0,17233.684,17405.1,-2413.0
817,2015-06-25,19451.0,2887.0,1.0,0.0,0,0.0,4.0,0.059240628,-0.99824375,1.2246469e-16,-1.0,2,0,0,1,21898.0,1,19446.0,1,0.0,1,24332.0,1,11943.0,1,20205.0,1,29475.0,1,28072.0,19099.41,18403.521,2452.0
817,2015-06-26,19273.0,2843.0,1.0,0.0,0,0.0,5.0,0.059240628,-0.99824375,1.2246469e-16,-1.0,2,0,0,1,19451.0,1,21898.0,1,21859.0,1,23337.0,1,0.0,1,21379.0,1,26627.0,1,21962.0,19240.047,18636.295,-2447.0
817,2015-06-27,13108.0,2041.0,1.0,0.0,0,0.0,6.0,0.059240628,-0.99824375,1.2246469e-16,-1.0,2,0,0,1,19273.0,1,19451.0,1,19446.0,1,22946.0,1,28545.0,1,21053.0,1,26953.0,1,21646.0,19253.229,18777.785,-178.0
817,2015-06-28,0.0,0.0,0.0,0.0,0,0.0,7.0,0.059240628,-0.99824375,1.2246469e-16,-1.0,2,0,0,1,13108.0,1,19273.0,1,21898.0,1,14658.0,1,25085.0,1,19520.0,1,25051.0,1,21387.0,16795.137,17517.832,-6165.0
817,2015-06-29,28456.0,3605.0,1.0,1.0,0,0.0,1.0,-0.059240628,-0.99824375,1.2246469e-16,-1.0,2,0,0,1,0.0,1,13108.0,1,19451.0,1,0.0,1,24332.0,1,11943.0,1,22762.0,1,20153.0,10077.082,13624.98,-13108.0
817,2015-06-30,27140.0,3555.0,1.0,1.0,0,0.0,2.0,-0.059240628,-0.99824375,1.2246469e-16,-1.0,2,0,1,1,28456.0,1,0.0,1,19273.0,1,21859.0,1,23337.0,1,0.0,1,13590.0,1,11984.0,17428.648,16920.764,28456.0
817,2015-07-01,24957.0,3509.0,1.0,1.0,0,0.0,3.0,-0.059240628,-0.99824375,-0.5,-0.8660254,3,1,0,1,27140.0,1,28456.0,1,13108.0,1,19446.0,1,22946.0,1,28545.0,1,0.0,1,0.0,21313.19,19191.705,-1316.0
817,2015-07-02,24384.0,3552.0,1.0,1.0,0,0.0,4.0,-0.059240628,-0.99824375,-0.5,-0.8660254,3,0,0,1,24957.0,1,27140.0,1,0.0,1,21898.0,1,14658.0,1,25085.0,1,22076.0,1,22361.0,22770.713,20472.88,-2183.0
817,2015-07-03,22937.0,3359.0,1.0,1.0,0,0.0,5.0,-0.059240628,-0.99824375,-0.5,-0.8660254,3,0,0,1,24384.0,1,24957.0,1,28456.0,1,19451.0,1,0.0,1,24332.0,1,20205.0,1,21100.0,23416.027,21342.02,-573.0
817,2015-07-04,13001.0,2284.0,1.0,0.0,0,0.0,6.0,-0.059240628,-0.99824375,-0.5,-0.8660254,3,0,0,1,22937.0,1,24384.0,1,27140.0,1,19273.0,1,21859.0,1,23337.0,1,21379.0,1,22672.0,23224.416,21696.459,-1447.0
817,2015-07-05,0.0,0.0,0.0,0.0,0,0.0,7.0,-0.059240628,-0.99824375,-0.5,-0.8660254,3,0,0,1,13001.0,1,22937.0,1,24957.0,1,13108.0,1,19446.0,1,22946.0,1,21053.0,1,0.0,19135.05,19764.135,-9936.0
817,2015-07-06,22403.0,3440.0,1.0,0.0,0,0.0,1.0,-0.17689027,-0.9842306,-0.5,-0.8660254,3,0,0,1,0.0,1,13001.0,1,24384.0,1,0.0,1,21898.0,1,14658.0,1,19520.0,1,20642.0,11481.03,15372.1045,-13001.0
817,2015-07-07,20064.0,3315.0,1.0,0.0,0,0.0,2.0,-0.17689027,-0.9842306,-0.5,-0.8660254,3,0,0,1,22403.0,1,0.0,1,22937.0,1,28456.0,1,19451.0,1,0.0,1,11943.0,1,13821.0,15849.818,16934.525,22403.0
817,2015-07-08,21079.0,3128.0,1.0,0.0,0,0.0,3.0,-0.17689027,-0.9842306,-0.5,-0.8660254,3,0,0,1,20064.0,1,22403.0,1,13001.0,1,27140.0,1,19273.0,1,21859.0,1,0.0,1,0.0,17535.49,17629.965,-2339.0
817,2015-07-09,21279.0,3066.0,1.0,0.0,0,0.0,4.0,-0.17689027,-0.9842306,-0.5,-0.8660254,3,0,0,1,21079.0,1,20064.0,1,0.0,1,24957.0,1,13108.0,1,19446.0,1,28545.0,1,26705.0,18952.895,18396.416,1015.0
817,2015-07-10,20231.0,2905.0,1.0,0.0,0,0.0,5.0,-0.17689027,-0.9842306,-0.5,-0.8660254,3,0,0,1,21279.0,1,21079.0,1,22403.0,1,24384.0,1,0.0,1,21898.0,1,25085.0,1,25232.0,19883.336,19036.99,200.0
817,2015-07-11,13111.0,1995.0,1.0,0.0,0,0.0,6.0,-0.17689027,-0.9842306,-0.5,-0.8660254,3,0,0,1,20231.0,1,21279.0,1,20064.0,1,22937.0,1,28456.0,1,19451.0,1,24332.0,1,20748.0,20022.402,19302.326,-1048.0
817,2015-07-12,0.0,0.0,0.0,0.0,0,0.0,7.0,-0.17689027,-0.9842306,-0.5,-0.8660254,3,0,0,1,13111.0,1,20231.0,1,21079.0,1,13001.0,1,27140.0,1,19273.0,1,23337.0,1,22520.0,17257.842,17926.477,-7120.0
817,2015-07-13,27178.0,3437.0,1.0,1.0,0,0.0,1.0,-0.29205677,-0.956401,-0.5,-0.8660254,3,0,0,1,0.0,1,13111.0,1,21279.0,1,0.0,1,24957.0,1,13108.0,1,22946.0,1,22397.0,10354.705,13942.814,-13111.0
817,2015-07-14,25460.0,3466.0,1.0,1.0,0,0.0,2.0,-0.29205677,-0.956401,-0.5,-0.8660254,3,0,0,1,27178.0,1,0.0,1,20231.0,1,22403.0,1,24384.0,1,0.0,1,14658.0,1,14827.0,17084.023,16883.967,27178.0
817,2015-07-15,24210.0,3301.0,1.0,1.0,0,0.0,3.0,-0.29205677,-0.956401,-0.5,-0.8660254,3,0,0,1,25460.0,1,27178.0,1,13111.0,1,20064.0,1,22937.0,1,28456.0,1,0.0,1,0.0,20434.414,18789.752,-1718.0
817,2015-07-16,23899.0,3324.0,1.0,1.0,0,1.0,4.0,-0.29205677,-0.956401,-0.5,-0.8660254,3,0,0,1,24210.0,1,25460.0,1,0.0,1,21079.0,1,13001.0,1,27140.0,1,21859.0,1,0.0,21944.648,19994.252,-1250.0
817,2015-07-17,21685.0,3182.0,1.0,1.0,0,1.0,5.0,-0.29205677,-0.956401,-0.5,-0.8660254,3,0,0,1,23899.0,1,24210.0,1,27178.0,1,21279.0,1,0.0,1,24957.0,1,19446.0,1,22840.0,22726.389,20861.973,-311.0
817,2015-07-18,13536.0,2079.0,1.0,0.0,0,0.0,6.0,-0.29205677,-0.956401,-0.5,-0.8660254,3,0,0,1,21685.0,1,23899.0,1,25460.0,1,20231.0,1,22403.0,1,24384.0,1,21898.0,1,21900.0,22309.834,21044.87,-2214.0
817,2015-07-19,0.0,0.0,0.0,0.0,0,0.0,7.0,-0.29205677,-0.956401,-0.5,-0.8660254,3,0,0,1,13536.0,1,21685.0,1,24210.0,1,13111.0,1,20064.0,1,22937.0,1,19451.0,1,19957.0,18800.3,19376.23,-8149.0
817,2015-07-20,22258.0,3201.0,1.0,0.0,0,1.0,1.0,-0.40312344,-0.91514564,-0.5,-0.8660254,3,0,0,1,0.0,1,13536.0,1,23899.0,1,0.0,1,21079.0,1,13001.0,1,19273.0,1,20771.0,11280.18,15070.401,-13536.0
817,2015-07-21,19339.0,3030.0,1.0,0.0,0,1.0,2.0,-0.40312344,-0.91514564,-0.5,-0.8660254,3,0,0,1,22258.0,1,0.0,1,21685.0,1,27178.0,1,21279.0,1,0.0,1,13108.0,1,13920.0,15671.308,16667.646,22258.0
817,2015-07-22,18046.0,2969.0,1.0,0.0,0,1.0,3.0,-0.40312344,-0.91514564,-0.5,-0.8660254,3,0,0,1,19339.0,1,22258.0,1,13536.0,1,25460.0,1,20231.0,1,22403.0,1,0.0,1,0.0,17138.385,17261.28,-2919.0
817,2015-07-23,19532.0,2913.0,1.0,0.0,0,1.0,4.0,-0.40312344,-0.91514564,-0.5,-0.8660254,3,0,0,1,18046.0,1,19339.0,1,0.0,1,24210.0,1,13111.0,1,20064.0,1,28456.0,1,29475.0,17501.432,17435.662,-1293.0
817,2015-07-24,17420.0,2735.0,1.0,0.0,0,1.0,5.0,-0.40312344,-0.91514564,-0.5,-0.8660254,3,0,0,1,19532.0,1,18046.0,1,22258.0,1,23899.0,1,0.0,1,21079.0,1,27140.0,1,26627.0,18313.658,17901.516,1486.0
817,2015-07-25,13558.0,2032.0,1.0,0.0,0,0.0,6.0,-0.40312344,-0.91514564,-0.5,-0.8660254,3,0,0,1,17420.0,1,19532.0,1,19339.0,1,21685.0,1,27178.0,1,21279.0,1,24957.0,1,26953.0,17956.195,17794.512,-2112.0
817,2015-07-26,0.0,0.0,0.0,0.0,0,0.0,7.0,-0.40312344,-0.91514564,-0.5,-0.8660254,3,0,0,1,13558.0,1,17420.0,1,18046.0,1,13536.0,1,25460.0,1,20231.0,1,24384.0,1,25051.0,16196.917,16853.064,-3862.0
817,2015-07-27,23932.0,3113.0,1.0,1.0,0,1.0,1.0,-0.5085311,-0.86104363,-0.5,-0.8660254,3,0,0,1,0.0,1,13558.0,1,19532.0,1,0.0,1,24210.0,1,13111.0,1,22937.0,1,22762.0,9718.15,13107.939,-13558.0
817,2015-07-28,23248.0,2998.0,1.0,1.0,0,1.0,2.0,-0.5085311,-0.86104363,-0.5,-0.8660254,3,0,0,1,23932.0,1,0.0,1,17420.0,1,22258.0,1,23899.0,1,0.0,1,13001.0,1,13590.0,15403.69,15513.286,23932.0
817,2015-07-29,21556.0,2872.0,1.0,1.0,0,1.0,3.0,-0.5085311,-0.86104363,-0.5,-0.8660254,3,0,0,1,23248.0,1,23932.0,1,13558.0,1,19339.0,1,21685.0,1,27178.0,1,0.0,1,0.0,18541.414,17232.111,-684.0
817,2015-07-30,22177.0,2941.0,1.0,1.0,0,1.0,4.0,-0.5085311,-0.86104363,-0.5,-0.8660254,3,0,0,1,21556.0,1,23248.0,1,0.0,1,18046.0,1,13536.0,1,25460.0,1,22403.0,1,22076.0,19747.248,18192.975,-1692.0
817,2015-07-31,23093.0,2884.0,1.0,1.0,0,1.0,5.0,-0.5085311,-0.86104363,-0.5,-0.8660254,3,0,1,1,22177.0,1,21556.0,1,23932.0,1,19532.0,1,0.0,1,24210.0,1,20064.0,1,20205.0,20719.148,19078.314,621.0
