id,timestamp,target,Customers,Open,Promo,StateHoliday,SchoolHoliday,DayOfWeek,week_sin,week_cos,month_sin,month_cos,quarter,is_month_start,is_month_end,lag_1_known,lag_1,lag_2_known,lag_2,lag_4_known,lag_4,lag_8_known,lag_8,lag_12_known,lag_12,lag_16_known,lag_16,lag_24_known,lag_24,lag_52_known,lag_52,ema_4,ema_8,chg_1
495,2013-01-01,0.0,0.0,0.0,0.0,1,1.0,2.0,0.11827317,0.9929811,0.5,0.8660254,1,1,0,0,0.0,0,0.0,0,0.0,0,0.0,0,0.0,0,0.0,0,0.0,0,0.0,0.0,0.0,0.0
495,2013-01-02,2899.0,281.0,1.0,0.0,0,1.0,3.0,0.11827317,0.9929811,0.5,0.8660254,1,0,0,1,0.0,0,0.0,0,0.0,0,0.0,0,0.0,0,0.0,0,0.0,0,0.0,0.0,0.0,0.0
495,2013-01-03,4050.0,319.0,1.0,0.0,0,1.0,4.0,0.11827317,0.9929811,0.5,0.8660254,1,0,0,1,2899.0,1,0.0,0,0.0,0,0.0,0,0.0,0,0.0,0,0.0,0,0.0,1159.6,644.2222,2899.0
495,2013-01-04,3818.0,314.0,1.0,0.0,0,1.0,5.0,0.11827317,0.9929811,0.5,0.8660254,1,0,0,1,4050.0,1,2899.0,0,0.0,0,0.0,0,0.0,0,0.0,0,0.0,0,0.0,2315.76,1401.0618,1151.0
495,2013-01-05,3941.0,327.0,1.0,0.0,0,0.0,6.0,0.11827317,0.9929811,0.5,0.8660254,1,0,0,1,3818.0,1,4050.0,1,0.0,0,0.0,0,0.0,0,0.0,0,0.0,0,0.0,2916.656,1938.1592,-232.0
495,2013-01-06,0.0,0.0,0.0,0.0,1,0.0,7.0,0.11827317,0.9929811,0.5,0.8660254,1,0,0,1,3941.0,1,3818.0,1,2899.0,0,0.0,0,0.0,0,0.0,0,0.0,0,0.0,3326.3936,2383.2349,123.0
495,2013-01-07,8773.0,564.0,1.0,1.0,0,0.0,1.0,0.23488605,0.9720229,0.5,0.8660254,1,0,0,1,0.0,1,3941.0,1,4050.0,0,0.0,0,0.0,0,0.0,0,0.0,0,0.0,1995.8362,1853.6271,-3941.0
495,2013-01-08,5078.0,361.0,1.0,1.0,0,0.0,2.0,0.23488605,0.9720229,0.5,0.8660254,1,0,0,1,8773.0,1,0.0,1,3818.0,0,0.0,0,0.0,0,0.0,0,0.0,0,0.0,4706.7017,3391.2656,8773.0
495,2013-01-09,5519.0,362.0,1.0,1.0,0,0.0,3.0,0.23488605,0.9720229,0.5,0.8660254,1,0,0,1,5078.0,1,8773.0,1,3941.0,1,0.0,0,0.0,0,0.0,0,0.0,0,0.0,4855.221,3766.0955,-3695.0
495,2013-01-10,5012.0,382.0,1.0,1.0,0,0.0,4.0,0.23488605,0.9720229,0.5,0.8660254,1,0,0,1,5519.0,1,5078.0,1,0.0,1,2899.0,0,0.0,0,0.0,0,0.0,0,0.0,5120.7324,4155.63,441.0
495,2013-01-11,5765.0,428.0,1.0,1.0,0,0.0,5.0,0.23488605,0.9720229,0.5,0.8660254,1,0,0,1,5012.0,1,5519.0,1,8773.0,1,4050.0,0,0.0,0,0.0,0,0.0,0,0.0,5077.2397,4345.934,-507.0
495,2013-01-12,4043.0,339.0,1.0,0.0,0,0.0,6.0,0.23488605,0.9720229,0.5,0.8660254,1,0,0,1,5765.0,1,5012.0,1,5078.0,1,3818.0,0,0.0,0,0.0,0,0.0,0,0.0,5352.3438,4661.282,753.0
495,2013-01-13,0.0,0.0,0.0,0.0,0,0.0,7.0,0.23488605,0.9720229,0.5,0.8660254,1,0,0,1,4043.0,1,5765.0,1,5519.0,1,3941.0,1,0.0,0,0.0,0,0.0,0,0.0,4828.6064,4523.886,-1722.0
495,2013-01-14,3514.0,335.0,1.0,0.0,0,0.0,1.0,0.34820163,0.93741965,0.5,0.8660254,1,0,0,1,0.0,1,4043.0,1,5012.0,1,0.0,1,2899.0,0,0.0,0,0.0,0,0.0,2897.1638,3518.5781,-4043.0
495,2013-01-15,2689.0,244.0,1.0,0.0,0,0.0,2.0,0.34820163,0.93741965,0.5,0.8660254,1,0,0,1,3514.0,1,0.0,1,5765.0,1,8773.0,1,4050.0,0,0.0,0,0.0,0,0.0,3143.8982,3517.5608,3514.0
495,2013-01-16,2257.0,219.0,1.0,0.0,0,0.0,3.0,0.34820163,0.93741965,0.5,0.8660254,1,0,0,1,2689.0,1,3514.0,1,4043.0,1,5078.0,1,3818.0,0,0.0,0,0.0,0,0.0,2961.939,3333.436,-825.0
495,2013-01-17,2636.0,225.0,1.0,0.0,0,0.0,4.0,0.34820163,0.93741965,0.5,0.8660254,1,0,0,1,2257.0,1,2689.0,1,0.0,1,5519.0,1,3941.0,1,0.0,0,0.0,0,0.0,2679.9634,3094.228,-432.0
495,2013-01-18,3754.0,331.0,1.0,0.0,0,0.0,5.0,0.34820163,0.93741965,0.5,0.8660254,1,0,0,1,2636.0,1,2257.0,1,3514.0,1,5012.0,1,0.0,1,2899.0,0,0.0,0,0.0,2662.378,2992.3997,379.0
495,2013-01-19,4275.0,366.0,1.0,0.0,0,0.0,6.0,0.34820163,0.93741965,0.5,0.8660254,1,0,0,1,3754.0,1,2636.0,1,2689.0,1,5765.0,1,8773.0,1,4050.0,0,0.0,0,0.0,3099.0269,3161.6443,1118.0
495,2013-01-20,0.0,0.0,0.0,0.0,0,0.0,7.0,0.34820163,0.93741965,0.5,0.8660254,1,0,0,1,4275.0,1,3754.0,1,2257.0,1,4043.0,1,5078.0,1,3818.0,0,0.0,0,0.0,3569.416,3409.0566,521.0
495,2013-01-21,5727.0,388.0,1.0,1.0,0,0.0,1.0,0.45662925,0.8896571,0.5,0.8660254,1,0,0,1,0.0,1,4275.0,1,2636.0,1,0.0,1,5519.0,1,3941.0,0,0.0,0,0.0,2141.6497,2651.4885,-4275.0
495,2013-01-22,5610.0,373.0,1.0,1.0,0,0.0,2.0,0.45662925,0.8896571,0.5,0.8660254,1,0,0,1,5727.0,1,0.0,1,3754.0,1,3514.0,1,5012.0,1,0.0,0,0.0,0,0.0,3575.7898,3334.9355,5727.0
495,2013-01-23,5673.0,412.0,1.0,1.0,0,0.0,3.0,0.45662925,0.8896571,0.5,0.8660254,1,0,0,1,5610.0,1,5727.0,1,4275.0,1,2689.0,1,5765.0,1,8773.0,0,0.0,0,0.0,4389.4736,3840.5054,-117.0
495,2013-01-24,5184.0,388.0,1.0,1.0,0,0.0,4.0,0.45662925,0.8896571,0.5,0.8660254,1,0,0,1,5673.0,1,5610.0,1,0.0,1,2257.0,1,4043.0,1,5078.0,0,0.0,0,0.0,4902.8843,4247.7266,63.0
495,2013-01-25,5318.0,394.0,1.0,1.0,0,0.0,5.0,0.45662925,0.8896571,0.5,0.8660254,1,0,0,1,5184.0,1,5673.0,1,5727.0,1,2636.0,1,0.0,1,5519.0,1,0.0,0,0.0,5015.3306,4455.787,-489.0
495,2013-01-26,4180.0,346.0,1.0,0.0,0,0.0,6.0,0.45662925,0.8896571,0.5,0.8660254,1,0,0,1,5318.0,1,5184.0,1,5610.0,1,3754.0,1,3514.0,1,5012.0,1,2899.0,0,0.0,5136.3984,4647.39,134.0
495,2013-01-27,0.0,0.0,0.0,0.0,0,0.0,7.0,0.45662925,0.8896571,0.5,0.8660254,1,0,0,1,4180.0,1,5318.0,1,5673.0,1,4275.0,1,2689.0,1,5765.0,1,4050.0,0,0.0,4753.839,4543.5254,-1138.0
495,2013-01-28,3368.0,321.0,1.0,0.0,0,0.0,1.0,0.55864674,0.82940567,0.5,0.8660254,1,0,0,1,0.0,1,4180.0,1,5184.0,1,0.0,1,2257.0,1,4043.0,1,3818.0,0,0.0,2852.3035,3533.8533,-4180.0
495,2013-01-29,2912.0,259.0,1.0,0.0,0,0.0,2.0,0.55864674,0.82940567,0.5,0.8660254,1,0,0,1,3368.0,1,0.0,1,5318.0,1,5727.0,1,2636.0,1,0.0,1,3941.0,0,0.0,3058.582,3496.997,3368.0
495,2013-01-30,3037.0,274.0,1.0,0.0,0,0.0,3.0,0.55864674,0.82940567,0.5,0.8660254,1,0,0,1,2912.0,1,3368.0,1,4180.0,1,5610.0,1,3754.0,1,3514.0,1,0.0,0,0.0,2999.9492,3366.9976,-456.0
495,2013-01-31,3979.0,328.0,1.0,0.0,0,0.0,4.0,0.55864674,0.82940567,0.5,0.8660254,1,0,1,1,3037.0,1,2912.0,1,0.0,1,5673.0,1,4275.0,1,2689.0,1,8773.0,0,0.0,3014.7695,3293.6648,125.0
495,2013-02-01,4488.0,353.0,1.0,0.0,0,0.0,5.0,0.55864674,0.82940567,0.8660254,0.5,1,1,0,1,3979.0,1,3037.0,1,3368.0,1,5184.0,1,0.0,1,2257.0,1,5078.0,0,0.0,3400.4617,3445.9614,942.0
495,2013-02-02,4536.0,400.0,1.0,0.0,0,0.0,6.0,0.55864674,0.82940567,0.8660254,0.5,1,0,0,1,4488.0,1,3979.0,1,2912.0,1,5318.0,1,5727.0,1,2636.0,1,5519.0,0,0.0,3835.477,3677.5256,509.0
495,2013-02-03,0.0,0.0,0.0,0.0,0,0.0,7.0,0.55864674,0.82940567,0.8660254,0.5,1,0,0,1,4536.0,1,4488.0,1,3037.0,1,4180.0,1,5610.0,1,3754.0,1,5012.0,0,0.0,4115.686,3868.2976,48.0
495,2013-02-04,7009.0,491.0,1.0,1.0,0,0.0,1.0,0.65282214,0.75751126,0.8660254,0.5,1,0,0,1,0.0,1,4536.0,1,3979.0,1,0.0,1,5673.0,1,4275.0,1,5765.0,0,0.0,2469.4116,3008.676,-4536.0
495,2013-02-05,5300.0,382.0,1.0,1.0,0,0.0,2.0,0.65282214,0.75751126,0.8660254,0.5,1,0,0,1,7009.0,1,0.0,1,4488.0,1,3368.0,1,5184.0,1,0.0,1,4043.0,0,0.0,4285.247,3897.637,7009.0
495,2013-02-06,4824.0,370.0,1.0,1.0,0,0.0,3.0,0.65282214,0.75751126,0.8660254,0.5,1,0,0,1,5300.0,1,7009.0,1,4536.0,1,2912.0,1,5318.0,1,5727.0,1,0.0,0,0.0,4691.1484,4209.273,-1709.0
495,2013-02-07,5553.0,449.0,1.0,1.0,0,0.0,4.0,0.65282214,0.75751126,0.8660254,0.5,1,0,0,1,4824.0,1,5300.0,1,0.0,1,3037.0,1,4180.0,1,5610.0,1,3514.0,0,0.0,4744.289,4345.879,-476.0
495,2013-02-08,5226.0,414.0,1.0,1.0,0,0.0,5.0,0.65282214,0.75751126,0.8660254,0.5,1,0,0,1,5553.0,1,4824.0,1,7009.0,1,3979.0,1,0.0,1,5673.0,1,2689.0,0,0.0,5067.7734,4614.1284,729.0
495,2013-02-09,3803.0,327.0,1.0,0.0,0,0.0,6.0,0.65282214,0.75751126,0.8660254,0.5,1,0,0,1,5226.0,1,5553.0,1,5300.0,1,4488.0,1,3368.0,1,5184.0,1,2257.0,0,0.0,5131.064,4750.0996,-327.0
495,2013-02-10,0.0,0.0,0.0,0.0,0,0.0,7.0,0.65282214,0.75751126,0.8660254,0.5,1,0,0,1,3803.0,1,5226.0,1,4824.0,1,4536.0,1,2912.0,1,5318.0,1,2636.0,0,0.0,4599.8384,4539.6333,-1423.0
495,2013-02-11,2931.0,275.0,1.0,0.0,0,0.0,1.0,0.73783326,0.674983,0.8660254,0.5,1,0,0,1,0.0,1,3803.0,1,5553.0,1,0.0,1,3037.0,1,4180.0,1,3754.0,0,0.0,2759.903,3530.8257,-3803.0
495,2013-02-12,2705.0,252.0,1.0,0.0,0,0.0,2.0,0.73783326,0.674983,0.8660254,0.5,1,0,0,1,2931.0,1,0.0,1,5226.0,1,7009.0,1,3979.0,1,0.0,1,4275.0,0,0.0,2828.3418,3397.5312,2931.0
495,2013-02-13,2946.0,298.0,1.0,0.0,0,0.0,3.0,0.73783326,0.674983,0.8660254,0.5,1,0,0,1,2705.0,1,2931.0,1,3803.0,1,5300.0,1,4488.0,1,3368.0,1,0.0,0,0.0,2779.0051,3243.6353,-226.0
495,2013-02-14,4082.0,337.0,1.0,0.0,0,0.0,4.0,0.73783326,0.674983,0.8660254,0.5,1,0,0,1,2946.0,1,2705.0,1,0.0,1,4824.0,1,4536.0,1,2912.0,1,5727.0,0,0.0,2845.803,3177.4941,241.0
495,2013-02-15,3633.0,304.0,1.0,0.0,0,0.0,5.0,0.73783326,0.674983,0.8660254,0.5,1,0,0,1,4082.0,1,2946.0,1,2931.0,1,5553.0,1,0.0,1,3037.0,1,5610.0,0,0.0,3340.2817,3378.4954,1136.0
495,2013-02-16,4097.0,325.0,1.0,0.0,0,0.0,6.0,0.73783326,0.674983,0.8660254,0.5,1,0,0,1,3633.0,1,4082.0,1,2705.0,1,5226.0,1,7009.0,1,3979.0,1,5673.0,0,0.0,3457.3691,3435.052,-449.0
495,2013-02-17,0.0,0.0,0.0,0.0,0,0.0,7.0,0.73783326,0.674983,0.8660254,0.5,1,0,0,1,4097.0,1,3633.0,1,2946.0,1,3803.0,1,5300.0,1,4488.0,1,5184.0,0,0.0,3713.2214,3582.1516,464.0
495,2013-02-18,7479.0,481.0,1.0,1.0,0,0.0,1.0,0.8124869,0.5829795,0.8660254,0.5,1,0,0,1,0.0,1,4097.0,1,4082.0,1,0.0,1,4824.0,1,4536.0,1,5318.0,0,0.0,2227.9329,2786.118,-4097.0
495,2013-02-19,5133.0,357.0,1.0,1.0,0,0.0,2.0,0.8124869,0.5829795,0.8660254,0.5,1,0,0,1,7479.0,1,0.0,1,3633.0,1,2931.0,1,5553.0,1,0.0,1,4180.0,0,0.0,4328.36,3828.9805,7479.0
495,2013-02-20,4765.0,364.0,1.0,1.0,0,0.0,3.0,0.8124869,0.5829795,0.8660254,0.5,1,0,0,1,5133.0,1,7479.0,1,4097.0,1,2705.0,1,5226.0,1,7009.0,1,0.0,0,0.0,4650.216,4118.7627,-2346.0
495,2013-02-21,5426.0,429.0,1.0,1.0,0,0.0,4.0,0.8124869,0.5829795,0.8660254,0.5,1,0,0,1,4765.0,1,5133.0,1,0.0,1,2946.0,1,3803.0,1,5300.0,1,3368.0,0,0.0,4696.1294,4262.371,-368.0
495,2013-02-22,4968.0,378.0,1.0,1.0,0,0.0,5.0,0.8124869,0.5829795,0.8660254,0.5,1,0,0,1,5426.0,1,4765.0,1,7479.0,1,4082.0,1,0.0,1,4824.0,1,2912.0,1,0.0,4988.0776,4520.955,661.0
495,2013-02-23,3638.0,325.0,1.0,0.0,0,0.0,6.0,0.8124869,0.5829795,0.8660254,0.5,1,0,0,1,4968.0,1,5426.0,1,5133.0,1,3633.0,1,2931.0,1,5553.0,1,3037.0,1,2899.0,4980.0464,4620.2983,-458.0
495,2013-02-24,0.0,0.0,0.0,0.0,0,0.0,7.0,0.8124869,0.5829795,0.8660254,0.5,1,0,0,1,3638.0,1,4968.0,1,4765.0,1,4097.0,1,2705.0,1,5226.0,1,3979.0,1,4050.0,4443.228,4402.01,-1330.0
495,2013-02-25,3222.0,286.0,1.0,0.0,0,0.0,1.0,0.8757349,0.4827922,0.8660254,0.5,1,0,0,1,0.0,1,3638.0,1,5426.0,1,0.0,1,2946.0,1,3803.0,1,4488.0,1,3818.0,2665.9368,3423.7854,-3638.0
495,2013-02-26,3299.0,296.0,1.0,0.0,0,0.0,2.0,0.8757349,0.4827922,0.8660254,0.5,1,0,0,1,3222.0,1,0.0,1,4968.0,1,7479.0,1,4082.0,1,0.0,1,4536.0,1,3941.0,2888.362,3378.9443,3222.0
495,2013-02-27,3496.0,295.0,1.0,0.0,0,0.0,3.0,0.8757349,0.4827922,0.8660254,0.5,1,0,0,1,3299.0,1,3222.0,1,3638.0,1,5133.0,1,3633.0,1,2931.0,1,0.0,1,0.0,3052.6172,3361.179,77.0
495,2013-02-28,3867.0,329.0,1.0,0.0,0,0.0,4.0,0.8757349,0.4827922,0.8660254,0.5,1,0,1,1,3496.0,1,3299.0,1,0.0,1,4765.0,1,4097.0,1,2705.0,1,7009.0,1,8773.0,3229.9705,3391.1392,197.0
495,2013-03-01,3574.0,308.0,1.0,0.0,0,0.0,5.0,0.8757349,0.4827922,1.0,6.123234e-17,1,1,0,1,3867.0,1,3496.0,1,3222.0,1,5426.0,1,0.0,1,2946.0,1,5300.0,1,5078.0,3484.7822,3496.886,371.0
495,2013-03-02,3695.0,313.0,1.0,0.0,0,0.0,6.0,0.8757349,0.4827922,1.0,6.123234e-17,1,0,0,1,3574.0,1,3867.0,1,3299.0,1,4968.0,1,7479.0,1,4082.0,1,4824.0,1,5519.0,3520.4692,3514.0225,-293.0
495,2013-03-03,0.0,0.0,0.0,0.0,0,0.0,7.0,0.8757349,0.4827922,1.0,6.123234e-17,1,0,0,1,3695.0,1,3574.0,1,3496.0,1,3638.0,1,5133.0,1,3633.0,1,5553.0,1,5012.0,3590.2815,3554.2397,121.0
495,2013-03-04,7517.0,533.0,1.0,1.0,0,0.0,1.0,0.9266896,0.37582758,1.0,6.123234e-17,1,0,0,1,0.0,1,3695.0,1,3867.0,1,0.0,1,4765.0,1,4097.0,1,5226.0,1,5765.0,2154.169,2764.4087,-3695.0
495,2013-03-05,5210.0,386.0,1.0,1.0,0,0.0,2.0,0.9266896,0.37582758,1.0,6.123234e-17,1,0,0,1,7517.0,1,0.0,1,3574.0,1,3222.0,1,5426.0,1,0.0,1,3803.0,1,4043.0,4299.3013,3820.54,7517.0
495,2013-03-06,5129.0,378.0,1.0,1.0,0,0.0,3.0,0.9266896,0.37582758,1.0,6.123234e-17,1,0,0,1,5210.0,1,7517.0,1,3695.0,1,3299.0,1,4968.0,1,7479.0,1,0.0,1,0.0,4663.581,4129.309,-2307.0
495,2013-03-07,5202.0,405.0,1.0,1.0,0,0.0,4.0,0.9266896,0.37582758,1.0,6.123234e-17,1,0,0,1,5129.0,1,5210.0,1,0.0,1,3496.0,1,3638.0,1,5133.0,1,2931.0,1,3514.0,4849.7485,4351.4624,-81.0
495,2013-03-08,5625.0,410.0,1.0,1.0,0,0.0,5.0,0.9266896,0.37582758,1.0,6.123234e-17,1,0,0,1,5202.0,1,5129.0,1,7517.0,1,3867.0,1,0.0,1,4765.0,1,2705.0,1,2689.0,4990.649,4540.4707,73.0
495,2013-03-09,3984.0,351.0,1.0,0.0,0,0.0,6.0,0.9266896,0.37582758,1.0,6.123234e-17,1,0,0,1,5625.0,1,5202.0,1,5210.0,1,3574.0,1,3222.0,1,5426.0,1,2946.0,1,2257.0,5244.3896,4781.4775,423.0
495,2013-03-10,0.0,0.0,0.0,0.0,0,0.0,7.0,0.9266896,0.37582758,1.0,6.123234e-17,1,0,0,1,3984.0,1,5625.0,1,5129.0,1,3695.0,1,3299.0,1,4968.0,1,4082.0,1,2636.0,4740.234,4604.2603,-1641.0
495,2013-03-11,4092.0,334.0,1.0,0.0,0,0.0,1.0,0.9646356,0.26358718,1.0,6.123234e-17,1,0,0,1,0.0,1,3984.0,1,5202.0,1,0.0,1,3496.0,1,3638.0,1,3633.0,1,3754.0,2844.1401,3581.0913,-3984.0
495,2013-03-12,2820.0,246.0,1.0,0.0,0,0.0,2.0,0.9646356,0.26358718,1.0,6.123234e-17,1,0,0,1,4092.0,1,0.0,1,5625.0,1,7517.0,1,3867.0,1,0.0,1,4097.0,1,4275.0,3343.2842,3694.6265,4092.0
495,2013-03-13,2890.0,260.0,1.0,0.0,0,0.0,3.0,0.9646356,0.26358718,1.0,6.123234e-17,1,0,0,1,2820.0,1,4092.0,1,3984.0,1,5210.0,1,3574.0,1,3222.0,1,0.0,1,0.0,3133.9705,3500.2651,-1272.0
495,2013-03-14,3778.0,308.0,1.0,0.0,0,0.0,4.0,0.9646356,0.26358718,1.0,6.123234e-17,1,0,0,1,2890.0,1,2820.0,1,0.0,1,5129.0,1,3695.0,1,3299.0,1,7479.0,1,5727.0,3036.3823,3364.6506,70.0
495,2013-03-15,3607.0,322.0,1.0,0.0,0,0.0,5.0,0.9646356,0.26358718,1.0,6.123234e-17,1,0,0,1,3778.0,1,2890.0,1,4092.0,1,5202.0,1,0.0,1,3496.0,1,5133.0,1,5610.0,3333.0293,3456.506,888.0
495,2013-03-16,4104.0,362.0,1.0,0.0,0,0.0,6.0,0.9646356,0.26358718,1.0,6.123234e-17,1,0,0,1,3607.0,1,3778.0,1,2820.0,1,5625.0,1,7517.0,1,3867.0,1,4765.0,1,5673.0,3442.6177,3489.9492,-171.0
495,2013-03-17,0.0,0.0,0.0,0.0,0,0.0,7.0,0.9646356,0.26358718,1.0,6.123234e-17,1,0,0,1,4104.0,1,3607.0,1,2890.0,1,3984.0,1,5210.0,1,3574.0,1,5426.0,1,5184.0,3707.1707,3626.4048,497.0
495,2013-03-18,7132.0,463.0,1.0,1.0,0,0.0,1.0,0.9890402,0.14764656,1.0,6.123234e-17,1,0,0,1,0.0,1,4104.0,1,3778.0,1,0.0,1,5129.0,1,3695.0,1,4968.0,1,5318.0,2224.3022,2820.537,-4104.0
495,2013-03-19,4864.0,362.0,1.0,1.0,0,0.0,2.0,0.9890402,0.14764656,1.0,6.123234e-17,1,0,0,1,7132.0,1,0.0,1,3607.0,1,4092.0,1,5202.0,1,0.0,1,3638.0,1,4180.0,4187.3813,3778.64,7132.0
495,2013-03-20,5368.0,400.0,1.0,1.0,0,0.0,3.0,0.9890402,0.14764656,1.0,6.123234e-17,1,0,0,1,4864.0,1,7132.0,1,4104.0,1,2820.0,1,5625.0,1,7517.0,1,0.0,1,0.0,4458.029,4019.831,-2268.0
495,2013-03-21,4467.0,370.0,1.0,1.0,0,0.0,4.0,0.9890402,0.14764656,1.0,6.123234e-17,1,0,0,1,5368.0,1,4864.0,1,0.0,1,2890.0,1,3984.0,1,5210.0,1,3222.0,1,3368.0,4822.017,4319.4243,504.0
495,2013-03-22,4949.0,394.0,1.0,1.0,0,0.0,5.0,0.9890402,0.14764656,1.0,6.123234e-17,1,0,0,1,4467.0,1,5368.0,1,7132.0,1,3778.0,1,0.0,1,5129.0,1,3299.0,1,2912.0,4680.0103,4352.2188,-901.0
495,2013-03-23,4551.0,367.0,1.0,0.0,0,0.0,6.0,0.9890402,0.14764656,1.0,6.123234e-17,1,0,0,1,4949.0,1,4467.0,1,4864.0,1,3607.0,1,4092.0,1,5202.0,1,3496.0,1,3037.0,4787.6064,4484.837,482.0
495,2013-03-24,0.0,0.0,0.0,0.0,0,0.0,7.0,0.9890402,0.14764656,1.0,6.123234e-17,1,0,0,1,4551.0,1,4949.0,1,5368.0,1,4104.0,1,2820.0,1,5625.0,1,3867.0,1,3979.0,4692.964,4499.5396,-398.0
495,2013-03-25,7904.0,531.0,1.0,1.0,0,1.0,1.0,0.99956083,0.029633328,1.0,6.123234e-17,1,0,0,1,0.0,1,4551.0,1,4467.0,1,0.0,1,2890.0,1,3984.0,1,3574.0,1,4488.0,2815.7783,3499.642,-4551.0
495,2013-03-26,6188.0,477.0,1.0,1.0,0,1.0,2.0,0.99956083,0.029633328,1.0,6.123234e-17,1,0,0,1,7904.0,1,0.0,1,4949.0,1,7132.0,1,3778.0,1,0.0,1,3695.0,1,4536.0,4851.067,4478.388,7904.0
495,2013-03-27,6954.0,538.0,1.0,1.0,0,1.0,3.0,0.99956083,0.029633328,1.0,6.123234e-17,1,0,0,1,6188.0,1,7904.0,1,4551.0,1,4864.0,1,3607.0,1,4092.0,1,0.0,1,0.0,5385.8403,4858.302,-1716.0
495,2013-03-28,7897.0,615.0,1.0,1.0,0,1.0,4.0,0.99956083,0.029633328,1.0,6.123234e-17,1,0,0,1,6954.0,1,6188.0,1,0.0,1,5368.0,1,4104.0,1,2820.0,1,7517.0,1,7009.0,6013.104,5324.0127,766.0
495,2013-03-29,0.0,0.0,0.0,1.0,2,1.0,5.0,0.99956083,0.029633328,1.0,6.123234e-17,1,0,0,1,7897.0,1,6954.0,1,7904.0,1,4467.0,1,0.0,1,2890.0,1,5210.0,1,5300.0,6766.6626,5895.7876,943.0
495,2013-03-30,6829.0,567.0,1.0,0.0,0,0.0,6.0,0.99956083,0.029633328,1.0,6.123234e-17,1,0,0,1,0.0,1,7897.0,1,6188.0,1,4949.0,1,7132.0,1,3778.0,1,5129.0,1,4824.0,4059.9976,4585.613,-7897.0
495,2013-03-31,0.0,0.0,0.0,0.0,0,0.0,7.0,0.99956083,0.029633328,1.0,6.123234e-17,1,0,1,1,6829.0,1,0.0,1,6954.0,1,4551.0,1,4864.0,1,3607.0,1,5202.0,1,5553.0,5167.5986,5084.143,6829.0
495,2013-04-01,0.0,0.0,0.0,0.0,2,1.0,1.0,0.9960498,-0.08879589,0.8660254,-0.5,2,1,0,1,0.0,1,6829.0,1,7897.0,1,0.0,1,5368.0,1,4104.0,1,5625.0,1,5226.0,3100.559,3954.3335,-6829.0
495,2013-04-02,3806.0,354.0,1.0,0.0,0,1.0,2.0,0.9960498,-0.08879589,0.8660254,-0.5,2,0,0,1,0.0,1,0.0,1,0.0,1,7904.0,1,4467.0,1,0.0,1,3984.0,1,3803.0,1860.3354,3075.5928,0.0
495,2013-04-03,3494.0,330.0,1.0,0.0,0,1.0,3.0,0.9960498,-0.08879589,0.8660254,-0.5,2,0,0,1,3806.0,1,0.0,1,6829.0,1,6188.0,1,4949.0,1,7132.0,1,0.0,1,0.0,2638.6013,3237.9055,3806.0
495,2013-04-04,4137.0,358.0,1.0,0.0,0,1.0,4.0,0.9960498,-0.08879589,0.8660254,-0.5,2,0,0,1,3494.0,1,3806.0,1,0.0,1,6954.0,1,4551.0,1,4864.0,1,4092.0,1,2931.0,2980.7607,3294.8154,-312.0
495,2013-04-05,4049.0,355.0,1.0,0.0,0,1.0,5.0,0.9960498,-0.08879589,0.8660254,-0.5,2,0,0,1,4137.0,1,3494.0,1,0.0,1,7897.0,1,0.0,1,5368.0,1,2820.0,1,2705.0,3443.2563,3481.9675,643.0
495,2013-04-06,4830.0,378.0,1.0,0.0,0,0.0,6.0,0.9960498,-0.08879589,0.8660254,-0.5,2,0,0,1,4049.0,1,4137.0,1,3806.0,1,0.0,1,7904.0,1,4467.0,1,2890.0,1,2946.0,3685.554,3607.9746,-88.0
495,2013-04-07,0.0,0.0,0.0,0.0,0,0.0,7.0,0.9960498,-0.08879589,0.8660254,-0.5,2,0,0,1,4830.0,1,4049.0,1,3494.0,1,6829.0,1,6188.0,1,4949.0,1,3778.0,1,4082.0,4143.3325,3879.536,781.0
495,2013-04-08,8212.0,572.0,1.0,1.0,0,0.0,1.0,0.9785565,-0.20597862,0.8660254,-0.5,2,0,0,1,0.0,1,4830.0,1,4137.0,1,0.0,1,6954.0,1,4551.0,1,3607.0,1,3633.0,2485.9995,3017.4167,-4830.0
495,2013-04-09,5446.0,405.0,1.0,1.0,0,0.0,2.0,0.9785565,-0.20597862,0.8660254,-0.5,2,0,0,1,8212.0,1,0.0,1,4049.0,1,0.0,1,7897.0,1,0.0,1,4104.0,1,4097.0,4776.3994,4171.7686,8212.0
495,2013-04-10,5039.0,357.0,1.0,1.0,0,0.0,3.0,0.9785565,-0.20597862,0.8660254,-0.5,2,0,0,1,5446.0,1,8212.0,1,4830.0,1,3806.0,1,0.0,1,7904.0,1,0.0,1,0.0,5044.2397,4454.931,-2766.0
495,2013-04-11,5883.0,429.0,1.0,1.0,0,0.0,4.0,0.9785565,-0.20597862,0.8660254,-0.5,2,0,0,1,5039.0,1,5446.0,1,0.0,1,3494.0,1,6829.0,1,6188.0,1,7132.0,1,7479.0,5042.144,4584.724,-407.0
495,2013-04-12,5644.0,423.0,1.0,1.0,0,0.0,5.0,0.9785565,-0.20597862,0.8660254,-0.5,2,0,0,1,5883.0,1,5039.0,1,8212.0,1,4137.0,1,0.0,1,6954.0,1,4864.0,1,5133.0,5378.4863,4873.23,844.0
495,2013-04-13,4073.0,369.0,1.0,0.0,0,0.0,6.0,0.9785565,-0.20597862,0.8660254,-0.5,2,0,0,1,5644.0,1,5883.0,1,5446.0,1,4049.0,1,0.0,1,7897.0,1,5368.0,1,4765.0,5484.692,5044.512,-239.0
495,2013-04-14,0.0,0.0,0.0,0.0,0,0.0,7.0,0.9785565,-0.20597862,0.8660254,-0.5,2,0,0,1,4073.0,1,5644.0,1,5039.0,1,4830.0,1,3806.0,1,0.0,1,4467.0,1,5426.0,4920.015,4828.6206,-1571.0
495,2013-04-15,2872.0,280.0,1.0,0.0,0,0.0,1.0,0.94732636,-0.32026985,0.8660254,-0.5,2,0,0,1,0.0,1,4073.0,1,5883.0,1,0.0,1,3494.0,1,6829.0,1,4949.0,1,4968.0,2952.009,3755.5938,-4073.0
495,2013-04-16,2888.0,271.0,1.0,0.0,0,0.0,2.0,0.94732636,-0.32026985,0.8660254,-0.5,2,0,0,1,2872.0,1,0.0,1,5644.0,1,8212.0,1,4137.0,1,0.0,1,4551.0,1,3638.0,2920.0054,3559.2395,2872.0
495,2013-04-17,3477.0,319.0,1.0,0.0,0,0.0,3.0,0.94732636,-0.32026985,0.8660254,-0.5,2,0,0,1,2888.0,1,2872.0,1,4073.0,1,5446.0,1,4049.0,1,0.0,1,0.0,1,0.0,2907.2034,3410.0752,16.0
495,2013-04-18,3955.0,341.0,1.0,0.0,0,0.0,4.0,0.94732636,-0.32026985,0.8660254,-0.5,2,0,0,1,3477.0,1,2888.0,1,0.0,1,5039.0,1,4830.0,1,3806.0,1,7904.0,1,3222.0,3135.122,3424.9475,589.0
495,2013-04-19,3909.0,334.0,1.0,0.0,0,0.0,5.0,0.94732636,-0.32026985,0.8660254,-0.5,2,0,0,1,3955.0,1,3477.0,1,2872.0,1,5883.0,1,0.0,1,3494.0,1,6188.0,1,3299.0,3463.0732,3542.7368,478.0
495,2013-04-20,4575.0,359.0,1.0,0.0,0,0.0,6.0,0.94732636,-0.32026985,0.8660254,-0.5,2,0,0,1,3909.0,1,3955.0,1,2888.0,1,5644.0,1,8212.0,1,4137.0,1,6954.0,1,3496.0,3641.4438,3624.1287,-46.0
495,2013-04-21,0.0,0.0,0.0,0.0,0,0.0,7.0,0.94732636,-0.32026985,0.8660254,-0.5,2,0,0,1,4575.0,1,3909.0,1,3477.0,1,4073.0,1,5446.0,1,4049.0,1,7897.0,1,3867.0,4014.8665,3835.4333,666.0
495,2013-04-22,7019.0,515.0,1.0,1.0,0,0.0,1.0,0.9027978,-0.4300652,0.8660254,-0.5,2,0,0,1,0.0,1,4575.0,1,3955.0,1,0.0,1,5039.0,1,4830.0,1,0.0,1,3574.0,2408.92,2983.115,-4575.0
495,2013-04-23,4829.0,373.0,1.0,1.0,0,0.0,2.0,0.9027978,-0.4300652,0.8660254,-0.5,2,0,0,1,7019.0,1,0.0,1,3909.0,1,2872.0,1,5883.0,1,0.0,1,6829.0,1,3695.0,4252.9517,3879.9783,7019.0
495,2013-04-24,4444.0,343.0,1.0,1.0,0,0.0,3.0,0.9027978,-0.4300652,0.8660254,-0.5,2,0,0,1,4829.0,1,7019.0,1,4575.0,1,2888.0,1,5644.0,1,8212.0,1,0.0,1,0.0,4483.371,4090.872,-2190.0
495,2013-04-25,4577.0,376.0,1.0,1.0,0,0.0,4.0,0.9027978,-0.4300652,0.8660254,-0.5,2,0,0,1,4444.0,1,4829.0,1,0.0,1,3477.0,1,4073.0,1,5446.0,1,0.0,1,7517.0,4467.6226,4169.3447,-385.0
495,2013-04-26,5493.0,432.0,1.0,1.0,0,0.0,5.0,0.9027978,-0.4300652,0.8660254,-0.5,2,0,0,1,4577.0,1,4444.0,1,7019.0,1,3955.0,1,0.0,1,5039.0,1,3806.0,1,5210.0,4511.3735,4259.935,133.0
495,2013-04-27,3973.0,341.0,1.0,0.0,0,0.0,6.0,0.9027978,-0.4300652,0.8660254,-0.5,2,0,0,1,5493.0,1,4577.0,1,4829.0,1,3909.0,1,2872.0,1,5883.0,1,3494.0,1,5129.0,4904.024,4533.949,916.0
495,2013-04-28,0.0,0.0,0.0,0.0,0,0.0,7.0,0.9027978,-0.4300652,0.8660254,-0.5,2,0,0,1,3973.0,1,5493.0,1,4444.0,1,4575.0,1,2888.0,1,5644.0,1,4137.0,1,5202.0,4531.6143,4409.294,-1520.0
495,2013-04-29,7318.0,529.0,1.0,1.0,0,0.0,1.0,0.845596,-0.5338234,0.8660254,-0.5,2,0,0,1,0.0,1,3973.0,1,4577.0,1,0.0,1,3477.0,1,4073.0,1,4049.0,1,5625.0,2718.9688,3429.451,-3973.0
495,2013-04-30,6051.0,464.0,1.0,1.0,0,0.0,2.0,0.845596,-0.5338234,0.8660254,-0.5,2,0,1,1,7318.0,1,0.0,1,5493.0,1,7019.0,1,3955.0,1,0.0,1,4830.0,1,3984.0,4558.581,4293.5728,7318.0
495,2013-05-01,0.0,0.0,0.0,1.0,1,0.0,3.0,0.845596,-0.5338234,0.5,-0.8660254,2,1,0,1,6051.0,1,7318.0,1,3973.0,1,4829.0,1,3909.0,1,2872.0,1,0.0,1,0.0,5155.549,4684.1123,-1267.0
495,2013-05-02,6612.0,479.0,1.0,1.0,0,0.0,4.0,0.845596,-0.5338234,0.5,-0.8660254,2,0,0,1,0.0,1,6051.0,1,0.0,1,4444.0,1,4575.0,1,2888.0,1,8212.0,1,4092.0,3093.3293,3643.1985,-6051.0
495,2013-05-03,6297.0,464.0,1.0,1.0,0,0.0,5.0,0.845596,-0.5338234,0.5,-0.8660254,2,0,0,1,6612.0,1,0.0,1,7318.0,1,4577.0,1,0.0,1,3477.0,1,5446.0,1,2820.0,4500.7974,4302.932,6612.0
495,2013-05-04,4986.0,384.0,1.0,0.0,0,0.0,6.0,0.845596,-0.5338234,0.5,-0.8660254,2,0,0,1,6297.0,1,6612.0,1,6051.0,1,5493.0,1,7019.0,1,3955.0,1,5039.0,1,2890.0,5219.2783,4746.058,-315.0
495,2013-05-05,0.0,0.0,0.0,0.0,0,0.0,7.0,0.845596,-0.5338234,0.5,-0.8660254,2,0,0,1,4986.0,1,6297.0,1,0.0,1,3973.0,1,4829.0,1,3909.0,1,5883.0,1,3778.0,5125.9673,4799.379,-1311.0
495,2013-05-06,4097.0,352.0,1.0,0.0,0,0.0,1.0,0.7765239,-0.63008785,0.5,-0.8660254,2,0,0,1,0.0,1,4986.0,1,6612.0,1,0.0,1,4444.0,1,4575.0,1,5644.0,1,3607.0,3075.5803,3732.85,-4986.0
495,2013-05-07,3911.0,334.0,1.0,0.0,0,0.0,2.0,0.7765239,-0.63008785,0.5,-0.8660254,2,0,0,1,4097.0,1,0.0,1,6297.0,1,7318.0,1,4577.0,1,0.0,1,4073.0,1,4104.0,3484.1482,3813.7722,4097.0
495,2013-05-08,5009.0,471.0,1.0,0.0,0,0.0,3.0,0.7765239,-0.63008785,0.5,-0.8660254,2,0,0,1,3911.0,1,4097.0,1,4986.0,1,6051.0,1,5493.0,1,7019.0,1,0.0,1,0.0,3654.889,3835.3784,-186.0
495,2013-05-09,0.0,0.0,0.0,0.0,1,0.0,4.0,0.7765239,-0.63008785,0.5,-0.8660254,2,0,0,1,5009.0,1,3911.0,1,0.0,1,0.0,1,3973.0,1,4829.0,1,2872.0,1,7132.0,4196.533,4096.183,1098.0
495,2013-05-10,5173.0,441.0,1.0,0.0,0,0.0,5.0,0.7765239,-0.63008785,0.5,-0.8660254,2,0,0,1,0.0,1,5009.0,1,4097.0,1,6612.0,1,0.0,1,4444.0,1,2888.0,1,4864.0,2517.92,3185.9204,-5009.0
495,2013-05-11,5484.0,444.0,1.0,0.0,0,0.0,6.0,0.7765239,-0.63008785,0.5,-0.8660254,2,0,0,1,5173.0,1,0.0,1,3911.0,1,6297.0,1,7318.0,1,4577.0,1,3477.0,1,5368.0,3579.952,3627.4937,5173.0
495,2013-05-12,0.0,0.0,0.0,0.0,0,0.0,7.0,0.7765239,-0.63008785,0.5,-0.8660254,2,0,0,1,5484.0,1,5173.0,1,5009.0,1,4986.0,1,6051.0,1,5493.0,1,3955.0,1,4467.0,4341.5713,4040.0505,311.0
495,2013-05-13,7049.0,477.0,1.0,1.0,0,0.0,1.0,0.696551,-0.71750724,0.5,-0.8660254,2,0,0,1,0.0,1,5484.0,1,0.0,1,0.0,1,0.0,1,3973.0,1,3909.0,1,4949.0,2604.9426,3142.2615,-5484.0
495,2013-05-14,5220.0,383.0,1.0,1.0,0,0.0,2.0,0.696551,-0.71750724,0.5,-0.8660254,2,0,0,1,7049.0,1,0.0,1,5173.0,1,4097.0,1,6612.0,1,0.0,1,4575.0,1,4551.0,4382.5654,4010.4255,7049.0
495,2013-05-15,5107.0,365.0,1.0,1.0,0,0.0,3.0,0.696551,-0.71750724,0.5,-0.8660254,2,0,0,1,5220.0,1,7049.0,1,5484.0,1,3911.0,1,6297.0,1,7318.0,1,0.0,1,0.0,4717.5396,4279.2197,-1829.0
495,2013-05-16,5091.0,418.0,1.0,1.0,0,0.0,4.0,0.696551,-0.71750724,0.5,-0.8660254,2,0,0,1,5107.0,1,5220.0,1,0.0,1,5009.0,1,4986.0,1,6051.0,1,7019.0,1,7904.0,4873.3237,4463.171,-113.0
495,2013-05-17,6083.0,458.0,1.0,1.0,0,0.0,5.0,0.696551,-0.71750724,0.5,-0.8660254,2,0,0,1,5091.0,1,5107.0,1,7049.0,1,0.0,1,0.0,1,0.0,1,4829.0,1,6188.0,4960.394,4602.6885,-16.0
495,2013-05-18,3955.0,367.0,1.0,0.0,0,0.0,6.0,0.696551,-0.71750724,0.5,-0.8660254,2,0,0,1,6083.0,1,5091.0,1,5220.0,1,5173.0,1,4097.0,1,6612.0,1,4444.0,1,6954.0,5409.4365,4931.6465,992.0
495,2013-05-19,0.0,0.0,0.0,0.0,0,0.0,7.0,0.696551,-0.71750724,0.5,-0.8660254,2,0,0,1,3955.0,1,6083.0,1,5107.0,1,5484.0,1,3911.0,1,6297.0,1,4577.0,1,7897.0,4827.662,4714.6143,-2128.0
495,2013-05-20,0.0,0.0,0.0,0.0,1,0.0,1.0,0.60680014,-0.79485446,0.5,-0.8660254,2,0,0,1,0.0,1,3955.0,1,5091.0,1,0.0,1,5009.0,1,4986.0,1,5493.0,1,0.0,2896.5972,3666.922,-3955.0
495,2013-05-21,3992.0,393.0,1.0,0.0,0,1.0,2.0,0.60680014,-0.79485446,0.5,-0.8660254,2,0,0,1,0.0,1,0.0,1,6083.0,1,7049.0,1,0.0,1,0.0,1,3973.0,1,6829.0,1737.9583,2852.0505,0.0
495,2013-05-22,3816.0,325.0,1.0,0.0,0,1.0,3.0,0.60680014,-0.79485446,0.5,-0.8660254,2,0,0,1,3992.0,1,0.0,1,3955.0,1,5220.0,1,5173.0,1,4097.0,1,0.0,1,0.0,2639.575,3105.3726,3992.0
495,2013-05-23,3548.0,328.0,1.0,0.0,0,1.0,4.0,0.60680014,-0.79485446,0.5,-0.8660254,2,0,0,1,3816.0,1,3992.0,1,0.0,1,5107.0,1,5484.0,1,3911.0,1,7318.0,1,0.0,3110.145,3263.2898,-176.0
495,2013-05-24,4275.0,342.0,1.0,0.0,0,1.0,5.0,0.60680014,-0.79485446,0.5,-0.8660254,2,0,0,1,3548.0,1,3816.0,1,0.0,1,5091.0,1,0.0,1,5009.0,1,6051.0,1,3806.0,3285.287,3326.5588,-268.0
495,2013-05-25,4032.0,331.0,1.0,0.0,0,0.0,6.0,0.60680014,-0.79485446,0.5,-0.8660254,2,0,0,1,4275.0,1,3548.0,1,3992.0,1,6083.0,1,7049.0,1,0.0,1,0.0,1,3494.0,3681.172,3537.3235,727.0
495,2013-05-26,0.0,0.0,0.0,0.0,0,0.0,7.0,0.60680014,-0.79485446,0.5,-0.8660254,2,0,0,1,4032.0,1,4275.0,1,3816.0,1,3955.0,1,5220.0,1,5173.0,1,6612.0,1,4137.0,3821.5034,3647.2515,-243.0
495,2013-05-27,7159.0,485.0,1.0,1.0,0,1.0,1.0,0.5085311,-0.86104363,0.5,-0.8660254,2,0,0,1,0.0,1,4032.0,1,3548.0,1,0.0,1,5107.0,1,5484.0,1,6297.0,1,4049.0,2292.902,2836.7512,-4032.0
495,2013-05-28,4499.0,336.0,1.0,1.0,0,1.0,2.0,0.5085311,-0.86104363,0.5,-0.8660254,2,0,0,1,7159.0,1,0.0,1,4275.0,1,0.0,1,5091.0,1,0.0,1,4986.0,1,4830.0,4239.3413,3797.251,7159.0
495,2013-05-29,6677.0,486.0,1.0,1.0,0,1.0,3.0,0.5085311,-0.86104363,0.5,-0.8660254,2,0,0,1,4499.0,1,7159.0,1,4032.0,1,3992.0,1,6083.0,1,7049.0,1,0.0,1,0.0,4343.2046,3953.195,-2660.0
495,2013-05-30,0.0,0.0,0.0,1.0,1,1.0,4.0,0.5085311,-0.86104363,0.5,-0.8660254,2,0,0,1,6677.0,1,4499.0,1,0.0,1,3816.0,1,3955.0,1,5220.0,1,4097.0,1,8212.0,5276.7227,4558.4854,2178.0
495,2013-05-31,7737.0,534.0,1.0,1.0,0,1.0,5.0,0.5085311,-0.86104363,0.5,-0.8660254,2,0,1,1,0.0,1,6677.0,1,7159.0,1,3548.0,1,0.0,1,5107.0,1,3911.0,1,5446.0,3166.0337,3545.4885,-6677.0
495,2013-06-01,4322.0,360.0,1.0,0.0,0,0.0,6.0,0.5085311,-0.86104363,1.2246469e-16,-1.0,2,1,0,1,7737.0,1,0.0,1,4499.0,1,4275.0,1,0.0,1,5091.0,1,5009.0,1,5039.0,4994.4204,4476.9355,7737.0
495,2013-06-02,0.0,0.0,0.0,0.0,0,0.0,7.0,0.5085311,-0.86104363,1.2246469e-16,-1.0,2,0,0,1,4322.0,1,7737.0,1,6677.0,1,4032.0,1,3992.0,1,6083.0,1,0.0,1,5883.0,4725.452,4442.5054,-3415.0
495,2013-06-03,8326.0,535.0,1.0,1.0,0,0.0,1.0,0.40312344,-0.91514564,1.2246469e-16,-1.0,2,0,0,1,0.0,1,4322.0,1,0.0,1,0.0,1,3816.0,1,3955.0,1,5173.0,1,5644.0,2835.2712,3455.282,-4322.0
495,2013-06-04,5599.0,410.0,1.0,1.0,0,0.0,2.0,0.40312344,-0.91514564,1.2246469e-16,-1.0,2,0,0,1,8326.0,1,0.0,1,7737.0,1,7159.0,1,3548.0,1,0.0,1,5484.0,1,4073.0,5031.563,4537.6636,8326.0
495,2013-06-05,4387.0,332.0,1.0,1.0,0,0.0,3.0,0.40312344,-0.91514564,1.2246469e-16,-1.0,2,0,0,1,5599.0,1,8326.0,1,4322.0,1,4499.0,1,4275.0,1,0.0,1,0.0,1,0.0,5258.5376,4773.516,-2727.0
495,2013-06-06,4884.0,378.0,1.0,1.0,0,0.0,4.0,0.40312344,-0.91514564,1.2246469e-16,-1.0,2,0,0,1,4387.0,1,5599.0,1,0.0,1,6677.0,1,4032.0,1,3992.0,1,7049.0,1,2872.0,4909.9224,4687.6235,-1212.0
495,2013-06-07,5455.0,426.0,1.0,1.0,0,0.0,5.0,0.40312344,-0.91514564,1.2246469e-16,-1.0,2,0,0,1,4884.0,1,4387.0,1,8326.0,1,0.0,1,0.0,1,3816.0,1,5220.0,1,2888.0,4899.5537,4731.2627,497.0
495,2013-06-08,4320.0,357.0,1.0,0.0,0,0.0,6.0,0.40312344,-0.91514564,1.2246469e-16,-1.0,2,0,0,1,5455.0,1,4884.0,1,5599.0,1,7737.0,1,7159.0,1,3548.0,1,5107.0,1,3477.0,5121.732,4892.0933,571.0
495,2013-06-09,0.0,0.0,0.0,0.0,0,0.0,7.0,0.40312344,-0.91514564,1.2246469e-16,-1.0,2,0,0,1,4320.0,1,5455.0,1,4387.0,1,4322.0,1,4499.0,1,4275.0,1,5091.0,1,3955.0,4801.039,4764.9614,-1135.0
495,2013-06-10,3921.0,332.0,1.0,0.0,0,0.0,1.0,0.29205677,-0.956401,1.2246469e-16,-1.0,2,0,0,1,0.0,1,4320.0,1,4884.0,1,0.0,1,6677.0,1,4032.0,1,6083.0,1,3909.0,2880.6235,3706.0813,-4320.0
495,2013-06-11,3498.0,308.0,1.0,0.0,0,0.0,2.0,0.29205677,-0.956401,1.2246469e-16,-1.0,2,0,0,1,3921.0,1,0.0,1,5455.0,1,8326.0,1,0.0,1,0.0,1,3955.0,1,4575.0,3296.7742,3753.8408,3921.0
495,2013-06-12,3967.0,338.0,1.0,0.0,0,0.0,3.0,0.29205677,-0.956401,1.2246469e-16,-1.0,2,0,0,1,3498.0,1,3921.0,1,4320.0,1,5599.0,1,7737.0,1,7159.0,1,0.0,1,0.0,3377.2644,3696.9873,-423.0
495,2013-06-13,3793.0,324.0,1.0,0.0,0,0.0,4.0,0.29205677,-0.956401,1.2246469e-16,-1.0,2,0,0,1,3967.0,1,3498.0,1,0.0,1,4387.0,1,4322.0,1,4499.0,1,0.0,1,7019.0,3613.1587,3756.9902,469.0
495,2013-06-14,4279.0,348.0,1.0,0.0,0,0.0,5.0,0.29205677,-0.956401,1.2246469e-16,-1.0,2,0,0,1,3793.0,1,3967.0,1,3921.0,1,4884.0,1,0.0,1,6677.0,1,3992.0,1,4829.0,3685.0952,3764.9924,-174.0
495,2013-06-15,4235.0,367.0,1.0,0.0,0,0.0,6.0,0.29205677,-0.956401,1.2246469e-16,-1.0,2,0,0,1,4279.0,1,3793.0,1,3498.0,1,5455.0,1,8326.0,1,0.0,1,3816.0,1,4444.0,3922.6572,3879.2163,486.0
495,2013-06-16,0.0,0.0,0.0,0.0,0,0.0,7.0,0.29205677,-0.956401,1.2246469e-16,-1.0,2,0,0,1,4235.0,1,4279.0,1,3967.0,1,4320.0,1,5599.0,1,7737.0,1,3548.0,1,4577.0,4047.5942,3958.2793,-44.0
495,2013-06-17,7488.0,501.0,1.0,1.0,0,0.0,1.0,0.17689027,-0.9842306,1.2246469e-16,-1.0,2,0,0,1,0.0,1,4235.0,1,3793.0,1,0.0,1,4387.0,1,4322.0,1,4275.0,1,5493.0,2428.5566,3078.6616,-4235.0
495,2013-06-18,5224.0,389.0,1.0,1.0,0,0.0,2.0,0.17689027,-0.9842306,1.2246469e-16,-1.0,2,0,0,1,7488.0,1,0.0,1,4279.0,1,3921.0,1,4884.0,1,0.0,1,4032.0,1,3973.0,4452.334,4058.5146,7488.0
495,2013-06-19,4984.0,376.0,1.0,1.0,0,0.0,3.0,0.17689027,-0.9842306,1.2246469e-16,-1.0,2,0,0,1,5224.0,1,7488.0,1,4235.0,1,3498.0,1,5455.0,1,8326.0,1,0.0,1,0.0,4761.0005,4317.511,-2264.0
495,2013-06-20,5975.0,448.0,1.0,1.0,0,0.0,4.0,0.17689027,-0.9842306,1.2246469e-16,-1.0,2,0,0,1,4984.0,1,5224.0,1,0.0,1,3967.0,1,4320.0,1,5599.0,1,7159.0,1,7318.0,4850.2,4465.62,-240.0
495,2013-06-21,5904.0,448.0,1.0,1.0,0,0.0,5.0,0.17689027,-0.9842306,1.2246469e-16,-1.0,2,0,0,1,5975.0,1,4984.0,1,7488.0,1,3793.0,1,0.0,1,4387.0,1,4499.0,1,6051.0,5300.12,4801.0376,991.0
495,2013-06-22,4978.0,367.0,1.0,0.0,0,0.0,6.0,0.17689027,-0.9842306,1.2246469e-16,-1.0,2,0,0,1,5904.0,1,5975.0,1,5224.0,1,4279.0,1,3921.0,1,4884.0,1,6677.0,1,0.0,5541.672,5046.1406,-71.0
495,2013-06-23,0.0,0.0,0.0,0.0,0,0.0,7.0,0.17689027,-0.9842306,1.2246469e-16,-1.0,2,0,0,1,4978.0,1,5904.0,1,4984.0,1,4235.0,1,3498.0,1,5455.0,1,0.0,1,6612.0,5316.203,5030.998,-926.0
495,2013-06-24,3857.0,324.0,1.0,0.0,0,0.0,1.0,0.059240628,-0.99824375,1.2246469e-16,-1.0,2,0,0,1,0.0,1,4978.0,1,5975.0,1,0.0,1,3967.0,1,4320.0,1,7737.0,1,6297.0,3189.722,3912.9985,-4978.0
495,2013-06-25,4104.0,323.0,1.0,0.0,0,0.0,2.0,0.059240628,-0.99824375,1.2246469e-16,-1.0,2,0,0,1,3857.0,1,0.0,1,5904.0,1,7488.0,1,3793.0,1,0.0,1,4322.0,1,4986.0,3456.633,3900.5544,3857.0
495,2013-06-26,3779.0,340.0,1.0,0.0,0,0.0,3.0,0.059240628,-0.99824375,1.2246469e-16,-1.0,2,0,0,1,4104.0,1,3857.0,1,4978.0,1,5224.0,1,4279.0,1,3921.0,1,0.0,1,0.0,3715.5798,3945.7646,247.0
495,2013-06-27,4081.0,366.0,1.0,0.0,0,0.0,4.0,0.059240628,-0.99824375,1.2246469e-16,-1.0,2,0,0,1,3779.0,1,4104.0,1,0.0,1,4984.0,1,4235.0,1,3498.0,1,8326.0,1,4097.0,3740.948,3908.7058,-325.0
495,2013-06-28,4639.0,392.0,1.0,0.0,0,0.0,5.0,0.059240628,-0.99824375,1.2246469e-16,-1.0,2,0,0,1,4081.0,1,3779.0,1,3857.0,1,5975.0,1,0.0,1,3967.0,1,5599.0,1,3911.0,3876.9688,3946.9934,302.0
495,2013-06-29,5269.0,399.0,1.0,0.0,0,0.0,6.0,0.059240628,-0.99824375,1.2246469e-16,-1.0,2,0,0,1,4639.0,1,4081.0,1,4104.0,1,5904.0,1,7488.0,1,3793.0,1,4387.0,1,5009.0,4181.7812,4100.7725,558.0
495,2013-06-30,0.0,0.0,0.0,0.0,0,0.0,7.0,0.059240628,-0.99824375,1.2246469e-16,-1.0,2,0,1,1,5269.0,1,4639.0,1,3779.0,1,4978.0,1,5224.0,1,4279.0,1,4884.0,1,0.0,4616.669,4360.379,630.0
495,2013-07-01,5791.0,448.0,1.0,1.0,0,0.0,1.0,-0.059240628,-0.99824375,-0.5,-0.8660254,3,1,0,1,0.0,1,5269.0,1,4081.0,1,0.0,1,4984.0,1,4235.0,1,5455.0,1,5173.0,2770.0012,3391.4058,-5269.0
495,2013-07-02,5598.0,435.0,1.0,1.0,0,0.0,2.0,-0.059240628,-0.99824375,-0.5,-0.8660254,3,0,0,1,5791.0,1,0.0,1,4639.0,1,3857.0,1,5975.0,1,0.0,1,4320.0,1,5484.0,3978.4006,3924.649,5791.0
495,2013-07-03,6747.0,448.0,1.0,1.0,0,0.0,3.0,-0.059240628,-0.99824375,-0.5,-0.8660254,3,0,0,1,5598.0,1,5791.0,1,5269.0,1,4104.0,1,5904.0,1,7488.0,1,0.0,1,0.0,4626.24,4296.505,-193.0
495,2013-07-04,6500.0,448.0,1.0,1.0,0,0.0,4.0,-0.059240628,-0.99824375,-0.5,-0.8660254,3,0,0,1,6747.0,1,5598.0,1,0.0,1,3779.0,1,4978.0,1,5224.0,1,3921.0,1,7049.0,5474.5444,4841.059,1149.0
495,2013-07-05,6503.0,471.0,1.0,1.0,0,0.0,5.0,-0.059240628,-0.99824375,-0.5,-0.8660254,3,0,0,1,6500.0,1,6747.0,1,5791.0,1,4081.0,1,0.0,1,4984.0,1,3498.0,1,5220.0,5884.7266,5209.713,-247.0
495,2013-07-06,4188.0,344.0,1.0,0.0,0,0.0,6.0,-0.059240628,-0.99824375,-0.5,-0.8660254,3,0,0,1,6503.0,1,6500.0,1,5598.0,1,4639.0,1,3857.0,1,5975.0,1,3967.0,1,5107.0,6132.036,5497.11,3.0
495,2013-07-07,0.0,0.0,0.0,0.0,0,0.0,7.0,-0.059240628,-0.99824375,-0.5,-0.8660254,3,0,0,1,4188.0,1,6503.0,1,6747.0,1,5269.0,1,4104.0,1,5904.0,1,3793.0,1,5091.0,5354.4214,5206.197,-2315.0
495,2013-07-08,4479.0,362.0,1.0,0.0,0,0.0,1.0,-0.17689027,-0.9842306,-0.5,-0.8660254,3,0,0,1,0.0,1,4188.0,1,6500.0,1,0.0,1,3779.0,1,4978.0,1,4279.0,1,6083.0,3212.6528,4049.264,-4188.0
495,2013-07-09,3385.0,292.0,1.0,0.0,0,0.0,2.0,-0.17689027,-0.9842306,-0.5,-0.8660254,3,0,0,1,4479.0,1,0.0,1,6503.0,1,5791.0,1,4081.0,1,0.0,1,4235.0,1,3955.0,3719.1917,4144.7607,4479.0
495,2013-07-10,3802.0,317.0,1.0,0.0,0,0.0,3.0,-0.17689027,-0.9842306,-0.5,-0.8660254,3,0,0,1,3385.0,1,4479.0,1,4188.0,1,5598.0,1,4639.0,1,3857.0,1,0.0,1,0.0,3585.5151,3975.925,-1094.0
495,2013-07-11,3988.0,340.0,1.0,0.0,0,0.0,4.0,-0.17689027,-0.9842306,-0.5,-0.8660254,3,0,0,1,3802.0,1,3385.0,1,0.0,1,6747.0,1,5269.0,1,4104.0,1,7488.0,1,0.0,3672.1091,3937.2751,417.0
495,2013-07-12,4261.0,378.0,1.0,0.0,0,0.0,5.0,-0.17689027,-0.9842306,-0.5,-0.8660254,3,0,0,1,3988.0,1,3802.0,1,4479.0,1,6500.0,1,0.0,1,3779.0,1,5224.0,1,3992.0,3798.4653,3948.5474,186.0
495,2013-07-13,4643.0,361.0,1.0,0.0,0,0.0,6.0,-0.17689027,-0.9842306,-0.5,-0.8660254,3,0,0,1,4261.0,1,3988.0,1,3385.0,1,6503.0,1,5791.0,1,4081.0,1,4984.0,1,3816.0,3983.4792,4017.9812,273.0
495,2013-07-14,0.0,0.0,0.0,0.0,0,0.0,7.0,-0.17689027,-0.9842306,-0.5,-0.8660254,3,0,0,1,4643.0,1,4261.0,1,3802.0,1,4188.0,1,5598.0,1,4639.0,1,5975.0,1,3548.0,4247.2876,4156.8745,382.0
495,2013-07-15,8748.0,555.0,1.0,1.0,0,0.0,1.0,-0.29205677,-0.956401,-0.5,-0.8660254,3,0,0,1,0.0,1,4643.0,1,3988.0,1,0.0,1,6747.0,1,5269.0,1,5904.0,1,4275.0,2548.3726,3233.1245,-4643.0
495,2013-07-16,6736.0,456.0,1.0,1.0,0,0.0,2.0,-0.29205677,-0.956401,-0.5,-0.8660254,3,0,0,1,8748.0,1,0.0,1,4261.0,1,4479.0,1,6500.0,1,0.0,1,4978.0,1,4032.0,5028.2236,4458.6523,8748.0
495,2013-07-17,6134.0,416.0,1.0,1.0,0,0.0,3.0,-0.29205677,-0.956401,-0.5,-0.8660254,3,0,0,1,6736.0,1,8748.0,1,4643.0,1,3385.0,1,6503.0,1,5791.0,1,0.0,1,0.0,5711.334,4964.7295,-2012.0
495,2013-07-18,5899.0,434.0,1.0,1.0,0,0.0,4.0,-0.29205677,-0.956401,-0.5,-0.8660254,3,0,0,1,6134.0,1,6736.0,1,0.0,1,3802.0,1,4188.0,1,5598.0,1,3857.0,1,7159.0,5880.4004,5224.5674,-602.0
495,2013-07-19,5579.0,426.0,1.0,1.0,0,0.0,5.0,-0.29205677,-0.956401,-0.5,-0.8660254,3,0,0,1,5899.0,1,6134.0,1,8748.0,1,3988.0,1,0.0,1,6747.0,1,4104.0,1,4499.0,5887.8403,5374.4414,-235.0
495,2013-07-20,3826.0,369.0,1.0,0.0,0,0.0,6.0,-0.29205677,-0.956401,-0.5,-0.8660254,3,0,0,1,5579.0,1,5899.0,1,6736.0,1,4261.0,1,4479.0,1,6500.0,1,3779.0,1,6677.0,5764.304,5419.899,-320.0
495,2013-07-21,0.0,0.0,0.0,0.0,0,0.0,7.0,-0.29205677,-0.956401,-0.5,-0.8660254,3,0,0,1,3826.0,1,5579.0,1,6134.0,1,4643.0,1,3385.0,1,6503.0,1,4081.0,1,0.0,4988.9824,5065.699,-1753.0
495,2013-07-22,4527.0,383.0,1.0,0.0,0,0.0,1.0,-0.40312344,-0.91514564,-0.5,-0.8660254,3,0,0,1,0.0,1,3826.0,1,5899.0,1,0.0,1,3802.0,1,4188.0,1,4639.0,1,7737.0,2993.3894,3939.9883,-3826.0
495,2013-07-23,3381.0,306.0,1.0,0.0,0,0.0,2.0,-0.40312344,-0.91514564,-0.5,-0.8660254,3,0,0,1,4527.0,1,0.0,1,5579.0,1,8748.0,1,3988.0,1,0.0,1,5269.0,1,4322.0,3606.8337,4070.4353,4527.0
495,2013-07-24,3976.0,335.0,1.0,0.0,0,0.0,3.0,-0.40312344,-0.91514564,-0.5,-0.8660254,3,0,0,1,3381.0,1,4527.0,1,3826.0,1,6736.0,1,4261.0,1,4479.0,1,0.0,1,0.0,3516.5002,3917.2275,-1146.0
495,2013-07-25,3718.0,341.0,1.0,0.0,0,1.0,4.0,-0.40312344,-0.91514564,-0.5,-0.8660254,3,0,0,1,3976.0,1,3381.0,1,0.0,1,6134.0,1,4643.0,1,3385.0,1,5791.0,1,8326.0,3700.3,3930.288,595.0
495,2013-07-26,4126.0,361.0,1.0,0.0,0,1.0,5.0,-0.40312344,-0.91514564,-0.5,-0.8660254,3,0,0,1,3718.0,1,3976.0,1,4527.0,1,5899.0,1,0.0,1,3802.0,1,5598.0,1,5599.0,3707.3801,3883.1128,-258.0
495,2013-07-27,3927.0,342.0,1.0,0.0,0,0.0,6.0,-0.40312344,-0.91514564,-0.5,-0.8660254,3,0,0,1,4126.0,1,3718.0,1,3381.0,1,5579.0,1,8748.0,1,3988.0,1,6747.0,1,4387.0,3874.8281,3937.088,408.0
495,2013-07-28,0.0,0.0,0.0,0.0,0,0.0,7.0,-0.40312344,-0.91514564,-0.5,-0.8660254,3,0,0,1,3927.0,1,4126.0,1,3976.0,1,3826.0,1,6736.0,1,4261.0,1,6500.0,1,4884.0,3895.6968,3934.846,-199.0
495,2013-07-29,8577.0,530.0,1.0,1.0,0,1.0,1.0,-0.5085311,-0.86104363,-0.5,-0.8660254,3,0,0,1,0.0,1,3927.0,1,3718.0,1,0.0,1,6134.0,1,4643.0,1,6503.0,1,5455.0,2337.4182,3060.4358,-3927.0
495,2013-07-30,6650.0,455.0,1.0,1.0,0,1.0,2.0,-0.5085311,-0.86104363,-0.5,-0.8660254,3,0,0,1,8577.0,1,0.0,1,4126.0,1,4527.0,1,5899.0,1,0.0,1,4188.0,1,4320.0,4833.251,4286.339,8577.0
495,2013-07-31,6485.0,469.0,1.0,1.0,0,1.0,3.0,-0.5085311,-0.86104363,-0.5,-0.8660254,3,0,1,1,6650.0,1,8577.0,1,3927.0,1,3381.0,1,5579.0,1,8748.0,1,0.0,1,0.0,5559.9507,4811.597,-1927.0
495,2013-08-01,6258.0,426.0,1.0,1.0,0,1.0,4.0,-0.5085311,-0.86104363,-0.8660254,-0.5,3,1,0,1,6485.0,1,6650.0,1,0.0,1,3976.0,1,3826.0,1,6736.0,1,4479.0,1,3921.0,5929.97,5183.4644,-165.0
495,2013-08-02,6453.0,464.0,1.0,1.0,0,1.0,5.0,-0.5085311,-0.86104363,-0.8660254,-0.5,3,0,0,1,6258.0,1,6485.0,1,8577.0,1,3718.0,1,0.0,1,6134.0,1,3385.0,1,3498.0,6061.182,5422.25,-227.0
495,2013-08-03,3950.0,357.0,1.0,0.0,0,0.0,6.0,-0.5085311,-0.86104363,-0.8660254,-0.5,3,0,0,1,6453.0,1,6258.0,1,6650.0,1,4126.0,1,4527.0,1,5899.0,1,3802.0,1,3967.0,6217.909,5651.3057,195.0
495,2013-08-04,0.0,0.0,0.0,0.0,0,0.0,7.0,-0.5085311,-0.86104363,-0.8660254,-0.5,3,0,0,1,3950.0,1,6453.0,1,6485.0,1,3927.0,1,3381.0,1,5579.0,1,3988.0,1,3793.0,5310.7456,5273.238,-2503.0
495,2013-08-05,4004.0,345.0,1.0,0.0,0,1.0,1.0,-0.60680014,-0.79485446,-0.8660254,-0.5,3,0,0,1,0.0,1,3950.0,1,6258.0,1,0.0,1,3976.0,1,3826.0,1,4261.0,1,4279.0,3186.4473,4101.407,-3950.0
495,2013-08-06,3039.0,271.0,1.0,0.0,0,1.0,2.0,-0.60680014,-0.79485446,-0.8660254,-0.5,3,0,0,1,4004.0,1,0.0,1,6453.0,1,8577.0,1,3718.0,1,0.0,1,4643.0,1,4235.0,3513.4685,4079.761,4004.0
495,2013-08-07,3731.0,310.0,1.0,0.0,0,1.0,3.0,-0.60680014,-0.79485446,-0.8660254,-0.5,3,0,0,1,3039.0,1,4004.0,1,3950.0,1,6650.0,1,4126.0,1,4527.0,1,0.0,1,0.0,3323.6812,3848.4807,-965.0
495,2013-08-08,3791.0,346.0,1.0,0.0,0,1.0,4.0,-0.60680014,-0.79485446,-0.8660254,-0.5,3,0,0,1,3731.0,1,3039.0,1,0.0,1,6485.0,1,3927.0,1,3381.0,1,8748.0,1,7488.0,3486.6086,3822.374,692.0
495,2013-08-09,4130.0,367.0,1.0,0.0,0,1.0,5.0,-0.60680014,-0.79485446,-0.8660254,-0.5,3,0,0,1,3791.0,1,3731.0,1,4004.0,1,6258.0,1,0.0,1,3976.0,1,6736.0,1,5224.0,3608.3652,3815.402,60.0
495,2013-08-10,3264.0,294.0,1.0,0.0,0,0.0,6.0,-0.60680014,-0.79485446,-0.8660254,-0.5,3,0,0,1,4130.0,1,3791.0,1,3039.0,1,6453.0,1,8577.0,1,3718.0,1,6134.0,1,4984.0,3817.019,3885.3127,339.0
495,2013-08-11,0.0,0.0,0.0,0.0,0,0.0,7.0,-0.60680014,-0.79485446,-0.8660254,-0.5,3,0,0,1,3264.0,1,4130.0,1,3731.0,1,3950.0,1,6650.0,1,4126.0,1,5899.0,1,5975.0,3595.8115,3747.2432,-866.0
495,2013-08-12,7619.0,536.0,1.0,1.0,0,1.0,1.0,-0.696551,-0.71750724,-0.8660254,-0.5,3,0,0,1,0.0,1,3264.0,1,3791.0,1,0.0,1,6485.0,1,3927.0,1,5579.0,1,5904.0,2157.4868,2914.5225,-3264.0
495,2013-08-13,5993.0,437.0,1.0,1.0,0,1.0,2.0,-0.696551,-0.71750724,-0.8660254,-0.5,3,0,0,1,7619.0,1,0.0,1,4130.0,1,4004.0,1,6258.0,1,0.0,1,3826.0,1,4978.0,4342.0923,3959.962,7619.0
495,2013-08-14,5395.0,385.0,1.0,1.0,0,1.0,3.0,-0.696551,-0.71750724,-0.8660254,-0.5,3,0,0,1,5993.0,1,7619.0,1,3264.0,1,3039.0,1,6453.0,1,8577.0,1,0.0,1,0.0,5002.455,4411.748,-1626.0
495,2013-08-15,5300.0,413.0,1.0,1.0,0,1.0,4.0,-0.696551,-0.71750724,-0.8660254,-0.5,3,0,0,1,5395.0,1,5993.0,1,0.0,1,3731.0,1,3950.0,1,6650.0,1,4527.0,1,3857.0,5159.473,4630.2485,-598.0
495,2013-08-16,5185.0,406.0,1.0,1.0,0,1.0,5.0,-0.696551,-0.71750724,-0.8660254,-0.5,3,0,0,1,5300.0,1,5395.0,1,7619.0,1,3791.0,1,0.0,1,6485.0,1,3381.0,1,4104.0,5215.684,4779.082,-95.0
495,2013-08-17,3881.0,340.0,1.0,0.0,0,0.0,6.0,-0.696551,-0.71750724,-0.8660254,-0.5,3,0,0,1,5185.0,1,5300.0,1,5993.0,1,4130.0,1,4004.0,1,6258.0,1,3976.0,1,3779.0,5203.41,4869.286,-115.0
495,2013-08-18,0.0,0.0,0.0,0.0,0,0.0,7.0,-0.696551,-0.71750724,-0.8660254,-0.5,3,0,0,1,3881.0,1,5185.0,1,5395.0,1,3264.0,1,3039.0,1,6453.0,1,3718.0,1,4081.0,4674.4463,4649.667,-1304.0
495,2013-08-19,3384.0,302.0,1.0,0.0,0,1.0,1.0,-0.7765239,-0.63008785,-0.8660254,-0.5,3,0,0,1,0.0,1,3881.0,1,5300.0,1,0.0,1,3731.0,1,3950.0,1,4126.0,1,4639.0,2804.6677,3616.4077,-3881.0
495,2013-08-20,3274.0,282.0,1.0,0.0,0,1.0,2.0,-0.7765239,-0.63008785,-0.8660254,-0.5,3,0,0,1,3384.0,1,0.0,1,5185.0,1,7619.0,1,3791.0,1,0.0,1,3927.0,1,5269.0,3036.4006,3564.7615,3384.0
495,2013-08-21,3607.0,298.0,1.0,0.0,0,1.0,3.0,-0.7765239,-0.63008785,-0.8660254,-0.5,3,0,0,1,3274.0,1,3384.0,1,3881.0,1,5993.0,1,4130.0,1,4004.0,1,0.0,1,0.0,3131.4404,3500.148,-110.0
495,2013-08-22,3812.0,337.0,1.0,0.0,0,1.0,4.0,-0.7765239,-0.63008785,-0.8660254,-0.5,3,0,0,1,3607.0,1,3274.0,1,0.0,1,5395.0,1,3264.0,1,3039.0,1,8577.0,1,5791.0,3321.6643,3523.8928,333.0
495,2013-08-23,3501.0,321.0,1.0,0.0,0,1.0,5.0,-0.7765239,-0.63008785,-0.8660254,-0.5,3,0,0,1,3812.0,1,3607.0,1,3384.0,1,5300.0,1,0.0,1,3731.0,1,6650.0,1,5598.0,3517.7986,3587.9165,205.0
495,2013-08-24,3390.0,283.0,1.0,0.0,0,0.0,6.0,-0.7765239,-0.63008785,-0.8660254,-0.5,3,0,0,1,3501.0,1,3812.0,1,3274.0,1,5185.0,1,7619.0,1,3791.0,1,6485.0,1,6747.0,3511.079,3568.6018,-311.0
495,2013-08-25,0.0,0.0,0.0,0.0,0,0.0,7.0,-0.7765239,-0.63008785,-0.8660254,-0.5,3,0,0,1,3390.0,1,3501.0,1,3607.0,1,3881.0,1,5993.0,1,4130.0,1,6258.0,1,6500.0,3462.6475,3528.9126,-111.0
495,2013-08-26,7580.0,534.0,1.0,1.0,0,1.0,1.0,-0.845596,-0.5338234,-0.8660254,-0.5,3,0,0,1,0.0,1,3390.0,1,3812.0,1,0.0,1,5395.0,1,3264.0,1,6453.0,1,6503.0,2077.5884,2744.7097,-3390.0
495,2013-08-27,5850.0,399.0,1.0,1.0,0,1.0,2.0,-0.845596,-0.5338234,-0.8660254,-0.5,3,0,0,1,7580.0,1,0.0,1,3501.0,1,3384.0,1,5300.0,1,0.0,1,3950.0,1,4188.0,4278.553,3819.2188,7580.0
495,2013-08-28,5232.0,375.0,1.0,1.0,0,1.0,3.0,-0.845596,-0.5338234,-0.8660254,-0.5,3,0,0,1,5850.0,1,7580.0,1,3390.0,1,3274.0,1,5185.0,1,7619.0,1,0.0,1,0.0,4907.132,4270.5034,-1730.0
495,2013-08-29,5142.0,418.0,1.0,1.0,0,1.0,4.0,-0.845596,-0.5338234,-0.8660254,-0.5,3,0,0,1,5232.0,1,5850.0,1,0.0,1,3607.0,1,3881.0,1,5993.0,1,4004.0,1,4479.0,5037.079,4484.1694,-618.0
495,2013-08-30,5672.0,419.0,1.0,1.0,0,1.0,5.0,-0.845596,-0.5338234,-0.8660254,-0.5,3,0,0,1,5142.0,1,5232.0,1,7580.0,1,3812.0,1,0.0,1,5395.0,1,3039.0,1,3385.0,5079.0474,4630.354,-90.0
495,2013-08-31,4345.0,351.0,1.0,0.0,0,0.0,6.0,-0.845596,-0.5338234,-0.8660254,-0.5,3,0,1,1,5672.0,1,5142.0,1,5850.0,1,3501.0,1,3384.0,1,5300.0,1,3731.0,1,3802.0,5316.2285,4861.831,530.0
495,2013-09-01,0.0,0.0,0.0,0.0,0,0.0,7.0,-0.845596,-0.5338234,-1.0,-1.8369701e-16,3,1,0,1,4345.0,1,5672.0,1,5232.0,1,3390.0,1,3274.0,1,5185.0,1,3791.0,1,3988.0,4927.7373,4746.9795,-1327.0
495,2013-09-02,3784.0,332.0,1.0,0.0,0,1.0,1.0,-0.9027978,-0.4300652,-1.0,-1.8369701e-16,3,0,0,1,0.0,1,4345.0,1,5142.0,1,0.0,1,3607.0,1,3881.0,1,4130.0,1,4261.0,2956.6423,3692.0952,-4345.0
495,2013-09-03,3361.0,315.0,1.0,0.0,0,1.0,2.0,-0.9027978,-0.4300652,-1.0,-1.8369701e-16,3,0,0,1,3784.0,1,0.0,1,5672.0,1,7580.0,1,3812.0,1,0.0,1,3264.0,1,4643.0,3287.5854,3712.5186,3784.0
495,2013-09-04,3387.0,305.0,1.0,0.0,0,1.0,3.0,-0.9027978,-0.4300652,-1.0,-1.8369701e-16,3,0,0,1,3361.0,1,3784.0,1,4345.0,1,5850.0,1,3501.0,1,3384.0,1,0.0,1,0.0,3316.9512,3634.4033,-423.0
495,2013-09-05,3664.0,320.0,1.0,0.0,0,1.0,4.0,-0.9027978,-0.4300652,-1.0,-1.8369701e-16,3,0,0,1,3387.0,1,3361.0,1,0.0,1,5232.0,1,3390.0,1,3274.0,1,7619.0,1,8748.0,3344.9707,3579.4248,26.0
495,2013-09-06,3542.0,308.0,1.0,0.0,0,1.0,5.0,-0.9027978,-0.4300652,-1.0,-1.8369701e-16,3,0,0,1,3664.0,1,3387.0,1,3784.0,1,5142.0,1,0.0,1,3607.0,1,5993.0,1,6736.0,3472.5825,3598.2192,277.0
495,2013-09-07,4138.0,347.0,1.0,0.0,0,0.0,6.0,-0.9027978,-0.4300652,-1.0,-1.8369701e-16,3,0,0,1,3542.0,1,3664.0,1,3361.0,1,5672.0,1,7580.0,1,3812.0,1,5395.0,1,6134.0,3500.3494,3585.726,-122.0
495,2013-09-08,0.0,0.0,0.0,0.0,0,0.0,7.0,-0.9027978,-0.4300652,-1.0,-1.8369701e-16,3,0,0,1,4138.0,1,3542.0,1,3387.0,1,4345.0,1,5850.0,1,3501.0,1,5300.0,1,5899.0,3755.4097,3708.4536,596.0
495,2013-09-09,7516.0,506.0,1.0,1.0,0,0.0,1.0,-0.94732636,-0.32026985,-1.0,-1.8369701e-16,3,0,0,1,0.0,1,4138.0,1,3664.0,1,0.0,1,5232.0,1,3390.0,1,5185.0,1,5579.0,2253.2458,2884.3528,-4138.0
495,2013-09-10,5887.0,414.0,1.0,1.0,0,0.0,2.0,-0.94732636,-0.32026985,-1.0,-1.8369701e-16,3,0,0,1,7516.0,1,0.0,1,3542.0,1,3784.0,1,5142.0,1,0.0,1,3881.0,1,3826.0,4358.3477,3913.6077,7516.0
495,2013-09-11,5284.0,383.0,1.0,1.0,0,0.0,3.0,-0.94732636,-0.32026985,-1.0,-1.8369701e-16,3,0,0,1,5887.0,1,7516.0,1,4138.0,1,3361.0,1,5672.0,1,7580.0,1,0.0,1,0.0,4969.8086,4352.139,-1629.0
495,2013-09-12,5407.0,389.0,1.0,1.0,0,0.0,4.0,-0.94732636,-0.32026985,-1.0,-1.8369701e-16,3,0,0,1,5284.0,1,5887.0,1,0.0,1,3387.0,1,4345.0,1,5850.0,1,3384.0,1,4527.0,5095.485,4559.2197,-603.0
495,2013-09-13,6060.0,453.0,1.0,1.0,0,0.0,5.0,-0.94732636,-0.32026985,-1.0,-1.8369701e-16,3,0,0,1,5407.0,1,5284.0,1,7516.0,1,3664.0,1,0.0,1,5232.0,1,3274.0,1,3381.0,5220.091,4747.615,123.0
495,2013-09-14,4084.0,339.0,1.0,0.0,0,0.0,6.0,-0.94732636,-0.32026985,-1.0,-1.8369701e-16,3,0,0,1,6060.0,1,5407.0,1,5887.0,1,3542.0,1,3784.0,1,5142.0,1,3607.0,1,3976.0,5556.0547,5039.2563,653.0
495,2013-09-15,0.0,0.0,0.0,0.0,0,0.0,7.0,-0.94732636,-0.32026985,-1.0,-1.8369701e-16,3,0,0,1,4084.0,1,6060.0,1,5284.0,1,4138.0,1,3361.0,1,5672.0,1,3812.0,1,3718.0,4967.233,4826.977,-1976.0
495,2013-09-16,3430.0,319.0,1.0,0.0,0,0.0,1.0,-0.9785565,-0.20597862,-1.0,-1.8369701e-16,3,0,0,1,0.0,1,4084.0,1,5407.0,1,0.0,1,3387.0,1,4345.0,1,3501.0,1,4126.0,2980.3396,3754.3154,-4084.0
495,2013-09-17,3356.0,302.0,1.0,0.0,0,0.0,2.0,-0.9785565,-0.20597862,-1.0,-1.8369701e-16,3,0,0,1,3430.0,1,0.0,1,6060.0,1,7516.0,1,3664.0,1,0.0,1,3390.0,1,3927.0,3160.2039,3682.2454,3430.0
495,2013-09-18,2616.0,266.0,1.0,0.0,0,0.0,3.0,-0.9785565,-0.20597862,-1.0,-1.8369701e-16,3,0,0,1,3356.0,1,3430.0,1,4084.0,1,5887.0,1,3542.0,1,3784.0,1,0.0,1,0.0,3238.5222,3609.7463,-74.0
495,2013-09-19,3617.0,314.0,1.0,0.0,0,0.0,4.0,-0.9785565,-0.20597862,-1.0,-1.8369701e-16,3,0,0,1,2616.0,1,3356.0,1,0.0,1,5284.0,1,4138.0,1,3361.0,1,7580.0,1,8577.0,2989.5134,3388.9138,-740.0
495,2013-09-20,3463.0,325.0,1.0,0.0,0,0.0,5.0,-0.9785565,-0.20597862,-1.0,-1.8369701e-16,3,0,0,1,3617.0,1,2616.0,1,3430.0,1,5407.0,1,0.0,1,3387.0,1,5850.0,1,6650.0,3240.508,3439.5996,1001.0
495,2013-09-21,3402.0,321.0,1.0,0.0,0,0.0,6.0,-0.9785565,-0.20597862,-1.0,-1.8369701e-16,3,0,0,1,3463.0,1,3617.0,1,3356.0,1,6060.0,1,7516.0,1,3664.0,1,5232.0,1,6485.0,3329.505,3444.7998,-154.0
495,2013-09-22,0.0,0.0,0.0,0.0,0,0.0,7.0,-0.9785565,-0.20597862,-1.0,-1.8369701e-16,3,0,0,1,3402.0,1,3463.0,1,2616.0,1,4084.0,1,5887.0,1,3542.0,1,5142.0,1,6258.0,3358.503,3435.2888,-61.0
495,2013-09-23,6592.0,467.0,1.0,1.0,0,0.0,1.0,-0.9960498,-0.08879589,-1.0,-1.8369701e-16,3,0,0,1,0.0,1,3402.0,1,3617.0,1,0.0,1,5284.0,1,4138.0,1,5672.0,1,6453.0,2015.1017,2671.891,-3402.0
495,2013-09-24,5381.0,383.0,1.0,1.0,0,0.0,2.0,-0.9960498,-0.08879589,-1.0,-1.8369701e-16,3,0,0,1,6592.0,1,0.0,1,3463.0,1,3430.0,1,5407.0,1,0.0,1,4345.0,1,3950.0,3845.861,3543.0266,6592.0
495,2013-09-25,4886.0,362.0,1.0,1.0,0,0.0,3.0,-0.9960498,-0.08879589,-1.0,-1.8369701e-16,3,0,0,1,5381.0,1,6592.0,1,3402.0,1,3356.0,1,6060.0,1,7516.0,1,0.0,1,0.0,4459.9165,3951.465,-1211.0
495,2013-09-26,5656.0,405.0,1.0,1.0,0,0.0,4.0,-0.9960498,-0.08879589,-1.0,-1.8369701e-16,3,0,0,1,4886.0,1,5381.0,1,0.0,1,2616.0,1,4084.0,1,5887.0,1,3784.0,1,4004.0,4630.35,4159.1396,-495.0
495,2013-09-27,6301.0,465.0,1.0,1.0,0,0.0,5.0,-0.9960498,-0.08879589,-1.0,-1.8369701e-16,3,0,0,1,5656.0,1,4886.0,1,6592.0,1,3617.0,1,0.0,1,5284.0,1,3361.0,1,3039.0,5040.61,4491.7754,770.0
495,2013-09-28,4755.0,363.0,1.0,0.0,0,0.0,6.0,-0.9960498,-0.08879589,-1.0,-1.8369701e-16,3,0,0,1,6301.0,1,5656.0,1,5381.0,1,3463.0,1,3430.0,1,5407.0,1,3387.0,1,3731.0,5544.766,4893.825,645.0
495,2013-09-29,0.0,0.0,0.0,0.0,0,0.0,7.0,-0.9960498,-0.08879589,-1.0,-1.8369701e-16,3,0,0,1,4755.0,1,6301.0,1,4886.0,1,3402.0,1,3356.0,1,6060.0,1,3664.0,1,3791.0,5228.8594,4862.975,-1546.0
495,2013-09-30,5072.0,427.0,1.0,0.0,0,0.0,1.0,-0.99956083,0.029633328,-1.0,-1.8369701e-16,3,0,1,1,0.0,1,4755.0,1,5656.0,1,0.0,1,2616.0,1,4084.0,1,3542.0,1,4130.0,3137.3157,3782.314,-4755.0
495,2013-10-01,2981.0,276.0,1.0,0.0,0,0.0,2.0,-0.99956083,0.029633328,-0.8660254,0.5,4,1,0,1,5072.0,1,0.0,1,6301.0,1,6592.0,1,3617.0,1,0.0,1,4138.0,1,3264.0,3911.1895,4068.911,5072.0
495,2013-10-02,3509.0,349.0,1.0,0.0,0,0.0,3.0,-0.99956083,0.029633328,-0.8660254,0.5,4,0,0,1,2981.0,1,5072.0,1,4755.0,1,5381.0,1,3463.0,1,3430.0,1,0.0,1,0.0,3539.1138,3827.1528,-2091.0
495,2013-10-03,0.0,0.0,0.0,0.0,1,0.0,4.0,-0.99956083,0.029633328,-0.8660254,0.5,4,0,0,1,3509.0,1,2981.0,1,0.0,1,4886.0,1,3402.0,1,3356.0,1,7516.0,1,7619.0,3527.068,3756.4521,528.0
495,2013-10-04,5349.0,413.0,1.0,0.0,0,0.0,5.0,-0.99956083,0.029633328,-0.8660254,0.5,4,0,0,1,0.0,1,3509.0,1,5072.0,1,5656.0,1,0.0,1,2616.0,1,5887.0,1,5993.0,2116.241,2921.685,-3509.0
495,2013-10-05,4089.0,335.0,1.0,0.0,0,0.0,6.0,-0.99956083,0.029633328,-0.8660254,0.5,4,0,0,1,5349.0,1,0.0,1,2981.0,1,6301.0,1,6592.0,1,3617.0,1,5284.0,1,5395.0,3409.3445,3461.0884,5349.0
495,2013-10-06,0.0,0.0,0.0,0.0,0,0.0,7.0,-0.99956083,0.029633328,-0.8660254,0.5,4,0,0,1,4089.0,1,5349.0,1,3509.0,1,4755.0,1,5381.0,1,3463.0,1,5407.0,1,5300.0,3681.2068,3600.6243,-1260.0
495,2013-10-07,8062.0,507.0,1.0,1.0,0,0.0,1.0,-0.9890402,0.14764656,-0.8660254,0.5,4,0,0,1,0.0,1,4089.0,1,0.0,1,0.0,1,4886.0,1,3402.0,1,6060.0,1,5185.0,2208.724,2800.4856,-4089.0
495,2013-10-08,5690.0,416.0,1.0,1.0,0,0.0,2.0,-0.9890402,0.14764656,-0.8660254,0.5,4,0,0,1,8062.0,1,0.0,1,5349.0,1,5072.0,1,5656.0,1,0.0,1,4084.0,1,3881.0,4550.034,3969.711,8062.0
495,2013-10-09,5519.0,401.0,1.0,1.0,0,0.0,3.0,-0.9890402,0.14764656,-0.8660254,0.5,4,0,0,1,5690.0,1,8062.0,1,4089.0,1,2981.0,1,6301.0,1,6592.0,1,0.0,1,0.0,5006.0205,4351.9976,-2372.0
495,2013-10-10,5753.0,389.0,1.0,1.0,0,0.0,4.0,-0.9890402,0.14764656,-0.8660254,0.5,4,0,0,1,5519.0,1,5690.0,1,0.0,1,3509.0,1,4755.0,1,5381.0,1,3430.0,1,3384.0,5211.2124,4611.3315,-171.0
495,2013-10-11,5926.0,414.0,1.0,1.0,0,0.0,5.0,-0.9890402,0.14764656,-0.8660254,0.5,4,0,0,1,5753.0,1,5519.0,1,8062.0,1,0.0,1,0.0,1,4886.0,1,3356.0,1,3274.0,5427.9272,4865.0356,234.0
495,2013-10-12,3944.0,328.0,1.0,0.0,0,0.0,6.0,-0.9890402,0.14764656,-0.8660254,0.5,4,0,0,1,5926.0,1,5753.0,1,5690.0,1,5349.0,1,5072.0,1,5656.0,1,2616.0,1,3607.0,5627.1562,5100.805,173.0
495,2013-10-13,0.0,0.0,0.0,0.0,0,0.0,7.0,-0.9890402,0.14764656,-0.8660254,0.5,4,0,0,1,3944.0,1,5926.0,1,5519.0,1,4089.0,1,2981.0,1,6301.0,1,3617.0,1,3812.0,4953.894,4843.7373,-1982.0
495,2013-10-14,4155.0,357.0,1.0,0.0,0,0.0,1.0,-0.9646356,0.26358718,-0.8660254,0.5,4,0,0,1,0.0,1,3944.0,1,5753.0,1,0.0,1,3509.0,1,4755.0,1,3463.0,1,3501.0,2972.3364,3767.3513,-3944.0
495,2013-10-15,3169.0,269.0,1.0,0.0,0,0.0,2.0,-0.9646356,0.26358718,-0.8660254,0.5,4,0,0,1,4155.0,1,0.0,1,5926.0,1,8062.0,1,0.0,1,0.0,1,3402.0,1,3390.0,3445.4019,3853.4956,4155.0
495,2013-10-16,2893.0,256.0,1.0,0.0,0,0.0,3.0,-0.9646356,0.26358718,-0.8660254,0.5,4,0,0,1,3169.0,1,4155.0,1,3944.0,1,5690.0,1,5349.0,1,5072.0,1,0.0,1,0.0,3334.841,3701.3855,-986.0
495,2013-10-17,3525.0,320.0,1.0,0.0,0,0.0,4.0,-0.9646356,0.26358718,-0.8660254,0.5,4,0,0,1,2893.0,1,3169.0,1,0.0,1,5519.0,1,4089.0,1,2981.0,1,6592.0,1,7580.0,3158.1047,3521.7441,-276.0
495,2013-10-18,4181.0,330.0,1.0,0.0,0,0.0,5.0,-0.9646356,0.26358718,-0.8660254,0.5,4,0,0,1,3525.0,1,2893.0,1,4155.0,1,5753.0,1,0.0,1,3509.0,1,5381.0,1,5850.0,3304.8628,3522.4678,632.0
495,2013-10-19,3963.0,338.0,1.0,0.0,0,0.0,6.0,-0.9646356,0.26358718,-0.8660254,0.5,4,0,0,1,4181.0,1,3525.0,1,3169.0,1,5926.0,1,8062.0,1,0.0,1,4886.0,1,5232.0,3655.3176,3668.8083,656.0
495,2013-10-20,0.0,0.0,0.0,0.0,0,0.0,7.0,-0.9646356,0.26358718,-0.8660254,0.5,4,0,0,1,3963.0,1,4181.0,1,2893.0,1,3944.0,1,5690.0,1,5349.0,1,5656.0,1,5142.0,3778.3906,3734.184,-218.0
495,2013-10-21,6793.0,470.0,1.0,1.0,0,0.0,1.0,-0.9266896,0.37582758,-0.8660254,0.5,4,0,0,1,0.0,1,3963.0,1,3525.0,1,0.0,1,5519.0,1,4089.0,1,6301.0,1,5672.0,2267.0344,2904.3655,-3963.0
495,2013-10-22,5257.0,373.0,1.0,1.0,0,0.0,2.0,-0.9266896,0.37582758,-0.8660254,0.5,4,0,0,1,6793.0,1,0.0,1,4181.0,1,4155.0,1,5753.0,1,0.0,1,4755.0,1,4345.0,4077.4207,3768.5066,6793.0
495,2013-10-23,5328.0,380.0,1.0,1.0,0,0.0,3.0,-0.9266896,0.37582758,-0.8660254,0.5,4,0,0,1,5257.0,1,6793.0,1,3963.0,1,3169.0,1,5926.0,1,8062.0,1,0.0,1,0.0,4549.2524,4099.2827,-1536.0
495,2013-10-24,5042.0,374.0,1.0,1.0,0,0.0,4.0,-0.9266896,0.37582758,-0.8660254,0.5,4,0,0,1,5328.0,1,5257.0,1,0.0,1,2893.0,1,3944.0,1,5690.0,1,5072.0,1,3784.0,4860.7515,4372.331,71.0
495,2013-10-25,4818.0,370.0,1.0,1.0,0,0.0,5.0,-0.9266896,0.37582758,-0.8660254,0.5,4,0,0,1,5042.0,1,5328.0,1,6793.0,1,3525.0,1,0.0,1,5519.0,1,2981.0,1,3361.0,4933.251,4521.1465,-286.0
495,2013-10-26,3668.0,325.0,1.0,0.0,0,0.0,6.0,-0.9266896,0.37582758,-0.8660254,0.5,4,0,0,1,4818.0,1,5042.0,1,5257.0,1,4181.0,1,4155.0,1,5753.0,1,3509.0,1,3387.0,4887.1504,4587.114,-224.0
495,2013-10-27,0.0,0.0,0.0,0.0,0,0.0,7.0,-0.9266896,0.37582758,-0.8660254,0.5,4,0,0,1,3668.0,1,4818.0,1,5328.0,1,3963.0,1,3169.0,1,5926.0,1,0.0,1,3664.0,4399.49,4382.866,-1150.0
495,2013-10-28,3641.0,334.0,1.0,0.0,0,1.0,1.0,-0.8757349,0.4827922,-0.8660254,0.5,4,0,0,1,0.0,1,3668.0,1,5042.0,1,0.0,1,2893.0,1,3944.0,1,5349.0,1,3542.0,2639.694,3408.896,-3668.0
495,2013-10-29,3502.0,302.0,1.0,0.0,0,1.0,2.0,-0.8757349,0.4827922,-0.8660254,0.5,4,0,0,1,3641.0,1,0.0,1,4818.0,1,6793.0,1,3525.0,1,0.0,1,4089.0,1,4138.0,3040.2166,3460.4746,3641.0
495,2013-10-30,3544.0,330.0,1.0,0.0,0,1.0,3.0,-0.8757349,0.4827922,-0.8660254,0.5,4,0,0,1,3502.0,1,3641.0,1,3668.0,1,5257.0,1,4181.0,1,4155.0,1,0.0,1,0.0,3224.93,3469.7026,-139.0
495,2013-10-31,5108.0,429.0,1.0,0.0,0,0.0,4.0,-0.8757349,0.4827922,-0.8660254,0.5,4,0,1,1,3544.0,1,3502.0,1,0.0,1,5328.0,1,3963.0,1,3169.0,1,8062.0,1,7516.0,3352.5579,3486.2131,42.0
495,2013-11-01,0.0,0.0,0.0,0.0,1,0.0,5.0,-0.8757349,0.4827922,-0.5,0.8660254,4,1,0,1,5108.0,1,3544.0,1,3641.0,1,5042.0,1,0.0,1,2893.0,1,5690.0,1,5887.0,4054.7349,3846.61,1564.0
495,2013-11-02,5443.0,442.0,1.0,0.0,0,0.0,6.0,-0.8757349,0.4827922,-0.5,0.8660254,4,0,0,1,0.0,1,5108.0,1,3502.0,1,4818.0,1,6793.0,1,3525.0,1,5519.0,1,5284.0,2432.8408,2991.8079,-5108.0
495,2013-11-03,0.0,0.0,0.0,0.0,0,0.0,7.0,-0.8757349,0.4827922,-0.5,0.8660254,4,0,0,1,5443.0,1,0.0,1,3544.0,1,3668.0,1,5257.0,1,4181.0,1,5753.0,1,5407.0,3636.9045,3536.5173,5443.0
495,2013-11-04,8899.0,577.0,1.0,1.0,0,0.0,1.0,-0.8124869,0.5829795,-0.5,0.8660254,4,0,0,1,0.0,1,5443.0,1,5108.0,1,0.0,1,5328.0,1,3963.0,1,5926.0,1,6060.0,2182.1428,2750.6245,-5443.0
495,2013-11-05,5461.0,388.0,1.0,1.0,0,0.0,2.0,-0.8124869,0.5829795,-0.5,0.8660254,4,0,0,1,8899.0,1,0.0,1,0.0,1,3641.0,1,5042.0,1,0.0,1,3944.0,1,4084.0,4868.8857,4116.93,8899.0
495,2013-11-06,5225.0,404.0,1.0,1.0,0,0.0,3.0,-0.8124869,0.5829795,-0.5,0.8660254,4,0,0,1,5461.0,1,8899.0,1,5443.0,1,3502.0,1,4818.0,1,6793.0,1,0.0,1,0.0,5105.7314,4415.6123,-3438.0
495,2013-11-07,5316.0,409.0,1.0,1.0,0,0.0,4.0,-0.8124869,0.5829795,-0.5,0.8660254,4,0,0,1,5225.0,1,5461.0,1,0.0,1,3544.0,1,3668.0,1,5257.0,1,4155.0,1,3430.0,5153.439,4595.476,-236.0
495,2013-11-08,5999.0,430.0,1.0,1.0,0,0.0,5.0,-0.8124869,0.5829795,-0.5,0.8660254,4,0,0,1,5316.0,1,5225.0,1,8899.0,1,5108.0,1,0.0,1,5328.0,1,3169.0,1,3356.0,5218.4634,4755.593,91.0
495,2013-11-09,4798.0,423.0,1.0,0.0,0,0.0,6.0,-0.8124869,0.5829795,-0.5,0.8660254,4,0,0,1,5999.0,1,5316.0,1,5461.0,1,0.0,1,3641.0,1,5042.0,1,2893.0,1,2616.0,5530.6777,5031.9053,683.0
495,2013-11-10,0.0,0.0,0.0,0.0,0,0.0,7.0,-0.8124869,0.5829795,-0.5,0.8660254,4,0,0,1,4798.0,1,5999.0,1,5225.0,1,5443.0,1,3502.0,1,4818.0,1,3525.0,1,3617.0,5237.607,4979.9263,-1201.0
495,2013-11-11,3746.0,345.0,1.0,0.0,0,0.0,1.0,-0.73783326,0.674983,-0.5,0.8660254,4,0,0,1,0.0,1,4798.0,1,5316.0,1,0.0,1,3544.0,1,3668.0,1,4181.0,1,3463.0,3142.564,3873.2761,-4798.0
495,2013-11-12,3691.0,301.0,1.0,0.0,0,0.0,2.0,-0.73783326,0.674983,-0.5,0.8660254,4,0,0,1,3746.0,1,0.0,1,5999.0,1,8899.0,1,5108.0,1,0.0,1,3963.0,1,3402.0,3383.9385,3844.9924,3746.0
495,2013-11-13,3098.0,295.0,1.0,0.0,0,0.0,3.0,-0.73783326,0.674983,-0.5,0.8660254,4,0,0,1,3691.0,1,3746.0,1,4798.0,1,5461.0,1,0.0,1,3641.0,1,0.0,1,0.0,3506.7632,3810.772,-55.0
495,2013-11-14,3686.0,342.0,1.0,0.0,0,0.0,4.0,-0.73783326,0.674983,-0.5,0.8660254,4,0,0,1,3098.0,1,3691.0,1,0.0,1,5225.0,1,5443.0,1,3502.0,1,6793.0,1,6592.0,3343.2578,3652.3782,-593.0
495,2013-11-15,4090.0,342.0,1.0,0.0,0,0.0,5.0,-0.73783326,0.674983,-0.5,0.8660254,4,0,0,1,3686.0,1,3098.0,1,3746.0,1,5316.0,1,0.0,1,3544.0,1,5257.0,1,5381.0,3480.3547,3659.8496,588.0
495,2013-11-16,4846.0,420.0,1.0,0.0,0,0.0,6.0,-0.73783326,0.674983,-0.5,0.8660254,4,0,0,1,4090.0,1,3686.0,1,3691.0,1,5999.0,1,8899.0,1,5108.0,1,5328.0,1,4886.0,3724.213,3755.4387,404.0
495,2013-11-17,0.0,0.0,0.0,0.0,0,0.0,7.0,-0.73783326,0.674983,-0.5,0.8660254,4,0,0,1,4846.0,1,4090.0,1,3098.0,1,4798.0,1,5461.0,1,0.0,1,5042.0,1,5656.0,4172.9277,3997.7856,756.0
495,2013-11-18,7257.0,491.0,1.0,1.0,0,0.0,1.0,-0.65282214,0.75751126,-0.5,0.8660254,4,0,0,1,0.0,1,4846.0,1,3686.0,1,0.0,1,5225.0,1,5443.0,1,4818.0,1,6301.0,2503.7566,3109.389,-4846.0
495,2013-11-19,5470.0,367.0,1.0,1.0,0,0.0,2.0,-0.65282214,0.75751126,-0.5,0.8660254,4,0,0,1,7257.0,1,0.0,1,4090.0,1,3746.0,1,5316.0,1,0.0,1,3668.0,1,4755.0,4405.054,4031.08,7257.0
495,2013-11-20,5447.0,378.0,1.0,1.0,0,0.0,3.0,-0.65282214,0.75751126,-0.5,0.8660254,4,0,0,1,5470.0,1,7257.0,1,4846.0,1,3691.0,1,5999.0,1,8899.0,1,0.0,1,0.0,4831.032,4350.8403,-1787.0
495,2013-11-21,5692.0,399.0,1.0,1.0,0,0.0,4.0,-0.65282214,0.75751126,-0.5,0.8660254,4,0,0,1,5447.0,1,5470.0,1,0.0,1,3098.0,1,4798.0,1,5461.0,1,3641.0,1,5072.0,5077.4194,4594.431,-23.0
495,2013-11-22,5584.0,415.0,1.0,1.0,0,0.0,5.0,-0.65282214,0.75751126,-0.5,0.8660254,4,0,0,1,5692.0,1,5447.0,1,7257.0,1,3686.0,1,0.0,1,5225.0,1,3502.0,1,2981.0,5323.2515,4838.3354,245.0
495,2013-11-23,5000.0,385.0,1.0,0.0,0,0.0,6.0,-0.65282214,0.75751126,-0.5,0.8660254,4,0,0,1,5584.0,1,5692.0,1,5470.0,1,4090.0,1,3746.0,1,5316.0,1,3544.0,1,3509.0,5427.551,5004.0386,-108.0
495,2013-11-24,0.0,0.0,0.0,0.0,0,0.0,7.0,-0.65282214,0.75751126,-0.5,0.8660254,4,0,0,1,5000.0,1,5584.0,1,5447.0,1,4846.0,1,3691.0,1,5999.0,1,5108.0,1,0.0,5256.531,5003.141,-584.0
495,2013-11-25,4129.0,352.0,1.0,0.0,0,0.0,1.0,-0.55864674,0.82940567,-0.5,0.8660254,4,0,0,1,0.0,1,5000.0,1,5692.0,1,0.0,1,3098.0,1,4798.0,1,0.0,1,5349.0,3153.9185,3891.332,-5000.0
495,2013-11-26,4021.0,324.0,1.0,0.0,0,0.0,2.0,-0.55864674,0.82940567,-0.5,0.8660254,4,0,0,1,4129.0,1,0.0,1,5584.0,1,7257.0,1,3686.0,1,0.0,1,5443.0,1,4089.0,3543.951,3944.1472,4129.0
495,2013-11-27,3882.0,337.0,1.0,0.0,0,0.0,3.0,-0.55864674,0.82940567,-0.5,0.8660254,4,0,0,1,4021.0,1,4129.0,1,5000.0,1,5470.0,1,4090.0,1,3746.0,1,0.0,1,0.0,3734.7705,3961.2256,-108.0
495,2013-11-28,4089.0,367.0,1.0,0.0,0,0.0,4.0,-0.55864674,0.82940567,-0.5,0.8660254,4,0,0,1,3882.0,1,4021.0,1,0.0,1,5447.0,1,4846.0,1,3691.0,1,8899.0,1,8062.0,3793.6624,3943.6199,-139.0
495,2013-11-29,5510.0,416.0,1.0,0.0,0,0.0,5.0,-0.55864674,0.82940567,-0.5,0.8660254,4,0,0,1,4089.0,1,3882.0,1,4129.0,1,5692.0,1,0.0,1,3098.0,1,5461.0,1,5690.0,3911.7974,3975.9265,207.0
495,2013-11-30,5262.0,405.0,1.0,0.0,0,0.0,6.0,-0.55864674,0.82940567,-0.5,0.8660254,4,0,1,1,5510.0,1,4089.0,1,4021.0,1,5584.0,1,7257.0,1,3686.0,1,5225.0,1,5519.0,4551.0786,4316.8315,1421.0
495,2013-12-01,0.0,0.0,0.0,0.0,0,0.0,7.0,-0.55864674,0.82940567,-2.4492937e-16,1.0,4,1,0,1,5262.0,1,5510.0,1,3882.0,1,5000.0,1,5470.0,1,4090.0,1,5316.0,1,5753.0,4835.4473,4526.869,-248.0
495,2013-12-02,8559.0,561.0,1.0,1.0,0,0.0,1.0,-0.45662925,0.8896571,-2.4492937e-16,1.0,4,0,0,1,0.0,1,5262.0,1,4089.0,1,0.0,1,5447.0,1,4846.0,1,5999.0,1,5926.0,2901.2683,3520.8982,-5262.0
495,2013-12-03,6167.0,402.0,1.0,1.0,0,0.0,2.0,-0.45662925,0.8896571,-2.4492937e-16,1.0,4,0,0,1,8559.0,1,0.0,1,5510.0,1,4129.0,1,5692.0,1,0.0,1,4798.0,1,3944.0,5164.361,4640.4766,8559.0
495,2013-12-04,6732.0,468.0,1.0,1.0,0,0.0,3.0,-0.45662925,0.8896571,-2.4492937e-16,1.0,4,0,0,1,6167.0,1,8559.0,1,5262.0,1,4021.0,1,5584.0,1,7257.0,1,0.0,1,0.0,5565.4165,4979.704,-2392.0
495,2013-12-05,7062.0,502.0,1.0,1.0,0,0.0,4.0,-0.45662925,0.8896571,-2.4492937e-16,1.0,4,0,0,1,6732.0,1,6167.0,1,0.0,1,3882.0,1,5000.0,1,5470.0,1,3746.0,1,4155.0,6032.05,5369.103,565.0
495,2013-12-06,6315.0,451.0,1.0,1.0,0,0.0,5.0,-0.45662925,0.8896571,-2.4492937e-16,1.0,4,0,0,1,7062.0,1,6732.0,1,8559.0,1,4089.0,1,0.0,1,5447.0,1,3691.0,1,3169.0,6444.03,5745.3022,330.0
495,2013-12-07,4601.0,351.0,1.0,0.0,0,0.0,6.0,-0.45662925,0.8896571,-2.4492937e-16,1.0,4,0,0,1,6315.0,1,7062.0,1,6167.0,1,5510.0,1,4129.0,1,5692.0,1,3098.0,1,2893.0,6392.418,5871.902,-747.0
495,2013-12-08,0.0,0.0,0.0,0.0,0,0.0,7.0,-0.45662925,0.8896571,-2.4492937e-16,1.0,4,0,0,1,4601.0,1,6315.0,1,6732.0,1,5262.0,1,4021.0,1,5584.0,1,3686.0,1,3525.0,5675.8506,5589.479,-1714.0
495,2013-12-09,3987.0,351.0,1.0,0.0,0,0.0,1.0,-0.34820163,0.93741965,-2.4492937e-16,1.0,4,0,0,1,0.0,1,4601.0,1,7062.0,1,0.0,1,3882.0,1,5000.0,1,4090.0,1,4181.0,3405.5105,4347.3726,-4601.0
495,2013-12-10,3448.0,309.0,1.0,0.0,0,0.0,2.0,-0.34820163,0.93741965,-2.4492937e-16,1.0,4,0,0,1,3987.0,1,0.0,1,6315.0,1,8559.0,1,4089.0,1,0.0,1,4846.0,1,3963.0,3638.1062,4267.29,3987.0
495,2013-12-11,3873.0,337.0,1.0,0.0,0,0.0,3.0,-0.34820163,0.93741965,-2.4492937e-16,1.0,4,0,0,1,3448.0,1,3987.0,1,4601.0,1,6167.0,1,5510.0,1,4129.0,1,0.0,1,0.0,3562.0637,4085.2256,-539.0
495,2013-12-12,3836.0,329.0,1.0,0.0,0,0.0,4.0,-0.34820163,0.93741965,-2.4492937e-16,1.0,4,0,0,1,3873.0,1,3448.0,1,0.0,1,6732.0,1,5262.0,1,4021.0,1,7257.0,1,6793.0,3686.4382,4038.0642,425.0
495,2013-12-13,4559.0,361.0,1.0,0.0,0,0.0,5.0,-0.34820163,0.93741965,-2.4492937e-16,1.0,4,0,0,1,3836.0,1,3873.0,1,3987.0,1,7062.0,1,0.0,1,3882.0,1,5470.0,1,5257.0,3746.263,3993.1611,-37.0
495,2013-12-14,5207.0,359.0,1.0,0.0,0,0.0,6.0,-0.34820163,0.93741965,-2.4492937e-16,1.0,4,0,0,1,4559.0,1,3836.0,1,3448.0,1,6315.0,1,8559.0,1,4089.0,1,5447.0,1,5328.0,4071.3577,4118.903,723.0
495,2013-12-15,0.0,0.0,0.0,0.0,0,0.0,7.0,-0.34820163,0.93741965,-2.4492937e-16,1.0,4,0,0,1,5207.0,1,4559.0,1,3873.0,1,4601.0,1,6167.0,1,5510.0,1,5692.0,1,5042.0,4525.6147,4360.702,648.0
495,2013-12-16,11070.0,646.0,1.0,1.0,0,0.0,1.0,-0.23488605,0.9720229,-2.4492937e-16,1.0,4,0,0,1,0.0,1,5207.0,1,3836.0,1,0.0,1,6732.0,1,5262.0,1,5584.0,1,4818.0,2715.369,3391.6575,-5207.0
495,2013-12-17,8420.0,522.0,1.0,1.0,0,0.0,2.0,-0.23488605,0.9720229,-2.4492937e-16,1.0,4,0,0,1,11070.0,1,0.0,1,4559.0,1,3987.0,1,7062.0,1,0.0,1,5000.0,1,3668.0,6057.221,5097.9556,11070.0
495,2013-12-18,8690.0,547.0,1.0,1.0,0,0.0,3.0,-0.23488605,0.9720229,-2.4492937e-16,1.0,4,0,0,1,8420.0,1,11070.0,1,5207.0,1,3448.0,1,6315.0,1,8559.0,1,0.0,1,0.0,7002.333,5836.188,-2650.0
495,2013-12-19,7343.0,533.0,1.0,1.0,0,0.0,4.0,-0.23488605,0.9720229,-2.4492937e-16,1.0,4,0,0,1,8690.0,1,8420.0,1,0.0,1,3873.0,1,4601.0,1,6167.0,1,4129.0,1,3641.0,7677.4,6470.368,270.0
495,2013-12-20,8911.0,584.0,1.0,1.0,0,0.0,5.0,-0.23488605,0.9720229,-2.4492937e-16,1.0,4,0,0,1,7343.0,1,8690.0,1,11070.0,1,3836.0,1,0.0,1,6732.0,1,4021.0,1,3502.0,7543.6396,6664.2866,-1347.0
495,2013-12-21,6955.0,491.0,1.0,0.0,0,0.0,6.0,-0.23488605,0.9720229,-2.4492937e-16,1.0,4,0,0,1,8911.0,1,7343.0,1,8420.0,1,4559.0,1,3987.0,1,7062.0,1,3882.0,1,3544.0,8090.584,7163.556,1568.0
495,2013-12-22,0.0,0.0,0.0,0.0,0,0.0,7.0,-0.23488605,0.9720229,-2.4492937e-16,1.0,4,0,0,1,6955.0,1,8911.0,1,8690.0,1,5207.0,1,3448.0,1,6315.0,1,4089.0,1,5108.0,7636.35,7117.2104,-1956.0
495,2013-12-23,10052.0,797.0,1.0,0.0,0,1.0,1.0,-0.11827317,0.9929811,-2.4492937e-16,1.0,4,0,0,1,0.0,1,6955.0,1,7343.0,1,0.0,1,3873.0,1,4601.0,1,5510.0,1,0.0,4581.81,5535.608,-6955.0
495,2013-12-24,4247.0,337.0,1.0,0.0,0,1.0,2.0,-0.11827317,0.9929811,-2.4492937e-16,1.0,4,0,0,1,10052.0,1,0.0,1,8911.0,1,11070.0,1,3836.0,1,0.0,1,5262.0,1,5443.0,6769.886,6539.2505,10052.0
495,2013-12-25,0.0,0.0,0.0,0.0,3,1.0,3.0,-0.11827317,0.9929811,-2.4492937e-16,1.0,4,0,0,1,4247.0,1,10052.0,1,6955.0,1,8420.0,1,4559.0,1,3987.0,1,0.0,1,0.0,5760.7314,6029.862,-5805.0
495,2013-12-26,0.0,0.0,0.0,0.0,3,1.0,4.0,-0.11827317,0.9929811,-2.4492937e-16,1.0,4,0,0,1,0.0,1,4247.0,1,0.0,1,8690.0,1,5207.0,1,3448.0,1,8559.0,1,8899.0,3456.439,4689.8926,-4247.0
495,2013-12-27,4584.0,392.0,1.0,0.0,0,1.0,5.0,-0.11827317,0.9929811,-2.4492937e-16,1.0,4,0,0,1,0.0,1,0.0,1,10052.0,1,7343.0,1,0.0,1,3873.0,1,6167.0,1,5461.0,2073.8633,3647.694,0.0
495,2013-12-28,4736.0,378.0,1.0,0.0,0,0.0,6.0,-0.11827317,0.9929811,-2.4492937e-16,1.0,4,0,0,1,4584.0,1,0.0,1,4247.0,1,8911.0,1,11070.0,1,3836.0,1,6732.0,1,5225.0,3077.918,3855.762,4584.0
495,2013-12-29,0.0,0.0,0.0,0.0,0,0.0,7.0,-0.11827317,0.9929811,-2.4492937e-16,1.0,4,0,0,1,4736.0,1,4584.0,1,0.0,1,6955.0,1,8420.0,1,4559.0,1,7062.0,1,5316.0,3741.151,4051.3706,152.0
495,2013-12-30,6653.0,526.0,1.0,0.0,0,1.0,1.0,0.11827317,0.9929811,-2.4492937e-16,1.0,4,0,0,1,0.0,1,4736.0,1,0.0,1,0.0,1,8690.0,1,5207.0,1,6315.0,1,5999.0,2244.6904,3151.066,-4736.0
495,2013-12-31,3365.0,308.0,1.0,0.0,0,1.0,2.0,0.11827317,0.9929811,-2.4492937e-16,1.0,4,0,1,1,6653.0,1,0.0,1,4584.0,1,10052.0,1,7343.0,1,0.0,1,4601.0,1,4798.0,4008.0144,3929.2734,6653.0
495,2014-01-01,0.0,0.0,0.0,0.0,1,1.0,3.0,0.11827317,0.9929811,0.5,0.8660254,1,1,0,1,3365.0,1,6653.0,1,4736.0,1,4247.0,1,8911.0,1,11070.0,1,0.0,1,0.0,3750.8086,3803.8794,-3288.0
495,2014-01-02,3774.0,344.0,1.0,0.0,0,1.0,4.0,0.11827317,0.9929811,0.5,0.8660254,1,0,0,1,0.0,1,3365.0,1,0.0,1,0.0,1,6955.0,1,8420.0,1,3987.0,1,3746.0,2250.485,2958.5728,-3365.0
495,2014-01-03,4141.0,338.0,1.0,0.0,0,1.0,5.0,0.11827317,0.9929811,0.5,0.8660254,1,0,0,1,3774.0,1,0.0,1,6653.0,1,0.0,1,0.0,1,8690.0,1,3448.0,1,3691.0,2859.891,3139.7788,3774.0
495,2014-01-04,4809.0,381.0,1.0,0.0,0,0.0,6.0,0.11827317,0.9929811,0.5,0.8660254,1,0,0,1,4141.0,1,3774.0,1,3365.0,1,4584.0,1,10052.0,1,7343.0,1,3873.0,1,3098.0,3372.3347,3362.2725,367.0
495,2014-01-05,0.0,0.0,0.0,0.0,0,0.0,7.0,0.11827317,0.9929811,0.5,0.8660254,1,0,0,1,4809.0,1,4141.0,1,0.0,1,4736.0,1,4247.0,1,8911.0,1,3836.0,1,3686.0,3947.0007,3683.7676,668.0
495,2014-01-06,0.0,0.0,0.0,1.0,1,0.0,1.0,0.23488605,0.9720229,0.5,0.8660254,1,0,0,1,0.0,1,4809.0,1,3774.0,1,0.0,1,0.0,1,6955.0,1,4559.0,1,4090.0,2368.2004,2865.1526,-4809.0
495,2014-01-07,9542.0,611.0,1.0,1.0,0,0.0,2.0,0.23488605,0.9720229,0.5,0.8660254,1,0,0,1,0.0,1,0.0,1,4141.0,1,6653.0,1,0.0,1,0.0,1,5207.0,1,4846.0,1420.9203,2228.452,0.0
495,2014-01-08,7132.0,472.0,1.0,1.0,0,0.0,3.0,0.23488605,0.9720229,0.5,0.8660254,1,0,0,1,9542.0,1,0.0,1,4809.0,1,3365.0,1,4584.0,1,10052.0,1,0.0,1,0.0,4669.352,3853.6848,9542.0
495,2014-01-09,6648.0,464.0,1.0,1.0,0,0.0,4.0,0.23488605,0.9720229,0.5,0.8660254,1,0,0,1,7132.0,1,9542.0,1,0.0,1,0.0,1,4736.0,1,4247.0,1,11070.0,1,7257.0,5654.411,4582.199,-2410.0
495,2014-01-10,6270.0,440.0,1.0,1.0,0,0.0,5.0,0.23488605,0.9720229,0.5,0.8660254,1,0,0,1,6648.0,1,7132.0,1,0.0,1,3774.0,1,0.0,1,0.0,1,8420.0,1,5470.0,6051.8467,5041.266,-484.0
495,2014-01-11,4609.0,371.0,1.0,0.0,0,0.0,6.0,0.23488605,0.9720229,0.5,0.8660254,1,0,0,1,6270.0,1,6648.0,1,9542.0,1,4141.0,1,6653.0,1,0.0,1,8690.0,1,5447.0,6139.108,5314.318,-378.0
495,2014-01-12,0.0,0.0,0.0,0.0,0,0.0,7.0,0.23488605,0.9720229,0.5,0.8660254,1,0,0,1,4609.0,1,6270.0,1,7132.0,1,4809.0,1,3365.0,1,4584.0,1,7343.0,1,5692.0,5527.065,5157.5806,-1661.0
495,2014-01-13,3932.0,324.0,1.0,0.0,0,0.0,1.0,0.34820163,0.93741965,0.5,0.8660254,1,0,0,1,0.0,1,4609.0,1,6648.0,1,0.0,1,0.0,1,4736.0,1,8911.0,1,5584.0,3316.239,4011.4517,-4609.0
495,2014-01-14,3322.0,294.0,1.0,0.0,0,0.0,2.0,0.34820163,0.93741965,0.5,0.8660254,1,0,0,1,3932.0,1,0.0,1,6270.0,1,0.0,1,3774.0,1,0.0,1,6955.0,1,5000.0,3562.5435,3993.7957,3932.0
495,2014-01-15,3294.0,292.0,1.0,0.0,0,0.0,3.0,0.34820163,0.93741965,0.5,0.8660254,1,0,0,1,3322.0,1,3932.0,1,4609.0,1,9542.0,1,4141.0,1,6653.0,1,0.0,1,0.0,3466.326,3844.5078,-610.0
495,2014-01-16,3379.0,285.0,1.0,0.0,0,0.0,4.0,0.34820163,0.93741965,0.5,0.8660254,1,0,0,1,3294.0,1,3322.0,1,0.0,1,7132.0,1,4809.0,1,3365.0,1,10052.0,1,4129.0,3397.3955,3722.1729,-28.0
495,2014-01-17,3796.0,314.0,1.0,0.0,0,0.0,5.0,0.34820163,0.93741965,0.5,0.8660254,1,0,0,1,3379.0,1,3294.0,1,3932.0,1,6648.0,1,0.0,1,0.0,1,4247.0,1,4021.0,3390.0374,3645.912,85.0
495,2014-01-18,4325.0,351.0,1.0,0.0,0,0.0,6.0,0.34820163,0.93741965,0.5,0.8660254,1,0,0,1,3796.0,1,3379.0,1,3322.0,1,6270.0,1,0.0,1,3774.0,1,0.0,1,3882.0,3552.4224,3679.265,417.0
495,2014-01-19,0.0,0.0,0.0,0.0,0,0.0,7.0,0.34820163,0.93741965,0.5,0.8660254,1,0,0,1,4325.0,1,3796.0,1,3294.0,1,4609.0,1,9542.0,1,4141.0,1,0.0,1,4089.0,3861.4534,3822.7617,529.0
495,2014-01-20,8777.0,540.0,1.0,1.0,0,0.0,1.0,0.45662925,0.8896571,0.5,0.8660254,1,0,0,1,0.0,1,4325.0,1,3379.0,1,0.0,1,7132.0,1,4809.0,1,4584.0,1,5510.0,2316.872,2973.259,-4325.0
495,2014-01-21,6396.0,417.0,1.0,1.0,0,0.0,2.0,0.45662925,0.8896571,0.5,0.8660254,1,0,0,1,8777.0,1,0.0,1,3796.0,1,3932.0,1,6648.0,1,0.0,1,4736.0,1,5262.0,4900.9233,4262.9795,8777.0
495,2014-01-22,6052.0,421.0,1.0,1.0,0,0.0,3.0,0.45662925,0.8896571,0.5,0.8660254,1,0,0,1,6396.0,1,8777.0,1,4325.0,1,3322.0,1,6270.0,1,0.0,1,0.0,1,0.0,5498.954,4736.984,-2381.0
495,2014-01-23,6329.0,445.0,1.0,1.0,0,0.0,4.0,0.45662925,0.8896571,0.5,0.8660254,1,0,0,1,6052.0,1,6396.0,1,0.0,1,3294.0,1,4609.0,1,9542.0,1,6653.0,1,8559.0,5720.1724,5029.2095,-344.0
495,2014-01-24,5710.0,414.0,1.0,1.0,0,0.0,5.0,0.45662925,0.8896571,0.5,0.8660254,1,0,0,1,6329.0,1,6052.0,1,8777.0,1,3379.0,1,0.0,1,7132.0,1,3365.0,1,6167.0,5963.7036,5318.052,277.0
495,2014-01-25,4441.0,368.0,1.0,0.0,0,0.0,6.0,0.45662925,0.8896571,0.5,0.8660254,1,0,0,1,5710.0,1,6329.0,1,6396.0,1,3796.0,1,3932.0,1,6648.0,1,0.0,1,6732.0,5862.222,5405.1514,-619.0
495,2014-01-26,0.0,0.0,0.0,0.0,0,0.0,7.0,0.45662925,0.8896571,0.5,0.8660254,1,0,0,1,4441.0,1,5710.0,1,6052.0,1,4325.0,1,3322.0,1,6270.0,1,3774.0,1,7062.0,5293.7334,5190.8955,-1269.0
495,2014-01-27,3425.0,319.0,1.0,0.0,0,0.0,1.0,0.55864674,0.82940567,0.5,0.8660254,1,0,0,1,0.0,1,4441.0,1,6329.0,1,0.0,1,3294.0,1,4609.0,1,4141.0,1,6315.0,3176.24,4037.3633,-4441.0
495,2014-01-28,3225.0,289.0,1.0,0.0,0,0.0,2.0,0.55864674,0.82940567,0.5,0.8660254,1,0,0,1,3425.0,1,0.0,1,5710.0,1,8777.0,1,3379.0,1,0.0,1,4809.0,1,4601.0,3275.744,3901.2825,3425.0
495,2014-01-29,3255.0,276.0,1.0,0.0,0,0.0,3.0,0.55864674,0.82940567,0.5,0.8660254,1,0,0,1,3225.0,1,3425.0,1,4441.0,1,6396.0,1,3796.0,1,3932.0,1,0.0,1,0.0,3255.4463,3750.9976,-200.0
495,2014-01-30,3668.0,321.0,1.0,0.0,0,0.0,4.0,0.55864674,0.82940567,0.5,0.8660254,1,0,0,1,3255.0,1,3225.0,1,0.0,1,6052.0,1,4325.0,1,3322.0,1,0.0,1,3987.0,3255.2678,3640.776,30.0
495,2014-01-31,4686.0,376.0,1.0,0.0,0,0.0,5.0,0.55864674,0.82940567,0.5,0.8660254,1,0,1,1,3668.0,1,3255.0,1,3425.0,1,6329.0,1,0.0,1,3294.0,1,9542.0,1,3448.0,3420.3606,3646.8257,413.0
495,2014-02-01,4913.0,398.0,1.0,0.0,0,0.0,6.0,0.55864674,0.82940567,0.8660254,0.5,1,1,0,1,4686.0,1,3668.0,1,3225.0,1,5710.0,1,8777.0,1,3379.0,1,7132.0,1,3873.0,3926.6165,3877.7534,1018.0
495,2014-02-02,0.0,0.0,0.0,0.0,0,0.0,7.0,0.55864674,0.82940567,0.8660254,0.5,1,0,0,1,4913.0,1,4686.0,1,3255.0,1,4441.0,1,6396.0,1,3796.0,1,6648.0,1,3836.0,4321.17,4107.808,227.0
495,2014-02-03,8984.0,556.0,1.0,1.0,0,0.0,1.0,0.65282214,0.75751126,0.8660254,0.5,1,0,0,1,0.0,1,4913.0,1,3668.0,1,0.0,1,6052.0,1,4325.0,1,6270.0,1,4559.0,2592.702,3194.962,-4913.0
495,2014-02-04,6184.0,437.0,1.0,1.0,0,0.0,2.0,0.65282214,0.75751126,0.8660254,0.5,1,0,0,1,8984.0,1,0.0,1,4686.0,1,3425.0,1,6329.0,1,0.0,1,4609.0,1,5207.0,5149.221,4481.4146,8984.0
495,2014-02-05,5443.0,383.0,1.0,1.0,0,0.0,3.0,0.65282214,0.75751126,0.8660254,0.5,1,0,0,1,6184.0,1,8984.0,1,4913.0,1,3225.0,1,5710.0,1,8777.0,1,0.0,1,0.0,5563.133,4859.767,-2800.0
495,2014-02-06,6156.0,447.0,1.0,1.0,0,0.0,4.0,0.65282214,0.75751126,0.8660254,0.5,1,0,0,1,5443.0,1,6184.0,1,0.0,1,3255.0,1,4441.0,1,6396.0,1,3932.0,1,11070.0,5515.0796,4989.3745,-741.0
495,2014-02-07,5757.0,430.0,1.0,1.0,0,0.0,5.0,0.65282214,0.75751126,0.8660254,0.5,1,0,0,1,6156.0,1,5443.0,1,8984.0,1,3668.0,1,0.0,1,6052.0,1,3322.0,1,8420.0,5771.4478,5248.6245,713.0
495,2014-02-08,4495.0,377.0,1.0,0.0,0,0.0,6.0,0.65282214,0.75751126,0.8660254,0.5,1,0,0,1,5757.0,1,6156.0,1,6184.0,1,4686.0,1,3425.0,1,6329.0,1,3294.0,1,8690.0,5765.6685,5361.5967,-399.0
495,2014-02-09,0.0,0.0,0.0,0.0,0,0.0,7.0,0.65282214,0.75751126,0.8660254,0.5,1,0,0,1,4495.0,1,5757.0,1,5443.0,1,4913.0,1,3225.0,1,5710.0,1,3379.0,1,7343.0,5257.4014,5169.0195,-1262.0
495,2014-02-10,3386.0,306.0,1.0,0.0,0,0.0,1.0,0.73783326,0.674983,0.8660254,0.5,1,0,0,1,0.0,1,4495.0,1,6156.0,1,0.0,1,3255.0,1,4441.0,1,3796.0,1,8911.0,3154.4407,4020.3486,-4495.0
495,2014-02-11,3161.0,305.0,1.0,0.0,0,0.0,2.0,0.73783326,0.674983,0.8660254,0.5,1,0,0,1,3386.0,1,0.0,1,5757.0,1,8984.0,1,3668.0,1,0.0,1,4325.0,1,6955.0,3247.0645,3879.3823,3386.0
495,2014-02-12,3187.0,297.0,1.0,0.0,0,0.0,3.0,0.73783326,0.674983,0.8660254,0.5,1,0,0,1,3161.0,1,3386.0,1,4495.0,1,6184.0,1,4686.0,1,3425.0,1,0.0,1,0.0,3212.6387,3719.7417,-225.0
495,2014-02-13,3672.0,335.0,1.0,0.0,0,0.0,4.0,0.73783326,0.674983,0.8660254,0.5,1,0,0,1,3187.0,1,3161.0,1,0.0,1,5443.0,1,4913.0,1,3225.0,1,8777.0,1,10052.0,3202.3833,3601.3547,26.0
495,2014-02-14,4251.0,362.0,1.0,0.0,0,0.0,5.0,0.73783326,0.674983,0.8660254,0.5,1,0,0,1,3672.0,1,3187.0,1,3386.0,1,6156.0,1,0.0,1,3255.0,1,6396.0,1,4247.0,3390.23,3617.0537,485.0
495,2014-02-15,4155.0,326.0,1.0,0.0,0,0.0,6.0,0.73783326,0.674983,0.8660254,0.5,1,0,0,1,4251.0,1,3672.0,1,3161.0,1,5757.0,1,8984.0,1,3668.0,1,6052.0,1,0.0,3734.5378,3757.9307,579.0
495,2014-02-16,0.0,0.0,0.0,0.0,0,0.0,7.0,0.73783326,0.674983,0.8660254,0.5,1,0,0,1,4155.0,1,4251.0,1,3187.0,1,4495.0,1,6184.0,1,4686.0,1,6329.0,1,0.0,3902.7227,3846.1682,-96.0
495,2014-02-17,7359.0,500.0,1.0,1.0,0,0.0,1.0,0.8124869,0.5829795,0.8660254,0.5,1,0,0,1,0.0,1,4155.0,1,3672.0,1,0.0,1,5443.0,1,4913.0,1,5710.0,1,4584.0,2341.6335,2991.464,-4155.0
495,2014-02-18,5738.0,420.0,1.0,1.0,0,0.0,2.0,0.8124869,0.5829795,0.8660254,0.5,1,0,0,1,7359.0,1,0.0,1,4251.0,1,3386.0,1,6156.0,1,0.0,1,4441.0,1,4736.0,4348.58,3962.0278,7359.0
495,2014-02-19,5781.0,431.0,1.0,1.0,0,0.0,3.0,0.8124869,0.5829795,0.8660254,0.5,1,0,0,1,5738.0,1,7359.0,1,4155.0,1,3161.0,1,5757.0,1,8984.0,1,0.0,1,0.0,4904.348,4356.688,-1621.0
495,2014-02-20,5459.0,420.0,1.0,1.0,0,0.0,4.0,0.8124869,0.5829795,0.8660254,0.5,1,0,0,1,5781.0,1,5738.0,1,0.0,1,3187.0,1,4495.0,1,6184.0,1,3425.0,1,6653.0,5255.009,4673.202,43.0
495,2014-02-21,5479.0,410.0,1.0,1.0,0,0.0,5.0,0.8124869,0.5829795,0.8660254,0.5,1,0,0,1,5459.0,1,5781.0,1,7359.0,1,3672.0,1,0.0,1,5443.0,1,3225.0,1,3365.0,5336.6055,4847.8237,-322.0
495,2014-02-22,4229.0,354.0,1.0,0.0,0,0.0,6.0,0.8124869,0.5829795,0.8660254,0.5,1,0,0,1,5479.0,1,5459.0,1,5738.0,1,4251.0,1,3386.0,1,6156.0,1,3255.0,1,0.0,5393.563,4988.085,20.0
495,2014-02-23,0.0,0.0,0.0,0.0,0,0.0,7.0,0.8124869,0.5829795,0.8660254,0.5,1,0,0,1,4229.0,1,5479.0,1,5781.0,1,4155.0,1,3161.0,1,5757.0,1,3668.0,1,3774.0,4927.738,4819.3994,-1250.0
495,2014-02-24,2779.0,284.0,1.0,0.0,0,0.0,1.0,0.8757349,0.4827922,0.8660254,0.5,1,0,0,1,0.0,1,4229.0,1,5459.0,1,0.0,1,3187.0,1,4495.0,1,4686.0,1,4141.0,2956.6428,3748.4219,-4229.0
495,2014-02-25,3335.0,319.0,1.0,0.0,0,0.0,2.0,0.8757349,0.4827922,0.8660254,0.5,1,0,0,1,2779.0,1,0.0,1,5479.0,1,7359.0,1,3672.0,1,0.0,1,4913.0,1,4809.0,2885.5857,3532.9949,2779.0
495,2014-02-26,3221.0,299.0,1.0,0.0,0,0.0,3.0,0.8757349,0.4827922,0.8660254,0.5,1,0,0,1,3335.0,1,2779.0,1,4229.0,1,5738.0,1,4251.0,1,3386.0,1,0.0,1,0.0,3065.3513,3488.9958,556.0
495,2014-02-27,3953.0,346.0,1.0,0.0,0,0.0,4.0,0.8757349,0.4827922,0.8660254,0.5,1,0,0,1,3221.0,1,3335.0,1,0.0,1,5781.0,1,4155.0,1,3161.0,1,8984.0,1,0.0,3127.6108,3429.4414,-114.0
495,2014-02-28,3887.0,362.0,1.0,0.0,0,0.0,5.0,0.8757349,0.4827922,0.8660254,0.5,1,0,1,1,3953.0,1,3221.0,1,2779.0,1,5459.0,1,0.0,1,3187.0,1,6184.0,1,9542.0,3457.7666,3545.7876,732.0
495,2014-03-01,3838.0,333.0,1.0,0.0,0,0.0,6.0,0.8757349,0.4827922,1.0,6.123234e-17,1,1,0,1,3887.0,1,3953.0,1,3335.0,1,5479.0,1,7359.0,1,3672.0,1,5443.0,1,7132.0,3629.46,3621.6125,-66.0
495,2014-03-02,0.0,0.0,0.0,0.0,0,0.0,7.0,0.8757349,0.4827922,1.0,6.123234e-17,1,0,0,1,3838.0,1,3887.0,1,3221.0,1,4229.0,1,5738.0,1,4251.0,1,6156.0,1,6648.0,3712.876,3669.6987,-49.0
495,2014-03-03,8152.0,527.0,1.0,1.0,0,0.0,1.0,0.9266896,0.37582758,1.0,6.123234e-17,1,0,0,1,0.0,1,3838.0,1,3953.0,1,0.0,1,5781.0,1,4155.0,1,5757.0,1,6270.0,2227.7256,2854.2102,-3838.0
495,2014-03-04,5536.0,383.0,1.0,1.0,0,0.0,2.0,0.9266896,0.37582758,1.0,6.123234e-17,1,0,0,1,8152.0,1,0.0,1,3887.0,1,2779.0,1,5459.0,1,0.0,1,4495.0,1,4609.0,4597.4355,4031.4968,8152.0
495,2014-03-05,5062.0,371.0,1.0,1.0,0,0.0,3.0,0.9266896,0.37582758,1.0,6.123234e-17,1,0,0,1,5536.0,1,8152.0,1,3838.0,1,3335.0,1,5479.0,1,7359.0,1,0.0,1,0.0,4972.8613,4365.8306,-2616.0
495,2014-03-06,6638.0,451.0,1.0,1.0,0,0.0,4.0,0.9266896,0.37582758,1.0,6.123234e-17,1,0,0,1,5062.0,1,5536.0,1,0.0,1,3221.0,1,4229.0,1,5738.0,1,3386.0,1,3932.0,5008.5166,4520.535,-474.0
495,2014-03-07,5412.0,402.0,1.0,1.0,0,0.0,5.0,0.9266896,0.37582758,1.0,6.123234e-17,1,0,0,1,6638.0,1,5062.0,1,8152.0,1,3953.0,1,0.0,1,5781.0,1,3161.0,1,3322.0,5660.31,4991.083,1576.0
495,2014-03-08,4567.0,382.0,1.0,0.0,0,0.0,6.0,0.9266896,0.37582758,1.0,6.123234e-17,1,0,0,1,5412.0,1,6638.0,1,5536.0,1,3887.0,1,2779.0,1,5459.0,1,3187.0,1,3294.0,5560.986,5084.62,-1226.0
495,2014-03-09,0.0,0.0,0.0,0.0,0,0.0,7.0,0.9266896,0.37582758,1.0,6.123234e-17,1,0,0,1,4567.0,1,5412.0,1,5062.0,1,3838.0,1,3335.0,1,5479.0,1,3672.0,1,3379.0,5163.3916,4969.5933,-845.0
495,2014-03-10,4114.0,363.0,1.0,0.0,0,0.0,1.0,0.9646356,0.26358718,1.0,6.123234e-17,1,0,0,1,0.0,1,4567.0,1,6638.0,1,0.0,1,3221.0,1,4229.0,1,4251.0,1,3796.0,3098.035,3865.2393,-4567.0
495,2014-03-11,3431.0,303.0,1.0,0.0,0,0.0,2.0,0.9646356,0.26358718,1.0,6.123234e-17,1,0,0,1,4114.0,1,0.0,1,5412.0,1,8152.0,1,3953.0,1,0.0,1,4155.0,1,4325.0,3504.421,3920.5195,4114.0
495,2014-03-12,3199.0,279.0,1.0,0.0,0,0.0,3.0,0.9646356,0.26358718,1.0,6.123234e-17,1,0,0,1,3431.0,1,4114.0,1,4567.0,1,5536.0,1,3887.0,1,2779.0,1,0.0,1,0.0,3475.0525,3811.7373,-683.0
495,2014-03-13,3629.0,319.0,1.0,0.0,0,0.0,4.0,0.9646356,0.26358718,1.0,6.123234e-17,1,0,0,1,3199.0,1,3431.0,1,0.0,1,5062.0,1,3838.0,1,3335.0,1,7359.0,1,8777.0,3364.6316,3675.5735,-232.0
495,2014-03-14,3839.0,337.0,1.0,0.0,0,0.0,5.0,0.9646356,0.26358718,1.0,6.123234e-17,1,0,0,1,3629.0,1,3199.0,1,4114.0,1,6638.0,1,0.0,1,3221.0,1,5738.0,1,6396.0,3470.379,3665.2239,430.0
495,2014-03-15,4591.0,367.0,1.0,0.0,0,0.0,6.0,0.9646356,0.26358718,1.0,6.123234e-17,1,0,0,1,3839.0,1,3629.0,1,3431.0,1,5412.0,1,8152.0,1,3953.0,1,5781.0,1,6052.0,3617.8274,3703.8408,210.0
495,2014-03-16,0.0,0.0,0.0,0.0,0,0.0,7.0,0.9646356,0.26358718,1.0,6.123234e-17,1,0,0,1,4591.0,1,3839.0,1,3199.0,1,4567.0,1,5536.0,1,3887.0,1,5459.0,1,6329.0,4007.0964,3900.9873,752.0
495,2014-03-17,7771.0,501.0,1.0,1.0,0,0.0,1.0,0.9890402,0.14764656,1.0,6.123234e-17,1,0,0,1,0.0,1,4591.0,1,3629.0,1,0.0,1,5062.0,1,3838.0,1,5479.0,1,5710.0,2404.2578,3034.101,-4591.0
495,2014-03-18,5265.0,371.0,1.0,1.0,0,0.0,2.0,0.9890402,0.14764656,1.0,6.123234e-17,1,0,0,1,7771.0,1,0.0,1,3839.0,1,4114.0,1,6638.0,1,0.0,1,4229.0,1,4441.0,4550.9546,4086.7454,7771.0
495,2014-03-19,5662.0,391.0,1.0,1.0,0,0.0,3.0,0.9890402,0.14764656,1.0,6.123234e-17,1,0,0,1,5265.0,1,7771.0,1,4591.0,1,3431.0,1,5412.0,1,8152.0,1,0.0,1,0.0,4836.5728,4348.5796,-2506.0
495,2014-03-20,4473.0,367.0,1.0,1.0,0,0.0,4.0,0.9890402,0.14764656,1.0,6.123234e-17,1,0,0,1,5662.0,1,5265.0,1,0.0,1,3199.0,1,4567.0,1,5536.0,1,2779.0,1,3425.0,5166.7437,4640.4507,397.0
495,2014-03-21,5784.0,412.0,1.0,1.0,0,0.0,5.0,0.9890402,0.14764656,1.0,6.123234e-17,1,0,0,1,4473.0,1,5662.0,1,7771.0,1,3629.0,1,0.0,1,5062.0,1,3335.0,1,3225.0,4889.246,4603.2397,-1189.0
495,2014-03-22,4642.0,378.0,1.0,0.0,0,0.0,6.0,0.9890402,0.14764656,1.0,6.123234e-17,1,0,0,1,5784.0,1,4473.0,1,5265.0,1,3839.0,1,4114.0,1,6638.0,1,3221.0,1,3255.0,5247.148,4865.631,1311.0
495,2014-03-23,0.0,0.0,0.0,0.0,0,0.0,7.0,0.9890402,0.14764656,1.0,6.123234e-17,1,0,0,1,4642.0,1,5784.0,1,5662.0,1,4591.0,1,3431.0,1,5412.0,1,3953.0,1,3668.0,5005.089,4815.935,-1142.0
495,2014-03-24,4094.0,350.0,1.0,0.0,0,0.0,1.0,0.99956083,0.029633328,1.0,6.123234e-17,1,0,0,1,0.0,1,4642.0,1,4473.0,1,0.0,1,3199.0,1,4567.0,1,3887.0,1,4686.0,3003.0532,3745.7273,-4642.0
495,2014-03-25,3229.0,303.0,1.0,0.0,0,0.0,2.0,0.99956083,0.029633328,1.0,6.123234e-17,1,0,0,1,4094.0,1,0.0,1,5784.0,1,7771.0,1,3629.0,1,0.0,1,3838.0,1,4913.0,3439.432,3823.121,4094.0
495,2014-03-26,3586.0,312.0,1.0,0.0,0,0.0,3.0,0.99956083,0.029633328,1.0,6.123234e-17,1,0,0,1,3229.0,1,4094.0,1,4642.0,1,5265.0,1,3839.0,1,4114.0,1,0.0,1,0.0,3355.259,3691.0942,-865.0
495,2014-03-27,4221.0,336.0,1.0,0.0,0,0.0,4.0,0.99956083,0.029633328,1.0,6.123234e-17,1,0,0,1,3586.0,1,3229.0,1,0.0,1,5662.0,1,4591.0,1,3431.0,1,8152.0,1,8984.0,3447.5554,3667.74,357.0
495,2014-03-28,4037.0,314.0,1.0,0.0,0,0.0,5.0,0.99956083,0.029633328,1.0,6.123234e-17,1,0,0,1,4221.0,1,3586.0,1,4094.0,1,4473.0,1,0.0,1,3199.0,1,5536.0,1,6184.0,3756.9333,3790.6868,635.0
495,2014-03-29,3704.0,330.0,1.0,0.0,0,0.0,6.0,0.99956083,0.029633328,1.0,6.123234e-17,1,0,0,1,4037.0,1,4221.0,1,3229.0,1,5784.0,1,7771.0,1,3629.0,1,5062.0,1,5443.0,3868.96,3845.4229,-184.0
495,2014-03-30,0.0,0.0,0.0,0.0,0,0.0,7.0,0.99956083,0.029633328,1.0,6.123234e-17,1,0,0,1,3704.0,1,4037.0,1,3586.0,1,4642.0,1,5265.0,1,3839.0,1,6638.0,1,6156.0,3802.976,3813.9956,-333.0
495,2014-03-31,9788.0,604.0,1.0,1.0,0,0.0,1.0,0.9960498,-0.08879589,1.0,6.123234e-17,1,0,1,1,0.0,1,3704.0,1,4221.0,1,0.0,1,5662.0,1,4591.0,1,5412.0,1,5757.0,2281.7856,2966.4412,-3704.0
495,2014-04-01,4773.0,359.0,1.0,1.0,0,0.0,2.0,0.9960498,-0.08879589,0.8660254,-0.5,2,1,0,1,9788.0,1,0.0,1,4037.0,1,4094.0,1,4473.0,1,0.0,1,4567.0,1,4495.0,5284.2715,4482.3433,9788.0
495,2014-04-02,5402.0,396.0,1.0,1.0,0,0.0,3.0,0.9960498,-0.08879589,0.8660254,-0.5,2,0,0,1,4773.0,1,9788.0,1,3704.0,1,3229.0,1,5784.0,1,7771.0,1,0.0,1,0.0,5079.7627,4546.9336,-5015.0
495,2014-04-03,5458.0,418.0,1.0,1.0,0,0.0,4.0,0.9960498,-0.08879589,0.8660254,-0.5,2,0,0,1,5402.0,1,4773.0,1,0.0,1,3586.0,1,4642.0,1,5265.0,1,4114.0,1,3386.0,5208.6577,4736.948,629.0
495,2014-04-04,6143.0,441.0,1.0,1.0,0,0.0,5.0,0.9960498,-0.08879589,0.8660254,-0.5,2,0,0,1,5458.0,1,5402.0,1,9788.0,1,4221.0,1,0.0,1,5662.0,1,3431.0,1,3161.0,5308.3945,4897.182,56.0
495,2014-04-05,5004.0,384.0,1.0,0.0,0,0.0,6.0,0.9960498,-0.08879589,0.8660254,-0.5,2,0,0,1,6143.0,1,5458.0,1,4773.0,1,4037.0,1,4094.0,1,4473.0,1,3199.0,1,3187.0,5642.237,5174.0303,685.0
495,2014-04-06,0.0,0.0,0.0,0.0,0,0.0,7.0,0.9960498,-0.08879589,0.8660254,-0.5,2,0,0,1,5004.0,1,6143.0,1,5402.0,1,3704.0,1,3229.0,1,5784.0,1,3629.0,1,3672.0,5386.942,5136.246,-1139.0
495,2014-04-07,3662.0,328.0,1.0,0.0,0,0.0,1.0,0.9785565,-0.20597862,0.8660254,-0.5,2,0,0,1,0.0,1,5004.0,1,5458.0,1,0.0,1,3586.0,1,4642.0,1,3839.0,1,4251.0,3232.1653,3994.858,-5004.0
495,2014-04-08,3575.0,325.0,1.0,0.0,0,0.0,2.0,0.9785565,-0.20597862,0.8660254,-0.5,2,0,0,1,3662.0,1,0.0,1,6143.0,1,9788.0,1,4221.0,1,0.0,1,4591.0,1,4155.0,3404.099,3920.8894,3662.0
495,2014-04-09,3401.0,314.0,1.0,0.0,0,0.0,3.0,0.9785565,-0.20597862,0.8660254,-0.5,2,0,0,1,3575.0,1,3662.0,1,5004.0,1,4773.0,1,4037.0,1,4094.0,1,0.0,1,0.0,3472.4595,3844.0251,-87.0
495,2014-04-10,4097.0,354.0,1.0,0.0,0,0.0,4.0,0.9785565,-0.20597862,0.8660254,-0.5,2,0,0,1,3401.0,1,3575.0,1,0.0,1,5402.0,1,3704.0,1,3229.0,1,7771.0,1,7359.0,3443.8757,3745.5752,-174.0
495,2014-04-11,4047.0,343.0,1.0,0.0,0,0.0,5.0,0.9785565,-0.20597862,0.8660254,-0.5,2,0,0,1,4097.0,1,3401.0,1,3662.0,1,5458.0,1,0.0,1,3586.0,1,5265.0,1,5738.0,3705.1255,3823.6694,696.0
495,2014-04-12,3806.0,345.0,1.0,0.0,0,0.0,6.0,0.9785565,-0.20597862,0.8660254,-0.5,2,0,0,1,4047.0,1,4097.0,1,3575.0,1,6143.0,1,9788.0,1,4221.0,1,5662.0,1,5781.0,3841.8752,3873.2986,-50.0
495,2014-04-13,0.0,0.0,0.0,0.0,0,0.0,7.0,0.9785565,-0.20597862,0.8660254,-0.5,2,0,0,1,3806.0,1,4047.0,1,3401.0,1,5004.0,1,4773.0,1,4037.0,1,4473.0,1,5459.0,3827.5251,3858.3433,-241.0
495,2014-04-14,9057.0,605.0,1.0,1.0,0,1.0,1.0,0.94732636,-0.32026985,0.8660254,-0.5,2,0,0,1,0.0,1,3806.0,1,4097.0,1,0.0,1,5402.0,1,3704.0,1,5784.0,1,5479.0,2296.5151,3000.9336,-3806.0
495,2014-04-15,8010.0,501.0,1.0,1.0,0,1.0,2.0,0.94732636,-0.32026985,0.8660254,-0.5,2,0,0,1,9057.0,1,0.0,1,4047.0,1,3662.0,1,5458.0,1,0.0,1,4642.0,1,4229.0,5000.709,4346.726,9057.0
495,2014-04-16,7078.0,500.0,1.0,1.0,0,1.0,3.0,0.94732636,-0.32026985,0.8660254,-0.5,2,0,0,1,8010.0,1,9057.0,1,3806.0,1,3575.0,1,6143.0,1,9788.0,1,0.0,1,0.0,6204.4253,5160.787,-1047.0
495,2014-04-17,7440.0,593.0,1.0,1.0,0,1.0,4.0,0.94732636,-0.32026985,0.8660254,-0.5,2,0,0,1,7078.0,1,8010.0,1,0.0,1,3401.0,1,5004.0,1,4773.0,1,4094.0,1,2779.0,6553.8555,5586.8345,-932.0
495,2014-04-18,0.0,0.0,0.0,1.0,2,1.0,5.0,0.94732636,-0.32026985,0.8660254,-0.5,2,0,0,1,7440.0,1,7078.0,1,9057.0,1,4097.0,1,0.0,1,5402.0,1,3229.0,1,3335.0,6908.313,5998.649,362.0
495,2014-04-19,5902.0,512.0,1.0,0.0,0,0.0,6.0,0.94732636,-0.32026985,0.8660254,-0.5,2,0,0,1,0.0,1,7440.0,1,8010.0,1,4047.0,1,3662.0,1,5458.0,1,3586.0,1,3221.0,4144.988,4665.6157,-7440.0
495,2014-04-20,0.0,0.0,0.0,0.0,0,0.0,7.0,0.94732636,-0.32026985,0.8660254,-0.5,2,0,0,1,5902.0,1,0.0,1,7078.0,1,3806.0,1,3575.0,1,6143.0,1,4221.0,1,3953.0,4847.793,4940.3677,5902.0
495,2014-04-21,0.0,0.0,0.0,0.0,2,1.0,1.0,0.9027978,-0.4300652,0.8660254,-0.5,2,0,0,1,0.0,1,5902.0,1,7440.0,1,0.0,1,3401.0,1,5004.0,1,4037.0,1,3887.0,2908.6755,3842.5083,-5902.0
495,2014-04-22,4607.0,399.0,1.0,0.0,0,1.0,2.0,0.9027978,-0.4300652,0.8660254,-0.5,2,0,0,1,0.0,1,0.0,1,0.0,1,9057.0,1,4097.0,1,0.0,1,3704.0,1,3838.0,1745.2054,2988.6177,0.0
495,2014-04-23,3184.0,308.0,1.0,0.0,0,1.0,3.0,0.9027978,-0.4300652,0.8660254,-0.5,2,0,0,1,4607.0,1,0.0,1,5902.0,1,8010.0,1,4047.0,1,3662.0,1,0.0,1,0.0,2889.9233,3348.258,4607.0
495,2014-04-24,3858.0,340.0,1.0,0.0,0,1.0,4.0,0.9027978,-0.4300652,0.8660254,-0.5,2,0,0,1,3184.0,1,4607.0,1,0.0,1,7078.0,1,3806.0,1,3575.0,1,9788.0,1,8152.0,3007.554,3311.7563,-1423.0
495,2014-04-25,3971.0,362.0,1.0,0.0,0,1.0,5.0,0.9027978,-0.4300652,0.8660254,-0.5,2,0,0,1,3858.0,1,3184.0,1,0.0,1,7440.0,1,0.0,1,3401.0,1,4773.0,1,5536.0,3347.7324,3433.1438,674.0
495,2014-04-26,4342.0,379.0,1.0,0.0,0,0.0,6.0,0.9027978,-0.4300652,0.8660254,-0.5,2,0,0,1,3971.0,1,3858.0,1,4607.0,1,0.0,1,9057.0,1,4097.0,1,5402.0,1,5062.0,3597.0393,3552.6675,113.0
495,2014-04-27,0.0,0.0,0.0,0.0,0,0.0,7.0,0.9027978,-0.4300652,0.8660254,-0.5,2,0,0,1,4342.0,1,3971.0,1,3184.0,1,5902.0,1,8010.0,1,4047.0,1,5458.0,1,6638.0,3895.0237,3728.0747,371.0
495,2014-04-28,7227.0,491.0,1.0,1.0,0,0.0,1.0,0.845596,-0.5338234,0.8660254,-0.5,2,0,0,1,0.0,1,4342.0,1,3858.0,1,0.0,1,7078.0,1,3806.0,1,6143.0,1,5412.0,2337.0142,2899.6135,-4342.0
495,2014-04-29,5859.0,431.0,1.0,1.0,0,0.0,2.0,0.845596,-0.5338234,0.8660254,-0.5,2,0,0,1,7227.0,1,0.0,1,3971.0,1,0.0,1,7440.0,1,0.0,1,5004.0,1,4567.0,4293.0083,3861.2551,7227.0
495,2014-04-30,6731.0,520.0,1.0,1.0,0,0.0,3.0,0.845596,-0.5338234,0.8660254,-0.5,2,0,1,1,5859.0,1,7227.0,1,4342.0,1,4607.0,1,0.0,1,9057.0,1,0.0,1,0.0,4919.4053,4305.198,-1368.0
495,2014-05-01,0.0,0.0,0.0,1.0,1,0.0,4.0,0.845596,-0.5338234,0.5,-0.8660254,2,1,0,1,6731.0,1,5859.0,1,0.0,1,3184.0,1,5902.0,1,8010.0,1,3662.0,1,4114.0,5644.043,4844.2656,872.0
495,2014-05-02,7610.0,538.0,1.0,1.0,0,0.0,5.0,0.845596,-0.5338234,0.5,-0.8660254,2,0,0,1,0.0,1,6731.0,1,7227.0,1,3858.0,1,0.0,1,7078.0,1,3575.0,1,3431.0,3386.4258,3767.762,-6731.0
495,2014-05-03,5009.0,427.0,1.0,0.0,0,0.0,6.0,0.845596,-0.5338234,0.5,-0.8660254,2,0,0,1,7610.0,1,0.0,1,5859.0,1,3971.0,1,0.0,1,7440.0,1,3401.0,1,3199.0,5075.8555,4621.593,7610.0
495,2014-05-04,0.0,0.0,0.0,0.0,0,0.0,7.0,0.845596,-0.5338234,0.5,-0.8660254,2,0,0,1,5009.0,1,7610.0,1,6731.0,1,4342.0,1,4607.0,1,0.0,1,4097.0,1,3629.0,5049.1133,4707.683,-2601.0
495,2014-05-05,6976.0,501.0,1.0,1.0,0,0.0,1.0,0.7765239,-0.63008785,0.5,-0.8660254,2,0,0,1,0.0,1,5009.0,1,0.0,1,0.0,1,3184.0,1,5902.0,1,4047.0,1,3839.0,3029.468,3661.5312,-5009.0
495,2014-05-06,5910.0,409.0,1.0,1.0,0,0.0,2.0,0.7765239,-0.63008785,0.5,-0.8660254,2,0,0,1,6976.0,1,0.0,1,7610.0,1,7227.0,1,3858.0,1,0.0,1,3806.0,1,4591.0,4608.0806,4398.08,6976.0
495,2014-05-07,6432.0,435.0,1.0,1.0,0,0.0,3.0,0.7765239,-0.63008785,0.5,-0.8660254,2,0,0,1,5910.0,1,6976.0,1,5009.0,1,5859.0,1,3971.0,1,0.0,1,0.0,1,0.0,5128.8486,4734.062,-1066.0
495,2014-05-08,5543.0,406.0,1.0,1.0,0,0.0,4.0,0.7765239,-0.63008785,0.5,-0.8660254,2,0,0,1,6432.0,1,5910.0,1,0.0,1,6731.0,1,4342.0,1,4607.0,1,9057.0,1,7771.0,5650.109,5111.382,522.0
495,2014-05-09,6270.0,469.0,1.0,1.0,0,0.0,5.0,0.7765239,-0.63008785,0.5,-0.8660254,2,0,0,1,5543.0,1,6432.0,1,6976.0,1,0.0,1,0.0,1,3184.0,1,8010.0,1,5265.0,5607.2656,5207.297,-889.0
495,2014-05-10,4569.0,406.0,1.0,0.0,0,0.0,6.0,0.7765239,-0.63008785,0.5,-0.8660254,2,0,0,1,6270.0,1,5543.0,1,5910.0,1,7610.0,1,7227.0,1,3858.0,1,7078.0,1,5662.0,5872.3594,5443.453,727.0
495,2014-05-11,0.0,0.0,0.0,0.0,0,0.0,7.0,0.7765239,-0.63008785,0.5,-0.8660254,2,0,0,1,4569.0,1,6270.0,1,6432.0,1,5009.0,1,5859.0,1,3971.0,1,7440.0,1,4473.0,5351.0156,5249.1304,-1701.0
495,2014-05-12,3463.0,314.0,1.0,0.0,0,0.0,1.0,0.696551,-0.71750724,0.5,-0.8660254,2,0,0,1,0.0,1,4569.0,1,5543.0,1,0.0,1,6731.0,1,4342.0,1,0.0,1,5784.0,3210.6094,4082.6567,-4569.0
495,2014-05-13,3513.0,300.0,1.0,0.0,0,0.0,2.0,0.696551,-0.71750724,0.5,-0.8660254,2,0,0,1,3463.0,1,0.0,1,6270.0,1,6976.0,1,0.0,1,0.0,1,5902.0,1,4642.0,3311.5657,3944.9553,3463.0
495,2014-05-14,3455.0,308.0,1.0,0.0,0,0.0,3.0,0.696551,-0.71750724,0.5,-0.8660254,2,0,0,1,3513.0,1,3463.0,1,4569.0,1,5910.0,1,7610.0,1,7227.0,1,0.0,1,0.0,3392.1394,3848.9653,50.0
495,2014-05-15,3883.0,336.0,1.0,0.0,0,0.0,4.0,0.696551,-0.71750724,0.5,-0.8660254,2,0,0,1,3455.0,1,3513.0,1,0.0,1,6432.0,1,5009.0,1,5859.0,1,0.0,1,4094.0,3417.2837,3761.4175,-58.0
495,2014-05-16,3890.0,349.0,1.0,0.0,0,0.0,5.0,0.696551,-0.71750724,0.5,-0.8660254,2,0,0,1,3883.0,1,3455.0,1,3463.0,1,5543.0,1,0.0,1,6731.0,1,4607.0,1,3229.0,3603.57,3788.4358,428.0
495,2014-05-17,4830.0,394.0,1.0,0.0,0,0.0,6.0,0.696551,-0.71750724,0.5,-0.8660254,2,0,0,1,3890.0,1,3883.0,1,3513.0,1,6270.0,1,6976.0,1,0.0,1,3184.0,1,3586.0,3718.142,3811.0056,7.0
495,2014-05-18,0.0,0.0,0.0,0.0,0,0.0,7.0,0.696551,-0.71750724,0.5,-0.8660254,2,0,0,1,4830.0,1,3890.0,1,3455.0,1,4569.0,1,5910.0,1,7610.0,1,3858.0,1,4221.0,4162.8853,4037.4487,940.0
495,2014-05-19,6163.0,467.0,1.0,1.0,0,0.0,1.0,0.60680014,-0.79485446,0.5,-0.8660254,2,0,0,1,0.0,1,4830.0,1,3883.0,1,0.0,1,6432.0,1,5009.0,1,3971.0,1,4037.0,2497.7312,3140.238,-4830.0
495,2014-05-20,5437.0,401.0,1.0,1.0,0,0.0,2.0,0.60680014,-0.79485446,0.5,-0.8660254,2,0,0,1,6163.0,1,0.0,1,3890.0,1,3463.0,1,5543.0,1,0.0,1,4342.0,1,3704.0,3963.8386,3811.963,6163.0
495,2014-05-21,5721.0,366.0,1.0,1.0,0,0.0,3.0,0.60680014,-0.79485446,0.5,-0.8660254,2,0,0,1,5437.0,1,6163.0,1,4830.0,1,3513.0,1,6270.0,1,6976.0,1,0.0,1,0.0,4553.103,4173.082,-726.0
495,2014-05-22,5262.0,396.0,1.0,1.0,0,0.0,4.0,0.60680014,-0.79485446,0.5,-0.8660254,2,0,0,1,5721.0,1,5437.0,1,0.0,1,3455.0,1,4569.0,1,5910.0,1,7227.0,1,9788.0,5020.2617,4517.064,284.0
495,2014-05-23,5813.0,423.0,1.0,1.0,0,0.0,5.0,0.60680014,-0.79485446,0.5,-0.8660254,2,0,0,1,5262.0,1,5721.0,1,6163.0,1,3883.0,1,0.0,1,6432.0,1,5859.0,1,4773.0,5116.957,4682.6055,-459.0
495,2014-05-24,4220.0,346.0,1.0,0.0,0,0.0,6.0,0.60680014,-0.79485446,0.5,-0.8660254,2,0,0,1,5813.0,1,5262.0,1,5437.0,1,3890.0,1,3463.0,1,5543.0,1,6731.0,1,5402.0,5395.3745,4933.804,551.0
495,2014-05-25,0.0,0.0,0.0,0.0,0,0.0,7.0,0.60680014,-0.79485446,0.5,-0.8660254,2,0,0,1,4220.0,1,5813.0,1,5721.0,1,4830.0,1,3513.0,1,6270.0,1,0.0,1,5458.0,4925.2246,4775.181,-1593.0
495,2014-05-26,4793.0,383.0,1.0,0.0,0,0.0,1.0,0.5085311,-0.86104363,0.5,-0.8660254,2,0,0,1,0.0,1,4220.0,1,5262.0,1,0.0,1,3455.0,1,4569.0,1,7610.0,1,6143.0,2955.1348,3714.0295,-4220.0
495,2014-05-27,3812.0,360.0,1.0,0.0,0,0.0,2.0,0.5085311,-0.86104363,0.5,-0.8660254,2,0,0,1,4793.0,1,0.0,1,5813.0,1,6163.0,1,3883.0,1,0.0,1,5009.0,1,5004.0,3690.2808,3953.8008,4793.0
495,2014-05-28,6054.0,446.0,1.0,0.0,0,0.0,3.0,0.5085311,-0.86104363,0.5,-0.8660254,2,0,0,1,3812.0,1,4793.0,1,4220.0,1,5437.0,1,3890.0,1,3463.0,1,0.0,1,0.0,3738.9685,3922.2896,-981.0
495,2014-05-29,0.0,0.0,0.0,0.0,1,0.0,4.0,0.5085311,-0.86104363,0.5,-0.8660254,2,0,0,1,6054.0,1,3812.0,1,0.0,1,5721.0,1,4830.0,1,3513.0,1,6976.0,1,3662.0,4664.981,4396.003,2242.0
495,2014-05-30,5724.0,448.0,1.0,0.0,0,0.0,5.0,0.5085311,-0.86104363,0.5,-0.8660254,2,0,0,1,0.0,1,6054.0,1,4793.0,1,5262.0,1,0.0,1,3455.0,1,5910.0,1,3575.0,2798.9888,3419.1135,-6054.0
495,2014-05-31,3959.0,346.0,1.0,0.0,0,0.0,6.0,0.5085311,-0.86104363,0.5,-0.8660254,2,0,1,1,5724.0,1,0.0,1,3812.0,1,5813.0,1,6163.0,1,3883.0,1,6432.0,1,3401.0,3968.9932,3931.3105,5724.0
495,2014-06-01,0.0,0.0,0.0,0.0,0,0.0,7.0,0.5085311,-0.86104363,1.2246469e-16,-1.0,2,1,0,1,3959.0,1,5724.0,1,6054.0,1,4220.0,1,5437.0,1,3890.0,1,5543.0,1,4097.0,3964.9958,3937.4636,-1765.0
495,2014-06-02,8488.0,527.0,1.0,1.0,0,0.0,1.0,0.40312344,-0.91514564,1.2246469e-16,-1.0,2,0,0,1,0.0,1,3959.0,1,0.0,1,0.0,1,5721.0,1,4830.0,1,6270.0,1,4047.0,2378.9976,3062.4717,-3959.0
495,2014-06-03,6000.0,410.0,1.0,1.0,0,0.0,2.0,0.40312344,-0.91514564,1.2246469e-16,-1.0,2,0,0,1,8488.0,1,0.0,1,5724.0,1,4793.0,1,5262.0,1,0.0,1,4569.0,1,3806.0,4822.5986,4268.1445,8488.0
495,2014-06-04,5426.0,397.0,1.0,1.0,0,0.0,3.0,0.40312344,-0.91514564,1.2246469e-16,-1.0,2,0,0,1,6000.0,1,8488.0,1,3959.0,1,3812.0,1,5813.0,1,6163.0,1,0.0,1,0.0,5293.559,4653.0015,-2488.0
495,2014-06-05,6175.0,437.0,1.0,1.0,0,0.0,4.0,0.40312344,-0.91514564,1.2246469e-16,-1.0,2,0,0,1,5426.0,1,6000.0,1,0.0,1,6054.0,1,4220.0,1,5437.0,1,3463.0,1,9057.0,5346.5356,4824.779,-574.0
495,2014-06-06,6178.0,444.0,1.0,1.0,0,0.0,5.0,0.40312344,-0.91514564,1.2246469e-16,-1.0,2,0,0,1,6175.0,1,5426.0,1,8488.0,1,0.0,1,0.0,1,5721.0,1,3513.0,1,8010.0,5677.9214,5124.828,749.0
495,2014-06-07,5445.0,428.0,1.0,0.0,0,0.0,6.0,0.40312344,-0.91514564,1.2246469e-16,-1.0,2,0,0,1,6178.0,1,6175.0,1,6000.0,1,5724.0,1,4793.0,1,5262.0,1,3455.0,1,7078.0,5877.9526,5358.866,3.0
495,2014-06-08,0.0,0.0,0.0,0.0,0,0.0,7.0,0.40312344,-0.91514564,1.2246469e-16,-1.0,2,0,0,1,5445.0,1,6178.0,1,5426.0,1,3959.0,1,3812.0,1,5813.0,1,3883.0,1,7440.0,5704.7715,5378.007,-733.0
495,2014-06-09,0.0,0.0,0.0,0.0,1,0.0,1.0,0.29205677,-0.956401,1.2246469e-16,-1.0,2,0,0,1,0.0,1,5445.0,1,6175.0,1,0.0,1,6054.0,1,4220.0,1,3890.0,1,0.0,3422.863,4182.8945,-5445.0
495,2014-06-10,4328.0,404.0,1.0,0.0,0,1.0,2.0,0.29205677,-0.956401,1.2246469e-16,-1.0,2,0,0,1,0.0,1,0.0,1,6178.0,1,8488.0,1,0.0,1,0.0,1,4830.0,1,5902.0,2053.7178,3253.3623,0.0
495,2014-06-11,3870.0,332.0,1.0,0.0,0,1.0,3.0,0.29205677,-0.956401,1.2246469e-16,-1.0,2,0,0,1,4328.0,1,0.0,1,5445.0,1,6000.0,1,5724.0,1,4793.0,1,0.0,1,0.0,2963.4307,3492.1707,4328.0
495,2014-06-12,4187.0,346.0,1.0,0.0,0,1.0,4.0,0.29205677,-0.956401,1.2246469e-16,-1.0,2,0,0,1,3870.0,1,4328.0,1,0.0,1,5426.0,1,3959.0,1,3812.0,1,6163.0,1,0.0,3326.0583,3576.1328,-458.0
495,2014-06-13,4727.0,379.0,1.0,0.0,0,1.0,5.0,0.29205677,-0.956401,1.2246469e-16,-1.0,2,0,0,1,4187.0,1,3870.0,1,0.0,1,6175.0,1,0.0,1,6054.0,1,5437.0,1,4607.0,3670.435,3711.881,317.0
495,2014-06-14,4640.0,370.0,1.0,0.0,0,0.0,6.0,0.29205677,-0.956401,1.2246469e-16,-1.0,2,0,0,1,4727.0,1,4187.0,1,4328.0,1,6178.0,1,8488.0,1,0.0,1,5721.0,1,3184.0,4093.061,3937.4631,540.0
495,2014-06-15,0.0,0.0,0.0,0.0,0,0.0,7.0,0.29205677,-0.956401,1.2246469e-16,-1.0,2,0,0,1,4640.0,1,4727.0,1,3870.0,1,5445.0,1,6000.0,1,5724.0,1,5262.0,1,3858.0,4311.8364,4093.5823,-87.0
495,2014-06-16,7047.0,484.0,1.0,1.0,0,1.0,1.0,0.17689027,-0.9842306,1.2246469e-16,-1.0,2,0,0,1,0.0,1,4640.0,1,4187.0,1,0.0,1,5426.0,1,3959.0,1,5813.0,1,3971.0,2587.102,3183.8975,-4640.0
495,2014-06-17,5829.0,453.0,1.0,1.0,0,1.0,2.0,0.17689027,-0.9842306,1.2246469e-16,-1.0,2,0,0,1,7047.0,1,0.0,1,4727.0,1,0.0,1,6175.0,1,0.0,1,4220.0,1,4342.0,4371.061,4042.3647,7047.0
495,2014-06-18,8286.0,575.0,1.0,1.0,0,1.0,3.0,0.17689027,-0.9842306,1.2246469e-16,-1.0,2,0,0,1,5829.0,1,7047.0,1,4640.0,1,4328.0,1,6178.0,1,8488.0,1,0.0,1,0.0,4954.237,4439.3945,-1218.0
495,2014-06-19,0.0,0.0,0.0,1.0,1,1.0,4.0,0.17689027,-0.9842306,1.2246469e-16,-1.0,2,0,0,1,8286.0,1,5829.0,1,0.0,1,3870.0,1,5445.0,1,6000.0,1,4793.0,1,7227.0,6286.942,5294.196,2457.0
495,2014-06-20,7673.0,564.0,1.0,1.0,0,1.0,5.0,0.17689027,-0.9842306,1.2246469e-16,-1.0,2,0,0,1,0.0,1,8286.0,1,7047.0,1,4187.0,1,0.0,1,5426.0,1,3812.0,1,5859.0,3772.1653,4117.708,-8286.0
495,2014-06-21,4276.0,384.0,1.0,0.0,0,0.0,6.0,0.17689027,-0.9842306,1.2246469e-16,-1.0,2,0,0,1,7673.0,1,0.0,1,5829.0,1,4727.0,1,0.0,1,6175.0,1,6054.0,1,6731.0,5332.499,4907.773,7673.0
495,2014-06-22,0.0,0.0,0.0,0.0,0,0.0,7.0,0.17689027,-0.9842306,1.2246469e-16,-1.0,2,0,0,1,4276.0,1,7673.0,1,8286.0,1,4640.0,1,4328.0,1,6178.0,1,0.0,1,0.0,4909.8994,4767.379,-3397.0
495,2014-06-23,3951.0,349.0,1.0,0.0,0,0.0,1.0,0.059240628,-0.99824375,1.2246469e-16,-1.0,2,0,0,1,0.0,1,4276.0,1,0.0,1,0.0,1,3870.0,1,5445.0,1,5724.0,1,7610.0,2945.9397,3707.9614,-4276.0
495,2014-06-24,3822.0,323.0,1.0,0.0,0,0.0,2.0,0.059240628,-0.99824375,1.2246469e-16,-1.0,2,0,0,1,3951.0,1,0.0,1,7673.0,1,7047.0,1,4187.0,1,0.0,1,3959.0,1,5009.0,3347.9639,3761.97,3951.0
495,2014-06-25,3821.0,321.0,1.0,0.0,0,0.0,3.0,0.059240628,-0.99824375,1.2246469e-16,-1.0,2,0,0,1,3822.0,1,3951.0,1,4276.0,1,5829.0,1,4727.0,1,0.0,1,0.0,1,0.0,3537.5784,3775.31,-129.0
495,2014-06-26,3733.0,340.0,1.0,0.0,0,0.0,4.0,0.059240628,-0.99824375,1.2246469e-16,-1.0,2,0,0,1,3821.0,1,3822.0,1,0.0,1,8286.0,1,4640.0,1,4328.0,1,8488.0,1,6976.0,3650.947,3785.4634,-1.0
495,2014-06-27,4976.0,392.0,1.0,0.0,0,0.0,5.0,0.059240628,-0.99824375,1.2246469e-16,-1.0,2,0,0,1,3733.0,1,3821.0,1,3951.0,1,0.0,1,0.0,1,3870.0,1,6000.0,1,5910.0,3683.768,3773.8047,-88.0
495,2014-06-28,4901.0,374.0,1.0,0.0,0,0.0,6.0,0.059240628,-0.99824375,1.2246469e-16,-1.0,2,0,0,1,4976.0,1,3733.0,1,3822.0,1,7673.0,1,7047.0,1,4187.0,1,5426.0,1,6432.0,4200.661,4040.9592,1243.0
495,2014-06-29,0.0,0.0,0.0,0.0,0,0.0,7.0,0.059240628,-0.99824375,1.2246469e-16,-1.0,2,0,0,1,4901.0,1,4976.0,1,3821.0,1,4276.0,1,5829.0,1,4727.0,1,6175.0,1,5543.0,4480.7964,4232.0796,-75.0
495,2014-06-30,10246.0,628.0,1.0,1.0,0,0.0,1.0,-0.059240628,-0.99824375,1.2246469e-16,-1.0,2,0,1,1,0.0,1,4901.0,1,3733.0,1,0.0,1,8286.0,1,4640.0,1,6178.0,1,6270.0,2688.478,3291.6174,-4901.0
495,2014-07-01,5051.0,383.0,1.0,1.0,0,0.0,2.0,-0.059240628,-0.99824375,-0.5,-0.8660254,3,1,0,1,10246.0,1,0.0,1,4976.0,1,3951.0,1,0.0,1,0.0,1,5445.0,1,4569.0,5711.487,4837.0356,10246.0
495,2014-07-02,6352.0,431.0,1.0,1.0,0,0.0,3.0,-0.059240628,-0.99824375,-0.5,-0.8660254,3,0,0,1,5051.0,1,10246.0,1,4901.0,1,3822.0,1,7673.0,1,7047.0,1,0.0,1,0.0,5447.292,4884.5835,-5195.0
495,2014-07-03,6454.0,481.0,1.0,1.0,0,0.0,4.0,-0.059240628,-0.99824375,-0.5,-0.8660254,3,0,0,1,6352.0,1,5051.0,1,0.0,1,3821.0,1,4276.0,1,5829.0,1,0.0,1,3463.0,5809.1753,5210.676,1301.0
495,2014-07-04,6169.0,452.0,1.0,1.0,0,0.0,5.0,-0.059240628,-0.99824375,-0.5,-0.8660254,3,0,0,1,6454.0,1,6352.0,1,10246.0,1,3733.0,1,0.0,1,8286.0,1,4328.0,1,3513.0,6067.105,5486.97,102.0
495,2014-07-05,4850.0,395.0,1.0,0.0,0,0.0,6.0,-0.059240628,-0.99824375,-0.5,-0.8660254,3,0,0,1,6169.0,1,6454.0,1,5051.0,1,4976.0,1,3951.0,1,0.0,1,3870.0,1,3455.0,6107.8633,5638.532,-285.0
495,2014-07-06,0.0,0.0,0.0,0.0,0,0.0,7.0,-0.059240628,-0.99824375,-0.5,-0.8660254,3,0,0,1,4850.0,1,6169.0,1,6352.0,1,4901.0,1,3822.0,1,7673.0,1,4187.0,1,3883.0,5604.718,5463.3027,-1319.0
495,2014-07-07,4552.0,376.0,1.0,0.0,0,0.0,1.0,-0.17689027,-0.9842306,-0.5,-0.8660254,3,0,0,1,0.0,1,4850.0,1,6454.0,1,0.0,1,3821.0,1,4276.0,1,4727.0,1,3890.0,3362.8308,4249.236,-4850.0
495,2014-07-08,3926.0,327.0,1.0,0.0,0,0.0,2.0,-0.17689027,-0.9842306,-0.5,-0.8660254,3,0,0,1,4552.0,1,0.0,1,6169.0,1,10246.0,1,3733.0,1,0.0,1,4640.0,1,4830.0,3838.4985,4316.5166,4552.0
495,2014-07-09,3421.0,301.0,1.0,0.0,0,0.0,3.0,-0.17689027,-0.9842306,-0.5,-0.8660254,3,0,0,1,3926.0,1,4552.0,1,4850.0,1,5051.0,1,4976.0,1,3951.0,1,0.0,1,0.0,3873.499,4229.7354,-626.0
495,2014-07-10,4148.0,348.0,1.0,0.0,0,0.0,4.0,-0.17689027,-0.9842306,-0.5,-0.8660254,3,0,0,1,3421.0,1,3926.0,1,0.0,1,6352.0,1,4901.0,1,3822.0,1,7047.0,1,6163.0,3692.4995,4050.016,-505.0
495,2014-07-11,4107.0,351.0,1.0,0.0,0,0.0,5.0,-0.17689027,-0.9842306,-0.5,-0.8660254,3,0,0,1,4148.0,1,3421.0,1,4552.0,1,6454.0,1,0.0,1,3821.0,1,5829.0,1,5437.0,3874.6997,4071.7903,727.0
495,2014-07-12,4822.0,404.0,1.0,0.0,0,0.0,6.0,-0.17689027,-0.9842306,-0.5,-0.8660254,3,0,0,1,4107.0,1,4148.0,1,3926.0,1,6169.0,1,10246.0,1,3733.0,1,8286.0,1,5721.0,3967.6199,4079.6147,-41.0
495,2014-07-13,0.0,0.0,0.0,0.0,0,0.0,7.0,-0.17689027,-0.9842306,-0.5,-0.8660254,3,0,0,1,4822.0,1,4107.0,1,3421.0,1,4850.0,1,5051.0,1,4976.0,1,0.0,1,5262.0,4309.372,4244.5894,715.0
495,2014-07-14,7037.0,469.0,1.0,1.0,0,0.0,1.0,-0.29205677,-0.956401,-0.5,-0.8660254,3,0,0,1,0.0,1,4822.0,1,4148.0,1,0.0,1,6352.0,1,4901.0,1,7673.0,1,5813.0,2585.623,3301.3472,-4822.0
495,2014-07-15,5843.0,387.0,1.0,1.0,0,0.0,2.0,-0.29205677,-0.956401,-0.5,-0.8660254,3,0,0,1,7037.0,1,0.0,1,4107.0,1,4552.0,1,6454.0,1,0.0,1,4276.0,1,4220.0,4366.174,4131.492,7037.0
495,2014-07-16,6419.0,444.0,1.0,1.0,0,0.0,3.0,-0.29205677,-0.956401,-0.5,-0.8660254,3,0,0,1,5843.0,1,7037.0,1,4822.0,1,3926.0,1,6169.0,1,10246.0,1,0.0,1,0.0,4956.9043,4511.827,-1194.0
495,2014-07-17,5518.0,409.0,1.0,1.0,0,0.0,4.0,-0.29205677,-0.956401,-0.5,-0.8660254,3,0,0,1,6419.0,1,5843.0,1,0.0,1,3421.0,1,4850.0,1,5051.0,1,3951.0,1,4793.0,5541.7427,4935.6436,576.0
495,2014-07-18,5677.0,424.0,1.0,1.0,0,0.0,5.0,-0.29205677,-0.956401,-0.5,-0.8660254,3,0,0,1,5518.0,1,6419.0,1,7037.0,1,4148.0,1,0.0,1,6352.0,1,3822.0,1,3812.0,5532.2456,5065.056,-901.0
495,2014-07-19,4373.0,365.0,1.0,0.0,0,0.0,6.0,-0.29205677,-0.956401,-0.5,-0.8660254,3,0,0,1,5677.0,1,5518.0,1,5843.0,1,4107.0,1,4552.0,1,6454.0,1,3821.0,1,6054.0,5590.1475,5201.0435,159.0
495,2014-07-20,0.0,0.0,0.0,0.0,0,0.0,7.0,-0.29205677,-0.956401,-0.5,-0.8660254,3,0,0,1,4373.0,1,5677.0,1,6419.0,1,4822.0,1,3926.0,1,6169.0,1,3733.0,1,0.0,5103.2886,5017.0337,-1304.0
495,2014-07-21,4563.0,390.0,1.0,0.0,0,0.0,1.0,-0.40312344,-0.91514564,-0.5,-0.8660254,3,0,0,1,0.0,1,4373.0,1,5518.0,1,0.0,1,3421.0,1,4850.0,1,4976.0,1,5724.0,3061.9731,3902.1375,-4373.0
495,2014-07-22,3665.0,324.0,1.0,0.0,0,0.0,2.0,-0.40312344,-0.91514564,-0.5,-0.8660254,3,0,0,1,4563.0,1,0.0,1,5677.0,1,7037.0,1,4148.0,1,0.0,1,4901.0,1,3959.0,3662.3838,4048.9958,4563.0
495,2014-07-23,3834.0,340.0,1.0,0.0,0,0.0,3.0,-0.40312344,-0.91514564,-0.5,-0.8660254,3,0,0,1,3665.0,1,4563.0,1,4373.0,1,5843.0,1,4107.0,1,4552.0,1,0.0,1,0.0,3663.4302,3963.6633,-898.0
495,2014-07-24,3867.0,360.0,1.0,0.0,0,0.0,4.0,-0.40312344,-0.91514564,-0.5,-0.8660254,3,0,0,1,3834.0,1,3665.0,1,0.0,1,6419.0,1,4822.0,1,3926.0,1,10246.0,1,8488.0,3731.6582,3934.8494,169.0
495,2014-07-25,4316.0,350.0,1.0,0.0,0,0.0,5.0,-0.40312344,-0.91514564,-0.5,-0.8660254,3,0,0,1,3867.0,1,3834.0,1,4563.0,1,5518.0,1,0.0,1,3421.0,1,5051.0,1,6000.0,3785.795,3919.7717,33.0
495,2014-07-26,4475.0,360.0,1.0,0.0,0,0.0,6.0,-0.40312344,-0.91514564,-0.5,-0.8660254,3,0,0,1,4316.0,1,3867.0,1,3665.0,1,5677.0,1,7037.0,1,4148.0,1,6352.0,1,5426.0,3997.877,4007.8225,449.0
495,2014-07-27,0.0,0.0,0.0,0.0,0,0.0,7.0,-0.40312344,-0.91514564,-0.5,-0.8660254,3,0,0,1,4475.0,1,4316.0,1,3834.0,1,4373.0,1,5843.0,1,4107.0,1,6454.0,1,6175.0,4188.726,4111.6396,159.0
495,2014-07-28,6916.0,487.0,1.0,1.0,0,0.0,1.0,-0.5085311,-0.86104363,-0.5,-0.8660254,3,0,0,1,0.0,1,4475.0,1,3867.0,1,0.0,1,6419.0,1,4822.0,1,6169.0,1,6178.0,2513.2356,3197.942,-4475.0
495,2014-07-29,7277.0,480.0,1.0,1.0,0,0.0,2.0,-0.5085311,-0.86104363,-0.5,-0.8660254,3,0,0,1,6916.0,1,0.0,1,4316.0,1,4563.0,1,5518.0,1,0.0,1,4850.0,1,5445.0,4274.3413,4024.177,6916.0
495,2014-07-30,5782.0,432.0,1.0,1.0,0,0.0,3.0,-0.5085311,-0.86104363,-0.5,-0.8660254,3,0,0,1,7277.0,1,6916.0,1,4475.0,1,3665.0,1,5677.0,1,7037.0,1,0.0,1,0.0,5475.405,4747.027,361.0
495,2014-07-31,6588.0,473.0,1.0,1.0,0,1.0,4.0,-0.5085311,-0.86104363,-0.5,-0.8660254,3,0,1,1,5782.0,1,7277.0,1,0.0,1,3834.0,1,4373.0,1,5843.0,1,4552.0,1,0.0,5598.043,4977.0205,-1495.0
495,2014-08-01,6841.0,475.0,1.0,1.0,0,1.0,5.0,-0.5085311,-0.86104363,-0.8660254,-0.5,3,1,0,1,6588.0,1,5782.0,1,6916.0,1,3867.0,1,0.0,1,6419.0,1,3926.0,1,4328.0,5994.026,5335.016,806.0
495,2014-08-02,5474.0,396.0,1.0,0.0,0,0.0,6.0,-0.5085311,-0.86104363,-0.8660254,-0.5,3,0,0,1,6841.0,1,6588.0,1,7277.0,1,4316.0,1,4563.0,1,5518.0,1,3421.0,1,3870.0,6332.8154,5669.679,253.0
495,2014-08-03,0.0,0.0,0.0,0.0,0,0.0,7.0,-0.5085311,-0.86104363,-0.8660254,-0.5,3,0,0,1,5474.0,1,6841.0,1,5782.0,1,4475.0,1,3665.0,1,5677.0,1,4148.0,1,4187.0,5989.289,5626.195,-1367.0
495,2014-08-04,7029.0,462.0,1.0,1.0,0,1.0,1.0,-0.60680014,-0.79485446,-0.8660254,-0.5,3,0,0,1,0.0,1,5474.0,1,6588.0,1,0.0,1,3834.0,1,4373.0,1,4107.0,1,4727.0,3593.5735,4375.929,-5474.0
495,2014-08-05,5879.0,432.0,1.0,1.0,0,1.0,2.0,-0.60680014,-0.79485446,-0.8660254,-0.5,3,0,0,1,7029.0,1,0.0,1,6841.0,1,6916.0,1,3867.0,1,0.0,1,4822.0,1,4640.0,4967.744,4965.5005,7029.0
495,2014-08-06,5140.0,392.0,1.0,1.0,0,1.0,3.0,-0.60680014,-0.79485446,-0.8660254,-0.5,3,0,0,1,5879.0,1,7029.0,1,5474.0,1,7277.0,1,4316.0,1,4563.0,1,0.0,1,0.0,5332.2466,5168.5005,-1150.0
495,2014-08-07,6124.0,446.0,1.0,1.0,0,1.0,4.0,-0.60680014,-0.79485446,-0.8660254,-0.5,3,0,0,1,5140.0,1,5879.0,1,0.0,1,5782.0,1,4475.0,1,3665.0,1,7037.0,1,7047.0,5255.3477,5162.167,-739.0
495,2014-08-08,5594.0,405.0,1.0,1.0,0,1.0,5.0,-0.60680014,-0.79485446,-0.8660254,-0.5,3,0,0,1,6124.0,1,5140.0,1,7029.0,1,6588.0,1,0.0,1,3834.0,1,5843.0,1,5829.0,5602.8086,5375.9077,984.0
495,2014-08-09,3838.0,340.0,1.0,0.0,0,0.0,6.0,-0.60680014,-0.79485446,-0.8660254,-0.5,3,0,0,1,5594.0,1,6124.0,1,5879.0,1,6841.0,1,6916.0,1,3867.0,1,6419.0,1,8286.0,5599.285,5424.3726,-530.0
495,2014-08-10,0.0,0.0,0.0,0.0,0,0.0,7.0,-0.60680014,-0.79485446,-0.8660254,-0.5,3,0,0,1,3838.0,1,5594.0,1,5140.0,1,5474.0,1,7277.0,1,4316.0,1,5518.0,1,0.0,4894.771,5071.845,-1756.0
495,2014-08-11,4173.0,362.0,1.0,0.0,0,1.0,1.0,-0.696551,-0.71750724,-0.8660254,-0.5,3,0,0,1,0.0,1,3838.0,1,6124.0,1,0.0,1,5782.0,1,4475.0,1,5677.0,1,7673.0,2936.8628,3944.7686,-3838.0
495,2014-08-12,3257.0,303.0,1.0,0.0,0,1.0,2.0,-0.696551,-0.71750724,-0.8660254,-0.5,3,0,0,1,4173.0,1,0.0,1,5594.0,1,7029.0,1,6588.0,1,0.0,1,4373.0,1,4276.0,3431.3176,3995.4868,4173.0
495,2014-08-13,4061.0,306.0,1.0,0.0,0,1.0,3.0,-0.696551,-0.71750724,-0.8660254,-0.5,3,0,0,1,3257.0,1,4173.0,1,3838.0,1,5879.0,1,6841.0,1,6916.0,1,0.0,1,0.0,3361.5906,3831.3787,-916.0
495,2014-08-14,3545.0,314.0,1.0,0.0,0,1.0,4.0,-0.696551,-0.71750724,-0.8660254,-0.5,3,0,0,1,4061.0,1,3257.0,1,0.0,1,5140.0,1,5474.0,1,7277.0,1,4563.0,1,3951.0,3641.3542,3882.4055,804.0
495,2014-08-15,4236.0,346.0,1.0,0.0,0,1.0,5.0,-0.696551,-0.71750724,-0.8660254,-0.5,3,0,0,1,3545.0,1,4061.0,1,4173.0,1,6124.0,1,0.0,1,5782.0,1,3665.0,1,3822.0,3602.8125,3807.4265,-516.0
495,2014-08-16,3456.0,288.0,1.0,0.0,0,0.0,6.0,-0.696551,-0.71750724,-0.8660254,-0.5,3,0,0,1,4236.0,1,3545.0,1,3257.0,1,5594.0,1,7029.0,1,6588.0,1,3834.0,1,3821.0,3856.0876,3902.665,691.0
495,2014-08-17,0.0,0.0,0.0,0.0,0,0.0,7.0,-0.696551,-0.71750724,-0.8660254,-0.5,3,0,0,1,3456.0,1,4236.0,1,4061.0,1,3838.0,1,5879.0,1,6841.0,1,3867.0,1,3733.0,3696.0525,3803.4062,-780.0
495,2014-08-18,7423.0,490.0,1.0,1.0,0,1.0,1.0,-0.7765239,-0.63008785,-0.8660254,-0.5,3,0,0,1,0.0,1,3456.0,1,3545.0,1,0.0,1,5140.0,1,5474.0,1,4316.0,1,4976.0,2217.6316,2958.2048,-3456.0
495,2014-08-19,5559.0,386.0,1.0,1.0,0,1.0,2.0,-0.7765239,-0.63008785,-0.8660254,-0.5,3,0,0,1,7423.0,1,0.0,1,4236.0,1,4173.0,1,6124.0,1,0.0,1,4475.0,1,4901.0,4299.779,3950.3816,7423.0
495,2014-08-20,5085.0,374.0,1.0,1.0,0,1.0,3.0,-0.7765239,-0.63008785,-0.8660254,-0.5,3,0,0,1,5559.0,1,7423.0,1,3456.0,1,3257.0,1,5594.0,1,7029.0,1,0.0,1,0.0,4803.4673,4307.852,-1864.0
495,2014-08-21,5240.0,384.0,1.0,1.0,0,1.0,4.0,-0.7765239,-0.63008785,-0.8660254,-0.5,3,0,0,1,5085.0,1,5559.0,1,0.0,1,4061.0,1,3838.0,1,5879.0,1,6916.0,1,10246.0,4916.0806,4480.552,-474.0
495,2014-08-22,5849.0,403.0,1.0,1.0,0,1.0,5.0,-0.7765239,-0.63008785,-0.8660254,-0.5,3,0,0,1,5240.0,1,5085.0,1,7423.0,1,3545.0,1,0.0,1,5140.0,1,7277.0,1,5051.0,5045.6484,4649.318,155.0
495,2014-08-23,4005.0,317.0,1.0,0.0,0,0.0,6.0,-0.7765239,-0.63008785,-0.8660254,-0.5,3,0,0,1,5849.0,1,5240.0,1,5559.0,1,4236.0,1,4173.0,1,6124.0,1,5782.0,1,6352.0,5366.989,4915.914,609.0
495,2014-08-24,0.0,0.0,0.0,0.0,0,0.0,7.0,-0.7765239,-0.63008785,-0.8660254,-0.5,3,0,0,1,4005.0,1,5849.0,1,5085.0,1,3456.0,1,3257.0,1,5594.0,1,6588.0,1,6454.0,4822.1934,4713.489,-1844.0
495,2014-08-25,3837.0,350.0,1.0,0.0,0,1.0,1.0,-0.845596,-0.5338234,-0.8660254,-0.5,3,0,0,1,0.0,1,4005.0,1,5240.0,1,0.0,1,4061.0,1,3838.0,1,6841.0,1,6169.0,2893.316,3666.0469,-4005.0
495,2014-08-26,3214.0,290.0,1.0,0.0,0,1.0,2.0,-0.845596,-0.5338234,-0.8660254,-0.5,3,0,0,1,3837.0,1,0.0,1,5849.0,1,7423.0,1,3545.0,1,0.0,1,5474.0,1,4850.0,3270.7896,3704.0364,3837.0
495,2014-08-27,3243.0,279.0,1.0,0.0,0,1.0,3.0,-0.845596,-0.5338234,-0.8660254,-0.5,3,0,0,1,3214.0,1,3837.0,1,4005.0,1,5559.0,1,4236.0,1,4173.0,1,0.0,1,0.0,3248.0737,3595.1394,-623.0
495,2014-08-28,3880.0,343.0,1.0,0.0,0,1.0,4.0,-0.845596,-0.5338234,-0.8660254,-0.5,3,0,0,1,3243.0,1,3214.0,1,0.0,1,5085.0,1,3456.0,1,3257.0,1,7029.0,1,4552.0,3246.0442,3516.8862,29.0
495,2014-08-29,4257.0,346.0,1.0,0.0,0,1.0,5.0,-0.845596,-0.5338234,-0.8660254,-0.5,3,0,0,1,3880.0,1,3243.0,1,3837.0,1,5240.0,1,0.0,1,4061.0,1,5879.0,1,3926.0,3499.6265,3597.5781,637.0
495,2014-08-30,4144.0,345.0,1.0,0.0,0,0.0,6.0,-0.845596,-0.5338234,-0.8660254,-0.5,3,0,0,1,4257.0,1,3880.0,1,3214.0,1,5849.0,1,7423.0,1,3545.0,1,5140.0,1,3421.0,3802.576,3744.1165,377.0
495,2014-08-31,0.0,0.0,0.0,0.0,0,0.0,7.0,-0.845596,-0.5338234,-0.8660254,-0.5,3,0,1,1,4144.0,1,4257.0,1,3243.0,1,4005.0,1,5559.0,1,4236.0,1,6124.0,1,4148.0,3939.1455,3832.9795,-113.0
495,2014-09-01,8482.0,529.0,1.0,1.0,0,1.0,1.0,-0.9027978,-0.4300652,-1.0,-1.8369701e-16,3,1,0,1,0.0,1,4144.0,1,3880.0,1,0.0,1,5085.0,1,3456.0,1,5594.0,1,4107.0,2363.4873,2981.2063,-4144.0
495,2014-09-02,5545.0,424.0,1.0,1.0,0,1.0,2.0,-0.9027978,-0.4300652,-1.0,-1.8369701e-16,3,0,0,1,8482.0,1,0.0,1,4257.0,1,3837.0,1,5240.0,1,0.0,1,3838.0,1,4822.0,4810.8926,4203.605,8482.0
495,2014-09-03,5494.0,366.0,1.0,1.0,0,1.0,3.0,-0.9027978,-0.4300652,-1.0,-1.8369701e-16,3,0,0,1,5545.0,1,8482.0,1,4144.0,1,3214.0,1,5849.0,1,7423.0,1,0.0,1,0.0,5104.5356,4501.693,-2937.0
495,2014-09-04,5457.0,396.0,1.0,1.0,0,1.0,4.0,-0.9027978,-0.4300652,-1.0,-1.8369701e-16,3,0,0,1,5494.0,1,5545.0,1,0.0,1,3243.0,1,4005.0,1,5559.0,1,4173.0,1,7037.0,5260.3213,4722.2056,-51.0
495,2014-09-05,5805.0,417.0,1.0,1.0,0,1.0,5.0,-0.9027978,-0.4300652,-1.0,-1.8369701e-16,3,0,0,1,5457.0,1,5494.0,1,8482.0,1,3880.0,1,0.0,1,5085.0,1,3257.0,1,5843.0,5338.9927,4885.493,-37.0
495,2014-09-06,3513.0,297.0,1.0,0.0,0,0.0,6.0,-0.9027978,-0.4300652,-1.0,-1.8369701e-16,3,0,0,1,5805.0,1,5457.0,1,5545.0,1,4257.0,1,3837.0,1,5240.0,1,4061.0,1,6419.0,5525.3955,5089.828,348.0
495,2014-09-07,0.0,0.0,0.0,0.0,0,0.0,7.0,-0.9027978,-0.4300652,-1.0,-1.8369701e-16,3,0,0,1,3513.0,1,5805.0,1,5494.0,1,4144.0,1,3214.0,1,5849.0,1,3545.0,1,5518.0,4720.4375,4739.422,-2292.0
495,2014-09-08,3930.0,342.0,1.0,0.0,0,1.0,1.0,-0.94732636,-0.32026985,-1.0,-1.8369701e-16,3,0,0,1,0.0,1,3513.0,1,5457.0,1,0.0,1,3243.0,1,4005.0,1,4236.0,1,5677.0,2832.2625,3686.2168,-3513.0
495,2014-09-09,3793.0,325.0,1.0,0.0,0,1.0,2.0,-0.94732636,-0.32026985,-1.0,-1.8369701e-16,3,0,0,1,3930.0,1,0.0,1,5805.0,1,8482.0,1,3880.0,1,0.0,1,3456.0,1,4373.0,3271.3574,3740.3909,3930.0
495,2014-09-10,3352.0,314.0,1.0,0.0,0,1.0,3.0,-0.94732636,-0.32026985,-1.0,-1.8369701e-16,3,0,0,1,3793.0,1,3930.0,1,3513.0,1,5545.0,1,4257.0,1,3837.0,1,0.0,1,0.0,3480.0144,3752.0818,-137.0
495,2014-09-11,3535.0,329.0,1.0,0.0,0,1.0,4.0,-0.94732636,-0.32026985,-1.0,-1.8369701e-16,3,0,0,1,3352.0,1,3793.0,1,0.0,1,5494.0,1,4144.0,1,3214.0,1,7423.0,1,4563.0,3428.8086,3663.1748,-441.0
495,2014-09-12,4342.0,350.0,1.0,0.0,0,1.0,5.0,-0.94732636,-0.32026985,-1.0,-1.8369701e-16,3,0,0,1,3535.0,1,3352.0,1,3930.0,1,5457.0,1,0.0,1,3243.0,1,5559.0,1,3665.0,3471.2852,3634.6914,183.0
495,2014-09-13,4969.0,394.0,1.0,0.0,0,0.0,6.0,-0.94732636,-0.32026985,-1.0,-1.8369701e-16,3,0,0,1,4342.0,1,3535.0,1,3793.0,1,5805.0,1,8482.0,1,3880.0,1,5085.0,1,3834.0,3819.571,3791.871,807.0
495,2014-09-14,0.0,0.0,0.0,0.0,0,0.0,7.0,-0.94732636,-0.32026985,-1.0,-1.8369701e-16,3,0,0,1,4969.0,1,4342.0,1,3352.0,1,3513.0,1,5545.0,1,4257.0,1,5240.0,1,3867.0,4279.343,4053.4553,627.0
495,2014-09-15,7490.0,508.0,1.0,1.0,0,0.0,1.0,-0.9785565,-0.20597862,-1.0,-1.8369701e-16,3,0,0,1,0.0,1,4969.0,1,3535.0,1,0.0,1,5494.0,1,4144.0,1,5849.0,1,4316.0,2567.6057,3152.6875,-4969.0
495,2014-09-16,5357.0,381.0,1.0,1.0,0,0.0,2.0,-0.9785565,-0.20597862,-1.0,-1.8369701e-16,3,0,0,1,7490.0,1,0.0,1,4342.0,1,3930.0,1,5457.0,1,0.0,1,4005.0,1,4475.0,4536.5635,4116.5347,7490.0
495,2014-09-17,4259.0,382.0,1.0,1.0,0,0.0,3.0,-0.9785565,-0.20597862,-1.0,-1.8369701e-16,3,0,0,1,5357.0,1,7490.0,1,4969.0,1,3793.0,1,5805.0,1,8482.0,1,0.0,1,0.0,4864.738,4392.194,-2133.0
495,2014-09-18,5315.0,414.0,1.0,1.0,0,0.0,4.0,-0.9785565,-0.20597862,-1.0,-1.8369701e-16,3,0,0,1,4259.0,1,5357.0,1,0.0,1,3352.0,1,3513.0,1,5545.0,1,3837.0,1,6916.0,4622.443,4362.595,-1098.0
495,2014-09-19,5996.0,437.0,1.0,1.0,0,0.0,5.0,-0.9785565,-0.20597862,-1.0,-1.8369701e-16,3,0,0,1,5315.0,1,4259.0,1,7490.0,1,3535.0,1,0.0,1,5494.0,1,3214.0,1,7277.0,4899.466,4574.2407,1056.0
495,2014-09-20,4528.0,351.0,1.0,0.0,0,0.0,6.0,-0.9785565,-0.20597862,-1.0,-1.8369701e-16,3,0,0,1,5996.0,1,5315.0,1,5357.0,1,4342.0,1,3930.0,1,5457.0,1,3243.0,1,5782.0,5338.0796,4890.187,681.0
495,2014-09-21,0.0,0.0,0.0,0.0,0,0.0,7.0,-0.9785565,-0.20597862,-1.0,-1.8369701e-16,3,0,0,1,4528.0,1,5996.0,1,4259.0,1,4969.0,1,3793.0,1,5805.0,1,3880.0,1,6588.0,5014.048,4809.701,-1468.0
495,2014-09-22,4127.0,373.0,1.0,0.0,0,0.0,1.0,-0.9960498,-0.08879589,-1.0,-1.8369701e-16,3,0,0,1,0.0,1,4528.0,1,5315.0,1,0.0,1,3352.0,1,3513.0,1,4257.0,1,6841.0,3008.4285,3740.8787,-4528.0
495,2014-09-23,3598.0,331.0,1.0,0.0,0,0.0,2.0,-0.9960498,-0.08879589,-1.0,-1.8369701e-16,3,0,0,1,4127.0,1,0.0,1,5996.0,1,7490.0,1,3535.0,1,0.0,1,4144.0,1,5474.0,3455.8572,3826.6833,4127.0
495,2014-09-24,3251.0,308.0,1.0,0.0,0,0.0,3.0,-0.9960498,-0.08879589,-1.0,-1.8369701e-16,3,0,0,1,3598.0,1,4127.0,1,4528.0,1,5357.0,1,4342.0,1,3930.0,1,0.0,1,0.0,3512.7144,3775.8647,-529.0
495,2014-09-25,3812.0,345.0,1.0,0.0,0,0.0,4.0,-0.9960498,-0.08879589,-1.0,-1.8369701e-16,3,0,0,1,3251.0,1,3598.0,1,0.0,1,4259.0,1,4969.0,1,3793.0,1,8482.0,1,7029.0,3408.0286,3659.2283,-347.0
495,2014-09-26,3885.0,340.0,1.0,0.0,0,0.0,5.0,-0.9960498,-0.08879589,-1.0,-1.8369701e-16,3,0,0,1,3812.0,1,3251.0,1,4127.0,1,5315.0,1,0.0,1,3352.0,1,5545.0,1,5879.0,3569.6172,3693.1775,561.0
495,2014-09-27,4819.0,361.0,1.0,0.0,0,0.0,6.0,-0.9960498,-0.08879589,-1.0,-1.8369701e-16,3,0,0,1,3885.0,1,3812.0,1,3598.0,1,5996.0,1,7490.0,1,3535.0,1,5494.0,1,5140.0,3695.7703,3735.8047,73.0
495,2014-09-28,0.0,0.0,0.0,0.0,0,0.0,7.0,-0.9960498,-0.08879589,-1.0,-1.8369701e-16,3,0,0,1,4819.0,1,3885.0,1,3251.0,1,4528.0,1,5357.0,1,4342.0,1,5457.0,1,6124.0,4145.062,3976.515,934.0
495,2014-09-29,8666.0,545.0,1.0,1.0,0,0.0,1.0,-0.99956083,0.029633328,-1.0,-1.8369701e-16,3,0,0,1,0.0,1,4819.0,1,3812.0,1,0.0,1,4259.0,1,4969.0,1,5805.0,1,5594.0,2487.0374,3092.8447,-4819.0
495,2014-09-30,7636.0,514.0,1.0,1.0,0,0.0,2.0,-0.99956083,0.029633328,-1.0,-1.8369701e-16,3,0,1,1,8666.0,1,0.0,1,3885.0,1,4127.0,1,5315.0,1,0.0,1,3513.0,1,3838.0,4958.6226,4331.3237,8666.0
495,2014-10-01,5145.0,383.0,1.0,1.0,0,0.0,3.0,-0.99956083,0.029633328,-0.8660254,0.5,4,1,0,1,7636.0,1,8666.0,1,4819.0,1,3598.0,1,5996.0,1,7490.0,1,0.0,1,0.0,6029.573,5065.6963,-1030.0
495,2014-10-02,6541.0,469.0,1.0,1.0,0,0.0,4.0,-0.99956083,0.029633328,-0.8660254,0.5,4,0,0,1,5145.0,1,7636.0,1,0.0,1,3251.0,1,4528.0,1,5357.0,1,3930.0,1,4173.0,5675.744,5083.3193,-2491.0
495,2014-10-03,0.0,0.0,0.0,1.0,1,0.0,5.0,-0.99956083,0.029633328,-0.8660254,0.5,4,0,0,1,6541.0,1,5145.0,1,8666.0,1,3812.0,1,0.0,1,4259.0,1,3793.0,1,3257.0,6021.846,5407.2485,1396.0
495,2014-10-04,5276.0,405.0,1.0,0.0,0,0.0,6.0,-0.99956083,0.029633328,-0.8660254,0.5,4,0,0,1,0.0,1,6541.0,1,7636.0,1,3885.0,1,4127.0,1,5315.0,1,3352.0,1,4061.0,3613.108,4205.6377,-6541.0
495,2014-10-05,0.0,0.0,0.0,0.0,0,0.0,7.0,-0.99956083,0.029633328,-0.8660254,0.5,4,0,0,1,5276.0,1,0.0,1,5145.0,1,4819.0,1,3598.0,1,5996.0,1,3535.0,1,3545.0,4278.2646,4443.496,5276.0
495,2014-10-06,7373.0,479.0,1.0,1.0,0,0.0,1.0,-0.9890402,0.14764656,-0.8660254,0.5,4,0,0,1,0.0,1,5276.0,1,6541.0,1,0.0,1,3251.0,1,4528.0,1,4342.0,1,4236.0,2566.9587,3456.0525,-5276.0
495,2014-10-07,6106.0,407.0,1.0,1.0,0,0.0,2.0,-0.9890402,0.14764656,-0.8660254,0.5,4,0,0,1,7373.0,1,0.0,1,0.0,1,8666.0,1,3812.0,1,0.0,1,4969.0,1,3456.0,4489.3755,4326.4854,7373.0
495,2014-10-08,5541.0,388.0,1.0,1.0,0,0.0,3.0,-0.9890402,0.14764656,-0.8660254,0.5,4,0,0,1,6106.0,1,7373.0,1,5276.0,1,7636.0,1,3885.0,1,4127.0,1,0.0,1,0.0,5136.0254,4721.933,-1267.0
495,2014-10-09,5945.0,426.0,1.0,1.0,0,0.0,4.0,-0.9890402,0.14764656,-0.8660254,0.5,4,0,0,1,5541.0,1,6106.0,1,0.0,1,5145.0,1,4819.0,1,3598.0,1,7490.0,1,7423.0,5298.015,4903.9478,-565.0
495,2014-10-10,5453.0,412.0,1.0,1.0,0,0.0,5.0,-0.9890402,0.14764656,-0.8660254,0.5,4,0,0,1,5945.0,1,5541.0,1,7373.0,1,6541.0,1,0.0,1,3251.0,1,5357.0,1,5559.0,5556.809,5135.293,404.0
495,2014-10-11,4494.0,404.0,1.0,0.0,0,0.0,6.0,-0.9890402,0.14764656,-0.8660254,0.5,4,0,0,1,5453.0,1,5945.0,1,6106.0,1,0.0,1,8666.0,1,3812.0,1,4259.0,1,5085.0,5515.2856,5205.8945,-492.0
495,2014-10-12,0.0,0.0,0.0,0.0,0,0.0,7.0,-0.9890402,0.14764656,-0.8660254,0.5,4,0,0,1,4494.0,1,5453.0,1,5541.0,1,5276.0,1,7636.0,1,3885.0,1,5315.0,1,5240.0,5106.7715,5047.696,-959.0
495,2014-10-13,3750.0,336.0,1.0,0.0,0,0.0,1.0,-0.9646356,0.26358718,-0.8660254,0.5,4,0,0,1,0.0,1,4494.0,1,5945.0,1,0.0,1,5145.0,1,4819.0,1,5996.0,1,5849.0,3064.0627,3925.9856,-4494.0
495,2014-10-14,3117.0,297.0,1.0,0.0,0,0.0,2.0,-0.9646356,0.26358718,-0.8660254,0.5,4,0,0,1,3750.0,1,0.0,1,5453.0,1,7373.0,1,6541.0,1,0.0,1,4528.0,1,4005.0,3338.4377,3886.8777,3750.0
495,2014-10-15,3866.0,333.0,1.0,0.0,0,0.0,3.0,-0.9646356,0.26358718,-0.8660254,0.5,4,0,0,1,3117.0,1,3750.0,1,4494.0,1,6106.0,1,0.0,1,8666.0,1,0.0,1,0.0,3249.8625,3715.7937,-633.0
495,2014-10-16,3868.0,327.0,1.0,0.0,0,0.0,4.0,-0.9646356,0.26358718,-0.8660254,0.5,4,0,0,1,3866.0,1,3117.0,1,0.0,1,5541.0,1,5276.0,1,7636.0,1,4127.0,1,3837.0,3496.3176,3749.1729,749.0
495,2014-10-17,3925.0,331.0,1.0,0.0,0,0.0,5.0,-0.9646356,0.26358718,-0.8660254,0.5,4,0,0,1,3868.0,1,3866.0,1,3750.0,1,5945.0,1,0.0,1,5145.0,1,3598.0,1,3214.0,3644.9905,3775.5789,2.0
495,2014-10-18,4002.0,369.0,1.0,0.0,0,0.0,6.0,-0.9646356,0.26358718,-0.8660254,0.5,4,0,0,1,3925.0,1,3868.0,1,3117.0,1,5453.0,1,7373.0,1,6541.0,1,3251.0,1,3243.0,3756.9944,3808.7837,57.0
495,2014-10-19,0.0,0.0,0.0,0.0,0,0.0,7.0,-0.9646356,0.26358718,-0.8660254,0.5,4,0,0,1,4002.0,1,3925.0,1,3866.0,1,4494.0,1,6106.0,1,0.0,1,3812.0,1,3880.0,3854.9966,3851.7205,77.0
495,2014-10-20,7496.0,522.0,1.0,1.0,0,0.0,1.0,-0.9266896,0.37582758,-0.8660254,0.5,4,0,0,1,0.0,1,4002.0,1,3868.0,1,0.0,1,5541.0,1,5276.0,1,3885.0,1,4257.0,2312.998,2995.7827,-4002.0
495,2014-10-21,5578.0,389.0,1.0,1.0,0,0.0,2.0,-0.9266896,0.37582758,-0.8660254,0.5,4,0,0,1,7496.0,1,0.0,1,3925.0,1,3750.0,1,5945.0,1,0.0,1,4819.0,1,4144.0,4386.1987,3995.831,7496.0
495,2014-10-22,5054.0,382.0,1.0,1.0,0,0.0,3.0,-0.9266896,0.37582758,-0.8660254,0.5,4,0,0,1,5578.0,1,7496.0,1,4002.0,1,3117.0,1,5453.0,1,7373.0,1,0.0,1,0.0,4862.9194,4347.4243,-1918.0
495,2014-10-23,5406.0,424.0,1.0,1.0,0,0.0,4.0,-0.9266896,0.37582758,-0.8660254,0.5,4,0,0,1,5054.0,1,5578.0,1,0.0,1,3866.0,1,4494.0,1,6106.0,1,8666.0,1,8482.0,4939.3516,4504.441,-524.0
495,2014-10-24,5450.0,425.0,1.0,1.0,0,0.0,5.0,-0.9266896,0.37582758,-0.8660254,0.5,4,0,0,1,5406.0,1,5054.0,1,7496.0,1,3868.0,1,0.0,1,5541.0,1,7636.0,1,5545.0,5126.0107,4704.7876,352.0
495,2014-10-25,4421.0,355.0,1.0,0.0,0,0.0,6.0,-0.9266896,0.37582758,-0.8660254,0.5,4,0,0,1,5450.0,1,5406.0,1,5578.0,1,3925.0,1,3750.0,1,5945.0,1,5145.0,1,5494.0,5255.6064,4870.39,44.0
495,2014-10-26,0.0,0.0,0.0,0.0,0,0.0,7.0,-0.9266896,0.37582758,-0.8660254,0.5,4,0,0,1,4421.0,1,5450.0,1,5054.0,1,4002.0,1,3117.0,1,5453.0,1,6541.0,1,5457.0,4921.764,4770.526,-1029.0
495,2014-10-27,4002.0,331.0,1.0,0.0,0,1.0,1.0,-0.8757349,0.4827922,-0.8660254,0.5,4,0,0,1,0.0,1,4421.0,1,5406.0,1,0.0,1,3866.0,1,4494.0,1,0.0,1,5805.0,2953.0583,3710.409,-4421.0
495,2014-10-28,3484.0,309.0,1.0,0.0,0,1.0,2.0,-0.8757349,0.4827922,-0.8660254,0.5,4,0,0,1,4002.0,1,0.0,1,5450.0,1,7496.0,1,3868.0,1,0.0,1,5276.0,1,3513.0,3372.635,3775.207,4002.0
495,2014-10-29,3987.0,322.0,1.0,0.0,0,1.0,3.0,-0.8757349,0.4827922,-0.8660254,0.5,4,0,0,1,3484.0,1,4002.0,1,4421.0,1,5578.0,1,3925.0,1,3750.0,1,0.0,1,0.0,3417.181,3710.4944,-518.0
495,2014-10-30,4684.0,380.0,1.0,0.0,0,1.0,4.0,-0.8757349,0.4827922,-0.8660254,0.5,4,0,0,1,3987.0,1,3484.0,1,0.0,1,5054.0,1,4002.0,1,3117.0,1,7373.0,1,3930.0,3645.1086,3771.94,503.0
495,2014-10-31,5738.0,496.0,1.0,0.0,0,0.0,5.0,-0.8757349,0.4827922,-0.8660254,0.5,4,0,1,1,4684.0,1,3987.0,1,4002.0,1,5406.0,1,0.0,1,3866.0,1,6106.0,1,3793.0,4060.6653,3974.6199,697.0
495,2014-11-01,0.0,0.0,0.0,0.0,1,0.0,6.0,-0.8757349,0.4827922,-0.5,0.8660254,4,1,0,1,5738.0,1,4684.0,1,3484.0,1,5450.0,1,7496.0,1,3868.0,1,5541.0,1,3352.0,4731.599,4366.4824,1054.0
495,2014-11-02,0.0,0.0,0.0,0.0,0,0.0,7.0,-0.8757349,0.4827922,-0.5,0.8660254,4,0,0,1,0.0,1,5738.0,1,3987.0,1,4421.0,1,5578.0,1,3925.0,1,5945.0,1,3535.0,2838.9595,3396.1528,-5738.0
495,2014-11-03,8418.0,552.0,1.0,1.0,0,0.0,1.0,-0.8124869,0.5829795,-0.5,0.8660254,4,0,0,1,0.0,1,0.0,1,4684.0,1,0.0,1,5054.0,1,4002.0,1,5453.0,1,4342.0,1703.3757,2641.4521,0.0
495,2014-11-04,6795.0,463.0,1.0,1.0,0,0.0,2.0,-0.8124869,0.5829795,-0.5,0.8660254,4,0,0,1,8418.0,1,0.0,1,5738.0,1,4002.0,1,5406.0,1,0.0,1,4494.0,1,4969.0,4389.2256,3925.1294,8418.0
495,2014-11-05,5683.0,383.0,1.0,1.0,0,0.0,3.0,-0.8124869,0.5829795,-0.5,0.8660254,4,0,0,1,6795.0,1,8418.0,1,0.0,1,3484.0,1,5450.0,1,7496.0,1,0.0,1,0.0,5351.535,4562.8784,-1623.0
495,2014-11-06,6500.0,441.0,1.0,1.0,0,0.0,4.0,-0.8124869,0.5829795,-0.5,0.8660254,4,0,0,1,5683.0,1,6795.0,1,0.0,1,3987.0,1,4421.0,1,5578.0,1,3750.0,1,7490.0,5484.121,4811.7944,-1112.0
495,2014-11-07,6054.0,451.0,1.0,1.0,0,0.0,5.0,-0.8124869,0.5829795,-0.5,0.8660254,4,0,0,1,6500.0,1,5683.0,1,8418.0,1,4684.0,1,0.0,1,5054.0,1,3117.0,1,5357.0,5890.4727,5186.951,817.0
495,2014-11-08,5394.0,430.0,1.0,0.0,0,0.0,6.0,-0.8124869,0.5829795,-0.5,0.8660254,4,0,0,1,6054.0,1,6500.0,1,6795.0,1,5738.0,1,4002.0,1,5406.0,1,3866.0,1,4259.0,5955.884,5379.629,-446.0
495,2014-11-09,0.0,0.0,0.0,0.0,0,0.0,7.0,-0.8124869,0.5829795,-0.5,0.8660254,4,0,0,1,5394.0,1,6054.0,1,5683.0,1,0.0,1,3484.0,1,5450.0,1,3868.0,1,5315.0,5731.1304,5382.8223,-660.0
495,2014-11-10,5656.0,451.0,1.0,1.0,0,0.0,1.0,-0.73783326,0.674983,-0.5,0.8660254,4,0,0,1,0.0,1,5394.0,1,6500.0,1,0.0,1,3987.0,1,4421.0,1,3925.0,1,5996.0,3438.678,4186.6396,-5394.0
495,2014-11-11,5321.0,386.0,1.0,1.0,0,0.0,2.0,-0.73783326,0.674983,-0.5,0.8660254,4,0,0,1,5656.0,1,0.0,1,6054.0,1,8418.0,1,4684.0,1,0.0,1,4002.0,1,4528.0,4325.607,4513.164,5656.0
495,2014-11-12,5088.0,372.0,1.0,1.0,0,0.0,3.0,-0.73783326,0.674983,-0.5,0.8660254,4,0,0,1,5321.0,1,5656.0,1,5394.0,1,6795.0,1,5738.0,1,4002.0,1,0.0,1,0.0,4723.764,4692.683,-335.0
495,2014-11-13,4670.0,377.0,1.0,1.0,0,0.0,4.0,-0.73783326,0.674983,-0.5,0.8660254,4,0,0,1,5088.0,1,5321.0,1,0.0,1,5683.0,1,0.0,1,3484.0,1,7496.0,1,4127.0,4869.4585,4780.5312,-233.0
495,2014-11-14,5147.0,378.0,1.0,1.0,0,0.0,5.0,-0.73783326,0.674983,-0.5,0.8660254,4,0,0,1,4670.0,1,5088.0,1,5656.0,1,6500.0,1,0.0,1,3987.0,1,5578.0,1,3598.0,4789.6753,4755.9688,-418.0
495,2014-11-15,4596.0,376.0,1.0,0.0,0,0.0,6.0,-0.73783326,0.674983,-0.5,0.8660254,4,0,0,1,5147.0,1,4670.0,1,5321.0,1,6054.0,1,8418.0,1,4684.0,1,5054.0,1,3251.0,4932.605,4842.8647,477.0
495,2014-11-16,0.0,0.0,0.0,0.0,0,0.0,7.0,-0.73783326,0.674983,-0.5,0.8660254,4,0,0,1,4596.0,1,5147.0,1,5088.0,1,5394.0,1,6795.0,1,5738.0,1,5406.0,1,3812.0,4797.963,4788.006,-551.0
495,2014-11-17,4249.0,343.0,1.0,0.0,0,0.0,1.0,-0.65282214,0.75751126,-0.5,0.8660254,4,0,0,1,0.0,1,4596.0,1,4670.0,1,0.0,1,5683.0,1,0.0,1,5450.0,1,3885.0,2878.7778,3724.0046,-4596.0
495,2014-11-18,3488.0,307.0,1.0,0.0,0,0.0,2.0,-0.65282214,0.75751126,-0.5,0.8660254,4,0,0,1,4249.0,1,0.0,1,5147.0,1,5656.0,1,6500.0,1,0.0,1,4421.0,1,4819.0,3426.8667,3840.6702,4249.0
495,2014-11-19,4059.0,317.0,1.0,0.0,0,0.0,3.0,-0.65282214,0.75751126,-0.5,0.8660254,4,0,0,1,3488.0,1,4249.0,1,4596.0,1,5321.0,1,6054.0,1,8418.0,1,0.0,1,0.0,3451.32,3762.299,-761.0
495,2014-11-20,4043.0,330.0,1.0,0.0,0,0.0,4.0,-0.65282214,0.75751126,-0.5,0.8660254,4,0,0,1,4059.0,1,3488.0,1,0.0,1,5088.0,1,5394.0,1,6795.0,1,4002.0,1,8666.0,3694.392,3828.2327,571.0
495,2014-11-21,4193.0,355.0,1.0,0.0,0,0.0,5.0,-0.65282214,0.75751126,-0.5,0.8660254,4,0,0,1,4043.0,1,4059.0,1,4249.0,1,4670.0,1,0.0,1,5683.0,1,3484.0,1,7636.0,3833.8352,3875.9587,-16.0
495,2014-11-22,4321.0,355.0,1.0,0.0,0,0.0,6.0,-0.65282214,0.75751126,-0.5,0.8660254,4,0,0,1,4193.0,1,4043.0,1,3488.0,1,5147.0,1,5656.0,1,6500.0,1,3987.0,1,5145.0,3977.5012,3946.4124,150.0
495,2014-11-23,0.0,0.0,0.0,0.0,0,0.0,7.0,-0.65282214,0.75751126,-0.5,0.8660254,4,0,0,1,4321.0,1,4193.0,1,4059.0,1,4596.0,1,5321.0,1,6054.0,1,4684.0,1,6541.0,4114.901,4029.654,128.0
495,2014-11-24,7592.0,505.0,1.0,1.0,0,0.0,1.0,-0.55864674,0.82940567,-0.5,0.8660254,4,0,0,1,0.0,1,4321.0,1,4043.0,1,0.0,1,5088.0,1,5394.0,1,5738.0,1,0.0,2468.9404,3134.1753,-4321.0
495,2014-11-25,5918.0,418.0,1.0,1.0,0,0.0,2.0,-0.55864674,0.82940567,-0.5,0.8660254,4,0,0,1,7592.0,1,0.0,1,4193.0,1,4249.0,1,4670.0,1,0.0,1,0.0,1,5276.0,4518.164,4124.803,7592.0
495,2014-11-26,5483.0,380.0,1.0,1.0,0,0.0,3.0,-0.55864674,0.82940567,-0.5,0.8660254,4,0,0,1,5918.0,1,7592.0,1,4321.0,1,3488.0,1,5147.0,1,5656.0,1,0.0,1,0.0,5078.0986,4523.291,-1674.0
495,2014-11-27,6080.0,446.0,1.0,1.0,0,0.0,4.0,-0.55864674,0.82940567,-0.5,0.8660254,4,0,0,1,5483.0,1,5918.0,1,0.0,1,4059.0,1,4596.0,1,5321.0,1,8418.0,1,7373.0,5240.059,4736.56,-435.0
495,2014-11-28,7073.0,485.0,1.0,1.0,0,0.0,5.0,-0.55864674,0.82940567,-0.5,0.8660254,4,0,0,1,6080.0,1,5483.0,1,7592.0,1,4043.0,1,0.0,1,5088.0,1,6795.0,1,6106.0,5576.0356,5035.102,597.0
495,2014-11-29,5741.0,422.0,1.0,0.0,0,0.0,6.0,-0.55864674,0.82940567,-0.5,0.8660254,4,0,0,1,7073.0,1,6080.0,1,5918.0,1,4193.0,1,4249.0,1,4670.0,1,5683.0,1,5541.0,6174.8213,5487.9683,993.0
495,2014-11-30,0.0,0.0,0.0,0.0,0,0.0,7.0,-0.55864674,0.82940567,-0.5,0.8660254,4,0,1,1,5741.0,1,7073.0,1,5483.0,1,4321.0,1,3488.0,1,5147.0,1,6500.0,1,5945.0,6001.293,5544.1978,-1332.0
495,2014-12-01,8173.0,541.0,1.0,1.0,0,0.0,1.0,-0.45662925,0.8896571,-2.4492937e-16,1.0,4,1,0,1,0.0,1,5741.0,1,6080.0,1,0.0,1,4059.0,1,4596.0,1,6054.0,1,5453.0,3600.7756,4312.154,-5741.0
495,2014-12-02,6312.0,437.0,1.0,1.0,0,0.0,2.0,-0.45662925,0.8896571,-2.4492937e-16,1.0,4,0,0,1,8173.0,1,0.0,1,7073.0,1,7592.0,1,4043.0,1,0.0,1,5394.0,1,4494.0,5429.6655,5170.1196,8173.0
495,2014-12-03,5771.0,383.0,1.0,1.0,0,0.0,3.0,-0.45662925,0.8896571,-2.4492937e-16,1.0,4,0,0,1,6312.0,1,8173.0,1,5741.0,1,5918.0,1,4193.0,1,4249.0,1,0.0,1,0.0,5782.599,5423.8706,-1861.0
495,2014-12-04,6220.0,436.0,1.0,1.0,0,0.0,4.0,-0.45662925,0.8896571,-2.4492937e-16,1.0,4,0,0,1,5771.0,1,6312.0,1,0.0,1,5483.0,1,4321.0,1,3488.0,1,5656.0,1,3750.0,5777.9595,5501.0107,-541.0
495,2014-12-05,7408.0,527.0,1.0,1.0,0,0.0,5.0,-0.45662925,0.8896571,-2.4492937e-16,1.0,4,0,0,1,6220.0,1,5771.0,1,8173.0,1,6080.0,1,0.0,1,4059.0,1,5321.0,1,3117.0,5954.776,5660.786,449.0
495,2014-12-06,4734.0,405.0,1.0,0.0,0,0.0,6.0,-0.45662925,0.8896571,-2.4492937e-16,1.0,4,0,0,1,7408.0,1,6220.0,1,6312.0,1,7073.0,1,7592.0,1,4043.0,1,5088.0,1,3866.0,6536.0654,6049.0557,1188.0
495,2014-12-07,0.0,0.0,0.0,0.0,0,0.0,7.0,-0.45662925,0.8896571,-2.4492937e-16,1.0,4,0,0,1,4734.0,1,7408.0,1,5771.0,1,5741.0,1,5918.0,1,4193.0,1,4670.0,1,3868.0,5815.2393,5756.8213,-2674.0
495,2014-12-08,4443.0,367.0,1.0,0.0,0,0.0,1.0,-0.34820163,0.93741965,-2.4492937e-16,1.0,4,0,0,1,0.0,1,4734.0,1,6220.0,1,0.0,1,5483.0,1,4321.0,1,5147.0,1,3925.0,3489.1436,4477.5273,-4734.0
495,2014-12-09,4644.0,354.0,1.0,0.0,0,0.0,2.0,-0.34820163,0.93741965,-2.4492937e-16,1.0,4,0,0,1,4443.0,1,0.0,1,7408.0,1,8173.0,1,6080.0,1,0.0,1,4596.0,1,4002.0,3870.686,4469.855,4443.0
495,2014-12-10,4379.0,349.0,1.0,0.0,0,0.0,3.0,-0.34820163,0.93741965,-2.4492937e-16,1.0,4,0,0,1,4644.0,1,4443.0,1,4734.0,1,6312.0,1,7073.0,1,7592.0,1,0.0,1,0.0,4180.0117,4508.5537,201.0
495,2014-12-11,4114.0,328.0,1.0,0.0,0,0.0,4.0,-0.34820163,0.93741965,-2.4492937e-16,1.0,4,0,0,1,4379.0,1,4644.0,1,0.0,1,5771.0,1,5741.0,1,5918.0,1,4249.0,1,7496.0,4259.607,4479.764,-265.0
495,2014-12-12,5532.0,383.0,1.0,0.0,0,0.0,5.0,-0.34820163,0.93741965,-2.4492937e-16,1.0,4,0,0,1,4114.0,1,4379.0,1,4443.0,1,6220.0,1,0.0,1,5483.0,1,3488.0,1,5578.0,4201.3643,4398.483,-265.0
495,2014-12-13,4809.0,353.0,1.0,0.0,0,0.0,6.0,-0.34820163,0.93741965,-2.4492937e-16,1.0,4,0,0,1,5532.0,1,4114.0,1,4644.0,1,7408.0,1,8173.0,1,6080.0,1,4059.0,1,5054.0,4733.6187,4650.376,1418.0
495,2014-12-14,0.0,0.0,0.0,0.0,0,0.0,7.0,-0.34820163,0.93741965,-2.4492937e-16,1.0,4,0,0,1,4809.0,1,5532.0,1,4379.0,1,4734.0,1,6312.0,1,7073.0,1,4043.0,1,5406.0,4763.771,4685.6255,-723.0
495,2014-12-15,11790.0,650.0,1.0,1.0,0,0.0,1.0,-0.23488605,0.9720229,-2.4492937e-16,1.0,4,0,0,1,0.0,1,4809.0,1,4114.0,1,0.0,1,5771.0,1,5741.0,1,4193.0,1,5450.0,2858.2627,3644.3755,-4809.0
495,2014-12-16,8997.0,533.0,1.0,1.0,0,0.0,2.0,-0.23488605,0.9720229,-2.4492937e-16,1.0,4,0,0,1,11790.0,1,0.0,1,5532.0,1,4443.0,1,6220.0,1,0.0,1,4321.0,1,4421.0,6430.9575,5454.514,11790.0
495,2014-12-17,8932.0,505.0,1.0,1.0,0,0.0,3.0,-0.23488605,0.9720229,-2.4492937e-16,1.0,4,0,0,1,8997.0,1,11790.0,1,4809.0,1,4644.0,1,7408.0,1,8173.0,1,0.0,1,0.0,7457.3745,6241.7334,-2793.0
495,2014-12-18,8856.0,557.0,1.0,1.0,0,0.0,4.0,-0.23488605,0.9720229,-2.4492937e-16,1.0,4,0,0,1,8932.0,1,8997.0,1,0.0,1,4379.0,1,4734.0,1,6312.0,1,7592.0,1,4002.0,8047.2246,6839.5703,-65.0
495,2014-12-19,8249.0,532.0,1.0,1.0,0,0.0,5.0,-0.23488605,0.9720229,-2.4492937e-16,1.0,4,0,0,1,8856.0,1,8932.0,1,11790.0,1,4114.0,1,0.0,1,5771.0,1,5918.0,1,3484.0,8370.734,7287.666,-76.0
495,2014-12-20,6202.0,456.0,1.0,0.0,0,0.0,6.0,-0.23488605,0.9720229,-2.4492937e-16,1.0,4,0,0,1,8249.0,1,8856.0,1,8997.0,1,5532.0,1,4443.0,1,6220.0,1,5483.0,1,3987.0,8322.041,7501.2954,-607.0
495,2014-12-21,0.0,0.0,0.0,0.0,0,0.0,7.0,-0.23488605,0.9720229,-2.4492937e-16,1.0,4,0,0,1,6202.0,1,8249.0,1,8932.0,1,4809.0,1,4644.0,1,7408.0,1,6080.0,1,4684.0,7474.0244,7212.5635,-2047.0
495,2014-12-22,8447.0,647.0,1.0,0.0,0,1.0,1.0,-0.11827317,0.9929811,-2.4492937e-16,1.0,4,0,0,1,0.0,1,6202.0,1,8856.0,1,0.0,1,4379.0,1,4734.0,1,7073.0,1,5738.0,4484.4146,5609.7715,-6202.0
495,2014-12-23,8710.0,658.0,1.0,0.0,0,1.0,2.0,-0.11827317,0.9929811,-2.4492937e-16,1.0,4,0,0,1,8447.0,1,0.0,1,8249.0,1,11790.0,1,4114.0,1,0.0,1,5741.0,1,0.0,6069.4487,6240.2666,8447.0
495,2014-12-24,4003.0,344.0,1.0,0.0,0,1.0,3.0,-0.11827317,0.9929811,-2.4492937e-16,1.0,4,0,0,1,8710.0,1,8447.0,1,6202.0,1,8997.0,1,5532.0,1,4443.0,1,0.0,1,0.0,7125.6694,6789.096,263.0
495,2014-12-25,0.0,0.0,0.0,0.0,3,1.0,4.0,-0.11827317,0.9929811,-2.4492937e-16,1.0,4,0,0,1,4003.0,1,8710.0,1,0.0,1,8932.0,1,4809.0,1,4644.0,1,8173.0,1,8418.0,5876.6016,6169.964,-4707.0
495,2014-12-26,0.0,0.0,0.0,0.0,3,1.0,5.0,-0.11827317,0.9929811,-2.4492937e-16,1.0,4,0,0,1,0.0,1,4003.0,1,8447.0,1,8856.0,1,0.0,1,4379.0,1,6312.0,1,6795.0,3525.961,4798.861,-4003.0
495,2014-12-27,4798.0,380.0,1.0,0.0,0,0.0,6.0,-0.11827317,0.9929811,-2.4492937e-16,1.0,4,0,0,1,0.0,1,0.0,1,8710.0,1,8249.0,1,11790.0,1,4114.0,1,5771.0,1,5683.0,2115.5767,3732.4473,0.0
495,2014-12-28,0.0,0.0,0.0,0.0,0,0.0,7.0,-0.11827317,0.9929811,-2.4492937e-16,1.0,4,0,0,1,4798.0,1,0.0,1,4003.0,1,6202.0,1,8997.0,1,5532.0,1,6220.0,1,6500.0,3188.546,3969.2368,4798.0
495,2014-12-29,3980.0,318.0,1.0,0.0,0,1.0,1.0,0.11827317,0.9929811,-2.4492937e-16,1.0,4,0,0,1,0.0,1,4798.0,1,0.0,1,0.0,1,8932.0,1,4809.0,1,7408.0,1,6054.0,1913.1276,3087.184,-4798.0
495,2014-12-30,4506.0,373.0,1.0,0.0,0,1.0,2.0,0.11827317,0.9929811,-2.4492937e-16,1.0,4,0,0,1,3980.0,1,0.0,1,0.0,1,8447.0,1,8856.0,1,0.0,1,4734.0,1,5394.0,2739.8765,3285.5876,3980.0
495,2014-12-31,3533.0,289.0,1.0,0.0,0,1.0,3.0,0.11827317,0.9929811,-2.4492937e-16,1.0,4,0,1,1,4506.0,1,3980.0,1,4798.0,1,8710.0,1,8249.0,1,11790.0,1,0.0,1,0.0,3446.326,3556.7903,526.0
495,2015-01-01,0.0,0.0,0.0,0.0,1,1.0,4.0,0.11827317,0.9929811,0.5,0.8660254,1,1,0,1,3533.0,1,4506.0,1,0.0,1,4003.0,1,6202.0,1,8997.0,1,4443.0,1,5656.0,3480.9956,3551.5037,-973.0
495,2015-01-02,4253.0,342.0,1.0,0.0,0,1.0,5.0,0.11827317,0.9929811,0.5,0.8660254,1,0,0,1,0.0,1,3533.0,1,3980.0,1,0.0,1,0.0,1,8932.0,1,4644.0,1,5321.0,2088.5974,2762.2805,-3533.0
495,2015-01-03,4025.0,323.0,1.0,0.0,0,0.0,6.0,0.11827317,0.9929811,0.5,0.8660254,1,0,0,1,4253.0,1,0.0,1,4506.0,1,0.0,1,8447.0,1,8856.0,1,4379.0,1,5088.0,2954.3584,3093.5515,4253.0
495,2015-01-04,0.0,0.0,0.0,0.0,0,0.0,7.0,0.11827317,0.9929811,0.5,0.8660254,1,0,0,1,4025.0,1,4253.0,1,3533.0,1,4798.0,1,8710.0,1,8249.0,1,4114.0,1,4670.0,3382.615,3300.54,-228.0
495,2015-01-05,7389.0,515.0,1.0,1.0,0,1.0,1.0,0.23488605,0.9720229,0.5,0.8660254,1,0,0,1,0.0,1,4025.0,1,0.0,1,0.0,1,4003.0,1,6202.0,1,5532.0,1,5147.0,2029.569,2567.0867,-4025.0
495,2015-01-06,0.0,0.0,0.0,1.0,1,0.0,2.0,0.23488605,0.9720229,0.5,0.8660254,1,0,0,1,7389.0,1,0.0,1,4253.0,1,3980.0,1,0.0,1,0.0,1,4809.0,1,4596.0,4173.3413,3638.623,7389.0
495,2015-01-07,5583.0,427.0,1.0,1.0,0,0.0,3.0,0.23488605,0.9720229,0.5,0.8660254,1,0,0,1,0.0,1,7389.0,1,4025.0,1,4506.0,1,0.0,1,8447.0,1,0.0,1,0.0,2504.005,2830.04,-7389.0
495,2015-01-08,6914.0,454.0,1.0,1.0,0,0.0,4.0,0.23488605,0.9720229,0.5,0.8660254,1,0,0,1,5583.0,1,0.0,1,0.0,1,3533.0,1,4798.0,1,8710.0,1,11790.0,1,4249.0,3735.603,3441.809,5583.0
495,2015-01-09,7482.0,467.0,1.0,1.0,0,0.0,5.0,0.23488605,0.9720229,0.5,0.8660254,1,0,0,1,6914.0,1,5583.0,1,7389.0,1,0.0,1,0.0,1,4003.0,1,8997.0,1,3488.0,5006.962,4213.407,1331.0
495,2015-01-10,4720.0,410.0,1.0,0.0,0,0.0,6.0,0.23488605,0.9720229,0.5,0.8660254,1,0,0,1,7482.0,1,6914.0,1,0.0,1,4253.0,1,3980.0,1,0.0,1,8932.0,1,4059.0,5996.977,4939.761,568.0
495,2015-01-11,0.0,0.0,0.0,0.0,0,0.0,7.0,0.23488605,0.9720229,0.5,0.8660254,1,0,0,1,4720.0,1,7482.0,1,5583.0,1,4025.0,1,4506.0,1,0.0,1,8856.0,1,4043.0,5486.186,4890.9253,-2762.0
495,2015-01-12,7036.0,496.0,1.0,1.0,0,0.0,1.0,0.34820163,0.93741965,0.5,0.8660254,1,0,0,1,0.0,1,4720.0,1,6914.0,1,0.0,1,3533.0,1,4798.0,1,8249.0,1,4193.0,3291.7117,3804.053,-4720.0
495,2015-01-13,5397.0,373.0,1.0,1.0,0,0.0,2.0,0.34820163,0.93741965,0.5,0.8660254,1,0,0,1,7036.0,1,0.0,1,7482.0,1,7389.0,1,0.0,1,0.0,1,6202.0,1,4321.0,4789.4272,4522.263,7036.0
495,2015-01-14,5304.0,370.0,1.0,1.0,0,0.0,3.0,0.34820163,0.93741965,0.5,0.8660254,1,0,0,1,5397.0,1,7036.0,1,4720.0,1,0.0,1,4253.0,1,3980.0,1,0.0,1,0.0,5032.456,4716.6494,-1639.0
495,2015-01-15,5837.0,411.0,1.0,1.0,0,0.0,4.0,0.34820163,0.93741965,0.5,0.8660254,1,0,0,1,5304.0,1,5397.0,1,0.0,1,5583.0,1,4025.0,1,4506.0,1,8447.0,1,7592.0,5141.0737,4847.172,-93.0
495,2015-01-16,6190.0,459.0,1.0,1.0,0,0.0,5.0,0.34820163,0.93741965,0.5,0.8660254,1,0,0,1,5837.0,1,5304.0,1,7036.0,1,6914.0,1,0.0,1,3533.0,1,8710.0,1,5918.0,5419.4443,5067.1333,533.0
495,2015-01-17,4707.0,398.0,1.0,0.0,0,0.0,6.0,0.34820163,0.93741965,0.5,0.8660254,1,0,0,1,6190.0,1,5837.0,1,5397.0,1,7482.0,1,7389.0,1,0.0,1,4003.0,1,5483.0,5727.6665,5316.659,353.0
495,2015-01-18,0.0,0.0,0.0,0.0,0,0.0,7.0,0.34820163,0.93741965,0.5,0.8660254,1,0,0,1,4707.0,1,6190.0,1,5304.0,1,4720.0,1,0.0,1,4253.0,1,0.0,1,6080.0,5319.4,5181.1797,-1483.0
495,2015-01-19,3866.0,335.0,1.0,0.0,0,0.0,1.0,0.45662925,0.8896571,0.5,0.8660254,1,0,0,1,0.0,1,4707.0,1,5837.0,1,0.0,1,5583.0,1,4025.0,1,0.0,1,7073.0,3191.64,4029.8064,-4707.0
495,2015-01-20,3620.0,282.0,1.0,0.0,0,0.0,2.0,0.45662925,0.8896571,0.5,0.8660254,1,0,0,1,3866.0,1,0.0,1,6190.0,1,7036.0,1,6914.0,1,0.0,1,4798.0,1,5741.0,3461.384,3993.405,3866.0
495,2015-01-21,3731.0,325.0,1.0,0.0,0,0.0,3.0,0.45662925,0.8896571,0.5,0.8660254,1,0,0,1,3620.0,1,3866.0,1,4707.0,1,5397.0,1,7482.0,1,7389.0,1,0.0,1,0.0,3524.8303,3910.426,-246.0
495,2015-01-22,3572.0,295.0,1.0,0.0,0,0.0,4.0,0.45662925,0.8896571,0.5,0.8660254,1,0,0,1,3731.0,1,3620.0,1,0.0,1,5304.0,1,4720.0,1,0.0,1,3980.0,1,8173.0,3607.2983,3870.5535,111.0
495,2015-01-23,3696.0,330.0,1.0,0.0,0,0.0,5.0,0.45662925,0.8896571,0.5,0.8660254,1,0,0,1,3572.0,1,3731.0,1,3866.0,1,5837.0,1,0.0,1,5583.0,1,4506.0,1,6312.0,3593.179,3804.2083,-159.0
495,2015-01-24,4187.0,351.0,1.0,0.0,0,0.0,6.0,0.45662925,0.8896571,0.5,0.8660254,1,0,0,1,3696.0,1,3572.0,1,3620.0,1,6190.0,1,7036.0,1,6914.0,1,3533.0,1,5771.0,3634.3074,3780.162,124.0
495,2015-01-25,0.0,0.0,0.0,0.0,0,0.0,7.0,0.45662925,0.8896571,0.5,0.8660254,1,0,0,1,4187.0,1,3696.0,1,3731.0,1,4707.0,1,5397.0,1,7482.0,1,0.0,1,6220.0,3855.3845,3870.5706,491.0
495,2015-01-26,7580.0,490.0,1.0,1.0,0,0.0,1.0,0.55864674,0.82940567,0.5,0.8660254,1,0,0,1,0.0,1,4187.0,1,3572.0,1,0.0,1,5304.0,1,4720.0,1,4253.0,1,7408.0,2313.2307,3010.4436,-4187.0
495,2015-01-27,5092.0,381.0,1.0,1.0,0,0.0,2.0,0.55864674,0.82940567,0.5,0.8660254,1,0,0,1,7580.0,1,0.0,1,3696.0,1,3866.0,1,5837.0,1,0.0,1,4025.0,1,4734.0,4419.9385,4025.9006,7580.0
495,2015-01-28,5423.0,391.0,1.0,1.0,0,0.0,3.0,0.55864674,0.82940567,0.5,0.8660254,1,0,0,1,5092.0,1,7580.0,1,4187.0,1,3620.0,1,6190.0,1,7036.0,1,0.0,1,0.0,4688.763,4262.8115,-2488.0
495,2015-01-29,6425.0,413.0,1.0,1.0,0,0.0,4.0,0.55864674,0.82940567,0.5,0.8660254,1,0,0,1,5423.0,1,5092.0,1,0.0,1,3731.0,1,4707.0,1,5397.0,1,7389.0,1,4443.0,4982.458,4520.6313,331.0
495,2015-01-30,5881.0,379.0,1.0,1.0,0,0.0,5.0,0.55864674,0.82940567,0.5,0.8660254,1,0,0,1,6425.0,1,5423.0,1,7580.0,1,3572.0,1,0.0,1,5304.0,1,0.0,1,4644.0,5559.4746,4943.824,1002.0
495,2015-01-31,5326.0,429.0,1.0,0.0,0,0.0,6.0,0.55864674,0.82940567,0.5,0.8660254,1,0,1,1,5881.0,1,6425.0,1,5092.0,1,3696.0,1,3866.0,1,5837.0,1,5583.0,1,4379.0,5688.085,5152.0854,-544.0
495,2015-02-01,0.0,0.0,0.0,0.0,0,0.0,7.0,0.55864674,0.82940567,0.8660254,0.5,1,1,0,1,5326.0,1,5881.0,1,5423.0,1,4187.0,1,3620.0,1,6190.0,1,6914.0,1,4114.0,5543.251,5190.7334,-555.0
495,2015-02-02,6995.0,460.0,1.0,1.0,0,0.0,1.0,0.65282214,0.75751126,0.8660254,0.5,1,0,0,1,0.0,1,5326.0,1,6425.0,1,0.0,1,3731.0,1,4707.0,1,7482.0,1,5532.0,3325.9504,4037.237,-5326.0
495,2015-02-03,6173.0,437.0,1.0,1.0,0,0.0,2.0,0.65282214,0.75751126,0.8660254,0.5,1,0,0,1,6995.0,1,0.0,1,5881.0,1,7580.0,1,3572.0,1,0.0,1,4720.0,1,4809.0,4793.5703,4694.5176,6995.0
495,2015-02-04,4986.0,370.0,1.0,1.0,0,0.0,3.0,0.65282214,0.75751126,0.8660254,0.5,1,0,0,1,6173.0,1,6995.0,1,5326.0,1,5092.0,1,3696.0,1,3866.0,1,0.0,1,0.0,5345.3423,5023.0693,-822.0
495,2015-02-05,5822.0,421.0,1.0,1.0,0,0.0,4.0,0.65282214,0.75751126,0.8660254,0.5,1,0,0,1,4986.0,1,6173.0,1,0.0,1,5423.0,1,4187.0,1,3620.0,1,7036.0,1,11790.0,5201.6055,5014.8315,-1187.0
495,2015-02-06,6207.0,461.0,1.0,1.0,0,0.0,5.0,0.65282214,0.75751126,0.8660254,0.5,1,0,0,1,5822.0,1,4986.0,1,6995.0,1,6425.0,1,0.0,1,3731.0,1,5397.0,1,8997.0,5449.763,5194.2026,836.0
495,2015-02-07,4385.0,399.0,1.0,0.0,0,0.0,6.0,0.65282214,0.75751126,0.8660254,0.5,1,0,0,1,6207.0,1,5822.0,1,6173.0,1,5881.0,1,7580.0,1,3572.0,1,5304.0,1,8932.0,5752.6577,5419.2686,385.0
495,2015-02-08,0.0,0.0,0.0,0.0,0,0.0,7.0,0.65282214,0.75751126,0.8660254,0.5,1,0,0,1,4385.0,1,6207.0,1,4986.0,1,5326.0,1,5092.0,1,3696.0,1,5837.0,1,8856.0,5205.5947,5189.431,-1822.0
495,2015-02-09,3830.0,329.0,1.0,0.0,0,0.0,1.0,0.73783326,0.674983,0.8660254,0.5,1,0,0,1,0.0,1,4385.0,1,5822.0,1,0.0,1,5423.0,1,4187.0,1,6190.0,1,8249.0,3123.357,4036.224,-4385.0
495,2015-02-10,3852.0,319.0,1.0,0.0,0,0.0,2.0,0.73783326,0.674983,0.8660254,0.5,1,0,0,1,3830.0,1,0.0,1,6207.0,1,6995.0,1,6425.0,1,0.0,1,4707.0,1,6202.0,3406.0142,3990.3965,3830.0
495,2015-02-11,3771.0,338.0,1.0,0.0,0,0.0,3.0,0.73783326,0.674983,0.8660254,0.5,1,0,0,1,3852.0,1,3830.0,1,4385.0,1,6173.0,1,5881.0,1,7580.0,1,0.0,1,0.0,3584.4084,3959.6418,22.0
495,2015-02-12,4122.0,357.0,1.0,0.0,0,0.0,4.0,0.73783326,0.674983,0.8660254,0.5,1,0,0,1,3771.0,1,3852.0,1,0.0,1,4986.0,1,5326.0,1,5092.0,1,3866.0,1,8447.0,3659.0452,3917.7214,-81.0
495,2015-02-13,4778.0,376.0,1.0,0.0,0,0.0,5.0,0.73783326,0.674983,0.8660254,0.5,1,0,0,1,4122.0,1,3771.0,1,3830.0,1,5822.0,1,0.0,1,5423.0,1,3620.0,1,8710.0,3844.227,3963.1167,351.0
495,2015-02-14,4526.0,383.0,1.0,0.0,0,0.0,6.0,0.73783326,0.674983,0.8660254,0.5,1,0,0,1,4778.0,1,4122.0,1,3852.0,1,6207.0,1,6995.0,1,6425.0,1,3731.0,1,4003.0,4217.7363,4144.2017,656.0
495,2015-02-15,0.0,0.0,0.0,0.0,0,0.0,7.0,0.73783326,0.674983,0.8660254,0.5,1,0,0,1,4526.0,1,4778.0,1,3771.0,1,4385.0,1,6173.0,1,5881.0,1,3572.0,1,0.0,4341.0415,4229.046,-252.0
495,2015-02-16,6858.0,469.0,1.0,1.0,0,0.0,1.0,0.8124869,0.5829795,0.8660254,0.5,1,0,0,1,0.0,1,4526.0,1,4122.0,1,0.0,1,4986.0,1,5326.0,1,3696.0,1,0.0,2604.625,3289.2578,-4526.0
495,2015-02-17,5836.0,399.0,1.0,1.0,0,0.0,2.0,0.8124869,0.5829795,0.8660254,0.5,1,0,0,1,6858.0,1,0.0,1,4778.0,1,3830.0,1,5822.0,1,0.0,1,4187.0,1,4798.0,4305.975,4082.3118,6858.0
495,2015-02-18,4883.0,373.0,1.0,1.0,0,0.0,3.0,0.8124869,0.5829795,0.8660254,0.5,1,0,0,1,5836.0,1,6858.0,1,4526.0,1,3852.0,1,6207.0,1,6995.0,1,0.0,1,0.0,4917.985,4472.02,-1022.0
495,2015-02-19,5924.0,435.0,1.0,1.0,0,0.0,4.0,0.8124869,0.5829795,0.8660254,0.5,1,0,0,1,4883.0,1,5836.0,1,0.0,1,3771.0,1,4385.0,1,6173.0,1,7580.0,1,3980.0,4903.991,4563.349,-953.0
495,2015-02-20,6075.0,416.0,1.0,1.0,0,0.0,5.0,0.8124869,0.5829795,0.8660254,0.5,1,0,0,1,5924.0,1,4883.0,1,6858.0,1,4122.0,1,0.0,1,4986.0,1,5092.0,1,4506.0,5311.9946,4865.716,1041.0
495,2015-02-21,4822.0,362.0,1.0,0.0,0,0.0,6.0,0.8124869,0.5829795,0.8660254,0.5,1,0,0,1,6075.0,1,5924.0,1,5836.0,1,4778.0,1,3830.0,1,5822.0,1,5423.0,1,3533.0,5617.197,5134.446,151.0
495,2015-02-22,0.0,0.0,0.0,0.0,0,0.0,7.0,0.8124869,0.5829795,0.8660254,0.5,1,0,0,1,4822.0,1,6075.0,1,4883.0,1,4526.0,1,3852.0,1,6207.0,1,6425.0,1,0.0,5299.118,5065.013,-1253.0
495,2015-02-23,3379.0,322.0,1.0,0.0,0,0.0,1.0,0.8757349,0.4827922,0.8660254,0.5,1,0,0,1,0.0,1,4822.0,1,5924.0,1,0.0,1,3771.0,1,4385.0,1,5881.0,1,4253.0,3179.471,3939.4548,-4822.0
495,2015-02-24,3792.0,320.0,1.0,0.0,0,0.0,2.0,0.8757349,0.4827922,0.8660254,0.5,1,0,0,1,3379.0,1,0.0,1,6075.0,1,6858.0,1,4122.0,1,0.0,1,5326.0,1,4025.0,3259.2825,3814.9094,3379.0
495,2015-02-25,4054.0,319.0,1.0,0.0,0,0.0,3.0,0.8757349,0.4827922,0.8660254,0.5,1,0,0,1,3792.0,1,3379.0,1,4822.0,1,5836.0,1,4778.0,1,3830.0,1,0.0,1,0.0,3472.3694,3809.8184,413.0
495,2015-02-26,4491.0,364.0,1.0,0.0,0,0.0,4.0,0.8757349,0.4827922,0.8660254,0.5,1,0,0,1,4054.0,1,3792.0,1,0.0,1,4883.0,1,4526.0,1,3852.0,1,6995.0,1,7389.0,3705.0217,3864.081,262.0
495,2015-02-27,5193.0,392.0,1.0,0.0,0,0.0,5.0,0.8757349,0.4827922,0.8660254,0.5,1,0,0,1,4491.0,1,4054.0,1,3379.0,1,5924.0,1,0.0,1,3771.0,1,6173.0,1,0.0,4019.413,4003.3962,437.0
495,2015-02-28,4741.0,394.0,1.0,0.0,0,0.0,6.0,0.8757349,0.4827922,0.8660254,0.5,1,0,1,1,5193.0,1,4491.0,1,3792.0,1,6075.0,1,6858.0,1,4122.0,1,4986.0,1,5583.0,4488.8477,4267.7524,702.0
495,2015-03-01,0.0,0.0,0.0,0.0,0,0.0,7.0,0.8757349,0.4827922,1.0,6.123234e-17,1,1,0,1,4741.0,1,5193.0,1,4054.0,1,4822.0,1,5836.0,1,4778.0,1,5822.0,1,6914.0,4589.7085,4372.919,-452.0
495,2015-03-02,7961.0,522.0,1.0,1.0,0,0.0,1.0,0.9266896,0.37582758,1.0,6.123234e-17,1,0,0,1,0.0,1,4741.0,1,4491.0,1,0.0,1,4883.0,1,4526.0,1,6207.0,1,7482.0,2753.8252,3401.159,-4741.0
495,2015-03-03,5853.0,420.0,1.0,1.0,0,0.0,2.0,0.9266896,0.37582758,1.0,6.123234e-17,1,0,0,1,7961.0,1,0.0,1,5193.0,1,3379.0,1,5924.0,1,0.0,1,4385.0,1,4720.0,4836.6953,4414.457,7961.0
495,2015-03-04,5555.0,381.0,1.0,1.0,0,0.0,3.0,0.9266896,0.37582758,1.0,6.123234e-17,1,0,0,1,5853.0,1,7961.0,1,4741.0,1,3792.0,1,6075.0,1,6858.0,1,0.0,1,0.0,5243.2173,4734.1333,-2108.0
495,2015-03-05,5920.0,443.0,1.0,1.0,0,0.0,4.0,0.9266896,0.37582758,1.0,6.123234e-17,1,0,0,1,5555.0,1,5853.0,1,0.0,1,4054.0,1,4822.0,1,5836.0,1,3830.0,1,7036.0,5367.93,4916.548,-298.0
495,2015-03-06,5511.0,425.0,1.0,1.0,0,0.0,5.0,0.9266896,0.37582758,1.0,6.123234e-17,1,0,0,1,5920.0,1,5555.0,1,7961.0,1,4491.0,1,0.0,1,4883.0,1,3852.0,1,5397.0,5588.7583,5139.5376,365.0
495,2015-03-07,4965.0,417.0,1.0,0.0,0,0.0,6.0,0.9266896,0.37582758,1.0,6.123234e-17,1,0,0,1,5511.0,1,5920.0,1,5853.0,1,5193.0,1,3379.0,1,5924.0,1,3771.0,1,5304.0,5557.655,5222.0845,-409.0
495,2015-03-08,0.0,0.0,0.0,0.0,0,0.0,7.0,0.9266896,0.37582758,1.0,6.123234e-17,1,0,0,1,4965.0,1,5511.0,1,5555.0,1,4741.0,1,3792.0,1,6075.0,1,4122.0,1,5837.0,5320.593,5164.9546,-546.0
495,2015-03-09,3776.0,348.0,1.0,0.0,0,0.0,1.0,0.9646356,0.26358718,1.0,6.123234e-17,1,0,0,1,0.0,1,4965.0,1,5920.0,1,0.0,1,4054.0,1,4822.0,1,4778.0,1,6190.0,3192.3557,4017.187,-4965.0
495,2015-03-10,3546.0,325.0,1.0,0.0,0,0.0,2.0,0.9646356,0.26358718,1.0,6.123234e-17,1,0,0,1,3776.0,1,0.0,1,5511.0,1,7961.0,1,4491.0,1,0.0,1,4526.0,1,4707.0,3425.8135,3963.5898,3776.0
495,2015-03-11,3882.0,336.0,1.0,0.0,0,0.0,3.0,0.9646356,0.26358718,1.0,6.123234e-17,1,0,0,1,3546.0,1,3776.0,1,4965.0,1,5853.0,1,5193.0,1,3379.0,1,0.0,1,0.0,3473.8882,3870.7922,-230.0
495,2015-03-12,3855.0,330.0,1.0,0.0,0,0.0,4.0,0.9646356,0.26358718,1.0,6.123234e-17,1,0,0,1,3882.0,1,3546.0,1,0.0,1,5555.0,1,4741.0,1,3792.0,1,6858.0,1,3866.0,3637.1328,3873.2827,336.0
495,2015-03-13,4483.0,367.0,1.0,0.0,0,0.0,5.0,0.9646356,0.26358718,1.0,6.123234e-17,1,0,0,1,3855.0,1,3882.0,1,3776.0,1,5920.0,1,0.0,1,4054.0,1,5836.0,1,3620.0,3724.2798,3869.22,-27.0
495,2015-03-14,5016.0,400.0,1.0,0.0,0,0.0,6.0,0.9646356,0.26358718,1.0,6.123234e-17,1,0,0,1,4483.0,1,3855.0,1,3546.0,1,5511.0,1,7961.0,1,4491.0,1,4883.0,1,3731.0,4027.7678,4005.6155,628.0
495,2015-03-15,0.0,0.0,0.0,0.0,0,0.0,7.0,0.9646356,0.26358718,1.0,6.123234e-17,1,0,0,1,5016.0,1,4483.0,1,3882.0,1,4965.0,1,5853.0,1,5193.0,1,5924.0,1,3572.0,4423.0605,4230.1455,533.0
495,2015-03-16,7040.0,492.0,1.0,1.0,0,0.0,1.0,0.9890402,0.14764656,1.0,6.123234e-17,1,0,0,1,0.0,1,5016.0,1,3855.0,1,0.0,1,5555.0,1,4741.0,1,6075.0,1,3696.0,2653.8364,3290.113,-5016.0
495,2015-03-17,6119.0,426.0,1.0,1.0,0,0.0,2.0,0.9890402,0.14764656,1.0,6.123234e-17,1,0,0,1,7040.0,1,0.0,1,4483.0,1,3776.0,1,5920.0,1,0.0,1,4822.0,1,4187.0,4408.302,4123.4214,7040.0
495,2015-03-18,5140.0,397.0,1.0,1.0,0,0.0,3.0,0.9890402,0.14764656,1.0,6.123234e-17,1,0,0,1,6119.0,1,7040.0,1,5016.0,1,3546.0,1,5511.0,1,7961.0,1,0.0,1,0.0,5092.581,4566.8833,-921.0
495,2015-03-19,5594.0,416.0,1.0,1.0,0,0.0,4.0,0.9890402,0.14764656,1.0,6.123234e-17,1,0,0,1,5140.0,1,6119.0,1,0.0,1,3882.0,1,4965.0,1,5853.0,1,3379.0,1,7580.0,5111.549,4694.2427,-979.0
495,2015-03-20,6166.0,452.0,1.0,1.0,0,0.0,5.0,0.9890402,0.14764656,1.0,6.123234e-17,1,0,0,1,5594.0,1,5140.0,1,7040.0,1,3855.0,1,0.0,1,5555.0,1,3792.0,1,5092.0,5304.5293,4894.1885,454.0
495,2015-03-21,5018.0,402.0,1.0,0.0,0,0.0,6.0,0.9890402,0.14764656,1.0,6.123234e-17,1,0,0,1,6166.0,1,5594.0,1,6119.0,1,4483.0,1,3776.0,1,5920.0,1,4054.0,1,5423.0,5649.1177,5176.8135,572.0
495,2015-03-22,0.0,0.0,0.0,0.0,0,0.0,7.0,0.9890402,0.14764656,1.0,6.123234e-17,1,0,0,1,5018.0,1,6166.0,1,5140.0,1,5016.0,1,3546.0,1,5511.0,1,4491.0,1,6425.0,5396.6704,5141.5215,-1148.0
495,2015-03-23,4109.0,359.0,1.0,0.0,0,0.0,1.0,0.99956083,0.029633328,1.0,6.123234e-17,1,0,0,1,0.0,1,5018.0,1,5594.0,1,0.0,1,3882.0,1,4965.0,1,5193.0,1,5881.0,3238.0022,3998.9612,-5018.0
495,2015-03-24,3348.0,303.0,1.0,0.0,0,0.0,2.0,0.99956083,0.029633328,1.0,6.123234e-17,1,0,0,1,4109.0,1,0.0,1,6166.0,1,7040.0,1,3855.0,1,0.0,1,4741.0,1,5326.0,3586.4014,4023.4143,4109.0
495,2015-03-25,3526.0,307.0,1.0,0.0,0,0.0,3.0,0.99956083,0.029633328,1.0,6.123234e-17,1,0,0,1,3348.0,1,4109.0,1,5018.0,1,6119.0,1,4483.0,1,3776.0,1,0.0,1,0.0,3491.0408,3873.3223,-761.0
495,2015-03-26,4085.0,357.0,1.0,0.0,0,0.0,4.0,0.99956083,0.029633328,1.0,6.123234e-17,1,0,0,1,3526.0,1,3348.0,1,0.0,1,5140.0,1,5016.0,1,3546.0,1,7961.0,1,6995.0,3505.0244,3796.1394,178.0
495,2015-03-27,4766.0,383.0,1.0,0.0,0,0.0,5.0,0.99956083,0.029633328,1.0,6.123234e-17,1,0,0,1,4085.0,1,3526.0,1,4109.0,1,5594.0,1,0.0,1,3882.0,1,5853.0,1,6173.0,3737.0146,3860.3308,559.0
495,2015-03-28,4729.0,373.0,1.0,0.0,0,0.0,6.0,0.99956083,0.029633328,1.0,6.123234e-17,1,0,0,1,4766.0,1,4085.0,1,3348.0,1,6166.0,1,7040.0,1,3855.0,1,5555.0,1,4986.0,4148.609,4061.5906,681.0
495,2015-03-29,0.0,0.0,0.0,0.0,0,0.0,7.0,0.99956083,0.029633328,1.0,6.123234e-17,1,0,0,1,4729.0,1,4766.0,1,3526.0,1,5018.0,1,6119.0,1,4483.0,1,5920.0,1,5822.0,4380.765,4209.904,-37.0
495,2015-03-30,10113.0,630.0,1.0,1.0,0,1.0,1.0,0.9960498,-0.08879589,1.0,6.123234e-17,1,0,0,1,0.0,1,4729.0,1,4085.0,1,0.0,1,5140.0,1,5016.0,1,5511.0,1,6207.0,2628.4592,3274.3696,-4729.0
495,2015-03-31,10101.0,583.0,1.0,1.0,0,1.0,2.0,0.9960498,-0.08879589,1.0,6.123234e-17,1,0,1,1,10113.0,1,0.0,1,4766.0,1,4109.0,1,5594.0,1,0.0,1,4965.0,1,4385.0,5622.2754,4794.0654,10113.0
495,2015-04-01,7222.0,493.0,1.0,1.0,0,1.0,3.0,0.9960498,-0.08879589,0.8660254,-0.5,2,1,0,1,10101.0,1,10113.0,1,4729.0,1,3348.0,1,6166.0,1,7040.0,1,0.0,1,0.0,7413.765,5973.3843,-12.0
495,2015-04-02,7654.0,579.0,1.0,1.0,0,1.0,4.0,0.9960498,-0.08879589,0.8660254,-0.5,2,0,0,1,7222.0,1,10101.0,1,0.0,1,3526.0,1,5018.0,1,6119.0,1,3776.0,1,3830.0,7337.059,6250.8545,-2879.0
495,2015-04-03,0.0,0.0,0.0,1.0,2,1.0,5.0,0.9960498,-0.08879589,0.8660254,-0.5,2,0,0,1,7654.0,1,7222.0,1,10113.0,1,4085.0,1,0.0,1,5140.0,1,3546.0,1,3852.0,7463.8354,6562.6646,432.0
495,2015-04-04,6633.0,515.0,1.0,0.0,0,0.0,6.0,0.9960498,-0.08879589,0.8660254,-0.5,2,0,0,1,0.0,1,7654.0,1,10101.0,1,4766.0,1,4109.0,1,5594.0,1,3882.0,1,3771.0,4478.3013,5104.2944,-7654.0
495,2015-04-05,0.0,0.0,0.0,0.0,0,0.0,7.0,0.9960498,-0.08879589,0.8660254,-0.5,2,0,0,1,6633.0,1,0.0,1,7222.0,1,4729.0,1,3348.0,1,6166.0,1,3855.0,1,4122.0,5340.1807,5444.007,6633.0
495,2015-04-06,0.0,0.0,0.0,0.0,2,1.0,1.0,0.9785565,-0.20597862,0.8660254,-0.5,2,0,0,1,0.0,1,6633.0,1,7654.0,1,0.0,1,3526.0,1,5018.0,1,4483.0,1,4778.0,3204.1084,4234.2275,-6633.0
495,2015-04-07,4525.0,388.0,1.0,0.0,0,1.0,2.0,0.9785565,-0.20597862,0.8660254,-0.5,2,0,0,1,0.0,1,0.0,1,0.0,1,10113.0,1,4085.0,1,0.0,1,5016.0,1,4526.0,1922.4651,3293.288,0.0
495,2015-04-08,4169.0,348.0,1.0,0.0,0,1.0,3.0,0.9785565,-0.20597862,0.8660254,-0.5,2,0,0,1,4525.0,1,0.0,1,6633.0,1,10101.0,1,4766.0,1,4109.0,1,0.0,1,0.0,2963.479,3567.002,4525.0
495,2015-04-09,4469.0,375.0,1.0,0.0,0,1.0,4.0,0.9785565,-0.20597862,0.8660254,-0.5,2,0,0,1,4169.0,1,4525.0,1,0.0,1,7222.0,1,4729.0,1,3348.0,1,7040.0,1,6858.0,3445.6875,3700.7793,-356.0
495,2015-04-10,4965.0,400.0,1.0,0.0,0,1.0,5.0,0.9785565,-0.20597862,0.8660254,-0.5,2,0,0,1,4469.0,1,4169.0,1,0.0,1,7654.0,1,0.0,1,3526.0,1,6119.0,1,5836.0,3855.0125,3871.4949,300.0
495,2015-04-11,5081.0,426.0,1.0,0.0,0,0.0,6.0,0.9785565,-0.20597862,0.8660254,-0.5,2,0,0,1,4965.0,1,4469.0,1,4525.0,1,0.0,1,10113.0,1,4085.0,1,5140.0,1,4883.0,4299.0073,4114.496,496.0
495,2015-04-12,0.0,0.0,0.0,0.0,0,0.0,7.0,0.9785565,-0.20597862,0.8660254,-0.5,2,0,0,1,5081.0,1,4965.0,1,4169.0,1,6633.0,1,10101.0,1,4766.0,1,5594.0,1,5924.0,4611.8047,4329.275,116.0
495,2015-04-13,7680.0,497.0,1.0,1.0,0,0.0,1.0,0.94732636,-0.32026985,0.8660254,-0.5,2,0,0,1,0.0,1,5081.0,1,4469.0,1,0.0,1,7222.0,1,4729.0,1,6166.0,1,6075.0,2767.0828,3367.2136,-5081.0
495,2015-04-14,6143.0,430.0,1.0,1.0,0,0.0,2.0,0.94732636,-0.32026985,0.8660254,-0.5,2,0,0,1,7680.0,1,0.0,1,4965.0,1,0.0,1,7654.0,1,0.0,1,5018.0,1,4822.0,4732.2495,4325.611,7680.0
495,2015-04-15,5315.0,386.0,1.0,1.0,0,0.0,3.0,0.94732636,-0.32026985,0.8660254,-0.5,2,0,0,1,6143.0,1,7680.0,1,5081.0,1,4525.0,1,0.0,1,10113.0,1,0.0,1,0.0,5296.55,4729.475,-1537.0
495,2015-04-16,6832.0,486.0,1.0,1.0,0,0.0,4.0,0.94732636,-0.32026985,0.8660254,-0.5,2,0,0,1,5315.0,1,6143.0,1,0.0,1,4169.0,1,6633.0,1,10101.0,1,4109.0,1,3379.0,5303.9297,4859.592,-828.0
495,2015-04-17,6673.0,479.0,1.0,1.0,0,0.0,5.0,0.94732636,-0.32026985,0.8660254,-0.5,2,0,0,1,6832.0,1,5315.0,1,7680.0,1,4469.0,1,0.0,1,7222.0,1,3348.0,1,3792.0,5915.1577,5297.905,1517.0
495,2015-04-18,4737.0,410.0,1.0,0.0,0,0.0,6.0,0.94732636,-0.32026985,0.8660254,-0.5,2,0,0,1,6673.0,1,6832.0,1,6143.0,1,4965.0,1,0.0,1,7654.0,1,3526.0,1,4054.0,6218.295,5603.4814,-159.0
495,2015-04-19,0.0,0.0,0.0,0.0,0,0.0,7.0,0.94732636,-0.32026985,0.8660254,-0.5,2,0,0,1,4737.0,1,6673.0,1,5315.0,1,5081.0,1,4525.0,1,0.0,1,4085.0,1,4491.0,5625.777,5410.93,-1936.0
495,2015-04-20,4077.0,340.0,1.0,0.0,0,0.0,1.0,0.9027978,-0.4300652,0.8660254,-0.5,2,0,0,1,0.0,1,4737.0,1,6832.0,1,0.0,1,4169.0,1,6633.0,1,4766.0,1,5193.0,3375.466,4208.501,-4737.0
495,2015-04-21,3868.0,342.0,1.0,0.0,0,0.0,2.0,0.9027978,-0.4300652,0.8660254,-0.5,2,0,0,1,4077.0,1,0.0,1,6673.0,1,7680.0,1,4469.0,1,0.0,1,4729.0,1,4741.0,3656.0796,4179.279,4077.0
495,2015-04-22,4455.0,342.0,1.0,0.0,0,0.0,3.0,0.9027978,-0.4300652,0.8660254,-0.5,2,0,0,1,3868.0,1,4077.0,1,4737.0,1,6143.0,1,4965.0,1,0.0,1,0.0,1,0.0,3740.848,4110.1055,-209.0
495,2015-04-23,4384.0,362.0,1.0,0.0,0,0.0,4.0,0.9027978,-0.4300652,0.8660254,-0.5,2,0,0,1,4455.0,1,3868.0,1,0.0,1,5315.0,1,5081.0,1,4525.0,1,10113.0,1,7961.0,4026.5088,4186.749,587.0
495,2015-04-24,4044.0,340.0,1.0,0.0,0,0.0,5.0,0.9027978,-0.4300652,0.8660254,-0.5,2,0,0,1,4384.0,1,4455.0,1,4077.0,1,6832.0,1,0.0,1,4169.0,1,10101.0,1,5853.0,4169.5054,4230.5825,-71.0
495,2015-04-25,4420.0,394.0,1.0,0.0,0,0.0,6.0,0.9027978,-0.4300652,0.8660254,-0.5,2,0,0,1,4044.0,1,4384.0,1,3868.0,1,6673.0,1,7680.0,1,4469.0,1,7222.0,1,5555.0,4119.303,4189.1196,-340.0
495,2015-04-26,0.0,0.0,0.0,0.0,0,0.0,7.0,0.9027978,-0.4300652,0.8660254,-0.5,2,0,0,1,4420.0,1,4044.0,1,4455.0,1,4737.0,1,6143.0,1,4965.0,1,7654.0,1,5920.0,4239.582,4240.4263,376.0
495,2015-04-27,7546.0,508.0,1.0,1.0,0,0.0,1.0,0.845596,-0.5338234,0.8660254,-0.5,2,0,0,1,0.0,1,4420.0,1,4384.0,1,0.0,1,5315.0,1,5081.0,1,0.0,1,5511.0,2543.749,3298.1094,-4420.0
495,2015-04-28,6653.0,452.0,1.0,1.0,0,0.0,2.0,0.845596,-0.5338234,0.8660254,-0.5,2,0,0,1,7546.0,1,0.0,1,4044.0,1,4077.0,1,6832.0,1,0.0,1,6633.0,1,4965.0,4544.6494,4242.085,7546.0
495,2015-04-29,6541.0,485.0,1.0,1.0,0,0.0,3.0,0.845596,-0.5338234,0.8660254,-0.5,2,0,0,1,6653.0,1,7546.0,1,4420.0,1,3868.0,1,6673.0,1,7680.0,1,0.0,1,0.0,5387.9897,4777.8438,-893.0
495,2015-04-30,8599.0,566.0,1.0,1.0,0,0.0,4.0,0.845596,-0.5338234,0.8660254,-0.5,2,0,1,1,6541.0,1,6653.0,1,0.0,1,4455.0,1,4737.0,1,6143.0,1,0.0,1,3776.0,5849.194,5169.6562,-112.0
495,2015-05-01,0.0,0.0,0.0,1.0,1,0.0,5.0,0.845596,-0.5338234,0.5,-0.8660254,2,1,0,1,8599.0,1,6541.0,1,7546.0,1,4384.0,1,0.0,1,5315.0,1,4525.0,1,3546.0,6949.116,5931.733,2058.0
495,2015-05-02,5764.0,448.0,1.0,0.0,0,0.0,6.0,0.845596,-0.5338234,0.5,-0.8660254,2,0,0,1,0.0,1,8599.0,1,6653.0,1,4044.0,1,4077.0,1,6832.0,1,4169.0,1,3882.0,4169.4697,4613.57,-8599.0
495,2015-05-03,0.0,0.0,0.0,0.0,0,0.0,7.0,0.845596,-0.5338234,0.5,-0.8660254,2,0,0,1,5764.0,1,0.0,1,6541.0,1,4420.0,1,3868.0,1,6673.0,1,4469.0,1,3855.0,4807.2817,4869.221,5764.0
495,2015-05-04,7397.0,520.0,1.0,1.0,0,0.0,1.0,0.7765239,-0.63008785,0.5,-0.8660254,2,0,0,1,0.0,1,5764.0,1,8599.0,1,0.0,1,4455.0,1,4737.0,1,4965.0,1,4483.0,2884.3691,3787.1719,-5764.0
495,2015-05-05,6082.0,395.0,1.0,1.0,0,0.0,2.0,0.7765239,-0.63008785,0.5,-0.8660254,2,0,0,1,7397.0,1,0.0,1,0.0,1,7546.0,1,4384.0,1,0.0,1,5081.0,1,5016.0,4689.4214,4589.356,7397.0
495,2015-05-06,6135.0,428.0,1.0,1.0,0,0.0,3.0,0.7765239,-0.63008785,0.5,-0.8660254,2,0,0,1,6082.0,1,7397.0,1,5764.0,1,6653.0,1,4044.0,1,4077.0,1,0.0,1,0.0,5246.453,4921.0547,-1315.0
495,2015-05-07,6335.0,450.0,1.0,1.0,0,0.0,4.0,0.7765239,-0.63008785,0.5,-0.8660254,2,0,0,1,6135.0,1,6082.0,1,0.0,1,6541.0,1,4420.0,1,3868.0,1,7680.0,1,7040.0,5601.8716,5190.8203,53.0
495,2015-05-08,6459.0,445.0,1.0,1.0,0,0.0,5.0,0.7765239,-0.63008785,0.5,-0.8660254,2,0,0,1,6335.0,1,6135.0,1,7397.0,1,8599.0,1,0.0,1,4455.0,1,6143.0,1,6119.0,5895.123,5445.0825,200.0
495,2015-05-09,5780.0,471.0,1.0,0.0,0,0.0,6.0,0.7765239,-0.63008785,0.5,-0.8660254,2,0,0,1,6459.0,1,6335.0,1,6082.0,1,0.0,1,7546.0,1,4384.0,1,5315.0,1,5140.0,6120.674,5670.3975,124.0
495,2015-05-10,0.0,0.0,0.0,0.0,0,0.0,7.0,0.7765239,-0.63008785,0.5,-0.8660254,2,0,0,1,5780.0,1,6459.0,1,6135.0,1,5764.0,1,6653.0,1,4044.0,1,6832.0,1,5594.0,5984.4043,5694.7534,-679.0
495,2015-05-11,4087.0,351.0,1.0,0.0,0,0.0,1.0,0.696551,-0.71750724,0.5,-0.8660254,2,0,0,1,0.0,1,5780.0,1,6335.0,1,0.0,1,6541.0,1,4420.0,1,6673.0,1,6166.0,3590.6426,4429.253,-5780.0
495,2015-05-12,3786.0,321.0,1.0,0.0,0,0.0,2.0,0.696551,-0.71750724,0.5,-0.8660254,2,0,0,1,4087.0,1,0.0,1,6459.0,1,7397.0,1,8599.0,1,0.0,1,4737.0,1,5018.0,3789.1855,4353.197,4087.0
495,2015-05-13,5550.0,469.0,1.0,0.0,0,0.0,3.0,0.696551,-0.71750724,0.5,-0.8660254,2,0,0,1,3786.0,1,4087.0,1,5780.0,1,6082.0,1,0.0,1,7546.0,1,0.0,1,0.0,3787.9114,4227.153,-301.0
495,2015-05-14,0.0,0.0,0.0,0.0,1,0.0,4.0,0.696551,-0.71750724,0.5,-0.8660254,2,0,0,1,5550.0,1,3786.0,1,0.0,1,6135.0,1,5764.0,1,6653.0,1,4077.0,1,4109.0,4492.7466,4521.119,1764.0
495,2015-05-15,6097.0,497.0,1.0,0.0,0,0.0,5.0,0.696551,-0.71750724,0.5,-0.8660254,2,0,0,1,0.0,1,5550.0,1,4087.0,1,6335.0,1,0.0,1,6541.0,1,3868.0,1,3348.0,2695.6482,3516.4258,-5550.0
495,2015-05-16,4333.0,379.0,1.0,0.0,0,0.0,6.0,0.696551,-0.71750724,0.5,-0.8660254,2,0,0,1,6097.0,1,0.0,1,3786.0,1,6459.0,1,7397.0,1,8599.0,1,4455.0,1,3526.0,4056.189,4089.8867,6097.0
495,2015-05-17,0.0,0.0,0.0,0.0,0,0.0,7.0,0.696551,-0.71750724,0.5,-0.8660254,2,0,0,1,4333.0,1,6097.0,1,5550.0,1,5780.0,1,6082.0,1,0.0,1,4384.0,1,4085.0,4166.913,4143.912,-1764.0
495,2015-05-18,7269.0,517.0,1.0,1.0,0,0.0,1.0,0.60680014,-0.79485446,0.5,-0.8660254,2,0,0,1,0.0,1,4333.0,1,0.0,1,0.0,1,6135.0,1,5764.0,1,4044.0,1,4766.0,2500.148,3223.0427,-4333.0
495,2015-05-19,6207.0,415.0,1.0,1.0,0,0.0,2.0,0.60680014,-0.79485446,0.5,-0.8660254,2,0,0,1,7269.0,1,0.0,1,6097.0,1,4087.0,1,6335.0,1,0.0,1,4420.0,1,4729.0,4407.689,4122.144,7269.0
495,2015-05-20,5594.0,408.0,1.0,1.0,0,0.0,3.0,0.60680014,-0.79485446,0.5,-0.8660254,2,0,0,1,6207.0,1,7269.0,1,4333.0,1,3786.0,1,6459.0,1,7397.0,1,0.0,1,0.0,5127.413,4585.4453,-1062.0
495,2015-05-21,6285.0,456.0,1.0,1.0,0,0.0,4.0,0.60680014,-0.79485446,0.5,-0.8660254,2,0,0,1,5594.0,1,6207.0,1,0.0,1,5550.0,1,5780.0,1,6082.0,1,7546.0,1,10113.0,5314.048,4809.569,-613.0
495,2015-05-22,6509.0,469.0,1.0,1.0,0,0.0,5.0,0.60680014,-0.79485446,0.5,-0.8660254,2,0,0,1,6285.0,1,5594.0,1,7269.0,1,0.0,1,0.0,1,6135.0,1,6653.0,1,10101.0,5702.4287,5137.4424,691.0
495,2015-05-23,5124.0,390.0,1.0,0.0,0,0.0,6.0,0.60680014,-0.79485446,0.5,-0.8660254,2,0,0,1,6509.0,1,6285.0,1,6207.0,1,6097.0,1,4087.0,1,6335.0,1,6541.0,1,7222.0,6025.057,5442.233,224.0
495,2015-05-24,0.0,0.0,0.0,0.0,0,0.0,7.0,0.60680014,-0.79485446,0.5,-0.8660254,2,0,0,1,5124.0,1,6509.0,1,5594.0,1,4333.0,1,3786.0,1,6459.0,1,8599.0,1,7654.0,5664.6343,5371.5146,-1385.0
495,2015-05-25,0.0,0.0,0.0,0.0,1,0.0,1.0,0.5085311,-0.86104363,0.5,-0.8660254,2,0,0,1,0.0,1,5124.0,1,6285.0,1,0.0,1,5550.0,1,5780.0,1,0.0,1,0.0,3398.7805,4177.8447,-5124.0
495,2015-05-26,4643.0,375.0,1.0,0.0,0,1.0,2.0,0.5085311,-0.86104363,0.5,-0.8660254,2,0,0,1,0.0,1,0.0,1,6509.0,1,7269.0,1,0.0,1,0.0,1,5764.0,1,6633.0,2039.2683,3249.4348,0.0
495,2015-05-27,4014.0,332.0,1.0,0.0,0,1.0,3.0,0.5085311,-0.86104363,0.5,-0.8660254,2,0,0,1,4643.0,1,0.0,1,5124.0,1,6207.0,1,6097.0,1,4087.0,1,0.0,1,0.0,3080.761,3559.116,4643.0
495,2015-05-28,3770.0,333.0,1.0,0.0,0,1.0,4.0,0.5085311,-0.86104363,0.5,-0.8660254,2,0,0,1,4014.0,1,4643.0,1,0.0,1,5594.0,1,4333.0,1,3786.0,1,7397.0,1,0.0,3454.0566,3660.2012,-629.0
495,2015-05-29,5185.0,405.0,1.0,0.0,0,1.0,5.0,0.5085311,-0.86104363,0.5,-0.8660254,2,0,0,1,3770.0,1,4014.0,1,0.0,1,6285.0,1,0.0,1,5550.0,1,6082.0,1,4525.0,3580.434,3684.601,-244.0
495,2015-05-30,5159.0,405.0,1.0,0.0,0,0.0,6.0,0.5085311,-0.86104363,0.5,-0.8660254,2,0,0,1,5185.0,1,3770.0,1,4643.0,1,6509.0,1,7269.0,1,0.0,1,6135.0,1,4169.0,4222.2603,4018.023,1415.0
495,2015-05-31,0.0,0.0,0.0,0.0,0,0.0,7.0,0.5085311,-0.86104363,0.5,-0.8660254,2,0,1,1,5159.0,1,5185.0,1,4014.0,1,5124.0,1,6207.0,1,6097.0,1,6335.0,1,4469.0,4596.956,4271.573,-26.0
495,2015-06-01,8321.0,542.0,1.0,1.0,0,1.0,1.0,0.40312344,-0.91514564,1.2246469e-16,-1.0,2,1,0,1,0.0,1,5159.0,1,3770.0,1,0.0,1,5594.0,1,4333.0,1,6459.0,1,4965.0,2758.1738,3322.335,-5159.0
495,2015-06-02,6225.0,435.0,1.0,1.0,0,1.0,2.0,0.40312344,-0.91514564,1.2246469e-16,-1.0,2,0,0,1,8321.0,1,0.0,1,5185.0,1,0.0,1,6285.0,1,0.0,1,5780.0,1,5081.0,4983.304,4433.1494,8321.0
495,2015-06-03,7073.0,503.0,1.0,1.0,0,1.0,3.0,0.40312344,-0.91514564,1.2246469e-16,-1.0,2,0,0,1,6225.0,1,8321.0,1,5159.0,1,4643.0,1,6509.0,1,7269.0,1,0.0,1,0.0,5479.9824,4831.3384,-2096.0
495,2015-06-04,0.0,0.0,0.0,1.0,1,1.0,4.0,0.40312344,-0.91514564,1.2246469e-16,-1.0,2,0,0,1,7073.0,1,6225.0,1,0.0,1,4014.0,1,5124.0,1,6207.0,1,4087.0,1,7680.0,6117.1895,5329.4854,848.0
495,2015-06-05,7612.0,518.0,1.0,1.0,0,1.0,5.0,0.40312344,-0.91514564,1.2246469e-16,-1.0,2,0,0,1,0.0,1,7073.0,1,8321.0,1,3770.0,1,0.0,1,5594.0,1,3786.0,1,6143.0,3670.3137,4145.1553,-7073.0
495,2015-06-06,4522.0,375.0,1.0,0.0,0,0.0,6.0,0.40312344,-0.91514564,1.2246469e-16,-1.0,2,0,0,1,7612.0,1,0.0,1,6225.0,1,5185.0,1,0.0,1,6285.0,1,5550.0,1,5315.0,5246.9883,4915.5654,7612.0
495,2015-06-07,0.0,0.0,0.0,0.0,0,0.0,7.0,0.40312344,-0.91514564,1.2246469e-16,-1.0,2,0,0,1,4522.0,1,7612.0,1,7073.0,1,5159.0,1,4643.0,1,6509.0,1,0.0,1,6832.0,4956.993,4828.1064,-3090.0
495,2015-06-08,5260.0,430.0,1.0,0.0,0,0.0,1.0,0.29205677,-0.956401,1.2246469e-16,-1.0,2,0,0,1,0.0,1,4522.0,1,0.0,1,0.0,1,4014.0,1,5124.0,1,6097.0,1,6673.0,2974.1958,3755.1938,-4522.0
495,2015-06-09,4080.0,342.0,1.0,0.0,0,0.0,2.0,0.29205677,-0.956401,1.2246469e-16,-1.0,2,0,0,1,5260.0,1,0.0,1,7612.0,1,8321.0,1,3770.0,1,0.0,1,4333.0,1,4737.0,3888.5176,4089.5952,5260.0
495,2015-06-10,4574.0,386.0,1.0,0.0,0,0.0,3.0,0.29205677,-0.956401,1.2246469e-16,-1.0,2,0,0,1,4080.0,1,5260.0,1,4522.0,1,6225.0,1,5185.0,1,0.0,1,0.0,1,0.0,3965.1106,4087.463,-1180.0
495,2015-06-11,4271.0,357.0,1.0,0.0,0,0.0,4.0,0.29205677,-0.956401,1.2246469e-16,-1.0,2,0,0,1,4574.0,1,4080.0,1,0.0,1,7073.0,1,5159.0,1,4643.0,1,7269.0,1,4077.0,4208.6665,4195.582,494.0
495,2015-06-12,4798.0,383.0,1.0,0.0,0,0.0,5.0,0.29205677,-0.956401,1.2246469e-16,-1.0,2,0,0,1,4271.0,1,4574.0,1,5260.0,1,0.0,1,0.0,1,4014.0,1,6207.0,1,3868.0,4233.5996,4212.342,-303.0
495,2015-06-13,5094.0,427.0,1.0,0.0,0,0.0,6.0,0.29205677,-0.956401,1.2246469e-16,-1.0,2,0,0,1,4798.0,1,4271.0,1,4080.0,1,7612.0,1,8321.0,1,3770.0,1,5594.0,1,4455.0,4459.36,4342.488,527.0
495,2015-06-14,0.0,0.0,0.0,0.0,0,0.0,7.0,0.29205677,-0.956401,1.2246469e-16,-1.0,2,0,0,1,5094.0,1,4798.0,1,4574.0,1,4522.0,1,6225.0,1,5185.0,1,6285.0,1,4384.0,4713.216,4509.4907,296.0
495,2015-06-15,8792.0,561.0,1.0,1.0,0,0.0,1.0,0.17689027,-0.9842306,1.2246469e-16,-1.0,2,0,0,1,0.0,1,5094.0,1,4271.0,1,0.0,1,7073.0,1,5159.0,1,6509.0,1,4044.0,2827.9294,3507.3816,-5094.0
495,2015-06-16,6500.0,479.0,1.0,1.0,0,0.0,2.0,0.17689027,-0.9842306,1.2246469e-16,-1.0,2,0,0,1,8792.0,1,0.0,1,4798.0,1,5260.0,1,0.0,1,0.0,1,5124.0,1,4420.0,5213.5576,4681.741,8792.0
495,2015-06-17,5849.0,415.0,1.0,1.0,0,0.0,3.0,0.17689027,-0.9842306,1.2246469e-16,-1.0,2,0,0,1,6500.0,1,8792.0,1,5094.0,1,4080.0,1,7612.0,1,8321.0,1,0.0,1,0.0,5728.135,5085.799,-2292.0
495,2015-06-18,6528.0,445.0,1.0,1.0,0,0.0,4.0,0.17689027,-0.9842306,1.2246469e-16,-1.0,2,0,0,1,5849.0,1,6500.0,1,0.0,1,4574.0,1,4522.0,1,6225.0,1,0.0,1,7546.0,5776.481,5255.399,-651.0
495,2015-06-19,7231.0,512.0,1.0,1.0,0,0.0,5.0,0.17689027,-0.9842306,1.2246469e-16,-1.0,2,0,0,1,6528.0,1,5849.0,1,8792.0,1,4271.0,1,0.0,1,7073.0,1,4643.0,1,6653.0,6077.0884,5538.199,679.0
495,2015-06-20,5363.0,419.0,1.0,0.0,0,0.0,6.0,0.17689027,-0.9842306,1.2246469e-16,-1.0,2,0,0,1,7231.0,1,6528.0,1,6500.0,1,4798.0,1,5260.0,1,0.0,1,4014.0,1,6541.0,6538.6533,5914.3774,703.0
495,2015-06-21,0.0,0.0,0.0,0.0,0,0.0,7.0,0.17689027,-0.9842306,1.2246469e-16,-1.0,2,0,0,1,5363.0,1,7231.0,1,5849.0,1,5094.0,1,4080.0,1,7612.0,1,3770.0,1,8599.0,6068.392,5791.849,-1868.0
495,2015-06-22,4064.0,357.0,1.0,0.0,0,0.0,1.0,0.059240628,-0.99824375,1.2246469e-16,-1.0,2,0,0,1,0.0,1,5363.0,1,6528.0,1,0.0,1,4574.0,1,4522.0,1,5185.0,1,0.0,3641.0352,4504.7715,-5363.0
495,2015-06-23,3736.0,316.0,1.0,0.0,0,0.0,2.0,0.059240628,-0.99824375,1.2246469e-16,-1.0,2,0,0,1,4064.0,1,0.0,1,7231.0,1,8792.0,1,4271.0,1,0.0,1,5159.0,1,5764.0,3810.221,4406.8223,4064.0
495,2015-06-24,3803.0,330.0,1.0,0.0,0,0.0,3.0,0.059240628,-0.99824375,1.2246469e-16,-1.0,2,0,0,1,3736.0,1,4064.0,1,5363.0,1,6500.0,1,4798.0,1,5260.0,1,0.0,1,0.0,3780.5327,4257.7505,-328.0
495,2015-06-25,4044.0,373.0,1.0,0.0,0,0.0,4.0,0.059240628,-0.99824375,1.2246469e-16,-1.0,2,0,0,1,3803.0,1,3736.0,1,0.0,1,5849.0,1,5094.0,1,4080.0,1,8321.0,1,7397.0,3789.5195,4156.695,67.0
495,2015-06-26,4141.0,355.0,1.0,0.0,0,0.0,5.0,0.059240628,-0.99824375,1.2246469e-16,-1.0,2,0,0,1,4044.0,1,3803.0,1,4064.0,1,6528.0,1,0.0,1,4574.0,1,6225.0,1,6082.0,3891.3118,4131.6514,241.0
495,2015-06-27,4897.0,371.0,1.0,0.0,0,0.0,6.0,0.059240628,-0.99824375,1.2246469e-16,-1.0,2,0,0,1,4141.0,1,4044.0,1,3736.0,1,7231.0,1,8792.0,1,4271.0,1,7073.0,1,6135.0,3991.187,4133.729,97.0
495,2015-06-28,0.0,0.0,0.0,0.0,0,0.0,7.0,0.059240628,-0.99824375,1.2246469e-16,-1.0,2,0,0,1,4897.0,1,4141.0,1,3803.0,1,5363.0,1,6500.0,1,4798.0,1,0.0,1,6335.0,4353.512,4303.3447,756.0
495,2015-06-29,8935.0,611.0,1.0,1.0,0,0.0,1.0,-0.059240628,-0.99824375,1.2246469e-16,-1.0,2,0,0,1,0.0,1,4897.0,1,4044.0,1,0.0,1,5849.0,1,5094.0,1,7612.0,1,6459.0,2612.1074,3347.046,-4897.0
495,2015-06-30,8172.0,512.0,1.0,1.0,0,0.0,2.0,-0.059240628,-0.99824375,1.2246469e-16,-1.0,2,0,1,1,8935.0,1,0.0,1,4141.0,1,4064.0,1,6528.0,1,0.0,1,4522.0,1,5780.0,5141.264,4588.8135,8935.0
495,2015-07-01,5648.0,387.0,1.0,1.0,0,0.0,3.0,-0.059240628,-0.99824375,-0.5,-0.8660254,3,1,0,1,8172.0,1,8935.0,1,4897.0,1,3736.0,1,7231.0,1,8792.0,1,0.0,1,0.0,6353.5586,5385.077,-763.0
495,2015-07-02,5566.0,418.0,1.0,1.0,0,0.0,4.0,-0.059240628,-0.99824375,-0.5,-0.8660254,3,0,0,1,5648.0,1,8172.0,1,0.0,1,3803.0,1,5363.0,1,6500.0,1,5260.0,1,4087.0,6071.335,5443.5044,-2524.0
495,2015-07-03,6428.0,485.0,1.0,1.0,0,0.0,5.0,-0.059240628,-0.99824375,-0.5,-0.8660254,3,0,0,1,5566.0,1,5648.0,1,8935.0,1,4044.0,1,0.0,1,5849.0,1,4080.0,1,3786.0,5869.201,5470.7256,-82.0
495,2015-07-04,4764.0,389.0,1.0,0.0,0,0.0,6.0,-0.059240628,-0.99824375,-0.5,-0.8660254,3,0,0,1,6428.0,1,5566.0,1,8172.0,1,4141.0,1,4064.0,1,6528.0,1,4574.0,1,5550.0,6092.7207,5683.453,862.0
495,2015-07-05,0.0,0.0,0.0,0.0,0,0.0,7.0,-0.059240628,-0.99824375,-0.5,-0.8660254,3,0,0,1,4764.0,1,6428.0,1,5648.0,1,4897.0,1,3736.0,1,7231.0,1,4271.0,1,0.0,5561.2324,5479.1304,-1664.0
495,2015-07-06,4486.0,388.0,1.0,0.0,0,0.0,1.0,-0.17689027,-0.9842306,-0.5,-0.8660254,3,0,0,1,0.0,1,4764.0,1,5566.0,1,0.0,1,3803.0,1,5363.0,1,4798.0,1,6097.0,3336.7395,4261.546,-4764.0
495,2015-07-07,3414.0,315.0,1.0,0.0,0,0.0,2.0,-0.17689027,-0.9842306,-0.5,-0.8660254,3,0,0,1,4486.0,1,0.0,1,6428.0,1,8935.0,1,4044.0,1,0.0,1,5094.0,1,4333.0,3796.4436,4311.4243,4486.0
495,2015-07-08,4787.0,410.0,1.0,0.0,0,0.0,3.0,-0.17689027,-0.9842306,-0.5,-0.8660254,3,0,0,1,3414.0,1,4486.0,1,4764.0,1,8172.0,1,4141.0,1,4064.0,1,0.0,1,0.0,3643.4663,4111.997,-1072.0
495,2015-07-09,4463.0,373.0,1.0,0.0,0,0.0,4.0,-0.17689027,-0.9842306,-0.5,-0.8660254,3,0,0,1,4787.0,1,3414.0,1,0.0,1,5648.0,1,4897.0,1,3736.0,1,8792.0,1,7269.0,4100.88,4261.9976,1373.0
495,2015-07-10,4678.0,369.0,1.0,0.0,0,0.0,5.0,-0.17689027,-0.9842306,-0.5,-0.8660254,3,0,0,1,4463.0,1,4787.0,1,4486.0,1,5566.0,1,0.0,1,3803.0,1,6500.0,1,6207.0,4245.728,4306.6646,-324.0
495,2015-07-11,4455.0,372.0,1.0,0.0,0,0.0,6.0,-0.17689027,-0.9842306,-0.5,-0.8660254,3,0,0,1,4678.0,1,4463.0,1,3414.0,1,6428.0,1,8935.0,1,4044.0,1,5849.0,1,5594.0,4418.6367,4389.1836,215.0
495,2015-07-12,0.0,0.0,0.0,0.0,0,0.0,7.0,-0.17689027,-0.9842306,-0.5,-0.8660254,3,0,0,1,4455.0,1,4678.0,1,4787.0,1,4764.0,1,8172.0,1,4141.0,1,6528.0,1,6285.0,4433.182,4403.8096,-223.0
495,2015-07-13,8277.0,558.0,1.0,1.0,0,0.0,1.0,-0.29205677,-0.956401,-0.5,-0.8660254,3,0,0,1,0.0,1,4455.0,1,4463.0,1,0.0,1,5648.0,1,4897.0,1,7231.0,1,6509.0,2659.9092,3425.1853,-4455.0
495,2015-07-14,7157.0,470.0,1.0,1.0,0,0.0,2.0,-0.29205677,-0.956401,-0.5,-0.8660254,3,0,0,1,8277.0,1,0.0,1,4678.0,1,4486.0,1,5566.0,1,0.0,1,5363.0,1,5124.0,4906.7456,4503.366,8277.0
495,2015-07-15,6428.0,440.0,1.0,1.0,0,0.0,3.0,-0.29205677,-0.956401,-0.5,-0.8660254,3,0,0,1,7157.0,1,8277.0,1,4455.0,1,3414.0,1,6428.0,1,8935.0,1,0.0,1,0.0,5806.847,5093.0625,-1120.0
495,2015-07-16,6577.0,466.0,1.0,1.0,0,0.0,4.0,-0.29205677,-0.956401,-0.5,-0.8660254,3,0,0,1,6428.0,1,7157.0,1,0.0,1,4787.0,1,4764.0,1,8172.0,1,4064.0,1,0.0,6055.3086,5389.7153,-729.0
495,2015-07-17,6533.0,454.0,1.0,1.0,0,0.0,5.0,-0.29205677,-0.956401,-0.5,-0.8660254,3,0,0,1,6577.0,1,6428.0,1,8277.0,1,4463.0,1,0.0,1,5648.0,1,3736.0,1,4643.0,6263.985,5653.5566,149.0
495,2015-07-18,5302.0,416.0,1.0,0.0,0,0.0,6.0,-0.29205677,-0.956401,-0.5,-0.8660254,3,0,0,1,6533.0,1,6577.0,1,7157.0,1,4678.0,1,4486.0,1,5566.0,1,3803.0,1,4014.0,6371.591,5848.9883,-44.0
495,2015-07-19,0.0,0.0,0.0,0.0,0,0.0,7.0,-0.29205677,-0.956401,-0.5,-0.8660254,3,0,0,1,5302.0,1,6533.0,1,6428.0,1,4455.0,1,3414.0,1,6428.0,1,4044.0,1,3770.0,5943.7544,5727.4355,-1231.0
495,2015-07-20,4672.0,378.0,1.0,0.0,0,0.0,1.0,-0.40312344,-0.91514564,-0.5,-0.8660254,3,0,0,1,0.0,1,5302.0,1,6577.0,1,0.0,1,4787.0,1,4764.0,1,4141.0,1,5185.0,3566.2527,4454.672,-5302.0
495,2015-07-21,3902.0,326.0,1.0,0.0,0,0.0,2.0,-0.40312344,-0.91514564,-0.5,-0.8660254,3,0,0,1,4672.0,1,0.0,1,6533.0,1,8277.0,1,4463.0,1,0.0,1,4897.0,1,5159.0,4008.5518,4502.9673,4672.0
495,2015-07-22,4069.0,340.0,1.0,0.0,0,0.0,3.0,-0.40312344,-0.91514564,-0.5,-0.8660254,3,0,0,1,3902.0,1,4672.0,1,5302.0,1,7157.0,1,4678.0,1,4486.0,1,0.0,1,0.0,3965.931,4369.419,-770.0
495,2015-07-23,4464.0,375.0,1.0,0.0,0,0.0,4.0,-0.40312344,-0.91514564,-0.5,-0.8660254,3,0,0,1,4069.0,1,3902.0,1,0.0,1,6428.0,1,4455.0,1,3414.0,1,8935.0,1,8321.0,4007.1587,4302.659,167.0
495,2015-07-24,4125.0,359.0,1.0,0.0,0,0.0,5.0,-0.40312344,-0.91514564,-0.5,-0.8660254,3,0,0,1,4464.0,1,4069.0,1,4672.0,1,6577.0,1,0.0,1,4787.0,1,8172.0,1,6225.0,4189.895,4338.5127,395.0
495,2015-07-25,4857.0,393.0,1.0,0.0,0,0.0,6.0,-0.40312344,-0.91514564,-0.5,-0.8660254,3,0,0,1,4125.0,1,4464.0,1,3902.0,1,6533.0,1,8277.0,1,4463.0,1,5648.0,1,7073.0,4163.937,4291.0654,-339.0
495,2015-07-26,0.0,0.0,0.0,0.0,0,0.0,7.0,-0.40312344,-0.91514564,-0.5,-0.8660254,3,0,0,1,4857.0,1,4125.0,1,4069.0,1,5302.0,1,7157.0,1,4678.0,1,5566.0,1,0.0,4441.162,4416.8286,732.0
495,2015-07-27,9118.0,576.0,1.0,1.0,0,0.0,1.0,-0.5085311,-0.86104363,-0.5,-0.8660254,3,0,0,1,0.0,1,4857.0,1,4464.0,1,0.0,1,6428.0,1,4455.0,1,6428.0,1,7612.0,2664.6973,3435.311,-4857.0
495,2015-07-28,7196.0,464.0,1.0,1.0,0,0.0,2.0,-0.5085311,-0.86104363,-0.5,-0.8660254,3,0,0,1,9118.0,1,0.0,1,4125.0,1,4672.0,1,6577.0,1,0.0,1,4764.0,1,4522.0,5246.0186,4698.131,9118.0
495,2015-07-29,7004.0,458.0,1.0,1.0,0,0.0,3.0,-0.5085311,-0.86104363,-0.5,-0.8660254,3,0,0,1,7196.0,1,9118.0,1,4857.0,1,3902.0,1,6533.0,1,8277.0,1,0.0,1,0.0,6026.011,5253.213,-1922.0
495,2015-07-30,6671.0,441.0,1.0,1.0,0,1.0,4.0,-0.5085311,-0.86104363,-0.5,-0.8660254,3,0,0,1,7004.0,1,7196.0,1,0.0,1,4069.0,1,5302.0,1,7157.0,1,4486.0,1,5260.0,6417.2065,5642.277,-192.0
495,2015-07-31,6995.0,492.0,1.0,1.0,0,1.0,5.0,-0.5085311,-0.86104363,-0.5,-0.8660254,3,0,1,1,6671.0,1,7004.0,1,9118.0,1,4464.0,1,0.0,1,6428.0,1,3414.0,1,4080.0,6518.724,5870.882,-333.0
