id,timestamp,target,Customers,Open,Promo,StateHoliday,SchoolHoliday,DayOfWeek,week_sin,week_cos,month_sin,month_cos,quarter,is_month_start,is_month_end,lag_1_known,lag_1,lag_2_known,lag_2,lag_4_known,lag_4,lag_8_known,lag_8,lag_12_known,lag_12,lag_16_known,lag_16,lag_24_known,lag_24,lag_52_known,lag_52
75,2013-01-01,0.0,0.0,0.0,0.0,1,1.0,2.0,0.11827317,0.9929811,0.5,0.8660254,1,1,0,0,0.0,0,0.0,0,0.0,0,0.0,0,0.0,0,0.0,0,0.0,0,0.0
75,2013-01-02,5844.0,615.0,1.0,0.0,0,1.0,3.0,0.11827317,0.9929811,0.5,0.8660254,1,0,0,1,0.0,0,0.0,0,0.0,0,0.0,0,0.0,0,0.0,0,0.0,0,0.0
75,2013-01-03,5290.0,596.0,1.0,0.0,0,1.0,4.0,0.11827317,0.9929811,0.5,0.8660254,1,0,0,1,5844.0,1,0.0,0,0.0,0,0.0,0,0.0,0,0.0,0,0.0,0,0.0
75,2013-01-04,5882.0,648.0,1.0,0.0,0,1.0,5.0,0.11827317,0.9929811,0.5,0.8660254,1,0,0,1,5290.0,1,5844.0,0,0.0,0,0.0,0,0.0,0,0.0,0,0.0,0,0.0
75,2013-01-05,5464.0,622.0,1.0,0.0,0,0.0,6.0,0.11827317,0.9929811,0.5,0.8660254,1,0,0,1,5882.0,1,5290.0,1,0.0,0,0.0,0,0.0,0,0.0,0,0.0,0,0.0
75,2013-01-06,0.0,0.0,0.0,0.0,0,0.0,7.0,0.11827317,0.9929811,0.5,0.8660254,1,0,0,1,5464.0,1,5882.0,1,5844.0,0,0.0,0,0.0,0,0.0,0,0.0,0,0.0
75,2013-01-07,6898.0,753.0,1.0,1.0,0,0.0,1.0,0.23488605,0.9720229,0.5,0.8660254,1,0,0,1,0.0,1,5464.0,1,5290.0,0,0.0,0,0.0,0,0.0,0,0.0,0,0.0
75,2013-01-08,5843.0,592.0,1.0,1.0,0,0.0,2.0,0.23488605,0.9720229,0.5,0.8660254,1,0,0,1,6898.0,1,0.0,1,5882.0,0,0.0,0,0.0,0,0.0,0,0.0,0,0.0
75,2013-01-09,5054.0,540.0,1.0,1.0,0,0.0,3.0,0.23488605,0.9720229,0.5,0.8660254,1,0,0,1,5843.0,1,6898.0,1,5464.0,1,0.0,0,0.0,0,0.0,0,0.0,0,0.0
75,2013-01-10,5258.0,579.0,1.0,1.0,0,0.0,4.0,0.23488605,0.9720229,0.5,0.8660254,1,0,0,1,5054.0,1,5843.0,1,0.0,1,5844.0,0,0.0,0,0.0,0,0.0,0,0.0
75,2013-01-11,5680.0,641.0,1.0,1.0,0,0.0,5.0,0.23488605,0.9720229,0.5,0.8660254,1,0,0,1,5258.0,1,5054.0,1,6898.0,1,5290.0,0,0.0,0,0.0,0,0.0,0,0.0
75,2013-01-12,4827.0,571.0,1.0,0.0,0,0.0,6.0,0.23488605,0.9720229,0.5,0.8660254,1,0,0,1,5680.0,1,5258.0,1,5843.0,1,5882.0,0,0.0,0,0.0,0,0.0,0,0.0
75,2013-01-13,0.0,0.0,0.0,0.0,0,0.0,7.0,0.23488605,0.9720229,0.5,0.8660254,1,0,0,1,4827.0,1,5680.0,1,5054.0,1,5464.0,1,0.0,0,0.0,0,0.0,0,0.0
75,2013-01-14,3859.0,488.0,1.0,0.0,0,0.0,1.0,0.34820163,0.93741965,0.5,0.8660254,1,0,0,1,0.0,1,4827.0,1,5258.0,1,0.0,1,5844.0,0,0.0,0,0.0,0,0.0
75,2013-01-15,3936.0,495.0,1.0,0.0,0,0.0,2.0,0.34820163,0.93741965,0.5,0.8660254,1,0,0,1,3859.0,1,0.0,1,5680.0,1,6898.0,1,5290.0,0,0.0,0,0.0,0,0.0
75,2013-01-16,4189.0,512.0,1.0,0.0,0,0.0,3.0,0.34820163,0.93741965,0.5,0.8660254,1,0,0,1,3936.0,1,3859.0,1,4827.0,1,5843.0,1,5882.0,0,0.0,0,0.0,0,0.0
75,2013-01-17,4599.0,544.0,1.0,0.0,0,0.0,4.0,0.34820163,0.93741965,0.5,0.8660254,1,0,0,1,4189.0,1,3936.0,1,0.0,1,5054.0,1,5464.0,1,0.0,0,0.0,0,0.0
75,2013-01-18,4877.0,582.0,1.0,0.0,0,0.0,5.0,0.34820163,0.93741965,0.5,0.8660254,1,0,0,1,4599.0,1,4189.0,1,3859.0,1,5258.0,1,0.0,1,5844.0,0,0.0,0,0.0
75,2013-01-19,4400.0,501.0,1.0,0.0,0,0.0,6.0,0.34820163,0.93741965,0.5,0.8660254,1,0,0,1,4877.0,1,4599.0,1,3936.0,1,5680.0,1,6898.0,1,5290.0,0,0.0,0,0.0
75,2013-01-20,0.0,0.0,0.0,0.0,0,0.0,7.0,0.34820163,0.93741965,0.5,0.8660254,1,0,0,1,4400.0,1,4877.0,1,4189.0,1,4827.0,1,5843.0,1,5882.0,0,0.0,0,0.0
75,2013-01-21,5460.0,575.0,1.0,1.0,0,0.0,1.0,0.45662925,0.8896571,0.5,0.8660254,1,0,0,1,0.0,1,4400.0,1,4599.0,1,0.0,1,5054.0,1,5464.0,0,0.0,0,0.0
75,2013-01-22,4925.0,536.0,1.0,1.0,0,0.0,2.0,0.45662925,0.8896571,0.5,0.8660254,1,0,0,1,5460.0,1,0.0,1,4877.0,1,3859.0,1,5258.0,1,0.0,0,0.0,0,0.0
75,2013-01-23,5579.0,561.0,1.0,1.0,0,0.0,3.0,0.45662925,0.8896571,0.5,0.8660254,1,0,0,1,4925.0,1,5460.0,1,4400.0,1,3936.0,1,5680.0,1,6898.0,0,0.0,0,0.0
75,2013-01-24,5193.0,575.0,1.0,1.0,0,0.0,4.0,0.45662925,0.8896571,0.5,0.8660254,1,0,0,1,5579.0,1,4925.0,1,0.0,1,4189.0,1,4827.0,1,5843.0,0,0.0,0,0.0
75,2013-01-25,5780.0,653.0,1.0,1.0,0,0.0,5.0,0.45662925,0.8896571,0.5,0.8660254,1,0,0,1,5193.0,1,5579.0,1,5460.0,1,4599.0,1,0.0,1,5054.0,1,0.0,0,0.0
75,2013-01-26,4773.0,543.0,1.0,0.0,0,0.0,6.0,0.45662925,0.8896571,0.5,0.8660254,1,0,0,1,5780.0,1,5193.0,1,4925.0,1,4877.0,1,3859.0,1,5258.0,1,5844.0,0,0.0
75,2013-01-27,0.0,0.0,0.0,0.0,0,0.0,7.0,0.45662925,0.8896571,0.5,0.8660254,1,0,0,1,4773.0,1,5780.0,1,5579.0,1,4400.0,1,3936.0,1,5680.0,1,5290.0,0,0.0
75,2013-01-28,4235.0,570.0,1.0,0.0,0,0.0,1.0,0.55864674,0.82940567,0.5,0.8660254,1,0,0,1,0.0,1,4773.0,1,5193.0,1,0.0,1,4189.0,1,4827.0,1,5882.0,0,0.0
75,2013-01-29,4330.0,523.0,1.0,0.0,0,0.0,2.0,0.55864674,0.82940567,0.5,0.8660254,1,0,0,1,4235.0,1,0.0,1,5780.0,1,5460.0,1,4599.0,1,0.0,1,5464.0,0,0.0
75,2013-01-30,5092.0,564.0,1.0,0.0,0,0.0,3.0,0.55864674,0.82940567,0.5,0.8660254,1,0,0,1,4330.0,1,4235.0,1,4773.0,1,4925.0,1,4877.0,1,3859.0,1,0.0,0,0.0
75,2013-01-31,4888.0,536.0,1.0,0.0,0,0.0,4.0,0.55864674,0.82940567,0.5,0.8660254,1,0,1,1,5092.0,1,4330.0,1,0.0,1,5579.0,1,4400.0,1,3936.0,1,6898.0,0,0.0
75,2013-02-01,6325.0,695.0,1.0,0.0,0,0.0,5.0,0.55864674,0.82940567,0.8660254,0.5,1,1,0,1,4888.0,1,5092.0,1,4235.0,1,5193.0,1,0.0,1,4189.0,1,5843.0,0,0.0
75,2013-02-02,5708.0,646.0,1.0,0.0,0,0.0,6.0,0.55864674,0.82940567,0.8660254,0.5,1,0,0,1,6325.0,1,4888.0,1,4330.0,1,5780.0,1,5460.0,1,4599.0,1,5054.0,0,0.0
75,2013-02-03,0.0,0.0,0.0,0.0,0,0.0,7.0,0.55864674,0.82940567,0.8660254,0.5,1,0,0,1,5708.0,1,6325.0,1,5092.0,1,4773.0,1,4925.0,1,4877.0,1,5258.0,0,0.0
75,2013-02-04,7208.0,706.0,1.0,1.0,0,0.0,1.0,0.65282214,0.75751126,0.8660254,0.5,1,0,0,1,0.0,1,5708.0,1,4888.0,1,0.0,1,5579.0,1,4400.0,1,5680.0,0,0.0
75,2013-02-05,5605.0,578.0,1.0,1.0,0,0.0,2.0,0.65282214,0.75751126,0.8660254,0.5,1,0,0,1,7208.0,1,0.0,1,6325.0,1,4235.0,1,5193.0,1,0.0,1,4827.0,0,0.0
75,2013-02-06,5417.0,551.0,1.0,1.0,0,0.0,3.0,0.65282214,0.75751126,0.8660254,0.5,1,0,0,1,5605.0,1,7208.0,1,5708.0,1,4330.0,1,5780.0,1,5460.0,1,0.0,0,0.0
75,2013-02-07,4992.0,553.0,1.0,1.0,0,0.0,4.0,0.65282214,0.75751126,0.8660254,0.5,1,0,0,1,5417.0,1,5605.0,1,0.0,1,5092.0,1,4773.0,1,4925.0,1,3859.0,0,0.0
75,2013-02-08,5728.0,664.0,1.0,1.0,0,0.0,5.0,0.65282214,0.75751126,0.8660254,0.5,1,0,0,1,4992.0,1,5417.0,1,7208.0,1,4888.0,1,0.0,1,5579.0,1,3936.0,0,0.0
75,2013-02-09,5553.0,641.0,1.0,0.0,0,0.0,6.0,0.65282214,0.75751126,0.8660254,0.5,1,0,0,1,5728.0,1,4992.0,1,5605.0,1,6325.0,1,4235.0,1,5193.0,1,4189.0,0,0.0
75,2013-02-10,0.0,0.0,0.0,0.0,0,0.0,7.0,0.65282214,0.75751126,0.8660254,0.5,1,0,0,1,5553.0,1,5728.0,1,5417.0,1,5708.0,1,4330.0,1,5780.0,1,4599.0,0,0.0
75,2013-02-11,4791.0,591.0,1.0,0.0,0,0.0,1.0,0.73783326,0.674983,0.8660254,0.5,1,0,0,1,0.0,1,5553.0,1,4992.0,1,0.0,1,5092.0,1,4773.0,1,4877.0,0,0.0
75,2013-02-12,4256.0,492.0,1.0,0.0,0,0.0,2.0,0.73783326,0.674983,0.8660254,0.5,1,0,0,1,4791.0,1,0.0,1,5728.0,1,7208.0,1,4888.0,1,0.0,1,4400.0,0,0.0
75,2013-02-13,5001.0,548.0,1.0,0.0,0,0.0,3.0,0.73783326,0.674983,0.8660254,0.5,1,0,0,1,4256.0,1,4791.0,1,5553.0,1,5605.0,1,6325.0,1,4235.0,1,0.0,0,0.0
75,2013-02-14,5108.0,588.0,1.0,0.0,0,0.0,4.0,0.73783326,0.674983,0.8660254,0.5,1,0,0,1,5001.0,1,4256.0,1,0.0,1,5417.0,1,5708.0,1,4330.0,1,5460.0,0,0.0
75,2013-02-15,5326.0,619.0,1.0,0.0,0,0.0,5.0,0.73783326,0.674983,0.8660254,0.5,1,0,0,1,5108.0,1,5001.0,1,4791.0,1,4992.0,1,0.0,1,5092.0,1,4925.0,0,0.0
75,2013-02-16,5091.0,604.0,1.0,0.0,0,0.0,6.0,0.73783326,0.674983,0.8660254,0.5,1,0,0,1,5326.0,1,5108.0,1,4256.0,1,5728.0,1,7208.0,1,4888.0,1,5579.0,0,0.0
75,2013-02-17,0.0,0.0,0.0,0.0,0,0.0,7.0,0.73783326,0.674983,0.8660254,0.5,1,0,0,1,5091.0,1,5326.0,1,5001.0,1,5553.0,1,5605.0,1,6325.0,1,5193.0,0,0.0
75,2013-02-18,6356.0,657.0,1.0,1.0,0,0.0,1.0,0.8124869,0.5829795,0.8660254,0.5,1,0,0,1,0.0,1,5091.0,1,5108.0,1,0.0,1,5417.0,1,5708.0,1,5780.0,0,0.0
75,2013-02-19,5979.0,602.0,1.0,1.0,0,0.0,2.0,0.8124869,0.5829795,0.8660254,0.5,1,0,0,1,6356.0,1,0.0,1,5326.0,1,4791.0,1,4992.0,1,0.0,1,4773.0,0,0.0
75,2013-02-20,5024.0,562.0,1.0,1.0,0,0.0,3.0,0.8124869,0.5829795,0.8660254,0.5,1,0,0,1,5979.0,1,6356.0,1,5091.0,1,4256.0,1,5728.0,1,7208.0,1,0.0,0,0.0
75,2013-02-21,5167.0,582.0,1.0,1.0,0,0.0,4.0,0.8124869,0.5829795,0.8660254,0.5,1,0,0,1,5024.0,1,5979.0,1,0.0,1,5001.0,1,5553.0,1,5605.0,1,4235.0,0,0.0
75,2013-02-22,5324.0,603.0,1.0,1.0,0,0.0,5.0,0.8124869,0.5829795,0.8660254,0.5,1,0,0,1,5167.0,1,5024.0,1,6356.0,1,5108.0,1,0.0,1,5417.0,1,4330.0,1,0.0
75,2013-02-23,5057.0,556.0,1.0,0.0,0,0.0,6.0,0.8124869,0.5829795,0.8660254,0.5,1,0,0,1,5324.0,1,5167.0,1,5979.0,1,5326.0,1,4791.0,1,4992.0,1,5092.0,1,5844.0
75,2013-02-24,0.0,0.0,0.0,0.0,0,0.0,7.0,0.8124869,0.5829795,0.8660254,0.5,1,0,0,1,5057.0,1,5324.0,1,5024.0,1,5091.0,1,4256.0,1,5728.0,1,4888.0,1,5290.0
75,2013-02-25,4022.0,499.0,1.0,0.0,0,0.0,1.0,0.8757349,0.4827922,0.8660254,0.5,1,0,0,1,0.0,1,5057.0,1,5167.0,1,0.0,1,5001.0,1,5553.0,1,6325.0,1,5882.0
75,2013-02-26,3599.0,472.0,1.0,0.0,0,0.0,2.0,0.8757349,0.4827922,0.8660254,0.5,1,0,0,1,4022.0,1,0.0,1,5324.0,1,6356.0,1,5108.0,1,0.0,1,5708.0,1,5464.0
75,2013-02-27,5256.0,568.0,1.0,0.0,0,0.0,3.0,0.8757349,0.4827922,0.8660254,0.5,1,0,0,1,3599.0,1,4022.0,1,5057.0,1,5979.0,1,5326.0,1,4791.0,1,0.0,1,0.0
75,2013-02-28,5534.0,580.0,1.0,0.0,0,0.0,4.0,0.8757349,0.4827922,0.8660254,0.5,1,0,1,1,5256.0,1,3599.0,1,0.0,1,5024.0,1,5091.0,1,4256.0,1,7208.0,1,6898.0
75,2013-03-01,6269.0,700.0,1.0,0.0,0,0.0,5.0,0.8757349,0.4827922,1.0,6.123234e-17,1,1,0,1,5534.0,1,5256.0,1,4022.0,1,5167.0,1,0.0,1,5001.0,1,5605.0,1,5843.0
75,2013-03-02,5433.0,639.0,1.0,0.0,0,0.0,6.0,0.8757349,0.4827922,1.0,6.123234e-17,1,0,0,1,6269.0,1,5534.0,1,3599.0,1,5324.0,1,6356.0,1,5108.0,1,5417.0,1,5054.0
75,2013-03-03,0.0,0.0,0.0,0.0,0,0.0,7.0,0.8757349,0.4827922,1.0,6.123234e-17,1,0,0,1,5433.0,1,6269.0,1,5256.0,1,5057.0,1,5979.0,1,5326.0,1,4992.0,1,5258.0
75,2013-03-04,6945.0,736.0,1.0,1.0,0,0.0,1.0,0.9266896,0.37582758,1.0,6.123234e-17,1,0,0,1,0.0,1,5433.0,1,5534.0,1,0.0,1,5024.0,1,5091.0,1,5728.0,1,5680.0
75,2013-03-05,5389.0,592.0,1.0,1.0,0,0.0,2.0,0.9266896,0.37582758,1.0,6.123234e-17,1,0,0,1,6945.0,1,0.0,1,6269.0,1,4022.0,1,5167.0,1,0.0,1,5553.0,1,4827.0
75,2013-03-06,4882.0,573.0,1.0,1.0,0,0.0,3.0,0.9266896,0.37582758,1.0,6.123234e-17,1,0,0,1,5389.0,1,6945.0,1,5433.0,1,3599.0,1,5324.0,1,6356.0,1,0.0,1,0.0
75,2013-03-07,5937.0,614.0,1.0,1.0,0,0.0,4.0,0.9266896,0.37582758,1.0,6.123234e-17,1,0,0,1,4882.0,1,5389.0,1,0.0,1,5256.0,1,5057.0,1,5979.0,1,4791.0,1,3859.0
75,2013-03-08,6510.0,707.0,1.0,1.0,0,0.0,5.0,0.9266896,0.37582758,1.0,6.123234e-17,1,0,0,1,5937.0,1,4882.0,1,6945.0,1,5534.0,1,0.0,1,5024.0,1,4256.0,1,3936.0
75,2013-03-09,5283.0,601.0,1.0,0.0,0,0.0,6.0,0.9266896,0.37582758,1.0,6.123234e-17,1,0,0,1,6510.0,1,5937.0,1,5389.0,1,6269.0,1,4022.0,1,5167.0,1,5001.0,1,4189.0
75,2013-03-10,0.0,0.0,0.0,0.0,0,0.0,7.0,0.9266896,0.37582758,1.0,6.123234e-17,1,0,0,1,5283.0,1,6510.0,1,4882.0,1,5433.0,1,3599.0,1,5324.0,1,5108.0,1,4599.0
75,2013-03-11,4696.0,573.0,1.0,0.0,0,0.0,1.0,0.9646356,0.26358718,1.0,6.123234e-17,1,0,0,1,0.0,1,5283.0,1,5937.0,1,0.0,1,5256.0,1,5057.0,1,5326.0,1,4877.0
75,2013-03-12,4702.0,548.0,1.0,0.0,0,0.0,2.0,0.9646356,0.26358718,1.0,6.123234e-17,1,0,0,1,4696.0,1,0.0,1,6510.0,1,6945.0,1,5534.0,1,0.0,1,5091.0,1,4400.0
75,2013-03-13,4650.0,542.0,1.0,0.0,0,0.0,3.0,0.9646356,0.26358718,1.0,6.123234e-17,1,0,0,1,4702.0,1,4696.0,1,5283.0,1,5389.0,1,6269.0,1,4022.0,1,0.0,1,0.0
75,2013-03-14,5055.0,582.0,1.0,0.0,0,0.0,4.0,0.9646356,0.26358718,1.0,6.123234e-17,1,0,0,1,4650.0,1,4702.0,1,0.0,1,4882.0,1,5433.0,1,3599.0,1,6356.0,1,5460.0
75,2013-03-15,6175.0,694.0,1.0,0.0,0,0.0,5.0,0.9646356,0.26358718,1.0,6.123234e-17,1,0,0,1,5055.0,1,4650.0,1,4696.0,1,5937.0,1,0.0,1,5256.0,1,5979.0,1,4925.0
75,2013-03-16,5613.0,641.0,1.0,0.0,0,0.0,6.0,0.9646356,0.26358718,1.0,6.123234e-17,1,0,0,1,6175.0,1,5055.0,1,4702.0,1,6510.0,1,6945.0,1,5534.0,1,5024.0,1,5579.0
75,2013-03-17,0.0,0.0,0.0,0.0,0,0.0,7.0,0.9646356,0.26358718,1.0,6.123234e-17,1,0,0,1,5613.0,1,6175.0,1,4650.0,1,5283.0,1,5389.0,1,6269.0,1,5167.0,1,5193.0
75,2013-03-18,4611.0,452.0,1.0,1.0,0,0.0,1.0,0.9890402,0.14764656,1.0,6.123234e-17,1,0,0,1,0.0,1,5613.0,1,5055.0,1,0.0,1,4882.0,1,5433.0,1,5324.0,1,5780.0
75,2013-03-19,5790.0,586.0,1.0,1.0,0,0.0,2.0,0.9890402,0.14764656,1.0,6.123234e-17,1,0,0,1,4611.0,1,0.0,1,6175.0,1,4696.0,1,5937.0,1,0.0,1,5057.0,1,4773.0
75,2013-03-20,4921.0,512.0,1.0,1.0,0,0.0,3.0,0.9890402,0.14764656,1.0,6.123234e-17,1,0,0,1,5790.0,1,4611.0,1,5613.0,1,4702.0,1,6510.0,1,6945.0,1,0.0,1,0.0
75,2013-03-21,6335.0,629.0,1.0,1.0,0,0.0,4.0,0.9890402,0.14764656,1.0,6.123234e-17,1,0,0,1,4921.0,1,5790.0,1,0.0,1,4650.0,1,5283.0,1,5389.0,1,4022.0,1,4235.0
75,2013-03-22,6638.0,683.0,1.0,1.0,0,0.0,5.0,0.9890402,0.14764656,1.0,6.123234e-17,1,0,0,1,6335.0,1,4921.0,1,4611.0,1,5055.0,1,0.0,1,4882.0,1,3599.0,1,4330.0
75,2013-03-23,4349.0,480.0,1.0,0.0,0,0.0,6.0,0.9890402,0.14764656,1.0,6.123234e-17,1,0,0,1,6638.0,1,6335.0,1,5790.0,1,6175.0,1,4696.0,1,5937.0,1,5256.0,1,5092.0
75,2013-03-24,0.0,0.0,0.0,0.0,0,0.0,7.0,0.9890402,0.14764656,1.0,6.123234e-17,1,0,0,1,4349.0,1,6638.0,1,4921.0,1,5613.0,1,4702.0,1,6510.0,1,5534.0,1,4888.0
75,2013-03-25,7363.0,702.0,1.0,1.0,0,1.0,1.0,0.99956083,0.029633328,1.0,6.123234e-17,1,0,0,1,0.0,1,4349.0,1,6335.0,1,0.0,1,4650.0,1,5283.0,1,6269.0,1,6325.0
75,2013-03-26,7465.0,673.0,1.0,1.0,0,1.0,2.0,0.99956083,0.029633328,1.0,6.123234e-17,1,0,0,1,7363.0,1,0.0,1,6638.0,1,4611.0,1,5055.0,1,0.0,1,5433.0,1,5708.0
75,2013-03-27,7863.0,756.0,1.0,1.0,0,1.0,3.0,0.99956083,0.029633328,1.0,6.123234e-17,1,0,0,1,7465.0,1,7363.0,1,4349.0,1,5790.0,1,6175.0,1,4696.0,1,0.0,1,0.0
75,2013-03-28,10190.0,981.0,1.0,1.0,0,1.0,4.0,0.99956083,0.029633328,1.0,6.123234e-17,1,0,0,1,7863.0,1,7465.0,1,0.0,1,4921.0,1,5613.0,1,4702.0,1,6945.0,1,7208.0
75,2013-03-29,0.0,0.0,0.0,1.0,2,1.0,5.0,0.99956083,0.029633328,1.0,6.123234e-17,1,0,0,1,10190.0,1,7863.0,1,7363.0,1,6335.0,1,0.0,1,4650.0,1,5389.0,1,5605.0
75,2013-03-30,10696.0,1079.0,1.0,0.0,0,0.0,6.0,0.99956083,0.029633328,1.0,6.123234e-17,1,0,0,1,0.0,1,10190.0,1,7465.0,1,6638.0,1,4611.0,1,5055.0,1,4882.0,1,5417.0
75,2013-03-31,0.0,0.0,0.0,0.0,0,0.0,7.0,0.99956083,0.029633328,1.0,6.123234e-17,1,0,1,1,10696.0,1,0.0,1,7863.0,1,4349.0,1,5790.0,1,6175.0,1,5937.0,1,4992.0
75,2013-04-01,0.0,0.0,0.0,0.0,2,1.0,1.0,0.9960498,-0.08879589,0.8660254,-0.5,2,1,0,1,0.0,1,10696.0,1,10190.0,1,0.0,1,4921.0,1,5613.0,1,6510.0,1,5728.0
75,2013-04-02,5275.0,671.0,1.0,0.0,0,1.0,2.0,0.9960498,-0.08879589,0.8660254,-0.5,2,0,0,1,0.0,1,0.0,1,0.0,1,7363.0,1,6335.0,1,0.0,1,5283.0,1,5553.0
75,2013-04-03,4236.0,527.0,1.0,0.0,0,1.0,3.0,0.9960498,-0.08879589,0.8660254,-0.5,2,0,0,1,5275.0,1,0.0,1,10696.0,1,7465.0,1,6638.0,1,4611.0,1,0.0,1,0.0
75,2013-04-04,5246.0,603.0,1.0,0.0,0,1.0,4.0,0.9960498,-0.08879589,0.8660254,-0.5,2,0,0,1,4236.0,1,5275.0,1,0.0,1,7863.0,1,4349.0,1,5790.0,1,4696.0,1,4791.0
75,2013-04-05,5803.0,675.0,1.0,0.0,0,1.0,5.0,0.9960498,-0.08879589,0.8660254,-0.5,2,0,0,1,5246.0,1,4236.0,1,0.0,1,10190.0,1,0.0,1,4921.0,1,4702.0,1,4256.0
75,2013-04-06,5317.0,614.0,1.0,0.0,0,0.0,6.0,0.9960498,-0.08879589,0.8660254,-0.5,2,0,0,1,5803.0,1,5246.0,1,5275.0,1,0.0,1,7363.0,1,6335.0,1,4650.0,1,5001.0
75,2013-04-07,0.0,0.0,0.0,0.0,0,0.0,7.0,0.9960498,-0.08879589,0.8660254,-0.5,2,0,0,1,5317.0,1,5803.0,1,4236.0,1,10696.0,1,7465.0,1,6638.0,1,5055.0,1,5108.0
75,2013-04-08,6554.0,670.0,1.0,1.0,0,1.0,1.0,0.9785565,-0.20597862,0.8660254,-0.5,2,0,0,1,0.0,1,5317.0,1,5246.0,1,0.0,1,7863.0,1,4349.0,1,6175.0,1,5326.0
75,2013-04-09,5409.0,565.0,1.0,1.0,0,1.0,2.0,0.9785565,-0.20597862,0.8660254,-0.5,2,0,0,1,6554.0,1,0.0,1,5803.0,1,0.0,1,10190.0,1,0.0,1,5613.0,1,5091.0
75,2013-04-10,5451.0,548.0,1.0,1.0,0,0.0,3.0,0.9785565,-0.20597862,0.8660254,-0.5,2,0,0,1,5409.0,1,6554.0,1,5317.0,1,5275.0,1,0.0,1,7363.0,1,0.0,1,0.0
75,2013-04-11,5251.0,614.0,1.0,1.0,0,0.0,4.0,0.9785565,-0.20597862,0.8660254,-0.5,2,0,0,1,5451.0,1,5409.0,1,0.0,1,4236.0,1,10696.0,1,7465.0,1,4611.0,1,6356.0
75,2013-04-12,6090.0,667.0,1.0,1.0,0,0.0,5.0,0.9785565,-0.20597862,0.8660254,-0.5,2,0,0,1,5251.0,1,5451.0,1,6554.0,1,5246.0,1,0.0,1,7863.0,1,5790.0,1,5979.0
75,2013-04-13,5140.0,632.0,1.0,0.0,0,0.0,6.0,0.9785565,-0.20597862,0.8660254,-0.5,2,0,0,1,6090.0,1,5251.0,1,5409.0,1,5803.0,1,0.0,1,10190.0,1,4921.0,1,5024.0
75,2013-04-14,0.0,0.0,0.0,0.0,0,0.0,7.0,0.9785565,-0.20597862,0.8660254,-0.5,2,0,0,1,5140.0,1,6090.0,1,5451.0,1,5317.0,1,5275.0,1,0.0,1,6335.0,1,5167.0
75,2013-04-15,4392.0,575.0,1.0,0.0,0,0.0,1.0,0.94732636,-0.32026985,0.8660254,-0.5,2,0,0,1,0.0,1,5140.0,1,5251.0,1,0.0,1,4236.0,1,10696.0,1,6638.0,1,5324.0
75,2013-04-16,4423.0,529.0,1.0,0.0,0,0.0,2.0,0.94732636,-0.32026985,0.8660254,-0.5,2,0,0,1,4392.0,1,0.0,1,6090.0,1,6554.0,1,5246.0,1,0.0,1,4349.0,1,5057.0
75,2013-04-17,3901.0,494.0,1.0,0.0,0,0.0,3.0,0.94732636,-0.32026985,0.8660254,-0.5,2,0,0,1,4423.0,1,4392.0,1,5140.0,1,5409.0,1,5803.0,1,0.0,1,0.0,1,0.0
75,2013-04-18,4224.0,539.0,1.0,0.0,0,0.0,4.0,0.94732636,-0.32026985,0.8660254,-0.5,2,0,0,1,3901.0,1,4423.0,1,0.0,1,5451.0,1,5317.0,1,5275.0,1,7363.0,1,4022.0
75,2013-04-19,5323.0,621.0,1.0,0.0,0,0.0,5.0,0.94732636,-0.32026985,0.8660254,-0.5,2,0,0,1,4224.0,1,3901.0,1,4392.0,1,5251.0,1,0.0,1,4236.0,1,7465.0,1,3599.0
75,2013-04-20,4660.0,594.0,1.0,0.0,0,0.0,6.0,0.94732636,-0.32026985,0.8660254,-0.5,2,0,0,1,5323.0,1,4224.0,1,4423.0,1,6090.0,1,6554.0,1,5246.0,1,7863.0,1,5256.0
75,2013-04-21,0.0,0.0,0.0,0.0,0,0.0,7.0,0.94732636,-0.32026985,0.8660254,-0.5,2,0,0,1,4660.0,1,5323.0,1,3901.0,1,5140.0,1,5409.0,1,5803.0,1,10190.0,1,5534.0
75,2013-04-22,6323.0,654.0,1.0,1.0,0,0.0,1.0,0.9027978,-0.4300652,0.8660254,-0.5,2,0,0,1,0.0,1,4660.0,1,4224.0,1,0.0,1,5451.0,1,5317.0,1,0.0,1,6269.0
75,2013-04-23,4623.0,541.0,1.0,1.0,0,0.0,2.0,0.9027978,-0.4300652,0.8660254,-0.5,2,0,0,1,6323.0,1,0.0,1,5323.0,1,4392.0,1,5251.0,1,0.0,1,10696.0,1,5433.0
75,2013-04-24,4894.0,576.0,1.0,1.0,0,0.0,3.0,0.9027978,-0.4300652,0.8660254,-0.5,2,0,0,1,4623.0,1,6323.0,1,4660.0,1,4423.0,1,6090.0,1,6554.0,1,0.0,1,0.0
75,2013-04-25,5186.0,554.0,1.0,1.0,0,0.0,4.0,0.9027978,-0.4300652,0.8660254,-0.5,2,0,0,1,4894.0,1,4623.0,1,0.0,1,3901.0,1,5140.0,1,5409.0,1,0.0,1,6945.0
75,2013-04-26,6556.0,724.0,1.0,1.0,0,0.0,5.0,0.9027978,-0.4300652,0.8660254,-0.5,2,0,0,1,5186.0,1,4894.0,1,6323.0,1,4224.0,1,0.0,1,5451.0,1,5275.0,1,5389.0
75,2013-04-27,5242.0,635.0,1.0,0.0,0,0.0,6.0,0.9027978,-0.4300652,0.8660254,-0.5,2,0,0,1,6556.0,1,5186.0,1,4623.0,1,5323.0,1,4392.0,1,5251.0,1,4236.0,1,4882.0
75,2013-04-28,0.0,0.0,0.0,0.0,0,0.0,7.0,0.9027978,-0.4300652,0.8660254,-0.5,2,0,0,1,5242.0,1,6556.0,1,4894.0,1,4660.0,1,4423.0,1,6090.0,1,5246.0,1,5937.0
75,2013-04-29,7184.0,724.0,1.0,1.0,0,0.0,1.0,0.845596,-0.5338234,0.8660254,-0.5,2,0,0,1,0.0,1,5242.0,1,5186.0,1,0.0,1,3901.0,1,5140.0,1,5803.0,1,6510.0
75,2013-04-30,7700.0,805.0,1.0,1.0,0,0.0,2.0,0.845596,-0.5338234,0.8660254,-0.5,2,0,1,1,7184.0,1,0.0,1,6556.0,1,6323.0,1,4224.0,1,0.0,1,5317.0,1,5283.0
75,2013-05-01,0.0,0.0,0.0,1.0,1,0.0,3.0,0.845596,-0.5338234,0.5,-0.8660254,2,1,0,1,7700.0,1,7184.0,1,5242.0,1,4623.0,1,5323.0,1,4392.0,1,0.0,1,0.0
75,2013-05-02,7131.0,757.0,1.0,1.0,0,0.0,4.0,0.845596,-0.5338234,0.5,-0.8660254,2,0,0,1,0.0,1,7700.0,1,0.0,1,4894.0,1,4660.0,1,4423.0,1,6554.0,1,4696.0
75,2013-05-03,6659.0,721.0,1.0,1.0,0,0.0,5.0,0.845596,-0.5338234,0.5,-0.8660254,2,0,0,1,7131.0,1,0.0,1,7184.0,1,5186.0,1,0.0,1,3901.0,1,5409.0,1,4702.0
75,2013-05-04,5680.0,639.0,1.0,0.0,0,0.0,6.0,0.845596,-0.5338234,0.5,-0.8660254,2,0,0,1,6659.0,1,7131.0,1,7700.0,1,6556.0,1,6323.0,1,4224.0,1,5451.0,1,4650.0
75,2013-05-05,0.0,0.0,0.0,0.0,0,0.0,7.0,0.845596,-0.5338234,0.5,-0.8660254,2,0,0,1,5680.0,1,6659.0,1,0.0,1,5242.0,1,4623.0,1,5323.0,1,5251.0,1,5055.0
75,2013-05-06,5461.0,618.0,1.0,0.0,0,0.0,1.0,0.7765239,-0.63008785,0.5,-0.8660254,2,0,0,1,0.0,1,5680.0,1,7131.0,1,0.0,1,4894.0,1,4660.0,1,6090.0,1,6175.0
75,2013-05-07,4517.0,549.0,1.0,0.0,0,0.0,2.0,0.7765239,-0.63008785,0.5,-0.8660254,2,0,0,1,5461.0,1,0.0,1,6659.0,1,7184.0,1,5186.0,1,0.0,1,5140.0,1,5613.0
75,2013-05-08,7479.0,831.0,1.0,0.0,0,0.0,3.0,0.7765239,-0.63008785,0.5,-0.8660254,2,0,0,1,4517.0,1,5461.0,1,5680.0,1,7700.0,1,6556.0,1,6323.0,1,0.0,1,0.0
75,2013-05-09,0.0,0.0,0.0,0.0,1,0.0,4.0,0.7765239,-0.63008785,0.5,-0.8660254,2,0,0,1,7479.0,1,4517.0,1,0.0,1,0.0,1,5242.0,1,4623.0,1,4392.0,1,4611.0
75,2013-05-10,7046.0,779.0,1.0,0.0,0,1.0,5.0,0.7765239,-0.63008785,0.5,-0.8660254,2,0,0,1,0.0,1,7479.0,1,5461.0,1,7131.0,1,0.0,1,4894.0,1,4423.0,1,5790.0
75,2013-05-11,6265.0,715.0,1.0,0.0,0,0.0,6.0,0.7765239,-0.63008785,0.5,-0.8660254,2,0,0,1,7046.0,1,0.0,1,4517.0,1,6659.0,1,7184.0,1,5186.0,1,3901.0,1,4921.0
75,2013-05-12,0.0,0.0,0.0,0.0,0,0.0,7.0,0.7765239,-0.63008785,0.5,-0.8660254,2,0,0,1,6265.0,1,7046.0,1,7479.0,1,5680.0,1,7700.0,1,6556.0,1,4224.0,1,6335.0
75,2013-05-13,6786.0,740.0,1.0,1.0,0,0.0,1.0,0.696551,-0.71750724,0.5,-0.8660254,2,0,0,1,0.0,1,6265.0,1,0.0,1,0.0,1,0.0,1,5242.0,1,5323.0,1,6638.0
75,2013-05-14,5247.0,576.0,1.0,1.0,0,0.0,2.0,0.696551,-0.71750724,0.5,-0.8660254,2,0,0,1,6786.0,1,0.0,1,7046.0,1,5461.0,1,7131.0,1,0.0,1,4660.0,1,4349.0
75,2013-05-15,5643.0,608.0,1.0,1.0,0,0.0,3.0,0.696551,-0.71750724,0.5,-0.8660254,2,0,0,1,5247.0,1,6786.0,1,6265.0,1,4517.0,1,6659.0,1,7184.0,1,0.0,1,0.0
75,2013-05-16,5429.0,609.0,1.0,1.0,0,0.0,4.0,0.696551,-0.71750724,0.5,-0.8660254,2,0,0,1,5643.0,1,5247.0,1,0.0,1,7479.0,1,5680.0,1,7700.0,1,6323.0,1,7363.0
75,2013-05-17,6351.0,683.0,1.0,1.0,0,0.0,5.0,0.696551,-0.71750724,0.5,-0.8660254,2,0,0,1,5429.0,1,5643.0,1,6786.0,1,0.0,1,0.0,1,0.0,1,4623.0,1,7465.0
75,2013-05-18,6519.0,742.0,1.0,0.0,0,0.0,6.0,0.696551,-0.71750724,0.5,-0.8660254,2,0,0,1,6351.0,1,5429.0,1,5247.0,1,7046.0,1,5461.0,1,7131.0,1,4894.0,1,7863.0
75,2013-05-19,0.0,0.0,0.0,0.0,0,0.0,7.0,0.696551,-0.71750724,0.5,-0.8660254,2,0,0,1,6519.0,1,6351.0,1,5643.0,1,6265.0,1,4517.0,1,6659.0,1,5186.0,1,10190.0
75,2013-05-20,0.0,0.0,0.0,0.0,1,0.0,1.0,0.60680014,-0.79485446,0.5,-0.8660254,2,0,0,1,0.0,1,6519.0,1,5429.0,1,0.0,1,7479.0,1,5680.0,1,6556.0,1,0.0
75,2013-05-21,5950.0,695.0,1.0,0.0,0,0.0,2.0,0.60680014,-0.79485446,0.5,-0.8660254,2,0,0,1,0.0,1,0.0,1,6351.0,1,6786.0,1,0.0,1,0.0,1,5242.0,1,10696.0
75,2013-05-22,4880.0,551.0,1.0,0.0,0,0.0,3.0,0.60680014,-0.79485446,0.5,-0.8660254,2,0,0,1,5950.0,1,0.0,1,6519.0,1,5247.0,1,7046.0,1,5461.0,1,0.0,1,0.0
75,2013-05-23,4294.0,546.0,1.0,0.0,0,0.0,4.0,0.60680014,-0.79485446,0.5,-0.8660254,2,0,0,1,4880.0,1,5950.0,1,0.0,1,5643.0,1,6265.0,1,4517.0,1,7184.0,1,0.0
75,2013-05-24,4857.0,610.0,1.0,0.0,0,0.0,5.0,0.60680014,-0.79485446,0.5,-0.8660254,2,0,0,1,4294.0,1,4880.0,1,0.0,1,5429.0,1,0.0,1,7479.0,1,7700.0,1,5275.0
75,2013-05-25,5374.0,609.0,1.0,0.0,0,0.0,6.0,0.60680014,-0.79485446,0.5,-0.8660254,2,0,0,1,4857.0,1,4294.0,1,5950.0,1,6351.0,1,6786.0,1,0.0,1,0.0,1,4236.0
75,2013-05-26,0.0,0.0,0.0,0.0,0,0.0,7.0,0.60680014,-0.79485446,0.5,-0.8660254,2,0,0,1,5374.0,1,4857.0,1,4880.0,1,6519.0,1,5247.0,1,7046.0,1,7131.0,1,5246.0
75,2013-05-27,6249.0,675.0,1.0,1.0,0,0.0,1.0,0.5085311,-0.86104363,0.5,-0.8660254,2,0,0,1,0.0,1,5374.0,1,4294.0,1,0.0,1,5643.0,1,6265.0,1,6659.0,1,5803.0
75,2013-05-28,5019.0,551.0,1.0,1.0,0,0.0,2.0,0.5085311,-0.86104363,0.5,-0.8660254,2,0,0,1,6249.0,1,0.0,1,4857.0,1,0.0,1,5429.0,1,0.0,1,5680.0,1,5317.0
75,2013-05-29,6112.0,635.0,1.0,1.0,0,0.0,3.0,0.5085311,-0.86104363,0.5,-0.8660254,2,0,0,1,5019.0,1,6249.0,1,5374.0,1,5950.0,1,6351.0,1,6786.0,1,0.0,1,0.0
75,2013-05-30,6208.0,647.0,1.0,1.0,0,0.0,4.0,0.5085311,-0.86104363,0.5,-0.8660254,2,0,0,1,6112.0,1,5019.0,1,0.0,1,4880.0,1,6519.0,1,5247.0,1,5461.0,1,6554.0
75,2013-05-31,7248.0,795.0,1.0,1.0,0,0.0,5.0,0.5085311,-0.86104363,0.5,-0.8660254,2,0,1,1,6208.0,1,6112.0,1,6249.0,1,4294.0,1,0.0,1,5643.0,1,4517.0,1,5409.0
75,2013-06-01,6010.0,664.0,1.0,0.0,0,0.0,6.0,0.5085311,-0.86104363,1.2246469e-16,-1.0,2,1,0,1,7248.0,1,6208.0,1,5019.0,1,4857.0,1,0.0,1,5429.0,1,7479.0,1,5451.0
75,2013-06-02,0.0,0.0,0.0,0.0,0,0.0,7.0,0.5085311,-0.86104363,1.2246469e-16,-1.0,2,0,0,1,6010.0,1,7248.0,1,6112.0,1,5374.0,1,5950.0,1,6351.0,1,0.0,1,5251.0
75,2013-06-03,7115.0,737.0,1.0,1.0,0,0.0,1.0,0.40312344,-0.91514564,1.2246469e-16,-1.0,2,0,0,1,0.0,1,6010.0,1,6208.0,1,0.0,1,4880.0,1,6519.0,1,7046.0,1,6090.0
75,2013-06-04,5766.0,654.0,1.0,1.0,0,0.0,2.0,0.40312344,-0.91514564,1.2246469e-16,-1.0,2,0,0,1,7115.0,1,0.0,1,7248.0,1,6249.0,1,4294.0,1,0.0,1,6265.0,1,5140.0
75,2013-06-05,5077.0,573.0,1.0,1.0,0,0.0,3.0,0.40312344,-0.91514564,1.2246469e-16,-1.0,2,0,0,1,5766.0,1,7115.0,1,6010.0,1,5019.0,1,4857.0,1,0.0,1,0.0,1,0.0
75,2013-06-06,4727.0,564.0,1.0,1.0,0,0.0,4.0,0.40312344,-0.91514564,1.2246469e-16,-1.0,2,0,0,1,5077.0,1,5766.0,1,0.0,1,6112.0,1,5374.0,1,5950.0,1,6786.0,1,4392.0
75,2013-06-07,6475.0,747.0,1.0,1.0,0,0.0,5.0,0.40312344,-0.91514564,1.2246469e-16,-1.0,2,0,0,1,4727.0,1,5077.0,1,7115.0,1,6208.0,1,0.0,1,4880.0,1,5247.0,1,4423.0
75,2013-06-08,5761.0,667.0,1.0,0.0,0,0.0,6.0,0.40312344,-0.91514564,1.2246469e-16,-1.0,2,0,0,1,6475.0,1,4727.0,1,5766.0,1,7248.0,1,6249.0,1,4294.0,1,5643.0,1,3901.0
75,2013-06-09,0.0,0.0,0.0,0.0,0,0.0,7.0,0.40312344,-0.91514564,1.2246469e-16,-1.0,2,0,0,1,5761.0,1,6475.0,1,5077.0,1,6010.0,1,5019.0,1,4857.0,1,5429.0,1,4224.0
75,2013-06-10,5471.0,641.0,1.0,0.0,0,0.0,1.0,0.29205677,-0.956401,1.2246469e-16,-1.0,2,0,0,1,0.0,1,5761.0,1,4727.0,1,0.0,1,6112.0,1,5374.0,1,6351.0,1,5323.0
75,2013-06-11,4735.0,548.0,1.0,0.0,0,0.0,2.0,0.29205677,-0.956401,1.2246469e-16,-1.0,2,0,0,1,5471.0,1,0.0,1,6475.0,1,7115.0,1,6208.0,1,0.0,1,6519.0,1,4660.0
75,2013-06-12,5405.0,619.0,1.0,0.0,0,0.0,3.0,0.29205677,-0.956401,1.2246469e-16,-1.0,2,0,0,1,4735.0,1,5471.0,1,5761.0,1,5766.0,1,7248.0,1,6249.0,1,0.0,1,0.0
75,2013-06-13,4976.0,602.0,1.0,0.0,0,0.0,4.0,0.29205677,-0.956401,1.2246469e-16,-1.0,2,0,0,1,5405.0,1,4735.0,1,0.0,1,5077.0,1,6010.0,1,5019.0,1,0.0,1,6323.0
75,2013-06-14,5937.0,643.0,1.0,0.0,0,0.0,5.0,0.29205677,-0.956401,1.2246469e-16,-1.0,2,0,0,1,4976.0,1,5405.0,1,5471.0,1,4727.0,1,0.0,1,6112.0,1,5950.0,1,4623.0
75,2013-06-15,5781.0,653.0,1.0,0.0,0,0.0,6.0,0.29205677,-0.956401,1.2246469e-16,-1.0,2,0,0,1,5937.0,1,4976.0,1,4735.0,1,6475.0,1,7115.0,1,6208.0,1,4880.0,1,4894.0
75,2013-06-16,0.0,0.0,0.0,0.0,0,0.0,7.0,0.29205677,-0.956401,1.2246469e-16,-1.0,2,0,0,1,5781.0,1,5937.0,1,5405.0,1,5761.0,1,5766.0,1,7248.0,1,4294.0,1,5186.0
75,2013-06-17,7297.0,751.0,1.0,1.0,0,0.0,1.0,0.17689027,-0.9842306,1.2246469e-16,-1.0,2,0,0,1,0.0,1,5781.0,1,4976.0,1,0.0,1,5077.0,1,6010.0,1,4857.0,1,6556.0
75,2013-06-18,5468.0,587.0,1.0,1.0,0,0.0,2.0,0.17689027,-0.9842306,1.2246469e-16,-1.0,2,0,0,1,7297.0,1,0.0,1,5937.0,1,5471.0,1,4727.0,1,0.0,1,5374.0,1,5242.0
75,2013-06-19,5475.0,602.0,1.0,1.0,0,0.0,3.0,0.17689027,-0.9842306,1.2246469e-16,-1.0,2,0,0,1,5468.0,1,7297.0,1,5781.0,1,4735.0,1,6475.0,1,7115.0,1,0.0,1,0.0
75,2013-06-20,5703.0,636.0,1.0,1.0,0,0.0,4.0,0.17689027,-0.9842306,1.2246469e-16,-1.0,2,0,0,1,5475.0,1,5468.0,1,0.0,1,5405.0,1,5761.0,1,5766.0,1,6249.0,1,7184.0
75,2013-06-21,6680.0,709.0,1.0,1.0,0,0.0,5.0,0.17689027,-0.9842306,1.2246469e-16,-1.0,2,0,0,1,5703.0,1,5475.0,1,7297.0,1,4976.0,1,0.0,1,5077.0,1,5019.0,1,7700.0
75,2013-06-22,5271.0,620.0,1.0,0.0,0,0.0,6.0,0.17689027,-0.9842306,1.2246469e-16,-1.0,2,0,0,1,6680.0,1,5703.0,1,5468.0,1,5937.0,1,5471.0,1,4727.0,1,6112.0,1,0.0
75,2013-06-23,0.0,0.0,0.0,0.0,0,0.0,7.0,0.17689027,-0.9842306,1.2246469e-16,-1.0,2,0,0,1,5271.0,1,6680.0,1,5475.0,1,5781.0,1,4735.0,1,6475.0,1,6208.0,1,7131.0
75,2013-06-24,5239.0,598.0,1.0,0.0,0,1.0,1.0,0.059240628,-0.99824375,1.2246469e-16,-1.0,2,0,0,1,0.0,1,5271.0,1,5703.0,1,0.0,1,5405.0,1,5761.0,1,7248.0,1,6659.0
75,2013-06-25,4908.0,515.0,1.0,0.0,0,1.0,2.0,0.059240628,-0.99824375,1.2246469e-16,-1.0,2,0,0,1,5239.0,1,0.0,1,6680.0,1,7297.0,1,4976.0,1,0.0,1,6010.0,1,5680.0
75,2013-06-26,3948.0,517.0,1.0,0.0,0,1.0,3.0,0.059240628,-0.99824375,1.2246469e-16,-1.0,2,0,0,1,4908.0,1,5239.0,1,5271.0,1,5468.0,1,5937.0,1,5471.0,1,0.0,1,0.0
75,2013-06-27,5472.0,604.0,1.0,0.0,0,1.0,4.0,0.059240628,-0.99824375,1.2246469e-16,-1.0,2,0,0,1,3948.0,1,4908.0,1,0.0,1,5475.0,1,5781.0,1,4735.0,1,7115.0,1,5461.0
75,2013-06-28,6493.0,668.0,1.0,0.0,0,1.0,5.0,0.059240628,-0.99824375,1.2246469e-16,-1.0,2,0,0,1,5472.0,1,3948.0,1,5239.0,1,5703.0,1,0.0,1,5405.0,1,5766.0,1,4517.0
75,2013-06-29,5594.0,627.0,1.0,0.0,0,0.0,6.0,0.059240628,-0.99824375,1.2246469e-16,-1.0,2,0,0,1,6493.0,1,5472.0,1,4908.0,1,6680.0,1,7297.0,1,4976.0,1,5077.0,1,7479.0
75,2013-06-30,0.0,0.0,0.0,0.0,0,0.0,7.0,0.059240628,-0.99824375,1.2246469e-16,-1.0,2,0,1,1,5594.0,1,6493.0,1,3948.0,1,5271.0,1,5468.0,1,5937.0,1,4727.0,1,0.0
75,2013-07-01,8333.0,791.0,1.0,1.0,0,1.0,1.0,-0.059240628,-0.99824375,-0.5,-0.8660254,3,1,0,1,0.0,1,5594.0,1,5472.0,1,0.0,1,5475.0,1,5781.0,1,6475.0,1,7046.0
75,2013-07-02,5454.0,592.0,1.0,1.0,0,1.0,2.0,-0.059240628,-0.99824375,-0.5,-0.8660254,3,0,0,1,8333.0,1,0.0,1,6493.0,1,5239.0,1,5703.0,1,0.0,1,5761.0,1,6265.0
75,2013-07-03,6179.0,642.0,1.0,1.0,0,1.0,3.0,-0.059240628,-0.99824375,-0.5,-0.8660254,3,0,0,1,5454.0,1,8333.0,1,5594.0,1,4908.0,1,6680.0,1,7297.0,1,0.0,1,0.0
75,2013-07-04,5609.0,637.0,1.0,1.0,0,1.0,4.0,-0.059240628,-0.99824375,-0.5,-0.8660254,3,0,0,1,6179.0,1,5454.0,1,0.0,1,3948.0,1,5271.0,1,5468.0,1,5471.0,1,6786.0
75,2013-07-05,7066.0,740.0,1.0,1.0,0,1.0,5.0,-0.059240628,-0.99824375,-0.5,-0.8660254,3,0,0,1,5609.0,1,6179.0,1,8333.0,1,5472.0,1,0.0,1,5475.0,1,4735.0,1,5247.0
75,2013-07-06,5432.0,615.0,1.0,0.0,0,0.0,6.0,-0.059240628,-0.99824375,-0.5,-0.8660254,3,0,0,1,7066.0,1,5609.0,1,5454.0,1,6493.0,1,5239.0,1,5703.0,1,5405.0,1,5643.0
75,2013-07-07,0.0,0.0,0.0,0.0,0,0.0,7.0,-0.059240628,-0.99824375,-0.5,-0.8660254,3,0,0,1,5432.0,1,7066.0,1,6179.0,1,5594.0,1,4908.0,1,6680.0,1,4976.0,1,5429.0
75,2013-07-08,5584.0,609.0,1.0,0.0,0,1.0,1.0,-0.17689027,-0.9842306,-0.5,-0.8660254,3,0,0,1,0.0,1,5432.0,1,5609.0,1,0.0,1,3948.0,1,5271.0,1,5937.0,1,6351.0
75,2013-07-09,4487.0,507.0,1.0,0.0,0,1.0,2.0,-0.17689027,-0.9842306,-0.5,-0.8660254,3,0,0,1,5584.0,1,0.0,1,7066.0,1,8333.0,1,5472.0,1,0.0,1,5781.0,1,6519.0
75,2013-07-10,5281.0,578.0,1.0,0.0,0,1.0,3.0,-0.17689027,-0.9842306,-0.5,-0.8660254,3,0,0,1,4487.0,1,5584.0,1,5432.0,1,5454.0,1,6493.0,1,5239.0,1,0.0,1,0.0
75,2013-07-11,5245.0,598.0,1.0,0.0,0,1.0,4.0,-0.17689027,-0.9842306,-0.5,-0.8660254,3,0,0,1,5281.0,1,4487.0,1,0.0,1,6179.0,1,5594.0,1,4908.0,1,7297.0,1,0.0
75,2013-07-12,5888.0,662.0,1.0,0.0,0,1.0,5.0,-0.17689027,-0.9842306,-0.5,-0.8660254,3,0,0,1,5245.0,1,5281.0,1,5584.0,1,5609.0,1,0.0,1,3948.0,1,5468.0,1,5950.0
75,2013-07-13,5928.0,664.0,1.0,0.0,0,0.0,6.0,-0.17689027,-0.9842306,-0.5,-0.8660254,3,0,0,1,5888.0,1,5245.0,1,4487.0,1,7066.0,1,8333.0,1,5472.0,1,5475.0,1,4880.0
75,2013-07-14,0.0,0.0,0.0,0.0,0,0.0,7.0,-0.17689027,-0.9842306,-0.5,-0.8660254,3,0,0,1,5928.0,1,5888.0,1,5281.0,1,5432.0,1,5454.0,1,6493.0,1,5703.0,1,4294.0
75,2013-07-15,8036.0,794.0,1.0,1.0,0,1.0,1.0,-0.29205677,-0.956401,-0.5,-0.8660254,3,0,0,1,0.0,1,5928.0,1,5245.0,1,0.0,1,6179.0,1,5594.0,1,6680.0,1,4857.0
75,2013-07-16,6116.0,651.0,1.0,1.0,0,1.0,2.0,-0.29205677,-0.956401,-0.5,-0.8660254,3,0,0,1,8036.0,1,0.0,1,5888.0,1,5584.0,1,5609.0,1,0.0,1,5271.0,1,5374.0
75,2013-07-17,5746.0,599.0,1.0,1.0,0,1.0,3.0,-0.29205677,-0.956401,-0.5,-0.8660254,3,0,0,1,6116.0,1,8036.0,1,5928.0,1,4487.0,1,7066.0,1,8333.0,1,0.0,1,0.0
75,2013-07-18,6023.0,646.0,1.0,1.0,0,1.0,4.0,-0.29205677,-0.956401,-0.5,-0.8660254,3,0,0,1,5746.0,1,6116.0,1,0.0,1,5281.0,1,5432.0,1,5454.0,1,5239.0,1,6249.0
75,2013-07-19,6977.0,715.0,1.0,1.0,0,1.0,5.0,-0.29205677,-0.956401,-0.5,-0.8660254,3,0,0,1,6023.0,1,5746.0,1,8036.0,1,5245.0,1,0.0,1,6179.0,1,4908.0,1,5019.0
75,2013-07-20,5593.0,625.0,1.0,0.0,0,0.0,6.0,-0.29205677,-0.956401,-0.5,-0.8660254,3,0,0,1,6977.0,1,6023.0,1,6116.0,1,5888.0,1,5584.0,1,5609.0,1,3948.0,1,6112.0
75,2013-07-21,0.0,0.0,0.0,0.0,0,0.0,7.0,-0.29205677,-0.956401,-0.5,-0.8660254,3,0,0,1,5593.0,1,6977.0,1,5746.0,1,5928.0,1,4487.0,1,7066.0,1,5472.0,1,6208.0
75,2013-07-22,6061.0,651.0,1.0,0.0,0,1.0,1.0,-0.40312344,-0.91514564,-0.5,-0.8660254,3,0,0,1,0.0,1,5593.0,1,6023.0,1,0.0,1,5281.0,1,5432.0,1,6493.0,1,7248.0
75,2013-07-23,4964.0,564.0,1.0,0.0,0,1.0,2.0,-0.40312344,-0.91514564,-0.5,-0.8660254,3,0,0,1,6061.0,1,0.0,1,6977.0,1,8036.0,1,5245.0,1,0.0,1,5594.0,1,6010.0
75,2013-07-24,5400.0,587.0,1.0,0.0,0,1.0,3.0,-0.40312344,-0.91514564,-0.5,-0.8660254,3,0,0,1,4964.0,1,6061.0,1,5593.0,1,6116.0,1,5888.0,1,5584.0,1,0.0,1,0.0
75,2013-07-25,5584.0,642.0,1.0,0.0,0,1.0,4.0,-0.40312344,-0.91514564,-0.5,-0.8660254,3,0,0,1,5400.0,1,4964.0,1,0.0,1,5746.0,1,5928.0,1,4487.0,1,8333.0,1,7115.0
75,2013-07-26,5786.0,638.0,1.0,0.0,0,1.0,5.0,-0.40312344,-0.91514564,-0.5,-0.8660254,3,0,0,1,5584.0,1,5400.0,1,6061.0,1,6023.0,1,0.0,1,5281.0,1,5454.0,1,5766.0
75,2013-07-27,5451.0,630.0,1.0,0.0,0,0.0,6.0,-0.40312344,-0.91514564,-0.5,-0.8660254,3,0,0,1,5786.0,1,5584.0,1,4964.0,1,6977.0,1,8036.0,1,5245.0,1,6179.0,1,5077.0
75,2013-07-28,0.0,0.0,0.0,0.0,0,0.0,7.0,-0.40312344,-0.91514564,-0.5,-0.8660254,3,0,0,1,5451.0,1,5786.0,1,5400.0,1,5593.0,1,6116.0,1,5888.0,1,5609.0,1,4727.0
75,2013-07-29,7468.0,773.0,1.0,1.0,0,1.0,1.0,-0.5085311,-0.86104363,-0.5,-0.8660254,3,0,0,1,0.0,1,5451.0,1,5584.0,1,0.0,1,5746.0,1,5928.0,1,7066.0,1,6475.0
75,2013-07-30,7657.0,710.0,1.0,1.0,0,1.0,2.0,-0.5085311,-0.86104363,-0.5,-0.8660254,3,0,0,1,7468.0,1,0.0,1,5786.0,1,6061.0,1,6023.0,1,0.0,1,5432.0,1,5761.0
75,2013-07-31,8600.0,763.0,1.0,1.0,0,1.0,3.0,-0.5085311,-0.86104363,-0.5,-0.8660254,3,0,1,1,7657.0,1,7468.0,1,5451.0,1,4964.0,1,6977.0,1,8036.0,1,0.0,1,0.0
75,2013-08-01,8678.0,807.0,1.0,1.0,0,1.0,4.0,-0.5085311,-0.86104363,-0.8660254,-0.5,3,1,0,1,8600.0,1,7657.0,1,0.0,1,5400.0,1,5593.0,1,6116.0,1,5584.0,1,5471.0
75,2013-08-02,8580.0,768.0,1.0,1.0,0,1.0,5.0,-0.5085311,-0.86104363,-0.8660254,-0.5,3,0,0,1,8678.0,1,8600.0,1,7468.0,1,5584.0,1,0.0,1,5746.0,1,4487.0,1,4735.0
75,2013-08-03,7823.0,801.0,1.0,0.0,0,0.0,6.0,-0.5085311,-0.86104363,-0.8660254,-0.5,3,0,0,1,8580.0,1,8678.0,1,7657.0,1,5786.0,1,6061.0,1,6023.0,1,5281.0,1,5405.0
75,2013-08-04,0.0,0.0,0.0,0.0,0,0.0,7.0,-0.5085311,-0.86104363,-0.8660254,-0.5,3,0,0,1,7823.0,1,8580.0,1,8600.0,1,5451.0,1,4964.0,1,6977.0,1,5245.0,1,4976.0
75,2013-08-05,8722.0,869.0,1.0,0.0,0,0.0,1.0,-0.60680014,-0.79485446,-0.8660254,-0.5,3,0,0,1,0.0,1,7823.0,1,8678.0,1,0.0,1,5400.0,1,5593.0,1,5888.0,1,5937.0
75,2013-08-06,7787.0,774.0,1.0,0.0,0,0.0,2.0,-0.60680014,-0.79485446,-0.8660254,-0.5,3,0,0,1,8722.0,1,0.0,1,8580.0,1,7468.0,1,5584.0,1,0.0,1,5928.0,1,5781.0
75,2013-08-07,6094.0,693.0,1.0,0.0,0,0.0,3.0,-0.60680014,-0.79485446,-0.8660254,-0.5,3,0,0,1,7787.0,1,8722.0,1,7823.0,1,7657.0,1,5786.0,1,6061.0,1,0.0,1,0.0
75,2013-08-08,6321.0,770.0,1.0,0.0,0,0.0,4.0,-0.60680014,-0.79485446,-0.8660254,-0.5,3,0,0,1,6094.0,1,7787.0,1,0.0,1,8600.0,1,5451.0,1,4964.0,1,8036.0,1,7297.0
75,2013-08-09,6297.0,700.0,1.0,0.0,0,0.0,5.0,-0.60680014,-0.79485446,-0.8660254,-0.5,3,0,0,1,6321.0,1,6094.0,1,8722.0,1,8678.0,1,0.0,1,5400.0,1,6116.0,1,5468.0
75,2013-08-10,6153.0,724.0,1.0,0.0,0,0.0,6.0,-0.60680014,-0.79485446,-0.8660254,-0.5,3,0,0,1,6297.0,1,6321.0,1,7787.0,1,8580.0,1,7468.0,1,5584.0,1,5746.0,1,5475.0
75,2013-08-11,0.0,0.0,0.0,0.0,0,0.0,7.0,-0.60680014,-0.79485446,-0.8660254,-0.5,3,0,0,1,6153.0,1,6297.0,1,6094.0,1,7823.0,1,7657.0,1,5786.0,1,6023.0,1,5703.0
75,2013-08-12,8803.0,893.0,1.0,1.0,0,0.0,1.0,-0.696551,-0.71750724,-0.8660254,-0.5,3,0,0,1,0.0,1,6153.0,1,6321.0,1,0.0,1,8600.0,1,5451.0,1,6977.0,1,6680.0
75,2013-08-13,6613.0,740.0,1.0,1.0,0,0.0,2.0,-0.696551,-0.71750724,-0.8660254,-0.5,3,0,0,1,8803.0,1,0.0,1,6297.0,1,8722.0,1,8678.0,1,0.0,1,5593.0,1,5271.0
75,2013-08-14,6090.0,687.0,1.0,1.0,0,0.0,3.0,-0.696551,-0.71750724,-0.8660254,-0.5,3,0,0,1,6613.0,1,8803.0,1,6153.0,1,7787.0,1,8580.0,1,7468.0,1,0.0,1,0.0
75,2013-08-15,6475.0,733.0,1.0,1.0,0,0.0,4.0,-0.696551,-0.71750724,-0.8660254,-0.5,3,0,0,1,6090.0,1,6613.0,1,0.0,1,6094.0,1,7823.0,1,7657.0,1,6061.0,1,5239.0
75,2013-08-16,6519.0,737.0,1.0,1.0,0,0.0,5.0,-0.696551,-0.71750724,-0.8660254,-0.5,3,0,0,1,6475.0,1,6090.0,1,8803.0,1,6321.0,1,0.0,1,8600.0,1,4964.0,1,4908.0
75,2013-08-17,5705.0,675.0,1.0,0.0,0,0.0,6.0,-0.696551,-0.71750724,-0.8660254,-0.5,3,0,0,1,6519.0,1,6475.0,1,6613.0,1,6297.0,1,8722.0,1,8678.0,1,5400.0,1,3948.0
75,2013-08-18,0.0,0.0,0.0,0.0,0,0.0,7.0,-0.696551,-0.71750724,-0.8660254,-0.5,3,0,0,1,5705.0,1,6519.0,1,6090.0,1,6153.0,1,7787.0,1,8580.0,1,5584.0,1,5472.0
75,2013-08-19,5643.0,671.0,1.0,0.0,0,0.0,1.0,-0.7765239,-0.63008785,-0.8660254,-0.5,3,0,0,1,0.0,1,5705.0,1,6475.0,1,0.0,1,6094.0,1,7823.0,1,5786.0,1,6493.0
75,2013-08-20,4826.0,574.0,1.0,0.0,0,0.0,2.0,-0.7765239,-0.63008785,-0.8660254,-0.5,3,0,0,1,5643.0,1,0.0,1,6519.0,1,8803.0,1,6321.0,1,0.0,1,5451.0,1,5594.0
75,2013-08-21,4497.0,565.0,1.0,0.0,0,0.0,3.0,-0.7765239,-0.63008785,-0.8660254,-0.5,3,0,0,1,4826.0,1,5643.0,1,5705.0,1,6613.0,1,6297.0,1,8722.0,1,0.0,1,0.0
75,2013-08-22,4735.0,561.0,1.0,0.0,0,0.0,4.0,-0.7765239,-0.63008785,-0.8660254,-0.5,3,0,0,1,4497.0,1,4826.0,1,0.0,1,6090.0,1,6153.0,1,7787.0,1,7468.0,1,8333.0
75,2013-08-23,5742.0,671.0,1.0,0.0,0,0.0,5.0,-0.7765239,-0.63008785,-0.8660254,-0.5,3,0,0,1,4735.0,1,4497.0,1,5643.0,1,6475.0,1,0.0,1,6094.0,1,7657.0,1,5454.0
75,2013-08-24,5469.0,616.0,1.0,0.0,0,0.0,6.0,-0.7765239,-0.63008785,-0.8660254,-0.5,3,0,0,1,5742.0,1,4735.0,1,4826.0,1,6519.0,1,8803.0,1,6321.0,1,8600.0,1,6179.0
75,2013-08-25,0.0,0.0,0.0,0.0,0,0.0,7.0,-0.7765239,-0.63008785,-0.8660254,-0.5,3,0,0,1,5469.0,1,5742.0,1,4497.0,1,5705.0,1,6613.0,1,6297.0,1,8678.0,1,5609.0
75,2013-08-26,7335.0,718.0,1.0,1.0,0,0.0,1.0,-0.845596,-0.5338234,-0.8660254,-0.5,3,0,0,1,0.0,1,5469.0,1,4735.0,1,0.0,1,6090.0,1,6153.0,1,8580.0,1,7066.0
75,2013-08-27,5564.0,575.0,1.0,1.0,0,0.0,2.0,-0.845596,-0.5338234,-0.8660254,-0.5,3,0,0,1,7335.0,1,0.0,1,5742.0,1,5643.0,1,6475.0,1,0.0,1,7823.0,1,5432.0
75,2013-08-28,5628.0,566.0,1.0,1.0,0,0.0,3.0,-0.845596,-0.5338234,-0.8660254,-0.5,3,0,0,1,5564.0,1,7335.0,1,5469.0,1,4826.0,1,6519.0,1,8803.0,1,0.0,1,0.0
75,2013-08-29,6620.0,660.0,1.0,1.0,0,0.0,4.0,-0.845596,-0.5338234,-0.8660254,-0.5,3,0,0,1,5628.0,1,5564.0,1,0.0,1,4497.0,1,5705.0,1,6613.0,1,8722.0,1,5584.0
75,2013-08-30,7023.0,754.0,1.0,1.0,0,0.0,5.0,-0.845596,-0.5338234,-0.8660254,-0.5,3,0,0,1,6620.0,1,5628.0,1,7335.0,1,4735.0,1,0.0,1,6090.0,1,7787.0,1,4487.0
75,2013-08-31,6148.0,715.0,1.0,0.0,0,0.0,6.0,-0.845596,-0.5338234,-0.8660254,-0.5,3,0,1,1,7023.0,1,6620.0,1,5564.0,1,5742.0,1,5643.0,1,6475.0,1,6094.0,1,5281.0
75,2013-09-01,0.0,0.0,0.0,0.0,0,0.0,7.0,-0.845596,-0.5338234,-1.0,-1.8369701e-16,3,1,0,1,6148.0,1,7023.0,1,5628.0,1,5469.0,1,4826.0,1,6519.0,1,6321.0,1,5245.0
75,2013-09-02,5661.0,646.0,1.0,0.0,0,0.0,1.0,-0.9027978,-0.4300652,-1.0,-1.8369701e-16,3,0,0,1,0.0,1,6148.0,1,6620.0,1,0.0,1,4497.0,1,5705.0,1,6297.0,1,5888.0
75,2013-09-03,5397.0,614.0,1.0,0.0,0,0.0,2.0,-0.9027978,-0.4300652,-1.0,-1.8369701e-16,3,0,0,1,5661.0,1,0.0,1,7023.0,1,7335.0,1,4735.0,1,0.0,1,6153.0,1,5928.0
75,2013-09-04,4604.0,565.0,1.0,0.0,0,0.0,3.0,-0.9027978,-0.4300652,-1.0,-1.8369701e-16,3,0,0,1,5397.0,1,5661.0,1,6148.0,1,5564.0,1,5742.0,1,5643.0,1,0.0,1,0.0
75,2013-09-05,4178.0,527.0,1.0,0.0,0,0.0,4.0,-0.9027978,-0.4300652,-1.0,-1.8369701e-16,3,0,0,1,4604.0,1,5397.0,1,0.0,1,5628.0,1,5469.0,1,4826.0,1,8803.0,1,8036.0
75,2013-09-06,5001.0,586.0,1.0,0.0,0,0.0,5.0,-0.9027978,-0.4300652,-1.0,-1.8369701e-16,3,0,0,1,4178.0,1,4604.0,1,5661.0,1,6620.0,1,0.0,1,4497.0,1,6613.0,1,6116.0
75,2013-09-07,5842.0,657.0,1.0,0.0,0,0.0,6.0,-0.9027978,-0.4300652,-1.0,-1.8369701e-16,3,0,0,1,5001.0,1,4178.0,1,5397.0,1,7023.0,1,7335.0,1,4735.0,1,6090.0,1,5746.0
75,2013-09-08,0.0,0.0,0.0,0.0,0,0.0,7.0,-0.9027978,-0.4300652,-1.0,-1.8369701e-16,3,0,0,1,5842.0,1,5001.0,1,4604.0,1,6148.0,1,5564.0,1,5742.0,1,6475.0,1,6023.0
75,2013-09-09,6999.0,662.0,1.0,1.0,0,0.0,1.0,-0.94732636,-0.32026985,-1.0,-1.8369701e-16,3,0,0,1,0.0,1,5842.0,1,4178.0,1,0.0,1,5628.0,1,5469.0,1,6519.0,1,6977.0
75,2013-09-10,5964.0,638.0,1.0,1.0,0,0.0,2.0,-0.94732636,-0.32026985,-1.0,-1.8369701e-16,3,0,0,1,6999.0,1,0.0,1,5001.0,1,5661.0,1,6620.0,1,0.0,1,5705.0,1,5593.0
75,2013-09-11,5051.0,550.0,1.0,1.0,0,0.0,3.0,-0.94732636,-0.32026985,-1.0,-1.8369701e-16,3,0,0,1,5964.0,1,6999.0,1,5842.0,1,5397.0,1,7023.0,1,7335.0,1,0.0,1,0.0
75,2013-09-12,6065.0,642.0,1.0,1.0,0,0.0,4.0,-0.94732636,-0.32026985,-1.0,-1.8369701e-16,3,0,0,1,5051.0,1,5964.0,1,0.0,1,4604.0,1,6148.0,1,5564.0,1,5643.0,1,6061.0
75,2013-09-13,5885.0,668.0,1.0,1.0,0,0.0,5.0,-0.94732636,-0.32026985,-1.0,-1.8369701e-16,3,0,0,1,6065.0,1,5051.0,1,6999.0,1,4178.0,1,0.0,1,5628.0,1,4826.0,1,4964.0
75,2013-09-14,4963.0,576.0,1.0,0.0,0,0.0,6.0,-0.94732636,-0.32026985,-1.0,-1.8369701e-16,3,0,0,1,5885.0,1,6065.0,1,5964.0,1,5001.0,1,5661.0,1,6620.0,1,4497.0,1,5400.0
75,2013-09-15,0.0,0.0,0.0,0.0,0,0.0,7.0,-0.94732636,-0.32026985,-1.0,-1.8369701e-16,3,0,0,1,4963.0,1,5885.0,1,5051.0,1,5842.0,1,5397.0,1,7023.0,1,4735.0,1,5584.0
75,2013-09-16,4843.0,634.0,1.0,0.0,0,0.0,1.0,-0.9785565,-0.20597862,-1.0,-1.8369701e-16,3,0,0,1,0.0,1,4963.0,1,6065.0,1,0.0,1,4604.0,1,6148.0,1,5742.0,1,5786.0
75,2013-09-17,3983.0,488.0,1.0,0.0,0,0.0,2.0,-0.9785565,-0.20597862,-1.0,-1.8369701e-16,3,0,0,1,4843.0,1,0.0,1,5885.0,1,6999.0,1,4178.0,1,0.0,1,5469.0,1,5451.0
75,2013-09-18,4098.0,532.0,1.0,0.0,0,0.0,3.0,-0.9785565,-0.20597862,-1.0,-1.8369701e-16,3,0,0,1,3983.0,1,4843.0,1,4963.0,1,5964.0,1,5001.0,1,5661.0,1,0.0,1,0.0
75,2013-09-19,4318.0,533.0,1.0,0.0,0,0.0,4.0,-0.9785565,-0.20597862,-1.0,-1.8369701e-16,3,0,0,1,4098.0,1,3983.0,1,0.0,1,5051.0,1,5842.0,1,5397.0,1,7335.0,1,7468.0
75,2013-09-20,5276.0,622.0,1.0,0.0,0,0.0,5.0,-0.9785565,-0.20597862,-1.0,-1.8369701e-16,3,0,0,1,4318.0,1,4098.0,1,4843.0,1,6065.0,1,0.0,1,4604.0,1,5564.0,1,7657.0
75,2013-09-21,5103.0,583.0,1.0,0.0,0,0.0,6.0,-0.9785565,-0.20597862,-1.0,-1.8369701e-16,3,0,0,1,5276.0,1,4318.0,1,3983.0,1,5885.0,1,6999.0,1,4178.0,1,5628.0,1,8600.0
75,2013-09-22,0.0,0.0,0.0,0.0,0,0.0,7.0,-0.9785565,-0.20597862,-1.0,-1.8369701e-16,3,0,0,1,5103.0,1,5276.0,1,4098.0,1,4963.0,1,5964.0,1,5001.0,1,6620.0,1,8678.0
75,2013-09-23,5945.0,647.0,1.0,1.0,0,0.0,1.0,-0.9960498,-0.08879589,-1.0,-1.8369701e-16,3,0,0,1,0.0,1,5103.0,1,4318.0,1,0.0,1,5051.0,1,5842.0,1,7023.0,1,8580.0
75,2013-09-24,5179.0,577.0,1.0,1.0,0,0.0,2.0,-0.9960498,-0.08879589,-1.0,-1.8369701e-16,3,0,0,1,5945.0,1,0.0,1,5276.0,1,4843.0,1,6065.0,1,0.0,1,6148.0,1,7823.0
75,2013-09-25,4614.0,539.0,1.0,1.0,0,0.0,3.0,-0.9960498,-0.08879589,-1.0,-1.8369701e-16,3,0,0,1,5179.0,1,5945.0,1,5103.0,1,3983.0,1,5885.0,1,6999.0,1,0.0,1,0.0
75,2013-09-26,4594.0,559.0,1.0,1.0,0,0.0,4.0,-0.9960498,-0.08879589,-1.0,-1.8369701e-16,3,0,0,1,4614.0,1,5179.0,1,0.0,1,4098.0,1,4963.0,1,5964.0,1,5661.0,1,8722.0
75,2013-09-27,6921.0,685.0,1.0,1.0,0,0.0,5.0,-0.9960498,-0.08879589,-1.0,-1.8369701e-16,3,0,0,1,4594.0,1,4614.0,1,5945.0,1,4318.0,1,0.0,1,5051.0,1,5397.0,1,7787.0
75,2013-09-28,5067.0,588.0,1.0,0.0,0,0.0,6.0,-0.9960498,-0.08879589,-1.0,-1.8369701e-16,3,0,0,1,6921.0,1,4594.0,1,5179.0,1,5276.0,1,4843.0,1,6065.0,1,4604.0,1,6094.0
75,2013-09-29,0.0,0.0,0.0,0.0,0,0.0,7.0,-0.9960498,-0.08879589,-1.0,-1.8369701e-16,3,0,0,1,5067.0,1,6921.0,1,4614.0,1,5103.0,1,3983.0,1,5885.0,1,4178.0,1,6321.0
75,2013-09-30,5402.0,613.0,1.0,0.0,0,0.0,1.0,-0.99956083,0.029633328,-1.0,-1.8369701e-16,3,0,1,1,0.0,1,5067.0,1,4594.0,1,0.0,1,4098.0,1,4963.0,1,5001.0,1,6297.0
75,2013-10-01,5371.0,601.0,1.0,0.0,0,0.0,2.0,-0.99956083,0.029633328,-0.8660254,0.5,4,1,0,1,5402.0,1,0.0,1,6921.0,1,5945.0,1,4318.0,1,0.0,1,5842.0,1,6153.0
75,2013-10-02,7027.0,953.0,1.0,0.0,0,0.0,3.0,-0.99956083,0.029633328,-0.8660254,0.5,4,0,0,1,5371.0,1,5402.0,1,5067.0,1,5179.0,1,5276.0,1,4843.0,1,0.0,1,0.0
75,2013-10-03,0.0,0.0,0.0,0.0,1,0.0,4.0,-0.99956083,0.029633328,-0.8660254,0.5,4,0,0,1,7027.0,1,5371.0,1,0.0,1,4614.0,1,5103.0,1,3983.0,1,6999.0,1,8803.0
75,2013-10-04,6951.0,749.0,1.0,0.0,0,1.0,5.0,-0.99956083,0.029633328,-0.8660254,0.5,4,0,0,1,0.0,1,7027.0,1,5402.0,1,4594.0,1,0.0,1,4098.0,1,5964.0,1,6613.0
75,2013-10-05,4956.0,589.0,1.0,0.0,0,0.0,6.0,-0.99956083,0.029633328,-0.8660254,0.5,4,0,0,1,6951.0,1,0.0,1,5371.0,1,6921.0,1,5945.0,1,4318.0,1,5051.0,1,6090.0
75,2013-10-06,0.0,0.0,0.0,0.0,0,0.0,7.0,-0.99956083,0.029633328,-0.8660254,0.5,4,0,0,1,4956.0,1,6951.0,1,7027.0,1,5067.0,1,5179.0,1,5276.0,1,6065.0,1,6475.0
75,2013-10-07,6848.0,684.0,1.0,1.0,0,1.0,1.0,-0.9890402,0.14764656,-0.8660254,0.5,4,0,0,1,0.0,1,4956.0,1,0.0,1,0.0,1,4614.0,1,5103.0,1,5885.0,1,6519.0
75,2013-10-08,5455.0,562.0,1.0,1.0,0,1.0,2.0,-0.9890402,0.14764656,-0.8660254,0.5,4,0,0,1,6848.0,1,0.0,1,6951.0,1,5402.0,1,4594.0,1,0.0,1,4963.0,1,5705.0
75,2013-10-09,5191.0,527.0,1.0,1.0,0,1.0,3.0,-0.9890402,0.14764656,-0.8660254,0.5,4,0,0,1,5455.0,1,6848.0,1,4956.0,1,5371.0,1,6921.0,1,5945.0,1,0.0,1,0.0
75,2013-10-10,5925.0,604.0,1.0,1.0,0,1.0,4.0,-0.9890402,0.14764656,-0.8660254,0.5,4,0,0,1,5191.0,1,5455.0,1,0.0,1,7027.0,1,5067.0,1,5179.0,1,4843.0,1,5643.0
75,2013-10-11,5837.0,635.0,1.0,1.0,0,1.0,5.0,-0.9890402,0.14764656,-0.8660254,0.5,4,0,0,1,5925.0,1,5191.0,1,6848.0,1,0.0,1,0.0,1,4614.0,1,3983.0,1,4826.0
75,2013-10-12,5128.0,569.0,1.0,0.0,0,0.0,6.0,-0.9890402,0.14764656,-0.8660254,0.5,4,0,0,1,5837.0,1,5925.0,1,5455.0,1,6951.0,1,5402.0,1,4594.0,1,4098.0,1,4497.0
75,2013-10-13,0.0,0.0,0.0,0.0,0,0.0,7.0,-0.9890402,0.14764656,-0.8660254,0.5,4,0,0,1,5128.0,1,5837.0,1,5191.0,1,4956.0,1,5371.0,1,6921.0,1,4318.0,1,4735.0
75,2013-10-14,5171.0,561.0,1.0,0.0,0,1.0,1.0,-0.9646356,0.26358718,-0.8660254,0.5,4,0,0,1,0.0,1,5128.0,1,5925.0,1,0.0,1,7027.0,1,5067.0,1,5276.0,1,5742.0
75,2013-10-15,4600.0,492.0,1.0,0.0,0,1.0,2.0,-0.9646356,0.26358718,-0.8660254,0.5,4,0,0,1,5171.0,1,0.0,1,5837.0,1,6848.0,1,0.0,1,0.0,1,5103.0,1,5469.0
75,2013-10-16,4097.0,479.0,1.0,0.0,0,1.0,3.0,-0.9646356,0.26358718,-0.8660254,0.5,4,0,0,1,4600.0,1,5171.0,1,5128.0,1,5455.0,1,6951.0,1,5402.0,1,0.0,1,0.0
75,2013-10-17,4150.0,481.0,1.0,0.0,0,1.0,4.0,-0.9646356,0.26358718,-0.8660254,0.5,4,0,0,1,4097.0,1,4600.0,1,0.0,1,5191.0,1,4956.0,1,5371.0,1,5945.0,1,7335.0
75,2013-10-18,4941.0,585.0,1.0,0.0,0,1.0,5.0,-0.9646356,0.26358718,-0.8660254,0.5,4,0,0,1,4150.0,1,4097.0,1,5171.0,1,5925.0,1,0.0,1,7027.0,1,5179.0,1,5564.0
75,2013-10-19,5082.0,604.0,1.0,0.0,0,0.0,6.0,-0.9646356,0.26358718,-0.8660254,0.5,4,0,0,1,4941.0,1,4150.0,1,4600.0,1,5837.0,1,6848.0,1,0.0,1,4614.0,1,5628.0
75,2013-10-20,0.0,0.0,0.0,0.0,0,0.0,7.0,-0.9646356,0.26358718,-0.8660254,0.5,4,0,0,1,5082.0,1,4941.0,1,4097.0,1,5128.0,1,5455.0,1,6951.0,1,4594.0,1,6620.0
75,2013-10-21,6829.0,717.0,1.0,1.0,0,0.0,1.0,-0.9266896,0.37582758,-0.8660254,0.5,4,0,0,1,0.0,1,5082.0,1,4150.0,1,0.0,1,5191.0,1,4956.0,1,6921.0,1,7023.0
75,2013-10-22,5180.0,582.0,1.0,1.0,0,0.0,2.0,-0.9266896,0.37582758,-0.8660254,0.5,4,0,0,1,6829.0,1,0.0,1,4941.0,1,5171.0,1,5925.0,1,0.0,1,5067.0,1,6148.0
75,2013-10-23,4932.0,575.0,1.0,1.0,0,0.0,3.0,-0.9266896,0.37582758,-0.8660254,0.5,4,0,0,1,5180.0,1,6829.0,1,5082.0,1,4600.0,1,5837.0,1,6848.0,1,0.0,1,0.0
75,2013-10-24,5055.0,593.0,1.0,1.0,0,0.0,4.0,-0.9266896,0.37582758,-0.8660254,0.5,4,0,0,1,4932.0,1,5180.0,1,0.0,1,4097.0,1,5128.0,1,5455.0,1,5402.0,1,5661.0
75,2013-10-25,6055.0,669.0,1.0,1.0,0,0.0,5.0,-0.9266896,0.37582758,-0.8660254,0.5,4,0,0,1,5055.0,1,4932.0,1,6829.0,1,4150.0,1,0.0,1,5191.0,1,5371.0,1,5397.0
75,2013-10-26,4638.0,550.0,1.0,0.0,0,0.0,6.0,-0.9266896,0.37582758,-0.8660254,0.5,4,0,0,1,6055.0,1,5055.0,1,5180.0,1,4941.0,1,5171.0,1,5925.0,1,7027.0,1,4604.0
75,2013-10-27,0.0,0.0,0.0,0.0,0,0.0,7.0,-0.9266896,0.37582758,-0.8660254,0.5,4,0,0,1,4638.0,1,6055.0,1,4932.0,1,5082.0,1,4600.0,1,5837.0,1,0.0,1,4178.0
75,2013-10-28,2806.0,341.0,1.0,0.0,0,0.0,1.0,-0.8757349,0.4827922,-0.8660254,0.5,4,0,0,1,0.0,1,4638.0,1,5055.0,1,0.0,1,4097.0,1,5128.0,1,6951.0,1,5001.0
75,2013-10-29,4312.0,475.0,1.0,0.0,0,0.0,2.0,-0.8757349,0.4827922,-0.8660254,0.5,4,0,0,1,2806.0,1,0.0,1,6055.0,1,6829.0,1,4150.0,1,0.0,1,4956.0,1,5842.0
75,2013-10-30,6010.0,641.0,1.0,0.0,0,0.0,3.0,-0.8757349,0.4827922,-0.8660254,0.5,4,0,0,1,4312.0,1,2806.0,1,4638.0,1,5180.0,1,4941.0,1,5171.0,1,0.0,1,0.0
75,2013-10-31,6194.0,647.0,1.0,0.0,0,0.0,4.0,-0.8757349,0.4827922,-0.8660254,0.5,4,0,1,1,6010.0,1,4312.0,1,0.0,1,4932.0,1,5082.0,1,4600.0,1,6848.0,1,6999.0
75,2013-11-01,6375.0,706.0,1.0,0.0,0,0.0,5.0,-0.8757349,0.4827922,-0.5,0.8660254,4,1,0,1,6194.0,1,6010.0,1,2806.0,1,5055.0,1,0.0,1,4097.0,1,5455.0,1,5964.0
75,2013-11-02,6407.0,709.0,1.0,0.0,0,0.0,6.0,-0.8757349,0.4827922,-0.5,0.8660254,4,0,0,1,6375.0,1,6194.0,1,4312.0,1,6055.0,1,6829.0,1,4150.0,1,5191.0,1,5051.0
75,2013-11-03,0.0,0.0,0.0,0.0,0,0.0,7.0,-0.8757349,0.4827922,-0.5,0.8660254,4,0,0,1,6407.0,1,6375.0,1,6010.0,1,4638.0,1,5180.0,1,4941.0,1,5925.0,1,6065.0
75,2013-11-04,7512.0,738.0,1.0,1.0,0,0.0,1.0,-0.8124869,0.5829795,-0.5,0.8660254,4,0,0,1,0.0,1,6407.0,1,6194.0,1,0.0,1,4932.0,1,5082.0,1,5837.0,1,5885.0
75,2013-11-05,6122.0,641.0,1.0,1.0,0,0.0,2.0,-0.8124869,0.5829795,-0.5,0.8660254,4,0,0,1,7512.0,1,0.0,1,6375.0,1,2806.0,1,5055.0,1,0.0,1,5128.0,1,4963.0
75,2013-11-06,5334.0,570.0,1.0,1.0,0,0.0,3.0,-0.8124869,0.5829795,-0.5,0.8660254,4,0,0,1,6122.0,1,7512.0,1,6407.0,1,4312.0,1,6055.0,1,6829.0,1,0.0,1,0.0
75,2013-11-07,6182.0,640.0,1.0,1.0,0,0.0,4.0,-0.8124869,0.5829795,-0.5,0.8660254,4,0,0,1,5334.0,1,6122.0,1,0.0,1,6010.0,1,4638.0,1,5180.0,1,5171.0,1,4843.0
75,2013-11-08,6519.0,691.0,1.0,1.0,0,0.0,5.0,-0.8124869,0.5829795,-0.5,0.8660254,4,0,0,1,6182.0,1,5334.0,1,7512.0,1,6194.0,1,0.0,1,4932.0,1,4600.0,1,3983.0
75,2013-11-09,6119.0,654.0,1.0,0.0,0,0.0,6.0,-0.8124869,0.5829795,-0.5,0.8660254,4,0,0,1,6519.0,1,6182.0,1,6122.0,1,6375.0,1,2806.0,1,5055.0,1,4097.0,1,4098.0
75,2013-11-10,0.0,0.0,0.0,0.0,0,0.0,7.0,-0.8124869,0.5829795,-0.5,0.8660254,4,0,0,1,6119.0,1,6519.0,1,5334.0,1,6407.0,1,4312.0,1,6055.0,1,4150.0,1,4318.0
75,2013-11-11,4958.0,598.0,1.0,0.0,0,0.0,1.0,-0.73783326,0.674983,-0.5,0.8660254,4,0,0,1,0.0,1,6119.0,1,6182.0,1,0.0,1,6010.0,1,4638.0,1,4941.0,1,5276.0
75,2013-11-12,4773.0,498.0,1.0,0.0,0,0.0,2.0,-0.73783326,0.674983,-0.5,0.8660254,4,0,0,1,4958.0,1,0.0,1,6519.0,1,7512.0,1,6194.0,1,0.0,1,5082.0,1,5103.0
75,2013-11-13,4404.0,517.0,1.0,0.0,0,0.0,3.0,-0.73783326,0.674983,-0.5,0.8660254,4,0,0,1,4773.0,1,4958.0,1,6119.0,1,6122.0,1,6375.0,1,2806.0,1,0.0,1,0.0
75,2013-11-14,5096.0,578.0,1.0,0.0,0,0.0,4.0,-0.73783326,0.674983,-0.5,0.8660254,4,0,0,1,4404.0,1,4773.0,1,0.0,1,5334.0,1,6407.0,1,4312.0,1,6829.0,1,5945.0
75,2013-11-15,5541.0,625.0,1.0,0.0,0,0.0,5.0,-0.73783326,0.674983,-0.5,0.8660254,4,0,0,1,5096.0,1,4404.0,1,4958.0,1,6182.0,1,0.0,1,6010.0,1,5180.0,1,5179.0
75,2013-11-16,6268.0,651.0,1.0,0.0,0,0.0,6.0,-0.73783326,0.674983,-0.5,0.8660254,4,0,0,1,5541.0,1,5096.0,1,4773.0,1,6519.0,1,7512.0,1,6194.0,1,4932.0,1,4614.0
75,2013-11-17,0.0,0.0,0.0,0.0,0,0.0,7.0,-0.73783326,0.674983,-0.5,0.8660254,4,0,0,1,6268.0,1,5541.0,1,4404.0,1,6119.0,1,6122.0,1,6375.0,1,5055.0,1,4594.0
75,2013-11-18,7384.0,701.0,1.0,1.0,0,0.0,1.0,-0.65282214,0.75751126,-0.5,0.8660254,4,0,0,1,0.0,1,6268.0,1,5096.0,1,0.0,1,5334.0,1,6407.0,1,6055.0,1,6921.0
75,2013-11-19,6290.0,637.0,1.0,1.0,0,0.0,2.0,-0.65282214,0.75751126,-0.5,0.8660254,4,0,0,1,7384.0,1,0.0,1,5541.0,1,4958.0,1,6182.0,1,0.0,1,4638.0,1,5067.0
75,2013-11-20,6014.0,574.0,1.0,1.0,0,0.0,3.0,-0.65282214,0.75751126,-0.5,0.8660254,4,0,0,1,6290.0,1,7384.0,1,6268.0,1,4773.0,1,6519.0,1,7512.0,1,0.0,1,0.0
75,2013-11-21,6163.0,633.0,1.0,1.0,0,0.0,4.0,-0.65282214,0.75751126,-0.5,0.8660254,4,0,0,1,6014.0,1,6290.0,1,0.0,1,4404.0,1,6119.0,1,6122.0,1,2806.0,1,5402.0
75,2013-11-22,6156.0,659.0,1.0,1.0,0,0.0,5.0,-0.65282214,0.75751126,-0.5,0.8660254,4,0,0,1,6163.0,1,6014.0,1,7384.0,1,5096.0,1,0.0,1,5334.0,1,4312.0,1,5371.0
75,2013-11-23,6122.0,657.0,1.0,0.0,0,0.0,6.0,-0.65282214,0.75751126,-0.5,0.8660254,4,0,0,1,6156.0,1,6163.0,1,6290.0,1,5541.0,1,4958.0,1,6182.0,1,6010.0,1,7027.0
75,2013-11-24,0.0,0.0,0.0,0.0,0,0.0,7.0,-0.65282214,0.75751126,-0.5,0.8660254,4,0,0,1,6122.0,1,6156.0,1,6014.0,1,6268.0,1,4773.0,1,6519.0,1,6194.0,1,0.0
75,2013-11-25,6191.0,659.0,1.0,0.0,0,0.0,1.0,-0.55864674,0.82940567,-0.5,0.8660254,4,0,0,1,0.0,1,6122.0,1,6163.0,1,0.0,1,4404.0,1,6119.0,1,6375.0,1,6951.0
75,2013-11-26,5355.0,608.0,1.0,0.0,0,0.0,2.0,-0.55864674,0.82940567,-0.5,0.8660254,4,0,0,1,6191.0,1,0.0,1,6156.0,1,7384.0,1,5096.0,1,0.0,1,6407.0,1,4956.0
75,2013-11-27,6263.0,621.0,1.0,0.0,0,0.0,3.0,-0.55864674,0.82940567,-0.5,0.8660254,4,0,0,1,5355.0,1,6191.0,1,6122.0,1,6290.0,1,5541.0,1,4958.0,1,0.0,1,0.0
75,2013-11-28,7002.0,696.0,1.0,0.0,0,0.0,4.0,-0.55864674,0.82940567,-0.5,0.8660254,4,0,0,1,6263.0,1,5355.0,1,0.0,1,6014.0,1,6268.0,1,4773.0,1,7512.0,1,6848.0
75,2013-11-29,8649.0,815.0,1.0,0.0,0,0.0,5.0,-0.55864674,0.82940567,-0.5,0.8660254,4,0,0,1,7002.0,1,6263.0,1,6191.0,1,6163.0,1,0.0,1,4404.0,1,6122.0,1,5455.0
75,2013-11-30,8598.0,825.0,1.0,0.0,0,0.0,6.0,-0.55864674,0.82940567,-0.5,0.8660254,4,0,1,1,8649.0,1,7002.0,1,5355.0,1,6156.0,1,7384.0,1,5096.0,1,5334.0,1,5191.0
75,2013-12-01,0.0,0.0,0.0,0.0,0,0.0,7.0,-0.55864674,0.82940567,-2.4492937e-16,1.0,4,1,0,1,8598.0,1,8649.0,1,6263.0,1,6122.0,1,6290.0,1,5541.0,1,6182.0,1,5925.0
75,2013-12-02,9507.0,867.0,1.0,1.0,0,0.0,1.0,-0.45662925,0.8896571,-2.4492937e-16,1.0,4,0,0,1,0.0,1,8598.0,1,7002.0,1,0.0,1,6014.0,1,6268.0,1,6519.0,1,5837.0
75,2013-12-03,7440.0,704.0,1.0,1.0,0,0.0,2.0,-0.45662925,0.8896571,-2.4492937e-16,1.0,4,0,0,1,9507.0,1,0.0,1,8649.0,1,6191.0,1,6163.0,1,0.0,1,6119.0,1,5128.0
75,2013-12-04,8627.0,792.0,1.0,1.0,0,0.0,3.0,-0.45662925,0.8896571,-2.4492937e-16,1.0,4,0,0,1,7440.0,1,9507.0,1,8598.0,1,5355.0,1,6156.0,1,7384.0,1,0.0,1,0.0
75,2013-12-05,6760.0,582.0,1.0,1.0,0,0.0,4.0,-0.45662925,0.8896571,-2.4492937e-16,1.0,4,0,0,1,8627.0,1,7440.0,1,0.0,1,6263.0,1,6122.0,1,6290.0,1,4958.0,1,5171.0
75,2013-12-06,6485.0,612.0,1.0,1.0,0,0.0,5.0,-0.45662925,0.8896571,-2.4492937e-16,1.0,4,0,0,1,6760.0,1,8627.0,1,9507.0,1,7002.0,1,0.0,1,6014.0,1,4773.0,1,4600.0
75,2013-12-07,6239.0,656.0,1.0,0.0,0,0.0,6.0,-0.45662925,0.8896571,-2.4492937e-16,1.0,4,0,0,1,6485.0,1,6760.0,1,7440.0,1,8649.0,1,6191.0,1,6163.0,1,4404.0,1,4097.0
75,2013-12-08,0.0,0.0,0.0,0.0,0,0.0,7.0,-0.45662925,0.8896571,-2.4492937e-16,1.0,4,0,0,1,6239.0,1,6485.0,1,8627.0,1,8598.0,1,5355.0,1,6156.0,1,5096.0,1,4150.0
75,2013-12-09,7086.0,752.0,1.0,0.0,0,0.0,1.0,-0.34820163,0.93741965,-2.4492937e-16,1.0,4,0,0,1,0.0,1,6239.0,1,6760.0,1,0.0,1,6263.0,1,6122.0,1,5541.0,1,4941.0
75,2013-12-10,5922.0,620.0,1.0,0.0,0,0.0,2.0,-0.34820163,0.93741965,-2.4492937e-16,1.0,4,0,0,1,7086.0,1,0.0,1,6485.0,1,9507.0,1,7002.0,1,0.0,1,6268.0,1,5082.0
75,2013-12-11,5197.0,602.0,1.0,0.0,0,0.0,3.0,-0.34820163,0.93741965,-2.4492937e-16,1.0,4,0,0,1,5922.0,1,7086.0,1,6239.0,1,7440.0,1,8649.0,1,6191.0,1,0.0,1,0.0
75,2013-12-12,6234.0,646.0,1.0,0.0,0,0.0,4.0,-0.34820163,0.93741965,-2.4492937e-16,1.0,4,0,0,1,5197.0,1,5922.0,1,0.0,1,8627.0,1,8598.0,1,5355.0,1,7384.0,1,6829.0
75,2013-12-13,7099.0,691.0,1.0,0.0,0,0.0,5.0,-0.34820163,0.93741965,-2.4492937e-16,1.0,4,0,0,1,6234.0,1,5197.0,1,7086.0,1,6760.0,1,0.0,1,6263.0,1,6290.0,1,5180.0
75,2013-12-14,6875.0,684.0,1.0,0.0,0,0.0,6.0,-0.34820163,0.93741965,-2.4492937e-16,1.0,4,0,0,1,7099.0,1,6234.0,1,5922.0,1,6485.0,1,9507.0,1,7002.0,1,6014.0,1,4932.0
75,2013-12-15,0.0,0.0,0.0,0.0,0,0.0,7.0,-0.34820163,0.93741965,-2.4492937e-16,1.0,4,0,0,1,6875.0,1,7099.0,1,5197.0,1,6239.0,1,7440.0,1,8649.0,1,6163.0,1,5055.0
75,2013-12-16,9835.0,918.0,1.0,1.0,0,0.0,1.0,-0.23488605,0.9720229,-2.4492937e-16,1.0,4,0,0,1,0.0,1,6875.0,1,6234.0,1,0.0,1,8627.0,1,8598.0,1,6156.0,1,6055.0
75,2013-12-17,9296.0,841.0,1.0,1.0,0,0.0,2.0,-0.23488605,0.9720229,-2.4492937e-16,1.0,4,0,0,1,9835.0,1,0.0,1,7099.0,1,7086.0,1,6760.0,1,0.0,1,6122.0,1,4638.0
75,2013-12-18,9178.0,818.0,1.0,1.0,0,0.0,3.0,-0.23488605,0.9720229,-2.4492937e-16,1.0,4,0,0,1,9296.0,1,9835.0,1,6875.0,1,5922.0,1,6485.0,1,9507.0,1,0.0,1,0.0
75,2013-12-19,9255.0,883.0,1.0,1.0,0,0.0,4.0,-0.23488605,0.9720229,-2.4492937e-16,1.0,4,0,0,1,9178.0,1,9296.0,1,0.0,1,5197.0,1,6239.0,1,7440.0,1,6191.0,1,2806.0
75,2013-12-20,10054.0,946.0,1.0,1.0,0,0.0,5.0,-0.23488605,0.9720229,-2.4492937e-16,1.0,4,0,0,1,9255.0,1,9178.0,1,9835.0,1,6234.0,1,0.0,1,8627.0,1,5355.0,1,4312.0
75,2013-12-21,9786.0,952.0,1.0,0.0,0,0.0,6.0,-0.23488605,0.9720229,-2.4492937e-16,1.0,4,0,0,1,10054.0,1,9255.0,1,9296.0,1,7099.0,1,7086.0,1,6760.0,1,6263.0,1,6010.0
75,2013-12-22,0.0,0.0,0.0,0.0,0,0.0,7.0,-0.23488605,0.9720229,-2.4492937e-16,1.0,4,0,0,1,9786.0,1,10054.0,1,9178.0,1,6875.0,1,5922.0,1,6485.0,1,7002.0,1,6194.0
75,2013-12-23,13876.0,1370.0,1.0,0.0,0,1.0,1.0,-0.11827317,0.9929811,-2.4492937e-16,1.0,4,0,0,1,0.0,1,9786.0,1,9255.0,1,0.0,1,5197.0,1,6239.0,1,8649.0,1,6375.0
75,2013-12-24,5404.0,560.0,1.0,0.0,0,1.0,2.0,-0.11827317,0.9929811,-2.4492937e-16,1.0,4,0,0,1,13876.0,1,0.0,1,10054.0,1,9835.0,1,6234.0,1,0.0,1,8598.0,1,6407.0
75,2013-12-25,0.0,0.0,0.0,0.0,3,1.0,3.0,-0.11827317,0.9929811,-2.4492937e-16,1.0,4,0,0,1,5404.0,1,13876.0,1,9786.0,1,9296.0,1,7099.0,1,7086.0,1,0.0,1,0.0
75,2013-12-26,0.0,0.0,0.0,0.0,3,1.0,4.0,-0.11827317,0.9929811,-2.4492937e-16,1.0,4,0,0,1,0.0,1,5404.0,1,0.0,1,9178.0,1,6875.0,1,5922.0,1,9507.0,1,7512.0
75,2013-12-27,6257.0,691.0,1.0,0.0,0,1.0,5.0,-0.11827317,0.9929811,-2.4492937e-16,1.0,4,0,0,1,0.0,1,0.0,1,13876.0,1,9255.0,1,0.0,1,5197.0,1,7440.0,1,6122.0
75,2013-12-28,6256.0,705.0,1.0,0.0,0,0.0,6.0,-0.11827317,0.9929811,-2.4492937e-16,1.0,4,0,0,1,6257.0,1,0.0,1,5404.0,1,10054.0,1,9835.0,1,6234.0,1,8627.0,1,5334.0
75,2013-12-29,0.0,0.0,0.0,0.0,0,0.0,7.0,-0.11827317,0.9929811,-2.4492937e-16,1.0,4,0,0,1,6256.0,1,6257.0,1,0.0,1,9786.0,1,9296.0,1,7099.0,1,6760.0,1,6182.0
75,2013-12-30,8481.0,920.0,1.0,0.0,0,1.0,1.0,0.11827317,0.9929811,-2.4492937e-16,1.0,4,0,0,1,0.0,1,6256.0,1,0.0,1,0.0,1,9178.0,1,6875.0,1,6485.0,1,6519.0
75,2013-12-31,3577.0,441.0,1.0,0.0,0,1.0,2.0,0.11827317,0.9929811,-2.4492937e-16,1.0,4,0,1,1,8481.0,1,0.0,1,6257.0,1,13876.0,1,9255.0,1,0.0,1,6239.0,1,6119.0
75,2014-01-01,0.0,0.0,0.0,0.0,1,1.0,3.0,0.11827317,0.9929811,0.5,0.8660254,1,1,0,1,3577.0,1,8481.0,1,6256.0,1,5404.0,1,10054.0,1,9835.0,1,0.0,1,0.0
75,2014-01-02,5351.0,601.0,1.0,0.0,0,1.0,4.0,0.11827317,0.9929811,0.5,0.8660254,1,0,0,1,0.0,1,3577.0,1,0.0,1,0.0,1,9786.0,1,9296.0,1,7086.0,1,4958.0
75,2014-01-03,5737.0,613.0,1.0,0.0,0,1.0,5.0,0.11827317,0.9929811,0.5,0.8660254,1,0,0,1,5351.0,1,0.0,1,8481.0,1,0.0,1,0.0,1,9178.0,1,5922.0,1,4773.0
75,2014-01-04,6187.0,652.0,1.0,0.0,0,0.0,6.0,0.11827317,0.9929811,0.5,0.8660254,1,0,0,1,5737.0,1,5351.0,1,3577.0,1,6257.0,1,13876.0,1,9255.0,1,5197.0,1,4404.0
75,2014-01-05,0.0,0.0,0.0,0.0,0,0.0,7.0,0.11827317,0.9929811,0.5,0.8660254,1,0,0,1,6187.0,1,5737.0,1,0.0,1,6256.0,1,5404.0,1,10054.0,1,6234.0,1,5096.0
75,2014-01-06,8185.0,771.0,1.0,1.0,0,1.0,1.0,0.23488605,0.9720229,0.5,0.8660254,1,0,0,1,0.0,1,6187.0,1,5351.0,1,0.0,1,0.0,1,9786.0,1,7099.0,1,5541.0
75,2014-01-07,5267.0,586.0,1.0,1.0,0,0.0,2.0,0.23488605,0.9720229,0.5,0.8660254,1,0,0,1,8185.0,1,0.0,1,5737.0,1,8481.0,1,0.0,1,0.0,1,6875.0,1,6268.0
75,2014-01-08,5502.0,591.0,1.0,1.0,0,0.0,3.0,0.23488605,0.9720229,0.5,0.8660254,1,0,0,1,5267.0,1,8185.0,1,6187.0,1,3577.0,1,6257.0,1,13876.0,1,0.0,1,0.0
75,2014-01-09,5457.0,570.0,1.0,1.0,0,0.0,4.0,0.23488605,0.9720229,0.5,0.8660254,1,0,0,1,5502.0,1,5267.0,1,0.0,1,0.0,1,6256.0,1,5404.0,1,9835.0,1,7384.0
75,2014-01-10,6206.0,691.0,1.0,1.0,0,0.0,5.0,0.23488605,0.9720229,0.5,0.8660254,1,0,0,1,5457.0,1,5502.0,1,8185.0,1,5351.0,1,0.0,1,0.0,1,9296.0,1,6290.0
75,2014-01-11,5815.0,606.0,1.0,0.0,0,0.0,6.0,0.23488605,0.9720229,0.5,0.8660254,1,0,0,1,6206.0,1,5457.0,1,5267.0,1,5737.0,1,8481.0,1,0.0,1,9178.0,1,6014.0
75,2014-01-12,0.0,0.0,0.0,0.0,0,0.0,7.0,0.23488605,0.9720229,0.5,0.8660254,1,0,0,1,5815.0,1,6206.0,1,5502.0,1,6187.0,1,3577.0,1,6257.0,1,9255.0,1,6163.0
75,2014-01-13,4591.0,554.0,1.0,0.0,0,0.0,1.0,0.34820163,0.93741965,0.5,0.8660254,1,0,0,1,0.0,1,5815.0,1,5457.0,1,0.0,1,0.0,1,6256.0,1,10054.0,1,6156.0
75,2014-01-14,4227.0,500.0,1.0,0.0,0,0.0,2.0,0.34820163,0.93741965,0.5,0.8660254,1,0,0,1,4591.0,1,0.0,1,6206.0,1,8185.0,1,5351.0,1,0.0,1,9786.0,1,6122.0
75,2014-01-15,4146.0,507.0,1.0,0.0,0,0.0,3.0,0.34820163,0.93741965,0.5,0.8660254,1,0,0,1,4227.0,1,4591.0,1,5815.0,1,5267.0,1,5737.0,1,8481.0,1,0.0,1,0.0
75,2014-01-16,4476.0,501.0,1.0,0.0,0,0.0,4.0,0.34820163,0.93741965,0.5,0.8660254,1,0,0,1,4146.0,1,4227.0,1,0.0,1,5502.0,1,6187.0,1,3577.0,1,13876.0,1,6191.0
75,2014-01-17,5324.0,626.0,1.0,0.0,0,0.0,5.0,0.34820163,0.93741965,0.5,0.8660254,1,0,0,1,4476.0,1,4146.0,1,4591.0,1,5457.0,1,0.0,1,0.0,1,5404.0,1,5355.0
75,2014-01-18,5597.0,633.0,1.0,0.0,0,0.0,6.0,0.34820163,0.93741965,0.5,0.8660254,1,0,0,1,5324.0,1,4476.0,1,4227.0,1,6206.0,1,8185.0,1,5351.0,1,0.0,1,6263.0
75,2014-01-19,0.0,0.0,0.0,0.0,0,0.0,7.0,0.34820163,0.93741965,0.5,0.8660254,1,0,0,1,5597.0,1,5324.0,1,4146.0,1,5815.0,1,5267.0,1,5737.0,1,0.0,1,7002.0
75,2014-01-20,6469.0,647.0,1.0,1.0,0,0.0,1.0,0.45662925,0.8896571,0.5,0.8660254,1,0,0,1,0.0,1,5597.0,1,4476.0,1,0.0,1,5502.0,1,6187.0,1,6257.0,1,8649.0
75,2014-01-21,5455.0,554.0,1.0,1.0,0,0.0,2.0,0.45662925,0.8896571,0.5,0.8660254,1,0,0,1,6469.0,1,0.0,1,5324.0,1,4591.0,1,5457.0,1,0.0,1,6256.0,1,8598.0
75,2014-01-22,4595.0,504.0,1.0,1.0,0,0.0,3.0,0.45662925,0.8896571,0.5,0.8660254,1,0,0,1,5455.0,1,6469.0,1,5597.0,1,4227.0,1,6206.0,1,8185.0,1,0.0,1,0.0
75,2014-01-23,5111.0,550.0,1.0,1.0,0,0.0,4.0,0.45662925,0.8896571,0.5,0.8660254,1,0,0,1,4595.0,1,5455.0,1,0.0,1,4146.0,1,5815.0,1,5267.0,1,8481.0,1,9507.0
75,2014-01-24,6791.0,682.0,1.0,1.0,0,0.0,5.0,0.45662925,0.8896571,0.5,0.8660254,1,0,0,1,5111.0,1,4595.0,1,6469.0,1,4476.0,1,0.0,1,5502.0,1,3577.0,1,7440.0
75,2014-01-25,4616.0,516.0,1.0,0.0,0,0.0,6.0,0.45662925,0.8896571,0.5,0.8660254,1,0,0,1,6791.0,1,5111.0,1,5455.0,1,5324.0,1,4591.0,1,5457.0,1,0.0,1,8627.0
75,2014-01-26,0.0,0.0,0.0,0.0,0,0.0,7.0,0.45662925,0.8896571,0.5,0.8660254,1,0,0,1,4616.0,1,6791.0,1,4595.0,1,5597.0,1,4227.0,1,6206.0,1,5351.0,1,6760.0
75,2014-01-27,3933.0,501.0,1.0,0.0,0,0.0,1.0,0.55864674,0.82940567,0.5,0.8660254,1,0,0,1,0.0,1,4616.0,1,5111.0,1,0.0,1,4146.0,1,5815.0,1,5737.0,1,6485.0
75,2014-01-28,4525.0,487.0,1.0,0.0,0,0.0,2.0,0.55864674,0.82940567,0.5,0.8660254,1,0,0,1,3933.0,1,0.0,1,6791.0,1,6469.0,1,4476.0,1,0.0,1,6187.0,1,6239.0
75,2014-01-29,4243.0,455.0,1.0,0.0,0,0.0,3.0,0.55864674,0.82940567,0.5,0.8660254,1,0,0,1,4525.0,1,3933.0,1,4616.0,1,5455.0,1,5324.0,1,4591.0,1,0.0,1,0.0
75,2014-01-30,5702.0,558.0,1.0,0.0,0,0.0,4.0,0.55864674,0.82940567,0.5,0.8660254,1,0,0,1,4243.0,1,4525.0,1,0.0,1,4595.0,1,5597.0,1,4227.0,1,8185.0,1,7086.0
75,2014-01-31,6931.0,698.0,1.0,0.0,0,0.0,5.0,0.55864674,0.82940567,0.5,0.8660254,1,0,1,1,5702.0,1,4243.0,1,3933.0,1,5111.0,1,0.0,1,4146.0,1,5267.0,1,5922.0
75,2014-02-01,5974.0,587.0,1.0,0.0,0,0.0,6.0,0.55864674,0.82940567,0.8660254,0.5,1,1,0,1,6931.0,1,5702.0,1,4525.0,1,6791.0,1,6469.0,1,4476.0,1,5502.0,1,5197.0
75,2014-02-02,0.0,0.0,0.0,0.0,0,0.0,7.0,0.55864674,0.82940567,0.8660254,0.5,1,0,0,1,5974.0,1,6931.0,1,4243.0,1,4616.0,1,5455.0,1,5324.0,1,5457.0,1,6234.0
75,2014-02-03,6803.0,722.0,1.0,1.0,0,0.0,1.0,0.65282214,0.75751126,0.8660254,0.5,1,0,0,1,0.0,1,5974.0,1,5702.0,1,0.0,1,4595.0,1,5597.0,1,6206.0,1,7099.0
75,2014-02-04,6583.0,632.0,1.0,1.0,0,0.0,2.0,0.65282214,0.75751126,0.8660254,0.5,1,0,0,1,6803.0,1,0.0,1,6931.0,1,3933.0,1,5111.0,1,0.0,1,5815.0,1,6875.0
75,2014-02-05,5711.0,592.0,1.0,1.0,0,0.0,3.0,0.65282214,0.75751126,0.8660254,0.5,1,0,0,1,6583.0,1,6803.0,1,5974.0,1,4525.0,1,6791.0,1,6469.0,1,0.0,1,0.0
75,2014-02-06,5439.0,597.0,1.0,1.0,0,0.0,4.0,0.65282214,0.75751126,0.8660254,0.5,1,0,0,1,5711.0,1,6583.0,1,0.0,1,4243.0,1,4616.0,1,5455.0,1,4591.0,1,9835.0
75,2014-02-07,6177.0,657.0,1.0,1.0,0,0.0,5.0,0.65282214,0.75751126,0.8660254,0.5,1,0,0,1,5439.0,1,5711.0,1,6803.0,1,5702.0,1,0.0,1,4595.0,1,4227.0,1,9296.0
75,2014-02-08,5171.0,586.0,1.0,0.0,0,0.0,6.0,0.65282214,0.75751126,0.8660254,0.5,1,0,0,1,6177.0,1,5439.0,1,6583.0,1,6931.0,1,3933.0,1,5111.0,1,4146.0,1,9178.0
75,2014-02-09,0.0,0.0,0.0,0.0,0,0.0,7.0,0.65282214,0.75751126,0.8660254,0.5,1,0,0,1,5171.0,1,6177.0,1,5711.0,1,5974.0,1,4525.0,1,6791.0,1,4476.0,1,9255.0
75,2014-02-10,4590.0,566.0,1.0,0.0,0,0.0,1.0,0.73783326,0.674983,0.8660254,0.5,1,0,0,1,0.0,1,5171.0,1,5439.0,1,0.0,1,4243.0,1,4616.0,1,5324.0,1,10054.0
75,2014-02-11,4046.0,517.0,1.0,0.0,0,0.0,2.0,0.73783326,0.674983,0.8660254,0.5,1,0,0,1,4590.0,1,0.0,1,6177.0,1,6803.0,1,5702.0,1,0.0,1,5597.0,1,9786.0
75,2014-02-12,4222.0,521.0,1.0,0.0,0,0.0,3.0,0.73783326,0.674983,0.8660254,0.5,1,0,0,1,4046.0,1,4590.0,1,5171.0,1,6583.0,1,6931.0,1,3933.0,1,0.0,1,0.0
75,2014-02-13,4862.0,571.0,1.0,0.0,0,0.0,4.0,0.73783326,0.674983,0.8660254,0.5,1,0,0,1,4222.0,1,4046.0,1,0.0,1,5711.0,1,5974.0,1,4525.0,1,6469.0,1,13876.0
75,2014-02-14,5862.0,651.0,1.0,0.0,0,0.0,5.0,0.73783326,0.674983,0.8660254,0.5,1,0,0,1,4862.0,1,4222.0,1,4590.0,1,5439.0,1,0.0,1,4243.0,1,5455.0,1,5404.0
75,2014-02-15,5537.0,587.0,1.0,0.0,0,0.0,6.0,0.73783326,0.674983,0.8660254,0.5,1,0,0,1,5862.0,1,4862.0,1,4046.0,1,6177.0,1,6803.0,1,5702.0,1,4595.0,1,0.0
75,2014-02-16,0.0,0.0,0.0,0.0,0,0.0,7.0,0.73783326,0.674983,0.8660254,0.5,1,0,0,1,5537.0,1,5862.0,1,4222.0,1,5171.0,1,6583.0,1,6931.0,1,5111.0,1,0.0
75,2014-02-17,6868.0,692.0,1.0,1.0,0,0.0,1.0,0.8124869,0.5829795,0.8660254,0.5,1,0,0,1,0.0,1,5537.0,1,4862.0,1,0.0,1,5711.0,1,5974.0,1,6791.0,1,6257.0
75,2014-02-18,5654.0,603.0,1.0,1.0,0,0.0,2.0,0.8124869,0.5829795,0.8660254,0.5,1,0,0,1,6868.0,1,0.0,1,5862.0,1,4590.0,1,5439.0,1,0.0,1,4616.0,1,6256.0
75,2014-02-19,5059.0,535.0,1.0,1.0,0,0.0,3.0,0.8124869,0.5829795,0.8660254,0.5,1,0,0,1,5654.0,1,6868.0,1,5537.0,1,4046.0,1,6177.0,1,6803.0,1,0.0,1,0.0
75,2014-02-20,5728.0,592.0,1.0,1.0,0,0.0,4.0,0.8124869,0.5829795,0.8660254,0.5,1,0,0,1,5059.0,1,5654.0,1,0.0,1,4222.0,1,5171.0,1,6583.0,1,3933.0,1,8481.0
75,2014-02-21,5758.0,628.0,1.0,1.0,0,0.0,5.0,0.8124869,0.5829795,0.8660254,0.5,1,0,0,1,5728.0,1,5059.0,1,6868.0,1,4862.0,1,0.0,1,5711.0,1,4525.0,1,3577.0
75,2014-02-22,4906.0,551.0,1.0,0.0,0,0.0,6.0,0.8124869,0.5829795,0.8660254,0.5,1,0,0,1,5758.0,1,5728.0,1,5654.0,1,5862.0,1,4590.0,1,5439.0,1,4243.0,1,0.0
75,2014-02-23,0.0,0.0,0.0,0.0,0,0.0,7.0,0.8124869,0.5829795,0.8660254,0.5,1,0,0,1,4906.0,1,5758.0,1,5059.0,1,5537.0,1,4046.0,1,6177.0,1,5702.0,1,5351.0
75,2014-02-24,4165.0,506.0,1.0,0.0,0,0.0,1.0,0.8757349,0.4827922,0.8660254,0.5,1,0,0,1,0.0,1,4906.0,1,5728.0,1,0.0,1,4222.0,1,5171.0,1,6931.0,1,5737.0
75,2014-02-25,4149.0,512.0,1.0,0.0,0,0.0,2.0,0.8757349,0.4827922,0.8660254,0.5,1,0,0,1,4165.0,1,0.0,1,5758.0,1,6868.0,1,4862.0,1,0.0,1,5974.0,1,6187.0
75,2014-02-26,4255.0,505.0,1.0,0.0,0,0.0,3.0,0.8757349,0.4827922,0.8660254,0.5,1,0,0,1,4149.0,1,4165.0,1,4906.0,1,5654.0,1,5862.0,1,4590.0,1,0.0,1,0.0
75,2014-02-27,5210.0,600.0,1.0,0.0,0,0.0,4.0,0.8757349,0.4827922,0.8660254,0.5,1,0,0,1,4255.0,1,4149.0,1,0.0,1,5059.0,1,5537.0,1,4046.0,1,6803.0,1,8185.0
75,2014-02-28,6747.0,697.0,1.0,0.0,0,0.0,5.0,0.8757349,0.4827922,0.8660254,0.5,1,0,1,1,5210.0,1,4255.0,1,4165.0,1,5728.0,1,0.0,1,4222.0,1,6583.0,1,5267.0
75,2014-03-01,5665.0,662.0,1.0,0.0,0,0.0,6.0,0.8757349,0.4827922,1.0,6.123234e-17,1,1,0,1,6747.0,1,5210.0,1,4149.0,1,5758.0,1,6868.0,1,4862.0,1,5711.0,1,5502.0
75,2014-03-02,0.0,0.0,0.0,0.0,0,0.0,7.0,0.8757349,0.4827922,1.0,6.123234e-17,1,0,0,1,5665.0,1,6747.0,1,4255.0,1,4906.0,1,5654.0,1,5862.0,1,5439.0,1,5457.0
75,2014-03-03,7834.0,783.0,1.0,1.0,0,0.0,1.0,0.9266896,0.37582758,1.0,6.123234e-17,1,0,0,1,0.0,1,5665.0,1,5210.0,1,0.0,1,5059.0,1,5537.0,1,6177.0,1,6206.0
75,2014-03-04,5749.0,620.0,1.0,1.0,0,0.0,2.0,0.9266896,0.37582758,1.0,6.123234e-17,1,0,0,1,7834.0,1,0.0,1,6747.0,1,4165.0,1,5728.0,1,0.0,1,5171.0,1,5815.0
75,2014-03-05,5285.0,614.0,1.0,1.0,0,0.0,3.0,0.9266896,0.37582758,1.0,6.123234e-17,1,0,0,1,5749.0,1,7834.0,1,5665.0,1,4149.0,1,5758.0,1,6868.0,1,0.0,1,0.0
75,2014-03-06,5958.0,622.0,1.0,1.0,0,0.0,4.0,0.9266896,0.37582758,1.0,6.123234e-17,1,0,0,1,5285.0,1,5749.0,1,0.0,1,4255.0,1,4906.0,1,5654.0,1,4590.0,1,4591.0
75,2014-03-07,5861.0,657.0,1.0,1.0,0,0.0,5.0,0.9266896,0.37582758,1.0,6.123234e-17,1,0,0,1,5958.0,1,5285.0,1,7834.0,1,5210.0,1,0.0,1,5059.0,1,4046.0,1,4227.0
75,2014-03-08,4914.0,571.0,1.0,0.0,0,0.0,6.0,0.9266896,0.37582758,1.0,6.123234e-17,1,0,0,1,5861.0,1,5958.0,1,5749.0,1,6747.0,1,4165.0,1,5728.0,1,4222.0,1,4146.0
75,2014-03-09,0.0,0.0,0.0,0.0,0,0.0,7.0,0.9266896,0.37582758,1.0,6.123234e-17,1,0,0,1,4914.0,1,5861.0,1,5285.0,1,5665.0,1,4149.0,1,5758.0,1,4862.0,1,4476.0
75,2014-03-10,5012.0,622.0,1.0,0.0,0,0.0,1.0,0.9646356,0.26358718,1.0,6.123234e-17,1,0,0,1,0.0,1,4914.0,1,5958.0,1,0.0,1,4255.0,1,4906.0,1,5862.0,1,5324.0
75,2014-03-11,4432.0,541.0,1.0,0.0,0,0.0,2.0,0.9646356,0.26358718,1.0,6.123234e-17,1,0,0,1,5012.0,1,0.0,1,5861.0,1,7834.0,1,5210.0,1,0.0,1,5537.0,1,5597.0
75,2014-03-12,4042.0,480.0,1.0,0.0,0,0.0,3.0,0.9646356,0.26358718,1.0,6.123234e-17,1,0,0,1,4432.0,1,5012.0,1,4914.0,1,5749.0,1,6747.0,1,4165.0,1,0.0,1,0.0
75,2014-03-13,4835.0,517.0,1.0,0.0,0,0.0,4.0,0.9646356,0.26358718,1.0,6.123234e-17,1,0,0,1,4042.0,1,4432.0,1,0.0,1,5285.0,1,5665.0,1,4149.0,1,6868.0,1,6469.0
75,2014-03-14,5446.0,622.0,1.0,0.0,0,0.0,5.0,0.9646356,0.26358718,1.0,6.123234e-17,1,0,0,1,4835.0,1,4042.0,1,5012.0,1,5958.0,1,0.0,1,4255.0,1,5654.0,1,5455.0
75,2014-03-15,5394.0,581.0,1.0,0.0,0,0.0,6.0,0.9646356,0.26358718,1.0,6.123234e-17,1,0,0,1,5446.0,1,4835.0,1,4432.0,1,5861.0,1,7834.0,1,5210.0,1,5059.0,1,4595.0
75,2014-03-16,0.0,0.0,0.0,0.0,0,0.0,7.0,0.9646356,0.26358718,1.0,6.123234e-17,1,0,0,1,5394.0,1,5446.0,1,4042.0,1,4914.0,1,5749.0,1,6747.0,1,5728.0,1,5111.0
75,2014-03-17,6549.0,700.0,1.0,1.0,0,0.0,1.0,0.9890402,0.14764656,1.0,6.123234e-17,1,0,0,1,0.0,1,5394.0,1,4835.0,1,0.0,1,5285.0,1,5665.0,1,5758.0,1,6791.0
75,2014-03-18,4978.0,569.0,1.0,1.0,0,0.0,2.0,0.9890402,0.14764656,1.0,6.123234e-17,1,0,0,1,6549.0,1,0.0,1,5446.0,1,5012.0,1,5958.0,1,0.0,1,4906.0,1,4616.0
75,2014-03-19,5270.0,551.0,1.0,1.0,0,0.0,3.0,0.9890402,0.14764656,1.0,6.123234e-17,1,0,0,1,4978.0,1,6549.0,1,5394.0,1,4432.0,1,5861.0,1,7834.0,1,0.0,1,0.0
75,2014-03-20,5012.0,574.0,1.0,1.0,0,0.0,4.0,0.9890402,0.14764656,1.0,6.123234e-17,1,0,0,1,5270.0,1,4978.0,1,0.0,1,4042.0,1,4914.0,1,5749.0,1,4165.0,1,3933.0
75,2014-03-21,6353.0,647.0,1.0,1.0,0,0.0,5.0,0.9890402,0.14764656,1.0,6.123234e-17,1,0,0,1,5012.0,1,5270.0,1,6549.0,1,4835.0,1,0.0,1,5285.0,1,4149.0,1,4525.0
75,2014-03-22,5249.0,624.0,1.0,0.0,0,0.0,6.0,0.9890402,0.14764656,1.0,6.123234e-17,1,0,0,1,6353.0,1,5012.0,1,4978.0,1,5446.0,1,5012.0,1,5958.0,1,4255.0,1,4243.0
75,2014-03-23,0.0,0.0,0.0,0.0,0,0.0,7.0,0.9890402,0.14764656,1.0,6.123234e-17,1,0,0,1,5249.0,1,6353.0,1,5270.0,1,5394.0,1,4432.0,1,5861.0,1,5210.0,1,5702.0
75,2014-03-24,4538.0,537.0,1.0,0.0,0,0.0,1.0,0.99956083,0.029633328,1.0,6.123234e-17,1,0,0,1,0.0,1,5249.0,1,5012.0,1,0.0,1,4042.0,1,4914.0,1,6747.0,1,6931.0
75,2014-03-25,3901.0,472.0,1.0,0.0,0,0.0,2.0,0.99956083,0.029633328,1.0,6.123234e-17,1,0,0,1,4538.0,1,0.0,1,6353.0,1,6549.0,1,4835.0,1,0.0,1,5665.0,1,5974.0
75,2014-03-26,4823.0,517.0,1.0,0.0,0,0.0,3.0,0.99956083,0.029633328,1.0,6.123234e-17,1,0,0,1,3901.0,1,4538.0,1,5249.0,1,4978.0,1,5446.0,1,5012.0,1,0.0,1,0.0
75,2014-03-27,4677.0,533.0,1.0,0.0,0,0.0,4.0,0.99956083,0.029633328,1.0,6.123234e-17,1,0,0,1,4823.0,1,3901.0,1,0.0,1,5270.0,1,5394.0,1,4432.0,1,7834.0,1,6803.0
75,2014-03-28,6292.0,672.0,1.0,0.0,0,0.0,5.0,0.99956083,0.029633328,1.0,6.123234e-17,1,0,0,1,4677.0,1,4823.0,1,4538.0,1,5012.0,1,0.0,1,4042.0,1,5749.0,1,6583.0
75,2014-03-29,4789.0,535.0,1.0,0.0,0,0.0,6.0,0.99956083,0.029633328,1.0,6.123234e-17,1,0,0,1,6292.0,1,4677.0,1,3901.0,1,6353.0,1,6549.0,1,4835.0,1,5285.0,1,5711.0
75,2014-03-30,0.0,0.0,0.0,0.0,0,0.0,7.0,0.99956083,0.029633328,1.0,6.123234e-17,1,0,0,1,4789.0,1,6292.0,1,4823.0,1,5249.0,1,4978.0,1,5446.0,1,5958.0,1,5439.0
75,2014-03-31,7504.0,744.0,1.0,1.0,0,0.0,1.0,0.9960498,-0.08879589,1.0,6.123234e-17,1,0,1,1,0.0,1,4789.0,1,4677.0,1,0.0,1,5270.0,1,5394.0,1,5861.0,1,6177.0
75,2014-04-01,6214.0,628.0,1.0,1.0,0,0.0,2.0,0.9960498,-0.08879589,0.8660254,-0.5,2,1,0,1,7504.0,1,0.0,1,6292.0,1,4538.0,1,5012.0,1,0.0,1,4914.0,1,5171.0
75,2014-04-02,6037.0,647.0,1.0,1.0,0,0.0,3.0,0.9960498,-0.08879589,0.8660254,-0.5,2,0,0,1,6214.0,1,7504.0,1,4789.0,1,3901.0,1,6353.0,1,6549.0,1,0.0,1,0.0
75,2014-04-03,5934.0,651.0,1.0,1.0,0,0.0,4.0,0.9960498,-0.08879589,0.8660254,-0.5,2,0,0,1,6037.0,1,6214.0,1,0.0,1,4823.0,1,5249.0,1,4978.0,1,5012.0,1,4590.0
75,2014-04-04,6182.0,655.0,1.0,1.0,0,0.0,5.0,0.9960498,-0.08879589,0.8660254,-0.5,2,0,0,1,5934.0,1,6037.0,1,7504.0,1,4677.0,1,0.0,1,5270.0,1,4432.0,1,4046.0
75,2014-04-05,5758.0,649.0,1.0,0.0,0,0.0,6.0,0.9960498,-0.08879589,0.8660254,-0.5,2,0,0,1,6182.0,1,5934.0,1,6214.0,1,6292.0,1,4538.0,1,5012.0,1,4042.0,1,4222.0
75,2014-04-06,0.0,0.0,0.0,0.0,0,0.0,7.0,0.9960498,-0.08879589,0.8660254,-0.5,2,0,0,1,5758.0,1,6182.0,1,6037.0,1,4789.0,1,3901.0,1,6353.0,1,4835.0,1,4862.0
75,2014-04-07,5090.0,628.0,1.0,0.0,0,0.0,1.0,0.9785565,-0.20597862,0.8660254,-0.5,2,0,0,1,0.0,1,5758.0,1,5934.0,1,0.0,1,4823.0,1,5249.0,1,5446.0,1,5862.0
75,2014-04-08,4788.0,511.0,1.0,0.0,0,0.0,2.0,0.9785565,-0.20597862,0.8660254,-0.5,2,0,0,1,5090.0,1,0.0,1,6182.0,1,7504.0,1,4677.0,1,0.0,1,5394.0,1,5537.0
75,2014-04-09,4702.0,533.0,1.0,0.0,0,0.0,3.0,0.9785565,-0.20597862,0.8660254,-0.5,2,0,0,1,4788.0,1,5090.0,1,5758.0,1,6214.0,1,6292.0,1,4538.0,1,0.0,1,0.0
75,2014-04-10,5174.0,567.0,1.0,0.0,0,0.0,4.0,0.9785565,-0.20597862,0.8660254,-0.5,2,0,0,1,4702.0,1,4788.0,1,0.0,1,6037.0,1,4789.0,1,3901.0,1,6549.0,1,6868.0
75,2014-04-11,6052.0,667.0,1.0,0.0,0,0.0,5.0,0.9785565,-0.20597862,0.8660254,-0.5,2,0,0,1,5174.0,1,4702.0,1,5090.0,1,5934.0,1,0.0,1,4823.0,1,4978.0,1,5654.0
75,2014-04-12,5902.0,637.0,1.0,0.0,0,0.0,6.0,0.9785565,-0.20597862,0.8660254,-0.5,2,0,0,1,6052.0,1,5174.0,1,4788.0,1,6182.0,1,7504.0,1,4677.0,1,5270.0,1,5059.0
75,2014-04-13,0.0,0.0,0.0,0.0,0,0.0,7.0,0.9785565,-0.20597862,0.8660254,-0.5,2,0,0,1,5902.0,1,6052.0,1,4702.0,1,5758.0,1,6214.0,1,6292.0,1,5012.0,1,5728.0
75,2014-04-14,8114.0,796.0,1.0,1.0,0,0.0,1.0,0.94732636,-0.32026985,0.8660254,-0.5,2,0,0,1,0.0,1,5902.0,1,5174.0,1,0.0,1,6037.0,1,4789.0,1,6353.0,1,5758.0
75,2014-04-15,6857.0,693.0,1.0,1.0,0,0.0,2.0,0.94732636,-0.32026985,0.8660254,-0.5,2,0,0,1,8114.0,1,0.0,1,6052.0,1,5090.0,1,5934.0,1,0.0,1,5249.0,1,4906.0
75,2014-04-16,7118.0,693.0,1.0,1.0,0,1.0,3.0,0.94732636,-0.32026985,0.8660254,-0.5,2,0,0,1,6857.0,1,8114.0,1,5902.0,1,4788.0,1,6182.0,1,7504.0,1,0.0,1,0.0
75,2014-04-17,9449.0,895.0,1.0,1.0,0,1.0,4.0,0.94732636,-0.32026985,0.8660254,-0.5,2,0,0,1,7118.0,1,6857.0,1,0.0,1,4702.0,1,5758.0,1,6214.0,1,4538.0,1,4165.0
75,2014-04-18,0.0,0.0,0.0,1.0,2,1.0,5.0,0.94732636,-0.32026985,0.8660254,-0.5,2,0,0,1,9449.0,1,7118.0,1,8114.0,1,5174.0,1,0.0,1,6037.0,1,3901.0,1,4149.0
75,2014-04-19,9693.0,997.0,1.0,0.0,0,0.0,6.0,0.94732636,-0.32026985,0.8660254,-0.5,2,0,0,1,0.0,1,9449.0,1,6857.0,1,6052.0,1,5090.0,1,5934.0,1,4823.0,1,4255.0
75,2014-04-20,0.0,0.0,0.0,0.0,0,0.0,7.0,0.94732636,-0.32026985,0.8660254,-0.5,2,0,0,1,9693.0,1,0.0,1,7118.0,1,5902.0,1,4788.0,1,6182.0,1,4677.0,1,5210.0
75,2014-04-21,0.0,0.0,0.0,0.0,2,1.0,1.0,0.9027978,-0.4300652,0.8660254,-0.5,2,0,0,1,0.0,1,9693.0,1,9449.0,1,0.0,1,4702.0,1,5758.0,1,6292.0,1,6747.0
75,2014-04-22,5951.0,680.0,1.0,0.0,0,1.0,2.0,0.9027978,-0.4300652,0.8660254,-0.5,2,0,0,1,0.0,1,0.0,1,0.0,1,8114.0,1,5174.0,1,0.0,1,4789.0,1,5665.0
75,2014-04-23,5441.0,580.0,1.0,0.0,0,1.0,3.0,0.9027978,-0.4300652,0.8660254,-0.5,2,0,0,1,5951.0,1,0.0,1,9693.0,1,6857.0,1,6052.0,1,5090.0,1,0.0,1,0.0
75,2014-04-24,4798.0,556.0,1.0,0.0,0,1.0,4.0,0.9027978,-0.4300652,0.8660254,-0.5,2,0,0,1,5441.0,1,5951.0,1,0.0,1,7118.0,1,5902.0,1,4788.0,1,7504.0,1,7834.0
75,2014-04-25,4845.0,593.0,1.0,0.0,0,1.0,5.0,0.9027978,-0.4300652,0.8660254,-0.5,2,0,0,1,4798.0,1,5441.0,1,0.0,1,9449.0,1,0.0,1,4702.0,1,6214.0,1,5749.0
75,2014-04-26,4386.0,534.0,1.0,0.0,0,0.0,6.0,0.9027978,-0.4300652,0.8660254,-0.5,2,0,0,1,4845.0,1,4798.0,1,5951.0,1,0.0,1,8114.0,1,5174.0,1,6037.0,1,5285.0
75,2014-04-27,0.0,0.0,0.0,0.0,0,0.0,7.0,0.9027978,-0.4300652,0.8660254,-0.5,2,0,0,1,4386.0,1,4845.0,1,5441.0,1,9693.0,1,6857.0,1,6052.0,1,5934.0,1,5958.0
75,2014-04-28,6479.0,722.0,1.0,1.0,0,1.0,1.0,0.845596,-0.5338234,0.8660254,-0.5,2,0,0,1,0.0,1,4386.0,1,4798.0,1,0.0,1,7118.0,1,5902.0,1,6182.0,1,5861.0
75,2014-04-29,7022.0,672.0,1.0,1.0,0,1.0,2.0,0.845596,-0.5338234,0.8660254,-0.5,2,0,0,1,6479.0,1,0.0,1,4845.0,1,0.0,1,9449.0,1,0.0,1,5758.0,1,4914.0
75,2014-04-30,8753.0,873.0,1.0,1.0,0,1.0,3.0,0.845596,-0.5338234,0.8660254,-0.5,2,0,1,1,7022.0,1,6479.0,1,4386.0,1,5951.0,1,0.0,1,8114.0,1,0.0,1,0.0
75,2014-05-01,0.0,0.0,0.0,1.0,1,1.0,4.0,0.845596,-0.5338234,0.5,-0.8660254,2,1,0,1,8753.0,1,7022.0,1,0.0,1,5441.0,1,9693.0,1,6857.0,1,5090.0,1,5012.0
75,2014-05-02,8948.0,957.0,1.0,1.0,0,1.0,5.0,0.845596,-0.5338234,0.5,-0.8660254,2,0,0,1,0.0,1,8753.0,1,6479.0,1,4798.0,1,0.0,1,7118.0,1,4788.0,1,4432.0
75,2014-05-03,5830.0,686.0,1.0,0.0,0,0.0,6.0,0.845596,-0.5338234,0.5,-0.8660254,2,0,0,1,8948.0,1,0.0,1,7022.0,1,4845.0,1,0.0,1,9449.0,1,4702.0,1,4042.0
75,2014-05-04,0.0,0.0,0.0,0.0,0,0.0,7.0,0.845596,-0.5338234,0.5,-0.8660254,2,0,0,1,5830.0,1,8948.0,1,8753.0,1,4386.0,1,5951.0,1,0.0,1,5174.0,1,4835.0
75,2014-05-05,7424.0,764.0,1.0,1.0,0,0.0,1.0,0.7765239,-0.63008785,0.5,-0.8660254,2,0,0,1,0.0,1,5830.0,1,0.0,1,0.0,1,5441.0,1,9693.0,1,6052.0,1,5446.0
75,2014-05-06,6218.0,638.0,1.0,1.0,0,0.0,2.0,0.7765239,-0.63008785,0.5,-0.8660254,2,0,0,1,7424.0,1,0.0,1,8948.0,1,6479.0,1,4798.0,1,0.0,1,5902.0,1,5394.0
75,2014-05-07,6319.0,652.0,1.0,1.0,0,0.0,3.0,0.7765239,-0.63008785,0.5,-0.8660254,2,0,0,1,6218.0,1,7424.0,1,5830.0,1,7022.0,1,4845.0,1,0.0,1,0.0,1,0.0
75,2014-05-08,6237.0,654.0,1.0,1.0,0,0.0,4.0,0.7765239,-0.63008785,0.5,-0.8660254,2,0,0,1,6319.0,1,6218.0,1,0.0,1,8753.0,1,4386.0,1,5951.0,1,8114.0,1,6549.0
75,2014-05-09,6252.0,695.0,1.0,1.0,0,0.0,5.0,0.7765239,-0.63008785,0.5,-0.8660254,2,0,0,1,6237.0,1,6319.0,1,7424.0,1,0.0,1,0.0,1,5441.0,1,6857.0,1,4978.0
75,2014-05-10,6181.0,707.0,1.0,0.0,0,0.0,6.0,0.7765239,-0.63008785,0.5,-0.8660254,2,0,0,1,6252.0,1,6237.0,1,6218.0,1,8948.0,1,6479.0,1,4798.0,1,7118.0,1,5270.0
75,2014-05-11,0.0,0.0,0.0,0.0,0,0.0,7.0,0.7765239,-0.63008785,0.5,-0.8660254,2,0,0,1,6181.0,1,6252.0,1,6319.0,1,5830.0,1,7022.0,1,4845.0,1,9449.0,1,5012.0
75,2014-05-12,4954.0,585.0,1.0,0.0,0,0.0,1.0,0.696551,-0.71750724,0.5,-0.8660254,2,0,0,1,0.0,1,6181.0,1,6237.0,1,0.0,1,8753.0,1,4386.0,1,0.0,1,6353.0
75,2014-05-13,4667.0,547.0,1.0,0.0,0,0.0,2.0,0.696551,-0.71750724,0.5,-0.8660254,2,0,0,1,4954.0,1,0.0,1,6252.0,1,7424.0,1,0.0,1,0.0,1,9693.0,1,5249.0
75,2014-05-14,4732.0,534.0,1.0,0.0,0,0.0,3.0,0.696551,-0.71750724,0.5,-0.8660254,2,0,0,1,4667.0,1,4954.0,1,6181.0,1,6218.0,1,8948.0,1,6479.0,1,0.0,1,0.0
75,2014-05-15,5214.0,563.0,1.0,0.0,0,0.0,4.0,0.696551,-0.71750724,0.5,-0.8660254,2,0,0,1,4732.0,1,4667.0,1,0.0,1,6319.0,1,5830.0,1,7022.0,1,0.0,1,4538.0
75,2014-05-16,6068.0,649.0,1.0,0.0,0,0.0,5.0,0.696551,-0.71750724,0.5,-0.8660254,2,0,0,1,5214.0,1,4732.0,1,4954.0,1,6237.0,1,0.0,1,8753.0,1,5951.0,1,3901.0
75,2014-05-17,5350.0,631.0,1.0,0.0,0,0.0,6.0,0.696551,-0.71750724,0.5,-0.8660254,2,0,0,1,6068.0,1,5214.0,1,4667.0,1,6252.0,1,7424.0,1,0.0,1,5441.0,1,4823.0
75,2014-05-18,0.0,0.0,0.0,0.0,0,0.0,7.0,0.696551,-0.71750724,0.5,-0.8660254,2,0,0,1,5350.0,1,6068.0,1,4732.0,1,6181.0,1,6218.0,1,8948.0,1,4798.0,1,4677.0
75,2014-05-19,7445.0,737.0,1.0,1.0,0,0.0,1.0,0.60680014,-0.79485446,0.5,-0.8660254,2,0,0,1,0.0,1,5350.0,1,5214.0,1,0.0,1,6319.0,1,5830.0,1,4845.0,1,6292.0
75,2014-05-20,5430.0,560.0,1.0,1.0,0,0.0,2.0,0.60680014,-0.79485446,0.5,-0.8660254,2,0,0,1,7445.0,1,0.0,1,6068.0,1,4954.0,1,6237.0,1,0.0,1,4386.0,1,4789.0
75,2014-05-21,4856.0,553.0,1.0,1.0,0,0.0,3.0,0.60680014,-0.79485446,0.5,-0.8660254,2,0,0,1,5430.0,1,7445.0,1,5350.0,1,4667.0,1,6252.0,1,7424.0,1,0.0,1,0.0
75,2014-05-22,5553.0,614.0,1.0,1.0,0,0.0,4.0,0.60680014,-0.79485446,0.5,-0.8660254,2,0,0,1,4856.0,1,5430.0,1,0.0,1,4732.0,1,6181.0,1,6218.0,1,6479.0,1,7504.0
75,2014-05-23,6149.0,670.0,1.0,1.0,0,0.0,5.0,0.60680014,-0.79485446,0.5,-0.8660254,2,0,0,1,5553.0,1,4856.0,1,7445.0,1,5214.0,1,0.0,1,6319.0,1,7022.0,1,6214.0
75,2014-05-24,5409.0,625.0,1.0,0.0,0,0.0,6.0,0.60680014,-0.79485446,0.5,-0.8660254,2,0,0,1,6149.0,1,5553.0,1,5430.0,1,6068.0,1,4954.0,1,6237.0,1,8753.0,1,6037.0
75,2014-05-25,0.0,0.0,0.0,0.0,0,0.0,7.0,0.60680014,-0.79485446,0.5,-0.8660254,2,0,0,1,5409.0,1,6149.0,1,4856.0,1,5350.0,1,4667.0,1,6252.0,1,0.0,1,5934.0
75,2014-05-26,4675.0,577.0,1.0,0.0,0,0.0,1.0,0.5085311,-0.86104363,0.5,-0.8660254,2,0,0,1,0.0,1,5409.0,1,5553.0,1,0.0,1,4732.0,1,6181.0,1,8948.0,1,6182.0
75,2014-05-27,4896.0,567.0,1.0,0.0,0,0.0,2.0,0.5085311,-0.86104363,0.5,-0.8660254,2,0,0,1,4675.0,1,0.0,1,6149.0,1,7445.0,1,5214.0,1,0.0,1,5830.0,1,5758.0
75,2014-05-28,6959.0,744.0,1.0,0.0,0,0.0,3.0,0.5085311,-0.86104363,0.5,-0.8660254,2,0,0,1,4896.0,1,4675.0,1,5409.0,1,5430.0,1,6068.0,1,4954.0,1,0.0,1,0.0
75,2014-05-29,0.0,0.0,0.0,0.0,1,0.0,4.0,0.5085311,-0.86104363,0.5,-0.8660254,2,0,0,1,6959.0,1,4896.0,1,0.0,1,4856.0,1,5350.0,1,4667.0,1,7424.0,1,5090.0
75,2014-05-30,7083.0,751.0,1.0,0.0,0,1.0,5.0,0.5085311,-0.86104363,0.5,-0.8660254,2,0,0,1,0.0,1,6959.0,1,4675.0,1,5553.0,1,0.0,1,4732.0,1,6218.0,1,4788.0
75,2014-05-31,6447.0,687.0,1.0,0.0,0,0.0,6.0,0.5085311,-0.86104363,0.5,-0.8660254,2,0,1,1,7083.0,1,0.0,1,4896.0,1,6149.0,1,7445.0,1,5214.0,1,6319.0,1,4702.0
75,2014-06-01,0.0,0.0,0.0,0.0,0,0.0,7.0,0.5085311,-0.86104363,1.2246469e-16,-1.0,2,1,0,1,6447.0,1,7083.0,1,6959.0,1,5409.0,1,5430.0,1,6068.0,1,6237.0,1,5174.0
75,2014-06-02,7044.0,735.0,1.0,1.0,0,0.0,1.0,0.40312344,-0.91514564,1.2246469e-16,-1.0,2,0,0,1,0.0,1,6447.0,1,0.0,1,0.0,1,4856.0,1,5350.0,1,6252.0,1,6052.0
75,2014-06-03,5699.0,622.0,1.0,1.0,0,0.0,2.0,0.40312344,-0.91514564,1.2246469e-16,-1.0,2,0,0,1,7044.0,1,0.0,1,7083.0,1,4675.0,1,5553.0,1,0.0,1,6181.0,1,5902.0
75,2014-06-04,5826.0,630.0,1.0,1.0,0,0.0,3.0,0.40312344,-0.91514564,1.2246469e-16,-1.0,2,0,0,1,5699.0,1,7044.0,1,6447.0,1,4896.0,1,6149.0,1,7445.0,1,0.0,1,0.0
75,2014-06-05,7093.0,718.0,1.0,1.0,0,0.0,4.0,0.40312344,-0.91514564,1.2246469e-16,-1.0,2,0,0,1,5826.0,1,5699.0,1,0.0,1,6959.0,1,5409.0,1,5430.0,1,4954.0,1,8114.0
75,2014-06-06,7097.0,766.0,1.0,1.0,0,0.0,5.0,0.40312344,-0.91514564,1.2246469e-16,-1.0,2,0,0,1,7093.0,1,5826.0,1,7044.0,1,0.0,1,0.0,1,4856.0,1,4667.0,1,6857.0
75,2014-06-07,5921.0,695.0,1.0,0.0,0,0.0,6.0,0.40312344,-0.91514564,1.2246469e-16,-1.0,2,0,0,1,7097.0,1,7093.0,1,5699.0,1,7083.0,1,4675.0,1,5553.0,1,4732.0,1,7118.0
75,2014-06-08,0.0,0.0,0.0,0.0,0,0.0,7.0,0.40312344,-0.91514564,1.2246469e-16,-1.0,2,0,0,1,5921.0,1,7097.0,1,5826.0,1,6447.0,1,4896.0,1,6149.0,1,5214.0,1,9449.0
75,2014-06-09,0.0,0.0,0.0,0.0,1,0.0,1.0,0.29205677,-0.956401,1.2246469e-16,-1.0,2,0,0,1,0.0,1,5921.0,1,7093.0,1,0.0,1,6959.0,1,5409.0,1,6068.0,1,0.0
75,2014-06-10,6063.0,675.0,1.0,0.0,0,0.0,2.0,0.29205677,-0.956401,1.2246469e-16,-1.0,2,0,0,1,0.0,1,0.0,1,7097.0,1,7044.0,1,0.0,1,0.0,1,5350.0,1,9693.0
75,2014-06-11,6338.0,655.0,1.0,0.0,0,0.0,3.0,0.29205677,-0.956401,1.2246469e-16,-1.0,2,0,0,1,6063.0,1,0.0,1,5921.0,1,5699.0,1,7083.0,1,4675.0,1,0.0,1,0.0
75,2014-06-12,5361.0,609.0,1.0,0.0,0,0.0,4.0,0.29205677,-0.956401,1.2246469e-16,-1.0,2,0,0,1,6338.0,1,6063.0,1,0.0,1,5826.0,1,6447.0,1,4896.0,1,7445.0,1,0.0
75,2014-06-13,6307.0,693.0,1.0,0.0,0,0.0,5.0,0.29205677,-0.956401,1.2246469e-16,-1.0,2,0,0,1,5361.0,1,6338.0,1,0.0,1,7093.0,1,0.0,1,6959.0,1,5430.0,1,5951.0
75,2014-06-14,6570.0,684.0,1.0,0.0,0,0.0,6.0,0.29205677,-0.956401,1.2246469e-16,-1.0,2,0,0,1,6307.0,1,5361.0,1,6063.0,1,7097.0,1,7044.0,1,0.0,1,4856.0,1,5441.0
75,2014-06-15,0.0,0.0,0.0,0.0,0,0.0,7.0,0.29205677,-0.956401,1.2246469e-16,-1.0,2,0,0,1,6570.0,1,6307.0,1,6338.0,1,5921.0,1,5699.0,1,7083.0,1,5553.0,1,4798.0
75,2014-06-16,7320.0,753.0,1.0,1.0,0,0.0,1.0,0.17689027,-0.9842306,1.2246469e-16,-1.0,2,0,0,1,0.0,1,6570.0,1,5361.0,1,0.0,1,5826.0,1,6447.0,1,6149.0,1,4845.0
75,2014-06-17,5411.0,596.0,1.0,1.0,0,0.0,2.0,0.17689027,-0.9842306,1.2246469e-16,-1.0,2,0,0,1,7320.0,1,0.0,1,6307.0,1,0.0,1,7093.0,1,0.0,1,5409.0,1,4386.0
75,2014-06-18,5745.0,632.0,1.0,1.0,0,0.0,3.0,0.17689027,-0.9842306,1.2246469e-16,-1.0,2,0,0,1,5411.0,1,7320.0,1,6570.0,1,6063.0,1,7097.0,1,7044.0,1,0.0,1,0.0
75,2014-06-19,5949.0,648.0,1.0,1.0,0,0.0,4.0,0.17689027,-0.9842306,1.2246469e-16,-1.0,2,0,0,1,5745.0,1,5411.0,1,0.0,1,6338.0,1,5921.0,1,5699.0,1,4675.0,1,6479.0
75,2014-06-20,6447.0,708.0,1.0,1.0,0,0.0,5.0,0.17689027,-0.9842306,1.2246469e-16,-1.0,2,0,0,1,5949.0,1,5745.0,1,7320.0,1,5361.0,1,0.0,1,5826.0,1,4896.0,1,7022.0
75,2014-06-21,5594.0,641.0,1.0,0.0,0,0.0,6.0,0.17689027,-0.9842306,1.2246469e-16,-1.0,2,0,0,1,6447.0,1,5949.0,1,5411.0,1,6307.0,1,0.0,1,7093.0,1,6959.0,1,8753.0
75,2014-06-22,0.0,0.0,0.0,0.0,0,0.0,7.0,0.17689027,-0.9842306,1.2246469e-16,-1.0,2,0,0,1,5594.0,1,6447.0,1,5745.0,1,6570.0,1,6063.0,1,7097.0,1,0.0,1,0.0
75,2014-06-23,4900.0,565.0,1.0,0.0,0,0.0,1.0,0.059240628,-0.99824375,1.2246469e-16,-1.0,2,0,0,1,0.0,1,5594.0,1,5949.0,1,0.0,1,6338.0,1,5921.0,1,7083.0,1,8948.0
75,2014-06-24,4226.0,494.0,1.0,0.0,0,0.0,2.0,0.059240628,-0.99824375,1.2246469e-16,-1.0,2,0,0,1,4900.0,1,0.0,1,6447.0,1,7320.0,1,5361.0,1,0.0,1,6447.0,1,5830.0
75,2014-06-25,4682.0,534.0,1.0,0.0,0,0.0,3.0,0.059240628,-0.99824375,1.2246469e-16,-1.0,2,0,0,1,4226.0,1,4900.0,1,5594.0,1,5411.0,1,6307.0,1,0.0,1,0.0,1,0.0
75,2014-06-26,4462.0,502.0,1.0,0.0,0,0.0,4.0,0.059240628,-0.99824375,1.2246469e-16,-1.0,2,0,0,1,4682.0,1,4226.0,1,0.0,1,5745.0,1,6570.0,1,6063.0,1,7044.0,1,7424.0
75,2014-06-27,6135.0,675.0,1.0,0.0,0,0.0,5.0,0.059240628,-0.99824375,1.2246469e-16,-1.0,2,0,0,1,4462.0,1,4682.0,1,4900.0,1,5949.0,1,0.0,1,6338.0,1,5699.0,1,6218.0
75,2014-06-28,5697.0,616.0,1.0,0.0,0,0.0,6.0,0.059240628,-0.99824375,1.2246469e-16,-1.0,2,0,0,1,6135.0,1,4462.0,1,4226.0,1,6447.0,1,7320.0,1,5361.0,1,5826.0,1,6319.0
75,2014-06-29,0.0,0.0,0.0,0.0,0,0.0,7.0,0.059240628,-0.99824375,1.2246469e-16,-1.0,2,0,0,1,5697.0,1,6135.0,1,4682.0,1,5594.0,1,5411.0,1,6307.0,1,7093.0,1,6237.0
75,2014-06-30,7848.0,769.0,1.0,1.0,0,0.0,1.0,-0.059240628,-0.99824375,1.2246469e-16,-1.0,2,0,1,1,0.0,1,5697.0,1,4462.0,1,0.0,1,5745.0,1,6570.0,1,7097.0,1,6252.0
75,2014-07-01,6882.0,678.0,1.0,1.0,0,0.0,2.0,-0.059240628,-0.99824375,-0.5,-0.8660254,3,1,0,1,7848.0,1,0.0,1,6135.0,1,4900.0,1,5949.0,1,0.0,1,5921.0,1,6181.0
75,2014-07-02,7567.0,726.0,1.0,1.0,0,0.0,3.0,-0.059240628,-0.99824375,-0.5,-0.8660254,3,0,0,1,6882.0,1,7848.0,1,5697.0,1,4226.0,1,6447.0,1,7320.0,1,0.0,1,0.0
75,2014-07-03,6057.0,657.0,1.0,1.0,0,0.0,4.0,-0.059240628,-0.99824375,-0.5,-0.8660254,3,0,0,1,7567.0,1,6882.0,1,0.0,1,4682.0,1,5594.0,1,5411.0,1,0.0,1,4954.0
75,2014-07-04,5847.0,678.0,1.0,1.0,0,0.0,5.0,-0.059240628,-0.99824375,-0.5,-0.8660254,3,0,0,1,6057.0,1,7567.0,1,7848.0,1,4462.0,1,0.0,1,5745.0,1,6063.0,1,4667.0
75,2014-07-05,5641.0,644.0,1.0,0.0,0,0.0,6.0,-0.059240628,-0.99824375,-0.5,-0.8660254,3,0,0,1,5847.0,1,6057.0,1,6882.0,1,6135.0,1,4900.0,1,5949.0,1,6338.0,1,4732.0
75,2014-07-06,0.0,0.0,0.0,0.0,0,0.0,7.0,-0.059240628,-0.99824375,-0.5,-0.8660254,3,0,0,1,5641.0,1,5847.0,1,7567.0,1,5697.0,1,4226.0,1,6447.0,1,5361.0,1,5214.0
75,2014-07-07,5796.0,648.0,1.0,0.0,0,0.0,1.0,-0.17689027,-0.9842306,-0.5,-0.8660254,3,0,0,1,0.0,1,5641.0,1,6057.0,1,0.0,1,4682.0,1,5594.0,1,6307.0,1,6068.0
75,2014-07-08,5922.0,611.0,1.0,0.0,0,0.0,2.0,-0.17689027,-0.9842306,-0.5,-0.8660254,3,0,0,1,5796.0,1,0.0,1,5847.0,1,7848.0,1,4462.0,1,0.0,1,6570.0,1,5350.0
75,2014-07-09,4527.0,517.0,1.0,0.0,0,0.0,3.0,-0.17689027,-0.9842306,-0.5,-0.8660254,3,0,0,1,5922.0,1,5796.0,1,5641.0,1,6882.0,1,6135.0,1,4900.0,1,0.0,1,0.0
75,2014-07-10,5209.0,628.0,1.0,0.0,0,0.0,4.0,-0.17689027,-0.9842306,-0.5,-0.8660254,3,0,0,1,4527.0,1,5922.0,1,0.0,1,7567.0,1,5697.0,1,4226.0,1,7320.0,1,7445.0
75,2014-07-11,6120.0,705.0,1.0,0.0,0,0.0,5.0,-0.17689027,-0.9842306,-0.5,-0.8660254,3,0,0,1,5209.0,1,4527.0,1,5796.0,1,6057.0,1,0.0,1,4682.0,1,5411.0,1,5430.0
75,2014-07-12,7237.0,747.0,1.0,0.0,0,0.0,6.0,-0.17689027,-0.9842306,-0.5,-0.8660254,3,0,0,1,6120.0,1,5209.0,1,5922.0,1,5847.0,1,7848.0,1,4462.0,1,5745.0,1,4856.0
75,2014-07-13,0.0,0.0,0.0,0.0,0,0.0,7.0,-0.17689027,-0.9842306,-0.5,-0.8660254,3,0,0,1,7237.0,1,6120.0,1,4527.0,1,5641.0,1,6882.0,1,6135.0,1,5949.0,1,5553.0
75,2014-07-14,7846.0,747.0,1.0,1.0,0,1.0,1.0,-0.29205677,-0.956401,-0.5,-0.8660254,3,0,0,1,0.0,1,7237.0,1,5209.0,1,0.0,1,7567.0,1,5697.0,1,6447.0,1,6149.0
75,2014-07-15,7533.0,721.0,1.0,1.0,0,1.0,2.0,-0.29205677,-0.956401,-0.5,-0.8660254,3,0,0,1,7846.0,1,0.0,1,6120.0,1,5796.0,1,6057.0,1,0.0,1,5594.0,1,5409.0
75,2014-07-16,6343.0,650.0,1.0,1.0,0,1.0,3.0,-0.29205677,-0.956401,-0.5,-0.8660254,3,0,0,1,7533.0,1,7846.0,1,7237.0,1,5922.0,1,5847.0,1,7848.0,1,0.0,1,0.0
75,2014-07-17,5790.0,645.0,1.0,1.0,0,1.0,4.0,-0.29205677,-0.956401,-0.5,-0.8660254,3,0,0,1,6343.0,1,7533.0,1,0.0,1,4527.0,1,5641.0,1,6882.0,1,4900.0,1,4675.0
75,2014-07-18,6962.0,732.0,1.0,1.0,0,1.0,5.0,-0.29205677,-0.956401,-0.5,-0.8660254,3,0,0,1,5790.0,1,6343.0,1,7846.0,1,5209.0,1,0.0,1,7567.0,1,4226.0,1,4896.0
75,2014-07-19,5254.0,594.0,1.0,0.0,0,0.0,6.0,-0.29205677,-0.956401,-0.5,-0.8660254,3,0,0,1,6962.0,1,5790.0,1,7533.0,1,6120.0,1,5796.0,1,6057.0,1,4682.0,1,6959.0
75,2014-07-20,0.0,0.0,0.0,0.0,0,0.0,7.0,-0.29205677,-0.956401,-0.5,-0.8660254,3,0,0,1,5254.0,1,6962.0,1,6343.0,1,7237.0,1,5922.0,1,5847.0,1,4462.0,1,0.0
75,2014-07-21,6082.0,639.0,1.0,0.0,0,1.0,1.0,-0.40312344,-0.91514564,-0.5,-0.8660254,3,0,0,1,0.0,1,5254.0,1,5790.0,1,0.0,1,4527.0,1,5641.0,1,6135.0,1,7083.0
75,2014-07-22,5434.0,601.0,1.0,0.0,0,1.0,2.0,-0.40312344,-0.91514564,-0.5,-0.8660254,3,0,0,1,6082.0,1,0.0,1,6962.0,1,7846.0,1,5209.0,1,0.0,1,5697.0,1,6447.0
75,2014-07-23,5651.0,595.0,1.0,0.0,0,1.0,3.0,-0.40312344,-0.91514564,-0.5,-0.8660254,3,0,0,1,5434.0,1,6082.0,1,5254.0,1,7533.0,1,6120.0,1,5796.0,1,0.0,1,0.0
75,2014-07-24,4902.0,579.0,1.0,0.0,0,1.0,4.0,-0.40312344,-0.91514564,-0.5,-0.8660254,3,0,0,1,5651.0,1,5434.0,1,0.0,1,6343.0,1,7237.0,1,5922.0,1,7848.0,1,7044.0
75,2014-07-25,6168.0,659.0,1.0,0.0,0,1.0,5.0,-0.40312344,-0.91514564,-0.5,-0.8660254,3,0,0,1,4902.0,1,5651.0,1,6082.0,1,5790.0,1,0.0,1,4527.0,1,6882.0,1,5699.0
75,2014-07-26,5995.0,680.0,1.0,0.0,0,0.0,6.0,-0.40312344,-0.91514564,-0.5,-0.8660254,3,0,0,1,6168.0,1,4902.0,1,5434.0,1,6962.0,1,7846.0,1,5209.0,1,7567.0,1,5826.0
75,2014-07-27,0.0,0.0,0.0,0.0,0,0.0,7.0,-0.40312344,-0.91514564,-0.5,-0.8660254,3,0,0,1,5995.0,1,6168.0,1,5651.0,1,5254.0,1,7533.0,1,6120.0,1,6057.0,1,7093.0
75,2014-07-28,7378.0,723.0,1.0,1.0,0,1.0,1.0,-0.5085311,-0.86104363,-0.5,-0.8660254,3,0,0,1,0.0,1,5995.0,1,4902.0,1,0.0,1,6343.0,1,7237.0,1,5847.0,1,7097.0
75,2014-07-29,5654.0,631.0,1.0,1.0,0,1.0,2.0,-0.5085311,-0.86104363,-0.5,-0.8660254,3,0,0,1,7378.0,1,0.0,1,6168.0,1,6082.0,1,5790.0,1,0.0,1,5641.0,1,5921.0
75,2014-07-30,7935.0,728.0,1.0,1.0,0,1.0,3.0,-0.5085311,-0.86104363,-0.5,-0.8660254,3,0,0,1,5654.0,1,7378.0,1,5995.0,1,5434.0,1,6962.0,1,7846.0,1,0.0,1,0.0
75,2014-07-31,8449.0,796.0,1.0,1.0,0,1.0,4.0,-0.5085311,-0.86104363,-0.5,-0.8660254,3,0,1,1,7935.0,1,5654.0,1,0.0,1,5651.0,1,5254.0,1,7533.0,1,5796.0,1,0.0
75,2014-08-01,7755.0,753.0,1.0,1.0,0,1.0,5.0,-0.5085311,-0.86104363,-0.8660254,-0.5,3,1,0,1,8449.0,1,7935.0,1,7378.0,1,4902.0,1,0.0,1,6343.0,1,5922.0,1,6063.0
75,2014-08-02,6027.0,651.0,1.0,0.0,0,0.0,6.0,-0.5085311,-0.86104363,-0.8660254,-0.5,3,0,0,1,7755.0,1,8449.0,1,5654.0,1,6168.0,1,6082.0,1,5790.0,1,4527.0,1,6338.0
75,2014-08-03,0.0,0.0,0.0,0.0,0,0.0,7.0,-0.5085311,-0.86104363,-0.8660254,-0.5,3,0,0,1,6027.0,1,7755.0,1,7935.0,1,5995.0,1,5434.0,1,6962.0,1,5209.0,1,5361.0
75,2014-08-04,8407.0,836.0,1.0,1.0,0,1.0,1.0,-0.60680014,-0.79485446,-0.8660254,-0.5,3,0,0,1,0.0,1,6027.0,1,8449.0,1,0.0,1,5651.0,1,5254.0,1,6120.0,1,6307.0
75,2014-08-05,7176.0,668.0,1.0,1.0,0,1.0,2.0,-0.60680014,-0.79485446,-0.8660254,-0.5,3,0,0,1,8407.0,1,0.0,1,7755.0,1,7378.0,1,4902.0,1,0.0,1,7237.0,1,6570.0
75,2014-08-06,5957.0,631.0,1.0,1.0,0,1.0,3.0,-0.60680014,-0.79485446,-0.8660254,-0.5,3,0,0,1,7176.0,1,8407.0,1,6027.0,1,5654.0,1,6168.0,1,6082.0,1,0.0,1,0.0
75,2014-08-07,6577.0,652.0,1.0,1.0,0,1.0,4.0,-0.60680014,-0.79485446,-0.8660254,-0.5,3,0,0,1,5957.0,1,7176.0,1,0.0,1,7935.0,1,5995.0,1,5434.0,1,7846.0,1,7320.0
75,2014-08-08,6182.0,665.0,1.0,1.0,0,1.0,5.0,-0.60680014,-0.79485446,-0.8660254,-0.5,3,0,0,1,6577.0,1,5957.0,1,8407.0,1,8449.0,1,0.0,1,5651.0,1,7533.0,1,5411.0
75,2014-08-09,5912.0,656.0,1.0,0.0,0,0.0,6.0,-0.60680014,-0.79485446,-0.8660254,-0.5,3,0,0,1,6182.0,1,6577.0,1,7176.0,1,7755.0,1,7378.0,1,4902.0,1,6343.0,1,5745.0
75,2014-08-10,0.0,0.0,0.0,0.0,0,0.0,7.0,-0.60680014,-0.79485446,-0.8660254,-0.5,3,0,0,1,5912.0,1,6182.0,1,5957.0,1,6027.0,1,5654.0,1,6168.0,1,5790.0,1,5949.0
75,2014-08-11,6089.0,688.0,1.0,0.0,0,1.0,1.0,-0.696551,-0.71750724,-0.8660254,-0.5,3,0,0,1,0.0,1,5912.0,1,6577.0,1,0.0,1,7935.0,1,5995.0,1,6962.0,1,6447.0
75,2014-08-12,4934.0,542.0,1.0,0.0,0,1.0,2.0,-0.696551,-0.71750724,-0.8660254,-0.5,3,0,0,1,6089.0,1,0.0,1,6182.0,1,8407.0,1,8449.0,1,0.0,1,5254.0,1,5594.0
75,2014-08-13,4895.0,538.0,1.0,0.0,0,1.0,3.0,-0.696551,-0.71750724,-0.8660254,-0.5,3,0,0,1,4934.0,1,6089.0,1,5912.0,1,7176.0,1,7755.0,1,7378.0,1,0.0,1,0.0
75,2014-08-14,5642.0,571.0,1.0,0.0,0,1.0,4.0,-0.696551,-0.71750724,-0.8660254,-0.5,3,0,0,1,4895.0,1,4934.0,1,0.0,1,5957.0,1,6027.0,1,5654.0,1,6082.0,1,4900.0
75,2014-08-15,6036.0,684.0,1.0,0.0,0,1.0,5.0,-0.696551,-0.71750724,-0.8660254,-0.5,3,0,0,1,5642.0,1,4895.0,1,6089.0,1,6577.0,1,0.0,1,7935.0,1,5434.0,1,4226.0
75,2014-08-16,5593.0,598.0,1.0,0.0,0,0.0,6.0,-0.696551,-0.71750724,-0.8660254,-0.5,3,0,0,1,6036.0,1,5642.0,1,4934.0,1,6182.0,1,8407.0,1,8449.0,1,5651.0,1,4682.0
75,2014-08-17,0.0,0.0,0.0,0.0,0,0.0,7.0,-0.696551,-0.71750724,-0.8660254,-0.5,3,0,0,1,5593.0,1,6036.0,1,4895.0,1,5912.0,1,7176.0,1,7755.0,1,4902.0,1,4462.0
75,2014-08-18,7980.0,718.0,1.0,1.0,0,1.0,1.0,-0.7765239,-0.63008785,-0.8660254,-0.5,3,0,0,1,0.0,1,5593.0,1,5642.0,1,0.0,1,5957.0,1,6027.0,1,6168.0,1,6135.0
75,2014-08-19,6546.0,649.0,1.0,1.0,0,1.0,2.0,-0.7765239,-0.63008785,-0.8660254,-0.5,3,0,0,1,7980.0,1,0.0,1,6036.0,1,6089.0,1,6577.0,1,0.0,1,5995.0,1,5697.0
75,2014-08-20,6608.0,583.0,1.0,1.0,0,1.0,3.0,-0.7765239,-0.63008785,-0.8660254,-0.5,3,0,0,1,6546.0,1,7980.0,1,5593.0,1,4934.0,1,6182.0,1,8407.0,1,0.0,1,0.0
75,2014-08-21,6509.0,688.0,1.0,1.0,0,1.0,4.0,-0.7765239,-0.63008785,-0.8660254,-0.5,3,0,0,1,6608.0,1,6546.0,1,0.0,1,4895.0,1,5912.0,1,7176.0,1,7378.0,1,7848.0
75,2014-08-22,6738.0,716.0,1.0,1.0,0,1.0,5.0,-0.7765239,-0.63008785,-0.8660254,-0.5,3,0,0,1,6509.0,1,6608.0,1,7980.0,1,5642.0,1,0.0,1,5957.0,1,5654.0,1,6882.0
75,2014-08-23,6148.0,687.0,1.0,0.0,0,0.0,6.0,-0.7765239,-0.63008785,-0.8660254,-0.5,3,0,0,1,6738.0,1,6509.0,1,6546.0,1,6036.0,1,6089.0,1,6577.0,1,7935.0,1,7567.0
75,2014-08-24,0.0,0.0,0.0,0.0,0,0.0,7.0,-0.7765239,-0.63008785,-0.8660254,-0.5,3,0,0,1,6148.0,1,6738.0,1,6608.0,1,5593.0,1,4934.0,1,6182.0,1,8449.0,1,6057.0
75,2014-08-25,8458.0,834.0,1.0,0.0,0,0.0,1.0,-0.845596,-0.5338234,-0.8660254,-0.5,3,0,0,1,0.0,1,6148.0,1,6509.0,1,0.0,1,4895.0,1,5912.0,1,7755.0,1,5847.0
75,2014-08-26,5792.0,685.0,1.0,0.0,0,0.0,2.0,-0.845596,-0.5338234,-0.8660254,-0.5,3,0,0,1,8458.0,1,0.0,1,6738.0,1,7980.0,1,5642.0,1,0.0,1,6027.0,1,5641.0
75,2014-08-27,5174.0,605.0,1.0,0.0,0,0.0,3.0,-0.845596,-0.5338234,-0.8660254,-0.5,3,0,0,1,5792.0,1,8458.0,1,6148.0,1,6546.0,1,6036.0,1,6089.0,1,0.0,1,0.0
75,2014-08-28,6383.0,684.0,1.0,0.0,0,0.0,4.0,-0.845596,-0.5338234,-0.8660254,-0.5,3,0,0,1,5174.0,1,5792.0,1,0.0,1,6608.0,1,5593.0,1,4934.0,1,8407.0,1,5796.0
75,2014-08-29,7621.0,812.0,1.0,0.0,0,0.0,5.0,-0.845596,-0.5338234,-0.8660254,-0.5,3,0,0,1,6383.0,1,5174.0,1,8458.0,1,6509.0,1,0.0,1,4895.0,1,7176.0,1,5922.0
75,2014-08-30,7182.0,743.0,1.0,0.0,0,0.0,6.0,-0.845596,-0.5338234,-0.8660254,-0.5,3,0,0,1,7621.0,1,6383.0,1,5792.0,1,6738.0,1,7980.0,1,5642.0,1,5957.0,1,4527.0
75,2014-08-31,0.0,0.0,0.0,0.0,0,0.0,7.0,-0.845596,-0.5338234,-0.8660254,-0.5,3,0,1,1,7182.0,1,7621.0,1,5174.0,1,6148.0,1,6546.0,1,6036.0,1,6577.0,1,5209.0
75,2014-09-01,8063.0,835.0,1.0,1.0,0,0.0,1.0,-0.9027978,-0.4300652,-1.0,-1.8369701e-16,3,1,0,1,0.0,1,7182.0,1,6383.0,1,0.0,1,6608.0,1,5593.0,1,6182.0,1,6120.0
75,2014-09-02,6994.0,695.0,1.0,1.0,0,0.0,2.0,-0.9027978,-0.4300652,-1.0,-1.8369701e-16,3,0,0,1,8063.0,1,0.0,1,7621.0,1,8458.0,1,6509.0,1,0.0,1,5912.0,1,7237.0
75,2014-09-03,6003.0,644.0,1.0,1.0,0,0.0,3.0,-0.9027978,-0.4300652,-1.0,-1.8369701e-16,3,0,0,1,6994.0,1,8063.0,1,7182.0,1,5792.0,1,6738.0,1,7980.0,1,0.0,1,0.0
75,2014-09-04,5780.0,641.0,1.0,1.0,0,0.0,4.0,-0.9027978,-0.4300652,-1.0,-1.8369701e-16,3,0,0,1,6003.0,1,6994.0,1,0.0,1,5174.0,1,6148.0,1,6546.0,1,6089.0,1,7846.0
75,2014-09-05,6234.0,662.0,1.0,1.0,0,0.0,5.0,-0.9027978,-0.4300652,-1.0,-1.8369701e-16,3,0,0,1,5780.0,1,6003.0,1,8063.0,1,6383.0,1,0.0,1,6608.0,1,4934.0,1,7533.0
75,2014-09-06,5214.0,598.0,1.0,0.0,0,0.0,6.0,-0.9027978,-0.4300652,-1.0,-1.8369701e-16,3,0,0,1,6234.0,1,5780.0,1,6994.0,1,7621.0,1,8458.0,1,6509.0,1,4895.0,1,6343.0
75,2014-09-07,0.0,0.0,0.0,0.0,0,0.0,7.0,-0.9027978,-0.4300652,-1.0,-1.8369701e-16,3,0,0,1,5214.0,1,6234.0,1,6003.0,1,7182.0,1,5792.0,1,6738.0,1,5642.0,1,5790.0
75,2014-09-08,5239.0,621.0,1.0,0.0,0,0.0,1.0,-0.94732636,-0.32026985,-1.0,-1.8369701e-16,3,0,0,1,0.0,1,5214.0,1,5780.0,1,0.0,1,5174.0,1,6148.0,1,6036.0,1,6962.0
75,2014-09-09,5179.0,554.0,1.0,0.0,0,0.0,2.0,-0.94732636,-0.32026985,-1.0,-1.8369701e-16,3,0,0,1,5239.0,1,0.0,1,6234.0,1,8063.0,1,6383.0,1,0.0,1,5593.0,1,5254.0
75,2014-09-10,3986.0,493.0,1.0,0.0,0,0.0,3.0,-0.94732636,-0.32026985,-1.0,-1.8369701e-16,3,0,0,1,5179.0,1,5239.0,1,5214.0,1,6994.0,1,7621.0,1,8458.0,1,0.0,1,0.0
75,2014-09-11,4932.0,582.0,1.0,0.0,0,0.0,4.0,-0.94732636,-0.32026985,-1.0,-1.8369701e-16,3,0,0,1,3986.0,1,5179.0,1,0.0,1,6003.0,1,7182.0,1,5792.0,1,7980.0,1,6082.0
75,2014-09-12,5988.0,657.0,1.0,0.0,0,0.0,5.0,-0.94732636,-0.32026985,-1.0,-1.8369701e-16,3,0,0,1,4932.0,1,3986.0,1,5239.0,1,5780.0,1,0.0,1,5174.0,1,6546.0,1,5434.0
75,2014-09-13,6009.0,638.0,1.0,0.0,0,0.0,6.0,-0.94732636,-0.32026985,-1.0,-1.8369701e-16,3,0,0,1,5988.0,1,4932.0,1,5179.0,1,6234.0,1,8063.0,1,6383.0,1,6608.0,1,5651.0
75,2014-09-14,0.0,0.0,0.0,0.0,0,0.0,7.0,-0.94732636,-0.32026985,-1.0,-1.8369701e-16,3,0,0,1,6009.0,1,5988.0,1,3986.0,1,5214.0,1,6994.0,1,7621.0,1,6509.0,1,4902.0
75,2014-09-15,7076.0,747.0,1.0,1.0,0,0.0,1.0,-0.9785565,-0.20597862,-1.0,-1.8369701e-16,3,0,0,1,0.0,1,6009.0,1,4932.0,1,0.0,1,6003.0,1,7182.0,1,6738.0,1,6168.0
75,2014-09-16,6211.0,640.0,1.0,1.0,0,0.0,2.0,-0.9785565,-0.20597862,-1.0,-1.8369701e-16,3,0,0,1,7076.0,1,0.0,1,5988.0,1,5239.0,1,5780.0,1,0.0,1,6148.0,1,5995.0
75,2014-09-17,5298.0,565.0,1.0,1.0,0,0.0,3.0,-0.9785565,-0.20597862,-1.0,-1.8369701e-16,3,0,0,1,6211.0,1,7076.0,1,6009.0,1,5179.0,1,6234.0,1,8063.0,1,0.0,1,0.0
75,2014-09-18,5456.0,607.0,1.0,1.0,0,0.0,4.0,-0.9785565,-0.20597862,-1.0,-1.8369701e-16,3,0,0,1,5298.0,1,6211.0,1,0.0,1,3986.0,1,5214.0,1,6994.0,1,8458.0,1,7378.0
75,2014-09-19,5951.0,682.0,1.0,1.0,0,0.0,5.0,-0.9785565,-0.20597862,-1.0,-1.8369701e-16,3,0,0,1,5456.0,1,5298.0,1,7076.0,1,4932.0,1,0.0,1,6003.0,1,5792.0,1,5654.0
75,2014-09-20,5824.0,630.0,1.0,0.0,0,0.0,6.0,-0.9785565,-0.20597862,-1.0,-1.8369701e-16,3,0,0,1,5951.0,1,5456.0,1,6211.0,1,5988.0,1,5239.0,1,5780.0,1,5174.0,1,7935.0
75,2014-09-21,0.0,0.0,0.0,0.0,0,0.0,7.0,-0.9785565,-0.20597862,-1.0,-1.8369701e-16,3,0,0,1,5824.0,1,5951.0,1,5298.0,1,6009.0,1,5179.0,1,6234.0,1,6383.0,1,8449.0
75,2014-09-22,5076.0,605.0,1.0,0.0,0,0.0,1.0,-0.9960498,-0.08879589,-1.0,-1.8369701e-16,3,0,0,1,0.0,1,5824.0,1,5456.0,1,0.0,1,3986.0,1,5214.0,1,7621.0,1,7755.0
75,2014-09-23,4225.0,495.0,1.0,0.0,0,0.0,2.0,-0.9960498,-0.08879589,-1.0,-1.8369701e-16,3,0,0,1,5076.0,1,0.0,1,5951.0,1,7076.0,1,4932.0,1,0.0,1,7182.0,1,6027.0
75,2014-09-24,3820.0,478.0,1.0,0.0,0,0.0,3.0,-0.9960498,-0.08879589,-1.0,-1.8369701e-16,3,0,0,1,4225.0,1,5076.0,1,5824.0,1,6211.0,1,5988.0,1,5239.0,1,0.0,1,0.0
75,2014-09-25,4670.0,536.0,1.0,0.0,0,0.0,4.0,-0.9960498,-0.08879589,-1.0,-1.8369701e-16,3,0,0,1,3820.0,1,4225.0,1,0.0,1,5298.0,1,6009.0,1,5179.0,1,8063.0,1,8407.0
75,2014-09-26,5249.0,615.0,1.0,0.0,0,0.0,5.0,-0.9960498,-0.08879589,-1.0,-1.8369701e-16,3,0,0,1,4670.0,1,3820.0,1,5076.0,1,5456.0,1,0.0,1,3986.0,1,6994.0,1,7176.0
75,2014-09-27,5434.0,600.0,1.0,0.0,0,0.0,6.0,-0.9960498,-0.08879589,-1.0,-1.8369701e-16,3,0,0,1,5249.0,1,4670.0,1,4225.0,1,5951.0,1,7076.0,1,4932.0,1,6003.0,1,5957.0
75,2014-09-28,0.0,0.0,0.0,0.0,0,0.0,7.0,-0.9960498,-0.08879589,-1.0,-1.8369701e-16,3,0,0,1,5434.0,1,5249.0,1,3820.0,1,5824.0,1,6211.0,1,5988.0,1,5780.0,1,6577.0
75,2014-09-29,7864.0,739.0,1.0,1.0,0,0.0,1.0,-0.99956083,0.029633328,-1.0,-1.8369701e-16,3,0,0,1,0.0,1,5434.0,1,4670.0,1,0.0,1,5298.0,1,6009.0,1,6234.0,1,6182.0
75,2014-09-30,6803.0,637.0,1.0,1.0,0,0.0,2.0,-0.99956083,0.029633328,-1.0,-1.8369701e-16,3,0,1,1,7864.0,1,0.0,1,5249.0,1,5076.0,1,5456.0,1,0.0,1,5214.0,1,5912.0
75,2014-10-01,6724.0,689.0,1.0,1.0,0,0.0,3.0,-0.99956083,0.029633328,-0.8660254,0.5,4,1,0,1,6803.0,1,7864.0,1,5434.0,1,4225.0,1,5951.0,1,7076.0,1,0.0,1,0.0
75,2014-10-02,9072.0,1059.0,1.0,1.0,0,0.0,4.0,-0.99956083,0.029633328,-0.8660254,0.5,4,0,0,1,6724.0,1,6803.0,1,0.0,1,3820.0,1,5824.0,1,6211.0,1,5239.0,1,6089.0
75,2014-10-03,0.0,0.0,0.0,1.0,1,0.0,5.0,-0.99956083,0.029633328,-0.8660254,0.5,4,0,0,1,9072.0,1,6724.0,1,7864.0,1,4670.0,1,0.0,1,5298.0,1,5179.0,1,4934.0
75,2014-10-04,6883.0,773.0,1.0,0.0,0,0.0,6.0,-0.99956083,0.029633328,-0.8660254,0.5,4,0,0,1,0.0,1,9072.0,1,6803.0,1,5249.0,1,5076.0,1,5456.0,1,3986.0,1,4895.0
75,2014-10-05,0.0,0.0,0.0,0.0,0,0.0,7.0,-0.99956083,0.029633328,-0.8660254,0.5,4,0,0,1,6883.0,1,0.0,1,6724.0,1,5434.0,1,4225.0,1,5951.0,1,4932.0,1,5642.0
75,2014-10-06,7268.0,753.0,1.0,1.0,0,0.0,1.0,-0.9890402,0.14764656,-0.8660254,0.5,4,0,0,1,0.0,1,6883.0,1,9072.0,1,0.0,1,3820.0,1,5824.0,1,5988.0,1,6036.0
75,2014-10-07,6226.0,598.0,1.0,1.0,0,0.0,2.0,-0.9890402,0.14764656,-0.8660254,0.5,4,0,0,1,7268.0,1,0.0,1,0.0,1,7864.0,1,4670.0,1,0.0,1,6009.0,1,5593.0
75,2014-10-08,6647.0,649.0,1.0,1.0,0,0.0,3.0,-0.9890402,0.14764656,-0.8660254,0.5,4,0,0,1,6226.0,1,7268.0,1,6883.0,1,6803.0,1,5249.0,1,5076.0,1,0.0,1,0.0
75,2014-10-09,5740.0,607.0,1.0,1.0,0,0.0,4.0,-0.9890402,0.14764656,-0.8660254,0.5,4,0,0,1,6647.0,1,6226.0,1,0.0,1,6724.0,1,5434.0,1,4225.0,1,7076.0,1,7980.0
75,2014-10-10,6079.0,686.0,1.0,1.0,0,0.0,5.0,-0.9890402,0.14764656,-0.8660254,0.5,4,0,0,1,5740.0,1,6647.0,1,7268.0,1,9072.0,1,0.0,1,3820.0,1,6211.0,1,6546.0
75,2014-10-11,5524.0,598.0,1.0,0.0,0,0.0,6.0,-0.9890402,0.14764656,-0.8660254,0.5,4,0,0,1,6079.0,1,5740.0,1,6226.0,1,0.0,1,7864.0,1,4670.0,1,5298.0,1,6608.0
75,2014-10-12,0.0,0.0,0.0,0.0,0,0.0,7.0,-0.9890402,0.14764656,-0.8660254,0.5,4,0,0,1,5524.0,1,6079.0,1,6647.0,1,6883.0,1,6803.0,1,5249.0,1,5456.0,1,6509.0
75,2014-10-13,4860.0,551.0,1.0,0.0,0,1.0,1.0,-0.9646356,0.26358718,-0.8660254,0.5,4,0,0,1,0.0,1,5524.0,1,5740.0,1,0.0,1,6724.0,1,5434.0,1,5951.0,1,6738.0
75,2014-10-14,4753.0,497.0,1.0,0.0,0,1.0,2.0,-0.9646356,0.26358718,-0.8660254,0.5,4,0,0,1,4860.0,1,0.0,1,6079.0,1,7268.0,1,9072.0,1,0.0,1,5824.0,1,6148.0
75,2014-10-15,4909.0,512.0,1.0,0.0,0,1.0,3.0,-0.9646356,0.26358718,-0.8660254,0.5,4,0,0,1,4753.0,1,4860.0,1,5524.0,1,6226.0,1,0.0,1,7864.0,1,0.0,1,0.0
75,2014-10-16,4511.0,510.0,1.0,0.0,0,1.0,4.0,-0.9646356,0.26358718,-0.8660254,0.5,4,0,0,1,4909.0,1,4753.0,1,0.0,1,6647.0,1,6883.0,1,6803.0,1,5076.0,1,8458.0
75,2014-10-17,5016.0,585.0,1.0,0.0,0,1.0,5.0,-0.9646356,0.26358718,-0.8660254,0.5,4,0,0,1,4511.0,1,4909.0,1,4860.0,1,5740.0,1,0.0,1,6724.0,1,4225.0,1,5792.0
75,2014-10-18,5353.0,601.0,1.0,0.0,0,0.0,6.0,-0.9646356,0.26358718,-0.8660254,0.5,4,0,0,1,5016.0,1,4511.0,1,4753.0,1,6079.0,1,7268.0,1,9072.0,1,3820.0,1,5174.0
75,2014-10-19,0.0,0.0,0.0,0.0,0,0.0,7.0,-0.9646356,0.26358718,-0.8660254,0.5,4,0,0,1,5353.0,1,5016.0,1,4909.0,1,5524.0,1,6226.0,1,0.0,1,4670.0,1,6383.0
75,2014-10-20,6370.0,609.0,1.0,1.0,0,1.0,1.0,-0.9266896,0.37582758,-0.8660254,0.5,4,0,0,1,0.0,1,5353.0,1,4511.0,1,0.0,1,6647.0,1,6883.0,1,5249.0,1,7621.0
75,2014-10-21,4983.0,537.0,1.0,1.0,0,1.0,2.0,-0.9266896,0.37582758,-0.8660254,0.5,4,0,0,1,6370.0,1,0.0,1,5016.0,1,4860.0,1,5740.0,1,0.0,1,5434.0,1,7182.0
75,2014-10-22,4915.0,536.0,1.0,1.0,0,1.0,3.0,-0.9266896,0.37582758,-0.8660254,0.5,4,0,0,1,4983.0,1,6370.0,1,5353.0,1,4753.0,1,6079.0,1,7268.0,1,0.0,1,0.0
75,2014-10-23,4709.0,533.0,1.0,1.0,0,1.0,4.0,-0.9266896,0.37582758,-0.8660254,0.5,4,0,0,1,4915.0,1,4983.0,1,0.0,1,4909.0,1,5524.0,1,6226.0,1,7864.0,1,8063.0
75,2014-10-24,5528.0,622.0,1.0,1.0,0,1.0,5.0,-0.9266896,0.37582758,-0.8660254,0.5,4,0,0,1,4709.0,1,4915.0,1,6370.0,1,4511.0,1,0.0,1,6647.0,1,6803.0,1,6994.0
75,2014-10-25,5533.0,648.0,1.0,0.0,0,0.0,6.0,-0.9266896,0.37582758,-0.8660254,0.5,4,0,0,1,5528.0,1,4709.0,1,4983.0,1,5016.0,1,4860.0,1,5740.0,1,6724.0,1,6003.0
75,2014-10-26,0.0,0.0,0.0,0.0,0,0.0,7.0,-0.9266896,0.37582758,-0.8660254,0.5,4,0,0,1,5533.0,1,5528.0,1,4915.0,1,5353.0,1,4753.0,1,6079.0,1,9072.0,1,5780.0
75,2014-10-27,5090.0,575.0,1.0,0.0,0,0.0,1.0,-0.8757349,0.4827922,-0.8660254,0.5,4,0,0,1,0.0,1,5533.0,1,4709.0,1,0.0,1,4909.0,1,5524.0,1,0.0,1,6234.0
75,2014-10-28,4502.0,507.0,1.0,0.0,0,0.0,2.0,-0.8757349,0.4827922,-0.8660254,0.5,4,0,0,1,5090.0,1,0.0,1,5528.0,1,6370.0,1,4511.0,1,0.0,1,6883.0,1,5214.0
75,2014-10-29,5064.0,555.0,1.0,0.0,0,0.0,3.0,-0.8757349,0.4827922,-0.8660254,0.5,4,0,0,1,4502.0,1,5090.0,1,5533.0,1,4983.0,1,5016.0,1,4860.0,1,0.0,1,0.0
75,2014-10-30,5486.0,636.0,1.0,0.0,0,0.0,4.0,-0.8757349,0.4827922,-0.8660254,0.5,4,0,0,1,5064.0,1,4502.0,1,0.0,1,4915.0,1,5353.0,1,4753.0,1,7268.0,1,5239.0
75,2014-10-31,6711.0,705.0,1.0,0.0,0,0.0,5.0,-0.8757349,0.4827922,-0.8660254,0.5,4,0,1,1,5486.0,1,5064.0,1,5090.0,1,4709.0,1,0.0,1,4909.0,1,6226.0,1,5179.0
75,2014-11-01,5934.0,657.0,1.0,0.0,0,0.0,6.0,-0.8757349,0.4827922,-0.5,0.8660254,4,1,0,1,6711.0,1,5486.0,1,4502.0,1,5528.0,1,6370.0,1,4511.0,1,6647.0,1,3986.0
75,2014-11-02,0.0,0.0,0.0,0.0,0,0.0,7.0,-0.8757349,0.4827922,-0.5,0.8660254,4,0,0,1,5934.0,1,6711.0,1,5064.0,1,5533.0,1,4983.0,1,5016.0,1,5740.0,1,4932.0
75,2014-11-03,7848.0,756.0,1.0,1.0,0,0.0,1.0,-0.8124869,0.5829795,-0.5,0.8660254,4,0,0,1,0.0,1,5934.0,1,5486.0,1,0.0,1,4915.0,1,5353.0,1,6079.0,1,5988.0
75,2014-11-04,6123.0,672.0,1.0,1.0,0,0.0,2.0,-0.8124869,0.5829795,-0.5,0.8660254,4,0,0,1,7848.0,1,0.0,1,6711.0,1,5090.0,1,4709.0,1,0.0,1,5524.0,1,6009.0
75,2014-11-05,5913.0,635.0,1.0,1.0,0,0.0,3.0,-0.8124869,0.5829795,-0.5,0.8660254,4,0,0,1,6123.0,1,7848.0,1,5934.0,1,4502.0,1,5528.0,1,6370.0,1,0.0,1,0.0
75,2014-11-06,6567.0,662.0,1.0,1.0,0,0.0,4.0,-0.8124869,0.5829795,-0.5,0.8660254,4,0,0,1,5913.0,1,6123.0,1,0.0,1,5064.0,1,5533.0,1,4983.0,1,4860.0,1,7076.0
75,2014-11-07,7068.0,740.0,1.0,1.0,0,0.0,5.0,-0.8124869,0.5829795,-0.5,0.8660254,4,0,0,1,6567.0,1,5913.0,1,7848.0,1,5486.0,1,0.0,1,4915.0,1,4753.0,1,6211.0
75,2014-11-08,6090.0,655.0,1.0,0.0,0,0.0,6.0,-0.8124869,0.5829795,-0.5,0.8660254,4,0,0,1,7068.0,1,6567.0,1,6123.0,1,6711.0,1,5090.0,1,4709.0,1,4909.0,1,5298.0
75,2014-11-09,0.0,0.0,0.0,0.0,0,0.0,7.0,-0.8124869,0.5829795,-0.5,0.8660254,4,0,0,1,6090.0,1,7068.0,1,5913.0,1,5934.0,1,4502.0,1,5528.0,1,4511.0,1,5456.0
75,2014-11-10,6416.0,683.0,1.0,1.0,0,0.0,1.0,-0.73783326,0.674983,-0.5,0.8660254,4,0,0,1,0.0,1,6090.0,1,6567.0,1,0.0,1,5064.0,1,5533.0,1,5016.0,1,5951.0
75,2014-11-11,5645.0,587.0,1.0,1.0,0,0.0,2.0,-0.73783326,0.674983,-0.5,0.8660254,4,0,0,1,6416.0,1,0.0,1,7068.0,1,7848.0,1,5486.0,1,0.0,1,5353.0,1,5824.0
75,2014-11-12,5199.0,585.0,1.0,1.0,0,0.0,3.0,-0.73783326,0.674983,-0.5,0.8660254,4,0,0,1,5645.0,1,6416.0,1,6090.0,1,6123.0,1,6711.0,1,5090.0,1,0.0,1,0.0
75,2014-11-13,6361.0,630.0,1.0,1.0,0,0.0,4.0,-0.73783326,0.674983,-0.5,0.8660254,4,0,0,1,5199.0,1,5645.0,1,0.0,1,5913.0,1,5934.0,1,4502.0,1,6370.0,1,5076.0
75,2014-11-14,7005.0,738.0,1.0,1.0,0,0.0,5.0,-0.73783326,0.674983,-0.5,0.8660254,4,0,0,1,6361.0,1,5199.0,1,6416.0,1,6567.0,1,0.0,1,5064.0,1,4983.0,1,4225.0
75,2014-11-15,6064.0,617.0,1.0,0.0,0,0.0,6.0,-0.73783326,0.674983,-0.5,0.8660254,4,0,0,1,7005.0,1,6361.0,1,5645.0,1,7068.0,1,7848.0,1,5486.0,1,4915.0,1,3820.0
75,2014-11-16,0.0,0.0,0.0,0.0,0,0.0,7.0,-0.73783326,0.674983,-0.5,0.8660254,4,0,0,1,6064.0,1,7005.0,1,5199.0,1,6090.0,1,6123.0,1,6711.0,1,4709.0,1,4670.0
75,2014-11-17,5991.0,688.0,1.0,0.0,0,0.0,1.0,-0.65282214,0.75751126,-0.5,0.8660254,4,0,0,1,0.0,1,6064.0,1,6361.0,1,0.0,1,5913.0,1,5934.0,1,5528.0,1,5249.0
75,2014-11-18,4945.0,519.0,1.0,0.0,0,0.0,2.0,-0.65282214,0.75751126,-0.5,0.8660254,4,0,0,1,5991.0,1,0.0,1,7005.0,1,6416.0,1,6567.0,1,0.0,1,5533.0,1,5434.0
75,2014-11-19,4765.0,559.0,1.0,0.0,0,0.0,3.0,-0.65282214,0.75751126,-0.5,0.8660254,4,0,0,1,4945.0,1,5991.0,1,6064.0,1,5645.0,1,7068.0,1,7848.0,1,0.0,1,0.0
75,2014-11-20,5021.0,563.0,1.0,0.0,0,0.0,4.0,-0.65282214,0.75751126,-0.5,0.8660254,4,0,0,1,4765.0,1,4945.0,1,0.0,1,5199.0,1,6090.0,1,6123.0,1,5090.0,1,7864.0
75,2014-11-21,6696.0,684.0,1.0,0.0,0,0.0,5.0,-0.65282214,0.75751126,-0.5,0.8660254,4,0,0,1,5021.0,1,4765.0,1,5991.0,1,6361.0,1,0.0,1,5913.0,1,4502.0,1,6803.0
75,2014-11-22,6465.0,648.0,1.0,0.0,0,0.0,6.0,-0.65282214,0.75751126,-0.5,0.8660254,4,0,0,1,6696.0,1,5021.0,1,4945.0,1,7005.0,1,6416.0,1,6567.0,1,5064.0,1,6724.0
75,2014-11-23,0.0,0.0,0.0,0.0,0,0.0,7.0,-0.65282214,0.75751126,-0.5,0.8660254,4,0,0,1,6465.0,1,6696.0,1,4765.0,1,6064.0,1,5645.0,1,7068.0,1,5486.0,1,9072.0
75,2014-11-24,7836.0,734.0,1.0,1.0,0,0.0,1.0,-0.55864674,0.82940567,-0.5,0.8660254,4,0,0,1,0.0,1,6465.0,1,5021.0,1,0.0,1,5199.0,1,6090.0,1,6711.0,1,0.0
75,2014-11-25,7028.0,625.0,1.0,1.0,0,0.0,2.0,-0.55864674,0.82940567,-0.5,0.8660254,4,0,0,1,7836.0,1,0.0,1,6696.0,1,5991.0,1,6361.0,1,0.0,1,5934.0,1,6883.0
75,2014-11-26,7375.0,720.0,1.0,1.0,0,0.0,3.0,-0.55864674,0.82940567,-0.5,0.8660254,4,0,0,1,7028.0,1,7836.0,1,6465.0,1,4945.0,1,7005.0,1,6416.0,1,0.0,1,0.0
75,2014-11-27,7878.0,730.0,1.0,1.0,0,0.0,4.0,-0.55864674,0.82940567,-0.5,0.8660254,4,0,0,1,7375.0,1,7028.0,1,0.0,1,4765.0,1,6064.0,1,5645.0,1,7848.0,1,7268.0
75,2014-11-28,8923.0,829.0,1.0,1.0,0,0.0,5.0,-0.55864674,0.82940567,-0.5,0.8660254,4,0,0,1,7878.0,1,7375.0,1,7836.0,1,5021.0,1,0.0,1,5199.0,1,6123.0,1,6226.0
75,2014-11-29,9233.0,842.0,1.0,0.0,0,0.0,6.0,-0.55864674,0.82940567,-0.5,0.8660254,4,0,0,1,8923.0,1,7878.0,1,7028.0,1,6696.0,1,5991.0,1,6361.0,1,5913.0,1,6647.0
75,2014-11-30,0.0,0.0,0.0,0.0,0,0.0,7.0,-0.55864674,0.82940567,-0.5,0.8660254,4,0,1,1,9233.0,1,8923.0,1,7375.0,1,6465.0,1,4945.0,1,7005.0,1,6567.0,1,5740.0
75,2014-12-01,9827.0,850.0,1.0,1.0,0,0.0,1.0,-0.45662925,0.8896571,-2.4492937e-16,1.0,4,1,0,1,0.0,1,9233.0,1,7878.0,1,0.0,1,4765.0,1,6064.0,1,7068.0,1,6079.0
75,2014-12-02,8612.0,757.0,1.0,1.0,0,0.0,2.0,-0.45662925,0.8896571,-2.4492937e-16,1.0,4,0,0,1,9827.0,1,0.0,1,8923.0,1,7836.0,1,5021.0,1,0.0,1,6090.0,1,5524.0
75,2014-12-03,7455.0,673.0,1.0,1.0,0,0.0,3.0,-0.45662925,0.8896571,-2.4492937e-16,1.0,4,0,0,1,8612.0,1,9827.0,1,9233.0,1,7028.0,1,6696.0,1,5991.0,1,0.0,1,0.0
75,2014-12-04,8120.0,740.0,1.0,1.0,0,0.0,4.0,-0.45662925,0.8896571,-2.4492937e-16,1.0,4,0,0,1,7455.0,1,8612.0,1,0.0,1,7375.0,1,6465.0,1,4945.0,1,6416.0,1,4860.0
75,2014-12-05,10925.0,966.0,1.0,1.0,0,0.0,5.0,-0.45662925,0.8896571,-2.4492937e-16,1.0,4,0,0,1,8120.0,1,7455.0,1,9827.0,1,7878.0,1,0.0,1,4765.0,1,5645.0,1,4753.0
75,2014-12-06,5946.0,642.0,1.0,0.0,0,0.0,6.0,-0.45662925,0.8896571,-2.4492937e-16,1.0,4,0,0,1,10925.0,1,8120.0,1,8612.0,1,8923.0,1,7836.0,1,5021.0,1,5199.0,1,4909.0
75,2014-12-07,0.0,0.0,0.0,0.0,0,0.0,7.0,-0.45662925,0.8896571,-2.4492937e-16,1.0,4,0,0,1,5946.0,1,10925.0,1,7455.0,1,9233.0,1,7028.0,1,6696.0,1,6361.0,1,4511.0
75,2014-12-08,6648.0,694.0,1.0,0.0,0,0.0,1.0,-0.34820163,0.93741965,-2.4492937e-16,1.0,4,0,0,1,0.0,1,5946.0,1,8120.0,1,0.0,1,7375.0,1,6465.0,1,7005.0,1,5016.0
75,2014-12-09,6101.0,600.0,1.0,0.0,0,0.0,2.0,-0.34820163,0.93741965,-2.4492937e-16,1.0,4,0,0,1,6648.0,1,0.0,1,10925.0,1,9827.0,1,7878.0,1,0.0,1,6064.0,1,5353.0
75,2014-12-10,6183.0,609.0,1.0,0.0,0,0.0,3.0,-0.34820163,0.93741965,-2.4492937e-16,1.0,4,0,0,1,6101.0,1,6648.0,1,5946.0,1,8612.0,1,8923.0,1,7836.0,1,0.0,1,0.0
75,2014-12-11,5062.0,552.0,1.0,0.0,0,0.0,4.0,-0.34820163,0.93741965,-2.4492937e-16,1.0,4,0,0,1,6183.0,1,6101.0,1,0.0,1,7455.0,1,9233.0,1,7028.0,1,5991.0,1,6370.0
75,2014-12-12,6784.0,616.0,1.0,0.0,0,0.0,5.0,-0.34820163,0.93741965,-2.4492937e-16,1.0,4,0,0,1,5062.0,1,6183.0,1,6648.0,1,8120.0,1,0.0,1,7375.0,1,4945.0,1,4983.0
75,2014-12-13,7178.0,724.0,1.0,0.0,0,0.0,6.0,-0.34820163,0.93741965,-2.4492937e-16,1.0,4,0,0,1,6784.0,1,5062.0,1,6101.0,1,10925.0,1,9827.0,1,7878.0,1,4765.0,1,4915.0
75,2014-12-14,0.0,0.0,0.0,0.0,0,0.0,7.0,-0.34820163,0.93741965,-2.4492937e-16,1.0,4,0,0,1,7178.0,1,6784.0,1,6183.0,1,5946.0,1,8612.0,1,8923.0,1,5021.0,1,4709.0
75,2014-12-15,10483.0,861.0,1.0,1.0,0,0.0,1.0,-0.23488605,0.9720229,-2.4492937e-16,1.0,4,0,0,1,0.0,1,7178.0,1,5062.0,1,0.0,1,7455.0,1,9233.0,1,6696.0,1,5528.0
75,2014-12-16,8429.0,762.0,1.0,1.0,0,0.0,2.0,-0.23488605,0.9720229,-2.4492937e-16,1.0,4,0,0,1,10483.0,1,0.0,1,6784.0,1,6648.0,1,8120.0,1,0.0,1,6465.0,1,5533.0
75,2014-12-17,8805.0,793.0,1.0,1.0,0,0.0,3.0,-0.23488605,0.9720229,-2.4492937e-16,1.0,4,0,0,1,8429.0,1,10483.0,1,7178.0,1,6101.0,1,10925.0,1,9827.0,1,0.0,1,0.0
75,2014-12-18,9034.0,802.0,1.0,1.0,0,0.0,4.0,-0.23488605,0.9720229,-2.4492937e-16,1.0,4,0,0,1,8805.0,1,8429.0,1,0.0,1,6183.0,1,5946.0,1,8612.0,1,7836.0,1,5090.0
75,2014-12-19,8868.0,903.0,1.0,1.0,0,0.0,5.0,-0.23488605,0.9720229,-2.4492937e-16,1.0,4,0,0,1,9034.0,1,8805.0,1,10483.0,1,5062.0,1,0.0,1,7455.0,1,7028.0,1,4502.0
75,2014-12-20,9290.0,850.0,1.0,0.0,0,0.0,6.0,-0.23488605,0.9720229,-2.4492937e-16,1.0,4,0,0,1,8868.0,1,9034.0,1,8429.0,1,6784.0,1,6648.0,1,8120.0,1,7375.0,1,5064.0
75,2014-12-21,0.0,0.0,0.0,0.0,0,0.0,7.0,-0.23488605,0.9720229,-2.4492937e-16,1.0,4,0,0,1,9290.0,1,8868.0,1,8805.0,1,7178.0,1,6101.0,1,10925.0,1,7878.0,1,5486.0
75,2014-12-22,11806.0,1120.0,1.0,0.0,0,1.0,1.0,-0.11827317,0.9929811,-2.4492937e-16,1.0,4,0,0,1,0.0,1,9290.0,1,9034.0,1,0.0,1,6183.0,1,5946.0,1,8923.0,1,6711.0
75,2014-12-23,11855.0,1148.0,1.0,0.0,0,1.0,2.0,-0.11827317,0.9929811,-2.4492937e-16,1.0,4,0,0,1,11806.0,1,0.0,1,8868.0,1,10483.0,1,5062.0,1,0.0,1,9233.0,1,5934.0
75,2014-12-24,5280.0,525.0,1.0,0.0,0,1.0,3.0,-0.11827317,0.9929811,-2.4492937e-16,1.0,4,0,0,1,11855.0,1,11806.0,1,9290.0,1,8429.0,1,6784.0,1,6648.0,1,0.0,1,0.0
75,2014-12-25,0.0,0.0,0.0,0.0,3,1.0,4.0,-0.11827317,0.9929811,-2.4492937e-16,1.0,4,0,0,1,5280.0,1,11855.0,1,0.0,1,8805.0,1,7178.0,1,6101.0,1,9827.0,1,7848.0
75,2014-12-26,0.0,0.0,0.0,0.0,3,1.0,5.0,-0.11827317,0.9929811,-2.4492937e-16,1.0,4,0,0,1,0.0,1,5280.0,1,11806.0,1,9034.0,1,0.0,1,6183.0,1,8612.0,1,6123.0
75,2014-12-27,7771.0,765.0,1.0,0.0,0,0.0,6.0,-0.11827317,0.9929811,-2.4492937e-16,1.0,4,0,0,1,0.0,1,0.0,1,11855.0,1,8868.0,1,10483.0,1,5062.0,1,7455.0,1,5913.0
75,2014-12-28,0.0,0.0,0.0,0.0,0,0.0,7.0,-0.11827317,0.9929811,-2.4492937e-16,1.0,4,0,0,1,7771.0,1,0.0,1,5280.0,1,9290.0,1,8429.0,1,6784.0,1,8120.0,1,6567.0
75,2014-12-29,7789.0,785.0,1.0,0.0,0,1.0,1.0,0.11827317,0.9929811,-2.4492937e-16,1.0,4,0,0,1,0.0,1,7771.0,1,0.0,1,0.0,1,8805.0,1,7178.0,1,10925.0,1,7068.0
75,2014-12-30,8230.0,823.0,1.0,0.0,0,1.0,2.0,0.11827317,0.9929811,-2.4492937e-16,1.0,4,0,0,1,7789.0,1,0.0,1,0.0,1,11806.0,1,9034.0,1,0.0,1,5946.0,1,6090.0
75,2014-12-31,3585.0,407.0,1.0,0.0,0,1.0,3.0,0.11827317,0.9929811,-2.4492937e-16,1.0,4,0,1,1,8230.0,1,7789.0,1,7771.0,1,11855.0,1,8868.0,1,10483.0,1,0.0,1,0.0
75,2015-01-01,0.0,0.0,0.0,0.0,1,1.0,4.0,0.11827317,0.9929811,0.5,0.8660254,1,1,0,1,3585.0,1,8230.0,1,0.0,1,5280.0,1,9290.0,1,8429.0,1,6648.0,1,6416.0
75,2015-01-02,6436.0,689.0,1.0,0.0,0,1.0,5.0,0.11827317,0.9929811,0.5,0.8660254,1,0,0,1,0.0,1,3585.0,1,7789.0,1,0.0,1,0.0,1,8805.0,1,6101.0,1,5645.0
75,2015-01-03,5174.0,577.0,1.0,0.0,0,0.0,6.0,0.11827317,0.9929811,0.5,0.8660254,1,0,0,1,6436.0,1,0.0,1,8230.0,1,0.0,1,11806.0,1,9034.0,1,6183.0,1,5199.0
75,2015-01-04,0.0,0.0,0.0,0.0,0,0.0,7.0,0.11827317,0.9929811,0.5,0.8660254,1,0,0,1,5174.0,1,6436.0,1,3585.0,1,7771.0,1,11855.0,1,8868.0,1,5062.0,1,6361.0
75,2015-01-05,7714.0,751.0,1.0,1.0,0,1.0,1.0,0.23488605,0.9720229,0.5,0.8660254,1,0,0,1,0.0,1,5174.0,1,0.0,1,0.0,1,5280.0,1,9290.0,1,6784.0,1,7005.0
75,2015-01-06,6657.0,681.0,1.0,1.0,0,1.0,2.0,0.23488605,0.9720229,0.5,0.8660254,1,0,0,1,7714.0,1,0.0,1,6436.0,1,7789.0,1,0.0,1,0.0,1,7178.0,1,6064.0
75,2015-01-07,6062.0,616.0,1.0,1.0,0,0.0,3.0,0.23488605,0.9720229,0.5,0.8660254,1,0,0,1,6657.0,1,7714.0,1,5174.0,1,8230.0,1,0.0,1,11806.0,1,0.0,1,0.0
75,2015-01-08,6114.0,619.0,1.0,1.0,0,0.0,4.0,0.23488605,0.9720229,0.5,0.8660254,1,0,0,1,6062.0,1,6657.0,1,0.0,1,3585.0,1,7771.0,1,11855.0,1,10483.0,1,5991.0
75,2015-01-09,5659.0,592.0,1.0,1.0,0,0.0,5.0,0.23488605,0.9720229,0.5,0.8660254,1,0,0,1,6114.0,1,6062.0,1,7714.0,1,0.0,1,0.0,1,5280.0,1,8429.0,1,4945.0
75,2015-01-10,5173.0,544.0,1.0,0.0,0,0.0,6.0,0.23488605,0.9720229,0.5,0.8660254,1,0,0,1,5659.0,1,6114.0,1,6657.0,1,6436.0,1,7789.0,1,0.0,1,8805.0,1,4765.0
75,2015-01-11,0.0,0.0,0.0,0.0,0,0.0,7.0,0.23488605,0.9720229,0.5,0.8660254,1,0,0,1,5173.0,1,5659.0,1,6062.0,1,5174.0,1,8230.0,1,0.0,1,9034.0,1,5021.0
75,2015-01-12,6425.0,647.0,1.0,1.0,0,0.0,1.0,0.34820163,0.93741965,0.5,0.8660254,1,0,0,1,0.0,1,5173.0,1,6114.0,1,0.0,1,3585.0,1,7771.0,1,8868.0,1,6696.0
75,2015-01-13,6085.0,604.0,1.0,1.0,0,0.0,2.0,0.34820163,0.93741965,0.5,0.8660254,1,0,0,1,6425.0,1,0.0,1,5659.0,1,7714.0,1,0.0,1,0.0,1,9290.0,1,6465.0
75,2015-01-14,5197.0,533.0,1.0,1.0,0,0.0,3.0,0.34820163,0.93741965,0.5,0.8660254,1,0,0,1,6085.0,1,6425.0,1,5173.0,1,6657.0,1,6436.0,1,7789.0,1,0.0,1,0.0
75,2015-01-15,5980.0,579.0,1.0,1.0,0,0.0,4.0,0.34820163,0.93741965,0.5,0.8660254,1,0,0,1,5197.0,1,6085.0,1,0.0,1,6062.0,1,5174.0,1,8230.0,1,11806.0,1,7836.0
75,2015-01-16,6306.0,666.0,1.0,1.0,0,0.0,5.0,0.34820163,0.93741965,0.5,0.8660254,1,0,0,1,5980.0,1,5197.0,1,6425.0,1,6114.0,1,0.0,1,3585.0,1,11855.0,1,7028.0
75,2015-01-17,5856.0,622.0,1.0,0.0,0,0.0,6.0,0.34820163,0.93741965,0.5,0.8660254,1,0,0,1,6306.0,1,5980.0,1,6085.0,1,5659.0,1,7714.0,1,0.0,1,5280.0,1,7375.0
75,2015-01-18,0.0,0.0,0.0,0.0,0,0.0,7.0,0.34820163,0.93741965,0.5,0.8660254,1,0,0,1,5856.0,1,6306.0,1,5197.0,1,5173.0,1,6657.0,1,6436.0,1,0.0,1,7878.0
75,2015-01-19,4907.0,536.0,1.0,0.0,0,0.0,1.0,0.45662925,0.8896571,0.5,0.8660254,1,0,0,1,0.0,1,5856.0,1,5980.0,1,0.0,1,6062.0,1,5174.0,1,0.0,1,8923.0
75,2015-01-20,4335.0,496.0,1.0,0.0,0,0.0,2.0,0.45662925,0.8896571,0.5,0.8660254,1,0,0,1,4907.0,1,0.0,1,6306.0,1,6425.0,1,6114.0,1,0.0,1,7771.0,1,9233.0
75,2015-01-21,4665.0,513.0,1.0,0.0,0,0.0,3.0,0.45662925,0.8896571,0.5,0.8660254,1,0,0,1,4335.0,1,4907.0,1,5856.0,1,6085.0,1,5659.0,1,7714.0,1,0.0,1,0.0
75,2015-01-22,5153.0,540.0,1.0,0.0,0,0.0,4.0,0.45662925,0.8896571,0.5,0.8660254,1,0,0,1,4665.0,1,4335.0,1,0.0,1,5197.0,1,5173.0,1,6657.0,1,7789.0,1,9827.0
75,2015-01-23,5853.0,631.0,1.0,0.0,0,0.0,5.0,0.45662925,0.8896571,0.5,0.8660254,1,0,0,1,5153.0,1,4665.0,1,4907.0,1,5980.0,1,0.0,1,6062.0,1,8230.0,1,8612.0
75,2015-01-24,4724.0,510.0,1.0,0.0,0,0.0,6.0,0.45662925,0.8896571,0.5,0.8660254,1,0,0,1,5853.0,1,5153.0,1,4335.0,1,6306.0,1,6425.0,1,6114.0,1,3585.0,1,7455.0
75,2015-01-25,0.0,0.0,0.0,0.0,0,0.0,7.0,0.45662925,0.8896571,0.5,0.8660254,1,0,0,1,4724.0,1,5853.0,1,4665.0,1,5856.0,1,6085.0,1,5659.0,1,0.0,1,8120.0
75,2015-01-26,6005.0,600.0,1.0,1.0,0,0.0,1.0,0.55864674,0.82940567,0.5,0.8660254,1,0,0,1,0.0,1,4724.0,1,5153.0,1,0.0,1,5197.0,1,5173.0,1,6436.0,1,10925.0
75,2015-01-27,5902.0,598.0,1.0,1.0,0,0.0,2.0,0.55864674,0.82940567,0.5,0.8660254,1,0,0,1,6005.0,1,0.0,1,5853.0,1,4907.0,1,5980.0,1,0.0,1,5174.0,1,5946.0
75,2015-01-28,5389.0,548.0,1.0,1.0,0,0.0,3.0,0.55864674,0.82940567,0.5,0.8660254,1,0,0,1,5902.0,1,6005.0,1,4724.0,1,4335.0,1,6306.0,1,6425.0,1,0.0,1,0.0
75,2015-01-29,4780.0,410.0,1.0,1.0,0,0.0,4.0,0.55864674,0.82940567,0.5,0.8660254,1,0,0,1,5389.0,1,5902.0,1,0.0,1,4665.0,1,5856.0,1,6085.0,1,7714.0,1,6648.0
75,2015-01-30,7436.0,720.0,1.0,1.0,0,0.0,5.0,0.55864674,0.82940567,0.5,0.8660254,1,0,0,1,4780.0,1,5389.0,1,6005.0,1,5153.0,1,0.0,1,5197.0,1,6657.0,1,6101.0
75,2015-01-31,6350.0,645.0,1.0,0.0,0,0.0,6.0,0.55864674,0.82940567,0.5,0.8660254,1,0,1,1,7436.0,1,4780.0,1,5902.0,1,5853.0,1,4907.0,1,5980.0,1,6062.0,1,6183.0
75,2015-02-01,0.0,0.0,0.0,0.0,0,0.0,7.0,0.55864674,0.82940567,0.8660254,0.5,1,1,0,1,6350.0,1,7436.0,1,5389.0,1,4724.0,1,4335.0,1,6306.0,1,6114.0,1,5062.0
75,2015-02-02,7870.0,791.0,1.0,1.0,0,0.0,1.0,0.65282214,0.75751126,0.8660254,0.5,1,0,0,1,0.0,1,6350.0,1,4780.0,1,0.0,1,4665.0,1,5856.0,1,5659.0,1,6784.0
75,2015-02-03,5810.0,606.0,1.0,1.0,0,0.0,2.0,0.65282214,0.75751126,0.8660254,0.5,1,0,0,1,7870.0,1,0.0,1,7436.0,1,6005.0,1,5153.0,1,0.0,1,5173.0,1,7178.0
75,2015-02-04,5483.0,592.0,1.0,1.0,0,0.0,3.0,0.65282214,0.75751126,0.8660254,0.5,1,0,0,1,5810.0,1,7870.0,1,6350.0,1,5902.0,1,5853.0,1,4907.0,1,0.0,1,0.0
75,2015-02-05,5827.0,618.0,1.0,1.0,0,0.0,4.0,0.65282214,0.75751126,0.8660254,0.5,1,0,0,1,5483.0,1,5810.0,1,0.0,1,5389.0,1,4724.0,1,4335.0,1,6425.0,1,10483.0
75,2015-02-06,6343.0,660.0,1.0,1.0,0,0.0,5.0,0.65282214,0.75751126,0.8660254,0.5,1,0,0,1,5827.0,1,5483.0,1,7870.0,1,4780.0,1,0.0,1,4665.0,1,6085.0,1,8429.0
75,2015-02-07,5603.0,626.0,1.0,0.0,0,0.0,6.0,0.65282214,0.75751126,0.8660254,0.5,1,0,0,1,6343.0,1,5827.0,1,5810.0,1,7436.0,1,6005.0,1,5153.0,1,5197.0,1,8805.0
75,2015-02-08,0.0,0.0,0.0,0.0,0,0.0,7.0,0.65282214,0.75751126,0.8660254,0.5,1,0,0,1,5603.0,1,6343.0,1,5483.0,1,6350.0,1,5902.0,1,5853.0,1,5980.0,1,9034.0
75,2015-02-09,5033.0,609.0,1.0,0.0,0,0.0,1.0,0.73783326,0.674983,0.8660254,0.5,1,0,0,1,0.0,1,5603.0,1,5827.0,1,0.0,1,5389.0,1,4724.0,1,6306.0,1,8868.0
75,2015-02-10,4832.0,511.0,1.0,0.0,0,0.0,2.0,0.73783326,0.674983,0.8660254,0.5,1,0,0,1,5033.0,1,0.0,1,6343.0,1,7870.0,1,4780.0,1,0.0,1,5856.0,1,9290.0
75,2015-02-11,4677.0,533.0,1.0,0.0,0,0.0,3.0,0.73783326,0.674983,0.8660254,0.5,1,0,0,1,4832.0,1,5033.0,1,5603.0,1,5810.0,1,7436.0,1,6005.0,1,0.0,1,0.0
75,2015-02-12,4957.0,531.0,1.0,0.0,0,0.0,4.0,0.73783326,0.674983,0.8660254,0.5,1,0,0,1,4677.0,1,4832.0,1,0.0,1,5483.0,1,6350.0,1,5902.0,1,4907.0,1,11806.0
75,2015-02-13,5428.0,658.0,1.0,0.0,0,0.0,5.0,0.73783326,0.674983,0.8660254,0.5,1,0,0,1,4957.0,1,4677.0,1,5033.0,1,5827.0,1,0.0,1,5389.0,1,4335.0,1,11855.0
75,2015-02-14,5733.0,635.0,1.0,0.0,0,0.0,6.0,0.73783326,0.674983,0.8660254,0.5,1,0,0,1,5428.0,1,4957.0,1,4832.0,1,6343.0,1,7870.0,1,4780.0,1,4665.0,1,5280.0
75,2015-02-15,0.0,0.0,0.0,0.0,0,0.0,7.0,0.73783326,0.674983,0.8660254,0.5,1,0,0,1,5733.0,1,5428.0,1,4677.0,1,5603.0,1,5810.0,1,7436.0,1,5153.0,1,0.0
75,2015-02-16,6416.0,681.0,1.0,1.0,0,0.0,1.0,0.8124869,0.5829795,0.8660254,0.5,1,0,0,1,0.0,1,5733.0,1,4957.0,1,0.0,1,5483.0,1,6350.0,1,5853.0,1,0.0
75,2015-02-17,5298.0,579.0,1.0,1.0,0,0.0,2.0,0.8124869,0.5829795,0.8660254,0.5,1,0,0,1,6416.0,1,0.0,1,5428.0,1,5033.0,1,5827.0,1,0.0,1,4724.0,1,7771.0
75,2015-02-18,5847.0,571.0,1.0,1.0,0,0.0,3.0,0.8124869,0.5829795,0.8660254,0.5,1,0,0,1,5298.0,1,6416.0,1,5733.0,1,4832.0,1,6343.0,1,7870.0,1,0.0,1,0.0
75,2015-02-19,5814.0,602.0,1.0,1.0,0,0.0,4.0,0.8124869,0.5829795,0.8660254,0.5,1,0,0,1,5847.0,1,5298.0,1,0.0,1,4677.0,1,5603.0,1,5810.0,1,6005.0,1,7789.0
75,2015-02-20,6165.0,647.0,1.0,1.0,0,0.0,5.0,0.8124869,0.5829795,0.8660254,0.5,1,0,0,1,5814.0,1,5847.0,1,6416.0,1,4957.0,1,0.0,1,5483.0,1,5902.0,1,8230.0
75,2015-02-21,5271.0,593.0,1.0,0.0,0,0.0,6.0,0.8124869,0.5829795,0.8660254,0.5,1,0,0,1,6165.0,1,5814.0,1,5298.0,1,5428.0,1,5033.0,1,5827.0,1,5389.0,1,3585.0
75,2015-02-22,0.0,0.0,0.0,0.0,0,0.0,7.0,0.8124869,0.5829795,0.8660254,0.5,1,0,0,1,5271.0,1,6165.0,1,5847.0,1,5733.0,1,4832.0,1,6343.0,1,4780.0,1,0.0
75,2015-02-23,5136.0,560.0,1.0,0.0,0,0.0,1.0,0.8757349,0.4827922,0.8660254,0.5,1,0,0,1,0.0,1,5271.0,1,5814.0,1,0.0,1,4677.0,1,5603.0,1,7436.0,1,6436.0
75,2015-02-24,4303.0,486.0,1.0,0.0,0,0.0,2.0,0.8757349,0.4827922,0.8660254,0.5,1,0,0,1,5136.0,1,0.0,1,6165.0,1,6416.0,1,4957.0,1,0.0,1,6350.0,1,5174.0
75,2015-02-25,4790.0,531.0,1.0,0.0,0,0.0,3.0,0.8757349,0.4827922,0.8660254,0.5,1,0,0,1,4303.0,1,5136.0,1,5271.0,1,5298.0,1,5428.0,1,5033.0,1,0.0,1,0.0
75,2015-02-26,5140.0,564.0,1.0,0.0,0,0.0,4.0,0.8757349,0.4827922,0.8660254,0.5,1,0,0,1,4790.0,1,4303.0,1,0.0,1,5847.0,1,5733.0,1,4832.0,1,7870.0,1,7714.0
75,2015-02-27,6849.0,691.0,1.0,0.0,0,0.0,5.0,0.8757349,0.4827922,0.8660254,0.5,1,0,0,1,5140.0,1,4790.0,1,5136.0,1,5814.0,1,0.0,1,4677.0,1,5810.0,1,6657.0
75,2015-02-28,5959.0,640.0,1.0,0.0,0,0.0,6.0,0.8757349,0.4827922,0.8660254,0.5,1,0,1,1,6849.0,1,5140.0,1,4303.0,1,6165.0,1,6416.0,1,4957.0,1,5483.0,1,6062.0
75,2015-03-01,0.0,0.0,0.0,0.0,0,0.0,7.0,0.8757349,0.4827922,1.0,6.123234e-17,1,1,0,1,5959.0,1,6849.0,1,4790.0,1,5271.0,1,5298.0,1,5428.0,1,5827.0,1,6114.0
75,2015-03-02,7132.0,716.0,1.0,1.0,0,0.0,1.0,0.9266896,0.37582758,1.0,6.123234e-17,1,0,0,1,0.0,1,5959.0,1,5140.0,1,0.0,1,5847.0,1,5733.0,1,6343.0,1,5659.0
75,2015-03-03,5926.0,573.0,1.0,1.0,0,0.0,2.0,0.9266896,0.37582758,1.0,6.123234e-17,1,0,0,1,7132.0,1,0.0,1,6849.0,1,5136.0,1,5814.0,1,0.0,1,5603.0,1,5173.0
75,2015-03-04,5514.0,563.0,1.0,1.0,0,0.0,3.0,0.9266896,0.37582758,1.0,6.123234e-17,1,0,0,1,5926.0,1,7132.0,1,5959.0,1,4303.0,1,6165.0,1,6416.0,1,0.0,1,0.0
75,2015-03-05,5864.0,624.0,1.0,1.0,0,0.0,4.0,0.9266896,0.37582758,1.0,6.123234e-17,1,0,0,1,5514.0,1,5926.0,1,0.0,1,4790.0,1,5271.0,1,5298.0,1,5033.0,1,6425.0
75,2015-03-06,5980.0,668.0,1.0,1.0,0,0.0,5.0,0.9266896,0.37582758,1.0,6.123234e-17,1,0,0,1,5864.0,1,5514.0,1,7132.0,1,5140.0,1,0.0,1,5847.0,1,4832.0,1,6085.0
75,2015-03-07,5665.0,621.0,1.0,0.0,0,0.0,6.0,0.9266896,0.37582758,1.0,6.123234e-17,1,0,0,1,5980.0,1,5864.0,1,5926.0,1,6849.0,1,5136.0,1,5814.0,1,4677.0,1,5197.0
75,2015-03-08,0.0,0.0,0.0,0.0,0,0.0,7.0,0.9266896,0.37582758,1.0,6.123234e-17,1,0,0,1,5665.0,1,5980.0,1,5514.0,1,5959.0,1,4303.0,1,6165.0,1,4957.0,1,5980.0
75,2015-03-09,5009.0,554.0,1.0,0.0,0,0.0,1.0,0.9646356,0.26358718,1.0,6.123234e-17,1,0,0,1,0.0,1,5665.0,1,5864.0,1,0.0,1,4790.0,1,5271.0,1,5428.0,1,6306.0
75,2015-03-10,4953.0,540.0,1.0,0.0,0,0.0,2.0,0.9646356,0.26358718,1.0,6.123234e-17,1,0,0,1,5009.0,1,0.0,1,5980.0,1,7132.0,1,5140.0,1,0.0,1,5733.0,1,5856.0
75,2015-03-11,4731.0,505.0,1.0,0.0,0,0.0,3.0,0.9646356,0.26358718,1.0,6.123234e-17,1,0,0,1,4953.0,1,5009.0,1,5665.0,1,5926.0,1,6849.0,1,5136.0,1,0.0,1,0.0
75,2015-03-12,4470.0,512.0,1.0,0.0,0,0.0,4.0,0.9646356,0.26358718,1.0,6.123234e-17,1,0,0,1,4731.0,1,4953.0,1,0.0,1,5514.0,1,5959.0,1,4303.0,1,6416.0,1,4907.0
75,2015-03-13,5992.0,636.0,1.0,0.0,0,0.0,5.0,0.9646356,0.26358718,1.0,6.123234e-17,1,0,0,1,4470.0,1,4731.0,1,5009.0,1,5864.0,1,0.0,1,4790.0,1,5298.0,1,4335.0
75,2015-03-14,6162.0,627.0,1.0,0.0,0,0.0,6.0,0.9646356,0.26358718,1.0,6.123234e-17,1,0,0,1,5992.0,1,4470.0,1,4953.0,1,5980.0,1,7132.0,1,5140.0,1,5847.0,1,4665.0
75,2015-03-15,0.0,0.0,0.0,0.0,0,0.0,7.0,0.9646356,0.26358718,1.0,6.123234e-17,1,0,0,1,6162.0,1,5992.0,1,4731.0,1,5665.0,1,5926.0,1,6849.0,1,5814.0,1,5153.0
75,2015-03-16,7483.0,701.0,1.0,1.0,0,0.0,1.0,0.9890402,0.14764656,1.0,6.123234e-17,1,0,0,1,0.0,1,6162.0,1,4470.0,1,0.0,1,5514.0,1,5959.0,1,6165.0,1,5853.0
75,2015-03-17,6116.0,583.0,1.0,1.0,0,0.0,2.0,0.9890402,0.14764656,1.0,6.123234e-17,1,0,0,1,7483.0,1,0.0,1,5992.0,1,5009.0,1,5864.0,1,0.0,1,5271.0,1,4724.0
75,2015-03-18,4992.0,539.0,1.0,1.0,0,0.0,3.0,0.9890402,0.14764656,1.0,6.123234e-17,1,0,0,1,6116.0,1,7483.0,1,6162.0,1,4953.0,1,5980.0,1,7132.0,1,0.0,1,0.0
75,2015-03-19,6035.0,623.0,1.0,1.0,0,0.0,4.0,0.9890402,0.14764656,1.0,6.123234e-17,1,0,0,1,4992.0,1,6116.0,1,0.0,1,4731.0,1,5665.0,1,5926.0,1,5136.0,1,6005.0
75,2015-03-20,6451.0,656.0,1.0,1.0,0,0.0,5.0,0.9890402,0.14764656,1.0,6.123234e-17,1,0,0,1,6035.0,1,4992.0,1,7483.0,1,4470.0,1,0.0,1,5514.0,1,4303.0,1,5902.0
75,2015-03-21,5780.0,587.0,1.0,0.0,0,0.0,6.0,0.9890402,0.14764656,1.0,6.123234e-17,1,0,0,1,6451.0,1,6035.0,1,6116.0,1,5992.0,1,5009.0,1,5864.0,1,4790.0,1,5389.0
75,2015-03-22,0.0,0.0,0.0,0.0,0,0.0,7.0,0.9890402,0.14764656,1.0,6.123234e-17,1,0,0,1,5780.0,1,6451.0,1,4992.0,1,6162.0,1,4953.0,1,5980.0,1,5140.0,1,4780.0
75,2015-03-23,5596.0,600.0,1.0,0.0,0,0.0,1.0,0.99956083,0.029633328,1.0,6.123234e-17,1,0,0,1,0.0,1,5780.0,1,6035.0,1,0.0,1,4731.0,1,5665.0,1,6849.0,1,7436.0
75,2015-03-24,4617.0,504.0,1.0,0.0,0,0.0,2.0,0.99956083,0.029633328,1.0,6.123234e-17,1,0,0,1,5596.0,1,0.0,1,6451.0,1,7483.0,1,4470.0,1,0.0,1,5959.0,1,6350.0
75,2015-03-25,4888.0,507.0,1.0,0.0,0,0.0,3.0,0.99956083,0.029633328,1.0,6.123234e-17,1,0,0,1,4617.0,1,5596.0,1,5780.0,1,6116.0,1,5992.0,1,5009.0,1,0.0,1,0.0
75,2015-03-26,4960.0,544.0,1.0,0.0,0,0.0,4.0,0.99956083,0.029633328,1.0,6.123234e-17,1,0,0,1,4888.0,1,4617.0,1,0.0,1,4992.0,1,6162.0,1,4953.0,1,7132.0,1,7870.0
75,2015-03-27,6110.0,634.0,1.0,0.0,0,0.0,5.0,0.99956083,0.029633328,1.0,6.123234e-17,1,0,0,1,4960.0,1,4888.0,1,5596.0,1,6035.0,1,0.0,1,4731.0,1,5926.0,1,5810.0
75,2015-03-28,6068.0,669.0,1.0,0.0,0,0.0,6.0,0.99956083,0.029633328,1.0,6.123234e-17,1,0,0,1,6110.0,1,4960.0,1,4617.0,1,6451.0,1,7483.0,1,4470.0,1,5514.0,1,5483.0
75,2015-03-29,0.0,0.0,0.0,0.0,0,0.0,7.0,0.99956083,0.029633328,1.0,6.123234e-17,1,0,0,1,6068.0,1,6110.0,1,4888.0,1,5780.0,1,6116.0,1,5992.0,1,5864.0,1,5827.0
75,2015-03-30,9583.0,848.0,1.0,1.0,0,0.0,1.0,0.9960498,-0.08879589,1.0,6.123234e-17,1,0,0,1,0.0,1,6068.0,1,4960.0,1,0.0,1,4992.0,1,6162.0,1,5980.0,1,6343.0
75,2015-03-31,8031.0,687.0,1.0,1.0,0,0.0,2.0,0.9960498,-0.08879589,1.0,6.123234e-17,1,0,1,1,9583.0,1,0.0,1,6110.0,1,5596.0,1,6035.0,1,0.0,1,5665.0,1,5603.0
75,2015-04-01,9613.0,829.0,1.0,1.0,0,1.0,3.0,0.9960498,-0.08879589,0.8660254,-0.5,2,1,0,1,8031.0,1,9583.0,1,6068.0,1,4617.0,1,6451.0,1,7483.0,1,0.0,1,0.0
75,2015-04-02,10379.0,987.0,1.0,1.0,0,1.0,4.0,0.9960498,-0.08879589,0.8660254,-0.5,2,0,0,1,9613.0,1,8031.0,1,0.0,1,4888.0,1,5780.0,1,6116.0,1,5009.0,1,5033.0
75,2015-04-03,0.0,0.0,0.0,1.0,2,1.0,5.0,0.9960498,-0.08879589,0.8660254,-0.5,2,0,0,1,10379.0,1,9613.0,1,9583.0,1,4960.0,1,0.0,1,4992.0,1,4953.0,1,4832.0
75,2015-04-04,10626.0,1064.0,1.0,0.0,0,0.0,6.0,0.9960498,-0.08879589,0.8660254,-0.5,2,0,0,1,0.0,1,10379.0,1,8031.0,1,6110.0,1,5596.0,1,6035.0,1,4731.0,1,4677.0
75,2015-04-05,0.0,0.0,0.0,0.0,0,0.0,7.0,0.9960498,-0.08879589,0.8660254,-0.5,2,0,0,1,10626.0,1,0.0,1,9613.0,1,6068.0,1,4617.0,1,6451.0,1,4470.0,1,4957.0
75,2015-04-06,0.0,0.0,0.0,0.0,2,1.0,1.0,0.9785565,-0.20597862,0.8660254,-0.5,2,0,0,1,0.0,1,10626.0,1,10379.0,1,0.0,1,4888.0,1,5780.0,1,5992.0,1,5428.0
75,2015-04-07,6157.0,690.0,1.0,0.0,0,1.0,2.0,0.9785565,-0.20597862,0.8660254,-0.5,2,0,0,1,0.0,1,0.0,1,0.0,1,9583.0,1,4960.0,1,0.0,1,6162.0,1,5733.0
75,2015-04-08,4726.0,528.0,1.0,0.0,0,1.0,3.0,0.9785565,-0.20597862,0.8660254,-0.5,2,0,0,1,6157.0,1,0.0,1,10626.0,1,8031.0,1,6110.0,1,5596.0,1,0.0,1,0.0
75,2015-04-09,5667.0,601.0,1.0,0.0,0,1.0,4.0,0.9785565,-0.20597862,0.8660254,-0.5,2,0,0,1,4726.0,1,6157.0,1,0.0,1,9613.0,1,6068.0,1,4617.0,1,7483.0,1,6416.0
75,2015-04-10,5619.0,657.0,1.0,0.0,0,1.0,5.0,0.9785565,-0.20597862,0.8660254,-0.5,2,0,0,1,5667.0,1,4726.0,1,0.0,1,10379.0,1,0.0,1,4888.0,1,6116.0,1,5298.0
75,2015-04-11,5750.0,610.0,1.0,0.0,0,0.0,6.0,0.9785565,-0.20597862,0.8660254,-0.5,2,0,0,1,5619.0,1,5667.0,1,6157.0,1,0.0,1,9583.0,1,4960.0,1,4992.0,1,5847.0
75,2015-04-12,0.0,0.0,0.0,0.0,0,0.0,7.0,0.9785565,-0.20597862,0.8660254,-0.5,2,0,0,1,5750.0,1,5619.0,1,4726.0,1,10626.0,1,8031.0,1,6110.0,1,6035.0,1,5814.0
75,2015-04-13,7459.0,727.0,1.0,1.0,0,1.0,1.0,0.94732636,-0.32026985,0.8660254,-0.5,2,0,0,1,0.0,1,5750.0,1,5667.0,1,0.0,1,9613.0,1,6068.0,1,6451.0,1,6165.0
75,2015-04-14,6012.0,576.0,1.0,1.0,0,1.0,2.0,0.94732636,-0.32026985,0.8660254,-0.5,2,0,0,1,7459.0,1,0.0,1,5619.0,1,0.0,1,10379.0,1,0.0,1,5780.0,1,5271.0
75,2015-04-15,5622.0,570.0,1.0,1.0,0,1.0,3.0,0.94732636,-0.32026985,0.8660254,-0.5,2,0,0,1,6012.0,1,7459.0,1,5750.0,1,6157.0,1,0.0,1,9583.0,1,0.0,1,0.0
75,2015-04-16,5477.0,576.0,1.0,1.0,0,1.0,4.0,0.94732636,-0.32026985,0.8660254,-0.5,2,0,0,1,5622.0,1,6012.0,1,0.0,1,4726.0,1,10626.0,1,8031.0,1,5596.0,1,5136.0
75,2015-04-17,6168.0,673.0,1.0,1.0,0,1.0,5.0,0.94732636,-0.32026985,0.8660254,-0.5,2,0,0,1,5477.0,1,5622.0,1,7459.0,1,5667.0,1,0.0,1,9613.0,1,4617.0,1,4303.0
75,2015-04-18,5451.0,619.0,1.0,0.0,0,0.0,6.0,0.94732636,-0.32026985,0.8660254,-0.5,2,0,0,1,6168.0,1,5477.0,1,6012.0,1,5619.0,1,0.0,1,10379.0,1,4888.0,1,4790.0
75,2015-04-19,0.0,0.0,0.0,0.0,0,0.0,7.0,0.94732636,-0.32026985,0.8660254,-0.5,2,0,0,1,5451.0,1,6168.0,1,5622.0,1,5750.0,1,6157.0,1,0.0,1,4960.0,1,5140.0
75,2015-04-20,5209.0,612.0,1.0,0.0,0,0.0,1.0,0.9027978,-0.4300652,0.8660254,-0.5,2,0,0,1,0.0,1,5451.0,1,5477.0,1,0.0,1,4726.0,1,10626.0,1,6110.0,1,6849.0
75,2015-04-21,4557.0,515.0,1.0,0.0,0,0.0,2.0,0.9027978,-0.4300652,0.8660254,-0.5,2,0,0,1,5209.0,1,0.0,1,6168.0,1,7459.0,1,5667.0,1,0.0,1,6068.0,1,5959.0
75,2015-04-22,4498.0,490.0,1.0,0.0,0,0.0,3.0,0.9027978,-0.4300652,0.8660254,-0.5,2,0,0,1,4557.0,1,5209.0,1,5451.0,1,6012.0,1,5619.0,1,0.0,1,0.0,1,0.0
75,2015-04-23,4862.0,567.0,1.0,0.0,0,0.0,4.0,0.9027978,-0.4300652,0.8660254,-0.5,2,0,0,1,4498.0,1,4557.0,1,0.0,1,5622.0,1,5750.0,1,6157.0,1,9583.0,1,7132.0
75,2015-04-24,5378.0,608.0,1.0,0.0,0,0.0,5.0,0.9027978,-0.4300652,0.8660254,-0.5,2,0,0,1,4862.0,1,4498.0,1,5209.0,1,5477.0,1,0.0,1,4726.0,1,8031.0,1,5926.0
75,2015-04-25,6025.0,646.0,1.0,0.0,0,0.0,6.0,0.9027978,-0.4300652,0.8660254,-0.5,2,0,0,1,5378.0,1,4862.0,1,4557.0,1,6168.0,1,7459.0,1,5667.0,1,9613.0,1,5514.0
75,2015-04-26,0.0,0.0,0.0,0.0,0,0.0,7.0,0.9027978,-0.4300652,0.8660254,-0.5,2,0,0,1,6025.0,1,5378.0,1,4498.0,1,5451.0,1,6012.0,1,5619.0,1,10379.0,1,5864.0
75,2015-04-27,6579.0,707.0,1.0,1.0,0,0.0,1.0,0.845596,-0.5338234,0.8660254,-0.5,2,0,0,1,0.0,1,6025.0,1,4862.0,1,0.0,1,5622.0,1,5750.0,1,0.0,1,5980.0
75,2015-04-28,6389.0,619.0,1.0,1.0,0,0.0,2.0,0.845596,-0.5338234,0.8660254,-0.5,2,0,0,1,6579.0,1,0.0,1,5378.0,1,5209.0,1,5477.0,1,0.0,1,10626.0,1,5665.0
75,2015-04-29,7726.0,741.0,1.0,1.0,0,0.0,3.0,0.845596,-0.5338234,0.8660254,-0.5,2,0,0,1,6389.0,1,6579.0,1,6025.0,1,4557.0,1,6168.0,1,7459.0,1,0.0,1,0.0
75,2015-04-30,8128.0,844.0,1.0,1.0,0,0.0,4.0,0.845596,-0.5338234,0.8660254,-0.5,2,0,1,1,7726.0,1,6389.0,1,0.0,1,4498.0,1,5451.0,1,6012.0,1,0.0,1,5009.0
75,2015-05-01,0.0,0.0,0.0,1.0,1,0.0,5.0,0.845596,-0.5338234,0.5,-0.8660254,2,1,0,1,8128.0,1,7726.0,1,6579.0,1,4862.0,1,0.0,1,5622.0,1,6157.0,1,4953.0
75,2015-05-02,7829.0,789.0,1.0,0.0,0,0.0,6.0,0.845596,-0.5338234,0.5,-0.8660254,2,0,0,1,0.0,1,8128.0,1,6389.0,1,5378.0,1,5209.0,1,5477.0,1,4726.0,1,4731.0
75,2015-05-03,0.0,0.0,0.0,0.0,0,0.0,7.0,0.845596,-0.5338234,0.5,-0.8660254,2,0,0,1,7829.0,1,0.0,1,7726.0,1,6025.0,1,4557.0,1,6168.0,1,5667.0,1,4470.0
75,2015-05-04,7599.0,737.0,1.0,1.0,0,0.0,1.0,0.7765239,-0.63008785,0.5,-0.8660254,2,0,0,1,0.0,1,7829.0,1,8128.0,1,0.0,1,4498.0,1,5451.0,1,5619.0,1,5992.0
75,2015-05-05,6067.0,568.0,1.0,1.0,0,0.0,2.0,0.7765239,-0.63008785,0.5,-0.8660254,2,0,0,1,7599.0,1,0.0,1,0.0,1,6579.0,1,4862.0,1,0.0,1,5750.0,1,6162.0
75,2015-05-06,5923.0,631.0,1.0,1.0,0,0.0,3.0,0.7765239,-0.63008785,0.5,-0.8660254,2,0,0,1,6067.0,1,7599.0,1,7829.0,1,6389.0,1,5378.0,1,5209.0,1,0.0,1,0.0
75,2015-05-07,6397.0,678.0,1.0,1.0,0,0.0,4.0,0.7765239,-0.63008785,0.5,-0.8660254,2,0,0,1,5923.0,1,6067.0,1,0.0,1,7726.0,1,6025.0,1,4557.0,1,7459.0,1,7483.0
75,2015-05-08,6662.0,732.0,1.0,1.0,0,0.0,5.0,0.7765239,-0.63008785,0.5,-0.8660254,2,0,0,1,6397.0,1,5923.0,1,7599.0,1,8128.0,1,0.0,1,4498.0,1,6012.0,1,6116.0
75,2015-05-09,6783.0,773.0,1.0,0.0,0,0.0,6.0,0.7765239,-0.63008785,0.5,-0.8660254,2,0,0,1,6662.0,1,6397.0,1,6067.0,1,0.0,1,6579.0,1,4862.0,1,5622.0,1,4992.0
75,2015-05-10,0.0,0.0,0.0,0.0,0,0.0,7.0,0.7765239,-0.63008785,0.5,-0.8660254,2,0,0,1,6783.0,1,6662.0,1,5923.0,1,7829.0,1,6389.0,1,5378.0,1,5477.0,1,6035.0
75,2015-05-11,5137.0,595.0,1.0,0.0,0,0.0,1.0,0.696551,-0.71750724,0.5,-0.8660254,2,0,0,1,0.0,1,6783.0,1,6397.0,1,0.0,1,7726.0,1,6025.0,1,6168.0,1,6451.0
75,2015-05-12,5356.0,598.0,1.0,0.0,0,0.0,2.0,0.696551,-0.71750724,0.5,-0.8660254,2,0,0,1,5137.0,1,0.0,1,6662.0,1,7599.0,1,8128.0,1,0.0,1,5451.0,1,5780.0
75,2015-05-13,7010.0,788.0,1.0,0.0,0,0.0,3.0,0.696551,-0.71750724,0.5,-0.8660254,2,0,0,1,5356.0,1,5137.0,1,6783.0,1,6067.0,1,0.0,1,6579.0,1,0.0,1,0.0
75,2015-05-14,0.0,0.0,0.0,0.0,1,0.0,4.0,0.696551,-0.71750724,0.5,-0.8660254,2,0,0,1,7010.0,1,5356.0,1,0.0,1,5923.0,1,7829.0,1,6389.0,1,5209.0,1,5596.0
75,2015-05-15,6809.0,764.0,1.0,0.0,0,1.0,5.0,0.696551,-0.71750724,0.5,-0.8660254,2,0,0,1,0.0,1,7010.0,1,5137.0,1,6397.0,1,0.0,1,7726.0,1,4557.0,1,4617.0
75,2015-05-16,5963.0,654.0,1.0,0.0,0,0.0,6.0,0.696551,-0.71750724,0.5,-0.8660254,2,0,0,1,6809.0,1,0.0,1,5356.0,1,6662.0,1,7599.0,1,8128.0,1,4498.0,1,4888.0
75,2015-05-17,0.0,0.0,0.0,0.0,0,0.0,7.0,0.696551,-0.71750724,0.5,-0.8660254,2,0,0,1,5963.0,1,6809.0,1,7010.0,1,6783.0,1,6067.0,1,0.0,1,4862.0,1,4960.0
75,2015-05-18,6916.0,721.0,1.0,1.0,0,0.0,1.0,0.60680014,-0.79485446,0.5,-0.8660254,2,0,0,1,0.0,1,5963.0,1,0.0,1,0.0,1,5923.0,1,7829.0,1,5378.0,1,6110.0
75,2015-05-19,6204.0,610.0,1.0,1.0,0,0.0,2.0,0.60680014,-0.79485446,0.5,-0.8660254,2,0,0,1,6916.0,1,0.0,1,6809.0,1,5137.0,1,6397.0,1,0.0,1,6025.0,1,6068.0
75,2015-05-20,6015.0,625.0,1.0,1.0,0,0.0,3.0,0.60680014,-0.79485446,0.5,-0.8660254,2,0,0,1,6204.0,1,6916.0,1,5963.0,1,5356.0,1,6662.0,1,7599.0,1,0.0,1,0.0
75,2015-05-21,6395.0,655.0,1.0,1.0,0,0.0,4.0,0.60680014,-0.79485446,0.5,-0.8660254,2,0,0,1,6015.0,1,6204.0,1,0.0,1,7010.0,1,6783.0,1,6067.0,1,6579.0,1,9583.0
75,2015-05-22,6641.0,690.0,1.0,1.0,0,0.0,5.0,0.60680014,-0.79485446,0.5,-0.8660254,2,0,0,1,6395.0,1,6015.0,1,6916.0,1,0.0,1,0.0,1,5923.0,1,6389.0,1,8031.0
75,2015-05-23,5754.0,679.0,1.0,0.0,0,0.0,6.0,0.60680014,-0.79485446,0.5,-0.8660254,2,0,0,1,6641.0,1,6395.0,1,6204.0,1,6809.0,1,5137.0,1,6397.0,1,7726.0,1,9613.0
75,2015-05-24,0.0,0.0,0.0,0.0,0,0.0,7.0,0.60680014,-0.79485446,0.5,-0.8660254,2,0,0,1,5754.0,1,6641.0,1,6015.0,1,5963.0,1,5356.0,1,6662.0,1,8128.0,1,10379.0
75,2015-05-25,0.0,0.0,0.0,0.0,1,0.0,1.0,0.5085311,-0.86104363,0.5,-0.8660254,2,0,0,1,0.0,1,5754.0,1,6395.0,1,0.0,1,7010.0,1,6783.0,1,0.0,1,0.0
75,2015-05-26,6368.0,692.0,1.0,0.0,0,0.0,2.0,0.5085311,-0.86104363,0.5,-0.8660254,2,0,0,1,0.0,1,0.0,1,6641.0,1,6916.0,1,0.0,1,0.0,1,7829.0,1,10626.0
75,2015-05-27,5625.0,586.0,1.0,0.0,0,0.0,3.0,0.5085311,-0.86104363,0.5,-0.8660254,2,0,0,1,6368.0,1,0.0,1,5754.0,1,6204.0,1,6809.0,1,5137.0,1,0.0,1,0.0
75,2015-05-28,7005.0,673.0,1.0,0.0,0,0.0,4.0,0.5085311,-0.86104363,0.5,-0.8660254,2,0,0,1,5625.0,1,6368.0,1,0.0,1,6015.0,1,5963.0,1,5356.0,1,7599.0,1,0.0
75,2015-05-29,7197.0,727.0,1.0,0.0,0,0.0,5.0,0.5085311,-0.86104363,0.5,-0.8660254,2,0,0,1,7005.0,1,5625.0,1,0.0,1,6395.0,1,0.0,1,7010.0,1,6067.0,1,6157.0
75,2015-05-30,6417.0,674.0,1.0,0.0,0,0.0,6.0,0.5085311,-0.86104363,0.5,-0.8660254,2,0,0,1,7197.0,1,7005.0,1,6368.0,1,6641.0,1,6916.0,1,0.0,1,5923.0,1,4726.0
75,2015-05-31,0.0,0.0,0.0,0.0,0,0.0,7.0,0.5085311,-0.86104363,0.5,-0.8660254,2,0,1,1,6417.0,1,7197.0,1,5625.0,1,5754.0,1,6204.0,1,6809.0,1,6397.0,1,5667.0
75,2015-06-01,8504.0,825.0,1.0,1.0,0,0.0,1.0,0.40312344,-0.91514564,1.2246469e-16,-1.0,2,1,0,1,0.0,1,6417.0,1,7005.0,1,0.0,1,6015.0,1,5963.0,1,6662.0,1,5619.0
75,2015-06-02,6844.0,628.0,1.0,1.0,0,0.0,2.0,0.40312344,-0.91514564,1.2246469e-16,-1.0,2,0,0,1,8504.0,1,0.0,1,7197.0,1,0.0,1,6395.0,1,0.0,1,6783.0,1,5750.0
75,2015-06-03,5968.0,613.0,1.0,1.0,0,0.0,3.0,0.40312344,-0.91514564,1.2246469e-16,-1.0,2,0,0,1,6844.0,1,8504.0,1,6417.0,1,6368.0,1,6641.0,1,6916.0,1,0.0,1,0.0
75,2015-06-04,5307.0,600.0,1.0,1.0,0,0.0,4.0,0.40312344,-0.91514564,1.2246469e-16,-1.0,2,0,0,1,5968.0,1,6844.0,1,0.0,1,5625.0,1,5754.0,1,6204.0,1,5137.0,1,7459.0
75,2015-06-05,6208.0,633.0,1.0,1.0,0,0.0,5.0,0.40312344,-0.91514564,1.2246469e-16,-1.0,2,0,0,1,5307.0,1,5968.0,1,8504.0,1,7005.0,1,0.0,1,6015.0,1,5356.0,1,6012.0
75,2015-06-06,6846.0,687.0,1.0,0.0,0,0.0,6.0,0.40312344,-0.91514564,1.2246469e-16,-1.0,2,0,0,1,6208.0,1,5307.0,1,6844.0,1,7197.0,1,0.0,1,6395.0,1,7010.0,1,5622.0
75,2015-06-07,0.0,0.0,0.0,0.0,0,0.0,7.0,0.40312344,-0.91514564,1.2246469e-16,-1.0,2,0,0,1,6846.0,1,6208.0,1,5968.0,1,6417.0,1,6368.0,1,6641.0,1,0.0,1,5477.0
75,2015-06-08,5924.0,666.0,1.0,0.0,0,0.0,1.0,0.29205677,-0.956401,1.2246469e-16,-1.0,2,0,0,1,0.0,1,6846.0,1,5307.0,1,0.0,1,5625.0,1,5754.0,1,6809.0,1,6168.0
75,2015-06-09,4948.0,552.0,1.0,0.0,0,0.0,2.0,0.29205677,-0.956401,1.2246469e-16,-1.0,2,0,0,1,5924.0,1,0.0,1,6208.0,1,8504.0,1,7005.0,1,0.0,1,5963.0,1,5451.0
75,2015-06-10,4497.0,537.0,1.0,0.0,0,0.0,3.0,0.29205677,-0.956401,1.2246469e-16,-1.0,2,0,0,1,4948.0,1,5924.0,1,6846.0,1,6844.0,1,7197.0,1,0.0,1,0.0,1,0.0
75,2015-06-11,5294.0,595.0,1.0,0.0,0,0.0,4.0,0.29205677,-0.956401,1.2246469e-16,-1.0,2,0,0,1,4497.0,1,4948.0,1,0.0,1,5968.0,1,6417.0,1,6368.0,1,6916.0,1,5209.0
75,2015-06-12,6485.0,657.0,1.0,0.0,0,0.0,5.0,0.29205677,-0.956401,1.2246469e-16,-1.0,2,0,0,1,5294.0,1,4497.0,1,5924.0,1,5307.0,1,0.0,1,5625.0,1,6204.0,1,4557.0
75,2015-06-13,6481.0,672.0,1.0,0.0,0,0.0,6.0,0.29205677,-0.956401,1.2246469e-16,-1.0,2,0,0,1,6485.0,1,5294.0,1,4948.0,1,6208.0,1,8504.0,1,7005.0,1,6015.0,1,4498.0
75,2015-06-14,0.0,0.0,0.0,0.0,0,0.0,7.0,0.29205677,-0.956401,1.2246469e-16,-1.0,2,0,0,1,6481.0,1,6485.0,1,4497.0,1,6846.0,1,6844.0,1,7197.0,1,6395.0,1,4862.0
75,2015-06-15,8390.0,823.0,1.0,1.0,0,0.0,1.0,0.17689027,-0.9842306,1.2246469e-16,-1.0,2,0,0,1,0.0,1,6481.0,1,5294.0,1,0.0,1,5968.0,1,6417.0,1,6641.0,1,5378.0
75,2015-06-16,6614.0,638.0,1.0,1.0,0,0.0,2.0,0.17689027,-0.9842306,1.2246469e-16,-1.0,2,0,0,1,8390.0,1,0.0,1,6485.0,1,5924.0,1,5307.0,1,0.0,1,5754.0,1,6025.0
75,2015-06-17,6039.0,633.0,1.0,1.0,0,0.0,3.0,0.17689027,-0.9842306,1.2246469e-16,-1.0,2,0,0,1,6614.0,1,8390.0,1,6481.0,1,4948.0,1,6208.0,1,8504.0,1,0.0,1,0.0
75,2015-06-18,6012.0,619.0,1.0,1.0,0,0.0,4.0,0.17689027,-0.9842306,1.2246469e-16,-1.0,2,0,0,1,6039.0,1,6614.0,1,0.0,1,4497.0,1,6846.0,1,6844.0,1,0.0,1,6579.0
75,2015-06-19,6641.0,708.0,1.0,1.0,0,0.0,5.0,0.17689027,-0.9842306,1.2246469e-16,-1.0,2,0,0,1,6012.0,1,6039.0,1,8390.0,1,5294.0,1,0.0,1,5968.0,1,6368.0,1,6389.0
75,2015-06-20,5586.0,618.0,1.0,0.0,0,0.0,6.0,0.17689027,-0.9842306,1.2246469e-16,-1.0,2,0,0,1,6641.0,1,6012.0,1,6614.0,1,6485.0,1,5924.0,1,5307.0,1,5625.0,1,7726.0
75,2015-06-21,0.0,0.0,0.0,0.0,0,0.0,7.0,0.17689027,-0.9842306,1.2246469e-16,-1.0,2,0,0,1,5586.0,1,6641.0,1,6039.0,1,6481.0,1,4948.0,1,6208.0,1,7005.0,1,8128.0
75,2015-06-22,6066.0,641.0,1.0,0.0,0,0.0,1.0,0.059240628,-0.99824375,1.2246469e-16,-1.0,2,0,0,1,0.0,1,5586.0,1,6012.0,1,0.0,1,4497.0,1,6846.0,1,7197.0,1,0.0
75,2015-06-23,4767.0,543.0,1.0,0.0,0,0.0,2.0,0.059240628,-0.99824375,1.2246469e-16,-1.0,2,0,0,1,6066.0,1,0.0,1,6641.0,1,8390.0,1,5294.0,1,0.0,1,6417.0,1,7829.0
75,2015-06-24,4818.0,550.0,1.0,0.0,0,0.0,3.0,0.059240628,-0.99824375,1.2246469e-16,-1.0,2,0,0,1,4767.0,1,6066.0,1,5586.0,1,6614.0,1,6485.0,1,5924.0,1,0.0,1,0.0
75,2015-06-25,4648.0,548.0,1.0,0.0,0,0.0,4.0,0.059240628,-0.99824375,1.2246469e-16,-1.0,2,0,0,1,4818.0,1,4767.0,1,0.0,1,6039.0,1,6481.0,1,4948.0,1,8504.0,1,7599.0
75,2015-06-26,5466.0,601.0,1.0,0.0,0,0.0,5.0,0.059240628,-0.99824375,1.2246469e-16,-1.0,2,0,0,1,4648.0,1,4818.0,1,6066.0,1,6012.0,1,0.0,1,4497.0,1,6844.0,1,6067.0
75,2015-06-27,6485.0,672.0,1.0,0.0,0,0.0,6.0,0.059240628,-0.99824375,1.2246469e-16,-1.0,2,0,0,1,5466.0,1,4648.0,1,4767.0,1,6641.0,1,8390.0,1,5294.0,1,5968.0,1,5923.0
75,2015-06-28,0.0,0.0,0.0,0.0,0,0.0,7.0,0.059240628,-0.99824375,1.2246469e-16,-1.0,2,0,0,1,6485.0,1,5466.0,1,4818.0,1,5586.0,1,6614.0,1,6485.0,1,5307.0,1,6397.0
75,2015-06-29,8981.0,780.0,1.0,1.0,0,0.0,1.0,-0.059240628,-0.99824375,1.2246469e-16,-1.0,2,0,0,1,0.0,1,6485.0,1,4648.0,1,0.0,1,6039.0,1,6481.0,1,6208.0,1,6662.0
75,2015-06-30,7809.0,691.0,1.0,1.0,0,0.0,2.0,-0.059240628,-0.99824375,1.2246469e-16,-1.0,2,0,1,1,8981.0,1,0.0,1,5466.0,1,6066.0,1,6012.0,1,0.0,1,6846.0,1,6783.0
75,2015-07-01,7179.0,727.0,1.0,1.0,0,0.0,3.0,-0.059240628,-0.99824375,-0.5,-0.8660254,3,1,0,1,7809.0,1,8981.0,1,6485.0,1,4767.0,1,6641.0,1,8390.0,1,0.0,1,0.0
75,2015-07-02,7039.0,673.0,1.0,1.0,0,0.0,4.0,-0.059240628,-0.99824375,-0.5,-0.8660254,3,0,0,1,7179.0,1,7809.0,1,0.0,1,4818.0,1,5586.0,1,6614.0,1,5924.0,1,5137.0
75,2015-07-03,6871.0,710.0,1.0,1.0,0,0.0,5.0,-0.059240628,-0.99824375,-0.5,-0.8660254,3,0,0,1,7039.0,1,7179.0,1,8981.0,1,4648.0,1,0.0,1,6039.0,1,4948.0,1,5356.0
75,2015-07-04,6055.0,673.0,1.0,0.0,0,0.0,6.0,-0.059240628,-0.99824375,-0.5,-0.8660254,3,0,0,1,6871.0,1,7039.0,1,7809.0,1,5466.0,1,6066.0,1,6012.0,1,4497.0,1,7010.0
75,2015-07-05,0.0,0.0,0.0,0.0,0,0.0,7.0,-0.059240628,-0.99824375,-0.5,-0.8660254,3,0,0,1,6055.0,1,6871.0,1,7179.0,1,6485.0,1,4767.0,1,6641.0,1,5294.0,1,0.0
75,2015-07-06,5721.0,616.0,1.0,0.0,0,0.0,1.0,-0.17689027,-0.9842306,-0.5,-0.8660254,3,0,0,1,0.0,1,6055.0,1,7039.0,1,0.0,1,4818.0,1,5586.0,1,6485.0,1,6809.0
75,2015-07-07,5432.0,567.0,1.0,0.0,0,0.0,2.0,-0.17689027,-0.9842306,-0.5,-0.8660254,3,0,0,1,5721.0,1,0.0,1,6871.0,1,8981.0,1,4648.0,1,0.0,1,6481.0,1,5963.0
75,2015-07-08,6329.0,646.0,1.0,0.0,0,0.0,3.0,-0.17689027,-0.9842306,-0.5,-0.8660254,3,0,0,1,5432.0,1,5721.0,1,6055.0,1,7809.0,1,5466.0,1,6066.0,1,0.0,1,0.0
75,2015-07-09,5431.0,629.0,1.0,0.0,0,0.0,4.0,-0.17689027,-0.9842306,-0.5,-0.8660254,3,0,0,1,6329.0,1,5432.0,1,0.0,1,7179.0,1,6485.0,1,4767.0,1,8390.0,1,6916.0
75,2015-07-10,6104.0,647.0,1.0,0.0,0,0.0,5.0,-0.17689027,-0.9842306,-0.5,-0.8660254,3,0,0,1,5431.0,1,6329.0,1,5721.0,1,7039.0,1,0.0,1,4818.0,1,6614.0,1,6204.0
75,2015-07-11,6196.0,705.0,1.0,0.0,0,0.0,6.0,-0.17689027,-0.9842306,-0.5,-0.8660254,3,0,0,1,6104.0,1,5431.0,1,5432.0,1,6871.0,1,8981.0,1,4648.0,1,6039.0,1,6015.0
75,2015-07-12,0.0,0.0,0.0,0.0,0,0.0,7.0,-0.17689027,-0.9842306,-0.5,-0.8660254,3,0,0,1,6196.0,1,6104.0,1,6329.0,1,6055.0,1,7809.0,1,5466.0,1,6012.0,1,6395.0
75,2015-07-13,8207.0,796.0,1.0,1.0,0,0.0,1.0,-0.29205677,-0.956401,-0.5,-0.8660254,3,0,0,1,0.0,1,6196.0,1,5431.0,1,0.0,1,7179.0,1,6485.0,1,6641.0,1,6641.0
75,2015-07-14,6367.0,634.0,1.0,1.0,0,0.0,2.0,-0.29205677,-0.956401,-0.5,-0.8660254,3,0,0,1,8207.0,1,0.0,1,6104.0,1,5721.0,1,7039.0,1,0.0,1,5586.0,1,5754.0
75,2015-07-15,6341.0,654.0,1.0,1.0,0,0.0,3.0,-0.29205677,-0.956401,-0.5,-0.8660254,3,0,0,1,6367.0,1,8207.0,1,6196.0,1,5432.0,1,6871.0,1,8981.0,1,0.0,1,0.0
75,2015-07-16,7032.0,700.0,1.0,1.0,0,0.0,4.0,-0.29205677,-0.956401,-0.5,-0.8660254,3,0,0,1,6341.0,1,6367.0,1,0.0,1,6329.0,1,6055.0,1,7809.0,1,6066.0,1,0.0
75,2015-07-17,7778.0,766.0,1.0,1.0,0,0.0,5.0,-0.29205677,-0.956401,-0.5,-0.8660254,3,0,0,1,7032.0,1,6341.0,1,8207.0,1,5431.0,1,0.0,1,7179.0,1,4767.0,1,6368.0
75,2015-07-18,6822.0,690.0,1.0,0.0,0,0.0,6.0,-0.29205677,-0.956401,-0.5,-0.8660254,3,0,0,1,7778.0,1,7032.0,1,6367.0,1,6104.0,1,5721.0,1,7039.0,1,4818.0,1,5625.0
75,2015-07-19,0.0,0.0,0.0,0.0,0,0.0,7.0,-0.29205677,-0.956401,-0.5,-0.8660254,3,0,0,1,6822.0,1,7778.0,1,6341.0,1,6196.0,1,5432.0,1,6871.0,1,4648.0,1,7005.0
75,2015-07-20,6816.0,718.0,1.0,0.0,0,1.0,1.0,-0.40312344,-0.91514564,-0.5,-0.8660254,3,0,0,1,0.0,1,6822.0,1,7032.0,1,0.0,1,6329.0,1,6055.0,1,5466.0,1,7197.0
75,2015-07-21,5720.0,598.0,1.0,0.0,0,1.0,2.0,-0.40312344,-0.91514564,-0.5,-0.8660254,3,0,0,1,6816.0,1,0.0,1,7778.0,1,8207.0,1,5431.0,1,0.0,1,6485.0,1,6417.0
75,2015-07-22,5065.0,567.0,1.0,0.0,0,1.0,3.0,-0.40312344,-0.91514564,-0.5,-0.8660254,3,0,0,1,5720.0,1,6816.0,1,6822.0,1,6367.0,1,6104.0,1,5721.0,1,0.0,1,0.0
75,2015-07-23,6630.0,684.0,1.0,0.0,0,1.0,4.0,-0.40312344,-0.91514564,-0.5,-0.8660254,3,0,0,1,5065.0,1,5720.0,1,0.0,1,6341.0,1,6196.0,1,5432.0,1,8981.0,1,8504.0
75,2015-07-24,5503.0,625.0,1.0,0.0,0,1.0,5.0,-0.40312344,-0.91514564,-0.5,-0.8660254,3,0,0,1,6630.0,1,5065.0,1,6816.0,1,7032.0,1,0.0,1,6329.0,1,7809.0,1,6844.0
75,2015-07-25,5809.0,610.0,1.0,0.0,0,0.0,6.0,-0.40312344,-0.91514564,-0.5,-0.8660254,3,0,0,1,5503.0,1,6630.0,1,5720.0,1,7778.0,1,8207.0,1,5431.0,1,7179.0,1,5968.0
75,2015-07-26,0.0,0.0,0.0,0.0,0,0.0,7.0,-0.40312344,-0.91514564,-0.5,-0.8660254,3,0,0,1,5809.0,1,5503.0,1,5065.0,1,6822.0,1,6367.0,1,6104.0,1,7039.0,1,5307.0
75,2015-07-27,7346.0,754.0,1.0,1.0,0,1.0,1.0,-0.5085311,-0.86104363,-0.5,-0.8660254,3,0,0,1,0.0,1,5809.0,1,6630.0,1,0.0,1,6341.0,1,6196.0,1,6871.0,1,6208.0
75,2015-07-28,6292.0,629.0,1.0,1.0,0,1.0,2.0,-0.5085311,-0.86104363,-0.5,-0.8660254,3,0,0,1,7346.0,1,0.0,1,5503.0,1,6816.0,1,7032.0,1,0.0,1,6055.0,1,6846.0
75,2015-07-29,7476.0,664.0,1.0,1.0,0,1.0,3.0,-0.5085311,-0.86104363,-0.5,-0.8660254,3,0,0,1,6292.0,1,7346.0,1,5809.0,1,5720.0,1,7778.0,1,8207.0,1,0.0,1,0.0
75,2015-07-30,7551.0,711.0,1.0,1.0,0,1.0,4.0,-0.5085311,-0.86104363,-0.5,-0.8660254,3,0,0,1,7476.0,1,6292.0,1,0.0,1,5065.0,1,6822.0,1,6367.0,1,5721.0,1,5924.0
75,2015-07-31,7444.0,807.0,1.0,1.0,0,1.0,5.0,-0.5085311,-0.86104363,-0.5,-0.8660254,3,0,1,1,7551.0,1,7476.0,1,7346.0,1,6630.0,1,0.0,1,6341.0,1,5432.0,1,4948.0
