id,timestamp,target,Customers,Open,Promo,StateHoliday,SchoolHoliday,DayOfWeek,week_sin,week_cos,month_sin,month_cos,quarter,is_month_start,is_month_end,lag_1_known,lag_1,lag_2_known,lag_2,lag_4_known,lag_4,lag_8_known,lag_8,lag_12_known,lag_12,lag_16_known,lag_16,lag_24_known,lag_24,lag_52_known,lag_52,ema_4,ema_8,chg_1
1066,2013-01-01,0.0,0.0,0.0,0.0,1,1.0,2.0,0.11827317,0.9929811,0.5,0.8660254,1,1,0,0,0.0,0,0.0,0,0.0,0,0.0,0,0.0,0,0.0,0,0.0,0,0.0,0.0,0.0,0.0
1066,2013-01-02,10939.0,1198.0,1.0,0.0,0,1.0,3.0,0.11827317,0.9929811,0.5,0.8660254,1,0,0,1,0.0,0,0.0,0,0.0,0,0.0,0,0.0,0,0.0,0,0.0,0,0.0,0.0,0.0,0.0
1066,2013-01-03,9244.0,992.0,1.0,0.0,0,1.0,4.0,0.11827317,0.9929811,0.5,0.8660254,1,0,0,1,10939.0,1,0.0,0,0.0,0,0.0,0,0.0,0,0.0,0,0.0,0,0.0,4375.6,2430.889,10939.0
1066,2013-01-04,10885.0,1116.0,1.0,0.0,0,1.0,5.0,0.11827317,0.9929811,0.5,0.8660254,1,0,0,1,9244.0,1,10939.0,0,0.0,0,0.0,0,0.0,0,0.0,0,0.0,0,0.0,6322.96,3944.9136,-1695.0
1066,2013-01-05,9481.0,1026.0,1.0,0.0,0,0.0,6.0,0.11827317,0.9929811,0.5,0.8660254,1,0,0,1,10885.0,1,9244.0,1,0.0,0,0.0,0,0.0,0,0.0,0,0.0,0,0.0,8147.776,5487.155,1641.0
1066,2013-01-06,0.0,0.0,0.0,0.0,0,0.0,7.0,0.11827317,0.9929811,0.5,0.8660254,1,0,0,1,9481.0,1,10885.0,1,10939.0,0,0.0,0,0.0,0,0.0,0,0.0,0,0.0,8681.065,6374.6763,-1404.0
1066,2013-01-07,15748.0,1444.0,1.0,1.0,0,0.0,1.0,0.23488605,0.9720229,0.5,0.8660254,1,0,0,1,0.0,1,9481.0,1,9244.0,0,0.0,0,0.0,0,0.0,0,0.0,0,0.0,5208.639,4958.0815,-9481.0
1066,2013-01-08,13214.0,1310.0,1.0,1.0,0,0.0,2.0,0.23488605,0.9720229,0.5,0.8660254,1,0,0,1,15748.0,1,0.0,1,10885.0,0,0.0,0,0.0,0,0.0,0,0.0,0,0.0,9424.384,7355.8413,15748.0
1066,2013-01-09,9660.0,929.0,1.0,1.0,0,0.0,3.0,0.23488605,0.9720229,0.5,0.8660254,1,0,0,1,13214.0,1,15748.0,1,9481.0,1,0.0,0,0.0,0,0.0,0,0.0,0,0.0,10940.23,8657.654,-2534.0
1066,2013-01-10,11201.0,1152.0,1.0,1.0,0,0.0,4.0,0.23488605,0.9720229,0.5,0.8660254,1,0,0,1,9660.0,1,13214.0,1,0.0,1,10939.0,0,0.0,0,0.0,0,0.0,0,0.0,10428.138,8880.397,-3554.0
1066,2013-01-11,12126.0,1220.0,1.0,1.0,0,0.0,5.0,0.23488605,0.9720229,0.5,0.8660254,1,0,0,1,11201.0,1,9660.0,1,15748.0,1,9244.0,0,0.0,0,0.0,0,0.0,0,0.0,10737.283,9396.087,1541.0
1066,2013-01-12,11164.0,1102.0,1.0,0.0,0,0.0,6.0,0.23488605,0.9720229,0.5,0.8660254,1,0,0,1,12126.0,1,11201.0,1,13214.0,1,10885.0,0,0.0,0,0.0,0,0.0,0,0.0,11292.77,10002.734,925.0
1066,2013-01-13,0.0,0.0,0.0,0.0,0,0.0,7.0,0.23488605,0.9720229,0.5,0.8660254,1,0,0,1,11164.0,1,12126.0,1,9660.0,1,9481.0,1,0.0,0,0.0,0,0.0,0,0.0,11241.262,10260.793,-962.0
1066,2013-01-14,9513.0,1060.0,1.0,0.0,0,0.0,1.0,0.34820163,0.93741965,0.5,0.8660254,1,0,0,1,0.0,1,11164.0,1,11201.0,1,0.0,1,10939.0,0,0.0,0,0.0,0,0.0,6744.7573,7980.617,-11164.0
1066,2013-01-15,8896.0,969.0,1.0,0.0,0,0.0,2.0,0.34820163,0.93741965,0.5,0.8660254,1,0,0,1,9513.0,1,0.0,1,12126.0,1,15748.0,1,9244.0,0,0.0,0,0.0,0,0.0,7852.054,8321.146,9513.0
1066,2013-01-16,8332.0,957.0,1.0,0.0,0,0.0,3.0,0.34820163,0.93741965,0.5,0.8660254,1,0,0,1,8896.0,1,9513.0,1,11164.0,1,13214.0,1,10885.0,0,0.0,0,0.0,0,0.0,8269.633,8448.892,-617.0
1066,2013-01-17,9040.0,981.0,1.0,0.0,0,0.0,4.0,0.34820163,0.93741965,0.5,0.8660254,1,0,0,1,8332.0,1,8896.0,1,0.0,1,9660.0,1,9481.0,1,0.0,0,0.0,0,0.0,8294.579,8422.916,-564.0
1066,2013-01-18,10124.0,1096.0,1.0,0.0,0,0.0,5.0,0.34820163,0.93741965,0.5,0.8660254,1,0,0,1,9040.0,1,8332.0,1,9513.0,1,11201.0,1,0.0,1,10939.0,0,0.0,0,0.0,8592.748,8560.046,708.0
1066,2013-01-19,10585.0,1103.0,1.0,0.0,0,0.0,6.0,0.34820163,0.93741965,0.5,0.8660254,1,0,0,1,10124.0,1,9040.0,1,8896.0,1,12126.0,1,15748.0,1,9244.0,0,0.0,0,0.0,9205.249,8907.591,1084.0
1066,2013-01-20,0.0,0.0,0.0,0.0,0,0.0,7.0,0.34820163,0.93741965,0.5,0.8660254,1,0,0,1,10585.0,1,10124.0,1,8332.0,1,11164.0,1,13214.0,1,10885.0,0,0.0,0,0.0,9757.149,9280.349,461.0
1066,2013-01-21,13079.0,1229.0,1.0,1.0,0,0.0,1.0,0.45662925,0.8896571,0.5,0.8660254,1,0,0,1,0.0,1,10585.0,1,9040.0,1,0.0,1,9660.0,1,9481.0,0,0.0,0,0.0,5854.2896,7218.049,-10585.0
1066,2013-01-22,12766.0,1248.0,1.0,1.0,0,0.0,2.0,0.45662925,0.8896571,0.5,0.8660254,1,0,0,1,13079.0,1,0.0,1,10124.0,1,9513.0,1,11201.0,1,0.0,0,0.0,0,0.0,8744.174,8520.482,13079.0
1066,2013-01-23,11068.0,1077.0,1.0,1.0,0,0.0,3.0,0.45662925,0.8896571,0.5,0.8660254,1,0,0,1,12766.0,1,13079.0,1,10585.0,1,8896.0,1,12126.0,1,15748.0,0,0.0,0,0.0,10352.904,9463.931,-313.0
1066,2013-01-24,10371.0,1052.0,1.0,1.0,0,0.0,4.0,0.45662925,0.8896571,0.5,0.8660254,1,0,0,1,11068.0,1,12766.0,1,0.0,1,8332.0,1,11164.0,1,13214.0,0,0.0,0,0.0,10638.942,9820.391,-1698.0
1066,2013-01-25,11437.0,1180.0,1.0,1.0,0,0.0,5.0,0.45662925,0.8896571,0.5,0.8660254,1,0,0,1,10371.0,1,11068.0,1,13079.0,1,9040.0,1,0.0,1,9660.0,1,0.0,0,0.0,10531.766,9942.748,-697.0
1066,2013-01-26,9620.0,995.0,1.0,0.0,0,0.0,6.0,0.45662925,0.8896571,0.5,0.8660254,1,0,0,1,11437.0,1,10371.0,1,12766.0,1,10124.0,1,9513.0,1,11201.0,1,10939.0,0,0.0,10893.859,10274.805,1066.0
1066,2013-01-27,0.0,0.0,0.0,0.0,0,0.0,7.0,0.45662925,0.8896571,0.5,0.8660254,1,0,0,1,9620.0,1,11437.0,1,11068.0,1,10585.0,1,8896.0,1,12126.0,1,9244.0,0,0.0,10384.315,10129.292,-1817.0
1066,2013-01-28,9369.0,1032.0,1.0,0.0,0,0.0,1.0,0.55864674,0.82940567,0.5,0.8660254,1,0,0,1,0.0,1,9620.0,1,10371.0,1,0.0,1,8332.0,1,11164.0,1,10885.0,0,0.0,6230.5894,7878.3384,-9620.0
1066,2013-01-29,8212.0,918.0,1.0,0.0,0,0.0,2.0,0.55864674,0.82940567,0.5,0.8660254,1,0,0,1,9369.0,1,0.0,1,11437.0,1,13079.0,1,9040.0,1,0.0,1,9481.0,0,0.0,7485.9536,8209.597,9369.0
1066,2013-01-30,8593.0,934.0,1.0,0.0,0,0.0,3.0,0.55864674,0.82940567,0.5,0.8660254,1,0,0,1,8212.0,1,9369.0,1,9620.0,1,12766.0,1,10124.0,1,9513.0,1,0.0,0,0.0,7776.372,8210.131,-1157.0
1066,2013-01-31,10428.0,1072.0,1.0,0.0,0,0.0,4.0,0.55864674,0.82940567,0.5,0.8660254,1,0,1,1,8593.0,1,8212.0,1,0.0,1,11068.0,1,10585.0,1,8896.0,1,15748.0,0,0.0,8103.0234,8295.213,381.0
1066,2013-02-01,10145.0,1025.0,1.0,0.0,0,0.0,5.0,0.55864674,0.82940567,0.8660254,0.5,1,1,0,1,10428.0,1,8593.0,1,9369.0,1,10371.0,1,0.0,1,8332.0,1,13214.0,0,0.0,9033.014,8769.165,1835.0
1066,2013-02-02,11576.0,1140.0,1.0,0.0,0,0.0,6.0,0.55864674,0.82940567,0.8660254,0.5,1,0,0,1,10145.0,1,10428.0,1,8212.0,1,11437.0,1,13079.0,1,9040.0,1,9660.0,0,0.0,9477.809,9074.906,-283.0
1066,2013-02-03,0.0,0.0,0.0,0.0,0,0.0,7.0,0.55864674,0.82940567,0.8660254,0.5,1,0,0,1,11576.0,1,10145.0,1,8593.0,1,9620.0,1,12766.0,1,10124.0,1,11201.0,0,0.0,10317.085,9630.705,1431.0
1066,2013-02-04,14621.0,1414.0,1.0,1.0,0,0.0,1.0,0.65282214,0.75751126,0.8660254,0.5,1,0,0,1,0.0,1,11576.0,1,10428.0,1,0.0,1,11068.0,1,10585.0,1,12126.0,0,0.0,6190.251,7490.5483,-11576.0
1066,2013-02-05,13598.0,1320.0,1.0,1.0,0,0.0,2.0,0.65282214,0.75751126,0.8660254,0.5,1,0,0,1,14621.0,1,0.0,1,10145.0,1,9369.0,1,10371.0,1,0.0,1,11164.0,0,0.0,9562.551,9075.093,14621.0
1066,2013-02-06,13805.0,1303.0,1.0,1.0,0,0.0,3.0,0.65282214,0.75751126,0.8660254,0.5,1,0,0,1,13598.0,1,14621.0,1,11576.0,1,8212.0,1,11437.0,1,13079.0,1,0.0,0,0.0,11176.73,10080.184,-1023.0
1066,2013-02-07,10442.0,1064.0,1.0,1.0,0,0.0,4.0,0.65282214,0.75751126,0.8660254,0.5,1,0,0,1,13805.0,1,13598.0,1,0.0,1,8593.0,1,9620.0,1,12766.0,1,9513.0,0,0.0,12228.038,10907.921,207.0
1066,2013-02-08,11803.0,1231.0,1.0,1.0,0,0.0,5.0,0.65282214,0.75751126,0.8660254,0.5,1,0,0,1,10442.0,1,13805.0,1,14621.0,1,10428.0,1,0.0,1,11068.0,1,8896.0,0,0.0,11513.623,10804.383,-3363.0
1066,2013-02-09,11269.0,1180.0,1.0,0.0,0,0.0,6.0,0.65282214,0.75751126,0.8660254,0.5,1,0,0,1,11803.0,1,10442.0,1,13598.0,1,10145.0,1,9369.0,1,10371.0,1,8332.0,0,0.0,11629.374,11026.298,1361.0
1066,2013-02-10,0.0,0.0,0.0,0.0,0,0.0,7.0,0.65282214,0.75751126,0.8660254,0.5,1,0,0,1,11269.0,1,11803.0,1,13805.0,1,11576.0,1,8212.0,1,11437.0,1,9040.0,0,0.0,11485.225,11080.231,-534.0
1066,2013-02-11,3710.0,359.0,1.0,0.0,0,0.0,1.0,0.73783326,0.674983,0.8660254,0.5,1,0,0,1,0.0,1,11269.0,1,10442.0,1,0.0,1,8593.0,1,9620.0,1,10124.0,0,0.0,6891.135,8617.958,-11269.0
1066,2013-02-12,11649.0,1243.0,1.0,0.0,0,0.0,2.0,0.73783326,0.674983,0.8660254,0.5,1,0,0,1,3710.0,1,0.0,1,11803.0,1,14621.0,1,10428.0,1,0.0,1,10585.0,0,0.0,5618.6807,7527.3003,3710.0
1066,2013-02-13,10751.0,1101.0,1.0,0.0,0,0.0,3.0,0.73783326,0.674983,0.8660254,0.5,1,0,0,1,11649.0,1,3710.0,1,11269.0,1,13598.0,1,10145.0,1,9369.0,1,0.0,0,0.0,8030.8086,8443.233,7939.0
1066,2013-02-14,9356.0,1007.0,1.0,0.0,0,0.0,4.0,0.73783326,0.674983,0.8660254,0.5,1,0,0,1,10751.0,1,11649.0,1,0.0,1,13805.0,1,11576.0,1,8212.0,1,13079.0,0,0.0,9118.885,8956.07,-898.0
1066,2013-02-15,8673.0,1051.0,1.0,0.0,0,0.0,5.0,0.73783326,0.674983,0.8660254,0.5,1,0,0,1,9356.0,1,10751.0,1,3710.0,1,10442.0,1,0.0,1,8593.0,1,12766.0,0,0.0,9213.731,9044.944,-1395.0
1066,2013-02-16,9980.0,1070.0,1.0,0.0,0,0.0,6.0,0.73783326,0.674983,0.8660254,0.5,1,0,0,1,8673.0,1,9356.0,1,11649.0,1,11803.0,1,14621.0,1,10428.0,1,11068.0,0,0.0,8997.438,8962.29,-683.0
1066,2013-02-17,0.0,0.0,0.0,0.0,0,0.0,7.0,0.73783326,0.674983,0.8660254,0.5,1,0,0,1,9980.0,1,8673.0,1,10751.0,1,11269.0,1,13598.0,1,10145.0,1,10371.0,0,0.0,9390.463,9188.447,1307.0
1066,2013-02-18,14755.0,1479.0,1.0,1.0,0,0.0,1.0,0.8124869,0.5829795,0.8660254,0.5,1,0,0,1,0.0,1,9980.0,1,9356.0,1,0.0,1,13805.0,1,11576.0,1,11437.0,0,0.0,5634.278,7146.5703,-9980.0
1066,2013-02-19,11056.0,1135.0,1.0,1.0,0,0.0,2.0,0.8124869,0.5829795,0.8660254,0.5,1,0,0,1,14755.0,1,0.0,1,8673.0,1,3710.0,1,10442.0,1,0.0,1,9620.0,0,0.0,9282.566,8837.332,14755.0
1066,2013-02-20,11481.0,1123.0,1.0,1.0,0,0.0,3.0,0.8124869,0.5829795,0.8660254,0.5,1,0,0,1,11056.0,1,14755.0,1,9980.0,1,11649.0,1,11803.0,1,14621.0,1,0.0,0,0.0,9991.94,9330.37,-3699.0
1066,2013-02-21,9591.0,989.0,1.0,1.0,0,0.0,4.0,0.8124869,0.5829795,0.8660254,0.5,1,0,0,1,11481.0,1,11056.0,1,0.0,1,10751.0,1,11269.0,1,13598.0,1,9369.0,0,0.0,10587.564,9808.287,425.0
1066,2013-02-22,10045.0,1075.0,1.0,1.0,0,0.0,5.0,0.8124869,0.5829795,0.8660254,0.5,1,0,0,1,9591.0,1,11481.0,1,14755.0,1,9356.0,1,0.0,1,13805.0,1,8212.0,1,0.0,10188.938,9760.001,-1890.0
1066,2013-02-23,10343.0,1006.0,1.0,0.0,0,0.0,6.0,0.8124869,0.5829795,0.8660254,0.5,1,0,0,1,10045.0,1,9591.0,1,11056.0,1,8673.0,1,3710.0,1,10442.0,1,8593.0,1,10939.0,10131.363,9823.334,454.0
1066,2013-02-24,0.0,0.0,0.0,0.0,0,0.0,7.0,0.8124869,0.5829795,0.8660254,0.5,1,0,0,1,10343.0,1,10045.0,1,11481.0,1,9980.0,1,11649.0,1,11803.0,1,10428.0,1,9244.0,10216.018,9938.815,298.0
1066,2013-02-25,9249.0,1020.0,1.0,0.0,0,0.0,1.0,0.8757349,0.4827922,0.8660254,0.5,1,0,0,1,0.0,1,10343.0,1,9591.0,1,0.0,1,10751.0,1,11269.0,1,10145.0,1,10885.0,6129.611,7730.19,-10343.0
1066,2013-02-26,8813.0,1052.0,1.0,0.0,0,0.0,2.0,0.8757349,0.4827922,0.8660254,0.5,1,0,0,1,9249.0,1,0.0,1,10045.0,1,14755.0,1,9356.0,1,0.0,1,11576.0,1,9481.0,7377.366,8067.703,9249.0
1066,2013-02-27,9227.0,983.0,1.0,0.0,0,0.0,3.0,0.8757349,0.4827922,0.8660254,0.5,1,0,0,1,8813.0,1,9249.0,1,10343.0,1,11056.0,1,8673.0,1,3710.0,1,0.0,1,0.0,7951.6196,8233.325,-436.0
1066,2013-02-28,11521.0,1167.0,1.0,0.0,0,0.0,4.0,0.8757349,0.4827922,0.8660254,0.5,1,0,1,1,9227.0,1,8813.0,1,0.0,1,11481.0,1,9980.0,1,11649.0,1,14621.0,1,15748.0,8461.771,8454.142,414.0
1066,2013-03-01,11460.0,1190.0,1.0,0.0,0,0.0,5.0,0.8757349,0.4827922,1.0,6.123234e-17,1,1,0,1,11521.0,1,9227.0,1,9249.0,1,9591.0,1,0.0,1,10751.0,1,13598.0,1,13214.0,9685.463,9135.666,2294.0
1066,2013-03-02,11355.0,1154.0,1.0,0.0,0,0.0,6.0,0.8757349,0.4827922,1.0,6.123234e-17,1,0,0,1,11460.0,1,11521.0,1,8813.0,1,10045.0,1,14755.0,1,9356.0,1,13805.0,1,9660.0,10395.278,9652.185,-61.0
1066,2013-03-03,0.0,0.0,0.0,0.0,0,0.0,7.0,0.8757349,0.4827922,1.0,6.123234e-17,1,0,0,1,11355.0,1,11460.0,1,9227.0,1,10343.0,1,11056.0,1,8673.0,1,10442.0,1,11201.0,10779.167,10030.588,-105.0
1066,2013-03-04,14449.0,1384.0,1.0,1.0,0,0.0,1.0,0.9266896,0.37582758,1.0,6.123234e-17,1,0,0,1,0.0,1,11355.0,1,11521.0,1,0.0,1,11481.0,1,9980.0,1,11803.0,1,12126.0,6467.5,7801.5684,-11355.0
1066,2013-03-05,12490.0,1208.0,1.0,1.0,0,0.0,2.0,0.9266896,0.37582758,1.0,6.123234e-17,1,0,0,1,14449.0,1,0.0,1,11460.0,1,9249.0,1,9591.0,1,0.0,1,11269.0,1,11164.0,9660.1,9278.775,14449.0
1066,2013-03-06,11251.0,1175.0,1.0,1.0,0,0.0,3.0,0.9266896,0.37582758,1.0,6.123234e-17,1,0,0,1,12490.0,1,14449.0,1,11355.0,1,8813.0,1,10045.0,1,14755.0,1,0.0,1,0.0,10792.06,9992.381,-1959.0
1066,2013-03-07,10103.0,1116.0,1.0,1.0,0,0.0,4.0,0.9266896,0.37582758,1.0,6.123234e-17,1,0,0,1,11251.0,1,12490.0,1,0.0,1,9227.0,1,10343.0,1,11056.0,1,3710.0,1,9513.0,10975.636,10272.074,-1239.0
1066,2013-03-08,11935.0,1341.0,1.0,1.0,0,0.0,5.0,0.9266896,0.37582758,1.0,6.123234e-17,1,0,0,1,10103.0,1,11251.0,1,14449.0,1,11521.0,1,0.0,1,11481.0,1,11649.0,1,8896.0,10626.582,10234.502,-1148.0
1066,2013-03-09,9152.0,926.0,1.0,0.0,0,0.0,6.0,0.9266896,0.37582758,1.0,6.123234e-17,1,0,0,1,11935.0,1,10103.0,1,12490.0,1,11460.0,1,9249.0,1,9591.0,1,10751.0,1,8332.0,11149.949,10612.391,1832.0
1066,2013-03-10,0.0,0.0,0.0,0.0,0,0.0,7.0,0.9266896,0.37582758,1.0,6.123234e-17,1,0,0,1,9152.0,1,11935.0,1,11251.0,1,11355.0,1,8813.0,1,10045.0,1,9356.0,1,9040.0,10350.77,10287.859,-2783.0
1066,2013-03-11,9332.0,1044.0,1.0,0.0,0,0.0,1.0,0.9646356,0.26358718,1.0,6.123234e-17,1,0,0,1,0.0,1,9152.0,1,10103.0,1,0.0,1,9227.0,1,10343.0,1,8673.0,1,10124.0,6210.4614,8001.6685,-9152.0
1066,2013-03-12,8030.0,876.0,1.0,0.0,0,0.0,2.0,0.9646356,0.26358718,1.0,6.123234e-17,1,0,0,1,9332.0,1,0.0,1,11935.0,1,14449.0,1,11521.0,1,0.0,1,9980.0,1,10585.0,7459.077,8297.298,9332.0
1066,2013-03-13,10060.0,1051.0,1.0,0.0,0,0.0,3.0,0.9646356,0.26358718,1.0,6.123234e-17,1,0,0,1,8030.0,1,9332.0,1,9152.0,1,12490.0,1,11460.0,1,9249.0,1,0.0,1,0.0,7687.4463,8237.898,-1302.0
1066,2013-03-14,9165.0,1027.0,1.0,0.0,0,0.0,4.0,0.9646356,0.26358718,1.0,6.123234e-17,1,0,0,1,10060.0,1,8030.0,1,0.0,1,11251.0,1,11355.0,1,8813.0,1,14755.0,1,13079.0,8636.468,8642.81,2030.0
1066,2013-03-15,10428.0,1108.0,1.0,0.0,0,0.0,5.0,0.9646356,0.26358718,1.0,6.123234e-17,1,0,0,1,9165.0,1,10060.0,1,9332.0,1,10103.0,1,0.0,1,9227.0,1,11056.0,1,12766.0,8847.881,8758.852,-895.0
1066,2013-03-16,10635.0,1041.0,1.0,0.0,0,0.0,6.0,0.9646356,0.26358718,1.0,6.123234e-17,1,0,0,1,10428.0,1,9165.0,1,8030.0,1,11935.0,1,14449.0,1,11521.0,1,11481.0,1,11068.0,9479.929,9129.773,1263.0
1066,2013-03-17,0.0,0.0,0.0,0.0,0,0.0,7.0,0.9646356,0.26358718,1.0,6.123234e-17,1,0,0,1,10635.0,1,10428.0,1,10060.0,1,9152.0,1,12490.0,1,11460.0,1,9591.0,1,10371.0,9941.957,9464.269,207.0
1066,2013-03-18,14440.0,1392.0,1.0,1.0,0,0.0,1.0,0.9890402,0.14764656,1.0,6.123234e-17,1,0,0,1,0.0,1,10635.0,1,9165.0,1,0.0,1,11251.0,1,11355.0,1,10045.0,1,11437.0,5965.1743,7361.0977,-10635.0
1066,2013-03-19,11852.0,1172.0,1.0,1.0,0,0.0,2.0,0.9890402,0.14764656,1.0,6.123234e-17,1,0,0,1,14440.0,1,0.0,1,10428.0,1,9332.0,1,10103.0,1,0.0,1,10343.0,1,9620.0,9355.1045,8934.1875,14440.0
1066,2013-03-20,9525.0,915.0,1.0,1.0,0,0.0,3.0,0.9890402,0.14764656,1.0,6.123234e-17,1,0,0,1,11852.0,1,14440.0,1,10635.0,1,8030.0,1,11935.0,1,14449.0,1,0.0,1,0.0,10353.862,9582.59,-2588.0
1066,2013-03-21,11475.0,1194.0,1.0,1.0,0,0.0,4.0,0.9890402,0.14764656,1.0,6.123234e-17,1,0,0,1,9525.0,1,11852.0,1,0.0,1,10060.0,1,9152.0,1,12490.0,1,9249.0,1,9369.0,10022.317,9569.792,-2327.0
1066,2013-03-22,11863.0,1170.0,1.0,1.0,0,0.0,5.0,0.9890402,0.14764656,1.0,6.123234e-17,1,0,0,1,11475.0,1,9525.0,1,14440.0,1,9165.0,1,0.0,1,11251.0,1,8813.0,1,8212.0,10603.391,9993.172,1950.0
1066,2013-03-23,10780.0,1054.0,1.0,0.0,0,0.0,6.0,0.9890402,0.14764656,1.0,6.123234e-17,1,0,0,1,11863.0,1,11475.0,1,11852.0,1,10428.0,1,9332.0,1,10103.0,1,9227.0,1,8593.0,11107.234,10408.689,388.0
1066,2013-03-24,0.0,0.0,0.0,0.0,0,0.0,7.0,0.9890402,0.14764656,1.0,6.123234e-17,1,0,0,1,10780.0,1,11863.0,1,9525.0,1,10635.0,1,8030.0,1,11935.0,1,11521.0,1,10428.0,10976.341,10491.202,-1083.0
1066,2013-03-25,14818.0,1339.0,1.0,1.0,0,1.0,1.0,0.99956083,0.029633328,1.0,6.123234e-17,1,0,0,1,0.0,1,10780.0,1,11475.0,1,0.0,1,10060.0,1,9152.0,1,11460.0,1,10145.0,6585.804,8159.824,-10780.0
1066,2013-03-26,12041.0,1223.0,1.0,1.0,0,1.0,2.0,0.99956083,0.029633328,1.0,6.123234e-17,1,0,0,1,14818.0,1,0.0,1,11863.0,1,14440.0,1,9165.0,1,0.0,1,11355.0,1,11576.0,9878.683,9639.419,14818.0
1066,2013-03-27,12571.0,1273.0,1.0,1.0,0,1.0,3.0,0.99956083,0.029633328,1.0,6.123234e-17,1,0,0,1,12041.0,1,14818.0,1,10780.0,1,11852.0,1,10428.0,1,9332.0,1,0.0,1,0.0,10743.609,10173.104,-2777.0
1066,2013-03-28,13897.0,1426.0,1.0,1.0,0,1.0,4.0,0.99956083,0.029633328,1.0,6.123234e-17,1,0,0,1,12571.0,1,12041.0,1,0.0,1,9525.0,1,10635.0,1,8030.0,1,14449.0,1,14621.0,11474.565,10705.97,530.0
1066,2013-03-29,0.0,0.0,0.0,1.0,2,1.0,5.0,0.99956083,0.029633328,1.0,6.123234e-17,1,0,0,1,13897.0,1,12571.0,1,14818.0,1,11475.0,1,0.0,1,10060.0,1,12490.0,1,13598.0,12443.539,11415.087,1326.0
1066,2013-03-30,13380.0,1373.0,1.0,0.0,0,0.0,6.0,0.99956083,0.029633328,1.0,6.123234e-17,1,0,0,1,0.0,1,13897.0,1,12041.0,1,11863.0,1,14440.0,1,9165.0,1,11251.0,1,13805.0,7466.1235,8878.401,-13897.0
1066,2013-03-31,0.0,0.0,0.0,0.0,0,0.0,7.0,0.99956083,0.029633328,1.0,6.123234e-17,1,0,1,1,13380.0,1,0.0,1,12571.0,1,10780.0,1,11852.0,1,10428.0,1,10103.0,1,10442.0,9831.674,9878.757,13380.0
1066,2013-04-01,0.0,0.0,0.0,0.0,2,1.0,1.0,0.9960498,-0.08879589,0.8660254,-0.5,2,1,0,1,0.0,1,13380.0,1,13897.0,1,0.0,1,9525.0,1,10635.0,1,11935.0,1,11803.0,5899.0044,7683.4775,-13380.0
1066,2013-04-02,12129.0,1263.0,1.0,0.0,0,1.0,2.0,0.9960498,-0.08879589,0.8660254,-0.5,2,0,0,1,0.0,1,0.0,1,0.0,1,14818.0,1,11475.0,1,0.0,1,9152.0,1,11269.0,3539.4028,5976.038,0.0
1066,2013-04-03,9285.0,975.0,1.0,0.0,0,1.0,3.0,0.9960498,-0.08879589,0.8660254,-0.5,2,0,0,1,12129.0,1,0.0,1,13380.0,1,12041.0,1,11863.0,1,14440.0,1,0.0,1,0.0,6975.2417,7343.363,12129.0
1066,2013-04-04,10214.0,1062.0,1.0,0.0,0,1.0,4.0,0.9960498,-0.08879589,0.8660254,-0.5,2,0,0,1,9285.0,1,12129.0,1,0.0,1,12571.0,1,10780.0,1,11852.0,1,9332.0,1,3710.0,7899.145,7774.838,-2844.0
1066,2013-04-05,9710.0,1016.0,1.0,0.0,0,1.0,5.0,0.9960498,-0.08879589,0.8660254,-0.5,2,0,0,1,10214.0,1,9285.0,1,0.0,1,13897.0,1,0.0,1,9525.0,1,8030.0,1,11649.0,8825.087,8316.874,929.0
1066,2013-04-06,9650.0,1043.0,1.0,0.0,0,0.0,6.0,0.9960498,-0.08879589,0.8660254,-0.5,2,0,0,1,9710.0,1,10214.0,1,12129.0,1,0.0,1,14818.0,1,11475.0,1,10060.0,1,10751.0,9179.052,8626.457,-504.0
1066,2013-04-07,0.0,0.0,0.0,0.0,0,0.0,7.0,0.9960498,-0.08879589,0.8660254,-0.5,2,0,0,1,9650.0,1,9710.0,1,9285.0,1,13380.0,1,12041.0,1,11863.0,1,9165.0,1,9356.0,9367.432,8853.911,-60.0
1066,2013-04-08,13832.0,1356.0,1.0,1.0,0,0.0,1.0,0.9785565,-0.20597862,0.8660254,-0.5,2,0,0,1,0.0,1,9650.0,1,10214.0,1,0.0,1,12571.0,1,10780.0,1,10428.0,1,8673.0,5620.459,6886.3755,-9650.0
1066,2013-04-09,12166.0,1194.0,1.0,1.0,0,0.0,2.0,0.9785565,-0.20597862,0.8660254,-0.5,2,0,0,1,13832.0,1,0.0,1,9710.0,1,0.0,1,13897.0,1,0.0,1,10635.0,1,9980.0,8905.075,8429.848,13832.0
1066,2013-04-10,10483.0,1078.0,1.0,1.0,0,0.0,3.0,0.9785565,-0.20597862,0.8660254,-0.5,2,0,0,1,12166.0,1,13832.0,1,9650.0,1,12129.0,1,0.0,1,14818.0,1,0.0,1,0.0,10209.445,9260.104,-1666.0
1066,2013-04-11,10686.0,1109.0,1.0,1.0,0,0.0,4.0,0.9785565,-0.20597862,0.8660254,-0.5,2,0,0,1,10483.0,1,12166.0,1,0.0,1,9285.0,1,13380.0,1,12041.0,1,14440.0,1,14755.0,10318.867,9531.858,-1683.0
1066,2013-04-12,11229.0,1138.0,1.0,1.0,0,0.0,5.0,0.9785565,-0.20597862,0.8660254,-0.5,2,0,0,1,10686.0,1,10483.0,1,13832.0,1,10214.0,1,0.0,1,12571.0,1,11852.0,1,11056.0,10465.721,9788.334,203.0
1066,2013-04-13,9717.0,1053.0,1.0,0.0,0,0.0,6.0,0.9785565,-0.20597862,0.8660254,-0.5,2,0,0,1,11229.0,1,10686.0,1,12166.0,1,9710.0,1,0.0,1,13897.0,1,9525.0,1,11481.0,10771.032,10108.482,543.0
1066,2013-04-14,0.0,0.0,0.0,0.0,0,0.0,7.0,0.9785565,-0.20597862,0.8660254,-0.5,2,0,0,1,9717.0,1,11229.0,1,10483.0,1,9650.0,1,12129.0,1,0.0,1,11475.0,1,9591.0,10349.419,10021.486,-1512.0
1066,2013-04-15,9730.0,1084.0,1.0,0.0,0,0.0,1.0,0.94732636,-0.32026985,0.8660254,-0.5,2,0,0,1,0.0,1,9717.0,1,10686.0,1,0.0,1,9285.0,1,13380.0,1,11863.0,1,10045.0,6209.6514,7794.4893,-9717.0
1066,2013-04-16,9510.0,1084.0,1.0,0.0,0,0.0,2.0,0.94732636,-0.32026985,0.8660254,-0.5,2,0,0,1,9730.0,1,0.0,1,11229.0,1,13832.0,1,10214.0,1,0.0,1,10780.0,1,10343.0,7617.791,8224.603,9730.0
1066,2013-04-17,9186.0,978.0,1.0,0.0,0,0.0,3.0,0.94732636,-0.32026985,0.8660254,-0.5,2,0,0,1,9510.0,1,9730.0,1,9717.0,1,12166.0,1,9710.0,1,0.0,1,0.0,1,0.0,8374.675,8510.247,-220.0
1066,2013-04-18,8523.0,1000.0,1.0,0.0,0,0.0,4.0,0.94732636,-0.32026985,0.8660254,-0.5,2,0,0,1,9186.0,1,9510.0,1,0.0,1,10483.0,1,9650.0,1,12129.0,1,14818.0,1,9249.0,8699.205,8660.414,-324.0
1066,2013-04-19,10438.0,1138.0,1.0,0.0,0,0.0,5.0,0.94732636,-0.32026985,0.8660254,-0.5,2,0,0,1,8523.0,1,9186.0,1,9730.0,1,10686.0,1,0.0,1,9285.0,1,12041.0,1,8813.0,8628.723,8629.878,-663.0
1066,2013-04-20,10040.0,1038.0,1.0,0.0,0,0.0,6.0,0.94732636,-0.32026985,0.8660254,-0.5,2,0,0,1,10438.0,1,8523.0,1,9510.0,1,11229.0,1,13832.0,1,10214.0,1,12571.0,1,9227.0,9352.434,9031.683,1915.0
1066,2013-04-21,0.0,0.0,0.0,0.0,0,0.0,7.0,0.94732636,-0.32026985,0.8660254,-0.5,2,0,0,1,10040.0,1,10438.0,1,9186.0,1,9717.0,1,12166.0,1,9710.0,1,13897.0,1,11521.0,9627.46,9255.753,-398.0
1066,2013-04-22,13536.0,1380.0,1.0,1.0,0,0.0,1.0,0.9027978,-0.4300652,0.8660254,-0.5,2,0,0,1,0.0,1,10040.0,1,8523.0,1,0.0,1,10483.0,1,9650.0,1,0.0,1,11460.0,5776.476,7198.919,-10040.0
1066,2013-04-23,11438.0,1150.0,1.0,1.0,0,0.0,2.0,0.9027978,-0.4300652,0.8660254,-0.5,2,0,0,1,13536.0,1,0.0,1,10438.0,1,9730.0,1,10686.0,1,0.0,1,13380.0,1,11355.0,8880.286,8607.159,13536.0
1066,2013-04-24,10148.0,1043.0,1.0,1.0,0,0.0,3.0,0.9027978,-0.4300652,0.8660254,-0.5,2,0,0,1,11438.0,1,13536.0,1,10040.0,1,9510.0,1,11229.0,1,13832.0,1,0.0,1,0.0,9903.371,9236.235,-2098.0
1066,2013-04-25,9916.0,1081.0,1.0,1.0,0,0.0,4.0,0.9027978,-0.4300652,0.8660254,-0.5,2,0,0,1,10148.0,1,11438.0,1,0.0,1,9186.0,1,9717.0,1,12166.0,1,0.0,1,14449.0,10001.223,9438.85,-1290.0
1066,2013-04-26,9535.0,1026.0,1.0,1.0,0,0.0,5.0,0.9027978,-0.4300652,0.8660254,-0.5,2,0,0,1,9916.0,1,10148.0,1,13536.0,1,8523.0,1,0.0,1,10483.0,1,12129.0,1,12490.0,9967.134,9544.883,-232.0
1066,2013-04-27,11036.0,1110.0,1.0,0.0,0,0.0,6.0,0.9027978,-0.4300652,0.8660254,-0.5,2,0,0,1,9535.0,1,9916.0,1,11438.0,1,10438.0,1,9730.0,1,10686.0,1,9285.0,1,11251.0,9794.28,9542.687,-381.0
1066,2013-04-28,0.0,0.0,0.0,0.0,0,0.0,7.0,0.9027978,-0.4300652,0.8660254,-0.5,2,0,0,1,11036.0,1,9535.0,1,10148.0,1,10040.0,1,9510.0,1,11229.0,1,10214.0,1,10103.0,10290.968,9874.534,1501.0
1066,2013-04-29,14161.0,1303.0,1.0,1.0,0,0.0,1.0,0.845596,-0.5338234,0.8660254,-0.5,2,0,0,1,0.0,1,11036.0,1,9916.0,1,0.0,1,9186.0,1,9717.0,1,9710.0,1,11935.0,6174.581,7680.1934,-11036.0
1066,2013-04-30,15231.0,1462.0,1.0,1.0,0,0.0,2.0,0.845596,-0.5338234,0.8660254,-0.5,2,0,1,1,14161.0,1,0.0,1,9535.0,1,13536.0,1,8523.0,1,0.0,1,9650.0,1,9152.0,9369.148,9120.372,14161.0
1066,2013-05-01,0.0,0.0,0.0,1.0,1,0.0,3.0,0.845596,-0.5338234,0.5,-0.8660254,2,1,0,1,15231.0,1,14161.0,1,11036.0,1,11438.0,1,10438.0,1,9730.0,1,0.0,1,0.0,11713.889,10478.29,1070.0
1066,2013-05-02,13371.0,1365.0,1.0,1.0,0,0.0,4.0,0.845596,-0.5338234,0.5,-0.8660254,2,0,0,1,0.0,1,15231.0,1,0.0,1,10148.0,1,10040.0,1,9510.0,1,13832.0,1,9332.0,7028.3335,8149.781,-15231.0
1066,2013-05-03,13238.0,1273.0,1.0,1.0,0,0.0,5.0,0.845596,-0.5338234,0.5,-0.8660254,2,0,0,1,13371.0,1,0.0,1,14161.0,1,9916.0,1,0.0,1,9186.0,1,12166.0,1,8030.0,9565.4,9310.052,13371.0
1066,2013-05-04,11458.0,1118.0,1.0,0.0,0,0.0,6.0,0.845596,-0.5338234,0.5,-0.8660254,2,0,0,1,13238.0,1,13371.0,1,15231.0,1,9535.0,1,13536.0,1,8523.0,1,10483.0,1,10060.0,11034.44,10182.929,-133.0
1066,2013-05-05,0.0,0.0,0.0,0.0,0,0.0,7.0,0.845596,-0.5338234,0.5,-0.8660254,2,0,0,1,11458.0,1,13238.0,1,0.0,1,11036.0,1,11438.0,1,10438.0,1,10686.0,1,9165.0,11203.864,10466.278,-1780.0
1066,2013-05-06,11102.0,1177.0,1.0,0.0,0,0.0,1.0,0.7765239,-0.63008785,0.5,-0.8660254,2,0,0,1,0.0,1,11458.0,1,13371.0,1,0.0,1,10148.0,1,10040.0,1,11229.0,1,10428.0,6722.3184,8140.4385,-11458.0
1066,2013-05-07,10011.0,1077.0,1.0,0.0,0,0.0,2.0,0.7765239,-0.63008785,0.5,-0.8660254,2,0,0,1,11102.0,1,0.0,1,13238.0,1,14161.0,1,9916.0,1,0.0,1,9717.0,1,10635.0,8474.191,8798.563,11102.0
1066,2013-05-08,11903.0,1254.0,1.0,0.0,0,0.0,3.0,0.7765239,-0.63008785,0.5,-0.8660254,2,0,0,1,10011.0,1,11102.0,1,11458.0,1,15231.0,1,9535.0,1,13536.0,1,0.0,1,0.0,9088.915,9067.994,-1091.0
1066,2013-05-09,0.0,0.0,0.0,0.0,1,0.0,4.0,0.7765239,-0.63008785,0.5,-0.8660254,2,0,0,1,11903.0,1,10011.0,1,0.0,1,0.0,1,11036.0,1,11438.0,1,9730.0,1,14440.0,10214.549,9697.995,1892.0
1066,2013-05-10,12514.0,1360.0,1.0,0.0,0,0.0,5.0,0.7765239,-0.63008785,0.5,-0.8660254,2,0,0,1,0.0,1,11903.0,1,11102.0,1,13371.0,1,0.0,1,10148.0,1,9510.0,1,11852.0,6128.7295,7542.8853,-11903.0
1066,2013-05-11,10356.0,1044.0,1.0,0.0,0,0.0,6.0,0.7765239,-0.63008785,0.5,-0.8660254,2,0,0,1,12514.0,1,0.0,1,10011.0,1,13238.0,1,14161.0,1,9916.0,1,9186.0,1,9525.0,8682.838,8647.577,12514.0
1066,2013-05-12,0.0,0.0,0.0,0.0,0,0.0,7.0,0.7765239,-0.63008785,0.5,-0.8660254,2,0,0,1,10356.0,1,12514.0,1,11903.0,1,11458.0,1,15231.0,1,9535.0,1,8523.0,1,11475.0,9352.103,9027.227,-2158.0
1066,2013-05-13,12450.0,1284.0,1.0,1.0,0,0.0,1.0,0.696551,-0.71750724,0.5,-0.8660254,2,0,0,1,0.0,1,10356.0,1,0.0,1,0.0,1,0.0,1,11036.0,1,10438.0,1,11863.0,5611.2617,7021.1763,-10356.0
1066,2013-05-14,12226.0,1247.0,1.0,1.0,0,0.0,2.0,0.696551,-0.71750724,0.5,-0.8660254,2,0,0,1,12450.0,1,0.0,1,12514.0,1,11102.0,1,13371.0,1,0.0,1,10040.0,1,10780.0,8346.757,8227.582,12450.0
1066,2013-05-15,10564.0,1053.0,1.0,1.0,0,0.0,3.0,0.696551,-0.71750724,0.5,-0.8660254,2,0,0,1,12226.0,1,12450.0,1,10356.0,1,10011.0,1,13238.0,1,14161.0,1,0.0,1,0.0,9898.454,9116.119,-224.0
1066,2013-05-16,10329.0,1061.0,1.0,1.0,0,0.0,4.0,0.696551,-0.71750724,0.5,-0.8660254,2,0,0,1,10564.0,1,12226.0,1,0.0,1,11903.0,1,11458.0,1,15231.0,1,13536.0,1,14818.0,10164.673,9437.87,-1662.0
1066,2013-05-17,11744.0,1215.0,1.0,1.0,0,0.0,5.0,0.696551,-0.71750724,0.5,-0.8660254,2,0,0,1,10329.0,1,10564.0,1,12450.0,1,0.0,1,0.0,1,0.0,1,11438.0,1,12041.0,10230.403,9635.899,-235.0
1066,2013-05-18,10134.0,1067.0,1.0,0.0,0,0.0,6.0,0.696551,-0.71750724,0.5,-0.8660254,2,0,0,1,11744.0,1,10329.0,1,12226.0,1,12514.0,1,11102.0,1,13371.0,1,10148.0,1,12571.0,10835.842,10104.366,1415.0
1066,2013-05-19,0.0,0.0,0.0,0.0,0,0.0,7.0,0.696551,-0.71750724,0.5,-0.8660254,2,0,0,1,10134.0,1,11744.0,1,10564.0,1,10356.0,1,10011.0,1,13238.0,1,9916.0,1,13897.0,10555.105,10110.951,-1610.0
1066,2013-05-20,0.0,0.0,0.0,0.0,1,0.0,1.0,0.60680014,-0.79485446,0.5,-0.8660254,2,0,0,1,0.0,1,10134.0,1,10329.0,1,0.0,1,11903.0,1,11458.0,1,9535.0,1,0.0,6333.063,7864.073,-10134.0
1066,2013-05-21,11882.0,1288.0,1.0,0.0,0,1.0,2.0,0.60680014,-0.79485446,0.5,-0.8660254,2,0,0,1,0.0,1,0.0,1,11744.0,1,12450.0,1,0.0,1,0.0,1,11036.0,1,13380.0,3799.838,6116.5015,0.0
1066,2013-05-22,9566.0,1026.0,1.0,0.0,0,0.0,3.0,0.60680014,-0.79485446,0.5,-0.8660254,2,0,0,1,11882.0,1,0.0,1,10134.0,1,12226.0,1,12514.0,1,11102.0,1,0.0,1,0.0,7032.7026,7397.723,11882.0
1066,2013-05-23,9679.0,1027.0,1.0,0.0,0,0.0,4.0,0.60680014,-0.79485446,0.5,-0.8660254,2,0,0,1,9566.0,1,11882.0,1,0.0,1,10564.0,1,10356.0,1,10011.0,1,14161.0,1,0.0,8046.0215,7879.5625,-2316.0
1066,2013-05-24,10710.0,1119.0,1.0,0.0,0,0.0,5.0,0.60680014,-0.79485446,0.5,-0.8660254,2,0,0,1,9679.0,1,9566.0,1,0.0,1,10329.0,1,0.0,1,11903.0,1,15231.0,1,12129.0,8699.213,8279.4375,113.0
1066,2013-05-25,10136.0,1071.0,1.0,0.0,0,0.0,6.0,0.60680014,-0.79485446,0.5,-0.8660254,2,0,0,1,10710.0,1,9679.0,1,11882.0,1,11744.0,1,12450.0,1,0.0,1,0.0,1,9285.0,9503.527,8819.5625,1031.0
1066,2013-05-26,0.0,0.0,0.0,0.0,0,0.0,7.0,0.60680014,-0.79485446,0.5,-0.8660254,2,0,0,1,10136.0,1,10710.0,1,9566.0,1,10134.0,1,12226.0,1,12514.0,1,13371.0,1,10214.0,9756.517,9112.1045,-574.0
1066,2013-05-27,13895.0,1371.0,1.0,1.0,0,0.0,1.0,0.5085311,-0.86104363,0.5,-0.8660254,2,0,0,1,0.0,1,10136.0,1,9679.0,1,0.0,1,10564.0,1,10356.0,1,13238.0,1,9710.0,5853.91,7087.1924,-10136.0
1066,2013-05-28,11575.0,1191.0,1.0,1.0,0,0.0,2.0,0.5085311,-0.86104363,0.5,-0.8660254,2,0,0,1,13895.0,1,0.0,1,10710.0,1,0.0,1,10329.0,1,0.0,1,11458.0,1,9650.0,9070.346,8600.038,13895.0
1066,2013-05-29,11757.0,1107.0,1.0,1.0,0,0.0,3.0,0.5085311,-0.86104363,0.5,-0.8660254,2,0,0,1,11575.0,1,13895.0,1,10136.0,1,11882.0,1,11744.0,1,12450.0,1,0.0,1,0.0,10072.208,9261.141,-2320.0
1066,2013-05-30,0.0,0.0,0.0,1.0,1,0.0,4.0,0.5085311,-0.86104363,0.5,-0.8660254,2,0,0,1,11757.0,1,11575.0,1,0.0,1,9566.0,1,10134.0,1,12226.0,1,11102.0,1,13832.0,10746.125,9815.776,182.0
1066,2013-05-31,16209.0,1568.0,1.0,1.0,0,0.0,5.0,0.5085311,-0.86104363,0.5,-0.8660254,2,0,1,1,0.0,1,11757.0,1,13895.0,1,9679.0,1,0.0,1,10564.0,1,10011.0,1,12166.0,6447.675,7634.4927,-11757.0
1066,2013-06-01,10491.0,1046.0,1.0,0.0,0,0.0,6.0,0.5085311,-0.86104363,1.2246469e-16,-1.0,2,1,0,1,16209.0,1,0.0,1,11575.0,1,10710.0,1,0.0,1,10329.0,1,11903.0,1,10483.0,10352.205,9539.938,16209.0
1066,2013-06-02,0.0,0.0,0.0,0.0,0,0.0,7.0,0.5085311,-0.86104363,1.2246469e-16,-1.0,2,0,0,1,10491.0,1,16209.0,1,11757.0,1,10136.0,1,11882.0,1,11744.0,1,0.0,1,10686.0,10407.723,9751.286,-5718.0
1066,2013-06-03,14236.0,1390.0,1.0,1.0,0,0.0,1.0,0.40312344,-0.91514564,1.2246469e-16,-1.0,2,0,0,1,0.0,1,10491.0,1,0.0,1,0.0,1,9566.0,1,10134.0,1,12514.0,1,11229.0,6244.634,7584.3335,-10491.0
1066,2013-06-04,11716.0,1190.0,1.0,1.0,0,0.0,2.0,0.40312344,-0.91514564,1.2246469e-16,-1.0,2,0,0,1,14236.0,1,0.0,1,16209.0,1,13895.0,1,9679.0,1,0.0,1,10356.0,1,9717.0,9441.181,9062.481,14236.0
1066,2013-06-05,10644.0,1131.0,1.0,1.0,0,0.0,3.0,0.40312344,-0.91514564,1.2246469e-16,-1.0,2,0,0,1,11716.0,1,14236.0,1,10491.0,1,11575.0,1,10710.0,1,0.0,1,0.0,1,0.0,10351.108,9652.152,-2520.0
1066,2013-06-06,10586.0,1139.0,1.0,1.0,0,0.0,4.0,0.40312344,-0.91514564,1.2246469e-16,-1.0,2,0,0,1,10644.0,1,11716.0,1,0.0,1,11757.0,1,10136.0,1,11882.0,1,12450.0,1,9730.0,10468.265,9872.5625,-1072.0
1066,2013-06-07,11847.0,1188.0,1.0,1.0,0,0.0,5.0,0.40312344,-0.91514564,1.2246469e-16,-1.0,2,0,0,1,10586.0,1,10644.0,1,14236.0,1,0.0,1,0.0,1,9566.0,1,12226.0,1,9510.0,10515.359,10031.1045,-58.0
1066,2013-06-08,9742.0,1032.0,1.0,0.0,0,0.0,6.0,0.40312344,-0.91514564,1.2246469e-16,-1.0,2,0,0,1,11847.0,1,10586.0,1,11716.0,1,16209.0,1,13895.0,1,9679.0,1,10564.0,1,9186.0,11048.016,10434.637,1261.0
1066,2013-06-09,0.0,0.0,0.0,0.0,0,0.0,7.0,0.40312344,-0.91514564,1.2246469e-16,-1.0,2,0,0,1,9742.0,1,11847.0,1,10644.0,1,10491.0,1,11575.0,1,10710.0,1,10329.0,1,8523.0,10525.609,10280.718,-2105.0
1066,2013-06-10,10651.0,1178.0,1.0,0.0,0,0.0,1.0,0.29205677,-0.956401,1.2246469e-16,-1.0,2,0,0,1,0.0,1,9742.0,1,10586.0,1,0.0,1,11757.0,1,10136.0,1,11744.0,1,10438.0,6315.3657,7996.114,-9742.0
1066,2013-06-11,9464.0,1047.0,1.0,0.0,0,0.0,2.0,0.29205677,-0.956401,1.2246469e-16,-1.0,2,0,0,1,10651.0,1,0.0,1,11847.0,1,14236.0,1,0.0,1,0.0,1,10134.0,1,10040.0,8049.619,8586.088,10651.0
1066,2013-06-12,8807.0,999.0,1.0,0.0,0,0.0,3.0,0.29205677,-0.956401,1.2246469e-16,-1.0,2,0,0,1,9464.0,1,10651.0,1,9742.0,1,11716.0,1,16209.0,1,13895.0,1,0.0,1,0.0,8615.372,8781.18,-1187.0
1066,2013-06-13,9135.0,944.0,1.0,0.0,0,0.0,4.0,0.29205677,-0.956401,1.2246469e-16,-1.0,2,0,0,1,8807.0,1,9464.0,1,0.0,1,10644.0,1,10491.0,1,11575.0,1,0.0,1,13536.0,8692.023,8786.918,-657.0
1066,2013-06-14,10729.0,1092.0,1.0,0.0,0,0.0,5.0,0.29205677,-0.956401,1.2246469e-16,-1.0,2,0,0,1,9135.0,1,8807.0,1,10651.0,1,10586.0,1,0.0,1,11757.0,1,11882.0,1,11438.0,8869.214,8864.27,328.0
1066,2013-06-15,9996.0,1021.0,1.0,0.0,0,0.0,6.0,0.29205677,-0.956401,1.2246469e-16,-1.0,2,0,0,1,10729.0,1,9135.0,1,9464.0,1,11847.0,1,14236.0,1,0.0,1,9566.0,1,10148.0,9613.128,9278.654,1594.0
1066,2013-06-16,0.0,0.0,0.0,0.0,0,0.0,7.0,0.29205677,-0.956401,1.2246469e-16,-1.0,2,0,0,1,9996.0,1,10729.0,1,8807.0,1,9742.0,1,11716.0,1,16209.0,1,9679.0,1,9916.0,9766.277,9438.064,-733.0
1066,2013-06-17,14052.0,1355.0,1.0,1.0,0,0.0,1.0,0.17689027,-0.9842306,1.2246469e-16,-1.0,2,0,0,1,0.0,1,9996.0,1,9135.0,1,0.0,1,10644.0,1,10491.0,1,10710.0,1,9535.0,5859.766,7340.7163,-9996.0
1066,2013-06-18,11583.0,1107.0,1.0,1.0,0,0.0,2.0,0.17689027,-0.9842306,1.2246469e-16,-1.0,2,0,0,1,14052.0,1,0.0,1,10729.0,1,10651.0,1,10586.0,1,0.0,1,10136.0,1,11036.0,9136.66,8832.113,14052.0
1066,2013-06-19,9711.0,1027.0,1.0,1.0,0,0.0,3.0,0.17689027,-0.9842306,1.2246469e-16,-1.0,2,0,0,1,11583.0,1,14052.0,1,9996.0,1,9464.0,1,11847.0,1,14236.0,1,0.0,1,0.0,10115.196,9443.421,-2469.0
1066,2013-06-20,10168.0,1044.0,1.0,1.0,0,0.0,4.0,0.17689027,-0.9842306,1.2246469e-16,-1.0,2,0,0,1,9711.0,1,11583.0,1,0.0,1,8807.0,1,9742.0,1,11716.0,1,13895.0,1,14161.0,9953.518,9502.883,-1872.0
1066,2013-06-21,11491.0,1183.0,1.0,1.0,0,0.0,5.0,0.17689027,-0.9842306,1.2246469e-16,-1.0,2,0,0,1,10168.0,1,9711.0,1,14052.0,1,9135.0,1,0.0,1,10644.0,1,11575.0,1,15231.0,10039.311,9650.687,457.0
1066,2013-06-22,10069.0,1069.0,1.0,0.0,0,0.0,6.0,0.17689027,-0.9842306,1.2246469e-16,-1.0,2,0,0,1,11491.0,1,10168.0,1,11583.0,1,10729.0,1,10651.0,1,10586.0,1,11757.0,1,0.0,10619.986,10059.6455,1323.0
1066,2013-06-23,0.0,0.0,0.0,0.0,0,0.0,7.0,0.17689027,-0.9842306,1.2246469e-16,-1.0,2,0,0,1,10069.0,1,11491.0,1,9711.0,1,9996.0,1,9464.0,1,11847.0,1,0.0,1,13371.0,10399.592,10061.725,-1422.0
1066,2013-06-24,9725.0,1092.0,1.0,0.0,0,0.0,1.0,0.059240628,-0.99824375,1.2246469e-16,-1.0,2,0,0,1,0.0,1,10069.0,1,10168.0,1,0.0,1,8807.0,1,9742.0,1,16209.0,1,13238.0,6239.755,7825.7856,-10069.0
1066,2013-06-25,9646.0,1102.0,1.0,0.0,0,0.0,2.0,0.059240628,-0.99824375,1.2246469e-16,-1.0,2,0,0,1,9725.0,1,0.0,1,11491.0,1,14052.0,1,9135.0,1,0.0,1,10491.0,1,11458.0,7633.853,8247.833,9725.0
1066,2013-06-26,8812.0,995.0,1.0,0.0,0,0.0,3.0,0.059240628,-0.99824375,1.2246469e-16,-1.0,2,0,0,1,9646.0,1,9725.0,1,10069.0,1,11583.0,1,10729.0,1,10651.0,1,0.0,1,0.0,8438.712,8558.537,-79.0
1066,2013-06-27,9074.0,979.0,1.0,0.0,0,0.0,4.0,0.059240628,-0.99824375,1.2246469e-16,-1.0,2,0,0,1,8812.0,1,9646.0,1,0.0,1,9711.0,1,9996.0,1,9464.0,1,14236.0,1,11102.0,8588.027,8614.862,-834.0
1066,2013-06-28,10829.0,1066.0,1.0,0.0,0,0.0,5.0,0.059240628,-0.99824375,1.2246469e-16,-1.0,2,0,0,1,9074.0,1,8812.0,1,9725.0,1,10168.0,1,0.0,1,8807.0,1,11716.0,1,10011.0,8782.416,8716.893,262.0
1066,2013-06-29,11148.0,1095.0,1.0,0.0,0,0.0,6.0,0.059240628,-0.99824375,1.2246469e-16,-1.0,2,0,0,1,10829.0,1,9074.0,1,9646.0,1,11491.0,1,14052.0,1,9135.0,1,10644.0,1,11903.0,9601.05,9186.25,1755.0
1066,2013-06-30,0.0,0.0,0.0,0.0,0,0.0,7.0,0.059240628,-0.99824375,1.2246469e-16,-1.0,2,0,1,1,11148.0,1,10829.0,1,8812.0,1,10069.0,1,11583.0,1,10729.0,1,10586.0,1,0.0,10219.83,9622.194,319.0
1066,2013-07-01,14657.0,1406.0,1.0,1.0,0,0.0,1.0,-0.059240628,-0.99824375,-0.5,-0.8660254,3,1,0,1,0.0,1,11148.0,1,9074.0,1,0.0,1,9711.0,1,9996.0,1,11847.0,1,12514.0,6131.898,7483.9287,-11148.0
1066,2013-07-02,12375.0,1214.0,1.0,1.0,0,0.0,2.0,-0.059240628,-0.99824375,-0.5,-0.8660254,3,0,0,1,14657.0,1,0.0,1,10829.0,1,9725.0,1,10168.0,1,0.0,1,9742.0,1,10356.0,9541.938,9077.944,14657.0
1066,2013-07-03,10168.0,1027.0,1.0,1.0,0,0.0,3.0,-0.059240628,-0.99824375,-0.5,-0.8660254,3,0,0,1,12375.0,1,14657.0,1,11148.0,1,9646.0,1,11491.0,1,14052.0,1,0.0,1,0.0,10675.163,9810.624,-2282.0
1066,2013-07-04,11699.0,1203.0,1.0,1.0,0,0.0,4.0,-0.059240628,-0.99824375,-0.5,-0.8660254,3,0,0,1,10168.0,1,12375.0,1,0.0,1,8812.0,1,10069.0,1,11583.0,1,10651.0,1,12450.0,10472.298,9890.041,-2207.0
1066,2013-07-05,11117.0,1162.0,1.0,1.0,0,0.0,5.0,-0.059240628,-0.99824375,-0.5,-0.8660254,3,0,0,1,11699.0,1,10168.0,1,14657.0,1,9074.0,1,0.0,1,9711.0,1,9464.0,1,12226.0,10962.979,10292.031,1531.0
1066,2013-07-06,9607.0,1038.0,1.0,0.0,0,0.0,6.0,-0.059240628,-0.99824375,-0.5,-0.8660254,3,0,0,1,11117.0,1,11699.0,1,12375.0,1,10829.0,1,9725.0,1,10168.0,1,8807.0,1,10564.0,11024.587,10475.358,-582.0
1066,2013-07-07,0.0,0.0,0.0,0.0,0,0.0,7.0,-0.059240628,-0.99824375,-0.5,-0.8660254,3,0,0,1,9607.0,1,11117.0,1,10168.0,1,11148.0,1,9646.0,1,11491.0,1,9135.0,1,10329.0,10457.553,10282.39,-1510.0
1066,2013-07-08,10906.0,1146.0,1.0,0.0,0,0.0,1.0,-0.17689027,-0.9842306,-0.5,-0.8660254,3,0,0,1,0.0,1,9607.0,1,11699.0,1,0.0,1,8812.0,1,10069.0,1,10729.0,1,11744.0,6274.5312,7997.414,-9607.0
1066,2013-07-09,10032.0,1091.0,1.0,0.0,0,0.0,2.0,-0.17689027,-0.9842306,-0.5,-0.8660254,3,0,0,1,10906.0,1,0.0,1,11117.0,1,14657.0,1,9074.0,1,0.0,1,9996.0,1,10134.0,8127.1187,8643.767,10906.0
1066,2013-07-10,10042.0,1080.0,1.0,0.0,0,0.0,3.0,-0.17689027,-0.9842306,-0.5,-0.8660254,3,0,0,1,10032.0,1,10906.0,1,9607.0,1,12375.0,1,10829.0,1,9725.0,1,0.0,1,0.0,8889.071,8952.263,-874.0
1066,2013-07-11,9455.0,997.0,1.0,0.0,0,0.0,4.0,-0.17689027,-0.9842306,-0.5,-0.8660254,3,0,0,1,10042.0,1,10032.0,1,0.0,1,10168.0,1,11148.0,1,9646.0,1,14052.0,1,0.0,9350.243,9194.427,10.0
1066,2013-07-12,10152.0,1082.0,1.0,0.0,0,0.0,5.0,-0.17689027,-0.9842306,-0.5,-0.8660254,3,0,0,1,9455.0,1,10042.0,1,10906.0,1,11699.0,1,0.0,1,8812.0,1,11583.0,1,11882.0,9392.1455,9252.332,-587.0
1066,2013-07-13,10173.0,1030.0,1.0,0.0,0,0.0,6.0,-0.17689027,-0.9842306,-0.5,-0.8660254,3,0,0,1,10152.0,1,9455.0,1,10032.0,1,11117.0,1,14657.0,1,9074.0,1,9711.0,1,9566.0,9696.088,9452.258,697.0
1066,2013-07-14,0.0,0.0,0.0,0.0,0,0.0,7.0,-0.17689027,-0.9842306,-0.5,-0.8660254,3,0,0,1,10173.0,1,10152.0,1,10042.0,1,9607.0,1,12375.0,1,10829.0,1,10168.0,1,9679.0,9886.853,9612.423,21.0
1066,2013-07-15,15237.0,1416.0,1.0,1.0,0,0.0,1.0,-0.29205677,-0.956401,-0.5,-0.8660254,3,0,0,1,0.0,1,10173.0,1,9455.0,1,0.0,1,10168.0,1,11148.0,1,11491.0,1,10710.0,5932.1113,7476.329,-10173.0
1066,2013-07-16,12873.0,1249.0,1.0,1.0,0,0.0,2.0,-0.29205677,-0.956401,-0.5,-0.8660254,3,0,0,1,15237.0,1,0.0,1,10152.0,1,10906.0,1,11699.0,1,0.0,1,10069.0,1,10136.0,9654.066,9200.923,15237.0
1066,2013-07-17,12067.0,1195.0,1.0,1.0,0,0.0,3.0,-0.29205677,-0.956401,-0.5,-0.8660254,3,0,0,1,12873.0,1,15237.0,1,10173.0,1,10032.0,1,11117.0,1,14657.0,1,0.0,1,0.0,10941.64,10016.939,-2364.0
1066,2013-07-18,12382.0,1198.0,1.0,1.0,0,0.0,4.0,-0.29205677,-0.956401,-0.5,-0.8660254,3,0,0,1,12067.0,1,12873.0,1,0.0,1,10042.0,1,9607.0,1,12375.0,1,9725.0,1,13895.0,11391.784,10472.509,-806.0
1066,2013-07-19,12130.0,1252.0,1.0,1.0,0,0.0,5.0,-0.29205677,-0.956401,-0.5,-0.8660254,3,0,0,1,12382.0,1,12067.0,1,15237.0,1,9455.0,1,0.0,1,10168.0,1,9646.0,1,11575.0,11787.87,10896.84,315.0
1066,2013-07-20,10619.0,1096.0,1.0,0.0,0,0.0,6.0,-0.29205677,-0.956401,-0.5,-0.8660254,3,0,0,1,12130.0,1,12382.0,1,12873.0,1,10152.0,1,10906.0,1,11699.0,1,8812.0,1,11757.0,11924.723,11170.876,-252.0
1066,2013-07-21,0.0,0.0,0.0,0.0,0,0.0,7.0,-0.29205677,-0.956401,-0.5,-0.8660254,3,0,0,1,10619.0,1,12130.0,1,12067.0,1,10173.0,1,10032.0,1,11117.0,1,9074.0,1,0.0,11402.434,11048.236,-1511.0
1066,2013-07-22,10102.0,1017.0,1.0,0.0,0,1.0,1.0,-0.40312344,-0.91514564,-0.5,-0.8660254,3,0,0,1,0.0,1,10619.0,1,12382.0,1,0.0,1,10042.0,1,9607.0,1,10829.0,1,16209.0,6841.46,8593.073,-10619.0
1066,2013-07-23,9550.0,977.0,1.0,0.0,0,1.0,2.0,-0.40312344,-0.91514564,-0.5,-0.8660254,3,0,0,1,10102.0,1,0.0,1,12130.0,1,15237.0,1,9455.0,1,0.0,1,11148.0,1,10491.0,8145.676,8928.39,10102.0
1066,2013-07-24,9187.0,969.0,1.0,0.0,0,1.0,3.0,-0.40312344,-0.91514564,-0.5,-0.8660254,3,0,0,1,9550.0,1,10102.0,1,10619.0,1,12873.0,1,10152.0,1,10906.0,1,0.0,1,0.0,8707.405,9066.525,-552.0
1066,2013-07-25,9031.0,980.0,1.0,0.0,0,1.0,4.0,-0.40312344,-0.91514564,-0.5,-0.8660254,3,0,0,1,9187.0,1,9550.0,1,0.0,1,12067.0,1,10173.0,1,10032.0,1,14657.0,1,14236.0,8899.243,9093.298,-363.0
1066,2013-07-26,9507.0,1020.0,1.0,0.0,0,1.0,5.0,-0.40312344,-0.91514564,-0.5,-0.8660254,3,0,0,1,9031.0,1,9187.0,1,10102.0,1,12382.0,1,0.0,1,10042.0,1,12375.0,1,11716.0,8951.946,9079.454,-156.0
1066,2013-07-27,9809.0,961.0,1.0,0.0,0,0.0,6.0,-0.40312344,-0.91514564,-0.5,-0.8660254,3,0,0,1,9507.0,1,9031.0,1,9550.0,1,12130.0,1,15237.0,1,9455.0,1,10168.0,1,10644.0,9173.968,9174.464,476.0
1066,2013-07-28,0.0,0.0,0.0,0.0,0,0.0,7.0,-0.40312344,-0.91514564,-0.5,-0.8660254,3,0,0,1,9809.0,1,9507.0,1,9187.0,1,10619.0,1,12873.0,1,10152.0,1,11699.0,1,10586.0,9427.98,9315.472,302.0
1066,2013-07-29,14196.0,1343.0,1.0,1.0,0,1.0,1.0,-0.5085311,-0.86104363,-0.5,-0.8660254,3,0,0,1,0.0,1,9809.0,1,9031.0,1,0.0,1,12067.0,1,10173.0,1,11117.0,1,11847.0,5656.7886,7245.367,-9809.0
1066,2013-07-30,12719.0,1166.0,1.0,1.0,0,1.0,2.0,-0.5085311,-0.86104363,-0.5,-0.8660254,3,0,0,1,14196.0,1,0.0,1,9507.0,1,10102.0,1,12382.0,1,0.0,1,9607.0,1,9742.0,9072.473,8789.952,14196.0
1066,2013-07-31,12469.0,1176.0,1.0,1.0,0,1.0,3.0,-0.5085311,-0.86104363,-0.5,-0.8660254,3,0,1,1,12719.0,1,14196.0,1,9809.0,1,9550.0,1,12130.0,1,15237.0,1,0.0,1,0.0,10531.084,9663.074,-1477.0
1066,2013-08-01,10739.0,1107.0,1.0,1.0,0,1.0,4.0,-0.5085311,-0.86104363,-0.8660254,-0.5,3,1,0,1,12469.0,1,12719.0,1,0.0,1,9187.0,1,10619.0,1,12873.0,1,10906.0,1,10651.0,11306.25,10286.613,-250.0
1066,2013-08-02,10699.0,1043.0,1.0,1.0,0,1.0,5.0,-0.5085311,-0.86104363,-0.8660254,-0.5,3,0,0,1,10739.0,1,12469.0,1,14196.0,1,9031.0,1,0.0,1,12067.0,1,10032.0,1,9464.0,11079.351,10387.144,-1730.0
1066,2013-08-03,11031.0,1083.0,1.0,0.0,0,0.0,6.0,-0.5085311,-0.86104363,-0.8660254,-0.5,3,0,0,1,10699.0,1,10739.0,1,12719.0,1,9507.0,1,10102.0,1,12382.0,1,10042.0,1,8807.0,10927.21,10456.445,-40.0
1066,2013-08-04,0.0,0.0,0.0,0.0,0,0.0,7.0,-0.5085311,-0.86104363,-0.8660254,-0.5,3,0,0,1,11031.0,1,10699.0,1,12469.0,1,9809.0,1,9550.0,1,12130.0,1,9455.0,1,9135.0,10968.726,10584.124,332.0
1066,2013-08-05,10456.0,1049.0,1.0,0.0,0,1.0,1.0,-0.60680014,-0.79485446,-0.8660254,-0.5,3,0,0,1,0.0,1,11031.0,1,10739.0,1,0.0,1,9187.0,1,10619.0,1,10152.0,1,10729.0,6581.236,8232.097,-11031.0
1066,2013-08-06,9482.0,1044.0,1.0,0.0,0,1.0,2.0,-0.60680014,-0.79485446,-0.8660254,-0.5,3,0,0,1,10456.0,1,0.0,1,10699.0,1,14196.0,1,9031.0,1,0.0,1,10173.0,1,9996.0,8131.1416,8726.297,10456.0
1066,2013-08-07,7949.0,873.0,1.0,0.0,0,1.0,3.0,-0.60680014,-0.79485446,-0.8660254,-0.5,3,0,0,1,9482.0,1,10456.0,1,11031.0,1,12719.0,1,9507.0,1,10102.0,1,0.0,1,0.0,8671.484,8894.231,-974.0
1066,2013-08-08,9788.0,962.0,1.0,0.0,0,1.0,4.0,-0.60680014,-0.79485446,-0.8660254,-0.5,3,0,0,1,7949.0,1,9482.0,1,0.0,1,12469.0,1,9809.0,1,9550.0,1,15237.0,1,14052.0,8382.491,8684.18,-1533.0
1066,2013-08-09,10087.0,1051.0,1.0,0.0,0,1.0,5.0,-0.60680014,-0.79485446,-0.8660254,-0.5,3,0,0,1,9788.0,1,7949.0,1,10456.0,1,10739.0,1,0.0,1,9187.0,1,12873.0,1,11583.0,8944.694,8929.473,1839.0
1066,2013-08-10,9007.0,983.0,1.0,0.0,0,0.0,6.0,-0.60680014,-0.79485446,-0.8660254,-0.5,3,0,0,1,10087.0,1,9788.0,1,9482.0,1,10699.0,1,14196.0,1,9031.0,1,12067.0,1,9711.0,9401.617,9186.701,299.0
1066,2013-08-11,0.0,0.0,0.0,0.0,0,0.0,7.0,-0.60680014,-0.79485446,-0.8660254,-0.5,3,0,0,1,9007.0,1,10087.0,1,7949.0,1,11031.0,1,12719.0,1,9507.0,1,12382.0,1,10168.0,9243.7705,9146.768,-1080.0
1066,2013-08-12,12887.0,1256.0,1.0,1.0,0,1.0,1.0,-0.696551,-0.71750724,-0.8660254,-0.5,3,0,0,1,0.0,1,9007.0,1,9788.0,1,0.0,1,12469.0,1,9809.0,1,12130.0,1,11491.0,5546.262,7114.153,-9007.0
1066,2013-08-13,10480.0,1087.0,1.0,1.0,0,1.0,2.0,-0.696551,-0.71750724,-0.8660254,-0.5,3,0,0,1,12887.0,1,0.0,1,10087.0,1,10456.0,1,10739.0,1,0.0,1,10619.0,1,10069.0,8482.558,8397.008,12887.0
1066,2013-08-14,11207.0,1082.0,1.0,1.0,0,1.0,3.0,-0.696551,-0.71750724,-0.8660254,-0.5,3,0,0,1,10480.0,1,12887.0,1,9007.0,1,9482.0,1,10699.0,1,14196.0,1,0.0,1,0.0,9281.534,8859.895,-2407.0
1066,2013-08-15,10651.0,1059.0,1.0,1.0,0,1.0,4.0,-0.696551,-0.71750724,-0.8660254,-0.5,3,0,0,1,11207.0,1,10480.0,1,0.0,1,7949.0,1,11031.0,1,12719.0,1,10102.0,1,9725.0,10051.721,9381.474,727.0
1066,2013-08-16,10264.0,1085.0,1.0,1.0,0,1.0,5.0,-0.696551,-0.71750724,-0.8660254,-0.5,3,0,0,1,10651.0,1,11207.0,1,12887.0,1,9788.0,1,0.0,1,12469.0,1,9550.0,1,9646.0,10291.433,9663.591,-556.0
1066,2013-08-17,9668.0,937.0,1.0,0.0,0,0.0,6.0,-0.696551,-0.71750724,-0.8660254,-0.5,3,0,0,1,10264.0,1,10651.0,1,10480.0,1,10087.0,1,10456.0,1,10739.0,1,9187.0,1,8812.0,10280.459,9797.015,-387.0
1066,2013-08-18,0.0,0.0,0.0,0.0,0,0.0,7.0,-0.696551,-0.71750724,-0.8660254,-0.5,3,0,0,1,9668.0,1,10264.0,1,11207.0,1,9007.0,1,9482.0,1,10699.0,1,9031.0,1,9074.0,10035.476,9768.345,-596.0
1066,2013-08-19,8985.0,990.0,1.0,0.0,0,1.0,1.0,-0.7765239,-0.63008785,-0.8660254,-0.5,3,0,0,1,0.0,1,9668.0,1,10651.0,1,0.0,1,7949.0,1,11031.0,1,9507.0,1,10829.0,6021.285,7597.6016,-9668.0
1066,2013-08-20,9143.0,997.0,1.0,0.0,0,1.0,2.0,-0.7765239,-0.63008785,-0.8660254,-0.5,3,0,0,1,8985.0,1,0.0,1,10264.0,1,12887.0,1,9788.0,1,0.0,1,9809.0,1,11148.0,7206.771,7905.9126,8985.0
1066,2013-08-21,8759.0,920.0,1.0,0.0,0,1.0,3.0,-0.7765239,-0.63008785,-0.8660254,-0.5,3,0,0,1,9143.0,1,8985.0,1,9668.0,1,10480.0,1,10087.0,1,10456.0,1,0.0,1,0.0,7981.2627,8180.821,158.0
1066,2013-08-22,8706.0,952.0,1.0,0.0,0,1.0,4.0,-0.7765239,-0.63008785,-0.8660254,-0.5,3,0,0,1,8759.0,1,9143.0,1,0.0,1,11207.0,1,9007.0,1,9482.0,1,14196.0,1,14657.0,8292.357,8309.305,-384.0
1066,2013-08-23,8387.0,941.0,1.0,0.0,0,1.0,5.0,-0.7765239,-0.63008785,-0.8660254,-0.5,3,0,0,1,8706.0,1,8759.0,1,8985.0,1,10651.0,1,0.0,1,7949.0,1,12719.0,1,12375.0,8457.814,8397.459,-53.0
1066,2013-08-24,8298.0,879.0,1.0,0.0,0,0.0,6.0,-0.7765239,-0.63008785,-0.8660254,-0.5,3,0,0,1,8387.0,1,8706.0,1,9143.0,1,10264.0,1,12887.0,1,9788.0,1,12469.0,1,10168.0,8429.488,8395.135,-319.0
1066,2013-08-25,0.0,0.0,0.0,0.0,0,0.0,7.0,-0.7765239,-0.63008785,-0.8660254,-0.5,3,0,0,1,8298.0,1,8387.0,1,8759.0,1,9668.0,1,10480.0,1,10087.0,1,10739.0,1,11699.0,8376.894,8373.55,-89.0
1066,2013-08-26,13394.0,1302.0,1.0,1.0,0,1.0,1.0,-0.845596,-0.5338234,-0.8660254,-0.5,3,0,0,1,0.0,1,8298.0,1,8706.0,1,0.0,1,11207.0,1,9007.0,1,10699.0,1,11117.0,5026.1357,6512.7607,-8298.0
1066,2013-08-27,10998.0,1128.0,1.0,1.0,0,1.0,2.0,-0.845596,-0.5338234,-0.8660254,-0.5,3,0,0,1,13394.0,1,0.0,1,8387.0,1,8985.0,1,10651.0,1,0.0,1,11031.0,1,9607.0,8373.281,8041.925,13394.0
1066,2013-08-28,9479.0,1000.0,1.0,1.0,0,1.0,3.0,-0.845596,-0.5338234,-0.8660254,-0.5,3,0,0,1,10998.0,1,13394.0,1,8298.0,1,9143.0,1,10264.0,1,12887.0,1,0.0,1,0.0,9423.169,8698.831,-2396.0
1066,2013-08-29,9856.0,1041.0,1.0,1.0,0,1.0,4.0,-0.845596,-0.5338234,-0.8660254,-0.5,3,0,0,1,9479.0,1,10998.0,1,0.0,1,8759.0,1,9668.0,1,10480.0,1,10456.0,1,10906.0,9445.501,8872.201,-1519.0
1066,2013-08-30,12255.0,1206.0,1.0,1.0,0,1.0,5.0,-0.845596,-0.5338234,-0.8660254,-0.5,3,0,0,1,9856.0,1,9479.0,1,13394.0,1,8706.0,1,0.0,1,11207.0,1,9482.0,1,10032.0,9609.701,9090.823,377.0
1066,2013-08-31,9974.0,1032.0,1.0,0.0,0,0.0,6.0,-0.845596,-0.5338234,-0.8660254,-0.5,3,0,1,1,12255.0,1,9856.0,1,10998.0,1,8387.0,1,8985.0,1,10651.0,1,7949.0,1,10042.0,10667.82,9793.974,2399.0
1066,2013-09-01,0.0,0.0,0.0,0.0,0,0.0,7.0,-0.845596,-0.5338234,-1.0,-1.8369701e-16,3,1,0,1,9974.0,1,12255.0,1,9479.0,1,8298.0,1,9143.0,1,10264.0,1,9788.0,1,9455.0,10390.292,9833.9795,-2281.0
1066,2013-09-02,11316.0,1167.0,1.0,0.0,0,1.0,1.0,-0.9027978,-0.4300652,-1.0,-1.8369701e-16,3,0,0,1,0.0,1,9974.0,1,9856.0,1,0.0,1,8759.0,1,9668.0,1,10087.0,1,10152.0,6234.1753,7648.651,-9974.0
1066,2013-09-03,10456.0,1169.0,1.0,0.0,0,1.0,2.0,-0.9027978,-0.4300652,-1.0,-1.8369701e-16,3,0,0,1,11316.0,1,0.0,1,12255.0,1,13394.0,1,8706.0,1,0.0,1,9007.0,1,10173.0,8266.905,8463.617,11316.0
1066,2013-09-04,8576.0,1009.0,1.0,0.0,0,0.0,3.0,-0.9027978,-0.4300652,-1.0,-1.8369701e-16,3,0,0,1,10456.0,1,11316.0,1,9974.0,1,10998.0,1,8387.0,1,8985.0,1,0.0,1,0.0,9142.543,8906.369,-860.0
1066,2013-09-05,8687.0,1007.0,1.0,0.0,0,0.0,4.0,-0.9027978,-0.4300652,-1.0,-1.8369701e-16,3,0,0,1,8576.0,1,10456.0,1,0.0,1,9479.0,1,8298.0,1,9143.0,1,12887.0,1,15237.0,8915.926,8832.954,-1880.0
1066,2013-09-06,9492.0,1024.0,1.0,0.0,0,0.0,5.0,-0.9027978,-0.4300652,-1.0,-1.8369701e-16,3,0,0,1,8687.0,1,8576.0,1,11316.0,1,9856.0,1,0.0,1,8759.0,1,10480.0,1,12873.0,8824.355,8800.52,111.0
1066,2013-09-07,9770.0,1007.0,1.0,0.0,0,0.0,6.0,-0.9027978,-0.4300652,-1.0,-1.8369701e-16,3,0,0,1,9492.0,1,8687.0,1,10456.0,1,12255.0,1,13394.0,1,8706.0,1,11207.0,1,12067.0,9091.413,8954.182,805.0
1066,2013-09-08,0.0,0.0,0.0,0.0,0,0.0,7.0,-0.9027978,-0.4300652,-1.0,-1.8369701e-16,3,0,0,1,9770.0,1,9492.0,1,8576.0,1,9974.0,1,10998.0,1,8387.0,1,10651.0,1,12382.0,9362.848,9135.475,278.0
1066,2013-09-09,15390.0,1389.0,1.0,1.0,0,0.0,1.0,-0.94732636,-0.32026985,-1.0,-1.8369701e-16,3,0,0,1,0.0,1,9770.0,1,8687.0,1,0.0,1,9479.0,1,8298.0,1,10264.0,1,12130.0,5617.709,7105.369,-9770.0
1066,2013-09-10,13233.0,1221.0,1.0,1.0,0,0.0,2.0,-0.94732636,-0.32026985,-1.0,-1.8369701e-16,3,0,0,1,15390.0,1,0.0,1,9492.0,1,11316.0,1,9856.0,1,0.0,1,9668.0,1,10619.0,9526.625,8946.398,15390.0
1066,2013-09-11,11068.0,1097.0,1.0,1.0,0,0.0,3.0,-0.94732636,-0.32026985,-1.0,-1.8369701e-16,3,0,0,1,13233.0,1,15390.0,1,9770.0,1,10456.0,1,12255.0,1,13394.0,1,0.0,1,0.0,11009.175,9898.977,-2157.0
1066,2013-09-12,10878.0,1139.0,1.0,1.0,0,0.0,4.0,-0.94732636,-0.32026985,-1.0,-1.8369701e-16,3,0,0,1,11068.0,1,13233.0,1,0.0,1,8576.0,1,9974.0,1,10998.0,1,8985.0,1,10102.0,11032.705,10158.76,-2165.0
1066,2013-09-13,10434.0,1117.0,1.0,1.0,0,0.0,5.0,-0.94732636,-0.32026985,-1.0,-1.8369701e-16,3,0,0,1,10878.0,1,11068.0,1,15390.0,1,8687.0,1,0.0,1,9479.0,1,9143.0,1,9550.0,10970.823,10318.591,-190.0
1066,2013-09-14,8205.0,920.0,1.0,0.0,0,0.0,6.0,-0.94732636,-0.32026985,-1.0,-1.8369701e-16,3,0,0,1,10434.0,1,10878.0,1,13233.0,1,9492.0,1,11316.0,1,9856.0,1,8759.0,1,9187.0,10756.094,10344.237,-444.0
1066,2013-09-15,0.0,0.0,0.0,0.0,0,0.0,7.0,-0.94732636,-0.32026985,-1.0,-1.8369701e-16,3,0,0,1,8205.0,1,10434.0,1,11068.0,1,9770.0,1,10456.0,1,12255.0,1,8706.0,1,9031.0,9735.656,9868.852,-2229.0
1066,2013-09-16,8920.0,1035.0,1.0,0.0,0,0.0,1.0,-0.9785565,-0.20597862,-1.0,-1.8369701e-16,3,0,0,1,0.0,1,8205.0,1,10878.0,1,0.0,1,8576.0,1,9974.0,1,8387.0,1,9507.0,5841.3936,7675.773,-8205.0
1066,2013-09-17,8917.0,1048.0,1.0,0.0,0,0.0,2.0,-0.9785565,-0.20597862,-1.0,-1.8369701e-16,3,0,0,1,8920.0,1,0.0,1,10434.0,1,15390.0,1,8687.0,1,0.0,1,8298.0,1,9809.0,7072.8364,7952.268,8920.0
1066,2013-09-18,8515.0,979.0,1.0,0.0,0,0.0,3.0,-0.9785565,-0.20597862,-1.0,-1.8369701e-16,3,0,0,1,8917.0,1,8920.0,1,8205.0,1,13233.0,1,9492.0,1,11316.0,1,0.0,1,0.0,7810.502,8166.653,-3.0
1066,2013-09-19,8498.0,967.0,1.0,0.0,0,0.0,4.0,-0.9785565,-0.20597862,-1.0,-1.8369701e-16,3,0,0,1,8515.0,1,8917.0,1,0.0,1,11068.0,1,9770.0,1,10456.0,1,13394.0,1,14196.0,8092.3013,8244.063,-402.0
1066,2013-09-20,8903.0,984.0,1.0,0.0,0,0.0,5.0,-0.9785565,-0.20597862,-1.0,-1.8369701e-16,3,0,0,1,8498.0,1,8515.0,1,8920.0,1,10878.0,1,0.0,1,8576.0,1,10998.0,1,12719.0,8254.581,8300.494,-17.0
1066,2013-09-21,10096.0,1032.0,1.0,0.0,0,0.0,6.0,-0.9785565,-0.20597862,-1.0,-1.8369701e-16,3,0,0,1,8903.0,1,8498.0,1,8917.0,1,10434.0,1,15390.0,1,8687.0,1,9479.0,1,12469.0,8513.948,8434.384,405.0
1066,2013-09-22,0.0,0.0,0.0,0.0,0,0.0,7.0,-0.9785565,-0.20597862,-1.0,-1.8369701e-16,3,0,0,1,10096.0,1,8903.0,1,8515.0,1,8205.0,1,13233.0,1,9492.0,1,9856.0,1,10739.0,9146.769,8803.632,1193.0
1066,2013-09-23,12766.0,1292.0,1.0,1.0,0,0.0,1.0,-0.9960498,-0.08879589,-1.0,-1.8369701e-16,3,0,0,1,0.0,1,10096.0,1,8498.0,1,0.0,1,11068.0,1,9770.0,1,12255.0,1,10699.0,5488.0615,6847.2695,-10096.0
1066,2013-09-24,11834.0,1194.0,1.0,1.0,0,0.0,2.0,-0.9960498,-0.08879589,-1.0,-1.8369701e-16,3,0,0,1,12766.0,1,0.0,1,8903.0,1,8920.0,1,10878.0,1,0.0,1,9974.0,1,11031.0,8399.237,8162.543,12766.0
1066,2013-09-25,10136.0,1073.0,1.0,1.0,0,0.0,3.0,-0.9960498,-0.08879589,-1.0,-1.8369701e-16,3,0,0,1,11834.0,1,12766.0,1,10096.0,1,8917.0,1,10434.0,1,15390.0,1,0.0,1,0.0,9773.143,8978.422,-932.0
1066,2013-09-26,11114.0,1129.0,1.0,1.0,0,0.0,4.0,-0.9960498,-0.08879589,-1.0,-1.8369701e-16,3,0,0,1,10136.0,1,11834.0,1,0.0,1,8515.0,1,8205.0,1,13233.0,1,11316.0,1,10456.0,9918.285,9235.662,-1698.0
1066,2013-09-27,10852.0,1135.0,1.0,1.0,0,0.0,5.0,-0.9960498,-0.08879589,-1.0,-1.8369701e-16,3,0,0,1,11114.0,1,10136.0,1,12766.0,1,8498.0,1,0.0,1,11068.0,1,10456.0,1,9482.0,10396.571,9653.07,978.0
1066,2013-09-28,9287.0,998.0,1.0,0.0,0,0.0,6.0,-0.9960498,-0.08879589,-1.0,-1.8369701e-16,3,0,0,1,10852.0,1,11114.0,1,11834.0,1,8903.0,1,8920.0,1,10878.0,1,8576.0,1,7949.0,10578.743,9919.499,-262.0
1066,2013-09-29,0.0,0.0,0.0,0.0,0,0.0,7.0,-0.9960498,-0.08879589,-1.0,-1.8369701e-16,3,0,0,1,9287.0,1,10852.0,1,10136.0,1,10096.0,1,8917.0,1,10434.0,1,8687.0,1,9788.0,10062.046,9778.943,-1565.0
1066,2013-09-30,11561.0,1219.0,1.0,0.0,0,0.0,1.0,-0.99956083,0.029633328,-1.0,-1.8369701e-16,3,0,1,1,0.0,1,9287.0,1,11114.0,1,0.0,1,8515.0,1,8205.0,1,9492.0,1,10087.0,6037.2275,7605.845,-9287.0
1066,2013-10-01,9952.0,1114.0,1.0,0.0,0,0.0,2.0,-0.99956083,0.029633328,-0.8660254,0.5,4,1,0,1,11561.0,1,0.0,1,10852.0,1,12766.0,1,8498.0,1,0.0,1,9770.0,1,9007.0,8246.736,8484.769,11561.0
1066,2013-10-02,11346.0,1223.0,1.0,0.0,0,0.0,3.0,-0.99956083,0.029633328,-0.8660254,0.5,4,0,0,1,9952.0,1,11561.0,1,9287.0,1,11834.0,1,8903.0,1,8920.0,1,0.0,1,0.0,8928.842,8810.82,-1609.0
1066,2013-10-03,0.0,0.0,0.0,0.0,1,0.0,4.0,-0.99956083,0.029633328,-0.8660254,0.5,4,0,0,1,11346.0,1,9952.0,1,0.0,1,10136.0,1,10096.0,1,8917.0,1,15390.0,1,12887.0,9895.705,9374.193,1394.0
1066,2013-10-04,11863.0,1224.0,1.0,0.0,0,0.0,5.0,-0.99956083,0.029633328,-0.8660254,0.5,4,0,0,1,0.0,1,11346.0,1,11561.0,1,11114.0,1,0.0,1,8515.0,1,13233.0,1,10480.0,5937.423,7291.039,-11346.0
1066,2013-10-05,10958.0,1109.0,1.0,0.0,0,0.0,6.0,-0.99956083,0.029633328,-0.8660254,0.5,4,0,0,1,11863.0,1,0.0,1,9952.0,1,10852.0,1,12766.0,1,8498.0,1,11068.0,1,11207.0,8307.654,8307.03,11863.0
1066,2013-10-06,0.0,0.0,0.0,0.0,0,0.0,7.0,-0.99956083,0.029633328,-0.8660254,0.5,4,0,0,1,10958.0,1,11863.0,1,11346.0,1,9287.0,1,11834.0,1,8903.0,1,10878.0,1,10651.0,9367.792,8896.135,-905.0
1066,2013-10-07,15282.0,1454.0,1.0,1.0,0,0.0,1.0,-0.9890402,0.14764656,-0.8660254,0.5,4,0,0,1,0.0,1,10958.0,1,0.0,1,0.0,1,10136.0,1,10096.0,1,10434.0,1,10264.0,5620.6753,6919.216,-10958.0
1066,2013-10-08,12626.0,1232.0,1.0,1.0,0,0.0,2.0,-0.9890402,0.14764656,-0.8660254,0.5,4,0,0,1,15282.0,1,0.0,1,11863.0,1,11561.0,1,11114.0,1,0.0,1,8205.0,1,9668.0,9485.205,8777.612,15282.0
1066,2013-10-09,11120.0,1127.0,1.0,1.0,0,0.0,3.0,-0.9890402,0.14764656,-0.8660254,0.5,4,0,0,1,12626.0,1,15282.0,1,10958.0,1,9952.0,1,10852.0,1,12766.0,1,0.0,1,0.0,10741.523,9632.81,-2656.0
1066,2013-10-10,11365.0,1168.0,1.0,1.0,0,0.0,4.0,-0.9890402,0.14764656,-0.8660254,0.5,4,0,0,1,11120.0,1,12626.0,1,0.0,1,11346.0,1,9287.0,1,11834.0,1,8920.0,1,8985.0,10892.914,9963.297,-1506.0
1066,2013-10-11,10084.0,1101.0,1.0,1.0,0,0.0,5.0,-0.9890402,0.14764656,-0.8660254,0.5,4,0,0,1,11365.0,1,11120.0,1,15282.0,1,0.0,1,0.0,1,10136.0,1,8917.0,1,9143.0,11081.748,10274.786,245.0
1066,2013-10-12,10658.0,1104.0,1.0,0.0,0,0.0,6.0,-0.9890402,0.14764656,-0.8660254,0.5,4,0,0,1,10084.0,1,11365.0,1,12626.0,1,11863.0,1,11561.0,1,11114.0,1,8515.0,1,8759.0,10682.649,10232.39,-1281.0
1066,2013-10-13,0.0,0.0,0.0,0.0,0,0.0,7.0,-0.9890402,0.14764656,-0.8660254,0.5,4,0,0,1,10658.0,1,10084.0,1,11120.0,1,10958.0,1,9952.0,1,10852.0,1,8498.0,1,8706.0,10672.789,10326.97,574.0
1066,2013-10-14,10251.0,1166.0,1.0,0.0,0,0.0,1.0,-0.9646356,0.26358718,-0.8660254,0.5,4,0,0,1,0.0,1,10658.0,1,11365.0,1,0.0,1,11346.0,1,9287.0,1,8903.0,1,8387.0,6403.674,8032.0874,-10658.0
1066,2013-10-15,9362.0,1016.0,1.0,0.0,0,0.0,2.0,-0.9646356,0.26358718,-0.8660254,0.5,4,0,0,1,10251.0,1,0.0,1,10084.0,1,15282.0,1,0.0,1,0.0,1,10096.0,1,8298.0,7942.604,8525.179,10251.0
1066,2013-10-16,9565.0,1031.0,1.0,0.0,0,0.0,3.0,-0.9646356,0.26358718,-0.8660254,0.5,4,0,0,1,9362.0,1,10251.0,1,10658.0,1,12626.0,1,11863.0,1,11561.0,1,0.0,1,0.0,8510.362,8711.14,-889.0
1066,2013-10-17,8415.0,956.0,1.0,0.0,0,0.0,4.0,-0.9646356,0.26358718,-0.8660254,0.5,4,0,0,1,9565.0,1,9362.0,1,0.0,1,11120.0,1,10958.0,1,9952.0,1,12766.0,1,13394.0,8932.218,8900.886,203.0
1066,2013-10-18,10374.0,1085.0,1.0,0.0,0,0.0,5.0,-0.9646356,0.26358718,-0.8660254,0.5,4,0,0,1,8415.0,1,9565.0,1,10251.0,1,11365.0,1,0.0,1,11346.0,1,11834.0,1,10998.0,8725.33,8792.911,-1150.0
1066,2013-10-19,9452.0,1048.0,1.0,0.0,0,0.0,6.0,-0.9646356,0.26358718,-0.8660254,0.5,4,0,0,1,10374.0,1,8415.0,1,9362.0,1,10084.0,1,15282.0,1,0.0,1,10136.0,1,9479.0,9384.798,9144.265,1959.0
1066,2013-10-20,0.0,0.0,0.0,0.0,0,0.0,7.0,-0.9646356,0.26358718,-0.8660254,0.5,4,0,0,1,9452.0,1,10374.0,1,9565.0,1,10658.0,1,12626.0,1,11863.0,1,11114.0,1,9856.0,9411.679,9212.65,-922.0
1066,2013-10-21,12397.0,1278.0,1.0,1.0,0,1.0,1.0,-0.9266896,0.37582758,-0.8660254,0.5,4,0,0,1,0.0,1,9452.0,1,8415.0,1,0.0,1,11120.0,1,10958.0,1,10852.0,1,12255.0,5647.0073,7165.3945,-9452.0
1066,2013-10-22,10452.0,1090.0,1.0,1.0,0,1.0,2.0,-0.9266896,0.37582758,-0.8660254,0.5,4,0,0,1,12397.0,1,0.0,1,10374.0,1,10251.0,1,11365.0,1,0.0,1,9287.0,1,9974.0,8347.005,8327.974,12397.0
1066,2013-10-23,9859.0,1014.0,1.0,1.0,0,1.0,3.0,-0.9266896,0.37582758,-0.8660254,0.5,4,0,0,1,10452.0,1,12397.0,1,9452.0,1,9362.0,1,10084.0,1,15282.0,1,0.0,1,0.0,9189.003,8799.9795,-1945.0
1066,2013-10-24,9020.0,1049.0,1.0,1.0,0,1.0,4.0,-0.9266896,0.37582758,-0.8660254,0.5,4,0,0,1,9859.0,1,10452.0,1,0.0,1,9565.0,1,10658.0,1,12626.0,1,11561.0,1,11316.0,9457.002,9035.317,-593.0
1066,2013-10-25,9935.0,1065.0,1.0,1.0,0,1.0,5.0,-0.9266896,0.37582758,-0.8660254,0.5,4,0,0,1,9020.0,1,9859.0,1,12397.0,1,8415.0,1,0.0,1,11120.0,1,9952.0,1,10456.0,9282.201,9031.913,-839.0
1066,2013-10-26,9609.0,1019.0,1.0,0.0,0,0.0,6.0,-0.9266896,0.37582758,-0.8660254,0.5,4,0,0,1,9935.0,1,9020.0,1,10452.0,1,10374.0,1,10251.0,1,11365.0,1,11346.0,1,8576.0,9543.32,9232.6,915.0
1066,2013-10-27,0.0,0.0,0.0,0.0,0,0.0,7.0,-0.9266896,0.37582758,-0.8660254,0.5,4,0,0,1,9609.0,1,9935.0,1,9859.0,1,9452.0,1,9362.0,1,10084.0,1,0.0,1,8687.0,9569.593,9316.244,-326.0
1066,2013-10-28,9124.0,1038.0,1.0,0.0,0,1.0,1.0,-0.8757349,0.4827922,-0.8660254,0.5,4,0,0,1,0.0,1,9609.0,1,9020.0,1,0.0,1,9565.0,1,10658.0,1,11863.0,1,9492.0,5741.7554,7245.9673,-9609.0
1066,2013-10-29,9514.0,1043.0,1.0,0.0,0,1.0,2.0,-0.8757349,0.4827922,-0.8660254,0.5,4,0,0,1,9124.0,1,0.0,1,9935.0,1,12397.0,1,8415.0,1,0.0,1,10958.0,1,9770.0,7094.6533,7663.308,9124.0
1066,2013-10-30,9798.0,1080.0,1.0,0.0,0,1.0,3.0,-0.8757349,0.4827922,-0.8660254,0.5,4,0,0,1,9514.0,1,9124.0,1,9609.0,1,10452.0,1,10374.0,1,10251.0,1,0.0,1,0.0,8062.392,8074.5728,390.0
1066,2013-10-31,12353.0,1321.0,1.0,0.0,0,1.0,4.0,-0.8757349,0.4827922,-0.8660254,0.5,4,0,1,1,9798.0,1,9514.0,1,0.0,1,9859.0,1,9452.0,1,9362.0,1,15282.0,1,15390.0,8756.635,8457.557,284.0
1066,2013-11-01,0.0,0.0,0.0,0.0,1,1.0,5.0,-0.8757349,0.4827922,-0.5,0.8660254,4,1,0,1,12353.0,1,9798.0,1,9124.0,1,9020.0,1,0.0,1,9565.0,1,12626.0,1,13233.0,10195.181,9323.211,2555.0
1066,2013-11-02,12400.0,1235.0,1.0,0.0,0,0.0,6.0,-0.8757349,0.4827922,-0.5,0.8660254,4,0,0,1,0.0,1,12353.0,1,9514.0,1,9935.0,1,12397.0,1,8415.0,1,11120.0,1,11068.0,6117.109,7251.386,-12353.0
1066,2013-11-03,0.0,0.0,0.0,0.0,0,0.0,7.0,-0.8757349,0.4827922,-0.5,0.8660254,4,0,0,1,12400.0,1,0.0,1,9798.0,1,9609.0,1,10452.0,1,10374.0,1,11365.0,1,10878.0,8630.266,8395.522,12400.0
1066,2013-11-04,14398.0,1372.0,1.0,1.0,0,0.0,1.0,-0.8124869,0.5829795,-0.5,0.8660254,4,0,0,1,0.0,1,12400.0,1,12353.0,1,0.0,1,9859.0,1,9452.0,1,10084.0,1,10434.0,5178.159,6529.851,-12400.0
1066,2013-11-05,12160.0,1193.0,1.0,1.0,0,0.0,2.0,-0.8124869,0.5829795,-0.5,0.8660254,4,0,0,1,14398.0,1,0.0,1,0.0,1,9124.0,1,9020.0,1,0.0,1,10658.0,1,8205.0,8866.096,8278.328,14398.0
1066,2013-11-06,11664.0,1104.0,1.0,1.0,0,0.0,3.0,-0.8124869,0.5829795,-0.5,0.8660254,4,0,0,1,12160.0,1,14398.0,1,12400.0,1,9514.0,1,9935.0,1,12397.0,1,0.0,1,0.0,10183.657,9140.922,-2238.0
1066,2013-11-07,9312.0,948.0,1.0,1.0,0,0.0,4.0,-0.8124869,0.5829795,-0.5,0.8660254,4,0,0,1,11664.0,1,12160.0,1,0.0,1,9798.0,1,9609.0,1,10452.0,1,10251.0,1,8920.0,10775.794,9701.606,-496.0
1066,2013-11-08,11584.0,1243.0,1.0,1.0,0,0.0,5.0,-0.8124869,0.5829795,-0.5,0.8660254,4,0,0,1,9312.0,1,11664.0,1,14398.0,1,12353.0,1,0.0,1,9859.0,1,9362.0,1,8917.0,10190.276,9615.027,-2352.0
1066,2013-11-09,10856.0,1085.0,1.0,0.0,0,0.0,6.0,-0.8124869,0.5829795,-0.5,0.8660254,4,0,0,1,11584.0,1,9312.0,1,12160.0,1,0.0,1,9124.0,1,9020.0,1,9565.0,1,8515.0,10747.766,10052.576,2272.0
1066,2013-11-10,0.0,0.0,0.0,0.0,0,0.0,7.0,-0.8124869,0.5829795,-0.5,0.8660254,4,0,0,1,10856.0,1,11584.0,1,11664.0,1,12400.0,1,9514.0,1,9935.0,1,8415.0,1,8498.0,10791.06,10231.115,-728.0
1066,2013-11-11,9783.0,1081.0,1.0,0.0,0,0.0,1.0,-0.73783326,0.674983,-0.5,0.8660254,4,0,0,1,0.0,1,10856.0,1,9312.0,1,0.0,1,9798.0,1,9609.0,1,10374.0,1,8903.0,6474.6357,7957.534,-10856.0
1066,2013-11-12,9021.0,989.0,1.0,0.0,0,0.0,2.0,-0.73783326,0.674983,-0.5,0.8660254,4,0,0,1,9783.0,1,0.0,1,11584.0,1,14398.0,1,12353.0,1,0.0,1,9452.0,1,10096.0,7797.9814,8363.193,9783.0
1066,2013-11-13,9147.0,993.0,1.0,0.0,0,0.0,3.0,-0.73783326,0.674983,-0.5,0.8660254,4,0,0,1,9021.0,1,9783.0,1,10856.0,1,12160.0,1,0.0,1,9124.0,1,0.0,1,0.0,8287.188,8509.372,-762.0
1066,2013-11-14,9168.0,995.0,1.0,0.0,0,0.0,4.0,-0.73783326,0.674983,-0.5,0.8660254,4,0,0,1,9147.0,1,9021.0,1,0.0,1,11664.0,1,12400.0,1,9514.0,1,12397.0,1,12766.0,8631.113,8651.067,126.0
1066,2013-11-15,10901.0,1157.0,1.0,0.0,0,0.0,5.0,-0.73783326,0.674983,-0.5,0.8660254,4,0,0,1,9168.0,1,9147.0,1,9783.0,1,9312.0,1,0.0,1,9798.0,1,10452.0,1,11834.0,8845.868,8765.941,21.0
1066,2013-11-16,10737.0,1085.0,1.0,0.0,0,0.0,6.0,-0.73783326,0.674983,-0.5,0.8660254,4,0,0,1,10901.0,1,9168.0,1,9021.0,1,11584.0,1,14398.0,1,12353.0,1,9859.0,1,10136.0,9667.921,9240.398,1733.0
1066,2013-11-17,0.0,0.0,0.0,0.0,0,0.0,7.0,-0.73783326,0.674983,-0.5,0.8660254,4,0,0,1,10737.0,1,10901.0,1,9147.0,1,10856.0,1,12160.0,1,0.0,1,9020.0,1,11114.0,10095.553,9572.977,-164.0
1066,2013-11-18,14059.0,1343.0,1.0,1.0,0,0.0,1.0,-0.65282214,0.75751126,-0.5,0.8660254,4,0,0,1,0.0,1,10737.0,1,9168.0,1,0.0,1,11664.0,1,12400.0,1,9935.0,1,10852.0,6057.3315,7445.6484,-10737.0
1066,2013-11-19,13015.0,1213.0,1.0,1.0,0,0.0,2.0,-0.65282214,0.75751126,-0.5,0.8660254,4,0,0,1,14059.0,1,0.0,1,10901.0,1,9783.0,1,9312.0,1,0.0,1,9609.0,1,9287.0,9257.999,8915.282,14059.0
1066,2013-11-20,11551.0,1143.0,1.0,1.0,0,0.0,3.0,-0.65282214,0.75751126,-0.5,0.8660254,4,0,0,1,13015.0,1,14059.0,1,10737.0,1,9021.0,1,11584.0,1,14398.0,1,0.0,1,0.0,10760.8,9826.331,-1044.0
1066,2013-11-21,10533.0,1110.0,1.0,1.0,0,0.0,4.0,-0.65282214,0.75751126,-0.5,0.8660254,4,0,0,1,11551.0,1,13015.0,1,0.0,1,9147.0,1,10856.0,1,12160.0,1,9124.0,1,11561.0,11076.88,10209.591,-1464.0
1066,2013-11-22,11116.0,1150.0,1.0,1.0,0,0.0,5.0,-0.65282214,0.75751126,-0.5,0.8660254,4,0,0,1,10533.0,1,11551.0,1,14059.0,1,9168.0,1,0.0,1,11664.0,1,9514.0,1,9952.0,10859.328,10281.459,-1018.0
1066,2013-11-23,10232.0,1100.0,1.0,0.0,0,0.0,6.0,-0.65282214,0.75751126,-0.5,0.8660254,4,0,0,1,11116.0,1,10533.0,1,13015.0,1,10901.0,1,9783.0,1,9312.0,1,9798.0,1,11346.0,10961.997,10466.913,583.0
1066,2013-11-24,0.0,0.0,0.0,0.0,0,0.0,7.0,-0.65282214,0.75751126,-0.5,0.8660254,4,0,0,1,10232.0,1,11116.0,1,11551.0,1,10737.0,1,9021.0,1,11584.0,1,12353.0,1,0.0,10669.998,10414.71,-884.0
1066,2013-11-25,10619.0,1126.0,1.0,0.0,0,0.0,1.0,-0.55864674,0.82940567,-0.5,0.8660254,4,0,0,1,0.0,1,10232.0,1,10533.0,1,0.0,1,9147.0,1,10856.0,1,0.0,1,11863.0,6401.999,8100.33,-10232.0
1066,2013-11-26,10809.0,1102.0,1.0,0.0,0,0.0,2.0,-0.55864674,0.82940567,-0.5,0.8660254,4,0,0,1,10619.0,1,0.0,1,11116.0,1,14059.0,1,9168.0,1,0.0,1,12400.0,1,10958.0,8088.7993,8660.034,10619.0
1066,2013-11-27,10107.0,1061.0,1.0,0.0,0,0.0,3.0,-0.55864674,0.82940567,-0.5,0.8660254,4,0,0,1,10809.0,1,10619.0,1,10232.0,1,13015.0,1,10901.0,1,9783.0,1,0.0,1,0.0,9176.88,9137.582,190.0
1066,2013-11-28,10982.0,1070.0,1.0,0.0,0,0.0,4.0,-0.55864674,0.82940567,-0.5,0.8660254,4,0,0,1,10107.0,1,10809.0,1,0.0,1,11551.0,1,10737.0,1,9021.0,1,14398.0,1,15282.0,9548.928,9353.009,-702.0
1066,2013-11-29,13070.0,1265.0,1.0,0.0,0,0.0,5.0,-0.55864674,0.82940567,-0.5,0.8660254,4,0,0,1,10982.0,1,10107.0,1,10619.0,1,10533.0,1,0.0,1,9147.0,1,12160.0,1,12626.0,10122.156,9715.007,875.0
1066,2013-11-30,12361.0,1222.0,1.0,0.0,0,0.0,6.0,-0.55864674,0.82940567,-0.5,0.8660254,4,0,1,1,13070.0,1,10982.0,1,10809.0,1,11116.0,1,14059.0,1,9168.0,1,11664.0,1,11120.0,11301.294,10460.561,2088.0
1066,2013-12-01,0.0,0.0,0.0,0.0,0,0.0,7.0,-0.55864674,0.82940567,-2.4492937e-16,1.0,4,1,0,1,12361.0,1,13070.0,1,10107.0,1,10232.0,1,13015.0,1,10901.0,1,9312.0,1,11365.0,11725.177,10882.881,-709.0
1066,2013-12-02,16990.0,1565.0,1.0,1.0,0,0.0,1.0,-0.45662925,0.8896571,-2.4492937e-16,1.0,4,0,0,1,0.0,1,12361.0,1,10982.0,1,0.0,1,11551.0,1,10737.0,1,11584.0,1,10084.0,7035.106,8464.463,-12361.0
1066,2013-12-03,14452.0,1362.0,1.0,1.0,0,0.0,2.0,-0.45662925,0.8896571,-2.4492937e-16,1.0,4,0,0,1,16990.0,1,0.0,1,13070.0,1,10619.0,1,10533.0,1,0.0,1,10856.0,1,10658.0,11017.063,10359.026,16990.0
1066,2013-12-04,12827.0,1183.0,1.0,1.0,0,0.0,3.0,-0.45662925,0.8896571,-2.4492937e-16,1.0,4,0,0,1,14452.0,1,16990.0,1,12361.0,1,10809.0,1,11116.0,1,14059.0,1,0.0,1,0.0,12391.038,11268.576,-2538.0
1066,2013-12-05,13131.0,1252.0,1.0,1.0,0,0.0,4.0,-0.45662925,0.8896571,-2.4492937e-16,1.0,4,0,0,1,12827.0,1,14452.0,1,0.0,1,10107.0,1,10232.0,1,13015.0,1,9783.0,1,10251.0,12565.423,11614.893,-1625.0
1066,2013-12-06,11752.0,1189.0,1.0,1.0,0,0.0,5.0,-0.45662925,0.8896571,-2.4492937e-16,1.0,4,0,0,1,13131.0,1,12827.0,1,16990.0,1,10982.0,1,0.0,1,11551.0,1,9021.0,1,9362.0,12791.653,11951.806,304.0
1066,2013-12-07,11444.0,1125.0,1.0,0.0,0,0.0,6.0,-0.45662925,0.8896571,-2.4492937e-16,1.0,4,0,0,1,11752.0,1,13131.0,1,14452.0,1,13070.0,1,10619.0,1,10533.0,1,9147.0,1,9565.0,12375.792,11907.404,-1379.0
1066,2013-12-08,0.0,0.0,0.0,0.0,0,0.0,7.0,-0.45662925,0.8896571,-2.4492937e-16,1.0,4,0,0,1,11444.0,1,11752.0,1,12827.0,1,12361.0,1,10809.0,1,11116.0,1,9168.0,1,8415.0,12003.075,11804.426,-308.0
1066,2013-12-09,12310.0,1250.0,1.0,0.0,0,0.0,1.0,-0.34820163,0.93741965,-2.4492937e-16,1.0,4,0,0,1,0.0,1,11444.0,1,13131.0,1,0.0,1,10107.0,1,10232.0,1,10901.0,1,10374.0,7201.845,9181.22,-11444.0
1066,2013-12-10,10374.0,1124.0,1.0,0.0,0,0.0,2.0,-0.34820163,0.93741965,-2.4492937e-16,1.0,4,0,0,1,12310.0,1,0.0,1,11752.0,1,16990.0,1,10982.0,1,0.0,1,10737.0,1,9452.0,9245.107,9876.504,12310.0
1066,2013-12-11,10214.0,1087.0,1.0,0.0,0,0.0,3.0,-0.34820163,0.93741965,-2.4492937e-16,1.0,4,0,0,1,10374.0,1,12310.0,1,11444.0,1,14452.0,1,13070.0,1,10619.0,1,0.0,1,0.0,9696.664,9987.059,-1936.0
1066,2013-12-12,11263.0,1155.0,1.0,0.0,0,0.0,4.0,-0.34820163,0.93741965,-2.4492937e-16,1.0,4,0,0,1,10214.0,1,10374.0,1,0.0,1,12827.0,1,12361.0,1,10809.0,1,14059.0,1,12397.0,9903.599,10037.49,-160.0
1066,2013-12-13,11138.0,1162.0,1.0,0.0,0,0.0,5.0,-0.34820163,0.93741965,-2.4492937e-16,1.0,4,0,0,1,11263.0,1,10214.0,1,12310.0,1,13131.0,1,0.0,1,10107.0,1,13015.0,1,10452.0,10447.359,10309.826,1049.0
1066,2013-12-14,11300.0,1141.0,1.0,0.0,0,0.0,6.0,-0.34820163,0.93741965,-2.4492937e-16,1.0,4,0,0,1,11138.0,1,11263.0,1,10374.0,1,11752.0,1,16990.0,1,10982.0,1,11551.0,1,9859.0,10723.615,10493.864,-125.0
1066,2013-12-15,0.0,0.0,0.0,0.0,0,0.0,7.0,-0.34820163,0.93741965,-2.4492937e-16,1.0,4,0,0,1,11300.0,1,11138.0,1,10214.0,1,11444.0,1,14452.0,1,13070.0,1,10533.0,1,9020.0,10954.169,10673.006,162.0
1066,2013-12-16,18824.0,1629.0,1.0,1.0,0,0.0,1.0,-0.23488605,0.9720229,-2.4492937e-16,1.0,4,0,0,1,0.0,1,11300.0,1,11263.0,1,0.0,1,12827.0,1,12361.0,1,11116.0,1,9935.0,6572.5015,8301.227,-11300.0
1066,2013-12-17,16754.0,1521.0,1.0,1.0,0,0.0,2.0,-0.23488605,0.9720229,-2.4492937e-16,1.0,4,0,0,1,18824.0,1,0.0,1,11138.0,1,12310.0,1,13131.0,1,0.0,1,10232.0,1,9609.0,11473.101,10639.621,18824.0
1066,2013-12-18,14799.0,1429.0,1.0,1.0,0,0.0,3.0,-0.23488605,0.9720229,-2.4492937e-16,1.0,4,0,0,1,16754.0,1,18824.0,1,11300.0,1,10374.0,1,11752.0,1,16990.0,1,0.0,1,0.0,13585.461,11998.372,-2070.0
1066,2013-12-19,13973.0,1395.0,1.0,1.0,0,0.0,4.0,-0.23488605,0.9720229,-2.4492937e-16,1.0,4,0,0,1,14799.0,1,16754.0,1,0.0,1,10214.0,1,11444.0,1,14452.0,1,10619.0,1,9124.0,14070.876,12620.733,-1955.0
1066,2013-12-20,16325.0,1591.0,1.0,1.0,0,0.0,5.0,-0.23488605,0.9720229,-2.4492937e-16,1.0,4,0,0,1,13973.0,1,14799.0,1,18824.0,1,11263.0,1,0.0,1,12827.0,1,10809.0,1,9514.0,14031.726,12921.237,-826.0
1066,2013-12-21,14736.0,1429.0,1.0,0.0,0,0.0,6.0,-0.23488605,0.9720229,-2.4492937e-16,1.0,4,0,0,1,16325.0,1,13973.0,1,16754.0,1,11138.0,1,12310.0,1,13131.0,1,10107.0,1,9798.0,14949.035,13677.629,2352.0
1066,2013-12-22,0.0,0.0,0.0,0.0,0,0.0,7.0,-0.23488605,0.9720229,-2.4492937e-16,1.0,4,0,0,1,14736.0,1,16325.0,1,14799.0,1,11300.0,1,10374.0,1,11752.0,1,10982.0,1,12353.0,14863.821,13912.822,-1589.0
1066,2013-12-23,19811.0,2121.0,1.0,0.0,0,1.0,1.0,-0.11827317,0.9929811,-2.4492937e-16,1.0,4,0,0,1,0.0,1,14736.0,1,13973.0,1,0.0,1,10214.0,1,11444.0,1,13070.0,1,0.0,8918.293,10821.084,-14736.0
1066,2013-12-24,8385.0,917.0,1.0,0.0,0,1.0,2.0,-0.11827317,0.9929811,-2.4492937e-16,1.0,4,0,0,1,19811.0,1,0.0,1,16325.0,1,18824.0,1,11263.0,1,0.0,1,12361.0,1,12400.0,13275.376,12818.843,19811.0
1066,2013-12-25,0.0,0.0,0.0,0.0,3,1.0,3.0,-0.11827317,0.9929811,-2.4492937e-16,1.0,4,0,0,1,8385.0,1,19811.0,1,14736.0,1,16754.0,1,11138.0,1,12310.0,1,0.0,1,0.0,11319.226,11833.545,-11426.0
1066,2013-12-26,0.0,0.0,0.0,0.0,3,1.0,4.0,-0.11827317,0.9929811,-2.4492937e-16,1.0,4,0,0,1,0.0,1,8385.0,1,0.0,1,14799.0,1,11300.0,1,10374.0,1,16990.0,1,14398.0,6791.535,9203.868,-8385.0
1066,2013-12-27,11656.0,1250.0,1.0,0.0,0,1.0,5.0,-0.11827317,0.9929811,-2.4492937e-16,1.0,4,0,0,1,0.0,1,0.0,1,19811.0,1,13973.0,1,0.0,1,10214.0,1,14452.0,1,12160.0,4074.9211,7158.564,0.0
1066,2013-12-28,10759.0,1038.0,1.0,0.0,0,0.0,6.0,-0.11827317,0.9929811,-2.4492937e-16,1.0,4,0,0,1,11656.0,1,0.0,1,8385.0,1,16325.0,1,18824.0,1,11263.0,1,12827.0,1,11664.0,7107.3525,8157.994,11656.0
1066,2013-12-29,0.0,0.0,0.0,0.0,0,0.0,7.0,-0.11827317,0.9929811,-2.4492937e-16,1.0,4,0,0,1,10759.0,1,11656.0,1,0.0,1,14736.0,1,16754.0,1,11138.0,1,13131.0,1,9312.0,8568.012,8735.995,-897.0
1066,2013-12-30,14022.0,1460.0,1.0,0.0,0,1.0,1.0,0.11827317,0.9929811,-2.4492937e-16,1.0,4,0,0,1,0.0,1,10759.0,1,0.0,1,0.0,1,14799.0,1,11300.0,1,11752.0,1,11584.0,5140.807,6794.663,-10759.0
1066,2013-12-31,7302.0,848.0,1.0,0.0,0,1.0,2.0,0.11827317,0.9929811,-2.4492937e-16,1.0,4,0,1,1,14022.0,1,0.0,1,11656.0,1,19811.0,1,13973.0,1,0.0,1,11444.0,1,10856.0,8693.284,8400.738,14022.0
1066,2014-01-01,0.0,0.0,0.0,0.0,1,1.0,3.0,0.11827317,0.9929811,0.5,0.8660254,1,1,0,1,7302.0,1,14022.0,1,10759.0,1,8385.0,1,16325.0,1,18824.0,1,0.0,1,0.0,8136.7705,8156.574,-6720.0
1066,2014-01-02,10516.0,1108.0,1.0,0.0,0,1.0,4.0,0.11827317,0.9929811,0.5,0.8660254,1,0,0,1,0.0,1,7302.0,1,0.0,1,0.0,1,14736.0,1,16754.0,1,12310.0,1,9783.0,4882.0625,6344.002,-7302.0
1066,2014-01-03,10248.0,1108.0,1.0,0.0,0,1.0,5.0,0.11827317,0.9929811,0.5,0.8660254,1,0,0,1,10516.0,1,0.0,1,14022.0,1,0.0,1,0.0,1,14799.0,1,10374.0,1,9021.0,7135.637,7271.113,10516.0
1066,2014-01-04,10764.0,1095.0,1.0,0.0,0,0.0,6.0,0.11827317,0.9929811,0.5,0.8660254,1,0,0,1,10248.0,1,10516.0,1,7302.0,1,11656.0,1,19811.0,1,13973.0,1,10214.0,1,9147.0,8380.582,7932.643,-268.0
1066,2014-01-05,0.0,0.0,0.0,0.0,0,0.0,7.0,0.11827317,0.9929811,0.5,0.8660254,1,0,0,1,10764.0,1,10248.0,1,0.0,1,10759.0,1,8385.0,1,16325.0,1,11263.0,1,9168.0,9333.949,8561.834,516.0
1066,2014-01-06,15625.0,1426.0,1.0,1.0,0,1.0,1.0,0.23488605,0.9720229,0.5,0.8660254,1,0,0,1,0.0,1,10764.0,1,10516.0,1,0.0,1,0.0,1,14736.0,1,11138.0,1,10901.0,5600.3696,6659.204,-10764.0
1066,2014-01-07,13444.0,1321.0,1.0,1.0,0,1.0,2.0,0.23488605,0.9720229,0.5,0.8660254,1,0,0,1,15625.0,1,0.0,1,10248.0,1,14022.0,1,0.0,1,0.0,1,11300.0,1,10737.0,9610.222,8651.604,15625.0
1066,2014-01-08,11730.0,1155.0,1.0,1.0,0,0.0,3.0,0.23488605,0.9720229,0.5,0.8660254,1,0,0,1,13444.0,1,15625.0,1,10764.0,1,7302.0,1,11656.0,1,19811.0,1,0.0,1,0.0,11143.733,9716.58,-2181.0
1066,2014-01-09,10015.0,1102.0,1.0,1.0,0,0.0,4.0,0.23488605,0.9720229,0.5,0.8660254,1,0,0,1,11730.0,1,13444.0,1,0.0,1,0.0,1,10759.0,1,8385.0,1,18824.0,1,14059.0,11378.24,10164.007,-1714.0
1066,2014-01-10,11255.0,1216.0,1.0,1.0,0,0.0,5.0,0.23488605,0.9720229,0.5,0.8660254,1,0,0,1,10015.0,1,11730.0,1,15625.0,1,10516.0,1,0.0,1,0.0,1,16754.0,1,13015.0,10832.944,10130.895,-1715.0
1066,2014-01-11,10448.0,1070.0,1.0,0.0,0,0.0,6.0,0.23488605,0.9720229,0.5,0.8660254,1,0,0,1,11255.0,1,10015.0,1,13444.0,1,10248.0,1,14022.0,1,0.0,1,14799.0,1,11551.0,11001.767,10380.695,1240.0
1066,2014-01-12,0.0,0.0,0.0,0.0,0,0.0,7.0,0.23488605,0.9720229,0.5,0.8660254,1,0,0,1,10448.0,1,11255.0,1,11730.0,1,10764.0,1,7302.0,1,11656.0,1,13973.0,1,10533.0,10780.26,10395.652,-807.0
1066,2014-01-13,9568.0,1066.0,1.0,0.0,0,0.0,1.0,0.34820163,0.93741965,0.5,0.8660254,1,0,0,1,0.0,1,10448.0,1,10015.0,1,0.0,1,0.0,1,10759.0,1,16325.0,1,11116.0,6468.156,8085.5073,-10448.0
1066,2014-01-14,8711.0,1039.0,1.0,0.0,0,0.0,2.0,0.34820163,0.93741965,0.5,0.8660254,1,0,0,1,9568.0,1,0.0,1,11255.0,1,15625.0,1,10516.0,1,0.0,1,14736.0,1,10232.0,7708.0938,8414.95,9568.0
1066,2014-01-15,8442.0,933.0,1.0,0.0,0,0.0,3.0,0.34820163,0.93741965,0.5,0.8660254,1,0,0,1,8711.0,1,9568.0,1,10448.0,1,13444.0,1,10248.0,1,14022.0,1,0.0,1,0.0,8109.2563,8480.739,-857.0
1066,2014-01-16,8518.0,981.0,1.0,0.0,0,0.0,4.0,0.34820163,0.93741965,0.5,0.8660254,1,0,0,1,8442.0,1,8711.0,1,0.0,1,11730.0,1,10764.0,1,7302.0,1,19811.0,1,10619.0,8242.354,8472.13,-269.0
1066,2014-01-17,9636.0,1071.0,1.0,0.0,0,0.0,5.0,0.34820163,0.93741965,0.5,0.8660254,1,0,0,1,8518.0,1,8442.0,1,9568.0,1,10015.0,1,0.0,1,0.0,1,8385.0,1,10809.0,8352.612,8482.323,76.0
1066,2014-01-18,10732.0,1086.0,1.0,0.0,0,0.0,6.0,0.34820163,0.93741965,0.5,0.8660254,1,0,0,1,9636.0,1,8518.0,1,8711.0,1,11255.0,1,15625.0,1,10516.0,1,0.0,1,10107.0,8865.968,8738.696,1118.0
1066,2014-01-19,0.0,0.0,0.0,0.0,0,0.0,7.0,0.34820163,0.93741965,0.5,0.8660254,1,0,0,1,10732.0,1,9636.0,1,8442.0,1,10448.0,1,13444.0,1,10248.0,1,0.0,1,10982.0,9612.381,9181.652,1096.0
1066,2014-01-20,14213.0,1318.0,1.0,1.0,0,0.0,1.0,0.45662925,0.8896571,0.5,0.8660254,1,0,0,1,0.0,1,10732.0,1,8518.0,1,0.0,1,11730.0,1,10764.0,1,11656.0,1,13070.0,5767.428,7141.285,-10732.0
1066,2014-01-21,11874.0,1175.0,1.0,1.0,0,0.0,2.0,0.45662925,0.8896571,0.5,0.8660254,1,0,0,1,14213.0,1,0.0,1,9636.0,1,9568.0,1,10015.0,1,0.0,1,10759.0,1,12361.0,9145.657,8712.777,14213.0
1066,2014-01-22,11422.0,1140.0,1.0,1.0,0,0.0,3.0,0.45662925,0.8896571,0.5,0.8660254,1,0,0,1,11874.0,1,14213.0,1,10732.0,1,8711.0,1,11255.0,1,15625.0,1,0.0,1,0.0,10236.994,9415.271,-2339.0
1066,2014-01-23,9419.0,1022.0,1.0,1.0,0,0.0,4.0,0.45662925,0.8896571,0.5,0.8660254,1,0,0,1,11422.0,1,11874.0,1,0.0,1,8442.0,1,10448.0,1,13444.0,1,14022.0,1,16990.0,10710.996,9861.211,-452.0
1066,2014-01-24,10936.0,1130.0,1.0,1.0,0,0.0,5.0,0.45662925,0.8896571,0.5,0.8660254,1,0,0,1,9419.0,1,11422.0,1,14213.0,1,8518.0,1,0.0,1,11730.0,1,7302.0,1,14452.0,10194.198,9762.942,-2003.0
1066,2014-01-25,10192.0,1056.0,1.0,0.0,0,0.0,6.0,0.45662925,0.8896571,0.5,0.8660254,1,0,0,1,10936.0,1,9419.0,1,11874.0,1,9636.0,1,9568.0,1,10015.0,1,0.0,1,12827.0,10490.919,10023.621,1517.0
1066,2014-01-26,0.0,0.0,0.0,0.0,0,0.0,7.0,0.45662925,0.8896571,0.5,0.8660254,1,0,0,1,10192.0,1,10936.0,1,11422.0,1,10732.0,1,8711.0,1,11255.0,1,10516.0,1,13131.0,10371.352,10061.039,-744.0
1066,2014-01-27,9765.0,1064.0,1.0,0.0,0,0.0,1.0,0.55864674,0.82940567,0.5,0.8660254,1,0,0,1,0.0,1,10192.0,1,9419.0,1,0.0,1,8442.0,1,10448.0,1,10248.0,1,11752.0,6222.8105,7825.2524,-10192.0
1066,2014-01-28,9217.0,1054.0,1.0,0.0,0,0.0,2.0,0.55864674,0.82940567,0.5,0.8660254,1,0,0,1,9765.0,1,0.0,1,10936.0,1,14213.0,1,8518.0,1,0.0,1,10764.0,1,11444.0,7639.6865,8256.308,9765.0
1066,2014-01-29,9501.0,1039.0,1.0,0.0,0,0.0,3.0,0.55864674,0.82940567,0.5,0.8660254,1,0,0,1,9217.0,1,9765.0,1,10192.0,1,11874.0,1,9636.0,1,9568.0,1,0.0,1,0.0,8270.612,8469.795,-548.0
1066,2014-01-30,9476.0,1059.0,1.0,0.0,0,0.0,4.0,0.55864674,0.82940567,0.5,0.8660254,1,0,0,1,9501.0,1,9217.0,1,0.0,1,11422.0,1,10732.0,1,8711.0,1,15625.0,1,12310.0,8762.768,8698.951,284.0
1066,2014-01-31,12241.0,1235.0,1.0,0.0,0,0.0,5.0,0.55864674,0.82940567,0.5,0.8660254,1,0,1,1,9476.0,1,9501.0,1,9765.0,1,9419.0,1,0.0,1,8442.0,1,13444.0,1,10374.0,9048.061,8871.629,-25.0
1066,2014-02-01,10557.0,1023.0,1.0,0.0,0,0.0,6.0,0.55864674,0.82940567,0.8660254,0.5,1,1,0,1,12241.0,1,9476.0,1,9217.0,1,10936.0,1,14213.0,1,8518.0,1,11730.0,1,10214.0,10325.236,9620.378,2765.0
1066,2014-02-02,0.0,0.0,0.0,0.0,0,0.0,7.0,0.55864674,0.82940567,0.8660254,0.5,1,0,0,1,10557.0,1,12241.0,1,9501.0,1,10192.0,1,11874.0,1,9636.0,1,10015.0,1,11263.0,10417.941,9828.517,-1684.0
1066,2014-02-03,14834.0,1446.0,1.0,1.0,0,0.0,1.0,0.65282214,0.75751126,0.8660254,0.5,1,0,0,1,0.0,1,10557.0,1,9476.0,1,0.0,1,11422.0,1,10732.0,1,11255.0,1,11138.0,6250.765,7644.4014,-10557.0
1066,2014-02-04,12114.0,1290.0,1.0,1.0,0,0.0,2.0,0.65282214,0.75751126,0.8660254,0.5,1,0,0,1,14834.0,1,0.0,1,12241.0,1,9765.0,1,9419.0,1,0.0,1,10448.0,1,11300.0,9684.059,9242.09,14834.0
1066,2014-02-05,10758.0,1107.0,1.0,1.0,0,0.0,3.0,0.65282214,0.75751126,0.8660254,0.5,1,0,0,1,12114.0,1,14834.0,1,10557.0,1,9217.0,1,10936.0,1,14213.0,1,0.0,1,0.0,10656.035,9880.292,-2720.0
1066,2014-02-06,10413.0,1118.0,1.0,1.0,0,0.0,4.0,0.65282214,0.75751126,0.8660254,0.5,1,0,0,1,10758.0,1,12114.0,1,0.0,1,9501.0,1,10192.0,1,11874.0,1,9568.0,1,18824.0,10696.821,10075.339,-1356.0
1066,2014-02-07,10610.0,1117.0,1.0,1.0,0,0.0,5.0,0.65282214,0.75751126,0.8660254,0.5,1,0,0,1,10413.0,1,10758.0,1,14834.0,1,9476.0,1,0.0,1,11422.0,1,8711.0,1,16754.0,10583.293,10150.374,-345.0
1066,2014-02-08,11111.0,1041.0,1.0,0.0,0,0.0,6.0,0.65282214,0.75751126,0.8660254,0.5,1,0,0,1,10610.0,1,10413.0,1,12114.0,1,12241.0,1,9765.0,1,9419.0,1,8442.0,1,14799.0,10593.976,10252.514,197.0
1066,2014-02-09,0.0,0.0,0.0,0.0,0,0.0,7.0,0.65282214,0.75751126,0.8660254,0.5,1,0,0,1,11111.0,1,10610.0,1,10758.0,1,10557.0,1,9217.0,1,10936.0,1,8518.0,1,13973.0,10800.785,10443.288,501.0
1066,2014-02-10,10814.0,1186.0,1.0,0.0,0,0.0,1.0,0.73783326,0.674983,0.8660254,0.5,1,0,0,1,0.0,1,11111.0,1,10413.0,1,0.0,1,9501.0,1,10192.0,1,9636.0,1,16325.0,6480.471,8122.5576,-11111.0
1066,2014-02-11,10446.0,1153.0,1.0,0.0,0,0.0,2.0,0.73783326,0.674983,0.8660254,0.5,1,0,0,1,10814.0,1,0.0,1,10610.0,1,14834.0,1,9476.0,1,0.0,1,10732.0,1,14736.0,8213.883,8720.656,10814.0
1066,2014-02-12,9611.0,1081.0,1.0,0.0,0,0.0,3.0,0.73783326,0.674983,0.8660254,0.5,1,0,0,1,10446.0,1,10814.0,1,11111.0,1,12114.0,1,12241.0,1,9765.0,1,0.0,1,0.0,9106.7295,9104.065,-368.0
1066,2014-02-13,8820.0,962.0,1.0,0.0,0,0.0,4.0,0.73783326,0.674983,0.8660254,0.5,1,0,0,1,9611.0,1,10446.0,1,0.0,1,10758.0,1,10557.0,1,9217.0,1,14213.0,1,19811.0,9308.4375,9216.718,-835.0
1066,2014-02-14,10557.0,1157.0,1.0,0.0,0,0.0,5.0,0.73783326,0.674983,0.8660254,0.5,1,0,0,1,8820.0,1,9611.0,1,10814.0,1,10413.0,1,0.0,1,9501.0,1,11874.0,1,8385.0,9113.0625,9128.559,-791.0
1066,2014-02-15,10972.0,1123.0,1.0,0.0,0,0.0,6.0,0.73783326,0.674983,0.8660254,0.5,1,0,0,1,10557.0,1,8820.0,1,10446.0,1,10610.0,1,14834.0,1,9476.0,1,11422.0,1,0.0,9690.638,9445.989,1737.0
1066,2014-02-16,0.0,0.0,0.0,0.0,0,0.0,7.0,0.73783326,0.674983,0.8660254,0.5,1,0,0,1,10972.0,1,10557.0,1,9611.0,1,11111.0,1,12114.0,1,12241.0,1,9419.0,1,0.0,10203.183,9785.104,415.0
1066,2014-02-17,14127.0,1370.0,1.0,1.0,0,0.0,1.0,0.8124869,0.5829795,0.8660254,0.5,1,0,0,1,0.0,1,10972.0,1,8820.0,1,0.0,1,10758.0,1,10557.0,1,10936.0,1,11656.0,6121.9097,7610.6357,-10972.0
1066,2014-02-18,13032.0,1279.0,1.0,1.0,0,0.0,2.0,0.8124869,0.5829795,0.8660254,0.5,1,0,0,1,14127.0,1,0.0,1,10557.0,1,10814.0,1,10413.0,1,0.0,1,10192.0,1,10759.0,9323.945,9058.717,14127.0
1066,2014-02-19,11046.0,1057.0,1.0,1.0,0,0.0,3.0,0.8124869,0.5829795,0.8660254,0.5,1,0,0,1,13032.0,1,14127.0,1,10972.0,1,10446.0,1,10610.0,1,14834.0,1,0.0,1,0.0,10807.167,9941.669,-1095.0
1066,2014-02-20,9838.0,1039.0,1.0,1.0,0,0.0,4.0,0.8124869,0.5829795,0.8660254,0.5,1,0,0,1,11046.0,1,13032.0,1,0.0,1,9611.0,1,11111.0,1,12114.0,1,9765.0,1,14022.0,10902.7,10187.075,-1986.0
1066,2014-02-21,11829.0,1206.0,1.0,1.0,0,0.0,5.0,0.8124869,0.5829795,0.8660254,0.5,1,0,0,1,9838.0,1,11046.0,1,14127.0,1,8820.0,1,0.0,1,10758.0,1,9217.0,1,7302.0,10476.82,10109.503,-1208.0
1066,2014-02-22,10970.0,1131.0,1.0,0.0,0,0.0,6.0,0.8124869,0.5829795,0.8660254,0.5,1,0,0,1,11829.0,1,9838.0,1,13032.0,1,10557.0,1,10814.0,1,10413.0,1,9501.0,1,0.0,11017.692,10491.613,1991.0
1066,2014-02-23,0.0,0.0,0.0,0.0,0,0.0,7.0,0.8124869,0.5829795,0.8660254,0.5,1,0,0,1,10970.0,1,11829.0,1,11046.0,1,10972.0,1,10446.0,1,10610.0,1,9476.0,1,10516.0,10998.615,10597.922,-859.0
1066,2014-02-24,10595.0,1203.0,1.0,0.0,0,0.0,1.0,0.8757349,0.4827922,0.8660254,0.5,1,0,0,1,0.0,1,10970.0,1,9838.0,1,0.0,1,9611.0,1,11111.0,1,12241.0,1,10248.0,6599.169,8242.828,-10970.0
1066,2014-02-25,10008.0,1134.0,1.0,0.0,0,0.0,2.0,0.8757349,0.4827922,0.8660254,0.5,1,0,0,1,10595.0,1,0.0,1,11829.0,1,14127.0,1,8820.0,1,0.0,1,10557.0,1,10764.0,8197.502,8765.533,10595.0
1066,2014-02-26,11315.0,1197.0,1.0,0.0,0,0.0,3.0,0.8757349,0.4827922,0.8660254,0.5,1,0,0,1,10008.0,1,10595.0,1,10970.0,1,13032.0,1,10557.0,1,10814.0,1,0.0,1,0.0,8921.701,9041.637,-587.0
1066,2014-02-27,7973.0,914.0,1.0,0.0,0,0.0,4.0,0.8757349,0.4827922,0.8660254,0.5,1,0,0,1,11315.0,1,10008.0,1,0.0,1,11046.0,1,10972.0,1,10446.0,1,14834.0,1,15625.0,9879.0205,9546.828,1307.0
1066,2014-02-28,12054.0,1234.0,1.0,0.0,0,0.0,5.0,0.8757349,0.4827922,0.8660254,0.5,1,0,1,1,7973.0,1,11315.0,1,10595.0,1,9838.0,1,0.0,1,9611.0,1,12114.0,1,13444.0,9116.612,9197.089,-3342.0
1066,2014-03-01,11672.0,1210.0,1.0,0.0,0,0.0,6.0,0.8757349,0.4827922,1.0,6.123234e-17,1,1,0,1,12054.0,1,7973.0,1,10008.0,1,11829.0,1,14127.0,1,8820.0,1,10758.0,1,11730.0,10291.567,9831.958,4081.0
1066,2014-03-02,0.0,0.0,0.0,0.0,0,0.0,7.0,0.8757349,0.4827922,1.0,6.123234e-17,1,0,0,1,11672.0,1,12054.0,1,11315.0,1,10970.0,1,13032.0,1,10557.0,1,10413.0,1,10015.0,10843.74,10240.856,-382.0
1066,2014-03-03,5740.0,538.0,1.0,1.0,0,0.0,1.0,0.9266896,0.37582758,1.0,6.123234e-17,1,0,0,1,0.0,1,11672.0,1,7973.0,1,0.0,1,11046.0,1,10972.0,1,10610.0,1,11255.0,6506.244,7965.1104,-11672.0
1066,2014-03-04,17202.0,1596.0,1.0,1.0,0,0.0,2.0,0.9266896,0.37582758,1.0,6.123234e-17,1,0,0,1,5740.0,1,0.0,1,12054.0,1,10595.0,1,9838.0,1,0.0,1,11111.0,1,10448.0,6199.7466,7470.6416,5740.0
1066,2014-03-05,14855.0,1365.0,1.0,1.0,0,0.0,3.0,0.9266896,0.37582758,1.0,6.123234e-17,1,0,0,1,17202.0,1,5740.0,1,11672.0,1,10008.0,1,11829.0,1,14127.0,1,0.0,1,0.0,10600.647,9633.166,11462.0
1066,2014-03-06,12268.0,1284.0,1.0,1.0,0,0.0,4.0,0.9266896,0.37582758,1.0,6.123234e-17,1,0,0,1,14855.0,1,17202.0,1,0.0,1,11315.0,1,10970.0,1,13032.0,1,10814.0,1,9568.0,12302.389,10793.573,-2347.0
1066,2014-03-07,13705.0,1330.0,1.0,1.0,0,0.0,5.0,0.9266896,0.37582758,1.0,6.123234e-17,1,0,0,1,12268.0,1,14855.0,1,5740.0,1,7973.0,1,0.0,1,11046.0,1,10446.0,1,8711.0,12288.633,11121.224,-2587.0
1066,2014-03-08,11185.0,1179.0,1.0,0.0,0,0.0,6.0,0.9266896,0.37582758,1.0,6.123234e-17,1,0,0,1,13705.0,1,12268.0,1,17202.0,1,12054.0,1,10595.0,1,9838.0,1,9611.0,1,8442.0,12855.18,11695.396,1437.0
1066,2014-03-09,0.0,0.0,0.0,0.0,0,0.0,7.0,0.9266896,0.37582758,1.0,6.123234e-17,1,0,0,1,11185.0,1,13705.0,1,14855.0,1,11672.0,1,10008.0,1,11829.0,1,8820.0,1,8518.0,12187.108,11581.975,-2520.0
1066,2014-03-10,10835.0,1184.0,1.0,0.0,0,0.0,1.0,0.9646356,0.26358718,1.0,6.123234e-17,1,0,0,1,0.0,1,11185.0,1,12268.0,1,0.0,1,11315.0,1,10970.0,1,10557.0,1,9636.0,7312.2646,9008.202,-11185.0
1066,2014-03-11,9993.0,1152.0,1.0,0.0,0,0.0,2.0,0.9646356,0.26358718,1.0,6.123234e-17,1,0,0,1,10835.0,1,0.0,1,13705.0,1,5740.0,1,7973.0,1,0.0,1,10972.0,1,10732.0,8721.358,9414.157,10835.0
1066,2014-03-12,9504.0,1070.0,1.0,0.0,0,0.0,3.0,0.9646356,0.26358718,1.0,6.123234e-17,1,0,0,1,9993.0,1,10835.0,1,11185.0,1,17202.0,1,12054.0,1,10595.0,1,0.0,1,0.0,9230.016,9542.789,-842.0
1066,2014-03-13,8800.0,1017.0,1.0,0.0,0,0.0,4.0,0.9646356,0.26358718,1.0,6.123234e-17,1,0,0,1,9504.0,1,9993.0,1,0.0,1,14855.0,1,11672.0,1,10008.0,1,14127.0,1,14213.0,9339.609,9534.169,-489.0
1066,2014-03-14,10735.0,1147.0,1.0,0.0,0,0.0,5.0,0.9646356,0.26358718,1.0,6.123234e-17,1,0,0,1,8800.0,1,9504.0,1,10835.0,1,12268.0,1,0.0,1,11315.0,1,13032.0,1,11874.0,9123.766,9371.0205,-704.0
1066,2014-03-15,10610.0,1098.0,1.0,0.0,0,0.0,6.0,0.9646356,0.26358718,1.0,6.123234e-17,1,0,0,1,10735.0,1,8800.0,1,9993.0,1,13705.0,1,5740.0,1,7973.0,1,11046.0,1,11422.0,9768.26,9674.127,1935.0
1066,2014-03-16,0.0,0.0,0.0,0.0,0,0.0,7.0,0.9646356,0.26358718,1.0,6.123234e-17,1,0,0,1,10610.0,1,10735.0,1,9504.0,1,11185.0,1,17202.0,1,12054.0,1,9838.0,1,9419.0,10104.956,9882.099,-125.0
1066,2014-03-17,13877.0,1397.0,1.0,1.0,0,0.0,1.0,0.9890402,0.14764656,1.0,6.123234e-17,1,0,0,1,0.0,1,10610.0,1,8800.0,1,0.0,1,14855.0,1,11672.0,1,11829.0,1,10936.0,6062.973,7686.077,-10610.0
1066,2014-03-18,11711.0,1177.0,1.0,1.0,0,0.0,2.0,0.9890402,0.14764656,1.0,6.123234e-17,1,0,0,1,13877.0,1,0.0,1,10735.0,1,10835.0,1,12268.0,1,0.0,1,10970.0,1,10192.0,9188.584,9061.838,13877.0
1066,2014-03-19,10973.0,1146.0,1.0,1.0,0,0.0,3.0,0.9890402,0.14764656,1.0,6.123234e-17,1,0,0,1,11711.0,1,13877.0,1,10610.0,1,9993.0,1,13705.0,1,5740.0,1,0.0,1,0.0,10197.551,9650.54,-2166.0
1066,2014-03-20,9902.0,1114.0,1.0,1.0,0,0.0,4.0,0.9890402,0.14764656,1.0,6.123234e-17,1,0,0,1,10973.0,1,11711.0,1,0.0,1,9504.0,1,11185.0,1,17202.0,1,10595.0,1,9765.0,10507.73,9944.42,-738.0
1066,2014-03-21,11294.0,1189.0,1.0,1.0,0,0.0,5.0,0.9890402,0.14764656,1.0,6.123234e-17,1,0,0,1,9902.0,1,10973.0,1,13877.0,1,8800.0,1,0.0,1,14855.0,1,10008.0,1,9217.0,10265.438,9934.993,-1071.0
1066,2014-03-22,10267.0,1068.0,1.0,0.0,0,0.0,6.0,0.9890402,0.14764656,1.0,6.123234e-17,1,0,0,1,11294.0,1,9902.0,1,11711.0,1,10735.0,1,10835.0,1,12268.0,1,11315.0,1,9501.0,10676.863,10236.995,1392.0
1066,2014-03-23,0.0,0.0,0.0,0.0,0,0.0,7.0,0.9890402,0.14764656,1.0,6.123234e-17,1,0,0,1,10267.0,1,11294.0,1,10973.0,1,10610.0,1,9993.0,1,13705.0,1,7973.0,1,9476.0,10512.918,10243.663,-1027.0
1066,2014-03-24,11040.0,1219.0,1.0,0.0,0,0.0,1.0,0.99956083,0.029633328,1.0,6.123234e-17,1,0,0,1,0.0,1,10267.0,1,9902.0,1,0.0,1,9504.0,1,11185.0,1,12054.0,1,12241.0,6307.7505,7967.2935,-10267.0
1066,2014-03-25,9742.0,1106.0,1.0,0.0,0,0.0,2.0,0.99956083,0.029633328,1.0,6.123234e-17,1,0,0,1,11040.0,1,0.0,1,11294.0,1,13877.0,1,8800.0,1,0.0,1,11672.0,1,10557.0,8200.65,8650.117,11040.0
1066,2014-03-26,9470.0,1034.0,1.0,0.0,0,0.0,3.0,0.99956083,0.029633328,1.0,6.123234e-17,1,0,0,1,9742.0,1,11040.0,1,10267.0,1,11711.0,1,10735.0,1,10835.0,1,0.0,1,0.0,8817.19,8892.758,-1298.0
1066,2014-03-27,9694.0,1067.0,1.0,0.0,0,0.0,4.0,0.99956083,0.029633328,1.0,6.123234e-17,1,0,0,1,9470.0,1,9742.0,1,0.0,1,10973.0,1,10610.0,1,9993.0,1,5740.0,1,14834.0,9078.314,9021.034,-272.0
1066,2014-03-28,10245.0,1111.0,1.0,0.0,0,0.0,5.0,0.99956083,0.029633328,1.0,6.123234e-17,1,0,0,1,9694.0,1,9470.0,1,11040.0,1,9902.0,1,0.0,1,9504.0,1,17202.0,1,12114.0,9324.589,9170.582,224.0
1066,2014-03-29,10644.0,1077.0,1.0,0.0,0,0.0,6.0,0.99956083,0.029633328,1.0,6.123234e-17,1,0,0,1,10245.0,1,9694.0,1,9742.0,1,11294.0,1,13877.0,1,8800.0,1,14855.0,1,10758.0,9692.753,9409.342,551.0
1066,2014-03-30,0.0,0.0,0.0,0.0,0,0.0,7.0,0.99956083,0.029633328,1.0,6.123234e-17,1,0,0,1,10644.0,1,10245.0,1,9470.0,1,10267.0,1,11711.0,1,10735.0,1,12268.0,1,10413.0,10073.252,9683.71,399.0
1066,2014-03-31,15062.0,1429.0,1.0,1.0,0,0.0,1.0,0.9960498,-0.08879589,1.0,6.123234e-17,1,0,1,1,0.0,1,10644.0,1,9694.0,1,0.0,1,10973.0,1,10610.0,1,13705.0,1,10610.0,6043.951,7531.7744,-10644.0
1066,2014-04-01,13207.0,1308.0,1.0,1.0,0,0.0,2.0,0.9960498,-0.08879589,0.8660254,-0.5,2,1,0,1,15062.0,1,0.0,1,10245.0,1,11040.0,1,9902.0,1,0.0,1,11185.0,1,11111.0,9651.171,9205.158,15062.0
1066,2014-04-02,12245.0,1198.0,1.0,1.0,0,0.0,3.0,0.9960498,-0.08879589,0.8660254,-0.5,2,0,0,1,13207.0,1,15062.0,1,10644.0,1,9742.0,1,11294.0,1,13877.0,1,0.0,1,0.0,11073.502,10094.456,-1855.0
1066,2014-04-03,12128.0,1205.0,1.0,1.0,0,0.0,4.0,0.9960498,-0.08879589,0.8660254,-0.5,2,0,0,1,12245.0,1,13207.0,1,0.0,1,9470.0,1,10267.0,1,11711.0,1,10835.0,1,10814.0,11542.102,10572.3545,-962.0
1066,2014-04-04,12183.0,1272.0,1.0,1.0,0,0.0,5.0,0.9960498,-0.08879589,0.8660254,-0.5,2,0,0,1,12128.0,1,12245.0,1,15062.0,1,9694.0,1,0.0,1,10973.0,1,9993.0,1,10446.0,11776.461,10918.054,-117.0
1066,2014-04-05,11181.0,1103.0,1.0,0.0,0,0.0,6.0,0.9960498,-0.08879589,0.8660254,-0.5,2,0,0,1,12183.0,1,12128.0,1,13207.0,1,10245.0,1,11040.0,1,9902.0,1,9504.0,1,9611.0,11939.076,11199.153,55.0
1066,2014-04-06,0.0,0.0,0.0,0.0,0,0.0,7.0,0.9960498,-0.08879589,0.8660254,-0.5,2,0,0,1,11181.0,1,12183.0,1,12245.0,1,10644.0,1,9742.0,1,11294.0,1,8800.0,1,8820.0,11635.846,11195.119,-1002.0
1066,2014-04-07,11272.0,1247.0,1.0,0.0,0,0.0,1.0,0.9785565,-0.20597862,0.8660254,-0.5,2,0,0,1,0.0,1,11181.0,1,12128.0,1,0.0,1,9470.0,1,10267.0,1,10735.0,1,10557.0,6981.5073,8707.314,-11181.0
1066,2014-04-08,9581.0,1062.0,1.0,0.0,0,0.0,2.0,0.9785565,-0.20597862,0.8660254,-0.5,2,0,0,1,11272.0,1,0.0,1,12183.0,1,15062.0,1,9694.0,1,0.0,1,10610.0,1,10972.0,8697.704,9277.245,11272.0
1066,2014-04-09,9707.0,1071.0,1.0,0.0,0,0.0,3.0,0.9785565,-0.20597862,0.8660254,-0.5,2,0,0,1,9581.0,1,11272.0,1,11181.0,1,13207.0,1,10245.0,1,11040.0,1,0.0,1,0.0,9051.022,9344.746,-1691.0
1066,2014-04-10,8981.0,1066.0,1.0,0.0,0,0.0,4.0,0.9785565,-0.20597862,0.8660254,-0.5,2,0,0,1,9707.0,1,9581.0,1,0.0,1,12245.0,1,10644.0,1,9742.0,1,13877.0,1,14127.0,9313.414,9425.247,126.0
1066,2014-04-11,11421.0,1176.0,1.0,0.0,0,0.0,5.0,0.9785565,-0.20597862,0.8660254,-0.5,2,0,0,1,8981.0,1,9707.0,1,11272.0,1,12128.0,1,0.0,1,9470.0,1,11711.0,1,13032.0,9180.448,9326.525,-726.0
1066,2014-04-12,11361.0,1146.0,1.0,0.0,0,0.0,6.0,0.9785565,-0.20597862,0.8660254,-0.5,2,0,0,1,11421.0,1,8981.0,1,9581.0,1,12183.0,1,15062.0,1,9694.0,1,10973.0,1,11046.0,10076.669,9791.964,2440.0
1066,2014-04-13,0.0,0.0,0.0,0.0,0,0.0,7.0,0.9785565,-0.20597862,0.8660254,-0.5,2,0,0,1,11361.0,1,11421.0,1,9707.0,1,11181.0,1,13207.0,1,10245.0,1,9902.0,1,9838.0,10590.401,10140.639,-60.0
1066,2014-04-14,15674.0,1426.0,1.0,1.0,0,1.0,1.0,0.94732636,-0.32026985,0.8660254,-0.5,2,0,0,1,0.0,1,11361.0,1,8981.0,1,0.0,1,12245.0,1,10644.0,1,11294.0,1,11829.0,6354.2407,7887.1636,-11361.0
1066,2014-04-15,14038.0,1332.0,1.0,1.0,0,1.0,2.0,0.94732636,-0.32026985,0.8660254,-0.5,2,0,0,1,15674.0,1,0.0,1,11421.0,1,11272.0,1,12128.0,1,0.0,1,10267.0,1,10970.0,10082.145,9617.571,15674.0
1066,2014-04-16,12831.0,1261.0,1.0,1.0,0,1.0,3.0,0.94732636,-0.32026985,0.8660254,-0.5,2,0,0,1,14038.0,1,15674.0,1,11361.0,1,9581.0,1,12183.0,1,15062.0,1,0.0,1,0.0,11664.486,10599.889,-1636.0
1066,2014-04-17,14537.0,1522.0,1.0,1.0,0,1.0,4.0,0.94732636,-0.32026985,0.8660254,-0.5,2,0,0,1,12831.0,1,14038.0,1,0.0,1,9707.0,1,11181.0,1,13207.0,1,11040.0,1,10595.0,12131.092,11095.691,-1207.0
1066,2014-04-18,0.0,0.0,0.0,1.0,2,1.0,5.0,0.94732636,-0.32026985,0.8660254,-0.5,2,0,0,1,14537.0,1,12831.0,1,15674.0,1,8981.0,1,0.0,1,12245.0,1,9742.0,1,10008.0,13093.455,11860.427,1706.0
1066,2014-04-19,12888.0,1341.0,1.0,0.0,0,0.0,6.0,0.94732636,-0.32026985,0.8660254,-0.5,2,0,0,1,0.0,1,14537.0,1,14038.0,1,11421.0,1,11272.0,1,12128.0,1,9470.0,1,11315.0,7856.073,9224.776,-14537.0
1066,2014-04-20,0.0,0.0,0.0,0.0,0,0.0,7.0,0.94732636,-0.32026985,0.8660254,-0.5,2,0,0,1,12888.0,1,0.0,1,12831.0,1,11361.0,1,9581.0,1,12183.0,1,9694.0,1,7973.0,9868.844,10038.826,12888.0
1066,2014-04-21,0.0,0.0,0.0,0.0,2,1.0,1.0,0.9027978,-0.4300652,0.8660254,-0.5,2,0,0,1,0.0,1,12888.0,1,14537.0,1,0.0,1,9707.0,1,11181.0,1,10245.0,1,12054.0,5921.306,7807.9756,-12888.0
1066,2014-04-22,11884.0,1233.0,1.0,0.0,0,1.0,2.0,0.9027978,-0.4300652,0.8660254,-0.5,2,0,0,1,0.0,1,0.0,1,0.0,1,15674.0,1,8981.0,1,0.0,1,10644.0,1,11672.0,3552.7837,6072.87,0.0
1066,2014-04-23,8841.0,1020.0,1.0,0.0,0,1.0,3.0,0.9027978,-0.4300652,0.8660254,-0.5,2,0,0,1,11884.0,1,0.0,1,12888.0,1,14038.0,1,11421.0,1,11272.0,1,0.0,1,0.0,6885.2705,7364.2324,11884.0
1066,2014-04-24,9280.0,1005.0,1.0,0.0,0,1.0,4.0,0.9027978,-0.4300652,0.8660254,-0.5,2,0,0,1,8841.0,1,11884.0,1,0.0,1,12831.0,1,11361.0,1,9581.0,1,15062.0,1,5740.0,7667.562,7692.403,-3043.0
1066,2014-04-25,9811.0,1066.0,1.0,0.0,0,1.0,5.0,0.9027978,-0.4300652,0.8660254,-0.5,2,0,0,1,9280.0,1,8841.0,1,0.0,1,14537.0,1,0.0,1,9707.0,1,13207.0,1,17202.0,8312.537,8045.202,439.0
1066,2014-04-26,11023.0,1118.0,1.0,0.0,0,0.0,6.0,0.9027978,-0.4300652,0.8660254,-0.5,2,0,0,1,9811.0,1,9280.0,1,11884.0,1,0.0,1,15674.0,1,8981.0,1,12245.0,1,14855.0,8911.923,8437.602,531.0
1066,2014-04-27,0.0,0.0,0.0,0.0,0,0.0,7.0,0.9027978,-0.4300652,0.8660254,-0.5,2,0,0,1,11023.0,1,9811.0,1,8841.0,1,12888.0,1,14038.0,1,11421.0,1,12128.0,1,12268.0,9756.354,9012.135,1212.0
1066,2014-04-28,14782.0,1410.0,1.0,1.0,0,0.0,1.0,0.845596,-0.5338234,0.8660254,-0.5,2,0,0,1,0.0,1,11023.0,1,9280.0,1,0.0,1,12831.0,1,11361.0,1,12183.0,1,13705.0,5853.812,7009.438,-11023.0
1066,2014-04-29,13302.0,1236.0,1.0,1.0,0,0.0,2.0,0.845596,-0.5338234,0.8660254,-0.5,2,0,0,1,14782.0,1,0.0,1,9811.0,1,0.0,1,14537.0,1,0.0,1,11181.0,1,11185.0,9425.087,8736.674,14782.0
1066,2014-04-30,14713.0,1463.0,1.0,1.0,0,0.0,3.0,0.845596,-0.5338234,0.8660254,-0.5,2,0,1,1,13302.0,1,14782.0,1,11023.0,1,11884.0,1,0.0,1,15674.0,1,0.0,1,0.0,10975.853,9751.191,-1480.0
1066,2014-05-01,0.0,0.0,0.0,1.0,1,0.0,4.0,0.845596,-0.5338234,0.5,-0.8660254,2,1,0,1,14713.0,1,13302.0,1,0.0,1,8841.0,1,12888.0,1,14038.0,1,11272.0,1,10835.0,12470.711,10853.815,1411.0
1066,2014-05-02,15441.0,1482.0,1.0,1.0,0,0.0,5.0,0.845596,-0.5338234,0.5,-0.8660254,2,0,0,1,0.0,1,14713.0,1,14782.0,1,9280.0,1,0.0,1,12831.0,1,9581.0,1,9993.0,7482.427,8441.856,-14713.0
1066,2014-05-03,11214.0,1171.0,1.0,0.0,0,0.0,6.0,0.845596,-0.5338234,0.5,-0.8660254,2,0,0,1,15441.0,1,0.0,1,13302.0,1,9811.0,1,0.0,1,14537.0,1,9707.0,1,9504.0,10665.856,9997.222,15441.0
1066,2014-05-04,0.0,0.0,0.0,0.0,0,0.0,7.0,0.845596,-0.5338234,0.5,-0.8660254,2,0,0,1,11214.0,1,15441.0,1,14713.0,1,11023.0,1,11884.0,1,0.0,1,8981.0,1,8800.0,10885.113,10267.617,-4227.0
1066,2014-05-05,14949.0,1428.0,1.0,1.0,0,0.0,1.0,0.7765239,-0.63008785,0.5,-0.8660254,2,0,0,1,0.0,1,11214.0,1,0.0,1,0.0,1,8841.0,1,12888.0,1,11421.0,1,10735.0,6531.0684,7985.9243,-11214.0
1066,2014-05-06,12898.0,1257.0,1.0,1.0,0,0.0,2.0,0.7765239,-0.63008785,0.5,-0.8660254,2,0,0,1,14949.0,1,0.0,1,15441.0,1,14782.0,1,9280.0,1,0.0,1,11361.0,1,10610.0,9898.241,9533.274,14949.0
1066,2014-05-07,11812.0,1161.0,1.0,1.0,0,0.0,3.0,0.7765239,-0.63008785,0.5,-0.8660254,2,0,0,1,12898.0,1,14949.0,1,11214.0,1,13302.0,1,9811.0,1,0.0,1,0.0,1,0.0,11098.145,10280.991,-2051.0
1066,2014-05-08,10784.0,1150.0,1.0,1.0,0,0.0,4.0,0.7765239,-0.63008785,0.5,-0.8660254,2,0,0,1,11812.0,1,12898.0,1,0.0,1,14713.0,1,11023.0,1,11884.0,1,15674.0,1,13877.0,11383.687,10621.216,-1086.0
1066,2014-05-09,12373.0,1269.0,1.0,1.0,0,0.0,5.0,0.7765239,-0.63008785,0.5,-0.8660254,2,0,0,1,10784.0,1,11812.0,1,14949.0,1,0.0,1,0.0,1,8841.0,1,14038.0,1,11711.0,11143.8125,10657.39,-1028.0
1066,2014-05-10,10998.0,1089.0,1.0,0.0,0,0.0,6.0,0.7765239,-0.63008785,0.5,-0.8660254,2,0,0,1,12373.0,1,10784.0,1,12898.0,1,15441.0,1,14782.0,1,9280.0,1,12831.0,1,10973.0,11635.487,11038.637,1589.0
1066,2014-05-11,0.0,0.0,0.0,0.0,0,0.0,7.0,0.7765239,-0.63008785,0.5,-0.8660254,2,0,0,1,10998.0,1,12373.0,1,11812.0,1,11214.0,1,13302.0,1,9811.0,1,14537.0,1,9902.0,11380.492,11029.606,-1375.0
1066,2014-05-12,9836.0,1063.0,1.0,0.0,0,0.0,1.0,0.696551,-0.71750724,0.5,-0.8660254,2,0,0,1,0.0,1,10998.0,1,10784.0,1,0.0,1,14713.0,1,11023.0,1,0.0,1,11294.0,6828.2954,8578.583,-10998.0
1066,2014-05-13,9685.0,1055.0,1.0,0.0,0,0.0,2.0,0.696551,-0.71750724,0.5,-0.8660254,2,0,0,1,9836.0,1,0.0,1,12373.0,1,14949.0,1,0.0,1,0.0,1,12888.0,1,10267.0,8031.3774,8858.009,9836.0
1066,2014-05-14,9532.0,1039.0,1.0,0.0,0,0.0,3.0,0.696551,-0.71750724,0.5,-0.8660254,2,0,0,1,9685.0,1,9836.0,1,10998.0,1,12898.0,1,15441.0,1,14782.0,1,0.0,1,0.0,8692.826,9041.784,-151.0
1066,2014-05-15,9813.0,1076.0,1.0,0.0,0,0.0,4.0,0.696551,-0.71750724,0.5,-0.8660254,2,0,0,1,9532.0,1,9685.0,1,0.0,1,11812.0,1,11214.0,1,13302.0,1,0.0,1,11040.0,9028.496,9150.722,-153.0
1066,2014-05-16,10097.0,1111.0,1.0,0.0,0,0.0,5.0,0.696551,-0.71750724,0.5,-0.8660254,2,0,0,1,9813.0,1,9532.0,1,9836.0,1,10784.0,1,0.0,1,14713.0,1,11884.0,1,9742.0,9342.298,9297.895,281.0
1066,2014-05-17,10590.0,1086.0,1.0,0.0,0,0.0,6.0,0.696551,-0.71750724,0.5,-0.8660254,2,0,0,1,10097.0,1,9813.0,1,9685.0,1,12373.0,1,14949.0,1,0.0,1,8841.0,1,9470.0,9644.179,9475.474,284.0
1066,2014-05-18,0.0,0.0,0.0,0.0,0,0.0,7.0,0.696551,-0.71750724,0.5,-0.8660254,2,0,0,1,10590.0,1,10097.0,1,9532.0,1,10998.0,1,12898.0,1,15441.0,1,9280.0,1,9694.0,10022.507,9723.1455,493.0
1066,2014-05-19,14289.0,1334.0,1.0,1.0,0,0.0,1.0,0.60680014,-0.79485446,0.5,-0.8660254,2,0,0,1,0.0,1,10590.0,1,9813.0,1,0.0,1,11812.0,1,11214.0,1,9811.0,1,10245.0,6013.5044,7562.447,-10590.0
1066,2014-05-20,12373.0,1273.0,1.0,1.0,0,0.0,2.0,0.60680014,-0.79485446,0.5,-0.8660254,2,0,0,1,14289.0,1,0.0,1,10097.0,1,9836.0,1,10784.0,1,0.0,1,11023.0,1,10644.0,9323.702,9057.236,14289.0
1066,2014-05-21,10749.0,1126.0,1.0,1.0,0,0.0,3.0,0.60680014,-0.79485446,0.5,-0.8660254,2,0,0,1,12373.0,1,14289.0,1,10590.0,1,9685.0,1,12373.0,1,14949.0,1,0.0,1,0.0,10543.422,9794.073,-1916.0
1066,2014-05-22,10552.0,1065.0,1.0,1.0,0,0.0,4.0,0.60680014,-0.79485446,0.5,-0.8660254,2,0,0,1,10749.0,1,12373.0,1,0.0,1,9532.0,1,10998.0,1,12898.0,1,14782.0,1,15062.0,10625.653,10006.279,-1624.0
1066,2014-05-23,10908.0,1105.0,1.0,1.0,0,0.0,5.0,0.60680014,-0.79485446,0.5,-0.8660254,2,0,0,1,10552.0,1,10749.0,1,14289.0,1,9813.0,1,0.0,1,11812.0,1,13302.0,1,13207.0,10596.191,10127.55,-197.0
1066,2014-05-24,10697.0,1069.0,1.0,0.0,0,0.0,6.0,0.60680014,-0.79485446,0.5,-0.8660254,2,0,0,1,10908.0,1,10552.0,1,12373.0,1,10097.0,1,9836.0,1,10784.0,1,14713.0,1,12245.0,10720.915,10300.983,356.0
1066,2014-05-25,0.0,0.0,0.0,0.0,0,0.0,7.0,0.60680014,-0.79485446,0.5,-0.8660254,2,0,0,1,10697.0,1,10908.0,1,10749.0,1,10590.0,1,9685.0,1,12373.0,1,0.0,1,12128.0,10711.349,10388.987,-211.0
1066,2014-05-26,10063.0,1111.0,1.0,0.0,0,0.0,1.0,0.5085311,-0.86104363,0.5,-0.8660254,2,0,0,1,0.0,1,10697.0,1,10552.0,1,0.0,1,9532.0,1,10998.0,1,15441.0,1,12183.0,6426.8096,8080.323,-10697.0
1066,2014-05-27,7962.0,837.0,1.0,0.0,0,0.0,2.0,0.5085311,-0.86104363,0.5,-0.8660254,2,0,0,1,10063.0,1,0.0,1,10908.0,1,14289.0,1,9813.0,1,0.0,1,11214.0,1,11181.0,7881.2856,8520.918,10063.0
1066,2014-05-28,12694.0,1318.0,1.0,0.0,0,0.0,3.0,0.5085311,-0.86104363,0.5,-0.8660254,2,0,0,1,7962.0,1,10063.0,1,10697.0,1,12373.0,1,10097.0,1,9836.0,1,0.0,1,0.0,7913.5713,8396.714,-2101.0
1066,2014-05-29,0.0,0.0,0.0,0.0,1,0.0,4.0,0.5085311,-0.86104363,0.5,-0.8660254,2,0,0,1,12694.0,1,7962.0,1,0.0,1,10749.0,1,10590.0,1,9685.0,1,14949.0,1,11272.0,9825.743,9351.667,4732.0
1066,2014-05-30,14836.0,1483.0,1.0,0.0,0,0.0,5.0,0.5085311,-0.86104363,0.5,-0.8660254,2,0,0,1,0.0,1,12694.0,1,10063.0,1,10552.0,1,0.0,1,9532.0,1,12898.0,1,9581.0,5895.446,7273.5186,-12694.0
1066,2014-05-31,11444.0,1142.0,1.0,0.0,0,0.0,6.0,0.5085311,-0.86104363,0.5,-0.8660254,2,0,1,1,14836.0,1,0.0,1,7962.0,1,10908.0,1,14289.0,1,9813.0,1,11812.0,1,9707.0,9471.667,8954.07,14836.0
1066,2014-06-01,0.0,0.0,0.0,0.0,0,0.0,7.0,0.5085311,-0.86104363,1.2246469e-16,-1.0,2,1,0,1,11444.0,1,14836.0,1,12694.0,1,10697.0,1,12373.0,1,10097.0,1,10784.0,1,8981.0,10260.601,9507.388,-3392.0
1066,2014-06-02,15601.0,1429.0,1.0,1.0,0,0.0,1.0,0.40312344,-0.91514564,1.2246469e-16,-1.0,2,0,0,1,0.0,1,11444.0,1,0.0,1,0.0,1,10749.0,1,10590.0,1,12373.0,1,11421.0,6156.3604,7394.635,-11444.0
1066,2014-06-03,12907.0,1247.0,1.0,1.0,0,0.0,2.0,0.40312344,-0.91514564,1.2246469e-16,-1.0,2,0,0,1,15601.0,1,0.0,1,14836.0,1,10063.0,1,10552.0,1,0.0,1,10998.0,1,11361.0,9934.216,9218.271,15601.0
1066,2014-06-04,12286.0,1202.0,1.0,1.0,0,0.0,3.0,0.40312344,-0.91514564,1.2246469e-16,-1.0,2,0,0,1,12907.0,1,15601.0,1,11444.0,1,7962.0,1,10908.0,1,14289.0,1,0.0,1,0.0,11123.33,10037.989,-2694.0
1066,2014-06-05,11657.0,1161.0,1.0,1.0,0,0.0,4.0,0.40312344,-0.91514564,1.2246469e-16,-1.0,2,0,0,1,12286.0,1,12907.0,1,0.0,1,12694.0,1,10697.0,1,12373.0,1,9836.0,1,15674.0,11588.397,10537.547,-621.0
1066,2014-06-06,12749.0,1284.0,1.0,1.0,0,0.0,5.0,0.40312344,-0.91514564,1.2246469e-16,-1.0,2,0,0,1,11657.0,1,12286.0,1,15601.0,1,0.0,1,0.0,1,10749.0,1,9685.0,1,14038.0,11615.839,10786.314,-629.0
1066,2014-06-07,10887.0,1113.0,1.0,0.0,0,0.0,6.0,0.40312344,-0.91514564,1.2246469e-16,-1.0,2,0,0,1,12749.0,1,11657.0,1,12907.0,1,14836.0,1,10063.0,1,10552.0,1,9532.0,1,12831.0,12069.104,11222.467,1092.0
1066,2014-06-08,0.0,0.0,0.0,0.0,0,0.0,7.0,0.40312344,-0.91514564,1.2246469e-16,-1.0,2,0,0,1,10887.0,1,12749.0,1,12286.0,1,11444.0,1,7962.0,1,10908.0,1,9813.0,1,14537.0,11596.262,11147.919,-1862.0
1066,2014-06-09,0.0,0.0,0.0,0.0,1,0.0,1.0,0.29205677,-0.956401,1.2246469e-16,-1.0,2,0,0,1,0.0,1,10887.0,1,11657.0,1,0.0,1,12694.0,1,10697.0,1,10097.0,1,0.0,6957.7573,8670.604,-10887.0
1066,2014-06-10,10707.0,1150.0,1.0,0.0,0,1.0,2.0,0.29205677,-0.956401,1.2246469e-16,-1.0,2,0,0,1,0.0,1,0.0,1,12749.0,1,15601.0,1,0.0,1,0.0,1,10590.0,1,12888.0,4174.6543,6743.8027,0.0
1066,2014-06-11,10116.0,1096.0,1.0,0.0,0,0.0,3.0,0.29205677,-0.956401,1.2246469e-16,-1.0,2,0,0,1,10707.0,1,0.0,1,10887.0,1,12907.0,1,14836.0,1,10063.0,1,0.0,1,0.0,6787.593,7624.513,10707.0
1066,2014-06-12,10662.0,1180.0,1.0,0.0,0,0.0,4.0,0.29205677,-0.956401,1.2246469e-16,-1.0,2,0,0,1,10116.0,1,10707.0,1,0.0,1,12286.0,1,11444.0,1,7962.0,1,14289.0,1,0.0,8118.9556,8178.177,-591.0
1066,2014-06-13,10570.0,1126.0,1.0,0.0,0,0.0,5.0,0.29205677,-0.956401,1.2246469e-16,-1.0,2,0,0,1,10662.0,1,10116.0,1,0.0,1,11657.0,1,0.0,1,12694.0,1,12373.0,1,11884.0,9136.173,8730.138,546.0
1066,2014-06-14,12424.0,1188.0,1.0,0.0,0,0.0,6.0,0.29205677,-0.956401,1.2246469e-16,-1.0,2,0,0,1,10570.0,1,10662.0,1,10707.0,1,12749.0,1,15601.0,1,0.0,1,10749.0,1,8841.0,9709.704,9138.996,-92.0
1066,2014-06-15,0.0,0.0,0.0,0.0,0,0.0,7.0,0.29205677,-0.956401,1.2246469e-16,-1.0,2,0,0,1,12424.0,1,10570.0,1,10116.0,1,10887.0,1,12907.0,1,14836.0,1,10552.0,1,9280.0,10795.423,9868.997,1854.0
1066,2014-06-16,13823.0,1349.0,1.0,1.0,0,0.0,1.0,0.17689027,-0.9842306,1.2246469e-16,-1.0,2,0,0,1,0.0,1,12424.0,1,10662.0,1,0.0,1,12286.0,1,11444.0,1,10908.0,1,9811.0,6477.2534,7675.886,-12424.0
1066,2014-06-17,13982.0,1306.0,1.0,1.0,0,0.0,2.0,0.17689027,-0.9842306,1.2246469e-16,-1.0,2,0,0,1,13823.0,1,0.0,1,10570.0,1,0.0,1,11657.0,1,0.0,1,10697.0,1,11023.0,9415.552,9041.912,13823.0
1066,2014-06-18,12719.0,1316.0,1.0,1.0,0,0.0,3.0,0.17689027,-0.9842306,1.2246469e-16,-1.0,2,0,0,1,13982.0,1,13823.0,1,12424.0,1,10707.0,1,12749.0,1,15601.0,1,0.0,1,0.0,11242.131,10139.709,159.0
1066,2014-06-19,0.0,0.0,0.0,1.0,1,0.0,4.0,0.17689027,-0.9842306,1.2246469e-16,-1.0,2,0,0,1,12719.0,1,13982.0,1,0.0,1,10116.0,1,10887.0,1,12907.0,1,10063.0,1,14782.0,11832.879,10712.885,-1263.0
1066,2014-06-20,14966.0,1416.0,1.0,1.0,0,0.0,5.0,0.17689027,-0.9842306,1.2246469e-16,-1.0,2,0,0,1,0.0,1,12719.0,1,13823.0,1,10662.0,1,0.0,1,12286.0,1,7962.0,1,13302.0,7099.727,8332.244,-12719.0
1066,2014-06-21,10413.0,1065.0,1.0,0.0,0,0.0,6.0,0.17689027,-0.9842306,1.2246469e-16,-1.0,2,0,0,1,14966.0,1,0.0,1,13982.0,1,10570.0,1,0.0,1,11657.0,1,12694.0,1,14713.0,10246.236,9806.412,14966.0
1066,2014-06-22,0.0,0.0,0.0,0.0,0,0.0,7.0,0.17689027,-0.9842306,1.2246469e-16,-1.0,2,0,0,1,10413.0,1,14966.0,1,12719.0,1,12424.0,1,10707.0,1,12749.0,1,0.0,1,0.0,10312.941,9941.209,-4553.0
1066,2014-06-23,11080.0,1220.0,1.0,0.0,0,0.0,1.0,0.059240628,-0.99824375,1.2246469e-16,-1.0,2,0,0,1,0.0,1,10413.0,1,0.0,1,0.0,1,10116.0,1,10887.0,1,14836.0,1,15441.0,6187.765,7732.052,-10413.0
1066,2014-06-24,8978.0,1012.0,1.0,0.0,0,0.0,2.0,0.059240628,-0.99824375,1.2246469e-16,-1.0,2,0,0,1,11080.0,1,0.0,1,14966.0,1,13823.0,1,10662.0,1,0.0,1,11444.0,1,11214.0,8144.659,8476.04,11080.0
1066,2014-06-25,9005.0,989.0,1.0,0.0,0,0.0,3.0,0.059240628,-0.99824375,1.2246469e-16,-1.0,2,0,0,1,8978.0,1,11080.0,1,10413.0,1,13982.0,1,10570.0,1,0.0,1,0.0,1,0.0,8477.995,8587.587,-2102.0
1066,2014-06-26,8780.0,986.0,1.0,0.0,0,0.0,4.0,0.059240628,-0.99824375,1.2246469e-16,-1.0,2,0,0,1,9005.0,1,8978.0,1,0.0,1,12719.0,1,12424.0,1,10707.0,1,15601.0,1,14949.0,8688.797,8680.346,27.0
1066,2014-06-27,10444.0,1108.0,1.0,0.0,0,0.0,5.0,0.059240628,-0.99824375,1.2246469e-16,-1.0,2,0,0,1,8780.0,1,9005.0,1,11080.0,1,0.0,1,0.0,1,10116.0,1,12907.0,1,12898.0,8725.278,8702.491,-225.0
1066,2014-06-28,11786.0,1070.0,1.0,0.0,0,0.0,6.0,0.059240628,-0.99824375,1.2246469e-16,-1.0,2,0,0,1,10444.0,1,8780.0,1,8978.0,1,14966.0,1,13823.0,1,10662.0,1,12286.0,1,11812.0,9412.767,9089.493,1664.0
1066,2014-06-29,0.0,0.0,0.0,0.0,0,0.0,7.0,0.059240628,-0.99824375,1.2246469e-16,-1.0,2,0,0,1,11786.0,1,10444.0,1,9005.0,1,10413.0,1,13982.0,1,10570.0,1,11657.0,1,10784.0,10362.061,9688.717,1342.0
1066,2014-06-30,16922.0,1521.0,1.0,1.0,0,0.0,1.0,-0.059240628,-0.99824375,1.2246469e-16,-1.0,2,0,1,1,0.0,1,11786.0,1,8780.0,1,0.0,1,12719.0,1,12424.0,1,12749.0,1,12373.0,6217.2363,7535.6685,-11786.0
1066,2014-07-01,14377.0,1359.0,1.0,1.0,0,0.0,2.0,-0.059240628,-0.99824375,-0.5,-0.8660254,3,1,0,1,16922.0,1,0.0,1,10444.0,1,11080.0,1,0.0,1,0.0,1,10887.0,1,10998.0,10499.142,9621.52,16922.0
1066,2014-07-02,12768.0,1207.0,1.0,1.0,0,0.0,3.0,-0.059240628,-0.99824375,-0.5,-0.8660254,3,0,0,1,14377.0,1,16922.0,1,11786.0,1,8978.0,1,14966.0,1,13823.0,1,0.0,1,0.0,12050.285,10678.293,-2545.0
1066,2014-07-03,11742.0,1204.0,1.0,1.0,0,0.0,4.0,-0.059240628,-0.99824375,-0.5,-0.8660254,3,0,0,1,12768.0,1,14377.0,1,0.0,1,9005.0,1,10413.0,1,13982.0,1,0.0,1,9836.0,12337.371,11142.673,-1609.0
1066,2014-07-04,11664.0,1166.0,1.0,1.0,0,0.0,5.0,-0.059240628,-0.99824375,-0.5,-0.8660254,3,0,0,1,11742.0,1,12768.0,1,16922.0,1,8780.0,1,0.0,1,12719.0,1,10707.0,1,9685.0,12099.223,11275.856,-1026.0
1066,2014-07-05,11014.0,1044.0,1.0,0.0,0,0.0,6.0,-0.059240628,-0.99824375,-0.5,-0.8660254,3,0,0,1,11664.0,1,11742.0,1,14377.0,1,10444.0,1,11080.0,1,0.0,1,10116.0,1,9532.0,11925.134,11362.11,-78.0
1066,2014-07-06,0.0,0.0,0.0,0.0,0,0.0,7.0,-0.059240628,-0.99824375,-0.5,-0.8660254,3,0,0,1,11014.0,1,11664.0,1,12768.0,1,11786.0,1,8978.0,1,14966.0,1,10662.0,1,9813.0,11560.68,11284.753,-650.0
1066,2014-07-07,11320.0,1206.0,1.0,0.0,0,1.0,1.0,-0.17689027,-0.9842306,-0.5,-0.8660254,3,0,0,1,0.0,1,11014.0,1,11742.0,1,0.0,1,9005.0,1,10413.0,1,10570.0,1,10097.0,6936.408,8777.03,-11014.0
1066,2014-07-08,7752.0,804.0,1.0,0.0,0,1.0,2.0,-0.17689027,-0.9842306,-0.5,-0.8660254,3,0,0,1,11320.0,1,0.0,1,11664.0,1,16922.0,1,8780.0,1,0.0,1,12424.0,1,10590.0,8689.845,9342.135,11320.0
1066,2014-07-09,7345.0,751.0,1.0,0.0,0,1.0,3.0,-0.17689027,-0.9842306,-0.5,-0.8660254,3,0,0,1,7752.0,1,11320.0,1,11014.0,1,14377.0,1,10444.0,1,11080.0,1,0.0,1,0.0,8314.707,8988.771,-3568.0
1066,2014-07-10,11622.0,1146.0,1.0,0.0,0,1.0,4.0,-0.17689027,-0.9842306,-0.5,-0.8660254,3,0,0,1,7345.0,1,7752.0,1,0.0,1,12768.0,1,11786.0,1,8978.0,1,13823.0,1,14289.0,7926.824,8623.488,-407.0
1066,2014-07-11,10880.0,1092.0,1.0,0.0,0,1.0,5.0,-0.17689027,-0.9842306,-0.5,-0.8660254,3,0,0,1,11622.0,1,7345.0,1,11320.0,1,11742.0,1,0.0,1,9005.0,1,13982.0,1,12373.0,9404.895,9289.824,4277.0
1066,2014-07-12,10773.0,1062.0,1.0,0.0,0,0.0,6.0,-0.17689027,-0.9842306,-0.5,-0.8660254,3,0,0,1,10880.0,1,11622.0,1,7752.0,1,11664.0,1,16922.0,1,8780.0,1,12719.0,1,10749.0,9994.937,9643.197,-742.0
1066,2014-07-13,0.0,0.0,0.0,0.0,0,0.0,7.0,-0.17689027,-0.9842306,-0.5,-0.8660254,3,0,0,1,10773.0,1,10880.0,1,7345.0,1,11014.0,1,14377.0,1,10444.0,1,0.0,1,10552.0,10306.162,9894.265,-107.0
1066,2014-07-14,13134.0,1288.0,1.0,1.0,0,1.0,1.0,-0.29205677,-0.956401,-0.5,-0.8660254,3,0,0,1,0.0,1,10773.0,1,11622.0,1,0.0,1,12768.0,1,11786.0,1,14966.0,1,10908.0,6183.6973,7695.539,-10773.0
1066,2014-07-15,12321.0,1159.0,1.0,1.0,0,1.0,2.0,-0.29205677,-0.956401,-0.5,-0.8660254,3,0,0,1,13134.0,1,0.0,1,10880.0,1,11320.0,1,11742.0,1,0.0,1,10413.0,1,10697.0,8963.818,8904.086,13134.0
1066,2014-07-16,10675.0,1075.0,1.0,1.0,0,1.0,3.0,-0.29205677,-0.956401,-0.5,-0.8660254,3,0,0,1,12321.0,1,13134.0,1,10773.0,1,7752.0,1,11664.0,1,16922.0,1,0.0,1,0.0,10306.691,9663.4,-813.0
1066,2014-07-17,10945.0,1046.0,1.0,1.0,0,1.0,4.0,-0.29205677,-0.956401,-0.5,-0.8660254,3,0,0,1,10675.0,1,12321.0,1,0.0,1,7345.0,1,11014.0,1,14377.0,1,11080.0,1,10063.0,10454.015,9888.2,-1646.0
1066,2014-07-18,10666.0,1102.0,1.0,1.0,0,1.0,5.0,-0.29205677,-0.956401,-0.5,-0.8660254,3,0,0,1,10945.0,1,10675.0,1,13134.0,1,11622.0,1,0.0,1,12768.0,1,8978.0,1,7962.0,10650.409,10123.045,270.0
1066,2014-07-19,9681.0,973.0,1.0,0.0,0,0.0,6.0,-0.29205677,-0.956401,-0.5,-0.8660254,3,0,0,1,10666.0,1,10945.0,1,12321.0,1,10880.0,1,11320.0,1,11742.0,1,9005.0,1,12694.0,10656.6455,10243.701,-279.0
1066,2014-07-20,0.0,0.0,0.0,0.0,0,0.0,7.0,-0.29205677,-0.956401,-0.5,-0.8660254,3,0,0,1,9681.0,1,10666.0,1,10675.0,1,10773.0,1,7752.0,1,11664.0,1,8780.0,1,0.0,10266.387,10118.656,-985.0
1066,2014-07-21,10018.0,994.0,1.0,0.0,0,1.0,1.0,-0.40312344,-0.91514564,-0.5,-0.8660254,3,0,0,1,0.0,1,9681.0,1,10945.0,1,0.0,1,7345.0,1,11014.0,1,10444.0,1,14836.0,6159.8325,7870.0664,-9681.0
1066,2014-07-22,10119.0,1068.0,1.0,0.0,0,1.0,2.0,-0.40312344,-0.91514564,-0.5,-0.8660254,3,0,0,1,10018.0,1,0.0,1,10666.0,1,13134.0,1,11622.0,1,0.0,1,11786.0,1,11444.0,7703.0996,8347.385,10018.0
1066,2014-07-23,8329.0,943.0,1.0,0.0,0,1.0,3.0,-0.40312344,-0.91514564,-0.5,-0.8660254,3,0,0,1,10119.0,1,10018.0,1,9681.0,1,12321.0,1,10880.0,1,11320.0,1,0.0,1,0.0,8669.46,8741.077,101.0
1066,2014-07-24,9608.0,983.0,1.0,0.0,0,1.0,4.0,-0.40312344,-0.91514564,-0.5,-0.8660254,3,0,0,1,8329.0,1,10119.0,1,0.0,1,10675.0,1,10773.0,1,7752.0,1,16922.0,1,15601.0,8533.275,8649.504,-1790.0
1066,2014-07-25,10693.0,1044.0,1.0,0.0,0,1.0,5.0,-0.40312344,-0.91514564,-0.5,-0.8660254,3,0,0,1,9608.0,1,8329.0,1,10018.0,1,10945.0,1,0.0,1,7345.0,1,14377.0,1,12907.0,8963.165,8862.503,1279.0
1066,2014-07-26,9278.0,1000.0,1.0,0.0,0,0.0,6.0,-0.40312344,-0.91514564,-0.5,-0.8660254,3,0,0,1,10693.0,1,9608.0,1,10119.0,1,10666.0,1,13134.0,1,11622.0,1,12768.0,1,12286.0,9655.1,9269.28,1085.0
1066,2014-07-27,0.0,0.0,0.0,0.0,0,0.0,7.0,-0.40312344,-0.91514564,-0.5,-0.8660254,3,0,0,1,9278.0,1,10693.0,1,8329.0,1,9681.0,1,12321.0,1,10880.0,1,11742.0,1,11657.0,9504.26,9271.218,-1415.0
1066,2014-07-28,12820.0,1228.0,1.0,1.0,0,1.0,1.0,-0.5085311,-0.86104363,-0.5,-0.8660254,3,0,0,1,0.0,1,9278.0,1,9608.0,1,0.0,1,10675.0,1,10773.0,1,11664.0,1,12749.0,5702.5557,7210.9473,-9278.0
1066,2014-07-29,12557.0,1129.0,1.0,1.0,0,1.0,2.0,-0.5085311,-0.86104363,-0.5,-0.8660254,3,0,0,1,12820.0,1,0.0,1,10693.0,1,10018.0,1,10945.0,1,0.0,1,11014.0,1,10887.0,8549.533,8457.403,12820.0
1066,2014-07-30,11168.0,1123.0,1.0,1.0,0,1.0,3.0,-0.5085311,-0.86104363,-0.5,-0.8660254,3,0,0,1,12557.0,1,12820.0,1,9278.0,1,10119.0,1,10666.0,1,13134.0,1,0.0,1,0.0,10152.5205,9368.425,-263.0
1066,2014-07-31,12210.0,1161.0,1.0,1.0,0,1.0,4.0,-0.5085311,-0.86104363,-0.5,-0.8660254,3,0,1,1,11168.0,1,12557.0,1,0.0,1,8329.0,1,9681.0,1,12321.0,1,11320.0,1,0.0,10558.712,9768.33,-1389.0
1066,2014-08-01,10988.0,1138.0,1.0,1.0,0,1.0,5.0,-0.5085311,-0.86104363,-0.8660254,-0.5,3,1,0,1,12210.0,1,11168.0,1,12820.0,1,9608.0,1,0.0,1,10675.0,1,7752.0,1,10707.0,11219.228,10310.924,1042.0
1066,2014-08-02,9585.0,953.0,1.0,0.0,0,0.0,6.0,-0.5085311,-0.86104363,-0.8660254,-0.5,3,0,0,1,10988.0,1,12210.0,1,12557.0,1,10693.0,1,10018.0,1,10945.0,1,7345.0,1,10116.0,11126.736,10461.385,-1222.0
1066,2014-08-03,0.0,0.0,0.0,0.0,0,0.0,7.0,-0.5085311,-0.86104363,-0.8660254,-0.5,3,0,0,1,9585.0,1,10988.0,1,11168.0,1,9278.0,1,10119.0,1,10666.0,1,11622.0,1,10662.0,10510.042,10266.633,-1403.0
1066,2014-08-04,14078.0,1314.0,1.0,1.0,0,1.0,1.0,-0.60680014,-0.79485446,-0.8660254,-0.5,3,0,0,1,0.0,1,9585.0,1,12210.0,1,0.0,1,8329.0,1,9681.0,1,10880.0,1,10570.0,6306.025,7985.1587,-9585.0
1066,2014-08-05,11569.0,1150.0,1.0,1.0,0,1.0,2.0,-0.60680014,-0.79485446,-0.8660254,-0.5,3,0,0,1,14078.0,1,0.0,1,10988.0,1,12820.0,1,9608.0,1,0.0,1,10773.0,1,12424.0,9414.815,9339.124,14078.0
1066,2014-08-06,10108.0,1051.0,1.0,1.0,0,1.0,3.0,-0.60680014,-0.79485446,-0.8660254,-0.5,3,0,0,1,11569.0,1,14078.0,1,9585.0,1,12557.0,1,10693.0,1,10018.0,1,0.0,1,0.0,10276.489,9834.651,-2509.0
1066,2014-08-07,10108.0,1010.0,1.0,1.0,0,1.0,4.0,-0.60680014,-0.79485446,-0.8660254,-0.5,3,0,0,1,10108.0,1,11569.0,1,0.0,1,11168.0,1,9278.0,1,10119.0,1,13134.0,1,13823.0,10209.094,9895.3955,-1461.0
1066,2014-08-08,9359.0,997.0,1.0,1.0,0,1.0,5.0,-0.60680014,-0.79485446,-0.8660254,-0.5,3,0,0,1,10108.0,1,10108.0,1,14078.0,1,12210.0,1,0.0,1,8329.0,1,12321.0,1,13982.0,10168.656,9942.642,0.0
1066,2014-08-09,9903.0,1012.0,1.0,0.0,0,0.0,6.0,-0.60680014,-0.79485446,-0.8660254,-0.5,3,0,0,1,9359.0,1,10108.0,1,11569.0,1,10988.0,1,12820.0,1,9608.0,1,10675.0,1,12719.0,9844.794,9812.943,-749.0
1066,2014-08-10,0.0,0.0,0.0,0.0,0,0.0,7.0,-0.60680014,-0.79485446,-0.8660254,-0.5,3,0,0,1,9903.0,1,9359.0,1,10108.0,1,9585.0,1,12557.0,1,10693.0,1,10945.0,1,0.0,9868.076,9832.956,544.0
1066,2014-08-11,9433.0,1089.0,1.0,0.0,0,1.0,1.0,-0.696551,-0.71750724,-0.8660254,-0.5,3,0,0,1,0.0,1,9903.0,1,10108.0,1,0.0,1,11168.0,1,9278.0,1,10666.0,1,14966.0,5920.8457,7647.8545,-9903.0
1066,2014-08-12,8716.0,992.0,1.0,0.0,0,1.0,2.0,-0.696551,-0.71750724,-0.8660254,-0.5,3,0,0,1,9433.0,1,0.0,1,9359.0,1,14078.0,1,12210.0,1,0.0,1,9681.0,1,10413.0,7325.7075,8044.5537,9433.0
1066,2014-08-13,8300.0,911.0,1.0,0.0,0,1.0,3.0,-0.696551,-0.71750724,-0.8660254,-0.5,3,0,0,1,8716.0,1,9433.0,1,9903.0,1,11569.0,1,10988.0,1,12820.0,1,0.0,1,0.0,7881.824,8193.764,-717.0
1066,2014-08-14,9270.0,1000.0,1.0,0.0,0,1.0,4.0,-0.696551,-0.71750724,-0.8660254,-0.5,3,0,0,1,8300.0,1,8716.0,1,0.0,1,10108.0,1,9585.0,1,12557.0,1,10018.0,1,11080.0,8049.0947,8217.372,-416.0
1066,2014-08-15,8540.0,909.0,1.0,0.0,0,1.0,5.0,-0.696551,-0.71750724,-0.8660254,-0.5,3,0,0,1,9270.0,1,8300.0,1,9433.0,1,10108.0,1,0.0,1,11168.0,1,10119.0,1,8978.0,8537.457,8451.289,970.0
1066,2014-08-16,9969.0,1009.0,1.0,0.0,0,0.0,6.0,-0.696551,-0.71750724,-0.8660254,-0.5,3,0,0,1,8540.0,1,9270.0,1,8716.0,1,9359.0,1,14078.0,1,12210.0,1,8329.0,1,9005.0,8538.474,8471.003,-730.0
1066,2014-08-17,0.0,0.0,0.0,0.0,0,0.0,7.0,-0.696551,-0.71750724,-0.8660254,-0.5,3,0,0,1,9969.0,1,8540.0,1,8300.0,1,9903.0,1,11569.0,1,10988.0,1,9608.0,1,8780.0,9110.685,8803.891,1429.0
1066,2014-08-18,14839.0,1398.0,1.0,1.0,0,1.0,1.0,-0.7765239,-0.63008785,-0.8660254,-0.5,3,0,0,1,0.0,1,9969.0,1,9270.0,1,0.0,1,10108.0,1,9585.0,1,10693.0,1,10444.0,5466.4106,6847.4707,-9969.0
1066,2014-08-19,13109.0,1280.0,1.0,1.0,0,1.0,2.0,-0.7765239,-0.63008785,-0.8660254,-0.5,3,0,0,1,14839.0,1,0.0,1,8540.0,1,9433.0,1,10108.0,1,0.0,1,9278.0,1,11786.0,9215.446,8623.366,14839.0
1066,2014-08-20,11650.0,1257.0,1.0,1.0,0,0.0,3.0,-0.7765239,-0.63008785,-0.8660254,-0.5,3,0,0,1,13109.0,1,14839.0,1,9969.0,1,8716.0,1,9359.0,1,14078.0,1,0.0,1,0.0,10772.868,9620.174,-1730.0
1066,2014-08-21,10307.0,1120.0,1.0,1.0,0,0.0,4.0,-0.7765239,-0.63008785,-0.8660254,-0.5,3,0,0,1,11650.0,1,13109.0,1,0.0,1,8300.0,1,9903.0,1,11569.0,1,12820.0,1,16922.0,11123.721,10071.246,-1459.0
1066,2014-08-22,10553.0,1132.0,1.0,1.0,0,0.0,5.0,-0.7765239,-0.63008785,-0.8660254,-0.5,3,0,0,1,10307.0,1,11650.0,1,14839.0,1,9270.0,1,0.0,1,10108.0,1,12557.0,1,14377.0,10797.032,10123.636,-1343.0
1066,2014-08-23,9921.0,1021.0,1.0,0.0,0,0.0,6.0,-0.7765239,-0.63008785,-0.8660254,-0.5,3,0,0,1,10553.0,1,10307.0,1,13109.0,1,8540.0,1,9433.0,1,10108.0,1,11168.0,1,12768.0,10699.42,10219.05,246.0
1066,2014-08-24,0.0,0.0,0.0,0.0,0,0.0,7.0,-0.7765239,-0.63008785,-0.8660254,-0.5,3,0,0,1,9921.0,1,10553.0,1,11650.0,1,9969.0,1,8716.0,1,9359.0,1,12210.0,1,11742.0,10388.052,10152.816,-632.0
1066,2014-08-25,10257.0,1115.0,1.0,0.0,0,0.0,1.0,-0.845596,-0.5338234,-0.8660254,-0.5,3,0,0,1,0.0,1,9921.0,1,10307.0,1,0.0,1,8300.0,1,9903.0,1,10988.0,1,11664.0,6232.831,7896.6353,-9921.0
1066,2014-08-26,8027.0,892.0,1.0,0.0,0,0.0,2.0,-0.845596,-0.5338234,-0.8660254,-0.5,3,0,0,1,10257.0,1,0.0,1,10553.0,1,14839.0,1,9270.0,1,0.0,1,9585.0,1,11014.0,7842.4985,8421.161,10257.0
1066,2014-08-27,9345.0,1037.0,1.0,0.0,0,0.0,3.0,-0.845596,-0.5338234,-0.8660254,-0.5,3,0,0,1,8027.0,1,10257.0,1,9921.0,1,13109.0,1,8540.0,1,9433.0,1,0.0,1,0.0,7916.2993,8333.569,-2230.0
1066,2014-08-28,9238.0,1020.0,1.0,0.0,0,0.0,4.0,-0.845596,-0.5338234,-0.8660254,-0.5,3,0,0,1,9345.0,1,8027.0,1,0.0,1,11650.0,1,9969.0,1,8716.0,1,14078.0,1,11320.0,8487.779,8558.332,1318.0
1066,2014-08-29,11476.0,1165.0,1.0,0.0,0,0.0,5.0,-0.845596,-0.5338234,-0.8660254,-0.5,3,0,0,1,9238.0,1,9345.0,1,10257.0,1,10307.0,1,0.0,1,8300.0,1,11569.0,1,7752.0,8787.868,8709.369,-107.0
1066,2014-08-30,11249.0,1071.0,1.0,0.0,0,0.0,6.0,-0.845596,-0.5338234,-0.8660254,-0.5,3,0,0,1,11476.0,1,9238.0,1,8027.0,1,10553.0,1,14839.0,1,9270.0,1,10108.0,1,7345.0,9863.121,9324.176,2238.0
1066,2014-08-31,0.0,0.0,0.0,0.0,0,0.0,7.0,-0.845596,-0.5338234,-0.8660254,-0.5,3,0,1,1,11249.0,1,11476.0,1,9345.0,1,9921.0,1,13109.0,1,8540.0,1,10108.0,1,11622.0,10417.473,9751.915,-227.0
1066,2014-09-01,16658.0,1495.0,1.0,1.0,0,0.0,1.0,-0.9027978,-0.4300652,-1.0,-1.8369701e-16,3,1,0,1,0.0,1,11249.0,1,9238.0,1,0.0,1,11650.0,1,9969.0,1,9359.0,1,10880.0,6250.4834,7584.8228,-11249.0
1066,2014-09-02,13710.0,1289.0,1.0,1.0,0,0.0,2.0,-0.9027978,-0.4300652,-1.0,-1.8369701e-16,3,0,0,1,16658.0,1,0.0,1,11476.0,1,10257.0,1,10307.0,1,0.0,1,9903.0,1,10773.0,10413.49,9601.084,16658.0
1066,2014-09-03,11627.0,1159.0,1.0,1.0,0,0.0,3.0,-0.9027978,-0.4300652,-1.0,-1.8369701e-16,3,0,0,1,13710.0,1,16658.0,1,11249.0,1,8027.0,1,10553.0,1,14839.0,1,0.0,1,0.0,11732.094,10514.177,-2948.0
1066,2014-09-04,10571.0,1076.0,1.0,1.0,0,0.0,4.0,-0.9027978,-0.4300652,-1.0,-1.8369701e-16,3,0,0,1,11627.0,1,13710.0,1,0.0,1,9345.0,1,9921.0,1,13109.0,1,9433.0,1,13134.0,11690.057,10761.471,-2083.0
1066,2014-09-05,11982.0,1169.0,1.0,1.0,0,0.0,5.0,-0.9027978,-0.4300652,-1.0,-1.8369701e-16,3,0,0,1,10571.0,1,11627.0,1,16658.0,1,9238.0,1,0.0,1,11650.0,1,8716.0,1,12321.0,11242.434,10719.144,-1056.0
1066,2014-09-06,9705.0,1032.0,1.0,0.0,0,0.0,6.0,-0.9027978,-0.4300652,-1.0,-1.8369701e-16,3,0,0,1,11982.0,1,10571.0,1,13710.0,1,11476.0,1,10257.0,1,10307.0,1,8300.0,1,10675.0,11538.261,10999.778,1411.0
1066,2014-09-07,0.0,0.0,0.0,0.0,0,0.0,7.0,-0.9027978,-0.4300652,-1.0,-1.8369701e-16,3,0,0,1,9705.0,1,11982.0,1,11627.0,1,11249.0,1,8027.0,1,10553.0,1,9270.0,1,10945.0,10804.956,10712.05,-2277.0
1066,2014-09-08,10259.0,1127.0,1.0,0.0,0,0.0,1.0,-0.94732636,-0.32026985,-1.0,-1.8369701e-16,3,0,0,1,0.0,1,9705.0,1,10571.0,1,0.0,1,9345.0,1,9921.0,1,8540.0,1,10666.0,6482.9736,8331.595,-9705.0
1066,2014-09-09,9563.0,1071.0,1.0,0.0,0,0.0,2.0,-0.94732636,-0.32026985,-1.0,-1.8369701e-16,3,0,0,1,10259.0,1,0.0,1,11982.0,1,16658.0,1,9238.0,1,0.0,1,9969.0,1,9681.0,7993.3843,8759.907,10259.0
1066,2014-09-10,8491.0,997.0,1.0,0.0,0,0.0,3.0,-0.94732636,-0.32026985,-1.0,-1.8369701e-16,3,0,0,1,9563.0,1,10259.0,1,9705.0,1,13710.0,1,11476.0,1,10257.0,1,0.0,1,0.0,8621.23,8938.372,-696.0
1066,2014-09-11,9935.0,1075.0,1.0,0.0,0,0.0,4.0,-0.94732636,-0.32026985,-1.0,-1.8369701e-16,3,0,0,1,8491.0,1,9563.0,1,0.0,1,11627.0,1,11249.0,1,8027.0,1,14839.0,1,10018.0,8569.139,8838.956,-1072.0
1066,2014-09-12,10491.0,1091.0,1.0,0.0,0,0.0,5.0,-0.94732636,-0.32026985,-1.0,-1.8369701e-16,3,0,0,1,9935.0,1,8491.0,1,10259.0,1,10571.0,1,0.0,1,9345.0,1,13109.0,1,10119.0,9115.483,9082.521,1444.0
1066,2014-09-13,9244.0,1030.0,1.0,0.0,0,0.0,6.0,-0.94732636,-0.32026985,-1.0,-1.8369701e-16,3,0,0,1,10491.0,1,9935.0,1,9563.0,1,11982.0,1,16658.0,1,9238.0,1,11650.0,1,8329.0,9665.689,9395.517,556.0
1066,2014-09-14,0.0,0.0,0.0,0.0,0,0.0,7.0,-0.94732636,-0.32026985,-1.0,-1.8369701e-16,3,0,0,1,9244.0,1,10491.0,1,8491.0,1,9705.0,1,13710.0,1,11476.0,1,10307.0,1,9608.0,9497.014,9361.847,-1247.0
1066,2014-09-15,13356.0,1309.0,1.0,1.0,0,0.0,1.0,-0.9785565,-0.20597862,-1.0,-1.8369701e-16,3,0,0,1,0.0,1,9244.0,1,9935.0,1,0.0,1,11627.0,1,11249.0,1,10553.0,1,10693.0,5698.2085,7281.436,-9244.0
1066,2014-09-16,11228.0,1133.0,1.0,1.0,0,0.0,2.0,-0.9785565,-0.20597862,-1.0,-1.8369701e-16,3,0,0,1,13356.0,1,0.0,1,10491.0,1,10259.0,1,10571.0,1,0.0,1,9921.0,1,9278.0,8761.325,8631.339,13356.0
1066,2014-09-17,9716.0,1052.0,1.0,1.0,0,0.0,3.0,-0.9785565,-0.20597862,-1.0,-1.8369701e-16,3,0,0,1,11228.0,1,13356.0,1,9244.0,1,9563.0,1,11982.0,1,16658.0,1,0.0,1,0.0,9747.995,9208.375,-2128.0
1066,2014-09-18,10545.0,1086.0,1.0,1.0,0,0.0,4.0,-0.9785565,-0.20597862,-1.0,-1.8369701e-16,3,0,0,1,9716.0,1,11228.0,1,0.0,1,8491.0,1,9705.0,1,13710.0,1,10257.0,1,12820.0,9735.197,9321.181,-1512.0
1066,2014-09-19,9903.0,1083.0,1.0,1.0,0,0.0,5.0,-0.9785565,-0.20597862,-1.0,-1.8369701e-16,3,0,0,1,10545.0,1,9716.0,1,13356.0,1,9935.0,1,0.0,1,11627.0,1,8027.0,1,12557.0,10059.118,9593.141,829.0
1066,2014-09-20,9437.0,990.0,1.0,0.0,0,0.0,6.0,-0.9785565,-0.20597862,-1.0,-1.8369701e-16,3,0,0,1,9903.0,1,10545.0,1,11228.0,1,10491.0,1,10259.0,1,10571.0,1,9345.0,1,11168.0,9996.671,9661.998,-642.0
1066,2014-09-21,0.0,0.0,0.0,0.0,0,0.0,7.0,-0.9785565,-0.20597862,-1.0,-1.8369701e-16,3,0,0,1,9437.0,1,9903.0,1,9716.0,1,9244.0,1,9563.0,1,11982.0,1,9238.0,1,12210.0,9772.803,9611.998,-466.0
1066,2014-09-22,9659.0,1043.0,1.0,0.0,0,0.0,1.0,-0.9960498,-0.08879589,-1.0,-1.8369701e-16,3,0,0,1,0.0,1,9437.0,1,10545.0,1,0.0,1,8491.0,1,9705.0,1,11476.0,1,10988.0,5863.6816,7475.999,-9437.0
1066,2014-09-23,9683.0,1053.0,1.0,0.0,0,0.0,2.0,-0.9960498,-0.08879589,-1.0,-1.8369701e-16,3,0,0,1,9659.0,1,0.0,1,9903.0,1,13356.0,1,9935.0,1,0.0,1,11249.0,1,9585.0,7381.809,7961.1104,9659.0
1066,2014-09-24,8164.0,921.0,1.0,0.0,0,0.0,3.0,-0.9960498,-0.08879589,-1.0,-1.8369701e-16,3,0,0,1,9683.0,1,9659.0,1,9437.0,1,11228.0,1,10491.0,1,10259.0,1,0.0,1,0.0,8302.285,8343.752,24.0
1066,2014-09-25,9779.0,1025.0,1.0,0.0,0,0.0,4.0,-0.9960498,-0.08879589,-1.0,-1.8369701e-16,3,0,0,1,8164.0,1,9683.0,1,0.0,1,9716.0,1,9244.0,1,9563.0,1,16658.0,1,14078.0,8246.972,8303.808,-1519.0
1066,2014-09-26,9585.0,1085.0,1.0,0.0,0,0.0,5.0,-0.9960498,-0.08879589,-1.0,-1.8369701e-16,3,0,0,1,9779.0,1,8164.0,1,9659.0,1,10545.0,1,0.0,1,8491.0,1,13710.0,1,11569.0,8859.783,8631.628,1615.0
1066,2014-09-27,10556.0,1059.0,1.0,0.0,0,0.0,6.0,-0.9960498,-0.08879589,-1.0,-1.8369701e-16,3,0,0,1,9585.0,1,9779.0,1,9683.0,1,9903.0,1,13356.0,1,9935.0,1,11627.0,1,10108.0,9149.87,8843.488,-194.0
1066,2014-09-28,0.0,0.0,0.0,0.0,0,0.0,7.0,-0.9960498,-0.08879589,-1.0,-1.8369701e-16,3,0,0,1,10556.0,1,9585.0,1,8164.0,1,9437.0,1,11228.0,1,10491.0,1,10571.0,1,10108.0,9712.322,9224.047,971.0
1066,2014-09-29,12962.0,1286.0,1.0,1.0,0,0.0,1.0,-0.99956083,0.029633328,-1.0,-1.8369701e-16,3,0,0,1,0.0,1,10556.0,1,9779.0,1,0.0,1,9716.0,1,9244.0,1,11982.0,1,9359.0,5827.393,7174.2583,-10556.0
1066,2014-09-30,14174.0,1343.0,1.0,1.0,0,0.0,2.0,-0.99956083,0.029633328,-1.0,-1.8369701e-16,3,0,1,1,12962.0,1,0.0,1,9585.0,1,9659.0,1,10545.0,1,0.0,1,9705.0,1,9903.0,8681.236,8460.423,12962.0
1066,2014-10-01,12696.0,1204.0,1.0,1.0,0,0.0,3.0,-0.99956083,0.029633328,-0.8660254,0.5,4,1,0,1,14174.0,1,12962.0,1,10556.0,1,9683.0,1,9903.0,1,13356.0,1,0.0,1,0.0,10878.342,9730.107,1212.0
1066,2014-10-02,13091.0,1306.0,1.0,1.0,0,0.0,4.0,-0.99956083,0.029633328,-0.8660254,0.5,4,0,0,1,12696.0,1,14174.0,1,0.0,1,8164.0,1,9437.0,1,11228.0,1,10259.0,1,9433.0,11605.405,10389.194,-1478.0
1066,2014-10-03,0.0,0.0,0.0,1.0,1,0.0,5.0,-0.99956083,0.029633328,-0.8660254,0.5,4,0,0,1,13091.0,1,12696.0,1,12962.0,1,9779.0,1,0.0,1,9716.0,1,9563.0,1,8716.0,12199.643,10989.596,395.0
1066,2014-10-04,12866.0,1240.0,1.0,0.0,0,0.0,6.0,-0.99956083,0.029633328,-0.8660254,0.5,4,0,0,1,0.0,1,13091.0,1,14174.0,1,9585.0,1,9659.0,1,10545.0,1,8491.0,1,8300.0,7319.7856,8547.463,-13091.0
1066,2014-10-05,0.0,0.0,0.0,0.0,0,0.0,7.0,-0.99956083,0.029633328,-0.8660254,0.5,4,0,0,1,12866.0,1,0.0,1,12696.0,1,10556.0,1,9683.0,1,9903.0,1,9935.0,1,9270.0,9538.271,9507.138,12866.0
1066,2014-10-06,14300.0,1342.0,1.0,1.0,0,1.0,1.0,-0.9890402,0.14764656,-0.8660254,0.5,4,0,0,1,0.0,1,12866.0,1,13091.0,1,0.0,1,8164.0,1,9437.0,1,10491.0,1,8540.0,5722.963,7394.441,-12866.0
1066,2014-10-07,11766.0,1116.0,1.0,1.0,0,1.0,2.0,-0.9890402,0.14764656,-0.8660254,0.5,4,0,0,1,14300.0,1,0.0,1,0.0,1,12962.0,1,9779.0,1,0.0,1,9244.0,1,9969.0,9153.777,8929.01,14300.0
1066,2014-10-08,10140.0,995.0,1.0,1.0,0,1.0,3.0,-0.9890402,0.14764656,-0.8660254,0.5,4,0,0,1,11766.0,1,14300.0,1,12866.0,1,14174.0,1,9585.0,1,9659.0,1,0.0,1,0.0,10198.667,9559.452,-2534.0
1066,2014-10-09,10955.0,1075.0,1.0,1.0,0,1.0,4.0,-0.9890402,0.14764656,-0.8660254,0.5,4,0,0,1,10140.0,1,11766.0,1,0.0,1,12696.0,1,10556.0,1,9683.0,1,13356.0,1,14839.0,10175.2,9688.463,-1626.0
1066,2014-10-10,10104.0,1144.0,1.0,1.0,0,1.0,5.0,-0.9890402,0.14764656,-0.8660254,0.5,4,0,0,1,10955.0,1,10140.0,1,14300.0,1,13091.0,1,0.0,1,8164.0,1,11228.0,1,13109.0,10487.12,9969.915,815.0
1066,2014-10-11,10308.0,1075.0,1.0,0.0,0,0.0,6.0,-0.9890402,0.14764656,-0.8660254,0.5,4,0,0,1,10104.0,1,10955.0,1,11766.0,1,0.0,1,12962.0,1,9779.0,1,9716.0,1,11650.0,10333.872,9999.712,-851.0
1066,2014-10-12,0.0,0.0,0.0,0.0,0,0.0,7.0,-0.9890402,0.14764656,-0.8660254,0.5,4,0,0,1,10308.0,1,10104.0,1,10140.0,1,12866.0,1,14174.0,1,9585.0,1,10545.0,1,10307.0,10323.523,10068.221,204.0
1066,2014-10-13,9792.0,1047.0,1.0,0.0,0,1.0,1.0,-0.9646356,0.26358718,-0.8660254,0.5,4,0,0,1,0.0,1,10308.0,1,10955.0,1,0.0,1,12696.0,1,10556.0,1,9903.0,1,10553.0,6194.114,7830.838,-10308.0
1066,2014-10-14,9108.0,1013.0,1.0,0.0,0,1.0,2.0,-0.9646356,0.26358718,-0.8660254,0.5,4,0,0,1,9792.0,1,0.0,1,10104.0,1,14300.0,1,13091.0,1,0.0,1,9437.0,1,9921.0,7633.2686,8266.651,9792.0
1066,2014-10-15,8737.0,963.0,1.0,0.0,0,1.0,3.0,-0.9646356,0.26358718,-0.8660254,0.5,4,0,0,1,9108.0,1,9792.0,1,10308.0,1,11766.0,1,0.0,1,12962.0,1,0.0,1,0.0,8223.161,8453.618,-684.0
1066,2014-10-16,8680.0,952.0,1.0,0.0,0,1.0,4.0,-0.9646356,0.26358718,-0.8660254,0.5,4,0,0,1,8737.0,1,9108.0,1,0.0,1,10140.0,1,12866.0,1,14174.0,1,9659.0,1,10257.0,8428.696,8516.592,-371.0
1066,2014-10-17,9202.0,1038.0,1.0,0.0,0,1.0,5.0,-0.9646356,0.26358718,-0.8660254,0.5,4,0,0,1,8680.0,1,8737.0,1,9792.0,1,10955.0,1,0.0,1,12696.0,1,9683.0,1,8027.0,8529.218,8552.904,-57.0
1066,2014-10-18,10060.0,1021.0,1.0,0.0,0,0.0,6.0,-0.9646356,0.26358718,-0.8660254,0.5,4,0,0,1,9202.0,1,8680.0,1,9108.0,1,10104.0,1,14300.0,1,13091.0,1,8164.0,1,9345.0,8798.331,8697.148,522.0
1066,2014-10-19,0.0,0.0,0.0,0.0,0,0.0,7.0,-0.9646356,0.26358718,-0.8660254,0.5,4,0,0,1,10060.0,1,9202.0,1,8737.0,1,10308.0,1,11766.0,1,0.0,1,9779.0,1,9238.0,9302.998,9000.004,858.0
1066,2014-10-20,12896.0,1267.0,1.0,1.0,0,0.0,1.0,-0.9266896,0.37582758,-0.8660254,0.5,4,0,0,1,0.0,1,10060.0,1,8680.0,1,0.0,1,10140.0,1,12866.0,1,9585.0,1,11476.0,5581.7993,7000.0034,-10060.0
1066,2014-10-21,10094.0,1000.0,1.0,1.0,0,0.0,2.0,-0.9266896,0.37582758,-0.8660254,0.5,4,0,0,1,12896.0,1,0.0,1,9202.0,1,9792.0,1,10955.0,1,0.0,1,10556.0,1,11249.0,8507.4795,8310.225,12896.0
1066,2014-10-22,9925.0,1008.0,1.0,1.0,0,0.0,3.0,-0.9266896,0.37582758,-0.8660254,0.5,4,0,0,1,10094.0,1,12896.0,1,10060.0,1,9108.0,1,10104.0,1,14300.0,1,0.0,1,0.0,9142.088,8706.619,-2802.0
1066,2014-10-23,11227.0,1118.0,1.0,1.0,0,0.0,4.0,-0.9266896,0.37582758,-0.8660254,0.5,4,0,0,1,9925.0,1,10094.0,1,0.0,1,8737.0,1,10308.0,1,11766.0,1,12962.0,1,16658.0,9455.253,8977.37,-169.0
1066,2014-10-24,10992.0,1172.0,1.0,1.0,0,0.0,5.0,-0.9266896,0.37582758,-0.8660254,0.5,4,0,0,1,11227.0,1,9925.0,1,12896.0,1,8680.0,1,0.0,1,10140.0,1,14174.0,1,13710.0,10163.951,9477.288,1302.0
1066,2014-10-25,10298.0,1027.0,1.0,0.0,0,0.0,6.0,-0.9266896,0.37582758,-0.8660254,0.5,4,0,0,1,10992.0,1,11227.0,1,10094.0,1,9202.0,1,9792.0,1,10955.0,1,12696.0,1,11627.0,10495.171,9813.891,-235.0
1066,2014-10-26,0.0,0.0,0.0,0.0,0,0.0,7.0,-0.9266896,0.37582758,-0.8660254,0.5,4,0,0,1,10298.0,1,10992.0,1,9925.0,1,10060.0,1,9108.0,1,10104.0,1,13091.0,1,10571.0,10416.303,9921.471,-694.0
1066,2014-10-27,10610.0,1153.0,1.0,0.0,0,0.0,1.0,-0.8757349,0.4827922,-0.8660254,0.5,4,0,0,1,0.0,1,10298.0,1,11227.0,1,0.0,1,8737.0,1,10308.0,1,0.0,1,11982.0,6249.7817,7716.699,-10298.0
1066,2014-10-28,9920.0,1070.0,1.0,0.0,0,0.0,2.0,-0.8757349,0.4827922,-0.8660254,0.5,4,0,0,1,10610.0,1,0.0,1,10992.0,1,12896.0,1,8680.0,1,0.0,1,12866.0,1,9705.0,7993.869,8359.655,10610.0
1066,2014-10-29,9773.0,979.0,1.0,0.0,0,0.0,3.0,-0.8757349,0.4827922,-0.8660254,0.5,4,0,0,1,9920.0,1,10610.0,1,10298.0,1,10094.0,1,9202.0,1,9792.0,1,0.0,1,0.0,8764.321,8706.398,-690.0
1066,2014-10-30,9963.0,1118.0,1.0,0.0,0,0.0,4.0,-0.8757349,0.4827922,-0.8660254,0.5,4,0,0,1,9773.0,1,9920.0,1,0.0,1,9925.0,1,10060.0,1,9108.0,1,14300.0,1,10259.0,9167.793,8943.421,-147.0
1066,2014-10-31,12733.0,1342.0,1.0,0.0,0,0.0,5.0,-0.8757349,0.4827922,-0.8660254,0.5,4,0,1,1,9963.0,1,9773.0,1,10610.0,1,11227.0,1,0.0,1,8737.0,1,11766.0,1,9563.0,9485.876,9169.994,190.0
1066,2014-11-01,0.0,0.0,0.0,0.0,1,0.0,6.0,-0.8757349,0.4827922,-0.5,0.8660254,4,1,0,1,12733.0,1,9963.0,1,9920.0,1,10992.0,1,12896.0,1,8680.0,1,10140.0,1,8491.0,10784.726,9961.773,2770.0
1066,2014-11-02,0.0,0.0,0.0,0.0,0,0.0,7.0,-0.8757349,0.4827922,-0.5,0.8660254,4,0,0,1,0.0,1,12733.0,1,9773.0,1,10298.0,1,10094.0,1,9202.0,1,10955.0,1,9935.0,6470.8354,7748.046,-12733.0
1066,2014-11-03,16936.0,1533.0,1.0,1.0,0,0.0,1.0,-0.8124869,0.5829795,-0.5,0.8660254,4,0,0,1,0.0,1,0.0,1,9963.0,1,0.0,1,9925.0,1,10060.0,1,10104.0,1,10491.0,3882.5012,6026.258,0.0
1066,2014-11-04,13502.0,1238.0,1.0,1.0,0,0.0,2.0,-0.8124869,0.5829795,-0.5,0.8660254,4,0,0,1,16936.0,1,0.0,1,12733.0,1,10610.0,1,11227.0,1,0.0,1,10308.0,1,9244.0,9103.9,8450.645,16936.0
1066,2014-11-05,12322.0,1221.0,1.0,1.0,0,0.0,3.0,-0.8124869,0.5829795,-0.5,0.8660254,4,0,0,1,13502.0,1,16936.0,1,0.0,1,9920.0,1,10992.0,1,12896.0,1,0.0,1,0.0,10863.141,9573.168,-3434.0
1066,2014-11-06,12138.0,1161.0,1.0,1.0,0,0.0,4.0,-0.8124869,0.5829795,-0.5,0.8660254,4,0,0,1,12322.0,1,13502.0,1,0.0,1,9773.0,1,10298.0,1,10094.0,1,9792.0,1,13356.0,11446.685,10184.02,-1180.0
1066,2014-11-07,11680.0,1123.0,1.0,1.0,0,0.0,5.0,-0.8124869,0.5829795,-0.5,0.8660254,4,0,0,1,12138.0,1,12322.0,1,16936.0,1,9963.0,1,0.0,1,9925.0,1,9108.0,1,11228.0,11723.211,10618.237,-184.0
1066,2014-11-08,11221.0,1135.0,1.0,0.0,0,0.0,6.0,-0.8124869,0.5829795,-0.5,0.8660254,4,0,0,1,11680.0,1,12138.0,1,13502.0,1,12733.0,1,10610.0,1,11227.0,1,8737.0,1,9716.0,11705.927,10854.185,-458.0
1066,2014-11-09,0.0,0.0,0.0,0.0,0,0.0,7.0,-0.8124869,0.5829795,-0.5,0.8660254,4,0,0,1,11221.0,1,11680.0,1,12322.0,1,0.0,1,9920.0,1,10992.0,1,8680.0,1,10545.0,11511.956,10935.699,-459.0
1066,2014-11-10,13076.0,1271.0,1.0,1.0,0,0.0,1.0,-0.73783326,0.674983,-0.5,0.8660254,4,0,0,1,0.0,1,11221.0,1,12138.0,1,0.0,1,9773.0,1,10298.0,1,9202.0,1,9903.0,6907.1733,8505.544,-11221.0
1066,2014-11-11,11356.0,1084.0,1.0,1.0,0,0.0,2.0,-0.73783326,0.674983,-0.5,0.8660254,4,0,0,1,13076.0,1,0.0,1,11680.0,1,16936.0,1,9963.0,1,0.0,1,10060.0,1,9437.0,9374.704,9521.201,13076.0
1066,2014-11-12,10565.0,1064.0,1.0,1.0,0,0.0,3.0,-0.73783326,0.674983,-0.5,0.8660254,4,0,0,1,11356.0,1,13076.0,1,11221.0,1,13502.0,1,12733.0,1,10610.0,1,0.0,1,0.0,10167.223,9928.934,-1720.0
1066,2014-11-13,10768.0,1126.0,1.0,1.0,0,0.0,4.0,-0.73783326,0.674983,-0.5,0.8660254,4,0,0,1,10565.0,1,11356.0,1,0.0,1,12322.0,1,0.0,1,9920.0,1,12896.0,1,9659.0,10326.333,10070.282,-791.0
1066,2014-11-14,11146.0,1170.0,1.0,1.0,0,0.0,5.0,-0.73783326,0.674983,-0.5,0.8660254,4,0,0,1,10768.0,1,10565.0,1,13076.0,1,12138.0,1,0.0,1,9773.0,1,10094.0,1,9683.0,10503.0,10225.33,203.0
1066,2014-11-15,10844.0,1092.0,1.0,0.0,0,0.0,6.0,-0.73783326,0.674983,-0.5,0.8660254,4,0,0,1,11146.0,1,10768.0,1,11356.0,1,11680.0,1,16936.0,1,9963.0,1,9925.0,1,8164.0,10760.2,10429.924,378.0
1066,2014-11-16,0.0,0.0,0.0,0.0,0,0.0,7.0,-0.73783326,0.674983,-0.5,0.8660254,4,0,0,1,10844.0,1,11146.0,1,10565.0,1,11221.0,1,13502.0,1,12733.0,1,11227.0,1,9779.0,10793.72,10521.94,-302.0
1066,2014-11-17,9758.0,1129.0,1.0,0.0,0,0.0,1.0,-0.65282214,0.75751126,-0.5,0.8660254,4,0,0,1,0.0,1,10844.0,1,10768.0,1,0.0,1,12322.0,1,0.0,1,10992.0,1,9585.0,6476.232,8183.7314,-10844.0
1066,2014-11-18,10204.0,1078.0,1.0,0.0,0,0.0,2.0,-0.65282214,0.75751126,-0.5,0.8660254,4,0,0,1,9758.0,1,0.0,1,11146.0,1,13076.0,1,12138.0,1,0.0,1,10298.0,1,10556.0,7788.9395,8533.569,9758.0
1066,2014-11-19,9274.0,1006.0,1.0,0.0,0,0.0,3.0,-0.65282214,0.75751126,-0.5,0.8660254,4,0,0,1,10204.0,1,9758.0,1,10844.0,1,11356.0,1,11680.0,1,16936.0,1,0.0,1,0.0,8754.964,8904.776,446.0
1066,2014-11-20,9931.0,1052.0,1.0,0.0,0,0.0,4.0,-0.65282214,0.75751126,-0.5,0.8660254,4,0,0,1,9274.0,1,10204.0,1,0.0,1,10565.0,1,11221.0,1,13502.0,1,10610.0,1,12962.0,8962.578,8986.826,-930.0
1066,2014-11-21,9948.0,1032.0,1.0,0.0,0,0.0,5.0,-0.65282214,0.75751126,-0.5,0.8660254,4,0,0,1,9931.0,1,9274.0,1,9758.0,1,10768.0,1,0.0,1,12322.0,1,9920.0,1,14174.0,9349.947,9196.643,657.0
1066,2014-11-22,10834.0,1068.0,1.0,0.0,0,0.0,6.0,-0.65282214,0.75751126,-0.5,0.8660254,4,0,0,1,9948.0,1,9931.0,1,10204.0,1,11146.0,1,13076.0,1,12138.0,1,9773.0,1,12696.0,9589.168,9363.61,17.0
1066,2014-11-23,0.0,0.0,0.0,0.0,0,0.0,7.0,-0.65282214,0.75751126,-0.5,0.8660254,4,0,0,1,10834.0,1,9948.0,1,9274.0,1,10844.0,1,11356.0,1,11680.0,1,9963.0,1,13091.0,10087.101,9690.364,886.0
1066,2014-11-24,13829.0,1337.0,1.0,1.0,0,0.0,1.0,-0.55864674,0.82940567,-0.5,0.8660254,4,0,0,1,0.0,1,10834.0,1,9931.0,1,0.0,1,10565.0,1,11221.0,1,12733.0,1,0.0,6052.2607,7536.9497,-10834.0
1066,2014-11-25,12612.0,1214.0,1.0,1.0,0,0.0,2.0,-0.55864674,0.82940567,-0.5,0.8660254,4,0,0,1,13829.0,1,0.0,1,9948.0,1,9758.0,1,10768.0,1,0.0,1,0.0,1,12866.0,9162.956,8935.183,13829.0
1066,2014-11-26,11470.0,1075.0,1.0,1.0,0,0.0,3.0,-0.55864674,0.82940567,-0.5,0.8660254,4,0,0,1,12612.0,1,13829.0,1,10834.0,1,10204.0,1,11146.0,1,13076.0,1,0.0,1,0.0,10542.574,9752.254,-1217.0
1066,2014-11-27,12053.0,1122.0,1.0,1.0,0,0.0,4.0,-0.55864674,0.82940567,-0.5,0.8660254,4,0,0,1,11470.0,1,12612.0,1,0.0,1,9274.0,1,10844.0,1,11356.0,1,16936.0,1,14300.0,10913.544,10133.975,-1142.0
1066,2014-11-28,14482.0,1324.0,1.0,1.0,0,0.0,5.0,-0.55864674,0.82940567,-0.5,0.8660254,4,0,0,1,12053.0,1,11470.0,1,13829.0,1,9931.0,1,0.0,1,10565.0,1,13502.0,1,11766.0,11369.326,10560.425,583.0
1066,2014-11-29,12979.0,1250.0,1.0,0.0,0,0.0,6.0,-0.55864674,0.82940567,-0.5,0.8660254,4,0,0,1,14482.0,1,12053.0,1,12612.0,1,9948.0,1,9758.0,1,10768.0,1,12322.0,1,10140.0,12614.3955,11431.886,2429.0
1066,2014-11-30,0.0,0.0,0.0,0.0,0,0.0,7.0,-0.55864674,0.82940567,-0.5,0.8660254,4,0,1,1,12979.0,1,14482.0,1,11470.0,1,10834.0,1,10204.0,1,11146.0,1,12138.0,1,10955.0,12760.237,11775.689,-1503.0
1066,2014-12-01,15175.0,1419.0,1.0,1.0,0,0.0,1.0,-0.45662925,0.8896571,-2.4492937e-16,1.0,4,1,0,1,0.0,1,12979.0,1,12053.0,1,0.0,1,9274.0,1,10844.0,1,11680.0,1,10104.0,7656.1426,9158.869,-12979.0
1066,2014-12-02,13781.0,1306.0,1.0,1.0,0,0.0,2.0,-0.45662925,0.8896571,-2.4492937e-16,1.0,4,0,0,1,15175.0,1,0.0,1,14482.0,1,13829.0,1,9931.0,1,0.0,1,11221.0,1,10308.0,10663.686,10495.787,15175.0
1066,2014-12-03,12175.0,1153.0,1.0,1.0,0,0.0,3.0,-0.45662925,0.8896571,-2.4492937e-16,1.0,4,0,0,1,13781.0,1,15175.0,1,12979.0,1,12612.0,1,9948.0,1,9758.0,1,0.0,1,0.0,11910.611,11225.835,-1394.0
1066,2014-12-04,12260.0,1149.0,1.0,1.0,0,0.0,4.0,-0.45662925,0.8896571,-2.4492937e-16,1.0,4,0,0,1,12175.0,1,13781.0,1,0.0,1,11470.0,1,10834.0,1,10204.0,1,13076.0,1,9792.0,12016.367,11436.76,-1606.0
1066,2014-12-05,13990.0,1354.0,1.0,1.0,0,0.0,5.0,-0.45662925,0.8896571,-2.4492937e-16,1.0,4,0,0,1,12260.0,1,12175.0,1,15175.0,1,12053.0,1,0.0,1,9274.0,1,11356.0,1,9108.0,12113.82,11619.702,85.0
1066,2014-12-06,12056.0,1209.0,1.0,0.0,0,0.0,6.0,-0.45662925,0.8896571,-2.4492937e-16,1.0,4,0,0,1,13990.0,1,12260.0,1,13781.0,1,14482.0,1,13829.0,1,9931.0,1,10565.0,1,8737.0,12864.292,12146.436,1730.0
1066,2014-12-07,0.0,0.0,0.0,0.0,0,0.0,7.0,-0.45662925,0.8896571,-2.4492937e-16,1.0,4,0,0,1,12056.0,1,13990.0,1,12175.0,1,12979.0,1,12612.0,1,9948.0,1,10768.0,1,8680.0,12540.976,12126.339,-1934.0
1066,2014-12-08,11131.0,1161.0,1.0,0.0,0,0.0,1.0,-0.34820163,0.93741965,-2.4492937e-16,1.0,4,0,0,1,0.0,1,12056.0,1,12260.0,1,0.0,1,11470.0,1,10834.0,1,11146.0,1,9202.0,7524.585,9431.597,-12056.0
1066,2014-12-09,10902.0,1171.0,1.0,0.0,0,0.0,2.0,-0.34820163,0.93741965,-2.4492937e-16,1.0,4,0,0,1,11131.0,1,0.0,1,13990.0,1,15175.0,1,12053.0,1,0.0,1,10844.0,1,10060.0,8967.151,9809.242,11131.0
1066,2014-12-10,10207.0,1052.0,1.0,0.0,0,0.0,3.0,-0.34820163,0.93741965,-2.4492937e-16,1.0,4,0,0,1,10902.0,1,11131.0,1,12056.0,1,13781.0,1,14482.0,1,13829.0,1,0.0,1,0.0,9741.091,10052.077,-229.0
1066,2014-12-11,10079.0,1006.0,1.0,0.0,0,0.0,4.0,-0.34820163,0.93741965,-2.4492937e-16,1.0,4,0,0,1,10207.0,1,10902.0,1,0.0,1,12175.0,1,12979.0,1,12612.0,1,9758.0,1,12896.0,9927.454,10086.504,-695.0
1066,2014-12-12,9908.0,1000.0,1.0,0.0,0,0.0,5.0,-0.34820163,0.93741965,-2.4492937e-16,1.0,4,0,0,1,10079.0,1,10207.0,1,11131.0,1,12260.0,1,0.0,1,11470.0,1,10204.0,1,10094.0,9988.072,10084.837,-128.0
1066,2014-12-13,12469.0,1205.0,1.0,0.0,0,0.0,6.0,-0.34820163,0.93741965,-2.4492937e-16,1.0,4,0,0,1,9908.0,1,10079.0,1,10902.0,1,13990.0,1,15175.0,1,12053.0,1,9274.0,1,9925.0,9956.044,10045.54,-171.0
1066,2014-12-14,0.0,0.0,0.0,0.0,0,0.0,7.0,-0.34820163,0.93741965,-2.4492937e-16,1.0,4,0,0,1,12469.0,1,9908.0,1,10207.0,1,12056.0,1,13781.0,1,14482.0,1,9931.0,1,11227.0,10961.227,10584.086,2561.0
1066,2014-12-15,15696.0,1384.0,1.0,1.0,0,0.0,1.0,-0.23488605,0.9720229,-2.4492937e-16,1.0,4,0,0,1,0.0,1,12469.0,1,10079.0,1,0.0,1,12175.0,1,12979.0,1,9948.0,1,10992.0,6576.736,8232.067,-12469.0
1066,2014-12-16,15726.0,1420.0,1.0,1.0,0,0.0,2.0,-0.23488605,0.9720229,-2.4492937e-16,1.0,4,0,0,1,15696.0,1,0.0,1,9908.0,1,11131.0,1,12260.0,1,0.0,1,10834.0,1,10298.0,10224.441,9890.719,15696.0
1066,2014-12-17,12822.0,1125.0,1.0,1.0,0,0.0,3.0,-0.23488605,0.9720229,-2.4492937e-16,1.0,4,0,0,1,15726.0,1,15696.0,1,12469.0,1,10902.0,1,13990.0,1,15175.0,1,0.0,1,0.0,12425.064,11187.448,30.0
1066,2014-12-18,15124.0,1400.0,1.0,1.0,0,0.0,4.0,-0.23488605,0.9720229,-2.4492937e-16,1.0,4,0,0,1,12822.0,1,15726.0,1,0.0,1,10207.0,1,12056.0,1,13781.0,1,13829.0,1,10610.0,12583.839,11550.682,-2904.0
1066,2014-12-19,13274.0,1290.0,1.0,1.0,0,0.0,5.0,-0.23488605,0.9720229,-2.4492937e-16,1.0,4,0,0,1,15124.0,1,12822.0,1,15696.0,1,10079.0,1,0.0,1,12175.0,1,12612.0,1,9920.0,13599.903,12344.753,2302.0
1066,2014-12-20,13885.0,1339.0,1.0,0.0,0,0.0,6.0,-0.23488605,0.9720229,-2.4492937e-16,1.0,4,0,0,1,13274.0,1,15124.0,1,15726.0,1,9908.0,1,11131.0,1,12260.0,1,11470.0,1,9773.0,13469.542,12551.252,-1850.0
1066,2014-12-21,0.0,0.0,0.0,0.0,0,0.0,7.0,-0.23488605,0.9720229,-2.4492937e-16,1.0,4,0,0,1,13885.0,1,13274.0,1,12822.0,1,12469.0,1,10902.0,1,13990.0,1,12053.0,1,9963.0,13635.726,12847.641,611.0
1066,2014-12-22,17791.0,1765.0,1.0,0.0,0,1.0,1.0,-0.11827317,0.9929811,-2.4492937e-16,1.0,4,0,0,1,0.0,1,13885.0,1,15124.0,1,0.0,1,10207.0,1,12056.0,1,14482.0,1,12733.0,8181.435,9992.609,-13885.0
1066,2014-12-23,17918.0,1907.0,1.0,0.0,0,1.0,2.0,-0.11827317,0.9929811,-2.4492937e-16,1.0,4,0,0,1,17791.0,1,0.0,1,13274.0,1,15696.0,1,10079.0,1,0.0,1,12979.0,1,0.0,12025.261,11725.585,17791.0
1066,2014-12-24,8588.0,934.0,1.0,0.0,0,1.0,3.0,-0.11827317,0.9929811,-2.4492937e-16,1.0,4,0,0,1,17918.0,1,17791.0,1,13885.0,1,15726.0,1,9908.0,1,11131.0,1,0.0,1,0.0,14382.356,13101.677,127.0
1066,2014-12-25,0.0,0.0,0.0,0.0,3,1.0,4.0,-0.11827317,0.9929811,-2.4492937e-16,1.0,4,0,0,1,8588.0,1,17918.0,1,0.0,1,12822.0,1,12469.0,1,10902.0,1,15175.0,1,16936.0,12064.614,12098.638,-9330.0
1066,2014-12-26,0.0,0.0,0.0,0.0,3,1.0,5.0,-0.11827317,0.9929811,-2.4492937e-16,1.0,4,0,0,1,0.0,1,8588.0,1,17791.0,1,15124.0,1,0.0,1,10207.0,1,13781.0,1,13502.0,7238.7686,9410.052,-8588.0
1066,2014-12-27,10530.0,1041.0,1.0,0.0,0,0.0,6.0,-0.11827317,0.9929811,-2.4492937e-16,1.0,4,0,0,1,0.0,1,0.0,1,17918.0,1,13274.0,1,15696.0,1,10079.0,1,12175.0,1,12322.0,4343.261,7318.929,0.0
1066,2014-12-28,0.0,0.0,0.0,0.0,0,0.0,7.0,-0.11827317,0.9929811,-2.4492937e-16,1.0,4,0,0,1,10530.0,1,0.0,1,8588.0,1,13885.0,1,15726.0,1,9908.0,1,12260.0,1,12138.0,6817.9565,8032.5005,10530.0
1066,2014-12-29,12776.0,1276.0,1.0,0.0,0,1.0,1.0,0.11827317,0.9929811,-2.4492937e-16,1.0,4,0,0,1,0.0,1,10530.0,1,0.0,1,0.0,1,12822.0,1,12469.0,1,13990.0,1,11680.0,4090.774,6247.5005,-10530.0
1066,2014-12-30,13347.0,1271.0,1.0,0.0,0,1.0,2.0,0.11827317,0.9929811,-2.4492937e-16,1.0,4,0,0,1,12776.0,1,0.0,1,0.0,1,17791.0,1,15124.0,1,0.0,1,12056.0,1,11221.0,7564.8643,7698.278,12776.0
1066,2014-12-31,7264.0,771.0,1.0,0.0,0,1.0,3.0,0.11827317,0.9929811,-2.4492937e-16,1.0,4,0,1,1,13347.0,1,12776.0,1,10530.0,1,17918.0,1,13274.0,1,15696.0,1,0.0,1,0.0,9877.719,8953.55,571.0
1066,2015-01-01,0.0,0.0,0.0,0.0,1,1.0,4.0,0.11827317,0.9929811,0.5,0.8660254,1,1,0,1,7264.0,1,13347.0,1,0.0,1,8588.0,1,13885.0,1,15726.0,1,11131.0,1,13076.0,8832.231,8578.094,-6083.0
1066,2015-01-02,11796.0,1139.0,1.0,0.0,0,1.0,5.0,0.11827317,0.9929811,0.5,0.8660254,1,0,0,1,0.0,1,7264.0,1,12776.0,1,0.0,1,0.0,1,12822.0,1,10902.0,1,11356.0,5299.339,6671.851,-7264.0
1066,2015-01-03,9465.0,987.0,1.0,0.0,0,0.0,6.0,0.11827317,0.9929811,0.5,0.8660254,1,0,0,1,11796.0,1,0.0,1,13347.0,1,0.0,1,17791.0,1,15124.0,1,10207.0,1,10565.0,7898.0034,7810.551,11796.0
1066,2015-01-04,0.0,0.0,0.0,0.0,0,0.0,7.0,0.11827317,0.9929811,0.5,0.8660254,1,0,0,1,9465.0,1,11796.0,1,7264.0,1,10530.0,1,17918.0,1,13274.0,1,10079.0,1,10768.0,8524.802,8178.206,-2331.0
1066,2015-01-05,14563.0,1366.0,1.0,1.0,0,1.0,1.0,0.23488605,0.9720229,0.5,0.8660254,1,0,0,1,0.0,1,9465.0,1,0.0,1,0.0,1,8588.0,1,13885.0,1,9908.0,1,11146.0,5114.8813,6360.827,-9465.0
1066,2015-01-06,12110.0,1193.0,1.0,1.0,0,1.0,2.0,0.23488605,0.9720229,0.5,0.8660254,1,0,0,1,14563.0,1,0.0,1,11796.0,1,12776.0,1,0.0,1,0.0,1,12469.0,1,10844.0,8894.129,8183.532,14563.0
1066,2015-01-07,10316.0,1088.0,1.0,1.0,0,0.0,3.0,0.23488605,0.9720229,0.5,0.8660254,1,0,0,1,12110.0,1,14563.0,1,9465.0,1,13347.0,1,0.0,1,17791.0,1,0.0,1,0.0,10180.478,9056.08,-2453.0
1066,2015-01-08,8015.0,812.0,1.0,1.0,0,0.0,4.0,0.23488605,0.9720229,0.5,0.8660254,1,0,0,1,10316.0,1,12110.0,1,0.0,1,7264.0,1,10530.0,1,17918.0,1,15696.0,1,9758.0,10234.687,9336.0625,-1794.0
1066,2015-01-09,10530.0,1129.0,1.0,1.0,0,0.0,5.0,0.23488605,0.9720229,0.5,0.8660254,1,0,0,1,8015.0,1,10316.0,1,14563.0,1,0.0,1,0.0,1,8588.0,1,15726.0,1,10204.0,9346.812,9042.493,-2301.0
1066,2015-01-10,10722.0,1026.0,1.0,0.0,0,0.0,6.0,0.23488605,0.9720229,0.5,0.8660254,1,0,0,1,10530.0,1,8015.0,1,12110.0,1,11796.0,1,12776.0,1,0.0,1,12822.0,1,9274.0,9820.087,9373.05,2515.0
1066,2015-01-11,0.0,0.0,0.0,0.0,0,0.0,7.0,0.23488605,0.9720229,0.5,0.8660254,1,0,0,1,10722.0,1,10530.0,1,10316.0,1,9465.0,1,13347.0,1,0.0,1,15124.0,1,9931.0,10180.853,9672.816,192.0
1066,2015-01-12,12690.0,1232.0,1.0,1.0,0,0.0,1.0,0.34820163,0.93741965,0.5,0.8660254,1,0,0,1,0.0,1,10722.0,1,8015.0,1,0.0,1,7264.0,1,10530.0,1,13274.0,1,9948.0,6108.511,7523.302,-10722.0
1066,2015-01-13,10330.0,1019.0,1.0,1.0,0,0.0,2.0,0.34820163,0.93741965,0.5,0.8660254,1,0,0,1,12690.0,1,0.0,1,10530.0,1,14563.0,1,0.0,1,0.0,1,13885.0,1,10834.0,8741.106,8671.457,12690.0
1066,2015-01-14,9584.0,980.0,1.0,1.0,0,0.0,3.0,0.34820163,0.93741965,0.5,0.8660254,1,0,0,1,10330.0,1,12690.0,1,10722.0,1,12110.0,1,11796.0,1,12776.0,1,0.0,1,0.0,9376.664,9040.022,-2360.0
1066,2015-01-15,10100.0,978.0,1.0,1.0,0,0.0,4.0,0.34820163,0.93741965,0.5,0.8660254,1,0,0,1,9584.0,1,10330.0,1,0.0,1,10316.0,1,9465.0,1,13347.0,1,17791.0,1,13829.0,9459.599,9160.906,-746.0
1066,2015-01-16,10934.0,1118.0,1.0,1.0,0,0.0,5.0,0.34820163,0.93741965,0.5,0.8660254,1,0,0,1,10100.0,1,9584.0,1,12690.0,1,8015.0,1,0.0,1,7264.0,1,17918.0,1,12612.0,9715.759,9369.594,516.0
1066,2015-01-17,9508.0,1019.0,1.0,0.0,0,0.0,6.0,0.34820163,0.93741965,0.5,0.8660254,1,0,0,1,10934.0,1,10100.0,1,10330.0,1,10530.0,1,14563.0,1,0.0,1,8588.0,1,11470.0,10203.056,9717.239,834.0
1066,2015-01-18,0.0,0.0,0.0,0.0,0,0.0,7.0,0.34820163,0.93741965,0.5,0.8660254,1,0,0,1,9508.0,1,10934.0,1,9584.0,1,10722.0,1,12110.0,1,11796.0,1,0.0,1,12053.0,9925.033,9670.742,-1426.0
1066,2015-01-19,8643.0,1034.0,1.0,0.0,0,0.0,1.0,0.45662925,0.8896571,0.5,0.8660254,1,0,0,1,0.0,1,9508.0,1,10100.0,1,0.0,1,10316.0,1,9465.0,1,0.0,1,14482.0,5955.02,7521.688,-9508.0
1066,2015-01-20,9103.0,968.0,1.0,0.0,0,0.0,2.0,0.45662925,0.8896571,0.5,0.8660254,1,0,0,1,8643.0,1,0.0,1,10934.0,1,12690.0,1,8015.0,1,0.0,1,10530.0,1,12979.0,7030.212,7770.8687,8643.0
1066,2015-01-21,8701.0,937.0,1.0,0.0,0,0.0,3.0,0.45662925,0.8896571,0.5,0.8660254,1,0,0,1,9103.0,1,8643.0,1,9508.0,1,10330.0,1,10530.0,1,14563.0,1,0.0,1,0.0,7859.327,8066.898,460.0
1066,2015-01-22,8111.0,948.0,1.0,0.0,0,0.0,4.0,0.45662925,0.8896571,0.5,0.8660254,1,0,0,1,8701.0,1,9103.0,1,0.0,1,9584.0,1,10722.0,1,12110.0,1,12776.0,1,15175.0,8195.996,8207.81,-402.0
1066,2015-01-23,9357.0,981.0,1.0,0.0,0,0.0,5.0,0.45662925,0.8896571,0.5,0.8660254,1,0,0,1,8111.0,1,8701.0,1,8643.0,1,10100.0,1,0.0,1,10316.0,1,13347.0,1,13781.0,8161.9976,8186.2964,-590.0
1066,2015-01-24,8789.0,883.0,1.0,0.0,0,0.0,6.0,0.45662925,0.8896571,0.5,0.8660254,1,0,0,1,9357.0,1,8111.0,1,9103.0,1,10934.0,1,12690.0,1,8015.0,1,7264.0,1,12175.0,8639.999,8446.452,1246.0
1066,2015-01-25,0.0,0.0,0.0,0.0,0,0.0,7.0,0.45662925,0.8896571,0.5,0.8660254,1,0,0,1,8789.0,1,9357.0,1,8701.0,1,9508.0,1,10330.0,1,10530.0,1,0.0,1,12260.0,8699.6,8522.574,-568.0
1066,2015-01-26,11223.0,1039.0,1.0,1.0,0,0.0,1.0,0.55864674,0.82940567,0.5,0.8660254,1,0,0,1,0.0,1,8789.0,1,8111.0,1,0.0,1,9584.0,1,10722.0,1,11796.0,1,13990.0,5219.76,6628.669,-8789.0
1066,2015-01-27,12143.0,1186.0,1.0,1.0,0,0.0,2.0,0.55864674,0.82940567,0.5,0.8660254,1,0,0,1,11223.0,1,0.0,1,9357.0,1,8643.0,1,10100.0,1,0.0,1,9465.0,1,12056.0,7621.0557,7649.6313,11223.0
1066,2015-01-28,9854.0,973.0,1.0,1.0,0,0.0,3.0,0.55864674,0.82940567,0.5,0.8660254,1,0,0,1,12143.0,1,11223.0,1,8789.0,1,9103.0,1,10934.0,1,12690.0,1,0.0,1,0.0,9429.833,8648.157,920.0
1066,2015-01-29,10256.0,1038.0,1.0,1.0,0,0.0,4.0,0.55864674,0.82940567,0.5,0.8660254,1,0,0,1,9854.0,1,12143.0,1,0.0,1,8701.0,1,9508.0,1,10330.0,1,14563.0,1,11131.0,9599.5,8916.123,-2289.0
1066,2015-01-30,13030.0,1216.0,1.0,1.0,0,0.0,5.0,0.55864674,0.82940567,0.5,0.8660254,1,0,0,1,10256.0,1,9854.0,1,11223.0,1,8111.0,1,0.0,1,9584.0,1,12110.0,1,10902.0,9862.1,9213.873,402.0
1066,2015-01-31,11464.0,1144.0,1.0,0.0,0,0.0,6.0,0.55864674,0.82940567,0.5,0.8660254,1,0,1,1,13030.0,1,10256.0,1,12143.0,1,9357.0,1,8643.0,1,10100.0,1,10316.0,1,10207.0,11129.26,10061.901,2774.0
1066,2015-02-01,0.0,0.0,0.0,0.0,0,0.0,7.0,0.55864674,0.82940567,0.8660254,0.5,1,1,0,1,11464.0,1,13030.0,1,9854.0,1,8789.0,1,9103.0,1,10934.0,1,8015.0,1,10079.0,11263.156,10373.479,-1566.0
1066,2015-02-02,11227.0,1104.0,1.0,1.0,0,0.0,1.0,0.65282214,0.75751126,0.8660254,0.5,1,0,0,1,0.0,1,11464.0,1,10256.0,1,0.0,1,8701.0,1,9508.0,1,10530.0,1,9908.0,6757.8936,8068.261,-11464.0
1066,2015-02-03,11822.0,1199.0,1.0,1.0,0,0.0,2.0,0.65282214,0.75751126,0.8660254,0.5,1,0,0,1,11227.0,1,0.0,1,13030.0,1,11223.0,1,8111.0,1,0.0,1,10722.0,1,12469.0,8545.536,8770.203,11227.0
1066,2015-02-04,10461.0,1049.0,1.0,1.0,0,0.0,3.0,0.65282214,0.75751126,0.8660254,0.5,1,0,0,1,11822.0,1,11227.0,1,11464.0,1,12143.0,1,9357.0,1,8643.0,1,0.0,1,0.0,9856.122,9448.38,595.0
1066,2015-02-05,10422.0,1059.0,1.0,1.0,0,0.0,4.0,0.65282214,0.75751126,0.8660254,0.5,1,0,0,1,10461.0,1,11822.0,1,0.0,1,9854.0,1,8789.0,1,9103.0,1,12690.0,1,15696.0,10098.073,9673.407,-1361.0
1066,2015-02-06,10627.0,1076.0,1.0,1.0,0,0.0,5.0,0.65282214,0.75751126,0.8660254,0.5,1,0,0,1,10422.0,1,10461.0,1,11227.0,1,10256.0,1,0.0,1,8701.0,1,10330.0,1,15726.0,10227.644,9839.761,-39.0
1066,2015-02-07,10932.0,1035.0,1.0,0.0,0,0.0,6.0,0.65282214,0.75751126,0.8660254,0.5,1,0,0,1,10627.0,1,10422.0,1,11822.0,1,13030.0,1,11223.0,1,8111.0,1,9584.0,1,12822.0,10387.387,10014.703,205.0
1066,2015-02-08,0.0,0.0,0.0,0.0,0,0.0,7.0,0.65282214,0.75751126,0.8660254,0.5,1,0,0,1,10932.0,1,10627.0,1,10461.0,1,11464.0,1,12143.0,1,9357.0,1,10100.0,1,15124.0,10605.231,10218.547,305.0
1066,2015-02-09,10583.0,1112.0,1.0,0.0,0,0.0,1.0,0.73783326,0.674983,0.8660254,0.5,1,0,0,1,0.0,1,10932.0,1,10422.0,1,0.0,1,9854.0,1,8789.0,1,10934.0,1,13274.0,6363.139,7947.759,-10932.0
1066,2015-02-10,9970.0,1070.0,1.0,0.0,0,0.0,2.0,0.73783326,0.674983,0.8660254,0.5,1,0,0,1,10583.0,1,0.0,1,10627.0,1,11227.0,1,10256.0,1,0.0,1,9508.0,1,13885.0,8051.0835,8533.368,10583.0
1066,2015-02-11,10663.0,1159.0,1.0,0.0,0,0.0,3.0,0.73783326,0.674983,0.8660254,0.5,1,0,0,1,9970.0,1,10583.0,1,10932.0,1,11822.0,1,13030.0,1,11223.0,1,0.0,1,0.0,8818.65,8852.619,-613.0
1066,2015-02-12,8522.0,886.0,1.0,0.0,0,0.0,4.0,0.73783326,0.674983,0.8660254,0.5,1,0,0,1,10663.0,1,9970.0,1,0.0,1,10461.0,1,11464.0,1,12143.0,1,8643.0,1,17791.0,9556.39,9254.926,693.0
1066,2015-02-13,10129.0,1099.0,1.0,0.0,0,0.0,5.0,0.73783326,0.674983,0.8660254,0.5,1,0,0,1,8522.0,1,10663.0,1,10583.0,1,10422.0,1,0.0,1,9854.0,1,9103.0,1,17918.0,9142.634,9092.054,-2141.0
1066,2015-02-14,10964.0,1113.0,1.0,0.0,0,0.0,6.0,0.73783326,0.674983,0.8660254,0.5,1,0,0,1,10129.0,1,8522.0,1,9970.0,1,10627.0,1,11227.0,1,10256.0,1,8701.0,1,8588.0,9537.181,9322.486,1607.0
1066,2015-02-15,0.0,0.0,0.0,0.0,0,0.0,7.0,0.73783326,0.674983,0.8660254,0.5,1,0,0,1,10964.0,1,10129.0,1,10663.0,1,10932.0,1,11822.0,1,13030.0,1,8111.0,1,0.0,10107.908,9687.267,835.0
1066,2015-02-16,5716.0,505.0,1.0,1.0,0,0.0,1.0,0.8124869,0.5829795,0.8660254,0.5,1,0,0,1,0.0,1,10964.0,1,8522.0,1,0.0,1,10461.0,1,11464.0,1,9357.0,1,0.0,6064.745,7534.541,-10964.0
1066,2015-02-17,13082.0,1204.0,1.0,1.0,0,0.0,2.0,0.8124869,0.5829795,0.8660254,0.5,1,0,0,1,5716.0,1,0.0,1,10129.0,1,10583.0,1,10422.0,1,0.0,1,8789.0,1,10530.0,5925.247,7130.421,5716.0
1066,2015-02-18,10683.0,1076.0,1.0,1.0,0,0.0,3.0,0.8124869,0.5829795,0.8660254,0.5,1,0,0,1,13082.0,1,5716.0,1,10964.0,1,9970.0,1,10627.0,1,11227.0,1,0.0,1,0.0,8787.948,8452.994,7366.0
1066,2015-02-19,11248.0,1139.0,1.0,1.0,0,0.0,4.0,0.8124869,0.5829795,0.8660254,0.5,1,0,0,1,10683.0,1,13082.0,1,0.0,1,10663.0,1,10932.0,1,11822.0,1,11223.0,1,12776.0,9545.969,8948.551,-2399.0
1066,2015-02-20,10183.0,1015.0,1.0,1.0,0,0.0,5.0,0.8124869,0.5829795,0.8660254,0.5,1,0,0,1,11248.0,1,10683.0,1,5716.0,1,8522.0,1,0.0,1,10461.0,1,12143.0,1,13347.0,10226.781,9459.54,565.0
1066,2015-02-21,10748.0,1060.0,1.0,0.0,0,0.0,6.0,0.8124869,0.5829795,0.8660254,0.5,1,0,0,1,10183.0,1,11248.0,1,13082.0,1,10129.0,1,10583.0,1,10422.0,1,9854.0,1,7264.0,10209.269,9620.309,-1065.0
1066,2015-02-22,0.0,0.0,0.0,0.0,0,0.0,7.0,0.8124869,0.5829795,0.8660254,0.5,1,0,0,1,10748.0,1,10183.0,1,10683.0,1,10964.0,1,9970.0,1,10627.0,1,10256.0,1,0.0,10424.762,9870.906,565.0
1066,2015-02-23,9469.0,1002.0,1.0,0.0,0,0.0,1.0,0.8757349,0.4827922,0.8660254,0.5,1,0,0,1,0.0,1,10748.0,1,11248.0,1,0.0,1,10663.0,1,10932.0,1,13030.0,1,11796.0,6254.857,7677.372,-10748.0
1066,2015-02-24,9454.0,977.0,1.0,0.0,0,0.0,2.0,0.8757349,0.4827922,0.8660254,0.5,1,0,0,1,9469.0,1,0.0,1,10183.0,1,5716.0,1,8522.0,1,0.0,1,11464.0,1,9465.0,7540.514,8075.511,9469.0
1066,2015-02-25,8984.0,989.0,1.0,0.0,0,0.0,3.0,0.8757349,0.4827922,0.8660254,0.5,1,0,0,1,9454.0,1,9469.0,1,10748.0,1,13082.0,1,10129.0,1,10583.0,1,0.0,1,0.0,8305.908,8381.842,-15.0
1066,2015-02-26,9641.0,985.0,1.0,0.0,0,0.0,4.0,0.8757349,0.4827922,0.8660254,0.5,1,0,0,1,8984.0,1,9454.0,1,0.0,1,10683.0,1,10964.0,1,9970.0,1,11227.0,1,14563.0,8577.1455,8515.655,-470.0
1066,2015-02-27,12069.0,1202.0,1.0,0.0,0,0.0,5.0,0.8757349,0.4827922,0.8660254,0.5,1,0,0,1,9641.0,1,8984.0,1,9469.0,1,11248.0,1,0.0,1,10663.0,1,11822.0,1,12110.0,9002.6875,8765.731,657.0
1066,2015-02-28,12450.0,1171.0,1.0,0.0,0,0.0,6.0,0.8757349,0.4827922,0.8660254,0.5,1,0,1,1,12069.0,1,9641.0,1,9454.0,1,10183.0,1,5716.0,1,8522.0,1,10461.0,1,10316.0,10229.212,9499.791,2428.0
1066,2015-03-01,0.0,0.0,0.0,0.0,0,0.0,7.0,0.8757349,0.4827922,1.0,6.123234e-17,1,1,0,1,12450.0,1,12069.0,1,8984.0,1,10748.0,1,13082.0,1,10129.0,1,10422.0,1,8015.0,11117.527,10155.394,381.0
1066,2015-03-02,13447.0,1296.0,1.0,1.0,0,0.0,1.0,0.9266896,0.37582758,1.0,6.123234e-17,1,0,0,1,0.0,1,12450.0,1,9641.0,1,0.0,1,10683.0,1,10964.0,1,10627.0,1,10530.0,6670.5166,7898.639,-12450.0
1066,2015-03-03,11600.0,1143.0,1.0,1.0,0,0.0,2.0,0.9266896,0.37582758,1.0,6.123234e-17,1,0,0,1,13447.0,1,0.0,1,12069.0,1,9469.0,1,11248.0,1,0.0,1,10932.0,1,10722.0,9381.109,9131.608,13447.0
1066,2015-03-04,11891.0,1162.0,1.0,1.0,0,0.0,3.0,0.9266896,0.37582758,1.0,6.123234e-17,1,0,0,1,11600.0,1,13447.0,1,12450.0,1,9454.0,1,10183.0,1,5716.0,1,0.0,1,0.0,10268.666,9680.14,-1847.0
1066,2015-03-05,11511.0,1163.0,1.0,1.0,0,0.0,4.0,0.9266896,0.37582758,1.0,6.123234e-17,1,0,0,1,11891.0,1,11600.0,1,0.0,1,8984.0,1,10748.0,1,13082.0,1,10583.0,1,12690.0,10917.6,10171.442,291.0
1066,2015-03-06,11146.0,1166.0,1.0,1.0,0,0.0,5.0,0.9266896,0.37582758,1.0,6.123234e-17,1,0,0,1,11511.0,1,11891.0,1,13447.0,1,9641.0,1,0.0,1,10683.0,1,9970.0,1,10330.0,11154.96,10469.122,-380.0
1066,2015-03-07,10285.0,1046.0,1.0,0.0,0,0.0,6.0,0.9266896,0.37582758,1.0,6.123234e-17,1,0,0,1,11146.0,1,11511.0,1,11600.0,1,12069.0,1,9469.0,1,11248.0,1,10663.0,1,9584.0,11151.376,10619.539,-365.0
1066,2015-03-08,0.0,0.0,0.0,0.0,0,0.0,7.0,0.9266896,0.37582758,1.0,6.123234e-17,1,0,0,1,10285.0,1,11146.0,1,11891.0,1,12450.0,1,9454.0,1,10183.0,1,8522.0,1,10100.0,10804.825,10545.197,-861.0
1066,2015-03-09,10088.0,1128.0,1.0,0.0,0,0.0,1.0,0.9646356,0.26358718,1.0,6.123234e-17,1,0,0,1,0.0,1,10285.0,1,11511.0,1,0.0,1,8984.0,1,10748.0,1,10129.0,1,10934.0,6482.8955,8201.82,-10285.0
1066,2015-03-10,10608.0,1086.0,1.0,0.0,0,0.0,2.0,0.9646356,0.26358718,1.0,6.123234e-17,1,0,0,1,10088.0,1,0.0,1,11146.0,1,13447.0,1,9641.0,1,0.0,1,10964.0,1,9508.0,7924.937,8620.971,10088.0
1066,2015-03-11,9711.0,973.0,1.0,0.0,0,0.0,3.0,0.9646356,0.26358718,1.0,6.123234e-17,1,0,0,1,10608.0,1,10088.0,1,10285.0,1,11600.0,1,12069.0,1,9469.0,1,0.0,1,0.0,8998.162,9062.533,520.0
1066,2015-03-12,9554.0,1035.0,1.0,0.0,0,0.0,4.0,0.9646356,0.26358718,1.0,6.123234e-17,1,0,0,1,9711.0,1,10608.0,1,0.0,1,11891.0,1,12450.0,1,9454.0,1,5716.0,1,8643.0,9283.298,9206.637,-897.0
1066,2015-03-13,10360.0,1096.0,1.0,0.0,0,0.0,5.0,0.9646356,0.26358718,1.0,6.123234e-17,1,0,0,1,9554.0,1,9711.0,1,10088.0,1,11511.0,1,0.0,1,8984.0,1,13082.0,1,9103.0,9391.578,9283.829,-157.0
1066,2015-03-14,10687.0,1061.0,1.0,0.0,0,0.0,6.0,0.9646356,0.26358718,1.0,6.123234e-17,1,0,0,1,10360.0,1,9554.0,1,10608.0,1,11146.0,1,13447.0,1,9641.0,1,10683.0,1,8701.0,9778.947,9522.978,806.0
1066,2015-03-15,0.0,0.0,0.0,0.0,0,0.0,7.0,0.9646356,0.26358718,1.0,6.123234e-17,1,0,0,1,10687.0,1,10360.0,1,9711.0,1,10285.0,1,11600.0,1,12069.0,1,11248.0,1,8111.0,10142.168,9781.649,327.0
1066,2015-03-16,14228.0,1336.0,1.0,1.0,0,0.0,1.0,0.9890402,0.14764656,1.0,6.123234e-17,1,0,0,1,0.0,1,10687.0,1,9554.0,1,0.0,1,11891.0,1,12450.0,1,10183.0,1,9357.0,6085.301,7607.9497,-10687.0
1066,2015-03-17,12491.0,1194.0,1.0,1.0,0,0.0,2.0,0.9890402,0.14764656,1.0,6.123234e-17,1,0,0,1,14228.0,1,0.0,1,10360.0,1,10088.0,1,11511.0,1,0.0,1,10748.0,1,8789.0,9342.381,9079.072,14228.0
1066,2015-03-18,10794.0,1093.0,1.0,1.0,0,0.0,3.0,0.9890402,0.14764656,1.0,6.123234e-17,1,0,0,1,12491.0,1,14228.0,1,10687.0,1,10608.0,1,11146.0,1,13447.0,1,0.0,1,0.0,10601.828,9837.278,-1737.0
1066,2015-03-19,11210.0,1092.0,1.0,1.0,0,0.0,4.0,0.9890402,0.14764656,1.0,6.123234e-17,1,0,0,1,10794.0,1,12491.0,1,0.0,1,9711.0,1,10285.0,1,11600.0,1,9469.0,1,11223.0,10678.697,10049.883,-1697.0
1066,2015-03-20,12427.0,1204.0,1.0,1.0,0,0.0,5.0,0.9890402,0.14764656,1.0,6.123234e-17,1,0,0,1,11210.0,1,10794.0,1,14228.0,1,9554.0,1,0.0,1,11891.0,1,9454.0,1,12143.0,10891.218,10307.687,416.0
1066,2015-03-21,9764.0,996.0,1.0,0.0,0,0.0,6.0,0.9890402,0.14764656,1.0,6.123234e-17,1,0,0,1,12427.0,1,11210.0,1,12491.0,1,10360.0,1,10088.0,1,11511.0,1,8984.0,1,9854.0,11505.531,10778.6455,1217.0
1066,2015-03-22,0.0,0.0,0.0,0.0,0,0.0,7.0,0.9890402,0.14764656,1.0,6.123234e-17,1,0,0,1,9764.0,1,12427.0,1,10794.0,1,10687.0,1,10608.0,1,11146.0,1,9641.0,1,10256.0,10808.919,10553.169,-2663.0
1066,2015-03-23,10650.0,1117.0,1.0,0.0,0,0.0,1.0,0.99956083,0.029633328,1.0,6.123234e-17,1,0,0,1,0.0,1,9764.0,1,11210.0,1,0.0,1,9711.0,1,10285.0,1,12069.0,1,13030.0,6485.351,8208.02,-9764.0
1066,2015-03-24,10145.0,1053.0,1.0,0.0,0,0.0,2.0,0.99956083,0.029633328,1.0,6.123234e-17,1,0,0,1,10650.0,1,0.0,1,12427.0,1,14228.0,1,9554.0,1,0.0,1,12450.0,1,11464.0,8151.2104,8750.683,10650.0
1066,2015-03-25,9845.0,1014.0,1.0,0.0,0,0.0,3.0,0.99956083,0.029633328,1.0,6.123234e-17,1,0,0,1,10145.0,1,10650.0,1,9764.0,1,12491.0,1,10360.0,1,10088.0,1,0.0,1,0.0,8948.727,9060.53,-505.0
1066,2015-03-26,9560.0,983.0,1.0,0.0,0,0.0,4.0,0.99956083,0.029633328,1.0,6.123234e-17,1,0,0,1,9845.0,1,10145.0,1,0.0,1,10794.0,1,10687.0,1,10608.0,1,13447.0,1,11227.0,9307.236,9234.857,-300.0
1066,2015-03-27,11438.0,1166.0,1.0,0.0,0,0.0,5.0,0.99956083,0.029633328,1.0,6.123234e-17,1,0,0,1,9560.0,1,9845.0,1,10650.0,1,11210.0,1,0.0,1,9711.0,1,11600.0,1,11822.0,9408.342,9307.111,-285.0
1066,2015-03-28,11286.0,1004.0,1.0,0.0,0,0.0,6.0,0.99956083,0.029633328,1.0,6.123234e-17,1,0,0,1,11438.0,1,9560.0,1,10145.0,1,12427.0,1,14228.0,1,9554.0,1,11891.0,1,10461.0,10220.205,9780.642,1878.0
1066,2015-03-29,0.0,0.0,0.0,0.0,0,0.0,7.0,0.99956083,0.029633328,1.0,6.123234e-17,1,0,0,1,11286.0,1,11438.0,1,9845.0,1,9764.0,1,12491.0,1,10360.0,1,11511.0,1,10422.0,10646.522,10115.166,-152.0
1066,2015-03-30,14523.0,1322.0,1.0,1.0,0,1.0,1.0,0.9960498,-0.08879589,1.0,6.123234e-17,1,0,0,1,0.0,1,11286.0,1,9560.0,1,0.0,1,10794.0,1,10687.0,1,11146.0,1,10627.0,6387.9136,7867.351,-11286.0
1066,2015-03-31,13693.0,1193.0,1.0,1.0,0,1.0,2.0,0.9960498,-0.08879589,1.0,6.123234e-17,1,0,1,1,14523.0,1,0.0,1,11438.0,1,10650.0,1,11210.0,1,0.0,1,10285.0,1,10932.0,9641.948,9346.385,14523.0
1066,2015-04-01,13846.0,1263.0,1.0,1.0,0,1.0,3.0,0.9960498,-0.08879589,0.8660254,-0.5,2,1,0,1,13693.0,1,14523.0,1,11286.0,1,10145.0,1,12427.0,1,14228.0,1,0.0,1,0.0,11262.369,10312.299,-830.0
1066,2015-04-02,14338.0,1450.0,1.0,1.0,0,1.0,4.0,0.9960498,-0.08879589,0.8660254,-0.5,2,0,0,1,13846.0,1,13693.0,1,0.0,1,9845.0,1,9764.0,1,12491.0,1,10088.0,1,10583.0,12295.821,11097.565,153.0
1066,2015-04-03,0.0,0.0,0.0,1.0,2,1.0,5.0,0.9960498,-0.08879589,0.8660254,-0.5,2,0,0,1,14338.0,1,13846.0,1,14523.0,1,9560.0,1,0.0,1,10794.0,1,10608.0,1,9970.0,13112.692,11817.662,492.0
1066,2015-04-04,13986.0,1379.0,1.0,0.0,0,0.0,6.0,0.9960498,-0.08879589,0.8660254,-0.5,2,0,0,1,0.0,1,14338.0,1,13693.0,1,11438.0,1,10650.0,1,11210.0,1,9711.0,1,10663.0,7867.6157,9191.516,-14338.0
1066,2015-04-05,0.0,0.0,0.0,0.0,0,0.0,7.0,0.9960498,-0.08879589,0.8660254,-0.5,2,0,0,1,13986.0,1,0.0,1,13846.0,1,11286.0,1,10145.0,1,12427.0,1,9554.0,1,8522.0,10314.97,10256.956,13986.0
1066,2015-04-06,0.0,0.0,0.0,0.0,2,1.0,1.0,0.9785565,-0.20597862,0.8660254,-0.5,2,0,0,1,0.0,1,13986.0,1,14338.0,1,0.0,1,9845.0,1,9764.0,1,10360.0,1,10129.0,6188.9814,7977.633,-13986.0
1066,2015-04-07,11891.0,1268.0,1.0,0.0,0,1.0,2.0,0.9785565,-0.20597862,0.8660254,-0.5,2,0,0,1,0.0,1,0.0,1,0.0,1,14523.0,1,9560.0,1,0.0,1,10687.0,1,10964.0,3713.389,6204.825,0.0
1066,2015-04-08,10173.0,1044.0,1.0,0.0,0,1.0,3.0,0.9785565,-0.20597862,0.8660254,-0.5,2,0,0,1,11891.0,1,0.0,1,13986.0,1,13693.0,1,11438.0,1,10650.0,1,0.0,1,0.0,6984.4336,7468.42,11891.0
1066,2015-04-09,9103.0,969.0,1.0,0.0,0,1.0,4.0,0.9785565,-0.20597862,0.8660254,-0.5,2,0,0,1,10173.0,1,11891.0,1,0.0,1,13846.0,1,11286.0,1,10145.0,1,14228.0,1,5716.0,8259.86,8069.4375,-1718.0
1066,2015-04-10,9049.0,996.0,1.0,0.0,0,1.0,5.0,0.9785565,-0.20597862,0.8660254,-0.5,2,0,0,1,9103.0,1,10173.0,1,0.0,1,14338.0,1,0.0,1,9845.0,1,12491.0,1,13082.0,8597.116,8299.118,-1070.0
1066,2015-04-11,11339.0,1080.0,1.0,0.0,0,0.0,6.0,0.9785565,-0.20597862,0.8660254,-0.5,2,0,0,1,9049.0,1,9103.0,1,11891.0,1,0.0,1,14523.0,1,9560.0,1,10794.0,1,10683.0,8777.869,8465.759,-54.0
1066,2015-04-12,0.0,0.0,0.0,0.0,0,0.0,7.0,0.9785565,-0.20597862,0.8660254,-0.5,2,0,0,1,11339.0,1,9049.0,1,10173.0,1,13986.0,1,13693.0,1,11438.0,1,11210.0,1,11248.0,9802.321,9104.257,2290.0
1066,2015-04-13,14567.0,1402.0,1.0,1.0,0,0.0,1.0,0.94732636,-0.32026985,0.8660254,-0.5,2,0,0,1,0.0,1,11339.0,1,9103.0,1,0.0,1,13846.0,1,11286.0,1,12427.0,1,10183.0,5881.393,7081.0884,-11339.0
1066,2015-04-14,12364.0,1196.0,1.0,1.0,0,0.0,2.0,0.94732636,-0.32026985,0.8660254,-0.5,2,0,0,1,14567.0,1,0.0,1,9049.0,1,0.0,1,14338.0,1,0.0,1,9764.0,1,10748.0,9355.636,8744.624,14567.0
1066,2015-04-15,10914.0,1102.0,1.0,1.0,0,0.0,3.0,0.94732636,-0.32026985,0.8660254,-0.5,2,0,0,1,12364.0,1,14567.0,1,11339.0,1,11891.0,1,0.0,1,14523.0,1,0.0,1,0.0,10558.981,9548.93,-2203.0
1066,2015-04-16,11024.0,1133.0,1.0,1.0,0,0.0,4.0,0.94732636,-0.32026985,0.8660254,-0.5,2,0,0,1,10914.0,1,12364.0,1,0.0,1,10173.0,1,13986.0,1,13693.0,1,10650.0,1,9469.0,10700.989,9852.279,-1450.0
1066,2015-04-17,11289.0,1150.0,1.0,1.0,0,0.0,5.0,0.94732636,-0.32026985,0.8660254,-0.5,2,0,0,1,11024.0,1,10914.0,1,14567.0,1,9103.0,1,0.0,1,13846.0,1,10145.0,1,9454.0,10830.193,10112.661,110.0
1066,2015-04-18,10337.0,1061.0,1.0,0.0,0,0.0,6.0,0.94732636,-0.32026985,0.8660254,-0.5,2,0,0,1,11289.0,1,11024.0,1,12364.0,1,9049.0,1,0.0,1,14338.0,1,9845.0,1,8984.0,11013.716,10374.07,265.0
1066,2015-04-19,0.0,0.0,0.0,0.0,0,0.0,7.0,0.94732636,-0.32026985,0.8660254,-0.5,2,0,0,1,10337.0,1,11289.0,1,10914.0,1,11339.0,1,11891.0,1,0.0,1,9560.0,1,9641.0,10743.029,10365.832,-952.0
1066,2015-04-20,10004.0,1118.0,1.0,0.0,0,0.0,1.0,0.9027978,-0.4300652,0.8660254,-0.5,2,0,0,1,0.0,1,10337.0,1,11024.0,1,0.0,1,10173.0,1,13986.0,1,11438.0,1,12069.0,6445.818,8062.314,-10337.0
1066,2015-04-21,10150.0,1032.0,1.0,0.0,0,0.0,2.0,0.9027978,-0.4300652,0.8660254,-0.5,2,0,0,1,10004.0,1,0.0,1,11289.0,1,14567.0,1,9103.0,1,0.0,1,11286.0,1,12450.0,7869.091,8493.8,10004.0
1066,2015-04-22,9724.0,1000.0,1.0,0.0,0,0.0,3.0,0.9027978,-0.4300652,0.8660254,-0.5,2,0,0,1,10150.0,1,10004.0,1,10337.0,1,12364.0,1,9049.0,1,0.0,1,0.0,1,0.0,8781.454,8861.844,146.0
1066,2015-04-23,9075.0,1006.0,1.0,0.0,0,0.0,4.0,0.9027978,-0.4300652,0.8660254,-0.5,2,0,0,1,9724.0,1,10150.0,1,0.0,1,10914.0,1,11339.0,1,11891.0,1,14523.0,1,13447.0,9158.473,9053.435,-426.0
1066,2015-04-24,9368.0,1013.0,1.0,0.0,0,0.0,5.0,0.9027978,-0.4300652,0.8660254,-0.5,2,0,0,1,9075.0,1,9724.0,1,10004.0,1,11024.0,1,0.0,1,10173.0,1,13693.0,1,11600.0,9125.084,9058.227,-649.0
1066,2015-04-25,10640.0,999.0,1.0,0.0,0,0.0,6.0,0.9027978,-0.4300652,0.8660254,-0.5,2,0,0,1,9368.0,1,9075.0,1,10150.0,1,11289.0,1,14567.0,1,9103.0,1,13846.0,1,11891.0,9222.25,9127.065,293.0
1066,2015-04-26,0.0,0.0,0.0,0.0,0,0.0,7.0,0.9027978,-0.4300652,0.8660254,-0.5,2,0,0,1,10640.0,1,9368.0,1,9724.0,1,10337.0,1,12364.0,1,9049.0,1,14338.0,1,11511.0,9789.35,9463.273,1272.0
1066,2015-04-27,13397.0,1265.0,1.0,1.0,0,0.0,1.0,0.845596,-0.5338234,0.8660254,-0.5,2,0,0,1,0.0,1,10640.0,1,9075.0,1,0.0,1,10914.0,1,11339.0,1,0.0,1,11146.0,5873.61,7360.323,-10640.0
1066,2015-04-28,12516.0,1201.0,1.0,1.0,0,0.0,2.0,0.845596,-0.5338234,0.8660254,-0.5,2,0,0,1,13397.0,1,0.0,1,9368.0,1,10004.0,1,11024.0,1,0.0,1,13986.0,1,10285.0,8882.966,8701.807,13397.0
1066,2015-04-29,12618.0,1107.0,1.0,1.0,0,0.0,3.0,0.845596,-0.5338234,0.8660254,-0.5,2,0,0,1,12516.0,1,13397.0,1,10640.0,1,10150.0,1,11289.0,1,14567.0,1,0.0,1,0.0,10336.18,9549.405,-881.0
1066,2015-04-30,14894.0,1436.0,1.0,1.0,0,0.0,4.0,0.845596,-0.5338234,0.8660254,-0.5,2,0,1,1,12618.0,1,12516.0,1,0.0,1,9724.0,1,10337.0,1,12364.0,1,0.0,1,10088.0,11248.908,10231.315,102.0
1066,2015-05-01,0.0,0.0,0.0,1.0,1,0.0,5.0,0.845596,-0.5338234,0.5,-0.8660254,2,1,0,1,14894.0,1,12618.0,1,13397.0,1,9075.0,1,0.0,1,10914.0,1,11891.0,1,10608.0,12706.944,11267.468,2276.0
1066,2015-05-02,13910.0,1299.0,1.0,0.0,0,0.0,6.0,0.845596,-0.5338234,0.5,-0.8660254,2,0,0,1,0.0,1,14894.0,1,12516.0,1,9368.0,1,10004.0,1,11024.0,1,10173.0,1,9711.0,7624.167,8763.586,-14894.0
1066,2015-05-03,0.0,0.0,0.0,0.0,0,0.0,7.0,0.845596,-0.5338234,0.5,-0.8660254,2,0,0,1,13910.0,1,0.0,1,12618.0,1,10640.0,1,10150.0,1,11289.0,1,9103.0,1,9554.0,10138.5,9907.233,13910.0
1066,2015-05-04,14650.0,1385.0,1.0,1.0,0,0.0,1.0,0.7765239,-0.63008785,0.5,-0.8660254,2,0,0,1,0.0,1,13910.0,1,14894.0,1,0.0,1,9724.0,1,10337.0,1,9049.0,1,10360.0,6083.1,7705.626,-13910.0
1066,2015-05-05,11642.0,1100.0,1.0,1.0,0,0.0,2.0,0.7765239,-0.63008785,0.5,-0.8660254,2,0,0,1,14650.0,1,0.0,1,0.0,1,13397.0,1,9075.0,1,0.0,1,11339.0,1,10687.0,9509.86,9248.82,14650.0
1066,2015-05-06,11261.0,1146.0,1.0,1.0,0,0.0,3.0,0.7765239,-0.63008785,0.5,-0.8660254,2,0,0,1,11642.0,1,14650.0,1,13910.0,1,12516.0,1,9368.0,1,10004.0,1,0.0,1,0.0,10362.716,9780.638,-3008.0
1066,2015-05-07,11858.0,1160.0,1.0,1.0,0,0.0,4.0,0.7765239,-0.63008785,0.5,-0.8660254,2,0,0,1,11261.0,1,11642.0,1,0.0,1,12618.0,1,10640.0,1,10150.0,1,14567.0,1,14228.0,10722.029,10109.607,-381.0
1066,2015-05-08,12042.0,1184.0,1.0,1.0,0,0.0,5.0,0.7765239,-0.63008785,0.5,-0.8660254,2,0,0,1,11858.0,1,11261.0,1,14650.0,1,14894.0,1,0.0,1,9724.0,1,12364.0,1,12491.0,11176.418,10498.139,597.0
1066,2015-05-09,11175.0,1118.0,1.0,0.0,0,0.0,6.0,0.7765239,-0.63008785,0.5,-0.8660254,2,0,0,1,12042.0,1,11858.0,1,11642.0,1,0.0,1,13397.0,1,9075.0,1,10914.0,1,10794.0,11522.65,10841.219,184.0
1066,2015-05-10,0.0,0.0,0.0,0.0,0,0.0,7.0,0.7765239,-0.63008785,0.5,-0.8660254,2,0,0,1,11175.0,1,12042.0,1,11261.0,1,13910.0,1,12516.0,1,9368.0,1,11024.0,1,11210.0,11383.591,10915.393,-867.0
1066,2015-05-11,10732.0,1097.0,1.0,0.0,0,0.0,1.0,0.696551,-0.71750724,0.5,-0.8660254,2,0,0,1,0.0,1,11175.0,1,11858.0,1,0.0,1,12618.0,1,10640.0,1,11289.0,1,12427.0,6830.1543,8489.75,-11175.0
1066,2015-05-12,10690.0,1070.0,1.0,0.0,0,0.0,2.0,0.696551,-0.71750724,0.5,-0.8660254,2,0,0,1,10732.0,1,0.0,1,12042.0,1,14650.0,1,14894.0,1,0.0,1,10337.0,1,9764.0,8390.893,8988.027,10732.0
1066,2015-05-13,10981.0,1188.0,1.0,0.0,0,0.0,3.0,0.696551,-0.71750724,0.5,-0.8660254,2,0,0,1,10690.0,1,10732.0,1,11175.0,1,11642.0,1,0.0,1,13397.0,1,0.0,1,0.0,9310.535,9366.244,-42.0
1066,2015-05-14,0.0,0.0,0.0,0.0,1,0.0,4.0,0.696551,-0.71750724,0.5,-0.8660254,2,0,0,1,10981.0,1,10690.0,1,0.0,1,11261.0,1,13910.0,1,12516.0,1,10004.0,1,10650.0,9978.722,9725.078,291.0
1066,2015-05-15,12172.0,1237.0,1.0,0.0,0,0.0,5.0,0.696551,-0.71750724,0.5,-0.8660254,2,0,0,1,0.0,1,10981.0,1,10732.0,1,11858.0,1,0.0,1,12618.0,1,10150.0,1,10145.0,5987.233,7563.9497,-10981.0
1066,2015-05-16,10173.0,965.0,1.0,0.0,0,0.0,6.0,0.696551,-0.71750724,0.5,-0.8660254,2,0,0,1,12172.0,1,0.0,1,10690.0,1,12042.0,1,14650.0,1,14894.0,1,9724.0,1,9845.0,8461.14,8587.961,12172.0
1066,2015-05-17,0.0,0.0,0.0,0.0,0,0.0,7.0,0.696551,-0.71750724,0.5,-0.8660254,2,0,0,1,10173.0,1,12172.0,1,10981.0,1,11175.0,1,11642.0,1,0.0,1,9075.0,1,9560.0,9145.884,8940.192,-1999.0
1066,2015-05-18,14124.0,1308.0,1.0,1.0,0,0.0,1.0,0.60680014,-0.79485446,0.5,-0.8660254,2,0,0,1,0.0,1,10173.0,1,0.0,1,0.0,1,11261.0,1,13910.0,1,9368.0,1,11438.0,5487.5303,6953.4824,-10173.0
1066,2015-05-19,12868.0,1229.0,1.0,1.0,0,0.0,2.0,0.60680014,-0.79485446,0.5,-0.8660254,2,0,0,1,14124.0,1,0.0,1,12172.0,1,10732.0,1,11858.0,1,0.0,1,10640.0,1,11286.0,8942.118,8546.931,14124.0
1066,2015-05-20,11386.0,1127.0,1.0,1.0,0,0.0,3.0,0.60680014,-0.79485446,0.5,-0.8660254,2,0,0,1,12868.0,1,14124.0,1,10173.0,1,10690.0,1,12042.0,1,14650.0,1,0.0,1,0.0,10512.471,9507.169,-1256.0
1066,2015-05-21,10745.0,1086.0,1.0,1.0,0,0.0,4.0,0.60680014,-0.79485446,0.5,-0.8660254,2,0,0,1,11386.0,1,12868.0,1,0.0,1,10981.0,1,11175.0,1,11642.0,1,13397.0,1,14523.0,10861.883,9924.687,-1482.0
1066,2015-05-22,11127.0,1088.0,1.0,1.0,0,0.0,5.0,0.60680014,-0.79485446,0.5,-0.8660254,2,0,0,1,10745.0,1,11386.0,1,14124.0,1,0.0,1,0.0,1,11261.0,1,12516.0,1,13693.0,10815.13,10106.979,-641.0
1066,2015-05-23,10282.0,1052.0,1.0,0.0,0,0.0,6.0,0.60680014,-0.79485446,0.5,-0.8660254,2,0,0,1,11127.0,1,10745.0,1,12868.0,1,12172.0,1,10732.0,1,11858.0,1,12618.0,1,13846.0,10939.878,10333.65,382.0
1066,2015-05-24,0.0,0.0,0.0,0.0,0,0.0,7.0,0.60680014,-0.79485446,0.5,-0.8660254,2,0,0,1,10282.0,1,11127.0,1,11386.0,1,10173.0,1,10690.0,1,12042.0,1,14894.0,1,14338.0,10676.727,10322.172,-845.0
1066,2015-05-25,0.0,0.0,0.0,0.0,1,0.0,1.0,0.5085311,-0.86104363,0.5,-0.8660254,2,0,0,1,0.0,1,10282.0,1,10745.0,1,0.0,1,10981.0,1,11175.0,1,0.0,1,0.0,6406.036,8028.356,-10282.0
1066,2015-05-26,11955.0,1233.0,1.0,0.0,0,1.0,2.0,0.5085311,-0.86104363,0.5,-0.8660254,2,0,0,1,0.0,1,0.0,1,11127.0,1,14124.0,1,0.0,1,0.0,1,13910.0,1,13986.0,3843.6216,6244.277,0.0
1066,2015-05-27,10071.0,1051.0,1.0,0.0,0,0.0,3.0,0.5085311,-0.86104363,0.5,-0.8660254,2,0,0,1,11955.0,1,0.0,1,10282.0,1,12868.0,1,12172.0,1,10732.0,1,0.0,1,0.0,7088.173,7513.3267,11955.0
1066,2015-05-28,10036.0,1030.0,1.0,0.0,0,0.0,4.0,0.5085311,-0.86104363,0.5,-0.8660254,2,0,0,1,10071.0,1,11955.0,1,0.0,1,11386.0,1,10173.0,1,10690.0,1,14650.0,1,0.0,8281.304,8081.698,-1884.0
1066,2015-05-29,12379.0,1171.0,1.0,0.0,0,0.0,5.0,0.5085311,-0.86104363,0.5,-0.8660254,2,0,0,1,10036.0,1,10071.0,1,0.0,1,10745.0,1,0.0,1,10981.0,1,11642.0,1,11891.0,8983.183,8515.987,-35.0
1066,2015-05-30,11977.0,1109.0,1.0,0.0,0,0.0,6.0,0.5085311,-0.86104363,0.5,-0.8660254,2,0,0,1,12379.0,1,10036.0,1,11955.0,1,11127.0,1,14124.0,1,0.0,1,11261.0,1,10173.0,10341.51,9374.435,2343.0
1066,2015-05-31,0.0,0.0,0.0,0.0,0,0.0,7.0,0.5085311,-0.86104363,0.5,-0.8660254,2,0,1,1,11977.0,1,12379.0,1,10071.0,1,10282.0,1,12868.0,1,12172.0,1,11858.0,1,9103.0,10995.706,9952.782,-402.0
1066,2015-06-01,15616.0,1407.0,1.0,1.0,0,0.0,1.0,0.40312344,-0.91514564,1.2246469e-16,-1.0,2,1,0,1,0.0,1,11977.0,1,10036.0,1,0.0,1,11386.0,1,10173.0,1,12042.0,1,9049.0,6597.4233,7741.053,-11977.0
1066,2015-06-02,13278.0,1204.0,1.0,1.0,0,0.0,2.0,0.40312344,-0.91514564,1.2246469e-16,-1.0,2,0,0,1,15616.0,1,0.0,1,12379.0,1,0.0,1,10745.0,1,0.0,1,11175.0,1,11339.0,10204.8545,9491.041,15616.0
1066,2015-06-03,14075.0,1312.0,1.0,1.0,0,0.0,3.0,0.40312344,-0.91514564,1.2246469e-16,-1.0,2,0,0,1,13278.0,1,15616.0,1,11977.0,1,11955.0,1,11127.0,1,14124.0,1,0.0,1,0.0,11434.112,10332.588,-2338.0
1066,2015-06-04,0.0,0.0,0.0,1.0,1,0.0,4.0,0.40312344,-0.91514564,1.2246469e-16,-1.0,2,0,0,1,14075.0,1,13278.0,1,0.0,1,10071.0,1,10282.0,1,12868.0,1,10732.0,1,14567.0,12490.468,11164.235,797.0
1066,2015-06-05,14040.0,1370.0,1.0,1.0,0,0.0,5.0,0.40312344,-0.91514564,1.2246469e-16,-1.0,2,0,0,1,0.0,1,14075.0,1,15616.0,1,10036.0,1,0.0,1,11386.0,1,10690.0,1,12364.0,7494.2803,8683.294,-14075.0
1066,2015-06-06,10622.0,1075.0,1.0,0.0,0,0.0,6.0,0.40312344,-0.91514564,1.2246469e-16,-1.0,2,0,0,1,14040.0,1,0.0,1,13278.0,1,12379.0,1,0.0,1,10745.0,1,10981.0,1,10914.0,10112.568,9873.673,14040.0
1066,2015-06-07,0.0,0.0,0.0,0.0,0,0.0,7.0,0.40312344,-0.91514564,1.2246469e-16,-1.0,2,0,0,1,10622.0,1,14040.0,1,14075.0,1,11977.0,1,11955.0,1,11127.0,1,0.0,1,11024.0,10316.341,10039.968,-3418.0
1066,2015-06-08,11574.0,1147.0,1.0,0.0,0,0.0,1.0,0.29205677,-0.956401,1.2246469e-16,-1.0,2,0,0,1,0.0,1,10622.0,1,0.0,1,0.0,1,10071.0,1,10282.0,1,12172.0,1,11289.0,6189.8047,7808.864,-10622.0
1066,2015-06-09,11276.0,1100.0,1.0,0.0,0,0.0,2.0,0.29205677,-0.956401,1.2246469e-16,-1.0,2,0,0,1,11574.0,1,0.0,1,14040.0,1,15616.0,1,10036.0,1,0.0,1,10173.0,1,10337.0,8343.482,8645.561,11574.0
1066,2015-06-10,9720.0,1027.0,1.0,0.0,0,0.0,3.0,0.29205677,-0.956401,1.2246469e-16,-1.0,2,0,0,1,11276.0,1,11574.0,1,10622.0,1,13278.0,1,12379.0,1,0.0,1,0.0,1,0.0,9516.489,9230.103,-298.0
1066,2015-06-11,9446.0,941.0,1.0,0.0,0,0.0,4.0,0.29205677,-0.956401,1.2246469e-16,-1.0,2,0,0,1,9720.0,1,11276.0,1,0.0,1,14075.0,1,11977.0,1,11955.0,1,14124.0,1,10004.0,9597.894,9338.969,-1556.0
1066,2015-06-12,10208.0,1019.0,1.0,0.0,0,0.0,5.0,0.29205677,-0.956401,1.2246469e-16,-1.0,2,0,0,1,9446.0,1,9720.0,1,11574.0,1,0.0,1,0.0,1,10071.0,1,12868.0,1,10150.0,9537.137,9362.754,-274.0
1066,2015-06-13,10719.0,1036.0,1.0,0.0,0,0.0,6.0,0.29205677,-0.956401,1.2246469e-16,-1.0,2,0,0,1,10208.0,1,9446.0,1,11276.0,1,14040.0,1,15616.0,1,10036.0,1,11386.0,1,9724.0,9805.481,9550.586,762.0
1066,2015-06-14,0.0,0.0,0.0,0.0,0,0.0,7.0,0.29205677,-0.956401,1.2246469e-16,-1.0,2,0,0,1,10719.0,1,10208.0,1,9720.0,1,10622.0,1,13278.0,1,12379.0,1,10745.0,1,9075.0,10170.889,9810.233,511.0
1066,2015-06-15,14292.0,1300.0,1.0,1.0,0,0.0,1.0,0.17689027,-0.9842306,1.2246469e-16,-1.0,2,0,0,1,0.0,1,10719.0,1,9446.0,1,0.0,1,14075.0,1,11977.0,1,11127.0,1,9368.0,6102.533,7630.1816,-10719.0
1066,2015-06-16,13728.0,1204.0,1.0,1.0,0,0.0,2.0,0.17689027,-0.9842306,1.2246469e-16,-1.0,2,0,0,1,14292.0,1,0.0,1,10208.0,1,11574.0,1,0.0,1,0.0,1,10282.0,1,10640.0,9378.32,9110.586,14292.0
1066,2015-06-17,10848.0,1035.0,1.0,1.0,0,0.0,3.0,0.17689027,-0.9842306,1.2246469e-16,-1.0,2,0,0,1,13728.0,1,14292.0,1,10719.0,1,11276.0,1,14040.0,1,15616.0,1,0.0,1,0.0,11118.192,10136.678,-564.0
1066,2015-06-18,12025.0,1105.0,1.0,1.0,0,0.0,4.0,0.17689027,-0.9842306,1.2246469e-16,-1.0,2,0,0,1,10848.0,1,13728.0,1,0.0,1,9720.0,1,10622.0,1,13278.0,1,0.0,1,13397.0,11010.115,10294.749,-2880.0
1066,2015-06-19,11412.0,1107.0,1.0,1.0,0,0.0,5.0,0.17689027,-0.9842306,1.2246469e-16,-1.0,2,0,0,1,12025.0,1,10848.0,1,14292.0,1,9446.0,1,0.0,1,14075.0,1,11955.0,1,12516.0,11416.069,10679.25,1177.0
1066,2015-06-20,10547.0,1008.0,1.0,0.0,0,0.0,6.0,0.17689027,-0.9842306,1.2246469e-16,-1.0,2,0,0,1,11412.0,1,12025.0,1,13728.0,1,10208.0,1,11574.0,1,0.0,1,10071.0,1,12618.0,11414.441,10842.083,-613.0
1066,2015-06-21,0.0,0.0,0.0,0.0,0,0.0,7.0,0.17689027,-0.9842306,1.2246469e-16,-1.0,2,0,0,1,10547.0,1,11412.0,1,10848.0,1,10719.0,1,11276.0,1,14040.0,1,10036.0,1,14894.0,11067.465,10776.509,-865.0
1066,2015-06-22,9317.0,946.0,1.0,0.0,0,0.0,1.0,0.059240628,-0.99824375,1.2246469e-16,-1.0,2,0,0,1,0.0,1,10547.0,1,12025.0,1,0.0,1,9720.0,1,10622.0,1,12379.0,1,0.0,6640.479,8381.7295,-10547.0
1066,2015-06-23,9651.0,996.0,1.0,0.0,0,0.0,2.0,0.059240628,-0.99824375,1.2246469e-16,-1.0,2,0,0,1,9317.0,1,0.0,1,11412.0,1,14292.0,1,9446.0,1,0.0,1,11977.0,1,13910.0,7711.0874,8589.567,9317.0
1066,2015-06-24,9950.0,998.0,1.0,0.0,0,0.0,3.0,0.059240628,-0.99824375,1.2246469e-16,-1.0,2,0,0,1,9651.0,1,9317.0,1,10547.0,1,13728.0,1,10208.0,1,11574.0,1,0.0,1,0.0,8487.053,8825.441,334.0
1066,2015-06-25,10088.0,989.0,1.0,0.0,0,0.0,4.0,0.059240628,-0.99824375,1.2246469e-16,-1.0,2,0,0,1,9950.0,1,9651.0,1,0.0,1,10848.0,1,10719.0,1,11276.0,1,15616.0,1,14650.0,9072.231,9075.343,299.0
1066,2015-06-26,10741.0,1099.0,1.0,0.0,0,0.0,5.0,0.059240628,-0.99824375,1.2246469e-16,-1.0,2,0,0,1,10088.0,1,9950.0,1,9317.0,1,12025.0,1,0.0,1,9720.0,1,13278.0,1,11642.0,9478.539,9300.378,138.0
1066,2015-06-27,10529.0,1001.0,1.0,0.0,0,0.0,6.0,0.059240628,-0.99824375,1.2246469e-16,-1.0,2,0,0,1,10741.0,1,10088.0,1,9651.0,1,11412.0,1,14292.0,1,9446.0,1,14075.0,1,11261.0,9983.523,9620.517,653.0
1066,2015-06-28,0.0,0.0,0.0,0.0,0,0.0,7.0,0.059240628,-0.99824375,1.2246469e-16,-1.0,2,0,0,1,10529.0,1,10741.0,1,9950.0,1,10547.0,1,13728.0,1,10208.0,1,0.0,1,11858.0,10201.714,9822.401,-212.0
1066,2015-06-29,12426.0,1135.0,1.0,1.0,0,1.0,1.0,-0.059240628,-0.99824375,1.2246469e-16,-1.0,2,0,0,1,0.0,1,10529.0,1,10088.0,1,0.0,1,10848.0,1,10719.0,1,14040.0,1,12042.0,6121.0283,7639.6455,-10529.0
1066,2015-06-30,12319.0,1064.0,1.0,1.0,0,1.0,2.0,-0.059240628,-0.99824375,1.2246469e-16,-1.0,2,0,1,1,12426.0,1,0.0,1,10741.0,1,9317.0,1,12025.0,1,0.0,1,10622.0,1,11175.0,8643.017,8703.28,12426.0
1066,2015-07-01,10916.0,1012.0,1.0,1.0,0,1.0,3.0,-0.059240628,-0.99824375,-0.5,-0.8660254,3,1,0,1,12319.0,1,12426.0,1,10529.0,1,9651.0,1,11412.0,1,14292.0,1,0.0,1,0.0,10113.41,9506.773,-107.0
1066,2015-07-02,9473.0,882.0,1.0,1.0,0,1.0,4.0,-0.059240628,-0.99824375,-0.5,-0.8660254,3,0,0,1,10916.0,1,12319.0,1,0.0,1,9950.0,1,10547.0,1,13728.0,1,11574.0,1,10732.0,10434.446,9819.935,-1403.0
1066,2015-07-03,10150.0,990.0,1.0,1.0,0,1.0,5.0,-0.059240628,-0.99824375,-0.5,-0.8660254,3,0,0,1,9473.0,1,10916.0,1,12426.0,1,10088.0,1,0.0,1,10848.0,1,11276.0,1,10690.0,10049.868,9742.838,-1443.0
1066,2015-07-04,7624.0,779.0,1.0,0.0,0,0.0,6.0,-0.059240628,-0.99824375,-0.5,-0.8660254,3,0,0,1,10150.0,1,9473.0,1,12319.0,1,10741.0,1,9317.0,1,12025.0,1,9720.0,1,10981.0,10089.921,9833.318,677.0
1066,2015-07-05,0.0,0.0,0.0,0.0,0,0.0,7.0,-0.059240628,-0.99824375,-0.5,-0.8660254,3,0,0,1,7624.0,1,10150.0,1,10916.0,1,10529.0,1,9651.0,1,11412.0,1,9446.0,1,0.0,9103.553,9342.358,-2526.0
1066,2015-07-06,9964.0,1011.0,1.0,0.0,0,1.0,1.0,-0.17689027,-0.9842306,-0.5,-0.8660254,3,0,0,1,0.0,1,7624.0,1,9473.0,1,0.0,1,9950.0,1,10547.0,1,10208.0,1,12172.0,5462.1313,7266.2793,-7624.0
1066,2015-07-07,8367.0,829.0,1.0,0.0,0,1.0,2.0,-0.17689027,-0.9842306,-0.5,-0.8660254,3,0,0,1,9964.0,1,0.0,1,10150.0,1,12426.0,1,10088.0,1,0.0,1,10719.0,1,10173.0,7262.879,7865.7725,9964.0
1066,2015-07-08,7718.0,787.0,1.0,0.0,0,1.0,3.0,-0.17689027,-0.9842306,-0.5,-0.8660254,3,0,0,1,8367.0,1,9964.0,1,7624.0,1,12319.0,1,10741.0,1,9317.0,1,0.0,1,0.0,7704.5273,7977.1567,-1597.0
1066,2015-07-09,8447.0,887.0,1.0,0.0,0,1.0,4.0,-0.17689027,-0.9842306,-0.5,-0.8660254,3,0,0,1,7718.0,1,8367.0,1,0.0,1,10916.0,1,10529.0,1,9651.0,1,14292.0,1,14124.0,7709.9165,7919.5664,-649.0
1066,2015-07-10,8348.0,920.0,1.0,0.0,0,1.0,5.0,-0.17689027,-0.9842306,-0.5,-0.8660254,3,0,0,1,8447.0,1,7718.0,1,9964.0,1,9473.0,1,0.0,1,9950.0,1,13728.0,1,12868.0,8004.75,8036.774,729.0
1066,2015-07-11,8700.0,851.0,1.0,0.0,0,0.0,6.0,-0.17689027,-0.9842306,-0.5,-0.8660254,3,0,0,1,8348.0,1,8447.0,1,8367.0,1,10150.0,1,12426.0,1,10088.0,1,10848.0,1,11386.0,8142.05,8105.935,-99.0
1066,2015-07-12,0.0,0.0,0.0,0.0,0,0.0,7.0,-0.17689027,-0.9842306,-0.5,-0.8660254,3,0,0,1,8700.0,1,8348.0,1,7718.0,1,7624.0,1,12319.0,1,10741.0,1,12025.0,1,10745.0,8365.2295,8237.949,352.0
1066,2015-07-13,11503.0,1059.0,1.0,1.0,0,1.0,1.0,-0.29205677,-0.956401,-0.5,-0.8660254,3,0,0,1,0.0,1,8700.0,1,8447.0,1,0.0,1,10916.0,1,10529.0,1,11412.0,1,11127.0,5019.138,6407.294,-8700.0
1066,2015-07-14,10628.0,1002.0,1.0,1.0,0,1.0,2.0,-0.29205677,-0.956401,-0.5,-0.8660254,3,0,0,1,11503.0,1,0.0,1,8348.0,1,9964.0,1,9473.0,1,0.0,1,10547.0,1,10282.0,7612.6826,7539.6733,11503.0
1066,2015-07-15,9559.0,898.0,1.0,1.0,0,1.0,3.0,-0.29205677,-0.956401,-0.5,-0.8660254,3,0,0,1,10628.0,1,11503.0,1,8700.0,1,8367.0,1,10150.0,1,12426.0,1,0.0,1,0.0,8818.81,8225.968,-875.0
1066,2015-07-16,8624.0,911.0,1.0,1.0,0,1.0,4.0,-0.29205677,-0.956401,-0.5,-0.8660254,3,0,0,1,9559.0,1,10628.0,1,0.0,1,7718.0,1,7624.0,1,12319.0,1,9317.0,1,0.0,9114.886,8522.197,-1069.0
1066,2015-07-17,8735.0,865.0,1.0,1.0,0,1.0,5.0,-0.29205677,-0.956401,-0.5,-0.8660254,3,0,0,1,8624.0,1,9559.0,1,11503.0,1,8447.0,1,0.0,1,10916.0,1,9651.0,1,11955.0,8918.531,8544.82,-935.0
1066,2015-07-18,8972.0,876.0,1.0,0.0,0,0.0,6.0,-0.29205677,-0.956401,-0.5,-0.8660254,3,0,0,1,8735.0,1,8624.0,1,10628.0,1,8348.0,1,9964.0,1,9473.0,1,9950.0,1,10071.0,8845.119,8587.082,111.0
1066,2015-07-19,0.0,0.0,0.0,0.0,0,0.0,7.0,-0.29205677,-0.956401,-0.5,-0.8660254,3,0,0,1,8972.0,1,8735.0,1,9559.0,1,8700.0,1,8367.0,1,10150.0,1,10088.0,1,10036.0,8895.871,8672.619,237.0
1066,2015-07-20,8832.0,925.0,1.0,0.0,0,1.0,1.0,-0.40312344,-0.91514564,-0.5,-0.8660254,3,0,0,1,0.0,1,8972.0,1,8624.0,1,0.0,1,7718.0,1,7624.0,1,10741.0,1,12379.0,5337.523,6745.3706,-8972.0
1066,2015-07-21,7834.0,844.0,1.0,0.0,0,1.0,2.0,-0.40312344,-0.91514564,-0.5,-0.8660254,3,0,0,1,8832.0,1,0.0,1,8735.0,1,11503.0,1,8447.0,1,0.0,1,10529.0,1,11977.0,6735.3135,7209.0664,8832.0
1066,2015-07-22,7311.0,794.0,1.0,0.0,0,1.0,3.0,-0.40312344,-0.91514564,-0.5,-0.8660254,3,0,0,1,7834.0,1,8832.0,1,8972.0,1,10628.0,1,8348.0,1,9964.0,1,0.0,1,0.0,7174.788,7347.9404,-998.0
1066,2015-07-23,8201.0,831.0,1.0,0.0,0,1.0,4.0,-0.40312344,-0.91514564,-0.5,-0.8660254,3,0,0,1,7311.0,1,7834.0,1,0.0,1,9559.0,1,8700.0,1,8367.0,1,12426.0,1,15616.0,7229.273,7339.7314,-523.0
1066,2015-07-24,7822.0,817.0,1.0,0.0,0,1.0,5.0,-0.40312344,-0.91514564,-0.5,-0.8660254,3,0,0,1,8201.0,1,7311.0,1,8832.0,1,8624.0,1,0.0,1,7718.0,1,12319.0,1,13278.0,7617.964,7531.1245,890.0
1066,2015-07-25,7280.0,723.0,1.0,0.0,0,0.0,6.0,-0.40312344,-0.91514564,-0.5,-0.8660254,3,0,0,1,7822.0,1,8201.0,1,7834.0,1,8735.0,1,11503.0,1,8447.0,1,10916.0,1,14075.0,7699.578,7595.7637,-379.0
1066,2015-07-26,0.0,0.0,0.0,0.0,0,0.0,7.0,-0.40312344,-0.91514564,-0.5,-0.8660254,3,0,0,1,7280.0,1,7822.0,1,7311.0,1,8972.0,1,10628.0,1,8348.0,1,9473.0,1,0.0,7531.747,7525.5938,-542.0
1066,2015-07-27,11200.0,1076.0,1.0,1.0,0,1.0,1.0,-0.5085311,-0.86104363,-0.5,-0.8660254,3,0,0,1,0.0,1,7280.0,1,8201.0,1,0.0,1,9559.0,1,8700.0,1,10150.0,1,14040.0,4519.0483,5853.2397,-7280.0
1066,2015-07-28,9406.0,927.0,1.0,1.0,0,1.0,2.0,-0.5085311,-0.86104363,-0.5,-0.8660254,3,0,0,1,11200.0,1,0.0,1,7822.0,1,8832.0,1,8624.0,1,0.0,1,7624.0,1,10622.0,7191.4287,7041.4087,11200.0
1066,2015-07-29,9573.0,925.0,1.0,1.0,0,1.0,3.0,-0.5085311,-0.86104363,-0.5,-0.8660254,3,0,0,1,9406.0,1,11200.0,1,7280.0,1,7834.0,1,8735.0,1,11503.0,1,0.0,1,0.0,8077.2573,7566.8735,-1794.0
1066,2015-07-30,10072.0,914.0,1.0,1.0,0,1.0,4.0,-0.5085311,-0.86104363,-0.5,-0.8660254,3,0,0,1,9573.0,1,9406.0,1,0.0,1,7311.0,1,8972.0,1,10628.0,1,9964.0,1,11574.0,8675.555,8012.679,167.0
1066,2015-07-31,10664.0,1021.0,1.0,1.0,0,1.0,5.0,-0.5085311,-0.86104363,-0.5,-0.8660254,3,0,1,1,10072.0,1,9573.0,1,11200.0,1,8201.0,1,0.0,1,9559.0,1,8367.0,1,11276.0,9234.133,8470.306,499.0
