id,timestamp,target,Customers,Open,Promo,StateHoliday,SchoolHoliday,DayOfWeek,week_sin,week_cos,month_sin,month_cos,quarter,is_month_start,is_month_end,lag_1_known,lag_1,lag_2_known,lag_2,lag_4_known,lag_4,lag_8_known,lag_8,lag_12_known,lag_12,lag_16_known,lag_16,lag_24_known,lag_24,lag_52_known,lag_52,ema_4,ema_8,chg_1
274,2013-01-01,3102.0,729.0,1.0,0.0,1,1.0,2.0,0.11827317,0.9929811,0.5,0.8660254,1,1,0,0,0.0,0,0.0,0,0.0,0,0.0,0,0.0,0,0.0,0,0.0,0,0.0,0.0,0.0,0.0
274,2013-01-02,2038.0,596.0,1.0,0.0,0,1.0,3.0,0.11827317,0.9929811,0.5,0.8660254,1,0,0,1,3102.0,0,0.0,0,0.0,0,0.0,0,0.0,0,0.0,0,0.0,0,0.0,3102.0,3102.0,0.0
274,2013-01-03,1820.0,543.0,1.0,0.0,0,1.0,4.0,0.11827317,0.9929811,0.5,0.8660254,1,0,0,1,2038.0,1,3102.0,0,0.0,0,0.0,0,0.0,0,0.0,0,0.0,0,0.0,2676.4,2865.5557,-1064.0
274,2013-01-04,1870.0,548.0,1.0,0.0,0,1.0,5.0,0.11827317,0.9929811,0.5,0.8660254,1,0,0,1,1820.0,1,2038.0,0,0.0,0,0.0,0,0.0,0,0.0,0,0.0,0,0.0,2333.84,2633.21,-218.0
274,2013-01-05,2057.0,577.0,1.0,0.0,0,1.0,6.0,0.11827317,0.9929811,0.5,0.8660254,1,0,0,1,1870.0,1,1820.0,1,3102.0,0,0.0,0,0.0,0,0.0,0,0.0,0,0.0,2148.304,2463.6077,50.0
274,2013-01-06,3802.0,932.0,1.0,0.0,0,1.0,7.0,0.11827317,0.9929811,0.5,0.8660254,1,0,0,1,2057.0,1,1870.0,1,2038.0,0,0.0,0,0.0,0,0.0,0,0.0,0,0.0,2111.7825,2373.2505,187.0
274,2013-01-07,1935.0,561.0,1.0,1.0,0,1.0,1.0,0.23488605,0.9720229,0.5,0.8660254,1,0,0,1,3802.0,1,2057.0,1,1820.0,0,0.0,0,0.0,0,0.0,0,0.0,0,0.0,2787.8694,2690.7502,1745.0
274,2013-01-08,1580.0,480.0,1.0,1.0,0,1.0,2.0,0.23488605,0.9720229,0.5,0.8660254,1,0,0,1,1935.0,1,3802.0,1,1870.0,0,0.0,0,0.0,0,0.0,0,0.0,0,0.0,2446.7217,2522.806,-1867.0
274,2013-01-09,1676.0,517.0,1.0,1.0,0,1.0,3.0,0.23488605,0.9720229,0.5,0.8660254,1,0,0,1,1580.0,1,1935.0,1,2057.0,1,3102.0,0,0.0,0,0.0,0,0.0,0,0.0,2100.033,2313.2935,-355.0
274,2013-01-10,1721.0,494.0,1.0,1.0,0,1.0,4.0,0.23488605,0.9720229,0.5,0.8660254,1,0,0,1,1676.0,1,1580.0,1,3802.0,1,2038.0,0,0.0,0,0.0,0,0.0,0,0.0,1930.4198,2171.6726,96.0
274,2013-01-11,2021.0,652.0,1.0,1.0,0,1.0,5.0,0.23488605,0.9720229,0.5,0.8660254,1,0,0,1,1721.0,1,1676.0,1,1935.0,1,1820.0,0,0.0,0,0.0,0,0.0,0,0.0,1846.6519,2071.5232,45.0
274,2013-01-12,2035.0,515.0,1.0,0.0,0,0.0,6.0,0.23488605,0.9720229,0.5,0.8660254,1,0,0,1,2021.0,1,1721.0,1,1580.0,1,1870.0,0,0.0,0,0.0,0,0.0,0,0.0,1916.3911,2060.296,300.0
274,2013-01-13,4505.0,1016.0,1.0,0.0,0,0.0,7.0,0.23488605,0.9720229,0.5,0.8660254,1,0,0,1,2035.0,1,2021.0,1,1676.0,1,2057.0,1,3102.0,0,0.0,0,0.0,0,0.0,1963.8347,2054.6746,14.0
274,2013-01-14,2041.0,625.0,1.0,0.0,0,0.0,1.0,0.34820163,0.93741965,0.5,0.8660254,1,0,0,1,4505.0,1,2035.0,1,1721.0,1,3802.0,1,2038.0,0,0.0,0,0.0,0,0.0,2980.3008,2599.1914,2470.0
274,2013-01-15,2164.0,629.0,1.0,0.0,0,0.0,2.0,0.34820163,0.93741965,0.5,0.8660254,1,0,0,1,2041.0,1,4505.0,1,2021.0,1,1935.0,1,1820.0,0,0.0,0,0.0,0,0.0,2604.5806,2475.1487,-2464.0
274,2013-01-16,2052.0,602.0,1.0,0.0,0,0.0,3.0,0.34820163,0.93741965,0.5,0.8660254,1,0,0,1,2164.0,1,2041.0,1,2035.0,1,1580.0,1,1870.0,0,0.0,0,0.0,0,0.0,2428.3484,2406.0046,123.0
274,2013-01-17,2098.0,636.0,1.0,0.0,0,0.0,4.0,0.34820163,0.93741965,0.5,0.8660254,1,0,0,1,2052.0,1,2164.0,1,4505.0,1,1676.0,1,2057.0,1,3102.0,0,0.0,0,0.0,2277.809,2327.337,-112.0
274,2013-01-18,2296.0,744.0,1.0,0.0,0,0.0,5.0,0.34820163,0.93741965,0.5,0.8660254,1,0,0,1,2098.0,1,2052.0,1,2041.0,1,1721.0,1,3802.0,1,2038.0,0,0.0,0,0.0,2205.8855,2276.373,46.0
274,2013-01-19,2052.0,541.0,1.0,0.0,0,0.0,6.0,0.34820163,0.93741965,0.5,0.8660254,1,0,0,1,2296.0,1,2098.0,1,2164.0,1,2021.0,1,1935.0,1,1820.0,0,0.0,0,0.0,2241.9312,2280.7346,198.0
274,2013-01-20,4461.0,1048.0,1.0,0.0,0,0.0,7.0,0.34820163,0.93741965,0.5,0.8660254,1,0,0,1,2052.0,1,2296.0,1,2052.0,1,2035.0,1,1580.0,1,1870.0,0,0.0,0,0.0,2165.9587,2229.9048,-244.0
274,2013-01-21,1653.0,563.0,1.0,1.0,0,0.0,1.0,0.45662925,0.8896571,0.5,0.8660254,1,0,0,1,4461.0,1,2052.0,1,2098.0,1,4505.0,1,1676.0,1,2057.0,0,0.0,0,0.0,3083.9753,2725.7036,2409.0
274,2013-01-22,2202.0,599.0,1.0,1.0,0,0.0,2.0,0.45662925,0.8896571,0.5,0.8660254,1,0,0,1,1653.0,1,4461.0,1,2296.0,1,2041.0,1,1721.0,1,3802.0,0,0.0,0,0.0,2511.5852,2487.3252,-2808.0
274,2013-01-23,2000.0,581.0,1.0,1.0,0,0.0,3.0,0.45662925,0.8896571,0.5,0.8660254,1,0,0,1,2202.0,1,1653.0,1,2052.0,1,2164.0,1,2021.0,1,1935.0,0,0.0,0,0.0,2387.751,2423.9194,549.0
274,2013-01-24,2392.0,650.0,1.0,1.0,0,0.0,4.0,0.45662925,0.8896571,0.5,0.8660254,1,0,0,1,2000.0,1,2202.0,1,4461.0,1,2052.0,1,2035.0,1,1580.0,0,0.0,0,0.0,2232.6506,2329.715,-202.0
274,2013-01-25,2863.0,808.0,1.0,1.0,0,0.0,5.0,0.45662925,0.8896571,0.5,0.8660254,1,0,0,1,2392.0,1,2000.0,1,1653.0,1,2098.0,1,4505.0,1,1676.0,1,3102.0,0,0.0,2296.3904,2343.5562,392.0
274,2013-01-26,2036.0,551.0,1.0,0.0,0,0.0,6.0,0.45662925,0.8896571,0.5,0.8660254,1,0,0,1,2863.0,1,2392.0,1,2202.0,1,2296.0,1,2041.0,1,1721.0,1,2038.0,0,0.0,2523.0342,2458.9883,471.0
274,2013-01-27,4606.0,1088.0,1.0,0.0,0,0.0,7.0,0.45662925,0.8896571,0.5,0.8660254,1,0,0,1,2036.0,1,2863.0,1,2000.0,1,2052.0,1,2164.0,1,2021.0,1,1820.0,0,0.0,2328.2205,2364.9907,-827.0
274,2013-01-28,2076.0,670.0,1.0,0.0,0,0.0,1.0,0.55864674,0.82940567,0.5,0.8660254,1,0,0,1,4606.0,1,2036.0,1,2392.0,1,4461.0,1,2052.0,1,2035.0,1,1870.0,0,0.0,3239.3323,2862.993,2570.0
274,2013-01-29,2048.0,602.0,1.0,0.0,0,0.0,2.0,0.55864674,0.82940567,0.5,0.8660254,1,0,0,1,2076.0,1,4606.0,1,2863.0,1,1653.0,1,2098.0,1,4505.0,1,2057.0,0,0.0,2773.9995,2688.1055,-2530.0
274,2013-01-30,2146.0,675.0,1.0,0.0,0,0.0,3.0,0.55864674,0.82940567,0.5,0.8660254,1,0,0,1,2048.0,1,2076.0,1,2036.0,1,2202.0,1,2296.0,1,2041.0,1,3802.0,0,0.0,2483.5996,2545.8599,-28.0
274,2013-01-31,2447.0,710.0,1.0,0.0,0,0.0,4.0,0.55864674,0.82940567,0.5,0.8660254,1,0,1,1,2146.0,1,2048.0,1,4606.0,1,2000.0,1,2052.0,1,2164.0,1,1935.0,0,0.0,2348.5598,2457.0022,98.0
274,2013-02-01,2946.0,860.0,1.0,0.0,0,0.0,5.0,0.55864674,0.82940567,0.8660254,0.5,1,1,0,1,2447.0,1,2146.0,1,2076.0,1,2392.0,1,4461.0,1,2052.0,1,1580.0,0,0.0,2387.9358,2454.7795,301.0
274,2013-02-02,2236.0,590.0,1.0,0.0,0,0.0,6.0,0.55864674,0.82940567,0.8660254,0.5,1,0,0,1,2946.0,1,2447.0,1,2048.0,1,2863.0,1,1653.0,1,2098.0,1,1676.0,0,0.0,2611.1616,2563.9395,499.0
274,2013-02-03,4575.0,1112.0,1.0,0.0,0,0.0,7.0,0.55864674,0.82940567,0.8660254,0.5,1,0,0,1,2236.0,1,2946.0,1,2146.0,1,2036.0,1,2202.0,1,2296.0,1,1721.0,0,0.0,2461.097,2491.0642,-710.0
274,2013-02-04,2215.0,687.0,1.0,1.0,0,0.0,1.0,0.65282214,0.75751126,0.8660254,0.5,1,0,0,1,4575.0,1,2236.0,1,2447.0,1,4606.0,1,2000.0,1,2052.0,1,2021.0,0,0.0,3306.6582,2954.161,2339.0
274,2013-02-05,1869.0,599.0,1.0,1.0,0,0.0,2.0,0.65282214,0.75751126,0.8660254,0.5,1,0,0,1,2215.0,1,4575.0,1,2946.0,1,2076.0,1,2392.0,1,4461.0,1,2035.0,0,0.0,2869.9949,2789.903,-2360.0
274,2013-02-06,1662.0,512.0,1.0,1.0,0,0.0,3.0,0.65282214,0.75751126,0.8660254,0.5,1,0,0,1,1869.0,1,2215.0,1,2236.0,1,2048.0,1,2863.0,1,1653.0,1,4505.0,0,0.0,2469.597,2585.2578,-346.0
274,2013-02-07,0.0,0.0,0.0,1.0,0,0.0,4.0,0.65282214,0.75751126,0.8660254,0.5,1,0,0,1,1662.0,1,1869.0,1,4575.0,1,2146.0,1,2036.0,1,2202.0,1,2041.0,0,0.0,2146.558,2380.0894,-207.0
274,2013-02-08,0.0,0.0,0.0,1.0,0,0.0,5.0,0.65282214,0.75751126,0.8660254,0.5,1,0,0,1,0.0,1,1662.0,1,2215.0,1,2447.0,1,4606.0,1,2000.0,1,2164.0,0,0.0,1287.9349,1851.1807,-1662.0
274,2013-02-09,0.0,0.0,0.0,0.0,0,0.0,6.0,0.65282214,0.75751126,0.8660254,0.5,1,0,0,1,0.0,1,0.0,1,1869.0,1,2946.0,1,2076.0,1,2392.0,1,2052.0,0,0.0,772.7609,1439.8073,0.0
274,2013-02-10,0.0,0.0,0.0,0.0,0,0.0,7.0,0.65282214,0.75751126,0.8660254,0.5,1,0,0,1,0.0,1,0.0,1,1662.0,1,2236.0,1,2048.0,1,2863.0,1,2098.0,0,0.0,463.65656,1119.8501,0.0
274,2013-02-11,0.0,0.0,0.0,0.0,0,0.0,1.0,0.73783326,0.674983,0.8660254,0.5,1,0,0,1,0.0,1,0.0,1,0.0,1,4575.0,1,2146.0,1,2036.0,1,2296.0,0,0.0,278.19394,870.9945,0.0
274,2013-02-12,0.0,0.0,0.0,0.0,0,0.0,2.0,0.73783326,0.674983,0.8660254,0.5,1,0,0,1,0.0,1,0.0,1,0.0,1,2215.0,1,2447.0,1,4606.0,1,2052.0,0,0.0,166.91637,677.4401,0.0
274,2013-02-13,0.0,0.0,0.0,0.0,0,0.0,3.0,0.73783326,0.674983,0.8660254,0.5,1,0,0,1,0.0,1,0.0,1,0.0,1,1869.0,1,2946.0,1,2076.0,1,4461.0,0,0.0,100.14982,526.8979,0.0
274,2013-02-14,0.0,0.0,0.0,0.0,0,0.0,4.0,0.73783326,0.674983,0.8660254,0.5,1,0,0,1,0.0,1,0.0,1,0.0,1,1662.0,1,2236.0,1,2048.0,1,1653.0,0,0.0,60.08989,409.80948,0.0
274,2013-02-15,0.0,0.0,0.0,0.0,0,0.0,5.0,0.73783326,0.674983,0.8660254,0.5,1,0,0,1,0.0,1,0.0,1,0.0,1,0.0,1,4575.0,1,2146.0,1,2202.0,0,0.0,36.053936,318.7407,0.0
274,2013-02-16,0.0,0.0,0.0,0.0,0,0.0,6.0,0.73783326,0.674983,0.8660254,0.5,1,0,0,1,0.0,1,0.0,1,0.0,1,0.0,1,2215.0,1,2447.0,1,2000.0,0,0.0,21.63236,247.90944,0.0
274,2013-02-17,7158.0,1232.0,1.0,0.0,0,0.0,7.0,0.73783326,0.674983,0.8660254,0.5,1,0,0,1,0.0,1,0.0,1,0.0,1,0.0,1,1869.0,1,2946.0,1,2392.0,0,0.0,12.979416,192.81845,0.0
274,2013-02-18,4311.0,890.0,1.0,1.0,0,0.0,1.0,0.8124869,0.5829795,0.8660254,0.5,1,0,0,1,7158.0,1,0.0,1,0.0,1,0.0,1,1662.0,1,2236.0,1,2863.0,0,0.0,2870.9875,1740.6366,7158.0
274,2013-02-19,3312.0,828.0,1.0,1.0,0,0.0,2.0,0.8124869,0.5829795,0.8660254,0.5,1,0,0,1,4311.0,1,7158.0,1,0.0,1,0.0,1,0.0,1,4575.0,1,2036.0,0,0.0,3446.9927,2311.8284,-2847.0
274,2013-02-20,2909.0,746.0,1.0,1.0,0,0.0,3.0,0.8124869,0.5829795,0.8660254,0.5,1,0,0,1,3312.0,1,4311.0,1,0.0,1,0.0,1,0.0,1,2215.0,1,4606.0,0,0.0,3392.9956,2534.0889,-999.0
274,2013-02-21,2923.0,827.0,1.0,1.0,0,0.0,4.0,0.8124869,0.5829795,0.8660254,0.5,1,0,0,1,2909.0,1,3312.0,1,7158.0,1,0.0,1,0.0,1,1869.0,1,2076.0,0,0.0,3199.3972,2617.4023,-403.0
274,2013-02-22,3324.0,909.0,1.0,1.0,0,0.0,5.0,0.8124869,0.5829795,0.8660254,0.5,1,0,0,1,2923.0,1,2909.0,1,4311.0,1,0.0,1,0.0,1,1662.0,1,2048.0,1,3102.0,3088.8384,2685.313,14.0
274,2013-02-23,2914.0,710.0,1.0,0.0,0,0.0,6.0,0.8124869,0.5829795,0.8660254,0.5,1,0,0,1,3324.0,1,2923.0,1,3312.0,1,0.0,1,0.0,1,0.0,1,2146.0,1,2038.0,3182.903,2827.2434,401.0
274,2013-02-24,5134.0,1239.0,1.0,0.0,0,0.0,7.0,0.8124869,0.5829795,0.8660254,0.5,1,0,0,1,2914.0,1,3324.0,1,2909.0,1,0.0,1,0.0,1,0.0,1,2447.0,1,1820.0,3075.3418,2846.5227,-410.0
274,2013-02-25,2892.0,796.0,1.0,0.0,0,0.0,1.0,0.8757349,0.4827922,0.8660254,0.5,1,0,0,1,5134.0,1,2914.0,1,2923.0,1,7158.0,1,0.0,1,0.0,1,2946.0,1,1870.0,3898.8052,3354.851,2220.0
274,2013-02-26,2757.0,755.0,1.0,0.0,0,0.0,2.0,0.8757349,0.4827922,0.8660254,0.5,1,0,0,1,2892.0,1,5134.0,1,3324.0,1,4311.0,1,0.0,1,0.0,1,2236.0,1,2057.0,3496.083,3251.995,-2242.0
274,2013-02-27,2814.0,740.0,1.0,0.0,0,0.0,3.0,0.8757349,0.4827922,0.8660254,0.5,1,0,0,1,2757.0,1,2892.0,1,2914.0,1,3312.0,1,0.0,1,0.0,1,4575.0,1,3802.0,3200.45,3141.9963,-135.0
274,2013-02-28,2955.0,768.0,1.0,0.0,0,0.0,4.0,0.8757349,0.4827922,0.8660254,0.5,1,0,1,1,2814.0,1,2757.0,1,5134.0,1,2909.0,1,0.0,1,0.0,1,2215.0,1,1935.0,3045.8699,3069.1082,57.0
274,2013-03-01,3438.0,942.0,1.0,0.0,0,0.0,5.0,0.8757349,0.4827922,1.0,6.123234e-17,1,1,0,1,2955.0,1,2814.0,1,2892.0,1,2923.0,1,7158.0,1,0.0,1,1869.0,1,1580.0,3009.522,3043.7507,141.0
274,2013-03-02,2852.0,689.0,1.0,0.0,0,0.0,6.0,0.8757349,0.4827922,1.0,6.123234e-17,1,0,0,1,3438.0,1,2955.0,1,2757.0,1,3324.0,1,4311.0,1,0.0,1,1662.0,1,1676.0,3180.913,3131.3618,483.0
274,2013-03-03,5352.0,1216.0,1.0,0.0,0,0.0,7.0,0.8757349,0.4827922,1.0,6.123234e-17,1,0,0,1,2852.0,1,3438.0,1,2814.0,1,2914.0,1,3312.0,1,0.0,1,0.0,1,1721.0,3049.348,3069.2812,-586.0
274,2013-03-04,3171.0,811.0,1.0,1.0,0,0.0,1.0,0.9266896,0.37582758,1.0,6.123234e-17,1,0,0,1,5352.0,1,2852.0,1,2955.0,1,5134.0,1,2909.0,1,0.0,1,0.0,1,2021.0,3970.4087,3576.5522,2500.0
274,2013-03-05,3048.0,799.0,1.0,1.0,0,0.0,2.0,0.9266896,0.37582758,1.0,6.123234e-17,1,0,0,1,3171.0,1,5352.0,1,3438.0,1,2892.0,1,2923.0,1,7158.0,1,0.0,1,2035.0,3650.6453,3486.4294,-2181.0
274,2013-03-06,3134.0,795.0,1.0,1.0,0,0.0,3.0,0.9266896,0.37582758,1.0,6.123234e-17,1,0,0,1,3048.0,1,3171.0,1,2852.0,1,2757.0,1,3324.0,1,4311.0,1,0.0,1,4505.0,3409.5872,3389.0007,-123.0
274,2013-03-07,3188.0,808.0,1.0,1.0,0,0.0,4.0,0.9266896,0.37582758,1.0,6.123234e-17,1,0,0,1,3134.0,1,3048.0,1,5352.0,1,2814.0,1,2914.0,1,3312.0,1,0.0,1,2041.0,3299.3523,3332.334,86.0
274,2013-03-08,3628.0,960.0,1.0,1.0,0,0.0,5.0,0.9266896,0.37582758,1.0,6.123234e-17,1,0,0,1,3188.0,1,3134.0,1,3171.0,1,2955.0,1,5134.0,1,2909.0,1,0.0,1,2164.0,3254.8113,3300.2598,54.0
274,2013-03-09,3069.0,716.0,1.0,0.0,0,0.0,6.0,0.9266896,0.37582758,1.0,6.123234e-17,1,0,0,1,3628.0,1,3188.0,1,3048.0,1,3438.0,1,2892.0,1,2923.0,1,0.0,1,2052.0,3404.087,3373.0908,440.0
274,2013-03-10,5541.0,1263.0,1.0,0.0,0,0.0,7.0,0.9266896,0.37582758,1.0,6.123234e-17,1,0,0,1,3069.0,1,3628.0,1,3134.0,1,2852.0,1,2757.0,1,3324.0,1,0.0,1,2098.0,3270.052,3305.5151,-559.0
274,2013-03-11,3095.0,838.0,1.0,0.0,0,0.0,1.0,0.9646356,0.26358718,1.0,6.123234e-17,1,0,0,1,5541.0,1,3069.0,1,3188.0,1,5352.0,1,2814.0,1,2914.0,1,0.0,1,2296.0,4178.431,3802.2896,2472.0
274,2013-03-12,2557.0,753.0,1.0,0.0,0,0.0,2.0,0.9646356,0.26358718,1.0,6.123234e-17,1,0,0,1,3095.0,1,5541.0,1,3628.0,1,3171.0,1,2955.0,1,5134.0,1,0.0,1,2052.0,3745.0588,3645.114,-2446.0
274,2013-03-13,3210.0,826.0,1.0,0.0,0,0.0,3.0,0.9646356,0.26358718,1.0,6.123234e-17,1,0,0,1,2557.0,1,3095.0,1,3069.0,1,3048.0,1,3438.0,1,2892.0,1,7158.0,1,4461.0,3269.8352,3403.311,-538.0
274,2013-03-14,2841.0,788.0,1.0,0.0,0,0.0,4.0,0.9646356,0.26358718,1.0,6.123234e-17,1,0,0,1,3210.0,1,2557.0,1,5541.0,1,3134.0,1,2852.0,1,2757.0,1,4311.0,1,1653.0,3245.9011,3360.353,653.0
274,2013-03-15,3576.0,925.0,1.0,0.0,0,0.0,5.0,0.9646356,0.26358718,1.0,6.123234e-17,1,0,0,1,2841.0,1,3210.0,1,3095.0,1,3188.0,1,5352.0,1,2814.0,1,3312.0,1,2202.0,3083.9407,3244.9412,-369.0
274,2013-03-16,2888.0,714.0,1.0,0.0,0,0.0,6.0,0.9646356,0.26358718,1.0,6.123234e-17,1,0,0,1,3576.0,1,2841.0,1,2557.0,1,3628.0,1,3171.0,1,2955.0,1,2909.0,1,2000.0,3280.7644,3318.5098,735.0
274,2013-03-17,5810.0,1333.0,1.0,0.0,0,0.0,7.0,0.9646356,0.26358718,1.0,6.123234e-17,1,0,0,1,2888.0,1,3576.0,1,3210.0,1,3069.0,1,3048.0,1,3438.0,1,2923.0,1,2392.0,3123.6587,3222.841,-688.0
274,2013-03-18,3208.0,822.0,1.0,1.0,0,0.0,1.0,0.9890402,0.14764656,1.0,6.123234e-17,1,0,0,1,5810.0,1,2888.0,1,2841.0,1,5541.0,1,3134.0,1,2852.0,1,3324.0,1,2863.0,4198.1953,3797.7651,2922.0
274,2013-03-19,3170.0,838.0,1.0,1.0,0,0.0,2.0,0.9890402,0.14764656,1.0,6.123234e-17,1,0,0,1,3208.0,1,5810.0,1,3576.0,1,3095.0,1,3188.0,1,5352.0,1,2914.0,1,2036.0,3802.1172,3666.7063,-2602.0
274,2013-03-20,2757.0,777.0,1.0,1.0,0,0.0,3.0,0.9890402,0.14764656,1.0,6.123234e-17,1,0,0,1,3170.0,1,3208.0,1,2888.0,1,2557.0,1,3628.0,1,3171.0,1,5134.0,1,4606.0,3549.2703,3556.3271,-38.0
274,2013-03-21,3148.0,840.0,1.0,1.0,0,0.0,4.0,0.9890402,0.14764656,1.0,6.123234e-17,1,0,0,1,2757.0,1,3170.0,1,5810.0,1,3210.0,1,3069.0,1,3048.0,1,2892.0,1,2076.0,3232.362,3378.6987,-413.0
274,2013-03-22,3459.0,930.0,1.0,1.0,0,0.0,5.0,0.9890402,0.14764656,1.0,6.123234e-17,1,0,0,1,3148.0,1,2757.0,1,3208.0,1,2841.0,1,5541.0,1,3134.0,1,2757.0,1,2048.0,3198.6172,3327.4324,391.0
274,2013-03-23,3295.0,774.0,1.0,0.0,0,0.0,6.0,0.9890402,0.14764656,1.0,6.123234e-17,1,0,0,1,3459.0,1,3148.0,1,3170.0,1,3576.0,1,3095.0,1,3188.0,1,2814.0,1,2146.0,3302.7703,3356.6697,311.0
274,2013-03-24,5312.0,1199.0,1.0,0.0,0,0.0,7.0,0.9890402,0.14764656,1.0,6.123234e-17,1,0,0,1,3295.0,1,3459.0,1,2757.0,1,2888.0,1,2557.0,1,3628.0,1,2955.0,1,2447.0,3299.662,3342.9653,-164.0
274,2013-03-25,3395.0,793.0,1.0,1.0,0,1.0,1.0,0.99956083,0.029633328,1.0,6.123234e-17,1,0,0,1,5312.0,1,3295.0,1,3148.0,1,5810.0,1,3210.0,1,3069.0,1,3438.0,1,2946.0,4104.597,3780.5286,2017.0
274,2013-03-26,3138.0,757.0,1.0,1.0,0,1.0,2.0,0.99956083,0.029633328,1.0,6.123234e-17,1,0,0,1,3395.0,1,5312.0,1,3459.0,1,3208.0,1,2841.0,1,5541.0,1,2852.0,1,2236.0,3820.7583,3694.8555,-1917.0
274,2013-03-27,3330.0,801.0,1.0,1.0,0,1.0,3.0,0.99956083,0.029633328,1.0,6.123234e-17,1,0,0,1,3138.0,1,3395.0,1,3295.0,1,3170.0,1,3576.0,1,3095.0,1,5352.0,1,4575.0,3547.655,3571.1099,-257.0
274,2013-03-28,4533.0,1007.0,1.0,1.0,0,1.0,4.0,0.99956083,0.029633328,1.0,6.123234e-17,1,0,0,1,3330.0,1,3138.0,1,5312.0,1,2757.0,1,2888.0,1,2557.0,1,3171.0,1,2215.0,3460.593,3517.5298,192.0
274,2013-03-29,7340.0,1448.0,1.0,1.0,2,1.0,5.0,0.99956083,0.029633328,1.0,6.123234e-17,1,0,0,1,4533.0,1,3330.0,1,3395.0,1,3148.0,1,5810.0,1,3210.0,1,3048.0,1,1869.0,3889.556,3743.19,1203.0
274,2013-03-30,3627.0,803.0,1.0,0.0,0,0.0,6.0,0.99956083,0.029633328,1.0,6.123234e-17,1,0,0,1,7340.0,1,4533.0,1,3138.0,1,3459.0,1,3208.0,1,2841.0,1,3134.0,1,1662.0,5269.7334,4542.481,2807.0
274,2013-03-31,5535.0,1060.0,1.0,0.0,0,0.0,7.0,0.99956083,0.029633328,1.0,6.123234e-17,1,0,1,1,3627.0,1,7340.0,1,3330.0,1,3295.0,1,3170.0,1,3576.0,1,3188.0,1,0.0,4612.64,4339.041,-3713.0
274,2013-04-01,7577.0,1543.0,1.0,0.0,2,1.0,1.0,0.9960498,-0.08879589,0.8660254,-0.5,2,1,0,1,5535.0,1,3627.0,1,4533.0,1,5312.0,1,2757.0,1,2888.0,1,3628.0,1,0.0,4981.584,4604.8096,1908.0
274,2013-04-02,2598.0,737.0,1.0,0.0,0,1.0,2.0,0.9960498,-0.08879589,0.8660254,-0.5,2,0,0,1,7577.0,1,5535.0,1,7340.0,1,3395.0,1,3148.0,1,5810.0,1,3069.0,1,0.0,6019.7505,5265.2964,2042.0
274,2013-04-03,2557.0,705.0,1.0,0.0,0,1.0,3.0,0.9960498,-0.08879589,0.8660254,-0.5,2,0,0,1,2598.0,1,7577.0,1,3627.0,1,3138.0,1,3459.0,1,3208.0,1,5541.0,1,0.0,4651.0503,4672.564,-4979.0
274,2013-04-04,2390.0,690.0,1.0,0.0,0,1.0,4.0,0.9960498,-0.08879589,0.8660254,-0.5,2,0,0,1,2557.0,1,2598.0,1,5535.0,1,3330.0,1,3295.0,1,3170.0,1,3095.0,1,0.0,3813.4302,4202.4385,-41.0
274,2013-04-05,2701.0,755.0,1.0,0.0,0,1.0,5.0,0.9960498,-0.08879589,0.8660254,-0.5,2,0,0,1,2390.0,1,2557.0,1,7577.0,1,4533.0,1,5312.0,1,2757.0,1,2557.0,1,0.0,3244.058,3799.6743,-167.0
274,2013-04-06,2725.0,710.0,1.0,0.0,0,0.0,6.0,0.9960498,-0.08879589,0.8660254,-0.5,2,0,0,1,2701.0,1,2390.0,1,2598.0,1,7340.0,1,3395.0,1,3148.0,1,3210.0,1,0.0,3026.835,3555.5244,311.0
274,2013-04-07,5149.0,1172.0,1.0,0.0,0,0.0,7.0,0.9960498,-0.08879589,0.8660254,-0.5,2,0,0,1,2725.0,1,2701.0,1,2557.0,1,3627.0,1,3138.0,1,3459.0,1,2841.0,1,0.0,2906.1008,3370.9636,24.0
274,2013-04-08,2983.0,828.0,1.0,1.0,0,0.0,1.0,0.9785565,-0.20597862,0.8660254,-0.5,2,0,0,1,5149.0,1,2725.0,1,2390.0,1,5535.0,1,3330.0,1,3295.0,1,3576.0,1,0.0,3803.2605,3766.0828,2424.0
274,2013-04-09,3105.0,758.0,1.0,1.0,0,0.0,2.0,0.9785565,-0.20597862,0.8660254,-0.5,2,0,0,1,2983.0,1,5149.0,1,2701.0,1,7577.0,1,4533.0,1,5312.0,1,2888.0,1,0.0,3475.1562,3592.0645,-2166.0
274,2013-04-10,2763.0,760.0,1.0,1.0,0,0.0,3.0,0.9785565,-0.20597862,0.8660254,-0.5,2,0,0,1,3105.0,1,2983.0,1,2725.0,1,2598.0,1,7340.0,1,3395.0,1,5810.0,1,7158.0,3327.0938,3483.828,122.0
274,2013-04-11,2823.0,818.0,1.0,1.0,0,0.0,4.0,0.9785565,-0.20597862,0.8660254,-0.5,2,0,0,1,2763.0,1,3105.0,1,5149.0,1,2557.0,1,3627.0,1,3138.0,1,3208.0,1,4311.0,3101.4563,3323.6438,-342.0
274,2013-04-12,3319.0,926.0,1.0,1.0,0,0.0,5.0,0.9785565,-0.20597862,0.8660254,-0.5,2,0,0,1,2823.0,1,2763.0,1,2983.0,1,2390.0,1,5535.0,1,3330.0,1,3170.0,1,3312.0,2990.0737,3212.3896,60.0
274,2013-04-13,2875.0,721.0,1.0,0.0,0,0.0,6.0,0.9785565,-0.20597862,0.8660254,-0.5,2,0,0,1,3319.0,1,2823.0,1,3105.0,1,2701.0,1,7577.0,1,4533.0,1,2757.0,1,2909.0,3121.6443,3236.0808,496.0
274,2013-04-14,5089.0,1231.0,1.0,0.0,0,0.0,7.0,0.9785565,-0.20597862,0.8660254,-0.5,2,0,0,1,2875.0,1,3319.0,1,2763.0,1,2725.0,1,2598.0,1,7340.0,1,3148.0,1,2923.0,3022.9866,3155.8406,-444.0
274,2013-04-15,2579.0,814.0,1.0,0.0,0,0.0,1.0,0.94732636,-0.32026985,0.8660254,-0.5,2,0,0,1,5089.0,1,2875.0,1,2823.0,1,5149.0,1,2557.0,1,3627.0,1,3459.0,1,3324.0,3849.3918,3585.4316,2214.0
274,2013-04-16,2493.0,737.0,1.0,0.0,0,0.0,2.0,0.94732636,-0.32026985,0.8660254,-0.5,2,0,0,1,2579.0,1,5089.0,1,3319.0,1,2983.0,1,2390.0,1,5535.0,1,3295.0,1,2914.0,3341.235,3361.7803,-2510.0
274,2013-04-17,2877.0,803.0,1.0,0.0,0,0.0,3.0,0.94732636,-0.32026985,0.8660254,-0.5,2,0,0,1,2493.0,1,2579.0,1,2875.0,1,3105.0,1,2701.0,1,7577.0,1,5312.0,1,5134.0,3001.9412,3168.718,-86.0
274,2013-04-18,3222.0,879.0,1.0,0.0,0,0.0,4.0,0.94732636,-0.32026985,0.8660254,-0.5,2,0,0,1,2877.0,1,2493.0,1,5089.0,1,2763.0,1,2725.0,1,2598.0,1,3395.0,1,2892.0,2951.9646,3103.8916,384.0
274,2013-04-19,3211.0,971.0,1.0,0.0,0,0.0,5.0,0.94732636,-0.32026985,0.8660254,-0.5,2,0,0,1,3222.0,1,2877.0,1,2579.0,1,2823.0,1,5149.0,1,2557.0,1,3138.0,1,2757.0,3059.9788,3130.138,345.0
274,2013-04-20,2832.0,744.0,1.0,0.0,0,0.0,6.0,0.94732636,-0.32026985,0.8660254,-0.5,2,0,0,1,3211.0,1,3222.0,1,2493.0,1,3319.0,1,2983.0,1,2390.0,1,3330.0,1,2814.0,3120.3872,3148.1074,-11.0
274,2013-04-21,5650.0,1303.0,1.0,0.0,0,0.0,7.0,0.94732636,-0.32026985,0.8660254,-0.5,2,0,0,1,2832.0,1,3211.0,1,2877.0,1,2875.0,1,3105.0,1,2701.0,1,4533.0,1,2955.0,3005.0325,3077.8613,-379.0
274,2013-04-22,2872.0,789.0,1.0,1.0,0,0.0,1.0,0.9027978,-0.4300652,0.8660254,-0.5,2,0,0,1,5650.0,1,2832.0,1,3222.0,1,5089.0,1,2763.0,1,2725.0,1,7340.0,1,3438.0,4063.0195,3649.4478,2818.0
274,2013-04-23,2908.0,797.0,1.0,1.0,0,0.0,2.0,0.9027978,-0.4300652,0.8660254,-0.5,2,0,0,1,2872.0,1,5650.0,1,3211.0,1,2579.0,1,2823.0,1,5149.0,1,3627.0,1,2852.0,3586.6116,3476.6814,-2778.0
274,2013-04-24,2988.0,772.0,1.0,1.0,0,0.0,3.0,0.9027978,-0.4300652,0.8660254,-0.5,2,0,0,1,2908.0,1,2872.0,1,2832.0,1,2493.0,1,3319.0,1,2983.0,1,5535.0,1,5352.0,3315.167,3350.3079,36.0
274,2013-04-25,3159.0,887.0,1.0,1.0,0,0.0,4.0,0.9027978,-0.4300652,0.8660254,-0.5,2,0,0,1,2988.0,1,2908.0,1,5650.0,1,2877.0,1,2875.0,1,3105.0,1,7577.0,1,3171.0,3184.3003,3269.795,80.0
274,2013-04-26,3805.0,1033.0,1.0,1.0,0,0.0,5.0,0.9027978,-0.4300652,0.8660254,-0.5,2,0,0,1,3159.0,1,2988.0,1,2872.0,1,3222.0,1,5089.0,1,2763.0,1,2598.0,1,3048.0,3174.1802,3245.1738,171.0
274,2013-04-27,3122.0,760.0,1.0,0.0,0,0.0,6.0,0.9027978,-0.4300652,0.8660254,-0.5,2,0,0,1,3805.0,1,3159.0,1,2908.0,1,3211.0,1,2579.0,1,2823.0,1,2557.0,1,3134.0,3426.508,3369.5796,646.0
274,2013-04-28,5951.0,1319.0,1.0,0.0,0,0.0,7.0,0.9027978,-0.4300652,0.8660254,-0.5,2,0,0,1,3122.0,1,3805.0,1,2988.0,1,2832.0,1,2493.0,1,3319.0,1,2390.0,1,3188.0,3304.7048,3314.562,-683.0
274,2013-04-29,2872.0,773.0,1.0,1.0,0,0.0,1.0,0.845596,-0.5338234,0.8660254,-0.5,2,0,0,1,5951.0,1,3122.0,1,3159.0,1,5650.0,1,2877.0,1,2875.0,1,2701.0,1,3628.0,4363.223,3900.437,2829.0
274,2013-04-30,3343.0,850.0,1.0,1.0,0,0.0,2.0,0.845596,-0.5338234,0.8660254,-0.5,2,0,1,1,2872.0,1,5951.0,1,3805.0,1,2872.0,1,3222.0,1,5089.0,1,2725.0,1,3069.0,3766.7336,3671.8955,-3079.0
274,2013-05-01,6630.0,1283.0,1.0,1.0,1,0.0,3.0,0.845596,-0.5338234,0.5,-0.8660254,2,1,0,1,3343.0,1,2872.0,1,3122.0,1,2908.0,1,3211.0,1,2579.0,1,5149.0,1,5541.0,3597.2402,3598.8076,471.0
274,2013-05-02,3062.0,836.0,1.0,1.0,0,0.0,4.0,0.845596,-0.5338234,0.5,-0.8660254,2,0,0,1,6630.0,1,3343.0,1,5951.0,1,2988.0,1,2832.0,1,2493.0,1,2983.0,1,3095.0,4810.344,4272.406,3287.0
274,2013-05-03,3266.0,887.0,1.0,1.0,0,0.0,5.0,0.845596,-0.5338234,0.5,-0.8660254,2,0,0,1,3062.0,1,6630.0,1,2872.0,1,3159.0,1,5650.0,1,2877.0,1,3105.0,1,2557.0,4111.0063,4003.4268,-3568.0
274,2013-05-04,2689.0,676.0,1.0,0.0,0,0.0,6.0,0.845596,-0.5338234,0.5,-0.8660254,2,0,0,1,3266.0,1,3062.0,1,3343.0,1,3805.0,1,2872.0,1,3222.0,1,2763.0,1,3210.0,3773.004,3839.5542,204.0
274,2013-05-05,5294.0,1295.0,1.0,0.0,0,0.0,7.0,0.845596,-0.5338234,0.5,-0.8660254,2,0,0,1,2689.0,1,3266.0,1,6630.0,1,3122.0,1,2908.0,1,3211.0,1,2823.0,1,2841.0,3339.4023,3583.8755,-577.0
274,2013-05-06,3025.0,839.0,1.0,0.0,0,0.0,1.0,0.7765239,-0.63008785,0.5,-0.8660254,2,0,0,1,5294.0,1,2689.0,1,3062.0,1,5951.0,1,2988.0,1,2832.0,1,3319.0,1,3576.0,4121.241,3963.903,2605.0
274,2013-05-07,3370.0,878.0,1.0,0.0,0,0.0,2.0,0.7765239,-0.63008785,0.5,-0.8660254,2,0,0,1,3025.0,1,5294.0,1,3266.0,1,2872.0,1,3159.0,1,5650.0,1,2875.0,1,2888.0,3682.7449,3755.258,-2269.0
274,2013-05-08,3771.0,1050.0,1.0,0.0,0,0.0,3.0,0.7765239,-0.63008785,0.5,-0.8660254,2,0,0,1,3370.0,1,3025.0,1,2689.0,1,3343.0,1,3805.0,1,2872.0,1,5089.0,1,5810.0,3557.647,3669.645,345.0
274,2013-05-09,7017.0,1436.0,1.0,0.0,1,0.0,4.0,0.7765239,-0.63008785,0.5,-0.8660254,2,0,0,1,3771.0,1,3370.0,1,5294.0,1,6630.0,1,3122.0,1,2908.0,1,2579.0,1,3208.0,3642.988,3692.1685,401.0
274,2013-05-10,3275.0,840.0,1.0,0.0,0,0.0,5.0,0.7765239,-0.63008785,0.5,-0.8660254,2,0,0,1,7017.0,1,3771.0,1,3025.0,1,3062.0,1,5951.0,1,2988.0,1,2493.0,1,3170.0,4992.593,4431.02,3246.0
274,2013-05-11,3016.0,737.0,1.0,0.0,0,0.0,6.0,0.7765239,-0.63008785,0.5,-0.8660254,2,0,0,1,3275.0,1,7017.0,1,3370.0,1,3266.0,1,2872.0,1,3159.0,1,2877.0,1,2757.0,4305.5557,4174.1265,-3742.0
274,2013-05-12,6266.0,1424.0,1.0,0.0,0,0.0,7.0,0.7765239,-0.63008785,0.5,-0.8660254,2,0,0,1,3016.0,1,3275.0,1,3771.0,1,2689.0,1,3343.0,1,3805.0,1,3222.0,1,3148.0,3789.7334,3916.7651,-259.0
274,2013-05-13,3331.0,866.0,1.0,1.0,0,0.0,1.0,0.696551,-0.71750724,0.5,-0.8660254,2,0,0,1,6266.0,1,3016.0,1,7017.0,1,5294.0,1,6630.0,1,3122.0,1,3211.0,1,3459.0,4780.24,4438.8174,3250.0
274,2013-05-14,3230.0,866.0,1.0,1.0,0,0.0,2.0,0.696551,-0.71750724,0.5,-0.8660254,2,0,0,1,3331.0,1,6266.0,1,3275.0,1,3025.0,1,3062.0,1,5951.0,1,2832.0,1,3295.0,4200.544,4192.6357,-2935.0
274,2013-05-15,2858.0,782.0,1.0,1.0,0,0.0,3.0,0.696551,-0.71750724,0.5,-0.8660254,2,0,0,1,3230.0,1,3331.0,1,3016.0,1,3370.0,1,3266.0,1,2872.0,1,5650.0,1,5312.0,3812.3264,3978.7166,-101.0
274,2013-05-16,3097.0,893.0,1.0,1.0,0,0.0,4.0,0.696551,-0.71750724,0.5,-0.8660254,2,0,0,1,2858.0,1,3230.0,1,6266.0,1,3771.0,1,2689.0,1,3343.0,1,2872.0,1,3395.0,3430.596,3729.6685,-372.0
274,2013-05-17,3990.0,1048.0,1.0,1.0,0,0.0,5.0,0.696551,-0.71750724,0.5,-0.8660254,2,0,0,1,3097.0,1,2858.0,1,3331.0,1,7017.0,1,5294.0,1,6630.0,1,2908.0,1,3138.0,3297.1575,3589.0754,239.0
274,2013-05-18,2959.0,758.0,1.0,0.0,0,0.0,6.0,0.696551,-0.71750724,0.5,-0.8660254,2,0,0,1,3990.0,1,3097.0,1,3230.0,1,3275.0,1,3025.0,1,3062.0,1,2988.0,1,3330.0,3574.2944,3678.17,893.0
274,2013-05-19,5794.0,1255.0,1.0,0.0,0,0.0,7.0,0.696551,-0.71750724,0.5,-0.8660254,2,0,0,1,2959.0,1,3990.0,1,2858.0,1,3016.0,1,3370.0,1,3266.0,1,3159.0,1,4533.0,3328.1768,3518.3542,-1031.0
274,2013-05-20,7537.0,1627.0,1.0,0.0,1,0.0,1.0,0.60680014,-0.79485446,0.5,-0.8660254,2,0,0,1,5794.0,1,2959.0,1,3097.0,1,6266.0,1,3771.0,1,2689.0,1,3805.0,1,7340.0,4314.506,4024.0535,2835.0
274,2013-05-21,3076.0,827.0,1.0,0.0,0,0.0,2.0,0.60680014,-0.79485446,0.5,-0.8660254,2,0,0,1,7537.0,1,5794.0,1,3990.0,1,3331.0,1,7017.0,1,5294.0,1,3122.0,1,3627.0,5603.5034,4804.708,1743.0
274,2013-05-22,2876.0,782.0,1.0,0.0,0,0.0,3.0,0.60680014,-0.79485446,0.5,-0.8660254,2,0,0,1,3076.0,1,7537.0,1,2959.0,1,3230.0,1,3275.0,1,3025.0,1,5951.0,1,5535.0,4592.502,4420.551,-4461.0
274,2013-05-23,2822.0,796.0,1.0,0.0,0,0.0,4.0,0.60680014,-0.79485446,0.5,-0.8660254,2,0,0,1,2876.0,1,3076.0,1,5794.0,1,2858.0,1,3016.0,1,3370.0,1,2872.0,1,7577.0,3905.9014,4077.3174,-200.0
274,2013-05-24,2984.0,817.0,1.0,0.0,0,0.0,5.0,0.60680014,-0.79485446,0.5,-0.8660254,2,0,0,1,2822.0,1,2876.0,1,7537.0,1,3097.0,1,6266.0,1,3771.0,1,3343.0,1,2598.0,3472.3408,3798.358,-54.0
274,2013-05-25,2780.0,701.0,1.0,0.0,0,0.0,6.0,0.60680014,-0.79485446,0.5,-0.8660254,2,0,0,1,2984.0,1,2822.0,1,3076.0,1,3990.0,1,3331.0,1,7017.0,1,6630.0,1,2557.0,3277.0044,3617.3894,162.0
274,2013-05-26,5770.0,1295.0,1.0,0.0,0,0.0,7.0,0.60680014,-0.79485446,0.5,-0.8660254,2,0,0,1,2780.0,1,2984.0,1,2876.0,1,2959.0,1,3230.0,1,3275.0,1,3062.0,1,2390.0,3078.2026,3431.303,-204.0
274,2013-05-27,3318.0,875.0,1.0,1.0,0,0.0,1.0,0.5085311,-0.86104363,0.5,-0.8660254,2,0,0,1,5770.0,1,2780.0,1,2822.0,1,5794.0,1,2858.0,1,3016.0,1,3266.0,1,2701.0,4154.9214,3951.0134,2990.0
274,2013-05-28,3068.0,805.0,1.0,1.0,0,0.0,2.0,0.5085311,-0.86104363,0.5,-0.8660254,2,0,0,1,3318.0,1,5770.0,1,2984.0,1,7537.0,1,3097.0,1,6266.0,1,2689.0,1,2725.0,3820.153,3810.3438,-2452.0
274,2013-05-29,3816.0,970.0,1.0,1.0,0,0.0,3.0,0.5085311,-0.86104363,0.5,-0.8660254,2,0,0,1,3068.0,1,3318.0,1,2780.0,1,3076.0,1,3990.0,1,3331.0,1,5294.0,1,5149.0,3519.2917,3645.3784,-250.0
274,2013-05-30,6599.0,1454.0,1.0,1.0,1,0.0,4.0,0.5085311,-0.86104363,0.5,-0.8660254,2,0,0,1,3816.0,1,3068.0,1,5770.0,1,2876.0,1,2959.0,1,3230.0,1,3025.0,1,2983.0,3637.975,3683.2944,748.0
274,2013-05-31,3806.0,913.0,1.0,1.0,0,0.0,5.0,0.5085311,-0.86104363,0.5,-0.8660254,2,0,1,1,6599.0,1,3816.0,1,3318.0,1,2822.0,1,5794.0,1,2858.0,1,3370.0,1,3105.0,4822.3853,4331.229,2783.0
274,2013-06-01,2973.0,716.0,1.0,0.0,0,0.0,6.0,0.5085311,-0.86104363,1.2246469e-16,-1.0,2,1,0,1,3806.0,1,6599.0,1,3068.0,1,2984.0,1,7537.0,1,3097.0,1,3771.0,1,2763.0,4415.831,4214.511,-2793.0
274,2013-06-02,5726.0,1322.0,1.0,0.0,0,0.0,7.0,0.5085311,-0.86104363,1.2246469e-16,-1.0,2,0,0,1,2973.0,1,3806.0,1,3816.0,1,2780.0,1,3076.0,1,3990.0,1,7017.0,1,2823.0,3838.6987,3938.6199,-833.0
274,2013-06-03,3550.0,866.0,1.0,1.0,0,0.0,1.0,0.40312344,-0.91514564,1.2246469e-16,-1.0,2,0,0,1,5726.0,1,2973.0,1,6599.0,1,5770.0,1,2876.0,1,2959.0,1,3275.0,1,3319.0,4593.619,4335.8154,2753.0
274,2013-06-04,3014.0,834.0,1.0,1.0,0,0.0,2.0,0.40312344,-0.91514564,1.2246469e-16,-1.0,2,0,0,1,3550.0,1,5726.0,1,3806.0,1,3318.0,1,2822.0,1,5794.0,1,3016.0,1,2875.0,4176.1714,4161.19,-2176.0
274,2013-06-05,2897.0,789.0,1.0,1.0,0,0.0,3.0,0.40312344,-0.91514564,1.2246469e-16,-1.0,2,0,0,1,3014.0,1,3550.0,1,2973.0,1,3068.0,1,2984.0,1,7537.0,1,6266.0,1,5089.0,3711.303,3906.2588,-536.0
274,2013-06-06,3181.0,908.0,1.0,1.0,0,0.0,4.0,0.40312344,-0.91514564,1.2246469e-16,-1.0,2,0,0,1,2897.0,1,3014.0,1,5726.0,1,3816.0,1,2780.0,1,3076.0,1,3331.0,1,2579.0,3385.5818,3681.979,-117.0
274,2013-06-07,3732.0,1036.0,1.0,1.0,0,0.0,5.0,0.40312344,-0.91514564,1.2246469e-16,-1.0,2,0,0,1,3181.0,1,2897.0,1,3550.0,1,6599.0,1,5770.0,1,2876.0,1,3230.0,1,2493.0,3303.749,3570.6504,284.0
274,2013-06-08,2734.0,740.0,1.0,0.0,0,0.0,6.0,0.40312344,-0.91514564,1.2246469e-16,-1.0,2,0,0,1,3732.0,1,3181.0,1,3014.0,1,3806.0,1,3318.0,1,2822.0,1,2858.0,1,2877.0,3475.0493,3606.5059,551.0
274,2013-06-09,5741.0,1311.0,1.0,0.0,0,0.0,7.0,0.40312344,-0.91514564,1.2246469e-16,-1.0,2,0,0,1,2734.0,1,3732.0,1,2897.0,1,2973.0,1,3068.0,1,2984.0,1,3097.0,1,3222.0,3178.6296,3412.6157,-998.0
274,2013-06-10,3158.0,866.0,1.0,0.0,0,0.0,1.0,0.29205677,-0.956401,1.2246469e-16,-1.0,2,0,0,1,5741.0,1,2734.0,1,3181.0,1,5726.0,1,3816.0,1,2780.0,1,3990.0,1,3211.0,4203.5776,3930.0344,3007.0
274,2013-06-11,2747.0,785.0,1.0,0.0,0,0.0,2.0,0.29205677,-0.956401,1.2246469e-16,-1.0,2,0,0,1,3158.0,1,5741.0,1,3732.0,1,3550.0,1,6599.0,1,5770.0,1,2959.0,1,2832.0,3785.3467,3758.4712,-2583.0
274,2013-06-12,2900.0,818.0,1.0,0.0,0,0.0,3.0,0.29205677,-0.956401,1.2246469e-16,-1.0,2,0,0,1,2747.0,1,3158.0,1,2734.0,1,3014.0,1,3806.0,1,3318.0,1,5794.0,1,5650.0,3370.008,3533.6997,-411.0
274,2013-06-13,3024.0,902.0,1.0,0.0,0,0.0,4.0,0.29205677,-0.956401,1.2246469e-16,-1.0,2,0,0,1,2900.0,1,2747.0,1,5741.0,1,2897.0,1,2973.0,1,3068.0,1,7537.0,1,2872.0,3182.005,3392.8777,153.0
274,2013-06-14,3561.0,992.0,1.0,0.0,0,0.0,5.0,0.29205677,-0.956401,1.2246469e-16,-1.0,2,0,0,1,3024.0,1,2900.0,1,3158.0,1,3181.0,1,5726.0,1,3816.0,1,3076.0,1,2908.0,3118.803,3310.9048,124.0
274,2013-06-15,3211.0,772.0,1.0,0.0,0,0.0,6.0,0.29205677,-0.956401,1.2246469e-16,-1.0,2,0,0,1,3561.0,1,3024.0,1,2747.0,1,3732.0,1,3550.0,1,6599.0,1,2876.0,1,2988.0,3295.6816,3366.4814,537.0
274,2013-06-16,6029.0,1432.0,1.0,0.0,0,0.0,7.0,0.29205677,-0.956401,1.2246469e-16,-1.0,2,0,0,1,3211.0,1,3561.0,1,2900.0,1,2734.0,1,3014.0,1,3806.0,1,2822.0,1,3159.0,3261.809,3331.9302,-350.0
274,2013-06-17,3875.0,981.0,1.0,1.0,0,0.0,1.0,0.17689027,-0.9842306,1.2246469e-16,-1.0,2,0,0,1,6029.0,1,3211.0,1,3024.0,1,5741.0,1,2897.0,1,2973.0,1,2984.0,1,3805.0,4368.6855,3931.279,2818.0
274,2013-06-18,3270.0,1022.0,1.0,1.0,0,0.0,2.0,0.17689027,-0.9842306,1.2246469e-16,-1.0,2,0,0,1,3875.0,1,6029.0,1,3561.0,1,3158.0,1,3181.0,1,5726.0,1,2780.0,1,3122.0,4171.2114,3918.7725,-2154.0
274,2013-06-19,3857.0,1150.0,1.0,1.0,0,0.0,3.0,0.17689027,-0.9842306,1.2246469e-16,-1.0,2,0,0,1,3270.0,1,3875.0,1,3211.0,1,2747.0,1,3732.0,1,3550.0,1,5770.0,1,5951.0,3810.7268,3774.6008,-605.0
274,2013-06-20,3781.0,1016.0,1.0,1.0,0,0.0,4.0,0.17689027,-0.9842306,1.2246469e-16,-1.0,2,0,0,1,3857.0,1,3270.0,1,6029.0,1,2900.0,1,2734.0,1,3014.0,1,3318.0,1,2872.0,3829.236,3792.9119,587.0
274,2013-06-21,3760.0,1042.0,1.0,1.0,0,0.0,5.0,0.17689027,-0.9842306,1.2246469e-16,-1.0,2,0,0,1,3781.0,1,3857.0,1,3875.0,1,3024.0,1,5741.0,1,2897.0,1,3068.0,1,3343.0,3809.9417,3790.2646,-76.0
274,2013-06-22,3133.0,814.0,1.0,0.0,0,0.0,6.0,0.17689027,-0.9842306,1.2246469e-16,-1.0,2,0,0,1,3760.0,1,3781.0,1,3270.0,1,3561.0,1,3158.0,1,3181.0,1,3816.0,1,6630.0,3789.965,3783.5393,-21.0
274,2013-06-23,5837.0,1369.0,1.0,0.0,0,0.0,7.0,0.17689027,-0.9842306,1.2246469e-16,-1.0,2,0,0,1,3133.0,1,3760.0,1,3857.0,1,3211.0,1,2747.0,1,3732.0,1,6599.0,1,3062.0,3527.179,3638.9749,-627.0
274,2013-06-24,3231.0,887.0,1.0,0.0,0,0.0,1.0,0.059240628,-0.99824375,1.2246469e-16,-1.0,2,0,0,1,5837.0,1,3133.0,1,3781.0,1,6029.0,1,2900.0,1,2734.0,1,3806.0,1,3266.0,4451.1074,4127.425,2704.0
274,2013-06-25,3071.0,828.0,1.0,0.0,0,0.0,2.0,0.059240628,-0.99824375,1.2246469e-16,-1.0,2,0,0,1,3231.0,1,5837.0,1,3760.0,1,3875.0,1,3024.0,1,5741.0,1,2973.0,1,2689.0,3963.0645,3928.2195,-2606.0
274,2013-06-26,2896.0,788.0,1.0,0.0,0,0.0,3.0,0.059240628,-0.99824375,1.2246469e-16,-1.0,2,0,0,1,3071.0,1,3231.0,1,3133.0,1,3270.0,1,3561.0,1,3158.0,1,5726.0,1,5294.0,3606.2388,3737.7263,-160.0
274,2013-06-27,2998.0,838.0,1.0,0.0,0,0.0,4.0,0.059240628,-0.99824375,1.2246469e-16,-1.0,2,0,0,1,2896.0,1,3071.0,1,5837.0,1,3857.0,1,3211.0,1,2747.0,1,3550.0,1,3025.0,3322.1433,3550.676,-175.0
274,2013-06-28,3617.0,956.0,1.0,0.0,0,0.0,5.0,0.059240628,-0.99824375,1.2246469e-16,-1.0,2,0,0,1,2998.0,1,2896.0,1,3231.0,1,3781.0,1,6029.0,1,2900.0,1,3014.0,1,3370.0,3192.4858,3427.8591,102.0
274,2013-06-29,3585.0,806.0,1.0,0.0,0,0.0,6.0,0.059240628,-0.99824375,1.2246469e-16,-1.0,2,0,0,1,3617.0,1,2998.0,1,3071.0,1,3760.0,1,3875.0,1,3024.0,1,2897.0,1,3771.0,3362.2915,3469.8904,619.0
274,2013-06-30,6690.0,1456.0,1.0,0.0,0,0.0,7.0,0.059240628,-0.99824375,1.2246469e-16,-1.0,2,0,1,1,3585.0,1,3617.0,1,2896.0,1,3133.0,1,3270.0,1,3561.0,1,3181.0,1,7017.0,3451.375,3495.4702,-32.0
274,2013-07-01,3540.0,958.0,1.0,1.0,0,0.0,1.0,-0.059240628,-0.99824375,-0.5,-0.8660254,3,1,0,1,6690.0,1,3585.0,1,2998.0,1,5837.0,1,3857.0,1,3211.0,1,3732.0,1,3275.0,4746.825,4205.3657,3105.0
274,2013-07-02,3474.0,839.0,1.0,1.0,0,0.0,2.0,-0.059240628,-0.99824375,-0.5,-0.8660254,3,0,0,1,3540.0,1,6690.0,1,3617.0,1,3231.0,1,3781.0,1,6029.0,1,2734.0,1,3016.0,4264.095,4057.5068,-3150.0
274,2013-07-03,3327.0,899.0,1.0,1.0,0,0.0,3.0,-0.059240628,-0.99824375,-0.5,-0.8660254,3,0,0,1,3474.0,1,3540.0,1,3585.0,1,3071.0,1,3760.0,1,3875.0,1,5741.0,1,6266.0,3948.057,3927.8386,-66.0
274,2013-07-04,3368.0,903.0,1.0,1.0,0,0.0,4.0,-0.059240628,-0.99824375,-0.5,-0.8660254,3,0,0,1,3327.0,1,3474.0,1,6690.0,1,2896.0,1,3133.0,1,3270.0,1,3158.0,1,3331.0,3699.6343,3794.3188,-147.0
274,2013-07-05,4015.0,1054.0,1.0,1.0,0,0.0,5.0,-0.059240628,-0.99824375,-0.5,-0.8660254,3,0,0,1,3368.0,1,3327.0,1,3540.0,1,2998.0,1,5837.0,1,3857.0,1,2747.0,1,3230.0,3566.9805,3699.5813,41.0
274,2013-07-06,3338.0,863.0,1.0,0.0,0,1.0,6.0,-0.059240628,-0.99824375,-0.5,-0.8660254,3,0,0,1,4015.0,1,3368.0,1,3474.0,1,3617.0,1,3231.0,1,3781.0,1,2900.0,1,2858.0,3746.1882,3769.6743,647.0
274,2013-07-07,6046.0,1430.0,1.0,0.0,0,1.0,7.0,-0.059240628,-0.99824375,-0.5,-0.8660254,3,0,0,1,3338.0,1,4015.0,1,3327.0,1,3585.0,1,3071.0,1,3760.0,1,3024.0,1,3097.0,3582.913,3673.7468,-677.0
274,2013-07-08,3226.0,877.0,1.0,0.0,0,1.0,1.0,-0.17689027,-0.9842306,-0.5,-0.8660254,3,0,0,1,6046.0,1,3338.0,1,3368.0,1,6690.0,1,2896.0,1,3133.0,1,3561.0,1,3990.0,4568.148,4200.914,2708.0
274,2013-07-09,2584.0,786.0,1.0,0.0,0,1.0,2.0,-0.17689027,-0.9842306,-0.5,-0.8660254,3,0,0,1,3226.0,1,6046.0,1,4015.0,1,3540.0,1,2998.0,1,5837.0,1,3211.0,1,2959.0,4031.2886,3984.2666,-2820.0
274,2013-07-10,2775.0,759.0,1.0,0.0,0,1.0,3.0,-0.17689027,-0.9842306,-0.5,-0.8660254,3,0,0,1,2584.0,1,3226.0,1,3338.0,1,3474.0,1,3617.0,1,3231.0,1,6029.0,1,5794.0,3452.3733,3673.0962,-642.0
274,2013-07-11,3105.0,829.0,1.0,0.0,0,1.0,4.0,-0.17689027,-0.9842306,-0.5,-0.8660254,3,0,0,1,2775.0,1,2584.0,1,6046.0,1,3327.0,1,3585.0,1,3071.0,1,3875.0,1,7537.0,3181.4238,3473.5193,191.0
274,2013-07-12,3151.0,871.0,1.0,0.0,0,1.0,5.0,-0.17689027,-0.9842306,-0.5,-0.8660254,3,0,0,1,3105.0,1,2775.0,1,3226.0,1,3368.0,1,6690.0,1,2896.0,1,3270.0,1,3076.0,3150.8542,3391.6262,330.0
274,2013-07-13,2845.0,702.0,1.0,0.0,0,1.0,6.0,-0.17689027,-0.9842306,-0.5,-0.8660254,3,0,0,1,3151.0,1,3105.0,1,2584.0,1,4015.0,1,3540.0,1,2998.0,1,3857.0,1,2876.0,3150.9126,3338.1536,46.0
274,2013-07-14,5957.0,1273.0,1.0,0.0,0,1.0,7.0,-0.17689027,-0.9842306,-0.5,-0.8660254,3,0,0,1,2845.0,1,3151.0,1,2775.0,1,3338.0,1,3474.0,1,3617.0,1,3781.0,1,2822.0,3028.5476,3228.564,-306.0
274,2013-07-15,3448.0,802.0,1.0,1.0,0,1.0,1.0,-0.29205677,-0.956401,-0.5,-0.8660254,3,0,0,1,5957.0,1,2845.0,1,3105.0,1,6046.0,1,3327.0,1,3585.0,1,3760.0,1,2984.0,4199.9287,3834.883,3112.0
274,2013-07-16,3061.0,755.0,1.0,1.0,0,1.0,2.0,-0.29205677,-0.956401,-0.5,-0.8660254,3,0,0,1,3448.0,1,5957.0,1,3151.0,1,3226.0,1,3368.0,1,6690.0,1,3133.0,1,2780.0,3899.1572,3748.909,-2509.0
274,2013-07-17,2981.0,753.0,1.0,1.0,0,1.0,3.0,-0.29205677,-0.956401,-0.5,-0.8660254,3,0,0,1,3061.0,1,3448.0,1,2845.0,1,2584.0,1,4015.0,1,3540.0,1,5837.0,1,5770.0,3563.8943,3596.0403,-387.0
274,2013-07-18,3006.0,818.0,1.0,1.0,0,1.0,4.0,-0.29205677,-0.956401,-0.5,-0.8660254,3,0,0,1,2981.0,1,3061.0,1,5957.0,1,2775.0,1,3338.0,1,3474.0,1,3231.0,1,3318.0,3330.7366,3459.3647,-80.0
274,2013-07-19,3468.0,945.0,1.0,1.0,0,1.0,5.0,-0.29205677,-0.956401,-0.5,-0.8660254,3,0,0,1,3006.0,1,2981.0,1,3448.0,1,3105.0,1,6046.0,1,3327.0,1,3071.0,1,3068.0,3200.842,3358.617,25.0
274,2013-07-20,2980.0,769.0,1.0,0.0,0,1.0,6.0,-0.29205677,-0.956401,-0.5,-0.8660254,3,0,0,1,3468.0,1,3006.0,1,3061.0,1,3151.0,1,3226.0,1,3368.0,1,2896.0,1,3816.0,3307.705,3382.9243,462.0
274,2013-07-21,6278.0,1490.0,1.0,0.0,0,1.0,7.0,-0.29205677,-0.956401,-0.5,-0.8660254,3,0,0,1,2980.0,1,3468.0,1,2981.0,1,2845.0,1,2584.0,1,4015.0,1,2998.0,1,6599.0,3176.623,3293.3855,-488.0
274,2013-07-22,3325.0,942.0,1.0,0.0,0,1.0,1.0,-0.40312344,-0.91514564,-0.5,-0.8660254,3,0,0,1,6278.0,1,2980.0,1,3006.0,1,5957.0,1,2775.0,1,3338.0,1,3617.0,1,3806.0,4417.174,3956.6333,3298.0
274,2013-07-23,2764.0,747.0,1.0,0.0,0,1.0,2.0,-0.40312344,-0.91514564,-0.5,-0.8660254,3,0,0,1,3325.0,1,6278.0,1,3468.0,1,3448.0,1,3105.0,1,6046.0,1,3585.0,1,2973.0,3980.3042,3816.2703,-2953.0
274,2013-07-24,2504.0,737.0,1.0,0.0,0,1.0,3.0,-0.40312344,-0.91514564,-0.5,-0.8660254,3,0,0,1,2764.0,1,3325.0,1,2980.0,1,3061.0,1,3151.0,1,3226.0,1,6690.0,1,5726.0,3493.7825,3582.4324,-561.0
274,2013-07-25,2625.0,751.0,1.0,0.0,0,1.0,4.0,-0.40312344,-0.91514564,-0.5,-0.8660254,3,0,0,1,2504.0,1,2764.0,1,6278.0,1,2981.0,1,2845.0,1,2584.0,1,3540.0,1,3550.0,3097.8696,3342.7808,-260.0
274,2013-07-26,3315.0,905.0,1.0,0.0,0,1.0,5.0,-0.40312344,-0.91514564,-0.5,-0.8660254,3,0,0,1,2625.0,1,2504.0,1,3325.0,1,3006.0,1,5957.0,1,2775.0,1,3474.0,1,3014.0,2908.7217,3183.274,121.0
274,2013-07-27,2967.0,862.0,1.0,0.0,0,1.0,6.0,-0.40312344,-0.91514564,-0.5,-0.8660254,3,0,0,1,3315.0,1,2625.0,1,2764.0,1,3468.0,1,3448.0,1,3105.0,1,3327.0,1,2897.0,3071.2332,3212.5464,690.0
274,2013-07-28,6221.0,1348.0,1.0,0.0,0,1.0,7.0,-0.40312344,-0.91514564,-0.5,-0.8660254,3,0,0,1,2967.0,1,3315.0,1,2504.0,1,2980.0,1,3061.0,1,3151.0,1,3368.0,1,3181.0,3029.5398,3157.9805,-348.0
274,2013-07-29,2825.0,794.0,1.0,1.0,0,1.0,1.0,-0.5085311,-0.86104363,-0.5,-0.8660254,3,0,0,1,6221.0,1,2967.0,1,2625.0,1,6278.0,1,2981.0,1,2845.0,1,4015.0,1,3732.0,4306.124,3838.6516,3254.0
274,2013-07-30,3036.0,751.0,1.0,1.0,0,1.0,2.0,-0.5085311,-0.86104363,-0.5,-0.8660254,3,0,0,1,2825.0,1,6221.0,1,3315.0,1,3325.0,1,3006.0,1,5957.0,1,3338.0,1,2734.0,3713.6743,3613.3958,-3396.0
274,2013-07-31,3389.0,804.0,1.0,1.0,0,1.0,3.0,-0.5085311,-0.86104363,-0.5,-0.8660254,3,0,1,1,3036.0,1,2825.0,1,2967.0,1,2764.0,1,3468.0,1,3448.0,1,6046.0,1,5741.0,3442.6045,3485.0854,211.0
274,2013-08-01,3207.0,882.0,1.0,1.0,0,1.0,4.0,-0.5085311,-0.86104363,-0.8660254,-0.5,3,1,0,1,3389.0,1,3036.0,1,6221.0,1,2504.0,1,2980.0,1,3061.0,1,3226.0,1,3158.0,3421.1628,3463.7332,353.0
274,2013-08-02,3752.0,1084.0,1.0,1.0,0,1.0,5.0,-0.5085311,-0.86104363,-0.8660254,-0.5,3,0,0,1,3207.0,1,3389.0,1,2825.0,1,2625.0,1,6278.0,1,2981.0,1,2584.0,1,2747.0,3335.4976,3406.6814,-182.0
274,2013-08-03,2866.0,740.0,1.0,0.0,0,1.0,6.0,-0.5085311,-0.86104363,-0.8660254,-0.5,3,0,0,1,3752.0,1,3207.0,1,3036.0,1,3315.0,1,3325.0,1,3006.0,1,2775.0,1,2900.0,3502.0986,3483.419,545.0
274,2013-08-04,5599.0,1242.0,1.0,0.0,0,1.0,7.0,-0.5085311,-0.86104363,-0.8660254,-0.5,3,0,0,1,2866.0,1,3752.0,1,3389.0,1,2967.0,1,2764.0,1,3468.0,1,3105.0,1,3024.0,3247.6592,3346.2146,-886.0
274,2013-08-05,3098.0,835.0,1.0,0.0,0,1.0,1.0,-0.60680014,-0.79485446,-0.8660254,-0.5,3,0,0,1,5599.0,1,2866.0,1,3207.0,1,6221.0,1,2504.0,1,2980.0,1,3151.0,1,3561.0,4188.1953,3846.8335,2733.0
274,2013-08-06,2919.0,793.0,1.0,0.0,0,1.0,2.0,-0.60680014,-0.79485446,-0.8660254,-0.5,3,0,0,1,3098.0,1,5599.0,1,3752.0,1,2825.0,1,2625.0,1,6278.0,1,2845.0,1,3211.0,3752.1172,3680.426,-2501.0
274,2013-08-07,2755.0,752.0,1.0,0.0,0,1.0,3.0,-0.60680014,-0.79485446,-0.8660254,-0.5,3,0,0,1,2919.0,1,3098.0,1,2866.0,1,3036.0,1,3315.0,1,3325.0,1,5957.0,1,6029.0,3418.8704,3511.2202,-179.0
274,2013-08-08,2717.0,729.0,1.0,0.0,0,1.0,4.0,-0.60680014,-0.79485446,-0.8660254,-0.5,3,0,0,1,2755.0,1,2919.0,1,5599.0,1,3389.0,1,2967.0,1,2764.0,1,3448.0,1,3875.0,3153.3223,3343.1714,-164.0
274,2013-08-09,3433.0,898.0,1.0,0.0,0,1.0,5.0,-0.60680014,-0.79485446,-0.8660254,-0.5,3,0,0,1,2717.0,1,2755.0,1,3098.0,1,3207.0,1,6221.0,1,2504.0,1,3061.0,1,3270.0,2978.7935,3204.0222,-38.0
274,2013-08-10,2709.0,689.0,1.0,0.0,0,1.0,6.0,-0.60680014,-0.79485446,-0.8660254,-0.5,3,0,0,1,3433.0,1,2717.0,1,2919.0,1,3752.0,1,2825.0,1,2625.0,1,2981.0,1,3857.0,3160.476,3254.9062,716.0
274,2013-08-11,6187.0,1379.0,1.0,0.0,0,1.0,7.0,-0.60680014,-0.79485446,-0.8660254,-0.5,3,0,0,1,2709.0,1,3433.0,1,2755.0,1,2866.0,1,3036.0,1,3315.0,1,3006.0,1,3781.0,2979.8855,3133.5938,-724.0
274,2013-08-12,3124.0,796.0,1.0,1.0,0,1.0,1.0,-0.696551,-0.71750724,-0.8660254,-0.5,3,0,0,1,6187.0,1,2709.0,1,2717.0,1,5599.0,1,3389.0,1,2967.0,1,3468.0,1,3760.0,4262.7314,3812.1284,3478.0
274,2013-08-13,2863.0,733.0,1.0,1.0,0,1.0,2.0,-0.696551,-0.71750724,-0.8660254,-0.5,3,0,0,1,3124.0,1,6187.0,1,3433.0,1,3098.0,1,3207.0,1,6221.0,1,2980.0,1,3133.0,3807.2388,3659.211,-3063.0
274,2013-08-14,3122.0,796.0,1.0,1.0,0,1.0,3.0,-0.696551,-0.71750724,-0.8660254,-0.5,3,0,0,1,2863.0,1,3124.0,1,2709.0,1,2919.0,1,3752.0,1,2825.0,1,6278.0,1,5837.0,3429.5432,3482.2751,-261.0
274,2013-08-15,2923.0,829.0,1.0,1.0,0,1.0,4.0,-0.696551,-0.71750724,-0.8660254,-0.5,3,0,0,1,3122.0,1,2863.0,1,6187.0,1,2755.0,1,2866.0,1,3036.0,1,3325.0,1,3231.0,3306.526,3402.214,259.0
274,2013-08-16,3343.0,989.0,1.0,1.0,0,1.0,5.0,-0.696551,-0.71750724,-0.8660254,-0.5,3,0,0,1,2923.0,1,3122.0,1,3124.0,1,2717.0,1,5599.0,1,3389.0,1,2764.0,1,3071.0,3153.1155,3295.722,-199.0
274,2013-08-17,3149.0,829.0,1.0,0.0,0,0.0,6.0,-0.696551,-0.71750724,-0.8660254,-0.5,3,0,0,1,3343.0,1,2923.0,1,2863.0,1,3433.0,1,3098.0,1,3207.0,1,2504.0,1,2896.0,3229.0693,3306.2283,420.0
274,2013-08-18,6430.0,1385.0,1.0,0.0,0,0.0,7.0,-0.696551,-0.71750724,-0.8660254,-0.5,3,0,0,1,3149.0,1,3343.0,1,3122.0,1,2709.0,1,2919.0,1,3752.0,1,2625.0,1,2998.0,3197.0415,3271.2886,-194.0
274,2013-08-19,2940.0,788.0,1.0,0.0,0,0.0,1.0,-0.7765239,-0.63008785,-0.8660254,-0.5,3,0,0,1,6430.0,1,3149.0,1,2923.0,1,6187.0,1,2755.0,1,2866.0,1,3315.0,1,3617.0,4490.225,3973.2246,3281.0
274,2013-08-20,2977.0,788.0,1.0,0.0,0,0.0,2.0,-0.7765239,-0.63008785,-0.8660254,-0.5,3,0,0,1,2940.0,1,6430.0,1,3343.0,1,3124.0,1,2717.0,1,5599.0,1,2967.0,1,3585.0,3870.135,3743.6191,-3490.0
274,2013-08-21,2661.0,758.0,1.0,0.0,0,0.0,3.0,-0.7765239,-0.63008785,-0.8660254,-0.5,3,0,0,1,2977.0,1,2940.0,1,3149.0,1,2863.0,1,3433.0,1,3098.0,1,6221.0,1,6690.0,3512.881,3573.2593,37.0
274,2013-08-22,2879.0,836.0,1.0,0.0,0,0.0,4.0,-0.7765239,-0.63008785,-0.8660254,-0.5,3,0,0,1,2661.0,1,2977.0,1,6430.0,1,3122.0,1,2709.0,1,2919.0,1,2825.0,1,3540.0,3172.1287,3370.535,-316.0
274,2013-08-23,3331.0,957.0,1.0,0.0,0,0.0,5.0,-0.7765239,-0.63008785,-0.8660254,-0.5,3,0,0,1,2879.0,1,2661.0,1,2940.0,1,2923.0,1,6187.0,1,2755.0,1,3036.0,1,3474.0,3054.8772,3261.305,218.0
274,2013-08-24,2889.0,739.0,1.0,0.0,0,0.0,6.0,-0.7765239,-0.63008785,-0.8660254,-0.5,3,0,0,1,3331.0,1,2879.0,1,2977.0,1,3343.0,1,3124.0,1,2717.0,1,3389.0,1,3327.0,3165.3262,3276.7927,452.0
274,2013-08-25,6057.0,1440.0,1.0,0.0,0,0.0,7.0,-0.7765239,-0.63008785,-0.8660254,-0.5,3,0,0,1,2889.0,1,3331.0,1,2661.0,1,3149.0,1,2863.0,1,3433.0,1,3207.0,1,3368.0,3054.7957,3190.6167,-442.0
274,2013-08-26,3114.0,828.0,1.0,1.0,0,0.0,1.0,-0.845596,-0.5338234,-0.8660254,-0.5,3,0,0,1,6057.0,1,2889.0,1,2879.0,1,6430.0,1,3122.0,1,2709.0,1,3752.0,1,4015.0,4255.6772,3827.5906,3168.0
274,2013-08-27,3181.0,841.0,1.0,1.0,0,0.0,2.0,-0.845596,-0.5338234,-0.8660254,-0.5,3,0,0,1,3114.0,1,6057.0,1,3331.0,1,2940.0,1,2923.0,1,6187.0,1,2866.0,1,3338.0,3799.0066,3669.015,-2943.0
274,2013-08-28,3231.0,812.0,1.0,1.0,0,0.0,3.0,-0.845596,-0.5338234,-0.8660254,-0.5,3,0,0,1,3181.0,1,3114.0,1,2889.0,1,2977.0,1,3343.0,1,3124.0,1,5599.0,1,6046.0,3551.804,3560.5671,67.0
274,2013-08-29,3071.0,808.0,1.0,1.0,0,0.0,4.0,-0.845596,-0.5338234,-0.8660254,-0.5,3,0,0,1,3231.0,1,3181.0,1,6057.0,1,2661.0,1,3149.0,1,2863.0,1,3098.0,1,3226.0,3423.4824,3487.33,50.0
274,2013-08-30,4227.0,1059.0,1.0,1.0,0,0.0,5.0,-0.845596,-0.5338234,-0.8660254,-0.5,3,0,0,1,3071.0,1,3231.0,1,3114.0,1,2879.0,1,6430.0,1,3122.0,1,2919.0,1,2584.0,3282.4895,3394.8123,-160.0
274,2013-08-31,3209.0,810.0,1.0,0.0,0,0.0,6.0,-0.845596,-0.5338234,-0.8660254,-0.5,3,0,1,1,4227.0,1,3071.0,1,3181.0,1,3331.0,1,2940.0,1,2923.0,1,2755.0,1,2775.0,3660.2937,3579.743,1156.0
274,2013-09-01,5953.0,1331.0,1.0,0.0,0,0.0,7.0,-0.845596,-0.5338234,-1.0,-1.8369701e-16,3,1,0,1,3209.0,1,4227.0,1,3231.0,1,2889.0,1,2977.0,1,3343.0,1,2717.0,1,3105.0,3479.7761,3497.3555,-1018.0
274,2013-09-02,3226.0,861.0,1.0,0.0,0,0.0,1.0,-0.9027978,-0.4300652,-1.0,-1.8369701e-16,3,0,0,1,5953.0,1,3209.0,1,3071.0,1,6057.0,1,2661.0,1,3149.0,1,3433.0,1,3151.0,4469.066,4043.0544,2744.0
274,2013-09-03,2907.0,802.0,1.0,0.0,0,0.0,2.0,-0.9027978,-0.4300652,-1.0,-1.8369701e-16,3,0,0,1,3226.0,1,5953.0,1,4227.0,1,3114.0,1,2879.0,1,6430.0,1,2709.0,1,2845.0,3971.8394,3861.4868,-2727.0
274,2013-09-04,2728.0,815.0,1.0,0.0,0,0.0,3.0,-0.9027978,-0.4300652,-1.0,-1.8369701e-16,3,0,0,1,2907.0,1,3226.0,1,3209.0,1,3181.0,1,3331.0,1,2940.0,1,6187.0,1,5957.0,3545.9036,3649.3787,-319.0
274,2013-09-05,2630.0,828.0,1.0,0.0,0,0.0,4.0,-0.9027978,-0.4300652,-1.0,-1.8369701e-16,3,0,0,1,2728.0,1,2907.0,1,5953.0,1,3231.0,1,2889.0,1,2977.0,1,3124.0,1,3448.0,3218.7422,3444.6277,-179.0
274,2013-09-06,3525.0,1043.0,1.0,0.0,0,0.0,5.0,-0.9027978,-0.4300652,-1.0,-1.8369701e-16,3,0,0,1,2630.0,1,2728.0,1,3226.0,1,3071.0,1,6057.0,1,2661.0,1,2863.0,1,3061.0,2983.2454,3263.5994,-98.0
274,2013-09-07,2751.0,727.0,1.0,0.0,0,0.0,6.0,-0.9027978,-0.4300652,-1.0,-1.8369701e-16,3,0,0,1,3525.0,1,2630.0,1,2907.0,1,4227.0,1,3114.0,1,2879.0,1,3122.0,1,2981.0,3199.9473,3321.6885,895.0
274,2013-09-08,6475.0,1391.0,1.0,0.0,0,0.0,7.0,-0.9027978,-0.4300652,-1.0,-1.8369701e-16,3,0,0,1,2751.0,1,3525.0,1,2728.0,1,3209.0,1,3181.0,1,3331.0,1,2923.0,1,3006.0,3020.3684,3194.8687,-774.0
274,2013-09-09,3534.0,848.0,1.0,1.0,0,0.0,1.0,-0.94732636,-0.32026985,-1.0,-1.8369701e-16,3,0,0,1,6475.0,1,2751.0,1,2630.0,1,5953.0,1,3231.0,1,2889.0,1,3343.0,1,3468.0,4402.221,3923.7869,3724.0
274,2013-09-10,3079.0,828.0,1.0,1.0,0,0.0,2.0,-0.94732636,-0.32026985,-1.0,-1.8369701e-16,3,0,0,1,3534.0,1,6475.0,1,3525.0,1,3226.0,1,3071.0,1,6057.0,1,3149.0,1,2980.0,4054.9326,3837.1675,-2941.0
274,2013-09-11,3073.0,805.0,1.0,1.0,0,0.0,3.0,-0.94732636,-0.32026985,-1.0,-1.8369701e-16,3,0,0,1,3079.0,1,3534.0,1,2751.0,1,2907.0,1,4227.0,1,3114.0,1,6430.0,1,6278.0,3664.5596,3668.6858,-455.0
274,2013-09-12,3077.0,894.0,1.0,1.0,0,0.0,4.0,-0.94732636,-0.32026985,-1.0,-1.8369701e-16,3,0,0,1,3073.0,1,3079.0,1,6475.0,1,2728.0,1,3209.0,1,3181.0,1,2940.0,1,3325.0,3427.9358,3536.3113,-6.0
274,2013-09-13,4077.0,1067.0,1.0,1.0,0,0.0,5.0,-0.94732636,-0.32026985,-1.0,-1.8369701e-16,3,0,0,1,3077.0,1,3073.0,1,3534.0,1,2630.0,1,5953.0,1,3231.0,1,2977.0,1,2764.0,3287.5615,3434.242,4.0
274,2013-09-14,3446.0,837.0,1.0,0.0,0,0.0,6.0,-0.94732636,-0.32026985,-1.0,-1.8369701e-16,3,0,0,1,4077.0,1,3077.0,1,3079.0,1,3525.0,1,3226.0,1,3071.0,1,2661.0,1,2504.0,3603.337,3577.0771,1000.0
274,2013-09-15,5910.0,1473.0,1.0,0.0,0,0.0,7.0,-0.94732636,-0.32026985,-1.0,-1.8369701e-16,3,0,0,1,3446.0,1,4077.0,1,3073.0,1,2751.0,1,2907.0,1,4227.0,1,2879.0,1,2625.0,3540.402,3547.949,-631.0
274,2013-09-16,3152.0,893.0,1.0,0.0,0,0.0,1.0,-0.9785565,-0.20597862,-1.0,-1.8369701e-16,3,0,0,1,5910.0,1,3446.0,1,3077.0,1,6475.0,1,2728.0,1,3209.0,1,3331.0,1,3315.0,4488.241,4072.849,2464.0
274,2013-09-17,2669.0,787.0,1.0,0.0,0,0.0,2.0,-0.9785565,-0.20597862,-1.0,-1.8369701e-16,3,0,0,1,3152.0,1,5910.0,1,4077.0,1,3534.0,1,2630.0,1,5953.0,1,2889.0,1,2967.0,3953.7449,3868.216,-2758.0
274,2013-09-18,3166.0,803.0,1.0,0.0,0,0.0,3.0,-0.9785565,-0.20597862,-1.0,-1.8369701e-16,3,0,0,1,2669.0,1,3152.0,1,3446.0,1,3079.0,1,3525.0,1,3226.0,1,6057.0,1,6221.0,3439.847,3601.7236,-483.0
274,2013-09-19,3028.0,858.0,1.0,0.0,0,0.0,4.0,-0.9785565,-0.20597862,-1.0,-1.8369701e-16,3,0,0,1,3166.0,1,2669.0,1,5910.0,1,3073.0,1,2751.0,1,2907.0,1,3114.0,1,2825.0,3330.308,3504.896,497.0
274,2013-09-20,3590.0,983.0,1.0,0.0,0,0.0,5.0,-0.9785565,-0.20597862,-1.0,-1.8369701e-16,3,0,0,1,3028.0,1,3166.0,1,3152.0,1,3077.0,1,6475.0,1,2728.0,1,3181.0,1,3036.0,3209.3848,3398.9192,-138.0
274,2013-09-21,2908.0,755.0,1.0,0.0,0,0.0,6.0,-0.9785565,-0.20597862,-1.0,-1.8369701e-16,3,0,0,1,3590.0,1,3028.0,1,2669.0,1,4077.0,1,3534.0,1,2630.0,1,3231.0,1,3389.0,3361.6309,3441.3816,562.0
274,2013-09-22,5908.0,1407.0,1.0,0.0,0,0.0,7.0,-0.9785565,-0.20597862,-1.0,-1.8369701e-16,3,0,0,1,2908.0,1,3590.0,1,3166.0,1,3446.0,1,3079.0,1,3525.0,1,3071.0,1,3207.0,3180.1785,3322.8523,-682.0
274,2013-09-23,3122.0,828.0,1.0,1.0,0,0.0,1.0,-0.9960498,-0.08879589,-1.0,-1.8369701e-16,3,0,0,1,5908.0,1,2908.0,1,3028.0,1,5910.0,1,3073.0,1,2751.0,1,4227.0,1,3752.0,4271.307,3897.3296,3000.0
274,2013-09-24,2988.0,844.0,1.0,1.0,0,0.0,2.0,-0.9960498,-0.08879589,-1.0,-1.8369701e-16,3,0,0,1,3122.0,1,5908.0,1,3590.0,1,3152.0,1,3077.0,1,6475.0,1,3209.0,1,2866.0,3811.5842,3725.0342,-2786.0
274,2013-09-25,2902.0,791.0,1.0,1.0,0,0.0,3.0,-0.9960498,-0.08879589,-1.0,-1.8369701e-16,3,0,0,1,2988.0,1,3122.0,1,2908.0,1,2669.0,1,4077.0,1,3534.0,1,5953.0,1,5599.0,3482.1506,3561.2488,-134.0
274,2013-09-26,3223.0,836.0,1.0,1.0,0,0.0,4.0,-0.9960498,-0.08879589,-1.0,-1.8369701e-16,3,0,0,1,2902.0,1,2988.0,1,5908.0,1,3166.0,1,3446.0,1,3079.0,1,3226.0,1,3098.0,3250.0903,3414.749,-86.0
274,2013-09-27,3676.0,984.0,1.0,1.0,0,0.0,5.0,-0.9960498,-0.08879589,-1.0,-1.8369701e-16,3,0,0,1,3223.0,1,2902.0,1,3122.0,1,3028.0,1,5910.0,1,3073.0,1,2907.0,1,2919.0,3239.2542,3372.1382,321.0
274,2013-09-28,2999.0,721.0,1.0,0.0,0,0.0,6.0,-0.9960498,-0.08879589,-1.0,-1.8369701e-16,3,0,0,1,3676.0,1,3223.0,1,2988.0,1,3590.0,1,3152.0,1,3077.0,1,2728.0,1,2755.0,3413.9526,3439.663,453.0
274,2013-09-29,5968.0,1340.0,1.0,0.0,0,0.0,7.0,-0.9960498,-0.08879589,-1.0,-1.8369701e-16,3,0,0,1,2999.0,1,3676.0,1,2902.0,1,2908.0,1,2669.0,1,4077.0,1,2630.0,1,2717.0,3247.9714,3341.7378,-677.0
274,2013-09-30,3109.0,797.0,1.0,0.0,0,0.0,1.0,-0.99956083,0.029633328,-1.0,-1.8369701e-16,3,0,1,1,5968.0,1,2999.0,1,3223.0,1,5908.0,1,3166.0,1,3446.0,1,3525.0,1,3433.0,4335.983,3925.3518,2969.0
274,2013-10-01,3045.0,824.0,1.0,0.0,0,0.0,2.0,-0.99956083,0.029633328,-0.8660254,0.5,4,1,0,1,3109.0,1,5968.0,1,3676.0,1,3122.0,1,3028.0,1,5910.0,1,2751.0,1,2709.0,3845.1897,3743.9402,-2859.0
274,2013-10-02,3280.0,941.0,1.0,0.0,0,0.0,3.0,-0.99956083,0.029633328,-0.8660254,0.5,4,0,0,1,3045.0,1,3109.0,1,2999.0,1,2988.0,1,3590.0,1,3152.0,1,6475.0,1,6187.0,3525.1138,3588.62,-64.0
274,2013-10-03,6819.0,1458.0,1.0,0.0,1,0.0,4.0,-0.99956083,0.029633328,-0.8660254,0.5,4,0,0,1,3280.0,1,3045.0,1,5968.0,1,2902.0,1,2908.0,1,2669.0,1,3534.0,1,3124.0,3427.0684,3520.0378,235.0
274,2013-10-04,3196.0,850.0,1.0,0.0,0,0.0,5.0,-0.99956083,0.029633328,-0.8660254,0.5,4,0,0,1,6819.0,1,3280.0,1,3109.0,1,3223.0,1,5908.0,1,3166.0,1,3079.0,1,2863.0,4783.841,4253.1406,3539.0
274,2013-10-05,3046.0,686.0,1.0,0.0,0,0.0,6.0,-0.99956083,0.029633328,-0.8660254,0.5,4,0,0,1,3196.0,1,6819.0,1,3045.0,1,3676.0,1,3122.0,1,3028.0,1,3073.0,1,3122.0,4148.7046,4018.2205,-3623.0
274,2013-10-06,6083.0,1386.0,1.0,0.0,0,0.0,7.0,-0.99956083,0.029633328,-0.8660254,0.5,4,0,0,1,3046.0,1,3196.0,1,3280.0,1,2999.0,1,2988.0,1,3590.0,1,3077.0,1,2923.0,3707.6228,3802.1714,-150.0
274,2013-10-07,3482.0,877.0,1.0,1.0,0,0.0,1.0,-0.9890402,0.14764656,-0.8660254,0.5,4,0,0,1,6083.0,1,3046.0,1,6819.0,1,5968.0,1,2902.0,1,2908.0,1,4077.0,1,3343.0,4657.7734,4309.0225,3037.0
274,2013-10-08,3219.0,839.0,1.0,1.0,0,0.0,2.0,-0.9890402,0.14764656,-0.8660254,0.5,4,0,0,1,3482.0,1,6083.0,1,3196.0,1,3109.0,1,3223.0,1,5908.0,1,3446.0,1,3149.0,4187.4644,4125.2397,-2601.0
274,2013-10-09,3119.0,819.0,1.0,1.0,0,0.0,3.0,-0.9890402,0.14764656,-0.8660254,0.5,4,0,0,1,3219.0,1,3482.0,1,3046.0,1,3045.0,1,3676.0,1,3122.0,1,5910.0,1,6430.0,3800.0786,3923.853,-263.0
274,2013-10-10,3461.0,897.0,1.0,1.0,0,0.0,4.0,-0.9890402,0.14764656,-0.8660254,0.5,4,0,0,1,3119.0,1,3219.0,1,6083.0,1,3280.0,1,2999.0,1,2988.0,1,3152.0,1,2940.0,3527.6472,3744.9968,-100.0
274,2013-10-11,4171.0,1099.0,1.0,1.0,0,0.0,5.0,-0.9890402,0.14764656,-0.8660254,0.5,4,0,0,1,3461.0,1,3119.0,1,3482.0,1,6819.0,1,5968.0,1,2902.0,1,2669.0,1,2977.0,3500.9883,3681.8865,342.0
274,2013-10-12,3264.0,814.0,1.0,0.0,0,0.0,6.0,-0.9890402,0.14764656,-0.8660254,0.5,4,0,0,1,4171.0,1,3461.0,1,3219.0,1,3196.0,1,3109.0,1,3223.0,1,3166.0,1,2661.0,3768.993,3790.5784,710.0
274,2013-10-13,5776.0,1316.0,1.0,0.0,0,0.0,7.0,-0.9890402,0.14764656,-0.8660254,0.5,4,0,0,1,3264.0,1,4171.0,1,3119.0,1,3046.0,1,3045.0,1,3676.0,1,3028.0,1,2879.0,3566.9958,3673.5608,-907.0
274,2013-10-14,2851.0,788.0,1.0,0.0,0,1.0,1.0,-0.9646356,0.26358718,-0.8660254,0.5,4,0,0,1,5776.0,1,3264.0,1,3461.0,1,6083.0,1,3280.0,1,2999.0,1,3590.0,1,3331.0,4450.5977,4140.7695,2512.0
274,2013-10-15,2863.0,746.0,1.0,0.0,0,1.0,2.0,-0.9646356,0.26358718,-0.8660254,0.5,4,0,0,1,2851.0,1,5776.0,1,4171.0,1,3482.0,1,6819.0,1,5968.0,1,2908.0,1,2889.0,3810.7585,3854.154,-2925.0
274,2013-10-16,2531.0,728.0,1.0,0.0,0,1.0,3.0,-0.9646356,0.26358718,-0.8660254,0.5,4,0,0,1,2863.0,1,2851.0,1,3264.0,1,3219.0,1,3196.0,1,3109.0,1,5908.0,1,6057.0,3431.655,3633.8977,12.0
274,2013-10-17,2663.0,771.0,1.0,0.0,0,1.0,4.0,-0.9646356,0.26358718,-0.8660254,0.5,4,0,0,1,2531.0,1,2863.0,1,5776.0,1,3119.0,1,3046.0,1,3045.0,1,3122.0,1,3114.0,3071.393,3388.8093,-332.0
274,2013-10-18,3242.0,958.0,1.0,0.0,0,1.0,5.0,-0.9646356,0.26358718,-0.8660254,0.5,4,0,0,1,2663.0,1,2531.0,1,2851.0,1,3461.0,1,6083.0,1,3280.0,1,2988.0,1,3181.0,2908.036,3227.5183,132.0
274,2013-10-19,2903.0,756.0,1.0,0.0,0,1.0,6.0,-0.9646356,0.26358718,-0.8660254,0.5,4,0,0,1,3242.0,1,2663.0,1,2863.0,1,4171.0,1,3482.0,1,6819.0,1,2902.0,1,3231.0,3041.6216,3230.7366,579.0
274,2013-10-20,5802.0,1315.0,1.0,0.0,0,1.0,7.0,-0.9646356,0.26358718,-0.8660254,0.5,4,0,0,1,2903.0,1,3242.0,1,2531.0,1,3264.0,1,3219.0,1,3196.0,1,3223.0,1,3071.0,2986.1729,3157.9062,-339.0
274,2013-10-21,3014.0,833.0,1.0,1.0,0,1.0,1.0,-0.9266896,0.37582758,-0.8660254,0.5,4,0,0,1,5802.0,1,2903.0,1,2663.0,1,5776.0,1,3119.0,1,3046.0,1,3676.0,1,4227.0,4112.504,3745.4827,2899.0
274,2013-10-22,2649.0,791.0,1.0,1.0,0,1.0,2.0,-0.9266896,0.37582758,-0.8660254,0.5,4,0,0,1,3014.0,1,5802.0,1,3242.0,1,2851.0,1,3461.0,1,6083.0,1,2999.0,1,3209.0,3673.1023,3582.931,-2788.0
274,2013-10-23,2875.0,803.0,1.0,1.0,0,1.0,3.0,-0.9266896,0.37582758,-0.8660254,0.5,4,0,0,1,2649.0,1,3014.0,1,2903.0,1,2863.0,1,4171.0,1,3482.0,1,5968.0,1,5953.0,3263.4614,3375.3906,-365.0
274,2013-10-24,2920.0,818.0,1.0,1.0,0,1.0,4.0,-0.9266896,0.37582758,-0.8660254,0.5,4,0,0,1,2875.0,1,2649.0,1,5802.0,1,2531.0,1,3264.0,1,3219.0,1,3109.0,1,3226.0,3108.077,3264.1929,226.0
274,2013-10-25,3410.0,942.0,1.0,1.0,0,1.0,5.0,-0.9266896,0.37582758,-0.8660254,0.5,4,0,0,1,2920.0,1,2875.0,1,3014.0,1,2663.0,1,5776.0,1,3119.0,1,3045.0,1,2907.0,3032.8462,3187.7056,45.0
274,2013-10-26,2839.0,747.0,1.0,0.0,0,0.0,6.0,-0.9266896,0.37582758,-0.8660254,0.5,4,0,0,1,3410.0,1,2920.0,1,2649.0,1,3242.0,1,2851.0,1,3461.0,1,3280.0,1,2728.0,3183.7078,3237.1042,490.0
274,2013-10-27,5733.0,1356.0,1.0,0.0,0,0.0,7.0,-0.9266896,0.37582758,-0.8660254,0.5,4,0,0,1,2839.0,1,3410.0,1,2875.0,1,2903.0,1,2863.0,1,4171.0,1,6819.0,1,2630.0,3045.8247,3148.6367,-571.0
274,2013-10-28,2837.0,837.0,1.0,0.0,0,0.0,1.0,-0.8757349,0.4827922,-0.8660254,0.5,4,0,0,1,5733.0,1,2839.0,1,2920.0,1,5802.0,1,2531.0,1,3264.0,1,3196.0,1,3525.0,4120.695,3722.9397,2894.0
274,2013-10-29,3001.0,858.0,1.0,0.0,0,0.0,2.0,-0.8757349,0.4827922,-0.8660254,0.5,4,0,0,1,2837.0,1,5733.0,1,3410.0,1,3014.0,1,2663.0,1,5776.0,1,3046.0,1,2751.0,3607.2168,3526.0642,-2896.0
274,2013-10-30,2980.0,850.0,1.0,0.0,0,0.0,3.0,-0.8757349,0.4827922,-0.8660254,0.5,4,0,0,1,3001.0,1,2837.0,1,2839.0,1,2649.0,1,3242.0,1,2851.0,1,6083.0,1,6475.0,3364.7302,3409.3833,164.0
274,2013-10-31,3313.0,894.0,1.0,0.0,0,0.0,4.0,-0.8757349,0.4827922,-0.8660254,0.5,4,0,1,1,2980.0,1,3001.0,1,5733.0,1,2875.0,1,2903.0,1,2863.0,1,3482.0,1,3534.0,3210.8381,3313.9648,-21.0
274,2013-11-01,3725.0,998.0,1.0,0.0,0,0.0,5.0,-0.8757349,0.4827922,-0.5,0.8660254,4,1,0,1,3313.0,1,2980.0,1,2837.0,1,2920.0,1,5802.0,1,2531.0,1,3219.0,1,3079.0,3251.703,3313.7502,333.0
274,2013-11-02,3225.0,794.0,1.0,0.0,0,0.0,6.0,-0.8757349,0.4827922,-0.5,0.8660254,4,0,0,1,3725.0,1,3313.0,1,3001.0,1,3410.0,1,3014.0,1,2663.0,1,3119.0,1,3073.0,3441.0217,3405.1392,412.0
274,2013-11-03,6103.0,1375.0,1.0,0.0,0,0.0,7.0,-0.8757349,0.4827922,-0.5,0.8660254,4,0,0,1,3225.0,1,3725.0,1,2980.0,1,2839.0,1,2649.0,1,3242.0,1,3461.0,1,3077.0,3354.613,3365.1082,-500.0
274,2013-11-04,3460.0,887.0,1.0,1.0,0,0.0,1.0,-0.8124869,0.5829795,-0.5,0.8660254,4,0,0,1,6103.0,1,3225.0,1,3313.0,1,5733.0,1,2875.0,1,2903.0,1,4171.0,1,4077.0,4453.968,3973.5286,2878.0
274,2013-11-05,3345.0,862.0,1.0,1.0,0,0.0,2.0,-0.8124869,0.5829795,-0.5,0.8660254,4,0,0,1,3460.0,1,6103.0,1,3725.0,1,2837.0,1,2920.0,1,5802.0,1,3264.0,1,3446.0,4056.3806,3859.4111,-2643.0
274,2013-11-06,3535.0,882.0,1.0,1.0,0,0.0,3.0,-0.8124869,0.5829795,-0.5,0.8660254,4,0,0,1,3345.0,1,3460.0,1,3225.0,1,3001.0,1,3410.0,1,3014.0,1,5776.0,1,5910.0,3771.8284,3745.0977,-115.0
274,2013-11-07,3746.0,931.0,1.0,1.0,0,0.0,4.0,-0.8124869,0.5829795,-0.5,0.8660254,4,0,0,1,3535.0,1,3345.0,1,6103.0,1,2980.0,1,2839.0,1,2649.0,1,2851.0,1,3152.0,3677.0972,3698.4092,190.0
274,2013-11-08,4037.0,1134.0,1.0,1.0,0,0.0,5.0,-0.8124869,0.5829795,-0.5,0.8660254,4,0,0,1,3746.0,1,3535.0,1,3460.0,1,3313.0,1,5733.0,1,2875.0,1,2863.0,1,2669.0,3704.6582,3708.9849,211.0
274,2013-11-09,3270.0,830.0,1.0,0.0,0,0.0,6.0,-0.8124869,0.5829795,-0.5,0.8660254,4,0,0,1,4037.0,1,3746.0,1,3345.0,1,3725.0,1,2837.0,1,2920.0,1,2531.0,1,3166.0,3837.595,3781.8772,291.0
274,2013-11-10,6737.0,1475.0,1.0,0.0,0,0.0,7.0,-0.8124869,0.5829795,-0.5,0.8660254,4,0,0,1,3270.0,1,4037.0,1,3535.0,1,3225.0,1,3001.0,1,3410.0,1,2663.0,1,3028.0,3610.557,3668.1267,-767.0
274,2013-11-11,2972.0,865.0,1.0,0.0,0,0.0,1.0,-0.73783326,0.674983,-0.5,0.8660254,4,0,0,1,6737.0,1,3270.0,1,3746.0,1,6103.0,1,2980.0,1,2839.0,1,3242.0,1,3590.0,4861.1343,4350.0986,3467.0
274,2013-11-12,3021.0,841.0,1.0,0.0,0,0.0,2.0,-0.73783326,0.674983,-0.5,0.8660254,4,0,0,1,2972.0,1,6737.0,1,4037.0,1,3460.0,1,3313.0,1,5733.0,1,2903.0,1,2908.0,4105.4805,4043.8545,-3765.0
274,2013-11-13,2870.0,832.0,1.0,0.0,0,0.0,3.0,-0.73783326,0.674983,-0.5,0.8660254,4,0,0,1,3021.0,1,2972.0,1,3270.0,1,3345.0,1,3725.0,1,2837.0,1,5802.0,1,5908.0,3671.6882,3816.5535,49.0
274,2013-11-14,3169.0,915.0,1.0,0.0,0,0.0,4.0,-0.73783326,0.674983,-0.5,0.8660254,4,0,0,1,2870.0,1,3021.0,1,6737.0,1,3535.0,1,3225.0,1,3001.0,1,3014.0,1,3122.0,3351.013,3606.2083,-151.0
274,2013-11-15,3817.0,1075.0,1.0,0.0,0,0.0,5.0,-0.73783326,0.674983,-0.5,0.8660254,4,0,0,1,3169.0,1,2870.0,1,2972.0,1,3746.0,1,6103.0,1,2980.0,1,2649.0,1,2988.0,3278.2078,3509.0508,299.0
274,2013-11-16,3243.0,806.0,1.0,0.0,0,0.0,6.0,-0.73783326,0.674983,-0.5,0.8660254,4,0,0,1,3817.0,1,3169.0,1,3021.0,1,4037.0,1,3460.0,1,3313.0,1,2875.0,1,2902.0,3493.7246,3577.484,648.0
274,2013-11-17,6410.0,1395.0,1.0,0.0,0,0.0,7.0,-0.73783326,0.674983,-0.5,0.8660254,4,0,0,1,3243.0,1,3817.0,1,2870.0,1,3270.0,1,3345.0,1,3725.0,1,2920.0,1,3223.0,3393.4348,3503.1543,-574.0
274,2013-11-18,3374.0,905.0,1.0,1.0,0,0.0,1.0,-0.65282214,0.75751126,-0.5,0.8660254,4,0,0,1,6410.0,1,3243.0,1,3169.0,1,6737.0,1,3535.0,1,3225.0,1,3410.0,1,3676.0,4600.061,4149.12,3167.0
274,2013-11-19,3490.0,871.0,1.0,1.0,0,0.0,2.0,-0.65282214,0.75751126,-0.5,0.8660254,4,0,0,1,3374.0,1,6410.0,1,3817.0,1,2972.0,1,3746.0,1,6103.0,1,2839.0,1,2999.0,4109.6367,3976.871,-3036.0
274,2013-11-20,3192.0,846.0,1.0,1.0,0,0.0,3.0,-0.65282214,0.75751126,-0.5,0.8660254,4,0,0,1,3490.0,1,3374.0,1,3243.0,1,3021.0,1,4037.0,1,3460.0,1,5733.0,1,5968.0,3861.782,3868.6775,116.0
274,2013-11-21,3181.0,866.0,1.0,1.0,0,0.0,4.0,-0.65282214,0.75751126,-0.5,0.8660254,4,0,0,1,3192.0,1,3490.0,1,6410.0,1,2870.0,1,3270.0,1,3345.0,1,2837.0,1,3109.0,3593.8691,3718.3047,-298.0
274,2013-11-22,4098.0,1096.0,1.0,1.0,0,0.0,5.0,-0.65282214,0.75751126,-0.5,0.8660254,4,0,0,1,3181.0,1,3192.0,1,3374.0,1,3169.0,1,6737.0,1,3535.0,1,3001.0,1,3045.0,3428.7214,3598.9036,-11.0
274,2013-11-23,3250.0,736.0,1.0,0.0,0,0.0,6.0,-0.65282214,0.75751126,-0.5,0.8660254,4,0,0,1,4098.0,1,3181.0,1,3490.0,1,3817.0,1,2972.0,1,3746.0,1,2980.0,1,3280.0,3696.4329,3709.814,917.0
274,2013-11-24,6886.0,1365.0,1.0,0.0,0,0.0,7.0,-0.65282214,0.75751126,-0.5,0.8660254,4,0,0,1,3250.0,1,4098.0,1,3192.0,1,3243.0,1,3021.0,1,4037.0,1,3313.0,1,6819.0,3517.8596,3607.633,-848.0
274,2013-11-25,3412.0,858.0,1.0,0.0,0,0.0,1.0,-0.55864674,0.82940567,-0.5,0.8660254,4,0,0,1,6886.0,1,3250.0,1,3181.0,1,6410.0,1,2870.0,1,3270.0,1,3725.0,1,3196.0,4865.1157,4336.159,3636.0
274,2013-11-26,3095.0,794.0,1.0,0.0,0,0.0,2.0,-0.55864674,0.82940567,-0.5,0.8660254,4,0,0,1,3412.0,1,6886.0,1,4098.0,1,3374.0,1,3169.0,1,6737.0,1,3225.0,1,3046.0,4283.8696,4130.7905,-3474.0
274,2013-11-27,3332.0,857.0,1.0,0.0,0,0.0,3.0,-0.55864674,0.82940567,-0.5,0.8660254,4,0,0,1,3095.0,1,3412.0,1,3250.0,1,3490.0,1,3817.0,1,2972.0,1,6103.0,1,6083.0,3808.3218,3900.6147,-317.0
274,2013-11-28,3512.0,925.0,1.0,0.0,0,0.0,4.0,-0.55864674,0.82940567,-0.5,0.8660254,4,0,0,1,3332.0,1,3095.0,1,6886.0,1,3192.0,1,3243.0,1,3021.0,1,3460.0,1,3482.0,3617.793,3774.2559,237.0
274,2013-11-29,5000.0,1133.0,1.0,0.0,0,0.0,5.0,-0.55864674,0.82940567,-0.5,0.8660254,4,0,0,1,3512.0,1,3332.0,1,3412.0,1,3181.0,1,6410.0,1,2870.0,1,3345.0,1,3219.0,3575.4758,3715.9768,180.0
274,2013-11-30,3948.0,916.0,1.0,0.0,0,0.0,6.0,-0.55864674,0.82940567,-0.5,0.8660254,4,0,1,1,5000.0,1,3512.0,1,3095.0,1,4098.0,1,3374.0,1,3169.0,1,3535.0,1,3119.0,4145.2856,4001.3152,1488.0
274,2013-12-01,6499.0,1332.0,1.0,0.0,0,0.0,7.0,-0.55864674,0.82940567,-2.4492937e-16,1.0,4,1,0,1,3948.0,1,5000.0,1,3332.0,1,3250.0,1,3490.0,1,3817.0,1,3746.0,1,3461.0,4066.3713,3989.4675,-1052.0
274,2013-12-02,4615.0,1044.0,1.0,1.0,0,0.0,1.0,-0.45662925,0.8896571,-2.4492937e-16,1.0,4,0,0,1,6499.0,1,3948.0,1,3512.0,1,6886.0,1,3192.0,1,3243.0,1,4037.0,1,4171.0,5039.423,4547.141,2551.0
274,2013-12-03,3736.0,906.0,1.0,1.0,0,0.0,2.0,-0.45662925,0.8896571,-2.4492937e-16,1.0,4,0,0,1,4615.0,1,6499.0,1,5000.0,1,3412.0,1,3181.0,1,6410.0,1,3270.0,1,3264.0,4869.654,4562.221,-1884.0
274,2013-12-04,3492.0,850.0,1.0,1.0,0,0.0,3.0,-0.45662925,0.8896571,-2.4492937e-16,1.0,4,0,0,1,3736.0,1,4615.0,1,3948.0,1,3095.0,1,4098.0,1,3374.0,1,6737.0,1,5776.0,4416.1924,4378.616,-879.0
274,2013-12-05,4098.0,1002.0,1.0,1.0,0,0.0,4.0,-0.45662925,0.8896571,-2.4492937e-16,1.0,4,0,0,1,3492.0,1,3736.0,1,6499.0,1,3332.0,1,3250.0,1,3490.0,1,2972.0,1,2851.0,4046.5154,4181.5903,-244.0
274,2013-12-06,4556.0,1151.0,1.0,1.0,0,0.0,5.0,-0.45662925,0.8896571,-2.4492937e-16,1.0,4,0,0,1,4098.0,1,3492.0,1,4615.0,1,3512.0,1,6886.0,1,3192.0,1,3021.0,1,2863.0,4067.1091,4163.0146,606.0
274,2013-12-07,3663.0,856.0,1.0,0.0,0,0.0,6.0,-0.45662925,0.8896571,-2.4492937e-16,1.0,4,0,0,1,4556.0,1,4098.0,1,3736.0,1,5000.0,1,3412.0,1,3181.0,1,2870.0,1,2531.0,4262.6655,4250.3447,458.0
274,2013-12-08,6513.0,1378.0,1.0,0.0,0,0.0,7.0,-0.45662925,0.8896571,-2.4492937e-16,1.0,4,0,0,1,3663.0,1,4556.0,1,3492.0,1,3948.0,1,3095.0,1,4098.0,1,3169.0,1,2663.0,4022.7993,4119.8237,-893.0
274,2013-12-09,3492.0,939.0,1.0,0.0,0,0.0,1.0,-0.34820163,0.93741965,-2.4492937e-16,1.0,4,0,0,1,6513.0,1,3663.0,1,4098.0,1,6499.0,1,3332.0,1,3250.0,1,3817.0,1,3242.0,5018.8794,4651.6406,2850.0
274,2013-12-10,3430.0,870.0,1.0,0.0,0,0.0,2.0,-0.34820163,0.93741965,-2.4492937e-16,1.0,4,0,0,1,3492.0,1,6513.0,1,4556.0,1,4615.0,1,3512.0,1,6886.0,1,3243.0,1,2903.0,4408.128,4393.943,-3021.0
274,2013-12-11,3070.0,871.0,1.0,0.0,0,0.0,3.0,-0.34820163,0.93741965,-2.4492937e-16,1.0,4,0,0,1,3430.0,1,3492.0,1,3663.0,1,3736.0,1,5000.0,1,3412.0,1,6410.0,1,5802.0,4016.8767,4179.7334,-62.0
274,2013-12-12,3432.0,877.0,1.0,0.0,0,0.0,4.0,-0.34820163,0.93741965,-2.4492937e-16,1.0,4,0,0,1,3070.0,1,3430.0,1,6513.0,1,3492.0,1,3948.0,1,3095.0,1,3374.0,1,3014.0,3638.126,3933.126,-360.0
274,2013-12-13,3675.0,1051.0,1.0,0.0,0,0.0,5.0,-0.34820163,0.93741965,-2.4492937e-16,1.0,4,0,0,1,3432.0,1,3070.0,1,3492.0,1,4098.0,1,6499.0,1,3332.0,1,3490.0,1,2649.0,3555.6755,3821.7646,362.0
274,2013-12-14,3200.0,787.0,1.0,0.0,0,0.0,6.0,-0.34820163,0.93741965,-2.4492937e-16,1.0,4,0,0,1,3675.0,1,3432.0,1,3430.0,1,4556.0,1,4615.0,1,3512.0,1,3192.0,1,2875.0,3603.4053,3789.1501,243.0
274,2013-12-15,6388.0,1341.0,1.0,0.0,0,0.0,7.0,-0.34820163,0.93741965,-2.4492937e-16,1.0,4,0,0,1,3200.0,1,3675.0,1,3070.0,1,3663.0,1,3736.0,1,5000.0,1,3181.0,1,2920.0,3442.0432,3658.228,-475.0
274,2013-12-16,3835.0,910.0,1.0,1.0,0,0.0,1.0,-0.23488605,0.9720229,-2.4492937e-16,1.0,4,0,0,1,6388.0,1,3200.0,1,3432.0,1,6513.0,1,3492.0,1,3948.0,1,4098.0,1,3410.0,4620.426,4264.8438,3188.0
274,2013-12-17,3797.0,874.0,1.0,1.0,0,0.0,2.0,-0.23488605,0.9720229,-2.4492937e-16,1.0,4,0,0,1,3835.0,1,6388.0,1,3675.0,1,3492.0,1,4098.0,1,6499.0,1,3250.0,1,2839.0,4306.2554,4169.323,-2553.0
274,2013-12-18,3984.0,882.0,1.0,1.0,0,0.0,3.0,-0.23488605,0.9720229,-2.4492937e-16,1.0,4,0,0,1,3797.0,1,3835.0,1,3200.0,1,3430.0,1,4556.0,1,4615.0,1,6886.0,1,5733.0,4102.553,4086.5847,-38.0
274,2013-12-19,4410.0,1000.0,1.0,1.0,0,0.0,4.0,-0.23488605,0.9720229,-2.4492937e-16,1.0,4,0,0,1,3984.0,1,3797.0,1,6388.0,1,3070.0,1,3663.0,1,3736.0,1,3412.0,1,2837.0,4055.132,4063.788,187.0
274,2013-12-20,4394.0,1058.0,1.0,1.0,0,0.0,5.0,-0.23488605,0.9720229,-2.4492937e-16,1.0,4,0,0,1,4410.0,1,3984.0,1,3835.0,1,3432.0,1,6513.0,1,3492.0,1,3095.0,1,3001.0,4197.079,4140.724,426.0
274,2013-12-21,4232.0,926.0,1.0,0.0,0,0.0,6.0,-0.23488605,0.9720229,-2.4492937e-16,1.0,4,0,0,1,4394.0,1,4410.0,1,3797.0,1,3675.0,1,3492.0,1,4098.0,1,3332.0,1,2980.0,4275.8477,4197.008,-16.0
274,2013-12-22,6623.0,1324.0,1.0,0.0,0,0.0,7.0,-0.23488605,0.9720229,-2.4492937e-16,1.0,4,0,0,1,4232.0,1,4394.0,1,3984.0,1,3200.0,1,3430.0,1,4556.0,1,3512.0,1,3313.0,4258.3086,4204.7837,-162.0
274,2013-12-23,4282.0,963.0,1.0,0.0,0,1.0,1.0,-0.11827317,0.9929811,-2.4492937e-16,1.0,4,0,0,1,6623.0,1,4232.0,1,4410.0,1,6388.0,1,3070.0,1,3663.0,1,5000.0,1,3725.0,5204.185,4742.165,2391.0
274,2013-12-24,2927.0,565.0,1.0,0.0,0,1.0,2.0,-0.11827317,0.9929811,-2.4492937e-16,1.0,4,0,0,1,4282.0,1,6623.0,1,4394.0,1,3835.0,1,3432.0,1,6513.0,1,3948.0,1,3225.0,4835.311,4639.9062,-2341.0
274,2013-12-25,5687.0,1086.0,1.0,0.0,3,1.0,3.0,-0.11827317,0.9929811,-2.4492937e-16,1.0,4,0,0,1,2927.0,1,4282.0,1,4232.0,1,3797.0,1,3675.0,1,3492.0,1,6499.0,1,6103.0,4071.9866,4259.2603,-1355.0
274,2013-12-26,6332.0,1258.0,1.0,0.0,3,1.0,4.0,-0.11827317,0.9929811,-2.4492937e-16,1.0,4,0,0,1,5687.0,1,2927.0,1,6623.0,1,3984.0,1,3200.0,1,3430.0,1,4615.0,1,3460.0,4717.992,4576.5356,2760.0
274,2013-12-27,3291.0,866.0,1.0,0.0,0,1.0,5.0,-0.11827317,0.9929811,-2.4492937e-16,1.0,4,0,0,1,6332.0,1,5687.0,1,4282.0,1,4410.0,1,6388.0,1,3070.0,1,3736.0,1,3345.0,5363.595,4966.639,645.0
274,2013-12-28,3626.0,807.0,1.0,0.0,0,1.0,6.0,-0.11827317,0.9929811,-2.4492937e-16,1.0,4,0,0,1,3291.0,1,6332.0,1,2927.0,1,4394.0,1,3835.0,1,3432.0,1,3492.0,1,3535.0,4534.557,4594.275,-3041.0
274,2013-12-29,5848.0,1192.0,1.0,0.0,0,1.0,7.0,-0.11827317,0.9929811,-2.4492937e-16,1.0,4,0,0,1,3626.0,1,3291.0,1,5687.0,1,4232.0,1,3797.0,1,3675.0,1,4098.0,1,3746.0,4171.1343,4379.1025,335.0
274,2013-12-30,3733.0,861.0,1.0,0.0,0,1.0,1.0,0.11827317,0.9929811,-2.4492937e-16,1.0,4,0,0,1,5848.0,1,3626.0,1,6332.0,1,6623.0,1,3984.0,1,3200.0,1,4556.0,1,4037.0,4841.8804,4705.5244,2222.0
274,2013-12-31,2883.0,568.0,1.0,0.0,0,1.0,2.0,0.11827317,0.9929811,-2.4492937e-16,1.0,4,0,1,1,3733.0,1,5848.0,1,3291.0,1,4282.0,1,4410.0,1,6388.0,1,3663.0,1,3270.0,4398.328,4489.4077,-2115.0
274,2014-01-01,3616.0,769.0,1.0,0.0,1,1.0,3.0,0.11827317,0.9929811,0.5,0.8660254,1,1,0,1,2883.0,1,3733.0,1,3626.0,1,2927.0,1,4394.0,1,3835.0,1,6513.0,1,6737.0,3792.197,4132.428,-850.0
274,2014-01-02,3005.0,730.0,1.0,0.0,0,1.0,4.0,0.11827317,0.9929811,0.5,0.8660254,1,0,0,1,3616.0,1,2883.0,1,5848.0,1,5687.0,1,4232.0,1,3797.0,1,3492.0,1,2972.0,3721.7183,4017.6665,733.0
274,2014-01-03,3032.0,748.0,1.0,0.0,0,1.0,5.0,0.11827317,0.9929811,0.5,0.8660254,1,0,0,1,3005.0,1,3616.0,1,3733.0,1,6332.0,1,6623.0,1,3984.0,1,3430.0,1,3021.0,3435.031,3792.6294,-611.0
274,2014-01-04,3009.0,691.0,1.0,0.0,0,1.0,6.0,0.11827317,0.9929811,0.5,0.8660254,1,0,0,1,3032.0,1,3005.0,1,2883.0,1,3291.0,1,4282.0,1,4410.0,1,3070.0,1,2870.0,3273.8186,3623.6006,27.0
274,2014-01-05,4755.0,1074.0,1.0,0.0,0,1.0,7.0,0.11827317,0.9929811,0.5,0.8660254,1,0,0,1,3009.0,1,3032.0,1,3616.0,1,3626.0,1,2927.0,1,4394.0,1,3432.0,1,3169.0,3167.891,3487.0227,-23.0
274,2014-01-06,3203.0,762.0,1.0,1.0,0,1.0,1.0,0.23488605,0.9720229,0.5,0.8660254,1,0,0,1,4755.0,1,3009.0,1,3005.0,1,5848.0,1,5687.0,1,4232.0,1,3675.0,1,3817.0,3802.7346,3768.7954,1746.0
274,2014-01-07,2944.0,709.0,1.0,1.0,0,1.0,2.0,0.23488605,0.9720229,0.5,0.8660254,1,0,0,1,3203.0,1,4755.0,1,3032.0,1,3733.0,1,6332.0,1,6623.0,1,3200.0,1,3243.0,3562.8408,3643.0632,-1552.0
274,2014-01-08,2751.0,666.0,1.0,1.0,0,1.0,3.0,0.23488605,0.9720229,0.5,0.8660254,1,0,0,1,2944.0,1,3203.0,1,3009.0,1,2883.0,1,3291.0,1,4282.0,1,6388.0,1,6410.0,3315.3044,3487.7158,-259.0
274,2014-01-09,2614.0,694.0,1.0,1.0,0,1.0,4.0,0.23488605,0.9720229,0.5,0.8660254,1,0,0,1,2751.0,1,2944.0,1,4755.0,1,3616.0,1,3626.0,1,2927.0,1,3835.0,1,3374.0,3089.5828,3324.0012,-193.0
274,2014-01-10,3337.0,848.0,1.0,1.0,0,1.0,5.0,0.23488605,0.9720229,0.5,0.8660254,1,0,0,1,2614.0,1,2751.0,1,3203.0,1,3005.0,1,5848.0,1,5687.0,1,3797.0,1,3490.0,2899.3496,3166.2231,-137.0
274,2014-01-11,2612.0,624.0,1.0,0.0,0,0.0,6.0,0.23488605,0.9720229,0.5,0.8660254,1,0,0,1,3337.0,1,2614.0,1,2944.0,1,3032.0,1,3733.0,1,6332.0,1,3984.0,1,3192.0,3074.4097,3204.1736,723.0
274,2014-01-12,5492.0,1177.0,1.0,0.0,0,0.0,7.0,0.23488605,0.9720229,0.5,0.8660254,1,0,0,1,2612.0,1,3337.0,1,2751.0,1,3009.0,1,2883.0,1,3291.0,1,4410.0,1,3181.0,2889.4458,3072.5793,-725.0
274,2014-01-13,3107.0,803.0,1.0,0.0,0,0.0,1.0,0.34820163,0.93741965,0.5,0.8660254,1,0,0,1,5492.0,1,2612.0,1,2614.0,1,4755.0,1,3616.0,1,3626.0,1,4394.0,1,4098.0,3930.4675,3610.2285,2880.0
274,2014-01-14,2858.0,770.0,1.0,0.0,0,0.0,2.0,0.34820163,0.93741965,0.5,0.8660254,1,0,0,1,3107.0,1,5492.0,1,3337.0,1,3203.0,1,3005.0,1,5848.0,1,4232.0,1,3250.0,3601.0806,3498.4,-2385.0
274,2014-01-15,2841.0,804.0,1.0,0.0,0,0.0,3.0,0.34820163,0.93741965,0.5,0.8660254,1,0,0,1,2858.0,1,3107.0,1,2612.0,1,2944.0,1,3032.0,1,3733.0,1,6623.0,1,6886.0,3303.8484,3356.0889,-249.0
274,2014-01-16,2821.0,823.0,1.0,0.0,0,0.0,4.0,0.34820163,0.93741965,0.5,0.8660254,1,0,0,1,2841.0,1,2858.0,1,5492.0,1,2751.0,1,3009.0,1,2883.0,1,4282.0,1,3412.0,3118.709,3241.6245,-17.0
274,2014-01-17,3369.0,910.0,1.0,0.0,0,0.0,5.0,0.34820163,0.93741965,0.5,0.8660254,1,0,0,1,2821.0,1,2841.0,1,3107.0,1,2614.0,1,4755.0,1,3616.0,1,2927.0,1,3095.0,2999.6255,3148.1526,-20.0
274,2014-01-18,3081.0,690.0,1.0,0.0,0,0.0,6.0,0.34820163,0.93741965,0.5,0.8660254,1,0,0,1,3369.0,1,2821.0,1,2858.0,1,3337.0,1,3203.0,1,3005.0,1,5687.0,1,3332.0,3147.3752,3197.2297,548.0
274,2014-01-19,6010.0,1311.0,1.0,0.0,0,0.0,7.0,0.34820163,0.93741965,0.5,0.8660254,1,0,0,1,3081.0,1,3369.0,1,2841.0,1,2612.0,1,2944.0,1,3032.0,1,6332.0,1,3512.0,3120.8252,3171.401,-288.0
274,2014-01-20,3553.0,868.0,1.0,1.0,0,0.0,1.0,0.45662925,0.8896571,0.5,0.8660254,1,0,0,1,6010.0,1,3081.0,1,2821.0,1,5492.0,1,2751.0,1,3009.0,1,3291.0,1,5000.0,4276.495,3802.2007,2929.0
274,2014-01-21,3286.0,836.0,1.0,1.0,0,0.0,2.0,0.45662925,0.8896571,0.5,0.8660254,1,0,0,1,3553.0,1,6010.0,1,3369.0,1,3107.0,1,2614.0,1,4755.0,1,3626.0,1,3948.0,3987.0972,3746.8228,-2457.0
274,2014-01-22,3071.0,824.0,1.0,1.0,0,0.0,3.0,0.45662925,0.8896571,0.5,0.8660254,1,0,0,1,3286.0,1,3553.0,1,3081.0,1,2858.0,1,3337.0,1,3203.0,1,5848.0,1,6499.0,3706.6582,3644.4177,-267.0
274,2014-01-23,3609.0,901.0,1.0,1.0,0,0.0,4.0,0.45662925,0.8896571,0.5,0.8660254,1,0,0,1,3071.0,1,3286.0,1,6010.0,1,2841.0,1,2612.0,1,2944.0,1,3733.0,1,4615.0,3452.395,3516.9915,-215.0
274,2014-01-24,3950.0,1018.0,1.0,1.0,0,0.0,5.0,0.45662925,0.8896571,0.5,0.8660254,1,0,0,1,3609.0,1,3071.0,1,3553.0,1,2821.0,1,5492.0,1,2751.0,1,2883.0,1,3736.0,3515.0369,3537.438,538.0
274,2014-01-25,2910.0,736.0,1.0,0.0,0,0.0,6.0,0.45662925,0.8896571,0.5,0.8660254,1,0,0,1,3950.0,1,3609.0,1,3286.0,1,3369.0,1,3107.0,1,2614.0,1,3616.0,1,3492.0,3689.0222,3629.1184,341.0
274,2014-01-26,5099.0,1220.0,1.0,0.0,0,0.0,7.0,0.45662925,0.8896571,0.5,0.8660254,1,0,0,1,2910.0,1,3950.0,1,3071.0,1,3081.0,1,2858.0,1,3337.0,1,3005.0,1,4098.0,3377.4133,3469.3142,-1040.0
274,2014-01-27,3102.0,825.0,1.0,0.0,0,0.0,1.0,0.55864674,0.82940567,0.5,0.8660254,1,0,0,1,5099.0,1,2910.0,1,3609.0,1,6010.0,1,2841.0,1,2612.0,1,3032.0,1,4556.0,4066.048,3831.4666,2189.0
274,2014-01-28,3012.0,845.0,1.0,0.0,0,0.0,2.0,0.55864674,0.82940567,0.5,0.8660254,1,0,0,1,3102.0,1,5099.0,1,3950.0,1,3553.0,1,2821.0,1,5492.0,1,3009.0,1,3663.0,3680.4287,3669.363,-1997.0
274,2014-01-29,3126.0,806.0,1.0,0.0,0,0.0,3.0,0.55864674,0.82940567,0.5,0.8660254,1,0,0,1,3012.0,1,3102.0,1,2910.0,1,3286.0,1,3369.0,1,3107.0,1,4755.0,1,6513.0,3413.0574,3523.2822,-90.0
274,2014-01-30,3373.0,945.0,1.0,0.0,0,0.0,4.0,0.55864674,0.82940567,0.5,0.8660254,1,0,0,1,3126.0,1,3012.0,1,5099.0,1,3071.0,1,3081.0,1,2858.0,1,3203.0,1,3492.0,3298.2344,3434.9973,114.0
274,2014-01-31,3998.0,1067.0,1.0,0.0,0,0.0,5.0,0.55864674,0.82940567,0.5,0.8660254,1,0,1,1,3373.0,1,3126.0,1,3102.0,1,3609.0,1,6010.0,1,2841.0,1,2944.0,1,3430.0,3328.1406,3421.2202,247.0
274,2014-02-01,3201.0,796.0,1.0,0.0,0,0.0,6.0,0.55864674,0.82940567,0.8660254,0.5,1,1,0,1,3998.0,1,3373.0,1,3012.0,1,3950.0,1,3553.0,1,2821.0,1,2751.0,1,3070.0,3596.0845,3549.3936,625.0
274,2014-02-02,6138.0,1316.0,1.0,0.0,0,0.0,7.0,0.55864674,0.82940567,0.8660254,0.5,1,0,0,1,3201.0,1,3998.0,1,3126.0,1,2910.0,1,3286.0,1,3369.0,1,2614.0,1,3432.0,3438.0505,3471.9727,-797.0
274,2014-02-03,3966.0,937.0,1.0,1.0,0,0.0,1.0,0.65282214,0.75751126,0.8660254,0.5,1,0,0,1,6138.0,1,3201.0,1,3373.0,1,5099.0,1,3071.0,1,3081.0,1,3337.0,1,3675.0,4518.0303,4064.423,2937.0
274,2014-02-04,3541.0,810.0,1.0,1.0,0,0.0,2.0,0.65282214,0.75751126,0.8660254,0.5,1,0,0,1,3966.0,1,6138.0,1,3998.0,1,3102.0,1,3609.0,1,6010.0,1,2612.0,1,3200.0,4297.2183,4042.5513,-2172.0
274,2014-02-05,3306.0,853.0,1.0,1.0,0,0.0,3.0,0.65282214,0.75751126,0.8660254,0.5,1,0,0,1,3541.0,1,3966.0,1,3201.0,1,3012.0,1,3950.0,1,3553.0,1,5492.0,1,6388.0,3994.731,3931.0955,-425.0
274,2014-02-06,3529.0,895.0,1.0,1.0,0,0.0,4.0,0.65282214,0.75751126,0.8660254,0.5,1,0,0,1,3306.0,1,3541.0,1,6138.0,1,3126.0,1,2910.0,1,3286.0,1,3107.0,1,3835.0,3719.2385,3792.1853,-235.0
274,2014-02-07,4114.0,1018.0,1.0,1.0,0,0.0,5.0,0.65282214,0.75751126,0.8660254,0.5,1,0,0,1,3529.0,1,3306.0,1,3966.0,1,3373.0,1,5099.0,1,3071.0,1,2858.0,1,3797.0,3643.143,3733.6997,223.0
274,2014-02-08,3067.0,739.0,1.0,0.0,0,0.0,6.0,0.65282214,0.75751126,0.8660254,0.5,1,0,0,1,4114.0,1,3529.0,1,3541.0,1,3998.0,1,3102.0,1,3609.0,1,2841.0,1,3984.0,3831.4858,3818.211,585.0
274,2014-02-09,6181.0,1376.0,1.0,0.0,0,0.0,7.0,0.65282214,0.75751126,0.8660254,0.5,1,0,0,1,3067.0,1,4114.0,1,3306.0,1,3201.0,1,3012.0,1,3950.0,1,2821.0,1,4410.0,3525.6917,3651.2751,-1047.0
274,2014-02-10,3092.0,894.0,1.0,0.0,0,0.0,1.0,0.73783326,0.674983,0.8660254,0.5,1,0,0,1,6181.0,1,3067.0,1,3529.0,1,6138.0,1,3126.0,1,2910.0,1,3369.0,1,4394.0,4587.815,4213.436,3114.0
274,2014-02-11,2913.0,844.0,1.0,0.0,0,0.0,2.0,0.73783326,0.674983,0.8660254,0.5,1,0,0,1,3092.0,1,6181.0,1,4114.0,1,3966.0,1,3373.0,1,5099.0,1,3081.0,1,4232.0,3989.489,3964.2283,-3089.0
274,2014-02-12,3146.0,886.0,1.0,0.0,0,0.0,3.0,0.73783326,0.674983,0.8660254,0.5,1,0,0,1,2913.0,1,3092.0,1,3067.0,1,3541.0,1,3998.0,1,3102.0,1,6010.0,1,6623.0,3558.8933,3730.6218,-179.0
274,2014-02-13,3347.0,948.0,1.0,0.0,0,0.0,4.0,0.73783326,0.674983,0.8660254,0.5,1,0,0,1,3146.0,1,2913.0,1,6181.0,1,3306.0,1,3201.0,1,3012.0,1,3553.0,1,4282.0,3393.736,3600.706,233.0
274,2014-02-14,4095.0,1130.0,1.0,0.0,0,0.0,5.0,0.73783326,0.674983,0.8660254,0.5,1,0,0,1,3347.0,1,3146.0,1,3092.0,1,3529.0,1,6138.0,1,3126.0,1,3286.0,1,2927.0,3375.0415,3544.327,201.0
274,2014-02-15,3085.0,776.0,1.0,0.0,0,0.0,6.0,0.73783326,0.674983,0.8660254,0.5,1,0,0,1,4095.0,1,3347.0,1,2913.0,1,4114.0,1,3966.0,1,3373.0,1,3071.0,1,5687.0,3663.025,3666.6987,748.0
274,2014-02-16,6591.0,1403.0,1.0,0.0,0,0.0,7.0,0.73783326,0.674983,0.8660254,0.5,1,0,0,1,3085.0,1,4095.0,1,3146.0,1,3067.0,1,3541.0,1,3998.0,1,3609.0,1,6332.0,3431.815,3537.4324,-1010.0
274,2014-02-17,3778.0,893.0,1.0,1.0,0,0.0,1.0,0.8124869,0.5829795,0.8660254,0.5,1,0,0,1,6591.0,1,3085.0,1,3347.0,1,6181.0,1,3306.0,1,3201.0,1,3950.0,1,3291.0,4695.489,4216.003,3506.0
274,2014-02-18,3233.0,868.0,1.0,1.0,0,0.0,2.0,0.8124869,0.5829795,0.8660254,0.5,1,0,0,1,3778.0,1,6591.0,1,4095.0,1,3092.0,1,3529.0,1,6138.0,1,2910.0,1,3626.0,4328.493,4118.669,-2813.0
274,2014-02-19,3358.0,883.0,1.0,1.0,0,0.0,3.0,0.8124869,0.5829795,0.8660254,0.5,1,0,0,1,3233.0,1,3778.0,1,3085.0,1,2913.0,1,4114.0,1,3966.0,1,5099.0,1,5848.0,3890.2961,3921.8535,-545.0
274,2014-02-20,3219.0,854.0,1.0,1.0,0,0.0,4.0,0.8124869,0.5829795,0.8660254,0.5,1,0,0,1,3358.0,1,3233.0,1,6591.0,1,3146.0,1,3067.0,1,3541.0,1,3102.0,1,3733.0,3677.3777,3796.5527,125.0
274,2014-02-21,3908.0,998.0,1.0,1.0,0,0.0,5.0,0.8124869,0.5829795,0.8660254,0.5,1,0,0,1,3219.0,1,3358.0,1,3778.0,1,3347.0,1,6181.0,1,3306.0,1,3012.0,1,2883.0,3494.0266,3668.2078,-139.0
274,2014-02-22,3204.0,755.0,1.0,0.0,0,0.0,6.0,0.8124869,0.5829795,0.8660254,0.5,1,0,0,1,3908.0,1,3219.0,1,3233.0,1,4095.0,1,3092.0,1,3529.0,1,3126.0,1,3616.0,3659.616,3721.4949,689.0
274,2014-02-23,6318.0,1354.0,1.0,0.0,0,0.0,7.0,0.8124869,0.5829795,0.8660254,0.5,1,0,0,1,3204.0,1,3908.0,1,3358.0,1,3085.0,1,2913.0,1,4114.0,1,3373.0,1,3005.0,3477.3696,3606.496,-704.0
274,2014-02-24,3120.0,881.0,1.0,0.0,0,0.0,1.0,0.8757349,0.4827922,0.8660254,0.5,1,0,0,1,6318.0,1,3204.0,1,3219.0,1,6591.0,1,3146.0,1,3067.0,1,3998.0,1,3032.0,4613.6216,4209.0522,3114.0
274,2014-02-25,2926.0,860.0,1.0,0.0,0,0.0,2.0,0.8757349,0.4827922,0.8660254,0.5,1,0,0,1,3120.0,1,6318.0,1,3908.0,1,3778.0,1,3347.0,1,6181.0,1,3201.0,1,3009.0,4016.173,3967.0408,-3198.0
274,2014-02-26,2990.0,815.0,1.0,0.0,0,0.0,3.0,0.8757349,0.4827922,0.8660254,0.5,1,0,0,1,2926.0,1,3120.0,1,3204.0,1,3233.0,1,4095.0,1,3092.0,1,6138.0,1,4755.0,3580.1038,3735.6985,-194.0
274,2014-02-27,3095.0,865.0,1.0,0.0,0,0.0,4.0,0.8757349,0.4827922,0.8660254,0.5,1,0,0,1,2990.0,1,2926.0,1,6318.0,1,3358.0,1,3085.0,1,2913.0,1,3966.0,1,3203.0,3344.0623,3569.9875,64.0
274,2014-02-28,4273.0,1076.0,1.0,0.0,0,0.0,5.0,0.8757349,0.4827922,0.8660254,0.5,1,0,1,1,3095.0,1,2990.0,1,3120.0,1,3219.0,1,6591.0,1,3146.0,1,3541.0,1,2944.0,3244.4373,3464.4348,105.0
274,2014-03-01,3768.0,872.0,1.0,0.0,0,0.0,6.0,0.8757349,0.4827922,1.0,6.123234e-17,1,1,0,1,4273.0,1,3095.0,1,2926.0,1,3908.0,1,3778.0,1,3347.0,1,3306.0,1,2751.0,3655.8623,3644.116,1178.0
274,2014-03-02,6580.0,1285.0,1.0,0.0,0,0.0,7.0,0.8757349,0.4827922,1.0,6.123234e-17,1,0,0,1,3768.0,1,4273.0,1,2990.0,1,3204.0,1,3233.0,1,4095.0,1,3529.0,1,2614.0,3700.7175,3671.6458,-505.0
274,2014-03-03,3852.0,922.0,1.0,1.0,0,0.0,1.0,0.9266896,0.37582758,1.0,6.123234e-17,1,0,0,1,6580.0,1,3768.0,1,3095.0,1,6318.0,1,3358.0,1,3085.0,1,4114.0,1,3337.0,4852.4307,4317.947,2812.0
274,2014-03-04,3568.0,861.0,1.0,1.0,0,0.0,2.0,0.9266896,0.37582758,1.0,6.123234e-17,1,0,0,1,3852.0,1,6580.0,1,4273.0,1,3120.0,1,3219.0,1,6591.0,1,3067.0,1,2612.0,4452.2583,4214.403,-2728.0
274,2014-03-05,3682.0,859.0,1.0,1.0,0,0.0,3.0,0.9266896,0.37582758,1.0,6.123234e-17,1,0,0,1,3568.0,1,3852.0,1,3768.0,1,2926.0,1,3908.0,1,3778.0,1,6181.0,1,5492.0,4098.555,4070.7578,-284.0
274,2014-03-06,3698.0,946.0,1.0,1.0,0,0.0,4.0,0.9266896,0.37582758,1.0,6.123234e-17,1,0,0,1,3682.0,1,3568.0,1,6580.0,1,2990.0,1,3204.0,1,3233.0,1,3092.0,1,3107.0,3931.9329,3984.3672,114.0
274,2014-03-07,3907.0,1058.0,1.0,1.0,0,0.0,5.0,0.9266896,0.37582758,1.0,6.123234e-17,1,0,0,1,3698.0,1,3682.0,1,3852.0,1,3095.0,1,6318.0,1,3358.0,1,2913.0,1,2858.0,3838.3599,3920.73,16.0
274,2014-03-08,3158.0,793.0,1.0,0.0,0,0.0,6.0,0.9266896,0.37582758,1.0,6.123234e-17,1,0,0,1,3907.0,1,3698.0,1,3568.0,1,4273.0,1,3120.0,1,3219.0,1,3146.0,1,2841.0,3865.816,3917.679,209.0
274,2014-03-09,7086.0,1531.0,1.0,0.0,0,0.0,7.0,0.9266896,0.37582758,1.0,6.123234e-17,1,0,0,1,3158.0,1,3907.0,1,3682.0,1,3768.0,1,2926.0,1,3908.0,1,3347.0,1,2821.0,3582.6895,3748.8613,-749.0
274,2014-03-10,3196.0,891.0,1.0,0.0,0,0.0,1.0,0.9646356,0.26358718,1.0,6.123234e-17,1,0,0,1,7086.0,1,3158.0,1,3698.0,1,6580.0,1,2990.0,1,3204.0,1,4095.0,1,3369.0,4984.0137,4490.4478,3928.0
274,2014-03-11,3101.0,887.0,1.0,0.0,0,0.0,2.0,0.9646356,0.26358718,1.0,6.123234e-17,1,0,0,1,3196.0,1,7086.0,1,3907.0,1,3852.0,1,3095.0,1,6318.0,1,3085.0,1,3081.0,4268.808,4202.7925,-3890.0
274,2014-03-12,3208.0,867.0,1.0,0.0,0,0.0,3.0,0.9646356,0.26358718,1.0,6.123234e-17,1,0,0,1,3101.0,1,3196.0,1,3158.0,1,3568.0,1,4273.0,1,3120.0,1,6591.0,1,6010.0,3801.685,3957.95,-95.0
274,2014-03-13,3178.0,914.0,1.0,0.0,0,0.0,4.0,0.9646356,0.26358718,1.0,6.123234e-17,1,0,0,1,3208.0,1,3101.0,1,7086.0,1,3682.0,1,3768.0,1,2926.0,1,3778.0,1,3553.0,3564.211,3791.2944,107.0
274,2014-03-14,3684.0,986.0,1.0,0.0,0,0.0,5.0,0.9646356,0.26358718,1.0,6.123234e-17,1,0,0,1,3178.0,1,3208.0,1,3196.0,1,3698.0,1,6580.0,1,2990.0,1,3233.0,1,3286.0,3409.7266,3655.0068,-30.0
274,2014-03-15,3123.0,733.0,1.0,0.0,0,0.0,6.0,0.9646356,0.26358718,1.0,6.123234e-17,1,0,0,1,3684.0,1,3178.0,1,3101.0,1,3907.0,1,3852.0,1,3095.0,1,3358.0,1,3071.0,3519.436,3661.4497,506.0
274,2014-03-16,6755.0,1430.0,1.0,0.0,0,0.0,7.0,0.9646356,0.26358718,1.0,6.123234e-17,1,0,0,1,3123.0,1,3684.0,1,3208.0,1,3158.0,1,3568.0,1,4273.0,1,3219.0,1,3609.0,3360.8616,3541.7942,-561.0
274,2014-03-17,3878.0,980.0,1.0,1.0,0,0.0,1.0,0.9890402,0.14764656,1.0,6.123234e-17,1,0,0,1,6755.0,1,3123.0,1,3178.0,1,7086.0,1,3682.0,1,3768.0,1,3908.0,1,3950.0,4718.517,4255.84,3632.0
274,2014-03-18,3119.0,798.0,1.0,1.0,0,0.0,2.0,0.9890402,0.14764656,1.0,6.123234e-17,1,0,0,1,3878.0,1,6755.0,1,3684.0,1,3196.0,1,3698.0,1,6580.0,1,3204.0,1,2910.0,4382.31,4171.8755,-2877.0
274,2014-03-19,3180.0,861.0,1.0,1.0,0,0.0,3.0,0.9890402,0.14764656,1.0,6.123234e-17,1,0,0,1,3119.0,1,3878.0,1,3123.0,1,3101.0,1,3907.0,1,3852.0,1,6318.0,1,5099.0,3876.986,3937.903,-759.0
274,2014-03-20,3108.0,873.0,1.0,1.0,0,0.0,4.0,0.9890402,0.14764656,1.0,6.123234e-17,1,0,0,1,3180.0,1,3119.0,1,6755.0,1,3208.0,1,3158.0,1,3568.0,1,3120.0,1,3102.0,3598.1917,3769.4802,61.0
274,2014-03-21,4055.0,1064.0,1.0,1.0,0,0.0,5.0,0.9890402,0.14764656,1.0,6.123234e-17,1,0,0,1,3108.0,1,3180.0,1,3878.0,1,3178.0,1,7086.0,1,3682.0,1,2926.0,1,3012.0,3402.115,3622.4846,-72.0
274,2014-03-22,3152.0,760.0,1.0,0.0,0,0.0,6.0,0.9890402,0.14764656,1.0,6.123234e-17,1,0,0,1,4055.0,1,3108.0,1,3119.0,1,3684.0,1,3196.0,1,3698.0,1,2990.0,1,3126.0,3663.269,3718.599,947.0
274,2014-03-23,6766.0,1457.0,1.0,0.0,0,0.0,7.0,0.9890402,0.14764656,1.0,6.123234e-17,1,0,0,1,3152.0,1,4055.0,1,3180.0,1,3123.0,1,3101.0,1,3907.0,1,3095.0,1,3373.0,3458.7615,3592.6882,-903.0
274,2014-03-24,3216.0,892.0,1.0,0.0,0,0.0,1.0,0.99956083,0.029633328,1.0,6.123234e-17,1,0,0,1,6766.0,1,3152.0,1,3108.0,1,6755.0,1,3208.0,1,3158.0,1,4273.0,1,3998.0,4781.6567,4297.8687,3614.0
274,2014-03-25,3072.0,853.0,1.0,0.0,0,0.0,2.0,0.99956083,0.029633328,1.0,6.123234e-17,1,0,0,1,3216.0,1,6766.0,1,4055.0,1,3878.0,1,3178.0,1,7086.0,1,3768.0,1,3201.0,4155.394,4057.4534,-3550.0
274,2014-03-26,2782.0,791.0,1.0,0.0,0,0.0,3.0,0.99956083,0.029633328,1.0,6.123234e-17,1,0,0,1,3072.0,1,3216.0,1,3152.0,1,3119.0,1,3684.0,1,3196.0,1,6580.0,1,6138.0,3722.0364,3838.4636,-144.0
274,2014-03-27,3121.0,878.0,1.0,0.0,0,0.0,4.0,0.99956083,0.029633328,1.0,6.123234e-17,1,0,0,1,2782.0,1,3072.0,1,6766.0,1,3180.0,1,3123.0,1,3101.0,1,3852.0,1,3966.0,3346.022,3603.694,-290.0
274,2014-03-28,4135.0,1102.0,1.0,0.0,0,0.0,5.0,0.99956083,0.029633328,1.0,6.123234e-17,1,0,0,1,3121.0,1,2782.0,1,3216.0,1,3108.0,1,6755.0,1,3208.0,1,3568.0,1,3541.0,3256.0132,3496.4287,339.0
274,2014-03-29,3044.0,761.0,1.0,0.0,0,0.0,6.0,0.99956083,0.029633328,1.0,6.123234e-17,1,0,0,1,4135.0,1,3121.0,1,3072.0,1,4055.0,1,3878.0,1,3178.0,1,3682.0,1,3306.0,3607.608,3638.3335,1014.0
274,2014-03-30,5707.0,1311.0,1.0,0.0,0,0.0,7.0,0.99956083,0.029633328,1.0,6.123234e-17,1,0,0,1,3044.0,1,4135.0,1,2782.0,1,3152.0,1,3119.0,1,3684.0,1,3698.0,1,3529.0,3382.1648,3506.2593,-1091.0
274,2014-03-31,4078.0,997.0,1.0,1.0,0,0.0,1.0,0.9960498,-0.08879589,1.0,6.123234e-17,1,0,1,1,5707.0,1,3044.0,1,3121.0,1,6766.0,1,3180.0,1,3123.0,1,3907.0,1,4114.0,4312.0986,3995.3127,2663.0
274,2014-04-01,3663.0,920.0,1.0,1.0,0,0.0,2.0,0.9960498,-0.08879589,0.8660254,-0.5,2,1,0,1,4078.0,1,5707.0,1,4135.0,1,3216.0,1,3108.0,1,6755.0,1,3158.0,1,3067.0,4218.4595,4013.6877,-1629.0
274,2014-04-02,3406.0,902.0,1.0,1.0,0,0.0,3.0,0.9960498,-0.08879589,0.8660254,-0.5,2,0,0,1,3663.0,1,4078.0,1,3044.0,1,3072.0,1,4055.0,1,3878.0,1,7086.0,1,6181.0,3996.2756,3935.757,-415.0
274,2014-04-03,3345.0,874.0,1.0,1.0,0,0.0,4.0,0.9960498,-0.08879589,0.8660254,-0.5,2,0,0,1,3406.0,1,3663.0,1,5707.0,1,2782.0,1,3152.0,1,3119.0,1,3196.0,1,3092.0,3760.1653,3818.0332,-257.0
274,2014-04-04,4175.0,1076.0,1.0,1.0,0,0.0,5.0,0.9960498,-0.08879589,0.8660254,-0.5,2,0,0,1,3345.0,1,3406.0,1,4078.0,1,3121.0,1,6766.0,1,3180.0,1,3101.0,1,2913.0,3594.099,3712.9148,-61.0
274,2014-04-05,3679.0,873.0,1.0,0.0,0,0.0,6.0,0.9960498,-0.08879589,0.8660254,-0.5,2,0,0,1,4175.0,1,3345.0,1,3663.0,1,4135.0,1,3216.0,1,3108.0,1,3208.0,1,3146.0,3826.4595,3815.6003,830.0
274,2014-04-06,5704.0,1313.0,1.0,0.0,0,0.0,7.0,0.9960498,-0.08879589,0.8660254,-0.5,2,0,0,1,3679.0,1,4175.0,1,3406.0,1,3044.0,1,3072.0,1,4055.0,1,3178.0,1,3347.0,3767.4758,3785.2449,-496.0
274,2014-04-07,3480.0,941.0,1.0,0.0,0,0.0,1.0,0.9785565,-0.20597862,0.8660254,-0.5,2,0,0,1,5704.0,1,3679.0,1,3345.0,1,5707.0,1,2782.0,1,3152.0,1,3684.0,1,4095.0,4542.0854,4211.635,2025.0
274,2014-04-08,3274.0,906.0,1.0,0.0,0,0.0,2.0,0.9785565,-0.20597862,0.8660254,-0.5,2,0,0,1,3480.0,1,5704.0,1,4175.0,1,4078.0,1,3121.0,1,6766.0,1,3123.0,1,3085.0,4117.2515,4049.0493,-2224.0
274,2014-04-09,3418.0,924.0,1.0,0.0,0,0.0,3.0,0.9785565,-0.20597862,0.8660254,-0.5,2,0,0,1,3274.0,1,3480.0,1,3679.0,1,3663.0,1,4135.0,1,3216.0,1,6755.0,1,6591.0,3779.9507,3876.8162,-206.0
274,2014-04-10,3446.0,969.0,1.0,0.0,0,0.0,4.0,0.9785565,-0.20597862,0.8660254,-0.5,2,0,0,1,3418.0,1,3274.0,1,5704.0,1,3406.0,1,3044.0,1,3072.0,1,3878.0,1,3778.0,3635.1704,3774.857,144.0
274,2014-04-11,3919.0,1029.0,1.0,0.0,0,0.0,5.0,0.9785565,-0.20597862,0.8660254,-0.5,2,0,0,1,3446.0,1,3418.0,1,3480.0,1,3345.0,1,5707.0,1,2782.0,1,3119.0,1,3233.0,3559.5022,3701.7776,28.0
274,2014-04-12,3707.0,865.0,1.0,0.0,0,0.0,6.0,0.9785565,-0.20597862,0.8660254,-0.5,2,0,0,1,3919.0,1,3446.0,1,3274.0,1,4175.0,1,4078.0,1,3121.0,1,3180.0,1,3358.0,3703.3013,3750.0493,473.0
274,2014-04-13,6711.0,1491.0,1.0,0.0,0,0.0,7.0,0.9785565,-0.20597862,0.8660254,-0.5,2,0,0,1,3707.0,1,3919.0,1,3418.0,1,3679.0,1,3663.0,1,4135.0,1,3108.0,1,3219.0,3704.7808,3740.4827,-212.0
274,2014-04-14,4131.0,944.0,1.0,1.0,0,1.0,1.0,0.94732636,-0.32026985,0.8660254,-0.5,2,0,0,1,6711.0,1,3707.0,1,3446.0,1,5704.0,1,3406.0,1,3044.0,1,4055.0,1,3908.0,4907.2686,4400.5977,3004.0
274,2014-04-15,3546.0,851.0,1.0,1.0,0,1.0,2.0,0.94732636,-0.32026985,0.8660254,-0.5,2,0,0,1,4131.0,1,6711.0,1,3919.0,1,3480.0,1,3345.0,1,5707.0,1,3152.0,1,3204.0,4596.761,4340.687,-2580.0
274,2014-04-16,3957.0,976.0,1.0,1.0,0,1.0,3.0,0.94732636,-0.32026985,0.8660254,-0.5,2,0,0,1,3546.0,1,4131.0,1,3707.0,1,3274.0,1,4175.0,1,4078.0,1,6766.0,1,6318.0,4176.4565,4164.09,-585.0
274,2014-04-17,5323.0,1221.0,1.0,1.0,0,1.0,4.0,0.94732636,-0.32026985,0.8660254,-0.5,2,0,0,1,3957.0,1,3546.0,1,6711.0,1,3418.0,1,3679.0,1,3663.0,1,3216.0,1,3120.0,4088.674,4118.07,411.0
274,2014-04-18,8364.0,1693.0,1.0,1.0,2,1.0,5.0,0.94732636,-0.32026985,0.8660254,-0.5,2,0,0,1,5323.0,1,3957.0,1,4131.0,1,3446.0,1,5704.0,1,3406.0,1,3072.0,1,2926.0,4582.4043,4385.832,1366.0
274,2014-04-19,3898.0,913.0,1.0,0.0,0,1.0,6.0,0.94732636,-0.32026985,0.8660254,-0.5,2,0,0,1,8364.0,1,5323.0,1,3546.0,1,3919.0,1,3480.0,1,3345.0,1,2782.0,1,2990.0,6095.0425,5269.8696,3041.0
274,2014-04-20,5529.0,1197.0,1.0,0.0,0,1.0,7.0,0.94732636,-0.32026985,0.8660254,-0.5,2,0,0,1,3898.0,1,8364.0,1,3957.0,1,3707.0,1,3274.0,1,4175.0,1,3121.0,1,3095.0,5216.2256,4965.01,-4466.0
274,2014-04-21,7635.0,1708.0,1.0,0.0,2,1.0,1.0,0.9027978,-0.4300652,0.8660254,-0.5,2,0,0,1,5529.0,1,3898.0,1,5323.0,1,6711.0,1,3418.0,1,3679.0,1,4135.0,1,4273.0,5341.3354,5090.341,1631.0
274,2014-04-22,3609.0,926.0,1.0,0.0,0,1.0,2.0,0.9027978,-0.4300652,0.8660254,-0.5,2,0,0,1,7635.0,1,5529.0,1,8364.0,1,4131.0,1,3446.0,1,5704.0,1,3044.0,1,3768.0,6258.8013,5655.821,2106.0
274,2014-04-23,2942.0,836.0,1.0,0.0,0,1.0,3.0,0.9027978,-0.4300652,0.8660254,-0.5,2,0,0,1,3609.0,1,7635.0,1,3898.0,1,3546.0,1,3919.0,1,3480.0,1,5707.0,1,6580.0,5198.881,5200.9717,-4026.0
274,2014-04-24,3029.0,845.0,1.0,0.0,0,1.0,4.0,0.9027978,-0.4300652,0.8660254,-0.5,2,0,0,1,2942.0,1,3609.0,1,5529.0,1,3957.0,1,3707.0,1,3274.0,1,4078.0,1,3852.0,4296.1284,4698.978,-667.0
274,2014-04-25,3306.0,923.0,1.0,0.0,0,1.0,5.0,0.9027978,-0.4300652,0.8660254,-0.5,2,0,0,1,3029.0,1,2942.0,1,7635.0,1,5323.0,1,6711.0,1,3418.0,1,3663.0,1,3568.0,3789.277,4327.8716,87.0
274,2014-04-26,3333.0,778.0,1.0,0.0,0,0.0,6.0,0.9027978,-0.4300652,0.8660254,-0.5,2,0,0,1,3306.0,1,3029.0,1,3609.0,1,8364.0,1,4131.0,1,3446.0,1,3406.0,1,3682.0,3595.9663,4100.789,277.0
274,2014-04-27,5989.0,1338.0,1.0,0.0,0,0.0,7.0,0.9027978,-0.4300652,0.8660254,-0.5,2,0,0,1,3333.0,1,3306.0,1,2942.0,1,3898.0,1,3546.0,1,3919.0,1,3345.0,1,3698.0,3490.7798,3930.1692,27.0
274,2014-04-28,3646.0,910.0,1.0,1.0,0,0.0,1.0,0.845596,-0.5338234,0.8660254,-0.5,2,0,0,1,5989.0,1,3333.0,1,3029.0,1,5529.0,1,3957.0,1,3707.0,1,4175.0,1,3907.0,4490.068,4387.687,2656.0
274,2014-04-29,3551.0,884.0,1.0,1.0,0,0.0,2.0,0.845596,-0.5338234,0.8660254,-0.5,2,0,0,1,3646.0,1,5989.0,1,3306.0,1,7635.0,1,5323.0,1,6711.0,1,3679.0,1,3158.0,4152.441,4222.8677,-2343.0
274,2014-04-30,3976.0,1038.0,1.0,1.0,0,0.0,3.0,0.845596,-0.5338234,0.8660254,-0.5,2,0,1,1,3551.0,1,3646.0,1,3333.0,1,3609.0,1,8364.0,1,4131.0,1,5704.0,1,7086.0,3911.8645,4073.564,-95.0
274,2014-05-01,6936.0,1412.0,1.0,1.0,1,0.0,4.0,0.845596,-0.5338234,0.5,-0.8660254,2,1,0,1,3976.0,1,3551.0,1,5989.0,1,2942.0,1,3898.0,1,3546.0,1,3480.0,1,3196.0,3937.5186,4051.883,425.0
274,2014-05-02,3864.0,927.0,1.0,1.0,0,0.0,5.0,0.845596,-0.5338234,0.5,-0.8660254,2,0,0,1,6936.0,1,3976.0,1,3646.0,1,3029.0,1,5529.0,1,3957.0,1,3274.0,1,3101.0,5136.911,4692.798,2960.0
274,2014-05-03,3292.0,827.0,1.0,0.0,0,0.0,6.0,0.845596,-0.5338234,0.5,-0.8660254,2,0,0,1,3864.0,1,6936.0,1,3551.0,1,3306.0,1,7635.0,1,5323.0,1,3418.0,1,3208.0,4627.7466,4508.6206,-3072.0
274,2014-05-04,6186.0,1353.0,1.0,0.0,0,0.0,7.0,0.845596,-0.5338234,0.5,-0.8660254,2,0,0,1,3292.0,1,3864.0,1,3976.0,1,3333.0,1,3609.0,1,8364.0,1,3446.0,1,3178.0,4093.448,4238.2603,-572.0
274,2014-05-05,4291.0,1022.0,1.0,1.0,0,0.0,1.0,0.7765239,-0.63008785,0.5,-0.8660254,2,0,0,1,6186.0,1,3292.0,1,6936.0,1,5989.0,1,2942.0,1,3898.0,1,3919.0,1,3684.0,4930.4688,4671.0913,2894.0
274,2014-05-06,3645.0,998.0,1.0,1.0,0,0.0,2.0,0.7765239,-0.63008785,0.5,-0.8660254,2,0,0,1,4291.0,1,6186.0,1,3864.0,1,3646.0,1,3029.0,1,5529.0,1,3707.0,1,3123.0,4674.681,4586.6265,-1895.0
274,2014-05-07,3845.0,973.0,1.0,1.0,0,0.0,3.0,0.7765239,-0.63008785,0.5,-0.8660254,2,0,0,1,3645.0,1,4291.0,1,3292.0,1,3551.0,1,3306.0,1,7635.0,1,6711.0,1,6755.0,4262.8086,4377.3765,-646.0
274,2014-05-08,3843.0,973.0,1.0,1.0,0,0.0,4.0,0.7765239,-0.63008785,0.5,-0.8660254,2,0,0,1,3845.0,1,3645.0,1,6186.0,1,3976.0,1,3333.0,1,3609.0,1,4131.0,1,3878.0,4095.6853,4259.0703,200.0
274,2014-05-09,4253.0,1107.0,1.0,1.0,0,0.0,5.0,0.7765239,-0.63008785,0.5,-0.8660254,2,0,0,1,3843.0,1,3845.0,1,4291.0,1,6936.0,1,5989.0,1,2942.0,1,3546.0,1,3119.0,3994.611,4166.6104,-2.0
274,2014-05-10,3837.0,879.0,1.0,0.0,0,0.0,6.0,0.7765239,-0.63008785,0.5,-0.8660254,2,0,0,1,4253.0,1,3843.0,1,3645.0,1,3864.0,1,3646.0,1,3029.0,1,3957.0,1,3180.0,4097.967,4185.808,410.0
274,2014-05-11,6968.0,1542.0,1.0,0.0,0,0.0,7.0,0.7765239,-0.63008785,0.5,-0.8660254,2,0,0,1,3837.0,1,4253.0,1,3845.0,1,3292.0,1,3551.0,1,3306.0,1,5323.0,1,3108.0,3993.58,4108.295,-416.0
274,2014-05-12,3351.0,930.0,1.0,0.0,0,0.0,1.0,0.696551,-0.71750724,0.5,-0.8660254,2,0,0,1,6968.0,1,3837.0,1,3843.0,1,6186.0,1,3976.0,1,3333.0,1,8364.0,1,4055.0,5183.348,4743.785,3131.0
274,2014-05-13,3403.0,903.0,1.0,0.0,0,0.0,2.0,0.696551,-0.71750724,0.5,-0.8660254,2,0,0,1,3351.0,1,6968.0,1,4253.0,1,4291.0,1,6936.0,1,5989.0,1,3898.0,1,3152.0,4450.4087,4434.2773,-3617.0
274,2014-05-14,3486.0,932.0,1.0,0.0,0,0.0,3.0,0.696551,-0.71750724,0.5,-0.8660254,2,0,0,1,3403.0,1,3351.0,1,3837.0,1,3645.0,1,3864.0,1,3646.0,1,5529.0,1,6766.0,4031.4453,4205.1045,52.0
274,2014-05-15,3390.0,973.0,1.0,0.0,0,0.0,4.0,0.696551,-0.71750724,0.5,-0.8660254,2,0,0,1,3486.0,1,3403.0,1,6968.0,1,3845.0,1,3292.0,1,3551.0,1,7635.0,1,3216.0,3813.267,4045.3035,83.0
274,2014-05-16,4164.0,1187.0,1.0,0.0,0,0.0,5.0,0.696551,-0.71750724,0.5,-0.8660254,2,0,0,1,3390.0,1,3486.0,1,3351.0,1,3843.0,1,6186.0,1,3976.0,1,3609.0,1,3072.0,3643.9602,3899.6807,-96.0
274,2014-05-17,3409.0,839.0,1.0,0.0,0,0.0,6.0,0.696551,-0.71750724,0.5,-0.8660254,2,0,0,1,4164.0,1,3390.0,1,3403.0,1,4253.0,1,4291.0,1,6936.0,1,2942.0,1,2782.0,3851.976,3958.4182,774.0
274,2014-05-18,6965.0,1511.0,1.0,0.0,0,0.0,7.0,0.696551,-0.71750724,0.5,-0.8660254,2,0,0,1,3409.0,1,4164.0,1,3486.0,1,3837.0,1,3645.0,1,3864.0,1,3029.0,1,3121.0,3674.7856,3836.3252,-755.0
274,2014-05-19,3755.0,976.0,1.0,1.0,0,0.0,1.0,0.60680014,-0.79485446,0.5,-0.8660254,2,0,0,1,6965.0,1,3409.0,1,3390.0,1,6968.0,1,3845.0,1,3292.0,1,3306.0,1,4135.0,4990.8716,4531.5864,3556.0
274,2014-05-20,3555.0,965.0,1.0,1.0,0,0.0,2.0,0.60680014,-0.79485446,0.5,-0.8660254,2,0,0,1,3755.0,1,6965.0,1,4164.0,1,3351.0,1,3843.0,1,6186.0,1,3333.0,1,3044.0,4496.523,4359.0117,-3210.0
274,2014-05-21,3432.0,990.0,1.0,1.0,0,0.0,3.0,0.60680014,-0.79485446,0.5,-0.8660254,2,0,0,1,3555.0,1,3755.0,1,3409.0,1,3403.0,1,4253.0,1,4291.0,1,5989.0,1,5707.0,4119.9136,4180.3423,-200.0
274,2014-05-22,3755.0,1033.0,1.0,1.0,0,0.0,4.0,0.60680014,-0.79485446,0.5,-0.8660254,2,0,0,1,3432.0,1,3555.0,1,6965.0,1,3486.0,1,3837.0,1,3645.0,1,3646.0,1,4078.0,3844.7483,4014.044,-123.0
274,2014-05-23,3960.0,1083.0,1.0,1.0,0,0.0,5.0,0.60680014,-0.79485446,0.5,-0.8660254,2,0,0,1,3755.0,1,3432.0,1,3755.0,1,3390.0,1,6968.0,1,3845.0,1,3551.0,1,3663.0,3808.8489,3956.4788,323.0
274,2014-05-24,3158.0,779.0,1.0,0.0,0,0.0,6.0,0.60680014,-0.79485446,0.5,-0.8660254,2,0,0,1,3960.0,1,3755.0,1,3555.0,1,4164.0,1,3351.0,1,3843.0,1,3976.0,1,3406.0,3869.3093,3957.2612,205.0
274,2014-05-25,6124.0,1421.0,1.0,0.0,0,0.0,7.0,0.60680014,-0.79485446,0.5,-0.8660254,2,0,0,1,3158.0,1,3960.0,1,3432.0,1,3409.0,1,3403.0,1,4253.0,1,6936.0,1,3345.0,3584.7856,3779.6477,-802.0
274,2014-05-26,3217.0,936.0,1.0,0.0,0,0.0,1.0,0.5085311,-0.86104363,0.5,-0.8660254,2,0,0,1,6124.0,1,3158.0,1,3755.0,1,6965.0,1,3486.0,1,3837.0,1,3864.0,1,4175.0,4600.471,4300.6147,2966.0
274,2014-05-27,3408.0,921.0,1.0,0.0,0,0.0,2.0,0.5085311,-0.86104363,0.5,-0.8660254,2,0,0,1,3217.0,1,6124.0,1,3960.0,1,3755.0,1,3390.0,1,6968.0,1,3292.0,1,3679.0,4047.0828,4059.8115,-2907.0
274,2014-05-28,4264.0,1082.0,1.0,0.0,0,0.0,3.0,0.5085311,-0.86104363,0.5,-0.8660254,2,0,0,1,3408.0,1,3217.0,1,3158.0,1,3555.0,1,4164.0,1,3351.0,1,6186.0,1,5704.0,3791.4497,3914.9646,191.0
274,2014-05-29,7910.0,1582.0,1.0,0.0,1,0.0,4.0,0.5085311,-0.86104363,0.5,-0.8660254,2,0,0,1,4264.0,1,3408.0,1,6124.0,1,3432.0,1,3409.0,1,3403.0,1,4291.0,1,3480.0,3980.4697,3992.528,856.0
274,2014-05-30,3729.0,936.0,1.0,0.0,0,0.0,5.0,0.5085311,-0.86104363,0.5,-0.8660254,2,0,0,1,7910.0,1,4264.0,1,3217.0,1,3755.0,1,6965.0,1,3486.0,1,3645.0,1,3274.0,5552.2817,4863.077,3646.0
274,2014-05-31,3488.0,848.0,1.0,0.0,0,0.0,6.0,0.5085311,-0.86104363,0.5,-0.8660254,2,0,1,1,3729.0,1,7910.0,1,3408.0,1,3960.0,1,3755.0,1,3390.0,1,3845.0,1,3418.0,4822.969,4611.06,-4181.0
274,2014-06-01,7096.0,1508.0,1.0,0.0,0,0.0,7.0,0.5085311,-0.86104363,1.2246469e-16,-1.0,2,1,0,1,3488.0,1,3729.0,1,4264.0,1,3158.0,1,3555.0,1,4164.0,1,3843.0,1,3446.0,4288.9814,4361.491,-241.0
274,2014-06-02,4023.0,1045.0,1.0,1.0,0,0.0,1.0,0.40312344,-0.91514564,1.2246469e-16,-1.0,2,0,0,1,7096.0,1,3488.0,1,7910.0,1,6124.0,1,3432.0,1,3409.0,1,4253.0,1,3919.0,5411.789,4969.1597,3608.0
274,2014-06-03,4039.0,1002.0,1.0,1.0,0,0.0,2.0,0.40312344,-0.91514564,1.2246469e-16,-1.0,2,0,0,1,4023.0,1,7096.0,1,3729.0,1,3217.0,1,3755.0,1,6965.0,1,3837.0,1,3707.0,4856.2734,4758.902,-3073.0
274,2014-06-04,3651.0,962.0,1.0,1.0,0,0.0,3.0,0.40312344,-0.91514564,1.2246469e-16,-1.0,2,0,0,1,4039.0,1,4023.0,1,3488.0,1,3408.0,1,3960.0,1,3755.0,1,6968.0,1,6711.0,4529.364,4598.924,16.0
274,2014-06-05,3653.0,971.0,1.0,1.0,0,0.0,4.0,0.40312344,-0.91514564,1.2246469e-16,-1.0,2,0,0,1,3651.0,1,4039.0,1,7096.0,1,4264.0,1,3158.0,1,3555.0,1,3351.0,1,4131.0,4178.0186,4388.274,-388.0
274,2014-06-06,4342.0,1198.0,1.0,1.0,0,0.0,5.0,0.40312344,-0.91514564,1.2246469e-16,-1.0,2,0,0,1,3653.0,1,3651.0,1,4023.0,1,7910.0,1,6124.0,1,3432.0,1,3403.0,1,3546.0,3968.011,4224.88,2.0
274,2014-06-07,3765.0,962.0,1.0,0.0,0,0.0,6.0,0.40312344,-0.91514564,1.2246469e-16,-1.0,2,0,0,1,4342.0,1,3653.0,1,4039.0,1,3729.0,1,3217.0,1,3755.0,1,3486.0,1,3957.0,4117.6064,4250.9067,689.0
274,2014-06-08,7149.0,1514.0,1.0,0.0,0,0.0,7.0,0.40312344,-0.91514564,1.2246469e-16,-1.0,2,0,0,1,3765.0,1,4342.0,1,3651.0,1,3488.0,1,3408.0,1,3960.0,1,3390.0,1,5323.0,3976.564,4142.9272,-577.0
274,2014-06-09,8684.0,1962.0,1.0,0.0,1,0.0,1.0,0.29205677,-0.956401,1.2246469e-16,-1.0,2,0,0,1,7149.0,1,3765.0,1,3653.0,1,7096.0,1,4264.0,1,3158.0,1,4164.0,1,8364.0,5245.5386,4810.9434,3384.0
274,2014-06-10,4012.0,1134.0,1.0,0.0,0,0.0,2.0,0.29205677,-0.956401,1.2246469e-16,-1.0,2,0,0,1,8684.0,1,7149.0,1,4342.0,1,4023.0,1,7910.0,1,6124.0,1,3409.0,1,3898.0,6620.923,5671.6226,1535.0
274,2014-06-11,3329.0,925.0,1.0,0.0,0,0.0,3.0,0.29205677,-0.956401,1.2246469e-16,-1.0,2,0,0,1,4012.0,1,8684.0,1,3765.0,1,4039.0,1,3729.0,1,3217.0,1,6965.0,1,5529.0,5577.354,5302.818,-4672.0
274,2014-06-12,3538.0,972.0,1.0,0.0,0,0.0,4.0,0.29205677,-0.956401,1.2246469e-16,-1.0,2,0,0,1,3329.0,1,4012.0,1,7149.0,1,3651.0,1,3488.0,1,3408.0,1,3755.0,1,7635.0,4678.012,4864.1914,-683.0
274,2014-06-13,4043.0,1096.0,1.0,0.0,0,0.0,5.0,0.29205677,-0.956401,1.2246469e-16,-1.0,2,0,0,1,3538.0,1,3329.0,1,8684.0,1,3653.0,1,7096.0,1,4264.0,1,3555.0,1,3609.0,4222.0073,4569.4824,209.0
274,2014-06-14,3387.0,786.0,1.0,0.0,0,0.0,6.0,0.29205677,-0.956401,1.2246469e-16,-1.0,2,0,0,1,4043.0,1,3538.0,1,4012.0,1,4342.0,1,4023.0,1,7910.0,1,3432.0,1,2942.0,4150.4043,4452.4863,505.0
274,2014-06-15,6366.0,1466.0,1.0,0.0,0,0.0,7.0,0.29205677,-0.956401,1.2246469e-16,-1.0,2,0,0,1,3387.0,1,4043.0,1,3329.0,1,3765.0,1,4039.0,1,3729.0,1,3755.0,1,3029.0,3845.0427,4215.7114,-656.0
274,2014-06-16,3722.0,958.0,1.0,1.0,0,0.0,1.0,0.17689027,-0.9842306,1.2246469e-16,-1.0,2,0,0,1,6366.0,1,3387.0,1,3538.0,1,7149.0,1,3651.0,1,3488.0,1,3960.0,1,3306.0,4853.426,4693.553,2979.0
274,2014-06-17,3771.0,973.0,1.0,1.0,0,0.0,2.0,0.17689027,-0.9842306,1.2246469e-16,-1.0,2,0,0,1,3722.0,1,6366.0,1,4043.0,1,8684.0,1,3653.0,1,7096.0,1,3158.0,1,3333.0,4400.8555,4477.653,-2644.0
274,2014-06-18,4367.0,1180.0,1.0,1.0,0,0.0,3.0,0.17689027,-0.9842306,1.2246469e-16,-1.0,2,0,0,1,3771.0,1,3722.0,1,3387.0,1,4012.0,1,4342.0,1,4023.0,1,6124.0,1,5989.0,4148.913,4320.6187,49.0
274,2014-06-19,7560.0,1531.0,1.0,1.0,1,0.0,4.0,0.17689027,-0.9842306,1.2246469e-16,-1.0,2,0,0,1,4367.0,1,3771.0,1,6366.0,1,3329.0,1,3765.0,1,4039.0,1,3217.0,1,3646.0,4236.148,4330.926,596.0
274,2014-06-20,3927.0,1009.0,1.0,1.0,0,0.0,5.0,0.17689027,-0.9842306,1.2246469e-16,-1.0,2,0,0,1,7560.0,1,4367.0,1,3722.0,1,3538.0,1,7149.0,1,3651.0,1,3408.0,1,3551.0,5565.689,5048.4976,3193.0
274,2014-06-21,3059.0,725.0,1.0,0.0,0,0.0,6.0,0.17689027,-0.9842306,1.2246469e-16,-1.0,2,0,0,1,3927.0,1,7560.0,1,3771.0,1,4043.0,1,8684.0,1,3653.0,1,4264.0,1,3976.0,4910.2134,4799.276,-3633.0
274,2014-06-22,6520.0,1450.0,1.0,0.0,0,0.0,7.0,0.17689027,-0.9842306,1.2246469e-16,-1.0,2,0,0,1,3059.0,1,3927.0,1,4367.0,1,3387.0,1,4012.0,1,4342.0,1,7910.0,1,6936.0,4169.728,4412.548,-868.0
274,2014-06-23,3250.0,944.0,1.0,0.0,0,0.0,1.0,0.059240628,-0.99824375,1.2246469e-16,-1.0,2,0,0,1,6520.0,1,3059.0,1,7560.0,1,6366.0,1,3329.0,1,3765.0,1,3729.0,1,3864.0,5109.837,4880.8706,3461.0
274,2014-06-24,3149.0,899.0,1.0,0.0,0,0.0,2.0,0.059240628,-0.99824375,1.2246469e-16,-1.0,2,0,0,1,3250.0,1,6520.0,1,3927.0,1,3722.0,1,3538.0,1,7149.0,1,3488.0,1,3292.0,4365.902,4518.455,-3270.0
274,2014-06-25,3403.0,952.0,1.0,0.0,0,0.0,3.0,0.059240628,-0.99824375,1.2246469e-16,-1.0,2,0,0,1,3149.0,1,3250.0,1,3059.0,1,3771.0,1,4043.0,1,8684.0,1,7096.0,1,6186.0,3879.1414,4214.132,-101.0
274,2014-06-26,3163.0,913.0,1.0,0.0,0,0.0,4.0,0.059240628,-0.99824375,1.2246469e-16,-1.0,2,0,0,1,3403.0,1,3149.0,1,6520.0,1,4367.0,1,3387.0,1,4012.0,1,4023.0,1,4291.0,3688.6848,4033.8801,254.0
274,2014-06-27,3957.0,1115.0,1.0,0.0,0,0.0,5.0,0.059240628,-0.99824375,1.2246469e-16,-1.0,2,0,0,1,3163.0,1,3403.0,1,3250.0,1,7560.0,1,6366.0,1,3329.0,1,4039.0,1,3645.0,3478.411,3840.3513,-240.0
274,2014-06-28,3421.0,822.0,1.0,0.0,0,0.0,6.0,0.059240628,-0.99824375,1.2246469e-16,-1.0,2,0,0,1,3957.0,1,3163.0,1,3149.0,1,3927.0,1,3722.0,1,3538.0,1,3651.0,1,3845.0,3669.8464,3866.2732,794.0
274,2014-06-29,6676.0,1402.0,1.0,0.0,0,0.0,7.0,0.059240628,-0.99824375,1.2246469e-16,-1.0,2,0,0,1,3421.0,1,3957.0,1,3403.0,1,3059.0,1,3771.0,1,4043.0,1,3653.0,1,3843.0,3570.3079,3767.3235,-536.0
274,2014-06-30,5018.0,1075.0,1.0,1.0,0,0.0,1.0,-0.059240628,-0.99824375,1.2246469e-16,-1.0,2,0,1,1,6676.0,1,3421.0,1,3163.0,1,6520.0,1,4367.0,1,3387.0,1,4342.0,1,4253.0,4812.585,4413.6963,3255.0
274,2014-07-01,3681.0,947.0,1.0,1.0,0,0.0,2.0,-0.059240628,-0.99824375,-0.5,-0.8660254,3,1,0,1,5018.0,1,6676.0,1,3957.0,1,3250.0,1,7560.0,1,6366.0,1,3765.0,1,3837.0,4894.751,4547.986,-1658.0
274,2014-07-02,3558.0,967.0,1.0,1.0,0,0.0,3.0,-0.059240628,-0.99824375,-0.5,-0.8660254,3,0,0,1,3681.0,1,5018.0,1,3421.0,1,3149.0,1,3927.0,1,3722.0,1,7149.0,1,6968.0,4409.2505,4355.3223,-1337.0
274,2014-07-03,4038.0,1083.0,1.0,1.0,0,0.0,4.0,-0.059240628,-0.99824375,-0.5,-0.8660254,3,0,0,1,3558.0,1,3681.0,1,6676.0,1,3403.0,1,3059.0,1,3771.0,1,8684.0,1,3351.0,4068.7502,4178.1396,-123.0
274,2014-07-04,4323.0,1187.0,1.0,1.0,0,0.0,5.0,-0.059240628,-0.99824375,-0.5,-0.8660254,3,0,0,1,4038.0,1,3558.0,1,5018.0,1,3163.0,1,6520.0,1,4367.0,1,4012.0,1,3403.0,4056.4502,4146.9976,480.0
274,2014-07-05,3146.0,791.0,1.0,0.0,0,0.0,6.0,-0.059240628,-0.99824375,-0.5,-0.8660254,3,0,0,1,4323.0,1,4038.0,1,3681.0,1,3957.0,1,3250.0,1,7560.0,1,3329.0,1,3486.0,4163.0703,4186.1094,285.0
274,2014-07-06,6417.0,1499.0,1.0,0.0,0,0.0,7.0,-0.059240628,-0.99824375,-0.5,-0.8660254,3,0,0,1,3146.0,1,4323.0,1,3558.0,1,3421.0,1,3149.0,1,3927.0,1,3538.0,1,3390.0,3756.2422,3954.9739,-1177.0
274,2014-07-07,3699.0,1047.0,1.0,0.0,0,0.0,1.0,-0.17689027,-0.9842306,-0.5,-0.8660254,3,0,0,1,6417.0,1,3146.0,1,4038.0,1,6676.0,1,3403.0,1,3059.0,1,4043.0,1,4164.0,4820.5454,4502.091,3271.0
274,2014-07-08,3376.0,945.0,1.0,0.0,0,0.0,2.0,-0.17689027,-0.9842306,-0.5,-0.8660254,3,0,0,1,3699.0,1,6417.0,1,4323.0,1,5018.0,1,3163.0,1,6520.0,1,3387.0,1,3409.0,4371.9272,4323.626,-2718.0
274,2014-07-09,3125.0,865.0,1.0,0.0,0,0.0,3.0,-0.17689027,-0.9842306,-0.5,-0.8660254,3,0,0,1,3376.0,1,3699.0,1,3146.0,1,3681.0,1,3957.0,1,3250.0,1,6366.0,1,6965.0,3973.5564,4113.0425,-323.0
274,2014-07-10,3698.0,1019.0,1.0,0.0,0,0.0,4.0,-0.17689027,-0.9842306,-0.5,-0.8660254,3,0,0,1,3125.0,1,3376.0,1,6417.0,1,3558.0,1,3421.0,1,3149.0,1,3722.0,1,3755.0,3634.1338,3893.4775,-251.0
274,2014-07-11,3999.0,1145.0,1.0,0.0,0,0.0,5.0,-0.17689027,-0.9842306,-0.5,-0.8660254,3,0,0,1,3698.0,1,3125.0,1,3699.0,1,4038.0,1,6676.0,1,3403.0,1,3771.0,1,3555.0,3659.6802,3850.038,573.0
274,2014-07-12,3568.0,887.0,1.0,0.0,0,0.0,6.0,-0.17689027,-0.9842306,-0.5,-0.8660254,3,0,0,1,3999.0,1,3698.0,1,3376.0,1,4323.0,1,5018.0,1,3163.0,1,4367.0,1,3432.0,3795.4082,3883.1406,301.0
274,2014-07-13,7301.0,1498.0,1.0,0.0,0,0.0,7.0,-0.17689027,-0.9842306,-0.5,-0.8660254,3,0,0,1,3568.0,1,3999.0,1,3125.0,1,3146.0,1,3681.0,1,3957.0,1,7560.0,1,3755.0,3704.4448,3813.1094,-431.0
274,2014-07-14,4031.0,1001.0,1.0,1.0,0,0.0,1.0,-0.29205677,-0.956401,-0.5,-0.8660254,3,0,0,1,7301.0,1,3568.0,1,3698.0,1,6417.0,1,3558.0,1,3421.0,1,3927.0,1,3960.0,5143.067,4588.1963,3733.0
274,2014-07-15,3702.0,941.0,1.0,1.0,0,0.0,2.0,-0.29205677,-0.956401,-0.5,-0.8660254,3,0,0,1,4031.0,1,7301.0,1,3999.0,1,3699.0,1,4038.0,1,6676.0,1,3059.0,1,3158.0,4698.24,4464.375,-3270.0
274,2014-07-16,3438.0,934.0,1.0,1.0,0,0.0,3.0,-0.29205677,-0.956401,-0.5,-0.8660254,3,0,0,1,3702.0,1,4031.0,1,3568.0,1,3376.0,1,4323.0,1,5018.0,1,6520.0,1,6124.0,4299.744,4294.958,-329.0
274,2014-07-17,4055.0,1102.0,1.0,1.0,0,0.0,4.0,-0.29205677,-0.956401,-0.5,-0.8660254,3,0,0,1,3438.0,1,3702.0,1,7301.0,1,3125.0,1,3146.0,1,3681.0,1,3250.0,1,3217.0,3955.0464,4104.523,-264.0
274,2014-07-18,4496.0,1254.0,1.0,1.0,0,0.0,5.0,-0.29205677,-0.956401,-0.5,-0.8660254,3,0,0,1,4055.0,1,3438.0,1,4031.0,1,3698.0,1,6417.0,1,3558.0,1,3149.0,1,3408.0,3995.0278,4093.5178,617.0
274,2014-07-19,3365.0,945.0,1.0,0.0,0,0.0,6.0,-0.29205677,-0.956401,-0.5,-0.8660254,3,0,0,1,4496.0,1,4055.0,1,3702.0,1,3999.0,1,3699.0,1,4038.0,1,3403.0,1,4264.0,4195.4165,4182.9585,441.0
274,2014-07-20,6876.0,1616.0,1.0,0.0,0,0.0,7.0,-0.29205677,-0.956401,-0.5,-0.8660254,3,0,0,1,3365.0,1,4496.0,1,3438.0,1,3568.0,1,3376.0,1,4323.0,1,3163.0,1,7910.0,3863.25,4001.19,-1131.0
274,2014-07-21,3604.0,1004.0,1.0,0.0,0,0.0,1.0,-0.40312344,-0.91514564,-0.5,-0.8660254,3,0,0,1,6876.0,1,3365.0,1,4055.0,1,7301.0,1,3125.0,1,3146.0,1,3957.0,1,3729.0,5068.35,4640.0366,3511.0
274,2014-07-22,3401.0,1001.0,1.0,0.0,0,0.0,2.0,-0.40312344,-0.91514564,-0.5,-0.8660254,3,0,0,1,3604.0,1,6876.0,1,4496.0,1,4031.0,1,3698.0,1,6417.0,1,3421.0,1,3488.0,4482.61,4409.806,-3272.0
274,2014-07-23,3374.0,947.0,1.0,0.0,0,0.0,3.0,-0.40312344,-0.91514564,-0.5,-0.8660254,3,0,0,1,3401.0,1,3604.0,1,3365.0,1,3702.0,1,3999.0,1,3699.0,1,6676.0,1,7096.0,4049.966,4185.627,-203.0
274,2014-07-24,3469.0,975.0,1.0,0.0,0,0.0,4.0,-0.40312344,-0.91514564,-0.5,-0.8660254,3,0,0,1,3374.0,1,3401.0,1,6876.0,1,3438.0,1,3568.0,1,3376.0,1,5018.0,1,4023.0,3779.5796,4005.2654,-27.0
274,2014-07-25,4034.0,1113.0,1.0,0.0,0,0.0,5.0,-0.40312344,-0.91514564,-0.5,-0.8660254,3,0,0,1,3469.0,1,3374.0,1,3604.0,1,4055.0,1,7301.0,1,3125.0,1,3681.0,1,4039.0,3655.3477,3886.0955,95.0
274,2014-07-26,3567.0,885.0,1.0,0.0,0,0.0,6.0,-0.40312344,-0.91514564,-0.5,-0.8660254,3,0,0,1,4034.0,1,3469.0,1,3401.0,1,4496.0,1,4031.0,1,3698.0,1,3558.0,1,3651.0,3806.8086,3918.9631,565.0
274,2014-07-27,6817.0,1579.0,1.0,0.0,0,0.0,7.0,-0.40312344,-0.91514564,-0.5,-0.8660254,3,0,0,1,3567.0,1,4034.0,1,3374.0,1,3365.0,1,3702.0,1,3999.0,1,4038.0,1,3653.0,3710.8853,3840.749,-467.0
274,2014-07-28,4026.0,1005.0,1.0,1.0,0,1.0,1.0,-0.5085311,-0.86104363,-0.5,-0.8660254,3,0,0,1,6817.0,1,3567.0,1,3469.0,1,6876.0,1,3438.0,1,3568.0,1,4323.0,1,4342.0,4953.331,4502.138,3250.0
274,2014-07-29,3571.0,846.0,1.0,1.0,0,1.0,2.0,-0.5085311,-0.86104363,-0.5,-0.8660254,3,0,0,1,4026.0,1,6817.0,1,4034.0,1,3604.0,1,4055.0,1,7301.0,1,3146.0,1,3765.0,4582.3984,4396.3296,-2791.0
274,2014-07-30,3286.0,864.0,1.0,1.0,0,1.0,3.0,-0.5085311,-0.86104363,-0.5,-0.8660254,3,0,0,1,3571.0,1,4026.0,1,3567.0,1,3401.0,1,4496.0,1,4031.0,1,6417.0,1,7149.0,4177.8394,4212.923,-455.0
274,2014-07-31,3767.0,941.0,1.0,1.0,0,0.0,4.0,-0.5085311,-0.86104363,-0.5,-0.8660254,3,0,1,1,3286.0,1,3571.0,1,6817.0,1,3374.0,1,3365.0,1,3702.0,1,3699.0,1,8684.0,3821.1035,4006.9402,-285.0
274,2014-08-01,4057.0,1092.0,1.0,1.0,0,1.0,5.0,-0.5085311,-0.86104363,-0.8660254,-0.5,3,1,0,1,3767.0,1,3286.0,1,4026.0,1,3469.0,1,6876.0,1,3438.0,1,3376.0,1,4012.0,3799.4622,3953.62,481.0
274,2014-08-02,3730.0,876.0,1.0,0.0,0,1.0,6.0,-0.5085311,-0.86104363,-0.8660254,-0.5,3,0,0,1,4057.0,1,3767.0,1,3571.0,1,4034.0,1,3604.0,1,4055.0,1,3125.0,1,3329.0,3902.4773,3976.5935,290.0
274,2014-08-03,6481.0,1425.0,1.0,0.0,0,1.0,7.0,-0.5085311,-0.86104363,-0.8660254,-0.5,3,0,0,1,3730.0,1,4057.0,1,3286.0,1,3567.0,1,3401.0,1,4496.0,1,3698.0,1,3538.0,3833.4863,3921.795,-327.0
274,2014-08-04,3650.0,940.0,1.0,1.0,0,1.0,1.0,-0.60680014,-0.79485446,-0.8660254,-0.5,3,0,0,1,6481.0,1,3730.0,1,3767.0,1,6817.0,1,3374.0,1,3365.0,1,3999.0,1,4043.0,4892.4917,4490.5073,2751.0
274,2014-08-05,3581.0,837.0,1.0,1.0,0,1.0,2.0,-0.60680014,-0.79485446,-0.8660254,-0.5,3,0,0,1,3650.0,1,6481.0,1,4057.0,1,4026.0,1,3469.0,1,6876.0,1,3568.0,1,3387.0,4395.495,4303.7275,-2831.0
274,2014-08-06,3683.0,855.0,1.0,1.0,0,1.0,3.0,-0.60680014,-0.79485446,-0.8660254,-0.5,3,0,0,1,3581.0,1,3650.0,1,3730.0,1,3571.0,1,4034.0,1,3604.0,1,7301.0,1,6366.0,4069.697,4143.1216,-69.0
274,2014-08-07,3389.0,898.0,1.0,1.0,0,1.0,4.0,-0.60680014,-0.79485446,-0.8660254,-0.5,3,0,0,1,3683.0,1,3581.0,1,6481.0,1,3286.0,1,3567.0,1,3401.0,1,4031.0,1,3722.0,3915.0183,4040.8723,102.0
274,2014-08-08,3845.0,1003.0,1.0,1.0,0,1.0,5.0,-0.60680014,-0.79485446,-0.8660254,-0.5,3,0,0,1,3389.0,1,3683.0,1,3650.0,1,3767.0,1,6817.0,1,3374.0,1,3702.0,1,3771.0,3704.6108,3896.0117,-294.0
274,2014-08-09,3396.0,842.0,1.0,0.0,0,1.0,6.0,-0.60680014,-0.79485446,-0.8660254,-0.5,3,0,0,1,3845.0,1,3389.0,1,3581.0,1,4057.0,1,4026.0,1,3469.0,1,3438.0,1,4367.0,3760.7666,3884.6758,456.0
274,2014-08-10,6730.0,1507.0,1.0,0.0,0,1.0,7.0,-0.60680014,-0.79485446,-0.8660254,-0.5,3,0,0,1,3396.0,1,3845.0,1,3683.0,1,3730.0,1,3571.0,1,4034.0,1,4055.0,1,7560.0,3614.8599,3776.0813,-449.0
274,2014-08-11,3379.0,931.0,1.0,0.0,0,1.0,1.0,-0.696551,-0.71750724,-0.8660254,-0.5,3,0,0,1,6730.0,1,3396.0,1,3389.0,1,6481.0,1,3286.0,1,3567.0,1,4496.0,1,3927.0,4860.916,4432.508,3334.0
274,2014-08-12,2614.0,740.0,1.0,0.0,0,1.0,2.0,-0.696551,-0.71750724,-0.8660254,-0.5,3,0,0,1,3379.0,1,6730.0,1,3845.0,1,3650.0,1,3767.0,1,6817.0,1,3365.0,1,3059.0,4268.1494,4198.395,-3351.0
274,2014-08-13,2873.0,773.0,1.0,0.0,0,1.0,3.0,-0.696551,-0.71750724,-0.8660254,-0.5,3,0,0,1,2614.0,1,3379.0,1,3396.0,1,3581.0,1,4057.0,1,4026.0,1,6876.0,1,6520.0,3606.4897,3846.3071,-765.0
274,2014-08-14,3284.0,848.0,1.0,0.0,0,1.0,4.0,-0.696551,-0.71750724,-0.8660254,-0.5,3,0,0,1,2873.0,1,2614.0,1,6730.0,1,3683.0,1,3730.0,1,3571.0,1,3604.0,1,3250.0,3313.0938,3630.0166,259.0
274,2014-08-15,3591.0,928.0,1.0,0.0,0,1.0,5.0,-0.696551,-0.71750724,-0.8660254,-0.5,3,0,0,1,3284.0,1,2873.0,1,3379.0,1,3389.0,1,6481.0,1,3286.0,1,3401.0,1,3149.0,3301.4563,3553.124,411.0
274,2014-08-16,3276.0,782.0,1.0,0.0,0,1.0,6.0,-0.696551,-0.71750724,-0.8660254,-0.5,3,0,0,1,3591.0,1,3284.0,1,2614.0,1,3845.0,1,3650.0,1,3767.0,1,3374.0,1,3403.0,3417.2737,3561.541,307.0
274,2014-08-17,7120.0,1471.0,1.0,0.0,0,1.0,7.0,-0.696551,-0.71750724,-0.8660254,-0.5,3,0,0,1,3276.0,1,3591.0,1,2873.0,1,3396.0,1,3581.0,1,4057.0,1,3469.0,1,3163.0,3360.7642,3498.0874,-315.0
274,2014-08-18,3572.0,882.0,1.0,1.0,0,1.0,1.0,-0.7765239,-0.63008785,-0.8660254,-0.5,3,0,0,1,7120.0,1,3276.0,1,3284.0,1,6730.0,1,3683.0,1,3730.0,1,4034.0,1,3957.0,4864.4585,4302.957,3844.0
274,2014-08-19,3252.0,782.0,1.0,1.0,0,1.0,2.0,-0.7765239,-0.63008785,-0.8660254,-0.5,3,0,0,1,3572.0,1,7120.0,1,3591.0,1,3379.0,1,3389.0,1,6481.0,1,3567.0,1,3421.0,4347.475,4140.522,-3548.0
274,2014-08-20,3115.0,790.0,1.0,1.0,0,1.0,3.0,-0.7765239,-0.63008785,-0.8660254,-0.5,3,0,0,1,3252.0,1,3572.0,1,3276.0,1,2614.0,1,3845.0,1,3650.0,1,6817.0,1,6676.0,3909.2852,3943.0728,-320.0
274,2014-08-21,3082.0,802.0,1.0,1.0,0,1.0,4.0,-0.7765239,-0.63008785,-0.8660254,-0.5,3,0,0,1,3115.0,1,3252.0,1,7120.0,1,2873.0,1,3396.0,1,3581.0,1,4026.0,1,5018.0,3591.571,3759.0564,-137.0
274,2014-08-22,3789.0,913.0,1.0,1.0,0,1.0,5.0,-0.7765239,-0.63008785,-0.8660254,-0.5,3,0,0,1,3082.0,1,3115.0,1,3572.0,1,3284.0,1,6730.0,1,3683.0,1,3571.0,1,3681.0,3387.7427,3608.5996,-33.0
274,2014-08-23,3154.0,758.0,1.0,0.0,0,1.0,6.0,-0.7765239,-0.63008785,-0.8660254,-0.5,3,0,0,1,3789.0,1,3082.0,1,3252.0,1,3591.0,1,3379.0,1,3389.0,1,3286.0,1,3558.0,3548.2456,3648.6885,707.0
274,2014-08-24,6407.0,1410.0,1.0,0.0,0,1.0,7.0,-0.7765239,-0.63008785,-0.8660254,-0.5,3,0,0,1,3154.0,1,3789.0,1,3115.0,1,3276.0,1,2614.0,1,3845.0,1,3767.0,1,4038.0,3390.5474,3538.7578,-635.0
274,2014-08-25,3120.0,844.0,1.0,0.0,0,1.0,1.0,-0.845596,-0.5338234,-0.8660254,-0.5,3,0,0,1,6407.0,1,3154.0,1,3082.0,1,7120.0,1,2873.0,1,3396.0,1,4057.0,1,4323.0,4597.1284,4176.145,3253.0
274,2014-08-26,3273.0,763.0,1.0,0.0,0,1.0,2.0,-0.845596,-0.5338234,-0.8660254,-0.5,3,0,0,1,3120.0,1,6407.0,1,3789.0,1,3572.0,1,3284.0,1,6730.0,1,3730.0,1,3146.0,4006.277,3941.446,-3287.0
274,2014-08-27,2735.0,765.0,1.0,0.0,0,1.0,3.0,-0.845596,-0.5338234,-0.8660254,-0.5,3,0,0,1,3273.0,1,3120.0,1,3154.0,1,3252.0,1,3591.0,1,3379.0,1,6481.0,1,6417.0,3712.9663,3792.9026,153.0
274,2014-08-28,2936.0,840.0,1.0,0.0,0,1.0,4.0,-0.845596,-0.5338234,-0.8660254,-0.5,3,0,0,1,2735.0,1,3273.0,1,6407.0,1,3115.0,1,3276.0,1,2614.0,1,3650.0,1,3699.0,3321.7798,3557.813,-538.0
274,2014-08-29,3882.0,996.0,1.0,0.0,0,1.0,5.0,-0.845596,-0.5338234,-0.8660254,-0.5,3,0,0,1,2936.0,1,2735.0,1,3120.0,1,3082.0,1,7120.0,1,2873.0,1,3581.0,1,3376.0,3167.4678,3419.6323,201.0
274,2014-08-30,3280.0,794.0,1.0,0.0,0,1.0,6.0,-0.845596,-0.5338234,-0.8660254,-0.5,3,0,0,1,3882.0,1,2936.0,1,3273.0,1,3789.0,1,3572.0,1,3284.0,1,3683.0,1,3125.0,3453.2808,3522.3806,946.0
274,2014-08-31,7490.0,1567.0,1.0,0.0,0,1.0,7.0,-0.845596,-0.5338234,-0.8660254,-0.5,3,0,1,1,3280.0,1,3882.0,1,2735.0,1,3154.0,1,3252.0,1,3591.0,1,3389.0,1,3698.0,3383.9685,3468.5183,-602.0
274,2014-09-01,3845.0,886.0,1.0,1.0,0,1.0,1.0,-0.9027978,-0.4300652,-1.0,-1.8369701e-16,3,1,0,1,7490.0,1,3280.0,1,2936.0,1,6407.0,1,3115.0,1,3276.0,1,3845.0,1,3999.0,5026.381,4362.181,4210.0
274,2014-09-02,3377.0,796.0,1.0,1.0,0,1.0,2.0,-0.9027978,-0.4300652,-1.0,-1.8369701e-16,3,0,0,1,3845.0,1,7490.0,1,3882.0,1,3120.0,1,3082.0,1,7120.0,1,3396.0,1,3568.0,4553.8286,4247.252,-3645.0
274,2014-09-03,3523.0,833.0,1.0,1.0,0,1.0,3.0,-0.9027978,-0.4300652,-1.0,-1.8369701e-16,3,0,0,1,3377.0,1,3845.0,1,3280.0,1,3273.0,1,3789.0,1,3572.0,1,6730.0,1,7301.0,4083.0972,4053.8625,-468.0
274,2014-09-04,3213.0,823.0,1.0,1.0,0,1.0,4.0,-0.9027978,-0.4300652,-1.0,-1.8369701e-16,3,0,0,1,3523.0,1,3377.0,1,7490.0,1,2735.0,1,3154.0,1,3252.0,1,3379.0,1,4031.0,3859.0583,3935.893,146.0
274,2014-09-05,3670.0,1030.0,1.0,1.0,0,1.0,5.0,-0.9027978,-0.4300652,-1.0,-1.8369701e-16,3,0,0,1,3213.0,1,3523.0,1,3845.0,1,2936.0,1,6407.0,1,3115.0,1,2614.0,1,3702.0,3600.635,3775.2502,-310.0
274,2014-09-06,3048.0,831.0,1.0,0.0,0,0.0,6.0,-0.9027978,-0.4300652,-1.0,-1.8369701e-16,3,0,0,1,3670.0,1,3213.0,1,3377.0,1,3882.0,1,3120.0,1,3082.0,1,2873.0,1,3438.0,3628.381,3751.8613,457.0
274,2014-09-07,6672.0,1458.0,1.0,0.0,0,0.0,7.0,-0.9027978,-0.4300652,-1.0,-1.8369701e-16,3,0,0,1,3048.0,1,3670.0,1,3523.0,1,3280.0,1,3273.0,1,3789.0,1,3284.0,1,4055.0,3396.2285,3595.4478,-622.0
274,2014-09-08,3486.0,935.0,1.0,0.0,0,0.0,1.0,-0.94732636,-0.32026985,-1.0,-1.8369701e-16,3,0,0,1,6672.0,1,3048.0,1,3213.0,1,7490.0,1,2735.0,1,3154.0,1,3591.0,1,4496.0,4706.537,4279.126,3624.0
274,2014-09-09,3339.0,903.0,1.0,0.0,0,0.0,2.0,-0.94732636,-0.32026985,-1.0,-1.8369701e-16,3,0,0,1,3486.0,1,6672.0,1,3670.0,1,3845.0,1,2936.0,1,6407.0,1,3276.0,1,3365.0,4218.3223,4102.8755,-3186.0
274,2014-09-10,2974.0,823.0,1.0,0.0,0,0.0,3.0,-0.94732636,-0.32026985,-1.0,-1.8369701e-16,3,0,0,1,3339.0,1,3486.0,1,3048.0,1,3377.0,1,3882.0,1,3120.0,1,7120.0,1,6876.0,3866.5933,3933.1255,-147.0
274,2014-09-11,3486.0,957.0,1.0,0.0,0,0.0,4.0,-0.94732636,-0.32026985,-1.0,-1.8369701e-16,3,0,0,1,2974.0,1,3339.0,1,6672.0,1,3523.0,1,3280.0,1,3273.0,1,3572.0,1,3604.0,3509.556,3719.9866,-365.0
274,2014-09-12,4049.0,1095.0,1.0,0.0,0,0.0,5.0,-0.94732636,-0.32026985,-1.0,-1.8369701e-16,3,0,0,1,3486.0,1,2974.0,1,3486.0,1,3213.0,1,7490.0,1,2735.0,1,3252.0,1,3401.0,3500.1335,3667.9895,512.0
274,2014-09-13,3391.0,922.0,1.0,0.0,0,0.0,6.0,-0.94732636,-0.32026985,-1.0,-1.8369701e-16,3,0,0,1,4049.0,1,3486.0,1,3339.0,1,3670.0,1,3845.0,1,2936.0,1,3115.0,1,3374.0,3719.6802,3752.6584,563.0
274,2014-09-14,7431.0,1730.0,1.0,0.0,0,0.0,7.0,-0.94732636,-0.32026985,-1.0,-1.8369701e-16,3,0,0,1,3391.0,1,4049.0,1,2974.0,1,3048.0,1,3377.0,1,3882.0,1,3082.0,1,3469.0,3588.208,3672.29,-658.0
274,2014-09-15,3999.0,1026.0,1.0,1.0,0,0.0,1.0,-0.9785565,-0.20597862,-1.0,-1.8369701e-16,3,0,0,1,7431.0,1,3391.0,1,3486.0,1,6672.0,1,3523.0,1,3280.0,1,3789.0,1,4034.0,5125.3247,4507.559,4040.0
274,2014-09-16,3535.0,893.0,1.0,1.0,0,0.0,2.0,-0.9785565,-0.20597862,-1.0,-1.8369701e-16,3,0,0,1,3999.0,1,7431.0,1,4049.0,1,3486.0,1,3213.0,1,7490.0,1,3154.0,1,3567.0,4674.795,4394.546,-3432.0
274,2014-09-17,3285.0,899.0,1.0,1.0,0,0.0,3.0,-0.9785565,-0.20597862,-1.0,-1.8369701e-16,3,0,0,1,3535.0,1,3999.0,1,3391.0,1,3339.0,1,3670.0,1,3845.0,1,6407.0,1,6817.0,4218.877,4203.5356,-464.0
274,2014-09-18,3731.0,943.0,1.0,1.0,0,0.0,4.0,-0.9785565,-0.20597862,-1.0,-1.8369701e-16,3,0,0,1,3285.0,1,3535.0,1,7431.0,1,2974.0,1,3048.0,1,3377.0,1,3120.0,1,4026.0,3845.3262,3999.4165,-250.0
274,2014-09-19,4079.0,1123.0,1.0,1.0,0,0.0,5.0,-0.9785565,-0.20597862,-1.0,-1.8369701e-16,3,0,0,1,3731.0,1,3285.0,1,3999.0,1,3486.0,1,6672.0,1,3523.0,1,3273.0,1,3571.0,3799.5957,3939.7686,446.0
274,2014-09-20,3063.0,776.0,1.0,0.0,0,0.0,6.0,-0.9785565,-0.20597862,-1.0,-1.8369701e-16,3,0,0,1,4079.0,1,3731.0,1,3535.0,1,4049.0,1,3486.0,1,3213.0,1,2735.0,1,3286.0,3911.3574,3970.7087,348.0
274,2014-09-21,7138.0,1600.0,1.0,0.0,0,0.0,7.0,-0.9785565,-0.20597862,-1.0,-1.8369701e-16,3,0,0,1,3063.0,1,4079.0,1,3285.0,1,3391.0,1,3339.0,1,3670.0,1,2936.0,1,3767.0,3572.0144,3768.9958,-1016.0
274,2014-09-22,3061.0,920.0,1.0,0.0,0,0.0,1.0,-0.9960498,-0.08879589,-1.0,-1.8369701e-16,3,0,0,1,7138.0,1,3063.0,1,3731.0,1,7431.0,1,2974.0,1,3048.0,1,3882.0,1,4057.0,4998.4087,4517.6636,4075.0
274,2014-09-23,2839.0,844.0,1.0,0.0,0,0.0,2.0,-0.9960498,-0.08879589,-1.0,-1.8369701e-16,3,0,0,1,3061.0,1,7138.0,1,4079.0,1,3999.0,1,3486.0,1,6672.0,1,3280.0,1,3730.0,4223.4453,4193.9604,-4077.0
274,2014-09-24,3288.0,960.0,1.0,0.0,0,0.0,3.0,-0.9960498,-0.08879589,-1.0,-1.8369701e-16,3,0,0,1,2839.0,1,3061.0,1,3063.0,1,3535.0,1,4049.0,1,3486.0,1,7490.0,1,6481.0,3669.6672,3892.8582,-222.0
274,2014-09-25,3066.0,930.0,1.0,0.0,0,0.0,4.0,-0.9960498,-0.08879589,-1.0,-1.8369701e-16,3,0,0,1,3288.0,1,2839.0,1,7138.0,1,3285.0,1,3391.0,1,3339.0,1,3845.0,1,3650.0,3517.0002,3758.445,449.0
274,2014-09-26,3691.0,1046.0,1.0,0.0,0,0.0,5.0,-0.9960498,-0.08879589,-1.0,-1.8369701e-16,3,0,0,1,3066.0,1,3288.0,1,3061.0,1,3731.0,1,7431.0,1,2974.0,1,3377.0,1,3581.0,3336.6,3604.5684,-222.0
274,2014-09-27,3161.0,835.0,1.0,0.0,0,0.0,6.0,-0.9960498,-0.08879589,-1.0,-1.8369701e-16,3,0,0,1,3691.0,1,3066.0,1,2839.0,1,4079.0,1,3999.0,1,3486.0,1,3523.0,1,3683.0,3478.36,3623.7754,625.0
274,2014-09-28,6633.0,1499.0,1.0,0.0,0,0.0,7.0,-0.9960498,-0.08879589,-1.0,-1.8369701e-16,3,0,0,1,3161.0,1,3691.0,1,3288.0,1,3063.0,1,3535.0,1,4049.0,1,3213.0,1,3389.0,3351.416,3520.9365,-530.0
274,2014-09-29,3827.0,947.0,1.0,1.0,0,0.0,1.0,-0.99956083,0.029633328,-1.0,-1.8369701e-16,3,0,0,1,6633.0,1,3161.0,1,3066.0,1,7138.0,1,3285.0,1,3391.0,1,3670.0,1,3845.0,4664.05,4212.5063,3472.0
274,2014-09-30,4399.0,1041.0,1.0,1.0,0,0.0,2.0,-0.99956083,0.029633328,-1.0,-1.8369701e-16,3,0,1,1,3827.0,1,6633.0,1,3691.0,1,3061.0,1,3731.0,1,7431.0,1,3048.0,1,3396.0,4329.23,4126.838,-2806.0
274,2014-10-01,3686.0,955.0,1.0,1.0,0,0.0,3.0,-0.99956083,0.029633328,-0.8660254,0.5,4,1,0,1,4399.0,1,3827.0,1,3161.0,1,2839.0,1,4079.0,1,3999.0,1,6672.0,1,6730.0,4357.1377,4187.3184,572.0
274,2014-10-02,4424.0,1140.0,1.0,1.0,0,0.0,4.0,-0.99956083,0.029633328,-0.8660254,0.5,4,0,0,1,3686.0,1,4399.0,1,6633.0,1,3288.0,1,3063.0,1,3535.0,1,3486.0,1,3379.0,4088.6826,4075.9143,-713.0
274,2014-10-03,8523.0,1770.0,1.0,1.0,1,0.0,5.0,-0.99956083,0.029633328,-0.8660254,0.5,4,0,0,1,4424.0,1,3686.0,1,3827.0,1,3066.0,1,7138.0,1,3285.0,1,3339.0,1,2614.0,4222.8096,4153.2666,738.0
274,2014-10-04,3671.0,876.0,1.0,0.0,0,0.0,6.0,-0.99956083,0.029633328,-0.8660254,0.5,4,0,0,1,8523.0,1,4424.0,1,4399.0,1,3691.0,1,3061.0,1,3731.0,1,2974.0,1,2873.0,5942.8857,5124.3184,4099.0
274,2014-10-05,6400.0,1440.0,1.0,0.0,0,0.0,7.0,-0.99956083,0.029633328,-0.8660254,0.5,4,0,0,1,3671.0,1,8523.0,1,3686.0,1,3161.0,1,2839.0,1,4079.0,1,3486.0,1,3284.0,5034.1313,4801.359,-4852.0
274,2014-10-06,4362.0,1033.0,1.0,1.0,0,0.0,1.0,-0.9890402,0.14764656,-0.8660254,0.5,4,0,0,1,6400.0,1,3671.0,1,4424.0,1,6633.0,1,3288.0,1,3063.0,1,4049.0,1,3591.0,5580.479,5156.6123,2729.0
274,2014-10-07,3897.0,987.0,1.0,1.0,0,0.0,2.0,-0.9890402,0.14764656,-0.8660254,0.5,4,0,0,1,4362.0,1,6400.0,1,8523.0,1,3827.0,1,3066.0,1,7138.0,1,3391.0,1,3276.0,5093.0874,4980.0317,-2038.0
274,2014-10-08,3468.0,900.0,1.0,1.0,0,0.0,3.0,-0.9890402,0.14764656,-0.8660254,0.5,4,0,0,1,3897.0,1,4362.0,1,3671.0,1,4399.0,1,3691.0,1,3061.0,1,7431.0,1,7120.0,4614.6523,4739.3584,-465.0
274,2014-10-09,3779.0,933.0,1.0,1.0,0,0.0,4.0,-0.9890402,0.14764656,-0.8660254,0.5,4,0,0,1,3468.0,1,3897.0,1,6400.0,1,3686.0,1,3161.0,1,2839.0,1,3999.0,1,3572.0,4155.991,4456.834,-429.0
274,2014-10-10,4064.0,1123.0,1.0,1.0,0,0.0,5.0,-0.9890402,0.14764656,-0.8660254,0.5,4,0,0,1,3779.0,1,3468.0,1,4362.0,1,4424.0,1,6633.0,1,3288.0,1,3535.0,1,3252.0,4005.1948,4306.204,311.0
274,2014-10-11,3321.0,840.0,1.0,0.0,0,0.0,6.0,-0.9890402,0.14764656,-0.8660254,0.5,4,0,0,1,4064.0,1,3779.0,1,3897.0,1,8523.0,1,3827.0,1,3066.0,1,3285.0,1,3115.0,4028.7168,4252.3813,285.0
274,2014-10-12,7101.0,1536.0,1.0,0.0,0,0.0,7.0,-0.9890402,0.14764656,-0.8660254,0.5,4,0,0,1,3321.0,1,4064.0,1,3468.0,1,3671.0,1,4399.0,1,3691.0,1,3731.0,1,3082.0,3745.6301,4045.4075,-743.0
274,2014-10-13,3540.0,936.0,1.0,0.0,0,0.0,1.0,-0.9646356,0.26358718,-0.8660254,0.5,4,0,0,1,7101.0,1,3321.0,1,3779.0,1,6400.0,1,3686.0,1,3161.0,1,4079.0,1,3789.0,5087.7783,4724.428,3780.0
274,2014-10-14,3385.0,920.0,1.0,0.0,0,0.0,2.0,-0.9646356,0.26358718,-0.8660254,0.5,4,0,0,1,3540.0,1,7101.0,1,4064.0,1,4362.0,1,4424.0,1,6633.0,1,3063.0,1,3154.0,4468.667,4461.2217,-3561.0
274,2014-10-15,2986.0,726.0,1.0,0.0,0,0.0,3.0,-0.9646356,0.26358718,-0.8660254,0.5,4,0,0,1,3385.0,1,3540.0,1,3321.0,1,3897.0,1,8523.0,1,3827.0,1,7138.0,1,6407.0,4035.2002,4222.0615,-155.0
274,2014-10-16,3534.0,961.0,1.0,0.0,0,0.0,4.0,-0.9646356,0.26358718,-0.8660254,0.5,4,0,0,1,2986.0,1,3385.0,1,7101.0,1,3468.0,1,3671.0,1,4399.0,1,3061.0,1,3120.0,3615.52,3947.381,-399.0
274,2014-10-17,3865.0,1064.0,1.0,0.0,0,0.0,5.0,-0.9646356,0.26358718,-0.8660254,0.5,4,0,0,1,3534.0,1,2986.0,1,3540.0,1,3779.0,1,6400.0,1,3686.0,1,2839.0,1,3273.0,3582.912,3855.5186,548.0
274,2014-10-18,2852.0,647.0,1.0,0.0,0,0.0,6.0,-0.9646356,0.26358718,-0.8660254,0.5,4,0,0,1,3865.0,1,3534.0,1,3385.0,1,4064.0,1,4362.0,1,4424.0,1,3288.0,1,2735.0,3695.7473,3857.6257,331.0
274,2014-10-19,6035.0,1219.0,1.0,0.0,0,0.0,7.0,-0.9646356,0.26358718,-0.8660254,0.5,4,0,0,1,2852.0,1,3865.0,1,2986.0,1,3321.0,1,3897.0,1,8523.0,1,3066.0,1,2936.0,3358.2483,3634.1533,-1013.0
274,2014-10-20,4037.0,979.0,1.0,1.0,0,1.0,1.0,-0.9266896,0.37582758,-0.8660254,0.5,4,0,0,1,6035.0,1,2852.0,1,3534.0,1,7101.0,1,3468.0,1,3671.0,1,3691.0,1,3882.0,4428.949,4167.675,3183.0
274,2014-10-21,3194.0,835.0,1.0,1.0,0,1.0,2.0,-0.9266896,0.37582758,-0.8660254,0.5,4,0,0,1,4037.0,1,6035.0,1,3865.0,1,3540.0,1,3779.0,1,6400.0,1,3161.0,1,3280.0,4272.1694,4138.6357,-1998.0
274,2014-10-22,3598.0,885.0,1.0,1.0,0,1.0,3.0,-0.9266896,0.37582758,-0.8660254,0.5,4,0,0,1,3194.0,1,4037.0,1,2852.0,1,3385.0,1,4064.0,1,4362.0,1,6633.0,1,7490.0,3840.9016,3928.7168,-843.0
274,2014-10-23,3234.0,940.0,1.0,1.0,0,1.0,4.0,-0.9266896,0.37582758,-0.8660254,0.5,4,0,0,1,3598.0,1,3194.0,1,6035.0,1,2986.0,1,3321.0,1,3897.0,1,3827.0,1,3845.0,3743.741,3855.224,404.0
274,2014-10-24,3801.0,1066.0,1.0,1.0,0,1.0,5.0,-0.9266896,0.37582758,-0.8660254,0.5,4,0,0,1,3234.0,1,3598.0,1,4037.0,1,3534.0,1,7101.0,1,3468.0,1,4399.0,1,3377.0,3539.8445,3717.1743,-364.0
274,2014-10-25,3116.0,780.0,1.0,0.0,0,1.0,6.0,-0.9266896,0.37582758,-0.8660254,0.5,4,0,0,1,3801.0,1,3234.0,1,3194.0,1,3865.0,1,3540.0,1,3779.0,1,3686.0,1,3523.0,3644.3066,3735.8022,567.0
274,2014-10-26,6561.0,1455.0,1.0,0.0,0,1.0,7.0,-0.9266896,0.37582758,-0.8660254,0.5,4,0,0,1,3116.0,1,3801.0,1,3598.0,1,2852.0,1,3385.0,1,4064.0,1,4424.0,1,3213.0,3432.9841,3598.0684,-685.0
274,2014-10-27,3541.0,920.0,1.0,0.0,0,1.0,1.0,-0.8757349,0.4827922,-0.8660254,0.5,4,0,0,1,6561.0,1,3116.0,1,3234.0,1,6035.0,1,2986.0,1,3321.0,1,8523.0,1,3670.0,4684.1904,4256.4976,3445.0
274,2014-10-28,3062.0,813.0,1.0,0.0,0,1.0,2.0,-0.8757349,0.4827922,-0.8660254,0.5,4,0,0,1,3541.0,1,6561.0,1,3801.0,1,4037.0,1,3534.0,1,7101.0,1,3671.0,1,3048.0,4226.914,4097.498,-3020.0
274,2014-10-29,3233.0,862.0,1.0,0.0,0,1.0,3.0,-0.8757349,0.4827922,-0.8660254,0.5,4,0,0,1,3062.0,1,3541.0,1,3116.0,1,3194.0,1,3865.0,1,3540.0,1,6400.0,1,6672.0,3760.9485,3867.3875,-479.0
274,2014-10-30,3245.0,953.0,1.0,0.0,0,1.0,4.0,-0.8757349,0.4827922,-0.8660254,0.5,4,0,0,1,3233.0,1,3062.0,1,6561.0,1,3598.0,1,2852.0,1,3385.0,1,4362.0,1,3486.0,3549.769,3726.4126,171.0
274,2014-10-31,3906.0,1031.0,1.0,0.0,0,1.0,5.0,-0.8757349,0.4827922,-0.8660254,0.5,4,0,1,1,3245.0,1,3233.0,1,3541.0,1,3234.0,1,6035.0,1,2986.0,1,3897.0,1,3339.0,3427.8616,3619.432,12.0
274,2014-11-01,3518.0,864.0,1.0,0.0,0,0.0,6.0,-0.8757349,0.4827922,-0.5,0.8660254,4,1,0,1,3906.0,1,3245.0,1,3062.0,1,3801.0,1,4037.0,1,3534.0,1,3468.0,1,2974.0,3619.117,3683.1138,661.0
274,2014-11-02,6703.0,1440.0,1.0,0.0,0,0.0,7.0,-0.8757349,0.4827922,-0.5,0.8660254,4,0,0,1,3518.0,1,3906.0,1,3233.0,1,3116.0,1,3194.0,1,3865.0,1,3779.0,1,3486.0,3578.6702,3646.4219,-388.0
274,2014-11-03,3957.0,1018.0,1.0,1.0,0,0.0,1.0,-0.8124869,0.5829795,-0.5,0.8660254,4,0,0,1,6703.0,1,3518.0,1,3245.0,1,6561.0,1,3598.0,1,2852.0,1,4064.0,1,4049.0,4828.402,4325.6616,3185.0
274,2014-11-04,3957.0,904.0,1.0,1.0,0,0.0,2.0,-0.8124869,0.5829795,-0.5,0.8660254,4,0,0,1,3957.0,1,6703.0,1,3906.0,1,3541.0,1,3234.0,1,6035.0,1,3321.0,1,3391.0,4479.8413,4243.737,-2746.0
274,2014-11-05,3794.0,955.0,1.0,1.0,0,0.0,3.0,-0.8124869,0.5829795,-0.5,0.8660254,4,0,0,1,3957.0,1,3957.0,1,3518.0,1,3062.0,1,3801.0,1,4037.0,1,7101.0,1,7431.0,4270.7046,4180.0176,0.0
274,2014-11-06,3206.0,769.0,1.0,1.0,0,0.0,4.0,-0.8124869,0.5829795,-0.5,0.8660254,4,0,0,1,3794.0,1,3957.0,1,6703.0,1,3233.0,1,3116.0,1,3194.0,1,3540.0,1,3999.0,4080.023,4094.2358,-163.0
274,2014-11-07,3290.0,840.0,1.0,1.0,0,0.0,5.0,-0.8124869,0.5829795,-0.5,0.8660254,4,0,0,1,3206.0,1,3794.0,1,3957.0,1,3245.0,1,6561.0,1,3598.0,1,3385.0,1,3535.0,3730.4138,3896.85,-588.0
274,2014-11-08,2714.0,604.0,1.0,0.0,0,0.0,6.0,-0.8124869,0.5829795,-0.5,0.8660254,4,0,0,1,3290.0,1,3206.0,1,3957.0,1,3906.0,1,3541.0,1,3234.0,1,2986.0,1,3285.0,3554.2483,3761.9944,84.0
274,2014-11-09,6822.0,1325.0,1.0,0.0,0,0.0,7.0,-0.8124869,0.5829795,-0.5,0.8660254,4,0,0,1,2714.0,1,3290.0,1,3794.0,1,3518.0,1,3062.0,1,3801.0,1,3534.0,1,3731.0,3218.149,3529.1067,-576.0
274,2014-11-10,4055.0,1009.0,1.0,1.0,0,0.0,1.0,-0.73783326,0.674983,-0.5,0.8660254,4,0,0,1,6822.0,1,2714.0,1,3206.0,1,6703.0,1,3233.0,1,3116.0,1,3865.0,1,4079.0,4659.6895,4260.861,4108.0
274,2014-11-11,3836.0,948.0,1.0,1.0,0,0.0,2.0,-0.73783326,0.674983,-0.5,0.8660254,4,0,0,1,4055.0,1,6822.0,1,3290.0,1,3957.0,1,3245.0,1,6561.0,1,2852.0,1,3063.0,4417.8135,4215.114,-2767.0
274,2014-11-12,3726.0,941.0,1.0,1.0,0,0.0,3.0,-0.73783326,0.674983,-0.5,0.8660254,4,0,0,1,3836.0,1,4055.0,1,2714.0,1,3957.0,1,3906.0,1,3541.0,1,6035.0,1,7138.0,4185.0884,4130.866,-219.0
274,2014-11-13,4036.0,972.0,1.0,1.0,0,0.0,4.0,-0.73783326,0.674983,-0.5,0.8660254,4,0,0,1,3726.0,1,3836.0,1,6822.0,1,3794.0,1,3518.0,1,3062.0,1,4037.0,1,3061.0,4001.453,4040.8962,-110.0
274,2014-11-14,4289.0,1104.0,1.0,1.0,0,0.0,5.0,-0.73783326,0.674983,-0.5,0.8660254,4,0,0,1,4036.0,1,3726.0,1,4055.0,1,3206.0,1,6703.0,1,3233.0,1,3194.0,1,2839.0,4015.2717,4039.808,310.0
274,2014-11-15,3320.0,823.0,1.0,0.0,0,0.0,6.0,-0.73783326,0.674983,-0.5,0.8660254,4,0,0,1,4289.0,1,4036.0,1,3836.0,1,3290.0,1,3957.0,1,3245.0,1,3598.0,1,3288.0,4124.763,4095.184,253.0
274,2014-11-16,7124.0,1456.0,1.0,0.0,0,0.0,7.0,-0.73783326,0.674983,-0.5,0.8660254,4,0,0,1,3320.0,1,4289.0,1,3726.0,1,2714.0,1,3957.0,1,3906.0,1,3234.0,1,3066.0,3802.858,3922.921,-969.0
274,2014-11-17,3827.0,973.0,1.0,0.0,0,0.0,1.0,-0.65282214,0.75751126,-0.5,0.8660254,4,0,0,1,7124.0,1,3320.0,1,4036.0,1,6822.0,1,3794.0,1,3518.0,1,3801.0,1,3691.0,5131.3145,4634.272,3804.0
274,2014-11-18,3329.0,893.0,1.0,0.0,0,0.0,2.0,-0.65282214,0.75751126,-0.5,0.8660254,4,0,0,1,3827.0,1,7124.0,1,4289.0,1,4055.0,1,3206.0,1,6703.0,1,3116.0,1,3161.0,4609.589,4454.878,-3297.0
274,2014-11-19,3301.0,909.0,1.0,0.0,0,0.0,3.0,-0.65282214,0.75751126,-0.5,0.8660254,4,0,0,1,3329.0,1,3827.0,1,3320.0,1,3836.0,1,3290.0,1,3957.0,1,6561.0,1,6633.0,4097.3535,4204.683,-498.0
274,2014-11-20,3703.0,980.0,1.0,0.0,0,0.0,4.0,-0.65282214,0.75751126,-0.5,0.8660254,4,0,0,1,3301.0,1,3329.0,1,7124.0,1,3726.0,1,2714.0,1,3957.0,1,3541.0,1,3827.0,3778.812,4003.8645,-28.0
274,2014-11-21,4243.0,1099.0,1.0,0.0,0,0.0,5.0,-0.65282214,0.75751126,-0.5,0.8660254,4,0,0,1,3703.0,1,3301.0,1,3827.0,1,4036.0,1,6822.0,1,3794.0,1,3062.0,1,4399.0,3748.4873,3937.0059,402.0
274,2014-11-22,3632.0,847.0,1.0,0.0,0,0.0,6.0,-0.65282214,0.75751126,-0.5,0.8660254,4,0,0,1,4243.0,1,3703.0,1,3329.0,1,4289.0,1,4055.0,1,3206.0,1,3233.0,1,3686.0,3946.2922,4005.0044,540.0
274,2014-11-23,7365.0,1520.0,1.0,0.0,0,0.0,7.0,-0.65282214,0.75751126,-0.5,0.8660254,4,0,0,1,3632.0,1,4243.0,1,3301.0,1,3320.0,1,3836.0,1,3290.0,1,3245.0,1,4424.0,3820.5754,3922.1145,-611.0
274,2014-11-24,4093.0,968.0,1.0,1.0,0,0.0,1.0,-0.55864674,0.82940567,-0.5,0.8660254,4,0,0,1,7365.0,1,3632.0,1,3703.0,1,7124.0,1,3726.0,1,2714.0,1,3906.0,1,8523.0,5238.345,4687.2,3733.0
274,2014-11-25,3803.0,917.0,1.0,1.0,0,0.0,2.0,-0.55864674,0.82940567,-0.5,0.8660254,4,0,0,1,4093.0,1,7365.0,1,4243.0,1,3827.0,1,4036.0,1,6822.0,1,3518.0,1,3671.0,4780.207,4555.156,-3272.0
274,2014-11-26,3601.0,924.0,1.0,1.0,0,0.0,3.0,-0.55864674,0.82940567,-0.5,0.8660254,4,0,0,1,3803.0,1,4093.0,1,3632.0,1,3329.0,1,4289.0,1,4055.0,1,6703.0,1,6400.0,4389.324,4388.0103,-290.0
274,2014-11-27,4381.0,1016.0,1.0,1.0,0,0.0,4.0,-0.55864674,0.82940567,-0.5,0.8660254,4,0,0,1,3601.0,1,3803.0,1,7365.0,1,3301.0,1,3320.0,1,3836.0,1,3957.0,1,4362.0,4073.9946,4213.119,-202.0
274,2014-11-28,5471.0,1242.0,1.0,1.0,0,0.0,5.0,-0.55864674,0.82940567,-0.5,0.8660254,4,0,0,1,4381.0,1,3601.0,1,4093.0,1,3703.0,1,7124.0,1,3726.0,1,3957.0,1,3897.0,4196.797,4250.426,780.0
274,2014-11-29,4066.0,941.0,1.0,0.0,0,0.0,6.0,-0.55864674,0.82940567,-0.5,0.8660254,4,0,0,1,5471.0,1,4381.0,1,3803.0,1,4243.0,1,3827.0,1,4036.0,1,3794.0,1,3468.0,4706.478,4521.6646,1090.0
274,2014-11-30,8118.0,1536.0,1.0,0.0,0,0.0,7.0,-0.55864674,0.82940567,-0.5,0.8660254,4,0,1,1,4066.0,1,5471.0,1,3601.0,1,3632.0,1,3329.0,1,4289.0,1,3206.0,1,3779.0,4450.2866,4420.406,-1405.0
274,2014-12-01,4648.0,1034.0,1.0,1.0,0,0.0,1.0,-0.45662925,0.8896571,-2.4492937e-16,1.0,4,1,0,1,8118.0,1,4066.0,1,4381.0,1,7365.0,1,3301.0,1,3320.0,1,3290.0,1,4064.0,5917.372,5242.0933,4052.0
274,2014-12-02,4208.0,972.0,1.0,1.0,0,0.0,2.0,-0.45662925,0.8896571,-2.4492937e-16,1.0,4,0,0,1,4648.0,1,8118.0,1,5471.0,1,4093.0,1,3703.0,1,7124.0,1,2714.0,1,3321.0,5409.623,5110.0728,-3470.0
274,2014-12-03,3960.0,925.0,1.0,1.0,0,0.0,3.0,-0.45662925,0.8896571,-2.4492937e-16,1.0,4,0,0,1,4208.0,1,4648.0,1,4066.0,1,3803.0,1,4243.0,1,3827.0,1,6822.0,1,7101.0,4928.974,4909.612,-440.0
274,2014-12-04,4305.0,1004.0,1.0,1.0,0,0.0,4.0,-0.45662925,0.8896571,-2.4492937e-16,1.0,4,0,0,1,3960.0,1,4208.0,1,8118.0,1,3601.0,1,3632.0,1,3329.0,1,4055.0,1,3540.0,4541.3843,4698.587,-248.0
274,2014-12-05,5443.0,1274.0,1.0,1.0,0,0.0,5.0,-0.45662925,0.8896571,-2.4492937e-16,1.0,4,0,0,1,4305.0,1,3960.0,1,4648.0,1,4381.0,1,7365.0,1,3301.0,1,3836.0,1,3385.0,4446.8306,4611.1235,345.0
274,2014-12-06,3475.0,828.0,1.0,0.0,0,0.0,6.0,-0.45662925,0.8896571,-2.4492937e-16,1.0,4,0,0,1,5443.0,1,4305.0,1,4208.0,1,5471.0,1,4093.0,1,3703.0,1,3726.0,1,2986.0,4845.2983,4795.985,1138.0
274,2014-12-07,6568.0,1367.0,1.0,0.0,0,0.0,7.0,-0.45662925,0.8896571,-2.4492937e-16,1.0,4,0,0,1,3475.0,1,5443.0,1,3960.0,1,4066.0,1,3803.0,1,4243.0,1,4036.0,1,3534.0,4297.179,4502.4326,-1968.0
274,2014-12-08,4032.0,940.0,1.0,0.0,0,0.0,1.0,-0.34820163,0.93741965,-2.4492937e-16,1.0,4,0,0,1,6568.0,1,3475.0,1,4305.0,1,8118.0,1,3601.0,1,3632.0,1,4289.0,1,3865.0,5205.5073,4961.4478,3093.0
274,2014-12-09,3498.0,891.0,1.0,0.0,0,0.0,2.0,-0.34820163,0.93741965,-2.4492937e-16,1.0,4,0,0,1,4032.0,1,6568.0,1,5443.0,1,4648.0,1,4381.0,1,7365.0,1,3320.0,1,2852.0,4736.1045,4754.904,-2536.0
274,2014-12-10,3611.0,910.0,1.0,0.0,0,0.0,3.0,-0.34820163,0.93741965,-2.4492937e-16,1.0,4,0,0,1,3498.0,1,4032.0,1,3475.0,1,4208.0,1,5471.0,1,4093.0,1,7124.0,1,6035.0,4240.863,4475.592,-534.0
274,2014-12-11,3936.0,929.0,1.0,0.0,0,0.0,4.0,-0.34820163,0.93741965,-2.4492937e-16,1.0,4,0,0,1,3611.0,1,3498.0,1,6568.0,1,3960.0,1,4066.0,1,3803.0,1,3827.0,1,4037.0,3988.9175,4283.4604,113.0
274,2014-12-12,4087.0,1084.0,1.0,0.0,0,0.0,5.0,-0.34820163,0.93741965,-2.4492937e-16,1.0,4,0,0,1,3936.0,1,3611.0,1,4032.0,1,4305.0,1,8118.0,1,3601.0,1,3329.0,1,3194.0,3967.7505,4206.247,325.0
274,2014-12-13,3769.0,839.0,1.0,0.0,0,0.0,6.0,-0.34820163,0.93741965,-2.4492937e-16,1.0,4,0,0,1,4087.0,1,3936.0,1,3498.0,1,5443.0,1,4648.0,1,4381.0,1,3301.0,1,3598.0,4015.4504,4179.7476,151.0
274,2014-12-14,7244.0,1372.0,1.0,0.0,0,0.0,7.0,-0.34820163,0.93741965,-2.4492937e-16,1.0,4,0,0,1,3769.0,1,4087.0,1,3611.0,1,3475.0,1,4208.0,1,5471.0,1,3703.0,1,3234.0,3916.87,4088.4702,-318.0
274,2014-12-15,4978.0,1014.0,1.0,1.0,0,0.0,1.0,-0.23488605,0.9720229,-2.4492937e-16,1.0,4,0,0,1,7244.0,1,3769.0,1,3936.0,1,6568.0,1,3960.0,1,4066.0,1,4243.0,1,3801.0,5247.722,4789.699,3475.0
274,2014-12-16,4243.0,925.0,1.0,1.0,0,0.0,2.0,-0.23488605,0.9720229,-2.4492937e-16,1.0,4,0,0,1,4978.0,1,7244.0,1,4087.0,1,4032.0,1,4305.0,1,8118.0,1,3632.0,1,3116.0,5139.8335,4831.544,-2266.0
274,2014-12-17,4400.0,968.0,1.0,1.0,0,0.0,3.0,-0.23488605,0.9720229,-2.4492937e-16,1.0,4,0,0,1,4243.0,1,4978.0,1,3769.0,1,3498.0,1,5443.0,1,4648.0,1,7365.0,1,6561.0,4781.1,4700.7563,-735.0
274,2014-12-18,4631.0,1029.0,1.0,1.0,0,0.0,4.0,-0.23488605,0.9720229,-2.4492937e-16,1.0,4,0,0,1,4400.0,1,4243.0,1,7244.0,1,3611.0,1,3475.0,1,4208.0,1,4093.0,1,3541.0,4628.66,4633.9214,157.0
274,2014-12-19,5113.0,1141.0,1.0,1.0,0,0.0,5.0,-0.23488605,0.9720229,-2.4492937e-16,1.0,4,0,0,1,4631.0,1,4400.0,1,4978.0,1,3936.0,1,6568.0,1,3960.0,1,3803.0,1,3062.0,4629.596,4633.2725,231.0
274,2014-12-20,4111.0,942.0,1.0,0.0,0,0.0,6.0,-0.23488605,0.9720229,-2.4492937e-16,1.0,4,0,0,1,5113.0,1,4631.0,1,4243.0,1,4087.0,1,4032.0,1,4305.0,1,3601.0,1,3233.0,4822.9575,4739.8784,482.0
274,2014-12-21,7614.0,1483.0,1.0,0.0,0,0.0,7.0,-0.23488605,0.9720229,-2.4492937e-16,1.0,4,0,0,1,4111.0,1,5113.0,1,4400.0,1,3769.0,1,3498.0,1,5443.0,1,4381.0,1,3245.0,4538.1743,4600.128,-1002.0
274,2014-12-22,4618.0,978.0,1.0,0.0,0,1.0,1.0,-0.11827317,0.9929811,-2.4492937e-16,1.0,4,0,0,1,7614.0,1,4111.0,1,4631.0,1,7244.0,1,3611.0,1,3475.0,1,5471.0,1,3906.0,5768.505,5269.877,3503.0
274,2014-12-23,4389.0,1008.0,1.0,0.0,0,1.0,2.0,-0.11827317,0.9929811,-2.4492937e-16,1.0,4,0,0,1,4618.0,1,7614.0,1,5113.0,1,4978.0,1,3936.0,1,6568.0,1,4066.0,1,3518.0,5308.3027,5125.0156,-2996.0
274,2014-12-24,2869.0,625.0,1.0,0.0,0,1.0,3.0,-0.11827317,0.9929811,-2.4492937e-16,1.0,4,0,0,1,4389.0,1,4618.0,1,4111.0,1,4243.0,1,4087.0,1,4032.0,1,8118.0,1,6703.0,4940.5815,4961.4565,-229.0
274,2014-12-25,6147.0,1081.0,1.0,0.0,3,1.0,4.0,-0.11827317,0.9929811,-2.4492937e-16,1.0,4,0,0,1,2869.0,1,4389.0,1,7614.0,1,4400.0,1,3769.0,1,3498.0,1,4648.0,1,3957.0,4111.949,4496.4663,-1520.0
274,2014-12-26,7818.0,1412.0,1.0,0.0,3,1.0,5.0,-0.11827317,0.9929811,-2.4492937e-16,1.0,4,0,0,1,6147.0,1,2869.0,1,4618.0,1,4631.0,1,7244.0,1,3611.0,1,4208.0,1,3957.0,4925.969,4863.2515,3278.0
274,2014-12-27,4166.0,976.0,1.0,0.0,0,1.0,6.0,-0.11827317,0.9929811,-2.4492937e-16,1.0,4,0,0,1,7818.0,1,6147.0,1,4389.0,1,5113.0,1,4978.0,1,3936.0,1,3960.0,1,3794.0,6082.7817,5519.8623,1671.0
274,2014-12-28,6617.0,1298.0,1.0,0.0,0,1.0,7.0,-0.11827317,0.9929811,-2.4492937e-16,1.0,4,0,0,1,4166.0,1,7818.0,1,2869.0,1,4111.0,1,4243.0,1,4087.0,1,4305.0,1,3206.0,5316.069,5219.004,-3652.0
274,2014-12-29,3820.0,887.0,1.0,0.0,0,1.0,1.0,0.11827317,0.9929811,-2.4492937e-16,1.0,4,0,0,1,6617.0,1,4166.0,1,6147.0,1,7614.0,1,4400.0,1,3769.0,1,5443.0,1,3290.0,5836.4414,5529.67,2451.0
274,2014-12-30,3780.0,837.0,1.0,0.0,0,1.0,2.0,0.11827317,0.9929811,-2.4492937e-16,1.0,4,0,0,1,3820.0,1,6617.0,1,7818.0,1,4618.0,1,4631.0,1,7244.0,1,3475.0,1,2714.0,5029.8647,5149.743,-2797.0
274,2014-12-31,3351.0,566.0,1.0,0.0,0,1.0,3.0,0.11827317,0.9929811,-2.4492937e-16,1.0,4,0,1,1,3780.0,1,3820.0,1,4166.0,1,4389.0,1,5113.0,1,4978.0,1,6568.0,1,6822.0,4529.919,4845.356,-40.0
274,2015-01-01,3506.0,754.0,1.0,0.0,1,1.0,4.0,0.11827317,0.9929811,0.5,0.8660254,1,1,0,1,3351.0,1,3780.0,1,6617.0,1,2869.0,1,4111.0,1,4243.0,1,4032.0,1,4055.0,4058.3513,4513.277,-429.0
274,2015-01-02,3401.0,798.0,1.0,0.0,0,1.0,5.0,0.11827317,0.9929811,0.5,0.8660254,1,0,0,1,3506.0,1,3351.0,1,3820.0,1,6147.0,1,7614.0,1,4400.0,1,3498.0,1,3836.0,3837.411,4289.4375,155.0
274,2015-01-03,3209.0,717.0,1.0,0.0,0,1.0,6.0,0.11827317,0.9929811,0.5,0.8660254,1,0,0,1,3401.0,1,3506.0,1,3780.0,1,7818.0,1,4618.0,1,4631.0,1,3611.0,1,3726.0,3662.8464,4092.0068,-105.0
274,2015-01-04,5258.0,1080.0,1.0,0.0,0,1.0,7.0,0.11827317,0.9929811,0.5,0.8660254,1,0,0,1,3209.0,1,3401.0,1,3351.0,1,4166.0,1,4389.0,1,5113.0,1,3936.0,1,4036.0,3481.3079,3895.7832,-192.0
274,2015-01-05,3514.0,807.0,1.0,1.0,0,1.0,1.0,0.23488605,0.9720229,0.5,0.8660254,1,0,0,1,5258.0,1,3209.0,1,3506.0,1,6617.0,1,2869.0,1,4111.0,1,4087.0,1,4289.0,4191.985,4198.498,2049.0
274,2015-01-06,3324.0,753.0,1.0,1.0,0,1.0,2.0,0.23488605,0.9720229,0.5,0.8660254,1,0,0,1,3514.0,1,5258.0,1,3401.0,1,3820.0,1,6147.0,1,7614.0,1,3769.0,1,3320.0,3920.7908,4046.3875,-1744.0
274,2015-01-07,3314.0,786.0,1.0,1.0,0,1.0,3.0,0.23488605,0.9720229,0.5,0.8660254,1,0,0,1,3324.0,1,3514.0,1,3209.0,1,3780.0,1,7818.0,1,4618.0,1,7244.0,1,7124.0,3682.0745,3885.857,-190.0
274,2015-01-08,3096.0,762.0,1.0,1.0,0,1.0,4.0,0.23488605,0.9720229,0.5,0.8660254,1,0,0,1,3314.0,1,3324.0,1,5258.0,1,3351.0,1,4166.0,1,4389.0,1,4978.0,1,3827.0,3534.8447,3758.7776,-10.0
274,2015-01-09,3672.0,900.0,1.0,1.0,0,1.0,5.0,0.23488605,0.9720229,0.5,0.8660254,1,0,0,1,3096.0,1,3314.0,1,3514.0,1,3506.0,1,6617.0,1,2869.0,1,4243.0,1,3329.0,3359.307,3611.4937,-218.0
274,2015-01-10,2837.0,646.0,1.0,0.0,0,0.0,6.0,0.23488605,0.9720229,0.5,0.8660254,1,0,0,1,3672.0,1,3096.0,1,3324.0,1,3401.0,1,3820.0,1,6147.0,1,4400.0,1,3301.0,3484.384,3624.9395,576.0
274,2015-01-11,6411.0,1270.0,1.0,0.0,0,0.0,7.0,0.23488605,0.9720229,0.5,0.8660254,1,0,0,1,2837.0,1,3672.0,1,3314.0,1,3209.0,1,3780.0,1,7818.0,1,4631.0,1,3703.0,3225.4304,3449.8418,-835.0
274,2015-01-12,3935.0,962.0,1.0,1.0,0,0.0,1.0,0.34820163,0.93741965,0.5,0.8660254,1,0,0,1,6411.0,1,2837.0,1,3096.0,1,5258.0,1,3351.0,1,4166.0,1,5113.0,1,4243.0,4499.658,4107.877,3574.0
274,2015-01-13,3613.0,867.0,1.0,1.0,0,0.0,2.0,0.34820163,0.93741965,0.5,0.8660254,1,0,0,1,3935.0,1,6411.0,1,3672.0,1,3514.0,1,3506.0,1,6617.0,1,4111.0,1,3632.0,4273.795,4069.46,-2476.0
274,2015-01-14,3272.0,813.0,1.0,1.0,0,0.0,3.0,0.34820163,0.93741965,0.5,0.8660254,1,0,0,1,3613.0,1,3935.0,1,2837.0,1,3324.0,1,3401.0,1,3820.0,1,7614.0,1,7365.0,4009.477,3968.0244,-322.0
274,2015-01-15,3644.0,929.0,1.0,1.0,0,0.0,4.0,0.34820163,0.93741965,0.5,0.8660254,1,0,0,1,3272.0,1,3613.0,1,6411.0,1,3314.0,1,3209.0,1,3780.0,1,4618.0,1,4093.0,3714.486,3813.3523,-341.0
274,2015-01-16,4353.0,1072.0,1.0,1.0,0,0.0,5.0,0.34820163,0.93741965,0.5,0.8660254,1,0,0,1,3644.0,1,3272.0,1,3935.0,1,3096.0,1,5258.0,1,3351.0,1,4389.0,1,3803.0,3686.2917,3775.7185,372.0
274,2015-01-17,3468.0,753.0,1.0,0.0,0,0.0,6.0,0.34820163,0.93741965,0.5,0.8660254,1,0,0,1,4353.0,1,3644.0,1,3613.0,1,3672.0,1,3514.0,1,3506.0,1,2869.0,1,3601.0,3952.975,3904.0032,709.0
274,2015-01-18,6580.0,1318.0,1.0,0.0,0,0.0,7.0,0.34820163,0.93741965,0.5,0.8660254,1,0,0,1,3468.0,1,4353.0,1,3272.0,1,2837.0,1,3324.0,1,3401.0,1,6147.0,1,4381.0,3758.985,3807.1135,-885.0
274,2015-01-19,3225.0,840.0,1.0,0.0,0,0.0,1.0,0.45662925,0.8896571,0.5,0.8660254,1,0,0,1,6580.0,1,3468.0,1,3644.0,1,6411.0,1,3314.0,1,3209.0,1,7818.0,1,5471.0,4887.391,4423.3105,3112.0
274,2015-01-20,3385.0,853.0,1.0,0.0,0,0.0,2.0,0.45662925,0.8896571,0.5,0.8660254,1,0,0,1,3225.0,1,6580.0,1,4353.0,1,3935.0,1,3096.0,1,5258.0,1,4166.0,1,4066.0,4222.4346,4157.0195,-3355.0
274,2015-01-21,3233.0,870.0,1.0,0.0,0,0.0,3.0,0.45662925,0.8896571,0.5,0.8660254,1,0,0,1,3385.0,1,3225.0,1,3468.0,1,3613.0,1,3672.0,1,3514.0,1,6617.0,1,8118.0,3887.4607,3985.4595,160.0
274,2015-01-22,3170.0,861.0,1.0,0.0,0,0.0,4.0,0.45662925,0.8896571,0.5,0.8660254,1,0,0,1,3233.0,1,3385.0,1,6580.0,1,3272.0,1,2837.0,1,3324.0,1,3820.0,1,4648.0,3625.6765,3818.2463,-152.0
274,2015-01-23,4296.0,1060.0,1.0,0.0,0,0.0,5.0,0.45662925,0.8896571,0.5,0.8660254,1,0,0,1,3170.0,1,3233.0,1,3225.0,1,3644.0,1,6411.0,1,3314.0,1,3780.0,1,4208.0,3443.4058,3674.1917,-63.0
274,2015-01-24,3132.0,724.0,1.0,0.0,0,0.0,6.0,0.45662925,0.8896571,0.5,0.8660254,1,0,0,1,4296.0,1,3170.0,1,3385.0,1,4353.0,1,3935.0,1,3096.0,1,3351.0,1,3960.0,3784.4436,3812.371,1126.0
274,2015-01-25,6796.0,1401.0,1.0,0.0,0,0.0,7.0,0.45662925,0.8896571,0.5,0.8660254,1,0,0,1,3132.0,1,4296.0,1,3233.0,1,3468.0,1,3613.0,1,3672.0,1,3506.0,1,4305.0,3523.466,3661.1775,-1164.0
274,2015-01-26,3814.0,941.0,1.0,1.0,0,0.0,1.0,0.55864674,0.82940567,0.5,0.8660254,1,0,0,1,6796.0,1,3132.0,1,3170.0,1,6580.0,1,3272.0,1,2837.0,1,3401.0,1,5443.0,4832.4795,4357.8047,3664.0
274,2015-01-27,3526.0,896.0,1.0,1.0,0,0.0,2.0,0.55864674,0.82940567,0.5,0.8660254,1,0,0,1,3814.0,1,6796.0,1,4296.0,1,3225.0,1,3644.0,1,6411.0,1,3209.0,1,3475.0,4425.088,4236.9595,-2982.0
274,2015-01-28,3720.0,946.0,1.0,1.0,0,0.0,3.0,0.55864674,0.82940567,0.5,0.8660254,1,0,0,1,3526.0,1,3814.0,1,3132.0,1,3385.0,1,4353.0,1,3935.0,1,5258.0,1,6568.0,4065.4526,4078.9683,-288.0
274,2015-01-29,3948.0,969.0,1.0,1.0,0,0.0,4.0,0.55864674,0.82940567,0.5,0.8660254,1,0,0,1,3720.0,1,3526.0,1,6796.0,1,3233.0,1,3468.0,1,3613.0,1,3514.0,1,4032.0,3927.2717,3999.1975,194.0
274,2015-01-30,4864.0,1117.0,1.0,1.0,0,0.0,5.0,0.55864674,0.82940567,0.5,0.8660254,1,0,0,1,3948.0,1,3720.0,1,3814.0,1,3170.0,1,6580.0,1,3272.0,1,3324.0,1,3498.0,3935.563,3987.8203,228.0
274,2015-01-31,3955.0,832.0,1.0,0.0,0,0.0,6.0,0.55864674,0.82940567,0.5,0.8660254,1,0,1,1,4864.0,1,3948.0,1,3526.0,1,4296.0,1,3225.0,1,3644.0,1,3314.0,1,3611.0,4306.938,4182.527,916.0
274,2015-02-01,6651.0,1359.0,1.0,0.0,0,0.0,7.0,0.55864674,0.82940567,0.8660254,0.5,1,1,0,1,3955.0,1,4864.0,1,3720.0,1,3132.0,1,3385.0,1,4353.0,1,3096.0,1,3936.0,4166.1626,4131.9653,-909.0
274,2015-02-02,4501.0,1005.0,1.0,1.0,0,0.0,1.0,0.65282214,0.75751126,0.8660254,0.5,1,0,0,1,6651.0,1,3955.0,1,3948.0,1,6796.0,1,3233.0,1,3468.0,1,3672.0,1,4087.0,5160.0977,4691.751,2696.0
274,2015-02-03,3923.0,930.0,1.0,1.0,0,0.0,2.0,0.65282214,0.75751126,0.8660254,0.5,1,0,0,1,4501.0,1,6651.0,1,4864.0,1,3814.0,1,3170.0,1,6580.0,1,2837.0,1,3769.0,4896.4585,4649.362,-2150.0
274,2015-02-04,3996.0,991.0,1.0,1.0,0,0.0,3.0,0.65282214,0.75751126,0.8660254,0.5,1,0,0,1,3923.0,1,4501.0,1,3955.0,1,3526.0,1,4296.0,1,3225.0,1,6411.0,1,7244.0,4507.075,4487.948,-578.0
274,2015-02-05,3915.0,973.0,1.0,1.0,0,0.0,4.0,0.65282214,0.75751126,0.8660254,0.5,1,0,0,1,3996.0,1,3923.0,1,6651.0,1,3720.0,1,3132.0,1,3385.0,1,3935.0,1,4978.0,4302.645,4378.6265,73.0
274,2015-02-06,3953.0,1059.0,1.0,1.0,0,0.0,5.0,0.65282214,0.75751126,0.8660254,0.5,1,0,0,1,3915.0,1,3996.0,1,4501.0,1,3948.0,1,6796.0,1,3233.0,1,3613.0,1,4243.0,4147.587,4275.598,-81.0
274,2015-02-07,3648.0,781.0,1.0,0.0,0,0.0,6.0,0.65282214,0.75751126,0.8660254,0.5,1,0,0,1,3953.0,1,3915.0,1,3923.0,1,4864.0,1,3814.0,1,3170.0,1,3272.0,1,4400.0,4069.7522,4203.9097,38.0
274,2015-02-08,7162.0,1459.0,1.0,0.0,0,0.0,7.0,0.65282214,0.75751126,0.8660254,0.5,1,0,0,1,3648.0,1,3953.0,1,3996.0,1,3955.0,1,3526.0,1,4296.0,1,3644.0,1,4631.0,3901.0513,4080.3743,-305.0
274,2015-02-09,3685.0,995.0,1.0,0.0,0,0.0,1.0,0.73783326,0.674983,0.8660254,0.5,1,0,0,1,7162.0,1,3648.0,1,3915.0,1,6651.0,1,3720.0,1,3132.0,1,4353.0,1,5113.0,5205.4307,4765.18,3514.0
274,2015-02-10,3375.0,881.0,1.0,0.0,0,0.0,2.0,0.73783326,0.674983,0.8660254,0.5,1,0,0,1,3685.0,1,7162.0,1,3953.0,1,4501.0,1,3948.0,1,6796.0,1,3468.0,1,4111.0,4597.2583,4525.14,-3477.0
274,2015-02-11,3365.0,901.0,1.0,0.0,0,0.0,3.0,0.73783326,0.674983,0.8660254,0.5,1,0,0,1,3375.0,1,3685.0,1,3648.0,1,3923.0,1,4864.0,1,3814.0,1,6580.0,1,7614.0,4108.355,4269.553,-310.0
274,2015-02-12,3433.0,914.0,1.0,0.0,0,0.0,4.0,0.73783326,0.674983,0.8660254,0.5,1,0,0,1,3365.0,1,3375.0,1,7162.0,1,3996.0,1,3955.0,1,3526.0,1,3225.0,1,4618.0,3811.013,4068.5415,-10.0
274,2015-02-13,4332.0,1094.0,1.0,0.0,0,0.0,5.0,0.73783326,0.674983,0.8660254,0.5,1,0,0,1,3433.0,1,3365.0,1,3685.0,1,3915.0,1,6651.0,1,3720.0,1,3385.0,1,4389.0,3659.8079,3927.31,68.0
274,2015-02-14,3861.0,851.0,1.0,0.0,0,0.0,6.0,0.73783326,0.674983,0.8660254,0.5,1,0,0,1,4332.0,1,3433.0,1,3375.0,1,3953.0,1,4501.0,1,3948.0,1,3233.0,1,2869.0,3928.6848,4017.2412,899.0
274,2015-02-15,7418.0,1525.0,1.0,0.0,0,0.0,7.0,0.73783326,0.674983,0.8660254,0.5,1,0,0,1,3861.0,1,4332.0,1,3365.0,1,3648.0,1,3923.0,1,4864.0,1,3170.0,1,6147.0,3901.6108,3982.521,-471.0
274,2015-02-16,4241.0,932.0,1.0,1.0,0,0.0,1.0,0.8124869,0.5829795,0.8660254,0.5,1,0,0,1,7418.0,1,3861.0,1,3433.0,1,7162.0,1,3996.0,1,3955.0,1,4296.0,1,7818.0,5308.1665,4745.9604,3557.0
274,2015-02-17,3689.0,894.0,1.0,1.0,0,0.0,2.0,0.8124869,0.5829795,0.8660254,0.5,1,0,0,1,4241.0,1,7418.0,1,4332.0,1,3685.0,1,3915.0,1,6651.0,1,3132.0,1,4166.0,4881.3,4633.747,-3177.0
274,2015-02-18,3765.0,893.0,1.0,1.0,0,0.0,3.0,0.8124869,0.5829795,0.8660254,0.5,1,0,0,1,3689.0,1,4241.0,1,3861.0,1,3375.0,1,3953.0,1,4501.0,1,6796.0,1,6617.0,4404.38,4423.803,-552.0
274,2015-02-19,3609.0,951.0,1.0,1.0,0,0.0,4.0,0.8124869,0.5829795,0.8660254,0.5,1,0,0,1,3765.0,1,3689.0,1,7418.0,1,3365.0,1,3648.0,1,3923.0,1,3814.0,1,3820.0,4148.628,4277.403,76.0
274,2015-02-20,4068.0,1058.0,1.0,1.0,0,0.0,5.0,0.8124869,0.5829795,0.8660254,0.5,1,0,0,1,3609.0,1,3765.0,1,4241.0,1,3433.0,1,7162.0,1,3996.0,1,3526.0,1,3780.0,3932.7769,4128.8687,-156.0
274,2015-02-21,3270.0,769.0,1.0,0.0,0,0.0,6.0,0.8124869,0.5829795,0.8660254,0.5,1,0,0,1,4068.0,1,3609.0,1,3689.0,1,4332.0,1,3685.0,1,3915.0,1,3720.0,1,3351.0,3986.866,4115.3423,459.0
274,2015-02-22,6952.0,1440.0,1.0,0.0,0,0.0,7.0,0.8124869,0.5829795,0.8660254,0.5,1,0,0,1,3270.0,1,4068.0,1,3765.0,1,3861.0,1,3375.0,1,3953.0,1,3948.0,1,3506.0,3700.1196,3927.4885,-798.0
274,2015-02-23,3342.0,893.0,1.0,0.0,0,0.0,1.0,0.8757349,0.4827922,0.8660254,0.5,1,0,0,1,6952.0,1,3270.0,1,3609.0,1,7418.0,1,3365.0,1,3648.0,1,4864.0,1,3401.0,5000.8716,4599.602,3682.0
274,2015-02-24,3223.0,887.0,1.0,0.0,0,0.0,2.0,0.8757349,0.4827922,0.8660254,0.5,1,0,0,1,3342.0,1,6952.0,1,4068.0,1,4241.0,1,3433.0,1,7162.0,1,3955.0,1,3209.0,4337.323,4320.135,-3610.0
274,2015-02-25,3129.0,887.0,1.0,0.0,0,0.0,3.0,0.8757349,0.4827922,0.8660254,0.5,1,0,0,1,3223.0,1,3342.0,1,3270.0,1,3689.0,1,4332.0,1,3685.0,1,6651.0,1,5258.0,3891.5938,4076.3271,-119.0
274,2015-02-26,3546.0,924.0,1.0,0.0,0,0.0,4.0,0.8757349,0.4827922,0.8660254,0.5,1,0,0,1,3129.0,1,3223.0,1,6952.0,1,3765.0,1,3861.0,1,3375.0,1,4501.0,1,3514.0,3586.5564,3865.81,-94.0
274,2015-02-27,4478.0,1148.0,1.0,0.0,0,0.0,5.0,0.8757349,0.4827922,0.8660254,0.5,1,0,0,1,3546.0,1,3129.0,1,3342.0,1,3609.0,1,7418.0,1,3365.0,1,3923.0,1,3324.0,3570.3337,3794.7412,417.0
274,2015-02-28,3937.0,849.0,1.0,0.0,0,0.0,6.0,0.8757349,0.4827922,0.8660254,0.5,1,0,1,1,4478.0,1,3546.0,1,3223.0,1,4068.0,1,4241.0,1,3433.0,1,3996.0,1,3314.0,3933.4004,3946.5764,932.0
274,2015-03-01,6799.0,1411.0,1.0,0.0,0,0.0,7.0,0.8757349,0.4827922,1.0,6.123234e-17,1,1,0,1,3937.0,1,4478.0,1,3129.0,1,3270.0,1,3689.0,1,4332.0,1,3915.0,1,3096.0,3934.84,3944.4482,-541.0
274,2015-03-02,4321.0,973.0,1.0,1.0,0,0.0,1.0,0.9266896,0.37582758,1.0,6.123234e-17,1,0,0,1,6799.0,1,3937.0,1,3546.0,1,6952.0,1,3765.0,1,3861.0,1,3953.0,1,3672.0,5080.504,4578.793,2862.0
274,2015-03-03,3930.0,942.0,1.0,1.0,0,0.0,2.0,0.9266896,0.37582758,1.0,6.123234e-17,1,0,0,1,4321.0,1,6799.0,1,4478.0,1,3342.0,1,3609.0,1,7418.0,1,3648.0,1,2837.0,4776.7026,4521.506,-2478.0
274,2015-03-04,3662.0,939.0,1.0,1.0,0,0.0,3.0,0.9266896,0.37582758,1.0,6.123234e-17,1,0,0,1,3930.0,1,4321.0,1,3937.0,1,3223.0,1,4068.0,1,4241.0,1,7162.0,1,6411.0,4438.0215,4390.06,-391.0
274,2015-03-05,4014.0,991.0,1.0,1.0,0,0.0,4.0,0.9266896,0.37582758,1.0,6.123234e-17,1,0,0,1,3662.0,1,3930.0,1,6799.0,1,3129.0,1,3270.0,1,3689.0,1,3685.0,1,3935.0,4127.613,4228.269,-268.0
274,2015-03-06,4409.0,1149.0,1.0,1.0,0,0.0,5.0,0.9266896,0.37582758,1.0,6.123234e-17,1,0,0,1,4014.0,1,3662.0,1,4321.0,1,3546.0,1,6952.0,1,3765.0,1,3375.0,1,3613.0,4082.1677,4180.654,352.0
274,2015-03-07,3459.0,850.0,1.0,0.0,0,0.0,6.0,0.9266896,0.37582758,1.0,6.123234e-17,1,0,0,1,4409.0,1,4014.0,1,3930.0,1,4478.0,1,3342.0,1,3609.0,1,3365.0,1,3272.0,4212.901,4231.3975,395.0
274,2015-03-08,7167.0,1552.0,1.0,0.0,0,0.0,7.0,0.9266896,0.37582758,1.0,6.123234e-17,1,0,0,1,3459.0,1,4409.0,1,3662.0,1,3937.0,1,3223.0,1,4068.0,1,3433.0,1,3644.0,3911.3403,4059.7534,-950.0
274,2015-03-09,3354.0,933.0,1.0,0.0,0,0.0,1.0,0.9646356,0.26358718,1.0,6.123234e-17,1,0,0,1,7167.0,1,3459.0,1,4014.0,1,6799.0,1,3129.0,1,3270.0,1,4332.0,1,4353.0,5213.604,4750.2524,3708.0
274,2015-03-10,3511.0,920.0,1.0,0.0,0,0.0,2.0,0.9646356,0.26358718,1.0,6.123234e-17,1,0,0,1,3354.0,1,7167.0,1,4409.0,1,4321.0,1,3546.0,1,6952.0,1,3861.0,1,3468.0,4469.7627,4439.974,-3813.0
274,2015-03-11,3263.0,888.0,1.0,0.0,0,0.0,3.0,0.9646356,0.26358718,1.0,6.123234e-17,1,0,0,1,3511.0,1,3354.0,1,3459.0,1,3930.0,1,4478.0,1,3342.0,1,7418.0,1,6580.0,4086.2576,4233.5356,157.0
274,2015-03-12,3515.0,948.0,1.0,0.0,0,0.0,4.0,0.9646356,0.26358718,1.0,6.123234e-17,1,0,0,1,3263.0,1,3511.0,1,7167.0,1,3662.0,1,3937.0,1,3223.0,1,4241.0,1,3225.0,3756.9546,4017.861,-248.0
274,2015-03-13,4176.0,1087.0,1.0,0.0,0,0.0,5.0,0.9646356,0.26358718,1.0,6.123234e-17,1,0,0,1,3515.0,1,3263.0,1,3354.0,1,4014.0,1,6799.0,1,3129.0,1,3689.0,1,3385.0,3660.1726,3906.114,252.0
274,2015-03-14,3467.0,823.0,1.0,0.0,0,0.0,6.0,0.9646356,0.26358718,1.0,6.123234e-17,1,0,0,1,4176.0,1,3515.0,1,3511.0,1,4409.0,1,4321.0,1,3546.0,1,3765.0,1,3233.0,3866.5037,3966.0889,661.0
274,2015-03-15,7332.0,1558.0,1.0,0.0,0,0.0,7.0,0.9646356,0.26358718,1.0,6.123234e-17,1,0,0,1,3467.0,1,4176.0,1,3263.0,1,3459.0,1,3930.0,1,4478.0,1,3609.0,1,3170.0,3706.7021,3855.1802,-709.0
274,2015-03-16,4278.0,1039.0,1.0,1.0,0,0.0,1.0,0.9890402,0.14764656,1.0,6.123234e-17,1,0,0,1,7332.0,1,3467.0,1,3515.0,1,7167.0,1,3662.0,1,3937.0,1,4068.0,1,4296.0,5156.8213,4627.8066,3865.0
274,2015-03-17,3956.0,932.0,1.0,1.0,0,0.0,2.0,0.9890402,0.14764656,1.0,6.123234e-17,1,0,0,1,4278.0,1,7332.0,1,4176.0,1,3354.0,1,4014.0,1,6799.0,1,3270.0,1,3132.0,4805.293,4550.072,-3054.0
274,2015-03-18,3793.0,952.0,1.0,1.0,0,0.0,3.0,0.9890402,0.14764656,1.0,6.123234e-17,1,0,0,1,3956.0,1,4278.0,1,3467.0,1,3511.0,1,4409.0,1,4321.0,1,6952.0,1,6796.0,4465.5757,4418.056,-322.0
274,2015-03-19,3959.0,1021.0,1.0,1.0,0,0.0,4.0,0.9890402,0.14764656,1.0,6.123234e-17,1,0,0,1,3793.0,1,3956.0,1,7332.0,1,3263.0,1,3459.0,1,3930.0,1,3342.0,1,3814.0,4196.5454,4279.155,-163.0
274,2015-03-20,4174.0,1142.0,1.0,1.0,0,0.0,5.0,0.9890402,0.14764656,1.0,6.123234e-17,1,0,0,1,3959.0,1,3793.0,1,4278.0,1,3515.0,1,7167.0,1,3662.0,1,3223.0,1,3526.0,4101.5273,4208.0093,166.0
274,2015-03-21,3639.0,870.0,1.0,0.0,0,0.0,6.0,0.9890402,0.14764656,1.0,6.123234e-17,1,0,0,1,4174.0,1,3959.0,1,3956.0,1,4176.0,1,3354.0,1,4014.0,1,3129.0,1,3720.0,4130.516,4200.4517,215.0
274,2015-03-22,7412.0,1483.0,1.0,0.0,0,0.0,7.0,0.9890402,0.14764656,1.0,6.123234e-17,1,0,0,1,3639.0,1,4174.0,1,3793.0,1,3467.0,1,3511.0,1,4409.0,1,3546.0,1,3948.0,3933.91,4075.6846,-535.0
274,2015-03-23,3453.0,965.0,1.0,0.0,0,0.0,1.0,0.99956083,0.029633328,1.0,6.123234e-17,1,0,0,1,7412.0,1,3639.0,1,3959.0,1,7332.0,1,3263.0,1,3459.0,1,4478.0,1,4864.0,5325.146,4817.088,3773.0
274,2015-03-24,3314.0,892.0,1.0,0.0,0,0.0,2.0,0.99956083,0.029633328,1.0,6.123234e-17,1,0,0,1,3453.0,1,7412.0,1,4174.0,1,4278.0,1,3515.0,1,7167.0,1,3937.0,1,3955.0,4576.2876,4513.9575,-3959.0
274,2015-03-25,3275.0,921.0,1.0,0.0,0,0.0,3.0,0.99956083,0.029633328,1.0,6.123234e-17,1,0,0,1,3314.0,1,3453.0,1,3639.0,1,3956.0,1,4176.0,1,3354.0,1,6799.0,1,6651.0,4071.3726,4247.3003,-139.0
274,2015-03-26,3749.0,979.0,1.0,0.0,0,0.0,4.0,0.99956083,0.029633328,1.0,6.123234e-17,1,0,0,1,3275.0,1,3314.0,1,7412.0,1,3793.0,1,3467.0,1,3511.0,1,4321.0,1,4501.0,3752.8235,4031.2334,-39.0
274,2015-03-27,4371.0,1129.0,1.0,0.0,0,0.0,5.0,0.99956083,0.029633328,1.0,6.123234e-17,1,0,0,1,3749.0,1,3275.0,1,3453.0,1,3959.0,1,7332.0,1,3263.0,1,3930.0,1,3923.0,3751.2942,3968.515,474.0
274,2015-03-28,4080.0,937.0,1.0,0.0,0,0.0,6.0,0.99956083,0.029633328,1.0,6.123234e-17,1,0,0,1,4371.0,1,3749.0,1,3314.0,1,4174.0,1,4278.0,1,3515.0,1,3662.0,1,3996.0,3999.1765,4057.956,622.0
274,2015-03-29,6189.0,1305.0,1.0,0.0,0,0.0,7.0,0.99956083,0.029633328,1.0,6.123234e-17,1,0,0,1,4080.0,1,4371.0,1,3275.0,1,3639.0,1,3956.0,1,4176.0,1,4014.0,1,3915.0,4031.5059,4062.8547,-291.0
274,2015-03-30,4458.0,992.0,1.0,1.0,0,1.0,1.0,0.9960498,-0.08879589,1.0,6.123234e-17,1,0,0,1,6189.0,1,4080.0,1,3749.0,1,7412.0,1,3793.0,1,3467.0,1,4409.0,1,3953.0,4894.5034,4535.3315,2109.0
274,2015-03-31,4644.0,973.0,1.0,1.0,0,1.0,2.0,0.9960498,-0.08879589,1.0,6.123234e-17,1,0,1,1,4458.0,1,6189.0,1,4371.0,1,3453.0,1,3959.0,1,7332.0,1,3459.0,1,3648.0,4719.9023,4518.1465,-1731.0
274,2015-04-01,4493.0,996.0,1.0,1.0,0,1.0,3.0,0.9960498,-0.08879589,0.8660254,-0.5,2,1,0,1,4644.0,1,4458.0,1,4080.0,1,3314.0,1,4174.0,1,4278.0,1,7167.0,1,7162.0,4689.5415,4546.1143,186.0
274,2015-04-02,5702.0,1146.0,1.0,1.0,0,1.0,4.0,0.9960498,-0.08879589,0.8660254,-0.5,2,0,0,1,4493.0,1,4644.0,1,6189.0,1,3275.0,1,3639.0,1,3956.0,1,3354.0,1,3685.0,4610.925,4534.311,-151.0
274,2015-04-03,9264.0,1686.0,1.0,1.0,2,1.0,5.0,0.9960498,-0.08879589,0.8660254,-0.5,2,0,0,1,5702.0,1,4493.0,1,4458.0,1,3749.0,1,7412.0,1,3793.0,1,3511.0,1,3375.0,5047.355,4793.7974,1209.0
274,2015-04-04,4086.0,975.0,1.0,0.0,0,1.0,6.0,0.9960498,-0.08879589,0.8660254,-0.5,2,0,0,1,9264.0,1,5702.0,1,4644.0,1,4371.0,1,3453.0,1,3959.0,1,3263.0,1,3365.0,6734.0127,5787.176,3562.0
274,2015-04-05,7141.0,1290.0,1.0,0.0,0,1.0,7.0,0.9960498,-0.08879589,0.8660254,-0.5,2,0,0,1,4086.0,1,9264.0,1,4493.0,1,4080.0,1,3314.0,1,4174.0,1,3515.0,1,3433.0,5674.8076,5409.1367,-5178.0
274,2015-04-06,8820.0,1805.0,1.0,0.0,2,1.0,1.0,0.9785565,-0.20597862,0.8660254,-0.5,2,0,0,1,7141.0,1,4086.0,1,5702.0,1,6189.0,1,3275.0,1,3639.0,1,4176.0,1,4332.0,6261.2847,5793.995,3055.0
274,2015-04-07,3467.0,937.0,1.0,0.0,0,1.0,2.0,0.9785565,-0.20597862,0.8660254,-0.5,2,0,0,1,8820.0,1,7141.0,1,9264.0,1,4458.0,1,3749.0,1,7412.0,1,3467.0,1,3861.0,7284.771,6466.441,1679.0
274,2015-04-08,2928.0,849.0,1.0,0.0,0,1.0,3.0,0.9785565,-0.20597862,0.8660254,-0.5,2,0,0,1,3467.0,1,8820.0,1,4086.0,1,4644.0,1,4371.0,1,3453.0,1,7332.0,1,7418.0,5757.6626,5799.8984,-5353.0
274,2015-04-09,2932.0,839.0,1.0,0.0,0,1.0,4.0,0.9785565,-0.20597862,0.8660254,-0.5,2,0,0,1,2928.0,1,3467.0,1,7141.0,1,4493.0,1,4080.0,1,3314.0,1,4278.0,1,4241.0,4625.7974,5161.6987,-539.0
274,2015-04-10,3616.0,1000.0,1.0,0.0,0,1.0,5.0,0.9785565,-0.20597862,0.8660254,-0.5,2,0,0,1,2932.0,1,2928.0,1,8820.0,1,5702.0,1,6189.0,1,3275.0,1,3956.0,1,3689.0,3948.2786,4666.21,4.0
274,2015-04-11,3431.0,851.0,1.0,0.0,0,0.0,6.0,0.9785565,-0.20597862,0.8660254,-0.5,2,0,0,1,3616.0,1,2932.0,1,3467.0,1,9264.0,1,4458.0,1,3749.0,1,3793.0,1,3765.0,3815.3672,4432.83,684.0
274,2015-04-12,6703.0,1466.0,1.0,0.0,0,0.0,7.0,0.9785565,-0.20597862,0.8660254,-0.5,2,0,0,1,3431.0,1,3616.0,1,2928.0,1,4086.0,1,4644.0,1,4371.0,1,3959.0,1,3609.0,3661.6204,4210.201,-185.0
274,2015-04-13,4205.0,996.0,1.0,1.0,0,0.0,1.0,0.94732636,-0.32026985,0.8660254,-0.5,2,0,0,1,6703.0,1,3431.0,1,2932.0,1,7141.0,1,4493.0,1,4080.0,1,4174.0,1,4068.0,4878.1724,4764.1562,3272.0
274,2015-04-14,4180.0,986.0,1.0,1.0,0,0.0,2.0,0.94732636,-0.32026985,0.8660254,-0.5,2,0,0,1,4205.0,1,6703.0,1,3616.0,1,8820.0,1,5702.0,1,6189.0,1,3639.0,1,3270.0,4608.9033,4639.8994,-2498.0
274,2015-04-15,3475.0,1001.0,1.0,1.0,0,0.0,3.0,0.94732636,-0.32026985,0.8660254,-0.5,2,0,0,1,4180.0,1,4205.0,1,3431.0,1,3467.0,1,9264.0,1,4458.0,1,7412.0,1,6952.0,4437.342,4537.6997,-25.0
274,2015-04-16,4190.0,1073.0,1.0,1.0,0,0.0,4.0,0.94732636,-0.32026985,0.8660254,-0.5,2,0,0,1,3475.0,1,4180.0,1,6703.0,1,2928.0,1,4086.0,1,4644.0,1,3453.0,1,3342.0,4052.4053,4301.544,-705.0
274,2015-04-17,4429.0,1173.0,1.0,1.0,0,0.0,5.0,0.94732636,-0.32026985,0.8660254,-0.5,2,0,0,1,4190.0,1,3475.0,1,4205.0,1,2932.0,1,7141.0,1,4493.0,1,3314.0,1,3223.0,4107.443,4276.7563,715.0
274,2015-04-18,3702.0,865.0,1.0,0.0,0,0.0,6.0,0.94732636,-0.32026985,0.8660254,-0.5,2,0,0,1,4429.0,1,4190.0,1,4180.0,1,3616.0,1,8820.0,1,5702.0,1,3275.0,1,3129.0,4236.066,4310.5884,239.0
274,2015-04-19,7375.0,1588.0,1.0,0.0,0,0.0,7.0,0.94732636,-0.32026985,0.8660254,-0.5,2,0,0,1,3702.0,1,4429.0,1,3475.0,1,3431.0,1,3467.0,1,9264.0,1,3749.0,1,3546.0,4022.4395,4175.3467,-727.0
274,2015-04-20,3775.0,1008.0,1.0,0.0,0,0.0,1.0,0.9027978,-0.4300652,0.8660254,-0.5,2,0,0,1,7375.0,1,3702.0,1,4190.0,1,6703.0,1,2928.0,1,4086.0,1,4371.0,1,4478.0,5363.464,4886.381,3673.0
274,2015-04-21,3543.0,954.0,1.0,0.0,0,0.0,2.0,0.9027978,-0.4300652,0.8660254,-0.5,2,0,0,1,3775.0,1,7375.0,1,4429.0,1,4205.0,1,2932.0,1,7141.0,1,4080.0,1,3937.0,4728.078,4639.407,-3600.0
274,2015-04-22,3227.0,857.0,1.0,0.0,0,0.0,3.0,0.9027978,-0.4300652,0.8660254,-0.5,2,0,0,1,3543.0,1,3775.0,1,3702.0,1,4180.0,1,3616.0,1,8820.0,1,6189.0,1,6799.0,4254.047,4395.761,-232.0
274,2015-04-23,3272.0,881.0,1.0,0.0,0,0.0,4.0,0.9027978,-0.4300652,0.8660254,-0.5,2,0,0,1,3227.0,1,3543.0,1,7375.0,1,3475.0,1,3431.0,1,3467.0,1,4458.0,1,4321.0,3843.2283,4136.0366,-316.0
274,2015-04-24,4274.0,1155.0,1.0,0.0,0,0.0,5.0,0.9027978,-0.4300652,0.8660254,-0.5,2,0,0,1,3272.0,1,3227.0,1,3775.0,1,4190.0,1,6703.0,1,2928.0,1,4644.0,1,3930.0,3614.7368,3944.0283,45.0
274,2015-04-25,3890.0,907.0,1.0,0.0,0,0.0,6.0,0.9027978,-0.4300652,0.8660254,-0.5,2,0,0,1,4274.0,1,3272.0,1,3543.0,1,4429.0,1,4205.0,1,2932.0,1,4493.0,1,3662.0,3878.4421,4017.3555,1002.0
274,2015-04-26,6681.0,1469.0,1.0,0.0,0,0.0,7.0,0.9027978,-0.4300652,0.8660254,-0.5,2,0,0,1,3890.0,1,4274.0,1,3227.0,1,3702.0,1,4180.0,1,3616.0,1,5702.0,1,4014.0,3883.0652,3989.0542,-384.0
274,2015-04-27,4561.0,1071.0,1.0,1.0,0,0.0,1.0,0.845596,-0.5338234,0.8660254,-0.5,2,0,0,1,6681.0,1,3890.0,1,3272.0,1,7375.0,1,3475.0,1,3431.0,1,9264.0,1,4409.0,5002.2393,4587.264,2791.0
274,2015-04-28,4205.0,1049.0,1.0,1.0,0,0.0,2.0,0.845596,-0.5338234,0.8660254,-0.5,2,0,0,1,4561.0,1,6681.0,1,4274.0,1,3775.0,1,4190.0,1,6703.0,1,4086.0,1,3459.0,4825.7437,4581.4277,-2120.0
274,2015-04-29,4302.0,1063.0,1.0,1.0,0,0.0,3.0,0.845596,-0.5338234,0.8660254,-0.5,2,0,0,1,4205.0,1,4561.0,1,3890.0,1,3543.0,1,4429.0,1,4205.0,1,7141.0,1,7167.0,4577.4463,4497.7773,-356.0
274,2015-04-30,6153.0,1375.0,1.0,1.0,0,0.0,4.0,0.845596,-0.5338234,0.8660254,-0.5,2,0,1,1,4302.0,1,4205.0,1,6681.0,1,3227.0,1,3702.0,1,4180.0,1,8820.0,1,3354.0,4467.2676,4454.271,97.0
274,2015-05-01,9017.0,1657.0,1.0,1.0,1,0.0,5.0,0.845596,-0.5338234,0.5,-0.8660254,2,1,0,1,6153.0,1,4302.0,1,4561.0,1,3272.0,1,7375.0,1,3475.0,1,3467.0,1,3511.0,5141.5605,4831.7666,1851.0
274,2015-05-02,4113.0,912.0,1.0,0.0,0,0.0,6.0,0.845596,-0.5338234,0.5,-0.8660254,2,0,0,1,9017.0,1,6153.0,1,4205.0,1,4274.0,1,3775.0,1,4190.0,1,2928.0,1,3263.0,6691.7363,5761.8184,2864.0
274,2015-05-03,7460.0,1473.0,1.0,0.0,0,0.0,7.0,0.845596,-0.5338234,0.5,-0.8660254,2,0,0,1,4113.0,1,9017.0,1,4302.0,1,3890.0,1,3543.0,1,4429.0,1,2932.0,1,3515.0,5660.2417,5395.414,-4904.0
274,2015-05-04,4347.0,1135.0,1.0,1.0,0,0.0,1.0,0.7765239,-0.63008785,0.5,-0.8660254,2,0,0,1,7460.0,1,4113.0,1,6153.0,1,6681.0,1,3227.0,1,3702.0,1,3616.0,1,4176.0,6380.145,5854.211,3347.0
274,2015-05-05,3973.0,906.0,1.0,1.0,0,0.0,2.0,0.7765239,-0.63008785,0.5,-0.8660254,2,0,0,1,4347.0,1,7460.0,1,9017.0,1,4561.0,1,3272.0,1,7375.0,1,3431.0,1,3467.0,5566.887,5519.2754,-3113.0
274,2015-05-06,3607.0,870.0,1.0,1.0,0,0.0,3.0,0.7765239,-0.63008785,0.5,-0.8660254,2,0,0,1,3973.0,1,4347.0,1,4113.0,1,4205.0,1,4274.0,1,3775.0,1,6703.0,1,7332.0,4929.332,5175.6587,-374.0
274,2015-05-07,4149.0,938.0,1.0,1.0,0,0.0,4.0,0.7765239,-0.63008785,0.5,-0.8660254,2,0,0,1,3607.0,1,3973.0,1,7460.0,1,4302.0,1,3890.0,1,3543.0,1,4205.0,1,4278.0,4400.3994,4827.068,-366.0
274,2015-05-08,4025.0,1059.0,1.0,1.0,0,0.0,5.0,0.7765239,-0.63008785,0.5,-0.8660254,2,0,0,1,4149.0,1,3607.0,1,4347.0,1,6153.0,1,6681.0,1,3227.0,1,4180.0,1,3956.0,4299.84,4676.386,542.0
274,2015-05-09,3524.0,839.0,1.0,0.0,0,0.0,6.0,0.7765239,-0.63008785,0.5,-0.8660254,2,0,0,1,4025.0,1,4149.0,1,3973.0,1,9017.0,1,4561.0,1,3272.0,1,3475.0,1,3793.0,4189.904,4531.634,-124.0
274,2015-05-10,7142.0,1511.0,1.0,0.0,0,0.0,7.0,0.7765239,-0.63008785,0.5,-0.8660254,2,0,0,1,3524.0,1,4025.0,1,3607.0,1,4113.0,1,4205.0,1,4274.0,1,4190.0,1,3959.0,3923.5422,4307.715,-501.0
274,2015-05-11,4045.0,1091.0,1.0,0.0,0,0.0,1.0,0.696551,-0.71750724,0.5,-0.8660254,2,0,0,1,7142.0,1,3524.0,1,4149.0,1,7460.0,1,4302.0,1,3890.0,1,4429.0,1,4174.0,5210.9253,4937.556,3618.0
274,2015-05-12,3918.0,1054.0,1.0,0.0,0,0.0,2.0,0.696551,-0.71750724,0.5,-0.8660254,2,0,0,1,4045.0,1,7142.0,1,4025.0,1,4347.0,1,6153.0,1,6681.0,1,3702.0,1,3639.0,4744.555,4739.2104,-3097.0
274,2015-05-13,4570.0,1266.0,1.0,0.0,0,0.0,3.0,0.696551,-0.71750724,0.5,-0.8660254,2,0,0,1,3918.0,1,4045.0,1,3524.0,1,3973.0,1,9017.0,1,4561.0,1,7375.0,1,7412.0,4413.933,4556.719,-127.0
274,2015-05-14,7871.0,1670.0,1.0,0.0,1,0.0,4.0,0.696551,-0.71750724,0.5,-0.8660254,2,0,0,1,4570.0,1,3918.0,1,7142.0,1,3607.0,1,4113.0,1,4205.0,1,3775.0,1,3453.0,4476.36,4559.6704,652.0
274,2015-05-15,3849.0,1007.0,1.0,0.0,0,0.0,5.0,0.696551,-0.71750724,0.5,-0.8660254,2,0,0,1,7871.0,1,4570.0,1,4045.0,1,4149.0,1,7460.0,1,4302.0,1,3543.0,1,3314.0,5834.216,5295.5215,3301.0
274,2015-05-16,3705.0,920.0,1.0,0.0,0,0.0,6.0,0.696551,-0.71750724,0.5,-0.8660254,2,0,0,1,3849.0,1,7871.0,1,3918.0,1,4025.0,1,4347.0,1,6153.0,1,3227.0,1,3275.0,5040.1294,4974.0723,-4022.0
274,2015-05-17,7652.0,1681.0,1.0,0.0,0,0.0,7.0,0.696551,-0.71750724,0.5,-0.8660254,2,0,0,1,3705.0,1,3849.0,1,4570.0,1,3524.0,1,3973.0,1,9017.0,1,3272.0,1,3749.0,4506.0776,4692.056,-144.0
274,2015-05-18,4652.0,1143.0,1.0,1.0,0,0.0,1.0,0.60680014,-0.79485446,0.5,-0.8660254,2,0,0,1,7652.0,1,3705.0,1,7871.0,1,7142.0,1,3607.0,1,4113.0,1,4274.0,1,4371.0,5764.447,5349.8213,3947.0
274,2015-05-19,4045.0,1024.0,1.0,1.0,0,0.0,2.0,0.60680014,-0.79485446,0.5,-0.8660254,2,0,0,1,4652.0,1,7652.0,1,3849.0,1,4045.0,1,4149.0,1,7460.0,1,3890.0,1,4080.0,5319.468,5194.75,-3000.0
274,2015-05-20,3379.0,869.0,1.0,1.0,0,0.0,3.0,0.60680014,-0.79485446,0.5,-0.8660254,2,0,0,1,4045.0,1,4652.0,1,3705.0,1,3918.0,1,4025.0,1,4347.0,1,6681.0,1,6189.0,4809.6807,4939.25,-607.0
274,2015-05-21,3623.0,926.0,1.0,1.0,0,0.0,4.0,0.60680014,-0.79485446,0.5,-0.8660254,2,0,0,1,3379.0,1,4045.0,1,7652.0,1,4570.0,1,3524.0,1,3973.0,1,4561.0,1,4458.0,4237.4087,4592.528,-666.0
274,2015-05-22,4623.0,1172.0,1.0,1.0,0,0.0,5.0,0.60680014,-0.79485446,0.5,-0.8660254,2,0,0,1,3623.0,1,3379.0,1,4652.0,1,7871.0,1,7142.0,1,3607.0,1,4205.0,1,4644.0,3991.645,4377.077,244.0
274,2015-05-23,3542.0,839.0,1.0,0.0,0,0.0,6.0,0.60680014,-0.79485446,0.5,-0.8660254,2,0,0,1,4623.0,1,3623.0,1,4045.0,1,3849.0,1,4045.0,1,4149.0,1,4302.0,1,4493.0,4244.187,4431.7266,1000.0
274,2015-05-24,7166.0,1312.0,1.0,0.0,0,0.0,7.0,0.60680014,-0.79485446,0.5,-0.8660254,2,0,0,1,3542.0,1,4623.0,1,3379.0,1,3705.0,1,3918.0,1,4025.0,1,6153.0,1,5702.0,3963.3123,4234.01,-1081.0
274,2015-05-25,9466.0,1788.0,1.0,0.0,1,0.0,1.0,0.5085311,-0.86104363,0.5,-0.8660254,2,0,0,1,7166.0,1,3542.0,1,3623.0,1,7652.0,1,4570.0,1,3524.0,1,9017.0,1,9264.0,5244.387,4885.563,3624.0
274,2015-05-26,3961.0,1060.0,1.0,0.0,0,0.0,2.0,0.5085311,-0.86104363,0.5,-0.8660254,2,0,0,1,9466.0,1,7166.0,1,4623.0,1,4652.0,1,7871.0,1,7142.0,1,4113.0,1,4086.0,6933.032,5903.438,2300.0
274,2015-05-27,3568.0,973.0,1.0,0.0,0,0.0,3.0,0.5085311,-0.86104363,0.5,-0.8660254,2,0,0,1,3961.0,1,9466.0,1,3542.0,1,4045.0,1,3849.0,1,4045.0,1,7460.0,1,7141.0,5744.219,5471.785,-5505.0
274,2015-05-28,4132.0,1051.0,1.0,0.0,0,0.0,4.0,0.5085311,-0.86104363,0.5,-0.8660254,2,0,0,1,3568.0,1,3961.0,1,7166.0,1,3379.0,1,3705.0,1,3918.0,1,4347.0,1,8820.0,4873.7314,5048.7217,-393.0
274,2015-05-29,4882.0,1237.0,1.0,0.0,0,0.0,5.0,0.5085311,-0.86104363,0.5,-0.8660254,2,0,0,1,4132.0,1,3568.0,1,9466.0,1,3623.0,1,7652.0,1,4570.0,1,3973.0,1,3467.0,4577.039,4845.006,564.0
274,2015-05-30,3974.0,896.0,1.0,0.0,0,0.0,6.0,0.5085311,-0.86104363,0.5,-0.8660254,2,0,0,1,4882.0,1,4132.0,1,3961.0,1,4623.0,1,4652.0,1,7871.0,1,3607.0,1,2928.0,4699.0234,4853.2266,750.0
274,2015-05-31,7479.0,1582.0,1.0,0.0,0,0.0,7.0,0.5085311,-0.86104363,0.5,-0.8660254,2,0,1,1,3974.0,1,4882.0,1,3568.0,1,3542.0,1,4045.0,1,3849.0,1,4149.0,1,2932.0,4409.014,4657.843,-908.0
274,2015-06-01,4754.0,1107.0,1.0,1.0,0,0.0,1.0,0.40312344,-0.91514564,1.2246469e-16,-1.0,2,1,0,1,7479.0,1,3974.0,1,4132.0,1,7166.0,1,3379.0,1,3705.0,1,4025.0,1,3616.0,5637.0083,5284.7666,3505.0
274,2015-06-02,4173.0,1075.0,1.0,1.0,0,0.0,2.0,0.40312344,-0.91514564,1.2246469e-16,-1.0,2,0,0,1,4754.0,1,7479.0,1,4882.0,1,9466.0,1,3623.0,1,7652.0,1,3524.0,1,3431.0,5283.805,5166.819,-2725.0
274,2015-06-03,5015.0,1306.0,1.0,1.0,0,0.0,3.0,0.40312344,-0.91514564,1.2246469e-16,-1.0,2,0,0,1,4173.0,1,4754.0,1,3974.0,1,3961.0,1,4623.0,1,4652.0,1,7142.0,1,6703.0,4839.483,4945.97,-581.0
274,2015-06-04,8466.0,1801.0,1.0,1.0,1,0.0,4.0,0.40312344,-0.91514564,1.2246469e-16,-1.0,2,0,0,1,5015.0,1,4173.0,1,7479.0,1,3568.0,1,3542.0,1,4045.0,1,4045.0,1,4205.0,4909.69,4961.31,842.0
274,2015-06-05,4709.0,1290.0,1.0,1.0,0,0.0,5.0,0.40312344,-0.91514564,1.2246469e-16,-1.0,2,0,0,1,8466.0,1,5015.0,1,4754.0,1,4132.0,1,7166.0,1,3379.0,1,3918.0,1,4180.0,6332.214,5740.13,3451.0
274,2015-06-06,3888.0,970.0,1.0,0.0,0,0.0,6.0,0.40312344,-0.91514564,1.2246469e-16,-1.0,2,0,0,1,4709.0,1,8466.0,1,4173.0,1,4882.0,1,9466.0,1,3623.0,1,4570.0,1,3475.0,5682.928,5510.99,-3757.0
274,2015-06-07,7033.0,1652.0,1.0,0.0,0,0.0,7.0,0.40312344,-0.91514564,1.2246469e-16,-1.0,2,0,0,1,3888.0,1,4709.0,1,5015.0,1,3974.0,1,3961.0,1,4623.0,1,7871.0,1,4190.0,4964.957,5150.3257,-821.0
274,2015-06-08,4253.0,1112.0,1.0,0.0,0,0.0,1.0,0.29205677,-0.956401,1.2246469e-16,-1.0,2,0,0,1,7033.0,1,3888.0,1,8466.0,1,7479.0,1,3568.0,1,3542.0,1,3849.0,1,4429.0,5792.1743,5568.6978,3145.0
274,2015-06-09,3858.0,1007.0,1.0,0.0,0,0.0,2.0,0.29205677,-0.956401,1.2246469e-16,-1.0,2,0,0,1,4253.0,1,7033.0,1,4709.0,1,4754.0,1,4132.0,1,7166.0,1,3705.0,1,3702.0,5176.5044,5276.3203,-2780.0
274,2015-06-10,4267.0,1119.0,1.0,0.0,0,0.0,3.0,0.29205677,-0.956401,1.2246469e-16,-1.0,2,0,0,1,3858.0,1,4253.0,1,3888.0,1,4173.0,1,4882.0,1,9466.0,1,7652.0,1,7375.0,4649.1025,4961.138,-395.0
274,2015-06-11,4023.0,1161.0,1.0,0.0,0,0.0,4.0,0.29205677,-0.956401,1.2246469e-16,-1.0,2,0,0,1,4267.0,1,3858.0,1,7033.0,1,5015.0,1,3974.0,1,3961.0,1,4652.0,1,3775.0,4496.2617,4806.8853,409.0
274,2015-06-12,4841.0,1290.0,1.0,0.0,0,0.0,5.0,0.29205677,-0.956401,1.2246469e-16,-1.0,2,0,0,1,4023.0,1,4267.0,1,4253.0,1,8466.0,1,7479.0,1,3568.0,1,4045.0,1,3543.0,4306.957,4632.6885,-244.0
274,2015-06-13,3566.0,857.0,1.0,0.0,0,0.0,6.0,0.29205677,-0.956401,1.2246469e-16,-1.0,2,0,0,1,4841.0,1,4023.0,1,3858.0,1,4709.0,1,4754.0,1,4132.0,1,3379.0,1,3227.0,4520.574,4678.98,818.0
274,2015-06-14,7786.0,1577.0,1.0,0.0,0,0.0,7.0,0.29205677,-0.956401,1.2246469e-16,-1.0,2,0,0,1,3566.0,1,4841.0,1,4267.0,1,3888.0,1,4173.0,1,4882.0,1,3623.0,1,3272.0,4138.7446,4431.651,-1275.0
274,2015-06-15,5519.0,1244.0,1.0,1.0,0,0.0,1.0,0.17689027,-0.9842306,1.2246469e-16,-1.0,2,0,0,1,7786.0,1,3566.0,1,4023.0,1,7033.0,1,5015.0,1,3974.0,1,4623.0,1,4274.0,5597.6465,5177.062,4220.0
274,2015-06-16,5733.0,1187.0,1.0,1.0,0,0.0,2.0,0.17689027,-0.9842306,1.2246469e-16,-1.0,2,0,0,1,5519.0,1,7786.0,1,4841.0,1,4253.0,1,8466.0,1,7479.0,1,3542.0,1,3890.0,5566.188,5253.0483,-2267.0
274,2015-06-17,4833.0,1188.0,1.0,1.0,0,0.0,3.0,0.17689027,-0.9842306,1.2246469e-16,-1.0,2,0,0,1,5733.0,1,5519.0,1,3566.0,1,3858.0,1,4709.0,1,4754.0,1,7166.0,1,6681.0,5632.9126,5359.704,214.0
274,2015-06-18,5161.0,1220.0,1.0,1.0,0,0.0,4.0,0.17689027,-0.9842306,1.2246469e-16,-1.0,2,0,0,1,4833.0,1,5733.0,1,7786.0,1,4267.0,1,3888.0,1,4173.0,1,9466.0,1,4561.0,5312.9478,5242.6587,-900.0
274,2015-06-19,5619.0,1306.0,1.0,1.0,0,0.0,5.0,0.17689027,-0.9842306,1.2246469e-16,-1.0,2,0,0,1,5161.0,1,4833.0,1,5519.0,1,4023.0,1,7033.0,1,5015.0,1,3961.0,1,4205.0,5252.1685,5224.512,328.0
274,2015-06-20,4162.0,899.0,1.0,0.0,0,0.0,6.0,0.17689027,-0.9842306,1.2246469e-16,-1.0,2,0,0,1,5619.0,1,5161.0,1,5733.0,1,4841.0,1,4253.0,1,8466.0,1,3568.0,1,4302.0,5398.9014,5312.1763,458.0
274,2015-06-21,7308.0,1499.0,1.0,0.0,0,0.0,7.0,0.17689027,-0.9842306,1.2246469e-16,-1.0,2,0,0,1,4162.0,1,5619.0,1,4833.0,1,3566.0,1,3858.0,1,4709.0,1,4132.0,1,6153.0,4904.1406,5056.5815,-1457.0
274,2015-06-22,4602.0,1157.0,1.0,0.0,0,0.0,1.0,0.059240628,-0.99824375,1.2246469e-16,-1.0,2,0,0,1,7308.0,1,4162.0,1,5161.0,1,7786.0,1,4267.0,1,3888.0,1,4882.0,1,9017.0,5865.6846,5556.897,3146.0
274,2015-06-23,4911.0,1150.0,1.0,0.0,0,0.0,2.0,0.059240628,-0.99824375,1.2246469e-16,-1.0,2,0,0,1,4602.0,1,7308.0,1,5619.0,1,5519.0,1,4023.0,1,7033.0,1,3974.0,1,4113.0,5360.2104,5344.6973,-2706.0
274,2015-06-24,5023.0,1184.0,1.0,0.0,0,0.0,3.0,0.059240628,-0.99824375,1.2246469e-16,-1.0,2,0,0,1,4911.0,1,4602.0,1,4162.0,1,5733.0,1,4841.0,1,4253.0,1,7479.0,1,7460.0,5180.5264,5248.3203,309.0
274,2015-06-25,4625.0,1144.0,1.0,0.0,0,0.0,4.0,0.059240628,-0.99824375,1.2246469e-16,-1.0,2,0,0,1,5023.0,1,4911.0,1,7308.0,1,4833.0,1,3566.0,1,3858.0,1,4754.0,1,4347.0,5117.5156,5198.249,112.0
274,2015-06-26,5664.0,1380.0,1.0,0.0,0,0.0,5.0,0.059240628,-0.99824375,1.2246469e-16,-1.0,2,0,0,1,4625.0,1,5023.0,1,4602.0,1,5161.0,1,7786.0,1,4267.0,1,4173.0,1,3973.0,4920.5093,5070.8604,-398.0
274,2015-06-27,4589.0,964.0,1.0,0.0,0,0.0,6.0,0.059240628,-0.99824375,1.2246469e-16,-1.0,2,0,0,1,5664.0,1,4625.0,1,4911.0,1,5619.0,1,5519.0,1,4023.0,1,5015.0,1,3607.0,5217.906,5202.6694,1039.0
274,2015-06-28,7872.0,1579.0,1.0,0.0,0,0.0,7.0,0.059240628,-0.99824375,1.2246469e-16,-1.0,2,0,0,1,4589.0,1,5664.0,1,5023.0,1,4162.0,1,5733.0,1,4841.0,1,8466.0,1,4149.0,4966.3433,5066.2983,-1075.0
274,2015-06-29,7625.0,1406.0,1.0,1.0,0,0.0,1.0,-0.059240628,-0.99824375,1.2246469e-16,-1.0,2,0,0,1,7872.0,1,4589.0,1,4625.0,1,7308.0,1,4833.0,1,3566.0,1,4709.0,1,4025.0,6128.606,5689.7876,3283.0
274,2015-06-30,7723.0,1482.0,1.0,1.0,0,0.0,2.0,-0.059240628,-0.99824375,1.2246469e-16,-1.0,2,0,1,1,7625.0,1,7872.0,1,5664.0,1,4602.0,1,5161.0,1,7786.0,1,3888.0,1,3524.0,6727.1636,6119.835,-247.0
274,2015-07-01,6549.0,1371.0,1.0,1.0,0,0.0,3.0,-0.059240628,-0.99824375,-0.5,-0.8660254,3,1,0,1,7723.0,1,7625.0,1,4589.0,1,4911.0,1,5619.0,1,5519.0,1,7033.0,1,7142.0,7125.498,6476.0938,98.0
274,2015-07-02,6210.0,1529.0,1.0,1.0,0,0.0,4.0,-0.059240628,-0.99824375,-0.5,-0.8660254,3,0,0,1,6549.0,1,7723.0,1,7872.0,1,5023.0,1,4162.0,1,5733.0,1,4253.0,1,4045.0,6894.899,6492.295,-1174.0
274,2015-07-03,6713.0,1629.0,1.0,1.0,0,0.0,5.0,-0.059240628,-0.99824375,-0.5,-0.8660254,3,0,0,1,6210.0,1,6549.0,1,7625.0,1,4625.0,1,7308.0,1,4833.0,1,3858.0,1,3918.0,6620.9395,6429.563,-339.0
274,2015-07-04,4690.0,1221.0,1.0,0.0,0,0.0,6.0,-0.059240628,-0.99824375,-0.5,-0.8660254,3,0,0,1,6713.0,1,6210.0,1,7723.0,1,5664.0,1,4602.0,1,5161.0,1,4267.0,1,4570.0,6657.7637,6492.549,503.0
274,2015-07-05,7318.0,1678.0,1.0,0.0,0,0.0,7.0,-0.059240628,-0.99824375,-0.5,-0.8660254,3,0,0,1,4690.0,1,6713.0,1,6549.0,1,4589.0,1,4911.0,1,5619.0,1,4023.0,1,7871.0,5870.658,6091.9824,-2023.0
274,2015-07-06,5921.0,1424.0,1.0,0.0,0,0.0,1.0,-0.17689027,-0.9842306,-0.5,-0.8660254,3,0,0,1,7318.0,1,4690.0,1,6210.0,1,7872.0,1,5023.0,1,4162.0,1,4841.0,1,3849.0,6449.5947,6364.4307,2628.0
274,2015-07-07,5333.0,1265.0,1.0,0.0,0,0.0,2.0,-0.17689027,-0.9842306,-0.5,-0.8660254,3,0,0,1,5921.0,1,7318.0,1,6713.0,1,7625.0,1,4625.0,1,7308.0,1,3566.0,1,3705.0,6238.1567,6265.8906,-1397.0
274,2015-07-08,4857.0,1134.0,1.0,0.0,0,0.0,3.0,-0.17689027,-0.9842306,-0.5,-0.8660254,3,0,0,1,5333.0,1,5921.0,1,4690.0,1,7723.0,1,5664.0,1,4602.0,1,7786.0,1,7652.0,5876.094,6058.5815,-588.0
274,2015-07-09,5254.0,1242.0,1.0,0.0,0,0.0,4.0,-0.17689027,-0.9842306,-0.5,-0.8660254,3,0,0,1,4857.0,1,5333.0,1,7318.0,1,6549.0,1,4589.0,1,4911.0,1,5519.0,1,4652.0,5468.4565,5791.5635,-476.0
274,2015-07-10,5873.0,1354.0,1.0,0.0,0,0.0,5.0,-0.17689027,-0.9842306,-0.5,-0.8660254,3,0,0,1,5254.0,1,4857.0,1,5921.0,1,6210.0,1,7872.0,1,5023.0,1,5733.0,1,4045.0,5382.674,5672.105,397.0
274,2015-07-11,4487.0,1061.0,1.0,0.0,0,0.0,6.0,-0.17689027,-0.9842306,-0.5,-0.8660254,3,0,0,1,5873.0,1,5254.0,1,5333.0,1,6713.0,1,7625.0,1,4625.0,1,4833.0,1,3379.0,5578.804,5716.748,619.0
274,2015-07-12,7587.0,1567.0,1.0,0.0,0,0.0,7.0,-0.17689027,-0.9842306,-0.5,-0.8660254,3,0,0,1,4487.0,1,5873.0,1,4857.0,1,4690.0,1,7723.0,1,5664.0,1,5161.0,1,3623.0,5142.0825,5443.4707,-1386.0
274,2015-07-13,6605.0,1312.0,1.0,1.0,0,0.0,1.0,-0.29205677,-0.956401,-0.5,-0.8660254,3,0,0,1,7587.0,1,4487.0,1,5254.0,1,7318.0,1,6549.0,1,4589.0,1,5619.0,1,4623.0,6120.05,5919.8105,3100.0
274,2015-07-14,5930.0,1226.0,1.0,1.0,0,0.0,2.0,-0.29205677,-0.956401,-0.5,-0.8660254,3,0,0,1,6605.0,1,7587.0,1,5873.0,1,5921.0,1,6210.0,1,7872.0,1,4162.0,1,3542.0,6314.03,6072.075,-982.0
274,2015-07-15,5752.0,1263.0,1.0,1.0,0,0.0,3.0,-0.29205677,-0.956401,-0.5,-0.8660254,3,0,0,1,5930.0,1,6605.0,1,4487.0,1,5333.0,1,6713.0,1,7625.0,1,7308.0,1,7166.0,6160.418,6040.503,-675.0
274,2015-07-16,5931.0,1280.0,1.0,1.0,0,0.0,4.0,-0.29205677,-0.956401,-0.5,-0.8660254,3,0,0,1,5752.0,1,5930.0,1,7587.0,1,4857.0,1,4690.0,1,7723.0,1,4602.0,1,9466.0,5997.051,5976.391,-178.0
274,2015-07-17,6017.0,1477.0,1.0,1.0,0,0.0,5.0,-0.29205677,-0.956401,-0.5,-0.8660254,3,0,0,1,5931.0,1,5752.0,1,6605.0,1,5254.0,1,7318.0,1,6549.0,1,4911.0,1,3961.0,5970.6304,5966.304,179.0
274,2015-07-18,5087.0,1118.0,1.0,0.0,0,0.0,6.0,-0.29205677,-0.956401,-0.5,-0.8660254,3,0,0,1,6017.0,1,5931.0,1,5930.0,1,5873.0,1,5921.0,1,6210.0,1,5023.0,1,3568.0,5989.178,5977.57,86.0
274,2015-07-19,8095.0,1687.0,1.0,0.0,0,0.0,7.0,-0.29205677,-0.956401,-0.5,-0.8660254,3,0,0,1,5087.0,1,6017.0,1,5752.0,1,4487.0,1,5333.0,1,6713.0,1,4625.0,1,4132.0,5628.307,5779.6655,-930.0
274,2015-07-20,5502.0,1253.0,1.0,0.0,0,0.0,1.0,-0.40312344,-0.91514564,-0.5,-0.8660254,3,0,0,1,8095.0,1,5087.0,1,5931.0,1,7587.0,1,4857.0,1,4690.0,1,5664.0,1,4882.0,6614.9844,6294.184,3008.0
274,2015-07-21,4925.0,1205.0,1.0,0.0,0,0.0,2.0,-0.40312344,-0.91514564,-0.5,-0.8660254,3,0,0,1,5502.0,1,8095.0,1,6017.0,1,6605.0,1,5254.0,1,7318.0,1,4589.0,1,3974.0,6169.7905,6118.143,-2593.0
274,2015-07-22,5377.0,1266.0,1.0,0.0,0,0.0,3.0,-0.40312344,-0.91514564,-0.5,-0.8660254,3,0,0,1,4925.0,1,5502.0,1,5087.0,1,5930.0,1,5873.0,1,5921.0,1,7872.0,1,7479.0,5671.8745,5853.0005,-577.0
274,2015-07-23,5725.0,1260.0,1.0,0.0,0,0.0,4.0,-0.40312344,-0.91514564,-0.5,-0.8660254,3,0,0,1,5377.0,1,4925.0,1,8095.0,1,5752.0,1,4487.0,1,5333.0,1,7625.0,1,4754.0,5553.925,5747.2227,452.0
274,2015-07-24,5912.0,1341.0,1.0,0.0,0,0.0,5.0,-0.40312344,-0.91514564,-0.5,-0.8660254,3,0,0,1,5725.0,1,5377.0,1,5502.0,1,5931.0,1,7587.0,1,4857.0,1,7723.0,1,4173.0,5622.355,5742.284,348.0
274,2015-07-25,4789.0,1049.0,1.0,0.0,0,0.0,6.0,-0.40312344,-0.91514564,-0.5,-0.8660254,3,0,0,1,5912.0,1,5725.0,1,4925.0,1,6017.0,1,6605.0,1,5254.0,1,6549.0,1,5015.0,5738.213,5779.999,187.0
274,2015-07-26,7750.0,1608.0,1.0,0.0,0,0.0,7.0,-0.40312344,-0.91514564,-0.5,-0.8660254,3,0,0,1,4789.0,1,5912.0,1,5377.0,1,5087.0,1,5930.0,1,5873.0,1,6210.0,1,8466.0,5358.528,5559.777,-1123.0
274,2015-07-27,5927.0,1198.0,1.0,1.0,0,1.0,1.0,-0.5085311,-0.86104363,-0.5,-0.8660254,3,0,0,1,7750.0,1,4789.0,1,5725.0,1,8095.0,1,5752.0,1,4487.0,1,6713.0,1,4709.0,6315.1167,6046.493,2961.0
274,2015-07-28,5428.0,1131.0,1.0,1.0,0,1.0,2.0,-0.5085311,-0.86104363,-0.5,-0.8660254,3,0,0,1,5927.0,1,7750.0,1,5912.0,1,5502.0,1,5931.0,1,7587.0,1,4690.0,1,3888.0,6159.87,6019.939,-1823.0
274,2015-07-29,5505.0,1117.0,1.0,1.0,0,1.0,3.0,-0.5085311,-0.86104363,-0.5,-0.8660254,3,0,0,1,5428.0,1,5927.0,1,4789.0,1,4925.0,1,6017.0,1,6605.0,1,7318.0,1,7033.0,5867.122,5888.397,-499.0
274,2015-07-30,5625.0,1158.0,1.0,1.0,0,1.0,4.0,-0.5085311,-0.86104363,-0.5,-0.8660254,3,0,0,1,5505.0,1,5428.0,1,7750.0,1,5377.0,1,5087.0,1,5930.0,1,5921.0,1,4253.0,5722.273,5803.1978,77.0
274,2015-07-31,6975.0,1374.0,1.0,1.0,0,1.0,5.0,-0.5085311,-0.86104363,-0.5,-0.8660254,3,0,1,1,5625.0,1,5505.0,1,5927.0,1,5725.0,1,8095.0,1,5752.0,1,5333.0,1,3858.0,5683.364,5763.598,120.0
