id,timestamp,target,Customers,Open,Promo,StateHoliday,SchoolHoliday,DayOfWeek,week_sin,week_cos,month_sin,month_cos,quarter,is_month_start,is_month_end,lag_1_known,lag_1,lag_2_known,lag_2,lag_4_known,lag_4,lag_8_known,lag_8,lag_12_known,lag_12,lag_16_known,lag_16,lag_24_known,lag_24,lag_52_known,lag_52,ema_4,ema_8,chg_1
680,2013-01-01,0.0,0.0,0.0,0.0,1,1.0,2.0,0.11827317,0.9929811,0.5,0.8660254,1,1,0,0,0.0,0,0.0,0,0.0,0,0.0,0,0.0,0,0.0,0,0.0,0,0.0,0.0,0.0,0.0
680,2013-01-02,5459.0,957.0,1.0,0.0,0,1.0,3.0,0.11827317,0.9929811,0.5,0.8660254,1,0,0,1,0.0,0,0.0,0,0.0,0,0.0,0,0.0,0,0.0,0,0.0,0,0.0,0.0,0.0,0.0
680,2013-01-03,4793.0,844.0,1.0,0.0,0,1.0,4.0,0.11827317,0.9929811,0.5,0.8660254,1,0,0,1,5459.0,1,0.0,0,0.0,0,0.0,0,0.0,0,0.0,0,0.0,0,0.0,2183.6,1213.1111,5459.0
680,2013-01-04,5298.0,872.0,1.0,0.0,0,1.0,5.0,0.11827317,0.9929811,0.5,0.8660254,1,0,0,1,4793.0,1,5459.0,0,0.0,0,0.0,0,0.0,0,0.0,0,0.0,0,0.0,3227.36,2008.642,-666.0
680,2013-01-05,6163.0,974.0,1.0,0.0,0,0.0,6.0,0.11827317,0.9929811,0.5,0.8660254,1,0,0,1,5298.0,1,4793.0,1,0.0,0,0.0,0,0.0,0,0.0,0,0.0,0,0.0,4055.616,2739.6104,505.0
680,2013-01-06,0.0,0.0,0.0,0.0,0,0.0,7.0,0.11827317,0.9929811,0.5,0.8660254,1,0,0,1,6163.0,1,5298.0,1,5459.0,0,0.0,0,0.0,0,0.0,0,0.0,0,0.0,4898.57,3500.3638,865.0
680,2013-01-07,5827.0,878.0,1.0,1.0,0,0.0,1.0,0.23488605,0.9720229,0.5,0.8660254,1,0,0,1,0.0,1,6163.0,1,4793.0,0,0.0,0,0.0,0,0.0,0,0.0,0,0.0,2939.1418,2722.5051,-6163.0
680,2013-01-08,5510.0,813.0,1.0,1.0,0,0.0,2.0,0.23488605,0.9720229,0.5,0.8660254,1,0,0,1,5827.0,1,0.0,1,5298.0,0,0.0,0,0.0,0,0.0,0,0.0,0,0.0,4094.2852,3412.3928,5827.0
680,2013-01-09,5358.0,764.0,1.0,1.0,0,0.0,3.0,0.23488605,0.9720229,0.5,0.8660254,1,0,0,1,5510.0,1,5827.0,1,6163.0,1,0.0,0,0.0,0,0.0,0,0.0,0,0.0,4660.571,3878.5278,-317.0
680,2013-01-10,4716.0,747.0,1.0,1.0,0,0.0,4.0,0.23488605,0.9720229,0.5,0.8660254,1,0,0,1,5358.0,1,5510.0,1,0.0,1,5459.0,0,0.0,0,0.0,0,0.0,0,0.0,4939.5425,4207.2993,-152.0
680,2013-01-11,4669.0,803.0,1.0,1.0,0,0.0,5.0,0.23488605,0.9720229,0.5,0.8660254,1,0,0,1,4716.0,1,5358.0,1,5827.0,1,4793.0,0,0.0,0,0.0,0,0.0,0,0.0,4850.1255,4320.3438,-642.0
680,2013-01-12,5839.0,930.0,1.0,0.0,0,0.0,6.0,0.23488605,0.9720229,0.5,0.8660254,1,0,0,1,4669.0,1,4716.0,1,5510.0,1,5298.0,0,0.0,0,0.0,0,0.0,0,0.0,4777.6753,4397.823,-47.0
680,2013-01-13,0.0,0.0,0.0,0.0,0,0.0,7.0,0.23488605,0.9720229,0.5,0.8660254,1,0,0,1,5839.0,1,4669.0,1,5358.0,1,6163.0,1,0.0,0,0.0,0,0.0,0,0.0,5202.205,4718.0845,1170.0
680,2013-01-14,3640.0,677.0,1.0,0.0,0,0.0,1.0,0.34820163,0.93741965,0.5,0.8660254,1,0,0,1,0.0,1,5839.0,1,4716.0,1,0.0,1,5459.0,0,0.0,0,0.0,0,0.0,3121.3232,3669.6213,-5839.0
680,2013-01-15,3643.0,674.0,1.0,0.0,0,0.0,2.0,0.34820163,0.93741965,0.5,0.8660254,1,0,0,1,3640.0,1,0.0,1,4669.0,1,5827.0,1,4793.0,0,0.0,0,0.0,0,0.0,3328.794,3663.0388,3640.0
680,2013-01-16,4228.0,704.0,1.0,0.0,0,0.0,3.0,0.34820163,0.93741965,0.5,0.8660254,1,0,0,1,3643.0,1,3640.0,1,5839.0,1,5510.0,1,5298.0,0,0.0,0,0.0,0,0.0,3454.4763,3658.5857,3.0
680,2013-01-17,3765.0,690.0,1.0,0.0,0,0.0,4.0,0.34820163,0.93741965,0.5,0.8660254,1,0,0,1,4228.0,1,3643.0,1,0.0,1,5358.0,1,6163.0,1,0.0,0,0.0,0,0.0,3763.8857,3785.1223,585.0
680,2013-01-18,4110.0,705.0,1.0,0.0,0,0.0,5.0,0.34820163,0.93741965,0.5,0.8660254,1,0,0,1,3765.0,1,4228.0,1,3640.0,1,4716.0,1,0.0,1,5459.0,0,0.0,0,0.0,3764.3315,3780.6506,-463.0
680,2013-01-19,6136.0,911.0,1.0,0.0,0,0.0,6.0,0.34820163,0.93741965,0.5,0.8660254,1,0,0,1,4110.0,1,3765.0,1,3643.0,1,4669.0,1,5827.0,1,4793.0,0,0.0,0,0.0,3902.5989,3853.8394,345.0
680,2013-01-20,0.0,0.0,0.0,0.0,0,0.0,7.0,0.34820163,0.93741965,0.5,0.8660254,1,0,0,1,6136.0,1,4110.0,1,4228.0,1,5839.0,1,5510.0,1,5298.0,0,0.0,0,0.0,4795.9595,4360.9863,2026.0
680,2013-01-21,5128.0,800.0,1.0,1.0,0,0.0,1.0,0.45662925,0.8896571,0.5,0.8660254,1,0,0,1,0.0,1,6136.0,1,3765.0,1,0.0,1,5358.0,1,6163.0,0,0.0,0,0.0,2877.5757,3391.8782,-6136.0
680,2013-01-22,5146.0,775.0,1.0,1.0,0,0.0,2.0,0.45662925,0.8896571,0.5,0.8660254,1,0,0,1,5128.0,1,0.0,1,4110.0,1,3640.0,1,4716.0,1,0.0,0,0.0,0,0.0,3777.7454,3777.683,5128.0
680,2013-01-23,4827.0,756.0,1.0,1.0,0,0.0,3.0,0.45662925,0.8896571,0.5,0.8660254,1,0,0,1,5146.0,1,5128.0,1,6136.0,1,3643.0,1,4669.0,1,5827.0,0,0.0,0,0.0,4325.0474,4081.7534,18.0
680,2013-01-24,4384.0,713.0,1.0,1.0,0,0.0,4.0,0.45662925,0.8896571,0.5,0.8660254,1,0,0,1,4827.0,1,5146.0,1,0.0,1,4228.0,1,5839.0,1,5510.0,0,0.0,0,0.0,4525.828,4247.364,-319.0
680,2013-01-25,4712.0,779.0,1.0,1.0,0,0.0,5.0,0.45662925,0.8896571,0.5,0.8660254,1,0,0,1,4384.0,1,4827.0,1,5128.0,1,3765.0,1,0.0,1,5358.0,1,0.0,0,0.0,4469.097,4277.7275,-443.0
680,2013-01-26,6002.0,986.0,1.0,0.0,0,0.0,6.0,0.45662925,0.8896571,0.5,0.8660254,1,0,0,1,4712.0,1,4384.0,1,5146.0,1,4110.0,1,3640.0,1,4716.0,1,5459.0,0,0.0,4566.2583,4374.2324,328.0
680,2013-01-27,0.0,0.0,0.0,0.0,0,0.0,7.0,0.45662925,0.8896571,0.5,0.8660254,1,0,0,1,6002.0,1,4712.0,1,4827.0,1,6136.0,1,3643.0,1,4669.0,1,4793.0,0,0.0,5140.5547,4735.9585,1290.0
680,2013-01-28,4267.0,749.0,1.0,0.0,0,0.0,1.0,0.55864674,0.82940567,0.5,0.8660254,1,0,0,1,0.0,1,6002.0,1,4384.0,1,0.0,1,4228.0,1,5839.0,1,5298.0,0,0.0,3084.333,3683.5232,-6002.0
680,2013-01-29,3601.0,686.0,1.0,0.0,0,0.0,2.0,0.55864674,0.82940567,0.5,0.8660254,1,0,0,1,4267.0,1,0.0,1,4712.0,1,5128.0,1,3765.0,1,0.0,1,6163.0,0,0.0,3557.3997,3813.1848,4267.0
680,2013-01-30,3570.0,664.0,1.0,0.0,0,0.0,3.0,0.55864674,0.82940567,0.5,0.8660254,1,0,0,1,3601.0,1,4267.0,1,6002.0,1,5146.0,1,4110.0,1,3640.0,1,0.0,0,0.0,3574.8398,3766.0327,-666.0
680,2013-01-31,4836.0,822.0,1.0,0.0,0,0.0,4.0,0.55864674,0.82940567,0.5,0.8660254,1,0,1,1,3570.0,1,3601.0,1,0.0,1,4827.0,1,6136.0,1,3643.0,1,5827.0,0,0.0,3572.9038,3722.4697,-31.0
680,2013-02-01,5680.0,871.0,1.0,0.0,0,0.0,5.0,0.55864674,0.82940567,0.8660254,0.5,1,1,0,1,4836.0,1,3570.0,1,4267.0,1,4384.0,1,0.0,1,4228.0,1,5510.0,0,0.0,4078.1423,3969.921,1266.0
680,2013-02-02,7086.0,1072.0,1.0,0.0,0,0.0,6.0,0.55864674,0.82940567,0.8660254,0.5,1,0,0,1,5680.0,1,4836.0,1,3601.0,1,4712.0,1,5128.0,1,3765.0,1,5358.0,0,0.0,4718.8853,4349.9385,844.0
680,2013-02-03,0.0,0.0,0.0,0.0,0,0.0,7.0,0.55864674,0.82940567,0.8660254,0.5,1,0,0,1,7086.0,1,5680.0,1,3570.0,1,6002.0,1,5146.0,1,4110.0,1,4716.0,0,0.0,5665.7314,4957.952,1406.0
680,2013-02-04,6277.0,918.0,1.0,1.0,0,0.0,1.0,0.65282214,0.75751126,0.8660254,0.5,1,0,0,1,0.0,1,7086.0,1,4836.0,1,0.0,1,4827.0,1,6136.0,1,4669.0,0,0.0,3399.4387,3856.185,-7086.0
680,2013-02-05,5701.0,835.0,1.0,1.0,0,0.0,2.0,0.65282214,0.75751126,0.8660254,0.5,1,0,0,1,6277.0,1,0.0,1,5680.0,1,4267.0,1,4384.0,1,0.0,1,5839.0,0,0.0,4550.4634,4394.144,6277.0
680,2013-02-06,5156.0,771.0,1.0,1.0,0,0.0,3.0,0.65282214,0.75751126,0.8660254,0.5,1,0,0,1,5701.0,1,6277.0,1,7086.0,1,3601.0,1,4712.0,1,5128.0,1,0.0,0,0.0,5010.6777,4684.556,-576.0
680,2013-02-07,4805.0,780.0,1.0,1.0,0,0.0,4.0,0.65282214,0.75751126,0.8660254,0.5,1,0,0,1,5156.0,1,5701.0,1,0.0,1,3570.0,1,6002.0,1,5146.0,1,3640.0,0,0.0,5068.8066,4789.322,-545.0
680,2013-02-08,5301.0,830.0,1.0,1.0,0,0.0,5.0,0.65282214,0.75751126,0.8660254,0.5,1,0,0,1,4805.0,1,5156.0,1,6277.0,1,4836.0,1,0.0,1,4827.0,1,3643.0,0,0.0,4963.284,4792.8057,-351.0
680,2013-02-09,6506.0,984.0,1.0,0.0,0,0.0,6.0,0.65282214,0.75751126,0.8660254,0.5,1,0,0,1,5301.0,1,4805.0,1,5701.0,1,5680.0,1,4267.0,1,4384.0,1,4228.0,0,0.0,5098.3706,4905.738,496.0
680,2013-02-10,0.0,0.0,0.0,0.0,0,0.0,7.0,0.65282214,0.75751126,0.8660254,0.5,1,0,0,1,6506.0,1,5301.0,1,5156.0,1,7086.0,1,3601.0,1,4712.0,1,3765.0,0,0.0,5661.4224,5261.3516,1205.0
680,2013-02-11,5319.0,839.0,1.0,0.0,0,0.0,1.0,0.73783326,0.674983,0.8660254,0.5,1,0,0,1,0.0,1,6506.0,1,4805.0,1,0.0,1,3570.0,1,6002.0,1,4110.0,0,0.0,3396.8533,4092.1624,-6506.0
680,2013-02-12,4276.0,749.0,1.0,0.0,0,0.0,2.0,0.73783326,0.674983,0.8660254,0.5,1,0,0,1,5319.0,1,0.0,1,5301.0,1,6277.0,1,4836.0,1,0.0,1,6136.0,0,0.0,4165.712,4364.793,5319.0
680,2013-02-13,4796.0,803.0,1.0,0.0,0,0.0,3.0,0.73783326,0.674983,0.8660254,0.5,1,0,0,1,4276.0,1,5319.0,1,6506.0,1,5701.0,1,5680.0,1,4267.0,1,0.0,0,0.0,4209.827,4345.061,-1043.0
680,2013-02-14,5079.0,817.0,1.0,0.0,0,0.0,4.0,0.73783326,0.674983,0.8660254,0.5,1,0,0,1,4796.0,1,4276.0,1,0.0,1,5156.0,1,7086.0,1,3601.0,1,5128.0,0,0.0,4444.2964,4445.27,520.0
680,2013-02-15,4775.0,770.0,1.0,0.0,0,0.0,5.0,0.73783326,0.674983,0.8660254,0.5,1,0,0,1,5079.0,1,4796.0,1,5319.0,1,4805.0,1,0.0,1,3570.0,1,5146.0,0,0.0,4698.1777,4586.0986,283.0
680,2013-02-16,5925.0,946.0,1.0,0.0,0,0.0,6.0,0.73783326,0.674983,0.8660254,0.5,1,0,0,1,4775.0,1,5079.0,1,4276.0,1,5301.0,1,6277.0,1,4836.0,1,4827.0,0,0.0,4728.9067,4628.0767,-304.0
680,2013-02-17,0.0,0.0,0.0,0.0,0,0.0,7.0,0.73783326,0.674983,0.8660254,0.5,1,0,0,1,5925.0,1,4775.0,1,4796.0,1,6506.0,1,5701.0,1,5680.0,1,4384.0,0,0.0,5207.344,4916.2817,1150.0
680,2013-02-18,5574.0,840.0,1.0,1.0,0,0.0,1.0,0.8124869,0.5829795,0.8660254,0.5,1,0,0,1,0.0,1,5925.0,1,5079.0,1,0.0,1,5156.0,1,7086.0,1,4712.0,0,0.0,3124.4065,3823.775,-5925.0
680,2013-02-19,4903.0,748.0,1.0,1.0,0,0.0,2.0,0.8124869,0.5829795,0.8660254,0.5,1,0,0,1,5574.0,1,0.0,1,4775.0,1,5319.0,1,4805.0,1,0.0,1,6002.0,0,0.0,4104.2437,4212.714,5574.0
680,2013-02-20,5021.0,747.0,1.0,1.0,0,0.0,3.0,0.8124869,0.5829795,0.8660254,0.5,1,0,0,1,4903.0,1,5574.0,1,5925.0,1,4276.0,1,5301.0,1,6277.0,1,0.0,0,0.0,4423.746,4366.111,-671.0
680,2013-02-21,4216.0,709.0,1.0,1.0,0,0.0,4.0,0.8124869,0.5829795,0.8660254,0.5,1,0,0,1,5021.0,1,4903.0,1,0.0,1,4796.0,1,6506.0,1,5701.0,1,4267.0,0,0.0,4662.648,4511.6416,118.0
680,2013-02-22,5329.0,821.0,1.0,1.0,0,0.0,5.0,0.8124869,0.5829795,0.8660254,0.5,1,0,0,1,4216.0,1,5021.0,1,5574.0,1,5079.0,1,0.0,1,5156.0,1,3601.0,1,0.0,4483.989,4445.9434,-805.0
680,2013-02-23,5820.0,893.0,1.0,0.0,0,0.0,6.0,0.8124869,0.5829795,0.8660254,0.5,1,0,0,1,5329.0,1,4216.0,1,4903.0,1,4775.0,1,5319.0,1,4805.0,1,3570.0,1,5459.0,4821.993,4642.178,1113.0
680,2013-02-24,0.0,0.0,0.0,0.0,0,0.0,7.0,0.8124869,0.5829795,0.8660254,0.5,1,0,0,1,5820.0,1,5329.0,1,5021.0,1,5925.0,1,4276.0,1,5301.0,1,4836.0,1,4793.0,5221.196,4903.9165,491.0
680,2013-02-25,3491.0,619.0,1.0,0.0,0,0.0,1.0,0.8757349,0.4827922,0.8660254,0.5,1,0,0,1,0.0,1,5820.0,1,4216.0,1,0.0,1,4796.0,1,6506.0,1,5680.0,1,5298.0,3132.7175,3814.1572,-5820.0
680,2013-02-26,3262.0,587.0,1.0,0.0,0,0.0,2.0,0.8757349,0.4827922,0.8660254,0.5,1,0,0,1,3491.0,1,0.0,1,5329.0,1,5574.0,1,5079.0,1,0.0,1,7086.0,1,6163.0,3276.0305,3742.3445,3491.0
680,2013-02-27,4350.0,697.0,1.0,0.0,0,0.0,3.0,0.8757349,0.4827922,0.8660254,0.5,1,0,0,1,3262.0,1,3491.0,1,5820.0,1,4903.0,1,4775.0,1,5319.0,1,0.0,1,0.0,3270.4182,3635.6013,-229.0
680,2013-02-28,5487.0,789.0,1.0,0.0,0,0.0,4.0,0.8757349,0.4827922,0.8660254,0.5,1,0,1,1,4350.0,1,3262.0,1,0.0,1,5021.0,1,5925.0,1,4276.0,1,6277.0,1,5827.0,3702.251,3794.3564,1088.0
680,2013-03-01,5618.0,871.0,1.0,0.0,0,0.0,5.0,0.8757349,0.4827922,1.0,6.123234e-17,1,1,0,1,5487.0,1,4350.0,1,3491.0,1,4216.0,1,0.0,1,4796.0,1,5701.0,1,5510.0,4416.1504,4170.4995,1137.0
680,2013-03-02,6958.0,1096.0,1.0,0.0,0,0.0,6.0,0.8757349,0.4827922,1.0,6.123234e-17,1,0,0,1,5618.0,1,5487.0,1,3262.0,1,5329.0,1,5574.0,1,5079.0,1,5156.0,1,5358.0,4896.89,4492.1665,131.0
680,2013-03-03,0.0,0.0,0.0,0.0,0,0.0,7.0,0.8757349,0.4827922,1.0,6.123234e-17,1,0,0,1,6958.0,1,5618.0,1,4350.0,1,5820.0,1,4903.0,1,4775.0,1,4805.0,1,4716.0,5721.334,5040.1294,1340.0
680,2013-03-04,5957.0,878.0,1.0,1.0,0,0.0,1.0,0.9266896,0.37582758,1.0,6.123234e-17,1,0,0,1,0.0,1,6958.0,1,5487.0,1,0.0,1,5021.0,1,5925.0,1,5301.0,1,4669.0,3432.8005,3920.1006,-6958.0
680,2013-03-05,5170.0,778.0,1.0,1.0,0,0.0,2.0,0.9266896,0.37582758,1.0,6.123234e-17,1,0,0,1,5957.0,1,0.0,1,5618.0,1,3491.0,1,4216.0,1,0.0,1,6506.0,1,5839.0,4442.4805,4372.745,5957.0
680,2013-03-06,4657.0,778.0,1.0,1.0,0,0.0,3.0,0.9266896,0.37582758,1.0,6.123234e-17,1,0,0,1,5170.0,1,5957.0,1,6958.0,1,3262.0,1,5329.0,1,5574.0,1,0.0,1,0.0,4733.4883,4549.9126,-787.0
680,2013-03-07,5258.0,795.0,1.0,1.0,0,0.0,4.0,0.9266896,0.37582758,1.0,6.123234e-17,1,0,0,1,4657.0,1,5170.0,1,0.0,1,4350.0,1,5820.0,1,4903.0,1,5319.0,1,3640.0,4702.893,4573.71,-513.0
680,2013-03-08,5431.0,852.0,1.0,1.0,0,0.0,5.0,0.9266896,0.37582758,1.0,6.123234e-17,1,0,0,1,5258.0,1,4657.0,1,5957.0,1,5487.0,1,0.0,1,5021.0,1,4276.0,1,3643.0,4924.9355,4725.7744,601.0
680,2013-03-09,6290.0,1026.0,1.0,0.0,0,0.0,6.0,0.9266896,0.37582758,1.0,6.123234e-17,1,0,0,1,5431.0,1,5258.0,1,5170.0,1,5618.0,1,3491.0,1,4216.0,1,4796.0,1,4228.0,5127.3613,4882.491,173.0
680,2013-03-10,0.0,0.0,0.0,0.0,0,0.0,7.0,0.9266896,0.37582758,1.0,6.123234e-17,1,0,0,1,6290.0,1,5431.0,1,4657.0,1,6958.0,1,3262.0,1,5329.0,1,5079.0,1,3765.0,5592.417,5195.271,859.0
680,2013-03-11,4117.0,696.0,1.0,0.0,0,0.0,1.0,0.9646356,0.26358718,1.0,6.123234e-17,1,0,0,1,0.0,1,6290.0,1,5258.0,1,0.0,1,4350.0,1,5820.0,1,4775.0,1,4110.0,3355.4502,4040.7664,-6290.0
680,2013-03-12,3829.0,688.0,1.0,0.0,0,0.0,2.0,0.9646356,0.26358718,1.0,6.123234e-17,1,0,0,1,4117.0,1,0.0,1,5431.0,1,5957.0,1,5487.0,1,0.0,1,5925.0,1,6136.0,3660.07,4057.707,4117.0
680,2013-03-13,3762.0,688.0,1.0,0.0,0,0.0,3.0,0.9646356,0.26358718,1.0,6.123234e-17,1,0,0,1,3829.0,1,4117.0,1,6290.0,1,5170.0,1,5618.0,1,3491.0,1,0.0,1,0.0,3727.642,4006.8833,-288.0
680,2013-03-14,4194.0,705.0,1.0,0.0,0,0.0,4.0,0.9646356,0.26358718,1.0,6.123234e-17,1,0,0,1,3762.0,1,3829.0,1,0.0,1,4657.0,1,6958.0,1,3262.0,1,5574.0,1,5128.0,3741.3853,3952.4648,-67.0
680,2013-03-15,4400.0,748.0,1.0,0.0,0,0.0,5.0,0.9646356,0.26358718,1.0,6.123234e-17,1,0,0,1,4194.0,1,3762.0,1,4117.0,1,5258.0,1,0.0,1,4350.0,1,4903.0,1,5146.0,3922.4312,4006.1392,432.0
680,2013-03-16,6407.0,907.0,1.0,0.0,0,0.0,6.0,0.9646356,0.26358718,1.0,6.123234e-17,1,0,0,1,4400.0,1,4194.0,1,3829.0,1,5431.0,1,5957.0,1,5487.0,1,5021.0,1,4827.0,4113.4585,4093.6638,206.0
680,2013-03-17,0.0,0.0,0.0,0.0,0,0.0,7.0,0.9646356,0.26358718,1.0,6.123234e-17,1,0,0,1,6407.0,1,4400.0,1,3762.0,1,6290.0,1,5170.0,1,5618.0,1,4216.0,1,4384.0,5030.875,4607.739,2007.0
680,2013-03-18,4429.0,722.0,1.0,1.0,0,0.0,1.0,0.9890402,0.14764656,1.0,6.123234e-17,1,0,0,1,0.0,1,6407.0,1,4194.0,1,0.0,1,4657.0,1,6958.0,1,5329.0,1,4712.0,3018.5251,3583.7966,-6407.0
680,2013-03-19,4857.0,735.0,1.0,1.0,0,0.0,2.0,0.9890402,0.14764656,1.0,6.123234e-17,1,0,0,1,4429.0,1,0.0,1,4400.0,1,4117.0,1,5258.0,1,0.0,1,5820.0,1,6002.0,3582.715,3771.6196,4429.0
680,2013-03-20,4974.0,797.0,1.0,1.0,0,0.0,3.0,0.9890402,0.14764656,1.0,6.123234e-17,1,0,0,1,4857.0,1,4429.0,1,6407.0,1,3829.0,1,5431.0,1,5957.0,1,0.0,1,0.0,4092.429,4012.8152,428.0
680,2013-03-21,4685.0,779.0,1.0,1.0,0,0.0,4.0,0.9890402,0.14764656,1.0,6.123234e-17,1,0,0,1,4974.0,1,4857.0,1,0.0,1,3762.0,1,6290.0,1,5170.0,1,3491.0,1,4267.0,4445.0576,4226.412,117.0
680,2013-03-22,5586.0,853.0,1.0,1.0,0,0.0,5.0,0.9890402,0.14764656,1.0,6.123234e-17,1,0,0,1,4685.0,1,4974.0,1,4429.0,1,4194.0,1,0.0,1,4657.0,1,3262.0,1,3601.0,4541.0347,4328.3203,-289.0
680,2013-03-23,6851.0,1016.0,1.0,0.0,0,0.0,6.0,0.9890402,0.14764656,1.0,6.123234e-17,1,0,0,1,5586.0,1,4685.0,1,4857.0,1,4400.0,1,4117.0,1,5258.0,1,4350.0,1,3570.0,4959.0205,4607.8047,901.0
680,2013-03-24,0.0,0.0,0.0,0.0,0,0.0,7.0,0.9890402,0.14764656,1.0,6.123234e-17,1,0,0,1,6851.0,1,5586.0,1,4974.0,1,6407.0,1,3829.0,1,5431.0,1,5487.0,1,4836.0,5715.8125,5106.2925,1265.0
680,2013-03-25,7460.0,1030.0,1.0,1.0,0,1.0,1.0,0.99956083,0.029633328,1.0,6.123234e-17,1,0,0,1,0.0,1,6851.0,1,4685.0,1,0.0,1,3762.0,1,6290.0,1,5618.0,1,5680.0,3429.4875,3971.5608,-6851.0
680,2013-03-26,7647.0,965.0,1.0,1.0,0,1.0,2.0,0.99956083,0.029633328,1.0,6.123234e-17,1,0,0,1,7460.0,1,0.0,1,5586.0,1,4429.0,1,4194.0,1,0.0,1,6958.0,1,7086.0,5041.6924,4746.7695,7460.0
680,2013-03-27,7928.0,1041.0,1.0,1.0,0,1.0,3.0,0.99956083,0.029633328,1.0,6.123234e-17,1,0,0,1,7647.0,1,7460.0,1,6851.0,1,4857.0,1,4400.0,1,4117.0,1,0.0,1,0.0,6083.8154,5391.265,187.0
680,2013-03-28,9730.0,1241.0,1.0,1.0,0,1.0,4.0,0.99956083,0.029633328,1.0,6.123234e-17,1,0,0,1,7928.0,1,7647.0,1,0.0,1,4974.0,1,6407.0,1,3829.0,1,5957.0,1,6277.0,6821.4893,5954.984,281.0
680,2013-03-29,0.0,0.0,0.0,1.0,2,1.0,5.0,0.99956083,0.029633328,1.0,6.123234e-17,1,0,0,1,9730.0,1,7928.0,1,7460.0,1,4685.0,1,0.0,1,3762.0,1,5170.0,1,5701.0,7984.8936,6793.8765,1802.0
680,2013-03-30,10448.0,1515.0,1.0,0.0,0,0.0,6.0,0.99956083,0.029633328,1.0,6.123234e-17,1,0,0,1,0.0,1,9730.0,1,7647.0,1,5586.0,1,4429.0,1,4194.0,1,4657.0,1,5156.0,4790.936,5284.126,-9730.0
680,2013-03-31,0.0,0.0,0.0,0.0,0,0.0,7.0,0.99956083,0.029633328,1.0,6.123234e-17,1,0,1,1,10448.0,1,0.0,1,7928.0,1,6851.0,1,4857.0,1,4400.0,1,5258.0,1,4805.0,7053.7617,6431.654,10448.0
680,2013-04-01,0.0,0.0,0.0,0.0,2,1.0,1.0,0.9960498,-0.08879589,0.8660254,-0.5,2,1,0,1,0.0,1,10448.0,1,9730.0,1,0.0,1,4974.0,1,6407.0,1,5431.0,1,5301.0,4232.257,5002.3975,-10448.0
680,2013-04-02,5587.0,959.0,1.0,0.0,0,1.0,2.0,0.9960498,-0.08879589,0.8660254,-0.5,2,0,0,1,0.0,1,0.0,1,0.0,1,7460.0,1,4685.0,1,0.0,1,6290.0,1,6506.0,2539.3542,3890.7534,0.0
680,2013-04-03,5171.0,861.0,1.0,0.0,0,1.0,3.0,0.9960498,-0.08879589,0.8660254,-0.5,2,0,0,1,5587.0,1,0.0,1,10448.0,1,7647.0,1,5586.0,1,4429.0,1,0.0,1,0.0,3758.4126,4267.6973,5587.0
680,2013-04-04,4605.0,807.0,1.0,0.0,0,1.0,4.0,0.9960498,-0.08879589,0.8660254,-0.5,2,0,0,1,5171.0,1,5587.0,1,0.0,1,7928.0,1,6851.0,1,4857.0,1,4117.0,1,5319.0,4323.4478,4468.431,-416.0
680,2013-04-05,5061.0,815.0,1.0,0.0,0,1.0,5.0,0.9960498,-0.08879589,0.8660254,-0.5,2,0,0,1,4605.0,1,5171.0,1,0.0,1,9730.0,1,0.0,1,4974.0,1,3829.0,1,4276.0,4436.0684,4498.78,-566.0
680,2013-04-06,6050.0,918.0,1.0,0.0,0,0.0,6.0,0.9960498,-0.08879589,0.8660254,-0.5,2,0,0,1,5061.0,1,4605.0,1,5587.0,1,0.0,1,7460.0,1,4685.0,1,3762.0,1,4796.0,4686.041,4623.718,456.0
680,2013-04-07,0.0,0.0,0.0,0.0,0,0.0,7.0,0.9960498,-0.08879589,0.8660254,-0.5,2,0,0,1,6050.0,1,5061.0,1,5171.0,1,10448.0,1,7647.0,1,5586.0,1,4194.0,1,5079.0,5231.6245,4940.6694,989.0
680,2013-04-08,6029.0,895.0,1.0,1.0,0,1.0,1.0,0.9785565,-0.20597862,0.8660254,-0.5,2,0,0,1,0.0,1,6050.0,1,4605.0,1,0.0,1,7928.0,1,6851.0,1,4400.0,1,4775.0,3138.9749,3842.7427,-6050.0
680,2013-04-09,5571.0,847.0,1.0,1.0,0,1.0,2.0,0.9785565,-0.20597862,0.8660254,-0.5,2,0,0,1,6029.0,1,0.0,1,5061.0,1,0.0,1,9730.0,1,0.0,1,6407.0,1,5925.0,4294.985,4328.5776,6029.0
680,2013-04-10,4944.0,776.0,1.0,1.0,0,0.0,3.0,0.9785565,-0.20597862,0.8660254,-0.5,2,0,0,1,5571.0,1,6029.0,1,6050.0,1,5587.0,1,0.0,1,7460.0,1,0.0,1,0.0,4805.391,4604.6714,-458.0
680,2013-04-11,4631.0,730.0,1.0,1.0,0,0.0,4.0,0.9785565,-0.20597862,0.8660254,-0.5,2,0,0,1,4944.0,1,5571.0,1,0.0,1,5171.0,1,10448.0,1,7647.0,1,4429.0,1,5574.0,4860.8345,4680.0776,-627.0
680,2013-04-12,5027.0,767.0,1.0,1.0,0,0.0,5.0,0.9785565,-0.20597862,0.8660254,-0.5,2,0,0,1,4631.0,1,4944.0,1,6029.0,1,4605.0,1,0.0,1,7928.0,1,4857.0,1,4903.0,4768.901,4669.172,-313.0
680,2013-04-13,5989.0,990.0,1.0,0.0,0,0.0,6.0,0.9785565,-0.20597862,0.8660254,-0.5,2,0,0,1,5027.0,1,4631.0,1,5571.0,1,5061.0,1,0.0,1,9730.0,1,4974.0,1,5021.0,4872.1406,4748.689,396.0
680,2013-04-14,0.0,0.0,0.0,0.0,0,0.0,7.0,0.9785565,-0.20597862,0.8660254,-0.5,2,0,0,1,5989.0,1,5027.0,1,4944.0,1,6050.0,1,5587.0,1,0.0,1,4685.0,1,4216.0,5318.8843,5024.314,962.0
680,2013-04-15,3929.0,659.0,1.0,0.0,0,0.0,1.0,0.94732636,-0.32026985,0.8660254,-0.5,2,0,0,1,0.0,1,5989.0,1,4631.0,1,0.0,1,5171.0,1,10448.0,1,5586.0,1,5329.0,3191.3306,3907.7996,-5989.0
680,2013-04-16,3434.0,583.0,1.0,0.0,0,0.0,2.0,0.94732636,-0.32026985,0.8660254,-0.5,2,0,0,1,3929.0,1,0.0,1,5027.0,1,6029.0,1,4605.0,1,0.0,1,6851.0,1,5820.0,3486.3984,3912.5107,3929.0
680,2013-04-17,3687.0,646.0,1.0,0.0,0,0.0,3.0,0.94732636,-0.32026985,0.8660254,-0.5,2,0,0,1,3434.0,1,3929.0,1,5989.0,1,5571.0,1,5061.0,1,0.0,1,0.0,1,0.0,3465.439,3806.175,-495.0
680,2013-04-18,3906.0,634.0,1.0,0.0,0,0.0,4.0,0.94732636,-0.32026985,0.8660254,-0.5,2,0,0,1,3687.0,1,3434.0,1,0.0,1,4944.0,1,6050.0,1,5587.0,1,7460.0,1,3491.0,3554.0635,3779.6917,253.0
680,2013-04-19,4129.0,748.0,1.0,0.0,0,0.0,5.0,0.94732636,-0.32026985,0.8660254,-0.5,2,0,0,1,3906.0,1,3687.0,1,3929.0,1,4631.0,1,0.0,1,5171.0,1,7647.0,1,3262.0,3694.8381,3807.7603,219.0
680,2013-04-20,5304.0,855.0,1.0,0.0,0,0.0,6.0,0.94732636,-0.32026985,0.8660254,-0.5,2,0,0,1,4129.0,1,3906.0,1,3434.0,1,5027.0,1,6029.0,1,4605.0,1,7928.0,1,4350.0,3868.503,3879.1467,223.0
680,2013-04-21,0.0,0.0,0.0,0.0,0,0.0,7.0,0.94732636,-0.32026985,0.8660254,-0.5,2,0,0,1,5304.0,1,4129.0,1,3687.0,1,5989.0,1,5571.0,1,5061.0,1,9730.0,1,5487.0,4442.7017,4195.781,1175.0
680,2013-04-22,5088.0,748.0,1.0,1.0,0,0.0,1.0,0.9027978,-0.4300652,0.8660254,-0.5,2,0,0,1,0.0,1,5304.0,1,3906.0,1,0.0,1,4944.0,1,6050.0,1,0.0,1,5618.0,2665.621,3263.385,-5304.0
680,2013-04-23,4467.0,707.0,1.0,1.0,0,0.0,2.0,0.9027978,-0.4300652,0.8660254,-0.5,2,0,0,1,5088.0,1,0.0,1,4129.0,1,3929.0,1,4631.0,1,0.0,1,10448.0,1,6958.0,3634.5725,3668.855,5088.0
680,2013-04-24,4435.0,684.0,1.0,1.0,0,0.0,3.0,0.9027978,-0.4300652,0.8660254,-0.5,2,0,0,1,4467.0,1,5088.0,1,5304.0,1,3434.0,1,5027.0,1,6029.0,1,0.0,1,0.0,3967.5435,3846.2207,-621.0
680,2013-04-25,4241.0,673.0,1.0,1.0,0,0.0,4.0,0.9027978,-0.4300652,0.8660254,-0.5,2,0,0,1,4435.0,1,4467.0,1,0.0,1,3687.0,1,5989.0,1,5571.0,1,0.0,1,5957.0,4154.5264,3977.0605,-32.0
680,2013-04-26,5682.0,824.0,1.0,1.0,0,0.0,5.0,0.9027978,-0.4300652,0.8660254,-0.5,2,0,0,1,4241.0,1,4435.0,1,5088.0,1,3906.0,1,0.0,1,4944.0,1,5587.0,1,5170.0,4189.1157,4035.7136,-194.0
680,2013-04-27,5125.0,839.0,1.0,0.0,0,0.0,6.0,0.9027978,-0.4300652,0.8660254,-0.5,2,0,0,1,5682.0,1,4241.0,1,4467.0,1,4129.0,1,3929.0,1,4631.0,1,5171.0,1,4657.0,4786.2695,4401.555,1441.0
680,2013-04-28,0.0,0.0,0.0,0.0,0,0.0,7.0,0.9027978,-0.4300652,0.8660254,-0.5,2,0,0,1,5125.0,1,5682.0,1,4435.0,1,5304.0,1,3434.0,1,5027.0,1,4605.0,1,5258.0,4921.7617,4562.321,-557.0
680,2013-04-29,6003.0,837.0,1.0,1.0,0,0.0,1.0,0.845596,-0.5338234,0.8660254,-0.5,2,0,0,1,0.0,1,5125.0,1,4241.0,1,0.0,1,3687.0,1,5989.0,1,5061.0,1,5431.0,2953.057,3548.4717,-5125.0
680,2013-04-30,7145.0,1056.0,1.0,1.0,0,0.0,2.0,0.845596,-0.5338234,0.8660254,-0.5,2,0,1,1,6003.0,1,0.0,1,5682.0,1,5088.0,1,3906.0,1,0.0,1,6050.0,1,6290.0,4173.034,4093.9224,6003.0
680,2013-05-01,0.0,0.0,0.0,1.0,1,0.0,3.0,0.845596,-0.5338234,0.5,-0.8660254,2,1,0,1,7145.0,1,6003.0,1,5125.0,1,4467.0,1,4129.0,1,3929.0,1,0.0,1,0.0,5361.8203,4771.9395,1142.0
680,2013-05-02,6405.0,968.0,1.0,1.0,0,0.0,4.0,0.845596,-0.5338234,0.5,-0.8660254,2,0,0,1,0.0,1,7145.0,1,0.0,1,4435.0,1,5304.0,1,3434.0,1,6029.0,1,4117.0,3217.0923,3711.5085,-7145.0
680,2013-05-03,5772.0,877.0,1.0,1.0,0,0.0,5.0,0.845596,-0.5338234,0.5,-0.8660254,2,0,0,1,6405.0,1,0.0,1,6003.0,1,4241.0,1,0.0,1,3687.0,1,5571.0,1,3829.0,4492.2554,4310.062,6405.0
680,2013-05-04,6031.0,920.0,1.0,0.0,0,0.0,6.0,0.845596,-0.5338234,0.5,-0.8660254,2,0,0,1,5772.0,1,6405.0,1,7145.0,1,5682.0,1,5088.0,1,3906.0,1,4944.0,1,3762.0,5004.1533,4634.9375,-633.0
680,2013-05-05,0.0,0.0,0.0,0.0,0,0.0,7.0,0.845596,-0.5338234,0.5,-0.8660254,2,0,0,1,6031.0,1,5772.0,1,0.0,1,5125.0,1,4467.0,1,4129.0,1,4631.0,1,4194.0,5414.892,4945.1733,259.0
680,2013-05-06,4464.0,782.0,1.0,0.0,0,0.0,1.0,0.7765239,-0.63008785,0.5,-0.8660254,2,0,0,1,0.0,1,6031.0,1,6405.0,1,0.0,1,4435.0,1,5304.0,1,5027.0,1,4400.0,3248.935,3846.246,-6031.0
680,2013-05-07,4158.0,725.0,1.0,0.0,0,0.0,2.0,0.7765239,-0.63008785,0.5,-0.8660254,2,0,0,1,4464.0,1,0.0,1,5772.0,1,6003.0,1,4241.0,1,0.0,1,5989.0,1,6407.0,3734.9612,3983.5247,4464.0
680,2013-05-08,4799.0,863.0,1.0,0.0,0,0.0,3.0,0.7765239,-0.63008785,0.5,-0.8660254,2,0,0,1,4158.0,1,4464.0,1,6031.0,1,7145.0,1,5682.0,1,5088.0,1,0.0,1,0.0,3904.1768,4022.2969,-306.0
680,2013-05-09,0.0,0.0,0.0,0.0,1,0.0,4.0,0.7765239,-0.63008785,0.5,-0.8660254,2,0,0,1,4799.0,1,4158.0,1,0.0,1,0.0,1,5125.0,1,4467.0,1,3929.0,1,4429.0,4262.106,4194.8975,641.0
680,2013-05-10,8019.0,1094.0,1.0,0.0,0,1.0,5.0,0.7765239,-0.63008785,0.5,-0.8660254,2,0,0,1,0.0,1,4799.0,1,4464.0,1,6405.0,1,0.0,1,4435.0,1,3434.0,1,4857.0,2557.2637,3262.6982,-4799.0
680,2013-05-11,5884.0,960.0,1.0,0.0,0,0.0,6.0,0.7765239,-0.63008785,0.5,-0.8660254,2,0,0,1,8019.0,1,0.0,1,4158.0,1,5772.0,1,6003.0,1,4241.0,1,3687.0,1,4974.0,4741.958,4319.6543,8019.0
680,2013-05-12,0.0,0.0,0.0,0.0,0,0.0,7.0,0.7765239,-0.63008785,0.5,-0.8660254,2,0,0,1,5884.0,1,8019.0,1,4799.0,1,6031.0,1,7145.0,1,5682.0,1,3906.0,1,4685.0,5198.775,4667.2866,-2135.0
680,2013-05-13,5600.0,870.0,1.0,1.0,0,0.0,1.0,0.696551,-0.71750724,0.5,-0.8660254,2,0,0,1,0.0,1,5884.0,1,0.0,1,0.0,1,0.0,1,5125.0,1,4129.0,1,5586.0,3119.265,3630.1118,-5884.0
680,2013-05-14,4580.0,721.0,1.0,1.0,0,0.0,2.0,0.696551,-0.71750724,0.5,-0.8660254,2,0,0,1,5600.0,1,0.0,1,8019.0,1,4464.0,1,6405.0,1,0.0,1,5304.0,1,6851.0,4111.559,4067.8647,5600.0
680,2013-05-15,4369.0,723.0,1.0,1.0,0,0.0,3.0,0.696551,-0.71750724,0.5,-0.8660254,2,0,0,1,4580.0,1,5600.0,1,5884.0,1,4158.0,1,5772.0,1,6003.0,1,0.0,1,0.0,4298.9355,4181.6724,-1020.0
680,2013-05-16,4342.0,710.0,1.0,1.0,0,0.0,4.0,0.696551,-0.71750724,0.5,-0.8660254,2,0,0,1,4369.0,1,4580.0,1,0.0,1,4799.0,1,6031.0,1,7145.0,1,5088.0,1,7460.0,4326.9614,4223.301,-211.0
680,2013-05-17,4352.0,720.0,1.0,1.0,0,0.0,5.0,0.696551,-0.71750724,0.5,-0.8660254,2,0,0,1,4342.0,1,4369.0,1,5600.0,1,0.0,1,0.0,1,0.0,1,4467.0,1,7647.0,4332.9766,4249.678,-27.0
680,2013-05-18,5438.0,870.0,1.0,0.0,0,0.0,6.0,0.696551,-0.71750724,0.5,-0.8660254,2,0,0,1,4352.0,1,4342.0,1,4580.0,1,8019.0,1,4464.0,1,6405.0,1,4435.0,1,7928.0,4340.586,4272.4165,10.0
680,2013-05-19,0.0,0.0,0.0,0.0,0,0.0,7.0,0.696551,-0.71750724,0.5,-0.8660254,2,0,0,1,5438.0,1,4352.0,1,4369.0,1,5884.0,1,4158.0,1,5772.0,1,4241.0,1,9730.0,4779.552,4531.435,1086.0
680,2013-05-20,0.0,0.0,0.0,0.0,1,0.0,1.0,0.60680014,-0.79485446,0.5,-0.8660254,2,0,0,1,0.0,1,5438.0,1,4342.0,1,0.0,1,4799.0,1,6031.0,1,5682.0,1,0.0,2867.731,3524.4495,-5438.0
680,2013-05-21,4985.0,807.0,1.0,0.0,0,0.0,2.0,0.60680014,-0.79485446,0.5,-0.8660254,2,0,0,1,0.0,1,0.0,1,4352.0,1,5600.0,1,0.0,1,0.0,1,5125.0,1,10448.0,1720.6385,2741.2385,0.0
680,2013-05-22,3961.0,694.0,1.0,0.0,0,0.0,3.0,0.60680014,-0.79485446,0.5,-0.8660254,2,0,0,1,4985.0,1,0.0,1,5438.0,1,4580.0,1,8019.0,1,4464.0,1,0.0,1,0.0,3026.383,3239.8523,4985.0
680,2013-05-23,3822.0,641.0,1.0,0.0,0,0.0,4.0,0.60680014,-0.79485446,0.5,-0.8660254,2,0,0,1,3961.0,1,4985.0,1,0.0,1,4369.0,1,5884.0,1,4158.0,1,6003.0,1,0.0,3400.23,3400.1072,-1024.0
680,2013-05-24,3762.0,641.0,1.0,0.0,0,0.0,5.0,0.60680014,-0.79485446,0.5,-0.8660254,2,0,0,1,3822.0,1,3961.0,1,0.0,1,4342.0,1,0.0,1,4799.0,1,7145.0,1,5587.0,3568.938,3493.861,-139.0
680,2013-05-25,6497.0,952.0,1.0,0.0,0,0.0,6.0,0.60680014,-0.79485446,0.5,-0.8660254,2,0,0,1,3762.0,1,3822.0,1,4985.0,1,4352.0,1,5600.0,1,0.0,1,0.0,1,5171.0,3646.1628,3553.4475,-60.0
680,2013-05-26,0.0,0.0,0.0,0.0,0,0.0,7.0,0.60680014,-0.79485446,0.5,-0.8660254,2,0,0,1,6497.0,1,3762.0,1,3961.0,1,5438.0,1,4580.0,1,8019.0,1,6405.0,1,4605.0,4786.4976,4207.5703,2735.0
680,2013-05-27,5913.0,846.0,1.0,1.0,0,0.0,1.0,0.5085311,-0.86104363,0.5,-0.8660254,2,0,0,1,0.0,1,6497.0,1,3822.0,1,0.0,1,4369.0,1,5884.0,1,5772.0,1,5061.0,2871.8987,3272.5547,-6497.0
680,2013-05-28,4759.0,735.0,1.0,1.0,0,0.0,2.0,0.5085311,-0.86104363,0.5,-0.8660254,2,0,0,1,5913.0,1,0.0,1,3762.0,1,0.0,1,4342.0,1,0.0,1,6031.0,1,6050.0,4088.339,3859.3203,5913.0
680,2013-05-29,5488.0,789.0,1.0,1.0,0,0.0,3.0,0.5085311,-0.86104363,0.5,-0.8660254,2,0,0,1,4759.0,1,5913.0,1,6497.0,1,4985.0,1,4352.0,1,5600.0,1,0.0,1,0.0,4356.6035,4059.2493,-1154.0
680,2013-05-30,5345.0,780.0,1.0,1.0,0,0.0,4.0,0.5085311,-0.86104363,0.5,-0.8660254,2,0,0,1,5488.0,1,4759.0,1,0.0,1,3961.0,1,5438.0,1,4580.0,1,4464.0,1,6029.0,4809.162,4376.7495,729.0
680,2013-05-31,6476.0,903.0,1.0,1.0,0,0.0,5.0,0.5085311,-0.86104363,0.5,-0.8660254,2,0,1,1,5345.0,1,5488.0,1,5913.0,1,3822.0,1,0.0,1,4369.0,1,4158.0,1,5571.0,5023.497,4591.916,-143.0
680,2013-06-01,6630.0,975.0,1.0,0.0,0,0.0,6.0,0.5085311,-0.86104363,1.2246469e-16,-1.0,2,1,0,1,6476.0,1,5345.0,1,4759.0,1,3762.0,1,0.0,1,4342.0,1,4799.0,1,4944.0,5604.4985,5010.6016,1131.0
680,2013-06-02,0.0,0.0,0.0,0.0,0,0.0,7.0,0.5085311,-0.86104363,1.2246469e-16,-1.0,2,0,0,1,6630.0,1,6476.0,1,5488.0,1,6497.0,1,4985.0,1,4352.0,1,0.0,1,4631.0,6014.699,5370.468,154.0
680,2013-06-03,5761.0,855.0,1.0,1.0,0,0.0,1.0,0.40312344,-0.91514564,1.2246469e-16,-1.0,2,0,0,1,0.0,1,6630.0,1,5345.0,1,0.0,1,3961.0,1,5438.0,1,8019.0,1,5027.0,3608.8193,4177.0303,-6630.0
680,2013-06-04,4825.0,732.0,1.0,1.0,0,0.0,2.0,0.40312344,-0.91514564,1.2246469e-16,-1.0,2,0,0,1,5761.0,1,0.0,1,6476.0,1,5913.0,1,3822.0,1,0.0,1,5884.0,1,5989.0,4469.6914,4529.024,5761.0
680,2013-06-05,5827.0,822.0,1.0,1.0,0,0.0,3.0,0.40312344,-0.91514564,1.2246469e-16,-1.0,2,0,0,1,4825.0,1,5761.0,1,6630.0,1,4759.0,1,3762.0,1,0.0,1,0.0,1,0.0,4611.815,4594.7964,-936.0
680,2013-06-06,4701.0,769.0,1.0,1.0,0,0.0,4.0,0.40312344,-0.91514564,1.2246469e-16,-1.0,2,0,0,1,5827.0,1,4825.0,1,0.0,1,5488.0,1,6497.0,1,4985.0,1,5600.0,1,3929.0,5097.889,4868.619,1002.0
680,2013-06-07,4424.0,691.0,1.0,1.0,0,0.0,5.0,0.40312344,-0.91514564,1.2246469e-16,-1.0,2,0,0,1,4701.0,1,5827.0,1,5761.0,1,5345.0,1,0.0,1,3961.0,1,4580.0,1,3434.0,4939.1333,4831.3706,-1126.0
680,2013-06-08,6247.0,869.0,1.0,0.0,0,0.0,6.0,0.40312344,-0.91514564,1.2246469e-16,-1.0,2,0,0,1,4424.0,1,4701.0,1,4825.0,1,6476.0,1,5913.0,1,3822.0,1,4369.0,1,3687.0,4733.08,4740.8438,-277.0
680,2013-06-09,0.0,0.0,0.0,0.0,0,0.0,7.0,0.40312344,-0.91514564,1.2246469e-16,-1.0,2,0,0,1,6247.0,1,4424.0,1,5827.0,1,6630.0,1,4759.0,1,3762.0,1,4342.0,1,3906.0,5338.648,5075.545,1823.0
680,2013-06-10,4044.0,656.0,1.0,0.0,0,0.0,1.0,0.29205677,-0.956401,1.2246469e-16,-1.0,2,0,0,1,0.0,1,6247.0,1,4701.0,1,0.0,1,5488.0,1,6497.0,1,4352.0,1,4129.0,3203.1887,3947.6462,-6247.0
680,2013-06-11,3824.0,630.0,1.0,0.0,0,0.0,2.0,0.29205677,-0.956401,1.2246469e-16,-1.0,2,0,0,1,4044.0,1,0.0,1,4424.0,1,5761.0,1,5345.0,1,0.0,1,5438.0,1,5304.0,3539.5132,3969.058,4044.0
680,2013-06-12,4163.0,661.0,1.0,0.0,0,0.0,3.0,0.29205677,-0.956401,1.2246469e-16,-1.0,2,0,0,1,3824.0,1,4044.0,1,6247.0,1,4825.0,1,6476.0,1,5913.0,1,0.0,1,0.0,3653.3079,3936.823,-220.0
680,2013-06-13,3551.0,658.0,1.0,0.0,0,0.0,4.0,0.29205677,-0.956401,1.2246469e-16,-1.0,2,0,0,1,4163.0,1,3824.0,1,0.0,1,5827.0,1,6630.0,1,4759.0,1,0.0,1,5088.0,3857.1848,3987.0845,339.0
680,2013-06-14,4444.0,744.0,1.0,0.0,0,0.0,5.0,0.29205677,-0.956401,1.2246469e-16,-1.0,2,0,0,1,3551.0,1,4163.0,1,4044.0,1,4701.0,1,0.0,1,5488.0,1,4985.0,1,4467.0,3734.711,3890.177,-612.0
680,2013-06-15,6212.0,867.0,1.0,0.0,0,0.0,6.0,0.29205677,-0.956401,1.2246469e-16,-1.0,2,0,0,1,4444.0,1,3551.0,1,3824.0,1,4424.0,1,5761.0,1,5345.0,1,3961.0,1,4435.0,4018.4265,4013.2488,893.0
680,2013-06-16,0.0,0.0,0.0,0.0,0,0.0,7.0,0.29205677,-0.956401,1.2246469e-16,-1.0,2,0,0,1,6212.0,1,4444.0,1,4163.0,1,6247.0,1,4825.0,1,6476.0,1,3822.0,1,4241.0,4895.856,4501.86,1768.0
680,2013-06-17,5304.0,823.0,1.0,1.0,0,0.0,1.0,0.17689027,-0.9842306,1.2246469e-16,-1.0,2,0,0,1,0.0,1,6212.0,1,3551.0,1,0.0,1,5827.0,1,6630.0,1,3762.0,1,5682.0,2937.5134,3501.4468,-6212.0
680,2013-06-18,4579.0,708.0,1.0,1.0,0,0.0,2.0,0.17689027,-0.9842306,1.2246469e-16,-1.0,2,0,0,1,5304.0,1,0.0,1,4444.0,1,4044.0,1,4701.0,1,0.0,1,6497.0,1,5125.0,3884.1082,3902.0142,5304.0
680,2013-06-19,5516.0,836.0,1.0,1.0,0,0.0,3.0,0.17689027,-0.9842306,1.2246469e-16,-1.0,2,0,0,1,4579.0,1,5304.0,1,6212.0,1,3824.0,1,4424.0,1,5761.0,1,0.0,1,0.0,4162.065,4052.4553,-725.0
680,2013-06-20,4402.0,722.0,1.0,1.0,0,0.0,4.0,0.17689027,-0.9842306,1.2246469e-16,-1.0,2,0,0,1,5516.0,1,4579.0,1,0.0,1,4163.0,1,6247.0,1,4825.0,1,5913.0,1,6003.0,4703.639,4377.6875,937.0
680,2013-06-21,5310.0,759.0,1.0,1.0,0,0.0,5.0,0.17689027,-0.9842306,1.2246469e-16,-1.0,2,0,0,1,4402.0,1,5516.0,1,5304.0,1,3551.0,1,0.0,1,5827.0,1,4759.0,1,7145.0,4582.9834,4383.0903,-1114.0
680,2013-06-22,6084.0,844.0,1.0,0.0,0,0.0,6.0,0.17689027,-0.9842306,1.2246469e-16,-1.0,2,0,0,1,5310.0,1,4402.0,1,4579.0,1,4444.0,1,4044.0,1,4701.0,1,5488.0,1,0.0,4873.79,4589.0703,908.0
680,2013-06-23,0.0,0.0,0.0,0.0,0,0.0,7.0,0.17689027,-0.9842306,1.2246469e-16,-1.0,2,0,0,1,6084.0,1,5310.0,1,5516.0,1,6212.0,1,3824.0,1,4424.0,1,5345.0,1,6405.0,5357.874,4921.277,774.0
680,2013-06-24,4217.0,721.0,1.0,0.0,0,1.0,1.0,0.059240628,-0.99824375,1.2246469e-16,-1.0,2,0,0,1,0.0,1,6084.0,1,4402.0,1,0.0,1,4163.0,1,6247.0,1,6476.0,1,5772.0,3214.7244,3827.6597,-6084.0
680,2013-06-25,4207.0,698.0,1.0,0.0,0,1.0,2.0,0.059240628,-0.99824375,1.2246469e-16,-1.0,2,0,0,1,4217.0,1,0.0,1,5310.0,1,5304.0,1,3551.0,1,0.0,1,6630.0,1,6031.0,3615.6345,3914.18,4217.0
680,2013-06-26,4252.0,685.0,1.0,0.0,0,1.0,3.0,0.059240628,-0.99824375,1.2246469e-16,-1.0,2,0,0,1,4207.0,1,4217.0,1,6084.0,1,4579.0,1,4444.0,1,4044.0,1,0.0,1,0.0,3852.1807,3979.251,-10.0
680,2013-06-27,4324.0,738.0,1.0,0.0,0,1.0,4.0,0.059240628,-0.99824375,1.2246469e-16,-1.0,2,0,0,1,4252.0,1,4207.0,1,0.0,1,5516.0,1,6212.0,1,3824.0,1,5761.0,1,4464.0,4012.1084,4039.8618,45.0
680,2013-06-28,5483.0,823.0,1.0,0.0,0,1.0,5.0,0.059240628,-0.99824375,1.2246469e-16,-1.0,2,0,0,1,4324.0,1,4252.0,1,4217.0,1,4402.0,1,0.0,1,4163.0,1,4825.0,1,4158.0,4136.865,4103.004,72.0
680,2013-06-29,6898.0,984.0,1.0,0.0,0,0.0,6.0,0.059240628,-0.99824375,1.2246469e-16,-1.0,2,0,0,1,5483.0,1,4324.0,1,4207.0,1,5310.0,1,5304.0,1,3551.0,1,5827.0,1,4799.0,4675.319,4409.6694,1159.0
680,2013-06-30,0.0,0.0,0.0,0.0,0,0.0,7.0,0.059240628,-0.99824375,1.2246469e-16,-1.0,2,0,1,1,6898.0,1,5483.0,1,4252.0,1,6084.0,1,4579.0,1,4444.0,1,4701.0,1,0.0,5564.3916,4962.632,1415.0
680,2013-07-01,6866.0,984.0,1.0,1.0,0,1.0,1.0,-0.059240628,-0.99824375,-0.5,-0.8660254,3,1,0,1,0.0,1,6898.0,1,4324.0,1,0.0,1,5516.0,1,6212.0,1,4424.0,1,8019.0,3338.6348,3859.8247,-6898.0
680,2013-07-02,5584.0,823.0,1.0,1.0,0,1.0,2.0,-0.059240628,-0.99824375,-0.5,-0.8660254,3,0,0,1,6866.0,1,0.0,1,5483.0,1,4217.0,1,4402.0,1,0.0,1,6247.0,1,5884.0,4749.581,4527.864,6866.0
680,2013-07-03,5750.0,824.0,1.0,1.0,0,1.0,3.0,-0.059240628,-0.99824375,-0.5,-0.8660254,3,0,0,1,5584.0,1,6866.0,1,6898.0,1,4207.0,1,5310.0,1,5304.0,1,0.0,1,0.0,5083.3486,4762.5605,-1282.0
680,2013-07-04,4879.0,744.0,1.0,1.0,0,1.0,4.0,-0.059240628,-0.99824375,-0.5,-0.8660254,3,0,0,1,5750.0,1,5584.0,1,0.0,1,4252.0,1,6084.0,1,4579.0,1,4044.0,1,5600.0,5350.0093,4981.9917,166.0
680,2013-07-05,4381.0,716.0,1.0,1.0,0,1.0,5.0,-0.059240628,-0.99824375,-0.5,-0.8660254,3,0,0,1,4879.0,1,5750.0,1,6866.0,1,4324.0,1,0.0,1,5516.0,1,3824.0,1,4580.0,5161.6055,4959.1045,-871.0
680,2013-07-06,4685.0,700.0,1.0,0.0,0,0.0,6.0,-0.059240628,-0.99824375,-0.5,-0.8660254,3,0,0,1,4381.0,1,4879.0,1,5584.0,1,5483.0,1,4217.0,1,4402.0,1,4163.0,1,4369.0,4849.3633,4830.6367,-498.0
680,2013-07-07,0.0,0.0,0.0,0.0,0,0.0,7.0,-0.059240628,-0.99824375,-0.5,-0.8660254,3,0,0,1,4685.0,1,4381.0,1,5750.0,1,6898.0,1,4207.0,1,5310.0,1,3551.0,1,4342.0,4783.618,4798.273,304.0
680,2013-07-08,4449.0,719.0,1.0,0.0,0,1.0,1.0,-0.17689027,-0.9842306,-0.5,-0.8660254,3,0,0,1,0.0,1,4685.0,1,4879.0,1,0.0,1,4252.0,1,6084.0,1,4444.0,1,4352.0,2870.171,3731.9902,-4685.0
680,2013-07-09,3993.0,635.0,1.0,0.0,0,1.0,2.0,-0.17689027,-0.9842306,-0.5,-0.8660254,3,0,0,1,4449.0,1,0.0,1,4381.0,1,6866.0,1,4324.0,1,0.0,1,6212.0,1,5438.0,3501.7024,3891.3257,4449.0
680,2013-07-10,4053.0,664.0,1.0,0.0,0,1.0,3.0,-0.17689027,-0.9842306,-0.5,-0.8660254,3,0,0,1,3993.0,1,4449.0,1,4685.0,1,5584.0,1,5483.0,1,4217.0,1,0.0,1,0.0,3698.2214,3913.92,-456.0
680,2013-07-11,3607.0,615.0,1.0,0.0,0,1.0,4.0,-0.17689027,-0.9842306,-0.5,-0.8660254,3,0,0,1,4053.0,1,3993.0,1,0.0,1,5750.0,1,6898.0,1,4207.0,1,5304.0,1,0.0,3840.1328,3944.8267,60.0
680,2013-07-12,3952.0,628.0,1.0,0.0,0,1.0,5.0,-0.17689027,-0.9842306,-0.5,-0.8660254,3,0,0,1,3607.0,1,4053.0,1,4449.0,1,4879.0,1,0.0,1,4252.0,1,4579.0,1,4985.0,3746.8796,3869.7542,-446.0
680,2013-07-13,5101.0,726.0,1.0,0.0,0,0.0,6.0,-0.17689027,-0.9842306,-0.5,-0.8660254,3,0,0,1,3952.0,1,3607.0,1,3993.0,1,4381.0,1,6866.0,1,4324.0,1,5516.0,1,3961.0,3828.9277,3888.031,345.0
680,2013-07-14,0.0,0.0,0.0,0.0,0,0.0,7.0,-0.17689027,-0.9842306,-0.5,-0.8660254,3,0,0,1,5101.0,1,3952.0,1,4053.0,1,4685.0,1,5584.0,1,5483.0,1,4402.0,1,3822.0,4337.757,4157.5796,1149.0
680,2013-07-15,6603.0,927.0,1.0,1.0,0,1.0,1.0,-0.29205677,-0.956401,-0.5,-0.8660254,3,0,0,1,0.0,1,5101.0,1,3607.0,1,0.0,1,5750.0,1,6898.0,1,5310.0,1,3762.0,2602.654,3233.673,-5101.0
680,2013-07-16,5437.0,765.0,1.0,1.0,0,1.0,2.0,-0.29205677,-0.956401,-0.5,-0.8660254,3,0,0,1,6603.0,1,0.0,1,3952.0,1,4449.0,1,4879.0,1,0.0,1,6084.0,1,6497.0,4202.7925,3982.4124,6603.0
680,2013-07-17,4330.0,672.0,1.0,1.0,0,1.0,3.0,-0.29205677,-0.956401,-0.5,-0.8660254,3,0,0,1,5437.0,1,6603.0,1,5101.0,1,3993.0,1,4381.0,1,6866.0,1,0.0,1,0.0,4696.4756,4305.6543,-1166.0
680,2013-07-18,4299.0,637.0,1.0,1.0,0,1.0,4.0,-0.29205677,-0.956401,-0.5,-0.8660254,3,0,0,1,4330.0,1,5437.0,1,0.0,1,4053.0,1,4685.0,1,5584.0,1,4217.0,1,5913.0,4549.8853,4311.0645,-1107.0
680,2013-07-19,4992.0,748.0,1.0,1.0,0,1.0,5.0,-0.29205677,-0.956401,-0.5,-0.8660254,3,0,0,1,4299.0,1,4330.0,1,6603.0,1,3607.0,1,0.0,1,5750.0,1,4207.0,1,4759.0,4449.5312,4308.3833,-31.0
680,2013-07-20,4458.0,652.0,1.0,0.0,0,0.0,6.0,-0.29205677,-0.956401,-0.5,-0.8660254,3,0,0,1,4992.0,1,4299.0,1,5437.0,1,3952.0,1,4449.0,1,4879.0,1,4252.0,1,5488.0,4666.5186,4460.2983,693.0
680,2013-07-21,0.0,0.0,0.0,0.0,0,0.0,7.0,-0.29205677,-0.956401,-0.5,-0.8660254,3,0,0,1,4458.0,1,4992.0,1,4330.0,1,5101.0,1,3993.0,1,4381.0,1,4324.0,1,5345.0,4583.1113,4459.7876,-534.0
680,2013-07-22,4100.0,686.0,1.0,0.0,0,1.0,1.0,-0.40312344,-0.91514564,-0.5,-0.8660254,3,0,0,1,0.0,1,4458.0,1,4299.0,1,0.0,1,4053.0,1,4685.0,1,5483.0,1,6476.0,2749.8667,3468.7236,-4458.0
680,2013-07-23,3614.0,605.0,1.0,0.0,0,1.0,2.0,-0.40312344,-0.91514564,-0.5,-0.8660254,3,0,0,1,4100.0,1,0.0,1,4992.0,1,6603.0,1,3607.0,1,0.0,1,6898.0,1,6630.0,3289.92,3609.0073,4100.0
680,2013-07-24,3653.0,614.0,1.0,0.0,0,1.0,3.0,-0.40312344,-0.91514564,-0.5,-0.8660254,3,0,0,1,3614.0,1,4100.0,1,4458.0,1,5437.0,1,3952.0,1,4449.0,1,0.0,1,0.0,3419.552,3610.1167,-486.0
680,2013-07-25,4455.0,685.0,1.0,0.0,0,1.0,4.0,-0.40312344,-0.91514564,-0.5,-0.8660254,3,0,0,1,3653.0,1,3614.0,1,0.0,1,4330.0,1,5101.0,1,3993.0,1,6866.0,1,5761.0,3512.9312,3619.6462,39.0
680,2013-07-26,3807.0,562.0,1.0,0.0,0,1.0,5.0,-0.40312344,-0.91514564,-0.5,-0.8660254,3,0,0,1,4455.0,1,3653.0,1,4100.0,1,4299.0,1,0.0,1,4053.0,1,5584.0,1,4825.0,3889.7588,3805.2805,802.0
680,2013-07-27,4045.0,677.0,1.0,0.0,0,0.0,6.0,-0.40312344,-0.91514564,-0.5,-0.8660254,3,0,0,1,3807.0,1,4455.0,1,3614.0,1,4992.0,1,6603.0,1,3607.0,1,5750.0,1,5827.0,3856.6553,3805.6626,-648.0
680,2013-07-28,0.0,0.0,0.0,0.0,0,0.0,7.0,-0.40312344,-0.91514564,-0.5,-0.8660254,3,0,0,1,4045.0,1,3807.0,1,3653.0,1,4458.0,1,5437.0,1,3952.0,1,4879.0,1,4701.0,3931.9932,3858.8486,238.0
680,2013-07-29,5630.0,833.0,1.0,1.0,0,1.0,1.0,-0.5085311,-0.86104363,-0.5,-0.8660254,3,0,0,1,0.0,1,4045.0,1,4455.0,1,0.0,1,4330.0,1,5101.0,1,4381.0,1,4424.0,2359.1958,3001.3267,-4045.0
680,2013-07-30,6604.0,888.0,1.0,1.0,0,1.0,2.0,-0.5085311,-0.86104363,-0.5,-0.8660254,3,0,0,1,5630.0,1,0.0,1,3807.0,1,4100.0,1,4299.0,1,0.0,1,4685.0,1,6247.0,3667.5176,3585.4763,5630.0
680,2013-07-31,7115.0,977.0,1.0,1.0,0,1.0,3.0,-0.5085311,-0.86104363,-0.5,-0.8660254,3,0,1,1,6604.0,1,5630.0,1,4045.0,1,3614.0,1,4992.0,1,6603.0,1,0.0,1,0.0,4842.1104,4256.2593,974.0
680,2013-08-01,5599.0,850.0,1.0,1.0,0,1.0,4.0,-0.5085311,-0.86104363,-0.8660254,-0.5,3,1,0,1,7115.0,1,6604.0,1,0.0,1,3653.0,1,4458.0,1,5437.0,1,4449.0,1,4044.0,5751.266,4891.535,511.0
680,2013-08-02,4701.0,718.0,1.0,1.0,0,1.0,5.0,-0.5085311,-0.86104363,-0.8660254,-0.5,3,0,0,1,5599.0,1,7115.0,1,5630.0,1,4455.0,1,0.0,1,4330.0,1,3993.0,1,3824.0,5690.36,5048.7495,-1516.0
680,2013-08-03,5361.0,810.0,1.0,0.0,0,0.0,6.0,-0.5085311,-0.86104363,-0.8660254,-0.5,3,0,0,1,4701.0,1,5599.0,1,6604.0,1,3807.0,1,4100.0,1,4299.0,1,4053.0,1,4163.0,5294.6157,4971.4717,-898.0
680,2013-08-04,0.0,0.0,0.0,0.0,0,0.0,7.0,-0.5085311,-0.86104363,-0.8660254,-0.5,3,0,0,1,5361.0,1,4701.0,1,7115.0,1,4045.0,1,3614.0,1,4992.0,1,3607.0,1,3551.0,5321.1694,5058.0337,660.0
680,2013-08-05,4624.0,823.0,1.0,0.0,0,0.0,1.0,-0.60680014,-0.79485446,-0.8660254,-0.5,3,0,0,1,0.0,1,5361.0,1,5599.0,1,0.0,1,3653.0,1,4458.0,1,3952.0,1,4444.0,3192.7017,3934.0261,-5361.0
680,2013-08-06,4143.0,737.0,1.0,0.0,0,0.0,2.0,-0.60680014,-0.79485446,-0.8660254,-0.5,3,0,0,1,4624.0,1,0.0,1,4701.0,1,5630.0,1,4455.0,1,0.0,1,5101.0,1,6212.0,3765.221,4087.3538,4624.0
680,2013-08-07,4112.0,686.0,1.0,0.0,0,0.0,3.0,-0.60680014,-0.79485446,-0.8660254,-0.5,3,0,0,1,4143.0,1,4624.0,1,5361.0,1,6604.0,1,3807.0,1,4100.0,1,0.0,1,0.0,3916.3325,4099.7197,-481.0
680,2013-08-08,4072.0,730.0,1.0,0.0,0,0.0,4.0,-0.60680014,-0.79485446,-0.8660254,-0.5,3,0,0,1,4112.0,1,4143.0,1,0.0,1,7115.0,1,4045.0,1,3614.0,1,6603.0,1,5304.0,3994.5996,4102.4487,-31.0
680,2013-08-09,4117.0,646.0,1.0,0.0,0,0.0,5.0,-0.60680014,-0.79485446,-0.8660254,-0.5,3,0,0,1,4072.0,1,4112.0,1,4624.0,1,5599.0,1,0.0,1,3653.0,1,5437.0,1,4579.0,4025.5598,4095.6821,-40.0
680,2013-08-10,5486.0,855.0,1.0,0.0,0,0.0,6.0,-0.60680014,-0.79485446,-0.8660254,-0.5,3,0,0,1,4117.0,1,4072.0,1,4143.0,1,4701.0,1,5630.0,1,4455.0,1,4330.0,1,5516.0,4062.1357,4100.4194,45.0
680,2013-08-11,0.0,0.0,0.0,0.0,0,0.0,7.0,-0.60680014,-0.79485446,-0.8660254,-0.5,3,0,0,1,5486.0,1,4117.0,1,4112.0,1,5361.0,1,6604.0,1,3807.0,1,4299.0,1,4402.0,4631.6816,4408.326,1369.0
680,2013-08-12,5902.0,875.0,1.0,1.0,0,0.0,1.0,-0.696551,-0.71750724,-0.8660254,-0.5,3,0,0,1,0.0,1,5486.0,1,4072.0,1,0.0,1,7115.0,1,4045.0,1,4992.0,1,5310.0,2779.0088,3428.6982,-5486.0
680,2013-08-13,5338.0,812.0,1.0,1.0,0,0.0,2.0,-0.696551,-0.71750724,-0.8660254,-0.5,3,0,0,1,5902.0,1,0.0,1,4117.0,1,4624.0,1,5599.0,1,0.0,1,4458.0,1,6084.0,4028.2053,3978.3208,5902.0
680,2013-08-14,4898.0,753.0,1.0,1.0,0,0.0,3.0,-0.696551,-0.71750724,-0.8660254,-0.5,3,0,0,1,5338.0,1,5902.0,1,5486.0,1,4143.0,1,4701.0,1,5630.0,1,0.0,1,0.0,4552.123,4280.4717,-564.0
680,2013-08-15,4039.0,620.0,1.0,1.0,0,0.0,4.0,-0.696551,-0.71750724,-0.8660254,-0.5,3,0,0,1,4898.0,1,5338.0,1,0.0,1,4112.0,1,5361.0,1,6604.0,1,4100.0,1,4217.0,4690.474,4417.7,-440.0
680,2013-08-16,4443.0,725.0,1.0,1.0,0,0.0,5.0,-0.696551,-0.71750724,-0.8660254,-0.5,3,0,0,1,4039.0,1,4898.0,1,5902.0,1,4072.0,1,0.0,1,7115.0,1,3614.0,1,4207.0,4429.8843,4333.5444,-859.0
680,2013-08-17,4973.0,786.0,1.0,0.0,0,0.0,6.0,-0.696551,-0.71750724,-0.8660254,-0.5,3,0,0,1,4443.0,1,4039.0,1,5338.0,1,4117.0,1,4624.0,1,5599.0,1,3653.0,1,4252.0,4435.1304,4357.868,404.0
680,2013-08-18,0.0,0.0,0.0,0.0,0,0.0,7.0,-0.696551,-0.71750724,-0.8660254,-0.5,3,0,0,1,4973.0,1,4443.0,1,4898.0,1,5486.0,1,4143.0,1,4701.0,1,4455.0,1,4324.0,4650.2783,4494.564,530.0
680,2013-08-19,4022.0,693.0,1.0,0.0,0,0.0,1.0,-0.7765239,-0.63008785,-0.8660254,-0.5,3,0,0,1,0.0,1,4973.0,1,4039.0,1,0.0,1,4112.0,1,5361.0,1,3807.0,1,5483.0,2790.167,3495.772,-4973.0
680,2013-08-20,3701.0,620.0,1.0,0.0,0,0.0,2.0,-0.7765239,-0.63008785,-0.8660254,-0.5,3,0,0,1,4022.0,1,0.0,1,4443.0,1,5902.0,1,4072.0,1,0.0,1,4045.0,1,6898.0,3282.9001,3612.7117,4022.0
680,2013-08-21,3539.0,614.0,1.0,0.0,0,0.0,3.0,-0.7765239,-0.63008785,-0.8660254,-0.5,3,0,0,1,3701.0,1,4022.0,1,4973.0,1,5338.0,1,4117.0,1,4624.0,1,0.0,1,0.0,3450.1401,3632.3313,-321.0
680,2013-08-22,3075.0,568.0,1.0,0.0,0,0.0,4.0,-0.7765239,-0.63008785,-0.8660254,-0.5,3,0,0,1,3539.0,1,3701.0,1,0.0,1,4898.0,1,5486.0,1,4143.0,1,5630.0,1,6866.0,3485.684,3611.591,-162.0
680,2013-08-23,3601.0,607.0,1.0,0.0,0,0.0,5.0,-0.7765239,-0.63008785,-0.8660254,-0.5,3,0,0,1,3075.0,1,3539.0,1,4022.0,1,4039.0,1,0.0,1,4112.0,1,6604.0,1,5584.0,3321.4104,3492.3486,-464.0
680,2013-08-24,4903.0,764.0,1.0,0.0,0,0.0,6.0,-0.7765239,-0.63008785,-0.8660254,-0.5,3,0,0,1,3601.0,1,3075.0,1,3701.0,1,4443.0,1,5902.0,1,4072.0,1,7115.0,1,5750.0,3433.2463,3516.4934,526.0
680,2013-08-25,0.0,0.0,0.0,0.0,0,0.0,7.0,-0.7765239,-0.63008785,-0.8660254,-0.5,3,0,0,1,4903.0,1,3601.0,1,3539.0,1,4973.0,1,5338.0,1,4117.0,1,5599.0,1,4879.0,4021.1477,3824.606,1302.0
680,2013-08-26,4705.0,718.0,1.0,1.0,0,0.0,1.0,-0.845596,-0.5338234,-0.8660254,-0.5,3,0,0,1,0.0,1,4903.0,1,3075.0,1,0.0,1,4898.0,1,5486.0,1,4701.0,1,4381.0,2412.6887,2974.6934,-4903.0
680,2013-08-27,4943.0,690.0,1.0,1.0,0,0.0,2.0,-0.845596,-0.5338234,-0.8660254,-0.5,3,0,0,1,4705.0,1,0.0,1,3601.0,1,4022.0,1,4039.0,1,0.0,1,5361.0,1,4685.0,3329.6133,3359.206,4705.0
680,2013-08-28,3989.0,637.0,1.0,1.0,0,0.0,3.0,-0.845596,-0.5338234,-0.8660254,-0.5,3,0,0,1,4943.0,1,4705.0,1,4903.0,1,3701.0,1,4443.0,1,5902.0,1,0.0,1,0.0,3974.968,3711.1602,238.0
680,2013-08-29,4681.0,679.0,1.0,1.0,0,0.0,4.0,-0.845596,-0.5338234,-0.8660254,-0.5,3,0,0,1,3989.0,1,4943.0,1,0.0,1,3539.0,1,4973.0,1,5338.0,1,4624.0,1,4449.0,3980.5808,3772.9023,-954.0
680,2013-08-30,6237.0,866.0,1.0,1.0,0,0.0,5.0,-0.845596,-0.5338234,-0.8660254,-0.5,3,0,0,1,4681.0,1,3989.0,1,4705.0,1,3075.0,1,0.0,1,4898.0,1,4143.0,1,3993.0,4260.7485,3974.702,692.0
680,2013-08-31,6528.0,917.0,1.0,0.0,0,0.0,6.0,-0.845596,-0.5338234,-0.8660254,-0.5,3,0,1,1,6237.0,1,4681.0,1,4943.0,1,3601.0,1,4022.0,1,4039.0,1,4112.0,1,4053.0,5051.249,4477.4346,1556.0
680,2013-09-01,0.0,0.0,0.0,0.0,0,0.0,7.0,-0.845596,-0.5338234,-1.0,-1.8369701e-16,3,1,0,1,6528.0,1,6237.0,1,3989.0,1,4903.0,1,3701.0,1,4443.0,1,4072.0,1,3607.0,5641.949,4933.1157,291.0
680,2013-09-02,4688.0,710.0,1.0,0.0,0,0.0,1.0,-0.9027978,-0.4300652,-1.0,-1.8369701e-16,3,0,0,1,0.0,1,6528.0,1,4681.0,1,0.0,1,3539.0,1,4973.0,1,4117.0,1,3952.0,3385.1697,3836.868,-6528.0
680,2013-09-03,3884.0,684.0,1.0,0.0,0,0.0,2.0,-0.9027978,-0.4300652,-1.0,-1.8369701e-16,3,0,0,1,4688.0,1,0.0,1,6237.0,1,4705.0,1,3075.0,1,0.0,1,5486.0,1,5101.0,3906.3018,4026.0083,4688.0
680,2013-09-04,3686.0,638.0,1.0,0.0,0,0.0,3.0,-0.9027978,-0.4300652,-1.0,-1.8369701e-16,3,0,0,1,3884.0,1,4688.0,1,6528.0,1,4943.0,1,3601.0,1,4022.0,1,0.0,1,0.0,3897.381,3994.451,-804.0
680,2013-09-05,3547.0,609.0,1.0,0.0,0,0.0,4.0,-0.9027978,-0.4300652,-1.0,-1.8369701e-16,3,0,0,1,3686.0,1,3884.0,1,0.0,1,3989.0,1,4903.0,1,3701.0,1,5902.0,1,6603.0,3812.8286,3925.9062,-198.0
680,2013-09-06,4125.0,656.0,1.0,0.0,0,0.0,5.0,-0.9027978,-0.4300652,-1.0,-1.8369701e-16,3,0,0,1,3547.0,1,3686.0,1,4688.0,1,4681.0,1,0.0,1,3539.0,1,5338.0,1,5437.0,3706.497,3841.7048,-139.0
680,2013-09-07,5456.0,809.0,1.0,0.0,0,0.0,6.0,-0.9027978,-0.4300652,-1.0,-1.8369701e-16,3,0,0,1,4125.0,1,3547.0,1,3884.0,1,6237.0,1,4705.0,1,3075.0,1,4898.0,1,4330.0,3873.8982,3904.6594,578.0
680,2013-09-08,0.0,0.0,0.0,0.0,0,0.0,7.0,-0.9027978,-0.4300652,-1.0,-1.8369701e-16,3,0,0,1,5456.0,1,4125.0,1,3686.0,1,6528.0,1,4943.0,1,3601.0,1,4039.0,1,4299.0,4506.739,4249.402,1331.0
680,2013-09-09,6149.0,888.0,1.0,1.0,0,0.0,1.0,-0.94732636,-0.32026985,-1.0,-1.8369701e-16,3,0,0,1,0.0,1,5456.0,1,3547.0,1,0.0,1,3989.0,1,4903.0,1,4443.0,1,4992.0,2704.0435,3305.0903,-5456.0
680,2013-09-10,5120.0,768.0,1.0,1.0,0,0.0,2.0,-0.94732636,-0.32026985,-1.0,-1.8369701e-16,3,0,0,1,6149.0,1,0.0,1,4125.0,1,4688.0,1,4681.0,1,0.0,1,4973.0,1,4458.0,4082.0261,3937.07,6149.0
680,2013-09-11,4993.0,785.0,1.0,1.0,0,0.0,3.0,-0.94732636,-0.32026985,-1.0,-1.8369701e-16,3,0,0,1,5120.0,1,6149.0,1,5456.0,1,3884.0,1,6237.0,1,4705.0,1,0.0,1,0.0,4497.216,4199.9434,-1029.0
680,2013-09-12,4108.0,699.0,1.0,1.0,0,0.0,4.0,-0.94732636,-0.32026985,-1.0,-1.8369701e-16,3,0,0,1,4993.0,1,5120.0,1,0.0,1,3686.0,1,6528.0,1,4943.0,1,4022.0,1,4100.0,4695.5293,4376.178,-127.0
680,2013-09-13,4905.0,757.0,1.0,1.0,0,0.0,5.0,-0.94732636,-0.32026985,-1.0,-1.8369701e-16,3,0,0,1,4108.0,1,4993.0,1,6149.0,1,3547.0,1,0.0,1,3989.0,1,3701.0,1,3614.0,4460.5176,4316.583,-885.0
680,2013-09-14,5894.0,914.0,1.0,0.0,0,0.0,6.0,-0.94732636,-0.32026985,-1.0,-1.8369701e-16,3,0,0,1,4905.0,1,4108.0,1,5120.0,1,4125.0,1,4688.0,1,4681.0,1,3539.0,1,3653.0,4638.3105,4447.3423,797.0
680,2013-09-15,0.0,0.0,0.0,0.0,0,0.0,7.0,-0.94732636,-0.32026985,-1.0,-1.8369701e-16,3,0,0,1,5894.0,1,4905.0,1,4993.0,1,5456.0,1,3884.0,1,6237.0,1,3075.0,1,4455.0,5140.5864,4768.822,989.0
680,2013-09-16,3795.0,705.0,1.0,0.0,0,0.0,1.0,-0.9785565,-0.20597862,-1.0,-1.8369701e-16,3,0,0,1,0.0,1,5894.0,1,4108.0,1,0.0,1,3686.0,1,6528.0,1,3601.0,1,3807.0,3084.3518,3709.0837,-5894.0
680,2013-09-17,3910.0,694.0,1.0,0.0,0,0.0,2.0,-0.9785565,-0.20597862,-1.0,-1.8369701e-16,3,0,0,1,3795.0,1,0.0,1,4905.0,1,6149.0,1,3547.0,1,0.0,1,4903.0,1,4045.0,3368.611,3728.1763,3795.0
680,2013-09-18,3693.0,633.0,1.0,0.0,0,0.0,3.0,-0.9785565,-0.20597862,-1.0,-1.8369701e-16,3,0,0,1,3910.0,1,3795.0,1,5894.0,1,5120.0,1,4125.0,1,4688.0,1,0.0,1,0.0,3585.1667,3768.5815,115.0
680,2013-09-19,3433.0,598.0,1.0,0.0,0,0.0,4.0,-0.9785565,-0.20597862,-1.0,-1.8369701e-16,3,0,0,1,3693.0,1,3910.0,1,0.0,1,4993.0,1,5456.0,1,3884.0,1,4705.0,1,5630.0,3628.3,3751.7856,-217.0
680,2013-09-20,4030.0,669.0,1.0,0.0,0,0.0,5.0,-0.9785565,-0.20597862,-1.0,-1.8369701e-16,3,0,0,1,3433.0,1,3693.0,1,3795.0,1,4108.0,1,0.0,1,3686.0,1,4943.0,1,6604.0,3550.18,3680.9443,-260.0
680,2013-09-21,5458.0,849.0,1.0,0.0,0,0.0,6.0,-0.9785565,-0.20597862,-1.0,-1.8369701e-16,3,0,0,1,4030.0,1,3433.0,1,3910.0,1,4905.0,1,6149.0,1,3547.0,1,3989.0,1,7115.0,3742.108,3758.5122,597.0
680,2013-09-22,0.0,0.0,0.0,0.0,0,0.0,7.0,-0.9785565,-0.20597862,-1.0,-1.8369701e-16,3,0,0,1,5458.0,1,4030.0,1,3693.0,1,5894.0,1,5120.0,1,4125.0,1,4681.0,1,5599.0,4428.465,4136.1763,1428.0
680,2013-09-23,4804.0,679.0,1.0,1.0,0,0.0,1.0,-0.9960498,-0.08879589,-1.0,-1.8369701e-16,3,0,0,1,0.0,1,5458.0,1,3433.0,1,0.0,1,4993.0,1,5456.0,1,6237.0,1,4701.0,2657.0789,3217.026,-5458.0
680,2013-09-24,4317.0,668.0,1.0,1.0,0,0.0,2.0,-0.9960498,-0.08879589,-1.0,-1.8369701e-16,3,0,0,1,4804.0,1,0.0,1,4030.0,1,3795.0,1,4108.0,1,0.0,1,6528.0,1,5361.0,3515.8474,3569.6868,4804.0
680,2013-09-25,4299.0,710.0,1.0,1.0,0,0.0,3.0,-0.9960498,-0.08879589,-1.0,-1.8369701e-16,3,0,0,1,4317.0,1,4804.0,1,5458.0,1,3910.0,1,4905.0,1,6149.0,1,0.0,1,0.0,3836.3083,3735.7563,-487.0
680,2013-09-26,4087.0,628.0,1.0,1.0,0,0.0,4.0,-0.9960498,-0.08879589,-1.0,-1.8369701e-16,3,0,0,1,4299.0,1,4317.0,1,0.0,1,3693.0,1,5894.0,1,5120.0,1,4688.0,1,4624.0,4021.385,3860.9216,-18.0
680,2013-09-27,4963.0,776.0,1.0,1.0,0,0.0,5.0,-0.9960498,-0.08879589,-1.0,-1.8369701e-16,3,0,0,1,4087.0,1,4299.0,1,4804.0,1,3433.0,1,0.0,1,4993.0,1,3884.0,1,4143.0,4047.631,3911.1614,-212.0
680,2013-09-28,5320.0,788.0,1.0,0.0,0,0.0,6.0,-0.9960498,-0.08879589,-1.0,-1.8369701e-16,3,0,0,1,4963.0,1,4087.0,1,4317.0,1,4030.0,1,3795.0,1,4108.0,1,3686.0,1,4112.0,4413.779,4144.9033,876.0
680,2013-09-29,0.0,0.0,0.0,0.0,0,0.0,7.0,-0.9960498,-0.08879589,-1.0,-1.8369701e-16,3,0,0,1,5320.0,1,4963.0,1,4299.0,1,5458.0,1,3910.0,1,4905.0,1,3547.0,1,4072.0,4776.267,4406.0356,357.0
680,2013-09-30,4533.0,695.0,1.0,0.0,0,0.0,1.0,-0.99956083,0.029633328,-1.0,-1.8369701e-16,3,0,1,1,0.0,1,5320.0,1,4087.0,1,0.0,1,3693.0,1,5894.0,1,4125.0,1,4117.0,2865.7603,3426.9167,-5320.0
680,2013-10-01,4348.0,692.0,1.0,0.0,0,0.0,2.0,-0.99956083,0.029633328,-0.8660254,0.5,4,1,0,1,4533.0,1,0.0,1,4963.0,1,4804.0,1,3433.0,1,0.0,1,5456.0,1,5486.0,3532.6562,3672.7131,4533.0
680,2013-10-02,4678.0,773.0,1.0,0.0,0,0.0,3.0,-0.99956083,0.029633328,-0.8660254,0.5,4,0,0,1,4348.0,1,4533.0,1,5320.0,1,4317.0,1,4030.0,1,3795.0,1,0.0,1,0.0,3858.7937,3822.7769,-185.0
680,2013-10-03,0.0,0.0,0.0,0.0,1,0.0,4.0,-0.99956083,0.029633328,-0.8660254,0.5,4,0,0,1,4678.0,1,4348.0,1,0.0,1,4299.0,1,5458.0,1,3910.0,1,6149.0,1,5902.0,4186.476,4012.8264,330.0
680,2013-10-04,5789.0,912.0,1.0,0.0,0,1.0,5.0,-0.99956083,0.029633328,-0.8660254,0.5,4,0,0,1,0.0,1,4678.0,1,4533.0,1,4087.0,1,0.0,1,3693.0,1,5120.0,1,5338.0,2511.8857,3121.0872,-4678.0
680,2013-10-05,5284.0,846.0,1.0,0.0,0,0.0,6.0,-0.99956083,0.029633328,-0.8660254,0.5,4,0,0,1,5789.0,1,0.0,1,4348.0,1,4963.0,1,4804.0,1,3433.0,1,4993.0,1,4898.0,3822.7314,3713.9568,5789.0
680,2013-10-06,0.0,0.0,0.0,0.0,0,0.0,7.0,-0.99956083,0.029633328,-0.8660254,0.5,4,0,0,1,5284.0,1,5789.0,1,4678.0,1,5320.0,1,4317.0,1,4030.0,1,4108.0,1,4039.0,4407.239,4062.8552,-505.0
680,2013-10-07,5098.0,809.0,1.0,1.0,0,1.0,1.0,-0.9890402,0.14764656,-0.8660254,0.5,4,0,0,1,0.0,1,5284.0,1,0.0,1,0.0,1,4299.0,1,5458.0,1,4905.0,1,4443.0,2644.3433,3159.9985,-5284.0
680,2013-10-08,4802.0,728.0,1.0,1.0,0,1.0,2.0,-0.9890402,0.14764656,-0.8660254,0.5,4,0,0,1,5098.0,1,0.0,1,5789.0,1,4533.0,1,4087.0,1,0.0,1,5894.0,1,4973.0,3625.806,3590.6655,5098.0
680,2013-10-09,5015.0,769.0,1.0,1.0,0,1.0,3.0,-0.9890402,0.14764656,-0.8660254,0.5,4,0,0,1,4802.0,1,5098.0,1,5284.0,1,4348.0,1,4963.0,1,4804.0,1,0.0,1,0.0,4096.2837,3859.8508,-296.0
680,2013-10-10,4094.0,668.0,1.0,1.0,0,1.0,4.0,-0.9890402,0.14764656,-0.8660254,0.5,4,0,0,1,5015.0,1,4802.0,1,0.0,1,4678.0,1,5320.0,1,4317.0,1,3795.0,1,4022.0,4463.77,4116.551,213.0
680,2013-10-11,4291.0,687.0,1.0,1.0,0,1.0,5.0,-0.9890402,0.14764656,-0.8660254,0.5,4,0,0,1,4094.0,1,5015.0,1,5098.0,1,0.0,1,0.0,1,4299.0,1,3910.0,1,3701.0,4315.8623,4111.5396,-921.0
680,2013-10-12,4811.0,759.0,1.0,0.0,0,0.0,6.0,-0.9890402,0.14764656,-0.8660254,0.5,4,0,0,1,4291.0,1,4094.0,1,4802.0,1,5789.0,1,4533.0,1,4087.0,1,3693.0,1,3539.0,4305.9175,4151.4194,197.0
680,2013-10-13,0.0,0.0,0.0,0.0,0,0.0,7.0,-0.9890402,0.14764656,-0.8660254,0.5,4,0,0,1,4811.0,1,4291.0,1,5015.0,1,5284.0,1,4348.0,1,4963.0,1,3433.0,1,3075.0,4507.95,4297.993,520.0
680,2013-10-14,4793.0,737.0,1.0,0.0,0,1.0,1.0,-0.9646356,0.26358718,-0.8660254,0.5,4,0,0,1,0.0,1,4811.0,1,4094.0,1,0.0,1,4678.0,1,5320.0,1,4030.0,1,3601.0,2704.7703,3342.8835,-4811.0
680,2013-10-15,4151.0,700.0,1.0,0.0,0,1.0,2.0,-0.9646356,0.26358718,-0.8660254,0.5,4,0,0,1,4793.0,1,0.0,1,4291.0,1,5098.0,1,0.0,1,0.0,1,5458.0,1,4903.0,3540.062,3665.1316,4793.0
680,2013-10-16,4864.0,745.0,1.0,0.0,0,1.0,3.0,-0.9646356,0.26358718,-0.8660254,0.5,4,0,0,1,4151.0,1,4793.0,1,4811.0,1,4802.0,1,5789.0,1,4533.0,1,0.0,1,0.0,3784.4373,3773.1023,-642.0
680,2013-10-17,4453.0,710.0,1.0,0.0,0,1.0,4.0,-0.9646356,0.26358718,-0.8660254,0.5,4,0,0,1,4864.0,1,4151.0,1,0.0,1,5015.0,1,5284.0,1,4348.0,1,4804.0,1,4705.0,4216.262,4015.524,713.0
680,2013-10-18,4767.0,777.0,1.0,0.0,0,1.0,5.0,-0.9646356,0.26358718,-0.8660254,0.5,4,0,0,1,4453.0,1,4864.0,1,4793.0,1,4094.0,1,0.0,1,4678.0,1,4317.0,1,4943.0,4310.9575,4112.7407,-411.0
680,2013-10-19,5146.0,812.0,1.0,0.0,0,0.0,6.0,-0.9646356,0.26358718,-0.8660254,0.5,4,0,0,1,4767.0,1,4453.0,1,4151.0,1,4291.0,1,5098.0,1,0.0,1,4299.0,1,3989.0,4493.3745,4258.132,314.0
680,2013-10-20,0.0,0.0,0.0,0.0,0,0.0,7.0,-0.9646356,0.26358718,-0.8660254,0.5,4,0,0,1,5146.0,1,4767.0,1,4864.0,1,4811.0,1,4802.0,1,5789.0,1,4087.0,1,4681.0,4754.425,4455.436,379.0
680,2013-10-21,5104.0,805.0,1.0,1.0,0,0.0,1.0,-0.9266896,0.37582758,-0.8660254,0.5,4,0,0,1,0.0,1,5146.0,1,4453.0,1,0.0,1,5015.0,1,5284.0,1,4963.0,1,6237.0,2852.6548,3465.339,-5146.0
680,2013-10-22,4290.0,710.0,1.0,1.0,0,0.0,2.0,-0.9266896,0.37582758,-0.8660254,0.5,4,0,0,1,5104.0,1,0.0,1,4767.0,1,4793.0,1,4094.0,1,0.0,1,5320.0,1,6528.0,3753.1929,3829.4858,5104.0
680,2013-10-23,4264.0,704.0,1.0,1.0,0,0.0,3.0,-0.9266896,0.37582758,-0.8660254,0.5,4,0,0,1,4290.0,1,5104.0,1,5146.0,1,4151.0,1,4291.0,1,5098.0,1,0.0,1,0.0,3967.9158,3931.8223,-814.0
680,2013-10-24,3950.0,599.0,1.0,1.0,0,0.0,4.0,-0.9266896,0.37582758,-0.8660254,0.5,4,0,0,1,4264.0,1,4290.0,1,0.0,1,4864.0,1,4811.0,1,4802.0,1,4533.0,1,4688.0,4086.3494,4005.6396,-26.0
680,2013-10-25,4423.0,712.0,1.0,1.0,0,0.0,5.0,-0.9266896,0.37582758,-0.8660254,0.5,4,0,0,1,3950.0,1,4264.0,1,5104.0,1,4453.0,1,0.0,1,5015.0,1,4348.0,1,3884.0,4031.8096,3993.2751,-314.0
680,2013-10-26,4903.0,830.0,1.0,0.0,0,0.0,6.0,-0.9266896,0.37582758,-0.8660254,0.5,4,0,0,1,4423.0,1,3950.0,1,4290.0,1,4767.0,1,4793.0,1,4094.0,1,4678.0,1,3686.0,4188.2856,4088.7695,473.0
680,2013-10-27,0.0,0.0,0.0,0.0,0,0.0,7.0,-0.9266896,0.37582758,-0.8660254,0.5,4,0,0,1,4903.0,1,4423.0,1,4264.0,1,5146.0,1,4151.0,1,4291.0,1,0.0,1,3547.0,4474.1714,4269.71,480.0
680,2013-10-28,3565.0,592.0,1.0,0.0,0,0.0,1.0,-0.8757349,0.4827922,-0.8660254,0.5,4,0,0,1,0.0,1,4903.0,1,3950.0,1,0.0,1,4864.0,1,4811.0,1,5789.0,1,4125.0,2684.503,3320.8853,-4903.0
680,2013-10-29,3765.0,690.0,1.0,0.0,0,0.0,2.0,-0.8757349,0.4827922,-0.8660254,0.5,4,0,0,1,3565.0,1,0.0,1,4423.0,1,5104.0,1,4453.0,1,0.0,1,5284.0,1,5456.0,3036.7017,3375.133,3565.0
680,2013-10-30,4726.0,786.0,1.0,0.0,0,0.0,3.0,-0.8757349,0.4827922,-0.8660254,0.5,4,0,0,1,3765.0,1,3565.0,1,4903.0,1,4290.0,1,4767.0,1,4793.0,1,0.0,1,0.0,3328.021,3461.7703,200.0
680,2013-10-31,5090.0,807.0,1.0,0.0,0,0.0,4.0,-0.8757349,0.4827922,-0.8660254,0.5,4,0,1,1,4726.0,1,3765.0,1,0.0,1,4264.0,1,5146.0,1,4151.0,1,5098.0,1,6149.0,3887.2126,3742.7102,961.0
680,2013-11-01,4955.0,812.0,1.0,0.0,0,0.0,5.0,-0.8757349,0.4827922,-0.5,0.8660254,4,1,0,1,5090.0,1,4726.0,1,3565.0,1,3950.0,1,0.0,1,4864.0,1,4802.0,1,5120.0,4368.3276,4042.108,364.0
680,2013-11-02,6275.0,973.0,1.0,0.0,0,0.0,6.0,-0.8757349,0.4827922,-0.5,0.8660254,4,0,0,1,4955.0,1,5090.0,1,3765.0,1,4423.0,1,5104.0,1,4453.0,1,5015.0,1,4993.0,4602.9966,4244.9727,-135.0
680,2013-11-03,0.0,0.0,0.0,0.0,0,0.0,7.0,-0.8757349,0.4827922,-0.5,0.8660254,4,0,0,1,6275.0,1,4955.0,1,4726.0,1,4903.0,1,4290.0,1,4767.0,1,4094.0,1,4108.0,5271.798,4696.09,1320.0
680,2013-11-04,5401.0,809.0,1.0,1.0,0,0.0,1.0,-0.8124869,0.5829795,-0.5,0.8660254,4,0,0,1,0.0,1,6275.0,1,5090.0,1,0.0,1,4264.0,1,5146.0,1,4291.0,1,4905.0,3163.0789,3652.5144,-6275.0
680,2013-11-05,4838.0,782.0,1.0,1.0,0,0.0,2.0,-0.8124869,0.5829795,-0.5,0.8660254,4,0,0,1,5401.0,1,0.0,1,4955.0,1,3565.0,1,3950.0,1,0.0,1,4811.0,1,5894.0,4058.2473,4041.0667,5401.0
680,2013-11-06,5239.0,786.0,1.0,1.0,0,0.0,3.0,-0.8124869,0.5829795,-0.5,0.8660254,4,0,0,1,4838.0,1,5401.0,1,6275.0,1,3765.0,1,4423.0,1,5104.0,1,0.0,1,0.0,4370.1484,4218.163,-563.0
680,2013-11-07,4377.0,740.0,1.0,1.0,0,0.0,4.0,-0.8124869,0.5829795,-0.5,0.8660254,4,0,0,1,5239.0,1,4838.0,1,0.0,1,4726.0,1,4903.0,1,4290.0,1,4793.0,1,3795.0,4717.689,4445.0156,401.0
680,2013-11-08,5263.0,809.0,1.0,1.0,0,0.0,5.0,-0.8124869,0.5829795,-0.5,0.8660254,4,0,0,1,4377.0,1,5239.0,1,5401.0,1,5090.0,1,0.0,1,4264.0,1,4151.0,1,3910.0,4581.4136,4429.901,-862.0
680,2013-11-09,6607.0,1046.0,1.0,0.0,0,0.0,6.0,-0.8124869,0.5829795,-0.5,0.8660254,4,0,0,1,5263.0,1,4377.0,1,4838.0,1,4955.0,1,3565.0,1,3950.0,1,4864.0,1,3693.0,4854.048,4615.034,886.0
680,2013-11-10,0.0,0.0,0.0,0.0,0,0.0,7.0,-0.8124869,0.5829795,-0.5,0.8660254,4,0,0,1,6607.0,1,5263.0,1,5239.0,1,6275.0,1,3765.0,1,4423.0,1,4453.0,1,3433.0,5555.229,5057.6934,1344.0
680,2013-11-11,3925.0,716.0,1.0,0.0,0,0.0,1.0,-0.73783326,0.674983,-0.5,0.8660254,4,0,0,1,0.0,1,6607.0,1,4377.0,1,0.0,1,4726.0,1,4903.0,1,4767.0,1,4030.0,3333.1372,3933.7615,-6607.0
680,2013-11-12,4019.0,677.0,1.0,0.0,0,0.0,2.0,-0.73783326,0.674983,-0.5,0.8660254,4,0,0,1,3925.0,1,0.0,1,5263.0,1,5401.0,1,5090.0,1,0.0,1,5146.0,1,5458.0,3569.8823,3931.8145,3925.0
680,2013-11-13,4135.0,712.0,1.0,0.0,0,0.0,3.0,-0.73783326,0.674983,-0.5,0.8660254,4,0,0,1,4019.0,1,3925.0,1,6607.0,1,4838.0,1,4955.0,1,3565.0,1,0.0,1,0.0,3749.5295,3951.189,94.0
680,2013-11-14,3743.0,626.0,1.0,0.0,0,0.0,4.0,-0.73783326,0.674983,-0.5,0.8660254,4,0,0,1,4135.0,1,4019.0,1,0.0,1,5239.0,1,6275.0,1,3765.0,1,5104.0,1,4804.0,3903.7178,3992.036,116.0
680,2013-11-15,4157.0,729.0,1.0,0.0,0,0.0,5.0,-0.73783326,0.674983,-0.5,0.8660254,4,0,0,1,3743.0,1,4135.0,1,3925.0,1,4377.0,1,0.0,1,4726.0,1,4290.0,1,4317.0,3839.4307,3936.6946,-392.0
680,2013-11-16,6623.0,979.0,1.0,0.0,0,0.0,6.0,-0.73783326,0.674983,-0.5,0.8660254,4,0,0,1,4157.0,1,3743.0,1,4019.0,1,5263.0,1,5401.0,1,5090.0,1,4264.0,1,4299.0,3966.4583,3985.6514,414.0
680,2013-11-17,0.0,0.0,0.0,0.0,0,0.0,7.0,-0.73783326,0.674983,-0.5,0.8660254,4,0,0,1,6623.0,1,4157.0,1,4135.0,1,6607.0,1,4838.0,1,4955.0,1,3950.0,1,4087.0,5029.075,4571.729,2466.0
680,2013-11-18,5047.0,807.0,1.0,1.0,0,0.0,1.0,-0.65282214,0.75751126,-0.5,0.8660254,4,0,0,1,0.0,1,6623.0,1,3743.0,1,0.0,1,5239.0,1,6275.0,1,4423.0,1,4963.0,3017.445,3555.789,-6623.0
680,2013-11-19,5257.0,776.0,1.0,1.0,0,0.0,2.0,-0.65282214,0.75751126,-0.5,0.8660254,4,0,0,1,5047.0,1,0.0,1,4157.0,1,3925.0,1,4377.0,1,0.0,1,4903.0,1,5320.0,3829.267,3887.1692,5047.0
680,2013-11-20,5099.0,828.0,1.0,1.0,0,0.0,3.0,-0.65282214,0.75751126,-0.5,0.8660254,4,0,0,1,5257.0,1,5047.0,1,6623.0,1,4019.0,1,5263.0,1,5401.0,1,0.0,1,0.0,4400.3604,4191.576,210.0
680,2013-11-21,4779.0,753.0,1.0,1.0,0,0.0,4.0,-0.65282214,0.75751126,-0.5,0.8660254,4,0,0,1,5099.0,1,5257.0,1,0.0,1,4135.0,1,6607.0,1,4838.0,1,3565.0,1,4533.0,4679.816,4393.226,-158.0
680,2013-11-22,5487.0,835.0,1.0,1.0,0,0.0,5.0,-0.65282214,0.75751126,-0.5,0.8660254,4,0,0,1,4779.0,1,5099.0,1,5047.0,1,3743.0,1,0.0,1,5239.0,1,3765.0,1,4348.0,4719.4897,4478.9536,-320.0
680,2013-11-23,6389.0,998.0,1.0,0.0,0,0.0,6.0,-0.65282214,0.75751126,-0.5,0.8660254,4,0,0,1,5487.0,1,4779.0,1,5257.0,1,4157.0,1,3925.0,1,4377.0,1,4726.0,1,4678.0,5026.4937,4702.964,708.0
680,2013-11-24,0.0,0.0,0.0,0.0,0,0.0,7.0,-0.65282214,0.75751126,-0.5,0.8660254,4,0,0,1,6389.0,1,5487.0,1,5099.0,1,6623.0,1,4019.0,1,5263.0,1,5090.0,1,0.0,5571.496,5077.6387,902.0
680,2013-11-25,4862.0,807.0,1.0,0.0,0,0.0,1.0,-0.55864674,0.82940567,-0.5,0.8660254,4,0,0,1,0.0,1,6389.0,1,4779.0,1,0.0,1,4135.0,1,6607.0,1,4955.0,1,5789.0,3342.8977,3949.2744,-6389.0
680,2013-11-26,4503.0,696.0,1.0,0.0,0,0.0,2.0,-0.55864674,0.82940567,-0.5,0.8660254,4,0,0,1,4862.0,1,0.0,1,5487.0,1,5047.0,1,3743.0,1,0.0,1,6275.0,1,5284.0,3950.5386,4152.1025,4862.0
680,2013-11-27,5448.0,849.0,1.0,0.0,0,0.0,3.0,-0.55864674,0.82940567,-0.5,0.8660254,4,0,0,1,4503.0,1,4862.0,1,6389.0,1,5257.0,1,4157.0,1,3925.0,1,0.0,1,0.0,4171.5234,4230.0796,-359.0
680,2013-11-28,5480.0,834.0,1.0,0.0,0,0.0,4.0,-0.55864674,0.82940567,-0.5,0.8660254,4,0,0,1,5448.0,1,4503.0,1,0.0,1,5099.0,1,6623.0,1,4019.0,1,5401.0,1,5098.0,4682.114,4500.7285,945.0
680,2013-11-29,7906.0,1122.0,1.0,0.0,0,0.0,5.0,-0.55864674,0.82940567,-0.5,0.8660254,4,0,0,1,5480.0,1,5448.0,1,4862.0,1,4779.0,1,0.0,1,4135.0,1,4838.0,1,4802.0,5001.2686,4718.344,32.0
680,2013-11-30,10963.0,1414.0,1.0,0.0,0,0.0,6.0,-0.55864674,0.82940567,-0.5,0.8660254,4,0,1,1,7906.0,1,5480.0,1,4503.0,1,5487.0,1,5047.0,1,3743.0,1,5239.0,1,5015.0,6163.161,5426.7124,2426.0
680,2013-12-01,0.0,0.0,0.0,0.0,0,0.0,7.0,-0.55864674,0.82940567,-2.4492937e-16,1.0,4,1,0,1,10963.0,1,7906.0,1,5448.0,1,6389.0,1,5257.0,1,4157.0,1,4377.0,1,4094.0,8083.0967,6656.9985,3057.0
680,2013-12-02,8762.0,1198.0,1.0,1.0,0,0.0,1.0,-0.45662925,0.8896571,-2.4492937e-16,1.0,4,0,0,1,0.0,1,10963.0,1,5480.0,1,0.0,1,5099.0,1,6623.0,1,5263.0,1,4291.0,4849.858,5177.6655,-10963.0
680,2013-12-03,7394.0,1037.0,1.0,1.0,0,0.0,2.0,-0.45662925,0.8896571,-2.4492937e-16,1.0,4,0,0,1,8762.0,1,0.0,1,7906.0,1,4862.0,1,4779.0,1,0.0,1,6607.0,1,4811.0,6414.715,5974.184,8762.0
680,2013-12-04,7933.0,1133.0,1.0,1.0,0,0.0,3.0,-0.45662925,0.8896571,-2.4492937e-16,1.0,4,0,0,1,7394.0,1,8762.0,1,10963.0,1,4503.0,1,5487.0,1,5047.0,1,0.0,1,0.0,6806.4287,6289.6987,-1368.0
680,2013-12-05,4426.0,604.0,1.0,1.0,0,0.0,4.0,-0.45662925,0.8896571,-2.4492937e-16,1.0,4,0,0,1,7933.0,1,7394.0,1,0.0,1,5448.0,1,6389.0,1,5257.0,1,3925.0,1,4793.0,7257.057,6654.877,539.0
680,2013-12-06,6385.0,934.0,1.0,1.0,0,0.0,5.0,-0.45662925,0.8896571,-2.4492937e-16,1.0,4,0,0,1,4426.0,1,7933.0,1,8762.0,1,5480.0,1,0.0,1,5099.0,1,4019.0,1,4151.0,6124.6343,6159.571,-3507.0
680,2013-12-07,8454.0,1251.0,1.0,0.0,0,0.0,6.0,-0.45662925,0.8896571,-2.4492937e-16,1.0,4,0,0,1,6385.0,1,4426.0,1,7394.0,1,7906.0,1,4862.0,1,4779.0,1,4135.0,1,4864.0,6228.781,6209.6665,1959.0
680,2013-12-08,0.0,0.0,0.0,0.0,0,0.0,7.0,-0.45662925,0.8896571,-2.4492937e-16,1.0,4,0,0,1,8454.0,1,6385.0,1,7933.0,1,10963.0,1,4503.0,1,5487.0,1,3743.0,1,4453.0,7118.868,6708.407,2069.0
680,2013-12-09,6156.0,933.0,1.0,0.0,0,0.0,1.0,-0.34820163,0.93741965,-2.4492937e-16,1.0,4,0,0,1,0.0,1,8454.0,1,4426.0,1,0.0,1,5448.0,1,6389.0,1,4157.0,1,4767.0,4271.321,5217.65,-8454.0
680,2013-12-10,6435.0,974.0,1.0,0.0,0,0.0,2.0,-0.34820163,0.93741965,-2.4492937e-16,1.0,4,0,0,1,6156.0,1,0.0,1,6385.0,1,8762.0,1,5480.0,1,0.0,1,6623.0,1,5146.0,5025.1924,5426.1724,6156.0
680,2013-12-11,6148.0,920.0,1.0,0.0,0,0.0,3.0,-0.34820163,0.93741965,-2.4492937e-16,1.0,4,0,0,1,6435.0,1,6156.0,1,8454.0,1,7394.0,1,7906.0,1,4862.0,1,0.0,1,0.0,5589.1157,5650.356,279.0
680,2013-12-12,5959.0,941.0,1.0,0.0,0,0.0,4.0,-0.34820163,0.93741965,-2.4492937e-16,1.0,4,0,0,1,6148.0,1,6435.0,1,0.0,1,7933.0,1,10963.0,1,4503.0,1,5047.0,1,5104.0,5812.6694,5760.944,-287.0
680,2013-12-13,6509.0,993.0,1.0,0.0,0,0.0,5.0,-0.34820163,0.93741965,-2.4492937e-16,1.0,4,0,0,1,5959.0,1,6148.0,1,6156.0,1,4426.0,1,0.0,1,5448.0,1,5257.0,1,4290.0,5871.2017,5804.956,-189.0
680,2013-12-14,8935.0,1360.0,1.0,0.0,0,0.0,6.0,-0.34820163,0.93741965,-2.4492937e-16,1.0,4,0,0,1,6509.0,1,5959.0,1,6435.0,1,6385.0,1,8762.0,1,5480.0,1,5099.0,1,4264.0,6126.321,5961.41,550.0
680,2013-12-15,0.0,0.0,0.0,0.0,0,0.0,7.0,-0.34820163,0.93741965,-2.4492937e-16,1.0,4,0,0,1,8935.0,1,6509.0,1,6148.0,1,8454.0,1,7394.0,1,7906.0,1,4779.0,1,3950.0,7249.7925,6622.208,2426.0
680,2013-12-16,9278.0,1229.0,1.0,1.0,0,0.0,1.0,-0.23488605,0.9720229,-2.4492937e-16,1.0,4,0,0,1,0.0,1,8935.0,1,5959.0,1,0.0,1,7933.0,1,10963.0,1,5487.0,1,4423.0,4349.8755,5150.6064,-8935.0
680,2013-12-17,8914.0,1242.0,1.0,1.0,0,0.0,2.0,-0.23488605,0.9720229,-2.4492937e-16,1.0,4,0,0,1,9278.0,1,0.0,1,6509.0,1,6156.0,1,4426.0,1,0.0,1,6389.0,1,4903.0,6321.1255,6067.8047,9278.0
680,2013-12-18,7979.0,1211.0,1.0,1.0,0,0.0,3.0,-0.23488605,0.9720229,-2.4492937e-16,1.0,4,0,0,1,8914.0,1,9278.0,1,8935.0,1,6435.0,1,6385.0,1,8762.0,1,0.0,1,0.0,7358.2754,6700.2925,-364.0
680,2013-12-19,7467.0,1177.0,1.0,1.0,0,0.0,4.0,-0.23488605,0.9720229,-2.4492937e-16,1.0,4,0,0,1,7979.0,1,8914.0,1,0.0,1,6148.0,1,8454.0,1,7394.0,1,4862.0,1,3565.0,7606.565,6984.4497,-935.0
680,2013-12-20,8623.0,1351.0,1.0,1.0,0,0.0,5.0,-0.23488605,0.9720229,-2.4492937e-16,1.0,4,0,0,1,7467.0,1,7979.0,1,9278.0,1,5959.0,1,0.0,1,7933.0,1,4503.0,1,3765.0,7550.7393,7091.683,-512.0
680,2013-12-21,10266.0,1517.0,1.0,0.0,0,0.0,6.0,-0.23488605,0.9720229,-2.4492937e-16,1.0,4,0,0,1,8623.0,1,7467.0,1,8914.0,1,6509.0,1,6156.0,1,4426.0,1,5448.0,1,4726.0,7979.6436,7431.976,1156.0
680,2013-12-22,0.0,0.0,0.0,0.0,0,0.0,7.0,-0.23488605,0.9720229,-2.4492937e-16,1.0,4,0,0,1,10266.0,1,8623.0,1,7979.0,1,8935.0,1,6435.0,1,6385.0,1,5480.0,1,5090.0,8894.187,8061.759,1643.0
680,2013-12-23,11853.0,1847.0,1.0,0.0,0,1.0,1.0,-0.11827317,0.9929811,-2.4492937e-16,1.0,4,0,0,1,0.0,1,10266.0,1,7467.0,1,0.0,1,6148.0,1,8454.0,1,7906.0,1,4955.0,5336.5117,6270.257,-10266.0
680,2013-12-24,2468.0,421.0,1.0,0.0,0,1.0,2.0,-0.11827317,0.9929811,-2.4492937e-16,1.0,4,0,0,1,11853.0,1,0.0,1,8623.0,1,9278.0,1,5959.0,1,0.0,1,10963.0,1,6275.0,7943.107,7510.8667,11853.0
680,2013-12-25,0.0,0.0,0.0,0.0,3,1.0,3.0,-0.11827317,0.9929811,-2.4492937e-16,1.0,4,0,0,1,2468.0,1,11853.0,1,10266.0,1,8914.0,1,6509.0,1,6156.0,1,0.0,1,0.0,5753.064,6390.2295,-9385.0
680,2013-12-26,0.0,0.0,0.0,0.0,3,1.0,4.0,-0.11827317,0.9929811,-2.4492937e-16,1.0,4,0,0,1,0.0,1,2468.0,1,0.0,1,7979.0,1,8935.0,1,6435.0,1,8762.0,1,5401.0,3451.8386,4970.1787,-2468.0
680,2013-12-27,7748.0,1172.0,1.0,0.0,0,1.0,5.0,-0.11827317,0.9929811,-2.4492937e-16,1.0,4,0,0,1,0.0,1,0.0,1,11853.0,1,7467.0,1,0.0,1,6148.0,1,7394.0,1,4838.0,2071.103,3865.6943,0.0
680,2013-12-28,6261.0,952.0,1.0,0.0,0,0.0,6.0,-0.11827317,0.9929811,-2.4492937e-16,1.0,4,0,0,1,7748.0,1,0.0,1,2468.0,1,8623.0,1,9278.0,1,5959.0,1,7933.0,1,5239.0,4341.862,4728.429,7748.0
680,2013-12-29,0.0,0.0,0.0,0.0,0,0.0,7.0,-0.11827317,0.9929811,-2.4492937e-16,1.0,4,0,0,1,6261.0,1,7748.0,1,0.0,1,10266.0,1,8914.0,1,6509.0,1,4426.0,1,4377.0,5109.517,5069.0005,-1487.0
680,2013-12-30,9598.0,1440.0,1.0,0.0,0,1.0,1.0,0.11827317,0.9929811,-2.4492937e-16,1.0,4,0,0,1,0.0,1,6261.0,1,0.0,1,0.0,1,7979.0,1,8935.0,1,6385.0,1,5263.0,3065.7102,3942.556,-6261.0
680,2013-12-31,2560.0,387.0,1.0,0.0,0,1.0,2.0,0.11827317,0.9929811,-2.4492937e-16,1.0,4,0,1,1,9598.0,1,0.0,1,7748.0,1,11853.0,1,7467.0,1,0.0,1,8454.0,1,6607.0,5678.626,5199.3213,9598.0
680,2014-01-01,0.0,0.0,0.0,0.0,1,1.0,3.0,0.11827317,0.9929811,0.5,0.8660254,1,1,0,1,2560.0,1,9598.0,1,6261.0,1,2468.0,1,8623.0,1,9278.0,1,0.0,1,0.0,4431.176,4612.805,-7038.0
680,2014-01-02,5255.0,871.0,1.0,0.0,0,1.0,4.0,0.11827317,0.9929811,0.5,0.8660254,1,0,0,1,0.0,1,2560.0,1,0.0,1,0.0,1,10266.0,1,8914.0,1,6156.0,1,3925.0,2658.7053,3587.7375,-2560.0
680,2014-01-03,5597.0,908.0,1.0,0.0,0,1.0,5.0,0.11827317,0.9929811,0.5,0.8660254,1,0,0,1,5255.0,1,0.0,1,9598.0,1,0.0,1,0.0,1,7979.0,1,6435.0,1,4019.0,3697.2231,3958.2402,5255.0
680,2014-01-04,6049.0,957.0,1.0,0.0,0,0.0,6.0,0.11827317,0.9929811,0.5,0.8660254,1,0,0,1,5597.0,1,5255.0,1,2560.0,1,7748.0,1,11853.0,1,7467.0,1,6148.0,1,4135.0,4457.134,4322.409,342.0
680,2014-01-05,0.0,0.0,0.0,0.0,0,0.0,7.0,0.11827317,0.9929811,0.5,0.8660254,1,0,0,1,6049.0,1,5597.0,1,0.0,1,6261.0,1,2468.0,1,8623.0,1,5959.0,1,3743.0,5093.8804,4706.096,452.0
680,2014-01-06,6569.0,951.0,1.0,1.0,0,1.0,1.0,0.23488605,0.9720229,0.5,0.8660254,1,0,0,1,0.0,1,6049.0,1,5255.0,1,0.0,1,0.0,1,10266.0,1,6509.0,1,4157.0,3056.3281,3660.2969,-6049.0
680,2014-01-07,5008.0,778.0,1.0,1.0,0,0.0,2.0,0.23488605,0.9720229,0.5,0.8660254,1,0,0,1,6569.0,1,0.0,1,5597.0,1,9598.0,1,0.0,1,0.0,1,8935.0,1,6623.0,4461.397,4306.6753,6569.0
680,2014-01-08,4878.0,771.0,1.0,1.0,0,0.0,3.0,0.23488605,0.9720229,0.5,0.8660254,1,0,0,1,5008.0,1,6569.0,1,6049.0,1,2560.0,1,7748.0,1,11853.0,1,0.0,1,0.0,4680.038,4462.5254,-1561.0
680,2014-01-09,4617.0,696.0,1.0,1.0,0,0.0,4.0,0.23488605,0.9720229,0.5,0.8660254,1,0,0,1,4878.0,1,5008.0,1,0.0,1,0.0,1,6261.0,1,2468.0,1,9278.0,1,5047.0,4759.2227,4554.853,-130.0
680,2014-01-10,5429.0,822.0,1.0,1.0,0,0.0,5.0,0.23488605,0.9720229,0.5,0.8660254,1,0,0,1,4617.0,1,4878.0,1,6569.0,1,5255.0,1,0.0,1,0.0,1,8914.0,1,5257.0,4702.3335,4568.6636,-261.0
680,2014-01-11,6366.0,893.0,1.0,0.0,0,0.0,6.0,0.23488605,0.9720229,0.5,0.8660254,1,0,0,1,5429.0,1,4617.0,1,5008.0,1,5597.0,1,9598.0,1,0.0,1,7979.0,1,5099.0,4993.0,4759.849,812.0
680,2014-01-12,0.0,0.0,0.0,0.0,0,0.0,7.0,0.23488605,0.9720229,0.5,0.8660254,1,0,0,1,6366.0,1,5429.0,1,4878.0,1,6049.0,1,2560.0,1,7748.0,1,7467.0,1,4779.0,5542.2,5116.7715,937.0
680,2014-01-13,4446.0,671.0,1.0,0.0,0,0.0,1.0,0.34820163,0.93741965,0.5,0.8660254,1,0,0,1,0.0,1,6366.0,1,4617.0,1,0.0,1,0.0,1,6261.0,1,8623.0,1,5487.0,3325.32,3979.7114,-6366.0
680,2014-01-14,3731.0,674.0,1.0,0.0,0,0.0,2.0,0.34820163,0.93741965,0.5,0.8660254,1,0,0,1,4446.0,1,0.0,1,5429.0,1,6569.0,1,5255.0,1,0.0,1,10266.0,1,6389.0,3773.592,4083.331,4446.0
680,2014-01-15,3775.0,661.0,1.0,0.0,0,0.0,3.0,0.34820163,0.93741965,0.5,0.8660254,1,0,0,1,3731.0,1,4446.0,1,6366.0,1,5008.0,1,5597.0,1,9598.0,1,0.0,1,0.0,3756.5552,4005.0352,-715.0
680,2014-01-16,3509.0,634.0,1.0,0.0,0,0.0,4.0,0.34820163,0.93741965,0.5,0.8660254,1,0,0,1,3775.0,1,3731.0,1,0.0,1,4878.0,1,6049.0,1,2560.0,1,11853.0,1,4862.0,3763.933,3953.9163,44.0
680,2014-01-17,4285.0,670.0,1.0,0.0,0,0.0,5.0,0.34820163,0.93741965,0.5,0.8660254,1,0,0,1,3509.0,1,3775.0,1,4446.0,1,4617.0,1,0.0,1,0.0,1,2468.0,1,4503.0,3661.96,3855.046,-266.0
680,2014-01-18,5477.0,873.0,1.0,0.0,0,0.0,6.0,0.34820163,0.93741965,0.5,0.8660254,1,0,0,1,4285.0,1,3509.0,1,3731.0,1,5429.0,1,6569.0,1,5255.0,1,0.0,1,5448.0,3911.176,3950.5913,776.0
680,2014-01-19,0.0,0.0,0.0,0.0,0,0.0,7.0,0.34820163,0.93741965,0.5,0.8660254,1,0,0,1,5477.0,1,4285.0,1,3775.0,1,6366.0,1,5008.0,1,5597.0,1,0.0,1,5480.0,4537.5054,4289.7935,1192.0
680,2014-01-20,5438.0,817.0,1.0,1.0,0,0.0,1.0,0.45662925,0.8896571,0.5,0.8660254,1,0,0,1,0.0,1,5477.0,1,3509.0,1,0.0,1,4878.0,1,6049.0,1,7748.0,1,7906.0,2722.5034,3336.5059,-5477.0
680,2014-01-21,5014.0,748.0,1.0,1.0,0,0.0,2.0,0.45662925,0.8896571,0.5,0.8660254,1,0,0,1,5438.0,1,0.0,1,4285.0,1,4446.0,1,4617.0,1,0.0,1,6261.0,1,10963.0,3808.702,3803.5046,5438.0
680,2014-01-22,4818.0,740.0,1.0,1.0,0,0.0,3.0,0.45662925,0.8896571,0.5,0.8660254,1,0,0,1,5014.0,1,5438.0,1,5477.0,1,3731.0,1,5429.0,1,6569.0,1,0.0,1,0.0,4290.8213,4072.5037,-424.0
680,2014-01-23,4423.0,691.0,1.0,1.0,0,0.0,4.0,0.45662925,0.8896571,0.5,0.8660254,1,0,0,1,4818.0,1,5014.0,1,0.0,1,3775.0,1,6366.0,1,5008.0,1,9598.0,1,8762.0,4501.693,4238.1694,-196.0
680,2014-01-24,5257.0,828.0,1.0,1.0,0,0.0,5.0,0.45662925,0.8896571,0.5,0.8660254,1,0,0,1,4423.0,1,4818.0,1,5438.0,1,3509.0,1,0.0,1,4878.0,1,2560.0,1,7394.0,4470.216,4279.2427,-395.0
680,2014-01-25,5983.0,957.0,1.0,0.0,0,0.0,6.0,0.45662925,0.8896571,0.5,0.8660254,1,0,0,1,5257.0,1,4423.0,1,5014.0,1,4285.0,1,4446.0,1,4617.0,1,0.0,1,7933.0,4784.929,4496.5225,834.0
680,2014-01-26,0.0,0.0,0.0,0.0,0,0.0,7.0,0.45662925,0.8896571,0.5,0.8660254,1,0,0,1,5983.0,1,5257.0,1,4818.0,1,5477.0,1,3731.0,1,5429.0,1,5255.0,1,4426.0,5264.1577,4826.8506,726.0
680,2014-01-27,3418.0,620.0,1.0,0.0,0,0.0,1.0,0.55864674,0.82940567,0.5,0.8660254,1,0,0,1,0.0,1,5983.0,1,4423.0,1,0.0,1,3775.0,1,6366.0,1,5597.0,1,6385.0,3158.4946,3754.217,-5983.0
680,2014-01-28,3667.0,621.0,1.0,0.0,0,0.0,2.0,0.55864674,0.82940567,0.5,0.8660254,1,0,0,1,3418.0,1,0.0,1,5257.0,1,5438.0,1,3509.0,1,0.0,1,6049.0,1,8454.0,3262.2966,3679.5022,3418.0
680,2014-01-29,4036.0,692.0,1.0,0.0,0,0.0,3.0,0.55864674,0.82940567,0.5,0.8660254,1,0,0,1,3667.0,1,3418.0,1,5983.0,1,5014.0,1,4285.0,1,4446.0,1,0.0,1,0.0,3424.178,3676.7239,249.0
680,2014-01-30,4542.0,743.0,1.0,0.0,0,0.0,4.0,0.55864674,0.82940567,0.5,0.8660254,1,0,0,1,4036.0,1,3667.0,1,0.0,1,4818.0,1,5477.0,1,3731.0,1,6569.0,1,6156.0,3668.9067,3756.563,369.0
680,2014-01-31,6581.0,945.0,1.0,0.0,0,0.0,5.0,0.55864674,0.82940567,0.5,0.8660254,1,0,1,1,4542.0,1,4036.0,1,3418.0,1,4423.0,1,0.0,1,3775.0,1,5008.0,1,6435.0,4018.144,3931.1047,506.0
680,2014-02-01,6956.0,1075.0,1.0,0.0,0,0.0,6.0,0.55864674,0.82940567,0.8660254,0.5,1,1,0,1,6581.0,1,4542.0,1,3667.0,1,5257.0,1,5438.0,1,3509.0,1,4878.0,1,6148.0,5043.2866,4519.97,2039.0
680,2014-02-02,0.0,0.0,0.0,0.0,0,0.0,7.0,0.55864674,0.82940567,0.8660254,0.5,1,0,0,1,6956.0,1,6581.0,1,4036.0,1,5983.0,1,5014.0,1,4285.0,1,4617.0,1,5959.0,5808.372,5061.31,375.0
680,2014-02-03,6390.0,997.0,1.0,1.0,0,0.0,1.0,0.65282214,0.75751126,0.8660254,0.5,1,0,0,1,0.0,1,6956.0,1,4542.0,1,0.0,1,4818.0,1,5477.0,1,5429.0,1,6509.0,3485.0232,3936.5747,-6956.0
680,2014-02-04,5301.0,857.0,1.0,1.0,0,0.0,2.0,0.65282214,0.75751126,0.8660254,0.5,1,0,0,1,6390.0,1,0.0,1,6581.0,1,3418.0,1,4423.0,1,0.0,1,6366.0,1,8935.0,4647.0137,4481.7803,6390.0
680,2014-02-05,5214.0,796.0,1.0,1.0,0,0.0,3.0,0.65282214,0.75751126,0.8660254,0.5,1,0,0,1,5301.0,1,6390.0,1,6956.0,1,3667.0,1,5257.0,1,5438.0,1,0.0,1,0.0,4908.6084,4663.829,-1089.0
680,2014-02-06,4621.0,721.0,1.0,1.0,0,0.0,4.0,0.65282214,0.75751126,0.8660254,0.5,1,0,0,1,5214.0,1,5301.0,1,0.0,1,4036.0,1,5983.0,1,5014.0,1,4446.0,1,9278.0,5030.765,4786.0894,-87.0
680,2014-02-07,4752.0,753.0,1.0,1.0,0,0.0,5.0,0.65282214,0.75751126,0.8660254,0.5,1,0,0,1,4621.0,1,5214.0,1,6390.0,1,4542.0,1,0.0,1,4818.0,1,3731.0,1,8914.0,4866.859,4749.403,-593.0
680,2014-02-08,6864.0,1018.0,1.0,0.0,0,0.0,6.0,0.65282214,0.75751126,0.8660254,0.5,1,0,0,1,4752.0,1,4621.0,1,5301.0,1,6581.0,1,3418.0,1,4423.0,1,3775.0,1,7979.0,4820.9155,4749.98,131.0
680,2014-02-09,0.0,0.0,0.0,0.0,0,0.0,7.0,0.65282214,0.75751126,0.8660254,0.5,1,0,0,1,6864.0,1,4752.0,1,5214.0,1,6956.0,1,3667.0,1,5257.0,1,3509.0,1,7467.0,5638.1494,5219.762,2112.0
680,2014-02-10,5246.0,799.0,1.0,0.0,0,0.0,1.0,0.73783326,0.674983,0.8660254,0.5,1,0,0,1,0.0,1,6864.0,1,4621.0,1,0.0,1,4036.0,1,5983.0,1,4285.0,1,8623.0,3382.8896,4059.815,-6864.0
680,2014-02-11,4269.0,716.0,1.0,0.0,0,0.0,2.0,0.73783326,0.674983,0.8660254,0.5,1,0,0,1,5246.0,1,0.0,1,4752.0,1,6390.0,1,4542.0,1,0.0,1,5477.0,1,10266.0,4128.134,4323.4116,5246.0
680,2014-02-12,4578.0,763.0,1.0,0.0,0,0.0,3.0,0.73783326,0.674983,0.8660254,0.5,1,0,0,1,4269.0,1,5246.0,1,6864.0,1,5301.0,1,6581.0,1,3418.0,1,0.0,1,0.0,4184.4805,4311.3203,-977.0
680,2014-02-13,4721.0,784.0,1.0,0.0,0,0.0,4.0,0.73783326,0.674983,0.8660254,0.5,1,0,0,1,4578.0,1,4269.0,1,0.0,1,5214.0,1,6956.0,1,3667.0,1,5438.0,1,11853.0,4341.888,4370.5825,309.0
680,2014-02-14,5399.0,785.0,1.0,0.0,0,0.0,5.0,0.73783326,0.674983,0.8660254,0.5,1,0,0,1,4721.0,1,4578.0,1,5246.0,1,4621.0,1,0.0,1,4036.0,1,5014.0,1,2468.0,4493.5327,4448.453,143.0
680,2014-02-15,5542.0,877.0,1.0,0.0,0,0.0,6.0,0.73783326,0.674983,0.8660254,0.5,1,0,0,1,5399.0,1,4721.0,1,4269.0,1,4752.0,1,6390.0,1,4542.0,1,4818.0,1,0.0,4855.7197,4659.6855,678.0
680,2014-02-16,0.0,0.0,0.0,0.0,0,0.0,7.0,0.73783326,0.674983,0.8660254,0.5,1,0,0,1,5542.0,1,5399.0,1,4578.0,1,6864.0,1,5301.0,1,6581.0,1,4423.0,1,0.0,5130.232,4855.7554,143.0
680,2014-02-17,5736.0,868.0,1.0,1.0,0,0.0,1.0,0.8124869,0.5829795,0.8660254,0.5,1,0,0,1,0.0,1,5542.0,1,4721.0,1,0.0,1,5214.0,1,6956.0,1,5257.0,1,7748.0,3078.1392,3776.6987,-5542.0
680,2014-02-18,5243.0,752.0,1.0,1.0,0,0.0,2.0,0.8124869,0.5829795,0.8660254,0.5,1,0,0,1,5736.0,1,0.0,1,5399.0,1,5246.0,1,4621.0,1,0.0,1,5983.0,1,6261.0,4141.2837,4212.099,5736.0
680,2014-02-19,4704.0,712.0,1.0,1.0,0,0.0,3.0,0.8124869,0.5829795,0.8660254,0.5,1,0,0,1,5243.0,1,5736.0,1,5542.0,1,4269.0,1,4752.0,1,6390.0,1,0.0,1,0.0,4581.97,4441.188,-493.0
680,2014-02-20,4281.0,600.0,1.0,1.0,0,0.0,4.0,0.8124869,0.5829795,0.8660254,0.5,1,0,0,1,4704.0,1,5243.0,1,0.0,1,4578.0,1,6864.0,1,5301.0,1,3418.0,1,9598.0,4630.782,4499.591,-539.0
680,2014-02-21,5103.0,788.0,1.0,1.0,0,0.0,5.0,0.8124869,0.5829795,0.8660254,0.5,1,0,0,1,4281.0,1,4704.0,1,5736.0,1,4721.0,1,0.0,1,5214.0,1,3667.0,1,2560.0,4490.869,4451.015,-423.0
680,2014-02-22,5555.0,891.0,1.0,0.0,0,0.0,6.0,0.8124869,0.5829795,0.8660254,0.5,1,0,0,1,5103.0,1,4281.0,1,5243.0,1,5399.0,1,5246.0,1,4621.0,1,4036.0,1,0.0,4735.7217,4595.9004,822.0
680,2014-02-23,0.0,0.0,0.0,0.0,0,0.0,7.0,0.8124869,0.5829795,0.8660254,0.5,1,0,0,1,5555.0,1,5103.0,1,4704.0,1,5542.0,1,4269.0,1,4752.0,1,4542.0,1,5255.0,5063.433,4809.0337,452.0
680,2014-02-24,3860.0,659.0,1.0,0.0,0,0.0,1.0,0.8757349,0.4827922,0.8660254,0.5,1,0,0,1,0.0,1,5555.0,1,4281.0,1,0.0,1,4578.0,1,6864.0,1,6581.0,1,5597.0,3038.0598,3740.3596,-5555.0
680,2014-02-25,3370.0,582.0,1.0,0.0,0,0.0,2.0,0.8757349,0.4827922,0.8660254,0.5,1,0,0,1,3860.0,1,0.0,1,5103.0,1,5736.0,1,4721.0,1,0.0,1,6956.0,1,6049.0,3366.836,3766.9463,3860.0
680,2014-02-26,3381.0,602.0,1.0,0.0,0,0.0,3.0,0.8757349,0.4827922,0.8660254,0.5,1,0,0,1,3370.0,1,3860.0,1,5555.0,1,5243.0,1,5399.0,1,5246.0,1,0.0,1,0.0,3368.1016,3678.736,-490.0
680,2014-02-27,3915.0,654.0,1.0,0.0,0,0.0,4.0,0.8757349,0.4827922,0.8660254,0.5,1,0,0,1,3381.0,1,3370.0,1,0.0,1,4704.0,1,5542.0,1,4269.0,1,6390.0,1,6569.0,3373.261,3612.5725,11.0
680,2014-02-28,5963.0,887.0,1.0,0.0,0,0.0,5.0,0.8757349,0.4827922,0.8660254,0.5,1,0,1,1,3915.0,1,3381.0,1,3860.0,1,4281.0,1,0.0,1,4578.0,1,5301.0,1,5008.0,3589.9565,3679.7786,534.0
680,2014-03-01,7238.0,1037.0,1.0,0.0,0,0.0,6.0,0.8757349,0.4827922,1.0,6.123234e-17,1,1,0,1,5963.0,1,3915.0,1,3370.0,1,5103.0,1,5736.0,1,4721.0,1,5214.0,1,4878.0,4539.174,4187.161,2048.0
680,2014-03-02,0.0,0.0,0.0,0.0,0,0.0,7.0,0.8757349,0.4827922,1.0,6.123234e-17,1,0,0,1,7238.0,1,5963.0,1,3381.0,1,5555.0,1,5243.0,1,5399.0,1,4621.0,1,4617.0,5618.7046,4865.1255,1275.0
680,2014-03-03,6123.0,850.0,1.0,1.0,0,0.0,1.0,0.9266896,0.37582758,1.0,6.123234e-17,1,0,0,1,0.0,1,7238.0,1,3915.0,1,0.0,1,4704.0,1,5542.0,1,4752.0,1,5429.0,3371.2227,3783.9863,-7238.0
680,2014-03-04,5441.0,768.0,1.0,1.0,0,0.0,2.0,0.9266896,0.37582758,1.0,6.123234e-17,1,0,0,1,6123.0,1,0.0,1,5963.0,1,3860.0,1,4281.0,1,0.0,1,6864.0,1,6366.0,4471.9336,4303.767,6123.0
680,2014-03-05,4692.0,729.0,1.0,1.0,0,0.0,3.0,0.9266896,0.37582758,1.0,6.123234e-17,1,0,0,1,5441.0,1,6123.0,1,7238.0,1,3370.0,1,5103.0,1,5736.0,1,0.0,1,0.0,4859.56,4556.4854,-682.0
680,2014-03-06,4755.0,727.0,1.0,1.0,0,0.0,4.0,0.9266896,0.37582758,1.0,6.123234e-17,1,0,0,1,4692.0,1,5441.0,1,0.0,1,3381.0,1,5555.0,1,5243.0,1,5246.0,1,4446.0,4792.536,4586.6,-749.0
680,2014-03-07,5440.0,800.0,1.0,1.0,0,0.0,5.0,0.9266896,0.37582758,1.0,6.123234e-17,1,0,0,1,4755.0,1,4692.0,1,6123.0,1,3915.0,1,0.0,1,4704.0,1,4269.0,1,3731.0,4777.5215,4624.022,63.0
680,2014-03-08,5423.0,858.0,1.0,0.0,0,0.0,6.0,0.9266896,0.37582758,1.0,6.123234e-17,1,0,0,1,5440.0,1,4755.0,1,5441.0,1,5963.0,1,3860.0,1,4281.0,1,4578.0,1,3775.0,5042.513,4805.3506,685.0
680,2014-03-09,0.0,0.0,0.0,0.0,0,0.0,7.0,0.9266896,0.37582758,1.0,6.123234e-17,1,0,0,1,5423.0,1,5440.0,1,4692.0,1,7238.0,1,3370.0,1,5103.0,1,4721.0,1,3509.0,5194.708,4942.606,-17.0
680,2014-03-10,3446.0,609.0,1.0,0.0,0,0.0,1.0,0.9646356,0.26358718,1.0,6.123234e-17,1,0,0,1,0.0,1,5423.0,1,4755.0,1,0.0,1,3381.0,1,5555.0,1,5399.0,1,4285.0,3116.8247,3844.249,-5423.0
680,2014-03-11,3606.0,629.0,1.0,0.0,0,0.0,2.0,0.9646356,0.26358718,1.0,6.123234e-17,1,0,0,1,3446.0,1,0.0,1,5440.0,1,6123.0,1,3915.0,1,0.0,1,5542.0,1,5477.0,3248.4949,3755.7493,3446.0
680,2014-03-12,3332.0,602.0,1.0,0.0,0,0.0,3.0,0.9646356,0.26358718,1.0,6.123234e-17,1,0,0,1,3606.0,1,3446.0,1,5423.0,1,5441.0,1,5963.0,1,3860.0,1,0.0,1,0.0,3391.4968,3722.4717,160.0
680,2014-03-13,3736.0,621.0,1.0,0.0,0,0.0,4.0,0.9646356,0.26358718,1.0,6.123234e-17,1,0,0,1,3332.0,1,3606.0,1,0.0,1,4692.0,1,7238.0,1,3370.0,1,5736.0,1,5438.0,3367.6982,3635.7002,-274.0
680,2014-03-14,4435.0,673.0,1.0,0.0,0,0.0,5.0,0.9646356,0.26358718,1.0,6.123234e-17,1,0,0,1,3736.0,1,3332.0,1,3446.0,1,4755.0,1,0.0,1,3381.0,1,5243.0,1,5014.0,3515.0188,3657.989,404.0
680,2014-03-15,5786.0,899.0,1.0,0.0,0,0.0,6.0,0.9646356,0.26358718,1.0,6.123234e-17,1,0,0,1,4435.0,1,3736.0,1,3606.0,1,5440.0,1,6123.0,1,3915.0,1,4704.0,1,4818.0,3883.0112,3830.6582,699.0
680,2014-03-16,0.0,0.0,0.0,0.0,0,0.0,7.0,0.9646356,0.26358718,1.0,6.123234e-17,1,0,0,1,5786.0,1,4435.0,1,3332.0,1,5423.0,1,5441.0,1,5963.0,1,4281.0,1,4423.0,4644.207,4265.1787,1351.0
680,2014-03-17,5032.0,764.0,1.0,1.0,0,0.0,1.0,0.9890402,0.14764656,1.0,6.123234e-17,1,0,0,1,0.0,1,5786.0,1,3736.0,1,0.0,1,4692.0,1,7238.0,1,5103.0,1,5257.0,2786.5242,3317.361,-5786.0
680,2014-03-18,5356.0,719.0,1.0,1.0,0,0.0,2.0,0.9890402,0.14764656,1.0,6.123234e-17,1,0,0,1,5032.0,1,0.0,1,4435.0,1,3446.0,1,4755.0,1,0.0,1,5555.0,1,5983.0,3684.7144,3698.3918,5032.0
680,2014-03-19,4747.0,723.0,1.0,1.0,0,0.0,3.0,0.9890402,0.14764656,1.0,6.123234e-17,1,0,0,1,5356.0,1,5032.0,1,5786.0,1,3606.0,1,5440.0,1,6123.0,1,0.0,1,0.0,4353.2285,4066.7493,324.0
680,2014-03-20,3758.0,638.0,1.0,1.0,0,0.0,4.0,0.9890402,0.14764656,1.0,6.123234e-17,1,0,0,1,4747.0,1,5356.0,1,0.0,1,3332.0,1,5423.0,1,5441.0,1,3860.0,1,3418.0,4510.7373,4217.916,-609.0
680,2014-03-21,4126.0,662.0,1.0,1.0,0,0.0,5.0,0.9890402,0.14764656,1.0,6.123234e-17,1,0,0,1,3758.0,1,4747.0,1,5032.0,1,3736.0,1,0.0,1,4692.0,1,3370.0,1,3667.0,4209.642,4115.7124,-989.0
680,2014-03-22,5576.0,813.0,1.0,0.0,0,0.0,6.0,0.9890402,0.14764656,1.0,6.123234e-17,1,0,0,1,4126.0,1,3758.0,1,5356.0,1,4435.0,1,3446.0,1,4755.0,1,3381.0,1,4036.0,4176.1855,4117.9985,368.0
680,2014-03-23,0.0,0.0,0.0,0.0,0,0.0,7.0,0.9890402,0.14764656,1.0,6.123234e-17,1,0,0,1,5576.0,1,4126.0,1,4747.0,1,5786.0,1,3606.0,1,5440.0,1,3915.0,1,4542.0,4736.1113,4441.999,1450.0
680,2014-03-24,3744.0,648.0,1.0,0.0,0,0.0,1.0,0.99956083,0.029633328,1.0,6.123234e-17,1,0,0,1,0.0,1,5576.0,1,3758.0,1,0.0,1,3332.0,1,5423.0,1,5963.0,1,6581.0,2841.6667,3454.8882,-5576.0
680,2014-03-25,3371.0,604.0,1.0,0.0,0,0.0,2.0,0.99956083,0.029633328,1.0,6.123234e-17,1,0,0,1,3744.0,1,0.0,1,4126.0,1,5032.0,1,3736.0,1,0.0,1,7238.0,1,6956.0,3202.6,3519.1353,3744.0
680,2014-03-26,3770.0,627.0,1.0,0.0,0,0.0,3.0,0.99956083,0.029633328,1.0,6.123234e-17,1,0,0,1,3371.0,1,3744.0,1,5576.0,1,5356.0,1,4435.0,1,3446.0,1,0.0,1,0.0,3269.96,3486.2163,-373.0
680,2014-03-27,3369.0,563.0,1.0,0.0,0,0.0,4.0,0.99956083,0.029633328,1.0,6.123234e-17,1,0,0,1,3770.0,1,3371.0,1,0.0,1,4747.0,1,5786.0,1,3606.0,1,6123.0,1,6390.0,3469.976,3549.2793,399.0
680,2014-03-28,4767.0,723.0,1.0,0.0,0,0.0,5.0,0.99956083,0.029633328,1.0,6.123234e-17,1,0,0,1,3369.0,1,3770.0,1,3744.0,1,3758.0,1,0.0,1,3332.0,1,5441.0,1,5301.0,3429.5857,3509.2173,-401.0
680,2014-03-29,6786.0,923.0,1.0,0.0,0,0.0,6.0,0.99956083,0.029633328,1.0,6.123234e-17,1,0,0,1,4767.0,1,3369.0,1,3371.0,1,4126.0,1,5032.0,1,3736.0,1,4692.0,1,5214.0,3964.5513,3788.7246,1398.0
680,2014-03-30,0.0,0.0,0.0,0.0,0,0.0,7.0,0.99956083,0.029633328,1.0,6.123234e-17,1,0,0,1,6786.0,1,4767.0,1,3770.0,1,5576.0,1,5356.0,1,4435.0,1,4755.0,1,4621.0,5093.131,4454.7856,2019.0
680,2014-03-31,6448.0,924.0,1.0,1.0,0,0.0,1.0,0.9960498,-0.08879589,1.0,6.123234e-17,1,0,1,1,0.0,1,6786.0,1,3369.0,1,0.0,1,4747.0,1,5786.0,1,5440.0,1,4752.0,3055.8784,3464.8333,-6786.0
680,2014-04-01,5632.0,791.0,1.0,1.0,0,0.0,2.0,0.9960498,-0.08879589,0.8660254,-0.5,2,1,0,1,6448.0,1,0.0,1,4767.0,1,3744.0,1,3758.0,1,0.0,1,5423.0,1,6864.0,4412.727,4127.7593,6448.0
680,2014-04-02,5408.0,766.0,1.0,1.0,0,0.0,3.0,0.9960498,-0.08879589,0.8660254,-0.5,2,0,0,1,5632.0,1,6448.0,1,6786.0,1,3371.0,1,4126.0,1,5032.0,1,0.0,1,0.0,4900.436,4462.035,-816.0
680,2014-04-03,4399.0,710.0,1.0,1.0,0,0.0,4.0,0.9960498,-0.08879589,0.8660254,-0.5,2,0,0,1,5408.0,1,5632.0,1,0.0,1,3770.0,1,5576.0,1,5356.0,1,3446.0,1,5246.0,5103.462,4672.2495,-224.0
680,2014-04-04,6084.0,862.0,1.0,1.0,0,0.0,5.0,0.9960498,-0.08879589,0.8660254,-0.5,2,0,0,1,4399.0,1,5408.0,1,6448.0,1,3369.0,1,0.0,1,4747.0,1,3606.0,1,4269.0,4821.6772,4611.5273,-1009.0
680,2014-04-05,6139.0,871.0,1.0,0.0,0,0.0,6.0,0.9960498,-0.08879589,0.8660254,-0.5,2,0,0,1,6084.0,1,4399.0,1,5632.0,1,4767.0,1,3744.0,1,3758.0,1,3332.0,1,4578.0,5326.6064,4938.7437,1685.0
680,2014-04-06,0.0,0.0,0.0,0.0,0,0.0,7.0,0.9960498,-0.08879589,0.8660254,-0.5,2,0,0,1,6139.0,1,6084.0,1,5408.0,1,6786.0,1,3371.0,1,4126.0,1,3736.0,1,4721.0,5651.564,5205.4673,55.0
680,2014-04-07,3743.0,625.0,1.0,0.0,0,0.0,1.0,0.9785565,-0.20597862,0.8660254,-0.5,2,0,0,1,0.0,1,6139.0,1,4399.0,1,0.0,1,3770.0,1,5576.0,1,4435.0,1,5399.0,3390.9382,4048.6968,-6139.0
680,2014-04-08,3814.0,683.0,1.0,0.0,0,0.0,2.0,0.9785565,-0.20597862,0.8660254,-0.5,2,0,0,1,3743.0,1,0.0,1,6084.0,1,6448.0,1,3369.0,1,0.0,1,5786.0,1,5542.0,3531.763,3980.7642,3743.0
680,2014-04-09,4318.0,681.0,1.0,0.0,0,0.0,3.0,0.9785565,-0.20597862,0.8660254,-0.5,2,0,0,1,3814.0,1,3743.0,1,6139.0,1,5632.0,1,4767.0,1,3744.0,1,0.0,1,0.0,3644.6577,3943.7053,71.0
680,2014-04-10,3890.0,636.0,1.0,0.0,0,0.0,4.0,0.9785565,-0.20597862,0.8660254,-0.5,2,0,0,1,4318.0,1,3814.0,1,0.0,1,5408.0,1,6786.0,1,3371.0,1,5032.0,1,5736.0,3913.9946,4026.882,504.0
680,2014-04-11,4011.0,690.0,1.0,0.0,0,0.0,5.0,0.9785565,-0.20597862,0.8660254,-0.5,2,0,0,1,3890.0,1,4318.0,1,3743.0,1,4399.0,1,0.0,1,3770.0,1,5356.0,1,5243.0,3904.3967,3996.4639,-428.0
680,2014-04-12,5898.0,840.0,1.0,0.0,0,0.0,6.0,0.9785565,-0.20597862,0.8660254,-0.5,2,0,0,1,4011.0,1,3890.0,1,3814.0,1,6084.0,1,6448.0,1,3369.0,1,4747.0,1,4704.0,3947.038,3999.694,121.0
680,2014-04-13,0.0,0.0,0.0,0.0,0,0.0,7.0,0.9785565,-0.20597862,0.8660254,-0.5,2,0,0,1,5898.0,1,4011.0,1,4318.0,1,6139.0,1,5632.0,1,4767.0,1,3758.0,1,4281.0,4727.423,4421.54,1887.0
680,2014-04-14,7794.0,976.0,1.0,1.0,0,0.0,1.0,0.94732636,-0.32026985,0.8660254,-0.5,2,0,0,1,0.0,1,5898.0,1,3890.0,1,0.0,1,5408.0,1,6786.0,1,4126.0,1,5103.0,2836.4536,3438.9753,-5898.0
680,2014-04-15,6918.0,927.0,1.0,1.0,0,0.0,2.0,0.94732636,-0.32026985,0.8660254,-0.5,2,0,0,1,7794.0,1,0.0,1,4011.0,1,3743.0,1,4399.0,1,0.0,1,5576.0,1,5555.0,4819.472,4406.759,7794.0
680,2014-04-16,7004.0,962.0,1.0,1.0,0,1.0,3.0,0.94732636,-0.32026985,0.8660254,-0.5,2,0,0,1,6918.0,1,7794.0,1,5898.0,1,3814.0,1,6084.0,1,6448.0,1,0.0,1,0.0,5658.8833,4964.8125,-876.0
680,2014-04-17,7478.0,992.0,1.0,1.0,0,1.0,4.0,0.94732636,-0.32026985,0.8660254,-0.5,2,0,0,1,7004.0,1,6918.0,1,0.0,1,4318.0,1,6139.0,1,5632.0,1,3744.0,1,3860.0,6196.93,5417.9653,86.0
680,2014-04-18,0.0,0.0,0.0,1.0,2,1.0,5.0,0.94732636,-0.32026985,0.8660254,-0.5,2,0,0,1,7478.0,1,7004.0,1,7794.0,1,3890.0,1,0.0,1,5408.0,1,3371.0,1,3370.0,6709.358,5875.7505,474.0
680,2014-04-19,7902.0,1147.0,1.0,0.0,0,0.0,6.0,0.94732636,-0.32026985,0.8660254,-0.5,2,0,0,1,0.0,1,7478.0,1,6918.0,1,4011.0,1,3743.0,1,4399.0,1,3770.0,1,3381.0,4025.6147,4570.0283,-7478.0
680,2014-04-20,0.0,0.0,0.0,0.0,0,0.0,7.0,0.94732636,-0.32026985,0.8660254,-0.5,2,0,0,1,7902.0,1,0.0,1,7004.0,1,5898.0,1,3814.0,1,6084.0,1,3369.0,1,3915.0,5576.169,5310.4663,7902.0
680,2014-04-21,0.0,0.0,0.0,0.0,2,1.0,1.0,0.9027978,-0.4300652,0.8660254,-0.5,2,0,0,1,0.0,1,7902.0,1,7478.0,1,0.0,1,4318.0,1,6139.0,1,4767.0,1,5963.0,3345.7014,4130.363,-7902.0
680,2014-04-22,4975.0,818.0,1.0,0.0,0,1.0,2.0,0.9027978,-0.4300652,0.8660254,-0.5,2,0,0,1,0.0,1,0.0,1,0.0,1,7794.0,1,3890.0,1,0.0,1,6786.0,1,7238.0,2007.4208,3212.5044,0.0
680,2014-04-23,4347.0,752.0,1.0,0.0,0,1.0,3.0,0.9027978,-0.4300652,0.8660254,-0.5,2,0,0,1,4975.0,1,0.0,1,7902.0,1,6918.0,1,4011.0,1,3743.0,1,0.0,1,0.0,3194.4524,3604.1702,4975.0
680,2014-04-24,4304.0,703.0,1.0,0.0,0,1.0,4.0,0.9027978,-0.4300652,0.8660254,-0.5,2,0,0,1,4347.0,1,4975.0,1,0.0,1,7004.0,1,5898.0,1,3814.0,1,6448.0,1,6123.0,3655.4714,3769.2434,-628.0
680,2014-04-25,3614.0,587.0,1.0,0.0,0,1.0,5.0,0.9027978,-0.4300652,0.8660254,-0.5,2,0,0,1,4304.0,1,4347.0,1,0.0,1,7478.0,1,0.0,1,4318.0,1,5632.0,1,5441.0,3914.8828,3888.0781,-43.0
680,2014-04-26,5430.0,731.0,1.0,0.0,0,0.0,6.0,0.9027978,-0.4300652,0.8660254,-0.5,2,0,0,1,3614.0,1,4304.0,1,4975.0,1,0.0,1,7794.0,1,3890.0,1,5408.0,1,4692.0,3794.5298,3827.1719,-690.0
680,2014-04-27,0.0,0.0,0.0,0.0,0,0.0,7.0,0.9027978,-0.4300652,0.8660254,-0.5,2,0,0,1,5430.0,1,3614.0,1,4347.0,1,7902.0,1,6918.0,1,4011.0,1,4399.0,1,4755.0,4448.718,4183.356,1816.0
680,2014-04-28,5063.0,787.0,1.0,1.0,0,1.0,1.0,0.845596,-0.5338234,0.8660254,-0.5,2,0,0,1,0.0,1,5430.0,1,4304.0,1,0.0,1,7004.0,1,5898.0,1,6084.0,1,5440.0,2669.2307,3253.7212,-5430.0
680,2014-04-29,5489.0,776.0,1.0,1.0,0,1.0,2.0,0.845596,-0.5338234,0.8660254,-0.5,2,0,0,1,5063.0,1,0.0,1,3614.0,1,0.0,1,7478.0,1,0.0,1,6139.0,1,5423.0,3626.7385,3655.7832,5063.0
680,2014-04-30,6656.0,931.0,1.0,1.0,0,1.0,3.0,0.845596,-0.5338234,0.8660254,-0.5,2,0,1,1,5489.0,1,5063.0,1,5430.0,1,4975.0,1,0.0,1,7794.0,1,0.0,1,0.0,4371.643,4063.1648,426.0
680,2014-05-01,0.0,0.0,0.0,1.0,1,1.0,4.0,0.845596,-0.5338234,0.5,-0.8660254,2,1,0,1,6656.0,1,5489.0,1,0.0,1,4347.0,1,7902.0,1,6918.0,1,3743.0,1,3446.0,5285.3857,4639.3506,1167.0
680,2014-05-02,7728.0,1104.0,1.0,1.0,0,1.0,5.0,0.845596,-0.5338234,0.5,-0.8660254,2,0,0,1,0.0,1,6656.0,1,5063.0,1,4304.0,1,0.0,1,7004.0,1,3814.0,1,3606.0,3171.2314,3608.3835,-6656.0
680,2014-05-03,6327.0,937.0,1.0,0.0,0,0.0,6.0,0.845596,-0.5338234,0.5,-0.8660254,2,0,0,1,7728.0,1,0.0,1,5489.0,1,3614.0,1,0.0,1,7478.0,1,4318.0,1,3332.0,4993.939,4523.854,7728.0
680,2014-05-04,0.0,0.0,0.0,0.0,0,0.0,7.0,0.845596,-0.5338234,0.5,-0.8660254,2,0,0,1,6327.0,1,7728.0,1,6656.0,1,5430.0,1,4975.0,1,0.0,1,3890.0,1,3736.0,5527.1636,4924.553,-1401.0
680,2014-05-05,6317.0,871.0,1.0,1.0,0,0.0,1.0,0.7765239,-0.63008785,0.5,-0.8660254,2,0,0,1,0.0,1,6327.0,1,0.0,1,0.0,1,4347.0,1,7902.0,1,4011.0,1,4435.0,3316.298,3830.208,-6327.0
680,2014-05-06,5278.0,790.0,1.0,1.0,0,0.0,2.0,0.7765239,-0.63008785,0.5,-0.8660254,2,0,0,1,6317.0,1,0.0,1,7728.0,1,5063.0,1,4304.0,1,0.0,1,5898.0,1,5786.0,4516.5786,4382.8286,6317.0
680,2014-05-07,4821.0,738.0,1.0,1.0,0,0.0,3.0,0.7765239,-0.63008785,0.5,-0.8660254,2,0,0,1,5278.0,1,6317.0,1,6327.0,1,5489.0,1,3614.0,1,0.0,1,0.0,1,0.0,4821.1475,4581.7554,-1039.0
680,2014-05-08,4915.0,753.0,1.0,1.0,0,0.0,4.0,0.7765239,-0.63008785,0.5,-0.8660254,2,0,0,1,4821.0,1,5278.0,1,0.0,1,6656.0,1,5430.0,1,4975.0,1,7794.0,1,5032.0,4821.0884,4634.921,-457.0
680,2014-05-09,5759.0,896.0,1.0,1.0,0,0.0,5.0,0.7765239,-0.63008785,0.5,-0.8660254,2,0,0,1,4915.0,1,4821.0,1,6317.0,1,0.0,1,0.0,1,4347.0,1,6918.0,1,5356.0,4858.653,4697.1606,94.0
680,2014-05-10,6308.0,955.0,1.0,0.0,0,0.0,6.0,0.7765239,-0.63008785,0.5,-0.8660254,2,0,0,1,5759.0,1,4915.0,1,5278.0,1,7728.0,1,5063.0,1,4304.0,1,7004.0,1,4747.0,5218.792,4933.125,844.0
680,2014-05-11,0.0,0.0,0.0,0.0,0,0.0,7.0,0.7765239,-0.63008785,0.5,-0.8660254,2,0,0,1,6308.0,1,5759.0,1,4821.0,1,6327.0,1,5489.0,1,3614.0,1,7478.0,1,3758.0,5654.475,5238.653,549.0
680,2014-05-12,3793.0,651.0,1.0,0.0,0,0.0,1.0,0.696551,-0.71750724,0.5,-0.8660254,2,0,0,1,0.0,1,6308.0,1,4915.0,1,0.0,1,6656.0,1,5430.0,1,0.0,1,4126.0,3392.685,4074.5078,-6308.0
680,2014-05-13,3738.0,660.0,1.0,0.0,0,0.0,2.0,0.696551,-0.71750724,0.5,-0.8660254,2,0,0,1,3793.0,1,0.0,1,5759.0,1,6317.0,1,0.0,1,0.0,1,7902.0,1,5576.0,3552.811,4011.9504,3793.0
680,2014-05-14,3684.0,651.0,1.0,0.0,0,0.0,3.0,0.696551,-0.71750724,0.5,-0.8660254,2,0,0,1,3738.0,1,3793.0,1,6308.0,1,5278.0,1,7728.0,1,5063.0,1,0.0,1,0.0,3626.8867,3951.0725,-55.0
680,2014-05-15,3591.0,606.0,1.0,0.0,0,0.0,4.0,0.696551,-0.71750724,0.5,-0.8660254,2,0,0,1,3684.0,1,3738.0,1,0.0,1,4821.0,1,6327.0,1,5489.0,1,0.0,1,3744.0,3649.732,3891.7231,-54.0
680,2014-05-16,4899.0,744.0,1.0,0.0,0,0.0,5.0,0.696551,-0.71750724,0.5,-0.8660254,2,0,0,1,3591.0,1,3684.0,1,3793.0,1,4915.0,1,0.0,1,6656.0,1,4975.0,1,3371.0,3626.2393,3824.8958,-93.0
680,2014-05-17,4292.0,733.0,1.0,0.0,0,0.0,6.0,0.696551,-0.71750724,0.5,-0.8660254,2,0,0,1,4899.0,1,3591.0,1,3738.0,1,5759.0,1,6317.0,1,0.0,1,4347.0,1,3770.0,4135.3438,4063.5857,1308.0
680,2014-05-18,0.0,0.0,0.0,0.0,0,0.0,7.0,0.696551,-0.71750724,0.5,-0.8660254,2,0,0,1,4292.0,1,4899.0,1,3684.0,1,6308.0,1,5278.0,1,7728.0,1,4304.0,1,3369.0,4198.0063,4114.344,-607.0
680,2014-05-19,4889.0,717.0,1.0,1.0,0,0.0,1.0,0.60680014,-0.79485446,0.5,-0.8660254,2,0,0,1,0.0,1,4292.0,1,3591.0,1,0.0,1,4821.0,1,6327.0,1,3614.0,1,4767.0,2518.8037,3200.0457,-4292.0
680,2014-05-20,4025.0,650.0,1.0,1.0,0,0.0,2.0,0.60680014,-0.79485446,0.5,-0.8660254,2,0,0,1,4889.0,1,0.0,1,4899.0,1,3793.0,1,4915.0,1,0.0,1,5430.0,1,6786.0,3466.882,3575.369,4889.0
680,2014-05-21,3990.0,644.0,1.0,1.0,0,0.0,3.0,0.60680014,-0.79485446,0.5,-0.8660254,2,0,0,1,4025.0,1,4889.0,1,4292.0,1,3738.0,1,5759.0,1,6317.0,1,0.0,1,0.0,3690.1294,3675.2869,-864.0
680,2014-05-22,3965.0,648.0,1.0,1.0,0,0.0,4.0,0.60680014,-0.79485446,0.5,-0.8660254,2,0,0,1,3990.0,1,4025.0,1,0.0,1,3684.0,1,6308.0,1,5278.0,1,5063.0,1,6448.0,3810.0776,3745.2231,-35.0
680,2014-05-23,4591.0,757.0,1.0,1.0,0,0.0,5.0,0.60680014,-0.79485446,0.5,-0.8660254,2,0,0,1,3965.0,1,3990.0,1,4889.0,1,3591.0,1,0.0,1,4821.0,1,5489.0,1,5632.0,3872.0466,3794.0625,-25.0
680,2014-05-24,4771.0,694.0,1.0,0.0,0,0.0,6.0,0.60680014,-0.79485446,0.5,-0.8660254,2,0,0,1,4591.0,1,3965.0,1,4025.0,1,4899.0,1,3793.0,1,4915.0,1,6656.0,1,5408.0,4159.628,3971.1597,626.0
680,2014-05-25,0.0,0.0,0.0,0.0,0,0.0,7.0,0.60680014,-0.79485446,0.5,-0.8660254,2,0,0,1,4771.0,1,4591.0,1,3990.0,1,4292.0,1,3738.0,1,5759.0,1,0.0,1,4399.0,4404.177,4148.902,180.0
680,2014-05-26,4123.0,687.0,1.0,0.0,0,0.0,1.0,0.5085311,-0.86104363,0.5,-0.8660254,2,0,0,1,0.0,1,4771.0,1,3965.0,1,0.0,1,3684.0,1,6308.0,1,7728.0,1,6084.0,2642.506,3226.9238,-4771.0
680,2014-05-27,3873.0,663.0,1.0,0.0,0,0.0,2.0,0.5085311,-0.86104363,0.5,-0.8660254,2,0,0,1,4123.0,1,0.0,1,4591.0,1,4889.0,1,3591.0,1,0.0,1,6327.0,1,6139.0,3234.7036,3426.0518,4123.0
680,2014-05-28,5464.0,793.0,1.0,0.0,0,0.0,3.0,0.5085311,-0.86104363,0.5,-0.8660254,2,0,0,1,3873.0,1,4123.0,1,4771.0,1,4025.0,1,4899.0,1,3793.0,1,0.0,1,0.0,3490.0222,3525.3735,-250.0
680,2014-05-29,0.0,0.0,0.0,0.0,1,0.0,4.0,0.5085311,-0.86104363,0.5,-0.8660254,2,0,0,1,5464.0,1,3873.0,1,0.0,1,3990.0,1,4292.0,1,3738.0,1,6317.0,1,3743.0,4279.6133,3956.1794,1591.0
680,2014-05-30,7500.0,1043.0,1.0,0.0,0,1.0,5.0,0.5085311,-0.86104363,0.5,-0.8660254,2,0,0,1,0.0,1,5464.0,1,4123.0,1,3965.0,1,0.0,1,3684.0,1,5278.0,1,3814.0,2567.768,3077.0286,-5464.0
680,2014-05-31,6091.0,850.0,1.0,0.0,0,0.0,6.0,0.5085311,-0.86104363,0.5,-0.8660254,2,0,1,1,7500.0,1,0.0,1,3873.0,1,4591.0,1,4889.0,1,3591.0,1,4821.0,1,4318.0,4540.6606,4059.9111,7500.0
680,2014-06-01,0.0,0.0,0.0,0.0,0,0.0,7.0,0.5085311,-0.86104363,1.2246469e-16,-1.0,2,1,0,1,6091.0,1,7500.0,1,5464.0,1,4771.0,1,4025.0,1,4899.0,1,4915.0,1,3890.0,5160.7964,4511.264,-1409.0
680,2014-06-02,6341.0,928.0,1.0,1.0,0,0.0,1.0,0.40312344,-0.91514564,1.2246469e-16,-1.0,2,0,0,1,0.0,1,6091.0,1,0.0,1,0.0,1,3990.0,1,4292.0,1,5759.0,1,4011.0,3096.4778,3508.761,-6091.0
680,2014-06-03,5137.0,747.0,1.0,1.0,0,0.0,2.0,0.40312344,-0.91514564,1.2246469e-16,-1.0,2,0,0,1,6341.0,1,0.0,1,7500.0,1,4123.0,1,3965.0,1,0.0,1,6308.0,1,5898.0,4394.2866,4138.1475,6341.0
680,2014-06-04,4922.0,761.0,1.0,1.0,0,0.0,3.0,0.40312344,-0.91514564,1.2246469e-16,-1.0,2,0,0,1,5137.0,1,6341.0,1,6091.0,1,3873.0,1,4591.0,1,4889.0,1,0.0,1,0.0,4691.372,4360.1147,-1204.0
680,2014-06-05,6569.0,853.0,1.0,1.0,0,0.0,4.0,0.40312344,-0.91514564,1.2246469e-16,-1.0,2,0,0,1,4922.0,1,5137.0,1,0.0,1,5464.0,1,4771.0,1,4025.0,1,3793.0,1,7794.0,4783.623,4484.978,-215.0
680,2014-06-06,5417.0,728.0,1.0,1.0,0,0.0,5.0,0.40312344,-0.91514564,1.2246469e-16,-1.0,2,0,0,1,6569.0,1,4922.0,1,6341.0,1,0.0,1,0.0,1,3990.0,1,3738.0,1,6918.0,5497.774,4948.094,1647.0
680,2014-06-07,5163.0,780.0,1.0,0.0,0,0.0,6.0,0.40312344,-0.91514564,1.2246469e-16,-1.0,2,0,0,1,5417.0,1,6569.0,1,5137.0,1,7500.0,1,4123.0,1,3965.0,1,3684.0,1,7004.0,5465.4644,5052.2954,-1152.0
680,2014-06-08,0.0,0.0,0.0,0.0,0,0.0,7.0,0.40312344,-0.91514564,1.2246469e-16,-1.0,2,0,0,1,5163.0,1,5417.0,1,4922.0,1,6091.0,1,3873.0,1,4591.0,1,3591.0,1,7478.0,5344.4785,5076.8965,-254.0
680,2014-06-09,0.0,0.0,0.0,0.0,1,0.0,1.0,0.29205677,-0.956401,1.2246469e-16,-1.0,2,0,0,1,0.0,1,5163.0,1,6569.0,1,0.0,1,5464.0,1,4771.0,1,4899.0,1,0.0,3206.6873,3948.6973,-5163.0
680,2014-06-10,4856.0,791.0,1.0,0.0,0,0.0,2.0,0.29205677,-0.956401,1.2246469e-16,-1.0,2,0,0,1,0.0,1,0.0,1,5417.0,1,6341.0,1,0.0,1,0.0,1,4292.0,1,7902.0,1924.0123,3071.209,0.0
680,2014-06-11,4438.0,711.0,1.0,0.0,0,0.0,3.0,0.29205677,-0.956401,1.2246469e-16,-1.0,2,0,0,1,4856.0,1,0.0,1,5163.0,1,5137.0,1,7500.0,1,4123.0,1,0.0,1,0.0,3096.8074,3467.829,4856.0
680,2014-06-12,4133.0,671.0,1.0,0.0,0,0.0,4.0,0.29205677,-0.956401,1.2246469e-16,-1.0,2,0,0,1,4438.0,1,4856.0,1,0.0,1,4922.0,1,6091.0,1,3873.0,1,4889.0,1,0.0,3633.2844,3683.4226,-418.0
680,2014-06-13,4464.0,706.0,1.0,0.0,0,0.0,5.0,0.29205677,-0.956401,1.2246469e-16,-1.0,2,0,0,1,4133.0,1,4438.0,1,0.0,1,6569.0,1,0.0,1,5464.0,1,4025.0,1,4975.0,3833.1707,3783.3289,-305.0
680,2014-06-14,5284.0,830.0,1.0,0.0,0,0.0,6.0,0.29205677,-0.956401,1.2246469e-16,-1.0,2,0,0,1,4464.0,1,4133.0,1,4856.0,1,5417.0,1,6341.0,1,0.0,1,3990.0,1,4347.0,4085.5024,3934.589,331.0
680,2014-06-15,0.0,0.0,0.0,0.0,0,0.0,7.0,0.29205677,-0.956401,1.2246469e-16,-1.0,2,0,0,1,5284.0,1,4464.0,1,4438.0,1,5163.0,1,5137.0,1,7500.0,1,3965.0,1,4304.0,4564.9014,4234.458,820.0
680,2014-06-16,4629.0,707.0,1.0,1.0,0,0.0,1.0,0.17689027,-0.9842306,1.2246469e-16,-1.0,2,0,0,1,0.0,1,5284.0,1,4133.0,1,0.0,1,4922.0,1,6091.0,1,4591.0,1,3614.0,2738.941,3293.4675,-5284.0
680,2014-06-17,5146.0,711.0,1.0,1.0,0,0.0,2.0,0.17689027,-0.9842306,1.2246469e-16,-1.0,2,0,0,1,4629.0,1,0.0,1,4464.0,1,0.0,1,6569.0,1,0.0,1,4771.0,1,5430.0,3494.9646,3590.2524,4629.0
680,2014-06-18,5115.0,721.0,1.0,1.0,0,0.0,3.0,0.17689027,-0.9842306,1.2246469e-16,-1.0,2,0,0,1,5146.0,1,4629.0,1,5284.0,1,4856.0,1,5417.0,1,6341.0,1,0.0,1,0.0,4155.379,3935.974,517.0
680,2014-06-19,4478.0,678.0,1.0,1.0,0,0.0,4.0,0.17689027,-0.9842306,1.2246469e-16,-1.0,2,0,0,1,5115.0,1,5146.0,1,0.0,1,4438.0,1,5163.0,1,5137.0,1,4123.0,1,5063.0,4539.227,4197.98,-31.0
680,2014-06-20,4672.0,721.0,1.0,1.0,0,0.0,5.0,0.17689027,-0.9842306,1.2246469e-16,-1.0,2,0,0,1,4478.0,1,5115.0,1,4629.0,1,4133.0,1,0.0,1,4922.0,1,3873.0,1,5489.0,4514.7363,4260.2065,-637.0
680,2014-06-21,5587.0,856.0,1.0,0.0,0,0.0,6.0,0.17689027,-0.9842306,1.2246469e-16,-1.0,2,0,0,1,4672.0,1,4478.0,1,5146.0,1,4464.0,1,0.0,1,6569.0,1,5464.0,1,6656.0,4577.6416,4351.7163,194.0
680,2014-06-22,0.0,0.0,0.0,0.0,0,0.0,7.0,0.17689027,-0.9842306,1.2246469e-16,-1.0,2,0,0,1,5587.0,1,4672.0,1,5115.0,1,5284.0,1,4856.0,1,5417.0,1,0.0,1,0.0,4981.3853,4626.2236,915.0
680,2014-06-23,4164.0,704.0,1.0,0.0,0,0.0,1.0,0.059240628,-0.99824375,1.2246469e-16,-1.0,2,0,0,1,0.0,1,5587.0,1,4478.0,1,0.0,1,4438.0,1,5163.0,1,7500.0,1,7728.0,2988.831,3598.174,-5587.0
680,2014-06-24,3602.0,620.0,1.0,0.0,0,0.0,2.0,0.059240628,-0.99824375,1.2246469e-16,-1.0,2,0,0,1,4164.0,1,0.0,1,4672.0,1,4629.0,1,4133.0,1,0.0,1,6091.0,1,6327.0,3458.8987,3723.913,4164.0
680,2014-06-25,3570.0,638.0,1.0,0.0,0,0.0,3.0,0.059240628,-0.99824375,1.2246469e-16,-1.0,2,0,0,1,3602.0,1,4164.0,1,5587.0,1,5146.0,1,4464.0,1,0.0,1,0.0,1,0.0,3516.1392,3696.8213,-562.0
680,2014-06-26,4220.0,644.0,1.0,0.0,0,0.0,4.0,0.059240628,-0.99824375,1.2246469e-16,-1.0,2,0,0,1,3570.0,1,3602.0,1,0.0,1,5115.0,1,5284.0,1,4856.0,1,6341.0,1,6317.0,3537.6836,3668.639,-32.0
680,2014-06-27,4741.0,699.0,1.0,0.0,0,0.0,5.0,0.059240628,-0.99824375,1.2246469e-16,-1.0,2,0,0,1,4220.0,1,3570.0,1,4164.0,1,4478.0,1,0.0,1,4438.0,1,5137.0,1,5278.0,3810.61,3791.1636,650.0
680,2014-06-28,6136.0,843.0,1.0,0.0,0,0.0,6.0,0.059240628,-0.99824375,1.2246469e-16,-1.0,2,0,0,1,4741.0,1,4220.0,1,3602.0,1,4672.0,1,4629.0,1,4133.0,1,4922.0,1,4821.0,4182.766,4002.2383,521.0
680,2014-06-29,0.0,0.0,0.0,0.0,0,0.0,7.0,0.059240628,-0.99824375,1.2246469e-16,-1.0,2,0,0,1,6136.0,1,4741.0,1,3570.0,1,5587.0,1,5146.0,1,4464.0,1,6569.0,1,4915.0,4964.0596,4476.4077,1395.0
680,2014-06-30,7028.0,894.0,1.0,1.0,0,0.0,1.0,-0.059240628,-0.99824375,1.2246469e-16,-1.0,2,0,1,1,0.0,1,6136.0,1,4220.0,1,0.0,1,5115.0,1,5284.0,1,5417.0,1,5759.0,2978.4358,3481.6504,-6136.0
680,2014-07-01,6310.0,889.0,1.0,1.0,0,0.0,2.0,-0.059240628,-0.99824375,-0.5,-0.8660254,3,1,0,1,7028.0,1,0.0,1,4741.0,1,4164.0,1,4478.0,1,0.0,1,5163.0,1,6308.0,4598.261,4269.728,7028.0
680,2014-07-02,5632.0,827.0,1.0,1.0,0,0.0,3.0,-0.059240628,-0.99824375,-0.5,-0.8660254,3,0,0,1,6310.0,1,7028.0,1,6136.0,1,3602.0,1,4672.0,1,4629.0,1,0.0,1,0.0,5282.957,4723.1216,-718.0
680,2014-07-03,5255.0,793.0,1.0,1.0,0,0.0,4.0,-0.059240628,-0.99824375,-0.5,-0.8660254,3,0,0,1,5632.0,1,6310.0,1,0.0,1,3570.0,1,5587.0,1,5146.0,1,0.0,1,3793.0,5422.574,4925.0947,-678.0
680,2014-07-04,4426.0,667.0,1.0,1.0,0,0.0,5.0,-0.059240628,-0.99824375,-0.5,-0.8660254,3,0,0,1,5255.0,1,5632.0,1,7028.0,1,4220.0,1,0.0,1,5115.0,1,4856.0,1,3738.0,5355.5444,4998.407,-377.0
680,2014-07-05,5379.0,827.0,1.0,0.0,0,0.0,6.0,-0.059240628,-0.99824375,-0.5,-0.8660254,3,0,0,1,4426.0,1,5255.0,1,6310.0,1,4741.0,1,4164.0,1,4478.0,1,4438.0,1,3684.0,4983.7266,4871.2056,-829.0
680,2014-07-06,0.0,0.0,0.0,0.0,0,0.0,7.0,-0.059240628,-0.99824375,-0.5,-0.8660254,3,0,0,1,5379.0,1,4426.0,1,5632.0,1,6136.0,1,3602.0,1,4672.0,1,4133.0,1,3591.0,5141.836,4984.049,953.0
680,2014-07-07,5036.0,806.0,1.0,0.0,0,0.0,1.0,-0.17689027,-0.9842306,-0.5,-0.8660254,3,0,0,1,0.0,1,5379.0,1,5255.0,1,0.0,1,3570.0,1,5587.0,1,4464.0,1,4899.0,3085.1016,3876.4824,-5379.0
680,2014-07-08,4369.0,726.0,1.0,0.0,0,0.0,2.0,-0.17689027,-0.9842306,-0.5,-0.8660254,3,0,0,1,5036.0,1,0.0,1,4426.0,1,7028.0,1,4220.0,1,0.0,1,5284.0,1,4292.0,3865.461,4134.153,5036.0
680,2014-07-09,4550.0,691.0,1.0,0.0,0,0.0,3.0,-0.17689027,-0.9842306,-0.5,-0.8660254,3,0,0,1,4369.0,1,5036.0,1,5379.0,1,6310.0,1,4741.0,1,4164.0,1,0.0,1,0.0,4066.8765,4186.3413,-667.0
680,2014-07-10,4276.0,671.0,1.0,0.0,0,0.0,4.0,-0.17689027,-0.9842306,-0.5,-0.8660254,3,0,0,1,4550.0,1,4369.0,1,0.0,1,5632.0,1,6136.0,1,3602.0,1,4629.0,1,4889.0,4260.126,4267.1543,181.0
680,2014-07-11,4579.0,708.0,1.0,0.0,0,0.0,5.0,-0.17689027,-0.9842306,-0.5,-0.8660254,3,0,0,1,4276.0,1,4550.0,1,5036.0,1,5255.0,1,0.0,1,3570.0,1,5146.0,1,4025.0,4266.4756,4269.12,-274.0
680,2014-07-12,5062.0,779.0,1.0,0.0,0,0.0,6.0,-0.17689027,-0.9842306,-0.5,-0.8660254,3,0,0,1,4579.0,1,4276.0,1,4369.0,1,4426.0,1,7028.0,1,4220.0,1,5115.0,1,3990.0,4391.4854,4337.9824,303.0
680,2014-07-13,0.0,0.0,0.0,0.0,0,0.0,7.0,-0.17689027,-0.9842306,-0.5,-0.8660254,3,0,0,1,5062.0,1,4579.0,1,4550.0,1,5379.0,1,6310.0,1,4741.0,1,4478.0,1,3965.0,4659.6914,4498.875,483.0
680,2014-07-14,5930.0,809.0,1.0,1.0,0,1.0,1.0,-0.29205677,-0.956401,-0.5,-0.8660254,3,0,0,1,0.0,1,5062.0,1,4276.0,1,0.0,1,5632.0,1,6136.0,1,4672.0,1,4591.0,2795.8147,3499.125,-5062.0
680,2014-07-15,6032.0,876.0,1.0,1.0,0,1.0,2.0,-0.29205677,-0.956401,-0.5,-0.8660254,3,0,0,1,5930.0,1,0.0,1,4579.0,1,5036.0,1,5255.0,1,0.0,1,5587.0,1,4771.0,4049.4888,4039.3196,5930.0
680,2014-07-16,5454.0,783.0,1.0,1.0,0,1.0,3.0,-0.29205677,-0.956401,-0.5,-0.8660254,3,0,0,1,6032.0,1,5930.0,1,5062.0,1,4369.0,1,4426.0,1,7028.0,1,0.0,1,0.0,4842.493,4482.137,102.0
680,2014-07-17,4774.0,716.0,1.0,1.0,0,1.0,4.0,-0.29205677,-0.956401,-0.5,-0.8660254,3,0,0,1,5454.0,1,6032.0,1,0.0,1,4550.0,1,5379.0,1,6310.0,1,4164.0,1,4123.0,5087.096,4698.107,-578.0
680,2014-07-18,4052.0,650.0,1.0,1.0,0,1.0,5.0,-0.29205677,-0.956401,-0.5,-0.8660254,3,0,0,1,4774.0,1,5454.0,1,5930.0,1,4276.0,1,0.0,1,5632.0,1,3602.0,1,3873.0,4961.8574,4714.972,-680.0
680,2014-07-19,4669.0,656.0,1.0,0.0,0,0.0,6.0,-0.29205677,-0.956401,-0.5,-0.8660254,3,0,0,1,4052.0,1,4774.0,1,6032.0,1,4579.0,1,5036.0,1,5255.0,1,3570.0,1,5464.0,4597.9146,4567.645,-722.0
680,2014-07-20,0.0,0.0,0.0,0.0,0,0.0,7.0,-0.29205677,-0.956401,-0.5,-0.8660254,3,0,0,1,4669.0,1,4052.0,1,5454.0,1,5062.0,1,4369.0,1,4426.0,1,4220.0,1,0.0,4626.3486,4590.1685,617.0
680,2014-07-21,4671.0,743.0,1.0,0.0,0,1.0,1.0,-0.40312344,-0.91514564,-0.5,-0.8660254,3,0,0,1,0.0,1,4669.0,1,4774.0,1,0.0,1,4550.0,1,5379.0,1,4741.0,1,7500.0,2775.8093,3570.1309,-4669.0
680,2014-07-22,3787.0,606.0,1.0,0.0,0,1.0,2.0,-0.40312344,-0.91514564,-0.5,-0.8660254,3,0,0,1,4671.0,1,0.0,1,4052.0,1,5930.0,1,4276.0,1,0.0,1,6136.0,1,6091.0,3533.8855,3814.7686,4671.0
680,2014-07-23,4151.0,617.0,1.0,0.0,0,1.0,3.0,-0.40312344,-0.91514564,-0.5,-0.8660254,3,0,0,1,3787.0,1,4671.0,1,4669.0,1,6032.0,1,4579.0,1,5036.0,1,0.0,1,0.0,3635.1313,3808.5977,-884.0
680,2014-07-24,3685.0,582.0,1.0,0.0,0,1.0,4.0,-0.40312344,-0.91514564,-0.5,-0.8660254,3,0,0,1,4151.0,1,3787.0,1,0.0,1,5454.0,1,5062.0,1,4369.0,1,7028.0,1,6341.0,3841.4788,3884.687,364.0
680,2014-07-25,4236.0,657.0,1.0,0.0,0,1.0,5.0,-0.40312344,-0.91514564,-0.5,-0.8660254,3,0,0,1,3685.0,1,4151.0,1,4671.0,1,4774.0,1,0.0,1,4550.0,1,6310.0,1,5137.0,3778.8872,3840.3123,-466.0
680,2014-07-26,5346.0,737.0,1.0,0.0,0,0.0,6.0,-0.40312344,-0.91514564,-0.5,-0.8660254,3,0,0,1,4236.0,1,3685.0,1,3787.0,1,4052.0,1,5930.0,1,4276.0,1,5632.0,1,4922.0,3961.7324,3928.243,551.0
680,2014-07-27,0.0,0.0,0.0,0.0,0,0.0,7.0,-0.40312344,-0.91514564,-0.5,-0.8660254,3,0,0,1,5346.0,1,4236.0,1,4151.0,1,4669.0,1,6032.0,1,4579.0,1,5255.0,1,6569.0,4515.4395,4243.3,1110.0
680,2014-07-28,5560.0,744.0,1.0,1.0,0,1.0,1.0,-0.5085311,-0.86104363,-0.5,-0.8660254,3,0,0,1,0.0,1,5346.0,1,3685.0,1,0.0,1,5454.0,1,5062.0,1,4426.0,1,5417.0,2709.2637,3300.3445,-5346.0
680,2014-07-29,4591.0,673.0,1.0,1.0,0,1.0,2.0,-0.5085311,-0.86104363,-0.5,-0.8660254,3,0,0,1,5560.0,1,0.0,1,4236.0,1,4671.0,1,4774.0,1,0.0,1,5379.0,1,5163.0,3849.558,3802.49,5560.0
680,2014-07-30,5534.0,763.0,1.0,1.0,0,1.0,3.0,-0.5085311,-0.86104363,-0.5,-0.8660254,3,0,0,1,4591.0,1,5560.0,1,5346.0,1,3787.0,1,4052.0,1,5930.0,1,0.0,1,0.0,4146.135,3977.7146,-969.0
680,2014-07-31,6711.0,903.0,1.0,1.0,0,1.0,4.0,-0.5085311,-0.86104363,-0.5,-0.8660254,3,0,1,1,5534.0,1,4591.0,1,0.0,1,4151.0,1,4669.0,1,6032.0,1,5036.0,1,0.0,4701.281,4323.5557,943.0
680,2014-08-01,5781.0,793.0,1.0,1.0,0,1.0,5.0,-0.5085311,-0.86104363,-0.8660254,-0.5,3,1,0,1,6711.0,1,5534.0,1,5560.0,1,3685.0,1,0.0,1,5454.0,1,4369.0,1,4856.0,5505.1685,4854.099,1177.0
680,2014-08-02,4727.0,745.0,1.0,0.0,0,0.0,6.0,-0.5085311,-0.86104363,-0.8660254,-0.5,3,0,0,1,5781.0,1,6711.0,1,4591.0,1,4236.0,1,4671.0,1,4774.0,1,4550.0,1,4438.0,5615.501,5060.077,-930.0
680,2014-08-03,0.0,0.0,0.0,0.0,0,0.0,7.0,-0.5085311,-0.86104363,-0.8660254,-0.5,3,0,0,1,4727.0,1,5781.0,1,5534.0,1,5346.0,1,3787.0,1,4052.0,1,4276.0,1,4133.0,5260.1006,4986.06,-1054.0
680,2014-08-04,6411.0,900.0,1.0,1.0,0,1.0,1.0,-0.60680014,-0.79485446,-0.8660254,-0.5,3,0,0,1,0.0,1,4727.0,1,6711.0,1,0.0,1,4151.0,1,4669.0,1,4579.0,1,4464.0,3156.0603,3878.0466,-4727.0
680,2014-08-05,5294.0,802.0,1.0,1.0,0,1.0,2.0,-0.60680014,-0.79485446,-0.8660254,-0.5,3,0,0,1,6411.0,1,0.0,1,5781.0,1,5560.0,1,3685.0,1,0.0,1,5062.0,1,5284.0,4458.036,4440.9253,6411.0
680,2014-08-06,4687.0,680.0,1.0,1.0,0,1.0,3.0,-0.60680014,-0.79485446,-0.8660254,-0.5,3,0,0,1,5294.0,1,6411.0,1,4727.0,1,4591.0,1,4236.0,1,4671.0,1,0.0,1,0.0,4792.422,4630.497,-1117.0
680,2014-08-07,6177.0,918.0,1.0,1.0,0,1.0,4.0,-0.60680014,-0.79485446,-0.8660254,-0.5,3,0,0,1,4687.0,1,5294.0,1,0.0,1,5534.0,1,5346.0,1,3787.0,1,5930.0,1,4629.0,4750.253,4643.053,-607.0
680,2014-08-08,4326.0,633.0,1.0,1.0,0,1.0,5.0,-0.60680014,-0.79485446,-0.8660254,-0.5,3,0,0,1,6177.0,1,4687.0,1,6411.0,1,6711.0,1,0.0,1,4151.0,1,6032.0,1,5146.0,5320.9517,4983.9307,1490.0
680,2014-08-09,4550.0,744.0,1.0,0.0,0,0.0,6.0,-0.60680014,-0.79485446,-0.8660254,-0.5,3,0,0,1,4326.0,1,6177.0,1,5294.0,1,5781.0,1,5560.0,1,3685.0,1,5454.0,1,5115.0,4922.971,4837.7236,-1851.0
680,2014-08-10,0.0,0.0,0.0,0.0,0,0.0,7.0,-0.60680014,-0.79485446,-0.8660254,-0.5,3,0,0,1,4550.0,1,4326.0,1,4687.0,1,4727.0,1,4591.0,1,4236.0,1,4774.0,1,4478.0,4773.7827,4773.785,224.0
680,2014-08-11,4555.0,782.0,1.0,0.0,0,1.0,1.0,-0.696551,-0.71750724,-0.8660254,-0.5,3,0,0,1,0.0,1,4550.0,1,6177.0,1,0.0,1,5534.0,1,5346.0,1,4052.0,1,4672.0,2864.2695,3712.9438,-4550.0
680,2014-08-12,4386.0,717.0,1.0,0.0,0,1.0,2.0,-0.696551,-0.71750724,-0.8660254,-0.5,3,0,0,1,4555.0,1,0.0,1,4326.0,1,6411.0,1,6711.0,1,0.0,1,4669.0,1,5587.0,3540.5618,3900.0676,4555.0
680,2014-08-13,4164.0,670.0,1.0,0.0,0,1.0,3.0,-0.696551,-0.71750724,-0.8660254,-0.5,3,0,0,1,4386.0,1,4555.0,1,4550.0,1,5294.0,1,5781.0,1,5560.0,1,0.0,1,0.0,3878.737,4008.0525,-169.0
680,2014-08-14,4012.0,659.0,1.0,0.0,0,1.0,4.0,-0.696551,-0.71750724,-0.8660254,-0.5,3,0,0,1,4164.0,1,4386.0,1,0.0,1,4687.0,1,4727.0,1,4591.0,1,4671.0,1,4164.0,3992.8423,4042.7075,-222.0
680,2014-08-15,3870.0,651.0,1.0,0.0,0,1.0,5.0,-0.696551,-0.71750724,-0.8660254,-0.5,3,0,0,1,4012.0,1,4164.0,1,4555.0,1,6177.0,1,0.0,1,5534.0,1,3787.0,1,3602.0,4000.5054,4035.8835,-152.0
680,2014-08-16,5234.0,759.0,1.0,0.0,0,0.0,6.0,-0.696551,-0.71750724,-0.8660254,-0.5,3,0,0,1,3870.0,1,4012.0,1,4386.0,1,4326.0,1,6411.0,1,6711.0,1,4151.0,1,3570.0,3948.3032,3999.0205,-142.0
680,2014-08-17,0.0,0.0,0.0,0.0,0,0.0,7.0,-0.696551,-0.71750724,-0.8660254,-0.5,3,0,0,1,5234.0,1,3870.0,1,4164.0,1,4550.0,1,5294.0,1,5781.0,1,3685.0,1,4220.0,4462.582,4273.4604,1364.0
680,2014-08-18,6217.0,882.0,1.0,1.0,0,1.0,1.0,-0.7765239,-0.63008785,-0.8660254,-0.5,3,0,0,1,0.0,1,5234.0,1,4012.0,1,0.0,1,4687.0,1,4727.0,1,4236.0,1,4741.0,2677.549,3323.8025,-5234.0
680,2014-08-19,5401.0,796.0,1.0,1.0,0,1.0,2.0,-0.7765239,-0.63008785,-0.8660254,-0.5,3,0,0,1,6217.0,1,0.0,1,3870.0,1,4555.0,1,6177.0,1,0.0,1,5346.0,1,6136.0,4093.3296,3966.7354,6217.0
680,2014-08-20,4484.0,722.0,1.0,1.0,0,1.0,3.0,-0.7765239,-0.63008785,-0.8660254,-0.5,3,0,0,1,5401.0,1,6217.0,1,5234.0,1,4386.0,1,4326.0,1,6411.0,1,0.0,1,0.0,4616.3975,4285.461,-816.0
680,2014-08-21,4884.0,762.0,1.0,1.0,0,1.0,4.0,-0.7765239,-0.63008785,-0.8660254,-0.5,3,0,0,1,4484.0,1,5401.0,1,0.0,1,4164.0,1,4550.0,1,5294.0,1,5560.0,1,7028.0,4563.4385,4329.5806,-917.0
680,2014-08-22,5114.0,759.0,1.0,1.0,0,1.0,5.0,-0.7765239,-0.63008785,-0.8660254,-0.5,3,0,0,1,4884.0,1,4484.0,1,6217.0,1,4012.0,1,0.0,1,4687.0,1,4591.0,1,6310.0,4691.663,4452.785,400.0
680,2014-08-23,5292.0,849.0,1.0,0.0,0,0.0,6.0,-0.7765239,-0.63008785,-0.8660254,-0.5,3,0,0,1,5114.0,1,4884.0,1,5401.0,1,3870.0,1,4555.0,1,6177.0,1,5534.0,1,5632.0,4860.598,4599.7217,230.0
680,2014-08-24,0.0,0.0,0.0,0.0,0,0.0,7.0,-0.7765239,-0.63008785,-0.8660254,-0.5,3,0,0,1,5292.0,1,5114.0,1,4484.0,1,5234.0,1,4386.0,1,4326.0,1,6711.0,1,5255.0,5033.1587,4753.561,178.0
680,2014-08-25,4118.0,695.0,1.0,0.0,0,0.0,1.0,-0.845596,-0.5338234,-0.8660254,-0.5,3,0,0,1,0.0,1,5292.0,1,4884.0,1,0.0,1,4164.0,1,4550.0,1,5781.0,1,4426.0,3019.8953,3697.2144,-5292.0
680,2014-08-26,3535.0,623.0,1.0,0.0,0,0.0,2.0,-0.845596,-0.5338234,-0.8660254,-0.5,3,0,0,1,4118.0,1,0.0,1,5114.0,1,6217.0,1,4012.0,1,0.0,1,4727.0,1,5379.0,3459.1372,3790.7222,4118.0
680,2014-08-27,3358.0,583.0,1.0,0.0,0,0.0,3.0,-0.845596,-0.5338234,-0.8660254,-0.5,3,0,0,1,3535.0,1,4118.0,1,5292.0,1,5401.0,1,3870.0,1,4555.0,1,0.0,1,0.0,3489.4822,3733.895,-583.0
680,2014-08-28,3992.0,619.0,1.0,0.0,0,0.0,4.0,-0.845596,-0.5338234,-0.8660254,-0.5,3,0,0,1,3358.0,1,3535.0,1,0.0,1,4484.0,1,5234.0,1,4386.0,1,6411.0,1,5036.0,3436.8894,3650.3628,-177.0
680,2014-08-29,6020.0,829.0,1.0,0.0,0,0.0,5.0,-0.845596,-0.5338234,-0.8660254,-0.5,3,0,0,1,3992.0,1,3358.0,1,4118.0,1,4884.0,1,0.0,1,4164.0,1,5294.0,1,4369.0,3658.9336,3726.2822,634.0
680,2014-08-30,6105.0,869.0,1.0,0.0,0,0.0,6.0,-0.845596,-0.5338234,-0.8660254,-0.5,3,0,0,1,6020.0,1,3992.0,1,3535.0,1,5114.0,1,6217.0,1,4012.0,1,4687.0,1,4550.0,4603.3604,4235.997,2028.0
680,2014-08-31,0.0,0.0,0.0,0.0,0,0.0,7.0,-0.845596,-0.5338234,-0.8660254,-0.5,3,0,1,1,6105.0,1,6020.0,1,3358.0,1,5292.0,1,5401.0,1,3870.0,1,6177.0,1,4276.0,5204.016,4651.331,85.0
680,2014-09-01,6218.0,899.0,1.0,1.0,0,0.0,1.0,-0.9027978,-0.4300652,-1.0,-1.8369701e-16,3,1,0,1,0.0,1,6105.0,1,3992.0,1,0.0,1,4484.0,1,5234.0,1,4326.0,1,4579.0,3122.4097,3617.7021,-6105.0
680,2014-09-02,5070.0,761.0,1.0,1.0,0,0.0,2.0,-0.9027978,-0.4300652,-1.0,-1.8369701e-16,3,0,0,1,6218.0,1,0.0,1,6020.0,1,4118.0,1,4884.0,1,0.0,1,4550.0,1,5062.0,4360.646,4195.546,6218.0
680,2014-09-03,4764.0,713.0,1.0,1.0,0,0.0,3.0,-0.9027978,-0.4300652,-1.0,-1.8369701e-16,3,0,0,1,5070.0,1,6218.0,1,6105.0,1,3535.0,1,5114.0,1,6217.0,1,0.0,1,0.0,4644.3877,4389.869,-1148.0
680,2014-09-04,4475.0,690.0,1.0,1.0,0,0.0,4.0,-0.9027978,-0.4300652,-1.0,-1.8369701e-16,3,0,0,1,4764.0,1,5070.0,1,0.0,1,3358.0,1,5292.0,1,5401.0,1,4555.0,1,5930.0,4692.2324,4473.0093,-306.0
680,2014-09-05,4718.0,699.0,1.0,1.0,0,0.0,5.0,-0.9027978,-0.4300652,-1.0,-1.8369701e-16,3,0,0,1,4475.0,1,4764.0,1,6218.0,1,3992.0,1,0.0,1,4484.0,1,4386.0,1,6032.0,4605.3394,4473.4517,-289.0
680,2014-09-06,5286.0,786.0,1.0,0.0,0,0.0,6.0,-0.9027978,-0.4300652,-1.0,-1.8369701e-16,3,0,0,1,4718.0,1,4475.0,1,5070.0,1,6020.0,1,4118.0,1,4884.0,1,4164.0,1,5454.0,4650.404,4527.796,243.0
680,2014-09-07,0.0,0.0,0.0,0.0,0,0.0,7.0,-0.9027978,-0.4300652,-1.0,-1.8369701e-16,3,0,0,1,5286.0,1,4718.0,1,4764.0,1,6105.0,1,3535.0,1,5114.0,1,4012.0,1,4774.0,4904.642,4696.2856,568.0
680,2014-09-08,4650.0,700.0,1.0,0.0,0,0.0,1.0,-0.94732636,-0.32026985,-1.0,-1.8369701e-16,3,0,0,1,0.0,1,5286.0,1,4475.0,1,0.0,1,3358.0,1,5292.0,1,3870.0,1,4052.0,2942.7854,3652.6665,-5286.0
680,2014-09-09,3466.0,662.0,1.0,0.0,0,0.0,2.0,-0.94732636,-0.32026985,-1.0,-1.8369701e-16,3,0,0,1,4650.0,1,0.0,1,4718.0,1,6218.0,1,3992.0,1,0.0,1,5234.0,1,4669.0,3625.6711,3874.2961,4650.0
680,2014-09-10,3961.0,664.0,1.0,0.0,0,0.0,3.0,-0.94732636,-0.32026985,-1.0,-1.8369701e-16,3,0,0,1,3466.0,1,4650.0,1,5286.0,1,5070.0,1,6020.0,1,4118.0,1,0.0,1,0.0,3561.8027,3783.5637,-1184.0
680,2014-09-11,3395.0,611.0,1.0,0.0,0,0.0,4.0,-0.94732636,-0.32026985,-1.0,-1.8369701e-16,3,0,0,1,3961.0,1,3466.0,1,0.0,1,4764.0,1,6105.0,1,3535.0,1,6217.0,1,4671.0,3721.4817,3822.994,495.0
680,2014-09-12,4030.0,671.0,1.0,0.0,0,0.0,5.0,-0.94732636,-0.32026985,-1.0,-1.8369701e-16,3,0,0,1,3395.0,1,3961.0,1,4650.0,1,4475.0,1,0.0,1,3358.0,1,5401.0,1,3787.0,3590.889,3727.8843,-566.0
680,2014-09-13,5167.0,833.0,1.0,0.0,0,0.0,6.0,-0.94732636,-0.32026985,-1.0,-1.8369701e-16,3,0,0,1,4030.0,1,3395.0,1,3466.0,1,4718.0,1,6218.0,1,3992.0,1,4484.0,1,4151.0,3766.5334,3795.021,635.0
680,2014-09-14,0.0,0.0,0.0,0.0,0,0.0,7.0,-0.94732636,-0.32026985,-1.0,-1.8369701e-16,3,0,0,1,5167.0,1,4030.0,1,3961.0,1,5286.0,1,5070.0,1,6020.0,1,4884.0,1,3685.0,4326.72,4099.9053,1137.0
680,2014-09-15,4632.0,741.0,1.0,1.0,0,0.0,1.0,-0.9785565,-0.20597862,-1.0,-1.8369701e-16,3,0,0,1,0.0,1,5167.0,1,3395.0,1,0.0,1,4764.0,1,6105.0,1,5114.0,1,4236.0,2596.032,3188.8152,-5167.0
680,2014-09-16,3999.0,615.0,1.0,1.0,0,0.0,2.0,-0.9785565,-0.20597862,-1.0,-1.8369701e-16,3,0,0,1,4632.0,1,0.0,1,4030.0,1,4650.0,1,4475.0,1,0.0,1,5292.0,1,5346.0,3410.4192,3509.523,4632.0
680,2014-09-17,3810.0,636.0,1.0,1.0,0,0.0,3.0,-0.9785565,-0.20597862,-1.0,-1.8369701e-16,3,0,0,1,3999.0,1,4632.0,1,5167.0,1,3466.0,1,4718.0,1,6218.0,1,0.0,1,0.0,3645.8516,3618.2957,-633.0
680,2014-09-18,3590.0,614.0,1.0,1.0,0,0.0,4.0,-0.9785565,-0.20597862,-1.0,-1.8369701e-16,3,0,0,1,3810.0,1,3999.0,1,0.0,1,3961.0,1,5286.0,1,5070.0,1,4118.0,1,5560.0,3711.511,3660.8965,-189.0
680,2014-09-19,3808.0,609.0,1.0,1.0,0,0.0,5.0,-0.9785565,-0.20597862,-1.0,-1.8369701e-16,3,0,0,1,3590.0,1,3810.0,1,4632.0,1,3395.0,1,0.0,1,4764.0,1,3535.0,1,4591.0,3662.9065,3645.1418,-220.0
680,2014-09-20,5428.0,796.0,1.0,0.0,0,0.0,6.0,-0.9785565,-0.20597862,-1.0,-1.8369701e-16,3,0,0,1,3808.0,1,3590.0,1,3999.0,1,4030.0,1,4650.0,1,4475.0,1,3358.0,1,5534.0,3720.9438,3681.3325,218.0
680,2014-09-21,0.0,0.0,0.0,0.0,0,0.0,7.0,-0.9785565,-0.20597862,-1.0,-1.8369701e-16,3,0,0,1,5428.0,1,3808.0,1,3810.0,1,5167.0,1,3466.0,1,4718.0,1,3992.0,1,6711.0,4403.7666,4069.481,1620.0
680,2014-09-22,4143.0,632.0,1.0,0.0,0,0.0,1.0,-0.9960498,-0.08879589,-1.0,-1.8369701e-16,3,0,0,1,0.0,1,5428.0,1,3590.0,1,0.0,1,3961.0,1,5286.0,1,6020.0,1,5781.0,2642.2598,3165.1519,-5428.0
680,2014-09-23,3551.0,602.0,1.0,0.0,0,0.0,2.0,-0.9960498,-0.08879589,-1.0,-1.8369701e-16,3,0,0,1,4143.0,1,0.0,1,3808.0,1,4632.0,1,3395.0,1,0.0,1,6105.0,1,4727.0,3242.556,3382.4514,4143.0
680,2014-09-24,3831.0,650.0,1.0,0.0,0,0.0,3.0,-0.9960498,-0.08879589,-1.0,-1.8369701e-16,3,0,0,1,3551.0,1,4143.0,1,5428.0,1,3999.0,1,4030.0,1,4650.0,1,0.0,1,0.0,3365.9336,3419.9067,-592.0
680,2014-09-25,3242.0,602.0,1.0,0.0,0,0.0,4.0,-0.9960498,-0.08879589,-1.0,-1.8369701e-16,3,0,0,1,3831.0,1,3551.0,1,0.0,1,3810.0,1,5167.0,1,3466.0,1,6218.0,1,6411.0,3551.9602,3511.2607,280.0
680,2014-09-26,4100.0,638.0,1.0,0.0,0,0.0,5.0,-0.9960498,-0.08879589,-1.0,-1.8369701e-16,3,0,0,1,3242.0,1,3831.0,1,4143.0,1,3590.0,1,0.0,1,3961.0,1,5070.0,1,5294.0,3427.976,3451.425,-589.0
680,2014-09-27,5296.0,762.0,1.0,0.0,0,0.0,6.0,-0.9960498,-0.08879589,-1.0,-1.8369701e-16,3,0,0,1,4100.0,1,3242.0,1,3551.0,1,3808.0,1,4632.0,1,3395.0,1,4764.0,1,4687.0,3696.7856,3595.5527,858.0
680,2014-09-28,0.0,0.0,0.0,0.0,0,0.0,7.0,-0.9960498,-0.08879589,-1.0,-1.8369701e-16,3,0,0,1,5296.0,1,4100.0,1,3831.0,1,5428.0,1,3999.0,1,4030.0,1,4475.0,1,6177.0,4336.471,3973.43,1196.0
680,2014-09-29,4357.0,643.0,1.0,1.0,0,0.0,1.0,-0.99956083,0.029633328,-1.0,-1.8369701e-16,3,0,0,1,0.0,1,5296.0,1,3242.0,1,0.0,1,3810.0,1,5167.0,1,4718.0,1,4326.0,2601.8828,3090.4456,-5296.0
680,2014-09-30,6090.0,846.0,1.0,1.0,0,0.0,2.0,-0.99956083,0.029633328,-1.0,-1.8369701e-16,3,0,1,1,4357.0,1,0.0,1,4100.0,1,4143.0,1,3590.0,1,0.0,1,5286.0,1,4550.0,3303.9297,3371.902,4357.0
680,2014-10-01,5067.0,774.0,1.0,1.0,0,0.0,3.0,-0.99956083,0.029633328,-0.8660254,0.5,4,1,0,1,6090.0,1,4357.0,1,5296.0,1,3551.0,1,3808.0,1,4632.0,1,0.0,1,0.0,4418.358,3975.9238,1733.0
680,2014-10-02,5683.0,812.0,1.0,1.0,0,0.0,4.0,-0.99956083,0.029633328,-0.8660254,0.5,4,0,0,1,5067.0,1,6090.0,1,0.0,1,3831.0,1,5428.0,1,3999.0,1,4650.0,1,4555.0,4677.8145,4218.3853,-1023.0
680,2014-10-03,0.0,0.0,0.0,1.0,1,0.0,5.0,-0.99956083,0.029633328,-0.8660254,0.5,4,0,0,1,5683.0,1,5067.0,1,4357.0,1,3242.0,1,0.0,1,3810.0,1,3466.0,1,4386.0,5079.8887,4543.855,616.0
680,2014-10-04,7186.0,1021.0,1.0,0.0,0,0.0,6.0,-0.99956083,0.029633328,-0.8660254,0.5,4,0,0,1,0.0,1,5683.0,1,6090.0,1,4100.0,1,4143.0,1,3590.0,1,3961.0,1,4164.0,3047.9333,3534.1096,-5683.0
680,2014-10-05,0.0,0.0,0.0,0.0,0,0.0,7.0,-0.99956083,0.029633328,-0.8660254,0.5,4,0,0,1,7186.0,1,0.0,1,5067.0,1,5296.0,1,3551.0,1,3808.0,1,3395.0,1,4012.0,4703.16,4345.6406,7186.0
680,2014-10-06,6180.0,829.0,1.0,1.0,0,0.0,1.0,-0.9890402,0.14764656,-0.8660254,0.5,4,0,0,1,0.0,1,7186.0,1,5683.0,1,0.0,1,3831.0,1,5428.0,1,4030.0,1,3870.0,2821.896,3379.9429,-7186.0
680,2014-10-07,5126.0,745.0,1.0,1.0,0,0.0,2.0,-0.9890402,0.14764656,-0.8660254,0.5,4,0,0,1,6180.0,1,0.0,1,0.0,1,4357.0,1,3242.0,1,0.0,1,5167.0,1,5234.0,4165.1377,4002.1777,6180.0
680,2014-10-08,5142.0,759.0,1.0,1.0,0,0.0,3.0,-0.9890402,0.14764656,-0.8660254,0.5,4,0,0,1,5126.0,1,6180.0,1,7186.0,1,6090.0,1,4100.0,1,4143.0,1,0.0,1,0.0,4549.4824,4251.916,-1054.0
680,2014-10-09,4448.0,689.0,1.0,1.0,0,0.0,4.0,-0.9890402,0.14764656,-0.8660254,0.5,4,0,0,1,5142.0,1,5126.0,1,0.0,1,5067.0,1,5296.0,1,3551.0,1,4632.0,1,6217.0,4786.4897,4449.7124,16.0
680,2014-10-10,5005.0,735.0,1.0,1.0,0,0.0,5.0,-0.9890402,0.14764656,-0.8660254,0.5,4,0,0,1,4448.0,1,5142.0,1,6180.0,1,5683.0,1,0.0,1,3831.0,1,3999.0,1,5401.0,4651.0938,4449.332,-694.0
680,2014-10-11,5878.0,893.0,1.0,0.0,0,0.0,6.0,-0.9890402,0.14764656,-0.8660254,0.5,4,0,0,1,5005.0,1,4448.0,1,5126.0,1,0.0,1,4357.0,1,3242.0,1,3810.0,1,4484.0,4792.6562,4572.8135,557.0
680,2014-10-12,0.0,0.0,0.0,0.0,0,0.0,7.0,-0.9890402,0.14764656,-0.8660254,0.5,4,0,0,1,5878.0,1,5005.0,1,5142.0,1,7186.0,1,6090.0,1,4100.0,1,3590.0,1,4884.0,5226.794,4862.855,873.0
680,2014-10-13,5527.0,801.0,1.0,0.0,0,1.0,1.0,-0.9646356,0.26358718,-0.8660254,0.5,4,0,0,1,0.0,1,5878.0,1,4448.0,1,0.0,1,5067.0,1,5296.0,1,3808.0,1,5114.0,3136.0762,3782.2207,-5878.0
680,2014-10-14,5405.0,768.0,1.0,0.0,0,1.0,2.0,-0.9646356,0.26358718,-0.8660254,0.5,4,0,0,1,5527.0,1,0.0,1,5005.0,1,6180.0,1,5683.0,1,0.0,1,5428.0,1,5292.0,4092.4458,4169.949,5527.0
680,2014-10-15,4926.0,752.0,1.0,0.0,0,1.0,3.0,-0.9646356,0.26358718,-0.8660254,0.5,4,0,0,1,5405.0,1,5527.0,1,5878.0,1,5126.0,1,0.0,1,4357.0,1,0.0,1,0.0,4617.4673,4444.4053,-122.0
680,2014-10-16,4902.0,717.0,1.0,0.0,0,1.0,4.0,-0.9646356,0.26358718,-0.8660254,0.5,4,0,0,1,4926.0,1,5405.0,1,0.0,1,5142.0,1,7186.0,1,6090.0,1,4143.0,1,4118.0,4740.8804,4551.4263,-479.0
680,2014-10-17,4834.0,733.0,1.0,0.0,0,1.0,5.0,-0.9646356,0.26358718,-0.8660254,0.5,4,0,0,1,4902.0,1,4926.0,1,5527.0,1,4448.0,1,0.0,1,5067.0,1,3551.0,1,3535.0,4805.328,4629.3315,-24.0
680,2014-10-18,5494.0,801.0,1.0,0.0,0,0.0,6.0,-0.9646356,0.26358718,-0.8660254,0.5,4,0,0,1,4834.0,1,4902.0,1,5405.0,1,5005.0,1,6180.0,1,5683.0,1,3831.0,1,3358.0,4816.797,4674.8135,-68.0
680,2014-10-19,0.0,0.0,0.0,0.0,0,0.0,7.0,-0.9646356,0.26358718,-0.8660254,0.5,4,0,0,1,5494.0,1,4834.0,1,4926.0,1,5878.0,1,5126.0,1,0.0,1,3242.0,1,3992.0,5087.678,4856.855,660.0
680,2014-10-20,4849.0,786.0,1.0,1.0,0,1.0,1.0,-0.9266896,0.37582758,-0.8660254,0.5,4,0,0,1,0.0,1,5494.0,1,4902.0,1,0.0,1,5142.0,1,7186.0,1,4100.0,1,6020.0,3052.607,3777.5537,-5494.0
680,2014-10-21,4573.0,759.0,1.0,1.0,0,1.0,2.0,-0.9266896,0.37582758,-0.8660254,0.5,4,0,0,1,4849.0,1,0.0,1,4834.0,1,5527.0,1,4448.0,1,0.0,1,5296.0,1,6105.0,3771.164,4015.6528,4849.0
680,2014-10-22,4377.0,732.0,1.0,1.0,0,1.0,3.0,-0.9266896,0.37582758,-0.8660254,0.5,4,0,0,1,4573.0,1,4849.0,1,5494.0,1,5405.0,1,5005.0,1,6180.0,1,0.0,1,0.0,4091.8984,4139.508,-276.0
680,2014-10-23,4011.0,680.0,1.0,1.0,0,1.0,4.0,-0.9266896,0.37582758,-0.8660254,0.5,4,0,0,1,4377.0,1,4573.0,1,0.0,1,4926.0,1,5878.0,1,5126.0,1,4357.0,1,6218.0,4205.939,4192.2837,-196.0
680,2014-10-24,4029.0,699.0,1.0,1.0,0,1.0,5.0,-0.9266896,0.37582758,-0.8660254,0.5,4,0,0,1,4011.0,1,4377.0,1,4849.0,1,4902.0,1,0.0,1,5142.0,1,6090.0,1,5070.0,4127.9634,4151.9985,-366.0
680,2014-10-25,5732.0,808.0,1.0,0.0,0,0.0,6.0,-0.9266896,0.37582758,-0.8660254,0.5,4,0,0,1,4029.0,1,4011.0,1,4573.0,1,4834.0,1,5527.0,1,4448.0,1,5067.0,1,4764.0,4088.3782,4124.6655,18.0
680,2014-10-26,0.0,0.0,0.0,0.0,0,0.0,7.0,-0.9266896,0.37582758,-0.8660254,0.5,4,0,0,1,5732.0,1,4029.0,1,4377.0,1,5494.0,1,5405.0,1,5005.0,1,5683.0,1,4475.0,4745.8267,4481.851,1703.0
680,2014-10-27,3558.0,662.0,1.0,0.0,0,0.0,1.0,-0.8757349,0.4827922,-0.8660254,0.5,4,0,0,1,0.0,1,5732.0,1,4011.0,1,0.0,1,4926.0,1,5878.0,1,0.0,1,4718.0,2847.496,3485.884,-5732.0
680,2014-10-28,3455.0,623.0,1.0,0.0,0,0.0,2.0,-0.8757349,0.4827922,-0.8660254,0.5,4,0,0,1,3558.0,1,0.0,1,4029.0,1,4849.0,1,4902.0,1,0.0,1,7186.0,1,5286.0,3131.6978,3501.91,3558.0
680,2014-10-29,4270.0,699.0,1.0,0.0,0,0.0,3.0,-0.8757349,0.4827922,-0.8660254,0.5,4,0,0,1,3455.0,1,3558.0,1,5732.0,1,4573.0,1,4834.0,1,5527.0,1,0.0,1,0.0,3261.0186,3491.4854,-103.0
680,2014-10-30,4435.0,695.0,1.0,0.0,0,0.0,4.0,-0.8757349,0.4827922,-0.8660254,0.5,4,0,0,1,4270.0,1,3455.0,1,0.0,1,4377.0,1,5494.0,1,5405.0,1,6180.0,1,4650.0,3664.611,3664.4888,815.0
680,2014-10-31,6208.0,859.0,1.0,0.0,0,0.0,5.0,-0.8757349,0.4827922,-0.8660254,0.5,4,0,1,1,4435.0,1,4270.0,1,3558.0,1,4011.0,1,0.0,1,4926.0,1,5126.0,1,3466.0,3972.7666,3835.7134,165.0
680,2014-11-01,6713.0,944.0,1.0,0.0,0,0.0,6.0,-0.8757349,0.4827922,-0.5,0.8660254,4,1,0,1,6208.0,1,4435.0,1,3455.0,1,4029.0,1,4849.0,1,4902.0,1,5142.0,1,3961.0,4866.86,4362.888,1773.0
680,2014-11-02,0.0,0.0,0.0,0.0,0,0.0,7.0,-0.8757349,0.4827922,-0.5,0.8660254,4,0,0,1,6713.0,1,6208.0,1,4270.0,1,5732.0,1,4573.0,1,4834.0,1,4448.0,1,3395.0,5605.316,4885.1353,505.0
680,2014-11-03,5735.0,865.0,1.0,1.0,0,0.0,1.0,-0.8124869,0.5829795,-0.5,0.8660254,4,0,0,1,0.0,1,6713.0,1,4435.0,1,0.0,1,4377.0,1,5494.0,1,5005.0,1,4030.0,3363.1897,3799.5496,-6713.0
680,2014-11-04,5692.0,765.0,1.0,1.0,0,0.0,2.0,-0.8124869,0.5829795,-0.5,0.8660254,4,0,0,1,5735.0,1,0.0,1,6208.0,1,3558.0,1,4011.0,1,0.0,1,5878.0,1,5167.0,4311.9136,4229.65,5735.0
680,2014-11-05,4784.0,768.0,1.0,1.0,0,0.0,3.0,-0.8124869,0.5829795,-0.5,0.8660254,4,0,0,1,5692.0,1,5735.0,1,6713.0,1,3455.0,1,4029.0,1,4849.0,1,0.0,1,0.0,4863.948,4554.6167,-43.0
680,2014-11-06,5229.0,728.0,1.0,1.0,0,0.0,4.0,-0.8124869,0.5829795,-0.5,0.8660254,4,0,0,1,4784.0,1,5692.0,1,0.0,1,4270.0,1,5732.0,1,4573.0,1,5527.0,1,4632.0,4831.9688,4605.591,-908.0
680,2014-11-07,5480.0,828.0,1.0,1.0,0,0.0,5.0,-0.8124869,0.5829795,-0.5,0.8660254,4,0,0,1,5229.0,1,4784.0,1,5735.0,1,4435.0,1,0.0,1,4377.0,1,5405.0,1,3999.0,4990.7812,4744.126,445.0
680,2014-11-08,6911.0,979.0,1.0,0.0,0,0.0,6.0,-0.8124869,0.5829795,-0.5,0.8660254,4,0,0,1,5480.0,1,5229.0,1,5692.0,1,6208.0,1,3558.0,1,4011.0,1,4926.0,1,3810.0,5186.4688,4907.6533,251.0
680,2014-11-09,0.0,0.0,0.0,0.0,0,0.0,7.0,-0.8124869,0.5829795,-0.5,0.8660254,4,0,0,1,6911.0,1,5480.0,1,4784.0,1,6713.0,1,3455.0,1,4029.0,1,4902.0,1,3590.0,5876.2812,5352.842,1431.0
680,2014-11-10,5096.0,796.0,1.0,1.0,0,0.0,1.0,-0.73783326,0.674983,-0.5,0.8660254,4,0,0,1,0.0,1,6911.0,1,5229.0,1,0.0,1,4270.0,1,5732.0,1,4834.0,1,3808.0,3525.7688,4163.3213,-6911.0
680,2014-11-11,4667.0,734.0,1.0,1.0,0,0.0,2.0,-0.73783326,0.674983,-0.5,0.8660254,4,0,0,1,5096.0,1,0.0,1,5480.0,1,5735.0,1,4435.0,1,0.0,1,5494.0,1,5428.0,4153.8613,4370.583,5096.0
680,2014-11-12,4577.0,724.0,1.0,1.0,0,0.0,3.0,-0.73783326,0.674983,-0.5,0.8660254,4,0,0,1,4667.0,1,5096.0,1,6911.0,1,5692.0,1,6208.0,1,3558.0,1,0.0,1,0.0,4359.1167,4436.4536,-429.0
680,2014-11-13,4320.0,710.0,1.0,1.0,0,0.0,4.0,-0.73783326,0.674983,-0.5,0.8660254,4,0,0,1,4577.0,1,4667.0,1,0.0,1,4784.0,1,6713.0,1,3455.0,1,4849.0,1,4143.0,4446.27,4467.686,-90.0
680,2014-11-14,5447.0,791.0,1.0,1.0,0,0.0,5.0,-0.73783326,0.674983,-0.5,0.8660254,4,0,0,1,4320.0,1,4577.0,1,5096.0,1,5229.0,1,0.0,1,4270.0,1,4573.0,1,3551.0,4395.762,4434.867,-257.0
680,2014-11-15,6811.0,1000.0,1.0,0.0,0,0.0,6.0,-0.73783326,0.674983,-0.5,0.8660254,4,0,0,1,5447.0,1,4320.0,1,4667.0,1,5480.0,1,5735.0,1,4435.0,1,4377.0,1,3831.0,4816.2573,4659.7856,1127.0
680,2014-11-16,0.0,0.0,0.0,0.0,0,0.0,7.0,-0.73783326,0.674983,-0.5,0.8660254,4,0,0,1,6811.0,1,5447.0,1,4577.0,1,6911.0,1,5692.0,1,6208.0,1,4011.0,1,3242.0,5614.1543,5137.833,1364.0
680,2014-11-17,4282.0,701.0,1.0,0.0,0,0.0,1.0,-0.65282214,0.75751126,-0.5,0.8660254,4,0,0,1,0.0,1,6811.0,1,4320.0,1,0.0,1,4784.0,1,6713.0,1,4029.0,1,4100.0,3368.4927,3996.0925,-6811.0
680,2014-11-18,4423.0,682.0,1.0,0.0,0,0.0,2.0,-0.65282214,0.75751126,-0.5,0.8660254,4,0,0,1,4282.0,1,0.0,1,5447.0,1,5096.0,1,5229.0,1,0.0,1,5732.0,1,5296.0,3733.8955,4059.6274,4282.0
680,2014-11-19,4270.0,702.0,1.0,0.0,0,0.0,3.0,-0.65282214,0.75751126,-0.5,0.8660254,4,0,0,1,4423.0,1,4282.0,1,6811.0,1,4667.0,1,5480.0,1,5735.0,1,0.0,1,0.0,4009.5374,4140.377,141.0
680,2014-11-20,4308.0,662.0,1.0,0.0,0,0.0,4.0,-0.65282214,0.75751126,-0.5,0.8660254,4,0,0,1,4270.0,1,4423.0,1,0.0,1,4577.0,1,6911.0,1,5692.0,1,3558.0,1,4357.0,4113.722,4169.182,-153.0
680,2014-11-21,4912.0,783.0,1.0,0.0,0,0.0,5.0,-0.65282214,0.75751126,-0.5,0.8660254,4,0,0,1,4308.0,1,4270.0,1,4282.0,1,4320.0,1,0.0,1,4784.0,1,3455.0,1,6090.0,4191.4336,4200.0303,38.0
680,2014-11-22,7403.0,1002.0,1.0,0.0,0,0.0,6.0,-0.65282214,0.75751126,-0.5,0.8660254,4,0,0,1,4912.0,1,4308.0,1,4423.0,1,5447.0,1,5096.0,1,5229.0,1,4270.0,1,5067.0,4479.66,4358.246,604.0
680,2014-11-23,0.0,0.0,0.0,0.0,0,0.0,7.0,-0.65282214,0.75751126,-0.5,0.8660254,4,0,0,1,7403.0,1,4912.0,1,4270.0,1,6811.0,1,4667.0,1,5480.0,1,4435.0,1,5683.0,5648.996,5034.858,2491.0
680,2014-11-24,5638.0,826.0,1.0,1.0,0,0.0,1.0,-0.55864674,0.82940567,-0.5,0.8660254,4,0,0,1,0.0,1,7403.0,1,4308.0,1,0.0,1,4577.0,1,6911.0,1,6208.0,1,0.0,3389.3977,3916.0007,-7403.0
680,2014-11-25,5663.0,821.0,1.0,1.0,0,0.0,2.0,-0.55864674,0.82940567,-0.5,0.8660254,4,0,0,1,5638.0,1,0.0,1,4912.0,1,4282.0,1,4320.0,1,0.0,1,6713.0,1,7186.0,4288.8384,4298.667,5638.0
680,2014-11-26,6025.0,879.0,1.0,1.0,0,0.0,3.0,-0.55864674,0.82940567,-0.5,0.8660254,4,0,0,1,5663.0,1,5638.0,1,7403.0,1,4423.0,1,5447.0,1,5096.0,1,0.0,1,0.0,4838.503,4601.852,25.0
680,2014-11-27,6582.0,869.0,1.0,1.0,0,0.0,4.0,-0.55864674,0.82940567,-0.5,0.8660254,4,0,0,1,6025.0,1,5663.0,1,0.0,1,4270.0,1,6811.0,1,4667.0,1,5735.0,1,6180.0,5313.102,4918.1074,362.0
680,2014-11-28,9195.0,1180.0,1.0,1.0,0,0.0,5.0,-0.55864674,0.82940567,-0.5,0.8660254,4,0,0,1,6582.0,1,6025.0,1,5638.0,1,4308.0,1,0.0,1,4577.0,1,5692.0,1,5126.0,5820.661,5287.8613,557.0
680,2014-11-29,10168.0,1420.0,1.0,0.0,0,0.0,6.0,-0.55864674,0.82940567,-0.5,0.8660254,4,0,0,1,9195.0,1,6582.0,1,5663.0,1,4912.0,1,4282.0,1,4320.0,1,4784.0,1,5142.0,7170.3965,6156.1143,2613.0
680,2014-11-30,0.0,0.0,0.0,0.0,0,0.0,7.0,-0.55864674,0.82940567,-0.5,0.8660254,4,0,1,1,10168.0,1,9195.0,1,6025.0,1,7403.0,1,4423.0,1,5447.0,1,5229.0,1,4448.0,8369.438,7047.6445,973.0
680,2014-12-01,7928.0,1113.0,1.0,1.0,0,0.0,1.0,-0.45662925,0.8896571,-2.4492937e-16,1.0,4,1,0,1,0.0,1,10168.0,1,6582.0,1,0.0,1,4270.0,1,6811.0,1,5480.0,1,5005.0,5021.6626,5481.5015,-10168.0
680,2014-12-02,7639.0,1070.0,1.0,1.0,0,0.0,2.0,-0.45662925,0.8896571,-2.4492937e-16,1.0,4,0,0,1,7928.0,1,0.0,1,9195.0,1,5638.0,1,4308.0,1,0.0,1,6911.0,1,5878.0,6184.1978,6025.1675,7928.0
680,2014-12-03,7147.0,1059.0,1.0,1.0,0,0.0,3.0,-0.45662925,0.8896571,-2.4492937e-16,1.0,4,0,0,1,7639.0,1,7928.0,1,10168.0,1,5663.0,1,4912.0,1,4282.0,1,0.0,1,0.0,6766.1187,6383.797,-289.0
680,2014-12-04,6853.0,946.0,1.0,1.0,0,0.0,4.0,-0.45662925,0.8896571,-2.4492937e-16,1.0,4,0,0,1,7147.0,1,7639.0,1,0.0,1,6025.0,1,7403.0,1,4423.0,1,5096.0,1,5527.0,6918.471,6553.3975,-492.0
680,2014-12-05,8287.0,1181.0,1.0,1.0,0,0.0,5.0,-0.45662925,0.8896571,-2.4492937e-16,1.0,4,0,0,1,6853.0,1,7147.0,1,7928.0,1,6582.0,1,0.0,1,4270.0,1,4667.0,1,5405.0,6892.2827,6619.976,-294.0
680,2014-12-06,9184.0,1278.0,1.0,0.0,0,0.0,6.0,-0.45662925,0.8896571,-2.4492937e-16,1.0,4,0,0,1,8287.0,1,6853.0,1,7639.0,1,9195.0,1,5638.0,1,4308.0,1,4577.0,1,4926.0,7450.1694,6990.426,1434.0
680,2014-12-07,0.0,0.0,0.0,0.0,0,0.0,7.0,-0.45662925,0.8896571,-2.4492937e-16,1.0,4,0,0,1,9184.0,1,8287.0,1,7147.0,1,10168.0,1,5663.0,1,4912.0,1,4320.0,1,4902.0,8143.7017,7477.8867,897.0
680,2014-12-08,5917.0,914.0,1.0,0.0,0,0.0,1.0,-0.34820163,0.93741965,-2.4492937e-16,1.0,4,0,0,1,0.0,1,9184.0,1,6853.0,1,0.0,1,6025.0,1,7403.0,1,5447.0,1,4834.0,4886.221,5816.1343,-9184.0
680,2014-12-09,5995.0,843.0,1.0,0.0,0,0.0,2.0,-0.34820163,0.93741965,-2.4492937e-16,1.0,4,0,0,1,5917.0,1,0.0,1,8287.0,1,7928.0,1,6582.0,1,0.0,1,6811.0,1,5494.0,5298.5327,5838.549,5917.0
680,2014-12-10,5351.0,815.0,1.0,0.0,0,0.0,3.0,-0.34820163,0.93741965,-2.4492937e-16,1.0,4,0,0,1,5995.0,1,5917.0,1,9184.0,1,7639.0,1,9195.0,1,5638.0,1,0.0,1,0.0,5577.1196,5873.316,78.0
680,2014-12-11,5515.0,848.0,1.0,0.0,0,0.0,4.0,-0.34820163,0.93741965,-2.4492937e-16,1.0,4,0,0,1,5351.0,1,5995.0,1,0.0,1,7147.0,1,10168.0,1,5663.0,1,4282.0,1,4849.0,5486.672,5757.2456,-644.0
680,2014-12-12,6419.0,977.0,1.0,0.0,0,0.0,5.0,-0.34820163,0.93741965,-2.4492937e-16,1.0,4,0,0,1,5515.0,1,5351.0,1,5917.0,1,6853.0,1,0.0,1,6025.0,1,4423.0,1,4573.0,5498.003,5703.413,164.0
680,2014-12-13,9580.0,1311.0,1.0,0.0,0,0.0,6.0,-0.34820163,0.93741965,-2.4492937e-16,1.0,4,0,0,1,6419.0,1,5515.0,1,5995.0,1,8287.0,1,7928.0,1,6582.0,1,4270.0,1,4377.0,5866.402,5862.4326,904.0
680,2014-12-14,0.0,0.0,0.0,0.0,0,0.0,7.0,-0.34820163,0.93741965,-2.4492937e-16,1.0,4,0,0,1,9580.0,1,6419.0,1,5351.0,1,9184.0,1,7639.0,1,9195.0,1,4308.0,1,4011.0,7351.8413,6688.5586,3161.0
680,2014-12-15,9091.0,1173.0,1.0,1.0,0,0.0,1.0,-0.23488605,0.9720229,-2.4492937e-16,1.0,4,0,0,1,0.0,1,9580.0,1,5515.0,1,0.0,1,7147.0,1,10168.0,1,4912.0,1,4029.0,4411.1045,5202.2124,-9580.0
680,2014-12-16,8094.0,1100.0,1.0,1.0,0,0.0,2.0,-0.23488605,0.9720229,-2.4492937e-16,1.0,4,0,0,1,9091.0,1,0.0,1,6419.0,1,5917.0,1,6853.0,1,0.0,1,7403.0,1,5732.0,6283.063,6066.387,9091.0
680,2014-12-17,8744.0,1222.0,1.0,1.0,0,0.0,3.0,-0.23488605,0.9720229,-2.4492937e-16,1.0,4,0,0,1,8094.0,1,9091.0,1,9580.0,1,5995.0,1,8287.0,1,7928.0,1,0.0,1,0.0,7007.4375,6516.968,-997.0
680,2014-12-18,7499.0,1099.0,1.0,1.0,0,0.0,4.0,-0.23488605,0.9720229,-2.4492937e-16,1.0,4,0,0,1,8744.0,1,8094.0,1,0.0,1,5351.0,1,9184.0,1,7639.0,1,5638.0,1,3558.0,7702.0625,7011.864,650.0
680,2014-12-19,7377.0,1195.0,1.0,1.0,0,0.0,5.0,-0.23488605,0.9720229,-2.4492937e-16,1.0,4,0,0,1,7499.0,1,8744.0,1,9091.0,1,5515.0,1,0.0,1,7147.0,1,5663.0,1,3455.0,7620.8374,7120.116,-1245.0
680,2014-12-20,9787.0,1279.0,1.0,0.0,0,0.0,6.0,-0.23488605,0.9720229,-2.4492937e-16,1.0,4,0,0,1,7377.0,1,7499.0,1,8094.0,1,6419.0,1,5917.0,1,6853.0,1,6025.0,1,4270.0,7523.3027,7177.2017,-122.0
680,2014-12-21,0.0,0.0,0.0,0.0,0,0.0,7.0,-0.23488605,0.9720229,-2.4492937e-16,1.0,4,0,0,1,9787.0,1,7377.0,1,8744.0,1,9580.0,1,5995.0,1,8287.0,1,6582.0,1,4435.0,8428.781,7757.1567,2410.0
680,2014-12-22,11448.0,1602.0,1.0,0.0,0,1.0,1.0,-0.11827317,0.9929811,-2.4492937e-16,1.0,4,0,0,1,0.0,1,9787.0,1,7499.0,1,0.0,1,5351.0,1,9184.0,1,9195.0,1,6208.0,5057.269,6033.344,-9787.0
680,2014-12-23,9362.0,1428.0,1.0,0.0,0,1.0,2.0,-0.11827317,0.9929811,-2.4492937e-16,1.0,4,0,0,1,11448.0,1,0.0,1,7377.0,1,9091.0,1,5515.0,1,0.0,1,10168.0,1,6713.0,7613.5615,7236.601,11448.0
680,2014-12-24,2353.0,397.0,1.0,0.0,0,1.0,3.0,-0.11827317,0.9929811,-2.4492937e-16,1.0,4,0,0,1,9362.0,1,11448.0,1,9787.0,1,8094.0,1,6419.0,1,5917.0,1,0.0,1,0.0,8312.937,7708.912,-2086.0
680,2014-12-25,0.0,0.0,0.0,0.0,3,1.0,4.0,-0.11827317,0.9929811,-2.4492937e-16,1.0,4,0,0,1,2353.0,1,9362.0,1,0.0,1,8744.0,1,9580.0,1,5995.0,1,7928.0,1,5735.0,5928.962,6518.7095,-7009.0
680,2014-12-26,0.0,0.0,0.0,0.0,3,1.0,5.0,-0.11827317,0.9929811,-2.4492937e-16,1.0,4,0,0,1,0.0,1,2353.0,1,11448.0,1,7499.0,1,0.0,1,5351.0,1,7639.0,1,5692.0,3557.3772,5070.1074,-2353.0
680,2014-12-27,7447.0,1102.0,1.0,0.0,0,0.0,6.0,-0.11827317,0.9929811,-2.4492937e-16,1.0,4,0,0,1,0.0,1,0.0,1,9362.0,1,7377.0,1,9091.0,1,5515.0,1,7147.0,1,4784.0,2134.4263,3943.4167,0.0
680,2014-12-28,0.0,0.0,0.0,0.0,0,0.0,7.0,-0.11827317,0.9929811,-2.4492937e-16,1.0,4,0,0,1,7447.0,1,0.0,1,2353.0,1,9787.0,1,8094.0,1,6419.0,1,6853.0,1,5229.0,4259.4556,4721.9907,7447.0
680,2014-12-29,8224.0,1137.0,1.0,0.0,0,1.0,1.0,0.11827317,0.9929811,-2.4492937e-16,1.0,4,0,0,1,0.0,1,7447.0,1,0.0,1,0.0,1,8744.0,1,9580.0,1,8287.0,1,5480.0,2555.6736,3672.6594,-7447.0
680,2014-12-30,7785.0,1062.0,1.0,0.0,0,1.0,2.0,0.11827317,0.9929811,-2.4492937e-16,1.0,4,0,0,1,8224.0,1,0.0,1,0.0,1,11448.0,1,7499.0,1,0.0,1,9184.0,1,6911.0,4823.004,4684.0684,8224.0
680,2014-12-31,2695.0,433.0,1.0,0.0,0,1.0,3.0,0.11827317,0.9929811,-2.4492937e-16,1.0,4,0,1,1,7785.0,1,8224.0,1,7447.0,1,9362.0,1,7377.0,1,9091.0,1,0.0,1,0.0,6007.8022,5373.1646,-439.0
680,2015-01-01,0.0,0.0,0.0,0.0,1,1.0,4.0,0.11827317,0.9929811,0.5,0.8660254,1,1,0,1,2695.0,1,7785.0,1,0.0,1,2353.0,1,9787.0,1,8094.0,1,5917.0,1,5096.0,4682.6816,4778.0166,-5090.0
680,2015-01-02,5718.0,878.0,1.0,0.0,0,1.0,5.0,0.11827317,0.9929811,0.5,0.8660254,1,0,0,1,0.0,1,2695.0,1,8224.0,1,0.0,1,0.0,1,8744.0,1,5995.0,1,4667.0,2809.609,3716.2354,-2695.0
680,2015-01-03,6846.0,939.0,1.0,0.0,0,0.0,6.0,0.11827317,0.9929811,0.5,0.8660254,1,0,0,1,5718.0,1,0.0,1,7785.0,1,0.0,1,11448.0,1,7499.0,1,5351.0,1,4577.0,3972.9653,4161.072,5718.0
680,2015-01-04,0.0,0.0,0.0,0.0,0,0.0,7.0,0.11827317,0.9929811,0.5,0.8660254,1,0,0,1,6846.0,1,5718.0,1,2695.0,1,7447.0,1,9362.0,1,7377.0,1,5515.0,1,4320.0,5122.179,4757.7227,1128.0
680,2015-01-05,6338.0,952.0,1.0,1.0,0,1.0,1.0,0.23488605,0.9720229,0.5,0.8660254,1,0,0,1,0.0,1,6846.0,1,0.0,1,0.0,1,2353.0,1,9787.0,1,6419.0,1,5447.0,3073.3076,3700.451,-6846.0
680,2015-01-06,5180.0,808.0,1.0,1.0,0,1.0,2.0,0.23488605,0.9720229,0.5,0.8660254,1,0,0,1,6338.0,1,0.0,1,5718.0,1,8224.0,1,0.0,1,0.0,1,9580.0,1,6811.0,4379.1846,4286.5728,6338.0
680,2015-01-07,5017.0,743.0,1.0,1.0,0,0.0,3.0,0.23488605,0.9720229,0.5,0.8660254,1,0,0,1,5180.0,1,6338.0,1,6846.0,1,7785.0,1,0.0,1,11448.0,1,0.0,1,0.0,4699.5107,4485.1123,-1158.0
680,2015-01-08,3825.0,632.0,1.0,1.0,0,0.0,4.0,0.23488605,0.9720229,0.5,0.8660254,1,0,0,1,5017.0,1,5180.0,1,0.0,1,2695.0,1,7447.0,1,9362.0,1,9091.0,1,4282.0,4826.5063,4603.3096,-163.0
680,2015-01-09,4176.0,673.0,1.0,1.0,0,0.0,5.0,0.23488605,0.9720229,0.5,0.8660254,1,0,0,1,3825.0,1,5017.0,1,6338.0,1,0.0,1,0.0,1,2353.0,1,8094.0,1,4423.0,4425.904,4430.352,-1192.0
680,2015-01-10,5298.0,790.0,1.0,0.0,0,0.0,6.0,0.23488605,0.9720229,0.5,0.8660254,1,0,0,1,4176.0,1,3825.0,1,5180.0,1,5718.0,1,8224.0,1,0.0,1,8744.0,1,4270.0,4325.9424,4373.829,351.0
680,2015-01-11,0.0,0.0,0.0,0.0,0,0.0,7.0,0.23488605,0.9720229,0.5,0.8660254,1,0,0,1,5298.0,1,4176.0,1,5017.0,1,6846.0,1,7785.0,1,0.0,1,7499.0,1,4308.0,4714.7656,4579.2007,1122.0
680,2015-01-12,5189.0,785.0,1.0,1.0,0,0.0,1.0,0.34820163,0.93741965,0.5,0.8660254,1,0,0,1,0.0,1,5298.0,1,3825.0,1,0.0,1,2695.0,1,7447.0,1,7377.0,1,4912.0,2828.8591,3561.6003,-5298.0
680,2015-01-13,5191.0,756.0,1.0,1.0,0,0.0,2.0,0.34820163,0.93741965,0.5,0.8660254,1,0,0,1,5189.0,1,0.0,1,4176.0,1,6338.0,1,0.0,1,0.0,1,9787.0,1,7403.0,3772.9155,3923.2449,5189.0
680,2015-01-14,4802.0,732.0,1.0,1.0,0,0.0,3.0,0.34820163,0.93741965,0.5,0.8660254,1,0,0,1,5191.0,1,5189.0,1,5298.0,1,5180.0,1,5718.0,1,8224.0,1,0.0,1,0.0,4340.1494,4204.9683,2.0
680,2015-01-15,4424.0,683.0,1.0,1.0,0,0.0,4.0,0.34820163,0.93741965,0.5,0.8660254,1,0,0,1,4802.0,1,5191.0,1,0.0,1,5017.0,1,6846.0,1,7785.0,1,11448.0,1,5638.0,4524.8896,4337.642,-389.0
680,2015-01-16,5020.0,763.0,1.0,1.0,0,0.0,5.0,0.34820163,0.93741965,0.5,0.8660254,1,0,0,1,4424.0,1,4802.0,1,5189.0,1,3825.0,1,0.0,1,2695.0,1,9362.0,1,5663.0,4484.5337,4356.8325,-378.0
680,2015-01-17,6061.0,919.0,1.0,0.0,0,0.0,6.0,0.34820163,0.93741965,0.5,0.8660254,1,0,0,1,5020.0,1,4424.0,1,5191.0,1,4176.0,1,6338.0,1,0.0,1,2353.0,1,6025.0,4698.72,4504.203,596.0
680,2015-01-18,0.0,0.0,0.0,0.0,0,0.0,7.0,0.34820163,0.93741965,0.5,0.8660254,1,0,0,1,6061.0,1,5020.0,1,4802.0,1,5298.0,1,5180.0,1,5718.0,1,0.0,1,6582.0,5243.6323,4850.158,1041.0
680,2015-01-19,3807.0,678.0,1.0,0.0,0,0.0,1.0,0.45662925,0.8896571,0.5,0.8660254,1,0,0,1,0.0,1,6061.0,1,4424.0,1,0.0,1,5017.0,1,6846.0,1,0.0,1,9195.0,3146.1792,3772.3452,-6061.0
680,2015-01-20,3381.0,635.0,1.0,0.0,0,0.0,2.0,0.45662925,0.8896571,0.5,0.8660254,1,0,0,1,3807.0,1,0.0,1,5020.0,1,5189.0,1,3825.0,1,0.0,1,7447.0,1,10168.0,3410.5076,3780.0461,3807.0
680,2015-01-21,3591.0,644.0,1.0,0.0,0,0.0,3.0,0.45662925,0.8896571,0.5,0.8660254,1,0,0,1,3381.0,1,3807.0,1,6061.0,1,5191.0,1,4176.0,1,6338.0,1,0.0,1,0.0,3398.7046,3691.3691,-426.0
680,2015-01-22,3451.0,592.0,1.0,0.0,0,0.0,4.0,0.45662925,0.8896571,0.5,0.8660254,1,0,0,1,3591.0,1,3381.0,1,0.0,1,4802.0,1,5298.0,1,5180.0,1,8224.0,1,7928.0,3475.6228,3669.065,210.0
680,2015-01-23,4153.0,703.0,1.0,0.0,0,0.0,5.0,0.45662925,0.8896571,0.5,0.8660254,1,0,0,1,3451.0,1,3591.0,1,3807.0,1,4424.0,1,0.0,1,5017.0,1,7785.0,1,7639.0,3465.7737,3620.6062,-140.0
680,2015-01-24,6237.0,860.0,1.0,0.0,0,0.0,6.0,0.45662925,0.8896571,0.5,0.8660254,1,0,0,1,4153.0,1,3451.0,1,3381.0,1,5020.0,1,5189.0,1,3825.0,1,2695.0,1,7147.0,3740.664,3738.9158,702.0
680,2015-01-25,0.0,0.0,0.0,0.0,0,0.0,7.0,0.45662925,0.8896571,0.5,0.8660254,1,0,0,1,6237.0,1,4153.0,1,3591.0,1,6061.0,1,5191.0,1,4176.0,1,0.0,1,6853.0,4739.1987,4294.046,2084.0
680,2015-01-26,6007.0,827.0,1.0,1.0,0,0.0,1.0,0.55864674,0.82940567,0.5,0.8660254,1,0,0,1,0.0,1,6237.0,1,3451.0,1,0.0,1,4802.0,1,5298.0,1,5718.0,1,8287.0,2843.519,3339.8132,-6237.0
680,2015-01-27,5102.0,762.0,1.0,1.0,0,0.0,2.0,0.55864674,0.82940567,0.5,0.8660254,1,0,0,1,6007.0,1,0.0,1,4153.0,1,3807.0,1,4424.0,1,0.0,1,6846.0,1,9184.0,4108.9116,3932.5215,6007.0
680,2015-01-28,4985.0,764.0,1.0,1.0,0,0.0,3.0,0.55864674,0.82940567,0.5,0.8660254,1,0,0,1,5102.0,1,6007.0,1,6237.0,1,3381.0,1,5020.0,1,5189.0,1,0.0,1,0.0,4506.147,4192.406,-905.0
680,2015-01-29,4840.0,691.0,1.0,1.0,0,0.0,4.0,0.55864674,0.82940567,0.5,0.8660254,1,0,0,1,4985.0,1,5102.0,1,0.0,1,3591.0,1,6061.0,1,5191.0,1,6338.0,1,5917.0,4697.688,4368.5376,-117.0
680,2015-01-30,7581.0,979.0,1.0,1.0,0,0.0,5.0,0.55864674,0.82940567,0.5,0.8660254,1,0,0,1,4840.0,1,4985.0,1,6007.0,1,3451.0,1,0.0,1,4802.0,1,5180.0,1,5995.0,4754.613,4473.307,-145.0
680,2015-01-31,7184.0,999.0,1.0,0.0,0,0.0,6.0,0.55864674,0.82940567,0.5,0.8660254,1,0,1,1,7581.0,1,4840.0,1,5102.0,1,4153.0,1,3807.0,1,4424.0,1,5017.0,1,5351.0,5885.168,5163.9053,2741.0
680,2015-02-01,0.0,0.0,0.0,0.0,0,0.0,7.0,0.55864674,0.82940567,0.8660254,0.5,1,1,0,1,7184.0,1,7581.0,1,4985.0,1,6237.0,1,3381.0,1,5020.0,1,3825.0,1,5515.0,6404.7007,5612.8154,-397.0
680,2015-02-02,6433.0,916.0,1.0,1.0,0,0.0,1.0,0.65282214,0.75751126,0.8660254,0.5,1,0,0,1,0.0,1,7184.0,1,4840.0,1,0.0,1,3591.0,1,6061.0,1,4176.0,1,6419.0,3842.8203,4365.523,-7184.0
680,2015-02-03,5200.0,775.0,1.0,1.0,0,0.0,2.0,0.65282214,0.75751126,0.8660254,0.5,1,0,0,1,6433.0,1,0.0,1,7581.0,1,6007.0,1,3451.0,1,0.0,1,5298.0,1,9580.0,4878.892,4824.9624,6433.0
680,2015-02-04,4689.0,763.0,1.0,1.0,0,0.0,3.0,0.65282214,0.75751126,0.8660254,0.5,1,0,0,1,5200.0,1,6433.0,1,7184.0,1,5102.0,1,4153.0,1,3807.0,1,0.0,1,0.0,5007.3354,4908.304,-1233.0
680,2015-02-05,4524.0,703.0,1.0,1.0,0,0.0,4.0,0.65282214,0.75751126,0.8660254,0.5,1,0,0,1,4689.0,1,5200.0,1,0.0,1,4985.0,1,6237.0,1,3381.0,1,5189.0,1,9091.0,4880.001,4859.57,-511.0
680,2015-02-06,5106.0,745.0,1.0,1.0,0,0.0,5.0,0.65282214,0.75751126,0.8660254,0.5,1,0,0,1,4524.0,1,4689.0,1,6433.0,1,4840.0,1,0.0,1,3591.0,1,5191.0,1,8094.0,4737.6006,4784.9985,-165.0
680,2015-02-07,6612.0,920.0,1.0,0.0,0,0.0,6.0,0.65282214,0.75751126,0.8660254,0.5,1,0,0,1,5106.0,1,4524.0,1,5200.0,1,7581.0,1,6007.0,1,3451.0,1,4802.0,1,8744.0,4884.9604,4856.3325,582.0
680,2015-02-08,0.0,0.0,0.0,0.0,0,0.0,7.0,0.65282214,0.75751126,0.8660254,0.5,1,0,0,1,6612.0,1,5106.0,1,4689.0,1,7184.0,1,5102.0,1,4153.0,1,4424.0,1,7499.0,5575.7764,5246.481,1506.0
680,2015-02-09,5050.0,718.0,1.0,0.0,0,0.0,1.0,0.73783326,0.674983,0.8660254,0.5,1,0,0,1,0.0,1,6612.0,1,4524.0,1,0.0,1,4985.0,1,6237.0,1,5020.0,1,7377.0,3345.4658,4080.5962,-6612.0
680,2015-02-10,4484.0,669.0,1.0,0.0,0,0.0,2.0,0.73783326,0.674983,0.8660254,0.5,1,0,0,1,5050.0,1,0.0,1,5106.0,1,6433.0,1,4840.0,1,0.0,1,6061.0,1,9787.0,4027.2795,4296.019,5050.0
680,2015-02-11,4984.0,725.0,1.0,0.0,0,0.0,3.0,0.73783326,0.674983,0.8660254,0.5,1,0,0,1,4484.0,1,5050.0,1,6612.0,1,5200.0,1,7581.0,1,6007.0,1,0.0,1,0.0,4209.968,4337.7925,-566.0
680,2015-02-12,4854.0,718.0,1.0,0.0,0,0.0,4.0,0.73783326,0.674983,0.8660254,0.5,1,0,0,1,4984.0,1,4484.0,1,0.0,1,4689.0,1,7184.0,1,5102.0,1,3807.0,1,11448.0,4519.5806,4481.3945,500.0
680,2015-02-13,5633.0,781.0,1.0,0.0,0,0.0,5.0,0.73783326,0.674983,0.8660254,0.5,1,0,0,1,4854.0,1,4984.0,1,5050.0,1,4524.0,1,0.0,1,4985.0,1,3381.0,1,9362.0,4653.348,4564.196,-130.0
680,2015-02-14,6696.0,1000.0,1.0,0.0,0,0.0,6.0,0.73783326,0.674983,0.8660254,0.5,1,0,0,1,5633.0,1,4854.0,1,4484.0,1,5106.0,1,6433.0,1,4840.0,1,3591.0,1,2353.0,5045.209,4801.7075,779.0
680,2015-02-15,0.0,0.0,0.0,0.0,0,0.0,7.0,0.73783326,0.674983,0.8660254,0.5,1,0,0,1,6696.0,1,5633.0,1,4984.0,1,6612.0,1,5200.0,1,7581.0,1,3451.0,1,0.0,5705.5254,5222.6616,1063.0
680,2015-02-16,5613.0,761.0,1.0,1.0,0,0.0,1.0,0.8124869,0.5829795,0.8660254,0.5,1,0,0,1,0.0,1,6696.0,1,4854.0,1,0.0,1,4689.0,1,7184.0,1,4153.0,1,0.0,3423.3152,4062.07,-6696.0
680,2015-02-17,4287.0,667.0,1.0,1.0,0,0.0,2.0,0.8124869,0.5829795,0.8660254,0.5,1,0,0,1,5613.0,1,0.0,1,5633.0,1,5050.0,1,4524.0,1,0.0,1,6237.0,1,7447.0,4299.189,4406.721,5613.0
680,2015-02-18,4611.0,695.0,1.0,1.0,0,0.0,3.0,0.8124869,0.5829795,0.8660254,0.5,1,0,0,1,4287.0,1,5613.0,1,6696.0,1,4484.0,1,5106.0,1,6433.0,1,0.0,1,0.0,4294.3135,4380.1167,-1326.0
680,2015-02-19,4565.0,657.0,1.0,1.0,0,0.0,4.0,0.8124869,0.5829795,0.8660254,0.5,1,0,0,1,4611.0,1,4287.0,1,0.0,1,4984.0,1,6612.0,1,5200.0,1,6007.0,1,8224.0,4420.9883,4431.424,324.0
680,2015-02-20,4456.0,660.0,1.0,1.0,0,0.0,5.0,0.8124869,0.5829795,0.8660254,0.5,1,0,0,1,4565.0,1,4611.0,1,5613.0,1,4854.0,1,0.0,1,4689.0,1,5102.0,1,7785.0,4478.593,4461.1074,-46.0
680,2015-02-21,6284.0,920.0,1.0,0.0,0,0.0,6.0,0.8124869,0.5829795,0.8660254,0.5,1,0,0,1,4456.0,1,4565.0,1,4287.0,1,5633.0,1,5050.0,1,4524.0,1,4985.0,1,2695.0,4469.5557,4459.9727,-109.0
680,2015-02-22,0.0,0.0,0.0,0.0,0,0.0,7.0,0.8124869,0.5829795,0.8660254,0.5,1,0,0,1,6284.0,1,4456.0,1,4611.0,1,6696.0,1,4484.0,1,5106.0,1,4840.0,1,0.0,5195.3335,4865.312,1828.0
680,2015-02-23,3941.0,671.0,1.0,0.0,0,0.0,1.0,0.8757349,0.4827922,0.8660254,0.5,1,0,0,1,0.0,1,6284.0,1,4565.0,1,0.0,1,4984.0,1,6612.0,1,7581.0,1,5718.0,3117.2,3784.1316,-6284.0
680,2015-02-24,3914.0,655.0,1.0,0.0,0,0.0,2.0,0.8757349,0.4827922,0.8660254,0.5,1,0,0,1,3941.0,1,0.0,1,4456.0,1,5613.0,1,4854.0,1,0.0,1,7184.0,1,6846.0,3446.72,3818.9912,3941.0
680,2015-02-25,3633.0,607.0,1.0,0.0,0,0.0,3.0,0.8757349,0.4827922,0.8660254,0.5,1,0,0,1,3914.0,1,3941.0,1,6284.0,1,4287.0,1,5633.0,1,5050.0,1,0.0,1,0.0,3633.632,3840.1042,-27.0
680,2015-02-26,3828.0,646.0,1.0,0.0,0,0.0,4.0,0.8757349,0.4827922,0.8660254,0.5,1,0,0,1,3633.0,1,3914.0,1,0.0,1,4611.0,1,6696.0,1,4484.0,1,6433.0,1,6338.0,3633.3792,3794.081,-281.0
680,2015-02-27,5639.0,834.0,1.0,0.0,0,0.0,5.0,0.8757349,0.4827922,0.8660254,0.5,1,0,0,1,3828.0,1,3633.0,1,3941.0,1,4565.0,1,0.0,1,4984.0,1,5200.0,1,5180.0,3711.2275,3801.6187,195.0
680,2015-02-28,7259.0,991.0,1.0,0.0,0,0.0,6.0,0.8757349,0.4827922,0.8660254,0.5,1,0,1,1,5639.0,1,3828.0,1,3914.0,1,4456.0,1,5613.0,1,4854.0,1,4689.0,1,5017.0,4482.3364,4209.926,1811.0
680,2015-03-01,0.0,0.0,0.0,0.0,0,0.0,7.0,0.8757349,0.4827922,1.0,6.123234e-17,1,1,0,1,7259.0,1,5639.0,1,3633.0,1,6284.0,1,4287.0,1,5633.0,1,4524.0,1,3825.0,5593.002,4887.4976,1620.0
680,2015-03-02,5789.0,867.0,1.0,1.0,0,0.0,1.0,0.9266896,0.37582758,1.0,6.123234e-17,1,0,0,1,0.0,1,7259.0,1,3828.0,1,0.0,1,4611.0,1,6696.0,1,5106.0,1,4176.0,3355.801,3801.3872,-7259.0
680,2015-03-03,5582.0,775.0,1.0,1.0,0,0.0,2.0,0.9266896,0.37582758,1.0,6.123234e-17,1,0,0,1,5789.0,1,0.0,1,5639.0,1,3941.0,1,4565.0,1,0.0,1,6612.0,1,5298.0,4329.0806,4243.0786,5789.0
680,2015-03-04,4776.0,746.0,1.0,1.0,0,0.0,3.0,0.9266896,0.37582758,1.0,6.123234e-17,1,0,0,1,5582.0,1,5789.0,1,7259.0,1,3914.0,1,4456.0,1,5613.0,1,0.0,1,0.0,4830.2485,4540.6167,-207.0
680,2015-03-05,4876.0,747.0,1.0,1.0,0,0.0,4.0,0.9266896,0.37582758,1.0,6.123234e-17,1,0,0,1,4776.0,1,5582.0,1,0.0,1,3633.0,1,6284.0,1,4287.0,1,5050.0,1,5189.0,4808.549,4592.9243,-806.0
680,2015-03-06,5382.0,793.0,1.0,1.0,0,0.0,5.0,0.9266896,0.37582758,1.0,6.123234e-17,1,0,0,1,4876.0,1,4776.0,1,5789.0,1,3828.0,1,0.0,1,4611.0,1,4484.0,1,5191.0,4835.5293,4655.83,100.0
680,2015-03-07,6341.0,868.0,1.0,0.0,0,0.0,6.0,0.9266896,0.37582758,1.0,6.123234e-17,1,0,0,1,5382.0,1,4876.0,1,5582.0,1,5639.0,1,3941.0,1,4565.0,1,4984.0,1,4802.0,5054.1177,4817.201,506.0
680,2015-03-08,0.0,0.0,0.0,0.0,0,0.0,7.0,0.9266896,0.37582758,1.0,6.123234e-17,1,0,0,1,6341.0,1,5382.0,1,4776.0,1,7259.0,1,3914.0,1,4456.0,1,4854.0,1,4424.0,5568.8706,5155.823,959.0
680,2015-03-09,3586.0,644.0,1.0,0.0,0,0.0,1.0,0.9646356,0.26358718,1.0,6.123234e-17,1,0,0,1,0.0,1,6341.0,1,4876.0,1,0.0,1,3633.0,1,6284.0,1,5633.0,1,5020.0,3341.3223,4010.0847,-6341.0
680,2015-03-10,3859.0,627.0,1.0,0.0,0,0.0,2.0,0.9646356,0.26358718,1.0,6.123234e-17,1,0,0,1,3586.0,1,0.0,1,5382.0,1,5789.0,1,3828.0,1,0.0,1,6696.0,1,6061.0,3439.1934,3915.8435,3586.0
680,2015-03-11,3496.0,587.0,1.0,0.0,0,0.0,3.0,0.9646356,0.26358718,1.0,6.123234e-17,1,0,0,1,3859.0,1,3586.0,1,6341.0,1,5582.0,1,5639.0,1,3941.0,1,0.0,1,0.0,3607.116,3903.2117,273.0
680,2015-03-12,3791.0,609.0,1.0,0.0,0,0.0,4.0,0.9646356,0.26358718,1.0,6.123234e-17,1,0,0,1,3496.0,1,3859.0,1,0.0,1,4776.0,1,7259.0,1,3914.0,1,5613.0,1,3807.0,3562.6697,3812.7202,-363.0
680,2015-03-13,4585.0,727.0,1.0,0.0,0,0.0,5.0,0.9646356,0.26358718,1.0,6.123234e-17,1,0,0,1,3791.0,1,3496.0,1,3586.0,1,4876.0,1,0.0,1,3633.0,1,4287.0,1,3381.0,3654.0017,3807.8936,295.0
680,2015-03-14,5766.0,829.0,1.0,0.0,0,0.0,6.0,0.9646356,0.26358718,1.0,6.123234e-17,1,0,0,1,4585.0,1,3791.0,1,3859.0,1,5382.0,1,5789.0,1,3828.0,1,4611.0,1,3591.0,4026.4011,3980.5837,794.0
680,2015-03-15,0.0,0.0,0.0,0.0,0,0.0,7.0,0.9646356,0.26358718,1.0,6.123234e-17,1,0,0,1,5766.0,1,4585.0,1,3496.0,1,6341.0,1,5582.0,1,5639.0,1,4565.0,1,3451.0,4722.2407,4377.343,1181.0
680,2015-03-16,5095.0,721.0,1.0,1.0,0,0.0,1.0,0.9890402,0.14764656,1.0,6.123234e-17,1,0,0,1,0.0,1,5766.0,1,3791.0,1,0.0,1,4776.0,1,7259.0,1,4456.0,1,4153.0,2833.3445,3404.6,-5766.0
680,2015-03-17,4451.0,667.0,1.0,1.0,0,0.0,2.0,0.9890402,0.14764656,1.0,6.123234e-17,1,0,0,1,5095.0,1,0.0,1,4585.0,1,3586.0,1,4876.0,1,0.0,1,6284.0,1,6237.0,3738.0066,3780.2446,5095.0
680,2015-03-18,4716.0,678.0,1.0,1.0,0,0.0,3.0,0.9890402,0.14764656,1.0,6.123234e-17,1,0,0,1,4451.0,1,5095.0,1,5766.0,1,3859.0,1,5382.0,1,5789.0,1,0.0,1,0.0,4023.2039,3929.3013,-644.0
680,2015-03-19,3964.0,639.0,1.0,1.0,0,0.0,4.0,0.9890402,0.14764656,1.0,6.123234e-17,1,0,0,1,4716.0,1,4451.0,1,0.0,1,3496.0,1,6341.0,1,5582.0,1,3941.0,1,6007.0,4300.3223,4104.123,265.0
680,2015-03-20,4545.0,690.0,1.0,1.0,0,0.0,5.0,0.9890402,0.14764656,1.0,6.123234e-17,1,0,0,1,3964.0,1,4716.0,1,5095.0,1,3791.0,1,0.0,1,4776.0,1,3914.0,1,5102.0,4165.7935,4072.9846,-752.0
680,2015-03-21,6278.0,898.0,1.0,0.0,0,0.0,6.0,0.9890402,0.14764656,1.0,6.123234e-17,1,0,0,1,4545.0,1,3964.0,1,4451.0,1,4585.0,1,3586.0,1,4876.0,1,3633.0,1,4985.0,4317.476,4177.877,581.0
680,2015-03-22,0.0,0.0,0.0,0.0,0,0.0,7.0,0.9890402,0.14764656,1.0,6.123234e-17,1,0,0,1,6278.0,1,4545.0,1,4716.0,1,5766.0,1,3859.0,1,5382.0,1,3828.0,1,4840.0,5101.6855,4644.571,1733.0
680,2015-03-23,4393.0,656.0,1.0,0.0,0,0.0,1.0,0.99956083,0.029633328,1.0,6.123234e-17,1,0,0,1,0.0,1,6278.0,1,3964.0,1,0.0,1,3496.0,1,6341.0,1,5639.0,1,7581.0,3061.0115,3612.444,-6278.0
680,2015-03-24,3573.0,588.0,1.0,0.0,0,0.0,2.0,0.99956083,0.029633328,1.0,6.123234e-17,1,0,0,1,4393.0,1,0.0,1,4545.0,1,5095.0,1,3791.0,1,0.0,1,7259.0,1,7184.0,3593.807,3785.901,4393.0
680,2015-03-25,3955.0,659.0,1.0,0.0,0,0.0,3.0,0.99956083,0.029633328,1.0,6.123234e-17,1,0,0,1,3573.0,1,4393.0,1,6278.0,1,4451.0,1,4585.0,1,3586.0,1,0.0,1,0.0,3585.4841,3738.5896,-820.0
680,2015-03-26,3495.0,596.0,1.0,0.0,0,0.0,4.0,0.99956083,0.029633328,1.0,6.123234e-17,1,0,0,1,3955.0,1,3573.0,1,0.0,1,4716.0,1,5766.0,1,3859.0,1,5789.0,1,6433.0,3733.2905,3786.681,382.0
680,2015-03-27,4121.0,652.0,1.0,0.0,0,0.0,5.0,0.99956083,0.029633328,1.0,6.123234e-17,1,0,0,1,3495.0,1,3955.0,1,4393.0,1,3964.0,1,0.0,1,3496.0,1,5582.0,1,5200.0,3637.9744,3721.8628,-460.0
680,2015-03-28,5550.0,798.0,1.0,0.0,0,0.0,6.0,0.99956083,0.029633328,1.0,6.123234e-17,1,0,0,1,4121.0,1,3495.0,1,3573.0,1,4545.0,1,5095.0,1,3791.0,1,4776.0,1,4689.0,3831.1846,3810.56,626.0
680,2015-03-29,0.0,0.0,0.0,0.0,0,0.0,7.0,0.99956083,0.029633328,1.0,6.123234e-17,1,0,0,1,5550.0,1,4121.0,1,3955.0,1,6278.0,1,4451.0,1,4585.0,1,4876.0,1,4524.0,4518.711,4197.102,1429.0
680,2015-03-30,8008.0,907.0,1.0,1.0,0,0.0,1.0,0.9960498,-0.08879589,1.0,6.123234e-17,1,0,0,1,0.0,1,5550.0,1,3495.0,1,0.0,1,4716.0,1,5766.0,1,5382.0,1,5106.0,2711.2266,3264.4128,-5550.0
680,2015-03-31,8990.0,1066.0,1.0,1.0,0,0.0,2.0,0.9960498,-0.08879589,1.0,6.123234e-17,1,0,1,1,8008.0,1,0.0,1,4121.0,1,4393.0,1,3964.0,1,0.0,1,6341.0,1,6612.0,4829.936,4318.5435,8008.0
680,2015-04-01,9038.0,1038.0,1.0,1.0,0,1.0,3.0,0.9960498,-0.08879589,0.8660254,-0.5,2,1,0,1,8990.0,1,8008.0,1,5550.0,1,3573.0,1,4545.0,1,5095.0,1,0.0,1,0.0,6493.9614,5356.645,982.0
680,2015-04-02,9876.0,1169.0,1.0,1.0,0,1.0,4.0,0.9960498,-0.08879589,0.8660254,-0.5,2,0,0,1,9038.0,1,8990.0,1,0.0,1,3955.0,1,6278.0,1,4451.0,1,3586.0,1,5050.0,7511.577,6174.7236,48.0
680,2015-04-03,0.0,0.0,0.0,1.0,2,1.0,5.0,0.9960498,-0.08879589,0.8660254,-0.5,2,0,0,1,9876.0,1,9038.0,1,8008.0,1,3495.0,1,0.0,1,4716.0,1,3859.0,1,4484.0,8457.346,6997.2295,838.0
680,2015-04-04,8750.0,1240.0,1.0,0.0,0,0.0,6.0,0.9960498,-0.08879589,0.8660254,-0.5,2,0,0,1,0.0,1,9876.0,1,8990.0,1,4121.0,1,4393.0,1,3964.0,1,3496.0,1,4984.0,5074.4077,5442.2896,-9876.0
680,2015-04-05,0.0,0.0,0.0,0.0,0,0.0,7.0,0.9960498,-0.08879589,0.8660254,-0.5,2,0,0,1,8750.0,1,0.0,1,9038.0,1,5550.0,1,3573.0,1,4545.0,1,3791.0,1,4854.0,6544.6445,6177.3364,8750.0
680,2015-04-06,0.0,0.0,0.0,0.0,2,1.0,1.0,0.9785565,-0.20597862,0.8660254,-0.5,2,0,0,1,0.0,1,8750.0,1,9876.0,1,0.0,1,3955.0,1,6278.0,1,4585.0,1,5633.0,3926.7869,4804.595,-8750.0
680,2015-04-07,6012.0,905.0,1.0,0.0,0,1.0,2.0,0.9785565,-0.20597862,0.8660254,-0.5,2,0,0,1,0.0,1,0.0,1,0.0,1,8008.0,1,3495.0,1,0.0,1,5766.0,1,6696.0,2356.072,3736.9072,0.0
680,2015-04-08,4772.0,760.0,1.0,0.0,0,1.0,3.0,0.9785565,-0.20597862,0.8660254,-0.5,2,0,0,1,6012.0,1,0.0,1,8750.0,1,8990.0,1,4121.0,1,4393.0,1,0.0,1,0.0,3818.443,4242.4834,6012.0
680,2015-04-09,4508.0,695.0,1.0,0.0,0,1.0,4.0,0.9785565,-0.20597862,0.8660254,-0.5,2,0,0,1,4772.0,1,6012.0,1,0.0,1,9038.0,1,5550.0,1,3573.0,1,5095.0,1,5613.0,4199.8657,4360.154,-1240.0
680,2015-04-10,4290.0,694.0,1.0,0.0,0,1.0,5.0,0.9785565,-0.20597862,0.8660254,-0.5,2,0,0,1,4508.0,1,4772.0,1,0.0,1,9876.0,1,0.0,1,3955.0,1,4451.0,1,4287.0,4323.1196,4393.0083,-264.0
680,2015-04-11,5724.0,827.0,1.0,0.0,0,0.0,6.0,0.9785565,-0.20597862,0.8660254,-0.5,2,0,0,1,4290.0,1,4508.0,1,6012.0,1,0.0,1,8008.0,1,3495.0,1,4716.0,1,4611.0,4309.8716,4370.1177,-218.0
680,2015-04-12,0.0,0.0,0.0,0.0,0,0.0,7.0,0.9785565,-0.20597862,0.8660254,-0.5,2,0,0,1,5724.0,1,4290.0,1,4772.0,1,8750.0,1,8990.0,1,4121.0,1,3964.0,1,4565.0,4875.523,4670.9805,1434.0
680,2015-04-13,6012.0,863.0,1.0,1.0,0,1.0,1.0,0.94732636,-0.32026985,0.8660254,-0.5,2,0,0,1,0.0,1,5724.0,1,4508.0,1,0.0,1,9038.0,1,5550.0,1,4545.0,1,4456.0,2925.3137,3632.9849,-5724.0
680,2015-04-14,4882.0,759.0,1.0,1.0,0,1.0,2.0,0.94732636,-0.32026985,0.8660254,-0.5,2,0,0,1,6012.0,1,0.0,1,4290.0,1,0.0,1,9876.0,1,0.0,1,6278.0,1,6284.0,4159.9883,4161.655,6012.0
680,2015-04-15,4726.0,770.0,1.0,1.0,0,1.0,3.0,0.94732636,-0.32026985,0.8660254,-0.5,2,0,0,1,4882.0,1,6012.0,1,5724.0,1,6012.0,1,0.0,1,8008.0,1,0.0,1,0.0,4448.793,4321.7314,-1130.0
680,2015-04-16,4764.0,731.0,1.0,1.0,0,1.0,4.0,0.94732636,-0.32026985,0.8660254,-0.5,2,0,0,1,4726.0,1,4882.0,1,0.0,1,4772.0,1,8750.0,1,8990.0,1,4393.0,1,3941.0,4559.676,4411.569,-156.0
680,2015-04-17,4891.0,722.0,1.0,1.0,0,1.0,5.0,0.94732636,-0.32026985,0.8660254,-0.5,2,0,0,1,4764.0,1,4726.0,1,6012.0,1,4508.0,1,0.0,1,9038.0,1,3573.0,1,3914.0,4641.4053,4489.887,38.0
680,2015-04-18,5808.0,834.0,1.0,0.0,0,0.0,6.0,0.94732636,-0.32026985,0.8660254,-0.5,2,0,0,1,4891.0,1,4764.0,1,4882.0,1,4290.0,1,0.0,1,9876.0,1,3955.0,1,3633.0,4741.243,4579.0234,127.0
680,2015-04-19,0.0,0.0,0.0,0.0,0,0.0,7.0,0.94732636,-0.32026985,0.8660254,-0.5,2,0,0,1,5808.0,1,4891.0,1,4726.0,1,5724.0,1,6012.0,1,0.0,1,3495.0,1,3828.0,5167.946,4852.1294,917.0
680,2015-04-20,3956.0,655.0,1.0,0.0,0,0.0,1.0,0.9027978,-0.4300652,0.8660254,-0.5,2,0,0,1,0.0,1,5808.0,1,4764.0,1,0.0,1,4772.0,1,8750.0,1,4121.0,1,5639.0,3100.7676,3773.8782,-5808.0
680,2015-04-21,3652.0,603.0,1.0,0.0,0,0.0,2.0,0.9027978,-0.4300652,0.8660254,-0.5,2,0,0,1,3956.0,1,0.0,1,4891.0,1,6012.0,1,4508.0,1,0.0,1,5550.0,1,7259.0,3442.8606,3814.3499,3956.0
680,2015-04-22,3317.0,553.0,1.0,0.0,0,0.0,3.0,0.9027978,-0.4300652,0.8660254,-0.5,2,0,0,1,3652.0,1,3956.0,1,5808.0,1,4882.0,1,4290.0,1,0.0,1,0.0,1,0.0,3526.5164,3778.272,-304.0
680,2015-04-23,4344.0,669.0,1.0,0.0,0,0.0,4.0,0.9027978,-0.4300652,0.8660254,-0.5,2,0,0,1,3317.0,1,3652.0,1,0.0,1,4726.0,1,5724.0,1,6012.0,1,8008.0,1,5789.0,3442.7097,3675.767,-335.0
680,2015-04-24,3861.0,641.0,1.0,0.0,0,0.0,5.0,0.9027978,-0.4300652,0.8660254,-0.5,2,0,0,1,4344.0,1,3317.0,1,3956.0,1,4764.0,1,0.0,1,4772.0,1,8990.0,1,5582.0,3803.2258,3824.2634,1027.0
680,2015-04-25,6159.0,823.0,1.0,0.0,0,0.0,6.0,0.9027978,-0.4300652,0.8660254,-0.5,2,0,0,1,3861.0,1,4344.0,1,3652.0,1,4891.0,1,6012.0,1,4508.0,1,9038.0,1,4776.0,3826.3354,3832.427,-483.0
680,2015-04-26,0.0,0.0,0.0,0.0,0,0.0,7.0,0.9027978,-0.4300652,0.8660254,-0.5,2,0,0,1,6159.0,1,3861.0,1,3317.0,1,5808.0,1,4882.0,1,4290.0,1,9876.0,1,4876.0,4759.4014,4349.4434,2298.0
680,2015-04-27,5238.0,749.0,1.0,1.0,0,0.0,1.0,0.845596,-0.5338234,0.8660254,-0.5,2,0,0,1,0.0,1,6159.0,1,4344.0,1,0.0,1,4726.0,1,5724.0,1,0.0,1,5382.0,2855.6409,3382.9004,-6159.0
680,2015-04-28,5194.0,729.0,1.0,1.0,0,0.0,2.0,0.845596,-0.5338234,0.8660254,-0.5,2,0,0,1,5238.0,1,0.0,1,3861.0,1,3956.0,1,4764.0,1,0.0,1,8750.0,1,6341.0,3808.5845,3795.1448,5238.0
680,2015-04-29,5750.0,810.0,1.0,1.0,0,0.0,3.0,0.845596,-0.5338234,0.8660254,-0.5,2,0,0,1,5194.0,1,5238.0,1,6159.0,1,3652.0,1,4891.0,1,6012.0,1,0.0,1,0.0,4362.7505,4106.0015,-44.0
680,2015-04-30,6996.0,943.0,1.0,1.0,0,0.0,4.0,0.845596,-0.5338234,0.8660254,-0.5,2,0,1,1,5750.0,1,5194.0,1,0.0,1,3317.0,1,5808.0,1,4882.0,1,0.0,1,3586.0,4917.6504,4471.3345,556.0
680,2015-05-01,0.0,0.0,0.0,1.0,1,0.0,5.0,0.845596,-0.5338234,0.5,-0.8660254,2,1,0,1,6996.0,1,5750.0,1,5238.0,1,4344.0,1,0.0,1,4726.0,1,6012.0,1,3859.0,5748.99,5032.371,1246.0
680,2015-05-02,9033.0,1150.0,1.0,0.0,0,0.0,6.0,0.845596,-0.5338234,0.5,-0.8660254,2,0,0,1,0.0,1,6996.0,1,5194.0,1,3861.0,1,3956.0,1,4764.0,1,4772.0,1,3496.0,3449.394,3914.0664,-6996.0
680,2015-05-03,0.0,0.0,0.0,0.0,0,0.0,7.0,0.845596,-0.5338234,0.5,-0.8660254,2,0,0,1,9033.0,1,0.0,1,5750.0,1,6159.0,1,3652.0,1,4891.0,1,4508.0,1,3791.0,5682.8364,5051.6074,9033.0
680,2015-05-04,5398.0,811.0,1.0,1.0,0,0.0,1.0,0.7765239,-0.63008785,0.5,-0.8660254,2,0,0,1,0.0,1,9033.0,1,6996.0,1,0.0,1,3317.0,1,5808.0,1,4290.0,1,4585.0,3409.702,3929.0278,-9033.0
680,2015-05-05,5472.0,797.0,1.0,1.0,0,0.0,2.0,0.7765239,-0.63008785,0.5,-0.8660254,2,0,0,1,5398.0,1,0.0,1,0.0,1,5238.0,1,4344.0,1,0.0,1,5724.0,1,5766.0,4205.021,4255.4663,5398.0
680,2015-05-06,4740.0,749.0,1.0,1.0,0,0.0,3.0,0.7765239,-0.63008785,0.5,-0.8660254,2,0,0,1,5472.0,1,5398.0,1,9033.0,1,5194.0,1,3861.0,1,3956.0,1,0.0,1,0.0,4711.8125,4525.807,74.0
680,2015-05-07,4418.0,721.0,1.0,1.0,0,0.0,4.0,0.7765239,-0.63008785,0.5,-0.8660254,2,0,0,1,4740.0,1,5472.0,1,0.0,1,5750.0,1,6159.0,1,3652.0,1,6012.0,1,5095.0,4723.0874,4573.4053,-732.0
680,2015-05-08,5420.0,759.0,1.0,1.0,0,0.0,5.0,0.7765239,-0.63008785,0.5,-0.8660254,2,0,0,1,4418.0,1,4740.0,1,5398.0,1,6996.0,1,0.0,1,3317.0,1,4882.0,1,4451.0,4601.0527,4538.871,-322.0
680,2015-05-09,5890.0,918.0,1.0,0.0,0,0.0,6.0,0.7765239,-0.63008785,0.5,-0.8660254,2,0,0,1,5420.0,1,4418.0,1,5472.0,1,0.0,1,5238.0,1,4344.0,1,4726.0,1,4716.0,4928.6313,4734.6772,1002.0
680,2015-05-10,0.0,0.0,0.0,0.0,0,0.0,7.0,0.7765239,-0.63008785,0.5,-0.8660254,2,0,0,1,5890.0,1,5420.0,1,4740.0,1,9033.0,1,5194.0,1,3861.0,1,4764.0,1,3964.0,5313.1787,4991.4155,470.0
680,2015-05-11,4545.0,685.0,1.0,0.0,0,0.0,1.0,0.696551,-0.71750724,0.5,-0.8660254,2,0,0,1,0.0,1,5890.0,1,4418.0,1,0.0,1,5750.0,1,6159.0,1,4891.0,1,4545.0,3187.9075,3882.2122,-5890.0
680,2015-05-12,4704.0,725.0,1.0,0.0,0,0.0,2.0,0.696551,-0.71750724,0.5,-0.8660254,2,0,0,1,4545.0,1,0.0,1,5420.0,1,5398.0,1,6996.0,1,0.0,1,5808.0,1,6278.0,3730.7444,4029.4983,4545.0
680,2015-05-13,5497.0,885.0,1.0,0.0,0,0.0,3.0,0.696551,-0.71750724,0.5,-0.8660254,2,0,0,1,4704.0,1,4545.0,1,5890.0,1,5472.0,1,0.0,1,5238.0,1,0.0,1,0.0,4120.047,4179.3877,159.0
680,2015-05-14,0.0,0.0,0.0,0.0,1,0.0,4.0,0.696551,-0.71750724,0.5,-0.8660254,2,0,0,1,5497.0,1,4704.0,1,0.0,1,4740.0,1,9033.0,1,5194.0,1,3956.0,1,4393.0,4670.828,4472.1904,793.0
680,2015-05-15,6994.0,939.0,1.0,0.0,0,1.0,5.0,0.696551,-0.71750724,0.5,-0.8660254,2,0,0,1,0.0,1,5497.0,1,4545.0,1,4418.0,1,0.0,1,5750.0,1,3652.0,1,3573.0,2802.4968,3478.3704,-5497.0
680,2015-05-16,6107.0,875.0,1.0,0.0,0,0.0,6.0,0.696551,-0.71750724,0.5,-0.8660254,2,0,0,1,6994.0,1,0.0,1,4704.0,1,5420.0,1,5398.0,1,6996.0,1,3317.0,1,3955.0,4479.098,4259.6216,6994.0
680,2015-05-17,0.0,0.0,0.0,0.0,0,0.0,7.0,0.696551,-0.71750724,0.5,-0.8660254,2,0,0,1,6107.0,1,6994.0,1,5497.0,1,5890.0,1,5472.0,1,0.0,1,4344.0,1,3495.0,5130.259,4670.15,-887.0
680,2015-05-18,5084.0,765.0,1.0,1.0,0,0.0,1.0,0.60680014,-0.79485446,0.5,-0.8660254,2,0,0,1,0.0,1,6107.0,1,0.0,1,0.0,1,4740.0,1,9033.0,1,3861.0,1,4121.0,3078.1553,3632.3389,-6107.0
680,2015-05-19,4959.0,710.0,1.0,1.0,0,0.0,2.0,0.60680014,-0.79485446,0.5,-0.8660254,2,0,0,1,5084.0,1,0.0,1,6994.0,1,4545.0,1,4418.0,1,0.0,1,6159.0,1,5550.0,3880.4932,3954.9302,5084.0
680,2015-05-20,4946.0,700.0,1.0,1.0,0,0.0,3.0,0.60680014,-0.79485446,0.5,-0.8660254,2,0,0,1,4959.0,1,5084.0,1,6107.0,1,4704.0,1,5420.0,1,5398.0,1,0.0,1,0.0,4311.896,4178.0566,-125.0
680,2015-05-21,4166.0,626.0,1.0,1.0,0,0.0,4.0,0.60680014,-0.79485446,0.5,-0.8660254,2,0,0,1,4946.0,1,4959.0,1,0.0,1,5497.0,1,5890.0,1,5472.0,1,5238.0,1,8008.0,4565.5376,4348.711,-13.0
680,2015-05-22,4455.0,699.0,1.0,1.0,0,0.0,5.0,0.60680014,-0.79485446,0.5,-0.8660254,2,0,0,1,4166.0,1,4946.0,1,5084.0,1,0.0,1,0.0,1,4740.0,1,5194.0,1,8990.0,4405.7227,4308.1084,-780.0
680,2015-05-23,5192.0,767.0,1.0,0.0,0,0.0,6.0,0.60680014,-0.79485446,0.5,-0.8660254,2,0,0,1,4455.0,1,4166.0,1,4959.0,1,6994.0,1,4545.0,1,4418.0,1,5750.0,1,9038.0,4425.4336,4340.751,289.0
680,2015-05-24,0.0,0.0,0.0,0.0,0,0.0,7.0,0.60680014,-0.79485446,0.5,-0.8660254,2,0,0,1,5192.0,1,4455.0,1,4946.0,1,6107.0,1,4704.0,1,5420.0,1,6996.0,1,9876.0,4732.06,4529.9175,737.0
680,2015-05-25,0.0,0.0,0.0,0.0,1,0.0,1.0,0.5085311,-0.86104363,0.5,-0.8660254,2,0,0,1,0.0,1,5192.0,1,4166.0,1,0.0,1,5497.0,1,5890.0,1,0.0,1,0.0,2839.236,3523.269,-5192.0
680,2015-05-26,5002.0,788.0,1.0,0.0,0,0.0,2.0,0.5085311,-0.86104363,0.5,-0.8660254,2,0,0,1,0.0,1,0.0,1,4455.0,1,5084.0,1,0.0,1,0.0,1,9033.0,1,8750.0,1703.5416,2740.3206,0.0
680,2015-05-27,4661.0,750.0,1.0,0.0,0,0.0,3.0,0.5085311,-0.86104363,0.5,-0.8660254,2,0,0,1,5002.0,1,0.0,1,5192.0,1,4959.0,1,6994.0,1,4545.0,1,0.0,1,0.0,3022.925,3242.916,5002.0
680,2015-05-28,4455.0,689.0,1.0,0.0,0,0.0,4.0,0.5085311,-0.86104363,0.5,-0.8660254,2,0,0,1,4661.0,1,5002.0,1,0.0,1,4946.0,1,6107.0,1,4704.0,1,5398.0,1,0.0,3678.155,3558.0457,-341.0
680,2015-05-29,6138.0,883.0,1.0,0.0,0,0.0,5.0,0.5085311,-0.86104363,0.5,-0.8660254,2,0,0,1,4455.0,1,4661.0,1,0.0,1,4166.0,1,0.0,1,5497.0,1,5472.0,1,6012.0,3988.893,3757.369,-206.0
680,2015-05-30,7497.0,995.0,1.0,0.0,0,0.0,6.0,0.5085311,-0.86104363,0.5,-0.8660254,2,0,0,1,6138.0,1,4455.0,1,5002.0,1,4455.0,1,5084.0,1,0.0,1,4740.0,1,4772.0,4848.5356,4286.398,1683.0
680,2015-05-31,0.0,0.0,0.0,0.0,0,0.0,7.0,0.5085311,-0.86104363,0.5,-0.8660254,2,0,1,1,7497.0,1,6138.0,1,4661.0,1,5192.0,1,4959.0,1,6994.0,1,4418.0,1,4508.0,5907.9214,4999.865,1359.0
680,2015-06-01,6237.0,902.0,1.0,1.0,0,0.0,1.0,0.40312344,-0.91514564,1.2246469e-16,-1.0,2,1,0,1,0.0,1,7497.0,1,4455.0,1,0.0,1,4946.0,1,6107.0,1,5420.0,1,4290.0,3544.753,3888.784,-7497.0
680,2015-06-02,5677.0,831.0,1.0,1.0,0,0.0,2.0,0.40312344,-0.91514564,1.2246469e-16,-1.0,2,0,0,1,6237.0,1,0.0,1,6138.0,1,0.0,1,4166.0,1,0.0,1,5890.0,1,5724.0,4621.652,4410.61,6237.0
680,2015-06-03,5665.0,820.0,1.0,1.0,0,0.0,3.0,0.40312344,-0.91514564,1.2246469e-16,-1.0,2,0,0,1,5677.0,1,6237.0,1,7497.0,1,5002.0,1,4455.0,1,5084.0,1,0.0,1,0.0,5043.791,4692.03,-560.0
680,2015-06-04,5139.0,739.0,1.0,1.0,0,0.0,4.0,0.40312344,-0.91514564,1.2246469e-16,-1.0,2,0,0,1,5665.0,1,5677.0,1,0.0,1,4661.0,1,5192.0,1,4959.0,1,4545.0,1,6012.0,5292.2744,4908.2456,-12.0
680,2015-06-05,5807.0,737.0,1.0,1.0,0,0.0,5.0,0.40312344,-0.91514564,1.2246469e-16,-1.0,2,0,0,1,5139.0,1,5665.0,1,6237.0,1,4455.0,1,0.0,1,4946.0,1,4704.0,1,4882.0,5230.965,4959.5244,-526.0
680,2015-06-06,5928.0,818.0,1.0,0.0,0,0.0,6.0,0.40312344,-0.91514564,1.2246469e-16,-1.0,2,0,0,1,5807.0,1,5139.0,1,5677.0,1,6138.0,1,0.0,1,4166.0,1,5497.0,1,4726.0,5461.379,5147.852,668.0
680,2015-06-07,0.0,0.0,0.0,0.0,0,0.0,7.0,0.40312344,-0.91514564,1.2246469e-16,-1.0,2,0,0,1,5928.0,1,5807.0,1,5665.0,1,7497.0,1,5002.0,1,4455.0,1,0.0,1,4764.0,5648.0273,5321.2183,121.0
680,2015-06-08,4726.0,710.0,1.0,0.0,0,0.0,1.0,0.29205677,-0.956401,1.2246469e-16,-1.0,2,0,0,1,0.0,1,5928.0,1,5139.0,1,0.0,1,4661.0,1,5192.0,1,6994.0,1,4891.0,3388.8164,4138.7256,-5928.0
680,2015-06-09,3958.0,629.0,1.0,0.0,0,0.0,2.0,0.29205677,-0.956401,1.2246469e-16,-1.0,2,0,0,1,4726.0,1,0.0,1,5807.0,1,6237.0,1,4455.0,1,0.0,1,6107.0,1,5808.0,3923.69,4269.231,4726.0
680,2015-06-10,3872.0,622.0,1.0,0.0,0,0.0,3.0,0.29205677,-0.956401,1.2246469e-16,-1.0,2,0,0,1,3958.0,1,4726.0,1,5928.0,1,5677.0,1,6138.0,1,0.0,1,0.0,1,0.0,3937.4138,4200.0684,-768.0
680,2015-06-11,3358.0,565.0,1.0,0.0,0,0.0,4.0,0.29205677,-0.956401,1.2246469e-16,-1.0,2,0,0,1,3872.0,1,3958.0,1,0.0,1,5665.0,1,7497.0,1,5002.0,1,5084.0,1,3956.0,3911.2483,4127.1646,-86.0
680,2015-06-12,3805.0,619.0,1.0,0.0,0,0.0,5.0,0.29205677,-0.956401,1.2246469e-16,-1.0,2,0,0,1,3358.0,1,3872.0,1,4726.0,1,5139.0,1,0.0,1,4661.0,1,4959.0,1,3652.0,3689.949,3956.239,-514.0
680,2015-06-13,5769.0,818.0,1.0,0.0,0,0.0,6.0,0.29205677,-0.956401,1.2246469e-16,-1.0,2,0,0,1,3805.0,1,3358.0,1,3958.0,1,5807.0,1,6237.0,1,4455.0,1,4946.0,1,3317.0,3735.9695,3922.6304,447.0
680,2015-06-14,0.0,0.0,0.0,0.0,0,0.0,7.0,0.29205677,-0.956401,1.2246469e-16,-1.0,2,0,0,1,5769.0,1,3805.0,1,3872.0,1,5928.0,1,5677.0,1,6138.0,1,4166.0,1,4344.0,4549.1816,4332.9346,1964.0
680,2015-06-15,5549.0,799.0,1.0,1.0,0,0.0,1.0,0.17689027,-0.9842306,1.2246469e-16,-1.0,2,0,0,1,0.0,1,5769.0,1,3358.0,1,0.0,1,5665.0,1,7497.0,1,4455.0,1,3861.0,2729.509,3370.0603,-5769.0
680,2015-06-16,5122.0,745.0,1.0,1.0,0,0.0,2.0,0.17689027,-0.9842306,1.2246469e-16,-1.0,2,0,0,1,5549.0,1,0.0,1,3805.0,1,4726.0,1,5139.0,1,0.0,1,5192.0,1,6159.0,3857.3054,3854.269,5549.0
680,2015-06-17,5330.0,746.0,1.0,1.0,0,0.0,3.0,0.17689027,-0.9842306,1.2246469e-16,-1.0,2,0,0,1,5122.0,1,5549.0,1,5769.0,1,3958.0,1,5807.0,1,6237.0,1,0.0,1,0.0,4363.183,4135.9873,-427.0
680,2015-06-18,4107.0,713.0,1.0,1.0,0,0.0,4.0,0.17689027,-0.9842306,1.2246469e-16,-1.0,2,0,0,1,5330.0,1,5122.0,1,0.0,1,3872.0,1,5928.0,1,5677.0,1,0.0,1,5238.0,4749.91,4401.323,208.0
680,2015-06-19,4819.0,721.0,1.0,1.0,0,0.0,5.0,0.17689027,-0.9842306,1.2246469e-16,-1.0,2,0,0,1,4107.0,1,5330.0,1,5549.0,1,3358.0,1,0.0,1,5665.0,1,5002.0,1,5194.0,4492.746,4335.918,-1223.0
680,2015-06-20,6240.0,826.0,1.0,0.0,0,0.0,6.0,0.17689027,-0.9842306,1.2246469e-16,-1.0,2,0,0,1,4819.0,1,4107.0,1,5122.0,1,3805.0,1,4726.0,1,5139.0,1,4661.0,1,5750.0,4623.2476,4443.2695,712.0
680,2015-06-21,0.0,0.0,0.0,0.0,0,0.0,7.0,0.17689027,-0.9842306,1.2246469e-16,-1.0,2,0,0,1,6240.0,1,4819.0,1,5330.0,1,5769.0,1,3958.0,1,5807.0,1,4455.0,1,6996.0,5269.9487,4842.543,1421.0
680,2015-06-22,4452.0,665.0,1.0,0.0,0,0.0,1.0,0.059240628,-0.99824375,1.2246469e-16,-1.0,2,0,0,1,0.0,1,6240.0,1,4107.0,1,0.0,1,3872.0,1,5928.0,1,6138.0,1,0.0,3161.9692,3766.4224,-6240.0
680,2015-06-23,3550.0,612.0,1.0,0.0,0,0.0,2.0,0.059240628,-0.99824375,1.2246469e-16,-1.0,2,0,0,1,4452.0,1,0.0,1,4819.0,1,5549.0,1,3358.0,1,0.0,1,7497.0,1,9033.0,3677.9814,3918.773,4452.0
680,2015-06-24,4280.0,691.0,1.0,0.0,0,0.0,3.0,0.059240628,-0.99824375,1.2246469e-16,-1.0,2,0,0,1,3550.0,1,4452.0,1,6240.0,1,5122.0,1,3805.0,1,4726.0,1,0.0,1,0.0,3626.7888,3836.8235,-902.0
680,2015-06-25,3729.0,636.0,1.0,0.0,0,0.0,4.0,0.059240628,-0.99824375,1.2246469e-16,-1.0,2,0,0,1,4280.0,1,3550.0,1,0.0,1,5330.0,1,5769.0,1,3958.0,1,6237.0,1,5398.0,3888.0732,3935.3071,730.0
680,2015-06-26,3601.0,573.0,1.0,0.0,0,0.0,5.0,0.059240628,-0.99824375,1.2246469e-16,-1.0,2,0,0,1,3729.0,1,4280.0,1,4452.0,1,4107.0,1,0.0,1,3872.0,1,5677.0,1,5472.0,3824.444,3889.4612,-551.0
680,2015-06-27,4550.0,697.0,1.0,0.0,0,0.0,6.0,0.059240628,-0.99824375,1.2246469e-16,-1.0,2,0,0,1,3601.0,1,3729.0,1,3550.0,1,4819.0,1,5549.0,1,3358.0,1,5665.0,1,4740.0,3735.0664,3825.3586,-128.0
680,2015-06-28,0.0,0.0,0.0,0.0,0,0.0,7.0,0.059240628,-0.99824375,1.2246469e-16,-1.0,2,0,0,1,4550.0,1,3601.0,1,4280.0,1,6240.0,1,5122.0,1,3805.0,1,5139.0,1,4418.0,4061.0398,3986.3901,949.0
680,2015-06-29,6260.0,808.0,1.0,1.0,0,0.0,1.0,-0.059240628,-0.99824375,1.2246469e-16,-1.0,2,0,0,1,0.0,1,4550.0,1,3729.0,1,0.0,1,5330.0,1,5769.0,1,5807.0,1,5420.0,2436.624,3100.5256,-4550.0
680,2015-06-30,6904.0,828.0,1.0,1.0,0,0.0,2.0,-0.059240628,-0.99824375,1.2246469e-16,-1.0,2,0,1,1,6260.0,1,0.0,1,3601.0,1,4452.0,1,4107.0,1,0.0,1,5928.0,1,5890.0,3965.9744,3802.631,6260.0
680,2015-07-01,6283.0,842.0,1.0,1.0,0,0.0,3.0,-0.059240628,-0.99824375,-0.5,-0.8660254,3,1,0,1,6904.0,1,6260.0,1,4550.0,1,3550.0,1,4819.0,1,5549.0,1,0.0,1,0.0,5141.1846,4491.824,644.0
680,2015-07-02,5613.0,796.0,1.0,1.0,0,0.0,4.0,-0.059240628,-0.99824375,-0.5,-0.8660254,3,0,0,1,6283.0,1,6904.0,1,0.0,1,4280.0,1,6240.0,1,5122.0,1,4726.0,1,4545.0,5597.9106,4889.8633,-621.0
680,2015-07-03,4792.0,721.0,1.0,1.0,0,0.0,5.0,-0.059240628,-0.99824375,-0.5,-0.8660254,3,0,0,1,5613.0,1,6283.0,1,6260.0,1,3729.0,1,0.0,1,5330.0,1,3958.0,1,4704.0,5603.9463,5050.56,-670.0
680,2015-07-04,5119.0,723.0,1.0,0.0,0,0.0,6.0,-0.059240628,-0.99824375,-0.5,-0.8660254,3,0,0,1,4792.0,1,5613.0,1,6904.0,1,3601.0,1,4452.0,1,4107.0,1,3872.0,1,5497.0,5279.168,4993.1025,-821.0
680,2015-07-05,0.0,0.0,0.0,0.0,0,0.0,7.0,-0.059240628,-0.99824375,-0.5,-0.8660254,3,0,0,1,5119.0,1,4792.0,1,6283.0,1,4550.0,1,3550.0,1,4819.0,1,3358.0,1,0.0,5215.1006,5021.0796,327.0
680,2015-07-06,5731.0,830.0,1.0,0.0,0,0.0,1.0,-0.17689027,-0.9842306,-0.5,-0.8660254,3,0,0,1,0.0,1,5119.0,1,5613.0,1,0.0,1,4280.0,1,6240.0,1,3805.0,1,6994.0,3129.0605,3905.2842,-5119.0
680,2015-07-07,4964.0,715.0,1.0,0.0,0,0.0,2.0,-0.17689027,-0.9842306,-0.5,-0.8660254,3,0,0,1,5731.0,1,0.0,1,4792.0,1,6260.0,1,3729.0,1,0.0,1,5769.0,1,6107.0,4169.8364,4310.999,5731.0
680,2015-07-08,5458.0,797.0,1.0,0.0,0,0.0,3.0,-0.17689027,-0.9842306,-0.5,-0.8660254,3,0,0,1,4964.0,1,5731.0,1,5119.0,1,6904.0,1,3601.0,1,4452.0,1,0.0,1,0.0,4487.502,4456.1104,-767.0
680,2015-07-09,4663.0,734.0,1.0,0.0,0,0.0,4.0,-0.17689027,-0.9842306,-0.5,-0.8660254,3,0,0,1,5458.0,1,4964.0,1,0.0,1,6283.0,1,4550.0,1,3550.0,1,5549.0,1,5084.0,4875.701,4678.7524,494.0
680,2015-07-10,4758.0,697.0,1.0,0.0,0,0.0,5.0,-0.17689027,-0.9842306,-0.5,-0.8660254,3,0,0,1,4663.0,1,5458.0,1,5731.0,1,5613.0,1,0.0,1,4280.0,1,5122.0,1,4959.0,4790.6206,4675.252,-795.0
680,2015-07-11,5102.0,781.0,1.0,0.0,0,0.0,6.0,-0.17689027,-0.9842306,-0.5,-0.8660254,3,0,0,1,4758.0,1,4663.0,1,4964.0,1,4792.0,1,6260.0,1,3729.0,1,5330.0,1,4946.0,4777.5723,4693.64,95.0
680,2015-07-12,0.0,0.0,0.0,0.0,0,0.0,7.0,-0.17689027,-0.9842306,-0.5,-0.8660254,3,0,0,1,5102.0,1,4758.0,1,5458.0,1,5119.0,1,6904.0,1,3601.0,1,4107.0,1,4166.0,4907.3433,4784.3867,344.0
680,2015-07-13,6375.0,813.0,1.0,1.0,0,0.0,1.0,-0.29205677,-0.956401,-0.5,-0.8660254,3,0,0,1,0.0,1,5102.0,1,4663.0,1,0.0,1,6283.0,1,4550.0,1,4819.0,1,4455.0,2944.406,3721.19,-5102.0
680,2015-07-14,5942.0,802.0,1.0,1.0,0,0.0,2.0,-0.29205677,-0.956401,-0.5,-0.8660254,3,0,0,1,6375.0,1,0.0,1,4758.0,1,5731.0,1,5613.0,1,0.0,1,6240.0,1,5192.0,4316.6436,4310.9253,6375.0
680,2015-07-15,6005.0,781.0,1.0,1.0,0,0.0,3.0,-0.29205677,-0.956401,-0.5,-0.8660254,3,0,0,1,5942.0,1,6375.0,1,5102.0,1,4964.0,1,4792.0,1,6260.0,1,0.0,1,0.0,4966.786,4673.386,-433.0
680,2015-07-16,4734.0,679.0,1.0,1.0,0,0.0,4.0,-0.29205677,-0.956401,-0.5,-0.8660254,3,0,0,1,6005.0,1,5942.0,1,0.0,1,5458.0,1,5119.0,1,6904.0,1,4452.0,1,0.0,5382.072,4969.301,63.0
680,2015-07-17,5034.0,737.0,1.0,1.0,0,0.0,5.0,-0.29205677,-0.956401,-0.5,-0.8660254,3,0,0,1,4734.0,1,6005.0,1,6375.0,1,4663.0,1,0.0,1,6283.0,1,3550.0,1,5002.0,5122.8433,4917.0117,-1271.0
680,2015-07-18,5213.0,753.0,1.0,0.0,0,0.0,6.0,-0.29205677,-0.956401,-0.5,-0.8660254,3,0,0,1,5034.0,1,4734.0,1,5942.0,1,4758.0,1,5731.0,1,5613.0,1,4280.0,1,4661.0,5087.3057,4943.009,300.0
680,2015-07-19,0.0,0.0,0.0,0.0,0,0.0,7.0,-0.29205677,-0.956401,-0.5,-0.8660254,3,0,0,1,5213.0,1,5034.0,1,6005.0,1,5102.0,1,4964.0,1,4792.0,1,3729.0,1,4455.0,5137.5835,5003.007,179.0
680,2015-07-20,5160.0,774.0,1.0,0.0,0,1.0,1.0,-0.40312344,-0.91514564,-0.5,-0.8660254,3,0,0,1,0.0,1,5213.0,1,4734.0,1,0.0,1,5458.0,1,5119.0,1,3601.0,1,6138.0,3082.55,3891.2275,-5213.0
680,2015-07-21,4906.0,709.0,1.0,0.0,0,1.0,2.0,-0.40312344,-0.91514564,-0.5,-0.8660254,3,0,0,1,5160.0,1,0.0,1,5034.0,1,6375.0,1,4663.0,1,0.0,1,4550.0,1,7497.0,3913.53,4173.1772,5160.0
680,2015-07-22,4264.0,670.0,1.0,0.0,0,1.0,3.0,-0.40312344,-0.91514564,-0.5,-0.8660254,3,0,0,1,4906.0,1,5160.0,1,5213.0,1,5942.0,1,4758.0,1,5731.0,1,0.0,1,0.0,4310.518,4336.0264,-254.0
680,2015-07-23,4172.0,652.0,1.0,0.0,0,1.0,4.0,-0.40312344,-0.91514564,-0.5,-0.8660254,3,0,0,1,4264.0,1,4906.0,1,0.0,1,6005.0,1,5102.0,1,4964.0,1,6260.0,1,6237.0,4291.9106,4320.0205,-642.0
680,2015-07-24,4880.0,641.0,1.0,0.0,0,1.0,5.0,-0.40312344,-0.91514564,-0.5,-0.8660254,3,0,0,1,4172.0,1,4264.0,1,5160.0,1,4734.0,1,0.0,1,5458.0,1,6904.0,1,5677.0,4243.9463,4287.1274,-92.0
680,2015-07-25,4807.0,692.0,1.0,0.0,0,0.0,6.0,-0.40312344,-0.91514564,-0.5,-0.8660254,3,0,0,1,4880.0,1,4172.0,1,4906.0,1,5034.0,1,6375.0,1,4663.0,1,6283.0,1,5665.0,4498.3677,4418.877,708.0
680,2015-07-26,0.0,0.0,0.0,0.0,0,0.0,7.0,-0.40312344,-0.91514564,-0.5,-0.8660254,3,0,0,1,4807.0,1,4880.0,1,4264.0,1,5213.0,1,5942.0,1,4758.0,1,5613.0,1,5139.0,4621.821,4505.1265,-73.0
680,2015-07-27,7233.0,882.0,1.0,1.0,0,1.0,1.0,-0.5085311,-0.86104363,-0.5,-0.8660254,3,0,0,1,0.0,1,4807.0,1,4172.0,1,0.0,1,6005.0,1,5102.0,1,4792.0,1,5807.0,2773.0925,3503.987,-4807.0
680,2015-07-28,5673.0,747.0,1.0,1.0,0,1.0,2.0,-0.5085311,-0.86104363,-0.5,-0.8660254,3,0,0,1,7233.0,1,0.0,1,4880.0,1,5160.0,1,4734.0,1,0.0,1,5119.0,1,5928.0,4557.0557,4332.6567,7233.0
680,2015-07-29,5993.0,854.0,1.0,1.0,0,1.0,3.0,-0.5085311,-0.86104363,-0.5,-0.8660254,3,0,0,1,5673.0,1,7233.0,1,4807.0,1,4906.0,1,5034.0,1,6375.0,1,0.0,1,0.0,5003.433,4630.5107,-1560.0
680,2015-07-30,6866.0,844.0,1.0,1.0,0,1.0,4.0,-0.5085311,-0.86104363,-0.5,-0.8660254,3,0,0,1,5993.0,1,5673.0,1,0.0,1,4264.0,1,5213.0,1,5942.0,1,5731.0,1,4726.0,5399.26,4933.286,320.0
680,2015-07-31,7144.0,887.0,1.0,1.0,0,1.0,5.0,-0.5085311,-0.86104363,-0.5,-0.8660254,3,0,1,1,6866.0,1,5993.0,1,7233.0,1,4172.0,1,0.0,1,6005.0,1,4964.0,1,3958.0,5985.956,5362.7783,873.0
