id,timestamp,target,Customers,Open,Promo,StateHoliday,SchoolHoliday,DayOfWeek,week_sin,week_cos,month_sin,month_cos,quarter,is_month_start,is_month_end,lag_1_known,lag_1,lag_2_known,lag_2,lag_4_known,lag_4,lag_8_known,lag_8,lag_12_known,lag_12,lag_16_known,lag_16,lag_24_known,lag_24,lag_52_known,lag_52,ema_4,ema_8,chg_1
906,2013-01-01,0.0,0.0,0.0,0.0,1,1.0,2.0,0.11827317,0.9929811,0.5,0.8660254,1,1,0,0,0.0,0,0.0,0,0.0,0,0.0,0,0.0,0,0.0,0,0.0,0,0.0,0.0,0.0,0.0
906,2013-01-02,10706.0,1318.0,1.0,0.0,0,1.0,3.0,0.11827317,0.9929811,0.5,0.8660254,1,0,0,1,0.0,0,0.0,0,0.0,0,0.0,0,0.0,0,0.0,0,0.0,0,0.0,0.0,0.0,0.0
906,2013-01-03,14552.0,1231.0,1.0,0.0,0,1.0,4.0,0.11827317,0.9929811,0.5,0.8660254,1,0,0,1,10706.0,1,0.0,0,0.0,0,0.0,0,0.0,0,0.0,0,0.0,0,0.0,4282.4,2379.111,10706.0
906,2013-01-04,9891.0,1184.0,1.0,0.0,0,1.0,5.0,0.11827317,0.9929811,0.5,0.8660254,1,0,0,1,14552.0,1,10706.0,0,0.0,0,0.0,0,0.0,0,0.0,0,0.0,0,0.0,8390.24,5084.1978,3846.0
906,2013-01-05,8438.0,1101.0,1.0,0.0,0,1.0,6.0,0.11827317,0.9929811,0.5,0.8660254,1,0,0,1,9891.0,1,14552.0,1,0.0,0,0.0,0,0.0,0,0.0,0,0.0,0,0.0,8990.544,6152.376,-4661.0
906,2013-01-06,0.0,0.0,0.0,0.0,0,1.0,7.0,0.11827317,0.9929811,0.5,0.8660254,1,0,0,1,8438.0,1,9891.0,1,10706.0,0,0.0,0,0.0,0,0.0,0,0.0,0,0.0,8769.526,6660.2925,-1453.0
906,2013-01-07,15700.0,1692.0,1.0,1.0,0,1.0,1.0,0.23488605,0.9720229,0.5,0.8660254,1,0,0,1,0.0,1,8438.0,1,14552.0,0,0.0,0,0.0,0,0.0,0,0.0,0,0.0,5261.716,5180.2275,-8438.0
906,2013-01-08,13481.0,1476.0,1.0,1.0,0,1.0,2.0,0.23488605,0.9720229,0.5,0.8660254,1,0,0,1,15700.0,1,0.0,1,9891.0,0,0.0,0,0.0,0,0.0,0,0.0,0,0.0,9437.029,7517.9546,15700.0
906,2013-01-09,19770.0,1382.0,1.0,1.0,0,1.0,3.0,0.23488605,0.9720229,0.5,0.8660254,1,0,0,1,13481.0,1,15700.0,1,8438.0,1,0.0,0,0.0,0,0.0,0,0.0,0,0.0,11054.618,8843.076,-2219.0
906,2013-01-10,11160.0,1331.0,1.0,1.0,0,1.0,4.0,0.23488605,0.9720229,0.5,0.8660254,1,0,0,1,19770.0,1,13481.0,1,0.0,1,10706.0,0,0.0,0,0.0,0,0.0,0,0.0,14540.7705,11271.281,6289.0
906,2013-01-11,12026.0,1379.0,1.0,1.0,0,1.0,5.0,0.23488605,0.9720229,0.5,0.8660254,1,0,0,1,11160.0,1,19770.0,1,15700.0,1,14552.0,0,0.0,0,0.0,0,0.0,0,0.0,13188.462,11246.552,-8610.0
906,2013-01-12,8451.0,1101.0,1.0,0.0,0,0.0,6.0,0.23488605,0.9720229,0.5,0.8660254,1,0,0,1,12026.0,1,11160.0,1,13481.0,1,9891.0,0,0.0,0,0.0,0,0.0,0,0.0,12723.478,11419.763,866.0
906,2013-01-13,0.0,0.0,0.0,0.0,0,0.0,7.0,0.23488605,0.9720229,0.5,0.8660254,1,0,0,1,8451.0,1,12026.0,1,19770.0,1,8438.0,1,0.0,0,0.0,0,0.0,0,0.0,11014.486,10760.038,-3575.0
906,2013-01-14,11860.0,1258.0,1.0,0.0,0,0.0,1.0,0.34820163,0.93741965,0.5,0.8660254,1,0,0,1,0.0,1,8451.0,1,11160.0,1,0.0,1,10706.0,0,0.0,0,0.0,0,0.0,6608.692,8368.918,-8451.0
906,2013-01-15,8110.0,1075.0,1.0,0.0,0,0.0,2.0,0.34820163,0.93741965,0.5,0.8660254,1,0,0,1,11860.0,1,0.0,1,12026.0,1,15700.0,1,14552.0,0,0.0,0,0.0,0,0.0,8709.215,9144.714,11860.0
906,2013-01-16,8463.0,1025.0,1.0,0.0,0,0.0,3.0,0.34820163,0.93741965,0.5,0.8660254,1,0,0,1,8110.0,1,11860.0,1,8451.0,1,13481.0,1,9891.0,0,0.0,0,0.0,0,0.0,8469.529,8914.777,-3750.0
906,2013-01-17,7925.0,1028.0,1.0,0.0,0,0.0,4.0,0.34820163,0.93741965,0.5,0.8660254,1,0,0,1,8463.0,1,8110.0,1,0.0,1,19770.0,1,8438.0,1,0.0,0,0.0,0,0.0,8466.917,8814.383,353.0
906,2013-01-18,10237.0,1165.0,1.0,0.0,0,0.0,5.0,0.34820163,0.93741965,0.5,0.8660254,1,0,0,1,7925.0,1,8463.0,1,11860.0,1,11160.0,1,0.0,1,10706.0,0,0.0,0,0.0,8250.15,8616.742,-538.0
906,2013-01-19,8181.0,1037.0,1.0,0.0,0,0.0,6.0,0.34820163,0.93741965,0.5,0.8660254,1,0,0,1,10237.0,1,7925.0,1,8110.0,1,12026.0,1,15700.0,1,14552.0,0,0.0,0,0.0,9044.891,8976.8,2312.0
906,2013-01-20,0.0,0.0,0.0,0.0,0,0.0,7.0,0.34820163,0.93741965,0.5,0.8660254,1,0,0,1,8181.0,1,10237.0,1,8463.0,1,8451.0,1,13481.0,1,9891.0,0,0.0,0,0.0,8699.334,8799.955,-2056.0
906,2013-01-21,13879.0,1283.0,1.0,1.0,0,0.0,1.0,0.45662925,0.8896571,0.5,0.8660254,1,0,0,1,0.0,1,8181.0,1,7925.0,1,0.0,1,19770.0,1,8438.0,0,0.0,0,0.0,5219.6006,6844.4097,-8181.0
906,2013-01-22,11970.0,1317.0,1.0,1.0,0,0.0,2.0,0.45662925,0.8896571,0.5,0.8660254,1,0,0,1,13879.0,1,0.0,1,10237.0,1,11860.0,1,11160.0,1,0.0,0,0.0,0,0.0,8683.36,8407.651,13879.0
906,2013-01-23,11789.0,1340.0,1.0,1.0,0,0.0,3.0,0.45662925,0.8896571,0.5,0.8660254,1,0,0,1,11970.0,1,13879.0,1,8181.0,1,8110.0,1,12026.0,1,15700.0,0,0.0,0,0.0,9998.017,9199.285,-1909.0
906,2013-01-24,14453.0,1332.0,1.0,1.0,0,0.0,4.0,0.45662925,0.8896571,0.5,0.8660254,1,0,0,1,11789.0,1,11970.0,1,0.0,1,8463.0,1,8451.0,1,13481.0,0,0.0,0,0.0,10714.41,9774.777,-181.0
906,2013-01-25,15888.0,1303.0,1.0,1.0,0,0.0,5.0,0.45662925,0.8896571,0.5,0.8660254,1,0,0,1,14453.0,1,11789.0,1,13879.0,1,7925.0,1,0.0,1,19770.0,1,0.0,0,0.0,12209.846,10814.382,2664.0
906,2013-01-26,8227.0,1033.0,1.0,0.0,0,0.0,6.0,0.45662925,0.8896571,0.5,0.8660254,1,0,0,1,15888.0,1,14453.0,1,11970.0,1,10237.0,1,11860.0,1,11160.0,1,10706.0,0,0.0,13681.107,11941.853,1435.0
906,2013-01-27,0.0,0.0,0.0,0.0,0,0.0,7.0,0.45662925,0.8896571,0.5,0.8660254,1,0,0,1,8227.0,1,15888.0,1,11789.0,1,8181.0,1,8110.0,1,12026.0,1,14552.0,0,0.0,11499.465,11116.33,-7661.0
906,2013-01-28,9328.0,1205.0,1.0,0.0,0,0.0,1.0,0.55864674,0.82940567,0.5,0.8660254,1,0,0,1,0.0,1,8227.0,1,14453.0,1,0.0,1,8463.0,1,8451.0,1,9891.0,0,0.0,6899.6787,8646.034,-8227.0
906,2013-01-29,7717.0,1022.0,1.0,0.0,0,0.0,2.0,0.55864674,0.82940567,0.5,0.8660254,1,0,0,1,9328.0,1,0.0,1,15888.0,1,13879.0,1,7925.0,1,0.0,1,8438.0,0,0.0,7871.0073,8797.582,9328.0
906,2013-01-30,9169.0,1095.0,1.0,0.0,0,0.0,3.0,0.55864674,0.82940567,0.5,0.8660254,1,0,0,1,7717.0,1,9328.0,1,8227.0,1,11970.0,1,10237.0,1,11860.0,1,0.0,0,0.0,7809.4043,8557.453,-1611.0
906,2013-01-31,11162.0,1340.0,1.0,0.0,0,0.0,4.0,0.55864674,0.82940567,0.5,0.8660254,1,0,1,1,9169.0,1,7717.0,1,0.0,1,11789.0,1,8181.0,1,8110.0,1,15700.0,0,0.0,8353.242,8693.353,1452.0
906,2013-02-01,10400.0,1232.0,1.0,0.0,0,0.0,5.0,0.55864674,0.82940567,0.8660254,0.5,1,1,0,1,11162.0,1,9169.0,1,9328.0,1,14453.0,1,0.0,1,8463.0,1,13481.0,0,0.0,9476.745,9241.94,1993.0
906,2013-02-02,10660.0,1284.0,1.0,0.0,0,0.0,6.0,0.55864674,0.82940567,0.8660254,0.5,1,0,0,1,10400.0,1,11162.0,1,7717.0,1,15888.0,1,13879.0,1,7925.0,1,19770.0,0,0.0,9846.047,9499.287,-762.0
906,2013-02-03,0.0,0.0,0.0,0.0,0,0.0,7.0,0.55864674,0.82940567,0.8660254,0.5,1,0,0,1,10660.0,1,10400.0,1,9169.0,1,8227.0,1,11970.0,1,10237.0,1,11160.0,0,0.0,10171.628,9757.224,260.0
906,2013-02-04,19601.0,1830.0,1.0,1.0,0,0.0,1.0,0.65282214,0.75751126,0.8660254,0.5,1,0,0,1,0.0,1,10660.0,1,11162.0,1,0.0,1,11789.0,1,8181.0,1,12026.0,0,0.0,6102.977,7588.9517,-10660.0
906,2013-02-05,12295.0,1523.0,1.0,1.0,0,0.0,2.0,0.65282214,0.75751126,0.8660254,0.5,1,0,0,1,19601.0,1,0.0,1,10400.0,1,9328.0,1,14453.0,1,0.0,1,8451.0,0,0.0,11502.187,10258.296,19601.0
906,2013-02-06,10507.0,1249.0,1.0,1.0,0,0.0,3.0,0.65282214,0.75751126,0.8660254,0.5,1,0,0,1,12295.0,1,19601.0,1,10660.0,1,7717.0,1,15888.0,1,13879.0,1,0.0,0,0.0,11819.312,10710.896,-7306.0
906,2013-02-07,15982.0,1445.0,1.0,1.0,0,0.0,4.0,0.65282214,0.75751126,0.8660254,0.5,1,0,0,1,10507.0,1,12295.0,1,0.0,1,9169.0,1,8227.0,1,11970.0,1,11860.0,0,0.0,11294.387,10665.586,-1788.0
906,2013-02-08,10687.0,1303.0,1.0,1.0,0,0.0,5.0,0.65282214,0.75751126,0.8660254,0.5,1,0,0,1,15982.0,1,10507.0,1,19601.0,1,11162.0,1,0.0,1,11789.0,1,8110.0,0,0.0,13169.433,11847.012,5475.0
906,2013-02-09,8488.0,1104.0,1.0,0.0,0,0.0,6.0,0.65282214,0.75751126,0.8660254,0.5,1,0,0,1,10687.0,1,15982.0,1,12295.0,1,10400.0,1,9328.0,1,14453.0,1,8463.0,0,0.0,12176.459,11589.231,-5295.0
906,2013-02-10,0.0,0.0,0.0,0.0,0,0.0,7.0,0.65282214,0.75751126,0.8660254,0.5,1,0,0,1,8488.0,1,10687.0,1,10507.0,1,10660.0,1,7717.0,1,15888.0,1,7925.0,0,0.0,10701.075,10900.068,-2199.0
906,2013-02-11,8834.0,1149.0,1.0,0.0,0,0.0,1.0,0.73783326,0.674983,0.8660254,0.5,1,0,0,1,0.0,1,8488.0,1,15982.0,1,0.0,1,9169.0,1,8227.0,1,10237.0,0,0.0,6420.6455,8477.831,-8488.0
906,2013-02-12,8315.0,1122.0,1.0,0.0,0,0.0,2.0,0.73783326,0.674983,0.8660254,0.5,1,0,0,1,8834.0,1,0.0,1,10687.0,1,19601.0,1,11162.0,1,0.0,1,8181.0,0,0.0,7385.9873,8556.9795,8834.0
906,2013-02-13,9414.0,1150.0,1.0,0.0,0,0.0,3.0,0.73783326,0.674983,0.8660254,0.5,1,0,0,1,8315.0,1,8834.0,1,8488.0,1,12295.0,1,10400.0,1,9328.0,1,0.0,0,0.0,7757.5923,8503.206,-519.0
906,2013-02-14,9736.0,1198.0,1.0,0.0,0,0.0,4.0,0.73783326,0.674983,0.8660254,0.5,1,0,0,1,9414.0,1,8315.0,1,0.0,1,10507.0,1,10660.0,1,7717.0,1,13879.0,0,0.0,8420.155,8705.605,1099.0
906,2013-02-15,8429.0,1106.0,1.0,0.0,0,0.0,5.0,0.73783326,0.674983,0.8660254,0.5,1,0,0,1,9736.0,1,9414.0,1,8834.0,1,15982.0,1,0.0,1,9169.0,1,11970.0,0,0.0,8946.493,8934.582,322.0
906,2013-02-16,8778.0,1080.0,1.0,0.0,0,0.0,6.0,0.73783326,0.674983,0.8660254,0.5,1,0,0,1,8429.0,1,9736.0,1,8315.0,1,10687.0,1,19601.0,1,11162.0,1,11789.0,0,0.0,8739.496,8822.23,-1307.0
906,2013-02-17,0.0,0.0,0.0,0.0,0,0.0,7.0,0.73783326,0.674983,0.8660254,0.5,1,0,0,1,8778.0,1,8429.0,1,9414.0,1,8488.0,1,12295.0,1,10400.0,1,14453.0,0,0.0,8754.897,8812.401,349.0
906,2013-02-18,16862.0,1751.0,1.0,1.0,0,0.0,1.0,0.8124869,0.5829795,0.8660254,0.5,1,0,0,1,0.0,1,8778.0,1,9736.0,1,0.0,1,10507.0,1,10660.0,1,15888.0,0,0.0,5252.9385,6854.09,-8778.0
906,2013-02-19,11543.0,1292.0,1.0,1.0,0,0.0,2.0,0.8124869,0.5829795,0.8660254,0.5,1,0,0,1,16862.0,1,0.0,1,8429.0,1,8834.0,1,15982.0,1,0.0,1,8227.0,0,0.0,9896.563,9078.07,16862.0
906,2013-02-20,13032.0,1445.0,1.0,1.0,0,0.0,3.0,0.8124869,0.5829795,0.8660254,0.5,1,0,0,1,11543.0,1,16862.0,1,8778.0,1,8315.0,1,10687.0,1,19601.0,1,0.0,0,0.0,10555.138,9625.832,-5319.0
906,2013-02-21,12486.0,1288.0,1.0,1.0,0,0.0,4.0,0.8124869,0.5829795,0.8660254,0.5,1,0,0,1,13032.0,1,11543.0,1,0.0,1,9414.0,1,8488.0,1,12295.0,1,9328.0,0,0.0,11545.883,10382.759,1489.0
906,2013-02-22,13803.0,1223.0,1.0,1.0,0,0.0,5.0,0.8124869,0.5829795,0.8660254,0.5,1,0,0,1,12486.0,1,13032.0,1,16862.0,1,9736.0,1,0.0,1,10507.0,1,7717.0,1,0.0,11921.93,10850.1455,-546.0
906,2013-02-23,8173.0,930.0,1.0,0.0,0,0.0,6.0,0.8124869,0.5829795,0.8660254,0.5,1,0,0,1,13803.0,1,12486.0,1,11543.0,1,8429.0,1,8834.0,1,15982.0,1,9169.0,1,10706.0,12674.357,11506.335,1317.0
906,2013-02-24,0.0,0.0,0.0,0.0,0,0.0,7.0,0.8124869,0.5829795,0.8660254,0.5,1,0,0,1,8173.0,1,13803.0,1,13032.0,1,8778.0,1,8315.0,1,10687.0,1,11162.0,1,14552.0,10873.814,10765.594,-5630.0
906,2013-02-25,8274.0,1113.0,1.0,0.0,0,0.0,1.0,0.8757349,0.4827922,0.8660254,0.5,1,0,0,1,0.0,1,8173.0,1,12486.0,1,0.0,1,9414.0,1,8488.0,1,10400.0,1,9891.0,6524.2886,8373.24,-8173.0
906,2013-02-26,7984.0,1117.0,1.0,0.0,0,0.0,2.0,0.8757349,0.4827922,0.8660254,0.5,1,0,0,1,8274.0,1,0.0,1,13803.0,1,16862.0,1,9736.0,1,0.0,1,10660.0,1,8438.0,7224.1733,8351.187,8274.0
906,2013-02-27,11066.0,1059.0,1.0,0.0,0,0.0,3.0,0.8757349,0.4827922,0.8660254,0.5,1,0,0,1,7984.0,1,8274.0,1,8173.0,1,11543.0,1,8429.0,1,8834.0,1,0.0,1,0.0,7528.104,8269.59,-290.0
906,2013-02-28,10894.0,1338.0,1.0,0.0,0,0.0,4.0,0.8757349,0.4827922,0.8660254,0.5,1,0,1,1,11066.0,1,7984.0,1,0.0,1,13032.0,1,8778.0,1,8315.0,1,19601.0,1,15700.0,8943.263,8891.014,3082.0
906,2013-03-01,13063.0,1321.0,1.0,0.0,0,0.0,5.0,0.8757349,0.4827922,1.0,6.123234e-17,1,1,0,1,10894.0,1,11066.0,1,8274.0,1,12486.0,1,0.0,1,9414.0,1,12295.0,1,13481.0,9723.558,9336.122,-172.0
906,2013-03-02,10775.0,1262.0,1.0,0.0,0,0.0,6.0,0.8757349,0.4827922,1.0,6.123234e-17,1,0,0,1,13063.0,1,10894.0,1,7984.0,1,13803.0,1,16862.0,1,9736.0,1,10507.0,1,19770.0,11059.334,10164.317,2169.0
906,2013-03-03,0.0,0.0,0.0,0.0,0,0.0,7.0,0.8757349,0.4827922,1.0,6.123234e-17,1,0,0,1,10775.0,1,13063.0,1,11066.0,1,8173.0,1,11543.0,1,8429.0,1,15982.0,1,11160.0,10945.601,10300.024,-2288.0
906,2013-03-04,17939.0,1911.0,1.0,1.0,0,0.0,1.0,0.9266896,0.37582758,1.0,6.123234e-17,1,0,0,1,0.0,1,10775.0,1,10894.0,1,0.0,1,13032.0,1,8778.0,1,10687.0,1,12026.0,6567.3604,8011.1304,-10775.0
906,2013-03-05,13630.0,1594.0,1.0,1.0,0,0.0,2.0,0.9266896,0.37582758,1.0,6.123234e-17,1,0,0,1,17939.0,1,0.0,1,13063.0,1,8274.0,1,12486.0,1,0.0,1,8488.0,1,8451.0,11116.017,10217.323,17939.0
906,2013-03-06,13301.0,1514.0,1.0,1.0,0,0.0,3.0,0.9266896,0.37582758,1.0,6.123234e-17,1,0,0,1,13630.0,1,17939.0,1,10775.0,1,7984.0,1,13803.0,1,16862.0,1,0.0,1,0.0,12121.609,10975.696,-4309.0
906,2013-03-07,11595.0,1443.0,1.0,1.0,0,0.0,4.0,0.9266896,0.37582758,1.0,6.123234e-17,1,0,0,1,13301.0,1,13630.0,1,0.0,1,11066.0,1,8173.0,1,11543.0,1,8834.0,1,11860.0,12593.366,11492.431,-329.0
906,2013-03-08,10589.0,1359.0,1.0,1.0,0,0.0,5.0,0.9266896,0.37582758,1.0,6.123234e-17,1,0,0,1,11595.0,1,13301.0,1,17939.0,1,10894.0,1,0.0,1,13032.0,1,8315.0,1,8110.0,12194.02,11515.224,-1706.0
906,2013-03-09,8699.0,1142.0,1.0,0.0,0,0.0,6.0,0.9266896,0.37582758,1.0,6.123234e-17,1,0,0,1,10589.0,1,11595.0,1,13630.0,1,13063.0,1,8274.0,1,12486.0,1,9414.0,1,8463.0,11552.012,11309.396,-1006.0
906,2013-03-10,0.0,0.0,0.0,0.0,0,0.0,7.0,0.9266896,0.37582758,1.0,6.123234e-17,1,0,0,1,8699.0,1,10589.0,1,13301.0,1,10775.0,1,7984.0,1,13803.0,1,9736.0,1,7925.0,10410.807,10729.308,-1890.0
906,2013-03-11,10191.0,1214.0,1.0,0.0,0,0.0,1.0,0.9646356,0.26358718,1.0,6.123234e-17,1,0,0,1,0.0,1,8699.0,1,11595.0,1,0.0,1,11066.0,1,8173.0,1,8429.0,1,10237.0,6246.4844,8345.018,-8699.0
906,2013-03-12,6564.0,714.0,1.0,0.0,0,0.0,2.0,0.9646356,0.26358718,1.0,6.123234e-17,1,0,0,1,10191.0,1,0.0,1,10589.0,1,17939.0,1,10894.0,1,0.0,1,8778.0,1,8181.0,7824.2905,8755.235,10191.0
906,2013-03-13,9229.0,1043.0,1.0,0.0,0,0.0,3.0,0.9646356,0.26358718,1.0,6.123234e-17,1,0,0,1,6564.0,1,10191.0,1,8699.0,1,13630.0,1,13063.0,1,8274.0,1,0.0,1,0.0,7320.1743,8268.295,-3627.0
906,2013-03-14,9052.0,1121.0,1.0,0.0,0,0.0,4.0,0.9646356,0.26358718,1.0,6.123234e-17,1,0,0,1,9229.0,1,6564.0,1,0.0,1,13301.0,1,10775.0,1,7984.0,1,16862.0,1,13879.0,8083.7046,8481.784,2665.0
906,2013-03-15,11104.0,1205.0,1.0,0.0,0,0.0,5.0,0.9646356,0.26358718,1.0,6.123234e-17,1,0,0,1,9052.0,1,9229.0,1,10191.0,1,11595.0,1,0.0,1,11066.0,1,11543.0,1,11970.0,8471.022,8608.499,-177.0
906,2013-03-16,10765.0,1241.0,1.0,0.0,0,0.0,6.0,0.9646356,0.26358718,1.0,6.123234e-17,1,0,0,1,11104.0,1,9052.0,1,6564.0,1,10589.0,1,17939.0,1,10894.0,1,13032.0,1,11789.0,9524.214,9163.055,2052.0
906,2013-03-17,0.0,0.0,0.0,0.0,0,0.0,7.0,0.9646356,0.26358718,1.0,6.123234e-17,1,0,0,1,10765.0,1,11104.0,1,9229.0,1,8699.0,1,13630.0,1,13063.0,1,12486.0,1,14453.0,10020.528,9519.043,-339.0
906,2013-03-18,15638.0,1805.0,1.0,1.0,0,0.0,1.0,0.9890402,0.14764656,1.0,6.123234e-17,1,0,0,1,0.0,1,10765.0,1,9052.0,1,0.0,1,13301.0,1,10775.0,1,13803.0,1,15888.0,6012.317,7403.6997,-10765.0
906,2013-03-19,12834.0,1476.0,1.0,1.0,0,0.0,2.0,0.9890402,0.14764656,1.0,6.123234e-17,1,0,0,1,15638.0,1,0.0,1,11104.0,1,10191.0,1,11595.0,1,0.0,1,8173.0,1,8227.0,9862.59,9233.544,15638.0
906,2013-03-20,10829.0,1277.0,1.0,1.0,0,0.0,3.0,0.9890402,0.14764656,1.0,6.123234e-17,1,0,0,1,12834.0,1,15638.0,1,10765.0,1,6564.0,1,10589.0,1,17939.0,1,0.0,1,0.0,11051.154,10033.6455,-2804.0
906,2013-03-21,13186.0,1397.0,1.0,1.0,0,0.0,4.0,0.9890402,0.14764656,1.0,6.123234e-17,1,0,0,1,10829.0,1,12834.0,1,0.0,1,9229.0,1,8699.0,1,13630.0,1,8274.0,1,9328.0,10962.292,10210.391,-2005.0
906,2013-03-22,12299.0,1513.0,1.0,1.0,0,0.0,5.0,0.9890402,0.14764656,1.0,6.123234e-17,1,0,0,1,13186.0,1,10829.0,1,15638.0,1,9052.0,1,0.0,1,13301.0,1,7984.0,1,7717.0,11851.775,10871.638,2357.0
906,2013-03-23,9048.0,1117.0,1.0,0.0,0,0.0,6.0,0.9890402,0.14764656,1.0,6.123234e-17,1,0,0,1,12299.0,1,13186.0,1,12834.0,1,11104.0,1,10191.0,1,11595.0,1,11066.0,1,9169.0,12030.665,11188.829,-887.0
906,2013-03-24,0.0,0.0,0.0,0.0,0,0.0,7.0,0.9890402,0.14764656,1.0,6.123234e-17,1,0,0,1,9048.0,1,12299.0,1,10829.0,1,10765.0,1,6564.0,1,10589.0,1,10894.0,1,11162.0,10837.6,10713.089,-3251.0
906,2013-03-25,14216.0,1559.0,1.0,1.0,0,1.0,1.0,0.99956083,0.029633328,1.0,6.123234e-17,1,0,0,1,0.0,1,9048.0,1,13186.0,1,0.0,1,9229.0,1,8699.0,1,13063.0,1,10400.0,6502.5596,8332.402,-9048.0
906,2013-03-26,12846.0,1511.0,1.0,1.0,0,1.0,2.0,0.99956083,0.029633328,1.0,6.123234e-17,1,0,0,1,14216.0,1,0.0,1,12299.0,1,15638.0,1,9052.0,1,0.0,1,10775.0,1,10660.0,9587.936,9639.869,14216.0
906,2013-03-27,13816.0,1546.0,1.0,1.0,0,1.0,3.0,0.99956083,0.029633328,1.0,6.123234e-17,1,0,0,1,12846.0,1,14216.0,1,9048.0,1,12834.0,1,11104.0,1,10191.0,1,0.0,1,0.0,10891.161,10352.343,-1370.0
906,2013-03-28,17151.0,1879.0,1.0,1.0,0,1.0,4.0,0.99956083,0.029633328,1.0,6.123234e-17,1,0,0,1,13816.0,1,12846.0,1,0.0,1,10829.0,1,10765.0,1,6564.0,1,17939.0,1,19601.0,12061.097,11122.044,970.0
906,2013-03-29,0.0,0.0,0.0,1.0,2,1.0,5.0,0.99956083,0.029633328,1.0,6.123234e-17,1,0,0,1,17151.0,1,13816.0,1,14216.0,1,13186.0,1,0.0,1,9229.0,1,13630.0,1,12295.0,14097.059,12461.8125,3335.0
906,2013-03-30,13942.0,1554.0,1.0,0.0,0,0.0,6.0,0.99956083,0.029633328,1.0,6.123234e-17,1,0,0,1,0.0,1,17151.0,1,12846.0,1,12299.0,1,15638.0,1,9052.0,1,13301.0,1,10507.0,8458.235,9692.5205,-17151.0
906,2013-03-31,0.0,0.0,0.0,0.0,0,0.0,7.0,0.99956083,0.029633328,1.0,6.123234e-17,1,0,1,1,13942.0,1,0.0,1,13816.0,1,9048.0,1,12834.0,1,11104.0,1,11595.0,1,15982.0,10651.741,10636.85,13942.0
906,2013-04-01,0.0,0.0,0.0,0.0,2,1.0,1.0,0.9960498,-0.08879589,0.8660254,-0.5,2,1,0,1,0.0,1,13942.0,1,17151.0,1,0.0,1,10829.0,1,10765.0,1,10589.0,1,10687.0,6391.0444,8273.105,-13942.0
906,2013-04-02,14037.0,1494.0,1.0,0.0,0,1.0,2.0,0.9960498,-0.08879589,0.8660254,-0.5,2,0,0,1,0.0,1,0.0,1,0.0,1,14216.0,1,13186.0,1,0.0,1,8699.0,1,8488.0,3834.6267,6434.637,0.0
906,2013-04-03,9331.0,1185.0,1.0,0.0,0,1.0,3.0,0.9960498,-0.08879589,0.8660254,-0.5,2,0,0,1,14037.0,1,0.0,1,13942.0,1,12846.0,1,12299.0,1,15638.0,1,0.0,1,0.0,7915.576,8124.0513,14037.0
906,2013-04-04,9405.0,1220.0,1.0,0.0,0,1.0,4.0,0.9960498,-0.08879589,0.8660254,-0.5,2,0,0,1,9331.0,1,14037.0,1,0.0,1,13816.0,1,9048.0,1,12834.0,1,10191.0,1,8834.0,8481.746,8392.262,-4706.0
906,2013-04-05,9670.0,1133.0,1.0,0.0,0,1.0,5.0,0.9960498,-0.08879589,0.8660254,-0.5,2,0,0,1,9405.0,1,9331.0,1,0.0,1,17151.0,1,0.0,1,10829.0,1,6564.0,1,8315.0,8851.048,8617.314,74.0
906,2013-04-06,9066.0,1131.0,1.0,0.0,0,0.0,6.0,0.9960498,-0.08879589,0.8660254,-0.5,2,0,0,1,9670.0,1,9405.0,1,14037.0,1,0.0,1,14216.0,1,13186.0,1,9229.0,1,9414.0,9178.629,8851.245,265.0
906,2013-04-07,0.0,0.0,0.0,0.0,0,0.0,7.0,0.9960498,-0.08879589,0.8660254,-0.5,2,0,0,1,9066.0,1,9670.0,1,9331.0,1,13942.0,1,12846.0,1,12299.0,1,9052.0,1,9736.0,9133.577,8898.969,-604.0
906,2013-04-08,14904.0,1680.0,1.0,1.0,0,0.0,1.0,0.9785565,-0.20597862,0.8660254,-0.5,2,0,0,1,0.0,1,9066.0,1,9405.0,1,0.0,1,13816.0,1,9048.0,1,11104.0,1,8429.0,5480.146,6921.42,-9066.0
906,2013-04-09,11959.0,1412.0,1.0,1.0,0,0.0,2.0,0.9785565,-0.20597862,0.8660254,-0.5,2,0,0,1,14904.0,1,0.0,1,9670.0,1,0.0,1,17151.0,1,0.0,1,10765.0,1,8778.0,9249.6875,8695.326,14904.0
906,2013-04-10,13343.0,1386.0,1.0,1.0,0,0.0,3.0,0.9785565,-0.20597862,0.8660254,-0.5,2,0,0,1,11959.0,1,14904.0,1,9066.0,1,14037.0,1,0.0,1,14216.0,1,0.0,1,0.0,10333.413,9420.587,-2945.0
906,2013-04-11,11934.0,1439.0,1.0,1.0,0,0.0,4.0,0.9785565,-0.20597862,0.8660254,-0.5,2,0,0,1,13343.0,1,11959.0,1,0.0,1,9331.0,1,13942.0,1,12846.0,1,15638.0,1,16862.0,11537.248,10292.234,1384.0
906,2013-04-12,11535.0,1400.0,1.0,1.0,0,0.0,5.0,0.9785565,-0.20597862,0.8660254,-0.5,2,0,0,1,11934.0,1,13343.0,1,14904.0,1,9405.0,1,0.0,1,13816.0,1,12834.0,1,11543.0,11695.948,10657.071,-1409.0
906,2013-04-13,9445.0,1136.0,1.0,0.0,0,0.0,6.0,0.9785565,-0.20597862,0.8660254,-0.5,2,0,0,1,11535.0,1,11934.0,1,11959.0,1,9670.0,1,0.0,1,17151.0,1,10829.0,1,13032.0,11631.569,10852.167,-399.0
906,2013-04-14,0.0,0.0,0.0,0.0,0,0.0,7.0,0.9785565,-0.20597862,0.8660254,-0.5,2,0,0,1,9445.0,1,11535.0,1,13343.0,1,9066.0,1,14037.0,1,0.0,1,13186.0,1,12486.0,10756.941,10539.463,-2090.0
906,2013-04-15,9445.0,1224.0,1.0,0.0,0,0.0,1.0,0.94732636,-0.32026985,0.8660254,-0.5,2,0,0,1,0.0,1,9445.0,1,11934.0,1,0.0,1,9331.0,1,13942.0,1,12299.0,1,13803.0,6454.165,8197.36,-9445.0
906,2013-04-16,8402.0,1141.0,1.0,0.0,0,0.0,2.0,0.94732636,-0.32026985,0.8660254,-0.5,2,0,0,1,9445.0,1,0.0,1,11535.0,1,14904.0,1,9405.0,1,0.0,1,9048.0,1,8173.0,7650.499,8474.613,9445.0
906,2013-04-17,8074.0,1096.0,1.0,0.0,0,0.0,3.0,0.94732636,-0.32026985,0.8660254,-0.5,2,0,0,1,8402.0,1,9445.0,1,9445.0,1,11959.0,1,9670.0,1,0.0,1,0.0,1,0.0,7951.099,8458.478,-1043.0
906,2013-04-18,8298.0,1164.0,1.0,0.0,0,0.0,4.0,0.94732636,-0.32026985,0.8660254,-0.5,2,0,0,1,8074.0,1,8402.0,1,0.0,1,13343.0,1,9066.0,1,14037.0,1,14216.0,1,8274.0,8000.26,8373.038,-328.0
906,2013-04-19,10107.0,1150.0,1.0,0.0,0,0.0,5.0,0.94732636,-0.32026985,0.8660254,-0.5,2,0,0,1,8298.0,1,8074.0,1,9445.0,1,11934.0,1,0.0,1,9331.0,1,12846.0,1,7984.0,8119.356,8356.362,224.0
906,2013-04-20,8482.0,1090.0,1.0,0.0,0,0.0,6.0,0.94732636,-0.32026985,0.8660254,-0.5,2,0,0,1,10107.0,1,8298.0,1,8402.0,1,11535.0,1,14904.0,1,9405.0,1,13816.0,1,11066.0,8914.413,8745.394,1809.0
906,2013-04-21,0.0,0.0,0.0,0.0,0,0.0,7.0,0.94732636,-0.32026985,0.8660254,-0.5,2,0,0,1,8482.0,1,10107.0,1,8074.0,1,9445.0,1,11959.0,1,9670.0,1,17151.0,1,10894.0,8741.448,8686.861,-1625.0
906,2013-04-22,14781.0,1714.0,1.0,1.0,0,0.0,1.0,0.9027978,-0.4300652,0.8660254,-0.5,2,0,0,1,0.0,1,8482.0,1,8298.0,1,0.0,1,13343.0,1,9066.0,1,0.0,1,13063.0,5244.8687,6756.4478,-8482.0
906,2013-04-23,14672.0,1390.0,1.0,1.0,0,0.0,2.0,0.9027978,-0.4300652,0.8660254,-0.5,2,0,0,1,14781.0,1,0.0,1,10107.0,1,9445.0,1,11934.0,1,0.0,1,13942.0,1,10775.0,9059.321,8539.682,14781.0
906,2013-04-24,11883.0,1343.0,1.0,1.0,0,0.0,3.0,0.9027978,-0.4300652,0.8660254,-0.5,2,0,0,1,14672.0,1,14781.0,1,8482.0,1,8402.0,1,11535.0,1,14904.0,1,0.0,1,0.0,11304.393,9902.419,-109.0
906,2013-04-25,11523.0,1433.0,1.0,1.0,0,0.0,4.0,0.9027978,-0.4300652,0.8660254,-0.5,2,0,0,1,11883.0,1,14672.0,1,0.0,1,8074.0,1,9445.0,1,11959.0,1,0.0,1,17939.0,11535.836,10342.548,-2789.0
906,2013-04-26,11137.0,1235.0,1.0,1.0,0,0.0,5.0,0.9027978,-0.4300652,0.8660254,-0.5,2,0,0,1,11523.0,1,11883.0,1,14781.0,1,8298.0,1,0.0,1,13343.0,1,14037.0,1,13630.0,11530.701,10604.871,-360.0
906,2013-04-27,8612.0,1073.0,1.0,0.0,0,0.0,6.0,0.9027978,-0.4300652,0.8660254,-0.5,2,0,0,1,11137.0,1,11523.0,1,14672.0,1,10107.0,1,9445.0,1,11934.0,1,9331.0,1,13301.0,11373.221,10723.122,-386.0
906,2013-04-28,0.0,0.0,0.0,0.0,0,0.0,7.0,0.9027978,-0.4300652,0.8660254,-0.5,2,0,0,1,8612.0,1,11137.0,1,11883.0,1,8482.0,1,8402.0,1,11535.0,1,9405.0,1,11595.0,10268.732,10253.983,-2525.0
906,2013-04-29,14744.0,1706.0,1.0,1.0,0,0.0,1.0,0.845596,-0.5338234,0.8660254,-0.5,2,0,0,1,0.0,1,8612.0,1,11523.0,1,0.0,1,8074.0,1,9445.0,1,9670.0,1,10589.0,6161.2397,7975.3203,-8612.0
906,2013-04-30,17681.0,1872.0,1.0,1.0,0,0.0,2.0,0.845596,-0.5338234,0.8660254,-0.5,2,0,1,1,14744.0,1,0.0,1,11137.0,1,14781.0,1,8298.0,1,0.0,1,9066.0,1,8699.0,9594.344,9479.472,14744.0
906,2013-05-01,0.0,0.0,0.0,1.0,1,0.0,3.0,0.845596,-0.5338234,0.5,-0.8660254,2,1,0,1,17681.0,1,14744.0,1,8612.0,1,14672.0,1,10107.0,1,9445.0,1,0.0,1,0.0,12829.006,11302.033,2937.0
906,2013-05-02,20188.0,1845.0,1.0,1.0,0,0.0,4.0,0.845596,-0.5338234,0.5,-0.8660254,2,0,0,1,0.0,1,17681.0,1,0.0,1,11883.0,1,8482.0,1,8402.0,1,14904.0,1,10191.0,7697.404,8790.471,-17681.0
906,2013-05-03,16529.0,1523.0,1.0,1.0,0,0.0,5.0,0.845596,-0.5338234,0.5,-0.8660254,2,0,0,1,20188.0,1,0.0,1,14744.0,1,11523.0,1,0.0,1,8074.0,1,11959.0,1,6564.0,12693.643,11323.255,20188.0
906,2013-05-04,9044.0,1166.0,1.0,0.0,0,0.0,6.0,0.845596,-0.5338234,0.5,-0.8660254,2,0,0,1,16529.0,1,20188.0,1,17681.0,1,11137.0,1,14781.0,1,8298.0,1,13343.0,1,9229.0,14227.785,12480.087,-3659.0
906,2013-05-05,0.0,0.0,0.0,0.0,0,0.0,7.0,0.845596,-0.5338234,0.5,-0.8660254,2,0,0,1,9044.0,1,16529.0,1,0.0,1,8612.0,1,14672.0,1,10107.0,1,11934.0,1,9052.0,12154.271,11716.512,-7485.0
906,2013-05-06,10777.0,1324.0,1.0,0.0,0,0.0,1.0,0.7765239,-0.63008785,0.5,-0.8660254,2,0,0,1,0.0,1,9044.0,1,20188.0,1,0.0,1,11883.0,1,8482.0,1,11535.0,1,11104.0,7292.5625,9112.843,-9044.0
906,2013-05-07,8959.0,1208.0,1.0,0.0,0,0.0,2.0,0.7765239,-0.63008785,0.5,-0.8660254,2,0,0,1,10777.0,1,0.0,1,16529.0,1,14744.0,1,11523.0,1,0.0,1,9445.0,1,10765.0,8686.338,9482.655,10777.0
906,2013-05-08,13182.0,1371.0,1.0,0.0,0,0.0,3.0,0.7765239,-0.63008785,0.5,-0.8660254,2,0,0,1,8959.0,1,10777.0,1,9044.0,1,17681.0,1,11137.0,1,14781.0,1,0.0,1,0.0,8795.402,9366.288,-1818.0
906,2013-05-09,0.0,0.0,0.0,0.0,1,0.0,4.0,0.7765239,-0.63008785,0.5,-0.8660254,2,0,0,1,13182.0,1,8959.0,1,0.0,1,0.0,1,8612.0,1,14672.0,1,9445.0,1,15638.0,10550.042,10214.224,4223.0
906,2013-05-10,13672.0,1436.0,1.0,0.0,0,0.0,5.0,0.7765239,-0.63008785,0.5,-0.8660254,2,0,0,1,0.0,1,13182.0,1,10777.0,1,20188.0,1,0.0,1,11883.0,1,8402.0,1,12834.0,6330.025,7944.396,-13182.0
906,2013-05-11,11061.0,1198.0,1.0,0.0,0,0.0,6.0,0.7765239,-0.63008785,0.5,-0.8660254,2,0,0,1,13672.0,1,0.0,1,8959.0,1,16529.0,1,14744.0,1,11523.0,1,8074.0,1,10829.0,9266.815,9217.197,13672.0
906,2013-05-12,0.0,0.0,0.0,0.0,0,0.0,7.0,0.7765239,-0.63008785,0.5,-0.8660254,2,0,0,1,11061.0,1,13672.0,1,13182.0,1,9044.0,1,17681.0,1,11137.0,1,8298.0,1,13186.0,9984.489,9626.931,-2611.0
906,2013-05-13,12656.0,1585.0,1.0,1.0,0,0.0,1.0,0.696551,-0.71750724,0.5,-0.8660254,2,0,0,1,0.0,1,11061.0,1,0.0,1,0.0,1,0.0,1,8612.0,1,10107.0,1,12299.0,5990.6934,7487.613,-11061.0
906,2013-05-14,12608.0,1482.0,1.0,1.0,0,0.0,2.0,0.696551,-0.71750724,0.5,-0.8660254,2,0,0,1,12656.0,1,0.0,1,13672.0,1,10777.0,1,20188.0,1,0.0,1,8482.0,1,9048.0,8656.816,8636.144,12656.0
906,2013-05-15,12409.0,1439.0,1.0,1.0,0,0.0,3.0,0.696551,-0.71750724,0.5,-0.8660254,2,0,0,1,12608.0,1,12656.0,1,11061.0,1,8959.0,1,16529.0,1,14744.0,1,0.0,1,0.0,10237.29,9518.778,-48.0
906,2013-05-16,15859.0,1470.0,1.0,1.0,0,0.0,4.0,0.696551,-0.71750724,0.5,-0.8660254,2,0,0,1,12409.0,1,12608.0,1,0.0,1,13182.0,1,9044.0,1,17681.0,1,14781.0,1,14216.0,11105.974,10161.05,-199.0
906,2013-05-17,12563.0,1376.0,1.0,1.0,0,0.0,5.0,0.696551,-0.71750724,0.5,-0.8660254,2,0,0,1,15859.0,1,12409.0,1,12656.0,1,0.0,1,0.0,1,0.0,1,14672.0,1,12846.0,13007.185,11427.261,3450.0
906,2013-05-18,9777.0,1250.0,1.0,0.0,0,0.0,6.0,0.696551,-0.71750724,0.5,-0.8660254,2,0,0,1,12563.0,1,15859.0,1,12608.0,1,13672.0,1,10777.0,1,20188.0,1,11883.0,1,13816.0,12829.511,11679.647,-3296.0
906,2013-05-19,0.0,0.0,0.0,0.0,0,0.0,7.0,0.696551,-0.71750724,0.5,-0.8660254,2,0,0,1,9777.0,1,12563.0,1,12409.0,1,11061.0,1,8959.0,1,16529.0,1,11523.0,1,17151.0,11608.506,11256.837,-2786.0
906,2013-05-20,0.0,0.0,0.0,0.0,1,0.0,1.0,0.60680014,-0.79485446,0.5,-0.8660254,2,0,0,1,0.0,1,9777.0,1,15859.0,1,0.0,1,13182.0,1,9044.0,1,11137.0,1,0.0,6965.104,8755.317,-9777.0
906,2013-05-21,10426.0,1329.0,1.0,0.0,0,0.0,2.0,0.60680014,-0.79485446,0.5,-0.8660254,2,0,0,1,0.0,1,0.0,1,12563.0,1,12656.0,1,0.0,1,0.0,1,8612.0,1,13942.0,4179.0625,6809.6914,0.0
906,2013-05-22,8344.0,1144.0,1.0,0.0,0,0.0,3.0,0.60680014,-0.79485446,0.5,-0.8660254,2,0,0,1,10426.0,1,0.0,1,9777.0,1,12608.0,1,13672.0,1,10777.0,1,0.0,1,0.0,6677.8374,7613.3154,10426.0
906,2013-05-23,10563.0,1115.0,1.0,0.0,0,0.0,4.0,0.60680014,-0.79485446,0.5,-0.8660254,2,0,0,1,8344.0,1,10426.0,1,0.0,1,12409.0,1,11061.0,1,8959.0,1,14744.0,1,0.0,7344.3022,7775.69,-2082.0
906,2013-05-24,11513.0,1186.0,1.0,0.0,0,0.0,5.0,0.60680014,-0.79485446,0.5,-0.8660254,2,0,0,1,10563.0,1,8344.0,1,0.0,1,15859.0,1,0.0,1,13182.0,1,17681.0,1,14037.0,8631.781,8395.092,2219.0
906,2013-05-25,8556.0,1051.0,1.0,0.0,0,0.0,6.0,0.60680014,-0.79485446,0.5,-0.8660254,2,0,0,1,11513.0,1,10563.0,1,10426.0,1,12563.0,1,12656.0,1,0.0,1,0.0,1,9331.0,9784.269,9087.961,950.0
906,2013-05-26,0.0,0.0,0.0,0.0,0,0.0,7.0,0.60680014,-0.79485446,0.5,-0.8660254,2,0,0,1,8556.0,1,11513.0,1,8344.0,1,9777.0,1,12608.0,1,13672.0,1,20188.0,1,9405.0,9292.961,8969.747,-2957.0
906,2013-05-27,14423.0,1653.0,1.0,1.0,0,0.0,1.0,0.5085311,-0.86104363,0.5,-0.8660254,2,0,0,1,0.0,1,8556.0,1,10563.0,1,0.0,1,12409.0,1,11061.0,1,16529.0,1,9670.0,5575.777,6976.4697,-8556.0
906,2013-05-28,13081.0,1525.0,1.0,1.0,0,0.0,2.0,0.5085311,-0.86104363,0.5,-0.8660254,2,0,0,1,14423.0,1,0.0,1,11513.0,1,0.0,1,15859.0,1,0.0,1,9044.0,1,9066.0,9114.666,8631.255,14423.0
906,2013-05-29,13988.0,1436.0,1.0,1.0,0,0.0,3.0,0.5085311,-0.86104363,0.5,-0.8660254,2,0,0,1,13081.0,1,14423.0,1,8556.0,1,10426.0,1,12563.0,1,12656.0,1,0.0,1,0.0,10701.199,9620.087,-1342.0
906,2013-05-30,0.0,0.0,0.0,1.0,1,0.0,4.0,0.5085311,-0.86104363,0.5,-0.8660254,2,0,0,1,13988.0,1,13081.0,1,0.0,1,8344.0,1,9777.0,1,12608.0,1,10777.0,1,14904.0,12015.92,10590.734,907.0
906,2013-05-31,17744.0,1790.0,1.0,1.0,0,0.0,5.0,0.5085311,-0.86104363,0.5,-0.8660254,2,0,1,1,0.0,1,13988.0,1,14423.0,1,10563.0,1,0.0,1,12409.0,1,8959.0,1,11959.0,7209.552,8237.237,-13988.0
906,2013-06-01,14185.0,1325.0,1.0,0.0,0,0.0,6.0,0.5085311,-0.86104363,1.2246469e-16,-1.0,2,1,0,1,17744.0,1,0.0,1,13081.0,1,11513.0,1,0.0,1,15859.0,1,13182.0,1,13343.0,11423.331,10349.852,17744.0
906,2013-06-02,0.0,0.0,0.0,0.0,0,0.0,7.0,0.5085311,-0.86104363,1.2246469e-16,-1.0,2,0,0,1,14185.0,1,17744.0,1,13988.0,1,8556.0,1,10426.0,1,12563.0,1,0.0,1,11934.0,12527.999,11202.106,-3559.0
906,2013-06-03,16213.0,1767.0,1.0,1.0,0,0.0,1.0,0.40312344,-0.91514564,1.2246469e-16,-1.0,2,0,0,1,0.0,1,14185.0,1,0.0,1,0.0,1,8344.0,1,9777.0,1,13672.0,1,11535.0,7516.7993,8712.75,-14185.0
906,2013-06-04,14249.0,1562.0,1.0,1.0,0,0.0,2.0,0.40312344,-0.91514564,1.2246469e-16,-1.0,2,0,0,1,16213.0,1,0.0,1,17744.0,1,14423.0,1,10563.0,1,0.0,1,11061.0,1,9445.0,10995.279,10379.472,16213.0
906,2013-06-05,11809.0,1429.0,1.0,1.0,0,0.0,3.0,0.40312344,-0.91514564,1.2246469e-16,-1.0,2,0,0,1,14249.0,1,16213.0,1,14185.0,1,13081.0,1,11513.0,1,0.0,1,0.0,1,0.0,12296.768,11239.367,-1964.0
906,2013-06-06,11253.0,1347.0,1.0,1.0,0,0.0,4.0,0.40312344,-0.91514564,1.2246469e-16,-1.0,2,0,0,1,11809.0,1,14249.0,1,0.0,1,13988.0,1,8556.0,1,10426.0,1,12656.0,1,9445.0,12101.66,11365.952,-2440.0
906,2013-06-07,11649.0,1397.0,1.0,1.0,0,0.0,5.0,0.40312344,-0.91514564,1.2246469e-16,-1.0,2,0,0,1,11253.0,1,11809.0,1,16213.0,1,0.0,1,0.0,1,8344.0,1,12608.0,1,8402.0,11762.196,11340.852,-556.0
906,2013-06-08,8407.0,1085.0,1.0,0.0,0,0.0,6.0,0.40312344,-0.91514564,1.2246469e-16,-1.0,2,0,0,1,11649.0,1,11253.0,1,14249.0,1,17744.0,1,14423.0,1,10563.0,1,12409.0,1,8074.0,11716.918,11409.329,396.0
906,2013-06-09,0.0,0.0,0.0,0.0,0,0.0,7.0,0.40312344,-0.91514564,1.2246469e-16,-1.0,2,0,0,1,8407.0,1,11649.0,1,11809.0,1,14185.0,1,13081.0,1,11513.0,1,15859.0,1,8298.0,10392.951,10742.145,-3242.0
906,2013-06-10,10153.0,1233.0,1.0,0.0,0,0.0,1.0,0.29205677,-0.956401,1.2246469e-16,-1.0,2,0,0,1,0.0,1,8407.0,1,11253.0,1,0.0,1,13988.0,1,8556.0,1,12563.0,1,10107.0,6235.7705,8355.002,-8407.0
906,2013-06-11,13230.0,1196.0,1.0,0.0,0,0.0,2.0,0.29205677,-0.956401,1.2246469e-16,-1.0,2,0,0,1,10153.0,1,0.0,1,11649.0,1,16213.0,1,0.0,1,0.0,1,9777.0,1,8482.0,7802.662,8754.557,10153.0
906,2013-06-12,8265.0,1041.0,1.0,0.0,0,0.0,3.0,0.29205677,-0.956401,1.2246469e-16,-1.0,2,0,0,1,13230.0,1,10153.0,1,8407.0,1,14249.0,1,17744.0,1,14423.0,1,0.0,1,0.0,9973.598,9749.1,3077.0
906,2013-06-13,8682.0,1172.0,1.0,0.0,0,0.0,4.0,0.29205677,-0.956401,1.2246469e-16,-1.0,2,0,0,1,8265.0,1,13230.0,1,0.0,1,11809.0,1,14185.0,1,13081.0,1,0.0,1,14781.0,9290.158,9419.3,-4965.0
906,2013-06-14,8417.0,1147.0,1.0,0.0,0,0.0,5.0,0.29205677,-0.956401,1.2246469e-16,-1.0,2,0,0,1,8682.0,1,8265.0,1,10153.0,1,11253.0,1,0.0,1,13988.0,1,10426.0,1,14672.0,9046.8955,9255.455,417.0
906,2013-06-15,9161.0,1107.0,1.0,0.0,0,0.0,6.0,0.29205677,-0.956401,1.2246469e-16,-1.0,2,0,0,1,8417.0,1,8682.0,1,13230.0,1,11649.0,1,16213.0,1,0.0,1,8344.0,1,11883.0,8794.9375,9069.132,-265.0
906,2013-06-16,0.0,0.0,0.0,0.0,0,0.0,7.0,0.29205677,-0.956401,1.2246469e-16,-1.0,2,0,0,1,9161.0,1,8417.0,1,8265.0,1,8407.0,1,14249.0,1,17744.0,1,10563.0,1,11523.0,8941.362,9089.547,744.0
906,2013-06-17,14205.0,1678.0,1.0,1.0,0,0.0,1.0,0.17689027,-0.9842306,1.2246469e-16,-1.0,2,0,0,1,0.0,1,9161.0,1,8682.0,1,0.0,1,11809.0,1,14185.0,1,11513.0,1,11137.0,5364.8174,7069.648,-9161.0
906,2013-06-18,11583.0,1369.0,1.0,1.0,0,0.0,2.0,0.17689027,-0.9842306,1.2246469e-16,-1.0,2,0,0,1,14205.0,1,0.0,1,8417.0,1,10153.0,1,11253.0,1,0.0,1,8556.0,1,8612.0,8900.891,8655.281,14205.0
906,2013-06-19,11831.0,1217.0,1.0,1.0,0,0.0,3.0,0.17689027,-0.9842306,1.2246469e-16,-1.0,2,0,0,1,11583.0,1,14205.0,1,9161.0,1,13230.0,1,11649.0,1,16213.0,1,0.0,1,0.0,9973.734,9305.886,-2622.0
906,2013-06-20,10407.0,1311.0,1.0,1.0,0,0.0,4.0,0.17689027,-0.9842306,1.2246469e-16,-1.0,2,0,0,1,11831.0,1,11583.0,1,0.0,1,8265.0,1,8407.0,1,14249.0,1,14423.0,1,14744.0,10716.641,9867.022,248.0
906,2013-06-21,12429.0,1405.0,1.0,1.0,0,0.0,5.0,0.17689027,-0.9842306,1.2246469e-16,-1.0,2,0,0,1,10407.0,1,11831.0,1,14205.0,1,8682.0,1,0.0,1,11809.0,1,13081.0,1,17681.0,10592.784,9987.018,-1424.0
906,2013-06-22,8814.0,1092.0,1.0,0.0,0,0.0,6.0,0.17689027,-0.9842306,1.2246469e-16,-1.0,2,0,0,1,12429.0,1,10407.0,1,11583.0,1,8417.0,1,10153.0,1,11253.0,1,13988.0,1,0.0,11327.2705,10529.68,2022.0
906,2013-06-23,0.0,0.0,0.0,0.0,0,0.0,7.0,0.17689027,-0.9842306,1.2246469e-16,-1.0,2,0,0,1,8814.0,1,12429.0,1,11831.0,1,9161.0,1,13230.0,1,11649.0,1,0.0,1,20188.0,10321.962,10148.418,-3615.0
906,2013-06-24,12743.0,1196.0,1.0,0.0,0,0.0,1.0,0.059240628,-0.99824375,1.2246469e-16,-1.0,2,0,0,1,0.0,1,8814.0,1,10407.0,1,0.0,1,8265.0,1,8407.0,1,17744.0,1,16529.0,6193.1772,7893.214,-8814.0
906,2013-06-25,8047.0,1091.0,1.0,0.0,0,0.0,2.0,0.059240628,-0.99824375,1.2246469e-16,-1.0,2,0,0,1,12743.0,1,0.0,1,12429.0,1,14205.0,1,8682.0,1,0.0,1,14185.0,1,9044.0,8813.106,8970.944,12743.0
906,2013-06-26,8360.0,1045.0,1.0,0.0,0,0.0,3.0,0.059240628,-0.99824375,1.2246469e-16,-1.0,2,0,0,1,8047.0,1,12743.0,1,8814.0,1,11583.0,1,8417.0,1,10153.0,1,0.0,1,0.0,8506.664,8765.623,-4696.0
906,2013-06-27,9913.0,1107.0,1.0,0.0,0,0.0,4.0,0.059240628,-0.99824375,1.2246469e-16,-1.0,2,0,0,1,8360.0,1,8047.0,1,0.0,1,11831.0,1,9161.0,1,13230.0,1,16213.0,1,10777.0,8447.998,8675.484,313.0
906,2013-06-28,11853.0,1348.0,1.0,0.0,0,0.0,5.0,0.059240628,-0.99824375,1.2246469e-16,-1.0,2,0,0,1,9913.0,1,8360.0,1,12743.0,1,10407.0,1,0.0,1,8265.0,1,14249.0,1,8959.0,9033.999,8950.488,1553.0
906,2013-06-29,10734.0,1206.0,1.0,0.0,0,0.0,6.0,0.059240628,-0.99824375,1.2246469e-16,-1.0,2,0,0,1,11853.0,1,9913.0,1,8047.0,1,12429.0,1,14205.0,1,8682.0,1,11809.0,1,13182.0,10161.6,9595.491,1940.0
906,2013-06-30,0.0,0.0,0.0,0.0,0,0.0,7.0,0.059240628,-0.99824375,1.2246469e-16,-1.0,2,0,1,1,10734.0,1,11853.0,1,8360.0,1,8814.0,1,11583.0,1,8417.0,1,11253.0,1,0.0,10390.56,9848.493,-1119.0
906,2013-07-01,19123.0,1852.0,1.0,1.0,0,0.0,1.0,-0.059240628,-0.99824375,-0.5,-0.8660254,3,1,0,1,0.0,1,10734.0,1,9913.0,1,0.0,1,11831.0,1,9161.0,1,11649.0,1,13672.0,6234.336,7659.939,-10734.0
906,2013-07-02,15438.0,1666.0,1.0,1.0,0,0.0,2.0,-0.059240628,-0.99824375,-0.5,-0.8660254,3,0,0,1,19123.0,1,0.0,1,11853.0,1,12743.0,1,10407.0,1,0.0,1,8407.0,1,11061.0,11389.802,10207.286,19123.0
906,2013-07-03,12365.0,1347.0,1.0,1.0,0,0.0,3.0,-0.059240628,-0.99824375,-0.5,-0.8660254,3,0,0,1,15438.0,1,19123.0,1,10734.0,1,8047.0,1,12429.0,1,14205.0,1,0.0,1,0.0,13009.081,11369.667,-3685.0
906,2013-07-04,15104.0,1533.0,1.0,1.0,0,0.0,4.0,-0.059240628,-0.99824375,-0.5,-0.8660254,3,0,0,1,12365.0,1,15438.0,1,0.0,1,8360.0,1,8814.0,1,11583.0,1,10153.0,1,12656.0,12751.448,11590.852,-3073.0
906,2013-07-05,14003.0,1439.0,1.0,1.0,0,0.0,5.0,-0.059240628,-0.99824375,-0.5,-0.8660254,3,0,0,1,15104.0,1,12365.0,1,19123.0,1,9913.0,1,0.0,1,11831.0,1,13230.0,1,12608.0,13692.469,12371.552,2739.0
906,2013-07-06,9416.0,1174.0,1.0,0.0,0,1.0,6.0,-0.059240628,-0.99824375,-0.5,-0.8660254,3,0,0,1,14003.0,1,15104.0,1,15438.0,1,11853.0,1,12743.0,1,10407.0,1,8265.0,1,12409.0,13816.682,12734.096,-1101.0
906,2013-07-07,0.0,0.0,0.0,0.0,0,1.0,7.0,-0.059240628,-0.99824375,-0.5,-0.8660254,3,0,0,1,9416.0,1,14003.0,1,12365.0,1,10734.0,1,8047.0,1,12429.0,1,8682.0,1,15859.0,12056.409,11996.741,-4587.0
906,2013-07-08,9864.0,1254.0,1.0,0.0,0,1.0,1.0,-0.17689027,-0.9842306,-0.5,-0.8660254,3,0,0,1,0.0,1,9416.0,1,15104.0,1,0.0,1,8360.0,1,8814.0,1,8417.0,1,12563.0,7233.845,9330.799,-9416.0
906,2013-07-09,9661.0,1170.0,1.0,0.0,0,1.0,2.0,-0.17689027,-0.9842306,-0.5,-0.8660254,3,0,0,1,9864.0,1,0.0,1,14003.0,1,19123.0,1,9913.0,1,0.0,1,9161.0,1,9777.0,8285.907,9449.288,9864.0
906,2013-07-10,7590.0,1021.0,1.0,0.0,0,1.0,3.0,-0.17689027,-0.9842306,-0.5,-0.8660254,3,0,0,1,9661.0,1,9864.0,1,9416.0,1,15438.0,1,11853.0,1,12743.0,1,0.0,1,0.0,8835.944,9496.335,-203.0
906,2013-07-11,8777.0,1065.0,1.0,0.0,0,1.0,4.0,-0.17689027,-0.9842306,-0.5,-0.8660254,3,0,0,1,7590.0,1,9661.0,1,0.0,1,12365.0,1,10734.0,1,8047.0,1,14205.0,1,0.0,8337.566,9072.705,-2071.0
906,2013-07-12,10721.0,1162.0,1.0,0.0,0,1.0,5.0,-0.17689027,-0.9842306,-0.5,-0.8660254,3,0,0,1,8777.0,1,7590.0,1,9864.0,1,15104.0,1,0.0,1,8360.0,1,11583.0,1,10426.0,8513.34,9006.993,1187.0
906,2013-07-13,8107.0,1053.0,1.0,0.0,0,1.0,6.0,-0.17689027,-0.9842306,-0.5,-0.8660254,3,0,0,1,10721.0,1,8777.0,1,9661.0,1,14003.0,1,19123.0,1,9913.0,1,11831.0,1,8344.0,9396.404,9387.883,1944.0
906,2013-07-14,0.0,0.0,0.0,0.0,0,1.0,7.0,-0.17689027,-0.9842306,-0.5,-0.8660254,3,0,0,1,8107.0,1,10721.0,1,7590.0,1,9416.0,1,15438.0,1,11853.0,1,10407.0,1,10563.0,8880.643,9103.242,-2614.0
906,2013-07-15,15357.0,1635.0,1.0,1.0,0,1.0,1.0,-0.29205677,-0.956401,-0.5,-0.8660254,3,0,0,1,0.0,1,8107.0,1,8777.0,1,0.0,1,12365.0,1,10734.0,1,12429.0,1,11513.0,5328.3853,7080.3,-8107.0
906,2013-07-16,12596.0,1418.0,1.0,1.0,0,1.0,2.0,-0.29205677,-0.956401,-0.5,-0.8660254,3,0,0,1,15357.0,1,0.0,1,10721.0,1,9864.0,1,15104.0,1,0.0,1,8814.0,1,8556.0,9339.831,8919.566,15357.0
906,2013-07-17,11231.0,1247.0,1.0,1.0,0,1.0,3.0,-0.29205677,-0.956401,-0.5,-0.8660254,3,0,0,1,12596.0,1,15357.0,1,8107.0,1,9661.0,1,14003.0,1,19123.0,1,0.0,1,0.0,10642.299,9736.552,-2761.0
906,2013-07-18,10629.0,1294.0,1.0,1.0,0,1.0,4.0,-0.29205677,-0.956401,-0.5,-0.8660254,3,0,0,1,11231.0,1,12596.0,1,0.0,1,7590.0,1,9416.0,1,15438.0,1,12743.0,1,14423.0,10877.779,10068.651,-1365.0
906,2013-07-19,11638.0,1332.0,1.0,1.0,0,1.0,5.0,-0.29205677,-0.956401,-0.5,-0.8660254,3,0,0,1,10629.0,1,11231.0,1,15357.0,1,8777.0,1,0.0,1,12365.0,1,8047.0,1,13081.0,10778.268,10193.173,-602.0
906,2013-07-20,8769.0,1032.0,1.0,0.0,0,1.0,6.0,-0.29205677,-0.956401,-0.5,-0.8660254,3,0,0,1,11638.0,1,10629.0,1,12596.0,1,10721.0,1,9864.0,1,15104.0,1,8360.0,1,13988.0,11122.16,10514.246,1009.0
906,2013-07-21,0.0,0.0,0.0,0.0,0,1.0,7.0,-0.29205677,-0.956401,-0.5,-0.8660254,3,0,0,1,8769.0,1,11638.0,1,11231.0,1,8107.0,1,9661.0,1,14003.0,1,9913.0,1,0.0,10180.896,10126.413,-2869.0
906,2013-07-22,8645.0,1144.0,1.0,0.0,0,1.0,1.0,-0.40312344,-0.91514564,-0.5,-0.8660254,3,0,0,1,0.0,1,8769.0,1,10629.0,1,0.0,1,7590.0,1,9416.0,1,11853.0,1,17744.0,6108.5376,7876.099,-8769.0
906,2013-07-23,7428.0,1013.0,1.0,0.0,0,1.0,2.0,-0.40312344,-0.91514564,-0.5,-0.8660254,3,0,0,1,8645.0,1,0.0,1,11638.0,1,15357.0,1,8777.0,1,0.0,1,10734.0,1,14185.0,7123.1226,8046.9663,8645.0
906,2013-07-24,7716.0,997.0,1.0,0.0,0,1.0,3.0,-0.40312344,-0.91514564,-0.5,-0.8660254,3,0,0,1,7428.0,1,8645.0,1,8769.0,1,12596.0,1,10721.0,1,9864.0,1,0.0,1,0.0,7245.0737,7909.418,-1217.0
906,2013-07-25,9483.0,979.0,1.0,0.0,0,1.0,4.0,-0.40312344,-0.91514564,-0.5,-0.8660254,3,0,0,1,7716.0,1,7428.0,1,0.0,1,11231.0,1,8107.0,1,9661.0,1,19123.0,1,16213.0,7433.4443,7866.4365,288.0
906,2013-07-26,8024.0,1087.0,1.0,0.0,0,1.0,5.0,-0.40312344,-0.91514564,-0.5,-0.8660254,3,0,0,1,9483.0,1,7716.0,1,8645.0,1,10629.0,1,0.0,1,7590.0,1,15438.0,1,14249.0,8253.267,8225.673,1767.0
906,2013-07-27,7826.0,921.0,1.0,0.0,0,1.0,6.0,-0.40312344,-0.91514564,-0.5,-0.8660254,3,0,0,1,8024.0,1,9483.0,1,7428.0,1,11638.0,1,15357.0,1,8777.0,1,12365.0,1,11809.0,8161.56,8180.8564,-1459.0
906,2013-07-28,0.0,0.0,0.0,0.0,0,1.0,7.0,-0.40312344,-0.91514564,-0.5,-0.8660254,3,0,0,1,7826.0,1,8024.0,1,7716.0,1,8769.0,1,12596.0,1,10721.0,1,15104.0,1,11253.0,8027.336,8101.9995,-198.0
906,2013-07-29,15996.0,1525.0,1.0,1.0,0,1.0,1.0,-0.5085311,-0.86104363,-0.5,-0.8660254,3,0,0,1,0.0,1,7826.0,1,9483.0,1,0.0,1,11231.0,1,8107.0,1,14003.0,1,11649.0,4816.4014,6301.555,-7826.0
906,2013-07-30,14256.0,1472.0,1.0,1.0,0,1.0,2.0,-0.5085311,-0.86104363,-0.5,-0.8660254,3,0,0,1,15996.0,1,0.0,1,8024.0,1,8645.0,1,10629.0,1,0.0,1,9416.0,1,8407.0,9288.241,8455.876,15996.0
906,2013-07-31,15588.0,1604.0,1.0,1.0,0,1.0,3.0,-0.5085311,-0.86104363,-0.5,-0.8660254,3,0,1,1,14256.0,1,15996.0,1,7826.0,1,7428.0,1,11638.0,1,15357.0,1,0.0,1,0.0,11275.345,9744.793,-1740.0
906,2013-08-01,11902.0,1481.0,1.0,1.0,0,1.0,4.0,-0.5085311,-0.86104363,-0.8660254,-0.5,3,1,0,1,15588.0,1,14256.0,1,0.0,1,7716.0,1,8769.0,1,12596.0,1,9864.0,1,10153.0,13000.406,11043.283,1332.0
906,2013-08-02,11184.0,1348.0,1.0,1.0,0,1.0,5.0,-0.5085311,-0.86104363,-0.8660254,-0.5,3,0,0,1,11902.0,1,15588.0,1,15996.0,1,9483.0,1,0.0,1,11231.0,1,9661.0,1,13230.0,12561.044,11234.109,-3686.0
906,2013-08-03,8732.0,1110.0,1.0,0.0,0,1.0,6.0,-0.5085311,-0.86104363,-0.8660254,-0.5,3,0,0,1,11184.0,1,11902.0,1,14256.0,1,8024.0,1,8645.0,1,10629.0,1,7590.0,1,8265.0,12010.227,11222.974,-718.0
906,2013-08-04,0.0,0.0,0.0,0.0,0,1.0,7.0,-0.5085311,-0.86104363,-0.8660254,-0.5,3,0,0,1,8732.0,1,11184.0,1,15588.0,1,7826.0,1,7428.0,1,11638.0,1,8777.0,1,8682.0,10698.936,10669.424,-2452.0
906,2013-08-05,9162.0,1218.0,1.0,0.0,0,1.0,1.0,-0.60680014,-0.79485446,-0.8660254,-0.5,3,0,0,1,0.0,1,8732.0,1,11902.0,1,0.0,1,7716.0,1,8769.0,1,10721.0,1,8417.0,6419.3613,8298.441,-8732.0
906,2013-08-06,7815.0,1027.0,1.0,0.0,0,1.0,2.0,-0.60680014,-0.79485446,-0.8660254,-0.5,3,0,0,1,9162.0,1,0.0,1,11184.0,1,15996.0,1,9483.0,1,0.0,1,8107.0,1,9161.0,7516.417,8490.343,9162.0
906,2013-08-07,8385.0,1096.0,1.0,0.0,0,1.0,3.0,-0.60680014,-0.79485446,-0.8660254,-0.5,3,0,0,1,7815.0,1,9162.0,1,8732.0,1,14256.0,1,8024.0,1,8645.0,1,0.0,1,0.0,7635.85,8340.267,-1347.0
906,2013-08-08,8381.0,1053.0,1.0,0.0,0,1.0,4.0,-0.60680014,-0.79485446,-0.8660254,-0.5,3,0,0,1,8385.0,1,7815.0,1,0.0,1,15588.0,1,7826.0,1,7428.0,1,15357.0,1,14205.0,7935.5103,8350.207,570.0
906,2013-08-09,8061.0,1059.0,1.0,0.0,0,1.0,5.0,-0.60680014,-0.79485446,-0.8660254,-0.5,3,0,0,1,8381.0,1,8385.0,1,9162.0,1,11902.0,1,0.0,1,7716.0,1,12596.0,1,11583.0,8113.706,8357.05,-4.0
906,2013-08-10,9534.0,1005.0,1.0,0.0,0,1.0,6.0,-0.60680014,-0.79485446,-0.8660254,-0.5,3,0,0,1,8061.0,1,8381.0,1,7815.0,1,11184.0,1,15996.0,1,9483.0,1,11231.0,1,11831.0,8092.6235,8291.262,-320.0
906,2013-08-11,0.0,0.0,0.0,0.0,0,1.0,7.0,-0.60680014,-0.79485446,-0.8660254,-0.5,3,0,0,1,9534.0,1,8061.0,1,8385.0,1,8732.0,1,14256.0,1,8024.0,1,10629.0,1,10407.0,8669.174,8567.426,1473.0
906,2013-08-12,16796.0,1620.0,1.0,1.0,0,1.0,1.0,-0.696551,-0.71750724,-0.8660254,-0.5,3,0,0,1,0.0,1,9534.0,1,8381.0,1,0.0,1,15588.0,1,7826.0,1,11638.0,1,12429.0,5201.5044,6663.553,-9534.0
906,2013-08-13,20318.0,1476.0,1.0,1.0,0,1.0,2.0,-0.696551,-0.71750724,-0.8660254,-0.5,3,0,0,1,16796.0,1,0.0,1,8061.0,1,9162.0,1,11902.0,1,0.0,1,8769.0,1,8814.0,9839.303,8915.208,16796.0
906,2013-08-14,11916.0,1396.0,1.0,1.0,0,1.0,3.0,-0.696551,-0.71750724,-0.8660254,-0.5,3,0,0,1,20318.0,1,16796.0,1,9534.0,1,7815.0,1,11184.0,1,15996.0,1,0.0,1,0.0,14030.781,11449.162,3522.0
906,2013-08-15,11907.0,1362.0,1.0,1.0,0,1.0,4.0,-0.696551,-0.71750724,-0.8660254,-0.5,3,0,0,1,11916.0,1,20318.0,1,0.0,1,8385.0,1,8732.0,1,14256.0,1,8645.0,1,12743.0,13184.869,11552.903,-8402.0
906,2013-08-16,12129.0,1429.0,1.0,1.0,0,1.0,5.0,-0.696551,-0.71750724,-0.8660254,-0.5,3,0,0,1,11907.0,1,11916.0,1,16796.0,1,8381.0,1,0.0,1,15588.0,1,7428.0,1,8047.0,12673.722,11631.592,-9.0
906,2013-08-17,8624.0,1102.0,1.0,0.0,0,0.0,6.0,-0.696551,-0.71750724,-0.8660254,-0.5,3,0,0,1,12129.0,1,11907.0,1,20318.0,1,8061.0,1,9162.0,1,11902.0,1,7716.0,1,8360.0,12455.833,11742.127,222.0
906,2013-08-18,0.0,0.0,0.0,0.0,0,0.0,7.0,-0.696551,-0.71750724,-0.8660254,-0.5,3,0,0,1,8624.0,1,12129.0,1,11916.0,1,9534.0,1,7815.0,1,11184.0,1,9483.0,1,9913.0,10923.1,11049.21,-3505.0
906,2013-08-19,9464.0,1306.0,1.0,0.0,0,0.0,1.0,-0.7765239,-0.63008785,-0.8660254,-0.5,3,0,0,1,0.0,1,8624.0,1,11907.0,1,0.0,1,8385.0,1,8732.0,1,8024.0,1,11853.0,6553.86,8593.83,-8624.0
906,2013-08-20,7984.0,1139.0,1.0,0.0,0,0.0,2.0,-0.7765239,-0.63008785,-0.8660254,-0.5,3,0,0,1,9464.0,1,0.0,1,12129.0,1,16796.0,1,8381.0,1,0.0,1,7826.0,1,10734.0,7717.916,8787.201,9464.0
906,2013-08-21,8001.0,1117.0,1.0,0.0,0,0.0,3.0,-0.7765239,-0.63008785,-0.8660254,-0.5,3,0,0,1,7984.0,1,9464.0,1,8624.0,1,20318.0,1,8061.0,1,9162.0,1,0.0,1,0.0,7824.3496,8608.712,-1480.0
906,2013-08-22,13345.0,1072.0,1.0,0.0,0,0.0,4.0,-0.7765239,-0.63008785,-0.8660254,-0.5,3,0,0,1,8001.0,1,7984.0,1,0.0,1,11916.0,1,9534.0,1,7815.0,1,15996.0,1,19123.0,7895.01,8473.665,17.0
906,2013-08-23,12141.0,1071.0,1.0,0.0,0,0.0,5.0,-0.7765239,-0.63008785,-0.8660254,-0.5,3,0,0,1,13345.0,1,8001.0,1,9464.0,1,11907.0,1,0.0,1,8385.0,1,14256.0,1,15438.0,10075.006,9556.184,5344.0
906,2013-08-24,9384.0,1065.0,1.0,0.0,0,0.0,6.0,-0.7765239,-0.63008785,-0.8660254,-0.5,3,0,0,1,12141.0,1,13345.0,1,7984.0,1,12129.0,1,16796.0,1,8381.0,1,15588.0,1,12365.0,10901.403,10130.587,-1204.0
906,2013-08-25,0.0,0.0,0.0,0.0,0,0.0,7.0,-0.7765239,-0.63008785,-0.8660254,-0.5,3,0,0,1,9384.0,1,12141.0,1,8001.0,1,8624.0,1,20318.0,1,8061.0,1,11902.0,1,15104.0,10294.442,9964.679,-2757.0
906,2013-08-26,12540.0,1486.0,1.0,1.0,0,0.0,1.0,-0.845596,-0.5338234,-0.8660254,-0.5,3,0,0,1,0.0,1,9384.0,1,13345.0,1,0.0,1,11916.0,1,9534.0,1,11184.0,1,14003.0,6176.665,7750.306,-9384.0
906,2013-08-27,11417.0,1389.0,1.0,1.0,0,0.0,2.0,-0.845596,-0.5338234,-0.8660254,-0.5,3,0,0,1,12540.0,1,0.0,1,12141.0,1,9464.0,1,11907.0,1,0.0,1,8732.0,1,9416.0,8721.999,8814.683,12540.0
906,2013-08-28,11558.0,1266.0,1.0,1.0,0,0.0,3.0,-0.845596,-0.5338234,-0.8660254,-0.5,3,0,0,1,11417.0,1,12540.0,1,9384.0,1,7984.0,1,12129.0,1,16796.0,1,0.0,1,0.0,9799.999,9392.976,-1123.0
906,2013-08-29,10439.0,1257.0,1.0,1.0,0,0.0,4.0,-0.845596,-0.5338234,-0.8660254,-0.5,3,0,0,1,11558.0,1,11417.0,1,0.0,1,8001.0,1,8624.0,1,20318.0,1,9162.0,1,9864.0,10503.199,9874.092,141.0
906,2013-08-30,14980.0,1504.0,1.0,1.0,0,0.0,5.0,-0.845596,-0.5338234,-0.8660254,-0.5,3,0,0,1,10439.0,1,11558.0,1,12540.0,1,13345.0,1,0.0,1,11916.0,1,7815.0,1,9661.0,10477.52,9999.627,-1119.0
906,2013-08-31,9339.0,1182.0,1.0,0.0,0,0.0,6.0,-0.845596,-0.5338234,-0.8660254,-0.5,3,0,1,1,14980.0,1,10439.0,1,11417.0,1,12141.0,1,9464.0,1,11907.0,1,8385.0,1,7590.0,12278.512,11106.377,4541.0
906,2013-09-01,0.0,0.0,0.0,0.0,0,0.0,7.0,-0.845596,-0.5338234,-1.0,-1.8369701e-16,3,1,0,1,9339.0,1,14980.0,1,11558.0,1,9384.0,1,7984.0,1,12129.0,1,8381.0,1,8777.0,11102.707,10713.626,-5641.0
906,2013-09-02,10071.0,1270.0,1.0,0.0,0,0.0,1.0,-0.9027978,-0.4300652,-1.0,-1.8369701e-16,3,0,0,1,0.0,1,9339.0,1,10439.0,1,0.0,1,8001.0,1,8624.0,1,8061.0,1,10721.0,6661.6245,8332.82,-9339.0
906,2013-09-03,9034.0,1145.0,1.0,0.0,0,0.0,2.0,-0.9027978,-0.4300652,-1.0,-1.8369701e-16,3,0,0,1,10071.0,1,0.0,1,14980.0,1,12540.0,1,13345.0,1,0.0,1,9534.0,1,8107.0,8025.3745,8719.082,10071.0
906,2013-09-04,9514.0,1071.0,1.0,0.0,0,0.0,3.0,-0.9027978,-0.4300652,-1.0,-1.8369701e-16,3,0,0,1,9034.0,1,10071.0,1,9339.0,1,11417.0,1,12141.0,1,9464.0,1,0.0,1,0.0,8428.825,8789.064,-1037.0
906,2013-09-05,7926.0,1080.0,1.0,0.0,0,0.0,4.0,-0.9027978,-0.4300652,-1.0,-1.8369701e-16,3,0,0,1,9514.0,1,9034.0,1,0.0,1,11558.0,1,9384.0,1,7984.0,1,16796.0,1,15357.0,8862.895,8950.161,480.0
906,2013-09-06,13561.0,1092.0,1.0,0.0,0,0.0,5.0,-0.9027978,-0.4300652,-1.0,-1.8369701e-16,3,0,0,1,7926.0,1,9514.0,1,10071.0,1,10439.0,1,0.0,1,8001.0,1,20318.0,1,12596.0,8488.137,8722.569,-1588.0
906,2013-09-07,7777.0,1029.0,1.0,0.0,0,0.0,6.0,-0.9027978,-0.4300652,-1.0,-1.8369701e-16,3,0,0,1,13561.0,1,7926.0,1,9034.0,1,14980.0,1,12540.0,1,13345.0,1,11916.0,1,11231.0,10517.282,9797.776,5635.0
906,2013-09-08,0.0,0.0,0.0,0.0,0,0.0,7.0,-0.9027978,-0.4300652,-1.0,-1.8369701e-16,3,0,0,1,7777.0,1,13561.0,1,9514.0,1,9339.0,1,11417.0,1,12141.0,1,11907.0,1,10629.0,9421.169,9348.715,-5784.0
906,2013-09-09,15533.0,1708.0,1.0,1.0,0,0.0,1.0,-0.94732636,-0.32026985,-1.0,-1.8369701e-16,3,0,0,1,0.0,1,7777.0,1,7926.0,1,0.0,1,11558.0,1,9384.0,1,12129.0,1,11638.0,5652.7017,7271.2227,-7777.0
906,2013-09-10,16164.0,1497.0,1.0,1.0,0,0.0,2.0,-0.94732636,-0.32026985,-1.0,-1.8369701e-16,3,0,0,1,15533.0,1,0.0,1,13561.0,1,10071.0,1,10439.0,1,0.0,1,8624.0,1,8769.0,9604.821,9107.173,15533.0
906,2013-09-11,11202.0,1232.0,1.0,1.0,0,0.0,3.0,-0.94732636,-0.32026985,-1.0,-1.8369701e-16,3,0,0,1,16164.0,1,15533.0,1,7777.0,1,9034.0,1,14980.0,1,12540.0,1,0.0,1,0.0,12228.492,10675.357,631.0
906,2013-09-12,11226.0,1335.0,1.0,1.0,0,0.0,4.0,-0.94732636,-0.32026985,-1.0,-1.8369701e-16,3,0,0,1,11202.0,1,16164.0,1,0.0,1,9514.0,1,9339.0,1,11417.0,1,9464.0,1,8645.0,11817.8955,10792.389,-4962.0
906,2013-09-13,14994.0,1456.0,1.0,1.0,0,0.0,5.0,-0.94732636,-0.32026985,-1.0,-1.8369701e-16,3,0,0,1,11226.0,1,11202.0,1,15533.0,1,7926.0,1,0.0,1,11558.0,1,7984.0,1,7428.0,11581.138,10888.747,24.0
906,2013-09-14,8442.0,996.0,1.0,0.0,0,0.0,6.0,-0.94732636,-0.32026985,-1.0,-1.8369701e-16,3,0,0,1,14994.0,1,11226.0,1,16164.0,1,13561.0,1,10071.0,1,10439.0,1,8001.0,1,7716.0,12946.282,11801.025,3768.0
906,2013-09-15,0.0,0.0,0.0,0.0,0,0.0,7.0,-0.94732636,-0.32026985,-1.0,-1.8369701e-16,3,0,0,1,8442.0,1,14994.0,1,11202.0,1,7777.0,1,9034.0,1,14980.0,1,13345.0,1,9483.0,11144.569,11054.575,-6552.0
906,2013-09-16,8092.0,1128.0,1.0,0.0,0,0.0,1.0,-0.9785565,-0.20597862,-1.0,-1.8369701e-16,3,0,0,1,0.0,1,8442.0,1,11226.0,1,0.0,1,9514.0,1,9339.0,1,12141.0,1,8024.0,6686.7417,8598.003,-8442.0
906,2013-09-17,7628.0,1039.0,1.0,0.0,0,0.0,2.0,-0.9785565,-0.20597862,-1.0,-1.8369701e-16,3,0,0,1,8092.0,1,0.0,1,14994.0,1,15533.0,1,7926.0,1,0.0,1,9384.0,1,7826.0,7248.845,8485.558,8092.0
906,2013-09-18,6868.0,1002.0,1.0,0.0,0,0.0,3.0,-0.9785565,-0.20597862,-1.0,-1.8369701e-16,3,0,0,1,7628.0,1,8092.0,1,8442.0,1,16164.0,1,13561.0,1,10071.0,1,0.0,1,0.0,7400.507,8294.989,-464.0
906,2013-09-19,7863.0,1095.0,1.0,0.0,0,0.0,4.0,-0.9785565,-0.20597862,-1.0,-1.8369701e-16,3,0,0,1,6868.0,1,7628.0,1,0.0,1,11202.0,1,7777.0,1,9034.0,1,12540.0,1,15996.0,7187.5044,7977.881,-760.0
906,2013-09-20,8082.0,1070.0,1.0,0.0,0,0.0,5.0,-0.9785565,-0.20597862,-1.0,-1.8369701e-16,3,0,0,1,7863.0,1,6868.0,1,8092.0,1,11226.0,1,0.0,1,9514.0,1,11417.0,1,14256.0,7457.7026,7952.3516,995.0
906,2013-09-21,7847.0,1020.0,1.0,0.0,0,0.0,6.0,-0.9785565,-0.20597862,-1.0,-1.8369701e-16,3,0,0,1,8082.0,1,7863.0,1,7628.0,1,14994.0,1,15533.0,1,7926.0,1,11558.0,1,15588.0,7707.4214,7981.1626,219.0
906,2013-09-22,0.0,0.0,0.0,0.0,0,0.0,7.0,-0.9785565,-0.20597862,-1.0,-1.8369701e-16,3,0,0,1,7847.0,1,8082.0,1,6868.0,1,8442.0,1,16164.0,1,13561.0,1,10439.0,1,11902.0,7763.253,7951.3486,-235.0
906,2013-09-23,13657.0,1505.0,1.0,1.0,0,0.0,1.0,-0.9960498,-0.08879589,-1.0,-1.8369701e-16,3,0,0,1,0.0,1,7847.0,1,7863.0,1,0.0,1,11202.0,1,7777.0,1,14980.0,1,11184.0,4657.9517,6184.3823,-7847.0
906,2013-09-24,11331.0,1381.0,1.0,1.0,0,0.0,2.0,-0.9960498,-0.08879589,-1.0,-1.8369701e-16,3,0,0,1,13657.0,1,0.0,1,8082.0,1,8092.0,1,11226.0,1,0.0,1,9339.0,1,8732.0,8257.571,7844.964,13657.0
906,2013-09-25,10119.0,1204.0,1.0,1.0,0,0.0,3.0,-0.9960498,-0.08879589,-1.0,-1.8369701e-16,3,0,0,1,11331.0,1,13657.0,1,7847.0,1,7628.0,1,14994.0,1,15533.0,1,0.0,1,0.0,9486.942,8619.639,-2326.0
906,2013-09-26,10361.0,1166.0,1.0,1.0,0,0.0,4.0,-0.9960498,-0.08879589,-1.0,-1.8369701e-16,3,0,0,1,10119.0,1,11331.0,1,0.0,1,6868.0,1,8442.0,1,16164.0,1,10071.0,1,9162.0,9739.766,8952.83,-1212.0
906,2013-09-27,10815.0,1356.0,1.0,1.0,0,0.0,5.0,-0.9960498,-0.08879589,-1.0,-1.8369701e-16,3,0,0,1,10361.0,1,10119.0,1,13657.0,1,7863.0,1,0.0,1,11202.0,1,9034.0,1,7815.0,9988.26,9265.757,242.0
906,2013-09-28,8413.0,1060.0,1.0,0.0,0,0.0,6.0,-0.9960498,-0.08879589,-1.0,-1.8369701e-16,3,0,0,1,10815.0,1,10361.0,1,11331.0,1,8082.0,1,8092.0,1,11226.0,1,9514.0,1,8385.0,10318.956,9610.033,454.0
906,2013-09-29,0.0,0.0,0.0,0.0,0,0.0,7.0,-0.9960498,-0.08879589,-1.0,-1.8369701e-16,3,0,0,1,8413.0,1,10815.0,1,10119.0,1,7847.0,1,7628.0,1,14994.0,1,7926.0,1,8381.0,9556.573,9344.025,-2402.0
906,2013-09-30,11633.0,1343.0,1.0,0.0,0,0.0,1.0,-0.99956083,0.029633328,-1.0,-1.8369701e-16,3,0,1,1,0.0,1,8413.0,1,10361.0,1,0.0,1,6868.0,1,8442.0,1,13561.0,1,8061.0,5733.944,7267.5757,-8413.0
906,2013-10-01,9690.0,1257.0,1.0,0.0,0,0.0,2.0,-0.99956083,0.029633328,-0.8660254,0.5,4,1,0,1,11633.0,1,0.0,1,10815.0,1,13657.0,1,7863.0,1,0.0,1,7777.0,1,9534.0,8093.5664,8237.67,11633.0
906,2013-10-02,10507.0,1364.0,1.0,0.0,0,0.0,3.0,-0.99956083,0.029633328,-0.8660254,0.5,4,0,0,1,9690.0,1,11633.0,1,8413.0,1,11331.0,1,8082.0,1,8092.0,1,0.0,1,0.0,8732.14,8560.41,-1943.0
906,2013-10-03,0.0,0.0,0.0,0.0,1,0.0,4.0,-0.99956083,0.029633328,-0.8660254,0.5,4,0,0,1,10507.0,1,9690.0,1,0.0,1,10119.0,1,7847.0,1,7628.0,1,15533.0,1,16796.0,9442.084,8992.985,817.0
906,2013-10-04,10627.0,1343.0,1.0,0.0,0,0.0,5.0,-0.99956083,0.029633328,-0.8660254,0.5,4,0,0,1,0.0,1,10507.0,1,11633.0,1,10361.0,1,0.0,1,6868.0,1,16164.0,1,20318.0,5665.2505,6994.5444,-10507.0
906,2013-10-05,7992.0,963.0,1.0,0.0,0,0.0,6.0,-0.99956083,0.029633328,-0.8660254,0.5,4,0,0,1,10627.0,1,0.0,1,9690.0,1,10815.0,1,13657.0,1,7863.0,1,11202.0,1,11916.0,7649.95,7801.757,10627.0
906,2013-10-06,0.0,0.0,0.0,0.0,0,0.0,7.0,-0.99956083,0.029633328,-0.8660254,0.5,4,0,0,1,7992.0,1,10627.0,1,10507.0,1,8413.0,1,11331.0,1,8082.0,1,11226.0,1,11907.0,7786.77,7844.0327,-2635.0
906,2013-10-07,16878.0,1790.0,1.0,1.0,0,0.0,1.0,-0.9890402,0.14764656,-0.8660254,0.5,4,0,0,1,0.0,1,7992.0,1,0.0,1,0.0,1,10119.0,1,7847.0,1,14994.0,1,12129.0,4672.062,6100.9146,-7992.0
906,2013-10-08,15111.0,1567.0,1.0,1.0,0,0.0,2.0,-0.9890402,0.14764656,-0.8660254,0.5,4,0,0,1,16878.0,1,0.0,1,10627.0,1,11633.0,1,10361.0,1,0.0,1,8442.0,1,8624.0,9554.4375,8495.822,16878.0
906,2013-10-09,12899.0,1420.0,1.0,1.0,0,0.0,3.0,-0.9890402,0.14764656,-0.8660254,0.5,4,0,0,1,15111.0,1,16878.0,1,7992.0,1,9690.0,1,10815.0,1,13657.0,1,0.0,1,0.0,11777.0625,9965.862,-1767.0
906,2013-10-10,20151.0,1326.0,1.0,1.0,0,0.0,4.0,-0.9890402,0.14764656,-0.8660254,0.5,4,0,0,1,12899.0,1,15111.0,1,0.0,1,10507.0,1,8413.0,1,11331.0,1,8092.0,1,9464.0,12225.838,10617.67,-2212.0
906,2013-10-11,11075.0,1362.0,1.0,1.0,0,0.0,5.0,-0.9890402,0.14764656,-0.8660254,0.5,4,0,0,1,20151.0,1,12899.0,1,16878.0,1,0.0,1,0.0,1,10119.0,1,7628.0,1,7984.0,15395.902,12736.188,7252.0
906,2013-10-12,8846.0,1098.0,1.0,0.0,0,0.0,6.0,-0.9890402,0.14764656,-0.8660254,0.5,4,0,0,1,11075.0,1,20151.0,1,15111.0,1,10627.0,1,11633.0,1,10361.0,1,6868.0,1,8001.0,13667.541,12367.035,-9076.0
906,2013-10-13,0.0,0.0,0.0,0.0,0,0.0,7.0,-0.9890402,0.14764656,-0.8660254,0.5,4,0,0,1,8846.0,1,11075.0,1,12899.0,1,7992.0,1,9690.0,1,10815.0,1,7863.0,1,13345.0,11738.925,11584.583,-2229.0
906,2013-10-14,9736.0,1188.0,1.0,0.0,0,1.0,1.0,-0.9646356,0.26358718,-0.8660254,0.5,4,0,0,1,0.0,1,8846.0,1,20151.0,1,0.0,1,10507.0,1,8413.0,1,8082.0,1,12141.0,7043.355,9010.231,-8846.0
906,2013-10-15,8428.0,1041.0,1.0,0.0,0,1.0,2.0,-0.9646356,0.26358718,-0.8660254,0.5,4,0,0,1,9736.0,1,0.0,1,11075.0,1,16878.0,1,0.0,1,0.0,1,7847.0,1,9384.0,8120.413,9171.513,9736.0
906,2013-10-16,8036.0,1072.0,1.0,0.0,0,1.0,3.0,-0.9646356,0.26358718,-0.8660254,0.5,4,0,0,1,8428.0,1,9736.0,1,8846.0,1,15111.0,1,10627.0,1,11633.0,1,0.0,1,0.0,8243.448,9006.288,-1308.0
906,2013-10-17,14296.0,1008.0,1.0,0.0,0,1.0,4.0,-0.9646356,0.26358718,-0.8660254,0.5,4,0,0,1,8036.0,1,8428.0,1,0.0,1,12899.0,1,7992.0,1,9690.0,1,13657.0,1,12540.0,8160.4688,8790.668,-392.0
906,2013-10-18,7981.0,1086.0,1.0,0.0,0,1.0,5.0,-0.9646356,0.26358718,-0.8660254,0.5,4,0,0,1,14296.0,1,8036.0,1,9736.0,1,20151.0,1,0.0,1,10507.0,1,11331.0,1,11417.0,10614.682,10014.075,6260.0
906,2013-10-19,8083.0,1032.0,1.0,0.0,0,1.0,6.0,-0.9646356,0.26358718,-0.8660254,0.5,4,0,0,1,7981.0,1,14296.0,1,8428.0,1,11075.0,1,16878.0,1,0.0,1,10119.0,1,11558.0,9561.209,9562.281,-6315.0
906,2013-10-20,0.0,0.0,0.0,0.0,0,1.0,7.0,-0.9646356,0.26358718,-0.8660254,0.5,4,0,0,1,8083.0,1,7981.0,1,8036.0,1,8846.0,1,15111.0,1,10627.0,1,10361.0,1,10439.0,8969.925,9233.552,102.0
906,2013-10-21,13226.0,1525.0,1.0,1.0,0,1.0,1.0,-0.9266896,0.37582758,-0.8660254,0.5,4,0,0,1,0.0,1,8083.0,1,14296.0,1,0.0,1,12899.0,1,7992.0,1,10815.0,1,14980.0,5381.955,7181.6514,-8083.0
906,2013-10-22,11040.0,1392.0,1.0,1.0,0,1.0,2.0,-0.9266896,0.37582758,-0.8660254,0.5,4,0,0,1,13226.0,1,0.0,1,7981.0,1,9736.0,1,20151.0,1,0.0,1,8413.0,1,9339.0,8519.573,8524.84,13226.0
906,2013-10-23,10300.0,1145.0,1.0,1.0,0,1.0,3.0,-0.9266896,0.37582758,-0.8660254,0.5,4,0,0,1,11040.0,1,13226.0,1,8083.0,1,8428.0,1,11075.0,1,16878.0,1,0.0,1,0.0,9527.744,9083.765,-2186.0
906,2013-10-24,18299.0,1295.0,1.0,1.0,0,1.0,4.0,-0.9266896,0.37582758,-0.8660254,0.5,4,0,0,1,10300.0,1,11040.0,1,0.0,1,8036.0,1,8846.0,1,15111.0,1,11633.0,1,10071.0,9836.646,9354.039,-740.0
906,2013-10-25,10377.0,1318.0,1.0,1.0,0,1.0,5.0,-0.9266896,0.37582758,-0.8660254,0.5,4,0,0,1,18299.0,1,10300.0,1,13226.0,1,14296.0,1,0.0,1,12899.0,1,9690.0,1,9034.0,13221.588,11341.809,7999.0
906,2013-10-26,7680.0,1046.0,1.0,0.0,0,0.0,6.0,-0.9266896,0.37582758,-0.8660254,0.5,4,0,0,1,10377.0,1,18299.0,1,11040.0,1,7981.0,1,9736.0,1,20151.0,1,10507.0,1,9514.0,12083.753,11127.406,-7922.0
906,2013-10-27,0.0,0.0,0.0,0.0,0,0.0,7.0,-0.9266896,0.37582758,-0.8660254,0.5,4,0,0,1,7680.0,1,10377.0,1,10300.0,1,8083.0,1,8428.0,1,11075.0,1,0.0,1,7926.0,10322.252,10361.316,-2697.0
906,2013-10-28,8080.0,1095.0,1.0,0.0,0,0.0,1.0,-0.8757349,0.4827922,-0.8660254,0.5,4,0,0,1,0.0,1,7680.0,1,18299.0,1,0.0,1,8036.0,1,8846.0,1,10627.0,1,13561.0,6193.351,8058.8013,-7680.0
906,2013-10-29,7898.0,1075.0,1.0,0.0,0,0.0,2.0,-0.8757349,0.4827922,-0.8660254,0.5,4,0,0,1,8080.0,1,0.0,1,10377.0,1,13226.0,1,14296.0,1,0.0,1,7992.0,1,7777.0,6948.0107,8063.512,8080.0
906,2013-10-30,19886.0,1181.0,1.0,0.0,0,0.0,3.0,-0.8757349,0.4827922,-0.8660254,0.5,4,0,0,1,7898.0,1,8080.0,1,7680.0,1,11040.0,1,7981.0,1,9736.0,1,0.0,1,0.0,7328.0063,8026.7314,-182.0
906,2013-10-31,10697.0,1328.0,1.0,0.0,0,0.0,4.0,-0.8757349,0.4827922,-0.8660254,0.5,4,0,1,1,19886.0,1,7898.0,1,0.0,1,10300.0,1,8083.0,1,8428.0,1,16878.0,1,15533.0,12351.204,10662.125,11988.0
906,2013-11-01,11426.0,1280.0,1.0,0.0,0,0.0,5.0,-0.8757349,0.4827922,-0.5,0.8660254,4,1,0,1,10697.0,1,19886.0,1,8080.0,1,18299.0,1,0.0,1,8036.0,1,15111.0,1,16164.0,11689.522,10669.875,-9189.0
906,2013-11-02,8411.0,1129.0,1.0,0.0,0,0.0,6.0,-0.8757349,0.4827922,-0.5,0.8660254,4,0,0,1,11426.0,1,10697.0,1,7898.0,1,10377.0,1,13226.0,1,14296.0,1,12899.0,1,11202.0,11584.113,10837.902,729.0
906,2013-11-03,0.0,0.0,0.0,0.0,0,0.0,7.0,-0.8757349,0.4827922,-0.5,0.8660254,4,0,0,1,8411.0,1,11426.0,1,19886.0,1,7680.0,1,11040.0,1,7981.0,1,20151.0,1,11226.0,10314.868,10298.591,-3015.0
906,2013-11-04,14571.0,1593.0,1.0,1.0,0,0.0,1.0,-0.8124869,0.5829795,-0.5,0.8660254,4,0,0,1,0.0,1,8411.0,1,10697.0,1,0.0,1,10300.0,1,8083.0,1,11075.0,1,14994.0,6188.921,8010.015,-8411.0
906,2013-11-05,12792.0,1456.0,1.0,1.0,0,0.0,2.0,-0.8124869,0.5829795,-0.5,0.8660254,4,0,0,1,14571.0,1,0.0,1,11426.0,1,8080.0,1,18299.0,1,0.0,1,8846.0,1,8442.0,9541.753,9468.012,14571.0
906,2013-11-06,11543.0,1291.0,1.0,1.0,0,0.0,3.0,-0.8124869,0.5829795,-0.5,0.8660254,4,0,0,1,12792.0,1,14571.0,1,8411.0,1,7898.0,1,10377.0,1,13226.0,1,0.0,1,0.0,10841.852,10206.676,-1779.0
906,2013-11-07,12215.0,1338.0,1.0,1.0,0,0.0,4.0,-0.8124869,0.5829795,-0.5,0.8660254,4,0,0,1,11543.0,1,12792.0,1,0.0,1,19886.0,1,7680.0,1,11040.0,1,9736.0,1,8092.0,11122.311,10503.637,-1249.0
906,2013-11-08,11772.0,1354.0,1.0,1.0,0,0.0,5.0,-0.8124869,0.5829795,-0.5,0.8660254,4,0,0,1,12215.0,1,11543.0,1,14571.0,1,10697.0,1,0.0,1,10300.0,1,8428.0,1,7628.0,11559.387,10883.939,672.0
906,2013-11-09,9066.0,1088.0,1.0,0.0,0,0.0,6.0,-0.8124869,0.5829795,-0.5,0.8660254,4,0,0,1,11772.0,1,12215.0,1,12792.0,1,11426.0,1,8080.0,1,18299.0,1,8036.0,1,6868.0,11644.432,11081.286,-443.0
906,2013-11-10,0.0,0.0,0.0,0.0,0,0.0,7.0,-0.8124869,0.5829795,-0.5,0.8660254,4,0,0,1,9066.0,1,11772.0,1,11543.0,1,8411.0,1,7898.0,1,10377.0,1,14296.0,1,7863.0,10613.06,10633.445,-2706.0
906,2013-11-11,9163.0,1198.0,1.0,0.0,0,0.0,1.0,-0.73783326,0.674983,-0.5,0.8660254,4,0,0,1,0.0,1,9066.0,1,12215.0,1,0.0,1,19886.0,1,7680.0,1,7981.0,1,8082.0,6367.8354,8270.457,-9066.0
906,2013-11-12,8193.0,1061.0,1.0,0.0,0,0.0,2.0,-0.73783326,0.674983,-0.5,0.8660254,4,0,0,1,9163.0,1,0.0,1,11772.0,1,14571.0,1,10697.0,1,0.0,1,8083.0,1,7847.0,7485.9014,8468.8,9163.0
906,2013-11-13,7857.0,1027.0,1.0,0.0,0,0.0,3.0,-0.73783326,0.674983,-0.5,0.8660254,4,0,0,1,8193.0,1,9163.0,1,9066.0,1,12792.0,1,11426.0,1,8080.0,1,0.0,1,0.0,7768.7407,8407.511,-970.0
906,2013-11-14,8211.0,1056.0,1.0,0.0,0,0.0,4.0,-0.73783326,0.674983,-0.5,0.8660254,4,0,0,1,7857.0,1,8193.0,1,0.0,1,11543.0,1,8411.0,1,7898.0,1,13226.0,1,13657.0,7804.0444,8285.176,-336.0
906,2013-11-15,9555.0,1182.0,1.0,0.0,0,0.0,5.0,-0.73783326,0.674983,-0.5,0.8660254,4,0,0,1,8211.0,1,7857.0,1,9163.0,1,12215.0,1,0.0,1,19886.0,1,11040.0,1,11331.0,7966.8267,8268.692,354.0
906,2013-11-16,8636.0,1091.0,1.0,0.0,0,0.0,6.0,-0.73783326,0.674983,-0.5,0.8660254,4,0,0,1,9555.0,1,8211.0,1,8193.0,1,11772.0,1,14571.0,1,10697.0,1,10300.0,1,10119.0,8602.096,8554.538,1344.0
906,2013-11-17,0.0,0.0,0.0,0.0,0,0.0,7.0,-0.73783326,0.674983,-0.5,0.8660254,4,0,0,1,8636.0,1,9555.0,1,7857.0,1,9066.0,1,12792.0,1,11426.0,1,18299.0,1,10361.0,8615.657,8572.641,-919.0
906,2013-11-18,14765.0,1631.0,1.0,1.0,0,0.0,1.0,-0.65282214,0.75751126,-0.5,0.8660254,4,0,0,1,0.0,1,8636.0,1,8211.0,1,0.0,1,11543.0,1,8411.0,1,10377.0,1,10815.0,5169.3945,6667.6094,-8636.0
906,2013-11-19,11763.0,1361.0,1.0,1.0,0,0.0,2.0,-0.65282214,0.75751126,-0.5,0.8660254,4,0,0,1,14765.0,1,0.0,1,9555.0,1,9163.0,1,12215.0,1,0.0,1,7680.0,1,8413.0,9007.637,8467.029,14765.0
906,2013-11-20,11176.0,1318.0,1.0,1.0,0,0.0,3.0,-0.65282214,0.75751126,-0.5,0.8660254,4,0,0,1,11763.0,1,14765.0,1,8636.0,1,8193.0,1,11772.0,1,14571.0,1,0.0,1,0.0,10109.782,9199.468,-3002.0
906,2013-11-21,10960.0,1302.0,1.0,1.0,0,0.0,4.0,-0.65282214,0.75751126,-0.5,0.8660254,4,0,0,1,11176.0,1,11763.0,1,0.0,1,7857.0,1,9066.0,1,12792.0,1,8080.0,1,11633.0,10536.27,9638.697,-587.0
906,2013-11-22,9916.0,1188.0,1.0,1.0,0,0.0,5.0,-0.65282214,0.75751126,-0.5,0.8660254,4,0,0,1,10960.0,1,11176.0,1,14765.0,1,8211.0,1,0.0,1,11543.0,1,7898.0,1,9690.0,10705.762,9932.32,-216.0
906,2013-11-23,8955.0,1091.0,1.0,0.0,0,0.0,6.0,-0.65282214,0.75751126,-0.5,0.8660254,4,0,0,1,9916.0,1,10960.0,1,11763.0,1,9555.0,1,9163.0,1,12215.0,1,19886.0,1,10507.0,10389.856,9928.693,-1044.0
906,2013-11-24,0.0,0.0,0.0,0.0,0,0.0,7.0,-0.65282214,0.75751126,-0.5,0.8660254,4,0,0,1,8955.0,1,9916.0,1,11176.0,1,8636.0,1,8193.0,1,11772.0,1,10697.0,1,0.0,9815.914,9712.317,-961.0
906,2013-11-25,9833.0,1181.0,1.0,0.0,0,0.0,1.0,-0.55864674,0.82940567,-0.5,0.8660254,4,0,0,1,0.0,1,8955.0,1,10960.0,1,0.0,1,7857.0,1,9066.0,1,11426.0,1,10627.0,5889.5483,7554.0244,-8955.0
906,2013-11-26,8303.0,1090.0,1.0,0.0,0,0.0,2.0,-0.55864674,0.82940567,-0.5,0.8660254,4,0,0,1,9833.0,1,0.0,1,9916.0,1,14765.0,1,8211.0,1,0.0,1,8411.0,1,7992.0,7466.929,8060.4634,9833.0
906,2013-11-27,7828.0,1012.0,1.0,0.0,0,0.0,3.0,-0.55864674,0.82940567,-0.5,0.8660254,4,0,0,1,8303.0,1,9833.0,1,8955.0,1,11763.0,1,9555.0,1,9163.0,1,0.0,1,0.0,7801.3574,8114.3604,-1530.0
906,2013-11-28,8326.0,1081.0,1.0,0.0,0,0.0,4.0,-0.55864674,0.82940567,-0.5,0.8660254,4,0,0,1,7828.0,1,8303.0,1,0.0,1,11176.0,1,8636.0,1,8193.0,1,14571.0,1,16878.0,7812.0146,8050.7246,-475.0
906,2013-11-29,12258.0,1361.0,1.0,0.0,0,0.0,5.0,-0.55864674,0.82940567,-0.5,0.8660254,4,0,0,1,8326.0,1,7828.0,1,9833.0,1,10960.0,1,0.0,1,7857.0,1,12792.0,1,15111.0,8017.609,8111.897,498.0
906,2013-11-30,12619.0,1383.0,1.0,0.0,0,0.0,6.0,-0.55864674,0.82940567,-0.5,0.8660254,4,0,1,1,12258.0,1,8326.0,1,8303.0,1,9916.0,1,14765.0,1,8211.0,1,11543.0,1,12899.0,9713.766,9033.253,3932.0
906,2013-12-01,0.0,0.0,0.0,0.0,0,0.0,7.0,-0.55864674,0.82940567,-2.4492937e-16,1.0,4,1,0,1,12619.0,1,12258.0,1,7828.0,1,8955.0,1,11763.0,1,9555.0,1,12215.0,1,20151.0,10875.859,9830.086,361.0
906,2013-12-02,18318.0,1877.0,1.0,1.0,0,0.0,1.0,-0.45662925,0.8896571,-2.4492937e-16,1.0,4,0,0,1,0.0,1,12619.0,1,8326.0,1,0.0,1,11176.0,1,8636.0,1,11772.0,1,11075.0,6525.5156,7645.6226,-12619.0
906,2013-12-03,15265.0,1602.0,1.0,1.0,0,0.0,2.0,-0.45662925,0.8896571,-2.4492937e-16,1.0,4,0,0,1,18318.0,1,0.0,1,12258.0,1,9833.0,1,10960.0,1,0.0,1,9066.0,1,8846.0,11242.51,10017.262,18318.0
906,2013-12-04,13422.0,1445.0,1.0,1.0,0,0.0,3.0,-0.45662925,0.8896571,-2.4492937e-16,1.0,4,0,0,1,15265.0,1,18318.0,1,12619.0,1,8303.0,1,9916.0,1,14765.0,1,0.0,1,0.0,12851.506,11183.426,-3053.0
906,2013-12-05,13626.0,1513.0,1.0,1.0,0,0.0,4.0,-0.45662925,0.8896571,-2.4492937e-16,1.0,4,0,0,1,13422.0,1,15265.0,1,0.0,1,7828.0,1,8955.0,1,11763.0,1,9163.0,1,9736.0,13079.703,11680.887,-1843.0
906,2013-12-06,12607.0,1439.0,1.0,1.0,0,0.0,5.0,-0.45662925,0.8896571,-2.4492937e-16,1.0,4,0,0,1,13626.0,1,13422.0,1,18318.0,1,8326.0,1,0.0,1,11176.0,1,8193.0,1,8428.0,13298.222,12113.134,204.0
906,2013-12-07,9276.0,1173.0,1.0,0.0,0,0.0,6.0,-0.45662925,0.8896571,-2.4492937e-16,1.0,4,0,0,1,12607.0,1,13626.0,1,15265.0,1,12258.0,1,9833.0,1,10960.0,1,7857.0,1,8036.0,13021.733,12222.882,-1019.0
906,2013-12-08,0.0,0.0,0.0,0.0,0,0.0,7.0,-0.45662925,0.8896571,-2.4492937e-16,1.0,4,0,0,1,9276.0,1,12607.0,1,13422.0,1,12619.0,1,8303.0,1,9916.0,1,8211.0,1,14296.0,11523.439,11568.02,-3331.0
906,2013-12-09,10849.0,1338.0,1.0,0.0,0,0.0,1.0,-0.34820163,0.93741965,-2.4492937e-16,1.0,4,0,0,1,0.0,1,9276.0,1,13626.0,1,0.0,1,7828.0,1,8955.0,1,9555.0,1,7981.0,6914.064,8997.349,-9276.0
906,2013-12-10,9444.0,1120.0,1.0,0.0,0,0.0,2.0,-0.34820163,0.93741965,-2.4492937e-16,1.0,4,0,0,1,10849.0,1,0.0,1,12607.0,1,18318.0,1,8326.0,1,0.0,1,8636.0,1,8083.0,8488.038,9408.826,10849.0
906,2013-12-11,9492.0,1200.0,1.0,0.0,0,0.0,3.0,-0.34820163,0.93741965,-2.4492937e-16,1.0,4,0,0,1,9444.0,1,10849.0,1,9276.0,1,15265.0,1,12258.0,1,9833.0,1,0.0,1,0.0,8870.423,9416.643,-1405.0
906,2013-12-12,9552.0,1231.0,1.0,0.0,0,0.0,4.0,-0.34820163,0.93741965,-2.4492937e-16,1.0,4,0,0,1,9492.0,1,9444.0,1,0.0,1,13422.0,1,12619.0,1,8303.0,1,14765.0,1,13226.0,9119.054,9433.389,48.0
906,2013-12-13,9805.0,1268.0,1.0,0.0,0,0.0,5.0,-0.34820163,0.93741965,-2.4492937e-16,1.0,4,0,0,1,9552.0,1,9492.0,1,10849.0,1,13626.0,1,0.0,1,7828.0,1,11763.0,1,11040.0,9292.232,9459.747,60.0
906,2013-12-14,8814.0,1086.0,1.0,0.0,0,0.0,6.0,-0.34820163,0.93741965,-2.4492937e-16,1.0,4,0,0,1,9805.0,1,9552.0,1,9444.0,1,12607.0,1,18318.0,1,8326.0,1,11176.0,1,10300.0,9497.34,9536.47,253.0
906,2013-12-15,0.0,0.0,0.0,0.0,0,0.0,7.0,-0.34820163,0.93741965,-2.4492937e-16,1.0,4,0,0,1,8814.0,1,9805.0,1,9492.0,1,9276.0,1,15265.0,1,12258.0,1,10960.0,1,18299.0,9224.004,9375.921,-991.0
906,2013-12-16,18966.0,1791.0,1.0,1.0,0,0.0,1.0,-0.23488605,0.9720229,-2.4492937e-16,1.0,4,0,0,1,0.0,1,8814.0,1,9552.0,1,0.0,1,13422.0,1,12619.0,1,9916.0,1,10377.0,5534.4023,7292.383,-8814.0
906,2013-12-17,18886.0,1836.0,1.0,1.0,0,0.0,2.0,-0.23488605,0.9720229,-2.4492937e-16,1.0,4,0,0,1,18966.0,1,0.0,1,9805.0,1,10849.0,1,13626.0,1,0.0,1,8955.0,1,7680.0,10907.041,9886.5205,18966.0
906,2013-12-18,15895.0,1613.0,1.0,1.0,0,0.0,3.0,-0.23488605,0.9720229,-2.4492937e-16,1.0,4,0,0,1,18886.0,1,18966.0,1,8814.0,1,9444.0,1,12607.0,1,18318.0,1,0.0,1,0.0,14098.625,11886.404,-80.0
906,2013-12-19,14057.0,1578.0,1.0,1.0,0,0.0,4.0,-0.23488605,0.9720229,-2.4492937e-16,1.0,4,0,0,1,15895.0,1,18886.0,1,0.0,1,9492.0,1,9276.0,1,15265.0,1,9833.0,1,8080.0,14817.175,12777.203,-2991.0
906,2013-12-20,13529.0,1468.0,1.0,1.0,0,0.0,5.0,-0.23488605,0.9720229,-2.4492937e-16,1.0,4,0,0,1,14057.0,1,15895.0,1,18966.0,1,9552.0,1,0.0,1,13422.0,1,8303.0,1,7898.0,14513.1045,13061.603,-1838.0
906,2013-12-21,12420.0,1379.0,1.0,0.0,0,0.0,6.0,-0.23488605,0.9720229,-2.4492937e-16,1.0,4,0,0,1,13529.0,1,14057.0,1,18886.0,1,9805.0,1,10849.0,1,13626.0,1,7828.0,1,19886.0,14119.463,13165.469,-528.0
906,2013-12-22,0.0,0.0,0.0,0.0,0,0.0,7.0,-0.23488605,0.9720229,-2.4492937e-16,1.0,4,0,0,1,12420.0,1,13529.0,1,15895.0,1,8814.0,1,9444.0,1,12607.0,1,8326.0,1,10697.0,13439.678,12999.809,-1109.0
906,2013-12-23,16676.0,1815.0,1.0,0.0,0,1.0,1.0,-0.11827317,0.9929811,-2.4492937e-16,1.0,4,0,0,1,0.0,1,12420.0,1,14057.0,1,0.0,1,9492.0,1,9276.0,1,12258.0,1,11426.0,8063.8066,10110.963,-12420.0
906,2013-12-24,8384.0,969.0,1.0,0.0,0,1.0,2.0,-0.11827317,0.9929811,-2.4492937e-16,1.0,4,0,0,1,16676.0,1,0.0,1,13529.0,1,18966.0,1,9552.0,1,0.0,1,12619.0,1,8411.0,11508.684,11569.859,16676.0
906,2013-12-25,0.0,0.0,0.0,0.0,3,1.0,3.0,-0.11827317,0.9929811,-2.4492937e-16,1.0,4,0,0,1,8384.0,1,16676.0,1,12420.0,1,18886.0,1,9805.0,1,10849.0,1,0.0,1,0.0,10258.811,10861.891,-8292.0
906,2013-12-26,0.0,0.0,0.0,0.0,3,1.0,4.0,-0.11827317,0.9929811,-2.4492937e-16,1.0,4,0,0,1,0.0,1,8384.0,1,0.0,1,15895.0,1,8814.0,1,9444.0,1,18318.0,1,14571.0,6155.286,8448.138,-8384.0
906,2013-12-27,10429.0,1327.0,1.0,0.0,0,1.0,5.0,-0.11827317,0.9929811,-2.4492937e-16,1.0,4,0,0,1,0.0,1,0.0,1,16676.0,1,14057.0,1,0.0,1,9492.0,1,15265.0,1,12792.0,3693.1716,6570.7734,0.0
906,2013-12-28,8973.0,1125.0,1.0,0.0,0,1.0,6.0,-0.11827317,0.9929811,-2.4492937e-16,1.0,4,0,0,1,10429.0,1,0.0,1,8384.0,1,13529.0,1,18966.0,1,9552.0,1,13422.0,1,11543.0,6387.503,7428.157,10429.0
906,2013-12-29,0.0,0.0,0.0,0.0,0,1.0,7.0,-0.11827317,0.9929811,-2.4492937e-16,1.0,4,0,0,1,8973.0,1,10429.0,1,0.0,1,12420.0,1,18886.0,1,9805.0,1,13626.0,1,12215.0,7421.7017,7771.4556,-1456.0
906,2013-12-30,15369.0,1718.0,1.0,0.0,0,1.0,1.0,0.11827317,0.9929811,-2.4492937e-16,1.0,4,0,0,1,0.0,1,8973.0,1,0.0,1,0.0,1,15895.0,1,8814.0,1,12607.0,1,11772.0,4453.021,6044.4653,-8973.0
906,2013-12-31,7562.0,914.0,1.0,0.0,0,1.0,2.0,0.11827317,0.9929811,-2.4492937e-16,1.0,4,0,1,1,15369.0,1,0.0,1,10429.0,1,16676.0,1,14057.0,1,0.0,1,9276.0,1,9066.0,8819.413,8116.5845,15369.0
906,2014-01-01,0.0,0.0,0.0,0.0,1,1.0,3.0,0.11827317,0.9929811,0.5,0.8660254,1,1,0,1,7562.0,1,15369.0,1,8973.0,1,8384.0,1,13529.0,1,18966.0,1,0.0,1,0.0,8316.447,7993.3433,-7807.0
906,2014-01-02,8794.0,1128.0,1.0,0.0,0,1.0,4.0,0.11827317,0.9929811,0.5,0.8660254,1,0,0,1,0.0,1,7562.0,1,0.0,1,0.0,1,12420.0,1,18886.0,1,10849.0,1,9163.0,4989.8687,6217.045,-7562.0
906,2014-01-03,9679.0,1217.0,1.0,0.0,0,1.0,5.0,0.11827317,0.9929811,0.5,0.8660254,1,0,0,1,8794.0,1,0.0,1,15369.0,1,0.0,1,0.0,1,15895.0,1,9444.0,1,8193.0,6511.521,6789.7017,8794.0
906,2014-01-04,8386.0,1066.0,1.0,0.0,0,1.0,6.0,0.11827317,0.9929811,0.5,0.8660254,1,0,0,1,9679.0,1,8794.0,1,7562.0,1,10429.0,1,16676.0,1,14057.0,1,9492.0,1,7857.0,7778.5127,7431.768,885.0
906,2014-01-05,0.0,0.0,0.0,0.0,0,1.0,7.0,0.11827317,0.9929811,0.5,0.8660254,1,0,0,1,8386.0,1,9679.0,1,0.0,1,8973.0,1,8384.0,1,13529.0,1,9552.0,1,8211.0,8021.508,7643.8193,-1293.0
906,2014-01-06,15812.0,1691.0,1.0,1.0,0,1.0,1.0,0.23488605,0.9720229,0.5,0.8660254,1,0,0,1,0.0,1,8386.0,1,8794.0,1,0.0,1,0.0,1,12420.0,1,9805.0,1,9555.0,4812.905,5945.193,-8386.0
906,2014-01-07,13429.0,1533.0,1.0,1.0,0,1.0,2.0,0.23488605,0.9720229,0.5,0.8660254,1,0,0,1,15812.0,1,0.0,1,9679.0,1,15369.0,1,0.0,1,0.0,1,8814.0,1,8636.0,9212.543,8137.817,15812.0
906,2014-01-08,10891.0,1354.0,1.0,1.0,0,1.0,3.0,0.23488605,0.9720229,0.5,0.8660254,1,0,0,1,13429.0,1,15812.0,1,8386.0,1,7562.0,1,10429.0,1,16676.0,1,0.0,1,0.0,10899.126,9313.635,-2383.0
906,2014-01-09,10617.0,1276.0,1.0,1.0,0,1.0,4.0,0.23488605,0.9720229,0.5,0.8660254,1,0,0,1,10891.0,1,13429.0,1,0.0,1,0.0,1,8973.0,1,8384.0,1,18966.0,1,14765.0,10895.875,9664.161,-2538.0
906,2014-01-10,11037.0,1327.0,1.0,1.0,0,1.0,5.0,0.23488605,0.9720229,0.5,0.8660254,1,0,0,1,10617.0,1,10891.0,1,15812.0,1,8794.0,1,0.0,1,0.0,1,18886.0,1,11763.0,10784.325,9875.902,-274.0
906,2014-01-11,7952.0,1032.0,1.0,0.0,0,0.0,6.0,0.23488605,0.9720229,0.5,0.8660254,1,0,0,1,11037.0,1,10617.0,1,13429.0,1,9679.0,1,15369.0,1,0.0,1,15895.0,1,11176.0,10885.3955,10133.925,420.0
906,2014-01-12,0.0,0.0,0.0,0.0,0,0.0,7.0,0.23488605,0.9720229,0.5,0.8660254,1,0,0,1,7952.0,1,11037.0,1,10891.0,1,8386.0,1,7562.0,1,10429.0,1,14057.0,1,10960.0,9712.037,9649.053,-3085.0
906,2014-01-13,8332.0,1134.0,1.0,0.0,0,0.0,1.0,0.34820163,0.93741965,0.5,0.8660254,1,0,0,1,0.0,1,7952.0,1,10617.0,1,0.0,1,0.0,1,8973.0,1,13529.0,1,9916.0,5827.222,7504.8184,-7952.0
906,2014-01-14,7713.0,1084.0,1.0,0.0,0,0.0,2.0,0.34820163,0.93741965,0.5,0.8660254,1,0,0,1,8332.0,1,0.0,1,11037.0,1,15812.0,1,8794.0,1,0.0,1,12420.0,1,8955.0,6829.1333,7688.6367,8332.0
906,2014-01-15,8570.0,1068.0,1.0,0.0,0,0.0,3.0,0.34820163,0.93741965,0.5,0.8660254,1,0,0,1,7713.0,1,8332.0,1,7952.0,1,13429.0,1,9679.0,1,15369.0,1,0.0,1,0.0,7182.68,7694.051,-619.0
906,2014-01-16,7358.0,1005.0,1.0,0.0,0,0.0,4.0,0.34820163,0.93741965,0.5,0.8660254,1,0,0,1,8570.0,1,7713.0,1,0.0,1,10891.0,1,8386.0,1,7562.0,1,16676.0,1,9833.0,7737.608,7888.706,857.0
906,2014-01-17,8461.0,1157.0,1.0,0.0,0,0.0,5.0,0.34820163,0.93741965,0.5,0.8660254,1,0,0,1,7358.0,1,8570.0,1,8332.0,1,10617.0,1,0.0,1,0.0,1,8384.0,1,8303.0,7585.7646,7770.7715,-1212.0
906,2014-01-18,8763.0,1102.0,1.0,0.0,0,0.0,6.0,0.34820163,0.93741965,0.5,0.8660254,1,0,0,1,8461.0,1,7358.0,1,7713.0,1,11037.0,1,15812.0,1,8794.0,1,0.0,1,7828.0,7935.859,7924.156,1103.0
906,2014-01-19,0.0,0.0,0.0,0.0,0,0.0,7.0,0.34820163,0.93741965,0.5,0.8660254,1,0,0,1,8763.0,1,8461.0,1,8570.0,1,7952.0,1,13429.0,1,9679.0,1,0.0,1,8326.0,8266.715,8110.5654,302.0
906,2014-01-20,14517.0,1559.0,1.0,1.0,0,0.0,1.0,0.45662925,0.8896571,0.5,0.8660254,1,0,0,1,0.0,1,8763.0,1,7358.0,1,0.0,1,10891.0,1,8386.0,1,10429.0,1,12258.0,4960.0293,6308.218,-8763.0
906,2014-01-21,12860.0,1447.0,1.0,1.0,0,0.0,2.0,0.45662925,0.8896571,0.5,0.8660254,1,0,0,1,14517.0,1,0.0,1,8461.0,1,8332.0,1,10617.0,1,0.0,1,8973.0,1,12619.0,8782.817,8132.3916,14517.0
906,2014-01-22,10879.0,1311.0,1.0,1.0,0,0.0,3.0,0.45662925,0.8896571,0.5,0.8660254,1,0,0,1,12860.0,1,14517.0,1,8763.0,1,7713.0,1,11037.0,1,15812.0,1,0.0,1,0.0,10413.69,9182.971,-1657.0
906,2014-01-23,10152.0,1256.0,1.0,1.0,0,0.0,4.0,0.45662925,0.8896571,0.5,0.8660254,1,0,0,1,10879.0,1,12860.0,1,0.0,1,8570.0,1,7952.0,1,13429.0,1,15369.0,1,18318.0,10599.814,9559.866,-1981.0
906,2014-01-24,10838.0,1347.0,1.0,1.0,0,0.0,5.0,0.45662925,0.8896571,0.5,0.8660254,1,0,0,1,10152.0,1,10879.0,1,14517.0,1,7358.0,1,0.0,1,10891.0,1,7562.0,1,15265.0,10420.688,9691.451,-727.0
906,2014-01-25,7679.0,1033.0,1.0,0.0,0,0.0,6.0,0.45662925,0.8896571,0.5,0.8660254,1,0,0,1,10838.0,1,10152.0,1,12860.0,1,8461.0,1,8332.0,1,10617.0,1,0.0,1,13422.0,10587.613,9946.24,686.0
906,2014-01-26,0.0,0.0,0.0,0.0,0,0.0,7.0,0.45662925,0.8896571,0.5,0.8660254,1,0,0,1,7679.0,1,10838.0,1,10879.0,1,8763.0,1,7713.0,1,11037.0,1,8794.0,1,13626.0,9424.168,9442.409,-3159.0
906,2014-01-27,8775.0,1190.0,1.0,0.0,0,0.0,1.0,0.55864674,0.82940567,0.5,0.8660254,1,0,0,1,0.0,1,7679.0,1,10152.0,1,0.0,1,8570.0,1,7952.0,1,9679.0,1,12607.0,5654.501,7344.0957,-7679.0
906,2014-01-28,7970.0,1129.0,1.0,0.0,0,0.0,2.0,0.55864674,0.82940567,0.5,0.8660254,1,0,0,1,8775.0,1,0.0,1,10838.0,1,14517.0,1,7358.0,1,0.0,1,8386.0,1,9276.0,6902.7007,7662.0747,8775.0
906,2014-01-29,8384.0,1086.0,1.0,0.0,0,0.0,3.0,0.55864674,0.82940567,0.5,0.8660254,1,0,0,1,7970.0,1,8775.0,1,7679.0,1,12860.0,1,8461.0,1,8332.0,1,0.0,1,0.0,7329.62,7730.5024,-805.0
906,2014-01-30,9034.0,1149.0,1.0,0.0,0,0.0,4.0,0.55864674,0.82940567,0.5,0.8660254,1,0,0,1,8384.0,1,7970.0,1,0.0,1,10879.0,1,8763.0,1,7713.0,1,15812.0,1,10849.0,7751.372,7875.724,414.0
906,2014-01-31,11390.0,1360.0,1.0,0.0,0,0.0,5.0,0.55864674,0.82940567,0.5,0.8660254,1,0,1,1,9034.0,1,8384.0,1,8775.0,1,10152.0,1,0.0,1,8570.0,1,13429.0,1,9444.0,8264.423,8133.1187,650.0
906,2014-02-01,9880.0,1150.0,1.0,0.0,0,0.0,6.0,0.55864674,0.82940567,0.8660254,0.5,1,1,0,1,11390.0,1,9034.0,1,7970.0,1,10838.0,1,14517.0,1,7358.0,1,10891.0,1,9492.0,9514.654,8856.87,2356.0
906,2014-02-02,0.0,0.0,0.0,0.0,0,0.0,7.0,0.55864674,0.82940567,0.8660254,0.5,1,0,0,1,9880.0,1,11390.0,1,8384.0,1,7679.0,1,12860.0,1,8461.0,1,10617.0,1,9552.0,9660.792,9084.232,-1510.0
906,2014-02-03,16468.0,1727.0,1.0,1.0,0,0.0,1.0,0.65282214,0.75751126,0.8660254,0.5,1,0,0,1,0.0,1,9880.0,1,9034.0,1,0.0,1,10879.0,1,8763.0,1,11037.0,1,9805.0,5796.4756,7065.514,-9880.0
906,2014-02-04,15765.0,1659.0,1.0,1.0,0,0.0,2.0,0.65282214,0.75751126,0.8660254,0.5,1,0,0,1,16468.0,1,0.0,1,11390.0,1,8775.0,1,10152.0,1,0.0,1,7952.0,1,8814.0,10065.085,9154.955,16468.0
906,2014-02-05,11486.0,1295.0,1.0,1.0,0,0.0,3.0,0.65282214,0.75751126,0.8660254,0.5,1,0,0,1,15765.0,1,16468.0,1,9880.0,1,7970.0,1,10838.0,1,14517.0,1,0.0,1,0.0,12345.051,10623.8545,-703.0
906,2014-02-06,13028.0,1526.0,1.0,1.0,0,0.0,4.0,0.65282214,0.75751126,0.8660254,0.5,1,0,0,1,11486.0,1,15765.0,1,0.0,1,8384.0,1,7679.0,1,12860.0,1,8332.0,1,18966.0,12001.431,10815.442,-4279.0
906,2014-02-07,10848.0,1347.0,1.0,1.0,0,0.0,5.0,0.65282214,0.75751126,0.8660254,0.5,1,0,0,1,13028.0,1,11486.0,1,16468.0,1,9034.0,1,0.0,1,10879.0,1,7713.0,1,18886.0,12412.059,11307.122,1542.0
906,2014-02-08,8733.0,1087.0,1.0,0.0,0,0.0,6.0,0.65282214,0.75751126,0.8660254,0.5,1,0,0,1,10848.0,1,13028.0,1,15765.0,1,11390.0,1,8775.0,1,10152.0,1,8570.0,1,15895.0,11786.435,11205.095,-2180.0
906,2014-02-09,0.0,0.0,0.0,0.0,0,0.0,7.0,0.65282214,0.75751126,0.8660254,0.5,1,0,0,1,8733.0,1,10848.0,1,11486.0,1,9880.0,1,7970.0,1,10838.0,1,7358.0,1,14057.0,10565.061,10655.74,-2115.0
906,2014-02-10,9328.0,1287.0,1.0,0.0,0,0.0,1.0,0.73783326,0.674983,0.8660254,0.5,1,0,0,1,0.0,1,8733.0,1,13028.0,1,0.0,1,8384.0,1,7679.0,1,8461.0,1,13529.0,6339.0366,8287.798,-8733.0
906,2014-02-11,9065.0,1216.0,1.0,0.0,0,0.0,2.0,0.73783326,0.674983,0.8660254,0.5,1,0,0,1,9328.0,1,0.0,1,10848.0,1,16468.0,1,9034.0,1,0.0,1,8763.0,1,12420.0,7534.622,8518.954,9328.0
906,2014-02-12,9061.0,1180.0,1.0,0.0,0,0.0,3.0,0.73783326,0.674983,0.8660254,0.5,1,0,0,1,9065.0,1,9328.0,1,8733.0,1,15765.0,1,11390.0,1,8775.0,1,0.0,1,0.0,8146.773,8640.298,-263.0
906,2014-02-13,8295.0,1076.0,1.0,0.0,0,0.0,4.0,0.73783326,0.674983,0.8660254,0.5,1,0,0,1,9061.0,1,9065.0,1,0.0,1,11486.0,1,9880.0,1,7970.0,1,14517.0,1,16676.0,8512.464,8733.787,-4.0
906,2014-02-14,11301.0,1395.0,1.0,0.0,0,0.0,5.0,0.73783326,0.674983,0.8660254,0.5,1,0,0,1,8295.0,1,9061.0,1,9328.0,1,13028.0,1,0.0,1,8384.0,1,12860.0,1,8384.0,8425.479,8636.278,-766.0
906,2014-02-15,8697.0,1115.0,1.0,0.0,0,0.0,6.0,0.73783326,0.674983,0.8660254,0.5,1,0,0,1,11301.0,1,8295.0,1,9065.0,1,10848.0,1,16468.0,1,9034.0,1,10879.0,1,0.0,9575.687,9228.439,3006.0
906,2014-02-16,0.0,0.0,0.0,0.0,0,0.0,7.0,0.73783326,0.674983,0.8660254,0.5,1,0,0,1,8697.0,1,11301.0,1,9061.0,1,8733.0,1,15765.0,1,11390.0,1,10152.0,1,0.0,9224.212,9110.342,-2604.0
906,2014-02-17,15599.0,1729.0,1.0,1.0,0,0.0,1.0,0.8124869,0.5829795,0.8660254,0.5,1,0,0,1,0.0,1,8697.0,1,8295.0,1,0.0,1,11486.0,1,9880.0,1,10838.0,1,10429.0,5534.5273,7085.8213,-8697.0
906,2014-02-18,12419.0,1494.0,1.0,1.0,0,0.0,2.0,0.8124869,0.5829795,0.8660254,0.5,1,0,0,1,15599.0,1,0.0,1,11301.0,1,9328.0,1,13028.0,1,0.0,1,7679.0,1,8973.0,9560.316,8977.639,15599.0
906,2014-02-19,11176.0,1344.0,1.0,1.0,0,0.0,3.0,0.8124869,0.5829795,0.8660254,0.5,1,0,0,1,12419.0,1,15599.0,1,8697.0,1,9065.0,1,10848.0,1,16468.0,1,0.0,1,0.0,10703.79,9742.386,-3180.0
906,2014-02-20,11226.0,1346.0,1.0,1.0,0,0.0,4.0,0.8124869,0.5829795,0.8660254,0.5,1,0,0,1,11176.0,1,12419.0,1,0.0,1,9061.0,1,8733.0,1,15765.0,1,8775.0,1,15369.0,10892.674,10060.967,-1243.0
906,2014-02-21,10756.0,1301.0,1.0,1.0,0,0.0,5.0,0.8124869,0.5829795,0.8660254,0.5,1,0,0,1,11226.0,1,11176.0,1,15599.0,1,8295.0,1,0.0,1,11486.0,1,7970.0,1,7562.0,11026.004,10319.863,50.0
906,2014-02-22,7784.0,1055.0,1.0,0.0,0,0.0,6.0,0.8124869,0.5829795,0.8660254,0.5,1,0,0,1,10756.0,1,11226.0,1,12419.0,1,11301.0,1,9328.0,1,13028.0,1,8384.0,1,0.0,10918.003,10416.782,-470.0
906,2014-02-23,0.0,0.0,0.0,0.0,0,0.0,7.0,0.8124869,0.5829795,0.8660254,0.5,1,0,0,1,7784.0,1,10756.0,1,11176.0,1,8697.0,1,9065.0,1,10848.0,1,9034.0,1,8794.0,9664.401,9831.72,-2972.0
906,2014-02-24,8464.0,1188.0,1.0,0.0,0,0.0,1.0,0.8757349,0.4827922,0.8660254,0.5,1,0,0,1,0.0,1,7784.0,1,11226.0,1,0.0,1,9061.0,1,8733.0,1,11390.0,1,9679.0,5798.641,7646.893,-7784.0
906,2014-02-25,7850.0,1070.0,1.0,0.0,0,0.0,2.0,0.8757349,0.4827922,0.8660254,0.5,1,0,0,1,8464.0,1,0.0,1,10756.0,1,15599.0,1,8295.0,1,0.0,1,9880.0,1,8386.0,6864.7847,7828.472,8464.0
906,2014-02-26,7403.0,1045.0,1.0,0.0,0,0.0,3.0,0.8757349,0.4827922,0.8660254,0.5,1,0,0,1,7850.0,1,8464.0,1,7784.0,1,12419.0,1,11301.0,1,9328.0,1,0.0,1,0.0,7258.8706,7833.2563,-614.0
906,2014-02-27,8326.0,1126.0,1.0,0.0,0,0.0,4.0,0.8757349,0.4827922,0.8660254,0.5,1,0,0,1,7403.0,1,7850.0,1,0.0,1,11176.0,1,8697.0,1,9065.0,1,16468.0,1,15812.0,7316.5225,7737.6436,-447.0
906,2014-02-28,12009.0,1372.0,1.0,0.0,0,0.0,5.0,0.8757349,0.4827922,0.8660254,0.5,1,0,1,1,8326.0,1,7403.0,1,8464.0,1,11226.0,1,0.0,1,9061.0,1,15765.0,1,13429.0,7720.3135,7868.3896,923.0
906,2014-03-01,10709.0,1262.0,1.0,0.0,0,0.0,6.0,0.8757349,0.4827922,1.0,6.123234e-17,1,1,0,1,12009.0,1,8326.0,1,7850.0,1,10756.0,1,15599.0,1,8295.0,1,11486.0,1,10891.0,9435.788,8788.525,3683.0
906,2014-03-02,0.0,0.0,0.0,0.0,0,0.0,7.0,0.8757349,0.4827922,1.0,6.123234e-17,1,0,0,1,10709.0,1,12009.0,1,7403.0,1,7784.0,1,12419.0,1,11301.0,1,13028.0,1,10617.0,9945.073,9215.298,-1300.0
906,2014-03-03,16833.0,1755.0,1.0,1.0,0,0.0,1.0,0.9266896,0.37582758,1.0,6.123234e-17,1,0,0,1,0.0,1,10709.0,1,8326.0,1,0.0,1,11176.0,1,8697.0,1,10848.0,1,11037.0,5967.044,7167.4536,-10709.0
906,2014-03-04,14141.0,1622.0,1.0,1.0,0,0.0,2.0,0.9266896,0.37582758,1.0,6.123234e-17,1,0,0,1,16833.0,1,0.0,1,12009.0,1,8464.0,1,11226.0,1,0.0,1,8733.0,1,7952.0,10313.426,9315.353,16833.0
906,2014-03-05,12096.0,1475.0,1.0,1.0,0,0.0,3.0,0.9266896,0.37582758,1.0,6.123234e-17,1,0,0,1,14141.0,1,16833.0,1,10709.0,1,7850.0,1,10756.0,1,15599.0,1,0.0,1,0.0,11844.456,10387.719,-2692.0
906,2014-03-06,10997.0,1358.0,1.0,1.0,0,0.0,4.0,0.9266896,0.37582758,1.0,6.123234e-17,1,0,0,1,12096.0,1,14141.0,1,0.0,1,7403.0,1,7784.0,1,12419.0,1,9328.0,1,8332.0,11945.073,10767.337,-2045.0
906,2014-03-07,11438.0,1428.0,1.0,1.0,0,0.0,5.0,0.9266896,0.37582758,1.0,6.123234e-17,1,0,0,1,10997.0,1,12096.0,1,16833.0,1,8326.0,1,0.0,1,11176.0,1,9065.0,1,7713.0,11565.844,10818.373,-1099.0
906,2014-03-08,9022.0,1134.0,1.0,0.0,0,0.0,6.0,0.9266896,0.37582758,1.0,6.123234e-17,1,0,0,1,11438.0,1,10997.0,1,14141.0,1,12009.0,1,8464.0,1,11226.0,1,9061.0,1,8570.0,11514.706,10956.068,441.0
906,2014-03-09,0.0,0.0,0.0,0.0,0,0.0,7.0,0.9266896,0.37582758,1.0,6.123234e-17,1,0,0,1,9022.0,1,11438.0,1,12096.0,1,10709.0,1,7850.0,1,10756.0,1,8295.0,1,7358.0,10517.624,10526.275,-2416.0
906,2014-03-10,9498.0,1318.0,1.0,0.0,0,0.0,1.0,0.9646356,0.26358718,1.0,6.123234e-17,1,0,0,1,0.0,1,9022.0,1,10997.0,1,0.0,1,7403.0,1,7784.0,1,11301.0,1,8461.0,6310.574,8187.103,-9022.0
906,2014-03-11,8310.0,1155.0,1.0,0.0,0,0.0,2.0,0.9646356,0.26358718,1.0,6.123234e-17,1,0,0,1,9498.0,1,0.0,1,11438.0,1,16833.0,1,8326.0,1,0.0,1,8697.0,1,8763.0,7585.5444,8478.413,9498.0
906,2014-03-12,8077.0,1089.0,1.0,0.0,0,0.0,3.0,0.9646356,0.26358718,1.0,6.123234e-17,1,0,0,1,8310.0,1,9498.0,1,9022.0,1,14141.0,1,12009.0,1,8464.0,1,0.0,1,0.0,7875.3267,8440.988,-1188.0
906,2014-03-13,7994.0,1135.0,1.0,0.0,0,0.0,4.0,0.9646356,0.26358718,1.0,6.123234e-17,1,0,0,1,8077.0,1,8310.0,1,0.0,1,12096.0,1,10709.0,1,7850.0,1,15599.0,1,14517.0,7955.996,8360.102,-233.0
906,2014-03-14,9570.0,1194.0,1.0,0.0,0,0.0,5.0,0.9646356,0.26358718,1.0,6.123234e-17,1,0,0,1,7994.0,1,8077.0,1,9498.0,1,10997.0,1,0.0,1,7403.0,1,12419.0,1,12860.0,7971.1978,8278.746,-83.0
906,2014-03-15,8354.0,1042.0,1.0,0.0,0,0.0,6.0,0.9646356,0.26358718,1.0,6.123234e-17,1,0,0,1,9570.0,1,7994.0,1,8310.0,1,11438.0,1,16833.0,1,8326.0,1,11176.0,1,10879.0,8610.719,8565.691,1576.0
906,2014-03-16,0.0,0.0,0.0,0.0,0,0.0,7.0,0.9646356,0.26358718,1.0,6.123234e-17,1,0,0,1,8354.0,1,9570.0,1,8077.0,1,9022.0,1,14141.0,1,12009.0,1,11226.0,1,10152.0,8508.031,8518.648,-1216.0
906,2014-03-17,14792.0,1665.0,1.0,1.0,0,0.0,1.0,0.9890402,0.14764656,1.0,6.123234e-17,1,0,0,1,0.0,1,8354.0,1,7994.0,1,0.0,1,12096.0,1,10709.0,1,10756.0,1,10838.0,5104.819,6625.6157,-8354.0
906,2014-03-18,12162.0,1452.0,1.0,1.0,0,0.0,2.0,0.9890402,0.14764656,1.0,6.123234e-17,1,0,0,1,14792.0,1,0.0,1,9570.0,1,9498.0,1,10997.0,1,0.0,1,7784.0,1,7679.0,8979.691,8440.368,14792.0
906,2014-03-19,9800.0,1161.0,1.0,1.0,0,0.0,3.0,0.9890402,0.14764656,1.0,6.123234e-17,1,0,0,1,12162.0,1,14792.0,1,8354.0,1,8310.0,1,11438.0,1,16833.0,1,0.0,1,0.0,10252.614,9267.397,-2630.0
906,2014-03-20,9628.0,1178.0,1.0,1.0,0,0.0,4.0,0.9890402,0.14764656,1.0,6.123234e-17,1,0,0,1,9800.0,1,12162.0,1,0.0,1,8077.0,1,9022.0,1,14141.0,1,8464.0,1,8775.0,10071.568,9385.753,-2362.0
906,2014-03-21,9858.0,1169.0,1.0,1.0,0,0.0,5.0,0.9890402,0.14764656,1.0,6.123234e-17,1,0,0,1,9628.0,1,9800.0,1,14792.0,1,7994.0,1,0.0,1,12096.0,1,7850.0,1,7970.0,9894.142,9439.586,-172.0
906,2014-03-22,8172.0,1045.0,1.0,0.0,0,0.0,6.0,0.9890402,0.14764656,1.0,6.123234e-17,1,0,0,1,9858.0,1,9628.0,1,12162.0,1,9570.0,1,9498.0,1,10997.0,1,7403.0,1,8384.0,9879.685,9532.566,230.0
906,2014-03-23,0.0,0.0,0.0,0.0,0,0.0,7.0,0.9890402,0.14764656,1.0,6.123234e-17,1,0,0,1,8172.0,1,9858.0,1,9800.0,1,8354.0,1,8310.0,1,11438.0,1,8326.0,1,9034.0,9196.611,9230.219,-1686.0
906,2014-03-24,9668.0,1267.0,1.0,0.0,0,0.0,1.0,0.99956083,0.029633328,1.0,6.123234e-17,1,0,0,1,0.0,1,8172.0,1,9628.0,1,0.0,1,8077.0,1,9022.0,1,12009.0,1,11390.0,5517.9663,7179.059,-8172.0
906,2014-03-25,7896.0,1102.0,1.0,0.0,0,0.0,2.0,0.99956083,0.029633328,1.0,6.123234e-17,1,0,0,1,9668.0,1,0.0,1,9858.0,1,14792.0,1,7994.0,1,0.0,1,10709.0,1,9880.0,7177.98,7732.1567,9668.0
906,2014-03-26,7937.0,1051.0,1.0,0.0,0,0.0,3.0,0.99956083,0.029633328,1.0,6.123234e-17,1,0,0,1,7896.0,1,9668.0,1,8172.0,1,12162.0,1,9570.0,1,9498.0,1,0.0,1,0.0,7465.188,7768.5664,-1772.0
906,2014-03-27,8643.0,1127.0,1.0,0.0,0,0.0,4.0,0.99956083,0.029633328,1.0,6.123234e-17,1,0,0,1,7937.0,1,7896.0,1,0.0,1,9800.0,1,8354.0,1,8310.0,1,16833.0,1,16468.0,7653.9126,7805.996,41.0
906,2014-03-28,8896.0,1178.0,1.0,0.0,0,0.0,5.0,0.99956083,0.029633328,1.0,6.123234e-17,1,0,0,1,8643.0,1,7937.0,1,9668.0,1,9628.0,1,0.0,1,8077.0,1,14141.0,1,15765.0,8049.548,7991.997,706.0
906,2014-03-29,8200.0,1093.0,1.0,0.0,0,0.0,6.0,0.99956083,0.029633328,1.0,6.123234e-17,1,0,0,1,8896.0,1,8643.0,1,7896.0,1,9858.0,1,14792.0,1,7994.0,1,12096.0,1,11486.0,8388.129,8192.887,253.0
906,2014-03-30,0.0,0.0,0.0,0.0,0,0.0,7.0,0.99956083,0.029633328,1.0,6.123234e-17,1,0,0,1,8200.0,1,8896.0,1,7937.0,1,8172.0,1,12162.0,1,9570.0,1,10997.0,1,13028.0,8312.877,8194.468,-696.0
906,2014-03-31,18117.0,1796.0,1.0,1.0,0,0.0,1.0,0.9960498,-0.08879589,1.0,6.123234e-17,1,0,1,1,0.0,1,8200.0,1,8643.0,1,0.0,1,9800.0,1,8354.0,1,11438.0,1,10848.0,4987.726,6373.4746,-8200.0
906,2014-04-01,15098.0,1634.0,1.0,1.0,0,0.0,2.0,0.9960498,-0.08879589,0.8660254,-0.5,2,1,0,1,18117.0,1,0.0,1,8896.0,1,9668.0,1,9628.0,1,0.0,1,9022.0,1,8733.0,10239.436,8983.146,18117.0
906,2014-04-02,12492.0,1434.0,1.0,1.0,0,0.0,3.0,0.9960498,-0.08879589,0.8660254,-0.5,2,0,0,1,15098.0,1,18117.0,1,8200.0,1,7896.0,1,9858.0,1,14792.0,1,0.0,1,0.0,12182.861,10342.003,-3019.0
906,2014-04-03,12154.0,1442.0,1.0,1.0,0,0.0,4.0,0.9960498,-0.08879589,0.8660254,-0.5,2,0,0,1,12492.0,1,15098.0,1,0.0,1,7937.0,1,8172.0,1,12162.0,1,9498.0,1,9328.0,12306.517,10819.78,-2606.0
906,2014-04-04,11486.0,1397.0,1.0,1.0,0,0.0,5.0,0.9960498,-0.08879589,0.8660254,-0.5,2,0,0,1,12154.0,1,12492.0,1,18117.0,1,8643.0,1,0.0,1,9800.0,1,8310.0,1,9065.0,12245.51,11116.273,-338.0
906,2014-04-05,9973.0,1105.0,1.0,0.0,0,0.0,6.0,0.9960498,-0.08879589,0.8660254,-0.5,2,0,0,1,11486.0,1,12154.0,1,15098.0,1,8896.0,1,9668.0,1,9628.0,1,8077.0,1,9061.0,11941.706,11198.435,-668.0
906,2014-04-06,0.0,0.0,0.0,0.0,0,0.0,7.0,0.9960498,-0.08879589,0.8660254,-0.5,2,0,0,1,9973.0,1,11486.0,1,12492.0,1,8200.0,1,7896.0,1,9858.0,1,7994.0,1,8295.0,11154.224,10926.116,-1513.0
906,2014-04-07,9457.0,1258.0,1.0,0.0,0,0.0,1.0,0.9785565,-0.20597862,0.8660254,-0.5,2,0,0,1,0.0,1,9973.0,1,12154.0,1,0.0,1,7937.0,1,8172.0,1,9570.0,1,11301.0,6692.534,8498.09,-9973.0
906,2014-04-08,9312.0,1142.0,1.0,0.0,0,0.0,2.0,0.9785565,-0.20597862,0.8660254,-0.5,2,0,0,1,9457.0,1,0.0,1,11486.0,1,18117.0,1,8643.0,1,0.0,1,8354.0,1,8697.0,7798.3203,8711.182,9457.0
906,2014-04-09,9368.0,1226.0,1.0,0.0,0,0.0,3.0,0.9785565,-0.20597862,0.8660254,-0.5,2,0,0,1,9312.0,1,9457.0,1,9973.0,1,15098.0,1,8896.0,1,9668.0,1,0.0,1,0.0,8403.792,8844.696,-145.0
906,2014-04-10,9121.0,1187.0,1.0,0.0,0,0.0,4.0,0.9785565,-0.20597862,0.8660254,-0.5,2,0,0,1,9368.0,1,9312.0,1,0.0,1,12492.0,1,8200.0,1,7896.0,1,14792.0,1,15599.0,8789.476,8960.986,56.0
906,2014-04-11,9937.0,1213.0,1.0,0.0,0,0.0,5.0,0.9785565,-0.20597862,0.8660254,-0.5,2,0,0,1,9121.0,1,9368.0,1,9457.0,1,12154.0,1,0.0,1,7937.0,1,12162.0,1,12419.0,8922.085,8996.545,-247.0
906,2014-04-12,8796.0,1103.0,1.0,0.0,0,0.0,6.0,0.9785565,-0.20597862,0.8660254,-0.5,2,0,0,1,9937.0,1,9121.0,1,9312.0,1,11486.0,1,18117.0,1,8643.0,1,9800.0,1,11176.0,9328.051,9205.535,816.0
906,2014-04-13,0.0,0.0,0.0,0.0,0,0.0,7.0,0.9785565,-0.20597862,0.8660254,-0.5,2,0,0,1,8796.0,1,9937.0,1,9368.0,1,9973.0,1,15098.0,1,8896.0,1,9628.0,1,11226.0,9115.23,9114.527,-1141.0
906,2014-04-14,16068.0,1652.0,1.0,1.0,0,1.0,1.0,0.94732636,-0.32026985,0.8660254,-0.5,2,0,0,1,0.0,1,8796.0,1,9121.0,1,0.0,1,12492.0,1,8200.0,1,9858.0,1,10756.0,5469.138,7089.0767,-8796.0
906,2014-04-15,14318.0,1543.0,1.0,1.0,0,1.0,2.0,0.94732636,-0.32026985,0.8660254,-0.5,2,0,0,1,16068.0,1,0.0,1,9937.0,1,9457.0,1,12154.0,1,0.0,1,8172.0,1,7784.0,9708.683,9084.393,16068.0
906,2014-04-16,14492.0,1587.0,1.0,1.0,0,1.0,3.0,0.94732636,-0.32026985,0.8660254,-0.5,2,0,0,1,14318.0,1,16068.0,1,8796.0,1,9312.0,1,11486.0,1,18117.0,1,0.0,1,0.0,11552.41,10247.417,-1750.0
906,2014-04-17,14376.0,1685.0,1.0,1.0,0,1.0,4.0,0.94732636,-0.32026985,0.8660254,-0.5,2,0,0,1,14492.0,1,14318.0,1,0.0,1,9368.0,1,9973.0,1,15098.0,1,9668.0,1,8464.0,12728.246,11190.657,174.0
906,2014-04-18,0.0,0.0,0.0,1.0,2,1.0,5.0,0.94732636,-0.32026985,0.8660254,-0.5,2,0,0,1,14376.0,1,14492.0,1,16068.0,1,9121.0,1,0.0,1,12492.0,1,7896.0,1,7850.0,13387.348,11898.512,-116.0
906,2014-04-19,11112.0,1450.0,1.0,0.0,0,1.0,6.0,0.94732636,-0.32026985,0.8660254,-0.5,2,0,0,1,0.0,1,14376.0,1,14318.0,1,9937.0,1,9457.0,1,12154.0,1,7937.0,1,7403.0,8032.4087,9254.397,-14376.0
906,2014-04-20,0.0,0.0,0.0,0.0,0,1.0,7.0,0.94732636,-0.32026985,0.8660254,-0.5,2,0,0,1,11112.0,1,0.0,1,14492.0,1,8796.0,1,9312.0,1,11486.0,1,8643.0,1,8326.0,9264.245,9667.198,11112.0
906,2014-04-21,0.0,0.0,0.0,0.0,2,1.0,1.0,0.9027978,-0.4300652,0.8660254,-0.5,2,0,0,1,0.0,1,11112.0,1,14376.0,1,0.0,1,9368.0,1,9973.0,1,8896.0,1,12009.0,5558.547,7518.932,-11112.0
906,2014-04-22,8973.0,1180.0,1.0,0.0,0,1.0,2.0,0.9027978,-0.4300652,0.8660254,-0.5,2,0,0,1,0.0,1,0.0,1,0.0,1,16068.0,1,9121.0,1,0.0,1,8200.0,1,10709.0,3335.1282,5848.058,0.0
906,2014-04-23,8051.0,1103.0,1.0,0.0,0,1.0,3.0,0.9027978,-0.4300652,0.8660254,-0.5,2,0,0,1,8973.0,1,0.0,1,11112.0,1,14318.0,1,9937.0,1,9457.0,1,0.0,1,0.0,5590.277,6542.4897,8973.0
906,2014-04-24,8117.0,1070.0,1.0,0.0,0,1.0,4.0,0.9027978,-0.4300652,0.8660254,-0.5,2,0,0,1,8051.0,1,8973.0,1,0.0,1,14492.0,1,8796.0,1,9312.0,1,18117.0,1,16833.0,6574.5664,6877.7144,-922.0
906,2014-04-25,7999.0,1089.0,1.0,0.0,0,1.0,5.0,0.9027978,-0.4300652,0.8660254,-0.5,2,0,0,1,8117.0,1,8051.0,1,0.0,1,14376.0,1,0.0,1,9368.0,1,15098.0,1,14141.0,7191.5396,7153.111,66.0
906,2014-04-26,8447.0,1050.0,1.0,0.0,0,0.0,6.0,0.9027978,-0.4300652,0.8660254,-0.5,2,0,0,1,7999.0,1,8117.0,1,8973.0,1,0.0,1,16068.0,1,9121.0,1,12492.0,1,12096.0,7514.524,7341.0864,-118.0
906,2014-04-27,0.0,0.0,0.0,0.0,0,0.0,7.0,0.9027978,-0.4300652,0.8660254,-0.5,2,0,0,1,8447.0,1,7999.0,1,8051.0,1,11112.0,1,14318.0,1,9937.0,1,12154.0,1,10997.0,7887.514,7586.8447,448.0
906,2014-04-28,15441.0,1648.0,1.0,1.0,0,0.0,1.0,0.845596,-0.5338234,0.8660254,-0.5,2,0,0,1,0.0,1,8447.0,1,8117.0,1,0.0,1,14492.0,1,8796.0,1,11486.0,1,11438.0,4732.509,5900.8794,-8447.0
906,2014-04-29,12803.0,1487.0,1.0,1.0,0,0.0,2.0,0.845596,-0.5338234,0.8660254,-0.5,2,0,0,1,15441.0,1,0.0,1,7999.0,1,0.0,1,14376.0,1,0.0,1,9973.0,1,9022.0,9015.905,8020.9062,15441.0
906,2014-04-30,17251.0,1811.0,1.0,1.0,0,0.0,3.0,0.845596,-0.5338234,0.8660254,-0.5,2,0,1,1,12803.0,1,15441.0,1,8447.0,1,8973.0,1,0.0,1,16068.0,1,0.0,1,0.0,10530.743,9083.594,-2638.0
906,2014-05-01,0.0,0.0,0.0,1.0,1,0.0,4.0,0.845596,-0.5338234,0.5,-0.8660254,2,1,0,1,17251.0,1,12803.0,1,0.0,1,8051.0,1,11112.0,1,14318.0,1,9457.0,1,9498.0,13218.846,10898.573,4448.0
906,2014-05-02,18124.0,1815.0,1.0,1.0,0,0.0,5.0,0.845596,-0.5338234,0.5,-0.8660254,2,0,0,1,0.0,1,17251.0,1,15441.0,1,8117.0,1,0.0,1,14492.0,1,9312.0,1,8310.0,7931.3076,8476.668,-17251.0
906,2014-05-03,10285.0,1255.0,1.0,0.0,0,0.0,6.0,0.845596,-0.5338234,0.5,-0.8660254,2,0,0,1,18124.0,1,0.0,1,12803.0,1,7999.0,1,0.0,1,14376.0,1,9368.0,1,8077.0,12008.385,10620.52,18124.0
906,2014-05-04,0.0,0.0,0.0,0.0,0,0.0,7.0,0.845596,-0.5338234,0.5,-0.8660254,2,0,0,1,10285.0,1,18124.0,1,17251.0,1,8447.0,1,8973.0,1,0.0,1,9121.0,1,7994.0,11319.03,10545.96,-7839.0
906,2014-05-05,15220.0,1681.0,1.0,1.0,0,0.0,1.0,0.7765239,-0.63008785,0.5,-0.8660254,2,0,0,1,0.0,1,10285.0,1,0.0,1,0.0,1,8051.0,1,11112.0,1,9937.0,1,9570.0,6791.4185,8202.413,-10285.0
906,2014-05-06,12902.0,1450.0,1.0,1.0,0,0.0,2.0,0.7765239,-0.63008785,0.5,-0.8660254,2,0,0,1,15220.0,1,0.0,1,18124.0,1,15441.0,1,8117.0,1,0.0,1,8796.0,1,8354.0,10162.851,9761.877,15220.0
906,2014-05-07,11876.0,1364.0,1.0,1.0,0,0.0,3.0,0.7765239,-0.63008785,0.5,-0.8660254,2,0,0,1,12902.0,1,15220.0,1,10285.0,1,12803.0,1,7999.0,1,0.0,1,0.0,1,0.0,11258.511,10459.682,-2318.0
906,2014-05-08,11669.0,1406.0,1.0,1.0,0,0.0,4.0,0.7765239,-0.63008785,0.5,-0.8660254,2,0,0,1,11876.0,1,12902.0,1,0.0,1,17251.0,1,8447.0,1,8973.0,1,16068.0,1,14792.0,11505.507,10774.419,-1026.0
906,2014-05-09,11901.0,1407.0,1.0,1.0,0,0.0,5.0,0.7765239,-0.63008785,0.5,-0.8660254,2,0,0,1,11669.0,1,11876.0,1,15220.0,1,0.0,1,0.0,1,8051.0,1,14318.0,1,12162.0,11570.904,10973.215,-207.0
906,2014-05-10,8149.0,1107.0,1.0,0.0,0,0.0,6.0,0.7765239,-0.63008785,0.5,-0.8660254,2,0,0,1,11901.0,1,11669.0,1,12902.0,1,18124.0,1,15441.0,1,8117.0,1,14492.0,1,9800.0,11702.942,11179.39,232.0
906,2014-05-11,0.0,0.0,0.0,0.0,0,0.0,7.0,0.7765239,-0.63008785,0.5,-0.8660254,2,0,0,1,8149.0,1,11901.0,1,11876.0,1,10285.0,1,12803.0,1,7999.0,1,14376.0,1,9628.0,10281.365,10505.97,-3752.0
906,2014-05-12,9268.0,1307.0,1.0,0.0,0,0.0,1.0,0.696551,-0.71750724,0.5,-0.8660254,2,0,0,1,0.0,1,8149.0,1,11669.0,1,0.0,1,17251.0,1,8447.0,1,0.0,1,9858.0,6168.8193,8171.3096,-8149.0
906,2014-05-13,8849.0,1190.0,1.0,0.0,0,0.0,2.0,0.696551,-0.71750724,0.5,-0.8660254,2,0,0,1,9268.0,1,0.0,1,11901.0,1,15220.0,1,0.0,1,0.0,1,11112.0,1,8172.0,7408.4917,8415.019,9268.0
906,2014-05-14,8656.0,1134.0,1.0,0.0,0,0.0,3.0,0.696551,-0.71750724,0.5,-0.8660254,2,0,0,1,8849.0,1,9268.0,1,8149.0,1,12902.0,1,18124.0,1,15441.0,1,0.0,1,0.0,7984.695,8511.459,-419.0
906,2014-05-15,9224.0,1171.0,1.0,0.0,0,0.0,4.0,0.696551,-0.71750724,0.5,-0.8660254,2,0,0,1,8656.0,1,8849.0,1,0.0,1,11876.0,1,10285.0,1,12803.0,1,0.0,1,9668.0,8253.217,8543.579,-193.0
906,2014-05-16,8606.0,1146.0,1.0,0.0,0,0.0,5.0,0.696551,-0.71750724,0.5,-0.8660254,2,0,0,1,9224.0,1,8656.0,1,9268.0,1,11669.0,1,0.0,1,17251.0,1,8973.0,1,7896.0,8641.53,8694.784,568.0
906,2014-05-17,8973.0,1113.0,1.0,0.0,0,0.0,6.0,0.696551,-0.71750724,0.5,-0.8660254,2,0,0,1,8606.0,1,9224.0,1,8849.0,1,11901.0,1,15220.0,1,0.0,1,8051.0,1,7937.0,8627.318,8675.054,-618.0
906,2014-05-18,0.0,0.0,0.0,0.0,0,0.0,7.0,0.696551,-0.71750724,0.5,-0.8660254,2,0,0,1,8973.0,1,8606.0,1,8656.0,1,8149.0,1,12902.0,1,18124.0,1,8117.0,1,8643.0,8765.591,8741.265,367.0
906,2014-05-19,14546.0,1584.0,1.0,1.0,0,0.0,1.0,0.60680014,-0.79485446,0.5,-0.8660254,2,0,0,1,0.0,1,8973.0,1,9224.0,1,0.0,1,11876.0,1,10285.0,1,7999.0,1,8896.0,5259.3545,6798.761,-8973.0
906,2014-05-20,11095.0,1338.0,1.0,1.0,0,0.0,2.0,0.60680014,-0.79485446,0.5,-0.8660254,2,0,0,1,14546.0,1,0.0,1,8606.0,1,9268.0,1,11669.0,1,0.0,1,8447.0,1,8200.0,8974.013,8520.37,14546.0
906,2014-05-21,10589.0,1303.0,1.0,1.0,0,0.0,3.0,0.60680014,-0.79485446,0.5,-0.8660254,2,0,0,1,11095.0,1,14546.0,1,8973.0,1,8849.0,1,11901.0,1,15220.0,1,0.0,1,0.0,9822.407,9092.51,-3451.0
906,2014-05-22,10089.0,1273.0,1.0,1.0,0,0.0,4.0,0.60680014,-0.79485446,0.5,-0.8660254,2,0,0,1,10589.0,1,11095.0,1,0.0,1,8656.0,1,8149.0,1,12902.0,1,15441.0,1,18117.0,10129.045,9425.063,-506.0
906,2014-05-23,9922.0,1266.0,1.0,1.0,0,0.0,5.0,0.60680014,-0.79485446,0.5,-0.8660254,2,0,0,1,10089.0,1,10589.0,1,14546.0,1,9224.0,1,0.0,1,11876.0,1,12803.0,1,15098.0,10113.026,9572.6045,-500.0
906,2014-05-24,8153.0,1025.0,1.0,0.0,0,0.0,6.0,0.60680014,-0.79485446,0.5,-0.8660254,2,0,0,1,9922.0,1,10089.0,1,11095.0,1,8606.0,1,9268.0,1,11669.0,1,17251.0,1,12492.0,10036.616,9650.248,-167.0
906,2014-05-25,0.0,0.0,0.0,0.0,0,0.0,7.0,0.60680014,-0.79485446,0.5,-0.8660254,2,0,0,1,8153.0,1,9922.0,1,10589.0,1,8973.0,1,8849.0,1,11901.0,1,0.0,1,12154.0,9283.17,9317.526,-1769.0
906,2014-05-26,8166.0,1102.0,1.0,0.0,0,0.0,1.0,0.5085311,-0.86104363,0.5,-0.8660254,2,0,0,1,0.0,1,8153.0,1,10089.0,1,0.0,1,8656.0,1,8149.0,1,18124.0,1,11486.0,5569.902,7246.965,-8153.0
906,2014-05-27,8639.0,1124.0,1.0,0.0,0,0.0,2.0,0.5085311,-0.86104363,0.5,-0.8660254,2,0,0,1,8166.0,1,0.0,1,9922.0,1,14546.0,1,9224.0,1,0.0,1,10285.0,1,9973.0,6608.3413,7451.195,8166.0
906,2014-05-28,9989.0,1257.0,1.0,0.0,0,0.0,3.0,0.5085311,-0.86104363,0.5,-0.8660254,2,0,0,1,8639.0,1,8166.0,1,8153.0,1,11095.0,1,8606.0,1,9268.0,1,0.0,1,0.0,7420.6045,7715.1514,473.0
906,2014-05-29,0.0,0.0,0.0,0.0,1,0.0,4.0,0.5085311,-0.86104363,0.5,-0.8660254,2,0,0,1,9989.0,1,8639.0,1,0.0,1,10589.0,1,8973.0,1,8849.0,1,15220.0,1,9457.0,8447.963,8220.451,1350.0
906,2014-05-30,14443.0,1524.0,1.0,0.0,0,0.0,5.0,0.5085311,-0.86104363,0.5,-0.8660254,2,0,0,1,0.0,1,9989.0,1,8166.0,1,10089.0,1,0.0,1,8656.0,1,12902.0,1,9312.0,5068.778,6393.684,-9989.0
906,2014-05-31,10201.0,1189.0,1.0,0.0,0,0.0,6.0,0.5085311,-0.86104363,0.5,-0.8660254,2,0,1,1,14443.0,1,0.0,1,8639.0,1,9922.0,1,14546.0,1,9224.0,1,11876.0,1,9368.0,8818.467,8182.421,14443.0
906,2014-06-01,0.0,0.0,0.0,0.0,0,0.0,7.0,0.5085311,-0.86104363,1.2246469e-16,-1.0,2,1,0,1,10201.0,1,14443.0,1,9989.0,1,8153.0,1,11095.0,1,8606.0,1,11669.0,1,9121.0,9371.4795,8630.994,-4242.0
906,2014-06-02,17304.0,1832.0,1.0,1.0,0,0.0,1.0,0.40312344,-0.91514564,1.2246469e-16,-1.0,2,0,0,1,0.0,1,10201.0,1,0.0,1,0.0,1,10589.0,1,8973.0,1,11901.0,1,9937.0,5622.888,6712.9956,-10201.0
906,2014-06-03,12944.0,1474.0,1.0,1.0,0,0.0,2.0,0.40312344,-0.91514564,1.2246469e-16,-1.0,2,0,0,1,17304.0,1,0.0,1,14443.0,1,8166.0,1,10089.0,1,0.0,1,8149.0,1,8796.0,10295.333,9066.552,17304.0
906,2014-06-04,12015.0,1415.0,1.0,1.0,0,0.0,3.0,0.40312344,-0.91514564,1.2246469e-16,-1.0,2,0,0,1,12944.0,1,17304.0,1,10201.0,1,8639.0,1,9922.0,1,14546.0,1,0.0,1,0.0,11354.8,9928.207,-4360.0
906,2014-06-05,13106.0,1500.0,1.0,1.0,0,0.0,4.0,0.40312344,-0.91514564,1.2246469e-16,-1.0,2,0,0,1,12015.0,1,12944.0,1,0.0,1,9989.0,1,8153.0,1,11095.0,1,9268.0,1,16068.0,11618.88,10391.938,-929.0
906,2014-06-06,12559.0,1468.0,1.0,1.0,0,0.0,5.0,0.40312344,-0.91514564,1.2246469e-16,-1.0,2,0,0,1,13106.0,1,12015.0,1,17304.0,1,0.0,1,0.0,1,10589.0,1,8849.0,1,14318.0,12213.728,10995.063,1091.0
906,2014-06-07,9884.0,1204.0,1.0,0.0,0,0.0,6.0,0.40312344,-0.91514564,1.2246469e-16,-1.0,2,0,0,1,12559.0,1,13106.0,1,12944.0,1,14443.0,1,8166.0,1,10089.0,1,8656.0,1,14492.0,12351.837,11342.605,-547.0
906,2014-06-08,0.0,0.0,0.0,0.0,0,0.0,7.0,0.40312344,-0.91514564,1.2246469e-16,-1.0,2,0,0,1,9884.0,1,12559.0,1,12015.0,1,10201.0,1,8639.0,1,9922.0,1,9224.0,1,14376.0,11364.702,11018.471,-2675.0
906,2014-06-09,0.0,0.0,0.0,0.0,1,0.0,1.0,0.29205677,-0.956401,1.2246469e-16,-1.0,2,0,0,1,0.0,1,9884.0,1,13106.0,1,0.0,1,9989.0,1,8153.0,1,8606.0,1,0.0,6818.8213,8569.922,-9884.0
906,2014-06-10,13214.0,1262.0,1.0,0.0,0,0.0,2.0,0.29205677,-0.956401,1.2246469e-16,-1.0,2,0,0,1,0.0,1,0.0,1,12559.0,1,17304.0,1,0.0,1,0.0,1,8973.0,1,11112.0,4091.2927,6665.4946,0.0
906,2014-06-11,9396.0,1205.0,1.0,0.0,0,0.0,3.0,0.29205677,-0.956401,1.2246469e-16,-1.0,2,0,0,1,13214.0,1,0.0,1,9884.0,1,12944.0,1,14443.0,1,8166.0,1,0.0,1,0.0,7740.3755,8120.718,13214.0
906,2014-06-12,9137.0,1236.0,1.0,0.0,0,0.0,4.0,0.29205677,-0.956401,1.2246469e-16,-1.0,2,0,0,1,9396.0,1,13214.0,1,0.0,1,12015.0,1,10201.0,1,8639.0,1,14546.0,1,0.0,8402.625,8404.114,-3818.0
906,2014-06-13,9749.0,1241.0,1.0,0.0,0,0.0,5.0,0.29205677,-0.956401,1.2246469e-16,-1.0,2,0,0,1,9137.0,1,9396.0,1,0.0,1,13106.0,1,0.0,1,9989.0,1,11095.0,1,8973.0,8696.375,8566.978,-259.0
906,2014-06-14,9161.0,1152.0,1.0,0.0,0,0.0,6.0,0.29205677,-0.956401,1.2246469e-16,-1.0,2,0,0,1,9749.0,1,9137.0,1,13214.0,1,12559.0,1,17304.0,1,0.0,1,10589.0,1,8051.0,9117.425,8829.649,612.0
906,2014-06-15,0.0,0.0,0.0,0.0,0,0.0,7.0,0.29205677,-0.956401,1.2246469e-16,-1.0,2,0,0,1,9161.0,1,9749.0,1,9396.0,1,9884.0,1,12944.0,1,14443.0,1,10089.0,1,8117.0,9134.855,8903.282,-588.0
906,2014-06-16,15092.0,1622.0,1.0,1.0,0,0.0,1.0,0.17689027,-0.9842306,1.2246469e-16,-1.0,2,0,0,1,0.0,1,9161.0,1,9137.0,1,0.0,1,12015.0,1,10201.0,1,9922.0,1,7999.0,5480.913,6924.7754,-9161.0
906,2014-06-17,18675.0,1466.0,1.0,1.0,0,0.0,2.0,0.17689027,-0.9842306,1.2246469e-16,-1.0,2,0,0,1,15092.0,1,0.0,1,9749.0,1,0.0,1,13106.0,1,0.0,1,8153.0,1,8447.0,9325.348,8739.714,15092.0
906,2014-06-18,13753.0,1586.0,1.0,1.0,0,0.0,3.0,0.17689027,-0.9842306,1.2246469e-16,-1.0,2,0,0,1,18675.0,1,15092.0,1,9161.0,1,13214.0,1,12559.0,1,17304.0,1,0.0,1,0.0,13065.209,10947.556,3583.0
906,2014-06-19,0.0,0.0,0.0,1.0,1,0.0,4.0,0.17689027,-0.9842306,1.2246469e-16,-1.0,2,0,0,1,13753.0,1,18675.0,1,0.0,1,9396.0,1,9884.0,1,12944.0,1,8166.0,1,15441.0,13340.325,11570.987,-4922.0
906,2014-06-20,13676.0,1576.0,1.0,1.0,0,0.0,5.0,0.17689027,-0.9842306,1.2246469e-16,-1.0,2,0,0,1,0.0,1,13753.0,1,15092.0,1,9137.0,1,0.0,1,12015.0,1,8639.0,1,12803.0,8004.1953,8999.657,-13753.0
906,2014-06-21,9374.0,1114.0,1.0,0.0,0,0.0,6.0,0.17689027,-0.9842306,1.2246469e-16,-1.0,2,0,0,1,13676.0,1,0.0,1,18675.0,1,9749.0,1,0.0,1,13106.0,1,9989.0,1,17251.0,10272.917,10038.845,13676.0
906,2014-06-22,0.0,0.0,0.0,0.0,0,0.0,7.0,0.17689027,-0.9842306,1.2246469e-16,-1.0,2,0,0,1,9374.0,1,13676.0,1,13753.0,1,9161.0,1,13214.0,1,12559.0,1,0.0,1,0.0,9913.351,9891.102,-4302.0
906,2014-06-23,9548.0,1279.0,1.0,0.0,0,0.0,1.0,0.059240628,-0.99824375,1.2246469e-16,-1.0,2,0,0,1,0.0,1,9374.0,1,0.0,1,0.0,1,9396.0,1,9884.0,1,14443.0,1,18124.0,5948.0103,7693.0786,-9374.0
906,2014-06-24,8188.0,1114.0,1.0,0.0,0,0.0,2.0,0.059240628,-0.99824375,1.2246469e-16,-1.0,2,0,0,1,9548.0,1,0.0,1,13676.0,1,15092.0,1,9137.0,1,0.0,1,10201.0,1,10285.0,7388.006,8105.283,9548.0
906,2014-06-25,8187.0,1042.0,1.0,0.0,0,0.0,3.0,0.059240628,-0.99824375,1.2246469e-16,-1.0,2,0,0,1,8188.0,1,9548.0,1,9374.0,1,18675.0,1,9749.0,1,0.0,1,0.0,1,0.0,7708.0034,8123.665,-1360.0
906,2014-06-26,7791.0,1065.0,1.0,0.0,0,0.0,4.0,0.059240628,-0.99824375,1.2246469e-16,-1.0,2,0,0,1,8187.0,1,8188.0,1,0.0,1,13753.0,1,9161.0,1,13214.0,1,17304.0,1,15220.0,7899.602,8137.7393,-1.0
906,2014-06-27,9901.0,1214.0,1.0,0.0,0,0.0,5.0,0.059240628,-0.99824375,1.2246469e-16,-1.0,2,0,0,1,7791.0,1,8187.0,1,9548.0,1,0.0,1,0.0,1,9396.0,1,12944.0,1,12902.0,7856.161,8060.686,-396.0
906,2014-06-28,9583.0,1102.0,1.0,0.0,0,0.0,6.0,0.059240628,-0.99824375,1.2246469e-16,-1.0,2,0,0,1,9901.0,1,7791.0,1,8188.0,1,13676.0,1,15092.0,1,9137.0,1,12015.0,1,11876.0,8674.097,8469.645,2110.0
906,2014-06-29,0.0,0.0,0.0,0.0,0,0.0,7.0,0.059240628,-0.99824375,1.2246469e-16,-1.0,2,0,0,1,9583.0,1,9901.0,1,8187.0,1,9374.0,1,18675.0,1,9749.0,1,13106.0,1,11669.0,9037.658,8717.057,-318.0
906,2014-06-30,18770.0,1894.0,1.0,1.0,0,0.0,1.0,-0.059240628,-0.99824375,1.2246469e-16,-1.0,2,0,1,1,0.0,1,9583.0,1,7791.0,1,0.0,1,13753.0,1,9161.0,1,12559.0,1,11901.0,5422.5947,6779.933,-9583.0
906,2014-07-01,14841.0,1604.0,1.0,1.0,0,0.0,2.0,-0.059240628,-0.99824375,-0.5,-0.8660254,3,1,0,1,18770.0,1,0.0,1,9901.0,1,9548.0,1,0.0,1,0.0,1,9884.0,1,8149.0,10761.557,9444.393,18770.0
906,2014-07-02,12482.0,1477.0,1.0,1.0,0,0.0,3.0,-0.059240628,-0.99824375,-0.5,-0.8660254,3,0,0,1,14841.0,1,18770.0,1,9583.0,1,8188.0,1,13676.0,1,15092.0,1,0.0,1,0.0,12393.334,10643.639,-3929.0
906,2014-07-03,11590.0,1398.0,1.0,1.0,0,0.0,4.0,-0.059240628,-0.99824375,-0.5,-0.8660254,3,0,0,1,12482.0,1,14841.0,1,0.0,1,8187.0,1,9374.0,1,18675.0,1,0.0,1,9268.0,12428.801,11052.163,-2359.0
906,2014-07-04,11839.0,1362.0,1.0,1.0,0,0.0,5.0,-0.059240628,-0.99824375,-0.5,-0.8660254,3,0,0,1,11590.0,1,12482.0,1,18770.0,1,7791.0,1,0.0,1,13753.0,1,13214.0,1,8849.0,12093.28,11171.683,-892.0
906,2014-07-05,8627.0,1080.0,1.0,0.0,0,0.0,6.0,-0.059240628,-0.99824375,-0.5,-0.8660254,3,0,0,1,11839.0,1,11590.0,1,14841.0,1,9901.0,1,9548.0,1,0.0,1,9396.0,1,8656.0,11991.568,11319.976,249.0
906,2014-07-06,0.0,0.0,0.0,0.0,0,0.0,7.0,-0.059240628,-0.99824375,-0.5,-0.8660254,3,0,0,1,8627.0,1,11839.0,1,12482.0,1,9583.0,1,8188.0,1,13676.0,1,9137.0,1,9224.0,10645.741,10721.536,-3212.0
906,2014-07-07,10610.0,1366.0,1.0,0.0,0,0.0,1.0,-0.17689027,-0.9842306,-0.5,-0.8660254,3,0,0,1,0.0,1,8627.0,1,11590.0,1,0.0,1,8187.0,1,9374.0,1,9749.0,1,8606.0,6387.4443,8338.973,-8627.0
906,2014-07-08,8583.0,1135.0,1.0,0.0,0,0.0,2.0,-0.17689027,-0.9842306,-0.5,-0.8660254,3,0,0,1,10610.0,1,0.0,1,11839.0,1,18770.0,1,7791.0,1,0.0,1,9161.0,1,8973.0,8076.467,8843.6455,10610.0
906,2014-07-09,7227.0,939.0,1.0,0.0,0,0.0,3.0,-0.17689027,-0.9842306,-0.5,-0.8660254,3,0,0,1,8583.0,1,10610.0,1,8627.0,1,14841.0,1,9901.0,1,9548.0,1,0.0,1,0.0,8279.08,8785.725,-2027.0
906,2014-07-10,9581.0,1253.0,1.0,0.0,0,0.0,4.0,-0.17689027,-0.9842306,-0.5,-0.8660254,3,0,0,1,7227.0,1,8583.0,1,0.0,1,12482.0,1,9583.0,1,8188.0,1,15092.0,1,14546.0,7858.248,8439.341,-1356.0
906,2014-07-11,8929.0,1119.0,1.0,0.0,0,0.0,5.0,-0.17689027,-0.9842306,-0.5,-0.8660254,3,0,0,1,9581.0,1,7227.0,1,10610.0,1,11590.0,1,0.0,1,8187.0,1,18675.0,1,11095.0,8547.349,8693.043,2354.0
906,2014-07-12,9406.0,1117.0,1.0,0.0,0,0.0,6.0,-0.17689027,-0.9842306,-0.5,-0.8660254,3,0,0,1,8929.0,1,9581.0,1,8583.0,1,11839.0,1,18770.0,1,7791.0,1,13753.0,1,10589.0,8700.01,8745.478,-652.0
906,2014-07-13,0.0,0.0,0.0,0.0,0,0.0,7.0,-0.17689027,-0.9842306,-0.5,-0.8660254,3,0,0,1,9406.0,1,8929.0,1,7227.0,1,8627.0,1,14841.0,1,9901.0,1,0.0,1,10089.0,8982.405,8892.261,477.0
906,2014-07-14,15750.0,1681.0,1.0,1.0,0,0.0,1.0,-0.29205677,-0.956401,-0.5,-0.8660254,3,0,0,1,0.0,1,9406.0,1,9581.0,1,0.0,1,12482.0,1,9583.0,1,13676.0,1,9922.0,5389.4434,6916.2026,-9406.0
906,2014-07-15,14195.0,1546.0,1.0,1.0,0,0.0,2.0,-0.29205677,-0.956401,-0.5,-0.8660254,3,0,0,1,15750.0,1,0.0,1,8929.0,1,10610.0,1,11590.0,1,0.0,1,9374.0,1,8153.0,9533.666,8879.269,15750.0
906,2014-07-16,12574.0,1420.0,1.0,1.0,0,0.0,3.0,-0.29205677,-0.956401,-0.5,-0.8660254,3,0,0,1,14195.0,1,15750.0,1,9406.0,1,8583.0,1,11839.0,1,18770.0,1,0.0,1,0.0,11398.199,10060.542,-1555.0
906,2014-07-17,12517.0,1406.0,1.0,1.0,0,0.0,4.0,-0.29205677,-0.956401,-0.5,-0.8660254,3,0,0,1,12574.0,1,14195.0,1,0.0,1,7227.0,1,8627.0,1,14841.0,1,9548.0,1,8166.0,11868.52,10619.089,-1621.0
906,2014-07-18,12070.0,1421.0,1.0,1.0,0,0.0,5.0,-0.29205677,-0.956401,-0.5,-0.8660254,3,0,0,1,12517.0,1,12574.0,1,15750.0,1,9581.0,1,0.0,1,12482.0,1,8188.0,1,8639.0,12127.912,11040.847,-57.0
906,2014-07-19,8736.0,1095.0,1.0,0.0,0,0.0,6.0,-0.29205677,-0.956401,-0.5,-0.8660254,3,0,0,1,12070.0,1,12517.0,1,14195.0,1,8929.0,1,10610.0,1,11590.0,1,8187.0,1,9989.0,12104.747,11269.548,-447.0
906,2014-07-20,0.0,0.0,0.0,0.0,0,0.0,7.0,-0.29205677,-0.956401,-0.5,-0.8660254,3,0,0,1,8736.0,1,12070.0,1,12574.0,1,9406.0,1,8583.0,1,11839.0,1,7791.0,1,0.0,10757.248,10706.537,-3334.0
906,2014-07-21,10375.0,1271.0,1.0,0.0,0,0.0,1.0,-0.40312344,-0.91514564,-0.5,-0.8660254,3,0,0,1,0.0,1,8736.0,1,12517.0,1,0.0,1,7227.0,1,8627.0,1,9901.0,1,14443.0,6454.349,8327.307,-8736.0
906,2014-07-22,9670.0,1233.0,1.0,0.0,0,0.0,2.0,-0.40312344,-0.91514564,-0.5,-0.8660254,3,0,0,1,10375.0,1,0.0,1,12070.0,1,15750.0,1,9581.0,1,0.0,1,9583.0,1,10201.0,8022.6094,8782.35,10375.0
906,2014-07-23,8817.0,1139.0,1.0,0.0,0,0.0,3.0,-0.40312344,-0.91514564,-0.5,-0.8660254,3,0,0,1,9670.0,1,10375.0,1,8736.0,1,14195.0,1,8929.0,1,10610.0,1,0.0,1,0.0,8681.565,8979.605,-705.0
906,2014-07-24,9294.0,1165.0,1.0,0.0,0,0.0,4.0,-0.40312344,-0.91514564,-0.5,-0.8660254,3,0,0,1,8817.0,1,9670.0,1,0.0,1,12574.0,1,9406.0,1,8583.0,1,18770.0,1,17304.0,8735.739,8943.471,-853.0
906,2014-07-25,9973.0,1179.0,1.0,0.0,0,0.0,5.0,-0.40312344,-0.91514564,-0.5,-0.8660254,3,0,0,1,9294.0,1,8817.0,1,10375.0,1,12517.0,1,0.0,1,7227.0,1,14841.0,1,12944.0,8959.044,9021.366,477.0
906,2014-07-26,9579.0,1080.0,1.0,0.0,0,0.0,6.0,-0.40312344,-0.91514564,-0.5,-0.8660254,3,0,0,1,9973.0,1,9294.0,1,9670.0,1,12070.0,1,15750.0,1,9581.0,1,12482.0,1,12015.0,9364.626,9232.84,679.0
906,2014-07-27,0.0,0.0,0.0,0.0,0,0.0,7.0,-0.40312344,-0.91514564,-0.5,-0.8660254,3,0,0,1,9579.0,1,9973.0,1,8817.0,1,8736.0,1,14195.0,1,8929.0,1,11590.0,1,13106.0,9450.376,9309.765,-394.0
906,2014-07-28,13506.0,1402.0,1.0,1.0,0,1.0,1.0,-0.5085311,-0.86104363,-0.5,-0.8660254,3,0,0,1,0.0,1,9579.0,1,9294.0,1,0.0,1,12574.0,1,9406.0,1,11839.0,1,12559.0,5670.2256,7240.928,-9579.0
906,2014-07-29,11440.0,1284.0,1.0,1.0,0,1.0,2.0,-0.5085311,-0.86104363,-0.5,-0.8660254,3,0,0,1,13506.0,1,0.0,1,9973.0,1,10375.0,1,12517.0,1,0.0,1,8627.0,1,9884.0,8804.535,8633.166,13506.0
906,2014-07-30,12807.0,1351.0,1.0,1.0,0,1.0,3.0,-0.5085311,-0.86104363,-0.5,-0.8660254,3,0,0,1,11440.0,1,13506.0,1,9579.0,1,9670.0,1,12070.0,1,15750.0,1,0.0,1,0.0,9858.721,9256.907,-2066.0
906,2014-07-31,16195.0,1654.0,1.0,1.0,0,0.0,4.0,-0.5085311,-0.86104363,-0.5,-0.8660254,3,0,1,1,12807.0,1,11440.0,1,0.0,1,8817.0,1,8736.0,1,14195.0,1,10610.0,1,0.0,11038.032,10045.816,1367.0
906,2014-08-01,13978.0,1544.0,1.0,1.0,0,1.0,5.0,-0.5085311,-0.86104363,-0.8660254,-0.5,3,1,0,1,16195.0,1,12807.0,1,13506.0,1,9294.0,1,0.0,1,12574.0,1,8583.0,1,13214.0,13100.819,11412.302,3388.0
906,2014-08-02,9490.0,1107.0,1.0,0.0,0,1.0,6.0,-0.5085311,-0.86104363,-0.8660254,-0.5,3,0,0,1,13978.0,1,16195.0,1,11440.0,1,9973.0,1,10375.0,1,12517.0,1,7227.0,1,9396.0,13451.691,11982.457,-2217.0
906,2014-08-03,0.0,0.0,0.0,0.0,0,1.0,7.0,-0.5085311,-0.86104363,-0.8660254,-0.5,3,0,0,1,9490.0,1,13978.0,1,12807.0,1,9579.0,1,9670.0,1,12070.0,1,9581.0,1,9137.0,11867.015,11428.578,-4488.0
906,2014-08-04,14640.0,1563.0,1.0,1.0,0,1.0,1.0,-0.60680014,-0.79485446,-0.8660254,-0.5,3,0,0,1,0.0,1,9490.0,1,16195.0,1,0.0,1,8817.0,1,8736.0,1,8929.0,1,9749.0,7120.209,8888.894,-9490.0
906,2014-08-05,12596.0,1429.0,1.0,1.0,0,1.0,2.0,-0.60680014,-0.79485446,-0.8660254,-0.5,3,0,0,1,14640.0,1,0.0,1,13978.0,1,13506.0,1,9294.0,1,0.0,1,9406.0,1,9161.0,10128.125,10166.917,14640.0
906,2014-08-06,11274.0,1279.0,1.0,1.0,0,1.0,3.0,-0.60680014,-0.79485446,-0.8660254,-0.5,3,0,0,1,12596.0,1,14640.0,1,9490.0,1,11440.0,1,9973.0,1,10375.0,1,0.0,1,0.0,11115.275,10706.714,-2044.0
906,2014-08-07,10132.0,1229.0,1.0,1.0,0,1.0,4.0,-0.60680014,-0.79485446,-0.8660254,-0.5,3,0,0,1,11274.0,1,12596.0,1,0.0,1,12807.0,1,9579.0,1,9670.0,1,15750.0,1,15092.0,11178.766,10832.777,-1322.0
906,2014-08-08,10509.0,1188.0,1.0,1.0,0,1.0,5.0,-0.60680014,-0.79485446,-0.8660254,-0.5,3,0,0,1,10132.0,1,11274.0,1,14640.0,1,16195.0,1,0.0,1,8817.0,1,14195.0,1,18675.0,10760.06,10677.049,-1142.0
906,2014-08-09,8321.0,1013.0,1.0,0.0,0,1.0,6.0,-0.60680014,-0.79485446,-0.8660254,-0.5,3,0,0,1,10509.0,1,10132.0,1,12596.0,1,13978.0,1,13506.0,1,9294.0,1,12574.0,1,13753.0,10659.636,10639.705,377.0
906,2014-08-10,0.0,0.0,0.0,0.0,0,1.0,7.0,-0.60680014,-0.79485446,-0.8660254,-0.5,3,0,0,1,8321.0,1,10509.0,1,11274.0,1,9490.0,1,11440.0,1,9973.0,1,12517.0,1,0.0,9724.182,10124.437,-2188.0
906,2014-08-11,9963.0,1207.0,1.0,0.0,0,1.0,1.0,-0.696551,-0.71750724,-0.8660254,-0.5,3,0,0,1,0.0,1,8321.0,1,10132.0,1,0.0,1,12807.0,1,9579.0,1,12070.0,1,13676.0,5834.509,7874.562,-8321.0
906,2014-08-12,8642.0,1132.0,1.0,0.0,0,1.0,2.0,-0.696551,-0.71750724,-0.8660254,-0.5,3,0,0,1,9963.0,1,0.0,1,10509.0,1,14640.0,1,16195.0,1,0.0,1,8736.0,1,9374.0,7485.9053,8338.659,9963.0
906,2014-08-13,7787.0,917.0,1.0,0.0,0,1.0,3.0,-0.696551,-0.71750724,-0.8660254,-0.5,3,0,0,1,8642.0,1,9963.0,1,8321.0,1,12596.0,1,13978.0,1,13506.0,1,0.0,1,0.0,7948.3433,8406.068,-1321.0
906,2014-08-14,8450.0,1102.0,1.0,0.0,0,1.0,4.0,-0.696551,-0.71750724,-0.8660254,-0.5,3,0,0,1,7787.0,1,8642.0,1,0.0,1,11274.0,1,9490.0,1,11440.0,1,10375.0,1,9548.0,7883.8057,8268.498,-855.0
906,2014-08-15,7718.0,962.0,1.0,0.0,0,1.0,5.0,-0.696551,-0.71750724,-0.8660254,-0.5,3,0,0,1,8450.0,1,7787.0,1,9963.0,1,10132.0,1,0.0,1,12807.0,1,9670.0,1,8188.0,8110.2837,8308.831,663.0
906,2014-08-16,8348.0,1048.0,1.0,0.0,0,1.0,6.0,-0.696551,-0.71750724,-0.8660254,-0.5,3,0,0,1,7718.0,1,8450.0,1,8642.0,1,10509.0,1,14640.0,1,16195.0,1,8817.0,1,8187.0,7953.37,8177.5356,-732.0
906,2014-08-17,0.0,0.0,0.0,0.0,0,1.0,7.0,-0.696551,-0.71750724,-0.8660254,-0.5,3,0,0,1,8348.0,1,7718.0,1,7787.0,1,8321.0,1,12596.0,1,13978.0,1,9294.0,1,7791.0,8111.222,8215.417,630.0
906,2014-08-18,12278.0,1391.0,1.0,1.0,0,1.0,1.0,-0.7765239,-0.63008785,-0.8660254,-0.5,3,0,0,1,0.0,1,8348.0,1,8450.0,1,0.0,1,11274.0,1,9490.0,1,9973.0,1,9901.0,4866.7334,6389.7686,-8348.0
906,2014-08-19,11703.0,1337.0,1.0,1.0,0,1.0,2.0,-0.7765239,-0.63008785,-0.8660254,-0.5,3,0,0,1,12278.0,1,0.0,1,7718.0,1,9963.0,1,10132.0,1,0.0,1,9579.0,1,9583.0,7831.2397,7698.264,12278.0
906,2014-08-20,10548.0,1199.0,1.0,1.0,0,1.0,3.0,-0.7765239,-0.63008785,-0.8660254,-0.5,3,0,0,1,11703.0,1,12278.0,1,8348.0,1,8642.0,1,10509.0,1,14640.0,1,0.0,1,0.0,9379.944,8588.206,-575.0
906,2014-08-21,9977.0,1209.0,1.0,1.0,0,1.0,4.0,-0.7765239,-0.63008785,-0.8660254,-0.5,3,0,0,1,10548.0,1,11703.0,1,0.0,1,7787.0,1,8321.0,1,12596.0,1,13506.0,1,18770.0,9847.166,9023.716,-1155.0
906,2014-08-22,9995.0,1198.0,1.0,1.0,0,1.0,5.0,-0.7765239,-0.63008785,-0.8660254,-0.5,3,0,0,1,9977.0,1,10548.0,1,12278.0,1,8450.0,1,0.0,1,11274.0,1,11440.0,1,14841.0,9899.1,9235.557,-571.0
906,2014-08-23,8065.0,956.0,1.0,0.0,0,1.0,6.0,-0.7765239,-0.63008785,-0.8660254,-0.5,3,0,0,1,9995.0,1,9977.0,1,11703.0,1,7718.0,1,9963.0,1,10132.0,1,12807.0,1,12482.0,9937.46,9404.321,18.0
906,2014-08-24,0.0,0.0,0.0,0.0,0,1.0,7.0,-0.7765239,-0.63008785,-0.8660254,-0.5,3,0,0,1,8065.0,1,9995.0,1,10548.0,1,8348.0,1,8642.0,1,10509.0,1,16195.0,1,11590.0,9188.476,9106.694,-1930.0
906,2014-08-25,8333.0,1118.0,1.0,0.0,0,1.0,1.0,-0.845596,-0.5338234,-0.8660254,-0.5,3,0,0,1,0.0,1,8065.0,1,9977.0,1,0.0,1,7787.0,1,8321.0,1,13978.0,1,11839.0,5513.0854,7082.985,-8065.0
906,2014-08-26,7144.0,946.0,1.0,0.0,0,1.0,2.0,-0.845596,-0.5338234,-0.8660254,-0.5,3,0,0,1,8333.0,1,0.0,1,9995.0,1,12278.0,1,8450.0,1,0.0,1,9490.0,1,8627.0,6641.0513,7360.766,8333.0
906,2014-08-27,8335.0,1042.0,1.0,0.0,0,1.0,3.0,-0.845596,-0.5338234,-0.8660254,-0.5,3,0,0,1,7144.0,1,8333.0,1,8065.0,1,11703.0,1,7718.0,1,9963.0,1,0.0,1,0.0,6842.231,7312.5957,-1189.0
906,2014-08-28,8534.0,1043.0,1.0,0.0,0,1.0,4.0,-0.845596,-0.5338234,-0.8660254,-0.5,3,0,0,1,8335.0,1,7144.0,1,0.0,1,10548.0,1,8348.0,1,8642.0,1,14640.0,1,10610.0,7439.3384,7539.797,1191.0
906,2014-08-29,10755.0,1221.0,1.0,0.0,0,1.0,5.0,-0.845596,-0.5338234,-0.8660254,-0.5,3,0,0,1,8534.0,1,8335.0,1,8333.0,1,9977.0,1,0.0,1,7787.0,1,12596.0,1,8583.0,7877.203,7760.731,199.0
906,2014-08-30,9387.0,1107.0,1.0,0.0,0,1.0,6.0,-0.845596,-0.5338234,-0.8660254,-0.5,3,0,0,1,10755.0,1,8534.0,1,7144.0,1,9995.0,1,12278.0,1,8450.0,1,11274.0,1,7227.0,9028.322,8426.124,2221.0
906,2014-08-31,0.0,0.0,0.0,0.0,0,1.0,7.0,-0.845596,-0.5338234,-0.8660254,-0.5,3,0,1,1,9387.0,1,10755.0,1,8335.0,1,8065.0,1,11703.0,1,7718.0,1,10132.0,1,9581.0,9171.793,8639.652,-1368.0
906,2014-09-01,15082.0,1626.0,1.0,1.0,0,1.0,1.0,-0.9027978,-0.4300652,-1.0,-1.8369701e-16,3,1,0,1,0.0,1,9387.0,1,8534.0,1,0.0,1,10548.0,1,8348.0,1,10509.0,1,8929.0,5503.0757,6719.7295,-9387.0
906,2014-09-02,11710.0,1339.0,1.0,1.0,0,1.0,2.0,-0.9027978,-0.4300652,-1.0,-1.8369701e-16,3,0,0,1,15082.0,1,0.0,1,10755.0,1,8333.0,1,9977.0,1,0.0,1,8321.0,1,9406.0,9334.6455,8578.012,15082.0
906,2014-09-03,11480.0,1264.0,1.0,1.0,0,1.0,3.0,-0.9027978,-0.4300652,-1.0,-1.8369701e-16,3,0,0,1,11710.0,1,15082.0,1,9387.0,1,7144.0,1,9995.0,1,12278.0,1,0.0,1,0.0,10284.787,9274.009,-3372.0
906,2014-09-04,11577.0,1295.0,1.0,1.0,0,1.0,4.0,-0.9027978,-0.4300652,-1.0,-1.8369701e-16,3,0,0,1,11480.0,1,11710.0,1,0.0,1,8335.0,1,8065.0,1,11703.0,1,9963.0,1,15750.0,10762.872,9764.2295,-230.0
906,2014-09-05,11757.0,1320.0,1.0,1.0,0,1.0,5.0,-0.9027978,-0.4300652,-1.0,-1.8369701e-16,3,0,0,1,11577.0,1,11480.0,1,15082.0,1,8534.0,1,0.0,1,10548.0,1,8642.0,1,14195.0,11088.523,10167.067,97.0
906,2014-09-06,9030.0,1098.0,1.0,0.0,0,0.0,6.0,-0.9027978,-0.4300652,-1.0,-1.8369701e-16,3,0,0,1,11757.0,1,11577.0,1,11710.0,1,10755.0,1,8333.0,1,9977.0,1,7787.0,1,12574.0,11355.914,10520.386,180.0
906,2014-09-07,0.0,0.0,0.0,0.0,0,0.0,7.0,-0.9027978,-0.4300652,-1.0,-1.8369701e-16,3,0,0,1,9030.0,1,11757.0,1,11480.0,1,9387.0,1,7144.0,1,9995.0,1,8450.0,1,12517.0,10425.549,10189.188,-2727.0
906,2014-09-08,9631.0,1301.0,1.0,0.0,0,0.0,1.0,-0.94732636,-0.32026985,-1.0,-1.8369701e-16,3,0,0,1,0.0,1,9030.0,1,11577.0,1,0.0,1,8335.0,1,8065.0,1,7718.0,1,12070.0,6255.329,7924.925,-9030.0
906,2014-09-09,8147.0,1160.0,1.0,0.0,0,0.0,2.0,-0.94732636,-0.32026985,-1.0,-1.8369701e-16,3,0,0,1,9631.0,1,0.0,1,11757.0,1,15082.0,1,8534.0,1,0.0,1,8348.0,1,8736.0,7605.5977,8304.053,9631.0
906,2014-09-10,8886.0,1134.0,1.0,0.0,0,0.0,3.0,-0.94732636,-0.32026985,-1.0,-1.8369701e-16,3,0,0,1,8147.0,1,9631.0,1,9030.0,1,11710.0,1,10755.0,1,8333.0,1,0.0,1,0.0,7822.1587,8269.152,-1484.0
906,2014-09-11,8130.0,1089.0,1.0,0.0,0,0.0,4.0,-0.94732636,-0.32026985,-1.0,-1.8369701e-16,3,0,0,1,8886.0,1,8147.0,1,0.0,1,11480.0,1,9387.0,1,7144.0,1,12278.0,1,10375.0,8247.695,8406.2295,739.0
906,2014-09-12,8102.0,1056.0,1.0,0.0,0,0.0,5.0,-0.94732636,-0.32026985,-1.0,-1.8369701e-16,3,0,0,1,8130.0,1,8886.0,1,9631.0,1,11577.0,1,0.0,1,8335.0,1,11703.0,1,9670.0,8200.617,8344.845,-756.0
906,2014-09-13,8960.0,1112.0,1.0,0.0,0,0.0,6.0,-0.94732636,-0.32026985,-1.0,-1.8369701e-16,3,0,0,1,8102.0,1,8130.0,1,8147.0,1,11757.0,1,15082.0,1,8534.0,1,10548.0,1,8817.0,8161.1704,8290.88,-28.0
906,2014-09-14,0.0,0.0,0.0,0.0,0,0.0,7.0,-0.94732636,-0.32026985,-1.0,-1.8369701e-16,3,0,0,1,8960.0,1,8102.0,1,8886.0,1,9030.0,1,11710.0,1,10755.0,1,9977.0,1,9294.0,8480.702,8439.573,858.0
906,2014-09-15,14168.0,1582.0,1.0,1.0,0,0.0,1.0,-0.9785565,-0.20597862,-1.0,-1.8369701e-16,3,0,0,1,0.0,1,8960.0,1,8130.0,1,0.0,1,11480.0,1,9387.0,1,9995.0,1,9973.0,5088.4214,6564.1123,-8960.0
906,2014-09-16,12497.0,1433.0,1.0,1.0,0,0.0,2.0,-0.9785565,-0.20597862,-1.0,-1.8369701e-16,3,0,0,1,14168.0,1,0.0,1,8102.0,1,9631.0,1,11577.0,1,0.0,1,8065.0,1,9579.0,8720.253,8253.865,14168.0
906,2014-09-17,10779.0,1288.0,1.0,1.0,0,0.0,3.0,-0.9785565,-0.20597862,-1.0,-1.8369701e-16,3,0,0,1,12497.0,1,14168.0,1,8960.0,1,8147.0,1,11757.0,1,15082.0,1,0.0,1,0.0,10230.952,9196.784,-1671.0
906,2014-09-18,11141.0,1292.0,1.0,1.0,0,0.0,4.0,-0.9785565,-0.20597862,-1.0,-1.8369701e-16,3,0,0,1,10779.0,1,12497.0,1,0.0,1,8886.0,1,9030.0,1,11710.0,1,8333.0,1,13506.0,10450.171,9548.388,-1718.0
906,2014-09-19,11060.0,1316.0,1.0,1.0,0,0.0,5.0,-0.9785565,-0.20597862,-1.0,-1.8369701e-16,3,0,0,1,11141.0,1,10779.0,1,14168.0,1,8130.0,1,0.0,1,11480.0,1,7144.0,1,11440.0,10726.503,9902.302,362.0
906,2014-09-20,8883.0,1059.0,1.0,0.0,0,0.0,6.0,-0.9785565,-0.20597862,-1.0,-1.8369701e-16,3,0,0,1,11060.0,1,11141.0,1,12497.0,1,8102.0,1,9631.0,1,11577.0,1,8335.0,1,12807.0,10859.901,10159.567,-81.0
906,2014-09-21,0.0,0.0,0.0,0.0,0,0.0,7.0,-0.9785565,-0.20597862,-1.0,-1.8369701e-16,3,0,0,1,8883.0,1,11060.0,1,10779.0,1,8960.0,1,8147.0,1,11757.0,1,8534.0,1,16195.0,10069.141,9875.886,-2177.0
906,2014-09-22,9197.0,1214.0,1.0,0.0,0,0.0,1.0,-0.9960498,-0.08879589,-1.0,-1.8369701e-16,3,0,0,1,0.0,1,8883.0,1,11141.0,1,0.0,1,8886.0,1,9030.0,1,10755.0,1,13978.0,6041.4844,7681.2446,-8883.0
906,2014-09-23,8371.0,1085.0,1.0,0.0,0,0.0,2.0,-0.9960498,-0.08879589,-1.0,-1.8369701e-16,3,0,0,1,9197.0,1,0.0,1,11060.0,1,14168.0,1,8130.0,1,0.0,1,9387.0,1,9490.0,7303.691,8018.079,9197.0
906,2014-09-24,7776.0,1049.0,1.0,0.0,0,0.0,3.0,-0.9960498,-0.08879589,-1.0,-1.8369701e-16,3,0,0,1,8371.0,1,9197.0,1,8883.0,1,12497.0,1,8102.0,1,9631.0,1,0.0,1,0.0,7730.6143,8096.506,-826.0
906,2014-09-25,7731.0,1000.0,1.0,0.0,0,0.0,4.0,-0.9960498,-0.08879589,-1.0,-1.8369701e-16,3,0,0,1,7776.0,1,8371.0,1,0.0,1,10779.0,1,8960.0,1,8147.0,1,15082.0,1,14640.0,7748.7686,8025.2827,-595.0
906,2014-09-26,8021.0,1041.0,1.0,0.0,0,0.0,5.0,-0.9960498,-0.08879589,-1.0,-1.8369701e-16,3,0,0,1,7731.0,1,7776.0,1,9197.0,1,11141.0,1,0.0,1,8886.0,1,11710.0,1,12596.0,7741.661,7959.886,-45.0
906,2014-09-27,9433.0,1088.0,1.0,0.0,0,0.0,6.0,-0.9960498,-0.08879589,-1.0,-1.8369701e-16,3,0,0,1,8021.0,1,7731.0,1,8371.0,1,11060.0,1,14168.0,1,8130.0,1,11480.0,1,11274.0,7853.3965,7973.4673,290.0
906,2014-09-28,0.0,0.0,0.0,0.0,0,0.0,7.0,-0.9960498,-0.08879589,-1.0,-1.8369701e-16,3,0,0,1,9433.0,1,8021.0,1,7776.0,1,8883.0,1,12497.0,1,8102.0,1,11577.0,1,10132.0,8485.238,8297.808,1412.0
906,2014-09-29,13611.0,1531.0,1.0,1.0,0,0.0,1.0,-0.99956083,0.029633328,-1.0,-1.8369701e-16,3,0,0,1,0.0,1,9433.0,1,7731.0,1,0.0,1,10779.0,1,8960.0,1,11757.0,1,10509.0,5091.1426,6453.8506,-9433.0
906,2014-09-30,14179.0,1521.0,1.0,1.0,0,0.0,2.0,-0.99956083,0.029633328,-1.0,-1.8369701e-16,3,0,1,1,13611.0,1,0.0,1,8021.0,1,9197.0,1,11141.0,1,0.0,1,9030.0,1,8321.0,8499.086,8044.328,13611.0
906,2014-10-01,13692.0,1461.0,1.0,1.0,0,0.0,3.0,-0.99956083,0.029633328,-0.8660254,0.5,4,1,0,1,14179.0,1,13611.0,1,9433.0,1,8371.0,1,11060.0,1,14168.0,1,0.0,1,0.0,10771.052,9407.589,568.0
906,2014-10-02,15110.0,1649.0,1.0,1.0,0,0.0,4.0,-0.99956083,0.029633328,-0.8660254,0.5,4,0,0,1,13692.0,1,14179.0,1,0.0,1,7776.0,1,8883.0,1,12497.0,1,9631.0,1,9963.0,11939.431,10359.68,-487.0
906,2014-10-03,0.0,0.0,0.0,1.0,1,0.0,5.0,-0.99956083,0.029633328,-0.8660254,0.5,4,0,0,1,15110.0,1,13692.0,1,13611.0,1,7731.0,1,0.0,1,10779.0,1,8147.0,1,8642.0,13207.658,11415.307,1418.0
906,2014-10-04,11570.0,1247.0,1.0,0.0,0,0.0,6.0,-0.99956083,0.029633328,-0.8660254,0.5,4,0,0,1,0.0,1,15110.0,1,14179.0,1,8021.0,1,9197.0,1,11141.0,1,8886.0,1,7787.0,7924.595,8878.572,-15110.0
906,2014-10-05,0.0,0.0,0.0,0.0,0,0.0,7.0,-0.99956083,0.029633328,-0.8660254,0.5,4,0,0,1,11570.0,1,0.0,1,13692.0,1,9433.0,1,8371.0,1,11060.0,1,8130.0,1,8450.0,9382.757,9476.667,11570.0
906,2014-10-06,15381.0,1676.0,1.0,1.0,0,0.0,1.0,-0.9890402,0.14764656,-0.8660254,0.5,4,0,0,1,0.0,1,11570.0,1,15110.0,1,0.0,1,7776.0,1,8883.0,1,8102.0,1,7718.0,5629.6543,7370.741,-11570.0
906,2014-10-07,12591.0,1387.0,1.0,1.0,0,0.0,2.0,-0.9890402,0.14764656,-0.8660254,0.5,4,0,0,1,15381.0,1,0.0,1,0.0,1,13611.0,1,7731.0,1,0.0,1,8960.0,1,8348.0,9530.192,9150.799,15381.0
906,2014-10-08,11789.0,1297.0,1.0,1.0,0,0.0,3.0,-0.9890402,0.14764656,-0.8660254,0.5,4,0,0,1,12591.0,1,15381.0,1,11570.0,1,14179.0,1,8021.0,1,9197.0,1,0.0,1,0.0,10754.516,9915.288,-2790.0
906,2014-10-09,10635.0,1293.0,1.0,1.0,0,0.0,4.0,-0.9890402,0.14764656,-0.8660254,0.5,4,0,0,1,11789.0,1,12591.0,1,0.0,1,13692.0,1,9433.0,1,8371.0,1,14168.0,1,12278.0,11168.31,10331.668,-802.0
906,2014-10-10,12234.0,1418.0,1.0,1.0,0,0.0,5.0,-0.9890402,0.14764656,-0.8660254,0.5,4,0,0,1,10635.0,1,11789.0,1,15381.0,1,15110.0,1,0.0,1,7776.0,1,12497.0,1,11703.0,10954.985,10399.075,-1154.0
906,2014-10-11,9161.0,1102.0,1.0,0.0,0,0.0,6.0,-0.9890402,0.14764656,-0.8660254,0.5,4,0,0,1,12234.0,1,10635.0,1,12591.0,1,0.0,1,13611.0,1,7731.0,1,10779.0,1,10548.0,11466.592,10806.836,1599.0
906,2014-10-12,0.0,0.0,0.0,0.0,0,0.0,7.0,-0.9890402,0.14764656,-0.8660254,0.5,4,0,0,1,9161.0,1,12234.0,1,11789.0,1,11570.0,1,14179.0,1,8021.0,1,11141.0,1,9977.0,10544.3545,10441.095,-3073.0
906,2014-10-13,9316.0,1241.0,1.0,0.0,0,0.0,1.0,-0.9646356,0.26358718,-0.8660254,0.5,4,0,0,1,0.0,1,9161.0,1,10635.0,1,0.0,1,13692.0,1,9433.0,1,11060.0,1,9995.0,6326.613,8120.8516,-9161.0
906,2014-10-14,8731.0,1152.0,1.0,0.0,0,0.0,2.0,-0.9646356,0.26358718,-0.8660254,0.5,4,0,0,1,9316.0,1,0.0,1,12234.0,1,15381.0,1,15110.0,1,0.0,1,8883.0,1,8065.0,7522.3677,8386.44,9316.0
906,2014-10-15,8951.0,1142.0,1.0,0.0,0,0.0,3.0,-0.9646356,0.26358718,-0.8660254,0.5,4,0,0,1,8731.0,1,9316.0,1,9161.0,1,12591.0,1,0.0,1,13611.0,1,0.0,1,0.0,8005.821,8463.009,-585.0
906,2014-10-16,8655.0,1139.0,1.0,0.0,0,0.0,4.0,-0.9646356,0.26358718,-0.8660254,0.5,4,0,0,1,8951.0,1,8731.0,1,0.0,1,11789.0,1,11570.0,1,14179.0,1,9197.0,1,8333.0,8383.893,8571.451,220.0
906,2014-10-17,8679.0,1144.0,1.0,0.0,0,0.0,5.0,-0.9646356,0.26358718,-0.8660254,0.5,4,0,0,1,8655.0,1,8951.0,1,9316.0,1,10635.0,1,0.0,1,13692.0,1,8371.0,1,7144.0,8492.335,8590.018,-296.0
906,2014-10-18,9487.0,1200.0,1.0,0.0,0,0.0,6.0,-0.9646356,0.26358718,-0.8660254,0.5,4,0,0,1,8679.0,1,8655.0,1,8731.0,1,12234.0,1,15381.0,1,15110.0,1,7776.0,1,8335.0,8567.001,8609.792,24.0
906,2014-10-19,0.0,0.0,0.0,0.0,0,0.0,7.0,-0.9646356,0.26358718,-0.8660254,0.5,4,0,0,1,9487.0,1,8679.0,1,8951.0,1,9161.0,1,12591.0,1,0.0,1,7731.0,1,8534.0,8935.001,8804.727,808.0
906,2014-10-20,12960.0,1472.0,1.0,1.0,0,1.0,1.0,-0.9266896,0.37582758,-0.8660254,0.5,4,0,0,1,0.0,1,9487.0,1,8655.0,1,0.0,1,11789.0,1,11570.0,1,8021.0,1,10755.0,5361.0005,6848.121,-9487.0
906,2014-10-21,10156.0,1229.0,1.0,1.0,0,1.0,2.0,-0.9266896,0.37582758,-0.8660254,0.5,4,0,0,1,12960.0,1,0.0,1,8679.0,1,9316.0,1,10635.0,1,0.0,1,9433.0,1,9387.0,8400.601,8206.316,12960.0
906,2014-10-22,9430.0,1135.0,1.0,1.0,0,1.0,3.0,-0.9266896,0.37582758,-0.8660254,0.5,4,0,0,1,10156.0,1,12960.0,1,9487.0,1,8731.0,1,12234.0,1,15381.0,1,0.0,1,0.0,9102.76,8639.579,-2804.0
906,2014-10-23,9540.0,1200.0,1.0,1.0,0,1.0,4.0,-0.9266896,0.37582758,-0.8660254,0.5,4,0,0,1,9430.0,1,10156.0,1,0.0,1,8951.0,1,9161.0,1,12591.0,1,13611.0,1,15082.0,9233.656,8815.229,-726.0
906,2014-10-24,10273.0,1302.0,1.0,1.0,0,1.0,5.0,-0.9266896,0.37582758,-0.8660254,0.5,4,0,0,1,9540.0,1,9430.0,1,12960.0,1,8655.0,1,0.0,1,11789.0,1,14179.0,1,11710.0,9356.193,8976.289,110.0
906,2014-10-25,7230.0,966.0,1.0,0.0,0,1.0,6.0,-0.9266896,0.37582758,-0.8660254,0.5,4,0,0,1,10273.0,1,9540.0,1,10156.0,1,8679.0,1,9316.0,1,10635.0,1,13692.0,1,11480.0,9722.916,9264.446,733.0
906,2014-10-26,0.0,0.0,0.0,0.0,0,1.0,7.0,-0.9266896,0.37582758,-0.8660254,0.5,4,0,0,1,7230.0,1,10273.0,1,9430.0,1,9487.0,1,8731.0,1,12234.0,1,15110.0,1,11577.0,8725.75,8812.348,-3043.0
906,2014-10-27,8821.0,1156.0,1.0,0.0,0,1.0,1.0,-0.8757349,0.4827922,-0.8660254,0.5,4,0,0,1,0.0,1,7230.0,1,9540.0,1,0.0,1,8951.0,1,9161.0,1,0.0,1,11757.0,5235.4497,6854.048,-7230.0
906,2014-10-28,7922.0,1085.0,1.0,0.0,0,1.0,2.0,-0.8757349,0.4827922,-0.8660254,0.5,4,0,0,1,8821.0,1,0.0,1,10273.0,1,12960.0,1,8655.0,1,0.0,1,11570.0,1,9030.0,6669.67,7291.1484,8821.0
906,2014-10-29,7816.0,1027.0,1.0,0.0,0,1.0,3.0,-0.8757349,0.4827922,-0.8660254,0.5,4,0,0,1,7922.0,1,8821.0,1,7230.0,1,10156.0,1,8679.0,1,9316.0,1,0.0,1,0.0,7170.602,7431.338,-899.0
906,2014-10-30,9753.0,1139.0,1.0,0.0,0,1.0,4.0,-0.8757349,0.4827922,-0.8660254,0.5,4,0,0,1,7816.0,1,7922.0,1,0.0,1,9430.0,1,9487.0,1,8731.0,1,15381.0,1,9631.0,7428.761,7516.8184,-106.0
906,2014-10-31,10473.0,1268.0,1.0,0.0,0,1.0,5.0,-0.8757349,0.4827922,-0.8660254,0.5,4,0,1,1,9753.0,1,7816.0,1,8821.0,1,9540.0,1,0.0,1,8951.0,1,12591.0,1,8147.0,8358.457,8013.7476,1937.0
906,2014-11-01,9076.0,1085.0,1.0,0.0,0,0.0,6.0,-0.8757349,0.4827922,-0.5,0.8660254,4,1,0,1,10473.0,1,9753.0,1,7922.0,1,10273.0,1,12960.0,1,8655.0,1,11789.0,1,8886.0,9204.274,8560.248,720.0
906,2014-11-02,0.0,0.0,0.0,0.0,0,0.0,7.0,-0.8757349,0.4827922,-0.5,0.8660254,4,0,0,1,9076.0,1,10473.0,1,7816.0,1,7230.0,1,10156.0,1,8679.0,1,10635.0,1,8130.0,9152.965,8674.859,-1397.0
906,2014-11-03,12199.0,1420.0,1.0,1.0,0,0.0,1.0,-0.8124869,0.5829795,-0.5,0.8660254,4,0,0,1,0.0,1,9076.0,1,9753.0,1,0.0,1,9430.0,1,9487.0,1,12234.0,1,8102.0,5491.779,6747.113,-9076.0
906,2014-11-04,12030.0,1386.0,1.0,1.0,0,0.0,2.0,-0.8124869,0.5829795,-0.5,0.8660254,4,0,0,1,12199.0,1,0.0,1,10473.0,1,8821.0,1,9540.0,1,0.0,1,9161.0,1,8960.0,8174.667,7958.6436,12199.0
906,2014-11-05,10808.0,1286.0,1.0,1.0,0,0.0,3.0,-0.8124869,0.5829795,-0.5,0.8660254,4,0,0,1,12030.0,1,12199.0,1,9076.0,1,7922.0,1,10273.0,1,12960.0,1,0.0,1,0.0,9716.801,8863.39,-169.0
906,2014-11-06,11083.0,1300.0,1.0,1.0,0,0.0,4.0,-0.8124869,0.5829795,-0.5,0.8660254,4,0,0,1,10808.0,1,12030.0,1,0.0,1,7816.0,1,7230.0,1,10156.0,1,9316.0,1,14168.0,10153.28,9295.525,-1222.0
906,2014-11-07,10839.0,1240.0,1.0,1.0,0,0.0,5.0,-0.8124869,0.5829795,-0.5,0.8660254,4,0,0,1,11083.0,1,10808.0,1,12199.0,1,9753.0,1,0.0,1,9430.0,1,8731.0,1,12497.0,10525.168,9692.742,275.0
906,2014-11-08,8523.0,1108.0,1.0,0.0,0,0.0,6.0,-0.8124869,0.5829795,-0.5,0.8660254,4,0,0,1,10839.0,1,11083.0,1,12030.0,1,10473.0,1,8821.0,1,9540.0,1,8951.0,1,10779.0,10650.701,9947.466,-244.0
906,2014-11-09,0.0,0.0,0.0,0.0,0,0.0,7.0,-0.8124869,0.5829795,-0.5,0.8660254,4,0,0,1,8523.0,1,10839.0,1,10808.0,1,9076.0,1,7922.0,1,10273.0,1,8655.0,1,11141.0,9799.62,9630.918,-2316.0
906,2014-11-10,11591.0,1400.0,1.0,1.0,0,0.0,1.0,-0.73783326,0.674983,-0.5,0.8660254,4,0,0,1,0.0,1,8523.0,1,11083.0,1,0.0,1,7816.0,1,7230.0,1,8679.0,1,11060.0,5879.7725,7490.714,-8523.0
906,2014-11-11,10620.0,1307.0,1.0,1.0,0,0.0,2.0,-0.73783326,0.674983,-0.5,0.8660254,4,0,0,1,11591.0,1,0.0,1,10839.0,1,12199.0,1,9753.0,1,0.0,1,9487.0,1,8883.0,8164.263,8401.889,11591.0
906,2014-11-12,9891.0,1186.0,1.0,1.0,0,0.0,3.0,-0.73783326,0.674983,-0.5,0.8660254,4,0,0,1,10620.0,1,11591.0,1,8523.0,1,12030.0,1,10473.0,1,8821.0,1,0.0,1,0.0,9146.558,8894.802,-971.0
906,2014-11-13,9772.0,1246.0,1.0,1.0,0,0.0,4.0,-0.73783326,0.674983,-0.5,0.8660254,4,0,0,1,9891.0,1,10620.0,1,0.0,1,10808.0,1,9076.0,1,7922.0,1,12960.0,1,9197.0,9444.335,9116.18,-729.0
906,2014-11-14,11208.0,1278.0,1.0,1.0,0,0.0,5.0,-0.73783326,0.674983,-0.5,0.8660254,4,0,0,1,9772.0,1,9891.0,1,11591.0,1,11083.0,1,0.0,1,7816.0,1,10156.0,1,8371.0,9575.401,9261.917,-119.0
906,2014-11-15,9148.0,1138.0,1.0,0.0,0,0.0,6.0,-0.73783326,0.674983,-0.5,0.8660254,4,0,0,1,11208.0,1,9772.0,1,10620.0,1,10839.0,1,12199.0,1,9753.0,1,9430.0,1,7776.0,10228.44,9694.38,1436.0
906,2014-11-16,0.0,0.0,0.0,0.0,0,0.0,7.0,-0.73783326,0.674983,-0.5,0.8660254,4,0,0,1,9148.0,1,11208.0,1,9891.0,1,8523.0,1,12030.0,1,10473.0,1,9540.0,1,7731.0,9796.265,9572.962,-2060.0
906,2014-11-17,9172.0,1171.0,1.0,0.0,0,0.0,1.0,-0.65282214,0.75751126,-0.5,0.8660254,4,0,0,1,0.0,1,9148.0,1,9772.0,1,0.0,1,10808.0,1,9076.0,1,10273.0,1,8021.0,5877.759,7445.637,-9148.0
906,2014-11-18,8267.0,1088.0,1.0,0.0,0,0.0,2.0,-0.65282214,0.75751126,-0.5,0.8660254,4,0,0,1,9172.0,1,0.0,1,11208.0,1,11591.0,1,11083.0,1,0.0,1,7230.0,1,9433.0,7195.455,7829.2734,9172.0
906,2014-11-19,9320.0,1065.0,1.0,0.0,0,0.0,3.0,-0.65282214,0.75751126,-0.5,0.8660254,4,0,0,1,8267.0,1,9172.0,1,9148.0,1,10620.0,1,10839.0,1,12199.0,1,0.0,1,0.0,7624.073,7926.546,-905.0
906,2014-11-20,8151.0,1104.0,1.0,0.0,0,0.0,4.0,-0.65282214,0.75751126,-0.5,0.8660254,4,0,0,1,9320.0,1,8267.0,1,0.0,1,9891.0,1,8523.0,1,12030.0,1,8821.0,1,13611.0,8302.444,8236.202,1053.0
906,2014-11-21,7956.0,1087.0,1.0,0.0,0,0.0,5.0,-0.65282214,0.75751126,-0.5,0.8660254,4,0,0,1,8151.0,1,9320.0,1,9172.0,1,9772.0,1,0.0,1,10808.0,1,7922.0,1,14179.0,8241.866,8217.269,-1169.0
906,2014-11-22,8647.0,1119.0,1.0,0.0,0,0.0,6.0,-0.65282214,0.75751126,-0.5,0.8660254,4,0,0,1,7956.0,1,8151.0,1,8267.0,1,11208.0,1,11591.0,1,11083.0,1,7816.0,1,13692.0,8127.52,8159.209,-195.0
906,2014-11-23,0.0,0.0,0.0,0.0,0,0.0,7.0,-0.65282214,0.75751126,-0.5,0.8660254,4,0,0,1,8647.0,1,7956.0,1,9320.0,1,9148.0,1,10620.0,1,10839.0,1,9753.0,1,15110.0,8335.312,8267.607,691.0
906,2014-11-24,13819.0,1490.0,1.0,1.0,0,0.0,1.0,-0.55864674,0.82940567,-0.5,0.8660254,4,0,0,1,0.0,1,8647.0,1,8151.0,1,0.0,1,9891.0,1,8523.0,1,10473.0,1,0.0,5001.187,6430.361,-8647.0
906,2014-11-25,11524.0,1344.0,1.0,1.0,0,0.0,2.0,-0.55864674,0.82940567,-0.5,0.8660254,4,0,0,1,13819.0,1,0.0,1,7956.0,1,9172.0,1,9772.0,1,0.0,1,9076.0,1,11570.0,8528.3125,8072.281,13819.0
906,2014-11-26,10661.0,1193.0,1.0,1.0,0,0.0,3.0,-0.55864674,0.82940567,-0.5,0.8660254,4,0,0,1,11524.0,1,13819.0,1,8647.0,1,8267.0,1,11208.0,1,11591.0,1,0.0,1,0.0,9726.587,8839.329,-2295.0
906,2014-11-27,11572.0,1287.0,1.0,1.0,0,0.0,4.0,-0.55864674,0.82940567,-0.5,0.8660254,4,0,0,1,10661.0,1,11524.0,1,0.0,1,9320.0,1,9148.0,1,10620.0,1,12199.0,1,15381.0,10100.353,9244.1455,-863.0
906,2014-11-28,14830.0,1461.0,1.0,1.0,0,0.0,5.0,-0.55864674,0.82940567,-0.5,0.8660254,4,0,0,1,11572.0,1,10661.0,1,13819.0,1,8151.0,1,0.0,1,9891.0,1,12030.0,1,12591.0,10689.012,9761.446,911.0
906,2014-11-29,11237.0,1268.0,1.0,0.0,0,0.0,6.0,-0.55864674,0.82940567,-0.5,0.8660254,4,0,0,1,14830.0,1,11572.0,1,11524.0,1,7956.0,1,9172.0,1,9772.0,1,10808.0,1,11789.0,12345.407,10887.792,3258.0
906,2014-11-30,0.0,0.0,0.0,0.0,0,0.0,7.0,-0.55864674,0.82940567,-0.5,0.8660254,4,0,1,1,11237.0,1,14830.0,1,10661.0,1,8647.0,1,8267.0,1,11208.0,1,11083.0,1,10635.0,11902.044,10965.394,-3593.0
906,2014-12-01,15035.0,1547.0,1.0,1.0,0,0.0,1.0,-0.45662925,0.8896571,-2.4492937e-16,1.0,4,1,0,1,0.0,1,11237.0,1,11572.0,1,0.0,1,9320.0,1,9148.0,1,10839.0,1,12234.0,7141.2266,8528.64,-11237.0
906,2014-12-02,12898.0,1457.0,1.0,1.0,0,0.0,2.0,-0.45662925,0.8896571,-2.4492937e-16,1.0,4,0,0,1,15035.0,1,0.0,1,14830.0,1,13819.0,1,8151.0,1,0.0,1,8523.0,1,9161.0,10298.736,9974.497,15035.0
906,2014-12-03,12252.0,1320.0,1.0,1.0,0,0.0,3.0,-0.45662925,0.8896571,-2.4492937e-16,1.0,4,0,0,1,12898.0,1,15035.0,1,11237.0,1,11524.0,1,7956.0,1,9172.0,1,0.0,1,0.0,11338.441,10624.164,-2137.0
906,2014-12-04,12573.0,1360.0,1.0,1.0,0,0.0,4.0,-0.45662925,0.8896571,-2.4492937e-16,1.0,4,0,0,1,12252.0,1,12898.0,1,0.0,1,10661.0,1,8647.0,1,8267.0,1,11591.0,1,9316.0,11703.865,10985.905,-646.0
906,2014-12-05,13757.0,1503.0,1.0,1.0,0,0.0,5.0,-0.45662925,0.8896571,-2.4492937e-16,1.0,4,0,0,1,12573.0,1,12252.0,1,15035.0,1,11572.0,1,0.0,1,9320.0,1,10620.0,1,8731.0,12051.519,11338.594,321.0
906,2014-12-06,9234.0,1127.0,1.0,0.0,0,0.0,6.0,-0.45662925,0.8896571,-2.4492937e-16,1.0,4,0,0,1,13757.0,1,12573.0,1,12898.0,1,14830.0,1,13819.0,1,8151.0,1,9891.0,1,8951.0,12733.711,11876.017,1184.0
906,2014-12-07,0.0,0.0,0.0,0.0,0,0.0,7.0,-0.45662925,0.8896571,-2.4492937e-16,1.0,4,0,0,1,9234.0,1,13757.0,1,12252.0,1,11237.0,1,11524.0,1,7956.0,1,9772.0,1,8655.0,11333.827,11288.902,-4523.0
906,2014-12-08,11390.0,1194.0,1.0,0.0,0,0.0,1.0,-0.34820163,0.93741965,-2.4492937e-16,1.0,4,0,0,1,0.0,1,9234.0,1,12573.0,1,0.0,1,10661.0,1,8647.0,1,11208.0,1,8679.0,6800.296,8780.257,-9234.0
906,2014-12-09,10440.0,1116.0,1.0,0.0,0,0.0,2.0,-0.34820163,0.93741965,-2.4492937e-16,1.0,4,0,0,1,11390.0,1,0.0,1,13757.0,1,15035.0,1,11572.0,1,0.0,1,9148.0,1,9487.0,8636.178,9360.2,11390.0
906,2014-12-10,7733.0,1031.0,1.0,0.0,0,0.0,3.0,-0.34820163,0.93741965,-2.4492937e-16,1.0,4,0,0,1,10440.0,1,11390.0,1,9234.0,1,12898.0,1,14830.0,1,13819.0,1,0.0,1,0.0,9357.707,9600.155,-950.0
906,2014-12-11,8541.0,1044.0,1.0,0.0,0,0.0,4.0,-0.34820163,0.93741965,-2.4492937e-16,1.0,4,0,0,1,7733.0,1,10440.0,1,0.0,1,12252.0,1,11237.0,1,11524.0,1,9172.0,1,12960.0,8707.824,9185.232,-2707.0
906,2014-12-12,11250.0,1153.0,1.0,0.0,0,0.0,5.0,-0.34820163,0.93741965,-2.4492937e-16,1.0,4,0,0,1,8541.0,1,7733.0,1,11390.0,1,12573.0,1,0.0,1,10661.0,1,8267.0,1,10156.0,8641.095,9042.069,808.0
906,2014-12-13,9765.0,1101.0,1.0,0.0,0,0.0,6.0,-0.34820163,0.93741965,-2.4492937e-16,1.0,4,0,0,1,11250.0,1,8541.0,1,10440.0,1,13757.0,1,15035.0,1,11572.0,1,9320.0,1,9430.0,9684.656,9532.721,2709.0
906,2014-12-14,0.0,0.0,0.0,0.0,0,0.0,7.0,-0.34820163,0.93741965,-2.4492937e-16,1.0,4,0,0,1,9765.0,1,11250.0,1,7733.0,1,9234.0,1,12898.0,1,14830.0,1,8151.0,1,9540.0,9716.794,9584.338,-1485.0
906,2014-12-15,16009.0,1684.0,1.0,1.0,0,0.0,1.0,-0.23488605,0.9720229,-2.4492937e-16,1.0,4,0,0,1,0.0,1,9765.0,1,8541.0,1,0.0,1,12252.0,1,11237.0,1,7956.0,1,10273.0,5830.076,7454.4854,-9765.0
906,2014-12-16,15221.0,1574.0,1.0,1.0,0,0.0,2.0,-0.23488605,0.9720229,-2.4492937e-16,1.0,4,0,0,1,16009.0,1,0.0,1,11250.0,1,11390.0,1,12573.0,1,0.0,1,8647.0,1,7230.0,9901.6455,9355.488,16009.0
906,2014-12-17,11481.0,1325.0,1.0,1.0,0,0.0,3.0,-0.23488605,0.9720229,-2.4492937e-16,1.0,4,0,0,1,15221.0,1,16009.0,1,9765.0,1,10440.0,1,13757.0,1,15035.0,1,0.0,1,0.0,12029.388,10658.936,-788.0
906,2014-12-18,14374.0,1499.0,1.0,1.0,0,0.0,4.0,-0.23488605,0.9720229,-2.4492937e-16,1.0,4,0,0,1,11481.0,1,15221.0,1,0.0,1,7733.0,1,9234.0,1,12898.0,1,13819.0,1,8821.0,11810.032,10841.616,-3740.0
906,2014-12-19,13292.0,1412.0,1.0,1.0,0,0.0,5.0,-0.23488605,0.9720229,-2.4492937e-16,1.0,4,0,0,1,14374.0,1,11481.0,1,16009.0,1,8541.0,1,0.0,1,12252.0,1,11524.0,1,7922.0,12835.619,11626.591,2893.0
906,2014-12-20,11578.0,1270.0,1.0,0.0,0,0.0,6.0,-0.23488605,0.9720229,-2.4492937e-16,1.0,4,0,0,1,13292.0,1,14374.0,1,15221.0,1,11250.0,1,11390.0,1,12573.0,1,10661.0,1,7816.0,13018.172,11996.682,-1082.0
906,2014-12-21,0.0,0.0,0.0,0.0,0,0.0,7.0,-0.23488605,0.9720229,-2.4492937e-16,1.0,4,0,0,1,11578.0,1,13292.0,1,11481.0,1,9765.0,1,10440.0,1,13757.0,1,11572.0,1,9753.0,12442.103,11903.642,-1714.0
906,2014-12-22,12959.0,1498.0,1.0,0.0,0,1.0,1.0,-0.11827317,0.9929811,-2.4492937e-16,1.0,4,0,0,1,0.0,1,11578.0,1,14374.0,1,0.0,1,7733.0,1,9234.0,1,14830.0,1,10473.0,7465.2617,9258.388,-11578.0
906,2014-12-23,14666.0,1584.0,1.0,0.0,0,1.0,2.0,-0.11827317,0.9929811,-2.4492937e-16,1.0,4,0,0,1,12959.0,1,0.0,1,13292.0,1,16009.0,1,8541.0,1,0.0,1,11237.0,1,9076.0,9662.757,10080.746,12959.0
906,2014-12-24,8637.0,947.0,1.0,0.0,0,1.0,3.0,-0.11827317,0.9929811,-2.4492937e-16,1.0,4,0,0,1,14666.0,1,12959.0,1,11578.0,1,15221.0,1,11250.0,1,11390.0,1,0.0,1,0.0,11664.055,11099.691,1707.0
906,2014-12-25,0.0,0.0,0.0,0.0,3,1.0,4.0,-0.11827317,0.9929811,-2.4492937e-16,1.0,4,0,0,1,8637.0,1,14666.0,1,0.0,1,11481.0,1,9765.0,1,10440.0,1,15035.0,1,12199.0,10453.232,10552.427,-6029.0
906,2014-12-26,0.0,0.0,0.0,0.0,3,1.0,5.0,-0.11827317,0.9929811,-2.4492937e-16,1.0,4,0,0,1,0.0,1,8637.0,1,12959.0,1,14374.0,1,0.0,1,7733.0,1,12898.0,1,12030.0,6271.9395,8207.443,-8637.0
906,2014-12-27,8439.0,1017.0,1.0,0.0,0,1.0,6.0,-0.11827317,0.9929811,-2.4492937e-16,1.0,4,0,0,1,0.0,1,0.0,1,14666.0,1,13292.0,1,16009.0,1,8541.0,1,12252.0,1,10808.0,3763.1638,6383.567,0.0
906,2014-12-28,0.0,0.0,0.0,0.0,0,1.0,7.0,-0.11827317,0.9929811,-2.4492937e-16,1.0,4,0,0,1,8439.0,1,0.0,1,8637.0,1,11578.0,1,15221.0,1,11250.0,1,12573.0,1,11083.0,5633.498,6840.3296,8439.0
906,2014-12-29,10378.0,1279.0,1.0,0.0,0,1.0,1.0,0.11827317,0.9929811,-2.4492937e-16,1.0,4,0,0,1,0.0,1,8439.0,1,0.0,1,0.0,1,11481.0,1,9765.0,1,13757.0,1,10839.0,3380.0989,5320.2563,-8439.0
906,2014-12-30,12648.0,1457.0,1.0,0.0,0,1.0,2.0,0.11827317,0.9929811,-2.4492937e-16,1.0,4,0,0,1,10378.0,1,0.0,1,0.0,1,12959.0,1,14374.0,1,0.0,1,9234.0,1,8523.0,6179.2593,6444.199,10378.0
906,2014-12-31,7095.0,872.0,1.0,0.0,0,1.0,3.0,0.11827317,0.9929811,-2.4492937e-16,1.0,4,0,1,1,12648.0,1,10378.0,1,8439.0,1,14666.0,1,13292.0,1,16009.0,1,0.0,1,0.0,8766.756,7822.822,2270.0
906,2015-01-01,0.0,0.0,0.0,0.0,1,1.0,4.0,0.11827317,0.9929811,0.5,0.8660254,1,1,0,1,7095.0,1,12648.0,1,0.0,1,8637.0,1,11578.0,1,15221.0,1,11390.0,1,11591.0,8098.053,7661.0835,-5553.0
906,2015-01-02,9360.0,1116.0,1.0,0.0,0,1.0,5.0,0.11827317,0.9929811,0.5,0.8660254,1,0,0,1,0.0,1,7095.0,1,10378.0,1,0.0,1,0.0,1,11481.0,1,10440.0,1,10620.0,4858.832,5958.6206,-7095.0
906,2015-01-03,8245.0,979.0,1.0,0.0,0,1.0,6.0,0.11827317,0.9929811,0.5,0.8660254,1,0,0,1,9360.0,1,0.0,1,12648.0,1,0.0,1,12959.0,1,14374.0,1,7733.0,1,9891.0,6659.2993,6714.483,9360.0
906,2015-01-04,0.0,0.0,0.0,0.0,0,1.0,7.0,0.11827317,0.9929811,0.5,0.8660254,1,0,0,1,8245.0,1,9360.0,1,7095.0,1,8439.0,1,14666.0,1,13292.0,1,8541.0,1,9772.0,7293.5796,7054.5977,-1115.0
906,2015-01-05,13997.0,1536.0,1.0,1.0,0,1.0,1.0,0.23488605,0.9720229,0.5,0.8660254,1,0,0,1,0.0,1,8245.0,1,0.0,1,0.0,1,8637.0,1,11578.0,1,11250.0,1,11208.0,4376.148,5486.909,-8245.0
906,2015-01-06,10701.0,1258.0,1.0,1.0,0,1.0,2.0,0.23488605,0.9720229,0.5,0.8660254,1,0,0,1,13997.0,1,0.0,1,9360.0,1,10378.0,1,0.0,1,0.0,1,9765.0,1,9148.0,8224.488,7378.0405,13997.0
906,2015-01-07,9634.0,1127.0,1.0,1.0,0,1.0,3.0,0.23488605,0.9720229,0.5,0.8660254,1,0,0,1,10701.0,1,13997.0,1,8245.0,1,12648.0,1,0.0,1,12959.0,1,0.0,1,0.0,9215.093,8116.476,-3296.0
906,2015-01-08,8727.0,1024.0,1.0,1.0,0,1.0,4.0,0.23488605,0.9720229,0.5,0.8660254,1,0,0,1,9634.0,1,10701.0,1,0.0,1,7095.0,1,8439.0,1,14666.0,1,16009.0,1,9172.0,9382.656,8453.703,-1067.0
906,2015-01-09,9470.0,1161.0,1.0,1.0,0,1.0,5.0,0.23488605,0.9720229,0.5,0.8660254,1,0,0,1,8727.0,1,9634.0,1,13997.0,1,0.0,1,0.0,1,8637.0,1,15221.0,1,8267.0,9120.394,8514.437,-907.0
906,2015-01-10,7997.0,1021.0,1.0,0.0,0,0.0,6.0,0.23488605,0.9720229,0.5,0.8660254,1,0,0,1,9470.0,1,8727.0,1,10701.0,1,9360.0,1,10378.0,1,0.0,1,11481.0,1,9320.0,9260.236,8726.783,743.0
906,2015-01-11,0.0,0.0,0.0,0.0,0,0.0,7.0,0.23488605,0.9720229,0.5,0.8660254,1,0,0,1,7997.0,1,9470.0,1,9634.0,1,8245.0,1,12648.0,1,0.0,1,14374.0,1,8151.0,8754.941,8564.609,-1473.0
906,2015-01-12,11977.0,1373.0,1.0,1.0,0,0.0,1.0,0.34820163,0.93741965,0.5,0.8660254,1,0,0,1,0.0,1,7997.0,1,8727.0,1,0.0,1,7095.0,1,8439.0,1,13292.0,1,7956.0,5252.965,6661.363,-7997.0
906,2015-01-13,12159.0,1467.0,1.0,1.0,0,0.0,2.0,0.34820163,0.93741965,0.5,0.8660254,1,0,0,1,11977.0,1,0.0,1,9470.0,1,13997.0,1,0.0,1,0.0,1,11578.0,1,8647.0,7942.579,7842.6157,11977.0
906,2015-01-14,9963.0,1171.0,1.0,1.0,0,0.0,3.0,0.34820163,0.93741965,0.5,0.8660254,1,0,0,1,12159.0,1,11977.0,1,7997.0,1,10701.0,1,9360.0,1,10378.0,1,0.0,1,0.0,9629.147,8801.8125,182.0
906,2015-01-15,10814.0,1251.0,1.0,1.0,0,0.0,4.0,0.34820163,0.93741965,0.5,0.8660254,1,0,0,1,9963.0,1,12159.0,1,0.0,1,9634.0,1,8245.0,1,12648.0,1,12959.0,1,13819.0,9762.688,9059.854,-2196.0
906,2015-01-16,9796.0,1189.0,1.0,1.0,0,0.0,5.0,0.34820163,0.93741965,0.5,0.8660254,1,0,0,1,10814.0,1,9963.0,1,11977.0,1,8727.0,1,0.0,1,7095.0,1,14666.0,1,11524.0,10183.213,9449.664,851.0
906,2015-01-17,8311.0,1090.0,1.0,0.0,0,0.0,6.0,0.34820163,0.93741965,0.5,0.8660254,1,0,0,1,9796.0,1,10814.0,1,12159.0,1,9470.0,1,13997.0,1,0.0,1,8637.0,1,10661.0,10028.328,9526.628,-1018.0
906,2015-01-18,0.0,0.0,0.0,0.0,0,0.0,7.0,0.34820163,0.93741965,0.5,0.8660254,1,0,0,1,8311.0,1,9796.0,1,9963.0,1,7997.0,1,10701.0,1,9360.0,1,0.0,1,11572.0,9341.396,9256.488,-1485.0
906,2015-01-19,8762.0,1179.0,1.0,0.0,0,0.0,1.0,0.45662925,0.8896571,0.5,0.8660254,1,0,0,1,0.0,1,8311.0,1,10814.0,1,0.0,1,9634.0,1,8245.0,1,0.0,1,14830.0,5604.838,7199.4907,-8311.0
906,2015-01-20,7527.0,1075.0,1.0,0.0,0,0.0,2.0,0.45662925,0.8896571,0.5,0.8660254,1,0,0,1,8762.0,1,0.0,1,9796.0,1,11977.0,1,8727.0,1,0.0,1,8439.0,1,11237.0,6867.7026,7546.715,8762.0
906,2015-01-21,7000.0,948.0,1.0,0.0,0,0.0,3.0,0.45662925,0.8896571,0.5,0.8660254,1,0,0,1,7527.0,1,8762.0,1,8311.0,1,12159.0,1,9470.0,1,13997.0,1,0.0,1,0.0,7131.422,7542.334,-1235.0
906,2015-01-22,7189.0,998.0,1.0,0.0,0,0.0,4.0,0.45662925,0.8896571,0.5,0.8660254,1,0,0,1,7000.0,1,7527.0,1,0.0,1,9963.0,1,7997.0,1,10701.0,1,10378.0,1,15035.0,7078.853,7421.8154,-527.0
906,2015-01-23,8074.0,1025.0,1.0,0.0,0,0.0,5.0,0.45662925,0.8896571,0.5,0.8660254,1,0,0,1,7189.0,1,7000.0,1,8762.0,1,10814.0,1,0.0,1,9634.0,1,12648.0,1,12898.0,7122.9116,7370.0786,189.0
906,2015-01-24,7392.0,977.0,1.0,0.0,0,0.0,6.0,0.45662925,0.8896571,0.5,0.8660254,1,0,0,1,8074.0,1,7189.0,1,7527.0,1,9796.0,1,11977.0,1,8727.0,1,7095.0,1,12252.0,7503.347,7526.5054,885.0
906,2015-01-25,0.0,0.0,0.0,0.0,0,0.0,7.0,0.45662925,0.8896571,0.5,0.8660254,1,0,0,1,7392.0,1,8074.0,1,7000.0,1,8311.0,1,12159.0,1,9470.0,1,0.0,1,12573.0,7458.808,7496.615,-682.0
906,2015-01-26,10869.0,1258.0,1.0,1.0,0,0.0,1.0,0.55864674,0.82940567,0.5,0.8660254,1,0,0,1,0.0,1,7392.0,1,7189.0,1,0.0,1,9963.0,1,7997.0,1,9360.0,1,13757.0,4475.285,5830.7007,-7392.0
906,2015-01-27,10662.0,1268.0,1.0,1.0,0,0.0,2.0,0.55864674,0.82940567,0.5,0.8660254,1,0,0,1,10869.0,1,0.0,1,8074.0,1,8762.0,1,10814.0,1,0.0,1,8245.0,1,9234.0,7032.771,6950.3228,10869.0
906,2015-01-28,9612.0,1185.0,1.0,1.0,0,0.0,3.0,0.55864674,0.82940567,0.5,0.8660254,1,0,0,1,10662.0,1,10869.0,1,7392.0,1,7527.0,1,9796.0,1,11977.0,1,0.0,1,0.0,8484.463,7775.14,-207.0
906,2015-01-29,9958.0,1145.0,1.0,1.0,0,0.0,4.0,0.55864674,0.82940567,0.5,0.8660254,1,0,0,1,9612.0,1,10662.0,1,0.0,1,7000.0,1,8311.0,1,12159.0,1,13997.0,1,11390.0,8935.478,8183.331,-1050.0
906,2015-01-30,14707.0,1556.0,1.0,1.0,0,0.0,5.0,0.55864674,0.82940567,0.5,0.8660254,1,0,0,1,9958.0,1,9612.0,1,10869.0,1,7189.0,1,0.0,1,9963.0,1,10701.0,1,10440.0,9344.486,8577.702,346.0
906,2015-01-31,10243.0,1201.0,1.0,0.0,0,0.0,6.0,0.55864674,0.82940567,0.5,0.8660254,1,0,1,1,14707.0,1,9958.0,1,10662.0,1,8074.0,1,8762.0,1,10814.0,1,9634.0,1,7733.0,11489.492,9939.769,4749.0
906,2015-02-01,0.0,0.0,0.0,0.0,0,0.0,7.0,0.55864674,0.82940567,0.8660254,0.5,1,1,0,1,10243.0,1,14707.0,1,9612.0,1,7392.0,1,7527.0,1,9796.0,1,8727.0,1,8541.0,10990.8955,10007.153,-4464.0
906,2015-02-02,17512.0,1541.0,1.0,1.0,0,0.0,1.0,0.65282214,0.75751126,0.8660254,0.5,1,0,0,1,0.0,1,10243.0,1,9958.0,1,0.0,1,7000.0,1,8311.0,1,9470.0,1,11250.0,6594.537,7783.3413,-10243.0
906,2015-02-03,12080.0,1397.0,1.0,1.0,0,0.0,2.0,0.65282214,0.75751126,0.8660254,0.5,1,0,0,1,17512.0,1,0.0,1,14707.0,1,10869.0,1,7189.0,1,0.0,1,7997.0,1,9765.0,10961.522,9945.266,17512.0
906,2015-02-04,14688.0,1289.0,1.0,1.0,0,0.0,3.0,0.65282214,0.75751126,0.8660254,0.5,1,0,0,1,12080.0,1,17512.0,1,10243.0,1,10662.0,1,8074.0,1,8762.0,1,0.0,1,0.0,11408.913,10419.651,-5432.0
906,2015-02-05,10072.0,1234.0,1.0,1.0,0,0.0,4.0,0.65282214,0.75751126,0.8660254,0.5,1,0,0,1,14688.0,1,12080.0,1,0.0,1,9612.0,1,7392.0,1,7527.0,1,11977.0,1,16009.0,12720.548,11368.173,2608.0
906,2015-02-06,11211.0,1244.0,1.0,1.0,0,0.0,5.0,0.65282214,0.75751126,0.8660254,0.5,1,0,0,1,10072.0,1,14688.0,1,17512.0,1,9958.0,1,0.0,1,7000.0,1,12159.0,1,15221.0,11661.129,11080.135,-4616.0
906,2015-02-07,8769.0,1113.0,1.0,0.0,0,0.0,6.0,0.65282214,0.75751126,0.8660254,0.5,1,0,0,1,11211.0,1,10072.0,1,12080.0,1,14707.0,1,10869.0,1,7189.0,1,9963.0,1,11481.0,11481.077,11109.216,1139.0
906,2015-02-08,0.0,0.0,0.0,0.0,0,0.0,7.0,0.65282214,0.75751126,0.8660254,0.5,1,0,0,1,8769.0,1,11211.0,1,14688.0,1,10243.0,1,10662.0,1,8074.0,1,10814.0,1,14374.0,10396.246,10589.168,-2442.0
906,2015-02-09,8726.0,1140.0,1.0,0.0,0,0.0,1.0,0.73783326,0.674983,0.8660254,0.5,1,0,0,1,0.0,1,8769.0,1,10072.0,1,0.0,1,9612.0,1,7392.0,1,9796.0,1,13292.0,6237.748,8236.02,-8769.0
906,2015-02-10,7722.0,1126.0,1.0,0.0,0,0.0,2.0,0.73783326,0.674983,0.8660254,0.5,1,0,0,1,8726.0,1,0.0,1,11211.0,1,17512.0,1,9958.0,1,0.0,1,8311.0,1,11578.0,7233.049,8344.904,8726.0
906,2015-02-11,7930.0,1082.0,1.0,0.0,0,0.0,3.0,0.73783326,0.674983,0.8660254,0.5,1,0,0,1,7722.0,1,8726.0,1,8769.0,1,12080.0,1,14707.0,1,10869.0,1,0.0,1,0.0,7428.6294,8206.48,-1004.0
906,2015-02-12,7759.0,1021.0,1.0,0.0,0,0.0,4.0,0.73783326,0.674983,0.8660254,0.5,1,0,0,1,7930.0,1,7722.0,1,0.0,1,14688.0,1,10243.0,1,10662.0,1,8762.0,1,12959.0,7629.1777,8145.0405,208.0
906,2015-02-13,10051.0,1184.0,1.0,0.0,0,0.0,5.0,0.73783326,0.674983,0.8660254,0.5,1,0,0,1,7759.0,1,7930.0,1,8726.0,1,10072.0,1,0.0,1,9612.0,1,7527.0,1,14666.0,7681.1064,8059.254,-171.0
906,2015-02-14,10015.0,1137.0,1.0,0.0,0,0.0,6.0,0.73783326,0.674983,0.8660254,0.5,1,0,0,1,10051.0,1,7759.0,1,7722.0,1,11211.0,1,17512.0,1,9958.0,1,7000.0,1,8637.0,8629.063,8501.864,2292.0
906,2015-02-15,0.0,0.0,0.0,0.0,0,0.0,7.0,0.73783326,0.674983,0.8660254,0.5,1,0,0,1,10015.0,1,10051.0,1,7930.0,1,8769.0,1,12080.0,1,14707.0,1,7189.0,1,0.0,9183.438,8838.116,-36.0
906,2015-02-16,13728.0,1510.0,1.0,1.0,0,0.0,1.0,0.8124869,0.5829795,0.8660254,0.5,1,0,0,1,0.0,1,10015.0,1,7759.0,1,0.0,1,14688.0,1,10243.0,1,8074.0,1,0.0,5510.063,6874.091,-10015.0
906,2015-02-17,10915.0,1298.0,1.0,1.0,0,0.0,2.0,0.8124869,0.5829795,0.8660254,0.5,1,0,0,1,13728.0,1,0.0,1,10051.0,1,8726.0,1,10072.0,1,0.0,1,7392.0,1,8439.0,8797.238,8397.182,13728.0
906,2015-02-18,12683.0,1221.0,1.0,1.0,0,0.0,3.0,0.8124869,0.5829795,0.8660254,0.5,1,0,0,1,10915.0,1,13728.0,1,10015.0,1,7722.0,1,11211.0,1,17512.0,1,0.0,1,0.0,9644.343,8956.697,-2813.0
906,2015-02-19,10054.0,1236.0,1.0,1.0,0,0.0,4.0,0.8124869,0.5829795,0.8660254,0.5,1,0,0,1,12683.0,1,10915.0,1,0.0,1,7930.0,1,8769.0,1,12080.0,1,10869.0,1,10378.0,10859.806,9784.765,1768.0
906,2015-02-20,11473.0,1307.0,1.0,1.0,0,0.0,5.0,0.8124869,0.5829795,0.8660254,0.5,1,0,0,1,10054.0,1,12683.0,1,13728.0,1,7759.0,1,0.0,1,14688.0,1,10662.0,1,12648.0,10537.483,9844.595,-2629.0
906,2015-02-21,7675.0,1014.0,1.0,0.0,0,0.0,6.0,0.8124869,0.5829795,0.8660254,0.5,1,0,0,1,11473.0,1,10054.0,1,10915.0,1,10051.0,1,8726.0,1,10072.0,1,9612.0,1,7095.0,10911.69,10206.462,1419.0
906,2015-02-22,0.0,0.0,0.0,0.0,0,0.0,7.0,0.8124869,0.5829795,0.8660254,0.5,1,0,0,1,7675.0,1,11473.0,1,12683.0,1,10015.0,1,7722.0,1,11211.0,1,9958.0,1,0.0,9617.014,9643.915,-3798.0
906,2015-02-23,6668.0,906.0,1.0,0.0,0,0.0,1.0,0.8757349,0.4827922,0.8660254,0.5,1,0,0,1,0.0,1,7675.0,1,10054.0,1,0.0,1,7930.0,1,8769.0,1,14707.0,1,9360.0,5770.2085,7500.8228,-7675.0
906,2015-02-24,7906.0,1103.0,1.0,0.0,0,0.0,2.0,0.8757349,0.4827922,0.8660254,0.5,1,0,0,1,6668.0,1,0.0,1,11473.0,1,13728.0,1,7759.0,1,0.0,1,10243.0,1,8245.0,6129.325,7315.751,6668.0
906,2015-02-25,8317.0,1081.0,1.0,0.0,0,0.0,3.0,0.8757349,0.4827922,0.8660254,0.5,1,0,0,1,7906.0,1,6668.0,1,7675.0,1,10915.0,1,10051.0,1,8726.0,1,0.0,1,0.0,6839.995,7446.9175,1238.0
906,2015-02-26,7683.0,1032.0,1.0,0.0,0,0.0,4.0,0.8757349,0.4827922,0.8660254,0.5,1,0,0,1,8317.0,1,7906.0,1,0.0,1,12683.0,1,10015.0,1,7722.0,1,17512.0,1,13997.0,7430.797,7640.269,411.0
906,2015-02-27,11508.0,1188.0,1.0,0.0,0,0.0,5.0,0.8757349,0.4827922,0.8660254,0.5,1,0,0,1,7683.0,1,8317.0,1,6668.0,1,10054.0,1,0.0,1,7930.0,1,12080.0,1,10701.0,7531.678,7649.765,-634.0
906,2015-02-28,10810.0,1254.0,1.0,0.0,0,0.0,6.0,0.8757349,0.4827922,0.8660254,0.5,1,0,1,1,11508.0,1,7683.0,1,7906.0,1,11473.0,1,13728.0,1,7759.0,1,14688.0,1,9634.0,9122.207,8507.15,3825.0
906,2015-03-01,0.0,0.0,0.0,0.0,0,0.0,7.0,0.8757349,0.4827922,1.0,6.123234e-17,1,1,0,1,10810.0,1,11508.0,1,8317.0,1,7675.0,1,10915.0,1,10051.0,1,10072.0,1,8727.0,9797.324,9018.895,-698.0
906,2015-03-02,15509.0,1703.0,1.0,1.0,0,0.0,1.0,0.9266896,0.37582758,1.0,6.123234e-17,1,0,0,1,0.0,1,10810.0,1,7683.0,1,0.0,1,12683.0,1,10015.0,1,11211.0,1,9470.0,5878.3945,7014.696,-10810.0
906,2015-03-03,13413.0,1492.0,1.0,1.0,0,0.0,2.0,0.9266896,0.37582758,1.0,6.123234e-17,1,0,0,1,15509.0,1,0.0,1,11508.0,1,6668.0,1,10054.0,1,0.0,1,8769.0,1,7997.0,9730.637,8902.319,15509.0
906,2015-03-04,11521.0,1357.0,1.0,1.0,0,0.0,3.0,0.9266896,0.37582758,1.0,6.123234e-17,1,0,0,1,13413.0,1,15509.0,1,10810.0,1,7906.0,1,11473.0,1,13728.0,1,0.0,1,0.0,11203.582,9904.692,-2096.0
906,2015-03-05,11391.0,1351.0,1.0,1.0,0,0.0,4.0,0.9266896,0.37582758,1.0,6.123234e-17,1,0,0,1,11521.0,1,13413.0,1,0.0,1,8317.0,1,7675.0,1,10915.0,1,8726.0,1,11977.0,11330.549,10263.872,-1892.0
906,2015-03-06,11069.0,1318.0,1.0,1.0,0,0.0,5.0,0.9266896,0.37582758,1.0,6.123234e-17,1,0,0,1,11391.0,1,11521.0,1,15509.0,1,7683.0,1,0.0,1,12683.0,1,7722.0,1,12159.0,11354.7295,10514.345,-130.0
906,2015-03-07,9138.0,1153.0,1.0,0.0,0,0.0,6.0,0.9266896,0.37582758,1.0,6.123234e-17,1,0,0,1,11069.0,1,11391.0,1,13413.0,1,11508.0,1,6668.0,1,10054.0,1,7930.0,1,9963.0,11240.4375,10637.602,-322.0
906,2015-03-08,0.0,0.0,0.0,0.0,0,0.0,7.0,0.9266896,0.37582758,1.0,6.123234e-17,1,0,0,1,9138.0,1,11069.0,1,11521.0,1,10810.0,1,7906.0,1,11473.0,1,7759.0,1,10814.0,10399.463,10304.356,-1931.0
906,2015-03-09,9602.0,1255.0,1.0,0.0,0,0.0,1.0,0.9646356,0.26358718,1.0,6.123234e-17,1,0,0,1,0.0,1,9138.0,1,11391.0,1,0.0,1,8317.0,1,7675.0,1,10051.0,1,9796.0,6239.6777,8014.4995,-9138.0
906,2015-03-10,7897.0,1102.0,1.0,0.0,0,0.0,2.0,0.9646356,0.26358718,1.0,6.123234e-17,1,0,0,1,9602.0,1,0.0,1,11069.0,1,15509.0,1,7683.0,1,0.0,1,10015.0,1,8311.0,7584.6064,8367.277,9602.0
906,2015-03-11,9072.0,1102.0,1.0,0.0,0,0.0,3.0,0.9646356,0.26358718,1.0,6.123234e-17,1,0,0,1,7897.0,1,9602.0,1,9138.0,1,13413.0,1,11508.0,1,6668.0,1,0.0,1,0.0,7709.564,8262.771,-1705.0
906,2015-03-12,9229.0,1126.0,1.0,0.0,0,0.0,4.0,0.9646356,0.26358718,1.0,6.123234e-17,1,0,0,1,9072.0,1,7897.0,1,0.0,1,11521.0,1,10810.0,1,7906.0,1,13728.0,1,8762.0,8254.538,8442.6,1175.0
906,2015-03-13,9211.0,1146.0,1.0,0.0,0,0.0,5.0,0.9646356,0.26358718,1.0,6.123234e-17,1,0,0,1,9229.0,1,9072.0,1,9602.0,1,11391.0,1,0.0,1,8317.0,1,10915.0,1,7527.0,8644.323,8617.355,157.0
906,2015-03-14,9374.0,1090.0,1.0,0.0,0,0.0,6.0,0.9646356,0.26358718,1.0,6.123234e-17,1,0,0,1,9211.0,1,9229.0,1,7897.0,1,11069.0,1,15509.0,1,7683.0,1,12683.0,1,7000.0,8870.994,8749.276,-18.0
906,2015-03-15,0.0,0.0,0.0,0.0,0,0.0,7.0,0.9646356,0.26358718,1.0,6.123234e-17,1,0,0,1,9374.0,1,9211.0,1,9072.0,1,9138.0,1,13413.0,1,11508.0,1,10054.0,1,7189.0,9072.196,8888.104,163.0
906,2015-03-16,15195.0,1676.0,1.0,1.0,0,0.0,1.0,0.9890402,0.14764656,1.0,6.123234e-17,1,0,0,1,0.0,1,9374.0,1,9229.0,1,0.0,1,11521.0,1,10810.0,1,11473.0,1,8074.0,5443.318,6912.9697,-9374.0
906,2015-03-17,11716.0,1427.0,1.0,1.0,0,0.0,2.0,0.9890402,0.14764656,1.0,6.123234e-17,1,0,0,1,15195.0,1,0.0,1,9211.0,1,9602.0,1,11391.0,1,0.0,1,7675.0,1,7392.0,9343.99,8753.421,15195.0
906,2015-03-18,10783.0,1287.0,1.0,1.0,0,0.0,3.0,0.9890402,0.14764656,1.0,6.123234e-17,1,0,0,1,11716.0,1,15195.0,1,9374.0,1,7897.0,1,11069.0,1,15509.0,1,0.0,1,0.0,10292.794,9411.771,-3479.0
906,2015-03-19,10223.0,1316.0,1.0,1.0,0,0.0,4.0,0.9890402,0.14764656,1.0,6.123234e-17,1,0,0,1,10783.0,1,11716.0,1,0.0,1,9072.0,1,9138.0,1,13413.0,1,6668.0,1,10869.0,10488.877,9716.489,-933.0
906,2015-03-20,11473.0,1345.0,1.0,1.0,0,0.0,5.0,0.9890402,0.14764656,1.0,6.123234e-17,1,0,0,1,10223.0,1,10783.0,1,15195.0,1,9229.0,1,0.0,1,11521.0,1,7906.0,1,10662.0,10382.526,9829.047,-560.0
906,2015-03-21,9022.0,1102.0,1.0,0.0,0,0.0,6.0,0.9890402,0.14764656,1.0,6.123234e-17,1,0,0,1,11473.0,1,10223.0,1,11716.0,1,9211.0,1,9602.0,1,11391.0,1,8317.0,1,9612.0,10818.716,10194.37,1250.0
906,2015-03-22,0.0,0.0,0.0,0.0,0,0.0,7.0,0.9890402,0.14764656,1.0,6.123234e-17,1,0,0,1,9022.0,1,11473.0,1,10783.0,1,9374.0,1,7897.0,1,11069.0,1,7683.0,1,9958.0,10100.029,9933.844,-2451.0
906,2015-03-23,9400.0,1134.0,1.0,0.0,0,0.0,1.0,0.99956083,0.029633328,1.0,6.123234e-17,1,0,0,1,0.0,1,9022.0,1,10223.0,1,0.0,1,9072.0,1,9138.0,1,11508.0,1,14707.0,6060.0176,7726.3228,-9022.0
906,2015-03-24,7867.0,1091.0,1.0,0.0,0,0.0,2.0,0.99956083,0.029633328,1.0,6.123234e-17,1,0,0,1,9400.0,1,0.0,1,11473.0,1,15195.0,1,9229.0,1,0.0,1,10810.0,1,10243.0,7396.0107,8098.251,9400.0
906,2015-03-25,8371.0,1147.0,1.0,0.0,0,0.0,3.0,0.99956083,0.029633328,1.0,6.123234e-17,1,0,0,1,7867.0,1,9400.0,1,9022.0,1,11716.0,1,9211.0,1,9602.0,1,0.0,1,0.0,7584.4062,8046.862,-1533.0
906,2015-03-26,7517.0,1044.0,1.0,0.0,0,0.0,4.0,0.99956083,0.029633328,1.0,6.123234e-17,1,0,0,1,8371.0,1,7867.0,1,0.0,1,10783.0,1,9374.0,1,7897.0,1,15509.0,1,17512.0,7899.044,8118.8926,504.0
906,2015-03-27,8359.0,1068.0,1.0,0.0,0,0.0,5.0,0.99956083,0.029633328,1.0,6.123234e-17,1,0,0,1,7517.0,1,8371.0,1,9400.0,1,10223.0,1,0.0,1,9072.0,1,13413.0,1,12080.0,7746.226,7985.1387,-854.0
906,2015-03-28,8367.0,1063.0,1.0,0.0,0,0.0,6.0,0.99956083,0.029633328,1.0,6.123234e-17,1,0,0,1,8359.0,1,7517.0,1,7867.0,1,11473.0,1,15195.0,1,9229.0,1,11521.0,1,14688.0,7991.336,8068.2188,842.0
906,2015-03-29,0.0,0.0,0.0,0.0,0,0.0,7.0,0.99956083,0.029633328,1.0,6.123234e-17,1,0,0,1,8367.0,1,8359.0,1,8371.0,1,9022.0,1,11716.0,1,9211.0,1,11391.0,1,10072.0,8141.6016,8134.6147,8.0
906,2015-03-30,14849.0,1490.0,1.0,1.0,0,1.0,1.0,0.9960498,-0.08879589,1.0,6.123234e-17,1,0,0,1,0.0,1,8367.0,1,7517.0,1,0.0,1,10783.0,1,9374.0,1,11069.0,1,11211.0,4884.961,6326.9224,-8367.0
906,2015-03-31,15172.0,1523.0,1.0,1.0,0,1.0,2.0,0.9960498,-0.08879589,1.0,6.123234e-17,1,0,1,1,14849.0,1,0.0,1,8359.0,1,9400.0,1,10223.0,1,0.0,1,9138.0,1,8769.0,8870.576,8220.718,14849.0
906,2015-04-01,14706.0,1556.0,1.0,1.0,0,1.0,3.0,0.9960498,-0.08879589,0.8660254,-0.5,2,1,0,1,15172.0,1,14849.0,1,8367.0,1,7867.0,1,11473.0,1,15195.0,1,0.0,1,0.0,11391.1455,9765.447,323.0
906,2015-04-02,15489.0,1647.0,1.0,1.0,0,1.0,4.0,0.9960498,-0.08879589,0.8660254,-0.5,2,0,0,1,14706.0,1,15172.0,1,0.0,1,8371.0,1,9022.0,1,11716.0,1,9602.0,1,8726.0,12717.088,10863.348,-466.0
906,2015-04-03,0.0,0.0,0.0,1.0,2,1.0,5.0,0.9960498,-0.08879589,0.8660254,-0.5,2,0,0,1,15489.0,1,14706.0,1,14849.0,1,7517.0,1,0.0,1,10783.0,1,7897.0,1,7722.0,13825.853,11891.2705,783.0
906,2015-04-04,11916.0,1332.0,1.0,0.0,0,1.0,6.0,0.9960498,-0.08879589,0.8660254,-0.5,2,0,0,1,0.0,1,15489.0,1,15172.0,1,8359.0,1,9400.0,1,10223.0,1,9072.0,1,7930.0,8295.512,9248.766,-15489.0
906,2015-04-05,0.0,0.0,0.0,0.0,0,1.0,7.0,0.9960498,-0.08879589,0.8660254,-0.5,2,0,0,1,11916.0,1,0.0,1,14706.0,1,8367.0,1,7867.0,1,11473.0,1,9229.0,1,7759.0,9743.707,9841.484,11916.0
906,2015-04-06,0.0,0.0,0.0,0.0,2,1.0,1.0,0.9785565,-0.20597862,0.8660254,-0.5,2,0,0,1,0.0,1,11916.0,1,15489.0,1,0.0,1,8371.0,1,9022.0,1,9211.0,1,10051.0,5846.224,7654.488,-11916.0
906,2015-04-07,12083.0,1446.0,1.0,0.0,0,1.0,2.0,0.9785565,-0.20597862,0.8660254,-0.5,2,0,0,1,0.0,1,0.0,1,0.0,1,14849.0,1,7517.0,1,0.0,1,9374.0,1,10015.0,3507.7344,5953.4907,0.0
906,2015-04-08,9434.0,1161.0,1.0,0.0,0,1.0,3.0,0.9785565,-0.20597862,0.8660254,-0.5,2,0,0,1,12083.0,1,0.0,1,11916.0,1,15172.0,1,8359.0,1,9400.0,1,0.0,1,0.0,6937.841,7315.604,12083.0
906,2015-04-09,8263.0,1075.0,1.0,0.0,0,1.0,4.0,0.9785565,-0.20597862,0.8660254,-0.5,2,0,0,1,9434.0,1,12083.0,1,0.0,1,14706.0,1,8367.0,1,7867.0,1,15195.0,1,13728.0,7936.304,7786.3584,-2649.0
906,2015-04-10,9125.0,1122.0,1.0,0.0,0,1.0,5.0,0.9785565,-0.20597862,0.8660254,-0.5,2,0,0,1,8263.0,1,9434.0,1,0.0,1,15489.0,1,0.0,1,8371.0,1,11716.0,1,10915.0,8066.9824,7892.279,-1171.0
906,2015-04-11,8700.0,1000.0,1.0,0.0,0,0.0,6.0,0.9785565,-0.20597862,0.8660254,-0.5,2,0,0,1,9125.0,1,8263.0,1,12083.0,1,0.0,1,14849.0,1,7517.0,1,10783.0,1,12683.0,8490.189,8166.217,862.0
906,2015-04-12,0.0,0.0,0.0,0.0,0,0.0,7.0,0.9785565,-0.20597862,0.8660254,-0.5,2,0,0,1,8700.0,1,9125.0,1,9434.0,1,11916.0,1,15172.0,1,8359.0,1,10223.0,1,10054.0,8574.113,8284.835,-425.0
906,2015-04-13,12878.0,1435.0,1.0,1.0,0,0.0,1.0,0.94732636,-0.32026985,0.8660254,-0.5,2,0,0,1,0.0,1,8700.0,1,8263.0,1,0.0,1,14706.0,1,8367.0,1,11473.0,1,11473.0,5144.4683,6443.7607,-8700.0
906,2015-04-14,11078.0,1306.0,1.0,1.0,0,0.0,2.0,0.94732636,-0.32026985,0.8660254,-0.5,2,0,0,1,12878.0,1,0.0,1,9125.0,1,0.0,1,15489.0,1,0.0,1,9022.0,1,7675.0,8237.881,7873.592,12878.0
906,2015-04-15,9999.0,1106.0,1.0,1.0,0,0.0,3.0,0.94732636,-0.32026985,0.8660254,-0.5,2,0,0,1,11078.0,1,12878.0,1,8700.0,1,12083.0,1,0.0,1,14849.0,1,0.0,1,0.0,9373.929,8585.683,-1800.0
906,2015-04-16,11242.0,1236.0,1.0,1.0,0,0.0,4.0,0.94732636,-0.32026985,0.8660254,-0.5,2,0,0,1,9999.0,1,11078.0,1,0.0,1,9434.0,1,11916.0,1,15172.0,1,9400.0,1,6668.0,9623.957,8899.753,-1079.0
906,2015-04-17,11487.0,1261.0,1.0,1.0,0,0.0,5.0,0.94732636,-0.32026985,0.8660254,-0.5,2,0,0,1,11242.0,1,9999.0,1,12878.0,1,8263.0,1,0.0,1,14706.0,1,7867.0,1,7906.0,10271.174,9420.252,1243.0
906,2015-04-18,9027.0,1055.0,1.0,0.0,0,0.0,6.0,0.94732636,-0.32026985,0.8660254,-0.5,2,0,0,1,11487.0,1,11242.0,1,11078.0,1,9125.0,1,0.0,1,15489.0,1,8371.0,1,8317.0,10757.505,9879.529,245.0
906,2015-04-19,0.0,0.0,0.0,0.0,0,0.0,7.0,0.94732636,-0.32026985,0.8660254,-0.5,2,0,0,1,9027.0,1,11487.0,1,9999.0,1,8700.0,1,12083.0,1,0.0,1,7517.0,1,7683.0,10065.303,9690.078,-2460.0
906,2015-04-20,9341.0,1174.0,1.0,0.0,0,0.0,1.0,0.9027978,-0.4300652,0.8660254,-0.5,2,0,0,1,0.0,1,9027.0,1,11242.0,1,0.0,1,9434.0,1,11916.0,1,8359.0,1,11508.0,6039.1816,7536.728,-9027.0
906,2015-04-21,7976.0,1054.0,1.0,0.0,0,0.0,2.0,0.9027978,-0.4300652,0.8660254,-0.5,2,0,0,1,9341.0,1,0.0,1,11487.0,1,12878.0,1,8263.0,1,0.0,1,8367.0,1,10810.0,7359.909,7937.6772,9341.0
906,2015-04-22,8129.0,998.0,1.0,0.0,0,0.0,3.0,0.9027978,-0.4300652,0.8660254,-0.5,2,0,0,1,7976.0,1,9341.0,1,9027.0,1,11078.0,1,9125.0,1,0.0,1,0.0,1,0.0,7606.345,7946.1934,-1365.0
906,2015-04-23,8162.0,1038.0,1.0,0.0,0,0.0,4.0,0.9027978,-0.4300652,0.8660254,-0.5,2,0,0,1,8129.0,1,7976.0,1,0.0,1,9999.0,1,8700.0,1,12083.0,1,14849.0,1,15509.0,7815.407,7986.817,153.0
906,2015-04-24,8556.0,1040.0,1.0,0.0,0,0.0,5.0,0.9027978,-0.4300652,0.8660254,-0.5,2,0,0,1,8162.0,1,8129.0,1,9341.0,1,11242.0,1,0.0,1,9434.0,1,15172.0,1,13413.0,7954.0444,8025.7466,33.0
906,2015-04-25,8189.0,962.0,1.0,0.0,0,0.0,6.0,0.9027978,-0.4300652,0.8660254,-0.5,2,0,0,1,8556.0,1,8162.0,1,7976.0,1,11487.0,1,12878.0,1,8263.0,1,14706.0,1,11521.0,8194.826,8143.5806,394.0
906,2015-04-26,0.0,0.0,0.0,0.0,0,0.0,7.0,0.9027978,-0.4300652,0.8660254,-0.5,2,0,0,1,8189.0,1,8556.0,1,8129.0,1,9027.0,1,11078.0,1,9125.0,1,15489.0,1,11391.0,8192.496,8153.674,-367.0
906,2015-04-27,12680.0,1312.0,1.0,1.0,0,0.0,1.0,0.845596,-0.5338234,0.8660254,-0.5,2,0,0,1,0.0,1,8189.0,1,8162.0,1,0.0,1,9999.0,1,8700.0,1,0.0,1,11069.0,4915.4976,6341.7466,-8189.0
906,2015-04-28,12316.0,1322.0,1.0,1.0,0,0.0,2.0,0.845596,-0.5338234,0.8660254,-0.5,2,0,0,1,12680.0,1,0.0,1,8556.0,1,9341.0,1,11242.0,1,0.0,1,11916.0,1,9138.0,8021.2983,7750.247,12680.0
906,2015-04-29,12152.0,1280.0,1.0,1.0,0,0.0,3.0,0.845596,-0.5338234,0.8660254,-0.5,2,0,0,1,12316.0,1,12680.0,1,8189.0,1,7976.0,1,11487.0,1,12878.0,1,0.0,1,0.0,9739.179,8764.859,-364.0
906,2015-04-30,15708.0,1633.0,1.0,1.0,0,0.0,4.0,0.845596,-0.5338234,0.8660254,-0.5,2,0,1,1,12152.0,1,12316.0,1,0.0,1,8129.0,1,9027.0,1,11078.0,1,0.0,1,9602.0,10704.308,9517.557,-164.0
906,2015-05-01,0.0,0.0,0.0,1.0,1,0.0,5.0,0.845596,-0.5338234,0.5,-0.8660254,2,1,0,1,15708.0,1,12152.0,1,12680.0,1,8162.0,1,0.0,1,9999.0,1,12083.0,1,7897.0,12705.784,10893.211,3556.0
906,2015-05-02,11417.0,1318.0,1.0,0.0,0,0.0,6.0,0.845596,-0.5338234,0.5,-0.8660254,2,0,0,1,0.0,1,15708.0,1,12316.0,1,8556.0,1,9341.0,1,11242.0,1,9434.0,1,9072.0,7623.4707,8472.497,-15708.0
906,2015-05-03,0.0,0.0,0.0,0.0,0,0.0,7.0,0.845596,-0.5338234,0.5,-0.8660254,2,0,0,1,11417.0,1,0.0,1,12152.0,1,8189.0,1,7976.0,1,11487.0,1,8263.0,1,9229.0,9140.883,9126.831,11417.0
906,2015-05-04,13712.0,1492.0,1.0,1.0,0,0.0,1.0,0.7765239,-0.63008785,0.5,-0.8660254,2,0,0,1,0.0,1,11417.0,1,15708.0,1,0.0,1,8129.0,1,9027.0,1,9125.0,1,9211.0,5484.5293,7098.6465,-11417.0
906,2015-05-05,12504.0,1391.0,1.0,1.0,0,0.0,2.0,0.7765239,-0.63008785,0.5,-0.8660254,2,0,0,1,13712.0,1,0.0,1,0.0,1,12680.0,1,8162.0,1,0.0,1,8700.0,1,9374.0,8775.518,8568.28,13712.0
906,2015-05-06,10801.0,1263.0,1.0,1.0,0,0.0,3.0,0.7765239,-0.63008785,0.5,-0.8660254,2,0,0,1,12504.0,1,13712.0,1,11417.0,1,12316.0,1,8556.0,1,9341.0,1,0.0,1,0.0,10266.91,9442.885,-1208.0
906,2015-05-07,10835.0,1277.0,1.0,1.0,0,0.0,4.0,0.7765239,-0.63008785,0.5,-0.8660254,2,0,0,1,10801.0,1,12504.0,1,0.0,1,12152.0,1,8189.0,1,7976.0,1,12878.0,1,15195.0,10480.546,9744.688,-1703.0
906,2015-05-08,11361.0,1316.0,1.0,1.0,0,0.0,5.0,0.7765239,-0.63008785,0.5,-0.8660254,2,0,0,1,10835.0,1,10801.0,1,13712.0,1,15708.0,1,0.0,1,8129.0,1,11078.0,1,11716.0,10622.328,9986.9795,34.0
906,2015-05-09,10503.0,1244.0,1.0,0.0,0,0.0,6.0,0.7765239,-0.63008785,0.5,-0.8660254,2,0,0,1,11361.0,1,10835.0,1,12504.0,1,0.0,1,12680.0,1,8162.0,1,9999.0,1,10783.0,10917.797,10292.317,526.0
906,2015-05-10,0.0,0.0,0.0,0.0,0,0.0,7.0,0.7765239,-0.63008785,0.5,-0.8660254,2,0,0,1,10503.0,1,11361.0,1,10801.0,1,11417.0,1,12316.0,1,8556.0,1,11242.0,1,10223.0,10751.878,10339.136,-858.0
906,2015-05-11,9181.0,1241.0,1.0,0.0,0,0.0,1.0,0.696551,-0.71750724,0.5,-0.8660254,2,0,0,1,0.0,1,10503.0,1,10835.0,1,0.0,1,12152.0,1,8189.0,1,11487.0,1,11473.0,6451.127,8041.5503,-10503.0
906,2015-05-12,8792.0,1158.0,1.0,0.0,0,0.0,2.0,0.696551,-0.71750724,0.5,-0.8660254,2,0,0,1,9181.0,1,0.0,1,11361.0,1,13712.0,1,15708.0,1,0.0,1,9027.0,1,9022.0,7543.076,8294.762,9181.0
906,2015-05-13,10171.0,1267.0,1.0,0.0,0,0.0,3.0,0.696551,-0.71750724,0.5,-0.8660254,2,0,0,1,8792.0,1,9181.0,1,10503.0,1,12504.0,1,0.0,1,12680.0,1,0.0,1,0.0,8042.6455,8405.259,-389.0
906,2015-05-14,0.0,0.0,0.0,0.0,1,0.0,4.0,0.696551,-0.71750724,0.5,-0.8660254,2,0,0,1,10171.0,1,8792.0,1,0.0,1,10801.0,1,11417.0,1,12316.0,1,9341.0,1,9400.0,8893.987,8797.6455,1379.0
906,2015-05-15,11980.0,1353.0,1.0,0.0,0,0.0,5.0,0.696551,-0.71750724,0.5,-0.8660254,2,0,0,1,0.0,1,10171.0,1,9181.0,1,10835.0,1,0.0,1,12152.0,1,7976.0,1,7867.0,5336.3926,6842.6133,-10171.0
906,2015-05-16,9496.0,1114.0,1.0,0.0,0,0.0,6.0,0.696551,-0.71750724,0.5,-0.8660254,2,0,0,1,11980.0,1,0.0,1,8792.0,1,11361.0,1,13712.0,1,15708.0,1,8129.0,1,8371.0,7993.8354,7984.255,11980.0
906,2015-05-17,0.0,0.0,0.0,0.0,0,0.0,7.0,0.696551,-0.71750724,0.5,-0.8660254,2,0,0,1,9496.0,1,11980.0,1,10171.0,1,10503.0,1,12504.0,1,0.0,1,8162.0,1,7517.0,8594.701,8320.198,-2484.0
906,2015-05-18,14102.0,1570.0,1.0,1.0,0,0.0,1.0,0.60680014,-0.79485446,0.5,-0.8660254,2,0,0,1,0.0,1,9496.0,1,0.0,1,0.0,1,10801.0,1,11417.0,1,8556.0,1,8359.0,5156.821,6471.265,-9496.0
906,2015-05-19,11668.0,1311.0,1.0,1.0,0,0.0,2.0,0.60680014,-0.79485446,0.5,-0.8660254,2,0,0,1,14102.0,1,0.0,1,11980.0,1,9181.0,1,10835.0,1,0.0,1,8189.0,1,8367.0,8734.893,8166.984,14102.0
906,2015-05-20,10916.0,1225.0,1.0,1.0,0,0.0,3.0,0.60680014,-0.79485446,0.5,-0.8660254,2,0,0,1,11668.0,1,14102.0,1,9496.0,1,8792.0,1,11361.0,1,13712.0,1,0.0,1,0.0,9908.136,8944.987,-2434.0
906,2015-05-21,11594.0,1315.0,1.0,1.0,0,0.0,4.0,0.60680014,-0.79485446,0.5,-0.8660254,2,0,0,1,10916.0,1,11668.0,1,0.0,1,10171.0,1,10503.0,1,12504.0,1,12680.0,1,14849.0,10311.281,9382.99,-752.0
906,2015-05-22,11530.0,1296.0,1.0,1.0,0,0.0,5.0,0.60680014,-0.79485446,0.5,-0.8660254,2,0,0,1,11594.0,1,10916.0,1,14102.0,1,0.0,1,0.0,1,10801.0,1,12316.0,1,15172.0,10824.369,9874.326,678.0
906,2015-05-23,9518.0,1085.0,1.0,0.0,0,0.0,6.0,0.60680014,-0.79485446,0.5,-0.8660254,2,0,0,1,11530.0,1,11594.0,1,11668.0,1,11980.0,1,9181.0,1,10835.0,1,12152.0,1,14706.0,11106.621,10242.254,-64.0
906,2015-05-24,0.0,0.0,0.0,0.0,0,0.0,7.0,0.60680014,-0.79485446,0.5,-0.8660254,2,0,0,1,9518.0,1,11530.0,1,10916.0,1,9496.0,1,8792.0,1,11361.0,1,15708.0,1,15489.0,10471.173,10081.309,-2012.0
906,2015-05-25,0.0,0.0,0.0,0.0,1,0.0,1.0,0.5085311,-0.86104363,0.5,-0.8660254,2,0,0,1,0.0,1,9518.0,1,11594.0,1,0.0,1,10171.0,1,10503.0,1,0.0,1,0.0,6282.7036,7841.0176,-9518.0
906,2015-05-26,10193.0,1290.0,1.0,0.0,0,0.0,2.0,0.5085311,-0.86104363,0.5,-0.8660254,2,0,0,1,0.0,1,0.0,1,11530.0,1,14102.0,1,0.0,1,0.0,1,11417.0,1,11916.0,3769.6223,6098.5693,0.0
906,2015-05-27,8875.0,1118.0,1.0,0.0,0,0.0,3.0,0.5085311,-0.86104363,0.5,-0.8660254,2,0,0,1,10193.0,1,0.0,1,9518.0,1,11668.0,1,11980.0,1,9181.0,1,0.0,1,0.0,6338.973,7008.443,10193.0
906,2015-05-28,8677.0,1101.0,1.0,0.0,0,0.0,4.0,0.5085311,-0.86104363,0.5,-0.8660254,2,0,0,1,8875.0,1,10193.0,1,0.0,1,10916.0,1,9496.0,1,8792.0,1,13712.0,1,0.0,7353.384,7423.2334,-1318.0
906,2015-05-29,12447.0,1331.0,1.0,0.0,0,0.0,5.0,0.5085311,-0.86104363,0.5,-0.8660254,2,0,0,1,8677.0,1,8875.0,1,0.0,1,11594.0,1,0.0,1,10171.0,1,12504.0,1,12083.0,7882.8306,7701.848,-198.0
906,2015-05-30,10945.0,1279.0,1.0,0.0,0,0.0,6.0,0.5085311,-0.86104363,0.5,-0.8660254,2,0,0,1,12447.0,1,8677.0,1,10193.0,1,11530.0,1,14102.0,1,0.0,1,10801.0,1,9434.0,9708.498,8756.326,3770.0
906,2015-05-31,0.0,0.0,0.0,0.0,0,0.0,7.0,0.5085311,-0.86104363,0.5,-0.8660254,2,0,1,1,10945.0,1,12447.0,1,8875.0,1,9518.0,1,11668.0,1,11980.0,1,10835.0,1,8263.0,10203.099,9242.698,-1502.0
906,2015-06-01,15493.0,1535.0,1.0,1.0,0,0.0,1.0,0.40312344,-0.91514564,1.2246469e-16,-1.0,2,1,0,1,0.0,1,10945.0,1,8677.0,1,0.0,1,10916.0,1,9496.0,1,11361.0,1,9125.0,6121.8594,7188.765,-10945.0
906,2015-06-02,14808.0,1536.0,1.0,1.0,0,0.0,2.0,0.40312344,-0.91514564,1.2246469e-16,-1.0,2,0,0,1,15493.0,1,0.0,1,12447.0,1,0.0,1,11594.0,1,0.0,1,10503.0,1,8700.0,9870.315,9034.15,15493.0
906,2015-06-03,13325.0,1536.0,1.0,1.0,0,0.0,3.0,0.40312344,-0.91514564,1.2246469e-16,-1.0,2,0,0,1,14808.0,1,15493.0,1,10945.0,1,10193.0,1,11530.0,1,14102.0,1,0.0,1,0.0,11845.39,10317.229,-685.0
906,2015-06-04,0.0,0.0,0.0,1.0,1,0.0,4.0,0.40312344,-0.91514564,1.2246469e-16,-1.0,2,0,0,1,13325.0,1,14808.0,1,0.0,1,8875.0,1,9518.0,1,11668.0,1,9181.0,1,12878.0,12437.233,10985.622,-1483.0
906,2015-06-05,14262.0,1563.0,1.0,1.0,0,0.0,5.0,0.40312344,-0.91514564,1.2246469e-16,-1.0,2,0,0,1,0.0,1,13325.0,1,15493.0,1,8677.0,1,0.0,1,10916.0,1,8792.0,1,11078.0,7462.3403,8544.373,-13325.0
906,2015-06-06,8977.0,1120.0,1.0,0.0,0,0.0,6.0,0.40312344,-0.91514564,1.2246469e-16,-1.0,2,0,0,1,14262.0,1,0.0,1,14808.0,1,12447.0,1,0.0,1,11594.0,1,10171.0,1,9999.0,10182.204,9814.957,14262.0
906,2015-06-07,0.0,0.0,0.0,0.0,0,0.0,7.0,0.40312344,-0.91514564,1.2246469e-16,-1.0,2,0,0,1,8977.0,1,14262.0,1,13325.0,1,10945.0,1,10193.0,1,11530.0,1,0.0,1,11242.0,9700.122,9628.744,-5285.0
906,2015-06-08,10517.0,1287.0,1.0,0.0,0,0.0,1.0,0.29205677,-0.956401,1.2246469e-16,-1.0,2,0,0,1,0.0,1,8977.0,1,0.0,1,0.0,1,8875.0,1,9518.0,1,11980.0,1,11487.0,5820.073,7489.023,-8977.0
906,2015-06-09,9201.0,1181.0,1.0,0.0,0,0.0,2.0,0.29205677,-0.956401,1.2246469e-16,-1.0,2,0,0,1,10517.0,1,0.0,1,14262.0,1,15493.0,1,8677.0,1,0.0,1,9496.0,1,9027.0,7698.844,8161.9067,10517.0
906,2015-06-10,8106.0,1091.0,1.0,0.0,0,0.0,3.0,0.29205677,-0.956401,1.2246469e-16,-1.0,2,0,0,1,9201.0,1,10517.0,1,8977.0,1,14808.0,1,12447.0,1,0.0,1,0.0,1,0.0,8299.706,8392.816,-1316.0
906,2015-06-11,8858.0,1135.0,1.0,0.0,0,0.0,4.0,0.29205677,-0.956401,1.2246469e-16,-1.0,2,0,0,1,8106.0,1,9201.0,1,0.0,1,13325.0,1,10945.0,1,10193.0,1,14102.0,1,9341.0,8222.224,8329.079,-1095.0
906,2015-06-12,8276.0,1074.0,1.0,0.0,0,0.0,5.0,0.29205677,-0.956401,1.2246469e-16,-1.0,2,0,0,1,8858.0,1,8106.0,1,10517.0,1,0.0,1,0.0,1,8875.0,1,11668.0,1,7976.0,8476.534,8446.617,752.0
906,2015-06-13,8855.0,1080.0,1.0,0.0,0,0.0,6.0,0.29205677,-0.956401,1.2246469e-16,-1.0,2,0,0,1,8276.0,1,8858.0,1,9201.0,1,14262.0,1,15493.0,1,8677.0,1,10916.0,1,8129.0,8396.32,8408.702,-582.0
906,2015-06-14,0.0,0.0,0.0,0.0,0,0.0,7.0,0.29205677,-0.956401,1.2246469e-16,-1.0,2,0,0,1,8855.0,1,8276.0,1,8106.0,1,8977.0,1,14808.0,1,12447.0,1,11594.0,1,8162.0,8579.792,8507.88,579.0
906,2015-06-15,15114.0,1550.0,1.0,1.0,0,0.0,1.0,0.17689027,-0.9842306,1.2246469e-16,-1.0,2,0,0,1,0.0,1,8855.0,1,8858.0,1,0.0,1,13325.0,1,10945.0,1,11530.0,1,8556.0,5147.8755,6617.2397,-8855.0
906,2015-06-16,12584.0,1394.0,1.0,1.0,0,0.0,2.0,0.17689027,-0.9842306,1.2246469e-16,-1.0,2,0,0,1,15114.0,1,0.0,1,8276.0,1,10517.0,1,0.0,1,0.0,1,9518.0,1,8189.0,9134.325,8505.408,15114.0
906,2015-06-17,14850.0,1375.0,1.0,1.0,0,0.0,3.0,0.17689027,-0.9842306,1.2246469e-16,-1.0,2,0,0,1,12584.0,1,15114.0,1,8855.0,1,9201.0,1,14262.0,1,15493.0,1,0.0,1,0.0,10514.195,9411.763,-2530.0
906,2015-06-18,9871.0,1104.0,1.0,1.0,0,0.0,4.0,0.17689027,-0.9842306,1.2246469e-16,-1.0,2,0,0,1,14850.0,1,12584.0,1,0.0,1,8106.0,1,8977.0,1,14808.0,1,0.0,1,12680.0,12248.517,10620.26,2266.0
906,2015-06-19,10635.0,1189.0,1.0,1.0,0,0.0,5.0,0.17689027,-0.9842306,1.2246469e-16,-1.0,2,0,0,1,9871.0,1,14850.0,1,15114.0,1,8858.0,1,0.0,1,13325.0,1,10193.0,1,12316.0,11297.51,10453.758,-4979.0
906,2015-06-20,9045.0,1058.0,1.0,0.0,0,0.0,6.0,0.17689027,-0.9842306,1.2246469e-16,-1.0,2,0,0,1,10635.0,1,9871.0,1,12584.0,1,8276.0,1,10517.0,1,0.0,1,8875.0,1,12152.0,11032.506,10494.033,764.0
906,2015-06-21,0.0,0.0,0.0,0.0,0,0.0,7.0,0.17689027,-0.9842306,1.2246469e-16,-1.0,2,0,0,1,9045.0,1,10635.0,1,14850.0,1,8855.0,1,9201.0,1,14262.0,1,8677.0,1,15708.0,10237.504,10172.026,-1590.0
906,2015-06-22,7663.0,998.0,1.0,0.0,0,0.0,1.0,0.059240628,-0.99824375,1.2246469e-16,-1.0,2,0,0,1,0.0,1,9045.0,1,9871.0,1,0.0,1,8106.0,1,8977.0,1,12447.0,1,0.0,6142.5024,7911.5757,-9045.0
906,2015-06-23,9376.0,1154.0,1.0,0.0,0,0.0,2.0,0.059240628,-0.99824375,1.2246469e-16,-1.0,2,0,0,1,7663.0,1,0.0,1,10635.0,1,15114.0,1,8858.0,1,0.0,1,10945.0,1,11417.0,6750.701,7856.337,7663.0
906,2015-06-24,7880.0,1082.0,1.0,0.0,0,0.0,3.0,0.059240628,-0.99824375,1.2246469e-16,-1.0,2,0,0,1,9376.0,1,7663.0,1,9045.0,1,12584.0,1,8276.0,1,10517.0,1,0.0,1,0.0,7800.821,8194.04,1713.0
906,2015-06-25,8147.0,1010.0,1.0,0.0,0,0.0,4.0,0.059240628,-0.99824375,1.2246469e-16,-1.0,2,0,0,1,7880.0,1,9376.0,1,0.0,1,14850.0,1,8855.0,1,9201.0,1,15493.0,1,13712.0,7832.4927,8124.253,-1496.0
906,2015-06-26,10228.0,1091.0,1.0,0.0,0,0.0,5.0,0.059240628,-0.99824375,1.2246469e-16,-1.0,2,0,0,1,8147.0,1,7880.0,1,7663.0,1,9871.0,1,0.0,1,8106.0,1,14808.0,1,12504.0,7958.2954,8129.308,267.0
906,2015-06-27,8385.0,1001.0,1.0,0.0,0,0.0,6.0,0.059240628,-0.99824375,1.2246469e-16,-1.0,2,0,0,1,10228.0,1,8147.0,1,9376.0,1,10635.0,1,15114.0,1,8858.0,1,13325.0,1,10801.0,8866.178,8595.684,2081.0
906,2015-06-28,0.0,0.0,0.0,0.0,0,0.0,7.0,0.059240628,-0.99824375,1.2246469e-16,-1.0,2,0,0,1,8385.0,1,10228.0,1,7880.0,1,9045.0,1,12584.0,1,8276.0,1,0.0,1,10835.0,8673.706,8548.865,-1843.0
906,2015-06-29,14985.0,1566.0,1.0,1.0,0,0.0,1.0,-0.059240628,-0.99824375,1.2246469e-16,-1.0,2,0,0,1,0.0,1,8385.0,1,8147.0,1,0.0,1,14850.0,1,8855.0,1,14262.0,1,11361.0,5204.2236,6649.1177,-8385.0
906,2015-06-30,14914.0,1510.0,1.0,1.0,0,0.0,2.0,-0.059240628,-0.99824375,1.2246469e-16,-1.0,2,0,1,1,14985.0,1,0.0,1,10228.0,1,7663.0,1,9871.0,1,0.0,1,8977.0,1,10503.0,9116.534,8501.536,14985.0
906,2015-07-01,12606.0,1348.0,1.0,1.0,0,0.0,3.0,-0.059240628,-0.99824375,-0.5,-0.8660254,3,1,0,1,14914.0,1,14985.0,1,8385.0,1,9376.0,1,10635.0,1,15114.0,1,0.0,1,0.0,11435.5205,9926.528,-71.0
906,2015-07-02,11543.0,1298.0,1.0,1.0,0,0.0,4.0,-0.059240628,-0.99824375,-0.5,-0.8660254,3,0,0,1,12606.0,1,14914.0,1,0.0,1,7880.0,1,9045.0,1,12584.0,1,10517.0,1,9181.0,11903.712,10521.966,-2308.0
906,2015-07-03,10740.0,1227.0,1.0,1.0,0,0.0,5.0,-0.059240628,-0.99824375,-0.5,-0.8660254,3,0,0,1,11543.0,1,12606.0,1,14985.0,1,8147.0,1,0.0,1,14850.0,1,9201.0,1,8792.0,11759.428,10748.862,-1063.0
906,2015-07-04,8394.0,1047.0,1.0,0.0,0,0.0,6.0,-0.059240628,-0.99824375,-0.5,-0.8660254,3,0,0,1,10740.0,1,11543.0,1,14914.0,1,10228.0,1,7663.0,1,9871.0,1,8106.0,1,10171.0,11351.656,10746.894,-803.0
906,2015-07-05,0.0,0.0,0.0,0.0,0,0.0,7.0,-0.059240628,-0.99824375,-0.5,-0.8660254,3,0,0,1,8394.0,1,10740.0,1,12606.0,1,8385.0,1,9376.0,1,10635.0,1,8858.0,1,0.0,10168.594,10224.028,-2346.0
906,2015-07-06,10860.0,1351.0,1.0,0.0,0,0.0,1.0,-0.17689027,-0.9842306,-0.5,-0.8660254,3,0,0,1,0.0,1,8394.0,1,11543.0,1,0.0,1,7880.0,1,9045.0,1,8276.0,1,11980.0,6101.1562,7952.022,-8394.0
906,2015-07-07,8178.0,1120.0,1.0,0.0,0,0.0,2.0,-0.17689027,-0.9842306,-0.5,-0.8660254,3,0,0,1,10860.0,1,0.0,1,10740.0,1,14985.0,1,8147.0,1,0.0,1,8855.0,1,9496.0,8004.694,8598.239,10860.0
906,2015-07-08,9375.0,1132.0,1.0,0.0,0,0.0,3.0,-0.17689027,-0.9842306,-0.5,-0.8660254,3,0,0,1,8178.0,1,10860.0,1,8394.0,1,14914.0,1,10228.0,1,7663.0,1,0.0,1,0.0,8074.016,8504.853,-2682.0
906,2015-07-09,9146.0,1135.0,1.0,0.0,0,0.0,4.0,-0.17689027,-0.9842306,-0.5,-0.8660254,3,0,0,1,9375.0,1,8178.0,1,0.0,1,12606.0,1,8385.0,1,9376.0,1,15114.0,1,14102.0,8594.41,8698.219,1197.0
906,2015-07-10,9317.0,1115.0,1.0,0.0,0,0.0,5.0,-0.17689027,-0.9842306,-0.5,-0.8660254,3,0,0,1,9146.0,1,9375.0,1,10860.0,1,11543.0,1,0.0,1,7880.0,1,12584.0,1,11668.0,8815.046,8797.726,-229.0
906,2015-07-11,8699.0,1075.0,1.0,0.0,0,0.0,6.0,-0.17689027,-0.9842306,-0.5,-0.8660254,3,0,0,1,9317.0,1,9146.0,1,8178.0,1,10740.0,1,14985.0,1,8147.0,1,14850.0,1,10916.0,9015.827,8913.12,171.0
906,2015-07-12,0.0,0.0,0.0,0.0,0,0.0,7.0,-0.17689027,-0.9842306,-0.5,-0.8660254,3,0,0,1,8699.0,1,9317.0,1,9375.0,1,8394.0,1,14914.0,1,10228.0,1,9871.0,1,11594.0,8889.097,8865.538,-618.0
906,2015-07-13,14150.0,1485.0,1.0,1.0,0,0.0,1.0,-0.29205677,-0.956401,-0.5,-0.8660254,3,0,0,1,0.0,1,8699.0,1,9146.0,1,0.0,1,12606.0,1,8385.0,1,10635.0,1,11530.0,5333.458,6895.4185,-8699.0
906,2015-07-14,13361.0,1369.0,1.0,1.0,0,0.0,2.0,-0.29205677,-0.956401,-0.5,-0.8660254,3,0,0,1,14150.0,1,0.0,1,9317.0,1,10860.0,1,11543.0,1,0.0,1,9045.0,1,9518.0,8860.075,8507.548,14150.0
906,2015-07-15,12102.0,1344.0,1.0,1.0,0,0.0,3.0,-0.29205677,-0.956401,-0.5,-0.8660254,3,0,0,1,13361.0,1,14150.0,1,8699.0,1,8178.0,1,10740.0,1,14985.0,1,0.0,1,0.0,10660.445,9586.093,-789.0
906,2015-07-16,10935.0,1293.0,1.0,1.0,0,0.0,4.0,-0.29205677,-0.956401,-0.5,-0.8660254,3,0,0,1,12102.0,1,13361.0,1,0.0,1,9375.0,1,8394.0,1,14914.0,1,7663.0,1,0.0,11237.067,10145.183,-1259.0
906,2015-07-17,9819.0,1183.0,1.0,1.0,0,0.0,5.0,-0.29205677,-0.956401,-0.5,-0.8660254,3,0,0,1,10935.0,1,12102.0,1,14150.0,1,9146.0,1,0.0,1,12606.0,1,9376.0,1,10193.0,11116.24,10320.698,-1167.0
906,2015-07-18,9001.0,1044.0,1.0,0.0,0,0.0,6.0,-0.29205677,-0.956401,-0.5,-0.8660254,3,0,0,1,9819.0,1,10935.0,1,13361.0,1,9317.0,1,10860.0,1,11543.0,1,7880.0,1,8875.0,10597.344,10209.21,-1116.0
906,2015-07-19,0.0,0.0,0.0,0.0,0,0.0,7.0,-0.29205677,-0.956401,-0.5,-0.8660254,3,0,0,1,9001.0,1,9819.0,1,12102.0,1,8699.0,1,8178.0,1,10740.0,1,8147.0,1,8677.0,9958.807,9940.719,-818.0
906,2015-07-20,10464.0,1270.0,1.0,0.0,0,0.0,1.0,-0.40312344,-0.91514564,-0.5,-0.8660254,3,0,0,1,0.0,1,9001.0,1,10935.0,1,0.0,1,9375.0,1,8394.0,1,10228.0,1,12447.0,5975.2837,7731.67,-9001.0
906,2015-07-21,9709.0,1237.0,1.0,0.0,0,0.0,2.0,-0.40312344,-0.91514564,-0.5,-0.8660254,3,0,0,1,10464.0,1,0.0,1,9819.0,1,14150.0,1,9146.0,1,0.0,1,8385.0,1,10945.0,7770.7705,8338.8545,10464.0
906,2015-07-22,9462.0,1108.0,1.0,0.0,0,0.0,3.0,-0.40312344,-0.91514564,-0.5,-0.8660254,3,0,0,1,9709.0,1,10464.0,1,9001.0,1,13361.0,1,9317.0,1,10860.0,1,0.0,1,0.0,8546.0625,8643.331,-755.0
906,2015-07-23,10407.0,1224.0,1.0,0.0,0,0.0,4.0,-0.40312344,-0.91514564,-0.5,-0.8660254,3,0,0,1,9462.0,1,9709.0,1,0.0,1,12102.0,1,8699.0,1,8178.0,1,14985.0,1,15493.0,8912.4375,8825.258,-247.0
906,2015-07-24,9609.0,1123.0,1.0,0.0,0,0.0,5.0,-0.40312344,-0.91514564,-0.5,-0.8660254,3,0,0,1,10407.0,1,9462.0,1,10464.0,1,10935.0,1,0.0,1,9375.0,1,14914.0,1,14808.0,9510.263,9176.756,945.0
906,2015-07-25,8955.0,974.0,1.0,0.0,0,0.0,6.0,-0.40312344,-0.91514564,-0.5,-0.8660254,3,0,0,1,9609.0,1,10407.0,1,9709.0,1,9819.0,1,14150.0,1,9146.0,1,12606.0,1,13325.0,9549.758,9272.811,-798.0
906,2015-07-26,0.0,0.0,0.0,0.0,0,0.0,7.0,-0.40312344,-0.91514564,-0.5,-0.8660254,3,0,0,1,8955.0,1,9609.0,1,9462.0,1,9001.0,1,13361.0,1,9317.0,1,11543.0,1,0.0,9311.8545,9202.186,-654.0
906,2015-07-27,13997.0,1397.0,1.0,1.0,0,1.0,1.0,-0.5085311,-0.86104363,-0.5,-0.8660254,3,0,0,1,0.0,1,8955.0,1,10407.0,1,0.0,1,12102.0,1,8699.0,1,10740.0,1,14262.0,5587.113,7157.2554,-8955.0
906,2015-07-28,12122.0,1273.0,1.0,1.0,0,1.0,2.0,-0.5085311,-0.86104363,-0.5,-0.8660254,3,0,0,1,13997.0,1,0.0,1,9609.0,1,10464.0,1,10935.0,1,0.0,1,8394.0,1,8977.0,8951.067,8677.199,13997.0
906,2015-07-29,10556.0,1147.0,1.0,1.0,0,1.0,3.0,-0.5085311,-0.86104363,-0.5,-0.8660254,3,0,0,1,12122.0,1,13997.0,1,8955.0,1,9709.0,1,9819.0,1,14150.0,1,0.0,1,0.0,10219.44,9442.71,-1875.0
906,2015-07-30,11907.0,1274.0,1.0,1.0,0,1.0,4.0,-0.5085311,-0.86104363,-0.5,-0.8660254,3,0,0,1,10556.0,1,12122.0,1,0.0,1,9462.0,1,9001.0,1,13361.0,1,10860.0,1,10517.0,10354.064,9690.107,-1566.0
906,2015-07-31,15131.0,1482.0,1.0,1.0,0,1.0,5.0,-0.5085311,-0.86104363,-0.5,-0.8660254,3,0,1,1,11907.0,1,10556.0,1,13997.0,1,10407.0,1,0.0,1,12102.0,1,8178.0,1,9201.0,10975.238,10182.751,1351.0
