id,timestamp,target,Customers,Open,Promo,StateHoliday,SchoolHoliday,DayOfWeek,week_sin,week_cos,month_sin,month_cos,quarter,is_month_start,is_month_end,lag_1_known,lag_1,lag_2_known,lag_2,lag_4_known,lag_4,lag_8_known,lag_8,lag_12_known,lag_12,lag_16_known,lag_16,lag_24_known,lag_24,lag_52_known,lag_52,ema_4,ema_8,chg_1
892,2013-01-01,0.0,0.0,0.0,0.0,1,1.0,2.0,0.11827317,0.9929811,0.5,0.8660254,1,1,0,0,0.0,0,0.0,0,0.0,0,0.0,0,0.0,0,0.0,0,0.0,0,0.0,0.0,0.0,0.0
892,2013-01-02,7403.0,833.0,1.0,0.0,0,1.0,3.0,0.11827317,0.9929811,0.5,0.8660254,1,0,0,1,0.0,0,0.0,0,0.0,0,0.0,0,0.0,0,0.0,0,0.0,0,0.0,0.0,0.0,0.0
892,2013-01-03,6726.0,836.0,1.0,0.0,0,0.0,4.0,0.11827317,0.9929811,0.5,0.8660254,1,0,0,1,7403.0,1,0.0,0,0.0,0,0.0,0,0.0,0,0.0,0,0.0,0,0.0,2961.2,1645.1111,7403.0
892,2013-01-04,8313.0,961.0,1.0,0.0,0,0.0,5.0,0.11827317,0.9929811,0.5,0.8660254,1,0,0,1,6726.0,1,7403.0,0,0.0,0,0.0,0,0.0,0,0.0,0,0.0,0,0.0,4467.12,2774.1975,-677.0
892,2013-01-05,3051.0,329.0,1.0,0.0,0,0.0,6.0,0.11827317,0.9929811,0.5,0.8660254,1,0,0,1,8313.0,1,6726.0,1,0.0,0,0.0,0,0.0,0,0.0,0,0.0,0,0.0,6005.472,4005.0425,1587.0
892,2013-01-06,0.0,0.0,0.0,0.0,0,0.0,7.0,0.11827317,0.9929811,0.5,0.8660254,1,0,0,1,3051.0,1,8313.0,1,7403.0,0,0.0,0,0.0,0,0.0,0,0.0,0,0.0,4823.683,3793.033,-5262.0
892,2013-01-07,13104.0,1131.0,1.0,1.0,0,0.0,1.0,0.23488605,0.9720229,0.5,0.8660254,1,0,0,1,0.0,1,3051.0,1,6726.0,0,0.0,0,0.0,0,0.0,0,0.0,0,0.0,2894.21,2950.1367,-3051.0
892,2013-01-08,9651.0,933.0,1.0,1.0,0,0.0,2.0,0.23488605,0.9720229,0.5,0.8660254,1,0,0,1,13104.0,1,0.0,1,8313.0,0,0.0,0,0.0,0,0.0,0,0.0,0,0.0,6978.126,5206.551,13104.0
892,2013-01-09,9278.0,875.0,1.0,1.0,0,0.0,3.0,0.23488605,0.9720229,0.5,0.8660254,1,0,0,1,9651.0,1,13104.0,1,3051.0,1,0.0,0,0.0,0,0.0,0,0.0,0,0.0,8047.2754,6194.206,-3453.0
892,2013-01-10,8748.0,894.0,1.0,1.0,0,0.0,4.0,0.23488605,0.9720229,0.5,0.8660254,1,0,0,1,9278.0,1,9651.0,1,0.0,1,7403.0,0,0.0,0,0.0,0,0.0,0,0.0,8539.565,6879.4937,-373.0
892,2013-01-11,8146.0,864.0,1.0,1.0,0,0.0,5.0,0.23488605,0.9720229,0.5,0.8660254,1,0,0,1,8748.0,1,9278.0,1,13104.0,1,6726.0,0,0.0,0,0.0,0,0.0,0,0.0,8622.939,7294.7173,-530.0
892,2013-01-12,3197.0,314.0,1.0,0.0,0,0.0,6.0,0.23488605,0.9720229,0.5,0.8660254,1,0,0,1,8146.0,1,8748.0,1,9651.0,1,8313.0,0,0.0,0,0.0,0,0.0,0,0.0,8432.163,7483.891,-602.0
892,2013-01-13,0.0,0.0,0.0,0.0,0,0.0,7.0,0.23488605,0.9720229,0.5,0.8660254,1,0,0,1,3197.0,1,8146.0,1,9278.0,1,3051.0,1,0.0,0,0.0,0,0.0,0,0.0,6338.098,6531.2485,-4949.0
892,2013-01-14,6488.0,758.0,1.0,0.0,0,0.0,1.0,0.34820163,0.93741965,0.5,0.8660254,1,0,0,1,0.0,1,3197.0,1,8748.0,1,0.0,1,7403.0,0,0.0,0,0.0,0,0.0,3802.859,5079.8604,-3197.0
892,2013-01-15,6507.0,743.0,1.0,0.0,0,0.0,2.0,0.34820163,0.93741965,0.5,0.8660254,1,0,0,1,6488.0,1,0.0,1,8146.0,1,13104.0,1,6726.0,0,0.0,0,0.0,0,0.0,4876.9155,5392.7803,6488.0
892,2013-01-16,5752.0,653.0,1.0,0.0,0,0.0,3.0,0.34820163,0.93741965,0.5,0.8660254,1,0,0,1,6507.0,1,6488.0,1,3197.0,1,9651.0,1,8313.0,0,0.0,0,0.0,0,0.0,5528.949,5640.385,19.0
892,2013-01-17,6104.0,731.0,1.0,0.0,0,0.0,4.0,0.34820163,0.93741965,0.5,0.8660254,1,0,0,1,5752.0,1,6507.0,1,0.0,1,9278.0,1,3051.0,1,0.0,0,0.0,0,0.0,5618.1694,5665.188,-755.0
892,2013-01-18,7244.0,870.0,1.0,0.0,0,0.0,5.0,0.34820163,0.93741965,0.5,0.8660254,1,0,0,1,6104.0,1,5752.0,1,6488.0,1,8748.0,1,0.0,1,7403.0,0,0.0,0,0.0,5812.502,5762.7017,352.0
892,2013-01-19,3043.0,303.0,1.0,0.0,0,0.0,6.0,0.34820163,0.93741965,0.5,0.8660254,1,0,0,1,7244.0,1,6104.0,1,6507.0,1,8146.0,1,13104.0,1,6726.0,0,0.0,0,0.0,6385.101,6091.879,1140.0
892,2013-01-20,0.0,0.0,0.0,0.0,0,0.0,7.0,0.34820163,0.93741965,0.5,0.8660254,1,0,0,1,3043.0,1,7244.0,1,5752.0,1,3197.0,1,9651.0,1,8313.0,0,0.0,0,0.0,5048.2607,5414.3506,-4201.0
892,2013-01-21,10169.0,902.0,1.0,1.0,0,0.0,1.0,0.45662925,0.8896571,0.5,0.8660254,1,0,0,1,0.0,1,3043.0,1,6104.0,1,0.0,1,9278.0,1,3051.0,0,0.0,0,0.0,3028.9563,4211.1616,-3043.0
892,2013-01-22,8609.0,851.0,1.0,1.0,0,0.0,2.0,0.45662925,0.8896571,0.5,0.8660254,1,0,0,1,10169.0,1,0.0,1,7244.0,1,6488.0,1,8748.0,1,0.0,0,0.0,0,0.0,5884.9736,5535.1255,10169.0
892,2013-01-23,7812.0,788.0,1.0,1.0,0,0.0,3.0,0.45662925,0.8896571,0.5,0.8660254,1,0,0,1,8609.0,1,10169.0,1,3043.0,1,6507.0,1,8146.0,1,13104.0,0,0.0,0,0.0,6974.5845,6218.209,-1560.0
892,2013-01-24,8519.0,838.0,1.0,1.0,0,0.0,4.0,0.45662925,0.8896571,0.5,0.8660254,1,0,0,1,7812.0,1,8609.0,1,0.0,1,5752.0,1,3197.0,1,9651.0,0,0.0,0,0.0,7309.551,6572.385,-797.0
892,2013-01-25,8834.0,949.0,1.0,1.0,0,0.0,5.0,0.45662925,0.8896571,0.5,0.8660254,1,0,0,1,8519.0,1,7812.0,1,10169.0,1,6104.0,1,0.0,1,9278.0,1,0.0,0,0.0,7793.3306,7004.966,707.0
892,2013-01-26,2800.0,297.0,1.0,0.0,0,0.0,6.0,0.45662925,0.8896571,0.5,0.8660254,1,0,0,1,8834.0,1,8519.0,1,8609.0,1,7244.0,1,6488.0,1,8748.0,1,7403.0,0,0.0,8209.599,7411.418,315.0
892,2013-01-27,0.0,0.0,0.0,0.0,0,0.0,7.0,0.45662925,0.8896571,0.5,0.8660254,1,0,0,1,2800.0,1,8834.0,1,7812.0,1,3043.0,1,6507.0,1,8146.0,1,6726.0,0,0.0,6045.759,6386.658,-6034.0
892,2013-01-28,5819.0,690.0,1.0,0.0,0,0.0,1.0,0.55864674,0.82940567,0.5,0.8660254,1,0,0,1,0.0,1,2800.0,1,8519.0,1,0.0,1,5752.0,1,3197.0,1,8313.0,0,0.0,3627.4553,4967.401,-2800.0
892,2013-01-29,5780.0,650.0,1.0,0.0,0,0.0,2.0,0.55864674,0.82940567,0.5,0.8660254,1,0,0,1,5819.0,1,0.0,1,8834.0,1,10169.0,1,6104.0,1,0.0,1,3051.0,0,0.0,4504.073,5156.645,5819.0
892,2013-01-30,6412.0,729.0,1.0,0.0,0,0.0,3.0,0.55864674,0.82940567,0.5,0.8660254,1,0,0,1,5780.0,1,5819.0,1,2800.0,1,8609.0,1,7244.0,1,6488.0,1,0.0,0,0.0,5014.444,5295.1685,-39.0
892,2013-01-31,7597.0,841.0,1.0,0.0,0,0.0,4.0,0.55864674,0.82940567,0.5,0.8660254,1,0,1,1,6412.0,1,5780.0,1,0.0,1,7812.0,1,3043.0,1,6507.0,1,13104.0,0,0.0,5573.4663,5543.353,632.0
892,2013-02-01,8034.0,944.0,1.0,0.0,0,0.0,5.0,0.55864674,0.82940567,0.8660254,0.5,1,1,0,1,7597.0,1,6412.0,1,5819.0,1,8519.0,1,0.0,1,5752.0,1,9651.0,0,0.0,6382.88,5999.719,1185.0
892,2013-02-02,3002.0,311.0,1.0,0.0,0,0.0,6.0,0.55864674,0.82940567,0.8660254,0.5,1,0,0,1,8034.0,1,7597.0,1,5780.0,1,8834.0,1,10169.0,1,6104.0,1,9278.0,0,0.0,7043.328,6451.7817,437.0
892,2013-02-03,0.0,0.0,0.0,0.0,0,0.0,7.0,0.55864674,0.82940567,0.8660254,0.5,1,0,0,1,3002.0,1,8034.0,1,6412.0,1,2800.0,1,8609.0,1,7244.0,1,8748.0,0,0.0,5426.797,5685.1636,-5032.0
892,2013-02-04,10503.0,924.0,1.0,1.0,0,1.0,1.0,0.65282214,0.75751126,0.8660254,0.5,1,0,0,1,0.0,1,3002.0,1,7597.0,1,0.0,1,7812.0,1,3043.0,1,8146.0,0,0.0,3256.0781,4421.794,-3002.0
892,2013-02-05,10406.0,997.0,1.0,1.0,0,1.0,2.0,0.65282214,0.75751126,0.8660254,0.5,1,0,0,1,10503.0,1,0.0,1,8034.0,1,5819.0,1,8519.0,1,0.0,1,3197.0,0,0.0,6154.8467,5773.173,10503.0
892,2013-02-06,7424.0,769.0,1.0,1.0,0,1.0,3.0,0.65282214,0.75751126,0.8660254,0.5,1,0,0,1,10406.0,1,10503.0,1,3002.0,1,5780.0,1,8834.0,1,10169.0,1,0.0,0,0.0,7855.308,6802.69,-97.0
892,2013-02-07,8308.0,850.0,1.0,1.0,0,1.0,4.0,0.65282214,0.75751126,0.8660254,0.5,1,0,0,1,7424.0,1,10406.0,1,0.0,1,6412.0,1,2800.0,1,8609.0,1,6488.0,0,0.0,7682.7847,6940.759,-2982.0
892,2013-02-08,8952.0,945.0,1.0,1.0,0,1.0,5.0,0.65282214,0.75751126,0.8660254,0.5,1,0,0,1,8308.0,1,7424.0,1,10503.0,1,7597.0,1,0.0,1,7812.0,1,6507.0,0,0.0,7932.871,7244.5903,884.0
892,2013-02-09,3459.0,356.0,1.0,0.0,0,0.0,6.0,0.65282214,0.75751126,0.8660254,0.5,1,0,0,1,8952.0,1,8308.0,1,10406.0,1,8034.0,1,5819.0,1,8519.0,1,5752.0,0,0.0,8340.522,7624.0146,644.0
892,2013-02-10,0.0,0.0,0.0,0.0,0,0.0,7.0,0.65282214,0.75751126,0.8660254,0.5,1,0,0,1,3459.0,1,8952.0,1,7424.0,1,3002.0,1,5780.0,1,8834.0,1,6104.0,0,0.0,6387.9136,6698.456,-5493.0
892,2013-02-11,6884.0,778.0,1.0,0.0,0,1.0,1.0,0.73783326,0.674983,0.8660254,0.5,1,0,0,1,0.0,1,3459.0,1,8308.0,1,0.0,1,6412.0,1,2800.0,1,7244.0,0,0.0,3832.748,5209.91,-3459.0
892,2013-02-12,5368.0,609.0,1.0,0.0,0,1.0,2.0,0.73783326,0.674983,0.8660254,0.5,1,0,0,1,6884.0,1,0.0,1,8952.0,1,10503.0,1,7597.0,1,0.0,1,3043.0,0,0.0,5053.249,5581.93,6884.0
892,2013-02-13,5979.0,670.0,1.0,0.0,0,1.0,3.0,0.73783326,0.674983,0.8660254,0.5,1,0,0,1,5368.0,1,6884.0,1,3459.0,1,10406.0,1,8034.0,1,5819.0,1,0.0,0,0.0,5179.1494,5534.39,-1516.0
892,2013-02-14,6858.0,799.0,1.0,0.0,0,1.0,4.0,0.73783326,0.674983,0.8660254,0.5,1,0,0,1,5979.0,1,5368.0,1,0.0,1,7424.0,1,3002.0,1,5780.0,1,10169.0,0,0.0,5499.0894,5633.1924,611.0
892,2013-02-15,6967.0,835.0,1.0,0.0,0,1.0,5.0,0.73783326,0.674983,0.8660254,0.5,1,0,0,1,6858.0,1,5979.0,1,6884.0,1,8308.0,1,0.0,1,6412.0,1,8609.0,0,0.0,6042.654,5905.3716,879.0
892,2013-02-16,2874.0,295.0,1.0,0.0,0,0.0,6.0,0.73783326,0.674983,0.8660254,0.5,1,0,0,1,6967.0,1,6858.0,1,5368.0,1,8952.0,1,10503.0,1,7597.0,1,7812.0,0,0.0,6412.392,6141.289,109.0
892,2013-02-17,0.0,0.0,0.0,0.0,0,0.0,7.0,0.73783326,0.674983,0.8660254,0.5,1,0,0,1,2874.0,1,6967.0,1,5979.0,1,3459.0,1,10406.0,1,8034.0,1,8519.0,0,0.0,4997.035,5415.225,-4093.0
892,2013-02-18,13186.0,1148.0,1.0,1.0,0,0.0,1.0,0.8124869,0.5829795,0.8660254,0.5,1,0,0,1,0.0,1,2874.0,1,6858.0,1,0.0,1,7424.0,1,3002.0,1,8834.0,0,0.0,2998.2212,4211.842,-2874.0
892,2013-02-19,7765.0,737.0,1.0,1.0,0,0.0,2.0,0.8124869,0.5829795,0.8660254,0.5,1,0,0,1,13186.0,1,0.0,1,6967.0,1,6884.0,1,8308.0,1,0.0,1,2800.0,0,0.0,7073.3325,6206.099,13186.0
892,2013-02-20,7476.0,744.0,1.0,1.0,0,0.0,3.0,0.8124869,0.5829795,0.8660254,0.5,1,0,0,1,7765.0,1,13186.0,1,2874.0,1,5368.0,1,8952.0,1,10503.0,1,0.0,0,0.0,7349.9995,6552.5215,-5421.0
892,2013-02-21,7850.0,802.0,1.0,1.0,0,0.0,4.0,0.8124869,0.5829795,0.8660254,0.5,1,0,0,1,7476.0,1,7765.0,1,0.0,1,5979.0,1,3459.0,1,10406.0,1,5819.0,0,0.0,7400.4,6757.739,-289.0
892,2013-02-22,8688.0,922.0,1.0,1.0,0,0.0,5.0,0.8124869,0.5829795,0.8660254,0.5,1,0,0,1,7850.0,1,7476.0,1,13186.0,1,6858.0,1,0.0,1,7424.0,1,5780.0,1,0.0,7580.2397,7000.4634,374.0
892,2013-02-23,2366.0,264.0,1.0,0.0,0,0.0,6.0,0.8124869,0.5829795,0.8660254,0.5,1,0,0,1,8688.0,1,7850.0,1,7765.0,1,6967.0,1,6884.0,1,8308.0,1,6412.0,1,7403.0,8023.3438,7375.4717,838.0
892,2013-02-24,0.0,0.0,0.0,0.0,0,0.0,7.0,0.8124869,0.5829795,0.8660254,0.5,1,0,0,1,2366.0,1,8688.0,1,7476.0,1,2874.0,1,5368.0,1,8952.0,1,7597.0,1,6726.0,5760.4062,6262.256,-6322.0
892,2013-02-25,5807.0,702.0,1.0,0.0,0,0.0,1.0,0.8757349,0.4827922,0.8660254,0.5,1,0,0,1,0.0,1,2366.0,1,7850.0,1,0.0,1,5979.0,1,3459.0,1,8034.0,1,8313.0,3456.244,4870.6436,-2366.0
892,2013-02-26,6246.0,720.0,1.0,0.0,0,0.0,2.0,0.8757349,0.4827922,0.8660254,0.5,1,0,0,1,5807.0,1,0.0,1,8688.0,1,13186.0,1,6858.0,1,0.0,1,3002.0,1,3051.0,4396.5464,5078.7227,5807.0
892,2013-02-27,5904.0,660.0,1.0,0.0,0,0.0,3.0,0.8757349,0.4827922,0.8660254,0.5,1,0,0,1,6246.0,1,5807.0,1,2366.0,1,7765.0,1,6967.0,1,6884.0,1,0.0,1,0.0,5136.3276,5338.1177,439.0
892,2013-02-28,7230.0,803.0,1.0,0.0,0,0.0,4.0,0.8757349,0.4827922,0.8660254,0.5,1,0,1,1,5904.0,1,6246.0,1,0.0,1,7476.0,1,2874.0,1,5368.0,1,10503.0,1,13104.0,5443.3965,5463.869,-342.0
892,2013-03-01,7629.0,945.0,1.0,0.0,0,0.0,5.0,0.8757349,0.4827922,1.0,6.123234e-17,1,1,0,1,7230.0,1,5904.0,1,5807.0,1,7850.0,1,0.0,1,5979.0,1,10406.0,1,9651.0,6158.038,5856.343,1326.0
892,2013-03-02,3745.0,362.0,1.0,0.0,0,0.0,6.0,0.8757349,0.4827922,1.0,6.123234e-17,1,0,0,1,7629.0,1,7230.0,1,6246.0,1,8688.0,1,13186.0,1,6858.0,1,7424.0,1,9278.0,6746.423,6250.2666,399.0
892,2013-03-03,0.0,0.0,0.0,0.0,0,0.0,7.0,0.8757349,0.4827922,1.0,6.123234e-17,1,0,0,1,3745.0,1,7629.0,1,5904.0,1,2366.0,1,7765.0,1,6967.0,1,8308.0,1,8748.0,5545.8535,5693.5405,-3884.0
892,2013-03-04,13374.0,1157.0,1.0,1.0,0,0.0,1.0,0.9266896,0.37582758,1.0,6.123234e-17,1,0,0,1,0.0,1,3745.0,1,7230.0,1,0.0,1,7476.0,1,2874.0,1,8952.0,1,8146.0,3327.5122,4428.3096,-3745.0
892,2013-03-05,11017.0,1048.0,1.0,1.0,0,0.0,2.0,0.9266896,0.37582758,1.0,6.123234e-17,1,0,0,1,13374.0,1,0.0,1,7629.0,1,5807.0,1,7850.0,1,0.0,1,3459.0,1,3197.0,7346.1074,6416.2407,13374.0
892,2013-03-06,9199.0,920.0,1.0,1.0,0,0.0,3.0,0.9266896,0.37582758,1.0,6.123234e-17,1,0,0,1,11017.0,1,13374.0,1,3745.0,1,6246.0,1,8688.0,1,13186.0,1,0.0,1,0.0,8814.465,7438.632,-2357.0
892,2013-03-07,8172.0,889.0,1.0,1.0,0,0.0,4.0,0.9266896,0.37582758,1.0,6.123234e-17,1,0,0,1,9199.0,1,11017.0,1,0.0,1,5904.0,1,2366.0,1,7765.0,1,6884.0,1,6488.0,8968.278,7829.8247,-1818.0
892,2013-03-08,9097.0,1005.0,1.0,1.0,0,0.0,5.0,0.9266896,0.37582758,1.0,6.123234e-17,1,0,0,1,8172.0,1,9199.0,1,13374.0,1,7230.0,1,0.0,1,7476.0,1,5368.0,1,6507.0,8649.768,7905.864,-1027.0
892,2013-03-09,3007.0,293.0,1.0,0.0,0,0.0,6.0,0.9266896,0.37582758,1.0,6.123234e-17,1,0,0,1,9097.0,1,8172.0,1,11017.0,1,7629.0,1,5807.0,1,7850.0,1,5979.0,1,5752.0,8828.66,8170.5605,925.0
892,2013-03-10,0.0,0.0,0.0,0.0,0,0.0,7.0,0.9266896,0.37582758,1.0,6.123234e-17,1,0,0,1,3007.0,1,9097.0,1,9199.0,1,3745.0,1,6246.0,1,8688.0,1,6858.0,1,6104.0,6499.996,7023.1025,-6090.0
892,2013-03-11,5625.0,690.0,1.0,0.0,0,0.0,1.0,0.9646356,0.26358718,1.0,6.123234e-17,1,0,0,1,0.0,1,3007.0,1,8172.0,1,0.0,1,5904.0,1,2366.0,1,6967.0,1,7244.0,3899.9978,5462.413,-3007.0
892,2013-03-12,5739.0,688.0,1.0,0.0,0,0.0,2.0,0.9646356,0.26358718,1.0,6.123234e-17,1,0,0,1,5625.0,1,0.0,1,9097.0,1,13374.0,1,7230.0,1,0.0,1,2874.0,1,3043.0,4589.9985,5498.5435,5625.0
892,2013-03-13,4793.0,560.0,1.0,0.0,0,0.0,3.0,0.9646356,0.26358718,1.0,6.123234e-17,1,0,0,1,5739.0,1,5625.0,1,3007.0,1,11017.0,1,7629.0,1,5807.0,1,0.0,1,0.0,5049.599,5551.9785,114.0
892,2013-03-14,6464.0,748.0,1.0,0.0,0,0.0,4.0,0.9646356,0.26358718,1.0,6.123234e-17,1,0,0,1,4793.0,1,5739.0,1,0.0,1,9199.0,1,3745.0,1,6246.0,1,13186.0,1,10169.0,4946.9595,5383.3164,-946.0
892,2013-03-15,7508.0,884.0,1.0,0.0,0,0.0,5.0,0.9646356,0.26358718,1.0,6.123234e-17,1,0,0,1,6464.0,1,4793.0,1,5625.0,1,8172.0,1,0.0,1,5904.0,1,7765.0,1,8609.0,5553.776,5623.4683,1671.0
892,2013-03-16,3066.0,330.0,1.0,0.0,0,0.0,6.0,0.9646356,0.26358718,1.0,6.123234e-17,1,0,0,1,7508.0,1,6464.0,1,5739.0,1,9097.0,1,13374.0,1,7230.0,1,7476.0,1,7812.0,6335.4653,6042.2534,1044.0
892,2013-03-17,0.0,0.0,0.0,0.0,0,0.0,7.0,0.9646356,0.26358718,1.0,6.123234e-17,1,0,0,1,3066.0,1,7508.0,1,4793.0,1,3007.0,1,11017.0,1,7629.0,1,7850.0,1,8519.0,5027.679,5380.864,-4442.0
892,2013-03-18,12516.0,1099.0,1.0,1.0,0,0.0,1.0,0.9890402,0.14764656,1.0,6.123234e-17,1,0,0,1,0.0,1,3066.0,1,6464.0,1,0.0,1,9199.0,1,3745.0,1,8688.0,1,8834.0,3016.6077,4185.116,-3066.0
892,2013-03-19,7459.0,768.0,1.0,1.0,0,0.0,2.0,0.9890402,0.14764656,1.0,6.123234e-17,1,0,0,1,12516.0,1,0.0,1,7508.0,1,5625.0,1,8172.0,1,0.0,1,2366.0,1,2800.0,6816.3647,6036.424,12516.0
892,2013-03-20,8589.0,885.0,1.0,1.0,0,0.0,3.0,0.9890402,0.14764656,1.0,6.123234e-17,1,0,0,1,7459.0,1,12516.0,1,3066.0,1,5739.0,1,9097.0,1,13374.0,1,0.0,1,0.0,7073.419,6352.552,-5057.0
892,2013-03-21,8077.0,828.0,1.0,1.0,0,0.0,4.0,0.9890402,0.14764656,1.0,6.123234e-17,1,0,0,1,8589.0,1,7459.0,1,0.0,1,4793.0,1,3007.0,1,11017.0,1,5807.0,1,5819.0,7679.6514,6849.54,1130.0
892,2013-03-22,9264.0,960.0,1.0,1.0,0,0.0,5.0,0.9890402,0.14764656,1.0,6.123234e-17,1,0,0,1,8077.0,1,8589.0,1,12516.0,1,6464.0,1,0.0,1,9199.0,1,6246.0,1,5780.0,7838.591,7122.309,-512.0
892,2013-03-23,3124.0,320.0,1.0,0.0,0,0.0,6.0,0.9890402,0.14764656,1.0,6.123234e-17,1,0,0,1,9264.0,1,8077.0,1,7459.0,1,7508.0,1,5625.0,1,8172.0,1,5904.0,1,6412.0,8408.755,7598.24,1187.0
892,2013-03-24,0.0,0.0,0.0,0.0,0,0.0,7.0,0.9890402,0.14764656,1.0,6.123234e-17,1,0,0,1,3124.0,1,9264.0,1,8589.0,1,3066.0,1,5739.0,1,9097.0,1,7230.0,1,7597.0,6294.8525,6603.965,-6140.0
892,2013-03-25,12875.0,1117.0,1.0,1.0,0,0.0,1.0,0.99956083,0.029633328,1.0,6.123234e-17,1,0,0,1,0.0,1,3124.0,1,8077.0,1,0.0,1,4793.0,1,3007.0,1,7629.0,1,8034.0,3776.9116,5136.417,-3124.0
892,2013-03-26,12028.0,1136.0,1.0,1.0,0,0.0,2.0,0.99956083,0.029633328,1.0,6.123234e-17,1,0,0,1,12875.0,1,0.0,1,9264.0,1,12516.0,1,6464.0,1,0.0,1,3745.0,1,3002.0,7416.147,6856.102,12875.0
892,2013-03-27,10751.0,1070.0,1.0,1.0,0,0.0,3.0,0.99956083,0.029633328,1.0,6.123234e-17,1,0,0,1,12028.0,1,12875.0,1,3124.0,1,7459.0,1,7508.0,1,5625.0,1,0.0,1,0.0,9260.888,8005.4126,-847.0
892,2013-03-28,12603.0,1237.0,1.0,1.0,0,0.0,4.0,0.99956083,0.029633328,1.0,6.123234e-17,1,0,0,1,10751.0,1,12028.0,1,0.0,1,8589.0,1,3066.0,1,5739.0,1,13374.0,1,10503.0,9856.933,8615.543,-1277.0
892,2013-03-29,0.0,0.0,0.0,1.0,2,1.0,5.0,0.99956083,0.029633328,1.0,6.123234e-17,1,0,0,1,12603.0,1,10751.0,1,12875.0,1,8077.0,1,0.0,1,4793.0,1,11017.0,1,10406.0,10955.359,9501.645,1852.0
892,2013-03-30,6421.0,598.0,1.0,0.0,0,0.0,6.0,0.99956083,0.029633328,1.0,6.123234e-17,1,0,0,1,0.0,1,12603.0,1,12028.0,1,9264.0,1,12516.0,1,6464.0,1,9199.0,1,7424.0,6573.216,7390.168,-12603.0
892,2013-03-31,0.0,0.0,0.0,0.0,0,0.0,7.0,0.99956083,0.029633328,1.0,6.123234e-17,1,0,1,1,6421.0,1,0.0,1,10751.0,1,3124.0,1,7459.0,1,7508.0,1,8172.0,1,8308.0,6512.3296,7174.7974,6421.0
892,2013-04-01,0.0,0.0,0.0,0.0,2,1.0,1.0,0.9960498,-0.08879589,0.8660254,-0.5,2,1,0,1,0.0,1,6421.0,1,12603.0,1,0.0,1,8589.0,1,3066.0,1,9097.0,1,8952.0,3907.3977,5580.398,-6421.0
892,2013-04-02,7649.0,909.0,1.0,0.0,0,1.0,2.0,0.9960498,-0.08879589,0.8660254,-0.5,2,0,0,1,0.0,1,0.0,1,0.0,1,12875.0,1,8077.0,1,0.0,1,3007.0,1,3459.0,2344.4387,4340.3096,0.0
892,2013-04-03,6080.0,744.0,1.0,0.0,0,1.0,3.0,0.9960498,-0.08879589,0.8660254,-0.5,2,0,0,1,7649.0,1,0.0,1,6421.0,1,12028.0,1,9264.0,1,12516.0,1,0.0,1,0.0,4466.263,5075.574,7649.0
892,2013-04-04,6239.0,748.0,1.0,0.0,0,1.0,4.0,0.9960498,-0.08879589,0.8660254,-0.5,2,0,0,1,6080.0,1,7649.0,1,0.0,1,10751.0,1,3124.0,1,7459.0,1,5625.0,1,6884.0,5111.758,5298.78,-1569.0
892,2013-04-05,7580.0,926.0,1.0,0.0,0,1.0,5.0,0.9960498,-0.08879589,0.8660254,-0.5,2,0,0,1,6239.0,1,6080.0,1,0.0,1,12603.0,1,0.0,1,8589.0,1,5739.0,1,5368.0,5562.655,5507.718,159.0
892,2013-04-06,2615.0,289.0,1.0,0.0,0,0.0,6.0,0.9960498,-0.08879589,0.8660254,-0.5,2,0,0,1,7580.0,1,6239.0,1,7649.0,1,0.0,1,12875.0,1,8077.0,1,4793.0,1,5979.0,6369.593,5968.225,1341.0
892,2013-04-07,0.0,0.0,0.0,0.0,0,0.0,7.0,0.9960498,-0.08879589,0.8660254,-0.5,2,0,0,1,2615.0,1,7580.0,1,6080.0,1,6421.0,1,12028.0,1,9264.0,1,6464.0,1,6858.0,4867.756,5223.064,-4965.0
892,2013-04-08,12195.0,1080.0,1.0,1.0,0,0.0,1.0,0.9785565,-0.20597862,0.8660254,-0.5,2,0,0,1,0.0,1,2615.0,1,6239.0,1,0.0,1,10751.0,1,3124.0,1,7508.0,1,6967.0,2920.6533,4062.383,-2615.0
892,2013-04-09,9225.0,928.0,1.0,1.0,0,0.0,2.0,0.9785565,-0.20597862,0.8660254,-0.5,2,0,0,1,12195.0,1,0.0,1,7580.0,1,0.0,1,12603.0,1,0.0,1,3066.0,1,2874.0,6630.392,5869.6313,12195.0
892,2013-04-10,7683.0,804.0,1.0,1.0,0,0.0,3.0,0.9785565,-0.20597862,0.8660254,-0.5,2,0,0,1,9225.0,1,12195.0,1,2615.0,1,7649.0,1,0.0,1,12875.0,1,0.0,1,0.0,7668.2354,6615.2686,-2970.0
892,2013-04-11,7744.0,843.0,1.0,1.0,0,0.0,4.0,0.9785565,-0.20597862,0.8660254,-0.5,2,0,0,1,7683.0,1,9225.0,1,0.0,1,6080.0,1,6421.0,1,12028.0,1,12516.0,1,13186.0,7674.141,6852.5425,-1542.0
892,2013-04-12,9368.0,1007.0,1.0,1.0,0,0.0,5.0,0.9785565,-0.20597862,0.8660254,-0.5,2,0,0,1,7744.0,1,7683.0,1,12195.0,1,6239.0,1,0.0,1,10751.0,1,7459.0,1,7765.0,7702.0845,7050.644,61.0
892,2013-04-13,3083.0,362.0,1.0,0.0,0,0.0,6.0,0.9785565,-0.20597862,0.8660254,-0.5,2,0,0,1,9368.0,1,7744.0,1,9225.0,1,7580.0,1,0.0,1,12603.0,1,8589.0,1,7476.0,8368.451,7565.612,1624.0
892,2013-04-14,0.0,0.0,0.0,0.0,0,0.0,7.0,0.9785565,-0.20597862,0.8660254,-0.5,2,0,0,1,3083.0,1,9368.0,1,7683.0,1,2615.0,1,7649.0,1,0.0,1,8077.0,1,7850.0,6254.2705,6569.476,-6285.0
892,2013-04-15,5686.0,719.0,1.0,0.0,0,0.0,1.0,0.94732636,-0.32026985,0.8660254,-0.5,2,0,0,1,0.0,1,3083.0,1,7744.0,1,0.0,1,6080.0,1,6421.0,1,9264.0,1,8688.0,3752.5623,5109.5923,-3083.0
892,2013-04-16,5621.0,738.0,1.0,0.0,0,0.0,2.0,0.94732636,-0.32026985,0.8660254,-0.5,2,0,0,1,5686.0,1,0.0,1,9368.0,1,12195.0,1,6239.0,1,0.0,1,3124.0,1,2366.0,4525.9375,5237.683,5686.0
892,2013-04-17,5002.0,652.0,1.0,0.0,0,0.0,3.0,0.94732636,-0.32026985,0.8660254,-0.5,2,0,0,1,5621.0,1,5686.0,1,3083.0,1,9225.0,1,7580.0,1,0.0,1,0.0,1,0.0,4963.9624,5322.8647,-65.0
892,2013-04-18,6116.0,699.0,1.0,0.0,0,0.0,4.0,0.94732636,-0.32026985,0.8660254,-0.5,2,0,0,1,5002.0,1,5621.0,1,0.0,1,7683.0,1,2615.0,1,7649.0,1,12875.0,1,5807.0,4979.1772,5251.5615,-619.0
892,2013-04-19,7087.0,888.0,1.0,0.0,0,0.0,5.0,0.94732636,-0.32026985,0.8660254,-0.5,2,0,0,1,6116.0,1,5002.0,1,5686.0,1,7744.0,1,0.0,1,6080.0,1,12028.0,1,6246.0,5433.9062,5443.6587,1114.0
892,2013-04-20,2830.0,309.0,1.0,0.0,0,0.0,6.0,0.94732636,-0.32026985,0.8660254,-0.5,2,0,0,1,7087.0,1,6116.0,1,5621.0,1,9368.0,1,12195.0,1,6239.0,1,10751.0,1,5904.0,6095.144,5808.8457,971.0
892,2013-04-21,0.0,0.0,0.0,0.0,0,0.0,7.0,0.94732636,-0.32026985,0.8660254,-0.5,2,0,0,1,2830.0,1,7087.0,1,5002.0,1,3083.0,1,9225.0,1,7580.0,1,12603.0,1,7230.0,4789.0864,5146.88,-4257.0
892,2013-04-22,10109.0,955.0,1.0,1.0,0,0.0,1.0,0.9027978,-0.4300652,0.8660254,-0.5,2,0,0,1,0.0,1,2830.0,1,6116.0,1,0.0,1,7683.0,1,2615.0,1,0.0,1,7629.0,2873.452,4003.129,-2830.0
892,2013-04-23,9151.0,877.0,1.0,1.0,0,0.0,2.0,0.9027978,-0.4300652,0.8660254,-0.5,2,0,0,1,10109.0,1,0.0,1,7087.0,1,5686.0,1,7744.0,1,0.0,1,6421.0,1,3745.0,5767.671,5359.9893,10109.0
892,2013-04-24,7850.0,791.0,1.0,1.0,0,0.0,3.0,0.9027978,-0.4300652,0.8660254,-0.5,2,0,0,1,9151.0,1,10109.0,1,2830.0,1,5621.0,1,9368.0,1,12195.0,1,0.0,1,0.0,7121.0024,6202.436,-958.0
892,2013-04-25,7854.0,835.0,1.0,1.0,0,0.0,4.0,0.9027978,-0.4300652,0.8660254,-0.5,2,0,0,1,7850.0,1,9151.0,1,0.0,1,5002.0,1,3083.0,1,9225.0,1,0.0,1,13374.0,7412.6016,6568.5615,-1301.0
892,2013-04-26,8585.0,975.0,1.0,1.0,0,0.0,5.0,0.9027978,-0.4300652,0.8660254,-0.5,2,0,0,1,7854.0,1,7850.0,1,10109.0,1,6116.0,1,0.0,1,7683.0,1,7649.0,1,11017.0,7589.161,6854.2144,4.0
892,2013-04-27,3333.0,330.0,1.0,0.0,0,0.0,6.0,0.9027978,-0.4300652,0.8660254,-0.5,2,0,0,1,8585.0,1,7854.0,1,9151.0,1,7087.0,1,5686.0,1,7744.0,1,6080.0,1,9199.0,7987.4966,7238.8335,731.0
892,2013-04-28,0.0,0.0,0.0,0.0,0,0.0,7.0,0.9027978,-0.4300652,0.8660254,-0.5,2,0,0,1,3333.0,1,8585.0,1,7850.0,1,2830.0,1,5621.0,1,9368.0,1,6239.0,1,8172.0,6125.6978,6370.8706,-5252.0
892,2013-04-29,9998.0,996.0,1.0,1.0,0,0.0,1.0,0.845596,-0.5338234,0.8660254,-0.5,2,0,0,1,0.0,1,3333.0,1,7854.0,1,0.0,1,5002.0,1,3083.0,1,7580.0,1,9097.0,3675.4187,4955.1216,-3333.0
892,2013-04-30,9761.0,975.0,1.0,1.0,0,0.0,2.0,0.845596,-0.5338234,0.8660254,-0.5,2,0,1,1,9998.0,1,0.0,1,8585.0,1,10109.0,1,6116.0,1,0.0,1,2615.0,1,3007.0,6204.451,6075.761,9998.0
892,2013-05-01,0.0,0.0,0.0,1.0,1,0.0,3.0,0.845596,-0.5338234,0.5,-0.8660254,2,1,0,1,9761.0,1,9998.0,1,3333.0,1,9151.0,1,7087.0,1,5686.0,1,0.0,1,0.0,7627.071,6894.703,-237.0
892,2013-05-02,10077.0,1062.0,1.0,1.0,0,0.0,4.0,0.845596,-0.5338234,0.5,-0.8660254,2,0,0,1,0.0,1,9761.0,1,0.0,1,7850.0,1,2830.0,1,5621.0,1,12195.0,1,5625.0,4576.2427,5362.547,-9761.0
892,2013-05-03,9734.0,1106.0,1.0,1.0,0,0.0,5.0,0.845596,-0.5338234,0.5,-0.8660254,2,0,0,1,10077.0,1,0.0,1,9998.0,1,7854.0,1,0.0,1,5002.0,1,9225.0,1,5739.0,6776.5454,6410.203,10077.0
892,2013-05-04,3104.0,335.0,1.0,0.0,0,0.0,6.0,0.845596,-0.5338234,0.5,-0.8660254,2,0,0,1,9734.0,1,10077.0,1,9761.0,1,8585.0,1,10109.0,1,6116.0,1,7683.0,1,4793.0,7959.5273,7148.8247,-343.0
892,2013-05-05,0.0,0.0,0.0,0.0,0,0.0,7.0,0.845596,-0.5338234,0.5,-0.8660254,2,0,0,1,3104.0,1,9734.0,1,0.0,1,3333.0,1,9151.0,1,7087.0,1,7744.0,1,6464.0,6017.3164,6249.9746,-6630.0
892,2013-05-06,6551.0,802.0,1.0,0.0,0,0.0,1.0,0.7765239,-0.63008785,0.5,-0.8660254,2,0,0,1,0.0,1,3104.0,1,10077.0,1,0.0,1,7850.0,1,2830.0,1,9368.0,1,7508.0,3610.39,4861.0913,-3104.0
892,2013-05-07,6973.0,810.0,1.0,0.0,0,0.0,2.0,0.7765239,-0.63008785,0.5,-0.8660254,2,0,0,1,6551.0,1,0.0,1,9734.0,1,9998.0,1,7854.0,1,0.0,1,3083.0,1,3066.0,4786.634,5236.6265,6551.0
892,2013-05-08,7078.0,853.0,1.0,0.0,0,0.0,3.0,0.7765239,-0.63008785,0.5,-0.8660254,2,0,0,1,6973.0,1,6551.0,1,3104.0,1,9761.0,1,8585.0,1,10109.0,1,0.0,1,0.0,5661.18,5622.4873,422.0
892,2013-05-09,0.0,0.0,0.0,0.0,1,0.0,4.0,0.7765239,-0.63008785,0.5,-0.8660254,2,0,0,1,7078.0,1,6973.0,1,0.0,1,0.0,1,3333.0,1,9151.0,1,5686.0,1,12516.0,6227.908,5945.9346,105.0
892,2013-05-10,8962.0,985.0,1.0,0.0,0,1.0,5.0,0.7765239,-0.63008785,0.5,-0.8660254,2,0,0,1,0.0,1,7078.0,1,6551.0,1,10077.0,1,0.0,1,7850.0,1,5621.0,1,7459.0,3736.7449,4624.6157,-7078.0
892,2013-05-11,3351.0,378.0,1.0,0.0,0,0.0,6.0,0.7765239,-0.63008785,0.5,-0.8660254,2,0,0,1,8962.0,1,0.0,1,6973.0,1,9734.0,1,9998.0,1,7854.0,1,5002.0,1,8589.0,5826.847,5588.479,8962.0
892,2013-05-12,0.0,0.0,0.0,0.0,0,0.0,7.0,0.7765239,-0.63008785,0.5,-0.8660254,2,0,0,1,3351.0,1,8962.0,1,7078.0,1,3104.0,1,9761.0,1,8585.0,1,6116.0,1,8077.0,4836.5083,5091.261,-5611.0
892,2013-05-13,10855.0,1032.0,1.0,1.0,0,0.0,1.0,0.696551,-0.71750724,0.5,-0.8660254,2,0,0,1,0.0,1,3351.0,1,0.0,1,0.0,1,0.0,1,3333.0,1,7087.0,1,9264.0,2901.9048,3959.87,-3351.0
892,2013-05-14,9882.0,984.0,1.0,1.0,0,0.0,2.0,0.696551,-0.71750724,0.5,-0.8660254,2,0,0,1,10855.0,1,0.0,1,8962.0,1,6551.0,1,10077.0,1,0.0,1,2830.0,1,3124.0,6083.143,5492.121,10855.0
892,2013-05-15,7838.0,802.0,1.0,1.0,0,0.0,3.0,0.696551,-0.71750724,0.5,-0.8660254,2,0,0,1,9882.0,1,10855.0,1,3351.0,1,6973.0,1,9734.0,1,9998.0,1,0.0,1,0.0,7602.6855,6467.65,-973.0
892,2013-05-16,8855.0,909.0,1.0,1.0,0,0.0,4.0,0.696551,-0.71750724,0.5,-0.8660254,2,0,0,1,7838.0,1,9882.0,1,0.0,1,7078.0,1,3104.0,1,9761.0,1,10109.0,1,12875.0,7696.8115,6772.172,-2044.0
892,2013-05-17,9184.0,1037.0,1.0,1.0,0,0.0,5.0,0.696551,-0.71750724,0.5,-0.8660254,2,0,0,1,8855.0,1,7838.0,1,10855.0,1,0.0,1,0.0,1,0.0,1,9151.0,1,12028.0,8160.087,7235.0225,1017.0
892,2013-05-18,3088.0,315.0,1.0,0.0,0,0.0,6.0,0.696551,-0.71750724,0.5,-0.8660254,2,0,0,1,9184.0,1,8855.0,1,9882.0,1,8962.0,1,6551.0,1,10077.0,1,7850.0,1,10751.0,8569.652,7668.129,329.0
892,2013-05-19,0.0,0.0,0.0,0.0,0,0.0,7.0,0.696551,-0.71750724,0.5,-0.8660254,2,0,0,1,3088.0,1,9184.0,1,7838.0,1,3351.0,1,6973.0,1,9734.0,1,7854.0,1,12603.0,6376.991,6650.3223,-6096.0
892,2013-05-20,0.0,0.0,0.0,0.0,1,1.0,1.0,0.60680014,-0.79485446,0.5,-0.8660254,2,0,0,1,0.0,1,3088.0,1,8855.0,1,0.0,1,7078.0,1,3104.0,1,8585.0,1,0.0,3826.1948,5172.473,-3088.0
892,2013-05-21,7658.0,885.0,1.0,0.0,0,1.0,2.0,0.60680014,-0.79485446,0.5,-0.8660254,2,0,0,1,0.0,1,0.0,1,9184.0,1,10855.0,1,0.0,1,0.0,1,3333.0,1,6421.0,2295.7168,4023.0344,0.0
892,2013-05-22,5937.0,673.0,1.0,0.0,0,1.0,3.0,0.60680014,-0.79485446,0.5,-0.8660254,2,0,0,1,7658.0,1,0.0,1,3088.0,1,9882.0,1,8962.0,1,6551.0,1,0.0,1,0.0,4440.63,4830.8047,7658.0
892,2013-05-23,6305.0,732.0,1.0,0.0,0,0.0,4.0,0.60680014,-0.79485446,0.5,-0.8660254,2,0,0,1,5937.0,1,7658.0,1,0.0,1,7838.0,1,3351.0,1,6973.0,1,9998.0,1,0.0,5039.178,5076.626,-1721.0
892,2013-05-24,7484.0,912.0,1.0,0.0,0,0.0,5.0,0.60680014,-0.79485446,0.5,-0.8660254,2,0,0,1,6305.0,1,5937.0,1,0.0,1,8855.0,1,0.0,1,7078.0,1,9761.0,1,7649.0,5545.507,5349.5977,368.0
892,2013-05-25,3337.0,346.0,1.0,0.0,0,0.0,6.0,0.60680014,-0.79485446,0.5,-0.8660254,2,0,0,1,7484.0,1,6305.0,1,7658.0,1,9184.0,1,10855.0,1,0.0,1,0.0,1,6080.0,6320.9043,5823.9097,1179.0
892,2013-05-26,0.0,0.0,0.0,0.0,0,0.0,7.0,0.60680014,-0.79485446,0.5,-0.8660254,2,0,0,1,3337.0,1,7484.0,1,5937.0,1,3088.0,1,9882.0,1,8962.0,1,10077.0,1,6239.0,5127.3423,5271.2627,-4147.0
892,2013-05-27,11768.0,1051.0,1.0,1.0,0,0.0,1.0,0.5085311,-0.86104363,0.5,-0.8660254,2,0,0,1,0.0,1,3337.0,1,6305.0,1,0.0,1,7838.0,1,3351.0,1,9734.0,1,7580.0,3076.4055,4099.871,-3337.0
892,2013-05-28,8807.0,833.0,1.0,1.0,0,0.0,2.0,0.5085311,-0.86104363,0.5,-0.8660254,2,0,0,1,11768.0,1,0.0,1,7484.0,1,0.0,1,8855.0,1,0.0,1,3104.0,1,2615.0,6553.0435,5803.9,11768.0
892,2013-05-29,8114.0,807.0,1.0,1.0,0,0.0,3.0,0.5085311,-0.86104363,0.5,-0.8660254,2,0,0,1,8807.0,1,11768.0,1,3337.0,1,7658.0,1,9184.0,1,10855.0,1,0.0,1,0.0,7454.626,6471.2554,-2961.0
892,2013-05-30,9050.0,864.0,1.0,1.0,1,0.0,4.0,0.5085311,-0.86104363,0.5,-0.8660254,2,0,0,1,8114.0,1,8807.0,1,0.0,1,5937.0,1,3088.0,1,9882.0,1,6551.0,1,12195.0,7718.3755,6836.3096,-693.0
892,2013-05-31,10221.0,1101.0,1.0,1.0,0,0.0,5.0,0.5085311,-0.86104363,0.5,-0.8660254,2,0,1,1,9050.0,1,8114.0,1,11768.0,1,6305.0,1,0.0,1,7838.0,1,6973.0,1,9225.0,8251.025,7328.2407,936.0
892,2013-06-01,4027.0,368.0,1.0,0.0,0,0.0,6.0,0.5085311,-0.86104363,1.2246469e-16,-1.0,2,1,0,1,10221.0,1,9050.0,1,8807.0,1,7484.0,1,0.0,1,8855.0,1,7078.0,1,7683.0,9039.016,7971.076,1171.0
892,2013-06-02,0.0,0.0,0.0,0.0,0,0.0,7.0,0.5085311,-0.86104363,1.2246469e-16,-1.0,2,0,0,1,4027.0,1,10221.0,1,8114.0,1,3337.0,1,7658.0,1,9184.0,1,0.0,1,7744.0,7034.209,7094.6147,-6194.0
892,2013-06-03,9181.0,867.0,1.0,1.0,0,0.0,1.0,0.40312344,-0.91514564,1.2246469e-16,-1.0,2,0,0,1,0.0,1,4027.0,1,9050.0,1,0.0,1,5937.0,1,3088.0,1,8962.0,1,9368.0,4220.5254,5518.0337,-4027.0
892,2013-06-04,8749.0,886.0,1.0,1.0,0,0.0,2.0,0.40312344,-0.91514564,1.2246469e-16,-1.0,2,0,0,1,9181.0,1,0.0,1,10221.0,1,11768.0,1,6305.0,1,0.0,1,3351.0,1,3083.0,6204.7153,6332.0264,9181.0
892,2013-06-05,8178.0,803.0,1.0,1.0,0,0.0,3.0,0.40312344,-0.91514564,1.2246469e-16,-1.0,2,0,0,1,8749.0,1,9181.0,1,4027.0,1,8807.0,1,7484.0,1,0.0,1,0.0,1,0.0,7222.429,6869.1313,-432.0
892,2013-06-06,8642.0,853.0,1.0,1.0,0,0.0,4.0,0.40312344,-0.91514564,1.2246469e-16,-1.0,2,0,0,1,8178.0,1,8749.0,1,0.0,1,8114.0,1,3337.0,1,7658.0,1,10855.0,1,5686.0,7604.6577,7159.991,-571.0
892,2013-06-07,9293.0,1054.0,1.0,1.0,0,0.0,5.0,0.40312344,-0.91514564,1.2246469e-16,-1.0,2,0,0,1,8642.0,1,8178.0,1,9181.0,1,9050.0,1,0.0,1,5937.0,1,9882.0,1,5621.0,8019.5947,7489.3267,464.0
892,2013-06-08,3233.0,367.0,1.0,0.0,0,0.0,6.0,0.40312344,-0.91514564,1.2246469e-16,-1.0,2,0,0,1,9293.0,1,8642.0,1,8749.0,1,10221.0,1,11768.0,1,6305.0,1,7838.0,1,5002.0,8528.957,7890.143,651.0
892,2013-06-09,0.0,0.0,0.0,0.0,0,0.0,7.0,0.40312344,-0.91514564,1.2246469e-16,-1.0,2,0,0,1,3233.0,1,9293.0,1,8178.0,1,4027.0,1,8807.0,1,7484.0,1,8855.0,1,6116.0,6410.574,6855.222,-6060.0
892,2013-06-10,6872.0,799.0,1.0,0.0,0,0.0,1.0,0.29205677,-0.956401,1.2246469e-16,-1.0,2,0,0,1,0.0,1,3233.0,1,8642.0,1,0.0,1,8114.0,1,3337.0,1,9184.0,1,7087.0,3846.3445,5331.8394,-3233.0
892,2013-06-11,6867.0,795.0,1.0,0.0,0,0.0,2.0,0.29205677,-0.956401,1.2246469e-16,-1.0,2,0,0,1,6872.0,1,0.0,1,9293.0,1,9181.0,1,9050.0,1,0.0,1,3088.0,1,2830.0,5056.6064,5674.097,6872.0
892,2013-06-12,5877.0,689.0,1.0,0.0,0,0.0,3.0,0.29205677,-0.956401,1.2246469e-16,-1.0,2,0,0,1,6867.0,1,6872.0,1,3233.0,1,8749.0,1,10221.0,1,11768.0,1,0.0,1,0.0,5780.764,5939.187,-5.0
892,2013-06-13,5946.0,736.0,1.0,0.0,0,0.0,4.0,0.29205677,-0.956401,1.2246469e-16,-1.0,2,0,0,1,5877.0,1,6867.0,1,0.0,1,8178.0,1,4027.0,1,8807.0,1,0.0,1,10109.0,5819.2583,5925.3677,-990.0
892,2013-06-14,7098.0,831.0,1.0,0.0,0,0.0,5.0,0.29205677,-0.956401,1.2246469e-16,-1.0,2,0,0,1,5946.0,1,5877.0,1,6872.0,1,8642.0,1,0.0,1,8114.0,1,7658.0,1,9151.0,5869.955,5929.9526,69.0
892,2013-06-15,3227.0,316.0,1.0,0.0,0,0.0,6.0,0.29205677,-0.956401,1.2246469e-16,-1.0,2,0,0,1,7098.0,1,5946.0,1,6867.0,1,9293.0,1,9181.0,1,9050.0,1,5937.0,1,7850.0,6361.173,6189.5186,1152.0
892,2013-06-16,0.0,0.0,0.0,0.0,0,0.0,7.0,0.29205677,-0.956401,1.2246469e-16,-1.0,2,0,0,1,3227.0,1,7098.0,1,5877.0,1,3233.0,1,8749.0,1,10221.0,1,6305.0,1,7854.0,5107.504,5531.181,-3871.0
892,2013-06-17,12045.0,1052.0,1.0,1.0,0,0.0,1.0,0.17689027,-0.9842306,1.2246469e-16,-1.0,2,0,0,1,0.0,1,3227.0,1,5946.0,1,0.0,1,8178.0,1,4027.0,1,7484.0,1,8585.0,3064.5022,4302.03,-3227.0
892,2013-06-18,9043.0,846.0,1.0,1.0,0,0.0,2.0,0.17689027,-0.9842306,1.2246469e-16,-1.0,2,0,0,1,12045.0,1,0.0,1,7098.0,1,6872.0,1,8642.0,1,0.0,1,3337.0,1,3333.0,6656.701,6022.69,12045.0
892,2013-06-19,7465.0,742.0,1.0,1.0,0,0.0,3.0,0.17689027,-0.9842306,1.2246469e-16,-1.0,2,0,0,1,9043.0,1,12045.0,1,3227.0,1,6867.0,1,9293.0,1,9181.0,1,0.0,1,0.0,7611.2207,6693.87,-3002.0
892,2013-06-20,7692.0,761.0,1.0,1.0,0,0.0,4.0,0.17689027,-0.9842306,1.2246469e-16,-1.0,2,0,0,1,7465.0,1,9043.0,1,0.0,1,5877.0,1,3233.0,1,8749.0,1,11768.0,1,9998.0,7552.7324,6865.232,-1578.0
892,2013-06-21,9546.0,1032.0,1.0,1.0,0,0.0,5.0,0.17689027,-0.9842306,1.2246469e-16,-1.0,2,0,0,1,7692.0,1,7465.0,1,12045.0,1,5946.0,1,0.0,1,8178.0,1,8807.0,1,9761.0,7608.4395,7048.9585,227.0
892,2013-06-22,3920.0,392.0,1.0,0.0,0,0.0,6.0,0.17689027,-0.9842306,1.2246469e-16,-1.0,2,0,0,1,9546.0,1,7692.0,1,9043.0,1,7098.0,1,6872.0,1,8642.0,1,8114.0,1,0.0,8383.464,7603.8564,1854.0
892,2013-06-23,0.0,0.0,0.0,0.0,0,0.0,7.0,0.17689027,-0.9842306,1.2246469e-16,-1.0,2,0,0,1,3920.0,1,9546.0,1,7465.0,1,3227.0,1,6867.0,1,9293.0,1,9050.0,1,10077.0,6598.078,6785.2217,-5626.0
892,2013-06-24,7244.0,829.0,1.0,0.0,0,0.0,1.0,0.059240628,-0.99824375,1.2246469e-16,-1.0,2,0,0,1,0.0,1,3920.0,1,7692.0,1,0.0,1,5877.0,1,3233.0,1,10221.0,1,9734.0,3958.847,5277.3945,-3920.0
892,2013-06-25,5140.0,592.0,1.0,0.0,0,0.0,2.0,0.059240628,-0.99824375,1.2246469e-16,-1.0,2,0,0,1,7244.0,1,0.0,1,9546.0,1,12045.0,1,5946.0,1,0.0,1,4027.0,1,3104.0,5272.908,5714.418,7244.0
892,2013-06-26,6024.0,709.0,1.0,0.0,0,0.0,3.0,0.059240628,-0.99824375,1.2246469e-16,-1.0,2,0,0,1,5140.0,1,7244.0,1,3920.0,1,9043.0,1,7098.0,1,6872.0,1,0.0,1,0.0,5219.745,5586.7695,-2104.0
892,2013-06-27,6881.0,785.0,1.0,0.0,0,0.0,4.0,0.059240628,-0.99824375,1.2246469e-16,-1.0,2,0,0,1,6024.0,1,5140.0,1,0.0,1,7465.0,1,3227.0,1,6867.0,1,9181.0,1,6551.0,5541.447,5683.932,884.0
892,2013-06-28,7991.0,973.0,1.0,0.0,0,0.0,5.0,0.059240628,-0.99824375,1.2246469e-16,-1.0,2,0,0,1,6881.0,1,6024.0,1,7244.0,1,7692.0,1,0.0,1,5877.0,1,8749.0,1,6973.0,6077.268,5949.9473,857.0
892,2013-06-29,3562.0,356.0,1.0,0.0,0,0.0,6.0,0.059240628,-0.99824375,1.2246469e-16,-1.0,2,0,0,1,7991.0,1,6881.0,1,5140.0,1,9546.0,1,12045.0,1,5946.0,1,8178.0,1,7078.0,6842.7607,6403.514,1110.0
892,2013-06-30,0.0,0.0,0.0,0.0,0,0.0,7.0,0.059240628,-0.99824375,1.2246469e-16,-1.0,2,0,1,1,3562.0,1,7991.0,1,6024.0,1,3920.0,1,9043.0,1,7098.0,1,8642.0,1,0.0,5530.4565,5772.067,-4429.0
892,2013-07-01,12597.0,1166.0,1.0,1.0,0,0.0,1.0,-0.059240628,-0.99824375,-0.5,-0.8660254,3,1,0,1,0.0,1,3562.0,1,6881.0,1,0.0,1,7465.0,1,3227.0,1,9293.0,1,8962.0,3318.274,4489.3853,-3562.0
892,2013-07-02,10302.0,957.0,1.0,1.0,0,0.0,2.0,-0.059240628,-0.99824375,-0.5,-0.8660254,3,0,0,1,12597.0,1,0.0,1,7991.0,1,7244.0,1,7692.0,1,0.0,1,3233.0,1,3351.0,7029.764,6291.0776,12597.0
892,2013-07-03,8648.0,823.0,1.0,1.0,0,0.0,3.0,-0.059240628,-0.99824375,-0.5,-0.8660254,3,0,0,1,10302.0,1,12597.0,1,3562.0,1,5140.0,1,9546.0,1,12045.0,1,0.0,1,0.0,8338.658,7182.3936,-2295.0
892,2013-07-04,8849.0,882.0,1.0,1.0,0,0.0,4.0,-0.059240628,-0.99824375,-0.5,-0.8660254,3,0,0,1,8648.0,1,10302.0,1,0.0,1,6024.0,1,3920.0,1,9043.0,1,6872.0,1,10855.0,8462.3955,7508.084,-1654.0
892,2013-07-05,10819.0,1083.0,1.0,1.0,0,0.0,5.0,-0.059240628,-0.99824375,-0.5,-0.8660254,3,0,0,1,8849.0,1,8648.0,1,12597.0,1,6881.0,1,0.0,1,7465.0,1,6867.0,1,9882.0,8617.037,7806.0654,201.0
892,2013-07-06,3431.0,365.0,1.0,0.0,0,0.0,6.0,-0.059240628,-0.99824375,-0.5,-0.8660254,3,0,0,1,10819.0,1,8849.0,1,10302.0,1,7991.0,1,7244.0,1,7692.0,1,5877.0,1,7838.0,9497.822,8475.606,1970.0
892,2013-07-07,0.0,0.0,0.0,0.0,0,0.0,7.0,-0.059240628,-0.99824375,-0.5,-0.8660254,3,0,0,1,3431.0,1,10819.0,1,8648.0,1,3562.0,1,5140.0,1,9546.0,1,5946.0,1,8855.0,7071.0933,7354.5825,-7388.0
892,2013-07-08,7347.0,802.0,1.0,0.0,0,0.0,1.0,-0.17689027,-0.9842306,-0.5,-0.8660254,3,0,0,1,0.0,1,3431.0,1,8849.0,1,0.0,1,6024.0,1,3920.0,1,7098.0,1,9184.0,4242.6562,5720.231,-3431.0
892,2013-07-09,6188.0,753.0,1.0,0.0,0,0.0,2.0,-0.17689027,-0.9842306,-0.5,-0.8660254,3,0,0,1,7347.0,1,0.0,1,10819.0,1,12597.0,1,6881.0,1,0.0,1,3227.0,1,3088.0,5484.3936,6081.7354,7347.0
892,2013-07-10,6497.0,705.0,1.0,0.0,0,0.0,3.0,-0.17689027,-0.9842306,-0.5,-0.8660254,3,0,0,1,6188.0,1,7347.0,1,3431.0,1,10302.0,1,7991.0,1,7244.0,1,0.0,1,0.0,5765.836,6105.3496,-1159.0
892,2013-07-11,7008.0,807.0,1.0,0.0,0,0.0,4.0,-0.17689027,-0.9842306,-0.5,-0.8660254,3,0,0,1,6497.0,1,6188.0,1,0.0,1,8648.0,1,3562.0,1,5140.0,1,12045.0,1,0.0,6058.302,6192.383,309.0
892,2013-07-12,7901.0,949.0,1.0,0.0,0,0.0,5.0,-0.17689027,-0.9842306,-0.5,-0.8660254,3,0,0,1,7008.0,1,6497.0,1,7347.0,1,8849.0,1,0.0,1,6024.0,1,9043.0,1,7658.0,6438.181,6373.6313,511.0
892,2013-07-13,3600.0,386.0,1.0,0.0,0,0.0,6.0,-0.17689027,-0.9842306,-0.5,-0.8660254,3,0,0,1,7901.0,1,7008.0,1,6188.0,1,10819.0,1,12597.0,1,6881.0,1,7465.0,1,5937.0,7023.3086,6713.0464,893.0
892,2013-07-14,0.0,0.0,0.0,0.0,0,0.0,7.0,-0.17689027,-0.9842306,-0.5,-0.8660254,3,0,0,1,3600.0,1,7901.0,1,6497.0,1,3431.0,1,10302.0,1,7991.0,1,7692.0,1,6305.0,5653.9854,6021.2583,-4301.0
892,2013-07-15,12226.0,1120.0,1.0,1.0,0,1.0,1.0,-0.29205677,-0.956401,-0.5,-0.8660254,3,0,0,1,0.0,1,3600.0,1,7008.0,1,0.0,1,8648.0,1,3562.0,1,9546.0,1,7484.0,3392.391,4683.201,-3600.0
892,2013-07-16,9909.0,940.0,1.0,1.0,0,1.0,2.0,-0.29205677,-0.956401,-0.5,-0.8660254,3,0,0,1,12226.0,1,0.0,1,7901.0,1,7347.0,1,8849.0,1,0.0,1,3920.0,1,3337.0,6925.8345,6359.3784,12226.0
892,2013-07-17,8192.0,830.0,1.0,1.0,0,1.0,3.0,-0.29205677,-0.956401,-0.5,-0.8660254,3,0,0,1,9909.0,1,12226.0,1,3600.0,1,6188.0,1,10819.0,1,12597.0,1,0.0,1,0.0,8119.1006,7148.183,-2317.0
892,2013-07-18,8777.0,881.0,1.0,1.0,0,1.0,4.0,-0.29205677,-0.956401,-0.5,-0.8660254,3,0,0,1,8192.0,1,9909.0,1,0.0,1,6497.0,1,3431.0,1,10302.0,1,7244.0,1,11768.0,8148.2603,7380.1426,-1717.0
892,2013-07-19,8854.0,989.0,1.0,1.0,0,1.0,5.0,-0.29205677,-0.956401,-0.5,-0.8660254,3,0,0,1,8777.0,1,8192.0,1,12226.0,1,7008.0,1,0.0,1,8648.0,1,5140.0,1,8807.0,8399.756,7690.555,585.0
892,2013-07-20,3336.0,377.0,1.0,0.0,0,0.0,6.0,-0.29205677,-0.956401,-0.5,-0.8660254,3,0,0,1,8854.0,1,8777.0,1,9909.0,1,7901.0,1,7347.0,1,8849.0,1,6024.0,1,8114.0,8581.454,7949.0986,77.0
892,2013-07-21,0.0,0.0,0.0,0.0,0,0.0,7.0,-0.29205677,-0.956401,-0.5,-0.8660254,3,0,0,1,3336.0,1,8854.0,1,8192.0,1,3600.0,1,6188.0,1,10819.0,1,6881.0,1,9050.0,6483.2725,6923.9653,-5518.0
892,2013-07-22,6398.0,723.0,1.0,0.0,0,1.0,1.0,-0.40312344,-0.91514564,-0.5,-0.8660254,3,0,0,1,0.0,1,3336.0,1,8777.0,1,0.0,1,6497.0,1,3431.0,1,7991.0,1,10221.0,3889.9634,5385.3066,-3336.0
892,2013-07-23,6355.0,703.0,1.0,0.0,0,1.0,2.0,-0.40312344,-0.91514564,-0.5,-0.8660254,3,0,0,1,6398.0,1,0.0,1,8854.0,1,12226.0,1,7008.0,1,0.0,1,3562.0,1,4027.0,4893.178,5610.3496,6398.0
892,2013-07-24,5596.0,625.0,1.0,0.0,0,1.0,3.0,-0.40312344,-0.91514564,-0.5,-0.8660254,3,0,0,1,6355.0,1,6398.0,1,3336.0,1,9909.0,1,7901.0,1,7347.0,1,0.0,1,0.0,5477.9067,5775.8276,-43.0
892,2013-07-25,6617.0,753.0,1.0,0.0,0,1.0,4.0,-0.40312344,-0.91514564,-0.5,-0.8660254,3,0,0,1,5596.0,1,6355.0,1,0.0,1,8192.0,1,3600.0,1,6188.0,1,12597.0,1,9181.0,5525.144,5735.8657,-759.0
892,2013-07-26,7207.0,877.0,1.0,0.0,0,1.0,5.0,-0.40312344,-0.91514564,-0.5,-0.8660254,3,0,0,1,6617.0,1,5596.0,1,6398.0,1,8777.0,1,0.0,1,6497.0,1,10302.0,1,8749.0,5961.886,5931.6733,1021.0
892,2013-07-27,3134.0,348.0,1.0,0.0,0,0.0,6.0,-0.40312344,-0.91514564,-0.5,-0.8660254,3,0,0,1,7207.0,1,6617.0,1,6355.0,1,8854.0,1,12226.0,1,7008.0,1,8648.0,1,8178.0,6459.9316,6215.079,590.0
892,2013-07-28,0.0,0.0,0.0,0.0,0,0.0,7.0,-0.40312344,-0.91514564,-0.5,-0.8660254,3,0,0,1,3134.0,1,7207.0,1,5596.0,1,3336.0,1,9909.0,1,7901.0,1,8849.0,1,8642.0,5129.559,5530.395,-4073.0
892,2013-07-29,12183.0,1073.0,1.0,1.0,0,1.0,1.0,-0.5085311,-0.86104363,-0.5,-0.8660254,3,0,0,1,0.0,1,3134.0,1,6617.0,1,0.0,1,8192.0,1,3600.0,1,10819.0,1,9293.0,3077.7354,4301.4185,-3134.0
892,2013-07-30,11148.0,1008.0,1.0,1.0,0,1.0,2.0,-0.5085311,-0.86104363,-0.5,-0.8660254,3,0,0,1,12183.0,1,0.0,1,7207.0,1,6398.0,1,8777.0,1,0.0,1,3431.0,1,3233.0,6719.8413,6052.881,12183.0
892,2013-07-31,9474.0,943.0,1.0,1.0,0,1.0,3.0,-0.5085311,-0.86104363,-0.5,-0.8660254,3,0,1,1,11148.0,1,12183.0,1,3134.0,1,6355.0,1,8854.0,1,12226.0,1,0.0,1,0.0,8491.1045,7185.1294,-1035.0
892,2013-08-01,9412.0,980.0,1.0,1.0,0,1.0,4.0,-0.5085311,-0.86104363,-0.8660254,-0.5,3,1,0,1,9474.0,1,11148.0,1,0.0,1,5596.0,1,3336.0,1,9909.0,1,7347.0,1,6872.0,8884.263,7693.7676,-1674.0
892,2013-08-02,9329.0,1016.0,1.0,1.0,0,1.0,5.0,-0.5085311,-0.86104363,-0.8660254,-0.5,3,0,0,1,9412.0,1,9474.0,1,12183.0,1,6617.0,1,0.0,1,8192.0,1,6188.0,1,6867.0,9095.357,8075.597,-62.0
892,2013-08-03,3684.0,374.0,1.0,0.0,0,0.0,6.0,-0.5085311,-0.86104363,-0.8660254,-0.5,3,0,0,1,9329.0,1,9412.0,1,11148.0,1,7207.0,1,6398.0,1,8777.0,1,6497.0,1,5877.0,9188.814,8354.131,-83.0
892,2013-08-04,0.0,0.0,0.0,0.0,0,0.0,7.0,-0.5085311,-0.86104363,-0.8660254,-0.5,3,0,0,1,3684.0,1,9329.0,1,9474.0,1,3134.0,1,6355.0,1,8854.0,1,7008.0,1,5946.0,6986.8887,7316.324,-5645.0
892,2013-08-05,2590.0,330.0,1.0,0.0,0,1.0,1.0,-0.60680014,-0.79485446,-0.8660254,-0.5,3,0,0,1,0.0,1,3684.0,1,9412.0,1,0.0,1,5596.0,1,3336.0,1,7901.0,1,7098.0,4192.1333,5690.474,-3684.0
892,2013-08-06,6676.0,774.0,1.0,0.0,0,1.0,2.0,-0.60680014,-0.79485446,-0.8660254,-0.5,3,0,0,1,2590.0,1,0.0,1,9329.0,1,12183.0,1,6617.0,1,0.0,1,3600.0,1,3227.0,3551.28,5001.48,2590.0
892,2013-08-07,6428.0,726.0,1.0,0.0,0,1.0,3.0,-0.60680014,-0.79485446,-0.8660254,-0.5,3,0,0,1,6676.0,1,2590.0,1,3684.0,1,11148.0,1,7207.0,1,6398.0,1,0.0,1,0.0,4801.168,5373.5957,4086.0
892,2013-08-08,6208.0,751.0,1.0,0.0,0,1.0,4.0,-0.60680014,-0.79485446,-0.8660254,-0.5,3,0,0,1,6428.0,1,6676.0,1,0.0,1,9474.0,1,3134.0,1,6355.0,1,12226.0,1,12045.0,5451.901,5607.9077,-248.0
892,2013-08-09,7510.0,887.0,1.0,0.0,0,1.0,5.0,-0.60680014,-0.79485446,-0.8660254,-0.5,3,0,0,1,6208.0,1,6428.0,1,2590.0,1,9412.0,1,0.0,1,5596.0,1,9909.0,1,9043.0,5754.3403,5741.2617,-220.0
892,2013-08-10,3513.0,358.0,1.0,0.0,0,0.0,6.0,-0.60680014,-0.79485446,-0.8660254,-0.5,3,0,0,1,7510.0,1,6208.0,1,6676.0,1,9329.0,1,12183.0,1,6617.0,1,8192.0,1,7465.0,6456.6045,6134.3145,1302.0
892,2013-08-11,0.0,0.0,0.0,0.0,0,0.0,7.0,-0.60680014,-0.79485446,-0.8660254,-0.5,3,0,0,1,3513.0,1,7510.0,1,6428.0,1,3684.0,1,11148.0,1,7207.0,1,8777.0,1,7692.0,5279.1626,5551.8003,-3997.0
892,2013-08-12,12526.0,1129.0,1.0,1.0,0,1.0,1.0,-0.696551,-0.71750724,-0.8660254,-0.5,3,0,0,1,0.0,1,3513.0,1,6208.0,1,0.0,1,9474.0,1,3134.0,1,8854.0,1,9546.0,3167.4976,4318.067,-3513.0
892,2013-08-13,9871.0,950.0,1.0,1.0,0,1.0,2.0,-0.696551,-0.71750724,-0.8660254,-0.5,3,0,0,1,12526.0,1,0.0,1,7510.0,1,2590.0,1,9412.0,1,0.0,1,3336.0,1,3920.0,6910.8984,6142.052,12526.0
892,2013-08-14,8120.0,882.0,1.0,1.0,0,1.0,3.0,-0.696551,-0.71750724,-0.8660254,-0.5,3,0,0,1,9871.0,1,12526.0,1,3513.0,1,6676.0,1,9329.0,1,12183.0,1,0.0,1,0.0,8094.939,6970.707,-2655.0
892,2013-08-15,8121.0,855.0,1.0,1.0,0,1.0,4.0,-0.696551,-0.71750724,-0.8660254,-0.5,3,0,0,1,8120.0,1,9871.0,1,0.0,1,6428.0,1,3684.0,1,11148.0,1,6398.0,1,7244.0,8104.9634,7226.1055,-1751.0
892,2013-08-16,8776.0,1015.0,1.0,1.0,0,1.0,5.0,-0.696551,-0.71750724,-0.8660254,-0.5,3,0,0,1,8121.0,1,8120.0,1,12526.0,1,6208.0,1,0.0,1,9474.0,1,6355.0,1,5140.0,8111.378,7424.9707,1.0
892,2013-08-17,2838.0,314.0,1.0,0.0,0,0.0,6.0,-0.696551,-0.71750724,-0.8660254,-0.5,3,0,0,1,8776.0,1,8121.0,1,9871.0,1,7510.0,1,2590.0,1,9412.0,1,5596.0,1,6024.0,8377.227,7725.1997,655.0
892,2013-08-18,0.0,0.0,0.0,0.0,0,0.0,7.0,-0.696551,-0.71750724,-0.8660254,-0.5,3,0,0,1,2838.0,1,8776.0,1,8120.0,1,3513.0,1,6676.0,1,9329.0,1,6617.0,1,6881.0,6161.536,6639.1553,-5938.0
892,2013-08-19,6034.0,748.0,1.0,0.0,0,1.0,1.0,-0.7765239,-0.63008785,-0.8660254,-0.5,3,0,0,1,0.0,1,2838.0,1,8121.0,1,0.0,1,6428.0,1,3684.0,1,7207.0,1,7991.0,3696.9216,5163.7876,-2838.0
892,2013-08-20,6225.0,739.0,1.0,0.0,0,1.0,2.0,-0.7765239,-0.63008785,-0.8660254,-0.5,3,0,0,1,6034.0,1,0.0,1,8776.0,1,12526.0,1,6208.0,1,0.0,1,3134.0,1,3562.0,4631.753,5357.168,6034.0
892,2013-08-21,6563.0,738.0,1.0,0.0,0,1.0,3.0,-0.7765239,-0.63008785,-0.8660254,-0.5,3,0,0,1,6225.0,1,6034.0,1,2838.0,1,9871.0,1,7510.0,1,2590.0,1,0.0,1,0.0,5269.052,5550.0195,191.0
892,2013-08-22,6214.0,725.0,1.0,0.0,0,1.0,4.0,-0.7765239,-0.63008785,-0.8660254,-0.5,3,0,0,1,6563.0,1,6225.0,1,0.0,1,8120.0,1,3513.0,1,6676.0,1,12183.0,1,12597.0,5786.631,5775.1265,338.0
892,2013-08-23,7442.0,963.0,1.0,0.0,0,1.0,5.0,-0.7765239,-0.63008785,-0.8660254,-0.5,3,0,0,1,6214.0,1,6563.0,1,6034.0,1,8121.0,1,0.0,1,6428.0,1,11148.0,1,10302.0,5957.5786,5872.654,-349.0
892,2013-08-24,3034.0,362.0,1.0,0.0,0,0.0,6.0,-0.7765239,-0.63008785,-0.8660254,-0.5,3,0,0,1,7442.0,1,6214.0,1,6225.0,1,8776.0,1,12526.0,1,6208.0,1,9474.0,1,8648.0,6551.347,6221.3975,1228.0
892,2013-08-25,0.0,0.0,0.0,0.0,0,0.0,7.0,-0.7765239,-0.63008785,-0.8660254,-0.5,3,0,0,1,3034.0,1,7442.0,1,6563.0,1,2838.0,1,9871.0,1,7510.0,1,9412.0,1,8849.0,5144.408,5513.087,-4408.0
892,2013-08-26,11847.0,1073.0,1.0,1.0,0,0.0,1.0,-0.845596,-0.5338234,-0.8660254,-0.5,3,0,0,1,0.0,1,3034.0,1,6214.0,1,0.0,1,8120.0,1,3513.0,1,9329.0,1,10819.0,3086.645,4287.9565,-3034.0
892,2013-08-27,9711.0,979.0,1.0,1.0,0,0.0,2.0,-0.845596,-0.5338234,-0.8660254,-0.5,3,0,0,1,11847.0,1,0.0,1,7442.0,1,6034.0,1,8121.0,1,0.0,1,3684.0,1,3431.0,6590.787,5967.744,11847.0
892,2013-08-28,8386.0,835.0,1.0,1.0,0,0.0,3.0,-0.845596,-0.5338234,-0.8660254,-0.5,3,0,0,1,9711.0,1,11847.0,1,3034.0,1,6225.0,1,8776.0,1,12526.0,1,0.0,1,0.0,7838.872,6799.5786,-2136.0
892,2013-08-29,8746.0,891.0,1.0,1.0,0,0.0,4.0,-0.845596,-0.5338234,-0.8660254,-0.5,3,0,0,1,8386.0,1,9711.0,1,0.0,1,6563.0,1,2838.0,1,9871.0,1,2590.0,1,7347.0,8057.723,7152.1167,-1325.0
892,2013-08-30,10237.0,1086.0,1.0,1.0,0,0.0,5.0,-0.845596,-0.5338234,-0.8660254,-0.5,3,0,0,1,8746.0,1,8386.0,1,11847.0,1,6214.0,1,0.0,1,8120.0,1,6676.0,1,6188.0,8333.034,7506.313,360.0
892,2013-08-31,4032.0,394.0,1.0,0.0,0,0.0,6.0,-0.845596,-0.5338234,-0.8660254,-0.5,3,0,1,1,10237.0,1,8746.0,1,9711.0,1,7442.0,1,6034.0,1,8121.0,1,6428.0,1,6497.0,9094.62,8113.1323,1491.0
892,2013-09-01,0.0,0.0,0.0,0.0,0,0.0,7.0,-0.845596,-0.5338234,-1.0,-1.8369701e-16,3,1,0,1,4032.0,1,10237.0,1,8386.0,1,3034.0,1,6225.0,1,8776.0,1,6208.0,1,7008.0,7069.5723,7206.214,-6205.0
892,2013-09-02,6542.0,818.0,1.0,0.0,0,0.0,1.0,-0.9027978,-0.4300652,-1.0,-1.8369701e-16,3,0,0,1,0.0,1,4032.0,1,8746.0,1,0.0,1,6563.0,1,2838.0,1,7510.0,1,7901.0,4241.743,5604.833,-4032.0
892,2013-09-03,5968.0,698.0,1.0,0.0,0,0.0,2.0,-0.9027978,-0.4300652,-1.0,-1.8369701e-16,3,0,0,1,6542.0,1,0.0,1,10237.0,1,11847.0,1,6214.0,1,0.0,1,3513.0,1,3600.0,5161.846,5813.0923,6542.0
892,2013-09-04,5616.0,700.0,1.0,0.0,0,0.0,3.0,-0.9027978,-0.4300652,-1.0,-1.8369701e-16,3,0,0,1,5968.0,1,6542.0,1,4032.0,1,9711.0,1,7442.0,1,6034.0,1,0.0,1,0.0,5484.3076,5847.516,-574.0
892,2013-09-05,5983.0,724.0,1.0,0.0,0,0.0,4.0,-0.9027978,-0.4300652,-1.0,-1.8369701e-16,3,0,0,1,5616.0,1,5968.0,1,0.0,1,8386.0,1,3034.0,1,6225.0,1,12526.0,1,12226.0,5536.9844,5796.0684,-352.0
892,2013-09-06,6650.0,859.0,1.0,0.0,0,0.0,5.0,-0.9027978,-0.4300652,-1.0,-1.8369701e-16,3,0,0,1,5983.0,1,5616.0,1,6542.0,1,8746.0,1,0.0,1,6563.0,1,9871.0,1,9909.0,5715.3906,5837.609,367.0
892,2013-09-07,3416.0,346.0,1.0,0.0,0,0.0,6.0,-0.9027978,-0.4300652,-1.0,-1.8369701e-16,3,0,0,1,6650.0,1,5983.0,1,5968.0,1,10237.0,1,11847.0,1,6214.0,1,8120.0,1,8192.0,6089.2344,6018.14,667.0
892,2013-09-08,0.0,0.0,0.0,0.0,0,0.0,7.0,-0.9027978,-0.4300652,-1.0,-1.8369701e-16,3,0,0,1,3416.0,1,6650.0,1,5616.0,1,4032.0,1,9711.0,1,7442.0,1,8121.0,1,8777.0,5019.9404,5439.8867,-3234.0
892,2013-09-09,11405.0,989.0,1.0,1.0,0,0.0,1.0,-0.94732636,-0.32026985,-1.0,-1.8369701e-16,3,0,0,1,0.0,1,3416.0,1,5983.0,1,0.0,1,8386.0,1,3034.0,1,8776.0,1,8854.0,3011.9644,4231.023,-3416.0
892,2013-09-10,10483.0,1007.0,1.0,1.0,0,0.0,2.0,-0.94732636,-0.32026985,-1.0,-1.8369701e-16,3,0,0,1,11405.0,1,0.0,1,6650.0,1,6542.0,1,8746.0,1,0.0,1,2838.0,1,3336.0,6369.1787,5825.24,11405.0
892,2013-09-11,7668.0,796.0,1.0,1.0,0,0.0,3.0,-0.94732636,-0.32026985,-1.0,-1.8369701e-16,3,0,0,1,10483.0,1,11405.0,1,3416.0,1,5968.0,1,10237.0,1,11847.0,1,0.0,1,0.0,8014.707,6860.298,-922.0
892,2013-09-12,8381.0,891.0,1.0,1.0,0,0.0,4.0,-0.94732636,-0.32026985,-1.0,-1.8369701e-16,3,0,0,1,7668.0,1,10483.0,1,0.0,1,5616.0,1,4032.0,1,9711.0,1,6034.0,1,6398.0,7876.0244,7039.787,-2815.0
892,2013-09-13,9992.0,1057.0,1.0,1.0,0,0.0,5.0,-0.94732636,-0.32026985,-1.0,-1.8369701e-16,3,0,0,1,8381.0,1,7668.0,1,11405.0,1,5983.0,1,0.0,1,8386.0,1,6225.0,1,6355.0,8078.0146,7337.8345,713.0
892,2013-09-14,3028.0,340.0,1.0,0.0,0,0.0,6.0,-0.94732636,-0.32026985,-1.0,-1.8369701e-16,3,0,0,1,9992.0,1,8381.0,1,10483.0,1,6650.0,1,6542.0,1,8746.0,1,6563.0,1,5596.0,8843.608,7927.649,1611.0
892,2013-09-15,0.0,0.0,0.0,0.0,0,0.0,7.0,-0.94732636,-0.32026985,-1.0,-1.8369701e-16,3,0,0,1,3028.0,1,9992.0,1,7668.0,1,3416.0,1,5968.0,1,10237.0,1,6214.0,1,6617.0,6517.365,6838.8384,-6964.0
892,2013-09-16,6404.0,756.0,1.0,0.0,0,0.0,1.0,-0.9785565,-0.20597862,-1.0,-1.8369701e-16,3,0,0,1,0.0,1,3028.0,1,8381.0,1,0.0,1,5616.0,1,4032.0,1,7442.0,1,7207.0,3910.4192,5319.096,-3028.0
892,2013-09-17,5980.0,751.0,1.0,0.0,0,0.0,2.0,-0.9785565,-0.20597862,-1.0,-1.8369701e-16,3,0,0,1,6404.0,1,0.0,1,9992.0,1,11405.0,1,5983.0,1,0.0,1,3034.0,1,3134.0,4907.8516,5560.186,6404.0
892,2013-09-18,5841.0,662.0,1.0,0.0,0,0.0,3.0,-0.9785565,-0.20597862,-1.0,-1.8369701e-16,3,0,0,1,5980.0,1,6404.0,1,3028.0,1,10483.0,1,6650.0,1,6542.0,1,0.0,1,0.0,5336.711,5653.478,-424.0
892,2013-09-19,5918.0,747.0,1.0,0.0,0,0.0,4.0,-0.9785565,-0.20597862,-1.0,-1.8369701e-16,3,0,0,1,5841.0,1,5980.0,1,0.0,1,7668.0,1,3416.0,1,5968.0,1,11847.0,1,12183.0,5538.427,5695.1494,-139.0
892,2013-09-20,7052.0,860.0,1.0,0.0,0,0.0,5.0,-0.9785565,-0.20597862,-1.0,-1.8369701e-16,3,0,0,1,5918.0,1,5841.0,1,6404.0,1,8381.0,1,0.0,1,5616.0,1,9711.0,1,11148.0,5690.256,5744.672,77.0
892,2013-09-21,2984.0,337.0,1.0,0.0,0,0.0,6.0,-0.9785565,-0.20597862,-1.0,-1.8369701e-16,3,0,0,1,7052.0,1,5918.0,1,5980.0,1,9992.0,1,11405.0,1,5983.0,1,8386.0,1,9474.0,6234.9536,6035.1895,1134.0
892,2013-09-22,0.0,0.0,0.0,0.0,0,0.0,7.0,-0.9785565,-0.20597862,-1.0,-1.8369701e-16,3,0,0,1,2984.0,1,7052.0,1,5841.0,1,3028.0,1,10483.0,1,6650.0,1,8746.0,1,9412.0,4934.5723,5357.147,-4068.0
892,2013-09-23,10319.0,889.0,1.0,1.0,0,0.0,1.0,-0.9960498,-0.08879589,-1.0,-1.8369701e-16,3,0,0,1,0.0,1,2984.0,1,5918.0,1,0.0,1,7668.0,1,3416.0,1,10237.0,1,9329.0,2960.7432,4166.67,-2984.0
892,2013-09-24,9206.0,913.0,1.0,1.0,0,0.0,2.0,-0.9960498,-0.08879589,-1.0,-1.8369701e-16,3,0,0,1,10319.0,1,0.0,1,7052.0,1,6404.0,1,8381.0,1,0.0,1,4032.0,1,3684.0,5904.046,5533.8545,10319.0
892,2013-09-25,7236.0,716.0,1.0,1.0,0,0.0,3.0,-0.9960498,-0.08879589,-1.0,-1.8369701e-16,3,0,0,1,9206.0,1,10319.0,1,2984.0,1,5980.0,1,9992.0,1,11405.0,1,0.0,1,0.0,7224.8276,6349.8867,-1113.0
892,2013-09-26,7259.0,751.0,1.0,1.0,0,0.0,4.0,-0.9960498,-0.08879589,-1.0,-1.8369701e-16,3,0,0,1,7236.0,1,9206.0,1,0.0,1,5841.0,1,3028.0,1,10483.0,1,6542.0,1,2590.0,7229.2964,6546.801,-1970.0
892,2013-09-27,9549.0,1033.0,1.0,1.0,0,0.0,5.0,-0.9960498,-0.08879589,-1.0,-1.8369701e-16,3,0,0,1,7259.0,1,7236.0,1,10319.0,1,5918.0,1,0.0,1,7668.0,1,5968.0,1,6676.0,7241.1777,6705.0674,23.0
892,2013-09-28,3192.0,333.0,1.0,0.0,0,0.0,6.0,-0.9960498,-0.08879589,-1.0,-1.8369701e-16,3,0,0,1,9549.0,1,7259.0,1,9206.0,1,7052.0,1,6404.0,1,8381.0,1,5616.0,1,6428.0,8164.3066,7337.0522,2290.0
892,2013-09-29,0.0,0.0,0.0,0.0,0,0.0,7.0,-0.9960498,-0.08879589,-1.0,-1.8369701e-16,3,0,0,1,3192.0,1,9549.0,1,7236.0,1,2984.0,1,5980.0,1,9992.0,1,5983.0,1,6208.0,6175.3843,6415.9297,-6357.0
892,2013-09-30,6793.0,752.0,1.0,0.0,0,0.0,1.0,-0.99956083,0.029633328,-1.0,-1.8369701e-16,3,0,1,1,0.0,1,3192.0,1,7259.0,1,0.0,1,5841.0,1,3028.0,1,6650.0,1,7510.0,3705.2305,4990.1675,-3192.0
892,2013-10-01,6378.0,768.0,1.0,0.0,0,0.0,2.0,-0.99956083,0.029633328,-0.8660254,0.5,4,1,0,1,6793.0,1,0.0,1,9549.0,1,10319.0,1,5918.0,1,0.0,1,3416.0,1,3513.0,4940.3384,5390.797,6793.0
892,2013-10-02,7509.0,832.0,1.0,0.0,0,0.0,3.0,-0.99956083,0.029633328,-0.8660254,0.5,4,0,0,1,6378.0,1,6793.0,1,3192.0,1,9206.0,1,7052.0,1,6404.0,1,0.0,1,0.0,5515.403,5610.1753,-415.0
892,2013-10-03,0.0,0.0,0.0,0.0,1,0.0,4.0,-0.99956083,0.029633328,-0.8660254,0.5,4,0,0,1,7509.0,1,6378.0,1,0.0,1,7236.0,1,2984.0,1,5980.0,1,11405.0,1,12526.0,6312.842,6032.136,1131.0
892,2013-10-04,8747.0,1005.0,1.0,0.0,0,0.0,5.0,-0.99956083,0.029633328,-0.8660254,0.5,4,0,0,1,0.0,1,7509.0,1,6793.0,1,7259.0,1,0.0,1,5841.0,1,10483.0,1,9871.0,3787.705,4691.6616,-7509.0
892,2013-10-05,3279.0,355.0,1.0,0.0,0,0.0,6.0,-0.99956083,0.029633328,-0.8660254,0.5,4,0,0,1,8747.0,1,0.0,1,6378.0,1,9549.0,1,10319.0,1,5918.0,1,7668.0,1,8120.0,5771.423,5592.848,8747.0
892,2013-10-06,0.0,0.0,0.0,0.0,0,0.0,7.0,-0.99956083,0.029633328,-0.8660254,0.5,4,0,0,1,3279.0,1,8747.0,1,7509.0,1,3192.0,1,9206.0,1,7052.0,1,8381.0,1,8121.0,4774.4536,5078.6597,-5468.0
892,2013-10-07,13042.0,1162.0,1.0,1.0,0,0.0,1.0,-0.9890402,0.14764656,-0.8660254,0.5,4,0,0,1,0.0,1,3279.0,1,0.0,1,0.0,1,7236.0,1,2984.0,1,9992.0,1,8776.0,2864.6724,3950.0686,-3279.0
892,2013-10-08,9351.0,914.0,1.0,1.0,0,0.0,2.0,-0.9890402,0.14764656,-0.8660254,0.5,4,0,0,1,13042.0,1,0.0,1,8747.0,1,6793.0,1,7259.0,1,0.0,1,3028.0,1,2838.0,6935.6035,5970.4976,13042.0
892,2013-10-09,7808.0,786.0,1.0,1.0,0,0.0,3.0,-0.9890402,0.14764656,-0.8660254,0.5,4,0,0,1,9351.0,1,13042.0,1,3279.0,1,6378.0,1,9549.0,1,10319.0,1,0.0,1,0.0,7901.762,6721.7207,-3691.0
892,2013-10-10,8880.0,861.0,1.0,1.0,0,0.0,4.0,-0.9890402,0.14764656,-0.8660254,0.5,4,0,0,1,7808.0,1,9351.0,1,0.0,1,7509.0,1,3192.0,1,9206.0,1,6404.0,1,6034.0,7864.2573,6963.1157,-1543.0
892,2013-10-11,9687.0,1017.0,1.0,1.0,0,0.0,5.0,-0.9890402,0.14764656,-0.8660254,0.5,4,0,0,1,8880.0,1,7808.0,1,13042.0,1,0.0,1,0.0,1,7236.0,1,5980.0,1,6225.0,8270.555,7389.0903,1072.0
892,2013-10-12,3489.0,379.0,1.0,0.0,0,0.0,6.0,-0.9890402,0.14764656,-0.8660254,0.5,4,0,0,1,9687.0,1,8880.0,1,9351.0,1,8747.0,1,6793.0,1,7259.0,1,5841.0,1,6563.0,8837.133,7899.737,807.0
892,2013-10-13,0.0,0.0,0.0,0.0,0,0.0,7.0,-0.9890402,0.14764656,-0.8660254,0.5,4,0,0,1,3489.0,1,9687.0,1,7808.0,1,3279.0,1,6378.0,1,9549.0,1,5918.0,1,6214.0,6697.8794,6919.573,-6198.0
892,2013-10-14,6046.0,714.0,1.0,0.0,0,0.0,1.0,-0.9646356,0.26358718,-0.8660254,0.5,4,0,0,1,0.0,1,3489.0,1,8880.0,1,0.0,1,7509.0,1,3192.0,1,7052.0,1,7442.0,4018.7278,5381.89,-3489.0
892,2013-10-15,6213.0,725.0,1.0,0.0,0,0.0,2.0,-0.9646356,0.26358718,-0.8660254,0.5,4,0,0,1,6046.0,1,0.0,1,9687.0,1,13042.0,1,0.0,1,0.0,1,2984.0,1,3034.0,4829.6367,5529.47,6046.0
892,2013-10-16,5717.0,676.0,1.0,0.0,0,0.0,3.0,-0.9646356,0.26358718,-0.8660254,0.5,4,0,0,1,6213.0,1,6046.0,1,3489.0,1,9351.0,1,8747.0,1,6793.0,1,0.0,1,0.0,5382.982,5681.3657,167.0
892,2013-10-17,6036.0,711.0,1.0,0.0,0,0.0,4.0,-0.9646356,0.26358718,-0.8660254,0.5,4,0,0,1,5717.0,1,6213.0,1,0.0,1,7808.0,1,3279.0,1,6378.0,1,10319.0,1,11847.0,5516.5894,5689.284,-496.0
892,2013-10-18,7650.0,910.0,1.0,0.0,0,0.0,5.0,-0.9646356,0.26358718,-0.8660254,0.5,4,0,0,1,6036.0,1,5717.0,1,6046.0,1,8880.0,1,0.0,1,7509.0,1,9206.0,1,9711.0,5724.3535,5766.3325,319.0
892,2013-10-19,3018.0,298.0,1.0,0.0,0,0.0,6.0,-0.9646356,0.26358718,-0.8660254,0.5,4,0,0,1,7650.0,1,6036.0,1,6213.0,1,9687.0,1,13042.0,1,0.0,1,7236.0,1,8386.0,6494.6123,6184.9253,1614.0
892,2013-10-20,0.0,0.0,0.0,0.0,0,0.0,7.0,-0.9646356,0.26358718,-0.8660254,0.5,4,0,0,1,3018.0,1,7650.0,1,5717.0,1,3489.0,1,9351.0,1,8747.0,1,7259.0,1,8746.0,5103.9673,5481.164,-4632.0
892,2013-10-21,11758.0,1046.0,1.0,1.0,0,1.0,1.0,-0.9266896,0.37582758,-0.8660254,0.5,4,0,0,1,0.0,1,3018.0,1,6036.0,1,0.0,1,7808.0,1,3279.0,1,9549.0,1,10237.0,3062.3804,4263.1274,-3018.0
892,2013-10-22,8157.0,845.0,1.0,1.0,0,1.0,2.0,-0.9266896,0.37582758,-0.8660254,0.5,4,0,0,1,11758.0,1,0.0,1,7650.0,1,6046.0,1,8880.0,1,0.0,1,3192.0,1,4032.0,6540.6284,5928.655,11758.0
892,2013-10-23,7987.0,751.0,1.0,1.0,0,1.0,3.0,-0.9266896,0.37582758,-0.8660254,0.5,4,0,0,1,8157.0,1,11758.0,1,3018.0,1,6213.0,1,9687.0,1,13042.0,1,0.0,1,0.0,7187.177,6423.843,-3601.0
892,2013-10-24,7641.0,796.0,1.0,1.0,0,1.0,4.0,-0.9266896,0.37582758,-0.8660254,0.5,4,0,0,1,7987.0,1,8157.0,1,0.0,1,5717.0,1,3489.0,1,9351.0,1,6793.0,1,6542.0,7507.106,6771.211,-170.0
892,2013-10-25,8356.0,970.0,1.0,1.0,0,1.0,5.0,-0.9266896,0.37582758,-0.8660254,0.5,4,0,0,1,7641.0,1,7987.0,1,11758.0,1,6036.0,1,0.0,1,7808.0,1,6378.0,1,5968.0,7560.6636,6964.4976,-346.0
892,2013-10-26,3040.0,318.0,1.0,0.0,0,0.0,6.0,-0.9266896,0.37582758,-0.8660254,0.5,4,0,0,1,8356.0,1,7641.0,1,8157.0,1,7650.0,1,6046.0,1,8880.0,1,7509.0,1,5616.0,7878.7983,7273.72,715.0
892,2013-10-27,0.0,0.0,0.0,0.0,0,0.0,7.0,-0.9266896,0.37582758,-0.8660254,0.5,4,0,0,1,3040.0,1,8356.0,1,7987.0,1,3018.0,1,6213.0,1,9687.0,1,0.0,1,5983.0,5943.279,6332.8936,-5316.0
892,2013-10-28,6423.0,725.0,1.0,0.0,0,1.0,1.0,-0.8757349,0.4827922,-0.8660254,0.5,4,0,0,1,0.0,1,3040.0,1,7641.0,1,0.0,1,5717.0,1,3489.0,1,8747.0,1,6650.0,3565.9673,4925.584,-3040.0
892,2013-10-29,6286.0,730.0,1.0,0.0,0,1.0,2.0,-0.8757349,0.4827922,-0.8660254,0.5,4,0,0,1,6423.0,1,0.0,1,8356.0,1,11758.0,1,6036.0,1,0.0,1,3279.0,1,3416.0,4708.7803,5258.343,6423.0
892,2013-10-30,7537.0,868.0,1.0,0.0,0,1.0,3.0,-0.8757349,0.4827922,-0.8660254,0.5,4,0,0,1,6286.0,1,6423.0,1,3040.0,1,8157.0,1,7650.0,1,6046.0,1,0.0,1,0.0,5339.6685,5486.7114,-137.0
892,2013-10-31,0.0,0.0,0.0,0.0,1,1.0,4.0,-0.8757349,0.4827922,-0.8660254,0.5,4,0,1,1,7537.0,1,6286.0,1,0.0,1,7987.0,1,3018.0,1,6213.0,1,13042.0,1,11405.0,6218.601,5942.331,1251.0
892,2013-11-01,9300.0,1060.0,1.0,0.0,0,1.0,5.0,-0.8757349,0.4827922,-0.5,0.8660254,4,1,0,1,0.0,1,7537.0,1,6423.0,1,7641.0,1,0.0,1,5717.0,1,9351.0,1,10483.0,3731.1606,4621.813,-7537.0
892,2013-11-02,3110.0,300.0,1.0,0.0,0,0.0,6.0,-0.8757349,0.4827922,-0.5,0.8660254,4,0,0,1,9300.0,1,0.0,1,6286.0,1,8356.0,1,11758.0,1,6036.0,1,7808.0,1,7668.0,5958.6963,5661.41,9300.0
892,2013-11-03,0.0,0.0,0.0,0.0,0,0.0,7.0,-0.8757349,0.4827922,-0.5,0.8660254,4,0,0,1,3110.0,1,9300.0,1,7537.0,1,3040.0,1,8157.0,1,7650.0,1,8880.0,1,8381.0,4819.218,5094.43,-6190.0
892,2013-11-04,11938.0,1102.0,1.0,1.0,0,0.0,1.0,-0.8124869,0.5829795,-0.5,0.8660254,4,0,0,1,0.0,1,3110.0,1,0.0,1,0.0,1,7987.0,1,3018.0,1,9687.0,1,9992.0,2891.5308,3962.3345,-3110.0
892,2013-11-05,9877.0,946.0,1.0,1.0,0,0.0,2.0,-0.8124869,0.5829795,-0.5,0.8660254,4,0,0,1,11938.0,1,0.0,1,9300.0,1,6423.0,1,7641.0,1,0.0,1,3489.0,1,3028.0,6510.1187,5734.7046,11938.0
892,2013-11-06,8290.0,747.0,1.0,1.0,0,0.0,3.0,-0.8124869,0.5829795,-0.5,0.8660254,4,0,0,1,9877.0,1,11938.0,1,3110.0,1,6286.0,1,8356.0,1,11758.0,1,0.0,1,0.0,7856.871,6655.215,-2061.0
892,2013-11-07,8265.0,860.0,1.0,1.0,0,0.0,4.0,-0.8124869,0.5829795,-0.5,0.8660254,4,0,0,1,8290.0,1,9877.0,1,0.0,1,7537.0,1,3040.0,1,8157.0,1,6046.0,1,6404.0,8030.1226,7018.5005,-1587.0
892,2013-11-08,10027.0,1044.0,1.0,1.0,0,0.0,5.0,-0.8124869,0.5829795,-0.5,0.8660254,4,0,0,1,8265.0,1,8290.0,1,11938.0,1,0.0,1,0.0,1,7987.0,1,6213.0,1,5980.0,8124.0737,7295.5,-25.0
892,2013-11-09,3545.0,326.0,1.0,0.0,0,0.0,6.0,-0.8124869,0.5829795,-0.5,0.8660254,4,0,0,1,10027.0,1,8265.0,1,9877.0,1,9300.0,1,6423.0,1,7641.0,1,5717.0,1,5841.0,8885.244,7902.5,1762.0
892,2013-11-10,0.0,0.0,0.0,0.0,0,0.0,7.0,-0.8124869,0.5829795,-0.5,0.8660254,4,0,0,1,3545.0,1,10027.0,1,8290.0,1,3110.0,1,6286.0,1,8356.0,1,6036.0,1,5918.0,6749.1465,6934.167,-6482.0
892,2013-11-11,6985.0,789.0,1.0,0.0,0,0.0,1.0,-0.73783326,0.674983,-0.5,0.8660254,4,0,0,1,0.0,1,3545.0,1,8265.0,1,0.0,1,7537.0,1,3040.0,1,7650.0,1,7052.0,4049.4878,5393.2407,-3545.0
892,2013-11-12,6045.0,715.0,1.0,0.0,0,0.0,2.0,-0.73783326,0.674983,-0.5,0.8660254,4,0,0,1,6985.0,1,0.0,1,10027.0,1,11938.0,1,0.0,1,0.0,1,3018.0,1,2984.0,5223.693,5746.9653,6985.0
892,2013-11-13,5602.0,669.0,1.0,0.0,0,0.0,3.0,-0.73783326,0.674983,-0.5,0.8660254,4,0,0,1,6045.0,1,6985.0,1,3545.0,1,9877.0,1,9300.0,1,6423.0,1,0.0,1,0.0,5552.216,5813.1953,-940.0
892,2013-11-14,6973.0,771.0,1.0,0.0,0,0.0,4.0,-0.73783326,0.674983,-0.5,0.8660254,4,0,0,1,5602.0,1,6045.0,1,0.0,1,8290.0,1,3110.0,1,6286.0,1,11758.0,1,10319.0,5572.1294,5766.2627,-443.0
892,2013-11-15,8187.0,942.0,1.0,0.0,0,0.0,5.0,-0.73783326,0.674983,-0.5,0.8660254,4,0,0,1,6973.0,1,5602.0,1,6985.0,1,8265.0,1,0.0,1,7537.0,1,8157.0,1,9206.0,6132.4775,6034.427,1371.0
892,2013-11-16,3674.0,377.0,1.0,0.0,0,0.0,6.0,-0.73783326,0.674983,-0.5,0.8660254,4,0,0,1,8187.0,1,6973.0,1,6045.0,1,10027.0,1,11938.0,1,0.0,1,7987.0,1,7236.0,6954.2866,6512.7764,1214.0
892,2013-11-17,0.0,0.0,0.0,0.0,0,0.0,7.0,-0.73783326,0.674983,-0.5,0.8660254,4,0,0,1,3674.0,1,8187.0,1,5602.0,1,3545.0,1,9877.0,1,9300.0,1,7641.0,1,7259.0,5642.172,5881.937,-4513.0
892,2013-11-18,13367.0,1146.0,1.0,1.0,0,0.0,1.0,-0.65282214,0.75751126,-0.5,0.8660254,4,0,0,1,0.0,1,3674.0,1,6973.0,1,0.0,1,8290.0,1,3110.0,1,8356.0,1,9549.0,3385.3032,4574.84,-3674.0
892,2013-11-19,11461.0,1026.0,1.0,1.0,0,0.0,2.0,-0.65282214,0.75751126,-0.5,0.8660254,4,0,0,1,13367.0,1,0.0,1,8187.0,1,6985.0,1,8265.0,1,0.0,1,3040.0,1,3192.0,7377.982,6528.6533,13367.0
892,2013-11-20,0.0,0.0,0.0,1.0,1,0.0,3.0,-0.65282214,0.75751126,-0.5,0.8660254,4,0,0,1,11461.0,1,13367.0,1,3674.0,1,6045.0,1,10027.0,1,11938.0,1,0.0,1,0.0,9011.189,7624.7305,-1906.0
892,2013-11-21,11605.0,1049.0,1.0,1.0,0,0.0,4.0,-0.65282214,0.75751126,-0.5,0.8660254,4,0,0,1,0.0,1,11461.0,1,0.0,1,5602.0,1,3545.0,1,9877.0,1,6423.0,1,6793.0,5406.7134,5930.3457,-11461.0
892,2013-11-22,10278.0,1018.0,1.0,1.0,0,0.0,5.0,-0.65282214,0.75751126,-0.5,0.8660254,4,0,0,1,11605.0,1,0.0,1,13367.0,1,6973.0,1,0.0,1,8290.0,1,6286.0,1,6378.0,7886.0283,7191.38,11605.0
892,2013-11-23,3838.0,380.0,1.0,0.0,0,0.0,6.0,-0.65282214,0.75751126,-0.5,0.8660254,4,0,0,1,10278.0,1,11605.0,1,11461.0,1,8187.0,1,6985.0,1,8265.0,1,7537.0,1,7509.0,8842.816,7877.2954,-1327.0
892,2013-11-24,0.0,0.0,0.0,0.0,0,0.0,7.0,-0.65282214,0.75751126,-0.5,0.8660254,4,0,0,1,3838.0,1,10278.0,1,0.0,1,3674.0,1,6045.0,1,10027.0,1,0.0,1,0.0,6840.89,6979.6743,-6440.0
892,2013-11-25,7320.0,767.0,1.0,0.0,0,0.0,1.0,-0.55864674,0.82940567,-0.5,0.8660254,4,0,0,1,0.0,1,3838.0,1,11605.0,1,0.0,1,5602.0,1,3545.0,1,9300.0,1,8747.0,4104.534,5428.6357,-3838.0
892,2013-11-26,7222.0,786.0,1.0,0.0,0,0.0,2.0,-0.55864674,0.82940567,-0.5,0.8660254,4,0,0,1,7320.0,1,0.0,1,10278.0,1,13367.0,1,6973.0,1,0.0,1,3110.0,1,3279.0,5390.72,5848.939,7320.0
892,2013-11-27,6648.0,699.0,1.0,0.0,0,0.0,3.0,-0.55864674,0.82940567,-0.5,0.8660254,4,0,0,1,7222.0,1,7320.0,1,3838.0,1,11461.0,1,8187.0,1,6985.0,1,0.0,1,0.0,6123.2324,6154.0635,-98.0
892,2013-11-28,7456.0,776.0,1.0,0.0,0,0.0,4.0,-0.55864674,0.82940567,-0.5,0.8660254,4,0,0,1,6648.0,1,7222.0,1,0.0,1,0.0,1,3674.0,1,6045.0,1,11938.0,1,13042.0,6333.139,6263.827,-574.0
892,2013-11-29,9578.0,1019.0,1.0,0.0,0,0.0,5.0,-0.55864674,0.82940567,-0.5,0.8660254,4,0,0,1,7456.0,1,6648.0,1,7320.0,1,11605.0,1,0.0,1,5602.0,1,9877.0,1,9351.0,6782.2837,6528.7544,808.0
892,2013-11-30,3646.0,350.0,1.0,0.0,0,0.0,6.0,-0.55864674,0.82940567,-0.5,0.8660254,4,0,1,1,9578.0,1,7456.0,1,7222.0,1,10278.0,1,13367.0,1,6973.0,1,8290.0,1,7808.0,7900.5703,7206.3647,2122.0
892,2013-12-01,0.0,0.0,0.0,0.0,0,0.0,7.0,-0.55864674,0.82940567,-2.4492937e-16,1.0,4,1,0,1,3646.0,1,9578.0,1,6648.0,1,3838.0,1,11461.0,1,8187.0,1,8265.0,1,8880.0,6198.742,6415.1724,-5932.0
892,2013-12-02,14847.0,1280.0,1.0,1.0,0,0.0,1.0,-0.45662925,0.8896571,-2.4492937e-16,1.0,4,0,0,1,0.0,1,3646.0,1,7456.0,1,0.0,1,0.0,1,3674.0,1,10027.0,1,9687.0,3719.2454,4989.5786,-3646.0
892,2013-12-03,12111.0,1037.0,1.0,1.0,0,0.0,2.0,-0.45662925,0.8896571,-2.4492937e-16,1.0,4,0,0,1,14847.0,1,0.0,1,9578.0,1,7320.0,1,11605.0,1,0.0,1,3545.0,1,3489.0,8170.347,7180.1167,14847.0
892,2013-12-04,10969.0,945.0,1.0,1.0,0,0.0,3.0,-0.45662925,0.8896571,-2.4492937e-16,1.0,4,0,0,1,12111.0,1,14847.0,1,3646.0,1,7222.0,1,10278.0,1,13367.0,1,0.0,1,0.0,9746.608,8275.868,-2736.0
892,2013-12-05,11925.0,1118.0,1.0,1.0,0,0.0,4.0,-0.45662925,0.8896571,-2.4492937e-16,1.0,4,0,0,1,10969.0,1,12111.0,1,0.0,1,6648.0,1,3838.0,1,11461.0,1,6985.0,1,6046.0,10235.565,8874.342,-1142.0
892,2013-12-06,8652.0,853.0,1.0,1.0,0,0.0,5.0,-0.45662925,0.8896571,-2.4492937e-16,1.0,4,0,0,1,11925.0,1,10969.0,1,14847.0,1,7456.0,1,0.0,1,0.0,1,6045.0,1,6213.0,10911.339,9552.267,956.0
892,2013-12-07,5039.0,547.0,1.0,0.0,0,0.0,6.0,-0.45662925,0.8896571,-2.4492937e-16,1.0,4,0,0,1,8652.0,1,11925.0,1,12111.0,1,9578.0,1,7320.0,1,11605.0,1,5602.0,1,5717.0,10007.604,9352.207,-3273.0
892,2013-12-08,0.0,0.0,0.0,0.0,0,0.0,7.0,-0.45662925,0.8896571,-2.4492937e-16,1.0,4,0,0,1,5039.0,1,8652.0,1,10969.0,1,3646.0,1,7222.0,1,10278.0,1,6973.0,1,6036.0,8020.162,8393.717,-3613.0
892,2013-12-09,7785.0,775.0,1.0,0.0,0,0.0,1.0,-0.34820163,0.93741965,-2.4492937e-16,1.0,4,0,0,1,0.0,1,5039.0,1,11925.0,1,0.0,1,6648.0,1,3838.0,1,8187.0,1,7650.0,4812.097,6528.4463,-5039.0
892,2013-12-10,8786.0,911.0,1.0,0.0,0,0.0,2.0,-0.34820163,0.93741965,-2.4492937e-16,1.0,4,0,0,1,7785.0,1,0.0,1,8652.0,1,14847.0,1,7456.0,1,0.0,1,3674.0,1,3018.0,6001.2583,6807.68,7785.0
892,2013-12-11,8226.0,797.0,1.0,0.0,0,0.0,3.0,-0.34820163,0.93741965,-2.4492937e-16,1.0,4,0,0,1,8786.0,1,7785.0,1,5039.0,1,12111.0,1,9578.0,1,7320.0,1,0.0,1,0.0,7115.155,7247.307,1001.0
892,2013-12-12,8452.0,897.0,1.0,0.0,0,0.0,4.0,-0.34820163,0.93741965,-2.4492937e-16,1.0,4,0,0,1,8226.0,1,8786.0,1,0.0,1,10969.0,1,3646.0,1,7222.0,1,13367.0,1,11758.0,7559.493,7464.7944,-560.0
892,2013-12-13,10364.0,1054.0,1.0,0.0,0,0.0,5.0,-0.34820163,0.93741965,-2.4492937e-16,1.0,4,0,0,1,8452.0,1,8226.0,1,7785.0,1,11925.0,1,0.0,1,6648.0,1,11461.0,1,8157.0,7916.4956,7684.1733,226.0
892,2013-12-14,4178.0,379.0,1.0,0.0,0,0.0,6.0,-0.34820163,0.93741965,-2.4492937e-16,1.0,4,0,0,1,10364.0,1,8452.0,1,8786.0,1,8652.0,1,14847.0,1,7456.0,1,0.0,1,7987.0,8895.497,8279.69,1912.0
892,2013-12-15,0.0,0.0,0.0,0.0,0,0.0,7.0,-0.34820163,0.93741965,-2.4492937e-16,1.0,4,0,0,1,4178.0,1,10364.0,1,8226.0,1,5039.0,1,12111.0,1,9578.0,1,11605.0,1,7641.0,7008.4985,7368.2036,-6186.0
892,2013-12-16,20170.0,1518.0,1.0,1.0,0,0.0,1.0,-0.23488605,0.9720229,-2.4492937e-16,1.0,4,0,0,1,0.0,1,4178.0,1,8452.0,1,0.0,1,10969.0,1,3646.0,1,10278.0,1,8356.0,4205.099,5730.825,-4178.0
892,2013-12-17,16705.0,1345.0,1.0,1.0,0,0.0,2.0,-0.23488605,0.9720229,-2.4492937e-16,1.0,4,0,0,1,20170.0,1,0.0,1,10364.0,1,7785.0,1,11925.0,1,0.0,1,3838.0,1,3040.0,10591.06,8939.53,20170.0
892,2013-12-18,13030.0,1100.0,1.0,1.0,0,0.0,3.0,-0.23488605,0.9720229,-2.4492937e-16,1.0,4,0,0,1,16705.0,1,20170.0,1,4178.0,1,8786.0,1,8652.0,1,14847.0,1,0.0,1,0.0,13036.636,10665.19,-3465.0
892,2013-12-19,13127.0,1146.0,1.0,1.0,0,0.0,4.0,-0.23488605,0.9720229,-2.4492937e-16,1.0,4,0,0,1,13030.0,1,16705.0,1,0.0,1,8226.0,1,5039.0,1,12111.0,1,7320.0,1,6423.0,13033.981,11190.704,-3675.0
892,2013-12-20,14869.0,1357.0,1.0,1.0,0,0.0,5.0,-0.23488605,0.9720229,-2.4492937e-16,1.0,4,0,0,1,13127.0,1,13030.0,1,20170.0,1,8452.0,1,0.0,1,10969.0,1,7222.0,1,6286.0,13071.188,11620.992,97.0
892,2013-12-21,6893.0,650.0,1.0,0.0,0,0.0,6.0,-0.23488605,0.9720229,-2.4492937e-16,1.0,4,0,0,1,14869.0,1,13127.0,1,16705.0,1,10364.0,1,7785.0,1,11925.0,1,6648.0,1,7537.0,13790.313,12342.771,1742.0
892,2013-12-22,0.0,0.0,0.0,0.0,0,0.0,7.0,-0.23488605,0.9720229,-2.4492937e-16,1.0,4,0,0,1,6893.0,1,14869.0,1,13030.0,1,4178.0,1,8786.0,1,8652.0,1,7456.0,1,0.0,11031.388,11131.711,-7976.0
892,2013-12-23,15583.0,1458.0,1.0,0.0,0,1.0,1.0,-0.11827317,0.9929811,-2.4492937e-16,1.0,4,0,0,1,0.0,1,6893.0,1,13127.0,1,0.0,1,8226.0,1,5039.0,1,9578.0,1,9300.0,6618.833,8657.997,-6893.0
892,2013-12-24,4748.0,494.0,1.0,0.0,0,1.0,2.0,-0.11827317,0.9929811,-2.4492937e-16,1.0,4,0,0,1,15583.0,1,0.0,1,14869.0,1,20170.0,1,8452.0,1,0.0,1,3646.0,1,3110.0,10204.5,10196.887,15583.0
892,2013-12-25,0.0,0.0,0.0,0.0,3,1.0,3.0,-0.11827317,0.9929811,-2.4492937e-16,1.0,4,0,0,1,4748.0,1,15583.0,1,6893.0,1,16705.0,1,10364.0,1,7785.0,1,0.0,1,0.0,8021.9,8986.023,-10835.0
892,2013-12-26,0.0,0.0,0.0,0.0,3,1.0,4.0,-0.11827317,0.9929811,-2.4492937e-16,1.0,4,0,0,1,0.0,1,4748.0,1,0.0,1,13030.0,1,4178.0,1,8786.0,1,14847.0,1,11938.0,4813.1396,6989.129,-4748.0
892,2013-12-27,8923.0,1020.0,1.0,0.0,0,1.0,5.0,-0.11827317,0.9929811,-2.4492937e-16,1.0,4,0,0,1,0.0,1,0.0,1,15583.0,1,13127.0,1,0.0,1,8226.0,1,12111.0,1,9877.0,2887.884,5435.9893,0.0
892,2013-12-28,3977.0,416.0,1.0,0.0,0,0.0,6.0,-0.11827317,0.9929811,-2.4492937e-16,1.0,4,0,0,1,8923.0,1,0.0,1,4748.0,1,14869.0,1,20170.0,1,8452.0,1,10969.0,1,8290.0,5301.93,6210.8804,8923.0
892,2013-12-29,0.0,0.0,0.0,0.0,0,0.0,7.0,-0.11827317,0.9929811,-2.4492937e-16,1.0,4,0,0,1,3977.0,1,8923.0,1,0.0,1,6893.0,1,16705.0,1,10364.0,1,11925.0,1,8265.0,4771.958,5714.463,-4946.0
892,2013-12-30,10231.0,1081.0,1.0,0.0,0,1.0,1.0,0.11827317,0.9929811,-2.4492937e-16,1.0,4,0,0,1,0.0,1,3977.0,1,0.0,1,0.0,1,13030.0,1,4178.0,1,8652.0,1,10027.0,2863.175,4444.582,-3977.0
892,2013-12-31,3421.0,343.0,1.0,0.0,0,1.0,2.0,0.11827317,0.9929811,-2.4492937e-16,1.0,4,0,1,1,10231.0,1,0.0,1,8923.0,1,15583.0,1,13127.0,1,0.0,1,5039.0,1,3545.0,5810.305,5730.4526,10231.0
892,2014-01-01,0.0,0.0,0.0,0.0,1,1.0,3.0,0.11827317,0.9929811,0.5,0.8660254,1,1,0,1,3421.0,1,10231.0,1,3977.0,1,4748.0,1,14869.0,1,20170.0,1,0.0,1,0.0,4854.583,5217.241,-6810.0
892,2014-01-02,7086.0,826.0,1.0,0.0,0,1.0,4.0,0.11827317,0.9929811,0.5,0.8660254,1,0,0,1,0.0,1,3421.0,1,0.0,1,0.0,1,6893.0,1,16705.0,1,7785.0,1,6985.0,2912.7498,4057.854,-3421.0
892,2014-01-03,7842.0,876.0,1.0,0.0,0,1.0,5.0,0.11827317,0.9929811,0.5,0.8660254,1,0,0,1,7086.0,1,0.0,1,10231.0,1,0.0,1,0.0,1,13030.0,1,8786.0,1,6045.0,4582.05,4730.7754,7086.0
892,2014-01-04,3317.0,346.0,1.0,0.0,0,0.0,6.0,0.11827317,0.9929811,0.5,0.8660254,1,0,0,1,7842.0,1,7086.0,1,3421.0,1,8923.0,1,15583.0,1,13127.0,1,8226.0,1,5602.0,5886.03,5422.1587,756.0
892,2014-01-05,0.0,0.0,0.0,0.0,0,0.0,7.0,0.11827317,0.9929811,0.5,0.8660254,1,0,0,1,3317.0,1,7842.0,1,0.0,1,3977.0,1,4748.0,1,14869.0,1,8452.0,1,6973.0,4858.418,4954.3457,-4525.0
892,2014-01-06,13552.0,1164.0,1.0,1.0,0,0.0,1.0,0.23488605,0.9720229,0.5,0.8660254,1,0,0,1,0.0,1,3317.0,1,7086.0,1,0.0,1,0.0,1,6893.0,1,10364.0,1,8187.0,2915.0508,3853.38,-3317.0
892,2014-01-07,9550.0,931.0,1.0,1.0,0,0.0,2.0,0.23488605,0.9720229,0.5,0.8660254,1,0,0,1,13552.0,1,0.0,1,7842.0,1,10231.0,1,0.0,1,0.0,1,4178.0,1,3674.0,7169.8306,6008.629,13552.0
892,2014-01-08,7895.0,821.0,1.0,1.0,0,0.0,3.0,0.23488605,0.9720229,0.5,0.8660254,1,0,0,1,9550.0,1,13552.0,1,3317.0,1,3421.0,1,8923.0,1,15583.0,1,0.0,1,0.0,8121.8984,6795.6,-4002.0
892,2014-01-09,8888.0,903.0,1.0,1.0,0,0.0,4.0,0.23488605,0.9720229,0.5,0.8660254,1,0,0,1,7895.0,1,9550.0,1,0.0,1,0.0,1,3977.0,1,4748.0,1,20170.0,1,13367.0,8031.139,7039.911,-1655.0
892,2014-01-10,9755.0,1037.0,1.0,1.0,0,0.0,5.0,0.23488605,0.9720229,0.5,0.8660254,1,0,0,1,8888.0,1,7895.0,1,13552.0,1,7086.0,1,0.0,1,0.0,1,16705.0,1,11461.0,8373.884,7450.5977,993.0
892,2014-01-11,3458.0,363.0,1.0,0.0,0,0.0,6.0,0.23488605,0.9720229,0.5,0.8660254,1,0,0,1,9755.0,1,8888.0,1,9550.0,1,7842.0,1,10231.0,1,0.0,1,13030.0,1,0.0,8926.33,7962.687,867.0
892,2014-01-12,0.0,0.0,0.0,0.0,0,0.0,7.0,0.23488605,0.9720229,0.5,0.8660254,1,0,0,1,3458.0,1,9755.0,1,7895.0,1,3317.0,1,3421.0,1,8923.0,1,13127.0,1,11605.0,6738.998,6961.6455,-6297.0
892,2014-01-13,6477.0,762.0,1.0,0.0,0,0.0,1.0,0.34820163,0.93741965,0.5,0.8660254,1,0,0,1,0.0,1,3458.0,1,8888.0,1,0.0,1,0.0,1,3977.0,1,14869.0,1,10278.0,4043.399,5414.6133,-3458.0
892,2014-01-14,6349.0,720.0,1.0,0.0,0,0.0,2.0,0.34820163,0.93741965,0.5,0.8660254,1,0,0,1,6477.0,1,0.0,1,9755.0,1,13552.0,1,7086.0,1,0.0,1,6893.0,1,3838.0,5016.8394,5650.699,6477.0
892,2014-01-15,5549.0,653.0,1.0,0.0,0,0.0,3.0,0.34820163,0.93741965,0.5,0.8660254,1,0,0,1,6349.0,1,6477.0,1,3458.0,1,9550.0,1,7842.0,1,10231.0,1,0.0,1,0.0,5549.7036,5805.877,-128.0
892,2014-01-16,6310.0,723.0,1.0,0.0,0,0.0,4.0,0.34820163,0.93741965,0.5,0.8660254,1,0,0,1,5549.0,1,6349.0,1,0.0,1,7895.0,1,3317.0,1,3421.0,1,15583.0,1,7320.0,5549.4224,5748.7935,-800.0
892,2014-01-17,6783.0,834.0,1.0,0.0,0,0.0,5.0,0.34820163,0.93741965,0.5,0.8660254,1,0,0,1,6310.0,1,5549.0,1,6477.0,1,8888.0,1,0.0,1,0.0,1,4748.0,1,7222.0,5853.6533,5873.506,761.0
892,2014-01-18,2973.0,297.0,1.0,0.0,0,0.0,6.0,0.34820163,0.93741965,0.5,0.8660254,1,0,0,1,6783.0,1,6310.0,1,6349.0,1,9755.0,1,13552.0,1,7086.0,1,0.0,1,6648.0,6225.392,6075.6157,473.0
892,2014-01-19,0.0,0.0,0.0,0.0,0,0.0,7.0,0.34820163,0.93741965,0.5,0.8660254,1,0,0,1,2973.0,1,6783.0,1,5549.0,1,3458.0,1,9550.0,1,7842.0,1,0.0,1,7456.0,4924.435,5386.1455,-3810.0
892,2014-01-20,12720.0,1056.0,1.0,1.0,0,0.0,1.0,0.45662925,0.8896571,0.5,0.8660254,1,0,0,1,0.0,1,2973.0,1,6310.0,1,0.0,1,7895.0,1,3317.0,1,8923.0,1,9578.0,2954.6611,4189.224,-2973.0
892,2014-01-21,8883.0,799.0,1.0,1.0,0,0.0,2.0,0.45662925,0.8896571,0.5,0.8660254,1,0,0,1,12720.0,1,0.0,1,6783.0,1,6477.0,1,8888.0,1,0.0,1,3977.0,1,3646.0,6860.797,6084.952,12720.0
892,2014-01-22,7315.0,754.0,1.0,1.0,0,0.0,3.0,0.45662925,0.8896571,0.5,0.8660254,1,0,0,1,8883.0,1,12720.0,1,2973.0,1,6349.0,1,9755.0,1,13552.0,1,0.0,1,0.0,7669.678,6706.7407,-3837.0
892,2014-01-23,8207.0,793.0,1.0,1.0,0,0.0,4.0,0.45662925,0.8896571,0.5,0.8660254,1,0,0,1,7315.0,1,8883.0,1,0.0,1,5549.0,1,3458.0,1,9550.0,1,10231.0,1,14847.0,7527.8066,6841.909,-1568.0
892,2014-01-24,7723.0,868.0,1.0,1.0,0,0.0,5.0,0.45662925,0.8896571,0.5,0.8660254,1,0,0,1,8207.0,1,7315.0,1,12720.0,1,6310.0,1,0.0,1,7895.0,1,3421.0,1,12111.0,7799.484,7145.2627,892.0
892,2014-01-25,2615.0,271.0,1.0,0.0,0,0.0,6.0,0.45662925,0.8896571,0.5,0.8660254,1,0,0,1,7723.0,1,8207.0,1,8883.0,1,6783.0,1,6477.0,1,8888.0,1,0.0,1,10969.0,7768.8906,7273.649,-484.0
892,2014-01-26,0.0,0.0,0.0,0.0,0,0.0,7.0,0.45662925,0.8896571,0.5,0.8660254,1,0,0,1,2615.0,1,7723.0,1,7315.0,1,2973.0,1,6349.0,1,9755.0,1,7086.0,1,11925.0,5707.3345,6238.3936,-5108.0
892,2014-01-27,5382.0,606.0,1.0,0.0,0,0.0,1.0,0.55864674,0.82940567,0.5,0.8660254,1,0,0,1,0.0,1,2615.0,1,8207.0,1,0.0,1,5549.0,1,3458.0,1,7842.0,1,8652.0,3424.4006,4852.084,-2615.0
892,2014-01-28,6103.0,674.0,1.0,0.0,0,0.0,2.0,0.55864674,0.82940567,0.5,0.8660254,1,0,0,1,5382.0,1,0.0,1,7723.0,1,12720.0,1,6310.0,1,0.0,1,3317.0,1,5039.0,4207.4404,4969.8433,5382.0
892,2014-01-29,5073.0,608.0,1.0,0.0,0,0.0,3.0,0.55864674,0.82940567,0.5,0.8660254,1,0,0,1,6103.0,1,5382.0,1,2615.0,1,8883.0,1,6783.0,1,6477.0,1,0.0,1,0.0,4965.664,5221.656,721.0
892,2014-01-30,6670.0,737.0,1.0,0.0,0,0.0,4.0,0.55864674,0.82940567,0.5,0.8660254,1,0,0,1,5073.0,1,6103.0,1,0.0,1,7315.0,1,2973.0,1,6349.0,1,13552.0,1,7785.0,5008.5986,5188.621,-1030.0
892,2014-01-31,8253.0,930.0,1.0,0.0,0,0.0,5.0,0.55864674,0.82940567,0.5,0.8660254,1,0,1,1,6670.0,1,5073.0,1,5382.0,1,8207.0,1,0.0,1,5549.0,1,9550.0,1,8786.0,5673.159,5517.8164,1597.0
892,2014-02-01,3660.0,362.0,1.0,0.0,0,0.0,6.0,0.55864674,0.82940567,0.8660254,0.5,1,1,0,1,8253.0,1,6670.0,1,6103.0,1,7723.0,1,12720.0,1,6310.0,1,7895.0,1,8226.0,6705.0957,6125.635,1583.0
892,2014-02-02,0.0,0.0,0.0,0.0,0,0.0,7.0,0.55864674,0.82940567,0.8660254,0.5,1,0,0,1,3660.0,1,8253.0,1,5073.0,1,2615.0,1,8883.0,1,6783.0,1,8888.0,1,8452.0,5487.057,5577.7163,-4593.0
892,2014-02-03,13524.0,1136.0,1.0,1.0,0,0.0,1.0,0.65282214,0.75751126,0.8660254,0.5,1,0,0,1,0.0,1,3660.0,1,6670.0,1,0.0,1,7315.0,1,2973.0,1,9755.0,1,10364.0,3292.2344,4338.2236,-3660.0
892,2014-02-04,10407.0,988.0,1.0,1.0,0,0.0,2.0,0.65282214,0.75751126,0.8660254,0.5,1,0,0,1,13524.0,1,0.0,1,8253.0,1,5382.0,1,8207.0,1,0.0,1,3458.0,1,4178.0,7384.9404,6379.5073,13524.0
892,2014-02-05,8377.0,840.0,1.0,1.0,0,0.0,3.0,0.65282214,0.75751126,0.8660254,0.5,1,0,0,1,10407.0,1,13524.0,1,3660.0,1,6103.0,1,7723.0,1,12720.0,1,0.0,1,0.0,8593.765,7274.506,-3117.0
892,2014-02-06,9073.0,903.0,1.0,1.0,0,0.0,4.0,0.65282214,0.75751126,0.8660254,0.5,1,0,0,1,8377.0,1,10407.0,1,0.0,1,5073.0,1,2615.0,1,8883.0,1,6477.0,1,20170.0,8507.059,7519.5044,-2030.0
892,2014-02-07,9109.0,956.0,1.0,1.0,0,0.0,5.0,0.65282214,0.75751126,0.8660254,0.5,1,0,0,1,9073.0,1,8377.0,1,13524.0,1,6670.0,1,0.0,1,7315.0,1,6349.0,1,16705.0,8733.436,7864.7256,696.0
892,2014-02-08,3460.0,335.0,1.0,0.0,0,0.0,6.0,0.65282214,0.75751126,0.8660254,0.5,1,0,0,1,9109.0,1,9073.0,1,10407.0,1,8253.0,1,5382.0,1,8207.0,1,5549.0,1,13030.0,8883.661,8141.231,36.0
892,2014-02-09,0.0,0.0,0.0,0.0,0,0.0,7.0,0.65282214,0.75751126,0.8660254,0.5,1,0,0,1,3460.0,1,9109.0,1,8377.0,1,3660.0,1,6103.0,1,7723.0,1,6310.0,1,13127.0,6714.197,7100.9575,-5649.0
892,2014-02-10,6942.0,782.0,1.0,0.0,0,0.0,1.0,0.73783326,0.674983,0.8660254,0.5,1,0,0,1,0.0,1,3460.0,1,9073.0,1,0.0,1,5073.0,1,2615.0,1,6783.0,1,14869.0,4028.518,5522.967,-3460.0
892,2014-02-11,6660.0,746.0,1.0,0.0,0,0.0,2.0,0.73783326,0.674983,0.8660254,0.5,1,0,0,1,6942.0,1,0.0,1,9109.0,1,13524.0,1,6670.0,1,0.0,1,2973.0,1,6893.0,5193.9106,5838.3076,6942.0
892,2014-02-12,6180.0,668.0,1.0,0.0,0,0.0,3.0,0.73783326,0.674983,0.8660254,0.5,1,0,0,1,6660.0,1,6942.0,1,3460.0,1,10407.0,1,8253.0,1,5382.0,1,0.0,1,0.0,5780.3467,6020.906,-282.0
892,2014-02-13,6878.0,807.0,1.0,0.0,0,0.0,4.0,0.73783326,0.674983,0.8660254,0.5,1,0,0,1,6180.0,1,6660.0,1,0.0,1,8377.0,1,3660.0,1,6103.0,1,12720.0,1,15583.0,5940.208,6056.2603,-480.0
892,2014-02-14,7323.0,835.0,1.0,0.0,0,0.0,5.0,0.73783326,0.674983,0.8660254,0.5,1,0,0,1,6878.0,1,6180.0,1,6942.0,1,9073.0,1,0.0,1,5073.0,1,8883.0,1,4748.0,6315.3247,6238.869,698.0
892,2014-02-15,3315.0,344.0,1.0,0.0,0,0.0,6.0,0.73783326,0.674983,0.8660254,0.5,1,0,0,1,7323.0,1,6878.0,1,6660.0,1,9109.0,1,13524.0,1,6670.0,1,7315.0,1,0.0,6718.395,6479.787,445.0
892,2014-02-16,0.0,0.0,0.0,0.0,0,0.0,7.0,0.73783326,0.674983,0.8660254,0.5,1,0,0,1,3315.0,1,7323.0,1,6180.0,1,3460.0,1,10407.0,1,8253.0,1,8207.0,1,0.0,5357.037,5776.501,-4008.0
892,2014-02-17,12276.0,1086.0,1.0,1.0,0,1.0,1.0,0.8124869,0.5829795,0.8660254,0.5,1,0,0,1,0.0,1,3315.0,1,6878.0,1,0.0,1,8377.0,1,3660.0,1,7723.0,1,8923.0,3214.2222,4492.834,-3315.0
892,2014-02-18,9018.0,856.0,1.0,1.0,0,1.0,2.0,0.8124869,0.5829795,0.8660254,0.5,1,0,0,1,12276.0,1,0.0,1,7323.0,1,6942.0,1,9073.0,1,0.0,1,2615.0,1,3977.0,6838.933,6222.427,12276.0
892,2014-02-19,8444.0,760.0,1.0,1.0,0,1.0,3.0,0.8124869,0.5829795,0.8660254,0.5,1,0,0,1,9018.0,1,12276.0,1,3315.0,1,6660.0,1,9109.0,1,13524.0,1,0.0,1,0.0,7710.56,6843.665,-3258.0
892,2014-02-20,7511.0,820.0,1.0,1.0,0,1.0,4.0,0.8124869,0.5829795,0.8660254,0.5,1,0,0,1,8444.0,1,9018.0,1,0.0,1,6180.0,1,3460.0,1,10407.0,1,5382.0,1,10231.0,8003.936,7199.295,-574.0
892,2014-02-21,8968.0,920.0,1.0,1.0,0,1.0,5.0,0.8124869,0.5829795,0.8660254,0.5,1,0,0,1,7511.0,1,8444.0,1,12276.0,1,6878.0,1,0.0,1,8377.0,1,6103.0,1,3421.0,7806.7617,7268.563,-933.0
892,2014-02-22,2623.0,302.0,1.0,0.0,0,0.0,6.0,0.8124869,0.5829795,0.8660254,0.5,1,0,0,1,8968.0,1,7511.0,1,9018.0,1,7323.0,1,6942.0,1,9073.0,1,5073.0,1,0.0,8271.257,7646.2153,1457.0
892,2014-02-23,0.0,0.0,0.0,0.0,0,0.0,7.0,0.8124869,0.5829795,0.8660254,0.5,1,0,0,1,2623.0,1,8968.0,1,8444.0,1,3315.0,1,6660.0,1,9109.0,1,6670.0,1,7086.0,6011.954,6529.9453,-6345.0
892,2014-02-24,5671.0,682.0,1.0,0.0,0,1.0,1.0,0.8757349,0.4827922,0.8660254,0.5,1,0,0,1,0.0,1,2623.0,1,7511.0,1,0.0,1,6180.0,1,3460.0,1,8253.0,1,7842.0,3607.1726,5078.846,-2623.0
892,2014-02-25,5623.0,651.0,1.0,0.0,0,1.0,2.0,0.8757349,0.4827922,0.8660254,0.5,1,0,0,1,5671.0,1,0.0,1,8968.0,1,12276.0,1,6878.0,1,0.0,1,3660.0,1,3317.0,4432.7036,5210.436,5671.0
892,2014-02-26,4992.0,619.0,1.0,0.0,0,1.0,3.0,0.8757349,0.4827922,0.8660254,0.5,1,0,0,1,5623.0,1,5671.0,1,2623.0,1,9018.0,1,7323.0,1,6942.0,1,0.0,1,0.0,4908.8223,5302.117,-48.0
892,2014-02-27,5989.0,694.0,1.0,0.0,0,1.0,4.0,0.8757349,0.4827922,0.8660254,0.5,1,0,0,1,4992.0,1,5623.0,1,0.0,1,8444.0,1,3315.0,1,6660.0,1,13524.0,1,13552.0,4942.0933,5233.202,-631.0
892,2014-02-28,7768.0,898.0,1.0,0.0,0,1.0,5.0,0.8757349,0.4827922,0.8660254,0.5,1,0,1,1,5989.0,1,4992.0,1,5671.0,1,7511.0,1,0.0,1,6180.0,1,10407.0,1,9550.0,5360.856,5401.157,997.0
892,2014-03-01,3231.0,355.0,1.0,0.0,0,0.0,6.0,0.8757349,0.4827922,1.0,6.123234e-17,1,1,0,1,7768.0,1,5989.0,1,5623.0,1,8968.0,1,12276.0,1,6878.0,1,8377.0,1,7895.0,6323.7134,5927.122,1779.0
892,2014-03-02,0.0,0.0,0.0,0.0,0,0.0,7.0,0.8757349,0.4827922,1.0,6.123234e-17,1,0,0,1,3231.0,1,7768.0,1,4992.0,1,2623.0,1,9018.0,1,7323.0,1,9073.0,1,8888.0,5086.628,5327.984,-4537.0
892,2014-03-03,12873.0,1130.0,1.0,1.0,0,0.0,1.0,0.9266896,0.37582758,1.0,6.123234e-17,1,0,0,1,0.0,1,3231.0,1,5989.0,1,0.0,1,8444.0,1,3315.0,1,9109.0,1,9755.0,3051.9768,4143.9873,-3231.0
892,2014-03-04,9261.0,893.0,1.0,1.0,0,0.0,2.0,0.9266896,0.37582758,1.0,6.123234e-17,1,0,0,1,12873.0,1,0.0,1,7768.0,1,5671.0,1,7511.0,1,0.0,1,3460.0,1,3458.0,6980.386,6083.768,12873.0
892,2014-03-05,8181.0,812.0,1.0,1.0,0,0.0,3.0,0.9266896,0.37582758,1.0,6.123234e-17,1,0,0,1,9261.0,1,12873.0,1,3231.0,1,5623.0,1,8968.0,1,12276.0,1,0.0,1,0.0,7892.632,6789.82,-3612.0
892,2014-03-06,8526.0,901.0,1.0,1.0,0,0.0,4.0,0.9266896,0.37582758,1.0,6.123234e-17,1,0,0,1,8181.0,1,9261.0,1,0.0,1,4992.0,1,2623.0,1,9018.0,1,6942.0,1,6477.0,8007.979,7098.9707,-1080.0
892,2014-03-07,9590.0,1037.0,1.0,1.0,0,0.0,5.0,0.9266896,0.37582758,1.0,6.123234e-17,1,0,0,1,8526.0,1,8181.0,1,12873.0,1,5989.0,1,0.0,1,8444.0,1,6660.0,1,6349.0,8215.1875,7416.0884,345.0
892,2014-03-08,3096.0,346.0,1.0,0.0,0,0.0,6.0,0.9266896,0.37582758,1.0,6.123234e-17,1,0,0,1,9590.0,1,8526.0,1,9261.0,1,7768.0,1,5671.0,1,7511.0,1,6180.0,1,5549.0,8765.112,7899.1797,1064.0
892,2014-03-09,0.0,0.0,0.0,0.0,0,0.0,7.0,0.9266896,0.37582758,1.0,6.123234e-17,1,0,0,1,3096.0,1,9590.0,1,8181.0,1,3231.0,1,5623.0,1,8968.0,1,6878.0,1,6310.0,6497.4673,6831.8066,-6494.0
892,2014-03-10,6052.0,721.0,1.0,0.0,0,0.0,1.0,0.9646356,0.26358718,1.0,6.123234e-17,1,0,0,1,0.0,1,3096.0,1,8526.0,1,0.0,1,4992.0,1,2623.0,1,7323.0,1,6783.0,3898.4805,5313.6274,-3096.0
892,2014-03-11,6064.0,743.0,1.0,0.0,0,0.0,2.0,0.9646356,0.26358718,1.0,6.123234e-17,1,0,0,1,6052.0,1,0.0,1,9590.0,1,12873.0,1,5989.0,1,0.0,1,3315.0,1,2973.0,4759.888,5477.71,6052.0
892,2014-03-12,5532.0,661.0,1.0,0.0,0,0.0,3.0,0.9646356,0.26358718,1.0,6.123234e-17,1,0,0,1,6064.0,1,6052.0,1,3096.0,1,9261.0,1,7768.0,1,5671.0,1,0.0,1,0.0,5281.533,5607.9966,12.0
892,2014-03-13,6531.0,750.0,1.0,0.0,0,0.0,4.0,0.9646356,0.26358718,1.0,6.123234e-17,1,0,0,1,5532.0,1,6064.0,1,0.0,1,8181.0,1,3231.0,1,5623.0,1,12276.0,1,12720.0,5381.7197,5591.1084,-532.0
892,2014-03-14,7280.0,915.0,1.0,0.0,0,0.0,5.0,0.9646356,0.26358718,1.0,6.123234e-17,1,0,0,1,6531.0,1,5532.0,1,6052.0,1,8526.0,1,0.0,1,4992.0,1,9018.0,1,8883.0,5841.4316,5799.973,999.0
892,2014-03-15,2985.0,303.0,1.0,0.0,0,0.0,6.0,0.9646356,0.26358718,1.0,6.123234e-17,1,0,0,1,7280.0,1,6531.0,1,6064.0,1,9590.0,1,12873.0,1,5989.0,1,8444.0,1,7315.0,6416.859,6128.868,749.0
892,2014-03-16,0.0,0.0,0.0,0.0,0,0.0,7.0,0.9646356,0.26358718,1.0,6.123234e-17,1,0,0,1,2985.0,1,7280.0,1,5532.0,1,3096.0,1,9261.0,1,7768.0,1,7511.0,1,8207.0,5044.115,5430.231,-4295.0
892,2014-03-17,11592.0,1070.0,1.0,1.0,0,0.0,1.0,0.9890402,0.14764656,1.0,6.123234e-17,1,0,0,1,0.0,1,2985.0,1,6531.0,1,0.0,1,8181.0,1,3231.0,1,8968.0,1,7723.0,3026.4692,4223.5127,-2985.0
892,2014-03-18,8975.0,906.0,1.0,1.0,0,0.0,2.0,0.9890402,0.14764656,1.0,6.123234e-17,1,0,0,1,11592.0,1,0.0,1,7280.0,1,6052.0,1,8526.0,1,0.0,1,2623.0,1,2615.0,6452.6816,5860.9546,11592.0
892,2014-03-19,7562.0,729.0,1.0,1.0,0,0.0,3.0,0.9890402,0.14764656,1.0,6.123234e-17,1,0,0,1,8975.0,1,11592.0,1,2985.0,1,6064.0,1,9590.0,1,12873.0,1,0.0,1,0.0,7461.609,6552.9644,-2617.0
892,2014-03-20,7325.0,802.0,1.0,1.0,0,0.0,4.0,0.9890402,0.14764656,1.0,6.123234e-17,1,0,0,1,7562.0,1,8975.0,1,0.0,1,5532.0,1,3096.0,1,9261.0,1,5671.0,1,5382.0,7501.765,6777.195,-1413.0
892,2014-03-21,8392.0,982.0,1.0,1.0,0,0.0,5.0,0.9890402,0.14764656,1.0,6.123234e-17,1,0,0,1,7325.0,1,7562.0,1,11592.0,1,6531.0,1,0.0,1,8181.0,1,5623.0,1,6103.0,7431.059,6898.929,-237.0
892,2014-03-22,3230.0,336.0,1.0,0.0,0,0.0,6.0,0.9890402,0.14764656,1.0,6.123234e-17,1,0,0,1,8392.0,1,7325.0,1,8975.0,1,7280.0,1,6052.0,1,8526.0,1,4992.0,1,5073.0,7815.4355,7230.7227,1067.0
892,2014-03-23,0.0,0.0,0.0,0.0,0,0.0,7.0,0.9890402,0.14764656,1.0,6.123234e-17,1,0,0,1,3230.0,1,8392.0,1,7562.0,1,2985.0,1,6064.0,1,9590.0,1,5989.0,1,6670.0,5981.261,6341.6733,-5162.0
892,2014-03-24,6064.0,651.0,1.0,0.0,0,0.0,1.0,0.99956083,0.029633328,1.0,6.123234e-17,1,0,0,1,0.0,1,3230.0,1,7325.0,1,0.0,1,5532.0,1,3096.0,1,7768.0,1,8253.0,3588.7568,4932.4126,-3230.0
892,2014-03-25,6007.0,698.0,1.0,0.0,0,0.0,2.0,0.99956083,0.029633328,1.0,6.123234e-17,1,0,0,1,6064.0,1,0.0,1,8392.0,1,11592.0,1,6531.0,1,0.0,1,3231.0,1,3660.0,4578.854,5183.8765,6064.0
892,2014-03-26,5481.0,620.0,1.0,0.0,0,0.0,3.0,0.99956083,0.029633328,1.0,6.123234e-17,1,0,0,1,6007.0,1,6064.0,1,3230.0,1,8975.0,1,7280.0,1,6052.0,1,0.0,1,0.0,5150.1123,5366.793,-57.0
892,2014-03-27,6105.0,694.0,1.0,0.0,0,0.0,4.0,0.99956083,0.029633328,1.0,6.123234e-17,1,0,0,1,5481.0,1,6007.0,1,0.0,1,7562.0,1,2985.0,1,6064.0,1,12873.0,1,13524.0,5282.4673,5392.1724,-526.0
892,2014-03-28,7073.0,844.0,1.0,0.0,0,0.0,5.0,0.99956083,0.029633328,1.0,6.123234e-17,1,0,0,1,6105.0,1,5481.0,1,6064.0,1,7325.0,1,0.0,1,5532.0,1,9261.0,1,10407.0,5611.4805,5550.578,624.0
892,2014-03-29,3103.0,324.0,1.0,0.0,0,0.0,6.0,0.99956083,0.029633328,1.0,6.123234e-17,1,0,0,1,7073.0,1,6105.0,1,6007.0,1,8392.0,1,11592.0,1,6531.0,1,8181.0,1,8377.0,6196.0884,5888.894,968.0
892,2014-03-30,0.0,0.0,0.0,0.0,0,0.0,7.0,0.99956083,0.029633328,1.0,6.123234e-17,1,0,0,1,3103.0,1,7073.0,1,5481.0,1,3230.0,1,8975.0,1,7280.0,1,8526.0,1,9073.0,4958.853,5269.8066,-3970.0
892,2014-03-31,11181.0,1043.0,1.0,1.0,0,0.0,1.0,0.9960498,-0.08879589,1.0,6.123234e-17,1,0,1,1,0.0,1,3103.0,1,6105.0,1,0.0,1,7562.0,1,2985.0,1,9590.0,1,9109.0,2975.3118,4098.7383,-3103.0
892,2014-04-01,9769.0,920.0,1.0,1.0,0,0.0,2.0,0.9960498,-0.08879589,0.8660254,-0.5,2,1,0,1,11181.0,1,0.0,1,7073.0,1,6064.0,1,7325.0,1,0.0,1,3096.0,1,3460.0,6257.587,5672.574,11181.0
892,2014-04-02,8146.0,812.0,1.0,1.0,0,0.0,3.0,0.9960498,-0.08879589,0.8660254,-0.5,2,0,0,1,9769.0,1,11181.0,1,3103.0,1,6007.0,1,8392.0,1,11592.0,1,0.0,1,0.0,7662.1523,6582.891,-1412.0
892,2014-04-03,8157.0,848.0,1.0,1.0,0,0.0,4.0,0.9960498,-0.08879589,0.8660254,-0.5,2,0,0,1,8146.0,1,9769.0,1,0.0,1,5481.0,1,3230.0,1,8975.0,1,6052.0,1,6942.0,7855.6914,6930.2485,-1623.0
892,2014-04-04,9764.0,1057.0,1.0,1.0,0,0.0,5.0,0.9960498,-0.08879589,0.8660254,-0.5,2,0,0,1,8157.0,1,8146.0,1,11181.0,1,6105.0,1,0.0,1,7562.0,1,6064.0,1,6660.0,7976.215,7202.86,11.0
892,2014-04-05,3509.0,314.0,1.0,0.0,0,0.0,6.0,0.9960498,-0.08879589,0.8660254,-0.5,2,0,0,1,9764.0,1,8157.0,1,9769.0,1,7073.0,1,6064.0,1,7325.0,1,5532.0,1,6180.0,8691.329,7772.0024,1607.0
892,2014-04-06,0.0,0.0,0.0,0.0,0,0.0,7.0,0.9960498,-0.08879589,0.8660254,-0.5,2,0,0,1,3509.0,1,9764.0,1,8146.0,1,3103.0,1,6007.0,1,8392.0,1,6531.0,1,6878.0,6618.3975,6824.6685,-6255.0
892,2014-04-07,6487.0,753.0,1.0,0.0,0,0.0,1.0,0.9785565,-0.20597862,0.8660254,-0.5,2,0,0,1,0.0,1,3509.0,1,8157.0,1,0.0,1,5481.0,1,3230.0,1,7280.0,1,7323.0,3971.0383,5308.0757,-3509.0
892,2014-04-08,6295.0,711.0,1.0,0.0,0,0.0,2.0,0.9785565,-0.20597862,0.8660254,-0.5,2,0,0,1,6487.0,1,0.0,1,9764.0,1,11181.0,1,6105.0,1,0.0,1,2985.0,1,3315.0,4977.423,5570.0586,6487.0
892,2014-04-09,5833.0,652.0,1.0,0.0,0,0.0,3.0,0.9785565,-0.20597862,0.8660254,-0.5,2,0,0,1,6295.0,1,6487.0,1,3509.0,1,9769.0,1,7073.0,1,6064.0,1,0.0,1,0.0,5504.4536,5731.1567,-192.0
892,2014-04-10,6691.0,743.0,1.0,0.0,0,0.0,4.0,0.9785565,-0.20597862,0.8660254,-0.5,2,0,0,1,5833.0,1,6295.0,1,0.0,1,8146.0,1,3103.0,1,6007.0,1,11592.0,1,12276.0,5635.872,5753.7886,-462.0
892,2014-04-11,8197.0,936.0,1.0,0.0,0,0.0,5.0,0.9785565,-0.20597862,0.8660254,-0.5,2,0,0,1,6691.0,1,5833.0,1,6487.0,1,8157.0,1,0.0,1,5481.0,1,8975.0,1,9018.0,6057.9233,5962.0576,858.0
892,2014-04-12,3192.0,319.0,1.0,0.0,0,0.0,6.0,0.9785565,-0.20597862,0.8660254,-0.5,2,0,0,1,8197.0,1,6691.0,1,6295.0,1,9764.0,1,11181.0,1,6105.0,1,7562.0,1,8444.0,6913.554,6458.7114,1506.0
892,2014-04-13,0.0,0.0,0.0,0.0,0,0.0,7.0,0.9785565,-0.20597862,0.8660254,-0.5,2,0,0,1,3192.0,1,8197.0,1,5833.0,1,3509.0,1,9769.0,1,7073.0,1,7325.0,1,7511.0,5424.9326,5732.776,-5005.0
892,2014-04-14,13410.0,1123.0,1.0,1.0,0,0.0,1.0,0.94732636,-0.32026985,0.8660254,-0.5,2,0,0,1,0.0,1,3192.0,1,6691.0,1,0.0,1,8146.0,1,3103.0,1,8392.0,1,8968.0,3254.9595,4458.8257,-3192.0
892,2014-04-15,13119.0,1167.0,1.0,1.0,0,0.0,2.0,0.94732636,-0.32026985,0.8660254,-0.5,2,0,0,1,13410.0,1,0.0,1,8197.0,1,6487.0,1,8157.0,1,0.0,1,3230.0,1,2623.0,7316.9756,6447.9756,13410.0
892,2014-04-16,11379.0,1032.0,1.0,1.0,0,0.0,3.0,0.94732636,-0.32026985,0.8660254,-0.5,2,0,0,1,13119.0,1,13410.0,1,3192.0,1,6295.0,1,9764.0,1,11181.0,1,0.0,1,0.0,9637.785,7930.4253,-291.0
892,2014-04-17,11442.0,1188.0,1.0,1.0,0,0.0,4.0,0.94732636,-0.32026985,0.8660254,-0.5,2,0,0,1,11379.0,1,13119.0,1,0.0,1,5833.0,1,3509.0,1,9769.0,1,6064.0,1,5671.0,10334.271,8696.775,-1740.0
892,2014-04-18,0.0,0.0,0.0,1.0,2,1.0,5.0,0.94732636,-0.32026985,0.8660254,-0.5,2,0,0,1,11442.0,1,11379.0,1,13410.0,1,6691.0,1,0.0,1,8146.0,1,6007.0,1,5623.0,10777.362,9306.825,63.0
892,2014-04-19,5850.0,571.0,1.0,0.0,0,0.0,6.0,0.94732636,-0.32026985,0.8660254,-0.5,2,0,0,1,0.0,1,11442.0,1,13119.0,1,8197.0,1,6487.0,1,8157.0,1,5481.0,1,4992.0,6466.4175,7238.6416,-11442.0
892,2014-04-20,0.0,0.0,0.0,0.0,0,0.0,7.0,0.94732636,-0.32026985,0.8660254,-0.5,2,0,0,1,5850.0,1,0.0,1,11379.0,1,3192.0,1,6295.0,1,9764.0,1,6105.0,1,5989.0,6219.8506,6930.0547,5850.0
892,2014-04-21,0.0,0.0,0.0,0.0,2,1.0,1.0,0.9027978,-0.4300652,0.8660254,-0.5,2,0,0,1,0.0,1,5850.0,1,11442.0,1,0.0,1,5833.0,1,3509.0,1,7073.0,1,7768.0,3731.9104,5390.0425,-5850.0
892,2014-04-22,6627.0,732.0,1.0,0.0,0,1.0,2.0,0.9027978,-0.4300652,0.8660254,-0.5,2,0,0,1,0.0,1,0.0,1,0.0,1,13410.0,1,6691.0,1,0.0,1,3103.0,1,3231.0,2239.1462,4192.2554,0.0
892,2014-04-23,5623.0,645.0,1.0,0.0,0,1.0,3.0,0.9027978,-0.4300652,0.8660254,-0.5,2,0,0,1,6627.0,1,0.0,1,5850.0,1,13119.0,1,8197.0,1,6487.0,1,0.0,1,0.0,3994.2878,4733.3096,6627.0
892,2014-04-24,5536.0,677.0,1.0,0.0,0,1.0,4.0,0.9027978,-0.4300652,0.8660254,-0.5,2,0,0,1,5623.0,1,6627.0,1,0.0,1,11379.0,1,3192.0,1,6295.0,1,11181.0,1,12873.0,4645.7725,4931.0186,-1004.0
892,2014-04-25,6974.0,876.0,1.0,0.0,0,1.0,5.0,0.9027978,-0.4300652,0.8660254,-0.5,2,0,0,1,5536.0,1,5623.0,1,0.0,1,11442.0,1,0.0,1,5833.0,1,9769.0,1,9261.0,5001.864,5065.459,-87.0
892,2014-04-26,2760.0,289.0,1.0,0.0,0,0.0,6.0,0.9027978,-0.4300652,0.8660254,-0.5,2,0,0,1,6974.0,1,5536.0,1,6627.0,1,0.0,1,13410.0,1,6691.0,1,8146.0,1,8181.0,5790.7183,5489.579,1438.0
892,2014-04-27,0.0,0.0,0.0,0.0,0,0.0,7.0,0.9027978,-0.4300652,0.8660254,-0.5,2,0,0,1,2760.0,1,6974.0,1,5623.0,1,5850.0,1,13119.0,1,8197.0,1,8157.0,1,8526.0,4578.4307,4883.006,-4214.0
892,2014-04-28,11572.0,1064.0,1.0,1.0,0,0.0,1.0,0.845596,-0.5338234,0.8660254,-0.5,2,0,0,1,0.0,1,2760.0,1,5536.0,1,0.0,1,11379.0,1,3192.0,1,9764.0,1,9590.0,2747.0586,3797.8936,-2760.0
892,2014-04-29,9754.0,936.0,1.0,1.0,0,0.0,2.0,0.845596,-0.5338234,0.8660254,-0.5,2,0,0,1,11572.0,1,0.0,1,6974.0,1,0.0,1,11442.0,1,0.0,1,3509.0,1,3096.0,6277.035,5525.4727,11572.0
892,2014-04-30,9894.0,979.0,1.0,1.0,0,0.0,3.0,0.845596,-0.5338234,0.8660254,-0.5,2,0,1,1,9754.0,1,11572.0,1,2760.0,1,6627.0,1,0.0,1,13410.0,1,0.0,1,0.0,7667.8213,6465.1455,-1818.0
892,2014-05-01,0.0,0.0,0.0,1.0,1,0.0,4.0,0.845596,-0.5338234,0.5,-0.8660254,2,1,0,1,9894.0,1,9754.0,1,0.0,1,5623.0,1,5850.0,1,13119.0,1,6487.0,1,6052.0,8558.293,7227.1133,140.0
892,2014-05-02,12600.0,1228.0,1.0,1.0,0,0.0,5.0,0.845596,-0.5338234,0.5,-0.8660254,2,0,0,1,0.0,1,9894.0,1,11572.0,1,5536.0,1,0.0,1,11379.0,1,6295.0,1,6064.0,5134.9756,5621.088,-9894.0
892,2014-05-03,3170.0,346.0,1.0,0.0,0,0.0,6.0,0.845596,-0.5338234,0.5,-0.8660254,2,0,0,1,12600.0,1,0.0,1,9754.0,1,6974.0,1,0.0,1,11442.0,1,5833.0,1,5532.0,8120.9854,7171.9575,12600.0
892,2014-05-04,0.0,0.0,0.0,0.0,0,0.0,7.0,0.845596,-0.5338234,0.5,-0.8660254,2,0,0,1,3170.0,1,12600.0,1,9894.0,1,2760.0,1,6627.0,1,0.0,1,6691.0,1,6531.0,6140.5913,6282.6333,-9430.0
892,2014-05-05,11910.0,1064.0,1.0,1.0,0,0.0,1.0,0.7765239,-0.63008785,0.5,-0.8660254,2,0,0,1,0.0,1,3170.0,1,0.0,1,0.0,1,5623.0,1,5850.0,1,8197.0,1,7280.0,3684.3547,4886.4927,-3170.0
892,2014-05-06,10186.0,947.0,1.0,1.0,0,0.0,2.0,0.7765239,-0.63008785,0.5,-0.8660254,2,0,0,1,11910.0,1,0.0,1,12600.0,1,11572.0,1,5536.0,1,0.0,1,3192.0,1,2985.0,6974.613,6447.272,11910.0
892,2014-05-07,8068.0,806.0,1.0,1.0,0,0.0,3.0,0.7765239,-0.63008785,0.5,-0.8660254,2,0,0,1,10186.0,1,11910.0,1,3170.0,1,9754.0,1,6974.0,1,0.0,1,0.0,1,0.0,8259.168,7278.1006,-1724.0
892,2014-05-08,9168.0,926.0,1.0,1.0,0,0.0,4.0,0.7765239,-0.63008785,0.5,-0.8660254,2,0,0,1,8068.0,1,10186.0,1,0.0,1,9894.0,1,2760.0,1,6627.0,1,13410.0,1,11592.0,8182.7007,7453.634,-2118.0
892,2014-05-09,9777.0,1042.0,1.0,1.0,0,0.0,5.0,0.7765239,-0.63008785,0.5,-0.8660254,2,0,0,1,9168.0,1,8068.0,1,11910.0,1,0.0,1,0.0,1,5623.0,1,13119.0,1,8975.0,8576.82,7834.604,1100.0
892,2014-05-10,3587.0,383.0,1.0,0.0,0,0.0,6.0,0.7765239,-0.63008785,0.5,-0.8660254,2,0,0,1,9777.0,1,9168.0,1,10186.0,1,12600.0,1,11572.0,1,5536.0,1,11379.0,1,7562.0,9056.893,8266.248,609.0
892,2014-05-11,0.0,0.0,0.0,0.0,0,0.0,7.0,0.7765239,-0.63008785,0.5,-0.8660254,2,0,0,1,3587.0,1,9777.0,1,8068.0,1,3170.0,1,9754.0,1,6974.0,1,11442.0,1,7325.0,6868.9355,7226.4146,-6190.0
892,2014-05-12,6381.0,724.0,1.0,0.0,0,0.0,1.0,0.696551,-0.71750724,0.5,-0.8660254,2,0,0,1,0.0,1,3587.0,1,9168.0,1,0.0,1,9894.0,1,2760.0,1,0.0,1,8392.0,4121.3613,5620.545,-3587.0
892,2014-05-13,6018.0,686.0,1.0,0.0,0,0.0,2.0,0.696551,-0.71750724,0.5,-0.8660254,2,0,0,1,6381.0,1,0.0,1,9777.0,1,11910.0,1,0.0,1,0.0,1,5850.0,1,3230.0,5025.217,5789.5347,6381.0
892,2014-05-14,5383.0,619.0,1.0,0.0,0,0.0,3.0,0.696551,-0.71750724,0.5,-0.8660254,2,0,0,1,6018.0,1,6381.0,1,3587.0,1,10186.0,1,12600.0,1,11572.0,1,0.0,1,0.0,5422.33,5840.3047,-363.0
892,2014-05-15,5975.0,714.0,1.0,0.0,0,0.0,4.0,0.696551,-0.71750724,0.5,-0.8660254,2,0,0,1,5383.0,1,6018.0,1,0.0,1,8068.0,1,3170.0,1,9754.0,1,0.0,1,6064.0,5406.598,5738.6816,-635.0
892,2014-05-16,7358.0,922.0,1.0,0.0,0,0.0,5.0,0.696551,-0.71750724,0.5,-0.8660254,2,0,0,1,5975.0,1,5383.0,1,6381.0,1,9168.0,1,0.0,1,9894.0,1,6627.0,1,6007.0,5633.959,5791.197,592.0
892,2014-05-17,2888.0,305.0,1.0,0.0,0,0.0,6.0,0.696551,-0.71750724,0.5,-0.8660254,2,0,0,1,7358.0,1,5975.0,1,6018.0,1,9777.0,1,11910.0,1,0.0,1,5623.0,1,5481.0,6323.575,6139.3755,1383.0
892,2014-05-18,0.0,0.0,0.0,0.0,0,0.0,7.0,0.696551,-0.71750724,0.5,-0.8660254,2,0,0,1,2888.0,1,7358.0,1,5383.0,1,3587.0,1,10186.0,1,12600.0,1,5536.0,1,6105.0,4949.345,5416.8477,-4470.0
892,2014-05-19,11918.0,1056.0,1.0,1.0,0,0.0,1.0,0.60680014,-0.79485446,0.5,-0.8660254,2,0,0,1,0.0,1,2888.0,1,5975.0,1,0.0,1,8068.0,1,3170.0,1,6974.0,1,7073.0,2969.6072,4213.1035,-2888.0
892,2014-05-20,9263.0,879.0,1.0,1.0,0,0.0,2.0,0.60680014,-0.79485446,0.5,-0.8660254,2,0,0,1,11918.0,1,0.0,1,7358.0,1,6381.0,1,9168.0,1,0.0,1,2760.0,1,3103.0,6548.9644,5925.3027,11918.0
892,2014-05-21,8244.0,791.0,1.0,1.0,0,0.0,3.0,0.60680014,-0.79485446,0.5,-0.8660254,2,0,0,1,9263.0,1,11918.0,1,2888.0,1,6018.0,1,9777.0,1,11910.0,1,0.0,1,0.0,7634.5786,6667.013,-2655.0
892,2014-05-22,8690.0,834.0,1.0,1.0,0,0.0,4.0,0.60680014,-0.79485446,0.5,-0.8660254,2,0,0,1,8244.0,1,9263.0,1,0.0,1,5383.0,1,3587.0,1,10186.0,1,11572.0,1,11181.0,7878.347,7017.4546,-1019.0
892,2014-05-23,8984.0,1011.0,1.0,1.0,0,0.0,5.0,0.60680014,-0.79485446,0.5,-0.8660254,2,0,0,1,8690.0,1,8244.0,1,11918.0,1,5975.0,1,0.0,1,8068.0,1,9754.0,1,9769.0,8203.008,7389.1313,446.0
892,2014-05-24,3805.0,372.0,1.0,0.0,0,0.0,6.0,0.60680014,-0.79485446,0.5,-0.8660254,2,0,0,1,8984.0,1,8690.0,1,9263.0,1,7358.0,1,6381.0,1,9168.0,1,9894.0,1,8146.0,8515.405,7743.547,294.0
892,2014-05-25,0.0,0.0,0.0,0.0,0,0.0,7.0,0.60680014,-0.79485446,0.5,-0.8660254,2,0,0,1,3805.0,1,8984.0,1,8244.0,1,2888.0,1,6018.0,1,9777.0,1,0.0,1,8157.0,6631.243,6868.314,-5179.0
892,2014-05-26,6939.0,821.0,1.0,0.0,0,0.0,1.0,0.5085311,-0.86104363,0.5,-0.8660254,2,0,0,1,0.0,1,3805.0,1,8690.0,1,0.0,1,5383.0,1,3587.0,1,12600.0,1,9764.0,3978.7458,5342.022,-3805.0
892,2014-05-27,6921.0,795.0,1.0,0.0,0,0.0,2.0,0.5085311,-0.86104363,0.5,-0.8660254,2,0,0,1,6939.0,1,0.0,1,8984.0,1,11918.0,1,5975.0,1,0.0,1,3170.0,1,3509.0,5162.8477,5696.9062,6939.0
892,2014-05-28,8074.0,840.0,1.0,0.0,0,0.0,3.0,0.5085311,-0.86104363,0.5,-0.8660254,2,0,0,1,6921.0,1,6939.0,1,3805.0,1,9263.0,1,7358.0,1,6381.0,1,0.0,1,0.0,5866.1084,5968.927,-18.0
892,2014-05-29,0.0,0.0,0.0,0.0,1,0.0,4.0,0.5085311,-0.86104363,0.5,-0.8660254,2,0,0,1,8074.0,1,6921.0,1,0.0,1,8244.0,1,2888.0,1,6018.0,1,11910.0,1,6487.0,6749.265,6436.721,1153.0
892,2014-05-30,9844.0,1082.0,1.0,0.0,0,1.0,5.0,0.5085311,-0.86104363,0.5,-0.8660254,2,0,0,1,0.0,1,8074.0,1,6939.0,1,8690.0,1,0.0,1,5383.0,1,10186.0,1,6295.0,4049.559,5006.3384,-8074.0
892,2014-05-31,3473.0,379.0,1.0,0.0,0,0.0,6.0,0.5085311,-0.86104363,0.5,-0.8660254,2,0,1,1,9844.0,1,0.0,1,6921.0,1,8984.0,1,11918.0,1,5975.0,1,8068.0,1,5833.0,6367.3354,6081.3745,9844.0
892,2014-06-01,0.0,0.0,0.0,0.0,0,0.0,7.0,0.5085311,-0.86104363,1.2246469e-16,-1.0,2,1,0,1,3473.0,1,9844.0,1,8074.0,1,3805.0,1,9263.0,1,7358.0,1,9168.0,1,6691.0,5209.601,5501.736,-6371.0
892,2014-06-02,13024.0,1132.0,1.0,1.0,0,0.0,1.0,0.40312344,-0.91514564,1.2246469e-16,-1.0,2,0,0,1,0.0,1,3473.0,1,0.0,1,0.0,1,8244.0,1,2888.0,1,9777.0,1,8197.0,3125.7607,4279.128,-3473.0
892,2014-06-03,10319.0,965.0,1.0,1.0,0,0.0,2.0,0.40312344,-0.91514564,1.2246469e-16,-1.0,2,0,0,1,13024.0,1,0.0,1,9844.0,1,6939.0,1,8690.0,1,0.0,1,3587.0,1,3192.0,7085.0566,6222.4326,13024.0
892,2014-06-04,8570.0,859.0,1.0,1.0,0,0.0,3.0,0.40312344,-0.91514564,1.2246469e-16,-1.0,2,0,0,1,10319.0,1,13024.0,1,3473.0,1,6921.0,1,8984.0,1,11918.0,1,0.0,1,0.0,8378.634,7132.781,-2705.0
892,2014-06-05,9261.0,932.0,1.0,1.0,0,0.0,4.0,0.40312344,-0.91514564,1.2246469e-16,-1.0,2,0,0,1,8570.0,1,10319.0,1,0.0,1,8074.0,1,3805.0,1,9263.0,1,6381.0,1,13410.0,8455.181,7452.163,-1749.0
892,2014-06-06,10003.0,1025.0,1.0,1.0,0,0.0,5.0,0.40312344,-0.91514564,1.2246469e-16,-1.0,2,0,0,1,9261.0,1,8570.0,1,13024.0,1,0.0,1,0.0,1,8244.0,1,6018.0,1,13119.0,8777.508,7854.127,691.0
892,2014-06-07,3635.0,394.0,1.0,0.0,0,0.0,6.0,0.40312344,-0.91514564,1.2246469e-16,-1.0,2,0,0,1,10003.0,1,9261.0,1,10319.0,1,9844.0,1,6939.0,1,8690.0,1,5383.0,1,11379.0,9267.705,8331.654,742.0
892,2014-06-08,0.0,0.0,0.0,0.0,0,0.0,7.0,0.40312344,-0.91514564,1.2246469e-16,-1.0,2,0,0,1,3635.0,1,10003.0,1,8570.0,1,3473.0,1,6921.0,1,8984.0,1,5975.0,1,11442.0,7014.623,7287.953,-6368.0
892,2014-06-09,0.0,0.0,0.0,0.0,1,0.0,1.0,0.29205677,-0.956401,1.2246469e-16,-1.0,2,0,0,1,0.0,1,3635.0,1,9261.0,1,0.0,1,8074.0,1,3805.0,1,7358.0,1,0.0,4208.774,5668.408,-3635.0
892,2014-06-10,6887.0,753.0,1.0,0.0,0,0.0,2.0,0.29205677,-0.956401,1.2246469e-16,-1.0,2,0,0,1,0.0,1,0.0,1,10003.0,1,13024.0,1,0.0,1,0.0,1,2888.0,1,5850.0,2525.2642,4408.7617,0.0
892,2014-06-11,5778.0,646.0,1.0,0.0,0,0.0,3.0,0.29205677,-0.956401,1.2246469e-16,-1.0,2,0,0,1,6887.0,1,0.0,1,3635.0,1,10319.0,1,9844.0,1,6939.0,1,0.0,1,0.0,4269.9585,4959.4814,6887.0
892,2014-06-12,7350.0,782.0,1.0,0.0,0,0.0,4.0,0.29205677,-0.956401,1.2246469e-16,-1.0,2,0,0,1,5778.0,1,6887.0,1,0.0,1,8570.0,1,3473.0,1,6921.0,1,11918.0,1,0.0,4873.1753,5141.3745,-1109.0
892,2014-06-13,7399.0,858.0,1.0,0.0,0,0.0,5.0,0.29205677,-0.956401,1.2246469e-16,-1.0,2,0,0,1,7350.0,1,5778.0,1,0.0,1,9261.0,1,0.0,1,8074.0,1,9263.0,1,6627.0,5863.9053,5632.18,1572.0
892,2014-06-14,2887.0,285.0,1.0,0.0,0,0.0,6.0,0.29205677,-0.956401,1.2246469e-16,-1.0,2,0,0,1,7399.0,1,7350.0,1,6887.0,1,10003.0,1,13024.0,1,0.0,1,8244.0,1,5623.0,6477.943,6024.8066,49.0
892,2014-06-15,0.0,0.0,0.0,0.0,0,0.0,7.0,0.29205677,-0.956401,1.2246469e-16,-1.0,2,0,0,1,2887.0,1,7399.0,1,5778.0,1,3635.0,1,10319.0,1,9844.0,1,8690.0,1,5536.0,5041.566,5327.5166,-4512.0
892,2014-06-16,12136.0,1073.0,1.0,1.0,0,0.0,1.0,0.17689027,-0.9842306,1.2246469e-16,-1.0,2,0,0,1,0.0,1,2887.0,1,7350.0,1,0.0,1,8570.0,1,3473.0,1,8984.0,1,6974.0,3024.9395,4143.624,-2887.0
892,2014-06-17,10565.0,991.0,1.0,1.0,0,0.0,2.0,0.17689027,-0.9842306,1.2246469e-16,-1.0,2,0,0,1,12136.0,1,0.0,1,7399.0,1,0.0,1,9261.0,1,0.0,1,3805.0,1,2760.0,6669.364,5919.7075,12136.0
892,2014-06-18,9027.0,846.0,1.0,1.0,0,0.0,3.0,0.17689027,-0.9842306,1.2246469e-16,-1.0,2,0,0,1,10565.0,1,12136.0,1,2887.0,1,6887.0,1,10003.0,1,13024.0,1,0.0,1,0.0,8227.618,6951.9946,-1571.0
892,2014-06-19,9223.0,862.0,1.0,1.0,1,0.0,4.0,0.17689027,-0.9842306,1.2246469e-16,-1.0,2,0,0,1,9027.0,1,10565.0,1,0.0,1,5778.0,1,3635.0,1,10319.0,1,6939.0,1,11572.0,8547.371,7413.107,-1538.0
892,2014-06-20,9000.0,988.0,1.0,1.0,0,0.0,5.0,0.17689027,-0.9842306,1.2246469e-16,-1.0,2,0,0,1,9223.0,1,9027.0,1,12136.0,1,7350.0,1,0.0,1,8570.0,1,6921.0,1,9754.0,8817.623,7815.305,196.0
892,2014-06-21,3087.0,325.0,1.0,0.0,0,0.0,6.0,0.17689027,-0.9842306,1.2246469e-16,-1.0,2,0,0,1,9000.0,1,9223.0,1,10565.0,1,7399.0,1,0.0,1,9261.0,1,8074.0,1,9894.0,8890.573,8078.571,-223.0
892,2014-06-22,0.0,0.0,0.0,0.0,0,0.0,7.0,0.17689027,-0.9842306,1.2246469e-16,-1.0,2,0,0,1,3087.0,1,9000.0,1,9027.0,1,2887.0,1,6887.0,1,10003.0,1,0.0,1,0.0,6569.144,6969.333,-5913.0
892,2014-06-23,6557.0,753.0,1.0,0.0,0,0.0,1.0,0.059240628,-0.99824375,1.2246469e-16,-1.0,2,0,0,1,0.0,1,3087.0,1,9223.0,1,0.0,1,5778.0,1,3635.0,1,9844.0,1,12600.0,3941.4866,5420.5923,-3087.0
892,2014-06-24,5662.0,686.0,1.0,0.0,0,0.0,2.0,0.059240628,-0.99824375,1.2246469e-16,-1.0,2,0,0,1,6557.0,1,0.0,1,9000.0,1,12136.0,1,7350.0,1,0.0,1,3473.0,1,3170.0,4987.692,5673.1274,6557.0
892,2014-06-25,5429.0,585.0,1.0,0.0,0,0.0,3.0,0.059240628,-0.99824375,1.2246469e-16,-1.0,2,0,0,1,5662.0,1,6557.0,1,3087.0,1,10565.0,1,7399.0,1,0.0,1,0.0,1,0.0,5257.415,5670.655,-895.0
892,2014-06-26,6364.0,692.0,1.0,0.0,0,0.0,4.0,0.059240628,-0.99824375,1.2246469e-16,-1.0,2,0,0,1,5429.0,1,5662.0,1,0.0,1,9027.0,1,2887.0,1,6887.0,1,13024.0,1,11910.0,5326.0493,5616.9536,-233.0
892,2014-06-27,8005.0,901.0,1.0,0.0,0,0.0,5.0,0.059240628,-0.99824375,1.2246469e-16,-1.0,2,0,0,1,6364.0,1,5429.0,1,6557.0,1,9223.0,1,0.0,1,5778.0,1,10319.0,1,10186.0,5741.2295,5782.964,935.0
892,2014-06-28,3497.0,338.0,1.0,0.0,0,0.0,6.0,0.059240628,-0.99824375,1.2246469e-16,-1.0,2,0,0,1,8005.0,1,6364.0,1,5662.0,1,9000.0,1,12136.0,1,7350.0,1,8570.0,1,8068.0,6646.738,6276.7495,1641.0
892,2014-06-29,0.0,0.0,0.0,0.0,0,0.0,7.0,0.059240628,-0.99824375,1.2246469e-16,-1.0,2,0,0,1,3497.0,1,8005.0,1,5429.0,1,3087.0,1,10565.0,1,7399.0,1,9261.0,1,9168.0,5386.843,5659.0273,-4508.0
892,2014-06-30,13830.0,1131.0,1.0,1.0,0,0.0,1.0,-0.059240628,-0.99824375,1.2246469e-16,-1.0,2,0,1,1,0.0,1,3497.0,1,6364.0,1,0.0,1,9027.0,1,2887.0,1,10003.0,1,9777.0,3232.1055,4401.466,-3497.0
892,2014-07-01,11075.0,1003.0,1.0,1.0,0,0.0,2.0,-0.059240628,-0.99824375,-0.5,-0.8660254,3,1,0,1,13830.0,1,0.0,1,8005.0,1,6557.0,1,9223.0,1,0.0,1,3635.0,1,3587.0,7471.263,6496.696,13830.0
892,2014-07-02,8888.0,865.0,1.0,1.0,0,0.0,3.0,-0.059240628,-0.99824375,-0.5,-0.8660254,3,0,0,1,11075.0,1,13830.0,1,3497.0,1,5662.0,1,9000.0,1,12136.0,1,0.0,1,0.0,8912.758,7514.0967,-2755.0
892,2014-07-03,9455.0,926.0,1.0,1.0,0,0.0,4.0,-0.059240628,-0.99824375,-0.5,-0.8660254,3,0,0,1,8888.0,1,11075.0,1,0.0,1,5429.0,1,3087.0,1,10565.0,1,0.0,1,6381.0,8902.8545,7819.4087,-2187.0
892,2014-07-04,8685.0,1014.0,1.0,1.0,0,0.0,5.0,-0.059240628,-0.99824375,-0.5,-0.8660254,3,0,0,1,9455.0,1,8888.0,1,13830.0,1,6364.0,1,0.0,1,9027.0,1,6887.0,1,6018.0,9123.713,8182.873,567.0
892,2014-07-05,3363.0,364.0,1.0,0.0,0,0.0,6.0,-0.059240628,-0.99824375,-0.5,-0.8660254,3,0,0,1,8685.0,1,9455.0,1,11075.0,1,8005.0,1,6557.0,1,9223.0,1,5778.0,1,5383.0,8948.228,8294.457,-770.0
892,2014-07-06,0.0,0.0,0.0,0.0,0,0.0,7.0,-0.059240628,-0.99824375,-0.5,-0.8660254,3,0,0,1,3363.0,1,8685.0,1,8888.0,1,3497.0,1,5662.0,1,9000.0,1,7350.0,1,5975.0,6714.1367,7198.5776,-5322.0
892,2014-07-07,6547.0,779.0,1.0,0.0,0,0.0,1.0,-0.17689027,-0.9842306,-0.5,-0.8660254,3,0,0,1,0.0,1,3363.0,1,9455.0,1,0.0,1,5429.0,1,3087.0,1,7399.0,1,7358.0,4028.482,5598.8936,-3363.0
892,2014-07-08,6321.0,710.0,1.0,0.0,0,0.0,2.0,-0.17689027,-0.9842306,-0.5,-0.8660254,3,0,0,1,6547.0,1,0.0,1,8685.0,1,13830.0,1,6364.0,1,0.0,1,2887.0,1,2888.0,5035.889,5809.584,6547.0
892,2014-07-09,6130.0,727.0,1.0,0.0,0,0.0,3.0,-0.17689027,-0.9842306,-0.5,-0.8660254,3,0,0,1,6321.0,1,6547.0,1,3363.0,1,11075.0,1,8005.0,1,6557.0,1,0.0,1,0.0,5549.9336,5923.232,-226.0
892,2014-07-10,6171.0,729.0,1.0,0.0,0,0.0,4.0,-0.17689027,-0.9842306,-0.5,-0.8660254,3,0,0,1,6130.0,1,6321.0,1,0.0,1,8888.0,1,3497.0,1,5662.0,1,12136.0,1,11918.0,5781.96,5969.1807,-191.0
892,2014-07-11,7848.0,926.0,1.0,0.0,0,0.0,5.0,-0.17689027,-0.9842306,-0.5,-0.8660254,3,0,0,1,6171.0,1,6130.0,1,6547.0,1,9455.0,1,0.0,1,5429.0,1,10565.0,1,9263.0,5937.576,6014.0293,41.0
892,2014-07-12,3343.0,361.0,1.0,0.0,0,0.0,6.0,-0.17689027,-0.9842306,-0.5,-0.8660254,3,0,0,1,7848.0,1,6171.0,1,6321.0,1,8685.0,1,13830.0,1,6364.0,1,9027.0,1,8244.0,6701.7456,6421.578,1677.0
892,2014-07-13,0.0,0.0,0.0,0.0,0,0.0,7.0,-0.17689027,-0.9842306,-0.5,-0.8660254,3,0,0,1,3343.0,1,7848.0,1,6130.0,1,3363.0,1,11075.0,1,8005.0,1,9223.0,1,8690.0,5358.2476,5737.4497,-4505.0
892,2014-07-14,12239.0,1085.0,1.0,1.0,0,0.0,1.0,-0.29205677,-0.956401,-0.5,-0.8660254,3,0,0,1,0.0,1,3343.0,1,6171.0,1,0.0,1,8888.0,1,3497.0,1,9000.0,1,8984.0,3214.9485,4462.461,-3343.0
892,2014-07-15,10375.0,924.0,1.0,1.0,0,0.0,2.0,-0.29205677,-0.956401,-0.5,-0.8660254,3,0,0,1,12239.0,1,0.0,1,7848.0,1,6547.0,1,9455.0,1,0.0,1,3087.0,1,3805.0,6824.569,6190.5806,12239.0
892,2014-07-16,8996.0,894.0,1.0,1.0,0,0.0,3.0,-0.29205677,-0.956401,-0.5,-0.8660254,3,0,0,1,10375.0,1,12239.0,1,3343.0,1,6321.0,1,8685.0,1,13830.0,1,0.0,1,0.0,8244.741,7120.4517,-1864.0
892,2014-07-17,9262.0,919.0,1.0,1.0,0,0.0,4.0,-0.29205677,-0.956401,-0.5,-0.8660254,3,0,0,1,8996.0,1,10375.0,1,0.0,1,6130.0,1,3363.0,1,11075.0,1,6557.0,1,6939.0,8545.245,7537.24,-1379.0
892,2014-07-18,9865.0,1036.0,1.0,1.0,0,0.0,5.0,-0.29205677,-0.956401,-0.5,-0.8660254,3,0,0,1,9262.0,1,8996.0,1,12239.0,1,6171.0,1,0.0,1,8888.0,1,5662.0,1,6921.0,8831.947,7920.52,266.0
892,2014-07-19,3886.0,377.0,1.0,0.0,0,0.0,6.0,-0.29205677,-0.956401,-0.5,-0.8660254,3,0,0,1,9865.0,1,9262.0,1,10375.0,1,7848.0,1,6547.0,1,9455.0,1,5429.0,1,8074.0,9245.168,8352.627,603.0
892,2014-07-20,0.0,0.0,0.0,0.0,0,0.0,7.0,-0.29205677,-0.956401,-0.5,-0.8660254,3,0,0,1,3886.0,1,9865.0,1,8996.0,1,3343.0,1,6321.0,1,8685.0,1,6364.0,1,0.0,7101.501,7360.043,-5979.0
892,2014-07-21,6382.0,689.0,1.0,0.0,0,1.0,1.0,-0.40312344,-0.91514564,-0.5,-0.8660254,3,0,0,1,0.0,1,3886.0,1,9262.0,1,0.0,1,6130.0,1,3363.0,1,8005.0,1,9844.0,4260.9004,5724.478,-3886.0
892,2014-07-22,6061.0,741.0,1.0,0.0,0,1.0,2.0,-0.40312344,-0.91514564,-0.5,-0.8660254,3,0,0,1,6382.0,1,0.0,1,9865.0,1,12239.0,1,6171.0,1,0.0,1,3497.0,1,3473.0,5109.3403,5870.5938,6382.0
892,2014-07-23,5838.0,638.0,1.0,0.0,0,1.0,3.0,-0.40312344,-0.91514564,-0.5,-0.8660254,3,0,0,1,6061.0,1,6382.0,1,3886.0,1,10375.0,1,7848.0,1,6547.0,1,0.0,1,0.0,5490.0044,5912.9062,-321.0
892,2014-07-24,5799.0,621.0,1.0,0.0,0,1.0,4.0,-0.40312344,-0.91514564,-0.5,-0.8660254,3,0,0,1,5838.0,1,6061.0,1,0.0,1,8996.0,1,3343.0,1,6321.0,1,13830.0,1,13024.0,5629.2026,5896.2607,-223.0
892,2014-07-25,7615.0,885.0,1.0,0.0,0,1.0,5.0,-0.40312344,-0.91514564,-0.5,-0.8660254,3,0,0,1,5799.0,1,5838.0,1,6382.0,1,9262.0,1,0.0,1,6130.0,1,11075.0,1,10319.0,5697.1216,5874.647,-39.0
892,2014-07-26,3730.0,362.0,1.0,0.0,0,0.0,6.0,-0.40312344,-0.91514564,-0.5,-0.8660254,3,0,0,1,7615.0,1,5799.0,1,6061.0,1,9865.0,1,12239.0,1,6171.0,1,8888.0,1,8570.0,6464.273,6261.392,1816.0
892,2014-07-27,0.0,0.0,0.0,0.0,0,0.0,7.0,-0.40312344,-0.91514564,-0.5,-0.8660254,3,0,0,1,3730.0,1,7615.0,1,5838.0,1,3886.0,1,10375.0,1,7848.0,1,9455.0,1,9261.0,5370.564,5698.8604,-3885.0
892,2014-07-28,11181.0,1012.0,1.0,1.0,0,1.0,1.0,-0.5085311,-0.86104363,-0.5,-0.8660254,3,0,0,1,0.0,1,3730.0,1,5799.0,1,0.0,1,8996.0,1,3343.0,1,8685.0,1,10003.0,3222.3381,4432.4473,-3730.0
892,2014-07-29,9698.0,872.0,1.0,1.0,0,1.0,2.0,-0.5085311,-0.86104363,-0.5,-0.8660254,3,0,0,1,11181.0,1,0.0,1,7615.0,1,6382.0,1,9262.0,1,0.0,1,3363.0,1,3635.0,6405.8027,5932.1255,11181.0
892,2014-07-30,9821.0,842.0,1.0,1.0,0,1.0,3.0,-0.5085311,-0.86104363,-0.5,-0.8660254,3,0,0,1,9698.0,1,11181.0,1,3730.0,1,6061.0,1,9865.0,1,12239.0,1,0.0,1,0.0,7722.6816,6768.9863,-1483.0
892,2014-07-31,9434.0,920.0,1.0,1.0,0,1.0,4.0,-0.5085311,-0.86104363,-0.5,-0.8660254,3,0,1,1,9821.0,1,9698.0,1,0.0,1,5838.0,1,3886.0,1,10375.0,1,6547.0,1,0.0,8562.009,7447.212,123.0
892,2014-08-01,9635.0,1060.0,1.0,1.0,0,1.0,5.0,-0.5085311,-0.86104363,-0.8660254,-0.5,3,1,0,1,9434.0,1,9821.0,1,11181.0,1,5799.0,1,0.0,1,8996.0,1,6321.0,1,6887.0,8910.806,7888.72,-387.0
892,2014-08-02,3117.0,373.0,1.0,0.0,0,0.0,6.0,-0.5085311,-0.86104363,-0.8660254,-0.5,3,0,0,1,9635.0,1,9434.0,1,9698.0,1,7615.0,1,6382.0,1,9262.0,1,6130.0,1,5778.0,9200.483,8276.782,201.0
892,2014-08-03,0.0,0.0,0.0,0.0,0,0.0,7.0,-0.5085311,-0.86104363,-0.8660254,-0.5,3,0,0,1,3117.0,1,9635.0,1,9821.0,1,3730.0,1,6061.0,1,9865.0,1,6171.0,1,7350.0,6767.09,7130.164,-6518.0
892,2014-08-04,10748.0,978.0,1.0,1.0,0,1.0,1.0,-0.60680014,-0.79485446,-0.8660254,-0.5,3,0,0,1,0.0,1,3117.0,1,9434.0,1,0.0,1,5838.0,1,3886.0,1,7848.0,1,7399.0,4060.254,5545.683,-3117.0
892,2014-08-05,9525.0,933.0,1.0,1.0,0,1.0,2.0,-0.60680014,-0.79485446,-0.8660254,-0.5,3,0,0,1,10748.0,1,0.0,1,9635.0,1,11181.0,1,5799.0,1,0.0,1,3343.0,1,2887.0,6735.3525,6701.7534,10748.0
892,2014-08-06,8060.0,780.0,1.0,1.0,0,1.0,3.0,-0.60680014,-0.79485446,-0.8660254,-0.5,3,0,0,1,9525.0,1,10748.0,1,3117.0,1,9698.0,1,7615.0,1,6382.0,1,0.0,1,0.0,7851.2114,7329.1416,-1223.0
892,2014-08-07,7857.0,812.0,1.0,1.0,0,1.0,4.0,-0.60680014,-0.79485446,-0.8660254,-0.5,3,0,0,1,8060.0,1,9525.0,1,0.0,1,9821.0,1,3730.0,1,6061.0,1,12239.0,1,12136.0,7934.727,7491.5547,-1465.0
892,2014-08-08,9228.0,985.0,1.0,1.0,0,1.0,5.0,-0.60680014,-0.79485446,-0.8660254,-0.5,3,0,0,1,7857.0,1,8060.0,1,10748.0,1,9434.0,1,0.0,1,5838.0,1,10375.0,1,10565.0,7903.636,7572.7646,-203.0
892,2014-08-09,3346.0,370.0,1.0,0.0,0,0.0,6.0,-0.60680014,-0.79485446,-0.8660254,-0.5,3,0,0,1,9228.0,1,7857.0,1,9525.0,1,9635.0,1,11181.0,1,5799.0,1,8996.0,1,9027.0,8433.382,7940.5947,1371.0
892,2014-08-10,0.0,0.0,0.0,0.0,0,0.0,7.0,-0.60680014,-0.79485446,-0.8660254,-0.5,3,0,0,1,3346.0,1,9228.0,1,8060.0,1,3117.0,1,9698.0,1,7615.0,1,9262.0,1,9223.0,6398.429,6919.5737,-5882.0
892,2014-08-11,6982.0,769.0,1.0,0.0,0,1.0,1.0,-0.696551,-0.71750724,-0.8660254,-0.5,3,0,0,1,0.0,1,3346.0,1,7857.0,1,0.0,1,9821.0,1,3730.0,1,9865.0,1,9000.0,3839.0574,5381.8906,-3346.0
892,2014-08-12,6361.0,727.0,1.0,0.0,0,1.0,2.0,-0.696551,-0.71750724,-0.8660254,-0.5,3,0,0,1,6982.0,1,0.0,1,9228.0,1,10748.0,1,9434.0,1,0.0,1,3886.0,1,3087.0,5096.2344,5737.4707,6982.0
892,2014-08-13,5663.0,613.0,1.0,0.0,0,1.0,3.0,-0.696551,-0.71750724,-0.8660254,-0.5,3,0,0,1,6361.0,1,6982.0,1,3346.0,1,9525.0,1,9635.0,1,11181.0,1,0.0,1,0.0,5602.1406,5876.0327,-621.0
892,2014-08-14,6725.0,742.0,1.0,0.0,0,1.0,4.0,-0.696551,-0.71750724,-0.8660254,-0.5,3,0,0,1,5663.0,1,6361.0,1,0.0,1,8060.0,1,3117.0,1,9698.0,1,6382.0,1,6557.0,5626.4844,5828.692,-698.0
892,2014-08-15,7615.0,901.0,1.0,0.0,0,1.0,5.0,-0.696551,-0.71750724,-0.8660254,-0.5,3,0,0,1,6725.0,1,5663.0,1,6982.0,1,7857.0,1,0.0,1,9821.0,1,6061.0,1,5662.0,6065.8906,6027.8716,1062.0
892,2014-08-16,3248.0,338.0,1.0,0.0,0,0.0,6.0,-0.696551,-0.71750724,-0.8660254,-0.5,3,0,0,1,7615.0,1,6725.0,1,6361.0,1,9228.0,1,10748.0,1,9434.0,1,5838.0,1,5429.0,6685.534,6380.567,890.0
892,2014-08-17,0.0,0.0,0.0,0.0,0,0.0,7.0,-0.696551,-0.71750724,-0.8660254,-0.5,3,0,0,1,3248.0,1,7615.0,1,5663.0,1,3346.0,1,9525.0,1,9635.0,1,5799.0,1,6364.0,5310.5205,5684.441,-4367.0
892,2014-08-18,12085.0,1059.0,1.0,1.0,0,1.0,1.0,-0.7765239,-0.63008785,-0.8660254,-0.5,3,0,0,1,0.0,1,3248.0,1,6725.0,1,0.0,1,8060.0,1,3117.0,1,7615.0,1,8005.0,3186.3125,4421.232,-3248.0
892,2014-08-19,9914.0,920.0,1.0,1.0,0,1.0,2.0,-0.7765239,-0.63008785,-0.8660254,-0.5,3,0,0,1,12085.0,1,0.0,1,7615.0,1,6982.0,1,7857.0,1,0.0,1,3730.0,1,3497.0,6745.7876,6124.2915,12085.0
892,2014-08-20,7948.0,762.0,1.0,1.0,0,1.0,3.0,-0.7765239,-0.63008785,-0.8660254,-0.5,3,0,0,1,9914.0,1,12085.0,1,3248.0,1,6361.0,1,9228.0,1,10748.0,1,0.0,1,0.0,8013.0723,6966.4487,-2171.0
892,2014-08-21,7780.0,807.0,1.0,1.0,0,1.0,4.0,-0.7765239,-0.63008785,-0.8660254,-0.5,3,0,0,1,7948.0,1,9914.0,1,0.0,1,5663.0,1,3346.0,1,9525.0,1,11181.0,1,13830.0,7987.0435,7184.5713,-1966.0
892,2014-08-22,8739.0,931.0,1.0,1.0,0,1.0,5.0,-0.7765239,-0.63008785,-0.8660254,-0.5,3,0,0,1,7780.0,1,7948.0,1,12085.0,1,6725.0,1,0.0,1,8060.0,1,9698.0,1,11075.0,7904.226,7316.8887,-168.0
892,2014-08-23,3279.0,347.0,1.0,0.0,0,0.0,6.0,-0.7765239,-0.63008785,-0.8660254,-0.5,3,0,0,1,8739.0,1,7780.0,1,9914.0,1,7615.0,1,6982.0,1,7857.0,1,9821.0,1,8888.0,8238.136,7632.9136,959.0
892,2014-08-24,0.0,0.0,0.0,0.0,0,0.0,7.0,-0.7765239,-0.63008785,-0.8660254,-0.5,3,0,0,1,3279.0,1,8739.0,1,7948.0,1,3248.0,1,6361.0,1,9228.0,1,9434.0,1,9455.0,6254.4814,6665.377,-5460.0
892,2014-08-25,6649.0,759.0,1.0,0.0,0,1.0,1.0,-0.845596,-0.5338234,-0.8660254,-0.5,3,0,0,1,0.0,1,3279.0,1,7780.0,1,0.0,1,5663.0,1,3346.0,1,9635.0,1,8685.0,3752.6887,5184.182,-3279.0
892,2014-08-26,6032.0,668.0,1.0,0.0,0,1.0,2.0,-0.845596,-0.5338234,-0.8660254,-0.5,3,0,0,1,6649.0,1,0.0,1,8739.0,1,12085.0,1,6725.0,1,0.0,1,3117.0,1,3363.0,4911.2134,5509.6973,6649.0
892,2014-08-27,5458.0,681.0,1.0,0.0,0,1.0,3.0,-0.845596,-0.5338234,-0.8660254,-0.5,3,0,0,1,6032.0,1,6649.0,1,3279.0,1,9914.0,1,7615.0,1,6982.0,1,0.0,1,0.0,5359.528,5625.7646,-617.0
892,2014-08-28,6487.0,774.0,1.0,0.0,0,1.0,4.0,-0.845596,-0.5338234,-0.8660254,-0.5,3,0,0,1,5458.0,1,6032.0,1,0.0,1,7948.0,1,3248.0,1,6361.0,1,10748.0,1,6547.0,5398.917,5588.4834,-574.0
892,2014-08-29,8048.0,929.0,1.0,0.0,0,1.0,5.0,-0.845596,-0.5338234,-0.8660254,-0.5,3,0,0,1,6487.0,1,5458.0,1,6649.0,1,7780.0,1,0.0,1,5663.0,1,9525.0,1,6321.0,5834.15,5788.154,1029.0
892,2014-08-30,3311.0,346.0,1.0,0.0,0,0.0,6.0,-0.845596,-0.5338234,-0.8660254,-0.5,3,0,0,1,8048.0,1,6487.0,1,6032.0,1,8739.0,1,12085.0,1,6725.0,1,8060.0,1,6130.0,6719.69,6290.342,1561.0
892,2014-08-31,0.0,0.0,0.0,0.0,0,0.0,7.0,-0.845596,-0.5338234,-0.8660254,-0.5,3,0,1,1,3311.0,1,8048.0,1,5458.0,1,3279.0,1,9914.0,1,7615.0,1,7857.0,1,6171.0,5356.214,5628.266,-4737.0
892,2014-09-01,12186.0,1088.0,1.0,1.0,0,0.0,1.0,-0.9027978,-0.4300652,-1.0,-1.8369701e-16,3,1,0,1,0.0,1,3311.0,1,6487.0,1,0.0,1,7948.0,1,3248.0,1,9228.0,1,7848.0,3213.7285,4377.54,-3311.0
892,2014-09-02,9295.0,889.0,1.0,1.0,0,0.0,2.0,-0.9027978,-0.4300652,-1.0,-1.8369701e-16,3,0,0,1,12186.0,1,0.0,1,8048.0,1,6649.0,1,7780.0,1,0.0,1,3346.0,1,3343.0,6802.637,6112.7534,12186.0
892,2014-09-03,8322.0,827.0,1.0,1.0,0,0.0,3.0,-0.9027978,-0.4300652,-1.0,-1.8369701e-16,3,0,0,1,9295.0,1,12186.0,1,3311.0,1,6032.0,1,8739.0,1,12085.0,1,0.0,1,0.0,7799.582,6819.9194,-2891.0
892,2014-09-04,8344.0,854.0,1.0,1.0,0,0.0,4.0,-0.9027978,-0.4300652,-1.0,-1.8369701e-16,3,0,0,1,8322.0,1,9295.0,1,0.0,1,5458.0,1,3279.0,1,9914.0,1,6982.0,1,12239.0,8008.5493,7153.715,-973.0
892,2014-09-05,9577.0,1037.0,1.0,1.0,0,0.0,5.0,-0.9027978,-0.4300652,-1.0,-1.8369701e-16,3,0,0,1,8344.0,1,8322.0,1,12186.0,1,6487.0,1,0.0,1,7948.0,1,6361.0,1,10375.0,8142.7295,7418.2227,22.0
892,2014-09-06,3591.0,399.0,1.0,0.0,0,0.0,6.0,-0.9027978,-0.4300652,-1.0,-1.8369701e-16,3,0,0,1,9577.0,1,8344.0,1,9295.0,1,8048.0,1,6649.0,1,7780.0,1,5663.0,1,8996.0,8716.4375,7897.951,1233.0
892,2014-09-07,0.0,0.0,0.0,0.0,0,0.0,7.0,-0.9027978,-0.4300652,-1.0,-1.8369701e-16,3,0,0,1,3591.0,1,9577.0,1,8322.0,1,3311.0,1,6032.0,1,8739.0,1,6725.0,1,9262.0,6666.2627,6940.851,-5986.0
892,2014-09-08,6262.0,759.0,1.0,0.0,0,0.0,1.0,-0.94732636,-0.32026985,-1.0,-1.8369701e-16,3,0,0,1,0.0,1,3591.0,1,8344.0,1,0.0,1,5458.0,1,3279.0,1,7615.0,1,9865.0,3999.7576,5398.4395,-3591.0
892,2014-09-09,6618.0,798.0,1.0,0.0,0,0.0,2.0,-0.94732636,-0.32026985,-1.0,-1.8369701e-16,3,0,0,1,6262.0,1,0.0,1,9577.0,1,12186.0,1,6487.0,1,0.0,1,3248.0,1,3886.0,4904.655,5590.342,6262.0
892,2014-09-10,5997.0,716.0,1.0,0.0,0,0.0,3.0,-0.94732636,-0.32026985,-1.0,-1.8369701e-16,3,0,0,1,6618.0,1,6262.0,1,3591.0,1,9295.0,1,8048.0,1,6649.0,1,0.0,1,0.0,5589.9927,5818.7104,356.0
892,2014-09-11,6584.0,745.0,1.0,0.0,0,0.0,4.0,-0.94732636,-0.32026985,-1.0,-1.8369701e-16,3,0,0,1,5997.0,1,6618.0,1,0.0,1,8322.0,1,3311.0,1,6032.0,1,12085.0,1,6382.0,5752.7954,5858.33,-621.0
892,2014-09-12,7017.0,834.0,1.0,0.0,0,0.0,5.0,-0.94732636,-0.32026985,-1.0,-1.8369701e-16,3,0,0,1,6584.0,1,5997.0,1,6262.0,1,8344.0,1,0.0,1,5458.0,1,9914.0,1,6061.0,6085.2773,6019.5903,587.0
892,2014-09-13,3525.0,358.0,1.0,0.0,0,0.0,6.0,-0.94732636,-0.32026985,-1.0,-1.8369701e-16,3,0,0,1,7017.0,1,6584.0,1,6618.0,1,9577.0,1,12186.0,1,6487.0,1,7948.0,1,5838.0,6457.9663,6241.237,433.0
892,2014-09-14,0.0,0.0,0.0,0.0,0,0.0,7.0,-0.94732636,-0.32026985,-1.0,-1.8369701e-16,3,0,0,1,3525.0,1,7017.0,1,5997.0,1,3591.0,1,9295.0,1,8048.0,1,7780.0,1,5799.0,5284.78,5637.6284,-3492.0
892,2014-09-15,11361.0,1016.0,1.0,1.0,0,0.0,1.0,-0.9785565,-0.20597862,-1.0,-1.8369701e-16,3,0,0,1,0.0,1,3525.0,1,6584.0,1,0.0,1,8322.0,1,3311.0,1,8739.0,1,7615.0,3170.868,4384.8223,-3525.0
892,2014-09-16,9077.0,859.0,1.0,1.0,0,0.0,2.0,-0.9785565,-0.20597862,-1.0,-1.8369701e-16,3,0,0,1,11361.0,1,0.0,1,7017.0,1,6262.0,1,8344.0,1,0.0,1,3279.0,1,3730.0,6446.921,5935.084,11361.0
892,2014-09-17,7957.0,764.0,1.0,1.0,0,0.0,3.0,-0.9785565,-0.20597862,-1.0,-1.8369701e-16,3,0,0,1,9077.0,1,11361.0,1,3525.0,1,6618.0,1,9577.0,1,12186.0,1,0.0,1,0.0,7498.9526,6633.2876,-2284.0
892,2014-09-18,8381.0,810.0,1.0,1.0,0,0.0,4.0,-0.9785565,-0.20597862,-1.0,-1.8369701e-16,3,0,0,1,7957.0,1,9077.0,1,0.0,1,5997.0,1,3591.0,1,9295.0,1,6649.0,1,11181.0,7682.1714,6927.446,-1120.0
892,2014-09-19,9125.0,1009.0,1.0,1.0,0,0.0,5.0,-0.9785565,-0.20597862,-1.0,-1.8369701e-16,3,0,0,1,8381.0,1,7957.0,1,11361.0,1,6584.0,1,0.0,1,8322.0,1,6032.0,1,9698.0,7961.703,7250.458,424.0
892,2014-09-20,3403.0,359.0,1.0,0.0,0,0.0,6.0,-0.9785565,-0.20597862,-1.0,-1.8369701e-16,3,0,0,1,9125.0,1,8381.0,1,9077.0,1,7017.0,1,6262.0,1,8344.0,1,5458.0,1,9821.0,8427.021,7667.023,744.0
892,2014-09-21,0.0,0.0,0.0,0.0,0,0.0,7.0,-0.9785565,-0.20597862,-1.0,-1.8369701e-16,3,0,0,1,3403.0,1,9125.0,1,7957.0,1,3525.0,1,6618.0,1,9577.0,1,6487.0,1,9434.0,6417.413,6719.4624,-5722.0
892,2014-09-22,6381.0,719.0,1.0,0.0,0,0.0,1.0,-0.9960498,-0.08879589,-1.0,-1.8369701e-16,3,0,0,1,0.0,1,3403.0,1,8381.0,1,0.0,1,5997.0,1,3591.0,1,8048.0,1,9635.0,3850.4478,5226.2485,-3403.0
892,2014-09-23,5708.0,685.0,1.0,0.0,0,0.0,2.0,-0.9960498,-0.08879589,-1.0,-1.8369701e-16,3,0,0,1,6381.0,1,0.0,1,9125.0,1,11361.0,1,6584.0,1,0.0,1,3311.0,1,3117.0,4862.6685,5482.86,6381.0
892,2014-09-24,5364.0,656.0,1.0,0.0,0,0.0,3.0,-0.9960498,-0.08879589,-1.0,-1.8369701e-16,3,0,0,1,5708.0,1,6381.0,1,3403.0,1,9077.0,1,7017.0,1,6262.0,1,0.0,1,0.0,5200.8013,5532.891,-673.0
892,2014-09-25,6191.0,703.0,1.0,0.0,0,0.0,4.0,-0.9960498,-0.08879589,-1.0,-1.8369701e-16,3,0,0,1,5364.0,1,5708.0,1,0.0,1,7957.0,1,3525.0,1,6618.0,1,12186.0,1,10748.0,5266.0806,5495.36,-344.0
892,2014-09-26,6893.0,826.0,1.0,0.0,0,0.0,5.0,-0.9960498,-0.08879589,-1.0,-1.8369701e-16,3,0,0,1,6191.0,1,5364.0,1,6381.0,1,8381.0,1,0.0,1,5997.0,1,9295.0,1,9525.0,5636.0483,5649.9463,827.0
892,2014-09-27,2833.0,343.0,1.0,0.0,0,0.0,6.0,-0.9960498,-0.08879589,-1.0,-1.8369701e-16,3,0,0,1,6893.0,1,6191.0,1,5708.0,1,9125.0,1,11361.0,1,6584.0,1,8322.0,1,8060.0,6138.829,5926.1807,702.0
892,2014-09-28,0.0,0.0,0.0,0.0,0,0.0,7.0,-0.9960498,-0.08879589,-1.0,-1.8369701e-16,3,0,0,1,2833.0,1,6893.0,1,5364.0,1,3403.0,1,9077.0,1,7017.0,1,8344.0,1,7857.0,4816.4976,5238.807,-4060.0
892,2014-09-29,10988.0,1011.0,1.0,1.0,0,0.0,1.0,-0.99956083,0.029633328,-1.0,-1.8369701e-16,3,0,0,1,0.0,1,2833.0,1,6191.0,1,0.0,1,7957.0,1,3525.0,1,9577.0,1,9228.0,2889.8984,4074.6277,-2833.0
892,2014-09-30,9948.0,924.0,1.0,1.0,0,0.0,2.0,-0.99956083,0.029633328,-1.0,-1.8369701e-16,3,0,1,1,10988.0,1,0.0,1,6893.0,1,6381.0,1,8381.0,1,0.0,1,3591.0,1,3346.0,6129.139,5610.9326,10988.0
892,2014-10-01,10097.0,974.0,1.0,1.0,0,0.0,3.0,-0.99956083,0.029633328,-0.8660254,0.5,4,1,0,1,9948.0,1,10988.0,1,2833.0,1,5708.0,1,9125.0,1,11361.0,1,0.0,1,0.0,7656.6836,6574.7256,-1040.0
892,2014-10-02,9388.0,1040.0,1.0,1.0,0,0.0,4.0,-0.99956083,0.029633328,-0.8660254,0.5,4,0,0,1,10097.0,1,9948.0,1,0.0,1,5364.0,1,3403.0,1,9077.0,1,6262.0,1,6982.0,8632.811,7357.453,149.0
892,2014-10-03,0.0,0.0,0.0,1.0,1,0.0,5.0,-0.99956083,0.029633328,-0.8660254,0.5,4,0,0,1,9388.0,1,10097.0,1,10988.0,1,6191.0,1,0.0,1,7957.0,1,6618.0,1,6361.0,8934.886,7808.6855,-709.0
892,2014-10-04,4868.0,508.0,1.0,0.0,0,0.0,6.0,-0.99956083,0.029633328,-0.8660254,0.5,4,0,0,1,0.0,1,9388.0,1,9948.0,1,6893.0,1,6381.0,1,8381.0,1,5997.0,1,5663.0,5360.9316,6073.4224,-9388.0
892,2014-10-05,0.0,0.0,0.0,0.0,0,0.0,7.0,-0.99956083,0.029633328,-0.8660254,0.5,4,0,0,1,4868.0,1,0.0,1,10097.0,1,2833.0,1,5708.0,1,9125.0,1,6584.0,1,6725.0,5163.759,5805.551,4868.0
892,2014-10-06,11554.0,1105.0,1.0,1.0,0,0.0,1.0,-0.9890402,0.14764656,-0.8660254,0.5,4,0,0,1,0.0,1,4868.0,1,9388.0,1,0.0,1,5364.0,1,3403.0,1,7017.0,1,7615.0,3098.2554,4515.428,-4868.0
892,2014-10-07,9304.0,903.0,1.0,1.0,0,0.0,2.0,-0.9890402,0.14764656,-0.8660254,0.5,4,0,0,1,11554.0,1,0.0,1,0.0,1,10988.0,1,6191.0,1,0.0,1,3525.0,1,3248.0,6480.553,6079.555,11554.0
892,2014-10-08,8714.0,809.0,1.0,1.0,0,0.0,3.0,-0.9890402,0.14764656,-0.8660254,0.5,4,0,0,1,9304.0,1,11554.0,1,4868.0,1,9948.0,1,6893.0,1,6381.0,1,0.0,1,0.0,7609.932,6796.0986,-2250.0
892,2014-10-09,8621.0,861.0,1.0,1.0,0,0.0,4.0,-0.9890402,0.14764656,-0.8660254,0.5,4,0,0,1,8714.0,1,9304.0,1,0.0,1,10097.0,1,2833.0,1,5708.0,1,11361.0,1,12085.0,8051.559,7222.299,-590.0
892,2014-10-10,9195.0,1049.0,1.0,1.0,0,0.0,5.0,-0.9890402,0.14764656,-0.8660254,0.5,4,0,0,1,8621.0,1,8714.0,1,11554.0,1,9388.0,1,0.0,1,5364.0,1,9077.0,1,9914.0,8279.336,7533.1216,-93.0
892,2014-10-11,3228.0,356.0,1.0,0.0,0,0.0,6.0,-0.9890402,0.14764656,-0.8660254,0.5,4,0,0,1,9195.0,1,8621.0,1,9304.0,1,0.0,1,10988.0,1,6191.0,1,7957.0,1,7948.0,8645.602,7902.4277,574.0
892,2014-10-12,0.0,0.0,0.0,0.0,0,0.0,7.0,-0.9890402,0.14764656,-0.8660254,0.5,4,0,0,1,3228.0,1,9195.0,1,8714.0,1,4868.0,1,9948.0,1,6893.0,1,8381.0,1,7780.0,6478.5605,6863.666,-5967.0
892,2014-10-13,6766.0,785.0,1.0,0.0,0,0.0,1.0,-0.9646356,0.26358718,-0.8660254,0.5,4,0,0,1,0.0,1,3228.0,1,8621.0,1,0.0,1,10097.0,1,2833.0,1,9125.0,1,8739.0,3887.1365,5338.4067,-3228.0
892,2014-10-14,6277.0,715.0,1.0,0.0,0,0.0,2.0,-0.9646356,0.26358718,-0.8660254,0.5,4,0,0,1,6766.0,1,0.0,1,9195.0,1,11554.0,1,9388.0,1,0.0,1,3403.0,1,3279.0,5038.6816,5655.65,6766.0
892,2014-10-15,5735.0,655.0,1.0,0.0,0,0.0,3.0,-0.9646356,0.26358718,-0.8660254,0.5,4,0,0,1,6277.0,1,6766.0,1,3228.0,1,9304.0,1,0.0,1,10988.0,1,0.0,1,0.0,5534.0093,5793.7275,-489.0
892,2014-10-16,6648.0,762.0,1.0,0.0,0,0.0,4.0,-0.9646356,0.26358718,-0.8660254,0.5,4,0,0,1,5735.0,1,6277.0,1,0.0,1,8714.0,1,4868.0,1,9948.0,1,6381.0,1,6649.0,5614.4053,5780.6772,-542.0
892,2014-10-17,8306.0,978.0,1.0,0.0,0,0.0,5.0,-0.9646356,0.26358718,-0.8660254,0.5,4,0,0,1,6648.0,1,5735.0,1,6766.0,1,8621.0,1,0.0,1,10097.0,1,5708.0,1,6032.0,6027.8433,5973.4155,913.0
892,2014-10-18,3297.0,340.0,1.0,0.0,0,0.0,6.0,-0.9646356,0.26358718,-0.8660254,0.5,4,0,0,1,8306.0,1,6648.0,1,6277.0,1,9195.0,1,11554.0,1,9388.0,1,5364.0,1,5458.0,6939.106,6491.7676,1658.0
892,2014-10-19,0.0,0.0,0.0,0.0,0,0.0,7.0,-0.9646356,0.26358718,-0.8660254,0.5,4,0,0,1,3297.0,1,8306.0,1,5735.0,1,3228.0,1,9304.0,1,0.0,1,6191.0,1,6487.0,5482.2637,5781.8193,-5009.0
892,2014-10-20,11389.0,1038.0,1.0,1.0,0,1.0,1.0,-0.9266896,0.37582758,-0.8660254,0.5,4,0,0,1,0.0,1,3297.0,1,6648.0,1,0.0,1,8714.0,1,4868.0,1,6893.0,1,8048.0,3289.3582,4496.9707,-3297.0
892,2014-10-21,8678.0,838.0,1.0,1.0,0,1.0,2.0,-0.9266896,0.37582758,-0.8660254,0.5,4,0,0,1,11389.0,1,0.0,1,8306.0,1,6766.0,1,8621.0,1,0.0,1,2833.0,1,3311.0,6529.215,6028.5327,11389.0
892,2014-10-22,6598.0,611.0,1.0,1.0,0,1.0,3.0,-0.9266896,0.37582758,-0.8660254,0.5,4,0,0,1,8678.0,1,11389.0,1,3297.0,1,6277.0,1,9195.0,1,11554.0,1,0.0,1,0.0,7388.729,6617.303,-2711.0
892,2014-10-23,8390.0,822.0,1.0,1.0,0,1.0,4.0,-0.9266896,0.37582758,-0.8660254,0.5,4,0,0,1,6598.0,1,8678.0,1,0.0,1,5735.0,1,3228.0,1,9304.0,1,10988.0,1,12186.0,7072.4375,6613.0137,-2080.0
892,2014-10-24,8520.0,952.0,1.0,1.0,0,1.0,5.0,-0.9266896,0.37582758,-0.8660254,0.5,4,0,0,1,8390.0,1,6598.0,1,11389.0,1,6648.0,1,0.0,1,8714.0,1,9948.0,1,9295.0,7599.4624,7007.8994,1792.0
892,2014-10-25,2993.0,319.0,1.0,0.0,0,0.0,6.0,-0.9266896,0.37582758,-0.8660254,0.5,4,0,0,1,8520.0,1,8390.0,1,8678.0,1,8306.0,1,6766.0,1,8621.0,1,10097.0,1,8322.0,7967.6772,7343.922,130.0
892,2014-10-26,0.0,0.0,0.0,0.0,0,0.0,7.0,-0.9266896,0.37582758,-0.8660254,0.5,4,0,0,1,2993.0,1,8520.0,1,6598.0,1,3297.0,1,6277.0,1,9195.0,1,9388.0,1,8344.0,5977.8066,6377.0503,-5527.0
892,2014-10-27,6700.0,722.0,1.0,0.0,0,1.0,1.0,-0.8757349,0.4827922,-0.8660254,0.5,4,0,0,1,0.0,1,2993.0,1,8390.0,1,0.0,1,5735.0,1,3228.0,1,0.0,1,9577.0,3586.6838,4959.928,-2993.0
892,2014-10-28,6167.0,727.0,1.0,0.0,0,1.0,2.0,-0.8757349,0.4827922,-0.8660254,0.5,4,0,0,1,6700.0,1,0.0,1,8520.0,1,11389.0,1,6648.0,1,0.0,1,4868.0,1,3591.0,4832.0103,5346.611,6700.0
892,2014-10-29,6351.0,730.0,1.0,0.0,0,1.0,3.0,-0.8757349,0.4827922,-0.8660254,0.5,4,0,0,1,6167.0,1,6700.0,1,2993.0,1,8678.0,1,8306.0,1,6766.0,1,0.0,1,0.0,5366.0063,5528.9194,-533.0
892,2014-10-30,8216.0,966.0,1.0,0.0,0,1.0,4.0,-0.8757349,0.4827922,-0.8660254,0.5,4,0,0,1,6351.0,1,6167.0,1,0.0,1,6598.0,1,3297.0,1,6277.0,1,11554.0,1,6262.0,5760.004,5711.604,184.0
892,2014-10-31,0.0,0.0,0.0,0.0,1,1.0,5.0,-0.8757349,0.4827922,-0.8660254,0.5,4,0,1,1,8216.0,1,6351.0,1,6700.0,1,8390.0,1,0.0,1,5735.0,1,9304.0,1,6618.0,6742.4023,6268.136,1865.0
892,2014-11-01,4363.0,458.0,1.0,0.0,0,0.0,6.0,-0.8757349,0.4827922,-0.5,0.8660254,4,1,0,1,0.0,1,8216.0,1,6167.0,1,8520.0,1,11389.0,1,6648.0,1,8714.0,1,5997.0,4045.4414,4875.2173,-8216.0
892,2014-11-02,0.0,0.0,0.0,0.0,0,0.0,7.0,-0.8757349,0.4827922,-0.5,0.8660254,4,0,0,1,4363.0,1,0.0,1,6351.0,1,2993.0,1,8678.0,1,8306.0,1,8621.0,1,6584.0,4172.465,4761.391,4363.0
892,2014-11-03,13377.0,1165.0,1.0,1.0,0,0.0,1.0,-0.8124869,0.5829795,-0.5,0.8660254,4,0,0,1,0.0,1,4363.0,1,8216.0,1,0.0,1,6598.0,1,3297.0,1,9195.0,1,7017.0,2503.479,3703.3042,-4363.0
892,2014-11-04,10070.0,967.0,1.0,1.0,0,0.0,2.0,-0.8124869,0.5829795,-0.5,0.8660254,4,0,0,1,13377.0,1,0.0,1,0.0,1,6700.0,1,8390.0,1,0.0,1,3228.0,1,3525.0,6852.887,5853.0146,13377.0
892,2014-11-05,9437.0,888.0,1.0,1.0,0,0.0,3.0,-0.8124869,0.5829795,-0.5,0.8660254,4,0,0,1,10070.0,1,13377.0,1,4363.0,1,6167.0,1,8520.0,1,11389.0,1,0.0,1,0.0,8139.7324,6790.1226,-3307.0
892,2014-11-06,8985.0,870.0,1.0,1.0,0,0.0,4.0,-0.8124869,0.5829795,-0.5,0.8660254,4,0,0,1,9437.0,1,10070.0,1,0.0,1,6351.0,1,2993.0,1,8678.0,1,6766.0,1,11361.0,8658.64,7378.3174,-633.0
892,2014-11-07,9421.0,1030.0,1.0,1.0,0,0.0,5.0,-0.8124869,0.5829795,-0.5,0.8660254,4,0,0,1,8985.0,1,9437.0,1,13377.0,1,8216.0,1,0.0,1,6598.0,1,6277.0,1,9077.0,8789.184,7735.358,-452.0
892,2014-11-08,3175.0,330.0,1.0,0.0,0,0.0,6.0,-0.8124869,0.5829795,-0.5,0.8660254,4,0,0,1,9421.0,1,8985.0,1,10070.0,1,0.0,1,6700.0,1,8390.0,1,5735.0,1,7957.0,9041.91,8109.9453,436.0
892,2014-11-09,0.0,0.0,0.0,0.0,0,0.0,7.0,-0.8124869,0.5829795,-0.5,0.8660254,4,0,0,1,3175.0,1,9421.0,1,9437.0,1,4363.0,1,6167.0,1,8520.0,1,6648.0,1,8381.0,6695.146,7013.2905,-6246.0
892,2014-11-10,10357.0,966.0,1.0,1.0,0,0.0,1.0,-0.73783326,0.674983,-0.5,0.8660254,4,0,0,1,0.0,1,3175.0,1,8985.0,1,0.0,1,6351.0,1,2993.0,1,8306.0,1,9125.0,4017.0876,5454.7817,-3175.0
892,2014-11-11,8704.0,882.0,1.0,1.0,0,0.0,2.0,-0.73783326,0.674983,-0.5,0.8660254,4,0,0,1,10357.0,1,0.0,1,9421.0,1,13377.0,1,8216.0,1,0.0,1,3297.0,1,3403.0,6553.0527,6544.1636,10357.0
892,2014-11-12,8298.0,823.0,1.0,1.0,0,0.0,3.0,-0.73783326,0.674983,-0.5,0.8660254,4,0,0,1,8704.0,1,10357.0,1,3175.0,1,10070.0,1,0.0,1,6700.0,1,0.0,1,0.0,7413.4316,7024.127,-1653.0
892,2014-11-13,8158.0,844.0,1.0,1.0,0,0.0,4.0,-0.73783326,0.674983,-0.5,0.8660254,4,0,0,1,8298.0,1,8704.0,1,0.0,1,9437.0,1,4363.0,1,6167.0,1,11389.0,1,6381.0,7767.259,7307.21,-406.0
892,2014-11-14,9382.0,1043.0,1.0,1.0,0,0.0,5.0,-0.73783326,0.674983,-0.5,0.8660254,4,0,0,1,8158.0,1,8298.0,1,10357.0,1,8985.0,1,0.0,1,6351.0,1,8678.0,1,5708.0,7923.555,7496.2744,-140.0
892,2014-11-15,3467.0,372.0,1.0,0.0,0,0.0,6.0,-0.73783326,0.674983,-0.5,0.8660254,4,0,0,1,9382.0,1,8158.0,1,8704.0,1,9421.0,1,13377.0,1,8216.0,1,6598.0,1,5364.0,8506.934,7915.3247,1224.0
892,2014-11-16,0.0,0.0,0.0,0.0,0,0.0,7.0,-0.73783326,0.674983,-0.5,0.8660254,4,0,0,1,3467.0,1,9382.0,1,8298.0,1,3175.0,1,10070.0,1,0.0,1,8390.0,1,6191.0,6490.96,6926.808,-5915.0
892,2014-11-17,7907.0,844.0,1.0,0.0,0,0.0,1.0,-0.65282214,0.75751126,-0.5,0.8660254,4,0,0,1,0.0,1,3467.0,1,8158.0,1,0.0,1,9437.0,1,4363.0,1,8520.0,1,6893.0,3894.576,5387.517,-3467.0
892,2014-11-18,7372.0,813.0,1.0,0.0,0,0.0,2.0,-0.65282214,0.75751126,-0.5,0.8660254,4,0,0,1,7907.0,1,0.0,1,9382.0,1,10357.0,1,8985.0,1,0.0,1,2993.0,1,2833.0,5499.5454,5947.4023,7907.0
892,2014-11-19,0.0,0.0,0.0,0.0,1,0.0,3.0,-0.65282214,0.75751126,-0.5,0.8660254,4,0,0,1,7372.0,1,7907.0,1,3467.0,1,8704.0,1,9421.0,1,13377.0,1,0.0,1,0.0,6248.5273,6263.9795,-535.0
892,2014-11-20,7596.0,794.0,1.0,0.0,0,0.0,4.0,-0.65282214,0.75751126,-0.5,0.8660254,4,0,0,1,0.0,1,7372.0,1,0.0,1,8298.0,1,3175.0,1,10070.0,1,6700.0,1,10988.0,3749.1165,4871.9844,-7372.0
892,2014-11-21,8386.0,963.0,1.0,0.0,0,0.0,5.0,-0.65282214,0.75751126,-0.5,0.8660254,4,0,0,1,7596.0,1,0.0,1,7907.0,1,8158.0,1,0.0,1,9437.0,1,6167.0,1,9948.0,5287.8696,5477.321,7596.0
892,2014-11-22,3498.0,342.0,1.0,0.0,0,0.0,6.0,-0.65282214,0.75751126,-0.5,0.8660254,4,0,0,1,8386.0,1,7596.0,1,7372.0,1,9382.0,1,10357.0,1,8985.0,1,6351.0,1,10097.0,6527.122,6123.6943,790.0
892,2014-11-23,0.0,0.0,0.0,0.0,0,0.0,7.0,-0.65282214,0.75751126,-0.5,0.8660254,4,0,0,1,3498.0,1,8386.0,1,0.0,1,3467.0,1,8704.0,1,9421.0,1,8216.0,1,9388.0,5315.473,5540.2065,-4888.0
892,2014-11-24,12263.0,1038.0,1.0,1.0,0,0.0,1.0,-0.55864674,0.82940567,-0.5,0.8660254,4,0,0,1,0.0,1,3498.0,1,7596.0,1,0.0,1,8298.0,1,3175.0,1,0.0,1,0.0,3189.284,4309.0493,-3498.0
892,2014-11-25,10836.0,963.0,1.0,1.0,0,0.0,2.0,-0.55864674,0.82940567,-0.5,0.8660254,4,0,0,1,12263.0,1,0.0,1,8386.0,1,7907.0,1,8158.0,1,0.0,1,4363.0,1,4868.0,6818.7705,6076.594,12263.0
892,2014-11-26,9494.0,845.0,1.0,1.0,0,0.0,3.0,-0.55864674,0.82940567,-0.5,0.8660254,4,0,0,1,10836.0,1,12263.0,1,3498.0,1,7372.0,1,9382.0,1,10357.0,1,0.0,1,0.0,8425.662,7134.2397,-1427.0
892,2014-11-27,10058.0,941.0,1.0,1.0,0,0.0,4.0,-0.55864674,0.82940567,-0.5,0.8660254,4,0,0,1,9494.0,1,10836.0,1,0.0,1,0.0,1,3467.0,1,8704.0,1,13377.0,1,11554.0,8852.997,7658.631,-1342.0
892,2014-11-28,11700.0,1084.0,1.0,1.0,0,0.0,5.0,-0.55864674,0.82940567,-0.5,0.8660254,4,0,0,1,10058.0,1,9494.0,1,12263.0,1,7596.0,1,0.0,1,8298.0,1,10070.0,1,9304.0,9334.998,8191.824,564.0
892,2014-11-29,4108.0,387.0,1.0,0.0,0,0.0,6.0,-0.55864674,0.82940567,-0.5,0.8660254,4,0,0,1,11700.0,1,10058.0,1,10836.0,1,8386.0,1,7907.0,1,8158.0,1,9437.0,1,8714.0,10280.999,8971.419,1642.0
892,2014-11-30,0.0,0.0,0.0,0.0,0,0.0,7.0,-0.55864674,0.82940567,-0.5,0.8660254,4,0,1,1,4108.0,1,11700.0,1,9494.0,1,3498.0,1,7372.0,1,9382.0,1,8985.0,1,8621.0,7811.7993,7890.659,-7592.0
892,2014-12-01,12442.0,1104.0,1.0,1.0,0,0.0,1.0,-0.45662925,0.8896571,-2.4492937e-16,1.0,4,1,0,1,0.0,1,4108.0,1,10058.0,1,0.0,1,0.0,1,3467.0,1,9421.0,1,9195.0,4687.0796,6137.179,-4108.0
892,2014-12-02,11344.0,1008.0,1.0,1.0,0,0.0,2.0,-0.45662925,0.8896571,-2.4492937e-16,1.0,4,0,0,1,12442.0,1,0.0,1,11700.0,1,12263.0,1,7596.0,1,0.0,1,3175.0,1,3228.0,7789.048,7538.2505,12442.0
892,2014-12-03,11094.0,943.0,1.0,1.0,0,0.0,3.0,-0.45662925,0.8896571,-2.4492937e-16,1.0,4,0,0,1,11344.0,1,12442.0,1,4108.0,1,10836.0,1,8386.0,1,7907.0,1,0.0,1,0.0,9211.028,8383.973,-1098.0
892,2014-12-04,11136.0,1000.0,1.0,1.0,0,0.0,4.0,-0.45662925,0.8896571,-2.4492937e-16,1.0,4,0,0,1,11094.0,1,11344.0,1,0.0,1,9494.0,1,3498.0,1,7372.0,1,10357.0,1,6766.0,9964.217,8986.201,-250.0
892,2014-12-05,12758.0,1177.0,1.0,1.0,0,0.0,5.0,-0.45662925,0.8896571,-2.4492937e-16,1.0,4,0,0,1,11136.0,1,11094.0,1,12442.0,1,10058.0,1,0.0,1,0.0,1,8704.0,1,6277.0,10432.931,9463.934,42.0
892,2014-12-06,4862.0,529.0,1.0,0.0,0,0.0,6.0,-0.45662925,0.8896571,-2.4492937e-16,1.0,4,0,0,1,12758.0,1,11136.0,1,11344.0,1,11700.0,1,12263.0,1,7596.0,1,8298.0,1,5735.0,11362.958,10195.948,1622.0
892,2014-12-07,0.0,0.0,0.0,0.0,0,0.0,7.0,-0.45662925,0.8896571,-2.4492937e-16,1.0,4,0,0,1,4862.0,1,12758.0,1,11094.0,1,4108.0,1,10836.0,1,8386.0,1,8158.0,1,6648.0,8762.575,9010.627,-7896.0
892,2014-12-08,7750.0,795.0,1.0,0.0,0,0.0,1.0,-0.34820163,0.93741965,-2.4492937e-16,1.0,4,0,0,1,0.0,1,4862.0,1,11136.0,1,0.0,1,9494.0,1,3498.0,1,9382.0,1,8306.0,5257.545,7008.265,-4862.0
892,2014-12-09,7446.0,780.0,1.0,0.0,0,0.0,2.0,-0.34820163,0.93741965,-2.4492937e-16,1.0,4,0,0,1,7750.0,1,0.0,1,12758.0,1,12442.0,1,10058.0,1,0.0,1,3467.0,1,3297.0,6254.527,7173.095,7750.0
892,2014-12-10,7417.0,737.0,1.0,0.0,0,0.0,3.0,-0.34820163,0.93741965,-2.4492937e-16,1.0,4,0,0,1,7446.0,1,7750.0,1,4862.0,1,11344.0,1,11700.0,1,12263.0,1,0.0,1,0.0,6731.116,7233.7407,-304.0
892,2014-12-11,8769.0,864.0,1.0,0.0,0,0.0,4.0,-0.34820163,0.93741965,-2.4492937e-16,1.0,4,0,0,1,7417.0,1,7446.0,1,0.0,1,11094.0,1,4108.0,1,10836.0,1,7907.0,1,11389.0,7005.4697,7274.465,-29.0
892,2014-12-12,10126.0,1036.0,1.0,0.0,0,0.0,5.0,-0.34820163,0.93741965,-2.4492937e-16,1.0,4,0,0,1,8769.0,1,7417.0,1,7750.0,1,11136.0,1,0.0,1,9494.0,1,7372.0,1,8678.0,7710.882,7606.584,1352.0
892,2014-12-13,3809.0,353.0,1.0,0.0,0,0.0,6.0,-0.34820163,0.93741965,-2.4492937e-16,1.0,4,0,0,1,10126.0,1,8769.0,1,7446.0,1,12758.0,1,12442.0,1,10058.0,1,0.0,1,6598.0,8676.929,8166.454,1357.0
892,2014-12-14,0.0,0.0,0.0,0.0,0,0.0,7.0,-0.34820163,0.93741965,-2.4492937e-16,1.0,4,0,0,1,3809.0,1,10126.0,1,7417.0,1,4862.0,1,11344.0,1,11700.0,1,7596.0,1,8390.0,6729.7573,7198.131,-6317.0
892,2014-12-15,18339.0,1336.0,1.0,1.0,0,0.0,1.0,-0.23488605,0.9720229,-2.4492937e-16,1.0,4,0,0,1,0.0,1,3809.0,1,8769.0,1,0.0,1,11094.0,1,4108.0,1,8386.0,1,8520.0,4037.8545,5598.5464,-3809.0
892,2014-12-16,14183.0,1228.0,1.0,1.0,0,0.0,2.0,-0.23488605,0.9720229,-2.4492937e-16,1.0,4,0,0,1,18339.0,1,0.0,1,10126.0,1,7750.0,1,11136.0,1,0.0,1,3498.0,1,2993.0,9758.3125,8429.758,18339.0
892,2014-12-17,13284.0,1104.0,1.0,1.0,0,0.0,3.0,-0.23488605,0.9720229,-2.4492937e-16,1.0,4,0,0,1,14183.0,1,18339.0,1,3809.0,1,7446.0,1,12758.0,1,12442.0,1,0.0,1,0.0,11528.1875,9708.257,-4156.0
892,2014-12-18,12984.0,1104.0,1.0,1.0,0,0.0,4.0,-0.23488605,0.9720229,-2.4492937e-16,1.0,4,0,0,1,13284.0,1,14183.0,1,0.0,1,7417.0,1,4862.0,1,11344.0,1,12263.0,1,6700.0,12230.513,10502.866,-899.0
892,2014-12-19,13780.0,1237.0,1.0,1.0,0,0.0,5.0,-0.23488605,0.9720229,-2.4492937e-16,1.0,4,0,0,1,12984.0,1,13284.0,1,18339.0,1,8769.0,1,0.0,1,11094.0,1,10836.0,1,6167.0,12531.907,11054.2295,-300.0
892,2014-12-20,5910.0,560.0,1.0,0.0,0,0.0,6.0,-0.23488605,0.9720229,-2.4492937e-16,1.0,4,0,0,1,13780.0,1,12984.0,1,14183.0,1,10126.0,1,7750.0,1,11136.0,1,9494.0,1,6351.0,13031.145,11659.956,796.0
892,2014-12-21,0.0,0.0,0.0,0.0,0,0.0,7.0,-0.23488605,0.9720229,-2.4492937e-16,1.0,4,0,0,1,5910.0,1,13780.0,1,13284.0,1,3809.0,1,7446.0,1,12758.0,1,10058.0,1,8216.0,10182.687,10382.188,-7870.0
892,2014-12-22,16421.0,1421.0,1.0,0.0,0,1.0,1.0,-0.11827317,0.9929811,-2.4492937e-16,1.0,4,0,0,1,0.0,1,5910.0,1,12984.0,1,0.0,1,7417.0,1,4862.0,1,11700.0,1,0.0,6109.612,8075.035,-5910.0
892,2014-12-23,13684.0,1366.0,1.0,0.0,0,1.0,2.0,-0.11827317,0.9929811,-2.4492937e-16,1.0,4,0,0,1,16421.0,1,0.0,1,13780.0,1,18339.0,1,8769.0,1,0.0,1,4108.0,1,4363.0,10234.167,9929.694,16421.0
892,2014-12-24,4624.0,480.0,1.0,0.0,0,1.0,3.0,-0.11827317,0.9929811,-2.4492937e-16,1.0,4,0,0,1,13684.0,1,16421.0,1,5910.0,1,14183.0,1,10126.0,1,7750.0,1,0.0,1,0.0,11614.101,10763.984,-2737.0
892,2014-12-25,0.0,0.0,0.0,0.0,3,1.0,4.0,-0.11827317,0.9929811,-2.4492937e-16,1.0,4,0,0,1,4624.0,1,13684.0,1,0.0,1,13284.0,1,3809.0,1,7446.0,1,12442.0,1,13377.0,8818.061,9399.543,-9060.0
892,2014-12-26,0.0,0.0,0.0,0.0,3,1.0,5.0,-0.11827317,0.9929811,-2.4492937e-16,1.0,4,0,0,1,0.0,1,4624.0,1,16421.0,1,12984.0,1,0.0,1,7417.0,1,11344.0,1,10070.0,5290.836,7310.756,-4624.0
892,2014-12-27,4570.0,446.0,1.0,0.0,0,0.0,6.0,-0.11827317,0.9929811,-2.4492937e-16,1.0,4,0,0,1,0.0,1,0.0,1,13684.0,1,13780.0,1,18339.0,1,8769.0,1,11094.0,1,9437.0,3174.5017,5686.1436,0.0
892,2014-12-28,0.0,0.0,0.0,0.0,0,0.0,7.0,-0.11827317,0.9929811,-2.4492937e-16,1.0,4,0,0,1,4570.0,1,0.0,1,4624.0,1,5910.0,1,14183.0,1,10126.0,1,11136.0,1,8985.0,3732.701,5438.112,4570.0
892,2014-12-29,8425.0,877.0,1.0,0.0,0,1.0,1.0,0.11827317,0.9929811,-2.4492937e-16,1.0,4,0,0,1,0.0,1,4570.0,1,0.0,1,0.0,1,13284.0,1,3809.0,1,12758.0,1,9421.0,2239.6206,4229.6426,-4570.0
892,2014-12-30,8658.0,887.0,1.0,0.0,0,1.0,2.0,0.11827317,0.9929811,-2.4492937e-16,1.0,4,0,0,1,8425.0,1,0.0,1,0.0,1,16421.0,1,12984.0,1,0.0,1,4862.0,1,3175.0,4713.7725,5161.944,8425.0
892,2014-12-31,3336.0,353.0,1.0,0.0,0,1.0,3.0,0.11827317,0.9929811,-2.4492937e-16,1.0,4,0,1,1,8658.0,1,8425.0,1,4570.0,1,13684.0,1,13780.0,1,18339.0,1,0.0,1,0.0,6291.4634,5938.845,233.0
892,2015-01-01,0.0,0.0,0.0,0.0,1,1.0,4.0,0.11827317,0.9929811,0.5,0.8660254,1,1,0,1,3336.0,1,8658.0,1,0.0,1,4624.0,1,5910.0,1,14183.0,1,7750.0,1,10357.0,5109.278,5360.435,-5322.0
892,2015-01-02,7317.0,762.0,1.0,0.0,0,1.0,5.0,0.11827317,0.9929811,0.5,0.8660254,1,0,0,1,0.0,1,3336.0,1,8425.0,1,0.0,1,0.0,1,13284.0,1,7446.0,1,8704.0,3065.567,4169.2275,-3336.0
892,2015-01-03,3555.0,351.0,1.0,0.0,0,0.0,6.0,0.11827317,0.9929811,0.5,0.8660254,1,0,0,1,7317.0,1,0.0,1,8658.0,1,0.0,1,16421.0,1,12984.0,1,7417.0,1,8298.0,4766.14,4868.7324,7317.0
892,2015-01-04,0.0,0.0,0.0,0.0,0,0.0,7.0,0.11827317,0.9929811,0.5,0.8660254,1,0,0,1,3555.0,1,7317.0,1,3336.0,1,4570.0,1,13684.0,1,13780.0,1,8769.0,1,8158.0,4281.684,4576.792,-3762.0
892,2015-01-05,10427.0,926.0,1.0,1.0,0,0.0,1.0,0.23488605,0.9720229,0.5,0.8660254,1,0,0,1,0.0,1,3555.0,1,0.0,1,0.0,1,4624.0,1,5910.0,1,10126.0,1,9382.0,2569.0105,3559.727,-3555.0
892,2015-01-06,10376.0,970.0,1.0,1.0,0,0.0,2.0,0.23488605,0.9720229,0.5,0.8660254,1,0,0,1,10427.0,1,0.0,1,7317.0,1,8425.0,1,0.0,1,0.0,1,3809.0,1,3467.0,5712.206,5085.7876,10427.0
892,2015-01-07,7988.0,726.0,1.0,1.0,0,0.0,3.0,0.23488605,0.9720229,0.5,0.8660254,1,0,0,1,10376.0,1,10427.0,1,3555.0,1,8658.0,1,0.0,1,16421.0,1,0.0,1,0.0,7577.7236,6261.3906,-51.0
892,2015-01-08,8245.0,844.0,1.0,1.0,0,0.0,4.0,0.23488605,0.9720229,0.5,0.8660254,1,0,0,1,7988.0,1,10376.0,1,0.0,1,3336.0,1,4570.0,1,13684.0,1,18339.0,1,7907.0,7741.8345,6645.0815,-2388.0
892,2015-01-09,9853.0,993.0,1.0,1.0,0,0.0,5.0,0.23488605,0.9720229,0.5,0.8660254,1,0,0,1,8245.0,1,7988.0,1,10427.0,1,0.0,1,0.0,1,4624.0,1,14183.0,1,7372.0,7943.1006,7000.619,257.0
892,2015-01-10,3235.0,334.0,1.0,0.0,0,0.0,6.0,0.23488605,0.9720229,0.5,0.8660254,1,0,0,1,9853.0,1,8245.0,1,10376.0,1,7317.0,1,8425.0,1,0.0,1,13284.0,1,0.0,8707.061,7634.4814,1608.0
892,2015-01-11,0.0,0.0,0.0,0.0,0,0.0,7.0,0.23488605,0.9720229,0.5,0.8660254,1,0,0,1,3235.0,1,9853.0,1,7988.0,1,3555.0,1,8658.0,1,0.0,1,12984.0,1,7596.0,6518.2363,6656.819,-6618.0
892,2015-01-12,9919.0,964.0,1.0,1.0,0,0.0,1.0,0.34820163,0.93741965,0.5,0.8660254,1,0,0,1,0.0,1,3235.0,1,8245.0,1,0.0,1,3336.0,1,4570.0,1,13780.0,1,8386.0,3910.9417,5177.526,-3235.0
892,2015-01-13,9455.0,931.0,1.0,1.0,0,0.0,2.0,0.34820163,0.93741965,0.5,0.8660254,1,0,0,1,9919.0,1,0.0,1,9853.0,1,10427.0,1,0.0,1,0.0,1,5910.0,1,3498.0,6314.165,6231.1865,9919.0
892,2015-01-14,7785.0,760.0,1.0,1.0,0,0.0,3.0,0.34820163,0.93741965,0.5,0.8660254,1,0,0,1,9455.0,1,9919.0,1,3235.0,1,10376.0,1,7317.0,1,8425.0,1,0.0,1,0.0,7570.499,6947.59,-464.0
892,2015-01-15,8383.0,808.0,1.0,1.0,0,0.0,4.0,0.34820163,0.93741965,0.5,0.8660254,1,0,0,1,7785.0,1,9455.0,1,0.0,1,7988.0,1,3555.0,1,8658.0,1,16421.0,1,12263.0,7656.2993,7133.6807,-1670.0
892,2015-01-16,9273.0,975.0,1.0,1.0,0,0.0,5.0,0.34820163,0.93741965,0.5,0.8660254,1,0,0,1,8383.0,1,7785.0,1,9919.0,1,8245.0,1,0.0,1,3336.0,1,13684.0,1,10836.0,7946.9795,7411.307,598.0
892,2015-01-17,2908.0,319.0,1.0,0.0,0,0.0,6.0,0.34820163,0.93741965,0.5,0.8660254,1,0,0,1,9273.0,1,8383.0,1,9455.0,1,9853.0,1,10427.0,1,0.0,1,4624.0,1,9494.0,8477.388,7825.0166,890.0
892,2015-01-18,0.0,0.0,0.0,0.0,0,0.0,7.0,0.34820163,0.93741965,0.5,0.8660254,1,0,0,1,2908.0,1,9273.0,1,7785.0,1,3235.0,1,10376.0,1,7317.0,1,0.0,1,10058.0,6249.633,6732.346,-6365.0
892,2015-01-19,6476.0,760.0,1.0,0.0,0,0.0,1.0,0.45662925,0.8896571,0.5,0.8660254,1,0,0,1,0.0,1,2908.0,1,8383.0,1,0.0,1,7988.0,1,3555.0,1,0.0,1,11700.0,3749.7795,5236.2695,-2908.0
892,2015-01-20,5959.0,682.0,1.0,0.0,0,0.0,2.0,0.45662925,0.8896571,0.5,0.8660254,1,0,0,1,6476.0,1,0.0,1,9273.0,1,9919.0,1,8245.0,1,0.0,1,4570.0,1,4108.0,4840.2676,5511.765,6476.0
892,2015-01-21,5622.0,632.0,1.0,0.0,0,0.0,3.0,0.45662925,0.8896571,0.5,0.8660254,1,0,0,1,5959.0,1,6476.0,1,2908.0,1,9455.0,1,9853.0,1,10427.0,1,0.0,1,0.0,5287.7607,5611.151,-517.0
892,2015-01-22,5836.0,681.0,1.0,0.0,0,0.0,4.0,0.45662925,0.8896571,0.5,0.8660254,1,0,0,1,5622.0,1,5959.0,1,0.0,1,7785.0,1,3235.0,1,10376.0,1,8425.0,1,12442.0,5421.4565,5613.5615,-337.0
892,2015-01-23,6543.0,784.0,1.0,0.0,0,0.0,5.0,0.45662925,0.8896571,0.5,0.8660254,1,0,0,1,5836.0,1,5622.0,1,6476.0,1,8383.0,1,0.0,1,7988.0,1,8658.0,1,11344.0,5587.274,5662.992,214.0
892,2015-01-24,3152.0,338.0,1.0,0.0,0,0.0,6.0,0.45662925,0.8896571,0.5,0.8660254,1,0,0,1,6543.0,1,5836.0,1,5959.0,1,9273.0,1,9919.0,1,8245.0,1,3336.0,1,11094.0,5969.5645,5858.55,707.0
892,2015-01-25,0.0,0.0,0.0,0.0,0,0.0,7.0,0.45662925,0.8896571,0.5,0.8660254,1,0,0,1,3152.0,1,6543.0,1,5622.0,1,2908.0,1,9455.0,1,9853.0,1,0.0,1,11136.0,4842.5386,5257.094,-3391.0
892,2015-01-26,10972.0,1039.0,1.0,1.0,0,0.0,1.0,0.55864674,0.82940567,0.5,0.8660254,1,0,0,1,0.0,1,3152.0,1,5836.0,1,0.0,1,7785.0,1,3235.0,1,7317.0,1,12758.0,2905.5232,4088.851,-3152.0
892,2015-01-27,8428.0,783.0,1.0,1.0,0,0.0,2.0,0.55864674,0.82940567,0.5,0.8660254,1,0,0,1,10972.0,1,0.0,1,6543.0,1,6476.0,1,8383.0,1,0.0,1,3555.0,1,4862.0,6132.114,5618.4395,10972.0
892,2015-01-28,7687.0,763.0,1.0,1.0,0,0.0,3.0,0.55864674,0.82940567,0.5,0.8660254,1,0,0,1,8428.0,1,10972.0,1,3152.0,1,5959.0,1,9273.0,1,9919.0,1,0.0,1,0.0,7050.4683,6242.7866,-2544.0
892,2015-01-29,8402.0,887.0,1.0,1.0,0,0.0,4.0,0.55864674,0.82940567,0.5,0.8660254,1,0,0,1,7687.0,1,8428.0,1,0.0,1,5622.0,1,2908.0,1,9455.0,1,10427.0,1,7750.0,7305.081,6563.7227,-741.0
892,2015-01-30,10135.0,1029.0,1.0,1.0,0,0.0,5.0,0.55864674,0.82940567,0.5,0.8660254,1,0,0,1,8402.0,1,7687.0,1,10972.0,1,5836.0,1,0.0,1,7785.0,1,10376.0,1,7446.0,7743.8486,6972.229,715.0
892,2015-01-31,3615.0,360.0,1.0,0.0,0,0.0,6.0,0.55864674,0.82940567,0.5,0.8660254,1,0,1,1,10135.0,1,8402.0,1,8428.0,1,6543.0,1,6476.0,1,8383.0,1,7988.0,1,7417.0,8700.31,7675.067,1733.0
892,2015-02-01,0.0,0.0,0.0,0.0,0,0.0,7.0,0.55864674,0.82940567,0.8660254,0.5,1,1,0,1,3615.0,1,10135.0,1,7687.0,1,3152.0,1,5959.0,1,9273.0,1,8245.0,1,8769.0,6666.1855,6772.8296,-6520.0
892,2015-02-02,11603.0,1089.0,1.0,1.0,0,0.0,1.0,0.65282214,0.75751126,0.8660254,0.5,1,0,0,1,0.0,1,3615.0,1,8402.0,1,0.0,1,5622.0,1,2908.0,1,9853.0,1,10126.0,3999.7112,5267.7563,-3615.0
892,2015-02-03,9478.0,877.0,1.0,1.0,0,0.0,2.0,0.65282214,0.75751126,0.8660254,0.5,1,0,0,1,11603.0,1,0.0,1,10135.0,1,10972.0,1,5836.0,1,0.0,1,3235.0,1,3809.0,7041.027,6675.5884,11603.0
892,2015-02-04,7777.0,753.0,1.0,1.0,0,0.0,3.0,0.65282214,0.75751126,0.8660254,0.5,1,0,0,1,9478.0,1,11603.0,1,3615.0,1,8428.0,1,6543.0,1,6476.0,1,0.0,1,0.0,8015.816,7298.3467,-2125.0
892,2015-02-05,8476.0,844.0,1.0,1.0,0,0.0,4.0,0.65282214,0.75751126,0.8660254,0.5,1,0,0,1,7777.0,1,9478.0,1,0.0,1,7687.0,1,3152.0,1,5959.0,1,9919.0,1,18339.0,7920.2896,7404.714,-1701.0
892,2015-02-06,9420.0,956.0,1.0,1.0,0,0.0,5.0,0.65282214,0.75751126,0.8660254,0.5,1,0,0,1,8476.0,1,7777.0,1,11603.0,1,8402.0,1,0.0,1,5622.0,1,9455.0,1,14183.0,8142.5737,7642.7773,699.0
892,2015-02-07,2942.0,324.0,1.0,0.0,0,0.0,6.0,0.65282214,0.75751126,0.8660254,0.5,1,0,0,1,9420.0,1,8476.0,1,9478.0,1,10135.0,1,10972.0,1,5836.0,1,7785.0,1,13284.0,8653.544,8037.716,944.0
892,2015-02-08,0.0,0.0,0.0,0.0,0,0.0,7.0,0.65282214,0.75751126,0.8660254,0.5,1,0,0,1,2942.0,1,9420.0,1,7777.0,1,3615.0,1,8428.0,1,6543.0,1,8383.0,1,12984.0,6368.927,6905.3345,-6478.0
892,2015-02-09,5449.0,629.0,1.0,0.0,0,1.0,1.0,0.73783326,0.674983,0.8660254,0.5,1,0,0,1,0.0,1,2942.0,1,8476.0,1,0.0,1,7687.0,1,3152.0,1,9273.0,1,13780.0,3821.356,5370.816,-2942.0
892,2015-02-10,6529.0,723.0,1.0,0.0,0,1.0,2.0,0.73783326,0.674983,0.8660254,0.5,1,0,0,1,5449.0,1,0.0,1,9420.0,1,11603.0,1,8402.0,1,0.0,1,2908.0,1,5910.0,4472.4136,5388.19,5449.0
892,2015-02-11,5917.0,677.0,1.0,0.0,0,1.0,3.0,0.73783326,0.674983,0.8660254,0.5,1,0,0,1,6529.0,1,5449.0,1,2942.0,1,9478.0,1,10135.0,1,10972.0,1,0.0,1,0.0,5295.0483,5641.703,1080.0
892,2015-02-12,6786.0,770.0,1.0,0.0,0,1.0,4.0,0.73783326,0.674983,0.8660254,0.5,1,0,0,1,5917.0,1,6529.0,1,0.0,1,7777.0,1,3615.0,1,8428.0,1,6476.0,1,16421.0,5543.829,5702.8804,-612.0
892,2015-02-13,7289.0,864.0,1.0,0.0,0,1.0,5.0,0.73783326,0.674983,0.8660254,0.5,1,0,0,1,6786.0,1,5917.0,1,5449.0,1,8476.0,1,0.0,1,7687.0,1,5959.0,1,13684.0,6040.6973,5943.5737,869.0
892,2015-02-14,2942.0,303.0,1.0,0.0,0,0.0,6.0,0.73783326,0.674983,0.8660254,0.5,1,0,0,1,7289.0,1,6786.0,1,6529.0,1,9420.0,1,11603.0,1,8402.0,1,5622.0,1,4624.0,6540.0186,6242.557,503.0
892,2015-02-15,0.0,0.0,0.0,0.0,0,0.0,7.0,0.73783326,0.674983,0.8660254,0.5,1,0,0,1,2942.0,1,7289.0,1,5917.0,1,2942.0,1,9478.0,1,10135.0,1,5836.0,1,0.0,5100.811,5509.1,-4347.0
892,2015-02-16,11124.0,1021.0,1.0,1.0,0,1.0,1.0,0.8124869,0.5829795,0.8660254,0.5,1,0,0,1,0.0,1,2942.0,1,6786.0,1,0.0,1,7777.0,1,3615.0,1,6543.0,1,0.0,3060.4866,4284.8555,-2942.0
892,2015-02-17,8230.0,805.0,1.0,1.0,0,1.0,2.0,0.8124869,0.5829795,0.8660254,0.5,1,0,0,1,11124.0,1,0.0,1,7289.0,1,5449.0,1,8476.0,1,0.0,1,3152.0,1,4570.0,6285.892,5804.6655,11124.0
892,2015-02-18,7564.0,732.0,1.0,1.0,0,1.0,3.0,0.8124869,0.5829795,0.8660254,0.5,1,0,0,1,8230.0,1,11124.0,1,2942.0,1,6529.0,1,9420.0,1,11603.0,1,0.0,1,0.0,7063.535,6343.629,-2894.0
892,2015-02-19,7970.0,785.0,1.0,1.0,0,1.0,4.0,0.8124869,0.5829795,0.8660254,0.5,1,0,0,1,7564.0,1,8230.0,1,0.0,1,5917.0,1,2942.0,1,9478.0,1,10972.0,1,8425.0,7263.721,6614.8223,-666.0
892,2015-02-20,9024.0,945.0,1.0,1.0,0,1.0,5.0,0.8124869,0.5829795,0.8660254,0.5,1,0,0,1,7970.0,1,7564.0,1,11124.0,1,6786.0,1,0.0,1,7777.0,1,8428.0,1,8658.0,7546.233,6915.973,406.0
892,2015-02-21,2991.0,323.0,1.0,0.0,0,0.0,6.0,0.8124869,0.5829795,0.8660254,0.5,1,0,0,1,9024.0,1,7970.0,1,8230.0,1,7289.0,1,5449.0,1,8476.0,1,7687.0,1,3336.0,8137.34,7384.4233,1054.0
892,2015-02-22,0.0,0.0,0.0,0.0,0,0.0,7.0,0.8124869,0.5829795,0.8660254,0.5,1,0,0,1,2991.0,1,9024.0,1,7564.0,1,2942.0,1,6529.0,1,9420.0,1,8402.0,1,0.0,6078.8037,6408.107,-6033.0
892,2015-02-23,6813.0,774.0,1.0,0.0,0,0.0,1.0,0.8757349,0.4827922,0.8660254,0.5,1,0,0,1,0.0,1,2991.0,1,7970.0,1,0.0,1,5917.0,1,2942.0,1,10135.0,1,7317.0,3647.2822,4984.0835,-2991.0
892,2015-02-24,6762.0,763.0,1.0,0.0,0,0.0,2.0,0.8757349,0.4827922,0.8660254,0.5,1,0,0,1,6813.0,1,0.0,1,9024.0,1,11124.0,1,6786.0,1,0.0,1,3615.0,1,3555.0,4913.5693,5390.5093,6813.0
892,2015-02-25,5749.0,678.0,1.0,0.0,0,0.0,3.0,0.8757349,0.4827922,0.8660254,0.5,1,0,0,1,6762.0,1,6813.0,1,2991.0,1,8230.0,1,7289.0,1,5449.0,1,0.0,1,0.0,5652.9414,5695.285,-51.0
892,2015-02-26,6343.0,707.0,1.0,0.0,0,0.0,4.0,0.8757349,0.4827922,0.8660254,0.5,1,0,0,1,5749.0,1,6762.0,1,0.0,1,7564.0,1,2942.0,1,6529.0,1,11603.0,1,10427.0,5691.3647,5707.2217,-1013.0
892,2015-02-27,7907.0,922.0,1.0,0.0,0,0.0,5.0,0.8757349,0.4827922,0.8660254,0.5,1,0,0,1,6343.0,1,5749.0,1,6813.0,1,7970.0,1,0.0,1,5917.0,1,9478.0,1,10376.0,5952.019,5848.506,594.0
892,2015-02-28,3430.0,351.0,1.0,0.0,0,0.0,6.0,0.8757349,0.4827922,0.8660254,0.5,1,0,1,1,7907.0,1,6343.0,1,6762.0,1,9024.0,1,11124.0,1,6786.0,1,7777.0,1,7988.0,6734.011,6305.9487,1564.0
892,2015-03-01,0.0,0.0,0.0,0.0,0,0.0,7.0,0.8757349,0.4827922,1.0,6.123234e-17,1,1,0,1,3430.0,1,7907.0,1,5749.0,1,2991.0,1,8230.0,1,7289.0,1,8476.0,1,8245.0,5412.4067,5666.849,-4477.0
892,2015-03-02,12360.0,1075.0,1.0,1.0,0,0.0,1.0,0.9266896,0.37582758,1.0,6.123234e-17,1,0,0,1,0.0,1,3430.0,1,6343.0,1,0.0,1,7564.0,1,2942.0,1,9420.0,1,9853.0,3247.444,4407.5493,-3430.0
892,2015-03-03,9942.0,941.0,1.0,1.0,0,0.0,2.0,0.9266896,0.37582758,1.0,6.123234e-17,1,0,0,1,12360.0,1,0.0,1,7907.0,1,6813.0,1,7970.0,1,0.0,1,2942.0,1,3235.0,6892.4663,6174.7607,12360.0
892,2015-03-04,8752.0,826.0,1.0,1.0,0,0.0,3.0,0.9266896,0.37582758,1.0,6.123234e-17,1,0,0,1,9942.0,1,12360.0,1,3430.0,1,6762.0,1,9024.0,1,11124.0,1,0.0,1,0.0,8112.28,7011.925,-2418.0
892,2015-03-05,7918.0,789.0,1.0,1.0,0,0.0,4.0,0.9266896,0.37582758,1.0,6.123234e-17,1,0,0,1,8752.0,1,9942.0,1,0.0,1,5749.0,1,2991.0,1,8230.0,1,5449.0,1,9919.0,8368.168,7398.6084,-1190.0
892,2015-03-06,8753.0,983.0,1.0,1.0,0,0.0,5.0,0.9266896,0.37582758,1.0,6.123234e-17,1,0,0,1,7918.0,1,8752.0,1,12360.0,1,6343.0,1,0.0,1,7564.0,1,6529.0,1,9455.0,8188.1006,7514.029,-834.0
892,2015-03-07,3213.0,324.0,1.0,0.0,0,0.0,6.0,0.9266896,0.37582758,1.0,6.123234e-17,1,0,0,1,8753.0,1,7918.0,1,9942.0,1,7907.0,1,6813.0,1,7970.0,1,5917.0,1,7785.0,8414.061,7789.3555,835.0
892,2015-03-08,0.0,0.0,0.0,0.0,0,0.0,7.0,0.9266896,0.37582758,1.0,6.123234e-17,1,0,0,1,3213.0,1,8753.0,1,8752.0,1,3430.0,1,6762.0,1,9024.0,1,6786.0,1,8383.0,6333.636,6772.3877,-5540.0
892,2015-03-09,6066.0,720.0,1.0,0.0,0,0.0,1.0,0.9646356,0.26358718,1.0,6.123234e-17,1,0,0,1,0.0,1,3213.0,1,7918.0,1,0.0,1,5749.0,1,2991.0,1,7289.0,1,9273.0,3800.182,5267.4126,-3213.0
892,2015-03-10,5948.0,710.0,1.0,0.0,0,0.0,2.0,0.9646356,0.26358718,1.0,6.123234e-17,1,0,0,1,6066.0,1,0.0,1,8753.0,1,12360.0,1,6343.0,1,0.0,1,2942.0,1,2908.0,4706.5093,5444.8765,6066.0
892,2015-03-11,5985.0,642.0,1.0,0.0,0,0.0,3.0,0.9646356,0.26358718,1.0,6.123234e-17,1,0,0,1,5948.0,1,6066.0,1,3213.0,1,9942.0,1,7907.0,1,6813.0,1,0.0,1,0.0,5203.1055,5556.6816,-118.0
892,2015-03-12,6530.0,732.0,1.0,0.0,0,0.0,4.0,0.9646356,0.26358718,1.0,6.123234e-17,1,0,0,1,5985.0,1,5948.0,1,0.0,1,8752.0,1,3430.0,1,6762.0,1,11124.0,1,6476.0,5515.8633,5651.864,37.0
892,2015-03-13,8041.0,905.0,1.0,0.0,0,0.0,5.0,0.9646356,0.26358718,1.0,6.123234e-17,1,0,0,1,6530.0,1,5985.0,1,6066.0,1,7918.0,1,0.0,1,5749.0,1,8230.0,1,5959.0,5921.518,5847.005,545.0
892,2015-03-14,3198.0,324.0,1.0,0.0,0,0.0,6.0,0.9646356,0.26358718,1.0,6.123234e-17,1,0,0,1,8041.0,1,6530.0,1,5948.0,1,8753.0,1,12360.0,1,6343.0,1,7564.0,1,5622.0,6769.3105,6334.5596,1511.0
892,2015-03-15,0.0,0.0,0.0,0.0,0,0.0,7.0,0.9646356,0.26358718,1.0,6.123234e-17,1,0,0,1,3198.0,1,8041.0,1,5985.0,1,3213.0,1,9942.0,1,7907.0,1,7970.0,1,5836.0,5340.7866,5637.5464,-4843.0
892,2015-03-16,11271.0,995.0,1.0,1.0,0,0.0,1.0,0.9890402,0.14764656,1.0,6.123234e-17,1,0,0,1,0.0,1,3198.0,1,6530.0,1,0.0,1,8752.0,1,3430.0,1,9024.0,1,6543.0,3204.472,4384.7583,-3198.0
892,2015-03-17,9455.0,910.0,1.0,1.0,0,0.0,2.0,0.9890402,0.14764656,1.0,6.123234e-17,1,0,0,1,11271.0,1,0.0,1,8041.0,1,6066.0,1,7918.0,1,0.0,1,2991.0,1,3152.0,6431.083,5915.034,11271.0
892,2015-03-18,8544.0,839.0,1.0,1.0,0,0.0,3.0,0.9890402,0.14764656,1.0,6.123234e-17,1,0,0,1,9455.0,1,11271.0,1,3198.0,1,5948.0,1,8753.0,1,12360.0,1,0.0,1,0.0,7640.65,6701.6934,-1816.0
892,2015-03-19,8510.0,867.0,1.0,1.0,0,0.0,4.0,0.9890402,0.14764656,1.0,6.123234e-17,1,0,0,1,8544.0,1,9455.0,1,0.0,1,5985.0,1,3213.0,1,9942.0,1,6813.0,1,10972.0,8001.9897,7111.0947,-911.0
892,2015-03-20,9079.0,995.0,1.0,1.0,0,0.0,5.0,0.9890402,0.14764656,1.0,6.123234e-17,1,0,0,1,8510.0,1,8544.0,1,11271.0,1,6530.0,1,0.0,1,8752.0,1,6762.0,1,8428.0,8205.194,7421.9624,-34.0
892,2015-03-21,3638.0,368.0,1.0,0.0,0,0.0,6.0,0.9890402,0.14764656,1.0,6.123234e-17,1,0,0,1,9079.0,1,8510.0,1,9455.0,1,8041.0,1,6066.0,1,7918.0,1,5749.0,1,7687.0,8554.717,7790.193,569.0
892,2015-03-22,0.0,0.0,0.0,0.0,0,0.0,7.0,0.9890402,0.14764656,1.0,6.123234e-17,1,0,0,1,3638.0,1,9079.0,1,8544.0,1,3198.0,1,5948.0,1,8753.0,1,6343.0,1,8402.0,6588.03,6867.4834,-5441.0
892,2015-03-23,6433.0,730.0,1.0,0.0,0,0.0,1.0,0.99956083,0.029633328,1.0,6.123234e-17,1,0,0,1,0.0,1,3638.0,1,8510.0,1,0.0,1,5985.0,1,3213.0,1,7907.0,1,10135.0,3952.8179,5341.376,-3638.0
892,2015-03-24,6456.0,759.0,1.0,0.0,0,0.0,2.0,0.99956083,0.029633328,1.0,6.123234e-17,1,0,0,1,6433.0,1,0.0,1,9079.0,1,11271.0,1,6530.0,1,0.0,1,3430.0,1,3615.0,4944.8906,5583.959,6433.0
892,2015-03-25,5896.0,659.0,1.0,0.0,0,0.0,3.0,0.99956083,0.029633328,1.0,6.123234e-17,1,0,0,1,6456.0,1,6433.0,1,3638.0,1,9455.0,1,8041.0,1,6066.0,1,0.0,1,0.0,5549.3345,5777.746,23.0
892,2015-03-26,6686.0,729.0,1.0,0.0,0,0.0,4.0,0.99956083,0.029633328,1.0,6.123234e-17,1,0,0,1,5896.0,1,6456.0,1,0.0,1,8544.0,1,3198.0,1,5948.0,1,12360.0,1,11603.0,5688.0005,5804.025,-560.0
892,2015-03-27,7000.0,868.0,1.0,0.0,0,0.0,5.0,0.99956083,0.029633328,1.0,6.123234e-17,1,0,0,1,6686.0,1,5896.0,1,6433.0,1,8510.0,1,0.0,1,5985.0,1,9942.0,1,9478.0,6087.2,6000.019,790.0
892,2015-03-28,3285.0,344.0,1.0,0.0,0,0.0,6.0,0.99956083,0.029633328,1.0,6.123234e-17,1,0,0,1,7000.0,1,6686.0,1,6456.0,1,9079.0,1,11271.0,1,6530.0,1,8752.0,1,7777.0,6452.3203,6222.2373,314.0
892,2015-03-29,0.0,0.0,0.0,0.0,0,0.0,7.0,0.99956083,0.029633328,1.0,6.123234e-17,1,0,0,1,3285.0,1,7000.0,1,5896.0,1,3638.0,1,9455.0,1,8041.0,1,7918.0,1,8476.0,5185.392,5569.5176,-3715.0
892,2015-03-30,13842.0,1126.0,1.0,1.0,0,0.0,1.0,0.9960498,-0.08879589,1.0,6.123234e-17,1,0,0,1,0.0,1,3285.0,1,6686.0,1,0.0,1,8544.0,1,3198.0,1,8753.0,1,9420.0,3111.2354,4331.847,-3285.0
892,2015-03-31,11980.0,956.0,1.0,1.0,0,0.0,2.0,0.9960498,-0.08879589,1.0,6.123234e-17,1,0,1,1,13842.0,1,0.0,1,7000.0,1,6433.0,1,8510.0,1,0.0,1,3213.0,1,2942.0,7403.541,6445.2144,13842.0
892,2015-04-01,11749.0,1015.0,1.0,1.0,0,0.0,3.0,0.9960498,-0.08879589,0.8660254,-0.5,2,1,0,1,11980.0,1,13842.0,1,3285.0,1,6456.0,1,9079.0,1,11271.0,1,0.0,1,0.0,9234.125,7675.167,-1862.0
892,2015-04-02,12248.0,1131.0,1.0,1.0,0,1.0,4.0,0.9960498,-0.08879589,0.8660254,-0.5,2,0,0,1,11749.0,1,11980.0,1,0.0,1,5896.0,1,3638.0,1,9455.0,1,6066.0,1,5449.0,10240.075,8580.463,-231.0
892,2015-04-03,0.0,0.0,0.0,1.0,2,1.0,5.0,0.9960498,-0.08879589,0.8660254,-0.5,2,0,0,1,12248.0,1,11749.0,1,13842.0,1,6686.0,1,0.0,1,8544.0,1,5948.0,1,6529.0,11043.245,9395.472,499.0
892,2015-04-04,5460.0,572.0,1.0,0.0,0,0.0,6.0,0.9960498,-0.08879589,0.8660254,-0.5,2,0,0,1,0.0,1,12248.0,1,11980.0,1,7000.0,1,6433.0,1,8510.0,1,5985.0,1,5917.0,6625.947,7307.589,-12248.0
892,2015-04-05,0.0,0.0,0.0,0.0,0,0.0,7.0,0.9960498,-0.08879589,0.8660254,-0.5,2,0,0,1,5460.0,1,0.0,1,11749.0,1,3285.0,1,6456.0,1,9079.0,1,6530.0,1,6786.0,6159.5684,6897.0137,5460.0
892,2015-04-06,0.0,0.0,0.0,0.0,2,1.0,1.0,0.9785565,-0.20597862,0.8660254,-0.5,2,0,0,1,0.0,1,5460.0,1,12248.0,1,0.0,1,5896.0,1,3638.0,1,8041.0,1,7289.0,3695.741,5364.3438,-5460.0
892,2015-04-07,7716.0,876.0,1.0,0.0,0,1.0,2.0,0.9785565,-0.20597862,0.8660254,-0.5,2,0,0,1,0.0,1,0.0,1,0.0,1,13842.0,1,6686.0,1,0.0,1,3198.0,1,2942.0,2217.4446,4172.2676,0.0
892,2015-04-08,6072.0,662.0,1.0,0.0,0,1.0,3.0,0.9785565,-0.20597862,0.8660254,-0.5,2,0,0,1,7716.0,1,0.0,1,5460.0,1,11980.0,1,7000.0,1,6433.0,1,0.0,1,0.0,4416.8667,4959.7637,7716.0
892,2015-04-09,6632.0,755.0,1.0,0.0,0,1.0,4.0,0.9785565,-0.20597862,0.8660254,-0.5,2,0,0,1,6072.0,1,7716.0,1,0.0,1,11749.0,1,3285.0,1,6456.0,1,11271.0,1,11124.0,5078.92,5206.9272,-1644.0
892,2015-04-10,7106.0,846.0,1.0,0.0,0,1.0,5.0,0.9785565,-0.20597862,0.8660254,-0.5,2,0,0,1,6632.0,1,6072.0,1,0.0,1,12248.0,1,0.0,1,5896.0,1,9455.0,1,8230.0,5700.152,5523.61,560.0
892,2015-04-11,3244.0,344.0,1.0,0.0,0,0.0,6.0,0.9785565,-0.20597862,0.8660254,-0.5,2,0,0,1,7106.0,1,6632.0,1,7716.0,1,0.0,1,13842.0,1,6686.0,1,8544.0,1,7564.0,6262.491,5875.2524,474.0
892,2015-04-12,0.0,0.0,0.0,0.0,0,0.0,7.0,0.9785565,-0.20597862,0.8660254,-0.5,2,0,0,1,3244.0,1,7106.0,1,6072.0,1,5460.0,1,11980.0,1,7000.0,1,8510.0,1,7970.0,5055.0947,5290.5293,-3862.0
892,2015-04-13,12294.0,1067.0,1.0,1.0,0,0.0,1.0,0.94732636,-0.32026985,0.8660254,-0.5,2,0,0,1,0.0,1,3244.0,1,6632.0,1,0.0,1,11749.0,1,3285.0,1,9079.0,1,9024.0,3033.057,4114.8564,-3244.0
892,2015-04-14,10212.0,934.0,1.0,1.0,0,0.0,2.0,0.94732636,-0.32026985,0.8660254,-0.5,2,0,0,1,12294.0,1,0.0,1,7106.0,1,0.0,1,12248.0,1,0.0,1,3638.0,1,2991.0,6737.434,5932.444,12294.0
892,2015-04-15,8348.0,802.0,1.0,1.0,0,0.0,3.0,0.94732636,-0.32026985,0.8660254,-0.5,2,0,0,1,10212.0,1,12294.0,1,3244.0,1,7716.0,1,0.0,1,13842.0,1,0.0,1,0.0,8127.2603,6883.456,-2082.0
892,2015-04-16,8814.0,860.0,1.0,1.0,0,0.0,4.0,0.94732636,-0.32026985,0.8660254,-0.5,2,0,0,1,8348.0,1,10212.0,1,0.0,1,6072.0,1,5460.0,1,11980.0,1,6433.0,1,6813.0,8215.557,7208.9106,-1864.0
892,2015-04-17,9688.0,1020.0,1.0,1.0,0,0.0,5.0,0.94732636,-0.32026985,0.8660254,-0.5,2,0,0,1,8814.0,1,8348.0,1,12294.0,1,6632.0,1,0.0,1,11749.0,1,6456.0,1,6762.0,8454.934,7565.597,466.0
892,2015-04-18,3499.0,385.0,1.0,0.0,0,0.0,6.0,0.94732636,-0.32026985,0.8660254,-0.5,2,0,0,1,9688.0,1,8814.0,1,10212.0,1,7106.0,1,0.0,1,12248.0,1,5896.0,1,5749.0,8948.16,8037.242,874.0
892,2015-04-19,0.0,0.0,0.0,0.0,0,0.0,7.0,0.94732636,-0.32026985,0.8660254,-0.5,2,0,0,1,3499.0,1,9688.0,1,8348.0,1,3244.0,1,7716.0,1,0.0,1,6686.0,1,6343.0,6768.496,7028.7437,-6189.0
892,2015-04-20,6886.0,791.0,1.0,0.0,0,0.0,1.0,0.9027978,-0.4300652,0.8660254,-0.5,2,0,0,1,0.0,1,3499.0,1,8814.0,1,0.0,1,6072.0,1,5460.0,1,7000.0,1,7907.0,4061.0977,5466.801,-3499.0
892,2015-04-21,5841.0,672.0,1.0,0.0,0,0.0,2.0,0.9027978,-0.4300652,0.8660254,-0.5,2,0,0,1,6886.0,1,0.0,1,9688.0,1,12294.0,1,6632.0,1,0.0,1,3285.0,1,3430.0,5191.0586,5782.178,6886.0
892,2015-04-22,5688.0,671.0,1.0,0.0,0,0.0,3.0,0.9027978,-0.4300652,0.8660254,-0.5,2,0,0,1,5841.0,1,6886.0,1,3499.0,1,10212.0,1,7106.0,1,0.0,1,0.0,1,0.0,5451.035,5795.25,-1045.0
892,2015-04-23,5425.0,675.0,1.0,0.0,0,0.0,4.0,0.9027978,-0.4300652,0.8660254,-0.5,2,0,0,1,5688.0,1,5841.0,1,0.0,1,8348.0,1,3244.0,1,7716.0,1,13842.0,1,12360.0,5545.8213,5771.4165,-153.0
892,2015-04-24,6307.0,805.0,1.0,0.0,0,0.0,5.0,0.9027978,-0.4300652,0.8660254,-0.5,2,0,0,1,5425.0,1,5688.0,1,6886.0,1,8814.0,1,0.0,1,6072.0,1,11980.0,1,9942.0,5497.4927,5694.435,-263.0
892,2015-04-25,2807.0,312.0,1.0,0.0,0,0.0,6.0,0.9027978,-0.4300652,0.8660254,-0.5,2,0,0,1,6307.0,1,5425.0,1,5841.0,1,9688.0,1,12294.0,1,6632.0,1,11749.0,1,8752.0,5821.2954,5830.5605,882.0
892,2015-04-26,0.0,0.0,0.0,0.0,0,0.0,7.0,0.9027978,-0.4300652,0.8660254,-0.5,2,0,0,1,2807.0,1,6307.0,1,5688.0,1,3499.0,1,10212.0,1,7106.0,1,12248.0,1,7918.0,4615.577,5158.658,-3500.0
892,2015-04-27,11465.0,1016.0,1.0,1.0,0,0.0,1.0,0.845596,-0.5338234,0.8660254,-0.5,2,0,0,1,0.0,1,2807.0,1,5425.0,1,0.0,1,8348.0,1,3244.0,1,0.0,1,8753.0,2769.3464,4012.2898,-2807.0
892,2015-04-28,9005.0,772.0,1.0,1.0,0,0.0,2.0,0.845596,-0.5338234,0.8660254,-0.5,2,0,0,1,11465.0,1,0.0,1,6307.0,1,6886.0,1,8814.0,1,0.0,1,5460.0,1,3213.0,6247.608,5668.4478,11465.0
892,2015-04-29,10048.0,918.0,1.0,1.0,0,0.0,3.0,0.845596,-0.5338234,0.8660254,-0.5,2,0,0,1,9005.0,1,11465.0,1,2807.0,1,5841.0,1,9688.0,1,12294.0,1,0.0,1,0.0,7350.565,6409.904,-2460.0
892,2015-04-30,9701.0,1001.0,1.0,1.0,0,0.0,4.0,0.845596,-0.5338234,0.8660254,-0.5,2,0,1,1,10048.0,1,9005.0,1,0.0,1,5688.0,1,3499.0,1,10212.0,1,0.0,1,6066.0,8429.539,7218.3696,1043.0
892,2015-05-01,0.0,0.0,0.0,1.0,1,0.0,5.0,0.845596,-0.5338234,0.5,-0.8660254,2,1,0,1,9701.0,1,10048.0,1,11465.0,1,5425.0,1,0.0,1,8348.0,1,7716.0,1,5948.0,8938.123,7770.0654,-347.0
892,2015-05-02,4735.0,470.0,1.0,0.0,0,0.0,6.0,0.845596,-0.5338234,0.5,-0.8660254,2,0,0,1,0.0,1,9701.0,1,9005.0,1,6307.0,1,6886.0,1,8814.0,1,6072.0,1,5985.0,5362.874,6043.3843,-9701.0
892,2015-05-03,0.0,0.0,0.0,0.0,0,0.0,7.0,0.845596,-0.5338234,0.5,-0.8660254,2,0,0,1,4735.0,1,0.0,1,10048.0,1,2807.0,1,5841.0,1,9688.0,1,6632.0,1,6530.0,5111.7246,5752.632,4735.0
892,2015-05-04,11107.0,1052.0,1.0,1.0,0,0.0,1.0,0.7765239,-0.63008785,0.5,-0.8660254,2,0,0,1,0.0,1,4735.0,1,9701.0,1,0.0,1,5688.0,1,3499.0,1,7106.0,1,8041.0,3067.0347,4474.2695,-4735.0
892,2015-05-05,9576.0,921.0,1.0,1.0,0,0.0,2.0,0.7765239,-0.63008785,0.5,-0.8660254,2,0,0,1,11107.0,1,0.0,1,0.0,1,11465.0,1,5425.0,1,0.0,1,3244.0,1,3198.0,6283.021,5948.2095,11107.0
892,2015-05-06,9268.0,867.0,1.0,1.0,0,0.0,3.0,0.7765239,-0.63008785,0.5,-0.8660254,2,0,0,1,9576.0,1,11107.0,1,4735.0,1,9005.0,1,6307.0,1,6886.0,1,0.0,1,0.0,7600.2124,6754.3853,-1531.0
892,2015-05-07,9092.0,887.0,1.0,1.0,0,0.0,4.0,0.7765239,-0.63008785,0.5,-0.8660254,2,0,0,1,9268.0,1,9576.0,1,0.0,1,10048.0,1,2807.0,1,5841.0,1,12294.0,1,11271.0,8267.327,7312.9663,-308.0
892,2015-05-08,9726.0,1047.0,1.0,1.0,0,0.0,5.0,0.7765239,-0.63008785,0.5,-0.8660254,2,0,0,1,9092.0,1,9268.0,1,11107.0,1,9701.0,1,0.0,1,5688.0,1,10212.0,1,9455.0,8597.196,7708.307,-176.0
892,2015-05-09,3890.0,413.0,1.0,0.0,0,0.0,6.0,0.7765239,-0.63008785,0.5,-0.8660254,2,0,0,1,9726.0,1,9092.0,1,9576.0,1,0.0,1,11465.0,1,5425.0,1,8348.0,1,8544.0,9048.718,8156.683,634.0
892,2015-05-10,0.0,0.0,0.0,0.0,0,0.0,7.0,0.7765239,-0.63008785,0.5,-0.8660254,2,0,0,1,3890.0,1,9726.0,1,9268.0,1,4735.0,1,9005.0,1,6307.0,1,8814.0,1,8510.0,6985.231,7208.5312,-5836.0
892,2015-05-11,7196.0,794.0,1.0,0.0,0,0.0,1.0,0.696551,-0.71750724,0.5,-0.8660254,2,0,0,1,0.0,1,3890.0,1,9092.0,1,0.0,1,10048.0,1,2807.0,1,9688.0,1,9079.0,4191.1387,5606.6357,-3890.0
892,2015-05-12,7187.0,751.0,1.0,0.0,0,0.0,2.0,0.696551,-0.71750724,0.5,-0.8660254,2,0,0,1,7196.0,1,0.0,1,9726.0,1,11107.0,1,9701.0,1,0.0,1,3499.0,1,3638.0,5393.083,5959.8276,7196.0
892,2015-05-13,7603.0,856.0,1.0,0.0,0,0.0,3.0,0.696551,-0.71750724,0.5,-0.8660254,2,0,0,1,7187.0,1,7196.0,1,3890.0,1,9576.0,1,0.0,1,11465.0,1,0.0,1,0.0,6110.65,6232.5327,-9.0
892,2015-05-14,0.0,0.0,0.0,0.0,1,0.0,4.0,0.696551,-0.71750724,0.5,-0.8660254,2,0,0,1,7603.0,1,7187.0,1,0.0,1,9268.0,1,4735.0,1,9005.0,1,6886.0,1,6433.0,6707.59,6537.081,416.0
892,2015-05-15,8620.0,946.0,1.0,0.0,0,1.0,5.0,0.696551,-0.71750724,0.5,-0.8660254,2,0,0,1,0.0,1,7603.0,1,7196.0,1,9092.0,1,0.0,1,10048.0,1,5841.0,1,6456.0,4024.554,5084.3965,-7603.0
892,2015-05-16,3238.0,338.0,1.0,0.0,0,0.0,6.0,0.696551,-0.71750724,0.5,-0.8660254,2,0,0,1,8620.0,1,0.0,1,7187.0,1,9726.0,1,11107.0,1,9701.0,1,5688.0,1,5896.0,5862.7324,5870.086,8620.0
892,2015-05-17,0.0,0.0,0.0,0.0,0,0.0,7.0,0.696551,-0.71750724,0.5,-0.8660254,2,0,0,1,3238.0,1,8620.0,1,7603.0,1,3890.0,1,9576.0,1,0.0,1,5425.0,1,6686.0,4812.8394,5285.178,-5382.0
892,2015-05-18,12043.0,1102.0,1.0,1.0,0,0.0,1.0,0.60680014,-0.79485446,0.5,-0.8660254,2,0,0,1,0.0,1,3238.0,1,0.0,1,0.0,1,9268.0,1,4735.0,1,6307.0,1,7000.0,2887.7036,4110.694,-3238.0
892,2015-05-19,9090.0,887.0,1.0,1.0,0,0.0,2.0,0.60680014,-0.79485446,0.5,-0.8660254,2,0,0,1,12043.0,1,0.0,1,8620.0,1,7196.0,1,9092.0,1,0.0,1,2807.0,1,3285.0,6549.8223,5873.4287,12043.0
892,2015-05-20,9063.0,825.0,1.0,1.0,0,0.0,3.0,0.60680014,-0.79485446,0.5,-0.8660254,2,0,0,1,9090.0,1,12043.0,1,3238.0,1,7187.0,1,9726.0,1,11107.0,1,0.0,1,0.0,7565.8936,6588.222,-2953.0
892,2015-05-21,8854.0,903.0,1.0,1.0,0,0.0,4.0,0.60680014,-0.79485446,0.5,-0.8660254,2,0,0,1,9063.0,1,9090.0,1,0.0,1,7603.0,1,3890.0,1,9576.0,1,11465.0,1,13842.0,8164.736,7138.173,-27.0
892,2015-05-22,8813.0,991.0,1.0,1.0,0,0.0,5.0,0.60680014,-0.79485446,0.5,-0.8660254,2,0,0,1,8854.0,1,9063.0,1,12043.0,1,0.0,1,0.0,1,9268.0,1,9005.0,1,11980.0,8440.441,7519.468,-209.0
892,2015-05-23,3695.0,357.0,1.0,0.0,0,0.0,6.0,0.60680014,-0.79485446,0.5,-0.8660254,2,0,0,1,8813.0,1,8854.0,1,9090.0,1,8620.0,1,7196.0,1,9092.0,1,10048.0,1,11749.0,8589.465,7806.9194,-41.0
892,2015-05-24,0.0,0.0,0.0,0.0,0,0.0,7.0,0.60680014,-0.79485446,0.5,-0.8660254,2,0,0,1,3695.0,1,8813.0,1,9063.0,1,3238.0,1,7187.0,1,9726.0,1,9701.0,1,12248.0,6631.679,6893.1597,-5118.0
892,2015-05-25,0.0,0.0,0.0,0.0,1,0.0,1.0,0.5085311,-0.86104363,0.5,-0.8660254,2,0,0,1,0.0,1,3695.0,1,8854.0,1,0.0,1,7603.0,1,3890.0,1,0.0,1,0.0,3979.0073,5361.346,-3695.0
892,2015-05-26,7117.0,784.0,1.0,0.0,0,0.0,2.0,0.5085311,-0.86104363,0.5,-0.8660254,2,0,0,1,0.0,1,0.0,1,8813.0,1,12043.0,1,0.0,1,0.0,1,4735.0,1,5460.0,2387.4045,4169.936,0.0
892,2015-05-27,6820.0,719.0,1.0,0.0,0,0.0,3.0,0.5085311,-0.86104363,0.5,-0.8660254,2,0,0,1,7117.0,1,0.0,1,3695.0,1,9090.0,1,8620.0,1,7196.0,1,0.0,1,0.0,4279.2427,4824.8394,7117.0
892,2015-05-28,8118.0,850.0,1.0,0.0,0,0.0,4.0,0.5085311,-0.86104363,0.5,-0.8660254,2,0,0,1,6820.0,1,7117.0,1,0.0,1,9063.0,1,3238.0,1,7187.0,1,11107.0,1,0.0,5295.5454,5268.208,-297.0
892,2015-05-29,8189.0,930.0,1.0,0.0,0,0.0,5.0,0.5085311,-0.86104363,0.5,-0.8660254,2,0,0,1,8118.0,1,6820.0,1,0.0,1,8854.0,1,0.0,1,7603.0,1,9576.0,1,7716.0,6424.5273,5901.495,1298.0
892,2015-05-30,3435.0,368.0,1.0,0.0,0,0.0,6.0,0.5085311,-0.86104363,0.5,-0.8660254,2,0,0,1,8189.0,1,8118.0,1,7117.0,1,8813.0,1,12043.0,1,0.0,1,9268.0,1,6072.0,7130.3164,6409.8296,71.0
892,2015-05-31,0.0,0.0,0.0,0.0,0,0.0,7.0,0.5085311,-0.86104363,0.5,-0.8660254,2,0,1,1,3435.0,1,8189.0,1,6820.0,1,3695.0,1,9090.0,1,8620.0,1,9092.0,1,6632.0,5652.19,5748.7563,-4754.0
892,2015-06-01,13179.0,1123.0,1.0,1.0,0,0.0,1.0,0.40312344,-0.91514564,1.2246469e-16,-1.0,2,1,0,1,0.0,1,3435.0,1,8118.0,1,0.0,1,9063.0,1,3238.0,1,9726.0,1,7106.0,3391.314,4471.255,-3435.0
892,2015-06-02,9762.0,931.0,1.0,1.0,0,0.0,2.0,0.40312344,-0.91514564,1.2246469e-16,-1.0,2,0,0,1,13179.0,1,0.0,1,8189.0,1,0.0,1,8854.0,1,0.0,1,3890.0,1,3244.0,7306.388,6406.3096,13179.0
892,2015-06-03,7927.0,776.0,1.0,1.0,0,0.0,3.0,0.40312344,-0.91514564,1.2246469e-16,-1.0,2,0,0,1,9762.0,1,13179.0,1,3435.0,1,7117.0,1,8813.0,1,12043.0,1,0.0,1,0.0,8288.633,7152.0186,-3417.0
892,2015-06-04,8635.0,844.0,1.0,1.0,1,0.0,4.0,0.40312344,-0.91514564,1.2246469e-16,-1.0,2,0,0,1,7927.0,1,9762.0,1,0.0,1,6820.0,1,3695.0,1,9090.0,1,7196.0,1,12294.0,8143.98,7324.2363,-1835.0
892,2015-06-05,9185.0,966.0,1.0,1.0,0,0.0,5.0,0.40312344,-0.91514564,1.2246469e-16,-1.0,2,0,0,1,8635.0,1,7927.0,1,13179.0,1,8118.0,1,0.0,1,9063.0,1,7187.0,1,10212.0,8340.388,7615.517,708.0
892,2015-06-06,3542.0,372.0,1.0,0.0,0,0.0,6.0,0.40312344,-0.91514564,1.2246469e-16,-1.0,2,0,0,1,9185.0,1,8635.0,1,9762.0,1,8189.0,1,0.0,1,8854.0,1,7603.0,1,8348.0,8678.232,7964.291,550.0
892,2015-06-07,0.0,0.0,0.0,0.0,0,0.0,7.0,0.40312344,-0.91514564,1.2246469e-16,-1.0,2,0,0,1,3542.0,1,9185.0,1,7927.0,1,3435.0,1,7117.0,1,8813.0,1,0.0,1,8814.0,6623.7397,6981.56,-5643.0
892,2015-06-08,7001.0,771.0,1.0,0.0,0,0.0,1.0,0.29205677,-0.956401,1.2246469e-16,-1.0,2,0,0,1,0.0,1,3542.0,1,8635.0,1,0.0,1,6820.0,1,3695.0,1,8620.0,1,9688.0,3974.244,5430.102,-3542.0
892,2015-06-09,5324.0,612.0,1.0,0.0,0,0.0,2.0,0.29205677,-0.956401,1.2246469e-16,-1.0,2,0,0,1,7001.0,1,0.0,1,9185.0,1,13179.0,1,8118.0,1,0.0,1,3238.0,1,3499.0,5184.9463,5779.1904,7001.0
892,2015-06-10,6437.0,694.0,1.0,0.0,0,0.0,3.0,0.29205677,-0.956401,1.2246469e-16,-1.0,2,0,0,1,5324.0,1,7001.0,1,3542.0,1,9762.0,1,8189.0,1,0.0,1,0.0,1,0.0,5240.568,5678.037,-1677.0
892,2015-06-11,6611.0,725.0,1.0,0.0,0,0.0,4.0,0.29205677,-0.956401,1.2246469e-16,-1.0,2,0,0,1,6437.0,1,5324.0,1,0.0,1,7927.0,1,3435.0,1,7117.0,1,12043.0,1,6886.0,5719.1406,5846.6953,1113.0
892,2015-06-12,5342.0,689.0,1.0,0.0,0,0.0,5.0,0.29205677,-0.956401,1.2246469e-16,-1.0,2,0,0,1,6611.0,1,6437.0,1,7001.0,1,8635.0,1,0.0,1,6820.0,1,9090.0,1,5841.0,6075.8843,6016.541,174.0
892,2015-06-13,2376.0,265.0,1.0,0.0,0,0.0,6.0,0.29205677,-0.956401,1.2246469e-16,-1.0,2,0,0,1,5342.0,1,6611.0,1,5324.0,1,9185.0,1,13179.0,1,8118.0,1,9063.0,1,5688.0,5782.3306,5866.643,-1269.0
892,2015-06-14,0.0,0.0,0.0,0.0,0,0.0,7.0,0.29205677,-0.956401,1.2246469e-16,-1.0,2,0,0,1,2376.0,1,5342.0,1,6437.0,1,3542.0,1,9762.0,1,8189.0,1,8854.0,1,5425.0,4419.7983,5090.9443,-2966.0
892,2015-06-15,11579.0,993.0,1.0,1.0,0,0.0,1.0,0.17689027,-0.9842306,1.2246469e-16,-1.0,2,0,0,1,0.0,1,2376.0,1,6611.0,1,0.0,1,7927.0,1,3435.0,1,8813.0,1,6307.0,2651.8792,3959.6235,-2376.0
892,2015-06-16,9996.0,900.0,1.0,1.0,0,0.0,2.0,0.17689027,-0.9842306,1.2246469e-16,-1.0,2,0,0,1,11579.0,1,0.0,1,5342.0,1,7001.0,1,8635.0,1,0.0,1,3695.0,1,2807.0,6222.7275,5652.8184,11579.0
892,2015-06-17,8796.0,801.0,1.0,1.0,0,0.0,3.0,0.17689027,-0.9842306,1.2246469e-16,-1.0,2,0,0,1,9996.0,1,11579.0,1,2376.0,1,5324.0,1,9185.0,1,13179.0,1,0.0,1,0.0,7732.0366,6617.9697,-1583.0
892,2015-06-18,8868.0,823.0,1.0,1.0,0,0.0,4.0,0.17689027,-0.9842306,1.2246469e-16,-1.0,2,0,0,1,8796.0,1,9996.0,1,0.0,1,6437.0,1,3542.0,1,9762.0,1,0.0,1,11465.0,8157.622,7101.9766,-1200.0
892,2015-06-19,9639.0,1003.0,1.0,1.0,0,0.0,5.0,0.17689027,-0.9842306,1.2246469e-16,-1.0,2,0,0,1,8868.0,1,8796.0,1,11579.0,1,6611.0,1,0.0,1,7927.0,1,7117.0,1,9005.0,8441.773,7494.4263,72.0
892,2015-06-20,3069.0,336.0,1.0,0.0,0,0.0,6.0,0.17689027,-0.9842306,1.2246469e-16,-1.0,2,0,0,1,9639.0,1,8868.0,1,9996.0,1,5342.0,1,7001.0,1,8635.0,1,6820.0,1,10048.0,8920.664,7970.998,771.0
892,2015-06-21,0.0,0.0,0.0,0.0,0,0.0,7.0,0.17689027,-0.9842306,1.2246469e-16,-1.0,2,0,0,1,3069.0,1,9639.0,1,8796.0,1,2376.0,1,5324.0,1,9185.0,1,8118.0,1,9701.0,6579.9985,6881.665,-6570.0
892,2015-06-22,5979.0,692.0,1.0,0.0,0,0.0,1.0,0.059240628,-0.99824375,1.2246469e-16,-1.0,2,0,0,1,0.0,1,3069.0,1,8868.0,1,0.0,1,6437.0,1,3542.0,1,8189.0,1,0.0,3947.999,5352.4062,-3069.0
892,2015-06-23,6512.0,719.0,1.0,0.0,0,0.0,2.0,0.059240628,-0.99824375,1.2246469e-16,-1.0,2,0,0,1,5979.0,1,0.0,1,9639.0,1,11579.0,1,6611.0,1,0.0,1,3435.0,1,4735.0,4760.3994,5491.6494,5979.0
892,2015-06-24,5914.0,650.0,1.0,0.0,0,0.0,3.0,0.059240628,-0.99824375,1.2246469e-16,-1.0,2,0,0,1,6512.0,1,5979.0,1,3069.0,1,9996.0,1,5342.0,1,7001.0,1,0.0,1,0.0,5461.0396,5718.394,533.0
892,2015-06-25,5556.0,660.0,1.0,0.0,0,0.0,4.0,0.059240628,-0.99824375,1.2246469e-16,-1.0,2,0,0,1,5914.0,1,6512.0,1,0.0,1,8796.0,1,2376.0,1,5324.0,1,13179.0,1,11107.0,5642.2236,5761.862,-598.0
892,2015-06-26,6558.0,789.0,1.0,0.0,0,0.0,5.0,0.059240628,-0.99824375,1.2246469e-16,-1.0,2,0,0,1,5556.0,1,5914.0,1,5979.0,1,8868.0,1,0.0,1,6437.0,1,9762.0,1,9576.0,5607.7344,5716.1147,-358.0
892,2015-06-27,3498.0,331.0,1.0,0.0,0,0.0,6.0,0.059240628,-0.99824375,1.2246469e-16,-1.0,2,0,0,1,6558.0,1,5556.0,1,6512.0,1,9639.0,1,11579.0,1,6611.0,1,7927.0,1,9268.0,5987.8403,5903.2,1002.0
892,2015-06-28,0.0,0.0,0.0,0.0,0,0.0,7.0,0.059240628,-0.99824375,1.2246469e-16,-1.0,2,0,0,1,3498.0,1,6558.0,1,5914.0,1,3069.0,1,9996.0,1,5342.0,1,8635.0,1,9092.0,4991.9043,5368.7114,-3060.0
892,2015-06-29,12545.0,1035.0,1.0,1.0,0,0.0,1.0,-0.059240628,-0.99824375,1.2246469e-16,-1.0,2,0,0,1,0.0,1,3498.0,1,5556.0,1,0.0,1,8796.0,1,2376.0,1,9185.0,1,9726.0,2995.1426,4175.6646,-3498.0
892,2015-06-30,11618.0,965.0,1.0,1.0,0,0.0,2.0,-0.059240628,-0.99824375,1.2246469e-16,-1.0,2,0,1,1,12545.0,1,0.0,1,6558.0,1,5979.0,1,8868.0,1,0.0,1,3542.0,1,3890.0,6815.0854,6035.5166,12545.0
892,2015-07-01,8932.0,841.0,1.0,1.0,0,0.0,3.0,-0.059240628,-0.99824375,-0.5,-0.8660254,3,1,0,1,11618.0,1,12545.0,1,3498.0,1,6512.0,1,9639.0,1,11579.0,1,0.0,1,0.0,8736.251,7276.069,-927.0
892,2015-07-02,8960.0,866.0,1.0,1.0,0,0.0,4.0,-0.059240628,-0.99824375,-0.5,-0.8660254,3,0,0,1,8932.0,1,11618.0,1,0.0,1,5914.0,1,3069.0,1,9996.0,1,7001.0,1,7196.0,8814.551,7644.053,-2686.0
892,2015-07-03,9499.0,979.0,1.0,1.0,0,0.0,5.0,-0.059240628,-0.99824375,-0.5,-0.8660254,3,0,0,1,8960.0,1,8932.0,1,12545.0,1,5556.0,1,0.0,1,8796.0,1,5324.0,1,7187.0,8872.73,7936.486,28.0
892,2015-07-04,3624.0,379.0,1.0,0.0,0,0.0,6.0,-0.059240628,-0.99824375,-0.5,-0.8660254,3,0,0,1,9499.0,1,8960.0,1,11618.0,1,6558.0,1,5979.0,1,8868.0,1,6437.0,1,7603.0,9123.238,8283.711,539.0
892,2015-07-05,0.0,0.0,0.0,0.0,0,0.0,7.0,-0.059240628,-0.99824375,-0.5,-0.8660254,3,0,0,1,3624.0,1,9499.0,1,8932.0,1,3498.0,1,6512.0,1,9639.0,1,6611.0,1,0.0,6923.543,7248.2197,-5875.0
892,2015-07-06,7159.0,738.0,1.0,0.0,0,0.0,1.0,-0.17689027,-0.9842306,-0.5,-0.8660254,3,0,0,1,0.0,1,3624.0,1,8960.0,1,0.0,1,5914.0,1,3069.0,1,5342.0,1,8620.0,4154.126,5637.5044,-3624.0
892,2015-07-07,5899.0,691.0,1.0,0.0,0,0.0,2.0,-0.17689027,-0.9842306,-0.5,-0.8660254,3,0,0,1,7159.0,1,0.0,1,9499.0,1,12545.0,1,5556.0,1,0.0,1,2376.0,1,3238.0,5356.0757,5975.6147,7159.0
892,2015-07-08,7144.0,731.0,1.0,0.0,0,0.0,3.0,-0.17689027,-0.9842306,-0.5,-0.8660254,3,0,0,1,5899.0,1,7159.0,1,3624.0,1,11618.0,1,6558.0,1,5979.0,1,0.0,1,0.0,5573.245,5958.589,-1260.0
892,2015-07-09,7339.0,783.0,1.0,0.0,0,0.0,4.0,-0.17689027,-0.9842306,-0.5,-0.8660254,3,0,0,1,7144.0,1,5899.0,1,0.0,1,8932.0,1,3498.0,1,6512.0,1,11579.0,1,12043.0,6201.5474,6222.0137,1245.0
892,2015-07-10,7826.0,925.0,1.0,0.0,0,0.0,5.0,-0.17689027,-0.9842306,-0.5,-0.8660254,3,0,0,1,7339.0,1,7144.0,1,7159.0,1,8960.0,1,0.0,1,5914.0,1,9996.0,1,9090.0,6656.5283,6470.233,195.0
892,2015-07-11,3391.0,358.0,1.0,0.0,0,0.0,6.0,-0.17689027,-0.9842306,-0.5,-0.8660254,3,0,0,1,7826.0,1,7339.0,1,5899.0,1,9499.0,1,12545.0,1,5556.0,1,8796.0,1,9063.0,7124.317,6771.5146,487.0
892,2015-07-12,0.0,0.0,0.0,0.0,0,0.0,7.0,-0.17689027,-0.9842306,-0.5,-0.8660254,3,0,0,1,3391.0,1,7826.0,1,7144.0,1,3624.0,1,11618.0,1,6558.0,1,8868.0,1,8854.0,5630.99,6020.289,-4435.0
892,2015-07-13,11710.0,1011.0,1.0,1.0,0,1.0,1.0,-0.29205677,-0.956401,-0.5,-0.8660254,3,0,0,1,0.0,1,3391.0,1,7339.0,1,0.0,1,8932.0,1,3498.0,1,9639.0,1,8813.0,3378.594,4682.4473,-3391.0
892,2015-07-14,9760.0,874.0,1.0,1.0,0,1.0,2.0,-0.29205677,-0.956401,-0.5,-0.8660254,3,0,0,1,11710.0,1,0.0,1,7826.0,1,7159.0,1,8960.0,1,0.0,1,3069.0,1,3695.0,6711.1562,6244.1255,11710.0
892,2015-07-15,8201.0,773.0,1.0,1.0,0,1.0,3.0,-0.29205677,-0.956401,-0.5,-0.8660254,3,0,0,1,9760.0,1,11710.0,1,3391.0,1,5899.0,1,9499.0,1,12545.0,1,0.0,1,0.0,7930.694,7025.431,-1950.0
892,2015-07-16,8390.0,801.0,1.0,1.0,0,1.0,4.0,-0.29205677,-0.956401,-0.5,-0.8660254,3,0,0,1,8201.0,1,9760.0,1,0.0,1,7144.0,1,3624.0,1,11618.0,1,5979.0,1,0.0,8038.8164,7286.6685,-1559.0
892,2015-07-17,8262.0,925.0,1.0,1.0,0,1.0,5.0,-0.29205677,-0.956401,-0.5,-0.8660254,3,0,0,1,8390.0,1,8201.0,1,11710.0,1,7339.0,1,0.0,1,8932.0,1,6512.0,1,7117.0,8179.29,7531.853,189.0
892,2015-07-18,3158.0,332.0,1.0,0.0,0,0.0,6.0,-0.29205677,-0.956401,-0.5,-0.8660254,3,0,0,1,8262.0,1,8390.0,1,9760.0,1,7826.0,1,7159.0,1,8960.0,1,5914.0,1,6820.0,8212.374,7694.108,-128.0
892,2015-07-19,0.0,0.0,0.0,0.0,0,0.0,7.0,-0.29205677,-0.956401,-0.5,-0.8660254,3,0,0,1,3158.0,1,8262.0,1,8201.0,1,3391.0,1,5899.0,1,9499.0,1,5556.0,1,8118.0,6190.6245,6686.084,-5104.0
892,2015-07-20,7098.0,766.0,1.0,0.0,0,1.0,1.0,-0.40312344,-0.91514564,-0.5,-0.8660254,3,0,0,1,0.0,1,3158.0,1,8390.0,1,0.0,1,7144.0,1,3624.0,1,6558.0,1,8189.0,3714.3745,5200.2876,-3158.0
892,2015-07-21,5422.0,634.0,1.0,0.0,0,1.0,2.0,-0.40312344,-0.91514564,-0.5,-0.8660254,3,0,0,1,7098.0,1,0.0,1,8262.0,1,11710.0,1,7339.0,1,0.0,1,3498.0,1,3435.0,5067.8247,5622.0015,7098.0
892,2015-07-22,5584.0,589.0,1.0,0.0,0,1.0,3.0,-0.40312344,-0.91514564,-0.5,-0.8660254,3,0,0,1,5422.0,1,7098.0,1,3158.0,1,9760.0,1,7826.0,1,7159.0,1,0.0,1,0.0,5209.4946,5577.5566,-1676.0
892,2015-07-23,6177.0,684.0,1.0,0.0,0,1.0,4.0,-0.40312344,-0.91514564,-0.5,-0.8660254,3,0,0,1,5584.0,1,5422.0,1,0.0,1,8201.0,1,3391.0,1,5899.0,1,12545.0,1,13179.0,5359.297,5578.989,162.0
892,2015-07-24,7012.0,839.0,1.0,0.0,0,1.0,5.0,-0.40312344,-0.91514564,-0.5,-0.8660254,3,0,0,1,6177.0,1,5584.0,1,7098.0,1,8390.0,1,0.0,1,7144.0,1,11618.0,1,9762.0,5686.378,5711.88,593.0
892,2015-07-25,3040.0,310.0,1.0,0.0,0,0.0,6.0,-0.40312344,-0.91514564,-0.5,-0.8660254,3,0,0,1,7012.0,1,6177.0,1,5422.0,1,8262.0,1,11710.0,1,7339.0,1,8932.0,1,7927.0,6216.627,6000.7954,835.0
892,2015-07-26,0.0,0.0,0.0,0.0,0,0.0,7.0,-0.40312344,-0.91514564,-0.5,-0.8660254,3,0,0,1,3040.0,1,7012.0,1,5584.0,1,3158.0,1,9760.0,1,7826.0,1,8960.0,1,8635.0,4945.976,5342.841,-3972.0
892,2015-07-27,10540.0,912.0,1.0,1.0,0,1.0,1.0,-0.5085311,-0.86104363,-0.5,-0.8660254,3,0,0,1,0.0,1,3040.0,1,6177.0,1,0.0,1,8201.0,1,3391.0,1,9499.0,1,9185.0,2967.5857,4155.543,-3040.0
892,2015-07-28,9523.0,839.0,1.0,1.0,0,1.0,2.0,-0.5085311,-0.86104363,-0.5,-0.8660254,3,0,0,1,10540.0,1,0.0,1,7012.0,1,7098.0,1,8390.0,1,0.0,1,3624.0,1,3542.0,5996.5513,5574.311,10540.0
892,2015-07-29,7641.0,720.0,1.0,1.0,0,1.0,3.0,-0.5085311,-0.86104363,-0.5,-0.8660254,3,0,0,1,9523.0,1,10540.0,1,3040.0,1,5422.0,1,8262.0,1,11710.0,1,0.0,1,0.0,7407.131,6451.7974,-1017.0
892,2015-07-30,8735.0,822.0,1.0,1.0,0,1.0,4.0,-0.5085311,-0.86104363,-0.5,-0.8660254,3,0,0,1,7641.0,1,9523.0,1,0.0,1,5584.0,1,3158.0,1,9760.0,1,7159.0,1,7001.0,7500.6787,6716.065,-1882.0
892,2015-07-31,10054.0,993.0,1.0,1.0,0,1.0,5.0,-0.5085311,-0.86104363,-0.5,-0.8660254,3,0,1,1,8735.0,1,7641.0,1,10540.0,1,6177.0,1,0.0,1,8201.0,1,5899.0,1,5324.0,7994.407,7164.7173,1094.0
