id,timestamp,target,Customers,Open,Promo,StateHoliday,SchoolHoliday,DayOfWeek,week_sin,week_cos,month_sin,month_cos,quarter,is_month_start,is_month_end,lag_1_known,lag_1,lag_2_known,lag_2,lag_4_known,lag_4,lag_8_known,lag_8,lag_12_known,lag_12,lag_16_known,lag_16,lag_24_known,lag_24,lag_52_known,lag_52,ema_4,ema_8,chg_1
167,2013-01-01,0.0,0.0,0.0,0.0,1,1.0,2.0,0.11827317,0.9929811,0.5,0.8660254,1,1,0,0,0.0,0,0.0,0,0.0,0,0.0,0,0.0,0,0.0,0,0.0,0,0.0,0.0,0.0,0.0
167,2013-01-02,7645.0,1043.0,1.0,0.0,0,1.0,3.0,0.11827317,0.9929811,0.5,0.8660254,1,0,0,1,0.0,0,0.0,0,0.0,0,0.0,0,0.0,0,0.0,0,0.0,0,0.0,0.0,0.0,0.0
167,2013-01-03,8788.0,1065.0,1.0,0.0,0,1.0,4.0,0.11827317,0.9929811,0.5,0.8660254,1,0,0,1,7645.0,1,0.0,0,0.0,0,0.0,0,0.0,0,0.0,0,0.0,0,0.0,3058.0,1698.8889,7645.0
167,2013-01-04,6973.0,913.0,1.0,0.0,0,1.0,5.0,0.11827317,0.9929811,0.5,0.8660254,1,0,0,1,8788.0,1,7645.0,0,0.0,0,0.0,0,0.0,0,0.0,0,0.0,0,0.0,5350.0,3274.2468,1143.0
167,2013-01-05,4185.0,529.0,1.0,0.0,0,0.0,6.0,0.11827317,0.9929811,0.5,0.8660254,1,0,0,1,6973.0,1,8788.0,1,0.0,0,0.0,0,0.0,0,0.0,0,0.0,0,0.0,5999.2,4096.192,-1815.0
167,2013-01-06,0.0,0.0,0.0,0.0,1,0.0,7.0,0.11827317,0.9929811,0.5,0.8660254,1,0,0,1,4185.0,1,6973.0,1,7645.0,0,0.0,0,0.0,0,0.0,0,0.0,0,0.0,5273.52,4115.9272,-2788.0
167,2013-01-07,12918.0,1334.0,1.0,1.0,0,0.0,1.0,0.23488605,0.9720229,0.5,0.8660254,1,0,0,1,0.0,1,4185.0,1,8788.0,0,0.0,0,0.0,0,0.0,0,0.0,0,0.0,3164.112,3201.2766,-4185.0
167,2013-01-08,12146.0,1251.0,1.0,1.0,0,0.0,2.0,0.23488605,0.9720229,0.5,0.8660254,1,0,0,1,12918.0,1,0.0,1,6973.0,0,0.0,0,0.0,0,0.0,0,0.0,0,0.0,7065.667,5360.5483,12918.0
167,2013-01-09,10482.0,1145.0,1.0,1.0,0,0.0,3.0,0.23488605,0.9720229,0.5,0.8660254,1,0,0,1,12146.0,1,12918.0,1,4185.0,1,0.0,0,0.0,0,0.0,0,0.0,0,0.0,9097.801,6868.427,-772.0
167,2013-01-10,8932.0,1000.0,1.0,1.0,0,0.0,4.0,0.23488605,0.9720229,0.5,0.8660254,1,0,0,1,10482.0,1,12146.0,1,0.0,1,7645.0,0,0.0,0,0.0,0,0.0,0,0.0,9651.48,7671.443,-1664.0
167,2013-01-11,9053.0,1056.0,1.0,1.0,0,0.0,5.0,0.23488605,0.9720229,0.5,0.8660254,1,0,0,1,8932.0,1,10482.0,1,12918.0,1,8788.0,0,0.0,0,0.0,0,0.0,0,0.0,9363.688,7951.567,-1550.0
167,2013-01-12,4354.0,567.0,1.0,0.0,0,0.0,6.0,0.23488605,0.9720229,0.5,0.8660254,1,0,0,1,9053.0,1,8932.0,1,12146.0,1,6973.0,0,0.0,0,0.0,0,0.0,0,0.0,9239.413,8196.33,121.0
167,2013-01-13,0.0,0.0,0.0,0.0,0,0.0,7.0,0.23488605,0.9720229,0.5,0.8660254,1,0,0,1,4354.0,1,9053.0,1,10482.0,1,4185.0,1,0.0,0,0.0,0,0.0,0,0.0,7285.2476,7342.4785,-4699.0
167,2013-01-14,6254.0,815.0,1.0,0.0,0,0.0,1.0,0.34820163,0.93741965,0.5,0.8660254,1,0,0,1,0.0,1,4354.0,1,8932.0,1,0.0,1,7645.0,0,0.0,0,0.0,0,0.0,4371.1484,5710.817,-4354.0
167,2013-01-15,7041.0,962.0,1.0,0.0,0,0.0,2.0,0.34820163,0.93741965,0.5,0.8660254,1,0,0,1,6254.0,1,0.0,1,9053.0,1,12918.0,1,8788.0,0,0.0,0,0.0,0,0.0,5124.289,5831.524,6254.0
167,2013-01-16,6904.0,935.0,1.0,0.0,0,0.0,3.0,0.34820163,0.93741965,0.5,0.8660254,1,0,0,1,7041.0,1,6254.0,1,4354.0,1,12146.0,1,6973.0,0,0.0,0,0.0,0,0.0,5890.9736,6100.2964,787.0
167,2013-01-17,6800.0,864.0,1.0,0.0,0,0.0,4.0,0.34820163,0.93741965,0.5,0.8660254,1,0,0,1,6904.0,1,7041.0,1,0.0,1,10482.0,1,4185.0,1,0.0,0,0.0,0,0.0,6296.184,6278.8975,-137.0
167,2013-01-18,6479.0,870.0,1.0,0.0,0,0.0,5.0,0.34820163,0.93741965,0.5,0.8660254,1,0,0,1,6800.0,1,6904.0,1,6254.0,1,8932.0,1,0.0,1,7645.0,0,0.0,0,0.0,6497.7104,6394.6978,-104.0
167,2013-01-19,4657.0,521.0,1.0,0.0,0,0.0,6.0,0.34820163,0.93741965,0.5,0.8660254,1,0,0,1,6479.0,1,6800.0,1,7041.0,1,9053.0,1,12918.0,1,8788.0,0,0.0,0,0.0,6490.226,6413.4316,-321.0
167,2013-01-20,0.0,0.0,0.0,0.0,0,0.0,7.0,0.34820163,0.93741965,0.5,0.8660254,1,0,0,1,4657.0,1,6479.0,1,6904.0,1,4354.0,1,12146.0,1,6973.0,0,0.0,0,0.0,5756.9355,6023.114,-1822.0
167,2013-01-21,10442.0,1111.0,1.0,1.0,0,0.0,1.0,0.45662925,0.8896571,0.5,0.8660254,1,0,0,1,0.0,1,4657.0,1,6800.0,1,0.0,1,10482.0,1,4185.0,0,0.0,0,0.0,3454.1614,4684.644,-4657.0
167,2013-01-22,9661.0,1060.0,1.0,1.0,0,0.0,2.0,0.45662925,0.8896571,0.5,0.8660254,1,0,0,1,10442.0,1,0.0,1,6479.0,1,6254.0,1,8932.0,1,0.0,0,0.0,0,0.0,6249.297,5964.056,10442.0
167,2013-01-23,10321.0,1172.0,1.0,1.0,0,0.0,3.0,0.45662925,0.8896571,0.5,0.8660254,1,0,0,1,9661.0,1,10442.0,1,4657.0,1,7041.0,1,9053.0,1,12918.0,0,0.0,0,0.0,7613.978,6785.5996,-781.0
167,2013-01-24,9508.0,1110.0,1.0,1.0,0,0.0,4.0,0.45662925,0.8896571,0.5,0.8660254,1,0,0,1,10321.0,1,9661.0,1,0.0,1,6904.0,1,4354.0,1,12146.0,0,0.0,0,0.0,8696.787,7571.244,660.0
167,2013-01-25,9427.0,1064.0,1.0,1.0,0,0.0,5.0,0.45662925,0.8896571,0.5,0.8660254,1,0,0,1,9508.0,1,10321.0,1,10442.0,1,6800.0,1,0.0,1,10482.0,1,0.0,0,0.0,9021.272,8001.6343,-813.0
167,2013-01-26,4385.0,520.0,1.0,0.0,0,0.0,6.0,0.45662925,0.8896571,0.5,0.8660254,1,0,0,1,9427.0,1,9508.0,1,9661.0,1,6479.0,1,6254.0,1,8932.0,1,7645.0,0,0.0,9183.563,8318.382,-81.0
167,2013-01-27,0.0,0.0,0.0,0.0,0,0.0,7.0,0.45662925,0.8896571,0.5,0.8660254,1,0,0,1,4385.0,1,9427.0,1,10321.0,1,4657.0,1,7041.0,1,9053.0,1,8788.0,0,0.0,7264.138,7444.2974,-5042.0
167,2013-01-28,5615.0,803.0,1.0,0.0,0,0.0,1.0,0.55864674,0.82940567,0.5,0.8660254,1,0,0,1,0.0,1,4385.0,1,9508.0,1,0.0,1,6904.0,1,4354.0,1,6973.0,0,0.0,4358.483,5790.009,-4385.0
167,2013-01-29,6568.0,879.0,1.0,0.0,0,0.0,2.0,0.55864674,0.82940567,0.5,0.8660254,1,0,0,1,5615.0,1,0.0,1,9427.0,1,10442.0,1,6800.0,1,0.0,1,4185.0,0,0.0,4861.09,5751.118,5615.0
167,2013-01-30,7634.0,965.0,1.0,0.0,0,0.0,3.0,0.55864674,0.82940567,0.5,0.8660254,1,0,0,1,6568.0,1,5615.0,1,4385.0,1,9661.0,1,6479.0,1,6254.0,1,0.0,0,0.0,5543.854,5932.6475,953.0
167,2013-01-31,7630.0,1032.0,1.0,0.0,0,0.0,4.0,0.55864674,0.82940567,0.5,0.8660254,1,0,1,1,7634.0,1,6568.0,1,0.0,1,10321.0,1,4657.0,1,7041.0,1,12918.0,0,0.0,6379.912,6310.7256,1066.0
167,2013-02-01,8621.0,1114.0,1.0,0.0,0,1.0,5.0,0.55864674,0.82940567,0.8660254,0.5,1,1,0,1,7630.0,1,7634.0,1,5615.0,1,9508.0,1,0.0,1,6904.0,1,12146.0,0,0.0,6879.9473,6603.898,-4.0
167,2013-02-02,5110.0,604.0,1.0,0.0,0,0.0,6.0,0.55864674,0.82940567,0.8660254,0.5,1,0,0,1,8621.0,1,7630.0,1,6568.0,1,9427.0,1,10442.0,1,6800.0,1,10482.0,0,0.0,7576.3687,7052.1426,991.0
167,2013-02-03,0.0,0.0,0.0,0.0,0,0.0,7.0,0.55864674,0.82940567,0.8660254,0.5,1,0,0,1,5110.0,1,8621.0,1,7634.0,1,4385.0,1,9661.0,1,6479.0,1,8932.0,0,0.0,6589.8213,6620.5557,-3511.0
167,2013-02-04,11823.0,1202.0,1.0,1.0,0,1.0,1.0,0.65282214,0.75751126,0.8660254,0.5,1,0,0,1,0.0,1,5110.0,1,7630.0,1,0.0,1,10321.0,1,4657.0,1,9053.0,0,0.0,3953.8926,5149.321,-5110.0
167,2013-02-05,12334.0,1266.0,1.0,1.0,0,1.0,2.0,0.65282214,0.75751126,0.8660254,0.5,1,0,0,1,11823.0,1,0.0,1,8621.0,1,5615.0,1,9508.0,1,0.0,1,4354.0,0,0.0,7101.5356,6632.361,11823.0
167,2013-02-06,11008.0,1257.0,1.0,1.0,0,1.0,3.0,0.65282214,0.75751126,0.8660254,0.5,1,0,0,1,12334.0,1,11823.0,1,5110.0,1,6568.0,1,9427.0,1,10442.0,1,0.0,0,0.0,9194.521,7899.3916,511.0
167,2013-02-07,9729.0,1085.0,1.0,1.0,0,1.0,4.0,0.65282214,0.75751126,0.8660254,0.5,1,0,0,1,11008.0,1,12334.0,1,0.0,1,7634.0,1,4385.0,1,9661.0,1,6254.0,0,0.0,9919.913,8590.193,-1326.0
167,2013-02-08,8203.0,936.0,1.0,1.0,0,1.0,5.0,0.65282214,0.75751126,0.8660254,0.5,1,0,0,1,9729.0,1,11008.0,1,11823.0,1,7630.0,1,0.0,1,10321.0,1,7041.0,0,0.0,9843.548,8843.262,-1279.0
167,2013-02-09,4436.0,500.0,1.0,0.0,0,0.0,6.0,0.65282214,0.75751126,0.8660254,0.5,1,0,0,1,8203.0,1,9729.0,1,12334.0,1,8621.0,1,5615.0,1,9508.0,1,6904.0,0,0.0,9187.328,8700.981,-1526.0
167,2013-02-10,0.0,0.0,0.0,0.0,0,0.0,7.0,0.65282214,0.75751126,0.8660254,0.5,1,0,0,1,4436.0,1,8203.0,1,11008.0,1,5110.0,1,6568.0,1,9427.0,1,6800.0,0,0.0,7286.7974,7753.2075,-3767.0
167,2013-02-11,6947.0,914.0,1.0,0.0,0,0.0,1.0,0.73783326,0.674983,0.8660254,0.5,1,0,0,1,0.0,1,4436.0,1,9729.0,1,0.0,1,7634.0,1,4385.0,1,6479.0,0,0.0,4372.078,6030.2725,-4436.0
167,2013-02-12,8022.0,990.0,1.0,0.0,0,0.0,2.0,0.73783326,0.674983,0.8660254,0.5,1,0,0,1,6947.0,1,0.0,1,8203.0,1,11823.0,1,7630.0,1,0.0,1,4657.0,0,0.0,5402.047,6233.9897,6947.0
167,2013-02-13,7661.0,1020.0,1.0,0.0,0,0.0,3.0,0.73783326,0.674983,0.8660254,0.5,1,0,0,1,8022.0,1,6947.0,1,4436.0,1,12334.0,1,8621.0,1,5615.0,1,0.0,0,0.0,6450.0283,6631.325,1075.0
167,2013-02-14,7502.0,987.0,1.0,0.0,0,0.0,4.0,0.73783326,0.674983,0.8660254,0.5,1,0,0,1,7661.0,1,8022.0,1,0.0,1,11008.0,1,5110.0,1,6568.0,1,10442.0,0,0.0,6934.417,6860.142,-361.0
167,2013-02-15,7184.0,927.0,1.0,0.0,0,0.0,5.0,0.73783326,0.674983,0.8660254,0.5,1,0,0,1,7502.0,1,7661.0,1,6947.0,1,9729.0,1,0.0,1,7634.0,1,9661.0,0,0.0,7161.45,7002.7773,-159.0
167,2013-02-16,4735.0,577.0,1.0,0.0,0,0.0,6.0,0.73783326,0.674983,0.8660254,0.5,1,0,0,1,7184.0,1,7502.0,1,8022.0,1,8203.0,1,11823.0,1,7630.0,1,10321.0,0,0.0,7170.47,7043.049,-318.0
167,2013-02-17,0.0,0.0,0.0,0.0,0,0.0,7.0,0.73783326,0.674983,0.8660254,0.5,1,0,0,1,4735.0,1,7184.0,1,7661.0,1,4436.0,1,12334.0,1,8621.0,1,9508.0,0,0.0,6196.282,6530.149,-2449.0
167,2013-02-18,13157.0,1364.0,1.0,1.0,0,0.0,1.0,0.8124869,0.5829795,0.8660254,0.5,1,0,0,1,0.0,1,4735.0,1,7502.0,1,0.0,1,11008.0,1,5110.0,1,9427.0,0,0.0,3717.7693,5079.005,-4735.0
167,2013-02-19,10533.0,1086.0,1.0,1.0,0,0.0,2.0,0.8124869,0.5829795,0.8660254,0.5,1,0,0,1,13157.0,1,0.0,1,7184.0,1,6947.0,1,9729.0,1,0.0,1,4385.0,0,0.0,7493.4614,6874.1147,13157.0
167,2013-02-20,10415.0,1193.0,1.0,1.0,0,0.0,3.0,0.8124869,0.5829795,0.8660254,0.5,1,0,0,1,10533.0,1,13157.0,1,4735.0,1,8022.0,1,8203.0,1,11823.0,1,0.0,0,0.0,8709.277,7687.2007,-2624.0
167,2013-02-21,9787.0,1031.0,1.0,1.0,0,0.0,4.0,0.8124869,0.5829795,0.8660254,0.5,1,0,0,1,10415.0,1,10533.0,1,0.0,1,7661.0,1,4436.0,1,12334.0,1,5615.0,0,0.0,9391.566,8293.378,-118.0
167,2013-02-22,9703.0,1055.0,1.0,1.0,0,0.0,5.0,0.8124869,0.5829795,0.8660254,0.5,1,0,0,1,9787.0,1,10415.0,1,13157.0,1,7502.0,1,0.0,1,11008.0,1,6568.0,1,0.0,9549.739,8625.294,-628.0
167,2013-02-23,4302.0,546.0,1.0,0.0,0,0.0,6.0,0.8124869,0.5829795,0.8660254,0.5,1,0,0,1,9703.0,1,9787.0,1,10533.0,1,7184.0,1,6947.0,1,9729.0,1,7634.0,1,7645.0,9611.044,8864.784,-84.0
167,2013-02-24,0.0,0.0,0.0,0.0,0,0.0,7.0,0.8124869,0.5829795,0.8660254,0.5,1,0,0,1,4302.0,1,9703.0,1,10415.0,1,4735.0,1,8022.0,1,8203.0,1,7630.0,1,8788.0,7487.4263,7850.832,-5401.0
167,2013-02-25,6117.0,796.0,1.0,0.0,0,0.0,1.0,0.8757349,0.4827922,0.8660254,0.5,1,0,0,1,0.0,1,4302.0,1,9787.0,1,0.0,1,7661.0,1,4436.0,1,8621.0,1,6973.0,4492.4556,6106.2026,-4302.0
167,2013-02-26,6428.0,900.0,1.0,0.0,0,0.0,2.0,0.8757349,0.4827922,0.8660254,0.5,1,0,0,1,6117.0,1,0.0,1,9703.0,1,13157.0,1,7502.0,1,0.0,1,5110.0,1,4185.0,5142.2734,6108.602,6117.0
167,2013-02-27,6697.0,913.0,1.0,0.0,0,0.0,3.0,0.8757349,0.4827922,0.8660254,0.5,1,0,0,1,6428.0,1,6117.0,1,4302.0,1,10533.0,1,7184.0,1,6947.0,1,0.0,1,0.0,5656.564,6179.5796,311.0
167,2013-02-28,8588.0,1057.0,1.0,0.0,0,0.0,4.0,0.8757349,0.4827922,0.8660254,0.5,1,0,1,1,6697.0,1,6428.0,1,0.0,1,10415.0,1,4735.0,1,8022.0,1,11823.0,1,12918.0,6072.7383,6294.562,269.0
167,2013-03-01,8082.0,1020.0,1.0,0.0,0,0.0,5.0,0.8757349,0.4827922,1.0,6.123234e-17,1,1,0,1,8588.0,1,6697.0,1,6117.0,1,9787.0,1,0.0,1,7661.0,1,12334.0,1,12146.0,7078.8433,6804.215,1891.0
167,2013-03-02,5030.0,647.0,1.0,0.0,0,0.0,6.0,0.8757349,0.4827922,1.0,6.123234e-17,1,0,0,1,8082.0,1,8588.0,1,6428.0,1,9703.0,1,13157.0,1,7502.0,1,11008.0,1,10482.0,7480.106,7088.167,-506.0
167,2013-03-03,0.0,0.0,0.0,0.0,0,0.0,7.0,0.8757349,0.4827922,1.0,6.123234e-17,1,0,0,1,5030.0,1,8082.0,1,6697.0,1,4302.0,1,10533.0,1,7184.0,1,9729.0,1,8932.0,6500.0635,6630.7964,-3052.0
167,2013-03-04,13470.0,1382.0,1.0,1.0,0,0.0,1.0,0.9266896,0.37582758,1.0,6.123234e-17,1,0,0,1,0.0,1,5030.0,1,8588.0,1,0.0,1,10415.0,1,4735.0,1,8203.0,1,9053.0,3900.038,5157.286,-5030.0
167,2013-03-05,12435.0,1375.0,1.0,1.0,0,0.0,2.0,0.9266896,0.37582758,1.0,6.123234e-17,1,0,0,1,13470.0,1,0.0,1,8082.0,1,6117.0,1,9787.0,1,0.0,1,4436.0,1,4354.0,7728.023,7004.556,13470.0
167,2013-03-06,11084.0,1249.0,1.0,1.0,0,0.0,3.0,0.9266896,0.37582758,1.0,6.123234e-17,1,0,0,1,12435.0,1,13470.0,1,5030.0,1,6428.0,1,9703.0,1,13157.0,1,0.0,1,0.0,9610.813,8211.321,-1035.0
167,2013-03-07,10518.0,1194.0,1.0,1.0,0,0.0,4.0,0.9266896,0.37582758,1.0,6.123234e-17,1,0,0,1,11084.0,1,12435.0,1,0.0,1,6697.0,1,4302.0,1,10533.0,1,6947.0,1,6254.0,10200.088,8849.694,-1351.0
167,2013-03-08,9011.0,1027.0,1.0,1.0,0,0.0,5.0,0.9266896,0.37582758,1.0,6.123234e-17,1,0,0,1,10518.0,1,11084.0,1,13470.0,1,8588.0,1,0.0,1,10415.0,1,8022.0,1,7041.0,10327.253,9220.429,-566.0
167,2013-03-09,4289.0,511.0,1.0,0.0,0,0.0,6.0,0.9266896,0.37582758,1.0,6.123234e-17,1,0,0,1,9011.0,1,10518.0,1,12435.0,1,8082.0,1,6117.0,1,9787.0,1,7661.0,1,6904.0,9800.752,9173.89,-1507.0
167,2013-03-10,0.0,0.0,0.0,0.0,0,0.0,7.0,0.9266896,0.37582758,1.0,6.123234e-17,1,0,0,1,4289.0,1,9011.0,1,11084.0,1,5030.0,1,6428.0,1,9703.0,1,7502.0,1,6800.0,7596.0513,8088.3584,-4722.0
167,2013-03-11,5583.0,781.0,1.0,0.0,0,0.0,1.0,0.9646356,0.26358718,1.0,6.123234e-17,1,0,0,1,0.0,1,4289.0,1,10518.0,1,0.0,1,6697.0,1,4302.0,1,7184.0,1,6479.0,4557.631,6290.9453,-4289.0
167,2013-03-12,6979.0,901.0,1.0,0.0,0,0.0,2.0,0.9646356,0.26358718,1.0,6.123234e-17,1,0,0,1,5583.0,1,0.0,1,9011.0,1,13470.0,1,8588.0,1,0.0,1,4735.0,1,4657.0,4967.7783,6133.624,5583.0
167,2013-03-13,6942.0,904.0,1.0,0.0,0,0.0,3.0,0.9646356,0.26358718,1.0,6.123234e-17,1,0,0,1,6979.0,1,5583.0,1,4289.0,1,12435.0,1,8082.0,1,6117.0,1,0.0,1,0.0,5772.267,6321.4854,1396.0
167,2013-03-14,6502.0,844.0,1.0,0.0,0,0.0,4.0,0.9646356,0.26358718,1.0,6.123234e-17,1,0,0,1,6942.0,1,6979.0,1,0.0,1,11084.0,1,5030.0,1,6428.0,1,13157.0,1,10442.0,6240.16,6459.3774,-37.0
167,2013-03-15,7282.0,949.0,1.0,0.0,0,0.0,5.0,0.9646356,0.26358718,1.0,6.123234e-17,1,0,0,1,6502.0,1,6942.0,1,5583.0,1,10518.0,1,0.0,1,6697.0,1,10533.0,1,9661.0,6344.896,6468.849,-440.0
167,2013-03-16,5252.0,635.0,1.0,0.0,0,0.0,6.0,0.9646356,0.26358718,1.0,6.123234e-17,1,0,0,1,7282.0,1,6502.0,1,6979.0,1,9011.0,1,13470.0,1,8588.0,1,10415.0,1,10321.0,6719.738,6649.5493,780.0
167,2013-03-17,0.0,0.0,0.0,0.0,0,0.0,7.0,0.9646356,0.26358718,1.0,6.123234e-17,1,0,0,1,5252.0,1,7282.0,1,6942.0,1,4289.0,1,12435.0,1,8082.0,1,9787.0,1,9508.0,6132.6426,6338.983,-2030.0
167,2013-03-18,9544.0,1015.0,1.0,1.0,0,0.0,1.0,0.9890402,0.14764656,1.0,6.123234e-17,1,0,0,1,0.0,1,5252.0,1,6502.0,1,0.0,1,11084.0,1,5030.0,1,9703.0,1,9427.0,3679.5854,4930.32,-5252.0
167,2013-03-19,10455.0,1111.0,1.0,1.0,0,0.0,2.0,0.9890402,0.14764656,1.0,6.123234e-17,1,0,0,1,9544.0,1,0.0,1,7282.0,1,5583.0,1,10518.0,1,0.0,1,4302.0,1,4385.0,6025.3516,5955.582,9544.0
167,2013-03-20,11500.0,1276.0,1.0,1.0,0,0.0,3.0,0.9890402,0.14764656,1.0,6.123234e-17,1,0,0,1,10455.0,1,9544.0,1,5252.0,1,6979.0,1,9011.0,1,13470.0,1,0.0,1,0.0,7797.211,6955.4526,911.0
167,2013-03-21,9166.0,1056.0,1.0,1.0,0,0.0,4.0,0.9890402,0.14764656,1.0,6.123234e-17,1,0,0,1,11500.0,1,10455.0,1,0.0,1,6942.0,1,4289.0,1,12435.0,1,6117.0,1,5615.0,9278.326,7965.352,1045.0
167,2013-03-22,9457.0,1137.0,1.0,1.0,0,0.0,5.0,0.9890402,0.14764656,1.0,6.123234e-17,1,0,0,1,9166.0,1,11500.0,1,9544.0,1,6502.0,1,0.0,1,11084.0,1,6428.0,1,6568.0,9233.3955,8232.163,-2334.0
167,2013-03-23,4852.0,568.0,1.0,0.0,0,0.0,6.0,0.9890402,0.14764656,1.0,6.123234e-17,1,0,0,1,9457.0,1,9166.0,1,10455.0,1,7282.0,1,5583.0,1,10518.0,1,6697.0,1,7634.0,9322.838,8504.349,291.0
167,2013-03-24,0.0,0.0,0.0,0.0,0,0.0,7.0,0.9890402,0.14764656,1.0,6.123234e-17,1,0,0,1,4852.0,1,9457.0,1,11500.0,1,5252.0,1,6979.0,1,9011.0,1,8588.0,1,7630.0,7534.5024,7692.716,-4605.0
167,2013-03-25,14454.0,1460.0,1.0,1.0,0,1.0,1.0,0.99956083,0.029633328,1.0,6.123234e-17,1,0,0,1,0.0,1,4852.0,1,9166.0,1,0.0,1,6942.0,1,4289.0,1,8082.0,1,8621.0,4520.7017,5983.223,-4852.0
167,2013-03-26,13703.0,1395.0,1.0,1.0,0,1.0,2.0,0.99956083,0.029633328,1.0,6.123234e-17,1,0,0,1,14454.0,1,0.0,1,9457.0,1,9544.0,1,6502.0,1,0.0,1,5030.0,1,5110.0,8494.0205,7865.618,14454.0
167,2013-03-27,13602.0,1500.0,1.0,1.0,0,1.0,3.0,0.99956083,0.029633328,1.0,6.123234e-17,1,0,0,1,13703.0,1,14454.0,1,4852.0,1,10455.0,1,7282.0,1,5583.0,1,0.0,1,0.0,10577.612,9162.814,-751.0
167,2013-03-28,13380.0,1516.0,1.0,1.0,0,1.0,4.0,0.99956083,0.029633328,1.0,6.123234e-17,1,0,0,1,13602.0,1,13703.0,1,0.0,1,11500.0,1,5252.0,1,6979.0,1,13470.0,1,11823.0,11787.367,10149.3,-101.0
167,2013-03-29,0.0,0.0,0.0,1.0,2,1.0,5.0,0.99956083,0.029633328,1.0,6.123234e-17,1,0,0,1,13380.0,1,13602.0,1,14454.0,1,9166.0,1,0.0,1,6942.0,1,12435.0,1,12334.0,12424.421,10867.233,-222.0
167,2013-03-30,8962.0,1064.0,1.0,0.0,0,0.0,6.0,0.99956083,0.029633328,1.0,6.123234e-17,1,0,0,1,0.0,1,13380.0,1,13703.0,1,9457.0,1,9544.0,1,6502.0,1,11084.0,1,11008.0,7454.6523,8452.293,-13380.0
167,2013-03-31,0.0,0.0,0.0,0.0,0,0.0,7.0,0.99956083,0.029633328,1.0,6.123234e-17,1,0,1,1,8962.0,1,0.0,1,13602.0,1,4852.0,1,10455.0,1,7282.0,1,10518.0,1,9729.0,8057.5913,8565.561,8962.0
167,2013-04-01,0.0,0.0,0.0,0.0,2,0.0,1.0,0.9960498,-0.08879589,0.8660254,-0.5,2,1,0,1,0.0,1,8962.0,1,13380.0,1,0.0,1,11500.0,1,5252.0,1,9011.0,1,8203.0,4834.5547,6662.103,-8962.0
167,2013-04-02,8354.0,1086.0,1.0,0.0,0,0.0,2.0,0.9960498,-0.08879589,0.8660254,-0.5,2,0,0,1,0.0,1,0.0,1,0.0,1,14454.0,1,9166.0,1,0.0,1,4289.0,1,4436.0,2900.733,5181.6357,0.0
167,2013-04-03,8206.0,1044.0,1.0,0.0,0,0.0,3.0,0.9960498,-0.08879589,0.8660254,-0.5,2,0,0,1,8354.0,1,0.0,1,8962.0,1,13703.0,1,9457.0,1,9544.0,1,0.0,1,0.0,5082.0396,5886.6055,8354.0
167,2013-04-04,7258.0,956.0,1.0,0.0,0,0.0,4.0,0.9960498,-0.08879589,0.8660254,-0.5,2,0,0,1,8206.0,1,8354.0,1,0.0,1,13602.0,1,4852.0,1,10455.0,1,5583.0,1,6947.0,6331.624,6402.0264,-148.0
167,2013-04-05,6729.0,908.0,1.0,0.0,0,0.0,5.0,0.9960498,-0.08879589,0.8660254,-0.5,2,0,0,1,7258.0,1,8206.0,1,0.0,1,13380.0,1,0.0,1,11500.0,1,6979.0,1,8022.0,6702.1743,6592.2427,-948.0
167,2013-04-06,4599.0,577.0,1.0,0.0,0,0.0,6.0,0.9960498,-0.08879589,0.8660254,-0.5,2,0,0,1,6729.0,1,7258.0,1,8354.0,1,0.0,1,14454.0,1,9166.0,1,6942.0,1,7661.0,6712.905,6622.6333,-529.0
167,2013-04-07,0.0,0.0,0.0,0.0,0,0.0,7.0,0.9960498,-0.08879589,0.8660254,-0.5,2,0,0,1,4599.0,1,6729.0,1,8206.0,1,8962.0,1,13703.0,1,9457.0,1,6502.0,1,7502.0,5867.343,6172.937,-2130.0
167,2013-04-08,9817.0,1193.0,1.0,1.0,0,0.0,1.0,0.9785565,-0.20597862,0.8660254,-0.5,2,0,0,1,0.0,1,4599.0,1,7258.0,1,0.0,1,13602.0,1,4852.0,1,7282.0,1,7184.0,3520.4058,4801.1733,-4599.0
167,2013-04-09,11084.0,1218.0,1.0,1.0,0,0.0,2.0,0.9785565,-0.20597862,0.8660254,-0.5,2,0,0,1,9817.0,1,0.0,1,6729.0,1,0.0,1,13380.0,1,0.0,1,5252.0,1,4735.0,6039.0435,5915.8013,9817.0
167,2013-04-10,9968.0,1169.0,1.0,1.0,0,0.0,3.0,0.9785565,-0.20597862,0.8660254,-0.5,2,0,0,1,11084.0,1,9817.0,1,4599.0,1,8354.0,1,0.0,1,14454.0,1,0.0,1,0.0,8057.026,7064.29,1267.0
167,2013-04-11,7651.0,965.0,1.0,1.0,0,0.0,4.0,0.9785565,-0.20597862,0.8660254,-0.5,2,0,0,1,9968.0,1,11084.0,1,0.0,1,8206.0,1,8962.0,1,13703.0,1,9544.0,1,13157.0,8821.416,7709.559,-1116.0
167,2013-04-12,8591.0,1054.0,1.0,1.0,0,0.0,5.0,0.9785565,-0.20597862,0.8660254,-0.5,2,0,0,1,7651.0,1,9968.0,1,9817.0,1,7258.0,1,0.0,1,13602.0,1,10455.0,1,10533.0,8353.249,7696.546,-2317.0
167,2013-04-13,4245.0,520.0,1.0,0.0,0,0.0,6.0,0.9785565,-0.20597862,0.8660254,-0.5,2,0,0,1,8591.0,1,7651.0,1,11084.0,1,6729.0,1,0.0,1,13380.0,1,11500.0,1,10415.0,8448.35,7895.3135,940.0
167,2013-04-14,0.0,0.0,0.0,0.0,0,0.0,7.0,0.9785565,-0.20597862,0.8660254,-0.5,2,0,0,1,4245.0,1,8591.0,1,9968.0,1,4599.0,1,8354.0,1,0.0,1,9166.0,1,9787.0,6767.01,7084.133,-4346.0
167,2013-04-15,6174.0,843.0,1.0,0.0,0,0.0,1.0,0.94732636,-0.32026985,0.8660254,-0.5,2,0,0,1,0.0,1,4245.0,1,7651.0,1,0.0,1,8206.0,1,8962.0,1,9457.0,1,9703.0,4060.2058,5509.881,-4245.0
167,2013-04-16,6370.0,872.0,1.0,0.0,0,0.0,2.0,0.94732636,-0.32026985,0.8660254,-0.5,2,0,0,1,6174.0,1,0.0,1,8591.0,1,9817.0,1,7258.0,1,0.0,1,4852.0,1,4302.0,4905.7236,5657.463,6174.0
167,2013-04-17,6884.0,929.0,1.0,0.0,0,0.0,3.0,0.94732636,-0.32026985,0.8660254,-0.5,2,0,0,1,6370.0,1,6174.0,1,4245.0,1,11084.0,1,6729.0,1,0.0,1,0.0,1,0.0,5491.434,5815.8047,196.0
167,2013-04-18,6708.0,895.0,1.0,0.0,0,0.0,4.0,0.94732636,-0.32026985,0.8660254,-0.5,2,0,0,1,6884.0,1,6370.0,1,0.0,1,9968.0,1,4599.0,1,8354.0,1,14454.0,1,6117.0,6048.4604,6053.181,514.0
167,2013-04-19,6662.0,898.0,1.0,0.0,0,0.0,5.0,0.94732636,-0.32026985,0.8660254,-0.5,2,0,0,1,6708.0,1,6884.0,1,6174.0,1,7651.0,1,0.0,1,8206.0,1,13703.0,1,6428.0,6312.2764,6198.697,-176.0
167,2013-04-20,4621.0,555.0,1.0,0.0,0,0.0,6.0,0.94732636,-0.32026985,0.8660254,-0.5,2,0,0,1,6662.0,1,6708.0,1,6370.0,1,8591.0,1,9817.0,1,7258.0,1,13602.0,1,6697.0,6452.1655,6301.653,-46.0
167,2013-04-21,0.0,0.0,0.0,0.0,0,0.0,7.0,0.94732636,-0.32026985,0.8660254,-0.5,2,0,0,1,4621.0,1,6662.0,1,6884.0,1,4245.0,1,11084.0,1,6729.0,1,13380.0,1,8588.0,5719.699,5928.1743,-2041.0
167,2013-04-22,10685.0,1214.0,1.0,1.0,0,0.0,1.0,0.9027978,-0.4300652,0.8660254,-0.5,2,0,0,1,0.0,1,4621.0,1,6708.0,1,0.0,1,9968.0,1,4599.0,1,0.0,1,8082.0,3431.8196,4610.8022,-4621.0
167,2013-04-23,10516.0,1146.0,1.0,1.0,0,0.0,2.0,0.9027978,-0.4300652,0.8660254,-0.5,2,0,0,1,10685.0,1,0.0,1,6662.0,1,6174.0,1,7651.0,1,0.0,1,8962.0,1,5030.0,6333.092,5960.624,10685.0
167,2013-04-24,9959.0,1161.0,1.0,1.0,0,0.0,3.0,0.9027978,-0.4300652,0.8660254,-0.5,2,0,0,1,10516.0,1,10685.0,1,4621.0,1,6370.0,1,8591.0,1,9817.0,1,0.0,1,0.0,8006.255,6972.9297,-169.0
167,2013-04-25,8125.0,969.0,1.0,1.0,0,0.0,4.0,0.9027978,-0.4300652,0.8660254,-0.5,2,0,0,1,9959.0,1,10516.0,1,0.0,1,6884.0,1,4245.0,1,11084.0,1,0.0,1,13470.0,8787.354,7636.501,-557.0
167,2013-04-26,8153.0,951.0,1.0,1.0,0,0.0,5.0,0.9027978,-0.4300652,0.8660254,-0.5,2,0,0,1,8125.0,1,9959.0,1,10685.0,1,6708.0,1,0.0,1,9968.0,1,8354.0,1,12435.0,8522.412,7745.056,-1834.0
167,2013-04-27,5313.0,734.0,1.0,0.0,0,0.0,6.0,0.9027978,-0.4300652,0.8660254,-0.5,2,0,0,1,8153.0,1,8125.0,1,10516.0,1,6662.0,1,6174.0,1,7651.0,1,8206.0,1,11084.0,8374.647,7835.7104,28.0
167,2013-04-28,0.0,0.0,0.0,0.0,0,0.0,7.0,0.9027978,-0.4300652,0.8660254,-0.5,2,0,0,1,5313.0,1,8153.0,1,9959.0,1,4621.0,1,6370.0,1,8591.0,1,7258.0,1,10518.0,7149.9883,7275.108,-2840.0
167,2013-04-29,11066.0,1211.0,1.0,1.0,0,0.0,1.0,0.845596,-0.5338234,0.8660254,-0.5,2,0,0,1,0.0,1,5313.0,1,8125.0,1,0.0,1,6884.0,1,4245.0,1,6729.0,1,9011.0,4289.993,5658.4175,-5313.0
167,2013-04-30,12956.0,1402.0,1.0,1.0,0,0.0,2.0,0.845596,-0.5338234,0.8660254,-0.5,2,0,1,1,11066.0,1,0.0,1,8153.0,1,10685.0,1,6708.0,1,0.0,1,4599.0,1,4289.0,7000.396,6860.1025,11066.0
167,2013-05-01,0.0,0.0,0.0,1.0,1,0.0,3.0,0.845596,-0.5338234,0.5,-0.8660254,2,1,0,1,12956.0,1,11066.0,1,5313.0,1,10516.0,1,6662.0,1,6174.0,1,0.0,1,0.0,9382.638,8214.746,1890.0
167,2013-05-02,12555.0,1391.0,1.0,1.0,0,0.0,4.0,0.845596,-0.5338234,0.5,-0.8660254,2,0,0,1,0.0,1,12956.0,1,0.0,1,9959.0,1,4621.0,1,6370.0,1,9817.0,1,5583.0,5629.5825,6389.247,-12956.0
167,2013-05-03,10132.0,1204.0,1.0,1.0,0,0.0,5.0,0.845596,-0.5338234,0.5,-0.8660254,2,0,0,1,12555.0,1,0.0,1,11066.0,1,8125.0,1,0.0,1,6884.0,1,11084.0,1,6979.0,8399.749,7759.4146,12555.0
167,2013-05-04,4632.0,586.0,1.0,0.0,0,0.0,6.0,0.845596,-0.5338234,0.5,-0.8660254,2,0,0,1,10132.0,1,12555.0,1,12956.0,1,8153.0,1,10685.0,1,6708.0,1,9968.0,1,6942.0,9092.649,8286.655,-2423.0
167,2013-05-05,0.0,0.0,0.0,0.0,0,0.0,7.0,0.845596,-0.5338234,0.5,-0.8660254,2,0,0,1,4632.0,1,10132.0,1,0.0,1,5313.0,1,10516.0,1,6662.0,1,7651.0,1,6502.0,7308.3896,7474.51,-5500.0
167,2013-05-06,8213.0,1058.0,1.0,0.0,0,0.0,1.0,0.7765239,-0.63008785,0.5,-0.8660254,2,0,0,1,0.0,1,4632.0,1,12555.0,1,0.0,1,9959.0,1,4621.0,1,8591.0,1,7282.0,4385.0337,5813.508,-4632.0
167,2013-05-07,7422.0,972.0,1.0,0.0,0,0.0,2.0,0.7765239,-0.63008785,0.5,-0.8660254,2,0,0,1,8213.0,1,0.0,1,10132.0,1,11066.0,1,8125.0,1,0.0,1,4245.0,1,5252.0,5916.22,6346.728,8213.0
167,2013-05-08,9452.0,1204.0,1.0,0.0,0,0.0,3.0,0.7765239,-0.63008785,0.5,-0.8660254,2,0,0,1,7422.0,1,8213.0,1,4632.0,1,12956.0,1,8153.0,1,10685.0,1,0.0,1,0.0,6518.532,6585.6777,-791.0
167,2013-05-09,0.0,0.0,0.0,0.0,1,0.0,4.0,0.7765239,-0.63008785,0.5,-0.8660254,2,0,0,1,9452.0,1,7422.0,1,0.0,1,0.0,1,5313.0,1,10516.0,1,6174.0,1,9544.0,7691.9194,7222.638,2030.0
167,2013-05-10,9666.0,1218.0,1.0,0.0,0,1.0,5.0,0.7765239,-0.63008785,0.5,-0.8660254,2,0,0,1,0.0,1,9452.0,1,8213.0,1,12555.0,1,0.0,1,9959.0,1,6370.0,1,10455.0,4615.1514,5617.6074,-9452.0
167,2013-05-11,4163.0,559.0,1.0,0.0,0,0.0,6.0,0.7765239,-0.63008785,0.5,-0.8660254,2,0,0,1,9666.0,1,0.0,1,7422.0,1,10132.0,1,11066.0,1,8125.0,1,6884.0,1,11500.0,6635.4907,6517.25,9666.0
167,2013-05-12,0.0,0.0,0.0,0.0,0,0.0,7.0,0.7765239,-0.63008785,0.5,-0.8660254,2,0,0,1,4163.0,1,9666.0,1,9452.0,1,4632.0,1,12956.0,1,8153.0,1,6708.0,1,9166.0,5646.4946,5994.0835,-5503.0
167,2013-05-13,11219.0,1267.0,1.0,1.0,0,1.0,1.0,0.696551,-0.71750724,0.5,-0.8660254,2,0,0,1,0.0,1,4163.0,1,0.0,1,0.0,1,0.0,1,5313.0,1,6662.0,1,9457.0,3387.8967,4662.065,-4163.0
167,2013-05-14,12028.0,1297.0,1.0,1.0,0,1.0,2.0,0.696551,-0.71750724,0.5,-0.8660254,2,0,0,1,11219.0,1,0.0,1,9666.0,1,8213.0,1,12555.0,1,0.0,1,4621.0,1,4852.0,6520.338,6119.1616,11219.0
167,2013-05-15,9769.0,1159.0,1.0,1.0,0,1.0,3.0,0.696551,-0.71750724,0.5,-0.8660254,2,0,0,1,12028.0,1,11219.0,1,4163.0,1,7422.0,1,10132.0,1,11066.0,1,0.0,1,0.0,8723.402,7432.237,809.0
167,2013-05-16,9308.0,1117.0,1.0,1.0,0,1.0,4.0,0.696551,-0.71750724,0.5,-0.8660254,2,0,0,1,9769.0,1,12028.0,1,0.0,1,9452.0,1,4632.0,1,12956.0,1,10685.0,1,14454.0,9141.642,7951.5176,-2259.0
167,2013-05-17,7862.0,969.0,1.0,1.0,0,1.0,5.0,0.696551,-0.71750724,0.5,-0.8660254,2,0,0,1,9308.0,1,9769.0,1,11219.0,1,0.0,1,0.0,1,0.0,1,10516.0,1,13703.0,9208.185,8252.958,-461.0
167,2013-05-18,4281.0,512.0,1.0,0.0,0,0.0,6.0,0.696551,-0.71750724,0.5,-0.8660254,2,0,0,1,7862.0,1,9308.0,1,12028.0,1,9666.0,1,8213.0,1,12555.0,1,9959.0,1,13602.0,8669.711,8166.0786,-1446.0
167,2013-05-19,0.0,0.0,0.0,0.0,0,0.0,7.0,0.696551,-0.71750724,0.5,-0.8660254,2,0,0,1,4281.0,1,7862.0,1,9769.0,1,4163.0,1,7422.0,1,10132.0,1,8125.0,1,13380.0,6914.2266,7302.7275,-3581.0
167,2013-05-20,0.0,0.0,0.0,0.0,1,0.0,1.0,0.60680014,-0.79485446,0.5,-0.8660254,2,0,0,1,0.0,1,4281.0,1,9308.0,1,0.0,1,9452.0,1,4632.0,1,8153.0,1,0.0,4148.536,5679.8994,-4281.0
167,2013-05-21,7310.0,1025.0,1.0,0.0,0,0.0,2.0,0.60680014,-0.79485446,0.5,-0.8660254,2,0,0,1,0.0,1,0.0,1,7862.0,1,11219.0,1,0.0,1,0.0,1,5313.0,1,8962.0,2489.1216,4417.6997,0.0
167,2013-05-22,5755.0,731.0,1.0,0.0,0,0.0,3.0,0.60680014,-0.79485446,0.5,-0.8660254,2,0,0,1,7310.0,1,0.0,1,4281.0,1,12028.0,1,9666.0,1,8213.0,1,0.0,1,0.0,4417.473,5060.433,7310.0
167,2013-05-23,7748.0,1025.0,1.0,0.0,0,0.0,4.0,0.60680014,-0.79485446,0.5,-0.8660254,2,0,0,1,5755.0,1,7310.0,1,0.0,1,9769.0,1,4163.0,1,7422.0,1,11066.0,1,0.0,4952.484,5214.7812,-1555.0
167,2013-05-24,6993.0,917.0,1.0,0.0,0,0.0,5.0,0.60680014,-0.79485446,0.5,-0.8660254,2,0,0,1,7748.0,1,5755.0,1,0.0,1,9308.0,1,0.0,1,9452.0,1,12956.0,1,8354.0,6070.6904,5777.7188,1993.0
167,2013-05-25,4161.0,506.0,1.0,0.0,0,0.0,6.0,0.60680014,-0.79485446,0.5,-0.8660254,2,0,0,1,6993.0,1,7748.0,1,7310.0,1,7862.0,1,11219.0,1,0.0,1,0.0,1,8206.0,6439.6143,6047.7812,-755.0
167,2013-05-26,0.0,0.0,0.0,0.0,0,0.0,7.0,0.60680014,-0.79485446,0.5,-0.8660254,2,0,0,1,4161.0,1,6993.0,1,5755.0,1,4281.0,1,12028.0,1,9666.0,1,12555.0,1,7258.0,5528.1685,5628.4966,-2832.0
167,2013-05-27,12499.0,1322.0,1.0,1.0,0,0.0,1.0,0.5085311,-0.86104363,0.5,-0.8660254,2,0,0,1,0.0,1,4161.0,1,7748.0,1,0.0,1,9769.0,1,4163.0,1,10132.0,1,6729.0,3316.9011,4377.7197,-4161.0
167,2013-05-28,11664.0,1227.0,1.0,1.0,0,0.0,2.0,0.5085311,-0.86104363,0.5,-0.8660254,2,0,0,1,12499.0,1,0.0,1,6993.0,1,0.0,1,9308.0,1,0.0,1,4632.0,1,4599.0,6989.7407,6182.4487,12499.0
167,2013-05-29,11384.0,1204.0,1.0,1.0,0,0.0,3.0,0.5085311,-0.86104363,0.5,-0.8660254,2,0,0,1,11664.0,1,12499.0,1,4161.0,1,7310.0,1,7862.0,1,11219.0,1,0.0,1,0.0,8859.444,7400.5713,-835.0
167,2013-05-30,9764.0,1146.0,1.0,1.0,0,0.0,4.0,0.5085311,-0.86104363,0.5,-0.8660254,2,0,0,1,11384.0,1,11664.0,1,0.0,1,5755.0,1,4281.0,1,12028.0,1,8213.0,1,9817.0,9869.267,8285.777,-280.0
167,2013-05-31,10708.0,1177.0,1.0,1.0,0,0.0,5.0,0.5085311,-0.86104363,0.5,-0.8660254,2,0,1,1,9764.0,1,11384.0,1,12499.0,1,7748.0,1,0.0,1,9769.0,1,7422.0,1,11084.0,9827.16,8614.271,-1620.0
167,2013-06-01,5223.0,632.0,1.0,0.0,0,0.0,6.0,0.5085311,-0.86104363,1.2246469e-16,-1.0,2,1,0,1,10708.0,1,9764.0,1,11664.0,1,6993.0,1,0.0,1,9308.0,1,9452.0,1,9968.0,10179.496,9079.544,944.0
167,2013-06-02,0.0,0.0,0.0,0.0,0,0.0,7.0,0.5085311,-0.86104363,1.2246469e-16,-1.0,2,0,0,1,5223.0,1,10708.0,1,11384.0,1,4161.0,1,7310.0,1,7862.0,1,0.0,1,7651.0,8196.897,8222.534,-5485.0
167,2013-06-03,11444.0,1303.0,1.0,1.0,0,0.0,1.0,0.40312344,-0.91514564,1.2246469e-16,-1.0,2,0,0,1,0.0,1,5223.0,1,9764.0,1,0.0,1,5755.0,1,4281.0,1,9666.0,1,8591.0,4918.1387,6395.3047,-5223.0
167,2013-06-04,11062.0,1284.0,1.0,1.0,0,0.0,2.0,0.40312344,-0.91514564,1.2246469e-16,-1.0,2,0,0,1,11444.0,1,0.0,1,10708.0,1,12499.0,1,7748.0,1,0.0,1,4163.0,1,4245.0,7528.483,7517.237,11444.0
167,2013-06-05,9315.0,1138.0,1.0,1.0,0,0.0,3.0,0.40312344,-0.91514564,1.2246469e-16,-1.0,2,0,0,1,11062.0,1,11444.0,1,5223.0,1,11664.0,1,6993.0,1,0.0,1,0.0,1,0.0,8941.89,8304.962,-382.0
167,2013-06-06,9226.0,1129.0,1.0,1.0,0,0.0,4.0,0.40312344,-0.91514564,1.2246469e-16,-1.0,2,0,0,1,9315.0,1,11062.0,1,0.0,1,11384.0,1,4161.0,1,7310.0,1,11219.0,1,6174.0,9091.134,8529.415,-1747.0
167,2013-06-07,7846.0,1024.0,1.0,1.0,0,0.0,5.0,0.40312344,-0.91514564,1.2246469e-16,-1.0,2,0,0,1,9226.0,1,9315.0,1,11444.0,1,9764.0,1,0.0,1,5755.0,1,12028.0,1,6370.0,9145.08,8684.212,-89.0
167,2013-06-08,4903.0,745.0,1.0,0.0,0,0.0,6.0,0.40312344,-0.91514564,1.2246469e-16,-1.0,2,0,0,1,7846.0,1,9226.0,1,11062.0,1,10708.0,1,12499.0,1,7748.0,1,9769.0,1,6884.0,8625.448,8497.942,-1380.0
167,2013-06-09,0.0,0.0,0.0,0.0,0,0.0,7.0,0.40312344,-0.91514564,1.2246469e-16,-1.0,2,0,0,1,4903.0,1,7846.0,1,9315.0,1,5223.0,1,11664.0,1,6993.0,1,9308.0,1,6708.0,7136.4688,7699.0664,-2943.0
167,2013-06-10,5949.0,744.0,1.0,0.0,0,0.0,1.0,0.29205677,-0.956401,1.2246469e-16,-1.0,2,0,0,1,0.0,1,4903.0,1,9226.0,1,0.0,1,11384.0,1,4161.0,1,7862.0,1,6662.0,4281.8813,5988.1626,-4903.0
167,2013-06-11,6991.0,936.0,1.0,0.0,0,0.0,2.0,0.29205677,-0.956401,1.2246469e-16,-1.0,2,0,0,1,5949.0,1,0.0,1,7846.0,1,11444.0,1,9764.0,1,0.0,1,4281.0,1,4621.0,4948.729,5979.46,5949.0
167,2013-06-12,7574.0,984.0,1.0,0.0,0,0.0,3.0,0.29205677,-0.956401,1.2246469e-16,-1.0,2,0,0,1,6991.0,1,5949.0,1,4903.0,1,11062.0,1,10708.0,1,12499.0,1,0.0,1,0.0,5765.637,6204.2466,1042.0
167,2013-06-13,6320.0,893.0,1.0,0.0,0,0.0,4.0,0.29205677,-0.956401,1.2246469e-16,-1.0,2,0,0,1,7574.0,1,6991.0,1,0.0,1,9315.0,1,5223.0,1,11664.0,1,0.0,1,10685.0,6488.9824,6508.636,583.0
167,2013-06-14,7135.0,925.0,1.0,0.0,0,0.0,5.0,0.29205677,-0.956401,1.2246469e-16,-1.0,2,0,0,1,6320.0,1,7574.0,1,5949.0,1,9226.0,1,0.0,1,11384.0,1,7310.0,1,10516.0,6421.3896,6466.7173,-1254.0
167,2013-06-15,4973.0,589.0,1.0,0.0,0,0.0,6.0,0.29205677,-0.956401,1.2246469e-16,-1.0,2,0,0,1,7135.0,1,6320.0,1,6991.0,1,7846.0,1,11444.0,1,9764.0,1,5755.0,1,9959.0,6706.8335,6615.2246,815.0
167,2013-06-16,0.0,0.0,0.0,0.0,0,0.0,7.0,0.29205677,-0.956401,1.2246469e-16,-1.0,2,0,0,1,4973.0,1,7135.0,1,7574.0,1,4903.0,1,11062.0,1,10708.0,1,7748.0,1,8125.0,6013.3003,6250.2856,-2162.0
167,2013-06-17,11860.0,1287.0,1.0,1.0,0,0.0,1.0,0.17689027,-0.9842306,1.2246469e-16,-1.0,2,0,0,1,0.0,1,4973.0,1,6320.0,1,0.0,1,9315.0,1,5223.0,1,6993.0,1,8153.0,3607.9802,4861.3335,-4973.0
167,2013-06-18,10968.0,1235.0,1.0,1.0,0,0.0,2.0,0.17689027,-0.9842306,1.2246469e-16,-1.0,2,0,0,1,11860.0,1,0.0,1,7135.0,1,5949.0,1,9226.0,1,0.0,1,4161.0,1,5313.0,6908.788,6416.593,11860.0
167,2013-06-19,9191.0,1115.0,1.0,1.0,0,0.0,3.0,0.17689027,-0.9842306,1.2246469e-16,-1.0,2,0,0,1,10968.0,1,11860.0,1,4973.0,1,6991.0,1,7846.0,1,11444.0,1,0.0,1,0.0,8532.473,7428.0166,-892.0
167,2013-06-20,8857.0,1019.0,1.0,1.0,0,0.0,4.0,0.17689027,-0.9842306,1.2246469e-16,-1.0,2,0,0,1,9191.0,1,10968.0,1,0.0,1,7574.0,1,4903.0,1,11062.0,1,12499.0,1,11066.0,8795.884,7819.7905,-1777.0
167,2013-06-21,9527.0,1097.0,1.0,1.0,0,0.0,5.0,0.17689027,-0.9842306,1.2246469e-16,-1.0,2,0,0,1,8857.0,1,9191.0,1,11860.0,1,6320.0,1,0.0,1,9315.0,1,11664.0,1,12956.0,8820.33,8050.2817,-334.0
167,2013-06-22,5548.0,619.0,1.0,0.0,0,0.0,6.0,0.17689027,-0.9842306,1.2246469e-16,-1.0,2,0,0,1,9527.0,1,8857.0,1,10968.0,1,7135.0,1,5949.0,1,9226.0,1,11384.0,1,0.0,9102.998,8378.441,670.0
167,2013-06-23,0.0,0.0,0.0,0.0,0,0.0,7.0,0.17689027,-0.9842306,1.2246469e-16,-1.0,2,0,0,1,5548.0,1,9527.0,1,9191.0,1,4973.0,1,6991.0,1,7846.0,1,9764.0,1,12555.0,7680.999,7749.454,-3979.0
167,2013-06-24,7457.0,962.0,1.0,0.0,0,0.0,1.0,0.059240628,-0.99824375,1.2246469e-16,-1.0,2,0,0,1,0.0,1,5548.0,1,8857.0,1,0.0,1,7574.0,1,4903.0,1,10708.0,1,10132.0,4608.599,6027.3535,-5548.0
167,2013-06-25,7231.0,910.0,1.0,0.0,0,0.0,2.0,0.059240628,-0.99824375,1.2246469e-16,-1.0,2,0,0,1,7457.0,1,0.0,1,9527.0,1,11860.0,1,6320.0,1,0.0,1,5223.0,1,4632.0,5747.9595,6345.0527,7457.0
167,2013-06-26,7037.0,953.0,1.0,0.0,0,0.0,3.0,0.059240628,-0.99824375,1.2246469e-16,-1.0,2,0,0,1,7231.0,1,7457.0,1,5548.0,1,10968.0,1,7135.0,1,5949.0,1,0.0,1,0.0,6341.176,6541.9297,-226.0
167,2013-06-27,7165.0,960.0,1.0,0.0,0,0.0,4.0,0.059240628,-0.99824375,1.2246469e-16,-1.0,2,0,0,1,7037.0,1,7231.0,1,0.0,1,9191.0,1,4973.0,1,6991.0,1,11444.0,1,8213.0,6619.5054,6651.9453,-194.0
167,2013-06-28,8080.0,1017.0,1.0,0.0,0,0.0,5.0,0.059240628,-0.99824375,1.2246469e-16,-1.0,2,0,0,1,7165.0,1,7037.0,1,7457.0,1,8857.0,1,0.0,1,7574.0,1,11062.0,1,7422.0,6837.703,6765.9575,128.0
167,2013-06-29,5386.0,591.0,1.0,0.0,0,0.0,6.0,0.059240628,-0.99824375,1.2246469e-16,-1.0,2,0,0,1,8080.0,1,7165.0,1,7231.0,1,9527.0,1,11860.0,1,6320.0,1,9315.0,1,9452.0,7334.622,7057.967,915.0
167,2013-06-30,0.0,0.0,0.0,0.0,0,0.0,7.0,0.059240628,-0.99824375,1.2246469e-16,-1.0,2,0,1,1,5386.0,1,8080.0,1,7037.0,1,5548.0,1,10968.0,1,7135.0,1,9226.0,1,0.0,6555.1733,6686.419,-2694.0
167,2013-07-01,14656.0,1525.0,1.0,1.0,0,0.0,1.0,-0.059240628,-0.99824375,-0.5,-0.8660254,3,1,0,1,0.0,1,5386.0,1,7165.0,1,0.0,1,9191.0,1,4973.0,1,7846.0,1,9666.0,3933.104,5200.548,-5386.0
167,2013-07-02,12720.0,1394.0,1.0,1.0,0,0.0,2.0,-0.059240628,-0.99824375,-0.5,-0.8660254,3,0,0,1,14656.0,1,0.0,1,8080.0,1,7457.0,1,8857.0,1,0.0,1,4903.0,1,4163.0,8222.263,7301.7593,14656.0
167,2013-07-03,11604.0,1284.0,1.0,1.0,0,0.0,3.0,-0.059240628,-0.99824375,-0.5,-0.8660254,3,0,0,1,12720.0,1,14656.0,1,5386.0,1,7231.0,1,9527.0,1,11860.0,1,0.0,1,0.0,10021.357,8505.8125,-1936.0
167,2013-07-04,10253.0,1164.0,1.0,1.0,0,0.0,4.0,-0.059240628,-0.99824375,-0.5,-0.8660254,3,0,0,1,11604.0,1,12720.0,1,0.0,1,7037.0,1,5548.0,1,10968.0,1,5949.0,1,11219.0,10654.414,9194.299,-1116.0
167,2013-07-05,10411.0,1162.0,1.0,1.0,0,0.0,5.0,-0.059240628,-0.99824375,-0.5,-0.8660254,3,0,0,1,10253.0,1,11604.0,1,14656.0,1,7165.0,1,0.0,1,9191.0,1,6991.0,1,12028.0,10493.849,9429.565,-1351.0
167,2013-07-06,5186.0,625.0,1.0,0.0,0,0.0,6.0,-0.059240628,-0.99824375,-0.5,-0.8660254,3,0,0,1,10411.0,1,10253.0,1,12720.0,1,8080.0,1,7457.0,1,8857.0,1,7574.0,1,9769.0,10460.709,9647.662,158.0
167,2013-07-07,0.0,0.0,0.0,0.0,0,0.0,7.0,-0.059240628,-0.99824375,-0.5,-0.8660254,3,0,0,1,5186.0,1,10411.0,1,11604.0,1,5386.0,1,7231.0,1,9527.0,1,6320.0,1,9308.0,8350.825,8656.182,-5225.0
167,2013-07-08,7965.0,1005.0,1.0,0.0,0,0.0,1.0,-0.17689027,-0.9842306,-0.5,-0.8660254,3,0,0,1,0.0,1,5186.0,1,10253.0,1,0.0,1,7037.0,1,5548.0,1,7135.0,1,7862.0,5010.495,6732.586,-5186.0
167,2013-07-09,8266.0,1011.0,1.0,0.0,0,0.0,2.0,-0.17689027,-0.9842306,-0.5,-0.8660254,3,0,0,1,7965.0,1,0.0,1,10411.0,1,14656.0,1,7165.0,1,0.0,1,4973.0,1,4281.0,6192.2974,7006.4556,7965.0
167,2013-07-10,8777.0,1097.0,1.0,0.0,0,0.0,3.0,-0.17689027,-0.9842306,-0.5,-0.8660254,3,0,0,1,8266.0,1,7965.0,1,5186.0,1,12720.0,1,8080.0,1,7457.0,1,0.0,1,0.0,7021.7783,7286.3545,301.0
167,2013-07-11,7300.0,981.0,1.0,0.0,0,0.0,4.0,-0.17689027,-0.9842306,-0.5,-0.8660254,3,0,0,1,8777.0,1,8266.0,1,0.0,1,11604.0,1,5386.0,1,7231.0,1,11860.0,1,0.0,7723.867,7617.609,511.0
167,2013-07-12,7046.0,946.0,1.0,0.0,0,0.0,5.0,-0.17689027,-0.9842306,-0.5,-0.8660254,3,0,0,1,7300.0,1,8777.0,1,7965.0,1,10253.0,1,0.0,1,7037.0,1,10968.0,1,7310.0,7554.3203,7547.0293,-1477.0
167,2013-07-13,4659.0,594.0,1.0,0.0,0,0.0,6.0,-0.17689027,-0.9842306,-0.5,-0.8660254,3,0,0,1,7046.0,1,7300.0,1,8266.0,1,10411.0,1,14656.0,1,7165.0,1,9191.0,1,5755.0,7350.992,7435.6895,-254.0
167,2013-07-14,0.0,0.0,0.0,0.0,0,0.0,7.0,-0.17689027,-0.9842306,-0.5,-0.8660254,3,0,0,1,4659.0,1,7046.0,1,8777.0,1,5186.0,1,12720.0,1,8080.0,1,8857.0,1,7748.0,6274.1953,6818.6475,-2387.0
167,2013-07-15,14740.0,1520.0,1.0,1.0,0,1.0,1.0,-0.29205677,-0.956401,-0.5,-0.8660254,3,0,0,1,0.0,1,4659.0,1,7300.0,1,0.0,1,11604.0,1,5386.0,1,9527.0,1,6993.0,3764.517,5303.3926,-4659.0
167,2013-07-16,12425.0,1347.0,1.0,1.0,0,1.0,2.0,-0.29205677,-0.956401,-0.5,-0.8660254,3,0,0,1,14740.0,1,0.0,1,7046.0,1,7965.0,1,10253.0,1,0.0,1,5548.0,1,4161.0,8154.7104,7400.4165,14740.0
167,2013-07-17,11130.0,1214.0,1.0,1.0,0,1.0,3.0,-0.29205677,-0.956401,-0.5,-0.8660254,3,0,0,1,12425.0,1,14740.0,1,4659.0,1,8266.0,1,10411.0,1,14656.0,1,0.0,1,0.0,9862.826,8516.99,-2315.0
167,2013-07-18,9928.0,1099.0,1.0,1.0,0,1.0,4.0,-0.29205677,-0.956401,-0.5,-0.8660254,3,0,0,1,11130.0,1,12425.0,1,0.0,1,8777.0,1,5186.0,1,12720.0,1,7457.0,1,12499.0,10369.695,9097.659,-1295.0
167,2013-07-19,8929.0,1043.0,1.0,1.0,0,1.0,5.0,-0.29205677,-0.956401,-0.5,-0.8660254,3,0,0,1,9928.0,1,11130.0,1,14740.0,1,7300.0,1,0.0,1,11604.0,1,7231.0,1,11664.0,10193.018,9282.18,-1202.0
167,2013-07-20,4981.0,564.0,1.0,0.0,0,0.0,6.0,-0.29205677,-0.956401,-0.5,-0.8660254,3,0,0,1,8929.0,1,9928.0,1,12425.0,1,7046.0,1,7965.0,1,10253.0,1,7037.0,1,11384.0,9687.41,9203.695,-999.0
167,2013-07-21,0.0,0.0,0.0,0.0,0,0.0,7.0,-0.29205677,-0.956401,-0.5,-0.8660254,3,0,0,1,4981.0,1,8929.0,1,11130.0,1,4659.0,1,8266.0,1,10411.0,1,7165.0,1,9764.0,7804.846,8265.318,-3948.0
167,2013-07-22,7026.0,912.0,1.0,0.0,0,1.0,1.0,-0.40312344,-0.91514564,-0.5,-0.8660254,3,0,0,1,0.0,1,4981.0,1,9928.0,1,0.0,1,8777.0,1,5186.0,1,8080.0,1,10708.0,4682.9077,6428.581,-4981.0
167,2013-07-23,7066.0,936.0,1.0,0.0,0,1.0,2.0,-0.40312344,-0.91514564,-0.5,-0.8660254,3,0,0,1,7026.0,1,0.0,1,8929.0,1,14740.0,1,7300.0,1,0.0,1,5386.0,1,5223.0,5620.1445,6561.341,7026.0
167,2013-07-24,7002.0,898.0,1.0,0.0,0,1.0,3.0,-0.40312344,-0.91514564,-0.5,-0.8660254,3,0,0,1,7066.0,1,7026.0,1,4981.0,1,12425.0,1,7046.0,1,7965.0,1,0.0,1,0.0,6198.487,6673.4873,40.0
167,2013-07-25,6503.0,857.0,1.0,0.0,0,1.0,4.0,-0.40312344,-0.91514564,-0.5,-0.8660254,3,0,0,1,7002.0,1,7066.0,1,0.0,1,11130.0,1,4659.0,1,8266.0,1,14656.0,1,11444.0,6519.892,6746.49,-64.0
167,2013-07-26,6537.0,830.0,1.0,0.0,0,1.0,5.0,-0.40312344,-0.91514564,-0.5,-0.8660254,3,0,0,1,6503.0,1,7002.0,1,7026.0,1,9928.0,1,0.0,1,8777.0,1,12720.0,1,11062.0,6513.1353,6692.3813,-499.0
167,2013-07-27,4198.0,480.0,1.0,0.0,0,0.0,6.0,-0.40312344,-0.91514564,-0.5,-0.8660254,3,0,0,1,6537.0,1,6503.0,1,7066.0,1,8929.0,1,14740.0,1,7300.0,1,11604.0,1,9315.0,6522.681,6657.852,34.0
167,2013-07-28,0.0,0.0,0.0,0.0,0,0.0,7.0,-0.40312344,-0.91514564,-0.5,-0.8660254,3,0,0,1,4198.0,1,6537.0,1,7002.0,1,4981.0,1,12425.0,1,7046.0,1,10253.0,1,9226.0,5592.8086,6111.2183,-2339.0
167,2013-07-29,13554.0,1358.0,1.0,1.0,0,1.0,1.0,-0.5085311,-0.86104363,-0.5,-0.8660254,3,0,0,1,0.0,1,4198.0,1,6503.0,1,0.0,1,11130.0,1,4659.0,1,10411.0,1,7846.0,3355.6853,4753.17,-4198.0
167,2013-07-30,12782.0,1331.0,1.0,1.0,0,1.0,2.0,-0.5085311,-0.86104363,-0.5,-0.8660254,3,0,0,1,13554.0,1,0.0,1,6537.0,1,7026.0,1,9928.0,1,0.0,1,5186.0,1,4903.0,7435.011,6708.9097,13554.0
167,2013-07-31,13783.0,1439.0,1.0,1.0,0,1.0,3.0,-0.5085311,-0.86104363,-0.5,-0.8660254,3,0,1,1,12782.0,1,13554.0,1,4198.0,1,7066.0,1,8929.0,1,14740.0,1,0.0,1,0.0,9573.807,8058.4854,-772.0
167,2013-08-01,11705.0,1311.0,1.0,1.0,0,1.0,4.0,-0.5085311,-0.86104363,-0.8660254,-0.5,3,1,0,1,13783.0,1,12782.0,1,0.0,1,7002.0,1,4981.0,1,12425.0,1,7965.0,1,5949.0,11257.484,9330.6,1001.0
167,2013-08-02,9190.0,1043.0,1.0,1.0,0,1.0,5.0,-0.5085311,-0.86104363,-0.8660254,-0.5,3,0,0,1,11705.0,1,13783.0,1,13554.0,1,6503.0,1,0.0,1,11130.0,1,8266.0,1,6991.0,11436.49,9858.244,-2078.0
167,2013-08-03,4617.0,568.0,1.0,0.0,0,0.0,6.0,-0.5085311,-0.86104363,-0.8660254,-0.5,3,0,0,1,9190.0,1,11705.0,1,12782.0,1,6537.0,1,7026.0,1,9928.0,1,8777.0,1,7574.0,10537.895,9709.745,-2515.0
167,2013-08-04,0.0,0.0,0.0,0.0,0,0.0,7.0,-0.5085311,-0.86104363,-0.8660254,-0.5,3,0,0,1,4617.0,1,9190.0,1,13783.0,1,4198.0,1,7066.0,1,8929.0,1,7300.0,1,6320.0,8169.5366,8578.024,-4573.0
167,2013-08-05,7915.0,990.0,1.0,0.0,0,1.0,1.0,-0.60680014,-0.79485446,-0.8660254,-0.5,3,0,0,1,0.0,1,4617.0,1,11705.0,1,0.0,1,7002.0,1,4981.0,1,7046.0,1,7135.0,4901.722,6671.797,-4617.0
167,2013-08-06,7531.0,947.0,1.0,0.0,0,1.0,2.0,-0.60680014,-0.79485446,-0.8660254,-0.5,3,0,0,1,7915.0,1,0.0,1,9190.0,1,13554.0,1,6503.0,1,0.0,1,4659.0,1,4973.0,6107.033,6948.064,7915.0
167,2013-08-07,7578.0,1021.0,1.0,0.0,0,1.0,3.0,-0.60680014,-0.79485446,-0.8660254,-0.5,3,0,0,1,7531.0,1,7915.0,1,4617.0,1,12782.0,1,6537.0,1,7026.0,1,0.0,1,0.0,6676.62,7077.6055,-384.0
167,2013-08-08,7238.0,933.0,1.0,0.0,0,1.0,4.0,-0.60680014,-0.79485446,-0.8660254,-0.5,3,0,0,1,7578.0,1,7531.0,1,0.0,1,13783.0,1,4198.0,1,7066.0,1,14740.0,1,11860.0,7037.172,7188.804,47.0
167,2013-08-09,7730.0,928.0,1.0,0.0,0,1.0,5.0,-0.60680014,-0.79485446,-0.8660254,-0.5,3,0,0,1,7238.0,1,7578.0,1,7915.0,1,11705.0,1,0.0,1,7002.0,1,12425.0,1,10968.0,7117.503,7199.737,-340.0
167,2013-08-10,4170.0,536.0,1.0,0.0,0,0.0,6.0,-0.60680014,-0.79485446,-0.8660254,-0.5,3,0,0,1,7730.0,1,7238.0,1,7531.0,1,9190.0,1,13554.0,1,6503.0,1,11130.0,1,9191.0,7362.502,7317.5728,492.0
167,2013-08-11,0.0,0.0,0.0,0.0,0,0.0,7.0,-0.60680014,-0.79485446,-0.8660254,-0.5,3,0,0,1,4170.0,1,7730.0,1,7578.0,1,4617.0,1,12782.0,1,6537.0,1,9928.0,1,8857.0,6085.501,6618.1123,-3560.0
167,2013-08-12,14126.0,1439.0,1.0,1.0,0,1.0,1.0,-0.696551,-0.71750724,-0.8660254,-0.5,3,0,0,1,0.0,1,4170.0,1,7238.0,1,0.0,1,13783.0,1,4198.0,1,8929.0,1,9527.0,3651.3008,5147.4204,-4170.0
167,2013-08-13,12147.0,1328.0,1.0,1.0,0,1.0,2.0,-0.696551,-0.71750724,-0.8660254,-0.5,3,0,0,1,14126.0,1,0.0,1,7730.0,1,7915.0,1,11705.0,1,0.0,1,4981.0,1,5548.0,7841.18,7142.6606,14126.0
167,2013-08-14,10993.0,1248.0,1.0,1.0,0,1.0,3.0,-0.696551,-0.71750724,-0.8660254,-0.5,3,0,0,1,12147.0,1,14126.0,1,4170.0,1,7531.0,1,9190.0,1,13554.0,1,0.0,1,0.0,9563.508,8254.736,-1979.0
167,2013-08-15,10937.0,1248.0,1.0,1.0,0,1.0,4.0,-0.696551,-0.71750724,-0.8660254,-0.5,3,0,0,1,10993.0,1,12147.0,1,0.0,1,7578.0,1,4617.0,1,12782.0,1,7026.0,1,7457.0,10135.305,8863.239,-1154.0
167,2013-08-16,8676.0,1016.0,1.0,1.0,0,1.0,5.0,-0.696551,-0.71750724,-0.8660254,-0.5,3,0,0,1,10937.0,1,10993.0,1,14126.0,1,7238.0,1,0.0,1,13783.0,1,7066.0,1,7231.0,10455.983,9324.075,-56.0
167,2013-08-17,4035.0,523.0,1.0,0.0,0,0.0,6.0,-0.696551,-0.71750724,-0.8660254,-0.5,3,0,0,1,8676.0,1,10937.0,1,12147.0,1,7730.0,1,7915.0,1,11705.0,1,7002.0,1,7037.0,9743.99,9180.059,-2261.0
167,2013-08-18,0.0,0.0,0.0,0.0,0,0.0,7.0,-0.696551,-0.71750724,-0.8660254,-0.5,3,0,0,1,4035.0,1,8676.0,1,10993.0,1,4170.0,1,7531.0,1,9190.0,1,6503.0,1,7165.0,7460.394,8036.712,-4641.0
167,2013-08-19,6815.0,873.0,1.0,0.0,0,1.0,1.0,-0.7765239,-0.63008785,-0.8660254,-0.5,3,0,0,1,0.0,1,4035.0,1,10937.0,1,0.0,1,7578.0,1,4617.0,1,6537.0,1,8080.0,4476.2363,6250.776,-4035.0
167,2013-08-20,6967.0,954.0,1.0,0.0,0,1.0,2.0,-0.7765239,-0.63008785,-0.8660254,-0.5,3,0,0,1,6815.0,1,0.0,1,8676.0,1,14126.0,1,7238.0,1,0.0,1,4198.0,1,5386.0,5411.7417,6376.159,6815.0
167,2013-08-21,7346.0,1009.0,1.0,0.0,0,1.0,3.0,-0.7765239,-0.63008785,-0.8660254,-0.5,3,0,0,1,6967.0,1,6815.0,1,4035.0,1,12147.0,1,7730.0,1,7915.0,1,0.0,1,0.0,6033.845,6507.457,152.0
167,2013-08-22,6750.0,933.0,1.0,0.0,0,1.0,4.0,-0.7765239,-0.63008785,-0.8660254,-0.5,3,0,0,1,7346.0,1,6967.0,1,0.0,1,10993.0,1,4170.0,1,7531.0,1,13554.0,1,14656.0,6558.707,6693.8,379.0
167,2013-08-23,6748.0,850.0,1.0,0.0,0,1.0,5.0,-0.7765239,-0.63008785,-0.8660254,-0.5,3,0,0,1,6750.0,1,7346.0,1,6815.0,1,10937.0,1,0.0,1,7578.0,1,12782.0,1,12720.0,6635.224,6706.289,-596.0
167,2013-08-24,4409.0,587.0,1.0,0.0,0,0.0,6.0,-0.7765239,-0.63008785,-0.8660254,-0.5,3,0,0,1,6748.0,1,6750.0,1,6967.0,1,8676.0,1,14126.0,1,7238.0,1,13783.0,1,11604.0,6680.3345,6715.558,-2.0
167,2013-08-25,0.0,0.0,0.0,0.0,0,0.0,7.0,-0.7765239,-0.63008785,-0.8660254,-0.5,3,0,0,1,4409.0,1,6748.0,1,7346.0,1,4035.0,1,12147.0,1,7730.0,1,11705.0,1,10253.0,5771.801,6202.9897,-2339.0
167,2013-08-26,14518.0,1518.0,1.0,1.0,0,1.0,1.0,-0.845596,-0.5338234,-0.8660254,-0.5,3,0,0,1,0.0,1,4409.0,1,6750.0,1,0.0,1,10993.0,1,4170.0,1,9190.0,1,10411.0,3463.0803,4824.5474,-4409.0
167,2013-08-27,12204.0,1296.0,1.0,1.0,0,1.0,2.0,-0.845596,-0.5338234,-0.8660254,-0.5,3,0,0,1,14518.0,1,0.0,1,6748.0,1,6815.0,1,10937.0,1,0.0,1,4617.0,1,5186.0,7885.0483,6978.648,14518.0
167,2013-08-28,13119.0,1333.0,1.0,1.0,0,1.0,3.0,-0.845596,-0.5338234,-0.8660254,-0.5,3,0,0,1,12204.0,1,14518.0,1,4409.0,1,6967.0,1,8676.0,1,14126.0,1,0.0,1,0.0,9612.629,8139.8374,-2314.0
167,2013-08-29,10722.0,1247.0,1.0,1.0,0,0.0,4.0,-0.845596,-0.5338234,-0.8660254,-0.5,3,0,0,1,13119.0,1,12204.0,1,0.0,1,7346.0,1,4035.0,1,12147.0,1,7915.0,1,7965.0,11015.178,9246.318,915.0
167,2013-08-30,11212.0,1263.0,1.0,1.0,0,0.0,5.0,-0.845596,-0.5338234,-0.8660254,-0.5,3,0,0,1,10722.0,1,13119.0,1,14518.0,1,6750.0,1,0.0,1,10993.0,1,7531.0,1,8266.0,10897.906,9574.247,-2397.0
167,2013-08-31,5105.0,625.0,1.0,0.0,0,0.0,6.0,-0.845596,-0.5338234,-0.8660254,-0.5,3,0,1,1,11212.0,1,10722.0,1,12204.0,1,6748.0,1,6815.0,1,10937.0,1,7578.0,1,8777.0,11023.544,9938.192,490.0
167,2013-09-01,0.0,0.0,0.0,0.0,0,0.0,7.0,-0.845596,-0.5338234,-1.0,-1.8369701e-16,3,1,0,1,5105.0,1,11212.0,1,13119.0,1,4409.0,1,6967.0,1,8676.0,1,7238.0,1,7300.0,8656.126,8864.149,-6107.0
167,2013-09-02,7252.0,961.0,1.0,0.0,0,0.0,1.0,-0.9027978,-0.4300652,-1.0,-1.8369701e-16,3,0,0,1,0.0,1,5105.0,1,10722.0,1,0.0,1,7346.0,1,4035.0,1,7730.0,1,7046.0,5193.676,6894.3384,-5105.0
167,2013-09-03,7554.0,973.0,1.0,0.0,0,0.0,2.0,-0.9027978,-0.4300652,-1.0,-1.8369701e-16,3,0,0,1,7252.0,1,0.0,1,11212.0,1,14518.0,1,6750.0,1,0.0,1,4170.0,1,4659.0,6017.0054,6973.819,7252.0
167,2013-09-04,7525.0,1037.0,1.0,0.0,0,0.0,3.0,-0.9027978,-0.4300652,-1.0,-1.8369701e-16,3,0,0,1,7554.0,1,7252.0,1,5105.0,1,12204.0,1,6748.0,1,6815.0,1,0.0,1,0.0,6631.803,7102.748,302.0
167,2013-09-05,7215.0,965.0,1.0,0.0,0,0.0,4.0,-0.9027978,-0.4300652,-1.0,-1.8369701e-16,3,0,0,1,7525.0,1,7554.0,1,0.0,1,13119.0,1,4409.0,1,6967.0,1,14126.0,1,14740.0,6989.082,7196.582,-29.0
167,2013-09-06,7047.0,910.0,1.0,0.0,0,0.0,5.0,-0.9027978,-0.4300652,-1.0,-1.8369701e-16,3,0,0,1,7215.0,1,7525.0,1,7252.0,1,10722.0,1,0.0,1,7346.0,1,12147.0,1,12425.0,7079.449,7200.675,-310.0
167,2013-09-07,4472.0,548.0,1.0,0.0,0,0.0,6.0,-0.9027978,-0.4300652,-1.0,-1.8369701e-16,3,0,0,1,7047.0,1,7215.0,1,7554.0,1,11212.0,1,14518.0,1,6750.0,1,10993.0,1,11130.0,7066.4697,7166.525,-168.0
167,2013-09-08,0.0,0.0,0.0,0.0,0,0.0,7.0,-0.9027978,-0.4300652,-1.0,-1.8369701e-16,3,0,0,1,4472.0,1,7047.0,1,7525.0,1,5105.0,1,12204.0,1,6748.0,1,10937.0,1,9928.0,6028.6816,6567.7417,-2575.0
167,2013-09-09,11268.0,1107.0,1.0,1.0,0,0.0,1.0,-0.94732636,-0.32026985,-1.0,-1.8369701e-16,3,0,0,1,0.0,1,4472.0,1,7215.0,1,0.0,1,13119.0,1,4409.0,1,8676.0,1,8929.0,3617.209,5108.243,-4472.0
167,2013-09-10,11721.0,1244.0,1.0,1.0,0,0.0,2.0,-0.94732636,-0.32026985,-1.0,-1.8369701e-16,3,0,0,1,11268.0,1,0.0,1,7047.0,1,7252.0,1,10722.0,1,0.0,1,4035.0,1,4981.0,6677.5254,6477.078,11268.0
167,2013-09-11,10648.0,1206.0,1.0,1.0,0,0.0,3.0,-0.94732636,-0.32026985,-1.0,-1.8369701e-16,3,0,0,1,11721.0,1,11268.0,1,4472.0,1,7554.0,1,11212.0,1,14518.0,1,0.0,1,0.0,8694.915,7642.394,453.0
167,2013-09-12,10812.0,1217.0,1.0,1.0,0,0.0,4.0,-0.94732636,-0.32026985,-1.0,-1.8369701e-16,3,0,0,1,10648.0,1,11721.0,1,0.0,1,7525.0,1,5105.0,1,12204.0,1,6815.0,1,7026.0,9476.149,8310.307,-1073.0
167,2013-09-13,10482.0,1167.0,1.0,1.0,0,0.0,5.0,-0.94732636,-0.32026985,-1.0,-1.8369701e-16,3,0,0,1,10812.0,1,10648.0,1,11268.0,1,7215.0,1,0.0,1,13119.0,1,6967.0,1,7066.0,10010.489,8866.238,164.0
167,2013-09-14,4484.0,548.0,1.0,0.0,0,0.0,6.0,-0.94732636,-0.32026985,-1.0,-1.8369701e-16,3,0,0,1,10482.0,1,10812.0,1,11721.0,1,7047.0,1,7252.0,1,10722.0,1,7346.0,1,7002.0,10199.094,9225.297,-330.0
167,2013-09-15,0.0,0.0,0.0,0.0,0,0.0,7.0,-0.94732636,-0.32026985,-1.0,-1.8369701e-16,3,0,0,1,4484.0,1,10482.0,1,10648.0,1,4472.0,1,7554.0,1,11212.0,1,6750.0,1,6503.0,7913.056,8171.6753,-5998.0
167,2013-09-16,6709.0,903.0,1.0,0.0,0,0.0,1.0,-0.9785565,-0.20597862,-1.0,-1.8369701e-16,3,0,0,1,0.0,1,4484.0,1,10812.0,1,0.0,1,7525.0,1,5105.0,1,6748.0,1,6537.0,4747.8335,6355.747,-4484.0
167,2013-09-17,7027.0,935.0,1.0,0.0,0,0.0,2.0,-0.9785565,-0.20597862,-1.0,-1.8369701e-16,3,0,0,1,6709.0,1,0.0,1,10482.0,1,11268.0,1,7215.0,1,0.0,1,4409.0,1,4198.0,5532.3003,6434.248,6709.0
167,2013-09-18,5899.0,809.0,1.0,0.0,0,0.0,3.0,-0.9785565,-0.20597862,-1.0,-1.8369701e-16,3,0,0,1,7027.0,1,6709.0,1,4484.0,1,11721.0,1,7047.0,1,7252.0,1,0.0,1,0.0,6130.18,6565.9707,318.0
167,2013-09-19,7444.0,961.0,1.0,0.0,0,0.0,4.0,-0.9785565,-0.20597862,-1.0,-1.8369701e-16,3,0,0,1,5899.0,1,7027.0,1,0.0,1,10648.0,1,4472.0,1,7554.0,1,14518.0,1,13554.0,6037.708,6417.755,-1128.0
167,2013-09-20,6246.0,827.0,1.0,0.0,0,0.0,5.0,-0.9785565,-0.20597862,-1.0,-1.8369701e-16,3,0,0,1,7444.0,1,5899.0,1,6709.0,1,10812.0,1,0.0,1,7525.0,1,12204.0,1,12782.0,6600.2246,6645.8096,1545.0
167,2013-09-21,4206.0,591.0,1.0,0.0,0,0.0,6.0,-0.9785565,-0.20597862,-1.0,-1.8369701e-16,3,0,0,1,6246.0,1,7444.0,1,7027.0,1,10482.0,1,11268.0,1,7215.0,1,13119.0,1,13783.0,6458.5347,6556.963,-1198.0
167,2013-09-22,0.0,0.0,0.0,0.0,0,0.0,7.0,-0.9785565,-0.20597862,-1.0,-1.8369701e-16,3,0,0,1,4206.0,1,6246.0,1,5899.0,1,4484.0,1,11721.0,1,7047.0,1,10722.0,1,11705.0,5557.521,6034.527,-2040.0
167,2013-09-23,12224.0,1274.0,1.0,1.0,0,0.0,1.0,-0.9960498,-0.08879589,-1.0,-1.8369701e-16,3,0,0,1,0.0,1,4206.0,1,7444.0,1,0.0,1,10648.0,1,4472.0,1,11212.0,1,9190.0,3334.5125,4693.5205,-4206.0
167,2013-09-24,10451.0,1130.0,1.0,1.0,0,0.0,2.0,-0.9960498,-0.08879589,-1.0,-1.8369701e-16,3,0,0,1,12224.0,1,0.0,1,6246.0,1,6709.0,1,10812.0,1,0.0,1,5105.0,1,4617.0,6890.3076,6366.9604,12224.0
167,2013-09-25,9936.0,1162.0,1.0,1.0,0,0.0,3.0,-0.9960498,-0.08879589,-1.0,-1.8369701e-16,3,0,0,1,10451.0,1,12224.0,1,4206.0,1,7027.0,1,10482.0,1,11268.0,1,0.0,1,0.0,8314.585,7274.525,-1773.0
167,2013-09-26,8751.0,1063.0,1.0,1.0,0,0.0,4.0,-0.9960498,-0.08879589,-1.0,-1.8369701e-16,3,0,0,1,9936.0,1,10451.0,1,0.0,1,5899.0,1,4484.0,1,11721.0,1,7252.0,1,7915.0,8963.15,7865.964,-515.0
167,2013-09-27,10109.0,1147.0,1.0,1.0,0,0.0,5.0,-0.9960498,-0.08879589,-1.0,-1.8369701e-16,3,0,0,1,8751.0,1,9936.0,1,12224.0,1,7444.0,1,0.0,1,10648.0,1,7554.0,1,7531.0,8878.29,8062.6387,-1185.0
167,2013-09-28,4573.0,560.0,1.0,0.0,0,0.0,6.0,-0.9960498,-0.08879589,-1.0,-1.8369701e-16,3,0,0,1,10109.0,1,8751.0,1,10451.0,1,6246.0,1,6709.0,1,10812.0,1,7525.0,1,7578.0,9370.574,8517.386,1358.0
167,2013-09-29,0.0,0.0,0.0,0.0,0,0.0,7.0,-0.9960498,-0.08879589,-1.0,-1.8369701e-16,3,0,0,1,4573.0,1,10109.0,1,9936.0,1,4206.0,1,7027.0,1,10482.0,1,7215.0,1,7238.0,7451.5444,7640.8555,-5536.0
167,2013-09-30,8161.0,1042.0,1.0,0.0,0,0.0,1.0,-0.99956083,0.029633328,-1.0,-1.8369701e-16,3,0,1,1,0.0,1,4573.0,1,8751.0,1,0.0,1,5899.0,1,4484.0,1,7047.0,1,7730.0,4470.927,5942.8877,-4573.0
167,2013-10-01,8210.0,1092.0,1.0,0.0,0,0.0,2.0,-0.99956083,0.029633328,-0.8660254,0.5,4,1,0,1,8161.0,1,0.0,1,10109.0,1,12224.0,1,7444.0,1,0.0,1,4472.0,1,4170.0,5946.956,6435.8013,8161.0
167,2013-10-02,7852.0,1040.0,1.0,0.0,0,0.0,3.0,-0.99956083,0.029633328,-0.8660254,0.5,4,0,0,1,8210.0,1,8161.0,1,4573.0,1,10451.0,1,6246.0,1,6709.0,1,0.0,1,0.0,6852.174,6830.068,49.0
167,2013-10-03,0.0,0.0,0.0,0.0,1,0.0,4.0,-0.99956083,0.029633328,-0.8660254,0.5,4,0,0,1,7852.0,1,8210.0,1,0.0,1,9936.0,1,4206.0,1,7027.0,1,11268.0,1,14126.0,7252.104,7057.1636,-358.0
167,2013-10-04,9847.0,1230.0,1.0,0.0,0,0.0,5.0,-0.99956083,0.029633328,-0.8660254,0.5,4,0,0,1,0.0,1,7852.0,1,8161.0,1,8751.0,1,0.0,1,5899.0,1,11721.0,1,12147.0,4351.2627,5488.9053,-7852.0
167,2013-10-05,4125.0,509.0,1.0,0.0,0,0.0,6.0,-0.99956083,0.029633328,-0.8660254,0.5,4,0,0,1,9847.0,1,0.0,1,8210.0,1,10109.0,1,12224.0,1,7444.0,1,10648.0,1,10993.0,6549.5576,6457.3706,9847.0
167,2013-10-06,0.0,0.0,0.0,0.0,0,0.0,7.0,-0.99956083,0.029633328,-0.8660254,0.5,4,0,0,1,4125.0,1,9847.0,1,7852.0,1,4573.0,1,10451.0,1,6246.0,1,10812.0,1,10937.0,5579.7344,5939.066,-5722.0
167,2013-10-07,14761.0,1461.0,1.0,1.0,0,0.0,1.0,-0.9890402,0.14764656,-0.8660254,0.5,4,0,0,1,0.0,1,4125.0,1,0.0,1,0.0,1,9936.0,1,4206.0,1,10482.0,1,8676.0,3347.8408,4619.2734,-4125.0
167,2013-10-08,12606.0,1334.0,1.0,1.0,0,0.0,2.0,-0.9890402,0.14764656,-0.8660254,0.5,4,0,0,1,14761.0,1,0.0,1,9847.0,1,8161.0,1,8751.0,1,0.0,1,4484.0,1,4035.0,7913.1045,6872.9907,14761.0
167,2013-10-09,10845.0,1243.0,1.0,1.0,0,0.0,3.0,-0.9890402,0.14764656,-0.8660254,0.5,4,0,0,1,12606.0,1,14761.0,1,4125.0,1,8210.0,1,10109.0,1,12224.0,1,0.0,1,0.0,9790.263,8146.9927,-2155.0
167,2013-10-10,9167.0,1040.0,1.0,1.0,0,0.0,4.0,-0.9890402,0.14764656,-0.8660254,0.5,4,0,0,1,10845.0,1,12606.0,1,0.0,1,7852.0,1,4573.0,1,10451.0,1,6709.0,1,6815.0,10212.157,8746.55,-1761.0
167,2013-10-11,9465.0,1069.0,1.0,1.0,0,0.0,5.0,-0.9890402,0.14764656,-0.8660254,0.5,4,0,0,1,9167.0,1,10845.0,1,14761.0,1,0.0,1,0.0,1,9936.0,1,7027.0,1,6967.0,9794.095,8839.983,-1678.0
167,2013-10-12,5034.0,592.0,1.0,0.0,0,0.0,6.0,-0.9890402,0.14764656,-0.8660254,0.5,4,0,0,1,9465.0,1,9167.0,1,12606.0,1,9847.0,1,8161.0,1,8751.0,1,5899.0,1,7346.0,9662.457,8978.876,298.0
167,2013-10-13,0.0,0.0,0.0,0.0,0,0.0,7.0,-0.9890402,0.14764656,-0.8660254,0.5,4,0,0,1,5034.0,1,9465.0,1,10845.0,1,4125.0,1,8210.0,1,10109.0,1,7444.0,1,6750.0,7811.074,8102.237,-4431.0
167,2013-10-14,7049.0,905.0,1.0,0.0,0,0.0,1.0,-0.9646356,0.26358718,-0.8660254,0.5,4,0,0,1,0.0,1,5034.0,1,9167.0,1,0.0,1,7852.0,1,4573.0,1,6246.0,1,6748.0,4686.6445,6301.7397,-5034.0
167,2013-10-15,5954.0,785.0,1.0,0.0,0,0.0,2.0,-0.9646356,0.26358718,-0.8660254,0.5,4,0,0,1,7049.0,1,0.0,1,9465.0,1,14761.0,1,0.0,1,0.0,1,4206.0,1,4409.0,5631.5864,6467.7974,7049.0
167,2013-10-16,7684.0,1005.0,1.0,0.0,0,0.0,3.0,-0.9646356,0.26358718,-0.8660254,0.5,4,0,0,1,5954.0,1,7049.0,1,5034.0,1,12606.0,1,9847.0,1,8161.0,1,0.0,1,0.0,5760.552,6353.62,-1095.0
167,2013-10-17,6838.0,890.0,1.0,0.0,0,0.0,4.0,-0.9646356,0.26358718,-0.8660254,0.5,4,0,0,1,7684.0,1,5954.0,1,0.0,1,10845.0,1,4125.0,1,8210.0,1,12224.0,1,14518.0,6529.931,6649.2603,1730.0
167,2013-10-18,7222.0,955.0,1.0,0.0,0,0.0,5.0,-0.9646356,0.26358718,-0.8660254,0.5,4,0,0,1,6838.0,1,7684.0,1,7049.0,1,9167.0,1,0.0,1,7852.0,1,10451.0,1,12204.0,6653.1587,6691.2026,-846.0
167,2013-10-19,4302.0,559.0,1.0,0.0,0,0.0,6.0,-0.9646356,0.26358718,-0.8660254,0.5,4,0,0,1,7222.0,1,6838.0,1,5954.0,1,9465.0,1,14761.0,1,0.0,1,9936.0,1,13119.0,6880.6953,6809.157,384.0
167,2013-10-20,0.0,0.0,0.0,0.0,0,0.0,7.0,-0.9646356,0.26358718,-0.8660254,0.5,4,0,0,1,4302.0,1,7222.0,1,7684.0,1,5034.0,1,12606.0,1,9847.0,1,8751.0,1,10722.0,5849.2173,6252.011,-2920.0
167,2013-10-21,12776.0,1332.0,1.0,1.0,0,1.0,1.0,-0.9266896,0.37582758,-0.8660254,0.5,4,0,0,1,0.0,1,4302.0,1,6838.0,1,0.0,1,10845.0,1,4125.0,1,10109.0,1,11212.0,3509.5303,4862.6753,-4302.0
167,2013-10-22,11425.0,1246.0,1.0,1.0,0,1.0,2.0,-0.9266896,0.37582758,-0.8660254,0.5,4,0,0,1,12776.0,1,0.0,1,7222.0,1,7049.0,1,9167.0,1,0.0,1,4573.0,1,5105.0,7216.118,6621.192,12776.0
167,2013-10-23,9274.0,1113.0,1.0,1.0,0,1.0,3.0,-0.9266896,0.37582758,-0.8660254,0.5,4,0,0,1,11425.0,1,12776.0,1,4302.0,1,5954.0,1,9465.0,1,14761.0,1,0.0,1,0.0,8899.671,7688.705,-1351.0
167,2013-10-24,9088.0,1085.0,1.0,1.0,0,1.0,4.0,-0.9266896,0.37582758,-0.8660254,0.5,4,0,0,1,9274.0,1,11425.0,1,0.0,1,7684.0,1,5034.0,1,12606.0,1,8161.0,1,7252.0,9049.402,8040.9927,-2151.0
167,2013-10-25,8773.0,1038.0,1.0,1.0,0,1.0,5.0,-0.9266896,0.37582758,-0.8660254,0.5,4,0,0,1,9088.0,1,9274.0,1,12776.0,1,6838.0,1,0.0,1,10845.0,1,8210.0,1,7554.0,9064.842,8273.661,-186.0
167,2013-10-26,4311.0,534.0,1.0,0.0,0,0.0,6.0,-0.9266896,0.37582758,-0.8660254,0.5,4,0,0,1,8773.0,1,9088.0,1,11425.0,1,7222.0,1,7049.0,1,9167.0,1,7852.0,1,7525.0,8948.1045,8384.625,-315.0
167,2013-10-27,0.0,0.0,0.0,0.0,0,0.0,7.0,-0.9266896,0.37582758,-0.8660254,0.5,4,0,0,1,4311.0,1,8773.0,1,9274.0,1,4302.0,1,5954.0,1,9465.0,1,0.0,1,7215.0,7093.263,7479.375,-4462.0
167,2013-10-28,6793.0,814.0,1.0,0.0,0,0.0,1.0,-0.8757349,0.4827922,-0.8660254,0.5,4,0,0,1,0.0,1,4311.0,1,9088.0,1,0.0,1,7684.0,1,5034.0,1,9847.0,1,7047.0,4255.958,5817.292,-4311.0
167,2013-10-29,8138.0,1031.0,1.0,0.0,0,0.0,2.0,-0.8757349,0.4827922,-0.8660254,0.5,4,0,0,1,6793.0,1,0.0,1,8773.0,1,12776.0,1,6838.0,1,0.0,1,4125.0,1,4472.0,5270.775,6034.1157,6793.0
167,2013-10-30,9095.0,1220.0,1.0,0.0,0,0.0,3.0,-0.8757349,0.4827922,-0.8660254,0.5,4,0,0,1,8138.0,1,6793.0,1,4311.0,1,11425.0,1,7222.0,1,7049.0,1,0.0,1,0.0,6417.665,6501.6455,1345.0
167,2013-10-31,0.0,0.0,0.0,0.0,1,0.0,4.0,-0.8757349,0.4827922,-0.8660254,0.5,4,0,1,1,9095.0,1,8138.0,1,0.0,1,9274.0,1,4302.0,1,5954.0,1,14761.0,1,11268.0,7488.599,7077.947,957.0
167,2013-11-01,10727.0,1274.0,1.0,0.0,0,0.0,5.0,-0.8757349,0.4827922,-0.5,0.8660254,4,1,0,1,0.0,1,9095.0,1,6793.0,1,9088.0,1,0.0,1,7684.0,1,12606.0,1,11721.0,4493.159,5505.07,-9095.0
167,2013-11-02,5259.0,579.0,1.0,0.0,0,0.0,6.0,-0.8757349,0.4827922,-0.5,0.8660254,4,0,0,1,10727.0,1,0.0,1,8138.0,1,8773.0,1,12776.0,1,6838.0,1,10845.0,1,10648.0,6986.696,6665.4985,10727.0
167,2013-11-03,0.0,0.0,0.0,0.0,0,0.0,7.0,-0.8757349,0.4827922,-0.5,0.8660254,4,0,0,1,5259.0,1,10727.0,1,9095.0,1,4311.0,1,11425.0,1,7222.0,1,9167.0,1,10812.0,6295.617,6352.9434,-5468.0
167,2013-11-04,13839.0,1410.0,1.0,1.0,0,0.0,1.0,-0.8124869,0.5829795,-0.5,0.8660254,4,0,0,1,0.0,1,5259.0,1,0.0,1,0.0,1,9274.0,1,4302.0,1,9465.0,1,10482.0,3777.3704,4941.178,-5259.0
167,2013-11-05,13540.0,1446.0,1.0,1.0,0,0.0,2.0,-0.8124869,0.5829795,-0.5,0.8660254,4,0,0,1,13839.0,1,0.0,1,10727.0,1,6793.0,1,9088.0,1,0.0,1,5034.0,1,4484.0,7802.0225,6918.4717,13839.0
167,2013-11-06,10442.0,1176.0,1.0,1.0,0,0.0,3.0,-0.8124869,0.5829795,-0.5,0.8660254,4,0,0,1,13540.0,1,13839.0,1,5259.0,1,8138.0,1,8773.0,1,12776.0,1,0.0,1,0.0,10097.213,8389.923,-299.0
167,2013-11-07,9236.0,1133.0,1.0,1.0,0,0.0,4.0,-0.8124869,0.5829795,-0.5,0.8660254,4,0,0,1,10442.0,1,13540.0,1,0.0,1,9095.0,1,4311.0,1,11425.0,1,7049.0,1,6709.0,10235.128,8845.939,-3098.0
167,2013-11-08,10833.0,1170.0,1.0,1.0,0,0.0,5.0,-0.8124869,0.5829795,-0.5,0.8660254,4,0,0,1,9236.0,1,10442.0,1,13839.0,1,0.0,1,0.0,1,9274.0,1,5954.0,1,7027.0,9835.477,8932.62,-1206.0
167,2013-11-09,5828.0,655.0,1.0,0.0,0,0.0,6.0,-0.8124869,0.5829795,-0.5,0.8660254,4,0,0,1,10833.0,1,9236.0,1,13540.0,1,10727.0,1,6793.0,1,9088.0,1,7684.0,1,5899.0,10234.486,9354.927,1597.0
167,2013-11-10,0.0,0.0,0.0,0.0,0,0.0,7.0,-0.8124869,0.5829795,-0.5,0.8660254,4,0,0,1,5828.0,1,10833.0,1,10442.0,1,5259.0,1,8138.0,1,8773.0,1,6838.0,1,7444.0,8471.892,8571.165,-5005.0
167,2013-11-11,7924.0,1019.0,1.0,0.0,0,0.0,1.0,-0.73783326,0.674983,-0.5,0.8660254,4,0,0,1,0.0,1,5828.0,1,9236.0,1,0.0,1,9095.0,1,4311.0,1,7222.0,1,6246.0,5083.135,6666.462,-5828.0
167,2013-11-12,7655.0,992.0,1.0,0.0,0,0.0,2.0,-0.73783326,0.674983,-0.5,0.8660254,4,0,0,1,7924.0,1,0.0,1,10833.0,1,13839.0,1,0.0,1,0.0,1,4302.0,1,4206.0,6219.481,6945.9146,7924.0
167,2013-11-13,8301.0,1060.0,1.0,0.0,0,0.0,3.0,-0.73783326,0.674983,-0.5,0.8660254,4,0,0,1,7655.0,1,7924.0,1,5828.0,1,13540.0,1,10727.0,1,6793.0,1,0.0,1,0.0,6793.6885,7103.4893,-269.0
167,2013-11-14,7329.0,940.0,1.0,0.0,0,0.0,4.0,-0.73783326,0.674983,-0.5,0.8660254,4,0,0,1,8301.0,1,7655.0,1,0.0,1,10442.0,1,5259.0,1,8138.0,1,12776.0,1,12224.0,7396.6133,7369.6025,646.0
167,2013-11-15,7649.0,989.0,1.0,0.0,0,0.0,5.0,-0.73783326,0.674983,-0.5,0.8660254,4,0,0,1,7329.0,1,8301.0,1,7924.0,1,9236.0,1,0.0,1,9095.0,1,11425.0,1,10451.0,7369.568,7360.58,-972.0
167,2013-11-16,6403.0,715.0,1.0,0.0,0,0.0,6.0,-0.73783326,0.674983,-0.5,0.8660254,4,0,0,1,7649.0,1,7329.0,1,7655.0,1,10833.0,1,13839.0,1,0.0,1,9274.0,1,9936.0,7481.341,7424.6733,320.0
167,2013-11-17,0.0,0.0,0.0,0.0,0,0.0,7.0,-0.73783326,0.674983,-0.5,0.8660254,4,0,0,1,6403.0,1,7649.0,1,8301.0,1,5828.0,1,13540.0,1,10727.0,1,9088.0,1,8751.0,7050.0044,7197.635,-1246.0
167,2013-11-18,15110.0,1387.0,1.0,1.0,0,0.0,1.0,-0.65282214,0.75751126,-0.5,0.8660254,4,0,0,1,0.0,1,6403.0,1,7329.0,1,0.0,1,10442.0,1,5259.0,1,8773.0,1,10109.0,4230.0024,5598.16,-6403.0
167,2013-11-19,12443.0,1232.0,1.0,1.0,0,0.0,2.0,-0.65282214,0.75751126,-0.5,0.8660254,4,0,0,1,15110.0,1,0.0,1,7649.0,1,7924.0,1,9236.0,1,0.0,1,4311.0,1,4573.0,8582.002,7711.9023,15110.0
167,2013-11-20,9607.0,991.0,1.0,1.0,0,0.0,3.0,-0.65282214,0.75751126,-0.5,0.8660254,4,0,0,1,12443.0,1,15110.0,1,6403.0,1,7655.0,1,10833.0,1,13839.0,1,0.0,1,0.0,10126.401,8763.258,-2667.0
167,2013-11-21,11918.0,1236.0,1.0,1.0,0,0.0,4.0,-0.65282214,0.75751126,-0.5,0.8660254,4,0,0,1,9607.0,1,12443.0,1,0.0,1,8301.0,1,5828.0,1,13540.0,1,6793.0,1,8161.0,9918.641,8950.756,-2836.0
167,2013-11-22,9723.0,1092.0,1.0,1.0,0,0.0,5.0,-0.65282214,0.75751126,-0.5,0.8660254,4,0,0,1,11918.0,1,9607.0,1,15110.0,1,7329.0,1,0.0,1,10442.0,1,8138.0,1,8210.0,10718.385,9610.144,2311.0
167,2013-11-23,5836.0,648.0,1.0,0.0,0,0.0,6.0,-0.65282214,0.75751126,-0.5,0.8660254,4,0,0,1,9723.0,1,11918.0,1,12443.0,1,7649.0,1,7924.0,1,9236.0,1,9095.0,1,7852.0,10320.23,9635.223,-2195.0
167,2013-11-24,0.0,0.0,0.0,0.0,0,0.0,7.0,-0.65282214,0.75751126,-0.5,0.8660254,4,0,0,1,5836.0,1,9723.0,1,9607.0,1,6403.0,1,7655.0,1,10833.0,1,0.0,1,0.0,8526.538,8790.951,-3887.0
167,2013-11-25,8773.0,1061.0,1.0,0.0,0,0.0,1.0,-0.55864674,0.82940567,-0.5,0.8660254,4,0,0,1,0.0,1,5836.0,1,11918.0,1,0.0,1,8301.0,1,5828.0,1,10727.0,1,9847.0,5115.923,6837.4062,-5836.0
167,2013-11-26,9408.0,1078.0,1.0,0.0,0,0.0,2.0,-0.55864674,0.82940567,-0.5,0.8660254,4,0,0,1,8773.0,1,0.0,1,9723.0,1,15110.0,1,7329.0,1,0.0,1,5259.0,1,4125.0,6578.754,7267.538,8773.0
167,2013-11-27,9226.0,1095.0,1.0,0.0,0,0.0,3.0,-0.55864674,0.82940567,-0.5,0.8660254,4,0,0,1,9408.0,1,8773.0,1,5836.0,1,12443.0,1,7649.0,1,7924.0,1,0.0,1,0.0,7710.452,7743.1963,635.0
167,2013-11-28,9502.0,1091.0,1.0,0.0,0,0.0,4.0,-0.55864674,0.82940567,-0.5,0.8660254,4,0,0,1,9226.0,1,9408.0,1,0.0,1,9607.0,1,6403.0,1,7655.0,1,13839.0,1,14761.0,8316.671,8072.7085,-182.0
167,2013-11-29,12106.0,1338.0,1.0,0.0,0,0.0,5.0,-0.55864674,0.82940567,-0.5,0.8660254,4,0,0,1,9502.0,1,9226.0,1,8773.0,1,11918.0,1,0.0,1,8301.0,1,13540.0,1,12606.0,8790.803,8390.329,276.0
167,2013-11-30,7564.0,808.0,1.0,0.0,0,0.0,6.0,-0.55864674,0.82940567,-0.5,0.8660254,4,0,1,1,12106.0,1,9502.0,1,9408.0,1,9723.0,1,15110.0,1,7329.0,1,10442.0,1,10845.0,10116.882,9216.033,2604.0
167,2013-12-01,0.0,0.0,0.0,0.0,0,0.0,7.0,-0.55864674,0.82940567,-2.4492937e-16,1.0,4,1,0,1,7564.0,1,12106.0,1,9226.0,1,5836.0,1,12443.0,1,7649.0,1,9236.0,1,9167.0,9095.7295,8848.915,-4542.0
167,2013-12-02,20045.0,1769.0,1.0,1.0,0,0.0,1.0,-0.45662925,0.8896571,-2.4492937e-16,1.0,4,0,0,1,0.0,1,7564.0,1,9502.0,1,0.0,1,9607.0,1,6403.0,1,10833.0,1,9465.0,5457.4375,6882.4893,-7564.0
167,2013-12-03,17622.0,1630.0,1.0,1.0,0,0.0,2.0,-0.45662925,0.8896571,-2.4492937e-16,1.0,4,0,0,1,20045.0,1,0.0,1,12106.0,1,8773.0,1,11918.0,1,0.0,1,5828.0,1,5034.0,11292.463,9807.492,20045.0
167,2013-12-04,16505.0,1581.0,1.0,1.0,0,0.0,3.0,-0.45662925,0.8896571,-2.4492937e-16,1.0,4,0,0,1,17622.0,1,20045.0,1,7564.0,1,9408.0,1,9723.0,1,15110.0,1,0.0,1,0.0,13824.277,11544.049,-2423.0
167,2013-12-05,15910.0,1485.0,1.0,1.0,0,0.0,4.0,-0.45662925,0.8896571,-2.4492937e-16,1.0,4,0,0,1,16505.0,1,17622.0,1,0.0,1,9226.0,1,5836.0,1,12443.0,1,7924.0,1,7049.0,14896.566,12646.482,-1117.0
167,2013-12-06,8377.0,842.0,1.0,1.0,0,0.0,5.0,-0.45662925,0.8896571,-2.4492937e-16,1.0,4,0,0,1,15910.0,1,16505.0,1,20045.0,1,9502.0,1,0.0,1,9607.0,1,7655.0,1,5954.0,15301.939,13371.709,-595.0
167,2013-12-07,6081.0,739.0,1.0,0.0,0,0.0,6.0,-0.45662925,0.8896571,-2.4492937e-16,1.0,4,0,0,1,8377.0,1,15910.0,1,17622.0,1,12106.0,1,8773.0,1,11918.0,1,8301.0,1,7684.0,12531.964,12261.773,-7533.0
167,2013-12-08,0.0,0.0,0.0,0.0,0,0.0,7.0,-0.45662925,0.8896571,-2.4492937e-16,1.0,4,0,0,1,6081.0,1,8377.0,1,16505.0,1,7564.0,1,9408.0,1,9723.0,1,7329.0,1,6838.0,9951.578,10888.269,-2296.0
167,2013-12-09,9596.0,1086.0,1.0,0.0,0,0.0,1.0,-0.34820163,0.93741965,-2.4492937e-16,1.0,4,0,0,1,0.0,1,6081.0,1,15910.0,1,0.0,1,9226.0,1,5836.0,1,7649.0,1,7222.0,5970.947,8468.653,-6081.0
167,2013-12-10,11613.0,1296.0,1.0,0.0,0,0.0,2.0,-0.34820163,0.93741965,-2.4492937e-16,1.0,4,0,0,1,9596.0,1,0.0,1,8377.0,1,20045.0,1,9502.0,1,0.0,1,6403.0,1,4302.0,7420.9683,8719.175,9596.0
167,2013-12-11,11312.0,1337.0,1.0,0.0,0,0.0,3.0,-0.34820163,0.93741965,-2.4492937e-16,1.0,4,0,0,1,11613.0,1,9596.0,1,6081.0,1,17622.0,1,12106.0,1,8773.0,1,0.0,1,0.0,9097.781,9362.247,2017.0
167,2013-12-12,10500.0,1196.0,1.0,0.0,0,0.0,4.0,-0.34820163,0.93741965,-2.4492937e-16,1.0,4,0,0,1,11312.0,1,11613.0,1,0.0,1,16505.0,1,7564.0,1,9408.0,1,15110.0,1,12776.0,9983.469,9795.525,-301.0
167,2013-12-13,11317.0,1307.0,1.0,0.0,0,0.0,5.0,-0.34820163,0.93741965,-2.4492937e-16,1.0,4,0,0,1,10500.0,1,11312.0,1,9596.0,1,15910.0,1,0.0,1,9226.0,1,12443.0,1,11425.0,10190.081,9952.075,-812.0
167,2013-12-14,9753.0,1101.0,1.0,0.0,0,0.0,6.0,-0.34820163,0.93741965,-2.4492937e-16,1.0,4,0,0,1,11317.0,1,10500.0,1,11613.0,1,8377.0,1,20045.0,1,9502.0,1,9607.0,1,9274.0,10640.849,10255.392,817.0
167,2013-12-15,0.0,0.0,0.0,0.0,0,0.0,7.0,-0.34820163,0.93741965,-2.4492937e-16,1.0,4,0,0,1,9753.0,1,11317.0,1,11312.0,1,6081.0,1,17622.0,1,12106.0,1,11918.0,1,9088.0,10285.709,10143.749,-1564.0
167,2013-12-16,24835.0,1984.0,1.0,1.0,0,0.0,1.0,-0.23488605,0.9720229,-2.4492937e-16,1.0,4,0,0,1,0.0,1,9753.0,1,10500.0,1,0.0,1,16505.0,1,7564.0,1,9723.0,1,8773.0,6171.4253,7889.5825,-9753.0
167,2013-12-17,20427.0,1894.0,1.0,1.0,0,0.0,2.0,-0.23488605,0.9720229,-2.4492937e-16,1.0,4,0,0,1,24835.0,1,0.0,1,11317.0,1,9596.0,1,15910.0,1,0.0,1,5836.0,1,4311.0,13636.855,11655.231,24835.0
167,2013-12-18,19448.0,1863.0,1.0,1.0,0,0.0,3.0,-0.23488605,0.9720229,-2.4492937e-16,1.0,4,0,0,1,20427.0,1,24835.0,1,9753.0,1,11613.0,1,8377.0,1,20045.0,1,0.0,1,0.0,16352.913,13604.513,-4408.0
167,2013-12-19,16263.0,1662.0,1.0,1.0,0,0.0,4.0,-0.23488605,0.9720229,-2.4492937e-16,1.0,4,0,0,1,19448.0,1,20427.0,1,0.0,1,11312.0,1,6081.0,1,17622.0,1,8773.0,1,6793.0,17590.947,14903.065,-979.0
167,2013-12-20,17391.0,1789.0,1.0,1.0,0,0.0,5.0,-0.23488605,0.9720229,-2.4492937e-16,1.0,4,0,0,1,16263.0,1,19448.0,1,24835.0,1,10500.0,1,0.0,1,16505.0,1,9408.0,1,8138.0,17059.77,15205.273,-3185.0
167,2013-12-21,11128.0,1102.0,1.0,0.0,0,0.0,6.0,-0.23488605,0.9720229,-2.4492937e-16,1.0,4,0,0,1,17391.0,1,16263.0,1,20427.0,1,11317.0,1,9596.0,1,15910.0,1,9226.0,1,9095.0,17192.262,15690.99,1128.0
167,2013-12-22,0.0,0.0,0.0,0.0,0,0.0,7.0,-0.23488605,0.9720229,-2.4492937e-16,1.0,4,0,0,1,11128.0,1,17391.0,1,19448.0,1,9753.0,1,11613.0,1,8377.0,1,9502.0,1,0.0,14766.557,14676.992,-6263.0
167,2013-12-23,19592.0,2180.0,1.0,0.0,0,1.0,1.0,-0.11827317,0.9929811,-2.4492937e-16,1.0,4,0,0,1,0.0,1,11128.0,1,16263.0,1,0.0,1,11312.0,1,6081.0,1,12106.0,1,10727.0,8859.934,11415.438,-11128.0
167,2013-12-24,5303.0,593.0,1.0,0.0,0,1.0,2.0,-0.11827317,0.9929811,-2.4492937e-16,1.0,4,0,0,1,19592.0,1,0.0,1,17391.0,1,24835.0,1,10500.0,1,0.0,1,7564.0,1,5259.0,13152.761,13232.452,19592.0
167,2013-12-25,0.0,0.0,0.0,0.0,3,1.0,3.0,-0.11827317,0.9929811,-2.4492937e-16,1.0,4,0,0,1,5303.0,1,19592.0,1,11128.0,1,20427.0,1,11317.0,1,9596.0,1,0.0,1,0.0,10012.856,11470.352,-14289.0
167,2013-12-26,0.0,0.0,0.0,0.0,3,1.0,4.0,-0.11827317,0.9929811,-2.4492937e-16,1.0,4,0,0,1,0.0,1,5303.0,1,0.0,1,19448.0,1,9753.0,1,11613.0,1,20045.0,1,13839.0,6007.714,8921.385,-5303.0
167,2013-12-27,10355.0,1309.0,1.0,0.0,0,1.0,5.0,-0.11827317,0.9929811,-2.4492937e-16,1.0,4,0,0,1,0.0,1,0.0,1,19592.0,1,16263.0,1,0.0,1,11312.0,1,17622.0,1,13540.0,3604.6282,6938.855,0.0
167,2013-12-28,5587.0,635.0,1.0,0.0,0,0.0,6.0,-0.11827317,0.9929811,-2.4492937e-16,1.0,4,0,0,1,10355.0,1,0.0,1,5303.0,1,17391.0,1,24835.0,1,10500.0,1,16505.0,1,10442.0,6304.777,7697.998,10355.0
167,2013-12-29,0.0,0.0,0.0,0.0,0,0.0,7.0,-0.11827317,0.9929811,-2.4492937e-16,1.0,4,0,0,1,5587.0,1,10355.0,1,0.0,1,11128.0,1,20427.0,1,11317.0,1,15910.0,1,9236.0,6017.666,7228.887,-4768.0
167,2013-12-30,12707.0,1516.0,1.0,0.0,0,1.0,1.0,0.11827317,0.9929811,-2.4492937e-16,1.0,4,0,0,1,0.0,1,5587.0,1,0.0,1,0.0,1,19448.0,1,9753.0,1,8377.0,1,10833.0,3610.5996,5622.468,-5587.0
167,2013-12-31,3747.0,459.0,1.0,0.0,0,1.0,2.0,0.11827317,0.9929811,-2.4492937e-16,1.0,4,0,1,1,12707.0,1,0.0,1,10355.0,1,19592.0,1,16263.0,1,0.0,1,6081.0,1,5828.0,7249.1597,7196.8086,12707.0
167,2014-01-01,0.0,0.0,0.0,0.0,1,1.0,3.0,0.11827317,0.9929811,0.5,0.8660254,1,1,0,1,3747.0,1,12707.0,1,5587.0,1,5303.0,1,17391.0,1,24835.0,1,0.0,1,0.0,5848.296,6430.1846,-8960.0
167,2014-01-02,8652.0,1056.0,1.0,0.0,0,1.0,4.0,0.11827317,0.9929811,0.5,0.8660254,1,0,0,1,0.0,1,3747.0,1,0.0,1,0.0,1,11128.0,1,20427.0,1,9596.0,1,7924.0,3508.9775,5001.2544,-3747.0
167,2014-01-03,8867.0,1140.0,1.0,0.0,0,1.0,5.0,0.11827317,0.9929811,0.5,0.8660254,1,0,0,1,8652.0,1,0.0,1,12707.0,1,0.0,1,0.0,1,19448.0,1,11613.0,1,7655.0,5566.1865,5812.5312,8652.0
167,2014-01-04,5307.0,664.0,1.0,0.0,0,0.0,6.0,0.11827317,0.9929811,0.5,0.8660254,1,0,0,1,8867.0,1,8652.0,1,3747.0,1,10355.0,1,19592.0,1,16263.0,1,11312.0,1,8301.0,6886.5117,6491.3022,215.0
167,2014-01-05,0.0,0.0,0.0,0.0,0,0.0,7.0,0.11827317,0.9929811,0.5,0.8660254,1,0,0,1,5307.0,1,8867.0,1,0.0,1,5587.0,1,5303.0,1,17391.0,1,10500.0,1,7329.0,6254.707,6228.124,-3560.0
167,2014-01-06,0.0,0.0,0.0,1.0,1,0.0,1.0,0.23488605,0.9720229,0.5,0.8660254,1,0,0,1,0.0,1,5307.0,1,8652.0,1,0.0,1,0.0,1,11128.0,1,11317.0,1,7649.0,3752.8242,4844.096,-5307.0
167,2014-01-07,18200.0,1802.0,1.0,1.0,0,0.0,2.0,0.23488605,0.9720229,0.5,0.8660254,1,0,0,1,0.0,1,0.0,1,8867.0,1,12707.0,1,0.0,1,0.0,1,9753.0,1,6403.0,2251.6946,3767.6304,0.0
167,2014-01-08,12864.0,1348.0,1.0,1.0,0,0.0,3.0,0.23488605,0.9720229,0.5,0.8660254,1,0,0,1,18200.0,1,0.0,1,5307.0,1,3747.0,1,10355.0,1,19592.0,1,0.0,1,0.0,8631.017,6974.8237,18200.0
167,2014-01-09,10769.0,1204.0,1.0,1.0,0,0.0,4.0,0.23488605,0.9720229,0.5,0.8660254,1,0,0,1,12864.0,1,18200.0,1,0.0,1,0.0,1,5587.0,1,5303.0,1,24835.0,1,15110.0,10324.21,8283.529,-5336.0
167,2014-01-10,10093.0,1160.0,1.0,1.0,0,0.0,5.0,0.23488605,0.9720229,0.5,0.8660254,1,0,0,1,10769.0,1,12864.0,1,0.0,1,8652.0,1,0.0,1,0.0,1,20427.0,1,12443.0,10502.126,8835.856,-2095.0
167,2014-01-11,4874.0,618.0,1.0,0.0,0,0.0,6.0,0.23488605,0.9720229,0.5,0.8660254,1,0,0,1,10093.0,1,10769.0,1,18200.0,1,8867.0,1,12707.0,1,0.0,1,19448.0,1,9607.0,10338.476,9115.222,-676.0
167,2014-01-12,0.0,0.0,0.0,0.0,0,0.0,7.0,0.23488605,0.9720229,0.5,0.8660254,1,0,0,1,4874.0,1,10093.0,1,12864.0,1,5307.0,1,3747.0,1,10355.0,1,16263.0,1,11918.0,8152.6855,8172.728,-5219.0
167,2014-01-13,6757.0,901.0,1.0,0.0,0,0.0,1.0,0.34820163,0.93741965,0.5,0.8660254,1,0,0,1,0.0,1,4874.0,1,10769.0,1,0.0,1,0.0,1,5587.0,1,17391.0,1,9723.0,4891.6113,6356.566,-4874.0
167,2014-01-14,7814.0,1021.0,1.0,0.0,0,0.0,2.0,0.34820163,0.93741965,0.5,0.8660254,1,0,0,1,6757.0,1,0.0,1,10093.0,1,0.0,1,8652.0,1,0.0,1,11128.0,1,5836.0,5637.7666,6445.5513,6757.0
167,2014-01-15,8009.0,1031.0,1.0,0.0,0,0.0,3.0,0.34820163,0.93741965,0.5,0.8660254,1,0,0,1,7814.0,1,6757.0,1,4874.0,1,18200.0,1,8867.0,1,12707.0,1,0.0,1,0.0,6508.2603,6749.651,1057.0
167,2014-01-16,6560.0,831.0,1.0,0.0,0,0.0,4.0,0.34820163,0.93741965,0.5,0.8660254,1,0,0,1,8009.0,1,7814.0,1,0.0,1,12864.0,1,5307.0,1,3747.0,1,19592.0,1,8773.0,7108.556,7029.5063,195.0
167,2014-01-17,7770.0,998.0,1.0,0.0,0,0.0,5.0,0.34820163,0.93741965,0.5,0.8660254,1,0,0,1,6560.0,1,8009.0,1,6757.0,1,10769.0,1,0.0,1,0.0,1,5303.0,1,9408.0,6889.134,6925.172,-1449.0
167,2014-01-18,4927.0,651.0,1.0,0.0,0,0.0,6.0,0.34820163,0.93741965,0.5,0.8660254,1,0,0,1,7770.0,1,6560.0,1,7814.0,1,10093.0,1,0.0,1,8652.0,1,0.0,1,9226.0,7241.48,7112.911,1210.0
167,2014-01-19,0.0,0.0,0.0,0.0,0,0.0,7.0,0.34820163,0.93741965,0.5,0.8660254,1,0,0,1,4927.0,1,7770.0,1,8009.0,1,4874.0,1,18200.0,1,8867.0,1,0.0,1,9502.0,6315.688,6627.1533,-2843.0
167,2014-01-20,13319.0,1273.0,1.0,1.0,0,0.0,1.0,0.45662925,0.8896571,0.5,0.8660254,1,0,0,1,0.0,1,4927.0,1,6560.0,1,0.0,1,12864.0,1,5307.0,1,10355.0,1,12106.0,3789.4128,5154.4526,-4927.0
167,2014-01-21,8273.0,924.0,1.0,1.0,0,0.0,2.0,0.45662925,0.8896571,0.5,0.8660254,1,0,0,1,13319.0,1,0.0,1,7770.0,1,6757.0,1,10769.0,1,0.0,1,5587.0,1,7564.0,7601.2476,6968.7964,13319.0
167,2014-01-22,9419.0,1018.0,1.0,1.0,0,0.0,3.0,0.45662925,0.8896571,0.5,0.8660254,1,0,0,1,8273.0,1,13319.0,1,4927.0,1,7814.0,1,10093.0,1,0.0,1,0.0,1,0.0,7869.9487,7258.6196,-5046.0
167,2014-01-23,9615.0,1069.0,1.0,1.0,0,0.0,4.0,0.45662925,0.8896571,0.5,0.8660254,1,0,0,1,9419.0,1,8273.0,1,0.0,1,8009.0,1,4874.0,1,18200.0,1,12707.0,1,20045.0,8489.569,7738.704,1146.0
167,2014-01-24,8598.0,963.0,1.0,1.0,0,0.0,5.0,0.45662925,0.8896571,0.5,0.8660254,1,0,0,1,9615.0,1,9419.0,1,13319.0,1,6560.0,1,0.0,1,12864.0,1,3747.0,1,17622.0,8939.741,8155.6587,196.0
167,2014-01-25,4426.0,555.0,1.0,0.0,0,0.0,6.0,0.45662925,0.8896571,0.5,0.8660254,1,0,0,1,8598.0,1,9615.0,1,8273.0,1,7770.0,1,6757.0,1,10769.0,1,0.0,1,16505.0,8803.045,8253.957,-1017.0
167,2014-01-26,0.0,0.0,0.0,0.0,0,0.0,7.0,0.45662925,0.8896571,0.5,0.8660254,1,0,0,1,4426.0,1,8598.0,1,9419.0,1,4927.0,1,7814.0,1,10093.0,1,8652.0,1,15910.0,7052.227,7403.3,-4172.0
167,2014-01-27,6061.0,791.0,1.0,0.0,0,0.0,1.0,0.55864674,0.82940567,0.5,0.8660254,1,0,0,1,0.0,1,4426.0,1,9615.0,1,0.0,1,8009.0,1,4874.0,1,8867.0,1,8377.0,4231.336,5758.122,-4426.0
167,2014-01-28,7204.0,940.0,1.0,0.0,0,0.0,2.0,0.55864674,0.82940567,0.5,0.8660254,1,0,0,1,6061.0,1,0.0,1,8598.0,1,13319.0,1,6560.0,1,0.0,1,5307.0,1,6081.0,4963.2017,5825.428,6061.0
167,2014-01-29,7395.0,895.0,1.0,0.0,0,0.0,3.0,0.55864674,0.82940567,0.5,0.8660254,1,0,0,1,7204.0,1,6061.0,1,4426.0,1,8273.0,1,7770.0,1,6757.0,1,0.0,1,0.0,5859.521,6131.7773,1143.0
167,2014-01-30,7084.0,913.0,1.0,0.0,0,0.0,4.0,0.55864674,0.82940567,0.5,0.8660254,1,0,0,1,7395.0,1,7204.0,1,0.0,1,9419.0,1,4927.0,1,7814.0,1,0.0,1,9596.0,6473.7124,6412.4937,191.0
167,2014-01-31,9209.0,1105.0,1.0,0.0,0,0.0,5.0,0.55864674,0.82940567,0.5,0.8660254,1,0,1,1,7084.0,1,7395.0,1,6061.0,1,9615.0,1,0.0,1,8009.0,1,18200.0,1,11613.0,6717.8276,6561.7173,-311.0
167,2014-02-01,6733.0,743.0,1.0,0.0,0,0.0,6.0,0.55864674,0.82940567,0.8660254,0.5,1,1,0,1,9209.0,1,7084.0,1,7204.0,1,8598.0,1,13319.0,1,6560.0,1,12864.0,1,11312.0,7714.2964,7150.0024,2125.0
167,2014-02-02,0.0,0.0,0.0,0.0,0,0.0,7.0,0.55864674,0.82940567,0.8660254,0.5,1,0,0,1,6733.0,1,9209.0,1,7395.0,1,4426.0,1,8273.0,1,7770.0,1,10769.0,1,10500.0,7321.778,7057.335,-2476.0
167,2014-02-03,14608.0,1465.0,1.0,1.0,0,1.0,1.0,0.65282214,0.75751126,0.8660254,0.5,1,0,0,1,0.0,1,6733.0,1,7084.0,1,0.0,1,9419.0,1,4927.0,1,10093.0,1,11317.0,4393.067,5489.0386,-6733.0
167,2014-02-04,13845.0,1440.0,1.0,1.0,0,1.0,2.0,0.65282214,0.75751126,0.8660254,0.5,1,0,0,1,14608.0,1,0.0,1,9209.0,1,6061.0,1,9615.0,1,0.0,1,4874.0,1,9753.0,8479.04,7515.474,14608.0
167,2014-02-05,12351.0,1374.0,1.0,1.0,0,1.0,3.0,0.65282214,0.75751126,0.8660254,0.5,1,0,0,1,13845.0,1,14608.0,1,6733.0,1,7204.0,1,8598.0,1,13319.0,1,0.0,1,0.0,10625.424,8922.035,-763.0
167,2014-02-06,10387.0,1193.0,1.0,1.0,0,1.0,4.0,0.65282214,0.75751126,0.8660254,0.5,1,0,0,1,12351.0,1,13845.0,1,0.0,1,7395.0,1,4426.0,1,8273.0,1,6757.0,1,24835.0,11315.654,9684.027,-1494.0
167,2014-02-07,9648.0,1070.0,1.0,1.0,0,1.0,5.0,0.65282214,0.75751126,0.8660254,0.5,1,0,0,1,10387.0,1,12351.0,1,14608.0,1,7084.0,1,0.0,1,9419.0,1,7814.0,1,20427.0,10944.192,9840.244,-1964.0
167,2014-02-08,4744.0,591.0,1.0,0.0,0,0.0,6.0,0.65282214,0.75751126,0.8660254,0.5,1,0,0,1,9648.0,1,10387.0,1,13845.0,1,9209.0,1,6061.0,1,9615.0,1,8009.0,1,19448.0,10425.716,9797.522,-739.0
167,2014-02-09,0.0,0.0,0.0,0.0,0,0.0,7.0,0.65282214,0.75751126,0.8660254,0.5,1,0,0,1,4744.0,1,9648.0,1,12351.0,1,6733.0,1,7204.0,1,8598.0,1,6560.0,1,16263.0,8153.0293,8674.518,-4904.0
167,2014-02-10,8354.0,1069.0,1.0,0.0,0,1.0,1.0,0.73783326,0.674983,0.8660254,0.5,1,0,0,1,0.0,1,4744.0,1,10387.0,1,0.0,1,7395.0,1,4426.0,1,7770.0,1,17391.0,4891.8174,6746.847,-4744.0
167,2014-02-11,7867.0,1000.0,1.0,0.0,0,1.0,2.0,0.73783326,0.674983,0.8660254,0.5,1,0,0,1,8354.0,1,0.0,1,9648.0,1,14608.0,1,7084.0,1,0.0,1,4927.0,1,11128.0,6276.6904,7103.992,8354.0
167,2014-02-12,7976.0,1064.0,1.0,0.0,0,1.0,3.0,0.73783326,0.674983,0.8660254,0.5,1,0,0,1,7867.0,1,8354.0,1,4744.0,1,13845.0,1,9209.0,1,6061.0,1,0.0,1,0.0,6912.8145,7273.5493,-487.0
167,2014-02-13,7819.0,1028.0,1.0,0.0,0,0.0,4.0,0.73783326,0.674983,0.8660254,0.5,1,0,0,1,7976.0,1,7867.0,1,0.0,1,12351.0,1,6733.0,1,7204.0,1,13319.0,1,19592.0,7338.0884,7429.6494,109.0
167,2014-02-14,7611.0,1021.0,1.0,0.0,0,0.0,5.0,0.73783326,0.674983,0.8660254,0.5,1,0,0,1,7819.0,1,7976.0,1,8354.0,1,10387.0,1,0.0,1,7395.0,1,8273.0,1,5303.0,7530.453,7516.172,-157.0
167,2014-02-15,5156.0,611.0,1.0,0.0,0,0.0,6.0,0.73783326,0.674983,0.8660254,0.5,1,0,0,1,7611.0,1,7819.0,1,7867.0,1,9648.0,1,14608.0,1,7084.0,1,9419.0,1,0.0,7562.672,7537.2446,-208.0
167,2014-02-16,0.0,0.0,0.0,0.0,0,0.0,7.0,0.73783326,0.674983,0.8660254,0.5,1,0,0,1,5156.0,1,7611.0,1,7976.0,1,4744.0,1,13845.0,1,9209.0,1,9615.0,1,0.0,6600.003,7008.079,-2455.0
167,2014-02-17,14131.0,1402.0,1.0,1.0,0,0.0,1.0,0.8124869,0.5829795,0.8660254,0.5,1,0,0,1,0.0,1,5156.0,1,7819.0,1,0.0,1,12351.0,1,6733.0,1,8598.0,1,10355.0,3960.002,5450.7285,-5156.0
167,2014-02-18,11243.0,1194.0,1.0,1.0,0,0.0,2.0,0.8124869,0.5829795,0.8660254,0.5,1,0,0,1,14131.0,1,0.0,1,7611.0,1,8354.0,1,10387.0,1,0.0,1,4426.0,1,5587.0,8028.4014,7379.6777,14131.0
167,2014-02-19,10762.0,1150.0,1.0,1.0,0,0.0,3.0,0.8124869,0.5829795,0.8660254,0.5,1,0,0,1,11243.0,1,14131.0,1,5156.0,1,7867.0,1,9648.0,1,14608.0,1,0.0,1,0.0,9314.24,8238.193,-2888.0
167,2014-02-20,10776.0,1177.0,1.0,1.0,0,0.0,4.0,0.8124869,0.5829795,0.8660254,0.5,1,0,0,1,10762.0,1,11243.0,1,0.0,1,7976.0,1,4744.0,1,13845.0,1,6061.0,1,12707.0,9893.345,8799.039,-481.0
167,2014-02-21,8880.0,1001.0,1.0,1.0,0,0.0,5.0,0.8124869,0.5829795,0.8660254,0.5,1,0,0,1,10776.0,1,10762.0,1,14131.0,1,7819.0,1,0.0,1,12351.0,1,7204.0,1,3747.0,10246.406,9238.364,14.0
167,2014-02-22,5420.0,671.0,1.0,0.0,0,0.0,6.0,0.8124869,0.5829795,0.8660254,0.5,1,0,0,1,8880.0,1,10776.0,1,11243.0,1,7611.0,1,8354.0,1,10387.0,1,7395.0,1,0.0,9699.844,9158.728,-1896.0
167,2014-02-23,0.0,0.0,0.0,0.0,0,0.0,7.0,0.8124869,0.5829795,0.8660254,0.5,1,0,0,1,5420.0,1,8880.0,1,10762.0,1,5156.0,1,7867.0,1,9648.0,1,7084.0,1,8652.0,7987.9062,8327.899,-3460.0
167,2014-02-24,6760.0,920.0,1.0,0.0,0,0.0,1.0,0.8757349,0.4827922,0.8660254,0.5,1,0,0,1,0.0,1,5420.0,1,10776.0,1,0.0,1,7976.0,1,4744.0,1,9209.0,1,8867.0,4792.7437,6477.255,-5420.0
167,2014-02-25,6670.0,916.0,1.0,0.0,0,0.0,2.0,0.8757349,0.4827922,0.8660254,0.5,1,0,0,1,6760.0,1,0.0,1,8880.0,1,14131.0,1,7819.0,1,0.0,1,6733.0,1,5307.0,5579.6465,6540.0874,6760.0
167,2014-02-26,6265.0,906.0,1.0,0.0,0,0.0,3.0,0.8757349,0.4827922,0.8660254,0.5,1,0,0,1,6670.0,1,6760.0,1,5420.0,1,11243.0,1,7611.0,1,8354.0,1,0.0,1,0.0,6015.7876,6568.9565,-90.0
167,2014-02-27,7583.0,963.0,1.0,0.0,0,0.0,4.0,0.8757349,0.4827922,0.8660254,0.5,1,0,0,1,6265.0,1,6670.0,1,0.0,1,10762.0,1,5156.0,1,7867.0,1,14608.0,1,0.0,6115.4727,6501.4106,-405.0
167,2014-02-28,8552.0,1060.0,1.0,0.0,0,0.0,5.0,0.8757349,0.4827922,0.8660254,0.5,1,0,1,1,7583.0,1,6265.0,1,6760.0,1,10776.0,1,0.0,1,7976.0,1,13845.0,1,18200.0,6702.4834,6741.764,1318.0
167,2014-03-01,5398.0,660.0,1.0,0.0,0,0.0,6.0,0.8757349,0.4827922,1.0,6.123234e-17,1,1,0,1,8552.0,1,7583.0,1,6670.0,1,8880.0,1,14131.0,1,7819.0,1,12351.0,1,12864.0,7442.29,7144.0386,969.0
167,2014-03-02,0.0,0.0,0.0,0.0,0,0.0,7.0,0.8757349,0.4827922,1.0,6.123234e-17,1,0,0,1,5398.0,1,8552.0,1,6265.0,1,5420.0,1,11243.0,1,7611.0,1,10387.0,1,10769.0,6624.574,6756.0303,-3154.0
167,2014-03-03,16276.0,1584.0,1.0,1.0,0,0.0,1.0,0.9266896,0.37582758,1.0,6.123234e-17,1,0,0,1,0.0,1,5398.0,1,7583.0,1,0.0,1,10762.0,1,5156.0,1,9648.0,1,10093.0,3974.7444,5254.69,-5398.0
167,2014-03-04,13111.0,1343.0,1.0,1.0,0,0.0,2.0,0.9266896,0.37582758,1.0,6.123234e-17,1,0,0,1,16276.0,1,0.0,1,8552.0,1,6760.0,1,10776.0,1,0.0,1,4744.0,1,4874.0,8895.247,7703.87,16276.0
167,2014-03-05,11285.0,1276.0,1.0,1.0,0,0.0,3.0,0.9266896,0.37582758,1.0,6.123234e-17,1,0,0,1,13111.0,1,16276.0,1,5398.0,1,6670.0,1,8880.0,1,14131.0,1,0.0,1,0.0,10581.548,8905.454,-3165.0
167,2014-03-06,10770.0,1199.0,1.0,1.0,0,0.0,4.0,0.9266896,0.37582758,1.0,6.123234e-17,1,0,0,1,11285.0,1,13111.0,1,0.0,1,6265.0,1,5420.0,1,11243.0,1,8354.0,1,6757.0,10862.929,9434.242,-1826.0
167,2014-03-07,10148.0,1149.0,1.0,1.0,0,0.0,5.0,0.9266896,0.37582758,1.0,6.123234e-17,1,0,0,1,10770.0,1,11285.0,1,16276.0,1,7583.0,1,0.0,1,10762.0,1,7867.0,1,7814.0,10825.757,9731.077,-515.0
167,2014-03-08,5179.0,686.0,1.0,0.0,0,0.0,6.0,0.9266896,0.37582758,1.0,6.123234e-17,1,0,0,1,10148.0,1,10770.0,1,13111.0,1,8552.0,1,6760.0,1,10776.0,1,7976.0,1,8009.0,10554.654,9823.727,-622.0
167,2014-03-09,0.0,0.0,0.0,0.0,0,0.0,7.0,0.9266896,0.37582758,1.0,6.123234e-17,1,0,0,1,5179.0,1,10148.0,1,11285.0,1,5398.0,1,6670.0,1,8880.0,1,7819.0,1,6560.0,8404.393,8791.565,-4969.0
167,2014-03-10,6987.0,949.0,1.0,0.0,0,0.0,1.0,0.9646356,0.26358718,1.0,6.123234e-17,1,0,0,1,0.0,1,5179.0,1,10770.0,1,0.0,1,6265.0,1,5420.0,1,7611.0,1,7770.0,5042.6357,6837.8843,-5179.0
167,2014-03-11,7066.0,937.0,1.0,0.0,0,0.0,2.0,0.9646356,0.26358718,1.0,6.123234e-17,1,0,0,1,6987.0,1,0.0,1,10148.0,1,16276.0,1,7583.0,1,0.0,1,5156.0,1,4927.0,5820.3813,6871.021,6987.0
167,2014-03-12,7211.0,994.0,1.0,0.0,0,0.0,3.0,0.9646356,0.26358718,1.0,6.123234e-17,1,0,0,1,7066.0,1,6987.0,1,5179.0,1,13111.0,1,8552.0,1,6760.0,1,0.0,1,0.0,6318.629,6914.3496,79.0
167,2014-03-13,7210.0,994.0,1.0,0.0,0,0.0,4.0,0.9646356,0.26358718,1.0,6.123234e-17,1,0,0,1,7211.0,1,7066.0,1,0.0,1,11285.0,1,5398.0,1,6670.0,1,14131.0,1,13319.0,6675.577,6980.272,145.0
167,2014-03-14,7206.0,960.0,1.0,0.0,0,0.0,5.0,0.9646356,0.26358718,1.0,6.123234e-17,1,0,0,1,7210.0,1,7211.0,1,6987.0,1,10770.0,1,0.0,1,6265.0,1,11243.0,1,8273.0,6889.346,7031.3228,-1.0
167,2014-03-15,5070.0,607.0,1.0,0.0,0,0.0,6.0,0.9646356,0.26358718,1.0,6.123234e-17,1,0,0,1,7206.0,1,7210.0,1,7066.0,1,10148.0,1,16276.0,1,7583.0,1,10762.0,1,9419.0,7016.008,7070.1396,-4.0
167,2014-03-16,0.0,0.0,0.0,0.0,0,0.0,7.0,0.9646356,0.26358718,1.0,6.123234e-17,1,0,0,1,5070.0,1,7206.0,1,7211.0,1,5179.0,1,13111.0,1,8552.0,1,10776.0,1,9615.0,6237.6045,6625.6646,-2136.0
167,2014-03-17,13657.0,1366.0,1.0,1.0,0,0.0,1.0,0.9890402,0.14764656,1.0,6.123234e-17,1,0,0,1,0.0,1,5070.0,1,7210.0,1,0.0,1,11285.0,1,5398.0,1,8880.0,1,8598.0,3742.5627,5153.2944,-5070.0
167,2014-03-18,10994.0,1231.0,1.0,1.0,0,0.0,2.0,0.9890402,0.14764656,1.0,6.123234e-17,1,0,0,1,13657.0,1,0.0,1,7206.0,1,6987.0,1,10770.0,1,0.0,1,5420.0,1,4426.0,7708.338,7043.007,13657.0
167,2014-03-19,11020.0,1216.0,1.0,1.0,0,0.0,3.0,0.9890402,0.14764656,1.0,6.123234e-17,1,0,0,1,10994.0,1,13657.0,1,5070.0,1,7066.0,1,10148.0,1,16276.0,1,0.0,1,0.0,9022.603,7921.0054,-2663.0
167,2014-03-20,9461.0,1138.0,1.0,1.0,0,0.0,4.0,0.9890402,0.14764656,1.0,6.123234e-17,1,0,0,1,11020.0,1,10994.0,1,0.0,1,7211.0,1,5179.0,1,13111.0,1,6760.0,1,6061.0,9821.562,8609.671,26.0
167,2014-03-21,8958.0,1050.0,1.0,1.0,0,0.0,5.0,0.9890402,0.14764656,1.0,6.123234e-17,1,0,0,1,9461.0,1,11020.0,1,13657.0,1,7210.0,1,0.0,1,11285.0,1,6670.0,1,7204.0,9677.337,8798.855,-1559.0
167,2014-03-22,4998.0,633.0,1.0,0.0,0,0.0,6.0,0.9890402,0.14764656,1.0,6.123234e-17,1,0,0,1,8958.0,1,9461.0,1,10994.0,1,7206.0,1,6987.0,1,10770.0,1,6265.0,1,7395.0,9389.603,8834.221,-503.0
167,2014-03-23,0.0,0.0,0.0,0.0,0,0.0,7.0,0.9890402,0.14764656,1.0,6.123234e-17,1,0,0,1,4998.0,1,8958.0,1,11020.0,1,5070.0,1,7066.0,1,10148.0,1,7583.0,1,7084.0,7632.9614,7981.727,-3960.0
167,2014-03-24,7249.0,934.0,1.0,0.0,0,0.0,1.0,0.99956083,0.029633328,1.0,6.123234e-17,1,0,0,1,0.0,1,4998.0,1,9461.0,1,0.0,1,7211.0,1,5179.0,1,8552.0,1,9209.0,4579.777,6208.01,-4998.0
167,2014-03-25,6231.0,868.0,1.0,0.0,0,0.0,2.0,0.99956083,0.029633328,1.0,6.123234e-17,1,0,0,1,7249.0,1,0.0,1,8958.0,1,13657.0,1,7210.0,1,0.0,1,5398.0,1,6733.0,5647.4663,6439.3413,7249.0
167,2014-03-26,7605.0,994.0,1.0,0.0,0,0.0,3.0,0.99956083,0.029633328,1.0,6.123234e-17,1,0,0,1,6231.0,1,7249.0,1,4998.0,1,10994.0,1,7206.0,1,6987.0,1,0.0,1,0.0,5880.88,6393.043,-1018.0
167,2014-03-27,7000.0,936.0,1.0,0.0,0,0.0,4.0,0.99956083,0.029633328,1.0,6.123234e-17,1,0,0,1,7605.0,1,6231.0,1,0.0,1,11020.0,1,5070.0,1,7066.0,1,16276.0,1,14608.0,6570.528,6662.3667,1374.0
167,2014-03-28,7953.0,990.0,1.0,0.0,0,0.0,5.0,0.99956083,0.029633328,1.0,6.123234e-17,1,0,0,1,7000.0,1,7605.0,1,7249.0,1,9461.0,1,0.0,1,7211.0,1,13111.0,1,13845.0,6742.317,6737.3965,-605.0
167,2014-03-29,5047.0,574.0,1.0,0.0,0,0.0,6.0,0.99956083,0.029633328,1.0,6.123234e-17,1,0,0,1,7953.0,1,7000.0,1,6231.0,1,8958.0,1,13657.0,1,7210.0,1,11285.0,1,12351.0,7226.59,7007.531,953.0
167,2014-03-30,0.0,0.0,0.0,0.0,0,0.0,7.0,0.99956083,0.029633328,1.0,6.123234e-17,1,0,0,1,5047.0,1,7953.0,1,7605.0,1,4998.0,1,10994.0,1,7206.0,1,10770.0,1,10387.0,6354.754,6571.857,-2906.0
167,2014-03-31,14916.0,1469.0,1.0,1.0,0,0.0,1.0,0.9960498,-0.08879589,1.0,6.123234e-17,1,0,1,1,0.0,1,5047.0,1,7000.0,1,0.0,1,11020.0,1,5070.0,1,10148.0,1,9648.0,3812.8523,5111.4443,-5047.0
167,2014-04-01,13038.0,1329.0,1.0,1.0,0,0.0,2.0,0.9960498,-0.08879589,0.8660254,-0.5,2,1,0,1,14916.0,1,0.0,1,7953.0,1,7249.0,1,9461.0,1,0.0,1,5179.0,1,4744.0,8254.111,7290.2344,14916.0
167,2014-04-02,12207.0,1318.0,1.0,1.0,0,0.0,3.0,0.9960498,-0.08879589,0.8660254,-0.5,2,0,0,1,13038.0,1,14916.0,1,5047.0,1,6231.0,1,8958.0,1,13657.0,1,0.0,1,0.0,10167.667,8567.516,-1878.0
167,2014-04-03,10689.0,1202.0,1.0,1.0,0,0.0,4.0,0.9960498,-0.08879589,0.8660254,-0.5,2,0,0,1,12207.0,1,13038.0,1,0.0,1,7605.0,1,4998.0,1,10994.0,1,6987.0,1,8354.0,10983.4,9376.29,-831.0
167,2014-04-04,8452.0,973.0,1.0,1.0,0,0.0,5.0,0.9960498,-0.08879589,0.8660254,-0.5,2,0,0,1,10689.0,1,12207.0,1,14916.0,1,7000.0,1,0.0,1,11020.0,1,7066.0,1,7867.0,10865.64,9668.003,-1518.0
167,2014-04-05,5649.0,640.0,1.0,0.0,0,0.0,6.0,0.9960498,-0.08879589,0.8660254,-0.5,2,0,0,1,8452.0,1,10689.0,1,13038.0,1,7953.0,1,7249.0,1,9461.0,1,7211.0,1,7976.0,9900.184,9397.78,-2237.0
167,2014-04-06,0.0,0.0,0.0,0.0,0,0.0,7.0,0.9960498,-0.08879589,0.8660254,-0.5,2,0,0,1,5649.0,1,8452.0,1,12207.0,1,5047.0,1,6231.0,1,8958.0,1,7210.0,1,7819.0,8199.71,8564.718,-2803.0
167,2014-04-07,7528.0,1032.0,1.0,0.0,0,0.0,1.0,0.9785565,-0.20597862,0.8660254,-0.5,2,0,0,1,0.0,1,5649.0,1,10689.0,1,0.0,1,7605.0,1,4998.0,1,7206.0,1,7611.0,4919.826,6661.4473,-5649.0
167,2014-04-08,7374.0,945.0,1.0,0.0,0,0.0,2.0,0.9785565,-0.20597862,0.8660254,-0.5,2,0,0,1,7528.0,1,0.0,1,8452.0,1,14916.0,1,7000.0,1,0.0,1,5070.0,1,5156.0,5963.0957,6854.0146,7528.0
167,2014-04-09,7421.0,1005.0,1.0,0.0,0,0.0,3.0,0.9785565,-0.20597862,0.8660254,-0.5,2,0,0,1,7374.0,1,7528.0,1,5649.0,1,13038.0,1,7953.0,1,7249.0,1,0.0,1,0.0,6527.4575,6969.567,-154.0
167,2014-04-10,8658.0,1075.0,1.0,0.0,0,0.0,4.0,0.9785565,-0.20597862,0.8660254,-0.5,2,0,0,1,7421.0,1,7374.0,1,0.0,1,12207.0,1,5047.0,1,6231.0,1,13657.0,1,14131.0,6884.8745,7069.8853,47.0
167,2014-04-11,7953.0,995.0,1.0,0.0,0,0.0,5.0,0.9785565,-0.20597862,0.8660254,-0.5,2,0,0,1,8658.0,1,7421.0,1,7528.0,1,10689.0,1,0.0,1,7605.0,1,10994.0,1,11243.0,7594.1245,7422.8,1237.0
167,2014-04-12,5127.0,638.0,1.0,0.0,0,0.0,6.0,0.9785565,-0.20597862,0.8660254,-0.5,2,0,0,1,7953.0,1,8658.0,1,7374.0,1,8452.0,1,14916.0,1,7000.0,1,11020.0,1,10762.0,7737.675,7540.622,-705.0
167,2014-04-13,0.0,0.0,0.0,0.0,0,0.0,7.0,0.9785565,-0.20597862,0.8660254,-0.5,2,0,0,1,5127.0,1,7953.0,1,7421.0,1,5649.0,1,13038.0,1,7953.0,1,9461.0,1,10776.0,6693.405,7004.2617,-2826.0
167,2014-04-14,15182.0,1487.0,1.0,1.0,0,1.0,1.0,0.94732636,-0.32026985,0.8660254,-0.5,2,0,0,1,0.0,1,5127.0,1,8658.0,1,0.0,1,12207.0,1,5047.0,1,8958.0,1,8880.0,4016.043,5447.759,-5127.0
167,2014-04-15,16426.0,1607.0,1.0,1.0,0,1.0,2.0,0.94732636,-0.32026985,0.8660254,-0.5,2,0,0,1,15182.0,1,0.0,1,7953.0,1,7528.0,1,10689.0,1,0.0,1,4998.0,1,5420.0,8482.426,7610.924,15182.0
167,2014-04-16,14097.0,1564.0,1.0,1.0,0,1.0,3.0,0.94732636,-0.32026985,0.8660254,-0.5,2,0,0,1,16426.0,1,15182.0,1,5127.0,1,7374.0,1,8452.0,1,14916.0,1,0.0,1,0.0,11659.855,9569.829,1244.0
167,2014-04-17,12466.0,1430.0,1.0,1.0,0,1.0,4.0,0.94732636,-0.32026985,0.8660254,-0.5,2,0,0,1,14097.0,1,16426.0,1,0.0,1,7421.0,1,5649.0,1,13038.0,1,7249.0,1,6760.0,12634.713,10575.867,-2329.0
167,2014-04-18,0.0,0.0,0.0,1.0,2,0.0,5.0,0.94732636,-0.32026985,0.8660254,-0.5,2,0,0,1,12466.0,1,14097.0,1,15182.0,1,8658.0,1,0.0,1,12207.0,1,6231.0,1,6670.0,12567.228,10995.896,-1631.0
167,2014-04-19,8412.0,999.0,1.0,0.0,0,0.0,6.0,0.94732636,-0.32026985,0.8660254,-0.5,2,0,0,1,0.0,1,12466.0,1,16426.0,1,7953.0,1,7528.0,1,10689.0,1,7605.0,1,6265.0,7540.337,8552.364,-12466.0
167,2014-04-20,0.0,0.0,0.0,0.0,0,0.0,7.0,0.94732636,-0.32026985,0.8660254,-0.5,2,0,0,1,8412.0,1,0.0,1,14097.0,1,5127.0,1,7374.0,1,8452.0,1,7000.0,1,7583.0,7889.002,8521.172,8412.0
167,2014-04-21,0.0,0.0,0.0,0.0,2,0.0,1.0,0.9027978,-0.4300652,0.8660254,-0.5,2,0,0,1,0.0,1,8412.0,1,12466.0,1,0.0,1,7421.0,1,5649.0,1,7953.0,1,8552.0,4733.4014,6627.578,-8412.0
167,2014-04-22,7947.0,1015.0,1.0,0.0,0,0.0,2.0,0.9027978,-0.4300652,0.8660254,-0.5,2,0,0,1,0.0,1,0.0,1,0.0,1,15182.0,1,8658.0,1,0.0,1,5047.0,1,5398.0,2840.0408,5154.783,0.0
167,2014-04-23,7753.0,1053.0,1.0,0.0,0,0.0,3.0,0.9027978,-0.4300652,0.8660254,-0.5,2,0,0,1,7947.0,1,0.0,1,8412.0,1,16426.0,1,7953.0,1,7528.0,1,0.0,1,0.0,4882.824,5775.276,7947.0
167,2014-04-24,7106.0,927.0,1.0,0.0,0,0.0,4.0,0.9027978,-0.4300652,0.8660254,-0.5,2,0,0,1,7753.0,1,7947.0,1,0.0,1,14097.0,1,5127.0,1,7374.0,1,14916.0,1,16276.0,6030.8945,6214.77,-194.0
167,2014-04-25,6823.0,915.0,1.0,0.0,0,0.0,5.0,0.9027978,-0.4300652,0.8660254,-0.5,2,0,0,1,7106.0,1,7753.0,1,0.0,1,12466.0,1,0.0,1,7421.0,1,13038.0,1,13111.0,6460.937,6412.8213,-647.0
167,2014-04-26,5601.0,820.0,1.0,0.0,0,0.0,6.0,0.9027978,-0.4300652,0.8660254,-0.5,2,0,0,1,6823.0,1,7106.0,1,7947.0,1,0.0,1,15182.0,1,8658.0,1,12207.0,1,11285.0,6605.762,6503.972,-283.0
167,2014-04-27,0.0,0.0,0.0,0.0,0,0.0,7.0,0.9027978,-0.4300652,0.8660254,-0.5,2,0,0,1,5601.0,1,6823.0,1,7753.0,1,8412.0,1,16426.0,1,7953.0,1,10689.0,1,10770.0,6203.8574,6303.3115,-1222.0
167,2014-04-28,13252.0,1359.0,1.0,1.0,0,0.0,1.0,0.845596,-0.5338234,0.8660254,-0.5,2,0,0,1,0.0,1,5601.0,1,7106.0,1,0.0,1,14097.0,1,5127.0,1,8452.0,1,10148.0,3722.3145,4902.5757,-5601.0
167,2014-04-29,12734.0,1401.0,1.0,1.0,0,0.0,2.0,0.845596,-0.5338234,0.8660254,-0.5,2,0,0,1,13252.0,1,0.0,1,6823.0,1,0.0,1,12466.0,1,0.0,1,5649.0,1,5179.0,7534.1885,6758.0034,13252.0
167,2014-04-30,13241.0,1521.0,1.0,1.0,0,0.0,3.0,0.845596,-0.5338234,0.8660254,-0.5,2,0,1,1,12734.0,1,13252.0,1,5601.0,1,7947.0,1,0.0,1,15182.0,1,0.0,1,0.0,9614.113,8086.0024,-518.0
167,2014-05-01,0.0,0.0,0.0,1.0,1,0.0,4.0,0.845596,-0.5338234,0.5,-0.8660254,2,1,0,1,13241.0,1,12734.0,1,0.0,1,7753.0,1,8412.0,1,16426.0,1,7528.0,1,6987.0,11064.868,9231.558,507.0
167,2014-05-02,14538.0,1536.0,1.0,1.0,0,0.0,5.0,0.845596,-0.5338234,0.5,-0.8660254,2,0,0,1,0.0,1,13241.0,1,13252.0,1,7106.0,1,0.0,1,14097.0,1,7374.0,1,7066.0,6638.921,7180.1,-13241.0
167,2014-05-03,5681.0,652.0,1.0,0.0,0,0.0,6.0,0.845596,-0.5338234,0.5,-0.8660254,2,0,0,1,14538.0,1,0.0,1,12734.0,1,6823.0,1,0.0,1,12466.0,1,7421.0,1,7211.0,9798.553,8815.189,14538.0
167,2014-05-04,0.0,0.0,0.0,0.0,0,0.0,7.0,0.845596,-0.5338234,0.5,-0.8660254,2,0,0,1,5681.0,1,14538.0,1,13241.0,1,5601.0,1,7947.0,1,0.0,1,8658.0,1,7210.0,8151.5312,8118.7026,-8857.0
167,2014-05-05,14517.0,1457.0,1.0,1.0,0,0.0,1.0,0.7765239,-0.63008785,0.5,-0.8660254,2,0,0,1,0.0,1,5681.0,1,0.0,1,0.0,1,7753.0,1,8412.0,1,7953.0,1,7206.0,4890.919,6314.5464,-5681.0
167,2014-05-06,12353.0,1275.0,1.0,1.0,0,0.0,2.0,0.7765239,-0.63008785,0.5,-0.8660254,2,0,0,1,14517.0,1,0.0,1,14538.0,1,13252.0,1,7106.0,1,0.0,1,5127.0,1,5070.0,8741.352,8137.314,14517.0
167,2014-05-07,11202.0,1259.0,1.0,1.0,0,0.0,3.0,0.7765239,-0.63008785,0.5,-0.8660254,2,0,0,1,12353.0,1,14517.0,1,5681.0,1,12734.0,1,6823.0,1,0.0,1,0.0,1,0.0,10186.011,9074.133,-2164.0
167,2014-05-08,9918.0,1141.0,1.0,1.0,0,0.0,4.0,0.7765239,-0.63008785,0.5,-0.8660254,2,0,0,1,11202.0,1,12353.0,1,0.0,1,13241.0,1,5601.0,1,7947.0,1,15182.0,1,13657.0,10592.406,9546.992,-1151.0
167,2014-05-09,10734.0,1160.0,1.0,1.0,0,0.0,5.0,0.7765239,-0.63008785,0.5,-0.8660254,2,0,0,1,9918.0,1,11202.0,1,14517.0,1,0.0,1,0.0,1,7753.0,1,16426.0,1,10994.0,10322.644,9629.438,-1284.0
167,2014-05-10,5918.0,692.0,1.0,0.0,0,0.0,6.0,0.7765239,-0.63008785,0.5,-0.8660254,2,0,0,1,10734.0,1,9918.0,1,12353.0,1,14538.0,1,13252.0,1,7106.0,1,14097.0,1,11020.0,10487.187,9874.896,816.0
167,2014-05-11,0.0,0.0,0.0,0.0,0,0.0,7.0,0.7765239,-0.63008785,0.5,-0.8660254,2,0,0,1,5918.0,1,10734.0,1,11202.0,1,5681.0,1,12734.0,1,6823.0,1,12466.0,1,9461.0,8659.512,8995.586,-4816.0
167,2014-05-12,7063.0,934.0,1.0,0.0,0,0.0,1.0,0.696551,-0.71750724,0.5,-0.8660254,2,0,0,1,0.0,1,5918.0,1,9918.0,1,0.0,1,13241.0,1,5601.0,1,0.0,1,8958.0,5195.707,6996.567,-5918.0
167,2014-05-13,7663.0,991.0,1.0,0.0,0,0.0,2.0,0.696551,-0.71750724,0.5,-0.8660254,2,0,0,1,7063.0,1,0.0,1,10734.0,1,14517.0,1,0.0,1,0.0,1,8412.0,1,4998.0,5942.624,7011.33,7063.0
167,2014-05-14,7495.0,993.0,1.0,0.0,0,0.0,3.0,0.696551,-0.71750724,0.5,-0.8660254,2,0,0,1,7663.0,1,7063.0,1,5918.0,1,12353.0,1,14538.0,1,13252.0,1,0.0,1,0.0,6630.7744,7156.1455,600.0
167,2014-05-15,6990.0,909.0,1.0,0.0,0,0.0,4.0,0.696551,-0.71750724,0.5,-0.8660254,2,0,0,1,7495.0,1,7663.0,1,0.0,1,11202.0,1,5681.0,1,12734.0,1,0.0,1,7249.0,6976.465,7231.4463,-168.0
167,2014-05-16,7024.0,888.0,1.0,0.0,0,0.0,5.0,0.696551,-0.71750724,0.5,-0.8660254,2,0,0,1,6990.0,1,7495.0,1,7063.0,1,9918.0,1,0.0,1,13241.0,1,7947.0,1,6231.0,6981.879,7177.7915,-505.0
167,2014-05-17,4812.0,587.0,1.0,0.0,0,0.0,6.0,0.696551,-0.71750724,0.5,-0.8660254,2,0,0,1,7024.0,1,6990.0,1,7663.0,1,10734.0,1,14517.0,1,0.0,1,7753.0,1,7605.0,6998.7275,7143.6157,34.0
167,2014-05-18,0.0,0.0,0.0,0.0,0,0.0,7.0,0.696551,-0.71750724,0.5,-0.8660254,2,0,0,1,4812.0,1,7024.0,1,7495.0,1,5918.0,1,12353.0,1,14538.0,1,7106.0,1,7000.0,6124.0366,6625.479,-2212.0
167,2014-05-19,13910.0,1402.0,1.0,1.0,0,0.0,1.0,0.60680014,-0.79485446,0.5,-0.8660254,2,0,0,1,0.0,1,4812.0,1,6990.0,1,0.0,1,11202.0,1,5681.0,1,6823.0,1,7953.0,3674.4219,5153.1504,-4812.0
167,2014-05-20,11973.0,1292.0,1.0,1.0,0,0.0,2.0,0.60680014,-0.79485446,0.5,-0.8660254,2,0,0,1,13910.0,1,0.0,1,7024.0,1,7063.0,1,9918.0,1,0.0,1,5601.0,1,5047.0,7768.6533,7099.1167,13910.0
167,2014-05-21,10093.0,1223.0,1.0,1.0,0,0.0,3.0,0.60680014,-0.79485446,0.5,-0.8660254,2,0,0,1,11973.0,1,13910.0,1,4812.0,1,7663.0,1,10734.0,1,14517.0,1,0.0,1,0.0,9450.392,8182.202,-1937.0
167,2014-05-22,9701.0,1076.0,1.0,1.0,0,0.0,4.0,0.60680014,-0.79485446,0.5,-0.8660254,2,0,0,1,10093.0,1,11973.0,1,0.0,1,7495.0,1,5918.0,1,12353.0,1,13252.0,1,14916.0,9707.436,8606.824,-1880.0
167,2014-05-23,8764.0,1053.0,1.0,1.0,0,0.0,5.0,0.60680014,-0.79485446,0.5,-0.8660254,2,0,0,1,9701.0,1,10093.0,1,13910.0,1,6990.0,1,0.0,1,11202.0,1,12734.0,1,13038.0,9704.861,8849.974,-392.0
167,2014-05-24,5444.0,638.0,1.0,0.0,0,0.0,6.0,0.60680014,-0.79485446,0.5,-0.8660254,2,0,0,1,8764.0,1,9701.0,1,11973.0,1,7024.0,1,7063.0,1,9918.0,1,13241.0,1,12207.0,9328.517,8830.869,-937.0
167,2014-05-25,0.0,0.0,0.0,0.0,0,0.0,7.0,0.60680014,-0.79485446,0.5,-0.8660254,2,0,0,1,5444.0,1,8764.0,1,10093.0,1,4812.0,1,7663.0,1,10734.0,1,0.0,1,10689.0,7774.71,8078.2314,-3320.0
167,2014-05-26,7470.0,999.0,1.0,0.0,0,0.0,1.0,0.5085311,-0.86104363,0.5,-0.8660254,2,0,0,1,0.0,1,5444.0,1,9701.0,1,0.0,1,7495.0,1,5918.0,1,14538.0,1,8452.0,4664.826,6283.069,-5444.0
167,2014-05-27,7366.0,911.0,1.0,0.0,0,0.0,2.0,0.5085311,-0.86104363,0.5,-0.8660254,2,0,0,1,7470.0,1,0.0,1,8764.0,1,13910.0,1,6990.0,1,0.0,1,5681.0,1,5649.0,5786.8955,6546.831,7470.0
167,2014-05-28,7488.0,846.0,1.0,0.0,0,0.0,3.0,0.5085311,-0.86104363,0.5,-0.8660254,2,0,0,1,7366.0,1,7470.0,1,5444.0,1,11973.0,1,7024.0,1,7063.0,1,0.0,1,0.0,6418.5376,6728.8687,-104.0
167,2014-05-29,0.0,0.0,0.0,0.0,1,0.0,4.0,0.5085311,-0.86104363,0.5,-0.8660254,2,0,0,1,7488.0,1,7366.0,1,0.0,1,10093.0,1,4812.0,1,7663.0,1,14517.0,1,7528.0,6846.3223,6897.5645,122.0
167,2014-05-30,12504.0,1493.0,1.0,0.0,0,1.0,5.0,0.5085311,-0.86104363,0.5,-0.8660254,2,0,0,1,0.0,1,7488.0,1,7470.0,1,9701.0,1,0.0,1,7495.0,1,12353.0,1,7374.0,4107.7935,5364.7725,-7488.0
167,2014-05-31,5632.0,654.0,1.0,0.0,0,0.0,6.0,0.5085311,-0.86104363,0.5,-0.8660254,2,0,1,1,12504.0,1,0.0,1,7366.0,1,8764.0,1,13910.0,1,6990.0,1,11202.0,1,7421.0,7466.276,6951.2676,12504.0
167,2014-06-01,0.0,0.0,0.0,0.0,0,0.0,7.0,0.5085311,-0.86104363,1.2246469e-16,-1.0,2,1,0,1,5632.0,1,12504.0,1,7488.0,1,5444.0,1,11973.0,1,7024.0,1,9918.0,1,8658.0,6732.5654,6658.0967,-6872.0
167,2014-06-02,16008.0,1622.0,1.0,1.0,0,1.0,1.0,0.40312344,-0.91514564,1.2246469e-16,-1.0,2,0,0,1,0.0,1,5632.0,1,0.0,1,0.0,1,10093.0,1,4812.0,1,10734.0,1,7953.0,4039.5393,5178.52,-5632.0
167,2014-06-03,12922.0,1381.0,1.0,1.0,0,1.0,2.0,0.40312344,-0.91514564,1.2246469e-16,-1.0,2,0,0,1,16008.0,1,0.0,1,12504.0,1,7470.0,1,9701.0,1,0.0,1,5918.0,1,5127.0,8826.924,7585.071,16008.0
167,2014-06-04,11771.0,1323.0,1.0,1.0,0,1.0,3.0,0.40312344,-0.91514564,1.2246469e-16,-1.0,2,0,0,1,12922.0,1,16008.0,1,5632.0,1,7366.0,1,8764.0,1,13910.0,1,0.0,1,0.0,10464.954,8771.056,-3086.0
167,2014-06-05,10515.0,1150.0,1.0,1.0,0,1.0,4.0,0.40312344,-0.91514564,1.2246469e-16,-1.0,2,0,0,1,11771.0,1,12922.0,1,0.0,1,7488.0,1,5444.0,1,11973.0,1,7063.0,1,15182.0,10987.372,9437.71,-1151.0
167,2014-06-06,10336.0,1120.0,1.0,1.0,0,1.0,5.0,0.40312344,-0.91514564,1.2246469e-16,-1.0,2,0,0,1,10515.0,1,11771.0,1,16008.0,1,0.0,1,0.0,1,10093.0,1,7663.0,1,16426.0,10798.424,9677.107,-1256.0
167,2014-06-07,5004.0,620.0,1.0,0.0,0,0.0,6.0,0.40312344,-0.91514564,1.2246469e-16,-1.0,2,0,0,1,10336.0,1,10515.0,1,12922.0,1,12504.0,1,7470.0,1,9701.0,1,7495.0,1,14097.0,10613.454,9823.528,-179.0
167,2014-06-08,0.0,0.0,0.0,0.0,0,0.0,7.0,0.40312344,-0.91514564,1.2246469e-16,-1.0,2,0,0,1,5004.0,1,10336.0,1,11771.0,1,5632.0,1,7366.0,1,8764.0,1,6990.0,1,12466.0,8369.673,8752.521,-5332.0
167,2014-06-09,0.0,0.0,0.0,0.0,1,0.0,1.0,0.29205677,-0.956401,1.2246469e-16,-1.0,2,0,0,1,0.0,1,5004.0,1,10515.0,1,0.0,1,7488.0,1,5444.0,1,7024.0,1,0.0,5021.8037,6807.517,-5004.0
167,2014-06-10,8427.0,1014.0,1.0,0.0,0,0.0,2.0,0.29205677,-0.956401,1.2246469e-16,-1.0,2,0,0,1,0.0,1,0.0,1,10336.0,1,16008.0,1,0.0,1,0.0,1,4812.0,1,8412.0,3013.082,5294.7354,0.0
167,2014-06-11,7443.0,946.0,1.0,0.0,0,0.0,3.0,0.29205677,-0.956401,1.2246469e-16,-1.0,2,0,0,1,8427.0,1,0.0,1,5004.0,1,12922.0,1,12504.0,1,7470.0,1,0.0,1,0.0,5178.6494,5990.7944,8427.0
167,2014-06-12,9810.0,1183.0,1.0,0.0,0,0.0,4.0,0.29205677,-0.956401,1.2246469e-16,-1.0,2,0,0,1,7443.0,1,8427.0,1,0.0,1,11771.0,1,5632.0,1,7366.0,1,13910.0,1,0.0,6084.3896,6313.507,-984.0
167,2014-06-13,7167.0,977.0,1.0,0.0,0,0.0,5.0,0.29205677,-0.956401,1.2246469e-16,-1.0,2,0,0,1,9810.0,1,7443.0,1,0.0,1,10515.0,1,0.0,1,7488.0,1,11973.0,1,7947.0,7574.634,7090.5054,2367.0
167,2014-06-14,5490.0,779.0,1.0,0.0,0,0.0,6.0,0.29205677,-0.956401,1.2246469e-16,-1.0,2,0,0,1,7167.0,1,9810.0,1,8427.0,1,10336.0,1,16008.0,1,0.0,1,10093.0,1,7753.0,7411.58,7107.504,-2643.0
167,2014-06-15,0.0,0.0,0.0,0.0,0,0.0,7.0,0.29205677,-0.956401,1.2246469e-16,-1.0,2,0,0,1,5490.0,1,7167.0,1,7443.0,1,5004.0,1,12922.0,1,12504.0,1,9701.0,1,7106.0,6642.948,6748.0586,-1677.0
167,2014-06-16,14229.0,1416.0,1.0,1.0,0,0.0,1.0,0.17689027,-0.9842306,1.2246469e-16,-1.0,2,0,0,1,0.0,1,5490.0,1,9810.0,1,0.0,1,11771.0,1,5632.0,1,8764.0,1,6823.0,3985.7688,5248.49,-5490.0
167,2014-06-17,12718.0,1339.0,1.0,1.0,0,0.0,2.0,0.17689027,-0.9842306,1.2246469e-16,-1.0,2,0,0,1,14229.0,1,0.0,1,7167.0,1,0.0,1,10515.0,1,0.0,1,5444.0,1,5601.0,8083.0615,7244.159,14229.0
167,2014-06-18,11365.0,1263.0,1.0,1.0,0,0.0,3.0,0.17689027,-0.9842306,1.2246469e-16,-1.0,2,0,0,1,12718.0,1,14229.0,1,5490.0,1,8427.0,1,10336.0,1,16008.0,1,0.0,1,0.0,9937.037,8460.568,-1511.0
167,2014-06-19,10460.0,1096.0,1.0,1.0,0,0.0,4.0,0.17689027,-0.9842306,1.2246469e-16,-1.0,2,0,0,1,11365.0,1,12718.0,1,0.0,1,7443.0,1,5004.0,1,12922.0,1,7470.0,1,13252.0,10508.222,9105.997,-1353.0
167,2014-06-20,9789.0,1135.0,1.0,1.0,0,0.0,5.0,0.17689027,-0.9842306,1.2246469e-16,-1.0,2,0,0,1,10460.0,1,11365.0,1,14229.0,1,9810.0,1,0.0,1,11771.0,1,7366.0,1,12734.0,10488.934,9406.887,-905.0
167,2014-06-21,5487.0,626.0,1.0,0.0,0,0.0,6.0,0.17689027,-0.9842306,1.2246469e-16,-1.0,2,0,0,1,9789.0,1,10460.0,1,12718.0,1,7167.0,1,0.0,1,10515.0,1,7488.0,1,13241.0,10208.96,9491.801,-671.0
167,2014-06-22,0.0,0.0,0.0,0.0,0,0.0,7.0,0.17689027,-0.9842306,1.2246469e-16,-1.0,2,0,0,1,5487.0,1,9789.0,1,11365.0,1,5490.0,1,8427.0,1,10336.0,1,0.0,1,0.0,8320.176,8601.845,-4302.0
167,2014-06-23,7606.0,1001.0,1.0,0.0,0,0.0,1.0,0.059240628,-0.99824375,1.2246469e-16,-1.0,2,0,0,1,0.0,1,5487.0,1,10460.0,1,0.0,1,7443.0,1,5004.0,1,12504.0,1,14538.0,4992.1055,6690.324,-5487.0
167,2014-06-24,7412.0,926.0,1.0,0.0,0,0.0,2.0,0.059240628,-0.99824375,1.2246469e-16,-1.0,2,0,0,1,7606.0,1,0.0,1,9789.0,1,14229.0,1,9810.0,1,0.0,1,5632.0,1,5681.0,6037.6636,6893.8076,7606.0
167,2014-06-25,5247.0,671.0,1.0,0.0,0,0.0,3.0,0.059240628,-0.99824375,1.2246469e-16,-1.0,2,0,0,1,7412.0,1,7606.0,1,5487.0,1,12718.0,1,7167.0,1,0.0,1,0.0,1,0.0,6587.398,7008.9614,-194.0
167,2014-06-26,7852.0,1006.0,1.0,0.0,0,0.0,4.0,0.059240628,-0.99824375,1.2246469e-16,-1.0,2,0,0,1,5247.0,1,7412.0,1,0.0,1,11365.0,1,5490.0,1,8427.0,1,16008.0,1,14517.0,6051.239,6617.4146,-2165.0
167,2014-06-27,7967.0,1003.0,1.0,0.0,0,0.0,5.0,0.059240628,-0.99824375,1.2246469e-16,-1.0,2,0,0,1,7852.0,1,5247.0,1,7606.0,1,10460.0,1,0.0,1,7443.0,1,12922.0,1,12353.0,6771.5435,6891.7666,2605.0
167,2014-06-28,5417.0,654.0,1.0,0.0,0,0.0,6.0,0.059240628,-0.99824375,1.2246469e-16,-1.0,2,0,0,1,7967.0,1,7852.0,1,7412.0,1,9789.0,1,14229.0,1,9810.0,1,11771.0,1,11202.0,7249.726,7130.7075,115.0
167,2014-06-29,0.0,0.0,0.0,0.0,0,0.0,7.0,0.059240628,-0.99824375,1.2246469e-16,-1.0,2,0,0,1,5417.0,1,7967.0,1,5247.0,1,5487.0,1,12718.0,1,7167.0,1,10515.0,1,9918.0,6516.6357,6749.884,-2550.0
167,2014-06-30,15231.0,1493.0,1.0,1.0,0,0.0,1.0,-0.059240628,-0.99824375,1.2246469e-16,-1.0,2,0,1,1,0.0,1,5417.0,1,7852.0,1,0.0,1,11365.0,1,5490.0,1,10336.0,1,10734.0,3909.9814,5249.9097,-5417.0
167,2014-07-01,13859.0,1432.0,1.0,1.0,0,0.0,2.0,-0.059240628,-0.99824375,-0.5,-0.8660254,3,1,0,1,15231.0,1,0.0,1,7967.0,1,7606.0,1,10460.0,1,0.0,1,5004.0,1,5918.0,8438.389,7467.9297,15231.0
167,2014-07-02,13402.0,1437.0,1.0,1.0,0,0.0,3.0,-0.059240628,-0.99824375,-0.5,-0.8660254,3,0,0,1,13859.0,1,15231.0,1,5417.0,1,7412.0,1,9789.0,1,14229.0,1,0.0,1,0.0,10606.633,8888.167,-1372.0
167,2014-07-03,11265.0,1254.0,1.0,1.0,0,0.0,4.0,-0.059240628,-0.99824375,-0.5,-0.8660254,3,0,0,1,13402.0,1,13859.0,1,0.0,1,5247.0,1,5487.0,1,12718.0,1,0.0,1,7063.0,11724.78,9891.241,-457.0
167,2014-07-04,9199.0,1108.0,1.0,1.0,0,0.0,5.0,-0.059240628,-0.99824375,-0.5,-0.8660254,3,0,0,1,11265.0,1,13402.0,1,15231.0,1,7852.0,1,0.0,1,11365.0,1,8427.0,1,7663.0,11540.868,10196.521,-2137.0
167,2014-07-05,5078.0,605.0,1.0,0.0,0,0.0,6.0,-0.059240628,-0.99824375,-0.5,-0.8660254,3,0,0,1,9199.0,1,11265.0,1,13859.0,1,7967.0,1,7606.0,1,10460.0,1,7443.0,1,7495.0,10604.121,9974.85,-2066.0
167,2014-07-06,0.0,0.0,0.0,0.0,0,0.0,7.0,-0.059240628,-0.99824375,-0.5,-0.8660254,3,0,0,1,5078.0,1,9199.0,1,13402.0,1,5417.0,1,7412.0,1,9789.0,1,9810.0,1,6990.0,8393.673,8886.661,-4121.0
167,2014-07-07,8369.0,1038.0,1.0,0.0,0,0.0,1.0,-0.17689027,-0.9842306,-0.5,-0.8660254,3,0,0,1,0.0,1,5078.0,1,11265.0,1,0.0,1,5247.0,1,5487.0,1,7167.0,1,7024.0,5036.2036,6911.847,-5078.0
167,2014-07-08,7257.0,862.0,1.0,0.0,0,0.0,2.0,-0.17689027,-0.9842306,-0.5,-0.8660254,3,0,0,1,8369.0,1,0.0,1,9199.0,1,15231.0,1,7852.0,1,0.0,1,5490.0,1,4812.0,6369.3223,7235.659,8369.0
167,2014-07-09,7400.0,934.0,1.0,0.0,0,0.0,3.0,-0.17689027,-0.9842306,-0.5,-0.8660254,3,0,0,1,7257.0,1,8369.0,1,5078.0,1,13859.0,1,7967.0,1,7606.0,1,0.0,1,0.0,6724.393,7240.4014,-1112.0
167,2014-07-10,8285.0,1064.0,1.0,0.0,0,0.0,4.0,-0.17689027,-0.9842306,-0.5,-0.8660254,3,0,0,1,7400.0,1,7257.0,1,0.0,1,13402.0,1,5417.0,1,7412.0,1,14229.0,1,13910.0,6994.6357,7275.8677,143.0
167,2014-07-11,7098.0,993.0,1.0,0.0,0,0.0,5.0,-0.17689027,-0.9842306,-0.5,-0.8660254,3,0,0,1,8285.0,1,7400.0,1,8369.0,1,11265.0,1,0.0,1,5247.0,1,12718.0,1,11973.0,7510.7817,7500.1196,885.0
167,2014-07-12,5136.0,624.0,1.0,0.0,0,0.0,6.0,-0.17689027,-0.9842306,-0.5,-0.8660254,3,0,0,1,7098.0,1,8285.0,1,7257.0,1,9199.0,1,15231.0,1,7852.0,1,11365.0,1,10093.0,7345.669,7410.76,-1187.0
167,2014-07-13,0.0,0.0,0.0,0.0,0,0.0,7.0,-0.17689027,-0.9842306,-0.5,-0.8660254,3,0,0,1,5136.0,1,7098.0,1,7400.0,1,5078.0,1,13859.0,1,7967.0,1,10460.0,1,9701.0,6461.8013,6905.2573,-1962.0
167,2014-07-14,13642.0,1393.0,1.0,1.0,0,0.0,1.0,-0.29205677,-0.956401,-0.5,-0.8660254,3,0,0,1,0.0,1,5136.0,1,8285.0,1,0.0,1,13402.0,1,5417.0,1,9789.0,1,8764.0,3877.0808,5370.756,-5136.0
167,2014-07-15,13513.0,1374.0,1.0,1.0,0,0.0,2.0,-0.29205677,-0.956401,-0.5,-0.8660254,3,0,0,1,13642.0,1,0.0,1,7098.0,1,8369.0,1,11265.0,1,0.0,1,5487.0,1,5444.0,7783.0483,7208.81,13642.0
167,2014-07-16,12109.0,1403.0,1.0,1.0,0,0.0,3.0,-0.29205677,-0.956401,-0.5,-0.8660254,3,0,0,1,13513.0,1,13642.0,1,5136.0,1,7257.0,1,9199.0,1,15231.0,1,0.0,1,0.0,10075.029,8609.741,-129.0
167,2014-07-17,11718.0,1280.0,1.0,1.0,0,0.0,4.0,-0.29205677,-0.956401,-0.5,-0.8660254,3,0,0,1,12109.0,1,13513.0,1,0.0,1,7400.0,1,5078.0,1,13859.0,1,7606.0,1,7470.0,10888.617,9387.3545,-1404.0
167,2014-07-18,9319.0,1134.0,1.0,1.0,0,0.0,5.0,-0.29205677,-0.956401,-0.5,-0.8660254,3,0,0,1,11718.0,1,12109.0,1,13642.0,1,8285.0,1,0.0,1,13402.0,1,7412.0,1,7366.0,11220.37,9905.275,-391.0
167,2014-07-19,4576.0,551.0,1.0,0.0,0,0.0,6.0,-0.29205677,-0.956401,-0.5,-0.8660254,3,0,0,1,9319.0,1,11718.0,1,13513.0,1,7098.0,1,8369.0,1,11265.0,1,5247.0,1,7488.0,10459.822,9774.992,-2399.0
167,2014-07-20,0.0,0.0,0.0,0.0,0,0.0,7.0,-0.29205677,-0.956401,-0.5,-0.8660254,3,0,0,1,4576.0,1,9319.0,1,12109.0,1,5136.0,1,7257.0,1,9199.0,1,7852.0,1,0.0,8106.2935,8619.66,-4743.0
167,2014-07-21,7671.0,950.0,1.0,0.0,0,1.0,1.0,-0.40312344,-0.91514564,-0.5,-0.8660254,3,0,0,1,0.0,1,4576.0,1,11718.0,1,0.0,1,7400.0,1,5078.0,1,7967.0,1,12504.0,4863.776,6704.18,-4576.0
167,2014-07-22,7685.0,952.0,1.0,0.0,0,1.0,2.0,-0.40312344,-0.91514564,-0.5,-0.8660254,3,0,0,1,7671.0,1,0.0,1,9319.0,1,13642.0,1,8285.0,1,0.0,1,5417.0,1,5632.0,5986.6655,6919.0293,7671.0
167,2014-07-23,7106.0,942.0,1.0,0.0,0,1.0,3.0,-0.40312344,-0.91514564,-0.5,-0.8660254,3,0,0,1,7685.0,1,7671.0,1,4576.0,1,13513.0,1,7098.0,1,8369.0,1,0.0,1,0.0,6665.9995,7089.245,14.0
167,2014-07-24,7219.0,878.0,1.0,0.0,0,1.0,4.0,-0.40312344,-0.91514564,-0.5,-0.8660254,3,0,0,1,7106.0,1,7685.0,1,0.0,1,12109.0,1,5136.0,1,7257.0,1,15231.0,1,16008.0,6841.9995,7092.9683,-579.0
167,2014-07-25,6964.0,847.0,1.0,0.0,0,1.0,5.0,-0.40312344,-0.91514564,-0.5,-0.8660254,3,0,0,1,7219.0,1,7106.0,1,7671.0,1,11718.0,1,0.0,1,7400.0,1,13859.0,1,12922.0,6992.8,7120.975,113.0
167,2014-07-26,4940.0,586.0,1.0,0.0,0,0.0,6.0,-0.40312344,-0.91514564,-0.5,-0.8660254,3,0,0,1,6964.0,1,7219.0,1,7685.0,1,9319.0,1,13642.0,1,8285.0,1,13402.0,1,11771.0,6981.28,7086.092,-255.0
167,2014-07-27,0.0,0.0,0.0,0.0,0,0.0,7.0,-0.40312344,-0.91514564,-0.5,-0.8660254,3,0,0,1,4940.0,1,6964.0,1,7106.0,1,4576.0,1,13513.0,1,7098.0,1,11265.0,1,10515.0,6164.768,6609.1826,-2024.0
167,2014-07-28,13894.0,1346.0,1.0,1.0,0,1.0,1.0,-0.5085311,-0.86104363,-0.5,-0.8660254,3,0,0,1,0.0,1,4940.0,1,7219.0,1,0.0,1,12109.0,1,5136.0,1,9199.0,1,10336.0,3698.8608,5140.4756,-4940.0
167,2014-07-29,11256.0,1172.0,1.0,1.0,0,1.0,2.0,-0.5085311,-0.86104363,-0.5,-0.8660254,3,0,0,1,13894.0,1,0.0,1,6964.0,1,7671.0,1,11718.0,1,0.0,1,5078.0,1,5004.0,7776.9165,7085.703,13894.0
167,2014-07-30,10493.0,1036.0,1.0,1.0,0,1.0,3.0,-0.5085311,-0.86104363,-0.5,-0.8660254,3,0,0,1,11256.0,1,13894.0,1,4940.0,1,7685.0,1,9319.0,1,13642.0,1,0.0,1,0.0,9168.55,8012.4355,-2638.0
167,2014-07-31,13659.0,1399.0,1.0,1.0,0,1.0,4.0,-0.5085311,-0.86104363,-0.5,-0.8660254,3,0,1,1,10493.0,1,11256.0,1,0.0,1,7106.0,1,4576.0,1,13513.0,1,8369.0,1,0.0,9698.33,8563.672,-763.0
167,2014-08-01,11048.0,1262.0,1.0,1.0,0,1.0,5.0,-0.5085311,-0.86104363,-0.8660254,-0.5,3,1,0,1,13659.0,1,10493.0,1,13894.0,1,7219.0,1,0.0,1,12109.0,1,7257.0,1,8427.0,11282.598,9695.967,3166.0
167,2014-08-02,5605.0,653.0,1.0,0.0,0,0.0,6.0,-0.5085311,-0.86104363,-0.8660254,-0.5,3,0,0,1,11048.0,1,13659.0,1,11256.0,1,6964.0,1,7671.0,1,11718.0,1,7400.0,1,7443.0,11188.759,9996.419,-2611.0
167,2014-08-03,0.0,0.0,0.0,0.0,0,0.0,7.0,-0.5085311,-0.86104363,-0.8660254,-0.5,3,0,0,1,5605.0,1,11048.0,1,10493.0,1,4940.0,1,7685.0,1,9319.0,1,8285.0,1,9810.0,8955.255,9020.548,-5443.0
167,2014-08-04,13066.0,1327.0,1.0,1.0,0,1.0,1.0,-0.60680014,-0.79485446,-0.8660254,-0.5,3,0,0,1,0.0,1,5605.0,1,13659.0,1,0.0,1,7106.0,1,4576.0,1,7098.0,1,7167.0,5373.1533,7015.982,-5605.0
167,2014-08-05,11925.0,1311.0,1.0,1.0,0,1.0,2.0,-0.60680014,-0.79485446,-0.8660254,-0.5,3,0,0,1,13066.0,1,0.0,1,11048.0,1,13894.0,1,7219.0,1,0.0,1,5136.0,1,5490.0,8450.292,8360.431,13066.0
167,2014-08-06,11202.0,1236.0,1.0,1.0,0,1.0,3.0,-0.60680014,-0.79485446,-0.8660254,-0.5,3,0,0,1,11925.0,1,13066.0,1,5605.0,1,11256.0,1,6964.0,1,7671.0,1,0.0,1,0.0,9840.175,9152.557,-1141.0
167,2014-08-07,10060.0,1076.0,1.0,1.0,0,1.0,4.0,-0.60680014,-0.79485446,-0.8660254,-0.5,3,0,0,1,11202.0,1,11925.0,1,0.0,1,10493.0,1,4940.0,1,7685.0,1,13642.0,1,14229.0,10384.905,9607.988,-723.0
167,2014-08-08,9221.0,1070.0,1.0,1.0,0,1.0,5.0,-0.60680014,-0.79485446,-0.8660254,-0.5,3,0,0,1,10060.0,1,11202.0,1,13066.0,1,13659.0,1,0.0,1,7106.0,1,13513.0,1,12718.0,10254.943,9708.436,-1142.0
167,2014-08-09,4319.0,545.0,1.0,0.0,0,0.0,6.0,-0.60680014,-0.79485446,-0.8660254,-0.5,3,0,0,1,9221.0,1,10060.0,1,11925.0,1,11048.0,1,13894.0,1,7219.0,1,12109.0,1,11365.0,9841.366,9600.116,-839.0
167,2014-08-10,0.0,0.0,0.0,0.0,0,0.0,7.0,-0.60680014,-0.79485446,-0.8660254,-0.5,3,0,0,1,4319.0,1,9221.0,1,11202.0,1,5605.0,1,11256.0,1,6964.0,1,11718.0,1,10460.0,7632.4194,8426.535,-4902.0
167,2014-08-11,7918.0,1002.0,1.0,0.0,0,1.0,1.0,-0.696551,-0.71750724,-0.8660254,-0.5,3,0,0,1,0.0,1,4319.0,1,10060.0,1,0.0,1,10493.0,1,4940.0,1,9319.0,1,9789.0,4579.4517,6553.9717,-4319.0
167,2014-08-12,7779.0,989.0,1.0,0.0,0,1.0,2.0,-0.696551,-0.71750724,-0.8660254,-0.5,3,0,0,1,7918.0,1,0.0,1,9221.0,1,13066.0,1,13659.0,1,0.0,1,4576.0,1,5487.0,5914.871,6857.0894,7918.0
167,2014-08-13,7867.0,983.0,1.0,0.0,0,1.0,3.0,-0.696551,-0.71750724,-0.8660254,-0.5,3,0,0,1,7779.0,1,7918.0,1,4319.0,1,11925.0,1,11048.0,1,13894.0,1,0.0,1,0.0,6660.5225,7061.958,-139.0
167,2014-08-14,7821.0,979.0,1.0,0.0,0,1.0,4.0,-0.696551,-0.71750724,-0.8660254,-0.5,3,0,0,1,7867.0,1,7779.0,1,0.0,1,11202.0,1,5605.0,1,11256.0,1,7671.0,1,7606.0,7143.114,7240.8564,88.0
167,2014-08-15,8169.0,965.0,1.0,0.0,0,1.0,5.0,-0.696551,-0.71750724,-0.8660254,-0.5,3,0,0,1,7821.0,1,7867.0,1,7918.0,1,10060.0,1,0.0,1,10493.0,1,7685.0,1,7412.0,7414.268,7369.7773,-46.0
167,2014-08-16,4559.0,555.0,1.0,0.0,0,0.0,6.0,-0.696551,-0.71750724,-0.8660254,-0.5,3,0,0,1,8169.0,1,7821.0,1,7779.0,1,9221.0,1,13066.0,1,13659.0,1,7106.0,1,5247.0,7716.1606,7547.3823,348.0
167,2014-08-17,0.0,0.0,0.0,0.0,0,0.0,7.0,-0.696551,-0.71750724,-0.8660254,-0.5,3,0,0,1,4559.0,1,8169.0,1,7867.0,1,4319.0,1,11925.0,1,11048.0,1,7219.0,1,7852.0,6453.2964,6883.2974,-3610.0
167,2014-08-18,13998.0,1377.0,1.0,1.0,0,1.0,1.0,-0.7765239,-0.63008785,-0.8660254,-0.5,3,0,0,1,0.0,1,4559.0,1,7821.0,1,0.0,1,11202.0,1,5605.0,1,6964.0,1,7967.0,3871.978,5353.676,-4559.0
167,2014-08-19,11954.0,1299.0,1.0,1.0,0,1.0,2.0,-0.7765239,-0.63008785,-0.8660254,-0.5,3,0,0,1,13998.0,1,0.0,1,8169.0,1,7918.0,1,10060.0,1,0.0,1,4940.0,1,5417.0,7922.3867,7274.6367,13998.0
167,2014-08-20,11378.0,1258.0,1.0,1.0,0,1.0,3.0,-0.7765239,-0.63008785,-0.8660254,-0.5,3,0,0,1,11954.0,1,13998.0,1,4559.0,1,7779.0,1,9221.0,1,13066.0,1,0.0,1,0.0,9535.032,8314.495,-2044.0
167,2014-08-21,10957.0,1191.0,1.0,1.0,0,1.0,4.0,-0.7765239,-0.63008785,-0.8660254,-0.5,3,0,0,1,11378.0,1,11954.0,1,0.0,1,7867.0,1,4319.0,1,11925.0,1,13894.0,1,15231.0,10272.219,8995.274,-576.0
167,2014-08-22,9419.0,1039.0,1.0,1.0,0,1.0,5.0,-0.7765239,-0.63008785,-0.8660254,-0.5,3,0,0,1,10957.0,1,11378.0,1,13998.0,1,7821.0,1,0.0,1,11202.0,1,11256.0,1,13859.0,10546.132,9431.213,-421.0
167,2014-08-23,4876.0,592.0,1.0,0.0,0,0.0,6.0,-0.7765239,-0.63008785,-0.8660254,-0.5,3,0,0,1,9419.0,1,10957.0,1,11954.0,1,8169.0,1,7918.0,1,10060.0,1,10493.0,1,13402.0,10095.279,9428.499,-1538.0
167,2014-08-24,0.0,0.0,0.0,0.0,0,0.0,7.0,-0.7765239,-0.63008785,-0.8660254,-0.5,3,0,0,1,4876.0,1,9419.0,1,11378.0,1,4559.0,1,7779.0,1,9221.0,1,13659.0,1,11265.0,8007.5674,8416.833,-4543.0
167,2014-08-25,7572.0,999.0,1.0,0.0,0,1.0,1.0,-0.845596,-0.5338234,-0.8660254,-0.5,3,0,0,1,0.0,1,4876.0,1,10957.0,1,0.0,1,7867.0,1,4319.0,1,11048.0,1,9199.0,4804.5405,6546.4253,-4876.0
167,2014-08-26,7041.0,908.0,1.0,0.0,0,1.0,2.0,-0.845596,-0.5338234,-0.8660254,-0.5,3,0,0,1,7572.0,1,0.0,1,9419.0,1,13998.0,1,7821.0,1,0.0,1,5605.0,1,5078.0,5911.5244,6774.331,7572.0
167,2014-08-27,7234.0,987.0,1.0,0.0,0,1.0,3.0,-0.845596,-0.5338234,-0.8660254,-0.5,3,0,0,1,7041.0,1,7572.0,1,4876.0,1,11954.0,1,8169.0,1,7918.0,1,0.0,1,0.0,6363.3145,6833.591,-531.0
167,2014-08-28,7647.0,972.0,1.0,0.0,0,1.0,4.0,-0.845596,-0.5338234,-0.8660254,-0.5,3,0,0,1,7234.0,1,7041.0,1,0.0,1,11378.0,1,4559.0,1,7779.0,1,13066.0,1,8369.0,6711.589,6922.5703,193.0
167,2014-08-29,8929.0,987.0,1.0,0.0,0,1.0,5.0,-0.845596,-0.5338234,-0.8660254,-0.5,3,0,0,1,7647.0,1,7234.0,1,7572.0,1,10957.0,1,0.0,1,7867.0,1,11925.0,1,7257.0,7085.7534,7083.5547,413.0
167,2014-08-30,5521.0,651.0,1.0,0.0,0,0.0,6.0,-0.845596,-0.5338234,-0.8660254,-0.5,3,0,0,1,8929.0,1,7647.0,1,7041.0,1,9419.0,1,13998.0,1,7821.0,1,11202.0,1,7400.0,7823.052,7493.654,1282.0
167,2014-08-31,0.0,0.0,0.0,0.0,0,0.0,7.0,-0.845596,-0.5338234,-0.8660254,-0.5,3,0,1,1,5521.0,1,8929.0,1,7234.0,1,4876.0,1,11954.0,1,8169.0,1,10060.0,1,8285.0,6902.231,7055.286,-3408.0
167,2014-09-01,16150.0,1583.0,1.0,1.0,0,1.0,1.0,-0.9027978,-0.4300652,-1.0,-1.8369701e-16,3,1,0,1,0.0,1,5521.0,1,7647.0,1,0.0,1,11378.0,1,4559.0,1,9221.0,1,7098.0,4141.339,5487.445,-5521.0
167,2014-09-02,13001.0,1404.0,1.0,1.0,0,1.0,2.0,-0.9027978,-0.4300652,-1.0,-1.8369701e-16,3,0,0,1,16150.0,1,0.0,1,8929.0,1,7572.0,1,10957.0,1,0.0,1,4319.0,1,5136.0,8944.803,7856.9014,16150.0
167,2014-09-03,11516.0,1327.0,1.0,1.0,0,1.0,3.0,-0.9027978,-0.4300652,-1.0,-1.8369701e-16,3,0,0,1,13001.0,1,16150.0,1,5521.0,1,7041.0,1,9419.0,1,13998.0,1,0.0,1,0.0,10567.282,9000.034,-3149.0
167,2014-09-04,10840.0,1228.0,1.0,1.0,0,0.0,4.0,-0.9027978,-0.4300652,-1.0,-1.8369701e-16,3,0,0,1,11516.0,1,13001.0,1,0.0,1,7234.0,1,4876.0,1,11954.0,1,7918.0,1,13642.0,10946.77,9559.138,-1485.0
167,2014-09-05,9525.0,1032.0,1.0,1.0,0,0.0,5.0,-0.9027978,-0.4300652,-1.0,-1.8369701e-16,3,0,0,1,10840.0,1,11516.0,1,16150.0,1,7647.0,1,0.0,1,11378.0,1,7779.0,1,13513.0,10904.062,9843.774,-676.0
167,2014-09-06,4975.0,623.0,1.0,0.0,0,0.0,6.0,-0.9027978,-0.4300652,-1.0,-1.8369701e-16,3,0,0,1,9525.0,1,10840.0,1,13001.0,1,8929.0,1,7572.0,1,10957.0,1,7867.0,1,12109.0,10352.437,9772.936,-1315.0
167,2014-09-07,0.0,0.0,0.0,0.0,0,0.0,7.0,-0.9027978,-0.4300652,-1.0,-1.8369701e-16,3,0,0,1,4975.0,1,9525.0,1,11516.0,1,5521.0,1,7041.0,1,9419.0,1,7821.0,1,11718.0,8201.462,8706.728,-4550.0
167,2014-09-08,7430.0,965.0,1.0,0.0,0,0.0,1.0,-0.94732636,-0.32026985,-1.0,-1.8369701e-16,3,0,0,1,0.0,1,4975.0,1,10840.0,1,0.0,1,7234.0,1,4876.0,1,8169.0,1,9319.0,4920.8774,6771.899,-4975.0
167,2014-09-09,8114.0,1031.0,1.0,0.0,0,0.0,2.0,-0.94732636,-0.32026985,-1.0,-1.8369701e-16,3,0,0,1,7430.0,1,0.0,1,9525.0,1,16150.0,1,7647.0,1,0.0,1,4559.0,1,4576.0,5924.5264,6918.1436,7430.0
167,2014-09-10,8023.0,989.0,1.0,0.0,0,0.0,3.0,-0.94732636,-0.32026985,-1.0,-1.8369701e-16,3,0,0,1,8114.0,1,7430.0,1,4975.0,1,13001.0,1,8929.0,1,7572.0,1,0.0,1,0.0,6800.316,7183.8896,684.0
167,2014-09-11,7479.0,973.0,1.0,0.0,0,0.0,4.0,-0.94732636,-0.32026985,-1.0,-1.8369701e-16,3,0,0,1,8023.0,1,8114.0,1,0.0,1,11516.0,1,5521.0,1,7041.0,1,13998.0,1,7671.0,7289.3896,7370.3584,-91.0
167,2014-09-12,7575.0,956.0,1.0,0.0,0,0.0,5.0,-0.94732636,-0.32026985,-1.0,-1.8369701e-16,3,0,0,1,7479.0,1,8023.0,1,7430.0,1,10840.0,1,0.0,1,7234.0,1,11954.0,1,7685.0,7365.234,7394.501,-544.0
167,2014-09-13,4701.0,530.0,1.0,0.0,0,0.0,6.0,-0.94732636,-0.32026985,-1.0,-1.8369701e-16,3,0,0,1,7575.0,1,7479.0,1,8114.0,1,9525.0,1,16150.0,1,7647.0,1,11378.0,1,7106.0,7449.14,7434.612,96.0
167,2014-09-14,0.0,0.0,0.0,0.0,0,0.0,7.0,-0.94732636,-0.32026985,-1.0,-1.8369701e-16,3,0,0,1,4701.0,1,7575.0,1,8023.0,1,4975.0,1,13001.0,1,8929.0,1,10957.0,1,7219.0,6349.8843,6827.1426,-2874.0
167,2014-09-15,13576.0,1378.0,1.0,1.0,0,0.0,1.0,-0.9785565,-0.20597862,-1.0,-1.8369701e-16,3,0,0,1,0.0,1,4701.0,1,7479.0,1,0.0,1,11516.0,1,5521.0,1,9419.0,1,6964.0,3809.9304,5310.0,-4701.0
167,2014-09-16,12504.0,1283.0,1.0,1.0,0,0.0,2.0,-0.9785565,-0.20597862,-1.0,-1.8369701e-16,3,0,0,1,13576.0,1,0.0,1,7575.0,1,7430.0,1,10840.0,1,0.0,1,4876.0,1,4940.0,7716.3584,7146.8887,13576.0
167,2014-09-17,10902.0,1256.0,1.0,1.0,0,0.0,3.0,-0.9785565,-0.20597862,-1.0,-1.8369701e-16,3,0,0,1,12504.0,1,13576.0,1,4701.0,1,8114.0,1,9525.0,1,16150.0,1,0.0,1,0.0,9631.415,8337.358,-1072.0
167,2014-09-18,10492.0,1161.0,1.0,1.0,0,0.0,4.0,-0.9785565,-0.20597862,-1.0,-1.8369701e-16,3,0,0,1,10902.0,1,12504.0,1,0.0,1,8023.0,1,4975.0,1,13001.0,1,7572.0,1,13894.0,10139.649,8907.278,-1602.0
167,2014-09-19,9106.0,1059.0,1.0,1.0,0,0.0,5.0,-0.9785565,-0.20597862,-1.0,-1.8369701e-16,3,0,0,1,10492.0,1,10902.0,1,13576.0,1,7479.0,1,0.0,1,11516.0,1,7041.0,1,11256.0,10280.59,9259.438,-410.0
167,2014-09-20,3884.0,478.0,1.0,0.0,0,0.0,6.0,-0.9785565,-0.20597862,-1.0,-1.8369701e-16,3,0,0,1,9106.0,1,10492.0,1,12504.0,1,7575.0,1,7430.0,1,10840.0,1,7234.0,1,10493.0,9810.754,9225.341,-1386.0
167,2014-09-21,0.0,0.0,0.0,0.0,0,0.0,7.0,-0.9785565,-0.20597862,-1.0,-1.8369701e-16,3,0,0,1,3884.0,1,9106.0,1,10902.0,1,4701.0,1,8114.0,1,9525.0,1,7647.0,1,13659.0,7440.0522,8038.3765,-5222.0
167,2014-09-22,6178.0,797.0,1.0,0.0,0,0.0,1.0,-0.9960498,-0.08879589,-1.0,-1.8369701e-16,3,0,0,1,0.0,1,3884.0,1,10492.0,1,0.0,1,8023.0,1,4975.0,1,8929.0,1,11048.0,4464.0312,6252.071,-3884.0
167,2014-09-23,8142.0,1034.0,1.0,0.0,0,0.0,2.0,-0.9960498,-0.08879589,-1.0,-1.8369701e-16,3,0,0,1,6178.0,1,0.0,1,9106.0,1,13576.0,1,7479.0,1,0.0,1,5521.0,1,5605.0,5149.6187,6235.6104,6178.0
167,2014-09-24,7433.0,952.0,1.0,0.0,0,0.0,3.0,-0.9960498,-0.08879589,-1.0,-1.8369701e-16,3,0,0,1,8142.0,1,6178.0,1,3884.0,1,12504.0,1,7575.0,1,7430.0,1,0.0,1,0.0,6346.5713,6659.2524,1964.0
167,2014-09-25,6942.0,873.0,1.0,0.0,0,0.0,4.0,-0.9960498,-0.08879589,-1.0,-1.8369701e-16,3,0,0,1,7433.0,1,8142.0,1,0.0,1,10902.0,1,4701.0,1,8114.0,1,16150.0,1,13066.0,6781.1426,6831.1963,-709.0
167,2014-09-26,7054.0,879.0,1.0,0.0,0,0.0,5.0,-0.9960498,-0.08879589,-1.0,-1.8369701e-16,3,0,0,1,6942.0,1,7433.0,1,6178.0,1,10492.0,1,0.0,1,8023.0,1,13001.0,1,11925.0,6845.486,6855.8193,-491.0
167,2014-09-27,5051.0,582.0,1.0,0.0,0,0.0,6.0,-0.9960498,-0.08879589,-1.0,-1.8369701e-16,3,0,0,1,7054.0,1,6942.0,1,8142.0,1,9106.0,1,13576.0,1,7479.0,1,11516.0,1,11202.0,6928.8916,6899.8594,112.0
167,2014-09-28,0.0,0.0,0.0,0.0,0,0.0,7.0,-0.9960498,-0.08879589,-1.0,-1.8369701e-16,3,0,0,1,5051.0,1,7054.0,1,7433.0,1,3884.0,1,12504.0,1,7575.0,1,10840.0,1,10060.0,6177.735,6489.002,-2003.0
167,2014-09-29,12226.0,1306.0,1.0,1.0,0,0.0,1.0,-0.99956083,0.029633328,-1.0,-1.8369701e-16,3,0,0,1,0.0,1,5051.0,1,6942.0,1,0.0,1,10902.0,1,4701.0,1,9525.0,1,9221.0,3706.6409,5047.0015,-5051.0
167,2014-09-30,13790.0,1398.0,1.0,1.0,0,0.0,2.0,-0.99956083,0.029633328,-1.0,-1.8369701e-16,3,0,1,1,12226.0,1,0.0,1,7054.0,1,6178.0,1,10492.0,1,0.0,1,4975.0,1,4319.0,7114.385,6642.3345,12226.0
167,2014-10-01,13093.0,1459.0,1.0,1.0,0,0.0,3.0,-0.99956083,0.029633328,-0.8660254,0.5,4,1,0,1,13790.0,1,12226.0,1,5051.0,1,8142.0,1,9106.0,1,13576.0,1,0.0,1,0.0,9784.631,8230.705,1564.0
167,2014-10-02,13641.0,1506.0,1.0,1.0,0,0.0,4.0,-0.99956083,0.029633328,-0.8660254,0.5,4,0,0,1,13093.0,1,13790.0,1,0.0,1,7433.0,1,3884.0,1,12504.0,1,7430.0,1,7918.0,11107.979,9311.215,-697.0
167,2014-10-03,0.0,0.0,0.0,1.0,1,0.0,5.0,-0.99956083,0.029633328,-0.8660254,0.5,4,0,0,1,13641.0,1,13093.0,1,12226.0,1,6942.0,1,0.0,1,10902.0,1,8114.0,1,7779.0,12121.1875,10273.39,548.0
167,2014-10-04,7444.0,820.0,1.0,0.0,0,0.0,6.0,-0.99956083,0.029633328,-0.8660254,0.5,4,0,0,1,0.0,1,13641.0,1,13790.0,1,7054.0,1,6178.0,1,10492.0,1,8023.0,1,7867.0,7272.7124,7990.414,-13641.0
167,2014-10-05,0.0,0.0,0.0,0.0,0,0.0,7.0,-0.99956083,0.029633328,-0.8660254,0.5,4,0,0,1,7444.0,1,0.0,1,13093.0,1,5051.0,1,8142.0,1,9106.0,1,7479.0,1,7821.0,7341.2275,7868.989,7444.0
167,2014-10-06,13420.0,1416.0,1.0,1.0,0,0.0,1.0,-0.9890402,0.14764656,-0.8660254,0.5,4,0,0,1,0.0,1,7444.0,1,13641.0,1,0.0,1,7433.0,1,3884.0,1,7575.0,1,8169.0,4404.7363,6120.324,-7444.0
167,2014-10-07,12130.0,1218.0,1.0,1.0,0,0.0,2.0,-0.9890402,0.14764656,-0.8660254,0.5,4,0,0,1,13420.0,1,0.0,1,0.0,1,12226.0,1,6942.0,1,0.0,1,4701.0,1,4559.0,8010.842,7742.4746,13420.0
167,2014-10-08,11037.0,1197.0,1.0,1.0,0,0.0,3.0,-0.9890402,0.14764656,-0.8660254,0.5,4,0,0,1,12130.0,1,13420.0,1,7444.0,1,13790.0,1,7054.0,1,6178.0,1,0.0,1,0.0,9658.505,8717.48,-1290.0
167,2014-10-09,10472.0,1127.0,1.0,1.0,0,0.0,4.0,-0.9890402,0.14764656,-0.8660254,0.5,4,0,0,1,11037.0,1,12130.0,1,0.0,1,13093.0,1,5051.0,1,8142.0,1,13576.0,1,13998.0,10209.903,9232.929,-1093.0
167,2014-10-10,10466.0,1195.0,1.0,1.0,0,0.0,5.0,-0.9890402,0.14764656,-0.8660254,0.5,4,0,0,1,10472.0,1,11037.0,1,13420.0,1,13641.0,1,0.0,1,7433.0,1,12504.0,1,11954.0,10314.742,9508.278,-565.0
167,2014-10-11,5232.0,634.0,1.0,0.0,0,0.0,6.0,-0.9890402,0.14764656,-0.8660254,0.5,4,0,0,1,10466.0,1,10472.0,1,12130.0,1,0.0,1,12226.0,1,6942.0,1,10902.0,1,11378.0,10375.245,9721.105,-6.0
167,2014-10-12,0.0,0.0,0.0,0.0,0,0.0,7.0,-0.9890402,0.14764656,-0.8660254,0.5,4,0,0,1,5232.0,1,10466.0,1,11037.0,1,7444.0,1,13790.0,1,7054.0,1,10492.0,1,10957.0,8317.947,8723.526,-5234.0
167,2014-10-13,7863.0,987.0,1.0,0.0,0,0.0,1.0,-0.9646356,0.26358718,-0.8660254,0.5,4,0,0,1,0.0,1,5232.0,1,10472.0,1,0.0,1,13093.0,1,5051.0,1,9106.0,1,9419.0,4990.768,6784.965,-5232.0
167,2014-10-14,7817.0,1058.0,1.0,0.0,0,0.0,2.0,-0.9646356,0.26358718,-0.8660254,0.5,4,0,0,1,7863.0,1,0.0,1,10466.0,1,13420.0,1,13641.0,1,0.0,1,3884.0,1,4876.0,6139.661,7024.5283,7863.0
167,2014-10-15,8440.0,1059.0,1.0,0.0,0,0.0,3.0,-0.9646356,0.26358718,-0.8660254,0.5,4,0,0,1,7817.0,1,7863.0,1,5232.0,1,12130.0,1,0.0,1,12226.0,1,0.0,1,0.0,6810.5967,7200.6333,-46.0
167,2014-10-16,7537.0,914.0,1.0,0.0,0,0.0,4.0,-0.9646356,0.26358718,-0.8660254,0.5,4,0,0,1,8440.0,1,7817.0,1,0.0,1,11037.0,1,7444.0,1,13790.0,1,6178.0,1,7572.0,7462.358,7476.048,623.0
167,2014-10-17,7438.0,928.0,1.0,0.0,0,0.0,5.0,-0.9646356,0.26358718,-0.8660254,0.5,4,0,0,1,7537.0,1,8440.0,1,7863.0,1,10472.0,1,0.0,1,13093.0,1,8142.0,1,7041.0,7492.215,7489.593,-903.0
167,2014-10-18,5076.0,639.0,1.0,0.0,0,0.0,6.0,-0.9646356,0.26358718,-0.8660254,0.5,4,0,0,1,7438.0,1,7537.0,1,7817.0,1,10466.0,1,13420.0,1,13641.0,1,7433.0,1,7234.0,7470.529,7478.128,-99.0
167,2014-10-19,0.0,0.0,0.0,0.0,0,0.0,7.0,-0.9646356,0.26358718,-0.8660254,0.5,4,0,0,1,5076.0,1,7438.0,1,8440.0,1,5232.0,1,12130.0,1,0.0,1,6942.0,1,7647.0,6512.7173,6944.322,-2362.0
167,2014-10-20,12637.0,1323.0,1.0,1.0,0,0.0,1.0,-0.9266896,0.37582758,-0.8660254,0.5,4,0,0,1,0.0,1,5076.0,1,7537.0,1,0.0,1,11037.0,1,7444.0,1,7054.0,1,8929.0,3907.6304,5401.139,-5076.0
167,2014-10-21,11396.0,1254.0,1.0,1.0,0,0.0,2.0,-0.9266896,0.37582758,-0.8660254,0.5,4,0,0,1,12637.0,1,0.0,1,7438.0,1,7863.0,1,10472.0,1,0.0,1,5051.0,1,5521.0,7399.3784,7009.108,12637.0
167,2014-10-22,9654.0,1027.0,1.0,1.0,0,0.0,3.0,-0.9266896,0.37582758,-0.8660254,0.5,4,0,0,1,11396.0,1,12637.0,1,5076.0,1,7817.0,1,10466.0,1,13420.0,1,0.0,1,0.0,8998.027,7983.973,-1241.0
167,2014-10-23,11306.0,1199.0,1.0,1.0,0,0.0,4.0,-0.9266896,0.37582758,-0.8660254,0.5,4,0,0,1,9654.0,1,11396.0,1,0.0,1,8440.0,1,5232.0,1,12130.0,1,12226.0,1,16150.0,9260.416,8355.09,-1742.0
167,2014-10-24,9492.0,1101.0,1.0,1.0,0,0.0,5.0,-0.9266896,0.37582758,-0.8660254,0.5,4,0,0,1,11306.0,1,9654.0,1,12637.0,1,7537.0,1,0.0,1,11037.0,1,13790.0,1,13001.0,10078.649,9010.848,1652.0
167,2014-10-25,4616.0,566.0,1.0,0.0,0,0.0,6.0,-0.9266896,0.37582758,-0.8660254,0.5,4,0,0,1,9492.0,1,11306.0,1,11396.0,1,7438.0,1,7863.0,1,10472.0,1,13093.0,1,11516.0,9843.99,9117.7705,-1814.0
167,2014-10-26,0.0,0.0,0.0,0.0,0,0.0,7.0,-0.9266896,0.37582758,-0.8660254,0.5,4,0,0,1,4616.0,1,9492.0,1,9654.0,1,5076.0,1,7817.0,1,10466.0,1,13641.0,1,10840.0,7752.794,8117.377,-4876.0
167,2014-10-27,7649.0,978.0,1.0,0.0,0,1.0,1.0,-0.8757349,0.4827922,-0.8660254,0.5,4,0,0,1,0.0,1,4616.0,1,11306.0,1,0.0,1,8440.0,1,5232.0,1,0.0,1,9525.0,4651.6763,6313.5156,-4616.0
167,2014-10-28,7724.0,955.0,1.0,0.0,0,1.0,2.0,-0.8757349,0.4827922,-0.8660254,0.5,4,0,0,1,7649.0,1,0.0,1,9492.0,1,12637.0,1,7537.0,1,0.0,1,7444.0,1,4975.0,5850.606,6610.29,7649.0
167,2014-10-29,8129.0,1038.0,1.0,0.0,0,1.0,3.0,-0.8757349,0.4827922,-0.8660254,0.5,4,0,0,1,7724.0,1,7649.0,1,4616.0,1,11396.0,1,7438.0,1,7863.0,1,0.0,1,0.0,6599.9634,6857.781,75.0
167,2014-10-30,9896.0,1166.0,1.0,0.0,0,1.0,4.0,-0.8757349,0.4827922,-0.8660254,0.5,4,0,0,1,8129.0,1,7724.0,1,0.0,1,9654.0,1,5076.0,1,7817.0,1,13420.0,1,7430.0,7211.578,7140.274,405.0
167,2014-10-31,0.0,0.0,0.0,0.0,1,1.0,5.0,-0.8757349,0.4827922,-0.8660254,0.5,4,0,1,1,9896.0,1,8129.0,1,7649.0,1,11306.0,1,0.0,1,8440.0,1,12130.0,1,8114.0,8285.347,7752.6577,1767.0
167,2014-11-01,7332.0,839.0,1.0,0.0,0,0.0,6.0,-0.8757349,0.4827922,-0.5,0.8660254,4,1,0,1,0.0,1,9896.0,1,7724.0,1,9492.0,1,12637.0,1,7537.0,1,11037.0,1,8023.0,4971.208,6029.8447,-9896.0
167,2014-11-02,0.0,0.0,0.0,0.0,0,0.0,7.0,-0.8757349,0.4827922,-0.5,0.8660254,4,0,0,1,7332.0,1,0.0,1,8129.0,1,4616.0,1,11396.0,1,7438.0,1,10472.0,1,7479.0,5915.525,6319.2124,7332.0
167,2014-11-03,15875.0,1509.0,1.0,1.0,0,0.0,1.0,-0.8124869,0.5829795,-0.5,0.8660254,4,0,0,1,0.0,1,7332.0,1,9896.0,1,0.0,1,9654.0,1,5076.0,1,10466.0,1,7575.0,3549.315,4914.9434,-7332.0
167,2014-11-04,14809.0,1445.0,1.0,1.0,0,0.0,2.0,-0.8124869,0.5829795,-0.5,0.8660254,4,0,0,1,15875.0,1,0.0,1,0.0,1,7649.0,1,11306.0,1,0.0,1,5232.0,1,4701.0,8479.589,7350.511,15875.0
167,2014-11-05,12444.0,1340.0,1.0,1.0,0,0.0,3.0,-0.8124869,0.5829795,-0.5,0.8660254,4,0,0,1,14809.0,1,15875.0,1,7332.0,1,7724.0,1,9492.0,1,12637.0,1,0.0,1,0.0,11011.354,9007.953,-1066.0
167,2014-11-06,11122.0,1167.0,1.0,1.0,0,0.0,4.0,-0.8124869,0.5829795,-0.5,0.8660254,4,0,0,1,12444.0,1,14809.0,1,0.0,1,8129.0,1,4616.0,1,11396.0,1,7863.0,1,13576.0,11584.412,9771.52,-2365.0
167,2014-11-07,10581.0,1151.0,1.0,1.0,0,0.0,5.0,-0.8124869,0.5829795,-0.5,0.8660254,4,0,0,1,11122.0,1,12444.0,1,15875.0,1,9896.0,1,0.0,1,9654.0,1,7817.0,1,12504.0,11399.447,10071.626,-1322.0
167,2014-11-08,6008.0,684.0,1.0,0.0,0,0.0,6.0,-0.8124869,0.5829795,-0.5,0.8660254,4,0,0,1,10581.0,1,11122.0,1,14809.0,1,0.0,1,7649.0,1,11306.0,1,8440.0,1,10902.0,11072.068,10184.82,-541.0
167,2014-11-09,0.0,0.0,0.0,0.0,0,0.0,7.0,-0.8124869,0.5829795,-0.5,0.8660254,4,0,0,1,6008.0,1,10581.0,1,12444.0,1,7332.0,1,7724.0,1,9492.0,1,7537.0,1,10492.0,9046.441,9256.638,-4573.0
167,2014-11-10,13111.0,1324.0,1.0,1.0,0,0.0,1.0,-0.73783326,0.674983,-0.5,0.8660254,4,0,0,1,0.0,1,6008.0,1,11122.0,1,0.0,1,8129.0,1,4616.0,1,7438.0,1,9106.0,5427.8647,7199.6074,-6008.0
167,2014-11-11,11852.0,1229.0,1.0,1.0,0,0.0,2.0,-0.73783326,0.674983,-0.5,0.8660254,4,0,0,1,13111.0,1,0.0,1,10581.0,1,15875.0,1,9896.0,1,0.0,1,5076.0,1,3884.0,8501.119,8513.25,13111.0
167,2014-11-12,11800.0,1295.0,1.0,1.0,0,0.0,3.0,-0.73783326,0.674983,-0.5,0.8660254,4,0,0,1,11852.0,1,13111.0,1,6008.0,1,14809.0,1,0.0,1,7649.0,1,0.0,1,0.0,9841.472,9255.194,-1259.0
167,2014-11-13,10321.0,1125.0,1.0,1.0,0,0.0,4.0,-0.73783326,0.674983,-0.5,0.8660254,4,0,0,1,11800.0,1,11852.0,1,0.0,1,12444.0,1,7332.0,1,7724.0,1,12637.0,1,6178.0,10624.883,9820.707,-52.0
167,2014-11-14,10162.0,1121.0,1.0,1.0,0,0.0,5.0,-0.73783326,0.674983,-0.5,0.8660254,4,0,0,1,10321.0,1,11800.0,1,13111.0,1,11122.0,1,0.0,1,8129.0,1,11396.0,1,8142.0,10503.33,9931.883,-1479.0
167,2014-11-15,6508.0,750.0,1.0,0.0,0,0.0,6.0,-0.73783326,0.674983,-0.5,0.8660254,4,0,0,1,10162.0,1,10321.0,1,11852.0,1,10581.0,1,15875.0,1,9896.0,1,9654.0,1,7433.0,10366.798,9983.0205,-159.0
167,2014-11-16,0.0,0.0,0.0,0.0,0,0.0,7.0,-0.73783326,0.674983,-0.5,0.8660254,4,0,0,1,6508.0,1,10162.0,1,11800.0,1,6008.0,1,14809.0,1,0.0,1,11306.0,1,6942.0,8823.278,9210.794,-3654.0
167,2014-11-17,8471.0,1008.0,1.0,0.0,0,0.0,1.0,-0.65282214,0.75751126,-0.5,0.8660254,4,0,0,1,0.0,1,6508.0,1,10321.0,1,0.0,1,12444.0,1,7332.0,1,9492.0,1,7054.0,5293.9673,7163.9507,-6508.0
167,2014-11-18,8291.0,1017.0,1.0,0.0,0,0.0,2.0,-0.65282214,0.75751126,-0.5,0.8660254,4,0,0,1,8471.0,1,0.0,1,10162.0,1,13111.0,1,11122.0,1,0.0,1,4616.0,1,5051.0,6564.7803,7454.406,8471.0
167,2014-11-19,8407.0,1047.0,1.0,0.0,0,0.0,3.0,-0.65282214,0.75751126,-0.5,0.8660254,4,0,0,1,8291.0,1,8471.0,1,6508.0,1,11852.0,1,10581.0,1,15875.0,1,0.0,1,0.0,7255.268,7640.316,-180.0
167,2014-11-20,9157.0,1027.0,1.0,0.0,0,0.0,4.0,-0.65282214,0.75751126,-0.5,0.8660254,4,0,0,1,8407.0,1,8291.0,1,0.0,1,11800.0,1,6008.0,1,14809.0,1,7649.0,1,12226.0,7715.961,7810.69,116.0
167,2014-11-21,8389.0,1000.0,1.0,0.0,0,0.0,5.0,-0.65282214,0.75751126,-0.5,0.8660254,4,0,0,1,9157.0,1,8407.0,1,8471.0,1,10321.0,1,0.0,1,12444.0,1,7724.0,1,13790.0,8292.377,8109.87,750.0
167,2014-11-22,6020.0,685.0,1.0,0.0,0,0.0,6.0,-0.65282214,0.75751126,-0.5,0.8660254,4,0,0,1,8389.0,1,9157.0,1,8291.0,1,10162.0,1,13111.0,1,11122.0,1,8129.0,1,13093.0,8331.026,8171.899,-768.0
167,2014-11-23,0.0,0.0,0.0,0.0,0,0.0,7.0,-0.65282214,0.75751126,-0.5,0.8660254,4,0,0,1,6020.0,1,8389.0,1,8407.0,1,6508.0,1,11852.0,1,10581.0,1,9896.0,1,13641.0,7406.6157,7693.699,-2369.0
167,2014-11-24,14932.0,1370.0,1.0,1.0,0,0.0,1.0,-0.55864674,0.82940567,-0.5,0.8660254,4,0,0,1,0.0,1,6020.0,1,9157.0,1,0.0,1,11800.0,1,6008.0,1,0.0,1,0.0,4443.969,5983.9883,-6020.0
167,2014-11-25,14132.0,1418.0,1.0,1.0,0,0.0,2.0,-0.55864674,0.82940567,-0.5,0.8660254,4,0,0,1,14932.0,1,0.0,1,8389.0,1,8471.0,1,10321.0,1,0.0,1,7332.0,1,7444.0,8639.182,7972.435,14932.0
167,2014-11-26,13847.0,1383.0,1.0,1.0,0,0.0,3.0,-0.55864674,0.82940567,-0.5,0.8660254,4,0,0,1,14132.0,1,14932.0,1,6020.0,1,8291.0,1,10162.0,1,13111.0,1,0.0,1,0.0,10836.309,9341.228,-800.0
167,2014-11-27,12633.0,1260.0,1.0,1.0,0,0.0,4.0,-0.55864674,0.82940567,-0.5,0.8660254,4,0,0,1,13847.0,1,14132.0,1,0.0,1,8407.0,1,6508.0,1,11852.0,1,15875.0,1,13420.0,12040.585,10342.51,-285.0
167,2014-11-28,15319.0,1595.0,1.0,1.0,0,0.0,5.0,-0.55864674,0.82940567,-0.5,0.8660254,4,0,0,1,12633.0,1,13847.0,1,14932.0,1,9157.0,1,0.0,1,11800.0,1,14809.0,1,12130.0,12277.551,10851.508,-1214.0
167,2014-11-29,7173.0,752.0,1.0,0.0,0,0.0,6.0,-0.55864674,0.82940567,-0.5,0.8660254,4,0,0,1,15319.0,1,12633.0,1,14132.0,1,8389.0,1,8471.0,1,10321.0,1,12444.0,1,11037.0,13494.131,11844.284,2686.0
167,2014-11-30,0.0,0.0,0.0,0.0,0,0.0,7.0,-0.55864674,0.82940567,-0.5,0.8660254,4,0,1,1,7173.0,1,15319.0,1,13847.0,1,6020.0,1,8291.0,1,10162.0,1,11122.0,1,10472.0,10965.679,10806.221,-8146.0
167,2014-12-01,17452.0,1537.0,1.0,1.0,0,0.0,1.0,-0.45662925,0.8896571,-2.4492937e-16,1.0,4,1,0,1,0.0,1,7173.0,1,12633.0,1,0.0,1,8407.0,1,6508.0,1,10581.0,1,10466.0,6579.407,8404.839,-7173.0
167,2014-12-02,16906.0,1505.0,1.0,1.0,0,0.0,2.0,-0.45662925,0.8896571,-2.4492937e-16,1.0,4,0,0,1,17452.0,1,0.0,1,15319.0,1,14932.0,1,9157.0,1,0.0,1,6008.0,1,5232.0,10928.444,10415.318,17452.0
167,2014-12-03,15188.0,1468.0,1.0,1.0,0,0.0,3.0,-0.45662925,0.8896571,-2.4492937e-16,1.0,4,0,0,1,16906.0,1,17452.0,1,7173.0,1,14132.0,1,8389.0,1,8471.0,1,0.0,1,0.0,13319.467,11857.692,-546.0
167,2014-12-04,13820.0,1302.0,1.0,1.0,0,0.0,4.0,-0.45662925,0.8896571,-2.4492937e-16,1.0,4,0,0,1,15188.0,1,16906.0,1,0.0,1,13847.0,1,6020.0,1,8291.0,1,13111.0,1,7863.0,14066.88,12597.761,-1718.0
167,2014-12-05,15344.0,1513.0,1.0,1.0,0,0.0,5.0,-0.45662925,0.8896571,-2.4492937e-16,1.0,4,0,0,1,13820.0,1,15188.0,1,17452.0,1,12633.0,1,0.0,1,8407.0,1,11852.0,1,7817.0,13968.128,12869.369,-1368.0
167,2014-12-06,7128.0,756.0,1.0,0.0,0,0.0,6.0,-0.45662925,0.8896571,-2.4492937e-16,1.0,4,0,0,1,15344.0,1,13820.0,1,16906.0,1,15319.0,1,14932.0,1,9157.0,1,11800.0,1,8440.0,14518.477,13419.287,1524.0
167,2014-12-07,0.0,0.0,0.0,0.0,0,0.0,7.0,-0.45662925,0.8896571,-2.4492937e-16,1.0,4,0,0,1,7128.0,1,15344.0,1,15188.0,1,7173.0,1,14132.0,1,8389.0,1,10321.0,1,7537.0,11562.286,12021.224,-8216.0
167,2014-12-08,10450.0,1177.0,1.0,0.0,0,0.0,1.0,-0.34820163,0.93741965,-2.4492937e-16,1.0,4,0,0,1,0.0,1,7128.0,1,13820.0,1,0.0,1,13847.0,1,6020.0,1,10162.0,1,7438.0,6937.3716,9349.841,-7128.0
167,2014-12-09,11847.0,1294.0,1.0,0.0,0,0.0,2.0,-0.34820163,0.93741965,-2.4492937e-16,1.0,4,0,0,1,10450.0,1,0.0,1,15344.0,1,17452.0,1,12633.0,1,0.0,1,6508.0,1,5076.0,8342.423,9594.32,10450.0
167,2014-12-10,10249.0,1096.0,1.0,0.0,0,0.0,3.0,-0.34820163,0.93741965,-2.4492937e-16,1.0,4,0,0,1,11847.0,1,10450.0,1,7128.0,1,16906.0,1,15319.0,1,14932.0,1,0.0,1,0.0,9744.254,10094.916,1397.0
167,2014-12-11,9961.0,1079.0,1.0,0.0,0,0.0,4.0,-0.34820163,0.93741965,-2.4492937e-16,1.0,4,0,0,1,10249.0,1,11847.0,1,0.0,1,15188.0,1,7173.0,1,14132.0,1,8471.0,1,12637.0,9946.152,10129.157,-1598.0
167,2014-12-12,10953.0,1247.0,1.0,0.0,0,0.0,5.0,-0.34820163,0.93741965,-2.4492937e-16,1.0,4,0,0,1,9961.0,1,10249.0,1,10450.0,1,13820.0,1,0.0,1,13847.0,1,8291.0,1,11396.0,9952.092,10091.789,-288.0
167,2014-12-13,9524.0,1096.0,1.0,0.0,0,0.0,6.0,-0.34820163,0.93741965,-2.4492937e-16,1.0,4,0,0,1,10953.0,1,9961.0,1,11847.0,1,15344.0,1,17452.0,1,12633.0,1,8407.0,1,9654.0,10352.455,10283.169,992.0
167,2014-12-14,0.0,0.0,0.0,0.0,0,0.0,7.0,-0.34820163,0.93741965,-2.4492937e-16,1.0,4,0,0,1,9524.0,1,10953.0,1,10249.0,1,7128.0,1,16906.0,1,15319.0,1,9157.0,1,11306.0,10021.073,10114.465,-1429.0
167,2014-12-15,19931.0,1674.0,1.0,1.0,0,0.0,1.0,-0.23488605,0.9720229,-2.4492937e-16,1.0,4,0,0,1,0.0,1,9524.0,1,9961.0,1,0.0,1,15188.0,1,7173.0,1,8389.0,1,9492.0,6012.6436,7866.8057,-9524.0
167,2014-12-16,20976.0,1815.0,1.0,1.0,0,0.0,2.0,-0.23488605,0.9720229,-2.4492937e-16,1.0,4,0,0,1,19931.0,1,0.0,1,10953.0,1,10450.0,1,13820.0,1,0.0,1,6020.0,1,4616.0,11579.986,10547.738,19931.0
167,2014-12-17,17636.0,1620.0,1.0,1.0,0,0.0,3.0,-0.23488605,0.9720229,-2.4492937e-16,1.0,4,0,0,1,20976.0,1,19931.0,1,9524.0,1,11847.0,1,15344.0,1,17452.0,1,0.0,1,0.0,15338.392,12865.13,1045.0
167,2014-12-18,16098.0,1586.0,1.0,1.0,0,0.0,4.0,-0.23488605,0.9720229,-2.4492937e-16,1.0,4,0,0,1,17636.0,1,20976.0,1,0.0,1,10249.0,1,7128.0,1,16906.0,1,14932.0,1,7649.0,16257.435,13925.323,-3340.0
167,2014-12-19,15234.0,1423.0,1.0,1.0,0,0.0,5.0,-0.23488605,0.9720229,-2.4492937e-16,1.0,4,0,0,1,16098.0,1,17636.0,1,19931.0,1,9961.0,1,0.0,1,15188.0,1,14132.0,1,7724.0,16193.661,14408.14,-1538.0
167,2014-12-20,9320.0,960.0,1.0,0.0,0,0.0,6.0,-0.23488605,0.9720229,-2.4492937e-16,1.0,4,0,0,1,15234.0,1,16098.0,1,20976.0,1,10953.0,1,10450.0,1,13820.0,1,13847.0,1,8129.0,15809.797,14591.664,-864.0
167,2014-12-21,0.0,0.0,0.0,0.0,0,0.0,7.0,-0.23488605,0.9720229,-2.4492937e-16,1.0,4,0,0,1,9320.0,1,15234.0,1,17636.0,1,9524.0,1,11847.0,1,15344.0,1,12633.0,1,9896.0,13213.878,13420.184,-5914.0
167,2014-12-22,19747.0,1987.0,1.0,0.0,0,1.0,1.0,-0.11827317,0.9929811,-2.4492937e-16,1.0,4,0,0,1,0.0,1,9320.0,1,16098.0,1,0.0,1,10249.0,1,7128.0,1,15319.0,1,0.0,7928.3267,10437.921,-9320.0
167,2014-12-23,16360.0,1788.0,1.0,0.0,0,1.0,2.0,-0.11827317,0.9929811,-2.4492937e-16,1.0,4,0,0,1,19747.0,1,0.0,1,15234.0,1,19931.0,1,9961.0,1,0.0,1,7173.0,1,7332.0,12655.796,12506.6045,19747.0
167,2014-12-24,5349.0,633.0,1.0,0.0,0,1.0,3.0,-0.11827317,0.9929811,-2.4492937e-16,1.0,4,0,0,1,16360.0,1,19747.0,1,9320.0,1,20976.0,1,10953.0,1,10450.0,1,0.0,1,0.0,14137.478,13362.915,-3387.0
167,2014-12-25,0.0,0.0,0.0,0.0,3,1.0,4.0,-0.11827317,0.9929811,-2.4492937e-16,1.0,4,0,0,1,5349.0,1,16360.0,1,0.0,1,17636.0,1,9524.0,1,11847.0,1,17452.0,1,15875.0,10622.087,11582.045,-11011.0
167,2014-12-26,0.0,0.0,0.0,0.0,3,1.0,5.0,-0.11827317,0.9929811,-2.4492937e-16,1.0,4,0,0,1,0.0,1,5349.0,1,19747.0,1,16098.0,1,0.0,1,10249.0,1,16906.0,1,14809.0,6373.252,9008.257,-5349.0
167,2014-12-27,7098.0,828.0,1.0,0.0,0,0.0,6.0,-0.11827317,0.9929811,-2.4492937e-16,1.0,4,0,0,1,0.0,1,0.0,1,16360.0,1,15234.0,1,19931.0,1,9961.0,1,15188.0,1,12444.0,3823.9512,7006.4224,0.0
167,2014-12-28,0.0,0.0,0.0,0.0,0,0.0,7.0,-0.11827317,0.9929811,-2.4492937e-16,1.0,4,0,0,1,7098.0,1,0.0,1,5349.0,1,9320.0,1,20976.0,1,10953.0,1,13820.0,1,11122.0,5133.571,7026.773,7098.0
167,2014-12-29,10762.0,1250.0,1.0,0.0,0,1.0,1.0,0.11827317,0.9929811,-2.4492937e-16,1.0,4,0,0,1,0.0,1,7098.0,1,0.0,1,0.0,1,17636.0,1,9524.0,1,15344.0,1,10581.0,3080.1423,5465.2676,-7098.0
167,2014-12-30,10927.0,1186.0,1.0,0.0,0,1.0,2.0,0.11827317,0.9929811,-2.4492937e-16,1.0,4,0,0,1,10762.0,1,0.0,1,0.0,1,19747.0,1,16098.0,1,0.0,1,7128.0,1,6008.0,6152.8853,6642.3193,10762.0
167,2014-12-31,3287.0,394.0,1.0,0.0,0,1.0,3.0,0.11827317,0.9929811,-2.4492937e-16,1.0,4,0,1,1,10927.0,1,10762.0,1,7098.0,1,16360.0,1,15234.0,1,19931.0,1,0.0,1,0.0,8062.5312,7594.4707,165.0
167,2015-01-01,0.0,0.0,0.0,0.0,1,1.0,4.0,0.11827317,0.9929811,0.5,0.8660254,1,1,0,1,3287.0,1,10927.0,1,0.0,1,5349.0,1,9320.0,1,20976.0,1,10450.0,1,13111.0,6152.319,6637.255,-7640.0
167,2015-01-02,9174.0,1102.0,1.0,0.0,0,1.0,5.0,0.11827317,0.9929811,0.5,0.8660254,1,0,0,1,0.0,1,3287.0,1,10762.0,1,0.0,1,0.0,1,17636.0,1,11847.0,1,11852.0,3691.3914,5162.3096,-3287.0
167,2015-01-03,5007.0,620.0,1.0,0.0,0,0.0,6.0,0.11827317,0.9929811,0.5,0.8660254,1,0,0,1,9174.0,1,0.0,1,10927.0,1,0.0,1,19747.0,1,16098.0,1,10249.0,1,11800.0,5884.4346,6053.7964,9174.0
167,2015-01-04,0.0,0.0,0.0,0.0,0,0.0,7.0,0.11827317,0.9929811,0.5,0.8660254,1,0,0,1,5007.0,1,9174.0,1,3287.0,1,7098.0,1,16360.0,1,15234.0,1,9961.0,1,10321.0,5533.461,5821.175,-4167.0
167,2015-01-05,16606.0,1629.0,1.0,1.0,0,1.0,1.0,0.23488605,0.9720229,0.5,0.8660254,1,0,0,1,0.0,1,5007.0,1,0.0,1,0.0,1,5349.0,1,9320.0,1,10953.0,1,10162.0,3320.0764,4527.5806,-5007.0
167,2015-01-06,0.0,0.0,0.0,1.0,1,0.0,2.0,0.23488605,0.9720229,0.5,0.8660254,1,0,0,1,16606.0,1,0.0,1,9174.0,1,10762.0,1,0.0,1,0.0,1,9524.0,1,6508.0,8634.446,7211.674,16606.0
167,2015-01-07,14204.0,1509.0,1.0,1.0,0,0.0,3.0,0.23488605,0.9720229,0.5,0.8660254,1,0,0,1,0.0,1,16606.0,1,5007.0,1,10927.0,1,0.0,1,19747.0,1,0.0,1,0.0,5180.6675,5609.0796,-16606.0
167,2015-01-08,10933.0,1157.0,1.0,1.0,0,0.0,4.0,0.23488605,0.9720229,0.5,0.8660254,1,0,0,1,14204.0,1,0.0,1,0.0,1,3287.0,1,7098.0,1,16360.0,1,19931.0,1,8471.0,8790.001,7519.062,14204.0
167,2015-01-09,9319.0,1027.0,1.0,1.0,0,0.0,5.0,0.23488605,0.9720229,0.5,0.8660254,1,0,0,1,10933.0,1,14204.0,1,16606.0,1,0.0,1,0.0,1,5349.0,1,20976.0,1,8291.0,9647.2,8277.715,-3271.0
167,2015-01-10,4963.0,576.0,1.0,0.0,0,0.0,6.0,0.23488605,0.9720229,0.5,0.8660254,1,0,0,1,9319.0,1,10933.0,1,0.0,1,9174.0,1,10762.0,1,0.0,1,17636.0,1,8407.0,9515.92,8509.111,-1614.0
167,2015-01-11,0.0,0.0,0.0,0.0,0,0.0,7.0,0.23488605,0.9720229,0.5,0.8660254,1,0,0,1,4963.0,1,9319.0,1,14204.0,1,5007.0,1,10927.0,1,0.0,1,16098.0,1,9157.0,7694.752,7721.087,-4356.0
167,2015-01-12,12585.0,1284.0,1.0,1.0,0,0.0,1.0,0.34820163,0.93741965,0.5,0.8660254,1,0,0,1,0.0,1,4963.0,1,10933.0,1,0.0,1,3287.0,1,7098.0,1,15234.0,1,8389.0,4616.851,6005.2896,-4963.0
167,2015-01-13,12521.0,1387.0,1.0,1.0,0,0.0,2.0,0.34820163,0.93741965,0.5,0.8660254,1,0,0,1,12585.0,1,0.0,1,9319.0,1,16606.0,1,0.0,1,0.0,1,9320.0,1,6020.0,7804.111,7467.4478,12585.0
167,2015-01-14,11102.0,1188.0,1.0,1.0,0,0.0,3.0,0.34820163,0.93741965,0.5,0.8660254,1,0,0,1,12521.0,1,12585.0,1,4963.0,1,0.0,1,9174.0,1,10762.0,1,0.0,1,0.0,9690.866,8590.459,-64.0
167,2015-01-15,10066.0,1057.0,1.0,1.0,0,0.0,4.0,0.34820163,0.93741965,0.5,0.8660254,1,0,0,1,11102.0,1,12521.0,1,0.0,1,14204.0,1,5007.0,1,10927.0,1,19747.0,1,14932.0,10255.32,9148.579,-1419.0
167,2015-01-16,10454.0,1192.0,1.0,1.0,0,0.0,5.0,0.34820163,0.93741965,0.5,0.8660254,1,0,0,1,10066.0,1,11102.0,1,12585.0,1,10933.0,1,0.0,1,3287.0,1,16360.0,1,14132.0,10179.592,9352.45,-1036.0
167,2015-01-17,5610.0,702.0,1.0,0.0,0,0.0,6.0,0.34820163,0.93741965,0.5,0.8660254,1,0,0,1,10454.0,1,10066.0,1,12521.0,1,9319.0,1,16606.0,1,0.0,1,5349.0,1,13847.0,10289.355,9597.239,388.0
167,2015-01-18,0.0,0.0,0.0,0.0,0,0.0,7.0,0.34820163,0.93741965,0.5,0.8660254,1,0,0,1,5610.0,1,10454.0,1,11102.0,1,4963.0,1,0.0,1,9174.0,1,0.0,1,12633.0,8417.613,8711.187,-4844.0
167,2015-01-19,7933.0,993.0,1.0,0.0,0,0.0,1.0,0.45662925,0.8896571,0.5,0.8660254,1,0,0,1,0.0,1,5610.0,1,10066.0,1,0.0,1,14204.0,1,5007.0,1,0.0,1,15319.0,5050.568,6775.367,-5610.0
167,2015-01-20,7112.0,885.0,1.0,0.0,0,0.0,2.0,0.45662925,0.8896571,0.5,0.8660254,1,0,0,1,7933.0,1,0.0,1,10454.0,1,12585.0,1,10933.0,1,0.0,1,7098.0,1,7173.0,6203.5405,7032.6187,7933.0
167,2015-01-21,6845.0,906.0,1.0,0.0,0,0.0,3.0,0.45662925,0.8896571,0.5,0.8660254,1,0,0,1,7112.0,1,7933.0,1,5610.0,1,12521.0,1,9319.0,1,16606.0,1,0.0,1,0.0,6566.9243,7050.2593,-821.0
167,2015-01-22,6950.0,921.0,1.0,0.0,0,0.0,4.0,0.45662925,0.8896571,0.5,0.8660254,1,0,0,1,6845.0,1,7112.0,1,0.0,1,11102.0,1,4963.0,1,0.0,1,10762.0,1,17452.0,6678.155,7004.646,-267.0
167,2015-01-23,7198.0,881.0,1.0,0.0,0,0.0,5.0,0.45662925,0.8896571,0.5,0.8660254,1,0,0,1,6950.0,1,6845.0,1,7933.0,1,10066.0,1,0.0,1,14204.0,1,10927.0,1,16906.0,6786.8926,6992.5024,105.0
167,2015-01-24,5879.0,671.0,1.0,0.0,0,0.0,6.0,0.45662925,0.8896571,0.5,0.8660254,1,0,0,1,7198.0,1,6950.0,1,7112.0,1,10454.0,1,12585.0,1,10933.0,1,3287.0,1,15188.0,6951.3354,7038.1685,248.0
167,2015-01-25,0.0,0.0,0.0,0.0,0,0.0,7.0,0.45662925,0.8896571,0.5,0.8660254,1,0,0,1,5879.0,1,7198.0,1,6845.0,1,5610.0,1,12521.0,1,9319.0,1,0.0,1,13820.0,6522.4014,6780.5757,-1319.0
167,2015-01-26,12025.0,1198.0,1.0,1.0,0,0.0,1.0,0.55864674,0.82940567,0.5,0.8660254,1,0,0,1,0.0,1,5879.0,1,6950.0,1,0.0,1,11102.0,1,4963.0,1,9174.0,1,15344.0,3913.441,5273.781,-5879.0
167,2015-01-27,12516.0,1268.0,1.0,1.0,0,0.0,2.0,0.55864674,0.82940567,0.5,0.8660254,1,0,0,1,12025.0,1,0.0,1,7198.0,1,7933.0,1,10066.0,1,0.0,1,5007.0,1,7128.0,7158.0645,6774.052,12025.0
167,2015-01-28,10655.0,1188.0,1.0,1.0,0,0.0,3.0,0.55864674,0.82940567,0.5,0.8660254,1,0,0,1,12516.0,1,12025.0,1,5879.0,1,7112.0,1,10454.0,1,12585.0,1,0.0,1,0.0,9301.238,8050.0405,491.0
167,2015-01-29,9753.0,1069.0,1.0,1.0,0,0.0,4.0,0.55864674,0.82940567,0.5,0.8660254,1,0,0,1,10655.0,1,12516.0,1,0.0,1,6845.0,1,5610.0,1,12521.0,1,16606.0,1,10450.0,9842.743,8628.92,-1861.0
167,2015-01-30,11083.0,1128.0,1.0,1.0,0,0.0,5.0,0.55864674,0.82940567,0.5,0.8660254,1,0,0,1,9753.0,1,10655.0,1,12025.0,1,6950.0,1,0.0,1,11102.0,1,0.0,1,11847.0,9806.846,8878.716,-902.0
167,2015-01-31,6710.0,756.0,1.0,0.0,0,0.0,6.0,0.55864674,0.82940567,0.5,0.8660254,1,0,1,1,11083.0,1,9753.0,1,12516.0,1,7198.0,1,7933.0,1,10066.0,1,14204.0,1,10249.0,10317.308,9368.557,1330.0
167,2015-02-01,0.0,0.0,0.0,0.0,0,0.0,7.0,0.55864674,0.82940567,0.8660254,0.5,1,1,0,1,6710.0,1,11083.0,1,10655.0,1,5879.0,1,7112.0,1,10454.0,1,10933.0,1,9961.0,8874.385,8777.767,-4373.0
167,2015-02-02,13712.0,1440.0,1.0,1.0,0,1.0,1.0,0.65282214,0.75751126,0.8660254,0.5,1,0,0,1,0.0,1,6710.0,1,9753.0,1,0.0,1,6845.0,1,5610.0,1,9319.0,1,10953.0,5324.631,6827.1514,-6710.0
167,2015-02-03,10982.0,1143.0,1.0,1.0,0,1.0,2.0,0.65282214,0.75751126,0.8660254,0.5,1,0,0,1,13712.0,1,0.0,1,11083.0,1,12025.0,1,6950.0,1,0.0,1,4963.0,1,9524.0,8679.578,8357.118,13712.0
167,2015-02-04,10231.0,1171.0,1.0,1.0,0,1.0,3.0,0.65282214,0.75751126,0.8660254,0.5,1,0,0,1,10982.0,1,13712.0,1,6710.0,1,12516.0,1,7198.0,1,7933.0,1,0.0,1,0.0,9600.547,8940.425,-2730.0
167,2015-02-05,10525.0,1138.0,1.0,1.0,0,1.0,4.0,0.65282214,0.75751126,0.8660254,0.5,1,0,0,1,10231.0,1,10982.0,1,0.0,1,10655.0,1,5879.0,1,7112.0,1,12585.0,1,19931.0,9852.729,9227.22,-751.0
167,2015-02-06,9808.0,1066.0,1.0,1.0,0,1.0,5.0,0.65282214,0.75751126,0.8660254,0.5,1,0,0,1,10525.0,1,10231.0,1,13712.0,1,9753.0,1,0.0,1,6845.0,1,12521.0,1,20976.0,10121.637,9515.615,294.0
167,2015-02-07,5131.0,555.0,1.0,0.0,0,0.0,6.0,0.65282214,0.75751126,0.8660254,0.5,1,0,0,1,9808.0,1,10525.0,1,10982.0,1,11083.0,1,12025.0,1,6950.0,1,11102.0,1,17636.0,9996.183,9580.59,-717.0
167,2015-02-08,0.0,0.0,0.0,0.0,0,0.0,7.0,0.65282214,0.75751126,0.8660254,0.5,1,0,0,1,5131.0,1,9808.0,1,10231.0,1,6710.0,1,12516.0,1,7198.0,1,10066.0,1,16098.0,8050.1094,8591.792,-4677.0
167,2015-02-09,6719.0,868.0,1.0,0.0,0,1.0,1.0,0.73783326,0.674983,0.8660254,0.5,1,0,0,1,0.0,1,5131.0,1,10525.0,1,0.0,1,10655.0,1,5879.0,1,10454.0,1,15234.0,4830.0654,6682.505,-5131.0
167,2015-02-10,8082.0,1023.0,1.0,0.0,0,1.0,2.0,0.73783326,0.674983,0.8660254,0.5,1,0,0,1,6719.0,1,0.0,1,9808.0,1,13712.0,1,9753.0,1,0.0,1,5610.0,1,9320.0,5585.639,6690.6147,6719.0
167,2015-02-11,8004.0,1016.0,1.0,0.0,0,1.0,3.0,0.73783326,0.674983,0.8660254,0.5,1,0,0,1,8082.0,1,6719.0,1,5131.0,1,10982.0,1,11083.0,1,12025.0,1,0.0,1,0.0,6584.1836,6999.8115,1363.0
167,2015-02-12,8082.0,985.0,1.0,0.0,0,1.0,4.0,0.73783326,0.674983,0.8660254,0.5,1,0,0,1,8004.0,1,8082.0,1,0.0,1,10231.0,1,6710.0,1,12516.0,1,7933.0,1,19747.0,7152.1104,7222.9644,-78.0
167,2015-02-13,8145.0,966.0,1.0,0.0,0,1.0,5.0,0.73783326,0.674983,0.8660254,0.5,1,0,0,1,8082.0,1,8004.0,1,6719.0,1,10525.0,1,0.0,1,10655.0,1,7112.0,1,16360.0,7524.066,7413.8613,78.0
167,2015-02-14,5085.0,631.0,1.0,0.0,0,0.0,6.0,0.73783326,0.674983,0.8660254,0.5,1,0,0,1,8145.0,1,8082.0,1,8082.0,1,9808.0,1,13712.0,1,9753.0,1,6845.0,1,5349.0,7772.4395,7576.3364,63.0
167,2015-02-15,0.0,0.0,0.0,0.0,0,0.0,7.0,0.73783326,0.674983,0.8660254,0.5,1,0,0,1,5085.0,1,8145.0,1,8004.0,1,5131.0,1,10982.0,1,11083.0,1,6950.0,1,0.0,6697.464,7022.706,-3060.0
167,2015-02-16,12868.0,1268.0,1.0,1.0,0,0.0,1.0,0.8124869,0.5829795,0.8660254,0.5,1,0,0,1,0.0,1,5085.0,1,8082.0,1,0.0,1,10231.0,1,6710.0,1,7198.0,1,0.0,4018.4783,5462.105,-5085.0
167,2015-02-17,12393.0,1260.0,1.0,1.0,0,0.0,2.0,0.8124869,0.5829795,0.8660254,0.5,1,0,0,1,12868.0,1,0.0,1,8145.0,1,6719.0,1,10525.0,1,0.0,1,5879.0,1,7098.0,7558.287,7107.8594,12868.0
167,2015-02-18,11040.0,1197.0,1.0,1.0,0,0.0,3.0,0.8124869,0.5829795,0.8660254,0.5,1,0,0,1,12393.0,1,12868.0,1,5085.0,1,8082.0,1,9808.0,1,13712.0,1,0.0,1,0.0,9492.172,8282.335,-475.0
167,2015-02-19,10204.0,1099.0,1.0,1.0,0,0.0,4.0,0.8124869,0.5829795,0.8660254,0.5,1,0,0,1,11040.0,1,12393.0,1,0.0,1,8004.0,1,5131.0,1,10982.0,1,12025.0,1,10762.0,10111.304,8895.149,-1353.0
167,2015-02-20,10325.0,1107.0,1.0,1.0,0,0.0,5.0,0.8124869,0.5829795,0.8660254,0.5,1,0,0,1,10204.0,1,11040.0,1,12868.0,1,8082.0,1,0.0,1,10231.0,1,12516.0,1,10927.0,10148.382,9186.005,-836.0
167,2015-02-21,5174.0,649.0,1.0,0.0,0,0.0,6.0,0.8124869,0.5829795,0.8660254,0.5,1,0,0,1,10325.0,1,10204.0,1,12393.0,1,8145.0,1,6719.0,1,10525.0,1,10655.0,1,3287.0,10219.029,9439.115,121.0
167,2015-02-22,0.0,0.0,0.0,0.0,0,0.0,7.0,0.8124869,0.5829795,0.8660254,0.5,1,0,0,1,5174.0,1,10325.0,1,11040.0,1,5085.0,1,8082.0,1,9808.0,1,9753.0,1,0.0,8201.018,8491.312,-5151.0
167,2015-02-23,6012.0,728.0,1.0,0.0,0,0.0,1.0,0.8757349,0.4827922,0.8660254,0.5,1,0,0,1,0.0,1,5174.0,1,10204.0,1,0.0,1,8004.0,1,5131.0,1,11083.0,1,9174.0,4920.6104,6604.3535,-5174.0
167,2015-02-24,7389.0,982.0,1.0,0.0,0,0.0,2.0,0.8757349,0.4827922,0.8660254,0.5,1,0,0,1,6012.0,1,0.0,1,10325.0,1,12868.0,1,8082.0,1,0.0,1,6710.0,1,5007.0,5357.1665,6472.719,6012.0
167,2015-02-25,8158.0,979.0,1.0,0.0,0,0.0,3.0,0.8757349,0.4827922,0.8660254,0.5,1,0,0,1,7389.0,1,6012.0,1,5174.0,1,12393.0,1,8145.0,1,6719.0,1,0.0,1,0.0,6169.9,6676.3374,1377.0
167,2015-02-26,7803.0,984.0,1.0,0.0,0,0.0,4.0,0.8757349,0.4827922,0.8660254,0.5,1,0,0,1,8158.0,1,7389.0,1,0.0,1,11040.0,1,5085.0,1,8082.0,1,13712.0,1,16606.0,6965.1396,7005.5957,769.0
167,2015-02-27,9391.0,1064.0,1.0,0.0,0,0.0,5.0,0.8757349,0.4827922,0.8660254,0.5,1,0,0,1,7803.0,1,8158.0,1,6012.0,1,10204.0,1,0.0,1,8004.0,1,10982.0,1,0.0,7300.2837,7182.797,-355.0
167,2015-02-28,6403.0,759.0,1.0,0.0,0,0.0,6.0,0.8757349,0.4827922,0.8660254,0.5,1,0,1,1,9391.0,1,7803.0,1,7389.0,1,10325.0,1,12868.0,1,8082.0,1,10231.0,1,14204.0,8136.5703,7673.5083,1588.0
167,2015-03-01,0.0,0.0,0.0,0.0,0,0.0,7.0,0.8757349,0.4827922,1.0,6.123234e-17,1,1,0,1,6403.0,1,9391.0,1,8158.0,1,5174.0,1,12393.0,1,8145.0,1,10525.0,1,10933.0,7443.142,7391.1733,-2988.0
167,2015-03-02,12963.0,1340.0,1.0,1.0,0,0.0,1.0,0.9266896,0.37582758,1.0,6.123234e-17,1,0,0,1,0.0,1,6403.0,1,7803.0,1,0.0,1,11040.0,1,5085.0,1,9808.0,1,9319.0,4465.8853,5748.6904,-6403.0
167,2015-03-03,12792.0,1282.0,1.0,1.0,0,0.0,2.0,0.9266896,0.37582758,1.0,6.123234e-17,1,0,0,1,12963.0,1,0.0,1,9391.0,1,6012.0,1,10204.0,1,0.0,1,5131.0,1,4963.0,7864.731,7351.87,12963.0
167,2015-03-04,11052.0,1178.0,1.0,1.0,0,0.0,3.0,0.9266896,0.37582758,1.0,6.123234e-17,1,0,0,1,12792.0,1,12963.0,1,6403.0,1,7389.0,1,10325.0,1,12868.0,1,0.0,1,0.0,9835.639,8560.788,-171.0
167,2015-03-05,10294.0,1124.0,1.0,1.0,0,0.0,4.0,0.9266896,0.37582758,1.0,6.123234e-17,1,0,0,1,11052.0,1,12792.0,1,0.0,1,8158.0,1,5174.0,1,12393.0,1,6719.0,1,12585.0,10322.184,9114.391,-1740.0
167,2015-03-06,10691.0,1155.0,1.0,1.0,0,0.0,5.0,0.9266896,0.37582758,1.0,6.123234e-17,1,0,0,1,10294.0,1,11052.0,1,12963.0,1,7803.0,1,0.0,1,11040.0,1,8082.0,1,12521.0,10310.91,9376.526,-758.0
167,2015-03-07,5622.0,654.0,1.0,0.0,0,0.0,6.0,0.9266896,0.37582758,1.0,6.123234e-17,1,0,0,1,10691.0,1,10294.0,1,12792.0,1,9391.0,1,6012.0,1,10204.0,1,8004.0,1,11102.0,10462.946,9668.632,397.0
167,2015-03-08,0.0,0.0,0.0,0.0,0,0.0,7.0,0.9266896,0.37582758,1.0,6.123234e-17,1,0,0,1,5622.0,1,10691.0,1,11052.0,1,6403.0,1,7389.0,1,10325.0,1,8082.0,1,10066.0,8526.567,8769.38,-5069.0
167,2015-03-09,7557.0,940.0,1.0,0.0,0,0.0,1.0,0.9646356,0.26358718,1.0,6.123234e-17,1,0,0,1,0.0,1,5622.0,1,10294.0,1,0.0,1,8158.0,1,5174.0,1,8145.0,1,10454.0,5115.9404,6820.629,-5622.0
167,2015-03-10,7687.0,941.0,1.0,0.0,0,0.0,2.0,0.9646356,0.26358718,1.0,6.123234e-17,1,0,0,1,7557.0,1,0.0,1,10691.0,1,12963.0,1,7803.0,1,0.0,1,5085.0,1,5610.0,6092.3643,6984.267,7557.0
167,2015-03-11,7605.0,987.0,1.0,0.0,0,0.0,3.0,0.9646356,0.26358718,1.0,6.123234e-17,1,0,0,1,7687.0,1,7557.0,1,5622.0,1,12792.0,1,9391.0,1,6012.0,1,0.0,1,0.0,6730.2188,7140.4297,130.0
167,2015-03-12,8400.0,1001.0,1.0,0.0,0,0.0,4.0,0.9646356,0.26358718,1.0,6.123234e-17,1,0,0,1,7605.0,1,7687.0,1,0.0,1,11052.0,1,6403.0,1,7389.0,1,12868.0,1,7933.0,7080.1313,7243.6675,-82.0
167,2015-03-13,8234.0,988.0,1.0,0.0,0,0.0,5.0,0.9646356,0.26358718,1.0,6.123234e-17,1,0,0,1,8400.0,1,7605.0,1,7557.0,1,10294.0,1,0.0,1,8158.0,1,12393.0,1,7112.0,7608.0786,7500.6304,795.0
167,2015-03-14,5407.0,605.0,1.0,0.0,0,0.0,6.0,0.9646356,0.26358718,1.0,6.123234e-17,1,0,0,1,8234.0,1,8400.0,1,7687.0,1,10691.0,1,12963.0,1,7803.0,1,11040.0,1,6845.0,7858.4473,7663.6016,-166.0
167,2015-03-15,0.0,0.0,0.0,0.0,0,0.0,7.0,0.9646356,0.26358718,1.0,6.123234e-17,1,0,0,1,5407.0,1,8234.0,1,7605.0,1,5622.0,1,12792.0,1,9391.0,1,10204.0,1,6950.0,6877.868,7162.1343,-2827.0
167,2015-03-16,13371.0,1359.0,1.0,1.0,0,0.0,1.0,0.9890402,0.14764656,1.0,6.123234e-17,1,0,0,1,0.0,1,5407.0,1,8400.0,1,0.0,1,11052.0,1,6403.0,1,10325.0,1,7198.0,4126.721,5570.549,-5407.0
167,2015-03-17,12007.0,1255.0,1.0,1.0,0,0.0,2.0,0.9890402,0.14764656,1.0,6.123234e-17,1,0,0,1,13371.0,1,0.0,1,8234.0,1,7557.0,1,10294.0,1,0.0,1,5174.0,1,5879.0,7824.4326,7303.9824,13371.0
167,2015-03-18,10510.0,1182.0,1.0,1.0,0,0.0,3.0,0.9890402,0.14764656,1.0,6.123234e-17,1,0,0,1,12007.0,1,13371.0,1,5407.0,1,7687.0,1,10691.0,1,12963.0,1,0.0,1,0.0,9497.46,8349.098,-1364.0
167,2015-03-19,10696.0,1170.0,1.0,1.0,0,0.0,4.0,0.9890402,0.14764656,1.0,6.123234e-17,1,0,0,1,10510.0,1,12007.0,1,0.0,1,7605.0,1,5622.0,1,12792.0,1,6012.0,1,12025.0,9902.476,8829.298,-1497.0
167,2015-03-20,9496.0,1047.0,1.0,1.0,0,0.0,5.0,0.9890402,0.14764656,1.0,6.123234e-17,1,0,0,1,10696.0,1,10510.0,1,13371.0,1,8400.0,1,0.0,1,11052.0,1,7389.0,1,12516.0,10219.886,9244.121,186.0
167,2015-03-21,4206.0,483.0,1.0,0.0,0,0.0,6.0,0.9890402,0.14764656,1.0,6.123234e-17,1,0,0,1,9496.0,1,10696.0,1,12007.0,1,8234.0,1,7557.0,1,10294.0,1,8158.0,1,10655.0,9930.331,9300.094,-1200.0
167,2015-03-22,0.0,0.0,0.0,0.0,0,0.0,7.0,0.9890402,0.14764656,1.0,6.123234e-17,1,0,0,1,4206.0,1,9496.0,1,10510.0,1,5407.0,1,7687.0,1,10691.0,1,7803.0,1,9753.0,7640.5986,8168.073,-5290.0
167,2015-03-23,7409.0,952.0,1.0,0.0,0,0.0,1.0,0.99956083,0.029633328,1.0,6.123234e-17,1,0,0,1,0.0,1,4206.0,1,10696.0,1,0.0,1,7605.0,1,5622.0,1,9391.0,1,11083.0,4584.3594,6352.946,-4206.0
167,2015-03-24,8267.0,1013.0,1.0,0.0,0,0.0,2.0,0.99956083,0.029633328,1.0,6.123234e-17,1,0,0,1,7409.0,1,0.0,1,9496.0,1,13371.0,1,8400.0,1,0.0,1,6403.0,1,6710.0,5714.2153,6587.6245,7409.0
167,2015-03-25,8931.0,1059.0,1.0,0.0,0,0.0,3.0,0.99956083,0.029633328,1.0,6.123234e-17,1,0,0,1,8267.0,1,7409.0,1,4206.0,1,12007.0,1,8234.0,1,7557.0,1,0.0,1,0.0,6735.329,6960.819,858.0
167,2015-03-26,7449.0,906.0,1.0,0.0,0,0.0,4.0,0.99956083,0.029633328,1.0,6.123234e-17,1,0,0,1,8931.0,1,8267.0,1,0.0,1,10510.0,1,5407.0,1,7687.0,1,12963.0,1,13712.0,7613.5977,7398.637,664.0
167,2015-03-27,8023.0,922.0,1.0,0.0,0,0.0,5.0,0.99956083,0.029633328,1.0,6.123234e-17,1,0,0,1,7449.0,1,8931.0,1,7409.0,1,10696.0,1,0.0,1,7605.0,1,12792.0,1,10982.0,7547.759,7409.8286,-1482.0
167,2015-03-28,5826.0,646.0,1.0,0.0,0,0.0,6.0,0.99956083,0.029633328,1.0,6.123234e-17,1,0,0,1,8023.0,1,7449.0,1,8267.0,1,9496.0,1,13371.0,1,8400.0,1,11052.0,1,10231.0,7737.855,7546.089,574.0
167,2015-03-29,0.0,0.0,0.0,0.0,0,0.0,7.0,0.99956083,0.029633328,1.0,6.123234e-17,1,0,0,1,5826.0,1,8023.0,1,8931.0,1,4206.0,1,12007.0,1,8234.0,1,10294.0,1,10525.0,6973.1133,7163.847,-2197.0
167,2015-03-30,16026.0,1302.0,1.0,1.0,0,0.0,1.0,0.9960498,-0.08879589,1.0,6.123234e-17,1,0,0,1,0.0,1,5826.0,1,7449.0,1,0.0,1,10510.0,1,5407.0,1,10691.0,1,9808.0,4183.8677,5571.881,-5826.0
167,2015-03-31,15621.0,1346.0,1.0,1.0,0,0.0,2.0,0.9960498,-0.08879589,1.0,6.123234e-17,1,0,1,1,16026.0,1,0.0,1,8023.0,1,7409.0,1,10696.0,1,0.0,1,5622.0,1,5131.0,8920.721,7895.0186,16026.0
167,2015-04-01,15978.0,1501.0,1.0,1.0,0,0.0,3.0,0.9960498,-0.08879589,0.8660254,-0.5,2,1,0,1,15621.0,1,16026.0,1,5826.0,1,8267.0,1,9496.0,1,13371.0,1,0.0,1,0.0,11600.832,9611.903,-405.0
167,2015-04-02,15921.0,1584.0,1.0,1.0,0,1.0,4.0,0.9960498,-0.08879589,0.8660254,-0.5,2,0,0,1,15978.0,1,15621.0,1,0.0,1,8931.0,1,4206.0,1,12007.0,1,7557.0,1,6719.0,13351.699,11026.592,357.0
167,2015-04-03,0.0,0.0,0.0,1.0,2,0.0,5.0,0.9960498,-0.08879589,0.8660254,-0.5,2,0,0,1,15921.0,1,15978.0,1,16026.0,1,7449.0,1,0.0,1,10510.0,1,7687.0,1,8082.0,14379.42,12114.238,-57.0
167,2015-04-04,9732.0,1149.0,1.0,0.0,0,0.0,6.0,0.9960498,-0.08879589,0.8660254,-0.5,2,0,0,1,0.0,1,15921.0,1,15621.0,1,8023.0,1,7409.0,1,10696.0,1,7605.0,1,8004.0,8627.651,9422.185,-15921.0
167,2015-04-05,0.0,0.0,0.0,0.0,0,0.0,7.0,0.9960498,-0.08879589,0.8660254,-0.5,2,0,0,1,9732.0,1,0.0,1,15978.0,1,5826.0,1,8267.0,1,9496.0,1,8400.0,1,8082.0,9069.391,9491.033,9732.0
167,2015-04-06,0.0,0.0,0.0,0.0,2,0.0,1.0,0.9785565,-0.20597862,0.8660254,-0.5,2,0,0,1,0.0,1,9732.0,1,15921.0,1,0.0,1,8931.0,1,4206.0,1,8234.0,1,8145.0,5441.635,7381.9146,-9732.0
167,2015-04-07,9591.0,1169.0,1.0,0.0,0,0.0,2.0,0.9785565,-0.20597862,0.8660254,-0.5,2,0,0,1,0.0,1,0.0,1,0.0,1,16026.0,1,7449.0,1,0.0,1,5407.0,1,5085.0,3264.9807,5741.489,0.0
167,2015-04-08,8107.0,1083.0,1.0,0.0,0,0.0,3.0,0.9785565,-0.20597862,0.8660254,-0.5,2,0,0,1,9591.0,1,0.0,1,9732.0,1,15621.0,1,8023.0,1,7409.0,1,0.0,1,0.0,5795.3887,6596.936,9591.0
167,2015-04-09,7903.0,989.0,1.0,0.0,0,0.0,4.0,0.9785565,-0.20597862,0.8660254,-0.5,2,0,0,1,8107.0,1,9591.0,1,0.0,1,15978.0,1,5826.0,1,8267.0,1,13371.0,1,12868.0,6720.033,6932.506,-1484.0
167,2015-04-10,8626.0,1113.0,1.0,0.0,0,0.0,5.0,0.9785565,-0.20597862,0.8660254,-0.5,2,0,0,1,7903.0,1,8107.0,1,0.0,1,15921.0,1,0.0,1,8931.0,1,12007.0,1,12393.0,7193.2197,7148.171,-204.0
167,2015-04-11,5879.0,679.0,1.0,0.0,0,0.0,6.0,0.9785565,-0.20597862,0.8660254,-0.5,2,0,0,1,8626.0,1,7903.0,1,9591.0,1,0.0,1,16026.0,1,7449.0,1,10510.0,1,11040.0,7766.332,7476.5776,723.0
167,2015-04-12,0.0,0.0,0.0,0.0,0,0.0,7.0,0.9785565,-0.20597862,0.8660254,-0.5,2,0,0,1,5879.0,1,8626.0,1,8107.0,1,9732.0,1,15621.0,1,8023.0,1,10696.0,1,10204.0,7011.399,7121.56,-2747.0
167,2015-04-13,13311.0,1322.0,1.0,1.0,0,0.0,1.0,0.94732636,-0.32026985,0.8660254,-0.5,2,0,0,1,0.0,1,5879.0,1,7903.0,1,0.0,1,15978.0,1,5826.0,1,9496.0,1,10325.0,4206.8394,5538.991,-5879.0
167,2015-04-14,12926.0,1324.0,1.0,1.0,0,0.0,2.0,0.94732636,-0.32026985,0.8660254,-0.5,2,0,0,1,13311.0,1,0.0,1,8626.0,1,0.0,1,15921.0,1,0.0,1,4206.0,1,5174.0,7848.504,7266.1045,13311.0
167,2015-04-15,11572.0,1285.0,1.0,1.0,0,0.0,3.0,0.94732636,-0.32026985,0.8660254,-0.5,2,0,0,1,12926.0,1,13311.0,1,5879.0,1,9591.0,1,0.0,1,16026.0,1,0.0,1,0.0,9879.502,8523.859,-385.0
167,2015-04-16,11295.0,1189.0,1.0,1.0,0,0.0,4.0,0.94732636,-0.32026985,0.8660254,-0.5,2,0,0,1,11572.0,1,12926.0,1,0.0,1,8107.0,1,9732.0,1,15621.0,1,7409.0,1,6012.0,10556.501,9201.224,-1354.0
167,2015-04-17,11114.0,1203.0,1.0,1.0,0,0.0,5.0,0.94732636,-0.32026985,0.8660254,-0.5,2,0,0,1,11295.0,1,11572.0,1,13311.0,1,7903.0,1,0.0,1,15978.0,1,8267.0,1,7389.0,10851.9,9666.507,-277.0
167,2015-04-18,5508.0,638.0,1.0,0.0,0,0.0,6.0,0.94732636,-0.32026985,0.8660254,-0.5,2,0,0,1,11114.0,1,11295.0,1,12926.0,1,8626.0,1,0.0,1,15921.0,1,8931.0,1,8158.0,10956.74,9988.172,-181.0
167,2015-04-19,0.0,0.0,0.0,0.0,0,0.0,7.0,0.94732636,-0.32026985,0.8660254,-0.5,2,0,0,1,5508.0,1,11114.0,1,11572.0,1,5879.0,1,9591.0,1,0.0,1,7449.0,1,7803.0,8777.244,8992.578,-5606.0
167,2015-04-20,7784.0,957.0,1.0,0.0,0,0.0,1.0,0.9027978,-0.4300652,0.8660254,-0.5,2,0,0,1,0.0,1,5508.0,1,11295.0,1,0.0,1,8107.0,1,9732.0,1,8023.0,1,9391.0,5266.3467,6994.2275,-5508.0
167,2015-04-21,8038.0,999.0,1.0,0.0,0,0.0,2.0,0.9027978,-0.4300652,0.8660254,-0.5,2,0,0,1,7784.0,1,0.0,1,11114.0,1,13311.0,1,7903.0,1,0.0,1,5826.0,1,6403.0,6273.4077,7169.7324,7784.0
167,2015-04-22,7500.0,958.0,1.0,0.0,0,0.0,3.0,0.9027978,-0.4300652,0.8660254,-0.5,2,0,0,1,8038.0,1,7784.0,1,5508.0,1,12926.0,1,8626.0,1,0.0,1,0.0,1,0.0,6979.2446,7362.681,254.0
167,2015-04-23,7538.0,951.0,1.0,0.0,0,0.0,4.0,0.9027978,-0.4300652,0.8660254,-0.5,2,0,0,1,7500.0,1,8038.0,1,0.0,1,11572.0,1,5879.0,1,9591.0,1,16026.0,1,12963.0,7187.547,7393.1963,-538.0
167,2015-04-24,7023.0,855.0,1.0,0.0,0,0.0,5.0,0.9027978,-0.4300652,0.8660254,-0.5,2,0,0,1,7538.0,1,7500.0,1,7784.0,1,11295.0,1,0.0,1,8107.0,1,15621.0,1,12792.0,7327.728,7425.375,38.0
167,2015-04-25,5890.0,780.0,1.0,0.0,0,0.0,6.0,0.9027978,-0.4300652,0.8660254,-0.5,2,0,0,1,7023.0,1,7538.0,1,8038.0,1,11114.0,1,13311.0,1,7903.0,1,15978.0,1,11052.0,7205.837,7335.9585,-515.0
167,2015-04-26,0.0,0.0,0.0,0.0,0,0.0,7.0,0.9027978,-0.4300652,0.8660254,-0.5,2,0,0,1,5890.0,1,7023.0,1,7500.0,1,5508.0,1,12926.0,1,8626.0,1,15921.0,1,10294.0,6679.502,7014.6343,-1133.0
167,2015-04-27,10802.0,986.0,1.0,1.0,0,0.0,1.0,0.845596,-0.5338234,0.8660254,-0.5,2,0,0,1,0.0,1,5890.0,1,7538.0,1,0.0,1,11572.0,1,5879.0,1,0.0,1,10691.0,4007.7012,5455.8267,-5890.0
167,2015-04-28,14681.0,1417.0,1.0,1.0,0,0.0,2.0,0.845596,-0.5338234,0.8660254,-0.5,2,0,0,1,10802.0,1,0.0,1,7023.0,1,7784.0,1,11295.0,1,0.0,1,9732.0,1,5622.0,6725.421,6643.865,10802.0
167,2015-04-29,12490.0,1347.0,1.0,1.0,0,0.0,3.0,0.845596,-0.5338234,0.8660254,-0.5,2,0,0,1,14681.0,1,10802.0,1,5890.0,1,8038.0,1,11114.0,1,13311.0,1,0.0,1,0.0,9907.652,8429.8955,3879.0
167,2015-04-30,14562.0,1541.0,1.0,1.0,0,0.0,4.0,0.845596,-0.5338234,0.8660254,-0.5,2,0,1,1,12490.0,1,14681.0,1,0.0,1,7500.0,1,5508.0,1,12926.0,1,0.0,1,7557.0,10940.592,9332.141,-2191.0
167,2015-05-01,0.0,0.0,0.0,1.0,1,0.0,5.0,0.845596,-0.5338234,0.5,-0.8660254,2,1,0,1,14562.0,1,12490.0,1,10802.0,1,7538.0,1,0.0,1,11572.0,1,9591.0,1,7687.0,12389.155,10494.332,2072.0
167,2015-05-02,7991.0,859.0,1.0,0.0,0,0.0,6.0,0.845596,-0.5338234,0.5,-0.8660254,2,0,0,1,0.0,1,14562.0,1,14681.0,1,7023.0,1,7784.0,1,11295.0,1,8107.0,1,7605.0,7433.493,8162.258,-14562.0
167,2015-05-03,0.0,0.0,0.0,0.0,0,0.0,7.0,0.845596,-0.5338234,0.5,-0.8660254,2,0,0,1,7991.0,1,0.0,1,12490.0,1,5890.0,1,8038.0,1,11114.0,1,7903.0,1,8400.0,7656.4956,8124.2007,7991.0
167,2015-05-04,13540.0,1365.0,1.0,1.0,0,0.0,1.0,0.7765239,-0.63008785,0.5,-0.8660254,2,0,0,1,0.0,1,7991.0,1,14562.0,1,0.0,1,7500.0,1,5508.0,1,8626.0,1,8234.0,4593.8975,6318.8228,-7991.0
167,2015-05-05,11797.0,1214.0,1.0,1.0,0,0.0,2.0,0.7765239,-0.63008785,0.5,-0.8660254,2,0,0,1,13540.0,1,0.0,1,0.0,1,10802.0,1,7538.0,1,0.0,1,5879.0,1,5407.0,8172.3384,7923.529,13540.0
167,2015-05-06,12545.0,1355.0,1.0,1.0,0,0.0,3.0,0.7765239,-0.63008785,0.5,-0.8660254,2,0,0,1,11797.0,1,13540.0,1,7991.0,1,14681.0,1,7023.0,1,7784.0,1,0.0,1,0.0,9622.203,8784.3,-1743.0
167,2015-05-07,10411.0,1120.0,1.0,1.0,0,0.0,4.0,0.7765239,-0.63008785,0.5,-0.8660254,2,0,0,1,12545.0,1,11797.0,1,0.0,1,12490.0,1,5890.0,1,8038.0,1,13311.0,1,13371.0,10791.322,9620.011,748.0
167,2015-05-08,11184.0,1220.0,1.0,1.0,0,0.0,5.0,0.7765239,-0.63008785,0.5,-0.8660254,2,0,0,1,10411.0,1,12545.0,1,13540.0,1,14562.0,1,0.0,1,7500.0,1,12926.0,1,12007.0,10639.193,9795.786,-2134.0
167,2015-05-09,6276.0,748.0,1.0,0.0,0,0.0,6.0,0.7765239,-0.63008785,0.5,-0.8660254,2,0,0,1,11184.0,1,10411.0,1,11797.0,1,0.0,1,10802.0,1,7538.0,1,11572.0,1,10510.0,10857.116,10104.278,773.0
167,2015-05-10,0.0,0.0,0.0,0.0,0,0.0,7.0,0.7765239,-0.63008785,0.5,-0.8660254,2,0,0,1,6276.0,1,11184.0,1,12545.0,1,7991.0,1,14681.0,1,7023.0,1,11295.0,1,10696.0,9024.67,9253.55,-4908.0
167,2015-05-11,8222.0,995.0,1.0,0.0,0,0.0,1.0,0.696551,-0.71750724,0.5,-0.8660254,2,0,0,1,0.0,1,6276.0,1,10411.0,1,0.0,1,12490.0,1,5890.0,1,11114.0,1,9496.0,5414.802,7197.2056,-6276.0
167,2015-05-12,8888.0,1025.0,1.0,0.0,0,0.0,2.0,0.696551,-0.71750724,0.5,-0.8660254,2,0,0,1,8222.0,1,0.0,1,11184.0,1,13540.0,1,14562.0,1,0.0,1,5508.0,1,4206.0,6537.681,7424.9375,8222.0
167,2015-05-13,10863.0,1262.0,1.0,0.0,0,0.0,3.0,0.696551,-0.71750724,0.5,-0.8660254,2,0,0,1,8888.0,1,8222.0,1,6276.0,1,11797.0,1,0.0,1,10802.0,1,0.0,1,0.0,7477.8086,7750.0625,666.0
167,2015-05-14,0.0,0.0,0.0,0.0,1,0.0,4.0,0.696551,-0.71750724,0.5,-0.8660254,2,0,0,1,10863.0,1,8888.0,1,0.0,1,12545.0,1,7991.0,1,14681.0,1,7784.0,1,7409.0,8831.885,8441.826,1975.0
167,2015-05-15,10887.0,1237.0,1.0,0.0,0,1.0,5.0,0.696551,-0.71750724,0.5,-0.8660254,2,0,0,1,0.0,1,10863.0,1,8222.0,1,10411.0,1,0.0,1,12490.0,1,8038.0,1,8267.0,5299.131,6565.865,-10863.0
167,2015-05-16,5405.0,626.0,1.0,0.0,0,0.0,6.0,0.696551,-0.71750724,0.5,-0.8660254,2,0,0,1,10887.0,1,0.0,1,8888.0,1,11184.0,1,13540.0,1,14562.0,1,7500.0,1,8931.0,7534.279,7526.117,10887.0
167,2015-05-17,0.0,0.0,0.0,0.0,0,0.0,7.0,0.696551,-0.71750724,0.5,-0.8660254,2,0,0,1,5405.0,1,10887.0,1,10863.0,1,6276.0,1,11797.0,1,0.0,1,7538.0,1,7449.0,6682.5674,7054.758,-5482.0
167,2015-05-18,14168.0,1338.0,1.0,1.0,0,1.0,1.0,0.60680014,-0.79485446,0.5,-0.8660254,2,0,0,1,0.0,1,5405.0,1,0.0,1,0.0,1,12545.0,1,7991.0,1,7023.0,1,8023.0,4009.5403,5487.0337,-5405.0
167,2015-05-19,12120.0,1221.0,1.0,1.0,0,1.0,2.0,0.60680014,-0.79485446,0.5,-0.8660254,2,0,0,1,14168.0,1,0.0,1,10887.0,1,8222.0,1,10411.0,1,0.0,1,5890.0,1,5826.0,8072.9243,7416.1377,14168.0
167,2015-05-20,11631.0,1226.0,1.0,1.0,0,1.0,3.0,0.60680014,-0.79485446,0.5,-0.8660254,2,0,0,1,12120.0,1,14168.0,1,5405.0,1,8888.0,1,11184.0,1,13540.0,1,0.0,1,0.0,9691.755,8461.44,-2048.0
167,2015-05-21,9837.0,1080.0,1.0,1.0,0,1.0,4.0,0.60680014,-0.79485446,0.5,-0.8660254,2,0,0,1,11631.0,1,12120.0,1,0.0,1,10863.0,1,6276.0,1,11797.0,1,10802.0,1,16026.0,10467.453,9165.787,-489.0
167,2015-05-22,9654.0,1033.0,1.0,1.0,0,1.0,5.0,0.60680014,-0.79485446,0.5,-0.8660254,2,0,0,1,9837.0,1,11631.0,1,14168.0,1,0.0,1,0.0,1,12545.0,1,14681.0,1,15621.0,10215.271,9314.945,-1794.0
167,2015-05-23,5037.0,576.0,1.0,0.0,0,0.0,6.0,0.60680014,-0.79485446,0.5,-0.8660254,2,0,0,1,9654.0,1,9837.0,1,12120.0,1,10887.0,1,8222.0,1,10411.0,1,12490.0,1,15978.0,9990.763,9390.291,-183.0
167,2015-05-24,0.0,0.0,0.0,0.0,0,0.0,7.0,0.60680014,-0.79485446,0.5,-0.8660254,2,0,0,1,5037.0,1,9654.0,1,11631.0,1,5405.0,1,8888.0,1,11184.0,1,14562.0,1,15921.0,8009.258,8422.893,-4617.0
167,2015-05-25,0.0,0.0,0.0,0.0,1,0.0,1.0,0.5085311,-0.86104363,0.5,-0.8660254,2,0,0,1,0.0,1,5037.0,1,9837.0,1,0.0,1,10863.0,1,6276.0,1,0.0,1,0.0,4805.5547,6551.1387,-5037.0
167,2015-05-26,9212.0,1125.0,1.0,0.0,0,0.0,2.0,0.5085311,-0.86104363,0.5,-0.8660254,2,0,0,1,0.0,1,0.0,1,9654.0,1,14168.0,1,0.0,1,0.0,1,7991.0,1,9732.0,2883.3328,5095.33,0.0
167,2015-05-27,8329.0,1028.0,1.0,0.0,0,0.0,3.0,0.5085311,-0.86104363,0.5,-0.8660254,2,0,0,1,9212.0,1,0.0,1,5037.0,1,12120.0,1,10887.0,1,8222.0,1,0.0,1,0.0,5414.8,6010.1455,9212.0
167,2015-05-28,8988.0,1049.0,1.0,0.0,0,0.0,4.0,0.5085311,-0.86104363,0.5,-0.8660254,2,0,0,1,8329.0,1,9212.0,1,0.0,1,11631.0,1,5405.0,1,8888.0,1,13540.0,1,0.0,6580.48,6525.447,-883.0
167,2015-05-29,10977.0,1260.0,1.0,0.0,0,0.0,5.0,0.5085311,-0.86104363,0.5,-0.8660254,2,0,0,1,8988.0,1,8329.0,1,0.0,1,9837.0,1,0.0,1,10863.0,1,11797.0,1,9591.0,7543.488,7072.6807,659.0
167,2015-05-30,6052.0,699.0,1.0,0.0,0,0.0,6.0,0.5085311,-0.86104363,0.5,-0.8660254,2,0,0,1,10977.0,1,8988.0,1,9212.0,1,9654.0,1,14168.0,1,0.0,1,12545.0,1,8107.0,8916.893,7940.307,1989.0
167,2015-05-31,0.0,0.0,0.0,0.0,0,0.0,7.0,0.5085311,-0.86104363,0.5,-0.8660254,2,0,1,1,6052.0,1,10977.0,1,8329.0,1,5037.0,1,12120.0,1,10887.0,1,10411.0,1,7903.0,7770.9355,7520.6836,-4925.0
167,2015-06-01,15665.0,1461.0,1.0,1.0,0,0.0,1.0,0.40312344,-0.91514564,1.2246469e-16,-1.0,2,1,0,1,0.0,1,6052.0,1,8988.0,1,0.0,1,11631.0,1,5405.0,1,11184.0,1,8626.0,4662.5615,5849.4204,-6052.0
167,2015-06-02,13530.0,1332.0,1.0,1.0,0,0.0,2.0,0.40312344,-0.91514564,1.2246469e-16,-1.0,2,0,0,1,15665.0,1,0.0,1,10977.0,1,0.0,1,9837.0,1,0.0,1,6276.0,1,5879.0,9063.537,8030.66,15665.0
167,2015-06-03,12211.0,1259.0,1.0,1.0,0,0.0,3.0,0.40312344,-0.91514564,1.2246469e-16,-1.0,2,0,0,1,13530.0,1,15665.0,1,6052.0,1,9212.0,1,9654.0,1,14168.0,1,0.0,1,0.0,10850.122,9252.735,-2135.0
167,2015-06-04,11228.0,1177.0,1.0,1.0,0,0.0,4.0,0.40312344,-0.91514564,1.2246469e-16,-1.0,2,0,0,1,12211.0,1,13530.0,1,0.0,1,8329.0,1,5037.0,1,12120.0,1,8222.0,1,13311.0,11394.474,9910.128,-1319.0
167,2015-06-05,9480.0,1142.0,1.0,1.0,0,0.0,5.0,0.40312344,-0.91514564,1.2246469e-16,-1.0,2,0,0,1,11228.0,1,12211.0,1,15665.0,1,8988.0,1,0.0,1,11631.0,1,8888.0,1,12926.0,11327.884,10202.988,-983.0
167,2015-06-06,5608.0,815.0,1.0,0.0,0,0.0,6.0,0.40312344,-0.91514564,1.2246469e-16,-1.0,2,0,0,1,9480.0,1,11228.0,1,13530.0,1,10977.0,1,0.0,1,9837.0,1,10863.0,1,11572.0,10588.73,10042.324,-1748.0
167,2015-06-07,0.0,0.0,0.0,0.0,0,0.0,7.0,0.40312344,-0.91514564,1.2246469e-16,-1.0,2,0,0,1,5608.0,1,9480.0,1,12211.0,1,6052.0,1,9212.0,1,9654.0,1,0.0,1,11295.0,8596.438,9056.919,-3872.0
167,2015-06-08,7609.0,968.0,1.0,0.0,0,0.0,1.0,0.29205677,-0.956401,1.2246469e-16,-1.0,2,0,0,1,0.0,1,5608.0,1,11228.0,1,0.0,1,8329.0,1,5037.0,1,10887.0,1,11114.0,5157.863,7044.27,-5608.0
167,2015-06-09,8790.0,1003.0,1.0,0.0,0,0.0,2.0,0.29205677,-0.956401,1.2246469e-16,-1.0,2,0,0,1,7609.0,1,0.0,1,9480.0,1,15665.0,1,8988.0,1,0.0,1,5405.0,1,5508.0,6138.318,7169.7656,7609.0
167,2015-06-10,8115.0,1007.0,1.0,0.0,0,0.0,3.0,0.29205677,-0.956401,1.2246469e-16,-1.0,2,0,0,1,8790.0,1,7609.0,1,5608.0,1,13530.0,1,10977.0,1,0.0,1,0.0,1,0.0,7198.9907,7529.818,1181.0
167,2015-06-11,7996.0,1010.0,1.0,0.0,0,0.0,4.0,0.29205677,-0.956401,1.2246469e-16,-1.0,2,0,0,1,8115.0,1,8790.0,1,0.0,1,12211.0,1,6052.0,1,9212.0,1,14168.0,1,7784.0,7565.3945,7659.8584,-675.0
167,2015-06-12,8050.0,961.0,1.0,0.0,0,0.0,5.0,0.29205677,-0.956401,1.2246469e-16,-1.0,2,0,0,1,7996.0,1,8115.0,1,7609.0,1,11228.0,1,0.0,1,8329.0,1,12120.0,1,8038.0,7737.6367,7734.5566,-119.0
167,2015-06-13,4796.0,630.0,1.0,0.0,0,0.0,6.0,0.29205677,-0.956401,1.2246469e-16,-1.0,2,0,0,1,8050.0,1,7996.0,1,8790.0,1,9480.0,1,15665.0,1,8988.0,1,11631.0,1,7500.0,7862.582,7804.655,54.0
167,2015-06-14,0.0,0.0,0.0,0.0,0,0.0,7.0,0.29205677,-0.956401,1.2246469e-16,-1.0,2,0,0,1,4796.0,1,8050.0,1,8115.0,1,5608.0,1,13530.0,1,10977.0,1,9837.0,1,7538.0,6635.949,7136.065,-3254.0
167,2015-06-15,14136.0,1358.0,1.0,1.0,0,0.0,1.0,0.17689027,-0.9842306,1.2246469e-16,-1.0,2,0,0,1,0.0,1,4796.0,1,7996.0,1,0.0,1,12211.0,1,6052.0,1,9654.0,1,7023.0,3981.5696,5550.273,-4796.0
167,2015-06-16,13593.0,1312.0,1.0,1.0,0,0.0,2.0,0.17689027,-0.9842306,1.2246469e-16,-1.0,2,0,0,1,14136.0,1,0.0,1,8050.0,1,7609.0,1,11228.0,1,0.0,1,5037.0,1,5890.0,8043.342,7458.2124,14136.0
167,2015-06-17,11866.0,1266.0,1.0,1.0,0,0.0,3.0,0.17689027,-0.9842306,1.2246469e-16,-1.0,2,0,0,1,13593.0,1,14136.0,1,4796.0,1,8790.0,1,9480.0,1,15665.0,1,0.0,1,0.0,10263.205,8821.498,-543.0
167,2015-06-18,10107.0,1106.0,1.0,1.0,0,0.0,4.0,0.17689027,-0.9842306,1.2246469e-16,-1.0,2,0,0,1,11866.0,1,13593.0,1,0.0,1,8115.0,1,5608.0,1,13530.0,1,0.0,1,10802.0,10904.323,9498.055,-1727.0
167,2015-06-19,9261.0,1020.0,1.0,1.0,0,0.0,5.0,0.17689027,-0.9842306,1.2246469e-16,-1.0,2,0,0,1,10107.0,1,11866.0,1,14136.0,1,7996.0,1,0.0,1,12211.0,1,9212.0,1,14681.0,10585.394,9633.376,-1759.0
167,2015-06-20,5316.0,598.0,1.0,0.0,0,0.0,6.0,0.17689027,-0.9842306,1.2246469e-16,-1.0,2,0,0,1,9261.0,1,10107.0,1,13593.0,1,8050.0,1,7609.0,1,11228.0,1,8329.0,1,12490.0,10055.637,9550.625,-846.0
167,2015-06-21,0.0,0.0,0.0,0.0,0,0.0,7.0,0.17689027,-0.9842306,1.2246469e-16,-1.0,2,0,0,1,5316.0,1,9261.0,1,11866.0,1,4796.0,1,8790.0,1,9480.0,1,8988.0,1,14562.0,8159.7817,8609.598,-3945.0
167,2015-06-22,7386.0,899.0,1.0,0.0,0,0.0,1.0,0.059240628,-0.99824375,1.2246469e-16,-1.0,2,0,0,1,0.0,1,5316.0,1,10107.0,1,0.0,1,8115.0,1,5608.0,1,10977.0,1,0.0,4895.869,6696.3535,-5316.0
167,2015-06-23,7462.0,933.0,1.0,0.0,0,0.0,2.0,0.059240628,-0.99824375,1.2246469e-16,-1.0,2,0,0,1,7386.0,1,0.0,1,9261.0,1,14136.0,1,7996.0,1,0.0,1,6052.0,1,7991.0,5891.9214,6849.6084,7386.0
167,2015-06-24,7992.0,1021.0,1.0,0.0,0,0.0,3.0,0.059240628,-0.99824375,1.2246469e-16,-1.0,2,0,0,1,7462.0,1,7386.0,1,5316.0,1,13593.0,1,8050.0,1,7609.0,1,0.0,1,0.0,6519.9526,6985.6953,76.0
167,2015-06-25,7878.0,945.0,1.0,0.0,0,0.0,4.0,0.059240628,-0.99824375,1.2246469e-16,-1.0,2,0,0,1,7992.0,1,7462.0,1,0.0,1,11866.0,1,4796.0,1,8790.0,1,15665.0,1,13540.0,7108.7715,7209.319,530.0
167,2015-06-26,7397.0,920.0,1.0,0.0,0,0.0,5.0,0.059240628,-0.99824375,1.2246469e-16,-1.0,2,0,0,1,7878.0,1,7992.0,1,7386.0,1,10107.0,1,0.0,1,8115.0,1,13530.0,1,11797.0,7416.463,7357.9146,-114.0
167,2015-06-27,5485.0,600.0,1.0,0.0,0,0.0,6.0,0.059240628,-0.99824375,1.2246469e-16,-1.0,2,0,0,1,7397.0,1,7878.0,1,7462.0,1,9261.0,1,14136.0,1,7996.0,1,12211.0,1,12545.0,7408.6777,7366.6,-481.0
167,2015-06-28,0.0,0.0,0.0,0.0,0,0.0,7.0,0.059240628,-0.99824375,1.2246469e-16,-1.0,2,0,0,1,5485.0,1,7397.0,1,7992.0,1,5316.0,1,13593.0,1,8050.0,1,11228.0,1,10411.0,6639.2065,6948.467,-1912.0
167,2015-06-29,14757.0,1378.0,1.0,1.0,0,0.0,1.0,-0.059240628,-0.99824375,1.2246469e-16,-1.0,2,0,0,1,0.0,1,5485.0,1,7878.0,1,0.0,1,11866.0,1,4796.0,1,9480.0,1,11184.0,3983.524,5404.3633,-5485.0
167,2015-06-30,15751.0,1484.0,1.0,1.0,0,0.0,2.0,-0.059240628,-0.99824375,1.2246469e-16,-1.0,2,0,1,1,14757.0,1,0.0,1,7397.0,1,7386.0,1,10107.0,1,0.0,1,5608.0,1,6276.0,8292.914,7482.727,14757.0
167,2015-07-01,12808.0,1391.0,1.0,1.0,0,0.0,3.0,-0.059240628,-0.99824375,-0.5,-0.8660254,3,1,0,1,15751.0,1,14757.0,1,5485.0,1,7462.0,1,9261.0,1,14136.0,1,0.0,1,0.0,11276.148,9320.121,994.0
167,2015-07-02,11768.0,1283.0,1.0,1.0,0,0.0,4.0,-0.059240628,-0.99824375,-0.5,-0.8660254,3,0,0,1,12808.0,1,15751.0,1,0.0,1,7992.0,1,5316.0,1,13593.0,1,7609.0,1,8222.0,11888.89,10095.205,-2943.0
167,2015-07-03,9709.0,1077.0,1.0,1.0,0,0.0,5.0,-0.059240628,-0.99824375,-0.5,-0.8660254,3,0,0,1,11768.0,1,12808.0,1,14757.0,1,7878.0,1,0.0,1,11866.0,1,8790.0,1,8888.0,11840.533,10466.9375,-1040.0
167,2015-07-04,4494.0,563.0,1.0,0.0,0,0.0,6.0,-0.059240628,-0.99824375,-0.5,-0.8660254,3,0,0,1,9709.0,1,11768.0,1,15751.0,1,7397.0,1,7386.0,1,10107.0,1,8115.0,1,10863.0,10987.92,10298.507,-2059.0
167,2015-07-05,0.0,0.0,0.0,0.0,0,0.0,7.0,-0.059240628,-0.99824375,-0.5,-0.8660254,3,0,0,1,4494.0,1,9709.0,1,12808.0,1,5485.0,1,7462.0,1,9261.0,1,7996.0,1,0.0,8390.353,9008.616,-5215.0
167,2015-07-06,8625.0,1015.0,1.0,0.0,0,0.0,1.0,-0.17689027,-0.9842306,-0.5,-0.8660254,3,0,0,1,0.0,1,4494.0,1,11768.0,1,0.0,1,7992.0,1,5316.0,1,8050.0,1,10887.0,5034.2114,7006.7017,-4494.0
167,2015-07-07,7733.0,1011.0,1.0,0.0,0,0.0,2.0,-0.17689027,-0.9842306,-0.5,-0.8660254,3,0,0,1,8625.0,1,0.0,1,9709.0,1,14757.0,1,7878.0,1,0.0,1,4796.0,1,5405.0,6470.527,7366.3237,8625.0
167,2015-07-08,9174.0,1113.0,1.0,0.0,0,0.0,3.0,-0.17689027,-0.9842306,-0.5,-0.8660254,3,0,0,1,7733.0,1,8625.0,1,4494.0,1,15751.0,1,7397.0,1,7386.0,1,0.0,1,0.0,6975.516,7447.807,-892.0
167,2015-07-09,8589.0,1068.0,1.0,0.0,0,0.0,4.0,-0.17689027,-0.9842306,-0.5,-0.8660254,3,0,0,1,9174.0,1,7733.0,1,0.0,1,12808.0,1,5485.0,1,7462.0,1,14136.0,1,14168.0,7854.9097,7831.406,1441.0
167,2015-07-10,8248.0,995.0,1.0,0.0,0,0.0,5.0,-0.17689027,-0.9842306,-0.5,-0.8660254,3,0,0,1,8589.0,1,9174.0,1,8625.0,1,11768.0,1,0.0,1,7992.0,1,13593.0,1,12120.0,8148.546,7999.76,-585.0
167,2015-07-11,5213.0,592.0,1.0,0.0,0,0.0,6.0,-0.17689027,-0.9842306,-0.5,-0.8660254,3,0,0,1,8248.0,1,8589.0,1,7733.0,1,9709.0,1,14757.0,1,7878.0,1,11866.0,1,11631.0,8188.3276,8054.9243,-341.0
167,2015-07-12,0.0,0.0,0.0,0.0,0,0.0,7.0,-0.17689027,-0.9842306,-0.5,-0.8660254,3,0,0,1,5213.0,1,8248.0,1,9174.0,1,4494.0,1,15751.0,1,7397.0,1,10107.0,1,9837.0,6998.1963,7423.3857,-3035.0
167,2015-07-13,13290.0,1247.0,1.0,1.0,0,1.0,1.0,-0.29205677,-0.956401,-0.5,-0.8660254,3,0,0,1,0.0,1,5213.0,1,8589.0,1,0.0,1,12808.0,1,5485.0,1,9261.0,1,9654.0,4198.918,5773.744,-5213.0
167,2015-07-14,11473.0,1136.0,1.0,1.0,0,1.0,2.0,-0.29205677,-0.956401,-0.5,-0.8660254,3,0,0,1,13290.0,1,0.0,1,8248.0,1,8625.0,1,11768.0,1,0.0,1,5316.0,1,5037.0,7835.3506,7444.0234,13290.0
167,2015-07-15,12141.0,1298.0,1.0,1.0,0,1.0,3.0,-0.29205677,-0.956401,-0.5,-0.8660254,3,0,0,1,11473.0,1,13290.0,1,5213.0,1,7733.0,1,9709.0,1,14757.0,1,0.0,1,0.0,9290.41,8339.352,-1817.0
167,2015-07-16,11055.0,1160.0,1.0,1.0,0,1.0,4.0,-0.29205677,-0.956401,-0.5,-0.8660254,3,0,0,1,12141.0,1,11473.0,1,0.0,1,9174.0,1,4494.0,1,15751.0,1,7386.0,1,0.0,10430.646,9184.162,668.0
167,2015-07-17,9986.0,1073.0,1.0,1.0,0,1.0,5.0,-0.29205677,-0.956401,-0.5,-0.8660254,3,0,0,1,11055.0,1,12141.0,1,13290.0,1,8589.0,1,0.0,1,12808.0,1,7462.0,1,9212.0,10680.388,9599.904,-1086.0
167,2015-07-18,5089.0,571.0,1.0,0.0,0,0.0,6.0,-0.29205677,-0.956401,-0.5,-0.8660254,3,0,0,1,9986.0,1,11055.0,1,11473.0,1,8248.0,1,8625.0,1,11768.0,1,7992.0,1,8329.0,10402.633,9685.703,-1069.0
167,2015-07-19,0.0,0.0,0.0,0.0,0,0.0,7.0,-0.29205677,-0.956401,-0.5,-0.8660254,3,0,0,1,5089.0,1,9986.0,1,12141.0,1,5213.0,1,7733.0,1,9709.0,1,7878.0,1,8988.0,8277.18,8664.214,-4897.0
167,2015-07-20,8554.0,1003.0,1.0,0.0,0,1.0,1.0,-0.40312344,-0.91514564,-0.5,-0.8660254,3,0,0,1,0.0,1,5089.0,1,11055.0,1,0.0,1,9174.0,1,4494.0,1,7397.0,1,10977.0,4966.3076,6738.8325,-5089.0
167,2015-07-21,8351.0,990.0,1.0,0.0,0,1.0,2.0,-0.40312344,-0.91514564,-0.5,-0.8660254,3,0,0,1,8554.0,1,0.0,1,9986.0,1,13290.0,1,8589.0,1,0.0,1,5485.0,1,6052.0,6401.385,7142.203,8554.0
167,2015-07-22,8163.0,984.0,1.0,0.0,0,1.0,3.0,-0.40312344,-0.91514564,-0.5,-0.8660254,3,0,0,1,8351.0,1,8554.0,1,5089.0,1,11473.0,1,8248.0,1,8625.0,1,0.0,1,0.0,7181.231,7410.8247,-203.0
167,2015-07-23,7923.0,941.0,1.0,0.0,0,1.0,4.0,-0.40312344,-0.91514564,-0.5,-0.8660254,3,0,0,1,8163.0,1,8351.0,1,0.0,1,12141.0,1,5213.0,1,7733.0,1,14757.0,1,15665.0,7573.9385,7577.9746,-188.0
167,2015-07-24,7716.0,928.0,1.0,0.0,0,1.0,5.0,-0.40312344,-0.91514564,-0.5,-0.8660254,3,0,0,1,7923.0,1,8163.0,1,8554.0,1,11055.0,1,0.0,1,9174.0,1,15751.0,1,13530.0,7713.563,7654.647,-240.0
167,2015-07-25,4595.0,548.0,1.0,0.0,0,0.0,6.0,-0.40312344,-0.91514564,-0.5,-0.8660254,3,0,0,1,7716.0,1,7923.0,1,8351.0,1,9986.0,1,13290.0,1,8589.0,1,12808.0,1,12211.0,7714.538,7668.2812,-207.0
167,2015-07-26,0.0,0.0,0.0,0.0,0,0.0,7.0,-0.40312344,-0.91514564,-0.5,-0.8660254,3,0,0,1,4595.0,1,7716.0,1,8163.0,1,5089.0,1,11473.0,1,8248.0,1,11768.0,1,11228.0,6466.7227,6985.3296,-3121.0
167,2015-07-27,13148.0,1253.0,1.0,1.0,0,1.0,1.0,-0.5085311,-0.86104363,-0.5,-0.8660254,3,0,0,1,0.0,1,4595.0,1,7923.0,1,0.0,1,12141.0,1,5213.0,1,9709.0,1,9480.0,3880.0337,5433.034,-4595.0
167,2015-07-28,12106.0,1183.0,1.0,1.0,0,1.0,2.0,-0.5085311,-0.86104363,-0.5,-0.8660254,3,0,0,1,13148.0,1,0.0,1,7716.0,1,8554.0,1,11055.0,1,0.0,1,4494.0,1,5608.0,7587.22,7147.471,13148.0
167,2015-07-29,11193.0,1164.0,1.0,1.0,0,1.0,3.0,-0.5085311,-0.86104363,-0.5,-0.8660254,3,0,0,1,12106.0,1,13148.0,1,4595.0,1,8351.0,1,9986.0,1,13290.0,1,0.0,1,0.0,9394.732,8249.366,-1042.0
167,2015-07-30,11616.0,1177.0,1.0,1.0,0,1.0,4.0,-0.5085311,-0.86104363,-0.5,-0.8660254,3,0,0,1,11193.0,1,12106.0,1,0.0,1,8163.0,1,5089.0,1,11473.0,1,8625.0,1,7609.0,10114.039,8903.507,-913.0
167,2015-07-31,13355.0,1352.0,1.0,1.0,0,1.0,5.0,-0.5085311,-0.86104363,-0.5,-0.8660254,3,0,1,1,11616.0,1,11193.0,1,13148.0,1,7923.0,1,0.0,1,12141.0,1,7733.0,1,8790.0,10714.823,9506.283,423.0
