id,timestamp,target,Customers,Open,Promo,StateHoliday,SchoolHoliday,DayOfWeek,week_sin,week_cos,month_sin,month_cos,quarter,is_month_start,is_month_end,lag_1_known,lag_1,lag_2_known,lag_2,lag_4_known,lag_4,lag_8_known,lag_8,lag_12_known,lag_12,lag_16_known,lag_16,lag_24_known,lag_24,lag_52_known,lag_52,ema_4,ema_8,chg_1
811,2013-01-01,0.0,0.0,0.0,0.0,1,1.0,2.0,0.11827317,0.9929811,0.5,0.8660254,1,1,0,0,0.0,0,0.0,0,0.0,0,0.0,0,0.0,0,0.0,0,0.0,0,0.0,0.0,0.0,0.0
811,2013-01-02,4607.0,786.0,1.0,0.0,0,1.0,3.0,0.11827317,0.9929811,0.5,0.8660254,1,0,0,1,0.0,0,0.0,0,0.0,0,0.0,0,0.0,0,0.0,0,0.0,0,0.0,0.0,0.0,0.0
811,2013-01-03,3424.0,636.0,1.0,0.0,0,1.0,4.0,0.11827317,0.9929811,0.5,0.8660254,1,0,0,1,4607.0,1,0.0,0,0.0,0,0.0,0,0.0,0,0.0,0,0.0,0,0.0,1842.8,1023.7778,4607.0
811,2013-01-04,3352.0,595.0,1.0,0.0,0,1.0,5.0,0.11827317,0.9929811,0.5,0.8660254,1,0,0,1,3424.0,1,4607.0,0,0.0,0,0.0,0,0.0,0,0.0,0,0.0,0,0.0,2475.28,1557.1605,-1183.0
811,2013-01-05,3666.0,607.0,1.0,0.0,0,0.0,6.0,0.11827317,0.9929811,0.5,0.8660254,1,0,0,1,3352.0,1,3424.0,1,0.0,0,0.0,0,0.0,0,0.0,0,0.0,0,0.0,2825.968,1956.0137,-72.0
811,2013-01-06,0.0,0.0,0.0,0.0,0,0.0,7.0,0.11827317,0.9929811,0.5,0.8660254,1,0,0,1,3666.0,1,3352.0,1,4607.0,0,0.0,0,0.0,0,0.0,0,0.0,0,0.0,3161.9807,2336.0107,314.0
811,2013-01-07,5916.0,815.0,1.0,1.0,0,0.0,1.0,0.23488605,0.9720229,0.5,0.8660254,1,0,0,1,0.0,1,3666.0,1,3424.0,0,0.0,0,0.0,0,0.0,0,0.0,0,0.0,1897.1885,1816.8972,-3666.0
811,2013-01-08,4658.0,703.0,1.0,1.0,0,0.0,2.0,0.23488605,0.9720229,0.5,0.8660254,1,0,0,1,5916.0,1,0.0,1,3352.0,0,0.0,0,0.0,0,0.0,0,0.0,0,0.0,3504.7131,2727.8088,5916.0
811,2013-01-09,3935.0,635.0,1.0,1.0,0,0.0,3.0,0.23488605,0.9720229,0.5,0.8660254,1,0,0,1,4658.0,1,5916.0,1,3666.0,1,0.0,0,0.0,0,0.0,0,0.0,0,0.0,3966.0278,3156.7402,-1258.0
811,2013-01-10,4107.0,668.0,1.0,1.0,0,0.0,4.0,0.23488605,0.9720229,0.5,0.8660254,1,0,0,1,3935.0,1,4658.0,1,0.0,1,4607.0,0,0.0,0,0.0,0,0.0,0,0.0,3953.6167,3329.6868,-723.0
811,2013-01-11,4215.0,639.0,1.0,1.0,0,0.0,5.0,0.23488605,0.9720229,0.5,0.8660254,1,0,0,1,4107.0,1,3935.0,1,5916.0,1,3424.0,0,0.0,0,0.0,0,0.0,0,0.0,4014.97,3502.423,172.0
811,2013-01-12,3309.0,567.0,1.0,0.0,0,0.0,6.0,0.23488605,0.9720229,0.5,0.8660254,1,0,0,1,4215.0,1,4107.0,1,4658.0,1,3352.0,0,0.0,0,0.0,0,0.0,0,0.0,4094.982,3660.7734,108.0
811,2013-01-13,0.0,0.0,0.0,0.0,0,0.0,7.0,0.23488605,0.9720229,0.5,0.8660254,1,0,0,1,3309.0,1,4215.0,1,3935.0,1,3666.0,1,0.0,0,0.0,0,0.0,0,0.0,3780.589,3582.6016,-906.0
811,2013-01-14,3780.0,636.0,1.0,0.0,0,0.0,1.0,0.34820163,0.93741965,0.5,0.8660254,1,0,0,1,0.0,1,3309.0,1,4107.0,1,0.0,1,4607.0,0,0.0,0,0.0,0,0.0,2268.3535,2786.468,-3309.0
811,2013-01-15,3315.0,622.0,1.0,0.0,0,0.0,2.0,0.34820163,0.93741965,0.5,0.8660254,1,0,0,1,3780.0,1,0.0,1,4215.0,1,5916.0,1,3424.0,0,0.0,0,0.0,0,0.0,2873.0122,3007.253,3780.0
811,2013-01-16,2982.0,514.0,1.0,0.0,0,0.0,3.0,0.34820163,0.93741965,0.5,0.8660254,1,0,0,1,3315.0,1,3780.0,1,3309.0,1,4658.0,1,3352.0,0,0.0,0,0.0,0,0.0,3049.8074,3075.641,-465.0
811,2013-01-17,3638.0,628.0,1.0,0.0,0,0.0,4.0,0.34820163,0.93741965,0.5,0.8660254,1,0,0,1,2982.0,1,3315.0,1,0.0,1,3935.0,1,3666.0,1,0.0,0,0.0,0,0.0,3022.6843,3054.832,-333.0
811,2013-01-18,3294.0,576.0,1.0,0.0,0,0.0,5.0,0.34820163,0.93741965,0.5,0.8660254,1,0,0,1,3638.0,1,2982.0,1,3780.0,1,4107.0,1,0.0,1,4607.0,0,0.0,0,0.0,3268.8105,3184.4248,656.0
811,2013-01-19,3265.0,538.0,1.0,0.0,0,0.0,6.0,0.34820163,0.93741965,0.5,0.8660254,1,0,0,1,3294.0,1,3638.0,1,3315.0,1,4215.0,1,5916.0,1,3424.0,0,0.0,0,0.0,3278.8865,3208.775,-344.0
811,2013-01-20,0.0,0.0,0.0,0.0,0,0.0,7.0,0.34820163,0.93741965,0.5,0.8660254,1,0,0,1,3265.0,1,3294.0,1,2982.0,1,3309.0,1,4658.0,1,3352.0,0,0.0,0,0.0,3273.3318,3221.2693,-29.0
811,2013-01-21,5297.0,781.0,1.0,1.0,0,0.0,1.0,0.45662925,0.8896571,0.5,0.8660254,1,0,0,1,0.0,1,3265.0,1,3638.0,1,0.0,1,3935.0,1,3666.0,0,0.0,0,0.0,1963.9991,2505.4316,-3265.0
811,2013-01-22,4273.0,641.0,1.0,1.0,0,0.0,2.0,0.45662925,0.8896571,0.5,0.8660254,1,0,0,1,5297.0,1,0.0,1,3294.0,1,3780.0,1,4107.0,1,0.0,0,0.0,0,0.0,3297.1995,3125.7803,5297.0
811,2013-01-23,3675.0,576.0,1.0,1.0,0,0.0,3.0,0.45662925,0.8896571,0.5,0.8660254,1,0,0,1,4273.0,1,5297.0,1,3265.0,1,3315.0,1,4215.0,1,5916.0,0,0.0,0,0.0,3687.5198,3380.718,-1024.0
811,2013-01-24,3643.0,620.0,1.0,1.0,0,0.0,4.0,0.45662925,0.8896571,0.5,0.8660254,1,0,0,1,3675.0,1,4273.0,1,0.0,1,2982.0,1,3309.0,1,4658.0,0,0.0,0,0.0,3682.5117,3446.114,-598.0
811,2013-01-25,3499.0,607.0,1.0,1.0,0,0.0,5.0,0.45662925,0.8896571,0.5,0.8660254,1,0,0,1,3643.0,1,3675.0,1,5297.0,1,3638.0,1,0.0,1,3935.0,1,0.0,0,0.0,3666.707,3489.8665,-32.0
811,2013-01-26,2854.0,525.0,1.0,0.0,0,0.0,6.0,0.45662925,0.8896571,0.5,0.8660254,1,0,0,1,3499.0,1,3643.0,1,4273.0,1,3294.0,1,3780.0,1,4107.0,1,4607.0,0,0.0,3599.6243,3491.896,-144.0
811,2013-01-27,0.0,0.0,0.0,0.0,0,0.0,7.0,0.45662925,0.8896571,0.5,0.8660254,1,0,0,1,2854.0,1,3499.0,1,3675.0,1,3265.0,1,3315.0,1,4215.0,1,3424.0,0,0.0,3301.3745,3350.1414,-645.0
811,2013-01-28,2997.0,577.0,1.0,0.0,0,0.0,1.0,0.55864674,0.82940567,0.5,0.8660254,1,0,0,1,0.0,1,2854.0,1,3643.0,1,0.0,1,2982.0,1,3309.0,1,3352.0,0,0.0,1980.8247,2605.6655,-2854.0
811,2013-01-29,3116.0,560.0,1.0,0.0,0,0.0,2.0,0.55864674,0.82940567,0.5,0.8660254,1,0,0,1,2997.0,1,0.0,1,3499.0,1,5297.0,1,3638.0,1,0.0,1,3666.0,0,0.0,2387.295,2692.6287,2997.0
811,2013-01-30,2944.0,543.0,1.0,0.0,0,0.0,3.0,0.55864674,0.82940567,0.5,0.8660254,1,0,0,1,3116.0,1,2997.0,1,2854.0,1,4273.0,1,3294.0,1,3780.0,1,0.0,0,0.0,2678.7769,2786.7112,119.0
811,2013-01-31,3583.0,669.0,1.0,0.0,0,0.0,4.0,0.55864674,0.82940567,0.5,0.8660254,1,0,1,1,2944.0,1,3116.0,1,0.0,1,3675.0,1,3265.0,1,3315.0,1,5916.0,0,0.0,2784.8662,2821.6643,-172.0
811,2013-02-01,4418.0,754.0,1.0,0.0,0,0.0,5.0,0.55864674,0.82940567,0.8660254,0.5,1,1,0,1,3583.0,1,2944.0,1,2997.0,1,3643.0,1,0.0,1,2982.0,1,4658.0,0,0.0,3104.1196,2990.85,639.0
811,2013-02-02,3834.0,636.0,1.0,0.0,0,0.0,6.0,0.55864674,0.82940567,0.8660254,0.5,1,0,0,1,4418.0,1,3583.0,1,3116.0,1,3499.0,1,5297.0,1,3638.0,1,3935.0,0,0.0,3629.6719,3307.9944,835.0
811,2013-02-03,0.0,0.0,0.0,0.0,0,0.0,7.0,0.55864674,0.82940567,0.8660254,0.5,1,0,0,1,3834.0,1,4418.0,1,2944.0,1,2854.0,1,4273.0,1,3294.0,1,4107.0,0,0.0,3711.403,3424.8845,-584.0
811,2013-02-04,5840.0,836.0,1.0,1.0,0,0.0,1.0,0.65282214,0.75751126,0.8660254,0.5,1,0,0,1,0.0,1,3834.0,1,3583.0,1,0.0,1,3675.0,1,3265.0,1,4215.0,0,0.0,2226.8418,2663.799,-3834.0
811,2013-02-05,4253.0,668.0,1.0,1.0,0,0.0,2.0,0.65282214,0.75751126,0.8660254,0.5,1,0,0,1,5840.0,1,0.0,1,4418.0,1,2997.0,1,3643.0,1,0.0,1,3309.0,0,0.0,3672.1052,3369.6216,5840.0
811,2013-02-06,4264.0,686.0,1.0,1.0,0,0.0,3.0,0.65282214,0.75751126,0.8660254,0.5,1,0,0,1,4253.0,1,5840.0,1,3834.0,1,3116.0,1,3499.0,1,5297.0,1,0.0,0,0.0,3904.4631,3565.928,-1587.0
811,2013-02-07,3897.0,647.0,1.0,1.0,0,0.0,4.0,0.65282214,0.75751126,0.8660254,0.5,1,0,0,1,4264.0,1,4253.0,1,0.0,1,2944.0,1,2854.0,1,4273.0,1,3780.0,0,0.0,4048.2778,3721.055,11.0
811,2013-02-08,4225.0,668.0,1.0,1.0,0,0.0,5.0,0.65282214,0.75751126,0.8660254,0.5,1,0,0,1,3897.0,1,4264.0,1,5840.0,1,3583.0,1,0.0,1,3675.0,1,3315.0,0,0.0,3987.7666,3760.1538,-367.0
811,2013-02-09,3360.0,595.0,1.0,0.0,0,0.0,6.0,0.65282214,0.75751126,0.8660254,0.5,1,0,0,1,4225.0,1,3897.0,1,4253.0,1,4418.0,1,2997.0,1,3643.0,1,2982.0,0,0.0,4082.66,3863.4531,328.0
811,2013-02-10,0.0,0.0,0.0,0.0,0,0.0,7.0,0.65282214,0.75751126,0.8660254,0.5,1,0,0,1,3360.0,1,4225.0,1,4264.0,1,3834.0,1,3116.0,1,3499.0,1,3638.0,0,0.0,3793.596,3751.5745,-865.0
811,2013-02-11,3902.0,677.0,1.0,0.0,0,0.0,1.0,0.73783326,0.674983,0.8660254,0.5,1,0,0,1,0.0,1,3360.0,1,3897.0,1,0.0,1,2944.0,1,2854.0,1,3294.0,0,0.0,2276.1577,2917.8914,-3360.0
811,2013-02-12,3290.0,554.0,1.0,0.0,0,0.0,2.0,0.73783326,0.674983,0.8660254,0.5,1,0,0,1,3902.0,1,0.0,1,4225.0,1,5840.0,1,3583.0,1,0.0,1,3265.0,0,0.0,2926.4946,3136.582,3902.0
811,2013-02-13,3155.0,598.0,1.0,0.0,0,0.0,3.0,0.73783326,0.674983,0.8660254,0.5,1,0,0,1,3290.0,1,3902.0,1,3360.0,1,4253.0,1,4418.0,1,2997.0,1,0.0,0,0.0,3071.8967,3170.675,-612.0
811,2013-02-14,3603.0,651.0,1.0,0.0,0,0.0,4.0,0.73783326,0.674983,0.8660254,0.5,1,0,0,1,3155.0,1,3290.0,1,0.0,1,4264.0,1,3834.0,1,3116.0,1,5297.0,0,0.0,3105.138,3167.1917,-135.0
811,2013-02-15,3227.0,606.0,1.0,0.0,0,0.0,5.0,0.73783326,0.674983,0.8660254,0.5,1,0,0,1,3603.0,1,3155.0,1,3902.0,1,3897.0,1,0.0,1,2944.0,1,4273.0,0,0.0,3304.2827,3264.038,448.0
811,2013-02-16,3626.0,608.0,1.0,0.0,0,0.0,6.0,0.73783326,0.674983,0.8660254,0.5,1,0,0,1,3227.0,1,3603.0,1,3290.0,1,4225.0,1,5840.0,1,3583.0,1,3675.0,0,0.0,3273.3696,3255.8074,-376.0
811,2013-02-17,0.0,0.0,0.0,0.0,0,0.0,7.0,0.73783326,0.674983,0.8660254,0.5,1,0,0,1,3626.0,1,3227.0,1,3155.0,1,3360.0,1,4253.0,1,4418.0,1,3643.0,0,0.0,3414.4219,3338.0723,399.0
811,2013-02-18,5753.0,790.0,1.0,1.0,0,0.0,1.0,0.8124869,0.5829795,0.8660254,0.5,1,0,0,1,0.0,1,3626.0,1,3603.0,1,0.0,1,4264.0,1,3834.0,1,3499.0,0,0.0,2048.653,2596.2786,-3626.0
811,2013-02-19,4280.0,640.0,1.0,1.0,0,0.0,2.0,0.8124869,0.5829795,0.8660254,0.5,1,0,0,1,5753.0,1,0.0,1,3227.0,1,3902.0,1,3897.0,1,0.0,1,2854.0,0,0.0,3530.3918,3297.7722,5753.0
811,2013-02-20,4012.0,623.0,1.0,1.0,0,0.0,3.0,0.8124869,0.5829795,0.8660254,0.5,1,0,0,1,4280.0,1,5753.0,1,3626.0,1,3290.0,1,4225.0,1,5840.0,1,0.0,0,0.0,3830.235,3516.045,-1473.0
811,2013-02-21,4230.0,676.0,1.0,1.0,0,0.0,4.0,0.8124869,0.5829795,0.8660254,0.5,1,0,0,1,4012.0,1,4280.0,1,0.0,1,3155.0,1,3360.0,1,4253.0,1,2997.0,0,0.0,3902.9412,3626.2573,-268.0
811,2013-02-22,3930.0,659.0,1.0,1.0,0,0.0,5.0,0.8124869,0.5829795,0.8660254,0.5,1,0,0,1,4230.0,1,4012.0,1,5753.0,1,3603.0,1,0.0,1,4264.0,1,3116.0,1,0.0,4033.7646,3760.4224,218.0
811,2013-02-23,3033.0,500.0,1.0,0.0,0,0.0,6.0,0.8124869,0.5829795,0.8660254,0.5,1,0,0,1,3930.0,1,4230.0,1,4280.0,1,3227.0,1,3902.0,1,3897.0,1,2944.0,1,4607.0,3992.2588,3798.1062,-300.0
811,2013-02-24,0.0,0.0,0.0,0.0,0,0.0,7.0,0.8124869,0.5829795,0.8660254,0.5,1,0,0,1,3033.0,1,3930.0,1,4012.0,1,3626.0,1,3290.0,1,4225.0,1,3583.0,1,3424.0,3608.5552,3628.0825,-897.0
811,2013-02-25,3326.0,620.0,1.0,0.0,0,0.0,1.0,0.8757349,0.4827922,0.8660254,0.5,1,0,0,1,0.0,1,3033.0,1,4230.0,1,0.0,1,3155.0,1,3360.0,1,4418.0,1,3352.0,2165.133,2821.842,-3033.0
811,2013-02-26,3356.0,615.0,1.0,0.0,0,0.0,2.0,0.8757349,0.4827922,0.8660254,0.5,1,0,0,1,3326.0,1,0.0,1,3930.0,1,5753.0,1,3603.0,1,0.0,1,3834.0,1,3666.0,2629.48,2933.8772,3326.0
811,2013-02-27,3416.0,610.0,1.0,0.0,0,0.0,3.0,0.8757349,0.4827922,0.8660254,0.5,1,0,0,1,3356.0,1,3326.0,1,3033.0,1,4280.0,1,3227.0,1,3902.0,1,0.0,1,0.0,2920.088,3027.6821,30.0
811,2013-02-28,4192.0,719.0,1.0,0.0,0,0.0,4.0,0.8757349,0.4827922,0.8660254,0.5,1,0,1,1,3416.0,1,3356.0,1,0.0,1,4012.0,1,3626.0,1,3290.0,1,5840.0,1,5916.0,3118.453,3113.975,60.0
811,2013-03-01,4077.0,692.0,1.0,0.0,0,0.0,5.0,0.8757349,0.4827922,1.0,6.123234e-17,1,1,0,1,4192.0,1,3416.0,1,3326.0,1,4230.0,1,0.0,1,3155.0,1,4253.0,1,4658.0,3547.8716,3353.5361,776.0
811,2013-03-02,3805.0,603.0,1.0,0.0,0,0.0,6.0,0.8757349,0.4827922,1.0,6.123234e-17,1,0,0,1,4077.0,1,4192.0,1,3356.0,1,3930.0,1,5753.0,1,3603.0,1,4264.0,1,3935.0,3759.523,3514.306,-115.0
811,2013-03-03,0.0,0.0,0.0,0.0,0,0.0,7.0,0.8757349,0.4827922,1.0,6.123234e-17,1,0,0,1,3805.0,1,4077.0,1,3416.0,1,3033.0,1,4280.0,1,3227.0,1,3897.0,1,4107.0,3777.7139,3578.9045,-272.0
811,2013-03-04,5449.0,788.0,1.0,1.0,0,0.0,1.0,0.9266896,0.37582758,1.0,6.123234e-17,1,0,0,1,0.0,1,3805.0,1,4192.0,1,0.0,1,4012.0,1,3626.0,1,4225.0,1,4215.0,2266.6282,2783.5925,-3805.0
811,2013-03-05,4676.0,737.0,1.0,1.0,0,0.0,2.0,0.9266896,0.37582758,1.0,6.123234e-17,1,0,0,1,5449.0,1,0.0,1,4077.0,1,3326.0,1,4230.0,1,0.0,1,3360.0,1,3309.0,3539.577,3375.9053,5449.0
811,2013-03-06,4145.0,658.0,1.0,1.0,0,0.0,3.0,0.9266896,0.37582758,1.0,6.123234e-17,1,0,0,1,4676.0,1,5449.0,1,3805.0,1,3356.0,1,3930.0,1,5753.0,1,0.0,1,0.0,3994.1462,3664.8152,-773.0
811,2013-03-07,4423.0,692.0,1.0,1.0,0,0.0,4.0,0.9266896,0.37582758,1.0,6.123234e-17,1,0,0,1,4145.0,1,4676.0,1,0.0,1,3416.0,1,3033.0,1,4280.0,1,3902.0,1,3780.0,4054.4878,3771.523,-531.0
811,2013-03-08,3832.0,626.0,1.0,1.0,0,0.0,5.0,0.9266896,0.37582758,1.0,6.123234e-17,1,0,0,1,4423.0,1,4145.0,1,5449.0,1,4192.0,1,0.0,1,4012.0,1,3290.0,1,3315.0,4201.8926,3916.2957,278.0
811,2013-03-09,3112.0,550.0,1.0,0.0,0,0.0,6.0,0.9266896,0.37582758,1.0,6.123234e-17,1,0,0,1,3832.0,1,4423.0,1,4676.0,1,4077.0,1,3326.0,1,4230.0,1,3155.0,1,2982.0,4053.9355,3897.5632,-591.0
811,2013-03-10,0.0,0.0,0.0,0.0,0,0.0,7.0,0.9266896,0.37582758,1.0,6.123234e-17,1,0,0,1,3112.0,1,3832.0,1,4145.0,1,3805.0,1,3356.0,1,3930.0,1,3603.0,1,3638.0,3677.1614,3722.9937,-720.0
811,2013-03-11,2649.0,444.0,1.0,0.0,0,0.0,1.0,0.9646356,0.26358718,1.0,6.123234e-17,1,0,0,1,0.0,1,3112.0,1,4423.0,1,0.0,1,3416.0,1,3033.0,1,3227.0,1,3294.0,2206.2969,2895.6616,-3112.0
811,2013-03-12,3016.0,539.0,1.0,0.0,0,0.0,2.0,0.9646356,0.26358718,1.0,6.123234e-17,1,0,0,1,2649.0,1,0.0,1,3832.0,1,5449.0,1,4192.0,1,0.0,1,3626.0,1,3265.0,2383.3782,2840.848,2649.0
811,2013-03-13,3113.0,514.0,1.0,0.0,0,0.0,3.0,0.9646356,0.26358718,1.0,6.123234e-17,1,0,0,1,3016.0,1,2649.0,1,3112.0,1,4676.0,1,4077.0,1,3326.0,1,0.0,1,0.0,2636.4268,2879.7708,367.0
811,2013-03-14,3449.0,599.0,1.0,0.0,0,0.0,4.0,0.9646356,0.26358718,1.0,6.123234e-17,1,0,0,1,3113.0,1,3016.0,1,0.0,1,4145.0,1,3805.0,1,3356.0,1,5753.0,1,5297.0,2827.0562,2931.5994,97.0
811,2013-03-15,3610.0,631.0,1.0,0.0,0,0.0,5.0,0.9646356,0.26358718,1.0,6.123234e-17,1,0,0,1,3449.0,1,3113.0,1,2649.0,1,4423.0,1,0.0,1,3416.0,1,4280.0,1,4273.0,3075.8337,3046.5774,336.0
811,2013-03-16,4004.0,649.0,1.0,0.0,0,0.0,6.0,0.9646356,0.26358718,1.0,6.123234e-17,1,0,0,1,3610.0,1,3449.0,1,3016.0,1,3832.0,1,5449.0,1,4192.0,1,4012.0,1,3675.0,3289.5002,3171.7825,161.0
811,2013-03-17,0.0,0.0,0.0,0.0,0,0.0,7.0,0.9646356,0.26358718,1.0,6.123234e-17,1,0,0,1,4004.0,1,3610.0,1,3113.0,1,3112.0,1,4676.0,1,4077.0,1,4230.0,1,3643.0,3575.3,3356.7197,394.0
811,2013-03-18,4845.0,662.0,1.0,1.0,0,0.0,1.0,0.9890402,0.14764656,1.0,6.123234e-17,1,0,0,1,0.0,1,4004.0,1,3449.0,1,0.0,1,4145.0,1,3805.0,1,3930.0,1,3499.0,2145.1802,2610.782,-4004.0
811,2013-03-19,4303.0,625.0,1.0,1.0,0,0.0,2.0,0.9890402,0.14764656,1.0,6.123234e-17,1,0,0,1,4845.0,1,0.0,1,3610.0,1,2649.0,1,4423.0,1,0.0,1,3033.0,1,2854.0,3225.1082,3107.275,4845.0
811,2013-03-20,4092.0,655.0,1.0,1.0,0,0.0,3.0,0.9890402,0.14764656,1.0,6.123234e-17,1,0,0,1,4303.0,1,4845.0,1,4004.0,1,3016.0,1,3832.0,1,5449.0,1,0.0,1,0.0,3656.265,3372.9915,-542.0
811,2013-03-21,4196.0,707.0,1.0,1.0,0,0.0,4.0,0.9890402,0.14764656,1.0,6.123234e-17,1,0,0,1,4092.0,1,4303.0,1,0.0,1,3113.0,1,3112.0,1,4676.0,1,3326.0,1,2997.0,3830.5588,3532.7712,-211.0
811,2013-03-22,4411.0,698.0,1.0,1.0,0,0.0,5.0,0.9890402,0.14764656,1.0,6.123234e-17,1,0,0,1,4196.0,1,4092.0,1,4845.0,1,3449.0,1,0.0,1,4145.0,1,3356.0,1,3116.0,3976.7354,3680.1553,104.0
811,2013-03-23,3918.0,598.0,1.0,0.0,0,0.0,6.0,0.9890402,0.14764656,1.0,6.123234e-17,1,0,0,1,4411.0,1,4196.0,1,4303.0,1,3610.0,1,2649.0,1,4423.0,1,3416.0,1,2944.0,4150.4414,3842.5652,215.0
811,2013-03-24,0.0,0.0,0.0,0.0,0,0.0,7.0,0.9890402,0.14764656,1.0,6.123234e-17,1,0,0,1,3918.0,1,4411.0,1,4092.0,1,4004.0,1,3016.0,1,3832.0,1,4192.0,1,3583.0,4057.4646,3859.3286,-493.0
811,2013-03-25,5521.0,807.0,1.0,1.0,0,1.0,1.0,0.99956083,0.029633328,1.0,6.123234e-17,1,0,0,1,0.0,1,3918.0,1,4196.0,1,0.0,1,3113.0,1,3112.0,1,4077.0,1,4418.0,2434.4788,3001.7,-3918.0
811,2013-03-26,4252.0,707.0,1.0,1.0,0,1.0,2.0,0.99956083,0.029633328,1.0,6.123234e-17,1,0,0,1,5521.0,1,0.0,1,4411.0,1,4845.0,1,3449.0,1,0.0,1,3805.0,1,3834.0,3669.0874,3561.5444,5521.0
811,2013-03-27,4593.0,754.0,1.0,1.0,0,1.0,3.0,0.99956083,0.029633328,1.0,6.123234e-17,1,0,0,1,4252.0,1,5521.0,1,3918.0,1,4303.0,1,3610.0,1,2649.0,1,0.0,1,0.0,3902.2524,3714.979,-1269.0
811,2013-03-28,6156.0,923.0,1.0,1.0,0,1.0,4.0,0.99956083,0.029633328,1.0,6.123234e-17,1,0,0,1,4593.0,1,4252.0,1,0.0,1,4092.0,1,4004.0,1,3016.0,1,5449.0,1,5840.0,4178.5513,3910.0947,341.0
811,2013-03-29,0.0,0.0,0.0,1.0,2,1.0,5.0,0.99956083,0.029633328,1.0,6.123234e-17,1,0,0,1,6156.0,1,4593.0,1,5521.0,1,4196.0,1,0.0,1,3113.0,1,4676.0,1,4253.0,4969.531,4409.185,1563.0
811,2013-03-30,5749.0,871.0,1.0,0.0,0,0.0,6.0,0.99956083,0.029633328,1.0,6.123234e-17,1,0,0,1,0.0,1,6156.0,1,4252.0,1,4411.0,1,4845.0,1,3449.0,1,4145.0,1,4264.0,2981.7185,3429.366,-6156.0
811,2013-03-31,0.0,0.0,0.0,0.0,0,0.0,7.0,0.99956083,0.029633328,1.0,6.123234e-17,1,0,1,1,5749.0,1,0.0,1,4593.0,1,3918.0,1,4303.0,1,3610.0,1,4423.0,1,3897.0,4088.631,3944.84,5749.0
811,2013-04-01,0.0,0.0,0.0,0.0,2,1.0,1.0,0.9960498,-0.08879589,0.8660254,-0.5,2,1,0,1,0.0,1,5749.0,1,6156.0,1,0.0,1,4092.0,1,4004.0,1,3832.0,1,4225.0,2453.1787,3068.209,-5749.0
811,2013-04-02,4798.0,786.0,1.0,0.0,0,1.0,2.0,0.9960498,-0.08879589,0.8660254,-0.5,2,0,0,1,0.0,1,0.0,1,0.0,1,5521.0,1,4196.0,1,0.0,1,3112.0,1,3360.0,1471.9072,2386.3848,0.0
811,2013-04-03,3490.0,610.0,1.0,0.0,0,1.0,3.0,0.9960498,-0.08879589,0.8660254,-0.5,2,0,0,1,4798.0,1,0.0,1,5749.0,1,4252.0,1,4411.0,1,4845.0,1,0.0,1,0.0,2802.3442,2922.2993,4798.0
811,2013-04-04,3663.0,657.0,1.0,0.0,0,1.0,4.0,0.9960498,-0.08879589,0.8660254,-0.5,2,0,0,1,3490.0,1,4798.0,1,0.0,1,4593.0,1,3918.0,1,4303.0,1,2649.0,1,3902.0,3077.4065,3048.455,-1308.0
811,2013-04-05,3408.0,601.0,1.0,0.0,0,1.0,5.0,0.9960498,-0.08879589,0.8660254,-0.5,2,0,0,1,3663.0,1,3490.0,1,0.0,1,6156.0,1,0.0,1,4092.0,1,3016.0,1,3290.0,3311.644,3185.0205,173.0
811,2013-04-06,3805.0,661.0,1.0,0.0,0,0.0,6.0,0.9960498,-0.08879589,0.8660254,-0.5,2,0,0,1,3408.0,1,3663.0,1,4798.0,1,0.0,1,5521.0,1,4196.0,1,3113.0,1,3155.0,3350.1863,3234.5715,-255.0
811,2013-04-07,0.0,0.0,0.0,0.0,0,0.0,7.0,0.9960498,-0.08879589,0.8660254,-0.5,2,0,0,1,3805.0,1,3408.0,1,3490.0,1,5749.0,1,4252.0,1,4411.0,1,3449.0,1,3603.0,3532.1118,3361.3335,397.0
811,2013-04-08,5648.0,801.0,1.0,1.0,0,1.0,1.0,0.9785565,-0.20597862,0.8660254,-0.5,2,0,0,1,0.0,1,3805.0,1,3663.0,1,0.0,1,4593.0,1,3918.0,1,3610.0,1,3227.0,2119.267,2614.3704,-3805.0
811,2013-04-09,4637.0,735.0,1.0,1.0,0,1.0,2.0,0.9785565,-0.20597862,0.8660254,-0.5,2,0,0,1,5648.0,1,0.0,1,3408.0,1,0.0,1,6156.0,1,0.0,1,4004.0,1,3626.0,3530.7603,3288.5103,5648.0
811,2013-04-10,3797.0,620.0,1.0,1.0,0,0.0,3.0,0.9785565,-0.20597862,0.8660254,-0.5,2,0,0,1,4637.0,1,5648.0,1,3805.0,1,4798.0,1,0.0,1,5521.0,1,0.0,1,0.0,3973.256,3588.1748,-1011.0
811,2013-04-11,4337.0,658.0,1.0,1.0,0,0.0,4.0,0.9785565,-0.20597862,0.8660254,-0.5,2,0,0,1,3797.0,1,4637.0,1,0.0,1,3490.0,1,5749.0,1,4252.0,1,4845.0,1,5753.0,3902.7537,3634.5803,-840.0
811,2013-04-12,3985.0,672.0,1.0,1.0,0,0.0,5.0,0.9785565,-0.20597862,0.8660254,-0.5,2,0,0,1,4337.0,1,3797.0,1,5648.0,1,3663.0,1,0.0,1,4593.0,1,4303.0,1,4280.0,4076.4521,3790.6736,540.0
811,2013-04-13,3074.0,531.0,1.0,0.0,0,0.0,6.0,0.9785565,-0.20597862,0.8660254,-0.5,2,0,0,1,3985.0,1,4337.0,1,4637.0,1,3408.0,1,0.0,1,6156.0,1,4092.0,1,4012.0,4039.8713,3833.8572,-352.0
811,2013-04-14,0.0,0.0,0.0,0.0,0,0.0,7.0,0.9785565,-0.20597862,0.8660254,-0.5,2,0,0,1,3074.0,1,3985.0,1,3797.0,1,3805.0,1,4798.0,1,0.0,1,4196.0,1,4230.0,3653.5227,3665.0,-911.0
811,2013-04-15,3720.0,707.0,1.0,0.0,0,0.0,1.0,0.94732636,-0.32026985,0.8660254,-0.5,2,0,0,1,0.0,1,3074.0,1,4337.0,1,0.0,1,3490.0,1,5749.0,1,4411.0,1,3930.0,2192.1138,2850.5557,-3074.0
811,2013-04-16,3398.0,649.0,1.0,0.0,0,0.0,2.0,0.94732636,-0.32026985,0.8660254,-0.5,2,0,0,1,3720.0,1,0.0,1,3985.0,1,5648.0,1,3663.0,1,0.0,1,3918.0,1,3033.0,2803.2683,3043.7654,3720.0
811,2013-04-17,2916.0,576.0,1.0,0.0,0,0.0,3.0,0.94732636,-0.32026985,0.8660254,-0.5,2,0,0,1,3398.0,1,3720.0,1,3074.0,1,4637.0,1,3408.0,1,0.0,1,0.0,1,0.0,3041.161,3122.4844,-322.0
811,2013-04-18,3594.0,640.0,1.0,0.0,0,0.0,4.0,0.94732636,-0.32026985,0.8660254,-0.5,2,0,0,1,2916.0,1,3398.0,1,0.0,1,3797.0,1,3805.0,1,4798.0,1,5521.0,1,3326.0,2991.0964,3076.5989,-482.0
811,2013-04-19,3559.0,657.0,1.0,0.0,0,0.0,5.0,0.94732636,-0.32026985,0.8660254,-0.5,2,0,0,1,3594.0,1,2916.0,1,3720.0,1,4337.0,1,0.0,1,3490.0,1,4252.0,1,3356.0,3232.2578,3191.577,678.0
811,2013-04-20,3558.0,599.0,1.0,0.0,0,0.0,6.0,0.94732636,-0.32026985,0.8660254,-0.5,2,0,0,1,3559.0,1,3594.0,1,3398.0,1,3985.0,1,5648.0,1,3663.0,1,4593.0,1,3416.0,3362.9548,3273.2266,-35.0
811,2013-04-21,0.0,0.0,0.0,0.0,0,0.0,7.0,0.94732636,-0.32026985,0.8660254,-0.5,2,0,0,1,3558.0,1,3559.0,1,2916.0,1,3074.0,1,4637.0,1,3408.0,1,6156.0,1,4192.0,3440.973,3336.5095,-1.0
811,2013-04-22,5611.0,786.0,1.0,1.0,0,0.0,1.0,0.9027978,-0.4300652,0.8660254,-0.5,2,0,0,1,0.0,1,3558.0,1,3594.0,1,0.0,1,3797.0,1,3805.0,1,0.0,1,4077.0,2064.5837,2595.063,-3558.0
811,2013-04-23,4594.0,700.0,1.0,1.0,0,0.0,2.0,0.9027978,-0.4300652,0.8660254,-0.5,2,0,0,1,5611.0,1,0.0,1,3559.0,1,3720.0,1,4337.0,1,0.0,1,5749.0,1,3805.0,3483.1501,3265.2712,5611.0
811,2013-04-24,3997.0,684.0,1.0,1.0,0,0.0,3.0,0.9027978,-0.4300652,0.8660254,-0.5,2,0,0,1,4594.0,1,5611.0,1,3558.0,1,3398.0,1,3985.0,1,5648.0,1,0.0,1,0.0,3927.4902,3560.5442,-1017.0
811,2013-04-25,3713.0,650.0,1.0,1.0,0,0.0,4.0,0.9027978,-0.4300652,0.8660254,-0.5,2,0,0,1,3997.0,1,4594.0,1,0.0,1,2916.0,1,3074.0,1,4637.0,1,0.0,1,5449.0,3955.2942,3657.5344,-597.0
811,2013-04-26,4004.0,651.0,1.0,1.0,0,0.0,5.0,0.9027978,-0.4300652,0.8660254,-0.5,2,0,0,1,3713.0,1,3997.0,1,5611.0,1,3594.0,1,0.0,1,3797.0,1,4798.0,1,4676.0,3858.3765,3669.86,-284.0
811,2013-04-27,3845.0,672.0,1.0,0.0,0,0.0,6.0,0.9027978,-0.4300652,0.8660254,-0.5,2,0,0,1,4004.0,1,3713.0,1,4594.0,1,3559.0,1,3720.0,1,4337.0,1,3490.0,1,4145.0,3916.626,3744.1135,291.0
811,2013-04-28,0.0,0.0,0.0,0.0,0,0.0,7.0,0.9027978,-0.4300652,0.8660254,-0.5,2,0,0,1,3845.0,1,4004.0,1,3997.0,1,3558.0,1,3398.0,1,3985.0,1,3663.0,1,4423.0,3887.9756,3766.5327,-159.0
811,2013-04-29,5399.0,782.0,1.0,1.0,0,0.0,1.0,0.845596,-0.5338234,0.8660254,-0.5,2,0,0,1,0.0,1,3845.0,1,3713.0,1,0.0,1,2916.0,1,3074.0,1,3408.0,1,3832.0,2332.7854,2929.5254,-3845.0
811,2013-04-30,5588.0,861.0,1.0,1.0,0,0.0,2.0,0.845596,-0.5338234,0.8660254,-0.5,2,0,1,1,5399.0,1,0.0,1,4004.0,1,5611.0,1,3594.0,1,0.0,1,3805.0,1,3112.0,3559.2712,3478.2976,5399.0
811,2013-05-01,0.0,0.0,0.0,1.0,1,0.0,3.0,0.845596,-0.5338234,0.5,-0.8660254,2,1,0,1,5588.0,1,5399.0,1,3845.0,1,4594.0,1,3559.0,1,3720.0,1,0.0,1,0.0,4370.7627,3947.1204,189.0
811,2013-05-02,5711.0,866.0,1.0,1.0,0,0.0,4.0,0.845596,-0.5338234,0.5,-0.8660254,2,0,0,1,0.0,1,5588.0,1,0.0,1,3997.0,1,3558.0,1,3398.0,1,5648.0,1,2649.0,2622.4575,3069.9824,-5588.0
811,2013-05-03,4646.0,718.0,1.0,1.0,0,0.0,5.0,0.845596,-0.5338234,0.5,-0.8660254,2,0,0,1,5711.0,1,0.0,1,5399.0,1,3713.0,1,0.0,1,2916.0,1,4637.0,1,3016.0,3857.8745,3656.8752,5711.0
811,2013-05-04,3709.0,666.0,1.0,0.0,0,0.0,6.0,0.845596,-0.5338234,0.5,-0.8660254,2,0,0,1,4646.0,1,5711.0,1,5588.0,1,4004.0,1,5611.0,1,3594.0,1,3797.0,1,3113.0,4173.1245,3876.6807,-1065.0
811,2013-05-05,0.0,0.0,0.0,0.0,0,0.0,7.0,0.845596,-0.5338234,0.5,-0.8660254,2,0,0,1,3709.0,1,4646.0,1,0.0,1,3845.0,1,4594.0,1,3559.0,1,4337.0,1,3449.0,3987.4749,3839.4185,-937.0
811,2013-05-06,4267.0,732.0,1.0,0.0,0,0.0,1.0,0.7765239,-0.63008785,0.5,-0.8660254,2,0,0,1,0.0,1,3709.0,1,5711.0,1,0.0,1,3997.0,1,3558.0,1,3985.0,1,3610.0,2392.4849,2986.2144,-3709.0
811,2013-05-07,3846.0,672.0,1.0,0.0,0,0.0,2.0,0.7765239,-0.63008785,0.5,-0.8660254,2,0,0,1,4267.0,1,0.0,1,4646.0,1,5399.0,1,3713.0,1,0.0,1,3074.0,1,4004.0,3142.291,3270.8333,4267.0
811,2013-05-08,3801.0,667.0,1.0,0.0,0,0.0,3.0,0.7765239,-0.63008785,0.5,-0.8660254,2,0,0,1,3846.0,1,4267.0,1,3709.0,1,5588.0,1,4004.0,1,5611.0,1,0.0,1,0.0,3423.7747,3398.6482,-421.0
811,2013-05-09,0.0,0.0,0.0,0.0,1,0.0,4.0,0.7765239,-0.63008785,0.5,-0.8660254,2,0,0,1,3801.0,1,3846.0,1,0.0,1,0.0,1,3845.0,1,4594.0,1,3720.0,1,4845.0,3574.6648,3488.0596,-45.0
811,2013-05-10,4858.0,783.0,1.0,0.0,0,1.0,5.0,0.7765239,-0.63008785,0.5,-0.8660254,2,0,0,1,0.0,1,3801.0,1,4267.0,1,5711.0,1,0.0,1,3997.0,1,3398.0,1,4303.0,2144.7988,2712.9353,-3801.0
811,2013-05-11,3950.0,628.0,1.0,0.0,0,0.0,6.0,0.7765239,-0.63008785,0.5,-0.8660254,2,0,0,1,4858.0,1,0.0,1,3846.0,1,4646.0,1,5399.0,1,3713.0,1,2916.0,1,4092.0,3230.0793,3189.6165,4858.0
811,2013-05-12,0.0,0.0,0.0,0.0,0,0.0,7.0,0.7765239,-0.63008785,0.5,-0.8660254,2,0,0,1,3950.0,1,4858.0,1,3801.0,1,3709.0,1,5588.0,1,4004.0,1,3594.0,1,4196.0,3518.0476,3358.5906,-908.0
811,2013-05-13,5087.0,807.0,1.0,1.0,0,0.0,1.0,0.696551,-0.71750724,0.5,-0.8660254,2,0,0,1,0.0,1,3950.0,1,0.0,1,0.0,1,0.0,1,3845.0,1,3559.0,1,4411.0,2110.8286,2612.237,-3950.0
811,2013-05-14,4625.0,706.0,1.0,1.0,0,0.0,2.0,0.696551,-0.71750724,0.5,-0.8660254,2,0,0,1,5087.0,1,0.0,1,4858.0,1,4267.0,1,5711.0,1,0.0,1,3558.0,1,3918.0,3301.297,3162.1843,5087.0
811,2013-05-15,3957.0,665.0,1.0,1.0,0,0.0,3.0,0.696551,-0.71750724,0.5,-0.8660254,2,0,0,1,4625.0,1,5087.0,1,3950.0,1,3846.0,1,4646.0,1,5399.0,1,0.0,1,0.0,3830.7783,3487.2544,-462.0
811,2013-05-16,4192.0,699.0,1.0,1.0,0,0.0,4.0,0.696551,-0.71750724,0.5,-0.8660254,2,0,0,1,3957.0,1,4625.0,1,0.0,1,3801.0,1,3709.0,1,5588.0,1,5611.0,1,5521.0,3881.2668,3591.6423,-668.0
811,2013-05-17,4394.0,736.0,1.0,1.0,0,0.0,5.0,0.696551,-0.71750724,0.5,-0.8660254,2,0,0,1,4192.0,1,3957.0,1,5087.0,1,0.0,1,0.0,1,0.0,1,4594.0,1,4252.0,4005.56,3725.0552,235.0
811,2013-05-18,3908.0,668.0,1.0,0.0,0,0.0,6.0,0.696551,-0.71750724,0.5,-0.8660254,2,0,0,1,4394.0,1,4192.0,1,4625.0,1,4858.0,1,4267.0,1,5711.0,1,3997.0,1,4593.0,4160.936,3873.7097,202.0
811,2013-05-19,0.0,0.0,0.0,0.0,0,0.0,7.0,0.696551,-0.71750724,0.5,-0.8660254,2,0,0,1,3908.0,1,4394.0,1,3957.0,1,3950.0,1,3846.0,1,4646.0,1,3713.0,1,6156.0,4059.7617,3881.3296,-486.0
811,2013-05-20,0.0,0.0,0.0,0.0,1,0.0,1.0,0.60680014,-0.79485446,0.5,-0.8660254,2,0,0,1,0.0,1,3908.0,1,4192.0,1,0.0,1,3801.0,1,3709.0,1,4004.0,1,0.0,2435.857,3018.812,-3908.0
811,2013-05-21,3976.0,685.0,1.0,0.0,0,0.0,2.0,0.60680014,-0.79485446,0.5,-0.8660254,2,0,0,1,0.0,1,0.0,1,4394.0,1,5087.0,1,0.0,1,0.0,1,3845.0,1,5749.0,1461.5142,2347.9648,0.0
811,2013-05-22,3271.0,577.0,1.0,0.0,0,0.0,3.0,0.60680014,-0.79485446,0.5,-0.8660254,2,0,0,1,3976.0,1,0.0,1,3908.0,1,4625.0,1,4858.0,1,4267.0,1,0.0,1,0.0,2467.3086,2709.7505,3976.0
811,2013-05-23,3721.0,653.0,1.0,0.0,0,0.0,4.0,0.60680014,-0.79485446,0.5,-0.8660254,2,0,0,1,3271.0,1,3976.0,1,0.0,1,3957.0,1,3950.0,1,3846.0,1,5399.0,1,0.0,2788.7852,2834.4727,-705.0
811,2013-05-24,3562.0,647.0,1.0,0.0,0,0.0,5.0,0.60680014,-0.79485446,0.5,-0.8660254,2,0,0,1,3721.0,1,3271.0,1,0.0,1,4192.0,1,0.0,1,3801.0,1,5588.0,1,4798.0,3161.6711,3031.4788,450.0
811,2013-05-25,2912.0,489.0,1.0,0.0,0,0.0,6.0,0.60680014,-0.79485446,0.5,-0.8660254,2,0,0,1,3562.0,1,3721.0,1,3976.0,1,4394.0,1,5087.0,1,0.0,1,0.0,1,3490.0,3321.8027,3149.3723,-159.0
811,2013-05-26,0.0,0.0,0.0,0.0,0,0.0,7.0,0.60680014,-0.79485446,0.5,-0.8660254,2,0,0,1,2912.0,1,3562.0,1,3271.0,1,3908.0,1,4625.0,1,4858.0,1,5711.0,1,3663.0,3157.8816,3096.6228,-650.0
811,2013-05-27,5189.0,780.0,1.0,1.0,0,0.0,1.0,0.5085311,-0.86104363,0.5,-0.8660254,2,0,0,1,0.0,1,2912.0,1,3721.0,1,0.0,1,3957.0,1,3950.0,1,4646.0,1,3408.0,1894.729,2408.4844,-2912.0
811,2013-05-28,4292.0,711.0,1.0,1.0,0,0.0,2.0,0.5085311,-0.86104363,0.5,-0.8660254,2,0,0,1,5189.0,1,0.0,1,3562.0,1,0.0,1,4192.0,1,0.0,1,3709.0,1,3805.0,3212.4373,3026.3767,5189.0
811,2013-05-29,4060.0,668.0,1.0,1.0,0,0.0,3.0,0.5085311,-0.86104363,0.5,-0.8660254,2,0,0,1,4292.0,1,5189.0,1,2912.0,1,3976.0,1,4394.0,1,5087.0,1,0.0,1,0.0,3644.2625,3307.6265,-897.0
811,2013-05-30,4337.0,716.0,1.0,1.0,0,0.0,4.0,0.5085311,-0.86104363,0.5,-0.8660254,2,0,0,1,4060.0,1,4292.0,1,0.0,1,3271.0,1,3908.0,1,4625.0,1,4267.0,1,5648.0,3810.5574,3474.8206,-232.0
811,2013-05-31,5437.0,804.0,1.0,1.0,0,0.0,5.0,0.5085311,-0.86104363,0.5,-0.8660254,2,0,1,1,4337.0,1,4060.0,1,5189.0,1,3721.0,1,0.0,1,3957.0,1,3846.0,1,4637.0,4021.1345,3666.416,277.0
811,2013-06-01,4195.0,685.0,1.0,0.0,0,0.0,6.0,0.5085311,-0.86104363,1.2246469e-16,-1.0,2,1,0,1,5437.0,1,4337.0,1,4292.0,1,3562.0,1,0.0,1,4192.0,1,3801.0,1,3797.0,4587.4805,4059.8792,1100.0
811,2013-06-02,0.0,0.0,0.0,0.0,0,0.0,7.0,0.5085311,-0.86104363,1.2246469e-16,-1.0,2,0,0,1,4195.0,1,5437.0,1,4060.0,1,2912.0,1,3976.0,1,4394.0,1,0.0,1,4337.0,4430.4883,4089.906,-1242.0
811,2013-06-03,5053.0,781.0,1.0,1.0,0,0.0,1.0,0.40312344,-0.91514564,1.2246469e-16,-1.0,2,0,0,1,0.0,1,4195.0,1,4337.0,1,0.0,1,3271.0,1,3908.0,1,4858.0,1,3985.0,2658.293,3181.038,-4195.0
811,2013-06-04,5097.0,816.0,1.0,1.0,0,0.0,2.0,0.40312344,-0.91514564,1.2246469e-16,-1.0,2,0,0,1,5053.0,1,0.0,1,5437.0,1,5189.0,1,3721.0,1,0.0,1,3950.0,1,3074.0,3616.1758,3597.0295,5053.0
811,2013-06-05,3906.0,659.0,1.0,1.0,0,0.0,3.0,0.40312344,-0.91514564,1.2246469e-16,-1.0,2,0,0,1,5097.0,1,5053.0,1,4195.0,1,4292.0,1,3562.0,1,0.0,1,0.0,1,0.0,4208.5054,3930.3562,44.0
811,2013-06-06,4455.0,759.0,1.0,1.0,0,0.0,4.0,0.40312344,-0.91514564,1.2246469e-16,-1.0,2,0,0,1,3906.0,1,5097.0,1,0.0,1,4060.0,1,2912.0,1,3976.0,1,5087.0,1,3720.0,4087.5034,3924.9438,-1191.0
811,2013-06-07,4534.0,737.0,1.0,1.0,0,0.0,5.0,0.40312344,-0.91514564,1.2246469e-16,-1.0,2,0,0,1,4455.0,1,3906.0,1,5053.0,1,4337.0,1,0.0,1,3271.0,1,4625.0,1,3398.0,4234.502,4042.7341,549.0
811,2013-06-08,3563.0,636.0,1.0,0.0,0,0.0,6.0,0.40312344,-0.91514564,1.2246469e-16,-1.0,2,0,0,1,4534.0,1,4455.0,1,5097.0,1,5437.0,1,5189.0,1,3721.0,1,3957.0,1,2916.0,4354.3013,4151.9043,79.0
811,2013-06-09,0.0,0.0,0.0,0.0,0,0.0,7.0,0.40312344,-0.91514564,1.2246469e-16,-1.0,2,0,0,1,3563.0,1,4534.0,1,3906.0,1,4195.0,1,4292.0,1,3562.0,1,4192.0,1,3594.0,4037.7808,4021.0366,-971.0
811,2013-06-10,4510.0,769.0,1.0,0.0,0,0.0,1.0,0.29205677,-0.956401,1.2246469e-16,-1.0,2,0,0,1,0.0,1,3563.0,1,4455.0,1,0.0,1,4060.0,1,2912.0,1,4394.0,1,3559.0,2422.6685,3127.473,-3563.0
811,2013-06-11,3974.0,680.0,1.0,0.0,0,0.0,2.0,0.29205677,-0.956401,1.2246469e-16,-1.0,2,0,0,1,4510.0,1,0.0,1,4534.0,1,5053.0,1,4337.0,1,0.0,1,3908.0,1,3558.0,3257.601,3434.7012,4510.0
811,2013-06-12,3892.0,667.0,1.0,0.0,0,0.0,3.0,0.29205677,-0.956401,1.2246469e-16,-1.0,2,0,0,1,3974.0,1,4510.0,1,3563.0,1,5097.0,1,5437.0,1,5189.0,1,0.0,1,0.0,3544.1606,3554.5454,-536.0
811,2013-06-13,3718.0,667.0,1.0,0.0,0,0.0,4.0,0.29205677,-0.956401,1.2246469e-16,-1.0,2,0,0,1,3892.0,1,3974.0,1,0.0,1,3906.0,1,4195.0,1,4292.0,1,0.0,1,5611.0,3683.2964,3629.5354,-82.0
811,2013-06-14,3772.0,630.0,1.0,0.0,0,0.0,5.0,0.29205677,-0.956401,1.2246469e-16,-1.0,2,0,0,1,3718.0,1,3892.0,1,4510.0,1,4455.0,1,0.0,1,4060.0,1,3976.0,1,4594.0,3697.1777,3649.194,-174.0
811,2013-06-15,3479.0,578.0,1.0,0.0,0,0.0,6.0,0.29205677,-0.956401,1.2246469e-16,-1.0,2,0,0,1,3772.0,1,3718.0,1,3974.0,1,4534.0,1,5053.0,1,4337.0,1,3271.0,1,3997.0,3727.1067,3676.4844,54.0
811,2013-06-16,0.0,0.0,0.0,0.0,0,0.0,7.0,0.29205677,-0.956401,1.2246469e-16,-1.0,2,0,0,1,3479.0,1,3772.0,1,3892.0,1,3563.0,1,5097.0,1,5437.0,1,3721.0,1,3713.0,3627.864,3632.5989,-293.0
811,2013-06-17,5225.0,802.0,1.0,1.0,0,0.0,1.0,0.17689027,-0.9842306,1.2246469e-16,-1.0,2,0,0,1,0.0,1,3479.0,1,3718.0,1,0.0,1,3906.0,1,4195.0,1,3562.0,1,4004.0,2176.7185,2825.3547,-3479.0
811,2013-06-18,4836.0,746.0,1.0,1.0,0,0.0,2.0,0.17689027,-0.9842306,1.2246469e-16,-1.0,2,0,0,1,5225.0,1,0.0,1,3772.0,1,4510.0,1,4455.0,1,0.0,1,2912.0,1,3845.0,3396.031,3358.6091,5225.0
811,2013-06-19,3857.0,643.0,1.0,1.0,0,0.0,3.0,0.17689027,-0.9842306,1.2246469e-16,-1.0,2,0,0,1,4836.0,1,5225.0,1,3479.0,1,3974.0,1,4534.0,1,5053.0,1,0.0,1,0.0,3972.0186,3686.9182,-389.0
811,2013-06-20,4241.0,709.0,1.0,1.0,0,0.0,4.0,0.17689027,-0.9842306,1.2246469e-16,-1.0,2,0,0,1,3857.0,1,4836.0,1,0.0,1,3892.0,1,3563.0,1,5097.0,1,5189.0,1,5399.0,3926.0112,3724.714,-979.0
811,2013-06-21,4693.0,780.0,1.0,1.0,0,0.0,5.0,0.17689027,-0.9842306,1.2246469e-16,-1.0,2,0,0,1,4241.0,1,3857.0,1,5225.0,1,3718.0,1,0.0,1,3906.0,1,4292.0,1,5588.0,4052.0066,3839.4443,384.0
811,2013-06-22,3500.0,626.0,1.0,0.0,0,0.0,6.0,0.17689027,-0.9842306,1.2246469e-16,-1.0,2,0,0,1,4693.0,1,4241.0,1,4836.0,1,3772.0,1,4510.0,1,4455.0,1,4060.0,1,0.0,4308.404,4029.1235,452.0
811,2013-06-23,0.0,0.0,0.0,0.0,0,0.0,7.0,0.17689027,-0.9842306,1.2246469e-16,-1.0,2,0,0,1,3500.0,1,4693.0,1,3857.0,1,3479.0,1,3974.0,1,4534.0,1,4337.0,1,5711.0,3985.0425,3911.5405,-1193.0
811,2013-06-24,3916.0,666.0,1.0,0.0,0,1.0,1.0,0.059240628,-0.99824375,1.2246469e-16,-1.0,2,0,0,1,0.0,1,3500.0,1,4241.0,1,0.0,1,3892.0,1,3563.0,1,5437.0,1,4646.0,2391.0254,3042.3093,-3500.0
811,2013-06-25,3416.0,631.0,1.0,0.0,0,1.0,2.0,0.059240628,-0.99824375,1.2246469e-16,-1.0,2,0,0,1,3916.0,1,0.0,1,4693.0,1,5225.0,1,3718.0,1,0.0,1,4195.0,1,3709.0,3001.0154,3236.4626,3916.0
811,2013-06-26,3377.0,606.0,1.0,0.0,0,1.0,3.0,0.059240628,-0.99824375,1.2246469e-16,-1.0,2,0,0,1,3416.0,1,3916.0,1,3500.0,1,4836.0,1,3772.0,1,4510.0,1,0.0,1,0.0,3167.0093,3276.3599,-500.0
811,2013-06-27,3662.0,626.0,1.0,0.0,0,1.0,4.0,0.059240628,-0.99824375,1.2246469e-16,-1.0,2,0,0,1,3377.0,1,3416.0,1,0.0,1,3857.0,1,3479.0,1,3974.0,1,5053.0,1,4267.0,3251.0056,3298.7244,-39.0
811,2013-06-28,4324.0,702.0,1.0,0.0,0,1.0,5.0,0.059240628,-0.99824375,1.2246469e-16,-1.0,2,0,0,1,3662.0,1,3377.0,1,3916.0,1,4241.0,1,0.0,1,3892.0,1,5097.0,1,3846.0,3415.4033,3379.4524,285.0
811,2013-06-29,4019.0,618.0,1.0,0.0,0,0.0,6.0,0.059240628,-0.99824375,1.2246469e-16,-1.0,2,0,0,1,4324.0,1,3662.0,1,3416.0,1,4693.0,1,5225.0,1,3718.0,1,3906.0,1,3801.0,3778.842,3589.3518,662.0
811,2013-06-30,0.0,0.0,0.0,0.0,0,0.0,7.0,0.059240628,-0.99824375,1.2246469e-16,-1.0,2,0,1,1,4019.0,1,4324.0,1,3377.0,1,3500.0,1,4836.0,1,3772.0,1,4455.0,1,0.0,3874.9053,3684.829,-305.0
811,2013-07-01,6252.0,867.0,1.0,1.0,0,1.0,1.0,-0.059240628,-0.99824375,-0.5,-0.8660254,3,1,0,1,0.0,1,4019.0,1,3662.0,1,0.0,1,3857.0,1,3479.0,1,4534.0,1,4858.0,2324.943,2865.9783,-4019.0
811,2013-07-02,4279.0,739.0,1.0,1.0,0,1.0,2.0,-0.059240628,-0.99824375,-0.5,-0.8660254,3,0,0,1,6252.0,1,0.0,1,4324.0,1,3916.0,1,4241.0,1,0.0,1,3563.0,1,3950.0,3895.7659,3618.4275,6252.0
811,2013-07-03,4332.0,693.0,1.0,1.0,0,1.0,3.0,-0.059240628,-0.99824375,-0.5,-0.8660254,3,0,0,1,4279.0,1,6252.0,1,4019.0,1,3416.0,1,4693.0,1,5225.0,1,0.0,1,0.0,4049.0596,3765.2214,-1973.0
811,2013-07-04,4542.0,700.0,1.0,1.0,0,1.0,4.0,-0.059240628,-0.99824375,-0.5,-0.8660254,3,0,0,1,4332.0,1,4279.0,1,0.0,1,3377.0,1,3500.0,1,4836.0,1,4510.0,1,5087.0,4162.236,3891.172,53.0
811,2013-07-05,4322.0,700.0,1.0,1.0,0,1.0,5.0,-0.059240628,-0.99824375,-0.5,-0.8660254,3,0,0,1,4542.0,1,4332.0,1,6252.0,1,3662.0,1,0.0,1,3857.0,1,3974.0,1,4625.0,4314.1416,4035.8005,210.0
811,2013-07-06,3159.0,587.0,1.0,0.0,0,0.0,6.0,-0.059240628,-0.99824375,-0.5,-0.8660254,3,0,0,1,4322.0,1,4542.0,1,4279.0,1,4324.0,1,3916.0,1,4241.0,1,3892.0,1,3957.0,4317.2847,4099.4004,-220.0
811,2013-07-07,0.0,0.0,0.0,0.0,0,0.0,7.0,-0.059240628,-0.99824375,-0.5,-0.8660254,3,0,0,1,3159.0,1,4322.0,1,4332.0,1,4019.0,1,3416.0,1,4693.0,1,3718.0,1,4192.0,3853.971,3890.4226,-1163.0
811,2013-07-08,4034.0,699.0,1.0,0.0,0,1.0,1.0,-0.17689027,-0.9842306,-0.5,-0.8660254,3,0,0,1,0.0,1,3159.0,1,4542.0,1,0.0,1,3377.0,1,3500.0,1,3772.0,1,4394.0,2312.3826,3025.8843,-3159.0
811,2013-07-09,3847.0,669.0,1.0,0.0,0,1.0,2.0,-0.17689027,-0.9842306,-0.5,-0.8660254,3,0,0,1,4034.0,1,0.0,1,4322.0,1,6252.0,1,3662.0,1,0.0,1,3479.0,1,3908.0,3001.0295,3249.91,4034.0
811,2013-07-10,4386.0,687.0,1.0,0.0,0,1.0,3.0,-0.17689027,-0.9842306,-0.5,-0.8660254,3,0,0,1,3847.0,1,4034.0,1,3159.0,1,4279.0,1,4324.0,1,3916.0,1,0.0,1,0.0,3339.4177,3382.5967,-187.0
811,2013-07-11,3515.0,617.0,1.0,0.0,0,1.0,4.0,-0.17689027,-0.9842306,-0.5,-0.8660254,3,0,0,1,4386.0,1,3847.0,1,0.0,1,4332.0,1,4019.0,1,3416.0,1,5225.0,1,0.0,3758.0505,3605.5752,539.0
811,2013-07-12,3419.0,615.0,1.0,0.0,0,1.0,5.0,-0.17689027,-0.9842306,-0.5,-0.8660254,3,0,0,1,3515.0,1,4386.0,1,4034.0,1,4542.0,1,0.0,1,3377.0,1,4836.0,1,3976.0,3660.8303,3585.4473,-871.0
811,2013-07-13,3202.0,511.0,1.0,0.0,0,0.0,6.0,-0.17689027,-0.9842306,-0.5,-0.8660254,3,0,0,1,3419.0,1,3515.0,1,3847.0,1,4322.0,1,6252.0,1,3662.0,1,3857.0,1,3271.0,3564.0981,3548.459,-96.0
811,2013-07-14,0.0,0.0,0.0,0.0,0,0.0,7.0,-0.17689027,-0.9842306,-0.5,-0.8660254,3,0,0,1,3202.0,1,3419.0,1,4386.0,1,3159.0,1,4279.0,1,4324.0,1,4241.0,1,3721.0,3419.259,3471.4683,-217.0
811,2013-07-15,6157.0,874.0,1.0,1.0,0,1.0,1.0,-0.29205677,-0.956401,-0.5,-0.8660254,3,0,0,1,0.0,1,3202.0,1,3515.0,1,0.0,1,4332.0,1,4019.0,1,4693.0,1,3562.0,2051.5554,2700.0308,-3202.0
811,2013-07-16,4239.0,683.0,1.0,1.0,0,1.0,2.0,-0.29205677,-0.956401,-0.5,-0.8660254,3,0,0,1,6157.0,1,0.0,1,3419.0,1,4034.0,1,4542.0,1,0.0,1,3500.0,1,2912.0,3693.7332,3468.246,6157.0
811,2013-07-17,3675.0,597.0,1.0,1.0,0,1.0,3.0,-0.29205677,-0.956401,-0.5,-0.8660254,3,0,0,1,4239.0,1,6157.0,1,3202.0,1,3847.0,1,4322.0,1,6252.0,1,0.0,1,0.0,3911.8398,3639.525,-1918.0
811,2013-07-18,3573.0,599.0,1.0,1.0,0,1.0,4.0,-0.29205677,-0.956401,-0.5,-0.8660254,3,0,0,1,3675.0,1,4239.0,1,0.0,1,4386.0,1,3159.0,1,4279.0,1,3916.0,1,5189.0,3817.104,3647.4082,-564.0
811,2013-07-19,3713.0,649.0,1.0,1.0,0,1.0,5.0,-0.29205677,-0.956401,-0.5,-0.8660254,3,0,0,1,3573.0,1,3675.0,1,6157.0,1,3515.0,1,0.0,1,4332.0,1,3416.0,1,4292.0,3719.4624,3630.873,-102.0
811,2013-07-20,2804.0,523.0,1.0,0.0,0,0.0,6.0,-0.29205677,-0.956401,-0.5,-0.8660254,3,0,0,1,3713.0,1,3573.0,1,4239.0,1,3419.0,1,4034.0,1,4542.0,1,3377.0,1,4060.0,3716.8774,3649.1235,140.0
811,2013-07-21,0.0,0.0,0.0,0.0,0,0.0,7.0,-0.29205677,-0.956401,-0.5,-0.8660254,3,0,0,1,2804.0,1,3713.0,1,3675.0,1,3202.0,1,3847.0,1,4322.0,1,3662.0,1,4337.0,3351.7266,3461.3184,-909.0
811,2013-07-22,3821.0,673.0,1.0,0.0,0,1.0,1.0,-0.40312344,-0.91514564,-0.5,-0.8660254,3,0,0,1,0.0,1,2804.0,1,3573.0,1,0.0,1,4386.0,1,3159.0,1,4324.0,1,5437.0,2011.0359,2692.1365,-2804.0
811,2013-07-23,3465.0,610.0,1.0,0.0,0,1.0,2.0,-0.40312344,-0.91514564,-0.5,-0.8660254,3,0,0,1,3821.0,1,0.0,1,3713.0,1,6157.0,1,3515.0,1,0.0,1,4019.0,1,4195.0,2735.0215,2942.9949,3821.0
811,2013-07-24,3132.0,584.0,1.0,0.0,0,1.0,3.0,-0.40312344,-0.91514564,-0.5,-0.8660254,3,0,0,1,3465.0,1,3821.0,1,2804.0,1,4239.0,1,3419.0,1,4034.0,1,0.0,1,0.0,3027.013,3058.996,-356.0
811,2013-07-25,3490.0,649.0,1.0,0.0,0,1.0,4.0,-0.40312344,-0.91514564,-0.5,-0.8660254,3,0,0,1,3132.0,1,3465.0,1,0.0,1,3675.0,1,3202.0,1,3847.0,1,6252.0,1,5053.0,3069.0078,3075.2192,-333.0
811,2013-07-26,3533.0,572.0,1.0,0.0,0,1.0,5.0,-0.40312344,-0.91514564,-0.5,-0.8660254,3,0,0,1,3490.0,1,3132.0,1,3821.0,1,3573.0,1,0.0,1,4386.0,1,4279.0,1,5097.0,3237.4045,3167.3928,358.0
811,2013-07-27,2628.0,522.0,1.0,0.0,0,0.0,6.0,-0.40312344,-0.91514564,-0.5,-0.8660254,3,0,0,1,3533.0,1,3490.0,1,3465.0,1,3713.0,1,6157.0,1,3515.0,1,4332.0,1,3906.0,3355.6428,3248.6387,43.0
811,2013-07-28,0.0,0.0,0.0,0.0,0,0.0,7.0,-0.40312344,-0.91514564,-0.5,-0.8660254,3,0,0,1,2628.0,1,3533.0,1,3132.0,1,2804.0,1,4239.0,1,3419.0,1,4542.0,1,4455.0,3064.5857,3110.719,-905.0
811,2013-07-29,5734.0,813.0,1.0,1.0,0,1.0,1.0,-0.5085311,-0.86104363,-0.5,-0.8660254,3,0,0,1,0.0,1,2628.0,1,3490.0,1,0.0,1,3675.0,1,3202.0,1,4322.0,1,4534.0,1838.7515,2419.4482,-2628.0
811,2013-07-30,4895.0,756.0,1.0,1.0,0,1.0,2.0,-0.5085311,-0.86104363,-0.5,-0.8660254,3,0,0,1,5734.0,1,0.0,1,3533.0,1,3821.0,1,3573.0,1,0.0,1,3159.0,1,3563.0,3396.8508,3156.0151,5734.0
811,2013-07-31,5659.0,861.0,1.0,1.0,0,1.0,3.0,-0.5085311,-0.86104363,-0.5,-0.8660254,3,0,1,1,4895.0,1,5734.0,1,2628.0,1,3465.0,1,3713.0,1,6157.0,1,0.0,1,0.0,3996.1106,3542.4563,-839.0
811,2013-08-01,4701.0,793.0,1.0,1.0,0,1.0,4.0,-0.5085311,-0.86104363,-0.8660254,-0.5,3,1,0,1,5659.0,1,4895.0,1,0.0,1,3132.0,1,2804.0,1,4239.0,1,4034.0,1,4510.0,4661.266,4012.7993,764.0
811,2013-08-02,3984.0,691.0,1.0,1.0,0,1.0,5.0,-0.5085311,-0.86104363,-0.8660254,-0.5,3,0,0,1,4701.0,1,5659.0,1,5734.0,1,3490.0,1,0.0,1,3675.0,1,3847.0,1,3974.0,4677.1597,4165.733,-958.0
811,2013-08-03,3529.0,594.0,1.0,0.0,0,0.0,6.0,-0.5085311,-0.86104363,-0.8660254,-0.5,3,0,0,1,3984.0,1,4701.0,1,4895.0,1,3533.0,1,3821.0,1,3573.0,1,4386.0,1,3892.0,4399.896,4125.3477,-717.0
811,2013-08-04,0.0,0.0,0.0,0.0,0,0.0,7.0,-0.5085311,-0.86104363,-0.8660254,-0.5,3,0,0,1,3529.0,1,3984.0,1,5659.0,1,2628.0,1,3465.0,1,3713.0,1,3515.0,1,3718.0,4051.5376,3992.826,-455.0
811,2013-08-05,3995.0,763.0,1.0,0.0,0,0.0,1.0,-0.60680014,-0.79485446,-0.8660254,-0.5,3,0,0,1,0.0,1,3529.0,1,4701.0,1,0.0,1,3132.0,1,2804.0,1,3419.0,1,3772.0,2430.9226,3105.5312,-3529.0
811,2013-08-06,4007.0,710.0,1.0,0.0,0,0.0,2.0,-0.60680014,-0.79485446,-0.8660254,-0.5,3,0,0,1,3995.0,1,0.0,1,3984.0,1,5734.0,1,3490.0,1,0.0,1,3202.0,1,3479.0,3056.5535,3303.1912,3995.0
811,2013-08-07,3731.0,717.0,1.0,0.0,0,0.0,3.0,-0.60680014,-0.79485446,-0.8660254,-0.5,3,0,0,1,4007.0,1,3995.0,1,3529.0,1,4895.0,1,3533.0,1,3821.0,1,0.0,1,0.0,3436.7322,3459.593,12.0
811,2013-08-08,4096.0,722.0,1.0,0.0,0,0.0,4.0,-0.60680014,-0.79485446,-0.8660254,-0.5,3,0,0,1,3731.0,1,4007.0,1,0.0,1,5659.0,1,2628.0,1,3465.0,1,6157.0,1,5225.0,3554.4392,3519.9058,-276.0
811,2013-08-09,3776.0,686.0,1.0,0.0,0,0.0,5.0,-0.60680014,-0.79485446,-0.8660254,-0.5,3,0,0,1,4096.0,1,3731.0,1,3995.0,1,4701.0,1,0.0,1,3132.0,1,4239.0,1,4836.0,3771.0635,3647.9268,365.0
811,2013-08-10,3207.0,629.0,1.0,0.0,0,0.0,6.0,-0.60680014,-0.79485446,-0.8660254,-0.5,3,0,0,1,3776.0,1,4096.0,1,4007.0,1,3984.0,1,5734.0,1,3490.0,1,3675.0,1,3857.0,3773.038,3676.3875,-320.0
811,2013-08-11,0.0,0.0,0.0,0.0,0,0.0,7.0,-0.60680014,-0.79485446,-0.8660254,-0.5,3,0,0,1,3207.0,1,3776.0,1,3731.0,1,3529.0,1,4895.0,1,3533.0,1,3573.0,1,4241.0,3546.6228,3572.079,-569.0
811,2013-08-12,5674.0,913.0,1.0,1.0,0,0.0,1.0,-0.696551,-0.71750724,-0.8660254,-0.5,3,0,0,1,0.0,1,3207.0,1,4096.0,1,0.0,1,5659.0,1,2628.0,1,3713.0,1,4693.0,2127.9736,2778.2837,-3207.0
811,2013-08-13,4931.0,800.0,1.0,1.0,0,0.0,2.0,-0.696551,-0.71750724,-0.8660254,-0.5,3,0,0,1,5674.0,1,0.0,1,3776.0,1,3995.0,1,4701.0,1,0.0,1,2804.0,1,3500.0,3546.3843,3421.7761,5674.0
811,2013-08-14,4417.0,770.0,1.0,1.0,0,0.0,3.0,-0.696551,-0.71750724,-0.8660254,-0.5,3,0,0,1,4931.0,1,5674.0,1,3207.0,1,4007.0,1,3984.0,1,5734.0,1,0.0,1,0.0,4100.2305,3757.1592,-743.0
811,2013-08-15,4024.0,710.0,1.0,1.0,0,0.0,4.0,-0.696551,-0.71750724,-0.8660254,-0.5,3,0,0,1,4417.0,1,4931.0,1,0.0,1,3731.0,1,3529.0,1,4895.0,1,3821.0,1,3916.0,4226.9385,3903.7905,-514.0
811,2013-08-16,4033.0,678.0,1.0,1.0,0,0.0,5.0,-0.696551,-0.71750724,-0.8660254,-0.5,3,0,0,1,4024.0,1,4417.0,1,5674.0,1,4096.0,1,0.0,1,5659.0,1,3465.0,1,3416.0,4145.763,3930.5037,-393.0
811,2013-08-17,3753.0,641.0,1.0,0.0,0,0.0,6.0,-0.696551,-0.71750724,-0.8660254,-0.5,3,0,0,1,4033.0,1,4024.0,1,4931.0,1,3776.0,1,3995.0,1,4701.0,1,3132.0,1,3377.0,4100.6577,3953.2808,9.0
811,2013-08-18,0.0,0.0,0.0,0.0,0,0.0,7.0,-0.696551,-0.71750724,-0.8660254,-0.5,3,0,0,1,3753.0,1,4033.0,1,4417.0,1,3207.0,1,4007.0,1,3984.0,1,3490.0,1,3662.0,3961.5947,3908.774,-280.0
811,2013-08-19,4136.0,789.0,1.0,0.0,0,0.0,1.0,-0.7765239,-0.63008785,-0.8660254,-0.5,3,0,0,1,0.0,1,3753.0,1,4024.0,1,0.0,1,3731.0,1,3529.0,1,3533.0,1,4324.0,2376.9568,3040.1575,-3753.0
811,2013-08-20,3583.0,670.0,1.0,0.0,0,0.0,2.0,-0.7765239,-0.63008785,-0.8660254,-0.5,3,0,0,1,4136.0,1,0.0,1,4033.0,1,5674.0,1,4096.0,1,0.0,1,2628.0,1,4019.0,3080.574,3283.678,4136.0
811,2013-08-21,3088.0,639.0,1.0,0.0,0,0.0,3.0,-0.7765239,-0.63008785,-0.8660254,-0.5,3,0,0,1,3583.0,1,4136.0,1,3753.0,1,4931.0,1,3776.0,1,3995.0,1,0.0,1,0.0,3281.5444,3350.194,-553.0
811,2013-08-22,3478.0,686.0,1.0,0.0,0,0.0,4.0,-0.7765239,-0.63008785,-0.8660254,-0.5,3,0,0,1,3088.0,1,3583.0,1,0.0,1,4417.0,1,3207.0,1,4007.0,1,5734.0,1,6252.0,3204.1267,3291.9287,-495.0
811,2013-08-23,3398.0,640.0,1.0,0.0,0,0.0,5.0,-0.7765239,-0.63008785,-0.8660254,-0.5,3,0,0,1,3478.0,1,3088.0,1,4136.0,1,4024.0,1,0.0,1,3731.0,1,4895.0,1,4279.0,3313.676,3333.2778,390.0
811,2013-08-24,3080.0,610.0,1.0,0.0,0,0.0,6.0,-0.7765239,-0.63008785,-0.8660254,-0.5,3,0,0,1,3398.0,1,3478.0,1,3583.0,1,4033.0,1,5674.0,1,4096.0,1,5659.0,1,4332.0,3347.4055,3347.6606,-80.0
811,2013-08-25,0.0,0.0,0.0,0.0,0,0.0,7.0,-0.7765239,-0.63008785,-0.8660254,-0.5,3,0,0,1,3080.0,1,3398.0,1,3088.0,1,3753.0,1,4931.0,1,3776.0,1,4701.0,1,4542.0,3240.4434,3288.1804,-318.0
811,2013-08-26,5056.0,753.0,1.0,1.0,0,0.0,1.0,-0.845596,-0.5338234,-0.8660254,-0.5,3,0,0,1,0.0,1,3080.0,1,3478.0,1,0.0,1,4417.0,1,3207.0,1,3984.0,1,4322.0,1944.266,2557.4736,-3080.0
811,2013-08-27,4245.0,716.0,1.0,1.0,0,0.0,2.0,-0.845596,-0.5338234,-0.8660254,-0.5,3,0,0,1,5056.0,1,0.0,1,3398.0,1,4136.0,1,4024.0,1,0.0,1,3529.0,1,3159.0,3188.9597,3112.7017,5056.0
811,2013-08-28,4199.0,699.0,1.0,1.0,0,0.0,3.0,-0.845596,-0.5338234,-0.8660254,-0.5,3,0,0,1,4245.0,1,5056.0,1,3080.0,1,3583.0,1,4033.0,1,5674.0,1,0.0,1,0.0,3611.3757,3364.3235,-811.0
811,2013-08-29,4435.0,741.0,1.0,1.0,0,0.0,4.0,-0.845596,-0.5338234,-0.8660254,-0.5,3,0,0,1,4199.0,1,4245.0,1,0.0,1,3088.0,1,3753.0,1,4931.0,1,3995.0,1,4034.0,3846.4255,3549.8071,-46.0
811,2013-08-30,5284.0,781.0,1.0,1.0,0,0.0,5.0,-0.845596,-0.5338234,-0.8660254,-0.5,3,0,0,1,4435.0,1,4199.0,1,5056.0,1,3478.0,1,0.0,1,4417.0,1,4007.0,1,3847.0,4081.8552,3746.5168,236.0
811,2013-08-31,4350.0,676.0,1.0,0.0,0,0.0,6.0,-0.845596,-0.5338234,-0.8660254,-0.5,3,0,1,1,5284.0,1,4435.0,1,4245.0,1,3398.0,1,4136.0,1,4024.0,1,3731.0,1,4386.0,4562.7134,4088.1797,849.0
811,2013-09-01,0.0,0.0,0.0,0.0,0,0.0,7.0,-0.845596,-0.5338234,-1.0,-1.8369701e-16,3,1,0,1,4350.0,1,5284.0,1,4199.0,1,3080.0,1,3583.0,1,4033.0,1,4096.0,1,3515.0,4477.628,4146.362,-934.0
811,2013-09-02,4071.0,748.0,1.0,0.0,0,0.0,1.0,-0.9027978,-0.4300652,-1.0,-1.8369701e-16,3,0,0,1,0.0,1,4350.0,1,4435.0,1,0.0,1,3088.0,1,3753.0,1,3776.0,1,3419.0,2686.5767,3224.9482,-4350.0
811,2013-09-03,4051.0,718.0,1.0,0.0,0,0.0,2.0,-0.9027978,-0.4300652,-1.0,-1.8369701e-16,3,0,0,1,4071.0,1,0.0,1,5284.0,1,5056.0,1,3478.0,1,0.0,1,3207.0,1,3202.0,3240.346,3412.9597,4071.0
811,2013-09-04,3613.0,670.0,1.0,0.0,0,0.0,3.0,-0.9027978,-0.4300652,-1.0,-1.8369701e-16,3,0,0,1,4051.0,1,4071.0,1,4350.0,1,4245.0,1,3398.0,1,4136.0,1,0.0,1,0.0,3564.6077,3554.7463,-20.0
811,2013-09-05,3672.0,657.0,1.0,0.0,0,0.0,4.0,-0.9027978,-0.4300652,-1.0,-1.8369701e-16,3,0,0,1,3613.0,1,4051.0,1,0.0,1,4199.0,1,3080.0,1,3583.0,1,5674.0,1,6157.0,3583.9646,3567.6917,-438.0
811,2013-09-06,3396.0,625.0,1.0,0.0,0,0.0,5.0,-0.9027978,-0.4300652,-1.0,-1.8369701e-16,3,0,0,1,3672.0,1,3613.0,1,4071.0,1,4435.0,1,0.0,1,3088.0,1,4931.0,1,4239.0,3619.1787,3590.8713,59.0
811,2013-09-07,3542.0,628.0,1.0,0.0,0,0.0,6.0,-0.9027978,-0.4300652,-1.0,-1.8369701e-16,3,0,0,1,3396.0,1,3672.0,1,4051.0,1,5284.0,1,5056.0,1,3478.0,1,4417.0,1,3675.0,3529.9072,3547.5667,-276.0
811,2013-09-08,0.0,0.0,0.0,0.0,0,0.0,7.0,-0.9027978,-0.4300652,-1.0,-1.8369701e-16,3,0,0,1,3542.0,1,3396.0,1,3613.0,1,4350.0,1,4245.0,1,3398.0,1,4024.0,1,3573.0,3534.7444,3546.3296,146.0
811,2013-09-09,5281.0,754.0,1.0,1.0,0,0.0,1.0,-0.94732636,-0.32026985,-1.0,-1.8369701e-16,3,0,0,1,0.0,1,3542.0,1,3672.0,1,0.0,1,4199.0,1,3080.0,1,4033.0,1,3713.0,2120.8467,2758.2563,-3542.0
811,2013-09-10,4484.0,732.0,1.0,1.0,0,0.0,2.0,-0.94732636,-0.32026985,-1.0,-1.8369701e-16,3,0,0,1,5281.0,1,0.0,1,3396.0,1,4071.0,1,4435.0,1,0.0,1,3753.0,1,2804.0,3384.908,3318.866,5281.0
811,2013-09-11,4341.0,670.0,1.0,1.0,0,0.0,3.0,-0.94732636,-0.32026985,-1.0,-1.8369701e-16,3,0,0,1,4484.0,1,5281.0,1,3542.0,1,4051.0,1,5284.0,1,5056.0,1,0.0,1,0.0,3824.5447,3577.7847,-797.0
811,2013-09-12,4105.0,710.0,1.0,1.0,0,0.0,4.0,-0.94732636,-0.32026985,-1.0,-1.8369701e-16,3,0,0,1,4341.0,1,4484.0,1,0.0,1,3613.0,1,4350.0,1,4245.0,1,4136.0,1,3821.0,4031.127,3747.3882,-143.0
811,2013-09-13,4400.0,683.0,1.0,1.0,0,0.0,5.0,-0.94732636,-0.32026985,-1.0,-1.8369701e-16,3,0,0,1,4105.0,1,4341.0,1,5281.0,1,3672.0,1,0.0,1,4199.0,1,3583.0,1,3465.0,4060.676,3826.8574,-236.0
811,2013-09-14,3550.0,677.0,1.0,0.0,0,0.0,6.0,-0.94732636,-0.32026985,-1.0,-1.8369701e-16,3,0,0,1,4400.0,1,4105.0,1,4484.0,1,3396.0,1,4071.0,1,4435.0,1,3088.0,1,3132.0,4196.406,3954.2224,295.0
811,2013-09-15,0.0,0.0,0.0,0.0,0,0.0,7.0,-0.94732636,-0.32026985,-1.0,-1.8369701e-16,3,0,0,1,3550.0,1,4400.0,1,4341.0,1,3542.0,1,4051.0,1,5284.0,1,3478.0,1,3490.0,3937.8435,3864.3953,-850.0
811,2013-09-16,3893.0,721.0,1.0,0.0,0,0.0,1.0,-0.9785565,-0.20597862,-1.0,-1.8369701e-16,3,0,0,1,0.0,1,3550.0,1,4105.0,1,0.0,1,3613.0,1,4350.0,1,3398.0,1,3533.0,2362.706,3005.6406,-3550.0
811,2013-09-17,3555.0,641.0,1.0,0.0,0,0.0,2.0,-0.9785565,-0.20597862,-1.0,-1.8369701e-16,3,0,0,1,3893.0,1,0.0,1,4400.0,1,5281.0,1,3672.0,1,0.0,1,3080.0,1,2628.0,2974.8237,3202.8318,3893.0
811,2013-09-18,3219.0,611.0,1.0,0.0,0,0.0,3.0,-0.9785565,-0.20597862,-1.0,-1.8369701e-16,3,0,0,1,3555.0,1,3893.0,1,3550.0,1,4484.0,1,3396.0,1,4071.0,1,0.0,1,0.0,3206.8943,3281.0913,-338.0
811,2013-09-19,3452.0,600.0,1.0,0.0,0,0.0,4.0,-0.9785565,-0.20597862,-1.0,-1.8369701e-16,3,0,0,1,3219.0,1,3555.0,1,0.0,1,4341.0,1,3542.0,1,4051.0,1,5056.0,1,5734.0,3211.7366,3267.2932,-336.0
811,2013-09-20,3256.0,625.0,1.0,0.0,0,0.0,5.0,-0.9785565,-0.20597862,-1.0,-1.8369701e-16,3,0,0,1,3452.0,1,3219.0,1,3893.0,1,4105.0,1,0.0,1,3613.0,1,4245.0,1,4895.0,3307.8418,3308.339,233.0
811,2013-09-21,3510.0,622.0,1.0,0.0,0,0.0,6.0,-0.9785565,-0.20597862,-1.0,-1.8369701e-16,3,0,0,1,3256.0,1,3452.0,1,3555.0,1,4400.0,1,5281.0,1,3672.0,1,4199.0,1,5659.0,3287.1052,3296.7083,-196.0
811,2013-09-22,0.0,0.0,0.0,0.0,0,0.0,7.0,-0.9785565,-0.20597862,-1.0,-1.8369701e-16,3,0,0,1,3510.0,1,3256.0,1,3219.0,1,3550.0,1,4484.0,1,3396.0,1,4435.0,1,4701.0,3376.2632,3344.1064,254.0
811,2013-09-23,5116.0,754.0,1.0,1.0,0,0.0,1.0,-0.9960498,-0.08879589,-1.0,-1.8369701e-16,3,0,0,1,0.0,1,3510.0,1,3452.0,1,0.0,1,4341.0,1,3542.0,1,5284.0,1,3984.0,2025.7578,2600.9717,-3510.0
811,2013-09-24,4074.0,713.0,1.0,1.0,0,0.0,2.0,-0.9960498,-0.08879589,-1.0,-1.8369701e-16,3,0,0,1,5116.0,1,0.0,1,3256.0,1,3893.0,1,4105.0,1,0.0,1,4350.0,1,3529.0,3261.8547,3159.867,5116.0
811,2013-09-25,3999.0,672.0,1.0,1.0,0,0.0,3.0,-0.9960498,-0.08879589,-1.0,-1.8369701e-16,3,0,0,1,4074.0,1,5116.0,1,3510.0,1,3555.0,1,4400.0,1,5281.0,1,0.0,1,0.0,3586.713,3363.0076,-1042.0
811,2013-09-26,4261.0,661.0,1.0,1.0,0,0.0,4.0,-0.9960498,-0.08879589,-1.0,-1.8369701e-16,3,0,0,1,3999.0,1,4074.0,1,0.0,1,3219.0,1,3550.0,1,4484.0,1,4071.0,1,3995.0,3751.6277,3504.339,-75.0
811,2013-09-27,3919.0,634.0,1.0,1.0,0,0.0,5.0,-0.9960498,-0.08879589,-1.0,-1.8369701e-16,3,0,0,1,4261.0,1,3999.0,1,5116.0,1,3452.0,1,0.0,1,4341.0,1,4051.0,1,4007.0,3955.3767,3672.486,262.0
811,2013-09-28,3594.0,641.0,1.0,0.0,0,0.0,6.0,-0.9960498,-0.08879589,-1.0,-1.8369701e-16,3,0,0,1,3919.0,1,4261.0,1,4074.0,1,3256.0,1,3893.0,1,4105.0,1,3613.0,1,3731.0,3940.826,3727.2668,-342.0
811,2013-09-29,0.0,0.0,0.0,0.0,0,0.0,7.0,-0.9960498,-0.08879589,-1.0,-1.8369701e-16,3,0,0,1,3594.0,1,3919.0,1,3999.0,1,3510.0,1,3555.0,1,4400.0,1,3672.0,1,4096.0,3802.0957,3697.652,-325.0
811,2013-09-30,4690.0,753.0,1.0,0.0,0,0.0,1.0,-0.99956083,0.029633328,-1.0,-1.8369701e-16,3,0,1,1,0.0,1,3594.0,1,4261.0,1,0.0,1,3219.0,1,3550.0,1,3396.0,1,3776.0,2281.2573,2875.9517,-3594.0
811,2013-10-01,4156.0,747.0,1.0,0.0,0,0.0,2.0,-0.99956083,0.029633328,-0.8660254,0.5,4,1,0,1,4690.0,1,0.0,1,3919.0,1,5116.0,1,3452.0,1,0.0,1,3542.0,1,3207.0,3244.7544,3279.0735,4690.0
811,2013-10-02,4052.0,662.0,1.0,0.0,0,0.0,3.0,-0.99956083,0.029633328,-0.8660254,0.5,4,0,0,1,4156.0,1,4690.0,1,3594.0,1,4074.0,1,3256.0,1,3893.0,1,0.0,1,0.0,3609.2527,3473.946,-534.0
811,2013-10-03,0.0,0.0,0.0,0.0,1,0.0,4.0,-0.99956083,0.029633328,-0.8660254,0.5,4,0,0,1,4052.0,1,4156.0,1,0.0,1,3999.0,1,3510.0,1,3555.0,1,5281.0,1,5674.0,3786.3516,3602.4026,-104.0
811,2013-10-04,4614.0,775.0,1.0,0.0,0,1.0,5.0,-0.99956083,0.029633328,-0.8660254,0.5,4,0,0,1,0.0,1,4052.0,1,4690.0,1,4261.0,1,0.0,1,3219.0,1,4484.0,1,4931.0,2271.811,2801.8687,-4052.0
811,2013-10-05,3521.0,603.0,1.0,0.0,0,0.0,6.0,-0.99956083,0.029633328,-0.8660254,0.5,4,0,0,1,4614.0,1,0.0,1,4156.0,1,3919.0,1,5116.0,1,3452.0,1,4341.0,1,4417.0,3208.6865,3204.5645,4614.0
811,2013-10-06,0.0,0.0,0.0,0.0,0,0.0,7.0,-0.99956083,0.029633328,-0.8660254,0.5,4,0,0,1,3521.0,1,4614.0,1,4052.0,1,3594.0,1,4074.0,1,3256.0,1,4105.0,1,4024.0,3333.612,3274.8835,-1093.0
811,2013-10-07,4748.0,738.0,1.0,1.0,0,1.0,1.0,-0.9890402,0.14764656,-0.8660254,0.5,4,0,0,1,0.0,1,3521.0,1,0.0,1,0.0,1,3999.0,1,3510.0,1,4400.0,1,4033.0,2000.1671,2547.1316,-3521.0
811,2013-10-08,4149.0,611.0,1.0,1.0,0,1.0,2.0,-0.9890402,0.14764656,-0.8660254,0.5,4,0,0,1,4748.0,1,0.0,1,4614.0,1,4690.0,1,4261.0,1,0.0,1,3550.0,1,3753.0,3099.3003,3036.2134,4748.0
811,2013-10-09,3447.0,578.0,1.0,1.0,0,1.0,3.0,-0.9890402,0.14764656,-0.8660254,0.5,4,0,0,1,4149.0,1,4748.0,1,3521.0,1,4156.0,1,3919.0,1,5116.0,1,0.0,1,0.0,3519.1802,3283.4993,-599.0
811,2013-10-10,3825.0,631.0,1.0,1.0,0,1.0,4.0,-0.9890402,0.14764656,-0.8660254,0.5,4,0,0,1,3447.0,1,4149.0,1,0.0,1,4052.0,1,3594.0,1,4074.0,1,3893.0,1,4136.0,3490.308,3319.8328,-702.0
811,2013-10-11,3580.0,579.0,1.0,1.0,0,1.0,5.0,-0.9890402,0.14764656,-0.8660254,0.5,4,0,0,1,3825.0,1,3447.0,1,4748.0,1,0.0,1,0.0,1,3999.0,1,3555.0,1,3583.0,3624.1848,3432.0923,378.0
811,2013-10-12,2635.0,474.0,1.0,0.0,0,0.0,6.0,-0.9890402,0.14764656,-0.8660254,0.5,4,0,0,1,3580.0,1,3825.0,1,4149.0,1,4614.0,1,4690.0,1,4261.0,1,3219.0,1,3088.0,3606.511,3464.9607,-245.0
811,2013-10-13,0.0,0.0,0.0,0.0,0,0.0,7.0,-0.9890402,0.14764656,-0.8660254,0.5,4,0,0,1,2635.0,1,3580.0,1,3447.0,1,3521.0,1,4156.0,1,3919.0,1,3452.0,1,3478.0,3217.9065,3280.525,-945.0
811,2013-10-14,3372.0,591.0,1.0,0.0,0,1.0,1.0,-0.9646356,0.26358718,-0.8660254,0.5,4,0,0,1,0.0,1,2635.0,1,3825.0,1,0.0,1,4052.0,1,3594.0,1,3256.0,1,3398.0,1930.7439,2551.5193,-2635.0
811,2013-10-15,2838.0,521.0,1.0,0.0,0,1.0,2.0,-0.9646356,0.26358718,-0.8660254,0.5,4,0,0,1,3372.0,1,0.0,1,3580.0,1,4748.0,1,0.0,1,0.0,1,3510.0,1,3080.0,2507.2463,2733.8484,3372.0
811,2013-10-16,2872.0,511.0,1.0,0.0,0,1.0,3.0,-0.9646356,0.26358718,-0.8660254,0.5,4,0,0,1,2838.0,1,3372.0,1,2635.0,1,4149.0,1,4614.0,1,4690.0,1,0.0,1,0.0,2639.5479,2756.9932,-534.0
811,2013-10-17,3051.0,517.0,1.0,0.0,0,1.0,4.0,-0.9646356,0.26358718,-0.8660254,0.5,4,0,0,1,2872.0,1,2838.0,1,0.0,1,3447.0,1,3521.0,1,4156.0,1,5116.0,1,5056.0,2732.5288,2782.5503,34.0
811,2013-10-18,3226.0,523.0,1.0,0.0,0,1.0,5.0,-0.9646356,0.26358718,-0.8660254,0.5,4,0,0,1,3051.0,1,2872.0,1,3372.0,1,3825.0,1,0.0,1,4052.0,1,4074.0,1,4245.0,2859.9172,2842.2058,179.0
811,2013-10-19,3010.0,514.0,1.0,0.0,0,0.0,6.0,-0.9646356,0.26358718,-0.8660254,0.5,4,0,0,1,3226.0,1,3051.0,1,2838.0,1,3580.0,1,4748.0,1,0.0,1,3999.0,1,4199.0,3006.3503,2927.4934,175.0
811,2013-10-20,0.0,0.0,0.0,0.0,0,0.0,7.0,-0.9646356,0.26358718,-0.8660254,0.5,4,0,0,1,3010.0,1,3226.0,1,2872.0,1,2635.0,1,4149.0,1,4614.0,1,4261.0,1,4435.0,3007.8103,2945.8281,-216.0
811,2013-10-21,5214.0,744.0,1.0,1.0,0,0.0,1.0,-0.9266896,0.37582758,-0.8660254,0.5,4,0,0,1,0.0,1,3010.0,1,3051.0,1,0.0,1,3447.0,1,3521.0,1,3919.0,1,5284.0,1804.6862,2291.1997,-3010.0
811,2013-10-22,4077.0,667.0,1.0,1.0,0,0.0,2.0,-0.9266896,0.37582758,-0.8660254,0.5,4,0,0,1,5214.0,1,0.0,1,3226.0,1,3372.0,1,3825.0,1,0.0,1,3594.0,1,4350.0,3168.4116,2940.711,5214.0
811,2013-10-23,3317.0,584.0,1.0,1.0,0,0.0,3.0,-0.9266896,0.37582758,-0.8660254,0.5,4,0,0,1,4077.0,1,5214.0,1,3010.0,1,2838.0,1,3580.0,1,4748.0,1,0.0,1,0.0,3531.847,3193.2195,-1137.0
811,2013-10-24,3473.0,607.0,1.0,1.0,0,0.0,4.0,-0.9266896,0.37582758,-0.8660254,0.5,4,0,0,1,3317.0,1,4077.0,1,0.0,1,2872.0,1,2635.0,1,4149.0,1,4690.0,1,4071.0,3445.9082,3220.7263,-760.0
811,2013-10-25,3924.0,603.0,1.0,1.0,0,0.0,5.0,-0.9266896,0.37582758,-0.8660254,0.5,4,0,0,1,3473.0,1,3317.0,1,5214.0,1,3051.0,1,0.0,1,3447.0,1,4156.0,1,4051.0,3456.7449,3276.787,156.0
811,2013-10-26,2947.0,545.0,1.0,0.0,0,0.0,6.0,-0.9266896,0.37582758,-0.8660254,0.5,4,0,0,1,3924.0,1,3473.0,1,4077.0,1,3226.0,1,3372.0,1,3825.0,1,4052.0,1,3613.0,3643.647,3420.6123,451.0
811,2013-10-27,0.0,0.0,0.0,0.0,0,0.0,7.0,-0.9266896,0.37582758,-0.8660254,0.5,4,0,0,1,2947.0,1,3924.0,1,3317.0,1,3010.0,1,2838.0,1,3580.0,1,0.0,1,3672.0,3364.9883,3315.365,-977.0
811,2013-10-28,3477.0,582.0,1.0,0.0,0,0.0,1.0,-0.8757349,0.4827922,-0.8660254,0.5,4,0,0,1,0.0,1,2947.0,1,3473.0,1,0.0,1,2872.0,1,2635.0,1,4614.0,1,3396.0,2018.9929,2578.6172,-2947.0
811,2013-10-29,3043.0,550.0,1.0,0.0,0,0.0,2.0,-0.8757349,0.4827922,-0.8660254,0.5,4,0,0,1,3477.0,1,0.0,1,3924.0,1,5214.0,1,3051.0,1,0.0,1,3521.0,1,3542.0,2602.1958,2778.2578,3477.0
811,2013-10-30,3560.0,646.0,1.0,0.0,0,0.0,3.0,-0.8757349,0.4827922,-0.8660254,0.5,4,0,0,1,3043.0,1,3477.0,1,2947.0,1,4077.0,1,3226.0,1,3372.0,1,0.0,1,0.0,2778.5173,2837.0894,-434.0
811,2013-10-31,4030.0,690.0,1.0,0.0,0,0.0,4.0,-0.8757349,0.4827922,-0.8660254,0.5,4,0,1,1,3560.0,1,3043.0,1,0.0,1,3317.0,1,3010.0,1,2838.0,1,4748.0,1,5281.0,3091.1104,2997.7363,517.0
811,2013-11-01,3453.0,582.0,1.0,0.0,0,0.0,5.0,-0.8757349,0.4827922,-0.5,0.8660254,4,1,0,1,4030.0,1,3560.0,1,3477.0,1,3473.0,1,0.0,1,2872.0,1,4149.0,1,4484.0,3466.6663,3227.1282,470.0
811,2013-11-02,3533.0,582.0,1.0,0.0,0,0.0,6.0,-0.8757349,0.4827922,-0.5,0.8660254,4,0,0,1,3453.0,1,4030.0,1,3043.0,1,3924.0,1,5214.0,1,3051.0,1,3447.0,1,4341.0,3461.1997,3277.322,-577.0
811,2013-11-03,0.0,0.0,0.0,0.0,0,0.0,7.0,-0.8757349,0.4827922,-0.5,0.8660254,4,0,0,1,3533.0,1,3453.0,1,3560.0,1,2947.0,1,4077.0,1,3226.0,1,3825.0,1,4105.0,3489.92,3334.1392,80.0
811,2013-11-04,4282.0,630.0,1.0,1.0,0,0.0,1.0,-0.8124869,0.5829795,-0.5,0.8660254,4,0,0,1,0.0,1,3533.0,1,4030.0,1,0.0,1,3317.0,1,3010.0,1,3580.0,1,4400.0,2093.952,2593.2195,-3533.0
811,2013-11-05,4920.0,743.0,1.0,1.0,0,0.0,2.0,-0.8124869,0.5829795,-0.5,0.8660254,4,0,0,1,4282.0,1,0.0,1,3453.0,1,3477.0,1,3473.0,1,0.0,1,2635.0,1,3550.0,2969.1711,2968.504,4282.0
811,2013-11-06,3998.0,615.0,1.0,1.0,0,0.0,3.0,-0.8124869,0.5829795,-0.5,0.8660254,4,0,0,1,4920.0,1,4282.0,1,3533.0,1,3043.0,1,3924.0,1,5214.0,1,0.0,1,0.0,3749.5027,3402.1697,638.0
811,2013-11-07,4091.0,638.0,1.0,1.0,0,0.0,4.0,-0.8124869,0.5829795,-0.5,0.8660254,4,0,0,1,3998.0,1,4920.0,1,0.0,1,3560.0,1,2947.0,1,4077.0,1,3372.0,1,3893.0,3848.9016,3534.5764,-922.0
811,2013-11-08,4547.0,698.0,1.0,1.0,0,0.0,5.0,-0.8124869,0.5829795,-0.5,0.8660254,4,0,0,1,4091.0,1,3998.0,1,4282.0,1,4030.0,1,0.0,1,3317.0,1,2838.0,1,3555.0,3945.741,3658.226,93.0
811,2013-11-09,3101.0,544.0,1.0,0.0,0,0.0,6.0,-0.8124869,0.5829795,-0.5,0.8660254,4,0,0,1,4547.0,1,4091.0,1,4920.0,1,3453.0,1,3477.0,1,3473.0,1,2872.0,1,3219.0,4186.2446,3855.7314,456.0
811,2013-11-10,0.0,0.0,0.0,0.0,0,0.0,7.0,-0.8124869,0.5829795,-0.5,0.8660254,4,0,0,1,3101.0,1,4547.0,1,3998.0,1,3533.0,1,3043.0,1,3924.0,1,3051.0,1,3452.0,3752.1467,3688.0134,-1446.0
811,2013-11-11,3764.0,635.0,1.0,0.0,0,0.0,1.0,-0.73783326,0.674983,-0.5,0.8660254,4,0,0,1,0.0,1,3101.0,1,4091.0,1,0.0,1,3560.0,1,2947.0,1,3226.0,1,3256.0,2251.288,2868.4548,-3101.0
811,2013-11-12,3314.0,567.0,1.0,0.0,0,0.0,2.0,-0.73783326,0.674983,-0.5,0.8660254,4,0,0,1,3764.0,1,0.0,1,4547.0,1,4282.0,1,4030.0,1,0.0,1,3010.0,1,3510.0,2856.3728,3067.4648,3764.0
811,2013-11-13,3185.0,572.0,1.0,0.0,0,0.0,3.0,-0.73783326,0.674983,-0.5,0.8660254,4,0,0,1,3314.0,1,3764.0,1,3101.0,1,4920.0,1,3453.0,1,3477.0,1,0.0,1,0.0,3039.4236,3122.2505,-450.0
811,2013-11-14,3310.0,586.0,1.0,0.0,0,0.0,4.0,-0.73783326,0.674983,-0.5,0.8660254,4,0,0,1,3185.0,1,3314.0,1,0.0,1,3998.0,1,3533.0,1,3043.0,1,5214.0,1,5116.0,3097.6543,3136.1948,-129.0
811,2013-11-15,3305.0,568.0,1.0,0.0,0,0.0,5.0,-0.73783326,0.674983,-0.5,0.8660254,4,0,0,1,3310.0,1,3185.0,1,3764.0,1,4091.0,1,0.0,1,3560.0,1,4077.0,1,4074.0,3182.5925,3174.818,125.0
811,2013-11-16,3369.0,592.0,1.0,0.0,0,0.0,6.0,-0.73783326,0.674983,-0.5,0.8660254,4,0,0,1,3305.0,1,3310.0,1,3314.0,1,4547.0,1,4282.0,1,4030.0,1,3317.0,1,3999.0,3231.5554,3203.7476,-5.0
811,2013-11-17,0.0,0.0,0.0,0.0,0,0.0,7.0,-0.73783326,0.674983,-0.5,0.8660254,4,0,0,1,3369.0,1,3305.0,1,3185.0,1,3101.0,1,4920.0,1,3453.0,1,3473.0,1,4261.0,3286.5332,3240.4702,64.0
811,2013-11-18,5009.0,726.0,1.0,1.0,0,0.0,1.0,-0.65282214,0.75751126,-0.5,0.8660254,4,0,0,1,0.0,1,3369.0,1,3310.0,1,0.0,1,3998.0,1,3533.0,1,3924.0,1,3919.0,1971.92,2520.3657,-3369.0
811,2013-11-19,4100.0,664.0,1.0,1.0,0,0.0,2.0,-0.65282214,0.75751126,-0.5,0.8660254,4,0,0,1,5009.0,1,0.0,1,3305.0,1,3764.0,1,4091.0,1,0.0,1,2947.0,1,3594.0,3186.752,3073.3955,5009.0
811,2013-11-20,4405.0,644.0,1.0,1.0,0,0.0,3.0,-0.65282214,0.75751126,-0.5,0.8660254,4,0,0,1,4100.0,1,5009.0,1,3369.0,1,3314.0,1,4547.0,1,4282.0,1,0.0,1,0.0,3552.0513,3301.5298,-909.0
811,2013-11-21,3842.0,645.0,1.0,1.0,0,0.0,4.0,-0.65282214,0.75751126,-0.5,0.8660254,4,0,0,1,4405.0,1,4100.0,1,0.0,1,3185.0,1,3101.0,1,4920.0,1,3477.0,1,4690.0,3893.2307,3546.7454,305.0
811,2013-11-22,4100.0,651.0,1.0,1.0,0,0.0,5.0,-0.65282214,0.75751126,-0.5,0.8660254,4,0,0,1,3842.0,1,4405.0,1,5009.0,1,3310.0,1,0.0,1,3998.0,1,3043.0,1,4156.0,3872.7385,3612.3577,-563.0
811,2013-11-23,3392.0,624.0,1.0,0.0,0,0.0,6.0,-0.65282214,0.75751126,-0.5,0.8660254,4,0,0,1,4100.0,1,3842.0,1,4100.0,1,3305.0,1,3764.0,1,4091.0,1,3560.0,1,4052.0,3963.643,3720.7227,258.0
811,2013-11-24,0.0,0.0,0.0,0.0,0,0.0,7.0,-0.65282214,0.75751126,-0.5,0.8660254,4,0,0,1,3392.0,1,4100.0,1,4405.0,1,3369.0,1,3314.0,1,4547.0,1,4030.0,1,0.0,3734.9858,3647.673,-708.0
811,2013-11-25,3796.0,693.0,1.0,0.0,0,0.0,1.0,-0.55864674,0.82940567,-0.5,0.8660254,4,0,0,1,0.0,1,3392.0,1,3842.0,1,0.0,1,3185.0,1,3101.0,1,3453.0,1,4614.0,2240.9915,2837.079,-3392.0
811,2013-11-26,3875.0,684.0,1.0,0.0,0,0.0,2.0,-0.55864674,0.82940567,-0.5,0.8660254,4,0,0,1,3796.0,1,0.0,1,4100.0,1,5009.0,1,3310.0,1,0.0,1,3533.0,1,3521.0,2862.9949,3050.1726,3796.0
811,2013-11-27,3596.0,611.0,1.0,0.0,0,0.0,3.0,-0.55864674,0.82940567,-0.5,0.8660254,4,0,0,1,3875.0,1,3796.0,1,3392.0,1,4100.0,1,3305.0,1,3764.0,1,0.0,1,0.0,3267.7969,3233.4675,79.0
811,2013-11-28,4443.0,765.0,1.0,0.0,0,0.0,4.0,-0.55864674,0.82940567,-0.5,0.8660254,4,0,0,1,3596.0,1,3875.0,1,0.0,1,4405.0,1,3369.0,1,3314.0,1,4282.0,1,4748.0,3399.0781,3314.0303,-279.0
811,2013-11-29,6071.0,975.0,1.0,0.0,0,0.0,5.0,-0.55864674,0.82940567,-0.5,0.8660254,4,0,0,1,4443.0,1,3596.0,1,3796.0,1,3842.0,1,0.0,1,3185.0,1,4920.0,1,4149.0,3816.647,3564.9126,847.0
811,2013-11-30,6853.0,1125.0,1.0,0.0,0,0.0,6.0,-0.55864674,0.82940567,-0.5,0.8660254,4,0,1,1,6071.0,1,4443.0,1,3875.0,1,4100.0,1,5009.0,1,3310.0,1,3998.0,1,3447.0,4718.388,4121.821,1628.0
811,2013-12-01,0.0,0.0,0.0,0.0,0,0.0,7.0,-0.55864674,0.82940567,-2.4492937e-16,1.0,4,1,0,1,6853.0,1,6071.0,1,3596.0,1,3392.0,1,4100.0,1,3305.0,1,4091.0,1,3825.0,5572.233,4728.7495,782.0
811,2013-12-02,7462.0,1014.0,1.0,1.0,0,0.0,1.0,-0.45662925,0.8896571,-2.4492937e-16,1.0,4,0,0,1,0.0,1,6853.0,1,4443.0,1,0.0,1,4405.0,1,3369.0,1,4547.0,1,3580.0,3343.3398,3677.9163,-6853.0
811,2013-12-03,6181.0,877.0,1.0,1.0,0,0.0,2.0,-0.45662925,0.8896571,-2.4492937e-16,1.0,4,0,0,1,7462.0,1,0.0,1,6071.0,1,3796.0,1,3842.0,1,0.0,1,3101.0,1,2635.0,4990.8037,4518.8237,7462.0
811,2013-12-04,5534.0,828.0,1.0,1.0,0,0.0,3.0,-0.45662925,0.8896571,-2.4492937e-16,1.0,4,0,0,1,6181.0,1,7462.0,1,6853.0,1,3875.0,1,4100.0,1,5009.0,1,0.0,1,0.0,5466.8823,4888.1963,-1281.0
811,2013-12-05,4986.0,723.0,1.0,1.0,0,0.0,4.0,-0.45662925,0.8896571,-2.4492937e-16,1.0,4,0,0,1,5534.0,1,6181.0,1,0.0,1,3596.0,1,3392.0,1,4100.0,1,3764.0,1,3372.0,5493.7295,5031.708,-647.0
811,2013-12-06,4080.0,641.0,1.0,1.0,0,0.0,5.0,-0.45662925,0.8896571,-2.4492937e-16,1.0,4,0,0,1,4986.0,1,5534.0,1,7462.0,1,4443.0,1,0.0,1,4405.0,1,3314.0,1,2838.0,5290.6377,5021.551,-548.0
811,2013-12-07,4630.0,889.0,1.0,0.0,0,0.0,6.0,-0.45662925,0.8896571,-2.4492937e-16,1.0,4,0,0,1,4080.0,1,4986.0,1,6181.0,1,6071.0,1,3796.0,1,3842.0,1,3185.0,1,2872.0,4806.383,4812.3174,-906.0
811,2013-12-08,0.0,0.0,0.0,0.0,0,0.0,7.0,-0.45662925,0.8896571,-2.4492937e-16,1.0,4,0,0,1,4630.0,1,4080.0,1,5534.0,1,6853.0,1,3875.0,1,4100.0,1,3310.0,1,3051.0,4735.8296,4771.8022,550.0
811,2013-12-09,5047.0,838.0,1.0,0.0,0,0.0,1.0,-0.34820163,0.93741965,-2.4492937e-16,1.0,4,0,0,1,0.0,1,4630.0,1,4986.0,1,0.0,1,3596.0,1,3392.0,1,3305.0,1,3226.0,2841.4978,3711.4019,-4630.0
811,2013-12-10,4500.0,771.0,1.0,0.0,0,0.0,2.0,-0.34820163,0.93741965,-2.4492937e-16,1.0,4,0,0,1,5047.0,1,0.0,1,4080.0,1,7462.0,1,4443.0,1,0.0,1,3369.0,1,3010.0,3723.6987,4008.2014,5047.0
811,2013-12-11,4395.0,758.0,1.0,0.0,0,0.0,3.0,-0.34820163,0.93741965,-2.4492937e-16,1.0,4,0,0,1,4500.0,1,5047.0,1,4630.0,1,6181.0,1,6071.0,1,3796.0,1,0.0,1,0.0,4034.2192,4117.49,-547.0
811,2013-12-12,4316.0,743.0,1.0,0.0,0,0.0,4.0,-0.34820163,0.93741965,-2.4492937e-16,1.0,4,0,0,1,4395.0,1,4500.0,1,0.0,1,5534.0,1,6853.0,1,3875.0,1,5009.0,1,5214.0,4178.5317,4179.1587,-105.0
811,2013-12-13,4841.0,782.0,1.0,0.0,0,0.0,5.0,-0.34820163,0.93741965,-2.4492937e-16,1.0,4,0,0,1,4316.0,1,4395.0,1,5047.0,1,4986.0,1,0.0,1,3596.0,1,4100.0,1,4077.0,4233.519,4209.568,-79.0
811,2013-12-14,5228.0,904.0,1.0,0.0,0,0.0,6.0,-0.34820163,0.93741965,-2.4492937e-16,1.0,4,0,0,1,4841.0,1,4316.0,1,4500.0,1,4080.0,1,7462.0,1,4443.0,1,4405.0,1,3317.0,4476.511,4349.886,525.0
811,2013-12-15,0.0,0.0,0.0,0.0,0,0.0,7.0,-0.34820163,0.93741965,-2.4492937e-16,1.0,4,0,0,1,5228.0,1,4841.0,1,4395.0,1,4630.0,1,6181.0,1,6071.0,1,3842.0,1,3473.0,4777.107,4545.0225,387.0
811,2013-12-16,7489.0,1051.0,1.0,1.0,0,0.0,1.0,-0.23488605,0.9720229,-2.4492937e-16,1.0,4,0,0,1,0.0,1,5228.0,1,4316.0,1,0.0,1,5534.0,1,6853.0,1,4100.0,1,3924.0,2866.2642,3535.0176,-5228.0
811,2013-12-17,6380.0,898.0,1.0,1.0,0,0.0,2.0,-0.23488605,0.9720229,-2.4492937e-16,1.0,4,0,0,1,7489.0,1,0.0,1,4841.0,1,5047.0,1,4986.0,1,0.0,1,3392.0,1,2947.0,4715.3584,4413.68,7489.0
811,2013-12-18,6511.0,959.0,1.0,1.0,0,0.0,3.0,-0.23488605,0.9720229,-2.4492937e-16,1.0,4,0,0,1,6380.0,1,7489.0,1,5228.0,1,4500.0,1,4080.0,1,7462.0,1,0.0,1,0.0,5381.215,4850.64,-1109.0
811,2013-12-19,6101.0,930.0,1.0,1.0,0,0.0,4.0,-0.23488605,0.9720229,-2.4492937e-16,1.0,4,0,0,1,6511.0,1,6380.0,1,0.0,1,4395.0,1,4630.0,1,6181.0,1,3796.0,1,3477.0,5833.129,5219.609,131.0
811,2013-12-20,7117.0,1056.0,1.0,1.0,0,0.0,5.0,-0.23488605,0.9720229,-2.4492937e-16,1.0,4,0,0,1,6101.0,1,6511.0,1,7489.0,1,4316.0,1,0.0,1,5534.0,1,3875.0,1,3043.0,5940.2773,5415.4736,-410.0
811,2013-12-21,6994.0,1120.0,1.0,0.0,0,0.0,6.0,-0.23488605,0.9720229,-2.4492937e-16,1.0,4,0,0,1,7117.0,1,6101.0,1,6380.0,1,4841.0,1,5047.0,1,4986.0,1,3596.0,1,3560.0,6410.9663,5793.591,1016.0
811,2013-12-22,0.0,0.0,0.0,0.0,0,0.0,7.0,-0.23488605,0.9720229,-2.4492937e-16,1.0,4,0,0,1,6994.0,1,7117.0,1,6511.0,1,5228.0,1,4500.0,1,4080.0,1,4443.0,1,4030.0,6644.1797,6060.348,-123.0
811,2013-12-23,8265.0,1346.0,1.0,0.0,0,1.0,1.0,-0.11827317,0.9929811,-2.4492937e-16,1.0,4,0,0,1,0.0,1,6994.0,1,6101.0,1,0.0,1,4395.0,1,4630.0,1,6071.0,1,3453.0,3986.5078,4713.604,-6994.0
811,2013-12-24,2507.0,392.0,1.0,0.0,0,1.0,2.0,-0.11827317,0.9929811,-2.4492937e-16,1.0,4,0,0,1,8265.0,1,0.0,1,7117.0,1,7489.0,1,4316.0,1,0.0,1,6853.0,1,3533.0,5697.905,5502.803,8265.0
811,2013-12-25,0.0,0.0,0.0,0.0,3,1.0,3.0,-0.11827317,0.9929811,-2.4492937e-16,1.0,4,0,0,1,2507.0,1,8265.0,1,6994.0,1,6380.0,1,4841.0,1,5047.0,1,0.0,1,0.0,4421.543,4837.0693,-5758.0
811,2013-12-26,0.0,0.0,0.0,0.0,3,1.0,4.0,-0.11827317,0.9929811,-2.4492937e-16,1.0,4,0,0,1,0.0,1,2507.0,1,0.0,1,6511.0,1,5228.0,1,4500.0,1,7462.0,1,4282.0,2652.9258,3762.165,-2507.0
811,2013-12-27,5042.0,876.0,1.0,0.0,0,1.0,5.0,-0.11827317,0.9929811,-2.4492937e-16,1.0,4,0,0,1,0.0,1,0.0,1,8265.0,1,6101.0,1,0.0,1,4395.0,1,6181.0,1,4920.0,1591.7554,2926.1284,0.0
811,2013-12-28,4499.0,759.0,1.0,0.0,0,0.0,6.0,-0.11827317,0.9929811,-2.4492937e-16,1.0,4,0,0,1,5042.0,1,0.0,1,2507.0,1,7117.0,1,7489.0,1,4316.0,1,5534.0,1,3998.0,2971.8533,3396.322,5042.0
811,2013-12-29,0.0,0.0,0.0,0.0,0,0.0,7.0,-0.11827317,0.9929811,-2.4492937e-16,1.0,4,0,0,1,4499.0,1,5042.0,1,0.0,1,6994.0,1,6380.0,1,4841.0,1,4986.0,1,4091.0,3582.712,3641.3616,-543.0
811,2013-12-30,6749.0,1068.0,1.0,0.0,0,1.0,1.0,0.11827317,0.9929811,-2.4492937e-16,1.0,4,0,0,1,0.0,1,4499.0,1,0.0,1,0.0,1,6511.0,1,5228.0,1,4080.0,1,4547.0,2149.6272,2832.1702,-4499.0
811,2013-12-31,2811.0,431.0,1.0,0.0,0,1.0,2.0,0.11827317,0.9929811,-2.4492937e-16,1.0,4,0,1,1,6749.0,1,0.0,1,5042.0,1,8265.0,1,6101.0,1,0.0,1,4630.0,1,3101.0,3989.3762,3702.5767,6749.0
811,2014-01-01,0.0,0.0,0.0,0.0,1,1.0,3.0,0.11827317,0.9929811,0.5,0.8660254,1,1,0,1,2811.0,1,6749.0,1,4499.0,1,2507.0,1,7117.0,1,7489.0,1,0.0,1,0.0,3518.026,3504.4485,-3938.0
811,2014-01-02,4146.0,708.0,1.0,0.0,0,1.0,4.0,0.11827317,0.9929811,0.5,0.8660254,1,0,0,1,0.0,1,2811.0,1,0.0,1,0.0,1,6994.0,1,6380.0,1,5047.0,1,3764.0,2110.8154,2725.6821,-2811.0
811,2014-01-03,3534.0,631.0,1.0,0.0,0,1.0,5.0,0.11827317,0.9929811,0.5,0.8660254,1,0,0,1,4146.0,1,0.0,1,6749.0,1,0.0,1,0.0,1,6511.0,1,4500.0,1,3314.0,2924.8892,3041.3083,4146.0
811,2014-01-04,4087.0,670.0,1.0,0.0,0,0.0,6.0,0.11827317,0.9929811,0.5,0.8660254,1,0,0,1,3534.0,1,4146.0,1,2811.0,1,5042.0,1,8265.0,1,6101.0,1,4395.0,1,3185.0,3168.5334,3150.7954,-612.0
811,2014-01-05,0.0,0.0,0.0,0.0,0,0.0,7.0,0.11827317,0.9929811,0.5,0.8660254,1,0,0,1,4087.0,1,3534.0,1,0.0,1,4499.0,1,2507.0,1,7117.0,1,4316.0,1,3310.0,3535.9202,3358.8408,553.0
811,2014-01-06,5806.0,791.0,1.0,1.0,0,1.0,1.0,0.23488605,0.9720229,0.5,0.8660254,1,0,0,1,0.0,1,4087.0,1,4146.0,1,0.0,1,0.0,1,6994.0,1,4841.0,1,3305.0,2121.552,2612.432,-4087.0
811,2014-01-07,4930.0,769.0,1.0,1.0,0,0.0,2.0,0.23488605,0.9720229,0.5,0.8660254,1,0,0,1,5806.0,1,0.0,1,3534.0,1,6749.0,1,0.0,1,0.0,1,5228.0,1,3369.0,3595.3313,3322.1135,5806.0
811,2014-01-08,4209.0,662.0,1.0,1.0,0,0.0,3.0,0.23488605,0.9720229,0.5,0.8660254,1,0,0,1,4930.0,1,5806.0,1,4087.0,1,2811.0,1,5042.0,1,8265.0,1,0.0,1,0.0,4129.1987,3679.4216,-876.0
811,2014-01-09,3971.0,637.0,1.0,1.0,0,0.0,4.0,0.23488605,0.9720229,0.5,0.8660254,1,0,0,1,4209.0,1,4930.0,1,0.0,1,0.0,1,4499.0,1,2507.0,1,7489.0,1,5009.0,4161.119,3797.1057,-721.0
811,2014-01-10,3956.0,646.0,1.0,1.0,0,0.0,5.0,0.23488605,0.9720229,0.5,0.8660254,1,0,0,1,3971.0,1,4209.0,1,5806.0,1,4146.0,1,0.0,1,0.0,1,6380.0,1,4100.0,4085.0715,3835.749,-238.0
811,2014-01-11,3150.0,536.0,1.0,0.0,0,0.0,6.0,0.23488605,0.9720229,0.5,0.8660254,1,0,0,1,3956.0,1,3971.0,1,4930.0,1,3534.0,1,6749.0,1,0.0,1,6511.0,1,4405.0,4033.4429,3862.4714,-15.0
811,2014-01-12,0.0,0.0,0.0,0.0,0,0.0,7.0,0.23488605,0.9720229,0.5,0.8660254,1,0,0,1,3150.0,1,3956.0,1,4209.0,1,4087.0,1,2811.0,1,5042.0,1,6101.0,1,3842.0,3680.0657,3704.1445,-806.0
811,2014-01-13,3633.0,628.0,1.0,0.0,0,0.0,1.0,0.34820163,0.93741965,0.5,0.8660254,1,0,0,1,0.0,1,3150.0,1,3971.0,1,0.0,1,0.0,1,4499.0,1,7117.0,1,4100.0,2208.0396,2881.0012,-3150.0
811,2014-01-14,3336.0,606.0,1.0,0.0,0,0.0,2.0,0.34820163,0.93741965,0.5,0.8660254,1,0,0,1,3633.0,1,0.0,1,3956.0,1,5806.0,1,4146.0,1,0.0,1,6994.0,1,3392.0,2778.0237,3048.112,3633.0
811,2014-01-15,3235.0,575.0,1.0,0.0,0,0.0,3.0,0.34820163,0.93741965,0.5,0.8660254,1,0,0,1,3336.0,1,3633.0,1,3150.0,1,4930.0,1,3534.0,1,6749.0,1,0.0,1,0.0,3001.214,3112.0872,-297.0
811,2014-01-16,2522.0,537.0,1.0,0.0,0,0.0,4.0,0.34820163,0.93741965,0.5,0.8660254,1,0,0,1,3235.0,1,3336.0,1,0.0,1,4209.0,1,4087.0,1,2811.0,1,8265.0,1,3796.0,3094.7285,3139.4011,-101.0
811,2014-01-17,3137.0,593.0,1.0,0.0,0,0.0,5.0,0.34820163,0.93741965,0.5,0.8660254,1,0,0,1,2522.0,1,3235.0,1,3633.0,1,3971.0,1,0.0,1,0.0,1,2507.0,1,3875.0,2865.6372,3002.201,-713.0
811,2014-01-18,3482.0,594.0,1.0,0.0,0,0.0,6.0,0.34820163,0.93741965,0.5,0.8660254,1,0,0,1,3137.0,1,2522.0,1,3336.0,1,3956.0,1,5806.0,1,4146.0,1,0.0,1,3596.0,2974.1824,3032.1562,615.0
811,2014-01-19,0.0,0.0,0.0,0.0,0,0.0,7.0,0.34820163,0.93741965,0.5,0.8660254,1,0,0,1,3482.0,1,3137.0,1,3235.0,1,3150.0,1,4930.0,1,3534.0,1,0.0,1,4443.0,3177.3093,3132.1216,345.0
811,2014-01-20,4963.0,716.0,1.0,1.0,0,0.0,1.0,0.45662925,0.8896571,0.5,0.8660254,1,0,0,1,0.0,1,3482.0,1,2522.0,1,0.0,1,4209.0,1,4087.0,1,5042.0,1,6071.0,1906.3856,2436.0945,-3482.0
811,2014-01-21,3758.0,592.0,1.0,1.0,0,0.0,2.0,0.45662925,0.8896571,0.5,0.8660254,1,0,0,1,4963.0,1,0.0,1,3137.0,1,3633.0,1,3971.0,1,0.0,1,4499.0,1,6853.0,3129.0312,2997.6292,4963.0
811,2014-01-22,3765.0,602.0,1.0,1.0,0,0.0,3.0,0.45662925,0.8896571,0.5,0.8660254,1,0,0,1,3758.0,1,4963.0,1,3482.0,1,3336.0,1,3956.0,1,5806.0,1,0.0,1,0.0,3380.619,3166.6003,-1205.0
811,2014-01-23,3912.0,621.0,1.0,1.0,0,0.0,4.0,0.45662925,0.8896571,0.5,0.8660254,1,0,0,1,3765.0,1,3758.0,1,0.0,1,3235.0,1,3150.0,1,4930.0,1,6749.0,1,7462.0,3534.3713,3299.5781,7.0
811,2014-01-24,3873.0,597.0,1.0,1.0,0,0.0,5.0,0.45662925,0.8896571,0.5,0.8660254,1,0,0,1,3912.0,1,3765.0,1,4963.0,1,2522.0,1,0.0,1,4209.0,1,2811.0,1,6181.0,3685.4229,3435.6719,147.0
811,2014-01-25,3135.0,543.0,1.0,0.0,0,0.0,6.0,0.45662925,0.8896571,0.5,0.8660254,1,0,0,1,3873.0,1,3912.0,1,3758.0,1,3137.0,1,3633.0,1,3971.0,1,0.0,1,5534.0,3760.4536,3532.856,-39.0
811,2014-01-26,0.0,0.0,0.0,0.0,0,0.0,7.0,0.45662925,0.8896571,0.5,0.8660254,1,0,0,1,3135.0,1,3873.0,1,3765.0,1,3482.0,1,3336.0,1,3956.0,1,4146.0,1,4986.0,3510.2722,3444.4434,-738.0
811,2014-01-27,3493.0,643.0,1.0,0.0,0,0.0,1.0,0.55864674,0.82940567,0.5,0.8660254,1,0,0,1,0.0,1,3135.0,1,3912.0,1,0.0,1,3235.0,1,3150.0,1,3534.0,1,4080.0,2106.1633,2679.0115,-3135.0
811,2014-01-28,3272.0,609.0,1.0,0.0,0,0.0,2.0,0.55864674,0.82940567,0.5,0.8660254,1,0,0,1,3493.0,1,0.0,1,3873.0,1,4963.0,1,2522.0,1,0.0,1,4087.0,1,4630.0,2660.898,2859.898,3493.0
811,2014-01-29,3141.0,544.0,1.0,0.0,0,0.0,3.0,0.55864674,0.82940567,0.5,0.8660254,1,0,0,1,3272.0,1,3493.0,1,3135.0,1,3758.0,1,3137.0,1,3633.0,1,0.0,1,0.0,2905.3389,2951.476,-221.0
811,2014-01-30,3642.0,636.0,1.0,0.0,0,0.0,4.0,0.55864674,0.82940567,0.5,0.8660254,1,0,0,1,3141.0,1,3272.0,1,0.0,1,3765.0,1,3482.0,1,3336.0,1,5806.0,1,5047.0,2999.6033,2993.5925,-131.0
811,2014-01-31,4203.0,673.0,1.0,0.0,0,0.0,5.0,0.55864674,0.82940567,0.5,0.8660254,1,0,1,1,3642.0,1,3141.0,1,3493.0,1,3912.0,1,0.0,1,3235.0,1,4930.0,1,4500.0,3256.562,3137.683,501.0
811,2014-02-01,3716.0,587.0,1.0,0.0,0,0.0,6.0,0.55864674,0.82940567,0.8660254,0.5,1,1,0,1,4203.0,1,3642.0,1,3272.0,1,3873.0,1,4963.0,1,2522.0,1,4209.0,1,4395.0,3635.1372,3374.4202,561.0
811,2014-02-02,0.0,0.0,0.0,0.0,0,0.0,7.0,0.55864674,0.82940567,0.8660254,0.5,1,0,0,1,3716.0,1,4203.0,1,3141.0,1,3135.0,1,3758.0,1,3137.0,1,3971.0,1,4316.0,3667.4824,3450.327,-487.0
811,2014-02-03,6048.0,823.0,1.0,1.0,0,0.0,1.0,0.65282214,0.75751126,0.8660254,0.5,1,0,0,1,0.0,1,3716.0,1,3642.0,1,0.0,1,3765.0,1,3482.0,1,3956.0,1,4841.0,2200.4895,2683.5874,-3716.0
811,2014-02-04,4647.0,719.0,1.0,1.0,0,0.0,2.0,0.65282214,0.75751126,0.8660254,0.5,1,0,0,1,6048.0,1,0.0,1,4203.0,1,3493.0,1,3912.0,1,0.0,1,3150.0,1,5228.0,3739.4937,3431.2346,6048.0
811,2014-02-05,4125.0,687.0,1.0,1.0,0,0.0,3.0,0.65282214,0.75751126,0.8660254,0.5,1,0,0,1,4647.0,1,6048.0,1,3716.0,1,3272.0,1,3873.0,1,4963.0,1,0.0,1,0.0,4102.496,3701.4048,-1401.0
811,2014-02-06,4383.0,700.0,1.0,1.0,0,0.0,4.0,0.65282214,0.75751126,0.8660254,0.5,1,0,0,1,4125.0,1,4647.0,1,0.0,1,3141.0,1,3135.0,1,3758.0,1,3633.0,1,7489.0,4111.4976,3795.537,-522.0
811,2014-02-07,3814.0,664.0,1.0,1.0,0,0.0,5.0,0.65282214,0.75751126,0.8660254,0.5,1,0,0,1,4383.0,1,4125.0,1,6048.0,1,3642.0,1,0.0,1,3765.0,1,3336.0,1,6380.0,4220.0986,3926.0845,258.0
811,2014-02-08,3718.0,621.0,1.0,0.0,0,0.0,6.0,0.65282214,0.75751126,0.8660254,0.5,1,0,0,1,3814.0,1,4383.0,1,4647.0,1,4203.0,1,3493.0,1,3912.0,1,3235.0,1,6511.0,4057.6592,3901.1768,-569.0
811,2014-02-09,0.0,0.0,0.0,0.0,0,0.0,7.0,0.65282214,0.75751126,0.8660254,0.5,1,0,0,1,3718.0,1,3814.0,1,4125.0,1,3716.0,1,3272.0,1,3873.0,1,2522.0,1,6101.0,3921.7954,3860.4707,-96.0
811,2014-02-10,3692.0,677.0,1.0,0.0,0,0.0,1.0,0.73783326,0.674983,0.8660254,0.5,1,0,0,1,0.0,1,3718.0,1,4383.0,1,0.0,1,3141.0,1,3135.0,1,3137.0,1,7117.0,2353.0774,3002.5884,-3718.0
811,2014-02-11,3233.0,591.0,1.0,0.0,0,0.0,2.0,0.73783326,0.674983,0.8660254,0.5,1,0,0,1,3692.0,1,0.0,1,3814.0,1,6048.0,1,3642.0,1,0.0,1,3482.0,1,6994.0,2888.6465,3155.791,3692.0
811,2014-02-12,3800.0,680.0,1.0,0.0,0,0.0,3.0,0.73783326,0.674983,0.8660254,0.5,1,0,0,1,3233.0,1,3692.0,1,3718.0,1,4647.0,1,4203.0,1,3493.0,1,0.0,1,0.0,3026.388,3172.9485,-459.0
811,2014-02-13,3457.0,641.0,1.0,0.0,0,0.0,4.0,0.73783326,0.674983,0.8660254,0.5,1,0,0,1,3800.0,1,3233.0,1,0.0,1,4125.0,1,3716.0,1,3272.0,1,4963.0,1,8265.0,3335.8328,3312.2932,567.0
811,2014-02-14,3638.0,673.0,1.0,0.0,0,0.0,5.0,0.73783326,0.674983,0.8660254,0.5,1,0,0,1,3457.0,1,3800.0,1,3692.0,1,4383.0,1,0.0,1,3141.0,1,3758.0,1,2507.0,3384.2996,3344.4504,-343.0
811,2014-02-15,3480.0,612.0,1.0,0.0,0,0.0,6.0,0.73783326,0.674983,0.8660254,0.5,1,0,0,1,3638.0,1,3457.0,1,3233.0,1,3814.0,1,6048.0,1,3642.0,1,3765.0,1,0.0,3485.7798,3409.6836,181.0
811,2014-02-16,0.0,0.0,0.0,0.0,0,0.0,7.0,0.73783326,0.674983,0.8660254,0.5,1,0,0,1,3480.0,1,3638.0,1,3800.0,1,3718.0,1,4647.0,1,4203.0,1,3912.0,1,0.0,3483.4678,3425.3096,-158.0
811,2014-02-17,4852.0,773.0,1.0,1.0,0,0.0,1.0,0.8124869,0.5829795,0.8660254,0.5,1,0,0,1,0.0,1,3480.0,1,3457.0,1,0.0,1,4125.0,1,3716.0,1,3873.0,1,5042.0,2090.0808,2664.1296,-3480.0
811,2014-02-18,4331.0,667.0,1.0,1.0,0,0.0,2.0,0.8124869,0.5829795,0.8660254,0.5,1,0,0,1,4852.0,1,0.0,1,3638.0,1,3692.0,1,4383.0,1,0.0,1,3135.0,1,4499.0,3194.8484,3150.323,4852.0
811,2014-02-19,3711.0,630.0,1.0,1.0,0,0.0,3.0,0.8124869,0.5829795,0.8660254,0.5,1,0,0,1,4331.0,1,4852.0,1,3480.0,1,3233.0,1,3814.0,1,6048.0,1,0.0,1,0.0,3649.309,3412.6956,-521.0
811,2014-02-20,4089.0,654.0,1.0,1.0,0,0.0,4.0,0.8124869,0.5829795,0.8660254,0.5,1,0,0,1,3711.0,1,4331.0,1,0.0,1,3800.0,1,3718.0,1,4647.0,1,3493.0,1,6749.0,3673.9854,3478.9856,-620.0
811,2014-02-21,3509.0,600.0,1.0,1.0,0,0.0,5.0,0.8124869,0.5829795,0.8660254,0.5,1,0,0,1,4089.0,1,3711.0,1,4852.0,1,3457.0,1,0.0,1,4125.0,1,3272.0,1,2811.0,3839.9912,3614.5442,378.0
811,2014-02-22,3667.0,632.0,1.0,0.0,0,0.0,6.0,0.8124869,0.5829795,0.8660254,0.5,1,0,0,1,3509.0,1,4089.0,1,4331.0,1,3638.0,1,3692.0,1,4383.0,1,3141.0,1,0.0,3707.5947,3591.09,-580.0
811,2014-02-23,0.0,0.0,0.0,0.0,0,0.0,7.0,0.8124869,0.5829795,0.8660254,0.5,1,0,0,1,3667.0,1,3509.0,1,3711.0,1,3480.0,1,3233.0,1,3814.0,1,3642.0,1,4146.0,3691.357,3607.959,158.0
811,2014-02-24,4010.0,706.0,1.0,0.0,0,0.0,1.0,0.8757349,0.4827922,0.8660254,0.5,1,0,0,1,0.0,1,3667.0,1,4089.0,1,0.0,1,3800.0,1,3718.0,1,4203.0,1,3534.0,2214.8142,2806.1902,-3667.0
811,2014-02-25,3557.0,637.0,1.0,0.0,0,0.0,2.0,0.8757349,0.4827922,0.8660254,0.5,1,0,0,1,4010.0,1,0.0,1,3509.0,1,4852.0,1,3457.0,1,0.0,1,3716.0,1,4087.0,2932.8884,3073.7036,4010.0
811,2014-02-26,3151.0,600.0,1.0,0.0,0,0.0,3.0,0.8757349,0.4827922,0.8660254,0.5,1,0,0,1,3557.0,1,4010.0,1,3667.0,1,4331.0,1,3638.0,1,3692.0,1,0.0,1,0.0,3182.533,3181.1028,-453.0
811,2014-02-27,3929.0,674.0,1.0,0.0,0,0.0,4.0,0.8757349,0.4827922,0.8660254,0.5,1,0,0,1,3151.0,1,3557.0,1,0.0,1,3711.0,1,3480.0,1,3233.0,1,6048.0,1,5806.0,3169.92,3174.4133,-406.0
811,2014-02-28,4470.0,710.0,1.0,0.0,0,0.0,5.0,0.8757349,0.4827922,0.8660254,0.5,1,0,1,1,3929.0,1,3151.0,1,4010.0,1,4089.0,1,0.0,1,3800.0,1,4647.0,1,4930.0,3473.552,3342.099,778.0
811,2014-03-01,3975.0,672.0,1.0,0.0,0,0.0,6.0,0.8757349,0.4827922,1.0,6.123234e-17,1,1,0,1,4470.0,1,3929.0,1,3557.0,1,3509.0,1,4852.0,1,3457.0,1,4125.0,1,4209.0,3872.131,3592.744,541.0
811,2014-03-02,0.0,0.0,0.0,0.0,0,0.0,7.0,0.8757349,0.4827922,1.0,6.123234e-17,1,0,0,1,3975.0,1,4470.0,1,3151.0,1,3667.0,1,4331.0,1,3638.0,1,4383.0,1,3971.0,3913.2788,3677.6897,-495.0
811,2014-03-03,5377.0,834.0,1.0,1.0,0,0.0,1.0,0.9266896,0.37582758,1.0,6.123234e-17,1,0,0,1,0.0,1,3975.0,1,3929.0,1,0.0,1,3711.0,1,3480.0,1,3814.0,1,3956.0,2347.9673,2860.4253,-3975.0
811,2014-03-04,4622.0,695.0,1.0,1.0,0,0.0,2.0,0.9266896,0.37582758,1.0,6.123234e-17,1,0,0,1,5377.0,1,0.0,1,4470.0,1,4010.0,1,4089.0,1,0.0,1,3718.0,1,3150.0,3559.5803,3419.664,5377.0
811,2014-03-05,4082.0,667.0,1.0,1.0,0,0.0,3.0,0.9266896,0.37582758,1.0,6.123234e-17,1,0,0,1,4622.0,1,5377.0,1,3975.0,1,3557.0,1,3509.0,1,4852.0,1,0.0,1,0.0,3984.548,3686.8499,-755.0
811,2014-03-06,3951.0,688.0,1.0,1.0,0,0.0,4.0,0.9266896,0.37582758,1.0,6.123234e-17,1,0,0,1,4082.0,1,4622.0,1,0.0,1,3151.0,1,3667.0,1,4331.0,1,3692.0,1,3633.0,4023.5288,3774.661,-540.0
811,2014-03-07,4270.0,683.0,1.0,1.0,0,0.0,5.0,0.9266896,0.37582758,1.0,6.123234e-17,1,0,0,1,3951.0,1,4082.0,1,5377.0,1,3929.0,1,0.0,1,3711.0,1,3233.0,1,3336.0,3994.5173,3813.8474,-131.0
811,2014-03-08,3623.0,624.0,1.0,0.0,0,0.0,6.0,0.9266896,0.37582758,1.0,6.123234e-17,1,0,0,1,4270.0,1,3951.0,1,4622.0,1,4470.0,1,4010.0,1,4089.0,1,3800.0,1,3235.0,4104.7104,3915.2146,319.0
811,2014-03-09,0.0,0.0,0.0,0.0,0,0.0,7.0,0.9266896,0.37582758,1.0,6.123234e-17,1,0,0,1,3623.0,1,4270.0,1,4082.0,1,3975.0,1,3557.0,1,3509.0,1,3457.0,1,2522.0,3912.0264,3850.278,-647.0
811,2014-03-10,3446.0,638.0,1.0,0.0,0,0.0,1.0,0.9646356,0.26358718,1.0,6.123234e-17,1,0,0,1,0.0,1,3623.0,1,3951.0,1,0.0,1,3151.0,1,3667.0,1,3638.0,1,3137.0,2347.2158,2994.6606,-3623.0
811,2014-03-11,3519.0,619.0,1.0,0.0,0,0.0,2.0,0.9646356,0.26358718,1.0,6.123234e-17,1,0,0,1,3446.0,1,0.0,1,4270.0,1,5377.0,1,3929.0,1,0.0,1,3480.0,1,3482.0,2786.7295,3094.9583,3446.0
811,2014-03-12,3267.0,565.0,1.0,0.0,0,0.0,3.0,0.9646356,0.26358718,1.0,6.123234e-17,1,0,0,1,3519.0,1,3446.0,1,3623.0,1,4622.0,1,4470.0,1,4010.0,1,0.0,1,0.0,3079.6377,3189.19,73.0
811,2014-03-13,3530.0,604.0,1.0,0.0,0,0.0,4.0,0.9646356,0.26358718,1.0,6.123234e-17,1,0,0,1,3267.0,1,3519.0,1,0.0,1,4082.0,1,3975.0,1,3557.0,1,4852.0,1,4963.0,3154.5825,3206.481,-252.0
811,2014-03-14,3427.0,613.0,1.0,0.0,0,0.0,5.0,0.9646356,0.26358718,1.0,6.123234e-17,1,0,0,1,3530.0,1,3267.0,1,3446.0,1,3951.0,1,0.0,1,3151.0,1,4331.0,1,3758.0,3304.7495,3278.374,263.0
811,2014-03-15,3464.0,577.0,1.0,0.0,0,0.0,6.0,0.9646356,0.26358718,1.0,6.123234e-17,1,0,0,1,3427.0,1,3530.0,1,3519.0,1,4270.0,1,5377.0,1,3929.0,1,3711.0,1,3765.0,3353.6497,3311.402,-103.0
811,2014-03-16,0.0,0.0,0.0,0.0,0,0.0,7.0,0.9646356,0.26358718,1.0,6.123234e-17,1,0,0,1,3464.0,1,3427.0,1,3267.0,1,3623.0,1,4622.0,1,4470.0,1,4089.0,1,3912.0,3397.7898,3345.3127,37.0
811,2014-03-17,4928.0,705.0,1.0,1.0,0,0.0,1.0,0.9890402,0.14764656,1.0,6.123234e-17,1,0,0,1,0.0,1,3464.0,1,3530.0,1,0.0,1,4082.0,1,3975.0,1,3509.0,1,3873.0,2038.674,2601.91,-3464.0
811,2014-03-18,4288.0,682.0,1.0,1.0,0,0.0,2.0,0.9890402,0.14764656,1.0,6.123234e-17,1,0,0,1,4928.0,1,0.0,1,3427.0,1,3446.0,1,3951.0,1,0.0,1,3667.0,1,3135.0,3194.4043,3118.8188,4928.0
811,2014-03-19,3602.0,592.0,1.0,1.0,0,0.0,3.0,0.9890402,0.14764656,1.0,6.123234e-17,1,0,0,1,4288.0,1,4928.0,1,3464.0,1,3519.0,1,4270.0,1,5377.0,1,0.0,1,0.0,3631.8425,3378.637,-640.0
811,2014-03-20,3950.0,700.0,1.0,1.0,0,0.0,4.0,0.9890402,0.14764656,1.0,6.123234e-17,1,0,0,1,3602.0,1,4288.0,1,0.0,1,3267.0,1,3623.0,1,4622.0,1,4010.0,1,3493.0,3619.9055,3428.2732,-686.0
811,2014-03-21,3788.0,630.0,1.0,1.0,0,0.0,5.0,0.9890402,0.14764656,1.0,6.123234e-17,1,0,0,1,3950.0,1,3602.0,1,4928.0,1,3530.0,1,0.0,1,4082.0,1,3557.0,1,3272.0,3751.9434,3544.2124,348.0
811,2014-03-22,3671.0,637.0,1.0,0.0,0,0.0,6.0,0.9890402,0.14764656,1.0,6.123234e-17,1,0,0,1,3788.0,1,3950.0,1,4288.0,1,3427.0,1,3446.0,1,3951.0,1,3151.0,1,3141.0,3766.366,3598.3875,-162.0
811,2014-03-23,0.0,0.0,0.0,0.0,0,0.0,7.0,0.9890402,0.14764656,1.0,6.123234e-17,1,0,0,1,3671.0,1,3788.0,1,3602.0,1,3464.0,1,3519.0,1,4270.0,1,3929.0,1,3642.0,3728.2195,3614.5237,-117.0
811,2014-03-24,3641.0,639.0,1.0,0.0,0,0.0,1.0,0.99956083,0.029633328,1.0,6.123234e-17,1,0,0,1,0.0,1,3671.0,1,3950.0,1,0.0,1,3267.0,1,3623.0,1,4470.0,1,4203.0,2236.9316,2811.2961,-3671.0
811,2014-03-25,3117.0,565.0,1.0,0.0,0,0.0,2.0,0.99956083,0.029633328,1.0,6.123234e-17,1,0,0,1,3641.0,1,0.0,1,3788.0,1,4928.0,1,3530.0,1,0.0,1,3975.0,1,3716.0,2798.559,2995.6748,3641.0
811,2014-03-26,2959.0,532.0,1.0,0.0,0,0.0,3.0,0.99956083,0.029633328,1.0,6.123234e-17,1,0,0,1,3117.0,1,3641.0,1,3671.0,1,4288.0,1,3427.0,1,3446.0,1,0.0,1,0.0,2925.9355,3022.636,-524.0
811,2014-03-27,3497.0,614.0,1.0,0.0,0,0.0,4.0,0.99956083,0.029633328,1.0,6.123234e-17,1,0,0,1,2959.0,1,3117.0,1,0.0,1,3602.0,1,3464.0,1,3519.0,1,5377.0,1,6048.0,2939.1614,3008.4946,-158.0
811,2014-03-28,3618.0,630.0,1.0,0.0,0,0.0,5.0,0.99956083,0.029633328,1.0,6.123234e-17,1,0,0,1,3497.0,1,2959.0,1,3641.0,1,3950.0,1,0.0,1,3267.0,1,4622.0,1,4647.0,3162.2969,3117.0513,538.0
811,2014-03-29,3329.0,640.0,1.0,0.0,0,0.0,6.0,0.99956083,0.029633328,1.0,6.123234e-17,1,0,0,1,3618.0,1,3497.0,1,3117.0,1,3788.0,1,4928.0,1,3530.0,1,4082.0,1,4125.0,3344.5781,3228.3733,121.0
811,2014-03-30,0.0,0.0,0.0,0.0,0,0.0,7.0,0.99956083,0.029633328,1.0,6.123234e-17,1,0,0,1,3329.0,1,3618.0,1,2959.0,1,3671.0,1,4288.0,1,3427.0,1,3951.0,1,4383.0,3338.347,3250.7349,-289.0
811,2014-03-31,5358.0,824.0,1.0,1.0,0,0.0,1.0,0.9960498,-0.08879589,1.0,6.123234e-17,1,0,1,1,0.0,1,3329.0,1,3497.0,1,0.0,1,3602.0,1,3464.0,1,4270.0,1,3814.0,2003.008,2528.3494,-3329.0
811,2014-04-01,4822.0,743.0,1.0,1.0,0,0.0,2.0,0.9960498,-0.08879589,0.8660254,-0.5,2,1,0,1,5358.0,1,0.0,1,3618.0,1,3641.0,1,3950.0,1,0.0,1,3623.0,1,3718.0,3345.005,3157.1606,5358.0
811,2014-04-02,4504.0,710.0,1.0,1.0,0,0.0,3.0,0.9960498,-0.08879589,0.8660254,-0.5,2,0,0,1,4822.0,1,5358.0,1,3329.0,1,3117.0,1,3788.0,1,4928.0,1,0.0,1,0.0,3935.803,3527.1248,-536.0
811,2014-04-03,4296.0,715.0,1.0,1.0,0,0.0,4.0,0.9960498,-0.08879589,0.8660254,-0.5,2,0,0,1,4504.0,1,4822.0,1,0.0,1,2959.0,1,3671.0,1,4288.0,1,3446.0,1,3692.0,4163.0815,3744.2083,-318.0
811,2014-04-04,3880.0,646.0,1.0,1.0,0,0.0,5.0,0.9960498,-0.08879589,0.8660254,-0.5,2,0,0,1,4296.0,1,4504.0,1,5358.0,1,3497.0,1,0.0,1,3602.0,1,3519.0,1,3233.0,4216.249,3866.8286,-208.0
811,2014-04-05,3196.0,576.0,1.0,0.0,0,0.0,6.0,0.9960498,-0.08879589,0.8660254,-0.5,2,0,0,1,3880.0,1,4296.0,1,4822.0,1,3618.0,1,3641.0,1,3950.0,1,3267.0,1,3800.0,4081.7495,3869.7556,-416.0
811,2014-04-06,0.0,0.0,0.0,0.0,0,0.0,7.0,0.9960498,-0.08879589,0.8660254,-0.5,2,0,0,1,3196.0,1,3880.0,1,4504.0,1,3329.0,1,3117.0,1,3788.0,1,3530.0,1,3457.0,3727.4497,3720.0322,-684.0
811,2014-04-07,3834.0,699.0,1.0,0.0,0,0.0,1.0,0.9785565,-0.20597862,0.8660254,-0.5,2,0,0,1,0.0,1,3196.0,1,4296.0,1,0.0,1,2959.0,1,3671.0,1,3427.0,1,3638.0,2236.4697,2893.3584,-3196.0
811,2014-04-08,3513.0,641.0,1.0,0.0,0,0.0,2.0,0.9785565,-0.20597862,0.8660254,-0.5,2,0,0,1,3834.0,1,0.0,1,3880.0,1,5358.0,1,3497.0,1,0.0,1,3464.0,1,3480.0,2875.482,3102.39,3834.0
811,2014-04-09,3363.0,584.0,1.0,0.0,0,0.0,3.0,0.9785565,-0.20597862,0.8660254,-0.5,2,0,0,1,3513.0,1,3834.0,1,3196.0,1,4822.0,1,3618.0,1,3641.0,1,0.0,1,0.0,3130.489,3193.6365,-321.0
811,2014-04-10,3747.0,661.0,1.0,0.0,0,0.0,4.0,0.9785565,-0.20597862,0.8660254,-0.5,2,0,0,1,3363.0,1,3513.0,1,0.0,1,4504.0,1,3329.0,1,3117.0,1,4928.0,1,4852.0,3223.4934,3231.273,-150.0
811,2014-04-11,3212.0,589.0,1.0,0.0,0,0.0,5.0,0.9785565,-0.20597862,0.8660254,-0.5,2,0,0,1,3747.0,1,3363.0,1,3834.0,1,4296.0,1,0.0,1,2959.0,1,4288.0,1,4331.0,3432.896,3345.879,384.0
811,2014-04-12,3704.0,639.0,1.0,0.0,0,0.0,6.0,0.9785565,-0.20597862,0.8660254,-0.5,2,0,0,1,3212.0,1,3747.0,1,3513.0,1,3880.0,1,5358.0,1,3497.0,1,3602.0,1,3711.0,3344.5376,3316.128,-535.0
811,2014-04-13,0.0,0.0,0.0,0.0,0,0.0,7.0,0.9785565,-0.20597862,0.8660254,-0.5,2,0,0,1,3704.0,1,3212.0,1,3363.0,1,3196.0,1,4822.0,1,3618.0,1,3950.0,1,4089.0,3488.3225,3402.3218,492.0
811,2014-04-14,6203.0,846.0,1.0,1.0,0,0.0,1.0,0.94732636,-0.32026985,0.8660254,-0.5,2,0,0,1,0.0,1,3704.0,1,3747.0,1,0.0,1,4504.0,1,3329.0,1,3788.0,1,3509.0,2092.9937,2646.2502,-3704.0
811,2014-04-15,5905.0,846.0,1.0,1.0,0,0.0,2.0,0.94732636,-0.32026985,0.8660254,-0.5,2,0,0,1,6203.0,1,0.0,1,3212.0,1,3834.0,1,4296.0,1,0.0,1,3671.0,1,3667.0,3736.996,3436.6392,6203.0
811,2014-04-16,4510.0,728.0,1.0,1.0,0,1.0,3.0,0.94732636,-0.32026985,0.8660254,-0.5,2,0,0,1,5905.0,1,6203.0,1,3704.0,1,3513.0,1,3880.0,1,5358.0,1,0.0,1,0.0,4604.1978,3985.1638,-298.0
811,2014-04-17,5345.0,810.0,1.0,1.0,0,1.0,4.0,0.94732636,-0.32026985,0.8660254,-0.5,2,0,0,1,4510.0,1,5905.0,1,0.0,1,3363.0,1,3196.0,1,4822.0,1,3641.0,1,4010.0,4566.5186,4101.794,-1395.0
811,2014-04-18,0.0,0.0,0.0,1.0,2,1.0,5.0,0.94732636,-0.32026985,0.8660254,-0.5,2,0,0,1,5345.0,1,4510.0,1,6203.0,1,3747.0,1,0.0,1,4504.0,1,3117.0,1,3557.0,4877.911,4378.062,835.0
811,2014-04-19,5058.0,848.0,1.0,0.0,0,0.0,6.0,0.94732636,-0.32026985,0.8660254,-0.5,2,0,0,1,0.0,1,5345.0,1,5905.0,1,3212.0,1,3834.0,1,4296.0,1,2959.0,1,3151.0,2926.7466,3405.1594,-5345.0
811,2014-04-20,0.0,0.0,0.0,0.0,0,0.0,7.0,0.94732636,-0.32026985,0.8660254,-0.5,2,0,0,1,5058.0,1,0.0,1,4510.0,1,3704.0,1,3513.0,1,3880.0,1,3497.0,1,3929.0,3779.248,3772.4573,5058.0
811,2014-04-21,0.0,0.0,0.0,0.0,2,1.0,1.0,0.9027978,-0.4300652,0.8660254,-0.5,2,0,0,1,0.0,1,5058.0,1,5345.0,1,0.0,1,3363.0,1,3196.0,1,3618.0,1,4470.0,2267.5488,2934.1335,-5058.0
811,2014-04-22,4234.0,695.0,1.0,0.0,0,1.0,2.0,0.9027978,-0.4300652,0.8660254,-0.5,2,0,0,1,0.0,1,0.0,1,0.0,1,6203.0,1,3747.0,1,0.0,1,3329.0,1,3975.0,1360.5293,2282.1038,0.0
811,2014-04-23,3724.0,624.0,1.0,0.0,0,1.0,3.0,0.9027978,-0.4300652,0.8660254,-0.5,2,0,0,1,4234.0,1,0.0,1,5058.0,1,5905.0,1,3212.0,1,3834.0,1,0.0,1,0.0,2509.9175,2715.8584,4234.0
811,2014-04-24,3678.0,637.0,1.0,0.0,0,1.0,4.0,0.9027978,-0.4300652,0.8660254,-0.5,2,0,0,1,3724.0,1,4234.0,1,0.0,1,4510.0,1,3704.0,1,3513.0,1,5358.0,1,5377.0,2995.5505,2939.89,-510.0
811,2014-04-25,3273.0,593.0,1.0,0.0,0,1.0,5.0,0.9027978,-0.4300652,0.8660254,-0.5,2,0,0,1,3678.0,1,3724.0,1,0.0,1,5345.0,1,0.0,1,3363.0,1,4822.0,1,4622.0,3268.5303,3103.9143,-46.0
811,2014-04-26,3205.0,564.0,1.0,0.0,0,0.0,6.0,0.9027978,-0.4300652,0.8660254,-0.5,2,0,0,1,3273.0,1,3678.0,1,4234.0,1,0.0,1,6203.0,1,3747.0,1,4504.0,1,4082.0,3270.318,3141.489,-405.0
811,2014-04-27,0.0,0.0,0.0,0.0,0,0.0,7.0,0.9027978,-0.4300652,0.8660254,-0.5,2,0,0,1,3205.0,1,3273.0,1,3724.0,1,5058.0,1,5905.0,1,3212.0,1,4296.0,1,3951.0,3244.191,3155.6025,-68.0
811,2014-04-28,5286.0,769.0,1.0,1.0,0,1.0,1.0,0.845596,-0.5338234,0.8660254,-0.5,2,0,0,1,0.0,1,3205.0,1,3678.0,1,0.0,1,4510.0,1,3704.0,1,3880.0,1,4270.0,1946.5145,2454.3574,-3205.0
811,2014-04-29,4899.0,736.0,1.0,1.0,0,1.0,2.0,0.845596,-0.5338234,0.8660254,-0.5,2,0,0,1,5286.0,1,0.0,1,3273.0,1,0.0,1,5345.0,1,0.0,1,3196.0,1,3623.0,3282.3088,3083.6113,5286.0
811,2014-04-30,5903.0,841.0,1.0,1.0,0,1.0,3.0,0.845596,-0.5338234,0.8660254,-0.5,2,0,1,1,4899.0,1,5286.0,1,3205.0,1,4234.0,1,0.0,1,6203.0,1,0.0,1,0.0,3928.9854,3487.031,-387.0
811,2014-05-01,0.0,0.0,0.0,1.0,1,1.0,4.0,0.845596,-0.5338234,0.5,-0.8660254,2,1,0,1,5903.0,1,4899.0,1,0.0,1,3724.0,1,5058.0,1,5905.0,1,3834.0,1,3446.0,4718.5913,4023.913,1004.0
811,2014-05-02,6142.0,885.0,1.0,1.0,0,1.0,5.0,0.845596,-0.5338234,0.5,-0.8660254,2,0,0,1,0.0,1,5903.0,1,5286.0,1,3678.0,1,0.0,1,4510.0,1,3513.0,1,3519.0,2831.1548,3129.7102,-5903.0
811,2014-05-03,3794.0,652.0,1.0,0.0,0,0.0,6.0,0.845596,-0.5338234,0.5,-0.8660254,2,0,0,1,6142.0,1,0.0,1,4899.0,1,3273.0,1,0.0,1,5345.0,1,3363.0,1,3267.0,4155.4927,3799.108,6142.0
811,2014-05-04,0.0,0.0,0.0,0.0,0,0.0,7.0,0.845596,-0.5338234,0.5,-0.8660254,2,0,0,1,3794.0,1,6142.0,1,5903.0,1,3205.0,1,4234.0,1,0.0,1,3747.0,1,3530.0,4010.8958,3797.973,-2348.0
811,2014-05-05,5529.0,785.0,1.0,1.0,0,0.0,1.0,0.7765239,-0.63008785,0.5,-0.8660254,2,0,0,1,0.0,1,3794.0,1,0.0,1,0.0,1,3724.0,1,5058.0,1,3212.0,1,3427.0,2406.5374,2953.9788,-3794.0
811,2014-05-06,5124.0,799.0,1.0,1.0,0,0.0,2.0,0.7765239,-0.63008785,0.5,-0.8660254,2,0,0,1,5529.0,1,0.0,1,6142.0,1,5286.0,1,3678.0,1,0.0,1,3704.0,1,3464.0,3655.5225,3526.2058,5529.0
811,2014-05-07,4022.0,661.0,1.0,1.0,0,0.0,3.0,0.7765239,-0.63008785,0.5,-0.8660254,2,0,0,1,5124.0,1,5529.0,1,3794.0,1,4899.0,1,3273.0,1,0.0,1,0.0,1,0.0,4242.9136,3881.2712,-405.0
811,2014-05-08,3889.0,657.0,1.0,1.0,0,0.0,4.0,0.7765239,-0.63008785,0.5,-0.8660254,2,0,0,1,4022.0,1,5124.0,1,0.0,1,5903.0,1,3205.0,1,4234.0,1,6203.0,1,4928.0,4154.548,3912.5442,-1102.0
811,2014-05-09,4594.0,698.0,1.0,1.0,0,0.0,5.0,0.7765239,-0.63008785,0.5,-0.8660254,2,0,0,1,3889.0,1,4022.0,1,5529.0,1,0.0,1,0.0,1,3724.0,1,5905.0,1,4288.0,4048.3289,3907.3123,-133.0
811,2014-05-10,4031.0,685.0,1.0,0.0,0,0.0,6.0,0.7765239,-0.63008785,0.5,-0.8660254,2,0,0,1,4594.0,1,3889.0,1,5124.0,1,6142.0,1,5286.0,1,3678.0,1,4510.0,1,3602.0,4266.597,4059.9094,705.0
811,2014-05-11,0.0,0.0,0.0,0.0,0,0.0,7.0,0.7765239,-0.63008785,0.5,-0.8660254,2,0,0,1,4031.0,1,4594.0,1,4022.0,1,3794.0,1,4899.0,1,3273.0,1,5345.0,1,3950.0,4172.3584,4053.485,-563.0
811,2014-05-12,3776.0,684.0,1.0,0.0,0,0.0,1.0,0.696551,-0.71750724,0.5,-0.8660254,2,0,0,1,0.0,1,4031.0,1,3889.0,1,0.0,1,5903.0,1,3205.0,1,0.0,1,3788.0,2503.415,3152.7107,-4031.0
811,2014-05-13,3974.0,703.0,1.0,0.0,0,0.0,2.0,0.696551,-0.71750724,0.5,-0.8660254,2,0,0,1,3776.0,1,0.0,1,4594.0,1,5529.0,1,0.0,1,0.0,1,5058.0,1,3671.0,3012.449,3291.2195,3776.0
811,2014-05-14,3631.0,636.0,1.0,0.0,0,0.0,3.0,0.696551,-0.71750724,0.5,-0.8660254,2,0,0,1,3974.0,1,3776.0,1,4031.0,1,5124.0,1,6142.0,1,5286.0,1,0.0,1,0.0,3397.0693,3442.9485,198.0
811,2014-05-15,3149.0,596.0,1.0,0.0,0,0.0,4.0,0.696551,-0.71750724,0.5,-0.8660254,2,0,0,1,3631.0,1,3974.0,1,0.0,1,4022.0,1,3794.0,1,4899.0,1,0.0,1,3641.0,3490.6416,3484.7375,-343.0
811,2014-05-16,3505.0,641.0,1.0,0.0,0,0.0,5.0,0.696551,-0.71750724,0.5,-0.8660254,2,0,0,1,3149.0,1,3631.0,1,3776.0,1,3889.0,1,0.0,1,5903.0,1,4234.0,1,3117.0,3353.985,3410.1294,-482.0
811,2014-05-17,3415.0,597.0,1.0,0.0,0,0.0,6.0,0.696551,-0.71750724,0.5,-0.8660254,2,0,0,1,3505.0,1,3149.0,1,3974.0,1,4594.0,1,5529.0,1,0.0,1,3724.0,1,2959.0,3414.391,3431.2117,356.0
811,2014-05-18,0.0,0.0,0.0,0.0,0,0.0,7.0,0.696551,-0.71750724,0.5,-0.8660254,2,0,0,1,3415.0,1,3505.0,1,3631.0,1,4031.0,1,5124.0,1,6142.0,1,3678.0,1,3497.0,3414.6345,3427.6091,-90.0
811,2014-05-19,5255.0,785.0,1.0,1.0,0,0.0,1.0,0.60680014,-0.79485446,0.5,-0.8660254,2,0,0,1,0.0,1,3415.0,1,3149.0,1,0.0,1,4022.0,1,3794.0,1,3273.0,1,3618.0,2048.7808,2665.9182,-3415.0
811,2014-05-20,4276.0,689.0,1.0,1.0,0,0.0,2.0,0.60680014,-0.79485446,0.5,-0.8660254,2,0,0,1,5255.0,1,0.0,1,3505.0,1,3776.0,1,3889.0,1,0.0,1,3205.0,1,3329.0,3331.2686,3241.2698,5255.0
811,2014-05-21,3702.0,639.0,1.0,1.0,0,0.0,3.0,0.60680014,-0.79485446,0.5,-0.8660254,2,0,0,1,4276.0,1,5255.0,1,3415.0,1,3974.0,1,4594.0,1,5529.0,1,0.0,1,0.0,3709.1611,3471.2097,-979.0
811,2014-05-22,3701.0,769.0,1.0,1.0,0,0.0,4.0,0.60680014,-0.79485446,0.5,-0.8660254,2,0,0,1,3702.0,1,4276.0,1,0.0,1,3631.0,1,4031.0,1,5124.0,1,5286.0,1,5358.0,3706.2966,3522.4966,-574.0
811,2014-05-23,4741.0,962.0,1.0,1.0,0,0.0,5.0,0.60680014,-0.79485446,0.5,-0.8660254,2,0,0,1,3701.0,1,3702.0,1,5255.0,1,3149.0,1,0.0,1,4022.0,1,4899.0,1,4822.0,3704.178,3562.1638,-1.0
811,2014-05-24,4686.0,1119.0,1.0,0.0,0,0.0,6.0,0.60680014,-0.79485446,0.5,-0.8660254,2,0,0,1,4741.0,1,3701.0,1,4276.0,1,3505.0,1,3776.0,1,3889.0,1,5903.0,1,4504.0,4118.9067,3824.1274,1040.0
811,2014-05-25,0.0,0.0,0.0,0.0,0,0.0,7.0,0.60680014,-0.79485446,0.5,-0.8660254,2,0,0,1,4686.0,1,4741.0,1,3702.0,1,3415.0,1,3974.0,1,4594.0,1,0.0,1,4296.0,4345.744,4015.6548,-55.0
811,2014-05-26,3560.0,627.0,1.0,0.0,0,0.0,1.0,0.5085311,-0.86104363,0.5,-0.8660254,2,0,0,1,0.0,1,4686.0,1,3701.0,1,0.0,1,3631.0,1,4031.0,1,6142.0,1,3880.0,2607.4465,3123.287,-4686.0
811,2014-05-27,3607.0,603.0,1.0,0.0,0,0.0,2.0,0.5085311,-0.86104363,0.5,-0.8660254,2,0,0,1,3560.0,1,0.0,1,4741.0,1,5255.0,1,3149.0,1,0.0,1,3794.0,1,3196.0,2988.4678,3220.3342,3560.0
811,2014-05-28,4154.0,699.0,1.0,0.0,0,0.0,3.0,0.5085311,-0.86104363,0.5,-0.8660254,2,0,0,1,3607.0,1,3560.0,1,4686.0,1,4276.0,1,3505.0,1,3776.0,1,0.0,1,0.0,3235.8806,3306.26,47.0
811,2014-05-29,0.0,0.0,0.0,0.0,1,0.0,4.0,0.5085311,-0.86104363,0.5,-0.8660254,2,0,0,1,4154.0,1,3607.0,1,0.0,1,3702.0,1,3415.0,1,3974.0,1,5529.0,1,3834.0,3603.1284,3494.6467,547.0
811,2014-05-30,5808.0,878.0,1.0,0.0,0,1.0,5.0,0.5085311,-0.86104363,0.5,-0.8660254,2,0,0,1,0.0,1,4154.0,1,3560.0,1,3701.0,1,0.0,1,3631.0,1,5124.0,1,3513.0,2161.877,2718.0586,-4154.0
811,2014-05-31,4191.0,682.0,1.0,0.0,0,0.0,6.0,0.5085311,-0.86104363,0.5,-0.8660254,2,0,1,1,5808.0,1,0.0,1,3607.0,1,4741.0,1,5255.0,1,3149.0,1,4022.0,1,3363.0,3620.3262,3404.7122,5808.0
811,2014-06-01,0.0,0.0,0.0,0.0,0,0.0,7.0,0.5085311,-0.86104363,1.2246469e-16,-1.0,2,1,0,1,4191.0,1,5808.0,1,4154.0,1,4686.0,1,4276.0,1,3505.0,1,3889.0,1,3747.0,3848.5957,3579.4429,-1617.0
811,2014-06-02,6080.0,880.0,1.0,1.0,0,0.0,1.0,0.40312344,-0.91514564,1.2246469e-16,-1.0,2,0,0,1,0.0,1,4191.0,1,0.0,1,0.0,1,3702.0,1,3415.0,1,4594.0,1,3212.0,2309.1575,2784.011,-4191.0
811,2014-06-03,5090.0,796.0,1.0,1.0,0,0.0,2.0,0.40312344,-0.91514564,1.2246469e-16,-1.0,2,0,0,1,6080.0,1,0.0,1,5808.0,1,3560.0,1,3701.0,1,0.0,1,4031.0,1,3704.0,3817.4944,3516.4531,6080.0
811,2014-06-04,4072.0,700.0,1.0,1.0,0,0.0,3.0,0.40312344,-0.91514564,1.2246469e-16,-1.0,2,0,0,1,5090.0,1,6080.0,1,4191.0,1,3607.0,1,4741.0,1,5255.0,1,0.0,1,0.0,4326.4966,3866.1301,-990.0
811,2014-06-05,4061.0,699.0,1.0,1.0,0,0.0,4.0,0.40312344,-0.91514564,1.2246469e-16,-1.0,2,0,0,1,4072.0,1,5090.0,1,0.0,1,4154.0,1,4686.0,1,4276.0,1,3776.0,1,6203.0,4224.698,3911.879,-1018.0
811,2014-06-06,4663.0,710.0,1.0,1.0,0,0.0,5.0,0.40312344,-0.91514564,1.2246469e-16,-1.0,2,0,0,1,4061.0,1,4072.0,1,6080.0,1,0.0,1,0.0,1,3702.0,1,3974.0,1,5905.0,4159.2188,3945.017,-11.0
811,2014-06-07,4058.0,694.0,1.0,0.0,0,0.0,6.0,0.40312344,-0.91514564,1.2246469e-16,-1.0,2,0,0,1,4663.0,1,4061.0,1,5090.0,1,5808.0,1,3560.0,1,3701.0,1,3631.0,1,4510.0,4360.7314,4104.569,602.0
811,2014-06-08,0.0,0.0,0.0,0.0,0,0.0,7.0,0.40312344,-0.91514564,1.2246469e-16,-1.0,2,0,0,1,4058.0,1,4663.0,1,4072.0,1,4191.0,1,3607.0,1,4741.0,1,3149.0,1,5345.0,4239.6387,4094.2202,-605.0
811,2014-06-09,0.0,0.0,0.0,0.0,1,0.0,1.0,0.29205677,-0.956401,1.2246469e-16,-1.0,2,0,0,1,0.0,1,4058.0,1,4061.0,1,0.0,1,4154.0,1,4686.0,1,3505.0,1,0.0,2543.7832,3184.3936,-4058.0
811,2014-06-10,4642.0,825.0,1.0,0.0,0,0.0,2.0,0.29205677,-0.956401,1.2246469e-16,-1.0,2,0,0,1,0.0,1,0.0,1,4663.0,1,6080.0,1,0.0,1,0.0,1,3415.0,1,5058.0,1526.2699,2476.7505,0.0
811,2014-06-11,4021.0,715.0,1.0,0.0,0,0.0,3.0,0.29205677,-0.956401,1.2246469e-16,-1.0,2,0,0,1,4642.0,1,0.0,1,4058.0,1,5090.0,1,5808.0,1,3560.0,1,0.0,1,0.0,2772.562,2957.917,4642.0
811,2014-06-12,4224.0,686.0,1.0,0.0,0,0.0,4.0,0.29205677,-0.956401,1.2246469e-16,-1.0,2,0,0,1,4021.0,1,4642.0,1,0.0,1,4072.0,1,4191.0,1,3607.0,1,5255.0,1,0.0,3271.9373,3194.1577,-621.0
811,2014-06-13,3922.0,687.0,1.0,0.0,0,0.0,5.0,0.29205677,-0.956401,1.2246469e-16,-1.0,2,0,0,1,4224.0,1,4021.0,1,0.0,1,4061.0,1,0.0,1,4154.0,1,4276.0,1,4234.0,3652.7622,3423.0115,203.0
811,2014-06-14,4189.0,663.0,1.0,0.0,0,0.0,6.0,0.29205677,-0.956401,1.2246469e-16,-1.0,2,0,0,1,3922.0,1,4224.0,1,4642.0,1,4663.0,1,6080.0,1,0.0,1,3702.0,1,3724.0,3760.4573,3533.898,-302.0
811,2014-06-15,0.0,0.0,0.0,0.0,0,0.0,7.0,0.29205677,-0.956401,1.2246469e-16,-1.0,2,0,0,1,4189.0,1,3922.0,1,4021.0,1,4058.0,1,5090.0,1,5808.0,1,3701.0,1,3678.0,3931.8745,3679.476,267.0
811,2014-06-16,5407.0,761.0,1.0,1.0,0,0.0,1.0,0.17689027,-0.9842306,1.2246469e-16,-1.0,2,0,0,1,0.0,1,4189.0,1,4224.0,1,0.0,1,4072.0,1,4191.0,1,4741.0,1,3273.0,2359.1248,2861.8147,-4189.0
811,2014-06-17,4470.0,713.0,1.0,1.0,0,0.0,2.0,0.17689027,-0.9842306,1.2246469e-16,-1.0,2,0,0,1,5407.0,1,0.0,1,3922.0,1,0.0,1,4061.0,1,0.0,1,4686.0,1,3205.0,3578.275,3427.4114,5407.0
811,2014-06-18,4112.0,716.0,1.0,1.0,0,0.0,3.0,0.17689027,-0.9842306,1.2246469e-16,-1.0,2,0,0,1,4470.0,1,5407.0,1,4189.0,1,4642.0,1,4663.0,1,6080.0,1,0.0,1,0.0,3934.9648,3659.098,-937.0
811,2014-06-19,4791.0,750.0,1.0,1.0,0,0.0,4.0,0.17689027,-0.9842306,1.2246469e-16,-1.0,2,0,0,1,4112.0,1,4470.0,1,0.0,1,4021.0,1,4058.0,1,5090.0,1,3560.0,1,5286.0,4005.7788,3759.7427,-358.0
811,2014-06-20,4322.0,753.0,1.0,1.0,0,0.0,5.0,0.17689027,-0.9842306,1.2246469e-16,-1.0,2,0,0,1,4791.0,1,4112.0,1,5407.0,1,4224.0,1,0.0,1,4072.0,1,3607.0,1,4899.0,4319.867,3988.9111,679.0
811,2014-06-21,3838.0,605.0,1.0,0.0,0,0.0,6.0,0.17689027,-0.9842306,1.2246469e-16,-1.0,2,0,0,1,4322.0,1,4791.0,1,4470.0,1,3922.0,1,0.0,1,4061.0,1,4154.0,1,5903.0,4320.72,4062.931,-469.0
811,2014-06-22,0.0,0.0,0.0,0.0,0,0.0,7.0,0.17689027,-0.9842306,1.2246469e-16,-1.0,2,0,0,1,3838.0,1,4322.0,1,4112.0,1,4189.0,1,4642.0,1,4663.0,1,0.0,1,0.0,4127.6323,4012.9463,-484.0
811,2014-06-23,4143.0,726.0,1.0,0.0,0,0.0,1.0,0.059240628,-0.99824375,1.2246469e-16,-1.0,2,0,0,1,0.0,1,3838.0,1,4791.0,1,0.0,1,4021.0,1,4058.0,1,5808.0,1,6142.0,2476.5793,3121.1804,-3838.0
811,2014-06-24,3572.0,668.0,1.0,0.0,0,0.0,2.0,0.059240628,-0.99824375,1.2246469e-16,-1.0,2,0,0,1,4143.0,1,0.0,1,4322.0,1,5407.0,1,4224.0,1,0.0,1,4191.0,1,3794.0,3143.1477,3348.2515,4143.0
811,2014-06-25,3531.0,621.0,1.0,0.0,0,0.0,3.0,0.059240628,-0.99824375,1.2246469e-16,-1.0,2,0,0,1,3572.0,1,4143.0,1,3838.0,1,4470.0,1,3922.0,1,0.0,1,0.0,1,0.0,3314.6885,3397.9734,-571.0
811,2014-06-26,3565.0,650.0,1.0,0.0,0,0.0,4.0,0.059240628,-0.99824375,1.2246469e-16,-1.0,2,0,0,1,3531.0,1,3572.0,1,0.0,1,4112.0,1,4189.0,1,4642.0,1,6080.0,1,5529.0,3401.2131,3427.535,-41.0
811,2014-06-27,3752.0,607.0,1.0,0.0,0,0.0,5.0,0.059240628,-0.99824375,1.2246469e-16,-1.0,2,0,0,1,3565.0,1,3531.0,1,4143.0,1,4791.0,1,0.0,1,4021.0,1,5090.0,1,5124.0,3466.7278,3458.0825,34.0
811,2014-06-28,4137.0,684.0,1.0,0.0,0,0.0,6.0,0.059240628,-0.99824375,1.2246469e-16,-1.0,2,0,0,1,3752.0,1,3565.0,1,3572.0,1,4322.0,1,5407.0,1,4224.0,1,4072.0,1,4022.0,3580.8367,3523.3977,187.0
811,2014-06-29,0.0,0.0,0.0,0.0,0,0.0,7.0,0.059240628,-0.99824375,1.2246469e-16,-1.0,2,0,0,1,4137.0,1,3752.0,1,3531.0,1,3838.0,1,4470.0,1,3922.0,1,4061.0,1,3889.0,3803.302,3659.7537,385.0
811,2014-06-30,5977.0,842.0,1.0,1.0,0,0.0,1.0,-0.059240628,-0.99824375,1.2246469e-16,-1.0,2,0,1,1,0.0,1,4137.0,1,3565.0,1,0.0,1,4112.0,1,4189.0,1,4663.0,1,4594.0,2281.9812,2846.475,-4137.0
811,2014-07-01,5166.0,827.0,1.0,1.0,0,0.0,2.0,-0.059240628,-0.99824375,-0.5,-0.8660254,3,1,0,1,5977.0,1,0.0,1,3752.0,1,4143.0,1,4791.0,1,0.0,1,4058.0,1,4031.0,3759.9888,3542.1472,5977.0
811,2014-07-02,5134.0,788.0,1.0,1.0,0,0.0,3.0,-0.059240628,-0.99824375,-0.5,-0.8660254,3,0,0,1,5166.0,1,5977.0,1,4137.0,1,3572.0,1,4322.0,1,5407.0,1,0.0,1,0.0,4322.393,3903.0034,-811.0
811,2014-07-03,4314.0,746.0,1.0,1.0,0,0.0,4.0,-0.059240628,-0.99824375,-0.5,-0.8660254,3,0,0,1,5134.0,1,5166.0,1,0.0,1,3531.0,1,3838.0,1,4470.0,1,0.0,1,3776.0,4647.036,4176.558,-32.0
811,2014-07-04,3894.0,688.0,1.0,1.0,0,0.0,5.0,-0.059240628,-0.99824375,-0.5,-0.8660254,3,0,0,1,4314.0,1,5134.0,1,5977.0,1,3565.0,1,0.0,1,4112.0,1,4642.0,1,3974.0,4513.822,4207.101,-820.0
811,2014-07-05,3947.0,643.0,1.0,0.0,0,0.0,6.0,-0.059240628,-0.99824375,-0.5,-0.8660254,3,0,0,1,3894.0,1,4314.0,1,5166.0,1,3752.0,1,4143.0,1,4791.0,1,4021.0,1,3631.0,4265.893,4137.523,-420.0
811,2014-07-06,0.0,0.0,0.0,0.0,0,0.0,7.0,-0.059240628,-0.99824375,-0.5,-0.8660254,3,0,0,1,3947.0,1,3894.0,1,5134.0,1,4137.0,1,3572.0,1,4322.0,1,4224.0,1,3149.0,4138.336,4095.1846,53.0
811,2014-07-07,4667.0,780.0,1.0,0.0,0,0.0,1.0,-0.17689027,-0.9842306,-0.5,-0.8660254,3,0,0,1,0.0,1,3947.0,1,4314.0,1,0.0,1,3531.0,1,3838.0,1,3922.0,1,3505.0,2483.0015,3185.1436,-3947.0
811,2014-07-08,3664.0,655.0,1.0,0.0,0,0.0,2.0,-0.17689027,-0.9842306,-0.5,-0.8660254,3,0,0,1,4667.0,1,0.0,1,3894.0,1,5977.0,1,3565.0,1,0.0,1,4189.0,1,3415.0,3356.6008,3514.4448,4667.0
811,2014-07-09,4156.0,705.0,1.0,0.0,0,0.0,3.0,-0.17689027,-0.9842306,-0.5,-0.8660254,3,0,0,1,3664.0,1,4667.0,1,3947.0,1,5166.0,1,3752.0,1,4143.0,1,0.0,1,0.0,3479.5605,3547.6794,-1003.0
811,2014-07-10,3665.0,678.0,1.0,0.0,0,0.0,4.0,-0.17689027,-0.9842306,-0.5,-0.8660254,3,0,0,1,4156.0,1,3664.0,1,0.0,1,5134.0,1,4137.0,1,3572.0,1,5407.0,1,5255.0,3750.1362,3682.8618,492.0
811,2014-07-11,4008.0,663.0,1.0,0.0,0,0.0,5.0,-0.17689027,-0.9842306,-0.5,-0.8660254,3,0,0,1,3665.0,1,4156.0,1,4667.0,1,4314.0,1,0.0,1,3531.0,1,4470.0,1,4276.0,3716.0818,3678.8926,-491.0
811,2014-07-12,3310.0,594.0,1.0,0.0,0,0.0,6.0,-0.17689027,-0.9842306,-0.5,-0.8660254,3,0,0,1,4008.0,1,3665.0,1,3664.0,1,3894.0,1,5977.0,1,3565.0,1,4112.0,1,3702.0,3832.849,3752.0276,343.0
811,2014-07-13,0.0,0.0,0.0,0.0,0,0.0,7.0,-0.17689027,-0.9842306,-0.5,-0.8660254,3,0,0,1,3310.0,1,4008.0,1,4156.0,1,3947.0,1,5166.0,1,3752.0,1,4791.0,1,3701.0,3623.7095,3653.799,-698.0
811,2014-07-14,5321.0,786.0,1.0,1.0,0,1.0,1.0,-0.29205677,-0.956401,-0.5,-0.8660254,3,0,0,1,0.0,1,3310.0,1,3665.0,1,0.0,1,5134.0,1,4137.0,1,4322.0,1,4741.0,2174.2256,2841.8438,-3310.0
811,2014-07-15,5047.0,785.0,1.0,1.0,0,1.0,2.0,-0.29205677,-0.956401,-0.5,-0.8660254,3,0,0,1,5321.0,1,0.0,1,4008.0,1,4667.0,1,4314.0,1,0.0,1,3838.0,1,4686.0,3432.9353,3392.7673,5321.0
811,2014-07-16,4483.0,737.0,1.0,1.0,0,1.0,3.0,-0.29205677,-0.956401,-0.5,-0.8660254,3,0,0,1,5047.0,1,5321.0,1,3310.0,1,3664.0,1,3894.0,1,5977.0,1,0.0,1,0.0,4078.5613,3760.3745,-274.0
811,2014-07-17,4204.0,714.0,1.0,1.0,0,1.0,4.0,-0.29205677,-0.956401,-0.5,-0.8660254,3,0,0,1,4483.0,1,5047.0,1,0.0,1,4156.0,1,3947.0,1,5166.0,1,4143.0,1,3560.0,4240.337,3920.958,-564.0
811,2014-07-18,4218.0,689.0,1.0,1.0,0,1.0,5.0,-0.29205677,-0.956401,-0.5,-0.8660254,3,0,0,1,4204.0,1,4483.0,1,5321.0,1,3665.0,1,0.0,1,5134.0,1,3572.0,1,3607.0,4225.8022,3983.8562,-279.0
811,2014-07-19,3303.0,578.0,1.0,0.0,0,0.0,6.0,-0.29205677,-0.956401,-0.5,-0.8660254,3,0,0,1,4218.0,1,4204.0,1,5047.0,1,4008.0,1,4667.0,1,4314.0,1,3531.0,1,4154.0,4222.681,4035.8882,14.0
811,2014-07-20,0.0,0.0,0.0,0.0,0,0.0,7.0,-0.29205677,-0.956401,-0.5,-0.8660254,3,0,0,1,3303.0,1,4218.0,1,4483.0,1,3310.0,1,3664.0,1,3894.0,1,3565.0,1,0.0,3854.8088,3873.0242,-915.0
811,2014-07-21,4074.0,743.0,1.0,0.0,0,1.0,1.0,-0.40312344,-0.91514564,-0.5,-0.8660254,3,0,0,1,0.0,1,3303.0,1,4204.0,1,0.0,1,4156.0,1,3947.0,1,3752.0,1,5808.0,2312.8853,3012.352,-3303.0
811,2014-07-22,4014.0,689.0,1.0,0.0,0,1.0,2.0,-0.40312344,-0.91514564,-0.5,-0.8660254,3,0,0,1,4074.0,1,0.0,1,4218.0,1,5321.0,1,3665.0,1,0.0,1,4137.0,1,4191.0,3017.331,3248.274,4074.0
811,2014-07-23,3152.0,607.0,1.0,0.0,0,1.0,3.0,-0.40312344,-0.91514564,-0.5,-0.8660254,3,0,0,1,4014.0,1,4074.0,1,3303.0,1,5047.0,1,4008.0,1,4667.0,1,0.0,1,0.0,3415.9988,3418.4353,-60.0
811,2014-07-24,3343.0,606.0,1.0,0.0,0,1.0,4.0,-0.40312344,-0.91514564,-0.5,-0.8660254,3,0,0,1,3152.0,1,4014.0,1,0.0,1,4483.0,1,3310.0,1,3664.0,1,5977.0,1,6080.0,3310.3992,3359.2273,-862.0
811,2014-07-25,3382.0,592.0,1.0,0.0,0,1.0,5.0,-0.40312344,-0.91514564,-0.5,-0.8660254,3,0,0,1,3343.0,1,3152.0,1,4074.0,1,4204.0,1,0.0,1,4156.0,1,5166.0,1,5090.0,3323.4395,3355.6213,191.0
811,2014-07-26,2870.0,570.0,1.0,0.0,0,0.0,6.0,-0.40312344,-0.91514564,-0.5,-0.8660254,3,0,0,1,3382.0,1,3343.0,1,4014.0,1,4218.0,1,5321.0,1,3665.0,1,5134.0,1,4072.0,3346.8638,3361.4832,39.0
811,2014-07-27,0.0,0.0,0.0,0.0,0,0.0,7.0,-0.40312344,-0.91514564,-0.5,-0.8660254,3,0,0,1,2870.0,1,3382.0,1,3152.0,1,3303.0,1,5047.0,1,4008.0,1,4314.0,1,4061.0,3156.1182,3252.2646,-512.0
811,2014-07-28,4949.0,806.0,1.0,1.0,0,1.0,1.0,-0.5085311,-0.86104363,-0.5,-0.8660254,3,0,0,1,0.0,1,2870.0,1,3343.0,1,0.0,1,4483.0,1,3310.0,1,3894.0,1,4663.0,1893.6709,2529.5393,-2870.0
811,2014-07-29,3875.0,683.0,1.0,1.0,0,1.0,2.0,-0.5085311,-0.86104363,-0.5,-0.8660254,3,0,0,1,4949.0,1,0.0,1,3382.0,1,4074.0,1,4204.0,1,0.0,1,3947.0,1,4058.0,3115.8025,3067.1973,4949.0
811,2014-07-30,4296.0,738.0,1.0,1.0,0,1.0,3.0,-0.5085311,-0.86104363,-0.5,-0.8660254,3,0,0,1,3875.0,1,4949.0,1,2870.0,1,4014.0,1,4218.0,1,5321.0,1,0.0,1,0.0,3419.4814,3246.709,-1074.0
811,2014-07-31,5330.0,820.0,1.0,1.0,0,1.0,4.0,-0.5085311,-0.86104363,-0.5,-0.8660254,3,0,1,1,4296.0,1,3875.0,1,0.0,1,3152.0,1,3303.0,1,5047.0,1,4667.0,1,0.0,3770.0889,3479.8848,421.0
811,2014-08-01,4666.0,749.0,1.0,1.0,0,1.0,5.0,-0.5085311,-0.86104363,-0.8660254,-0.5,3,1,0,1,5330.0,1,4296.0,1,4949.0,1,3343.0,1,0.0,1,4483.0,1,3664.0,1,4642.0,4394.053,3891.0215,1034.0
811,2014-08-02,3727.0,641.0,1.0,0.0,0,0.0,6.0,-0.5085311,-0.86104363,-0.8660254,-0.5,3,0,0,1,4666.0,1,5330.0,1,3875.0,1,3382.0,1,4074.0,1,4204.0,1,4156.0,1,4021.0,4502.832,4063.239,-664.0
811,2014-08-03,0.0,0.0,0.0,0.0,0,0.0,7.0,-0.5085311,-0.86104363,-0.8660254,-0.5,3,0,0,1,3727.0,1,4666.0,1,4296.0,1,2870.0,1,4014.0,1,4218.0,1,3665.0,1,4224.0,4192.499,3988.519,-939.0
811,2014-08-04,5405.0,846.0,1.0,1.0,0,1.0,1.0,-0.60680014,-0.79485446,-0.8660254,-0.5,3,0,0,1,0.0,1,3727.0,1,5330.0,1,0.0,1,3152.0,1,3303.0,1,4008.0,1,3922.0,2515.4995,3102.1816,-3727.0
811,2014-08-05,4999.0,832.0,1.0,1.0,0,1.0,2.0,-0.60680014,-0.79485446,-0.8660254,-0.5,3,0,0,1,5405.0,1,0.0,1,4666.0,1,4949.0,1,3343.0,1,0.0,1,3310.0,1,4189.0,3671.2998,3613.919,5405.0
811,2014-08-06,4150.0,683.0,1.0,1.0,0,1.0,3.0,-0.60680014,-0.79485446,-0.8660254,-0.5,3,0,0,1,4999.0,1,5405.0,1,3727.0,1,3875.0,1,3382.0,1,4074.0,1,0.0,1,0.0,4202.38,3921.7148,-406.0
811,2014-08-07,4428.0,759.0,1.0,1.0,0,1.0,4.0,-0.60680014,-0.79485446,-0.8660254,-0.5,3,0,0,1,4150.0,1,4999.0,1,0.0,1,4296.0,1,2870.0,1,4014.0,1,5321.0,1,5407.0,4181.4277,3972.4448,-849.0
811,2014-08-08,3755.0,641.0,1.0,1.0,0,1.0,5.0,-0.60680014,-0.79485446,-0.8660254,-0.5,3,0,0,1,4428.0,1,4150.0,1,5405.0,1,5330.0,1,0.0,1,3152.0,1,5047.0,1,4470.0,4280.0566,4073.6792,278.0
811,2014-08-09,3542.0,608.0,1.0,0.0,0,0.0,6.0,-0.60680014,-0.79485446,-0.8660254,-0.5,3,0,0,1,3755.0,1,4428.0,1,4999.0,1,4666.0,1,4949.0,1,3343.0,1,4483.0,1,4112.0,4070.034,4002.8616,-673.0
811,2014-08-10,0.0,0.0,0.0,0.0,0,0.0,7.0,-0.60680014,-0.79485446,-0.8660254,-0.5,3,0,0,1,3542.0,1,3755.0,1,4150.0,1,3727.0,1,3875.0,1,3382.0,1,4204.0,1,4791.0,3858.8203,3900.448,-213.0
811,2014-08-11,4088.0,750.0,1.0,0.0,0,1.0,1.0,-0.696551,-0.71750724,-0.8660254,-0.5,3,0,0,1,0.0,1,3542.0,1,4428.0,1,0.0,1,4296.0,1,2870.0,1,4218.0,1,4322.0,2315.2922,3033.6816,-3542.0
811,2014-08-12,3705.0,643.0,1.0,0.0,0,1.0,2.0,-0.696551,-0.71750724,-0.8660254,-0.5,3,0,0,1,4088.0,1,0.0,1,3755.0,1,5405.0,1,5330.0,1,0.0,1,3303.0,1,3838.0,3024.3752,3267.9746,4088.0
811,2014-08-13,3411.0,667.0,1.0,0.0,0,1.0,3.0,-0.696551,-0.71750724,-0.8660254,-0.5,3,0,0,1,3705.0,1,4088.0,1,3542.0,1,4999.0,1,4666.0,1,4949.0,1,0.0,1,0.0,3296.6252,3365.0916,-383.0
811,2014-08-14,3304.0,635.0,1.0,0.0,0,1.0,4.0,-0.696551,-0.71750724,-0.8660254,-0.5,3,0,0,1,3411.0,1,3705.0,1,0.0,1,4150.0,1,3727.0,1,3875.0,1,4074.0,1,4143.0,3342.3752,3375.2935,-294.0
811,2014-08-15,3620.0,628.0,1.0,0.0,0,1.0,5.0,-0.696551,-0.71750724,-0.8660254,-0.5,3,0,0,1,3304.0,1,3411.0,1,4088.0,1,4428.0,1,0.0,1,4296.0,1,4014.0,1,3572.0,3327.0251,3359.4504,-107.0
811,2014-08-16,3378.0,625.0,1.0,0.0,0,0.0,6.0,-0.696551,-0.71750724,-0.8660254,-0.5,3,0,0,1,3620.0,1,3304.0,1,3705.0,1,3755.0,1,5405.0,1,5330.0,1,3152.0,1,3531.0,3444.215,3417.3503,316.0
811,2014-08-17,0.0,0.0,0.0,0.0,0,0.0,7.0,-0.696551,-0.71750724,-0.8660254,-0.5,3,0,0,1,3378.0,1,3620.0,1,3411.0,1,3542.0,1,4999.0,1,4666.0,1,3343.0,1,3565.0,3417.729,3408.6057,-242.0
811,2014-08-18,5332.0,838.0,1.0,1.0,0,1.0,1.0,-0.7765239,-0.63008785,-0.8660254,-0.5,3,0,0,1,0.0,1,3378.0,1,3304.0,1,0.0,1,4150.0,1,3727.0,1,3382.0,1,3752.0,2050.6375,2651.138,-3378.0
811,2014-08-19,4039.0,704.0,1.0,1.0,0,1.0,2.0,-0.7765239,-0.63008785,-0.8660254,-0.5,3,0,0,1,5332.0,1,0.0,1,3620.0,1,4088.0,1,4428.0,1,0.0,1,2870.0,1,4137.0,3363.1824,3246.885,5332.0
811,2014-08-20,3976.0,719.0,1.0,1.0,0,1.0,3.0,-0.7765239,-0.63008785,-0.8660254,-0.5,3,0,0,1,4039.0,1,5332.0,1,3378.0,1,3705.0,1,3755.0,1,5405.0,1,0.0,1,0.0,3633.5095,3422.9106,-1293.0
811,2014-08-21,4246.0,713.0,1.0,1.0,0,1.0,4.0,-0.7765239,-0.63008785,-0.8660254,-0.5,3,0,0,1,3976.0,1,4039.0,1,0.0,1,3411.0,1,3542.0,1,4999.0,1,4949.0,1,5977.0,3770.5056,3545.8193,-63.0
811,2014-08-22,3699.0,652.0,1.0,1.0,0,1.0,5.0,-0.7765239,-0.63008785,-0.8660254,-0.5,3,0,0,1,4246.0,1,3976.0,1,5332.0,1,3304.0,1,0.0,1,4150.0,1,3875.0,1,5166.0,3960.7034,3701.415,270.0
811,2014-08-23,3433.0,619.0,1.0,0.0,0,0.0,6.0,-0.7765239,-0.63008785,-0.8660254,-0.5,3,0,0,1,3699.0,1,4246.0,1,4039.0,1,3620.0,1,4088.0,1,4428.0,1,4296.0,1,5134.0,3856.022,3700.8784,-547.0
811,2014-08-24,0.0,0.0,0.0,0.0,0,0.0,7.0,-0.7765239,-0.63008785,-0.8660254,-0.5,3,0,0,1,3433.0,1,3699.0,1,3976.0,1,3378.0,1,3705.0,1,3755.0,1,5330.0,1,4314.0,3686.8132,3641.3499,-266.0
811,2014-08-25,4143.0,755.0,1.0,0.0,0,0.0,1.0,-0.845596,-0.5338234,-0.8660254,-0.5,3,0,0,1,0.0,1,3433.0,1,4246.0,1,0.0,1,3411.0,1,3542.0,1,4666.0,1,3894.0,2212.088,2832.161,-3433.0
811,2014-08-26,3513.0,679.0,1.0,0.0,0,0.0,2.0,-0.845596,-0.5338234,-0.8660254,-0.5,3,0,0,1,4143.0,1,0.0,1,3699.0,1,5332.0,1,3304.0,1,0.0,1,3727.0,1,3947.0,2984.453,3123.4585,4143.0
811,2014-08-27,3113.0,604.0,1.0,0.0,0,0.0,3.0,-0.845596,-0.5338234,-0.8660254,-0.5,3,0,0,1,3513.0,1,4143.0,1,3433.0,1,4039.0,1,3620.0,1,4088.0,1,0.0,1,0.0,3195.8716,3210.0232,-630.0
811,2014-08-28,3596.0,644.0,1.0,0.0,0,0.0,4.0,-0.845596,-0.5338234,-0.8660254,-0.5,3,0,0,1,3113.0,1,3513.0,1,0.0,1,3976.0,1,3378.0,1,3705.0,1,5405.0,1,4667.0,3162.723,3188.4626,-400.0
811,2014-08-29,4475.0,734.0,1.0,0.0,0,0.0,5.0,-0.845596,-0.5338234,-0.8660254,-0.5,3,0,0,1,3596.0,1,3113.0,1,4143.0,1,4246.0,1,0.0,1,3411.0,1,4999.0,1,3664.0,3336.0337,3279.0264,483.0
811,2014-08-30,3976.0,673.0,1.0,0.0,0,0.0,6.0,-0.845596,-0.5338234,-0.8660254,-0.5,3,0,0,1,4475.0,1,3596.0,1,3513.0,1,3699.0,1,5332.0,1,3304.0,1,4150.0,1,4156.0,3791.6204,3544.7983,879.0
811,2014-08-31,0.0,0.0,0.0,0.0,0,0.0,7.0,-0.845596,-0.5338234,-0.8660254,-0.5,3,0,1,1,3976.0,1,4475.0,1,3113.0,1,3433.0,1,4039.0,1,3620.0,1,4428.0,1,3665.0,3865.372,3640.6208,-499.0
811,2014-09-01,5781.0,876.0,1.0,1.0,0,0.0,1.0,-0.9027978,-0.4300652,-1.0,-1.8369701e-16,3,1,0,1,0.0,1,3976.0,1,3596.0,1,0.0,1,3976.0,1,3378.0,1,3755.0,1,4008.0,2319.2234,2831.594,-3976.0
811,2014-09-02,5041.0,825.0,1.0,1.0,0,0.0,2.0,-0.9027978,-0.4300652,-1.0,-1.8369701e-16,3,0,0,1,5781.0,1,0.0,1,4475.0,1,4143.0,1,4246.0,1,0.0,1,3542.0,1,3310.0,3703.934,3487.0176,5781.0
811,2014-09-03,4227.0,724.0,1.0,1.0,0,0.0,3.0,-0.9027978,-0.4300652,-1.0,-1.8369701e-16,3,0,0,1,5041.0,1,5781.0,1,3976.0,1,3513.0,1,3699.0,1,5332.0,1,0.0,1,0.0,4238.7603,3832.347,-740.0
811,2014-09-04,4255.0,710.0,1.0,1.0,0,0.0,4.0,-0.9027978,-0.4300652,-1.0,-1.8369701e-16,3,0,0,1,4227.0,1,5041.0,1,0.0,1,3113.0,1,3433.0,1,4039.0,1,4088.0,1,5321.0,4234.056,3920.0476,-814.0
811,2014-09-05,3983.0,691.0,1.0,1.0,0,0.0,5.0,-0.9027978,-0.4300652,-1.0,-1.8369701e-16,3,0,0,1,4255.0,1,4227.0,1,5781.0,1,3596.0,1,0.0,1,3976.0,1,3705.0,1,5047.0,4242.4336,3994.4814,28.0
811,2014-09-06,3456.0,618.0,1.0,0.0,0,0.0,6.0,-0.9027978,-0.4300652,-1.0,-1.8369701e-16,3,0,0,1,3983.0,1,4255.0,1,5041.0,1,4475.0,1,4143.0,1,4246.0,1,3411.0,1,4483.0,4138.66,3991.9302,-272.0
811,2014-09-07,0.0,0.0,0.0,0.0,0,0.0,7.0,-0.9027978,-0.4300652,-1.0,-1.8369701e-16,3,0,0,1,3456.0,1,3983.0,1,4227.0,1,3976.0,1,3513.0,1,3699.0,1,3304.0,1,4204.0,3865.5962,3872.8345,-527.0
811,2014-09-08,4026.0,702.0,1.0,0.0,0,0.0,1.0,-0.94732636,-0.32026985,-1.0,-1.8369701e-16,3,0,0,1,0.0,1,3456.0,1,4255.0,1,0.0,1,3113.0,1,3433.0,1,3620.0,1,4218.0,2319.3577,3012.2046,-3456.0
811,2014-09-09,3880.0,681.0,1.0,0.0,0,0.0,2.0,-0.94732636,-0.32026985,-1.0,-1.8369701e-16,3,0,0,1,4026.0,1,0.0,1,3983.0,1,5781.0,1,3596.0,1,0.0,1,3378.0,1,3303.0,3002.0146,3237.4924,4026.0
811,2014-09-10,3547.0,651.0,1.0,0.0,0,0.0,3.0,-0.94732636,-0.32026985,-1.0,-1.8369701e-16,3,0,0,1,3880.0,1,4026.0,1,3456.0,1,5041.0,1,4475.0,1,4143.0,1,0.0,1,0.0,3353.2087,3380.272,-146.0
811,2014-09-11,3280.0,629.0,1.0,0.0,0,0.0,4.0,-0.94732636,-0.32026985,-1.0,-1.8369701e-16,3,0,0,1,3547.0,1,3880.0,1,0.0,1,4227.0,1,3976.0,1,3513.0,1,5332.0,1,4074.0,3430.7253,3417.3225,-333.0
811,2014-09-12,3535.0,634.0,1.0,0.0,0,0.0,5.0,-0.94732636,-0.32026985,-1.0,-1.8369701e-16,3,0,0,1,3280.0,1,3547.0,1,4026.0,1,4255.0,1,0.0,1,3113.0,1,4039.0,1,4014.0,3370.435,3386.8064,-267.0
811,2014-09-13,3415.0,634.0,1.0,0.0,0,0.0,6.0,-0.94732636,-0.32026985,-1.0,-1.8369701e-16,3,0,0,1,3535.0,1,3280.0,1,3880.0,1,3983.0,1,5781.0,1,3596.0,1,3976.0,1,3152.0,3436.261,3419.7383,255.0
811,2014-09-14,0.0,0.0,0.0,0.0,0,0.0,7.0,-0.94732636,-0.32026985,-1.0,-1.8369701e-16,3,0,0,1,3415.0,1,3535.0,1,3547.0,1,3456.0,1,5041.0,1,4475.0,1,4246.0,1,3343.0,3427.7566,3418.6853,-120.0
811,2014-09-15,4497.0,745.0,1.0,1.0,0,0.0,1.0,-0.9785565,-0.20597862,-1.0,-1.8369701e-16,3,0,0,1,0.0,1,3415.0,1,3280.0,1,0.0,1,4227.0,1,3976.0,1,3699.0,1,3382.0,2056.654,2658.9775,-3415.0
811,2014-09-16,4430.0,754.0,1.0,1.0,0,0.0,2.0,-0.9785565,-0.20597862,-1.0,-1.8369701e-16,3,0,0,1,4497.0,1,0.0,1,3535.0,1,4026.0,1,4255.0,1,0.0,1,3433.0,1,2870.0,3032.7925,3067.427,4497.0
811,2014-09-17,3781.0,668.0,1.0,1.0,0,0.0,3.0,-0.9785565,-0.20597862,-1.0,-1.8369701e-16,3,0,0,1,4430.0,1,4497.0,1,3415.0,1,3880.0,1,3983.0,1,5781.0,1,0.0,1,0.0,3591.6755,3370.221,-67.0
811,2014-09-18,4009.0,689.0,1.0,1.0,0,0.0,4.0,-0.9785565,-0.20597862,-1.0,-1.8369701e-16,3,0,0,1,3781.0,1,4430.0,1,0.0,1,3547.0,1,3456.0,1,5041.0,1,4143.0,1,4949.0,3667.4053,3461.5051,-649.0
811,2014-09-19,3662.0,620.0,1.0,1.0,0,0.0,5.0,-0.9785565,-0.20597862,-1.0,-1.8369701e-16,3,0,0,1,4009.0,1,3781.0,1,4497.0,1,3280.0,1,0.0,1,4227.0,1,3513.0,1,3875.0,3804.0432,3583.1707,228.0
811,2014-09-20,3447.0,630.0,1.0,0.0,0,0.0,6.0,-0.9785565,-0.20597862,-1.0,-1.8369701e-16,3,0,0,1,3662.0,1,4009.0,1,4430.0,1,3535.0,1,4026.0,1,4255.0,1,3113.0,1,4296.0,3747.2258,3600.6882,-347.0
811,2014-09-21,0.0,0.0,0.0,0.0,0,0.0,7.0,-0.9785565,-0.20597862,-1.0,-1.8369701e-16,3,0,0,1,3447.0,1,3662.0,1,3781.0,1,3415.0,1,3880.0,1,3983.0,1,3596.0,1,5330.0,3627.1355,3566.5354,-215.0
811,2014-09-22,3743.0,657.0,1.0,0.0,0,0.0,1.0,-0.9960498,-0.08879589,-1.0,-1.8369701e-16,3,0,0,1,0.0,1,3447.0,1,4009.0,1,0.0,1,3547.0,1,3456.0,1,4475.0,1,4666.0,2176.2812,2773.972,-3447.0
811,2014-09-23,3381.0,610.0,1.0,0.0,0,0.0,2.0,-0.9960498,-0.08879589,-1.0,-1.8369701e-16,3,0,0,1,3743.0,1,0.0,1,3662.0,1,4497.0,1,3280.0,1,0.0,1,3976.0,1,3727.0,2802.9688,2989.3115,3743.0
811,2014-09-24,3206.0,602.0,1.0,0.0,0,0.0,3.0,-0.9960498,-0.08879589,-1.0,-1.8369701e-16,3,0,0,1,3381.0,1,3743.0,1,3447.0,1,4430.0,1,3535.0,1,4026.0,1,0.0,1,0.0,3034.1814,3076.3535,-362.0
811,2014-09-25,3678.0,659.0,1.0,0.0,0,0.0,4.0,-0.9960498,-0.08879589,-1.0,-1.8369701e-16,3,0,0,1,3206.0,1,3381.0,1,0.0,1,3781.0,1,3415.0,1,3880.0,1,5781.0,1,5405.0,3102.9087,3105.1638,-175.0
811,2014-09-26,3175.0,562.0,1.0,0.0,0,0.0,5.0,-0.9960498,-0.08879589,-1.0,-1.8369701e-16,3,0,0,1,3678.0,1,3206.0,1,3743.0,1,4009.0,1,0.0,1,3547.0,1,5041.0,1,4999.0,3332.9453,3232.4607,472.0
811,2014-09-27,3845.0,641.0,1.0,0.0,0,0.0,6.0,-0.9960498,-0.08879589,-1.0,-1.8369701e-16,3,0,0,1,3175.0,1,3678.0,1,3381.0,1,3662.0,1,4497.0,1,3280.0,1,4227.0,1,4150.0,3269.767,3219.6917,-503.0
811,2014-09-28,0.0,0.0,0.0,0.0,0,0.0,7.0,-0.9960498,-0.08879589,-1.0,-1.8369701e-16,3,0,0,1,3845.0,1,3175.0,1,3206.0,1,3447.0,1,4430.0,1,3535.0,1,4255.0,1,4428.0,3499.8604,3358.6492,670.0
811,2014-09-29,5238.0,828.0,1.0,1.0,0,0.0,1.0,-0.99956083,0.029633328,-1.0,-1.8369701e-16,3,0,0,1,0.0,1,3845.0,1,3678.0,1,0.0,1,3781.0,1,3415.0,1,3983.0,1,3755.0,2099.9163,2612.2827,-3845.0
811,2014-09-30,5005.0,791.0,1.0,1.0,0,0.0,2.0,-0.99956083,0.029633328,-1.0,-1.8369701e-16,3,0,1,1,5238.0,1,0.0,1,3175.0,1,3743.0,1,4009.0,1,0.0,1,3456.0,1,3542.0,3355.1497,3195.7754,5238.0
811,2014-10-01,4526.0,714.0,1.0,1.0,0,0.0,3.0,-0.99956083,0.029633328,-0.8660254,0.5,4,1,0,1,5005.0,1,5238.0,1,3845.0,1,3381.0,1,3662.0,1,4497.0,1,0.0,1,0.0,4015.0898,3597.8252,-233.0
811,2014-10-02,5368.0,829.0,1.0,1.0,0,0.0,4.0,-0.99956083,0.029633328,-0.8660254,0.5,4,0,0,1,4526.0,1,5005.0,1,0.0,1,3206.0,1,3447.0,1,4430.0,1,4026.0,1,4088.0,4219.454,3804.0864,-479.0
811,2014-10-03,0.0,0.0,0.0,1.0,1,0.0,5.0,-0.99956083,0.029633328,-0.8660254,0.5,4,0,0,1,5368.0,1,4526.0,1,5238.0,1,3678.0,1,0.0,1,3781.0,1,3880.0,1,3705.0,4678.8726,4151.6226,842.0
811,2014-10-04,4581.0,780.0,1.0,0.0,0,0.0,6.0,-0.99956083,0.029633328,-0.8660254,0.5,4,0,0,1,0.0,1,5368.0,1,5005.0,1,3175.0,1,3743.0,1,4009.0,1,3547.0,1,3411.0,2807.3235,3229.0398,-5368.0
811,2014-10-05,0.0,0.0,0.0,0.0,0,0.0,7.0,-0.99956083,0.029633328,-0.8660254,0.5,4,0,0,1,4581.0,1,0.0,1,4526.0,1,3845.0,1,3381.0,1,3662.0,1,3280.0,1,3304.0,3516.794,3529.4753,4581.0
811,2014-10-06,5385.0,819.0,1.0,1.0,0,0.0,1.0,-0.9890402,0.14764656,-0.8660254,0.5,4,0,0,1,0.0,1,4581.0,1,5368.0,1,0.0,1,3206.0,1,3447.0,1,3535.0,1,3620.0,2110.0764,2745.1475,-4581.0
811,2014-10-07,4244.0,700.0,1.0,1.0,0,0.0,2.0,-0.9890402,0.14764656,-0.8660254,0.5,4,0,0,1,5385.0,1,0.0,1,0.0,1,5238.0,1,3678.0,1,0.0,1,3415.0,1,3378.0,3420.046,3331.7815,5385.0
811,2014-10-08,4123.0,690.0,1.0,1.0,0,0.0,3.0,-0.9890402,0.14764656,-0.8660254,0.5,4,0,0,1,4244.0,1,5385.0,1,4581.0,1,5005.0,1,3175.0,1,3743.0,1,0.0,1,0.0,3749.6274,3534.4966,-1141.0
811,2014-10-09,4035.0,662.0,1.0,1.0,0,0.0,4.0,-0.9890402,0.14764656,-0.8660254,0.5,4,0,0,1,4123.0,1,4244.0,1,0.0,1,4526.0,1,3845.0,1,3381.0,1,4497.0,1,5332.0,3898.9766,3665.2751,-121.0
811,2014-10-10,4132.0,687.0,1.0,1.0,0,0.0,5.0,-0.9890402,0.14764656,-0.8660254,0.5,4,0,0,1,4035.0,1,4123.0,1,5385.0,1,5368.0,1,0.0,1,3206.0,1,4430.0,1,4039.0,3953.386,3747.4363,-88.0
811,2014-10-11,3619.0,641.0,1.0,0.0,0,0.0,6.0,-0.9890402,0.14764656,-0.8660254,0.5,4,0,0,1,4132.0,1,4035.0,1,4244.0,1,0.0,1,5238.0,1,3678.0,1,3781.0,1,3976.0,4024.8315,3832.8948,97.0
811,2014-10-12,0.0,0.0,0.0,0.0,0,0.0,7.0,-0.9890402,0.14764656,-0.8660254,0.5,4,0,0,1,3619.0,1,4132.0,1,4123.0,1,4581.0,1,5005.0,1,3175.0,1,4009.0,1,4246.0,3862.499,3785.3628,-513.0
811,2014-10-13,3857.0,642.0,1.0,0.0,0,1.0,1.0,-0.9646356,0.26358718,-0.8660254,0.5,4,0,0,1,0.0,1,3619.0,1,4035.0,1,0.0,1,4526.0,1,3845.0,1,3662.0,1,3699.0,2317.4993,2944.171,-3619.0
811,2014-10-14,3714.0,658.0,1.0,0.0,0,1.0,2.0,-0.9646356,0.26358718,-0.8660254,0.5,4,0,0,1,3857.0,1,0.0,1,4132.0,1,5385.0,1,5368.0,1,0.0,1,3447.0,1,3433.0,2933.2996,3147.022,3857.0
811,2014-10-15,3618.0,628.0,1.0,0.0,0,1.0,3.0,-0.9646356,0.26358718,-0.8660254,0.5,4,0,0,1,3714.0,1,3857.0,1,3619.0,1,4244.0,1,0.0,1,5238.0,1,0.0,1,0.0,3245.5798,3273.017,-143.0
811,2014-10-16,3336.0,628.0,1.0,0.0,0,1.0,4.0,-0.9646356,0.26358718,-0.8660254,0.5,4,0,0,1,3618.0,1,3714.0,1,0.0,1,4123.0,1,4581.0,1,5005.0,1,3743.0,1,4143.0,3394.5479,3349.68,-96.0
811,2014-10-17,3361.0,559.0,1.0,0.0,0,1.0,5.0,-0.9646356,0.26358718,-0.8660254,0.5,4,0,0,1,3336.0,1,3618.0,1,3857.0,1,4035.0,1,0.0,1,4526.0,1,3381.0,1,3513.0,3371.1287,3346.64,-282.0
811,2014-10-18,3490.0,553.0,1.0,0.0,0,0.0,6.0,-0.9646356,0.26358718,-0.8660254,0.5,4,0,0,1,3361.0,1,3336.0,1,3714.0,1,4132.0,1,5385.0,1,5368.0,1,3206.0,1,3113.0,3367.0771,3349.831,25.0
811,2014-10-19,0.0,0.0,0.0,0.0,0,0.0,7.0,-0.9646356,0.26358718,-0.8660254,0.5,4,0,0,1,3490.0,1,3361.0,1,3618.0,1,3619.0,1,4244.0,1,0.0,1,3678.0,1,3596.0,3416.2463,3380.9797,129.0
811,2014-10-20,4957.0,723.0,1.0,1.0,0,1.0,1.0,-0.9266896,0.37582758,-0.8660254,0.5,4,0,0,1,0.0,1,3490.0,1,3336.0,1,0.0,1,4123.0,1,4581.0,1,3175.0,1,4475.0,2049.7478,2629.651,-3490.0
811,2014-10-21,3771.0,643.0,1.0,1.0,0,1.0,2.0,-0.9266896,0.37582758,-0.8660254,0.5,4,0,0,1,4957.0,1,0.0,1,3361.0,1,3857.0,1,4035.0,1,0.0,1,3845.0,1,3976.0,3212.6487,3146.8396,4957.0
811,2014-10-22,3626.0,630.0,1.0,1.0,0,1.0,3.0,-0.9266896,0.37582758,-0.8660254,0.5,4,0,0,1,3771.0,1,4957.0,1,3490.0,1,3714.0,1,4132.0,1,5385.0,1,0.0,1,0.0,3435.9893,3285.542,-1186.0
811,2014-10-23,3582.0,635.0,1.0,1.0,0,1.0,4.0,-0.9266896,0.37582758,-0.8660254,0.5,4,0,0,1,3626.0,1,3771.0,1,0.0,1,3618.0,1,3619.0,1,4244.0,1,5238.0,1,5781.0,3511.9934,3361.1992,-145.0
811,2014-10-24,3769.0,660.0,1.0,1.0,0,1.0,5.0,-0.9266896,0.37582758,-0.8660254,0.5,4,0,0,1,3582.0,1,3626.0,1,4957.0,1,3336.0,1,0.0,1,4123.0,1,5005.0,1,5041.0,3539.996,3410.266,-44.0
811,2014-10-25,3259.0,576.0,1.0,0.0,0,0.0,6.0,-0.9266896,0.37582758,-0.8660254,0.5,4,0,0,1,3769.0,1,3582.0,1,3771.0,1,3361.0,1,3857.0,1,4035.0,1,4526.0,1,4227.0,3631.5977,3489.9846,187.0
811,2014-10-26,0.0,0.0,0.0,0.0,0,0.0,7.0,-0.9266896,0.37582758,-0.8660254,0.5,4,0,0,1,3259.0,1,3769.0,1,3626.0,1,3490.0,1,3714.0,1,4132.0,1,5368.0,1,4255.0,3482.5586,3438.6548,-510.0
811,2014-10-27,3734.0,670.0,1.0,0.0,0,0.0,1.0,-0.8757349,0.4827922,-0.8660254,0.5,4,0,0,1,0.0,1,3259.0,1,3582.0,1,0.0,1,3618.0,1,3619.0,1,0.0,1,3983.0,2089.5352,2674.5093,-3259.0
811,2014-10-28,3179.0,651.0,1.0,0.0,0,0.0,2.0,-0.8757349,0.4827922,-0.8660254,0.5,4,0,0,1,3734.0,1,0.0,1,3769.0,1,4957.0,1,3336.0,1,0.0,1,4581.0,1,3456.0,2747.321,2909.9517,3734.0
811,2014-10-29,3275.0,597.0,1.0,0.0,0,0.0,3.0,-0.8757349,0.4827922,-0.8660254,0.5,4,0,0,1,3179.0,1,3734.0,1,3259.0,1,3771.0,1,3361.0,1,3857.0,1,0.0,1,0.0,2919.9927,2969.7402,-555.0
811,2014-10-30,3975.0,708.0,1.0,0.0,0,0.0,4.0,-0.8757349,0.4827922,-0.8660254,0.5,4,0,0,1,3275.0,1,3179.0,1,0.0,1,3626.0,1,3490.0,1,3714.0,1,5385.0,1,4026.0,3061.9956,3037.5757,96.0
811,2014-10-31,4796.0,791.0,1.0,0.0,0,0.0,5.0,-0.8757349,0.4827922,-0.8660254,0.5,4,0,1,1,3975.0,1,3275.0,1,3734.0,1,3582.0,1,0.0,1,3618.0,1,4244.0,1,3880.0,3427.1973,3245.892,700.0
811,2014-11-01,4404.0,706.0,1.0,0.0,0,0.0,6.0,-0.8757349,0.4827922,-0.5,0.8660254,4,1,0,1,4796.0,1,3975.0,1,3179.0,1,3769.0,1,4957.0,1,3336.0,1,4123.0,1,3547.0,3974.7185,3590.3606,821.0
811,2014-11-02,0.0,0.0,0.0,0.0,0,0.0,7.0,-0.8757349,0.4827922,-0.5,0.8660254,4,0,0,1,4404.0,1,4796.0,1,3275.0,1,3259.0,1,3771.0,1,3361.0,1,4035.0,1,3280.0,4146.431,3771.1694,-392.0
811,2014-11-03,5232.0,763.0,1.0,1.0,0,0.0,1.0,-0.8124869,0.5829795,-0.5,0.8660254,4,0,0,1,0.0,1,4404.0,1,3975.0,1,0.0,1,3626.0,1,3490.0,1,4132.0,1,3535.0,2487.8586,2933.1318,-4404.0
811,2014-11-04,4515.0,721.0,1.0,1.0,0,0.0,2.0,-0.8124869,0.5829795,-0.5,0.8660254,4,0,0,1,5232.0,1,0.0,1,4796.0,1,3734.0,1,3582.0,1,0.0,1,3619.0,1,3415.0,3585.5151,3443.9915,5232.0
811,2014-11-05,3628.0,588.0,1.0,1.0,0,0.0,3.0,-0.8124869,0.5829795,-0.5,0.8660254,4,0,0,1,4515.0,1,5232.0,1,4404.0,1,3179.0,1,3769.0,1,4957.0,1,0.0,1,0.0,3957.309,3681.9932,-717.0
811,2014-11-06,3993.0,674.0,1.0,1.0,0,0.0,4.0,-0.8124869,0.5829795,-0.5,0.8660254,4,0,0,1,3628.0,1,4515.0,1,0.0,1,3275.0,1,3259.0,1,3771.0,1,3857.0,1,4497.0,3825.5854,3669.9949,-887.0
811,2014-11-07,4332.0,694.0,1.0,1.0,0,0.0,5.0,-0.8124869,0.5829795,-0.5,0.8660254,4,0,0,1,3993.0,1,3628.0,1,5232.0,1,3975.0,1,0.0,1,3626.0,1,3714.0,1,4430.0,3892.5513,3741.7737,365.0
811,2014-11-08,3682.0,675.0,1.0,0.0,0,0.0,6.0,-0.8124869,0.5829795,-0.5,0.8660254,4,0,0,1,4332.0,1,3993.0,1,4515.0,1,4796.0,1,3734.0,1,3582.0,1,3618.0,1,3781.0,4068.3308,3872.935,339.0
811,2014-11-09,0.0,0.0,0.0,0.0,0,0.0,7.0,-0.8124869,0.5829795,-0.5,0.8660254,4,0,0,1,3682.0,1,4332.0,1,3628.0,1,4404.0,1,3179.0,1,3769.0,1,3336.0,1,4009.0,3913.7983,3830.5051,-650.0
811,2014-11-10,4192.0,696.0,1.0,1.0,0,0.0,1.0,-0.73783326,0.674983,-0.5,0.8660254,4,0,0,1,0.0,1,3682.0,1,3993.0,1,0.0,1,3275.0,1,3259.0,1,3361.0,1,3662.0,2348.279,2979.2817,-3682.0
811,2014-11-11,4012.0,670.0,1.0,1.0,0,0.0,2.0,-0.73783326,0.674983,-0.5,0.8660254,4,0,0,1,4192.0,1,0.0,1,4332.0,1,5232.0,1,3975.0,1,0.0,1,3490.0,1,3447.0,3085.7673,3248.7747,4192.0
811,2014-11-12,3575.0,606.0,1.0,1.0,0,0.0,3.0,-0.73783326,0.674983,-0.5,0.8660254,4,0,0,1,4012.0,1,4192.0,1,3682.0,1,4515.0,1,4796.0,1,3734.0,1,0.0,1,0.0,3456.2605,3418.3804,-180.0
811,2014-11-13,4085.0,681.0,1.0,1.0,0,0.0,4.0,-0.73783326,0.674983,-0.5,0.8660254,4,0,0,1,3575.0,1,4012.0,1,0.0,1,3628.0,1,4404.0,1,3179.0,1,4957.0,1,3743.0,3503.7563,3453.1846,-437.0
811,2014-11-14,3965.0,629.0,1.0,1.0,0,0.0,5.0,-0.73783326,0.674983,-0.5,0.8660254,4,0,0,1,4085.0,1,3575.0,1,4192.0,1,3993.0,1,0.0,1,3275.0,1,3771.0,1,3381.0,3736.2537,3593.5881,510.0
811,2014-11-15,3829.0,616.0,1.0,0.0,0,0.0,6.0,-0.73783326,0.674983,-0.5,0.8660254,4,0,0,1,3965.0,1,4085.0,1,4012.0,1,4332.0,1,5232.0,1,3975.0,1,3626.0,1,3206.0,3827.7522,3676.124,-120.0
811,2014-11-16,0.0,0.0,0.0,0.0,0,0.0,7.0,-0.73783326,0.674983,-0.5,0.8660254,4,0,0,1,3829.0,1,3965.0,1,3575.0,1,3682.0,1,4515.0,1,4796.0,1,3582.0,1,3678.0,3828.2515,3710.0964,-136.0
811,2014-11-17,3524.0,653.0,1.0,0.0,0,0.0,1.0,-0.65282214,0.75751126,-0.5,0.8660254,4,0,0,1,0.0,1,3829.0,1,4085.0,1,0.0,1,3628.0,1,4404.0,1,3769.0,1,3175.0,2296.951,2885.6306,-3829.0
811,2014-11-18,3193.0,604.0,1.0,0.0,0,0.0,2.0,-0.65282214,0.75751126,-0.5,0.8660254,4,0,0,1,3524.0,1,0.0,1,3965.0,1,4192.0,1,3993.0,1,0.0,1,3259.0,1,3845.0,2787.7705,3027.4905,3524.0
811,2014-11-19,3555.0,611.0,1.0,0.0,0,0.0,3.0,-0.65282214,0.75751126,-0.5,0.8660254,4,0,0,1,3193.0,1,3524.0,1,3829.0,1,4012.0,1,4332.0,1,5232.0,1,0.0,1,0.0,2949.8623,3064.2703,-331.0
811,2014-11-20,3316.0,593.0,1.0,0.0,0,0.0,4.0,-0.65282214,0.75751126,-0.5,0.8660254,4,0,0,1,3555.0,1,3193.0,1,0.0,1,3575.0,1,3682.0,1,4515.0,1,3734.0,1,5238.0,3191.9175,3173.3213,362.0
811,2014-11-21,3805.0,634.0,1.0,0.0,0,0.0,5.0,-0.65282214,0.75751126,-0.5,0.8660254,4,0,0,1,3316.0,1,3555.0,1,3524.0,1,4085.0,1,0.0,1,3628.0,1,3179.0,1,5005.0,3241.5505,3205.0278,-239.0
811,2014-11-22,3686.0,623.0,1.0,0.0,0,0.0,6.0,-0.65282214,0.75751126,-0.5,0.8660254,4,0,0,1,3805.0,1,3316.0,1,3193.0,1,3965.0,1,4192.0,1,3993.0,1,3275.0,1,4526.0,3466.9302,3338.355,489.0
811,2014-11-23,0.0,0.0,0.0,0.0,0,0.0,7.0,-0.65282214,0.75751126,-0.5,0.8660254,4,0,0,1,3686.0,1,3805.0,1,3555.0,1,3829.0,1,4012.0,1,4332.0,1,3975.0,1,5368.0,3554.558,3415.6094,-119.0
811,2014-11-24,5782.0,881.0,1.0,1.0,0,0.0,1.0,-0.55864674,0.82940567,-0.5,0.8660254,4,0,0,1,0.0,1,3686.0,1,3316.0,1,0.0,1,3575.0,1,3682.0,1,4796.0,1,0.0,2132.7349,2656.585,-3686.0
811,2014-11-25,4967.0,724.0,1.0,1.0,0,0.0,2.0,-0.55864674,0.82940567,-0.5,0.8660254,4,0,0,1,5782.0,1,0.0,1,3805.0,1,3524.0,1,4085.0,1,0.0,1,4404.0,1,4581.0,3592.441,3351.1218,5782.0
811,2014-11-26,4286.0,732.0,1.0,1.0,0,0.0,3.0,-0.55864674,0.82940567,-0.5,0.8660254,4,0,0,1,4967.0,1,5782.0,1,3686.0,1,3193.0,1,3965.0,1,4192.0,1,0.0,1,0.0,4142.2646,3710.2058,-815.0
811,2014-11-27,4960.0,780.0,1.0,1.0,0,0.0,4.0,-0.55864674,0.82940567,-0.5,0.8660254,4,0,0,1,4286.0,1,4967.0,1,0.0,1,3555.0,1,3829.0,1,4012.0,1,5232.0,1,5385.0,4199.759,3838.1602,-681.0
811,2014-11-28,7223.0,1124.0,1.0,1.0,0,0.0,5.0,-0.55864674,0.82940567,-0.5,0.8660254,4,0,0,1,4960.0,1,4286.0,1,5782.0,1,3316.0,1,0.0,1,3575.0,1,4515.0,1,4244.0,4503.8555,4087.4578,674.0
811,2014-11-29,6832.0,1108.0,1.0,0.0,0,0.0,6.0,-0.55864674,0.82940567,-0.5,0.8660254,4,0,0,1,7223.0,1,4960.0,1,4967.0,1,3805.0,1,3524.0,1,4085.0,1,3628.0,1,4123.0,5591.513,4784.245,2263.0
811,2014-11-30,0.0,0.0,0.0,0.0,0,0.0,7.0,-0.55864674,0.82940567,-0.5,0.8660254,4,0,1,1,6832.0,1,7223.0,1,4286.0,1,3686.0,1,3193.0,1,3965.0,1,3993.0,1,4035.0,6087.708,5239.302,-391.0
811,2014-12-01,7400.0,1022.0,1.0,1.0,0,0.0,1.0,-0.45662925,0.8896571,-2.4492937e-16,1.0,4,1,0,1,0.0,1,6832.0,1,4960.0,1,0.0,1,3555.0,1,3829.0,1,4332.0,1,4132.0,3652.6248,4075.0125,-6832.0
811,2014-12-02,6000.0,921.0,1.0,1.0,0,0.0,2.0,-0.45662925,0.8896571,-2.4492937e-16,1.0,4,0,0,1,7400.0,1,0.0,1,7223.0,1,5782.0,1,3316.0,1,0.0,1,3682.0,1,3619.0,5151.5747,4813.8984,7400.0
811,2014-12-03,5403.0,844.0,1.0,1.0,0,0.0,3.0,-0.45662925,0.8896571,-2.4492937e-16,1.0,4,0,0,1,6000.0,1,7400.0,1,6832.0,1,4967.0,1,3805.0,1,3524.0,1,0.0,1,0.0,5490.945,5077.4766,-1400.0
811,2014-12-04,6237.0,948.0,1.0,1.0,0,0.0,4.0,-0.45662925,0.8896571,-2.4492937e-16,1.0,4,0,0,1,5403.0,1,6000.0,1,0.0,1,4286.0,1,3686.0,1,3193.0,1,4192.0,1,3857.0,5455.767,5149.815,-597.0
811,2014-12-05,6688.0,1016.0,1.0,1.0,0,0.0,5.0,-0.45662925,0.8896571,-2.4492937e-16,1.0,4,0,0,1,6237.0,1,5403.0,1,7400.0,1,4960.0,1,0.0,1,3555.0,1,4012.0,1,3714.0,5768.2603,5391.4116,834.0
811,2014-12-06,6963.0,1171.0,1.0,0.0,0,0.0,6.0,-0.45662925,0.8896571,-2.4492937e-16,1.0,4,0,0,1,6688.0,1,6237.0,1,6000.0,1,7223.0,1,5782.0,1,3316.0,1,3575.0,1,3618.0,6136.1562,5679.5425,451.0
811,2014-12-07,0.0,0.0,0.0,0.0,0,0.0,7.0,-0.45662925,0.8896571,-2.4492937e-16,1.0,4,0,0,1,6963.0,1,6688.0,1,5403.0,1,6832.0,1,4967.0,1,3805.0,1,4085.0,1,3336.0,6466.8936,5964.7554,275.0
811,2014-12-08,5307.0,887.0,1.0,0.0,0,0.0,1.0,-0.34820163,0.93741965,-2.4492937e-16,1.0,4,0,0,1,0.0,1,6963.0,1,6237.0,1,0.0,1,4286.0,1,3686.0,1,3965.0,1,3361.0,3880.1362,4639.254,-6963.0
811,2014-12-09,4620.0,761.0,1.0,0.0,0,0.0,2.0,-0.34820163,0.93741965,-2.4492937e-16,1.0,4,0,0,1,5307.0,1,0.0,1,6688.0,1,7400.0,1,4960.0,1,0.0,1,3829.0,1,3490.0,4450.882,4787.642,5307.0
811,2014-12-10,4679.0,724.0,1.0,0.0,0,0.0,3.0,-0.34820163,0.93741965,-2.4492937e-16,1.0,4,0,0,1,4620.0,1,5307.0,1,6963.0,1,6000.0,1,7223.0,1,5782.0,1,0.0,1,0.0,4518.529,4750.388,-687.0
811,2014-12-11,4490.0,780.0,1.0,0.0,0,0.0,4.0,-0.34820163,0.93741965,-2.4492937e-16,1.0,4,0,0,1,4679.0,1,4620.0,1,0.0,1,5403.0,1,6832.0,1,4967.0,1,3524.0,1,4957.0,4582.7173,4734.5244,59.0
811,2014-12-12,3894.0,703.0,1.0,0.0,0,0.0,5.0,-0.34820163,0.93741965,-2.4492937e-16,1.0,4,0,0,1,4490.0,1,4679.0,1,5307.0,1,6237.0,1,0.0,1,4286.0,1,3193.0,1,3771.0,4545.6304,4680.1855,-189.0
811,2014-12-13,6844.0,1066.0,1.0,0.0,0,0.0,6.0,-0.34820163,0.93741965,-2.4492937e-16,1.0,4,0,0,1,3894.0,1,4490.0,1,4620.0,1,6688.0,1,7400.0,1,4960.0,1,3555.0,1,3626.0,4284.978,4505.4775,-596.0
811,2014-12-14,0.0,0.0,0.0,0.0,0,0.0,7.0,-0.34820163,0.93741965,-2.4492937e-16,1.0,4,0,0,1,6844.0,1,3894.0,1,4679.0,1,6963.0,1,6000.0,1,7223.0,1,3316.0,1,3582.0,5308.587,5025.1494,2950.0
811,2014-12-15,6982.0,938.0,1.0,1.0,0,0.0,1.0,-0.23488605,0.9720229,-2.4492937e-16,1.0,4,0,0,1,0.0,1,6844.0,1,4490.0,1,0.0,1,5403.0,1,6832.0,1,3805.0,1,3769.0,3185.152,3908.4495,-6844.0
811,2014-12-16,5969.0,891.0,1.0,1.0,0,0.0,2.0,-0.23488605,0.9720229,-2.4492937e-16,1.0,4,0,0,1,6982.0,1,0.0,1,3894.0,1,5307.0,1,6237.0,1,0.0,1,3686.0,1,3259.0,4703.891,4591.4604,6982.0
811,2014-12-17,5558.0,873.0,1.0,1.0,0,0.0,3.0,-0.23488605,0.9720229,-2.4492937e-16,1.0,4,0,0,1,5969.0,1,6982.0,1,6844.0,1,4620.0,1,6688.0,1,7400.0,1,0.0,1,0.0,5209.9346,4897.5806,-1013.0
811,2014-12-18,5856.0,887.0,1.0,1.0,0,0.0,4.0,-0.23488605,0.9720229,-2.4492937e-16,1.0,4,0,0,1,5558.0,1,5969.0,1,0.0,1,4679.0,1,6963.0,1,6000.0,1,5782.0,1,3734.0,5349.1606,5044.3403,-411.0
811,2014-12-19,5949.0,909.0,1.0,1.0,0,0.0,5.0,-0.23488605,0.9720229,-2.4492937e-16,1.0,4,0,0,1,5856.0,1,5558.0,1,6982.0,1,4490.0,1,0.0,1,5403.0,1,4967.0,1,3179.0,5551.8965,5224.709,298.0
811,2014-12-20,6347.0,919.0,1.0,0.0,0,0.0,6.0,-0.23488605,0.9720229,-2.4492937e-16,1.0,4,0,0,1,5949.0,1,5856.0,1,5969.0,1,3894.0,1,5307.0,1,6237.0,1,4286.0,1,3275.0,5710.738,5385.6626,93.0
811,2014-12-21,0.0,0.0,0.0,0.0,0,0.0,7.0,-0.23488605,0.9720229,-2.4492937e-16,1.0,4,0,0,1,6347.0,1,5949.0,1,5558.0,1,6844.0,1,4620.0,1,6688.0,1,4960.0,1,3975.0,5965.2427,5599.2935,398.0
811,2014-12-22,6436.0,949.0,1.0,0.0,0,1.0,1.0,-0.11827317,0.9929811,-2.4492937e-16,1.0,4,0,0,1,0.0,1,6347.0,1,5856.0,1,0.0,1,4679.0,1,6963.0,1,7223.0,1,4796.0,3579.1458,4355.006,-6347.0
811,2014-12-23,6650.0,990.0,1.0,0.0,0,1.0,2.0,-0.11827317,0.9929811,-2.4492937e-16,1.0,4,0,0,1,6436.0,1,0.0,1,5949.0,1,6982.0,1,4490.0,1,0.0,1,6832.0,1,4404.0,4721.887,4817.449,6436.0
811,2014-12-24,2188.0,357.0,1.0,0.0,0,1.0,3.0,-0.11827317,0.9929811,-2.4492937e-16,1.0,4,0,0,1,6650.0,1,6436.0,1,6347.0,1,5969.0,1,3894.0,1,5307.0,1,0.0,1,0.0,5493.1323,5224.6826,214.0
811,2014-12-25,0.0,0.0,0.0,0.0,3,1.0,4.0,-0.11827317,0.9929811,-2.4492937e-16,1.0,4,0,0,1,2188.0,1,6650.0,1,0.0,1,5558.0,1,6844.0,1,4620.0,1,7400.0,1,5232.0,4171.0796,4549.8643,-4462.0
811,2014-12-26,0.0,0.0,0.0,0.0,3,1.0,5.0,-0.11827317,0.9929811,-2.4492937e-16,1.0,4,0,0,1,0.0,1,2188.0,1,6436.0,1,5856.0,1,0.0,1,4679.0,1,6000.0,1,4515.0,2502.6477,3538.7832,-2188.0
811,2014-12-27,5385.0,834.0,1.0,0.0,0,0.0,6.0,-0.11827317,0.9929811,-2.4492937e-16,1.0,4,0,0,1,0.0,1,0.0,1,6650.0,1,5949.0,1,6982.0,1,4490.0,1,5403.0,1,3628.0,1501.5886,2752.387,0.0
811,2014-12-28,0.0,0.0,0.0,0.0,0,0.0,7.0,-0.11827317,0.9929811,-2.4492937e-16,1.0,4,0,0,1,5385.0,1,0.0,1,2188.0,1,6347.0,1,5969.0,1,3894.0,1,6237.0,1,3993.0,3054.9531,3337.412,5385.0
811,2014-12-29,5448.0,843.0,1.0,0.0,0,1.0,1.0,0.11827317,0.9929811,-2.4492937e-16,1.0,4,0,0,1,0.0,1,5385.0,1,0.0,1,0.0,1,5558.0,1,6844.0,1,6688.0,1,4332.0,1832.9719,2595.765,-5385.0
811,2014-12-30,5697.0,877.0,1.0,0.0,0,1.0,2.0,0.11827317,0.9929811,-2.4492937e-16,1.0,4,0,0,1,5448.0,1,0.0,1,0.0,1,6436.0,1,5856.0,1,0.0,1,6963.0,1,3682.0,3278.9832,3229.595,5448.0
811,2014-12-31,2623.0,442.0,1.0,0.0,0,1.0,3.0,0.11827317,0.9929811,-2.4492937e-16,1.0,4,0,1,1,5697.0,1,5448.0,1,5385.0,1,6650.0,1,5949.0,1,6982.0,1,0.0,1,0.0,4246.19,3777.9072,249.0
811,2015-01-01,0.0,0.0,0.0,0.0,1,1.0,4.0,0.11827317,0.9929811,0.5,0.8660254,1,1,0,1,2623.0,1,5697.0,1,0.0,1,2188.0,1,6347.0,1,5969.0,1,5307.0,1,4192.0,3596.9138,3521.2612,-3074.0
811,2015-01-02,3843.0,648.0,1.0,0.0,0,1.0,5.0,0.11827317,0.9929811,0.5,0.8660254,1,0,0,1,0.0,1,2623.0,1,5448.0,1,0.0,1,0.0,1,5558.0,1,4620.0,1,4012.0,2158.1484,2738.7588,-2623.0
811,2015-01-03,3321.0,512.0,1.0,0.0,0,0.0,6.0,0.11827317,0.9929811,0.5,0.8660254,1,0,0,1,3843.0,1,0.0,1,5697.0,1,0.0,1,6436.0,1,5856.0,1,4679.0,1,3575.0,2832.089,2984.1458,3843.0
811,2015-01-04,0.0,0.0,0.0,0.0,0,0.0,7.0,0.11827317,0.9929811,0.5,0.8660254,1,0,0,1,3321.0,1,3843.0,1,2623.0,1,5385.0,1,6650.0,1,5949.0,1,4490.0,1,4085.0,3027.6533,3059.0022,-522.0
811,2015-01-05,4963.0,773.0,1.0,1.0,0,1.0,1.0,0.23488605,0.9720229,0.5,0.8660254,1,0,0,1,0.0,1,3321.0,1,0.0,1,0.0,1,2188.0,1,6347.0,1,3894.0,1,3965.0,1816.592,2379.2239,-3321.0
811,2015-01-06,4071.0,641.0,1.0,1.0,0,1.0,2.0,0.23488605,0.9720229,0.5,0.8660254,1,0,0,1,4963.0,1,0.0,1,3843.0,1,5448.0,1,0.0,1,0.0,1,6844.0,1,3829.0,3075.1553,2953.3965,4963.0
811,2015-01-07,4168.0,643.0,1.0,1.0,0,0.0,3.0,0.23488605,0.9720229,0.5,0.8660254,1,0,0,1,4071.0,1,4963.0,1,3321.0,1,5697.0,1,0.0,1,6436.0,1,0.0,1,0.0,3473.4932,3201.7527,-892.0
811,2015-01-08,3687.0,561.0,1.0,1.0,0,0.0,4.0,0.23488605,0.9720229,0.5,0.8660254,1,0,0,1,4168.0,1,4071.0,1,0.0,1,2623.0,1,5385.0,1,6650.0,1,6982.0,1,3524.0,3751.296,3416.4744,97.0
811,2015-01-09,3100.0,510.0,1.0,1.0,0,0.0,5.0,0.23488605,0.9720229,0.5,0.8660254,1,0,0,1,3687.0,1,4168.0,1,4963.0,1,0.0,1,0.0,1,2188.0,1,5969.0,1,3193.0,3725.5776,3476.591,-481.0
811,2015-01-10,3165.0,477.0,1.0,0.0,0,0.0,6.0,0.23488605,0.9720229,0.5,0.8660254,1,0,0,1,3100.0,1,3687.0,1,4071.0,1,3843.0,1,5448.0,1,0.0,1,5558.0,1,3555.0,3475.3464,3392.9043,-587.0
811,2015-01-11,0.0,0.0,0.0,0.0,0,0.0,7.0,0.23488605,0.9720229,0.5,0.8660254,1,0,0,1,3165.0,1,3100.0,1,4168.0,1,3321.0,1,5697.0,1,0.0,1,5856.0,1,3316.0,3351.208,3342.2588,65.0
811,2015-01-12,4671.0,683.0,1.0,1.0,0,0.0,1.0,0.34820163,0.93741965,0.5,0.8660254,1,0,0,1,0.0,1,3165.0,1,3687.0,1,0.0,1,2623.0,1,5385.0,1,5949.0,1,3805.0,2010.7247,2599.5347,-3165.0
811,2015-01-13,4063.0,613.0,1.0,1.0,0,0.0,2.0,0.34820163,0.93741965,0.5,0.8660254,1,0,0,1,4671.0,1,0.0,1,3100.0,1,4963.0,1,0.0,1,0.0,1,6347.0,1,3686.0,3074.835,3059.8604,4671.0
811,2015-01-14,4062.0,654.0,1.0,1.0,0,0.0,3.0,0.34820163,0.93741965,0.5,0.8660254,1,0,0,1,4063.0,1,4671.0,1,3165.0,1,4071.0,1,3843.0,1,5448.0,1,0.0,1,0.0,3470.1008,3282.7803,-608.0
811,2015-01-15,3661.0,595.0,1.0,1.0,0,0.0,4.0,0.34820163,0.93741965,0.5,0.8660254,1,0,0,1,4062.0,1,4063.0,1,0.0,1,4168.0,1,3321.0,1,5697.0,1,6436.0,1,5782.0,3706.8606,3455.9402,-1.0
811,2015-01-16,4264.0,674.0,1.0,1.0,0,0.0,5.0,0.34820163,0.93741965,0.5,0.8660254,1,0,0,1,3661.0,1,4062.0,1,4671.0,1,3687.0,1,0.0,1,2623.0,1,6650.0,1,4967.0,3688.5164,3501.509,-401.0
811,2015-01-17,3649.0,596.0,1.0,0.0,0,0.0,6.0,0.34820163,0.93741965,0.5,0.8660254,1,0,0,1,4264.0,1,3661.0,1,4063.0,1,3100.0,1,4963.0,1,0.0,1,2188.0,1,4286.0,3918.7097,3670.9514,603.0
811,2015-01-18,0.0,0.0,0.0,0.0,0,0.0,7.0,0.34820163,0.93741965,0.5,0.8660254,1,0,0,1,3649.0,1,4264.0,1,4062.0,1,3165.0,1,4071.0,1,3843.0,1,0.0,1,4960.0,3810.826,3666.0732,-615.0
811,2015-01-19,3372.0,587.0,1.0,0.0,0,0.0,1.0,0.45662925,0.8896571,0.5,0.8660254,1,0,0,1,0.0,1,3649.0,1,3661.0,1,0.0,1,4168.0,1,3321.0,1,0.0,1,7223.0,2286.4956,2851.3904,-3649.0
811,2015-01-20,3428.0,573.0,1.0,0.0,0,0.0,2.0,0.45662925,0.8896571,0.5,0.8660254,1,0,0,1,3372.0,1,0.0,1,4264.0,1,4671.0,1,3687.0,1,0.0,1,5385.0,1,6832.0,2720.6973,2967.0813,3372.0
811,2015-01-21,3101.0,539.0,1.0,0.0,0,0.0,3.0,0.45662925,0.8896571,0.5,0.8660254,1,0,0,1,3428.0,1,3372.0,1,3649.0,1,4063.0,1,3100.0,1,4963.0,1,0.0,1,0.0,3003.6184,3069.5078,56.0
811,2015-01-22,2948.0,555.0,1.0,0.0,0,0.0,4.0,0.45662925,0.8896571,0.5,0.8660254,1,0,0,1,3101.0,1,3428.0,1,0.0,1,4062.0,1,3165.0,1,4071.0,1,5448.0,1,7400.0,3042.571,3076.506,-327.0
811,2015-01-23,3310.0,542.0,1.0,0.0,0,0.0,5.0,0.45662925,0.8896571,0.5,0.8660254,1,0,0,1,2948.0,1,3101.0,1,3372.0,1,3661.0,1,0.0,1,4168.0,1,5697.0,1,6000.0,3004.7427,3047.9492,-153.0
811,2015-01-24,3346.0,531.0,1.0,0.0,0,0.0,6.0,0.45662925,0.8896571,0.5,0.8660254,1,0,0,1,3310.0,1,2948.0,1,3428.0,1,4264.0,1,4671.0,1,3687.0,1,2623.0,1,5403.0,3126.8455,3106.1826,362.0
811,2015-01-25,0.0,0.0,0.0,0.0,0,0.0,7.0,0.45662925,0.8896571,0.5,0.8660254,1,0,0,1,3346.0,1,3310.0,1,3101.0,1,3649.0,1,4063.0,1,3100.0,1,0.0,1,6237.0,3214.5073,3159.4753,36.0
811,2015-01-26,4153.0,651.0,1.0,1.0,0,0.0,1.0,0.55864674,0.82940567,0.5,0.8660254,1,0,0,1,0.0,1,3346.0,1,2948.0,1,0.0,1,4062.0,1,3165.0,1,3843.0,1,6688.0,1928.7043,2457.3699,-3346.0
811,2015-01-27,4260.0,690.0,1.0,1.0,0,0.0,2.0,0.55864674,0.82940567,0.5,0.8660254,1,0,0,1,4153.0,1,0.0,1,3310.0,1,3372.0,1,3661.0,1,0.0,1,3321.0,1,6963.0,2818.4226,2834.1765,4153.0
811,2015-01-28,3502.0,576.0,1.0,1.0,0,0.0,3.0,0.55864674,0.82940567,0.5,0.8660254,1,0,0,1,4260.0,1,4153.0,1,3346.0,1,3428.0,1,4264.0,1,4671.0,1,0.0,1,0.0,3395.0535,3151.0261,107.0
811,2015-01-29,4279.0,619.0,1.0,1.0,0,0.0,4.0,0.55864674,0.82940567,0.5,0.8660254,1,0,0,1,3502.0,1,4260.0,1,0.0,1,3101.0,1,3649.0,1,4063.0,1,4963.0,1,5307.0,3437.832,3229.0203,-758.0
811,2015-01-30,4722.0,726.0,1.0,1.0,0,0.0,5.0,0.55864674,0.82940567,0.5,0.8660254,1,0,0,1,4279.0,1,3502.0,1,4153.0,1,2948.0,1,0.0,1,4062.0,1,4071.0,1,4620.0,3774.2993,3462.349,777.0
811,2015-01-31,3955.0,644.0,1.0,0.0,0,0.0,6.0,0.55864674,0.82940567,0.5,0.8660254,1,0,1,1,4722.0,1,4279.0,1,4260.0,1,3310.0,1,3372.0,1,3661.0,1,4168.0,1,4679.0,4153.3794,3742.2715,443.0
811,2015-02-01,0.0,0.0,0.0,0.0,0,0.0,7.0,0.55864674,0.82940567,0.8660254,0.5,1,1,0,1,3955.0,1,4722.0,1,3502.0,1,3346.0,1,3428.0,1,4264.0,1,3687.0,1,4490.0,4074.0278,3789.5444,-767.0
811,2015-02-02,5339.0,801.0,1.0,1.0,0,0.0,1.0,0.65282214,0.75751126,0.8660254,0.5,1,0,0,1,0.0,1,3955.0,1,4279.0,1,0.0,1,3101.0,1,3649.0,1,3100.0,1,3894.0,2444.4167,2947.4236,-3955.0
811,2015-02-03,4485.0,694.0,1.0,1.0,0,0.0,2.0,0.65282214,0.75751126,0.8660254,0.5,1,0,0,1,5339.0,1,0.0,1,4722.0,1,4153.0,1,2948.0,1,0.0,1,3165.0,1,6844.0,3602.25,3478.885,5339.0
811,2015-02-04,3883.0,636.0,1.0,1.0,0,0.0,3.0,0.65282214,0.75751126,0.8660254,0.5,1,0,0,1,4485.0,1,5339.0,1,3955.0,1,4260.0,1,3310.0,1,3372.0,1,0.0,1,0.0,3955.35,3702.466,-854.0
811,2015-02-05,3720.0,638.0,1.0,1.0,0,0.0,4.0,0.65282214,0.75751126,0.8660254,0.5,1,0,0,1,3883.0,1,4485.0,1,0.0,1,3502.0,1,3346.0,1,3428.0,1,4671.0,1,6982.0,3926.41,3742.5847,-602.0
811,2015-02-06,3691.0,627.0,1.0,1.0,0,0.0,5.0,0.65282214,0.75751126,0.8660254,0.5,1,0,0,1,3720.0,1,3883.0,1,5339.0,1,4279.0,1,0.0,1,3101.0,1,4063.0,1,5969.0,3843.846,3737.566,-163.0
811,2015-02-07,3772.0,576.0,1.0,0.0,0,0.0,6.0,0.65282214,0.75751126,0.8660254,0.5,1,0,0,1,3691.0,1,3720.0,1,4485.0,1,4722.0,1,4153.0,1,2948.0,1,4062.0,1,5558.0,3782.7075,3727.218,-29.0
811,2015-02-08,0.0,0.0,0.0,0.0,0,0.0,7.0,0.65282214,0.75751126,0.8660254,0.5,1,0,0,1,3772.0,1,3691.0,1,3883.0,1,3955.0,1,4260.0,1,3310.0,1,3661.0,1,5856.0,3778.4246,3737.1694,81.0
811,2015-02-09,3470.0,648.0,1.0,0.0,0,0.0,1.0,0.73783326,0.674983,0.8660254,0.5,1,0,0,1,0.0,1,3772.0,1,3720.0,1,0.0,1,3502.0,1,3346.0,1,4264.0,1,5949.0,2267.0547,2906.6875,-3772.0
811,2015-02-10,3213.0,598.0,1.0,0.0,0,0.0,2.0,0.73783326,0.674983,0.8660254,0.5,1,0,0,1,3470.0,1,0.0,1,3691.0,1,5339.0,1,4279.0,1,0.0,1,3649.0,1,6347.0,2748.233,3031.868,3470.0
811,2015-02-11,3544.0,607.0,1.0,0.0,0,0.0,3.0,0.73783326,0.674983,0.8660254,0.5,1,0,0,1,3213.0,1,3470.0,1,3772.0,1,4485.0,1,4722.0,1,4153.0,1,0.0,1,0.0,2934.1396,3072.1196,-257.0
811,2015-02-12,3620.0,618.0,1.0,0.0,0,0.0,4.0,0.73783326,0.674983,0.8660254,0.5,1,0,0,1,3544.0,1,3213.0,1,0.0,1,3883.0,1,3955.0,1,4260.0,1,3372.0,1,6436.0,3178.0837,3176.982,331.0
811,2015-02-13,3598.0,614.0,1.0,0.0,0,0.0,5.0,0.73783326,0.674983,0.8660254,0.5,1,0,0,1,3620.0,1,3544.0,1,3470.0,1,3720.0,1,0.0,1,3502.0,1,3428.0,1,6650.0,3354.8503,3275.4304,76.0
811,2015-02-14,4013.0,685.0,1.0,0.0,0,0.0,6.0,0.73783326,0.674983,0.8660254,0.5,1,0,0,1,3598.0,1,3620.0,1,3213.0,1,3691.0,1,5339.0,1,4279.0,1,3101.0,1,2188.0,3452.11,3347.1125,-22.0
811,2015-02-15,0.0,0.0,0.0,0.0,0,0.0,7.0,0.73783326,0.674983,0.8660254,0.5,1,0,0,1,4013.0,1,3598.0,1,3544.0,1,3772.0,1,4485.0,1,4722.0,1,2948.0,1,0.0,3676.466,3495.0874,415.0
811,2015-02-16,4530.0,687.0,1.0,1.0,0,0.0,1.0,0.8124869,0.5829795,0.8660254,0.5,1,0,0,1,0.0,1,4013.0,1,3620.0,1,0.0,1,3883.0,1,3955.0,1,3310.0,1,0.0,2205.8796,2718.4014,-4013.0
811,2015-02-17,3863.0,611.0,1.0,1.0,0,0.0,2.0,0.8124869,0.5829795,0.8660254,0.5,1,0,0,1,4530.0,1,0.0,1,3598.0,1,3470.0,1,3720.0,1,0.0,1,3346.0,1,5385.0,3135.5278,3120.9788,4530.0
811,2015-02-18,4024.0,630.0,1.0,1.0,0,0.0,3.0,0.8124869,0.5829795,0.8660254,0.5,1,0,0,1,3863.0,1,4530.0,1,4013.0,1,3213.0,1,3691.0,1,5339.0,1,0.0,1,0.0,3426.5166,3285.8726,-667.0
811,2015-02-19,3467.0,601.0,1.0,1.0,0,0.0,4.0,0.8124869,0.5829795,0.8660254,0.5,1,0,0,1,4024.0,1,3863.0,1,0.0,1,3544.0,1,3772.0,1,4485.0,1,4153.0,1,5448.0,3665.51,3449.901,161.0
811,2015-02-20,3445.0,556.0,1.0,1.0,0,0.0,5.0,0.8124869,0.5829795,0.8660254,0.5,1,0,0,1,3467.0,1,4024.0,1,4530.0,1,3620.0,1,0.0,1,3883.0,1,4260.0,1,5697.0,3586.106,3453.7007,-557.0
811,2015-02-21,2871.0,500.0,1.0,0.0,0,0.0,6.0,0.8124869,0.5829795,0.8660254,0.5,1,0,0,1,3445.0,1,3467.0,1,3863.0,1,3598.0,1,3470.0,1,3720.0,1,3502.0,1,2623.0,3529.6636,3451.767,-22.0
811,2015-02-22,0.0,0.0,0.0,0.0,0,0.0,7.0,0.8124869,0.5829795,0.8660254,0.5,1,0,0,1,2871.0,1,3445.0,1,4024.0,1,4013.0,1,3213.0,1,3691.0,1,4279.0,1,0.0,3266.1982,3322.7078,-574.0
811,2015-02-23,3430.0,609.0,1.0,0.0,0,0.0,1.0,0.8757349,0.4827922,0.8660254,0.5,1,0,0,1,0.0,1,2871.0,1,3467.0,1,0.0,1,3544.0,1,3772.0,1,4722.0,1,3843.0,1959.7189,2584.3284,-2871.0
811,2015-02-24,3222.0,579.0,1.0,0.0,0,0.0,2.0,0.8757349,0.4827922,0.8660254,0.5,1,0,0,1,3430.0,1,0.0,1,3445.0,1,4530.0,1,3620.0,1,0.0,1,3955.0,1,3321.0,2547.8313,2772.2554,3430.0
811,2015-02-25,3102.0,555.0,1.0,0.0,0,0.0,3.0,0.8757349,0.4827922,0.8660254,0.5,1,0,0,1,3222.0,1,3430.0,1,2871.0,1,3863.0,1,3598.0,1,3470.0,1,0.0,1,0.0,2817.4988,2872.1985,-208.0
811,2015-02-26,4004.0,641.0,1.0,0.0,0,0.0,4.0,0.8757349,0.4827922,0.8660254,0.5,1,0,0,1,3102.0,1,3222.0,1,0.0,1,4024.0,1,4013.0,1,3213.0,1,5339.0,1,4963.0,2931.2993,2923.2656,-120.0
811,2015-02-27,3895.0,609.0,1.0,0.0,0,0.0,5.0,0.8757349,0.4827922,0.8660254,0.5,1,0,0,1,4004.0,1,3102.0,1,3430.0,1,3467.0,1,0.0,1,3544.0,1,4485.0,1,4071.0,3360.3796,3163.4287,902.0
811,2015-02-28,3781.0,625.0,1.0,0.0,0,0.0,6.0,0.8757349,0.4827922,0.8660254,0.5,1,0,1,1,3895.0,1,4004.0,1,3222.0,1,3445.0,1,4530.0,1,3620.0,1,3883.0,1,4168.0,3574.2278,3326.0002,-109.0
811,2015-03-01,0.0,0.0,0.0,0.0,0,0.0,7.0,0.8757349,0.4827922,1.0,6.123234e-17,1,1,0,1,3781.0,1,3895.0,1,3102.0,1,2871.0,1,3863.0,1,3598.0,1,3720.0,1,3687.0,3656.9365,3427.1113,-114.0
811,2015-03-02,4891.0,726.0,1.0,1.0,0,0.0,1.0,0.9266896,0.37582758,1.0,6.123234e-17,1,0,0,1,0.0,1,3781.0,1,4004.0,1,0.0,1,4024.0,1,4013.0,1,3691.0,1,3100.0,2194.1619,2665.531,-3781.0
811,2015-03-03,4587.0,698.0,1.0,1.0,0,0.0,2.0,0.9266896,0.37582758,1.0,6.123234e-17,1,0,0,1,4891.0,1,0.0,1,3895.0,1,3430.0,1,3467.0,1,0.0,1,3772.0,1,3165.0,3272.8972,3160.0796,4891.0
811,2015-03-04,3640.0,607.0,1.0,1.0,0,0.0,3.0,0.9266896,0.37582758,1.0,6.123234e-17,1,0,0,1,4587.0,1,4891.0,1,3781.0,1,3222.0,1,3445.0,1,4530.0,1,0.0,1,0.0,3798.5383,3477.173,-304.0
811,2015-03-05,3974.0,665.0,1.0,1.0,0,0.0,4.0,0.9266896,0.37582758,1.0,6.123234e-17,1,0,0,1,3640.0,1,4587.0,1,0.0,1,3102.0,1,2871.0,1,3863.0,1,3470.0,1,4671.0,3735.123,3513.357,-947.0
811,2015-03-06,4052.0,639.0,1.0,1.0,0,0.0,5.0,0.9266896,0.37582758,1.0,6.123234e-17,1,0,0,1,3974.0,1,3640.0,1,4891.0,1,4004.0,1,0.0,1,4024.0,1,3213.0,1,4063.0,3830.6738,3615.722,334.0
811,2015-03-07,3504.0,607.0,1.0,0.0,0,0.0,6.0,0.9266896,0.37582758,1.0,6.123234e-17,1,0,0,1,4052.0,1,3974.0,1,4587.0,1,3895.0,1,3430.0,1,3467.0,1,3544.0,1,4062.0,3919.2043,3712.6726,78.0
811,2015-03-08,0.0,0.0,0.0,0.0,0,0.0,7.0,0.9266896,0.37582758,1.0,6.123234e-17,1,0,0,1,3504.0,1,4052.0,1,3640.0,1,3781.0,1,3222.0,1,3445.0,1,3620.0,1,3661.0,3753.1226,3666.301,-548.0
811,2015-03-09,3778.0,664.0,1.0,0.0,0,0.0,1.0,0.9646356,0.26358718,1.0,6.123234e-17,1,0,0,1,0.0,1,3504.0,1,3974.0,1,0.0,1,3102.0,1,2871.0,1,3598.0,1,4264.0,2251.8735,2851.5674,-3504.0
811,2015-03-10,3129.0,584.0,1.0,0.0,0,0.0,2.0,0.9646356,0.26358718,1.0,6.123234e-17,1,0,0,1,3778.0,1,0.0,1,4052.0,1,4891.0,1,4004.0,1,0.0,1,4013.0,1,3649.0,2862.3242,3057.4414,3778.0
811,2015-03-11,2885.0,516.0,1.0,0.0,0,0.0,3.0,0.9646356,0.26358718,1.0,6.123234e-17,1,0,0,1,3129.0,1,3778.0,1,3504.0,1,4587.0,1,3895.0,1,3430.0,1,0.0,1,0.0,2968.9944,3073.3433,-649.0
811,2015-03-12,3197.0,578.0,1.0,0.0,0,0.0,4.0,0.9646356,0.26358718,1.0,6.123234e-17,1,0,0,1,2885.0,1,3129.0,1,0.0,1,3640.0,1,3781.0,1,3222.0,1,4530.0,1,3372.0,2935.3967,3031.4893,-244.0
811,2015-03-13,3284.0,560.0,1.0,0.0,0,0.0,5.0,0.9646356,0.26358718,1.0,6.123234e-17,1,0,0,1,3197.0,1,2885.0,1,3778.0,1,3974.0,1,0.0,1,3102.0,1,3863.0,1,3428.0,3040.038,3068.2693,312.0
811,2015-03-14,3294.0,549.0,1.0,0.0,0,0.0,6.0,0.9646356,0.26358718,1.0,6.123234e-17,1,0,0,1,3284.0,1,3197.0,1,3129.0,1,4052.0,1,4891.0,1,4004.0,1,4024.0,1,3101.0,3137.6228,3116.2095,87.0
811,2015-03-15,0.0,0.0,0.0,0.0,0,0.0,7.0,0.9646356,0.26358718,1.0,6.123234e-17,1,0,0,1,3294.0,1,3284.0,1,2885.0,1,3504.0,1,4587.0,1,3895.0,1,3467.0,1,2948.0,3200.1736,3155.7185,10.0
811,2015-03-16,5018.0,727.0,1.0,1.0,0,0.0,1.0,0.9890402,0.14764656,1.0,6.123234e-17,1,0,0,1,0.0,1,3294.0,1,3197.0,1,0.0,1,3640.0,1,3781.0,1,3445.0,1,3310.0,1920.1042,2454.4478,-3294.0
811,2015-03-17,3817.0,668.0,1.0,1.0,0,0.0,2.0,0.9890402,0.14764656,1.0,6.123234e-17,1,0,0,1,5018.0,1,0.0,1,3284.0,1,3778.0,1,3974.0,1,0.0,1,2871.0,1,3346.0,3159.2625,3024.126,5018.0
811,2015-03-18,3603.0,623.0,1.0,1.0,0,0.0,3.0,0.9890402,0.14764656,1.0,6.123234e-17,1,0,0,1,3817.0,1,5018.0,1,3294.0,1,3129.0,1,4052.0,1,4891.0,1,0.0,1,0.0,3422.3574,3200.3203,-1201.0
811,2015-03-19,3866.0,650.0,1.0,1.0,0,0.0,4.0,0.9890402,0.14764656,1.0,6.123234e-17,1,0,0,1,3603.0,1,3817.0,1,0.0,1,2885.0,1,3504.0,1,4587.0,1,3430.0,1,4153.0,3494.6145,3289.8047,-214.0
811,2015-03-20,3707.0,587.0,1.0,1.0,0,0.0,5.0,0.9890402,0.14764656,1.0,6.123234e-17,1,0,0,1,3866.0,1,3603.0,1,5018.0,1,3197.0,1,0.0,1,3640.0,1,3222.0,1,4260.0,3643.1687,3417.8481,263.0
811,2015-03-21,3493.0,555.0,1.0,0.0,0,0.0,6.0,0.9890402,0.14764656,1.0,6.123234e-17,1,0,0,1,3707.0,1,3866.0,1,3817.0,1,3284.0,1,3778.0,1,3974.0,1,3102.0,1,3502.0,3668.7012,3482.104,-159.0
811,2015-03-22,0.0,0.0,0.0,0.0,0,0.0,7.0,0.9890402,0.14764656,1.0,6.123234e-17,1,0,0,1,3493.0,1,3707.0,1,3603.0,1,3294.0,1,3129.0,1,4052.0,1,4004.0,1,4279.0,3598.4207,3484.5254,-214.0
811,2015-03-23,3510.0,630.0,1.0,0.0,0,0.0,1.0,0.99956083,0.029633328,1.0,6.123234e-17,1,0,0,1,0.0,1,3493.0,1,3866.0,1,0.0,1,2885.0,1,3504.0,1,3895.0,1,4722.0,2159.0525,2710.1863,-3493.0
811,2015-03-24,3760.0,647.0,1.0,0.0,0,0.0,2.0,0.99956083,0.029633328,1.0,6.123234e-17,1,0,0,1,3510.0,1,0.0,1,3707.0,1,5018.0,1,3197.0,1,0.0,1,3781.0,1,3955.0,2699.4314,2887.9229,3510.0
811,2015-03-25,2907.0,528.0,1.0,0.0,0,0.0,3.0,0.99956083,0.029633328,1.0,6.123234e-17,1,0,0,1,3760.0,1,3510.0,1,3493.0,1,3817.0,1,3284.0,1,3778.0,1,0.0,1,0.0,3123.659,3081.7178,250.0
811,2015-03-26,3217.0,587.0,1.0,0.0,0,0.0,4.0,0.99956083,0.029633328,1.0,6.123234e-17,1,0,0,1,2907.0,1,3760.0,1,0.0,1,3603.0,1,3294.0,1,3129.0,1,4891.0,1,5339.0,3036.9954,3042.8916,-853.0
811,2015-03-27,3779.0,621.0,1.0,0.0,0,0.0,5.0,0.99956083,0.029633328,1.0,6.123234e-17,1,0,0,1,3217.0,1,2907.0,1,3510.0,1,3866.0,1,0.0,1,2885.0,1,4587.0,1,4485.0,3108.9973,3081.5823,310.0
811,2015-03-28,3797.0,605.0,1.0,0.0,0,0.0,6.0,0.99956083,0.029633328,1.0,6.123234e-17,1,0,0,1,3779.0,1,3217.0,1,3760.0,1,3707.0,1,5018.0,1,3197.0,1,3640.0,1,3883.0,3376.9983,3236.564,562.0
811,2015-03-29,0.0,0.0,0.0,0.0,0,0.0,7.0,0.99956083,0.029633328,1.0,6.123234e-17,1,0,0,1,3797.0,1,3779.0,1,2907.0,1,3493.0,1,3817.0,1,3284.0,1,3974.0,1,3720.0,3544.999,3361.1052,18.0
811,2015-03-30,5124.0,726.0,1.0,1.0,0,0.0,1.0,0.9960498,-0.08879589,1.0,6.123234e-17,1,0,0,1,0.0,1,3797.0,1,3217.0,1,0.0,1,3603.0,1,3294.0,1,4052.0,1,3691.0,2126.9995,2614.193,-3797.0
811,2015-03-31,5631.0,750.0,1.0,1.0,0,0.0,2.0,0.9960498,-0.08879589,1.0,6.123234e-17,1,0,1,1,5124.0,1,0.0,1,3779.0,1,3510.0,1,3866.0,1,0.0,1,3504.0,1,3772.0,3325.7996,3171.928,5124.0
811,2015-04-01,5415.0,796.0,1.0,1.0,0,1.0,3.0,0.9960498,-0.08879589,0.8660254,-0.5,2,1,0,1,5631.0,1,5124.0,1,3797.0,1,3760.0,1,3707.0,1,5018.0,1,0.0,1,0.0,4247.88,3718.3884,507.0
811,2015-04-02,6295.0,909.0,1.0,1.0,0,1.0,4.0,0.9960498,-0.08879589,0.8660254,-0.5,2,0,0,1,5415.0,1,5631.0,1,0.0,1,2907.0,1,3493.0,1,3817.0,1,3778.0,1,3470.0,4714.728,4095.413,-216.0
811,2015-04-03,0.0,0.0,0.0,1.0,2,1.0,5.0,0.9960498,-0.08879589,0.8660254,-0.5,2,0,0,1,6295.0,1,5415.0,1,5124.0,1,3217.0,1,0.0,1,3603.0,1,3129.0,1,3213.0,5346.837,4584.2104,880.0
811,2015-04-04,5167.0,819.0,1.0,0.0,0,0.0,6.0,0.9960498,-0.08879589,0.8660254,-0.5,2,0,0,1,0.0,1,6295.0,1,5631.0,1,3779.0,1,3510.0,1,3866.0,1,2885.0,1,3544.0,3208.102,3565.4968,-6295.0
811,2015-04-05,0.0,0.0,0.0,0.0,0,0.0,7.0,0.9960498,-0.08879589,0.8660254,-0.5,2,0,0,1,5167.0,1,0.0,1,5415.0,1,3797.0,1,3760.0,1,3707.0,1,3197.0,1,3620.0,3991.6611,3921.3865,5167.0
811,2015-04-06,0.0,0.0,0.0,0.0,2,1.0,1.0,0.9785565,-0.20597862,0.8660254,-0.5,2,0,0,1,0.0,1,5167.0,1,6295.0,1,0.0,1,2907.0,1,3493.0,1,3284.0,1,3598.0,2394.9968,3049.9673,-5167.0
811,2015-04-07,5258.0,821.0,1.0,0.0,0,1.0,2.0,0.9785565,-0.20597862,0.8660254,-0.5,2,0,0,1,0.0,1,0.0,1,0.0,1,5124.0,1,3217.0,1,0.0,1,3294.0,1,4013.0,1436.998,2372.1968,0.0
811,2015-04-08,3997.0,678.0,1.0,0.0,0,1.0,3.0,0.9785565,-0.20597862,0.8660254,-0.5,2,0,0,1,5258.0,1,0.0,1,5167.0,1,5631.0,1,3779.0,1,3510.0,1,0.0,1,0.0,2965.399,3013.4863,5258.0
811,2015-04-09,3745.0,653.0,1.0,0.0,0,1.0,4.0,0.9785565,-0.20597862,0.8660254,-0.5,2,0,0,1,3997.0,1,5258.0,1,0.0,1,5415.0,1,3797.0,1,3760.0,1,5018.0,1,4530.0,3378.0393,3232.045,-1261.0
811,2015-04-10,3477.0,599.0,1.0,0.0,0,1.0,5.0,0.9785565,-0.20597862,0.8660254,-0.5,2,0,0,1,3745.0,1,3997.0,1,0.0,1,6295.0,1,0.0,1,2907.0,1,3817.0,1,3863.0,3524.8235,3346.035,-252.0
811,2015-04-11,3602.0,582.0,1.0,0.0,0,0.0,6.0,0.9785565,-0.20597862,0.8660254,-0.5,2,0,0,1,3477.0,1,3745.0,1,5258.0,1,0.0,1,5124.0,1,3217.0,1,3603.0,1,4024.0,3505.694,3375.1382,-268.0
811,2015-04-12,0.0,0.0,0.0,0.0,0,0.0,7.0,0.9785565,-0.20597862,0.8660254,-0.5,2,0,0,1,3602.0,1,3477.0,1,3997.0,1,5167.0,1,5631.0,1,3779.0,1,3866.0,1,3467.0,3544.2166,3425.552,125.0
811,2015-04-13,4059.0,621.0,1.0,1.0,0,1.0,1.0,0.94732636,-0.32026985,0.8660254,-0.5,2,0,0,1,0.0,1,3602.0,1,3745.0,1,0.0,1,5415.0,1,3797.0,1,3707.0,1,3445.0,2126.5298,2664.318,-3602.0
811,2015-04-14,2500.0,363.0,1.0,1.0,0,1.0,2.0,0.94732636,-0.32026985,0.8660254,-0.5,2,0,0,1,4059.0,1,0.0,1,3477.0,1,0.0,1,6295.0,1,0.0,1,3493.0,1,2871.0,2899.5178,2974.2476,4059.0
811,2015-04-15,2561.0,454.0,1.0,1.0,0,1.0,3.0,0.94732636,-0.32026985,0.8660254,-0.5,2,0,0,1,2500.0,1,4059.0,1,3602.0,1,5258.0,1,0.0,1,5124.0,1,0.0,1,0.0,2739.7107,2868.8591,-1559.0
811,2015-04-16,4490.0,658.0,1.0,1.0,0,1.0,4.0,0.94732636,-0.32026985,0.8660254,-0.5,2,0,0,1,2561.0,1,2500.0,1,0.0,1,3997.0,1,5167.0,1,5631.0,1,3510.0,1,3430.0,2668.2266,2800.446,61.0
811,2015-04-17,3762.0,625.0,1.0,1.0,0,1.0,5.0,0.94732636,-0.32026985,0.8660254,-0.5,2,0,0,1,4490.0,1,2561.0,1,4059.0,1,3745.0,1,0.0,1,5415.0,1,3760.0,1,3222.0,3396.9358,3175.9023,1929.0
811,2015-04-18,3594.0,581.0,1.0,0.0,0,0.0,6.0,0.94732636,-0.32026985,0.8660254,-0.5,2,0,0,1,3762.0,1,4490.0,1,2500.0,1,3477.0,1,0.0,1,6295.0,1,2907.0,1,3102.0,3542.9614,3306.1462,-728.0
811,2015-04-19,0.0,0.0,0.0,0.0,0,0.0,7.0,0.94732636,-0.32026985,0.8660254,-0.5,2,0,0,1,3594.0,1,3762.0,1,2561.0,1,3602.0,1,5258.0,1,0.0,1,3217.0,1,4004.0,3563.377,3370.1138,-168.0
811,2015-04-20,4281.0,665.0,1.0,0.0,0,0.0,1.0,0.9027978,-0.4300652,0.8660254,-0.5,2,0,0,1,0.0,1,3594.0,1,4490.0,1,0.0,1,3997.0,1,5167.0,1,3779.0,1,3895.0,2138.0261,2621.1997,-3594.0
811,2015-04-21,3441.0,637.0,1.0,0.0,0,0.0,2.0,0.9027978,-0.4300652,0.8660254,-0.5,2,0,0,1,4281.0,1,0.0,1,3762.0,1,4059.0,1,3745.0,1,0.0,1,3797.0,1,3781.0,2995.2156,2990.0442,4281.0
811,2015-04-22,3121.0,577.0,1.0,0.0,0,0.0,3.0,0.9027978,-0.4300652,0.8660254,-0.5,2,0,0,1,3441.0,1,4281.0,1,3594.0,1,2500.0,1,3477.0,1,0.0,1,0.0,1,0.0,3173.5293,3090.2566,-840.0
811,2015-04-23,3423.0,630.0,1.0,0.0,0,0.0,4.0,0.9027978,-0.4300652,0.8660254,-0.5,2,0,0,1,3121.0,1,3441.0,1,0.0,1,2561.0,1,3602.0,1,5258.0,1,5124.0,1,4891.0,3152.5176,3097.0884,-320.0
811,2015-04-24,3569.0,551.0,1.0,0.0,0,0.0,5.0,0.9027978,-0.4300652,0.8660254,-0.5,2,0,0,1,3423.0,1,3121.0,1,4281.0,1,4490.0,1,0.0,1,3997.0,1,5631.0,1,4587.0,3260.7107,3169.5132,302.0
811,2015-04-25,3439.0,572.0,1.0,0.0,0,0.0,6.0,0.9027978,-0.4300652,0.8660254,-0.5,2,0,0,1,3569.0,1,3423.0,1,3441.0,1,3762.0,1,4059.0,1,3745.0,1,5415.0,1,3640.0,3384.0264,3258.288,146.0
811,2015-04-26,0.0,0.0,0.0,0.0,0,0.0,7.0,0.9027978,-0.4300652,0.8660254,-0.5,2,0,0,1,3439.0,1,3569.0,1,3121.0,1,3594.0,1,2500.0,1,3477.0,1,6295.0,1,3974.0,3406.0159,3298.4463,-130.0
811,2015-04-27,4754.0,721.0,1.0,1.0,0,0.0,1.0,0.845596,-0.5338234,0.8660254,-0.5,2,0,0,1,0.0,1,3439.0,1,3423.0,1,0.0,1,2561.0,1,3602.0,1,0.0,1,4052.0,2043.6095,2565.4583,-3439.0
811,2015-04-28,4411.0,694.0,1.0,1.0,0,0.0,2.0,0.845596,-0.5338234,0.8660254,-0.5,2,0,0,1,4754.0,1,0.0,1,3569.0,1,4281.0,1,4490.0,1,0.0,1,5167.0,1,3504.0,3127.7656,3051.8008,4754.0
811,2015-04-29,4368.0,659.0,1.0,1.0,0,0.0,3.0,0.845596,-0.5338234,0.8660254,-0.5,2,0,0,1,4411.0,1,4754.0,1,3439.0,1,3441.0,1,3762.0,1,4059.0,1,0.0,1,0.0,3641.0593,3353.8452,-343.0
811,2015-04-30,5856.0,844.0,1.0,1.0,0,0.0,4.0,0.845596,-0.5338234,0.8660254,-0.5,2,0,1,1,4368.0,1,4411.0,1,0.0,1,3121.0,1,3594.0,1,2500.0,1,0.0,1,3778.0,3931.8357,3579.213,-43.0
811,2015-05-01,0.0,0.0,0.0,1.0,1,0.0,5.0,0.845596,-0.5338234,0.5,-0.8660254,2,1,0,1,5856.0,1,4368.0,1,4754.0,1,3423.0,1,0.0,1,2561.0,1,5258.0,1,3129.0,4701.5015,4085.1655,1488.0
811,2015-05-02,5408.0,863.0,1.0,0.0,0,0.0,6.0,0.845596,-0.5338234,0.5,-0.8660254,2,0,0,1,0.0,1,5856.0,1,4411.0,1,3569.0,1,4281.0,1,4490.0,1,3997.0,1,2885.0,2820.901,3177.351,-5856.0
811,2015-05-03,0.0,0.0,0.0,0.0,0,0.0,7.0,0.845596,-0.5338234,0.5,-0.8660254,2,0,0,1,5408.0,1,0.0,1,4368.0,1,3439.0,1,3441.0,1,3762.0,1,3745.0,1,3197.0,3855.7405,3673.0508,5408.0
811,2015-05-04,5343.0,823.0,1.0,1.0,0,0.0,1.0,0.7765239,-0.63008785,0.5,-0.8660254,2,0,0,1,0.0,1,5408.0,1,5856.0,1,0.0,1,3121.0,1,3594.0,1,3477.0,1,3284.0,2313.4443,2856.8174,-5408.0
811,2015-05-05,4334.0,690.0,1.0,1.0,0,0.0,2.0,0.7765239,-0.63008785,0.5,-0.8660254,2,0,0,1,5343.0,1,0.0,1,0.0,1,4754.0,1,3423.0,1,0.0,1,3602.0,1,3294.0,3525.2666,3409.3022,5343.0
811,2015-05-06,4204.0,664.0,1.0,1.0,0,0.0,3.0,0.7765239,-0.63008785,0.5,-0.8660254,2,0,0,1,4334.0,1,5343.0,1,5408.0,1,4411.0,1,3569.0,1,4281.0,1,0.0,1,0.0,3848.76,3614.7908,-1009.0
811,2015-05-07,3906.0,709.0,1.0,1.0,0,0.0,4.0,0.7765239,-0.63008785,0.5,-0.8660254,2,0,0,1,4204.0,1,4334.0,1,0.0,1,4368.0,1,3439.0,1,3441.0,1,4059.0,1,5018.0,3990.856,3745.726,-130.0
811,2015-05-08,4354.0,682.0,1.0,1.0,0,0.0,5.0,0.7765239,-0.63008785,0.5,-0.8660254,2,0,0,1,3906.0,1,4204.0,1,5343.0,1,5856.0,1,0.0,1,3121.0,1,2500.0,1,3817.0,3956.9136,3781.3425,-298.0
811,2015-05-09,3727.0,649.0,1.0,0.0,0,0.0,6.0,0.7765239,-0.63008785,0.5,-0.8660254,2,0,0,1,4354.0,1,3906.0,1,4334.0,1,0.0,1,4754.0,1,3423.0,1,2561.0,1,3603.0,4115.748,3908.5999,448.0
811,2015-05-10,0.0,0.0,0.0,0.0,0,0.0,7.0,0.7765239,-0.63008785,0.5,-0.8660254,2,0,0,1,3727.0,1,4354.0,1,4204.0,1,5408.0,1,4411.0,1,3569.0,1,4490.0,1,3866.0,3960.2488,3868.2441,-627.0
811,2015-05-11,3631.0,646.0,1.0,0.0,0,0.0,1.0,0.696551,-0.71750724,0.5,-0.8660254,2,0,0,1,0.0,1,3727.0,1,3906.0,1,0.0,1,4368.0,1,3439.0,1,3762.0,1,3707.0,2376.1494,3008.6345,-3727.0
811,2015-05-12,3819.0,659.0,1.0,0.0,0,0.0,2.0,0.696551,-0.71750724,0.5,-0.8660254,2,0,0,1,3631.0,1,0.0,1,4354.0,1,5343.0,1,5856.0,1,0.0,1,3594.0,1,3493.0,2878.0896,3146.938,3631.0
811,2015-05-13,3749.0,680.0,1.0,0.0,0,0.0,3.0,0.696551,-0.71750724,0.5,-0.8660254,2,0,0,1,3819.0,1,3631.0,1,3727.0,1,4334.0,1,0.0,1,4754.0,1,0.0,1,0.0,3254.4539,3296.285,188.0
811,2015-05-14,0.0,0.0,0.0,0.0,1,0.0,4.0,0.696551,-0.71750724,0.5,-0.8660254,2,0,0,1,3749.0,1,3819.0,1,0.0,1,4204.0,1,5408.0,1,4411.0,1,4281.0,1,3510.0,3452.2722,3396.8884,-70.0
811,2015-05-15,5569.0,822.0,1.0,0.0,0,1.0,5.0,0.696551,-0.71750724,0.5,-0.8660254,2,0,0,1,0.0,1,3749.0,1,3631.0,1,3906.0,1,0.0,1,4368.0,1,3441.0,1,3760.0,2071.3633,2642.0242,-3749.0
811,2015-05-16,3660.0,610.0,1.0,0.0,0,0.0,6.0,0.696551,-0.71750724,0.5,-0.8660254,2,0,0,1,5569.0,1,0.0,1,3819.0,1,4354.0,1,5343.0,1,5856.0,1,3121.0,1,2907.0,3470.418,3292.4634,5569.0
811,2015-05-17,0.0,0.0,0.0,0.0,0,0.0,7.0,0.696551,-0.71750724,0.5,-0.8660254,2,0,0,1,3660.0,1,5569.0,1,3749.0,1,3727.0,1,4334.0,1,0.0,1,3423.0,1,3217.0,3546.2507,3374.1382,-1909.0
811,2015-05-18,4699.0,751.0,1.0,1.0,0,0.0,1.0,0.60680014,-0.79485446,0.5,-0.8660254,2,0,0,1,0.0,1,3660.0,1,0.0,1,0.0,1,4204.0,1,5408.0,1,3569.0,1,3779.0,2127.7505,2624.3296,-3660.0
811,2015-05-19,4192.0,705.0,1.0,1.0,0,0.0,2.0,0.60680014,-0.79485446,0.5,-0.8660254,2,0,0,1,4699.0,1,0.0,1,5569.0,1,3631.0,1,3906.0,1,0.0,1,3439.0,1,3797.0,3156.2502,3085.3674,4699.0
811,2015-05-20,4319.0,657.0,1.0,1.0,0,0.0,3.0,0.60680014,-0.79485446,0.5,-0.8660254,2,0,0,1,4192.0,1,4699.0,1,3660.0,1,3819.0,1,4354.0,1,5343.0,1,0.0,1,0.0,3570.5503,3331.286,-507.0
811,2015-05-21,3522.0,604.0,1.0,1.0,0,0.0,4.0,0.60680014,-0.79485446,0.5,-0.8660254,2,0,0,1,4319.0,1,4192.0,1,0.0,1,3749.0,1,3727.0,1,4334.0,1,4754.0,1,5124.0,3869.9302,3550.7778,127.0
811,2015-05-22,3717.0,616.0,1.0,1.0,0,0.0,5.0,0.60680014,-0.79485446,0.5,-0.8660254,2,0,0,1,3522.0,1,4319.0,1,4699.0,1,0.0,1,0.0,1,4204.0,1,4411.0,1,5631.0,3730.758,3544.3828,-797.0
811,2015-05-23,3795.0,602.0,1.0,0.0,0,0.0,6.0,0.60680014,-0.79485446,0.5,-0.8660254,2,0,0,1,3717.0,1,3522.0,1,4192.0,1,5569.0,1,3631.0,1,3906.0,1,4368.0,1,5415.0,3725.255,3582.7422,195.0
811,2015-05-24,0.0,0.0,0.0,0.0,0,0.0,7.0,0.60680014,-0.79485446,0.5,-0.8660254,2,0,0,1,3795.0,1,3717.0,1,4319.0,1,3660.0,1,3819.0,1,4354.0,1,5856.0,1,6295.0,3753.1528,3629.9106,78.0
811,2015-05-25,0.0,0.0,0.0,0.0,1,0.0,1.0,0.5085311,-0.86104363,0.5,-0.8660254,2,0,0,1,0.0,1,3795.0,1,3522.0,1,0.0,1,3749.0,1,3727.0,1,0.0,1,0.0,2251.8918,2823.2637,-3795.0
811,2015-05-26,4510.0,749.0,1.0,0.0,0,0.0,2.0,0.5085311,-0.86104363,0.5,-0.8660254,2,0,0,1,0.0,1,0.0,1,3717.0,1,4699.0,1,0.0,1,0.0,1,5408.0,1,5167.0,1351.135,2195.8718,0.0
811,2015-05-27,4132.0,666.0,1.0,0.0,0,0.0,3.0,0.5085311,-0.86104363,0.5,-0.8660254,2,0,0,1,4510.0,1,0.0,1,3795.0,1,4192.0,1,5569.0,1,3631.0,1,0.0,1,0.0,2614.681,2710.1226,4510.0
811,2015-05-28,4001.0,675.0,1.0,0.0,0,0.0,4.0,0.5085311,-0.86104363,0.5,-0.8660254,2,0,0,1,4132.0,1,4510.0,1,0.0,1,4319.0,1,3660.0,1,3819.0,1,5343.0,1,0.0,3221.6086,3026.0952,-378.0
811,2015-05-29,4377.0,733.0,1.0,0.0,0,0.0,5.0,0.5085311,-0.86104363,0.5,-0.8660254,2,0,0,1,4001.0,1,4132.0,1,0.0,1,3522.0,1,0.0,1,3749.0,1,4334.0,1,5258.0,3533.3652,3242.7407,-131.0
811,2015-05-30,4250.0,682.0,1.0,0.0,0,0.0,6.0,0.5085311,-0.86104363,0.5,-0.8660254,2,0,0,1,4377.0,1,4001.0,1,4510.0,1,3717.0,1,4699.0,1,0.0,1,4204.0,1,3997.0,3870.819,3494.7983,376.0
811,2015-05-31,0.0,0.0,0.0,0.0,0,0.0,7.0,0.5085311,-0.86104363,0.5,-0.8660254,2,0,1,1,4250.0,1,4377.0,1,4132.0,1,3795.0,1,4192.0,1,5569.0,1,3906.0,1,3745.0,4022.4915,3662.621,-127.0
811,2015-06-01,5781.0,853.0,1.0,1.0,0,0.0,1.0,0.40312344,-0.91514564,1.2246469e-16,-1.0,2,1,0,1,0.0,1,4250.0,1,4001.0,1,0.0,1,4319.0,1,3660.0,1,4354.0,1,3477.0,2413.4949,2848.7053,-4250.0
811,2015-06-02,4836.0,732.0,1.0,1.0,0,0.0,2.0,0.40312344,-0.91514564,1.2246469e-16,-1.0,2,0,0,1,5781.0,1,0.0,1,4377.0,1,0.0,1,3522.0,1,0.0,1,3727.0,1,3602.0,3760.4968,3500.3262,5781.0
811,2015-06-03,4765.0,693.0,1.0,1.0,0,0.0,3.0,0.40312344,-0.91514564,1.2246469e-16,-1.0,2,0,0,1,4836.0,1,5781.0,1,4250.0,1,4510.0,1,3717.0,1,4699.0,1,0.0,1,0.0,4190.698,3797.1426,-945.0
811,2015-06-04,3993.0,694.0,1.0,1.0,0,0.0,4.0,0.40312344,-0.91514564,1.2246469e-16,-1.0,2,0,0,1,4765.0,1,4836.0,1,0.0,1,4132.0,1,3795.0,1,4192.0,1,3631.0,1,4059.0,4420.419,4012.2222,-71.0
811,2015-06-05,4093.0,687.0,1.0,1.0,0,0.0,5.0,0.40312344,-0.91514564,1.2246469e-16,-1.0,2,0,0,1,3993.0,1,4765.0,1,5781.0,1,4001.0,1,0.0,1,4319.0,1,3819.0,1,2500.0,4249.451,4007.9504,-772.0
811,2015-06-06,3984.0,659.0,1.0,0.0,0,0.0,6.0,0.40312344,-0.91514564,1.2246469e-16,-1.0,2,0,0,1,4093.0,1,3993.0,1,4836.0,1,4377.0,1,0.0,1,3522.0,1,3749.0,1,2561.0,4186.8706,4026.8503,100.0
811,2015-06-07,0.0,0.0,0.0,0.0,0,0.0,7.0,0.40312344,-0.91514564,1.2246469e-16,-1.0,2,0,0,1,3984.0,1,4093.0,1,4765.0,1,4250.0,1,4510.0,1,3717.0,1,0.0,1,4490.0,4105.7227,4017.3281,-109.0
811,2015-06-08,3764.0,659.0,1.0,0.0,0,0.0,1.0,0.29205677,-0.956401,1.2246469e-16,-1.0,2,0,0,1,0.0,1,3984.0,1,3993.0,1,0.0,1,4132.0,1,3795.0,1,5569.0,1,3762.0,2463.4336,3124.5886,-3984.0
811,2015-06-09,3834.0,656.0,1.0,0.0,0,0.0,2.0,0.29205677,-0.956401,1.2246469e-16,-1.0,2,0,0,1,3764.0,1,0.0,1,4093.0,1,5781.0,1,4001.0,1,0.0,1,3660.0,1,3594.0,2983.6602,3266.68,3764.0
811,2015-06-10,3506.0,636.0,1.0,0.0,0,0.0,3.0,0.29205677,-0.956401,1.2246469e-16,-1.0,2,0,0,1,3834.0,1,3764.0,1,3984.0,1,4836.0,1,4377.0,1,0.0,1,0.0,1,0.0,3323.7961,3392.751,70.0
811,2015-06-11,3618.0,622.0,1.0,0.0,0,0.0,4.0,0.29205677,-0.956401,1.2246469e-16,-1.0,2,0,0,1,3506.0,1,3834.0,1,0.0,1,4765.0,1,4250.0,1,4510.0,1,4699.0,1,4281.0,3396.6777,3417.9175,-328.0
811,2015-06-12,3393.0,631.0,1.0,0.0,0,0.0,5.0,0.29205677,-0.956401,1.2246469e-16,-1.0,2,0,0,1,3618.0,1,3506.0,1,3764.0,1,3993.0,1,0.0,1,4132.0,1,4192.0,1,3441.0,3485.2065,3462.3804,112.0
811,2015-06-13,3619.0,614.0,1.0,0.0,0,0.0,6.0,0.29205677,-0.956401,1.2246469e-16,-1.0,2,0,0,1,3393.0,1,3618.0,1,3834.0,1,4093.0,1,5781.0,1,4001.0,1,4319.0,1,3121.0,3448.324,3446.9624,-225.0
811,2015-06-14,0.0,0.0,0.0,0.0,0,0.0,7.0,0.29205677,-0.956401,1.2246469e-16,-1.0,2,0,0,1,3619.0,1,3393.0,1,3506.0,1,3984.0,1,4836.0,1,4377.0,1,3522.0,1,3423.0,3516.5945,3485.193,226.0
811,2015-06-15,5670.0,814.0,1.0,1.0,0,0.0,1.0,0.17689027,-0.9842306,1.2246469e-16,-1.0,2,0,0,1,0.0,1,3619.0,1,3618.0,1,0.0,1,4765.0,1,4250.0,1,3717.0,1,3569.0,2109.9565,2710.7056,-3619.0
811,2015-06-16,4321.0,671.0,1.0,1.0,0,0.0,2.0,0.17689027,-0.9842306,1.2246469e-16,-1.0,2,0,0,1,5670.0,1,0.0,1,3393.0,1,3764.0,1,3993.0,1,0.0,1,3795.0,1,3439.0,3533.9739,3368.3267,5670.0
811,2015-06-17,4339.0,689.0,1.0,1.0,0,0.0,3.0,0.17689027,-0.9842306,1.2246469e-16,-1.0,2,0,0,1,4321.0,1,5670.0,1,3619.0,1,3834.0,1,4093.0,1,5781.0,1,0.0,1,0.0,3848.7844,3580.0317,-1349.0
811,2015-06-18,3814.0,621.0,1.0,1.0,0,0.0,4.0,0.17689027,-0.9842306,1.2246469e-16,-1.0,2,0,0,1,4339.0,1,4321.0,1,0.0,1,3506.0,1,3984.0,1,4836.0,1,0.0,1,4754.0,4044.8706,3748.6914,18.0
811,2015-06-19,3999.0,692.0,1.0,1.0,0,0.0,5.0,0.17689027,-0.9842306,1.2246469e-16,-1.0,2,0,0,1,3814.0,1,4339.0,1,5670.0,1,3618.0,1,0.0,1,4765.0,1,4510.0,1,4411.0,3952.5225,3763.2043,-525.0
811,2015-06-20,3101.0,561.0,1.0,0.0,0,0.0,6.0,0.17689027,-0.9842306,1.2246469e-16,-1.0,2,0,0,1,3999.0,1,3814.0,1,4321.0,1,3393.0,1,3764.0,1,3993.0,1,4132.0,1,4368.0,3971.1135,3815.6035,185.0
811,2015-06-21,0.0,0.0,0.0,0.0,0,0.0,7.0,0.17689027,-0.9842306,1.2246469e-16,-1.0,2,0,0,1,3101.0,1,3999.0,1,4339.0,1,3619.0,1,3834.0,1,4093.0,1,4001.0,1,5856.0,3623.068,3656.8027,-898.0
811,2015-06-22,4022.0,660.0,1.0,0.0,0,0.0,1.0,0.059240628,-0.99824375,1.2246469e-16,-1.0,2,0,0,1,0.0,1,3101.0,1,3814.0,1,0.0,1,3506.0,1,3984.0,1,4377.0,1,0.0,2173.8408,2844.18,-3101.0
811,2015-06-23,3196.0,624.0,1.0,0.0,0,0.0,2.0,0.059240628,-0.99824375,1.2246469e-16,-1.0,2,0,0,1,4022.0,1,0.0,1,3999.0,1,5670.0,1,3618.0,1,0.0,1,4250.0,1,5408.0,2913.1045,3105.9177,4022.0
811,2015-06-24,3407.0,570.0,1.0,0.0,0,0.0,3.0,0.059240628,-0.99824375,1.2246469e-16,-1.0,2,0,0,1,3196.0,1,4022.0,1,3101.0,1,4321.0,1,3393.0,1,3764.0,1,0.0,1,0.0,3026.2627,3125.936,-826.0
811,2015-06-25,3037.0,550.0,1.0,0.0,0,0.0,4.0,0.059240628,-0.99824375,1.2246469e-16,-1.0,2,0,0,1,3407.0,1,3196.0,1,0.0,1,4339.0,1,3619.0,1,3834.0,1,5781.0,1,5343.0,3178.5576,3188.3945,211.0
811,2015-06-26,3747.0,621.0,1.0,0.0,0,0.0,5.0,0.059240628,-0.99824375,1.2246469e-16,-1.0,2,0,0,1,3037.0,1,3407.0,1,4022.0,1,3814.0,1,0.0,1,3506.0,1,4836.0,1,4334.0,3121.9346,3154.7515,-370.0
811,2015-06-27,3452.0,607.0,1.0,0.0,0,0.0,6.0,0.059240628,-0.99824375,1.2246469e-16,-1.0,2,0,0,1,3747.0,1,3037.0,1,3196.0,1,3999.0,1,5670.0,1,3618.0,1,4765.0,1,4204.0,3371.9607,3286.3623,710.0
811,2015-06-28,0.0,0.0,0.0,0.0,0,0.0,7.0,0.059240628,-0.99824375,1.2246469e-16,-1.0,2,0,0,1,3452.0,1,3747.0,1,3407.0,1,3101.0,1,4321.0,1,3393.0,1,3993.0,1,3906.0,3403.9766,3323.1707,-295.0
811,2015-06-29,5587.0,850.0,1.0,1.0,0,0.0,1.0,-0.059240628,-0.99824375,1.2246469e-16,-1.0,2,0,0,1,0.0,1,3452.0,1,3037.0,1,0.0,1,4339.0,1,3619.0,1,4093.0,1,4354.0,2042.3859,2584.6882,-3452.0
811,2015-06-30,5545.0,812.0,1.0,1.0,0,0.0,2.0,-0.059240628,-0.99824375,1.2246469e-16,-1.0,2,0,1,1,5587.0,1,0.0,1,3747.0,1,4022.0,1,3814.0,1,0.0,1,3984.0,1,3727.0,3460.2314,3251.8687,5587.0
811,2015-07-01,5502.0,768.0,1.0,1.0,0,0.0,3.0,-0.059240628,-0.99824375,-0.5,-0.8660254,3,1,0,1,5545.0,1,5587.0,1,3452.0,1,3196.0,1,3999.0,1,5670.0,1,0.0,1,0.0,4294.1387,3761.4534,-42.0
811,2015-07-02,4843.0,791.0,1.0,1.0,0,0.0,4.0,-0.059240628,-0.99824375,-0.5,-0.8660254,3,0,0,1,5502.0,1,5545.0,1,0.0,1,3407.0,1,3101.0,1,4321.0,1,3764.0,1,3631.0,4777.283,4148.2417,-43.0
811,2015-07-03,4484.0,706.0,1.0,1.0,0,0.0,5.0,-0.059240628,-0.99824375,-0.5,-0.8660254,3,0,0,1,4843.0,1,5502.0,1,5587.0,1,3037.0,1,0.0,1,4339.0,1,3834.0,1,3819.0,4803.57,4302.6323,-659.0
811,2015-07-04,3610.0,587.0,1.0,0.0,0,0.0,6.0,-0.059240628,-0.99824375,-0.5,-0.8660254,3,0,0,1,4484.0,1,4843.0,1,5545.0,1,3747.0,1,4022.0,1,3814.0,1,3506.0,1,3749.0,4675.742,4342.936,-359.0
811,2015-07-05,0.0,0.0,0.0,0.0,0,0.0,7.0,-0.059240628,-0.99824375,-0.5,-0.8660254,3,0,0,1,3610.0,1,4484.0,1,5502.0,1,3452.0,1,3196.0,1,3999.0,1,3618.0,1,0.0,4249.4453,4180.0615,-874.0
811,2015-07-06,4698.0,792.0,1.0,0.0,0,0.0,1.0,-0.17689027,-0.9842306,-0.5,-0.8660254,3,0,0,1,0.0,1,3610.0,1,4843.0,1,0.0,1,3407.0,1,3101.0,1,3393.0,1,5569.0,2549.6672,3251.159,-3610.0
811,2015-07-07,3921.0,682.0,1.0,0.0,0,0.0,2.0,-0.17689027,-0.9842306,-0.5,-0.8660254,3,0,0,1,4698.0,1,0.0,1,4484.0,1,5587.0,1,3037.0,1,0.0,1,3619.0,1,3660.0,3409.0002,3572.6792,4698.0
811,2015-07-08,4161.0,704.0,1.0,0.0,0,0.0,3.0,-0.17689027,-0.9842306,-0.5,-0.8660254,3,0,0,1,3921.0,1,4698.0,1,3610.0,1,5545.0,1,3747.0,1,4022.0,1,0.0,1,0.0,3613.8,3650.0837,-777.0
811,2015-07-09,3901.0,634.0,1.0,0.0,0,0.0,4.0,-0.17689027,-0.9842306,-0.5,-0.8660254,3,0,0,1,4161.0,1,3921.0,1,0.0,1,5502.0,1,3452.0,1,3196.0,1,5670.0,1,4699.0,3832.6802,3763.6208,240.0
811,2015-07-10,3661.0,637.0,1.0,0.0,0,0.0,5.0,-0.17689027,-0.9842306,-0.5,-0.8660254,3,0,0,1,3901.0,1,4161.0,1,4698.0,1,4843.0,1,0.0,1,3407.0,1,4321.0,1,4192.0,3860.008,3794.1494,-260.0
811,2015-07-11,3541.0,627.0,1.0,0.0,0,0.0,6.0,-0.17689027,-0.9842306,-0.5,-0.8660254,3,0,0,1,3661.0,1,3901.0,1,3921.0,1,4484.0,1,5587.0,1,3037.0,1,4339.0,1,4319.0,3780.4048,3764.5608,-240.0
811,2015-07-12,0.0,0.0,0.0,0.0,0,0.0,7.0,-0.17689027,-0.9842306,-0.5,-0.8660254,3,0,0,1,3541.0,1,3661.0,1,4161.0,1,3610.0,1,5545.0,1,3747.0,1,3814.0,1,3522.0,3684.6428,3714.8806,-120.0
811,2015-07-13,5676.0,867.0,1.0,1.0,0,0.0,1.0,-0.29205677,-0.956401,-0.5,-0.8660254,3,0,0,1,0.0,1,3541.0,1,3901.0,1,0.0,1,5502.0,1,3452.0,1,3999.0,1,3717.0,2210.7856,2889.3516,-3541.0
811,2015-07-14,4548.0,710.0,1.0,1.0,0,0.0,2.0,-0.29205677,-0.956401,-0.5,-0.8660254,3,0,0,1,5676.0,1,0.0,1,3661.0,1,4698.0,1,4843.0,1,0.0,1,3101.0,1,3795.0,3596.8713,3508.6067,5676.0
811,2015-07-15,4262.0,694.0,1.0,1.0,0,0.0,3.0,-0.29205677,-0.956401,-0.5,-0.8660254,3,0,0,1,4548.0,1,5676.0,1,3541.0,1,3921.0,1,4484.0,1,5587.0,1,0.0,1,0.0,3977.3228,3739.583,-1128.0
811,2015-07-16,4669.0,749.0,1.0,1.0,0,0.0,4.0,-0.29205677,-0.956401,-0.5,-0.8660254,3,0,0,1,4262.0,1,4548.0,1,0.0,1,4161.0,1,3610.0,1,5545.0,1,4022.0,1,0.0,4091.1936,3855.6758,-286.0
811,2015-07-17,3751.0,635.0,1.0,1.0,0,0.0,5.0,-0.29205677,-0.956401,-0.5,-0.8660254,3,0,0,1,4669.0,1,4262.0,1,5676.0,1,3901.0,1,0.0,1,5502.0,1,3196.0,1,4510.0,4322.3164,4036.4143,407.0
811,2015-07-18,3201.0,549.0,1.0,0.0,0,0.0,6.0,-0.29205677,-0.956401,-0.5,-0.8660254,3,0,0,1,3751.0,1,4669.0,1,4548.0,1,3661.0,1,4698.0,1,4843.0,1,3407.0,1,4132.0,4093.7898,3972.989,-918.0
811,2015-07-19,0.0,0.0,0.0,0.0,0,0.0,7.0,-0.29205677,-0.956401,-0.5,-0.8660254,3,0,0,1,3201.0,1,3751.0,1,4262.0,1,3541.0,1,3921.0,1,4484.0,1,3037.0,1,4001.0,3736.6738,3801.4358,-550.0
811,2015-07-20,4438.0,753.0,1.0,0.0,0,1.0,1.0,-0.40312344,-0.91514564,-0.5,-0.8660254,3,0,0,1,0.0,1,3201.0,1,4669.0,1,0.0,1,4161.0,1,3610.0,1,3747.0,1,4377.0,2242.0044,2956.6724,-3201.0
811,2015-07-21,4016.0,712.0,1.0,0.0,0,1.0,2.0,-0.40312344,-0.91514564,-0.5,-0.8660254,3,0,0,1,4438.0,1,0.0,1,3751.0,1,5676.0,1,3901.0,1,0.0,1,3452.0,1,4250.0,3120.4026,3285.8562,4438.0
811,2015-07-22,3318.0,639.0,1.0,0.0,0,1.0,3.0,-0.40312344,-0.91514564,-0.5,-0.8660254,3,0,0,1,4016.0,1,4438.0,1,3201.0,1,4548.0,1,3661.0,1,4698.0,1,0.0,1,0.0,3478.6416,3448.1104,-422.0
811,2015-07-23,3713.0,619.0,1.0,0.0,0,1.0,4.0,-0.40312344,-0.91514564,-0.5,-0.8660254,3,0,0,1,3318.0,1,4016.0,1,0.0,1,4262.0,1,3541.0,1,3921.0,1,5587.0,1,5781.0,3414.385,3419.197,-698.0
811,2015-07-24,3654.0,613.0,1.0,0.0,0,1.0,5.0,-0.40312344,-0.91514564,-0.5,-0.8660254,3,0,0,1,3713.0,1,3318.0,1,4438.0,1,4669.0,1,0.0,1,4161.0,1,5545.0,1,4836.0,3533.831,3484.4866,395.0
811,2015-07-25,3385.0,574.0,1.0,0.0,0,0.0,6.0,-0.40312344,-0.91514564,-0.5,-0.8660254,3,0,0,1,3654.0,1,3713.0,1,4016.0,1,3751.0,1,5676.0,1,3901.0,1,5502.0,1,4765.0,3581.8987,3522.1562,-59.0
811,2015-07-26,0.0,0.0,0.0,0.0,0,0.0,7.0,-0.40312344,-0.91514564,-0.5,-0.8660254,3,0,0,1,3385.0,1,3654.0,1,3318.0,1,3201.0,1,4548.0,1,3661.0,1,4843.0,1,3993.0,3503.1392,3491.677,-269.0
811,2015-07-27,5779.0,830.0,1.0,1.0,0,1.0,1.0,-0.5085311,-0.86104363,-0.5,-0.8660254,3,0,0,1,0.0,1,3385.0,1,3713.0,1,0.0,1,4262.0,1,3541.0,1,4484.0,1,4093.0,2101.8835,2715.7488,-3385.0
811,2015-07-28,5023.0,762.0,1.0,1.0,0,1.0,2.0,-0.5085311,-0.86104363,-0.5,-0.8660254,3,0,0,1,5779.0,1,0.0,1,3654.0,1,4438.0,1,4669.0,1,0.0,1,3610.0,1,3984.0,3572.73,3396.4712,5779.0
811,2015-07-29,4334.0,701.0,1.0,1.0,0,1.0,3.0,-0.5085311,-0.86104363,-0.5,-0.8660254,3,0,0,1,5023.0,1,5779.0,1,3385.0,1,4016.0,1,3751.0,1,5676.0,1,0.0,1,0.0,4152.838,3757.922,-756.0
811,2015-07-30,4406.0,679.0,1.0,1.0,0,1.0,4.0,-0.5085311,-0.86104363,-0.5,-0.8660254,3,0,0,1,4334.0,1,5023.0,1,0.0,1,3318.0,1,3201.0,1,4548.0,1,4698.0,1,3764.0,4225.3027,3885.9395,-689.0
811,2015-07-31,5235.0,768.0,1.0,1.0,0,1.0,5.0,-0.5085311,-0.86104363,-0.5,-0.8660254,3,0,1,1,4406.0,1,4334.0,1,5779.0,1,3713.0,1,0.0,1,4262.0,1,3921.0,1,3834.0,4297.5815,4001.5085,72.0
