id,timestamp,target,Customers,Open,Promo,StateHoliday,SchoolHoliday,DayOfWeek,week_sin,week_cos,month_sin,month_cos,quarter,is_month_start,is_month_end,lag_1_known,lag_1,lag_2_known,lag_2,lag_4_known,lag_4,lag_8_known,lag_8,lag_12_known,lag_12,lag_16_known,lag_16,lag_24_known,lag_24,lag_52_known,lag_52,ema_4,ema_8,chg_1
657,2013-01-01,0.0,0.0,0.0,0.0,1,1.0,2.0,0.11827317,0.9929811,0.5,0.8660254,1,1,0,0,0.0,0,0.0,0,0.0,0,0.0,0,0.0,0,0.0,0,0.0,0,0.0,0.0,0.0,0.0
657,2013-01-02,5279.0,773.0,1.0,0.0,0,1.0,3.0,0.11827317,0.9929811,0.5,0.8660254,1,0,0,1,0.0,0,0.0,0,0.0,0,0.0,0,0.0,0,0.0,0,0.0,0,0.0,0.0,0.0,0.0
657,2013-01-03,5085.0,694.0,1.0,0.0,0,1.0,4.0,0.11827317,0.9929811,0.5,0.8660254,1,0,0,1,5279.0,1,0.0,0,0.0,0,0.0,0,0.0,0,0.0,0,0.0,0,0.0,2111.6,1173.1111,5279.0
657,2013-01-04,4641.0,706.0,1.0,0.0,0,1.0,5.0,0.11827317,0.9929811,0.5,0.8660254,1,0,0,1,5085.0,1,5279.0,0,0.0,0,0.0,0,0.0,0,0.0,0,0.0,0,0.0,3300.96,2042.4198,-194.0
657,2013-01-05,5157.0,761.0,1.0,0.0,0,0.0,6.0,0.11827317,0.9929811,0.5,0.8660254,1,0,0,1,4641.0,1,5085.0,1,0.0,0,0.0,0,0.0,0,0.0,0,0.0,0,0.0,3836.976,2619.882,-444.0
657,2013-01-06,0.0,0.0,0.0,0.0,0,0.0,7.0,0.11827317,0.9929811,0.5,0.8660254,1,0,0,1,5157.0,1,4641.0,1,5279.0,0,0.0,0,0.0,0,0.0,0,0.0,0,0.0,4364.986,3183.686,516.0
657,2013-01-07,8937.0,1061.0,1.0,1.0,0,0.0,1.0,0.23488605,0.9720229,0.5,0.8660254,1,0,0,1,0.0,1,5157.0,1,5085.0,0,0.0,0,0.0,0,0.0,0,0.0,0,0.0,2618.9915,2476.2002,-5157.0
657,2013-01-08,6742.0,842.0,1.0,1.0,0,0.0,2.0,0.23488605,0.9720229,0.5,0.8660254,1,0,0,1,8937.0,1,0.0,1,4641.0,0,0.0,0,0.0,0,0.0,0,0.0,0,0.0,5146.195,3911.9336,8937.0
657,2013-01-09,5749.0,768.0,1.0,1.0,0,0.0,3.0,0.23488605,0.9720229,0.5,0.8660254,1,0,0,1,6742.0,1,8937.0,1,5157.0,1,0.0,0,0.0,0,0.0,0,0.0,0,0.0,5784.517,4540.8374,-2195.0
657,2013-01-10,6773.0,812.0,1.0,1.0,0,0.0,4.0,0.23488605,0.9720229,0.5,0.8660254,1,0,0,1,5749.0,1,6742.0,1,0.0,1,5279.0,0,0.0,0,0.0,0,0.0,0,0.0,5770.31,4809.318,-993.0
657,2013-01-11,5707.0,781.0,1.0,1.0,0,0.0,5.0,0.23488605,0.9720229,0.5,0.8660254,1,0,0,1,6773.0,1,5749.0,1,8937.0,1,5085.0,0,0.0,0,0.0,0,0.0,0,0.0,6171.386,5245.6914,1024.0
657,2013-01-12,4896.0,750.0,1.0,0.0,0,0.0,6.0,0.23488605,0.9720229,0.5,0.8660254,1,0,0,1,5707.0,1,6773.0,1,6742.0,1,4641.0,0,0.0,0,0.0,0,0.0,0,0.0,5985.632,5348.2046,-1066.0
657,2013-01-13,0.0,0.0,0.0,0.0,0,0.0,7.0,0.23488605,0.9720229,0.5,0.8660254,1,0,0,1,4896.0,1,5707.0,1,5749.0,1,5157.0,1,0.0,0,0.0,0,0.0,0,0.0,5549.779,5247.715,-811.0
657,2013-01-14,4206.0,642.0,1.0,0.0,0,0.0,1.0,0.34820163,0.93741965,0.5,0.8660254,1,0,0,1,0.0,1,4896.0,1,6773.0,1,0.0,1,5279.0,0,0.0,0,0.0,0,0.0,3329.8674,4081.556,-4896.0
657,2013-01-15,3706.0,587.0,1.0,0.0,0,0.0,2.0,0.34820163,0.93741965,0.5,0.8660254,1,0,0,1,4206.0,1,0.0,1,5707.0,1,8937.0,1,5085.0,0,0.0,0,0.0,0,0.0,3680.3206,4109.21,4206.0
657,2013-01-16,3462.0,545.0,1.0,0.0,0,0.0,3.0,0.34820163,0.93741965,0.5,0.8660254,1,0,0,1,3706.0,1,4206.0,1,4896.0,1,6742.0,1,4641.0,0,0.0,0,0.0,0,0.0,3690.5923,4019.608,-500.0
657,2013-01-17,3452.0,582.0,1.0,0.0,0,0.0,4.0,0.34820163,0.93741965,0.5,0.8660254,1,0,0,1,3462.0,1,3706.0,1,0.0,1,5749.0,1,5157.0,1,0.0,0,0.0,0,0.0,3599.1553,3895.695,-244.0
657,2013-01-18,4081.0,607.0,1.0,0.0,0,0.0,5.0,0.34820163,0.93741965,0.5,0.8660254,1,0,0,1,3452.0,1,3462.0,1,4206.0,1,6773.0,1,0.0,1,5279.0,0,0.0,0,0.0,3540.2932,3797.0962,-10.0
657,2013-01-19,4092.0,641.0,1.0,0.0,0,0.0,6.0,0.34820163,0.93741965,0.5,0.8660254,1,0,0,1,4081.0,1,3452.0,1,3706.0,1,5707.0,1,8937.0,1,5085.0,0,0.0,0,0.0,3756.576,3860.1858,629.0
657,2013-01-20,0.0,0.0,0.0,0.0,0,0.0,7.0,0.34820163,0.93741965,0.5,0.8660254,1,0,0,1,4092.0,1,4081.0,1,3462.0,1,4896.0,1,6742.0,1,4641.0,0,0.0,0,0.0,3890.7456,3911.7002,11.0
657,2013-01-21,7606.0,892.0,1.0,1.0,0,0.0,1.0,0.45662925,0.8896571,0.5,0.8660254,1,0,0,1,0.0,1,4092.0,1,3452.0,1,0.0,1,5749.0,1,5157.0,0,0.0,0,0.0,2334.4473,3042.4333,-4092.0
657,2013-01-22,6692.0,851.0,1.0,1.0,0,0.0,2.0,0.45662925,0.8896571,0.5,0.8660254,1,0,0,1,7606.0,1,0.0,1,4081.0,1,4206.0,1,6773.0,1,0.0,0,0.0,0,0.0,4443.0684,4056.5593,7606.0
657,2013-01-23,5777.0,761.0,1.0,1.0,0,0.0,3.0,0.45662925,0.8896571,0.5,0.8660254,1,0,0,1,6692.0,1,7606.0,1,4092.0,1,3706.0,1,5707.0,1,8937.0,0,0.0,0,0.0,5342.641,4642.213,-914.0
657,2013-01-24,5152.0,751.0,1.0,1.0,0,0.0,4.0,0.45662925,0.8896571,0.5,0.8660254,1,0,0,1,5777.0,1,6692.0,1,0.0,1,3462.0,1,4896.0,1,6742.0,0,0.0,0,0.0,5516.385,4894.3877,-915.0
657,2013-01-25,5133.0,705.0,1.0,1.0,0,0.0,5.0,0.45662925,0.8896571,0.5,0.8660254,1,0,0,1,5152.0,1,5777.0,1,7606.0,1,3452.0,1,0.0,1,5749.0,1,0.0,0,0.0,5370.631,4951.635,-625.0
657,2013-01-26,4552.0,686.0,1.0,0.0,0,0.0,6.0,0.45662925,0.8896571,0.5,0.8660254,1,0,0,1,5133.0,1,5152.0,1,6692.0,1,4081.0,1,4206.0,1,6773.0,1,5279.0,0,0.0,5275.5786,4991.9385,-19.0
657,2013-01-27,0.0,0.0,0.0,0.0,0,0.0,7.0,0.45662925,0.8896571,0.5,0.8660254,1,0,0,1,4552.0,1,5133.0,1,5777.0,1,4092.0,1,3706.0,1,5707.0,1,5085.0,0,0.0,4986.147,4894.1743,-581.0
657,2013-01-28,4140.0,679.0,1.0,0.0,0,0.0,1.0,0.55864674,0.82940567,0.5,0.8660254,1,0,0,1,0.0,1,4552.0,1,5152.0,1,0.0,1,3462.0,1,4896.0,1,4641.0,0,0.0,2991.6882,3806.5798,-4552.0
657,2013-01-29,3176.0,521.0,1.0,0.0,0,0.0,2.0,0.55864674,0.82940567,0.5,0.8660254,1,0,0,1,4140.0,1,0.0,1,5133.0,1,7606.0,1,3452.0,1,0.0,1,5157.0,0,0.0,3451.013,3880.6733,4140.0
657,2013-01-30,4295.0,587.0,1.0,0.0,0,0.0,3.0,0.55864674,0.82940567,0.5,0.8660254,1,0,0,1,3176.0,1,4140.0,1,4552.0,1,6692.0,1,4081.0,1,4206.0,1,0.0,0,0.0,3341.0078,3724.079,-964.0
657,2013-01-31,6946.0,786.0,1.0,0.0,0,0.0,4.0,0.55864674,0.82940567,0.5,0.8660254,1,0,1,1,4295.0,1,3176.0,1,0.0,1,5777.0,1,4092.0,1,3706.0,1,8937.0,0,0.0,3722.6047,3850.9504,1119.0
657,2013-02-01,5794.0,812.0,1.0,0.0,0,0.0,5.0,0.55864674,0.82940567,0.8660254,0.5,1,1,0,1,6946.0,1,4295.0,1,4140.0,1,5152.0,1,0.0,1,3462.0,1,6742.0,0,0.0,5011.963,4538.7393,2651.0
657,2013-02-02,6368.0,927.0,1.0,0.0,0,0.0,6.0,0.55864674,0.82940567,0.8660254,0.5,1,0,0,1,5794.0,1,6946.0,1,3176.0,1,5133.0,1,7606.0,1,3452.0,1,5749.0,0,0.0,5324.778,4817.686,-1152.0
657,2013-02-03,0.0,0.0,0.0,0.0,0,0.0,7.0,0.55864674,0.82940567,0.8660254,0.5,1,0,0,1,6368.0,1,5794.0,1,4295.0,1,4552.0,1,6692.0,1,4081.0,1,6773.0,0,0.0,5742.0664,5162.2,574.0
657,2013-02-04,9679.0,1156.0,1.0,1.0,0,0.0,1.0,0.65282214,0.75751126,0.8660254,0.5,1,0,0,1,0.0,1,6368.0,1,6946.0,1,0.0,1,5777.0,1,4092.0,1,5707.0,0,0.0,3445.24,4015.0447,-6368.0
657,2013-02-05,7814.0,989.0,1.0,1.0,0,0.0,2.0,0.65282214,0.75751126,0.8660254,0.5,1,0,0,1,9679.0,1,0.0,1,5794.0,1,4140.0,1,5152.0,1,0.0,1,4896.0,0,0.0,5938.744,5273.7017,9679.0
657,2013-02-06,6919.0,982.0,1.0,1.0,0,0.0,3.0,0.65282214,0.75751126,0.8660254,0.5,1,0,0,1,7814.0,1,9679.0,1,6368.0,1,3176.0,1,5133.0,1,7606.0,1,0.0,0,0.0,6688.846,5838.2124,-1865.0
657,2013-02-07,5559.0,783.0,1.0,1.0,0,0.0,4.0,0.65282214,0.75751126,0.8660254,0.5,1,0,0,1,6919.0,1,7814.0,1,0.0,1,4295.0,1,4552.0,1,6692.0,1,4206.0,0,0.0,6780.9077,6078.387,-895.0
657,2013-02-08,6384.0,927.0,1.0,1.0,0,0.0,5.0,0.65282214,0.75751126,0.8660254,0.5,1,0,0,1,5559.0,1,6919.0,1,9679.0,1,6946.0,1,0.0,1,5777.0,1,3706.0,0,0.0,6292.1445,5962.968,-1360.0
657,2013-02-09,5778.0,858.0,1.0,0.0,0,0.0,6.0,0.65282214,0.75751126,0.8660254,0.5,1,0,0,1,6384.0,1,5559.0,1,7814.0,1,5794.0,1,4140.0,1,5152.0,1,3462.0,0,0.0,6328.8867,6056.531,825.0
657,2013-02-10,0.0,0.0,0.0,0.0,0,0.0,7.0,0.65282214,0.75751126,0.8660254,0.5,1,0,0,1,5778.0,1,6384.0,1,6919.0,1,6368.0,1,3176.0,1,5133.0,1,3452.0,0,0.0,6108.532,5994.635,-606.0
657,2013-02-11,3924.0,578.0,1.0,0.0,0,0.0,1.0,0.73783326,0.674983,0.8660254,0.5,1,0,0,1,0.0,1,5778.0,1,5559.0,1,0.0,1,4295.0,1,4552.0,1,4081.0,0,0.0,3665.1191,4662.4937,-5778.0
657,2013-02-12,0.0,0.0,0.0,0.0,0,0.0,2.0,0.73783326,0.674983,0.8660254,0.5,1,0,0,1,3924.0,1,0.0,1,6384.0,1,9679.0,1,6946.0,1,0.0,1,4092.0,0,0.0,3768.6716,4498.3843,3924.0
657,2013-02-13,5327.0,819.0,1.0,0.0,0,0.0,3.0,0.73783326,0.674983,0.8660254,0.5,1,0,0,1,0.0,1,3924.0,1,5778.0,1,7814.0,1,5794.0,1,4140.0,1,0.0,0,0.0,2261.203,3498.7432,-3924.0
657,2013-02-14,5534.0,813.0,1.0,0.0,0,0.0,4.0,0.73783326,0.674983,0.8660254,0.5,1,0,0,1,5327.0,1,0.0,1,0.0,1,6919.0,1,6368.0,1,3176.0,1,7606.0,0,0.0,3487.5217,3905.0225,5327.0
657,2013-02-15,4970.0,742.0,1.0,0.0,0,0.0,5.0,0.73783326,0.674983,0.8660254,0.5,1,0,0,1,5534.0,1,5327.0,1,3924.0,1,5559.0,1,0.0,1,4295.0,1,6692.0,0,0.0,4306.1133,4267.0176,207.0
657,2013-02-16,5157.0,765.0,1.0,0.0,0,0.0,6.0,0.73783326,0.674983,0.8660254,0.5,1,0,0,1,4970.0,1,5534.0,1,0.0,1,6384.0,1,9679.0,1,6946.0,1,5777.0,0,0.0,4571.668,4423.236,-564.0
657,2013-02-17,0.0,0.0,0.0,0.0,0,0.0,7.0,0.73783326,0.674983,0.8660254,0.5,1,0,0,1,5157.0,1,4970.0,1,5327.0,1,5778.0,1,7814.0,1,5794.0,1,5152.0,0,0.0,4805.801,4586.2944,187.0
657,2013-02-18,8967.0,1045.0,1.0,1.0,0,0.0,1.0,0.8124869,0.5829795,0.8660254,0.5,1,0,0,1,0.0,1,5157.0,1,5534.0,1,0.0,1,6919.0,1,6368.0,1,5133.0,0,0.0,2883.4805,3567.118,-5157.0
657,2013-02-19,5986.0,766.0,1.0,1.0,0,0.0,2.0,0.8124869,0.5829795,0.8660254,0.5,1,0,0,1,8967.0,1,0.0,1,4970.0,1,3924.0,1,5559.0,1,0.0,1,4552.0,0,0.0,5316.888,4767.092,8967.0
657,2013-02-20,5487.0,730.0,1.0,1.0,0,0.0,3.0,0.8124869,0.5829795,0.8660254,0.5,1,0,0,1,5986.0,1,8967.0,1,5157.0,1,0.0,1,6384.0,1,9679.0,1,0.0,0,0.0,5584.5327,5037.9604,-2981.0
657,2013-02-21,5690.0,721.0,1.0,1.0,0,0.0,4.0,0.8124869,0.5829795,0.8660254,0.5,1,0,0,1,5487.0,1,5986.0,1,0.0,1,5327.0,1,5778.0,1,7814.0,1,4140.0,0,0.0,5545.5195,5137.747,-499.0
657,2013-02-22,5660.0,723.0,1.0,1.0,0,0.0,5.0,0.8124869,0.5829795,0.8660254,0.5,1,0,0,1,5690.0,1,5487.0,1,8967.0,1,5534.0,1,0.0,1,6919.0,1,3176.0,1,0.0,5603.312,5260.4697,203.0
657,2013-02-23,3811.0,581.0,1.0,0.0,0,0.0,6.0,0.8124869,0.5829795,0.8660254,0.5,1,0,0,1,5660.0,1,5690.0,1,5986.0,1,4970.0,1,3924.0,1,5559.0,1,4295.0,1,5279.0,5625.9873,5349.2544,-30.0
657,2013-02-24,0.0,0.0,0.0,0.0,0,0.0,7.0,0.8124869,0.5829795,0.8660254,0.5,1,0,0,1,3811.0,1,5660.0,1,5487.0,1,5157.0,1,0.0,1,6384.0,1,6946.0,1,5085.0,4899.992,5007.42,-1849.0
657,2013-02-25,3634.0,556.0,1.0,0.0,0,0.0,1.0,0.8757349,0.4827922,0.8660254,0.5,1,0,0,1,0.0,1,3811.0,1,5690.0,1,0.0,1,5327.0,1,5778.0,1,5794.0,1,4641.0,2939.9954,3894.66,-3811.0
657,2013-02-26,3425.0,559.0,1.0,0.0,0,0.0,2.0,0.8757349,0.4827922,0.8660254,0.5,1,0,0,1,3634.0,1,0.0,1,5660.0,1,8967.0,1,5534.0,1,0.0,1,6368.0,1,5157.0,3217.5972,3836.7356,3634.0
657,2013-02-27,3876.0,576.0,1.0,0.0,0,0.0,3.0,0.8757349,0.4827922,0.8660254,0.5,1,0,0,1,3425.0,1,3634.0,1,3811.0,1,5986.0,1,4970.0,1,3924.0,1,0.0,1,0.0,3300.5583,3745.2388,-209.0
657,2013-02-28,6291.0,823.0,1.0,0.0,0,0.0,4.0,0.8757349,0.4827922,0.8660254,0.5,1,0,1,1,3876.0,1,3425.0,1,0.0,1,5487.0,1,5157.0,1,0.0,1,9679.0,1,8937.0,3530.735,3774.2969,451.0
657,2013-03-01,5690.0,775.0,1.0,0.0,0,0.0,5.0,0.8757349,0.4827922,1.0,6.123234e-17,1,1,0,1,6291.0,1,3876.0,1,3634.0,1,5690.0,1,0.0,1,5327.0,1,7814.0,1,6742.0,4634.841,4333.564,2415.0
657,2013-03-02,5717.0,782.0,1.0,0.0,0,0.0,6.0,0.8757349,0.4827922,1.0,6.123234e-17,1,0,0,1,5690.0,1,6291.0,1,3425.0,1,5660.0,1,8967.0,1,5534.0,1,6919.0,1,5749.0,5056.905,4634.994,-601.0
657,2013-03-03,0.0,0.0,0.0,0.0,0,0.0,7.0,0.8757349,0.4827922,1.0,6.123234e-17,1,0,0,1,5717.0,1,5690.0,1,3876.0,1,3811.0,1,5986.0,1,4970.0,1,5559.0,1,6773.0,5320.943,4875.44,27.0
657,2013-03-04,9265.0,1085.0,1.0,1.0,0,0.0,1.0,0.9266896,0.37582758,1.0,6.123234e-17,1,0,0,1,0.0,1,5717.0,1,6291.0,1,0.0,1,5487.0,1,5157.0,1,6384.0,1,5707.0,3192.5657,3792.009,-5717.0
657,2013-03-05,6454.0,862.0,1.0,1.0,0,0.0,2.0,0.9266896,0.37582758,1.0,6.123234e-17,1,0,0,1,9265.0,1,0.0,1,5690.0,1,3634.0,1,5690.0,1,0.0,1,5778.0,1,4896.0,5621.5396,5008.229,9265.0
657,2013-03-06,5992.0,828.0,1.0,1.0,0,0.0,3.0,0.9266896,0.37582758,1.0,6.123234e-17,1,0,0,1,6454.0,1,9265.0,1,5717.0,1,3425.0,1,5660.0,1,8967.0,1,0.0,1,0.0,5954.5234,5329.5117,-2811.0
657,2013-03-07,5320.0,741.0,1.0,1.0,0,0.0,4.0,0.9266896,0.37582758,1.0,6.123234e-17,1,0,0,1,5992.0,1,6454.0,1,0.0,1,3876.0,1,3811.0,1,5986.0,1,3924.0,1,4206.0,5969.514,5476.7314,-462.0
657,2013-03-08,5528.0,775.0,1.0,1.0,0,0.0,5.0,0.9266896,0.37582758,1.0,6.123234e-17,1,0,0,1,5320.0,1,5992.0,1,9265.0,1,6291.0,1,0.0,1,5487.0,1,0.0,1,3706.0,5709.7085,5441.902,-672.0
657,2013-03-09,4127.0,654.0,1.0,0.0,0,0.0,6.0,0.9266896,0.37582758,1.0,6.123234e-17,1,0,0,1,5528.0,1,5320.0,1,6454.0,1,5690.0,1,3634.0,1,5690.0,1,5327.0,1,3462.0,5637.025,5461.035,208.0
657,2013-03-10,0.0,0.0,0.0,0.0,0,0.0,7.0,0.9266896,0.37582758,1.0,6.123234e-17,1,0,0,1,4127.0,1,5528.0,1,5992.0,1,5717.0,1,3425.0,1,5660.0,1,5534.0,1,3452.0,5033.015,5164.5825,-1401.0
657,2013-03-11,5411.0,691.0,1.0,0.0,0,0.0,1.0,0.9646356,0.26358718,1.0,6.123234e-17,1,0,0,1,0.0,1,4127.0,1,5320.0,1,0.0,1,3876.0,1,3811.0,1,4970.0,1,4081.0,3019.809,4016.8977,-4127.0
657,2013-03-12,3299.0,502.0,1.0,0.0,0,0.0,2.0,0.9646356,0.26358718,1.0,6.123234e-17,1,0,0,1,5411.0,1,0.0,1,5528.0,1,9265.0,1,6291.0,1,0.0,1,5157.0,1,4092.0,3976.2854,4326.698,5411.0
657,2013-03-13,4475.0,680.0,1.0,0.0,0,0.0,3.0,0.9646356,0.26358718,1.0,6.123234e-17,1,0,0,1,3299.0,1,5411.0,1,4127.0,1,6454.0,1,5690.0,1,3634.0,1,0.0,1,0.0,3705.3713,4098.321,-2112.0
657,2013-03-14,4286.0,608.0,1.0,0.0,0,0.0,4.0,0.9646356,0.26358718,1.0,6.123234e-17,1,0,0,1,4475.0,1,3299.0,1,0.0,1,5992.0,1,5717.0,1,3425.0,1,8967.0,1,7606.0,4013.2227,4182.0273,1176.0
657,2013-03-15,4482.0,670.0,1.0,0.0,0,0.0,5.0,0.9646356,0.26358718,1.0,6.123234e-17,1,0,0,1,4286.0,1,4475.0,1,5411.0,1,5320.0,1,0.0,1,3876.0,1,5986.0,1,6692.0,4122.3335,4205.1323,-189.0
657,2013-03-16,3657.0,616.0,1.0,0.0,0,0.0,6.0,0.9646356,0.26358718,1.0,6.123234e-17,1,0,0,1,4482.0,1,4286.0,1,3299.0,1,5528.0,1,9265.0,1,6291.0,1,5487.0,1,5777.0,4266.2,4266.6587,196.0
657,2013-03-17,0.0,0.0,0.0,0.0,0,0.0,7.0,0.9646356,0.26358718,1.0,6.123234e-17,1,0,0,1,3657.0,1,4482.0,1,4475.0,1,4127.0,1,6454.0,1,5690.0,1,5690.0,1,5152.0,4022.52,4131.1787,-825.0
657,2013-03-18,8539.0,979.0,1.0,1.0,0,0.0,1.0,0.9890402,0.14764656,1.0,6.123234e-17,1,0,0,1,0.0,1,3657.0,1,4286.0,1,0.0,1,5992.0,1,5717.0,1,5660.0,1,5133.0,2413.512,3213.1392,-3657.0
657,2013-03-19,6306.0,799.0,1.0,1.0,0,0.0,2.0,0.9890402,0.14764656,1.0,6.123234e-17,1,0,0,1,8539.0,1,0.0,1,4482.0,1,5411.0,1,5320.0,1,0.0,1,3811.0,1,4552.0,4863.707,4396.6636,8539.0
657,2013-03-20,4749.0,614.0,1.0,1.0,0,0.0,3.0,0.9890402,0.14764656,1.0,6.123234e-17,1,0,0,1,6306.0,1,8539.0,1,3657.0,1,3299.0,1,5528.0,1,9265.0,1,0.0,1,0.0,5440.6245,4820.9604,-2233.0
657,2013-03-21,5856.0,775.0,1.0,1.0,0,0.0,4.0,0.9890402,0.14764656,1.0,6.123234e-17,1,0,0,1,4749.0,1,6306.0,1,0.0,1,4475.0,1,4127.0,1,6454.0,1,3634.0,1,4140.0,5163.9746,4804.969,-1557.0
657,2013-03-22,6074.0,810.0,1.0,1.0,0,0.0,5.0,0.9890402,0.14764656,1.0,6.123234e-17,1,0,0,1,5856.0,1,4749.0,1,8539.0,1,4286.0,1,0.0,1,5992.0,1,3425.0,1,3176.0,5440.7847,5038.5317,1107.0
657,2013-03-23,4110.0,598.0,1.0,0.0,0,0.0,6.0,0.9890402,0.14764656,1.0,6.123234e-17,1,0,0,1,6074.0,1,5856.0,1,6306.0,1,4482.0,1,5411.0,1,5320.0,1,3876.0,1,4295.0,5694.071,5268.6357,218.0
657,2013-03-24,0.0,0.0,0.0,0.0,0,0.0,7.0,0.9890402,0.14764656,1.0,6.123234e-17,1,0,0,1,4110.0,1,6074.0,1,4749.0,1,3657.0,1,3299.0,1,5528.0,1,6291.0,1,6946.0,5060.4424,5011.161,-1964.0
657,2013-03-25,8878.0,1002.0,1.0,1.0,0,1.0,1.0,0.99956083,0.029633328,1.0,6.123234e-17,1,0,0,1,0.0,1,4110.0,1,5856.0,1,0.0,1,4475.0,1,4127.0,1,5690.0,1,5794.0,3036.2656,3897.5698,-4110.0
657,2013-03-26,5988.0,839.0,1.0,1.0,0,1.0,2.0,0.99956083,0.029633328,1.0,6.123234e-17,1,0,0,1,8878.0,1,0.0,1,6074.0,1,8539.0,1,4286.0,1,0.0,1,5717.0,1,6368.0,5372.9595,5004.332,8878.0
657,2013-03-27,6739.0,834.0,1.0,1.0,0,1.0,3.0,0.99956083,0.029633328,1.0,6.123234e-17,1,0,0,1,5988.0,1,8878.0,1,4110.0,1,6306.0,1,4482.0,1,5411.0,1,0.0,1,0.0,5618.9756,5222.925,-2890.0
657,2013-03-28,9315.0,1088.0,1.0,1.0,0,1.0,4.0,0.99956083,0.029633328,1.0,6.123234e-17,1,0,0,1,6739.0,1,5988.0,1,0.0,1,4749.0,1,3657.0,1,3299.0,1,9265.0,1,9679.0,6066.9854,5559.8306,751.0
657,2013-03-29,0.0,0.0,0.0,1.0,2,1.0,5.0,0.99956083,0.029633328,1.0,6.123234e-17,1,0,0,1,9315.0,1,6739.0,1,8878.0,1,5856.0,1,0.0,1,4475.0,1,6454.0,1,7814.0,7366.1914,6394.3125,2576.0
657,2013-03-30,8197.0,1057.0,1.0,0.0,0,0.0,6.0,0.99956083,0.029633328,1.0,6.123234e-17,1,0,0,1,0.0,1,9315.0,1,5988.0,1,6074.0,1,8539.0,1,4286.0,1,5992.0,1,6919.0,4419.715,4973.3545,-9315.0
657,2013-03-31,0.0,0.0,0.0,0.0,0,0.0,7.0,0.99956083,0.029633328,1.0,6.123234e-17,1,0,1,1,8197.0,1,0.0,1,6739.0,1,4110.0,1,6306.0,1,4482.0,1,5320.0,1,5559.0,5930.629,5689.72,8197.0
657,2013-04-01,0.0,0.0,0.0,0.0,2,1.0,1.0,0.9960498,-0.08879589,0.8660254,-0.5,2,1,0,1,0.0,1,8197.0,1,9315.0,1,0.0,1,4749.0,1,3657.0,1,5528.0,1,6384.0,3558.3772,4425.338,-8197.0
657,2013-04-02,5404.0,867.0,1.0,0.0,0,1.0,2.0,0.9960498,-0.08879589,0.8660254,-0.5,2,0,0,1,0.0,1,0.0,1,0.0,1,8878.0,1,5856.0,1,0.0,1,4127.0,1,5778.0,2135.0264,3441.9294,0.0
657,2013-04-03,4743.0,718.0,1.0,0.0,0,1.0,3.0,0.9960498,-0.08879589,0.8660254,-0.5,2,0,0,1,5404.0,1,0.0,1,8197.0,1,5988.0,1,6074.0,1,8539.0,1,0.0,1,0.0,3442.6157,3877.945,5404.0
657,2013-04-04,4568.0,716.0,1.0,0.0,0,1.0,4.0,0.9960498,-0.08879589,0.8660254,-0.5,2,0,0,1,4743.0,1,5404.0,1,0.0,1,6739.0,1,4110.0,1,6306.0,1,5411.0,1,3924.0,3962.7695,4070.1794,-661.0
657,2013-04-05,4324.0,645.0,1.0,0.0,0,1.0,5.0,0.9960498,-0.08879589,0.8660254,-0.5,2,0,0,1,4568.0,1,4743.0,1,0.0,1,9315.0,1,0.0,1,4749.0,1,3299.0,1,0.0,4204.862,4180.806,-175.0
657,2013-04-06,4199.0,620.0,1.0,0.0,0,0.0,6.0,0.9960498,-0.08879589,0.8660254,-0.5,2,0,0,1,4324.0,1,4568.0,1,5404.0,1,0.0,1,8878.0,1,5856.0,1,4475.0,1,5327.0,4252.517,4212.627,-244.0
657,2013-04-07,0.0,0.0,0.0,0.0,0,0.0,7.0,0.9960498,-0.08879589,0.8660254,-0.5,2,0,0,1,4199.0,1,4324.0,1,4743.0,1,8197.0,1,5988.0,1,6074.0,1,4286.0,1,5534.0,4231.1104,4209.5986,-125.0
657,2013-04-08,8559.0,996.0,1.0,1.0,0,0.0,1.0,0.9785565,-0.20597862,0.8660254,-0.5,2,0,0,1,0.0,1,4199.0,1,4568.0,1,0.0,1,6739.0,1,4110.0,1,4482.0,1,4970.0,2538.666,3274.1323,-4199.0
657,2013-04-09,5844.0,803.0,1.0,1.0,0,0.0,2.0,0.9785565,-0.20597862,0.8660254,-0.5,2,0,0,1,8559.0,1,0.0,1,4324.0,1,0.0,1,9315.0,1,0.0,1,3657.0,1,5157.0,4946.8,4448.5474,8559.0
657,2013-04-10,5428.0,739.0,1.0,1.0,0,0.0,3.0,0.9785565,-0.20597862,0.8660254,-0.5,2,0,0,1,5844.0,1,8559.0,1,4199.0,1,5404.0,1,0.0,1,8878.0,1,0.0,1,0.0,5305.6797,4758.648,-2715.0
657,2013-04-11,5177.0,727.0,1.0,1.0,0,0.0,4.0,0.9785565,-0.20597862,0.8660254,-0.5,2,0,0,1,5428.0,1,5844.0,1,0.0,1,4743.0,1,8197.0,1,5988.0,1,8539.0,1,8967.0,5354.608,4907.393,-416.0
657,2013-04-12,5359.0,762.0,1.0,1.0,0,0.0,5.0,0.9785565,-0.20597862,0.8660254,-0.5,2,0,0,1,5177.0,1,5428.0,1,8559.0,1,4568.0,1,0.0,1,6739.0,1,6306.0,1,5986.0,5283.565,4967.3057,-251.0
657,2013-04-13,4193.0,641.0,1.0,0.0,0,0.0,6.0,0.9785565,-0.20597862,0.8660254,-0.5,2,0,0,1,5359.0,1,5177.0,1,5844.0,1,4324.0,1,0.0,1,9315.0,1,4749.0,1,5487.0,5313.739,5054.3486,182.0
657,2013-04-14,0.0,0.0,0.0,0.0,0,0.0,7.0,0.9785565,-0.20597862,0.8660254,-0.5,2,0,0,1,4193.0,1,5359.0,1,5428.0,1,4199.0,1,5404.0,1,0.0,1,5856.0,1,5690.0,4865.4434,4862.938,-1166.0
657,2013-04-15,3809.0,585.0,1.0,0.0,0,0.0,1.0,0.94732636,-0.32026985,0.8660254,-0.5,2,0,0,1,0.0,1,4193.0,1,5177.0,1,0.0,1,4743.0,1,8197.0,1,6074.0,1,5660.0,2919.2659,3782.2852,-4193.0
657,2013-04-16,3904.0,575.0,1.0,0.0,0,0.0,2.0,0.94732636,-0.32026985,0.8660254,-0.5,2,0,0,1,3809.0,1,0.0,1,5359.0,1,8559.0,1,4568.0,1,0.0,1,4110.0,1,3811.0,3275.1597,3788.2217,3809.0
657,2013-04-17,3416.0,561.0,1.0,0.0,0,0.0,3.0,0.94732636,-0.32026985,0.8660254,-0.5,2,0,0,1,3904.0,1,3809.0,1,4193.0,1,5844.0,1,4324.0,1,0.0,1,0.0,1,0.0,3526.6958,3813.9502,95.0
657,2013-04-18,3927.0,585.0,1.0,0.0,0,0.0,4.0,0.94732636,-0.32026985,0.8660254,-0.5,2,0,0,1,3416.0,1,3904.0,1,0.0,1,5428.0,1,4199.0,1,5404.0,1,8878.0,1,3634.0,3482.4175,3725.5168,-488.0
657,2013-04-19,3994.0,605.0,1.0,0.0,0,0.0,5.0,0.94732636,-0.32026985,0.8660254,-0.5,2,0,0,1,3927.0,1,3416.0,1,3809.0,1,5177.0,1,0.0,1,4743.0,1,5988.0,1,3425.0,3660.2505,3770.2908,511.0
657,2013-04-20,4209.0,638.0,1.0,0.0,0,0.0,6.0,0.94732636,-0.32026985,0.8660254,-0.5,2,0,0,1,3994.0,1,3927.0,1,3904.0,1,5359.0,1,8559.0,1,4568.0,1,6739.0,1,3876.0,3793.7502,3820.004,67.0
657,2013-04-21,0.0,0.0,0.0,0.0,0,0.0,7.0,0.94732636,-0.32026985,0.8660254,-0.5,2,0,0,1,4209.0,1,3994.0,1,3416.0,1,4193.0,1,5844.0,1,4324.0,1,9315.0,1,6291.0,3959.85,3906.4475,215.0
657,2013-04-22,11304.0,1126.0,1.0,1.0,0,0.0,1.0,0.9027978,-0.4300652,0.8660254,-0.5,2,0,0,1,0.0,1,4209.0,1,3927.0,1,0.0,1,5428.0,1,4199.0,1,0.0,1,5690.0,2375.9102,3038.3481,-4209.0
657,2013-04-23,9194.0,1005.0,1.0,1.0,0,0.0,2.0,0.9027978,-0.4300652,0.8660254,-0.5,2,0,0,1,11304.0,1,0.0,1,3994.0,1,3809.0,1,5177.0,1,0.0,1,8197.0,1,5717.0,5947.146,4875.1597,11304.0
657,2013-04-24,8201.0,930.0,1.0,1.0,0,0.0,3.0,0.9027978,-0.4300652,0.8660254,-0.5,2,0,0,1,9194.0,1,11304.0,1,4209.0,1,3904.0,1,5359.0,1,8559.0,1,0.0,1,0.0,7245.8877,5834.902,-2110.0
657,2013-04-25,8157.0,901.0,1.0,1.0,0,0.0,4.0,0.9027978,-0.4300652,0.8660254,-0.5,2,0,0,1,8201.0,1,9194.0,1,0.0,1,3416.0,1,4193.0,1,5844.0,1,0.0,1,9265.0,7627.9326,6360.7017,-993.0
657,2013-04-26,8177.0,909.0,1.0,1.0,0,0.0,5.0,0.9027978,-0.4300652,0.8660254,-0.5,2,0,0,1,8157.0,1,8201.0,1,11304.0,1,3927.0,1,0.0,1,5428.0,1,5404.0,1,6454.0,7839.5596,6759.879,-44.0
657,2013-04-27,6874.0,831.0,1.0,0.0,0,0.0,6.0,0.9027978,-0.4300652,0.8660254,-0.5,2,0,0,1,8177.0,1,8157.0,1,9194.0,1,3994.0,1,3809.0,1,5177.0,1,4743.0,1,5992.0,7974.5356,7074.795,20.0
657,2013-04-28,0.0,0.0,0.0,0.0,0,0.0,7.0,0.9027978,-0.4300652,0.8660254,-0.5,2,0,0,1,6874.0,1,8177.0,1,8201.0,1,4209.0,1,3904.0,1,5359.0,1,4568.0,1,5320.0,7534.3213,7030.174,-1303.0
657,2013-04-29,8229.0,870.0,1.0,1.0,0,0.0,1.0,0.845596,-0.5338234,0.8660254,-0.5,2,0,0,1,0.0,1,6874.0,1,8157.0,1,0.0,1,3416.0,1,4193.0,1,4324.0,1,5528.0,4520.593,5467.913,-6874.0
657,2013-04-30,9697.0,1076.0,1.0,1.0,0,0.0,2.0,0.845596,-0.5338234,0.8660254,-0.5,2,0,1,1,8229.0,1,0.0,1,8177.0,1,11304.0,1,3927.0,1,0.0,1,4199.0,1,4127.0,6003.9556,6081.488,8229.0
657,2013-05-01,0.0,0.0,0.0,1.0,1,0.0,3.0,0.845596,-0.5338234,0.5,-0.8660254,2,1,0,1,9697.0,1,8229.0,1,6874.0,1,9194.0,1,3994.0,1,3809.0,1,0.0,1,0.0,7481.1733,6884.935,1468.0
657,2013-05-02,7031.0,925.0,1.0,1.0,0,0.0,4.0,0.845596,-0.5338234,0.5,-0.8660254,2,0,0,1,0.0,1,9697.0,1,0.0,1,8201.0,1,4209.0,1,3904.0,1,8559.0,1,5411.0,4488.704,5354.949,-9697.0
657,2013-05-03,5935.0,840.0,1.0,1.0,0,0.0,5.0,0.845596,-0.5338234,0.5,-0.8660254,2,0,0,1,7031.0,1,0.0,1,8229.0,1,8157.0,1,0.0,1,3416.0,1,5844.0,1,3299.0,5505.6226,5727.4053,7031.0
657,2013-05-04,4422.0,673.0,1.0,0.0,0,0.0,6.0,0.845596,-0.5338234,0.5,-0.8660254,2,0,0,1,5935.0,1,7031.0,1,9697.0,1,8177.0,1,11304.0,1,3927.0,1,5428.0,1,4475.0,5677.3735,5773.537,-1096.0
657,2013-05-05,0.0,0.0,0.0,0.0,0,0.0,7.0,0.845596,-0.5338234,0.5,-0.8660254,2,0,0,1,4422.0,1,5935.0,1,0.0,1,6874.0,1,9194.0,1,3994.0,1,5177.0,1,4286.0,5175.224,5473.196,-1513.0
657,2013-05-06,4639.0,693.0,1.0,0.0,0,0.0,1.0,0.7765239,-0.63008785,0.5,-0.8660254,2,0,0,1,0.0,1,4422.0,1,7031.0,1,0.0,1,8201.0,1,4209.0,1,5359.0,1,4482.0,3105.1345,4256.93,-4422.0
657,2013-05-07,3914.0,580.0,1.0,0.0,0,0.0,2.0,0.7765239,-0.63008785,0.5,-0.8660254,2,0,0,1,4639.0,1,0.0,1,5935.0,1,8229.0,1,8157.0,1,0.0,1,4193.0,1,3657.0,3718.6807,4341.8345,4639.0
657,2013-05-08,4943.0,716.0,1.0,0.0,0,0.0,3.0,0.7765239,-0.63008785,0.5,-0.8660254,2,0,0,1,3914.0,1,4639.0,1,4422.0,1,9697.0,1,8177.0,1,11304.0,1,0.0,1,0.0,3796.8083,4246.7603,-725.0
657,2013-05-09,0.0,0.0,0.0,0.0,1,0.0,4.0,0.7765239,-0.63008785,0.5,-0.8660254,2,0,0,1,4943.0,1,3914.0,1,0.0,1,0.0,1,6874.0,1,9194.0,1,3809.0,1,8539.0,4255.285,4401.48,1029.0
657,2013-05-10,5584.0,805.0,1.0,0.0,0,0.0,5.0,0.7765239,-0.63008785,0.5,-0.8660254,2,0,0,1,0.0,1,4943.0,1,4639.0,1,7031.0,1,0.0,1,8201.0,1,3904.0,1,6306.0,2553.1711,3423.3733,-4943.0
657,2013-05-11,4754.0,681.0,1.0,0.0,0,0.0,6.0,0.7765239,-0.63008785,0.5,-0.8660254,2,0,0,1,5584.0,1,0.0,1,3914.0,1,5935.0,1,8229.0,1,8157.0,1,3416.0,1,4749.0,3765.5027,3903.5127,5584.0
657,2013-05-12,0.0,0.0,0.0,0.0,0,0.0,7.0,0.7765239,-0.63008785,0.5,-0.8660254,2,0,0,1,4754.0,1,5584.0,1,4943.0,1,4422.0,1,9697.0,1,8177.0,1,3927.0,1,5856.0,4160.9014,4092.5098,-830.0
657,2013-05-13,7177.0,888.0,1.0,1.0,0,0.0,1.0,0.696551,-0.71750724,0.5,-0.8660254,2,0,0,1,0.0,1,4754.0,1,0.0,1,0.0,1,0.0,1,6874.0,1,3994.0,1,6074.0,2496.541,3183.0632,-4754.0
657,2013-05-14,6240.0,775.0,1.0,1.0,0,0.0,2.0,0.696551,-0.71750724,0.5,-0.8660254,2,0,0,1,7177.0,1,0.0,1,5584.0,1,4639.0,1,7031.0,1,0.0,1,4209.0,1,4110.0,4368.7246,4070.6047,7177.0
657,2013-05-15,5807.0,785.0,1.0,1.0,0,0.0,3.0,0.696551,-0.71750724,0.5,-0.8660254,2,0,0,1,6240.0,1,7177.0,1,4754.0,1,3914.0,1,5935.0,1,8229.0,1,0.0,1,0.0,5117.235,4552.6924,-937.0
657,2013-05-16,5194.0,710.0,1.0,1.0,0,0.0,4.0,0.696551,-0.71750724,0.5,-0.8660254,2,0,0,1,5807.0,1,6240.0,1,0.0,1,4943.0,1,4422.0,1,9697.0,1,11304.0,1,8878.0,5393.1406,4831.4277,-433.0
657,2013-05-17,5584.0,746.0,1.0,1.0,0,0.0,5.0,0.696551,-0.71750724,0.5,-0.8660254,2,0,0,1,5194.0,1,5807.0,1,7177.0,1,0.0,1,0.0,1,0.0,1,9194.0,1,5988.0,5313.4844,4911.999,-613.0
657,2013-05-18,4479.0,639.0,1.0,0.0,0,0.0,6.0,0.696551,-0.71750724,0.5,-0.8660254,2,0,0,1,5584.0,1,5194.0,1,6240.0,1,5584.0,1,4639.0,1,7031.0,1,8201.0,1,6739.0,5421.691,5061.3325,390.0
657,2013-05-19,0.0,0.0,0.0,0.0,0,0.0,7.0,0.696551,-0.71750724,0.5,-0.8660254,2,0,0,1,4479.0,1,5584.0,1,5807.0,1,4754.0,1,3914.0,1,5935.0,1,8157.0,1,9315.0,5044.6143,4931.9253,-1105.0
657,2013-05-20,0.0,0.0,0.0,0.0,1,0.0,1.0,0.60680014,-0.79485446,0.5,-0.8660254,2,0,0,1,0.0,1,4479.0,1,5194.0,1,0.0,1,4943.0,1,4422.0,1,8177.0,1,0.0,3026.7686,3835.942,-4479.0
657,2013-05-21,4508.0,720.0,1.0,0.0,0,1.0,2.0,0.60680014,-0.79485446,0.5,-0.8660254,2,0,0,1,0.0,1,0.0,1,5584.0,1,7177.0,1,0.0,1,0.0,1,6874.0,1,8197.0,1816.0612,2983.5105,0.0
657,2013-05-22,3907.0,587.0,1.0,0.0,0,0.0,3.0,0.60680014,-0.79485446,0.5,-0.8660254,2,0,0,1,4508.0,1,0.0,1,4479.0,1,6240.0,1,5584.0,1,4639.0,1,0.0,1,0.0,2892.8367,3322.286,4508.0
657,2013-05-23,3937.0,569.0,1.0,0.0,0,0.0,4.0,0.60680014,-0.79485446,0.5,-0.8660254,2,0,0,1,3907.0,1,4508.0,1,0.0,1,5807.0,1,4754.0,1,3914.0,1,8229.0,1,0.0,3298.502,3452.2224,-601.0
657,2013-05-24,3831.0,572.0,1.0,0.0,0,0.0,5.0,0.60680014,-0.79485446,0.5,-0.8660254,2,0,0,1,3937.0,1,3907.0,1,0.0,1,5194.0,1,0.0,1,4943.0,1,9697.0,1,5404.0,3553.9011,3559.9507,30.0
657,2013-05-25,3607.0,569.0,1.0,0.0,0,0.0,6.0,0.60680014,-0.79485446,0.5,-0.8660254,2,0,0,1,3831.0,1,3937.0,1,4508.0,1,5584.0,1,7177.0,1,0.0,1,0.0,1,4743.0,3664.7407,3620.1838,-106.0
657,2013-05-26,0.0,0.0,0.0,0.0,0,0.0,7.0,0.60680014,-0.79485446,0.5,-0.8660254,2,0,0,1,3607.0,1,3831.0,1,3907.0,1,4479.0,1,6240.0,1,5584.0,1,7031.0,1,4568.0,3641.6445,3617.2542,-224.0
657,2013-05-27,7769.0,907.0,1.0,1.0,0,0.0,1.0,0.5085311,-0.86104363,0.5,-0.8660254,2,0,0,1,0.0,1,3607.0,1,3937.0,1,0.0,1,5807.0,1,4754.0,1,5935.0,1,4324.0,2184.9866,2813.42,-3607.0
657,2013-05-28,5487.0,756.0,1.0,1.0,0,0.0,2.0,0.5085311,-0.86104363,0.5,-0.8660254,2,0,0,1,7769.0,1,0.0,1,3831.0,1,0.0,1,5194.0,1,0.0,1,4422.0,1,4199.0,4418.592,3914.66,7769.0
657,2013-05-29,6469.0,757.0,1.0,1.0,0,0.0,3.0,0.5085311,-0.86104363,0.5,-0.8660254,2,0,0,1,5487.0,1,7769.0,1,3607.0,1,4508.0,1,5584.0,1,7177.0,1,0.0,1,0.0,4845.955,4264.069,-2282.0
657,2013-05-30,0.0,0.0,0.0,1.0,1,0.0,4.0,0.5085311,-0.86104363,0.5,-0.8660254,2,0,0,1,6469.0,1,5487.0,1,0.0,1,3907.0,1,4479.0,1,6240.0,1,4639.0,1,8559.0,5495.1733,4754.0537,982.0
657,2013-05-31,11050.0,1236.0,1.0,1.0,0,0.0,5.0,0.5085311,-0.86104363,0.5,-0.8660254,2,0,1,1,0.0,1,6469.0,1,7769.0,1,3937.0,1,0.0,1,5807.0,1,3914.0,1,5844.0,3297.1038,3697.5972,-6469.0
657,2013-06-01,6331.0,791.0,1.0,0.0,0,0.0,6.0,0.5085311,-0.86104363,1.2246469e-16,-1.0,2,1,0,1,11050.0,1,0.0,1,5487.0,1,3831.0,1,0.0,1,5194.0,1,4943.0,1,5428.0,6398.262,5331.4644,11050.0
657,2013-06-02,0.0,0.0,0.0,0.0,0,0.0,7.0,0.5085311,-0.86104363,1.2246469e-16,-1.0,2,0,0,1,6331.0,1,11050.0,1,6469.0,1,3607.0,1,4508.0,1,5584.0,1,0.0,1,5177.0,6371.3574,5553.5835,-4719.0
657,2013-06-03,9139.0,1046.0,1.0,1.0,0,0.0,1.0,0.40312344,-0.91514564,1.2246469e-16,-1.0,2,0,0,1,0.0,1,6331.0,1,0.0,1,0.0,1,3907.0,1,4479.0,1,5584.0,1,5359.0,3822.8145,4319.4536,-6331.0
657,2013-06-04,6256.0,817.0,1.0,1.0,0,0.0,2.0,0.40312344,-0.91514564,1.2246469e-16,-1.0,2,0,0,1,9139.0,1,0.0,1,11050.0,1,7769.0,1,3937.0,1,0.0,1,4754.0,1,4193.0,5949.2886,5390.464,9139.0
657,2013-06-05,5046.0,721.0,1.0,1.0,0,0.0,3.0,0.40312344,-0.91514564,1.2246469e-16,-1.0,2,0,0,1,6256.0,1,9139.0,1,6331.0,1,5487.0,1,3831.0,1,0.0,1,0.0,1,0.0,6071.973,5582.805,-2883.0
657,2013-06-06,5239.0,701.0,1.0,1.0,0,0.0,4.0,0.40312344,-0.91514564,1.2246469e-16,-1.0,2,0,0,1,5046.0,1,6256.0,1,0.0,1,6469.0,1,3607.0,1,4508.0,1,7177.0,1,3809.0,5661.584,5463.515,-1210.0
657,2013-06-07,5073.0,724.0,1.0,1.0,0,0.0,5.0,0.40312344,-0.91514564,1.2246469e-16,-1.0,2,0,0,1,5239.0,1,5046.0,1,9139.0,1,0.0,1,0.0,1,3907.0,1,6240.0,1,3904.0,5492.5503,5413.623,193.0
657,2013-06-08,3832.0,570.0,1.0,0.0,0,0.0,6.0,0.40312344,-0.91514564,1.2246469e-16,-1.0,2,0,0,1,5073.0,1,5239.0,1,6256.0,1,11050.0,1,7769.0,1,3937.0,1,5807.0,1,3416.0,5324.73,5337.929,-166.0
657,2013-06-09,0.0,0.0,0.0,0.0,0,0.0,7.0,0.40312344,-0.91514564,1.2246469e-16,-1.0,2,0,0,1,3832.0,1,5073.0,1,5046.0,1,6331.0,1,5487.0,1,3831.0,1,5194.0,1,3927.0,4727.638,5003.2783,-1241.0
657,2013-06-10,4882.0,680.0,1.0,0.0,0,0.0,1.0,0.29205677,-0.956401,1.2246469e-16,-1.0,2,0,0,1,0.0,1,3832.0,1,5239.0,1,0.0,1,6469.0,1,3607.0,1,5584.0,1,3994.0,2836.5828,3891.4385,-3832.0
657,2013-06-11,3921.0,569.0,1.0,0.0,0,0.0,2.0,0.29205677,-0.956401,1.2246469e-16,-1.0,2,0,0,1,4882.0,1,0.0,1,5073.0,1,9139.0,1,0.0,1,0.0,1,4479.0,1,4209.0,3654.7498,4111.5635,4882.0
657,2013-06-12,3375.0,538.0,1.0,0.0,0,0.0,3.0,0.29205677,-0.956401,1.2246469e-16,-1.0,2,0,0,1,3921.0,1,4882.0,1,3832.0,1,6256.0,1,11050.0,1,7769.0,1,0.0,1,0.0,3761.2498,4069.2158,-961.0
657,2013-06-13,3525.0,544.0,1.0,0.0,0,0.0,4.0,0.29205677,-0.956401,1.2246469e-16,-1.0,2,0,0,1,3375.0,1,3921.0,1,0.0,1,5046.0,1,6331.0,1,5487.0,1,0.0,1,11304.0,3606.75,3914.9458,-546.0
657,2013-06-14,4239.0,632.0,1.0,0.0,0,0.0,5.0,0.29205677,-0.956401,1.2246469e-16,-1.0,2,0,0,1,3525.0,1,3375.0,1,4882.0,1,5239.0,1,0.0,1,6469.0,1,4508.0,1,9194.0,3574.05,3828.291,150.0
657,2013-06-15,4310.0,595.0,1.0,0.0,0,0.0,6.0,0.29205677,-0.956401,1.2246469e-16,-1.0,2,0,0,1,4239.0,1,3525.0,1,3921.0,1,5073.0,1,9139.0,1,0.0,1,3907.0,1,8201.0,3840.03,3919.5598,714.0
657,2013-06-16,0.0,0.0,0.0,0.0,0,0.0,7.0,0.29205677,-0.956401,1.2246469e-16,-1.0,2,0,0,1,4310.0,1,4239.0,1,3375.0,1,3832.0,1,6256.0,1,11050.0,1,3937.0,1,8157.0,4028.018,4006.3242,71.0
657,2013-06-17,7258.0,865.0,1.0,1.0,0,0.0,1.0,0.17689027,-0.9842306,1.2246469e-16,-1.0,2,0,0,1,0.0,1,4310.0,1,3525.0,1,0.0,1,5046.0,1,6331.0,1,3831.0,1,8177.0,2416.8108,3116.03,-4310.0
657,2013-06-18,5526.0,759.0,1.0,1.0,0,0.0,2.0,0.17689027,-0.9842306,1.2246469e-16,-1.0,2,0,0,1,7258.0,1,0.0,1,4239.0,1,4882.0,1,5239.0,1,0.0,1,3607.0,1,6874.0,4353.2866,4036.4678,7258.0
657,2013-06-19,4582.0,619.0,1.0,1.0,0,0.0,3.0,0.17689027,-0.9842306,1.2246469e-16,-1.0,2,0,0,1,5526.0,1,7258.0,1,4310.0,1,3921.0,1,5073.0,1,9139.0,1,0.0,1,0.0,4822.372,4367.475,-1732.0
657,2013-06-20,4520.0,635.0,1.0,1.0,0,0.0,4.0,0.17689027,-0.9842306,1.2246469e-16,-1.0,2,0,0,1,4582.0,1,5526.0,1,0.0,1,3375.0,1,3832.0,1,6256.0,1,7769.0,1,8229.0,4726.223,4415.147,-944.0
657,2013-06-21,5315.0,728.0,1.0,1.0,0,0.0,5.0,0.17689027,-0.9842306,1.2246469e-16,-1.0,2,0,0,1,4520.0,1,4582.0,1,7258.0,1,3525.0,1,0.0,1,5046.0,1,5487.0,1,9697.0,4643.734,4438.4478,-62.0
657,2013-06-22,4247.0,630.0,1.0,0.0,0,0.0,6.0,0.17689027,-0.9842306,1.2246469e-16,-1.0,2,0,0,1,5315.0,1,4520.0,1,5526.0,1,4239.0,1,4882.0,1,5239.0,1,6469.0,1,0.0,4912.24,4633.2373,795.0
657,2013-06-23,0.0,0.0,0.0,0.0,0,0.0,7.0,0.17689027,-0.9842306,1.2246469e-16,-1.0,2,0,0,1,4247.0,1,5315.0,1,4582.0,1,4310.0,1,3921.0,1,5073.0,1,0.0,1,7031.0,4646.144,4547.4067,-1068.0
657,2013-06-24,3419.0,547.0,1.0,0.0,0,0.0,1.0,0.059240628,-0.99824375,1.2246469e-16,-1.0,2,0,0,1,0.0,1,4247.0,1,4520.0,1,0.0,1,3375.0,1,3832.0,1,11050.0,1,5935.0,2787.6865,3536.8718,-4247.0
657,2013-06-25,3653.0,580.0,1.0,0.0,0,0.0,2.0,0.059240628,-0.99824375,1.2246469e-16,-1.0,2,0,0,1,3419.0,1,0.0,1,5315.0,1,7258.0,1,3525.0,1,0.0,1,6331.0,1,4422.0,3040.212,3510.6782,3419.0
657,2013-06-26,3553.0,541.0,1.0,0.0,0,0.0,3.0,0.059240628,-0.99824375,1.2246469e-16,-1.0,2,0,0,1,3653.0,1,3419.0,1,4247.0,1,5526.0,1,4239.0,1,4882.0,1,0.0,1,0.0,3285.3271,3542.3052,234.0
657,2013-06-27,4190.0,560.0,1.0,0.0,0,0.0,4.0,0.059240628,-0.99824375,1.2246469e-16,-1.0,2,0,0,1,3553.0,1,3653.0,1,0.0,1,4582.0,1,4310.0,1,3921.0,1,9139.0,1,4639.0,3392.3962,3544.682,-100.0
657,2013-06-28,6124.0,764.0,1.0,0.0,0,0.0,5.0,0.059240628,-0.99824375,1.2246469e-16,-1.0,2,0,0,1,4190.0,1,3553.0,1,3419.0,1,4520.0,1,0.0,1,3375.0,1,6256.0,1,3914.0,3711.4377,3688.086,637.0
657,2013-06-29,5663.0,715.0,1.0,0.0,0,0.0,6.0,0.059240628,-0.99824375,1.2246469e-16,-1.0,2,0,0,1,6124.0,1,4190.0,1,3653.0,1,5315.0,1,7258.0,1,3525.0,1,5046.0,1,4943.0,4676.463,4229.4,1934.0
657,2013-06-30,0.0,0.0,0.0,0.0,0,0.0,7.0,0.059240628,-0.99824375,1.2246469e-16,-1.0,2,0,1,1,5663.0,1,6124.0,1,3553.0,1,4247.0,1,5526.0,1,4239.0,1,5239.0,1,0.0,5071.0776,4547.978,-461.0
657,2013-07-01,10220.0,1161.0,1.0,1.0,0,0.0,1.0,-0.059240628,-0.99824375,-0.5,-0.8660254,3,1,0,1,0.0,1,5663.0,1,4190.0,1,0.0,1,4582.0,1,4310.0,1,5073.0,1,5584.0,3042.6465,3537.3162,-5663.0
657,2013-07-02,7185.0,912.0,1.0,1.0,0,0.0,2.0,-0.059240628,-0.99824375,-0.5,-0.8660254,3,0,0,1,10220.0,1,0.0,1,6124.0,1,3419.0,1,4520.0,1,0.0,1,3832.0,1,4754.0,5913.588,5022.357,10220.0
657,2013-07-03,5913.0,762.0,1.0,1.0,0,0.0,3.0,-0.059240628,-0.99824375,-0.5,-0.8660254,3,0,0,1,7185.0,1,10220.0,1,5663.0,1,3653.0,1,5315.0,1,7258.0,1,0.0,1,0.0,6422.153,5502.9443,-3035.0
657,2013-07-04,6310.0,823.0,1.0,1.0,0,0.0,4.0,-0.059240628,-0.99824375,-0.5,-0.8660254,3,0,0,1,5913.0,1,7185.0,1,0.0,1,3553.0,1,4247.0,1,5526.0,1,4882.0,1,7177.0,6218.4917,5594.068,-1272.0
657,2013-07-05,5217.0,709.0,1.0,1.0,0,0.0,5.0,-0.059240628,-0.99824375,-0.5,-0.8660254,3,0,0,1,6310.0,1,5913.0,1,10220.0,1,4190.0,1,0.0,1,4582.0,1,3921.0,1,6240.0,6255.095,5753.164,397.0
657,2013-07-06,3519.0,570.0,1.0,0.0,0,0.0,6.0,-0.059240628,-0.99824375,-0.5,-0.8660254,3,0,0,1,5217.0,1,6310.0,1,7185.0,1,6124.0,1,3419.0,1,4520.0,1,3375.0,1,5807.0,5839.857,5634.016,-1093.0
657,2013-07-07,0.0,0.0,0.0,0.0,0,0.0,7.0,-0.059240628,-0.99824375,-0.5,-0.8660254,3,0,0,1,3519.0,1,5217.0,1,5913.0,1,5663.0,1,3653.0,1,5315.0,1,3525.0,1,5194.0,4911.514,5164.0127,-1698.0
657,2013-07-08,4067.0,651.0,1.0,0.0,0,0.0,1.0,-0.17689027,-0.9842306,-0.5,-0.8660254,3,0,0,1,0.0,1,3519.0,1,6310.0,1,0.0,1,3553.0,1,4247.0,1,4239.0,1,5584.0,2946.9084,4016.4543,-3519.0
657,2013-07-09,3788.0,590.0,1.0,0.0,0,0.0,2.0,-0.17689027,-0.9842306,-0.5,-0.8660254,3,0,0,1,4067.0,1,0.0,1,5217.0,1,10220.0,1,4190.0,1,0.0,1,4310.0,1,4479.0,3394.945,4027.6868,4067.0
657,2013-07-10,3809.0,589.0,1.0,0.0,0,0.0,3.0,-0.17689027,-0.9842306,-0.5,-0.8660254,3,0,0,1,3788.0,1,4067.0,1,3519.0,1,7185.0,1,6124.0,1,3419.0,1,0.0,1,0.0,3552.167,3974.423,-279.0
657,2013-07-11,4135.0,592.0,1.0,0.0,0,0.0,4.0,-0.17689027,-0.9842306,-0.5,-0.8660254,3,0,0,1,3809.0,1,3788.0,1,0.0,1,5913.0,1,5663.0,1,3653.0,1,7258.0,1,0.0,3654.9001,3937.6624,21.0
657,2013-07-12,4520.0,604.0,1.0,0.0,0,0.0,5.0,-0.17689027,-0.9842306,-0.5,-0.8660254,3,0,0,1,4135.0,1,3809.0,1,4067.0,1,6310.0,1,0.0,1,3553.0,1,5526.0,1,4508.0,3846.9402,3981.5151,326.0
657,2013-07-13,4174.0,591.0,1.0,0.0,0,0.0,6.0,-0.17689027,-0.9842306,-0.5,-0.8660254,3,0,0,1,4520.0,1,4135.0,1,3788.0,1,5217.0,1,10220.0,1,4190.0,1,4582.0,1,3907.0,4116.164,4101.178,385.0
657,2013-07-14,0.0,0.0,0.0,0.0,0,0.0,7.0,-0.17689027,-0.9842306,-0.5,-0.8660254,3,0,0,1,4174.0,1,4520.0,1,3809.0,1,3519.0,1,7185.0,1,6124.0,1,4520.0,1,3937.0,4139.2983,4117.361,-346.0
657,2013-07-15,9014.0,1037.0,1.0,1.0,0,0.0,1.0,-0.29205677,-0.956401,-0.5,-0.8660254,3,0,0,1,0.0,1,4174.0,1,4135.0,1,0.0,1,5913.0,1,5663.0,1,5315.0,1,3831.0,2483.579,3202.3918,-4174.0
657,2013-07-16,6860.0,856.0,1.0,1.0,0,0.0,2.0,-0.29205677,-0.956401,-0.5,-0.8660254,3,0,0,1,9014.0,1,0.0,1,4520.0,1,4067.0,1,6310.0,1,0.0,1,4247.0,1,3607.0,5095.7476,4493.8604,9014.0
657,2013-07-17,6849.0,855.0,1.0,1.0,0,0.0,3.0,-0.29205677,-0.956401,-0.5,-0.8660254,3,0,0,1,6860.0,1,9014.0,1,4174.0,1,3788.0,1,5217.0,1,10220.0,1,0.0,1,0.0,5801.448,5019.669,-2154.0
657,2013-07-18,6168.0,769.0,1.0,1.0,0,0.0,4.0,-0.29205677,-0.956401,-0.5,-0.8660254,3,0,0,1,6849.0,1,6860.0,1,0.0,1,3809.0,1,3519.0,1,7185.0,1,3419.0,1,7769.0,6220.469,5426.187,-11.0
657,2013-07-19,6226.0,783.0,1.0,1.0,0,0.0,5.0,-0.29205677,-0.956401,-0.5,-0.8660254,3,0,0,1,6168.0,1,6849.0,1,9014.0,1,4135.0,1,0.0,1,5913.0,1,3653.0,1,5487.0,6199.4814,5591.0347,-681.0
657,2013-07-20,4316.0,602.0,1.0,0.0,0,0.0,6.0,-0.29205677,-0.956401,-0.5,-0.8660254,3,0,0,1,6226.0,1,6168.0,1,6860.0,1,4520.0,1,4067.0,1,6310.0,1,3553.0,1,6469.0,6210.089,5732.1377,58.0
657,2013-07-21,0.0,0.0,0.0,0.0,0,0.0,7.0,-0.29205677,-0.956401,-0.5,-0.8660254,3,0,0,1,4316.0,1,6226.0,1,6849.0,1,4174.0,1,3788.0,1,5217.0,1,4190.0,1,0.0,5452.453,5417.4404,-1910.0
657,2013-07-22,3933.0,620.0,1.0,0.0,0,1.0,1.0,-0.40312344,-0.91514564,-0.5,-0.8660254,3,0,0,1,0.0,1,4316.0,1,6168.0,1,0.0,1,3809.0,1,3519.0,1,6124.0,1,11050.0,3271.472,4213.565,-4316.0
657,2013-07-23,3400.0,530.0,1.0,0.0,0,1.0,2.0,-0.40312344,-0.91514564,-0.5,-0.8660254,3,0,0,1,3933.0,1,0.0,1,6226.0,1,9014.0,1,4135.0,1,0.0,1,5663.0,1,6331.0,3536.0833,4151.2173,3933.0
657,2013-07-24,4165.0,562.0,1.0,0.0,0,1.0,3.0,-0.40312344,-0.91514564,-0.5,-0.8660254,3,0,0,1,3400.0,1,3933.0,1,4316.0,1,6860.0,1,4520.0,1,4067.0,1,0.0,1,0.0,3481.65,3984.28,-533.0
657,2013-07-25,3524.0,525.0,1.0,0.0,0,1.0,4.0,-0.40312344,-0.91514564,-0.5,-0.8660254,3,0,0,1,4165.0,1,3400.0,1,0.0,1,6849.0,1,4174.0,1,3788.0,1,10220.0,1,9139.0,3754.99,4024.44,765.0
657,2013-07-26,3546.0,543.0,1.0,0.0,0,1.0,5.0,-0.40312344,-0.91514564,-0.5,-0.8660254,3,0,0,1,3524.0,1,4165.0,1,3933.0,1,6168.0,1,0.0,1,3809.0,1,7185.0,1,6256.0,3662.594,3913.2312,-641.0
657,2013-07-27,3573.0,476.0,1.0,0.0,0,0.0,6.0,-0.40312344,-0.91514564,-0.5,-0.8660254,3,0,0,1,3546.0,1,3524.0,1,3400.0,1,6226.0,1,9014.0,1,4135.0,1,5913.0,1,5046.0,3615.9563,3831.6243,22.0
657,2013-07-28,0.0,0.0,0.0,0.0,0,0.0,7.0,-0.40312344,-0.91514564,-0.5,-0.8660254,3,0,0,1,3573.0,1,3546.0,1,4165.0,1,4316.0,1,6860.0,1,4520.0,1,6310.0,1,5239.0,3598.774,3774.152,27.0
657,2013-07-29,8979.0,976.0,1.0,1.0,0,1.0,1.0,-0.5085311,-0.86104363,-0.5,-0.8660254,3,0,0,1,0.0,1,3573.0,1,3524.0,1,0.0,1,6849.0,1,4174.0,1,5217.0,1,5073.0,2159.2644,2935.4517,-3573.0
657,2013-07-30,7920.0,876.0,1.0,1.0,0,1.0,2.0,-0.5085311,-0.86104363,-0.5,-0.8660254,3,0,0,1,8979.0,1,0.0,1,3546.0,1,3933.0,1,6168.0,1,0.0,1,3519.0,1,3832.0,4887.1587,4278.4624,8979.0
657,2013-07-31,10552.0,1111.0,1.0,1.0,0,1.0,3.0,-0.5085311,-0.86104363,-0.5,-0.8660254,3,0,1,1,7920.0,1,8979.0,1,3573.0,1,3400.0,1,6226.0,1,9014.0,1,0.0,1,0.0,6100.295,5087.693,-1059.0
657,2013-08-01,6881.0,914.0,1.0,1.0,0,1.0,4.0,-0.5085311,-0.86104363,-0.8660254,-0.5,3,1,0,1,10552.0,1,7920.0,1,0.0,1,4165.0,1,4316.0,1,6860.0,1,4067.0,1,4882.0,7880.977,6301.9834,2632.0
657,2013-08-02,5495.0,744.0,1.0,1.0,0,1.0,5.0,-0.5085311,-0.86104363,-0.8660254,-0.5,3,0,0,1,6881.0,1,10552.0,1,8979.0,1,3524.0,1,0.0,1,6849.0,1,3788.0,1,3921.0,7480.9863,6430.654,-3671.0
657,2013-08-03,4861.0,679.0,1.0,0.0,0,0.0,6.0,-0.5085311,-0.86104363,-0.8660254,-0.5,3,0,0,1,5495.0,1,6881.0,1,7920.0,1,3546.0,1,3933.0,1,6168.0,1,3809.0,1,3375.0,6686.592,6222.731,-1386.0
657,2013-08-04,0.0,0.0,0.0,0.0,0,0.0,7.0,-0.5085311,-0.86104363,-0.8660254,-0.5,3,0,0,1,4861.0,1,5495.0,1,10552.0,1,3573.0,1,3400.0,1,6226.0,1,4135.0,1,3525.0,5956.355,5920.124,-634.0
657,2013-08-05,5081.0,757.0,1.0,0.0,0,1.0,1.0,-0.60680014,-0.79485446,-0.8660254,-0.5,3,0,0,1,0.0,1,4861.0,1,6881.0,1,0.0,1,4165.0,1,4316.0,1,4520.0,1,4239.0,3573.813,4604.541,-4861.0
657,2013-08-06,4331.0,647.0,1.0,0.0,0,1.0,2.0,-0.60680014,-0.79485446,-0.8660254,-0.5,3,0,0,1,5081.0,1,0.0,1,5495.0,1,8979.0,1,3524.0,1,0.0,1,4174.0,1,4310.0,4176.688,4710.4204,5081.0
657,2013-08-07,3652.0,550.0,1.0,0.0,0,1.0,3.0,-0.60680014,-0.79485446,-0.8660254,-0.5,3,0,0,1,4331.0,1,5081.0,1,4861.0,1,7920.0,1,3546.0,1,3933.0,1,0.0,1,0.0,4238.4126,4626.105,-750.0
657,2013-08-08,4617.0,626.0,1.0,0.0,0,1.0,4.0,-0.60680014,-0.79485446,-0.8660254,-0.5,3,0,0,1,3652.0,1,4331.0,1,0.0,1,10552.0,1,3573.0,1,3400.0,1,9014.0,1,7258.0,4003.8477,4409.637,-679.0
657,2013-08-09,3996.0,577.0,1.0,0.0,0,1.0,5.0,-0.60680014,-0.79485446,-0.8660254,-0.5,3,0,0,1,4617.0,1,3652.0,1,5081.0,1,6881.0,1,0.0,1,4165.0,1,6860.0,1,5526.0,4249.1084,4455.718,965.0
657,2013-08-10,3593.0,537.0,1.0,0.0,0,0.0,6.0,-0.60680014,-0.79485446,-0.8660254,-0.5,3,0,0,1,3996.0,1,4617.0,1,4331.0,1,5495.0,1,8979.0,1,3524.0,1,6849.0,1,4582.0,4147.865,4353.558,-621.0
657,2013-08-11,0.0,0.0,0.0,0.0,0,0.0,7.0,-0.60680014,-0.79485446,-0.8660254,-0.5,3,0,0,1,3593.0,1,3996.0,1,3652.0,1,4861.0,1,7920.0,1,3546.0,1,6168.0,1,4520.0,3925.9192,4184.5454,-403.0
657,2013-08-12,8734.0,1038.0,1.0,1.0,0,1.0,1.0,-0.696551,-0.71750724,-0.8660254,-0.5,3,0,0,1,0.0,1,3593.0,1,4617.0,1,0.0,1,10552.0,1,3573.0,1,6226.0,1,5315.0,2355.5515,3254.6465,-3593.0
657,2013-08-13,6256.0,808.0,1.0,1.0,0,1.0,2.0,-0.696551,-0.71750724,-0.8660254,-0.5,3,0,0,1,8734.0,1,0.0,1,3996.0,1,5081.0,1,6881.0,1,0.0,1,4316.0,1,4247.0,4906.9307,4472.2803,8734.0
657,2013-08-14,5834.0,756.0,1.0,1.0,0,1.0,3.0,-0.696551,-0.71750724,-0.8660254,-0.5,3,0,0,1,6256.0,1,8734.0,1,3593.0,1,4331.0,1,5495.0,1,8979.0,1,0.0,1,0.0,5446.5586,4868.6626,-2478.0
657,2013-08-15,5652.0,748.0,1.0,1.0,0,1.0,4.0,-0.696551,-0.71750724,-0.8660254,-0.5,3,0,0,1,5834.0,1,6256.0,1,0.0,1,3652.0,1,4861.0,1,7920.0,1,3933.0,1,3419.0,5601.535,5083.182,-422.0
657,2013-08-16,5252.0,725.0,1.0,1.0,0,1.0,5.0,-0.696551,-0.71750724,-0.8660254,-0.5,3,0,0,1,5652.0,1,5834.0,1,8734.0,1,4617.0,1,0.0,1,10552.0,1,3400.0,1,3653.0,5621.721,5209.586,-182.0
657,2013-08-17,3196.0,511.0,1.0,0.0,0,0.0,6.0,-0.696551,-0.71750724,-0.8660254,-0.5,3,0,0,1,5252.0,1,5652.0,1,6256.0,1,3996.0,1,5081.0,1,6881.0,1,4165.0,1,3553.0,5473.8325,5219.011,-400.0
657,2013-08-18,0.0,0.0,0.0,0.0,0,0.0,7.0,-0.696551,-0.71750724,-0.8660254,-0.5,3,0,0,1,3196.0,1,5252.0,1,5834.0,1,3593.0,1,4331.0,1,5495.0,1,3524.0,1,4190.0,4562.6997,4769.453,-2056.0
657,2013-08-19,4033.0,598.0,1.0,0.0,0,1.0,1.0,-0.7765239,-0.63008785,-0.8660254,-0.5,3,0,0,1,0.0,1,3196.0,1,5652.0,1,0.0,1,3652.0,1,4861.0,1,3546.0,1,6124.0,2737.6196,3709.5747,-3196.0
657,2013-08-20,3360.0,560.0,1.0,0.0,0,1.0,2.0,-0.7765239,-0.63008785,-0.8660254,-0.5,3,0,0,1,4033.0,1,0.0,1,5252.0,1,8734.0,1,4617.0,1,0.0,1,3573.0,1,5663.0,3255.7717,3781.447,4033.0
657,2013-08-21,3378.0,545.0,1.0,0.0,0,1.0,3.0,-0.7765239,-0.63008785,-0.8660254,-0.5,3,0,0,1,3360.0,1,4033.0,1,3196.0,1,6256.0,1,3996.0,1,5081.0,1,0.0,1,0.0,3297.4631,3687.7922,-673.0
657,2013-08-22,3780.0,557.0,1.0,0.0,0,1.0,4.0,-0.7765239,-0.63008785,-0.8660254,-0.5,3,0,0,1,3378.0,1,3360.0,1,0.0,1,5834.0,1,3593.0,1,4331.0,1,8979.0,1,10220.0,3329.678,3618.9495,18.0
657,2013-08-23,3332.0,508.0,1.0,0.0,0,1.0,5.0,-0.7765239,-0.63008785,-0.8660254,-0.5,3,0,0,1,3780.0,1,3378.0,1,4033.0,1,5652.0,1,0.0,1,3652.0,1,7920.0,1,7185.0,3509.8066,3654.7385,402.0
657,2013-08-24,3224.0,536.0,1.0,0.0,0,0.0,6.0,-0.7765239,-0.63008785,-0.8660254,-0.5,3,0,0,1,3332.0,1,3780.0,1,3360.0,1,5252.0,1,8734.0,1,4617.0,1,10552.0,1,5913.0,3438.684,3583.0188,-448.0
657,2013-08-25,0.0,0.0,0.0,0.0,0,0.0,7.0,-0.7765239,-0.63008785,-0.8660254,-0.5,3,0,0,1,3224.0,1,3332.0,1,3378.0,1,3196.0,1,6256.0,1,3996.0,1,6881.0,1,6310.0,3352.8103,3503.2368,-108.0
657,2013-08-26,7333.0,894.0,1.0,1.0,0,1.0,1.0,-0.845596,-0.5338234,-0.8660254,-0.5,3,0,0,1,0.0,1,3224.0,1,3780.0,1,0.0,1,5834.0,1,3593.0,1,5495.0,1,5217.0,2011.6863,2724.7397,-3224.0
657,2013-08-27,6011.0,721.0,1.0,1.0,0,1.0,2.0,-0.845596,-0.5338234,-0.8660254,-0.5,3,0,0,1,7333.0,1,0.0,1,3332.0,1,4033.0,1,5652.0,1,0.0,1,4861.0,1,3519.0,4140.212,3748.7976,7333.0
657,2013-08-28,5217.0,730.0,1.0,1.0,0,1.0,3.0,-0.845596,-0.5338234,-0.8660254,-0.5,3,0,0,1,6011.0,1,7333.0,1,3224.0,1,3360.0,1,5252.0,1,8734.0,1,0.0,1,0.0,4888.527,4251.5093,-1322.0
657,2013-08-29,5710.0,684.0,1.0,1.0,0,1.0,4.0,-0.845596,-0.5338234,-0.8660254,-0.5,3,0,0,1,5217.0,1,6011.0,1,0.0,1,3378.0,1,3196.0,1,6256.0,1,5081.0,1,4067.0,5019.916,4466.063,-794.0
657,2013-08-30,8005.0,974.0,1.0,1.0,0,1.0,5.0,-0.845596,-0.5338234,-0.8660254,-0.5,3,0,0,1,5710.0,1,5217.0,1,7333.0,1,3780.0,1,0.0,1,5834.0,1,4331.0,1,3788.0,5295.9497,4742.493,493.0
657,2013-08-31,5084.0,672.0,1.0,0.0,0,0.0,6.0,-0.845596,-0.5338234,-0.8660254,-0.5,3,0,1,1,8005.0,1,5710.0,1,6011.0,1,3332.0,1,4033.0,1,5652.0,1,3652.0,1,3809.0,6379.57,5467.4946,2295.0
657,2013-09-01,0.0,0.0,0.0,0.0,0,0.0,7.0,-0.845596,-0.5338234,-1.0,-1.8369701e-16,3,1,0,1,5084.0,1,8005.0,1,5217.0,1,3224.0,1,3360.0,1,5252.0,1,4617.0,1,4135.0,5861.342,5382.274,-2921.0
657,2013-09-02,6020.0,873.0,1.0,0.0,0,1.0,1.0,-0.9027978,-0.4300652,-1.0,-1.8369701e-16,3,0,0,1,0.0,1,5084.0,1,5710.0,1,0.0,1,3378.0,1,3196.0,1,3996.0,1,4520.0,3516.8052,4186.213,-5084.0
657,2013-09-03,5596.0,791.0,1.0,0.0,0,1.0,2.0,-0.9027978,-0.4300652,-1.0,-1.8369701e-16,3,0,0,1,6020.0,1,0.0,1,8005.0,1,7333.0,1,3780.0,1,0.0,1,3593.0,1,4174.0,4518.083,4593.721,6020.0
657,2013-09-04,3363.0,601.0,1.0,0.0,0,0.0,3.0,-0.9027978,-0.4300652,-1.0,-1.8369701e-16,3,0,0,1,5596.0,1,6020.0,1,5084.0,1,6011.0,1,3332.0,1,4033.0,1,0.0,1,0.0,4949.25,4816.4497,-424.0
657,2013-09-05,3765.0,590.0,1.0,0.0,0,0.0,4.0,-0.9027978,-0.4300652,-1.0,-1.8369701e-16,3,0,0,1,3363.0,1,5596.0,1,0.0,1,5217.0,1,3224.0,1,3360.0,1,8734.0,1,9014.0,4314.75,4493.461,-2233.0
657,2013-09-06,3596.0,604.0,1.0,0.0,0,0.0,5.0,-0.9027978,-0.4300652,-1.0,-1.8369701e-16,3,0,0,1,3765.0,1,3363.0,1,6020.0,1,5710.0,1,0.0,1,3378.0,1,6256.0,1,6860.0,4094.8499,4331.5806,402.0
657,2013-09-07,3827.0,608.0,1.0,0.0,0,0.0,6.0,-0.9027978,-0.4300652,-1.0,-1.8369701e-16,3,0,0,1,3596.0,1,3765.0,1,5596.0,1,8005.0,1,7333.0,1,3780.0,1,5834.0,1,6849.0,3895.31,4168.118,-169.0
657,2013-09-08,0.0,0.0,0.0,0.0,0,0.0,7.0,-0.9027978,-0.4300652,-1.0,-1.8369701e-16,3,0,0,1,3827.0,1,3596.0,1,3363.0,1,5084.0,1,6011.0,1,3332.0,1,5652.0,1,6168.0,3867.986,4092.3142,231.0
657,2013-09-09,8774.0,1047.0,1.0,1.0,0,0.0,1.0,-0.94732636,-0.32026985,-1.0,-1.8369701e-16,3,0,0,1,0.0,1,3827.0,1,3765.0,1,0.0,1,5217.0,1,3224.0,1,5252.0,1,6226.0,2320.7915,3182.9111,-3827.0
657,2013-09-10,6092.0,784.0,1.0,1.0,0,0.0,2.0,-0.94732636,-0.32026985,-1.0,-1.8369701e-16,3,0,0,1,8774.0,1,0.0,1,3596.0,1,6020.0,1,5710.0,1,0.0,1,3196.0,1,4316.0,4902.075,4425.3755,8774.0
657,2013-09-11,5012.0,717.0,1.0,1.0,0,0.0,3.0,-0.94732636,-0.32026985,-1.0,-1.8369701e-16,3,0,0,1,6092.0,1,8774.0,1,3827.0,1,5596.0,1,8005.0,1,7333.0,1,0.0,1,0.0,5378.045,4795.7363,-2682.0
657,2013-09-12,5719.0,743.0,1.0,1.0,0,0.0,4.0,-0.94732636,-0.32026985,-1.0,-1.8369701e-16,3,0,0,1,5012.0,1,6092.0,1,0.0,1,3363.0,1,5084.0,1,6011.0,1,4033.0,1,3933.0,5231.627,4843.795,-1080.0
657,2013-09-13,5912.0,810.0,1.0,1.0,0,0.0,5.0,-0.94732636,-0.32026985,-1.0,-1.8369701e-16,3,0,0,1,5719.0,1,5012.0,1,8774.0,1,3765.0,1,0.0,1,5217.0,1,3360.0,1,3400.0,5426.576,5038.285,707.0
657,2013-09-14,3649.0,549.0,1.0,0.0,0,0.0,6.0,-0.94732636,-0.32026985,-1.0,-1.8369701e-16,3,0,0,1,5912.0,1,5719.0,1,6092.0,1,3596.0,1,6020.0,1,5710.0,1,3378.0,1,4165.0,5620.7456,5232.444,193.0
657,2013-09-15,0.0,0.0,0.0,0.0,0,0.0,7.0,-0.94732636,-0.32026985,-1.0,-1.8369701e-16,3,0,0,1,3649.0,1,5912.0,1,5012.0,1,3827.0,1,5596.0,1,8005.0,1,3780.0,1,3524.0,4832.0474,4880.5674,-2263.0
657,2013-09-16,3897.0,633.0,1.0,0.0,0,0.0,1.0,-0.9785565,-0.20597862,-1.0,-1.8369701e-16,3,0,0,1,0.0,1,3649.0,1,5719.0,1,0.0,1,3363.0,1,5084.0,1,3332.0,1,3546.0,2899.2285,3795.9968,-3649.0
657,2013-09-17,3298.0,528.0,1.0,0.0,0,0.0,2.0,-0.9785565,-0.20597862,-1.0,-1.8369701e-16,3,0,0,1,3897.0,1,0.0,1,5912.0,1,8774.0,1,3765.0,1,0.0,1,3224.0,1,3573.0,3298.3372,3818.4421,3897.0
657,2013-09-18,4062.0,587.0,1.0,0.0,0,0.0,3.0,-0.9785565,-0.20597862,-1.0,-1.8369701e-16,3,0,0,1,3298.0,1,3897.0,1,3649.0,1,6092.0,1,3596.0,1,6020.0,1,0.0,1,0.0,3298.2021,3702.7883,-599.0
657,2013-09-19,3609.0,521.0,1.0,0.0,0,0.0,4.0,-0.9785565,-0.20597862,-1.0,-1.8369701e-16,3,0,0,1,4062.0,1,3298.0,1,0.0,1,5012.0,1,3827.0,1,5596.0,1,7333.0,1,8979.0,3603.7214,3782.613,764.0
657,2013-09-20,3606.0,536.0,1.0,0.0,0,0.0,5.0,-0.9785565,-0.20597862,-1.0,-1.8369701e-16,3,0,0,1,3609.0,1,4062.0,1,3897.0,1,5719.0,1,0.0,1,3363.0,1,6011.0,1,7920.0,3605.8328,3744.0325,-453.0
657,2013-09-21,3720.0,573.0,1.0,0.0,0,0.0,6.0,-0.9785565,-0.20597862,-1.0,-1.8369701e-16,3,0,0,1,3606.0,1,3609.0,1,3298.0,1,5912.0,1,8774.0,1,3765.0,1,5217.0,1,10552.0,3605.8997,3713.3586,-3.0
657,2013-09-22,0.0,0.0,0.0,0.0,0,0.0,7.0,-0.9785565,-0.20597862,-1.0,-1.8369701e-16,3,0,0,1,3720.0,1,3606.0,1,4062.0,1,3649.0,1,6092.0,1,3596.0,1,5710.0,1,6881.0,3651.5398,3714.8345,114.0
657,2013-09-23,6171.0,799.0,1.0,1.0,0,0.0,1.0,-0.9960498,-0.08879589,-1.0,-1.8369701e-16,3,0,0,1,0.0,1,3720.0,1,3609.0,1,0.0,1,5012.0,1,3827.0,1,8005.0,1,5495.0,2190.9238,2889.3157,-3720.0
657,2013-09-24,5592.0,706.0,1.0,1.0,0,0.0,2.0,-0.9960498,-0.08879589,-1.0,-1.8369701e-16,3,0,0,1,6171.0,1,0.0,1,3606.0,1,3897.0,1,5719.0,1,0.0,1,5084.0,1,4861.0,3782.9543,3618.5789,6171.0
657,2013-09-25,5463.0,668.0,1.0,1.0,0,0.0,3.0,-0.9960498,-0.08879589,-1.0,-1.8369701e-16,3,0,0,1,5592.0,1,6171.0,1,3720.0,1,3298.0,1,5912.0,1,8774.0,1,0.0,1,0.0,4506.5728,4057.117,-579.0
657,2013-09-26,4742.0,625.0,1.0,1.0,0,0.0,4.0,-0.9960498,-0.08879589,-1.0,-1.8369701e-16,3,0,0,1,5463.0,1,5592.0,1,0.0,1,4062.0,1,3649.0,1,6092.0,1,6020.0,1,5081.0,4889.1436,4369.535,-129.0
657,2013-09-27,5324.0,673.0,1.0,1.0,0,0.0,5.0,-0.9960498,-0.08879589,-1.0,-1.8369701e-16,3,0,0,1,4742.0,1,5463.0,1,6171.0,1,3609.0,1,0.0,1,5012.0,1,5596.0,1,4331.0,4830.286,4452.305,-721.0
657,2013-09-28,4046.0,599.0,1.0,0.0,0,0.0,6.0,-0.9960498,-0.08879589,-1.0,-1.8369701e-16,3,0,0,1,5324.0,1,4742.0,1,5592.0,1,3606.0,1,3897.0,1,5719.0,1,3363.0,1,3652.0,5027.7715,4646.015,582.0
657,2013-09-29,0.0,0.0,0.0,0.0,0,0.0,7.0,-0.9960498,-0.08879589,-1.0,-1.8369701e-16,3,0,0,1,4046.0,1,5324.0,1,5463.0,1,3720.0,1,3298.0,1,5912.0,1,3765.0,1,4617.0,4635.063,4512.6787,-1278.0
657,2013-09-30,6455.0,784.0,1.0,0.0,0,0.0,1.0,-0.99956083,0.029633328,-1.0,-1.8369701e-16,3,0,1,1,0.0,1,4046.0,1,4742.0,1,0.0,1,4062.0,1,3649.0,1,3596.0,1,3996.0,2781.0378,3509.861,-4046.0
657,2013-10-01,5850.0,779.0,1.0,0.0,0,0.0,2.0,-0.99956083,0.029633328,-0.8660254,0.5,4,1,0,1,6455.0,1,0.0,1,5324.0,1,6171.0,1,3609.0,1,0.0,1,3827.0,1,3593.0,4250.6226,4164.3364,6455.0
657,2013-10-02,4864.0,693.0,1.0,0.0,0,0.0,3.0,-0.99956083,0.029633328,-0.8660254,0.5,4,0,0,1,5850.0,1,6455.0,1,4046.0,1,5592.0,1,3606.0,1,3897.0,1,0.0,1,0.0,4890.3735,4538.928,-605.0
657,2013-10-03,0.0,0.0,0.0,0.0,1,0.0,4.0,-0.99956083,0.029633328,-0.8660254,0.5,4,0,0,1,4864.0,1,5850.0,1,0.0,1,5463.0,1,3720.0,1,3298.0,1,8774.0,1,8734.0,4879.824,4611.1665,-986.0
657,2013-10-04,5135.0,737.0,1.0,0.0,0,0.0,5.0,-0.99956083,0.029633328,-0.8660254,0.5,4,0,0,1,0.0,1,4864.0,1,6455.0,1,4742.0,1,0.0,1,4062.0,1,6092.0,1,6256.0,2927.8945,3586.463,-4864.0
657,2013-10-05,4522.0,665.0,1.0,0.0,0,0.0,6.0,-0.99956083,0.029633328,-0.8660254,0.5,4,0,0,1,5135.0,1,0.0,1,5850.0,1,5324.0,1,6171.0,1,3609.0,1,5012.0,1,5834.0,3810.7368,3930.5823,5135.0
657,2013-10-06,0.0,0.0,0.0,0.0,0,0.0,7.0,-0.99956083,0.029633328,-0.8660254,0.5,4,0,0,1,4522.0,1,5135.0,1,4864.0,1,4046.0,1,5592.0,1,3606.0,1,5719.0,1,5652.0,4095.242,4062.0083,-613.0
657,2013-10-07,8526.0,998.0,1.0,1.0,0,0.0,1.0,-0.9890402,0.14764656,-0.8660254,0.5,4,0,0,1,0.0,1,4522.0,1,0.0,1,0.0,1,5463.0,1,3720.0,1,5912.0,1,5252.0,2457.1453,3159.3398,-4522.0
657,2013-10-08,6341.0,818.0,1.0,1.0,0,0.0,2.0,-0.9890402,0.14764656,-0.8660254,0.5,4,0,0,1,8526.0,1,0.0,1,5135.0,1,6455.0,1,4742.0,1,0.0,1,3649.0,1,3196.0,4884.687,4351.931,8526.0
657,2013-10-09,5604.0,764.0,1.0,1.0,0,0.0,3.0,-0.9890402,0.14764656,-0.8660254,0.5,4,0,0,1,6341.0,1,8526.0,1,4522.0,1,5850.0,1,5324.0,1,6171.0,1,0.0,1,0.0,5467.2124,4793.9463,-2185.0
657,2013-10-10,5250.0,671.0,1.0,1.0,0,0.0,4.0,-0.9890402,0.14764656,-0.8660254,0.5,4,0,0,1,5604.0,1,6341.0,1,0.0,1,4864.0,1,4046.0,1,5592.0,1,3897.0,1,4033.0,5521.9272,4973.958,-737.0
657,2013-10-11,5405.0,696.0,1.0,1.0,0,0.0,5.0,-0.9890402,0.14764656,-0.8660254,0.5,4,0,0,1,5250.0,1,5604.0,1,8526.0,1,0.0,1,0.0,1,5463.0,1,3298.0,1,3360.0,5413.1562,5035.301,-354.0
657,2013-10-12,3975.0,638.0,1.0,0.0,0,0.0,6.0,-0.9890402,0.14764656,-0.8660254,0.5,4,0,0,1,5405.0,1,5250.0,1,6341.0,1,5135.0,1,6455.0,1,4742.0,1,4062.0,1,3378.0,5409.894,5117.456,155.0
657,2013-10-13,0.0,0.0,0.0,0.0,0,0.0,7.0,-0.9890402,0.14764656,-0.8660254,0.5,4,0,0,1,3975.0,1,5405.0,1,5604.0,1,4522.0,1,5850.0,1,5324.0,1,3609.0,1,3780.0,4835.9365,4863.577,-1430.0
657,2013-10-14,4755.0,640.0,1.0,0.0,0,0.0,1.0,-0.9646356,0.26358718,-0.8660254,0.5,4,0,0,1,0.0,1,3975.0,1,5250.0,1,0.0,1,4864.0,1,4046.0,1,3606.0,1,3332.0,2901.5618,3782.7822,-3975.0
657,2013-10-15,4509.0,579.0,1.0,0.0,0,0.0,2.0,-0.9646356,0.26358718,-0.8660254,0.5,4,0,0,1,4755.0,1,0.0,1,5405.0,1,8526.0,1,0.0,1,0.0,1,3720.0,1,3224.0,3642.937,3998.8306,4755.0
657,2013-10-16,3640.0,596.0,1.0,0.0,0,0.0,3.0,-0.9646356,0.26358718,-0.8660254,0.5,4,0,0,1,4509.0,1,4755.0,1,3975.0,1,6341.0,1,5135.0,1,6455.0,1,0.0,1,0.0,3989.3623,4112.2017,-246.0
657,2013-10-17,3708.0,534.0,1.0,0.0,0,0.0,4.0,-0.9646356,0.26358718,-0.8660254,0.5,4,0,0,1,3640.0,1,4509.0,1,0.0,1,5604.0,1,4522.0,1,5850.0,1,6171.0,1,7333.0,3849.6174,4007.2678,-869.0
657,2013-10-18,4194.0,614.0,1.0,0.0,0,0.0,5.0,-0.9646356,0.26358718,-0.8660254,0.5,4,0,0,1,3708.0,1,3640.0,1,4755.0,1,5250.0,1,0.0,1,4864.0,1,5592.0,1,6011.0,3792.9705,3940.764,68.0
657,2013-10-19,3971.0,584.0,1.0,0.0,0,0.0,6.0,-0.9646356,0.26358718,-0.8660254,0.5,4,0,0,1,4194.0,1,3708.0,1,4509.0,1,5405.0,1,8526.0,1,0.0,1,5463.0,1,5217.0,3953.3823,3997.0386,486.0
657,2013-10-20,0.0,0.0,0.0,0.0,0,0.0,7.0,-0.9646356,0.26358718,-0.8660254,0.5,4,0,0,1,3971.0,1,4194.0,1,3640.0,1,3975.0,1,6341.0,1,5135.0,1,4742.0,1,5710.0,3960.4294,3991.2522,-223.0
657,2013-10-21,6960.0,920.0,1.0,1.0,0,1.0,1.0,-0.9266896,0.37582758,-0.8660254,0.5,4,0,0,1,0.0,1,3971.0,1,3708.0,1,0.0,1,5604.0,1,4522.0,1,5324.0,1,8005.0,2376.2576,3104.3074,-3971.0
657,2013-10-22,5478.0,764.0,1.0,1.0,0,1.0,2.0,-0.9266896,0.37582758,-0.8660254,0.5,4,0,0,1,6960.0,1,0.0,1,4194.0,1,4755.0,1,5250.0,1,0.0,1,4046.0,1,5084.0,4209.7544,3961.128,6960.0
657,2013-10-23,4783.0,684.0,1.0,1.0,0,1.0,3.0,-0.9266896,0.37582758,-0.8660254,0.5,4,0,0,1,5478.0,1,6960.0,1,3971.0,1,4509.0,1,5405.0,1,8526.0,1,0.0,1,0.0,4717.0527,4298.2104,-1482.0
657,2013-10-24,4665.0,678.0,1.0,1.0,0,1.0,4.0,-0.9266896,0.37582758,-0.8660254,0.5,4,0,0,1,4783.0,1,5478.0,1,0.0,1,3640.0,1,3975.0,1,6341.0,1,6455.0,1,6020.0,4743.4316,4405.9414,-695.0
657,2013-10-25,4647.0,641.0,1.0,1.0,0,1.0,5.0,-0.9266896,0.37582758,-0.8660254,0.5,4,0,0,1,4665.0,1,4783.0,1,6960.0,1,3708.0,1,0.0,1,5604.0,1,5850.0,1,5596.0,4712.059,4463.5103,-118.0
657,2013-10-26,3760.0,531.0,1.0,0.0,0,0.0,6.0,-0.9266896,0.37582758,-0.8660254,0.5,4,0,0,1,4647.0,1,4665.0,1,5478.0,1,4194.0,1,4755.0,1,5250.0,1,4864.0,1,3363.0,4686.035,4504.2856,-18.0
657,2013-10-27,0.0,0.0,0.0,0.0,0,0.0,7.0,-0.9266896,0.37582758,-0.8660254,0.5,4,0,0,1,3760.0,1,4647.0,1,4783.0,1,3971.0,1,4509.0,1,5405.0,1,0.0,1,3765.0,4315.621,4338.8887,-887.0
657,2013-10-28,3456.0,539.0,1.0,0.0,0,1.0,1.0,-0.8757349,0.4827922,-0.8660254,0.5,4,0,0,1,0.0,1,3760.0,1,4665.0,1,0.0,1,3640.0,1,3975.0,1,5135.0,1,3596.0,2589.3728,3374.6914,-3760.0
657,2013-10-29,3841.0,592.0,1.0,0.0,0,1.0,2.0,-0.8757349,0.4827922,-0.8660254,0.5,4,0,0,1,3456.0,1,0.0,1,4647.0,1,6960.0,1,3708.0,1,0.0,1,4522.0,1,3827.0,2936.0237,3392.76,3456.0
657,2013-10-30,5293.0,739.0,1.0,0.0,0,1.0,3.0,-0.8757349,0.4827922,-0.8660254,0.5,4,0,0,1,3841.0,1,3456.0,1,3760.0,1,5478.0,1,4194.0,1,4755.0,1,0.0,1,0.0,3298.0142,3492.369,385.0
657,2013-10-31,6876.0,893.0,1.0,0.0,0,1.0,4.0,-0.8757349,0.4827922,-0.8660254,0.5,4,0,1,1,5293.0,1,3841.0,1,0.0,1,4783.0,1,3971.0,1,4509.0,1,8526.0,1,8774.0,4096.0083,3892.509,1452.0
657,2013-11-01,0.0,0.0,0.0,0.0,1,1.0,5.0,-0.8757349,0.4827922,-0.5,0.8660254,4,1,0,1,6876.0,1,5293.0,1,3456.0,1,4665.0,1,0.0,1,3640.0,1,6341.0,1,6092.0,5208.005,4555.507,1583.0
657,2013-11-02,6314.0,816.0,1.0,0.0,0,0.0,6.0,-0.8757349,0.4827922,-0.5,0.8660254,4,0,0,1,0.0,1,6876.0,1,3841.0,1,4647.0,1,6960.0,1,3708.0,1,5604.0,1,5012.0,3124.803,3543.172,-6876.0
657,2013-11-03,0.0,0.0,0.0,0.0,0,0.0,7.0,-0.8757349,0.4827922,-0.5,0.8660254,4,0,0,1,6314.0,1,0.0,1,5293.0,1,3760.0,1,5478.0,1,4194.0,1,5250.0,1,5719.0,4400.482,4158.9116,6314.0
657,2013-11-04,8550.0,968.0,1.0,1.0,0,0.0,1.0,-0.8124869,0.5829795,-0.5,0.8660254,4,0,0,1,0.0,1,6314.0,1,6876.0,1,0.0,1,4783.0,1,3971.0,1,5405.0,1,5912.0,2640.289,3234.709,-6314.0
657,2013-11-05,6508.0,822.0,1.0,1.0,0,0.0,2.0,-0.8124869,0.5829795,-0.5,0.8660254,4,0,0,1,8550.0,1,0.0,1,0.0,1,3456.0,1,4665.0,1,0.0,1,3975.0,1,3649.0,5004.1733,4415.885,8550.0
657,2013-11-06,5717.0,782.0,1.0,1.0,0,0.0,3.0,-0.8124869,0.5829795,-0.5,0.8660254,4,0,0,1,6508.0,1,8550.0,1,6314.0,1,3841.0,1,4647.0,1,6960.0,1,0.0,1,0.0,5605.704,4880.7993,-2042.0
657,2013-11-07,4869.0,649.0,1.0,1.0,0,0.0,4.0,-0.8124869,0.5829795,-0.5,0.8660254,4,0,0,1,5717.0,1,6508.0,1,0.0,1,5293.0,1,3760.0,1,5478.0,1,4755.0,1,3897.0,5650.2227,5066.6216,-791.0
657,2013-11-08,5901.0,771.0,1.0,1.0,0,0.0,5.0,-0.8124869,0.5829795,-0.5,0.8660254,4,0,0,1,4869.0,1,5717.0,1,8550.0,1,6876.0,1,0.0,1,4783.0,1,4509.0,1,3298.0,5337.7334,5022.7056,-848.0
657,2013-11-09,5076.0,688.0,1.0,0.0,0,0.0,6.0,-0.8124869,0.5829795,-0.5,0.8660254,4,0,0,1,5901.0,1,4869.0,1,6508.0,1,0.0,1,3456.0,1,4665.0,1,3640.0,1,4062.0,5563.04,5217.8823,1032.0
657,2013-11-10,0.0,0.0,0.0,0.0,0,0.0,7.0,-0.8124869,0.5829795,-0.5,0.8660254,4,0,0,1,5076.0,1,5901.0,1,5717.0,1,6314.0,1,3841.0,1,4647.0,1,3708.0,1,3609.0,5368.224,5186.353,-825.0
657,2013-11-11,4141.0,624.0,1.0,0.0,0,0.0,1.0,-0.73783326,0.674983,-0.5,0.8660254,4,0,0,1,0.0,1,5076.0,1,4869.0,1,0.0,1,5293.0,1,3760.0,1,4194.0,1,3606.0,3220.9343,4033.83,-5076.0
657,2013-11-12,3630.0,565.0,1.0,0.0,0,0.0,2.0,-0.73783326,0.674983,-0.5,0.8660254,4,0,0,1,4141.0,1,0.0,1,5901.0,1,8550.0,1,6876.0,1,0.0,1,3971.0,1,3720.0,3588.9607,4057.6455,4141.0
657,2013-11-13,3550.0,601.0,1.0,0.0,0,0.0,3.0,-0.73783326,0.674983,-0.5,0.8660254,4,0,0,1,3630.0,1,4141.0,1,5076.0,1,6508.0,1,0.0,1,3456.0,1,0.0,1,0.0,3605.3765,3962.6133,-511.0
657,2013-11-14,3526.0,545.0,1.0,0.0,0,0.0,4.0,-0.73783326,0.674983,-0.5,0.8660254,4,0,0,1,3550.0,1,3630.0,1,0.0,1,5717.0,1,6314.0,1,3841.0,1,6960.0,1,6171.0,3583.2258,3870.9214,-80.0
657,2013-11-15,4426.0,638.0,1.0,0.0,0,0.0,5.0,-0.73783326,0.674983,-0.5,0.8660254,4,0,0,1,3526.0,1,3550.0,1,4141.0,1,4869.0,1,0.0,1,5293.0,1,5478.0,1,5592.0,3560.3354,3794.2722,-24.0
657,2013-11-16,4822.0,693.0,1.0,0.0,0,0.0,6.0,-0.73783326,0.674983,-0.5,0.8660254,4,0,0,1,4426.0,1,3526.0,1,3630.0,1,5901.0,1,8550.0,1,6876.0,1,4783.0,1,5463.0,3906.6013,3934.6562,900.0
657,2013-11-17,0.0,0.0,0.0,0.0,0,0.0,7.0,-0.73783326,0.674983,-0.5,0.8660254,4,0,0,1,4822.0,1,4426.0,1,3550.0,1,5076.0,1,6508.0,1,0.0,1,4665.0,1,4742.0,4272.7607,4131.8438,396.0
657,2013-11-18,7918.0,985.0,1.0,1.0,0,0.0,1.0,-0.65282214,0.75751126,-0.5,0.8660254,4,0,0,1,0.0,1,4822.0,1,3526.0,1,0.0,1,5717.0,1,6314.0,1,4647.0,1,5324.0,2563.6565,3213.6562,-4822.0
657,2013-11-19,5845.0,802.0,1.0,1.0,0,0.0,2.0,-0.65282214,0.75751126,-0.5,0.8660254,4,0,0,1,7918.0,1,0.0,1,4426.0,1,4141.0,1,4869.0,1,0.0,1,3760.0,1,4046.0,4705.394,4259.066,7918.0
657,2013-11-20,5706.0,791.0,1.0,1.0,0,0.0,3.0,-0.65282214,0.75751126,-0.5,0.8660254,4,0,0,1,5845.0,1,7918.0,1,4822.0,1,3630.0,1,5901.0,1,8550.0,1,0.0,1,0.0,5161.2363,4611.4956,-2073.0
657,2013-11-21,5220.0,746.0,1.0,1.0,0,0.0,4.0,-0.65282214,0.75751126,-0.5,0.8660254,4,0,0,1,5706.0,1,5845.0,1,0.0,1,3550.0,1,5076.0,1,6508.0,1,3456.0,1,6455.0,5379.1416,4854.7188,-139.0
657,2013-11-22,4722.0,713.0,1.0,1.0,0,0.0,5.0,-0.65282214,0.75751126,-0.5,0.8660254,4,0,0,1,5220.0,1,5706.0,1,7918.0,1,3526.0,1,0.0,1,5717.0,1,3841.0,1,5850.0,5315.485,4935.8926,-486.0
657,2013-11-23,4310.0,670.0,1.0,0.0,0,0.0,6.0,-0.65282214,0.75751126,-0.5,0.8660254,4,0,0,1,4722.0,1,5220.0,1,5845.0,1,4426.0,1,4141.0,1,4869.0,1,5293.0,1,4864.0,5078.091,4888.361,-498.0
657,2013-11-24,0.0,0.0,0.0,0.0,0,0.0,7.0,-0.65282214,0.75751126,-0.5,0.8660254,4,0,0,1,4310.0,1,4722.0,1,5706.0,1,4822.0,1,3630.0,1,5901.0,1,6876.0,1,0.0,4770.8545,4759.8364,-412.0
657,2013-11-25,5444.0,721.0,1.0,0.0,0,0.0,1.0,-0.55864674,0.82940567,-0.5,0.8660254,4,0,0,1,0.0,1,4310.0,1,5220.0,1,0.0,1,3550.0,1,5076.0,1,0.0,1,5135.0,2862.5127,3702.0947,-4310.0
657,2013-11-26,3988.0,625.0,1.0,0.0,0,0.0,2.0,-0.55864674,0.82940567,-0.5,0.8660254,4,0,0,1,5444.0,1,0.0,1,4722.0,1,7918.0,1,3526.0,1,0.0,1,6314.0,1,4522.0,3895.1077,4089.1848,5444.0
657,2013-11-27,4438.0,635.0,1.0,0.0,0,0.0,3.0,-0.55864674,0.82940567,-0.5,0.8660254,4,0,0,1,3988.0,1,5444.0,1,4310.0,1,5845.0,1,4426.0,1,4141.0,1,0.0,1,0.0,3932.2646,4066.6992,-1456.0
657,2013-11-28,4373.0,582.0,1.0,0.0,0,0.0,4.0,-0.55864674,0.82940567,-0.5,0.8660254,4,0,0,1,4438.0,1,3988.0,1,0.0,1,5706.0,1,4822.0,1,3630.0,1,8550.0,1,8526.0,4134.5586,4149.2104,450.0
657,2013-11-29,6881.0,877.0,1.0,0.0,0,0.0,5.0,-0.55864674,0.82940567,-0.5,0.8660254,4,0,0,1,4373.0,1,4438.0,1,5444.0,1,5220.0,1,0.0,1,3550.0,1,6508.0,1,6341.0,4229.935,4198.9414,-65.0
657,2013-11-30,7085.0,861.0,1.0,0.0,0,0.0,6.0,-0.55864674,0.82940567,-0.5,0.8660254,4,0,1,1,6881.0,1,4373.0,1,3988.0,1,4722.0,1,7918.0,1,3526.0,1,5717.0,1,5604.0,5290.3613,4794.9546,2508.0
657,2013-12-01,0.0,0.0,0.0,0.0,0,0.0,7.0,-0.55864674,0.82940567,-2.4492937e-16,1.0,4,1,0,1,7085.0,1,6881.0,1,4438.0,1,4310.0,1,5845.0,1,4426.0,1,4869.0,1,5250.0,6008.217,5303.8535,204.0
657,2013-12-02,11453.0,1313.0,1.0,1.0,0,0.0,1.0,-0.45662925,0.8896571,-2.4492937e-16,1.0,4,0,0,1,0.0,1,7085.0,1,4373.0,1,0.0,1,5706.0,1,4822.0,1,5901.0,1,5405.0,3604.93,4125.219,-7085.0
657,2013-12-03,8420.0,1042.0,1.0,1.0,0,0.0,2.0,-0.45662925,0.8896571,-2.4492937e-16,1.0,4,0,0,1,11453.0,1,0.0,1,6881.0,1,5444.0,1,5220.0,1,0.0,1,5076.0,1,3975.0,6744.158,5753.615,11453.0
657,2013-12-04,7309.0,909.0,1.0,1.0,0,0.0,3.0,-0.45662925,0.8896571,-2.4492937e-16,1.0,4,0,0,1,8420.0,1,11453.0,1,7085.0,1,3988.0,1,4722.0,1,7918.0,1,0.0,1,0.0,7414.4946,6346.145,-3033.0
657,2013-12-05,6918.0,825.0,1.0,1.0,0,0.0,4.0,-0.45662925,0.8896571,-2.4492937e-16,1.0,4,0,0,1,7309.0,1,8420.0,1,0.0,1,4438.0,1,4310.0,1,5845.0,1,4141.0,1,4755.0,7372.297,6560.113,-1111.0
657,2013-12-06,6214.0,831.0,1.0,1.0,0,0.0,5.0,-0.45662925,0.8896571,-2.4492937e-16,1.0,4,0,0,1,6918.0,1,7309.0,1,11453.0,1,4373.0,1,0.0,1,5706.0,1,3630.0,1,4509.0,7190.578,6639.6436,-391.0
657,2013-12-07,5100.0,738.0,1.0,0.0,0,0.0,6.0,-0.45662925,0.8896571,-2.4492937e-16,1.0,4,0,0,1,6214.0,1,6918.0,1,8420.0,1,6881.0,1,5444.0,1,5220.0,1,3550.0,1,3640.0,6799.947,6545.056,-704.0
657,2013-12-08,0.0,0.0,0.0,0.0,0,0.0,7.0,-0.45662925,0.8896571,-2.4492937e-16,1.0,4,0,0,1,5100.0,1,6214.0,1,7309.0,1,7085.0,1,3988.0,1,4722.0,1,3526.0,1,3708.0,6119.9683,6223.9326,-1114.0
657,2013-12-09,4896.0,735.0,1.0,0.0,0,0.0,1.0,-0.34820163,0.93741965,-2.4492937e-16,1.0,4,0,0,1,0.0,1,5100.0,1,6918.0,1,0.0,1,4438.0,1,4310.0,1,4426.0,1,4194.0,3671.981,4840.8364,-5100.0
657,2013-12-10,4789.0,703.0,1.0,0.0,0,0.0,2.0,-0.34820163,0.93741965,-2.4492937e-16,1.0,4,0,0,1,4896.0,1,0.0,1,6214.0,1,11453.0,1,4373.0,1,0.0,1,4822.0,1,3971.0,4161.5884,4853.0947,4896.0
657,2013-12-11,5004.0,689.0,1.0,0.0,0,0.0,3.0,-0.34820163,0.93741965,-2.4492937e-16,1.0,4,0,0,1,4789.0,1,4896.0,1,5100.0,1,8420.0,1,6881.0,1,5444.0,1,0.0,1,0.0,4412.553,4838.8516,-107.0
657,2013-12-12,4945.0,732.0,1.0,0.0,0,0.0,4.0,-0.34820163,0.93741965,-2.4492937e-16,1.0,4,0,0,1,5004.0,1,4789.0,1,0.0,1,7309.0,1,7085.0,1,3988.0,1,7918.0,1,6960.0,4649.132,4875.5513,215.0
657,2013-12-13,5004.0,714.0,1.0,0.0,0,0.0,5.0,-0.34820163,0.93741965,-2.4492937e-16,1.0,4,0,0,1,4945.0,1,5004.0,1,4896.0,1,6918.0,1,0.0,1,4438.0,1,5845.0,1,5478.0,4767.479,4890.9844,-59.0
657,2013-12-14,6165.0,791.0,1.0,0.0,0,0.0,6.0,-0.34820163,0.93741965,-2.4492937e-16,1.0,4,0,0,1,5004.0,1,4945.0,1,4789.0,1,6214.0,1,11453.0,1,4373.0,1,5706.0,1,4783.0,4862.0874,4916.099,59.0
657,2013-12-15,0.0,0.0,0.0,0.0,0,0.0,7.0,-0.34820163,0.93741965,-2.4492937e-16,1.0,4,0,0,1,6165.0,1,5004.0,1,5004.0,1,5100.0,1,8420.0,1,6881.0,1,5220.0,1,4665.0,5383.2524,5193.6323,1161.0
657,2013-12-16,12389.0,1299.0,1.0,1.0,0,0.0,1.0,-0.23488605,0.9720229,-2.4492937e-16,1.0,4,0,0,1,0.0,1,6165.0,1,4945.0,1,0.0,1,7309.0,1,7085.0,1,4722.0,1,4647.0,3229.9514,4039.492,-6165.0
657,2013-12-17,9906.0,1125.0,1.0,1.0,0,0.0,2.0,-0.23488605,0.9720229,-2.4492937e-16,1.0,4,0,0,1,12389.0,1,0.0,1,5004.0,1,4896.0,1,6918.0,1,0.0,1,4310.0,1,3760.0,6893.571,5894.938,12389.0
657,2013-12-18,10001.0,1194.0,1.0,1.0,0,0.0,3.0,-0.23488605,0.9720229,-2.4492937e-16,1.0,4,0,0,1,9906.0,1,12389.0,1,6165.0,1,4789.0,1,6214.0,1,11453.0,1,0.0,1,0.0,8098.5425,6786.285,-2483.0
657,2013-12-19,7792.0,1023.0,1.0,1.0,0,0.0,4.0,-0.23488605,0.9720229,-2.4492937e-16,1.0,4,0,0,1,10001.0,1,9906.0,1,0.0,1,5004.0,1,5100.0,1,8420.0,1,5444.0,1,3456.0,8859.525,7500.6665,95.0
657,2013-12-20,9433.0,1132.0,1.0,1.0,0,0.0,5.0,-0.23488605,0.9720229,-2.4492937e-16,1.0,4,0,0,1,7792.0,1,10001.0,1,12389.0,1,4945.0,1,0.0,1,7309.0,1,3988.0,1,3841.0,8432.516,7565.407,-2209.0
657,2013-12-21,7955.0,993.0,1.0,0.0,0,0.0,6.0,-0.23488605,0.9720229,-2.4492937e-16,1.0,4,0,0,1,9433.0,1,7792.0,1,9906.0,1,5004.0,1,4896.0,1,6918.0,1,4438.0,1,5293.0,8832.709,7980.4277,1641.0
657,2013-12-22,0.0,0.0,0.0,0.0,0,0.0,7.0,-0.23488605,0.9720229,-2.4492937e-16,1.0,4,0,0,1,7955.0,1,9433.0,1,10001.0,1,6165.0,1,4789.0,1,6214.0,1,4373.0,1,6876.0,8481.626,7974.7773,-1478.0
657,2013-12-23,11763.0,1547.0,1.0,0.0,0,1.0,1.0,-0.11827317,0.9929811,-2.4492937e-16,1.0,4,0,0,1,0.0,1,7955.0,1,7792.0,1,0.0,1,5004.0,1,5100.0,1,6881.0,1,0.0,5088.975,6202.6045,-7955.0
657,2013-12-24,3067.0,396.0,1.0,0.0,0,1.0,2.0,-0.11827317,0.9929811,-2.4492937e-16,1.0,4,0,0,1,11763.0,1,0.0,1,9433.0,1,12389.0,1,4945.0,1,0.0,1,7085.0,1,6314.0,7758.585,7438.248,11763.0
657,2013-12-25,0.0,0.0,0.0,0.0,3,1.0,3.0,-0.11827317,0.9929811,-2.4492937e-16,1.0,4,0,0,1,3067.0,1,11763.0,1,7955.0,1,9906.0,1,5004.0,1,4896.0,1,0.0,1,0.0,5881.951,6466.8594,-8696.0
657,2013-12-26,0.0,0.0,0.0,0.0,3,1.0,4.0,-0.11827317,0.9929811,-2.4492937e-16,1.0,4,0,0,1,0.0,1,3067.0,1,0.0,1,10001.0,1,6165.0,1,4789.0,1,11453.0,1,8550.0,3529.1707,5029.78,-3067.0
657,2013-12-27,5701.0,854.0,1.0,0.0,0,1.0,5.0,-0.11827317,0.9929811,-2.4492937e-16,1.0,4,0,0,1,0.0,1,0.0,1,11763.0,1,7792.0,1,0.0,1,5004.0,1,8420.0,1,6508.0,2117.5024,3912.0508,0.0
657,2013-12-28,5130.0,746.0,1.0,0.0,0,0.0,6.0,-0.11827317,0.9929811,-2.4492937e-16,1.0,4,0,0,1,5701.0,1,0.0,1,3067.0,1,9433.0,1,12389.0,1,4945.0,1,7309.0,1,5717.0,3550.9014,4309.595,5701.0
657,2013-12-29,0.0,0.0,0.0,0.0,0,0.0,7.0,-0.11827317,0.9929811,-2.4492937e-16,1.0,4,0,0,1,5130.0,1,5701.0,1,0.0,1,7955.0,1,9906.0,1,5004.0,1,6918.0,1,4869.0,4182.541,4491.907,-571.0
657,2013-12-30,8754.0,1096.0,1.0,0.0,0,1.0,1.0,0.11827317,0.9929811,-2.4492937e-16,1.0,4,0,0,1,0.0,1,5130.0,1,0.0,1,0.0,1,10001.0,1,6165.0,1,6214.0,1,5901.0,2509.5244,3493.7056,-5130.0
657,2013-12-31,3643.0,438.0,1.0,0.0,0,1.0,2.0,0.11827317,0.9929811,-2.4492937e-16,1.0,4,0,1,1,8754.0,1,0.0,1,5701.0,1,11763.0,1,7792.0,1,0.0,1,5100.0,1,5076.0,5007.315,4662.66,8754.0
657,2014-01-01,0.0,0.0,0.0,0.0,1,1.0,3.0,0.11827317,0.9929811,0.5,0.8660254,1,1,0,1,3643.0,1,8754.0,1,5130.0,1,3067.0,1,9433.0,1,12389.0,1,0.0,1,0.0,4461.589,4436.069,-5111.0
657,2014-01-02,5879.0,804.0,1.0,0.0,0,1.0,4.0,0.11827317,0.9929811,0.5,0.8660254,1,0,0,1,0.0,1,3643.0,1,0.0,1,0.0,1,7955.0,1,9906.0,1,4896.0,1,4141.0,2676.9534,3450.276,-3643.0
657,2014-01-03,4842.0,735.0,1.0,0.0,0,1.0,5.0,0.11827317,0.9929811,0.5,0.8660254,1,0,0,1,5879.0,1,0.0,1,8754.0,1,0.0,1,0.0,1,10001.0,1,4789.0,1,3630.0,3957.772,3989.9922,5879.0
657,2014-01-04,4367.0,656.0,1.0,0.0,0,0.0,6.0,0.11827317,0.9929811,0.5,0.8660254,1,0,0,1,4842.0,1,5879.0,1,3643.0,1,5701.0,1,11763.0,1,7792.0,1,5004.0,1,3550.0,4311.4634,4179.327,-1037.0
657,2014-01-05,0.0,0.0,0.0,0.0,0,0.0,7.0,0.11827317,0.9929811,0.5,0.8660254,1,0,0,1,4367.0,1,4842.0,1,0.0,1,5130.0,1,3067.0,1,9433.0,1,4945.0,1,3526.0,4333.6777,4221.032,-475.0
657,2014-01-06,9349.0,1116.0,1.0,1.0,0,1.0,1.0,0.23488605,0.9720229,0.5,0.8660254,1,0,0,1,0.0,1,4367.0,1,5879.0,1,0.0,1,0.0,1,7955.0,1,5004.0,1,4426.0,2600.2068,3283.0251,-4367.0
657,2014-01-07,7289.0,957.0,1.0,1.0,0,1.0,2.0,0.23488605,0.9720229,0.5,0.8660254,1,0,0,1,9349.0,1,0.0,1,4842.0,1,8754.0,1,0.0,1,0.0,1,6165.0,1,4822.0,5299.724,4631.0195,9349.0
657,2014-01-08,6295.0,813.0,1.0,1.0,0,0.0,3.0,0.23488605,0.9720229,0.5,0.8660254,1,0,0,1,7289.0,1,9349.0,1,4367.0,1,3643.0,1,5701.0,1,11763.0,1,0.0,1,0.0,6095.4346,5221.682,-2060.0
657,2014-01-09,5323.0,712.0,1.0,1.0,0,0.0,4.0,0.23488605,0.9720229,0.5,0.8660254,1,0,0,1,6295.0,1,7289.0,1,0.0,1,0.0,1,5130.0,1,3067.0,1,12389.0,1,7918.0,6175.2607,5460.1973,-994.0
657,2014-01-10,6116.0,844.0,1.0,1.0,0,0.0,5.0,0.23488605,0.9720229,0.5,0.8660254,1,0,0,1,5323.0,1,6295.0,1,9349.0,1,5879.0,1,0.0,1,0.0,1,9906.0,1,5845.0,5834.3564,5429.709,-972.0
657,2014-01-11,4085.0,632.0,1.0,0.0,0,0.0,6.0,0.23488605,0.9720229,0.5,0.8660254,1,0,0,1,6116.0,1,5323.0,1,7289.0,1,4842.0,1,8754.0,1,0.0,1,10001.0,1,5706.0,5947.0137,5582.218,793.0
657,2014-01-12,0.0,0.0,0.0,0.0,0,0.0,7.0,0.23488605,0.9720229,0.5,0.8660254,1,0,0,1,4085.0,1,6116.0,1,6295.0,1,4367.0,1,3643.0,1,5701.0,1,7792.0,1,5220.0,5202.2085,5249.503,-2031.0
657,2014-01-13,4443.0,639.0,1.0,0.0,0,0.0,1.0,0.34820163,0.93741965,0.5,0.8660254,1,0,0,1,0.0,1,4085.0,1,5323.0,1,0.0,1,0.0,1,5130.0,1,9433.0,1,4722.0,3121.325,4082.9468,-4085.0
657,2014-01-14,4296.0,605.0,1.0,0.0,0,0.0,2.0,0.34820163,0.93741965,0.5,0.8660254,1,0,0,1,4443.0,1,0.0,1,6116.0,1,9349.0,1,5879.0,1,0.0,1,7955.0,1,4310.0,3649.9949,4162.9585,4443.0
657,2014-01-15,3537.0,573.0,1.0,0.0,0,0.0,3.0,0.34820163,0.93741965,0.5,0.8660254,1,0,0,1,4296.0,1,4443.0,1,4085.0,1,7289.0,1,4842.0,1,8754.0,1,0.0,1,0.0,3908.397,4192.5234,-147.0
657,2014-01-16,4014.0,567.0,1.0,0.0,0,0.0,4.0,0.34820163,0.93741965,0.5,0.8660254,1,0,0,1,3537.0,1,4296.0,1,0.0,1,6295.0,1,4367.0,1,3643.0,1,11763.0,1,5444.0,3759.8381,4046.8516,-759.0
657,2014-01-17,3714.0,583.0,1.0,0.0,0,0.0,5.0,0.34820163,0.93741965,0.5,0.8660254,1,0,0,1,4014.0,1,3537.0,1,4443.0,1,5323.0,1,0.0,1,0.0,1,3067.0,1,3988.0,3861.503,4039.551,477.0
657,2014-01-18,4336.0,684.0,1.0,0.0,0,0.0,6.0,0.34820163,0.93741965,0.5,0.8660254,1,0,0,1,3714.0,1,4014.0,1,4296.0,1,6116.0,1,9349.0,1,5879.0,1,0.0,1,4438.0,3802.5017,3967.2065,-300.0
657,2014-01-19,0.0,0.0,0.0,0.0,0,0.0,7.0,0.34820163,0.93741965,0.5,0.8660254,1,0,0,1,4336.0,1,3714.0,1,3537.0,1,4085.0,1,7289.0,1,4842.0,1,0.0,1,4373.0,4015.9011,4049.1606,622.0
657,2014-01-20,8051.0,981.0,1.0,1.0,0,0.0,1.0,0.45662925,0.8896571,0.5,0.8660254,1,0,0,1,0.0,1,4336.0,1,4014.0,1,0.0,1,6295.0,1,4367.0,1,5701.0,1,6881.0,2409.5405,3149.3472,-4336.0
657,2014-01-21,6882.0,852.0,1.0,1.0,0,0.0,2.0,0.45662925,0.8896571,0.5,0.8660254,1,0,0,1,8051.0,1,0.0,1,3714.0,1,4443.0,1,5323.0,1,0.0,1,5130.0,1,7085.0,4666.1245,4238.6035,8051.0
657,2014-01-22,5781.0,761.0,1.0,1.0,0,0.0,3.0,0.45662925,0.8896571,0.5,0.8660254,1,0,0,1,6882.0,1,8051.0,1,4336.0,1,4296.0,1,6116.0,1,9349.0,1,0.0,1,0.0,5552.4746,4826.025,-1169.0
657,2014-01-23,4968.0,682.0,1.0,1.0,0,0.0,4.0,0.45662925,0.8896571,0.5,0.8660254,1,0,0,1,5781.0,1,6882.0,1,0.0,1,3537.0,1,4085.0,1,7289.0,1,8754.0,1,11453.0,5643.885,5038.2417,-1101.0
657,2014-01-24,5069.0,691.0,1.0,1.0,0,0.0,5.0,0.45662925,0.8896571,0.5,0.8660254,1,0,0,1,4968.0,1,5781.0,1,8051.0,1,4014.0,1,0.0,1,6295.0,1,3643.0,1,8420.0,5373.531,5022.6323,-813.0
657,2014-01-25,4123.0,661.0,1.0,0.0,0,0.0,6.0,0.45662925,0.8896571,0.5,0.8660254,1,0,0,1,5069.0,1,4968.0,1,6882.0,1,3714.0,1,4443.0,1,5323.0,1,0.0,1,7309.0,5251.7188,5032.936,101.0
657,2014-01-26,0.0,0.0,0.0,0.0,0,0.0,7.0,0.45662925,0.8896571,0.5,0.8660254,1,0,0,1,4123.0,1,5069.0,1,5781.0,1,4336.0,1,4296.0,1,6116.0,1,5879.0,1,6918.0,4800.231,4830.728,-946.0
657,2014-01-27,4017.0,583.0,1.0,0.0,0,0.0,1.0,0.55864674,0.82940567,0.5,0.8660254,1,0,0,1,0.0,1,4123.0,1,4968.0,1,0.0,1,3537.0,1,4085.0,1,4842.0,1,6214.0,2880.1387,3757.233,-4123.0
657,2014-01-28,3741.0,590.0,1.0,0.0,0,0.0,2.0,0.55864674,0.82940567,0.5,0.8660254,1,0,0,1,4017.0,1,0.0,1,5069.0,1,8051.0,1,4014.0,1,0.0,1,4367.0,1,5100.0,3334.8833,3814.959,4017.0
657,2014-01-29,3628.0,582.0,1.0,0.0,0,0.0,3.0,0.55864674,0.82940567,0.5,0.8660254,1,0,0,1,3741.0,1,4017.0,1,4123.0,1,6882.0,1,3714.0,1,4443.0,1,0.0,1,0.0,3497.3298,3798.5237,-276.0
657,2014-01-30,4266.0,613.0,1.0,0.0,0,0.0,4.0,0.55864674,0.82940567,0.5,0.8660254,1,0,0,1,3628.0,1,3741.0,1,0.0,1,5781.0,1,4336.0,1,4296.0,1,9349.0,1,4896.0,3549.598,3760.6296,-113.0
657,2014-01-31,7192.0,880.0,1.0,0.0,0,0.0,5.0,0.55864674,0.82940567,0.5,0.8660254,1,0,1,1,4266.0,1,3628.0,1,4017.0,1,4968.0,1,0.0,1,3537.0,1,7289.0,1,4789.0,3836.1587,3872.934,638.0
657,2014-02-01,5935.0,763.0,1.0,0.0,0,0.0,6.0,0.55864674,0.82940567,0.8660254,0.5,1,1,0,1,7192.0,1,4266.0,1,3741.0,1,5069.0,1,8051.0,1,4014.0,1,6295.0,1,5004.0,5178.495,4610.5044,2926.0
657,2014-02-02,0.0,0.0,0.0,0.0,0,0.0,7.0,0.55864674,0.82940567,0.8660254,0.5,1,0,0,1,5935.0,1,7192.0,1,3628.0,1,4123.0,1,6882.0,1,3714.0,1,5323.0,1,4945.0,5481.097,4904.8364,-1257.0
657,2014-02-03,10220.0,1175.0,1.0,1.0,0,0.0,1.0,0.65282214,0.75751126,0.8660254,0.5,1,0,0,1,0.0,1,5935.0,1,4266.0,1,0.0,1,5781.0,1,4336.0,1,6116.0,1,5004.0,3288.6582,3814.873,-5935.0
657,2014-02-04,7990.0,959.0,1.0,1.0,0,0.0,2.0,0.65282214,0.75751126,0.8660254,0.5,1,0,0,1,10220.0,1,0.0,1,7192.0,1,4017.0,1,4968.0,1,0.0,1,4085.0,1,6165.0,6061.195,5238.2344,10220.0
657,2014-02-05,6136.0,790.0,1.0,1.0,0,0.0,3.0,0.65282214,0.75751126,0.8660254,0.5,1,0,0,1,7990.0,1,10220.0,1,5935.0,1,3741.0,1,5069.0,1,8051.0,1,0.0,1,0.0,6832.717,5849.738,-2230.0
657,2014-02-06,6516.0,866.0,1.0,1.0,0,0.0,4.0,0.65282214,0.75751126,0.8660254,0.5,1,0,0,1,6136.0,1,7990.0,1,0.0,1,3628.0,1,4123.0,1,6882.0,1,4443.0,1,12389.0,6554.0303,5913.3516,-1854.0
657,2014-02-07,5650.0,770.0,1.0,1.0,0,0.0,5.0,0.65282214,0.75751126,0.8660254,0.5,1,0,0,1,6516.0,1,6136.0,1,10220.0,1,4266.0,1,0.0,1,5781.0,1,4296.0,1,9906.0,6538.818,6047.2734,380.0
657,2014-02-08,4823.0,673.0,1.0,0.0,0,0.0,6.0,0.65282214,0.75751126,0.8660254,0.5,1,0,0,1,5650.0,1,6516.0,1,7990.0,1,7192.0,1,4017.0,1,4968.0,1,3537.0,1,10001.0,6183.291,5958.9907,-866.0
657,2014-02-09,0.0,0.0,0.0,0.0,0,0.0,7.0,0.65282214,0.75751126,0.8660254,0.5,1,0,0,1,4823.0,1,5650.0,1,6136.0,1,5935.0,1,3741.0,1,5069.0,1,4014.0,1,7792.0,5639.1743,5706.5483,-827.0
657,2014-02-10,4812.0,714.0,1.0,0.0,0,0.0,1.0,0.73783326,0.674983,0.8660254,0.5,1,0,0,1,0.0,1,4823.0,1,6516.0,1,0.0,1,3628.0,1,4123.0,1,3714.0,1,9433.0,3383.5046,4438.4263,-4823.0
657,2014-02-11,4410.0,688.0,1.0,0.0,0,0.0,2.0,0.73783326,0.674983,0.8660254,0.5,1,0,0,1,4812.0,1,0.0,1,5650.0,1,10220.0,1,4266.0,1,0.0,1,4336.0,1,7955.0,3954.9028,4521.443,4812.0
657,2014-02-12,4576.0,651.0,1.0,0.0,0,0.0,3.0,0.73783326,0.674983,0.8660254,0.5,1,0,0,1,4410.0,1,4812.0,1,4823.0,1,7990.0,1,7192.0,1,4017.0,1,0.0,1,0.0,4136.942,4496.6777,-402.0
657,2014-02-13,4196.0,598.0,1.0,0.0,0,0.0,4.0,0.73783326,0.674983,0.8660254,0.5,1,0,0,1,4576.0,1,4410.0,1,0.0,1,6136.0,1,5935.0,1,3741.0,1,8051.0,1,11763.0,4312.565,4514.3047,166.0
657,2014-02-14,5009.0,702.0,1.0,0.0,0,0.0,5.0,0.73783326,0.674983,0.8660254,0.5,1,0,0,1,4196.0,1,4576.0,1,4812.0,1,6516.0,1,0.0,1,3628.0,1,6882.0,1,3067.0,4265.939,4443.5703,-380.0
657,2014-02-15,4715.0,708.0,1.0,0.0,0,0.0,6.0,0.73783326,0.674983,0.8660254,0.5,1,0,0,1,5009.0,1,4196.0,1,4410.0,1,5650.0,1,10220.0,1,4266.0,1,5781.0,1,0.0,4563.1636,4569.2217,813.0
657,2014-02-16,0.0,0.0,0.0,0.0,0,0.0,7.0,0.73783326,0.674983,0.8660254,0.5,1,0,0,1,4715.0,1,5009.0,1,4576.0,1,4823.0,1,7990.0,1,7192.0,1,4968.0,1,0.0,4623.898,4601.6167,-294.0
657,2014-02-17,8695.0,1022.0,1.0,1.0,0,0.0,1.0,0.8124869,0.5829795,0.8660254,0.5,1,0,0,1,0.0,1,4715.0,1,4196.0,1,0.0,1,6136.0,1,5935.0,1,5069.0,1,5701.0,2774.3389,3579.0352,-4715.0
657,2014-02-18,6662.0,848.0,1.0,1.0,0,0.0,2.0,0.8124869,0.5829795,0.8660254,0.5,1,0,0,1,8695.0,1,0.0,1,5009.0,1,4812.0,1,6516.0,1,0.0,1,4123.0,1,5130.0,5142.6035,4715.9165,8695.0
657,2014-02-19,5756.0,757.0,1.0,1.0,0,0.0,3.0,0.8124869,0.5829795,0.8660254,0.5,1,0,0,1,6662.0,1,8695.0,1,4715.0,1,4410.0,1,5650.0,1,10220.0,1,0.0,1,0.0,5750.362,5148.3794,-2033.0
657,2014-02-20,5881.0,797.0,1.0,1.0,0,0.0,4.0,0.8124869,0.5829795,0.8660254,0.5,1,0,0,1,5756.0,1,6662.0,1,0.0,1,4576.0,1,4823.0,1,7990.0,1,4017.0,1,8754.0,5752.617,5283.4062,-906.0
657,2014-02-21,6120.0,861.0,1.0,1.0,0,0.0,5.0,0.8124869,0.5829795,0.8660254,0.5,1,0,0,1,5881.0,1,5756.0,1,8695.0,1,4196.0,1,0.0,1,6136.0,1,3741.0,1,3643.0,5803.97,5416.2046,125.0
657,2014-02-22,4189.0,657.0,1.0,0.0,0,0.0,6.0,0.8124869,0.5829795,0.8660254,0.5,1,0,0,1,6120.0,1,5881.0,1,6662.0,1,5009.0,1,4812.0,1,6516.0,1,3628.0,1,0.0,5930.3823,5572.6035,239.0
657,2014-02-23,0.0,0.0,0.0,0.0,0,0.0,7.0,0.8124869,0.5829795,0.8660254,0.5,1,0,0,1,4189.0,1,6120.0,1,5756.0,1,4715.0,1,4410.0,1,5650.0,1,4266.0,1,5879.0,5233.829,5265.136,-1931.0
657,2014-02-24,4641.0,676.0,1.0,0.0,0,0.0,1.0,0.8757349,0.4827922,0.8660254,0.5,1,0,0,1,0.0,1,4189.0,1,5881.0,1,0.0,1,4576.0,1,4823.0,1,7192.0,1,4842.0,3140.2976,4095.106,-4189.0
657,2014-02-25,3479.0,589.0,1.0,0.0,0,0.0,2.0,0.8757349,0.4827922,0.8660254,0.5,1,0,0,1,4641.0,1,0.0,1,6120.0,1,8695.0,1,4196.0,1,0.0,1,5935.0,1,4367.0,3740.5786,4216.4155,4641.0
657,2014-02-26,4715.0,674.0,1.0,0.0,0,0.0,3.0,0.8757349,0.4827922,0.8660254,0.5,1,0,0,1,3479.0,1,4641.0,1,4189.0,1,6662.0,1,5009.0,1,4812.0,1,0.0,1,0.0,3635.947,4052.5457,-1162.0
657,2014-02-27,2940.0,421.0,1.0,0.0,0,0.0,4.0,0.8757349,0.4827922,0.8660254,0.5,1,0,0,1,4715.0,1,3479.0,1,0.0,1,5756.0,1,4715.0,1,4410.0,1,10220.0,1,9349.0,4067.5684,4199.758,1236.0
657,2014-02-28,9118.0,999.0,1.0,0.0,0,0.0,5.0,0.8757349,0.4827922,0.8660254,0.5,1,0,1,1,2940.0,1,4715.0,1,4641.0,1,5881.0,1,0.0,1,4576.0,1,7990.0,1,7289.0,3616.541,3919.8115,-1775.0
657,2014-03-01,7200.0,920.0,1.0,0.0,0,0.0,6.0,0.8757349,0.4827922,1.0,6.123234e-17,1,1,0,1,9118.0,1,2940.0,1,3479.0,1,6120.0,1,8695.0,1,4196.0,1,6136.0,1,6295.0,5817.1245,5074.9644,6178.0
657,2014-03-02,0.0,0.0,0.0,0.0,0,0.0,7.0,0.8757349,0.4827922,1.0,6.123234e-17,1,0,0,1,7200.0,1,9118.0,1,4715.0,1,4189.0,1,6662.0,1,5009.0,1,6516.0,1,5323.0,6370.275,5547.195,-1918.0
657,2014-03-03,9425.0,933.0,1.0,1.0,0,0.0,1.0,0.9266896,0.37582758,1.0,6.123234e-17,1,0,0,1,0.0,1,7200.0,1,2940.0,1,0.0,1,5756.0,1,4715.0,1,5650.0,1,6116.0,3822.1648,4314.485,-7200.0
657,2014-03-04,0.0,0.0,0.0,1.0,0,0.0,2.0,0.9266896,0.37582758,1.0,6.123234e-17,1,0,0,1,9425.0,1,0.0,1,9118.0,1,4641.0,1,5881.0,1,0.0,1,4823.0,1,4085.0,6063.299,5450.155,9425.0
657,2014-03-05,10839.0,1165.0,1.0,1.0,0,0.0,3.0,0.9266896,0.37582758,1.0,6.123234e-17,1,0,0,1,0.0,1,9425.0,1,7200.0,1,3479.0,1,6120.0,1,8695.0,1,0.0,1,0.0,3637.9792,4239.0093,-9425.0
657,2014-03-06,9748.0,1076.0,1.0,1.0,0,0.0,4.0,0.9266896,0.37582758,1.0,6.123234e-17,1,0,0,1,10839.0,1,0.0,1,0.0,1,4715.0,1,4189.0,1,6662.0,1,4812.0,1,4443.0,6518.3877,5705.674,10839.0
657,2014-03-07,8799.0,1027.0,1.0,1.0,0,0.0,5.0,0.9266896,0.37582758,1.0,6.123234e-17,1,0,0,1,9748.0,1,10839.0,1,9425.0,1,2940.0,1,0.0,1,5756.0,1,4410.0,1,4296.0,7810.2324,6603.9688,-1091.0
657,2014-03-08,4967.0,759.0,1.0,0.0,0,0.0,6.0,0.9266896,0.37582758,1.0,6.123234e-17,1,0,0,1,8799.0,1,9748.0,1,0.0,1,9118.0,1,4641.0,1,5881.0,1,4576.0,1,3537.0,8205.739,7091.7534,-949.0
657,2014-03-09,0.0,0.0,0.0,0.0,0,0.0,7.0,0.9266896,0.37582758,1.0,6.123234e-17,1,0,0,1,4967.0,1,8799.0,1,10839.0,1,7200.0,1,3479.0,1,6120.0,1,4196.0,1,4014.0,6910.2437,6619.586,-3832.0
657,2014-03-10,6234.0,824.0,1.0,0.0,0,0.0,1.0,0.9646356,0.26358718,1.0,6.123234e-17,1,0,0,1,0.0,1,4967.0,1,9748.0,1,0.0,1,4715.0,1,4189.0,1,5009.0,1,3714.0,4146.146,5148.567,-4967.0
657,2014-03-11,5228.0,707.0,1.0,0.0,0,0.0,2.0,0.9646356,0.26358718,1.0,6.123234e-17,1,0,0,1,6234.0,1,0.0,1,8799.0,1,9425.0,1,2940.0,1,0.0,1,4715.0,1,4336.0,4981.2876,5389.7744,6234.0
657,2014-03-12,5229.0,705.0,1.0,0.0,0,0.0,3.0,0.9646356,0.26358718,1.0,6.123234e-17,1,0,0,1,5228.0,1,6234.0,1,4967.0,1,0.0,1,9118.0,1,4641.0,1,0.0,1,0.0,5079.9727,5353.824,-1006.0
657,2014-03-13,5127.0,680.0,1.0,0.0,0,0.0,4.0,0.9646356,0.26358718,1.0,6.123234e-17,1,0,0,1,5229.0,1,5228.0,1,0.0,1,10839.0,1,7200.0,1,3479.0,1,8695.0,1,8051.0,5139.5835,5326.0854,1.0
657,2014-03-14,5643.0,736.0,1.0,0.0,0,0.0,5.0,0.9646356,0.26358718,1.0,6.123234e-17,1,0,0,1,5127.0,1,5229.0,1,6234.0,1,9748.0,1,0.0,1,4715.0,1,6662.0,1,6882.0,5134.5503,5281.844,-102.0
657,2014-03-15,4987.0,690.0,1.0,0.0,0,0.0,6.0,0.9646356,0.26358718,1.0,6.123234e-17,1,0,0,1,5643.0,1,5127.0,1,5228.0,1,8799.0,1,9425.0,1,2940.0,1,5756.0,1,5781.0,5337.93,5362.101,516.0
657,2014-03-16,0.0,0.0,0.0,0.0,0,0.0,7.0,0.9646356,0.26358718,1.0,6.123234e-17,1,0,0,1,4987.0,1,5643.0,1,5229.0,1,4967.0,1,0.0,1,9118.0,1,5881.0,1,4968.0,5197.558,5278.7456,-656.0
657,2014-03-17,10726.0,1108.0,1.0,1.0,0,0.0,1.0,0.9890402,0.14764656,1.0,6.123234e-17,1,0,0,1,0.0,1,4987.0,1,5127.0,1,0.0,1,10839.0,1,7200.0,1,6120.0,1,5069.0,3118.535,4105.691,-4987.0
657,2014-03-18,6670.0,719.0,1.0,1.0,0,0.0,2.0,0.9890402,0.14764656,1.0,6.123234e-17,1,0,0,1,10726.0,1,0.0,1,5643.0,1,6234.0,1,9748.0,1,0.0,1,4189.0,1,4123.0,6161.521,5576.8706,10726.0
657,2014-03-19,6975.0,860.0,1.0,1.0,0,0.0,3.0,0.9890402,0.14764656,1.0,6.123234e-17,1,0,0,1,6670.0,1,10726.0,1,4987.0,1,5228.0,1,8799.0,1,9425.0,1,0.0,1,0.0,6364.9126,5819.788,-4056.0
657,2014-03-20,6498.0,849.0,1.0,1.0,0,0.0,4.0,0.9890402,0.14764656,1.0,6.123234e-17,1,0,0,1,6975.0,1,6670.0,1,0.0,1,5229.0,1,4967.0,1,0.0,1,4641.0,1,4017.0,6608.9478,6076.502,305.0
657,2014-03-21,6571.0,825.0,1.0,1.0,0,0.0,5.0,0.9890402,0.14764656,1.0,6.123234e-17,1,0,0,1,6498.0,1,6975.0,1,10726.0,1,5127.0,1,0.0,1,10839.0,1,3479.0,1,3741.0,6564.5684,6170.1685,-477.0
657,2014-03-22,5039.0,700.0,1.0,0.0,0,0.0,6.0,0.9890402,0.14764656,1.0,6.123234e-17,1,0,0,1,6571.0,1,6498.0,1,6670.0,1,5643.0,1,6234.0,1,9748.0,1,4715.0,1,3628.0,6567.141,6259.242,73.0
657,2014-03-23,0.0,0.0,0.0,0.0,0,0.0,7.0,0.9890402,0.14764656,1.0,6.123234e-17,1,0,0,1,5039.0,1,6571.0,1,6975.0,1,4987.0,1,5228.0,1,8799.0,1,2940.0,1,4266.0,5955.885,5988.077,-1532.0
657,2014-03-24,5758.0,713.0,1.0,0.0,0,0.0,1.0,0.99956083,0.029633328,1.0,6.123234e-17,1,0,0,1,0.0,1,5039.0,1,6498.0,1,0.0,1,5229.0,1,4967.0,1,9118.0,1,7192.0,3573.5308,4657.393,-5039.0
657,2014-03-25,5450.0,705.0,1.0,0.0,0,0.0,2.0,0.99956083,0.029633328,1.0,6.123234e-17,1,0,0,1,5758.0,1,0.0,1,6571.0,1,10726.0,1,5127.0,1,0.0,1,7200.0,1,5935.0,4447.3184,4901.9727,5758.0
657,2014-03-26,4004.0,479.0,1.0,0.0,0,0.0,3.0,0.99956083,0.029633328,1.0,6.123234e-17,1,0,0,1,5450.0,1,5758.0,1,5039.0,1,6670.0,1,5643.0,1,6234.0,1,0.0,1,0.0,4848.391,5023.7563,-308.0
657,2014-03-27,4200.0,507.0,1.0,0.0,0,0.0,4.0,0.99956083,0.029633328,1.0,6.123234e-17,1,0,0,1,4004.0,1,5450.0,1,0.0,1,6975.0,1,4987.0,1,5228.0,1,9425.0,1,10220.0,4510.635,4797.144,-1446.0
657,2014-03-28,6304.0,758.0,1.0,0.0,0,0.0,5.0,0.99956083,0.029633328,1.0,6.123234e-17,1,0,0,1,4200.0,1,4004.0,1,5758.0,1,6498.0,1,0.0,1,5229.0,1,0.0,1,7990.0,4386.381,4664.4453,196.0
657,2014-03-29,5628.0,747.0,1.0,0.0,0,0.0,6.0,0.99956083,0.029633328,1.0,6.123234e-17,1,0,0,1,6304.0,1,4200.0,1,5450.0,1,6571.0,1,10726.0,1,5127.0,1,10839.0,1,6136.0,5153.4287,5028.7905,2104.0
657,2014-03-30,0.0,0.0,0.0,0.0,0,0.0,7.0,0.99956083,0.029633328,1.0,6.123234e-17,1,0,0,1,5628.0,1,6304.0,1,4004.0,1,5039.0,1,6670.0,1,5643.0,1,9748.0,1,6516.0,5343.2573,5161.948,-676.0
657,2014-03-31,15610.0,1453.0,1.0,1.0,0,0.0,1.0,0.9960498,-0.08879589,1.0,6.123234e-17,1,0,1,1,0.0,1,5628.0,1,4200.0,1,0.0,1,6975.0,1,4987.0,1,8799.0,1,5650.0,3205.9543,4014.8486,-5628.0
657,2014-04-01,8379.0,1027.0,1.0,1.0,0,0.0,2.0,0.9960498,-0.08879589,0.8660254,-0.5,2,1,0,1,15610.0,1,0.0,1,6304.0,1,5758.0,1,6498.0,1,0.0,1,4967.0,1,4823.0,8167.5728,6591.549,15610.0
657,2014-04-02,7621.0,926.0,1.0,1.0,0,0.0,3.0,0.9960498,-0.08879589,0.8660254,-0.5,2,0,0,1,8379.0,1,15610.0,1,5628.0,1,5450.0,1,6571.0,1,10726.0,1,0.0,1,0.0,8252.144,6988.7603,-7231.0
657,2014-04-03,8100.0,935.0,1.0,1.0,0,0.0,4.0,0.9960498,-0.08879589,0.8660254,-0.5,2,0,0,1,7621.0,1,8379.0,1,0.0,1,4004.0,1,5039.0,1,6670.0,1,6234.0,1,4812.0,7999.686,7129.258,-758.0
657,2014-04-04,7090.0,839.0,1.0,1.0,0,0.0,5.0,0.9960498,-0.08879589,0.8660254,-0.5,2,0,0,1,8100.0,1,7621.0,1,15610.0,1,4200.0,1,0.0,1,6975.0,1,5228.0,1,4410.0,8039.8115,7344.9785,479.0
657,2014-04-05,5831.0,776.0,1.0,0.0,0,0.0,6.0,0.9960498,-0.08879589,0.8660254,-0.5,2,0,0,1,7090.0,1,8100.0,1,8379.0,1,6304.0,1,5758.0,1,6498.0,1,5229.0,1,4576.0,7659.887,7288.3164,-1010.0
657,2014-04-06,0.0,0.0,0.0,0.0,0,0.0,7.0,0.9960498,-0.08879589,0.8660254,-0.5,2,0,0,1,5831.0,1,7090.0,1,7621.0,1,5628.0,1,5450.0,1,6571.0,1,5127.0,1,4196.0,6928.332,6964.4683,-1259.0
657,2014-04-07,5796.0,789.0,1.0,0.0,0,0.0,1.0,0.9785565,-0.20597862,0.8660254,-0.5,2,0,0,1,0.0,1,5831.0,1,8100.0,1,0.0,1,4004.0,1,5039.0,1,5643.0,1,5009.0,4156.9995,5416.8086,-5831.0
657,2014-04-08,4949.0,659.0,1.0,0.0,0,0.0,2.0,0.9785565,-0.20597862,0.8660254,-0.5,2,0,0,1,5796.0,1,0.0,1,7090.0,1,15610.0,1,4200.0,1,0.0,1,4987.0,1,4715.0,4812.5996,5501.0737,5796.0
657,2014-04-09,5292.0,725.0,1.0,0.0,0,0.0,3.0,0.9785565,-0.20597862,0.8660254,-0.5,2,0,0,1,4949.0,1,5796.0,1,5831.0,1,8379.0,1,6304.0,1,5758.0,1,0.0,1,0.0,4867.1597,5378.3906,-847.0
657,2014-04-10,5083.0,695.0,1.0,0.0,0,0.0,4.0,0.9785565,-0.20597862,0.8660254,-0.5,2,0,0,1,5292.0,1,4949.0,1,0.0,1,7621.0,1,5628.0,1,5450.0,1,10726.0,1,8695.0,5037.0957,5359.1924,343.0
657,2014-04-11,5267.0,731.0,1.0,0.0,0,0.0,5.0,0.9785565,-0.20597862,0.8660254,-0.5,2,0,0,1,5083.0,1,5292.0,1,5796.0,1,8100.0,1,0.0,1,4004.0,1,6670.0,1,6662.0,5055.4575,5297.8164,-209.0
657,2014-04-12,5227.0,693.0,1.0,0.0,0,0.0,6.0,0.9785565,-0.20597862,0.8660254,-0.5,2,0,0,1,5267.0,1,5083.0,1,4949.0,1,7090.0,1,15610.0,1,4200.0,1,6975.0,1,5756.0,5140.0747,5290.9683,184.0
657,2014-04-13,0.0,0.0,0.0,0.0,0,0.0,7.0,0.9785565,-0.20597862,0.8660254,-0.5,2,0,0,1,5227.0,1,5267.0,1,5292.0,1,5831.0,1,8379.0,1,6304.0,1,6498.0,1,5881.0,5174.8447,5276.7534,-40.0
657,2014-04-14,10704.0,1161.0,1.0,1.0,0,1.0,1.0,0.94732636,-0.32026985,0.8660254,-0.5,2,0,0,1,0.0,1,5227.0,1,5083.0,1,0.0,1,7621.0,1,5628.0,1,6571.0,1,6120.0,3104.9067,4104.1416,-5227.0
657,2014-04-15,8407.0,989.0,1.0,1.0,0,1.0,2.0,0.94732636,-0.32026985,0.8660254,-0.5,2,0,0,1,10704.0,1,0.0,1,5267.0,1,5796.0,1,8100.0,1,0.0,1,5039.0,1,4189.0,6144.544,5570.777,10704.0
657,2014-04-16,9050.0,1025.0,1.0,1.0,0,1.0,3.0,0.94732636,-0.32026985,0.8660254,-0.5,2,0,0,1,8407.0,1,10704.0,1,5227.0,1,4949.0,1,7090.0,1,15610.0,1,0.0,1,0.0,7049.5264,6201.0483,-2297.0
657,2014-04-17,7859.0,984.0,1.0,1.0,0,1.0,4.0,0.94732636,-0.32026985,0.8660254,-0.5,2,0,0,1,9050.0,1,8407.0,1,0.0,1,5292.0,1,5831.0,1,8379.0,1,5758.0,1,4641.0,7849.716,6834.149,643.0
657,2014-04-18,0.0,0.0,0.0,1.0,2,1.0,5.0,0.94732636,-0.32026985,0.8660254,-0.5,2,0,0,1,7859.0,1,9050.0,1,10704.0,1,5083.0,1,0.0,1,7621.0,1,5450.0,1,3479.0,7853.4297,7061.8936,-1191.0
657,2014-04-19,6338.0,841.0,1.0,0.0,0,0.0,6.0,0.94732636,-0.32026985,0.8660254,-0.5,2,0,0,1,0.0,1,7859.0,1,8407.0,1,5267.0,1,5796.0,1,8100.0,1,4004.0,1,4715.0,4712.0576,5492.584,-7859.0
657,2014-04-20,0.0,0.0,0.0,0.0,0,0.0,7.0,0.94732636,-0.32026985,0.8660254,-0.5,2,0,0,1,6338.0,1,0.0,1,9050.0,1,5227.0,1,4949.0,1,7090.0,1,4200.0,1,2940.0,5362.4346,5680.454,6338.0
657,2014-04-21,0.0,0.0,0.0,0.0,2,1.0,1.0,0.9027978,-0.4300652,0.8660254,-0.5,2,0,0,1,0.0,1,6338.0,1,7859.0,1,0.0,1,5292.0,1,5831.0,1,6304.0,1,9118.0,3217.4607,4418.131,-6338.0
657,2014-04-22,5004.0,764.0,1.0,0.0,0,1.0,2.0,0.9027978,-0.4300652,0.8660254,-0.5,2,0,0,1,0.0,1,0.0,1,0.0,1,10704.0,1,5083.0,1,0.0,1,5628.0,1,7200.0,1930.4764,3436.324,0.0
657,2014-04-23,4702.0,673.0,1.0,0.0,0,1.0,3.0,0.9027978,-0.4300652,0.8660254,-0.5,2,0,0,1,5004.0,1,0.0,1,6338.0,1,8407.0,1,5267.0,1,5796.0,1,0.0,1,0.0,3159.886,3784.6965,5004.0
657,2014-04-24,4277.0,605.0,1.0,0.0,0,1.0,4.0,0.9027978,-0.4300652,0.8660254,-0.5,2,0,0,1,4702.0,1,5004.0,1,0.0,1,9050.0,1,5227.0,1,4949.0,1,15610.0,1,9425.0,3776.7314,3988.5417,-302.0
657,2014-04-25,4059.0,598.0,1.0,0.0,0,1.0,5.0,0.9027978,-0.4300652,0.8660254,-0.5,2,0,0,1,4277.0,1,4702.0,1,0.0,1,7859.0,1,0.0,1,5292.0,1,8379.0,1,0.0,3976.8389,4052.6436,-425.0
657,2014-04-26,4183.0,549.0,1.0,0.0,0,0.0,6.0,0.9027978,-0.4300652,0.8660254,-0.5,2,0,0,1,4059.0,1,4277.0,1,5004.0,1,0.0,1,10704.0,1,5083.0,1,7621.0,1,10839.0,4009.7034,4054.0562,-218.0
657,2014-04-27,0.0,0.0,0.0,0.0,0,0.0,7.0,0.9027978,-0.4300652,0.8660254,-0.5,2,0,0,1,4183.0,1,4059.0,1,4702.0,1,6338.0,1,8407.0,1,5267.0,1,8100.0,1,9748.0,4079.022,4082.7102,124.0
657,2014-04-28,8996.0,950.0,1.0,1.0,0,0.0,1.0,0.845596,-0.5338234,0.8660254,-0.5,2,0,0,1,0.0,1,4183.0,1,4277.0,1,0.0,1,9050.0,1,5227.0,1,7090.0,1,8799.0,2447.413,3175.4414,-4183.0
657,2014-04-29,7155.0,876.0,1.0,1.0,0,0.0,2.0,0.845596,-0.5338234,0.8660254,-0.5,2,0,0,1,8996.0,1,0.0,1,4059.0,1,0.0,1,7859.0,1,0.0,1,5831.0,1,4967.0,5066.848,4468.899,8996.0
657,2014-04-30,11063.0,1168.0,1.0,1.0,0,0.0,3.0,0.845596,-0.5338234,0.8660254,-0.5,2,0,1,1,7155.0,1,8996.0,1,4183.0,1,5004.0,1,0.0,1,10704.0,1,0.0,1,0.0,5902.109,5065.81,-1841.0
657,2014-05-01,0.0,0.0,0.0,1.0,1,0.0,4.0,0.845596,-0.5338234,0.5,-0.8660254,2,1,0,1,11063.0,1,7155.0,1,0.0,1,4702.0,1,6338.0,1,8407.0,1,5796.0,1,6234.0,7966.4653,6398.519,3908.0
657,2014-05-02,11629.0,1212.0,1.0,1.0,0,0.0,5.0,0.845596,-0.5338234,0.5,-0.8660254,2,0,0,1,0.0,1,11063.0,1,8996.0,1,4277.0,1,0.0,1,9050.0,1,4949.0,1,5228.0,4779.8794,4976.626,-11063.0
657,2014-05-03,5757.0,770.0,1.0,0.0,0,0.0,6.0,0.845596,-0.5338234,0.5,-0.8660254,2,0,0,1,11629.0,1,0.0,1,7155.0,1,4059.0,1,0.0,1,7859.0,1,5292.0,1,5229.0,7519.5273,6454.931,11629.0
657,2014-05-04,0.0,0.0,0.0,0.0,0,0.0,7.0,0.845596,-0.5338234,0.5,-0.8660254,2,0,0,1,5757.0,1,11629.0,1,11063.0,1,4183.0,1,5004.0,1,0.0,1,5083.0,1,5127.0,6814.5166,6299.8354,-5872.0
657,2014-05-05,10025.0,1129.0,1.0,1.0,0,0.0,1.0,0.7765239,-0.63008785,0.5,-0.8660254,2,0,0,1,0.0,1,5757.0,1,0.0,1,0.0,1,4702.0,1,6338.0,1,5267.0,1,5643.0,4088.71,4899.872,-5757.0
657,2014-05-06,7476.0,902.0,1.0,1.0,0,0.0,2.0,0.7765239,-0.63008785,0.5,-0.8660254,2,0,0,1,10025.0,1,0.0,1,11629.0,1,8996.0,1,4277.0,1,0.0,1,5227.0,1,4987.0,6463.226,6038.7896,10025.0
657,2014-05-07,7101.0,851.0,1.0,1.0,0,0.0,3.0,0.7765239,-0.63008785,0.5,-0.8660254,2,0,0,1,7476.0,1,10025.0,1,5757.0,1,7155.0,1,4059.0,1,0.0,1,0.0,1,0.0,6868.3354,6358.1694,-2549.0
657,2014-05-08,6838.0,818.0,1.0,1.0,0,0.0,4.0,0.7765239,-0.63008785,0.5,-0.8660254,2,0,0,1,7101.0,1,7476.0,1,0.0,1,11063.0,1,4183.0,1,5004.0,1,10704.0,1,10726.0,6961.4014,6523.243,-375.0
657,2014-05-09,7275.0,829.0,1.0,1.0,0,0.0,5.0,0.7765239,-0.63008785,0.5,-0.8660254,2,0,0,1,6838.0,1,7101.0,1,10025.0,1,0.0,1,0.0,1,4702.0,1,8407.0,1,6670.0,6912.041,6593.189,-263.0
657,2014-05-10,5229.0,719.0,1.0,0.0,0,0.0,6.0,0.7765239,-0.63008785,0.5,-0.8660254,2,0,0,1,7275.0,1,6838.0,1,7476.0,1,11629.0,1,8996.0,1,4277.0,1,9050.0,1,6975.0,7057.2246,6744.7026,437.0
657,2014-05-11,0.0,0.0,0.0,0.0,0,0.0,7.0,0.7765239,-0.63008785,0.5,-0.8660254,2,0,0,1,5229.0,1,7275.0,1,7101.0,1,5757.0,1,7155.0,1,4059.0,1,7859.0,1,6498.0,6325.9346,6407.88,-2046.0
657,2014-05-12,4637.0,657.0,1.0,0.0,0,0.0,1.0,0.696551,-0.71750724,0.5,-0.8660254,2,0,0,1,0.0,1,5229.0,1,6838.0,1,0.0,1,11063.0,1,4183.0,1,0.0,1,6571.0,3795.5608,4983.9062,-5229.0
657,2014-05-13,4709.0,667.0,1.0,0.0,0,0.0,2.0,0.696551,-0.71750724,0.5,-0.8660254,2,0,0,1,4637.0,1,0.0,1,7275.0,1,10025.0,1,0.0,1,0.0,1,6338.0,1,5039.0,4132.1367,4906.816,4637.0
657,2014-05-14,4689.0,645.0,1.0,0.0,0,0.0,3.0,0.696551,-0.71750724,0.5,-0.8660254,2,0,0,1,4709.0,1,4637.0,1,5229.0,1,7476.0,1,11629.0,1,8996.0,1,0.0,1,0.0,4362.882,4862.857,72.0
657,2014-05-15,4478.0,634.0,1.0,0.0,0,0.0,4.0,0.696551,-0.71750724,0.5,-0.8660254,2,0,0,1,4689.0,1,4709.0,1,0.0,1,7101.0,1,5757.0,1,7155.0,1,0.0,1,5758.0,4493.329,4824.222,-20.0
657,2014-05-16,4970.0,682.0,1.0,0.0,0,0.0,5.0,0.696551,-0.71750724,0.5,-0.8660254,2,0,0,1,4478.0,1,4689.0,1,4637.0,1,6838.0,1,0.0,1,11063.0,1,5004.0,1,5450.0,4487.1973,4747.2837,-211.0
657,2014-05-17,4367.0,603.0,1.0,0.0,0,0.0,6.0,0.696551,-0.71750724,0.5,-0.8660254,2,0,0,1,4970.0,1,4478.0,1,4709.0,1,7275.0,1,10025.0,1,0.0,1,4702.0,1,4004.0,4680.3184,4796.7764,492.0
657,2014-05-18,0.0,0.0,0.0,0.0,0,0.0,7.0,0.696551,-0.71750724,0.5,-0.8660254,2,0,0,1,4367.0,1,4970.0,1,4689.0,1,5229.0,1,7476.0,1,11629.0,1,4277.0,1,4200.0,4554.991,4701.2705,-603.0
657,2014-05-19,8830.0,1029.0,1.0,1.0,0,0.0,1.0,0.60680014,-0.79485446,0.5,-0.8660254,2,0,0,1,0.0,1,4367.0,1,4478.0,1,0.0,1,7101.0,1,5757.0,1,4059.0,1,6304.0,2732.9946,3656.5437,-4367.0
657,2014-05-20,6850.0,843.0,1.0,1.0,0,0.0,2.0,0.60680014,-0.79485446,0.5,-0.8660254,2,0,0,1,8830.0,1,0.0,1,4970.0,1,4637.0,1,6838.0,1,0.0,1,4183.0,1,5628.0,5171.797,4806.2007,8830.0
657,2014-05-21,6630.0,769.0,1.0,1.0,0,0.0,3.0,0.60680014,-0.79485446,0.5,-0.8660254,2,0,0,1,6850.0,1,8830.0,1,4367.0,1,4709.0,1,7275.0,1,10025.0,1,0.0,1,0.0,5843.078,5260.3784,-1980.0
657,2014-05-22,6129.0,764.0,1.0,1.0,0,0.0,4.0,0.60680014,-0.79485446,0.5,-0.8660254,2,0,0,1,6630.0,1,6850.0,1,0.0,1,4689.0,1,5229.0,1,7476.0,1,8996.0,1,15610.0,6157.8467,5564.739,-220.0
657,2014-05-23,6018.0,710.0,1.0,1.0,0,0.0,5.0,0.60680014,-0.79485446,0.5,-0.8660254,2,0,0,1,6129.0,1,6630.0,1,8830.0,1,4478.0,1,0.0,1,7101.0,1,7155.0,1,8379.0,6146.308,5690.13,-501.0
657,2014-05-24,4186.0,610.0,1.0,0.0,0,0.0,6.0,0.60680014,-0.79485446,0.5,-0.8660254,2,0,0,1,6018.0,1,6129.0,1,6850.0,1,4970.0,1,4637.0,1,6838.0,1,11063.0,1,7621.0,6094.985,5762.99,-111.0
657,2014-05-25,0.0,0.0,0.0,0.0,0,0.0,7.0,0.60680014,-0.79485446,0.5,-0.8660254,2,0,0,1,4186.0,1,6018.0,1,6630.0,1,4367.0,1,4709.0,1,7275.0,1,0.0,1,8100.0,5331.391,5412.548,-1832.0
657,2014-05-26,4549.0,625.0,1.0,0.0,0,0.0,1.0,0.5085311,-0.86104363,0.5,-0.8660254,2,0,0,1,0.0,1,4186.0,1,6129.0,1,0.0,1,4689.0,1,5229.0,1,11629.0,1,7090.0,3198.8345,4209.7593,-4186.0
657,2014-05-27,3436.0,481.0,1.0,0.0,0,0.0,2.0,0.5085311,-0.86104363,0.5,-0.8660254,2,0,0,1,4549.0,1,0.0,1,6018.0,1,8830.0,1,4478.0,1,0.0,1,5757.0,1,5831.0,3738.9006,4285.146,4549.0
657,2014-05-28,5809.0,756.0,1.0,0.0,0,0.0,3.0,0.5085311,-0.86104363,0.5,-0.8660254,2,0,0,1,3436.0,1,4549.0,1,4186.0,1,6850.0,1,4970.0,1,4637.0,1,0.0,1,0.0,3617.7405,4096.4473,-1113.0
657,2014-05-29,0.0,0.0,0.0,0.0,1,0.0,4.0,0.5085311,-0.86104363,0.5,-0.8660254,2,0,0,1,5809.0,1,3436.0,1,0.0,1,6630.0,1,4367.0,1,4709.0,1,10025.0,1,5796.0,4494.244,4477.014,2373.0
657,2014-05-30,9796.0,1115.0,1.0,0.0,0,0.0,5.0,0.5085311,-0.86104363,0.5,-0.8660254,2,0,0,1,0.0,1,5809.0,1,4549.0,1,6129.0,1,0.0,1,4689.0,1,7476.0,1,4949.0,2696.5466,3482.1223,-5809.0
657,2014-05-31,6360.0,769.0,1.0,0.0,0,0.0,6.0,0.5085311,-0.86104363,0.5,-0.8660254,2,0,1,1,9796.0,1,0.0,1,3436.0,1,6018.0,1,8830.0,1,4478.0,1,7101.0,1,5292.0,5536.328,4885.206,9796.0
657,2014-06-01,0.0,0.0,0.0,0.0,0,0.0,7.0,0.5085311,-0.86104363,1.2246469e-16,-1.0,2,1,0,1,6360.0,1,9796.0,1,5809.0,1,4186.0,1,6850.0,1,4970.0,1,6838.0,1,5083.0,5865.797,5212.938,-3436.0
657,2014-06-02,10897.0,1070.0,1.0,1.0,0,0.0,1.0,0.40312344,-0.91514564,1.2246469e-16,-1.0,2,0,0,1,0.0,1,6360.0,1,0.0,1,0.0,1,6630.0,1,4367.0,1,7275.0,1,5267.0,3519.478,4054.5076,-6360.0
657,2014-06-03,7407.0,859.0,1.0,1.0,0,0.0,2.0,0.40312344,-0.91514564,1.2246469e-16,-1.0,2,0,0,1,10897.0,1,0.0,1,9796.0,1,4549.0,1,6129.0,1,0.0,1,5229.0,1,5227.0,6470.487,5575.0615,10897.0
657,2014-06-04,6951.0,823.0,1.0,1.0,0,0.0,3.0,0.40312344,-0.91514564,1.2246469e-16,-1.0,2,0,0,1,7407.0,1,10897.0,1,6360.0,1,3436.0,1,6018.0,1,8830.0,1,0.0,1,0.0,6845.0923,5982.1587,-3490.0
657,2014-06-05,7509.0,867.0,1.0,1.0,0,0.0,4.0,0.40312344,-0.91514564,1.2246469e-16,-1.0,2,0,0,1,6951.0,1,7407.0,1,0.0,1,5809.0,1,4186.0,1,6850.0,1,4637.0,1,10704.0,6887.455,6197.457,-456.0
657,2014-06-06,6717.0,833.0,1.0,1.0,0,0.0,5.0,0.40312344,-0.91514564,1.2246469e-16,-1.0,2,0,0,1,7509.0,1,6951.0,1,10897.0,1,0.0,1,0.0,1,6630.0,1,4709.0,1,8407.0,7136.073,6488.911,558.0
657,2014-06-07,4147.0,624.0,1.0,0.0,0,0.0,6.0,0.40312344,-0.91514564,1.2246469e-16,-1.0,2,0,0,1,6717.0,1,7509.0,1,7407.0,1,9796.0,1,4549.0,1,6129.0,1,4689.0,1,9050.0,6968.444,6539.597,-792.0
657,2014-06-08,0.0,0.0,0.0,0.0,0,0.0,7.0,0.40312344,-0.91514564,1.2246469e-16,-1.0,2,0,0,1,4147.0,1,6717.0,1,6951.0,1,6360.0,1,3436.0,1,6018.0,1,4478.0,1,7859.0,5839.866,6007.909,-2570.0
657,2014-06-09,0.0,0.0,0.0,0.0,1,0.0,1.0,0.29205677,-0.956401,1.2246469e-16,-1.0,2,0,0,1,0.0,1,4147.0,1,7509.0,1,0.0,1,5809.0,1,4186.0,1,4970.0,1,0.0,3503.92,4672.8184,-4147.0
657,2014-06-10,5352.0,714.0,1.0,0.0,0,1.0,2.0,0.29205677,-0.956401,1.2246469e-16,-1.0,2,0,0,1,0.0,1,0.0,1,6717.0,1,10897.0,1,0.0,1,0.0,1,4367.0,1,6338.0,2102.3518,3634.414,0.0
657,2014-06-11,4986.0,638.0,1.0,0.0,0,0.0,3.0,0.29205677,-0.956401,1.2246469e-16,-1.0,2,0,0,1,5352.0,1,0.0,1,4147.0,1,7407.0,1,9796.0,1,4549.0,1,0.0,1,0.0,3402.2112,4016.0999,5352.0
657,2014-06-12,4929.0,635.0,1.0,0.0,0,0.0,4.0,0.29205677,-0.956401,1.2246469e-16,-1.0,2,0,0,1,4986.0,1,5352.0,1,0.0,1,6951.0,1,6360.0,1,3436.0,1,8830.0,1,0.0,4035.7266,4231.6333,-366.0
657,2014-06-13,5255.0,692.0,1.0,0.0,0,0.0,5.0,0.29205677,-0.956401,1.2246469e-16,-1.0,2,0,0,1,4929.0,1,4986.0,1,0.0,1,7509.0,1,0.0,1,5809.0,1,6850.0,1,5004.0,4393.036,4386.6035,-57.0
657,2014-06-14,4604.0,623.0,1.0,0.0,0,0.0,6.0,0.29205677,-0.956401,1.2246469e-16,-1.0,2,0,0,1,5255.0,1,4929.0,1,5352.0,1,6717.0,1,10897.0,1,0.0,1,6630.0,1,4702.0,4737.822,4579.5806,326.0
657,2014-06-15,0.0,0.0,0.0,0.0,0,0.0,7.0,0.29205677,-0.956401,1.2246469e-16,-1.0,2,0,0,1,4604.0,1,5255.0,1,4986.0,1,4147.0,1,7407.0,1,9796.0,1,6129.0,1,4277.0,4684.293,4585.0073,-651.0
657,2014-06-16,9691.0,1028.0,1.0,1.0,0,0.0,1.0,0.17689027,-0.9842306,1.2246469e-16,-1.0,2,0,0,1,0.0,1,4604.0,1,4929.0,1,0.0,1,6951.0,1,6360.0,1,6018.0,1,4059.0,2810.5757,3566.1167,-4604.0
657,2014-06-17,8610.0,922.0,1.0,1.0,0,0.0,2.0,0.17689027,-0.9842306,1.2246469e-16,-1.0,2,0,0,1,9691.0,1,0.0,1,5255.0,1,0.0,1,7509.0,1,0.0,1,4186.0,1,4183.0,5562.7456,4927.2017,9691.0
657,2014-06-18,7933.0,914.0,1.0,1.0,0,0.0,3.0,0.17689027,-0.9842306,1.2246469e-16,-1.0,2,0,0,1,8610.0,1,9691.0,1,4604.0,1,5352.0,1,6717.0,1,10897.0,1,0.0,1,0.0,6781.6475,5745.6016,-1081.0
657,2014-06-19,0.0,0.0,0.0,1.0,1,0.0,4.0,0.17689027,-0.9842306,1.2246469e-16,-1.0,2,0,0,1,7933.0,1,8610.0,1,0.0,1,4986.0,1,4147.0,1,7407.0,1,4549.0,1,8996.0,7242.1885,6231.69,-677.0
657,2014-06-20,8990.0,1030.0,1.0,1.0,0,0.0,5.0,0.17689027,-0.9842306,1.2246469e-16,-1.0,2,0,0,1,0.0,1,7933.0,1,9691.0,1,4929.0,1,0.0,1,6951.0,1,3436.0,1,7155.0,4345.313,4846.87,-7933.0
657,2014-06-21,4387.0,635.0,1.0,0.0,0,0.0,6.0,0.17689027,-0.9842306,1.2246469e-16,-1.0,2,0,0,1,8990.0,1,0.0,1,8610.0,1,5255.0,1,0.0,1,7509.0,1,5809.0,1,11063.0,6203.188,5767.5654,8990.0
657,2014-06-22,0.0,0.0,0.0,0.0,0,0.0,7.0,0.17689027,-0.9842306,1.2246469e-16,-1.0,2,0,0,1,4387.0,1,8990.0,1,7933.0,1,4604.0,1,5352.0,1,6717.0,1,0.0,1,0.0,5476.713,5460.7734,-4603.0
657,2014-06-23,4654.0,631.0,1.0,0.0,0,0.0,1.0,0.059240628,-0.99824375,1.2246469e-16,-1.0,2,0,0,1,0.0,1,4387.0,1,0.0,1,0.0,1,4986.0,1,4147.0,1,9796.0,1,11629.0,3286.0276,4247.268,-4387.0
657,2014-06-24,4426.0,577.0,1.0,0.0,0,0.0,2.0,0.059240628,-0.99824375,1.2246469e-16,-1.0,2,0,0,1,4654.0,1,0.0,1,8990.0,1,9691.0,1,4929.0,1,0.0,1,6360.0,1,5757.0,3833.2166,4337.653,4654.0
657,2014-06-25,4432.0,607.0,1.0,0.0,0,0.0,3.0,0.059240628,-0.99824375,1.2246469e-16,-1.0,2,0,0,1,4426.0,1,4654.0,1,4387.0,1,8610.0,1,5255.0,1,0.0,1,0.0,1,0.0,4070.3298,4357.2856,-228.0
657,2014-06-26,4580.0,582.0,1.0,0.0,0,0.0,4.0,0.059240628,-0.99824375,1.2246469e-16,-1.0,2,0,0,1,4432.0,1,4426.0,1,0.0,1,7933.0,1,4604.0,1,5352.0,1,10897.0,1,10025.0,4214.998,4373.8887,6.0
657,2014-06-27,4970.0,638.0,1.0,0.0,0,0.0,5.0,0.059240628,-0.99824375,1.2246469e-16,-1.0,2,0,0,1,4580.0,1,4432.0,1,4654.0,1,0.0,1,0.0,1,4986.0,1,7407.0,1,7476.0,4360.9985,4419.6914,148.0
657,2014-06-28,5555.0,673.0,1.0,0.0,0,0.0,6.0,0.059240628,-0.99824375,1.2246469e-16,-1.0,2,0,0,1,4970.0,1,4580.0,1,4426.0,1,8990.0,1,9691.0,1,4929.0,1,6951.0,1,7101.0,4604.599,4541.982,390.0
657,2014-06-29,0.0,0.0,0.0,0.0,0,0.0,7.0,0.059240628,-0.99824375,1.2246469e-16,-1.0,2,0,0,1,5555.0,1,4970.0,1,4432.0,1,4387.0,1,8610.0,1,5255.0,1,7509.0,1,6838.0,4984.76,4767.097,585.0
657,2014-06-30,16980.0,1484.0,1.0,1.0,0,0.0,1.0,-0.059240628,-0.99824375,1.2246469e-16,-1.0,2,0,1,1,0.0,1,5555.0,1,4580.0,1,0.0,1,7933.0,1,4604.0,1,6717.0,1,7275.0,2990.8557,3707.7422,-5555.0
657,2014-07-01,7358.0,956.0,1.0,1.0,0,0.0,2.0,-0.059240628,-0.99824375,-0.5,-0.8660254,3,1,0,1,16980.0,1,0.0,1,4970.0,1,4654.0,1,0.0,1,0.0,1,4147.0,1,5229.0,8586.514,6657.133,16980.0
657,2014-07-02,9147.0,1059.0,1.0,1.0,0,0.0,3.0,-0.059240628,-0.99824375,-0.5,-0.8660254,3,0,0,1,7358.0,1,16980.0,1,5555.0,1,4426.0,1,8990.0,1,9691.0,1,0.0,1,0.0,8095.108,6812.8813,-9622.0
657,2014-07-03,7692.0,912.0,1.0,1.0,0,0.0,4.0,-0.059240628,-0.99824375,-0.5,-0.8660254,3,0,0,1,9147.0,1,7358.0,1,0.0,1,4432.0,1,4387.0,1,8610.0,1,0.0,1,4637.0,8515.865,7331.574,1789.0
657,2014-07-04,6651.0,793.0,1.0,1.0,0,0.0,5.0,-0.059240628,-0.99824375,-0.5,-0.8660254,3,0,0,1,7692.0,1,9147.0,1,16980.0,1,4580.0,1,0.0,1,7933.0,1,5352.0,1,4709.0,8186.319,7411.669,-1455.0
657,2014-07-05,5563.0,658.0,1.0,0.0,0,0.0,6.0,-0.059240628,-0.99824375,-0.5,-0.8660254,3,0,0,1,6651.0,1,7692.0,1,7358.0,1,4970.0,1,4654.0,1,0.0,1,4986.0,1,4689.0,7572.1914,7242.6313,-1041.0
657,2014-07-06,0.0,0.0,0.0,0.0,0,0.0,7.0,-0.059240628,-0.99824375,-0.5,-0.8660254,3,0,0,1,5563.0,1,6651.0,1,9147.0,1,5555.0,1,4426.0,1,8990.0,1,4929.0,1,4478.0,6768.5146,6869.38,-1088.0
657,2014-07-07,5590.0,785.0,1.0,0.0,0,1.0,1.0,-0.17689027,-0.9842306,-0.5,-0.8660254,3,0,0,1,0.0,1,5563.0,1,7692.0,1,0.0,1,4432.0,1,4387.0,1,5255.0,1,4970.0,4061.109,5342.851,-5563.0
657,2014-07-08,4189.0,544.0,1.0,0.0,0,1.0,2.0,-0.17689027,-0.9842306,-0.5,-0.8660254,3,0,0,1,5590.0,1,0.0,1,6651.0,1,16980.0,1,4580.0,1,0.0,1,4604.0,1,4367.0,4672.6655,5397.773,5590.0
657,2014-07-09,3617.0,524.0,1.0,0.0,0,1.0,3.0,-0.17689027,-0.9842306,-0.5,-0.8660254,3,0,0,1,4189.0,1,5590.0,1,5563.0,1,7358.0,1,4970.0,1,4654.0,1,0.0,1,0.0,4479.199,5129.1567,-1401.0
657,2014-07-10,5584.0,748.0,1.0,0.0,0,1.0,4.0,-0.17689027,-0.9842306,-0.5,-0.8660254,3,0,0,1,3617.0,1,4189.0,1,0.0,1,9147.0,1,5555.0,1,4426.0,1,9691.0,1,8830.0,4134.3193,4793.122,-572.0
657,2014-07-11,5327.0,698.0,1.0,0.0,0,1.0,5.0,-0.17689027,-0.9842306,-0.5,-0.8660254,3,0,0,1,5584.0,1,3617.0,1,5590.0,1,7692.0,1,0.0,1,4432.0,1,8610.0,1,6850.0,4714.192,4968.8726,1967.0
657,2014-07-12,5262.0,694.0,1.0,0.0,0,0.0,6.0,-0.17689027,-0.9842306,-0.5,-0.8660254,3,0,0,1,5327.0,1,5584.0,1,4189.0,1,6651.0,1,16980.0,1,4580.0,1,7933.0,1,6630.0,4959.315,5048.4565,-257.0
657,2014-07-13,0.0,0.0,0.0,0.0,0,0.0,7.0,-0.17689027,-0.9842306,-0.5,-0.8660254,3,0,0,1,5262.0,1,5327.0,1,3617.0,1,5563.0,1,7358.0,1,4970.0,1,0.0,1,6129.0,5080.389,5095.9106,-65.0
657,2014-07-14,9530.0,989.0,1.0,1.0,0,1.0,1.0,-0.29205677,-0.956401,-0.5,-0.8660254,3,0,0,1,0.0,1,5262.0,1,5584.0,1,0.0,1,9147.0,1,5555.0,1,8990.0,1,6018.0,3048.2334,3963.486,-5262.0
657,2014-07-15,7653.0,847.0,1.0,1.0,0,1.0,2.0,-0.29205677,-0.956401,-0.5,-0.8660254,3,0,0,1,9530.0,1,0.0,1,5327.0,1,5590.0,1,7692.0,1,0.0,1,4387.0,1,4186.0,5640.94,5200.4893,9530.0
657,2014-07-16,7007.0,815.0,1.0,1.0,0,1.0,3.0,-0.29205677,-0.956401,-0.5,-0.8660254,3,0,0,1,7653.0,1,9530.0,1,5262.0,1,4189.0,1,6651.0,1,16980.0,1,0.0,1,0.0,6445.764,5745.4917,-1877.0
657,2014-07-17,6363.0,737.0,1.0,1.0,0,1.0,4.0,-0.29205677,-0.956401,-0.5,-0.8660254,3,0,0,1,7007.0,1,7653.0,1,0.0,1,3617.0,1,5563.0,1,7358.0,1,4654.0,1,4549.0,6670.2583,6025.8267,-646.0
657,2014-07-18,5673.0,701.0,1.0,1.0,0,1.0,5.0,-0.29205677,-0.956401,-0.5,-0.8660254,3,0,0,1,6363.0,1,7007.0,1,9530.0,1,5584.0,1,0.0,1,9147.0,1,4426.0,1,3436.0,6547.355,6100.754,-644.0
657,2014-07-19,3353.0,464.0,1.0,0.0,0,0.0,6.0,-0.29205677,-0.956401,-0.5,-0.8660254,3,0,0,1,5673.0,1,6363.0,1,7653.0,1,5327.0,1,5590.0,1,7692.0,1,4432.0,1,5809.0,6197.613,6005.6978,-690.0
657,2014-07-20,0.0,0.0,0.0,0.0,0,0.0,7.0,-0.29205677,-0.956401,-0.5,-0.8660254,3,0,0,1,3353.0,1,5673.0,1,7007.0,1,5262.0,1,4189.0,1,6651.0,1,4580.0,1,0.0,5059.7676,5416.2095,-2320.0
657,2014-07-21,4883.0,613.0,1.0,0.0,0,1.0,1.0,-0.40312344,-0.91514564,-0.5,-0.8660254,3,0,0,1,0.0,1,3353.0,1,6363.0,1,0.0,1,3617.0,1,5563.0,1,4970.0,1,9796.0,3035.8606,4212.6074,-3353.0
657,2014-07-22,5306.0,689.0,1.0,0.0,0,1.0,2.0,-0.40312344,-0.91514564,-0.5,-0.8660254,3,0,0,1,4883.0,1,0.0,1,5673.0,1,9530.0,1,5584.0,1,0.0,1,5555.0,1,6360.0,3774.7163,4361.5835,4883.0
657,2014-07-23,4341.0,586.0,1.0,0.0,0,1.0,3.0,-0.40312344,-0.91514564,-0.5,-0.8660254,3,0,0,1,5306.0,1,4883.0,1,3353.0,1,7653.0,1,5327.0,1,5590.0,1,0.0,1,0.0,4387.23,4571.4536,423.0
657,2014-07-24,3889.0,556.0,1.0,0.0,0,1.0,4.0,-0.40312344,-0.91514564,-0.5,-0.8660254,3,0,0,1,4341.0,1,5306.0,1,0.0,1,7007.0,1,5262.0,1,4189.0,1,16980.0,1,10897.0,4368.738,4520.2417,-965.0
657,2014-07-25,4688.0,598.0,1.0,0.0,0,1.0,5.0,-0.40312344,-0.91514564,-0.5,-0.8660254,3,0,0,1,3889.0,1,4341.0,1,4883.0,1,6363.0,1,0.0,1,3617.0,1,7358.0,1,7407.0,4176.843,4379.966,-452.0
657,2014-07-26,4014.0,544.0,1.0,0.0,0,0.0,6.0,-0.40312344,-0.91514564,-0.5,-0.8660254,3,0,0,1,4688.0,1,3889.0,1,5306.0,1,5673.0,1,9530.0,1,5584.0,1,9147.0,1,6951.0,4381.3057,4448.418,799.0
657,2014-07-27,0.0,0.0,0.0,0.0,0,0.0,7.0,-0.40312344,-0.91514564,-0.5,-0.8660254,3,0,0,1,4014.0,1,4688.0,1,4341.0,1,3353.0,1,7653.0,1,5327.0,1,7692.0,1,7509.0,4234.3833,4351.8804,-674.0
657,2014-07-28,7802.0,823.0,1.0,1.0,0,1.0,1.0,-0.5085311,-0.86104363,-0.5,-0.8660254,3,0,0,1,0.0,1,4014.0,1,3889.0,1,0.0,1,7007.0,1,5262.0,1,6651.0,1,6717.0,2540.6301,3384.796,-4014.0
657,2014-07-29,7649.0,816.0,1.0,1.0,0,1.0,2.0,-0.5085311,-0.86104363,-0.5,-0.8660254,3,0,0,1,7802.0,1,0.0,1,4688.0,1,4883.0,1,6363.0,1,0.0,1,5563.0,1,4147.0,4645.178,4366.397,7802.0
657,2014-07-30,7509.0,825.0,1.0,1.0,0,1.0,3.0,-0.5085311,-0.86104363,-0.5,-0.8660254,3,0,0,1,7649.0,1,7802.0,1,4014.0,1,5306.0,1,5673.0,1,9530.0,1,0.0,1,0.0,5846.707,5095.8643,-153.0
657,2014-07-31,10726.0,1101.0,1.0,1.0,0,1.0,4.0,-0.5085311,-0.86104363,-0.5,-0.8660254,3,0,1,1,7509.0,1,7649.0,1,0.0,1,4341.0,1,3353.0,1,7653.0,1,5590.0,1,0.0,6511.624,5632.1167,-140.0
657,2014-08-01,8686.0,938.0,1.0,1.0,0,1.0,5.0,-0.5085311,-0.86104363,-0.8660254,-0.5,3,1,0,1,10726.0,1,7509.0,1,7802.0,1,3889.0,1,0.0,1,7007.0,1,4189.0,1,5352.0,8197.374,6764.091,3217.0
657,2014-08-02,5831.0,658.0,1.0,0.0,0,0.0,6.0,-0.5085311,-0.86104363,-0.8660254,-0.5,3,0,0,1,8686.0,1,10726.0,1,7649.0,1,4688.0,1,4883.0,1,6363.0,1,3617.0,1,4986.0,8392.824,7191.1816,-2040.0
657,2014-08-03,0.0,0.0,0.0,0.0,0,0.0,7.0,-0.5085311,-0.86104363,-0.8660254,-0.5,3,0,0,1,5831.0,1,8686.0,1,7509.0,1,4014.0,1,5306.0,1,5673.0,1,5584.0,1,4929.0,7368.0947,6888.919,-2855.0
657,2014-08-04,10482.0,1110.0,1.0,1.0,0,1.0,1.0,-0.60680014,-0.79485446,-0.8660254,-0.5,3,0,0,1,0.0,1,5831.0,1,10726.0,1,0.0,1,4341.0,1,3353.0,1,5327.0,1,5255.0,4420.857,5358.0483,-5831.0
657,2014-08-05,7140.0,834.0,1.0,1.0,0,1.0,2.0,-0.60680014,-0.79485446,-0.8660254,-0.5,3,0,0,1,10482.0,1,0.0,1,8686.0,1,7802.0,1,3889.0,1,0.0,1,5262.0,1,4604.0,6845.314,6496.704,10482.0
657,2014-08-06,6675.0,778.0,1.0,1.0,0,1.0,3.0,-0.60680014,-0.79485446,-0.8660254,-0.5,3,0,0,1,7140.0,1,10482.0,1,5831.0,1,7649.0,1,4688.0,1,4883.0,1,0.0,1,0.0,6963.1885,6639.6587,-3342.0
657,2014-08-07,7855.0,867.0,1.0,1.0,0,1.0,4.0,-0.60680014,-0.79485446,-0.8660254,-0.5,3,0,0,1,6675.0,1,7140.0,1,0.0,1,7509.0,1,4014.0,1,5306.0,1,9530.0,1,9691.0,6847.913,6647.512,-465.0
657,2014-08-08,6761.0,791.0,1.0,1.0,0,1.0,5.0,-0.60680014,-0.79485446,-0.8660254,-0.5,3,0,0,1,7855.0,1,6675.0,1,10482.0,1,10726.0,1,0.0,1,4341.0,1,7653.0,1,8610.0,7250.748,6915.843,1180.0
657,2014-08-09,4916.0,668.0,1.0,0.0,0,0.0,6.0,-0.60680014,-0.79485446,-0.8660254,-0.5,3,0,0,1,6761.0,1,7855.0,1,7140.0,1,8686.0,1,7802.0,1,3889.0,1,7007.0,1,7933.0,7054.8486,6881.4336,-1094.0
657,2014-08-10,0.0,0.0,0.0,0.0,0,0.0,7.0,-0.60680014,-0.79485446,-0.8660254,-0.5,3,0,0,1,4916.0,1,6761.0,1,6675.0,1,5831.0,1,7649.0,1,4688.0,1,6363.0,1,0.0,6199.309,6444.6704,-1845.0
657,2014-08-11,5793.0,781.0,1.0,0.0,0,1.0,1.0,-0.696551,-0.71750724,-0.8660254,-0.5,3,0,0,1,0.0,1,4916.0,1,7855.0,1,0.0,1,7509.0,1,4014.0,1,5673.0,1,8990.0,3719.5854,5012.5215,-4916.0
657,2014-08-12,4593.0,657.0,1.0,0.0,0,1.0,2.0,-0.696551,-0.71750724,-0.8660254,-0.5,3,0,0,1,5793.0,1,0.0,1,6761.0,1,10482.0,1,10726.0,1,0.0,1,3353.0,1,4387.0,4548.951,5185.961,5793.0
657,2014-08-13,5026.0,689.0,1.0,0.0,0,1.0,3.0,-0.696551,-0.71750724,-0.8660254,-0.5,3,0,0,1,4593.0,1,5793.0,1,4916.0,1,7140.0,1,8686.0,1,7802.0,1,0.0,1,0.0,4566.571,5054.192,-1200.0
657,2014-08-14,4887.0,662.0,1.0,0.0,0,1.0,4.0,-0.696551,-0.71750724,-0.8660254,-0.5,3,0,0,1,5026.0,1,4593.0,1,0.0,1,6675.0,1,5831.0,1,7649.0,1,4883.0,1,4654.0,4750.3423,5047.9272,433.0
657,2014-08-15,5348.0,714.0,1.0,0.0,0,1.0,5.0,-0.696551,-0.71750724,-0.8660254,-0.5,3,0,0,1,4887.0,1,5026.0,1,5793.0,1,7855.0,1,0.0,1,7509.0,1,5306.0,1,4426.0,4805.0054,5012.1655,-139.0
657,2014-08-16,4534.0,620.0,1.0,0.0,0,0.0,6.0,-0.696551,-0.71750724,-0.8660254,-0.5,3,0,0,1,5348.0,1,4887.0,1,4593.0,1,6761.0,1,10482.0,1,10726.0,1,4341.0,1,4432.0,5022.203,5086.7954,461.0
657,2014-08-17,0.0,0.0,0.0,0.0,0,0.0,7.0,-0.696551,-0.71750724,-0.8660254,-0.5,3,0,0,1,4534.0,1,5348.0,1,5026.0,1,4916.0,1,7140.0,1,8686.0,1,3889.0,1,4580.0,4826.922,4963.952,-814.0
657,2014-08-18,9704.0,1079.0,1.0,1.0,0,1.0,1.0,-0.7765239,-0.63008785,-0.8660254,-0.5,3,0,0,1,0.0,1,4534.0,1,4887.0,1,0.0,1,6675.0,1,5831.0,1,4688.0,1,4970.0,2896.153,3860.8516,-4534.0
657,2014-08-19,8248.0,965.0,1.0,1.0,0,1.0,2.0,-0.7765239,-0.63008785,-0.8660254,-0.5,3,0,0,1,9704.0,1,0.0,1,5348.0,1,5793.0,1,7855.0,1,0.0,1,4014.0,1,5555.0,5619.292,5159.329,9704.0
657,2014-08-20,7239.0,880.0,1.0,1.0,0,0.0,3.0,-0.7765239,-0.63008785,-0.8660254,-0.5,3,0,0,1,8248.0,1,9704.0,1,4534.0,1,4593.0,1,6761.0,1,10482.0,1,0.0,1,0.0,6670.7754,5845.7,-1456.0
657,2014-08-21,6371.0,742.0,1.0,1.0,0,0.0,4.0,-0.7765239,-0.63008785,-0.8660254,-0.5,3,0,0,1,7239.0,1,8248.0,1,0.0,1,5026.0,1,4916.0,1,7140.0,1,7802.0,1,16980.0,6898.065,6155.3223,-1009.0
657,2014-08-22,5999.0,739.0,1.0,1.0,0,0.0,5.0,-0.7765239,-0.63008785,-0.8660254,-0.5,3,0,0,1,6371.0,1,7239.0,1,9704.0,1,4887.0,1,0.0,1,6675.0,1,7649.0,1,7358.0,6687.2393,6203.251,-868.0
657,2014-08-23,4642.0,631.0,1.0,0.0,0,0.0,6.0,-0.7765239,-0.63008785,-0.8660254,-0.5,3,0,0,1,5999.0,1,6371.0,1,8248.0,1,5348.0,1,5793.0,1,7855.0,1,7509.0,1,9147.0,6411.9434,6157.862,-372.0
657,2014-08-24,0.0,0.0,0.0,0.0,0,0.0,7.0,-0.7765239,-0.63008785,-0.8660254,-0.5,3,0,0,1,4642.0,1,5999.0,1,7239.0,1,4534.0,1,4593.0,1,6761.0,1,10726.0,1,7692.0,5703.966,5821.0034,-1357.0
657,2014-08-25,5108.0,657.0,1.0,0.0,0,0.0,1.0,-0.845596,-0.5338234,-0.8660254,-0.5,3,0,0,1,0.0,1,4642.0,1,6371.0,1,0.0,1,5026.0,1,4916.0,1,8686.0,1,6651.0,3422.3796,4527.4473,-4642.0
657,2014-08-26,3967.0,590.0,1.0,0.0,0,0.0,2.0,-0.845596,-0.5338234,-0.8660254,-0.5,3,0,0,1,5108.0,1,0.0,1,5999.0,1,9704.0,1,4887.0,1,0.0,1,5831.0,1,5563.0,4096.628,4656.459,5108.0
657,2014-08-27,4854.0,636.0,1.0,0.0,0,0.0,3.0,-0.845596,-0.5338234,-0.8660254,-0.5,3,0,0,1,3967.0,1,5108.0,1,4642.0,1,8248.0,1,5348.0,1,5793.0,1,0.0,1,0.0,4044.7766,4503.246,-1141.0
657,2014-08-28,4420.0,600.0,1.0,0.0,0,0.0,4.0,-0.845596,-0.5338234,-0.8660254,-0.5,3,0,0,1,4854.0,1,3967.0,1,0.0,1,7239.0,1,4534.0,1,4593.0,1,10482.0,1,5590.0,4368.466,4581.1914,887.0
657,2014-08-29,6898.0,843.0,1.0,0.0,0,0.0,5.0,-0.845596,-0.5338234,-0.8660254,-0.5,3,0,0,1,4420.0,1,4854.0,1,5108.0,1,6371.0,1,0.0,1,5026.0,1,7140.0,1,4189.0,4389.0796,4545.371,-434.0
657,2014-08-30,6182.0,770.0,1.0,0.0,0,0.0,6.0,-0.845596,-0.5338234,-0.8660254,-0.5,3,0,0,1,6898.0,1,4420.0,1,3967.0,1,5999.0,1,9704.0,1,4887.0,1,6675.0,1,3617.0,5392.648,5068.1772,2478.0
657,2014-08-31,0.0,0.0,0.0,0.0,0,0.0,7.0,-0.845596,-0.5338234,-0.8660254,-0.5,3,0,1,1,6182.0,1,6898.0,1,4854.0,1,4642.0,1,8248.0,1,5348.0,1,7855.0,1,5584.0,5708.3887,5315.6934,-716.0
657,2014-09-01,10463.0,1148.0,1.0,1.0,0,0.0,1.0,-0.9027978,-0.4300652,-1.0,-1.8369701e-16,3,1,0,1,0.0,1,6182.0,1,4420.0,1,0.0,1,7239.0,1,4534.0,1,6761.0,1,5327.0,3425.0332,4134.428,-6182.0
657,2014-09-02,8388.0,964.0,1.0,1.0,0,0.0,2.0,-0.9027978,-0.4300652,-1.0,-1.8369701e-16,3,0,0,1,10463.0,1,0.0,1,6898.0,1,5108.0,1,6371.0,1,0.0,1,4916.0,1,5262.0,6240.2197,5540.7773,10463.0
657,2014-09-03,7774.0,877.0,1.0,1.0,0,0.0,3.0,-0.9027978,-0.4300652,-1.0,-1.8369701e-16,3,0,0,1,8388.0,1,10463.0,1,6182.0,1,3967.0,1,5999.0,1,9704.0,1,0.0,1,0.0,7099.332,6173.4937,-2075.0
657,2014-09-04,6050.0,775.0,1.0,1.0,0,0.0,4.0,-0.9027978,-0.4300652,-1.0,-1.8369701e-16,3,0,0,1,7774.0,1,8388.0,1,0.0,1,4854.0,1,4642.0,1,8248.0,1,5793.0,1,9530.0,7369.199,6529.1616,-614.0
657,2014-09-05,7166.0,849.0,1.0,1.0,0,0.0,5.0,-0.9027978,-0.4300652,-1.0,-1.8369701e-16,3,0,0,1,6050.0,1,7774.0,1,10463.0,1,4420.0,1,0.0,1,7239.0,1,4593.0,1,7653.0,6841.5195,6422.681,-1724.0
657,2014-09-06,4488.0,626.0,1.0,0.0,0,0.0,6.0,-0.9027978,-0.4300652,-1.0,-1.8369701e-16,3,0,0,1,7166.0,1,6050.0,1,8388.0,1,6898.0,1,5108.0,1,6371.0,1,5026.0,1,7007.0,6971.3115,6587.8633,1116.0
657,2014-09-07,0.0,0.0,0.0,0.0,0,0.0,7.0,-0.9027978,-0.4300652,-1.0,-1.8369701e-16,3,0,0,1,4488.0,1,7166.0,1,7774.0,1,6182.0,1,3967.0,1,5999.0,1,4887.0,1,6363.0,5977.987,6121.227,-2678.0
657,2014-09-08,4837.0,684.0,1.0,0.0,0,0.0,1.0,-0.94732636,-0.32026985,-1.0,-1.8369701e-16,3,0,0,1,0.0,1,4488.0,1,6050.0,1,0.0,1,4854.0,1,4642.0,1,5348.0,1,5673.0,3586.7922,4760.954,-4488.0
657,2014-09-09,4322.0,635.0,1.0,0.0,0,0.0,2.0,-0.94732636,-0.32026985,-1.0,-1.8369701e-16,3,0,0,1,4837.0,1,0.0,1,7166.0,1,10463.0,1,4420.0,1,0.0,1,4534.0,1,3353.0,4086.8752,4777.8535,4837.0
657,2014-09-10,4742.0,619.0,1.0,0.0,0,0.0,3.0,-0.94732636,-0.32026985,-1.0,-1.8369701e-16,3,0,0,1,4322.0,1,4837.0,1,4488.0,1,8388.0,1,6898.0,1,5108.0,1,0.0,1,0.0,4180.9253,4676.5527,-515.0
657,2014-09-11,4321.0,642.0,1.0,0.0,0,0.0,4.0,-0.94732636,-0.32026985,-1.0,-1.8369701e-16,3,0,0,1,4742.0,1,4322.0,1,0.0,1,7774.0,1,6182.0,1,3967.0,1,9704.0,1,4883.0,4405.355,4691.0967,420.0
657,2014-09-12,4961.0,656.0,1.0,0.0,0,0.0,5.0,-0.94732636,-0.32026985,-1.0,-1.8369701e-16,3,0,0,1,4321.0,1,4742.0,1,4837.0,1,6050.0,1,0.0,1,4854.0,1,8248.0,1,5306.0,4371.6133,4608.853,-421.0
657,2014-09-13,4457.0,586.0,1.0,0.0,0,0.0,6.0,-0.94732636,-0.32026985,-1.0,-1.8369701e-16,3,0,0,1,4961.0,1,4321.0,1,4322.0,1,7166.0,1,10463.0,1,4420.0,1,7239.0,1,4341.0,4607.3677,4687.108,640.0
657,2014-09-14,0.0,0.0,0.0,0.0,0,0.0,7.0,-0.94732636,-0.32026985,-1.0,-1.8369701e-16,3,0,0,1,4457.0,1,4961.0,1,4742.0,1,4488.0,1,8388.0,1,6898.0,1,6371.0,1,3889.0,4547.2207,4635.9727,-504.0
657,2014-09-15,8532.0,967.0,1.0,1.0,0,0.0,1.0,-0.9785565,-0.20597862,-1.0,-1.8369701e-16,3,0,0,1,0.0,1,4457.0,1,4321.0,1,0.0,1,7774.0,1,6182.0,1,5999.0,1,4688.0,2728.3325,3605.7566,-4457.0
657,2014-09-16,7275.0,821.0,1.0,1.0,0,0.0,2.0,-0.9785565,-0.20597862,-1.0,-1.8369701e-16,3,0,0,1,8532.0,1,0.0,1,4961.0,1,4837.0,1,6050.0,1,0.0,1,4642.0,1,4014.0,5049.7993,4700.4775,8532.0
657,2014-09-17,5910.0,755.0,1.0,1.0,0,0.0,3.0,-0.9785565,-0.20597862,-1.0,-1.8369701e-16,3,0,0,1,7275.0,1,8532.0,1,4457.0,1,4322.0,1,7166.0,1,10463.0,1,0.0,1,0.0,5939.88,5272.5933,-1257.0
657,2014-09-18,5698.0,669.0,1.0,1.0,0,0.0,4.0,-0.9785565,-0.20597862,-1.0,-1.8369701e-16,3,0,0,1,5910.0,1,7275.0,1,0.0,1,4742.0,1,4488.0,1,8388.0,1,5108.0,1,7802.0,5927.9277,5414.2393,-1365.0
657,2014-09-19,5852.0,719.0,1.0,1.0,0,0.0,5.0,-0.9785565,-0.20597862,-1.0,-1.8369701e-16,3,0,0,1,5698.0,1,5910.0,1,8532.0,1,4321.0,1,0.0,1,7774.0,1,3967.0,1,7649.0,5835.9565,5477.2974,-212.0
657,2014-09-20,3840.0,579.0,1.0,0.0,0,0.0,6.0,-0.9785565,-0.20597862,-1.0,-1.8369701e-16,3,0,0,1,5852.0,1,5698.0,1,7275.0,1,4961.0,1,4837.0,1,6050.0,1,4854.0,1,7509.0,5842.374,5560.5645,154.0
657,2014-09-21,0.0,0.0,0.0,0.0,0,0.0,7.0,-0.9785565,-0.20597862,-1.0,-1.8369701e-16,3,0,0,1,3840.0,1,5852.0,1,5910.0,1,4457.0,1,4322.0,1,7166.0,1,4420.0,1,10726.0,5041.4243,5178.217,-2012.0
657,2014-09-22,4364.0,599.0,1.0,0.0,0,0.0,1.0,-0.9960498,-0.08879589,-1.0,-1.8369701e-16,3,0,0,1,0.0,1,3840.0,1,5698.0,1,0.0,1,4742.0,1,4488.0,1,6898.0,1,8686.0,3024.8547,4027.502,-3840.0
657,2014-09-23,4032.0,612.0,1.0,0.0,0,0.0,2.0,-0.9960498,-0.08879589,-1.0,-1.8369701e-16,3,0,0,1,4364.0,1,0.0,1,5852.0,1,8532.0,1,4321.0,1,0.0,1,6182.0,1,5831.0,3560.5127,4102.2793,4364.0
657,2014-09-24,3859.0,544.0,1.0,0.0,0,0.0,3.0,-0.9960498,-0.08879589,-1.0,-1.8369701e-16,3,0,0,1,4032.0,1,4364.0,1,3840.0,1,7275.0,1,4961.0,1,4837.0,1,0.0,1,0.0,3749.1077,4086.6616,-332.0
657,2014-09-25,4401.0,600.0,1.0,0.0,0,0.0,4.0,-0.9960498,-0.08879589,-1.0,-1.8369701e-16,3,0,0,1,3859.0,1,4032.0,1,0.0,1,5910.0,1,4457.0,1,4322.0,1,10463.0,1,10482.0,3793.0647,4036.0703,-173.0
657,2014-09-26,4448.0,609.0,1.0,0.0,0,0.0,5.0,-0.9960498,-0.08879589,-1.0,-1.8369701e-16,3,0,0,1,4401.0,1,3859.0,1,4364.0,1,5698.0,1,0.0,1,4742.0,1,8388.0,1,7140.0,4036.2388,4117.1655,542.0
657,2014-09-27,4144.0,576.0,1.0,0.0,0,0.0,6.0,-0.9960498,-0.08879589,-1.0,-1.8369701e-16,3,0,0,1,4448.0,1,4401.0,1,4032.0,1,5852.0,1,8532.0,1,4321.0,1,7774.0,1,6675.0,4200.9434,4190.6846,47.0
657,2014-09-28,0.0,0.0,0.0,0.0,0,0.0,7.0,-0.9960498,-0.08879589,-1.0,-1.8369701e-16,3,0,0,1,4144.0,1,4448.0,1,3859.0,1,3840.0,1,7275.0,1,4961.0,1,6050.0,1,7855.0,4178.166,4180.31,-304.0
657,2014-09-29,9726.0,973.0,1.0,1.0,0,0.0,1.0,-0.99956083,0.029633328,-1.0,-1.8369701e-16,3,0,0,1,0.0,1,4144.0,1,4401.0,1,0.0,1,5910.0,1,4457.0,1,7166.0,1,6761.0,2506.8997,3251.3523,-4144.0
657,2014-09-30,12534.0,1220.0,1.0,1.0,0,0.0,2.0,-0.99956083,0.029633328,-1.0,-1.8369701e-16,3,0,1,1,9726.0,1,0.0,1,4448.0,1,4364.0,1,5698.0,1,0.0,1,4488.0,1,4916.0,5394.5396,4690.163,9726.0
657,2014-10-01,7786.0,920.0,1.0,1.0,0,0.0,3.0,-0.99956083,0.029633328,-0.8660254,0.5,4,1,0,1,12534.0,1,9726.0,1,4144.0,1,4032.0,1,5852.0,1,8532.0,1,0.0,1,0.0,8250.324,6433.238,2808.0
657,2014-10-02,8052.0,942.0,1.0,1.0,0,0.0,4.0,-0.99956083,0.029633328,-0.8660254,0.5,4,0,0,1,7786.0,1,12534.0,1,0.0,1,3859.0,1,3840.0,1,7275.0,1,4837.0,1,5793.0,8064.594,6733.8516,-4748.0
657,2014-10-03,0.0,0.0,0.0,1.0,1,0.0,5.0,-0.99956083,0.029633328,-0.8660254,0.5,4,0,0,1,8052.0,1,7786.0,1,9726.0,1,4401.0,1,0.0,1,5910.0,1,4322.0,1,4593.0,8059.5566,7026.7734,266.0
657,2014-10-04,7026.0,855.0,1.0,0.0,0,0.0,6.0,-0.99956083,0.029633328,-0.8660254,0.5,4,0,0,1,0.0,1,8052.0,1,12534.0,1,4448.0,1,4364.0,1,5698.0,1,4742.0,1,5026.0,4835.734,5465.268,-8052.0
657,2014-10-05,0.0,0.0,0.0,0.0,0,0.0,7.0,-0.99956083,0.029633328,-0.8660254,0.5,4,0,0,1,7026.0,1,0.0,1,7786.0,1,4144.0,1,4032.0,1,5852.0,1,4321.0,1,4887.0,5711.8403,5812.0977,7026.0
657,2014-10-06,10122.0,1056.0,1.0,1.0,0,1.0,1.0,-0.9890402,0.14764656,-0.8660254,0.5,4,0,0,1,0.0,1,7026.0,1,8052.0,1,0.0,1,3859.0,1,3840.0,1,4961.0,1,5348.0,3427.1042,4520.5205,-7026.0
657,2014-10-07,7509.0,862.0,1.0,1.0,0,1.0,2.0,-0.9890402,0.14764656,-0.8660254,0.5,4,0,0,1,10122.0,1,0.0,1,0.0,1,9726.0,1,4401.0,1,0.0,1,4457.0,1,4534.0,6105.0625,5765.2935,10122.0
657,2014-10-08,5805.0,739.0,1.0,1.0,0,1.0,3.0,-0.9890402,0.14764656,-0.8660254,0.5,4,0,0,1,7509.0,1,10122.0,1,7026.0,1,12534.0,1,4448.0,1,4364.0,1,0.0,1,0.0,6666.6377,6152.7837,-2613.0
657,2014-10-09,7006.0,818.0,1.0,1.0,0,1.0,4.0,-0.9890402,0.14764656,-0.8660254,0.5,4,0,0,1,5805.0,1,7509.0,1,0.0,1,7786.0,1,4144.0,1,4032.0,1,8532.0,1,9704.0,6321.9824,6075.4985,-1704.0
657,2014-10-10,6262.0,780.0,1.0,1.0,0,1.0,5.0,-0.9890402,0.14764656,-0.8660254,0.5,4,0,0,1,7006.0,1,5805.0,1,10122.0,1,8052.0,1,0.0,1,3859.0,1,7275.0,1,8248.0,6595.5894,6282.277,1201.0
657,2014-10-11,4867.0,644.0,1.0,0.0,0,0.0,6.0,-0.9890402,0.14764656,-0.8660254,0.5,4,0,0,1,6262.0,1,7006.0,1,7509.0,1,0.0,1,9726.0,1,4401.0,1,5910.0,1,7239.0,6462.154,6277.7705,-744.0
657,2014-10-12,0.0,0.0,0.0,0.0,0,0.0,7.0,-0.9890402,0.14764656,-0.8660254,0.5,4,0,0,1,4867.0,1,6262.0,1,5805.0,1,7026.0,1,12534.0,1,4448.0,1,5698.0,1,6371.0,5824.0923,5964.266,-1395.0
657,2014-10-13,4533.0,665.0,1.0,0.0,0,1.0,1.0,-0.9646356,0.26358718,-0.8660254,0.5,4,0,0,1,0.0,1,4867.0,1,7006.0,1,0.0,1,7786.0,1,4144.0,1,5852.0,1,5999.0,3494.4553,4638.8735,-4867.0
657,2014-10-14,4498.0,602.0,1.0,0.0,0,1.0,2.0,-0.9646356,0.26358718,-0.8660254,0.5,4,0,0,1,4533.0,1,0.0,1,6262.0,1,10122.0,1,8052.0,1,0.0,1,3840.0,1,4642.0,3909.8733,4615.346,4533.0
657,2014-10-15,5014.0,655.0,1.0,0.0,0,1.0,3.0,-0.9646356,0.26358718,-0.8660254,0.5,4,0,0,1,4498.0,1,4533.0,1,4867.0,1,7509.0,1,0.0,1,9726.0,1,0.0,1,0.0,4145.124,4589.269,-35.0
657,2014-10-16,4436.0,607.0,1.0,0.0,0,1.0,4.0,-0.9646356,0.26358718,-0.8660254,0.5,4,0,0,1,5014.0,1,4498.0,1,0.0,1,5805.0,1,7026.0,1,12534.0,1,4364.0,1,5108.0,4492.6743,4683.654,516.0
657,2014-10-17,4513.0,579.0,1.0,0.0,0,1.0,5.0,-0.9646356,0.26358718,-0.8660254,0.5,4,0,0,1,4436.0,1,5014.0,1,4533.0,1,7006.0,1,0.0,1,7786.0,1,4032.0,1,3967.0,4470.0044,4628.6196,-578.0
657,2014-10-18,4475.0,614.0,1.0,0.0,0,0.0,6.0,-0.9646356,0.26358718,-0.8660254,0.5,4,0,0,1,4513.0,1,4436.0,1,4498.0,1,6262.0,1,10122.0,1,8052.0,1,3859.0,1,4854.0,4487.2026,4602.9263,77.0
657,2014-10-19,0.0,0.0,0.0,0.0,0,0.0,7.0,-0.9646356,0.26358718,-0.8660254,0.5,4,0,0,1,4475.0,1,4513.0,1,5014.0,1,4867.0,1,7509.0,1,0.0,1,4401.0,1,4420.0,4482.322,4574.4985,-38.0
657,2014-10-20,8005.0,892.0,1.0,1.0,0,0.0,1.0,-0.9266896,0.37582758,-0.8660254,0.5,4,0,0,1,0.0,1,4475.0,1,4436.0,1,0.0,1,5805.0,1,7026.0,1,4448.0,1,6898.0,2689.393,3557.943,-4475.0
657,2014-10-21,6044.0,743.0,1.0,1.0,0,0.0,2.0,-0.9266896,0.37582758,-0.8660254,0.5,4,0,0,1,8005.0,1,0.0,1,4513.0,1,4533.0,1,7006.0,1,0.0,1,4144.0,1,6182.0,4815.6357,4546.178,8005.0
657,2014-10-22,5710.0,724.0,1.0,1.0,0,0.0,3.0,-0.9266896,0.37582758,-0.8660254,0.5,4,0,0,1,6044.0,1,8005.0,1,4475.0,1,4498.0,1,6262.0,1,10122.0,1,0.0,1,0.0,5306.9814,4879.0273,-1961.0
657,2014-10-23,6202.0,737.0,1.0,1.0,0,0.0,4.0,-0.9266896,0.37582758,-0.8660254,0.5,4,0,0,1,5710.0,1,6044.0,1,0.0,1,5014.0,1,4867.0,1,7509.0,1,9726.0,1,10463.0,5468.189,5063.688,-334.0
657,2014-10-24,5611.0,713.0,1.0,1.0,0,0.0,5.0,-0.9266896,0.37582758,-0.8660254,0.5,4,0,0,1,6202.0,1,5710.0,1,8005.0,1,4436.0,1,0.0,1,5805.0,1,12534.0,1,8388.0,5761.7134,5316.646,492.0
657,2014-10-25,4280.0,598.0,1.0,0.0,0,0.0,6.0,-0.9266896,0.37582758,-0.8660254,0.5,4,0,0,1,5611.0,1,6202.0,1,6044.0,1,4513.0,1,4533.0,1,7006.0,1,7786.0,1,7774.0,5701.428,5382.058,-591.0
657,2014-10-26,0.0,0.0,0.0,0.0,0,0.0,7.0,-0.9266896,0.37582758,-0.8660254,0.5,4,0,0,1,4280.0,1,5611.0,1,5710.0,1,4475.0,1,4498.0,1,6262.0,1,8052.0,1,6050.0,5132.857,5137.1562,-1331.0
657,2014-10-27,4894.0,648.0,1.0,0.0,0,0.0,1.0,-0.8757349,0.4827922,-0.8660254,0.5,4,0,0,1,0.0,1,4280.0,1,6202.0,1,0.0,1,5014.0,1,4867.0,1,0.0,1,7166.0,3079.714,3995.566,-4280.0
657,2014-10-28,4770.0,674.0,1.0,0.0,0,0.0,2.0,-0.8757349,0.4827922,-0.8660254,0.5,4,0,0,1,4894.0,1,0.0,1,5611.0,1,8005.0,1,4436.0,1,0.0,1,7026.0,1,4488.0,3805.4285,4195.2183,4894.0
657,2014-10-29,4966.0,617.0,1.0,0.0,0,0.0,3.0,-0.8757349,0.4827922,-0.8660254,0.5,4,0,0,1,4770.0,1,4894.0,1,4280.0,1,6044.0,1,4513.0,1,4533.0,1,0.0,1,0.0,4191.257,4322.9473,-124.0
657,2014-10-30,6419.0,776.0,1.0,0.0,0,0.0,4.0,-0.8757349,0.4827922,-0.8660254,0.5,4,0,0,1,4966.0,1,4770.0,1,0.0,1,5710.0,1,4475.0,1,4498.0,1,10122.0,1,4837.0,4501.1543,4465.848,196.0
657,2014-10-31,8084.0,942.0,1.0,0.0,0,0.0,5.0,-0.8757349,0.4827922,-0.8660254,0.5,4,0,1,1,6419.0,1,4966.0,1,4894.0,1,6202.0,1,0.0,1,5014.0,1,7509.0,1,4322.0,5268.2925,4899.882,1453.0
657,2014-11-01,0.0,0.0,0.0,0.0,1,0.0,6.0,-0.8757349,0.4827922,-0.5,0.8660254,4,1,0,1,8084.0,1,6419.0,1,4770.0,1,5611.0,1,8005.0,1,4436.0,1,5805.0,1,4742.0,6394.5757,5607.4634,1665.0
657,2014-11-02,0.0,0.0,0.0,0.0,0,0.0,7.0,-0.8757349,0.4827922,-0.5,0.8660254,4,0,0,1,0.0,1,8084.0,1,4966.0,1,4280.0,1,6044.0,1,4513.0,1,7006.0,1,4321.0,3836.7454,4361.3604,-8084.0
657,2014-11-03,11078.0,1200.0,1.0,1.0,0,0.0,1.0,-0.8124869,0.5829795,-0.5,0.8660254,4,0,0,1,0.0,1,0.0,1,6419.0,1,0.0,1,5710.0,1,4475.0,1,6262.0,1,4961.0,2302.047,3392.1694,0.0
657,2014-11-04,8420.0,956.0,1.0,1.0,0,0.0,2.0,-0.8124869,0.5829795,-0.5,0.8660254,4,0,0,1,11078.0,1,0.0,1,8084.0,1,4894.0,1,6202.0,1,0.0,1,4867.0,1,4457.0,5812.428,5100.132,11078.0
657,2014-11-05,8034.0,909.0,1.0,1.0,0,0.0,3.0,-0.8124869,0.5829795,-0.5,0.8660254,4,0,0,1,8420.0,1,11078.0,1,0.0,1,4770.0,1,5611.0,1,8005.0,1,0.0,1,0.0,6855.457,5837.8804,-2658.0
657,2014-11-06,7339.0,855.0,1.0,1.0,0,0.0,4.0,-0.8124869,0.5829795,-0.5,0.8660254,4,0,0,1,8034.0,1,8420.0,1,0.0,1,4966.0,1,4280.0,1,6044.0,1,4533.0,1,8532.0,7326.874,6325.9067,-386.0
657,2014-11-07,6788.0,827.0,1.0,1.0,0,0.0,5.0,-0.8124869,0.5829795,-0.5,0.8660254,4,0,0,1,7339.0,1,8034.0,1,11078.0,1,6419.0,1,0.0,1,5710.0,1,4498.0,1,7275.0,7331.7246,6551.0386,-695.0
657,2014-11-08,5872.0,791.0,1.0,0.0,0,0.0,6.0,-0.8124869,0.5829795,-0.5,0.8660254,4,0,0,1,6788.0,1,7339.0,1,8420.0,1,8084.0,1,4894.0,1,6202.0,1,5014.0,1,5910.0,7114.235,6603.697,-551.0
657,2014-11-09,0.0,0.0,0.0,0.0,0,0.0,7.0,-0.8124869,0.5829795,-0.5,0.8660254,4,0,0,1,5872.0,1,6788.0,1,8034.0,1,0.0,1,4770.0,1,5611.0,1,4436.0,1,5698.0,6617.341,6441.0977,-916.0
657,2014-11-10,8183.0,914.0,1.0,1.0,0,0.0,1.0,-0.73783326,0.674983,-0.5,0.8660254,4,0,0,1,0.0,1,5872.0,1,7339.0,1,0.0,1,4966.0,1,4280.0,1,4513.0,1,5852.0,3970.4045,5009.7427,-5872.0
657,2014-11-11,6331.0,755.0,1.0,1.0,0,0.0,2.0,-0.73783326,0.674983,-0.5,0.8660254,4,0,0,1,8183.0,1,0.0,1,6788.0,1,11078.0,1,6419.0,1,0.0,1,4475.0,1,3840.0,5655.443,5714.9106,8183.0
657,2014-11-12,6492.0,777.0,1.0,1.0,0,0.0,3.0,-0.73783326,0.674983,-0.5,0.8660254,4,0,0,1,6331.0,1,8183.0,1,5872.0,1,8420.0,1,8084.0,1,4894.0,1,0.0,1,0.0,5925.6655,5851.8193,-1852.0
657,2014-11-13,7184.0,873.0,1.0,1.0,0,0.0,4.0,-0.73783326,0.674983,-0.5,0.8660254,4,0,0,1,6492.0,1,6331.0,1,0.0,1,8034.0,1,0.0,1,4770.0,1,8005.0,1,4364.0,6152.199,5994.082,161.0
657,2014-11-14,6341.0,753.0,1.0,1.0,0,0.0,5.0,-0.73783326,0.674983,-0.5,0.8660254,4,0,0,1,7184.0,1,6492.0,1,8183.0,1,7339.0,1,0.0,1,4966.0,1,6044.0,1,4032.0,6564.9194,6258.5083,692.0
657,2014-11-15,4854.0,659.0,1.0,0.0,0,0.0,6.0,-0.73783326,0.674983,-0.5,0.8660254,4,0,0,1,6341.0,1,7184.0,1,6331.0,1,6788.0,1,11078.0,1,6419.0,1,5710.0,1,3859.0,6475.3516,6276.84,-843.0
657,2014-11-16,0.0,0.0,0.0,0.0,0,0.0,7.0,-0.73783326,0.674983,-0.5,0.8660254,4,0,0,1,4854.0,1,6341.0,1,6492.0,1,5872.0,1,8420.0,1,8084.0,1,6202.0,1,4401.0,5826.811,5960.653,-1487.0
657,2014-11-17,5643.0,773.0,1.0,0.0,0,0.0,1.0,-0.65282214,0.75751126,-0.5,0.8660254,4,0,0,1,0.0,1,4854.0,1,7184.0,1,0.0,1,8034.0,1,0.0,1,5611.0,1,4448.0,3496.0867,4636.0635,-4854.0
657,2014-11-18,5021.0,687.0,1.0,0.0,0,0.0,2.0,-0.65282214,0.75751126,-0.5,0.8660254,4,0,0,1,5643.0,1,0.0,1,6341.0,1,8183.0,1,7339.0,1,0.0,1,4280.0,1,4144.0,4354.852,4859.827,5643.0
657,2014-11-19,5018.0,647.0,1.0,0.0,0,0.0,3.0,-0.65282214,0.75751126,-0.5,0.8660254,4,0,0,1,5021.0,1,5643.0,1,4854.0,1,6331.0,1,6788.0,1,11078.0,1,0.0,1,0.0,4621.311,4895.6436,-622.0
657,2014-11-20,4647.0,630.0,1.0,0.0,0,0.0,4.0,-0.65282214,0.75751126,-0.5,0.8660254,4,0,0,1,5018.0,1,5021.0,1,0.0,1,6492.0,1,5872.0,1,8420.0,1,4894.0,1,9726.0,4779.987,4922.8335,-3.0
657,2014-11-21,5065.0,672.0,1.0,0.0,0,0.0,5.0,-0.65282214,0.75751126,-0.5,0.8660254,4,0,0,1,4647.0,1,5018.0,1,5643.0,1,7184.0,1,0.0,1,8034.0,1,4770.0,1,12534.0,4726.792,4861.537,-371.0
657,2014-11-22,4764.0,673.0,1.0,0.0,0,0.0,6.0,-0.65282214,0.75751126,-0.5,0.8660254,4,0,0,1,5065.0,1,4647.0,1,5021.0,1,6341.0,1,8183.0,1,7339.0,1,4966.0,1,7786.0,4862.075,4906.7515,418.0
657,2014-11-23,0.0,0.0,0.0,0.0,0,0.0,7.0,-0.65282214,0.75751126,-0.5,0.8660254,4,0,0,1,4764.0,1,5065.0,1,5018.0,1,4854.0,1,6331.0,1,6788.0,1,6419.0,1,8052.0,4822.845,4875.029,-301.0
657,2014-11-24,9764.0,1015.0,1.0,1.0,0,0.0,1.0,-0.55864674,0.82940567,-0.5,0.8660254,4,0,0,1,0.0,1,4764.0,1,4647.0,1,0.0,1,6492.0,1,5872.0,1,8084.0,1,0.0,2893.707,3791.689,-4764.0
657,2014-11-25,7155.0,850.0,1.0,1.0,0,0.0,2.0,-0.55864674,0.82940567,-0.5,0.8660254,4,0,0,1,9764.0,1,0.0,1,5065.0,1,5643.0,1,7184.0,1,0.0,1,0.0,1,7026.0,5641.824,5118.869,9764.0
657,2014-11-26,6816.0,793.0,1.0,1.0,0,0.0,3.0,-0.55864674,0.82940567,-0.5,0.8660254,4,0,0,1,7155.0,1,9764.0,1,4764.0,1,5021.0,1,6341.0,1,8183.0,1,0.0,1,0.0,6247.0947,5571.343,-2609.0
657,2014-11-27,6781.0,773.0,1.0,1.0,0,0.0,4.0,-0.55864674,0.82940567,-0.5,0.8660254,4,0,0,1,6816.0,1,7155.0,1,0.0,1,5018.0,1,4854.0,1,6331.0,1,11078.0,1,10122.0,6474.6567,5847.933,-339.0
657,2014-11-28,10691.0,1062.0,1.0,1.0,0,0.0,5.0,-0.55864674,0.82940567,-0.5,0.8660254,4,0,0,1,6781.0,1,6816.0,1,9764.0,1,4647.0,1,0.0,1,6492.0,1,8420.0,1,7509.0,6597.194,6055.2812,-35.0
657,2014-11-29,7620.0,887.0,1.0,0.0,0,0.0,6.0,-0.55864674,0.82940567,-0.5,0.8660254,4,0,0,1,10691.0,1,6781.0,1,7155.0,1,5065.0,1,5643.0,1,7184.0,1,8034.0,1,5805.0,8234.717,7085.441,3910.0
657,2014-11-30,0.0,0.0,0.0,0.0,0,0.0,7.0,-0.55864674,0.82940567,-0.5,0.8660254,4,0,1,1,7620.0,1,10691.0,1,6816.0,1,4764.0,1,5021.0,1,6341.0,1,7339.0,1,7006.0,7988.83,7204.232,-3071.0
657,2014-12-01,11265.0,1198.0,1.0,1.0,0,0.0,1.0,-0.45662925,0.8896571,-2.4492937e-16,1.0,4,1,0,1,0.0,1,7620.0,1,6781.0,1,0.0,1,5018.0,1,4854.0,1,6788.0,1,6262.0,4793.298,5603.2915,-7620.0
657,2014-12-02,9549.0,984.0,1.0,1.0,0,0.0,2.0,-0.45662925,0.8896571,-2.4492937e-16,1.0,4,0,0,1,11265.0,1,0.0,1,10691.0,1,9764.0,1,4647.0,1,0.0,1,5872.0,1,4867.0,7381.9785,6861.4487,11265.0
657,2014-12-03,8334.0,921.0,1.0,1.0,0,0.0,3.0,-0.45662925,0.8896571,-2.4492937e-16,1.0,4,0,0,1,9549.0,1,11265.0,1,7620.0,1,7155.0,1,5065.0,1,5643.0,1,0.0,1,0.0,8248.787,7458.6826,-1716.0
657,2014-12-04,8524.0,942.0,1.0,1.0,0,0.0,4.0,-0.45662925,0.8896571,-2.4492937e-16,1.0,4,0,0,1,8334.0,1,9549.0,1,0.0,1,6816.0,1,4764.0,1,5021.0,1,8183.0,1,4533.0,8282.872,7653.1978,-1215.0
657,2014-12-05,8138.0,987.0,1.0,1.0,0,0.0,5.0,-0.45662925,0.8896571,-2.4492937e-16,1.0,4,0,0,1,8524.0,1,8334.0,1,11265.0,1,6781.0,1,0.0,1,5018.0,1,6331.0,1,4498.0,8379.323,7846.709,190.0
657,2014-12-06,6066.0,783.0,1.0,0.0,0,0.0,6.0,-0.45662925,0.8896571,-2.4492937e-16,1.0,4,0,0,1,8138.0,1,8524.0,1,9549.0,1,10691.0,1,9764.0,1,4647.0,1,6492.0,1,5014.0,8282.794,7911.4404,-386.0
657,2014-12-07,0.0,0.0,0.0,0.0,0,0.0,7.0,-0.45662925,0.8896571,-2.4492937e-16,1.0,4,0,0,1,6066.0,1,8138.0,1,8334.0,1,7620.0,1,7155.0,1,5065.0,1,7184.0,1,4436.0,7396.0767,7501.343,-2072.0
657,2014-12-08,5848.0,742.0,1.0,0.0,0,0.0,1.0,-0.34820163,0.93741965,-2.4492937e-16,1.0,4,0,0,1,0.0,1,6066.0,1,8524.0,1,0.0,1,6816.0,1,4764.0,1,6341.0,1,4513.0,4437.646,5834.3774,-6066.0
657,2014-12-09,5388.0,698.0,1.0,0.0,0,0.0,2.0,-0.34820163,0.93741965,-2.4492937e-16,1.0,4,0,0,1,5848.0,1,0.0,1,8138.0,1,11265.0,1,6781.0,1,0.0,1,4854.0,1,4475.0,5001.7876,5837.405,5848.0
657,2014-12-10,5056.0,694.0,1.0,0.0,0,0.0,3.0,-0.34820163,0.93741965,-2.4492937e-16,1.0,4,0,0,1,5388.0,1,5848.0,1,6066.0,1,9549.0,1,10691.0,1,9764.0,1,0.0,1,0.0,5156.2725,5737.537,-460.0
657,2014-12-11,4942.0,670.0,1.0,0.0,0,0.0,4.0,-0.34820163,0.93741965,-2.4492937e-16,1.0,4,0,0,1,5056.0,1,5388.0,1,0.0,1,8334.0,1,7620.0,1,7155.0,1,5643.0,1,8005.0,5116.1636,5586.0845,-332.0
657,2014-12-12,4825.0,623.0,1.0,0.0,0,0.0,5.0,-0.34820163,0.93741965,-2.4492937e-16,1.0,4,0,0,1,4942.0,1,5056.0,1,5848.0,1,8524.0,1,0.0,1,6816.0,1,5021.0,1,6044.0,5046.498,5442.9546,-114.0
657,2014-12-13,6467.0,858.0,1.0,0.0,0,0.0,6.0,-0.34820163,0.93741965,-2.4492937e-16,1.0,4,0,0,1,4825.0,1,4942.0,1,5388.0,1,8138.0,1,11265.0,1,6781.0,1,5018.0,1,5710.0,4957.899,5305.6313,-117.0
657,2014-12-14,0.0,0.0,0.0,0.0,0,0.0,7.0,-0.34820163,0.93741965,-2.4492937e-16,1.0,4,0,0,1,6467.0,1,4825.0,1,5056.0,1,6066.0,1,9549.0,1,10691.0,1,4647.0,1,6202.0,5561.5396,5563.7134,1642.0
657,2014-12-15,11571.0,1157.0,1.0,1.0,0,0.0,1.0,-0.23488605,0.9720229,-2.4492937e-16,1.0,4,0,0,1,0.0,1,6467.0,1,4942.0,1,0.0,1,8334.0,1,7620.0,1,5065.0,1,5611.0,3336.9236,4327.3325,-6467.0
657,2014-12-16,11516.0,1200.0,1.0,1.0,0,0.0,2.0,-0.23488605,0.9720229,-2.4492937e-16,1.0,4,0,0,1,11571.0,1,0.0,1,4825.0,1,5848.0,1,8524.0,1,0.0,1,4764.0,1,4280.0,6630.554,5937.0366,11571.0
657,2014-12-17,9018.0,955.0,1.0,1.0,0,0.0,3.0,-0.23488605,0.9720229,-2.4492937e-16,1.0,4,0,0,1,11516.0,1,11571.0,1,6467.0,1,5388.0,1,8138.0,1,11265.0,1,0.0,1,0.0,8584.732,7176.806,-55.0
657,2014-12-18,10218.0,1096.0,1.0,1.0,0,0.0,4.0,-0.23488605,0.9720229,-2.4492937e-16,1.0,4,0,0,1,9018.0,1,11516.0,1,0.0,1,5056.0,1,6066.0,1,9549.0,1,9764.0,1,4894.0,8758.039,7585.9604,-2498.0
657,2014-12-19,8090.0,925.0,1.0,1.0,0,0.0,5.0,-0.23488605,0.9720229,-2.4492937e-16,1.0,4,0,0,1,10218.0,1,9018.0,1,11571.0,1,4942.0,1,0.0,1,8334.0,1,7155.0,1,4770.0,9342.023,8170.858,1200.0
657,2014-12-20,8021.0,990.0,1.0,0.0,0,0.0,6.0,-0.23488605,0.9720229,-2.4492937e-16,1.0,4,0,0,1,8090.0,1,10218.0,1,11516.0,1,4825.0,1,5848.0,1,8524.0,1,6816.0,1,4966.0,8841.214,8152.8896,-2128.0
657,2014-12-21,0.0,0.0,0.0,0.0,0,0.0,7.0,-0.23488605,0.9720229,-2.4492937e-16,1.0,4,0,0,1,8021.0,1,8090.0,1,9018.0,1,6467.0,1,5388.0,1,8138.0,1,6781.0,1,6419.0,8513.129,8123.5806,-69.0
657,2014-12-22,12548.0,1423.0,1.0,0.0,0,1.0,1.0,-0.11827317,0.9929811,-2.4492937e-16,1.0,4,0,0,1,0.0,1,8021.0,1,10218.0,1,0.0,1,5056.0,1,6066.0,1,10691.0,1,8084.0,5107.877,6318.341,-8021.0
657,2014-12-23,9935.0,1223.0,1.0,0.0,0,1.0,2.0,-0.11827317,0.9929811,-2.4492937e-16,1.0,4,0,0,1,12548.0,1,0.0,1,8090.0,1,11571.0,1,4942.0,1,0.0,1,7620.0,1,0.0,8083.9263,7702.7095,12548.0
657,2014-12-24,3761.0,477.0,1.0,0.0,0,1.0,3.0,-0.11827317,0.9929811,-2.4492937e-16,1.0,4,0,0,1,9935.0,1,12548.0,1,8021.0,1,11516.0,1,4825.0,1,5848.0,1,0.0,1,0.0,8824.355,8198.774,-2613.0
657,2014-12-25,0.0,0.0,0.0,0.0,3,1.0,4.0,-0.11827317,0.9929811,-2.4492937e-16,1.0,4,0,0,1,3761.0,1,9935.0,1,0.0,1,9018.0,1,6467.0,1,5388.0,1,11265.0,1,11078.0,6799.0137,7212.602,-6174.0
657,2014-12-26,0.0,0.0,0.0,0.0,3,1.0,5.0,-0.11827317,0.9929811,-2.4492937e-16,1.0,4,0,0,1,0.0,1,3761.0,1,12548.0,1,10218.0,1,0.0,1,5056.0,1,9549.0,1,8420.0,4079.408,5609.802,-3761.0
657,2014-12-27,5003.0,644.0,1.0,0.0,0,0.0,6.0,-0.11827317,0.9929811,-2.4492937e-16,1.0,4,0,0,1,0.0,1,0.0,1,9935.0,1,8090.0,1,11571.0,1,4942.0,1,8334.0,1,8034.0,2447.6448,4363.179,0.0
657,2014-12-28,0.0,0.0,0.0,0.0,0,0.0,7.0,-0.11827317,0.9929811,-2.4492937e-16,1.0,4,0,0,1,5003.0,1,0.0,1,3761.0,1,8021.0,1,11516.0,1,4825.0,1,8524.0,1,7339.0,3469.7869,4505.3613,5003.0
657,2014-12-29,8182.0,983.0,1.0,0.0,0,1.0,1.0,0.11827317,0.9929811,-2.4492937e-16,1.0,4,0,0,1,0.0,1,5003.0,1,0.0,1,0.0,1,9018.0,1,6467.0,1,8138.0,1,6788.0,2081.872,3504.17,-5003.0
657,2014-12-30,10183.0,1116.0,1.0,0.0,0,1.0,2.0,0.11827317,0.9929811,-2.4492937e-16,1.0,4,0,0,1,8182.0,1,0.0,1,0.0,1,12548.0,1,10218.0,1,0.0,1,6066.0,1,5872.0,4521.9233,4543.688,8182.0
657,2014-12-31,4489.0,464.0,1.0,0.0,0,1.0,3.0,0.11827317,0.9929811,-2.4492937e-16,1.0,4,0,1,1,10183.0,1,8182.0,1,5003.0,1,9935.0,1,8090.0,1,11571.0,1,0.0,1,0.0,6786.354,5796.868,2001.0
657,2015-01-01,0.0,0.0,0.0,0.0,1,1.0,4.0,0.11827317,0.9929811,0.5,0.8660254,1,1,0,1,4489.0,1,10183.0,1,0.0,1,3761.0,1,8021.0,1,11516.0,1,5848.0,1,8183.0,5867.4126,5506.231,-5694.0
657,2015-01-02,7499.0,870.0,1.0,0.0,0,1.0,5.0,0.11827317,0.9929811,0.5,0.8660254,1,0,0,1,0.0,1,4489.0,1,8182.0,1,0.0,1,0.0,1,9018.0,1,5388.0,1,6331.0,3520.4475,4282.624,-4489.0
657,2015-01-03,4636.0,615.0,1.0,0.0,0,0.0,6.0,0.11827317,0.9929811,0.5,0.8660254,1,0,0,1,7499.0,1,0.0,1,10183.0,1,0.0,1,12548.0,1,10218.0,1,5056.0,1,6492.0,5111.8687,4997.374,7499.0
657,2015-01-04,0.0,0.0,0.0,0.0,0,0.0,7.0,0.11827317,0.9929811,0.5,0.8660254,1,0,0,1,4636.0,1,7499.0,1,4489.0,1,5003.0,1,9935.0,1,8090.0,1,4942.0,1,7184.0,4921.521,4917.069,-2863.0
657,2015-01-05,10142.0,1139.0,1.0,1.0,0,1.0,1.0,0.23488605,0.9720229,0.5,0.8660254,1,0,0,1,0.0,1,4636.0,1,0.0,1,0.0,1,3761.0,1,8021.0,1,4825.0,1,6341.0,2952.9126,3824.387,-4636.0
657,2015-01-06,7815.0,913.0,1.0,1.0,0,1.0,2.0,0.23488605,0.9720229,0.5,0.8660254,1,0,0,1,10142.0,1,0.0,1,7499.0,1,8182.0,1,0.0,1,0.0,1,6467.0,1,4854.0,5828.5474,5228.301,10142.0
657,2015-01-07,7487.0,836.0,1.0,1.0,0,0.0,3.0,0.23488605,0.9720229,0.5,0.8660254,1,0,0,1,7815.0,1,10142.0,1,4636.0,1,10183.0,1,0.0,1,12548.0,1,0.0,1,0.0,6623.1284,5803.123,-2327.0
657,2015-01-08,5146.0,615.0,1.0,1.0,0,0.0,4.0,0.23488605,0.9720229,0.5,0.8660254,1,0,0,1,7487.0,1,7815.0,1,0.0,1,4489.0,1,5003.0,1,9935.0,1,11571.0,1,5643.0,6968.6772,6177.318,-328.0
657,2015-01-09,6628.0,761.0,1.0,1.0,0,0.0,5.0,0.23488605,0.9720229,0.5,0.8660254,1,0,0,1,5146.0,1,7487.0,1,10142.0,1,0.0,1,0.0,1,3761.0,1,11516.0,1,5021.0,6239.6064,5948.136,-2341.0
657,2015-01-10,4501.0,588.0,1.0,0.0,0,0.0,6.0,0.23488605,0.9720229,0.5,0.8660254,1,0,0,1,6628.0,1,5146.0,1,7815.0,1,7499.0,1,8182.0,1,0.0,1,9018.0,1,5018.0,6394.964,6099.217,1482.0
657,2015-01-11,0.0,0.0,0.0,0.0,0,0.0,7.0,0.23488605,0.9720229,0.5,0.8660254,1,0,0,1,4501.0,1,6628.0,1,7487.0,1,4636.0,1,10183.0,1,0.0,1,10218.0,1,4647.0,5637.3784,5744.0576,-2127.0
657,2015-01-12,8361.0,893.0,1.0,1.0,0,0.0,1.0,0.34820163,0.93741965,0.5,0.8660254,1,0,0,1,0.0,1,4501.0,1,5146.0,1,0.0,1,4489.0,1,5003.0,1,8090.0,1,5065.0,3382.427,4467.6006,-4501.0
657,2015-01-13,6934.0,754.0,1.0,1.0,0,0.0,2.0,0.34820163,0.93741965,0.5,0.8660254,1,0,0,1,8361.0,1,0.0,1,6628.0,1,10142.0,1,0.0,1,0.0,1,8021.0,1,4764.0,5373.856,5332.8003,8361.0
657,2015-01-14,6038.0,752.0,1.0,1.0,0,0.0,3.0,0.34820163,0.93741965,0.5,0.8660254,1,0,0,1,6934.0,1,8361.0,1,4501.0,1,7815.0,1,7499.0,1,8182.0,1,0.0,1,0.0,5997.9136,5688.6226,-1427.0
657,2015-01-15,5486.0,689.0,1.0,1.0,0,0.0,4.0,0.34820163,0.93741965,0.5,0.8660254,1,0,0,1,6038.0,1,6934.0,1,0.0,1,7487.0,1,4636.0,1,10183.0,1,12548.0,1,9764.0,6013.948,5766.2617,-896.0
657,2015-01-16,6752.0,809.0,1.0,1.0,0,0.0,5.0,0.34820163,0.93741965,0.5,0.8660254,1,0,0,1,5486.0,1,6038.0,1,8361.0,1,5146.0,1,0.0,1,4489.0,1,9935.0,1,7155.0,5802.769,5703.9814,-552.0
657,2015-01-17,5170.0,694.0,1.0,0.0,0,0.0,6.0,0.34820163,0.93741965,0.5,0.8660254,1,0,0,1,6752.0,1,5486.0,1,6934.0,1,6628.0,1,10142.0,1,0.0,1,3761.0,1,6816.0,6182.4614,5936.8745,1266.0
657,2015-01-18,0.0,0.0,0.0,0.0,0,0.0,7.0,0.34820163,0.93741965,0.5,0.8660254,1,0,0,1,5170.0,1,6752.0,1,6038.0,1,4501.0,1,7815.0,1,7499.0,1,0.0,1,6781.0,5777.477,5766.458,-1582.0
657,2015-01-19,4840.0,656.0,1.0,0.0,0,0.0,1.0,0.45662925,0.8896571,0.5,0.8660254,1,0,0,1,0.0,1,5170.0,1,5486.0,1,0.0,1,7487.0,1,4636.0,1,0.0,1,10691.0,3466.486,4485.023,-5170.0
657,2015-01-20,4020.0,586.0,1.0,0.0,0,0.0,2.0,0.45662925,0.8896571,0.5,0.8660254,1,0,0,1,4840.0,1,0.0,1,6752.0,1,8361.0,1,5146.0,1,0.0,1,5003.0,1,7620.0,4015.8916,4563.9067,4840.0
657,2015-01-21,5015.0,613.0,1.0,0.0,0,0.0,3.0,0.45662925,0.8896571,0.5,0.8660254,1,0,0,1,4020.0,1,4840.0,1,5170.0,1,6934.0,1,6628.0,1,10142.0,1,0.0,1,0.0,4017.535,4443.0386,-820.0
657,2015-01-22,4567.0,575.0,1.0,0.0,0,0.0,4.0,0.45662925,0.8896571,0.5,0.8660254,1,0,0,1,5015.0,1,4020.0,1,0.0,1,6038.0,1,4501.0,1,7815.0,1,8182.0,1,11265.0,4416.521,4570.141,995.0
657,2015-01-23,4760.0,595.0,1.0,0.0,0,0.0,5.0,0.45662925,0.8896571,0.5,0.8660254,1,0,0,1,4567.0,1,5015.0,1,4840.0,1,5486.0,1,0.0,1,7487.0,1,10183.0,1,9549.0,4476.7124,4569.443,-448.0
657,2015-01-24,3807.0,511.0,1.0,0.0,0,0.0,6.0,0.45662925,0.8896571,0.5,0.8660254,1,0,0,1,4760.0,1,4567.0,1,4020.0,1,6752.0,1,8361.0,1,5146.0,1,4489.0,1,8334.0,4590.0273,4611.789,193.0
657,2015-01-25,0.0,0.0,0.0,0.0,0,0.0,7.0,0.45662925,0.8896571,0.5,0.8660254,1,0,0,1,3807.0,1,4760.0,1,5015.0,1,5170.0,1,6934.0,1,6628.0,1,0.0,1,8524.0,4276.8164,4432.9473,-953.0
657,2015-01-26,7413.0,852.0,1.0,1.0,0,0.0,1.0,0.55864674,0.82940567,0.5,0.8660254,1,0,0,1,0.0,1,3807.0,1,4567.0,1,0.0,1,6038.0,1,4501.0,1,7499.0,1,8138.0,2566.0898,3447.8477,-3807.0
657,2015-01-27,6887.0,812.0,1.0,1.0,0,0.0,2.0,0.55864674,0.82940567,0.5,0.8660254,1,0,0,1,7413.0,1,0.0,1,4760.0,1,4840.0,1,5486.0,1,0.0,1,4636.0,1,6066.0,4504.854,4328.9927,7413.0
657,2015-01-28,6779.0,721.0,1.0,1.0,0,0.0,3.0,0.55864674,0.82940567,0.5,0.8660254,1,0,0,1,6887.0,1,7413.0,1,3807.0,1,4020.0,1,6752.0,1,8361.0,1,0.0,1,0.0,5457.7124,4897.439,-526.0
657,2015-01-29,6588.0,753.0,1.0,1.0,0,0.0,4.0,0.55864674,0.82940567,0.5,0.8660254,1,0,0,1,6779.0,1,6887.0,1,0.0,1,5015.0,1,5170.0,1,6934.0,1,10142.0,1,5848.0,5986.2275,5315.5635,-108.0
657,2015-01-30,10525.0,1050.0,1.0,1.0,0,0.0,5.0,0.55864674,0.82940567,0.5,0.8660254,1,0,0,1,6588.0,1,6779.0,1,7413.0,1,4567.0,1,0.0,1,6038.0,1,7815.0,1,5388.0,6226.9365,5598.327,-191.0
657,2015-01-31,7257.0,855.0,1.0,0.0,0,0.0,6.0,0.55864674,0.82940567,0.5,0.8660254,1,0,1,1,10525.0,1,6588.0,1,6887.0,1,4760.0,1,4840.0,1,5486.0,1,7487.0,1,5056.0,7946.162,6693.1436,3937.0
657,2015-02-01,0.0,0.0,0.0,0.0,0,0.0,7.0,0.55864674,0.82940567,0.8660254,0.5,1,1,0,1,7257.0,1,10525.0,1,6779.0,1,3807.0,1,4020.0,1,6752.0,1,5146.0,1,4942.0,7670.497,6818.445,-3268.0
657,2015-02-02,10058.0,1064.0,1.0,1.0,0,0.0,1.0,0.65282214,0.75751126,0.8660254,0.5,1,0,0,1,0.0,1,7257.0,1,6588.0,1,0.0,1,5015.0,1,5170.0,1,6628.0,1,4825.0,4602.2983,5303.235,-7257.0
657,2015-02-03,7474.0,924.0,1.0,1.0,0,0.0,2.0,0.65282214,0.75751126,0.8660254,0.5,1,0,0,1,10058.0,1,0.0,1,10525.0,1,7413.0,1,4567.0,1,0.0,1,4501.0,1,6467.0,6784.579,6359.849,10058.0
657,2015-02-04,8134.0,878.0,1.0,1.0,0,0.0,3.0,0.65282214,0.75751126,0.8660254,0.5,1,0,0,1,7474.0,1,10058.0,1,7257.0,1,6887.0,1,4760.0,1,4840.0,1,0.0,1,0.0,7060.347,6607.4385,-2584.0
657,2015-02-05,6794.0,801.0,1.0,1.0,0,0.0,4.0,0.65282214,0.75751126,0.8660254,0.5,1,0,0,1,8134.0,1,7474.0,1,0.0,1,6779.0,1,3807.0,1,4020.0,1,8361.0,1,11571.0,7489.8086,6946.6743,660.0
657,2015-02-06,6298.0,821.0,1.0,1.0,0,0.0,5.0,0.65282214,0.75751126,0.8660254,0.5,1,0,0,1,6794.0,1,8134.0,1,10058.0,1,6588.0,1,0.0,1,5015.0,1,6934.0,1,11516.0,7211.485,6912.7466,-1340.0
657,2015-02-07,4957.0,698.0,1.0,0.0,0,0.0,6.0,0.65282214,0.75751126,0.8660254,0.5,1,0,0,1,6298.0,1,6794.0,1,7474.0,1,10525.0,1,7413.0,1,4567.0,1,6038.0,1,9018.0,6846.091,6776.136,-496.0
657,2015-02-08,0.0,0.0,0.0,0.0,0,0.0,7.0,0.65282214,0.75751126,0.8660254,0.5,1,0,0,1,4957.0,1,6298.0,1,8134.0,1,7257.0,1,6887.0,1,4760.0,1,5486.0,1,10218.0,6090.4546,6371.884,-1341.0
657,2015-02-09,5104.0,722.0,1.0,0.0,0,0.0,1.0,0.73783326,0.674983,0.8660254,0.5,1,0,0,1,0.0,1,4957.0,1,6794.0,1,0.0,1,6779.0,1,3807.0,1,6752.0,1,8090.0,3654.2727,4955.9097,-4957.0
657,2015-02-10,5324.0,706.0,1.0,0.0,0,0.0,2.0,0.73783326,0.674983,0.8660254,0.5,1,0,0,1,5104.0,1,0.0,1,6298.0,1,10058.0,1,6588.0,1,0.0,1,5170.0,1,8021.0,4234.1636,4988.8184,5104.0
657,2015-02-11,5280.0,743.0,1.0,0.0,0,0.0,3.0,0.73783326,0.674983,0.8660254,0.5,1,0,0,1,5324.0,1,5104.0,1,4957.0,1,7474.0,1,10525.0,1,7413.0,1,0.0,1,0.0,4670.098,5063.303,220.0
657,2015-02-12,2791.0,397.0,1.0,0.0,0,0.0,4.0,0.73783326,0.674983,0.8660254,0.5,1,0,0,1,5280.0,1,5324.0,1,0.0,1,8134.0,1,7257.0,1,6887.0,1,4840.0,1,12548.0,4914.059,5111.458,-44.0
657,2015-02-13,5918.0,765.0,1.0,0.0,0,0.0,5.0,0.73783326,0.674983,0.8660254,0.5,1,0,0,1,2791.0,1,5280.0,1,5104.0,1,6794.0,1,0.0,1,6779.0,1,4020.0,1,9935.0,4064.8354,4595.801,-2489.0
657,2015-02-14,4941.0,710.0,1.0,0.0,0,0.0,6.0,0.73783326,0.674983,0.8660254,0.5,1,0,0,1,5918.0,1,2791.0,1,5324.0,1,6298.0,1,10058.0,1,6588.0,1,5015.0,1,3761.0,4806.101,4889.623,3127.0
657,2015-02-15,0.0,0.0,0.0,0.0,0,0.0,7.0,0.73783326,0.674983,0.8660254,0.5,1,0,0,1,4941.0,1,5918.0,1,5280.0,1,4957.0,1,7474.0,1,10525.0,1,4567.0,1,0.0,4860.0605,4901.04,-977.0
657,2015-02-16,6987.0,679.0,1.0,1.0,0,0.0,1.0,0.8124869,0.5829795,0.8660254,0.5,1,0,0,1,0.0,1,4941.0,1,2791.0,1,0.0,1,8134.0,1,7257.0,1,4760.0,1,0.0,2916.0364,3811.92,-4941.0
657,2015-02-17,0.0,0.0,0.0,1.0,0,0.0,2.0,0.8124869,0.5829795,0.8660254,0.5,1,0,0,1,6987.0,1,0.0,1,5918.0,1,5104.0,1,6794.0,1,0.0,1,3807.0,1,5003.0,4544.422,4517.493,6987.0
657,2015-02-18,9174.0,898.0,1.0,1.0,0,0.0,3.0,0.8124869,0.5829795,0.8660254,0.5,1,0,0,1,0.0,1,6987.0,1,4941.0,1,5324.0,1,6298.0,1,10058.0,1,0.0,1,0.0,2726.653,3513.606,-6987.0
657,2015-02-19,6731.0,852.0,1.0,1.0,0,0.0,4.0,0.8124869,0.5829795,0.8660254,0.5,1,0,0,1,9174.0,1,0.0,1,0.0,1,5280.0,1,4957.0,1,7474.0,1,7413.0,1,8182.0,5305.592,4771.471,9174.0
657,2015-02-20,6177.0,718.0,1.0,1.0,0,0.0,5.0,0.8124869,0.5829795,0.8660254,0.5,1,0,0,1,6731.0,1,9174.0,1,6987.0,1,2791.0,1,0.0,1,8134.0,1,6887.0,1,10183.0,5875.755,5206.922,-2443.0
657,2015-02-21,4698.0,649.0,1.0,0.0,0,0.0,6.0,0.8124869,0.5829795,0.8660254,0.5,1,0,0,1,6177.0,1,6731.0,1,0.0,1,5918.0,1,5104.0,1,6794.0,1,6779.0,1,4489.0,5996.253,5422.495,-554.0
657,2015-02-22,0.0,0.0,0.0,0.0,0,0.0,7.0,0.8124869,0.5829795,0.8660254,0.5,1,0,0,1,4698.0,1,6177.0,1,9174.0,1,4941.0,1,5324.0,1,6298.0,1,6588.0,1,0.0,5476.9517,5261.496,-1479.0
657,2015-02-23,4243.0,630.0,1.0,0.0,0,0.0,1.0,0.8757349,0.4827922,0.8660254,0.5,1,0,0,1,0.0,1,4698.0,1,6731.0,1,0.0,1,5280.0,1,4957.0,1,10525.0,1,7499.0,3286.1711,4092.2747,-4698.0
657,2015-02-24,3901.0,594.0,1.0,0.0,0,0.0,2.0,0.8757349,0.4827922,0.8660254,0.5,1,0,0,1,4243.0,1,0.0,1,6177.0,1,6987.0,1,2791.0,1,0.0,1,7257.0,1,4636.0,3668.9026,4125.769,4243.0
657,2015-02-25,4111.0,614.0,1.0,0.0,0,0.0,3.0,0.8757349,0.4827922,0.8660254,0.5,1,0,0,1,3901.0,1,4243.0,1,4698.0,1,0.0,1,5918.0,1,5104.0,1,0.0,1,0.0,3761.7417,4075.8206,-342.0
657,2015-02-26,4721.0,651.0,1.0,0.0,0,0.0,4.0,0.8757349,0.4827922,0.8660254,0.5,1,0,0,1,4111.0,1,3901.0,1,0.0,1,9174.0,1,4941.0,1,5324.0,1,10058.0,1,10142.0,3901.445,4083.6382,210.0
657,2015-02-27,7514.0,892.0,1.0,0.0,0,0.0,5.0,0.8757349,0.4827922,0.8660254,0.5,1,0,0,1,4721.0,1,4111.0,1,4243.0,1,6731.0,1,0.0,1,5280.0,1,7474.0,1,7815.0,4229.267,4225.274,610.0
657,2015-02-28,6938.0,862.0,1.0,0.0,0,0.0,6.0,0.8757349,0.4827922,0.8660254,0.5,1,0,1,1,7514.0,1,4721.0,1,3901.0,1,6177.0,1,6987.0,1,2791.0,1,8134.0,1,7487.0,5543.16,4956.102,2793.0
657,2015-03-01,0.0,0.0,0.0,0.0,0,0.0,7.0,0.8757349,0.4827922,1.0,6.123234e-17,1,1,0,1,6938.0,1,7514.0,1,4111.0,1,4698.0,1,0.0,1,5918.0,1,6794.0,1,5146.0,6101.096,5396.524,-576.0
657,2015-03-02,11048.0,1193.0,1.0,1.0,0,0.0,1.0,0.9266896,0.37582758,1.0,6.123234e-17,1,0,0,1,0.0,1,6938.0,1,4721.0,1,0.0,1,9174.0,1,4941.0,1,6298.0,1,6628.0,3660.6577,4197.2964,-6938.0
657,2015-03-03,8375.0,920.0,1.0,1.0,0,0.0,2.0,0.9266896,0.37582758,1.0,6.123234e-17,1,0,0,1,11048.0,1,0.0,1,7514.0,1,4243.0,1,6731.0,1,0.0,1,4957.0,1,4501.0,6615.5947,5719.675,11048.0
657,2015-03-04,7837.0,871.0,1.0,1.0,0,0.0,3.0,0.9266896,0.37582758,1.0,6.123234e-17,1,0,0,1,8375.0,1,11048.0,1,6938.0,1,3901.0,1,6177.0,1,6987.0,1,0.0,1,0.0,7319.357,6309.747,-2673.0
657,2015-03-05,7111.0,839.0,1.0,1.0,0,0.0,4.0,0.9266896,0.37582758,1.0,6.123234e-17,1,0,0,1,7837.0,1,8375.0,1,0.0,1,4111.0,1,4698.0,1,0.0,1,5104.0,1,8361.0,7526.414,6649.1367,-538.0
657,2015-03-06,7610.0,925.0,1.0,1.0,0,0.0,5.0,0.9266896,0.37582758,1.0,6.123234e-17,1,0,0,1,7111.0,1,7837.0,1,11048.0,1,4721.0,1,0.0,1,9174.0,1,5324.0,1,6934.0,7360.2485,6751.773,-726.0
657,2015-03-07,5047.0,697.0,1.0,0.0,0,0.0,6.0,0.9266896,0.37582758,1.0,6.123234e-17,1,0,0,1,7610.0,1,7111.0,1,8375.0,1,7514.0,1,4243.0,1,6731.0,1,5280.0,1,6038.0,7460.149,6942.49,499.0
657,2015-03-08,0.0,0.0,0.0,0.0,0,0.0,7.0,0.9266896,0.37582758,1.0,6.123234e-17,1,0,0,1,5047.0,1,7610.0,1,7837.0,1,6938.0,1,3901.0,1,6177.0,1,2791.0,1,5486.0,6494.8896,6521.27,-2563.0
657,2015-03-09,5493.0,694.0,1.0,0.0,0,0.0,1.0,0.9646356,0.26358718,1.0,6.123234e-17,1,0,0,1,0.0,1,5047.0,1,7111.0,1,0.0,1,4111.0,1,4698.0,1,5918.0,1,6752.0,3896.9336,5072.099,-5047.0
657,2015-03-10,4956.0,721.0,1.0,0.0,0,0.0,2.0,0.9646356,0.26358718,1.0,6.123234e-17,1,0,0,1,5493.0,1,0.0,1,7610.0,1,11048.0,1,4721.0,1,0.0,1,4941.0,1,5170.0,4535.3604,5165.6323,5493.0
657,2015-03-11,5118.0,682.0,1.0,0.0,0,0.0,3.0,0.9646356,0.26358718,1.0,6.123234e-17,1,0,0,1,4956.0,1,5493.0,1,5047.0,1,8375.0,1,7514.0,1,4243.0,1,0.0,1,0.0,4703.616,5119.0474,-537.0
657,2015-03-12,5377.0,682.0,1.0,0.0,0,0.0,4.0,0.9646356,0.26358718,1.0,6.123234e-17,1,0,0,1,5118.0,1,4956.0,1,0.0,1,7837.0,1,6938.0,1,3901.0,1,6987.0,1,4840.0,4869.3696,5118.815,162.0
657,2015-03-13,4928.0,695.0,1.0,0.0,0,0.0,5.0,0.9646356,0.26358718,1.0,6.123234e-17,1,0,0,1,5377.0,1,5118.0,1,5493.0,1,7111.0,1,0.0,1,4111.0,1,0.0,1,4020.0,5072.422,5176.1895,259.0
657,2015-03-14,5445.0,708.0,1.0,0.0,0,0.0,6.0,0.9646356,0.26358718,1.0,6.123234e-17,1,0,0,1,4928.0,1,5377.0,1,4956.0,1,7610.0,1,11048.0,1,4721.0,1,9174.0,1,5015.0,5014.6533,5121.036,-449.0
657,2015-03-15,0.0,0.0,0.0,0.0,0,0.0,7.0,0.9646356,0.26358718,1.0,6.123234e-17,1,0,0,1,5445.0,1,4928.0,1,5118.0,1,5047.0,1,8375.0,1,7514.0,1,6731.0,1,4567.0,5186.792,5193.028,517.0
657,2015-03-16,10288.0,1080.0,1.0,1.0,0,0.0,1.0,0.9890402,0.14764656,1.0,6.123234e-17,1,0,0,1,0.0,1,5445.0,1,5377.0,1,0.0,1,7837.0,1,6938.0,1,6177.0,1,4760.0,3112.0752,4039.0217,-5445.0
657,2015-03-17,7970.0,927.0,1.0,1.0,0,0.0,2.0,0.9890402,0.14764656,1.0,6.123234e-17,1,0,0,1,10288.0,1,0.0,1,4928.0,1,5493.0,1,7111.0,1,0.0,1,4698.0,1,3807.0,5982.445,5427.6836,10288.0
657,2015-03-18,6524.0,792.0,1.0,1.0,0,0.0,3.0,0.9890402,0.14764656,1.0,6.123234e-17,1,0,0,1,7970.0,1,10288.0,1,5445.0,1,4956.0,1,7610.0,1,11048.0,1,0.0,1,0.0,6777.467,5992.643,-2318.0
657,2015-03-19,6902.0,878.0,1.0,1.0,0,0.0,4.0,0.9890402,0.14764656,1.0,6.123234e-17,1,0,0,1,6524.0,1,7970.0,1,0.0,1,5118.0,1,5047.0,1,8375.0,1,4243.0,1,7413.0,6676.08,6110.722,-1446.0
657,2015-03-20,7424.0,893.0,1.0,1.0,0,0.0,5.0,0.9890402,0.14764656,1.0,6.123234e-17,1,0,0,1,6902.0,1,6524.0,1,10288.0,1,5377.0,1,0.0,1,7837.0,1,3901.0,1,6887.0,6766.448,6286.5615,378.0
657,2015-03-21,5185.0,674.0,1.0,0.0,0,0.0,6.0,0.9890402,0.14764656,1.0,6.123234e-17,1,0,0,1,7424.0,1,6902.0,1,7970.0,1,4928.0,1,5493.0,1,7111.0,1,4111.0,1,6779.0,7029.4688,6539.3257,522.0
657,2015-03-22,0.0,0.0,0.0,0.0,0,0.0,7.0,0.9890402,0.14764656,1.0,6.123234e-17,1,0,0,1,5185.0,1,7424.0,1,6524.0,1,5445.0,1,4956.0,1,7610.0,1,4721.0,1,6588.0,6291.681,6238.3643,-2239.0
657,2015-03-23,6961.0,899.0,1.0,0.0,0,0.0,1.0,0.99956083,0.029633328,1.0,6.123234e-17,1,0,0,1,0.0,1,5185.0,1,6902.0,1,0.0,1,5118.0,1,5047.0,1,7514.0,1,10525.0,3775.0088,4852.061,-5185.0
657,2015-03-24,6180.0,786.0,1.0,0.0,0,0.0,2.0,0.99956083,0.029633328,1.0,6.123234e-17,1,0,0,1,6961.0,1,0.0,1,7424.0,1,10288.0,1,5377.0,1,0.0,1,6938.0,1,7257.0,5049.4053,5320.7144,6961.0
657,2015-03-25,4909.0,693.0,1.0,0.0,0,0.0,3.0,0.99956083,0.029633328,1.0,6.123234e-17,1,0,0,1,6180.0,1,6961.0,1,5185.0,1,7970.0,1,4928.0,1,5493.0,1,0.0,1,0.0,5501.643,5511.6665,-781.0
657,2015-03-26,3556.0,546.0,1.0,0.0,0,0.0,4.0,0.99956083,0.029633328,1.0,6.123234e-17,1,0,0,1,4909.0,1,6180.0,1,0.0,1,6524.0,1,5445.0,1,4956.0,1,11048.0,1,10058.0,5264.586,5377.7407,-1271.0
657,2015-03-27,4560.0,661.0,1.0,0.0,0,0.0,5.0,0.99956083,0.029633328,1.0,6.123234e-17,1,0,0,1,3556.0,1,4909.0,1,6961.0,1,6902.0,1,0.0,1,5118.0,1,8375.0,1,7474.0,4581.1514,4972.9097,-1353.0
657,2015-03-28,5059.0,684.0,1.0,0.0,0,0.0,6.0,0.99956083,0.029633328,1.0,6.123234e-17,1,0,0,1,4560.0,1,3556.0,1,6180.0,1,7424.0,1,10288.0,1,5377.0,1,7837.0,1,8134.0,4572.691,4881.152,1004.0
657,2015-03-29,0.0,0.0,0.0,0.0,0,0.0,7.0,0.99956083,0.029633328,1.0,6.123234e-17,1,0,0,1,5059.0,1,4560.0,1,4909.0,1,5185.0,1,7970.0,1,4928.0,1,7111.0,1,6794.0,4767.2144,4920.674,499.0
657,2015-03-30,10596.0,1042.0,1.0,1.0,0,1.0,1.0,0.9960498,-0.08879589,1.0,6.123234e-17,1,0,0,1,0.0,1,5059.0,1,3556.0,1,0.0,1,6524.0,1,5445.0,1,7610.0,1,6298.0,2860.3286,3827.1907,-5059.0
657,2015-03-31,13499.0,1100.0,1.0,1.0,0,1.0,2.0,0.9960498,-0.08879589,1.0,6.123234e-17,1,0,1,1,10596.0,1,0.0,1,4560.0,1,6961.0,1,6902.0,1,0.0,1,5047.0,1,4957.0,5954.597,5331.3706,10596.0
657,2015-04-01,9230.0,1069.0,1.0,1.0,0,1.0,3.0,0.9960498,-0.08879589,0.8660254,-0.5,2,1,0,1,13499.0,1,10596.0,1,5059.0,1,6180.0,1,7424.0,1,10288.0,1,0.0,1,0.0,8972.358,7146.3994,2903.0
657,2015-04-02,9463.0,1092.0,1.0,1.0,0,1.0,4.0,0.9960498,-0.08879589,0.8660254,-0.5,2,0,0,1,9230.0,1,13499.0,1,0.0,1,4909.0,1,5185.0,1,7970.0,1,5493.0,1,5104.0,9075.415,7609.422,-4269.0
657,2015-04-03,0.0,0.0,0.0,1.0,2,1.0,5.0,0.9960498,-0.08879589,0.8660254,-0.5,2,0,0,1,9463.0,1,9230.0,1,10596.0,1,3556.0,1,0.0,1,6524.0,1,4956.0,1,5324.0,9230.449,8021.328,233.0
657,2015-04-04,8420.0,1013.0,1.0,0.0,0,0.0,6.0,0.9960498,-0.08879589,0.8660254,-0.5,2,0,0,1,0.0,1,9463.0,1,13499.0,1,4560.0,1,6961.0,1,6902.0,1,5118.0,1,5280.0,5538.2695,6238.8105,-9463.0
657,2015-04-05,0.0,0.0,0.0,0.0,0,0.0,7.0,0.9960498,-0.08879589,0.8660254,-0.5,2,0,0,1,8420.0,1,0.0,1,9230.0,1,5059.0,1,6180.0,1,7424.0,1,5377.0,1,2791.0,6690.9614,6723.5195,8420.0
657,2015-04-06,0.0,0.0,0.0,0.0,2,1.0,1.0,0.9785565,-0.20597862,0.8660254,-0.5,2,0,0,1,0.0,1,8420.0,1,9463.0,1,0.0,1,4909.0,1,5185.0,1,4928.0,1,5918.0,4014.577,5229.404,-8420.0
657,2015-04-07,5597.0,861.0,1.0,0.0,0,1.0,2.0,0.9785565,-0.20597862,0.8660254,-0.5,2,0,0,1,0.0,1,0.0,1,0.0,1,10596.0,1,3556.0,1,0.0,1,5445.0,1,4941.0,2408.746,4067.3142,0.0
657,2015-04-08,5302.0,801.0,1.0,0.0,0,1.0,3.0,0.9785565,-0.20597862,0.8660254,-0.5,2,0,0,1,5597.0,1,0.0,1,8420.0,1,13499.0,1,4560.0,1,6961.0,1,0.0,1,0.0,3684.0476,4407.244,5597.0
657,2015-04-09,5490.0,836.0,1.0,0.0,0,1.0,4.0,0.9785565,-0.20597862,0.8660254,-0.5,2,0,0,1,5302.0,1,5597.0,1,0.0,1,9230.0,1,5059.0,1,6180.0,1,10288.0,1,6987.0,4331.2285,4606.079,-295.0
657,2015-04-10,6531.0,901.0,1.0,0.0,0,1.0,5.0,0.9785565,-0.20597862,0.8660254,-0.5,2,0,0,1,5490.0,1,5302.0,1,0.0,1,9463.0,1,0.0,1,4909.0,1,7970.0,1,0.0,4794.7373,4802.506,188.0
657,2015-04-11,5701.0,799.0,1.0,0.0,0,0.0,6.0,0.9785565,-0.20597862,0.8660254,-0.5,2,0,0,1,6531.0,1,5490.0,1,5597.0,1,0.0,1,10596.0,1,3556.0,1,6524.0,1,9174.0,5489.242,5186.6157,1041.0
657,2015-04-12,0.0,0.0,0.0,0.0,0,0.0,7.0,0.9785565,-0.20597862,0.8660254,-0.5,2,0,0,1,5701.0,1,6531.0,1,5302.0,1,8420.0,1,13499.0,1,4560.0,1,6902.0,1,6731.0,5573.9453,5300.9233,-830.0
657,2015-04-13,10218.0,1168.0,1.0,1.0,0,0.0,1.0,0.94732636,-0.32026985,0.8660254,-0.5,2,0,0,1,0.0,1,5701.0,1,5490.0,1,0.0,1,9230.0,1,5059.0,1,7424.0,1,6177.0,3344.3672,4122.9404,-5701.0
657,2015-04-14,8291.0,1008.0,1.0,1.0,0,0.0,2.0,0.94732636,-0.32026985,0.8660254,-0.5,2,0,0,1,10218.0,1,0.0,1,6531.0,1,0.0,1,9463.0,1,0.0,1,5185.0,1,4698.0,6093.8203,5477.398,10218.0
657,2015-04-15,7250.0,903.0,1.0,1.0,0,0.0,3.0,0.94732636,-0.32026985,0.8660254,-0.5,2,0,0,1,8291.0,1,10218.0,1,5701.0,1,5597.0,1,0.0,1,10596.0,1,0.0,1,0.0,6972.6924,6102.643,-1927.0
657,2015-04-16,7582.0,924.0,1.0,1.0,0,0.0,4.0,0.94732636,-0.32026985,0.8660254,-0.5,2,0,0,1,7250.0,1,8291.0,1,0.0,1,5302.0,1,8420.0,1,13499.0,1,6961.0,1,4243.0,7083.615,6357.6113,-1041.0
657,2015-04-17,7637.0,926.0,1.0,1.0,0,0.0,5.0,0.94732636,-0.32026985,0.8660254,-0.5,2,0,0,1,7582.0,1,7250.0,1,10218.0,1,5490.0,1,0.0,1,9230.0,1,6180.0,1,3901.0,7282.969,6629.6978,332.0
657,2015-04-18,5721.0,774.0,1.0,0.0,0,0.0,6.0,0.94732636,-0.32026985,0.8660254,-0.5,2,0,0,1,7637.0,1,7582.0,1,8291.0,1,6531.0,1,0.0,1,9463.0,1,4909.0,1,4111.0,7424.5815,6853.5425,55.0
657,2015-04-19,0.0,0.0,0.0,0.0,0,0.0,7.0,0.94732636,-0.32026985,0.8660254,-0.5,2,0,0,1,5721.0,1,7637.0,1,7250.0,1,5701.0,1,5597.0,1,0.0,1,3556.0,1,4721.0,6743.149,6601.866,-1916.0
657,2015-04-20,5957.0,817.0,1.0,0.0,0,0.0,1.0,0.9027978,-0.4300652,0.8660254,-0.5,2,0,0,1,0.0,1,5721.0,1,7582.0,1,0.0,1,5302.0,1,8420.0,1,4560.0,1,7514.0,4045.8894,5134.785,-5721.0
657,2015-04-21,5558.0,831.0,1.0,0.0,0,0.0,2.0,0.9027978,-0.4300652,0.8660254,-0.5,2,0,0,1,5957.0,1,0.0,1,7637.0,1,10218.0,1,5490.0,1,0.0,1,5059.0,1,6938.0,4810.3335,5317.4995,5957.0
657,2015-04-22,5724.0,753.0,1.0,0.0,0,0.0,3.0,0.9027978,-0.4300652,0.8660254,-0.5,2,0,0,1,5558.0,1,5957.0,1,5721.0,1,8291.0,1,6531.0,1,0.0,1,0.0,1,0.0,5109.4004,5370.944,-399.0
657,2015-04-23,6143.0,786.0,1.0,0.0,0,0.0,4.0,0.9027978,-0.4300652,0.8660254,-0.5,2,0,0,1,5724.0,1,5558.0,1,0.0,1,7250.0,1,5701.0,1,5597.0,1,10596.0,1,11048.0,5355.24,5449.401,166.0
657,2015-04-24,5423.0,756.0,1.0,0.0,0,0.0,5.0,0.9027978,-0.4300652,0.8660254,-0.5,2,0,0,1,6143.0,1,5724.0,1,5957.0,1,7582.0,1,0.0,1,5302.0,1,13499.0,1,8375.0,5670.344,5603.534,419.0
657,2015-04-25,4990.0,668.0,1.0,0.0,0,0.0,6.0,0.9027978,-0.4300652,0.8660254,-0.5,2,0,0,1,5423.0,1,6143.0,1,5558.0,1,7637.0,1,10218.0,1,5490.0,1,9230.0,1,7837.0,5571.4062,5563.4155,-720.0
657,2015-04-26,0.0,0.0,0.0,0.0,0,0.0,7.0,0.9027978,-0.4300652,0.8660254,-0.5,2,0,0,1,4990.0,1,5423.0,1,5724.0,1,5721.0,1,8291.0,1,6531.0,1,9463.0,1,7111.0,5338.8438,5435.9897,-433.0
657,2015-04-27,8714.0,976.0,1.0,1.0,0,0.0,1.0,0.845596,-0.5338234,0.8660254,-0.5,2,0,0,1,0.0,1,4990.0,1,6143.0,1,0.0,1,7250.0,1,5701.0,1,0.0,1,7610.0,3203.3064,4227.992,-4990.0
657,2015-04-28,8427.0,969.0,1.0,1.0,0,0.0,2.0,0.845596,-0.5338234,0.8660254,-0.5,2,0,0,1,8714.0,1,0.0,1,5423.0,1,5957.0,1,7582.0,1,0.0,1,8420.0,1,5047.0,5407.584,5224.883,8714.0
657,2015-04-29,8526.0,983.0,1.0,1.0,0,0.0,3.0,0.845596,-0.5338234,0.8660254,-0.5,2,0,0,1,8427.0,1,8714.0,1,4990.0,1,5558.0,1,7637.0,1,10218.0,1,0.0,1,0.0,6615.35,5936.4644,-287.0
657,2015-04-30,13295.0,1332.0,1.0,1.0,0,0.0,4.0,0.845596,-0.5338234,0.8660254,-0.5,2,0,1,1,8526.0,1,8427.0,1,0.0,1,5724.0,1,5721.0,1,8291.0,1,0.0,1,5493.0,7379.6104,6511.9165,99.0
657,2015-05-01,0.0,0.0,0.0,1.0,1,0.0,5.0,0.845596,-0.5338234,0.5,-0.8660254,2,1,0,1,13295.0,1,8526.0,1,8714.0,1,6143.0,1,0.0,1,7250.0,1,5597.0,1,4956.0,9745.766,8019.2686,4769.0
657,2015-05-02,9162.0,1113.0,1.0,0.0,0,0.0,6.0,0.845596,-0.5338234,0.5,-0.8660254,2,0,0,1,0.0,1,13295.0,1,8427.0,1,5423.0,1,5957.0,1,7582.0,1,5302.0,1,5118.0,5847.4595,6237.209,-13295.0
657,2015-05-03,0.0,0.0,0.0,0.0,0,0.0,7.0,0.845596,-0.5338234,0.5,-0.8660254,2,0,0,1,9162.0,1,0.0,1,8526.0,1,4990.0,1,5558.0,1,7637.0,1,5490.0,1,5377.0,7173.276,6887.1626,9162.0
657,2015-05-04,10664.0,1207.0,1.0,1.0,0,0.0,1.0,0.7765239,-0.63008785,0.5,-0.8660254,2,0,0,1,0.0,1,9162.0,1,13295.0,1,0.0,1,5724.0,1,5721.0,1,6531.0,1,4928.0,4303.9653,5356.682,-9162.0
657,2015-05-05,7916.0,967.0,1.0,1.0,0,0.0,2.0,0.7765239,-0.63008785,0.5,-0.8660254,2,0,0,1,10664.0,1,0.0,1,0.0,1,8714.0,1,6143.0,1,0.0,1,5701.0,1,5445.0,6847.9795,6536.086,10664.0
657,2015-05-06,8270.0,959.0,1.0,1.0,0,0.0,3.0,0.7765239,-0.63008785,0.5,-0.8660254,2,0,0,1,7916.0,1,10664.0,1,9162.0,1,8427.0,1,5423.0,1,5957.0,1,0.0,1,0.0,7275.1875,6842.7334,-2748.0
657,2015-05-07,8573.0,993.0,1.0,1.0,0,0.0,4.0,0.7765239,-0.63008785,0.5,-0.8660254,2,0,0,1,8270.0,1,7916.0,1,0.0,1,8526.0,1,4990.0,1,5558.0,1,10218.0,1,10288.0,7673.1123,7159.904,354.0
657,2015-05-08,7735.0,935.0,1.0,1.0,0,0.0,5.0,0.7765239,-0.63008785,0.5,-0.8660254,2,0,0,1,8573.0,1,8270.0,1,10664.0,1,13295.0,1,0.0,1,5724.0,1,8291.0,1,7970.0,8033.0674,7473.9253,303.0
657,2015-05-09,6398.0,883.0,1.0,0.0,0,0.0,6.0,0.7765239,-0.63008785,0.5,-0.8660254,2,0,0,1,7735.0,1,8573.0,1,7916.0,1,0.0,1,8714.0,1,6143.0,1,7250.0,1,6524.0,7913.8403,7531.942,-838.0
657,2015-05-10,0.0,0.0,0.0,0.0,0,0.0,7.0,0.7765239,-0.63008785,0.5,-0.8660254,2,0,0,1,6398.0,1,7735.0,1,8270.0,1,9162.0,1,8427.0,1,5423.0,1,7582.0,1,6902.0,7307.5044,7279.9546,-1337.0
657,2015-05-11,5851.0,843.0,1.0,0.0,0,0.0,1.0,0.696551,-0.71750724,0.5,-0.8660254,2,0,0,1,0.0,1,6398.0,1,8573.0,1,0.0,1,8526.0,1,4990.0,1,7637.0,1,7424.0,4384.5024,5662.187,-6398.0
657,2015-05-12,5663.0,801.0,1.0,0.0,0,0.0,2.0,0.696551,-0.71750724,0.5,-0.8660254,2,0,0,1,5851.0,1,0.0,1,7735.0,1,10664.0,1,13295.0,1,0.0,1,5721.0,1,5185.0,4971.1016,5704.1455,5851.0
657,2015-05-13,7067.0,909.0,1.0,0.0,0,0.0,3.0,0.696551,-0.71750724,0.5,-0.8660254,2,0,0,1,5663.0,1,5851.0,1,6398.0,1,7916.0,1,0.0,1,8714.0,1,0.0,1,0.0,5247.861,5695.002,-188.0
657,2015-05-14,0.0,0.0,0.0,0.0,1,0.0,4.0,0.696551,-0.71750724,0.5,-0.8660254,2,0,0,1,7067.0,1,5663.0,1,0.0,1,8270.0,1,9162.0,1,8427.0,1,5957.0,1,6961.0,5975.5166,5999.8906,1404.0
657,2015-05-15,7609.0,973.0,1.0,0.0,0,0.0,5.0,0.696551,-0.71750724,0.5,-0.8660254,2,0,0,1,0.0,1,7067.0,1,5851.0,1,8573.0,1,0.0,1,8526.0,1,5558.0,1,6180.0,3585.3098,4666.5815,-7067.0
657,2015-05-16,5134.0,673.0,1.0,0.0,0,0.0,6.0,0.696551,-0.71750724,0.5,-0.8660254,2,0,0,1,7609.0,1,0.0,1,5663.0,1,7735.0,1,10664.0,1,13295.0,1,5724.0,1,4909.0,5194.786,5320.452,7609.0
657,2015-05-17,0.0,0.0,0.0,0.0,0,0.0,7.0,0.696551,-0.71750724,0.5,-0.8660254,2,0,0,1,5134.0,1,7609.0,1,7067.0,1,6398.0,1,7916.0,1,0.0,1,6143.0,1,3556.0,5170.4717,5279.0186,-2475.0
657,2015-05-18,9638.0,1089.0,1.0,1.0,0,0.0,1.0,0.60680014,-0.79485446,0.5,-0.8660254,2,0,0,1,0.0,1,5134.0,1,0.0,1,0.0,1,8270.0,1,9162.0,1,5423.0,1,4560.0,3102.283,4105.9033,-5134.0
657,2015-05-19,7690.0,944.0,1.0,1.0,0,0.0,2.0,0.60680014,-0.79485446,0.5,-0.8660254,2,0,0,1,9638.0,1,0.0,1,7609.0,1,5851.0,1,8573.0,1,0.0,1,4990.0,1,5059.0,5716.57,5335.2583,9638.0
657,2015-05-20,7392.0,898.0,1.0,1.0,0,0.0,3.0,0.60680014,-0.79485446,0.5,-0.8660254,2,0,0,1,7690.0,1,9638.0,1,5134.0,1,5663.0,1,7735.0,1,10664.0,1,0.0,1,0.0,6505.942,5858.534,-1948.0
657,2015-05-21,7566.0,866.0,1.0,1.0,0,0.0,4.0,0.60680014,-0.79485446,0.5,-0.8660254,2,0,0,1,7392.0,1,7690.0,1,0.0,1,7067.0,1,6398.0,1,7916.0,1,8714.0,1,10596.0,6860.365,6199.304,-298.0
657,2015-05-22,6671.0,842.0,1.0,1.0,0,0.0,5.0,0.60680014,-0.79485446,0.5,-0.8660254,2,0,0,1,7566.0,1,7392.0,1,9638.0,1,0.0,1,0.0,1,8270.0,1,8427.0,1,13499.0,7142.619,6503.0146,174.0
657,2015-05-23,5136.0,694.0,1.0,0.0,0,0.0,6.0,0.60680014,-0.79485446,0.5,-0.8660254,2,0,0,1,6671.0,1,7566.0,1,7690.0,1,7609.0,1,5851.0,1,8573.0,1,8526.0,1,9230.0,6953.9717,6540.3447,-895.0
657,2015-05-24,0.0,0.0,0.0,0.0,0,0.0,7.0,0.60680014,-0.79485446,0.5,-0.8660254,2,0,0,1,5136.0,1,6671.0,1,7392.0,1,5134.0,1,5663.0,1,7735.0,1,13295.0,1,9463.0,6226.7827,6228.268,-1535.0
657,2015-05-25,0.0,0.0,0.0,0.0,1,0.0,1.0,0.5085311,-0.86104363,0.5,-0.8660254,2,0,0,1,0.0,1,5136.0,1,7566.0,1,0.0,1,7067.0,1,6398.0,1,0.0,1,0.0,3736.0698,4844.2085,-5136.0
657,2015-05-26,4780.0,664.0,1.0,0.0,0,1.0,2.0,0.5085311,-0.86104363,0.5,-0.8660254,2,0,0,1,0.0,1,0.0,1,6671.0,1,9638.0,1,0.0,1,0.0,1,9162.0,1,8420.0,2241.6418,3767.7178,0.0
657,2015-05-27,4178.0,570.0,1.0,0.0,0,0.0,3.0,0.5085311,-0.86104363,0.5,-0.8660254,2,0,0,1,4780.0,1,0.0,1,5136.0,1,7690.0,1,7609.0,1,5851.0,1,0.0,1,0.0,3256.985,3992.6692,4780.0
657,2015-05-28,4284.0,572.0,1.0,0.0,0,0.0,4.0,0.5085311,-0.86104363,0.5,-0.8660254,2,0,0,1,4178.0,1,4780.0,1,0.0,1,7392.0,1,5134.0,1,5663.0,1,10664.0,1,0.0,3625.391,4033.854,-602.0
657,2015-05-29,7002.0,816.0,1.0,0.0,0,0.0,5.0,0.5085311,-0.86104363,0.5,-0.8660254,2,0,0,1,4284.0,1,4178.0,1,0.0,1,7566.0,1,0.0,1,7067.0,1,7916.0,1,5597.0,3888.8347,4089.442,106.0
657,2015-05-30,4884.0,616.0,1.0,0.0,0,0.0,6.0,0.5085311,-0.86104363,0.5,-0.8660254,2,0,0,1,7002.0,1,4284.0,1,4780.0,1,6671.0,1,9638.0,1,0.0,1,8270.0,1,5302.0,5134.1006,4736.6772,2718.0
657,2015-05-31,0.0,0.0,0.0,0.0,0,0.0,7.0,0.5085311,-0.86104363,0.5,-0.8660254,2,0,1,1,4884.0,1,7002.0,1,4178.0,1,5136.0,1,7690.0,1,7609.0,1,8573.0,1,5490.0,5034.0605,4769.4155,-2118.0
657,2015-06-01,10552.0,1086.0,1.0,1.0,0,0.0,1.0,0.40312344,-0.91514564,1.2246469e-16,-1.0,2,1,0,1,0.0,1,4884.0,1,4284.0,1,0.0,1,7392.0,1,5134.0,1,7735.0,1,6531.0,3020.4363,3709.5454,-4884.0
657,2015-06-02,8611.0,882.0,1.0,1.0,0,0.0,2.0,0.40312344,-0.91514564,1.2246469e-16,-1.0,2,0,0,1,10552.0,1,0.0,1,7002.0,1,0.0,1,7566.0,1,0.0,1,6398.0,1,5701.0,6033.062,5230.091,10552.0
657,2015-06-03,9613.0,935.0,1.0,1.0,0,0.0,3.0,0.40312344,-0.91514564,1.2246469e-16,-1.0,2,0,0,1,8611.0,1,10552.0,1,4884.0,1,4780.0,1,6671.0,1,9638.0,1,0.0,1,0.0,7064.2373,5981.404,-1941.0
657,2015-06-04,0.0,0.0,0.0,1.0,1,0.0,4.0,0.40312344,-0.91514564,1.2246469e-16,-1.0,2,0,0,1,9613.0,1,8611.0,1,0.0,1,4178.0,1,5136.0,1,7690.0,1,5851.0,1,10218.0,8083.742,6788.4253,1002.0
657,2015-06-05,8934.0,958.0,1.0,1.0,0,0.0,5.0,0.40312344,-0.91514564,1.2246469e-16,-1.0,2,0,0,1,0.0,1,9613.0,1,10552.0,1,4284.0,1,0.0,1,7392.0,1,5663.0,1,8291.0,4850.245,5279.886,-9613.0
657,2015-06-06,5032.0,657.0,1.0,0.0,0,0.0,6.0,0.40312344,-0.91514564,1.2246469e-16,-1.0,2,0,0,1,8934.0,1,0.0,1,8611.0,1,7002.0,1,0.0,1,7566.0,1,7067.0,1,7250.0,6483.747,6091.9116,8934.0
657,2015-06-07,0.0,0.0,0.0,0.0,0,0.0,7.0,0.40312344,-0.91514564,1.2246469e-16,-1.0,2,0,0,1,5032.0,1,8934.0,1,9613.0,1,4884.0,1,4780.0,1,6671.0,1,0.0,1,7582.0,5903.0483,5856.3755,-3902.0
657,2015-06-08,4717.0,632.0,1.0,0.0,0,0.0,1.0,0.29205677,-0.956401,1.2246469e-16,-1.0,2,0,0,1,0.0,1,5032.0,1,0.0,1,0.0,1,4178.0,1,5136.0,1,7609.0,1,7637.0,3541.829,4554.959,-5032.0
657,2015-06-09,4465.0,606.0,1.0,0.0,0,0.0,2.0,0.29205677,-0.956401,1.2246469e-16,-1.0,2,0,0,1,4717.0,1,0.0,1,8934.0,1,10552.0,1,4284.0,1,0.0,1,5134.0,1,5721.0,4011.8975,4590.9683,4717.0
657,2015-06-10,4158.0,571.0,1.0,0.0,0,0.0,3.0,0.29205677,-0.956401,1.2246469e-16,-1.0,2,0,0,1,4465.0,1,4717.0,1,5032.0,1,8611.0,1,7002.0,1,0.0,1,0.0,1,0.0,4193.1387,4562.975,-252.0
657,2015-06-11,4024.0,527.0,1.0,0.0,0,0.0,4.0,0.29205677,-0.956401,1.2246469e-16,-1.0,2,0,0,1,4158.0,1,4465.0,1,0.0,1,9613.0,1,4884.0,1,4780.0,1,9638.0,1,5957.0,4179.083,4472.9805,-307.0
657,2015-06-12,3901.0,568.0,1.0,0.0,0,0.0,5.0,0.29205677,-0.956401,1.2246469e-16,-1.0,2,0,0,1,4024.0,1,4158.0,1,4717.0,1,0.0,1,0.0,1,4178.0,1,7690.0,1,5558.0,4117.05,4373.207,-134.0
657,2015-06-13,3646.0,509.0,1.0,0.0,0,0.0,6.0,0.29205677,-0.956401,1.2246469e-16,-1.0,2,0,0,1,3901.0,1,4024.0,1,4465.0,1,8934.0,1,10552.0,1,4284.0,1,7392.0,1,5724.0,4030.63,4268.2725,-123.0
657,2015-06-14,0.0,0.0,0.0,0.0,0,0.0,7.0,0.29205677,-0.956401,1.2246469e-16,-1.0,2,0,0,1,3646.0,1,3901.0,1,4158.0,1,5032.0,1,8611.0,1,7002.0,1,7566.0,1,6143.0,3876.7778,4129.9897,-255.0
657,2015-06-15,7853.0,871.0,1.0,1.0,0,0.0,1.0,0.17689027,-0.9842306,1.2246469e-16,-1.0,2,0,0,1,0.0,1,3646.0,1,4024.0,1,0.0,1,9613.0,1,4884.0,1,6671.0,1,5423.0,2326.0667,3212.214,-3646.0
657,2015-06-16,7273.0,791.0,1.0,1.0,0,0.0,2.0,0.17689027,-0.9842306,1.2246469e-16,-1.0,2,0,0,1,7853.0,1,0.0,1,3901.0,1,4717.0,1,0.0,1,0.0,1,5136.0,1,4990.0,4536.84,4243.5,7853.0
657,2015-06-17,6515.0,731.0,1.0,1.0,0,0.0,3.0,0.17689027,-0.9842306,1.2246469e-16,-1.0,2,0,0,1,7273.0,1,7853.0,1,3646.0,1,4465.0,1,8934.0,1,10552.0,1,0.0,1,0.0,5631.304,4916.722,-580.0
657,2015-06-18,6060.0,671.0,1.0,1.0,0,0.0,4.0,0.17689027,-0.9842306,1.2246469e-16,-1.0,2,0,0,1,6515.0,1,7273.0,1,0.0,1,4158.0,1,5032.0,1,8611.0,1,0.0,1,8714.0,5984.782,5271.895,-758.0
657,2015-06-19,6153.0,671.0,1.0,1.0,0,0.0,5.0,0.17689027,-0.9842306,1.2246469e-16,-1.0,2,0,0,1,6060.0,1,6515.0,1,7853.0,1,4024.0,1,0.0,1,9613.0,1,4780.0,1,8427.0,6014.8696,5447.0293,-455.0
657,2015-06-20,4299.0,524.0,1.0,0.0,0,0.0,6.0,0.17689027,-0.9842306,1.2246469e-16,-1.0,2,0,0,1,6153.0,1,6060.0,1,7273.0,1,3901.0,1,4717.0,1,0.0,1,4178.0,1,8526.0,6070.1216,5603.9116,93.0
657,2015-06-21,0.0,0.0,0.0,0.0,0,0.0,7.0,0.17689027,-0.9842306,1.2246469e-16,-1.0,2,0,0,1,4299.0,1,6153.0,1,6515.0,1,3646.0,1,4465.0,1,8934.0,1,4284.0,1,13295.0,5361.673,5313.931,-1854.0
657,2015-06-22,3399.0,470.0,1.0,0.0,0,0.0,1.0,0.059240628,-0.99824375,1.2246469e-16,-1.0,2,0,0,1,0.0,1,4299.0,1,6060.0,1,0.0,1,4158.0,1,5032.0,1,7002.0,1,0.0,3217.004,4133.0576,-4299.0
657,2015-06-23,4108.0,551.0,1.0,0.0,0,0.0,2.0,0.059240628,-0.99824375,1.2246469e-16,-1.0,2,0,0,1,3399.0,1,0.0,1,6153.0,1,7853.0,1,4024.0,1,0.0,1,4884.0,1,9162.0,3289.8022,3969.9338,3399.0
657,2015-06-24,4449.0,528.0,1.0,0.0,0,0.0,3.0,0.059240628,-0.99824375,1.2246469e-16,-1.0,2,0,0,1,4108.0,1,3399.0,1,4299.0,1,7273.0,1,3901.0,1,4717.0,1,0.0,1,0.0,3617.0813,4000.6152,709.0
657,2015-06-25,4151.0,565.0,1.0,0.0,0,0.0,4.0,0.059240628,-0.99824375,1.2246469e-16,-1.0,2,0,0,1,4449.0,1,4108.0,1,0.0,1,6515.0,1,3646.0,1,4465.0,1,10552.0,1,10664.0,3949.8489,4100.2563,341.0
657,2015-06-26,4078.0,555.0,1.0,0.0,0,0.0,5.0,0.059240628,-0.99824375,1.2246469e-16,-1.0,2,0,0,1,4151.0,1,4449.0,1,3399.0,1,6060.0,1,0.0,1,4158.0,1,8611.0,1,7916.0,4030.3093,4111.5327,-298.0
657,2015-06-27,3832.0,496.0,1.0,0.0,0,0.0,6.0,0.059240628,-0.99824375,1.2246469e-16,-1.0,2,0,0,1,4078.0,1,4151.0,1,4108.0,1,6153.0,1,7853.0,1,4024.0,1,9613.0,1,8270.0,4049.3855,4104.081,-73.0
657,2015-06-28,0.0,0.0,0.0,0.0,0,0.0,7.0,0.059240628,-0.99824375,1.2246469e-16,-1.0,2,0,0,1,3832.0,1,4078.0,1,4449.0,1,4299.0,1,7273.0,1,3901.0,1,0.0,1,8573.0,3962.4314,4043.6184,-246.0
657,2015-06-29,10353.0,935.0,1.0,1.0,0,1.0,1.0,-0.059240628,-0.99824375,1.2246469e-16,-1.0,2,0,0,1,0.0,1,3832.0,1,4151.0,1,0.0,1,6515.0,1,3646.0,1,8934.0,1,7735.0,2377.4587,3145.0366,-3832.0
657,2015-06-30,11727.0,1070.0,1.0,1.0,0,1.0,2.0,-0.059240628,-0.99824375,1.2246469e-16,-1.0,2,0,1,1,10353.0,1,0.0,1,4078.0,1,3399.0,1,6060.0,1,0.0,1,5032.0,1,6398.0,5567.6753,4746.806,10353.0
657,2015-07-01,6738.0,777.0,1.0,1.0,0,1.0,3.0,-0.059240628,-0.99824375,-0.5,-0.8660254,3,1,0,1,11727.0,1,10353.0,1,3832.0,1,4108.0,1,6153.0,1,7853.0,1,0.0,1,0.0,8031.4053,6297.9604,1374.0
657,2015-07-02,5370.0,651.0,1.0,1.0,0,1.0,4.0,-0.059240628,-0.99824375,-0.5,-0.8660254,3,0,0,1,6738.0,1,11727.0,1,0.0,1,4449.0,1,4299.0,1,7273.0,1,4717.0,1,5851.0,7514.043,6395.747,-4989.0
657,2015-07-03,5618.0,662.0,1.0,1.0,0,1.0,5.0,-0.059240628,-0.99824375,-0.5,-0.8660254,3,0,0,1,5370.0,1,6738.0,1,10353.0,1,4151.0,1,0.0,1,6515.0,1,4465.0,1,5663.0,6656.426,6167.803,-1368.0
657,2015-07-04,3579.0,451.0,1.0,0.0,0,0.0,6.0,-0.059240628,-0.99824375,-0.5,-0.8660254,3,0,0,1,5618.0,1,5370.0,1,11727.0,1,4078.0,1,3399.0,1,6060.0,1,4158.0,1,7067.0,6241.0557,6045.6245,248.0
657,2015-07-05,0.0,0.0,0.0,0.0,0,0.0,7.0,-0.059240628,-0.99824375,-0.5,-0.8660254,3,0,0,1,3579.0,1,5618.0,1,6738.0,1,3832.0,1,4108.0,1,6153.0,1,4024.0,1,0.0,5176.2334,5497.486,-2039.0
657,2015-07-06,5499.0,677.0,1.0,0.0,0,1.0,1.0,-0.17689027,-0.9842306,-0.5,-0.8660254,3,0,0,1,0.0,1,3579.0,1,5370.0,1,0.0,1,4449.0,1,4299.0,1,3901.0,1,7609.0,3105.74,4275.8223,-3579.0
657,2015-07-07,4613.0,594.0,1.0,0.0,0,1.0,2.0,-0.17689027,-0.9842306,-0.5,-0.8660254,3,0,0,1,5499.0,1,0.0,1,5618.0,1,10353.0,1,4151.0,1,0.0,1,3646.0,1,5134.0,4063.044,4547.6396,5499.0
657,2015-07-08,5147.0,631.0,1.0,0.0,0,1.0,3.0,-0.17689027,-0.9842306,-0.5,-0.8660254,3,0,0,1,4613.0,1,5499.0,1,3579.0,1,11727.0,1,4078.0,1,3399.0,1,0.0,1,0.0,4283.0264,4562.164,-886.0
657,2015-07-09,5061.0,639.0,1.0,0.0,0,1.0,4.0,-0.17689027,-0.9842306,-0.5,-0.8660254,3,0,0,1,5147.0,1,4613.0,1,0.0,1,6738.0,1,3832.0,1,4108.0,1,7853.0,1,9638.0,4628.6157,4692.1274,534.0
657,2015-07-10,4952.0,595.0,1.0,0.0,0,1.0,5.0,-0.17689027,-0.9842306,-0.5,-0.8660254,3,0,0,1,5061.0,1,5147.0,1,5499.0,1,5370.0,1,0.0,1,4449.0,1,7273.0,1,7690.0,4801.5693,4774.099,-86.0
657,2015-07-11,3492.0,466.0,1.0,0.0,0,0.0,6.0,-0.17689027,-0.9842306,-0.5,-0.8660254,3,0,0,1,4952.0,1,5061.0,1,4613.0,1,5618.0,1,10353.0,1,4151.0,1,6515.0,1,7392.0,4861.7417,4813.633,-109.0
657,2015-07-12,0.0,0.0,0.0,0.0,0,0.0,7.0,-0.17689027,-0.9842306,-0.5,-0.8660254,3,0,0,1,3492.0,1,4952.0,1,5147.0,1,3579.0,1,11727.0,1,4078.0,1,6060.0,1,7566.0,4313.845,4519.9365,-1460.0
657,2015-07-13,7119.0,828.0,1.0,1.0,0,1.0,1.0,-0.29205677,-0.956401,-0.5,-0.8660254,3,0,0,1,0.0,1,3492.0,1,5061.0,1,0.0,1,6738.0,1,3832.0,1,6153.0,1,6671.0,2588.3071,3515.5063,-3492.0
657,2015-07-14,7950.0,785.0,1.0,1.0,0,1.0,2.0,-0.29205677,-0.956401,-0.5,-0.8660254,3,0,0,1,7119.0,1,0.0,1,4952.0,1,5499.0,1,5370.0,1,0.0,1,4299.0,1,5136.0,4400.584,4316.2827,7119.0
657,2015-07-15,6923.0,772.0,1.0,1.0,0,1.0,3.0,-0.29205677,-0.956401,-0.5,-0.8660254,3,0,0,1,7950.0,1,7119.0,1,3492.0,1,4613.0,1,5618.0,1,10353.0,1,0.0,1,0.0,5820.3506,5123.7754,831.0
657,2015-07-16,6526.0,722.0,1.0,1.0,0,1.0,4.0,-0.29205677,-0.956401,-0.5,-0.8660254,3,0,0,1,6923.0,1,7950.0,1,0.0,1,5147.0,1,3579.0,1,11727.0,1,3399.0,1,0.0,6261.41,5523.603,-1027.0
657,2015-07-17,4997.0,647.0,1.0,1.0,0,1.0,5.0,-0.29205677,-0.956401,-0.5,-0.8660254,3,0,0,1,6526.0,1,6923.0,1,7119.0,1,5061.0,1,0.0,1,6738.0,1,4108.0,1,4780.0,6367.246,5746.358,-397.0
657,2015-07-18,3854.0,501.0,1.0,0.0,0,0.0,6.0,-0.29205677,-0.956401,-0.5,-0.8660254,3,0,0,1,4997.0,1,6526.0,1,7950.0,1,4952.0,1,5499.0,1,5370.0,1,4449.0,1,4178.0,5819.148,5579.834,-1529.0
657,2015-07-19,0.0,0.0,0.0,0.0,0,0.0,7.0,-0.29205677,-0.956401,-0.5,-0.8660254,3,0,0,1,3854.0,1,4997.0,1,6923.0,1,3492.0,1,4613.0,1,5618.0,1,4151.0,1,4284.0,5033.089,5196.3154,-1143.0
657,2015-07-20,5587.0,667.0,1.0,0.0,0,1.0,1.0,-0.40312344,-0.91514564,-0.5,-0.8660254,3,0,0,1,0.0,1,3854.0,1,6526.0,1,0.0,1,5147.0,1,3579.0,1,4078.0,1,7002.0,3019.8533,4041.5786,-3854.0
657,2015-07-21,4856.0,599.0,1.0,0.0,0,1.0,2.0,-0.40312344,-0.91514564,-0.5,-0.8660254,3,0,0,1,5587.0,1,0.0,1,4997.0,1,7119.0,1,5061.0,1,0.0,1,3832.0,1,4884.0,4046.712,4385.0054,5587.0
657,2015-07-22,4233.0,530.0,1.0,0.0,0,1.0,3.0,-0.40312344,-0.91514564,-0.5,-0.8660254,3,0,0,1,4856.0,1,5587.0,1,3854.0,1,7950.0,1,4952.0,1,5499.0,1,0.0,1,0.0,4370.4272,4489.671,-731.0
657,2015-07-23,3888.0,518.0,1.0,0.0,0,1.0,4.0,-0.40312344,-0.91514564,-0.5,-0.8660254,3,0,0,1,4233.0,1,4856.0,1,0.0,1,6923.0,1,3492.0,1,4613.0,1,10353.0,1,10552.0,4315.456,4432.633,-623.0
657,2015-07-24,3780.0,533.0,1.0,0.0,0,1.0,5.0,-0.40312344,-0.91514564,-0.5,-0.8660254,3,0,0,1,3888.0,1,4233.0,1,5587.0,1,6526.0,1,0.0,1,5147.0,1,11727.0,1,8611.0,4144.4736,4311.6035,-345.0
657,2015-07-25,2892.0,351.0,1.0,0.0,0,0.0,6.0,-0.40312344,-0.91514564,-0.5,-0.8660254,3,0,0,1,3780.0,1,3888.0,1,4856.0,1,4997.0,1,7119.0,1,5061.0,1,6738.0,1,9613.0,3998.6843,4193.469,-108.0
657,2015-07-26,0.0,0.0,0.0,0.0,0,0.0,7.0,-0.40312344,-0.91514564,-0.5,-0.8660254,3,0,0,1,2892.0,1,3780.0,1,4233.0,1,3854.0,1,7950.0,1,4952.0,1,5370.0,1,0.0,3556.0105,3904.254,-888.0
657,2015-07-27,7181.0,780.0,1.0,1.0,0,1.0,1.0,-0.5085311,-0.86104363,-0.5,-0.8660254,3,0,0,1,0.0,1,2892.0,1,3888.0,1,0.0,1,6923.0,1,3492.0,1,5618.0,1,8934.0,2133.6064,3036.6418,-2892.0
657,2015-07-28,6248.0,700.0,1.0,1.0,0,1.0,2.0,-0.5085311,-0.86104363,-0.5,-0.8660254,3,0,0,1,7181.0,1,0.0,1,3780.0,1,5587.0,1,6526.0,1,0.0,1,3579.0,1,5032.0,4152.564,3957.6104,7181.0
657,2015-07-29,6047.0,662.0,1.0,1.0,0,1.0,3.0,-0.5085311,-0.86104363,-0.5,-0.8660254,3,0,0,1,6248.0,1,7181.0,1,2892.0,1,4856.0,1,4997.0,1,7119.0,1,0.0,1,0.0,4990.7383,4466.586,-933.0
657,2015-07-30,6264.0,721.0,1.0,1.0,0,1.0,4.0,-0.5085311,-0.86104363,-0.5,-0.8660254,3,0,0,1,6047.0,1,6248.0,1,0.0,1,4233.0,1,3854.0,1,7950.0,1,5499.0,1,4717.0,5413.243,4817.789,-201.0
657,2015-07-31,9654.0,919.0,1.0,1.0,0,1.0,5.0,-0.5085311,-0.86104363,-0.5,-0.8660254,3,0,1,1,6264.0,1,6047.0,1,7181.0,1,3888.0,1,0.0,1,6923.0,1,4613.0,1,4465.0,5753.546,5139.1694,217.0
