id,timestamp,target,Customers,Open,Promo,StateHoliday,SchoolHoliday,DayOfWeek,week_sin,week_cos,month_sin,month_cos,quarter,is_month_start,is_month_end,lag_1_known,lag_1,lag_2_known,lag_2,lag_4_known,lag_4,lag_8_known,lag_8,lag_12_known,lag_12,lag_16_known,lag_16,lag_24_known,lag_24,lag_52_known,lag_52,ema_4,ema_8,chg_1
404,2013-01-01,0.0,0.0,0.0,0.0,1,1.0,2.0,0.11827317,0.9929811,0.5,0.8660254,1,1,0,0,0.0,0,0.0,0,0.0,0,0.0,0,0.0,0,0.0,0,0.0,0,0.0,0.0,0.0,0.0
404,2013-01-02,2695.0,409.0,1.0,0.0,0,1.0,3.0,0.11827317,0.9929811,0.5,0.8660254,1,0,0,1,0.0,0,0.0,0,0.0,0,0.0,0,0.0,0,0.0,0,0.0,0,0.0,0.0,0.0,0.0
404,2013-01-03,2294.0,347.0,1.0,0.0,0,1.0,4.0,0.11827317,0.9929811,0.5,0.8660254,1,0,0,1,2695.0,1,0.0,0,0.0,0,0.0,0,0.0,0,0.0,0,0.0,0,0.0,1078.0,598.8889,2695.0
404,2013-01-04,2165.0,319.0,1.0,0.0,0,1.0,5.0,0.11827317,0.9929811,0.5,0.8660254,1,0,0,1,2294.0,1,2695.0,0,0.0,0,0.0,0,0.0,0,0.0,0,0.0,0,0.0,1564.4,975.58026,-401.0
404,2013-01-05,1073.0,173.0,1.0,0.0,0,0.0,6.0,0.11827317,0.9929811,0.5,0.8660254,1,0,0,1,2165.0,1,2294.0,1,0.0,0,0.0,0,0.0,0,0.0,0,0.0,0,0.0,1804.64,1239.8958,-129.0
404,2013-01-06,0.0,0.0,0.0,0.0,1,0.0,7.0,0.11827317,0.9929811,0.5,0.8660254,1,0,0,1,1073.0,1,2165.0,1,2695.0,0,0.0,0,0.0,0,0.0,0,0.0,0,0.0,1511.984,1202.8079,-1092.0
404,2013-01-07,0.0,0.0,0.0,1.0,0,0.0,1.0,0.23488605,0.9720229,0.5,0.8660254,1,0,0,1,0.0,1,1073.0,1,2294.0,0,0.0,0,0.0,0,0.0,0,0.0,0,0.0,907.1904,935.51715,-1073.0
404,2013-01-08,0.0,0.0,0.0,1.0,0,0.0,2.0,0.23488605,0.9720229,0.5,0.8660254,1,0,0,1,0.0,1,0.0,1,2165.0,0,0.0,0,0.0,0,0.0,0,0.0,0,0.0,544.3143,727.62445,0.0
404,2013-01-09,0.0,0.0,0.0,1.0,0,0.0,3.0,0.23488605,0.9720229,0.5,0.8660254,1,0,0,1,0.0,1,0.0,1,1073.0,1,0.0,0,0.0,0,0.0,0,0.0,0,0.0,326.58853,565.9302,0.0
404,2013-01-10,0.0,0.0,0.0,1.0,0,0.0,4.0,0.23488605,0.9720229,0.5,0.8660254,1,0,0,1,0.0,1,0.0,1,0.0,1,2695.0,0,0.0,0,0.0,0,0.0,0,0.0,195.95312,440.16788,0.0
404,2013-01-11,0.0,0.0,0.0,1.0,0,0.0,5.0,0.23488605,0.9720229,0.5,0.8660254,1,0,0,1,0.0,1,0.0,1,0.0,1,2294.0,0,0.0,0,0.0,0,0.0,0,0.0,117.57188,342.3528,0.0
404,2013-01-12,0.0,0.0,0.0,0.0,0,0.0,6.0,0.23488605,0.9720229,0.5,0.8660254,1,0,0,1,0.0,1,0.0,1,0.0,1,2165.0,0,0.0,0,0.0,0,0.0,0,0.0,70.54313,266.2744,0.0
404,2013-01-13,0.0,0.0,0.0,0.0,0,0.0,7.0,0.23488605,0.9720229,0.5,0.8660254,1,0,0,1,0.0,1,0.0,1,0.0,1,1073.0,1,0.0,0,0.0,0,0.0,0,0.0,42.325874,207.10231,0.0
404,2013-01-14,0.0,0.0,0.0,0.0,0,0.0,1.0,0.34820163,0.93741965,0.5,0.8660254,1,0,0,1,0.0,1,0.0,1,0.0,1,0.0,1,2695.0,0,0.0,0,0.0,0,0.0,25.395525,161.07957,0.0
404,2013-01-15,0.0,0.0,0.0,0.0,0,0.0,2.0,0.34820163,0.93741965,0.5,0.8660254,1,0,0,1,0.0,1,0.0,1,0.0,1,0.0,1,2294.0,0,0.0,0,0.0,0,0.0,15.237315,125.28412,0.0
404,2013-01-16,0.0,0.0,0.0,0.0,0,0.0,3.0,0.34820163,0.93741965,0.5,0.8660254,1,0,0,1,0.0,1,0.0,1,0.0,1,0.0,1,2165.0,0,0.0,0,0.0,0,0.0,9.142389,97.4432,0.0
404,2013-01-17,0.0,0.0,0.0,0.0,0,0.0,4.0,0.34820163,0.93741965,0.5,0.8660254,1,0,0,1,0.0,1,0.0,1,0.0,1,0.0,1,1073.0,1,0.0,0,0.0,0,0.0,5.4854336,75.789154,0.0
404,2013-01-18,0.0,0.0,0.0,0.0,0,0.0,5.0,0.34820163,0.93741965,0.5,0.8660254,1,0,0,1,0.0,1,0.0,1,0.0,1,0.0,1,0.0,1,2695.0,0,0.0,0,0.0,3.29126,58.94712,0.0
404,2013-01-19,0.0,0.0,0.0,0.0,0,0.0,6.0,0.34820163,0.93741965,0.5,0.8660254,1,0,0,1,0.0,1,0.0,1,0.0,1,0.0,1,0.0,1,2294.0,0,0.0,0,0.0,1.974756,45.847763,0.0
404,2013-01-20,0.0,0.0,0.0,0.0,0,0.0,7.0,0.34820163,0.93741965,0.5,0.8660254,1,0,0,1,0.0,1,0.0,1,0.0,1,0.0,1,0.0,1,2165.0,0,0.0,0,0.0,1.1848537,35.65937,0.0
404,2013-01-21,0.0,0.0,0.0,1.0,0,0.0,1.0,0.45662925,0.8896571,0.5,0.8660254,1,0,0,1,0.0,1,0.0,1,0.0,1,0.0,1,0.0,1,1073.0,0,0.0,0,0.0,0.71091217,27.735065,0.0
404,2013-01-22,0.0,0.0,0.0,1.0,0,0.0,2.0,0.45662925,0.8896571,0.5,0.8660254,1,0,0,1,0.0,1,0.0,1,0.0,1,0.0,1,0.0,1,0.0,0,0.0,0,0.0,0.42654732,21.571718,0.0
404,2013-01-23,0.0,0.0,0.0,1.0,0,0.0,3.0,0.45662925,0.8896571,0.5,0.8660254,1,0,0,1,0.0,1,0.0,1,0.0,1,0.0,1,0.0,1,0.0,0,0.0,0,0.0,0.2559284,16.778002,0.0
404,2013-01-24,0.0,0.0,0.0,1.0,0,0.0,4.0,0.45662925,0.8896571,0.5,0.8660254,1,0,0,1,0.0,1,0.0,1,0.0,1,0.0,1,0.0,1,0.0,0,0.0,0,0.0,0.15355703,13.049558,0.0
404,2013-01-25,0.0,0.0,0.0,1.0,0,0.0,5.0,0.45662925,0.8896571,0.5,0.8660254,1,0,0,1,0.0,1,0.0,1,0.0,1,0.0,1,0.0,1,0.0,1,0.0,0,0.0,0.092134215,10.149656,0.0
404,2013-01-26,0.0,0.0,0.0,0.0,0,0.0,6.0,0.45662925,0.8896571,0.5,0.8660254,1,0,0,1,0.0,1,0.0,1,0.0,1,0.0,1,0.0,1,0.0,1,2695.0,0,0.0,0.05528053,7.894177,0.0
404,2013-01-27,0.0,0.0,0.0,0.0,0,0.0,7.0,0.45662925,0.8896571,0.5,0.8660254,1,0,0,1,0.0,1,0.0,1,0.0,1,0.0,1,0.0,1,0.0,1,2294.0,0,0.0,0.03316832,6.1399155,0.0
404,2013-01-28,13831.0,1268.0,1.0,0.0,0,0.0,1.0,0.55864674,0.82940567,0.5,0.8660254,1,0,0,1,0.0,1,0.0,1,0.0,1,0.0,1,0.0,1,0.0,1,2165.0,0,0.0,0.01990099,4.77549,0.0
404,2013-01-29,8322.0,822.0,1.0,0.0,0,0.0,2.0,0.55864674,0.82940567,0.5,0.8660254,1,0,0,1,13831.0,1,0.0,1,0.0,1,0.0,1,0.0,1,0.0,1,1073.0,0,0.0,5532.412,3077.2698,13831.0
404,2013-01-30,7806.0,834.0,1.0,0.0,0,0.0,3.0,0.55864674,0.82940567,0.5,0.8660254,1,0,0,1,8322.0,1,13831.0,1,0.0,1,0.0,1,0.0,1,0.0,1,0.0,0,0.0,6648.247,4242.7656,-5509.0
404,2013-01-31,8535.0,934.0,1.0,0.0,0,0.0,4.0,0.55864674,0.82940567,0.5,0.8660254,1,0,1,1,7806.0,1,8322.0,1,0.0,1,0.0,1,0.0,1,0.0,1,0.0,0,0.0,7111.348,5034.595,-516.0
404,2013-02-01,6901.0,689.0,1.0,0.0,0,0.0,5.0,0.55864674,0.82940567,0.8660254,0.5,1,1,0,1,8535.0,1,7806.0,1,13831.0,1,0.0,1,0.0,1,0.0,1,0.0,0,0.0,7680.809,5812.463,729.0
404,2013-02-02,4671.0,434.0,1.0,0.0,0,0.0,6.0,0.55864674,0.82940567,0.8660254,0.5,1,0,0,1,6901.0,1,8535.0,1,8322.0,1,0.0,1,0.0,1,0.0,1,0.0,0,0.0,7368.8853,6054.3604,-1634.0
404,2013-02-03,0.0,0.0,0.0,0.0,0,0.0,7.0,0.55864674,0.82940567,0.8660254,0.5,1,0,0,1,4671.0,1,6901.0,1,7806.0,1,0.0,1,0.0,1,0.0,1,0.0,0,0.0,6289.7314,5746.947,-2230.0
404,2013-02-04,5361.0,690.0,1.0,1.0,0,0.0,1.0,0.65282214,0.75751126,0.8660254,0.5,1,0,0,1,0.0,1,4671.0,1,8535.0,1,0.0,1,0.0,1,0.0,1,0.0,0,0.0,3773.8386,4469.8477,-4671.0
404,2013-02-05,4940.0,648.0,1.0,1.0,0,0.0,2.0,0.65282214,0.75751126,0.8660254,0.5,1,0,0,1,5361.0,1,0.0,1,6901.0,1,13831.0,1,0.0,1,0.0,1,0.0,0,0.0,4408.703,4667.8813,5361.0
404,2013-02-06,4432.0,590.0,1.0,1.0,0,0.0,3.0,0.65282214,0.75751126,0.8660254,0.5,1,0,0,1,4940.0,1,5361.0,1,4671.0,1,8322.0,1,0.0,1,0.0,1,0.0,0,0.0,4621.222,4728.352,-421.0
404,2013-02-07,4739.0,648.0,1.0,1.0,0,0.0,4.0,0.65282214,0.75751126,0.8660254,0.5,1,0,0,1,4432.0,1,4940.0,1,0.0,1,7806.0,1,0.0,1,0.0,1,0.0,0,0.0,4545.533,4662.496,-508.0
404,2013-02-08,3887.0,496.0,1.0,1.0,0,0.0,5.0,0.65282214,0.75751126,0.8660254,0.5,1,0,0,1,4739.0,1,4432.0,1,5361.0,1,8535.0,1,0.0,1,0.0,1,0.0,0,0.0,4622.92,4679.497,307.0
404,2013-02-09,2274.0,291.0,1.0,0.0,0,0.0,6.0,0.65282214,0.75751126,0.8660254,0.5,1,0,0,1,3887.0,1,4739.0,1,4940.0,1,6901.0,1,13831.0,1,0.0,1,0.0,0,0.0,4328.552,4503.3867,-852.0
404,2013-02-10,0.0,0.0,0.0,0.0,0,0.0,7.0,0.65282214,0.75751126,0.8660254,0.5,1,0,0,1,2274.0,1,3887.0,1,4432.0,1,4671.0,1,8322.0,1,0.0,1,0.0,0,0.0,3506.7312,4007.9673,-1613.0
404,2013-02-11,3599.0,487.0,1.0,0.0,0,0.0,1.0,0.73783326,0.674983,0.8660254,0.5,1,0,0,1,0.0,1,2274.0,1,4739.0,1,0.0,1,7806.0,1,0.0,1,0.0,0,0.0,2104.0388,3117.3079,-2274.0
404,2013-02-12,3140.0,431.0,1.0,0.0,0,0.0,2.0,0.73783326,0.674983,0.8660254,0.5,1,0,0,1,3599.0,1,0.0,1,3887.0,1,5361.0,1,8535.0,1,0.0,1,0.0,0,0.0,2702.0232,3224.3506,3599.0
404,2013-02-13,3977.0,526.0,1.0,0.0,0,0.0,3.0,0.73783326,0.674983,0.8660254,0.5,1,0,0,1,3140.0,1,3599.0,1,2274.0,1,4940.0,1,6901.0,1,13831.0,1,0.0,0,0.0,2877.2139,3205.606,-459.0
404,2013-02-14,4173.0,538.0,1.0,0.0,0,0.0,4.0,0.73783326,0.674983,0.8660254,0.5,1,0,0,1,3977.0,1,3140.0,1,0.0,1,4432.0,1,4671.0,1,8322.0,1,0.0,0,0.0,3317.1284,3377.0269,837.0
404,2013-02-15,3115.0,389.0,1.0,0.0,0,0.0,5.0,0.73783326,0.674983,0.8660254,0.5,1,0,0,1,4173.0,1,3977.0,1,3599.0,1,4739.0,1,0.0,1,7806.0,1,0.0,0,0.0,3659.477,3553.91,196.0
404,2013-02-16,2074.0,270.0,1.0,0.0,0,0.0,6.0,0.73783326,0.674983,0.8660254,0.5,1,0,0,1,3115.0,1,4173.0,1,3140.0,1,3887.0,1,5361.0,1,8535.0,1,0.0,0,0.0,3441.6863,3456.3743,-1058.0
404,2013-02-17,0.0,0.0,0.0,0.0,0,0.0,7.0,0.73783326,0.674983,0.8660254,0.5,1,0,0,1,2074.0,1,3115.0,1,3977.0,1,2274.0,1,4940.0,1,6901.0,1,0.0,0,0.0,2894.6118,3149.18,-1041.0
404,2013-02-18,5537.0,706.0,1.0,1.0,0,0.0,1.0,0.8124869,0.5829795,0.8660254,0.5,1,0,0,1,0.0,1,2074.0,1,4173.0,1,0.0,1,4432.0,1,4671.0,1,0.0,0,0.0,1736.7671,2449.3623,-2074.0
404,2013-02-19,4650.0,592.0,1.0,1.0,0,0.0,2.0,0.8124869,0.5829795,0.8660254,0.5,1,0,0,1,5537.0,1,0.0,1,3115.0,1,3599.0,1,4739.0,1,0.0,1,0.0,0,0.0,3256.86,3135.504,5537.0
404,2013-02-20,4277.0,594.0,1.0,1.0,0,0.0,3.0,0.8124869,0.5829795,0.8660254,0.5,1,0,0,1,4650.0,1,5537.0,1,2074.0,1,3140.0,1,3887.0,1,5361.0,1,0.0,0,0.0,3814.1162,3472.0586,-887.0
404,2013-02-21,3955.0,596.0,1.0,1.0,0,0.0,4.0,0.8124869,0.5829795,0.8660254,0.5,1,0,0,1,4277.0,1,4650.0,1,0.0,1,3977.0,1,2274.0,1,4940.0,1,13831.0,0,0.0,3999.2698,3650.9346,-373.0
404,2013-02-22,3917.0,512.0,1.0,1.0,0,0.0,5.0,0.8124869,0.5829795,0.8660254,0.5,1,0,0,1,3955.0,1,4277.0,1,5537.0,1,4173.0,1,0.0,1,4432.0,1,8322.0,1,0.0,3981.5618,3718.5046,-322.0
404,2013-02-23,2459.0,281.0,1.0,0.0,0,0.0,6.0,0.8124869,0.5829795,0.8660254,0.5,1,0,0,1,3917.0,1,3955.0,1,4650.0,1,3115.0,1,3599.0,1,4739.0,1,7806.0,1,2695.0,3955.737,3762.6147,-38.0
404,2013-02-24,0.0,0.0,0.0,0.0,0,0.0,7.0,0.8124869,0.5829795,0.8660254,0.5,1,0,0,1,2459.0,1,3917.0,1,4277.0,1,2074.0,1,3140.0,1,3887.0,1,8535.0,1,2294.0,3357.0422,3472.9226,-1458.0
404,2013-02-25,3453.0,512.0,1.0,0.0,0,0.0,1.0,0.8757349,0.4827922,0.8660254,0.5,1,0,0,1,0.0,1,2459.0,1,3955.0,1,0.0,1,3977.0,1,2274.0,1,6901.0,1,2165.0,2014.2253,2701.1619,-2459.0
404,2013-02-26,3794.0,544.0,1.0,0.0,0,0.0,2.0,0.8757349,0.4827922,0.8660254,0.5,1,0,0,1,3453.0,1,0.0,1,3917.0,1,5537.0,1,4173.0,1,0.0,1,4671.0,1,1073.0,2589.735,2868.237,3453.0
404,2013-02-27,3924.0,552.0,1.0,0.0,0,0.0,3.0,0.8757349,0.4827922,0.8660254,0.5,1,0,0,1,3794.0,1,3453.0,1,2459.0,1,4650.0,1,3115.0,1,3599.0,1,0.0,1,0.0,3071.4412,3073.9622,341.0
404,2013-02-28,4086.0,560.0,1.0,0.0,0,0.0,4.0,0.8757349,0.4827922,0.8660254,0.5,1,0,1,1,3924.0,1,3794.0,1,0.0,1,4277.0,1,2074.0,1,3140.0,1,5361.0,1,0.0,3412.4646,3262.8594,130.0
404,2013-03-01,4451.0,507.0,1.0,0.0,0,0.0,5.0,0.8757349,0.4827922,1.0,6.123234e-17,1,1,0,1,4086.0,1,3924.0,1,3453.0,1,3955.0,1,0.0,1,3977.0,1,4940.0,1,0.0,3681.879,3445.7795,162.0
404,2013-03-02,2606.0,298.0,1.0,0.0,0,0.0,6.0,0.8757349,0.4827922,1.0,6.123234e-17,1,0,0,1,4451.0,1,4086.0,1,3794.0,1,3917.0,1,5537.0,1,4173.0,1,4432.0,1,0.0,3989.5273,3669.1619,365.0
404,2013-03-03,0.0,0.0,0.0,0.0,0,0.0,7.0,0.8757349,0.4827922,1.0,6.123234e-17,1,0,0,1,2606.0,1,4451.0,1,3924.0,1,2459.0,1,4650.0,1,3115.0,1,4739.0,1,0.0,3436.1165,3432.9038,-1845.0
404,2013-03-04,6667.0,748.0,1.0,1.0,0,0.0,1.0,0.9266896,0.37582758,1.0,6.123234e-17,1,0,0,1,0.0,1,2606.0,1,4086.0,1,0.0,1,4277.0,1,2074.0,1,3887.0,1,0.0,2061.67,2670.0361,-2606.0
404,2013-03-05,5644.0,684.0,1.0,1.0,0,0.0,2.0,0.9266896,0.37582758,1.0,6.123234e-17,1,0,0,1,6667.0,1,0.0,1,4451.0,1,3453.0,1,3955.0,1,0.0,1,2274.0,1,0.0,3903.802,3558.2505,6667.0
404,2013-03-06,5256.0,651.0,1.0,1.0,0,0.0,3.0,0.9266896,0.37582758,1.0,6.123234e-17,1,0,0,1,5644.0,1,6667.0,1,2606.0,1,3794.0,1,3917.0,1,5537.0,1,0.0,1,0.0,4599.8813,4021.7502,-1023.0
404,2013-03-07,4564.0,625.0,1.0,1.0,0,0.0,4.0,0.9266896,0.37582758,1.0,6.123234e-17,1,0,0,1,5256.0,1,5644.0,1,0.0,1,3924.0,1,2459.0,1,4650.0,1,3599.0,1,0.0,4862.3286,4296.028,-388.0
404,2013-03-08,4331.0,541.0,1.0,1.0,0,0.0,5.0,0.9266896,0.37582758,1.0,6.123234e-17,1,0,0,1,4564.0,1,5256.0,1,6667.0,1,4086.0,1,0.0,1,4277.0,1,3140.0,1,0.0,4742.997,4355.577,-692.0
404,2013-03-09,2910.0,419.0,1.0,0.0,0,0.0,6.0,0.9266896,0.37582758,1.0,6.123234e-17,1,0,0,1,4331.0,1,4564.0,1,5644.0,1,4451.0,1,3453.0,1,3955.0,1,3977.0,1,0.0,4578.198,4350.1157,-233.0
404,2013-03-10,0.0,0.0,0.0,0.0,0,0.0,7.0,0.9266896,0.37582758,1.0,6.123234e-17,1,0,0,1,2910.0,1,4331.0,1,5256.0,1,2606.0,1,3794.0,1,3917.0,1,4173.0,1,0.0,3910.919,4030.09,-1421.0
404,2013-03-11,3618.0,561.0,1.0,0.0,0,0.0,1.0,0.9646356,0.26358718,1.0,6.123234e-17,1,0,0,1,0.0,1,2910.0,1,4564.0,1,0.0,1,3924.0,1,2459.0,1,3115.0,1,0.0,2346.5515,3134.5144,-2910.0
404,2013-03-12,3401.0,493.0,1.0,0.0,0,0.0,2.0,0.9646356,0.26358718,1.0,6.123234e-17,1,0,0,1,3618.0,1,0.0,1,4331.0,1,6667.0,1,4086.0,1,0.0,1,2074.0,1,0.0,2855.1309,3241.9556,3618.0
404,2013-03-13,3901.0,543.0,1.0,0.0,0,0.0,3.0,0.9646356,0.26358718,1.0,6.123234e-17,1,0,0,1,3401.0,1,3618.0,1,2910.0,1,5644.0,1,4451.0,1,3453.0,1,0.0,1,0.0,3073.4785,3277.2988,-217.0
404,2013-03-14,4407.0,577.0,1.0,0.0,0,0.0,4.0,0.9646356,0.26358718,1.0,6.123234e-17,1,0,0,1,3901.0,1,3401.0,1,0.0,1,5256.0,1,2606.0,1,3794.0,1,5537.0,1,0.0,3404.487,3415.8992,500.0
404,2013-03-15,4085.0,549.0,1.0,0.0,0,0.0,5.0,0.9646356,0.26358718,1.0,6.123234e-17,1,0,0,1,4407.0,1,3901.0,1,3618.0,1,4564.0,1,0.0,1,3924.0,1,4650.0,1,0.0,3805.4922,3636.1438,506.0
404,2013-03-16,2401.0,315.0,1.0,0.0,0,0.0,6.0,0.9646356,0.26358718,1.0,6.123234e-17,1,0,0,1,4085.0,1,4407.0,1,3401.0,1,4331.0,1,6667.0,1,4086.0,1,4277.0,1,0.0,3917.2954,3735.8896,-322.0
404,2013-03-17,0.0,0.0,0.0,0.0,0,0.0,7.0,0.9646356,0.26358718,1.0,6.123234e-17,1,0,0,1,2401.0,1,4085.0,1,3901.0,1,2910.0,1,5644.0,1,4451.0,1,3955.0,1,0.0,3310.777,3439.2476,-1684.0
404,2013-03-18,5039.0,620.0,1.0,1.0,0,0.0,1.0,0.9890402,0.14764656,1.0,6.123234e-17,1,0,0,1,0.0,1,2401.0,1,4407.0,1,0.0,1,5256.0,1,2606.0,1,3917.0,1,0.0,1986.4663,2674.9702,-2401.0
404,2013-03-19,5236.0,641.0,1.0,1.0,0,0.0,2.0,0.9890402,0.14764656,1.0,6.123234e-17,1,0,0,1,5039.0,1,0.0,1,4085.0,1,3618.0,1,4564.0,1,0.0,1,2459.0,1,0.0,3207.4797,3200.3103,5039.0
404,2013-03-20,4926.0,612.0,1.0,1.0,0,0.0,3.0,0.9890402,0.14764656,1.0,6.123234e-17,1,0,0,1,5236.0,1,5039.0,1,2401.0,1,3401.0,1,4331.0,1,6667.0,1,0.0,1,0.0,4018.888,3652.6858,197.0
404,2013-03-21,4711.0,619.0,1.0,1.0,0,0.0,4.0,0.9890402,0.14764656,1.0,6.123234e-17,1,0,0,1,4926.0,1,5236.0,1,0.0,1,3901.0,1,2910.0,1,5644.0,1,3453.0,1,13831.0,4381.733,3935.6445,-310.0
404,2013-03-22,4238.0,526.0,1.0,1.0,0,0.0,5.0,0.9890402,0.14764656,1.0,6.123234e-17,1,0,0,1,4711.0,1,4926.0,1,5039.0,1,4407.0,1,0.0,1,5256.0,1,3794.0,1,8322.0,4513.4395,4107.946,-215.0
404,2013-03-23,2236.0,273.0,1.0,0.0,0,0.0,6.0,0.9890402,0.14764656,1.0,6.123234e-17,1,0,0,1,4238.0,1,4711.0,1,5236.0,1,4085.0,1,3618.0,1,4564.0,1,3924.0,1,7806.0,4403.2637,4136.8467,-473.0
404,2013-03-24,0.0,0.0,0.0,0.0,0,0.0,7.0,0.9890402,0.14764656,1.0,6.123234e-17,1,0,0,1,2236.0,1,4238.0,1,4926.0,1,2401.0,1,3401.0,1,4331.0,1,4086.0,1,8535.0,3536.3582,3714.4363,-2002.0
404,2013-03-25,5890.0,651.0,1.0,1.0,0,1.0,1.0,0.99956083,0.029633328,1.0,6.123234e-17,1,0,0,1,0.0,1,2236.0,1,4711.0,1,0.0,1,3901.0,1,2910.0,1,4451.0,1,6901.0,2121.815,2889.006,-2236.0
404,2013-03-26,5256.0,651.0,1.0,1.0,0,1.0,2.0,0.99956083,0.029633328,1.0,6.123234e-17,1,0,0,1,5890.0,1,0.0,1,4238.0,1,5039.0,1,4407.0,1,0.0,1,2606.0,1,4671.0,3629.0889,3555.8936,5890.0
404,2013-03-27,5834.0,674.0,1.0,1.0,0,1.0,3.0,0.99956083,0.029633328,1.0,6.123234e-17,1,0,0,1,5256.0,1,5890.0,1,2236.0,1,5236.0,1,4085.0,1,3618.0,1,0.0,1,0.0,4279.8535,3933.695,-634.0
404,2013-03-28,5851.0,698.0,1.0,1.0,0,1.0,4.0,0.99956083,0.029633328,1.0,6.123234e-17,1,0,0,1,5834.0,1,5256.0,1,0.0,1,4926.0,1,2401.0,1,3401.0,1,6667.0,1,5361.0,4901.512,4355.985,578.0
404,2013-03-29,0.0,0.0,0.0,1.0,2,1.0,5.0,0.99956083,0.029633328,1.0,6.123234e-17,1,0,0,1,5851.0,1,5834.0,1,5890.0,1,4711.0,1,0.0,1,3901.0,1,5644.0,1,4940.0,5281.307,4688.2104,17.0
404,2013-03-30,3687.0,450.0,1.0,0.0,0,0.0,6.0,0.99956083,0.029633328,1.0,6.123234e-17,1,0,0,1,0.0,1,5851.0,1,5256.0,1,4238.0,1,5039.0,1,4407.0,1,5256.0,1,4432.0,3168.7844,3646.386,-5851.0
404,2013-03-31,0.0,0.0,0.0,0.0,0,0.0,7.0,0.99956083,0.029633328,1.0,6.123234e-17,1,0,1,1,3687.0,1,0.0,1,5834.0,1,2236.0,1,5236.0,1,4085.0,1,4564.0,1,4739.0,3376.0706,3655.4114,3687.0
404,2013-04-01,0.0,0.0,0.0,0.0,2,1.0,1.0,0.9960498,-0.08879589,0.8660254,-0.5,2,1,0,1,0.0,1,3687.0,1,5851.0,1,0.0,1,4926.0,1,2401.0,1,4331.0,1,3887.0,2025.6423,2843.0977,-3687.0
404,2013-04-02,4528.0,598.0,1.0,0.0,0,1.0,2.0,0.9960498,-0.08879589,0.8660254,-0.5,2,0,0,1,0.0,1,0.0,1,0.0,1,5890.0,1,4711.0,1,0.0,1,2910.0,1,2274.0,1215.3854,2211.298,0.0
404,2013-04-03,3944.0,520.0,1.0,0.0,0,1.0,3.0,0.9960498,-0.08879589,0.8660254,-0.5,2,0,0,1,4528.0,1,0.0,1,3687.0,1,5256.0,1,4238.0,1,5039.0,1,0.0,1,0.0,2540.4312,2726.1208,4528.0
404,2013-04-04,3935.0,523.0,1.0,0.0,0,1.0,4.0,0.9960498,-0.08879589,0.8660254,-0.5,2,0,0,1,3944.0,1,4528.0,1,0.0,1,5834.0,1,2236.0,1,5236.0,1,3618.0,1,3599.0,3101.8586,2996.7607,-584.0
404,2013-04-05,3645.0,462.0,1.0,0.0,0,1.0,5.0,0.9960498,-0.08879589,0.8660254,-0.5,2,0,0,1,3935.0,1,3944.0,1,0.0,1,5851.0,1,0.0,1,4926.0,1,3401.0,1,3140.0,3435.1152,3205.2583,-9.0
404,2013-04-06,2506.0,292.0,1.0,0.0,0,0.0,6.0,0.9960498,-0.08879589,0.8660254,-0.5,2,0,0,1,3645.0,1,3935.0,1,4528.0,1,0.0,1,5890.0,1,4711.0,1,3901.0,1,3977.0,3519.069,3302.9788,-290.0
404,2013-04-07,0.0,0.0,0.0,0.0,0,0.0,7.0,0.9960498,-0.08879589,0.8660254,-0.5,2,0,0,1,2506.0,1,3645.0,1,3944.0,1,3687.0,1,5256.0,1,4238.0,1,4407.0,1,4173.0,3113.8416,3125.8723,-1139.0
404,2013-04-08,5632.0,701.0,1.0,1.0,0,0.0,1.0,0.9785565,-0.20597862,0.8660254,-0.5,2,0,0,1,0.0,1,2506.0,1,3935.0,1,0.0,1,5834.0,1,2236.0,1,4085.0,1,3115.0,1868.3049,2431.234,-2506.0
404,2013-04-09,4621.0,570.0,1.0,1.0,0,0.0,2.0,0.9785565,-0.20597862,0.8660254,-0.5,2,0,0,1,5632.0,1,0.0,1,3645.0,1,0.0,1,5851.0,1,0.0,1,2401.0,1,2074.0,3373.783,3142.5154,5632.0
404,2013-04-10,4166.0,576.0,1.0,1.0,0,0.0,3.0,0.9785565,-0.20597862,0.8660254,-0.5,2,0,0,1,4621.0,1,5632.0,1,2506.0,1,4528.0,1,0.0,1,5890.0,1,0.0,1,0.0,3872.6697,3471.0674,-1011.0
404,2013-04-11,4074.0,551.0,1.0,1.0,0,0.0,4.0,0.9785565,-0.20597862,0.8660254,-0.5,2,0,0,1,4166.0,1,4621.0,1,0.0,1,3944.0,1,3687.0,1,5256.0,1,5039.0,1,5537.0,3990.002,3625.4968,-455.0
404,2013-04-12,4333.0,557.0,1.0,1.0,0,0.0,5.0,0.9785565,-0.20597862,0.8660254,-0.5,2,0,0,1,4074.0,1,4166.0,1,5632.0,1,3935.0,1,0.0,1,5834.0,1,5236.0,1,4650.0,4023.601,3725.1643,-92.0
404,2013-04-13,2429.0,306.0,1.0,0.0,0,0.0,6.0,0.9785565,-0.20597862,0.8660254,-0.5,2,0,0,1,4333.0,1,4074.0,1,4621.0,1,3645.0,1,0.0,1,5851.0,1,4926.0,1,4277.0,4147.361,3860.2388,259.0
404,2013-04-14,0.0,0.0,0.0,0.0,0,0.0,7.0,0.9785565,-0.20597862,0.8660254,-0.5,2,0,0,1,2429.0,1,4333.0,1,4166.0,1,2506.0,1,4528.0,1,0.0,1,4711.0,1,3955.0,3460.0164,3542.1858,-1904.0
404,2013-04-15,3655.0,598.0,1.0,0.0,0,0.0,1.0,0.94732636,-0.32026985,0.8660254,-0.5,2,0,0,1,0.0,1,2429.0,1,4074.0,1,0.0,1,3944.0,1,3687.0,1,4238.0,1,3917.0,2076.0098,2755.0334,-2429.0
404,2013-04-16,4004.0,566.0,1.0,0.0,0,0.0,2.0,0.94732636,-0.32026985,0.8660254,-0.5,2,0,0,1,3655.0,1,0.0,1,4333.0,1,5632.0,1,3935.0,1,0.0,1,2236.0,1,2459.0,2707.606,2955.026,3655.0
404,2013-04-17,3772.0,526.0,1.0,0.0,0,0.0,3.0,0.94732636,-0.32026985,0.8660254,-0.5,2,0,0,1,4004.0,1,3655.0,1,2429.0,1,4621.0,1,3645.0,1,0.0,1,0.0,1,0.0,3226.1636,3188.1313,349.0
404,2013-04-18,3686.0,557.0,1.0,0.0,0,0.0,4.0,0.94732636,-0.32026985,0.8660254,-0.5,2,0,0,1,3772.0,1,4004.0,1,0.0,1,4166.0,1,2506.0,1,4528.0,1,5890.0,1,3453.0,3444.498,3317.88,-232.0
404,2013-04-19,3798.0,540.0,1.0,0.0,0,0.0,5.0,0.94732636,-0.32026985,0.8660254,-0.5,2,0,0,1,3686.0,1,3772.0,1,3655.0,1,4074.0,1,0.0,1,3944.0,1,5256.0,1,3794.0,3541.0989,3399.6843,-86.0
404,2013-04-20,2206.0,271.0,1.0,0.0,0,0.0,6.0,0.94732636,-0.32026985,0.8660254,-0.5,2,0,0,1,3798.0,1,3686.0,1,4004.0,1,4333.0,1,5632.0,1,3935.0,1,5834.0,1,3924.0,3643.8594,3488.199,112.0
404,2013-04-21,0.0,0.0,0.0,0.0,0,0.0,7.0,0.94732636,-0.32026985,0.8660254,-0.5,2,0,0,1,2206.0,1,3798.0,1,3772.0,1,2429.0,1,4621.0,1,3645.0,1,5851.0,1,4086.0,3068.7156,3203.2659,-1592.0
404,2013-04-22,5231.0,680.0,1.0,1.0,0,0.0,1.0,0.9027978,-0.4300652,0.8660254,-0.5,2,0,0,1,0.0,1,2206.0,1,3686.0,1,0.0,1,4166.0,1,2506.0,1,0.0,1,4451.0,1841.2294,2491.429,-2206.0
404,2013-04-23,4831.0,639.0,1.0,1.0,0,0.0,2.0,0.9027978,-0.4300652,0.8660254,-0.5,2,0,0,1,5231.0,1,0.0,1,3798.0,1,3655.0,1,4074.0,1,0.0,1,3687.0,1,2606.0,3197.1377,3100.2227,5231.0
404,2013-04-24,4745.0,597.0,1.0,1.0,0,0.0,3.0,0.9027978,-0.4300652,0.8660254,-0.5,2,0,0,1,4831.0,1,5231.0,1,2206.0,1,4004.0,1,4333.0,1,5632.0,1,0.0,1,0.0,3850.6826,3484.8398,-400.0
404,2013-04-25,4633.0,640.0,1.0,1.0,0,0.0,4.0,0.9027978,-0.4300652,0.8660254,-0.5,2,0,0,1,4745.0,1,4831.0,1,0.0,1,3772.0,1,2429.0,1,4621.0,1,0.0,1,6667.0,4208.4097,3764.8755,-86.0
404,2013-04-26,4068.0,535.0,1.0,1.0,0,0.0,5.0,0.9027978,-0.4300652,0.8660254,-0.5,2,0,0,1,4633.0,1,4745.0,1,5231.0,1,3686.0,1,0.0,1,4166.0,1,4528.0,1,5644.0,4378.2456,3957.792,-112.0
404,2013-04-27,2617.0,298.0,1.0,0.0,0,0.0,6.0,0.9027978,-0.4300652,0.8660254,-0.5,2,0,0,1,4068.0,1,4633.0,1,4831.0,1,3798.0,1,3655.0,1,4074.0,1,3944.0,1,5256.0,4254.1475,3982.2827,-565.0
404,2013-04-28,0.0,0.0,0.0,0.0,0,0.0,7.0,0.9027978,-0.4300652,0.8660254,-0.5,2,0,0,1,2617.0,1,4068.0,1,4745.0,1,2206.0,1,4004.0,1,4333.0,1,3935.0,1,4564.0,3599.2886,3678.8865,-1451.0
404,2013-04-29,5370.0,684.0,1.0,1.0,0,0.0,1.0,0.845596,-0.5338234,0.8660254,-0.5,2,0,0,1,0.0,1,2617.0,1,4633.0,1,0.0,1,3772.0,1,2429.0,1,3645.0,1,4331.0,2159.573,2861.3562,-2617.0
404,2013-04-30,5586.0,660.0,1.0,1.0,0,0.0,2.0,0.845596,-0.5338234,0.8660254,-0.5,2,0,1,1,5370.0,1,0.0,1,4068.0,1,5231.0,1,3686.0,1,0.0,1,2506.0,1,2910.0,3443.744,3418.8325,5370.0
404,2013-05-01,0.0,0.0,0.0,1.0,1,0.0,3.0,0.845596,-0.5338234,0.5,-0.8660254,2,1,0,1,5586.0,1,5370.0,1,2617.0,1,4831.0,1,3798.0,1,3655.0,1,0.0,1,0.0,4300.6465,3900.4253,216.0
404,2013-05-02,5664.0,648.0,1.0,1.0,0,0.0,4.0,0.845596,-0.5338234,0.5,-0.8660254,2,0,0,1,0.0,1,5586.0,1,0.0,1,4745.0,1,2206.0,1,4004.0,1,5632.0,1,3618.0,2580.3877,3033.664,-5586.0
404,2013-05-03,5128.0,605.0,1.0,1.0,0,0.0,5.0,0.845596,-0.5338234,0.5,-0.8660254,2,0,0,1,5664.0,1,0.0,1,5370.0,1,4633.0,1,0.0,1,3772.0,1,4621.0,1,3401.0,3813.8328,3618.183,5664.0
404,2013-05-04,2724.0,311.0,1.0,0.0,0,0.0,6.0,0.845596,-0.5338234,0.5,-0.8660254,2,0,0,1,5128.0,1,5664.0,1,5586.0,1,4068.0,1,5231.0,1,3686.0,1,4166.0,1,3901.0,4339.4995,3953.698,-536.0
404,2013-05-05,0.0,0.0,0.0,0.0,0,0.0,7.0,0.845596,-0.5338234,0.5,-0.8660254,2,0,0,1,2724.0,1,5128.0,1,0.0,1,2617.0,1,4831.0,1,3798.0,1,4074.0,1,4407.0,3693.2998,3680.432,-2404.0
404,2013-05-06,4670.0,649.0,1.0,0.0,0,0.0,1.0,0.7765239,-0.63008785,0.5,-0.8660254,2,0,0,1,0.0,1,2724.0,1,5664.0,1,0.0,1,4745.0,1,2206.0,1,4333.0,1,4085.0,2215.9797,2862.558,-2724.0
404,2013-05-07,4475.0,596.0,1.0,0.0,0,0.0,2.0,0.7765239,-0.63008785,0.5,-0.8660254,2,0,0,1,4670.0,1,0.0,1,5128.0,1,5370.0,1,4633.0,1,0.0,1,2429.0,1,2401.0,3197.588,3264.212,4670.0
404,2013-05-08,5557.0,702.0,1.0,0.0,0,0.0,3.0,0.7765239,-0.63008785,0.5,-0.8660254,2,0,0,1,4475.0,1,4670.0,1,2724.0,1,5586.0,1,4068.0,1,5231.0,1,0.0,1,0.0,3708.5527,3533.276,-195.0
404,2013-05-09,0.0,0.0,0.0,0.0,1,0.0,4.0,0.7765239,-0.63008785,0.5,-0.8660254,2,0,0,1,5557.0,1,4475.0,1,0.0,1,0.0,1,2617.0,1,4831.0,1,3655.0,1,5039.0,4447.9316,3982.9924,1082.0
404,2013-05-10,4075.0,554.0,1.0,0.0,0,0.0,5.0,0.7765239,-0.63008785,0.5,-0.8660254,2,0,0,1,0.0,1,5557.0,1,4670.0,1,5664.0,1,0.0,1,4745.0,1,4004.0,1,5236.0,2668.759,3097.883,-5557.0
404,2013-05-11,2632.0,313.0,1.0,0.0,0,0.0,6.0,0.7765239,-0.63008785,0.5,-0.8660254,2,0,0,1,4075.0,1,0.0,1,4475.0,1,5128.0,1,5370.0,1,4633.0,1,3772.0,1,4926.0,3231.2554,3315.02,4075.0
404,2013-05-12,0.0,0.0,0.0,0.0,0,0.0,7.0,0.7765239,-0.63008785,0.5,-0.8660254,2,0,0,1,2632.0,1,4075.0,1,5557.0,1,2724.0,1,5586.0,1,4068.0,1,3686.0,1,4711.0,2991.5532,3163.2378,-1443.0
404,2013-05-13,5210.0,676.0,1.0,1.0,0,0.0,1.0,0.696551,-0.71750724,0.5,-0.8660254,2,0,0,1,0.0,1,2632.0,1,0.0,1,0.0,1,0.0,1,2617.0,1,3798.0,1,4238.0,1794.9319,2460.2961,-2632.0
404,2013-05-14,4946.0,627.0,1.0,1.0,0,0.0,2.0,0.696551,-0.71750724,0.5,-0.8660254,2,0,0,1,5210.0,1,0.0,1,4075.0,1,4670.0,1,5664.0,1,0.0,1,2206.0,1,2236.0,3160.9592,3071.3413,5210.0
404,2013-05-15,5090.0,600.0,1.0,1.0,0,0.0,3.0,0.696551,-0.71750724,0.5,-0.8660254,2,0,0,1,4946.0,1,5210.0,1,2632.0,1,4475.0,1,5128.0,1,5370.0,1,0.0,1,0.0,3874.9756,3487.9321,-264.0
404,2013-05-16,4937.0,647.0,1.0,1.0,0,0.0,4.0,0.696551,-0.71750724,0.5,-0.8660254,2,0,0,1,5090.0,1,4946.0,1,0.0,1,5557.0,1,2724.0,1,5586.0,1,5231.0,1,5890.0,4360.9854,3843.9473,144.0
404,2013-05-17,4691.0,566.0,1.0,1.0,0,0.0,5.0,0.696551,-0.71750724,0.5,-0.8660254,2,0,0,1,4937.0,1,5090.0,1,5210.0,1,0.0,1,0.0,1,0.0,1,4831.0,1,5256.0,4591.391,4086.848,-153.0
404,2013-05-18,2623.0,301.0,1.0,0.0,0,0.0,6.0,0.696551,-0.71750724,0.5,-0.8660254,2,0,0,1,4691.0,1,4937.0,1,4946.0,1,4075.0,1,4670.0,1,5664.0,1,4745.0,1,5834.0,4631.235,4221.104,-246.0
404,2013-05-19,0.0,0.0,0.0,0.0,0,0.0,7.0,0.696551,-0.71750724,0.5,-0.8660254,2,0,0,1,2623.0,1,4691.0,1,5090.0,1,2632.0,1,4475.0,1,5128.0,1,4633.0,1,5851.0,3827.941,3865.9697,-2068.0
404,2013-05-20,0.0,0.0,0.0,0.0,1,0.0,1.0,0.60680014,-0.79485446,0.5,-0.8660254,2,0,0,1,0.0,1,2623.0,1,4937.0,1,0.0,1,5557.0,1,2724.0,1,4068.0,1,0.0,2296.7644,3006.8652,-2623.0
404,2013-05-21,4473.0,539.0,1.0,0.0,0,1.0,2.0,0.60680014,-0.79485446,0.5,-0.8660254,2,0,0,1,0.0,1,0.0,1,4691.0,1,5210.0,1,0.0,1,0.0,1,2617.0,1,3687.0,1378.0587,2338.673,0.0
404,2013-05-22,3448.0,483.0,1.0,0.0,0,1.0,3.0,0.60680014,-0.79485446,0.5,-0.8660254,2,0,0,1,4473.0,1,0.0,1,2623.0,1,4946.0,1,4075.0,1,4670.0,1,0.0,1,0.0,2616.0352,2812.968,4473.0
404,2013-05-23,3588.0,432.0,1.0,0.0,0,1.0,4.0,0.60680014,-0.79485446,0.5,-0.8660254,2,0,0,1,3448.0,1,4473.0,1,0.0,1,5090.0,1,2632.0,1,4475.0,1,5370.0,1,0.0,2948.821,2954.0862,-1025.0
404,2013-05-24,3275.0,401.0,1.0,0.0,0,1.0,5.0,0.60680014,-0.79485446,0.5,-0.8660254,2,0,0,1,3588.0,1,3448.0,1,0.0,1,4937.0,1,0.0,1,5557.0,1,5586.0,1,4528.0,3204.4927,3094.9558,140.0
404,2013-05-25,2029.0,241.0,1.0,0.0,0,0.0,6.0,0.60680014,-0.79485446,0.5,-0.8660254,2,0,0,1,3275.0,1,3588.0,1,4473.0,1,4691.0,1,5210.0,1,0.0,1,0.0,1,3944.0,3232.6956,3134.9656,-313.0
404,2013-05-26,0.0,0.0,0.0,0.0,0,0.0,7.0,0.60680014,-0.79485446,0.5,-0.8660254,2,0,0,1,2029.0,1,3275.0,1,3448.0,1,2623.0,1,4946.0,1,4075.0,1,5664.0,1,3935.0,2751.2173,2889.1956,-1246.0
404,2013-05-27,5139.0,592.0,1.0,1.0,0,1.0,1.0,0.5085311,-0.86104363,0.5,-0.8660254,2,0,0,1,0.0,1,2029.0,1,3588.0,1,0.0,1,5090.0,1,2632.0,1,5128.0,1,3645.0,1650.7305,2247.152,-2029.0
404,2013-05-28,4979.0,576.0,1.0,1.0,0,1.0,2.0,0.5085311,-0.86104363,0.5,-0.8660254,2,0,0,1,5139.0,1,0.0,1,3275.0,1,0.0,1,4937.0,1,0.0,1,2724.0,1,2506.0,3046.0383,2889.785,5139.0
404,2013-05-29,4805.0,497.0,1.0,1.0,0,1.0,3.0,0.5085311,-0.86104363,0.5,-0.8660254,2,0,0,1,4979.0,1,5139.0,1,2029.0,1,4473.0,1,4691.0,1,5210.0,1,0.0,1,0.0,3819.223,3354.055,-160.0
404,2013-05-30,0.0,0.0,0.0,1.0,1,1.0,4.0,0.5085311,-0.86104363,0.5,-0.8660254,2,0,0,1,4805.0,1,4979.0,1,0.0,1,3448.0,1,2623.0,1,4946.0,1,4670.0,1,5632.0,4213.5337,3676.4873,-174.0
404,2013-05-31,5588.0,560.0,1.0,1.0,0,1.0,5.0,0.5085311,-0.86104363,0.5,-0.8660254,2,0,1,1,0.0,1,4805.0,1,5139.0,1,3588.0,1,0.0,1,5090.0,1,4475.0,1,4621.0,2528.1204,2859.49,-4805.0
404,2013-06-01,2248.0,236.0,1.0,0.0,0,0.0,6.0,0.5085311,-0.86104363,1.2246469e-16,-1.0,2,1,0,1,5588.0,1,0.0,1,4979.0,1,3275.0,1,0.0,1,4937.0,1,5557.0,1,4166.0,3752.0723,3465.8257,5588.0
404,2013-06-02,0.0,0.0,0.0,0.0,0,0.0,7.0,0.5085311,-0.86104363,1.2246469e-16,-1.0,2,0,0,1,2248.0,1,5588.0,1,4805.0,1,2029.0,1,4473.0,1,4691.0,1,0.0,1,4074.0,3150.4434,3195.1978,-3340.0
404,2013-06-03,6471.0,792.0,1.0,1.0,0,0.0,1.0,0.40312344,-0.91514564,1.2246469e-16,-1.0,2,0,0,1,0.0,1,2248.0,1,0.0,1,0.0,1,3448.0,1,2623.0,1,4075.0,1,4333.0,1890.266,2485.1538,-2248.0
404,2013-06-04,6188.0,700.0,1.0,1.0,0,0.0,2.0,0.40312344,-0.91514564,1.2246469e-16,-1.0,2,0,0,1,6471.0,1,0.0,1,5588.0,1,5139.0,1,3588.0,1,0.0,1,2632.0,1,2429.0,3722.5596,3370.8975,6471.0
404,2013-06-05,5409.0,626.0,1.0,1.0,0,0.0,3.0,0.40312344,-0.91514564,1.2246469e-16,-1.0,2,0,0,1,6188.0,1,6471.0,1,2248.0,1,4979.0,1,3275.0,1,0.0,1,0.0,1,0.0,4708.736,3996.9202,-283.0
404,2013-06-06,4847.0,635.0,1.0,1.0,0,0.0,4.0,0.40312344,-0.91514564,1.2246469e-16,-1.0,2,0,0,1,5409.0,1,6188.0,1,0.0,1,4805.0,1,2029.0,1,4473.0,1,5210.0,1,3655.0,4988.8413,4310.716,-779.0
404,2013-06-07,4968.0,594.0,1.0,1.0,0,0.0,5.0,0.40312344,-0.91514564,1.2246469e-16,-1.0,2,0,0,1,4847.0,1,5409.0,1,6471.0,1,0.0,1,0.0,1,3448.0,1,4946.0,1,4004.0,4932.105,4429.89,-562.0
404,2013-06-08,2278.0,326.0,1.0,0.0,0,0.0,6.0,0.40312344,-0.91514564,1.2246469e-16,-1.0,2,0,0,1,4968.0,1,4847.0,1,6188.0,1,5588.0,1,5139.0,1,3588.0,1,5090.0,1,3772.0,4946.463,4549.47,121.0
404,2013-06-09,0.0,0.0,0.0,0.0,0,0.0,7.0,0.40312344,-0.91514564,1.2246469e-16,-1.0,2,0,0,1,2278.0,1,4968.0,1,5409.0,1,2248.0,1,4979.0,1,3275.0,1,4937.0,1,3686.0,3879.0776,4044.699,-2690.0
404,2013-06-10,3627.0,547.0,1.0,0.0,0,0.0,1.0,0.29205677,-0.956401,1.2246469e-16,-1.0,2,0,0,1,0.0,1,2278.0,1,4847.0,1,0.0,1,4805.0,1,2029.0,1,4691.0,1,3798.0,2327.4465,3145.877,-2278.0
404,2013-06-11,4668.0,609.0,1.0,0.0,0,0.0,2.0,0.29205677,-0.956401,1.2246469e-16,-1.0,2,0,0,1,3627.0,1,0.0,1,4968.0,1,6471.0,1,0.0,1,0.0,1,2623.0,1,2206.0,2847.268,3252.7932,3627.0
404,2013-06-12,3885.0,533.0,1.0,0.0,0,0.0,3.0,0.29205677,-0.956401,1.2246469e-16,-1.0,2,0,0,1,4668.0,1,3627.0,1,2278.0,1,6188.0,1,5588.0,1,5139.0,1,0.0,1,0.0,3575.5608,3567.2834,1041.0
404,2013-06-13,4130.0,557.0,1.0,0.0,0,0.0,4.0,0.29205677,-0.956401,1.2246469e-16,-1.0,2,0,0,1,3885.0,1,4668.0,1,0.0,1,5409.0,1,2248.0,1,4979.0,1,0.0,1,5231.0,3699.3364,3637.8872,-783.0
404,2013-06-14,4206.0,525.0,1.0,0.0,0,0.0,5.0,0.29205677,-0.956401,1.2246469e-16,-1.0,2,0,0,1,4130.0,1,3885.0,1,3627.0,1,4847.0,1,0.0,1,4805.0,1,4473.0,1,4831.0,3871.6018,3747.2456,245.0
404,2013-06-15,2889.0,329.0,1.0,0.0,0,0.0,6.0,0.29205677,-0.956401,1.2246469e-16,-1.0,2,0,0,1,4206.0,1,4130.0,1,4668.0,1,4968.0,1,6471.0,1,0.0,1,3448.0,1,4745.0,4005.361,3849.191,76.0
404,2013-06-16,0.0,0.0,0.0,0.0,0,0.0,7.0,0.29205677,-0.956401,1.2246469e-16,-1.0,2,0,0,1,2889.0,1,4206.0,1,3885.0,1,2278.0,1,6188.0,1,5588.0,1,3588.0,1,4633.0,3558.8167,3635.8152,-1317.0
404,2013-06-17,5156.0,648.0,1.0,1.0,0,0.0,1.0,0.17689027,-0.9842306,1.2246469e-16,-1.0,2,0,0,1,0.0,1,2889.0,1,4130.0,1,0.0,1,5409.0,1,2248.0,1,3275.0,1,4068.0,2135.29,2827.8562,-2889.0
404,2013-06-18,4848.0,591.0,1.0,1.0,0,0.0,2.0,0.17689027,-0.9842306,1.2246469e-16,-1.0,2,0,0,1,5156.0,1,0.0,1,4206.0,1,3627.0,1,4847.0,1,0.0,1,2029.0,1,2617.0,3343.574,3345.2217,5156.0
404,2013-06-19,4765.0,568.0,1.0,1.0,0,0.0,3.0,0.17689027,-0.9842306,1.2246469e-16,-1.0,2,0,0,1,4848.0,1,5156.0,1,2889.0,1,4668.0,1,4968.0,1,6471.0,1,0.0,1,0.0,3945.3445,3679.1724,-308.0
404,2013-06-20,4499.0,564.0,1.0,1.0,0,0.0,4.0,0.17689027,-0.9842306,1.2246469e-16,-1.0,2,0,0,1,4765.0,1,4848.0,1,0.0,1,3885.0,1,2278.0,1,6188.0,1,5139.0,1,5370.0,4273.2065,3920.4673,-83.0
404,2013-06-21,4493.0,550.0,1.0,1.0,0,0.0,5.0,0.17689027,-0.9842306,1.2246469e-16,-1.0,2,0,0,1,4499.0,1,4765.0,1,5156.0,1,4130.0,1,0.0,1,5409.0,1,4979.0,1,5586.0,4363.524,4049.0303,-266.0
404,2013-06-22,2646.0,311.0,1.0,0.0,0,0.0,6.0,0.17689027,-0.9842306,1.2246469e-16,-1.0,2,0,0,1,4493.0,1,4499.0,1,4848.0,1,4206.0,1,3627.0,1,4847.0,1,4805.0,1,0.0,4415.3145,4147.69,-6.0
404,2013-06-23,0.0,0.0,0.0,0.0,0,0.0,7.0,0.17689027,-0.9842306,1.2246469e-16,-1.0,2,0,0,1,2646.0,1,4493.0,1,4765.0,1,2889.0,1,4668.0,1,4968.0,1,0.0,1,5664.0,3707.5886,3813.9812,-1847.0
404,2013-06-24,4496.0,613.0,1.0,0.0,0,0.0,1.0,0.059240628,-0.99824375,1.2246469e-16,-1.0,2,0,0,1,0.0,1,2646.0,1,4499.0,1,0.0,1,3885.0,1,2278.0,1,5588.0,1,5128.0,2224.5532,2966.43,-2646.0
404,2013-06-25,4020.0,571.0,1.0,0.0,0,0.0,2.0,0.059240628,-0.99824375,1.2246469e-16,-1.0,2,0,0,1,4496.0,1,0.0,1,4493.0,1,5156.0,1,4130.0,1,0.0,1,2248.0,1,2724.0,3133.1318,3306.3342,4496.0
404,2013-06-26,4179.0,555.0,1.0,0.0,0,0.0,3.0,0.059240628,-0.99824375,1.2246469e-16,-1.0,2,0,0,1,4020.0,1,4496.0,1,2646.0,1,4848.0,1,4206.0,1,3627.0,1,0.0,1,0.0,3487.8792,3464.9268,-476.0
404,2013-06-27,3796.0,529.0,1.0,0.0,0,0.0,4.0,0.059240628,-0.99824375,1.2246469e-16,-1.0,2,0,0,1,4179.0,1,4020.0,1,0.0,1,4765.0,1,2889.0,1,4668.0,1,6471.0,1,4670.0,3764.3274,3623.6096,159.0
404,2013-06-28,4235.0,539.0,1.0,0.0,0,0.0,5.0,0.059240628,-0.99824375,1.2246469e-16,-1.0,2,0,0,1,3796.0,1,4179.0,1,4496.0,1,4499.0,1,0.0,1,3885.0,1,6188.0,1,4475.0,3776.9966,3661.9187,-383.0
404,2013-06-29,2204.0,265.0,1.0,0.0,0,0.0,6.0,0.059240628,-0.99824375,1.2246469e-16,-1.0,2,0,0,1,4235.0,1,3796.0,1,4020.0,1,4493.0,1,5156.0,1,4130.0,1,5409.0,1,5557.0,3960.198,3789.27,439.0
404,2013-06-30,0.0,0.0,0.0,0.0,0,0.0,7.0,0.059240628,-0.99824375,1.2246469e-16,-1.0,2,0,1,1,2204.0,1,4235.0,1,4179.0,1,2646.0,1,4848.0,1,4206.0,1,4847.0,1,0.0,3257.7188,3436.9878,-2031.0
404,2013-07-01,6026.0,739.0,1.0,1.0,0,0.0,1.0,-0.059240628,-0.99824375,-0.5,-0.8660254,3,1,0,1,0.0,1,2204.0,1,3796.0,1,0.0,1,4765.0,1,2889.0,1,4968.0,1,4075.0,1954.6312,2673.2126,-2204.0
404,2013-07-02,5146.0,657.0,1.0,1.0,0,0.0,2.0,-0.059240628,-0.99824375,-0.5,-0.8660254,3,0,0,1,6026.0,1,0.0,1,4235.0,1,4496.0,1,4499.0,1,0.0,1,2278.0,1,2632.0,3583.1787,3418.2766,6026.0
404,2013-07-03,4846.0,561.0,1.0,1.0,0,0.0,3.0,-0.059240628,-0.99824375,-0.5,-0.8660254,3,0,0,1,5146.0,1,6026.0,1,2204.0,1,4020.0,1,4493.0,1,5156.0,1,0.0,1,0.0,4208.307,3802.215,-880.0
404,2013-07-04,4800.0,592.0,1.0,1.0,0,0.0,4.0,-0.059240628,-0.99824375,-0.5,-0.8660254,3,0,0,1,4846.0,1,5146.0,1,0.0,1,4179.0,1,2646.0,1,4848.0,1,3627.0,1,5210.0,4463.3843,4034.1672,-300.0
404,2013-07-05,4325.0,566.0,1.0,1.0,0,0.0,5.0,-0.059240628,-0.99824375,-0.5,-0.8660254,3,0,0,1,4800.0,1,4846.0,1,6026.0,1,3796.0,1,0.0,1,4765.0,1,4668.0,1,4946.0,4598.031,4204.3525,-46.0
404,2013-07-06,2756.0,346.0,1.0,0.0,0,0.0,6.0,-0.059240628,-0.99824375,-0.5,-0.8660254,3,0,0,1,4325.0,1,4800.0,1,5146.0,1,4235.0,1,4496.0,1,4499.0,1,3885.0,1,5090.0,4488.8184,4231.163,-475.0
404,2013-07-07,0.0,0.0,0.0,0.0,0,0.0,7.0,-0.059240628,-0.99824375,-0.5,-0.8660254,3,0,0,1,2756.0,1,4325.0,1,4846.0,1,2204.0,1,4020.0,1,4493.0,1,4130.0,1,4937.0,3795.691,3903.3489,-1569.0
404,2013-07-08,4370.0,608.0,1.0,0.0,0,0.0,1.0,-0.17689027,-0.9842306,-0.5,-0.8660254,3,0,0,1,0.0,1,2756.0,1,4800.0,1,0.0,1,4179.0,1,2646.0,1,4206.0,1,4691.0,2277.4146,3035.938,-2756.0
404,2013-07-09,4421.0,587.0,1.0,0.0,0,0.0,2.0,-0.17689027,-0.9842306,-0.5,-0.8660254,3,0,0,1,4370.0,1,0.0,1,4325.0,1,6026.0,1,3796.0,1,0.0,1,2889.0,1,2623.0,3114.4487,3332.3962,4370.0
404,2013-07-10,4071.0,527.0,1.0,0.0,0,0.0,3.0,-0.17689027,-0.9842306,-0.5,-0.8660254,3,0,0,1,4421.0,1,4370.0,1,2756.0,1,5146.0,1,4235.0,1,4496.0,1,0.0,1,0.0,3637.0693,3574.308,51.0
404,2013-07-11,5013.0,600.0,1.0,0.0,0,0.0,4.0,-0.17689027,-0.9842306,-0.5,-0.8660254,3,0,0,1,4071.0,1,4421.0,1,0.0,1,4846.0,1,2204.0,1,4020.0,1,5156.0,1,0.0,3810.6416,3684.684,-350.0
404,2013-07-12,3705.0,480.0,1.0,0.0,0,0.0,5.0,-0.17689027,-0.9842306,-0.5,-0.8660254,3,0,0,1,5013.0,1,4071.0,1,4370.0,1,4800.0,1,0.0,1,4179.0,1,4848.0,1,4473.0,4291.585,3979.8655,942.0
404,2013-07-13,2614.0,335.0,1.0,0.0,0,0.0,6.0,-0.17689027,-0.9842306,-0.5,-0.8660254,3,0,0,1,3705.0,1,5013.0,1,4421.0,1,4325.0,1,6026.0,1,3796.0,1,4765.0,1,3448.0,4056.951,3918.7842,-1308.0
404,2013-07-14,0.0,0.0,0.0,0.0,0,0.0,7.0,-0.17689027,-0.9842306,-0.5,-0.8660254,3,0,0,1,2614.0,1,3705.0,1,4071.0,1,2756.0,1,5146.0,1,4235.0,1,4499.0,1,3588.0,3479.7705,3628.8323,-1091.0
404,2013-07-15,6484.0,705.0,1.0,1.0,0,0.0,1.0,-0.29205677,-0.956401,-0.5,-0.8660254,3,0,0,1,0.0,1,2614.0,1,5013.0,1,0.0,1,4846.0,1,2204.0,1,4493.0,1,3275.0,2087.8623,2822.425,-2614.0
404,2013-07-16,5921.0,678.0,1.0,1.0,0,0.0,2.0,-0.29205677,-0.956401,-0.5,-0.8660254,3,0,0,1,6484.0,1,0.0,1,3705.0,1,4370.0,1,4800.0,1,0.0,1,2646.0,1,2029.0,3846.3174,3636.1084,6484.0
404,2013-07-17,5694.0,655.0,1.0,1.0,0,0.0,3.0,-0.29205677,-0.956401,-0.5,-0.8660254,3,0,0,1,5921.0,1,6484.0,1,2614.0,1,4421.0,1,4325.0,1,6026.0,1,0.0,1,0.0,4676.1904,4143.8623,-563.0
404,2013-07-18,5286.0,641.0,1.0,1.0,0,0.0,4.0,-0.29205677,-0.956401,-0.5,-0.8660254,3,0,0,1,5694.0,1,5921.0,1,0.0,1,4071.0,1,2756.0,1,5146.0,1,4496.0,1,5139.0,5083.3145,4488.3374,-227.0
404,2013-07-19,4668.0,553.0,1.0,1.0,0,0.0,5.0,-0.29205677,-0.956401,-0.5,-0.8660254,3,0,0,1,5286.0,1,5694.0,1,6484.0,1,5013.0,1,0.0,1,4846.0,1,4020.0,1,4979.0,5164.3887,4665.5957,-408.0
404,2013-07-20,2890.0,319.0,1.0,0.0,0,0.0,6.0,-0.29205677,-0.956401,-0.5,-0.8660254,3,0,0,1,4668.0,1,5286.0,1,5921.0,1,3705.0,1,4370.0,1,4800.0,1,4179.0,1,4805.0,4965.833,4666.13,-618.0
404,2013-07-21,0.0,0.0,0.0,0.0,0,0.0,7.0,-0.29205677,-0.956401,-0.5,-0.8660254,3,0,0,1,2890.0,1,4668.0,1,5694.0,1,2614.0,1,4421.0,1,4325.0,1,3796.0,1,0.0,4135.5,4271.4346,-1778.0
404,2013-07-22,4277.0,559.0,1.0,0.0,0,0.0,1.0,-0.40312344,-0.91514564,-0.5,-0.8660254,3,0,0,1,0.0,1,2890.0,1,5286.0,1,0.0,1,4071.0,1,2756.0,1,4235.0,1,5588.0,2481.3,3322.2268,-2890.0
404,2013-07-23,3914.0,525.0,1.0,0.0,0,0.0,2.0,-0.40312344,-0.91514564,-0.5,-0.8660254,3,0,0,1,4277.0,1,0.0,1,4668.0,1,6484.0,1,5013.0,1,0.0,1,2204.0,1,2248.0,3199.58,3534.3987,4277.0
404,2013-07-24,4446.0,571.0,1.0,0.0,0,0.0,3.0,-0.40312344,-0.91514564,-0.5,-0.8660254,3,0,0,1,3914.0,1,4277.0,1,2890.0,1,5921.0,1,3705.0,1,4370.0,1,0.0,1,0.0,3485.348,3618.7544,-363.0
404,2013-07-25,3844.0,487.0,1.0,0.0,0,1.0,4.0,-0.40312344,-0.91514564,-0.5,-0.8660254,3,0,0,1,4446.0,1,3914.0,1,0.0,1,5694.0,1,2614.0,1,4421.0,1,6026.0,1,6471.0,3869.609,3802.5867,532.0
404,2013-07-26,3823.0,491.0,1.0,0.0,0,1.0,5.0,-0.40312344,-0.91514564,-0.5,-0.8660254,3,0,0,1,3844.0,1,4446.0,1,4277.0,1,5286.0,1,0.0,1,4071.0,1,5146.0,1,6188.0,3859.3652,3811.7898,-602.0
404,2013-07-27,2423.0,297.0,1.0,0.0,0,0.0,6.0,-0.40312344,-0.91514564,-0.5,-0.8660254,3,0,0,1,3823.0,1,3844.0,1,3914.0,1,4668.0,1,6484.0,1,5013.0,1,4846.0,1,5409.0,3844.819,3814.281,-21.0
404,2013-07-28,0.0,0.0,0.0,0.0,0,0.0,7.0,-0.40312344,-0.91514564,-0.5,-0.8660254,3,0,0,1,2423.0,1,3823.0,1,4446.0,1,2890.0,1,5921.0,1,3705.0,1,4800.0,1,4847.0,3276.0916,3505.1074,-1400.0
404,2013-07-29,6300.0,640.0,1.0,1.0,0,1.0,1.0,-0.5085311,-0.86104363,-0.5,-0.8660254,3,0,0,1,0.0,1,2423.0,1,3844.0,1,0.0,1,5694.0,1,2614.0,1,4325.0,1,4968.0,1965.6549,2726.1946,-2423.0
404,2013-07-30,6006.0,621.0,1.0,1.0,0,1.0,2.0,-0.5085311,-0.86104363,-0.5,-0.8660254,3,0,0,1,6300.0,1,0.0,1,3823.0,1,4277.0,1,5286.0,1,0.0,1,2756.0,1,2278.0,3699.3928,3520.3735,6300.0
404,2013-07-31,5911.0,653.0,1.0,1.0,0,1.0,3.0,-0.5085311,-0.86104363,-0.5,-0.8660254,3,0,1,1,6006.0,1,6300.0,1,2423.0,1,3914.0,1,4668.0,1,6484.0,1,0.0,1,0.0,4622.0356,4072.735,-294.0
404,2013-08-01,4989.0,591.0,1.0,1.0,0,1.0,4.0,-0.5085311,-0.86104363,-0.8660254,-0.5,3,1,0,1,5911.0,1,6006.0,1,0.0,1,4446.0,1,2890.0,1,5921.0,1,4370.0,1,3627.0,5137.6216,4481.2383,-95.0
404,2013-08-02,5128.0,550.0,1.0,1.0,0,1.0,5.0,-0.5085311,-0.86104363,-0.8660254,-0.5,3,0,0,1,4989.0,1,5911.0,1,6300.0,1,3844.0,1,0.0,1,5694.0,1,4421.0,1,4668.0,5078.173,4594.074,-922.0
404,2013-08-03,2612.0,314.0,1.0,0.0,0,0.0,6.0,-0.5085311,-0.86104363,-0.8660254,-0.5,3,0,0,1,5128.0,1,4989.0,1,6006.0,1,3823.0,1,4277.0,1,5286.0,1,4071.0,1,3885.0,5098.1035,4712.7246,139.0
404,2013-08-04,0.0,0.0,0.0,0.0,0,0.0,7.0,-0.5085311,-0.86104363,-0.8660254,-0.5,3,0,0,1,2612.0,1,5128.0,1,5911.0,1,2423.0,1,3914.0,1,4668.0,1,5013.0,1,4130.0,4103.662,4245.897,-2516.0
404,2013-08-05,4180.0,501.0,1.0,0.0,0,1.0,1.0,-0.60680014,-0.79485446,-0.8660254,-0.5,3,0,0,1,0.0,1,2612.0,1,4989.0,1,0.0,1,4446.0,1,2890.0,1,3705.0,1,4206.0,2462.1973,3302.3643,-2612.0
404,2013-08-06,3357.0,419.0,1.0,0.0,0,1.0,2.0,-0.60680014,-0.79485446,-0.8660254,-0.5,3,0,0,1,4180.0,1,0.0,1,5128.0,1,6300.0,1,3844.0,1,0.0,1,2614.0,1,2889.0,3149.3184,3497.3943,4180.0
404,2013-08-07,4104.0,508.0,1.0,0.0,0,1.0,3.0,-0.60680014,-0.79485446,-0.8660254,-0.5,3,0,0,1,3357.0,1,4180.0,1,2612.0,1,6006.0,1,3823.0,1,4277.0,1,0.0,1,0.0,3232.391,3466.1956,-823.0
404,2013-08-08,3825.0,501.0,1.0,0.0,0,1.0,4.0,-0.60680014,-0.79485446,-0.8660254,-0.5,3,0,0,1,4104.0,1,3357.0,1,0.0,1,5911.0,1,2423.0,1,3914.0,1,6484.0,1,5156.0,3581.0347,3607.93,747.0
404,2013-08-09,3682.0,437.0,1.0,0.0,0,1.0,5.0,-0.60680014,-0.79485446,-0.8660254,-0.5,3,0,0,1,3825.0,1,4104.0,1,4180.0,1,4989.0,1,0.0,1,4446.0,1,5921.0,1,4848.0,3678.6208,3656.1677,-279.0
404,2013-08-10,2522.0,282.0,1.0,0.0,0,0.0,6.0,-0.60680014,-0.79485446,-0.8660254,-0.5,3,0,0,1,3682.0,1,3825.0,1,3357.0,1,5128.0,1,6300.0,1,3844.0,1,5694.0,1,4765.0,3679.9724,3661.9082,-143.0
404,2013-08-11,0.0,0.0,0.0,0.0,0,0.0,7.0,-0.60680014,-0.79485446,-0.8660254,-0.5,3,0,0,1,2522.0,1,3682.0,1,4104.0,1,2612.0,1,6006.0,1,3823.0,1,5286.0,1,4499.0,3216.7834,3408.5952,-1160.0
404,2013-08-12,6171.0,646.0,1.0,1.0,0,1.0,1.0,-0.696551,-0.71750724,-0.8660254,-0.5,3,0,0,1,0.0,1,2522.0,1,3825.0,1,0.0,1,5911.0,1,2423.0,1,4668.0,1,4493.0,1930.0701,2651.1296,-2522.0
404,2013-08-13,5162.0,555.0,1.0,1.0,0,1.0,2.0,-0.696551,-0.71750724,-0.8660254,-0.5,3,0,0,1,6171.0,1,0.0,1,3682.0,1,4180.0,1,4989.0,1,0.0,1,2890.0,1,2646.0,3626.4421,3433.323,6171.0
404,2013-08-14,5103.0,580.0,1.0,1.0,0,1.0,3.0,-0.696551,-0.71750724,-0.8660254,-0.5,3,0,0,1,5162.0,1,6171.0,1,2522.0,1,3357.0,1,5128.0,1,6300.0,1,0.0,1,0.0,4240.665,3817.4734,-1009.0
404,2013-08-15,5165.0,555.0,1.0,1.0,0,1.0,4.0,-0.696551,-0.71750724,-0.8660254,-0.5,3,0,0,1,5103.0,1,5162.0,1,0.0,1,4104.0,1,2612.0,1,6006.0,1,4277.0,1,4496.0,4585.599,4103.146,-59.0
404,2013-08-16,4183.0,457.0,1.0,1.0,0,1.0,5.0,-0.696551,-0.71750724,-0.8660254,-0.5,3,0,0,1,5165.0,1,5103.0,1,6171.0,1,3825.0,1,0.0,1,5911.0,1,3914.0,1,4020.0,4817.3594,4339.114,62.0
404,2013-08-17,2385.0,280.0,1.0,0.0,0,0.0,6.0,-0.696551,-0.71750724,-0.8660254,-0.5,3,0,0,1,4183.0,1,5165.0,1,5162.0,1,3682.0,1,4180.0,1,4989.0,1,4446.0,1,4179.0,4563.6157,4304.422,-982.0
404,2013-08-18,0.0,0.0,0.0,0.0,0,0.0,7.0,-0.696551,-0.71750724,-0.8660254,-0.5,3,0,0,1,2385.0,1,4183.0,1,5103.0,1,2522.0,1,3357.0,1,5128.0,1,3844.0,1,3796.0,3692.1694,3877.8835,-1798.0
404,2013-08-19,3067.0,402.0,1.0,0.0,0,1.0,1.0,-0.7765239,-0.63008785,-0.8660254,-0.5,3,0,0,1,0.0,1,2385.0,1,5165.0,1,0.0,1,4104.0,1,2612.0,1,3823.0,1,4235.0,2215.3018,3016.1316,-2385.0
404,2013-08-20,3676.0,436.0,1.0,0.0,0,1.0,2.0,-0.7765239,-0.63008785,-0.8660254,-0.5,3,0,0,1,3067.0,1,0.0,1,4183.0,1,6171.0,1,3825.0,1,0.0,1,2423.0,1,2204.0,2555.981,3027.4358,3067.0
404,2013-08-21,3347.0,457.0,1.0,0.0,0,1.0,3.0,-0.7765239,-0.63008785,-0.8660254,-0.5,3,0,0,1,3676.0,1,3067.0,1,2385.0,1,5162.0,1,3682.0,1,4180.0,1,0.0,1,0.0,3003.9885,3171.561,609.0
404,2013-08-22,3418.0,453.0,1.0,0.0,0,1.0,4.0,-0.7765239,-0.63008785,-0.8660254,-0.5,3,0,0,1,3347.0,1,3676.0,1,0.0,1,5103.0,1,2522.0,1,3357.0,1,6300.0,1,6026.0,3141.193,3210.5476,-329.0
404,2013-08-23,3356.0,409.0,1.0,0.0,0,1.0,5.0,-0.7765239,-0.63008785,-0.8660254,-0.5,3,0,0,1,3418.0,1,3347.0,1,3067.0,1,5165.0,1,0.0,1,4104.0,1,6006.0,1,5146.0,3251.916,3256.6482,71.0
404,2013-08-24,2085.0,260.0,1.0,0.0,0,0.0,6.0,-0.7765239,-0.63008785,-0.8660254,-0.5,3,0,0,1,3356.0,1,3418.0,1,3676.0,1,4183.0,1,6171.0,1,3825.0,1,5911.0,1,4846.0,3293.5496,3278.7263,-62.0
404,2013-08-25,0.0,0.0,0.0,0.0,0,0.0,7.0,-0.7765239,-0.63008785,-0.8660254,-0.5,3,0,0,1,2085.0,1,3356.0,1,3347.0,1,2385.0,1,5162.0,1,3682.0,1,4989.0,1,4800.0,2810.1296,3013.4539,-1271.0
404,2013-08-26,5504.0,604.0,1.0,1.0,0,1.0,1.0,-0.845596,-0.5338234,-0.8660254,-0.5,3,0,0,1,0.0,1,2085.0,1,3418.0,1,0.0,1,5103.0,1,2522.0,1,5128.0,1,4325.0,1686.0779,2343.7974,-2085.0
404,2013-08-27,4674.0,534.0,1.0,1.0,0,1.0,2.0,-0.845596,-0.5338234,-0.8660254,-0.5,3,0,0,1,5504.0,1,0.0,1,3356.0,1,3067.0,1,5165.0,1,0.0,1,2612.0,1,2756.0,3213.2466,3046.0647,5504.0
404,2013-08-28,4504.0,570.0,1.0,1.0,0,1.0,3.0,-0.845596,-0.5338234,-0.8660254,-0.5,3,0,0,1,4674.0,1,5504.0,1,2085.0,1,3676.0,1,4183.0,1,6171.0,1,0.0,1,0.0,3797.548,3407.8281,-830.0
404,2013-08-29,4728.0,531.0,1.0,1.0,0,1.0,4.0,-0.845596,-0.5338234,-0.8660254,-0.5,3,0,0,1,4504.0,1,4674.0,1,0.0,1,3347.0,1,2385.0,1,5162.0,1,4180.0,1,4370.0,4080.129,3651.4219,-170.0
404,2013-08-30,5064.0,576.0,1.0,1.0,0,1.0,5.0,-0.845596,-0.5338234,-0.8660254,-0.5,3,0,0,1,4728.0,1,4504.0,1,5504.0,1,3418.0,1,0.0,1,5103.0,1,3357.0,1,4421.0,4339.2773,3890.6614,224.0
404,2013-08-31,2439.0,304.0,1.0,0.0,0,0.0,6.0,-0.845596,-0.5338234,-0.8660254,-0.5,3,0,1,1,5064.0,1,4728.0,1,4674.0,1,3356.0,1,3067.0,1,5165.0,1,4104.0,1,4071.0,4629.1665,4151.4033,336.0
404,2013-09-01,0.0,0.0,0.0,0.0,0,0.0,7.0,-0.845596,-0.5338234,-1.0,-1.8369701e-16,3,1,0,1,2439.0,1,5064.0,1,4504.0,1,2085.0,1,3676.0,1,4183.0,1,3825.0,1,5013.0,3753.0999,3770.8691,-2625.0
404,2013-09-02,3828.0,506.0,1.0,0.0,0,1.0,1.0,-0.9027978,-0.4300652,-1.0,-1.8369701e-16,3,0,0,1,0.0,1,2439.0,1,4728.0,1,0.0,1,3347.0,1,2385.0,1,3682.0,1,3705.0,2251.8599,2932.8982,-2439.0
404,2013-09-03,3559.0,507.0,1.0,0.0,0,1.0,2.0,-0.9027978,-0.4300652,-1.0,-1.8369701e-16,3,0,0,1,3828.0,1,0.0,1,5064.0,1,5504.0,1,3418.0,1,0.0,1,2522.0,1,2614.0,2882.316,3131.8098,3828.0
404,2013-09-04,3657.0,510.0,1.0,0.0,0,1.0,3.0,-0.9027978,-0.4300652,-1.0,-1.8369701e-16,3,0,0,1,3559.0,1,3828.0,1,2439.0,1,4674.0,1,3356.0,1,3067.0,1,0.0,1,0.0,3152.9895,3226.741,-269.0
404,2013-09-05,4247.0,526.0,1.0,0.0,0,1.0,4.0,-0.9027978,-0.4300652,-1.0,-1.8369701e-16,3,0,0,1,3657.0,1,3559.0,1,0.0,1,4504.0,1,2085.0,1,3676.0,1,6171.0,1,6484.0,3354.5938,3322.354,98.0
404,2013-09-06,3675.0,468.0,1.0,0.0,0,1.0,5.0,-0.9027978,-0.4300652,-1.0,-1.8369701e-16,3,0,0,1,4247.0,1,3657.0,1,3828.0,1,4728.0,1,0.0,1,3347.0,1,5162.0,1,5921.0,3711.5562,3527.831,590.0
404,2013-09-07,2517.0,308.0,1.0,0.0,0,0.0,6.0,-0.9027978,-0.4300652,-1.0,-1.8369701e-16,3,0,0,1,3675.0,1,4247.0,1,3559.0,1,5064.0,1,5504.0,1,3418.0,1,5103.0,1,5694.0,3696.9338,3560.5352,-572.0
404,2013-09-08,0.0,0.0,0.0,0.0,0,0.0,7.0,-0.9027978,-0.4300652,-1.0,-1.8369701e-16,3,0,0,1,2517.0,1,3675.0,1,3657.0,1,2439.0,1,4674.0,1,3356.0,1,5165.0,1,5286.0,3224.9602,3328.6384,-1158.0
404,2013-09-09,6040.0,702.0,1.0,1.0,0,0.0,1.0,-0.94732636,-0.32026985,-1.0,-1.8369701e-16,3,0,0,1,0.0,1,2517.0,1,4247.0,1,0.0,1,4504.0,1,2085.0,1,4183.0,1,4668.0,1934.9762,2588.941,-2517.0
404,2013-09-10,5450.0,616.0,1.0,1.0,0,0.0,2.0,-0.94732636,-0.32026985,-1.0,-1.8369701e-16,3,0,0,1,6040.0,1,0.0,1,3675.0,1,3828.0,1,4728.0,1,0.0,1,2385.0,1,2890.0,3576.9856,3355.843,6040.0
404,2013-09-11,5034.0,571.0,1.0,1.0,0,0.0,3.0,-0.94732636,-0.32026985,-1.0,-1.8369701e-16,3,0,0,1,5450.0,1,6040.0,1,2517.0,1,3559.0,1,5064.0,1,5504.0,1,0.0,1,0.0,4326.1914,3821.2112,-590.0
404,2013-09-12,4501.0,544.0,1.0,1.0,0,0.0,4.0,-0.94732636,-0.32026985,-1.0,-1.8369701e-16,3,0,0,1,5034.0,1,5450.0,1,0.0,1,3657.0,1,2439.0,1,4674.0,1,3067.0,1,4277.0,4609.315,4090.72,-416.0
404,2013-09-13,4427.0,552.0,1.0,1.0,0,0.0,5.0,-0.94732636,-0.32026985,-1.0,-1.8369701e-16,3,0,0,1,4501.0,1,5034.0,1,6040.0,1,4247.0,1,0.0,1,4504.0,1,3676.0,1,3914.0,4565.989,4181.893,-533.0
404,2013-09-14,2212.0,276.0,1.0,0.0,0,0.0,6.0,-0.94732636,-0.32026985,-1.0,-1.8369701e-16,3,0,0,1,4427.0,1,4501.0,1,5450.0,1,3675.0,1,3828.0,1,4728.0,1,3347.0,1,4446.0,4510.3936,4236.3613,-74.0
404,2013-09-15,0.0,0.0,0.0,0.0,0,0.0,7.0,-0.94732636,-0.32026985,-1.0,-1.8369701e-16,3,0,0,1,2212.0,1,4427.0,1,5034.0,1,2517.0,1,3559.0,1,5064.0,1,3418.0,1,3844.0,3591.036,3786.5034,-2215.0
404,2013-09-16,3858.0,587.0,1.0,0.0,0,0.0,1.0,-0.9785565,-0.20597862,-1.0,-1.8369701e-16,3,0,0,1,0.0,1,2212.0,1,4501.0,1,0.0,1,3657.0,1,2439.0,1,3356.0,1,3823.0,2154.6216,2945.058,-2212.0
404,2013-09-17,3938.0,583.0,1.0,0.0,0,0.0,2.0,-0.9785565,-0.20597862,-1.0,-1.8369701e-16,3,0,0,1,3858.0,1,0.0,1,4427.0,1,6040.0,1,4247.0,1,0.0,1,2085.0,1,2423.0,2835.973,3147.934,3858.0
404,2013-09-18,3248.0,418.0,1.0,0.0,0,0.0,3.0,-0.9785565,-0.20597862,-1.0,-1.8369701e-16,3,0,0,1,3938.0,1,3858.0,1,2212.0,1,5450.0,1,3675.0,1,3828.0,1,0.0,1,0.0,3276.7837,3323.5044,80.0
404,2013-09-19,3479.0,551.0,1.0,0.0,0,0.0,4.0,-0.9785565,-0.20597862,-1.0,-1.8369701e-16,3,0,0,1,3248.0,1,3938.0,1,0.0,1,5034.0,1,2517.0,1,3559.0,1,5504.0,1,6300.0,3265.2703,3306.7256,-690.0
404,2013-09-20,3360.0,480.0,1.0,0.0,0,0.0,5.0,-0.9785565,-0.20597862,-1.0,-1.8369701e-16,3,0,0,1,3479.0,1,3248.0,1,3858.0,1,4501.0,1,0.0,1,3657.0,1,4674.0,1,6006.0,3350.7622,3345.0088,231.0
404,2013-09-21,2190.0,279.0,1.0,0.0,0,0.0,6.0,-0.9785565,-0.20597862,-1.0,-1.8369701e-16,3,0,0,1,3360.0,1,3479.0,1,3938.0,1,4427.0,1,6040.0,1,4247.0,1,4504.0,1,5911.0,3354.4573,3348.34,-119.0
404,2013-09-22,0.0,0.0,0.0,0.0,0,0.0,7.0,-0.9785565,-0.20597862,-1.0,-1.8369701e-16,3,0,0,1,2190.0,1,3360.0,1,3248.0,1,2212.0,1,5450.0,1,3675.0,1,4728.0,1,4989.0,2888.6743,3090.9312,-1170.0
404,2013-09-23,5783.0,706.0,1.0,1.0,0,0.0,1.0,-0.9960498,-0.08879589,-1.0,-1.8369701e-16,3,0,0,1,0.0,1,2190.0,1,3479.0,1,0.0,1,5034.0,1,2517.0,1,5064.0,1,5128.0,1733.2046,2404.0576,-2190.0
404,2013-09-24,4407.0,557.0,1.0,1.0,0,0.0,2.0,-0.9960498,-0.08879589,-1.0,-1.8369701e-16,3,0,0,1,5783.0,1,0.0,1,3360.0,1,3858.0,1,4501.0,1,0.0,1,2439.0,1,2612.0,3353.1228,3154.9336,5783.0
404,2013-09-25,5306.0,646.0,1.0,1.0,0,0.0,3.0,-0.9960498,-0.08879589,-1.0,-1.8369701e-16,3,0,0,1,4407.0,1,5783.0,1,2190.0,1,3938.0,1,4427.0,1,6040.0,1,0.0,1,0.0,3774.6736,3433.1707,-1376.0
404,2013-09-26,4276.0,597.0,1.0,1.0,0,0.0,4.0,-0.9960498,-0.08879589,-1.0,-1.8369701e-16,3,0,0,1,5306.0,1,4407.0,1,0.0,1,3248.0,1,2212.0,1,5450.0,1,3828.0,1,4180.0,4387.204,3849.355,899.0
404,2013-09-27,4668.0,567.0,1.0,1.0,0,0.0,5.0,-0.9960498,-0.08879589,-1.0,-1.8369701e-16,3,0,0,1,4276.0,1,5306.0,1,5783.0,1,3479.0,1,0.0,1,5034.0,1,3559.0,1,3357.0,4342.7227,3944.165,-1030.0
404,2013-09-28,2760.0,319.0,1.0,0.0,0,0.0,6.0,-0.9960498,-0.08879589,-1.0,-1.8369701e-16,3,0,0,1,4668.0,1,4276.0,1,4407.0,1,3360.0,1,3858.0,1,4501.0,1,3657.0,1,4104.0,4472.8335,4105.017,392.0
404,2013-09-29,0.0,0.0,0.0,0.0,0,0.0,7.0,-0.9960498,-0.08879589,-1.0,-1.8369701e-16,3,0,0,1,2760.0,1,4668.0,1,5306.0,1,2190.0,1,3938.0,1,4427.0,1,4247.0,1,3825.0,3787.7002,3806.1245,-1908.0
404,2013-09-30,4703.0,616.0,1.0,0.0,0,0.0,1.0,-0.99956083,0.029633328,-1.0,-1.8369701e-16,3,0,1,1,0.0,1,2760.0,1,4276.0,1,0.0,1,3248.0,1,2212.0,1,3675.0,1,3682.0,2272.62,2960.319,-2760.0
404,2013-10-01,4529.0,616.0,1.0,0.0,0,0.0,2.0,-0.99956083,0.029633328,-0.8660254,0.5,4,1,0,1,4703.0,1,0.0,1,4668.0,1,5783.0,1,3479.0,1,0.0,1,2517.0,1,2522.0,3244.772,3347.5815,4703.0
404,2013-10-02,4714.0,630.0,1.0,0.0,0,0.0,3.0,-0.99956083,0.029633328,-0.8660254,0.5,4,0,0,1,4529.0,1,4703.0,1,2760.0,1,4407.0,1,3360.0,1,3858.0,1,0.0,1,0.0,3758.4631,3610.119,-174.0
404,2013-10-03,0.0,0.0,0.0,0.0,1,0.0,4.0,-0.99956083,0.029633328,-0.8660254,0.5,4,0,0,1,4714.0,1,4529.0,1,0.0,1,5306.0,1,2190.0,1,3938.0,1,6040.0,1,6171.0,4140.6777,3855.4258,185.0
404,2013-10-04,4842.0,552.0,1.0,0.0,0,0.0,5.0,-0.99956083,0.029633328,-0.8660254,0.5,4,0,0,1,0.0,1,4714.0,1,4703.0,1,4276.0,1,0.0,1,3248.0,1,5450.0,1,5162.0,2484.4067,2998.6646,-4714.0
404,2013-10-05,2104.0,234.0,1.0,0.0,0,0.0,6.0,-0.99956083,0.029633328,-0.8660254,0.5,4,0,0,1,4842.0,1,0.0,1,4529.0,1,4668.0,1,5783.0,1,3479.0,1,5034.0,1,5103.0,3427.444,3408.2947,4842.0
404,2013-10-06,0.0,0.0,0.0,0.0,0,0.0,7.0,-0.99956083,0.029633328,-0.8660254,0.5,4,0,0,1,2104.0,1,4842.0,1,4714.0,1,2760.0,1,4407.0,1,3360.0,1,4501.0,1,5165.0,2898.0664,3118.4514,-2738.0
404,2013-10-07,6930.0,786.0,1.0,1.0,0,0.0,1.0,-0.9890402,0.14764656,-0.8660254,0.5,4,0,0,1,0.0,1,2104.0,1,0.0,1,0.0,1,5306.0,1,2190.0,1,4427.0,1,4183.0,1738.8398,2425.4622,-2104.0
404,2013-10-08,5514.0,680.0,1.0,1.0,0,0.0,2.0,-0.9890402,0.14764656,-0.8660254,0.5,4,0,0,1,6930.0,1,0.0,1,4842.0,1,4703.0,1,4276.0,1,0.0,1,2212.0,1,2385.0,3815.304,3426.4707,6930.0
404,2013-10-09,5423.0,634.0,1.0,1.0,0,0.0,3.0,-0.9890402,0.14764656,-0.8660254,0.5,4,0,0,1,5514.0,1,6930.0,1,2104.0,1,4529.0,1,4668.0,1,5783.0,1,0.0,1,0.0,4494.782,3890.366,-1416.0
404,2013-10-10,4701.0,554.0,1.0,1.0,0,0.0,4.0,-0.9890402,0.14764656,-0.8660254,0.5,4,0,0,1,5423.0,1,5514.0,1,0.0,1,4714.0,1,2760.0,1,4407.0,1,3858.0,1,3067.0,4866.0693,4230.951,-91.0
404,2013-10-11,4230.0,534.0,1.0,1.0,0,0.0,5.0,-0.9890402,0.14764656,-0.8660254,0.5,4,0,0,1,4701.0,1,5423.0,1,6930.0,1,0.0,1,0.0,1,5306.0,1,3938.0,1,3676.0,4800.0415,4335.4067,-722.0
404,2013-10-12,2388.0,271.0,1.0,0.0,0,0.0,6.0,-0.9890402,0.14764656,-0.8660254,0.5,4,0,0,1,4230.0,1,4701.0,1,5514.0,1,4842.0,1,4703.0,1,4276.0,1,3248.0,1,3347.0,4572.025,4311.983,-471.0
404,2013-10-13,0.0,0.0,0.0,0.0,0,0.0,7.0,-0.9890402,0.14764656,-0.8660254,0.5,4,0,0,1,2388.0,1,4230.0,1,5423.0,1,2104.0,1,4529.0,1,4668.0,1,3479.0,1,3418.0,3698.415,3884.4312,-1842.0
404,2013-10-14,4081.0,559.0,1.0,0.0,0,0.0,1.0,-0.9646356,0.26358718,-0.8660254,0.5,4,0,0,1,0.0,1,2388.0,1,4701.0,1,0.0,1,4714.0,1,2760.0,1,3360.0,1,3356.0,2219.049,3021.224,-2388.0
404,2013-10-15,3706.0,517.0,1.0,0.0,0,0.0,2.0,-0.9646356,0.26358718,-0.8660254,0.5,4,0,0,1,4081.0,1,0.0,1,4230.0,1,6930.0,1,0.0,1,0.0,1,2190.0,1,2085.0,2963.8293,3256.73,4081.0
404,2013-10-16,3770.0,541.0,1.0,0.0,0,0.0,3.0,-0.9646356,0.26358718,-0.8660254,0.5,4,0,0,1,3706.0,1,4081.0,1,2388.0,1,5514.0,1,4842.0,1,4703.0,1,0.0,1,0.0,3260.6978,3356.5676,-375.0
404,2013-10-17,3888.0,546.0,1.0,0.0,0,0.0,4.0,-0.9646356,0.26358718,-0.8660254,0.5,4,0,0,1,3770.0,1,3706.0,1,0.0,1,5423.0,1,2104.0,1,4529.0,1,5783.0,1,5504.0,3464.4187,3448.4417,64.0
404,2013-10-18,3601.0,513.0,1.0,0.0,0,0.0,5.0,-0.9646356,0.26358718,-0.8660254,0.5,4,0,0,1,3888.0,1,3770.0,1,4081.0,1,4701.0,1,0.0,1,4714.0,1,4407.0,1,4674.0,3633.851,3546.1213,118.0
404,2013-10-19,2159.0,280.0,1.0,0.0,0,0.0,6.0,-0.9646356,0.26358718,-0.8660254,0.5,4,0,0,1,3601.0,1,3888.0,1,3706.0,1,4230.0,1,6930.0,1,0.0,1,5306.0,1,4504.0,3620.7107,3558.3164,-287.0
404,2013-10-20,0.0,0.0,0.0,0.0,0,0.0,7.0,-0.9646356,0.26358718,-0.8660254,0.5,4,0,0,1,2159.0,1,3601.0,1,3770.0,1,2388.0,1,5514.0,1,4842.0,1,4276.0,1,4728.0,3036.0264,3247.3572,-1442.0
404,2013-10-21,5403.0,672.0,1.0,1.0,0,0.0,1.0,-0.9266896,0.37582758,-0.8660254,0.5,4,0,0,1,0.0,1,2159.0,1,3888.0,1,0.0,1,5423.0,1,2104.0,1,4668.0,1,5064.0,1821.6158,2525.7224,-2159.0
404,2013-10-22,5146.0,619.0,1.0,1.0,0,0.0,2.0,-0.9266896,0.37582758,-0.8660254,0.5,4,0,0,1,5403.0,1,0.0,1,3601.0,1,4081.0,1,4701.0,1,0.0,1,2760.0,1,2439.0,3254.1694,3165.1174,5403.0
404,2013-10-23,4522.0,585.0,1.0,1.0,0,0.0,3.0,-0.9266896,0.37582758,-0.8660254,0.5,4,0,0,1,5146.0,1,5403.0,1,2159.0,1,3706.0,1,4230.0,1,6930.0,1,0.0,1,0.0,4010.9016,3605.3135,-257.0
404,2013-10-24,4767.0,608.0,1.0,1.0,0,0.0,4.0,-0.9266896,0.37582758,-0.8660254,0.5,4,0,0,1,4522.0,1,5146.0,1,0.0,1,3770.0,1,2388.0,1,5514.0,1,4703.0,1,3828.0,4215.341,3809.0217,-624.0
404,2013-10-25,4406.0,539.0,1.0,1.0,0,0.0,5.0,-0.9266896,0.37582758,-0.8660254,0.5,4,0,0,1,4767.0,1,4522.0,1,5403.0,1,3888.0,1,0.0,1,5423.0,1,4529.0,1,3559.0,4436.0044,4021.9058,245.0
404,2013-10-26,2436.0,322.0,1.0,0.0,0,0.0,6.0,-0.9266896,0.37582758,-0.8660254,0.5,4,0,0,1,4406.0,1,4767.0,1,5146.0,1,3601.0,1,4081.0,1,4701.0,1,4714.0,1,3657.0,4424.003,4107.26,-361.0
404,2013-10-27,0.0,0.0,0.0,0.0,0,0.0,7.0,-0.9266896,0.37582758,-0.8660254,0.5,4,0,0,1,2436.0,1,4406.0,1,4522.0,1,2159.0,1,3706.0,1,4230.0,1,0.0,1,4247.0,3628.8018,3735.869,-1970.0
404,2013-10-28,3792.0,557.0,1.0,0.0,0,1.0,1.0,-0.8757349,0.4827922,-0.8660254,0.5,4,0,0,1,0.0,1,2436.0,1,4767.0,1,0.0,1,3770.0,1,2388.0,1,4842.0,1,3675.0,2177.281,2905.6758,-2436.0
404,2013-10-29,4066.0,555.0,1.0,0.0,0,1.0,2.0,-0.8757349,0.4827922,-0.8660254,0.5,4,0,0,1,3792.0,1,0.0,1,4406.0,1,5403.0,1,3888.0,1,0.0,1,2104.0,1,2517.0,2823.1687,3102.6367,3792.0
404,2013-10-30,4510.0,592.0,1.0,0.0,0,1.0,3.0,-0.8757349,0.4827922,-0.8660254,0.5,4,0,0,1,4066.0,1,3792.0,1,2436.0,1,5146.0,1,3601.0,1,4081.0,1,0.0,1,0.0,3320.3013,3316.7175,274.0
404,2013-10-31,5126.0,610.0,1.0,0.0,0,0.0,4.0,-0.8757349,0.4827922,-0.8660254,0.5,4,0,1,1,4510.0,1,4066.0,1,0.0,1,4522.0,1,2159.0,1,3706.0,1,6930.0,1,6040.0,3796.1807,3581.8914,444.0
404,2013-11-01,0.0,0.0,0.0,0.0,1,0.0,5.0,-0.8757349,0.4827922,-0.5,0.8660254,4,1,0,1,5126.0,1,4510.0,1,3792.0,1,4767.0,1,0.0,1,3770.0,1,5514.0,1,5450.0,4328.1084,3925.0266,616.0
404,2013-11-02,2936.0,341.0,1.0,0.0,0,0.0,6.0,-0.8757349,0.4827922,-0.5,0.8660254,4,0,0,1,0.0,1,5126.0,1,4066.0,1,4406.0,1,5403.0,1,3888.0,1,5423.0,1,5034.0,2596.865,3052.7986,-5126.0
404,2013-11-03,0.0,0.0,0.0,0.0,0,0.0,7.0,-0.8757349,0.4827922,-0.5,0.8660254,4,0,0,1,2936.0,1,0.0,1,4510.0,1,2436.0,1,5146.0,1,3601.0,1,4701.0,1,4501.0,2732.519,3026.8433,2936.0
404,2013-11-04,6661.0,783.0,1.0,1.0,0,0.0,1.0,-0.8124869,0.5829795,-0.5,0.8660254,4,0,0,1,0.0,1,2936.0,1,5126.0,1,0.0,1,4522.0,1,2159.0,1,4230.0,1,4427.0,1639.5115,2354.2114,-2936.0
404,2013-11-05,6175.0,759.0,1.0,1.0,0,0.0,2.0,-0.8124869,0.5829795,-0.5,0.8660254,4,0,0,1,6661.0,1,0.0,1,0.0,1,3792.0,1,4767.0,1,0.0,1,2388.0,1,2212.0,3648.107,3311.2756,6661.0
404,2013-11-06,4694.0,609.0,1.0,1.0,0,0.0,3.0,-0.8124869,0.5829795,-0.5,0.8660254,4,0,0,1,6175.0,1,6661.0,1,2936.0,1,4066.0,1,4406.0,1,5403.0,1,0.0,1,0.0,4658.8643,3947.6587,-486.0
404,2013-11-07,4978.0,644.0,1.0,1.0,0,0.0,4.0,-0.8124869,0.5829795,-0.5,0.8660254,4,0,0,1,4694.0,1,6175.0,1,0.0,1,4510.0,1,2436.0,1,5146.0,1,4081.0,1,3858.0,4672.9185,4113.512,-1481.0
404,2013-11-08,4623.0,545.0,1.0,1.0,0,0.0,5.0,-0.8124869,0.5829795,-0.5,0.8660254,4,0,0,1,4978.0,1,4694.0,1,6661.0,1,5126.0,1,0.0,1,4522.0,1,3706.0,1,3938.0,4794.951,4305.6206,284.0
404,2013-11-09,2980.0,344.0,1.0,0.0,0,0.0,6.0,-0.8124869,0.5829795,-0.5,0.8660254,4,0,0,1,4623.0,1,4978.0,1,6175.0,1,0.0,1,3792.0,1,4767.0,1,3770.0,1,3248.0,4726.1704,4376.1494,-355.0
404,2013-11-10,0.0,0.0,0.0,0.0,0,0.0,7.0,-0.8124869,0.5829795,-0.5,0.8660254,4,0,0,1,2980.0,1,4623.0,1,4694.0,1,2936.0,1,4066.0,1,4406.0,1,3888.0,1,3479.0,4027.7024,4065.894,-1643.0
404,2013-11-11,4407.0,625.0,1.0,0.0,0,0.0,1.0,-0.73783326,0.674983,-0.5,0.8660254,4,0,0,1,0.0,1,2980.0,1,4978.0,1,0.0,1,4510.0,1,2436.0,1,3601.0,1,3360.0,2416.6213,3162.362,-2980.0
404,2013-11-12,4647.0,604.0,1.0,0.0,0,0.0,2.0,-0.73783326,0.674983,-0.5,0.8660254,4,0,0,1,4407.0,1,0.0,1,4623.0,1,6661.0,1,5126.0,1,0.0,1,2159.0,1,2190.0,3212.773,3438.9482,4407.0
404,2013-11-13,4012.0,582.0,1.0,0.0,0,0.0,3.0,-0.73783326,0.674983,-0.5,0.8660254,4,0,0,1,4647.0,1,4407.0,1,2980.0,1,6175.0,1,0.0,1,3792.0,1,0.0,1,0.0,3786.4636,3707.4043,240.0
404,2013-11-14,3886.0,535.0,1.0,0.0,0,0.0,4.0,-0.73783326,0.674983,-0.5,0.8660254,4,0,0,1,4012.0,1,4647.0,1,0.0,1,4694.0,1,2936.0,1,4066.0,1,5403.0,1,5783.0,3876.6782,3775.092,-635.0
404,2013-11-15,4115.0,534.0,1.0,0.0,0,0.0,5.0,-0.73783326,0.674983,-0.5,0.8660254,4,0,0,1,3886.0,1,4012.0,1,4407.0,1,4978.0,1,0.0,1,4510.0,1,5146.0,1,4407.0,3880.407,3799.7383,-126.0
404,2013-11-16,2499.0,300.0,1.0,0.0,0,0.0,6.0,-0.73783326,0.674983,-0.5,0.8660254,4,0,0,1,4115.0,1,3886.0,1,4647.0,1,4623.0,1,6661.0,1,5126.0,1,4522.0,1,5306.0,3974.2441,3869.7964,229.0
404,2013-11-17,0.0,0.0,0.0,0.0,0,0.0,7.0,-0.73783326,0.674983,-0.5,0.8660254,4,0,0,1,2499.0,1,4115.0,1,4012.0,1,2980.0,1,6175.0,1,0.0,1,4767.0,1,4276.0,3384.1465,3565.175,-1616.0
404,2013-11-18,6825.0,805.0,1.0,1.0,0,0.0,1.0,-0.65282214,0.75751126,-0.5,0.8660254,4,0,0,1,0.0,1,2499.0,1,3886.0,1,0.0,1,4694.0,1,2936.0,1,4406.0,1,4668.0,2030.4879,2772.9138,-2499.0
404,2013-11-19,5467.0,676.0,1.0,1.0,0,0.0,2.0,-0.65282214,0.75751126,-0.5,0.8660254,4,0,0,1,6825.0,1,0.0,1,4115.0,1,4407.0,1,4978.0,1,0.0,1,2436.0,1,2760.0,3948.2927,3673.3774,6825.0
404,2013-11-20,5811.0,657.0,1.0,1.0,0,0.0,3.0,-0.65282214,0.75751126,-0.5,0.8660254,4,0,0,1,5467.0,1,6825.0,1,2499.0,1,4647.0,1,4623.0,1,6661.0,1,0.0,1,0.0,4555.776,4071.9602,-1358.0
404,2013-11-21,5218.0,651.0,1.0,1.0,0,0.0,4.0,-0.65282214,0.75751126,-0.5,0.8660254,4,0,0,1,5811.0,1,5467.0,1,0.0,1,4012.0,1,2980.0,1,6175.0,1,3792.0,1,4703.0,5057.865,4458.4136,344.0
404,2013-11-22,4642.0,562.0,1.0,1.0,0,0.0,5.0,-0.65282214,0.75751126,-0.5,0.8660254,4,0,0,1,5218.0,1,5811.0,1,6825.0,1,3886.0,1,0.0,1,4694.0,1,4066.0,1,4529.0,5121.9194,4627.2104,-593.0
404,2013-11-23,3137.0,335.0,1.0,0.0,0,0.0,6.0,-0.65282214,0.75751126,-0.5,0.8660254,4,0,0,1,4642.0,1,5218.0,1,5467.0,1,4115.0,1,4407.0,1,4978.0,1,4510.0,1,4714.0,4929.9517,4630.497,-576.0
404,2013-11-24,0.0,0.0,0.0,0.0,0,0.0,7.0,-0.65282214,0.75751126,-0.5,0.8660254,4,0,0,1,3137.0,1,4642.0,1,5811.0,1,2499.0,1,4647.0,1,4623.0,1,5126.0,1,0.0,4212.771,4298.609,-1505.0
404,2013-11-25,4737.0,646.0,1.0,0.0,0,0.0,1.0,-0.55864674,0.82940567,-0.5,0.8660254,4,0,0,1,0.0,1,3137.0,1,5218.0,1,0.0,1,4012.0,1,2980.0,1,0.0,1,4842.0,2527.6626,3343.3625,-3137.0
404,2013-11-26,4923.0,631.0,1.0,0.0,0,0.0,2.0,-0.55864674,0.82940567,-0.5,0.8660254,4,0,0,1,4737.0,1,0.0,1,4642.0,1,6825.0,1,3886.0,1,0.0,1,2936.0,1,2104.0,3411.3975,3653.0596,4737.0
404,2013-11-27,4909.0,618.0,1.0,0.0,0,0.0,3.0,-0.55864674,0.82940567,-0.5,0.8660254,4,0,0,1,4923.0,1,4737.0,1,3137.0,1,5467.0,1,4115.0,1,4407.0,1,0.0,1,0.0,4016.0386,3935.2686,186.0
404,2013-11-28,4847.0,592.0,1.0,0.0,0,0.0,4.0,-0.55864674,0.82940567,-0.5,0.8660254,4,0,0,1,4909.0,1,4923.0,1,0.0,1,5811.0,1,2499.0,1,4647.0,1,6661.0,1,6930.0,4373.223,4151.6533,-14.0
404,2013-11-29,5218.0,605.0,1.0,0.0,0,0.0,5.0,-0.55864674,0.82940567,-0.5,0.8660254,4,0,0,1,4847.0,1,4909.0,1,4737.0,1,5218.0,1,0.0,1,4012.0,1,6175.0,1,5514.0,4562.734,4306.175,-62.0
404,2013-11-30,5386.0,698.0,1.0,0.0,0,0.0,6.0,-0.55864674,0.82940567,-0.5,0.8660254,4,0,1,1,5218.0,1,4847.0,1,4923.0,1,4642.0,1,6825.0,1,3886.0,1,4694.0,1,5423.0,4824.8403,4508.8027,371.0
404,2013-12-01,0.0,0.0,0.0,0.0,0,0.0,7.0,-0.55864674,0.82940567,-2.4492937e-16,1.0,4,1,0,1,5386.0,1,5218.0,1,4909.0,1,3137.0,1,5467.0,1,4115.0,1,4978.0,1,4701.0,5049.304,4703.7354,168.0
404,2013-12-02,8273.0,867.0,1.0,1.0,0,0.0,1.0,-0.45662925,0.8896571,-2.4492937e-16,1.0,4,0,0,1,0.0,1,5386.0,1,4847.0,1,0.0,1,5811.0,1,2499.0,1,4623.0,1,4230.0,3029.5825,3658.461,-5386.0
404,2013-12-03,6518.0,762.0,1.0,1.0,0,0.0,2.0,-0.45662925,0.8896571,-2.4492937e-16,1.0,4,0,0,1,8273.0,1,0.0,1,5218.0,1,4737.0,1,5218.0,1,0.0,1,2980.0,1,2388.0,5126.9497,4683.914,8273.0
404,2013-12-04,7232.0,776.0,1.0,1.0,0,0.0,3.0,-0.45662925,0.8896571,-2.4492937e-16,1.0,4,0,0,1,6518.0,1,8273.0,1,5386.0,1,4923.0,1,4642.0,1,6825.0,1,0.0,1,0.0,5683.3696,5091.489,-1755.0
404,2013-12-05,6316.0,752.0,1.0,1.0,0,0.0,4.0,-0.45662925,0.8896571,-2.4492937e-16,1.0,4,0,0,1,7232.0,1,6518.0,1,0.0,1,4909.0,1,3137.0,1,5467.0,1,4407.0,1,4081.0,6302.822,5567.1577,714.0
404,2013-12-06,5353.0,640.0,1.0,1.0,0,0.0,5.0,-0.45662925,0.8896571,-2.4492937e-16,1.0,4,0,0,1,6316.0,1,7232.0,1,8273.0,1,4847.0,1,0.0,1,5811.0,1,4647.0,1,3706.0,6308.0933,5733.5674,-916.0
404,2013-12-07,2707.0,326.0,1.0,0.0,0,0.0,6.0,-0.45662925,0.8896571,-2.4492937e-16,1.0,4,0,0,1,5353.0,1,6316.0,1,6518.0,1,5218.0,1,4737.0,1,5218.0,1,4012.0,1,3770.0,5926.0557,5648.9966,-963.0
404,2013-12-08,0.0,0.0,0.0,0.0,0,0.0,7.0,-0.45662925,0.8896571,-2.4492937e-16,1.0,4,0,0,1,2707.0,1,5353.0,1,7232.0,1,5386.0,1,4923.0,1,4642.0,1,3886.0,1,3888.0,4638.4336,4995.2197,-2646.0
404,2013-12-09,4966.0,694.0,1.0,0.0,0,0.0,1.0,-0.34820163,0.93741965,-2.4492937e-16,1.0,4,0,0,1,0.0,1,2707.0,1,6316.0,1,0.0,1,4909.0,1,3137.0,1,4115.0,1,3601.0,2783.06,3885.171,-2707.0
404,2013-12-10,5634.0,699.0,1.0,0.0,0,0.0,2.0,-0.34820163,0.93741965,-2.4492937e-16,1.0,4,0,0,1,4966.0,1,0.0,1,5353.0,1,8273.0,1,4847.0,1,0.0,1,2499.0,1,2159.0,3656.236,4125.355,4966.0
404,2013-12-11,5317.0,646.0,1.0,0.0,0,0.0,3.0,-0.34820163,0.93741965,-2.4492937e-16,1.0,4,0,0,1,5634.0,1,4966.0,1,2707.0,1,6518.0,1,5218.0,1,4737.0,1,0.0,1,0.0,4447.342,4460.6094,668.0
404,2013-12-12,4958.0,614.0,1.0,0.0,0,0.0,4.0,-0.34820163,0.93741965,-2.4492937e-16,1.0,4,0,0,1,5317.0,1,5634.0,1,0.0,1,7232.0,1,5386.0,1,4923.0,1,6825.0,1,5403.0,4795.205,4650.9185,-317.0
404,2013-12-13,5022.0,600.0,1.0,0.0,0,0.0,5.0,-0.34820163,0.93741965,-2.4492937e-16,1.0,4,0,0,1,4958.0,1,5317.0,1,4966.0,1,6316.0,1,0.0,1,4909.0,1,5467.0,1,5146.0,4860.3228,4719.1587,-359.0
404,2013-12-14,3657.0,366.0,1.0,0.0,0,0.0,6.0,-0.34820163,0.93741965,-2.4492937e-16,1.0,4,0,0,1,5022.0,1,4958.0,1,5634.0,1,5353.0,1,8273.0,1,4847.0,1,5811.0,1,4522.0,4924.9937,4786.457,64.0
404,2013-12-15,0.0,0.0,0.0,0.0,0,0.0,7.0,-0.34820163,0.93741965,-2.4492937e-16,1.0,4,0,0,1,3657.0,1,5022.0,1,5317.0,1,2707.0,1,6518.0,1,5218.0,1,5218.0,1,4767.0,4417.7964,4535.4663,-1365.0
404,2013-12-16,9830.0,933.0,1.0,1.0,0,0.0,1.0,-0.23488605,0.9720229,-2.4492937e-16,1.0,4,0,0,1,0.0,1,3657.0,1,4958.0,1,0.0,1,7232.0,1,5386.0,1,4642.0,1,4406.0,2650.6777,3527.585,-3657.0
404,2013-12-17,8333.0,901.0,1.0,1.0,0,0.0,2.0,-0.23488605,0.9720229,-2.4492937e-16,1.0,4,0,0,1,9830.0,1,0.0,1,5022.0,1,4966.0,1,6316.0,1,0.0,1,3137.0,1,2436.0,5522.4067,4928.1216,9830.0
404,2013-12-18,8218.0,892.0,1.0,1.0,0,0.0,3.0,-0.23488605,0.9720229,-2.4492937e-16,1.0,4,0,0,1,8333.0,1,9830.0,1,3657.0,1,5634.0,1,5353.0,1,8273.0,1,0.0,1,0.0,6646.644,5684.761,-1497.0
404,2013-12-19,7333.0,807.0,1.0,1.0,0,0.0,4.0,-0.23488605,0.9720229,-2.4492937e-16,1.0,4,0,0,1,8218.0,1,8333.0,1,0.0,1,5317.0,1,2707.0,1,6518.0,1,4737.0,1,3792.0,7275.1865,6247.703,-115.0
404,2013-12-20,7653.0,839.0,1.0,1.0,0,0.0,5.0,-0.23488605,0.9720229,-2.4492937e-16,1.0,4,0,0,1,7333.0,1,8218.0,1,9830.0,1,4958.0,1,0.0,1,7232.0,1,4923.0,1,4066.0,7298.312,6488.8804,-885.0
404,2013-12-21,4483.0,459.0,1.0,0.0,0,0.0,6.0,-0.23488605,0.9720229,-2.4492937e-16,1.0,4,0,0,1,7653.0,1,7333.0,1,8333.0,1,5022.0,1,4966.0,1,6316.0,1,4909.0,1,4510.0,7440.187,6747.5737,320.0
404,2013-12-22,0.0,0.0,0.0,0.0,0,0.0,7.0,-0.23488605,0.9720229,-2.4492937e-16,1.0,4,0,0,1,4483.0,1,7653.0,1,8218.0,1,3657.0,1,5634.0,1,5353.0,1,4847.0,1,5126.0,6257.3125,6244.335,-3170.0
404,2013-12-23,8435.0,943.0,1.0,0.0,0,1.0,1.0,-0.11827317,0.9929811,-2.4492937e-16,1.0,4,0,0,1,0.0,1,4483.0,1,7333.0,1,0.0,1,5317.0,1,2707.0,1,5218.0,1,0.0,3754.3875,4856.705,-4483.0
404,2013-12-24,2894.0,347.0,1.0,0.0,0,1.0,2.0,-0.11827317,0.9929811,-2.4492937e-16,1.0,4,0,0,1,8435.0,1,0.0,1,7653.0,1,9830.0,1,4958.0,1,0.0,1,5386.0,1,2936.0,5626.6323,5651.882,8435.0
404,2013-12-25,0.0,0.0,0.0,0.0,3,1.0,3.0,-0.11827317,0.9929811,-2.4492937e-16,1.0,4,0,0,1,2894.0,1,8435.0,1,4483.0,1,8333.0,1,5022.0,1,4966.0,1,0.0,1,0.0,4533.5796,5039.019,-5541.0
404,2013-12-26,0.0,0.0,0.0,0.0,3,1.0,4.0,-0.11827317,0.9929811,-2.4492937e-16,1.0,4,0,0,1,0.0,1,2894.0,1,0.0,1,8218.0,1,3657.0,1,5634.0,1,8273.0,1,6661.0,2720.1477,3919.237,-2894.0
404,2013-12-27,4508.0,550.0,1.0,0.0,0,1.0,5.0,-0.11827317,0.9929811,-2.4492937e-16,1.0,4,0,0,1,0.0,1,0.0,1,8435.0,1,7333.0,1,0.0,1,5317.0,1,6518.0,1,6175.0,1632.0886,3048.2954,0.0
404,2013-12-28,2750.0,318.0,1.0,0.0,0,0.0,6.0,-0.11827317,0.9929811,-2.4492937e-16,1.0,4,0,0,1,4508.0,1,0.0,1,2894.0,1,7653.0,1,9830.0,1,4958.0,1,7232.0,1,4694.0,2782.4531,3372.6743,4508.0
404,2013-12-29,0.0,0.0,0.0,0.0,0,0.0,7.0,-0.11827317,0.9929811,-2.4492937e-16,1.0,4,0,0,1,2750.0,1,4508.0,1,0.0,1,4483.0,1,8333.0,1,5022.0,1,6316.0,1,4978.0,2769.472,3234.3022,-1758.0
404,2013-12-30,5568.0,635.0,1.0,0.0,0,1.0,1.0,0.11827317,0.9929811,-2.4492937e-16,1.0,4,0,0,1,0.0,1,2750.0,1,0.0,1,0.0,1,8218.0,1,3657.0,1,5353.0,1,4623.0,1661.6831,2515.5684,-2750.0
404,2013-12-31,2387.0,250.0,1.0,0.0,0,1.0,2.0,0.11827317,0.9929811,-2.4492937e-16,1.0,4,0,1,1,5568.0,1,0.0,1,4508.0,1,8435.0,1,7333.0,1,0.0,1,2707.0,1,2980.0,3224.21,3193.8865,5568.0
404,2014-01-01,0.0,0.0,0.0,0.0,1,1.0,3.0,0.11827317,0.9929811,0.5,0.8660254,1,1,0,1,2387.0,1,5568.0,1,2750.0,1,2894.0,1,7653.0,1,9830.0,1,0.0,1,0.0,2889.326,3014.5784,-3181.0
404,2014-01-02,4364.0,551.0,1.0,0.0,0,1.0,4.0,0.11827317,0.9929811,0.5,0.8660254,1,0,0,1,0.0,1,2387.0,1,0.0,1,0.0,1,4483.0,1,8333.0,1,4966.0,1,4407.0,1733.5956,2344.672,-2387.0
404,2014-01-03,4333.0,528.0,1.0,0.0,0,1.0,5.0,0.11827317,0.9929811,0.5,0.8660254,1,0,0,1,4364.0,1,0.0,1,5568.0,1,0.0,1,0.0,1,8218.0,1,5634.0,1,4647.0,2785.7573,2793.4116,4364.0
404,2014-01-04,3209.0,324.0,1.0,0.0,0,0.0,6.0,0.11827317,0.9929811,0.5,0.8660254,1,0,0,1,4333.0,1,4364.0,1,2387.0,1,4508.0,1,8435.0,1,7333.0,1,5317.0,1,4012.0,3404.6543,3135.5425,-31.0
404,2014-01-05,0.0,0.0,0.0,0.0,0,0.0,7.0,0.11827317,0.9929811,0.5,0.8660254,1,0,0,1,3209.0,1,4333.0,1,0.0,1,2750.0,1,2894.0,1,7653.0,1,4958.0,1,3886.0,3326.3926,3151.8662,-1124.0
404,2014-01-06,0.0,0.0,0.0,1.0,1,0.0,1.0,0.23488605,0.9720229,0.5,0.8660254,1,0,0,1,0.0,1,3209.0,1,4364.0,1,0.0,1,0.0,1,4483.0,1,5022.0,1,4115.0,1995.8356,2451.4517,-3209.0
404,2014-01-07,8587.0,848.0,1.0,1.0,0,0.0,2.0,0.23488605,0.9720229,0.5,0.8660254,1,0,0,1,0.0,1,0.0,1,4333.0,1,5568.0,1,0.0,1,0.0,1,3657.0,1,2499.0,1197.5013,1906.6846,0.0
404,2014-01-08,6472.0,726.0,1.0,1.0,0,0.0,3.0,0.23488605,0.9720229,0.5,0.8660254,1,0,0,1,8587.0,1,0.0,1,3209.0,1,2387.0,1,4508.0,1,8435.0,1,0.0,1,0.0,4153.301,3391.199,8587.0
404,2014-01-09,5565.0,709.0,1.0,1.0,0,0.0,4.0,0.23488605,0.9720229,0.5,0.8660254,1,0,0,1,6472.0,1,8587.0,1,0.0,1,0.0,1,2750.0,1,2894.0,1,9830.0,1,6825.0,5080.7803,4075.8215,-2115.0
404,2014-01-10,5355.0,643.0,1.0,1.0,0,0.0,5.0,0.23488605,0.9720229,0.5,0.8660254,1,0,0,1,5565.0,1,6472.0,1,0.0,1,4364.0,1,0.0,1,0.0,1,8333.0,1,5467.0,5274.4683,4406.75,-907.0
404,2014-01-11,2586.0,326.0,1.0,0.0,0,0.0,6.0,0.23488605,0.9720229,0.5,0.8660254,1,0,0,1,5355.0,1,5565.0,1,8587.0,1,4333.0,1,5568.0,1,0.0,1,8218.0,1,5811.0,5306.681,4617.472,-210.0
404,2014-01-12,0.0,0.0,0.0,0.0,0,0.0,7.0,0.23488605,0.9720229,0.5,0.8660254,1,0,0,1,2586.0,1,5355.0,1,6472.0,1,3209.0,1,2387.0,1,4508.0,1,7333.0,1,5218.0,4218.4087,4166.034,-2769.0
404,2014-01-13,3951.0,577.0,1.0,0.0,0,0.0,1.0,0.34820163,0.93741965,0.5,0.8660254,1,0,0,1,0.0,1,2586.0,1,5565.0,1,0.0,1,0.0,1,2750.0,1,7653.0,1,4642.0,2531.0452,3240.2488,-2586.0
404,2014-01-14,4233.0,602.0,1.0,0.0,0,0.0,2.0,0.34820163,0.93741965,0.5,0.8660254,1,0,0,1,3951.0,1,0.0,1,5355.0,1,0.0,1,4364.0,1,0.0,1,4483.0,1,3137.0,3099.027,3398.1934,3951.0
404,2014-01-15,4304.0,562.0,1.0,0.0,0,0.0,3.0,0.34820163,0.93741965,0.5,0.8660254,1,0,0,1,4233.0,1,3951.0,1,2586.0,1,8587.0,1,4333.0,1,5568.0,1,0.0,1,0.0,3552.6162,3583.706,282.0
404,2014-01-16,4452.0,587.0,1.0,0.0,0,0.0,4.0,0.34820163,0.93741965,0.5,0.8660254,1,0,0,1,4304.0,1,4233.0,1,0.0,1,6472.0,1,3209.0,1,2387.0,1,8435.0,1,4737.0,3853.1697,3743.7712,71.0
404,2014-01-17,3830.0,522.0,1.0,0.0,0,0.0,5.0,0.34820163,0.93741965,0.5,0.8660254,1,0,0,1,4452.0,1,4304.0,1,3951.0,1,5565.0,1,0.0,1,0.0,1,2894.0,1,4923.0,4092.702,3901.1555,148.0
404,2014-01-18,2599.0,317.0,1.0,0.0,0,0.0,6.0,0.34820163,0.93741965,0.5,0.8660254,1,0,0,1,3830.0,1,4452.0,1,4233.0,1,5355.0,1,0.0,1,4364.0,1,0.0,1,4909.0,3987.621,3885.3433,-622.0
404,2014-01-19,0.0,0.0,0.0,0.0,0,0.0,7.0,0.34820163,0.93741965,0.5,0.8660254,1,0,0,1,2599.0,1,3830.0,1,4304.0,1,2586.0,1,8587.0,1,4333.0,1,0.0,1,4847.0,3432.1726,3599.489,-1231.0
404,2014-01-20,6735.0,721.0,1.0,1.0,0,0.0,1.0,0.45662925,0.8896571,0.5,0.8660254,1,0,0,1,0.0,1,2599.0,1,4452.0,1,0.0,1,6472.0,1,3209.0,1,4508.0,1,5218.0,2059.3037,2799.6025,-2599.0
404,2014-01-21,5283.0,638.0,1.0,1.0,0,0.0,2.0,0.45662925,0.8896571,0.5,0.8660254,1,0,0,1,6735.0,1,0.0,1,3830.0,1,3951.0,1,5565.0,1,0.0,1,2750.0,1,5386.0,3929.5823,3674.1355,6735.0
404,2014-01-22,5966.0,708.0,1.0,1.0,0,0.0,3.0,0.45662925,0.8896571,0.5,0.8660254,1,0,0,1,5283.0,1,6735.0,1,2599.0,1,4233.0,1,5355.0,1,0.0,1,0.0,1,0.0,4470.949,4031.661,-1452.0
404,2014-01-23,4502.0,587.0,1.0,1.0,0,0.0,4.0,0.45662925,0.8896571,0.5,0.8660254,1,0,0,1,5966.0,1,5283.0,1,0.0,1,4304.0,1,2586.0,1,8587.0,1,5568.0,1,8273.0,5068.9697,4461.514,683.0
404,2014-01-24,4718.0,558.0,1.0,1.0,0,0.0,5.0,0.45662925,0.8896571,0.5,0.8660254,1,0,0,1,4502.0,1,5966.0,1,6735.0,1,4452.0,1,0.0,1,6472.0,1,2387.0,1,6518.0,4842.1816,4470.5107,-1464.0
404,2014-01-25,2578.0,304.0,1.0,0.0,0,0.0,6.0,0.45662925,0.8896571,0.5,0.8660254,1,0,0,1,4718.0,1,4502.0,1,5283.0,1,3830.0,1,3951.0,1,5565.0,1,0.0,1,7232.0,4792.5093,4525.5083,216.0
404,2014-01-26,0.0,0.0,0.0,0.0,0,0.0,7.0,0.45662925,0.8896571,0.5,0.8660254,1,0,0,1,2578.0,1,4718.0,1,5966.0,1,2599.0,1,4233.0,1,5355.0,1,4364.0,1,6316.0,3906.7053,4092.7288,-2140.0
404,2014-01-27,4379.0,575.0,1.0,0.0,0,0.0,1.0,0.55864674,0.82940567,0.5,0.8660254,1,0,0,1,0.0,1,2578.0,1,4502.0,1,0.0,1,4304.0,1,2586.0,1,4333.0,1,5353.0,2344.0232,3183.2334,-2578.0
404,2014-01-28,4103.0,574.0,1.0,0.0,0,0.0,2.0,0.55864674,0.82940567,0.5,0.8660254,1,0,0,1,4379.0,1,0.0,1,4718.0,1,6735.0,1,4452.0,1,0.0,1,3209.0,1,2707.0,3158.014,3448.9595,4379.0
404,2014-01-29,3806.0,536.0,1.0,0.0,0,0.0,3.0,0.55864674,0.82940567,0.5,0.8660254,1,0,0,1,4103.0,1,4379.0,1,2578.0,1,5283.0,1,3830.0,1,3951.0,1,0.0,1,0.0,3536.0083,3594.3018,-276.0
404,2014-01-30,4305.0,612.0,1.0,0.0,0,0.0,4.0,0.55864674,0.82940567,0.5,0.8660254,1,0,0,1,3806.0,1,4103.0,1,0.0,1,5966.0,1,2599.0,1,4233.0,1,0.0,1,4966.0,3644.0051,3641.3457,-297.0
404,2014-01-31,4768.0,566.0,1.0,0.0,0,0.0,5.0,0.55864674,0.82940567,0.5,0.8660254,1,0,1,1,4305.0,1,3806.0,1,4379.0,1,4502.0,1,0.0,1,4304.0,1,8587.0,1,5634.0,3908.403,3788.8245,499.0
404,2014-02-01,2982.0,339.0,1.0,0.0,0,0.0,6.0,0.55864674,0.82940567,0.8660254,0.5,1,1,0,1,4768.0,1,4305.0,1,4103.0,1,4718.0,1,6735.0,1,4452.0,1,6472.0,1,5317.0,4252.2417,4006.4192,463.0
404,2014-02-02,0.0,0.0,0.0,0.0,0,0.0,7.0,0.55864674,0.82940567,0.8660254,0.5,1,0,0,1,2982.0,1,4768.0,1,3806.0,1,2578.0,1,5283.0,1,3830.0,1,5565.0,1,4958.0,3744.145,3778.7705,-1786.0
404,2014-02-03,7811.0,817.0,1.0,1.0,0,0.0,1.0,0.65282214,0.75751126,0.8660254,0.5,1,0,0,1,0.0,1,2982.0,1,4305.0,1,0.0,1,5966.0,1,2599.0,1,5355.0,1,5022.0,2246.487,2939.0437,-2982.0
404,2014-02-04,6272.0,756.0,1.0,1.0,0,0.0,2.0,0.65282214,0.75751126,0.8660254,0.5,1,0,0,1,7811.0,1,0.0,1,4768.0,1,4379.0,1,4502.0,1,0.0,1,2586.0,1,3657.0,4472.292,4021.7007,7811.0
404,2014-02-05,5986.0,660.0,1.0,1.0,0,0.0,3.0,0.65282214,0.75751126,0.8660254,0.5,1,0,0,1,6272.0,1,7811.0,1,2982.0,1,4103.0,1,4718.0,1,6735.0,1,0.0,1,0.0,5192.1753,4521.767,-1539.0
404,2014-02-06,5426.0,651.0,1.0,1.0,0,0.0,4.0,0.65282214,0.75751126,0.8660254,0.5,1,0,0,1,5986.0,1,6272.0,1,0.0,1,3806.0,1,2578.0,1,5283.0,1,3951.0,1,9830.0,5509.705,4847.1523,-286.0
404,2014-02-07,4878.0,576.0,1.0,1.0,0,0.0,5.0,0.65282214,0.75751126,0.8660254,0.5,1,0,0,1,5426.0,1,5986.0,1,7811.0,1,4305.0,1,0.0,1,5966.0,1,4233.0,1,8333.0,5476.223,4975.785,-560.0
404,2014-02-08,3016.0,335.0,1.0,0.0,0,0.0,6.0,0.65282214,0.75751126,0.8660254,0.5,1,0,0,1,4878.0,1,5426.0,1,6272.0,1,4768.0,1,4379.0,1,4502.0,1,4304.0,1,8218.0,5236.934,4954.055,-548.0
404,2014-02-09,0.0,0.0,0.0,0.0,0,0.0,7.0,0.65282214,0.75751126,0.8660254,0.5,1,0,0,1,3016.0,1,4878.0,1,5986.0,1,2982.0,1,4103.0,1,4718.0,1,4452.0,1,7333.0,4348.5605,4523.376,-1862.0
404,2014-02-10,4177.0,597.0,1.0,0.0,0,0.0,1.0,0.73783326,0.674983,0.8660254,0.5,1,0,0,1,0.0,1,3016.0,1,5426.0,1,0.0,1,3806.0,1,2578.0,1,3830.0,1,7653.0,2609.1362,3518.1814,-3016.0
404,2014-02-11,4189.0,610.0,1.0,0.0,0,0.0,2.0,0.73783326,0.674983,0.8660254,0.5,1,0,0,1,4177.0,1,0.0,1,4878.0,1,7811.0,1,4305.0,1,0.0,1,2599.0,1,4483.0,3236.2817,3664.5854,4177.0
404,2014-02-12,4756.0,609.0,1.0,0.0,0,0.0,3.0,0.73783326,0.674983,0.8660254,0.5,1,0,0,1,4189.0,1,4177.0,1,3016.0,1,6272.0,1,4768.0,1,4379.0,1,0.0,1,0.0,3617.3691,3781.122,12.0
404,2014-02-13,4039.0,582.0,1.0,0.0,0,0.0,4.0,0.73783326,0.674983,0.8660254,0.5,1,0,0,1,4756.0,1,4189.0,1,0.0,1,5986.0,1,2982.0,1,4103.0,1,6735.0,1,8435.0,4072.8215,3997.7617,567.0
404,2014-02-14,4508.0,598.0,1.0,0.0,0,0.0,5.0,0.73783326,0.674983,0.8660254,0.5,1,0,0,1,4039.0,1,4756.0,1,4177.0,1,5426.0,1,0.0,1,3806.0,1,5283.0,1,2894.0,4059.293,4006.9258,-717.0
404,2014-02-15,3032.0,323.0,1.0,0.0,0,0.0,6.0,0.73783326,0.674983,0.8660254,0.5,1,0,0,1,4508.0,1,4039.0,1,4189.0,1,4878.0,1,7811.0,1,4305.0,1,5966.0,1,0.0,4238.776,4118.2754,469.0
404,2014-02-16,0.0,0.0,0.0,0.0,0,0.0,7.0,0.73783326,0.674983,0.8660254,0.5,1,0,0,1,3032.0,1,4508.0,1,4756.0,1,3016.0,1,6272.0,1,4768.0,1,4502.0,1,0.0,3756.0654,3876.881,-1476.0
404,2014-02-17,7017.0,804.0,1.0,1.0,0,0.0,1.0,0.8124869,0.5829795,0.8660254,0.5,1,0,0,1,0.0,1,3032.0,1,4039.0,1,0.0,1,5986.0,1,2982.0,1,4718.0,1,4508.0,2253.6392,3015.3518,-3032.0
404,2014-02-18,5742.0,688.0,1.0,1.0,0,0.0,2.0,0.8124869,0.5829795,0.8660254,0.5,1,0,0,1,7017.0,1,0.0,1,4508.0,1,4177.0,1,5426.0,1,0.0,1,2578.0,1,2750.0,4158.9834,3904.607,7017.0
404,2014-02-19,5513.0,619.0,1.0,1.0,0,0.0,3.0,0.8124869,0.5829795,0.8660254,0.5,1,0,0,1,5742.0,1,7017.0,1,3032.0,1,4189.0,1,4878.0,1,7811.0,1,0.0,1,0.0,4792.19,4312.9165,-1275.0
404,2014-02-20,5423.0,658.0,1.0,1.0,0,0.0,4.0,0.8124869,0.5829795,0.8660254,0.5,1,0,0,1,5513.0,1,5742.0,1,0.0,1,4756.0,1,3016.0,1,6272.0,1,4379.0,1,5568.0,5080.514,4579.6016,-229.0
404,2014-02-21,5015.0,574.0,1.0,1.0,0,0.0,5.0,0.8124869,0.5829795,0.8660254,0.5,1,0,0,1,5423.0,1,5513.0,1,7017.0,1,4039.0,1,0.0,1,5986.0,1,4103.0,1,2387.0,5217.5083,4767.0234,-90.0
404,2014-02-22,3345.0,386.0,1.0,0.0,0,0.0,6.0,0.8124869,0.5829795,0.8660254,0.5,1,0,0,1,5015.0,1,5423.0,1,5742.0,1,4508.0,1,4177.0,1,5426.0,1,3806.0,1,0.0,5136.505,4822.1294,-408.0
404,2014-02-23,0.0,0.0,0.0,0.0,0,0.0,7.0,0.8124869,0.5829795,0.8660254,0.5,1,0,0,1,3345.0,1,5015.0,1,5513.0,1,3032.0,1,4189.0,1,4878.0,1,4305.0,1,4364.0,4419.903,4493.8784,-1670.0
404,2014-02-24,4827.0,650.0,1.0,0.0,0,0.0,1.0,0.8757349,0.4827922,0.8660254,0.5,1,0,0,1,0.0,1,3345.0,1,5423.0,1,0.0,1,4756.0,1,3016.0,1,4768.0,1,4333.0,2651.942,3495.2388,-3345.0
404,2014-02-25,4282.0,621.0,1.0,0.0,0,0.0,2.0,0.8757349,0.4827922,0.8660254,0.5,1,0,0,1,4827.0,1,0.0,1,5015.0,1,7017.0,1,4039.0,1,0.0,1,2982.0,1,3209.0,3521.965,3791.1858,4827.0
404,2014-02-26,4529.0,604.0,1.0,0.0,0,0.0,3.0,0.8757349,0.4827922,0.8660254,0.5,1,0,0,1,4282.0,1,4827.0,1,3345.0,1,5742.0,1,4508.0,1,4177.0,1,0.0,1,0.0,3825.979,3900.2556,-545.0
404,2014-02-27,4749.0,587.0,1.0,0.0,0,0.0,4.0,0.8757349,0.4827922,0.8660254,0.5,1,0,0,1,4529.0,1,4282.0,1,0.0,1,5513.0,1,3032.0,1,4189.0,1,7811.0,1,0.0,4107.1875,4039.9766,247.0
404,2014-02-28,5248.0,631.0,1.0,0.0,0,0.0,5.0,0.8757349,0.4827922,0.8660254,0.5,1,0,1,1,4749.0,1,4529.0,1,4827.0,1,5423.0,1,0.0,1,4756.0,1,6272.0,1,8587.0,4363.9126,4197.537,220.0
404,2014-03-01,3713.0,389.0,1.0,0.0,0,0.0,6.0,0.8757349,0.4827922,1.0,6.123234e-17,1,1,0,1,5248.0,1,4749.0,1,4282.0,1,5015.0,1,7017.0,1,4039.0,1,5986.0,1,6472.0,4717.5474,4430.9736,499.0
404,2014-03-02,0.0,0.0,0.0,0.0,0,0.0,7.0,0.8757349,0.4827922,1.0,6.123234e-17,1,0,0,1,3713.0,1,5248.0,1,4529.0,1,3345.0,1,5742.0,1,4508.0,1,5426.0,1,5565.0,4315.7285,4271.424,-1535.0
404,2014-03-03,7345.0,743.0,1.0,1.0,0,0.0,1.0,0.9266896,0.37582758,1.0,6.123234e-17,1,0,0,1,0.0,1,3713.0,1,4749.0,1,0.0,1,5513.0,1,3032.0,1,4878.0,1,5355.0,2589.437,3322.2185,-3713.0
404,2014-03-04,6020.0,678.0,1.0,1.0,0,0.0,2.0,0.9266896,0.37582758,1.0,6.123234e-17,1,0,0,1,7345.0,1,0.0,1,5248.0,1,4827.0,1,5423.0,1,0.0,1,3016.0,1,2586.0,4491.662,4216.17,7345.0
404,2014-03-05,5897.0,649.0,1.0,1.0,0,0.0,3.0,0.9266896,0.37582758,1.0,6.123234e-17,1,0,0,1,6020.0,1,7345.0,1,3713.0,1,4282.0,1,5015.0,1,7017.0,1,0.0,1,0.0,5102.9976,4617.021,-1325.0
404,2014-03-06,5214.0,593.0,1.0,1.0,0,0.0,4.0,0.9266896,0.37582758,1.0,6.123234e-17,1,0,0,1,5897.0,1,6020.0,1,0.0,1,4529.0,1,3345.0,1,5742.0,1,4177.0,1,3951.0,5420.5986,4901.461,-123.0
404,2014-03-07,5057.0,566.0,1.0,1.0,0,0.0,5.0,0.9266896,0.37582758,1.0,6.123234e-17,1,0,0,1,5214.0,1,5897.0,1,7345.0,1,4749.0,1,0.0,1,5513.0,1,4189.0,1,4233.0,5337.959,4970.914,-683.0
404,2014-03-08,2865.0,341.0,1.0,0.0,0,0.0,6.0,0.9266896,0.37582758,1.0,6.123234e-17,1,0,0,1,5057.0,1,5214.0,1,6020.0,1,5248.0,1,4827.0,1,5423.0,1,4756.0,1,4304.0,5225.575,4990.0444,-157.0
404,2014-03-09,0.0,0.0,0.0,0.0,0,0.0,7.0,0.9266896,0.37582758,1.0,6.123234e-17,1,0,0,1,2865.0,1,5057.0,1,5897.0,1,3713.0,1,4282.0,1,5015.0,1,4039.0,1,4452.0,4281.345,4517.812,-2192.0
404,2014-03-10,4564.0,635.0,1.0,0.0,0,0.0,1.0,0.9646356,0.26358718,1.0,6.123234e-17,1,0,0,1,0.0,1,2865.0,1,5214.0,1,0.0,1,4529.0,1,3345.0,1,4508.0,1,3830.0,2568.8071,3513.854,-2865.0
404,2014-03-11,4378.0,622.0,1.0,0.0,0,0.0,2.0,0.9646356,0.26358718,1.0,6.123234e-17,1,0,0,1,4564.0,1,0.0,1,5057.0,1,7345.0,1,4749.0,1,0.0,1,3032.0,1,2599.0,3366.8843,3747.2197,4564.0
404,2014-03-12,4266.0,609.0,1.0,0.0,0,0.0,3.0,0.9646356,0.26358718,1.0,6.123234e-17,1,0,0,1,4378.0,1,4564.0,1,2865.0,1,6020.0,1,5248.0,1,4827.0,1,0.0,1,0.0,3771.3306,3887.393,-186.0
404,2014-03-13,3833.0,574.0,1.0,0.0,0,0.0,4.0,0.9646356,0.26358718,1.0,6.123234e-17,1,0,0,1,4266.0,1,4378.0,1,0.0,1,5897.0,1,3713.0,1,4282.0,1,7017.0,1,6735.0,3969.1982,3971.528,-112.0
404,2014-03-14,4180.0,632.0,1.0,0.0,0,0.0,5.0,0.9646356,0.26358718,1.0,6.123234e-17,1,0,0,1,3833.0,1,4266.0,1,4564.0,1,5214.0,1,0.0,1,4529.0,1,5742.0,1,5283.0,3914.719,3940.744,-433.0
404,2014-03-15,2693.0,359.0,1.0,0.0,0,0.0,6.0,0.9646356,0.26358718,1.0,6.123234e-17,1,0,0,1,4180.0,1,3833.0,1,4378.0,1,5057.0,1,7345.0,1,4749.0,1,5513.0,1,5966.0,4020.8313,3993.9119,347.0
404,2014-03-16,0.0,0.0,0.0,0.0,0,0.0,7.0,0.9646356,0.26358718,1.0,6.123234e-17,1,0,0,1,2693.0,1,4180.0,1,4266.0,1,2865.0,1,6020.0,1,5248.0,1,5423.0,1,4502.0,3489.6987,3704.8203,-1487.0
404,2014-03-17,6622.0,769.0,1.0,1.0,0,0.0,1.0,0.9890402,0.14764656,1.0,6.123234e-17,1,0,0,1,0.0,1,2693.0,1,3833.0,1,0.0,1,5897.0,1,3713.0,1,5015.0,1,4718.0,2093.8193,2881.527,-2693.0
404,2014-03-18,5858.0,715.0,1.0,1.0,0,0.0,2.0,0.9890402,0.14764656,1.0,6.123234e-17,1,0,0,1,6622.0,1,0.0,1,4180.0,1,4564.0,1,5214.0,1,0.0,1,3345.0,1,2578.0,3905.0916,3712.7432,6622.0
404,2014-03-19,5483.0,657.0,1.0,1.0,0,0.0,3.0,0.9890402,0.14764656,1.0,6.123234e-17,1,0,0,1,5858.0,1,6622.0,1,2693.0,1,4378.0,1,5057.0,1,7345.0,1,0.0,1,0.0,4686.255,4189.467,-764.0
404,2014-03-20,4667.0,627.0,1.0,1.0,0,0.0,4.0,0.9890402,0.14764656,1.0,6.123234e-17,1,0,0,1,5483.0,1,5858.0,1,0.0,1,4266.0,1,2865.0,1,6020.0,1,4827.0,1,4379.0,5004.953,4476.919,-375.0
404,2014-03-21,4251.0,550.0,1.0,1.0,0,0.0,5.0,0.9890402,0.14764656,1.0,6.123234e-17,1,0,0,1,4667.0,1,5483.0,1,6622.0,1,3833.0,1,0.0,1,5897.0,1,4282.0,1,4103.0,4869.772,4519.159,-816.0
404,2014-03-22,2687.0,330.0,1.0,0.0,0,0.0,6.0,0.9890402,0.14764656,1.0,6.123234e-17,1,0,0,1,4251.0,1,4667.0,1,5858.0,1,4180.0,1,4564.0,1,5214.0,1,4529.0,1,3806.0,4622.263,4459.5684,-416.0
404,2014-03-23,0.0,0.0,0.0,0.0,0,0.0,7.0,0.9890402,0.14764656,1.0,6.123234e-17,1,0,0,1,2687.0,1,4251.0,1,5483.0,1,2693.0,1,4378.0,1,5057.0,1,4749.0,1,4305.0,3848.158,4065.664,-1564.0
404,2014-03-24,4264.0,609.0,1.0,0.0,0,0.0,1.0,0.99956083,0.029633328,1.0,6.123234e-17,1,0,0,1,0.0,1,2687.0,1,4667.0,1,0.0,1,4266.0,1,2865.0,1,5248.0,1,4768.0,2308.8948,3162.183,-2687.0
404,2014-03-25,4327.0,603.0,1.0,0.0,0,0.0,2.0,0.99956083,0.029633328,1.0,6.123234e-17,1,0,0,1,4264.0,1,0.0,1,4251.0,1,6622.0,1,3833.0,1,0.0,1,3713.0,1,2982.0,3090.9368,3407.0312,4264.0
404,2014-03-26,4167.0,539.0,1.0,0.0,0,0.0,3.0,0.99956083,0.029633328,1.0,6.123234e-17,1,0,0,1,4327.0,1,4264.0,1,2687.0,1,5858.0,1,4180.0,1,4564.0,1,0.0,1,0.0,3585.362,3611.4688,63.0
404,2014-03-27,4253.0,571.0,1.0,0.0,0,0.0,4.0,0.99956083,0.029633328,1.0,6.123234e-17,1,0,0,1,4167.0,1,4327.0,1,0.0,1,5483.0,1,2693.0,1,4378.0,1,7345.0,1,7811.0,3818.0173,3734.9202,-160.0
404,2014-03-28,4174.0,558.0,1.0,0.0,0,0.0,5.0,0.99956083,0.029633328,1.0,6.123234e-17,1,0,0,1,4253.0,1,4167.0,1,4264.0,1,4667.0,1,0.0,1,4266.0,1,6020.0,1,6272.0,3992.0103,3850.049,86.0
404,2014-03-29,3107.0,353.0,1.0,0.0,0,0.0,6.0,0.99956083,0.029633328,1.0,6.123234e-17,1,0,0,1,4174.0,1,4253.0,1,4327.0,1,4251.0,1,6622.0,1,3833.0,1,5897.0,1,5986.0,4064.8062,3922.038,-79.0
404,2014-03-30,0.0,0.0,0.0,0.0,0,0.0,7.0,0.99956083,0.029633328,1.0,6.123234e-17,1,0,0,1,3107.0,1,4174.0,1,4167.0,1,2687.0,1,5858.0,1,4180.0,1,5214.0,1,5426.0,3681.6838,3740.9185,-1067.0
404,2014-03-31,6808.0,761.0,1.0,1.0,0,0.0,1.0,0.9960498,-0.08879589,1.0,6.123234e-17,1,0,1,1,0.0,1,3107.0,1,4253.0,1,0.0,1,5483.0,1,2693.0,1,5057.0,1,4878.0,2209.0103,2909.6033,-3107.0
404,2014-04-01,6447.0,741.0,1.0,1.0,0,0.0,2.0,0.9960498,-0.08879589,0.8660254,-0.5,2,1,0,1,6808.0,1,0.0,1,4174.0,1,4264.0,1,4667.0,1,0.0,1,2865.0,1,3016.0,4048.6062,3775.9138,6808.0
404,2014-04-02,5429.0,673.0,1.0,1.0,0,0.0,3.0,0.9960498,-0.08879589,0.8660254,-0.5,2,0,0,1,6447.0,1,6808.0,1,3107.0,1,4327.0,1,4251.0,1,6622.0,1,0.0,1,0.0,5007.964,4369.4883,-361.0
404,2014-04-03,5768.0,651.0,1.0,1.0,0,0.0,4.0,0.9960498,-0.08879589,0.8660254,-0.5,2,0,0,1,5429.0,1,6447.0,1,0.0,1,4167.0,1,2687.0,1,5858.0,1,4564.0,1,4177.0,5176.3784,4604.9355,-1018.0
404,2014-04-04,5040.0,594.0,1.0,1.0,0,0.0,5.0,0.9960498,-0.08879589,0.8660254,-0.5,2,0,0,1,5768.0,1,5429.0,1,6808.0,1,4253.0,1,0.0,1,5483.0,1,4378.0,1,4189.0,5413.027,4863.394,339.0
404,2014-04-05,2978.0,343.0,1.0,0.0,0,0.0,6.0,0.9960498,-0.08879589,0.8660254,-0.5,2,0,0,1,5040.0,1,5768.0,1,6447.0,1,4174.0,1,4264.0,1,4667.0,1,4266.0,1,4756.0,5263.816,4902.64,-728.0
404,2014-04-06,0.0,0.0,0.0,0.0,0,0.0,7.0,0.9960498,-0.08879589,0.8660254,-0.5,2,0,0,1,2978.0,1,5040.0,1,5429.0,1,3107.0,1,4327.0,1,4251.0,1,3833.0,1,4039.0,4349.4897,4474.9424,-2062.0
404,2014-04-07,4349.0,630.0,1.0,0.0,0,0.0,1.0,0.9785565,-0.20597862,0.8660254,-0.5,2,0,0,1,0.0,1,2978.0,1,5768.0,1,0.0,1,4167.0,1,2687.0,1,4180.0,1,4508.0,2609.6938,3480.5105,-2978.0
404,2014-04-08,4577.0,625.0,1.0,0.0,0,0.0,2.0,0.9785565,-0.20597862,0.8660254,-0.5,2,0,0,1,4349.0,1,0.0,1,5040.0,1,6808.0,1,4253.0,1,0.0,1,2693.0,1,3032.0,3305.4163,3673.5083,4349.0
404,2014-04-09,4965.0,639.0,1.0,0.0,0,0.0,3.0,0.9785565,-0.20597862,0.8660254,-0.5,2,0,0,1,4577.0,1,4349.0,1,2978.0,1,6447.0,1,4174.0,1,4264.0,1,0.0,1,0.0,3814.0498,3874.2842,228.0
404,2014-04-10,4518.0,603.0,1.0,0.0,0,0.0,4.0,0.9785565,-0.20597862,0.8660254,-0.5,2,0,0,1,4965.0,1,4577.0,1,0.0,1,5429.0,1,3107.0,1,4327.0,1,6622.0,1,7017.0,4274.4297,4116.6655,388.0
404,2014-04-11,4408.0,535.0,1.0,0.0,0,0.0,5.0,0.9785565,-0.20597862,0.8660254,-0.5,2,0,0,1,4518.0,1,4965.0,1,4349.0,1,5768.0,1,0.0,1,4167.0,1,5858.0,1,5742.0,4371.858,4205.851,-447.0
404,2014-04-12,2923.0,354.0,1.0,0.0,0,0.0,6.0,0.9785565,-0.20597862,0.8660254,-0.5,2,0,0,1,4408.0,1,4518.0,1,4577.0,1,5040.0,1,6808.0,1,4253.0,1,5483.0,1,5513.0,4386.315,4250.773,-110.0
404,2014-04-13,0.0,0.0,0.0,0.0,0,0.0,7.0,0.9785565,-0.20597862,0.8660254,-0.5,2,0,0,1,2923.0,1,4408.0,1,4965.0,1,2978.0,1,6447.0,1,4174.0,1,4667.0,1,5423.0,3800.9888,3955.7124,-1485.0
404,2014-04-14,7331.0,774.0,1.0,1.0,0,1.0,1.0,0.94732636,-0.32026985,0.8660254,-0.5,2,0,0,1,0.0,1,2923.0,1,4518.0,1,0.0,1,5429.0,1,3107.0,1,4251.0,1,5015.0,2280.5933,3076.665,-2923.0
404,2014-04-15,7015.0,753.0,1.0,1.0,0,1.0,2.0,0.94732636,-0.32026985,0.8660254,-0.5,2,0,0,1,7331.0,1,0.0,1,4408.0,1,4349.0,1,5768.0,1,0.0,1,2687.0,1,3345.0,4300.756,4022.0728,7331.0
404,2014-04-16,6673.0,719.0,1.0,1.0,0,1.0,3.0,0.94732636,-0.32026985,0.8660254,-0.5,2,0,0,1,7015.0,1,7331.0,1,2923.0,1,4577.0,1,5040.0,1,6808.0,1,0.0,1,0.0,5386.4536,4687.168,-316.0
404,2014-04-17,6378.0,715.0,1.0,1.0,0,1.0,4.0,0.94732636,-0.32026985,0.8660254,-0.5,2,0,0,1,6673.0,1,7015.0,1,0.0,1,4965.0,1,2978.0,1,6447.0,1,4264.0,1,4827.0,5901.0723,5128.464,-342.0
404,2014-04-18,0.0,0.0,0.0,1.0,2,1.0,5.0,0.94732636,-0.32026985,0.8660254,-0.5,2,0,0,1,6378.0,1,6673.0,1,7331.0,1,4518.0,1,0.0,1,5429.0,1,4327.0,1,4282.0,6091.8433,5406.1387,-295.0
404,2014-04-19,3861.0,448.0,1.0,0.0,0,0.0,6.0,0.94732636,-0.32026985,0.8660254,-0.5,2,0,0,1,0.0,1,6378.0,1,7015.0,1,4408.0,1,4349.0,1,5768.0,1,4167.0,1,4529.0,3655.106,4204.7744,-6378.0
404,2014-04-20,0.0,0.0,0.0,0.0,0,0.0,7.0,0.94732636,-0.32026985,0.8660254,-0.5,2,0,0,1,3861.0,1,0.0,1,6673.0,1,2923.0,1,4577.0,1,5040.0,1,4253.0,1,4749.0,3737.4636,4128.38,3861.0
404,2014-04-21,0.0,0.0,0.0,0.0,2,1.0,1.0,0.9027978,-0.4300652,0.8660254,-0.5,2,0,0,1,0.0,1,3861.0,1,6378.0,1,0.0,1,4965.0,1,2978.0,1,4174.0,1,5248.0,2242.4783,3210.9624,-3861.0
404,2014-04-22,4757.0,598.0,1.0,0.0,0,1.0,2.0,0.9027978,-0.4300652,0.8660254,-0.5,2,0,0,1,0.0,1,0.0,1,0.0,1,7331.0,1,4518.0,1,0.0,1,3107.0,1,3713.0,1345.4869,2497.415,0.0
404,2014-04-23,4286.0,558.0,1.0,0.0,0,1.0,3.0,0.9027978,-0.4300652,0.8660254,-0.5,2,0,0,1,4757.0,1,0.0,1,3861.0,1,7015.0,1,4408.0,1,4349.0,1,0.0,1,0.0,2710.092,2999.5452,4757.0
404,2014-04-24,3926.0,537.0,1.0,0.0,0,1.0,4.0,0.9027978,-0.4300652,0.8660254,-0.5,2,0,0,1,4286.0,1,4757.0,1,0.0,1,6673.0,1,2923.0,1,4577.0,1,6808.0,1,7345.0,3340.4553,3285.424,-471.0
404,2014-04-25,4493.0,558.0,1.0,0.0,0,1.0,5.0,0.9027978,-0.4300652,0.8660254,-0.5,2,0,0,1,3926.0,1,4286.0,1,0.0,1,6378.0,1,0.0,1,4965.0,1,6447.0,1,6020.0,3574.673,3427.7742,-360.0
404,2014-04-26,2475.0,295.0,1.0,0.0,0,0.0,6.0,0.9027978,-0.4300652,0.8660254,-0.5,2,0,0,1,4493.0,1,3926.0,1,4757.0,1,0.0,1,7331.0,1,4518.0,1,5429.0,1,5897.0,3942.004,3664.491,567.0
404,2014-04-27,0.0,0.0,0.0,0.0,0,0.0,7.0,0.9027978,-0.4300652,0.8660254,-0.5,2,0,0,1,2475.0,1,4493.0,1,4286.0,1,3861.0,1,7015.0,1,4408.0,1,5768.0,1,5214.0,3355.2024,3400.1597,-2018.0
404,2014-04-28,6643.0,764.0,1.0,1.0,0,0.0,1.0,0.845596,-0.5338234,0.8660254,-0.5,2,0,0,1,0.0,1,2475.0,1,3926.0,1,0.0,1,6673.0,1,2923.0,1,5040.0,1,5057.0,2013.1215,2644.5686,-2475.0
404,2014-04-29,5714.0,670.0,1.0,1.0,0,0.0,2.0,0.845596,-0.5338234,0.8660254,-0.5,2,0,0,1,6643.0,1,0.0,1,4493.0,1,0.0,1,6378.0,1,0.0,1,2978.0,1,2865.0,3865.0728,3533.109,6643.0
404,2014-04-30,6492.0,743.0,1.0,1.0,0,0.0,3.0,0.845596,-0.5338234,0.8660254,-0.5,2,0,1,1,5714.0,1,6643.0,1,2475.0,1,4757.0,1,0.0,1,7331.0,1,0.0,1,0.0,4604.6436,4017.7515,-929.0
404,2014-05-01,0.0,0.0,0.0,1.0,1,0.0,4.0,0.845596,-0.5338234,0.5,-0.8660254,2,1,0,1,6492.0,1,5714.0,1,0.0,1,4286.0,1,3861.0,1,7015.0,1,4349.0,1,4564.0,5359.5864,4567.5845,778.0
404,2014-05-02,6636.0,712.0,1.0,1.0,0,0.0,5.0,0.845596,-0.5338234,0.5,-0.8660254,2,0,0,1,0.0,1,6492.0,1,6643.0,1,3926.0,1,0.0,1,6673.0,1,4577.0,1,4378.0,3215.7517,3552.5657,-6492.0
404,2014-05-03,2826.0,336.0,1.0,0.0,0,0.0,6.0,0.845596,-0.5338234,0.5,-0.8660254,2,0,0,1,6636.0,1,0.0,1,5714.0,1,4493.0,1,0.0,1,6378.0,1,4965.0,1,4266.0,4583.851,4237.7734,6636.0
404,2014-05-04,0.0,0.0,0.0,0.0,0,0.0,7.0,0.845596,-0.5338234,0.5,-0.8660254,2,0,0,1,2826.0,1,6636.0,1,6492.0,1,2475.0,1,4757.0,1,0.0,1,4518.0,1,3833.0,3880.7107,3924.046,-3810.0
404,2014-05-05,7798.0,844.0,1.0,1.0,0,0.0,1.0,0.7765239,-0.63008785,0.5,-0.8660254,2,0,0,1,0.0,1,2826.0,1,0.0,1,0.0,1,4286.0,1,3861.0,1,4408.0,1,4180.0,2328.4263,3052.0356,-2826.0
404,2014-05-06,6022.0,706.0,1.0,1.0,0,0.0,2.0,0.7765239,-0.63008785,0.5,-0.8660254,2,0,0,1,7798.0,1,0.0,1,6636.0,1,6643.0,1,3926.0,1,0.0,1,2923.0,1,2693.0,4516.256,4106.6943,7798.0
404,2014-05-07,6551.0,714.0,1.0,1.0,0,0.0,3.0,0.7765239,-0.63008785,0.5,-0.8660254,2,0,0,1,6022.0,1,7798.0,1,2826.0,1,5714.0,1,4493.0,1,0.0,1,0.0,1,0.0,5118.5537,4532.318,-1776.0
404,2014-05-08,5786.0,658.0,1.0,1.0,0,0.0,4.0,0.7765239,-0.63008785,0.5,-0.8660254,2,0,0,1,6551.0,1,6022.0,1,0.0,1,6492.0,1,2475.0,1,4757.0,1,7331.0,1,6622.0,5691.532,4980.914,529.0
404,2014-05-09,5121.0,578.0,1.0,1.0,0,0.0,5.0,0.7765239,-0.63008785,0.5,-0.8660254,2,0,0,1,5786.0,1,6551.0,1,7798.0,1,0.0,1,0.0,1,4286.0,1,7015.0,1,5858.0,5729.3193,5159.822,-765.0
404,2014-05-10,3058.0,359.0,1.0,0.0,0,0.0,6.0,0.7765239,-0.63008785,0.5,-0.8660254,2,0,0,1,5121.0,1,5786.0,1,6022.0,1,6636.0,1,6643.0,1,3926.0,1,6673.0,1,5483.0,5485.9917,5151.195,-665.0
404,2014-05-11,0.0,0.0,0.0,0.0,0,0.0,7.0,0.7765239,-0.63008785,0.5,-0.8660254,2,0,0,1,3058.0,1,5121.0,1,6551.0,1,2826.0,1,5714.0,1,4493.0,1,6378.0,1,4667.0,4514.795,4686.0405,-2063.0
404,2014-05-12,4148.0,582.0,1.0,0.0,0,0.0,1.0,0.696551,-0.71750724,0.5,-0.8660254,2,0,0,1,0.0,1,3058.0,1,5786.0,1,0.0,1,6492.0,1,2475.0,1,0.0,1,4251.0,2708.877,3644.698,-3058.0
404,2014-05-13,4736.0,606.0,1.0,0.0,0,0.0,2.0,0.696551,-0.71750724,0.5,-0.8660254,2,0,0,1,4148.0,1,0.0,1,5121.0,1,7798.0,1,0.0,1,0.0,1,3861.0,1,2687.0,3284.5261,3756.543,4148.0
404,2014-05-14,4522.0,589.0,1.0,0.0,0,0.0,3.0,0.696551,-0.71750724,0.5,-0.8660254,2,0,0,1,4736.0,1,4148.0,1,3058.0,1,6022.0,1,6636.0,1,6643.0,1,0.0,1,0.0,3865.1157,3974.2002,588.0
404,2014-05-15,4350.0,576.0,1.0,0.0,0,0.0,4.0,0.696551,-0.71750724,0.5,-0.8660254,2,0,0,1,4522.0,1,4736.0,1,0.0,1,6551.0,1,2826.0,1,5714.0,1,0.0,1,4264.0,4127.8696,4095.9333,-214.0
404,2014-05-16,3760.0,525.0,1.0,0.0,0,0.0,5.0,0.696551,-0.71750724,0.5,-0.8660254,2,0,0,1,4350.0,1,4522.0,1,4148.0,1,5786.0,1,0.0,1,6492.0,1,4757.0,1,4327.0,4216.7217,4152.3926,-172.0
404,2014-05-17,2525.0,308.0,1.0,0.0,0,0.0,6.0,0.696551,-0.71750724,0.5,-0.8660254,2,0,0,1,3760.0,1,4350.0,1,4736.0,1,5121.0,1,7798.0,1,0.0,1,4286.0,1,4167.0,4034.033,4065.1943,-590.0
404,2014-05-18,0.0,0.0,0.0,0.0,0,0.0,7.0,0.696551,-0.71750724,0.5,-0.8660254,2,0,0,1,2525.0,1,3760.0,1,4522.0,1,3058.0,1,6022.0,1,6636.0,1,3926.0,1,4253.0,3430.4197,3722.929,-1235.0
404,2014-05-19,6358.0,725.0,1.0,1.0,0,0.0,1.0,0.60680014,-0.79485446,0.5,-0.8660254,2,0,0,1,0.0,1,2525.0,1,4350.0,1,0.0,1,6551.0,1,2826.0,1,4493.0,1,4174.0,2058.252,2895.6113,-2525.0
404,2014-05-20,6156.0,702.0,1.0,1.0,0,0.0,2.0,0.60680014,-0.79485446,0.5,-0.8660254,2,0,0,1,6358.0,1,0.0,1,3760.0,1,4148.0,1,5786.0,1,0.0,1,2475.0,1,3107.0,3778.1511,3665.031,6358.0
404,2014-05-21,5527.0,693.0,1.0,1.0,0,0.0,3.0,0.60680014,-0.79485446,0.5,-0.8660254,2,0,0,1,6156.0,1,6358.0,1,2525.0,1,4736.0,1,5121.0,1,7798.0,1,0.0,1,0.0,4729.2905,4218.5796,-202.0
404,2014-05-22,5600.0,663.0,1.0,1.0,0,0.0,4.0,0.60680014,-0.79485446,0.5,-0.8660254,2,0,0,1,5527.0,1,6156.0,1,0.0,1,4522.0,1,3058.0,1,6022.0,1,6643.0,1,6808.0,5048.3745,4509.34,-629.0
404,2014-05-23,5175.0,592.0,1.0,1.0,0,0.0,5.0,0.60680014,-0.79485446,0.5,-0.8660254,2,0,0,1,5600.0,1,5527.0,1,6358.0,1,4350.0,1,0.0,1,6551.0,1,5714.0,1,6447.0,5269.0244,4751.7085,73.0
404,2014-05-24,2836.0,338.0,1.0,0.0,0,0.0,6.0,0.60680014,-0.79485446,0.5,-0.8660254,2,0,0,1,5175.0,1,5600.0,1,6156.0,1,3760.0,1,4148.0,1,5786.0,1,6492.0,1,5429.0,5231.4146,4845.7734,-425.0
404,2014-05-25,0.0,0.0,0.0,0.0,0,0.0,7.0,0.60680014,-0.79485446,0.5,-0.8660254,2,0,0,1,2836.0,1,5175.0,1,5527.0,1,2525.0,1,4736.0,1,5121.0,1,0.0,1,5768.0,4273.249,4399.157,-2339.0
404,2014-05-26,4471.0,635.0,1.0,0.0,0,0.0,1.0,0.5085311,-0.86104363,0.5,-0.8660254,2,0,0,1,0.0,1,2836.0,1,5600.0,1,0.0,1,4522.0,1,3058.0,1,6636.0,1,5040.0,2563.9492,3421.5667,-2836.0
404,2014-05-27,4750.0,603.0,1.0,0.0,0,0.0,2.0,0.5085311,-0.86104363,0.5,-0.8660254,2,0,0,1,4471.0,1,0.0,1,5175.0,1,6358.0,1,4350.0,1,0.0,1,2826.0,1,2978.0,3326.7695,3654.7742,4471.0
404,2014-05-28,5677.0,711.0,1.0,0.0,0,0.0,3.0,0.5085311,-0.86104363,0.5,-0.8660254,2,0,0,1,4750.0,1,4471.0,1,2836.0,1,6156.0,1,3760.0,1,4148.0,1,0.0,1,0.0,3896.0618,3898.1577,279.0
404,2014-05-29,0.0,0.0,0.0,0.0,1,0.0,4.0,0.5085311,-0.86104363,0.5,-0.8660254,2,0,0,1,5677.0,1,4750.0,1,0.0,1,5527.0,1,2525.0,1,4736.0,1,7798.0,1,4349.0,4608.437,4293.456,927.0
404,2014-05-30,6439.0,680.0,1.0,0.0,0,0.0,5.0,0.5085311,-0.86104363,0.5,-0.8660254,2,0,0,1,0.0,1,5677.0,1,4471.0,1,5600.0,1,0.0,1,4522.0,1,6022.0,1,4577.0,2765.0623,3339.3545,-5677.0
404,2014-05-31,2961.0,352.0,1.0,0.0,0,0.0,6.0,0.5085311,-0.86104363,0.5,-0.8660254,2,0,1,1,6439.0,1,0.0,1,4750.0,1,5175.0,1,6358.0,1,4350.0,1,6551.0,1,4965.0,4234.637,4028.1648,6439.0
404,2014-06-01,0.0,0.0,0.0,0.0,0,0.0,7.0,0.5085311,-0.86104363,1.2246469e-16,-1.0,2,1,0,1,2961.0,1,6439.0,1,5677.0,1,2836.0,1,6156.0,1,3760.0,1,5786.0,1,4518.0,3725.1824,3791.017,-3478.0
404,2014-06-02,8050.0,823.0,1.0,1.0,0,0.0,1.0,0.40312344,-0.91514564,1.2246469e-16,-1.0,2,0,0,1,0.0,1,2961.0,1,0.0,1,0.0,1,5527.0,1,2525.0,1,5121.0,1,4408.0,2235.1094,2948.5688,-2961.0
404,2014-06-03,6879.0,732.0,1.0,1.0,0,0.0,2.0,0.40312344,-0.91514564,1.2246469e-16,-1.0,2,0,0,1,8050.0,1,0.0,1,6439.0,1,4471.0,1,5600.0,1,0.0,1,3058.0,1,2923.0,4561.0654,4082.2202,8050.0
404,2014-06-04,6407.0,691.0,1.0,1.0,0,0.0,3.0,0.40312344,-0.91514564,1.2246469e-16,-1.0,2,0,0,1,6879.0,1,8050.0,1,2961.0,1,4750.0,1,5175.0,1,6358.0,1,0.0,1,0.0,5488.2393,4703.7266,-1171.0
404,2014-06-05,5998.0,710.0,1.0,1.0,0,0.0,4.0,0.40312344,-0.91514564,1.2246469e-16,-1.0,2,0,0,1,6407.0,1,6879.0,1,0.0,1,5677.0,1,2836.0,1,6156.0,1,4148.0,1,7331.0,5855.7437,5082.232,-472.0
404,2014-06-06,5436.0,639.0,1.0,1.0,0,0.0,5.0,0.40312344,-0.91514564,1.2246469e-16,-1.0,2,0,0,1,5998.0,1,6407.0,1,8050.0,1,0.0,1,0.0,1,5527.0,1,4736.0,1,7015.0,5912.646,5285.736,-409.0
404,2014-06-07,3575.0,382.0,1.0,0.0,0,0.0,6.0,0.40312344,-0.91514564,1.2246469e-16,-1.0,2,0,0,1,5436.0,1,5998.0,1,6879.0,1,6439.0,1,4471.0,1,5600.0,1,4522.0,1,6673.0,5721.988,5319.128,-562.0
404,2014-06-08,0.0,0.0,0.0,0.0,0,0.0,7.0,0.40312344,-0.91514564,1.2246469e-16,-1.0,2,0,0,1,3575.0,1,5436.0,1,6407.0,1,2961.0,1,4750.0,1,5175.0,1,4350.0,1,6378.0,4863.1924,4931.544,-1861.0
404,2014-06-09,0.0,0.0,0.0,0.0,1,0.0,1.0,0.29205677,-0.956401,1.2246469e-16,-1.0,2,0,0,1,0.0,1,3575.0,1,5998.0,1,0.0,1,5677.0,1,2836.0,1,3760.0,1,0.0,2917.9155,3835.6453,-3575.0
404,2014-06-10,4734.0,556.0,1.0,0.0,0,1.0,2.0,0.29205677,-0.956401,1.2246469e-16,-1.0,2,0,0,1,0.0,1,0.0,1,5436.0,1,8050.0,1,0.0,1,0.0,1,2525.0,1,3861.0,1750.7494,2983.2798,0.0
404,2014-06-11,4791.0,566.0,1.0,0.0,0,1.0,3.0,0.29205677,-0.956401,1.2246469e-16,-1.0,2,0,0,1,4734.0,1,0.0,1,3575.0,1,6879.0,1,6439.0,1,4471.0,1,0.0,1,0.0,2944.0496,3372.3286,4734.0
404,2014-06-12,4637.0,551.0,1.0,0.0,0,1.0,4.0,0.29205677,-0.956401,1.2246469e-16,-1.0,2,0,0,1,4791.0,1,4734.0,1,0.0,1,6407.0,1,2961.0,1,4750.0,1,6358.0,1,0.0,3682.8298,3687.5889,57.0
404,2014-06-13,3893.0,482.0,1.0,0.0,0,1.0,5.0,0.29205677,-0.956401,1.2246469e-16,-1.0,2,0,0,1,4637.0,1,4791.0,1,0.0,1,5998.0,1,0.0,1,5677.0,1,6156.0,1,4757.0,4064.4978,3898.569,-154.0
404,2014-06-14,2707.0,319.0,1.0,0.0,0,0.0,6.0,0.29205677,-0.956401,1.2246469e-16,-1.0,2,0,0,1,3893.0,1,4637.0,1,4734.0,1,5436.0,1,8050.0,1,0.0,1,5527.0,1,4286.0,3995.8987,3897.3315,-744.0
404,2014-06-15,0.0,0.0,0.0,0.0,0,0.0,7.0,0.29205677,-0.956401,1.2246469e-16,-1.0,2,0,0,1,2707.0,1,3893.0,1,4791.0,1,3575.0,1,6879.0,1,6439.0,1,5600.0,1,3926.0,3480.339,3632.8135,-1186.0
404,2014-06-16,7048.0,694.0,1.0,1.0,0,1.0,1.0,0.17689027,-0.9842306,1.2246469e-16,-1.0,2,0,0,1,0.0,1,2707.0,1,4637.0,1,0.0,1,6407.0,1,2961.0,1,5175.0,1,4493.0,2088.2036,2825.5215,-2707.0
404,2014-06-17,5754.0,641.0,1.0,1.0,0,1.0,2.0,0.17689027,-0.9842306,1.2246469e-16,-1.0,2,0,0,1,7048.0,1,0.0,1,3893.0,1,0.0,1,5998.0,1,0.0,1,2836.0,1,2475.0,4072.122,3763.85,7048.0
404,2014-06-18,5764.0,647.0,1.0,1.0,0,1.0,3.0,0.17689027,-0.9842306,1.2246469e-16,-1.0,2,0,0,1,5754.0,1,7048.0,1,2707.0,1,4734.0,1,5436.0,1,8050.0,1,0.0,1,0.0,4744.873,4206.1055,-1294.0
404,2014-06-19,0.0,0.0,0.0,1.0,1,1.0,4.0,0.17689027,-0.9842306,1.2246469e-16,-1.0,2,0,0,1,5764.0,1,5754.0,1,0.0,1,4791.0,1,3575.0,1,6879.0,1,4471.0,1,6643.0,5152.524,4552.304,10.0
404,2014-06-20,5999.0,631.0,1.0,1.0,0,1.0,5.0,0.17689027,-0.9842306,1.2246469e-16,-1.0,2,0,0,1,0.0,1,5764.0,1,7048.0,1,4637.0,1,0.0,1,6407.0,1,4750.0,1,5714.0,3091.5144,3540.6812,-5764.0
404,2014-06-21,2924.0,335.0,1.0,0.0,0,0.0,6.0,0.17689027,-0.9842306,1.2246469e-16,-1.0,2,0,0,1,5999.0,1,0.0,1,5754.0,1,3893.0,1,0.0,1,5998.0,1,5677.0,1,6492.0,4254.509,4086.9744,5999.0
404,2014-06-22,0.0,0.0,0.0,0.0,0,0.0,7.0,0.17689027,-0.9842306,1.2246469e-16,-1.0,2,0,0,1,2924.0,1,5999.0,1,5764.0,1,2707.0,1,4734.0,1,5436.0,1,0.0,1,0.0,3722.3052,3828.5356,-3075.0
404,2014-06-23,4849.0,676.0,1.0,0.0,0,0.0,1.0,0.059240628,-0.99824375,1.2246469e-16,-1.0,2,0,0,1,0.0,1,2924.0,1,0.0,1,0.0,1,4791.0,1,3575.0,1,6439.0,1,6636.0,2233.383,2977.7498,-2924.0
404,2014-06-24,4560.0,632.0,1.0,0.0,0,0.0,2.0,0.059240628,-0.99824375,1.2246469e-16,-1.0,2,0,0,1,4849.0,1,0.0,1,5999.0,1,7048.0,1,4637.0,1,0.0,1,2961.0,1,2826.0,3279.63,3393.5833,4849.0
404,2014-06-25,4758.0,592.0,1.0,0.0,0,0.0,3.0,0.059240628,-0.99824375,1.2246469e-16,-1.0,2,0,0,1,4560.0,1,4849.0,1,2924.0,1,5754.0,1,3893.0,1,0.0,1,0.0,1,0.0,3791.7778,3652.7869,-289.0
404,2014-06-26,4510.0,540.0,1.0,0.0,0,0.0,4.0,0.059240628,-0.99824375,1.2246469e-16,-1.0,2,0,0,1,4758.0,1,4560.0,1,0.0,1,5764.0,1,2707.0,1,4734.0,1,8050.0,1,7798.0,4178.2666,3898.39,198.0
404,2014-06-27,4503.0,570.0,1.0,0.0,0,0.0,5.0,0.059240628,-0.99824375,1.2246469e-16,-1.0,2,0,0,1,4510.0,1,4758.0,1,4849.0,1,0.0,1,0.0,1,4791.0,1,6879.0,1,6022.0,4310.96,4034.3032,-248.0
404,2014-06-28,2608.0,285.0,1.0,0.0,0,0.0,6.0,0.059240628,-0.99824375,1.2246469e-16,-1.0,2,0,0,1,4503.0,1,4510.0,1,4560.0,1,5999.0,1,7048.0,1,4637.0,1,6407.0,1,6551.0,4387.776,4138.458,-7.0
404,2014-06-29,0.0,0.0,0.0,0.0,0,0.0,7.0,0.059240628,-0.99824375,1.2246469e-16,-1.0,2,0,0,1,2608.0,1,4503.0,1,4758.0,1,2924.0,1,5754.0,1,3893.0,1,5998.0,1,5786.0,3675.8657,3798.3562,-1895.0
404,2014-06-30,7605.0,781.0,1.0,1.0,0,0.0,1.0,-0.059240628,-0.99824375,1.2246469e-16,-1.0,2,0,1,1,0.0,1,2608.0,1,4510.0,1,0.0,1,5764.0,1,2707.0,1,5436.0,1,5121.0,2205.5193,2954.277,-2608.0
404,2014-07-01,5905.0,668.0,1.0,1.0,0,0.0,2.0,-0.059240628,-0.99824375,-0.5,-0.8660254,3,1,0,1,7605.0,1,0.0,1,4503.0,1,4849.0,1,0.0,1,0.0,1,3575.0,1,3058.0,4365.3115,3987.771,7605.0
404,2014-07-02,5945.0,687.0,1.0,1.0,0,0.0,3.0,-0.059240628,-0.99824375,-0.5,-0.8660254,3,0,0,1,5905.0,1,7605.0,1,2608.0,1,4560.0,1,5999.0,1,7048.0,1,0.0,1,0.0,4981.187,4413.822,-1700.0
404,2014-07-03,5456.0,664.0,1.0,1.0,0,0.0,4.0,-0.059240628,-0.99824375,-0.5,-0.8660254,3,0,0,1,5945.0,1,5905.0,1,0.0,1,4758.0,1,2924.0,1,5754.0,1,0.0,1,4148.0,5366.7124,4754.0835,40.0
404,2014-07-04,4526.0,546.0,1.0,1.0,0,0.0,5.0,-0.059240628,-0.99824375,-0.5,-0.8660254,3,0,0,1,5456.0,1,5945.0,1,7605.0,1,4510.0,1,0.0,1,5764.0,1,4734.0,1,4736.0,5402.4272,4910.065,-489.0
404,2014-07-05,2692.0,310.0,1.0,0.0,0,0.0,6.0,-0.059240628,-0.99824375,-0.5,-0.8660254,3,0,0,1,4526.0,1,5456.0,1,5905.0,1,4503.0,1,4849.0,1,0.0,1,4791.0,1,4522.0,5051.8564,4824.7173,-930.0
404,2014-07-06,0.0,0.0,0.0,0.0,0,0.0,7.0,-0.059240628,-0.99824375,-0.5,-0.8660254,3,0,0,1,2692.0,1,4526.0,1,5945.0,1,2608.0,1,4560.0,1,5999.0,1,4637.0,1,4350.0,4107.914,4350.7803,-1834.0
404,2014-07-07,4931.0,625.0,1.0,0.0,0,0.0,1.0,-0.17689027,-0.9842306,-0.5,-0.8660254,3,0,0,1,0.0,1,2692.0,1,5456.0,1,0.0,1,4758.0,1,2924.0,1,3893.0,1,3760.0,2464.7483,3383.9402,-2692.0
404,2014-07-08,3618.0,486.0,1.0,0.0,0,0.0,2.0,-0.17689027,-0.9842306,-0.5,-0.8660254,3,0,0,1,4931.0,1,0.0,1,4526.0,1,7605.0,1,4510.0,1,0.0,1,2707.0,1,2525.0,3451.249,3727.7312,4931.0
404,2014-07-09,3666.0,521.0,1.0,0.0,0,0.0,3.0,-0.17689027,-0.9842306,-0.5,-0.8660254,3,0,0,1,3618.0,1,4931.0,1,2692.0,1,5905.0,1,4503.0,1,4849.0,1,0.0,1,0.0,3517.9495,3703.3464,-1313.0
404,2014-07-10,4591.0,626.0,1.0,0.0,0,0.0,4.0,-0.17689027,-0.9842306,-0.5,-0.8660254,3,0,0,1,3666.0,1,3618.0,1,0.0,1,5945.0,1,2608.0,1,4560.0,1,7048.0,1,6358.0,3577.1697,3695.0474,48.0
404,2014-07-11,4387.0,588.0,1.0,0.0,0,0.0,5.0,-0.17689027,-0.9842306,-0.5,-0.8660254,3,0,0,1,4591.0,1,3666.0,1,4931.0,1,5456.0,1,0.0,1,4758.0,1,5754.0,1,6156.0,3982.7017,3894.148,925.0
404,2014-07-12,2870.0,312.0,1.0,0.0,0,0.0,6.0,-0.17689027,-0.9842306,-0.5,-0.8660254,3,0,0,1,4387.0,1,4591.0,1,3618.0,1,4526.0,1,7605.0,1,4510.0,1,5764.0,1,5527.0,4144.421,4003.6707,-204.0
404,2014-07-13,0.0,0.0,0.0,0.0,0,0.0,7.0,-0.17689027,-0.9842306,-0.5,-0.8660254,3,0,0,1,2870.0,1,4387.0,1,3666.0,1,2692.0,1,5905.0,1,4503.0,1,0.0,1,5600.0,3634.6526,3751.744,-1517.0
404,2014-07-14,6365.0,700.0,1.0,1.0,0,0.0,1.0,-0.29205677,-0.956401,-0.5,-0.8660254,3,0,0,1,0.0,1,2870.0,1,4591.0,1,0.0,1,5945.0,1,2608.0,1,5999.0,1,5175.0,2180.7915,2918.023,-2870.0
404,2014-07-15,6418.0,709.0,1.0,1.0,0,0.0,2.0,-0.29205677,-0.956401,-0.5,-0.8660254,3,0,0,1,6365.0,1,0.0,1,4387.0,1,4931.0,1,5456.0,1,0.0,1,2924.0,1,2836.0,3854.4749,3684.0178,6365.0
404,2014-07-16,6544.0,730.0,1.0,1.0,0,0.0,3.0,-0.29205677,-0.956401,-0.5,-0.8660254,3,0,0,1,6418.0,1,6365.0,1,2870.0,1,3618.0,1,4526.0,1,7605.0,1,0.0,1,0.0,4879.885,4291.5693,53.0
404,2014-07-17,4994.0,625.0,1.0,1.0,0,0.0,4.0,-0.29205677,-0.956401,-0.5,-0.8660254,3,0,0,1,6544.0,1,6418.0,1,0.0,1,3666.0,1,2692.0,1,5905.0,1,4849.0,1,4471.0,5545.531,4792.1094,126.0
404,2014-07-18,5305.0,624.0,1.0,1.0,0,0.0,5.0,-0.29205677,-0.956401,-0.5,-0.8660254,3,0,0,1,4994.0,1,6544.0,1,6365.0,1,4591.0,1,0.0,1,5945.0,1,4560.0,1,4750.0,5324.9185,4836.974,-1550.0
404,2014-07-19,2725.0,314.0,1.0,0.0,0,0.0,6.0,-0.29205677,-0.956401,-0.5,-0.8660254,3,0,0,1,5305.0,1,4994.0,1,6418.0,1,4387.0,1,4931.0,1,5456.0,1,4758.0,1,5677.0,5316.951,4940.98,311.0
404,2014-07-20,0.0,0.0,0.0,0.0,0,0.0,7.0,-0.29205677,-0.956401,-0.5,-0.8660254,3,0,0,1,2725.0,1,5305.0,1,6544.0,1,2870.0,1,3618.0,1,4526.0,1,4510.0,1,0.0,4280.171,4448.54,-2580.0
404,2014-07-21,4617.0,626.0,1.0,0.0,0,0.0,1.0,-0.40312344,-0.91514564,-0.5,-0.8660254,3,0,0,1,0.0,1,2725.0,1,4994.0,1,0.0,1,3666.0,1,2692.0,1,4503.0,1,6439.0,2568.1023,3459.9756,-2725.0
404,2014-07-22,4053.0,583.0,1.0,0.0,0,0.0,2.0,-0.40312344,-0.91514564,-0.5,-0.8660254,3,0,0,1,4617.0,1,0.0,1,5305.0,1,6365.0,1,4591.0,1,0.0,1,2608.0,1,2961.0,3387.6614,3717.092,4617.0
404,2014-07-23,5073.0,607.0,1.0,0.0,0,0.0,3.0,-0.40312344,-0.91514564,-0.5,-0.8660254,3,0,0,1,4053.0,1,4617.0,1,2725.0,1,6418.0,1,4387.0,1,4931.0,1,0.0,1,0.0,3653.7969,3791.7383,-564.0
404,2014-07-24,4375.0,589.0,1.0,0.0,0,0.0,4.0,-0.40312344,-0.91514564,-0.5,-0.8660254,3,0,0,1,5073.0,1,4053.0,1,0.0,1,6544.0,1,2870.0,1,3618.0,1,7605.0,1,8050.0,4221.478,4076.4631,1020.0
404,2014-07-25,3997.0,533.0,1.0,0.0,0,0.0,5.0,-0.40312344,-0.91514564,-0.5,-0.8660254,3,0,0,1,4375.0,1,5073.0,1,4617.0,1,4994.0,1,0.0,1,3666.0,1,5905.0,1,6879.0,4282.8867,4142.8047,-698.0
404,2014-07-26,2568.0,314.0,1.0,0.0,0,0.0,6.0,-0.40312344,-0.91514564,-0.5,-0.8660254,3,0,0,1,3997.0,1,4375.0,1,4053.0,1,5305.0,1,6365.0,1,4591.0,1,5945.0,1,6407.0,4168.532,4110.404,-378.0
404,2014-07-27,0.0,0.0,0.0,0.0,0,0.0,7.0,-0.40312344,-0.91514564,-0.5,-0.8660254,3,0,0,1,2568.0,1,3997.0,1,5073.0,1,2725.0,1,6418.0,1,4387.0,1,5456.0,1,5998.0,3528.3193,3767.6472,-1429.0
404,2014-07-28,6669.0,699.0,1.0,1.0,0,0.0,1.0,-0.5085311,-0.86104363,-0.5,-0.8660254,3,0,0,1,0.0,1,2568.0,1,4375.0,1,0.0,1,6544.0,1,2870.0,1,4526.0,1,5436.0,2116.9915,2930.3923,-2568.0
404,2014-07-29,6495.0,693.0,1.0,1.0,0,0.0,2.0,-0.5085311,-0.86104363,-0.5,-0.8660254,3,0,0,1,6669.0,1,0.0,1,3997.0,1,4617.0,1,4994.0,1,0.0,1,2692.0,1,3575.0,3937.795,3761.194,6669.0
404,2014-07-30,6392.0,658.0,1.0,1.0,0,0.0,3.0,-0.5085311,-0.86104363,-0.5,-0.8660254,3,0,0,1,6495.0,1,6669.0,1,2568.0,1,4053.0,1,5305.0,1,6365.0,1,0.0,1,0.0,4960.677,4368.7065,-174.0
404,2014-07-31,6435.0,700.0,1.0,1.0,0,1.0,4.0,-0.5085311,-0.86104363,-0.5,-0.8660254,3,0,1,1,6392.0,1,6495.0,1,0.0,1,5073.0,1,2725.0,1,6418.0,1,4931.0,1,0.0,5533.206,4818.327,-103.0
404,2014-08-01,6003.0,646.0,1.0,1.0,0,1.0,5.0,-0.5085311,-0.86104363,-0.8660254,-0.5,3,1,0,1,6435.0,1,6392.0,1,6669.0,1,4375.0,1,0.0,1,6544.0,1,3618.0,1,4734.0,5893.924,5177.588,43.0
404,2014-08-02,3391.0,387.0,1.0,0.0,0,0.0,6.0,-0.5085311,-0.86104363,-0.8660254,-0.5,3,0,0,1,6003.0,1,6435.0,1,6495.0,1,3997.0,1,4617.0,1,4994.0,1,3666.0,1,4791.0,5937.554,5361.0127,-432.0
404,2014-08-03,0.0,0.0,0.0,0.0,0,0.0,7.0,-0.5085311,-0.86104363,-0.8660254,-0.5,3,0,0,1,3391.0,1,6003.0,1,6392.0,1,2568.0,1,4053.0,1,5305.0,1,4591.0,1,4637.0,4918.9326,4923.232,-2612.0
404,2014-08-04,6649.0,681.0,1.0,1.0,0,1.0,1.0,-0.60680014,-0.79485446,-0.8660254,-0.5,3,0,0,1,0.0,1,3391.0,1,6435.0,1,0.0,1,5073.0,1,2725.0,1,4387.0,1,3893.0,2951.3596,3829.1807,-3391.0
404,2014-08-05,5491.0,592.0,1.0,1.0,0,1.0,2.0,-0.60680014,-0.79485446,-0.8660254,-0.5,3,0,0,1,6649.0,1,0.0,1,6003.0,1,6669.0,1,4375.0,1,0.0,1,2870.0,1,2707.0,4430.4155,4455.807,6649.0
404,2014-08-06,5428.0,595.0,1.0,1.0,0,1.0,3.0,-0.60680014,-0.79485446,-0.8660254,-0.5,3,0,0,1,5491.0,1,6649.0,1,3391.0,1,6495.0,1,3997.0,1,4617.0,1,0.0,1,0.0,4854.6494,4685.85,-1158.0
404,2014-08-07,4722.0,568.0,1.0,1.0,0,1.0,4.0,-0.60680014,-0.79485446,-0.8660254,-0.5,3,0,0,1,5428.0,1,5491.0,1,0.0,1,6392.0,1,2568.0,1,4053.0,1,6365.0,1,7048.0,5083.9897,4850.772,-63.0
404,2014-08-08,4067.0,449.0,1.0,1.0,0,1.0,5.0,-0.60680014,-0.79485446,-0.8660254,-0.5,3,0,0,1,4722.0,1,5428.0,1,6649.0,1,6435.0,1,0.0,1,5073.0,1,6418.0,1,5754.0,4939.194,4822.1562,-706.0
404,2014-08-09,2284.0,260.0,1.0,0.0,0,0.0,6.0,-0.60680014,-0.79485446,-0.8660254,-0.5,3,0,0,1,4067.0,1,4722.0,1,5491.0,1,6003.0,1,6669.0,1,4375.0,1,6544.0,1,5764.0,4590.3164,4654.3438,-655.0
404,2014-08-10,0.0,0.0,0.0,0.0,0,0.0,7.0,-0.60680014,-0.79485446,-0.8660254,-0.5,3,0,0,1,2284.0,1,4067.0,1,5428.0,1,3391.0,1,6495.0,1,3997.0,1,4994.0,1,0.0,3667.7898,4127.6006,-1783.0
404,2014-08-11,3816.0,494.0,1.0,0.0,0,1.0,1.0,-0.696551,-0.71750724,-0.8660254,-0.5,3,0,0,1,0.0,1,2284.0,1,4722.0,1,0.0,1,6392.0,1,2568.0,1,5305.0,1,5999.0,2200.6738,3210.356,-2284.0
404,2014-08-12,4236.0,488.0,1.0,0.0,0,1.0,2.0,-0.696551,-0.71750724,-0.8660254,-0.5,3,0,0,1,3816.0,1,0.0,1,4067.0,1,6649.0,1,6435.0,1,0.0,1,2725.0,1,2924.0,2846.8042,3344.9436,3816.0
404,2014-08-13,3255.0,416.0,1.0,0.0,0,1.0,3.0,-0.696551,-0.71750724,-0.8660254,-0.5,3,0,0,1,4236.0,1,3816.0,1,2284.0,1,5491.0,1,6003.0,1,6669.0,1,0.0,1,0.0,3402.4827,3542.956,420.0
404,2014-08-14,3664.0,445.0,1.0,0.0,0,1.0,4.0,-0.696551,-0.71750724,-0.8660254,-0.5,3,0,0,1,3255.0,1,4236.0,1,0.0,1,5428.0,1,3391.0,1,6495.0,1,4617.0,1,4849.0,3343.4895,3478.9658,-981.0
404,2014-08-15,3220.0,393.0,1.0,0.0,0,1.0,5.0,-0.696551,-0.71750724,-0.8660254,-0.5,3,0,0,1,3664.0,1,3255.0,1,3816.0,1,4722.0,1,0.0,1,6392.0,1,4053.0,1,4560.0,3471.6938,3520.0845,409.0
404,2014-08-16,2762.0,292.0,1.0,0.0,0,0.0,6.0,-0.696551,-0.71750724,-0.8660254,-0.5,3,0,0,1,3220.0,1,3664.0,1,4236.0,1,4067.0,1,6649.0,1,6435.0,1,5073.0,1,4758.0,3371.0164,3453.3992,-444.0
404,2014-08-17,0.0,0.0,0.0,0.0,0,0.0,7.0,-0.696551,-0.71750724,-0.8660254,-0.5,3,0,0,1,2762.0,1,3220.0,1,3255.0,1,2284.0,1,5491.0,1,6003.0,1,4375.0,1,4510.0,3127.4097,3299.755,-458.0
404,2014-08-18,6738.0,635.0,1.0,1.0,0,1.0,1.0,-0.7765239,-0.63008785,-0.8660254,-0.5,3,0,0,1,0.0,1,2762.0,1,3664.0,1,0.0,1,5428.0,1,3391.0,1,3997.0,1,4503.0,1876.4458,2566.476,-2762.0
404,2014-08-19,5706.0,609.0,1.0,1.0,0,1.0,2.0,-0.7765239,-0.63008785,-0.8660254,-0.5,3,0,0,1,6738.0,1,0.0,1,3220.0,1,3816.0,1,4722.0,1,0.0,1,2568.0,1,2608.0,3821.0676,3493.4814,6738.0
404,2014-08-20,5299.0,566.0,1.0,1.0,0,1.0,3.0,-0.7765239,-0.63008785,-0.8660254,-0.5,3,0,0,1,5706.0,1,6738.0,1,2762.0,1,4236.0,1,4067.0,1,6649.0,1,0.0,1,0.0,4575.0405,3985.152,-1032.0
404,2014-08-21,4810.0,554.0,1.0,1.0,0,1.0,4.0,-0.7765239,-0.63008785,-0.8660254,-0.5,3,0,0,1,5299.0,1,5706.0,1,0.0,1,3255.0,1,2284.0,1,5491.0,1,6669.0,1,7605.0,4864.6245,4277.118,-407.0
404,2014-08-22,4645.0,474.0,1.0,1.0,0,1.0,5.0,-0.7765239,-0.63008785,-0.8660254,-0.5,3,0,0,1,4810.0,1,5299.0,1,6738.0,1,3664.0,1,0.0,1,5428.0,1,6495.0,1,5905.0,4842.7744,4395.5366,-489.0
404,2014-08-23,2379.0,282.0,1.0,0.0,0,0.0,6.0,-0.7765239,-0.63008785,-0.8660254,-0.5,3,0,0,1,4645.0,1,4810.0,1,5706.0,1,3220.0,1,3816.0,1,4722.0,1,6392.0,1,5945.0,4763.6646,4450.9727,-165.0
404,2014-08-24,0.0,0.0,0.0,0.0,0,0.0,7.0,-0.7765239,-0.63008785,-0.8660254,-0.5,3,0,0,1,2379.0,1,4645.0,1,5299.0,1,2762.0,1,4236.0,1,4067.0,1,6435.0,1,5456.0,3809.7988,3990.5344,-2266.0
404,2014-08-25,4264.0,502.0,1.0,0.0,0,1.0,1.0,-0.845596,-0.5338234,-0.8660254,-0.5,3,0,0,1,0.0,1,2379.0,1,4810.0,1,0.0,1,3255.0,1,2284.0,1,6003.0,1,4526.0,2285.8794,3103.749,-2379.0
404,2014-08-26,4101.0,499.0,1.0,0.0,0,1.0,2.0,-0.845596,-0.5338234,-0.8660254,-0.5,3,0,0,1,4264.0,1,0.0,1,4645.0,1,6738.0,1,3664.0,1,0.0,1,3391.0,1,2692.0,3077.1277,3361.5825,4264.0
404,2014-08-27,3901.0,512.0,1.0,0.0,0,1.0,3.0,-0.845596,-0.5338234,-0.8660254,-0.5,3,0,0,1,4101.0,1,4264.0,1,2379.0,1,5706.0,1,3220.0,1,3816.0,1,0.0,1,0.0,3486.6765,3525.8975,-163.0
404,2014-08-28,4197.0,498.0,1.0,0.0,0,1.0,4.0,-0.845596,-0.5338234,-0.8660254,-0.5,3,0,0,1,3901.0,1,4101.0,1,0.0,1,5299.0,1,2762.0,1,4236.0,1,6649.0,1,4931.0,3652.406,3609.2537,-200.0
404,2014-08-29,4707.0,510.0,1.0,0.0,0,1.0,5.0,-0.845596,-0.5338234,-0.8660254,-0.5,3,0,0,1,4197.0,1,3901.0,1,4264.0,1,4810.0,1,0.0,1,3255.0,1,5491.0,1,3618.0,3870.2437,3739.864,296.0
404,2014-08-30,3046.0,338.0,1.0,0.0,0,0.0,6.0,-0.845596,-0.5338234,-0.8660254,-0.5,3,0,0,1,4707.0,1,4197.0,1,4101.0,1,4645.0,1,6738.0,1,3664.0,1,5428.0,1,3666.0,4204.9463,3954.783,510.0
404,2014-08-31,0.0,0.0,0.0,0.0,0,0.0,7.0,-0.845596,-0.5338234,-0.8660254,-0.5,3,0,1,1,3046.0,1,4707.0,1,3901.0,1,2379.0,1,5706.0,1,3220.0,1,4722.0,1,4591.0,3741.3677,3752.8313,-1661.0
404,2014-09-01,6441.0,677.0,1.0,1.0,0,1.0,1.0,-0.9027978,-0.4300652,-1.0,-1.8369701e-16,3,1,0,1,0.0,1,3046.0,1,4197.0,1,0.0,1,5299.0,1,2762.0,1,4067.0,1,4387.0,2244.8206,2918.8687,-3046.0
404,2014-09-02,5525.0,587.0,1.0,1.0,0,1.0,2.0,-0.9027978,-0.4300652,-1.0,-1.8369701e-16,3,0,0,1,6441.0,1,0.0,1,4707.0,1,4264.0,1,4810.0,1,0.0,1,2284.0,1,2870.0,3923.2925,3701.5647,6441.0
404,2014-09-03,5375.0,604.0,1.0,1.0,0,1.0,3.0,-0.9027978,-0.4300652,-1.0,-1.8369701e-16,3,0,0,1,5525.0,1,6441.0,1,3046.0,1,4101.0,1,4645.0,1,6738.0,1,0.0,1,0.0,4563.9756,4106.7725,-916.0
404,2014-09-04,5405.0,584.0,1.0,1.0,0,1.0,4.0,-0.9027978,-0.4300652,-1.0,-1.8369701e-16,3,0,0,1,5375.0,1,5525.0,1,0.0,1,3901.0,1,2379.0,1,5706.0,1,3816.0,1,6365.0,4888.3853,4388.6006,-150.0
404,2014-09-05,5077.0,559.0,1.0,1.0,0,1.0,5.0,-0.9027978,-0.4300652,-1.0,-1.8369701e-16,3,0,0,1,5405.0,1,5375.0,1,6441.0,1,4197.0,1,0.0,1,5299.0,1,4236.0,1,6418.0,5095.0312,4614.4673,30.0
404,2014-09-06,2625.0,331.0,1.0,0.0,0,0.0,6.0,-0.9027978,-0.4300652,-1.0,-1.8369701e-16,3,0,0,1,5077.0,1,5405.0,1,5525.0,1,4707.0,1,4264.0,1,4810.0,1,3255.0,1,6544.0,5087.819,4717.2524,-328.0
404,2014-09-07,0.0,0.0,0.0,0.0,0,0.0,7.0,-0.9027978,-0.4300652,-1.0,-1.8369701e-16,3,0,0,1,2625.0,1,5077.0,1,5375.0,1,3046.0,1,4101.0,1,4645.0,1,3664.0,1,4994.0,4102.6914,4252.3076,-2452.0
404,2014-09-08,4116.0,598.0,1.0,0.0,0,1.0,1.0,-0.94732636,-0.32026985,-1.0,-1.8369701e-16,3,0,0,1,0.0,1,2625.0,1,5405.0,1,0.0,1,3901.0,1,2379.0,1,3220.0,1,5305.0,2461.6147,3307.35,-2625.0
404,2014-09-09,4237.0,517.0,1.0,0.0,0,1.0,2.0,-0.94732636,-0.32026985,-1.0,-1.8369701e-16,3,0,0,1,4116.0,1,0.0,1,5077.0,1,6441.0,1,4197.0,1,0.0,1,2762.0,1,2725.0,3123.369,3487.05,4116.0
404,2014-09-10,4433.0,559.0,1.0,0.0,0,1.0,3.0,-0.94732636,-0.32026985,-1.0,-1.8369701e-16,3,0,0,1,4237.0,1,4116.0,1,2625.0,1,5525.0,1,4707.0,1,4264.0,1,0.0,1,0.0,3568.8213,3653.7056,121.0
404,2014-09-11,3865.0,519.0,1.0,0.0,0,1.0,4.0,-0.94732636,-0.32026985,-1.0,-1.8369701e-16,3,0,0,1,4433.0,1,4237.0,1,0.0,1,5375.0,1,3046.0,1,4101.0,1,6738.0,1,4617.0,3914.4927,3826.882,196.0
404,2014-09-12,2793.0,371.0,1.0,0.0,0,1.0,5.0,-0.94732636,-0.32026985,-1.0,-1.8369701e-16,3,0,0,1,3865.0,1,4433.0,1,4116.0,1,5405.0,1,0.0,1,3901.0,1,5706.0,1,4053.0,3894.6956,3835.3528,-568.0
404,2014-09-13,2796.0,303.0,1.0,0.0,0,0.0,6.0,-0.94732636,-0.32026985,-1.0,-1.8369701e-16,3,0,0,1,2793.0,1,3865.0,1,4237.0,1,5077.0,1,6441.0,1,4197.0,1,5299.0,1,5073.0,3454.0173,3603.7188,-1072.0
404,2014-09-14,0.0,0.0,0.0,0.0,0,0.0,7.0,-0.94732636,-0.32026985,-1.0,-1.8369701e-16,3,0,0,1,2796.0,1,2793.0,1,4433.0,1,2625.0,1,5525.0,1,4707.0,1,4810.0,1,4375.0,3190.8105,3424.2258,3.0
404,2014-09-15,6308.0,692.0,1.0,1.0,0,0.0,1.0,-0.9785565,-0.20597862,-1.0,-1.8369701e-16,3,0,0,1,0.0,1,2796.0,1,3865.0,1,0.0,1,5375.0,1,3046.0,1,4645.0,1,3997.0,1914.4862,2663.2866,-2796.0
404,2014-09-16,5885.0,674.0,1.0,1.0,0,0.0,2.0,-0.9785565,-0.20597862,-1.0,-1.8369701e-16,3,0,0,1,6308.0,1,0.0,1,2793.0,1,4116.0,1,5405.0,1,0.0,1,2379.0,1,2568.0,3671.8918,3473.223,6308.0
404,2014-09-17,5059.0,669.0,1.0,1.0,0,0.0,3.0,-0.9785565,-0.20597862,-1.0,-1.8369701e-16,3,0,0,1,5885.0,1,6308.0,1,2796.0,1,4237.0,1,5077.0,1,6441.0,1,0.0,1,0.0,4557.1353,4009.1733,-423.0
404,2014-09-18,5032.0,637.0,1.0,1.0,0,0.0,4.0,-0.9785565,-0.20597862,-1.0,-1.8369701e-16,3,0,0,1,5059.0,1,5885.0,1,0.0,1,4433.0,1,2625.0,1,5525.0,1,4264.0,1,6669.0,4757.881,4242.4683,-826.0
404,2014-09-19,4963.0,633.0,1.0,1.0,0,0.0,5.0,-0.9785565,-0.20597862,-1.0,-1.8369701e-16,3,0,0,1,5032.0,1,5059.0,1,6308.0,1,3865.0,1,0.0,1,5375.0,1,4101.0,1,6495.0,4867.529,4417.92,-27.0
404,2014-09-20,2533.0,318.0,1.0,0.0,0,0.0,6.0,-0.9785565,-0.20597862,-1.0,-1.8369701e-16,3,0,0,1,4963.0,1,5032.0,1,5885.0,1,2793.0,1,4116.0,1,5405.0,1,3901.0,1,6392.0,4905.7173,4539.049,-69.0
404,2014-09-21,0.0,0.0,0.0,0.0,0,0.0,7.0,-0.9785565,-0.20597862,-1.0,-1.8369701e-16,3,0,0,1,2533.0,1,4963.0,1,5059.0,1,2796.0,1,4237.0,1,5077.0,1,4197.0,1,6435.0,3956.6304,4093.26,-2430.0
404,2014-09-22,3938.0,546.0,1.0,0.0,0,0.0,1.0,-0.9960498,-0.08879589,-1.0,-1.8369701e-16,3,0,0,1,0.0,1,2533.0,1,5032.0,1,0.0,1,4433.0,1,2625.0,1,4707.0,1,6003.0,2373.9783,3183.6467,-2533.0
404,2014-09-23,4344.0,599.0,1.0,0.0,0,0.0,2.0,-0.9960498,-0.08879589,-1.0,-1.8369701e-16,3,0,0,1,3938.0,1,0.0,1,4963.0,1,6308.0,1,3865.0,1,0.0,1,3046.0,1,3391.0,2999.587,3351.2808,3938.0
404,2014-09-24,4127.0,556.0,1.0,0.0,0,0.0,3.0,-0.9960498,-0.08879589,-1.0,-1.8369701e-16,3,0,0,1,4344.0,1,3938.0,1,2533.0,1,5885.0,1,2793.0,1,4116.0,1,0.0,1,0.0,3537.352,3571.885,406.0
404,2014-09-25,3673.0,539.0,1.0,0.0,0,0.0,4.0,-0.9960498,-0.08879589,-1.0,-1.8369701e-16,3,0,0,1,4127.0,1,4344.0,1,0.0,1,5059.0,1,2796.0,1,4237.0,1,6441.0,1,6649.0,3773.2112,3695.244,-217.0
404,2014-09-26,3747.0,517.0,1.0,0.0,0,0.0,5.0,-0.9960498,-0.08879589,-1.0,-1.8369701e-16,3,0,0,1,3673.0,1,4127.0,1,3938.0,1,5032.0,1,0.0,1,4433.0,1,5525.0,1,5491.0,3733.1267,3690.3008,-454.0
404,2014-09-27,2682.0,305.0,1.0,0.0,0,0.0,6.0,-0.9960498,-0.08879589,-1.0,-1.8369701e-16,3,0,0,1,3747.0,1,3673.0,1,4344.0,1,4963.0,1,6308.0,1,3865.0,1,5375.0,1,5428.0,3738.676,3702.9006,74.0
404,2014-09-28,0.0,0.0,0.0,0.0,0,0.0,7.0,-0.9960498,-0.08879589,-1.0,-1.8369701e-16,3,0,0,1,2682.0,1,3747.0,1,4127.0,1,2533.0,1,5885.0,1,2793.0,1,5405.0,1,4722.0,3316.0056,3476.034,-1065.0
404,2014-09-29,7048.0,740.0,1.0,1.0,0,0.0,1.0,-0.99956083,0.029633328,-1.0,-1.8369701e-16,3,0,0,1,0.0,1,2682.0,1,3673.0,1,0.0,1,5059.0,1,2796.0,1,5077.0,1,4067.0,1989.6034,2703.5818,-2682.0
404,2014-09-30,5786.0,693.0,1.0,1.0,0,0.0,2.0,-0.99956083,0.029633328,-1.0,-1.8369701e-16,3,0,1,1,7048.0,1,0.0,1,3747.0,1,3938.0,1,5032.0,1,0.0,1,2625.0,1,2284.0,4012.962,3669.008,7048.0
404,2014-10-01,5915.0,678.0,1.0,1.0,0,0.0,3.0,-0.99956083,0.029633328,-0.8660254,0.5,4,1,0,1,5786.0,1,7048.0,1,2682.0,1,4344.0,1,4963.0,1,6308.0,1,0.0,1,0.0,4722.1772,4139.4507,-1262.0
404,2014-10-02,5757.0,714.0,1.0,1.0,0,0.0,4.0,-0.99956083,0.029633328,-0.8660254,0.5,4,0,0,1,5915.0,1,5786.0,1,0.0,1,4127.0,1,2533.0,1,5885.0,1,4116.0,1,3816.0,5199.306,4534.017,129.0
404,2014-10-03,0.0,0.0,0.0,1.0,1,0.0,5.0,-0.99956083,0.029633328,-0.8660254,0.5,4,0,0,1,5757.0,1,5915.0,1,7048.0,1,3673.0,1,0.0,1,5059.0,1,4237.0,1,4236.0,5422.384,4805.791,-158.0
404,2014-10-04,3780.0,421.0,1.0,0.0,0,0.0,6.0,-0.99956083,0.029633328,-0.8660254,0.5,4,0,0,1,0.0,1,5757.0,1,5786.0,1,3747.0,1,3938.0,1,5032.0,1,4433.0,1,3255.0,3253.4302,3737.8376,-5757.0
404,2014-10-05,0.0,0.0,0.0,0.0,0,0.0,7.0,-0.99956083,0.029633328,-0.8660254,0.5,4,0,0,1,3780.0,1,0.0,1,5915.0,1,2682.0,1,4344.0,1,4963.0,1,3865.0,1,3664.0,3464.058,3747.207,3780.0
404,2014-10-06,7072.0,750.0,1.0,1.0,0,0.0,1.0,-0.9890402,0.14764656,-0.8660254,0.5,4,0,0,1,0.0,1,3780.0,1,5757.0,1,0.0,1,4127.0,1,2533.0,1,2793.0,1,3220.0,2078.4348,2914.4944,-3780.0
404,2014-10-07,6200.0,703.0,1.0,1.0,0,0.0,2.0,-0.9890402,0.14764656,-0.8660254,0.5,4,0,0,1,7072.0,1,0.0,1,0.0,1,7048.0,1,3673.0,1,0.0,1,2796.0,1,2762.0,4075.8608,3838.3845,7072.0
404,2014-10-08,5568.0,661.0,1.0,1.0,0,0.0,3.0,-0.9890402,0.14764656,-0.8660254,0.5,4,0,0,1,6200.0,1,7072.0,1,3780.0,1,5786.0,1,3747.0,1,3938.0,1,0.0,1,0.0,4925.5166,4363.188,-872.0
404,2014-10-09,5136.0,646.0,1.0,1.0,0,0.0,4.0,-0.9890402,0.14764656,-0.8660254,0.5,4,0,0,1,5568.0,1,6200.0,1,0.0,1,5915.0,1,2682.0,1,4344.0,1,6308.0,1,6738.0,5182.51,4630.924,-632.0
404,2014-10-10,5233.0,598.0,1.0,1.0,0,0.0,5.0,-0.9890402,0.14764656,-0.8660254,0.5,4,0,0,1,5136.0,1,5568.0,1,7072.0,1,5757.0,1,0.0,1,4127.0,1,5885.0,1,5706.0,5163.906,4743.163,-432.0
404,2014-10-11,2541.0,306.0,1.0,0.0,0,0.0,6.0,-0.9890402,0.14764656,-0.8660254,0.5,4,0,0,1,5233.0,1,5136.0,1,6200.0,1,0.0,1,7048.0,1,3673.0,1,5059.0,1,5299.0,5191.5435,4852.0156,97.0
404,2014-10-12,0.0,0.0,0.0,0.0,0,0.0,7.0,-0.9890402,0.14764656,-0.8660254,0.5,4,0,0,1,2541.0,1,5233.0,1,5568.0,1,3780.0,1,5786.0,1,3747.0,1,5032.0,1,4810.0,4131.326,4338.4565,-2692.0
404,2014-10-13,4103.0,581.0,1.0,0.0,0,0.0,1.0,-0.9646356,0.26358718,-0.8660254,0.5,4,0,0,1,0.0,1,2541.0,1,5136.0,1,0.0,1,5915.0,1,2682.0,1,4963.0,1,4645.0,2478.7957,3374.3552,-2541.0
404,2014-10-14,4445.0,635.0,1.0,0.0,0,0.0,2.0,-0.9646356,0.26358718,-0.8660254,0.5,4,0,0,1,4103.0,1,0.0,1,5233.0,1,7072.0,1,5757.0,1,0.0,1,2533.0,1,2379.0,3128.4773,3536.2764,4103.0
404,2014-10-15,4386.0,603.0,1.0,0.0,0,0.0,3.0,-0.9646356,0.26358718,-0.8660254,0.5,4,0,0,1,4445.0,1,4103.0,1,2541.0,1,6200.0,1,0.0,1,7048.0,1,0.0,1,0.0,3655.0864,3738.2148,342.0
404,2014-10-16,3866.0,564.0,1.0,0.0,0,0.0,4.0,-0.9646356,0.26358718,-0.8660254,0.5,4,0,0,1,4386.0,1,4445.0,1,0.0,1,5568.0,1,3780.0,1,5786.0,1,3938.0,1,4264.0,3947.452,3882.1672,-59.0
404,2014-10-17,4528.0,638.0,1.0,0.0,0,0.0,5.0,-0.9646356,0.26358718,-0.8660254,0.5,4,0,0,1,3866.0,1,4386.0,1,4103.0,1,5136.0,1,0.0,1,5915.0,1,4344.0,1,4101.0,3914.871,3878.5745,-520.0
404,2014-10-18,2763.0,329.0,1.0,0.0,0,0.0,6.0,-0.9646356,0.26358718,-0.8660254,0.5,4,0,0,1,4528.0,1,3866.0,1,4445.0,1,5233.0,1,7072.0,1,5757.0,1,4127.0,1,3901.0,4160.1226,4022.891,662.0
404,2014-10-19,0.0,0.0,0.0,0.0,0,0.0,7.0,-0.9646356,0.26358718,-0.8660254,0.5,4,0,0,1,2763.0,1,4528.0,1,4386.0,1,2541.0,1,6200.0,1,0.0,1,3673.0,1,4197.0,3601.2737,3742.9153,-1765.0
404,2014-10-20,6130.0,720.0,1.0,1.0,0,0.0,1.0,-0.9266896,0.37582758,-0.8660254,0.5,4,0,0,1,0.0,1,2763.0,1,3866.0,1,0.0,1,5568.0,1,3780.0,1,3747.0,1,4707.0,2160.7642,2911.1565,-2763.0
404,2014-10-21,5759.0,705.0,1.0,1.0,0,0.0,2.0,-0.9266896,0.37582758,-0.8660254,0.5,4,0,0,1,6130.0,1,0.0,1,4528.0,1,4103.0,1,5136.0,1,0.0,1,2682.0,1,3046.0,3748.4585,3626.455,6130.0
404,2014-10-22,4965.0,571.0,1.0,1.0,0,0.0,3.0,-0.9266896,0.37582758,-0.8660254,0.5,4,0,0,1,5759.0,1,6130.0,1,2763.0,1,4445.0,1,5233.0,1,7072.0,1,0.0,1,0.0,4552.6753,4100.354,-371.0
404,2014-10-23,5078.0,620.0,1.0,1.0,0,0.0,4.0,-0.9266896,0.37582758,-0.8660254,0.5,4,0,0,1,4965.0,1,5759.0,1,0.0,1,4386.0,1,2541.0,1,6200.0,1,7048.0,1,6441.0,4717.605,4292.4976,-794.0
404,2014-10-24,4590.0,583.0,1.0,1.0,0,0.0,5.0,-0.9266896,0.37582758,-0.8660254,0.5,4,0,0,1,5078.0,1,4965.0,1,6130.0,1,3866.0,1,0.0,1,5568.0,1,5786.0,1,5525.0,4861.763,4467.0537,113.0
404,2014-10-25,2404.0,303.0,1.0,0.0,0,0.0,6.0,-0.9266896,0.37582758,-0.8660254,0.5,4,0,0,1,4590.0,1,5078.0,1,5759.0,1,4528.0,1,4103.0,1,5136.0,1,5915.0,1,5375.0,4753.0576,4494.375,-488.0
404,2014-10-26,0.0,0.0,0.0,0.0,0,0.0,7.0,-0.9266896,0.37582758,-0.8660254,0.5,4,0,0,1,2404.0,1,4590.0,1,4965.0,1,2763.0,1,4445.0,1,5233.0,1,5757.0,1,5405.0,3813.4348,4029.8472,-2186.0
404,2014-10-27,4489.0,555.0,1.0,0.0,0,1.0,1.0,-0.8757349,0.4827922,-0.8660254,0.5,4,0,0,1,0.0,1,2404.0,1,5078.0,1,0.0,1,4386.0,1,2541.0,1,0.0,1,5077.0,2288.0608,3134.3257,-2404.0
404,2014-10-28,3796.0,536.0,1.0,0.0,0,1.0,2.0,-0.8757349,0.4827922,-0.8660254,0.5,4,0,0,1,4489.0,1,0.0,1,4590.0,1,6130.0,1,3866.0,1,0.0,1,3780.0,1,2625.0,3168.4365,3435.3643,4489.0
404,2014-10-29,4321.0,551.0,1.0,0.0,0,1.0,3.0,-0.8757349,0.4827922,-0.8660254,0.5,4,0,0,1,3796.0,1,4489.0,1,2404.0,1,5759.0,1,4528.0,1,4103.0,1,0.0,1,0.0,3419.462,3515.5056,-693.0
404,2014-10-30,4289.0,532.0,1.0,0.0,0,1.0,4.0,-0.8757349,0.4827922,-0.8660254,0.5,4,0,0,1,4321.0,1,3796.0,1,0.0,1,4965.0,1,2763.0,1,4445.0,1,7072.0,1,4116.0,3780.0771,3694.5044,525.0
404,2014-10-31,4901.0,580.0,1.0,0.0,0,0.0,5.0,-0.8757349,0.4827922,-0.8660254,0.5,4,0,1,1,4289.0,1,4321.0,1,4489.0,1,5078.0,1,0.0,1,4386.0,1,6200.0,1,4237.0,3983.6462,3826.6145,-32.0
404,2014-11-01,0.0,0.0,0.0,0.0,1,0.0,6.0,-0.8757349,0.4827922,-0.5,0.8660254,4,1,0,1,4901.0,1,4289.0,1,3796.0,1,4590.0,1,6130.0,1,3866.0,1,5568.0,1,4433.0,4350.588,4065.367,612.0
404,2014-11-02,0.0,0.0,0.0,0.0,0,0.0,7.0,-0.8757349,0.4827922,-0.5,0.8660254,4,0,0,1,0.0,1,4901.0,1,4321.0,1,2404.0,1,5759.0,1,4528.0,1,5136.0,1,3865.0,2610.3528,3161.952,-4901.0
404,2014-11-03,7215.0,812.0,1.0,1.0,0,0.0,1.0,-0.8124869,0.5829795,-0.5,0.8660254,4,0,0,1,0.0,1,0.0,1,4289.0,1,0.0,1,4965.0,1,2763.0,1,5233.0,1,2793.0,1566.2115,2459.296,0.0
404,2014-11-04,6169.0,715.0,1.0,1.0,0,0.0,2.0,-0.8124869,0.5829795,-0.5,0.8660254,4,0,0,1,7215.0,1,0.0,1,4901.0,1,4489.0,1,5078.0,1,0.0,1,2541.0,1,2796.0,3825.727,3516.1191,7215.0
404,2014-11-05,5330.0,614.0,1.0,1.0,0,0.0,3.0,-0.8124869,0.5829795,-0.5,0.8660254,4,0,0,1,6169.0,1,7215.0,1,0.0,1,3796.0,1,4590.0,1,6130.0,1,0.0,1,0.0,4763.036,4105.648,-1046.0
404,2014-11-06,5848.0,685.0,1.0,1.0,0,0.0,4.0,-0.8124869,0.5829795,-0.5,0.8660254,4,0,0,1,5330.0,1,6169.0,1,0.0,1,4321.0,1,2404.0,1,5759.0,1,4103.0,1,6308.0,4989.822,4377.7266,-839.0
404,2014-11-07,5102.0,573.0,1.0,1.0,0,0.0,5.0,-0.8124869,0.5829795,-0.5,0.8660254,4,0,0,1,5848.0,1,5330.0,1,7215.0,1,4289.0,1,0.0,1,4965.0,1,4445.0,1,5885.0,5333.0933,4704.4536,518.0
404,2014-11-08,3403.0,356.0,1.0,0.0,0,0.0,6.0,-0.8124869,0.5829795,-0.5,0.8660254,4,0,0,1,5102.0,1,5848.0,1,6169.0,1,4901.0,1,4489.0,1,5078.0,1,4386.0,1,5059.0,5240.656,4792.7974,-746.0
404,2014-11-09,0.0,0.0,0.0,0.0,0,0.0,7.0,-0.8124869,0.5829795,-0.5,0.8660254,4,0,0,1,3403.0,1,5102.0,1,5330.0,1,0.0,1,3796.0,1,4590.0,1,3866.0,1,5032.0,4505.5933,4483.9536,-1699.0
404,2014-11-10,6055.0,708.0,1.0,1.0,0,0.0,1.0,-0.73783326,0.674983,-0.5,0.8660254,4,0,0,1,0.0,1,3403.0,1,5848.0,1,0.0,1,4321.0,1,2404.0,1,4528.0,1,4963.0,2703.3562,3487.5195,-3403.0
404,2014-11-11,5670.0,684.0,1.0,1.0,0,0.0,2.0,-0.73783326,0.674983,-0.5,0.8660254,4,0,0,1,6055.0,1,0.0,1,5102.0,1,7215.0,1,4289.0,1,0.0,1,2763.0,1,2533.0,4044.0137,4058.0706,6055.0
404,2014-11-12,6044.0,681.0,1.0,1.0,0,0.0,3.0,-0.73783326,0.674983,-0.5,0.8660254,4,0,0,1,5670.0,1,6055.0,1,3403.0,1,6169.0,1,4901.0,1,4489.0,1,0.0,1,0.0,4694.408,4416.2773,-385.0
404,2014-11-13,5132.0,656.0,1.0,1.0,0,0.0,4.0,-0.73783326,0.674983,-0.5,0.8660254,4,0,0,1,6044.0,1,5670.0,1,0.0,1,5330.0,1,0.0,1,3796.0,1,6130.0,1,3938.0,5234.245,4777.993,374.0
404,2014-11-14,5655.0,628.0,1.0,1.0,0,0.0,5.0,-0.73783326,0.674983,-0.5,0.8660254,4,0,0,1,5132.0,1,6044.0,1,6055.0,1,5848.0,1,0.0,1,4321.0,1,5759.0,1,4344.0,5193.347,4856.6616,-912.0
404,2014-11-15,2805.0,330.0,1.0,0.0,0,0.0,6.0,-0.73783326,0.674983,-0.5,0.8660254,4,0,0,1,5655.0,1,5132.0,1,5670.0,1,5102.0,1,7215.0,1,4289.0,1,4965.0,1,4127.0,5378.0083,5034.07,523.0
404,2014-11-16,0.0,0.0,0.0,0.0,0,0.0,7.0,-0.73783326,0.674983,-0.5,0.8660254,4,0,0,1,2805.0,1,5655.0,1,6044.0,1,3403.0,1,6169.0,1,4901.0,1,5078.0,1,3673.0,4348.8047,4538.721,-2850.0
404,2014-11-17,5015.0,654.0,1.0,0.0,0,0.0,1.0,-0.65282214,0.75751126,-0.5,0.8660254,4,0,0,1,0.0,1,2805.0,1,5132.0,1,0.0,1,5330.0,1,0.0,1,4590.0,1,3747.0,2609.283,3530.1165,-2805.0
404,2014-11-18,4320.0,635.0,1.0,0.0,0,0.0,2.0,-0.65282214,0.75751126,-0.5,0.8660254,4,0,0,1,5015.0,1,0.0,1,5655.0,1,6055.0,1,5848.0,1,0.0,1,2404.0,1,2682.0,3571.5698,3860.0906,5015.0
404,2014-11-19,4434.0,570.0,1.0,0.0,0,0.0,3.0,-0.65282214,0.75751126,-0.5,0.8660254,4,0,0,1,4320.0,1,5015.0,1,2805.0,1,5670.0,1,5102.0,1,7215.0,1,0.0,1,0.0,3870.942,3962.2927,-695.0
404,2014-11-20,4677.0,620.0,1.0,0.0,0,0.0,4.0,-0.65282214,0.75751126,-0.5,0.8660254,4,0,0,1,4434.0,1,4320.0,1,0.0,1,6044.0,1,3403.0,1,6169.0,1,4489.0,1,7048.0,4096.165,4067.1165,114.0
404,2014-11-21,4012.0,555.0,1.0,0.0,0,0.0,5.0,-0.65282214,0.75751126,-0.5,0.8660254,4,0,0,1,4677.0,1,4434.0,1,5015.0,1,5132.0,1,0.0,1,5330.0,1,3796.0,1,5786.0,4328.499,4202.646,243.0
404,2014-11-22,2960.0,343.0,1.0,0.0,0,0.0,6.0,-0.65282214,0.75751126,-0.5,0.8660254,4,0,0,1,4012.0,1,4677.0,1,4320.0,1,5655.0,1,6055.0,1,5848.0,1,4321.0,1,5915.0,4201.8994,4160.2803,-665.0
404,2014-11-23,0.0,0.0,0.0,0.0,0,0.0,7.0,-0.65282214,0.75751126,-0.5,0.8660254,4,0,0,1,2960.0,1,4012.0,1,4434.0,1,2805.0,1,5670.0,1,5102.0,1,4289.0,1,5757.0,3705.1396,3893.5515,-1052.0
404,2014-11-24,6840.0,766.0,1.0,1.0,0,0.0,1.0,-0.55864674,0.82940567,-0.5,0.8660254,4,0,0,1,0.0,1,2960.0,1,4677.0,1,0.0,1,6044.0,1,3403.0,1,4901.0,1,0.0,2223.0837,3028.3179,-2960.0
404,2014-11-25,5637.0,687.0,1.0,1.0,0,0.0,2.0,-0.55864674,0.82940567,-0.5,0.8660254,4,0,0,1,6840.0,1,0.0,1,4012.0,1,5015.0,1,5132.0,1,0.0,1,0.0,1,3780.0,4069.8503,3875.3582,6840.0
404,2014-11-26,6287.0,683.0,1.0,1.0,0,0.0,3.0,-0.55864674,0.82940567,-0.5,0.8660254,4,0,0,1,5637.0,1,6840.0,1,2960.0,1,4320.0,1,5655.0,1,6055.0,1,0.0,1,0.0,4696.71,4266.834,-1203.0
404,2014-11-27,6107.0,706.0,1.0,1.0,0,0.0,4.0,-0.55864674,0.82940567,-0.5,0.8660254,4,0,0,1,6287.0,1,5637.0,1,0.0,1,4434.0,1,2805.0,1,5670.0,1,7215.0,1,7072.0,5332.826,4715.76,650.0
404,2014-11-28,6106.0,650.0,1.0,1.0,0,0.0,5.0,-0.55864674,0.82940567,-0.5,0.8660254,4,0,0,1,6107.0,1,6287.0,1,6840.0,1,4677.0,1,0.0,1,6044.0,1,6169.0,1,6200.0,5642.4956,5024.9243,-180.0
404,2014-11-29,5998.0,705.0,1.0,0.0,0,0.0,6.0,-0.55864674,0.82940567,-0.5,0.8660254,4,0,0,1,6106.0,1,6107.0,1,5637.0,1,4012.0,1,5015.0,1,5132.0,1,5330.0,1,5568.0,5827.8975,5265.1636,-1.0
404,2014-11-30,0.0,0.0,0.0,0.0,0,0.0,7.0,-0.55864674,0.82940567,-0.5,0.8660254,4,0,1,1,5998.0,1,6106.0,1,6287.0,1,2960.0,1,4320.0,1,5655.0,1,5848.0,1,5136.0,5895.9385,5428.016,-108.0
404,2014-12-01,6480.0,759.0,1.0,1.0,0,0.0,1.0,-0.45662925,0.8896571,-2.4492937e-16,1.0,4,1,0,1,0.0,1,5998.0,1,6107.0,1,0.0,1,4434.0,1,2805.0,1,5102.0,1,5233.0,3537.563,4221.79,-5998.0
404,2014-12-02,5831.0,719.0,1.0,1.0,0,0.0,2.0,-0.45662925,0.8896571,-2.4492937e-16,1.0,4,0,0,1,6480.0,1,0.0,1,6106.0,1,6840.0,1,4677.0,1,0.0,1,3403.0,1,2541.0,4714.5376,4723.6147,6480.0
404,2014-12-03,7212.0,741.0,1.0,1.0,0,0.0,3.0,-0.45662925,0.8896571,-2.4492937e-16,1.0,4,0,0,1,5831.0,1,6480.0,1,5998.0,1,5637.0,1,4012.0,1,5015.0,1,0.0,1,0.0,5161.1226,4969.7,-649.0
404,2014-12-04,6538.0,734.0,1.0,1.0,0,0.0,4.0,-0.45662925,0.8896571,-2.4492937e-16,1.0,4,0,0,1,7212.0,1,5831.0,1,0.0,1,6287.0,1,2960.0,1,4320.0,1,6055.0,1,4103.0,5981.4736,5467.9893,1381.0
404,2014-12-05,7235.0,764.0,1.0,1.0,0,0.0,5.0,-0.45662925,0.8896571,-2.4492937e-16,1.0,4,0,0,1,6538.0,1,7212.0,1,6480.0,1,6107.0,1,0.0,1,4434.0,1,5670.0,1,4445.0,6204.084,5705.7695,-674.0
404,2014-12-06,3648.0,399.0,1.0,0.0,0,0.0,6.0,-0.45662925,0.8896571,-2.4492937e-16,1.0,4,0,0,1,7235.0,1,6538.0,1,5831.0,1,6106.0,1,6840.0,1,4677.0,1,6044.0,1,4386.0,6616.4507,6045.598,697.0
404,2014-12-07,0.0,0.0,0.0,0.0,0,0.0,7.0,-0.45662925,0.8896571,-2.4492937e-16,1.0,4,0,0,1,3648.0,1,7235.0,1,7212.0,1,5998.0,1,5637.0,1,4012.0,1,5132.0,1,3866.0,5429.0703,5512.799,-3587.0
404,2014-12-08,5333.0,695.0,1.0,0.0,0,0.0,1.0,-0.34820163,0.93741965,-2.4492937e-16,1.0,4,0,0,1,0.0,1,3648.0,1,6538.0,1,0.0,1,6287.0,1,2960.0,1,5655.0,1,4528.0,3257.4421,4287.7324,-3648.0
404,2014-12-09,5441.0,707.0,1.0,0.0,0,0.0,2.0,-0.34820163,0.93741965,-2.4492937e-16,1.0,4,0,0,1,5333.0,1,0.0,1,7235.0,1,6480.0,1,6107.0,1,0.0,1,2805.0,1,2763.0,4087.6653,4520.014,5333.0
404,2014-12-10,5156.0,617.0,1.0,0.0,0,0.0,3.0,-0.34820163,0.93741965,-2.4492937e-16,1.0,4,0,0,1,5441.0,1,5333.0,1,3648.0,1,5831.0,1,6106.0,1,6840.0,1,0.0,1,0.0,4628.999,4724.6777,108.0
404,2014-12-11,4724.0,618.0,1.0,0.0,0,0.0,4.0,-0.34820163,0.93741965,-2.4492937e-16,1.0,4,0,0,1,5156.0,1,5441.0,1,0.0,1,7212.0,1,5998.0,1,5637.0,1,5015.0,1,6130.0,4839.7993,4820.527,-285.0
404,2014-12-12,5403.0,651.0,1.0,0.0,0,0.0,5.0,-0.34820163,0.93741965,-2.4492937e-16,1.0,4,0,0,1,4724.0,1,5156.0,1,5333.0,1,6538.0,1,0.0,1,6287.0,1,4320.0,1,5759.0,4793.4795,4799.0767,-432.0
404,2014-12-13,4001.0,412.0,1.0,0.0,0,0.0,6.0,-0.34820163,0.93741965,-2.4492937e-16,1.0,4,0,0,1,5403.0,1,4724.0,1,5441.0,1,7235.0,1,6480.0,1,6107.0,1,4434.0,1,4965.0,5037.2876,4933.2817,679.0
404,2014-12-14,0.0,0.0,0.0,0.0,0,0.0,7.0,-0.34820163,0.93741965,-2.4492937e-16,1.0,4,0,0,1,4001.0,1,5403.0,1,5156.0,1,3648.0,1,5831.0,1,6106.0,1,4677.0,1,5078.0,4622.7725,4726.108,-1402.0
404,2014-12-15,10284.0,934.0,1.0,1.0,0,0.0,1.0,-0.23488605,0.9720229,-2.4492937e-16,1.0,4,0,0,1,0.0,1,4001.0,1,4724.0,1,0.0,1,7212.0,1,5998.0,1,4012.0,1,4590.0,2773.6636,3675.8618,-4001.0
404,2014-12-16,9417.0,919.0,1.0,1.0,0,0.0,2.0,-0.23488605,0.9720229,-2.4492937e-16,1.0,4,0,0,1,10284.0,1,0.0,1,5403.0,1,5333.0,1,6538.0,1,0.0,1,2960.0,1,2404.0,5777.7983,5144.337,10284.0
404,2014-12-17,7768.0,752.0,1.0,1.0,0,0.0,3.0,-0.23488605,0.9720229,-2.4492937e-16,1.0,4,0,0,1,9417.0,1,10284.0,1,4001.0,1,5441.0,1,7235.0,1,6480.0,1,0.0,1,0.0,7233.479,6093.818,-867.0
404,2014-12-18,8010.0,880.0,1.0,1.0,0,0.0,4.0,-0.23488605,0.9720229,-2.4492937e-16,1.0,4,0,0,1,7768.0,1,9417.0,1,0.0,1,5156.0,1,3648.0,1,5831.0,1,6840.0,1,4489.0,7447.287,6465.8584,-1649.0
404,2014-12-19,7253.0,747.0,1.0,1.0,0,0.0,5.0,-0.23488605,0.9720229,-2.4492937e-16,1.0,4,0,0,1,8010.0,1,7768.0,1,10284.0,1,4724.0,1,0.0,1,7212.0,1,5637.0,1,3796.0,7672.3726,6809.001,242.0
404,2014-12-20,4523.0,460.0,1.0,0.0,0,0.0,6.0,-0.23488605,0.9720229,-2.4492937e-16,1.0,4,0,0,1,7253.0,1,8010.0,1,9417.0,1,5403.0,1,5333.0,1,6538.0,1,6287.0,1,4321.0,7504.6235,6907.6675,-757.0
404,2014-12-21,0.0,0.0,0.0,0.0,0,0.0,7.0,-0.23488605,0.9720229,-2.4492937e-16,1.0,4,0,0,1,4523.0,1,7253.0,1,7768.0,1,4001.0,1,5441.0,1,7235.0,1,6107.0,1,4289.0,6311.974,6377.741,-2730.0
404,2014-12-22,8035.0,882.0,1.0,0.0,0,1.0,1.0,-0.11827317,0.9929811,-2.4492937e-16,1.0,4,0,0,1,0.0,1,4523.0,1,8010.0,1,0.0,1,5156.0,1,3648.0,1,6106.0,1,4901.0,3787.1843,4960.4653,-4523.0
404,2014-12-23,7648.0,818.0,1.0,0.0,0,1.0,2.0,-0.11827317,0.9929811,-2.4492937e-16,1.0,4,0,0,1,8035.0,1,0.0,1,7253.0,1,10284.0,1,4724.0,1,0.0,1,5998.0,1,0.0,5486.3105,5643.6953,8035.0
404,2014-12-24,3292.0,342.0,1.0,0.0,0,1.0,3.0,-0.11827317,0.9929811,-2.4492937e-16,1.0,4,0,0,1,7648.0,1,8035.0,1,4523.0,1,9417.0,1,5403.0,1,5333.0,1,0.0,1,0.0,6350.9863,6089.096,-387.0
404,2014-12-25,0.0,0.0,0.0,0.0,3,1.0,4.0,-0.11827317,0.9929811,-2.4492937e-16,1.0,4,0,0,1,3292.0,1,7648.0,1,0.0,1,7768.0,1,4001.0,1,5441.0,1,6480.0,1,7215.0,5127.3916,5467.5195,-4356.0
404,2014-12-26,0.0,0.0,0.0,0.0,3,1.0,5.0,-0.11827317,0.9929811,-2.4492937e-16,1.0,4,0,0,1,0.0,1,3292.0,1,8035.0,1,8010.0,1,0.0,1,5156.0,1,5831.0,1,6169.0,3076.435,4252.515,-3292.0
404,2014-12-27,2632.0,298.0,1.0,0.0,0,0.0,6.0,-0.11827317,0.9929811,-2.4492937e-16,1.0,4,0,0,1,0.0,1,0.0,1,7648.0,1,7253.0,1,10284.0,1,4724.0,1,7212.0,1,5330.0,1845.8611,3307.5117,0.0
404,2014-12-28,0.0,0.0,0.0,0.0,0,0.0,7.0,-0.11827317,0.9929811,-2.4492937e-16,1.0,4,0,0,1,2632.0,1,0.0,1,3292.0,1,4523.0,1,9417.0,1,5403.0,1,6538.0,1,5848.0,2160.3167,3157.398,2632.0
404,2014-12-29,4709.0,509.0,1.0,0.0,0,1.0,1.0,0.11827317,0.9929811,-2.4492937e-16,1.0,4,0,0,1,0.0,1,2632.0,1,0.0,1,0.0,1,7768.0,1,4001.0,1,7235.0,1,5102.0,1296.19,2455.754,-2632.0
404,2014-12-30,4183.0,478.0,1.0,0.0,0,1.0,2.0,0.11827317,0.9929811,-2.4492937e-16,1.0,4,0,0,1,4709.0,1,0.0,1,0.0,1,8035.0,1,8010.0,1,0.0,1,3648.0,1,3403.0,2661.314,2956.4753,4709.0
404,2014-12-31,2277.0,273.0,1.0,0.0,0,1.0,3.0,0.11827317,0.9929811,-2.4492937e-16,1.0,4,0,1,1,4183.0,1,4709.0,1,2632.0,1,7648.0,1,7253.0,1,10284.0,1,0.0,1,0.0,3269.9883,3229.0364,-526.0
404,2015-01-01,0.0,0.0,0.0,0.0,1,1.0,4.0,0.11827317,0.9929811,0.5,0.8660254,1,1,0,1,2277.0,1,4183.0,1,0.0,1,3292.0,1,4523.0,1,9417.0,1,5333.0,1,6055.0,2872.793,3017.4727,-1906.0
404,2015-01-02,4547.0,512.0,1.0,0.0,0,1.0,5.0,0.11827317,0.9929811,0.5,0.8660254,1,0,0,1,0.0,1,2277.0,1,4709.0,1,0.0,1,0.0,1,7768.0,1,5441.0,1,5670.0,1723.6758,2346.9233,-2277.0
404,2015-01-03,2484.0,286.0,1.0,0.0,0,0.0,6.0,0.11827317,0.9929811,0.5,0.8660254,1,0,0,1,4547.0,1,0.0,1,4183.0,1,0.0,1,8035.0,1,8010.0,1,5156.0,1,6044.0,2853.0054,2835.829,4547.0
404,2015-01-04,0.0,0.0,0.0,0.0,0,0.0,7.0,0.11827317,0.9929811,0.5,0.8660254,1,0,0,1,2484.0,1,4547.0,1,2277.0,1,2632.0,1,7648.0,1,7253.0,1,4724.0,1,5132.0,2705.4033,2757.645,-2063.0
404,2015-01-05,7026.0,717.0,1.0,1.0,0,1.0,1.0,0.23488605,0.9720229,0.5,0.8660254,1,0,0,1,0.0,1,2484.0,1,0.0,1,0.0,1,3292.0,1,4523.0,1,5403.0,1,5655.0,1623.242,2144.835,-2484.0
404,2015-01-06,0.0,0.0,0.0,1.0,1,0.0,2.0,0.23488605,0.9720229,0.5,0.8660254,1,0,0,1,7026.0,1,0.0,1,4547.0,1,4709.0,1,0.0,1,0.0,1,4001.0,1,2805.0,3784.3452,3229.5383,7026.0
404,2015-01-07,7012.0,779.0,1.0,1.0,0,0.0,3.0,0.23488605,0.9720229,0.5,0.8660254,1,0,0,1,0.0,1,7026.0,1,2484.0,1,4183.0,1,0.0,1,8035.0,1,0.0,1,0.0,2270.6072,2511.863,-7026.0
404,2015-01-08,5123.0,641.0,1.0,1.0,0,0.0,4.0,0.23488605,0.9720229,0.5,0.8660254,1,0,0,1,7012.0,1,0.0,1,0.0,1,2277.0,1,2632.0,1,7648.0,1,10284.0,1,5015.0,4167.164,3511.8936,7012.0
404,2015-01-09,5349.0,615.0,1.0,1.0,0,0.0,5.0,0.23488605,0.9720229,0.5,0.8660254,1,0,0,1,5123.0,1,7012.0,1,7026.0,1,0.0,1,0.0,1,3292.0,1,9417.0,1,4320.0,4549.4985,3869.9172,-1889.0
404,2015-01-10,2820.0,319.0,1.0,0.0,0,0.0,6.0,0.23488605,0.9720229,0.5,0.8660254,1,0,0,1,5349.0,1,5123.0,1,0.0,1,4547.0,1,4709.0,1,0.0,1,7768.0,1,4434.0,4869.2993,4198.602,226.0
404,2015-01-11,0.0,0.0,0.0,0.0,0,0.0,7.0,0.23488605,0.9720229,0.5,0.8660254,1,0,0,1,2820.0,1,5349.0,1,7012.0,1,2484.0,1,4183.0,1,0.0,1,8010.0,1,4677.0,4049.5796,3892.246,-2529.0
404,2015-01-12,6894.0,762.0,1.0,1.0,0,0.0,1.0,0.34820163,0.93741965,0.5,0.8660254,1,0,0,1,0.0,1,2820.0,1,5123.0,1,0.0,1,2277.0,1,2632.0,1,7253.0,1,4012.0,2429.7478,3027.3025,-2820.0
404,2015-01-13,6432.0,749.0,1.0,1.0,0,0.0,2.0,0.34820163,0.93741965,0.5,0.8660254,1,0,0,1,6894.0,1,0.0,1,5349.0,1,7026.0,1,0.0,1,0.0,1,4523.0,1,2960.0,4215.4487,3886.5686,6894.0
404,2015-01-14,5696.0,637.0,1.0,1.0,0,0.0,3.0,0.34820163,0.93741965,0.5,0.8660254,1,0,0,1,6432.0,1,6894.0,1,2820.0,1,0.0,1,4547.0,1,4709.0,1,0.0,1,0.0,5102.0693,4452.22,-462.0
404,2015-01-15,5850.0,707.0,1.0,1.0,0,0.0,4.0,0.34820163,0.93741965,0.5,0.8660254,1,0,0,1,5696.0,1,6432.0,1,0.0,1,7012.0,1,2484.0,1,4183.0,1,8035.0,1,6840.0,5339.6416,4728.6157,-736.0
404,2015-01-16,4555.0,547.0,1.0,1.0,0,0.0,5.0,0.34820163,0.93741965,0.5,0.8660254,1,0,0,1,5850.0,1,5696.0,1,6894.0,1,5123.0,1,0.0,1,2277.0,1,7648.0,1,5637.0,5543.7847,4977.812,154.0
404,2015-01-17,3050.0,320.0,1.0,0.0,0,0.0,6.0,0.34820163,0.93741965,0.5,0.8660254,1,0,0,1,4555.0,1,5850.0,1,6432.0,1,5349.0,1,7026.0,1,0.0,1,3292.0,1,6287.0,5148.271,4883.854,-1295.0
404,2015-01-18,0.0,0.0,0.0,0.0,0,0.0,7.0,0.34820163,0.93741965,0.5,0.8660254,1,0,0,1,3050.0,1,4555.0,1,5696.0,1,2820.0,1,0.0,1,4547.0,1,0.0,1,6107.0,4308.9624,4476.3306,-1505.0
404,2015-01-19,4492.0,611.0,1.0,0.0,0,0.0,1.0,0.45662925,0.8896571,0.5,0.8660254,1,0,0,1,0.0,1,3050.0,1,5850.0,1,0.0,1,7012.0,1,2484.0,1,0.0,1,6106.0,2585.3774,3481.5906,-3050.0
404,2015-01-20,3989.0,545.0,1.0,0.0,0,0.0,2.0,0.45662925,0.8896571,0.5,0.8660254,1,0,0,1,4492.0,1,0.0,1,4555.0,1,6894.0,1,5123.0,1,0.0,1,2632.0,1,5998.0,3348.0266,3706.126,4492.0
404,2015-01-21,4694.0,611.0,1.0,0.0,0,0.0,3.0,0.45662925,0.8896571,0.5,0.8660254,1,0,0,1,3989.0,1,4492.0,1,3050.0,1,6432.0,1,5349.0,1,7026.0,1,0.0,1,0.0,3604.416,3768.9868,-503.0
404,2015-01-22,3599.0,548.0,1.0,0.0,0,0.0,4.0,0.45662925,0.8896571,0.5,0.8660254,1,0,0,1,4694.0,1,3989.0,1,0.0,1,5696.0,1,2820.0,1,0.0,1,4709.0,1,6480.0,4040.2495,3974.5454,705.0
404,2015-01-23,4171.0,525.0,1.0,0.0,0,0.0,5.0,0.45662925,0.8896571,0.5,0.8660254,1,0,0,1,3599.0,1,4694.0,1,4492.0,1,5850.0,1,0.0,1,7012.0,1,4183.0,1,5831.0,3863.7498,3891.0908,-1095.0
404,2015-01-24,2599.0,307.0,1.0,0.0,0,0.0,6.0,0.45662925,0.8896571,0.5,0.8660254,1,0,0,1,4171.0,1,3599.0,1,3989.0,1,4555.0,1,6894.0,1,5123.0,1,2277.0,1,7212.0,3986.65,3953.293,572.0
404,2015-01-25,0.0,0.0,0.0,0.0,0,0.0,7.0,0.45662925,0.8896571,0.5,0.8660254,1,0,0,1,2599.0,1,4171.0,1,4694.0,1,3050.0,1,6432.0,1,5349.0,1,0.0,1,6538.0,3431.5898,3652.3389,-1572.0
404,2015-01-26,6215.0,673.0,1.0,1.0,0,0.0,1.0,0.55864674,0.82940567,0.5,0.8660254,1,0,0,1,0.0,1,2599.0,1,3599.0,1,0.0,1,5696.0,1,2820.0,1,4547.0,1,7235.0,2058.9539,2840.708,-2599.0
404,2015-01-27,6340.0,677.0,1.0,1.0,0,0.0,2.0,0.55864674,0.82940567,0.5,0.8660254,1,0,0,1,6215.0,1,0.0,1,4171.0,1,4492.0,1,5850.0,1,0.0,1,2484.0,1,3648.0,3721.3723,3590.5508,6215.0
404,2015-01-28,5476.0,641.0,1.0,1.0,0,0.0,3.0,0.55864674,0.82940567,0.5,0.8660254,1,0,0,1,6340.0,1,6215.0,1,2599.0,1,3989.0,1,4555.0,1,6894.0,1,0.0,1,0.0,4768.823,4201.5396,125.0
404,2015-01-29,5490.0,665.0,1.0,1.0,0,0.0,4.0,0.55864674,0.82940567,0.5,0.8660254,1,0,0,1,5476.0,1,6340.0,1,0.0,1,4694.0,1,3050.0,1,6432.0,1,7026.0,1,5333.0,5051.694,4484.753,-864.0
404,2015-01-30,5890.0,640.0,1.0,1.0,0,0.0,5.0,0.55864674,0.82940567,0.5,0.8660254,1,0,0,1,5490.0,1,5476.0,1,6215.0,1,3599.0,1,0.0,1,5696.0,1,0.0,1,5441.0,5227.0166,4708.141,14.0
404,2015-01-31,2699.0,320.0,1.0,0.0,0,0.0,6.0,0.55864674,0.82940567,0.5,0.8660254,1,0,1,1,5890.0,1,5490.0,1,6340.0,1,4171.0,1,4492.0,1,5850.0,1,7012.0,1,5156.0,5492.21,4970.7764,400.0
404,2015-02-01,0.0,0.0,0.0,0.0,0,0.0,7.0,0.55864674,0.82940567,0.8660254,0.5,1,1,0,1,2699.0,1,5890.0,1,5476.0,1,2599.0,1,3989.0,1,4555.0,1,5123.0,1,4724.0,4374.926,4465.937,-3191.0
404,2015-02-02,7193.0,764.0,1.0,1.0,0,0.0,1.0,0.65282214,0.75751126,0.8660254,0.5,1,0,0,1,0.0,1,2699.0,1,5490.0,1,0.0,1,4694.0,1,3050.0,1,5349.0,1,5403.0,2624.9556,3473.5068,-2699.0
404,2015-02-03,6763.0,712.0,1.0,1.0,0,0.0,2.0,0.65282214,0.75751126,0.8660254,0.5,1,0,0,1,7193.0,1,0.0,1,5890.0,1,6215.0,1,3599.0,1,0.0,1,2820.0,1,4001.0,4452.1733,4300.061,7193.0
404,2015-02-04,5948.0,657.0,1.0,1.0,0,0.0,3.0,0.65282214,0.75751126,0.8660254,0.5,1,0,0,1,6763.0,1,7193.0,1,2699.0,1,6340.0,1,4171.0,1,4492.0,1,0.0,1,0.0,5376.504,4847.381,-430.0
404,2015-02-05,5214.0,617.0,1.0,1.0,0,0.0,4.0,0.65282214,0.75751126,0.8660254,0.5,1,0,0,1,5948.0,1,6763.0,1,0.0,1,5476.0,1,2599.0,1,3989.0,1,6894.0,1,10284.0,5605.1025,5091.963,-815.0
404,2015-02-06,5254.0,598.0,1.0,1.0,0,0.0,5.0,0.65282214,0.75751126,0.8660254,0.5,1,0,0,1,5214.0,1,5948.0,1,7193.0,1,5490.0,1,0.0,1,4694.0,1,6432.0,1,9417.0,5448.6616,5119.082,-734.0
404,2015-02-07,3105.0,331.0,1.0,0.0,0,0.0,6.0,0.65282214,0.75751126,0.8660254,0.5,1,0,0,1,5254.0,1,5214.0,1,6763.0,1,5890.0,1,6215.0,1,3599.0,1,5696.0,1,7768.0,5370.797,5149.064,40.0
404,2015-02-08,0.0,0.0,0.0,0.0,0,0.0,7.0,0.65282214,0.75751126,0.8660254,0.5,1,0,0,1,3105.0,1,5254.0,1,5948.0,1,2699.0,1,6340.0,1,4171.0,1,5850.0,1,8010.0,4464.478,4694.8276,-2149.0
404,2015-02-09,4300.0,572.0,1.0,0.0,0,0.0,1.0,0.73783326,0.674983,0.8660254,0.5,1,0,0,1,0.0,1,3105.0,1,5214.0,1,0.0,1,5476.0,1,2599.0,1,4555.0,1,7253.0,2678.6868,3651.5325,-3105.0
404,2015-02-10,4333.0,584.0,1.0,0.0,0,0.0,2.0,0.73783326,0.674983,0.8660254,0.5,1,0,0,1,4300.0,1,0.0,1,5254.0,1,7193.0,1,5490.0,1,0.0,1,3050.0,1,4523.0,3327.2122,3795.6365,4300.0
404,2015-02-11,4738.0,625.0,1.0,0.0,0,0.0,3.0,0.73783326,0.674983,0.8660254,0.5,1,0,0,1,4333.0,1,4300.0,1,3105.0,1,6763.0,1,5890.0,1,6215.0,1,0.0,1,0.0,3729.5273,3915.0505,33.0
404,2015-02-12,4861.0,625.0,1.0,0.0,0,0.0,4.0,0.73783326,0.674983,0.8660254,0.5,1,0,0,1,4738.0,1,4333.0,1,0.0,1,5948.0,1,2699.0,1,6340.0,1,4492.0,1,8035.0,4132.9165,4097.928,405.0
404,2015-02-13,4966.0,572.0,1.0,0.0,0,0.0,5.0,0.73783326,0.674983,0.8660254,0.5,1,0,0,1,4861.0,1,4738.0,1,4300.0,1,5214.0,1,0.0,1,5476.0,1,3989.0,1,7648.0,4424.15,4267.4995,123.0
404,2015-02-14,3429.0,369.0,1.0,0.0,0,0.0,6.0,0.73783326,0.674983,0.8660254,0.5,1,0,0,1,4966.0,1,4861.0,1,4333.0,1,5254.0,1,7193.0,1,5490.0,1,4694.0,1,3292.0,4640.8896,4422.722,105.0
404,2015-02-15,0.0,0.0,0.0,0.0,0,0.0,7.0,0.73783326,0.674983,0.8660254,0.5,1,0,0,1,3429.0,1,4966.0,1,4738.0,1,3105.0,1,6763.0,1,5890.0,1,3599.0,1,0.0,4156.134,4201.895,-1537.0
404,2015-02-16,6393.0,683.0,1.0,1.0,0,0.0,1.0,0.8124869,0.5829795,0.8660254,0.5,1,0,0,1,0.0,1,3429.0,1,4861.0,1,0.0,1,5948.0,1,2699.0,1,4171.0,1,0.0,2493.6804,3268.1404,-3429.0
404,2015-02-17,5288.0,554.0,1.0,1.0,0,0.0,2.0,0.8124869,0.5829795,0.8660254,0.5,1,0,0,1,6393.0,1,0.0,1,4966.0,1,4300.0,1,5214.0,1,0.0,1,2599.0,1,2632.0,4053.4082,3962.5537,6393.0
404,2015-02-18,5879.0,630.0,1.0,1.0,0,0.0,3.0,0.8124869,0.5829795,0.8660254,0.5,1,0,0,1,5288.0,1,6393.0,1,3429.0,1,4333.0,1,5254.0,1,7193.0,1,0.0,1,0.0,4547.245,4257.097,-1105.0
404,2015-02-19,5631.0,616.0,1.0,1.0,0,0.0,4.0,0.8124869,0.5829795,0.8660254,0.5,1,0,0,1,5879.0,1,5288.0,1,0.0,1,4738.0,1,3105.0,1,6763.0,1,6215.0,1,4709.0,5079.947,4617.52,591.0
404,2015-02-20,5393.0,587.0,1.0,1.0,0,0.0,5.0,0.8124869,0.5829795,0.8660254,0.5,1,0,0,1,5631.0,1,5879.0,1,6393.0,1,4861.0,1,0.0,1,5948.0,1,6340.0,1,4183.0,5300.368,4842.738,-248.0
404,2015-02-21,2670.0,298.0,1.0,0.0,0,0.0,6.0,0.8124869,0.5829795,0.8660254,0.5,1,0,0,1,5393.0,1,5631.0,1,5288.0,1,4966.0,1,4300.0,1,5214.0,1,5476.0,1,2277.0,5337.421,4965.0186,-238.0
404,2015-02-22,0.0,0.0,0.0,0.0,0,0.0,7.0,0.8124869,0.5829795,0.8660254,0.5,1,0,0,1,2670.0,1,5393.0,1,5879.0,1,3429.0,1,4333.0,1,5254.0,1,5490.0,1,0.0,4270.4526,4455.014,-2723.0
404,2015-02-23,3858.0,573.0,1.0,0.0,0,0.0,1.0,0.8757349,0.4827922,0.8660254,0.5,1,0,0,1,0.0,1,2670.0,1,5631.0,1,0.0,1,4738.0,1,3105.0,1,5890.0,1,4547.0,2562.2715,3465.011,-2670.0
404,2015-02-24,4581.0,622.0,1.0,0.0,0,0.0,2.0,0.8757349,0.4827922,0.8660254,0.5,1,0,0,1,3858.0,1,0.0,1,5393.0,1,6393.0,1,4861.0,1,0.0,1,2699.0,1,2484.0,3080.563,3552.342,3858.0
404,2015-02-25,4933.0,609.0,1.0,0.0,0,0.0,3.0,0.8757349,0.4827922,0.8660254,0.5,1,0,0,1,4581.0,1,3858.0,1,2670.0,1,5288.0,1,4966.0,1,4300.0,1,0.0,1,0.0,3680.7378,3780.9326,723.0
404,2015-02-26,4401.0,594.0,1.0,0.0,0,0.0,4.0,0.8757349,0.4827922,0.8660254,0.5,1,0,0,1,4933.0,1,4581.0,1,0.0,1,5879.0,1,3429.0,1,4333.0,1,7193.0,1,7026.0,4181.6426,4036.9475,352.0
404,2015-02-27,5280.0,572.0,1.0,0.0,0,0.0,5.0,0.8757349,0.4827922,0.8660254,0.5,1,0,0,1,4401.0,1,4933.0,1,3858.0,1,5631.0,1,0.0,1,4738.0,1,6763.0,1,0.0,4269.3857,4117.848,-532.0
404,2015-02-28,3638.0,388.0,1.0,0.0,0,0.0,6.0,0.8757349,0.4827922,0.8660254,0.5,1,0,1,1,5280.0,1,4401.0,1,4581.0,1,5393.0,1,6393.0,1,4861.0,1,5948.0,1,7012.0,4673.6313,4376.104,879.0
404,2015-03-01,0.0,0.0,0.0,0.0,0,0.0,7.0,0.8757349,0.4827922,1.0,6.123234e-17,1,1,0,1,3638.0,1,5280.0,1,4933.0,1,2670.0,1,5288.0,1,4966.0,1,5214.0,1,5123.0,4259.379,4212.081,-1642.0
404,2015-03-02,6930.0,742.0,1.0,1.0,0,0.0,1.0,0.9266896,0.37582758,1.0,6.123234e-17,1,0,0,1,0.0,1,3638.0,1,4401.0,1,0.0,1,5879.0,1,3429.0,1,5254.0,1,5349.0,2555.6272,3276.063,-3638.0
404,2015-03-03,7336.0,769.0,1.0,1.0,0,0.0,2.0,0.9266896,0.37582758,1.0,6.123234e-17,1,0,0,1,6930.0,1,0.0,1,5280.0,1,3858.0,1,5631.0,1,0.0,1,3105.0,1,2820.0,4305.3765,4088.049,6930.0
404,2015-03-04,6201.0,699.0,1.0,1.0,0,0.0,3.0,0.9266896,0.37582758,1.0,6.123234e-17,1,0,0,1,7336.0,1,6930.0,1,3638.0,1,4581.0,1,5393.0,1,6393.0,1,0.0,1,0.0,5517.626,4809.816,406.0
404,2015-03-05,5536.0,685.0,1.0,1.0,0,0.0,4.0,0.9266896,0.37582758,1.0,6.123234e-17,1,0,0,1,6201.0,1,7336.0,1,0.0,1,4933.0,1,2670.0,1,5288.0,1,4300.0,1,6894.0,5790.9756,5118.968,-1135.0
404,2015-03-06,5801.0,673.0,1.0,1.0,0,0.0,5.0,0.9266896,0.37582758,1.0,6.123234e-17,1,0,0,1,5536.0,1,6201.0,1,6930.0,1,4401.0,1,0.0,1,5879.0,1,4333.0,1,6432.0,5688.9854,5211.6416,-665.0
404,2015-03-07,3214.0,445.0,1.0,0.0,0,0.0,6.0,0.9266896,0.37582758,1.0,6.123234e-17,1,0,0,1,5801.0,1,5536.0,1,7336.0,1,5280.0,1,3858.0,1,5631.0,1,4738.0,1,5696.0,5733.791,5342.6104,265.0
404,2015-03-08,0.0,0.0,0.0,0.0,0,0.0,7.0,0.9266896,0.37582758,1.0,6.123234e-17,1,0,0,1,3214.0,1,5801.0,1,6201.0,1,3638.0,1,4581.0,1,5393.0,1,4861.0,1,5850.0,4725.8745,4869.586,-2587.0
404,2015-03-09,4213.0,603.0,1.0,0.0,0,0.0,1.0,0.9646356,0.26358718,1.0,6.123234e-17,1,0,0,1,0.0,1,3214.0,1,5536.0,1,0.0,1,4933.0,1,2670.0,1,4966.0,1,4555.0,2835.525,3787.4556,-3214.0
404,2015-03-10,3974.0,550.0,1.0,0.0,0,0.0,2.0,0.9646356,0.26358718,1.0,6.123234e-17,1,0,0,1,4213.0,1,0.0,1,5801.0,1,6930.0,1,4401.0,1,0.0,1,3429.0,1,3050.0,3386.515,3882.021,4213.0
404,2015-03-11,4897.0,631.0,1.0,0.0,0,0.0,3.0,0.9646356,0.26358718,1.0,6.123234e-17,1,0,0,1,3974.0,1,4213.0,1,3214.0,1,7336.0,1,5280.0,1,3858.0,1,0.0,1,0.0,3621.509,3902.4607,-239.0
404,2015-03-12,4070.0,609.0,1.0,0.0,0,0.0,4.0,0.9646356,0.26358718,1.0,6.123234e-17,1,0,0,1,4897.0,1,3974.0,1,0.0,1,6201.0,1,3638.0,1,4581.0,1,6393.0,1,4492.0,4131.7056,4123.4697,923.0
404,2015-03-13,4334.0,560.0,1.0,0.0,0,0.0,5.0,0.9646356,0.26358718,1.0,6.123234e-17,1,0,0,1,4070.0,1,4897.0,1,4213.0,1,5536.0,1,0.0,1,4933.0,1,5288.0,1,3989.0,4107.0234,4111.5874,-827.0
404,2015-03-14,2896.0,349.0,1.0,0.0,0,0.0,6.0,0.9646356,0.26358718,1.0,6.123234e-17,1,0,0,1,4334.0,1,4070.0,1,3974.0,1,5801.0,1,6930.0,1,4401.0,1,5879.0,1,4694.0,4197.814,4161.012,264.0
404,2015-03-15,0.0,0.0,0.0,0.0,0,0.0,7.0,0.9646356,0.26358718,1.0,6.123234e-17,1,0,0,1,2896.0,1,4334.0,1,4897.0,1,3214.0,1,7336.0,1,5280.0,1,5631.0,1,3599.0,3677.0884,3879.8984,-1438.0
404,2015-03-16,7834.0,759.0,1.0,1.0,0,0.0,1.0,0.9890402,0.14764656,1.0,6.123234e-17,1,0,0,1,0.0,1,2896.0,1,4070.0,1,0.0,1,6201.0,1,3638.0,1,5393.0,1,4171.0,2206.253,3017.699,-2896.0
404,2015-03-17,6442.0,743.0,1.0,1.0,0,0.0,2.0,0.9890402,0.14764656,1.0,6.123234e-17,1,0,0,1,7834.0,1,0.0,1,4334.0,1,4213.0,1,5536.0,1,0.0,1,2670.0,1,2599.0,4457.352,4087.988,7834.0
404,2015-03-18,5340.0,661.0,1.0,1.0,0,0.0,3.0,0.9890402,0.14764656,1.0,6.123234e-17,1,0,0,1,6442.0,1,7834.0,1,2896.0,1,3974.0,1,5801.0,1,6930.0,1,0.0,1,0.0,5251.211,4611.1016,-1392.0
404,2015-03-19,5563.0,688.0,1.0,1.0,0,0.0,4.0,0.9890402,0.14764656,1.0,6.123234e-17,1,0,0,1,5340.0,1,6442.0,1,0.0,1,4897.0,1,3214.0,1,7336.0,1,3858.0,1,6215.0,5286.7266,4773.079,-1102.0
404,2015-03-20,4772.0,568.0,1.0,1.0,0,0.0,5.0,0.9890402,0.14764656,1.0,6.123234e-17,1,0,0,1,5563.0,1,5340.0,1,7834.0,1,4070.0,1,0.0,1,6201.0,1,4581.0,1,6340.0,5397.236,4948.617,223.0
404,2015-03-21,3213.0,351.0,1.0,0.0,0,0.0,6.0,0.9890402,0.14764656,1.0,6.123234e-17,1,0,0,1,4772.0,1,5563.0,1,6442.0,1,4334.0,1,4213.0,1,5536.0,1,4933.0,1,5476.0,5147.1416,4909.3687,-791.0
404,2015-03-22,0.0,0.0,0.0,0.0,0,0.0,7.0,0.9890402,0.14764656,1.0,6.123234e-17,1,0,0,1,3213.0,1,4772.0,1,5340.0,1,2896.0,1,3974.0,1,5801.0,1,4401.0,1,5490.0,4373.485,4532.398,-1559.0
404,2015-03-23,4563.0,627.0,1.0,0.0,0,0.0,1.0,0.99956083,0.029633328,1.0,6.123234e-17,1,0,0,1,0.0,1,3213.0,1,5563.0,1,0.0,1,4897.0,1,3214.0,1,5280.0,1,5890.0,2624.091,3525.1985,-3213.0
404,2015-03-24,4434.0,613.0,1.0,0.0,0,0.0,2.0,0.99956083,0.029633328,1.0,6.123234e-17,1,0,0,1,4563.0,1,0.0,1,4772.0,1,7834.0,1,4070.0,1,0.0,1,3638.0,1,2699.0,3399.6545,3755.821,4563.0
404,2015-03-25,4119.0,600.0,1.0,0.0,0,0.0,3.0,0.99956083,0.029633328,1.0,6.123234e-17,1,0,0,1,4434.0,1,4563.0,1,3213.0,1,6442.0,1,4334.0,1,4213.0,1,0.0,1,0.0,3813.3928,3906.5273,-129.0
404,2015-03-26,4242.0,587.0,1.0,0.0,0,0.0,4.0,0.99956083,0.029633328,1.0,6.123234e-17,1,0,0,1,4119.0,1,4434.0,1,0.0,1,5340.0,1,2896.0,1,3974.0,1,6930.0,1,7193.0,3935.6357,3953.7437,-315.0
404,2015-03-27,4392.0,555.0,1.0,0.0,0,0.0,5.0,0.99956083,0.029633328,1.0,6.123234e-17,1,0,0,1,4242.0,1,4119.0,1,4563.0,1,5563.0,1,0.0,1,4897.0,1,7336.0,1,6763.0,4058.1814,4017.8005,123.0
404,2015-03-28,3416.0,352.0,1.0,0.0,0,0.0,6.0,0.99956083,0.029633328,1.0,6.123234e-17,1,0,0,1,4392.0,1,4242.0,1,4434.0,1,4772.0,1,7834.0,1,4070.0,1,6201.0,1,5948.0,4191.709,4100.956,150.0
404,2015-03-29,0.0,0.0,0.0,0.0,0,0.0,7.0,0.99956083,0.029633328,1.0,6.123234e-17,1,0,0,1,3416.0,1,4392.0,1,4119.0,1,3213.0,1,6442.0,1,4334.0,1,5536.0,1,5214.0,3881.4253,3948.7437,-976.0
404,2015-03-30,8642.0,759.0,1.0,1.0,0,1.0,1.0,0.9960498,-0.08879589,1.0,6.123234e-17,1,0,0,1,0.0,1,3416.0,1,4242.0,1,0.0,1,5340.0,1,2896.0,1,5801.0,1,5254.0,2328.8552,3071.2449,-3416.0
404,2015-03-31,6330.0,608.0,1.0,1.0,0,1.0,2.0,0.9960498,-0.08879589,1.0,6.123234e-17,1,0,1,1,8642.0,1,0.0,1,4392.0,1,4563.0,1,5563.0,1,0.0,1,3214.0,1,3105.0,4854.1133,4309.1904,8642.0
404,2015-04-01,8092.0,759.0,1.0,1.0,0,1.0,3.0,0.9960498,-0.08879589,0.8660254,-0.5,2,1,0,1,6330.0,1,8642.0,1,3416.0,1,4434.0,1,4772.0,1,7834.0,1,0.0,1,0.0,5444.468,4758.2593,-2312.0
404,2015-04-02,6732.0,673.0,1.0,1.0,0,1.0,4.0,0.9960498,-0.08879589,0.8660254,-0.5,2,0,0,1,8092.0,1,6330.0,1,0.0,1,4119.0,1,3213.0,1,6442.0,1,4213.0,1,4300.0,6503.481,5499.0903,1762.0
404,2015-04-03,0.0,0.0,0.0,1.0,2,1.0,5.0,0.9960498,-0.08879589,0.8660254,-0.5,2,0,0,1,6732.0,1,8092.0,1,8642.0,1,4242.0,1,0.0,1,5340.0,1,3974.0,1,4333.0,6594.8887,5773.0703,-1360.0
404,2015-04-04,4190.0,422.0,1.0,0.0,0,0.0,6.0,0.9960498,-0.08879589,0.8660254,-0.5,2,0,0,1,0.0,1,6732.0,1,6330.0,1,4392.0,1,4563.0,1,5563.0,1,4897.0,1,4738.0,3956.933,4490.166,-6732.0
404,2015-04-05,0.0,0.0,0.0,0.0,0,0.0,7.0,0.9960498,-0.08879589,0.8660254,-0.5,2,0,0,1,4190.0,1,0.0,1,8092.0,1,3416.0,1,4434.0,1,4772.0,1,4070.0,1,4861.0,4050.16,4423.4624,4190.0
404,2015-04-06,0.0,0.0,0.0,0.0,2,1.0,1.0,0.9785565,-0.20597862,0.8660254,-0.5,2,0,0,1,0.0,1,4190.0,1,6732.0,1,0.0,1,4119.0,1,3213.0,1,4334.0,1,4966.0,2430.096,3440.4707,-4190.0
404,2015-04-07,5574.0,656.0,1.0,0.0,0,1.0,2.0,0.9785565,-0.20597862,0.8660254,-0.5,2,0,0,1,0.0,1,0.0,1,0.0,1,8642.0,1,4242.0,1,0.0,1,2896.0,1,3429.0,1458.0575,2675.9216,0.0
404,2015-04-08,4821.0,588.0,1.0,0.0,0,1.0,3.0,0.9785565,-0.20597862,0.8660254,-0.5,2,0,0,1,5574.0,1,0.0,1,4190.0,1,6330.0,1,4392.0,1,4563.0,1,0.0,1,0.0,3104.4346,3319.939,5574.0
404,2015-04-09,4470.0,591.0,1.0,0.0,0,1.0,4.0,0.9785565,-0.20597862,0.8660254,-0.5,2,0,0,1,4821.0,1,5574.0,1,0.0,1,8092.0,1,3416.0,1,4434.0,1,7834.0,1,6393.0,3791.0608,3653.508,-753.0
404,2015-04-10,4518.0,561.0,1.0,0.0,0,1.0,5.0,0.9785565,-0.20597862,0.8660254,-0.5,2,0,0,1,4470.0,1,4821.0,1,0.0,1,6732.0,1,0.0,1,4119.0,1,6442.0,1,5288.0,4062.6365,3834.9507,-351.0
404,2015-04-11,3130.0,341.0,1.0,0.0,0,0.0,6.0,0.9785565,-0.20597862,0.8660254,-0.5,2,0,0,1,4518.0,1,4470.0,1,5574.0,1,0.0,1,8642.0,1,4242.0,1,5340.0,1,5879.0,4244.7817,3986.7395,48.0
404,2015-04-12,0.0,0.0,0.0,0.0,0,0.0,7.0,0.9785565,-0.20597862,0.8660254,-0.5,2,0,0,1,3130.0,1,4518.0,1,4821.0,1,4190.0,1,6330.0,1,4392.0,1,5563.0,1,5631.0,3798.8691,3796.353,-1388.0
404,2015-04-13,7988.0,835.0,1.0,1.0,0,0.0,1.0,0.94732636,-0.32026985,0.8660254,-0.5,2,0,0,1,0.0,1,3130.0,1,4470.0,1,0.0,1,8092.0,1,3416.0,1,4772.0,1,5393.0,2279.3215,2952.719,-3130.0
404,2015-04-14,7188.0,776.0,1.0,1.0,0,0.0,2.0,0.94732636,-0.32026985,0.8660254,-0.5,2,0,0,1,7988.0,1,0.0,1,4518.0,1,0.0,1,6732.0,1,0.0,1,3213.0,1,2670.0,4562.793,4071.6704,7988.0
404,2015-04-15,6448.0,736.0,1.0,1.0,0,0.0,3.0,0.94732636,-0.32026985,0.8660254,-0.5,2,0,0,1,7188.0,1,7988.0,1,3130.0,1,5574.0,1,0.0,1,8642.0,1,0.0,1,0.0,5612.8755,4764.188,-800.0
404,2015-04-16,5903.0,654.0,1.0,1.0,0,0.0,4.0,0.94732636,-0.32026985,0.8660254,-0.5,2,0,0,1,6448.0,1,7188.0,1,0.0,1,4821.0,1,4190.0,1,6330.0,1,4563.0,1,3858.0,5946.9253,5138.3687,-740.0
404,2015-04-17,5204.0,577.0,1.0,1.0,0,0.0,5.0,0.94732636,-0.32026985,0.8660254,-0.5,2,0,0,1,5903.0,1,6448.0,1,7988.0,1,4470.0,1,0.0,1,8092.0,1,4434.0,1,4581.0,5929.3555,5308.2866,-545.0
404,2015-04-18,2870.0,334.0,1.0,0.0,0,0.0,6.0,0.94732636,-0.32026985,0.8660254,-0.5,2,0,0,1,5204.0,1,5903.0,1,7188.0,1,4518.0,1,0.0,1,6732.0,1,4119.0,1,4933.0,5639.2134,5285.112,-699.0
404,2015-04-19,0.0,0.0,0.0,0.0,0,0.0,7.0,0.94732636,-0.32026985,0.8660254,-0.5,2,0,0,1,2870.0,1,5204.0,1,6448.0,1,3130.0,1,5574.0,1,0.0,1,4242.0,1,4401.0,4531.528,4748.4204,-2334.0
404,2015-04-20,5195.0,659.0,1.0,0.0,0,0.0,1.0,0.9027978,-0.4300652,0.8660254,-0.5,2,0,0,1,0.0,1,2870.0,1,5903.0,1,0.0,1,4821.0,1,4190.0,1,4392.0,1,5280.0,2718.9167,3693.2158,-2870.0
404,2015-04-21,4769.0,603.0,1.0,0.0,0,0.0,2.0,0.9027978,-0.4300652,0.8660254,-0.5,2,0,0,1,5195.0,1,0.0,1,5204.0,1,7988.0,1,4470.0,1,0.0,1,3416.0,1,3638.0,3709.35,4026.9456,5195.0
404,2015-04-22,4827.0,635.0,1.0,0.0,0,0.0,3.0,0.9027978,-0.4300652,0.8660254,-0.5,2,0,0,1,4769.0,1,5195.0,1,2870.0,1,7188.0,1,4518.0,1,0.0,1,0.0,1,0.0,4133.21,4191.8467,-426.0
404,2015-04-23,4021.0,545.0,1.0,0.0,0,0.0,4.0,0.9027978,-0.4300652,0.8660254,-0.5,2,0,0,1,4827.0,1,4769.0,1,0.0,1,6448.0,1,3130.0,1,5574.0,1,8642.0,1,6930.0,4410.726,4332.9917,58.0
404,2015-04-24,4379.0,561.0,1.0,0.0,0,0.0,5.0,0.9027978,-0.4300652,0.8660254,-0.5,2,0,0,1,4021.0,1,4827.0,1,5195.0,1,5903.0,1,0.0,1,4821.0,1,6330.0,1,7336.0,4254.8354,4263.66,-806.0
404,2015-04-25,2740.0,319.0,1.0,0.0,0,0.0,6.0,0.9027978,-0.4300652,0.8660254,-0.5,2,0,0,1,4379.0,1,4021.0,1,4769.0,1,5204.0,1,7988.0,1,4470.0,1,8092.0,1,6201.0,4304.5015,4289.2915,358.0
404,2015-04-26,0.0,0.0,0.0,0.0,0,0.0,7.0,0.9027978,-0.4300652,0.8660254,-0.5,2,0,0,1,2740.0,1,4379.0,1,4827.0,1,2870.0,1,7188.0,1,4518.0,1,6732.0,1,5536.0,3678.701,3945.0044,-1639.0
404,2015-04-27,6966.0,784.0,1.0,1.0,0,0.0,1.0,0.845596,-0.5338234,0.8660254,-0.5,2,0,0,1,0.0,1,2740.0,1,4021.0,1,0.0,1,6448.0,1,3130.0,1,0.0,1,5801.0,2207.2205,3068.3367,-2740.0
404,2015-04-28,6119.0,689.0,1.0,1.0,0,0.0,2.0,0.845596,-0.5338234,0.8660254,-0.5,2,0,0,1,6966.0,1,0.0,1,4379.0,1,5195.0,1,5903.0,1,0.0,1,4190.0,1,3214.0,4110.7324,3934.4841,6966.0
404,2015-04-29,6601.0,694.0,1.0,1.0,0,0.0,3.0,0.845596,-0.5338234,0.8660254,-0.5,2,0,0,1,6119.0,1,6966.0,1,2740.0,1,4769.0,1,5204.0,1,7988.0,1,0.0,1,0.0,4914.0396,4419.932,-847.0
404,2015-04-30,6657.0,736.0,1.0,1.0,0,0.0,4.0,0.845596,-0.5338234,0.8660254,-0.5,2,0,1,1,6601.0,1,6119.0,1,0.0,1,4827.0,1,2870.0,1,7188.0,1,0.0,1,4213.0,5588.8237,4904.614,482.0
404,2015-05-01,0.0,0.0,0.0,1.0,1,0.0,5.0,0.845596,-0.5338234,0.5,-0.8660254,2,1,0,1,6657.0,1,6601.0,1,6966.0,1,4021.0,1,0.0,1,6448.0,1,5574.0,1,3974.0,6016.094,5294.033,56.0
404,2015-05-02,4122.0,435.0,1.0,0.0,0,0.0,6.0,0.845596,-0.5338234,0.5,-0.8660254,2,0,0,1,0.0,1,6657.0,1,6119.0,1,4379.0,1,5195.0,1,5903.0,1,4821.0,1,4897.0,3609.6565,4117.581,-6657.0
404,2015-05-03,0.0,0.0,0.0,0.0,0,0.0,7.0,0.845596,-0.5338234,0.5,-0.8660254,2,0,0,1,4122.0,1,0.0,1,6601.0,1,2740.0,1,4769.0,1,5204.0,1,4470.0,1,4070.0,3814.594,4118.563,4122.0
404,2015-05-04,7796.0,857.0,1.0,1.0,0,0.0,1.0,0.7765239,-0.63008785,0.5,-0.8660254,2,0,0,1,0.0,1,4122.0,1,6657.0,1,0.0,1,4827.0,1,2870.0,1,4518.0,1,4334.0,2288.7563,3203.327,-4122.0
404,2015-05-05,5922.0,688.0,1.0,1.0,0,0.0,2.0,0.7765239,-0.63008785,0.5,-0.8660254,2,0,0,1,7796.0,1,0.0,1,0.0,1,6966.0,1,4021.0,1,0.0,1,3130.0,1,2896.0,4491.654,4223.921,7796.0
404,2015-05-06,5914.0,671.0,1.0,1.0,0,0.0,3.0,0.7765239,-0.63008785,0.5,-0.8660254,2,0,0,1,5922.0,1,7796.0,1,4122.0,1,6119.0,1,4379.0,1,5195.0,1,0.0,1,0.0,5063.7925,4601.272,-1874.0
404,2015-05-07,6049.0,694.0,1.0,1.0,0,0.0,4.0,0.7765239,-0.63008785,0.5,-0.8660254,2,0,0,1,5914.0,1,5922.0,1,0.0,1,6601.0,1,2740.0,1,4769.0,1,7988.0,1,7834.0,5403.8755,4892.9893,-8.0
404,2015-05-08,5540.0,599.0,1.0,1.0,0,0.0,5.0,0.7765239,-0.63008785,0.5,-0.8660254,2,0,0,1,6049.0,1,5914.0,1,7796.0,1,6657.0,1,0.0,1,4827.0,1,7188.0,1,6442.0,5661.9253,5149.8804,135.0
404,2015-05-09,3117.0,365.0,1.0,0.0,0,0.0,6.0,0.7765239,-0.63008785,0.5,-0.8660254,2,0,0,1,5540.0,1,6049.0,1,5922.0,1,0.0,1,6966.0,1,4021.0,1,6448.0,1,5340.0,5613.1553,5236.5737,-509.0
404,2015-05-10,0.0,0.0,0.0,0.0,0,0.0,7.0,0.7765239,-0.63008785,0.5,-0.8660254,2,0,0,1,3117.0,1,5540.0,1,5914.0,1,4122.0,1,6119.0,1,4379.0,1,5903.0,1,5563.0,4614.693,4765.557,-2423.0
404,2015-05-11,4590.0,604.0,1.0,0.0,0,0.0,1.0,0.696551,-0.71750724,0.5,-0.8660254,2,0,0,1,0.0,1,3117.0,1,6049.0,1,0.0,1,6601.0,1,2740.0,1,5204.0,1,4772.0,2768.816,3706.5447,-3117.0
404,2015-05-12,4868.0,624.0,1.0,0.0,0,0.0,2.0,0.696551,-0.71750724,0.5,-0.8660254,2,0,0,1,4590.0,1,0.0,1,5540.0,1,7796.0,1,6657.0,1,0.0,1,2870.0,1,3213.0,3497.2896,3902.868,4590.0
404,2015-05-13,5448.0,668.0,1.0,0.0,0,0.0,3.0,0.696551,-0.71750724,0.5,-0.8660254,2,0,0,1,4868.0,1,4590.0,1,3117.0,1,5922.0,1,0.0,1,6966.0,1,0.0,1,0.0,4045.5737,4117.342,278.0
404,2015-05-14,0.0,0.0,0.0,0.0,1,0.0,4.0,0.696551,-0.71750724,0.5,-0.8660254,2,0,0,1,5448.0,1,4868.0,1,0.0,1,5914.0,1,4122.0,1,6119.0,1,5195.0,1,4563.0,4606.5444,4413.0435,580.0
404,2015-05-15,4993.0,571.0,1.0,0.0,0,0.0,5.0,0.696551,-0.71750724,0.5,-0.8660254,2,0,0,1,0.0,1,5448.0,1,4590.0,1,6049.0,1,0.0,1,6601.0,1,4769.0,1,4434.0,2763.9265,3432.3672,-5448.0
404,2015-05-16,3105.0,338.0,1.0,0.0,0,0.0,6.0,0.696551,-0.71750724,0.5,-0.8660254,2,0,0,1,4993.0,1,0.0,1,4868.0,1,5540.0,1,7796.0,1,6657.0,1,4827.0,1,4119.0,3655.556,3779.1746,4993.0
404,2015-05-17,0.0,0.0,0.0,0.0,0,0.0,7.0,0.696551,-0.71750724,0.5,-0.8660254,2,0,0,1,3105.0,1,4993.0,1,5448.0,1,3117.0,1,5922.0,1,0.0,1,4021.0,1,4242.0,3435.3335,3629.358,-1888.0
404,2015-05-18,7136.0,727.0,1.0,1.0,0,0.0,1.0,0.60680014,-0.79485446,0.5,-0.8660254,2,0,0,1,0.0,1,3105.0,1,0.0,1,0.0,1,5914.0,1,4122.0,1,4379.0,1,4392.0,2061.2002,2822.834,-3105.0
404,2015-05-19,6751.0,737.0,1.0,1.0,0,0.0,2.0,0.60680014,-0.79485446,0.5,-0.8660254,2,0,0,1,7136.0,1,0.0,1,4993.0,1,4590.0,1,6049.0,1,0.0,1,2740.0,1,3416.0,4091.12,3781.3154,7136.0
404,2015-05-20,6008.0,662.0,1.0,1.0,0,0.0,3.0,0.60680014,-0.79485446,0.5,-0.8660254,2,0,0,1,6751.0,1,7136.0,1,3105.0,1,4868.0,1,5540.0,1,7796.0,1,0.0,1,0.0,5155.0723,4441.245,-385.0
404,2015-05-21,5601.0,671.0,1.0,1.0,0,0.0,4.0,0.60680014,-0.79485446,0.5,-0.8660254,2,0,0,1,6008.0,1,6751.0,1,0.0,1,5448.0,1,3117.0,1,5922.0,1,6966.0,1,8642.0,5496.243,4789.413,-743.0
404,2015-05-22,6672.0,672.0,1.0,1.0,0,0.0,5.0,0.60680014,-0.79485446,0.5,-0.8660254,2,0,0,1,5601.0,1,6008.0,1,7136.0,1,0.0,1,0.0,1,5914.0,1,6119.0,1,6330.0,5538.146,4969.7656,-407.0
404,2015-05-23,3279.0,346.0,1.0,0.0,0,0.0,6.0,0.60680014,-0.79485446,0.5,-0.8660254,2,0,0,1,6672.0,1,5601.0,1,6751.0,1,4993.0,1,4590.0,1,6049.0,1,6601.0,1,8092.0,5991.6875,5348.04,1071.0
404,2015-05-24,0.0,0.0,0.0,0.0,0,0.0,7.0,0.60680014,-0.79485446,0.5,-0.8660254,2,0,0,1,3279.0,1,6672.0,1,6008.0,1,3105.0,1,4868.0,1,5540.0,1,6657.0,1,6732.0,4906.6123,4888.2534,-3393.0
404,2015-05-25,0.0,0.0,0.0,0.0,1,0.0,1.0,0.5085311,-0.86104363,0.5,-0.8660254,2,0,0,1,0.0,1,3279.0,1,5601.0,1,0.0,1,5448.0,1,3117.0,1,0.0,1,0.0,2943.9675,3801.9749,-3279.0
404,2015-05-26,4786.0,573.0,1.0,0.0,0,1.0,2.0,0.5085311,-0.86104363,0.5,-0.8660254,2,0,0,1,0.0,1,0.0,1,6672.0,1,7136.0,1,0.0,1,0.0,1,4122.0,1,4190.0,1766.3805,2957.0916,0.0
404,2015-05-27,5062.0,582.0,1.0,0.0,0,1.0,3.0,0.5085311,-0.86104363,0.5,-0.8660254,2,0,0,1,4786.0,1,0.0,1,3279.0,1,6751.0,1,4993.0,1,4590.0,1,0.0,1,0.0,2974.2283,3363.5156,4786.0
404,2015-05-28,4692.0,555.0,1.0,0.0,0,1.0,4.0,0.5085311,-0.86104363,0.5,-0.8660254,2,0,0,1,5062.0,1,4786.0,1,0.0,1,6008.0,1,3105.0,1,4868.0,1,7796.0,1,0.0,3809.337,3740.9565,276.0
404,2015-05-29,5480.0,537.0,1.0,0.0,0,1.0,5.0,0.5085311,-0.86104363,0.5,-0.8660254,2,0,0,1,4692.0,1,5062.0,1,0.0,1,5601.0,1,0.0,1,5448.0,1,5922.0,1,5574.0,4162.4023,3952.2996,-370.0
404,2015-05-30,2850.0,327.0,1.0,0.0,0,0.0,6.0,0.5085311,-0.86104363,0.5,-0.8660254,2,0,0,1,5480.0,1,4692.0,1,4786.0,1,6672.0,1,7136.0,1,0.0,1,5914.0,1,4821.0,4689.4414,4291.7886,788.0
404,2015-05-31,0.0,0.0,0.0,0.0,0,0.0,7.0,0.5085311,-0.86104363,0.5,-0.8660254,2,0,1,1,2850.0,1,5480.0,1,5062.0,1,3279.0,1,6751.0,1,4993.0,1,6049.0,1,4470.0,3953.6648,3971.391,-2630.0
404,2015-06-01,6831.0,673.0,1.0,1.0,0,1.0,1.0,0.40312344,-0.91514564,1.2246469e-16,-1.0,2,1,0,1,0.0,1,2850.0,1,4692.0,1,0.0,1,6008.0,1,3105.0,1,5540.0,1,4518.0,2372.199,3088.8596,-2850.0
404,2015-06-02,6526.0,694.0,1.0,1.0,0,1.0,2.0,0.40312344,-0.91514564,1.2246469e-16,-1.0,2,0,0,1,6831.0,1,0.0,1,5480.0,1,0.0,1,5601.0,1,0.0,1,3117.0,1,3130.0,4155.719,3920.4465,6831.0
404,2015-06-03,7009.0,716.0,1.0,1.0,0,1.0,3.0,0.40312344,-0.91514564,1.2246469e-16,-1.0,2,0,0,1,6526.0,1,6831.0,1,2850.0,1,4786.0,1,6672.0,1,7136.0,1,0.0,1,0.0,5103.8315,4499.4585,-305.0
404,2015-06-04,0.0,0.0,0.0,1.0,1,1.0,4.0,0.40312344,-0.91514564,1.2246469e-16,-1.0,2,0,0,1,7009.0,1,6526.0,1,0.0,1,5062.0,1,3279.0,1,6751.0,1,4590.0,1,7988.0,5865.899,5057.1343,483.0
404,2015-06-05,6732.0,674.0,1.0,1.0,0,1.0,5.0,0.40312344,-0.91514564,1.2246469e-16,-1.0,2,0,0,1,0.0,1,7009.0,1,6831.0,1,4692.0,1,0.0,1,6008.0,1,4868.0,1,7188.0,3519.5393,3933.3267,-7009.0
404,2015-06-06,3318.0,346.0,1.0,0.0,0,0.0,6.0,0.40312344,-0.91514564,1.2246469e-16,-1.0,2,0,0,1,6732.0,1,0.0,1,6526.0,1,5480.0,1,0.0,1,5601.0,1,5448.0,1,6448.0,4804.5234,4555.254,6732.0
404,2015-06-07,0.0,0.0,0.0,0.0,0,0.0,7.0,0.40312344,-0.91514564,1.2246469e-16,-1.0,2,0,0,1,3318.0,1,6732.0,1,7009.0,1,2850.0,1,4786.0,1,6672.0,1,0.0,1,5903.0,4209.914,4280.3086,-3414.0
404,2015-06-08,4324.0,561.0,1.0,0.0,0,0.0,1.0,0.29205677,-0.956401,1.2246469e-16,-1.0,2,0,0,1,0.0,1,3318.0,1,0.0,1,0.0,1,5062.0,1,3279.0,1,4993.0,1,5204.0,2525.9485,3329.129,-3318.0
404,2015-06-09,4944.0,612.0,1.0,0.0,0,0.0,2.0,0.29205677,-0.956401,1.2246469e-16,-1.0,2,0,0,1,4324.0,1,0.0,1,6732.0,1,6831.0,1,4692.0,1,0.0,1,3105.0,1,2870.0,3245.1692,3550.2114,4324.0
404,2015-06-10,5239.0,616.0,1.0,0.0,0,0.0,3.0,0.29205677,-0.956401,1.2246469e-16,-1.0,2,0,0,1,4944.0,1,4324.0,1,3318.0,1,6526.0,1,5480.0,1,0.0,1,0.0,1,0.0,3924.7014,3859.9421,620.0
404,2015-06-11,5116.0,664.0,1.0,0.0,0,0.0,4.0,0.29205677,-0.956401,1.2246469e-16,-1.0,2,0,0,1,5239.0,1,4944.0,1,0.0,1,7009.0,1,2850.0,1,4786.0,1,7136.0,1,5195.0,4450.421,4166.3994,295.0
404,2015-06-12,4413.0,539.0,1.0,0.0,0,0.0,5.0,0.29205677,-0.956401,1.2246469e-16,-1.0,2,0,0,1,5116.0,1,5239.0,1,4324.0,1,0.0,1,0.0,1,5062.0,1,6751.0,1,4769.0,4716.6523,4377.422,-123.0
404,2015-06-13,3169.0,333.0,1.0,0.0,0,0.0,6.0,0.29205677,-0.956401,1.2246469e-16,-1.0,2,0,0,1,4413.0,1,5116.0,1,4944.0,1,6732.0,1,6831.0,1,4692.0,1,6008.0,1,4827.0,4595.1914,4385.328,-703.0
404,2015-06-14,0.0,0.0,0.0,0.0,0,0.0,7.0,0.29205677,-0.956401,1.2246469e-16,-1.0,2,0,0,1,3169.0,1,4413.0,1,5239.0,1,3318.0,1,6526.0,1,5480.0,1,5601.0,1,4021.0,4024.7148,4115.033,-1244.0
404,2015-06-15,7190.0,775.0,1.0,1.0,0,0.0,1.0,0.17689027,-0.9842306,1.2246469e-16,-1.0,2,0,0,1,0.0,1,3169.0,1,5116.0,1,0.0,1,7009.0,1,2850.0,1,6672.0,1,4379.0,2414.8289,3200.5813,-3169.0
404,2015-06-16,6441.0,706.0,1.0,1.0,0,0.0,2.0,0.17689027,-0.9842306,1.2246469e-16,-1.0,2,0,0,1,7190.0,1,0.0,1,4413.0,1,4324.0,1,0.0,1,0.0,1,3279.0,1,2740.0,4324.8975,4087.1187,7190.0
404,2015-06-17,5261.0,629.0,1.0,1.0,0,0.0,3.0,0.17689027,-0.9842306,1.2246469e-16,-1.0,2,0,0,1,6441.0,1,7190.0,1,3169.0,1,4944.0,1,6732.0,1,6831.0,1,0.0,1,0.0,5171.3384,4610.2036,-749.0
404,2015-06-18,5144.0,577.0,1.0,1.0,0,0.0,4.0,0.17689027,-0.9842306,1.2246469e-16,-1.0,2,0,0,1,5261.0,1,6441.0,1,0.0,1,5239.0,1,3318.0,1,6526.0,1,0.0,1,6966.0,5207.203,4754.8247,-1180.0
404,2015-06-19,5771.0,646.0,1.0,1.0,0,0.0,5.0,0.17689027,-0.9842306,1.2246469e-16,-1.0,2,0,0,1,5144.0,1,5261.0,1,7190.0,1,5116.0,1,0.0,1,7009.0,1,4786.0,1,6119.0,5181.922,4841.308,-117.0
404,2015-06-20,2990.0,311.0,1.0,0.0,0,0.0,6.0,0.17689027,-0.9842306,1.2246469e-16,-1.0,2,0,0,1,5771.0,1,5144.0,1,6441.0,1,4413.0,1,4324.0,1,0.0,1,5062.0,1,6601.0,5417.553,5047.9062,627.0
404,2015-06-21,0.0,0.0,0.0,0.0,0,0.0,7.0,0.17689027,-0.9842306,1.2246469e-16,-1.0,2,0,0,1,2990.0,1,5771.0,1,5261.0,1,3169.0,1,4944.0,1,6732.0,1,4692.0,1,6657.0,4446.5317,4590.5938,-2781.0
404,2015-06-22,4677.0,539.0,1.0,0.0,0,0.0,1.0,0.059240628,-0.99824375,1.2246469e-16,-1.0,2,0,0,1,0.0,1,2990.0,1,5144.0,1,0.0,1,5239.0,1,3318.0,1,5480.0,1,0.0,2667.9192,3570.462,-2990.0
404,2015-06-23,4413.0,589.0,1.0,0.0,0,0.0,2.0,0.059240628,-0.99824375,1.2246469e-16,-1.0,2,0,0,1,4677.0,1,0.0,1,5771.0,1,7190.0,1,5116.0,1,0.0,1,2850.0,1,4122.0,3471.5515,3816.3594,4677.0
404,2015-06-24,4636.0,574.0,1.0,0.0,0,0.0,3.0,0.059240628,-0.99824375,1.2246469e-16,-1.0,2,0,0,1,4413.0,1,4677.0,1,2990.0,1,6441.0,1,4413.0,1,4324.0,1,0.0,1,0.0,3848.1309,3948.946,-264.0
404,2015-06-25,4077.0,537.0,1.0,0.0,0,0.0,4.0,0.059240628,-0.99824375,1.2246469e-16,-1.0,2,0,0,1,4636.0,1,4413.0,1,0.0,1,5261.0,1,3169.0,1,4944.0,1,6831.0,1,7796.0,4163.2783,4101.6245,223.0
404,2015-06-26,4083.0,512.0,1.0,0.0,0,0.0,5.0,0.059240628,-0.99824375,1.2246469e-16,-1.0,2,0,0,1,4077.0,1,4636.0,1,4677.0,1,5144.0,1,0.0,1,5239.0,1,6526.0,1,5922.0,4128.767,4096.1523,-559.0
404,2015-06-27,2754.0,302.0,1.0,0.0,0,0.0,6.0,0.059240628,-0.99824375,1.2246469e-16,-1.0,2,0,0,1,4083.0,1,4077.0,1,4413.0,1,5771.0,1,7190.0,1,5116.0,1,7009.0,1,5914.0,4110.4604,4093.2297,6.0
404,2015-06-28,0.0,0.0,0.0,0.0,0,0.0,7.0,0.059240628,-0.99824375,1.2246469e-16,-1.0,2,0,0,1,2754.0,1,4083.0,1,4636.0,1,2990.0,1,6441.0,1,4413.0,1,0.0,1,6049.0,3567.8762,3795.623,-1329.0
404,2015-06-29,7729.0,777.0,1.0,1.0,0,0.0,1.0,-0.059240628,-0.99824375,1.2246469e-16,-1.0,2,0,0,1,0.0,1,2754.0,1,4077.0,1,0.0,1,5261.0,1,3169.0,1,6732.0,1,5540.0,2140.7256,2952.1514,-2754.0
404,2015-06-30,7113.0,707.0,1.0,1.0,0,0.0,2.0,-0.059240628,-0.99824375,1.2246469e-16,-1.0,2,0,1,1,7729.0,1,0.0,1,4083.0,1,4677.0,1,5144.0,1,0.0,1,3318.0,1,3117.0,4376.0356,4013.6733,7729.0
404,2015-07-01,7042.0,700.0,1.0,1.0,0,0.0,3.0,-0.059240628,-0.99824375,-0.5,-0.8660254,3,1,0,1,7113.0,1,7729.0,1,2754.0,1,4413.0,1,5771.0,1,7190.0,1,0.0,1,0.0,5470.8213,4702.4126,-616.0
404,2015-07-02,5569.0,626.0,1.0,1.0,0,0.0,4.0,-0.059240628,-0.99824375,-0.5,-0.8660254,3,0,0,1,7042.0,1,7113.0,1,0.0,1,4636.0,1,2990.0,1,6441.0,1,4324.0,1,4590.0,6099.293,5222.321,-71.0
404,2015-07-03,5448.0,582.0,1.0,1.0,0,0.0,5.0,-0.059240628,-0.99824375,-0.5,-0.8660254,3,0,0,1,5569.0,1,7042.0,1,7729.0,1,4077.0,1,0.0,1,5261.0,1,4944.0,1,4868.0,5887.176,5299.361,-1473.0
404,2015-07-04,3010.0,316.0,1.0,0.0,0,0.0,6.0,-0.059240628,-0.99824375,-0.5,-0.8660254,3,0,0,1,5448.0,1,5569.0,1,7113.0,1,4083.0,1,4677.0,1,5144.0,1,5239.0,1,5448.0,5711.5054,5332.3916,-121.0
404,2015-07-05,0.0,0.0,0.0,0.0,0,0.0,7.0,-0.059240628,-0.99824375,-0.5,-0.8660254,3,0,0,1,3010.0,1,5448.0,1,7042.0,1,2754.0,1,4413.0,1,5771.0,1,5116.0,1,0.0,4630.9033,4816.3047,-2438.0
404,2015-07-06,5011.0,633.0,1.0,0.0,0,0.0,1.0,-0.17689027,-0.9842306,-0.5,-0.8660254,3,0,0,1,0.0,1,3010.0,1,5569.0,1,0.0,1,4636.0,1,2990.0,1,4413.0,1,4993.0,2778.542,3746.0146,-3010.0
404,2015-07-07,4174.0,568.0,1.0,0.0,0,0.0,2.0,-0.17689027,-0.9842306,-0.5,-0.8660254,3,0,0,1,5011.0,1,0.0,1,5448.0,1,7729.0,1,4077.0,1,0.0,1,3169.0,1,3105.0,3671.5251,4027.1226,5011.0
404,2015-07-08,5410.0,665.0,1.0,0.0,0,0.0,3.0,-0.17689027,-0.9842306,-0.5,-0.8660254,3,0,0,1,4174.0,1,5011.0,1,3010.0,1,7113.0,1,4083.0,1,4677.0,1,0.0,1,0.0,3872.5151,4059.762,-837.0
404,2015-07-09,4656.0,585.0,1.0,0.0,0,0.0,4.0,-0.17689027,-0.9842306,-0.5,-0.8660254,3,0,0,1,5410.0,1,4174.0,1,0.0,1,7042.0,1,2754.0,1,4413.0,1,7190.0,1,7136.0,4487.5093,4359.815,1236.0
404,2015-07-10,4499.0,562.0,1.0,0.0,0,0.0,5.0,-0.17689027,-0.9842306,-0.5,-0.8660254,3,0,0,1,4656.0,1,5410.0,1,5011.0,1,5569.0,1,0.0,1,4636.0,1,6441.0,1,6751.0,4554.9053,4425.634,-754.0
404,2015-07-11,3091.0,354.0,1.0,0.0,0,0.0,6.0,-0.17689027,-0.9842306,-0.5,-0.8660254,3,0,0,1,4499.0,1,4656.0,1,4174.0,1,5448.0,1,7729.0,1,4077.0,1,5261.0,1,6008.0,4532.5435,4441.9375,-157.0
404,2015-07-12,0.0,0.0,0.0,0.0,0,0.0,7.0,-0.17689027,-0.9842306,-0.5,-0.8660254,3,0,0,1,3091.0,1,4499.0,1,5410.0,1,3010.0,1,7113.0,1,4083.0,1,5144.0,1,5601.0,3955.926,4141.729,-1408.0
404,2015-07-13,7379.0,732.0,1.0,1.0,0,0.0,1.0,-0.29205677,-0.956401,-0.5,-0.8660254,3,0,0,1,0.0,1,3091.0,1,4656.0,1,0.0,1,7042.0,1,2754.0,1,5771.0,1,6672.0,2373.5557,3221.3447,-3091.0
404,2015-07-14,6167.0,671.0,1.0,1.0,0,0.0,2.0,-0.29205677,-0.956401,-0.5,-0.8660254,3,0,0,1,7379.0,1,0.0,1,4499.0,1,5011.0,1,5569.0,1,0.0,1,2990.0,1,3279.0,4375.7334,4145.268,7379.0
404,2015-07-15,6417.0,688.0,1.0,1.0,0,0.0,3.0,-0.29205677,-0.956401,-0.5,-0.8660254,3,0,0,1,6167.0,1,7379.0,1,3091.0,1,4174.0,1,5448.0,1,7729.0,1,0.0,1,0.0,5092.24,4594.542,-1212.0
404,2015-07-16,5879.0,687.0,1.0,1.0,0,0.0,4.0,-0.29205677,-0.956401,-0.5,-0.8660254,3,0,0,1,6417.0,1,6167.0,1,0.0,1,5410.0,1,3010.0,1,7113.0,1,4677.0,1,0.0,5622.144,4999.5327,250.0
404,2015-07-17,5264.0,600.0,1.0,1.0,0,0.0,5.0,-0.29205677,-0.956401,-0.5,-0.8660254,3,0,0,1,5879.0,1,6417.0,1,7379.0,1,4656.0,1,0.0,1,7042.0,1,4413.0,1,4786.0,5724.886,5194.9697,-538.0
404,2015-07-18,3131.0,342.0,1.0,0.0,0,0.0,6.0,-0.29205677,-0.956401,-0.5,-0.8660254,3,0,0,1,5264.0,1,5879.0,1,6167.0,1,4499.0,1,5011.0,1,5569.0,1,4636.0,1,5062.0,5540.5317,5210.31,-615.0
404,2015-07-19,0.0,0.0,0.0,0.0,0,0.0,7.0,-0.29205677,-0.956401,-0.5,-0.8660254,3,0,0,1,3131.0,1,5264.0,1,6417.0,1,3091.0,1,4174.0,1,5448.0,1,4077.0,1,4692.0,4576.719,4748.241,-2133.0
404,2015-07-20,5131.0,649.0,1.0,0.0,0,0.0,1.0,-0.40312344,-0.91514564,-0.5,-0.8660254,3,0,0,1,0.0,1,3131.0,1,5879.0,1,0.0,1,5410.0,1,3010.0,1,4083.0,1,5480.0,2746.0315,3693.0764,-3131.0
404,2015-07-21,4960.0,651.0,1.0,0.0,0,0.0,2.0,-0.40312344,-0.91514564,-0.5,-0.8660254,3,0,0,1,5131.0,1,0.0,1,5264.0,1,7379.0,1,4656.0,1,0.0,1,2754.0,1,2850.0,3700.0188,4012.615,5131.0
404,2015-07-22,4532.0,591.0,1.0,0.0,0,0.0,3.0,-0.40312344,-0.91514564,-0.5,-0.8660254,3,0,0,1,4960.0,1,5131.0,1,3131.0,1,6167.0,1,4499.0,1,5011.0,1,0.0,1,0.0,4204.011,4223.145,-171.0
404,2015-07-23,4588.0,588.0,1.0,0.0,0,0.0,4.0,-0.40312344,-0.91514564,-0.5,-0.8660254,3,0,0,1,4532.0,1,4960.0,1,0.0,1,6417.0,1,3091.0,1,4174.0,1,7729.0,1,6831.0,4335.207,4291.7793,-428.0
404,2015-07-24,4417.0,533.0,1.0,0.0,0,0.0,5.0,-0.40312344,-0.91514564,-0.5,-0.8660254,3,0,0,1,4588.0,1,4532.0,1,5131.0,1,5879.0,1,0.0,1,5410.0,1,7113.0,1,6526.0,4436.324,4357.606,56.0
404,2015-07-25,3113.0,322.0,1.0,0.0,0,0.0,6.0,-0.40312344,-0.91514564,-0.5,-0.8660254,3,0,0,1,4417.0,1,4588.0,1,4960.0,1,5264.0,1,7379.0,1,4656.0,1,7042.0,1,7009.0,4428.594,4370.8047,-171.0
404,2015-07-26,0.0,0.0,0.0,0.0,0,0.0,7.0,-0.40312344,-0.91514564,-0.5,-0.8660254,3,0,0,1,3113.0,1,4417.0,1,4532.0,1,3131.0,1,6167.0,1,4499.0,1,5569.0,1,0.0,3902.3567,4091.2927,-1304.0
404,2015-07-27,7862.0,712.0,1.0,1.0,0,0.0,1.0,-0.5085311,-0.86104363,-0.5,-0.8660254,3,0,0,1,0.0,1,3113.0,1,4588.0,1,0.0,1,6417.0,1,3091.0,1,5448.0,1,6732.0,2341.414,3182.1165,-3113.0
404,2015-07-28,6700.0,698.0,1.0,1.0,0,0.0,2.0,-0.5085311,-0.86104363,-0.5,-0.8660254,3,0,0,1,7862.0,1,0.0,1,4417.0,1,5131.0,1,5879.0,1,0.0,1,3010.0,1,3318.0,4549.6484,4222.091,7862.0
404,2015-07-29,6529.0,644.0,1.0,1.0,0,0.0,3.0,-0.5085311,-0.86104363,-0.5,-0.8660254,3,0,0,1,6700.0,1,7862.0,1,3113.0,1,4960.0,1,5264.0,1,7379.0,1,0.0,1,0.0,5409.789,4772.7373,-1162.0
404,2015-07-30,6772.0,695.0,1.0,1.0,0,1.0,4.0,-0.5085311,-0.86104363,-0.5,-0.8660254,3,0,0,1,6529.0,1,6700.0,1,0.0,1,4532.0,1,3131.0,1,6167.0,1,5011.0,1,4324.0,5857.4736,5163.0176,-171.0
404,2015-07-31,6690.0,669.0,1.0,1.0,0,1.0,5.0,-0.5085311,-0.86104363,-0.5,-0.8660254,3,0,1,1,6772.0,1,6529.0,1,7862.0,1,4588.0,1,0.0,1,6417.0,1,4174.0,1,4944.0,6223.284,5520.5693,243.0
