id,timestamp,target,Customers,Open,Promo,StateHoliday,SchoolHoliday,DayOfWeek,week_sin,week_cos,month_sin,month_cos,quarter,is_month_start,is_month_end,lag_1_known,lag_1,lag_2_known,lag_2,lag_4_known,lag_4,lag_8_known,lag_8,lag_12_known,lag_12,lag_16_known,lag_16,lag_24_known,lag_24,lag_52_known,lag_52,ema_4,ema_8,chg_1
484,2013-01-01,0.0,0.0,0.0,0.0,1,1.0,2.0,0.11827317,0.9929811,0.5,0.8660254,1,1,0,0,0.0,0,0.0,0,0.0,0,0.0,0,0.0,0,0.0,0,0.0,0,0.0,0.0,0.0,0.0
484,2013-01-02,5753.0,628.0,1.0,0.0,0,1.0,3.0,0.11827317,0.9929811,0.5,0.8660254,1,0,0,1,0.0,0,0.0,0,0.0,0,0.0,0,0.0,0,0.0,0,0.0,0,0.0,0.0,0.0,0.0
484,2013-01-03,5818.0,598.0,1.0,0.0,0,1.0,4.0,0.11827317,0.9929811,0.5,0.8660254,1,0,0,1,5753.0,1,0.0,0,0.0,0,0.0,0,0.0,0,0.0,0,0.0,0,0.0,2301.2,1278.4445,5753.0
484,2013-01-04,7083.0,770.0,1.0,0.0,0,1.0,5.0,0.11827317,0.9929811,0.5,0.8660254,1,0,0,1,5818.0,1,5753.0,0,0.0,0,0.0,0,0.0,0,0.0,0,0.0,0,0.0,3707.92,2287.2346,65.0
484,2013-01-05,9322.0,946.0,1.0,0.0,0,0.0,6.0,0.11827317,0.9929811,0.5,0.8660254,1,0,0,1,7083.0,1,5818.0,1,0.0,0,0.0,0,0.0,0,0.0,0,0.0,0,0.0,5057.952,3352.9602,1265.0
484,2013-01-06,0.0,0.0,0.0,0.0,0,0.0,7.0,0.11827317,0.9929811,0.5,0.8660254,1,0,0,1,9322.0,1,7083.0,1,5753.0,0,0.0,0,0.0,0,0.0,0,0.0,0,0.0,6763.5713,4679.4136,2239.0
484,2013-01-07,8608.0,808.0,1.0,1.0,0,0.0,1.0,0.23488605,0.9720229,0.5,0.8660254,1,0,0,1,0.0,1,9322.0,1,5818.0,0,0.0,0,0.0,0,0.0,0,0.0,0,0.0,4058.1428,3639.544,-9322.0
484,2013-01-08,7004.0,641.0,1.0,1.0,0,0.0,2.0,0.23488605,0.9720229,0.5,0.8660254,1,0,0,1,8608.0,1,0.0,1,7083.0,0,0.0,0,0.0,0,0.0,0,0.0,0,0.0,5878.0854,4743.645,8608.0
484,2013-01-09,7492.0,578.0,1.0,1.0,0,0.0,3.0,0.23488605,0.9720229,0.5,0.8660254,1,0,0,1,7004.0,1,8608.0,1,9322.0,1,0.0,0,0.0,0,0.0,0,0.0,0,0.0,6328.451,5245.9463,-1604.0
484,2013-01-10,6707.0,671.0,1.0,1.0,0,0.0,4.0,0.23488605,0.9720229,0.5,0.8660254,1,0,0,1,7492.0,1,7004.0,1,0.0,1,5753.0,0,0.0,0,0.0,0,0.0,0,0.0,6793.8706,5745.0693,488.0
484,2013-01-11,8461.0,831.0,1.0,1.0,0,0.0,5.0,0.23488605,0.9720229,0.5,0.8660254,1,0,0,1,6707.0,1,7492.0,1,8608.0,1,5818.0,0,0.0,0,0.0,0,0.0,0,0.0,6759.1226,5958.8315,-785.0
484,2013-01-12,9270.0,882.0,1.0,0.0,0,0.0,6.0,0.23488605,0.9720229,0.5,0.8660254,1,0,0,1,8461.0,1,6707.0,1,7004.0,1,7083.0,0,0.0,0,0.0,0,0.0,0,0.0,7439.8735,6514.869,1754.0
484,2013-01-13,0.0,0.0,0.0,0.0,0,0.0,7.0,0.23488605,0.9720229,0.5,0.8660254,1,0,0,1,9270.0,1,8461.0,1,7492.0,1,9322.0,1,0.0,0,0.0,0,0.0,0,0.0,8171.9243,7127.1206,809.0
484,2013-01-14,3999.0,504.0,1.0,0.0,0,0.0,1.0,0.34820163,0.93741965,0.5,0.8660254,1,0,0,1,0.0,1,9270.0,1,6707.0,1,0.0,1,5753.0,0,0.0,0,0.0,0,0.0,4903.1543,5543.316,-9270.0
484,2013-01-15,4396.0,458.0,1.0,0.0,0,0.0,2.0,0.34820163,0.93741965,0.5,0.8660254,1,0,0,1,3999.0,1,0.0,1,8461.0,1,8608.0,1,5818.0,0,0.0,0,0.0,0,0.0,4541.4927,5200.135,3999.0
484,2013-01-16,4972.0,529.0,1.0,0.0,0,0.0,3.0,0.34820163,0.93741965,0.5,0.8660254,1,0,0,1,4396.0,1,3999.0,1,9270.0,1,7004.0,1,7083.0,0,0.0,0,0.0,0,0.0,4483.2954,5021.438,397.0
484,2013-01-17,5398.0,595.0,1.0,0.0,0,0.0,4.0,0.34820163,0.93741965,0.5,0.8660254,1,0,0,1,4972.0,1,4396.0,1,0.0,1,7492.0,1,9322.0,1,0.0,0,0.0,0,0.0,4678.7773,5010.4517,576.0
484,2013-01-18,6865.0,703.0,1.0,0.0,0,0.0,5.0,0.34820163,0.93741965,0.5,0.8660254,1,0,0,1,5398.0,1,4972.0,1,3999.0,1,6707.0,1,0.0,1,5753.0,0,0.0,0,0.0,4966.4663,5096.5737,426.0
484,2013-01-19,8516.0,870.0,1.0,0.0,0,0.0,6.0,0.34820163,0.93741965,0.5,0.8660254,1,0,0,1,6865.0,1,5398.0,1,4396.0,1,8461.0,1,8608.0,1,5818.0,0,0.0,0,0.0,5725.88,5489.557,1467.0
484,2013-01-20,0.0,0.0,0.0,0.0,0,0.0,7.0,0.34820163,0.93741965,0.5,0.8660254,1,0,0,1,8516.0,1,6865.0,1,4972.0,1,9270.0,1,7004.0,1,7083.0,0,0.0,0,0.0,6841.9277,6162.1,1651.0
484,2013-01-21,8386.0,685.0,1.0,1.0,0,0.0,1.0,0.45662925,0.8896571,0.5,0.8660254,1,0,0,1,0.0,1,8516.0,1,5398.0,1,0.0,1,7492.0,1,9322.0,0,0.0,0,0.0,4105.1567,4792.7446,-8516.0
484,2013-01-22,5659.0,573.0,1.0,1.0,0,0.0,2.0,0.45662925,0.8896571,0.5,0.8660254,1,0,0,1,8386.0,1,0.0,1,6865.0,1,3999.0,1,6707.0,1,0.0,0,0.0,0,0.0,5817.494,5591.2456,8386.0
484,2013-01-23,6395.0,660.0,1.0,1.0,0,0.0,3.0,0.45662925,0.8896571,0.5,0.8660254,1,0,0,1,5659.0,1,8386.0,1,8516.0,1,4396.0,1,8461.0,1,8608.0,0,0.0,0,0.0,5754.096,5606.3022,-2727.0
484,2013-01-24,6633.0,645.0,1.0,1.0,0,0.0,4.0,0.45662925,0.8896571,0.5,0.8660254,1,0,0,1,6395.0,1,5659.0,1,0.0,1,4972.0,1,9270.0,1,7004.0,0,0.0,0,0.0,6010.458,5781.5684,736.0
484,2013-01-25,8311.0,818.0,1.0,1.0,0,0.0,5.0,0.45662925,0.8896571,0.5,0.8660254,1,0,0,1,6633.0,1,6395.0,1,8386.0,1,5398.0,1,0.0,1,7492.0,1,0.0,0,0.0,6259.4746,5970.7754,238.0
484,2013-01-26,8339.0,818.0,1.0,0.0,0,0.0,6.0,0.45662925,0.8896571,0.5,0.8660254,1,0,0,1,8311.0,1,6633.0,1,5659.0,1,6865.0,1,3999.0,1,6707.0,1,5753.0,0,0.0,7080.085,6490.825,1678.0
484,2013-01-27,0.0,0.0,0.0,0.0,0,0.0,7.0,0.45662925,0.8896571,0.5,0.8660254,1,0,0,1,8339.0,1,8311.0,1,6395.0,1,8516.0,1,4396.0,1,8461.0,1,5818.0,0,0.0,7583.651,6901.531,28.0
484,2013-01-28,4614.0,543.0,1.0,0.0,0,0.0,1.0,0.55864674,0.82940567,0.5,0.8660254,1,0,0,1,0.0,1,8339.0,1,6633.0,1,0.0,1,4972.0,1,9270.0,1,7083.0,0,0.0,4550.1904,5367.8574,-8339.0
484,2013-01-29,4465.0,517.0,1.0,0.0,0,0.0,2.0,0.55864674,0.82940567,0.5,0.8660254,1,0,0,1,4614.0,1,0.0,1,8311.0,1,8386.0,1,5398.0,1,0.0,1,9322.0,0,0.0,4575.7144,5200.3335,4614.0
484,2013-01-30,4871.0,550.0,1.0,0.0,0,0.0,3.0,0.55864674,0.82940567,0.5,0.8660254,1,0,0,1,4465.0,1,4614.0,1,8339.0,1,5659.0,1,6865.0,1,3999.0,1,0.0,0,0.0,4531.4287,5036.926,-149.0
484,2013-01-31,5898.0,617.0,1.0,0.0,0,0.0,4.0,0.55864674,0.82940567,0.5,0.8660254,1,0,1,1,4871.0,1,4465.0,1,0.0,1,6395.0,1,8516.0,1,4396.0,1,8608.0,0,0.0,4667.2573,5000.0537,406.0
484,2013-02-01,7830.0,786.0,1.0,0.0,0,0.0,5.0,0.55864674,0.82940567,0.8660254,0.5,1,1,0,1,5898.0,1,4871.0,1,4614.0,1,6633.0,1,0.0,1,4972.0,1,7004.0,0,0.0,5159.554,5199.597,1027.0
484,2013-02-02,9892.0,952.0,1.0,0.0,0,0.0,6.0,0.55864674,0.82940567,0.8660254,0.5,1,0,0,1,7830.0,1,5898.0,1,4465.0,1,8311.0,1,8386.0,1,5398.0,1,7492.0,0,0.0,6227.7324,5784.1313,1932.0
484,2013-02-03,0.0,0.0,0.0,0.0,0,0.0,7.0,0.55864674,0.82940567,0.8660254,0.5,1,0,0,1,9892.0,1,7830.0,1,4871.0,1,8339.0,1,5659.0,1,6865.0,1,6707.0,0,0.0,7693.4395,6696.9907,2062.0
484,2013-02-04,8667.0,705.0,1.0,1.0,0,0.0,1.0,0.65282214,0.75751126,0.8660254,0.5,1,0,0,1,0.0,1,9892.0,1,5898.0,1,0.0,1,6395.0,1,8516.0,1,8461.0,0,0.0,4616.064,5208.7705,-9892.0
484,2013-02-05,6597.0,629.0,1.0,1.0,0,0.0,2.0,0.65282214,0.75751126,0.8660254,0.5,1,0,0,1,8667.0,1,0.0,1,7830.0,1,4614.0,1,6633.0,1,0.0,1,9270.0,0,0.0,6236.4385,5977.266,8667.0
484,2013-02-06,6677.0,629.0,1.0,1.0,0,0.0,3.0,0.65282214,0.75751126,0.8660254,0.5,1,0,0,1,6597.0,1,8667.0,1,9892.0,1,4465.0,1,8311.0,1,8386.0,1,0.0,0,0.0,6380.663,6114.985,-2070.0
484,2013-02-07,7061.0,708.0,1.0,1.0,0,0.0,4.0,0.65282214,0.75751126,0.8660254,0.5,1,0,0,1,6677.0,1,6597.0,1,0.0,1,4871.0,1,8339.0,1,5659.0,1,3999.0,0,0.0,6499.1978,6239.877,80.0
484,2013-02-08,8972.0,853.0,1.0,1.0,0,0.0,5.0,0.65282214,0.75751126,0.8660254,0.5,1,0,0,1,7061.0,1,6677.0,1,8667.0,1,5898.0,1,0.0,1,6395.0,1,4396.0,0,0.0,6723.9185,6422.3486,384.0
484,2013-02-09,8297.0,889.0,1.0,0.0,0,0.0,6.0,0.65282214,0.75751126,0.8660254,0.5,1,0,0,1,8972.0,1,7061.0,1,6597.0,1,7830.0,1,4614.0,1,6633.0,1,4972.0,0,0.0,7623.1514,6988.938,1911.0
484,2013-02-10,0.0,0.0,0.0,0.0,0,0.0,7.0,0.65282214,0.75751126,0.8660254,0.5,1,0,0,1,8297.0,1,8972.0,1,6677.0,1,9892.0,1,4465.0,1,8311.0,1,5398.0,0,0.0,7892.691,7279.6187,-675.0
484,2013-02-11,6631.0,636.0,1.0,0.0,0,0.0,1.0,0.73783326,0.674983,0.8660254,0.5,1,0,0,1,0.0,1,8297.0,1,7061.0,1,0.0,1,4871.0,1,8339.0,1,6865.0,0,0.0,4735.6143,5661.9253,-8297.0
484,2013-02-12,4266.0,494.0,1.0,0.0,0,0.0,2.0,0.73783326,0.674983,0.8660254,0.5,1,0,0,1,6631.0,1,0.0,1,8972.0,1,8667.0,1,5898.0,1,0.0,1,8516.0,0,0.0,5493.7686,5877.2754,6631.0
484,2013-02-13,5133.0,574.0,1.0,0.0,0,0.0,3.0,0.73783326,0.674983,0.8660254,0.5,1,0,0,1,4266.0,1,6631.0,1,8297.0,1,6597.0,1,7830.0,1,4614.0,1,0.0,0,0.0,5002.661,5519.2144,-2365.0
484,2013-02-14,5677.0,622.0,1.0,0.0,0,0.0,4.0,0.73783326,0.674983,0.8660254,0.5,1,0,0,1,5133.0,1,4266.0,1,0.0,1,6677.0,1,9892.0,1,4465.0,1,8386.0,0,0.0,5054.797,5433.3887,867.0
484,2013-02-15,6866.0,759.0,1.0,0.0,0,0.0,5.0,0.73783326,0.674983,0.8660254,0.5,1,0,0,1,5677.0,1,5133.0,1,6631.0,1,7061.0,1,0.0,1,4871.0,1,5659.0,0,0.0,5303.678,5487.5244,544.0
484,2013-02-16,8591.0,904.0,1.0,0.0,0,0.0,6.0,0.73783326,0.674983,0.8660254,0.5,1,0,0,1,6866.0,1,5677.0,1,4266.0,1,8972.0,1,8667.0,1,5898.0,1,6395.0,0,0.0,5928.607,5793.8525,1189.0
484,2013-02-17,0.0,0.0,0.0,0.0,0,0.0,7.0,0.73783326,0.674983,0.8660254,0.5,1,0,0,1,8591.0,1,6866.0,1,5133.0,1,8297.0,1,6597.0,1,7830.0,1,6633.0,0,0.0,6993.564,6415.441,1725.0
484,2013-02-18,7570.0,694.0,1.0,1.0,0,0.0,1.0,0.8124869,0.5829795,0.8660254,0.5,1,0,0,1,0.0,1,8591.0,1,5677.0,1,0.0,1,6677.0,1,9892.0,1,8311.0,0,0.0,4196.1387,4989.787,-8591.0
484,2013-02-19,5907.0,571.0,1.0,1.0,0,0.0,2.0,0.8124869,0.5829795,0.8660254,0.5,1,0,0,1,7570.0,1,0.0,1,6866.0,1,6631.0,1,7061.0,1,0.0,1,8339.0,0,0.0,5545.683,5563.168,7570.0
484,2013-02-20,7641.0,595.0,1.0,1.0,0,0.0,3.0,0.8124869,0.5829795,0.8660254,0.5,1,0,0,1,5907.0,1,7570.0,1,8591.0,1,4266.0,1,8972.0,1,8667.0,1,0.0,0,0.0,5690.21,5639.575,-1663.0
484,2013-02-21,6372.0,661.0,1.0,1.0,0,0.0,4.0,0.8124869,0.5829795,0.8660254,0.5,1,0,0,1,7641.0,1,5907.0,1,0.0,1,5133.0,1,8297.0,1,6597.0,1,4614.0,0,0.0,6470.526,6084.336,1734.0
484,2013-02-22,7725.0,758.0,1.0,1.0,0,0.0,5.0,0.8124869,0.5829795,0.8660254,0.5,1,0,0,1,6372.0,1,7641.0,1,7570.0,1,5677.0,1,0.0,1,6677.0,1,4465.0,1,0.0,6431.1157,6148.261,-1269.0
484,2013-02-23,7892.0,829.0,1.0,0.0,0,0.0,6.0,0.8124869,0.5829795,0.8660254,0.5,1,0,0,1,7725.0,1,6372.0,1,5907.0,1,6866.0,1,6631.0,1,7061.0,1,4871.0,1,5753.0,6948.6694,6498.648,1353.0
484,2013-02-24,0.0,0.0,0.0,0.0,0,0.0,7.0,0.8124869,0.5829795,0.8660254,0.5,1,0,0,1,7892.0,1,7725.0,1,7641.0,1,8591.0,1,4266.0,1,8972.0,1,5898.0,1,5818.0,7326.0015,6808.2817,167.0
484,2013-02-25,5145.0,585.0,1.0,0.0,0,0.0,1.0,0.8757349,0.4827922,0.8660254,0.5,1,0,0,1,0.0,1,7892.0,1,6372.0,1,0.0,1,5133.0,1,8297.0,1,7830.0,1,7083.0,4395.601,5295.33,-7892.0
484,2013-02-26,5313.0,556.0,1.0,0.0,0,0.0,2.0,0.8757349,0.4827922,0.8660254,0.5,1,0,0,1,5145.0,1,0.0,1,7725.0,1,7570.0,1,5677.0,1,0.0,1,9892.0,1,9322.0,4695.3604,5261.9233,5145.0
484,2013-02-27,5558.0,573.0,1.0,0.0,0,0.0,3.0,0.8757349,0.4827922,0.8660254,0.5,1,0,0,1,5313.0,1,5145.0,1,7892.0,1,5907.0,1,6866.0,1,6631.0,1,0.0,1,0.0,4942.4165,5273.274,168.0
484,2013-02-28,5701.0,600.0,1.0,0.0,0,0.0,4.0,0.8757349,0.4827922,0.8660254,0.5,1,0,1,1,5558.0,1,5313.0,1,0.0,1,7641.0,1,8591.0,1,4266.0,1,8667.0,1,8608.0,5188.65,5336.5464,245.0
484,2013-03-01,8542.0,882.0,1.0,0.0,0,0.0,5.0,0.8757349,0.4827922,1.0,6.123234e-17,1,1,0,1,5701.0,1,5558.0,1,5145.0,1,6372.0,1,0.0,1,5133.0,1,6597.0,1,7004.0,5393.59,5417.536,143.0
484,2013-03-02,9019.0,903.0,1.0,0.0,0,0.0,6.0,0.8757349,0.4827922,1.0,6.123234e-17,1,0,0,1,8542.0,1,5701.0,1,5313.0,1,7725.0,1,7570.0,1,5677.0,1,6677.0,1,7492.0,6652.954,6111.8613,2841.0
484,2013-03-03,0.0,0.0,0.0,0.0,0,0.0,7.0,0.8757349,0.4827922,1.0,6.123234e-17,1,0,0,1,9019.0,1,8542.0,1,5558.0,1,7892.0,1,5907.0,1,6866.0,1,7061.0,1,6707.0,7599.3726,6757.892,477.0
484,2013-03-04,9336.0,797.0,1.0,1.0,0,0.0,1.0,0.9266896,0.37582758,1.0,6.123234e-17,1,0,0,1,0.0,1,9019.0,1,5701.0,1,0.0,1,7641.0,1,8591.0,1,8972.0,1,8461.0,4559.6235,5256.138,-9019.0
484,2013-03-05,7016.0,664.0,1.0,1.0,0,0.0,2.0,0.9266896,0.37582758,1.0,6.123234e-17,1,0,0,1,9336.0,1,0.0,1,8542.0,1,5145.0,1,6372.0,1,0.0,1,8297.0,1,9270.0,6470.174,6162.7744,9336.0
484,2013-03-06,6594.0,600.0,1.0,1.0,0,0.0,3.0,0.9266896,0.37582758,1.0,6.123234e-17,1,0,0,1,7016.0,1,9336.0,1,9019.0,1,5313.0,1,7725.0,1,7570.0,1,0.0,1,0.0,6688.5044,6352.38,-2320.0
484,2013-03-07,7370.0,727.0,1.0,1.0,0,0.0,4.0,0.9266896,0.37582758,1.0,6.123234e-17,1,0,0,1,6594.0,1,7016.0,1,0.0,1,5558.0,1,7892.0,1,5907.0,1,6631.0,1,3999.0,6650.7026,6406.073,-422.0
484,2013-03-08,9312.0,884.0,1.0,1.0,0,0.0,5.0,0.9266896,0.37582758,1.0,6.123234e-17,1,0,0,1,7370.0,1,6594.0,1,9336.0,1,5701.0,1,0.0,1,7641.0,1,4266.0,1,4396.0,6938.4214,6620.2793,776.0
484,2013-03-09,8186.0,879.0,1.0,0.0,0,0.0,6.0,0.9266896,0.37582758,1.0,6.123234e-17,1,0,0,1,9312.0,1,7370.0,1,7016.0,1,8542.0,1,5145.0,1,6372.0,1,5133.0,1,4972.0,7887.853,7218.4395,1942.0
484,2013-03-10,0.0,0.0,0.0,0.0,0,0.0,7.0,0.9266896,0.37582758,1.0,6.123234e-17,1,0,0,1,8186.0,1,9312.0,1,6594.0,1,9019.0,1,5313.0,1,7725.0,1,5677.0,1,5398.0,8007.112,7433.4526,-1126.0
484,2013-03-11,6396.0,598.0,1.0,0.0,0,0.0,1.0,0.9646356,0.26358718,1.0,6.123234e-17,1,0,0,1,0.0,1,8186.0,1,7370.0,1,0.0,1,5558.0,1,7892.0,1,6866.0,1,6865.0,4804.267,5781.574,-8186.0
484,2013-03-12,4921.0,541.0,1.0,0.0,0,0.0,2.0,0.9646356,0.26358718,1.0,6.123234e-17,1,0,0,1,6396.0,1,0.0,1,9312.0,1,9336.0,1,5701.0,1,0.0,1,8591.0,1,8516.0,5440.9604,5918.1133,6396.0
484,2013-03-13,5616.0,576.0,1.0,0.0,0,0.0,3.0,0.9646356,0.26358718,1.0,6.123234e-17,1,0,0,1,4921.0,1,6396.0,1,8186.0,1,7016.0,1,8542.0,1,5145.0,1,0.0,1,0.0,5232.976,5696.5327,-1475.0
484,2013-03-14,6067.0,652.0,1.0,0.0,0,0.0,4.0,0.9646356,0.26358718,1.0,6.123234e-17,1,0,0,1,5616.0,1,4921.0,1,0.0,1,6594.0,1,9019.0,1,5313.0,1,7570.0,1,8386.0,5386.1855,5678.6367,695.0
484,2013-03-15,7912.0,800.0,1.0,0.0,0,0.0,5.0,0.9646356,0.26358718,1.0,6.123234e-17,1,0,0,1,6067.0,1,5616.0,1,6396.0,1,7370.0,1,0.0,1,5558.0,1,5907.0,1,5659.0,5658.511,5764.9395,451.0
484,2013-03-16,8870.0,926.0,1.0,0.0,0,0.0,6.0,0.9646356,0.26358718,1.0,6.123234e-17,1,0,0,1,7912.0,1,6067.0,1,4921.0,1,9312.0,1,9336.0,1,5701.0,1,7641.0,1,6395.0,6559.9067,6242.064,1845.0
484,2013-03-17,0.0,0.0,0.0,0.0,0,0.0,7.0,0.9646356,0.26358718,1.0,6.123234e-17,1,0,0,1,8870.0,1,7912.0,1,5616.0,1,8186.0,1,7016.0,1,8542.0,1,6372.0,1,6633.0,7483.9443,6826.05,958.0
484,2013-03-18,6023.0,562.0,1.0,1.0,0,0.0,1.0,0.9890402,0.14764656,1.0,6.123234e-17,1,0,0,1,0.0,1,8870.0,1,6067.0,1,0.0,1,6594.0,1,9019.0,1,7725.0,1,8311.0,4490.3667,5309.15,-8870.0
484,2013-03-19,7316.0,649.0,1.0,1.0,0,0.0,2.0,0.9890402,0.14764656,1.0,6.123234e-17,1,0,0,1,6023.0,1,0.0,1,7912.0,1,6396.0,1,7370.0,1,0.0,1,7892.0,1,8339.0,5103.42,5467.783,6023.0
484,2013-03-20,6187.0,619.0,1.0,1.0,0,0.0,3.0,0.9890402,0.14764656,1.0,6.123234e-17,1,0,0,1,7316.0,1,6023.0,1,8870.0,1,4921.0,1,9312.0,1,9336.0,1,0.0,1,0.0,5988.452,5878.498,1293.0
484,2013-03-21,7808.0,752.0,1.0,1.0,0,0.0,4.0,0.9890402,0.14764656,1.0,6.123234e-17,1,0,0,1,6187.0,1,7316.0,1,0.0,1,5616.0,1,8186.0,1,7016.0,1,5145.0,1,4614.0,6067.871,5947.054,-1129.0
484,2013-03-22,9396.0,873.0,1.0,1.0,0,0.0,5.0,0.9890402,0.14764656,1.0,6.123234e-17,1,0,0,1,7808.0,1,6187.0,1,6023.0,1,6067.0,1,0.0,1,6594.0,1,5313.0,1,4465.0,6763.923,6360.5977,1621.0
484,2013-03-23,9828.0,909.0,1.0,0.0,0,0.0,6.0,0.9890402,0.14764656,1.0,6.123234e-17,1,0,0,1,9396.0,1,7808.0,1,7316.0,1,7912.0,1,6396.0,1,7370.0,1,5558.0,1,4871.0,7816.7534,7035.1313,1588.0
484,2013-03-24,0.0,0.0,0.0,0.0,0,0.0,7.0,0.9890402,0.14764656,1.0,6.123234e-17,1,0,0,1,9828.0,1,9396.0,1,6187.0,1,8870.0,1,4921.0,1,9312.0,1,5701.0,1,5898.0,8621.252,7655.769,432.0
484,2013-03-25,8293.0,813.0,1.0,1.0,0,1.0,1.0,0.99956083,0.029633328,1.0,6.123234e-17,1,0,0,1,0.0,1,9828.0,1,7808.0,1,0.0,1,5616.0,1,8186.0,1,8542.0,1,7830.0,5172.7515,5954.487,-9828.0
484,2013-03-26,7982.0,690.0,1.0,1.0,0,1.0,2.0,0.99956083,0.029633328,1.0,6.123234e-17,1,0,0,1,8293.0,1,0.0,1,9396.0,1,6023.0,1,6067.0,1,0.0,1,9019.0,1,9892.0,6420.8506,6474.1567,8293.0
484,2013-03-27,9559.0,852.0,1.0,1.0,0,1.0,3.0,0.99956083,0.029633328,1.0,6.123234e-17,1,0,0,1,7982.0,1,8293.0,1,9828.0,1,7316.0,1,7912.0,1,6396.0,1,0.0,1,0.0,7045.3105,6809.233,-311.0
484,2013-03-28,15526.0,1277.0,1.0,1.0,0,1.0,4.0,0.99956083,0.029633328,1.0,6.123234e-17,1,0,0,1,9559.0,1,7982.0,1,0.0,1,6187.0,1,8870.0,1,4921.0,1,9336.0,1,8667.0,8050.786,7420.292,1577.0
484,2013-03-29,0.0,0.0,0.0,1.0,2,1.0,5.0,0.99956083,0.029633328,1.0,6.123234e-17,1,0,0,1,15526.0,1,9559.0,1,8293.0,1,7808.0,1,0.0,1,5616.0,1,7016.0,1,6597.0,11040.872,9221.561,5967.0
484,2013-03-30,14824.0,1375.0,1.0,0.0,0,0.0,6.0,0.99956083,0.029633328,1.0,6.123234e-17,1,0,0,1,0.0,1,15526.0,1,7982.0,1,9396.0,1,6023.0,1,6067.0,1,6594.0,1,6677.0,6624.523,7172.3247,-15526.0
484,2013-03-31,0.0,0.0,0.0,0.0,0,0.0,7.0,0.99956083,0.029633328,1.0,6.123234e-17,1,0,1,1,14824.0,1,0.0,1,9559.0,1,9828.0,1,7316.0,1,7912.0,1,7370.0,1,7061.0,9904.313,8872.697,14824.0
484,2013-04-01,0.0,0.0,0.0,0.0,2,1.0,1.0,0.9960498,-0.08879589,0.8660254,-0.5,2,1,0,1,0.0,1,14824.0,1,15526.0,1,0.0,1,6187.0,1,8870.0,1,9312.0,1,8972.0,5942.5884,6900.987,-14824.0
484,2013-04-02,6109.0,672.0,1.0,0.0,0,1.0,2.0,0.9960498,-0.08879589,0.8660254,-0.5,2,0,0,1,0.0,1,0.0,1,0.0,1,8293.0,1,7808.0,1,0.0,1,8186.0,1,8297.0,3565.553,5367.434,0.0
484,2013-04-03,5559.0,592.0,1.0,0.0,0,1.0,3.0,0.9960498,-0.08879589,0.8660254,-0.5,2,0,0,1,6109.0,1,0.0,1,14824.0,1,7982.0,1,9396.0,1,6023.0,1,0.0,1,0.0,4582.9316,5532.2266,6109.0
484,2013-04-04,5813.0,602.0,1.0,0.0,0,1.0,4.0,0.9960498,-0.08879589,0.8660254,-0.5,2,0,0,1,5559.0,1,6109.0,1,0.0,1,9559.0,1,9828.0,1,7316.0,1,6396.0,1,6631.0,4973.359,5538.1763,-550.0
484,2013-04-05,7682.0,796.0,1.0,0.0,0,1.0,5.0,0.9960498,-0.08879589,0.8660254,-0.5,2,0,0,1,5813.0,1,5559.0,1,0.0,1,15526.0,1,0.0,1,6187.0,1,4921.0,1,4266.0,5309.2153,5599.248,254.0
484,2013-04-06,8364.0,855.0,1.0,0.0,0,0.0,6.0,0.9960498,-0.08879589,0.8660254,-0.5,2,0,0,1,7682.0,1,5813.0,1,6109.0,1,0.0,1,8293.0,1,7808.0,1,5616.0,1,5133.0,6258.329,6062.082,1869.0
484,2013-04-07,0.0,0.0,0.0,0.0,0,0.0,7.0,0.9960498,-0.08879589,0.8660254,-0.5,2,0,0,1,8364.0,1,7682.0,1,5559.0,1,14824.0,1,7982.0,1,9396.0,1,6067.0,1,5677.0,7100.5977,6573.619,682.0
484,2013-04-08,7712.0,729.0,1.0,1.0,0,1.0,1.0,0.9785565,-0.20597862,0.8660254,-0.5,2,0,0,1,0.0,1,8364.0,1,5813.0,1,0.0,1,9559.0,1,9828.0,1,7912.0,1,6866.0,4260.3584,5112.815,-8364.0
484,2013-04-09,6615.0,653.0,1.0,1.0,0,1.0,2.0,0.9785565,-0.20597862,0.8660254,-0.5,2,0,0,1,7712.0,1,0.0,1,7682.0,1,0.0,1,15526.0,1,0.0,1,8870.0,1,8591.0,5641.015,5690.4116,7712.0
484,2013-04-10,6748.0,627.0,1.0,1.0,0,0.0,3.0,0.9785565,-0.20597862,0.8660254,-0.5,2,0,0,1,6615.0,1,7712.0,1,8364.0,1,6109.0,1,0.0,1,8293.0,1,0.0,1,0.0,6030.609,5895.8755,-1097.0
484,2013-04-11,6912.0,646.0,1.0,1.0,0,0.0,4.0,0.9785565,-0.20597862,0.8660254,-0.5,2,0,0,1,6748.0,1,6615.0,1,0.0,1,5559.0,1,14824.0,1,7982.0,1,6023.0,1,7570.0,6317.5654,6085.237,133.0
484,2013-04-12,9249.0,884.0,1.0,1.0,0,0.0,5.0,0.9785565,-0.20597862,0.8660254,-0.5,2,0,0,1,6912.0,1,6748.0,1,7712.0,1,5813.0,1,0.0,1,9559.0,1,7316.0,1,5907.0,6555.3394,6268.962,164.0
484,2013-04-13,9456.0,935.0,1.0,0.0,0,0.0,6.0,0.9785565,-0.20597862,0.8660254,-0.5,2,0,0,1,9249.0,1,6912.0,1,6615.0,1,7682.0,1,0.0,1,15526.0,1,6187.0,1,7641.0,7632.8037,6931.1924,2337.0
484,2013-04-14,0.0,0.0,0.0,0.0,0,0.0,7.0,0.9785565,-0.20597862,0.8660254,-0.5,2,0,0,1,9456.0,1,9249.0,1,6748.0,1,8364.0,1,6109.0,1,0.0,1,7808.0,1,6372.0,8362.082,7492.2607,207.0
484,2013-04-15,4458.0,561.0,1.0,0.0,0,0.0,1.0,0.94732636,-0.32026985,0.8660254,-0.5,2,0,0,1,0.0,1,9456.0,1,6912.0,1,0.0,1,5559.0,1,14824.0,1,9396.0,1,7725.0,5017.2495,5827.314,-9456.0
484,2013-04-16,4430.0,479.0,1.0,0.0,0,0.0,2.0,0.94732636,-0.32026985,0.8660254,-0.5,2,0,0,1,4458.0,1,0.0,1,9249.0,1,7712.0,1,5813.0,1,0.0,1,9828.0,1,7892.0,4793.55,5523.022,4458.0
484,2013-04-17,5173.0,507.0,1.0,0.0,0,0.0,3.0,0.94732636,-0.32026985,0.8660254,-0.5,2,0,0,1,4430.0,1,4458.0,1,9456.0,1,6615.0,1,7682.0,1,0.0,1,0.0,1,0.0,4648.13,5280.1284,-28.0
484,2013-04-18,5203.0,581.0,1.0,0.0,0,0.0,4.0,0.94732636,-0.32026985,0.8660254,-0.5,2,0,0,1,5173.0,1,4430.0,1,0.0,1,6748.0,1,8364.0,1,6109.0,1,8293.0,1,5145.0,4858.0776,5256.322,743.0
484,2013-04-19,7482.0,796.0,1.0,0.0,0,0.0,5.0,0.94732636,-0.32026985,0.8660254,-0.5,2,0,0,1,5203.0,1,5173.0,1,4458.0,1,6912.0,1,0.0,1,5559.0,1,7982.0,1,5313.0,4996.047,5244.4727,30.0
484,2013-04-20,7690.0,851.0,1.0,0.0,0,0.0,6.0,0.94732636,-0.32026985,0.8660254,-0.5,2,0,0,1,7482.0,1,5203.0,1,4430.0,1,9249.0,1,7712.0,1,5813.0,1,9559.0,1,5558.0,5990.428,5741.701,2279.0
484,2013-04-21,0.0,0.0,0.0,0.0,0,0.0,7.0,0.94732636,-0.32026985,0.8660254,-0.5,2,0,0,1,7690.0,1,7482.0,1,5173.0,1,9456.0,1,6615.0,1,7682.0,1,15526.0,1,5701.0,6670.257,6174.6562,208.0
484,2013-04-22,7245.0,710.0,1.0,1.0,0,0.0,1.0,0.9027978,-0.4300652,0.8660254,-0.5,2,0,0,1,0.0,1,7690.0,1,5203.0,1,0.0,1,6748.0,1,8364.0,1,0.0,1,8542.0,4002.154,4802.5103,-7690.0
484,2013-04-23,6467.0,669.0,1.0,1.0,0,0.0,2.0,0.9027978,-0.4300652,0.8660254,-0.5,2,0,0,1,7245.0,1,0.0,1,7482.0,1,4458.0,1,6912.0,1,0.0,1,14824.0,1,9019.0,5299.2925,5345.286,7245.0
484,2013-04-24,6080.0,612.0,1.0,1.0,0,0.0,3.0,0.9027978,-0.4300652,0.8660254,-0.5,2,0,0,1,6467.0,1,7245.0,1,7690.0,1,4430.0,1,9249.0,1,7712.0,1,0.0,1,0.0,5766.3755,5594.5557,-778.0
484,2013-04-25,6269.0,630.0,1.0,1.0,0,0.0,4.0,0.9027978,-0.4300652,0.8660254,-0.5,2,0,0,1,6080.0,1,6467.0,1,0.0,1,5173.0,1,9456.0,1,6615.0,1,0.0,1,9336.0,5891.825,5702.432,-387.0
484,2013-04-26,8884.0,863.0,1.0,1.0,0,0.0,5.0,0.9027978,-0.4300652,0.8660254,-0.5,2,0,0,1,6269.0,1,6080.0,1,7245.0,1,5203.0,1,0.0,1,6748.0,1,6109.0,1,7016.0,6042.6953,5828.336,189.0
484,2013-04-27,9306.0,927.0,1.0,0.0,0,0.0,6.0,0.9027978,-0.4300652,0.8660254,-0.5,2,0,0,1,8884.0,1,6269.0,1,6467.0,1,7482.0,1,4458.0,1,6912.0,1,5559.0,1,6594.0,7179.2173,6507.3726,2615.0
484,2013-04-28,0.0,0.0,0.0,0.0,0,0.0,7.0,0.9027978,-0.4300652,0.8660254,-0.5,2,0,0,1,9306.0,1,8884.0,1,6080.0,1,7690.0,1,4430.0,1,9249.0,1,5813.0,1,7370.0,8029.93,7129.2896,422.0
484,2013-04-29,7656.0,745.0,1.0,1.0,0,0.0,1.0,0.845596,-0.5338234,0.8660254,-0.5,2,0,0,1,0.0,1,9306.0,1,6269.0,1,0.0,1,5173.0,1,9456.0,1,7682.0,1,9312.0,4817.958,5545.003,-9306.0
484,2013-04-30,10167.0,937.0,1.0,1.0,0,0.0,2.0,0.845596,-0.5338234,0.8660254,-0.5,2,0,1,1,7656.0,1,0.0,1,8884.0,1,7245.0,1,5203.0,1,0.0,1,8364.0,1,8186.0,5953.175,6014.114,7656.0
484,2013-05-01,0.0,0.0,0.0,1.0,1,0.0,3.0,0.845596,-0.5338234,0.5,-0.8660254,2,1,0,1,10167.0,1,7656.0,1,9306.0,1,6467.0,1,7482.0,1,4458.0,1,0.0,1,0.0,7638.705,6936.977,2511.0
484,2013-05-02,9426.0,855.0,1.0,1.0,0,0.0,4.0,0.845596,-0.5338234,0.5,-0.8660254,2,0,0,1,0.0,1,10167.0,1,0.0,1,6080.0,1,7690.0,1,4430.0,1,7712.0,1,6396.0,4583.223,5395.427,-10167.0
484,2013-05-03,8847.0,876.0,1.0,1.0,0,0.0,5.0,0.845596,-0.5338234,0.5,-0.8660254,2,0,0,1,9426.0,1,0.0,1,7656.0,1,6269.0,1,0.0,1,5173.0,1,6615.0,1,4921.0,6520.334,6291.11,9426.0
484,2013-05-04,8730.0,946.0,1.0,0.0,0,0.0,6.0,0.845596,-0.5338234,0.5,-0.8660254,2,0,0,1,8847.0,1,9426.0,1,10167.0,1,8884.0,1,7245.0,1,5203.0,1,6748.0,1,5616.0,7451.0005,6859.0854,-579.0
484,2013-05-05,0.0,0.0,0.0,0.0,0,0.0,7.0,0.845596,-0.5338234,0.5,-0.8660254,2,0,0,1,8730.0,1,8847.0,1,0.0,1,9306.0,1,6467.0,1,7482.0,1,6912.0,1,6067.0,7962.6,7274.844,-117.0
484,2013-05-06,6088.0,666.0,1.0,0.0,0,0.0,1.0,0.7765239,-0.63008785,0.5,-0.8660254,2,0,0,1,0.0,1,8730.0,1,9426.0,1,0.0,1,6080.0,1,7690.0,1,9249.0,1,7912.0,4777.56,5658.212,-8730.0
484,2013-05-07,6157.0,641.0,1.0,0.0,0,0.0,2.0,0.7765239,-0.63008785,0.5,-0.8660254,2,0,0,1,6088.0,1,0.0,1,8847.0,1,7656.0,1,6269.0,1,0.0,1,9456.0,1,8870.0,5301.736,5753.7207,6088.0
484,2013-05-08,8311.0,874.0,1.0,0.0,0,0.0,3.0,0.7765239,-0.63008785,0.5,-0.8660254,2,0,0,1,6157.0,1,6088.0,1,8730.0,1,10167.0,1,8884.0,1,7245.0,1,0.0,1,0.0,5643.842,5843.3384,69.0
484,2013-05-09,0.0,0.0,0.0,0.0,1,0.0,4.0,0.7765239,-0.63008785,0.5,-0.8660254,2,0,0,1,8311.0,1,6157.0,1,0.0,1,0.0,1,9306.0,1,6467.0,1,4458.0,1,6023.0,6710.705,6391.7075,2154.0
484,2013-05-10,9291.0,931.0,1.0,0.0,0,1.0,5.0,0.7765239,-0.63008785,0.5,-0.8660254,2,0,0,1,0.0,1,8311.0,1,6088.0,1,9426.0,1,0.0,1,6080.0,1,4430.0,1,7316.0,4026.423,4971.328,-8311.0
484,2013-05-11,8902.0,903.0,1.0,0.0,0,0.0,6.0,0.7765239,-0.63008785,0.5,-0.8660254,2,0,0,1,9291.0,1,0.0,1,6157.0,1,8847.0,1,7656.0,1,6269.0,1,5173.0,1,6187.0,6132.254,5931.2554,9291.0
484,2013-05-12,0.0,0.0,0.0,0.0,0,0.0,7.0,0.7765239,-0.63008785,0.5,-0.8660254,2,0,0,1,8902.0,1,9291.0,1,8311.0,1,8730.0,1,10167.0,1,8884.0,1,5203.0,1,7808.0,7240.1523,6591.421,-389.0
484,2013-05-13,8144.0,764.0,1.0,1.0,0,0.0,1.0,0.696551,-0.71750724,0.5,-0.8660254,2,0,0,1,0.0,1,8902.0,1,0.0,1,0.0,1,0.0,1,9306.0,1,7482.0,1,9396.0,4344.0913,5126.6606,-8902.0
484,2013-05-14,6233.0,626.0,1.0,1.0,0,0.0,2.0,0.696551,-0.71750724,0.5,-0.8660254,2,0,0,1,8144.0,1,0.0,1,9291.0,1,6088.0,1,9426.0,1,0.0,1,7690.0,1,9828.0,5864.0547,5797.18,8144.0
484,2013-05-15,5994.0,603.0,1.0,1.0,0,0.0,3.0,0.696551,-0.71750724,0.5,-0.8660254,2,0,0,1,6233.0,1,8144.0,1,8902.0,1,6157.0,1,8847.0,1,7656.0,1,0.0,1,0.0,6011.633,5894.0293,-1911.0
484,2013-05-16,7338.0,691.0,1.0,1.0,0,0.0,4.0,0.696551,-0.71750724,0.5,-0.8660254,2,0,0,1,5994.0,1,6233.0,1,0.0,1,8311.0,1,8730.0,1,10167.0,1,7245.0,1,8293.0,6004.5796,5916.245,-239.0
484,2013-05-17,9505.0,850.0,1.0,1.0,0,0.0,5.0,0.696551,-0.71750724,0.5,-0.8660254,2,0,0,1,7338.0,1,5994.0,1,8144.0,1,0.0,1,0.0,1,0.0,1,6467.0,1,7982.0,6537.9478,6232.1904,1344.0
484,2013-05-18,9018.0,914.0,1.0,0.0,0,0.0,6.0,0.696551,-0.71750724,0.5,-0.8660254,2,0,0,1,9505.0,1,7338.0,1,6233.0,1,9291.0,1,6088.0,1,9426.0,1,6080.0,1,9559.0,7724.7686,6959.4814,2167.0
484,2013-05-19,0.0,0.0,0.0,0.0,0,0.0,7.0,0.696551,-0.71750724,0.5,-0.8660254,2,0,0,1,9018.0,1,9505.0,1,5994.0,1,8902.0,1,6157.0,1,8847.0,1,6269.0,1,15526.0,8242.062,7416.93,-487.0
484,2013-05-20,0.0,0.0,0.0,0.0,1,0.0,1.0,0.60680014,-0.79485446,0.5,-0.8660254,2,0,0,1,0.0,1,9018.0,1,7338.0,1,0.0,1,8311.0,1,8730.0,1,8884.0,1,0.0,4945.237,5768.723,-9018.0
484,2013-05-21,6636.0,717.0,1.0,0.0,0,0.0,2.0,0.60680014,-0.79485446,0.5,-0.8660254,2,0,0,1,0.0,1,0.0,1,9505.0,1,8144.0,1,0.0,1,0.0,1,9306.0,1,14824.0,2967.142,4486.7847,0.0
484,2013-05-22,5661.0,609.0,1.0,0.0,0,0.0,3.0,0.60680014,-0.79485446,0.5,-0.8660254,2,0,0,1,6636.0,1,0.0,1,9018.0,1,6233.0,1,9291.0,1,6088.0,1,0.0,1,0.0,4434.685,4964.388,6636.0
484,2013-05-23,5635.0,625.0,1.0,0.0,0,0.0,4.0,0.60680014,-0.79485446,0.5,-0.8660254,2,0,0,1,5661.0,1,6636.0,1,0.0,1,5994.0,1,8902.0,1,6157.0,1,7656.0,1,0.0,4925.211,5119.191,-975.0
484,2013-05-24,7248.0,798.0,1.0,0.0,0,0.0,5.0,0.60680014,-0.79485446,0.5,-0.8660254,2,0,0,1,5635.0,1,5661.0,1,0.0,1,7338.0,1,0.0,1,8311.0,1,10167.0,1,6109.0,5209.1265,5233.815,-26.0
484,2013-05-25,8322.0,829.0,1.0,0.0,0,0.0,6.0,0.60680014,-0.79485446,0.5,-0.8660254,2,0,0,1,7248.0,1,5635.0,1,6636.0,1,9505.0,1,8144.0,1,0.0,1,0.0,1,5559.0,6024.676,5681.4116,1613.0
484,2013-05-26,0.0,0.0,0.0,0.0,0,0.0,7.0,0.60680014,-0.79485446,0.5,-0.8660254,2,0,0,1,8322.0,1,7248.0,1,5661.0,1,9018.0,1,6233.0,1,9291.0,1,9426.0,1,5813.0,6943.6055,6268.209,1074.0
484,2013-05-27,6938.0,668.0,1.0,1.0,0,0.0,1.0,0.5085311,-0.86104363,0.5,-0.8660254,2,0,0,1,0.0,1,8322.0,1,5635.0,1,0.0,1,5994.0,1,8902.0,1,8847.0,1,7682.0,4166.1636,4875.274,-8322.0
484,2013-05-28,6382.0,619.0,1.0,1.0,0,0.0,2.0,0.5085311,-0.86104363,0.5,-0.8660254,2,0,0,1,6938.0,1,0.0,1,7248.0,1,0.0,1,7338.0,1,0.0,1,8730.0,1,8364.0,5274.898,5333.657,6938.0
484,2013-05-29,6685.0,614.0,1.0,1.0,0,0.0,3.0,0.5085311,-0.86104363,0.5,-0.8660254,2,0,0,1,6382.0,1,6938.0,1,8322.0,1,6636.0,1,9505.0,1,8144.0,1,0.0,1,0.0,5717.739,5566.6226,-556.0
484,2013-05-30,7395.0,696.0,1.0,1.0,0,0.0,4.0,0.5085311,-0.86104363,0.5,-0.8660254,2,0,0,1,6685.0,1,6382.0,1,0.0,1,5661.0,1,9018.0,1,6233.0,1,6088.0,1,7712.0,6104.643,5815.151,303.0
484,2013-05-31,10943.0,960.0,1.0,1.0,0,0.0,5.0,0.5085311,-0.86104363,0.5,-0.8660254,2,0,1,1,7395.0,1,6685.0,1,6938.0,1,5635.0,1,0.0,1,5994.0,1,6157.0,1,6615.0,6620.786,6166.2285,710.0
484,2013-06-01,10754.0,941.0,1.0,0.0,0,0.0,6.0,0.5085311,-0.86104363,1.2246469e-16,-1.0,2,1,0,1,10943.0,1,7395.0,1,6382.0,1,7248.0,1,0.0,1,7338.0,1,8311.0,1,6748.0,8349.672,7227.7334,3548.0
484,2013-06-02,0.0,0.0,0.0,0.0,0,0.0,7.0,0.5085311,-0.86104363,1.2246469e-16,-1.0,2,0,0,1,10754.0,1,10943.0,1,6685.0,1,8322.0,1,6636.0,1,9505.0,1,0.0,1,6912.0,9311.403,8011.348,-189.0
484,2013-06-03,7873.0,722.0,1.0,1.0,0,0.0,1.0,0.40312344,-0.91514564,1.2246469e-16,-1.0,2,0,0,1,0.0,1,10754.0,1,7395.0,1,0.0,1,5661.0,1,9018.0,1,9291.0,1,9249.0,5586.842,6231.0483,-10754.0
484,2013-06-04,7571.0,666.0,1.0,1.0,0,0.0,2.0,0.40312344,-0.91514564,1.2246469e-16,-1.0,2,0,0,1,7873.0,1,0.0,1,10943.0,1,6938.0,1,5635.0,1,0.0,1,8902.0,1,9456.0,6501.305,6595.927,7873.0
484,2013-06-05,6898.0,669.0,1.0,1.0,0,0.0,3.0,0.40312344,-0.91514564,1.2246469e-16,-1.0,2,0,0,1,7571.0,1,7873.0,1,10754.0,1,6382.0,1,7248.0,1,0.0,1,0.0,1,0.0,6929.183,6812.6094,-302.0
484,2013-06-06,6731.0,692.0,1.0,1.0,0,0.0,4.0,0.40312344,-0.91514564,1.2246469e-16,-1.0,2,0,0,1,6898.0,1,7571.0,1,0.0,1,6685.0,1,8322.0,1,6636.0,1,8144.0,1,4458.0,6916.71,6831.5854,-673.0
484,2013-06-07,8756.0,824.0,1.0,1.0,0,0.0,5.0,0.40312344,-0.91514564,1.2246469e-16,-1.0,2,0,0,1,6731.0,1,6898.0,1,7873.0,1,7395.0,1,0.0,1,5661.0,1,6233.0,1,4430.0,6842.426,6809.233,-167.0
484,2013-06-08,8709.0,837.0,1.0,0.0,0,0.0,6.0,0.40312344,-0.91514564,1.2246469e-16,-1.0,2,0,0,1,8756.0,1,6731.0,1,7571.0,1,10943.0,1,6938.0,1,5635.0,1,5994.0,1,5173.0,7607.8555,7241.8477,2025.0
484,2013-06-09,0.0,0.0,0.0,0.0,0,0.0,7.0,0.40312344,-0.91514564,1.2246469e-16,-1.0,2,0,0,1,8709.0,1,8756.0,1,6898.0,1,10754.0,1,6382.0,1,7248.0,1,7338.0,1,5203.0,8048.3135,7567.882,-47.0
484,2013-06-10,5644.0,624.0,1.0,0.0,0,0.0,1.0,0.29205677,-0.956401,1.2246469e-16,-1.0,2,0,0,1,0.0,1,8709.0,1,6731.0,1,0.0,1,6685.0,1,8322.0,1,9505.0,1,7482.0,4828.988,5886.1304,-8709.0
484,2013-06-11,5044.0,572.0,1.0,0.0,0,0.0,2.0,0.29205677,-0.956401,1.2246469e-16,-1.0,2,0,0,1,5644.0,1,0.0,1,8756.0,1,7873.0,1,7395.0,1,0.0,1,9018.0,1,7690.0,5154.9927,5832.323,5644.0
484,2013-06-12,4885.0,544.0,1.0,0.0,0,0.0,3.0,0.29205677,-0.956401,1.2246469e-16,-1.0,2,0,0,1,5044.0,1,5644.0,1,8709.0,1,7571.0,1,10943.0,1,6938.0,1,0.0,1,0.0,5110.5957,5657.1406,-600.0
484,2013-06-13,6151.0,652.0,1.0,0.0,0,0.0,4.0,0.29205677,-0.956401,1.2246469e-16,-1.0,2,0,0,1,4885.0,1,5044.0,1,0.0,1,6898.0,1,10754.0,1,6382.0,1,0.0,1,7245.0,5020.3574,5485.5537,-159.0
484,2013-06-14,8207.0,753.0,1.0,0.0,0,0.0,5.0,0.29205677,-0.956401,1.2246469e-16,-1.0,2,0,0,1,6151.0,1,4885.0,1,5644.0,1,6731.0,1,0.0,1,6685.0,1,6636.0,1,6467.0,5472.6143,5633.4307,1266.0
484,2013-06-15,8295.0,837.0,1.0,0.0,0,0.0,6.0,0.29205677,-0.956401,1.2246469e-16,-1.0,2,0,0,1,8207.0,1,6151.0,1,5044.0,1,8756.0,1,7873.0,1,7395.0,1,5661.0,1,6080.0,6566.3687,6205.335,2056.0
484,2013-06-16,0.0,0.0,0.0,0.0,0,0.0,7.0,0.29205677,-0.956401,1.2246469e-16,-1.0,2,0,0,1,8295.0,1,8207.0,1,4885.0,1,8709.0,1,7571.0,1,10943.0,1,5635.0,1,6269.0,7257.8213,6669.705,88.0
484,2013-06-17,8592.0,753.0,1.0,1.0,0,0.0,1.0,0.17689027,-0.9842306,1.2246469e-16,-1.0,2,0,0,1,0.0,1,8295.0,1,6151.0,1,0.0,1,6898.0,1,10754.0,1,7248.0,1,8884.0,4354.693,5187.5483,-8295.0
484,2013-06-18,6688.0,636.0,1.0,1.0,0,0.0,2.0,0.17689027,-0.9842306,1.2246469e-16,-1.0,2,0,0,1,8592.0,1,0.0,1,8207.0,1,5644.0,1,6731.0,1,0.0,1,8322.0,1,9306.0,6049.6157,5944.0933,8592.0
484,2013-06-19,6182.0,577.0,1.0,1.0,0,0.0,3.0,0.17689027,-0.9842306,1.2246469e-16,-1.0,2,0,0,1,6688.0,1,8592.0,1,8295.0,1,5044.0,1,8756.0,1,7873.0,1,0.0,1,0.0,6304.969,6109.406,-1904.0
484,2013-06-20,7228.0,710.0,1.0,1.0,0,0.0,4.0,0.17689027,-0.9842306,1.2246469e-16,-1.0,2,0,0,1,6182.0,1,6688.0,1,0.0,1,4885.0,1,8709.0,1,7571.0,1,6938.0,1,7656.0,6255.7817,6125.5376,-506.0
484,2013-06-21,9745.0,869.0,1.0,1.0,0,0.0,5.0,0.17689027,-0.9842306,1.2246469e-16,-1.0,2,0,0,1,7228.0,1,6182.0,1,8592.0,1,6151.0,1,0.0,1,6898.0,1,6382.0,1,10167.0,6644.669,6370.5293,1046.0
484,2013-06-22,9018.0,914.0,1.0,0.0,0,0.0,6.0,0.17689027,-0.9842306,1.2246469e-16,-1.0,2,0,0,1,9745.0,1,7228.0,1,6688.0,1,8207.0,1,5644.0,1,6731.0,1,6685.0,1,0.0,7884.8013,7120.4116,2517.0
484,2013-06-23,0.0,0.0,0.0,0.0,0,0.0,7.0,0.17689027,-0.9842306,1.2246469e-16,-1.0,2,0,0,1,9018.0,1,9745.0,1,6182.0,1,8295.0,1,5044.0,1,8756.0,1,7395.0,1,9426.0,8338.081,7542.098,-727.0
484,2013-06-24,6187.0,645.0,1.0,0.0,0,1.0,1.0,0.059240628,-0.99824375,1.2246469e-16,-1.0,2,0,0,1,0.0,1,9018.0,1,7228.0,1,0.0,1,4885.0,1,8709.0,1,10943.0,1,8847.0,5002.8486,5866.076,-9018.0
484,2013-06-25,4943.0,512.0,1.0,0.0,0,1.0,2.0,0.059240628,-0.99824375,1.2246469e-16,-1.0,2,0,0,1,6187.0,1,0.0,1,9745.0,1,8592.0,1,6151.0,1,0.0,1,10754.0,1,8730.0,5476.5093,5937.3926,6187.0
484,2013-06-26,5556.0,590.0,1.0,0.0,0,1.0,3.0,0.059240628,-0.99824375,1.2246469e-16,-1.0,2,0,0,1,4943.0,1,6187.0,1,9018.0,1,6688.0,1,8207.0,1,5644.0,1,0.0,1,0.0,5263.1055,5716.4165,-1244.0
484,2013-06-27,6072.0,610.0,1.0,0.0,0,1.0,4.0,0.059240628,-0.99824375,1.2246469e-16,-1.0,2,0,0,1,5556.0,1,4943.0,1,0.0,1,6182.0,1,8295.0,1,5044.0,1,7873.0,1,6088.0,5380.263,5680.7686,613.0
484,2013-06-28,8485.0,839.0,1.0,0.0,0,1.0,5.0,0.059240628,-0.99824375,1.2246469e-16,-1.0,2,0,0,1,6072.0,1,5556.0,1,6187.0,1,7228.0,1,0.0,1,4885.0,1,7571.0,1,6157.0,5656.958,5767.709,516.0
484,2013-06-29,8483.0,871.0,1.0,0.0,0,0.0,6.0,0.059240628,-0.99824375,1.2246469e-16,-1.0,2,0,0,1,8485.0,1,6072.0,1,4943.0,1,9745.0,1,8592.0,1,6151.0,1,6898.0,1,8311.0,6788.175,6371.5513,2413.0
484,2013-06-30,0.0,0.0,0.0,0.0,0,0.0,7.0,0.059240628,-0.99824375,1.2246469e-16,-1.0,2,0,1,1,8483.0,1,8485.0,1,5556.0,1,9018.0,1,6688.0,1,8207.0,1,6731.0,1,0.0,7466.105,6840.762,-2.0
484,2013-07-01,9176.0,780.0,1.0,1.0,0,1.0,1.0,-0.059240628,-0.99824375,-0.5,-0.8660254,3,1,0,1,0.0,1,8483.0,1,6072.0,1,0.0,1,6182.0,1,8295.0,1,8756.0,1,9291.0,4479.663,5320.593,-8483.0
484,2013-07-02,7332.0,626.0,1.0,1.0,0,1.0,2.0,-0.059240628,-0.99824375,-0.5,-0.8660254,3,0,0,1,9176.0,1,0.0,1,8485.0,1,6187.0,1,7228.0,1,0.0,1,8709.0,1,8902.0,6358.1978,6177.35,9176.0
484,2013-07-03,7121.0,642.0,1.0,1.0,0,1.0,3.0,-0.059240628,-0.99824375,-0.5,-0.8660254,3,0,0,1,7332.0,1,9176.0,1,8483.0,1,4943.0,1,9745.0,1,8592.0,1,0.0,1,0.0,6747.7188,6433.939,-1844.0
484,2013-07-04,7407.0,687.0,1.0,1.0,0,1.0,4.0,-0.059240628,-0.99824375,-0.5,-0.8660254,3,0,0,1,7121.0,1,7332.0,1,0.0,1,5556.0,1,9018.0,1,6688.0,1,5644.0,1,8144.0,6897.0312,6586.619,-211.0
484,2013-07-05,9155.0,841.0,1.0,1.0,0,1.0,5.0,-0.059240628,-0.99824375,-0.5,-0.8660254,3,0,0,1,7407.0,1,7121.0,1,9176.0,1,6072.0,1,0.0,1,6182.0,1,5044.0,1,6233.0,7101.0186,6768.926,286.0
484,2013-07-06,8791.0,782.0,1.0,0.0,0,0.0,6.0,-0.059240628,-0.99824375,-0.5,-0.8660254,3,0,0,1,9155.0,1,7407.0,1,7332.0,1,8485.0,1,6187.0,1,7228.0,1,4885.0,1,5994.0,7922.6113,7299.1646,1748.0
484,2013-07-07,0.0,0.0,0.0,0.0,0,0.0,7.0,-0.059240628,-0.99824375,-0.5,-0.8660254,3,0,0,1,8791.0,1,9155.0,1,7121.0,1,8483.0,1,4943.0,1,9745.0,1,6151.0,1,7338.0,8269.967,7630.6836,-364.0
484,2013-07-08,6454.0,659.0,1.0,0.0,0,1.0,1.0,-0.17689027,-0.9842306,-0.5,-0.8660254,3,0,0,1,0.0,1,8791.0,1,7407.0,1,0.0,1,5556.0,1,9018.0,1,8207.0,1,9505.0,4961.98,5934.976,-8791.0
484,2013-07-09,5866.0,575.0,1.0,0.0,0,1.0,2.0,-0.17689027,-0.9842306,-0.5,-0.8660254,3,0,0,1,6454.0,1,0.0,1,9155.0,1,9176.0,1,6072.0,1,0.0,1,8295.0,1,9018.0,5558.788,6050.315,6454.0
484,2013-07-10,5680.0,606.0,1.0,0.0,0,1.0,3.0,-0.17689027,-0.9842306,-0.5,-0.8660254,3,0,0,1,5866.0,1,6454.0,1,8791.0,1,7332.0,1,8485.0,1,6187.0,1,0.0,1,0.0,5681.673,6009.356,-588.0
484,2013-07-11,5847.0,614.0,1.0,0.0,0,1.0,4.0,-0.17689027,-0.9842306,-0.5,-0.8660254,3,0,0,1,5680.0,1,5866.0,1,0.0,1,7121.0,1,8483.0,1,4943.0,1,8592.0,1,0.0,5681.004,5936.1655,-186.0
484,2013-07-12,6897.0,729.0,1.0,0.0,0,1.0,5.0,-0.17689027,-0.9842306,-0.5,-0.8660254,3,0,0,1,5847.0,1,5680.0,1,6454.0,1,7407.0,1,0.0,1,5556.0,1,6688.0,1,6636.0,5747.4023,5916.351,167.0
484,2013-07-13,8547.0,843.0,1.0,0.0,0,0.0,6.0,-0.17689027,-0.9842306,-0.5,-0.8660254,3,0,0,1,6897.0,1,5847.0,1,5866.0,1,9155.0,1,9176.0,1,6072.0,1,6182.0,1,5661.0,6207.241,6134.273,1050.0
484,2013-07-14,0.0,0.0,0.0,0.0,0,0.0,7.0,-0.17689027,-0.9842306,-0.5,-0.8660254,3,0,0,1,8547.0,1,6897.0,1,5680.0,1,8791.0,1,7332.0,1,8485.0,1,7228.0,1,5635.0,7143.145,6670.4346,1650.0
484,2013-07-15,8891.0,747.0,1.0,1.0,0,1.0,1.0,-0.29205677,-0.956401,-0.5,-0.8660254,3,0,0,1,0.0,1,8547.0,1,5847.0,1,0.0,1,7121.0,1,8483.0,1,9745.0,1,7248.0,4285.8867,5188.1157,-8547.0
484,2013-07-16,7569.0,659.0,1.0,1.0,0,1.0,2.0,-0.29205677,-0.956401,-0.5,-0.8660254,3,0,0,1,8891.0,1,0.0,1,6897.0,1,6454.0,1,7407.0,1,0.0,1,9018.0,1,8322.0,6127.932,6010.979,8891.0
484,2013-07-17,6931.0,644.0,1.0,1.0,0,1.0,3.0,-0.29205677,-0.956401,-0.5,-0.8660254,3,0,0,1,7569.0,1,8891.0,1,8547.0,1,5866.0,1,9155.0,1,9176.0,1,0.0,1,0.0,6704.3594,6357.206,-1322.0
484,2013-07-18,7098.0,676.0,1.0,1.0,0,1.0,4.0,-0.29205677,-0.956401,-0.5,-0.8660254,3,0,0,1,6931.0,1,7569.0,1,0.0,1,5680.0,1,8791.0,1,7332.0,1,6187.0,1,6938.0,6795.0156,6484.716,-638.0
484,2013-07-19,8626.0,851.0,1.0,1.0,0,1.0,5.0,-0.29205677,-0.956401,-0.5,-0.8660254,3,0,0,1,7098.0,1,6931.0,1,8891.0,1,5847.0,1,0.0,1,7121.0,1,4943.0,1,6382.0,6916.2095,6621.001,167.0
484,2013-07-20,7366.0,775.0,1.0,0.0,0,0.0,6.0,-0.29205677,-0.956401,-0.5,-0.8660254,3,0,0,1,8626.0,1,7098.0,1,7569.0,1,6897.0,1,6454.0,1,7407.0,1,5556.0,1,6685.0,7600.1255,7066.556,1528.0
484,2013-07-21,0.0,0.0,0.0,0.0,0,0.0,7.0,-0.29205677,-0.956401,-0.5,-0.8660254,3,0,0,1,7366.0,1,8626.0,1,6931.0,1,8547.0,1,5866.0,1,9155.0,1,6072.0,1,7395.0,7506.4756,7133.0996,-1260.0
484,2013-07-22,6332.0,660.0,1.0,0.0,0,1.0,1.0,-0.40312344,-0.91514564,-0.5,-0.8660254,3,0,0,1,0.0,1,7366.0,1,7098.0,1,0.0,1,5680.0,1,8791.0,1,8485.0,1,10943.0,4503.8853,5547.9663,-7366.0
484,2013-07-23,5453.0,576.0,1.0,0.0,0,1.0,2.0,-0.40312344,-0.91514564,-0.5,-0.8660254,3,0,0,1,6332.0,1,0.0,1,8626.0,1,8891.0,1,5847.0,1,0.0,1,8483.0,1,10754.0,5235.1313,5722.196,6332.0
484,2013-07-24,5612.0,568.0,1.0,0.0,0,1.0,3.0,-0.40312344,-0.91514564,-0.5,-0.8660254,3,0,0,1,5453.0,1,6332.0,1,7366.0,1,7569.0,1,6897.0,1,6454.0,1,0.0,1,0.0,5322.279,5662.3745,-879.0
484,2013-07-25,6080.0,632.0,1.0,0.0,0,1.0,4.0,-0.40312344,-0.91514564,-0.5,-0.8660254,3,0,0,1,5612.0,1,5453.0,1,0.0,1,6931.0,1,8547.0,1,5866.0,1,9176.0,1,7873.0,5438.167,5651.18,159.0
484,2013-07-26,7668.0,747.0,1.0,0.0,0,1.0,5.0,-0.40312344,-0.91514564,-0.5,-0.8660254,3,0,0,1,6080.0,1,5612.0,1,6332.0,1,7098.0,1,0.0,1,5680.0,1,7332.0,1,7571.0,5694.9004,5746.4736,468.0
484,2013-07-27,7860.0,784.0,1.0,0.0,0,0.0,6.0,-0.40312344,-0.91514564,-0.5,-0.8660254,3,0,0,1,7668.0,1,6080.0,1,5453.0,1,8626.0,1,8891.0,1,5847.0,1,7121.0,1,6898.0,6484.14,6173.4795,1588.0
484,2013-07-28,0.0,0.0,0.0,0.0,0,0.0,7.0,-0.40312344,-0.91514564,-0.5,-0.8660254,3,0,0,1,7860.0,1,7668.0,1,5612.0,1,7366.0,1,7569.0,1,6897.0,1,7407.0,1,6731.0,7034.484,6548.2617,192.0
484,2013-07-29,10097.0,855.0,1.0,1.0,0,1.0,1.0,-0.5085311,-0.86104363,-0.5,-0.8660254,3,0,0,1,0.0,1,7860.0,1,6080.0,1,0.0,1,6931.0,1,8547.0,1,9155.0,1,8756.0,4220.6904,5093.0923,-7860.0
484,2013-07-30,9643.0,796.0,1.0,1.0,0,1.0,2.0,-0.5085311,-0.86104363,-0.5,-0.8660254,3,0,0,1,10097.0,1,0.0,1,7668.0,1,6332.0,1,7098.0,1,0.0,1,8791.0,1,8709.0,6571.2144,6205.072,10097.0
484,2013-07-31,9651.0,802.0,1.0,1.0,0,1.0,3.0,-0.5085311,-0.86104363,-0.5,-0.8660254,3,0,1,1,9643.0,1,10097.0,1,7860.0,1,5453.0,1,8626.0,1,8891.0,1,0.0,1,0.0,7799.9287,6969.056,-454.0
484,2013-08-01,10910.0,885.0,1.0,1.0,0,1.0,4.0,-0.5085311,-0.86104363,-0.8660254,-0.5,3,1,0,1,9651.0,1,9643.0,1,0.0,1,5612.0,1,7366.0,1,7569.0,1,6454.0,1,5644.0,8540.357,7565.0435,8.0
484,2013-08-02,9460.0,850.0,1.0,1.0,0,1.0,5.0,-0.5085311,-0.86104363,-0.8660254,-0.5,3,0,0,1,10910.0,1,9651.0,1,10097.0,1,6080.0,1,0.0,1,6931.0,1,5866.0,1,5044.0,9488.214,8308.367,1259.0
484,2013-08-03,10899.0,940.0,1.0,0.0,0,0.0,6.0,-0.5085311,-0.86104363,-0.8660254,-0.5,3,0,0,1,9460.0,1,10910.0,1,9643.0,1,7668.0,1,6332.0,1,7098.0,1,5680.0,1,4885.0,9476.929,8564.285,-1450.0
484,2013-08-04,0.0,0.0,0.0,0.0,0,0.0,7.0,-0.5085311,-0.86104363,-0.8660254,-0.5,3,0,0,1,10899.0,1,9460.0,1,9651.0,1,7860.0,1,5453.0,1,8626.0,1,5847.0,1,6151.0,10045.757,9083.111,1439.0
484,2013-08-05,10052.0,1007.0,1.0,0.0,0,0.0,1.0,-0.60680014,-0.79485446,-0.8660254,-0.5,3,0,0,1,0.0,1,10899.0,1,10910.0,1,0.0,1,5612.0,1,7366.0,1,6897.0,1,8207.0,6027.454,7064.642,-10899.0
484,2013-08-06,7860.0,814.0,1.0,0.0,0,0.0,2.0,-0.60680014,-0.79485446,-0.8660254,-0.5,3,0,0,1,10052.0,1,0.0,1,9460.0,1,10097.0,1,6080.0,1,0.0,1,8547.0,1,8295.0,7637.2725,7728.499,10052.0
484,2013-08-07,7381.0,805.0,1.0,0.0,0,0.0,3.0,-0.60680014,-0.79485446,-0.8660254,-0.5,3,0,0,1,7860.0,1,10052.0,1,10899.0,1,9643.0,1,7668.0,1,6332.0,1,0.0,1,0.0,7726.364,7757.7217,-2192.0
484,2013-08-08,7085.0,788.0,1.0,0.0,0,0.0,4.0,-0.60680014,-0.79485446,-0.8660254,-0.5,3,0,0,1,7381.0,1,7860.0,1,0.0,1,9651.0,1,7860.0,1,5453.0,1,8891.0,1,8592.0,7588.2183,7674.006,-479.0
484,2013-08-09,7866.0,900.0,1.0,0.0,0,0.0,5.0,-0.60680014,-0.79485446,-0.8660254,-0.5,3,0,0,1,7085.0,1,7381.0,1,10052.0,1,10910.0,1,0.0,1,5612.0,1,7569.0,1,6688.0,7386.9307,7543.1157,-296.0
484,2013-08-10,11115.0,1011.0,1.0,0.0,0,0.0,6.0,-0.60680014,-0.79485446,-0.8660254,-0.5,3,0,0,1,7866.0,1,7085.0,1,7860.0,1,9460.0,1,10097.0,1,6080.0,1,6931.0,1,6182.0,7578.5586,7614.8677,781.0
484,2013-08-11,0.0,0.0,0.0,0.0,0,0.0,7.0,-0.60680014,-0.79485446,-0.8660254,-0.5,3,0,0,1,11115.0,1,7866.0,1,7381.0,1,10899.0,1,9643.0,1,7668.0,1,7098.0,1,7228.0,8993.135,8392.675,3249.0
484,2013-08-12,9388.0,876.0,1.0,1.0,0,0.0,1.0,-0.696551,-0.71750724,-0.8660254,-0.5,3,0,0,1,0.0,1,11115.0,1,7085.0,1,0.0,1,9651.0,1,7860.0,1,8626.0,1,9745.0,5395.881,6527.636,-11115.0
484,2013-08-13,7325.0,768.0,1.0,1.0,0,0.0,2.0,-0.696551,-0.71750724,-0.8660254,-0.5,3,0,0,1,9388.0,1,0.0,1,7866.0,1,10052.0,1,10910.0,1,0.0,1,7366.0,1,9018.0,6992.7285,7163.2725,9388.0
484,2013-08-14,7174.0,714.0,1.0,1.0,0,0.0,3.0,-0.696551,-0.71750724,-0.8660254,-0.5,3,0,0,1,7325.0,1,9388.0,1,11115.0,1,7860.0,1,9460.0,1,10097.0,1,0.0,1,0.0,7125.637,7199.212,-2063.0
484,2013-08-15,7817.0,731.0,1.0,1.0,0,0.0,4.0,-0.696551,-0.71750724,-0.8660254,-0.5,3,0,0,1,7174.0,1,7325.0,1,0.0,1,7381.0,1,10899.0,1,9643.0,1,6332.0,1,6187.0,7144.9824,7193.6094,-151.0
484,2013-08-16,8409.0,867.0,1.0,1.0,0,0.0,5.0,-0.696551,-0.71750724,-0.8660254,-0.5,3,0,0,1,7817.0,1,7174.0,1,9388.0,1,7085.0,1,0.0,1,9651.0,1,5453.0,1,4943.0,7413.7896,7332.1406,643.0
484,2013-08-17,8816.0,863.0,1.0,0.0,0,0.0,6.0,-0.696551,-0.71750724,-0.8660254,-0.5,3,0,0,1,8409.0,1,7817.0,1,7325.0,1,7866.0,1,10052.0,1,10910.0,1,5612.0,1,5556.0,7811.8735,7571.443,592.0
484,2013-08-18,0.0,0.0,0.0,0.0,0,0.0,7.0,-0.696551,-0.71750724,-0.8660254,-0.5,3,0,0,1,8816.0,1,8409.0,1,7174.0,1,11115.0,1,7860.0,1,9460.0,1,6080.0,1,6072.0,8213.524,7848.0107,407.0
484,2013-08-19,5749.0,653.0,1.0,0.0,0,0.0,1.0,-0.7765239,-0.63008785,-0.8660254,-0.5,3,0,0,1,0.0,1,8816.0,1,7817.0,1,0.0,1,7381.0,1,10899.0,1,7668.0,1,8485.0,4928.1147,6104.0083,-8816.0
484,2013-08-20,5329.0,590.0,1.0,0.0,0,0.0,2.0,-0.7765239,-0.63008785,-0.8660254,-0.5,3,0,0,1,5749.0,1,0.0,1,8409.0,1,9388.0,1,7085.0,1,0.0,1,7860.0,1,8483.0,5256.4688,6025.1177,5749.0
484,2013-08-21,5073.0,650.0,1.0,0.0,0,0.0,3.0,-0.7765239,-0.63008785,-0.8660254,-0.5,3,0,0,1,5329.0,1,5749.0,1,8816.0,1,7325.0,1,7866.0,1,10052.0,1,0.0,1,0.0,5285.4814,5870.425,-420.0
484,2013-08-22,5424.0,610.0,1.0,0.0,0,0.0,4.0,-0.7765239,-0.63008785,-0.8660254,-0.5,3,0,0,1,5073.0,1,5329.0,1,0.0,1,7174.0,1,11115.0,1,7860.0,1,10097.0,1,9176.0,5200.489,5693.219,-256.0
484,2013-08-23,6714.0,742.0,1.0,0.0,0,0.0,5.0,-0.7765239,-0.63008785,-0.8660254,-0.5,3,0,0,1,5424.0,1,5073.0,1,5749.0,1,7817.0,1,0.0,1,7381.0,1,9643.0,1,7332.0,5289.893,5633.393,351.0
484,2013-08-24,10218.0,839.0,1.0,0.0,0,0.0,6.0,-0.7765239,-0.63008785,-0.8660254,-0.5,3,0,0,1,6714.0,1,5424.0,1,5329.0,1,8409.0,1,9388.0,1,7085.0,1,9651.0,1,7121.0,5859.536,5873.528,1290.0
484,2013-08-25,0.0,0.0,0.0,0.0,0,0.0,7.0,-0.7765239,-0.63008785,-0.8660254,-0.5,3,0,0,1,10218.0,1,6714.0,1,5073.0,1,8816.0,1,7325.0,1,7866.0,1,10910.0,1,7407.0,7602.9214,6838.966,3504.0
484,2013-08-26,8297.0,732.0,1.0,1.0,0,0.0,1.0,-0.845596,-0.5338234,-0.8660254,-0.5,3,0,0,1,0.0,1,10218.0,1,5424.0,1,0.0,1,7174.0,1,11115.0,1,9460.0,1,9155.0,4561.753,5319.196,-10218.0
484,2013-08-27,6267.0,636.0,1.0,1.0,0,0.0,2.0,-0.845596,-0.5338234,-0.8660254,-0.5,3,0,0,1,8297.0,1,0.0,1,6714.0,1,5749.0,1,7817.0,1,0.0,1,10899.0,1,8791.0,6055.8516,5980.93,8297.0
484,2013-08-28,6269.0,582.0,1.0,1.0,0,0.0,3.0,-0.845596,-0.5338234,-0.8660254,-0.5,3,0,0,1,6267.0,1,8297.0,1,10218.0,1,5329.0,1,8409.0,1,9388.0,1,0.0,1,0.0,6140.311,6044.501,-2030.0
484,2013-08-29,8005.0,721.0,1.0,1.0,0,0.0,4.0,-0.845596,-0.5338234,-0.8660254,-0.5,3,0,0,1,6269.0,1,6267.0,1,0.0,1,5073.0,1,8816.0,1,7325.0,1,10052.0,1,6454.0,6191.7866,6094.3896,2.0
484,2013-08-30,10285.0,945.0,1.0,1.0,0,0.0,5.0,-0.845596,-0.5338234,-0.8660254,-0.5,3,0,0,1,8005.0,1,6269.0,1,8297.0,1,5424.0,1,0.0,1,7174.0,1,7860.0,1,5866.0,6917.072,6518.9697,1736.0
484,2013-08-31,9688.0,919.0,1.0,0.0,0,0.0,6.0,-0.845596,-0.5338234,-0.8660254,-0.5,3,0,1,1,10285.0,1,8005.0,1,6267.0,1,6714.0,1,5749.0,1,7817.0,1,7381.0,1,5680.0,8264.243,7355.865,2280.0
484,2013-09-01,0.0,0.0,0.0,0.0,0,0.0,7.0,-0.845596,-0.5338234,-1.0,-1.8369701e-16,3,1,0,1,9688.0,1,10285.0,1,6269.0,1,10218.0,1,5329.0,1,8409.0,1,7085.0,1,5847.0,8833.746,7874.1177,-597.0
484,2013-09-02,5791.0,627.0,1.0,0.0,0,0.0,1.0,-0.9027978,-0.4300652,-1.0,-1.8369701e-16,3,0,0,1,0.0,1,9688.0,1,8005.0,1,0.0,1,5073.0,1,8816.0,1,7866.0,1,6897.0,5300.2476,6124.3135,-9688.0
484,2013-09-03,5108.0,576.0,1.0,0.0,0,0.0,2.0,-0.9027978,-0.4300652,-1.0,-1.8369701e-16,3,0,0,1,5791.0,1,0.0,1,10285.0,1,8297.0,1,5424.0,1,0.0,1,11115.0,1,8547.0,5496.5483,6050.244,5791.0
484,2013-09-04,7685.0,599.0,1.0,0.0,0,0.0,3.0,-0.9027978,-0.4300652,-1.0,-1.8369701e-16,3,0,0,1,5108.0,1,5791.0,1,9688.0,1,6267.0,1,6714.0,1,5749.0,1,0.0,1,0.0,5341.129,5840.8564,-683.0
484,2013-09-05,5798.0,634.0,1.0,0.0,0,0.0,4.0,-0.9027978,-0.4300652,-1.0,-1.8369701e-16,3,0,0,1,7685.0,1,5108.0,1,0.0,1,6269.0,1,10218.0,1,5329.0,1,9388.0,1,8891.0,6278.6772,6250.666,2577.0
484,2013-09-06,6717.0,736.0,1.0,0.0,0,0.0,5.0,-0.9027978,-0.4300652,-1.0,-1.8369701e-16,3,0,0,1,5798.0,1,7685.0,1,5791.0,1,8005.0,1,0.0,1,5073.0,1,7325.0,1,7569.0,6086.4062,6150.0737,-1887.0
484,2013-09-07,8189.0,844.0,1.0,0.0,0,0.0,6.0,-0.9027978,-0.4300652,-1.0,-1.8369701e-16,3,0,0,1,6717.0,1,5798.0,1,5108.0,1,10285.0,1,8297.0,1,5424.0,1,7174.0,1,6931.0,6338.644,6276.057,919.0
484,2013-09-08,0.0,0.0,0.0,0.0,0,0.0,7.0,-0.9027978,-0.4300652,-1.0,-1.8369701e-16,3,0,0,1,8189.0,1,6717.0,1,7685.0,1,9688.0,1,6267.0,1,6714.0,1,7817.0,1,7098.0,7078.786,6701.156,1472.0
484,2013-09-09,10945.0,783.0,1.0,1.0,0,0.0,1.0,-0.94732636,-0.32026985,-1.0,-1.8369701e-16,3,0,0,1,0.0,1,8189.0,1,5798.0,1,0.0,1,6269.0,1,10218.0,1,8409.0,1,8626.0,4247.272,5212.01,-8189.0
484,2013-09-10,6948.0,648.0,1.0,1.0,0,0.0,2.0,-0.94732636,-0.32026985,-1.0,-1.8369701e-16,3,0,0,1,10945.0,1,0.0,1,6717.0,1,5791.0,1,8005.0,1,0.0,1,8816.0,1,7366.0,6926.3633,6486.008,10945.0
484,2013-09-11,6725.0,608.0,1.0,1.0,0,0.0,3.0,-0.94732636,-0.32026985,-1.0,-1.8369701e-16,3,0,0,1,6948.0,1,10945.0,1,8189.0,1,5108.0,1,10285.0,1,8297.0,1,0.0,1,0.0,6935.018,6588.673,-3997.0
484,2013-09-12,6624.0,666.0,1.0,1.0,0,0.0,4.0,-0.94732636,-0.32026985,-1.0,-1.8369701e-16,3,0,0,1,6725.0,1,6948.0,1,0.0,1,7685.0,1,9688.0,1,6267.0,1,5749.0,1,6332.0,6851.0107,6618.968,-223.0
484,2013-09-13,8117.0,786.0,1.0,1.0,0,0.0,5.0,-0.94732636,-0.32026985,-1.0,-1.8369701e-16,3,0,0,1,6624.0,1,6725.0,1,10945.0,1,5798.0,1,0.0,1,6269.0,1,5329.0,1,5453.0,6760.2065,6620.086,-101.0
484,2013-09-14,9894.0,863.0,1.0,0.0,0,0.0,6.0,-0.94732636,-0.32026985,-1.0,-1.8369701e-16,3,0,0,1,8117.0,1,6624.0,1,6948.0,1,6717.0,1,5791.0,1,8005.0,1,5073.0,1,5612.0,7302.924,6952.7334,1493.0
484,2013-09-15,0.0,0.0,0.0,0.0,0,0.0,7.0,-0.94732636,-0.32026985,-1.0,-1.8369701e-16,3,0,0,1,9894.0,1,8117.0,1,6725.0,1,8189.0,1,5108.0,1,10285.0,1,5424.0,1,6080.0,8339.3545,7606.348,1777.0
484,2013-09-16,4487.0,552.0,1.0,0.0,0,0.0,1.0,-0.9785565,-0.20597862,-1.0,-1.8369701e-16,3,0,0,1,0.0,1,9894.0,1,6624.0,1,0.0,1,7685.0,1,9688.0,1,6714.0,1,7668.0,5003.613,5916.049,-9894.0
484,2013-09-17,5282.0,615.0,1.0,0.0,0,0.0,2.0,-0.9785565,-0.20597862,-1.0,-1.8369701e-16,3,0,0,1,4487.0,1,0.0,1,8117.0,1,10945.0,1,5798.0,1,0.0,1,10218.0,1,7860.0,4796.968,5598.4824,4487.0
484,2013-09-18,6364.0,553.0,1.0,0.0,0,0.0,3.0,-0.9785565,-0.20597862,-1.0,-1.8369701e-16,3,0,0,1,5282.0,1,4487.0,1,9894.0,1,6948.0,1,6717.0,1,5791.0,1,0.0,1,0.0,4990.9805,5528.153,795.0
484,2013-09-19,5275.0,546.0,1.0,0.0,0,0.0,4.0,-0.9785565,-0.20597862,-1.0,-1.8369701e-16,3,0,0,1,6364.0,1,5282.0,1,0.0,1,6725.0,1,8189.0,1,5108.0,1,8297.0,1,10097.0,5540.1885,5713.8965,1082.0
484,2013-09-20,7053.0,752.0,1.0,0.0,0,0.0,5.0,-0.9785565,-0.20597862,-1.0,-1.8369701e-16,3,0,0,1,5275.0,1,6364.0,1,4487.0,1,6624.0,1,0.0,1,7685.0,1,6267.0,1,9643.0,5434.113,5616.3643,-1089.0
484,2013-09-21,9374.0,859.0,1.0,0.0,0,0.0,6.0,-0.9785565,-0.20597862,-1.0,-1.8369701e-16,3,0,0,1,7053.0,1,5275.0,1,5282.0,1,8117.0,1,10945.0,1,5798.0,1,6269.0,1,9651.0,6081.668,5935.6167,1778.0
484,2013-09-22,0.0,0.0,0.0,0.0,0,0.0,7.0,-0.9785565,-0.20597862,-1.0,-1.8369701e-16,3,0,0,1,9374.0,1,7053.0,1,6364.0,1,9894.0,1,6948.0,1,6717.0,1,8005.0,1,10910.0,7398.6006,6699.7017,2321.0
484,2013-09-23,6985.0,646.0,1.0,1.0,0,0.0,1.0,-0.9960498,-0.08879589,-1.0,-1.8369701e-16,3,0,0,1,0.0,1,9374.0,1,5275.0,1,0.0,1,6725.0,1,8189.0,1,10285.0,1,9460.0,4439.1606,5210.879,-9374.0
484,2013-09-24,6197.0,596.0,1.0,1.0,0,0.0,2.0,-0.9960498,-0.08879589,-1.0,-1.8369701e-16,3,0,0,1,6985.0,1,0.0,1,7053.0,1,4487.0,1,6624.0,1,0.0,1,9688.0,1,10899.0,5457.496,5605.1284,6985.0
484,2013-09-25,7433.0,617.0,1.0,1.0,0,0.0,3.0,-0.9960498,-0.08879589,-1.0,-1.8369701e-16,3,0,0,1,6197.0,1,6985.0,1,9374.0,1,5282.0,1,8117.0,1,10945.0,1,0.0,1,0.0,5753.298,5736.6553,-788.0
484,2013-09-26,6822.0,657.0,1.0,1.0,0,0.0,4.0,-0.9960498,-0.08879589,-1.0,-1.8369701e-16,3,0,0,1,7433.0,1,6197.0,1,0.0,1,6364.0,1,9894.0,1,6948.0,1,5791.0,1,10052.0,6425.1787,6113.6206,1236.0
484,2013-09-27,10413.0,844.0,1.0,1.0,0,0.0,5.0,-0.9960498,-0.08879589,-1.0,-1.8369701e-16,3,0,0,1,6822.0,1,7433.0,1,6985.0,1,5275.0,1,0.0,1,6725.0,1,5108.0,1,7860.0,6583.907,6271.0386,-611.0
484,2013-09-28,8100.0,790.0,1.0,0.0,0,0.0,6.0,-0.9960498,-0.08879589,-1.0,-1.8369701e-16,3,0,0,1,10413.0,1,6822.0,1,6197.0,1,7053.0,1,4487.0,1,6624.0,1,7685.0,1,7381.0,8115.5444,7191.474,3591.0
484,2013-09-29,0.0,0.0,0.0,0.0,0,0.0,7.0,-0.9960498,-0.08879589,-1.0,-1.8369701e-16,3,0,0,1,8100.0,1,10413.0,1,7433.0,1,9374.0,1,5282.0,1,8117.0,1,5798.0,1,7085.0,8109.3267,7393.3687,-2313.0
484,2013-09-30,5834.0,632.0,1.0,0.0,0,0.0,1.0,-0.99956083,0.029633328,-1.0,-1.8369701e-16,3,0,1,1,0.0,1,8100.0,1,6822.0,1,0.0,1,6364.0,1,9894.0,1,6717.0,1,7866.0,4865.596,5750.398,-8100.0
484,2013-10-01,5330.0,591.0,1.0,0.0,0,0.0,2.0,-0.99956083,0.029633328,-0.8660254,0.5,4,1,0,1,5834.0,1,0.0,1,10413.0,1,6985.0,1,5275.0,1,0.0,1,8189.0,1,11115.0,5252.9575,5768.976,5834.0
484,2013-10-02,7359.0,806.0,1.0,0.0,0,0.0,3.0,-0.99956083,0.029633328,-0.8660254,0.5,4,0,0,1,5330.0,1,5834.0,1,8100.0,1,6197.0,1,7053.0,1,4487.0,1,0.0,1,0.0,5283.7744,5671.426,-504.0
484,2013-10-03,0.0,0.0,0.0,0.0,1,0.0,4.0,-0.99956083,0.029633328,-0.8660254,0.5,4,0,0,1,7359.0,1,5330.0,1,0.0,1,7433.0,1,9374.0,1,5282.0,1,10945.0,1,9388.0,6113.8647,6046.4424,2029.0
484,2013-10-04,9425.0,993.0,1.0,0.0,0,1.0,5.0,-0.99956083,0.029633328,-0.8660254,0.5,4,0,0,1,0.0,1,7359.0,1,5834.0,1,6822.0,1,0.0,1,6364.0,1,6948.0,1,7325.0,3668.3188,4702.7886,-7359.0
484,2013-10-05,9335.0,782.0,1.0,0.0,0,0.0,6.0,-0.99956083,0.029633328,-0.8660254,0.5,4,0,0,1,9425.0,1,0.0,1,5330.0,1,10413.0,1,6985.0,1,5275.0,1,6725.0,1,7174.0,5970.991,5752.169,9425.0
484,2013-10-06,0.0,0.0,0.0,0.0,0,0.0,7.0,-0.99956083,0.029633328,-0.8660254,0.5,4,0,0,1,9335.0,1,9425.0,1,7359.0,1,8100.0,1,6197.0,1,7053.0,1,6624.0,1,7817.0,7316.5947,6548.3535,-90.0
484,2013-10-07,8382.0,768.0,1.0,1.0,0,1.0,1.0,-0.9890402,0.14764656,-0.8660254,0.5,4,0,0,1,0.0,1,9335.0,1,0.0,1,0.0,1,7433.0,1,9374.0,1,8117.0,1,8409.0,4389.957,5093.164,-9335.0
484,2013-10-08,6741.0,607.0,1.0,1.0,0,1.0,2.0,-0.9890402,0.14764656,-0.8660254,0.5,4,0,0,1,8382.0,1,0.0,1,9425.0,1,5834.0,1,6822.0,1,0.0,1,9894.0,1,8816.0,5986.774,5824.016,8382.0
484,2013-10-09,6156.0,598.0,1.0,1.0,0,1.0,3.0,-0.9890402,0.14764656,-0.8660254,0.5,4,0,0,1,6741.0,1,8382.0,1,9335.0,1,5330.0,1,10413.0,1,6985.0,1,0.0,1,0.0,6288.4644,6027.7905,-1641.0
484,2013-10-10,8677.0,629.0,1.0,1.0,0,1.0,4.0,-0.9890402,0.14764656,-0.8660254,0.5,4,0,0,1,6156.0,1,6741.0,1,0.0,1,7359.0,1,8100.0,1,6197.0,1,4487.0,1,5749.0,6235.4785,6056.2817,-585.0
484,2013-10-11,8110.0,812.0,1.0,1.0,0,1.0,5.0,-0.9890402,0.14764656,-0.8660254,0.5,4,0,0,1,8677.0,1,6156.0,1,8382.0,1,0.0,1,0.0,1,7433.0,1,5282.0,1,5329.0,7212.0874,6638.6636,2521.0
484,2013-10-12,7724.0,821.0,1.0,0.0,0,0.0,6.0,-0.9890402,0.14764656,-0.8660254,0.5,4,0,0,1,8110.0,1,8677.0,1,6741.0,1,9425.0,1,5834.0,1,6822.0,1,6364.0,1,5073.0,7571.2524,6965.627,-567.0
484,2013-10-13,0.0,0.0,0.0,0.0,0,0.0,7.0,-0.9890402,0.14764656,-0.8660254,0.5,4,0,0,1,7724.0,1,8110.0,1,6156.0,1,9335.0,1,5330.0,1,10413.0,1,5275.0,1,5424.0,7632.3516,7134.1543,-386.0
484,2013-10-14,5580.0,569.0,1.0,0.0,0,1.0,1.0,-0.9646356,0.26358718,-0.8660254,0.5,4,0,0,1,0.0,1,7724.0,1,8677.0,1,0.0,1,7359.0,1,8100.0,1,7053.0,1,6714.0,4579.4106,5548.7866,-7724.0
484,2013-10-15,5367.0,554.0,1.0,0.0,0,1.0,2.0,-0.9646356,0.26358718,-0.8660254,0.5,4,0,0,1,5580.0,1,0.0,1,8110.0,1,8382.0,1,0.0,1,0.0,1,9374.0,1,10218.0,4979.6465,5555.723,5580.0
484,2013-10-16,6063.0,516.0,1.0,0.0,0,1.0,3.0,-0.9646356,0.26358718,-0.8660254,0.5,4,0,0,1,5367.0,1,5580.0,1,7724.0,1,6741.0,1,9425.0,1,5834.0,1,0.0,1,0.0,5134.588,5513.7847,-213.0
484,2013-10-17,5489.0,565.0,1.0,0.0,0,1.0,4.0,-0.9646356,0.26358718,-0.8660254,0.5,4,0,0,1,6063.0,1,5367.0,1,0.0,1,6156.0,1,9335.0,1,5330.0,1,6985.0,1,8297.0,5505.9526,5635.8325,696.0
484,2013-10-18,7230.0,753.0,1.0,0.0,0,1.0,5.0,-0.9646356,0.26358718,-0.8660254,0.5,4,0,0,1,5489.0,1,6063.0,1,5580.0,1,8677.0,1,0.0,1,7359.0,1,6197.0,1,6267.0,5499.172,5603.203,-574.0
484,2013-10-19,8886.0,909.0,1.0,0.0,0,0.0,6.0,-0.9646356,0.26358718,-0.8660254,0.5,4,0,0,1,7230.0,1,5489.0,1,5367.0,1,8110.0,1,8382.0,1,0.0,1,7433.0,1,6269.0,6191.503,5964.7134,1741.0
484,2013-10-20,0.0,0.0,0.0,0.0,0,0.0,7.0,-0.9646356,0.26358718,-0.8660254,0.5,4,0,0,1,8886.0,1,7230.0,1,6063.0,1,7724.0,1,6741.0,1,9425.0,1,6822.0,1,8005.0,7269.302,6613.888,1656.0
484,2013-10-21,7575.0,693.0,1.0,1.0,0,0.0,1.0,-0.9266896,0.37582758,-0.8660254,0.5,4,0,0,1,0.0,1,8886.0,1,5489.0,1,0.0,1,6156.0,1,9335.0,1,10413.0,1,10285.0,4361.581,5144.1353,-8886.0
484,2013-10-22,5854.0,584.0,1.0,1.0,0,0.0,2.0,-0.9266896,0.37582758,-0.8660254,0.5,4,0,0,1,7575.0,1,0.0,1,7230.0,1,5580.0,1,8677.0,1,0.0,1,8100.0,1,9688.0,5646.9487,5684.3276,7575.0
484,2013-10-23,7026.0,622.0,1.0,1.0,0,0.0,3.0,-0.9266896,0.37582758,-0.8660254,0.5,4,0,0,1,5854.0,1,7575.0,1,8886.0,1,5367.0,1,8110.0,1,8382.0,1,0.0,1,0.0,5729.769,5722.032,-1721.0
484,2013-10-24,6347.0,631.0,1.0,1.0,0,0.0,4.0,-0.9266896,0.37582758,-0.8660254,0.5,4,0,0,1,7026.0,1,5854.0,1,0.0,1,6063.0,1,7724.0,1,6741.0,1,5834.0,1,5791.0,6248.2617,6011.803,1172.0
484,2013-10-25,8255.0,825.0,1.0,1.0,0,0.0,5.0,-0.9266896,0.37582758,-0.8660254,0.5,4,0,0,1,6347.0,1,7026.0,1,7575.0,1,5489.0,1,0.0,1,6156.0,1,5330.0,1,5108.0,6287.757,6086.291,-679.0
484,2013-10-26,9862.0,879.0,1.0,0.0,0,0.0,6.0,-0.9266896,0.37582758,-0.8660254,0.5,4,0,0,1,8255.0,1,6347.0,1,5854.0,1,7230.0,1,5580.0,1,8677.0,1,7359.0,1,7685.0,7074.6543,6568.2266,1908.0
484,2013-10-27,0.0,0.0,0.0,0.0,0,0.0,7.0,-0.9266896,0.37582758,-0.8660254,0.5,4,0,0,1,9862.0,1,8255.0,1,7026.0,1,8886.0,1,5367.0,1,8110.0,1,0.0,1,5798.0,8189.5923,7300.1763,1607.0
484,2013-10-28,4720.0,547.0,1.0,0.0,0,0.0,1.0,-0.8757349,0.4827922,-0.8660254,0.5,4,0,0,1,0.0,1,9862.0,1,6347.0,1,0.0,1,6063.0,1,7724.0,1,9425.0,1,6717.0,4913.7554,5677.915,-9862.0
484,2013-10-29,4954.0,544.0,1.0,0.0,0,0.0,2.0,-0.8757349,0.4827922,-0.8660254,0.5,4,0,0,1,4720.0,1,0.0,1,8255.0,1,7575.0,1,5489.0,1,0.0,1,9335.0,1,8189.0,4836.2534,5465.045,4720.0
484,2013-10-30,6471.0,604.0,1.0,0.0,0,0.0,3.0,-0.8757349,0.4827922,-0.8660254,0.5,4,0,0,1,4954.0,1,4720.0,1,9862.0,1,5854.0,1,7230.0,1,5580.0,1,0.0,1,0.0,4883.352,5351.4795,234.0
484,2013-10-31,6304.0,673.0,1.0,0.0,0,0.0,4.0,-0.8757349,0.4827922,-0.8660254,0.5,4,0,1,1,6471.0,1,4954.0,1,0.0,1,7026.0,1,8886.0,1,5367.0,1,8382.0,1,10945.0,5518.411,5600.2617,1517.0
484,2013-11-01,7894.0,803.0,1.0,0.0,0,0.0,5.0,-0.8757349,0.4827922,-0.5,0.8660254,4,1,0,1,6304.0,1,6471.0,1,4720.0,1,6347.0,1,0.0,1,6063.0,1,6741.0,1,6948.0,5832.6465,5756.648,-167.0
484,2013-11-02,10756.0,966.0,1.0,0.0,0,0.0,6.0,-0.8757349,0.4827922,-0.5,0.8660254,4,0,0,1,7894.0,1,6304.0,1,4954.0,1,8255.0,1,7575.0,1,5489.0,1,6156.0,1,6725.0,6657.188,6231.615,1590.0
484,2013-11-03,0.0,0.0,0.0,0.0,0,0.0,7.0,-0.8757349,0.4827922,-0.5,0.8660254,4,0,0,1,10756.0,1,7894.0,1,6471.0,1,9862.0,1,5854.0,1,7230.0,1,8677.0,1,6624.0,8296.713,7237.034,2862.0
484,2013-11-04,7805.0,684.0,1.0,1.0,0,0.0,1.0,-0.8124869,0.5829795,-0.5,0.8660254,4,0,0,1,0.0,1,10756.0,1,6304.0,1,0.0,1,7026.0,1,8886.0,1,8110.0,1,8117.0,4978.028,5628.804,-10756.0
484,2013-11-05,7574.0,692.0,1.0,1.0,0,0.0,2.0,-0.8124869,0.5829795,-0.5,0.8660254,4,0,0,1,7805.0,1,0.0,1,7894.0,1,4720.0,1,6347.0,1,0.0,1,7724.0,1,9894.0,6108.8164,6112.4033,7805.0
484,2013-11-06,8568.0,690.0,1.0,1.0,0,0.0,3.0,-0.8124869,0.5829795,-0.5,0.8660254,4,0,0,1,7574.0,1,7805.0,1,10756.0,1,4954.0,1,8255.0,1,7575.0,1,0.0,1,0.0,6694.89,6437.2026,-231.0
484,2013-11-07,7087.0,662.0,1.0,1.0,0,0.0,4.0,-0.8124869,0.5829795,-0.5,0.8660254,4,0,0,1,8568.0,1,7574.0,1,0.0,1,6471.0,1,9862.0,1,5854.0,1,5580.0,1,4487.0,7444.134,6910.713,994.0
484,2013-11-08,8442.0,856.0,1.0,1.0,0,0.0,5.0,-0.8124869,0.5829795,-0.5,0.8660254,4,0,0,1,7087.0,1,8568.0,1,7805.0,1,6304.0,1,0.0,1,7026.0,1,5367.0,1,5282.0,7301.2803,6949.888,-1481.0
484,2013-11-09,12068.0,883.0,1.0,0.0,0,0.0,6.0,-0.8124869,0.5829795,-0.5,0.8660254,4,0,0,1,8442.0,1,7087.0,1,7574.0,1,7894.0,1,4720.0,1,6347.0,1,6063.0,1,6364.0,7757.5684,7281.4683,1355.0
484,2013-11-10,0.0,0.0,0.0,0.0,0,0.0,7.0,-0.8124869,0.5829795,-0.5,0.8660254,4,0,0,1,12068.0,1,8442.0,1,8568.0,1,10756.0,1,4954.0,1,8255.0,1,5489.0,1,5275.0,9481.741,8345.143,3626.0
484,2013-11-11,5703.0,585.0,1.0,0.0,0,0.0,1.0,-0.73783326,0.674983,-0.5,0.8660254,4,0,0,1,0.0,1,12068.0,1,7087.0,1,0.0,1,6471.0,1,9862.0,1,7230.0,1,7053.0,5689.0444,6490.666,-12068.0
484,2013-11-12,5798.0,586.0,1.0,0.0,0,0.0,2.0,-0.73783326,0.674983,-0.5,0.8660254,4,0,0,1,5703.0,1,0.0,1,8442.0,1,7805.0,1,6304.0,1,0.0,1,8886.0,1,9374.0,5694.627,6315.6294,5703.0
484,2013-11-13,5671.0,622.0,1.0,0.0,0,0.0,3.0,-0.73783326,0.674983,-0.5,0.8660254,4,0,0,1,5798.0,1,5703.0,1,12068.0,1,7574.0,1,7894.0,1,4720.0,1,0.0,1,0.0,5735.976,6200.6006,95.0
484,2013-11-14,5527.0,591.0,1.0,0.0,0,0.0,4.0,-0.73783326,0.674983,-0.5,0.8660254,4,0,0,1,5671.0,1,5798.0,1,0.0,1,8568.0,1,10756.0,1,4954.0,1,7575.0,1,6985.0,5709.986,6082.9116,-127.0
484,2013-11-15,7551.0,769.0,1.0,0.0,0,0.0,5.0,-0.73783326,0.674983,-0.5,0.8660254,4,0,0,1,5527.0,1,5671.0,1,5703.0,1,7087.0,1,0.0,1,6471.0,1,5854.0,1,6197.0,5636.7915,5959.3755,-144.0
484,2013-11-16,8782.0,919.0,1.0,0.0,0,0.0,6.0,-0.73783326,0.674983,-0.5,0.8660254,4,0,0,1,7551.0,1,5527.0,1,5798.0,1,8442.0,1,7805.0,1,6304.0,1,7026.0,1,7433.0,6402.4746,6313.07,2024.0
484,2013-11-17,0.0,0.0,0.0,0.0,0,0.0,7.0,-0.73783326,0.674983,-0.5,0.8660254,4,0,0,1,8782.0,1,7551.0,1,5671.0,1,12068.0,1,7574.0,1,7894.0,1,6347.0,1,6822.0,7354.2847,6861.721,1231.0
484,2013-11-18,8384.0,763.0,1.0,1.0,0,0.0,1.0,-0.65282214,0.75751126,-0.5,0.8660254,4,0,0,1,0.0,1,8782.0,1,5527.0,1,0.0,1,8568.0,1,10756.0,1,8255.0,1,10413.0,4412.571,5336.894,-8782.0
484,2013-11-19,7051.0,648.0,1.0,1.0,0,0.0,2.0,-0.65282214,0.75751126,-0.5,0.8660254,4,0,0,1,8384.0,1,0.0,1,7551.0,1,5703.0,1,7087.0,1,0.0,1,9862.0,1,8100.0,6001.1426,6014.029,8384.0
484,2013-11-20,6733.0,641.0,1.0,1.0,0,0.0,3.0,-0.65282214,0.75751126,-0.5,0.8660254,4,0,0,1,7051.0,1,8384.0,1,8782.0,1,5798.0,1,8442.0,1,7805.0,1,0.0,1,0.0,6421.0854,6244.467,-1333.0
484,2013-11-21,7314.0,685.0,1.0,1.0,0,0.0,4.0,-0.65282214,0.75751126,-0.5,0.8660254,4,0,0,1,6733.0,1,7051.0,1,0.0,1,5671.0,1,12068.0,1,7574.0,1,4720.0,1,5834.0,6545.8516,6353.03,-318.0
484,2013-11-22,9508.0,892.0,1.0,1.0,0,0.0,5.0,-0.65282214,0.75751126,-0.5,0.8660254,4,0,0,1,7314.0,1,6733.0,1,8384.0,1,5527.0,1,0.0,1,8568.0,1,4954.0,1,5330.0,6853.111,6566.5786,581.0
484,2013-11-23,9780.0,978.0,1.0,0.0,0,0.0,6.0,-0.65282214,0.75751126,-0.5,0.8660254,4,0,0,1,9508.0,1,7314.0,1,7051.0,1,7551.0,1,5703.0,1,7087.0,1,6471.0,1,7359.0,7915.0664,7220.228,2194.0
484,2013-11-24,0.0,0.0,0.0,0.0,0,0.0,7.0,-0.65282214,0.75751126,-0.5,0.8660254,4,0,0,1,9780.0,1,9508.0,1,6733.0,1,8782.0,1,5798.0,1,8442.0,1,6304.0,1,0.0,8661.04,7789.066,272.0
484,2013-11-25,8154.0,748.0,1.0,0.0,0,0.0,1.0,-0.55864674,0.82940567,-0.5,0.8660254,4,0,0,1,0.0,1,9780.0,1,7314.0,1,0.0,1,5671.0,1,12068.0,1,7894.0,1,9425.0,5196.624,6058.1626,-9780.0
484,2013-11-26,7019.0,645.0,1.0,0.0,0,0.0,2.0,-0.55864674,0.82940567,-0.5,0.8660254,4,0,0,1,8154.0,1,0.0,1,9508.0,1,8384.0,1,5527.0,1,0.0,1,10756.0,1,9335.0,6379.574,6523.9043,8154.0
484,2013-11-27,7434.0,660.0,1.0,0.0,0,0.0,3.0,-0.55864674,0.82940567,-0.5,0.8660254,4,0,0,1,7019.0,1,8154.0,1,9780.0,1,7051.0,1,7551.0,1,5703.0,1,0.0,1,0.0,6635.3447,6633.9253,-1135.0
484,2013-11-28,8345.0,749.0,1.0,0.0,0,0.0,4.0,-0.55864674,0.82940567,-0.5,0.8660254,4,0,0,1,7434.0,1,7019.0,1,0.0,1,6733.0,1,8782.0,1,5798.0,1,7805.0,1,8382.0,6954.8066,6811.7197,415.0
484,2013-11-29,10382.0,952.0,1.0,0.0,0,0.0,5.0,-0.55864674,0.82940567,-0.5,0.8660254,4,0,0,1,8345.0,1,7434.0,1,8154.0,1,7314.0,1,0.0,1,5671.0,1,7574.0,1,6741.0,7510.8843,7152.4487,911.0
484,2013-11-30,12887.0,1182.0,1.0,0.0,0,0.0,6.0,-0.55864674,0.82940567,-0.5,0.8660254,4,0,1,1,10382.0,1,8345.0,1,7019.0,1,9508.0,1,8384.0,1,5527.0,1,8568.0,1,6156.0,8659.33,7870.127,2037.0
484,2013-12-01,0.0,0.0,0.0,0.0,0,0.0,7.0,-0.55864674,0.82940567,-2.4492937e-16,1.0,4,1,0,1,12887.0,1,10382.0,1,7434.0,1,9780.0,1,7051.0,1,7551.0,1,7087.0,1,8677.0,10350.398,8984.987,2505.0
484,2013-12-02,10634.0,900.0,1.0,1.0,0,0.0,1.0,-0.45662925,0.8896571,-2.4492937e-16,1.0,4,0,0,1,0.0,1,12887.0,1,8345.0,1,0.0,1,6733.0,1,8782.0,1,8442.0,1,8110.0,6210.239,6988.3237,-12887.0
484,2013-12-03,9616.0,791.0,1.0,1.0,0,0.0,2.0,-0.45662925,0.8896571,-2.4492937e-16,1.0,4,0,0,1,10634.0,1,0.0,1,10382.0,1,8154.0,1,7314.0,1,0.0,1,12068.0,1,7724.0,7979.743,7798.474,10634.0
484,2013-12-04,9299.0,793.0,1.0,1.0,0,0.0,3.0,-0.45662925,0.8896571,-2.4492937e-16,1.0,4,0,0,1,9616.0,1,10634.0,1,12887.0,1,7019.0,1,9508.0,1,8384.0,1,0.0,1,0.0,8634.246,8202.368,-1018.0
484,2013-12-05,11565.0,1001.0,1.0,1.0,0,0.0,4.0,-0.45662925,0.8896571,-2.4492937e-16,1.0,4,0,0,1,9299.0,1,9616.0,1,0.0,1,7434.0,1,9780.0,1,7051.0,1,5703.0,1,5580.0,8900.147,8446.064,-317.0
484,2013-12-06,8155.0,768.0,1.0,1.0,0,0.0,5.0,-0.45662925,0.8896571,-2.4492937e-16,1.0,4,0,0,1,11565.0,1,9299.0,1,10634.0,1,8345.0,1,0.0,1,6733.0,1,5798.0,1,5367.0,9966.089,9139.161,2266.0
484,2013-12-07,9111.0,918.0,1.0,0.0,0,0.0,6.0,-0.45662925,0.8896571,-2.4492937e-16,1.0,4,0,0,1,8155.0,1,11565.0,1,9616.0,1,10382.0,1,8154.0,1,7314.0,1,5671.0,1,6063.0,9241.653,8920.459,-3410.0
484,2013-12-08,0.0,0.0,0.0,0.0,0,0.0,7.0,-0.45662925,0.8896571,-2.4492937e-16,1.0,4,0,0,1,9111.0,1,8155.0,1,9299.0,1,12887.0,1,7019.0,1,9508.0,1,5527.0,1,5489.0,9189.392,8962.801,956.0
484,2013-12-09,6951.0,707.0,1.0,0.0,0,0.0,1.0,-0.34820163,0.93741965,-2.4492937e-16,1.0,4,0,0,1,0.0,1,9111.0,1,11565.0,1,0.0,1,7434.0,1,9780.0,1,7551.0,1,7230.0,5513.6353,6971.068,-9111.0
484,2013-12-10,6419.0,653.0,1.0,0.0,0,0.0,2.0,-0.34820163,0.93741965,-2.4492937e-16,1.0,4,0,0,1,6951.0,1,0.0,1,8155.0,1,10634.0,1,8345.0,1,0.0,1,8782.0,1,8886.0,6088.581,6966.6084,6951.0
484,2013-12-11,7047.0,692.0,1.0,0.0,0,0.0,3.0,-0.34820163,0.93741965,-2.4492937e-16,1.0,4,0,0,1,6419.0,1,6951.0,1,9111.0,1,9616.0,1,10382.0,1,8154.0,1,0.0,1,0.0,6220.7485,6844.9175,-532.0
484,2013-12-12,7274.0,702.0,1.0,0.0,0,0.0,4.0,-0.34820163,0.93741965,-2.4492937e-16,1.0,4,0,0,1,7047.0,1,6419.0,1,0.0,1,9299.0,1,12887.0,1,7019.0,1,8384.0,1,7575.0,6551.249,6889.8247,628.0
484,2013-12-13,10070.0,896.0,1.0,0.0,0,0.0,5.0,-0.34820163,0.93741965,-2.4492937e-16,1.0,4,0,0,1,7274.0,1,7047.0,1,6951.0,1,11565.0,1,0.0,1,7434.0,1,7051.0,1,5854.0,6840.3496,6975.197,227.0
484,2013-12-14,10795.0,973.0,1.0,0.0,0,0.0,6.0,-0.34820163,0.93741965,-2.4492937e-16,1.0,4,0,0,1,10070.0,1,7274.0,1,6419.0,1,8155.0,1,10634.0,1,8345.0,1,6733.0,1,7026.0,8132.2095,7662.931,2796.0
484,2013-12-15,0.0,0.0,0.0,0.0,0,0.0,7.0,-0.34820163,0.93741965,-2.4492937e-16,1.0,4,0,0,1,10795.0,1,10070.0,1,7047.0,1,9111.0,1,9616.0,1,10382.0,1,7314.0,1,6347.0,9197.326,8358.946,725.0
484,2013-12-16,12543.0,992.0,1.0,1.0,0,0.0,1.0,-0.23488605,0.9720229,-2.4492937e-16,1.0,4,0,0,1,0.0,1,10795.0,1,7274.0,1,0.0,1,9299.0,1,12887.0,1,9508.0,1,8255.0,5518.3955,6501.403,-10795.0
484,2013-12-17,10561.0,847.0,1.0,1.0,0,0.0,2.0,-0.23488605,0.9720229,-2.4492937e-16,1.0,4,0,0,1,12543.0,1,0.0,1,10070.0,1,6951.0,1,11565.0,1,0.0,1,9780.0,1,9862.0,8328.237,7843.98,12543.0
484,2013-12-18,11548.0,927.0,1.0,1.0,0,0.0,3.0,-0.23488605,0.9720229,-2.4492937e-16,1.0,4,0,0,1,10561.0,1,12543.0,1,10795.0,1,6419.0,1,8155.0,1,10634.0,1,0.0,1,0.0,9221.343,8447.762,-1982.0
484,2013-12-19,11901.0,980.0,1.0,1.0,0,0.0,4.0,-0.23488605,0.9720229,-2.4492937e-16,1.0,4,0,0,1,11548.0,1,10561.0,1,0.0,1,7047.0,1,9111.0,1,9616.0,1,8154.0,1,4720.0,10152.006,9136.704,987.0
484,2013-12-20,15504.0,1236.0,1.0,1.0,0,0.0,5.0,-0.23488605,0.9720229,-2.4492937e-16,1.0,4,0,0,1,11901.0,1,11548.0,1,12543.0,1,7274.0,1,0.0,1,9299.0,1,7019.0,1,4954.0,10851.604,9750.992,353.0
484,2013-12-21,15238.0,1342.0,1.0,0.0,0,0.0,6.0,-0.23488605,0.9720229,-2.4492937e-16,1.0,4,0,0,1,15504.0,1,11901.0,1,10561.0,1,10070.0,1,6951.0,1,11565.0,1,7434.0,1,6471.0,12712.562,11029.438,3603.0
484,2013-12-22,0.0,0.0,0.0,0.0,0,0.0,7.0,-0.23488605,0.9720229,-2.4492937e-16,1.0,4,0,0,1,15238.0,1,15504.0,1,11548.0,1,10795.0,1,6419.0,1,8155.0,1,8345.0,1,6304.0,13722.737,11964.674,-266.0
484,2013-12-23,17667.0,1721.0,1.0,0.0,0,1.0,1.0,-0.11827317,0.9929811,-2.4492937e-16,1.0,4,0,0,1,0.0,1,15238.0,1,11901.0,1,0.0,1,7047.0,1,9111.0,1,10382.0,1,7894.0,8233.643,9305.857,-15238.0
484,2013-12-24,6841.0,733.0,1.0,0.0,0,1.0,2.0,-0.11827317,0.9929811,-2.4492937e-16,1.0,4,0,0,1,17667.0,1,0.0,1,15504.0,1,12543.0,1,7274.0,1,0.0,1,12887.0,1,10756.0,12006.985,11163.89,17667.0
484,2013-12-25,0.0,0.0,0.0,0.0,3,1.0,3.0,-0.11827317,0.9929811,-2.4492937e-16,1.0,4,0,0,1,6841.0,1,17667.0,1,15238.0,1,10561.0,1,10070.0,1,6951.0,1,0.0,1,0.0,9940.591,10203.247,-10826.0
484,2013-12-26,0.0,0.0,0.0,0.0,3,1.0,4.0,-0.11827317,0.9929811,-2.4492937e-16,1.0,4,0,0,1,0.0,1,6841.0,1,0.0,1,11548.0,1,10795.0,1,6419.0,1,10634.0,1,7805.0,5964.355,7935.859,-6841.0
484,2013-12-27,8036.0,869.0,1.0,0.0,0,1.0,5.0,-0.11827317,0.9929811,-2.4492937e-16,1.0,4,0,0,1,0.0,1,0.0,1,17667.0,1,11901.0,1,0.0,1,7047.0,1,9616.0,1,7574.0,3578.6128,6172.335,0.0
484,2013-12-28,9656.0,945.0,1.0,0.0,0,0.0,6.0,-0.11827317,0.9929811,-2.4492937e-16,1.0,4,0,0,1,8036.0,1,0.0,1,6841.0,1,15504.0,1,12543.0,1,7274.0,1,9299.0,1,8568.0,5361.568,6586.4824,8036.0
484,2013-12-29,0.0,0.0,0.0,0.0,0,0.0,7.0,-0.11827317,0.9929811,-2.4492937e-16,1.0,4,0,0,1,9656.0,1,8036.0,1,0.0,1,15238.0,1,10561.0,1,10070.0,1,11565.0,1,7087.0,7079.341,7268.5977,1620.0
484,2013-12-30,11291.0,1156.0,1.0,0.0,0,1.0,1.0,0.11827317,0.9929811,-2.4492937e-16,1.0,4,0,0,1,0.0,1,9656.0,1,0.0,1,0.0,1,11548.0,1,10795.0,1,8155.0,1,8442.0,4247.6045,5653.3535,-9656.0
484,2013-12-31,5198.0,569.0,1.0,0.0,0,1.0,2.0,0.11827317,0.9929811,-2.4492937e-16,1.0,4,0,1,1,11291.0,1,0.0,1,8036.0,1,17667.0,1,11901.0,1,0.0,1,9111.0,1,12068.0,7064.9624,6906.164,11291.0
484,2014-01-01,0.0,0.0,0.0,0.0,1,1.0,3.0,0.11827317,0.9929811,0.5,0.8660254,1,1,0,1,5198.0,1,11291.0,1,9656.0,1,6841.0,1,15504.0,1,12543.0,1,0.0,1,0.0,6318.1777,6526.572,-6093.0
484,2014-01-02,6646.0,697.0,1.0,0.0,0,1.0,4.0,0.11827317,0.9929811,0.5,0.8660254,1,0,0,1,0.0,1,5198.0,1,0.0,1,0.0,1,15238.0,1,10561.0,1,6951.0,1,5703.0,3790.9065,5076.2227,-5198.0
484,2014-01-03,6865.0,765.0,1.0,0.0,0,1.0,5.0,0.11827317,0.9929811,0.5,0.8660254,1,0,0,1,6646.0,1,0.0,1,11291.0,1,0.0,1,0.0,1,11548.0,1,6419.0,1,5798.0,4932.944,5425.062,6646.0
484,2014-01-04,8653.0,890.0,1.0,0.0,0,0.0,6.0,0.11827317,0.9929811,0.5,0.8660254,1,0,0,1,6865.0,1,6646.0,1,5198.0,1,8036.0,1,17667.0,1,11901.0,1,7047.0,1,5671.0,5705.766,5745.0483,219.0
484,2014-01-05,0.0,0.0,0.0,0.0,0,0.0,7.0,0.11827317,0.9929811,0.5,0.8660254,1,0,0,1,8653.0,1,6865.0,1,0.0,1,9656.0,1,6841.0,1,15504.0,1,7274.0,1,5527.0,6884.6597,6391.26,1788.0
484,2014-01-06,9085.0,817.0,1.0,1.0,0,1.0,1.0,0.23488605,0.9720229,0.5,0.8660254,1,0,0,1,0.0,1,8653.0,1,6646.0,1,0.0,1,0.0,1,15238.0,1,10070.0,1,7551.0,4130.796,4970.98,-8653.0
484,2014-01-07,6930.0,648.0,1.0,1.0,0,0.0,2.0,0.23488605,0.9720229,0.5,0.8660254,1,0,0,1,9085.0,1,0.0,1,6865.0,1,11291.0,1,0.0,1,0.0,1,10795.0,1,8782.0,6112.4775,5885.2065,9085.0
484,2014-01-08,6581.0,606.0,1.0,1.0,0,0.0,3.0,0.23488605,0.9720229,0.5,0.8660254,1,0,0,1,6930.0,1,9085.0,1,8653.0,1,5198.0,1,8036.0,1,17667.0,1,0.0,1,0.0,6439.4863,6117.383,-2155.0
484,2014-01-09,7462.0,707.0,1.0,1.0,0,0.0,4.0,0.23488605,0.9720229,0.5,0.8660254,1,0,0,1,6581.0,1,6930.0,1,0.0,1,0.0,1,9656.0,1,6841.0,1,12543.0,1,8384.0,6496.092,6220.4087,-349.0
484,2014-01-10,8936.0,850.0,1.0,1.0,0,0.0,5.0,0.23488605,0.9720229,0.5,0.8660254,1,0,0,1,7462.0,1,6581.0,1,9085.0,1,6646.0,1,0.0,1,0.0,1,10561.0,1,7051.0,6882.455,6496.318,881.0
484,2014-01-11,9301.0,925.0,1.0,0.0,0,0.0,6.0,0.23488605,0.9720229,0.5,0.8660254,1,0,0,1,8936.0,1,7462.0,1,6930.0,1,6865.0,1,11291.0,1,0.0,1,11548.0,1,6733.0,7703.873,7038.4697,1474.0
484,2014-01-12,0.0,0.0,0.0,0.0,0,0.0,7.0,0.23488605,0.9720229,0.5,0.8660254,1,0,0,1,9301.0,1,8936.0,1,6581.0,1,8653.0,1,5198.0,1,8036.0,1,11901.0,1,7314.0,8342.724,7541.254,365.0
484,2014-01-13,5161.0,556.0,1.0,0.0,0,0.0,1.0,0.34820163,0.93741965,0.5,0.8660254,1,0,0,1,0.0,1,9301.0,1,7462.0,1,0.0,1,0.0,1,9656.0,1,15504.0,1,9508.0,5005.6343,5865.42,-9301.0
484,2014-01-14,4513.0,519.0,1.0,0.0,0,0.0,2.0,0.34820163,0.93741965,0.5,0.8660254,1,0,0,1,5161.0,1,0.0,1,8936.0,1,9085.0,1,6646.0,1,0.0,1,15238.0,1,9780.0,5067.781,5708.8823,5161.0
484,2014-01-15,4886.0,540.0,1.0,0.0,0,0.0,3.0,0.34820163,0.93741965,0.5,0.8660254,1,0,0,1,4513.0,1,5161.0,1,9301.0,1,6930.0,1,6865.0,1,11291.0,1,0.0,1,0.0,4845.868,5443.1304,-648.0
484,2014-01-16,5322.0,581.0,1.0,0.0,0,0.0,4.0,0.34820163,0.93741965,0.5,0.8660254,1,0,0,1,4886.0,1,4513.0,1,0.0,1,6581.0,1,8653.0,1,5198.0,1,17667.0,1,8154.0,4861.921,5319.3237,373.0
484,2014-01-17,6972.0,722.0,1.0,0.0,0,0.0,5.0,0.34820163,0.93741965,0.5,0.8660254,1,0,0,1,5322.0,1,4886.0,1,5161.0,1,7462.0,1,0.0,1,0.0,1,6841.0,1,7019.0,5045.9526,5319.9185,436.0
484,2014-01-18,8457.0,898.0,1.0,0.0,0,0.0,6.0,0.34820163,0.93741965,0.5,0.8660254,1,0,0,1,6972.0,1,5322.0,1,4513.0,1,8936.0,1,9085.0,1,6646.0,1,0.0,1,7434.0,5816.3716,5687.048,1650.0
484,2014-01-19,0.0,0.0,0.0,0.0,0,0.0,7.0,0.34820163,0.93741965,0.5,0.8660254,1,0,0,1,8457.0,1,6972.0,1,4886.0,1,9301.0,1,6930.0,1,6865.0,1,0.0,1,8345.0,6872.623,6302.593,1485.0
484,2014-01-20,7853.0,721.0,1.0,1.0,0,0.0,1.0,0.45662925,0.8896571,0.5,0.8660254,1,0,0,1,0.0,1,8457.0,1,5322.0,1,0.0,1,6581.0,1,8653.0,1,8036.0,1,10382.0,4123.5737,4902.0166,-8457.0
484,2014-01-21,5357.0,496.0,1.0,1.0,0,0.0,2.0,0.45662925,0.8896571,0.5,0.8660254,1,0,0,1,7853.0,1,0.0,1,6972.0,1,5161.0,1,7462.0,1,0.0,1,9656.0,1,12887.0,5615.344,5557.7905,7853.0
484,2014-01-22,6079.0,592.0,1.0,1.0,0,0.0,3.0,0.45662925,0.8896571,0.5,0.8660254,1,0,0,1,5357.0,1,7853.0,1,8457.0,1,4513.0,1,8936.0,1,9085.0,1,0.0,1,0.0,5512.0063,5513.1704,-2496.0
484,2014-01-23,6808.0,634.0,1.0,1.0,0,0.0,4.0,0.45662925,0.8896571,0.5,0.8660254,1,0,0,1,6079.0,1,5357.0,1,0.0,1,4886.0,1,9301.0,1,6930.0,1,11291.0,1,10634.0,5738.8037,5638.91,722.0
484,2014-01-24,8331.0,760.0,1.0,1.0,0,0.0,5.0,0.45662925,0.8896571,0.5,0.8660254,1,0,0,1,6808.0,1,6079.0,1,7853.0,1,5322.0,1,0.0,1,6581.0,1,5198.0,1,9616.0,6166.4824,5898.708,729.0
484,2014-01-25,7909.0,829.0,1.0,0.0,0,0.0,6.0,0.45662925,0.8896571,0.5,0.8660254,1,0,0,1,8331.0,1,6808.0,1,5357.0,1,6972.0,1,5161.0,1,7462.0,1,0.0,1,9299.0,7032.2896,6439.2173,1523.0
484,2014-01-26,0.0,0.0,0.0,0.0,0,0.0,7.0,0.45662925,0.8896571,0.5,0.8660254,1,0,0,1,7909.0,1,8331.0,1,6079.0,1,8457.0,1,4513.0,1,8936.0,1,6646.0,1,11565.0,7382.9736,6765.836,-422.0
484,2014-01-27,4792.0,549.0,1.0,0.0,0,0.0,1.0,0.55864674,0.82940567,0.5,0.8660254,1,0,0,1,0.0,1,7909.0,1,6808.0,1,0.0,1,4886.0,1,9301.0,1,6865.0,1,8155.0,4429.784,5262.317,-7909.0
484,2014-01-28,4822.0,533.0,1.0,0.0,0,0.0,2.0,0.55864674,0.82940567,0.5,0.8660254,1,0,0,1,4792.0,1,0.0,1,8331.0,1,7853.0,1,5322.0,1,0.0,1,8653.0,1,9111.0,4574.6704,5157.802,4792.0
484,2014-01-29,5790.0,576.0,1.0,0.0,0,0.0,3.0,0.55864674,0.82940567,0.5,0.8660254,1,0,0,1,4822.0,1,4792.0,1,7909.0,1,5357.0,1,6972.0,1,5161.0,1,0.0,1,0.0,4673.6025,5083.179,30.0
484,2014-01-30,5824.0,603.0,1.0,0.0,0,0.0,4.0,0.55864674,0.82940567,0.5,0.8660254,1,0,0,1,5790.0,1,4822.0,1,0.0,1,6079.0,1,8457.0,1,4513.0,1,9085.0,1,6951.0,5120.1616,5240.2505,968.0
484,2014-01-31,9048.0,891.0,1.0,0.0,0,0.0,5.0,0.55864674,0.82940567,0.5,0.8660254,1,0,1,1,5824.0,1,5790.0,1,4792.0,1,6808.0,1,0.0,1,4886.0,1,6930.0,1,6419.0,5401.697,5369.9727,34.0
484,2014-02-01,9524.0,905.0,1.0,0.0,0,0.0,6.0,0.55864674,0.82940567,0.8660254,0.5,1,1,0,1,9048.0,1,5824.0,1,4822.0,1,8331.0,1,7853.0,1,5322.0,1,6581.0,1,7047.0,6860.2183,6187.312,3224.0
484,2014-02-02,0.0,0.0,0.0,0.0,0,0.0,7.0,0.55864674,0.82940567,0.8660254,0.5,1,0,0,1,9524.0,1,9048.0,1,5790.0,1,7909.0,1,5357.0,1,6972.0,1,7462.0,1,7274.0,7925.731,6928.7983,476.0
484,2014-02-03,8752.0,745.0,1.0,1.0,0,0.0,1.0,0.65282214,0.75751126,0.8660254,0.5,1,0,0,1,0.0,1,9524.0,1,5824.0,1,0.0,1,6079.0,1,8457.0,1,8936.0,1,10070.0,4755.4385,5389.0654,-9524.0
484,2014-02-04,7545.0,675.0,1.0,1.0,0,0.0,2.0,0.65282214,0.75751126,0.8660254,0.5,1,0,0,1,8752.0,1,0.0,1,9048.0,1,4792.0,1,6808.0,1,0.0,1,9301.0,1,10795.0,6354.063,6136.3843,8752.0
484,2014-02-05,6365.0,638.0,1.0,1.0,0,0.0,3.0,0.65282214,0.75751126,0.8660254,0.5,1,0,0,1,7545.0,1,8752.0,1,9524.0,1,4822.0,1,8331.0,1,7853.0,1,0.0,1,0.0,6830.438,6449.4097,-1207.0
484,2014-02-06,7416.0,673.0,1.0,1.0,0,0.0,4.0,0.65282214,0.75751126,0.8660254,0.5,1,0,0,1,6365.0,1,7545.0,1,0.0,1,5790.0,1,7909.0,1,5357.0,1,5161.0,1,12543.0,6644.2627,6430.6523,-1180.0
484,2014-02-07,8621.0,838.0,1.0,1.0,0,0.0,5.0,0.65282214,0.75751126,0.8660254,0.5,1,0,0,1,7416.0,1,6365.0,1,8752.0,1,5824.0,1,0.0,1,6079.0,1,4513.0,1,10561.0,6952.9575,6649.618,1051.0
484,2014-02-08,9178.0,894.0,1.0,0.0,0,0.0,6.0,0.65282214,0.75751126,0.8660254,0.5,1,0,0,1,8621.0,1,7416.0,1,7545.0,1,9048.0,1,4792.0,1,6808.0,1,4886.0,1,11548.0,7620.175,7087.703,1205.0
484,2014-02-09,0.0,0.0,0.0,0.0,0,0.0,7.0,0.65282214,0.75751126,0.8660254,0.5,1,0,0,1,9178.0,1,8621.0,1,6365.0,1,9524.0,1,4822.0,1,8331.0,1,5322.0,1,11901.0,8243.305,7552.2134,557.0
484,2014-02-10,5018.0,560.0,1.0,0.0,0,0.0,1.0,0.73783326,0.674983,0.8660254,0.5,1,0,0,1,0.0,1,9178.0,1,7416.0,1,0.0,1,5790.0,1,7909.0,1,6972.0,1,15504.0,4945.983,5873.944,-9178.0
484,2014-02-11,4634.0,531.0,1.0,0.0,0,0.0,2.0,0.73783326,0.674983,0.8660254,0.5,1,0,0,1,5018.0,1,0.0,1,8621.0,1,8752.0,1,5824.0,1,0.0,1,8457.0,1,15238.0,4974.7896,5683.734,5018.0
484,2014-02-12,5135.0,569.0,1.0,0.0,0,0.0,3.0,0.73783326,0.674983,0.8660254,0.5,1,0,0,1,4634.0,1,5018.0,1,9178.0,1,7545.0,1,9048.0,1,4792.0,1,0.0,1,0.0,4838.4736,5450.46,-384.0
484,2014-02-13,5891.0,636.0,1.0,0.0,0,0.0,4.0,0.73783326,0.674983,0.8660254,0.5,1,0,0,1,5135.0,1,4634.0,1,0.0,1,6365.0,1,9524.0,1,4822.0,1,7853.0,1,17667.0,4957.0845,5380.358,501.0
484,2014-02-14,7800.0,815.0,1.0,0.0,0,0.0,5.0,0.73783326,0.674983,0.8660254,0.5,1,0,0,1,5891.0,1,5135.0,1,5018.0,1,7416.0,1,0.0,1,5790.0,1,5357.0,1,6841.0,5330.6504,5493.834,756.0
484,2014-02-15,8367.0,875.0,1.0,0.0,0,0.0,6.0,0.73783326,0.674983,0.8660254,0.5,1,0,0,1,7800.0,1,5891.0,1,4634.0,1,8621.0,1,8752.0,1,5824.0,1,6079.0,1,0.0,6318.39,6006.315,1909.0
484,2014-02-16,0.0,0.0,0.0,0.0,0,0.0,7.0,0.73783326,0.674983,0.8660254,0.5,1,0,0,1,8367.0,1,7800.0,1,5135.0,1,9178.0,1,7545.0,1,9048.0,1,6808.0,1,0.0,7137.834,6530.9116,567.0
484,2014-02-17,7632.0,719.0,1.0,1.0,0,0.0,1.0,0.8124869,0.5829795,0.8660254,0.5,1,0,0,1,0.0,1,8367.0,1,5891.0,1,0.0,1,6365.0,1,9524.0,1,8331.0,1,8036.0,4282.7007,5079.598,-8367.0
484,2014-02-18,6950.0,650.0,1.0,1.0,0,0.0,2.0,0.8124869,0.5829795,0.8660254,0.5,1,0,0,1,7632.0,1,0.0,1,7800.0,1,5018.0,1,7416.0,1,0.0,1,7909.0,1,9656.0,5622.4204,5646.7983,7632.0
484,2014-02-19,7025.0,666.0,1.0,1.0,0,0.0,3.0,0.8124869,0.5829795,0.8660254,0.5,1,0,0,1,6950.0,1,7632.0,1,8367.0,1,4634.0,1,8621.0,1,8752.0,1,0.0,1,0.0,6153.452,5936.399,-682.0
484,2014-02-20,6906.0,713.0,1.0,1.0,0,0.0,4.0,0.8124869,0.5829795,0.8660254,0.5,1,0,0,1,7025.0,1,6950.0,1,0.0,1,5135.0,1,9178.0,1,7545.0,1,4792.0,1,11291.0,6502.0713,6178.31,75.0
484,2014-02-21,8677.0,825.0,1.0,1.0,0,0.0,5.0,0.8124869,0.5829795,0.8660254,0.5,1,0,0,1,6906.0,1,7025.0,1,7632.0,1,5891.0,1,0.0,1,6365.0,1,4822.0,1,5198.0,6663.6426,6340.019,-119.0
484,2014-02-22,7829.0,856.0,1.0,0.0,0,0.0,6.0,0.8124869,0.5829795,0.8660254,0.5,1,0,0,1,8677.0,1,6906.0,1,6950.0,1,7800.0,1,5018.0,1,7416.0,1,5790.0,1,0.0,7468.986,6859.348,1771.0
484,2014-02-23,0.0,0.0,0.0,0.0,0,0.0,7.0,0.8124869,0.5829795,0.8660254,0.5,1,0,0,1,7829.0,1,8677.0,1,7025.0,1,8367.0,1,4634.0,1,8621.0,1,5824.0,1,6646.0,7612.991,7074.826,-848.0
484,2014-02-24,5215.0,593.0,1.0,0.0,0,0.0,1.0,0.8757349,0.4827922,0.8660254,0.5,1,0,0,1,0.0,1,7829.0,1,6906.0,1,0.0,1,5135.0,1,9178.0,1,9048.0,1,6865.0,4567.795,5502.6426,-7829.0
484,2014-02-25,4363.0,517.0,1.0,0.0,0,0.0,2.0,0.8757349,0.4827922,0.8660254,0.5,1,0,0,1,5215.0,1,0.0,1,8677.0,1,7632.0,1,5891.0,1,0.0,1,9524.0,1,8653.0,4826.677,5438.722,5215.0
484,2014-02-26,4787.0,562.0,1.0,0.0,0,0.0,3.0,0.8757349,0.4827922,0.8660254,0.5,1,0,0,1,4363.0,1,5215.0,1,7829.0,1,6950.0,1,7800.0,1,5018.0,1,0.0,1,0.0,4641.206,5199.673,-852.0
484,2014-02-27,5793.0,621.0,1.0,0.0,0,0.0,4.0,0.8757349,0.4827922,0.8660254,0.5,1,0,0,1,4787.0,1,4363.0,1,0.0,1,7025.0,1,8367.0,1,4634.0,1,8752.0,1,9085.0,4699.524,5107.968,424.0
484,2014-02-28,8706.0,856.0,1.0,0.0,0,0.0,5.0,0.8757349,0.4827922,0.8660254,0.5,1,0,1,1,5793.0,1,4787.0,1,5215.0,1,6906.0,1,0.0,1,5135.0,1,7545.0,1,6930.0,5136.914,5260.1973,1006.0
484,2014-03-01,9676.0,898.0,1.0,0.0,0,0.0,6.0,0.8757349,0.4827922,1.0,6.123234e-17,1,1,0,1,8706.0,1,5793.0,1,4363.0,1,8677.0,1,7632.0,1,5891.0,1,6365.0,1,6581.0,6564.5483,6025.931,2913.0
484,2014-03-02,0.0,0.0,0.0,0.0,0,0.0,7.0,0.8757349,0.4827922,1.0,6.123234e-17,1,0,0,1,9676.0,1,8706.0,1,4787.0,1,7829.0,1,6950.0,1,7800.0,1,7416.0,1,7462.0,7809.129,6837.0576,970.0
484,2014-03-03,8440.0,785.0,1.0,1.0,0,0.0,1.0,0.9266896,0.37582758,1.0,6.123234e-17,1,0,0,1,0.0,1,9676.0,1,5793.0,1,0.0,1,7025.0,1,8367.0,1,8621.0,1,8936.0,4685.4775,5317.7114,-9676.0
484,2014-03-04,6814.0,628.0,1.0,1.0,0,0.0,2.0,0.9266896,0.37582758,1.0,6.123234e-17,1,0,0,1,8440.0,1,0.0,1,8706.0,1,5215.0,1,6906.0,1,0.0,1,9178.0,1,9301.0,6187.2866,6011.553,8440.0
484,2014-03-05,6884.0,662.0,1.0,1.0,0,0.0,3.0,0.9266896,0.37582758,1.0,6.123234e-17,1,0,0,1,6814.0,1,8440.0,1,9676.0,1,4363.0,1,8677.0,1,7632.0,1,0.0,1,0.0,6437.9717,6189.875,-1626.0
484,2014-03-06,7040.0,710.0,1.0,1.0,0,0.0,4.0,0.9266896,0.37582758,1.0,6.123234e-17,1,0,0,1,6884.0,1,6814.0,1,0.0,1,4787.0,1,7829.0,1,6950.0,1,5018.0,1,5161.0,6616.3833,6344.125,70.0
484,2014-03-07,8386.0,834.0,1.0,1.0,0,0.0,5.0,0.9266896,0.37582758,1.0,6.123234e-17,1,0,0,1,7040.0,1,6884.0,1,8440.0,1,5793.0,1,0.0,1,7025.0,1,4634.0,1,4513.0,6785.83,6498.7637,156.0
484,2014-03-08,7961.0,871.0,1.0,0.0,0,0.0,6.0,0.9266896,0.37582758,1.0,6.123234e-17,1,0,0,1,8386.0,1,7040.0,1,6814.0,1,8706.0,1,5215.0,1,6906.0,1,5135.0,1,4886.0,7425.898,6918.1494,1346.0
484,2014-03-09,0.0,0.0,0.0,0.0,0,0.0,7.0,0.9266896,0.37582758,1.0,6.123234e-17,1,0,0,1,7961.0,1,8386.0,1,6884.0,1,9676.0,1,4363.0,1,8677.0,1,5891.0,1,5322.0,7639.939,7149.894,-425.0
484,2014-03-10,5220.0,582.0,1.0,0.0,0,0.0,1.0,0.9646356,0.26358718,1.0,6.123234e-17,1,0,0,1,0.0,1,7961.0,1,7040.0,1,0.0,1,4787.0,1,7829.0,1,7800.0,1,6972.0,4583.9634,5561.029,-7961.0
484,2014-03-11,4903.0,512.0,1.0,0.0,0,0.0,2.0,0.9646356,0.26358718,1.0,6.123234e-17,1,0,0,1,5220.0,1,0.0,1,8386.0,1,8440.0,1,5793.0,1,0.0,1,8367.0,1,8457.0,4838.378,5485.2446,5220.0
484,2014-03-12,5168.0,566.0,1.0,0.0,0,0.0,3.0,0.9646356,0.26358718,1.0,6.123234e-17,1,0,0,1,4903.0,1,5220.0,1,7961.0,1,6814.0,1,8706.0,1,5215.0,1,0.0,1,0.0,4864.2266,5355.857,-317.0
484,2014-03-13,5772.0,616.0,1.0,0.0,0,0.0,4.0,0.9646356,0.26358718,1.0,6.123234e-17,1,0,0,1,5168.0,1,4903.0,1,0.0,1,6884.0,1,9676.0,1,4363.0,1,7632.0,1,7853.0,4985.736,5314.111,265.0
484,2014-03-14,6788.0,765.0,1.0,0.0,0,0.0,5.0,0.9646356,0.26358718,1.0,6.123234e-17,1,0,0,1,5772.0,1,5168.0,1,5220.0,1,7040.0,1,0.0,1,4787.0,1,6950.0,1,5357.0,5300.2417,5415.8643,604.0
484,2014-03-15,8959.0,908.0,1.0,0.0,0,0.0,6.0,0.9646356,0.26358718,1.0,6.123234e-17,1,0,0,1,6788.0,1,5772.0,1,4903.0,1,8386.0,1,8440.0,1,5793.0,1,7025.0,1,6079.0,5895.345,5720.783,1016.0
484,2014-03-16,0.0,0.0,0.0,0.0,0,0.0,7.0,0.9646356,0.26358718,1.0,6.123234e-17,1,0,0,1,8959.0,1,6788.0,1,5168.0,1,7961.0,1,6814.0,1,8706.0,1,6906.0,1,6808.0,7120.807,6440.3867,2171.0
484,2014-03-17,8184.0,759.0,1.0,1.0,0,0.0,1.0,0.9890402,0.14764656,1.0,6.123234e-17,1,0,0,1,0.0,1,8959.0,1,5772.0,1,0.0,1,6884.0,1,9676.0,1,8677.0,1,8331.0,4272.4844,5009.19,-8959.0
484,2014-03-18,6372.0,660.0,1.0,1.0,0,0.0,2.0,0.9890402,0.14764656,1.0,6.123234e-17,1,0,0,1,8184.0,1,0.0,1,6788.0,1,5220.0,1,7040.0,1,0.0,1,7829.0,1,7909.0,5837.0903,5714.703,8184.0
484,2014-03-19,6303.0,651.0,1.0,1.0,0,0.0,3.0,0.9890402,0.14764656,1.0,6.123234e-17,1,0,0,1,6372.0,1,8184.0,1,8959.0,1,4903.0,1,8386.0,1,8440.0,1,0.0,1,0.0,6051.054,5860.769,-1812.0
484,2014-03-20,6019.0,612.0,1.0,1.0,0,0.0,4.0,0.9890402,0.14764656,1.0,6.123234e-17,1,0,0,1,6303.0,1,6372.0,1,0.0,1,5168.0,1,7961.0,1,6814.0,1,5215.0,1,4792.0,6151.8325,5959.0425,-69.0
484,2014-03-21,8780.0,823.0,1.0,1.0,0,0.0,5.0,0.9890402,0.14764656,1.0,6.123234e-17,1,0,0,1,6019.0,1,6303.0,1,8184.0,1,5772.0,1,0.0,1,6884.0,1,4363.0,1,4822.0,6098.6997,5972.3667,-284.0
484,2014-03-22,9358.0,897.0,1.0,0.0,0,0.0,6.0,0.9890402,0.14764656,1.0,6.123234e-17,1,0,0,1,8780.0,1,6019.0,1,6372.0,1,6788.0,1,5220.0,1,7040.0,1,4787.0,1,5790.0,7171.2197,6596.285,2761.0
484,2014-03-23,0.0,0.0,0.0,0.0,0,0.0,7.0,0.9890402,0.14764656,1.0,6.123234e-17,1,0,0,1,9358.0,1,8780.0,1,6303.0,1,8959.0,1,4903.0,1,8386.0,1,5793.0,1,5824.0,8045.9316,7209.9995,578.0
484,2014-03-24,5999.0,648.0,1.0,0.0,0,0.0,1.0,0.99956083,0.029633328,1.0,6.123234e-17,1,0,0,1,0.0,1,9358.0,1,6019.0,1,0.0,1,5168.0,1,7961.0,1,8706.0,1,9048.0,4827.559,5607.7773,-9358.0
484,2014-03-25,5573.0,584.0,1.0,0.0,0,0.0,2.0,0.99956083,0.029633328,1.0,6.123234e-17,1,0,0,1,5999.0,1,0.0,1,8780.0,1,8184.0,1,5772.0,1,0.0,1,9676.0,1,9524.0,5296.1353,5694.716,5999.0
484,2014-03-26,5163.0,562.0,1.0,0.0,0,0.0,3.0,0.99956083,0.029633328,1.0,6.123234e-17,1,0,0,1,5573.0,1,5999.0,1,9358.0,1,6372.0,1,6788.0,1,5220.0,1,0.0,1,0.0,5406.8813,5667.668,-426.0
484,2014-03-27,5937.0,668.0,1.0,0.0,0,0.0,4.0,0.99956083,0.029633328,1.0,6.123234e-17,1,0,0,1,5163.0,1,5573.0,1,0.0,1,6303.0,1,8959.0,1,4903.0,1,8440.0,1,8752.0,5309.3286,5555.5195,-410.0
484,2014-03-28,7337.0,785.0,1.0,0.0,0,0.0,5.0,0.99956083,0.029633328,1.0,6.123234e-17,1,0,0,1,5937.0,1,5163.0,1,5999.0,1,6019.0,1,0.0,1,5168.0,1,6814.0,1,7545.0,5560.3975,5640.293,774.0
484,2014-03-29,8317.0,858.0,1.0,0.0,0,0.0,6.0,0.99956083,0.029633328,1.0,6.123234e-17,1,0,0,1,7337.0,1,5937.0,1,5573.0,1,8780.0,1,8184.0,1,5772.0,1,6884.0,1,6365.0,6271.0386,6017.339,1400.0
484,2014-03-30,0.0,0.0,0.0,0.0,0,0.0,7.0,0.99956083,0.029633328,1.0,6.123234e-17,1,0,0,1,8317.0,1,7337.0,1,5163.0,1,9358.0,1,6372.0,1,6788.0,1,7040.0,1,7416.0,7089.423,6528.3745,980.0
484,2014-03-31,8845.0,774.0,1.0,1.0,0,0.0,1.0,0.9960498,-0.08879589,1.0,6.123234e-17,1,0,1,1,0.0,1,8317.0,1,5937.0,1,0.0,1,6303.0,1,8959.0,1,8386.0,1,8621.0,4253.654,5077.625,-8317.0
484,2014-04-01,8155.0,697.0,1.0,1.0,0,0.0,2.0,0.9960498,-0.08879589,0.8660254,-0.5,2,1,0,1,8845.0,1,0.0,1,7337.0,1,5999.0,1,6019.0,1,0.0,1,7961.0,1,9178.0,6090.1924,5914.8193,8845.0
484,2014-04-02,6797.0,656.0,1.0,1.0,0,0.0,3.0,0.9960498,-0.08879589,0.8660254,-0.5,2,0,0,1,8155.0,1,8845.0,1,8317.0,1,5573.0,1,8780.0,1,8184.0,1,0.0,1,0.0,6916.115,6412.637,-690.0
484,2014-04-03,7118.0,679.0,1.0,1.0,0,0.0,4.0,0.9960498,-0.08879589,0.8660254,-0.5,2,0,0,1,6797.0,1,8155.0,1,0.0,1,5163.0,1,9358.0,1,6372.0,1,5220.0,1,5018.0,6868.469,6498.0513,-1358.0
484,2014-04-04,9778.0,865.0,1.0,1.0,0,0.0,5.0,0.9960498,-0.08879589,0.8660254,-0.5,2,0,0,1,7118.0,1,6797.0,1,8845.0,1,5937.0,1,0.0,1,6303.0,1,4903.0,1,4634.0,6968.2817,6635.8174,321.0
484,2014-04-05,8652.0,891.0,1.0,0.0,0,0.0,6.0,0.9960498,-0.08879589,0.8660254,-0.5,2,0,0,1,9778.0,1,7118.0,1,8155.0,1,7337.0,1,5999.0,1,6019.0,1,5168.0,1,5135.0,8092.169,7334.0806,2660.0
484,2014-04-06,0.0,0.0,0.0,0.0,0,0.0,7.0,0.9960498,-0.08879589,0.8660254,-0.5,2,0,0,1,8652.0,1,9778.0,1,6797.0,1,8317.0,1,5573.0,1,8780.0,1,5772.0,1,5891.0,8316.102,7626.951,-1126.0
484,2014-04-07,5502.0,578.0,1.0,0.0,0,0.0,1.0,0.9785565,-0.20597862,0.8660254,-0.5,2,0,0,1,0.0,1,8652.0,1,7118.0,1,0.0,1,5163.0,1,9358.0,1,6788.0,1,7800.0,4989.6606,5932.073,-8652.0
484,2014-04-08,5194.0,548.0,1.0,0.0,0,0.0,2.0,0.9785565,-0.20597862,0.8660254,-0.5,2,0,0,1,5502.0,1,0.0,1,9778.0,1,8845.0,1,5937.0,1,0.0,1,8959.0,1,8367.0,5194.5967,5836.5015,5502.0
484,2014-04-09,5801.0,580.0,1.0,0.0,0,0.0,3.0,0.9785565,-0.20597862,0.8660254,-0.5,2,0,0,1,5194.0,1,5502.0,1,8652.0,1,8155.0,1,7337.0,1,5999.0,1,0.0,1,0.0,5194.358,5693.723,-308.0
484,2014-04-10,5484.0,602.0,1.0,0.0,0,0.0,4.0,0.9785565,-0.20597862,0.8660254,-0.5,2,0,0,1,5801.0,1,5194.0,1,0.0,1,6797.0,1,8317.0,1,5573.0,1,8184.0,1,7632.0,5437.0146,5717.5625,607.0
484,2014-04-11,7268.0,764.0,1.0,0.0,0,0.0,5.0,0.9785565,-0.20597862,0.8660254,-0.5,2,0,0,1,5484.0,1,5801.0,1,5502.0,1,7118.0,1,0.0,1,5163.0,1,6372.0,1,6950.0,5455.809,5665.6597,-317.0
484,2014-04-12,8634.0,883.0,1.0,0.0,0,0.0,6.0,0.9785565,-0.20597862,0.8660254,-0.5,2,0,0,1,7268.0,1,5484.0,1,5194.0,1,9778.0,1,8845.0,1,5937.0,1,6303.0,1,7025.0,6180.6855,6021.7354,1784.0
484,2014-04-13,0.0,0.0,0.0,0.0,0,0.0,7.0,0.9785565,-0.20597862,0.8660254,-0.5,2,0,0,1,8634.0,1,7268.0,1,5801.0,1,8652.0,1,8155.0,1,7337.0,1,6019.0,1,6906.0,7162.011,6602.239,1366.0
484,2014-04-14,9124.0,786.0,1.0,1.0,0,0.0,1.0,0.94732636,-0.32026985,0.8660254,-0.5,2,0,0,1,0.0,1,8634.0,1,5484.0,1,0.0,1,6797.0,1,8317.0,1,8780.0,1,8677.0,4297.2065,5135.0747,-8634.0
484,2014-04-15,8988.0,732.0,1.0,1.0,0,0.0,2.0,0.94732636,-0.32026985,0.8660254,-0.5,2,0,0,1,9124.0,1,0.0,1,7268.0,1,5502.0,1,7118.0,1,0.0,1,9358.0,1,7829.0,6227.924,6021.5024,9124.0
484,2014-04-16,10657.0,885.0,1.0,1.0,0,1.0,3.0,0.94732636,-0.32026985,0.8660254,-0.5,2,0,0,1,8988.0,1,9124.0,1,8634.0,1,5194.0,1,9778.0,1,8845.0,1,0.0,1,0.0,7331.9546,6680.724,-136.0
484,2014-04-17,12230.0,1147.0,1.0,1.0,0,1.0,4.0,0.94732636,-0.32026985,0.8660254,-0.5,2,0,0,1,10657.0,1,8988.0,1,0.0,1,5801.0,1,8652.0,1,8155.0,1,5999.0,1,5215.0,8661.973,7564.341,1669.0
484,2014-04-18,0.0,0.0,0.0,1.0,2,1.0,5.0,0.94732636,-0.32026985,0.8660254,-0.5,2,0,0,1,12230.0,1,10657.0,1,9124.0,1,5484.0,1,0.0,1,6797.0,1,5573.0,1,4363.0,10089.184,8601.154,1573.0
484,2014-04-19,13607.0,1275.0,1.0,0.0,0,0.0,6.0,0.94732636,-0.32026985,0.8660254,-0.5,2,0,0,1,0.0,1,12230.0,1,8988.0,1,7268.0,1,5502.0,1,7118.0,1,5163.0,1,4787.0,6053.5103,6689.7866,-12230.0
484,2014-04-20,0.0,0.0,0.0,0.0,0,0.0,7.0,0.94732636,-0.32026985,0.8660254,-0.5,2,0,0,1,13607.0,1,0.0,1,10657.0,1,8634.0,1,5194.0,1,9778.0,1,5937.0,1,5793.0,9074.906,8226.945,13607.0
484,2014-04-21,0.0,0.0,0.0,0.0,2,1.0,1.0,0.9027978,-0.4300652,0.8660254,-0.5,2,0,0,1,0.0,1,13607.0,1,12230.0,1,0.0,1,5801.0,1,8652.0,1,7337.0,1,8706.0,5444.944,6398.735,-13607.0
484,2014-04-22,6108.0,646.0,1.0,0.0,0,1.0,2.0,0.9027978,-0.4300652,0.8660254,-0.5,2,0,0,1,0.0,1,0.0,1,0.0,1,9124.0,1,5484.0,1,0.0,1,8317.0,1,9676.0,3266.9663,4976.794,0.0
484,2014-04-23,5782.0,604.0,1.0,0.0,0,1.0,3.0,0.9027978,-0.4300652,0.8660254,-0.5,2,0,0,1,6108.0,1,0.0,1,13607.0,1,8988.0,1,7268.0,1,5502.0,1,0.0,1,0.0,4403.38,5228.173,6108.0
484,2014-04-24,6053.0,639.0,1.0,0.0,0,1.0,4.0,0.9027978,-0.4300652,0.8660254,-0.5,2,0,0,1,5782.0,1,6108.0,1,0.0,1,10657.0,1,8634.0,1,5194.0,1,8845.0,1,8440.0,4954.8276,5351.2456,-326.0
484,2014-04-25,6893.0,775.0,1.0,0.0,0,1.0,5.0,0.9027978,-0.4300652,0.8660254,-0.5,2,0,0,1,6053.0,1,5782.0,1,0.0,1,12230.0,1,0.0,1,5801.0,1,8155.0,1,6814.0,5394.0967,5507.191,271.0
484,2014-04-26,7677.0,757.0,1.0,0.0,0,0.0,6.0,0.9027978,-0.4300652,0.8660254,-0.5,2,0,0,1,6893.0,1,6053.0,1,6108.0,1,0.0,1,9124.0,1,5484.0,1,6797.0,1,6884.0,5993.658,5815.1484,840.0
484,2014-04-27,0.0,0.0,0.0,0.0,0,0.0,7.0,0.9027978,-0.4300652,0.8660254,-0.5,2,0,0,1,7677.0,1,6893.0,1,5782.0,1,13607.0,1,8988.0,1,7268.0,1,7118.0,1,7040.0,6666.9946,6228.8936,784.0
484,2014-04-28,8288.0,742.0,1.0,1.0,0,1.0,1.0,0.845596,-0.5338234,0.8660254,-0.5,2,0,0,1,0.0,1,7677.0,1,6053.0,1,0.0,1,10657.0,1,8634.0,1,9778.0,1,8386.0,4000.1968,4844.695,-7677.0
484,2014-04-29,7785.0,675.0,1.0,1.0,0,1.0,2.0,0.845596,-0.5338234,0.8660254,-0.5,2,0,0,1,8288.0,1,0.0,1,6893.0,1,0.0,1,12230.0,1,0.0,1,8652.0,1,7961.0,5715.3184,5609.8735,8288.0
484,2014-04-30,10288.0,943.0,1.0,1.0,0,1.0,3.0,0.845596,-0.5338234,0.8660254,-0.5,2,0,1,1,7785.0,1,8288.0,1,7677.0,1,6108.0,1,0.0,1,9124.0,1,0.0,1,0.0,6543.191,6093.2354,-503.0
484,2014-05-01,0.0,0.0,0.0,1.0,1,1.0,4.0,0.845596,-0.5338234,0.5,-0.8660254,2,1,0,1,10288.0,1,7785.0,1,0.0,1,5782.0,1,13607.0,1,8988.0,1,5502.0,1,5220.0,8041.1147,7025.4053,2503.0
484,2014-05-02,10964.0,1059.0,1.0,1.0,0,1.0,5.0,0.845596,-0.5338234,0.5,-0.8660254,2,0,0,1,0.0,1,10288.0,1,8288.0,1,6053.0,1,0.0,1,10657.0,1,5194.0,1,4903.0,4824.669,5464.204,-10288.0
484,2014-05-03,8236.0,845.0,1.0,0.0,0,0.0,6.0,0.845596,-0.5338234,0.5,-0.8660254,2,0,0,1,10964.0,1,0.0,1,7785.0,1,6893.0,1,0.0,1,12230.0,1,5801.0,1,5168.0,7280.4014,6686.381,10964.0
484,2014-05-04,0.0,0.0,0.0,0.0,0,0.0,7.0,0.845596,-0.5338234,0.5,-0.8660254,2,0,0,1,8236.0,1,10964.0,1,10288.0,1,7677.0,1,6108.0,1,0.0,1,5484.0,1,5772.0,7662.6406,7030.7407,-2728.0
484,2014-05-05,9629.0,827.0,1.0,1.0,0,0.0,1.0,0.7765239,-0.63008785,0.5,-0.8660254,2,0,0,1,0.0,1,8236.0,1,0.0,1,0.0,1,5782.0,1,13607.0,1,7268.0,1,6788.0,4597.5845,5468.354,-8236.0
484,2014-05-06,7379.0,689.0,1.0,1.0,0,0.0,2.0,0.7765239,-0.63008785,0.5,-0.8660254,2,0,0,1,9629.0,1,0.0,1,10964.0,1,8288.0,1,6053.0,1,0.0,1,8634.0,1,8959.0,6610.151,6392.942,9629.0
484,2014-05-07,7233.0,684.0,1.0,1.0,0,0.0,3.0,0.7765239,-0.63008785,0.5,-0.8660254,2,0,0,1,7379.0,1,9629.0,1,8236.0,1,7785.0,1,6893.0,1,0.0,1,0.0,1,0.0,6917.6904,6612.066,-2250.0
484,2014-05-08,7671.0,714.0,1.0,1.0,0,0.0,4.0,0.7765239,-0.63008785,0.5,-0.8660254,2,0,0,1,7233.0,1,7379.0,1,0.0,1,10288.0,1,7677.0,1,6108.0,1,9124.0,1,8184.0,7043.8145,6750.0513,-146.0
484,2014-05-09,9765.0,876.0,1.0,1.0,0,0.0,5.0,0.7765239,-0.63008785,0.5,-0.8660254,2,0,0,1,7671.0,1,7233.0,1,9629.0,1,0.0,1,0.0,1,5782.0,1,8988.0,1,6372.0,7294.6885,6954.7065,438.0
484,2014-05-10,10104.0,1045.0,1.0,0.0,0,0.0,6.0,0.7765239,-0.63008785,0.5,-0.8660254,2,0,0,1,9765.0,1,7671.0,1,7379.0,1,10964.0,1,8288.0,1,6053.0,1,10657.0,1,6303.0,8282.813,7579.2163,2094.0
484,2014-05-11,0.0,0.0,0.0,0.0,0,0.0,7.0,0.7765239,-0.63008785,0.5,-0.8660254,2,0,0,1,10104.0,1,9765.0,1,7233.0,1,8236.0,1,7785.0,1,6893.0,1,12230.0,1,6019.0,9011.288,8140.2793,339.0
484,2014-05-12,5622.0,633.0,1.0,0.0,0,0.0,1.0,0.696551,-0.71750724,0.5,-0.8660254,2,0,0,1,0.0,1,10104.0,1,7671.0,1,0.0,1,10288.0,1,7677.0,1,0.0,1,8780.0,5406.773,6331.328,-10104.0
484,2014-05-13,4763.0,506.0,1.0,0.0,0,0.0,2.0,0.696551,-0.71750724,0.5,-0.8660254,2,0,0,1,5622.0,1,0.0,1,9765.0,1,9629.0,1,0.0,1,0.0,1,13607.0,1,9358.0,5492.864,6173.6997,5622.0
484,2014-05-14,5501.0,560.0,1.0,0.0,0,0.0,3.0,0.696551,-0.71750724,0.5,-0.8660254,2,0,0,1,4763.0,1,5622.0,1,10104.0,1,7379.0,1,10964.0,1,8288.0,1,0.0,1,0.0,5200.918,5860.211,-859.0
484,2014-05-15,5146.0,595.0,1.0,0.0,0,0.0,4.0,0.696551,-0.71750724,0.5,-0.8660254,2,0,0,1,5501.0,1,4763.0,1,0.0,1,7233.0,1,8236.0,1,7785.0,1,0.0,1,5999.0,5320.9507,5780.386,738.0
484,2014-05-16,6708.0,737.0,1.0,0.0,0,0.0,5.0,0.696551,-0.71750724,0.5,-0.8660254,2,0,0,1,5146.0,1,5501.0,1,5622.0,1,7671.0,1,0.0,1,10288.0,1,6108.0,1,5573.0,5250.9707,5639.4116,-355.0
484,2014-05-17,7353.0,821.0,1.0,0.0,0,0.0,6.0,0.696551,-0.71750724,0.5,-0.8660254,2,0,0,1,6708.0,1,5146.0,1,4763.0,1,9765.0,1,9629.0,1,0.0,1,5782.0,1,5163.0,5833.782,5876.8755,1562.0
484,2014-05-18,0.0,0.0,0.0,0.0,0,0.0,7.0,0.696551,-0.71750724,0.5,-0.8660254,2,0,0,1,7353.0,1,6708.0,1,5501.0,1,10104.0,1,7379.0,1,10964.0,1,6053.0,1,5937.0,6441.469,6204.9033,645.0
484,2014-05-19,8485.0,751.0,1.0,1.0,0,0.0,1.0,0.60680014,-0.79485446,0.5,-0.8660254,2,0,0,1,0.0,1,7353.0,1,5146.0,1,0.0,1,7233.0,1,8236.0,1,6893.0,1,7337.0,3864.8816,4826.036,-7353.0
484,2014-05-20,5926.0,610.0,1.0,1.0,0,0.0,2.0,0.60680014,-0.79485446,0.5,-0.8660254,2,0,0,1,8485.0,1,0.0,1,6708.0,1,5622.0,1,7671.0,1,0.0,1,7677.0,1,8317.0,5712.929,5639.139,8485.0
484,2014-05-21,6120.0,612.0,1.0,1.0,0,0.0,3.0,0.60680014,-0.79485446,0.5,-0.8660254,2,0,0,1,5926.0,1,8485.0,1,7353.0,1,4763.0,1,9765.0,1,9629.0,1,0.0,1,0.0,5798.157,5702.8857,-2559.0
484,2014-05-22,6651.0,614.0,1.0,1.0,0,0.0,4.0,0.60680014,-0.79485446,0.5,-0.8660254,2,0,0,1,6120.0,1,5926.0,1,0.0,1,5501.0,1,10104.0,1,7379.0,1,8288.0,1,8845.0,5926.8945,5795.578,194.0
484,2014-05-23,9509.0,893.0,1.0,1.0,0,0.0,5.0,0.60680014,-0.79485446,0.5,-0.8660254,2,0,0,1,6651.0,1,6120.0,1,8485.0,1,5146.0,1,0.0,1,7233.0,1,7785.0,1,8155.0,6216.5366,5985.672,531.0
484,2014-05-24,8073.0,857.0,1.0,0.0,0,0.0,6.0,0.60680014,-0.79485446,0.5,-0.8660254,2,0,0,1,9509.0,1,6651.0,1,5926.0,1,6708.0,1,5622.0,1,7671.0,1,10288.0,1,6797.0,7533.522,6768.634,2858.0
484,2014-05-25,0.0,0.0,0.0,0.0,0,0.0,7.0,0.60680014,-0.79485446,0.5,-0.8660254,2,0,0,1,8073.0,1,9509.0,1,6120.0,1,7353.0,1,4763.0,1,9765.0,1,0.0,1,7118.0,7749.313,7058.4927,-1436.0
484,2014-05-26,5830.0,630.0,1.0,0.0,0,0.0,1.0,0.5085311,-0.86104363,0.5,-0.8660254,2,0,0,1,0.0,1,8073.0,1,6651.0,1,0.0,1,5501.0,1,10104.0,1,10964.0,1,9778.0,4649.588,5489.939,-8073.0
484,2014-05-27,6009.0,651.0,1.0,0.0,0,0.0,2.0,0.5085311,-0.86104363,0.5,-0.8660254,2,0,0,1,5830.0,1,0.0,1,9509.0,1,8485.0,1,5146.0,1,0.0,1,8236.0,1,8652.0,5121.753,5565.508,5830.0
484,2014-05-28,8800.0,909.0,1.0,0.0,0,0.0,3.0,0.5085311,-0.86104363,0.5,-0.8660254,2,0,0,1,6009.0,1,5830.0,1,8073.0,1,5926.0,1,6708.0,1,5622.0,1,0.0,1,0.0,5476.652,5664.0615,179.0
484,2014-05-29,0.0,0.0,0.0,0.0,1,0.0,4.0,0.5085311,-0.86104363,0.5,-0.8660254,2,0,0,1,8800.0,1,6009.0,1,0.0,1,6120.0,1,7353.0,1,4763.0,1,9629.0,1,5502.0,6805.991,6360.937,2791.0
484,2014-05-30,9787.0,892.0,1.0,0.0,0,1.0,5.0,0.5085311,-0.86104363,0.5,-0.8660254,2,0,0,1,0.0,1,8800.0,1,5830.0,1,6651.0,1,0.0,1,5501.0,1,7379.0,1,5194.0,4083.5945,4947.3955,-8800.0
484,2014-05-31,8363.0,866.0,1.0,0.0,0,0.0,6.0,0.5085311,-0.86104363,0.5,-0.8660254,2,0,1,1,9787.0,1,0.0,1,6009.0,1,9509.0,1,8485.0,1,5146.0,1,7233.0,1,5801.0,6364.9565,6022.8633,9787.0
484,2014-06-01,0.0,0.0,0.0,0.0,0,0.0,7.0,0.5085311,-0.86104363,1.2246469e-16,-1.0,2,1,0,1,8363.0,1,9787.0,1,8800.0,1,8073.0,1,5926.0,1,6708.0,1,7671.0,1,5484.0,7164.174,6542.8936,-1424.0
484,2014-06-02,9947.0,842.0,1.0,1.0,0,0.0,1.0,0.40312344,-0.91514564,1.2246469e-16,-1.0,2,0,0,1,0.0,1,8363.0,1,0.0,1,0.0,1,6120.0,1,7353.0,1,9765.0,1,7268.0,4298.5044,5088.917,-8363.0
484,2014-06-03,6774.0,636.0,1.0,1.0,0,0.0,2.0,0.40312344,-0.91514564,1.2246469e-16,-1.0,2,0,0,1,9947.0,1,0.0,1,9787.0,1,5830.0,1,6651.0,1,0.0,1,10104.0,1,8634.0,6557.903,6168.491,9947.0
484,2014-06-04,7262.0,660.0,1.0,1.0,0,0.0,3.0,0.40312344,-0.91514564,1.2246469e-16,-1.0,2,0,0,1,6774.0,1,9947.0,1,8363.0,1,6009.0,1,9509.0,1,8485.0,1,0.0,1,0.0,6644.342,6303.049,-3173.0
484,2014-06-05,8147.0,740.0,1.0,1.0,0,0.0,4.0,0.40312344,-0.91514564,1.2246469e-16,-1.0,2,0,0,1,7262.0,1,6774.0,1,0.0,1,8800.0,1,8073.0,1,5926.0,1,5622.0,1,9124.0,6891.405,6516.149,488.0
484,2014-06-06,9114.0,868.0,1.0,1.0,0,0.0,5.0,0.40312344,-0.91514564,1.2246469e-16,-1.0,2,0,0,1,8147.0,1,7262.0,1,9947.0,1,0.0,1,0.0,1,6120.0,1,4763.0,1,8988.0,7393.643,6878.56,885.0
484,2014-06-07,9159.0,916.0,1.0,0.0,0,0.0,6.0,0.40312344,-0.91514564,1.2246469e-16,-1.0,2,0,0,1,9114.0,1,8147.0,1,6774.0,1,9787.0,1,5830.0,1,6651.0,1,5501.0,1,10657.0,8081.7856,7375.3247,967.0
484,2014-06-08,0.0,0.0,0.0,0.0,0,0.0,7.0,0.40312344,-0.91514564,1.2246469e-16,-1.0,2,0,0,1,9159.0,1,9114.0,1,7262.0,1,8363.0,1,6009.0,1,9509.0,1,5146.0,1,12230.0,8512.672,7771.697,45.0
484,2014-06-09,0.0,0.0,0.0,0.0,1,0.0,1.0,0.29205677,-0.956401,1.2246469e-16,-1.0,2,0,0,1,0.0,1,9159.0,1,8147.0,1,0.0,1,8800.0,1,8073.0,1,6708.0,1,0.0,5107.603,6044.6533,-9159.0
484,2014-06-10,6460.0,700.0,1.0,0.0,0,0.0,2.0,0.29205677,-0.956401,1.2246469e-16,-1.0,2,0,0,1,0.0,1,0.0,1,9114.0,1,9947.0,1,0.0,1,0.0,1,7353.0,1,13607.0,3064.5618,4701.397,0.0
484,2014-06-11,6815.0,646.0,1.0,0.0,0,0.0,3.0,0.29205677,-0.956401,1.2246469e-16,-1.0,2,0,0,1,6460.0,1,0.0,1,9159.0,1,6774.0,1,9787.0,1,5830.0,1,0.0,1,0.0,4422.737,5092.1978,6460.0
484,2014-06-12,6426.0,641.0,1.0,0.0,0,0.0,4.0,0.29205677,-0.956401,1.2246469e-16,-1.0,2,0,0,1,6815.0,1,6460.0,1,0.0,1,7262.0,1,8363.0,1,6009.0,1,8485.0,1,0.0,5379.642,5475.0425,355.0
484,2014-06-13,7662.0,814.0,1.0,0.0,0,0.0,5.0,0.29205677,-0.956401,1.2246469e-16,-1.0,2,0,0,1,6426.0,1,6815.0,1,0.0,1,8147.0,1,0.0,1,8800.0,1,5926.0,1,6108.0,5798.1855,5686.3667,-389.0
484,2014-06-14,8935.0,910.0,1.0,0.0,0,0.0,6.0,0.29205677,-0.956401,1.2246469e-16,-1.0,2,0,0,1,7662.0,1,6426.0,1,6460.0,1,9114.0,1,9947.0,1,0.0,1,6120.0,1,5782.0,6543.7114,6125.396,1236.0
484,2014-06-15,0.0,0.0,0.0,0.0,0,0.0,7.0,0.29205677,-0.956401,1.2246469e-16,-1.0,2,0,0,1,8935.0,1,7662.0,1,6815.0,1,9159.0,1,6774.0,1,9787.0,1,6651.0,1,6053.0,7500.2266,6749.7524,1273.0
484,2014-06-16,7837.0,721.0,1.0,1.0,0,0.0,1.0,0.17689027,-0.9842306,1.2246469e-16,-1.0,2,0,0,1,0.0,1,8935.0,1,6426.0,1,0.0,1,7262.0,1,8363.0,1,9509.0,1,6893.0,4500.136,5249.8076,-8935.0
484,2014-06-17,7129.0,665.0,1.0,1.0,0,0.0,2.0,0.17689027,-0.9842306,1.2246469e-16,-1.0,2,0,0,1,7837.0,1,0.0,1,7662.0,1,0.0,1,8147.0,1,0.0,1,8073.0,1,7677.0,5834.882,5824.7393,7837.0
484,2014-06-18,8166.0,681.0,1.0,1.0,0,0.0,3.0,0.17689027,-0.9842306,1.2246469e-16,-1.0,2,0,0,1,7129.0,1,7837.0,1,8935.0,1,6460.0,1,9114.0,1,9947.0,1,0.0,1,0.0,6352.529,6114.5747,-708.0
484,2014-06-19,7792.0,707.0,1.0,1.0,0,0.0,4.0,0.17689027,-0.9842306,1.2246469e-16,-1.0,2,0,0,1,8166.0,1,7129.0,1,0.0,1,6815.0,1,9159.0,1,6774.0,1,5830.0,1,8288.0,7077.9175,6570.4473,1037.0
484,2014-06-20,9125.0,884.0,1.0,1.0,0,0.0,5.0,0.17689027,-0.9842306,1.2246469e-16,-1.0,2,0,0,1,7792.0,1,8166.0,1,7837.0,1,6426.0,1,0.0,1,7262.0,1,6009.0,1,7785.0,7363.5503,6841.9033,-374.0
484,2014-06-21,7886.0,857.0,1.0,0.0,0,0.0,6.0,0.17689027,-0.9842306,1.2246469e-16,-1.0,2,0,0,1,9125.0,1,7792.0,1,7129.0,1,7662.0,1,0.0,1,8147.0,1,8800.0,1,10288.0,8068.1304,7349.2583,1333.0
484,2014-06-22,0.0,0.0,0.0,0.0,0,0.0,7.0,0.17689027,-0.9842306,1.2246469e-16,-1.0,2,0,0,1,7886.0,1,9125.0,1,8166.0,1,8935.0,1,6460.0,1,9114.0,1,0.0,1,0.0,7995.2783,7468.534,-1239.0
484,2014-06-23,5340.0,593.0,1.0,0.0,0,0.0,1.0,0.059240628,-0.99824375,1.2246469e-16,-1.0,2,0,0,1,0.0,1,7886.0,1,7792.0,1,0.0,1,6815.0,1,9159.0,1,9787.0,1,10964.0,4797.167,5808.86,-7886.0
484,2014-06-24,4712.0,539.0,1.0,0.0,0,0.0,2.0,0.059240628,-0.99824375,1.2246469e-16,-1.0,2,0,0,1,5340.0,1,0.0,1,9125.0,1,7837.0,1,6426.0,1,0.0,1,8363.0,1,8236.0,5014.3003,5704.669,5340.0
484,2014-06-25,5345.0,619.0,1.0,0.0,0,0.0,3.0,0.059240628,-0.99824375,1.2246469e-16,-1.0,2,0,0,1,4712.0,1,5340.0,1,7886.0,1,7129.0,1,7662.0,1,0.0,1,0.0,1,0.0,4893.38,5484.0757,-628.0
484,2014-06-26,5396.0,571.0,1.0,0.0,0,0.0,4.0,0.059240628,-0.99824375,1.2246469e-16,-1.0,2,0,0,1,5345.0,1,4712.0,1,0.0,1,8166.0,1,8935.0,1,6460.0,1,9947.0,1,9629.0,5074.028,5453.17,633.0
484,2014-06-27,7427.0,773.0,1.0,0.0,0,0.0,5.0,0.059240628,-0.99824375,1.2246469e-16,-1.0,2,0,0,1,5396.0,1,5345.0,1,5340.0,1,7792.0,1,0.0,1,6815.0,1,6774.0,1,7379.0,5202.817,5440.4653,51.0
484,2014-06-28,9348.0,905.0,1.0,0.0,0,0.0,6.0,0.059240628,-0.99824375,1.2246469e-16,-1.0,2,0,0,1,7427.0,1,5396.0,1,4712.0,1,9125.0,1,7837.0,1,6426.0,1,7262.0,1,7233.0,6092.49,5881.9175,2031.0
484,2014-06-29,0.0,0.0,0.0,0.0,0,0.0,7.0,0.059240628,-0.99824375,1.2246469e-16,-1.0,2,0,0,1,9348.0,1,7427.0,1,5345.0,1,7886.0,1,7129.0,1,7662.0,1,8147.0,1,7671.0,7394.694,6652.158,1921.0
484,2014-06-30,10064.0,812.0,1.0,1.0,0,0.0,1.0,-0.059240628,-0.99824375,1.2246469e-16,-1.0,2,0,1,1,0.0,1,9348.0,1,5396.0,1,0.0,1,8166.0,1,8935.0,1,9114.0,1,9765.0,4436.8164,5173.901,-9348.0
484,2014-07-01,7415.0,669.0,1.0,1.0,0,0.0,2.0,-0.059240628,-0.99824375,-0.5,-0.8660254,3,1,0,1,10064.0,1,0.0,1,7427.0,1,5340.0,1,7792.0,1,0.0,1,9159.0,1,10104.0,6687.69,6260.5894,10064.0
484,2014-07-02,6816.0,656.0,1.0,1.0,0,0.0,3.0,-0.059240628,-0.99824375,-0.5,-0.8660254,3,0,0,1,7415.0,1,10064.0,1,9348.0,1,4712.0,1,9125.0,1,7837.0,1,0.0,1,0.0,6978.614,6517.125,-2649.0
484,2014-07-03,7779.0,740.0,1.0,1.0,0,0.0,4.0,-0.059240628,-0.99824375,-0.5,-0.8660254,3,0,0,1,6816.0,1,7415.0,1,0.0,1,5345.0,1,7886.0,1,7129.0,1,0.0,1,5622.0,6913.5684,6583.542,-599.0
484,2014-07-04,7707.0,753.0,1.0,1.0,0,0.0,5.0,-0.059240628,-0.99824375,-0.5,-0.8660254,3,0,0,1,7779.0,1,6816.0,1,10064.0,1,5396.0,1,0.0,1,8166.0,1,6460.0,1,4763.0,7259.741,6849.199,963.0
484,2014-07-05,9252.0,882.0,1.0,0.0,0,0.0,6.0,-0.059240628,-0.99824375,-0.5,-0.8660254,3,0,0,1,7707.0,1,7779.0,1,7415.0,1,7427.0,1,5340.0,1,7792.0,1,6815.0,1,5501.0,7438.6445,7039.822,-72.0
484,2014-07-06,0.0,0.0,0.0,0.0,0,0.0,7.0,-0.059240628,-0.99824375,-0.5,-0.8660254,3,0,0,1,9252.0,1,7707.0,1,6816.0,1,9348.0,1,4712.0,1,9125.0,1,6426.0,1,5146.0,8163.987,7531.417,1545.0
484,2014-07-07,6104.0,651.0,1.0,0.0,0,0.0,1.0,-0.17689027,-0.9842306,-0.5,-0.8660254,3,0,0,1,0.0,1,9252.0,1,7779.0,1,0.0,1,5345.0,1,7886.0,1,7662.0,1,6708.0,4898.392,5857.7686,-9252.0
484,2014-07-08,6078.0,567.0,1.0,0.0,0,0.0,2.0,-0.17689027,-0.9842306,-0.5,-0.8660254,3,0,0,1,6104.0,1,0.0,1,7707.0,1,10064.0,1,5396.0,1,0.0,1,8935.0,1,7353.0,5380.6353,5912.487,6104.0
484,2014-07-09,5054.0,525.0,1.0,0.0,0,0.0,3.0,-0.17689027,-0.9842306,-0.5,-0.8660254,3,0,0,1,6078.0,1,6104.0,1,9252.0,1,7415.0,1,7427.0,1,5340.0,1,0.0,1,0.0,5659.581,5949.2676,-26.0
484,2014-07-10,6500.0,656.0,1.0,0.0,0,0.0,4.0,-0.17689027,-0.9842306,-0.5,-0.8660254,3,0,0,1,5054.0,1,6078.0,1,0.0,1,6816.0,1,9348.0,1,4712.0,1,7837.0,1,8485.0,5417.3486,5750.3193,-1024.0
484,2014-07-11,8050.0,792.0,1.0,0.0,0,0.0,5.0,-0.17689027,-0.9842306,-0.5,-0.8660254,3,0,0,1,6500.0,1,5054.0,1,6104.0,1,7779.0,1,0.0,1,5345.0,1,7129.0,1,5926.0,5850.409,5916.915,1446.0
484,2014-07-12,9915.0,939.0,1.0,0.0,0,0.0,6.0,-0.17689027,-0.9842306,-0.5,-0.8660254,3,0,0,1,8050.0,1,6500.0,1,6078.0,1,7707.0,1,10064.0,1,5396.0,1,8166.0,1,6120.0,6730.2456,6390.9336,1550.0
484,2014-07-13,0.0,0.0,0.0,0.0,0,0.0,7.0,-0.17689027,-0.9842306,-0.5,-0.8660254,3,0,0,1,9915.0,1,8050.0,1,5054.0,1,9252.0,1,7415.0,1,7427.0,1,7792.0,1,6651.0,8004.1475,7174.0596,1865.0
484,2014-07-14,7857.0,726.0,1.0,1.0,0,1.0,1.0,-0.29205677,-0.956401,-0.5,-0.8660254,3,0,0,1,0.0,1,9915.0,1,6500.0,1,0.0,1,6816.0,1,9348.0,1,9125.0,1,9509.0,4802.4883,5579.824,-9915.0
484,2014-07-15,7016.0,624.0,1.0,1.0,0,1.0,2.0,-0.29205677,-0.956401,-0.5,-0.8660254,3,0,0,1,7857.0,1,0.0,1,8050.0,1,6104.0,1,7779.0,1,0.0,1,7886.0,1,8073.0,6024.293,6085.8633,7857.0
484,2014-07-16,7105.0,632.0,1.0,1.0,0,1.0,3.0,-0.29205677,-0.956401,-0.5,-0.8660254,3,0,0,1,7016.0,1,7857.0,1,9915.0,1,6078.0,1,7707.0,1,10064.0,1,0.0,1,0.0,6420.9756,6292.56,-841.0
484,2014-07-17,8133.0,710.0,1.0,1.0,0,1.0,4.0,-0.29205677,-0.956401,-0.5,-0.8660254,3,0,0,1,7105.0,1,7016.0,1,0.0,1,5054.0,1,9252.0,1,7415.0,1,5340.0,1,5830.0,6694.5854,6473.1025,89.0
484,2014-07-18,8767.0,791.0,1.0,1.0,0,1.0,5.0,-0.29205677,-0.956401,-0.5,-0.8660254,3,0,0,1,8133.0,1,7105.0,1,7857.0,1,6500.0,1,0.0,1,6816.0,1,4712.0,1,6009.0,7269.951,6841.9688,1028.0
484,2014-07-19,7612.0,776.0,1.0,0.0,0,0.0,6.0,-0.29205677,-0.956401,-0.5,-0.8660254,3,0,0,1,8767.0,1,8133.0,1,7016.0,1,8050.0,1,6104.0,1,7779.0,1,5345.0,1,8800.0,7868.771,7269.7534,634.0
484,2014-07-20,0.0,0.0,0.0,0.0,0,0.0,7.0,-0.29205677,-0.956401,-0.5,-0.8660254,3,0,0,1,7612.0,1,8767.0,1,7105.0,1,9915.0,1,6078.0,1,7707.0,1,5396.0,1,0.0,7766.0625,7345.808,-1155.0
484,2014-07-21,6410.0,623.0,1.0,0.0,0,1.0,1.0,-0.40312344,-0.91514564,-0.5,-0.8660254,3,0,0,1,0.0,1,7612.0,1,8133.0,1,0.0,1,5054.0,1,9252.0,1,7427.0,1,9787.0,4659.6377,5713.4062,-7612.0
484,2014-07-22,5000.0,525.0,1.0,0.0,0,1.0,2.0,-0.40312344,-0.91514564,-0.5,-0.8660254,3,0,0,1,6410.0,1,0.0,1,8767.0,1,7857.0,1,6500.0,1,0.0,1,9348.0,1,8363.0,5359.7827,5868.205,6410.0
484,2014-07-23,5528.0,545.0,1.0,0.0,0,1.0,3.0,-0.40312344,-0.91514564,-0.5,-0.8660254,3,0,0,1,5000.0,1,6410.0,1,7612.0,1,7016.0,1,8050.0,1,6104.0,1,0.0,1,0.0,5215.8696,5675.2705,-1410.0
484,2014-07-24,5442.0,573.0,1.0,0.0,0,1.0,4.0,-0.40312344,-0.91514564,-0.5,-0.8660254,3,0,0,1,5528.0,1,5000.0,1,0.0,1,7105.0,1,9915.0,1,6078.0,1,10064.0,1,9947.0,5340.7217,5642.544,528.0
484,2014-07-25,6813.0,692.0,1.0,0.0,0,1.0,5.0,-0.40312344,-0.91514564,-0.5,-0.8660254,3,0,0,1,5442.0,1,5528.0,1,6410.0,1,8133.0,1,0.0,1,5054.0,1,7415.0,1,6774.0,5381.233,5597.9785,-86.0
484,2014-07-26,8218.0,814.0,1.0,0.0,0,0.0,6.0,-0.40312344,-0.91514564,-0.5,-0.8660254,3,0,0,1,6813.0,1,5442.0,1,5000.0,1,8767.0,1,7857.0,1,6500.0,1,6816.0,1,7262.0,5953.94,5867.9834,1371.0
484,2014-07-27,0.0,0.0,0.0,0.0,0,0.0,7.0,-0.40312344,-0.91514564,-0.5,-0.8660254,3,0,0,1,8218.0,1,6813.0,1,5528.0,1,7612.0,1,7016.0,1,8050.0,1,7779.0,1,8147.0,6859.564,6390.209,1405.0
484,2014-07-28,8810.0,757.0,1.0,1.0,0,1.0,1.0,-0.5085311,-0.86104363,-0.5,-0.8660254,3,0,0,1,0.0,1,8218.0,1,5442.0,1,0.0,1,7105.0,1,9915.0,1,7707.0,1,9114.0,4115.7383,4970.1626,-8218.0
484,2014-07-29,7012.0,616.0,1.0,1.0,0,1.0,2.0,-0.5085311,-0.86104363,-0.5,-0.8660254,3,0,0,1,8810.0,1,0.0,1,6813.0,1,6410.0,1,8133.0,1,0.0,1,9252.0,1,9159.0,5993.443,5823.46,8810.0
484,2014-07-30,8343.0,721.0,1.0,1.0,0,1.0,3.0,-0.5085311,-0.86104363,-0.5,-0.8660254,3,0,0,1,7012.0,1,8810.0,1,8218.0,1,5000.0,1,8767.0,1,7857.0,1,0.0,1,0.0,6400.8657,6087.58,-1798.0
484,2014-07-31,8741.0,767.0,1.0,1.0,0,1.0,4.0,-0.5085311,-0.86104363,-0.5,-0.8660254,3,0,1,1,8343.0,1,7012.0,1,0.0,1,5528.0,1,7612.0,1,7016.0,1,6104.0,1,0.0,7177.719,6588.784,1331.0
484,2014-08-01,9505.0,861.0,1.0,1.0,0,1.0,5.0,-0.5085311,-0.86104363,-0.8660254,-0.5,3,1,0,1,8741.0,1,8343.0,1,8810.0,1,5442.0,1,0.0,1,7105.0,1,6078.0,1,6460.0,7803.0317,7067.0547,398.0
484,2014-08-02,9005.0,827.0,1.0,0.0,0,0.0,6.0,-0.5085311,-0.86104363,-0.8660254,-0.5,3,0,0,1,9505.0,1,8741.0,1,7012.0,1,6813.0,1,6410.0,1,8133.0,1,5054.0,1,6815.0,8483.819,7608.8203,764.0
484,2014-08-03,0.0,0.0,0.0,0.0,0,0.0,7.0,-0.5085311,-0.86104363,-0.8660254,-0.5,3,0,0,1,9005.0,1,9505.0,1,8343.0,1,8218.0,1,5000.0,1,8767.0,1,6500.0,1,6426.0,8692.291,7919.0825,-500.0
484,2014-08-04,10072.0,829.0,1.0,1.0,0,1.0,1.0,-0.60680014,-0.79485446,-0.8660254,-0.5,3,0,0,1,0.0,1,9005.0,1,8741.0,1,0.0,1,5528.0,1,7612.0,1,8050.0,1,7662.0,5215.375,6159.286,-9005.0
484,2014-08-05,7210.0,662.0,1.0,1.0,0,1.0,2.0,-0.60680014,-0.79485446,-0.8660254,-0.5,3,0,0,1,10072.0,1,0.0,1,9505.0,1,8810.0,1,5442.0,1,0.0,1,9915.0,1,8935.0,7158.025,7028.7783,10072.0
484,2014-08-06,7219.0,630.0,1.0,1.0,0,1.0,3.0,-0.60680014,-0.79485446,-0.8660254,-0.5,3,0,0,1,7210.0,1,10072.0,1,9005.0,1,7012.0,1,6813.0,1,6410.0,1,0.0,1,0.0,7178.815,7069.05,-2862.0
484,2014-08-07,7434.0,721.0,1.0,1.0,0,1.0,4.0,-0.60680014,-0.79485446,-0.8660254,-0.5,3,0,0,1,7219.0,1,7210.0,1,0.0,1,8343.0,1,8218.0,1,5000.0,1,7857.0,1,7837.0,7194.889,7102.372,9.0
484,2014-08-08,8409.0,778.0,1.0,1.0,0,1.0,5.0,-0.60680014,-0.79485446,-0.8660254,-0.5,3,0,0,1,7434.0,1,7219.0,1,10072.0,1,8741.0,1,0.0,1,5528.0,1,7016.0,1,7129.0,7290.533,7176.067,215.0
484,2014-08-09,8297.0,817.0,1.0,0.0,0,0.0,6.0,-0.60680014,-0.79485446,-0.8660254,-0.5,3,0,0,1,8409.0,1,7434.0,1,7210.0,1,9505.0,1,8810.0,1,5442.0,1,7105.0,1,8166.0,7737.92,7450.0522,975.0
484,2014-08-10,0.0,0.0,0.0,0.0,0,0.0,7.0,-0.60680014,-0.79485446,-0.8660254,-0.5,3,0,0,1,8297.0,1,8409.0,1,7219.0,1,9005.0,1,7012.0,1,6813.0,1,8133.0,1,7792.0,7961.5522,7638.2627,-112.0
484,2014-08-11,6165.0,666.0,1.0,0.0,0,1.0,1.0,-0.696551,-0.71750724,-0.8660254,-0.5,3,0,0,1,0.0,1,8297.0,1,7434.0,1,0.0,1,8343.0,1,8218.0,1,8767.0,1,9125.0,4776.931,5940.871,-8297.0
484,2014-08-12,5890.0,557.0,1.0,0.0,0,1.0,2.0,-0.696551,-0.71750724,-0.8660254,-0.5,3,0,0,1,6165.0,1,0.0,1,8409.0,1,10072.0,1,8741.0,1,0.0,1,7612.0,1,7886.0,5332.1587,5990.6777,6165.0
484,2014-08-13,4597.0,524.0,1.0,0.0,0,1.0,3.0,-0.696551,-0.71750724,-0.8660254,-0.5,3,0,0,1,5890.0,1,6165.0,1,8297.0,1,7210.0,1,9505.0,1,8810.0,1,0.0,1,0.0,5555.2954,5968.3047,-275.0
484,2014-08-14,5772.0,609.0,1.0,0.0,0,1.0,4.0,-0.696551,-0.71750724,-0.8660254,-0.5,3,0,0,1,4597.0,1,5890.0,1,0.0,1,7219.0,1,9005.0,1,7012.0,1,6410.0,1,5340.0,5171.977,5663.5703,-1293.0
484,2014-08-15,7744.0,763.0,1.0,0.0,0,1.0,5.0,-0.696551,-0.71750724,-0.8660254,-0.5,3,0,0,1,5772.0,1,4597.0,1,6165.0,1,7434.0,1,0.0,1,8343.0,1,5000.0,1,4712.0,5411.9863,5687.666,1175.0
484,2014-08-16,8366.0,844.0,1.0,0.0,0,0.0,6.0,-0.696551,-0.71750724,-0.8660254,-0.5,3,0,0,1,7744.0,1,5772.0,1,5890.0,1,8409.0,1,10072.0,1,8741.0,1,5528.0,1,5345.0,6344.792,6144.629,1972.0
484,2014-08-17,0.0,0.0,0.0,0.0,0,0.0,7.0,-0.696551,-0.71750724,-0.8660254,-0.5,3,0,0,1,8366.0,1,7744.0,1,4597.0,1,8297.0,1,7210.0,1,9505.0,1,5442.0,1,5396.0,7153.275,6638.267,622.0
484,2014-08-18,9670.0,839.0,1.0,1.0,0,1.0,1.0,-0.7765239,-0.63008785,-0.8660254,-0.5,3,0,0,1,0.0,1,8366.0,1,5772.0,1,0.0,1,7219.0,1,9005.0,1,6813.0,1,7427.0,4291.965,5163.0967,-8366.0
484,2014-08-19,7461.0,666.0,1.0,1.0,0,1.0,2.0,-0.7765239,-0.63008785,-0.8660254,-0.5,3,0,0,1,9670.0,1,0.0,1,7744.0,1,6165.0,1,7434.0,1,0.0,1,8218.0,1,9348.0,6443.179,6164.631,9670.0
484,2014-08-20,7665.0,673.0,1.0,1.0,0,1.0,3.0,-0.7765239,-0.63008785,-0.8660254,-0.5,3,0,0,1,7461.0,1,9670.0,1,8366.0,1,5890.0,1,8409.0,1,10072.0,1,0.0,1,0.0,6850.3076,6452.713,-2209.0
484,2014-08-21,7789.0,705.0,1.0,1.0,0,1.0,4.0,-0.7765239,-0.63008785,-0.8660254,-0.5,3,0,0,1,7665.0,1,7461.0,1,0.0,1,4597.0,1,8297.0,1,7210.0,1,8810.0,1,10064.0,7176.1846,6722.11,204.0
484,2014-08-22,10171.0,917.0,1.0,1.0,0,1.0,5.0,-0.7765239,-0.63008785,-0.8660254,-0.5,3,0,0,1,7789.0,1,7665.0,1,9670.0,1,5772.0,1,0.0,1,7219.0,1,7012.0,1,7415.0,7421.3105,6959.197,124.0
484,2014-08-23,9373.0,916.0,1.0,0.0,0,0.0,6.0,-0.7765239,-0.63008785,-0.8660254,-0.5,3,0,0,1,10171.0,1,7789.0,1,7461.0,1,7744.0,1,6165.0,1,7434.0,1,8343.0,1,6816.0,8521.187,7672.9307,2382.0
484,2014-08-24,0.0,0.0,0.0,0.0,0,0.0,7.0,-0.7765239,-0.63008785,-0.8660254,-0.5,3,0,0,1,9373.0,1,10171.0,1,7665.0,1,8366.0,1,5890.0,1,8409.0,1,8741.0,1,7779.0,8861.912,8050.7236,-798.0
484,2014-08-25,8766.0,893.0,1.0,0.0,0,0.0,1.0,-0.845596,-0.5338234,-0.8660254,-0.5,3,0,0,1,0.0,1,9373.0,1,7789.0,1,0.0,1,4597.0,1,8297.0,1,9505.0,1,7707.0,5317.147,6261.6743,-9373.0
484,2014-08-26,6761.0,731.0,1.0,0.0,0,0.0,2.0,-0.845596,-0.5338234,-0.8660254,-0.5,3,0,0,1,8766.0,1,0.0,1,10171.0,1,9670.0,1,5772.0,1,0.0,1,9005.0,1,9252.0,6696.6885,6818.191,8766.0
484,2014-08-27,6360.0,652.0,1.0,0.0,0,0.0,3.0,-0.845596,-0.5338234,-0.8660254,-0.5,3,0,0,1,6761.0,1,8766.0,1,9373.0,1,7461.0,1,7744.0,1,6165.0,1,0.0,1,0.0,6722.413,6805.482,-2005.0
484,2014-08-28,6508.0,714.0,1.0,0.0,0,0.0,4.0,-0.845596,-0.5338234,-0.8660254,-0.5,3,0,0,1,6360.0,1,6761.0,1,0.0,1,7665.0,1,8366.0,1,5890.0,1,10072.0,1,6104.0,6577.4478,6706.486,-401.0
484,2014-08-29,9042.0,914.0,1.0,0.0,0,0.0,5.0,-0.845596,-0.5338234,-0.8660254,-0.5,3,0,0,1,6508.0,1,6360.0,1,8766.0,1,7789.0,1,0.0,1,4597.0,1,7210.0,1,6078.0,6549.6685,6662.378,148.0
484,2014-08-30,9873.0,978.0,1.0,0.0,0,0.0,6.0,-0.845596,-0.5338234,-0.8660254,-0.5,3,0,0,1,9042.0,1,6508.0,1,6761.0,1,10171.0,1,9670.0,1,5772.0,1,7219.0,1,5054.0,7546.601,7191.1826,2534.0
484,2014-08-31,0.0,0.0,0.0,0.0,0,0.0,7.0,-0.845596,-0.5338234,-0.8660254,-0.5,3,0,1,1,9873.0,1,9042.0,1,6360.0,1,9373.0,1,7461.0,1,7744.0,1,7434.0,1,6500.0,8477.161,7787.142,831.0
484,2014-09-01,10027.0,891.0,1.0,1.0,0,0.0,1.0,-0.9027978,-0.4300652,-1.0,-1.8369701e-16,3,1,0,1,0.0,1,9873.0,1,6508.0,1,0.0,1,7665.0,1,8366.0,1,8409.0,1,8050.0,5086.2964,6056.666,-9873.0
484,2014-09-02,7465.0,725.0,1.0,1.0,0,0.0,2.0,-0.9027978,-0.4300652,-1.0,-1.8369701e-16,3,0,0,1,10027.0,1,0.0,1,9042.0,1,8766.0,1,7789.0,1,0.0,1,8297.0,1,9915.0,7062.5776,6938.9624,10027.0
484,2014-09-03,7190.0,651.0,1.0,1.0,0,0.0,3.0,-0.9027978,-0.4300652,-1.0,-1.8369701e-16,3,0,0,1,7465.0,1,10027.0,1,9873.0,1,6761.0,1,10171.0,1,9670.0,1,0.0,1,0.0,7223.547,7055.86,-2562.0
484,2014-09-04,8808.0,818.0,1.0,1.0,0,0.0,4.0,-0.9027978,-0.4300652,-1.0,-1.8369701e-16,3,0,0,1,7190.0,1,7465.0,1,0.0,1,6360.0,1,9373.0,1,7461.0,1,6165.0,1,7857.0,7210.128,7085.669,-275.0
484,2014-09-05,8497.0,837.0,1.0,1.0,0,0.0,5.0,-0.9027978,-0.4300652,-1.0,-1.8369701e-16,3,0,0,1,8808.0,1,7190.0,1,10027.0,1,6508.0,1,0.0,1,7665.0,1,5890.0,1,7016.0,7849.277,7468.409,1618.0
484,2014-09-06,8299.0,869.0,1.0,0.0,0,0.0,6.0,-0.9027978,-0.4300652,-1.0,-1.8369701e-16,3,0,0,1,8497.0,1,8808.0,1,7465.0,1,9042.0,1,8766.0,1,7789.0,1,4597.0,1,7105.0,8108.366,7696.985,-311.0
484,2014-09-07,0.0,0.0,0.0,0.0,0,0.0,7.0,-0.9027978,-0.4300652,-1.0,-1.8369701e-16,3,0,0,1,8299.0,1,8497.0,1,7190.0,1,9873.0,1,6761.0,1,10171.0,1,5772.0,1,8133.0,8184.6196,7830.766,-198.0
484,2014-09-08,5583.0,632.0,1.0,0.0,0,0.0,1.0,-0.94732636,-0.32026985,-1.0,-1.8369701e-16,3,0,0,1,0.0,1,8299.0,1,8808.0,1,0.0,1,6360.0,1,9373.0,1,7744.0,1,8767.0,4910.772,6090.5957,-8299.0
484,2014-09-09,5634.0,579.0,1.0,0.0,0,0.0,2.0,-0.94732636,-0.32026985,-1.0,-1.8369701e-16,3,0,0,1,5583.0,1,0.0,1,8497.0,1,10027.0,1,6508.0,1,0.0,1,8366.0,1,7612.0,5179.663,5977.797,5583.0
484,2014-09-10,5086.0,556.0,1.0,0.0,0,0.0,3.0,-0.94732636,-0.32026985,-1.0,-1.8369701e-16,3,0,0,1,5634.0,1,5583.0,1,8299.0,1,7465.0,1,9042.0,1,8766.0,1,0.0,1,0.0,5361.398,5901.3975,51.0
484,2014-09-11,5620.0,625.0,1.0,0.0,0,0.0,4.0,-0.94732636,-0.32026985,-1.0,-1.8369701e-16,3,0,0,1,5086.0,1,5634.0,1,0.0,1,7190.0,1,9873.0,1,6761.0,1,9670.0,1,6410.0,5251.239,5720.1978,-548.0
484,2014-09-12,6803.0,746.0,1.0,0.0,0,0.0,5.0,-0.94732636,-0.32026985,-1.0,-1.8369701e-16,3,0,0,1,5620.0,1,5086.0,1,5583.0,1,8808.0,1,0.0,1,6360.0,1,7461.0,1,5000.0,5398.743,5697.9316,534.0
484,2014-09-13,8927.0,916.0,1.0,0.0,0,0.0,6.0,-0.94732636,-0.32026985,-1.0,-1.8369701e-16,3,0,0,1,6803.0,1,5620.0,1,5634.0,1,8497.0,1,10027.0,1,6508.0,1,7665.0,1,5528.0,5960.446,5943.5024,1183.0
484,2014-09-14,0.0,0.0,0.0,0.0,0,0.0,7.0,-0.94732636,-0.32026985,-1.0,-1.8369701e-16,3,0,0,1,8927.0,1,6803.0,1,5086.0,1,8299.0,1,7465.0,1,9042.0,1,7789.0,1,5442.0,7147.0674,6606.502,2124.0
484,2014-09-15,7813.0,732.0,1.0,1.0,0,0.0,1.0,-0.9785565,-0.20597862,-1.0,-1.8369701e-16,3,0,0,1,0.0,1,8927.0,1,5620.0,1,0.0,1,7190.0,1,9873.0,1,10171.0,1,6813.0,4288.2407,5138.3906,-8927.0
484,2014-09-16,5917.0,597.0,1.0,1.0,0,0.0,2.0,-0.9785565,-0.20597862,-1.0,-1.8369701e-16,3,0,0,1,7813.0,1,0.0,1,6803.0,1,5583.0,1,8808.0,1,0.0,1,9373.0,1,8218.0,5698.1445,5732.748,7813.0
484,2014-09-17,5997.0,605.0,1.0,1.0,0,0.0,3.0,-0.9785565,-0.20597862,-1.0,-1.8369701e-16,3,0,0,1,5917.0,1,7813.0,1,8927.0,1,5634.0,1,8497.0,1,10027.0,1,0.0,1,0.0,5785.6865,5773.693,-1896.0
484,2014-09-18,6306.0,619.0,1.0,1.0,0,0.0,4.0,-0.9785565,-0.20597862,-1.0,-1.8369701e-16,3,0,0,1,5997.0,1,5917.0,1,0.0,1,5086.0,1,8299.0,1,7465.0,1,8766.0,1,8810.0,5870.212,5823.317,80.0
484,2014-09-19,7491.0,791.0,1.0,1.0,0,0.0,5.0,-0.9785565,-0.20597862,-1.0,-1.8369701e-16,3,0,0,1,6306.0,1,5997.0,1,7813.0,1,5620.0,1,0.0,1,7190.0,1,6761.0,1,7012.0,6044.5273,5930.5796,309.0
484,2014-09-20,8265.0,826.0,1.0,0.0,0,0.0,6.0,-0.9785565,-0.20597862,-1.0,-1.8369701e-16,3,0,0,1,7491.0,1,6306.0,1,5917.0,1,6803.0,1,5583.0,1,8808.0,1,6360.0,1,8343.0,6623.116,6277.34,1185.0
484,2014-09-21,0.0,0.0,0.0,0.0,0,0.0,7.0,-0.9785565,-0.20597862,-1.0,-1.8369701e-16,3,0,0,1,8265.0,1,7491.0,1,5997.0,1,8927.0,1,5634.0,1,8497.0,1,6508.0,1,8741.0,7279.8696,6719.042,774.0
484,2014-09-22,5539.0,587.0,1.0,0.0,0,0.0,1.0,-0.9960498,-0.08879589,-1.0,-1.8369701e-16,3,0,0,1,0.0,1,8265.0,1,6306.0,1,0.0,1,5086.0,1,8299.0,1,9042.0,1,9505.0,4367.922,5225.9214,-8265.0
484,2014-09-23,4481.0,494.0,1.0,0.0,0,0.0,2.0,-0.9960498,-0.08879589,-1.0,-1.8369701e-16,3,0,0,1,5539.0,1,0.0,1,7491.0,1,7813.0,1,5620.0,1,0.0,1,9873.0,1,9005.0,4836.353,5295.4946,5539.0
484,2014-09-24,5148.0,576.0,1.0,0.0,0,0.0,3.0,-0.9960498,-0.08879589,-1.0,-1.8369701e-16,3,0,0,1,4481.0,1,5539.0,1,8265.0,1,5917.0,1,6803.0,1,5583.0,1,0.0,1,0.0,4694.212,5114.4956,-1058.0
484,2014-09-25,4907.0,582.0,1.0,0.0,0,0.0,4.0,-0.9960498,-0.08879589,-1.0,-1.8369701e-16,3,0,0,1,5148.0,1,4481.0,1,0.0,1,5997.0,1,8927.0,1,5634.0,1,10027.0,1,10072.0,4875.727,5121.941,667.0
484,2014-09-26,7119.0,769.0,1.0,0.0,0,0.0,5.0,-0.9960498,-0.08879589,-1.0,-1.8369701e-16,3,0,0,1,4907.0,1,5148.0,1,5539.0,1,6306.0,1,0.0,1,5086.0,1,7465.0,1,7210.0,4888.2363,5074.1763,-241.0
484,2014-09-27,8858.0,905.0,1.0,0.0,0,0.0,6.0,-0.9960498,-0.08879589,-1.0,-1.8369701e-16,3,0,0,1,7119.0,1,4907.0,1,4481.0,1,7491.0,1,7813.0,1,5620.0,1,7190.0,1,7219.0,5780.542,5528.5815,2212.0
484,2014-09-28,0.0,0.0,0.0,0.0,0,0.0,7.0,-0.9960498,-0.08879589,-1.0,-1.8369701e-16,3,0,0,1,8858.0,1,7119.0,1,5148.0,1,8265.0,1,5917.0,1,6803.0,1,8808.0,1,7434.0,7011.525,6268.4526,1739.0
484,2014-09-29,7923.0,740.0,1.0,1.0,0,0.0,1.0,-0.99956083,0.029633328,-1.0,-1.8369701e-16,3,0,0,1,0.0,1,8858.0,1,4907.0,1,0.0,1,5997.0,1,8927.0,1,8497.0,1,8409.0,4206.915,4875.463,-8858.0
484,2014-09-30,7597.0,680.0,1.0,1.0,0,0.0,2.0,-0.99956083,0.029633328,-1.0,-1.8369701e-16,3,0,1,1,7923.0,1,0.0,1,7119.0,1,5539.0,1,6306.0,1,0.0,1,8299.0,1,8297.0,5693.349,5552.6934,7923.0
484,2014-10-01,7907.0,762.0,1.0,1.0,0,0.0,3.0,-0.99956083,0.029633328,-0.8660254,0.5,4,1,0,1,7597.0,1,7923.0,1,8858.0,1,4481.0,1,7491.0,1,7813.0,1,0.0,1,0.0,6454.8096,6006.984,-326.0
484,2014-10-02,10431.0,959.0,1.0,1.0,0,0.0,4.0,-0.99956083,0.029633328,-0.8660254,0.5,4,0,0,1,7907.0,1,7597.0,1,0.0,1,5148.0,1,8265.0,1,5917.0,1,5583.0,1,6165.0,7035.6855,6429.2095,310.0
484,2014-10-03,0.0,0.0,0.0,1.0,1,0.0,5.0,-0.99956083,0.029633328,-0.8660254,0.5,4,0,0,1,10431.0,1,7907.0,1,7923.0,1,4907.0,1,0.0,1,5997.0,1,5634.0,1,5890.0,8393.812,7318.4966,2524.0
484,2014-10-04,10412.0,1030.0,1.0,0.0,0,0.0,6.0,-0.99956083,0.029633328,-0.8660254,0.5,4,0,0,1,0.0,1,10431.0,1,7597.0,1,7119.0,1,5539.0,1,6306.0,1,5086.0,1,4597.0,5036.2866,5692.164,-10431.0
484,2014-10-05,0.0,0.0,0.0,0.0,0,0.0,7.0,-0.99956083,0.029633328,-0.8660254,0.5,4,0,0,1,10412.0,1,0.0,1,7907.0,1,8858.0,1,4481.0,1,7491.0,1,5620.0,1,5772.0,7186.5723,6741.016,10412.0
484,2014-10-06,8971.0,812.0,1.0,1.0,0,0.0,1.0,-0.9890402,0.14764656,-0.8660254,0.5,4,0,0,1,0.0,1,10412.0,1,10431.0,1,0.0,1,5148.0,1,8265.0,1,6803.0,1,7744.0,4311.9434,5243.0127,-10412.0
484,2014-10-07,7213.0,647.0,1.0,1.0,0,0.0,2.0,-0.9890402,0.14764656,-0.8660254,0.5,4,0,0,1,8971.0,1,0.0,1,0.0,1,7923.0,1,4907.0,1,0.0,1,8927.0,1,8366.0,6175.566,6071.454,8971.0
484,2014-10-08,7228.0,653.0,1.0,1.0,0,0.0,3.0,-0.9890402,0.14764656,-0.8660254,0.5,4,0,0,1,7213.0,1,8971.0,1,10412.0,1,7597.0,1,7119.0,1,5539.0,1,0.0,1,0.0,6590.5396,6325.1313,-1758.0
484,2014-10-09,7148.0,691.0,1.0,1.0,0,0.0,4.0,-0.9890402,0.14764656,-0.8660254,0.5,4,0,0,1,7228.0,1,7213.0,1,0.0,1,7907.0,1,8858.0,1,4481.0,1,7813.0,1,9670.0,6845.524,6525.7686,15.0
484,2014-10-10,8819.0,818.0,1.0,1.0,0,0.0,5.0,-0.9890402,0.14764656,-0.8660254,0.5,4,0,0,1,7148.0,1,7228.0,1,8971.0,1,10431.0,1,0.0,1,5148.0,1,5917.0,1,7461.0,6966.514,6664.0425,-80.0
484,2014-10-11,8308.0,882.0,1.0,0.0,0,0.0,6.0,-0.9890402,0.14764656,-0.8660254,0.5,4,0,0,1,8819.0,1,7148.0,1,7213.0,1,0.0,1,7923.0,1,4907.0,1,5997.0,1,7665.0,7707.509,7142.922,1671.0
484,2014-10-12,0.0,0.0,0.0,0.0,0,0.0,7.0,-0.9890402,0.14764656,-0.8660254,0.5,4,0,0,1,8308.0,1,8819.0,1,7228.0,1,10412.0,1,7597.0,1,7119.0,1,6306.0,1,7789.0,7947.705,7401.828,-511.0
484,2014-10-13,6122.0,654.0,1.0,0.0,0,1.0,1.0,-0.9646356,0.26358718,-0.8660254,0.5,4,0,0,1,0.0,1,8308.0,1,7148.0,1,0.0,1,7907.0,1,8858.0,1,7491.0,1,10171.0,4768.623,5756.9775,-8308.0
484,2014-10-14,4184.0,474.0,1.0,0.0,0,1.0,2.0,-0.9646356,0.26358718,-0.8660254,0.5,4,0,0,1,6122.0,1,0.0,1,8819.0,1,8971.0,1,10431.0,1,0.0,1,8265.0,1,9373.0,5309.9736,5838.0938,6122.0
484,2014-10-15,5313.0,556.0,1.0,0.0,0,1.0,3.0,-0.9646356,0.26358718,-0.8660254,0.5,4,0,0,1,4184.0,1,6122.0,1,8308.0,1,7213.0,1,0.0,1,7923.0,1,0.0,1,0.0,4859.5845,5470.517,-1938.0
484,2014-10-16,5431.0,576.0,1.0,0.0,0,1.0,4.0,-0.9646356,0.26358718,-0.8660254,0.5,4,0,0,1,5313.0,1,4184.0,1,0.0,1,7228.0,1,10412.0,1,7597.0,1,5539.0,1,8766.0,5040.9507,5435.513,1129.0
484,2014-10-17,6906.0,769.0,1.0,0.0,0,1.0,5.0,-0.9646356,0.26358718,-0.8660254,0.5,4,0,0,1,5431.0,1,5313.0,1,6122.0,1,7148.0,1,0.0,1,7907.0,1,4481.0,1,6761.0,5196.97,5434.5103,118.0
484,2014-10-18,8262.0,816.0,1.0,0.0,0,0.0,6.0,-0.9646356,0.26358718,-0.8660254,0.5,4,0,0,1,6906.0,1,5431.0,1,4184.0,1,8819.0,1,8971.0,1,10431.0,1,5148.0,1,6360.0,5880.582,5761.5083,1475.0
484,2014-10-19,0.0,0.0,0.0,0.0,0,0.0,7.0,-0.9646356,0.26358718,-0.8660254,0.5,4,0,0,1,8262.0,1,6906.0,1,5313.0,1,8308.0,1,7213.0,1,0.0,1,4907.0,1,6508.0,6833.1494,6317.173,1356.0
484,2014-10-20,7929.0,723.0,1.0,1.0,0,1.0,1.0,-0.9266896,0.37582758,-0.8660254,0.5,4,0,0,1,0.0,1,8262.0,1,5431.0,1,0.0,1,7228.0,1,10412.0,1,7119.0,1,9042.0,4099.8896,4913.357,-8262.0
484,2014-10-21,5818.0,567.0,1.0,1.0,0,1.0,2.0,-0.9266896,0.37582758,-0.8660254,0.5,4,0,0,1,7929.0,1,0.0,1,6906.0,1,6122.0,1,7148.0,1,0.0,1,8858.0,1,9873.0,5631.5337,5583.4995,7929.0
484,2014-10-22,6605.0,641.0,1.0,1.0,0,1.0,3.0,-0.9266896,0.37582758,-0.8660254,0.5,4,0,0,1,5818.0,1,7929.0,1,8262.0,1,4184.0,1,8819.0,1,8971.0,1,0.0,1,0.0,5706.12,5635.611,-2111.0
484,2014-10-23,6422.0,625.0,1.0,1.0,0,1.0,4.0,-0.9266896,0.37582758,-0.8660254,0.5,4,0,0,1,6605.0,1,5818.0,1,0.0,1,5313.0,1,8308.0,1,7213.0,1,7923.0,1,10027.0,6065.6724,5851.031,787.0
484,2014-10-24,8117.0,812.0,1.0,1.0,0,1.0,5.0,-0.9266896,0.37582758,-0.8660254,0.5,4,0,0,1,6422.0,1,6605.0,1,7929.0,1,5431.0,1,0.0,1,7228.0,1,7597.0,1,7465.0,6208.203,5977.9126,-183.0
484,2014-10-25,8049.0,839.0,1.0,0.0,0,0.0,6.0,-0.9266896,0.37582758,-0.8660254,0.5,4,0,0,1,8117.0,1,6422.0,1,5818.0,1,6906.0,1,6122.0,1,7148.0,1,7907.0,1,7190.0,6971.722,6453.2656,1695.0
484,2014-10-26,0.0,0.0,0.0,0.0,0,0.0,7.0,-0.9266896,0.37582758,-0.8660254,0.5,4,0,0,1,8049.0,1,8117.0,1,6605.0,1,8262.0,1,4184.0,1,8819.0,1,10431.0,1,8808.0,7402.6333,6807.873,-68.0
484,2014-10-27,5740.0,579.0,1.0,0.0,0,0.0,1.0,-0.8757349,0.4827922,-0.8660254,0.5,4,0,0,1,0.0,1,8049.0,1,6422.0,1,0.0,1,5313.0,1,8308.0,1,0.0,1,8497.0,4441.58,5295.012,-8049.0
484,2014-10-28,5281.0,525.0,1.0,0.0,0,0.0,2.0,-0.8757349,0.4827922,-0.8660254,0.5,4,0,0,1,5740.0,1,0.0,1,8117.0,1,7929.0,1,5431.0,1,0.0,1,10412.0,1,8299.0,4960.9478,5393.8984,5740.0
484,2014-10-29,5862.0,602.0,1.0,0.0,0,0.0,3.0,-0.8757349,0.4827922,-0.8660254,0.5,4,0,0,1,5281.0,1,5740.0,1,8049.0,1,5818.0,1,6906.0,1,6122.0,1,0.0,1,0.0,5088.9688,5368.81,-459.0
484,2014-10-30,7205.0,676.0,1.0,0.0,0,0.0,4.0,-0.8757349,0.4827922,-0.8660254,0.5,4,0,0,1,5862.0,1,5281.0,1,0.0,1,6605.0,1,8262.0,1,4184.0,1,8971.0,1,5583.0,5398.181,5478.4077,581.0
484,2014-10-31,8284.0,864.0,1.0,0.0,0,0.0,5.0,-0.8757349,0.4827922,-0.8660254,0.5,4,0,1,1,7205.0,1,5862.0,1,5740.0,1,6422.0,1,0.0,1,5313.0,1,7213.0,1,5634.0,6120.9087,5862.0947,1343.0
484,2014-11-01,9134.0,925.0,1.0,0.0,0,0.0,6.0,-0.8757349,0.4827922,-0.5,0.8660254,4,1,0,1,8284.0,1,7205.0,1,5281.0,1,8117.0,1,7929.0,1,5431.0,1,7228.0,1,5086.0,6986.145,6400.296,1079.0
484,2014-11-02,0.0,0.0,0.0,0.0,0,0.0,7.0,-0.8757349,0.4827922,-0.5,0.8660254,4,0,0,1,9134.0,1,8284.0,1,5862.0,1,8049.0,1,5818.0,1,6906.0,1,7148.0,1,5620.0,7845.287,7007.7856,850.0
484,2014-11-03,8971.0,793.0,1.0,1.0,0,0.0,1.0,-0.8124869,0.5829795,-0.5,0.8660254,4,0,0,1,0.0,1,9134.0,1,7205.0,1,0.0,1,6605.0,1,8262.0,1,8819.0,1,6803.0,4707.1724,5450.5,-9134.0
484,2014-11-04,7858.0,689.0,1.0,1.0,0,0.0,2.0,-0.8124869,0.5829795,-0.5,0.8660254,4,0,0,1,8971.0,1,0.0,1,8284.0,1,5740.0,1,6422.0,1,0.0,1,8308.0,1,8927.0,6412.7036,6232.8335,8971.0
484,2014-11-05,7252.0,682.0,1.0,1.0,0,0.0,3.0,-0.8124869,0.5829795,-0.5,0.8660254,4,0,0,1,7858.0,1,8971.0,1,9134.0,1,5281.0,1,8117.0,1,7929.0,1,0.0,1,0.0,6990.8223,6593.9814,-1113.0
484,2014-11-06,7492.0,725.0,1.0,1.0,0,0.0,4.0,-0.8124869,0.5829795,-0.5,0.8660254,4,0,0,1,7252.0,1,7858.0,1,0.0,1,5862.0,1,8049.0,1,5818.0,1,6122.0,1,7813.0,7095.2935,6740.208,-606.0
484,2014-11-07,9427.0,863.0,1.0,1.0,0,0.0,5.0,-0.8124869,0.5829795,-0.5,0.8660254,4,0,0,1,7492.0,1,7252.0,1,8971.0,1,7205.0,1,0.0,1,6605.0,1,4184.0,1,5917.0,7253.976,6907.273,240.0
484,2014-11-08,9203.0,925.0,1.0,0.0,0,0.0,6.0,-0.8124869,0.5829795,-0.5,0.8660254,4,0,0,1,9427.0,1,7492.0,1,7858.0,1,8284.0,1,5740.0,1,6422.0,1,5313.0,1,5997.0,8123.1855,7467.2124,1935.0
484,2014-11-09,0.0,0.0,0.0,0.0,0,0.0,7.0,-0.8124869,0.5829795,-0.5,0.8660254,4,0,0,1,9203.0,1,9427.0,1,7252.0,1,9134.0,1,5281.0,1,8117.0,1,5431.0,1,6306.0,8555.111,7852.943,-224.0
484,2014-11-10,8163.0,721.0,1.0,1.0,0,0.0,1.0,-0.73783326,0.674983,-0.5,0.8660254,4,0,0,1,0.0,1,9203.0,1,7492.0,1,0.0,1,5862.0,1,8049.0,1,6906.0,1,7491.0,5133.067,6107.844,-9203.0
484,2014-11-11,6806.0,617.0,1.0,1.0,0,0.0,2.0,-0.73783326,0.674983,-0.5,0.8660254,4,0,0,1,8163.0,1,0.0,1,9427.0,1,8971.0,1,7205.0,1,0.0,1,8262.0,1,8265.0,6345.04,6564.5454,8163.0
484,2014-11-12,6641.0,653.0,1.0,1.0,0,0.0,3.0,-0.73783326,0.674983,-0.5,0.8660254,4,0,0,1,6806.0,1,8163.0,1,9203.0,1,7858.0,1,8284.0,1,5740.0,1,0.0,1,0.0,6529.424,6618.202,-1357.0
484,2014-11-13,7490.0,725.0,1.0,1.0,0,0.0,4.0,-0.73783326,0.674983,-0.5,0.8660254,4,0,0,1,6641.0,1,6806.0,1,0.0,1,7252.0,1,9134.0,1,5281.0,1,7929.0,1,5539.0,6574.054,6623.2686,-165.0
484,2014-11-14,9138.0,865.0,1.0,1.0,0,0.0,5.0,-0.73783326,0.674983,-0.5,0.8660254,4,0,0,1,7490.0,1,6641.0,1,8163.0,1,7492.0,1,0.0,1,5862.0,1,5818.0,1,4481.0,6940.4326,6815.8755,849.0
484,2014-11-15,9501.0,929.0,1.0,0.0,0,0.0,6.0,-0.73783326,0.674983,-0.5,0.8660254,4,0,0,1,9138.0,1,7490.0,1,6806.0,1,9427.0,1,8971.0,1,7205.0,1,6605.0,1,5148.0,7819.4595,7331.903,1648.0
484,2014-11-16,0.0,0.0,0.0,0.0,0,0.0,7.0,-0.73783326,0.674983,-0.5,0.8660254,4,0,0,1,9501.0,1,9138.0,1,6641.0,1,9203.0,1,7858.0,1,8284.0,1,6422.0,1,4907.0,8492.076,7813.925,363.0
484,2014-11-17,6237.0,636.0,1.0,0.0,0,0.0,1.0,-0.65282214,0.75751126,-0.5,0.8660254,4,0,0,1,0.0,1,9501.0,1,7490.0,1,0.0,1,7252.0,1,9134.0,1,8117.0,1,7119.0,5095.2456,6077.497,-9501.0
484,2014-11-18,5854.0,619.0,1.0,0.0,0,0.0,2.0,-0.65282214,0.75751126,-0.5,0.8660254,4,0,0,1,6237.0,1,0.0,1,9138.0,1,8163.0,1,7492.0,1,0.0,1,8049.0,1,8858.0,5551.9473,6112.942,6237.0
484,2014-11-19,5842.0,626.0,1.0,0.0,0,0.0,3.0,-0.65282214,0.75751126,-0.5,0.8660254,4,0,0,1,5854.0,1,6237.0,1,9501.0,1,6806.0,1,9427.0,1,8971.0,1,0.0,1,0.0,5672.7686,6055.3994,-383.0
484,2014-11-20,6346.0,626.0,1.0,0.0,0,0.0,4.0,-0.65282214,0.75751126,-0.5,0.8660254,4,0,0,1,5842.0,1,5854.0,1,0.0,1,6641.0,1,9203.0,1,7858.0,1,5740.0,1,7923.0,5740.461,6007.977,-12.0
484,2014-11-21,7831.0,770.0,1.0,0.0,0,0.0,5.0,-0.65282214,0.75751126,-0.5,0.8660254,4,0,0,1,6346.0,1,5842.0,1,6237.0,1,7490.0,1,0.0,1,7252.0,1,5281.0,1,7597.0,5982.677,6083.0933,504.0
484,2014-11-22,9105.0,918.0,1.0,0.0,0,0.0,6.0,-0.65282214,0.75751126,-0.5,0.8660254,4,0,0,1,7831.0,1,6346.0,1,5854.0,1,9138.0,1,8163.0,1,7492.0,1,5862.0,1,7907.0,6722.006,6471.517,1485.0
484,2014-11-23,0.0,0.0,0.0,0.0,0,0.0,7.0,-0.65282214,0.75751126,-0.5,0.8660254,4,0,0,1,9105.0,1,7831.0,1,5842.0,1,9501.0,1,6806.0,1,9427.0,1,7205.0,1,10431.0,7675.2036,7056.7354,1274.0
484,2014-11-24,8855.0,799.0,1.0,1.0,0,0.0,1.0,-0.55864674,0.82940567,-0.5,0.8660254,4,0,0,1,0.0,1,9105.0,1,6346.0,1,0.0,1,6641.0,1,9203.0,1,8284.0,1,0.0,4605.122,5488.5723,-9105.0
484,2014-11-25,7713.0,652.0,1.0,1.0,0,0.0,2.0,-0.55864674,0.82940567,-0.5,0.8660254,4,0,0,1,8855.0,1,0.0,1,7831.0,1,6237.0,1,7490.0,1,0.0,1,9134.0,1,10412.0,6305.073,6236.667,8855.0
484,2014-11-26,8204.0,688.0,1.0,1.0,0,0.0,3.0,-0.55864674,0.82940567,-0.5,0.8660254,4,0,0,1,7713.0,1,8855.0,1,9105.0,1,5854.0,1,9138.0,1,8163.0,1,0.0,1,0.0,6868.244,6564.741,-1142.0
484,2014-11-27,9235.0,783.0,1.0,1.0,0,0.0,4.0,-0.55864674,0.82940567,-0.5,0.8660254,4,0,0,1,8204.0,1,7713.0,1,0.0,1,5842.0,1,9501.0,1,6806.0,1,8971.0,1,8971.0,7402.5464,6929.021,491.0
484,2014-11-28,11927.0,983.0,1.0,1.0,0,0.0,5.0,-0.55864674,0.82940567,-0.5,0.8660254,4,0,0,1,9235.0,1,8204.0,1,8855.0,1,6346.0,1,0.0,1,6641.0,1,7858.0,1,7213.0,8135.528,7441.4604,1031.0
484,2014-11-29,13377.0,1150.0,1.0,0.0,0,0.0,6.0,-0.55864674,0.82940567,-0.5,0.8660254,4,0,0,1,11927.0,1,9235.0,1,7713.0,1,7831.0,1,6237.0,1,7490.0,1,7252.0,1,7228.0,9652.116,8438.247,2692.0
484,2014-11-30,0.0,0.0,0.0,0.0,0,0.0,7.0,-0.55864674,0.82940567,-0.5,0.8660254,4,0,1,1,13377.0,1,11927.0,1,8204.0,1,9105.0,1,5854.0,1,9138.0,1,7492.0,1,7148.0,11142.07,9535.748,1450.0
484,2014-12-01,11903.0,932.0,1.0,1.0,0,0.0,1.0,-0.45662925,0.8896571,-2.4492937e-16,1.0,4,1,0,1,0.0,1,13377.0,1,9235.0,1,0.0,1,5842.0,1,9501.0,1,9427.0,1,8819.0,6685.242,7416.693,-13377.0
484,2014-12-02,9625.0,734.0,1.0,1.0,0,0.0,2.0,-0.45662925,0.8896571,-2.4492937e-16,1.0,4,0,0,1,11903.0,1,0.0,1,11927.0,1,8855.0,1,6346.0,1,0.0,1,9203.0,1,8308.0,8772.345,8413.65,11903.0
484,2014-12-03,9373.0,759.0,1.0,1.0,0,0.0,3.0,-0.45662925,0.8896571,-2.4492937e-16,1.0,4,0,0,1,9625.0,1,11903.0,1,13377.0,1,7713.0,1,7831.0,1,6237.0,1,0.0,1,0.0,9113.407,8682.839,-2278.0
484,2014-12-04,11082.0,892.0,1.0,1.0,0,0.0,4.0,-0.45662925,0.8896571,-2.4492937e-16,1.0,4,0,0,1,9373.0,1,9625.0,1,0.0,1,8204.0,1,9105.0,1,5854.0,1,8163.0,1,6122.0,9217.244,8836.208,-252.0
484,2014-12-05,15454.0,1239.0,1.0,1.0,0,0.0,5.0,-0.45662925,0.8896571,-2.4492937e-16,1.0,4,0,0,1,11082.0,1,9373.0,1,11903.0,1,9235.0,1,0.0,1,5842.0,1,6806.0,1,4184.0,9963.146,9335.272,1709.0
484,2014-12-06,10488.0,968.0,1.0,0.0,0,0.0,6.0,-0.45662925,0.8896571,-2.4492937e-16,1.0,4,0,0,1,15454.0,1,11082.0,1,9625.0,1,11927.0,1,8855.0,1,6346.0,1,6641.0,1,5313.0,12159.488,10694.99,4372.0
484,2014-12-07,0.0,0.0,0.0,0.0,0,0.0,7.0,-0.45662925,0.8896571,-2.4492937e-16,1.0,4,0,0,1,10488.0,1,15454.0,1,9373.0,1,13377.0,1,7713.0,1,7831.0,1,7490.0,1,5431.0,11490.893,10648.992,-4966.0
484,2014-12-08,6275.0,664.0,1.0,0.0,0,0.0,1.0,-0.34820163,0.93741965,-2.4492937e-16,1.0,4,0,0,1,0.0,1,10488.0,1,11082.0,1,0.0,1,8204.0,1,9105.0,1,9138.0,1,6906.0,6894.5356,8282.55,-10488.0
484,2014-12-09,6590.0,626.0,1.0,0.0,0,0.0,2.0,-0.34820163,0.93741965,-2.4492937e-16,1.0,4,0,0,1,6275.0,1,0.0,1,15454.0,1,11903.0,1,9235.0,1,0.0,1,9501.0,1,8262.0,6646.721,7836.4272,6275.0
484,2014-12-10,6932.0,627.0,1.0,0.0,0,0.0,3.0,-0.34820163,0.93741965,-2.4492937e-16,1.0,4,0,0,1,6590.0,1,6275.0,1,10488.0,1,9625.0,1,11927.0,1,8855.0,1,0.0,1,0.0,6624.0327,7559.4434,315.0
484,2014-12-11,7187.0,700.0,1.0,0.0,0,0.0,4.0,-0.34820163,0.93741965,-2.4492937e-16,1.0,4,0,0,1,6932.0,1,6590.0,1,0.0,1,9373.0,1,13377.0,1,7713.0,1,6237.0,1,7929.0,6747.2197,7420.0117,342.0
484,2014-12-12,8926.0,815.0,1.0,0.0,0,0.0,5.0,-0.34820163,0.93741965,-2.4492937e-16,1.0,4,0,0,1,7187.0,1,6932.0,1,6275.0,1,11082.0,1,0.0,1,8204.0,1,5854.0,1,5818.0,6923.132,7368.2314,255.0
484,2014-12-13,11142.0,1016.0,1.0,0.0,0,0.0,6.0,-0.34820163,0.93741965,-2.4492937e-16,1.0,4,0,0,1,8926.0,1,7187.0,1,6590.0,1,15454.0,1,11903.0,1,9235.0,1,5842.0,1,6605.0,7724.2793,7714.4023,1739.0
484,2014-12-14,0.0,0.0,0.0,0.0,0,0.0,7.0,-0.34820163,0.93741965,-2.4492937e-16,1.0,4,0,0,1,11142.0,1,8926.0,1,6932.0,1,10488.0,1,9625.0,1,11927.0,1,6346.0,1,6422.0,9091.367,8476.091,2216.0
484,2014-12-15,12011.0,964.0,1.0,1.0,0,0.0,1.0,-0.23488605,0.9720229,-2.4492937e-16,1.0,4,0,0,1,0.0,1,11142.0,1,7187.0,1,0.0,1,9373.0,1,13377.0,1,7831.0,1,8117.0,5454.8203,6592.5146,-11142.0
484,2014-12-16,11234.0,880.0,1.0,1.0,0,0.0,2.0,-0.23488605,0.9720229,-2.4492937e-16,1.0,4,0,0,1,12011.0,1,0.0,1,8926.0,1,6275.0,1,11082.0,1,0.0,1,9105.0,1,8049.0,8077.2925,7796.6226,12011.0
484,2014-12-17,11503.0,866.0,1.0,1.0,0,0.0,3.0,-0.23488605,0.9720229,-2.4492937e-16,1.0,4,0,0,1,11234.0,1,12011.0,1,11142.0,1,6590.0,1,15454.0,1,11903.0,1,0.0,1,0.0,9339.976,8560.484,-777.0
484,2014-12-18,11252.0,981.0,1.0,1.0,0,0.0,4.0,-0.23488605,0.9720229,-2.4492937e-16,1.0,4,0,0,1,11503.0,1,11234.0,1,0.0,1,6932.0,1,10488.0,1,9625.0,1,8855.0,1,5740.0,10205.186,9214.377,269.0
484,2014-12-19,13123.0,1069.0,1.0,1.0,0,0.0,5.0,-0.23488605,0.9720229,-2.4492937e-16,1.0,4,0,0,1,11252.0,1,11503.0,1,12011.0,1,7187.0,1,0.0,1,9373.0,1,7713.0,1,5281.0,10623.911,9667.182,-251.0
484,2014-12-20,13433.0,1109.0,1.0,0.0,0,0.0,6.0,-0.23488605,0.9720229,-2.4492937e-16,1.0,4,0,0,1,13123.0,1,11252.0,1,11234.0,1,8926.0,1,6275.0,1,11082.0,1,8204.0,1,5862.0,11623.547,10435.142,1871.0
484,2014-12-21,0.0,0.0,0.0,0.0,0,0.0,7.0,-0.23488605,0.9720229,-2.4492937e-16,1.0,4,0,0,1,13433.0,1,13123.0,1,11503.0,1,11142.0,1,6590.0,1,15454.0,1,9235.0,1,7205.0,12347.328,11101.332,310.0
484,2014-12-22,15669.0,1344.0,1.0,0.0,0,1.0,1.0,-0.11827317,0.9929811,-2.4492937e-16,1.0,4,0,0,1,0.0,1,13433.0,1,11252.0,1,0.0,1,6932.0,1,10488.0,1,11927.0,1,8284.0,7408.397,8634.369,-13433.0
484,2014-12-23,16855.0,1528.0,1.0,0.0,0,1.0,2.0,-0.11827317,0.9929811,-2.4492937e-16,1.0,4,0,0,1,15669.0,1,0.0,1,13123.0,1,12011.0,1,7187.0,1,0.0,1,13377.0,1,9134.0,10712.638,10197.621,15669.0
484,2014-12-24,7483.0,721.0,1.0,0.0,0,1.0,3.0,-0.11827317,0.9929811,-2.4492937e-16,1.0,4,0,0,1,16855.0,1,15669.0,1,13433.0,1,11234.0,1,8926.0,1,6275.0,1,0.0,1,0.0,13169.583,11677.038,1186.0
484,2014-12-25,0.0,0.0,0.0,0.0,3,1.0,4.0,-0.11827317,0.9929811,-2.4492937e-16,1.0,4,0,0,1,7483.0,1,16855.0,1,0.0,1,11503.0,1,11142.0,1,6590.0,1,11903.0,1,8971.0,10894.95,10745.03,-9372.0
484,2014-12-26,0.0,0.0,0.0,0.0,3,1.0,5.0,-0.11827317,0.9929811,-2.4492937e-16,1.0,4,0,0,1,0.0,1,7483.0,1,15669.0,1,11252.0,1,0.0,1,6932.0,1,9625.0,1,7858.0,6536.9697,8357.245,-7483.0
484,2014-12-27,9178.0,967.0,1.0,0.0,0,0.0,6.0,-0.11827317,0.9929811,-2.4492937e-16,1.0,4,0,0,1,0.0,1,0.0,1,16855.0,1,13123.0,1,12011.0,1,7187.0,1,9373.0,1,7252.0,3922.182,6500.0796,0.0
484,2014-12-28,0.0,0.0,0.0,0.0,0,0.0,7.0,-0.11827317,0.9929811,-2.4492937e-16,1.0,4,0,0,1,9178.0,1,0.0,1,7483.0,1,13433.0,1,11234.0,1,8926.0,1,11082.0,1,7492.0,6024.5093,7095.1733,9178.0
484,2014-12-29,9781.0,927.0,1.0,0.0,0,1.0,1.0,0.11827317,0.9929811,-2.4492937e-16,1.0,4,0,0,1,0.0,1,9178.0,1,0.0,1,0.0,1,11503.0,1,11142.0,1,15454.0,1,9427.0,3614.7056,5518.468,-9178.0
484,2014-12-30,10003.0,1004.0,1.0,0.0,0,1.0,2.0,0.11827317,0.9929811,-2.4492937e-16,1.0,4,0,0,1,9781.0,1,0.0,1,0.0,1,15669.0,1,11252.0,1,0.0,1,10488.0,1,9203.0,6081.223,6465.6973,9781.0
484,2014-12-31,5296.0,555.0,1.0,0.0,0,1.0,3.0,0.11827317,0.9929811,-2.4492937e-16,1.0,4,0,1,1,10003.0,1,9781.0,1,9178.0,1,16855.0,1,13123.0,1,12011.0,1,0.0,1,0.0,7649.934,7251.7646,222.0
484,2015-01-01,0.0,0.0,0.0,0.0,1,1.0,4.0,0.11827317,0.9929811,0.5,0.8660254,1,1,0,1,5296.0,1,10003.0,1,0.0,1,7483.0,1,13433.0,1,11234.0,1,6275.0,1,8163.0,6708.3604,6817.1504,-4707.0
484,2015-01-02,8358.0,867.0,1.0,0.0,0,1.0,5.0,0.11827317,0.9929811,0.5,0.8660254,1,0,0,1,0.0,1,5296.0,1,9781.0,1,0.0,1,0.0,1,11503.0,1,6590.0,1,6806.0,4025.016,5302.228,-5296.0
484,2015-01-03,8251.0,827.0,1.0,0.0,0,0.0,6.0,0.11827317,0.9929811,0.5,0.8660254,1,0,0,1,8358.0,1,0.0,1,10003.0,1,0.0,1,15669.0,1,11252.0,1,6932.0,1,6641.0,5758.21,5981.2886,8358.0
484,2015-01-04,0.0,0.0,0.0,0.0,0,0.0,7.0,0.11827317,0.9929811,0.5,0.8660254,1,0,0,1,8251.0,1,8358.0,1,5296.0,1,9178.0,1,16855.0,1,13123.0,1,7187.0,1,7490.0,6755.3257,6485.669,-107.0
484,2015-01-05,9931.0,859.0,1.0,1.0,0,1.0,1.0,0.23488605,0.9720229,0.5,0.8660254,1,0,0,1,0.0,1,8251.0,1,0.0,1,0.0,1,7483.0,1,13433.0,1,8926.0,1,9138.0,4053.1956,5044.409,-8251.0
484,2015-01-06,7577.0,667.0,1.0,1.0,0,1.0,2.0,0.23488605,0.9720229,0.5,0.8660254,1,0,0,1,9931.0,1,0.0,1,8358.0,1,9781.0,1,0.0,1,0.0,1,11142.0,1,9501.0,6404.3174,6130.3184,9931.0
484,2015-01-07,6275.0,615.0,1.0,1.0,0,0.0,3.0,0.23488605,0.9720229,0.5,0.8660254,1,0,0,1,7577.0,1,9931.0,1,8251.0,1,10003.0,1,0.0,1,15669.0,1,0.0,1,0.0,6873.3906,6451.803,-2354.0
484,2015-01-08,7190.0,638.0,1.0,1.0,0,0.0,4.0,0.23488605,0.9720229,0.5,0.8660254,1,0,0,1,6275.0,1,7577.0,1,0.0,1,5296.0,1,9178.0,1,16855.0,1,12011.0,1,6237.0,6634.034,6412.5137,-1302.0
484,2015-01-09,7851.0,715.0,1.0,1.0,0,0.0,5.0,0.23488605,0.9720229,0.5,0.8660254,1,0,0,1,7190.0,1,6275.0,1,9931.0,1,0.0,1,0.0,1,7483.0,1,11234.0,1,5854.0,6856.4204,6585.288,915.0
484,2015-01-10,9666.0,905.0,1.0,0.0,0,0.0,6.0,0.23488605,0.9720229,0.5,0.8660254,1,0,0,1,7851.0,1,7190.0,1,7577.0,1,8358.0,1,9781.0,1,0.0,1,11503.0,1,5842.0,7254.2524,6866.5576,661.0
484,2015-01-11,0.0,0.0,0.0,0.0,0,0.0,7.0,0.23488605,0.9720229,0.5,0.8660254,1,0,0,1,9666.0,1,7851.0,1,6275.0,1,8251.0,1,10003.0,1,0.0,1,11252.0,1,6346.0,8218.951,7488.656,1815.0
484,2015-01-12,8216.0,713.0,1.0,1.0,0,0.0,1.0,0.34820163,0.93741965,0.5,0.8660254,1,0,0,1,0.0,1,9666.0,1,7190.0,1,0.0,1,5296.0,1,9178.0,1,13123.0,1,7831.0,4931.3706,5824.5103,-9666.0
484,2015-01-13,6864.0,627.0,1.0,1.0,0,0.0,2.0,0.34820163,0.93741965,0.5,0.8660254,1,0,0,1,8216.0,1,0.0,1,7851.0,1,9931.0,1,0.0,1,0.0,1,13433.0,1,9105.0,6245.2227,6355.952,8216.0
484,2015-01-14,7360.0,649.0,1.0,1.0,0,0.0,3.0,0.34820163,0.93741965,0.5,0.8660254,1,0,0,1,6864.0,1,8216.0,1,9666.0,1,7577.0,1,8358.0,1,9781.0,1,0.0,1,0.0,6492.7334,6468.8516,-1352.0
484,2015-01-15,7102.0,668.0,1.0,1.0,0,0.0,4.0,0.34820163,0.93741965,0.5,0.8660254,1,0,0,1,7360.0,1,6864.0,1,0.0,1,6275.0,1,8251.0,1,10003.0,1,15669.0,1,8855.0,6839.64,6666.885,496.0
484,2015-01-16,9541.0,881.0,1.0,1.0,0,0.0,5.0,0.34820163,0.93741965,0.5,0.8660254,1,0,0,1,7102.0,1,7360.0,1,8216.0,1,7190.0,1,0.0,1,5296.0,1,16855.0,1,7713.0,6944.584,6763.577,-258.0
484,2015-01-17,8996.0,883.0,1.0,0.0,0,0.0,6.0,0.34820163,0.93741965,0.5,0.8660254,1,0,0,1,9541.0,1,7102.0,1,6864.0,1,7851.0,1,9931.0,1,0.0,1,7483.0,1,8204.0,7983.1504,7380.782,2439.0
484,2015-01-18,0.0,0.0,0.0,0.0,0,0.0,7.0,0.34820163,0.93741965,0.5,0.8660254,1,0,0,1,8996.0,1,9541.0,1,7360.0,1,9666.0,1,7577.0,1,8358.0,1,0.0,1,9235.0,8388.29,7739.719,-545.0
484,2015-01-19,5152.0,564.0,1.0,0.0,0,0.0,1.0,0.45662925,0.8896571,0.5,0.8660254,1,0,0,1,0.0,1,8996.0,1,7102.0,1,0.0,1,6275.0,1,8251.0,1,0.0,1,11927.0,5032.974,6019.7817,-8996.0
484,2015-01-20,4670.0,514.0,1.0,0.0,0,0.0,2.0,0.45662925,0.8896571,0.5,0.8660254,1,0,0,1,5152.0,1,0.0,1,9541.0,1,8216.0,1,7190.0,1,0.0,1,9178.0,1,13377.0,5080.5845,5826.9414,5152.0
484,2015-01-21,5385.0,571.0,1.0,0.0,0,0.0,3.0,0.45662925,0.8896571,0.5,0.8660254,1,0,0,1,4670.0,1,5152.0,1,8996.0,1,6864.0,1,7851.0,1,9931.0,1,0.0,1,0.0,4916.3506,5569.8433,-482.0
484,2015-01-22,4934.0,560.0,1.0,0.0,0,0.0,4.0,0.45662925,0.8896571,0.5,0.8660254,1,0,0,1,5385.0,1,4670.0,1,0.0,1,7360.0,1,9666.0,1,7577.0,1,9781.0,1,11903.0,5103.8105,5528.767,715.0
484,2015-01-23,6731.0,753.0,1.0,0.0,0,0.0,5.0,0.45662925,0.8896571,0.5,0.8660254,1,0,0,1,4934.0,1,5385.0,1,5152.0,1,7102.0,1,0.0,1,6275.0,1,10003.0,1,9625.0,5035.886,5396.5967,-451.0
484,2015-01-24,8276.0,843.0,1.0,0.0,0,0.0,6.0,0.45662925,0.8896571,0.5,0.8660254,1,0,0,1,6731.0,1,4934.0,1,4670.0,1,9541.0,1,8216.0,1,7190.0,1,5296.0,1,9373.0,5713.9316,5693.131,1797.0
484,2015-01-25,0.0,0.0,0.0,0.0,0,0.0,7.0,0.45662925,0.8896571,0.5,0.8660254,1,0,0,1,8276.0,1,6731.0,1,5385.0,1,8996.0,1,6864.0,1,7851.0,1,0.0,1,11082.0,6738.7593,6267.1016,1545.0
484,2015-01-26,7239.0,678.0,1.0,1.0,0,0.0,1.0,0.55864674,0.82940567,0.5,0.8660254,1,0,0,1,0.0,1,8276.0,1,4934.0,1,0.0,1,7360.0,1,9666.0,1,8358.0,1,15454.0,4043.2554,4874.4126,-8276.0
484,2015-01-27,7479.0,703.0,1.0,1.0,0,0.0,2.0,0.55864674,0.82940567,0.5,0.8660254,1,0,0,1,7239.0,1,0.0,1,6731.0,1,5152.0,1,7102.0,1,0.0,1,8251.0,1,10488.0,5321.553,5399.8765,7239.0
484,2015-01-28,6803.0,610.0,1.0,1.0,0,0.0,3.0,0.55864674,0.82940567,0.5,0.8660254,1,0,0,1,7479.0,1,7239.0,1,8276.0,1,4670.0,1,9541.0,1,8216.0,1,0.0,1,0.0,6184.5317,5861.904,240.0
484,2015-01-29,8129.0,656.0,1.0,1.0,0,0.0,4.0,0.55864674,0.82940567,0.5,0.8660254,1,0,0,1,6803.0,1,7479.0,1,0.0,1,5385.0,1,8996.0,1,6864.0,1,9931.0,1,6275.0,6431.919,6071.036,-676.0
484,2015-01-30,9948.0,914.0,1.0,1.0,0,0.0,5.0,0.55864674,0.82940567,0.5,0.8660254,1,0,0,1,8129.0,1,6803.0,1,7239.0,1,4934.0,1,0.0,1,7360.0,1,7577.0,1,6590.0,7110.7515,6528.3613,1326.0
484,2015-01-31,10357.0,968.0,1.0,0.0,0,0.0,6.0,0.55864674,0.82940567,0.5,0.8660254,1,0,1,1,9948.0,1,8129.0,1,7479.0,1,6731.0,1,5152.0,1,7102.0,1,6275.0,1,6932.0,8245.651,7288.2812,1819.0
484,2015-02-01,0.0,0.0,0.0,0.0,0,0.0,7.0,0.55864674,0.82940567,0.8660254,0.5,1,1,0,1,10357.0,1,9948.0,1,6803.0,1,8276.0,1,4670.0,1,9541.0,1,7190.0,1,7187.0,9090.19,7970.2188,409.0
484,2015-02-02,7997.0,710.0,1.0,1.0,0,0.0,1.0,0.65282214,0.75751126,0.8660254,0.5,1,0,0,1,0.0,1,10357.0,1,8129.0,1,0.0,1,5385.0,1,8996.0,1,7851.0,1,8926.0,5454.1143,6199.059,-10357.0
484,2015-02-03,7309.0,652.0,1.0,1.0,0,0.0,2.0,0.65282214,0.75751126,0.8660254,0.5,1,0,0,1,7997.0,1,0.0,1,9948.0,1,7239.0,1,4934.0,1,0.0,1,9666.0,1,11142.0,6471.2686,6598.6016,7997.0
484,2015-02-04,6833.0,587.0,1.0,1.0,0,0.0,3.0,0.65282214,0.75751126,0.8660254,0.5,1,0,0,1,7309.0,1,7997.0,1,10357.0,1,7479.0,1,6731.0,1,5152.0,1,0.0,1,0.0,6806.3613,6756.468,-688.0
484,2015-02-05,6288.0,654.0,1.0,1.0,0,0.0,4.0,0.65282214,0.75751126,0.8660254,0.5,1,0,0,1,6833.0,1,7309.0,1,0.0,1,6803.0,1,8276.0,1,4670.0,1,8216.0,1,12011.0,6817.0166,6773.475,-476.0
484,2015-02-06,9048.0,858.0,1.0,1.0,0,0.0,5.0,0.65282214,0.75751126,0.8660254,0.5,1,0,0,1,6288.0,1,6833.0,1,7997.0,1,8129.0,1,0.0,1,5385.0,1,6864.0,1,11234.0,6605.41,6665.592,-545.0
484,2015-02-07,9859.0,938.0,1.0,0.0,0,0.0,6.0,0.65282214,0.75751126,0.8660254,0.5,1,0,0,1,9048.0,1,6288.0,1,7309.0,1,9948.0,1,7239.0,1,4934.0,1,7360.0,1,11503.0,7582.446,7195.0156,2760.0
484,2015-02-08,0.0,0.0,0.0,0.0,0,0.0,7.0,0.65282214,0.75751126,0.8660254,0.5,1,0,0,1,9859.0,1,9048.0,1,6833.0,1,10357.0,1,7479.0,1,6731.0,1,7102.0,1,11252.0,8493.067,7787.012,811.0
484,2015-02-09,5948.0,607.0,1.0,0.0,0,0.0,1.0,0.73783326,0.674983,0.8660254,0.5,1,0,0,1,0.0,1,9859.0,1,6288.0,1,0.0,1,6803.0,1,8276.0,1,9541.0,1,13123.0,5095.8403,6056.565,-9859.0
484,2015-02-10,5558.0,575.0,1.0,0.0,0,0.0,2.0,0.73783326,0.674983,0.8660254,0.5,1,0,0,1,5948.0,1,0.0,1,9048.0,1,7997.0,1,8129.0,1,0.0,1,8996.0,1,13433.0,5436.704,6032.4395,5948.0
484,2015-02-11,5145.0,562.0,1.0,0.0,0,0.0,3.0,0.73783326,0.674983,0.8660254,0.5,1,0,0,1,5558.0,1,5948.0,1,9859.0,1,7309.0,1,9948.0,1,7239.0,1,0.0,1,0.0,5485.2227,5927.0083,-390.0
484,2015-02-12,6347.0,630.0,1.0,0.0,0,0.0,4.0,0.73783326,0.674983,0.8660254,0.5,1,0,0,1,5145.0,1,5558.0,1,0.0,1,6833.0,1,10357.0,1,7479.0,1,5152.0,1,15669.0,5349.134,5753.229,-413.0
484,2015-02-13,8262.0,825.0,1.0,0.0,0,0.0,5.0,0.73783326,0.674983,0.8660254,0.5,1,0,0,1,6347.0,1,5145.0,1,5948.0,1,6288.0,1,0.0,1,6803.0,1,4670.0,1,16855.0,5748.2803,5885.1777,1202.0
484,2015-02-14,8891.0,889.0,1.0,0.0,0,0.0,6.0,0.73783326,0.674983,0.8660254,0.5,1,0,0,1,8262.0,1,6347.0,1,5558.0,1,9048.0,1,7997.0,1,8129.0,1,5385.0,1,7483.0,6753.768,6413.361,1915.0
484,2015-02-15,0.0,0.0,0.0,0.0,0,0.0,7.0,0.73783326,0.674983,0.8660254,0.5,1,0,0,1,8891.0,1,8262.0,1,5145.0,1,9859.0,1,7309.0,1,9948.0,1,4934.0,1,0.0,7608.6606,6963.9473,629.0
484,2015-02-16,8458.0,744.0,1.0,1.0,0,0.0,1.0,0.8124869,0.5829795,0.8660254,0.5,1,0,0,1,0.0,1,8891.0,1,6347.0,1,0.0,1,6833.0,1,10357.0,1,6731.0,1,0.0,4565.1963,5416.4033,-8891.0
484,2015-02-17,7549.0,630.0,1.0,1.0,0,0.0,2.0,0.8124869,0.5829795,0.8660254,0.5,1,0,0,1,8458.0,1,0.0,1,8262.0,1,5948.0,1,6288.0,1,0.0,1,8276.0,1,9178.0,6122.318,6092.314,8458.0
484,2015-02-18,7054.0,658.0,1.0,1.0,0,0.0,3.0,0.8124869,0.5829795,0.8660254,0.5,1,0,0,1,7549.0,1,8458.0,1,8891.0,1,5558.0,1,9048.0,1,7997.0,1,0.0,1,0.0,6692.9907,6416.022,-909.0
484,2015-02-19,7474.0,706.0,1.0,1.0,0,0.0,4.0,0.8124869,0.5829795,0.8660254,0.5,1,0,0,1,7054.0,1,7549.0,1,0.0,1,5145.0,1,9859.0,1,7309.0,1,7239.0,1,9781.0,6837.3945,6557.795,-495.0
484,2015-02-20,8444.0,811.0,1.0,1.0,0,0.0,5.0,0.8124869,0.5829795,0.8660254,0.5,1,0,0,1,7474.0,1,7054.0,1,8458.0,1,6347.0,1,0.0,1,6833.0,1,7479.0,1,10003.0,7092.0366,6761.396,420.0
484,2015-02-21,9329.0,903.0,1.0,0.0,0,0.0,6.0,0.8124869,0.5829795,0.8660254,0.5,1,0,0,1,8444.0,1,7474.0,1,7549.0,1,8262.0,1,5948.0,1,6288.0,1,6803.0,1,5296.0,7632.822,7135.308,970.0
484,2015-02-22,0.0,0.0,0.0,0.0,0,0.0,7.0,0.8124869,0.5829795,0.8660254,0.5,1,0,0,1,9329.0,1,8444.0,1,7054.0,1,8891.0,1,5558.0,1,9048.0,1,8129.0,1,0.0,8311.293,7622.795,885.0
484,2015-02-23,6170.0,610.0,1.0,0.0,0,0.0,1.0,0.8757349,0.4827922,0.8660254,0.5,1,0,0,1,0.0,1,9329.0,1,7474.0,1,0.0,1,5145.0,1,9859.0,1,9948.0,1,8358.0,4986.776,5928.841,-9329.0
484,2015-02-24,4816.0,498.0,1.0,0.0,0,0.0,2.0,0.8757349,0.4827922,0.8660254,0.5,1,0,0,1,6170.0,1,0.0,1,8444.0,1,8458.0,1,6347.0,1,0.0,1,10357.0,1,8251.0,5460.0654,5982.4316,6170.0
484,2015-02-25,5219.0,543.0,1.0,0.0,0,0.0,3.0,0.8757349,0.4827922,0.8660254,0.5,1,0,0,1,4816.0,1,6170.0,1,9329.0,1,7549.0,1,8262.0,1,5948.0,1,0.0,1,0.0,5202.4395,5723.2246,-1354.0
484,2015-02-26,5777.0,618.0,1.0,0.0,0,0.0,4.0,0.8757349,0.4827922,0.8660254,0.5,1,0,0,1,5219.0,1,4816.0,1,0.0,1,7054.0,1,8891.0,1,5558.0,1,7997.0,1,9931.0,5209.0635,5611.175,403.0
484,2015-02-27,8518.0,800.0,1.0,0.0,0,0.0,5.0,0.8757349,0.4827922,0.8660254,0.5,1,0,0,1,5777.0,1,5219.0,1,6170.0,1,7474.0,1,0.0,1,5145.0,1,7309.0,1,7577.0,5436.2383,5648.025,558.0
484,2015-02-28,10127.0,972.0,1.0,0.0,0,0.0,6.0,0.8757349,0.4827922,0.8660254,0.5,1,0,1,1,8518.0,1,5777.0,1,4816.0,1,8444.0,1,8458.0,1,6347.0,1,6833.0,1,6275.0,6668.943,6285.797,2741.0
484,2015-03-01,0.0,0.0,0.0,0.0,0,0.0,7.0,0.8757349,0.4827922,1.0,6.123234e-17,1,1,0,1,10127.0,1,8518.0,1,5219.0,1,9329.0,1,7549.0,1,8262.0,1,6288.0,1,7190.0,8052.1655,7139.3975,1609.0
484,2015-03-02,8781.0,760.0,1.0,1.0,0,0.0,1.0,0.9266896,0.37582758,1.0,6.123234e-17,1,0,0,1,0.0,1,10127.0,1,5777.0,1,0.0,1,7054.0,1,8891.0,1,9048.0,1,7851.0,4831.2993,5552.8647,-10127.0
484,2015-03-03,6953.0,626.0,1.0,1.0,0,0.0,2.0,0.9266896,0.37582758,1.0,6.123234e-17,1,0,0,1,8781.0,1,0.0,1,8518.0,1,6170.0,1,7474.0,1,0.0,1,9859.0,1,9666.0,6411.1797,6270.228,8781.0
484,2015-03-04,7651.0,668.0,1.0,1.0,0,0.0,3.0,0.9266896,0.37582758,1.0,6.123234e-17,1,0,0,1,6953.0,1,8781.0,1,10127.0,1,4816.0,1,8444.0,1,8458.0,1,0.0,1,0.0,6627.9077,6421.955,-1828.0
484,2015-03-05,7666.0,716.0,1.0,1.0,0,0.0,4.0,0.9266896,0.37582758,1.0,6.123234e-17,1,0,0,1,7651.0,1,6953.0,1,0.0,1,5219.0,1,9329.0,1,7549.0,1,5948.0,1,8216.0,7037.1445,6695.076,698.0
484,2015-03-06,9151.0,886.0,1.0,1.0,0,0.0,5.0,0.9266896,0.37582758,1.0,6.123234e-17,1,0,0,1,7666.0,1,7651.0,1,8781.0,1,5777.0,1,0.0,1,7054.0,1,5558.0,1,6864.0,7288.687,6910.837,15.0
484,2015-03-07,8863.0,890.0,1.0,0.0,0,0.0,6.0,0.9266896,0.37582758,1.0,6.123234e-17,1,0,0,1,9151.0,1,7666.0,1,6953.0,1,8518.0,1,6170.0,1,7474.0,1,5145.0,1,7360.0,8033.6123,7408.651,1485.0
484,2015-03-08,0.0,0.0,0.0,0.0,0,0.0,7.0,0.9266896,0.37582758,1.0,6.123234e-17,1,0,0,1,8863.0,1,9151.0,1,7651.0,1,10127.0,1,4816.0,1,8444.0,1,6347.0,1,7102.0,8365.367,7731.84,-288.0
484,2015-03-09,6725.0,635.0,1.0,0.0,0,0.0,1.0,0.9646356,0.26358718,1.0,6.123234e-17,1,0,0,1,0.0,1,8863.0,1,7666.0,1,0.0,1,5219.0,1,9329.0,1,8262.0,1,9541.0,5019.22,6013.6533,-8863.0
484,2015-03-10,5902.0,546.0,1.0,0.0,0,0.0,2.0,0.9646356,0.26358718,1.0,6.123234e-17,1,0,0,1,6725.0,1,0.0,1,9151.0,1,8781.0,1,5777.0,1,0.0,1,8891.0,1,8996.0,5701.532,6171.73,6725.0
484,2015-03-11,5635.0,585.0,1.0,0.0,0,0.0,3.0,0.9646356,0.26358718,1.0,6.123234e-17,1,0,0,1,5902.0,1,6725.0,1,8863.0,1,6953.0,1,8518.0,1,6170.0,1,0.0,1,0.0,5781.719,6111.79,-823.0
484,2015-03-12,6309.0,619.0,1.0,0.0,0,0.0,4.0,0.9646356,0.26358718,1.0,6.123234e-17,1,0,0,1,5635.0,1,5902.0,1,0.0,1,7651.0,1,10127.0,1,4816.0,1,8458.0,1,5152.0,5723.0317,6005.837,-267.0
484,2015-03-13,7820.0,799.0,1.0,0.0,0,0.0,5.0,0.9646356,0.26358718,1.0,6.123234e-17,1,0,0,1,6309.0,1,5635.0,1,6725.0,1,7666.0,1,0.0,1,5219.0,1,7549.0,1,4670.0,5957.419,6073.2065,674.0
484,2015-03-14,8923.0,866.0,1.0,0.0,0,0.0,6.0,0.9646356,0.26358718,1.0,6.123234e-17,1,0,0,1,7820.0,1,6309.0,1,5902.0,1,9151.0,1,8781.0,1,5777.0,1,7054.0,1,5385.0,6702.451,6461.383,1511.0
484,2015-03-15,0.0,0.0,0.0,0.0,0,0.0,7.0,0.9646356,0.26358718,1.0,6.123234e-17,1,0,0,1,8923.0,1,7820.0,1,5635.0,1,8863.0,1,6953.0,1,8518.0,1,7474.0,1,4934.0,7590.671,7008.4087,1103.0
484,2015-03-16,8823.0,807.0,1.0,1.0,0,0.0,1.0,0.9890402,0.14764656,1.0,6.123234e-17,1,0,0,1,0.0,1,8923.0,1,6309.0,1,0.0,1,7651.0,1,10127.0,1,8444.0,1,6731.0,4554.4023,5450.985,-8923.0
484,2015-03-17,6611.0,580.0,1.0,1.0,0,0.0,2.0,0.9890402,0.14764656,1.0,6.123234e-17,1,0,0,1,8823.0,1,0.0,1,7820.0,1,6725.0,1,7666.0,1,0.0,1,9329.0,1,8276.0,6261.8413,6200.3213,8823.0
484,2015-03-18,6590.0,599.0,1.0,1.0,0,0.0,3.0,0.9890402,0.14764656,1.0,6.123234e-17,1,0,0,1,6611.0,1,8823.0,1,8923.0,1,5902.0,1,9151.0,1,8781.0,1,0.0,1,0.0,6401.505,6291.5835,-2212.0
484,2015-03-19,7334.0,696.0,1.0,1.0,0,0.0,4.0,0.9890402,0.14764656,1.0,6.123234e-17,1,0,0,1,6590.0,1,6611.0,1,0.0,1,5635.0,1,8863.0,1,6953.0,1,6170.0,1,7239.0,6476.903,6357.898,-21.0
484,2015-03-20,9414.0,850.0,1.0,1.0,0,0.0,5.0,0.9890402,0.14764656,1.0,6.123234e-17,1,0,0,1,7334.0,1,6590.0,1,8823.0,1,6309.0,1,0.0,1,7651.0,1,4816.0,1,7479.0,6819.7417,6574.8096,744.0
484,2015-03-21,9401.0,867.0,1.0,0.0,0,0.0,6.0,0.9890402,0.14764656,1.0,6.123234e-17,1,0,0,1,9414.0,1,7334.0,1,6611.0,1,7820.0,1,6725.0,1,7666.0,1,5219.0,1,6803.0,7857.445,7205.7407,2080.0
484,2015-03-22,0.0,0.0,0.0,0.0,0,0.0,7.0,0.9890402,0.14764656,1.0,6.123234e-17,1,0,0,1,9401.0,1,9414.0,1,6590.0,1,8923.0,1,5902.0,1,9151.0,1,5777.0,1,8129.0,8474.867,7693.576,-13.0
484,2015-03-23,5666.0,606.0,1.0,0.0,0,0.0,1.0,0.99956083,0.029633328,1.0,6.123234e-17,1,0,0,1,0.0,1,9401.0,1,7334.0,1,0.0,1,5635.0,1,8863.0,1,8518.0,1,9948.0,5084.9204,5983.8926,-9401.0
484,2015-03-24,5491.0,544.0,1.0,0.0,0,0.0,2.0,0.99956083,0.029633328,1.0,6.123234e-17,1,0,0,1,5666.0,1,0.0,1,9414.0,1,8823.0,1,6309.0,1,0.0,1,10127.0,1,10357.0,5317.352,5913.25,5666.0
484,2015-03-25,5393.0,552.0,1.0,0.0,0,0.0,3.0,0.99956083,0.029633328,1.0,6.123234e-17,1,0,0,1,5491.0,1,5666.0,1,9401.0,1,6611.0,1,7820.0,1,6725.0,1,0.0,1,0.0,5386.8115,5819.4165,-175.0
484,2015-03-26,6414.0,640.0,1.0,0.0,0,0.0,4.0,0.99956083,0.029633328,1.0,6.123234e-17,1,0,0,1,5393.0,1,5491.0,1,0.0,1,6590.0,1,8923.0,1,5902.0,1,8781.0,1,7997.0,5389.2866,5724.657,-98.0
484,2015-03-27,8251.0,760.0,1.0,0.0,0,0.0,5.0,0.99956083,0.029633328,1.0,6.123234e-17,1,0,0,1,6414.0,1,5393.0,1,5666.0,1,7334.0,1,0.0,1,5635.0,1,6953.0,1,7309.0,5799.172,5877.8447,1021.0
484,2015-03-28,10204.0,879.0,1.0,0.0,0,0.0,6.0,0.99956083,0.029633328,1.0,6.123234e-17,1,0,0,1,8251.0,1,6414.0,1,5491.0,1,9414.0,1,8823.0,1,6309.0,1,7651.0,1,6833.0,6779.9033,6405.2124,1837.0
484,2015-03-29,0.0,0.0,0.0,0.0,0,0.0,7.0,0.99956083,0.029633328,1.0,6.123234e-17,1,0,0,1,10204.0,1,8251.0,1,5393.0,1,9401.0,1,6611.0,1,7820.0,1,7666.0,1,6288.0,8149.542,7249.387,1953.0
484,2015-03-30,11083.0,795.0,1.0,1.0,0,0.0,1.0,0.9960498,-0.08879589,1.0,6.123234e-17,1,0,0,1,0.0,1,10204.0,1,6414.0,1,0.0,1,6590.0,1,8923.0,1,9151.0,1,9048.0,4889.725,5638.4126,-10204.0
484,2015-03-31,10665.0,759.0,1.0,1.0,0,0.0,2.0,0.9960498,-0.08879589,1.0,6.123234e-17,1,0,1,1,11083.0,1,0.0,1,8251.0,1,5666.0,1,7334.0,1,0.0,1,8863.0,1,9859.0,7367.035,6848.321,11083.0
484,2015-04-01,12946.0,981.0,1.0,1.0,0,1.0,3.0,0.9960498,-0.08879589,0.8660254,-0.5,2,1,0,1,10665.0,1,11083.0,1,10204.0,1,5491.0,1,9414.0,1,8823.0,1,0.0,1,0.0,8686.221,7696.4717,-418.0
484,2015-04-02,15124.0,1234.0,1.0,1.0,0,1.0,4.0,0.9960498,-0.08879589,0.8660254,-0.5,2,0,0,1,12946.0,1,10665.0,1,0.0,1,5393.0,1,9401.0,1,6611.0,1,6725.0,1,5948.0,10390.133,8863.033,2281.0
484,2015-04-03,0.0,0.0,0.0,1.0,2,1.0,5.0,0.9960498,-0.08879589,0.8660254,-0.5,2,0,0,1,15124.0,1,12946.0,1,11083.0,1,6414.0,1,0.0,1,6590.0,1,5902.0,1,5558.0,12283.68,10254.359,2178.0
484,2015-04-04,14304.0,1300.0,1.0,0.0,0,0.0,6.0,0.9960498,-0.08879589,0.8660254,-0.5,2,0,0,1,0.0,1,15124.0,1,10665.0,1,8251.0,1,5666.0,1,7334.0,1,5635.0,1,5145.0,7370.2075,7975.613,-15124.0
484,2015-04-05,0.0,0.0,0.0,0.0,0,0.0,7.0,0.9960498,-0.08879589,0.8660254,-0.5,2,0,0,1,14304.0,1,0.0,1,12946.0,1,10204.0,1,5491.0,1,9414.0,1,6309.0,1,6347.0,10143.725,9381.921,14304.0
484,2015-04-06,0.0,0.0,0.0,0.0,2,1.0,1.0,0.9785565,-0.20597862,0.8660254,-0.5,2,0,0,1,0.0,1,14304.0,1,15124.0,1,0.0,1,5393.0,1,9401.0,1,7820.0,1,8262.0,6086.235,7297.05,-14304.0
484,2015-04-07,7691.0,713.0,1.0,0.0,0,1.0,2.0,0.9785565,-0.20597862,0.8660254,-0.5,2,0,0,1,0.0,1,0.0,1,0.0,1,11083.0,1,6414.0,1,0.0,1,8923.0,1,8891.0,3651.741,5675.4834,0.0
484,2015-04-08,5997.0,584.0,1.0,0.0,0,1.0,3.0,0.9785565,-0.20597862,0.8660254,-0.5,2,0,0,1,7691.0,1,0.0,1,14304.0,1,10665.0,1,8251.0,1,5666.0,1,0.0,1,0.0,5267.4443,6123.376,7691.0
484,2015-04-09,6497.0,627.0,1.0,0.0,0,1.0,4.0,0.9785565,-0.20597862,0.8660254,-0.5,2,0,0,1,5997.0,1,7691.0,1,0.0,1,12946.0,1,10204.0,1,5491.0,1,8823.0,1,8458.0,5559.2666,6095.2925,-1694.0
484,2015-04-10,7349.0,735.0,1.0,0.0,0,1.0,5.0,0.9785565,-0.20597862,0.8660254,-0.5,2,0,0,1,6497.0,1,5997.0,1,0.0,1,15124.0,1,0.0,1,5393.0,1,6611.0,1,7549.0,5934.36,6184.5605,500.0
484,2015-04-11,8763.0,875.0,1.0,0.0,0,0.0,6.0,0.9785565,-0.20597862,0.8660254,-0.5,2,0,0,1,7349.0,1,6497.0,1,7691.0,1,0.0,1,11083.0,1,6414.0,1,6590.0,1,7054.0,6500.216,6443.325,852.0
484,2015-04-12,0.0,0.0,0.0,0.0,0,0.0,7.0,0.9785565,-0.20597862,0.8660254,-0.5,2,0,0,1,8763.0,1,7349.0,1,5997.0,1,14304.0,1,10665.0,1,8251.0,1,7334.0,1,7474.0,7405.3296,6958.808,1414.0
484,2015-04-13,9565.0,789.0,1.0,1.0,0,1.0,1.0,0.94732636,-0.32026985,0.8660254,-0.5,2,0,0,1,0.0,1,8763.0,1,6497.0,1,0.0,1,12946.0,1,10204.0,1,9414.0,1,8444.0,4443.1978,5412.4062,-8763.0
484,2015-04-14,6761.0,595.0,1.0,1.0,0,1.0,2.0,0.94732636,-0.32026985,0.8660254,-0.5,2,0,0,1,9565.0,1,0.0,1,7349.0,1,0.0,1,15124.0,1,0.0,1,9401.0,1,9329.0,6491.9185,6335.205,9565.0
484,2015-04-15,6660.0,571.0,1.0,1.0,0,1.0,3.0,0.94732636,-0.32026985,0.8660254,-0.5,2,0,0,1,6761.0,1,9565.0,1,8763.0,1,7691.0,1,0.0,1,11083.0,1,0.0,1,0.0,6599.5513,6429.826,-2804.0
484,2015-04-16,8265.0,716.0,1.0,1.0,0,1.0,4.0,0.94732636,-0.32026985,0.8660254,-0.5,2,0,0,1,6660.0,1,6761.0,1,0.0,1,5997.0,1,14304.0,1,10665.0,1,5666.0,1,6170.0,6623.731,6480.976,-101.0
484,2015-04-17,9306.0,836.0,1.0,1.0,0,1.0,5.0,0.94732636,-0.32026985,0.8660254,-0.5,2,0,0,1,8265.0,1,6660.0,1,9565.0,1,6497.0,1,0.0,1,12946.0,1,5491.0,1,4816.0,7280.2383,6877.426,1605.0
484,2015-04-18,8900.0,920.0,1.0,0.0,0,0.0,6.0,0.94732636,-0.32026985,0.8660254,-0.5,2,0,0,1,9306.0,1,8265.0,1,6761.0,1,7349.0,1,0.0,1,15124.0,1,5393.0,1,5219.0,8090.543,7417.109,1041.0
484,2015-04-19,0.0,0.0,0.0,0.0,0,0.0,7.0,0.94732636,-0.32026985,0.8660254,-0.5,2,0,0,1,8900.0,1,9306.0,1,6660.0,1,8763.0,1,7691.0,1,0.0,1,6414.0,1,5777.0,8414.326,7746.64,-406.0
484,2015-04-20,5148.0,579.0,1.0,0.0,0,0.0,1.0,0.9027978,-0.4300652,0.8660254,-0.5,2,0,0,1,0.0,1,8900.0,1,8265.0,1,0.0,1,5997.0,1,14304.0,1,8251.0,1,8518.0,5048.5957,6025.1646,-8900.0
484,2015-04-21,5558.0,566.0,1.0,0.0,0,0.0,2.0,0.9027978,-0.4300652,0.8660254,-0.5,2,0,0,1,5148.0,1,0.0,1,9306.0,1,9565.0,1,6497.0,1,0.0,1,10204.0,1,10127.0,5088.3574,5830.2393,5148.0
484,2015-04-22,5461.0,550.0,1.0,0.0,0,0.0,3.0,0.9027978,-0.4300652,0.8660254,-0.5,2,0,0,1,5558.0,1,5148.0,1,8900.0,1,6761.0,1,7349.0,1,0.0,1,0.0,1,0.0,5276.2144,5769.7417,410.0
484,2015-04-23,5252.0,545.0,1.0,0.0,0,0.0,4.0,0.9027978,-0.4300652,0.8660254,-0.5,2,0,0,1,5461.0,1,5558.0,1,0.0,1,6660.0,1,8763.0,1,7691.0,1,11083.0,1,8781.0,5350.1284,5701.1323,-97.0
484,2015-04-24,7608.0,745.0,1.0,0.0,0,0.0,5.0,0.9027978,-0.4300652,0.8660254,-0.5,2,0,0,1,5252.0,1,5461.0,1,5148.0,1,8265.0,1,0.0,1,5997.0,1,10665.0,1,6953.0,5310.877,5601.325,-209.0
484,2015-04-25,9229.0,903.0,1.0,0.0,0,0.0,6.0,0.9027978,-0.4300652,0.8660254,-0.5,2,0,0,1,7608.0,1,5252.0,1,5558.0,1,9306.0,1,9565.0,1,6497.0,1,12946.0,1,7651.0,6229.726,6047.253,2356.0
484,2015-04-26,0.0,0.0,0.0,0.0,0,0.0,7.0,0.9027978,-0.4300652,0.8660254,-0.5,2,0,0,1,9229.0,1,7608.0,1,5461.0,1,8900.0,1,6761.0,1,7349.0,1,15124.0,1,7666.0,7429.4355,6754.3076,1621.0
484,2015-04-27,8696.0,748.0,1.0,1.0,0,0.0,1.0,0.845596,-0.5338234,0.8660254,-0.5,2,0,0,1,0.0,1,9229.0,1,5252.0,1,0.0,1,6660.0,1,8763.0,1,0.0,1,9151.0,4457.6616,5253.3506,-9229.0
484,2015-04-28,7401.0,614.0,1.0,1.0,0,0.0,2.0,0.845596,-0.5338234,0.8660254,-0.5,2,0,0,1,8696.0,1,0.0,1,7608.0,1,5148.0,1,8265.0,1,0.0,1,14304.0,1,8863.0,6152.997,6018.384,8696.0
484,2015-04-29,8917.0,744.0,1.0,1.0,0,0.0,3.0,0.845596,-0.5338234,0.8660254,-0.5,2,0,0,1,7401.0,1,8696.0,1,9229.0,1,5558.0,1,9306.0,1,9565.0,1,0.0,1,0.0,6652.198,6325.632,-1295.0
484,2015-04-30,12932.0,1103.0,1.0,1.0,0,0.0,4.0,0.845596,-0.5338234,0.8660254,-0.5,2,0,1,1,8917.0,1,7401.0,1,0.0,1,5461.0,1,8900.0,1,6761.0,1,0.0,1,6725.0,7558.1187,6901.491,1516.0
484,2015-05-01,0.0,0.0,0.0,1.0,1,0.0,5.0,0.845596,-0.5338234,0.5,-0.8660254,2,1,0,1,12932.0,1,8917.0,1,8696.0,1,5252.0,1,0.0,1,6660.0,1,7691.0,1,5902.0,9707.671,8241.6045,4015.0
484,2015-05-02,11433.0,1115.0,1.0,0.0,0,0.0,6.0,0.845596,-0.5338234,0.5,-0.8660254,2,0,0,1,0.0,1,12932.0,1,7401.0,1,7608.0,1,5148.0,1,8265.0,1,5997.0,1,5635.0,5824.603,6410.1367,-12932.0
484,2015-05-03,0.0,0.0,0.0,0.0,0,0.0,7.0,0.845596,-0.5338234,0.5,-0.8660254,2,0,0,1,11433.0,1,0.0,1,8917.0,1,9229.0,1,5558.0,1,9306.0,1,6497.0,1,6309.0,8067.962,7526.3286,11433.0
484,2015-05-04,9330.0,770.0,1.0,1.0,0,0.0,1.0,0.7765239,-0.63008785,0.5,-0.8660254,2,0,0,1,0.0,1,11433.0,1,12932.0,1,0.0,1,5461.0,1,8900.0,1,7349.0,1,7820.0,4840.777,5853.811,-11433.0
484,2015-05-05,7893.0,675.0,1.0,1.0,0,0.0,2.0,0.7765239,-0.63008785,0.5,-0.8660254,2,0,0,1,9330.0,1,0.0,1,0.0,1,8696.0,1,5252.0,1,0.0,1,8763.0,1,8923.0,6636.4663,6626.2974,9330.0
484,2015-05-06,7696.0,651.0,1.0,1.0,0,0.0,3.0,0.7765239,-0.63008785,0.5,-0.8660254,2,0,0,1,7893.0,1,9330.0,1,11433.0,1,7401.0,1,7608.0,1,5148.0,1,0.0,1,0.0,7139.0796,6907.787,-1437.0
484,2015-05-07,7335.0,732.0,1.0,1.0,0,0.0,4.0,0.7765239,-0.63008785,0.5,-0.8660254,2,0,0,1,7696.0,1,7893.0,1,0.0,1,8917.0,1,9229.0,1,5558.0,1,9565.0,1,8823.0,7361.8477,7082.9453,-197.0
484,2015-05-08,9748.0,896.0,1.0,1.0,0,0.0,5.0,0.7765239,-0.63008785,0.5,-0.8660254,2,0,0,1,7335.0,1,7696.0,1,9330.0,1,12932.0,1,0.0,1,5461.0,1,6761.0,1,6611.0,7351.109,7138.9575,-361.0
484,2015-05-09,10802.0,1028.0,1.0,0.0,0,0.0,6.0,0.7765239,-0.63008785,0.5,-0.8660254,2,0,0,1,9748.0,1,7335.0,1,7893.0,1,0.0,1,8696.0,1,5252.0,1,6660.0,1,6590.0,8309.865,7718.7446,2413.0
484,2015-05-10,0.0,0.0,0.0,0.0,0,0.0,7.0,0.7765239,-0.63008785,0.5,-0.8660254,2,0,0,1,10802.0,1,9748.0,1,7696.0,1,11433.0,1,7401.0,1,7608.0,1,8265.0,1,7334.0,9306.719,8403.912,1054.0
484,2015-05-11,5814.0,603.0,1.0,0.0,0,0.0,1.0,0.696551,-0.71750724,0.5,-0.8660254,2,0,0,1,0.0,1,10802.0,1,7335.0,1,0.0,1,8917.0,1,9229.0,1,9306.0,1,9414.0,5584.0312,6536.3765,-10802.0
484,2015-05-12,5942.0,614.0,1.0,0.0,0,0.0,2.0,0.696551,-0.71750724,0.5,-0.8660254,2,0,0,1,5814.0,1,0.0,1,9748.0,1,9330.0,1,12932.0,1,0.0,1,8900.0,1,9401.0,5676.019,6375.848,5814.0
484,2015-05-13,10169.0,942.0,1.0,0.0,0,0.0,3.0,0.696551,-0.71750724,0.5,-0.8660254,2,0,0,1,5942.0,1,5814.0,1,10802.0,1,7893.0,1,0.0,1,8696.0,1,0.0,1,0.0,5782.411,6279.4375,128.0
484,2015-05-14,0.0,0.0,0.0,0.0,1,0.0,4.0,0.696551,-0.71750724,0.5,-0.8660254,2,0,0,1,10169.0,1,5942.0,1,0.0,1,7696.0,1,11433.0,1,7401.0,1,5148.0,1,5666.0,7537.047,7143.7847,4227.0
484,2015-05-15,9161.0,961.0,1.0,0.0,0,1.0,5.0,0.696551,-0.71750724,0.5,-0.8660254,2,0,0,1,0.0,1,10169.0,1,5814.0,1,7335.0,1,0.0,1,8917.0,1,5558.0,1,5491.0,4522.228,5556.277,-10169.0
484,2015-05-16,9172.0,883.0,1.0,0.0,0,0.0,6.0,0.696551,-0.71750724,0.5,-0.8660254,2,0,0,1,9161.0,1,0.0,1,5942.0,1,9748.0,1,9330.0,1,12932.0,1,5461.0,1,5393.0,6377.737,6357.3267,9161.0
484,2015-05-17,0.0,0.0,0.0,0.0,0,0.0,7.0,0.696551,-0.71750724,0.5,-0.8660254,2,0,0,1,9172.0,1,9161.0,1,10169.0,1,10802.0,1,7893.0,1,0.0,1,5252.0,1,6414.0,7495.442,6982.8096,11.0
484,2015-05-18,8738.0,758.0,1.0,1.0,0,0.0,1.0,0.60680014,-0.79485446,0.5,-0.8660254,2,0,0,1,0.0,1,9172.0,1,0.0,1,0.0,1,7696.0,1,11433.0,1,7608.0,1,8251.0,4497.265,5431.074,-9172.0
484,2015-05-19,7339.0,668.0,1.0,1.0,0,0.0,2.0,0.60680014,-0.79485446,0.5,-0.8660254,2,0,0,1,8738.0,1,0.0,1,9161.0,1,5814.0,1,7335.0,1,0.0,1,9229.0,1,10204.0,6193.559,6165.947,8738.0
484,2015-05-20,7341.0,641.0,1.0,1.0,0,0.0,3.0,0.60680014,-0.79485446,0.5,-0.8660254,2,0,0,1,7339.0,1,8738.0,1,9172.0,1,5942.0,1,9748.0,1,9330.0,1,0.0,1,0.0,6651.7354,6426.625,-1399.0
484,2015-05-21,7904.0,720.0,1.0,1.0,0,0.0,4.0,0.60680014,-0.79485446,0.5,-0.8660254,2,0,0,1,7341.0,1,7339.0,1,0.0,1,10169.0,1,10802.0,1,7893.0,1,8696.0,1,11083.0,6927.4414,6629.8193,2.0
484,2015-05-22,8791.0,839.0,1.0,1.0,0,0.0,5.0,0.60680014,-0.79485446,0.5,-0.8660254,2,0,0,1,7904.0,1,7341.0,1,8738.0,1,0.0,1,0.0,1,7696.0,1,7401.0,1,10665.0,7318.065,6912.9707,563.0
484,2015-05-23,9568.0,977.0,1.0,0.0,0,0.0,6.0,0.60680014,-0.79485446,0.5,-0.8660254,2,0,0,1,8791.0,1,7904.0,1,7339.0,1,9161.0,1,5814.0,1,7335.0,1,8917.0,1,12946.0,7907.239,7330.3105,887.0
484,2015-05-24,0.0,0.0,0.0,0.0,0,0.0,7.0,0.60680014,-0.79485446,0.5,-0.8660254,2,0,0,1,9568.0,1,8791.0,1,7341.0,1,9172.0,1,5942.0,1,9748.0,1,12932.0,1,15124.0,8571.543,7827.5747,777.0
484,2015-05-25,0.0,0.0,0.0,0.0,1,0.0,1.0,0.5085311,-0.86104363,0.5,-0.8660254,2,0,0,1,0.0,1,9568.0,1,7904.0,1,0.0,1,10169.0,1,10802.0,1,0.0,1,0.0,5142.926,6088.114,-9568.0
484,2015-05-26,6429.0,674.0,1.0,0.0,0,0.0,2.0,0.5085311,-0.86104363,0.5,-0.8660254,2,0,0,1,0.0,1,0.0,1,8791.0,1,8738.0,1,0.0,1,0.0,1,11433.0,1,14304.0,3085.7556,4735.1997,0.0
484,2015-05-27,6179.0,623.0,1.0,0.0,0,0.0,3.0,0.5085311,-0.86104363,0.5,-0.8660254,2,0,0,1,6429.0,1,0.0,1,9568.0,1,7339.0,1,9161.0,1,5814.0,1,0.0,1,0.0,4423.053,5111.5996,6429.0
484,2015-05-28,6430.0,612.0,1.0,0.0,0,0.0,4.0,0.5085311,-0.86104363,0.5,-0.8660254,2,0,0,1,6179.0,1,6429.0,1,0.0,1,7341.0,1,9172.0,1,5942.0,1,9330.0,1,0.0,5125.432,5348.8,-250.0
484,2015-05-29,8831.0,830.0,1.0,0.0,0,0.0,5.0,0.5085311,-0.86104363,0.5,-0.8660254,2,0,0,1,6430.0,1,6179.0,1,0.0,1,7904.0,1,0.0,1,10169.0,1,7893.0,1,7691.0,5647.2593,5589.0664,251.0
484,2015-05-30,10793.0,962.0,1.0,0.0,0,0.0,6.0,0.5085311,-0.86104363,0.5,-0.8660254,2,0,0,1,8831.0,1,6430.0,1,6429.0,1,8791.0,1,8738.0,1,0.0,1,7696.0,1,5997.0,6920.7554,6309.496,2401.0
484,2015-05-31,0.0,0.0,0.0,0.0,0,0.0,7.0,0.5085311,-0.86104363,0.5,-0.8660254,2,0,1,1,10793.0,1,8831.0,1,6179.0,1,9568.0,1,7339.0,1,9161.0,1,7335.0,1,6497.0,8469.653,7305.8306,1962.0
484,2015-06-01,9755.0,794.0,1.0,1.0,0,0.0,1.0,0.40312344,-0.91514564,1.2246469e-16,-1.0,2,1,0,1,0.0,1,10793.0,1,6430.0,1,0.0,1,7341.0,1,9172.0,1,9748.0,1,7349.0,5081.792,5682.3125,-10793.0
484,2015-06-02,8069.0,663.0,1.0,1.0,0,0.0,2.0,0.40312344,-0.91514564,1.2246469e-16,-1.0,2,0,0,1,9755.0,1,0.0,1,8831.0,1,0.0,1,7904.0,1,0.0,1,10802.0,1,8763.0,6951.075,6587.354,9755.0
484,2015-06-03,7673.0,642.0,1.0,1.0,0,0.0,3.0,0.40312344,-0.91514564,1.2246469e-16,-1.0,2,0,0,1,8069.0,1,9755.0,1,10793.0,1,6429.0,1,8791.0,1,8738.0,1,0.0,1,0.0,7398.245,6916.609,-1686.0
484,2015-06-04,6733.0,679.0,1.0,1.0,0,0.0,4.0,0.40312344,-0.91514564,1.2246469e-16,-1.0,2,0,0,1,7673.0,1,8069.0,1,0.0,1,6179.0,1,9568.0,1,7339.0,1,5814.0,1,9565.0,7508.147,7084.696,-396.0
484,2015-06-05,8954.0,790.0,1.0,1.0,0,0.0,5.0,0.40312344,-0.91514564,1.2246469e-16,-1.0,2,0,0,1,6733.0,1,7673.0,1,9755.0,1,6430.0,1,0.0,1,7341.0,1,5942.0,1,6761.0,7198.0884,7006.541,-940.0
484,2015-06-06,8533.0,813.0,1.0,0.0,0,0.0,6.0,0.40312344,-0.91514564,1.2246469e-16,-1.0,2,0,0,1,8954.0,1,6733.0,1,8069.0,1,8831.0,1,0.0,1,7904.0,1,10169.0,1,6660.0,7900.453,7439.3096,2221.0
484,2015-06-07,0.0,0.0,0.0,0.0,0,0.0,7.0,0.40312344,-0.91514564,1.2246469e-16,-1.0,2,0,0,1,8533.0,1,8954.0,1,7673.0,1,10793.0,1,6429.0,1,8791.0,1,0.0,1,8265.0,8153.4717,7682.352,-421.0
484,2015-06-08,6179.0,630.0,1.0,0.0,0,0.0,1.0,0.29205677,-0.956401,1.2246469e-16,-1.0,2,0,0,1,0.0,1,8533.0,1,6733.0,1,0.0,1,6179.0,1,9568.0,1,9161.0,1,9306.0,4892.083,5975.1626,-8533.0
484,2015-06-09,5722.0,579.0,1.0,0.0,0,0.0,2.0,0.29205677,-0.956401,1.2246469e-16,-1.0,2,0,0,1,6179.0,1,0.0,1,8954.0,1,9755.0,1,6430.0,1,0.0,1,9172.0,1,8900.0,5406.8496,6020.46,6179.0
484,2015-06-10,5648.0,543.0,1.0,0.0,0,0.0,3.0,0.29205677,-0.956401,1.2246469e-16,-1.0,2,0,0,1,5722.0,1,6179.0,1,8533.0,1,8069.0,1,8831.0,1,0.0,1,0.0,1,0.0,5532.9097,5954.1353,-457.0
484,2015-06-11,6148.0,621.0,1.0,0.0,0,0.0,4.0,0.29205677,-0.956401,1.2246469e-16,-1.0,2,0,0,1,5648.0,1,5722.0,1,0.0,1,7673.0,1,10793.0,1,6429.0,1,8738.0,1,5148.0,5578.946,5886.1055,-74.0
484,2015-06-12,6982.0,702.0,1.0,0.0,0,0.0,5.0,0.29205677,-0.956401,1.2246469e-16,-1.0,2,0,0,1,6148.0,1,5648.0,1,6179.0,1,6733.0,1,0.0,1,6179.0,1,7339.0,1,5558.0,5806.5674,5944.304,500.0
484,2015-06-13,9040.0,839.0,1.0,0.0,0,0.0,6.0,0.29205677,-0.956401,1.2246469e-16,-1.0,2,0,0,1,6982.0,1,6148.0,1,5722.0,1,8954.0,1,9755.0,1,6430.0,1,7341.0,1,5461.0,6276.7407,6174.9033,834.0
484,2015-06-14,0.0,0.0,0.0,0.0,0,0.0,7.0,0.29205677,-0.956401,1.2246469e-16,-1.0,2,0,0,1,9040.0,1,6982.0,1,5648.0,1,8533.0,1,8069.0,1,8831.0,1,7904.0,1,5252.0,7382.0444,6811.5913,2058.0
484,2015-06-15,9697.0,796.0,1.0,1.0,0,0.0,1.0,0.17689027,-0.9842306,1.2246469e-16,-1.0,2,0,0,1,0.0,1,9040.0,1,6148.0,1,0.0,1,7673.0,1,10793.0,1,8791.0,1,7608.0,4429.2266,5297.9043,-9040.0
484,2015-06-16,7414.0,673.0,1.0,1.0,0,0.0,2.0,0.17689027,-0.9842306,1.2246469e-16,-1.0,2,0,0,1,9697.0,1,0.0,1,6982.0,1,6179.0,1,6733.0,1,0.0,1,9568.0,1,9229.0,6536.336,6275.4814,9697.0
484,2015-06-17,7179.0,647.0,1.0,1.0,0,0.0,3.0,0.17689027,-0.9842306,1.2246469e-16,-1.0,2,0,0,1,7414.0,1,9697.0,1,9040.0,1,5722.0,1,8954.0,1,9755.0,1,0.0,1,0.0,6887.4014,6528.4854,-2283.0
484,2015-06-18,6691.0,660.0,1.0,1.0,0,0.0,4.0,0.17689027,-0.9842306,1.2246469e-16,-1.0,2,0,0,1,7179.0,1,7414.0,1,0.0,1,5648.0,1,8533.0,1,8069.0,1,0.0,1,8696.0,7004.041,6673.0444,-235.0
484,2015-06-19,9495.0,864.0,1.0,1.0,0,0.0,5.0,0.17689027,-0.9842306,1.2246469e-16,-1.0,2,0,0,1,6691.0,1,7179.0,1,9697.0,1,6148.0,1,0.0,1,7673.0,1,6429.0,1,7401.0,6878.8247,6677.034,-488.0
484,2015-06-20,8369.0,817.0,1.0,0.0,0,0.0,6.0,0.17689027,-0.9842306,1.2246469e-16,-1.0,2,0,0,1,9495.0,1,6691.0,1,7414.0,1,6982.0,1,6179.0,1,6733.0,1,6179.0,1,8917.0,7925.295,7303.249,2804.0
484,2015-06-21,0.0,0.0,0.0,0.0,0,0.0,7.0,0.17689027,-0.9842306,1.2246469e-16,-1.0,2,0,0,1,8369.0,1,9495.0,1,7179.0,1,9040.0,1,5722.0,1,8954.0,1,6430.0,1,12932.0,8102.777,7540.0825,-1126.0
484,2015-06-22,5759.0,603.0,1.0,0.0,0,0.0,1.0,0.059240628,-0.99824375,1.2246469e-16,-1.0,2,0,0,1,0.0,1,8369.0,1,6691.0,1,0.0,1,5648.0,1,8533.0,1,8831.0,1,0.0,4861.666,5864.509,-8369.0
484,2015-06-23,5711.0,559.0,1.0,0.0,0,0.0,2.0,0.059240628,-0.99824375,1.2246469e-16,-1.0,2,0,0,1,5759.0,1,0.0,1,9495.0,1,9697.0,1,6148.0,1,0.0,1,10793.0,1,11433.0,5220.5996,5841.0625,5759.0
484,2015-06-24,6007.0,575.0,1.0,0.0,0,0.0,3.0,0.059240628,-0.99824375,1.2246469e-16,-1.0,2,0,0,1,5711.0,1,5759.0,1,8369.0,1,7414.0,1,6982.0,1,6179.0,1,0.0,1,0.0,5416.76,5812.1597,-48.0
484,2015-06-25,5921.0,641.0,1.0,0.0,0,0.0,4.0,0.059240628,-0.99824375,1.2246469e-16,-1.0,2,0,0,1,6007.0,1,5711.0,1,0.0,1,7179.0,1,9040.0,1,5722.0,1,9755.0,1,9330.0,5652.856,5855.4575,296.0
484,2015-06-26,7255.0,741.0,1.0,0.0,0,0.0,5.0,0.059240628,-0.99824375,1.2246469e-16,-1.0,2,0,0,1,5921.0,1,6007.0,1,5759.0,1,6691.0,1,0.0,1,5648.0,1,8069.0,1,7893.0,5760.114,5870.0225,-86.0
484,2015-06-27,10032.0,893.0,1.0,0.0,0,0.0,6.0,0.059240628,-0.99824375,1.2246469e-16,-1.0,2,0,0,1,7255.0,1,5921.0,1,5711.0,1,9495.0,1,9697.0,1,6148.0,1,7673.0,1,7696.0,6358.0684,6177.7954,1334.0
484,2015-06-28,0.0,0.0,0.0,0.0,0,0.0,7.0,0.059240628,-0.99824375,1.2246469e-16,-1.0,2,0,0,1,10032.0,1,7255.0,1,6007.0,1,8369.0,1,7414.0,1,6982.0,1,6733.0,1,7335.0,7827.641,7034.285,2777.0
484,2015-06-29,9476.0,780.0,1.0,1.0,0,0.0,1.0,-0.059240628,-0.99824375,1.2246469e-16,-1.0,2,0,0,1,0.0,1,10032.0,1,5921.0,1,0.0,1,7179.0,1,9040.0,1,8954.0,1,9748.0,4696.5845,5471.111,-10032.0
484,2015-06-30,9403.0,754.0,1.0,1.0,0,0.0,2.0,-0.059240628,-0.99824375,1.2246469e-16,-1.0,2,0,1,1,9476.0,1,0.0,1,7255.0,1,5759.0,1,6691.0,1,0.0,1,8533.0,1,10802.0,6608.3506,6361.086,9476.0
484,2015-07-01,7844.0,698.0,1.0,1.0,0,0.0,3.0,-0.059240628,-0.99824375,-0.5,-0.8660254,3,1,0,1,9403.0,1,9476.0,1,10032.0,1,5711.0,1,9495.0,1,9697.0,1,0.0,1,0.0,7726.2104,7037.067,-73.0
484,2015-07-02,8860.0,695.0,1.0,1.0,0,0.0,4.0,-0.059240628,-0.99824375,-0.5,-0.8660254,3,0,0,1,7844.0,1,9403.0,1,0.0,1,6007.0,1,8369.0,1,7414.0,1,6179.0,1,5814.0,7773.326,7216.3853,-1559.0
484,2015-07-03,10364.0,917.0,1.0,1.0,0,0.0,5.0,-0.059240628,-0.99824375,-0.5,-0.8660254,3,0,0,1,8860.0,1,7844.0,1,9476.0,1,5921.0,1,0.0,1,7179.0,1,5722.0,1,5942.0,8207.996,7581.6333,1016.0
484,2015-07-04,8396.0,812.0,1.0,0.0,0,0.0,6.0,-0.059240628,-0.99824375,-0.5,-0.8660254,3,0,0,1,10364.0,1,8860.0,1,9403.0,1,7255.0,1,5759.0,1,6691.0,1,5648.0,1,10169.0,9070.397,8199.937,1504.0
484,2015-07-05,0.0,0.0,0.0,0.0,0,0.0,7.0,-0.059240628,-0.99824375,-0.5,-0.8660254,3,0,0,1,8396.0,1,10364.0,1,7844.0,1,10032.0,1,5711.0,1,9495.0,1,6148.0,1,0.0,8800.639,8243.507,-1968.0
484,2015-07-06,7298.0,737.0,1.0,0.0,0,0.0,1.0,-0.17689027,-0.9842306,-0.5,-0.8660254,3,0,0,1,0.0,1,8396.0,1,8860.0,1,0.0,1,6007.0,1,8369.0,1,6982.0,1,9161.0,5280.3833,6411.616,-8396.0
484,2015-07-07,5943.0,572.0,1.0,0.0,0,0.0,2.0,-0.17689027,-0.9842306,-0.5,-0.8660254,3,0,0,1,7298.0,1,0.0,1,10364.0,1,9476.0,1,5921.0,1,0.0,1,9040.0,1,9172.0,6087.4297,6608.5903,7298.0
484,2015-07-08,6867.0,666.0,1.0,0.0,0,0.0,3.0,-0.17689027,-0.9842306,-0.5,-0.8660254,3,0,0,1,5943.0,1,7298.0,1,8396.0,1,9403.0,1,7255.0,1,5759.0,1,0.0,1,0.0,6029.6577,6460.681,-1355.0
484,2015-07-09,7126.0,696.0,1.0,0.0,0,0.0,4.0,-0.17689027,-0.9842306,-0.5,-0.8660254,3,0,0,1,6867.0,1,5943.0,1,0.0,1,7844.0,1,10032.0,1,5711.0,1,9697.0,1,8738.0,6364.5947,6550.9746,924.0
484,2015-07-10,7956.0,771.0,1.0,0.0,0,0.0,5.0,-0.17689027,-0.9842306,-0.5,-0.8660254,3,0,0,1,7126.0,1,6867.0,1,7298.0,1,8860.0,1,0.0,1,6007.0,1,7414.0,1,7339.0,6669.1567,6678.758,259.0
484,2015-07-11,8475.0,807.0,1.0,0.0,0,0.0,6.0,-0.17689027,-0.9842306,-0.5,-0.8660254,3,0,0,1,7956.0,1,7126.0,1,5943.0,1,10364.0,1,9476.0,1,5921.0,1,7179.0,1,7341.0,7183.894,6962.5894,830.0
484,2015-07-12,0.0,0.0,0.0,0.0,0,0.0,7.0,-0.17689027,-0.9842306,-0.5,-0.8660254,3,0,0,1,8475.0,1,7956.0,1,6867.0,1,8396.0,1,9403.0,1,7255.0,1,6691.0,1,7904.0,7700.3364,7298.6807,519.0
484,2015-07-13,9600.0,786.0,1.0,1.0,0,0.0,1.0,-0.29205677,-0.956401,-0.5,-0.8660254,3,0,0,1,0.0,1,8475.0,1,7126.0,1,0.0,1,7844.0,1,10032.0,1,9495.0,1,8791.0,4620.2017,5676.7515,-8475.0
484,2015-07-14,7320.0,645.0,1.0,1.0,0,0.0,2.0,-0.29205677,-0.956401,-0.5,-0.8660254,3,0,0,1,9600.0,1,0.0,1,7956.0,1,7298.0,1,8860.0,1,0.0,1,8369.0,1,9568.0,6612.121,6548.5845,9600.0
484,2015-07-15,7585.0,679.0,1.0,1.0,0,0.0,3.0,-0.29205677,-0.956401,-0.5,-0.8660254,3,0,0,1,7320.0,1,9600.0,1,8475.0,1,5943.0,1,10364.0,1,9476.0,1,0.0,1,0.0,6895.2725,6720.0103,-2280.0
484,2015-07-16,8608.0,781.0,1.0,1.0,0,0.0,4.0,-0.29205677,-0.956401,-0.5,-0.8660254,3,0,0,1,7585.0,1,7320.0,1,0.0,1,6867.0,1,8396.0,1,9403.0,1,5759.0,1,0.0,7171.1636,6912.23,265.0
484,2015-07-17,8571.0,798.0,1.0,1.0,0,0.0,5.0,-0.29205677,-0.956401,-0.5,-0.8660254,3,0,0,1,8608.0,1,7585.0,1,9600.0,1,7126.0,1,0.0,1,7844.0,1,5711.0,1,6429.0,7745.898,7289.068,1023.0
484,2015-07-18,9652.0,878.0,1.0,0.0,0,0.0,6.0,-0.29205677,-0.956401,-0.5,-0.8660254,3,0,0,1,8571.0,1,8608.0,1,7320.0,1,7956.0,1,7298.0,1,8860.0,1,6007.0,1,6179.0,8075.939,7573.942,-37.0
484,2015-07-19,0.0,0.0,0.0,0.0,0,0.0,7.0,-0.29205677,-0.956401,-0.5,-0.8660254,3,0,0,1,9652.0,1,8571.0,1,7585.0,1,8475.0,1,5943.0,1,10364.0,1,5921.0,1,6430.0,8706.363,8035.7324,1081.0
484,2015-07-20,6627.0,640.0,1.0,0.0,0,1.0,1.0,-0.40312344,-0.91514564,-0.5,-0.8660254,3,0,0,1,0.0,1,9652.0,1,8608.0,1,0.0,1,6867.0,1,8396.0,1,7255.0,1,8831.0,5223.818,6250.014,-9652.0
484,2015-07-21,5754.0,520.0,1.0,0.0,0,1.0,2.0,-0.40312344,-0.91514564,-0.5,-0.8660254,3,0,0,1,6627.0,1,0.0,1,8571.0,1,9600.0,1,7126.0,1,0.0,1,10032.0,1,10793.0,5785.091,6333.7886,6627.0
484,2015-07-22,5932.0,550.0,1.0,0.0,0,1.0,3.0,-0.40312344,-0.91514564,-0.5,-0.8660254,3,0,0,1,5754.0,1,6627.0,1,9652.0,1,7320.0,1,7956.0,1,7298.0,1,0.0,1,0.0,5772.6543,6204.947,-873.0
484,2015-07-23,7273.0,651.0,1.0,0.0,0,1.0,4.0,-0.40312344,-0.91514564,-0.5,-0.8660254,3,0,0,1,5932.0,1,5754.0,1,0.0,1,7585.0,1,8475.0,1,5943.0,1,9476.0,1,9755.0,5836.3926,6144.292,178.0
484,2015-07-24,8256.0,738.0,1.0,0.0,0,1.0,5.0,-0.40312344,-0.91514564,-0.5,-0.8660254,3,0,0,1,7273.0,1,5932.0,1,6627.0,1,8608.0,1,0.0,1,6867.0,1,9403.0,1,8069.0,6411.0356,6395.116,1341.0
484,2015-07-25,8308.0,814.0,1.0,0.0,0,0.0,6.0,-0.40312344,-0.91514564,-0.5,-0.8660254,3,0,0,1,8256.0,1,7273.0,1,5754.0,1,8571.0,1,9600.0,1,7126.0,1,7844.0,1,7673.0,7149.0215,6808.646,983.0
484,2015-07-26,0.0,0.0,0.0,0.0,0,0.0,7.0,-0.40312344,-0.91514564,-0.5,-0.8660254,3,0,0,1,8308.0,1,8256.0,1,5932.0,1,9652.0,1,7320.0,1,7956.0,1,8860.0,1,6733.0,7612.613,7141.8354,52.0
484,2015-07-27,9039.0,752.0,1.0,1.0,0,1.0,1.0,-0.5085311,-0.86104363,-0.5,-0.8660254,3,0,0,1,0.0,1,8308.0,1,7273.0,1,0.0,1,7585.0,1,8475.0,1,10364.0,1,8954.0,4567.568,5554.761,-8308.0
484,2015-07-28,6880.0,603.0,1.0,1.0,0,1.0,2.0,-0.5085311,-0.86104363,-0.5,-0.8660254,3,0,0,1,9039.0,1,0.0,1,8256.0,1,6627.0,1,8608.0,1,0.0,1,8396.0,1,8533.0,6356.1406,6329.036,9039.0
484,2015-07-29,7367.0,704.0,1.0,1.0,0,1.0,3.0,-0.5085311,-0.86104363,-0.5,-0.8660254,3,0,0,1,6880.0,1,9039.0,1,8308.0,1,5754.0,1,8571.0,1,9600.0,1,0.0,1,0.0,6565.6846,6451.4727,-2159.0
484,2015-07-30,8031.0,672.0,1.0,1.0,0,1.0,4.0,-0.5085311,-0.86104363,-0.5,-0.8660254,3,0,0,1,7367.0,1,6880.0,1,0.0,1,5932.0,1,9652.0,1,7320.0,1,7298.0,1,6179.0,6886.2104,6654.9233,487.0
484,2015-07-31,10638.0,878.0,1.0,1.0,0,1.0,5.0,-0.5085311,-0.86104363,-0.5,-0.8660254,3,0,1,1,8031.0,1,7367.0,1,9039.0,1,7273.0,1,0.0,1,7585.0,1,5943.0,1,5722.0,7344.1265,6960.7183,664.0
