id,timestamp,target,Customers,Open,Promo,StateHoliday,SchoolHoliday,DayOfWeek,week_sin,week_cos,month_sin,month_cos,quarter,is_month_start,is_month_end,lag_1_known,lag_1,lag_2_known,lag_2,lag_4_known,lag_4,lag_8_known,lag_8,lag_12_known,lag_12,lag_16_known,lag_16,lag_24_known,lag_24,lag_52_known,lag_52,ema_4,ema_8,chg_1
344,2013-01-01,0.0,0.0,0.0,0.0,1,1.0,2.0,0.11827317,0.9929811,0.5,0.8660254,1,1,0,0,0.0,0,0.0,0,0.0,0,0.0,0,0.0,0,0.0,0,0.0,0,0.0,0.0,0.0,0.0
344,2013-01-02,6864.0,1063.0,1.0,0.0,0,1.0,3.0,0.11827317,0.9929811,0.5,0.8660254,1,0,0,1,0.0,0,0.0,0,0.0,0,0.0,0,0.0,0,0.0,0,0.0,0,0.0,0.0,0.0,0.0
344,2013-01-03,6569.0,989.0,1.0,0.0,0,1.0,4.0,0.11827317,0.9929811,0.5,0.8660254,1,0,0,1,6864.0,1,0.0,0,0.0,0,0.0,0,0.0,0,0.0,0,0.0,0,0.0,2745.6,1525.3334,6864.0
344,2013-01-04,7716.0,1064.0,1.0,0.0,0,1.0,5.0,0.11827317,0.9929811,0.5,0.8660254,1,0,0,1,6569.0,1,6864.0,0,0.0,0,0.0,0,0.0,0,0.0,0,0.0,0,0.0,4274.96,2646.1482,-295.0
344,2013-01-05,6156.0,895.0,1.0,0.0,0,0.0,6.0,0.11827317,0.9929811,0.5,0.8660254,1,0,0,1,7716.0,1,6569.0,1,0.0,0,0.0,0,0.0,0,0.0,0,0.0,0,0.0,5651.376,3772.782,1147.0
344,2013-01-06,0.0,0.0,0.0,0.0,0,0.0,7.0,0.11827317,0.9929811,0.5,0.8660254,1,0,0,1,6156.0,1,7716.0,1,6864.0,0,0.0,0,0.0,0,0.0,0,0.0,0,0.0,5853.2256,4302.3857,-1560.0
344,2013-01-07,12257.0,1515.0,1.0,1.0,0,0.0,1.0,0.23488605,0.9720229,0.5,0.8660254,1,0,0,1,0.0,1,6156.0,1,6569.0,0,0.0,0,0.0,0,0.0,0,0.0,0,0.0,3511.9353,3346.3,-6156.0
344,2013-01-08,10272.0,1259.0,1.0,1.0,0,0.0,2.0,0.23488605,0.9720229,0.5,0.8660254,1,0,0,1,12257.0,1,0.0,1,7716.0,0,0.0,0,0.0,0,0.0,0,0.0,0,0.0,7009.9614,5326.4556,12257.0
344,2013-01-09,8752.0,1101.0,1.0,1.0,0,0.0,3.0,0.23488605,0.9720229,0.5,0.8660254,1,0,0,1,10272.0,1,12257.0,1,6156.0,1,0.0,0,0.0,0,0.0,0,0.0,0,0.0,8314.776,6425.4653,-1985.0
344,2013-01-10,8201.0,1082.0,1.0,1.0,0,0.0,4.0,0.23488605,0.9720229,0.5,0.8660254,1,0,0,1,8752.0,1,10272.0,1,0.0,1,6864.0,0,0.0,0,0.0,0,0.0,0,0.0,8489.666,6942.473,-1520.0
344,2013-01-11,8529.0,1121.0,1.0,1.0,0,0.0,5.0,0.23488605,0.9720229,0.5,0.8660254,1,0,0,1,8201.0,1,8752.0,1,12257.0,1,6569.0,0,0.0,0,0.0,0,0.0,0,0.0,8374.199,7222.146,-551.0
344,2013-01-12,6214.0,888.0,1.0,0.0,0,0.0,6.0,0.23488605,0.9720229,0.5,0.8660254,1,0,0,1,8529.0,1,8201.0,1,10272.0,1,7716.0,0,0.0,0,0.0,0,0.0,0,0.0,8436.12,7512.5576,328.0
344,2013-01-13,0.0,0.0,0.0,0.0,0,0.0,7.0,0.23488605,0.9720229,0.5,0.8660254,1,0,0,1,6214.0,1,8529.0,1,8752.0,1,6156.0,1,0.0,0,0.0,0,0.0,0,0.0,7547.272,7223.9893,-2315.0
344,2013-01-14,5809.0,925.0,1.0,0.0,0,0.0,1.0,0.34820163,0.93741965,0.5,0.8660254,1,0,0,1,0.0,1,6214.0,1,8201.0,1,0.0,1,6864.0,0,0.0,0,0.0,0,0.0,4528.3633,5618.6587,-6214.0
344,2013-01-15,5722.0,887.0,1.0,0.0,0,0.0,2.0,0.34820163,0.93741965,0.5,0.8660254,1,0,0,1,5809.0,1,0.0,1,8529.0,1,12257.0,1,6569.0,0,0.0,0,0.0,0,0.0,5040.6177,5660.9565,5809.0
344,2013-01-16,5222.0,809.0,1.0,0.0,0,0.0,3.0,0.34820163,0.93741965,0.5,0.8660254,1,0,0,1,5722.0,1,5809.0,1,6214.0,1,10272.0,1,7716.0,0,0.0,0,0.0,0,0.0,5313.171,5674.522,-87.0
344,2013-01-17,5776.0,915.0,1.0,0.0,0,0.0,4.0,0.34820163,0.93741965,0.5,0.8660254,1,0,0,1,5222.0,1,5722.0,1,0.0,1,8752.0,1,6156.0,1,0.0,0,0.0,0,0.0,5276.7026,5573.9614,-500.0
344,2013-01-18,5437.0,841.0,1.0,0.0,0,0.0,5.0,0.34820163,0.93741965,0.5,0.8660254,1,0,0,1,5776.0,1,5222.0,1,5809.0,1,8201.0,1,0.0,1,6864.0,0,0.0,0,0.0,5476.4214,5618.859,554.0
344,2013-01-19,5305.0,802.0,1.0,0.0,0,0.0,6.0,0.34820163,0.93741965,0.5,0.8660254,1,0,0,1,5437.0,1,5776.0,1,5722.0,1,8529.0,1,12257.0,1,6569.0,0,0.0,0,0.0,5460.653,5578.446,-339.0
344,2013-01-20,0.0,0.0,0.0,0.0,0,0.0,7.0,0.34820163,0.93741965,0.5,0.8660254,1,0,0,1,5305.0,1,5437.0,1,5222.0,1,6214.0,1,10272.0,1,7716.0,0,0.0,0,0.0,5398.3916,5517.68,-132.0
344,2013-01-21,11147.0,1297.0,1.0,1.0,0,0.0,1.0,0.45662925,0.8896571,0.5,0.8660254,1,0,0,1,0.0,1,5305.0,1,5776.0,1,0.0,1,8752.0,1,6156.0,0,0.0,0,0.0,3239.0352,4291.529,-5305.0
344,2013-01-22,8901.0,1093.0,1.0,1.0,0,0.0,2.0,0.45662925,0.8896571,0.5,0.8660254,1,0,0,1,11147.0,1,0.0,1,5437.0,1,5809.0,1,8201.0,1,0.0,0,0.0,0,0.0,6402.221,5814.967,11147.0
344,2013-01-23,8339.0,1060.0,1.0,1.0,0,0.0,3.0,0.45662925,0.8896571,0.5,0.8660254,1,0,0,1,8901.0,1,11147.0,1,5305.0,1,5722.0,1,8529.0,1,12257.0,0,0.0,0,0.0,7401.7324,6500.752,-2246.0
344,2013-01-24,8332.0,1129.0,1.0,1.0,0,0.0,4.0,0.45662925,0.8896571,0.5,0.8660254,1,0,0,1,8339.0,1,8901.0,1,0.0,1,5222.0,1,6214.0,1,10272.0,0,0.0,0,0.0,7776.6396,6909.2515,-562.0
344,2013-01-25,7581.0,1030.0,1.0,1.0,0,0.0,5.0,0.45662925,0.8896571,0.5,0.8660254,1,0,0,1,8332.0,1,8339.0,1,11147.0,1,5776.0,1,0.0,1,8752.0,1,0.0,0,0.0,7998.7837,7225.418,-7.0
344,2013-01-26,5595.0,799.0,1.0,0.0,0,0.0,6.0,0.45662925,0.8896571,0.5,0.8660254,1,0,0,1,7581.0,1,8332.0,1,8901.0,1,5437.0,1,5809.0,1,8201.0,1,6864.0,0,0.0,7831.6704,7304.436,-751.0
344,2013-01-27,0.0,0.0,0.0,0.0,0,0.0,7.0,0.45662925,0.8896571,0.5,0.8660254,1,0,0,1,5595.0,1,7581.0,1,8339.0,1,5305.0,1,5722.0,1,8529.0,1,6569.0,0,0.0,6937.002,6924.5615,-1986.0
344,2013-01-28,5701.0,958.0,1.0,0.0,0,0.0,1.0,0.55864674,0.82940567,0.5,0.8660254,1,0,0,1,0.0,1,5595.0,1,8332.0,1,0.0,1,5222.0,1,6214.0,1,7716.0,0,0.0,4162.201,5385.77,-5595.0
344,2013-01-29,5944.0,893.0,1.0,0.0,0,0.0,2.0,0.55864674,0.82940567,0.5,0.8660254,1,0,0,1,5701.0,1,0.0,1,7581.0,1,11147.0,1,5776.0,1,0.0,1,6156.0,0,0.0,4777.7207,5455.8213,5701.0
344,2013-01-30,4727.0,780.0,1.0,0.0,0,0.0,3.0,0.55864674,0.82940567,0.5,0.8660254,1,0,0,1,5944.0,1,5701.0,1,5595.0,1,8901.0,1,5437.0,1,5809.0,1,0.0,0,0.0,5244.2324,5564.305,243.0
344,2013-01-31,7769.0,1087.0,1.0,0.0,0,0.0,4.0,0.55864674,0.82940567,0.5,0.8660254,1,0,1,1,4727.0,1,5944.0,1,0.0,1,8339.0,1,5305.0,1,5722.0,1,12257.0,0,0.0,5037.3394,5378.2373,-1217.0
344,2013-02-01,7493.0,1136.0,1.0,0.0,0,1.0,5.0,0.55864674,0.82940567,0.8660254,0.5,1,1,0,1,7769.0,1,4727.0,1,5701.0,1,8332.0,1,0.0,1,5222.0,1,10272.0,0,0.0,6130.004,5909.518,3042.0
344,2013-02-02,7129.0,1024.0,1.0,0.0,0,0.0,6.0,0.55864674,0.82940567,0.8660254,0.5,1,0,0,1,7493.0,1,7769.0,1,5944.0,1,7581.0,1,11147.0,1,5776.0,1,8752.0,0,0.0,6675.202,6261.403,-276.0
344,2013-02-03,0.0,0.0,0.0,0.0,0,0.0,7.0,0.55864674,0.82940567,0.8660254,0.5,1,0,0,1,7129.0,1,7493.0,1,4727.0,1,5595.0,1,8901.0,1,5437.0,1,8201.0,0,0.0,6856.721,6454.202,-364.0
344,2013-02-04,12391.0,1471.0,1.0,1.0,0,0.0,1.0,0.65282214,0.75751126,0.8660254,0.5,1,0,0,1,0.0,1,7129.0,1,7769.0,1,0.0,1,8339.0,1,5305.0,1,8529.0,0,0.0,4114.0327,5019.935,-7129.0
344,2013-02-05,10444.0,1252.0,1.0,1.0,0,0.0,2.0,0.65282214,0.75751126,0.8660254,0.5,1,0,0,1,12391.0,1,0.0,1,7493.0,1,5701.0,1,8332.0,1,0.0,1,6214.0,0,0.0,7424.82,6657.9497,12391.0
344,2013-02-06,9275.0,1182.0,1.0,1.0,0,0.0,3.0,0.65282214,0.75751126,0.8660254,0.5,1,0,0,1,10444.0,1,12391.0,1,7129.0,1,5944.0,1,7581.0,1,11147.0,1,0.0,0,0.0,8632.492,7499.294,-1947.0
344,2013-02-07,9554.0,1271.0,1.0,1.0,0,0.0,4.0,0.65282214,0.75751126,0.8660254,0.5,1,0,0,1,9275.0,1,10444.0,1,0.0,1,4727.0,1,5595.0,1,8901.0,1,5809.0,0,0.0,8889.495,7893.8955,-1169.0
344,2013-02-08,7940.0,1049.0,1.0,1.0,0,0.0,5.0,0.65282214,0.75751126,0.8660254,0.5,1,0,0,1,9554.0,1,9275.0,1,12391.0,1,7769.0,1,0.0,1,8339.0,1,5722.0,0,0.0,9155.297,8262.808,279.0
344,2013-02-09,5821.0,832.0,1.0,0.0,0,0.0,6.0,0.65282214,0.75751126,0.8660254,0.5,1,0,0,1,7940.0,1,9554.0,1,10444.0,1,7493.0,1,5701.0,1,8332.0,1,5222.0,0,0.0,8669.179,8191.0728,-1614.0
344,2013-02-10,0.0,0.0,0.0,0.0,0,0.0,7.0,0.65282214,0.75751126,0.8660254,0.5,1,0,0,1,5821.0,1,7940.0,1,9275.0,1,7129.0,1,5944.0,1,7581.0,1,5776.0,0,0.0,7529.9067,7664.3896,-2119.0
344,2013-02-11,6498.0,1023.0,1.0,0.0,0,0.0,1.0,0.73783326,0.674983,0.8660254,0.5,1,0,0,1,0.0,1,5821.0,1,9554.0,1,0.0,1,4727.0,1,5595.0,1,5437.0,0,0.0,4517.9443,5961.192,-5821.0
344,2013-02-12,6631.0,978.0,1.0,0.0,0,0.0,2.0,0.73783326,0.674983,0.8660254,0.5,1,0,0,1,6498.0,1,0.0,1,7940.0,1,12391.0,1,7769.0,1,0.0,1,5305.0,0,0.0,5309.9663,6080.483,6498.0
344,2013-02-13,5838.0,936.0,1.0,0.0,0,0.0,3.0,0.73783326,0.674983,0.8660254,0.5,1,0,0,1,6631.0,1,6498.0,1,5821.0,1,10444.0,1,7493.0,1,5701.0,1,0.0,0,0.0,5838.38,6202.82,133.0
344,2013-02-14,6683.0,990.0,1.0,0.0,0,0.0,4.0,0.73783326,0.674983,0.8660254,0.5,1,0,0,1,5838.0,1,6631.0,1,0.0,1,9275.0,1,7129.0,1,5944.0,1,11147.0,0,0.0,5838.228,6121.749,-793.0
344,2013-02-15,5863.0,899.0,1.0,0.0,0,0.0,5.0,0.73783326,0.674983,0.8660254,0.5,1,0,0,1,6683.0,1,5838.0,1,6498.0,1,9554.0,1,0.0,1,4727.0,1,8901.0,0,0.0,6176.1367,6246.471,845.0
344,2013-02-16,5815.0,893.0,1.0,0.0,0,0.0,6.0,0.73783326,0.674983,0.8660254,0.5,1,0,0,1,5863.0,1,6683.0,1,6631.0,1,7940.0,1,12391.0,1,7769.0,1,8339.0,0,0.0,6050.882,6161.2554,-820.0
344,2013-02-17,0.0,0.0,0.0,0.0,0,0.0,7.0,0.73783326,0.674983,0.8660254,0.5,1,0,0,1,5815.0,1,5863.0,1,5838.0,1,5821.0,1,10444.0,1,7493.0,1,8332.0,0,0.0,5956.5293,6084.3096,-48.0
344,2013-02-18,12299.0,1495.0,1.0,1.0,0,0.0,1.0,0.8124869,0.5829795,0.8660254,0.5,1,0,0,1,0.0,1,5815.0,1,6683.0,1,0.0,1,9275.0,1,7129.0,1,7581.0,0,0.0,3573.9175,4732.2407,-5815.0
344,2013-02-19,9692.0,1209.0,1.0,1.0,0,0.0,2.0,0.8124869,0.5829795,0.8660254,0.5,1,0,0,1,12299.0,1,0.0,1,5863.0,1,6498.0,1,9554.0,1,0.0,1,5595.0,0,0.0,7063.9507,6413.743,12299.0
344,2013-02-20,8463.0,1092.0,1.0,1.0,0,0.0,3.0,0.8124869,0.5829795,0.8660254,0.5,1,0,0,1,9692.0,1,12299.0,1,5815.0,1,6631.0,1,7940.0,1,12391.0,1,0.0,0,0.0,8115.1704,7142.2446,-2607.0
344,2013-02-21,8865.0,1157.0,1.0,1.0,0,0.0,4.0,0.8124869,0.5829795,0.8660254,0.5,1,0,0,1,8463.0,1,9692.0,1,0.0,1,5838.0,1,5821.0,1,10444.0,1,5701.0,0,0.0,8254.302,7435.7456,-1229.0
344,2013-02-22,7809.0,1039.0,1.0,1.0,0,0.0,5.0,0.8124869,0.5829795,0.8660254,0.5,1,0,0,1,8865.0,1,8463.0,1,12299.0,1,6683.0,1,0.0,1,9275.0,1,5944.0,1,0.0,8498.581,7753.358,402.0
344,2013-02-23,5090.0,775.0,1.0,0.0,0,0.0,6.0,0.8124869,0.5829795,0.8660254,0.5,1,0,0,1,7809.0,1,8865.0,1,9692.0,1,5863.0,1,6498.0,1,9554.0,1,4727.0,1,6864.0,8222.749,7765.7227,-1056.0
344,2013-02-24,0.0,0.0,0.0,0.0,0,0.0,7.0,0.8124869,0.5829795,0.8660254,0.5,1,0,0,1,5090.0,1,7809.0,1,8463.0,1,5815.0,1,6631.0,1,7940.0,1,7769.0,1,6569.0,6969.6494,7171.1177,-2719.0
344,2013-02-25,5629.0,957.0,1.0,0.0,0,0.0,1.0,0.8757349,0.4827922,0.8660254,0.5,1,0,0,1,0.0,1,5090.0,1,8865.0,1,0.0,1,5838.0,1,5821.0,1,7493.0,1,7716.0,4181.7896,5577.536,-5090.0
344,2013-02-26,5483.0,930.0,1.0,0.0,0,0.0,2.0,0.8757349,0.4827922,0.8660254,0.5,1,0,0,1,5629.0,1,0.0,1,7809.0,1,12299.0,1,6683.0,1,0.0,1,7129.0,1,6156.0,4760.674,5588.9727,5629.0
344,2013-02-27,5751.0,917.0,1.0,0.0,0,0.0,3.0,0.8757349,0.4827922,0.8660254,0.5,1,0,0,1,5483.0,1,5629.0,1,5090.0,1,9692.0,1,5863.0,1,6498.0,1,0.0,1,0.0,5049.604,5565.423,-146.0
344,2013-02-28,7704.0,1084.0,1.0,0.0,0,0.0,4.0,0.8757349,0.4827922,0.8660254,0.5,1,0,1,1,5751.0,1,5483.0,1,0.0,1,8463.0,1,5815.0,1,6631.0,1,12391.0,1,12257.0,5330.1626,5606.662,268.0
344,2013-03-01,7608.0,1155.0,1.0,0.0,0,0.0,5.0,0.8757349,0.4827922,1.0,6.123234e-17,1,1,0,1,7704.0,1,5751.0,1,5629.0,1,8865.0,1,0.0,1,5838.0,1,10444.0,1,10272.0,6279.6978,6072.7373,1953.0
344,2013-03-02,6975.0,1005.0,1.0,0.0,0,0.0,6.0,0.8757349,0.4827922,1.0,6.123234e-17,1,0,0,1,7608.0,1,7704.0,1,5483.0,1,7809.0,1,12299.0,1,6683.0,1,9275.0,1,8752.0,6811.0186,6413.9067,-96.0
344,2013-03-03,0.0,0.0,0.0,0.0,0,0.0,7.0,0.8757349,0.4827922,1.0,6.123234e-17,1,0,0,1,6975.0,1,7608.0,1,5751.0,1,5090.0,1,9692.0,1,5863.0,1,9554.0,1,8201.0,6876.6113,6538.594,-633.0
344,2013-03-04,14019.0,1626.0,1.0,1.0,0,1.0,1.0,0.9266896,0.37582758,1.0,6.123234e-17,1,0,0,1,0.0,1,6975.0,1,7704.0,1,0.0,1,8463.0,1,5815.0,1,7940.0,1,8529.0,4125.967,5085.573,-6975.0
344,2013-03-05,11733.0,1488.0,1.0,1.0,0,1.0,2.0,0.9266896,0.37582758,1.0,6.123234e-17,1,0,0,1,14019.0,1,0.0,1,7608.0,1,5629.0,1,8865.0,1,0.0,1,5821.0,1,6214.0,8083.18,7070.7793,14019.0
344,2013-03-06,9450.0,1312.0,1.0,1.0,0,1.0,3.0,0.9266896,0.37582758,1.0,6.123234e-17,1,0,0,1,11733.0,1,14019.0,1,6975.0,1,5483.0,1,7809.0,1,12299.0,1,0.0,1,0.0,9543.108,8106.828,-2286.0
344,2013-03-07,9318.0,1235.0,1.0,1.0,0,1.0,4.0,0.9266896,0.37582758,1.0,6.123234e-17,1,0,0,1,9450.0,1,11733.0,1,0.0,1,5751.0,1,5090.0,1,9692.0,1,6498.0,1,5809.0,9505.865,8405.311,-2283.0
344,2013-03-08,7735.0,1104.0,1.0,1.0,0,1.0,5.0,0.9266896,0.37582758,1.0,6.123234e-17,1,0,0,1,9318.0,1,9450.0,1,14019.0,1,7704.0,1,0.0,1,8463.0,1,6631.0,1,5722.0,9430.719,8608.131,-132.0
344,2013-03-09,4904.0,688.0,1.0,0.0,0,0.0,6.0,0.9266896,0.37582758,1.0,6.123234e-17,1,0,0,1,7735.0,1,9318.0,1,11733.0,1,7608.0,1,5629.0,1,8865.0,1,5838.0,1,5222.0,8752.432,8414.102,-1583.0
344,2013-03-10,0.0,0.0,0.0,0.0,0,0.0,7.0,0.9266896,0.37582758,1.0,6.123234e-17,1,0,0,1,4904.0,1,7735.0,1,9450.0,1,6975.0,1,5483.0,1,7809.0,1,6683.0,1,5776.0,7213.0586,7634.079,-2831.0
344,2013-03-11,5071.0,800.0,1.0,0.0,0,1.0,1.0,0.9646356,0.26358718,1.0,6.123234e-17,1,0,0,1,0.0,1,4904.0,1,9318.0,1,0.0,1,5751.0,1,5090.0,1,5863.0,1,5437.0,4327.8354,5937.617,-4904.0
344,2013-03-12,6084.0,909.0,1.0,0.0,0,1.0,2.0,0.9646356,0.26358718,1.0,6.123234e-17,1,0,0,1,5071.0,1,0.0,1,7735.0,1,14019.0,1,7704.0,1,0.0,1,5815.0,1,5305.0,4625.101,5745.0356,5071.0
344,2013-03-13,5449.0,849.0,1.0,0.0,0,1.0,3.0,0.9646356,0.26358718,1.0,6.123234e-17,1,0,0,1,6084.0,1,5071.0,1,4904.0,1,11733.0,1,7608.0,1,5629.0,1,0.0,1,0.0,5208.6606,5820.361,1013.0
344,2013-03-14,6119.0,960.0,1.0,0.0,0,1.0,4.0,0.9646356,0.26358718,1.0,6.123234e-17,1,0,0,1,5449.0,1,6084.0,1,0.0,1,9450.0,1,6975.0,1,5483.0,1,12299.0,1,11147.0,5304.7964,5737.8364,-635.0
344,2013-03-15,6166.0,949.0,1.0,0.0,0,1.0,5.0,0.9646356,0.26358718,1.0,6.123234e-17,1,0,0,1,6119.0,1,5449.0,1,5071.0,1,9318.0,1,0.0,1,5751.0,1,9692.0,1,8901.0,5630.478,5822.5396,670.0
344,2013-03-16,5684.0,876.0,1.0,0.0,0,0.0,6.0,0.9646356,0.26358718,1.0,6.123234e-17,1,0,0,1,6166.0,1,6119.0,1,6084.0,1,7735.0,1,14019.0,1,7704.0,1,8463.0,1,8339.0,5844.6865,5898.864,47.0
344,2013-03-17,0.0,0.0,0.0,0.0,0,0.0,7.0,0.9646356,0.26358718,1.0,6.123234e-17,1,0,0,1,5684.0,1,6166.0,1,5449.0,1,4904.0,1,11733.0,1,7608.0,1,8865.0,1,8332.0,5780.412,5851.116,-482.0
344,2013-03-18,9842.0,1182.0,1.0,1.0,0,0.0,1.0,0.9890402,0.14764656,1.0,6.123234e-17,1,0,0,1,0.0,1,5684.0,1,6119.0,1,0.0,1,9450.0,1,6975.0,1,7809.0,1,7581.0,3468.2473,4550.868,-5684.0
344,2013-03-19,10559.0,1263.0,1.0,1.0,0,0.0,2.0,0.9890402,0.14764656,1.0,6.123234e-17,1,0,0,1,9842.0,1,0.0,1,6166.0,1,5071.0,1,9318.0,1,0.0,1,5090.0,1,5595.0,6017.7485,5726.6753,9842.0
344,2013-03-20,9047.0,1121.0,1.0,1.0,0,0.0,3.0,0.9890402,0.14764656,1.0,6.123234e-17,1,0,0,1,10559.0,1,9842.0,1,5684.0,1,6084.0,1,7735.0,1,14019.0,1,0.0,1,0.0,7834.249,6800.5254,717.0
344,2013-03-21,8870.0,1187.0,1.0,1.0,0,0.0,4.0,0.9890402,0.14764656,1.0,6.123234e-17,1,0,0,1,9047.0,1,10559.0,1,0.0,1,5449.0,1,4904.0,1,11733.0,1,5629.0,1,5701.0,8319.35,7299.7417,-1512.0
344,2013-03-22,8850.0,1162.0,1.0,1.0,0,0.0,5.0,0.9890402,0.14764656,1.0,6.123234e-17,1,0,0,1,8870.0,1,9047.0,1,9842.0,1,6119.0,1,0.0,1,9450.0,1,5483.0,1,5944.0,8539.609,7648.688,-177.0
344,2013-03-23,5613.0,781.0,1.0,0.0,0,0.0,6.0,0.9890402,0.14764656,1.0,6.123234e-17,1,0,0,1,8850.0,1,8870.0,1,10559.0,1,6166.0,1,5071.0,1,9318.0,1,5751.0,1,4727.0,8663.766,7915.6465,-20.0
344,2013-03-24,0.0,0.0,0.0,0.0,0,0.0,7.0,0.9890402,0.14764656,1.0,6.123234e-17,1,0,0,1,5613.0,1,8850.0,1,9047.0,1,5684.0,1,6084.0,1,7735.0,1,7704.0,1,7769.0,7443.4595,7403.9473,-3237.0
344,2013-03-25,11605.0,1359.0,1.0,1.0,0,0.0,1.0,0.99956083,0.029633328,1.0,6.123234e-17,1,0,0,1,0.0,1,5613.0,1,8870.0,1,0.0,1,5449.0,1,4904.0,1,7608.0,1,7493.0,4466.0757,5758.6255,-5613.0
344,2013-03-26,11827.0,1347.0,1.0,1.0,0,0.0,2.0,0.99956083,0.029633328,1.0,6.123234e-17,1,0,0,1,11605.0,1,0.0,1,8850.0,1,9842.0,1,6119.0,1,0.0,1,6975.0,1,7129.0,7321.6455,7057.82,11605.0
344,2013-03-27,10733.0,1363.0,1.0,1.0,0,0.0,3.0,0.99956083,0.029633328,1.0,6.123234e-17,1,0,0,1,11827.0,1,11605.0,1,5613.0,1,10559.0,1,6166.0,1,5071.0,1,0.0,1,0.0,9123.787,8117.6377,222.0
344,2013-03-28,12883.0,1614.0,1.0,1.0,0,0.0,4.0,0.99956083,0.029633328,1.0,6.123234e-17,1,0,0,1,10733.0,1,11827.0,1,0.0,1,9047.0,1,5684.0,1,6084.0,1,14019.0,1,12391.0,9767.473,8698.829,-1094.0
344,2013-03-29,0.0,0.0,0.0,1.0,2,0.0,5.0,0.99956083,0.029633328,1.0,6.123234e-17,1,0,0,1,12883.0,1,10733.0,1,11605.0,1,8870.0,1,0.0,1,5449.0,1,11733.0,1,10444.0,11013.684,9628.645,2150.0
344,2013-03-30,10290.0,1381.0,1.0,0.0,0,0.0,6.0,0.99956083,0.029633328,1.0,6.123234e-17,1,0,0,1,0.0,1,12883.0,1,11827.0,1,8850.0,1,9842.0,1,6119.0,1,9450.0,1,9275.0,6608.21,7488.9463,-12883.0
344,2013-03-31,0.0,0.0,0.0,0.0,0,0.0,7.0,0.99956083,0.029633328,1.0,6.123234e-17,1,0,1,1,10290.0,1,0.0,1,10733.0,1,5613.0,1,10559.0,1,6166.0,1,9318.0,1,9554.0,8080.9263,8111.4023,10290.0
344,2013-04-01,0.0,0.0,0.0,0.0,2,0.0,1.0,0.9960498,-0.08879589,0.8660254,-0.5,2,1,0,1,0.0,1,10290.0,1,12883.0,1,0.0,1,9047.0,1,5684.0,1,7735.0,1,7940.0,4848.5557,6308.8687,-10290.0
344,2013-04-02,7007.0,1197.0,1.0,0.0,0,0.0,2.0,0.9960498,-0.08879589,0.8660254,-0.5,2,0,0,1,0.0,1,0.0,1,0.0,1,11605.0,1,8870.0,1,0.0,1,4904.0,1,5821.0,2909.1333,4906.898,0.0
344,2013-04-03,6125.0,1007.0,1.0,0.0,0,0.0,3.0,0.9960498,-0.08879589,0.8660254,-0.5,2,0,0,1,7007.0,1,0.0,1,10290.0,1,11827.0,1,8850.0,1,9842.0,1,0.0,1,0.0,4548.28,5373.5874,7007.0
344,2013-04-04,7078.0,1090.0,1.0,0.0,0,0.0,4.0,0.9960498,-0.08879589,0.8660254,-0.5,2,0,0,1,6125.0,1,7007.0,1,0.0,1,10733.0,1,5613.0,1,10559.0,1,5071.0,1,6498.0,5178.968,5540.568,-882.0
344,2013-04-05,6101.0,934.0,1.0,0.0,0,0.0,5.0,0.9960498,-0.08879589,0.8660254,-0.5,2,0,0,1,7078.0,1,6125.0,1,0.0,1,12883.0,1,0.0,1,9047.0,1,6084.0,1,6631.0,5938.5806,5882.219,953.0
344,2013-04-06,7583.0,1080.0,1.0,0.0,0,0.0,6.0,0.9960498,-0.08879589,0.8660254,-0.5,2,0,0,1,6101.0,1,7078.0,1,7007.0,1,0.0,1,11605.0,1,8870.0,1,5449.0,1,5838.0,6003.5483,5930.8374,-977.0
344,2013-04-07,0.0,0.0,0.0,0.0,0,0.0,7.0,0.9960498,-0.08879589,0.8660254,-0.5,2,0,0,1,7583.0,1,6101.0,1,6125.0,1,10290.0,1,11827.0,1,8850.0,1,6119.0,1,6683.0,6635.329,6297.9844,1482.0
344,2013-04-08,12502.0,1516.0,1.0,1.0,0,0.0,1.0,0.9785565,-0.20597862,0.8660254,-0.5,2,0,0,1,0.0,1,7583.0,1,7078.0,1,0.0,1,10733.0,1,5613.0,1,6166.0,1,5863.0,3981.1975,4898.4326,-7583.0
344,2013-04-09,10142.0,1291.0,1.0,1.0,0,0.0,2.0,0.9785565,-0.20597862,0.8660254,-0.5,2,0,0,1,12502.0,1,0.0,1,6101.0,1,0.0,1,12883.0,1,0.0,1,5684.0,1,5815.0,7389.5186,6588.1143,12502.0
344,2013-04-10,7926.0,1054.0,1.0,1.0,0,0.0,3.0,0.9785565,-0.20597862,0.8660254,-0.5,2,0,0,1,10142.0,1,12502.0,1,7583.0,1,7007.0,1,0.0,1,11605.0,1,0.0,1,0.0,8490.511,7377.8667,-2360.0
344,2013-04-11,9234.0,1202.0,1.0,1.0,0,0.0,4.0,0.9785565,-0.20597862,0.8660254,-0.5,2,0,0,1,7926.0,1,10142.0,1,0.0,1,6125.0,1,10290.0,1,11827.0,1,9842.0,1,12299.0,8264.707,7499.674,-2216.0
344,2013-04-12,8315.0,1225.0,1.0,1.0,0,0.0,5.0,0.9785565,-0.20597862,0.8660254,-0.5,2,0,0,1,9234.0,1,7926.0,1,12502.0,1,7078.0,1,0.0,1,10733.0,1,10559.0,1,9692.0,8652.424,7885.0796,1308.0
344,2013-04-13,5797.0,855.0,1.0,0.0,0,0.0,6.0,0.9785565,-0.20597862,0.8660254,-0.5,2,0,0,1,8315.0,1,9234.0,1,10142.0,1,6101.0,1,0.0,1,12883.0,1,9047.0,1,8463.0,8517.454,7980.6177,-919.0
344,2013-04-14,0.0,0.0,0.0,0.0,0,0.0,7.0,0.9785565,-0.20597862,0.8660254,-0.5,2,0,0,1,5797.0,1,8315.0,1,7926.0,1,7583.0,1,7007.0,1,0.0,1,8870.0,1,8865.0,7429.2725,7495.369,-2518.0
344,2013-04-15,6211.0,1064.0,1.0,0.0,0,0.0,1.0,0.94732636,-0.32026985,0.8660254,-0.5,2,0,0,1,0.0,1,5797.0,1,9234.0,1,0.0,1,6125.0,1,10290.0,1,8850.0,1,7809.0,4457.5635,5829.7314,-5797.0
344,2013-04-16,6177.0,1010.0,1.0,0.0,0,0.0,2.0,0.94732636,-0.32026985,0.8660254,-0.5,2,0,0,1,6211.0,1,0.0,1,8315.0,1,12502.0,1,7078.0,1,0.0,1,5613.0,1,5090.0,5158.938,5914.458,6211.0
344,2013-04-17,6034.0,952.0,1.0,0.0,0,0.0,3.0,0.94732636,-0.32026985,0.8660254,-0.5,2,0,0,1,6177.0,1,6211.0,1,5797.0,1,10142.0,1,6101.0,1,0.0,1,0.0,1,0.0,5566.163,5972.801,-34.0
344,2013-04-18,6035.0,998.0,1.0,0.0,0,0.0,4.0,0.94732636,-0.32026985,0.8660254,-0.5,2,0,0,1,6034.0,1,6177.0,1,0.0,1,7926.0,1,7583.0,1,7007.0,1,11605.0,1,5629.0,5753.298,5986.4004,-143.0
344,2013-04-19,5537.0,898.0,1.0,0.0,0,0.0,5.0,0.94732636,-0.32026985,0.8660254,-0.5,2,0,0,1,6035.0,1,6034.0,1,6211.0,1,9234.0,1,0.0,1,6125.0,1,11827.0,1,5483.0,5865.9785,5997.2,1.0
344,2013-04-20,6615.0,953.0,1.0,0.0,0,0.0,6.0,0.94732636,-0.32026985,0.8660254,-0.5,2,0,0,1,5537.0,1,6035.0,1,6177.0,1,8315.0,1,12502.0,1,7078.0,1,10733.0,1,5751.0,5734.387,5894.9336,-498.0
344,2013-04-21,0.0,0.0,0.0,0.0,0,0.0,7.0,0.94732636,-0.32026985,0.8660254,-0.5,2,0,0,1,6615.0,1,5537.0,1,6034.0,1,5797.0,1,10142.0,1,6101.0,1,12883.0,1,7704.0,6086.6323,6054.948,1078.0
344,2013-04-22,11123.0,1450.0,1.0,1.0,0,0.0,1.0,0.9027978,-0.4300652,0.8660254,-0.5,2,0,0,1,0.0,1,6615.0,1,6035.0,1,0.0,1,7926.0,1,7583.0,1,0.0,1,7608.0,3651.9795,4709.4043,-6615.0
344,2013-04-23,9516.0,1280.0,1.0,1.0,0,0.0,2.0,0.9027978,-0.4300652,0.8660254,-0.5,2,0,0,1,11123.0,1,0.0,1,5537.0,1,6211.0,1,9234.0,1,0.0,1,10290.0,1,6975.0,6640.3877,6134.648,11123.0
344,2013-04-24,8803.0,1206.0,1.0,1.0,0,0.0,3.0,0.9027978,-0.4300652,0.8660254,-0.5,2,0,0,1,9516.0,1,11123.0,1,6615.0,1,6177.0,1,8315.0,1,12502.0,1,0.0,1,0.0,7790.633,6886.0596,-1607.0
344,2013-04-25,8498.0,1192.0,1.0,1.0,0,0.0,4.0,0.9027978,-0.4300652,0.8660254,-0.5,2,0,0,1,8803.0,1,9516.0,1,0.0,1,6034.0,1,5797.0,1,10142.0,1,0.0,1,14019.0,8195.579,7312.0464,-713.0
344,2013-04-26,7158.0,960.0,1.0,1.0,0,0.0,5.0,0.9027978,-0.4300652,0.8660254,-0.5,2,0,0,1,8498.0,1,8803.0,1,11123.0,1,6035.0,1,0.0,1,7926.0,1,7007.0,1,11733.0,8316.548,7575.5913,-305.0
344,2013-04-27,6510.0,945.0,1.0,0.0,0,0.0,6.0,0.9027978,-0.4300652,0.8660254,-0.5,2,0,0,1,7158.0,1,8498.0,1,9516.0,1,5537.0,1,6211.0,1,9234.0,1,6125.0,1,9450.0,7853.1284,7482.7935,-1340.0
344,2013-04-28,0.0,0.0,0.0,0.0,0,0.0,7.0,0.9027978,-0.4300652,0.8660254,-0.5,2,0,0,1,6510.0,1,7158.0,1,8803.0,1,6615.0,1,6177.0,1,8315.0,1,7078.0,1,9318.0,7315.877,7266.617,-648.0
344,2013-04-29,10509.0,1365.0,1.0,1.0,0,0.0,1.0,0.845596,-0.5338234,0.8660254,-0.5,2,0,0,1,0.0,1,6510.0,1,8498.0,1,0.0,1,6034.0,1,5797.0,1,6101.0,1,7735.0,4389.5264,5651.8135,-6510.0
344,2013-04-30,13484.0,1674.0,1.0,1.0,0,0.0,2.0,0.845596,-0.5338234,0.8660254,-0.5,2,0,1,1,10509.0,1,0.0,1,7158.0,1,11123.0,1,6035.0,1,0.0,1,7583.0,1,4904.0,6837.316,6731.188,10509.0
344,2013-05-01,0.0,0.0,0.0,1.0,1,0.0,3.0,0.845596,-0.5338234,0.5,-0.8660254,2,1,0,1,13484.0,1,10509.0,1,6510.0,1,9516.0,1,5537.0,1,6211.0,1,0.0,1,0.0,9495.989,8231.8125,2975.0
344,2013-05-02,12413.0,1603.0,1.0,1.0,0,1.0,4.0,0.845596,-0.5338234,0.5,-0.8660254,2,0,0,1,0.0,1,13484.0,1,0.0,1,8803.0,1,6615.0,1,6177.0,1,12502.0,1,5071.0,5697.5938,6402.521,-13484.0
344,2013-05-03,9720.0,1381.0,1.0,1.0,0,1.0,5.0,0.845596,-0.5338234,0.5,-0.8660254,2,0,0,1,12413.0,1,0.0,1,10509.0,1,8498.0,1,0.0,1,6034.0,1,10142.0,1,6084.0,8383.756,7738.183,12413.0
344,2013-05-04,6228.0,991.0,1.0,0.0,0,0.0,6.0,0.845596,-0.5338234,0.5,-0.8660254,2,0,0,1,9720.0,1,12413.0,1,13484.0,1,7158.0,1,11123.0,1,6035.0,1,7926.0,1,5449.0,8918.254,8178.587,-2693.0
344,2013-05-05,0.0,0.0,0.0,0.0,0,0.0,7.0,0.845596,-0.5338234,0.5,-0.8660254,2,0,0,1,6228.0,1,9720.0,1,0.0,1,6510.0,1,9516.0,1,5537.0,1,9234.0,1,6119.0,7842.1523,7745.123,-3492.0
344,2013-05-06,7463.0,1168.0,1.0,0.0,0,1.0,1.0,0.7765239,-0.63008785,0.5,-0.8660254,2,0,0,1,0.0,1,6228.0,1,12413.0,1,0.0,1,8803.0,1,6615.0,1,8315.0,1,6166.0,4705.2915,6023.985,-6228.0
344,2013-05-07,6421.0,997.0,1.0,0.0,0,1.0,2.0,0.7765239,-0.63008785,0.5,-0.8660254,2,0,0,1,7463.0,1,0.0,1,9720.0,1,10509.0,1,8498.0,1,0.0,1,5797.0,1,5684.0,5808.375,6343.7656,7463.0
344,2013-05-08,7443.0,1154.0,1.0,0.0,0,1.0,3.0,0.7765239,-0.63008785,0.5,-0.8660254,2,0,0,1,6421.0,1,7463.0,1,6228.0,1,13484.0,1,7158.0,1,11123.0,1,0.0,1,0.0,6053.425,6360.929,-1042.0
344,2013-05-09,0.0,0.0,0.0,0.0,1,1.0,4.0,0.7765239,-0.63008785,0.5,-0.8660254,2,0,0,1,7443.0,1,6421.0,1,0.0,1,0.0,1,6510.0,1,9516.0,1,6211.0,1,9842.0,6609.255,6601.389,1022.0
344,2013-05-10,8290.0,1208.0,1.0,0.0,0,1.0,5.0,0.7765239,-0.63008785,0.5,-0.8660254,2,0,0,1,0.0,1,7443.0,1,7463.0,1,12413.0,1,0.0,1,8803.0,1,6177.0,1,10559.0,3965.553,5134.414,-7443.0
344,2013-05-11,6334.0,992.0,1.0,0.0,0,0.0,6.0,0.7765239,-0.63008785,0.5,-0.8660254,2,0,0,1,8290.0,1,0.0,1,6421.0,1,9720.0,1,10509.0,1,8498.0,1,6034.0,1,9047.0,5695.3315,5835.6553,8290.0
344,2013-05-12,0.0,0.0,0.0,0.0,0,0.0,7.0,0.7765239,-0.63008785,0.5,-0.8660254,2,0,0,1,6334.0,1,8290.0,1,7443.0,1,6228.0,1,13484.0,1,7158.0,1,6035.0,1,8870.0,5950.799,5946.3984,-1956.0
344,2013-05-13,11735.0,1468.0,1.0,1.0,0,0.0,1.0,0.696551,-0.71750724,0.5,-0.8660254,2,0,0,1,0.0,1,6334.0,1,0.0,1,0.0,1,0.0,1,6510.0,1,5537.0,1,8850.0,3570.4795,4624.9766,-6334.0
344,2013-05-14,11805.0,1452.0,1.0,1.0,0,0.0,2.0,0.696551,-0.71750724,0.5,-0.8660254,2,0,0,1,11735.0,1,0.0,1,8290.0,1,7463.0,1,12413.0,1,0.0,1,6615.0,1,5613.0,6836.2876,6204.982,11735.0
344,2013-05-15,9285.0,1256.0,1.0,1.0,0,0.0,3.0,0.696551,-0.71750724,0.5,-0.8660254,2,0,0,1,11805.0,1,11735.0,1,6334.0,1,6421.0,1,9720.0,1,10509.0,1,0.0,1,0.0,8823.772,7449.43,70.0
344,2013-05-16,10111.0,1378.0,1.0,1.0,0,0.0,4.0,0.696551,-0.71750724,0.5,-0.8660254,2,0,0,1,9285.0,1,11805.0,1,0.0,1,7443.0,1,6228.0,1,13484.0,1,11123.0,1,11605.0,9008.264,7857.3345,-2520.0
344,2013-05-17,9335.0,1290.0,1.0,1.0,0,0.0,5.0,0.696551,-0.71750724,0.5,-0.8660254,2,0,0,1,10111.0,1,9285.0,1,11735.0,1,0.0,1,0.0,1,0.0,1,9516.0,1,11827.0,9449.358,8358.149,826.0
344,2013-05-18,5871.0,909.0,1.0,0.0,0,0.0,6.0,0.696551,-0.71750724,0.5,-0.8660254,2,0,0,1,9335.0,1,10111.0,1,11805.0,1,8290.0,1,7463.0,1,12413.0,1,8803.0,1,10733.0,9403.615,8575.228,-776.0
344,2013-05-19,0.0,0.0,0.0,0.0,0,0.0,7.0,0.696551,-0.71750724,0.5,-0.8660254,2,0,0,1,5871.0,1,9335.0,1,9285.0,1,6334.0,1,6421.0,1,9720.0,1,8498.0,1,12883.0,7990.569,7974.2876,-3464.0
344,2013-05-20,0.0,0.0,0.0,0.0,1,0.0,1.0,0.60680014,-0.79485446,0.5,-0.8660254,2,0,0,1,0.0,1,5871.0,1,10111.0,1,0.0,1,7443.0,1,6228.0,1,7158.0,1,0.0,4794.3413,6202.2236,-5871.0
344,2013-05-21,7636.0,1116.0,1.0,0.0,0,0.0,2.0,0.60680014,-0.79485446,0.5,-0.8660254,2,0,0,1,0.0,1,0.0,1,9335.0,1,11735.0,1,0.0,1,0.0,1,6510.0,1,10290.0,2876.6047,4823.9517,0.0
344,2013-05-22,5180.0,788.0,1.0,0.0,0,0.0,3.0,0.60680014,-0.79485446,0.5,-0.8660254,2,0,0,1,7636.0,1,0.0,1,5871.0,1,11805.0,1,8290.0,1,7463.0,1,0.0,1,0.0,4780.363,5448.8516,7636.0
344,2013-05-23,6550.0,1014.0,1.0,0.0,0,0.0,4.0,0.60680014,-0.79485446,0.5,-0.8660254,2,0,0,1,5180.0,1,7636.0,1,0.0,1,9285.0,1,6334.0,1,6421.0,1,10509.0,1,0.0,4940.218,5389.1064,-2456.0
344,2013-05-24,5831.0,941.0,1.0,0.0,0,0.0,5.0,0.60680014,-0.79485446,0.5,-0.8660254,2,0,0,1,6550.0,1,5180.0,1,0.0,1,10111.0,1,0.0,1,7443.0,1,13484.0,1,7007.0,5584.131,5647.083,1370.0
344,2013-05-25,5325.0,749.0,1.0,0.0,0,0.0,6.0,0.60680014,-0.79485446,0.5,-0.8660254,2,0,0,1,5831.0,1,6550.0,1,7636.0,1,9335.0,1,11735.0,1,0.0,1,0.0,1,6125.0,5682.8784,5687.9536,-719.0
344,2013-05-26,0.0,0.0,0.0,0.0,0,0.0,7.0,0.60680014,-0.79485446,0.5,-0.8660254,2,0,0,1,5325.0,1,5831.0,1,5180.0,1,5871.0,1,11805.0,1,8290.0,1,12413.0,1,7078.0,5539.727,5607.297,-506.0
344,2013-05-27,12339.0,1505.0,1.0,1.0,0,0.0,1.0,0.5085311,-0.86104363,0.5,-0.8660254,2,0,0,1,0.0,1,5325.0,1,6550.0,1,0.0,1,9285.0,1,6334.0,1,9720.0,1,6101.0,3323.8362,4361.231,-5325.0
344,2013-05-28,10508.0,1300.0,1.0,1.0,0,0.0,2.0,0.5085311,-0.86104363,0.5,-0.8660254,2,0,0,1,12339.0,1,0.0,1,5831.0,1,0.0,1,10111.0,1,0.0,1,6228.0,1,7583.0,6929.902,6134.069,12339.0
344,2013-05-29,9425.0,1182.0,1.0,1.0,0,0.0,3.0,0.5085311,-0.86104363,0.5,-0.8660254,2,0,0,1,10508.0,1,12339.0,1,5325.0,1,7636.0,1,9335.0,1,11735.0,1,0.0,1,0.0,8361.141,7106.053,-1831.0
344,2013-05-30,9892.0,1280.0,1.0,1.0,0,0.0,4.0,0.5085311,-0.86104363,0.5,-0.8660254,2,0,0,1,9425.0,1,10508.0,1,0.0,1,5180.0,1,5871.0,1,11805.0,1,7463.0,1,12502.0,8786.685,7621.375,-1083.0
344,2013-05-31,11309.0,1452.0,1.0,1.0,0,0.0,5.0,0.5085311,-0.86104363,0.5,-0.8660254,2,0,1,1,9892.0,1,9425.0,1,12339.0,1,6550.0,1,0.0,1,9285.0,1,6421.0,1,10142.0,9228.811,8125.958,467.0
344,2013-06-01,7509.0,1022.0,1.0,0.0,0,0.0,6.0,0.5085311,-0.86104363,1.2246469e-16,-1.0,2,1,0,1,11309.0,1,9892.0,1,10508.0,1,5831.0,1,0.0,1,10111.0,1,7443.0,1,7926.0,10060.887,8833.301,1417.0
344,2013-06-02,0.0,0.0,0.0,0.0,0,0.0,7.0,0.5085311,-0.86104363,1.2246469e-16,-1.0,2,0,0,1,7509.0,1,11309.0,1,9425.0,1,5325.0,1,7636.0,1,9335.0,1,0.0,1,9234.0,9040.132,8539.012,-3800.0
344,2013-06-03,13723.0,1633.0,1.0,1.0,0,0.0,1.0,0.40312344,-0.91514564,1.2246469e-16,-1.0,2,0,0,1,0.0,1,7509.0,1,9892.0,1,0.0,1,5180.0,1,5871.0,1,8290.0,1,8315.0,5424.079,6641.4536,-7509.0
344,2013-06-04,10500.0,1395.0,1.0,1.0,0,0.0,2.0,0.40312344,-0.91514564,1.2246469e-16,-1.0,2,0,0,1,13723.0,1,0.0,1,11309.0,1,12339.0,1,6550.0,1,0.0,1,6334.0,1,5797.0,8743.647,8215.131,13723.0
344,2013-06-05,9256.0,1236.0,1.0,1.0,0,0.0,3.0,0.40312344,-0.91514564,1.2246469e-16,-1.0,2,0,0,1,10500.0,1,13723.0,1,7509.0,1,10508.0,1,5831.0,1,0.0,1,0.0,1,0.0,9446.188,8722.879,-3223.0
344,2013-06-06,9650.0,1300.0,1.0,1.0,0,0.0,4.0,0.40312344,-0.91514564,1.2246469e-16,-1.0,2,0,0,1,9256.0,1,10500.0,1,0.0,1,9425.0,1,5325.0,1,7636.0,1,11735.0,1,6211.0,9370.113,8841.351,-1244.0
344,2013-06-07,9490.0,1279.0,1.0,1.0,0,0.0,5.0,0.40312344,-0.91514564,1.2246469e-16,-1.0,2,0,0,1,9650.0,1,9256.0,1,13723.0,1,9892.0,1,0.0,1,5180.0,1,11805.0,1,6177.0,9482.067,9021.051,394.0
344,2013-06-08,6371.0,933.0,1.0,0.0,0,0.0,6.0,0.40312344,-0.91514564,1.2246469e-16,-1.0,2,0,0,1,9490.0,1,9650.0,1,10500.0,1,11309.0,1,12339.0,1,6550.0,1,9285.0,1,6034.0,9485.24,9125.262,-160.0
344,2013-06-09,0.0,0.0,0.0,0.0,0,0.0,7.0,0.40312344,-0.91514564,1.2246469e-16,-1.0,2,0,0,1,6371.0,1,9490.0,1,9256.0,1,7509.0,1,10508.0,1,5831.0,1,10111.0,1,6035.0,8239.544,8513.203,-3119.0
344,2013-06-10,7512.0,1158.0,1.0,0.0,0,0.0,1.0,0.29205677,-0.956401,1.2246469e-16,-1.0,2,0,0,1,0.0,1,6371.0,1,9650.0,1,0.0,1,9425.0,1,5325.0,1,9335.0,1,5537.0,4943.7266,6621.3804,-6371.0
344,2013-06-11,6697.0,1038.0,1.0,0.0,0,0.0,2.0,0.29205677,-0.956401,1.2246469e-16,-1.0,2,0,0,1,7512.0,1,0.0,1,9490.0,1,13723.0,1,9892.0,1,0.0,1,5871.0,1,6615.0,5971.036,6819.296,7512.0
344,2013-06-12,6099.0,985.0,1.0,0.0,0,0.0,3.0,0.29205677,-0.956401,1.2246469e-16,-1.0,2,0,0,1,6697.0,1,7512.0,1,6371.0,1,10500.0,1,11309.0,1,12339.0,1,0.0,1,0.0,6261.4214,6792.119,-815.0
344,2013-06-13,6316.0,1013.0,1.0,0.0,0,0.0,4.0,0.29205677,-0.956401,1.2246469e-16,-1.0,2,0,0,1,6099.0,1,6697.0,1,0.0,1,9256.0,1,7509.0,1,10508.0,1,0.0,1,11123.0,6196.453,6638.093,-598.0
344,2013-06-14,6184.0,952.0,1.0,0.0,0,0.0,5.0,0.29205677,-0.956401,1.2246469e-16,-1.0,2,0,0,1,6316.0,1,6099.0,1,7512.0,1,9650.0,1,0.0,1,9425.0,1,7636.0,1,9516.0,6244.272,6566.5166,217.0
344,2013-06-15,6653.0,910.0,1.0,0.0,0,0.0,6.0,0.29205677,-0.956401,1.2246469e-16,-1.0,2,0,0,1,6184.0,1,6316.0,1,6697.0,1,9490.0,1,13723.0,1,9892.0,1,5180.0,1,8803.0,6220.163,6481.5127,-132.0
344,2013-06-16,0.0,0.0,0.0,0.0,0,0.0,7.0,0.29205677,-0.956401,1.2246469e-16,-1.0,2,0,0,1,6653.0,1,6184.0,1,6099.0,1,6371.0,1,10500.0,1,11309.0,1,6550.0,1,8498.0,6393.298,6519.621,469.0
344,2013-06-17,12508.0,1505.0,1.0,1.0,0,0.0,1.0,0.17689027,-0.9842306,1.2246469e-16,-1.0,2,0,0,1,0.0,1,6653.0,1,6316.0,1,0.0,1,9256.0,1,7509.0,1,5831.0,1,7158.0,3835.9788,5070.8164,-6653.0
344,2013-06-18,10762.0,1346.0,1.0,1.0,0,0.0,2.0,0.17689027,-0.9842306,1.2246469e-16,-1.0,2,0,0,1,12508.0,1,0.0,1,6184.0,1,7512.0,1,9650.0,1,0.0,1,5325.0,1,6510.0,7304.787,6723.524,12508.0
344,2013-06-19,8362.0,1098.0,1.0,1.0,0,0.0,3.0,0.17689027,-0.9842306,1.2246469e-16,-1.0,2,0,0,1,10762.0,1,12508.0,1,6653.0,1,6697.0,1,9490.0,1,13723.0,1,0.0,1,0.0,8687.672,7620.963,-1746.0
344,2013-06-20,8265.0,1148.0,1.0,1.0,0,1.0,4.0,0.17689027,-0.9842306,1.2246469e-16,-1.0,2,0,0,1,8362.0,1,10762.0,1,0.0,1,6099.0,1,6371.0,1,10500.0,1,12339.0,1,10509.0,8557.403,7785.6377,-2400.0
344,2013-06-21,8659.0,1168.0,1.0,1.0,0,1.0,5.0,0.17689027,-0.9842306,1.2246469e-16,-1.0,2,0,0,1,8265.0,1,8362.0,1,12508.0,1,6316.0,1,0.0,1,9256.0,1,10508.0,1,13484.0,8440.442,7892.1626,-97.0
344,2013-06-22,6061.0,926.0,1.0,0.0,0,0.0,6.0,0.17689027,-0.9842306,1.2246469e-16,-1.0,2,0,0,1,8659.0,1,8265.0,1,10762.0,1,6184.0,1,7512.0,1,9650.0,1,9425.0,1,0.0,8527.865,8062.5713,394.0
344,2013-06-23,0.0,0.0,0.0,0.0,0,0.0,7.0,0.17689027,-0.9842306,1.2246469e-16,-1.0,2,0,0,1,6061.0,1,8659.0,1,8362.0,1,6653.0,1,6697.0,1,9490.0,1,9892.0,1,12413.0,7541.119,7617.7773,-2598.0
344,2013-06-24,6416.0,1014.0,1.0,0.0,0,1.0,1.0,0.059240628,-0.99824375,1.2246469e-16,-1.0,2,0,0,1,0.0,1,6061.0,1,8265.0,1,0.0,1,6099.0,1,6371.0,1,11309.0,1,9720.0,4524.6714,5924.938,-6061.0
344,2013-06-25,6045.0,911.0,1.0,0.0,0,1.0,2.0,0.059240628,-0.99824375,1.2246469e-16,-1.0,2,0,0,1,6416.0,1,0.0,1,8659.0,1,12508.0,1,6316.0,1,0.0,1,7509.0,1,6228.0,5281.203,6034.063,6416.0
344,2013-06-26,6109.0,869.0,1.0,0.0,0,1.0,3.0,0.059240628,-0.99824375,1.2246469e-16,-1.0,2,0,0,1,6045.0,1,6416.0,1,6061.0,1,10762.0,1,6184.0,1,7512.0,1,0.0,1,0.0,5586.7217,6036.493,-371.0
344,2013-06-27,6734.0,997.0,1.0,0.0,0,1.0,4.0,0.059240628,-0.99824375,1.2246469e-16,-1.0,2,0,0,1,6109.0,1,6045.0,1,0.0,1,8362.0,1,6653.0,1,6697.0,1,13723.0,1,7463.0,5795.633,6052.606,64.0
344,2013-06-28,8783.0,1139.0,1.0,0.0,0,1.0,5.0,0.059240628,-0.99824375,1.2246469e-16,-1.0,2,0,0,1,6734.0,1,6109.0,1,6416.0,1,8265.0,1,0.0,1,6099.0,1,10500.0,1,6421.0,6170.98,6204.027,625.0
344,2013-06-29,7256.0,996.0,1.0,0.0,0,0.0,6.0,0.059240628,-0.99824375,1.2246469e-16,-1.0,2,0,0,1,8783.0,1,6734.0,1,6045.0,1,8659.0,1,12508.0,1,6316.0,1,9256.0,1,7443.0,7215.788,6777.132,2049.0
344,2013-06-30,0.0,0.0,0.0,0.0,0,0.0,7.0,0.059240628,-0.99824375,1.2246469e-16,-1.0,2,0,1,1,7256.0,1,8783.0,1,6109.0,1,6061.0,1,10762.0,1,6184.0,1,9650.0,1,0.0,7231.8726,6883.547,-1527.0
344,2013-07-01,12229.0,1525.0,1.0,1.0,0,1.0,1.0,-0.059240628,-0.99824375,-0.5,-0.8660254,3,1,0,1,0.0,1,7256.0,1,6734.0,1,0.0,1,8362.0,1,6653.0,1,9490.0,1,8290.0,4339.1235,5353.87,-7256.0
344,2013-07-02,11173.0,1355.0,1.0,1.0,0,1.0,2.0,-0.059240628,-0.99824375,-0.5,-0.8660254,3,0,0,1,12229.0,1,0.0,1,8783.0,1,6416.0,1,8265.0,1,0.0,1,6371.0,1,6334.0,7495.074,6881.677,12229.0
344,2013-07-03,10093.0,1290.0,1.0,1.0,0,1.0,3.0,-0.059240628,-0.99824375,-0.5,-0.8660254,3,0,0,1,11173.0,1,12229.0,1,7256.0,1,6045.0,1,8659.0,1,12508.0,1,0.0,1,0.0,8966.244,7835.304,-1056.0
344,2013-07-04,10140.0,1269.0,1.0,1.0,0,1.0,4.0,-0.059240628,-0.99824375,-0.5,-0.8660254,3,0,0,1,10093.0,1,11173.0,1,0.0,1,6109.0,1,6061.0,1,10762.0,1,7512.0,1,11735.0,9416.946,8337.015,-1080.0
344,2013-07-05,9124.0,1218.0,1.0,1.0,0,1.0,5.0,-0.059240628,-0.99824375,-0.5,-0.8660254,3,0,0,1,10140.0,1,10093.0,1,12229.0,1,6734.0,1,0.0,1,8362.0,1,6697.0,1,11805.0,9706.168,8737.678,47.0
344,2013-07-06,6608.0,902.0,1.0,0.0,0,0.0,6.0,-0.059240628,-0.99824375,-0.5,-0.8660254,3,0,0,1,9124.0,1,10140.0,1,11173.0,1,8783.0,1,6416.0,1,8265.0,1,6099.0,1,9285.0,9473.301,8823.527,-1016.0
344,2013-07-07,0.0,0.0,0.0,0.0,0,0.0,7.0,-0.059240628,-0.99824375,-0.5,-0.8660254,3,0,0,1,6608.0,1,9124.0,1,10093.0,1,7256.0,1,6045.0,1,8659.0,1,6316.0,1,10111.0,8327.181,8331.1875,-2516.0
344,2013-07-08,7131.0,1042.0,1.0,0.0,0,1.0,1.0,-0.17689027,-0.9842306,-0.5,-0.8660254,3,0,0,1,0.0,1,6608.0,1,10140.0,1,0.0,1,6109.0,1,6061.0,1,6184.0,1,9335.0,4996.308,6479.8125,-6608.0
344,2013-07-09,6283.0,952.0,1.0,0.0,0,1.0,2.0,-0.17689027,-0.9842306,-0.5,-0.8660254,3,0,0,1,7131.0,1,0.0,1,9124.0,1,12229.0,1,6734.0,1,0.0,1,6653.0,1,5871.0,5850.185,6624.521,7131.0
344,2013-07-10,6168.0,886.0,1.0,0.0,0,1.0,3.0,-0.17689027,-0.9842306,-0.5,-0.8660254,3,0,0,1,6283.0,1,7131.0,1,6608.0,1,11173.0,1,8783.0,1,6416.0,1,0.0,1,0.0,6023.311,6548.6274,-848.0
344,2013-07-11,7209.0,1016.0,1.0,0.0,0,1.0,4.0,-0.17689027,-0.9842306,-0.5,-0.8660254,3,0,0,1,6168.0,1,6283.0,1,0.0,1,10093.0,1,7256.0,1,6045.0,1,12508.0,1,0.0,6081.1865,6464.0435,-115.0
344,2013-07-12,6296.0,861.0,1.0,0.0,0,1.0,5.0,-0.17689027,-0.9842306,-0.5,-0.8660254,3,0,0,1,7209.0,1,6168.0,1,7131.0,1,10140.0,1,0.0,1,6109.0,1,10762.0,1,7636.0,6532.312,6629.5894,1041.0
344,2013-07-13,5769.0,871.0,1.0,0.0,0,0.0,6.0,-0.17689027,-0.9842306,-0.5,-0.8660254,3,0,0,1,6296.0,1,7209.0,1,6283.0,1,9124.0,1,12229.0,1,6734.0,1,8362.0,1,5180.0,6437.787,6555.4585,-913.0
344,2013-07-14,0.0,0.0,0.0,0.0,0,0.0,7.0,-0.17689027,-0.9842306,-0.5,-0.8660254,3,0,0,1,5769.0,1,6296.0,1,6168.0,1,6608.0,1,11173.0,1,8783.0,1,8265.0,1,6550.0,6170.2725,6380.69,-527.0
344,2013-07-15,13610.0,1547.0,1.0,1.0,0,1.0,1.0,-0.29205677,-0.956401,-0.5,-0.8660254,3,0,0,1,0.0,1,5769.0,1,7209.0,1,0.0,1,10093.0,1,7256.0,1,8659.0,1,5831.0,3702.1633,4962.759,-5769.0
344,2013-07-16,9633.0,1244.0,1.0,1.0,0,1.0,2.0,-0.29205677,-0.956401,-0.5,-0.8660254,3,0,0,1,13610.0,1,0.0,1,6296.0,1,7131.0,1,10140.0,1,0.0,1,6061.0,1,5325.0,7665.298,6884.368,13610.0
344,2013-07-17,8651.0,1097.0,1.0,1.0,0,1.0,3.0,-0.29205677,-0.956401,-0.5,-0.8660254,3,0,0,1,9633.0,1,13610.0,1,5769.0,1,6283.0,1,9124.0,1,12229.0,1,0.0,1,0.0,8452.379,7495.1753,-3977.0
344,2013-07-18,8554.0,1183.0,1.0,1.0,0,1.0,4.0,-0.29205677,-0.956401,-0.5,-0.8660254,3,0,0,1,8651.0,1,9633.0,1,0.0,1,6168.0,1,6608.0,1,11173.0,1,6416.0,1,12339.0,8531.827,7752.025,-982.0
344,2013-07-19,8110.0,1149.0,1.0,1.0,0,1.0,5.0,-0.29205677,-0.956401,-0.5,-0.8660254,3,0,0,1,8554.0,1,8651.0,1,13610.0,1,7209.0,1,0.0,1,10093.0,1,6045.0,1,10508.0,8540.696,7930.2417,-97.0
344,2013-07-20,5003.0,812.0,1.0,0.0,0,0.0,6.0,-0.29205677,-0.956401,-0.5,-0.8660254,3,0,0,1,8110.0,1,8554.0,1,9633.0,1,6296.0,1,7131.0,1,10140.0,1,6109.0,1,9425.0,8368.418,7970.188,-444.0
344,2013-07-21,0.0,0.0,0.0,0.0,0,0.0,7.0,-0.29205677,-0.956401,-0.5,-0.8660254,3,0,0,1,5003.0,1,8110.0,1,8651.0,1,5769.0,1,6283.0,1,9124.0,1,6734.0,1,9892.0,7022.2505,7310.813,-3107.0
344,2013-07-22,6592.0,1026.0,1.0,0.0,0,1.0,1.0,-0.40312344,-0.91514564,-0.5,-0.8660254,3,0,0,1,0.0,1,5003.0,1,8554.0,1,0.0,1,6168.0,1,6608.0,1,8783.0,1,11309.0,4213.3506,5686.188,-5003.0
344,2013-07-23,5686.0,887.0,1.0,0.0,0,1.0,2.0,-0.40312344,-0.91514564,-0.5,-0.8660254,3,0,0,1,6592.0,1,0.0,1,8110.0,1,13610.0,1,7209.0,1,0.0,1,7256.0,1,7509.0,5164.81,5887.4795,6592.0
344,2013-07-24,5605.0,865.0,1.0,0.0,0,1.0,3.0,-0.40312344,-0.91514564,-0.5,-0.8660254,3,0,0,1,5686.0,1,6592.0,1,5003.0,1,9633.0,1,6296.0,1,7131.0,1,0.0,1,0.0,5373.286,5842.706,-906.0
344,2013-07-25,5959.0,930.0,1.0,0.0,0,1.0,4.0,-0.40312344,-0.91514564,-0.5,-0.8660254,3,0,0,1,5605.0,1,5686.0,1,0.0,1,8651.0,1,5769.0,1,6283.0,1,12229.0,1,13723.0,5465.9717,5789.883,-81.0
344,2013-07-26,5525.0,861.0,1.0,0.0,0,1.0,5.0,-0.40312344,-0.91514564,-0.5,-0.8660254,3,0,0,1,5959.0,1,5605.0,1,6592.0,1,8554.0,1,0.0,1,6168.0,1,11173.0,1,10500.0,5663.183,5827.4644,354.0
344,2013-07-27,5086.0,759.0,1.0,0.0,0,0.0,6.0,-0.40312344,-0.91514564,-0.5,-0.8660254,3,0,0,1,5525.0,1,5959.0,1,5686.0,1,8110.0,1,13610.0,1,7209.0,1,10093.0,1,9256.0,5607.9097,5760.25,-434.0
344,2013-07-28,0.0,0.0,0.0,0.0,0,0.0,7.0,-0.40312344,-0.91514564,-0.5,-0.8660254,3,0,0,1,5086.0,1,5525.0,1,5605.0,1,5003.0,1,9633.0,1,6296.0,1,10140.0,1,9650.0,5399.146,5610.4165,-439.0
344,2013-07-29,13801.0,1627.0,1.0,1.0,0,1.0,1.0,-0.5085311,-0.86104363,-0.5,-0.8660254,3,0,0,1,0.0,1,5086.0,1,5959.0,1,0.0,1,8651.0,1,5769.0,1,9124.0,1,9490.0,3239.4875,4363.657,-5086.0
344,2013-07-30,13063.0,1477.0,1.0,1.0,0,1.0,2.0,-0.5085311,-0.86104363,-0.5,-0.8660254,3,0,0,1,13801.0,1,0.0,1,5525.0,1,6592.0,1,8554.0,1,0.0,1,6608.0,1,6371.0,7464.0923,6460.8447,13801.0
344,2013-07-31,14653.0,1676.0,1.0,1.0,0,1.0,3.0,-0.5085311,-0.86104363,-0.5,-0.8660254,3,0,1,1,13063.0,1,13801.0,1,5086.0,1,5686.0,1,8110.0,1,13610.0,1,0.0,1,0.0,9703.655,7927.99,-738.0
344,2013-08-01,12993.0,1605.0,1.0,1.0,0,0.0,4.0,-0.5085311,-0.86104363,-0.8660254,-0.5,3,1,0,1,14653.0,1,13063.0,1,0.0,1,5605.0,1,5003.0,1,9633.0,1,7131.0,1,7512.0,11683.394,9422.437,1590.0
344,2013-08-02,9691.0,1327.0,1.0,1.0,0,0.0,5.0,-0.5085311,-0.86104363,-0.8660254,-0.5,3,0,0,1,12993.0,1,14653.0,1,13801.0,1,5959.0,1,0.0,1,8651.0,1,6283.0,1,6697.0,12207.236,10215.8955,-1660.0
344,2013-08-03,7196.0,1054.0,1.0,0.0,0,0.0,6.0,-0.5085311,-0.86104363,-0.8660254,-0.5,3,0,0,1,9691.0,1,12993.0,1,13063.0,1,5525.0,1,6592.0,1,8554.0,1,6168.0,1,6099.0,11200.741,10099.252,-3302.0
344,2013-08-04,0.0,0.0,0.0,0.0,0,0.0,7.0,-0.5085311,-0.86104363,-0.8660254,-0.5,3,0,0,1,7196.0,1,9691.0,1,14653.0,1,5086.0,1,5686.0,1,8110.0,1,7209.0,1,6316.0,9598.845,9454.085,-2495.0
344,2013-08-05,8716.0,1344.0,1.0,0.0,0,0.0,1.0,-0.60680014,-0.79485446,-0.8660254,-0.5,3,0,0,1,0.0,1,7196.0,1,12993.0,1,0.0,1,5605.0,1,5003.0,1,6296.0,1,6184.0,5759.307,7353.1772,-7196.0
344,2013-08-06,7988.0,1233.0,1.0,0.0,0,0.0,2.0,-0.60680014,-0.79485446,-0.8660254,-0.5,3,0,0,1,8716.0,1,0.0,1,9691.0,1,13801.0,1,5959.0,1,0.0,1,5769.0,1,6653.0,6941.9844,7656.027,8716.0
344,2013-08-07,7279.0,1134.0,1.0,0.0,0,0.0,3.0,-0.60680014,-0.79485446,-0.8660254,-0.5,3,0,0,1,7988.0,1,8716.0,1,7196.0,1,13063.0,1,5525.0,1,6592.0,1,0.0,1,0.0,7360.3906,7729.7983,-728.0
344,2013-08-08,6026.0,987.0,1.0,0.0,0,0.0,4.0,-0.60680014,-0.79485446,-0.8660254,-0.5,3,0,0,1,7279.0,1,7988.0,1,0.0,1,14653.0,1,5086.0,1,5686.0,1,13610.0,1,12508.0,7327.8345,7629.621,-709.0
344,2013-08-09,6904.0,1056.0,1.0,0.0,0,0.0,5.0,-0.60680014,-0.79485446,-0.8660254,-0.5,3,0,0,1,6026.0,1,7279.0,1,8716.0,1,12993.0,1,0.0,1,5605.0,1,9633.0,1,10762.0,6807.1006,7273.2607,-1253.0
344,2013-08-10,6196.0,946.0,1.0,0.0,0,0.0,6.0,-0.60680014,-0.79485446,-0.8660254,-0.5,3,0,0,1,6904.0,1,6026.0,1,7988.0,1,9691.0,1,13801.0,1,5959.0,1,8651.0,1,8362.0,6845.8604,7191.2026,878.0
344,2013-08-11,0.0,0.0,0.0,0.0,0,0.0,7.0,-0.60680014,-0.79485446,-0.8660254,-0.5,3,0,0,1,6196.0,1,6904.0,1,7279.0,1,7196.0,1,13063.0,1,5525.0,1,8554.0,1,8265.0,6585.916,6970.047,-708.0
344,2013-08-12,14077.0,1710.0,1.0,1.0,0,0.0,1.0,-0.696551,-0.71750724,-0.8660254,-0.5,3,0,0,1,0.0,1,6196.0,1,6026.0,1,0.0,1,14653.0,1,5086.0,1,8110.0,1,8659.0,3951.5498,5421.1475,-6196.0
344,2013-08-13,10925.0,1370.0,1.0,1.0,0,0.0,2.0,-0.696551,-0.71750724,-0.8660254,-0.5,3,0,0,1,14077.0,1,0.0,1,6904.0,1,8716.0,1,12993.0,1,0.0,1,5003.0,1,6061.0,8001.73,7344.6704,14077.0
344,2013-08-14,10055.0,1365.0,1.0,1.0,0,0.0,3.0,-0.696551,-0.71750724,-0.8660254,-0.5,3,0,0,1,10925.0,1,14077.0,1,6196.0,1,7988.0,1,9691.0,1,13801.0,1,0.0,1,0.0,9171.038,8140.299,-3152.0
344,2013-08-15,10225.0,1332.0,1.0,1.0,0,0.0,4.0,-0.696551,-0.71750724,-0.8660254,-0.5,3,0,0,1,10055.0,1,10925.0,1,0.0,1,7279.0,1,7196.0,1,13063.0,1,6592.0,1,6416.0,9524.623,8565.788,-870.0
344,2013-08-16,9530.0,1263.0,1.0,1.0,0,0.0,5.0,-0.696551,-0.71750724,-0.8660254,-0.5,3,0,0,1,10225.0,1,10055.0,1,14077.0,1,6026.0,1,0.0,1,14653.0,1,5686.0,1,6045.0,9804.773,8934.502,170.0
344,2013-08-17,6050.0,964.0,1.0,0.0,0,0.0,6.0,-0.696551,-0.71750724,-0.8660254,-0.5,3,0,0,1,9530.0,1,10225.0,1,10925.0,1,6904.0,1,8716.0,1,12993.0,1,5605.0,1,6109.0,9694.864,9066.835,-695.0
344,2013-08-18,0.0,0.0,0.0,0.0,0,0.0,7.0,-0.696551,-0.71750724,-0.8660254,-0.5,3,0,0,1,6050.0,1,9530.0,1,10055.0,1,6196.0,1,7988.0,1,9691.0,1,5959.0,1,6734.0,8236.919,8396.427,-3480.0
344,2013-08-19,6126.0,978.0,1.0,0.0,0,0.0,1.0,-0.7765239,-0.63008785,-0.8660254,-0.5,3,0,0,1,0.0,1,6050.0,1,10225.0,1,0.0,1,7279.0,1,7196.0,1,5525.0,1,8783.0,4942.151,6530.554,-6050.0
344,2013-08-20,6277.0,1006.0,1.0,0.0,0,0.0,2.0,-0.7765239,-0.63008785,-0.8660254,-0.5,3,0,0,1,6126.0,1,0.0,1,9530.0,1,14077.0,1,6026.0,1,0.0,1,5086.0,1,7256.0,5415.6904,6440.6533,6126.0
344,2013-08-21,5389.0,871.0,1.0,0.0,0,0.0,3.0,-0.7765239,-0.63008785,-0.8660254,-0.5,3,0,0,1,6277.0,1,6126.0,1,6050.0,1,10925.0,1,6904.0,1,8716.0,1,0.0,1,0.0,5760.2144,6404.286,151.0
344,2013-08-22,5503.0,948.0,1.0,0.0,0,0.0,4.0,-0.7765239,-0.63008785,-0.8660254,-0.5,3,0,0,1,5389.0,1,6277.0,1,0.0,1,10055.0,1,6196.0,1,7988.0,1,13801.0,1,12229.0,5611.7285,6178.667,-888.0
344,2013-08-23,5149.0,864.0,1.0,0.0,0,0.0,5.0,-0.7765239,-0.63008785,-0.8660254,-0.5,3,0,0,1,5503.0,1,5389.0,1,6126.0,1,10225.0,1,0.0,1,7279.0,1,13063.0,1,11173.0,5568.2373,6028.5186,114.0
344,2013-08-24,5665.0,919.0,1.0,0.0,0,0.0,6.0,-0.7765239,-0.63008785,-0.8660254,-0.5,3,0,0,1,5149.0,1,5503.0,1,6277.0,1,9530.0,1,14077.0,1,6026.0,1,14653.0,1,10093.0,5400.5425,5833.0703,-354.0
344,2013-08-25,0.0,0.0,0.0,0.0,0,0.0,7.0,-0.7765239,-0.63008785,-0.8660254,-0.5,3,0,0,1,5665.0,1,5149.0,1,5389.0,1,6050.0,1,10925.0,1,6904.0,1,12993.0,1,10140.0,5506.325,5795.721,516.0
344,2013-08-26,11521.0,1447.0,1.0,1.0,0,0.0,1.0,-0.845596,-0.5338234,-0.8660254,-0.5,3,0,0,1,0.0,1,5665.0,1,5503.0,1,0.0,1,10055.0,1,6196.0,1,9691.0,1,9124.0,3303.7952,4507.783,-5665.0
344,2013-08-27,10039.0,1283.0,1.0,1.0,0,0.0,2.0,-0.845596,-0.5338234,-0.8660254,-0.5,3,0,0,1,11521.0,1,0.0,1,5149.0,1,6126.0,1,10225.0,1,0.0,1,7196.0,1,6608.0,6590.6772,6066.276,11521.0
344,2013-08-28,8381.0,1144.0,1.0,1.0,0,0.0,3.0,-0.845596,-0.5338234,-0.8660254,-0.5,3,0,0,1,10039.0,1,11521.0,1,5665.0,1,6277.0,1,9530.0,1,14077.0,1,0.0,1,0.0,7970.0063,6949.1035,-1482.0
344,2013-08-29,8648.0,1189.0,1.0,1.0,0,0.0,4.0,-0.845596,-0.5338234,-0.8660254,-0.5,3,0,0,1,8381.0,1,10039.0,1,0.0,1,5389.0,1,6050.0,1,10925.0,1,8716.0,1,7131.0,8134.404,7267.3027,-1658.0
344,2013-08-30,11083.0,1421.0,1.0,1.0,0,0.0,5.0,-0.845596,-0.5338234,-0.8660254,-0.5,3,0,0,1,8648.0,1,8381.0,1,11521.0,1,5503.0,1,0.0,1,10055.0,1,7988.0,1,6283.0,8339.842,7574.124,267.0
344,2013-08-31,6603.0,968.0,1.0,0.0,0,0.0,6.0,-0.845596,-0.5338234,-0.8660254,-0.5,3,0,1,1,11083.0,1,8648.0,1,10039.0,1,5149.0,1,6126.0,1,10225.0,1,7279.0,1,6168.0,9437.105,8353.874,2435.0
344,2013-09-01,0.0,0.0,0.0,0.0,0,0.0,7.0,-0.845596,-0.5338234,-1.0,-1.8369701e-16,3,1,0,1,6603.0,1,11083.0,1,8381.0,1,5665.0,1,6277.0,1,9530.0,1,6026.0,1,7209.0,8303.463,7964.791,-4480.0
344,2013-09-02,6383.0,982.0,1.0,0.0,0,0.0,1.0,-0.9027978,-0.4300652,-1.0,-1.8369701e-16,3,0,0,1,0.0,1,6603.0,1,8648.0,1,0.0,1,5389.0,1,6050.0,1,6904.0,1,6296.0,4982.078,6194.8374,-6603.0
344,2013-09-03,7367.0,1062.0,1.0,0.0,0,0.0,2.0,-0.9027978,-0.4300652,-1.0,-1.8369701e-16,3,0,0,1,6383.0,1,0.0,1,11083.0,1,11521.0,1,5503.0,1,0.0,1,6196.0,1,5769.0,5542.447,6236.6514,6383.0
344,2013-09-04,5974.0,1011.0,1.0,0.0,0,0.0,3.0,-0.9027978,-0.4300652,-1.0,-1.8369701e-16,3,0,0,1,7367.0,1,6383.0,1,6603.0,1,10039.0,1,5149.0,1,6126.0,1,0.0,1,0.0,6272.268,6487.84,984.0
344,2013-09-05,6033.0,972.0,1.0,0.0,0,0.0,4.0,-0.9027978,-0.4300652,-1.0,-1.8369701e-16,3,0,0,1,5974.0,1,7367.0,1,0.0,1,8381.0,1,5665.0,1,6277.0,1,14077.0,1,13610.0,6152.961,6373.6533,-1393.0
344,2013-09-06,5914.0,993.0,1.0,0.0,0,0.0,5.0,-0.9027978,-0.4300652,-1.0,-1.8369701e-16,3,0,0,1,6033.0,1,5974.0,1,6383.0,1,8648.0,1,0.0,1,5389.0,1,10925.0,1,9633.0,6104.9766,6297.9526,59.0
344,2013-09-07,5276.0,867.0,1.0,0.0,0,0.0,6.0,-0.9027978,-0.4300652,-1.0,-1.8369701e-16,3,0,0,1,5914.0,1,6033.0,1,7367.0,1,11083.0,1,11521.0,1,5503.0,1,10055.0,1,8651.0,6028.586,6212.63,-119.0
344,2013-09-08,0.0,0.0,0.0,0.0,0,0.0,7.0,-0.9027978,-0.4300652,-1.0,-1.8369701e-16,3,0,0,1,5276.0,1,5914.0,1,5974.0,1,6603.0,1,10039.0,1,5149.0,1,10225.0,1,8554.0,5727.552,6004.4897,-638.0
344,2013-09-09,12223.0,1358.0,1.0,1.0,0,0.0,1.0,-0.94732636,-0.32026985,-1.0,-1.8369701e-16,3,0,0,1,0.0,1,5276.0,1,6033.0,1,0.0,1,8381.0,1,5665.0,1,9530.0,1,8110.0,3436.531,4670.1587,-5276.0
344,2013-09-10,10313.0,1238.0,1.0,1.0,0,0.0,2.0,-0.94732636,-0.32026985,-1.0,-1.8369701e-16,3,0,0,1,12223.0,1,0.0,1,5914.0,1,6383.0,1,8648.0,1,0.0,1,6050.0,1,5003.0,6951.1187,6348.568,12223.0
344,2013-09-11,10747.0,1294.0,1.0,1.0,0,0.0,3.0,-0.94732636,-0.32026985,-1.0,-1.8369701e-16,3,0,0,1,10313.0,1,12223.0,1,5276.0,1,7367.0,1,11083.0,1,11521.0,1,0.0,1,0.0,8295.871,7229.5527,-1910.0
344,2013-09-12,10626.0,1390.0,1.0,1.0,0,0.0,4.0,-0.94732636,-0.32026985,-1.0,-1.8369701e-16,3,0,0,1,10747.0,1,10313.0,1,0.0,1,5974.0,1,6603.0,1,10039.0,1,6126.0,1,6592.0,9276.322,8011.208,434.0
344,2013-09-13,9755.0,1278.0,1.0,1.0,0,0.0,5.0,-0.94732636,-0.32026985,-1.0,-1.8369701e-16,3,0,0,1,10626.0,1,10747.0,1,12223.0,1,6033.0,1,0.0,1,8381.0,1,6277.0,1,5686.0,9816.193,8592.272,-121.0
344,2013-09-14,5525.0,911.0,1.0,0.0,0,0.0,6.0,-0.94732636,-0.32026985,-1.0,-1.8369701e-16,3,0,0,1,9755.0,1,10626.0,1,10313.0,1,5914.0,1,6383.0,1,8648.0,1,5389.0,1,5605.0,9791.716,8850.656,-871.0
344,2013-09-15,0.0,0.0,0.0,0.0,0,0.0,7.0,-0.94732636,-0.32026985,-1.0,-1.8369701e-16,3,0,0,1,5525.0,1,9755.0,1,10747.0,1,5276.0,1,7367.0,1,11083.0,1,5503.0,1,5959.0,8085.03,8111.6216,-4230.0
344,2013-09-16,6425.0,1049.0,1.0,0.0,0,0.0,1.0,-0.9785565,-0.20597862,-1.0,-1.8369701e-16,3,0,0,1,0.0,1,5525.0,1,10626.0,1,0.0,1,5974.0,1,6603.0,1,5149.0,1,5525.0,4851.0176,6309.039,-5525.0
344,2013-09-17,5690.0,933.0,1.0,0.0,0,0.0,2.0,-0.9785565,-0.20597862,-1.0,-1.8369701e-16,3,0,0,1,6425.0,1,0.0,1,9755.0,1,12223.0,1,6033.0,1,0.0,1,5665.0,1,5086.0,5480.611,6334.808,6425.0
344,2013-09-18,5716.0,877.0,1.0,0.0,0,0.0,3.0,-0.9785565,-0.20597862,-1.0,-1.8369701e-16,3,0,0,1,5690.0,1,6425.0,1,5525.0,1,10313.0,1,5914.0,1,6383.0,1,0.0,1,0.0,5564.366,6191.5176,-735.0
344,2013-09-19,6006.0,965.0,1.0,0.0,0,0.0,4.0,-0.9785565,-0.20597862,-1.0,-1.8369701e-16,3,0,0,1,5716.0,1,5690.0,1,0.0,1,10747.0,1,5276.0,1,7367.0,1,11521.0,1,13801.0,5625.02,6085.847,26.0
344,2013-09-20,5158.0,838.0,1.0,0.0,0,0.0,5.0,-0.9785565,-0.20597862,-1.0,-1.8369701e-16,3,0,0,1,6006.0,1,5716.0,1,6425.0,1,10626.0,1,0.0,1,5974.0,1,10039.0,1,13063.0,5777.412,6068.103,290.0
344,2013-09-21,5743.0,903.0,1.0,0.0,0,0.0,6.0,-0.9785565,-0.20597862,-1.0,-1.8369701e-16,3,0,0,1,5158.0,1,6006.0,1,5690.0,1,9755.0,1,12223.0,1,6033.0,1,8381.0,1,14653.0,5529.647,5865.858,-848.0
344,2013-09-22,0.0,0.0,0.0,0.0,0,0.0,7.0,-0.9785565,-0.20597862,-1.0,-1.8369701e-16,3,0,0,1,5743.0,1,5158.0,1,5716.0,1,5525.0,1,10313.0,1,5914.0,1,8648.0,1,12993.0,5614.9883,5838.556,585.0
344,2013-09-23,11058.0,1457.0,1.0,1.0,0,0.0,1.0,-0.9960498,-0.08879589,-1.0,-1.8369701e-16,3,0,0,1,0.0,1,5743.0,1,6006.0,1,0.0,1,10747.0,1,5276.0,1,11083.0,1,9691.0,3368.993,4541.099,-5743.0
344,2013-09-24,9231.0,1179.0,1.0,1.0,0,0.0,2.0,-0.9960498,-0.08879589,-1.0,-1.8369701e-16,3,0,0,1,11058.0,1,0.0,1,5158.0,1,6425.0,1,10626.0,1,0.0,1,6603.0,1,7196.0,6444.5957,5989.2993,11058.0
344,2013-09-25,8150.0,1091.0,1.0,1.0,0,0.0,3.0,-0.9960498,-0.08879589,-1.0,-1.8369701e-16,3,0,0,1,9231.0,1,11058.0,1,5743.0,1,5690.0,1,9755.0,1,12223.0,1,0.0,1,0.0,7559.157,6709.6772,-1827.0
344,2013-09-26,8283.0,1146.0,1.0,1.0,0,0.0,4.0,-0.9960498,-0.08879589,-1.0,-1.8369701e-16,3,0,0,1,8150.0,1,9231.0,1,0.0,1,5716.0,1,5525.0,1,10313.0,1,6383.0,1,8716.0,7795.4946,7029.749,-1081.0
344,2013-09-27,8913.0,1136.0,1.0,1.0,0,0.0,5.0,-0.9960498,-0.08879589,-1.0,-1.8369701e-16,3,0,0,1,8283.0,1,8150.0,1,11058.0,1,6006.0,1,0.0,1,10747.0,1,7367.0,1,7988.0,7990.4966,7308.249,133.0
344,2013-09-28,5852.0,841.0,1.0,0.0,0,0.0,6.0,-0.9960498,-0.08879589,-1.0,-1.8369701e-16,3,0,0,1,8913.0,1,8283.0,1,9231.0,1,5158.0,1,6425.0,1,10626.0,1,5974.0,1,7279.0,8359.498,7664.8604,630.0
344,2013-09-29,0.0,0.0,0.0,0.0,0,0.0,7.0,-0.9960498,-0.08879589,-1.0,-1.8369701e-16,3,0,0,1,5852.0,1,8913.0,1,8150.0,1,5743.0,1,5690.0,1,9755.0,1,6033.0,1,6026.0,7356.499,7262.0024,-3061.0
344,2013-09-30,8120.0,1112.0,1.0,0.0,0,1.0,1.0,-0.99956083,0.029633328,-1.0,-1.8369701e-16,3,0,1,1,0.0,1,5852.0,1,8283.0,1,0.0,1,5716.0,1,5525.0,1,5914.0,1,6904.0,4413.8994,5648.224,-5852.0
344,2013-10-01,6652.0,1043.0,1.0,0.0,0,1.0,2.0,-0.99956083,0.029633328,-0.8660254,0.5,4,1,0,1,8120.0,1,0.0,1,8913.0,1,11058.0,1,6006.0,1,0.0,1,5276.0,1,6196.0,5896.3394,6197.508,8120.0
344,2013-10-02,7091.0,1068.0,1.0,0.0,0,1.0,3.0,-0.99956083,0.029633328,-0.8660254,0.5,4,0,0,1,6652.0,1,8120.0,1,5852.0,1,9231.0,1,5158.0,1,6425.0,1,0.0,1,0.0,6198.6035,6298.506,-1468.0
344,2013-10-03,0.0,0.0,0.0,0.0,1,1.0,4.0,-0.99956083,0.029633328,-0.8660254,0.5,4,0,0,1,7091.0,1,6652.0,1,0.0,1,8150.0,1,5743.0,1,5690.0,1,12223.0,1,14077.0,6555.562,6474.6157,439.0
344,2013-10-04,7354.0,1084.0,1.0,0.0,0,1.0,5.0,-0.99956083,0.029633328,-0.8660254,0.5,4,0,0,1,0.0,1,7091.0,1,8120.0,1,8283.0,1,0.0,1,5716.0,1,10313.0,1,10925.0,3933.3374,5035.8125,-7091.0
344,2013-10-05,5886.0,941.0,1.0,0.0,0,0.0,6.0,-0.99956083,0.029633328,-0.8660254,0.5,4,0,0,1,7354.0,1,0.0,1,6652.0,1,8913.0,1,11058.0,1,6006.0,1,10747.0,1,10055.0,5301.6025,5550.9653,7354.0
344,2013-10-06,0.0,0.0,0.0,0.0,0,0.0,7.0,-0.99956083,0.029633328,-0.8660254,0.5,4,0,0,1,5886.0,1,7354.0,1,7091.0,1,5852.0,1,9231.0,1,5158.0,1,10626.0,1,10225.0,5535.3613,5625.4175,-1468.0
344,2013-10-07,13930.0,1566.0,1.0,1.0,0,1.0,1.0,-0.9890402,0.14764656,-0.8660254,0.5,4,0,0,1,0.0,1,5886.0,1,0.0,1,0.0,1,8150.0,1,5743.0,1,9755.0,1,9530.0,3321.2168,4375.3247,-5886.0
344,2013-10-08,11314.0,1329.0,1.0,1.0,0,1.0,2.0,-0.9890402,0.14764656,-0.8660254,0.5,4,0,0,1,13930.0,1,0.0,1,7354.0,1,8120.0,1,8283.0,1,0.0,1,5525.0,1,6050.0,7564.73,6498.586,13930.0
344,2013-10-09,8737.0,1096.0,1.0,1.0,0,1.0,3.0,-0.9890402,0.14764656,-0.8660254,0.5,4,0,0,1,11314.0,1,13930.0,1,5886.0,1,6652.0,1,8913.0,1,11058.0,1,0.0,1,0.0,9064.438,7568.6777,-2616.0
344,2013-10-10,9467.0,1272.0,1.0,1.0,0,1.0,4.0,-0.9890402,0.14764656,-0.8660254,0.5,4,0,0,1,8737.0,1,11314.0,1,0.0,1,7091.0,1,5852.0,1,9231.0,1,6425.0,1,6126.0,8933.463,7828.305,-2577.0
344,2013-10-11,8825.0,1127.0,1.0,1.0,0,1.0,5.0,-0.9890402,0.14764656,-0.8660254,0.5,4,0,0,1,9467.0,1,8737.0,1,13930.0,1,0.0,1,0.0,1,8150.0,1,5690.0,1,6277.0,9146.878,8192.459,730.0
344,2013-10-12,5708.0,780.0,1.0,0.0,0,0.0,6.0,-0.9890402,0.14764656,-0.8660254,0.5,4,0,0,1,8825.0,1,9467.0,1,11314.0,1,7354.0,1,8120.0,1,8283.0,1,5716.0,1,5389.0,9018.127,8333.024,-642.0
344,2013-10-13,0.0,0.0,0.0,0.0,0,0.0,7.0,-0.9890402,0.14764656,-0.8660254,0.5,4,0,0,1,5708.0,1,8825.0,1,8737.0,1,5886.0,1,6652.0,1,8913.0,1,6006.0,1,5503.0,7694.076,7749.6855,-3117.0
344,2013-10-14,6928.0,1088.0,1.0,0.0,0,0.0,1.0,-0.9646356,0.26358718,-0.8660254,0.5,4,0,0,1,0.0,1,5708.0,1,9467.0,1,0.0,1,7091.0,1,5852.0,1,5158.0,1,5149.0,4616.446,6027.533,-5708.0
344,2013-10-15,6024.0,922.0,1.0,0.0,0,0.0,2.0,-0.9646356,0.26358718,-0.8660254,0.5,4,0,0,1,6928.0,1,0.0,1,8825.0,1,13930.0,1,0.0,1,0.0,1,5743.0,1,5665.0,5541.0674,6227.6367,6928.0
344,2013-10-16,6162.0,984.0,1.0,0.0,0,0.0,3.0,-0.9646356,0.26358718,-0.8660254,0.5,4,0,0,1,6024.0,1,6928.0,1,5708.0,1,11314.0,1,7354.0,1,8120.0,1,0.0,1,0.0,5734.24,6182.3843,-904.0
344,2013-10-17,5063.0,818.0,1.0,0.0,0,0.0,4.0,-0.9646356,0.26358718,-0.8660254,0.5,4,0,0,1,6162.0,1,6024.0,1,0.0,1,8737.0,1,5886.0,1,6652.0,1,11058.0,1,11521.0,5905.344,6177.8545,138.0
344,2013-10-18,6462.0,982.0,1.0,0.0,0,0.0,5.0,-0.9646356,0.26358718,-0.8660254,0.5,4,0,0,1,5063.0,1,6162.0,1,6928.0,1,9467.0,1,0.0,1,7091.0,1,9231.0,1,10039.0,5568.4067,5930.109,-1099.0
344,2013-10-19,5935.0,871.0,1.0,0.0,0,0.0,6.0,-0.9646356,0.26358718,-0.8660254,0.5,4,0,0,1,6462.0,1,5063.0,1,6024.0,1,8825.0,1,13930.0,1,0.0,1,8150.0,1,8381.0,5925.8438,6048.307,1399.0
344,2013-10-20,0.0,0.0,0.0,0.0,0,0.0,7.0,-0.9646356,0.26358718,-0.8660254,0.5,4,0,0,1,5935.0,1,6462.0,1,6162.0,1,5708.0,1,11314.0,1,7354.0,1,8283.0,1,8648.0,5929.5063,6023.1274,-527.0
344,2013-10-21,11706.0,1437.0,1.0,1.0,0,0.0,1.0,-0.9266896,0.37582758,-0.8660254,0.5,4,0,0,1,0.0,1,5935.0,1,5063.0,1,0.0,1,8737.0,1,5886.0,1,8913.0,1,11083.0,3557.7039,4684.655,-5935.0
344,2013-10-22,10527.0,1304.0,1.0,1.0,0,0.0,2.0,-0.9266896,0.37582758,-0.8660254,0.5,4,0,0,1,11706.0,1,0.0,1,6462.0,1,6928.0,1,9467.0,1,0.0,1,5852.0,1,6603.0,6817.0225,6244.9536,11706.0
344,2013-10-23,8557.0,1193.0,1.0,1.0,0,0.0,3.0,-0.9266896,0.37582758,-0.8660254,0.5,4,0,0,1,10527.0,1,11706.0,1,5935.0,1,6024.0,1,8825.0,1,13930.0,1,0.0,1,0.0,8301.014,7196.5195,-1179.0
344,2013-10-24,8722.0,1178.0,1.0,1.0,0,0.0,4.0,-0.9266896,0.37582758,-0.8660254,0.5,4,0,0,1,8557.0,1,10527.0,1,0.0,1,6162.0,1,5708.0,1,11314.0,1,8120.0,1,6383.0,8403.408,7498.8486,-1970.0
344,2013-10-25,7367.0,1027.0,1.0,1.0,0,0.0,5.0,-0.9266896,0.37582758,-0.8660254,0.5,4,0,0,1,8722.0,1,8557.0,1,11706.0,1,5063.0,1,0.0,1,8737.0,1,6652.0,1,7367.0,8530.845,7770.66,165.0
344,2013-10-26,6224.0,942.0,1.0,0.0,0,0.0,6.0,-0.9266896,0.37582758,-0.8660254,0.5,4,0,0,1,7367.0,1,8722.0,1,10527.0,1,6462.0,1,6928.0,1,9467.0,1,7091.0,1,5974.0,8065.307,7680.958,-1355.0
344,2013-10-27,0.0,0.0,0.0,0.0,0,0.0,7.0,-0.9266896,0.37582758,-0.8660254,0.5,4,0,0,1,6224.0,1,7367.0,1,8557.0,1,5935.0,1,6024.0,1,8825.0,1,0.0,1,6033.0,7328.784,7357.1895,-1143.0
344,2013-10-28,5169.0,847.0,1.0,0.0,0,0.0,1.0,-0.8757349,0.4827922,-0.8660254,0.5,4,0,0,1,0.0,1,6224.0,1,8722.0,1,0.0,1,6162.0,1,5708.0,1,7354.0,1,5914.0,4397.2705,5722.2583,-6224.0
344,2013-10-29,6296.0,971.0,1.0,0.0,0,0.0,2.0,-0.8757349,0.4827922,-0.8660254,0.5,4,0,0,1,5169.0,1,0.0,1,7367.0,1,11706.0,1,5063.0,1,0.0,1,5886.0,1,5276.0,4705.9624,5599.312,5169.0
344,2013-10-30,6760.0,999.0,1.0,0.0,0,0.0,3.0,-0.8757349,0.4827922,-0.8660254,0.5,4,0,0,1,6296.0,1,5169.0,1,6224.0,1,10527.0,1,6462.0,1,6928.0,1,0.0,1,0.0,5341.9775,5754.132,1127.0
344,2013-10-31,8114.0,1177.0,1.0,0.0,0,0.0,4.0,-0.8757349,0.4827922,-0.8660254,0.5,4,0,1,1,6760.0,1,6296.0,1,0.0,1,8557.0,1,5935.0,1,6024.0,1,13930.0,1,12223.0,5909.1865,5977.6577,464.0
344,2013-11-01,7387.0,1075.0,1.0,0.0,0,0.0,5.0,-0.8757349,0.4827922,-0.5,0.8660254,4,1,0,1,8114.0,1,6760.0,1,5169.0,1,8722.0,1,0.0,1,6162.0,1,11314.0,1,10313.0,6791.112,6452.4004,1354.0
344,2013-11-02,6633.0,937.0,1.0,0.0,0,0.0,6.0,-0.8757349,0.4827922,-0.5,0.8660254,4,0,0,1,7387.0,1,8114.0,1,6296.0,1,7367.0,1,11706.0,1,5063.0,1,8737.0,1,10747.0,7029.4673,6660.0894,-727.0
344,2013-11-03,0.0,0.0,0.0,0.0,0,0.0,7.0,-0.8757349,0.4827922,-0.5,0.8660254,4,0,0,1,6633.0,1,7387.0,1,6760.0,1,6224.0,1,10527.0,1,6462.0,1,9467.0,1,10626.0,6870.8804,6654.0693,-754.0
344,2013-11-04,9109.0,1164.0,1.0,1.0,0,0.0,1.0,-0.8124869,0.5829795,-0.5,0.8660254,4,0,0,1,0.0,1,6633.0,1,8114.0,1,0.0,1,8557.0,1,5935.0,1,8825.0,1,9755.0,4122.5283,5175.387,-6633.0
344,2013-11-05,11936.0,1462.0,1.0,1.0,0,0.0,2.0,-0.8124869,0.5829795,-0.5,0.8660254,4,0,0,1,9109.0,1,0.0,1,7387.0,1,5169.0,1,8722.0,1,0.0,1,5708.0,1,5525.0,6117.1167,6049.5234,9109.0
344,2013-11-06,8917.0,1168.0,1.0,1.0,0,0.0,3.0,-0.8124869,0.5829795,-0.5,0.8660254,4,0,0,1,11936.0,1,9109.0,1,6633.0,1,6296.0,1,7367.0,1,11706.0,1,0.0,1,0.0,8444.67,7357.6294,2827.0
344,2013-11-07,8576.0,1225.0,1.0,1.0,0,0.0,4.0,-0.8124869,0.5829795,-0.5,0.8660254,4,0,0,1,8917.0,1,11936.0,1,0.0,1,6760.0,1,6224.0,1,10527.0,1,6928.0,1,6425.0,8633.603,7704.1562,-3019.0
344,2013-11-08,9138.0,1193.0,1.0,1.0,0,0.0,5.0,-0.8124869,0.5829795,-0.5,0.8660254,4,0,0,1,8576.0,1,8917.0,1,9109.0,1,8114.0,1,0.0,1,8557.0,1,6024.0,1,5690.0,8610.562,7897.8994,-341.0
344,2013-11-09,5416.0,878.0,1.0,0.0,0,0.0,6.0,-0.8124869,0.5829795,-0.5,0.8660254,4,0,0,1,9138.0,1,8576.0,1,11936.0,1,7387.0,1,5169.0,1,8722.0,1,6162.0,1,5716.0,8821.537,8173.477,562.0
344,2013-11-10,0.0,0.0,0.0,0.0,0,0.0,7.0,-0.8124869,0.5829795,-0.5,0.8660254,4,0,0,1,5416.0,1,9138.0,1,8917.0,1,6633.0,1,6296.0,1,7367.0,1,5063.0,1,6006.0,7459.3223,7560.7046,-3722.0
344,2013-11-11,7126.0,1094.0,1.0,0.0,0,0.0,1.0,-0.73783326,0.674983,-0.5,0.8660254,4,0,0,1,0.0,1,5416.0,1,8576.0,1,0.0,1,6760.0,1,6224.0,1,6462.0,1,5158.0,4475.5933,5880.548,-5416.0
344,2013-11-12,6222.0,939.0,1.0,0.0,0,0.0,2.0,-0.73783326,0.674983,-0.5,0.8660254,4,0,0,1,7126.0,1,0.0,1,9138.0,1,9109.0,1,8114.0,1,0.0,1,5935.0,1,5743.0,5535.756,6157.315,7126.0
344,2013-11-13,6077.0,913.0,1.0,0.0,0,0.0,3.0,-0.73783326,0.674983,-0.5,0.8660254,4,0,0,1,6222.0,1,7126.0,1,5416.0,1,11936.0,1,7387.0,1,5169.0,1,0.0,1,0.0,5810.2534,6171.6895,-904.0
344,2013-11-14,6465.0,1007.0,1.0,0.0,0,0.0,4.0,-0.73783326,0.674983,-0.5,0.8660254,4,0,0,1,6077.0,1,6222.0,1,0.0,1,8917.0,1,6633.0,1,6296.0,1,11706.0,1,11058.0,5916.952,6150.6475,-145.0
344,2013-11-15,6380.0,964.0,1.0,0.0,0,0.0,5.0,-0.73783326,0.674983,-0.5,0.8660254,4,0,0,1,6465.0,1,6077.0,1,7126.0,1,8576.0,1,0.0,1,6760.0,1,10527.0,1,9231.0,6136.1714,6220.5034,388.0
344,2013-11-16,6281.0,928.0,1.0,0.0,0,0.0,6.0,-0.73783326,0.674983,-0.5,0.8660254,4,0,0,1,6380.0,1,6465.0,1,6222.0,1,9138.0,1,9109.0,1,8114.0,1,8557.0,1,8150.0,6233.7026,6255.9473,-85.0
344,2013-11-17,0.0,0.0,0.0,0.0,0,0.0,7.0,-0.73783326,0.674983,-0.5,0.8660254,4,0,0,1,6281.0,1,6380.0,1,6077.0,1,5416.0,1,11936.0,1,7387.0,1,8722.0,1,8283.0,6252.6216,6261.5146,-99.0
344,2013-11-18,12288.0,1431.0,1.0,1.0,0,0.0,1.0,-0.65282214,0.75751126,-0.5,0.8660254,4,0,0,1,0.0,1,6281.0,1,6465.0,1,0.0,1,8917.0,1,6633.0,1,7367.0,1,8913.0,3751.573,4870.067,-6281.0
344,2013-11-19,9570.0,1233.0,1.0,1.0,0,0.0,2.0,-0.65282214,0.75751126,-0.5,0.8660254,4,0,0,1,12288.0,1,0.0,1,6380.0,1,7126.0,1,8576.0,1,0.0,1,6224.0,1,5852.0,7166.1436,6518.4966,12288.0
344,2013-11-20,8516.0,1166.0,1.0,1.0,0,0.0,3.0,-0.65282214,0.75751126,-0.5,0.8660254,4,0,0,1,9570.0,1,12288.0,1,6281.0,1,6222.0,1,9138.0,1,9109.0,1,0.0,1,0.0,8127.686,7196.6084,-2718.0
344,2013-11-21,8817.0,1212.0,1.0,1.0,0,0.0,4.0,-0.65282214,0.75751126,-0.5,0.8660254,4,0,0,1,8516.0,1,9570.0,1,0.0,1,6077.0,1,5416.0,1,11936.0,1,5169.0,1,8120.0,8283.012,7489.8066,-1054.0
344,2013-11-22,7866.0,1104.0,1.0,1.0,0,0.0,5.0,-0.65282214,0.75751126,-0.5,0.8660254,4,0,0,1,8817.0,1,8516.0,1,12288.0,1,6465.0,1,0.0,1,8917.0,1,6296.0,1,6652.0,8496.607,7784.7383,301.0
344,2013-11-23,6555.0,893.0,1.0,0.0,0,0.0,6.0,-0.65282214,0.75751126,-0.5,0.8660254,4,0,0,1,7866.0,1,8817.0,1,9570.0,1,6380.0,1,7126.0,1,8576.0,1,6760.0,1,7091.0,8244.364,7802.7964,-951.0
344,2013-11-24,0.0,0.0,0.0,0.0,0,0.0,7.0,-0.65282214,0.75751126,-0.5,0.8660254,4,0,0,1,6555.0,1,7866.0,1,8516.0,1,6281.0,1,6222.0,1,9138.0,1,8114.0,1,0.0,7568.6187,7525.5083,-1311.0
344,2013-11-25,7077.0,1042.0,1.0,0.0,0,0.0,1.0,-0.55864674,0.82940567,-0.5,0.8660254,4,0,0,1,0.0,1,6555.0,1,8817.0,1,0.0,1,6077.0,1,5416.0,1,7387.0,1,7354.0,4541.171,5853.1733,-6555.0
344,2013-11-26,7245.0,976.0,1.0,0.0,0,0.0,2.0,-0.55864674,0.82940567,-0.5,0.8660254,4,0,0,1,7077.0,1,0.0,1,7866.0,1,12288.0,1,6465.0,1,0.0,1,6633.0,1,5886.0,5555.5024,6125.135,7077.0
344,2013-11-27,6310.0,943.0,1.0,0.0,0,0.0,3.0,-0.55864674,0.82940567,-0.5,0.8660254,4,0,0,1,7245.0,1,7077.0,1,6555.0,1,9570.0,1,6380.0,1,7126.0,1,0.0,1,0.0,6231.302,6373.9937,168.0
344,2013-11-28,7297.0,1035.0,1.0,0.0,0,0.0,4.0,-0.55864674,0.82940567,-0.5,0.8660254,4,0,0,1,6310.0,1,7245.0,1,0.0,1,8516.0,1,6281.0,1,6222.0,1,9109.0,1,13930.0,6262.781,6359.773,-935.0
344,2013-11-29,8533.0,1060.0,1.0,0.0,0,0.0,5.0,-0.55864674,0.82940567,-0.5,0.8660254,4,0,0,1,7297.0,1,6310.0,1,7077.0,1,8817.0,1,0.0,1,6077.0,1,11936.0,1,11314.0,6676.4688,6568.0454,987.0
344,2013-11-30,9131.0,1204.0,1.0,0.0,0,0.0,6.0,-0.55864674,0.82940567,-0.5,0.8660254,4,0,1,1,8533.0,1,7297.0,1,7245.0,1,7866.0,1,12288.0,1,6465.0,1,8917.0,1,8737.0,7419.081,7004.702,1236.0
344,2013-12-01,0.0,0.0,0.0,0.0,0,0.0,7.0,-0.55864674,0.82940567,-2.4492937e-16,1.0,4,1,0,1,9131.0,1,8533.0,1,6310.0,1,6555.0,1,9570.0,1,6380.0,1,8576.0,1,9467.0,8103.8486,7477.213,598.0
344,2013-12-02,17200.0,1845.0,1.0,1.0,0,0.0,1.0,-0.45662925,0.8896571,-2.4492937e-16,1.0,4,0,0,1,0.0,1,9131.0,1,7297.0,1,0.0,1,8516.0,1,6281.0,1,9138.0,1,8825.0,4862.309,5815.61,-9131.0
344,2013-12-03,13166.0,1508.0,1.0,1.0,0,0.0,2.0,-0.45662925,0.8896571,-2.4492937e-16,1.0,4,0,0,1,17200.0,1,0.0,1,8533.0,1,7077.0,1,8817.0,1,0.0,1,5416.0,1,5708.0,9797.386,8345.475,17200.0
344,2013-12-04,11347.0,1339.0,1.0,1.0,0,0.0,3.0,-0.45662925,0.8896571,-2.4492937e-16,1.0,4,0,0,1,13166.0,1,17200.0,1,9131.0,1,7245.0,1,7866.0,1,12288.0,1,0.0,1,0.0,11144.831,9416.702,-4034.0
344,2013-12-05,9780.0,1065.0,1.0,1.0,0,0.0,4.0,-0.45662925,0.8896571,-2.4492937e-16,1.0,4,0,0,1,11347.0,1,13166.0,1,0.0,1,6310.0,1,6555.0,1,9570.0,1,7126.0,1,6928.0,11225.699,9845.657,-1819.0
344,2013-12-06,7867.0,966.0,1.0,1.0,0,0.0,5.0,-0.45662925,0.8896571,-2.4492937e-16,1.0,4,0,0,1,9780.0,1,11347.0,1,17200.0,1,7297.0,1,0.0,1,8516.0,1,6222.0,1,6024.0,10647.419,9831.066,-1567.0
344,2013-12-07,7068.0,982.0,1.0,0.0,0,0.0,6.0,-0.45662925,0.8896571,-2.4492937e-16,1.0,4,0,0,1,7867.0,1,9780.0,1,13166.0,1,8533.0,1,7077.0,1,8817.0,1,6077.0,1,6162.0,9535.252,9394.607,-1913.0
344,2013-12-08,0.0,0.0,0.0,0.0,0,0.0,7.0,-0.45662925,0.8896571,-2.4492937e-16,1.0,4,0,0,1,7068.0,1,7867.0,1,11347.0,1,9131.0,1,7245.0,1,7866.0,1,6465.0,1,5063.0,8548.351,8877.584,-799.0
344,2013-12-09,7488.0,1066.0,1.0,0.0,0,0.0,1.0,-0.34820163,0.93741965,-2.4492937e-16,1.0,4,0,0,1,0.0,1,7068.0,1,9780.0,1,0.0,1,6310.0,1,6555.0,1,6380.0,1,6462.0,5129.0107,6904.787,-7068.0
344,2013-12-10,9168.0,1209.0,1.0,0.0,0,0.0,2.0,-0.34820163,0.93741965,-2.4492937e-16,1.0,4,0,0,1,7488.0,1,0.0,1,7867.0,1,17200.0,1,7297.0,1,0.0,1,6281.0,1,5935.0,6072.6064,7034.39,7488.0
344,2013-12-11,7438.0,1069.0,1.0,0.0,0,0.0,3.0,-0.34820163,0.93741965,-2.4492937e-16,1.0,4,0,0,1,9168.0,1,7488.0,1,7068.0,1,13166.0,1,8533.0,1,7077.0,1,0.0,1,0.0,7310.7637,7508.5254,1680.0
344,2013-12-12,7671.0,1084.0,1.0,0.0,0,0.0,4.0,-0.34820163,0.93741965,-2.4492937e-16,1.0,4,0,0,1,7438.0,1,9168.0,1,0.0,1,11347.0,1,9131.0,1,7245.0,1,12288.0,1,11706.0,7361.658,7492.853,-1730.0
344,2013-12-13,8085.0,1071.0,1.0,0.0,0,0.0,5.0,-0.34820163,0.93741965,-2.4492937e-16,1.0,4,0,0,1,7671.0,1,7438.0,1,7488.0,1,9780.0,1,0.0,1,6310.0,1,9570.0,1,10527.0,7485.395,7532.4414,233.0
344,2013-12-14,8271.0,1106.0,1.0,0.0,0,0.0,6.0,-0.34820163,0.93741965,-2.4492937e-16,1.0,4,0,0,1,8085.0,1,7671.0,1,9168.0,1,7867.0,1,17200.0,1,7297.0,1,8516.0,1,8557.0,7725.237,7655.2324,414.0
344,2013-12-15,0.0,0.0,0.0,0.0,0,0.0,7.0,-0.34820163,0.93741965,-2.4492937e-16,1.0,4,0,0,1,8271.0,1,8085.0,1,7438.0,1,7068.0,1,13166.0,1,8533.0,1,8817.0,1,8722.0,7943.542,7792.0693,186.0
344,2013-12-16,18591.0,1923.0,1.0,1.0,0,0.0,1.0,-0.23488605,0.9720229,-2.4492937e-16,1.0,4,0,0,1,0.0,1,8271.0,1,7671.0,1,0.0,1,11347.0,1,9131.0,1,7866.0,1,7367.0,4766.1255,6060.4985,-8271.0
344,2013-12-17,15551.0,1684.0,1.0,1.0,0,0.0,2.0,-0.23488605,0.9720229,-2.4492937e-16,1.0,4,0,0,1,18591.0,1,0.0,1,8085.0,1,7488.0,1,9780.0,1,0.0,1,6555.0,1,6224.0,10296.075,8845.055,18591.0
344,2013-12-18,12655.0,1493.0,1.0,1.0,0,0.0,3.0,-0.23488605,0.9720229,-2.4492937e-16,1.0,4,0,0,1,15551.0,1,18591.0,1,8271.0,1,9168.0,1,7867.0,1,17200.0,1,0.0,1,0.0,12398.045,10335.265,-3040.0
344,2013-12-19,12033.0,1439.0,1.0,1.0,0,1.0,4.0,-0.23488605,0.9720229,-2.4492937e-16,1.0,4,0,0,1,12655.0,1,15551.0,1,0.0,1,7438.0,1,7068.0,1,13166.0,1,7077.0,1,5169.0,12500.827,10850.762,-2896.0
344,2013-12-20,12859.0,1539.0,1.0,1.0,0,1.0,5.0,-0.23488605,0.9720229,-2.4492937e-16,1.0,4,0,0,1,12033.0,1,12655.0,1,18591.0,1,7671.0,1,0.0,1,11347.0,1,7245.0,1,6296.0,12313.696,11113.481,-622.0
344,2013-12-21,10731.0,1272.0,1.0,0.0,0,0.0,6.0,-0.23488605,0.9720229,-2.4492937e-16,1.0,4,0,0,1,12859.0,1,12033.0,1,15551.0,1,8085.0,1,7488.0,1,9780.0,1,6310.0,1,6760.0,12531.817,11501.374,826.0
344,2013-12-22,0.0,0.0,0.0,0.0,0,0.0,7.0,-0.23488605,0.9720229,-2.4492937e-16,1.0,4,0,0,1,10731.0,1,12859.0,1,12655.0,1,8271.0,1,9168.0,1,7867.0,1,7297.0,1,8114.0,11811.49,11330.18,-2128.0
344,2013-12-23,13377.0,1744.0,1.0,0.0,0,1.0,1.0,-0.11827317,0.9929811,-2.4492937e-16,1.0,4,0,0,1,0.0,1,10731.0,1,12033.0,1,0.0,1,7438.0,1,7068.0,1,8533.0,1,7387.0,7086.8945,8812.362,-10731.0
344,2013-12-24,5205.0,651.0,1.0,0.0,0,1.0,2.0,-0.11827317,0.9929811,-2.4492937e-16,1.0,4,0,0,1,13377.0,1,0.0,1,12859.0,1,18591.0,1,7671.0,1,0.0,1,9131.0,1,6633.0,9602.937,9826.727,13377.0
344,2013-12-25,0.0,0.0,0.0,0.0,3,1.0,3.0,-0.11827317,0.9929811,-2.4492937e-16,1.0,4,0,0,1,5205.0,1,13377.0,1,10731.0,1,15551.0,1,8085.0,1,7488.0,1,0.0,1,0.0,7843.762,8799.676,-8172.0
344,2013-12-26,0.0,0.0,0.0,0.0,3,1.0,4.0,-0.11827317,0.9929811,-2.4492937e-16,1.0,4,0,0,1,0.0,1,5205.0,1,0.0,1,12655.0,1,8271.0,1,9168.0,1,17200.0,1,9109.0,4706.2573,6844.1924,-5205.0
344,2013-12-27,7832.0,1182.0,1.0,0.0,0,1.0,5.0,-0.11827317,0.9929811,-2.4492937e-16,1.0,4,0,0,1,0.0,1,0.0,1,13377.0,1,12033.0,1,0.0,1,7438.0,1,13166.0,1,11936.0,2823.7544,5323.2607,0.0
344,2013-12-28,7187.0,1021.0,1.0,0.0,0,0.0,6.0,-0.11827317,0.9929811,-2.4492937e-16,1.0,4,0,0,1,7832.0,1,0.0,1,5205.0,1,12859.0,1,18591.0,1,7671.0,1,11347.0,1,8917.0,4827.0527,5880.7583,7832.0
344,2013-12-29,0.0,0.0,0.0,0.0,0,0.0,7.0,-0.11827317,0.9929811,-2.4492937e-16,1.0,4,0,0,1,7187.0,1,7832.0,1,0.0,1,10731.0,1,15551.0,1,8085.0,1,9780.0,1,8576.0,5771.0317,6171.034,-645.0
344,2013-12-30,10980.0,1474.0,1.0,0.0,0,1.0,1.0,0.11827317,0.9929811,-2.4492937e-16,1.0,4,0,0,1,0.0,1,7187.0,1,0.0,1,0.0,1,12655.0,1,8271.0,1,7867.0,1,9138.0,3462.619,4799.6934,-7187.0
344,2013-12-31,5029.0,695.0,1.0,0.0,0,1.0,2.0,0.11827317,0.9929811,-2.4492937e-16,1.0,4,0,1,1,10980.0,1,0.0,1,7832.0,1,13377.0,1,12033.0,1,0.0,1,7068.0,1,5416.0,6469.5713,6173.0947,10980.0
344,2014-01-01,0.0,0.0,0.0,0.0,1,1.0,3.0,0.11827317,0.9929811,0.5,0.8660254,1,1,0,1,5029.0,1,10980.0,1,7187.0,1,5205.0,1,12859.0,1,18591.0,1,0.0,1,0.0,5893.343,5918.8516,-5951.0
344,2014-01-02,6349.0,1037.0,1.0,0.0,0,1.0,4.0,0.11827317,0.9929811,0.5,0.8660254,1,0,0,1,0.0,1,5029.0,1,0.0,1,0.0,1,10731.0,1,15551.0,1,7488.0,1,7126.0,3536.0056,4603.5513,-5029.0
344,2014-01-03,7091.0,986.0,1.0,0.0,0,1.0,5.0,0.11827317,0.9929811,0.5,0.8660254,1,0,0,1,6349.0,1,0.0,1,10980.0,1,0.0,1,0.0,1,12655.0,1,9168.0,1,6222.0,4661.2036,4991.4287,6349.0
344,2014-01-04,6472.0,962.0,1.0,0.0,0,0.0,6.0,0.11827317,0.9929811,0.5,0.8660254,1,0,0,1,7091.0,1,6349.0,1,5029.0,1,7832.0,1,13377.0,1,12033.0,1,7438.0,1,6077.0,5633.122,5458.0,742.0
344,2014-01-05,0.0,0.0,0.0,0.0,0,0.0,7.0,0.11827317,0.9929811,0.5,0.8660254,1,0,0,1,6472.0,1,7091.0,1,0.0,1,7187.0,1,5205.0,1,12859.0,1,7671.0,1,6465.0,5968.6733,5683.3335,-619.0
344,2014-01-06,12865.0,1490.0,1.0,1.0,0,0.0,1.0,0.23488605,0.9720229,0.5,0.8660254,1,0,0,1,0.0,1,6472.0,1,6349.0,1,0.0,1,0.0,1,10731.0,1,8085.0,1,6380.0,3581.2039,4420.3706,-6472.0
344,2014-01-07,12052.0,1452.0,1.0,1.0,0,0.0,2.0,0.23488605,0.9720229,0.5,0.8660254,1,0,0,1,12865.0,1,0.0,1,7091.0,1,10980.0,1,0.0,1,0.0,1,8271.0,1,6281.0,7294.722,6296.9546,12865.0
344,2014-01-08,9695.0,1220.0,1.0,1.0,0,0.0,3.0,0.23488605,0.9720229,0.5,0.8660254,1,0,0,1,12052.0,1,12865.0,1,6472.0,1,5029.0,1,7832.0,1,13377.0,1,0.0,1,0.0,9197.634,7575.8535,-813.0
344,2014-01-09,8879.0,1173.0,1.0,1.0,0,0.0,4.0,0.23488605,0.9720229,0.5,0.8660254,1,0,0,1,9695.0,1,12052.0,1,0.0,1,0.0,1,7187.0,1,5205.0,1,18591.0,1,12288.0,9396.58,8046.775,-2357.0
344,2014-01-10,8972.0,1170.0,1.0,1.0,0,0.0,5.0,0.23488605,0.9720229,0.5,0.8660254,1,0,0,1,8879.0,1,9695.0,1,12865.0,1,6349.0,1,0.0,1,0.0,1,15551.0,1,9570.0,9189.548,8231.714,-816.0
344,2014-01-11,5791.0,849.0,1.0,0.0,0,0.0,6.0,0.23488605,0.9720229,0.5,0.8660254,1,0,0,1,8972.0,1,8879.0,1,12052.0,1,7091.0,1,10980.0,1,0.0,1,12655.0,1,8516.0,9102.529,8396.222,93.0
344,2014-01-12,0.0,0.0,0.0,0.0,0,0.0,7.0,0.23488605,0.9720229,0.5,0.8660254,1,0,0,1,5791.0,1,8972.0,1,9695.0,1,6472.0,1,5029.0,1,7832.0,1,12033.0,1,8817.0,7777.9175,7817.2837,-3181.0
344,2014-01-13,6112.0,965.0,1.0,0.0,0,0.0,1.0,0.34820163,0.93741965,0.5,0.8660254,1,0,0,1,0.0,1,5791.0,1,8879.0,1,0.0,1,0.0,1,7187.0,1,12859.0,1,7866.0,4666.7505,6080.1094,-5791.0
344,2014-01-14,6631.0,1025.0,1.0,0.0,0,0.0,2.0,0.34820163,0.93741965,0.5,0.8660254,1,0,0,1,6112.0,1,0.0,1,8972.0,1,12865.0,1,6349.0,1,0.0,1,10731.0,1,6555.0,5244.85,6087.1963,6112.0
344,2014-01-15,5639.0,846.0,1.0,0.0,0,0.0,3.0,0.34820163,0.93741965,0.5,0.8660254,1,0,0,1,6631.0,1,6112.0,1,5791.0,1,12052.0,1,7091.0,1,10980.0,1,0.0,1,0.0,5799.31,6208.0415,519.0
344,2014-01-16,5898.0,908.0,1.0,0.0,0,0.0,4.0,0.34820163,0.93741965,0.5,0.8660254,1,0,0,1,5639.0,1,6631.0,1,0.0,1,9695.0,1,6472.0,1,5029.0,1,13377.0,1,7077.0,5735.186,6081.588,-992.0
344,2014-01-17,5733.0,893.0,1.0,0.0,0,0.0,5.0,0.34820163,0.93741965,0.5,0.8660254,1,0,0,1,5898.0,1,5639.0,1,6112.0,1,8879.0,1,0.0,1,0.0,1,5205.0,1,7245.0,5800.3115,6040.7905,259.0
344,2014-01-18,6596.0,907.0,1.0,0.0,0,0.0,6.0,0.34820163,0.93741965,0.5,0.8660254,1,0,0,1,5733.0,1,5898.0,1,6631.0,1,8972.0,1,12865.0,1,6349.0,1,0.0,1,6310.0,5773.387,5972.3926,-165.0
344,2014-01-19,0.0,0.0,0.0,0.0,0,0.0,7.0,0.34820163,0.93741965,0.5,0.8660254,1,0,0,1,6596.0,1,5733.0,1,5639.0,1,5791.0,1,12052.0,1,7091.0,1,0.0,1,7297.0,6102.432,6110.972,863.0
344,2014-01-20,11763.0,1364.0,1.0,1.0,0,0.0,1.0,0.45662925,0.8896571,0.5,0.8660254,1,0,0,1,0.0,1,6596.0,1,5898.0,1,0.0,1,9695.0,1,6472.0,1,7832.0,1,8533.0,3661.4592,4752.9785,-6596.0
344,2014-01-21,10156.0,1231.0,1.0,1.0,0,0.0,2.0,0.45662925,0.8896571,0.5,0.8660254,1,0,0,1,11763.0,1,0.0,1,5733.0,1,6112.0,1,8879.0,1,0.0,1,7187.0,1,9131.0,6902.0757,6310.7607,11763.0
344,2014-01-22,8444.0,1017.0,1.0,1.0,0,0.0,3.0,0.45662925,0.8896571,0.5,0.8660254,1,0,0,1,10156.0,1,11763.0,1,6596.0,1,6631.0,1,8972.0,1,12865.0,1,0.0,1,0.0,8203.6455,7165.2583,-1607.0
344,2014-01-23,7603.0,972.0,1.0,1.0,0,0.0,4.0,0.45662925,0.8896571,0.5,0.8660254,1,0,0,1,8444.0,1,10156.0,1,0.0,1,5639.0,1,5791.0,1,12052.0,1,10980.0,1,17200.0,8299.787,7449.4233,-1712.0
344,2014-01-24,7101.0,920.0,1.0,1.0,0,0.0,5.0,0.45662925,0.8896571,0.5,0.8660254,1,0,0,1,7603.0,1,8444.0,1,11763.0,1,5898.0,1,0.0,1,9695.0,1,5029.0,1,13166.0,8021.0723,7483.5513,-841.0
344,2014-01-25,4992.0,691.0,1.0,0.0,0,0.0,6.0,0.45662925,0.8896571,0.5,0.8660254,1,0,0,1,7101.0,1,7603.0,1,10156.0,1,5733.0,1,6112.0,1,8879.0,1,0.0,1,11347.0,7653.0435,7398.54,-502.0
344,2014-01-26,0.0,0.0,0.0,0.0,0,0.0,7.0,0.45662925,0.8896571,0.5,0.8660254,1,0,0,1,4992.0,1,7101.0,1,8444.0,1,6596.0,1,6631.0,1,8972.0,1,6349.0,1,9780.0,6588.626,6863.7534,-2109.0
344,2014-01-27,6021.0,904.0,1.0,0.0,0,0.0,1.0,0.55864674,0.82940567,0.5,0.8660254,1,0,0,1,0.0,1,4992.0,1,7603.0,1,0.0,1,5639.0,1,5791.0,1,7091.0,1,7867.0,3953.1755,5338.4746,-4992.0
344,2014-01-28,5824.0,873.0,1.0,0.0,0,0.0,2.0,0.55864674,0.82940567,0.5,0.8660254,1,0,0,1,6021.0,1,0.0,1,7101.0,1,11763.0,1,5898.0,1,0.0,1,6472.0,1,7068.0,4780.305,5490.147,6021.0
344,2014-01-29,4777.0,776.0,1.0,0.0,0,0.0,3.0,0.55864674,0.82940567,0.5,0.8660254,1,0,0,1,5824.0,1,6021.0,1,4992.0,1,10156.0,1,5733.0,1,6112.0,1,0.0,1,0.0,5197.783,5564.3364,-197.0
344,2014-01-30,5975.0,905.0,1.0,0.0,0,0.0,4.0,0.55864674,0.82940567,0.5,0.8660254,1,0,0,1,4777.0,1,5824.0,1,0.0,1,8444.0,1,6596.0,1,6631.0,1,12865.0,1,7488.0,5029.4697,5389.373,-1047.0
344,2014-01-31,7849.0,1064.0,1.0,0.0,0,0.0,5.0,0.55864674,0.82940567,0.5,0.8660254,1,0,1,1,5975.0,1,4777.0,1,6021.0,1,7603.0,1,0.0,1,5639.0,1,12052.0,1,9168.0,5407.682,5519.512,1198.0
344,2014-02-01,6189.0,831.0,1.0,0.0,0,0.0,6.0,0.55864674,0.82940567,0.8660254,0.5,1,1,0,1,7849.0,1,5975.0,1,5824.0,1,7101.0,1,11763.0,1,5898.0,1,9695.0,1,7438.0,6384.209,6037.1763,1874.0
344,2014-02-02,0.0,0.0,0.0,0.0,0,0.0,7.0,0.55864674,0.82940567,0.8660254,0.5,1,0,0,1,6189.0,1,7849.0,1,4777.0,1,4992.0,1,10156.0,1,5733.0,1,8879.0,1,7671.0,6306.1255,6070.915,-1660.0
344,2014-02-03,14381.0,1575.0,1.0,1.0,0,0.0,1.0,0.65282214,0.75751126,0.8660254,0.5,1,0,0,1,0.0,1,6189.0,1,5975.0,1,0.0,1,8444.0,1,6596.0,1,8972.0,1,8085.0,3783.6753,4721.8228,-6189.0
344,2014-02-04,12151.0,1408.0,1.0,1.0,0,0.0,2.0,0.65282214,0.75751126,0.8660254,0.5,1,0,0,1,14381.0,1,0.0,1,7849.0,1,6021.0,1,7603.0,1,0.0,1,5791.0,1,8271.0,8022.605,6868.3066,14381.0
344,2014-02-05,9257.0,1217.0,1.0,1.0,0,0.0,3.0,0.65282214,0.75751126,0.8660254,0.5,1,0,0,1,12151.0,1,14381.0,1,6189.0,1,5824.0,1,7101.0,1,11763.0,1,0.0,1,0.0,9673.963,8042.2383,-2230.0
344,2014-02-06,10051.0,1297.0,1.0,1.0,0,0.0,4.0,0.65282214,0.75751126,0.8660254,0.5,1,0,0,1,9257.0,1,12151.0,1,0.0,1,4777.0,1,4992.0,1,10156.0,1,6112.0,1,18591.0,9507.178,8312.186,-2894.0
344,2014-02-07,7616.0,1014.0,1.0,1.0,0,0.0,5.0,0.65282214,0.75751126,0.8660254,0.5,1,0,0,1,10051.0,1,9257.0,1,14381.0,1,5975.0,1,0.0,1,8444.0,1,6631.0,1,15551.0,9724.707,8698.589,794.0
344,2014-02-08,6083.0,897.0,1.0,0.0,0,0.0,6.0,0.65282214,0.75751126,0.8660254,0.5,1,0,0,1,7616.0,1,10051.0,1,12151.0,1,7849.0,1,6021.0,1,7603.0,1,5639.0,1,12655.0,8881.224,8458.014,-2435.0
344,2014-02-09,0.0,0.0,0.0,0.0,0,0.0,7.0,0.65282214,0.75751126,0.8660254,0.5,1,0,0,1,6083.0,1,7616.0,1,9257.0,1,6189.0,1,5824.0,1,7101.0,1,5898.0,1,12033.0,7761.9346,7930.2324,-1533.0
344,2014-02-10,7171.0,1141.0,1.0,0.0,0,0.0,1.0,0.73783326,0.674983,0.8660254,0.5,1,0,0,1,0.0,1,6083.0,1,10051.0,1,0.0,1,4777.0,1,4992.0,1,5733.0,1,12859.0,4657.1606,6167.9585,-6083.0
344,2014-02-11,6692.0,1049.0,1.0,0.0,0,0.0,2.0,0.73783326,0.674983,0.8660254,0.5,1,0,0,1,7171.0,1,0.0,1,7616.0,1,14381.0,1,5975.0,1,0.0,1,6596.0,1,10731.0,5662.6963,6390.857,7171.0
344,2014-02-12,6016.0,957.0,1.0,0.0,0,0.0,3.0,0.73783326,0.674983,0.8660254,0.5,1,0,0,1,6692.0,1,7171.0,1,6083.0,1,12151.0,1,7849.0,1,6021.0,1,0.0,1,0.0,6074.418,6457.7773,-479.0
344,2014-02-13,6603.0,1007.0,1.0,0.0,0,0.0,4.0,0.73783326,0.674983,0.8660254,0.5,1,0,0,1,6016.0,1,6692.0,1,0.0,1,9257.0,1,6189.0,1,5824.0,1,11763.0,1,13377.0,6051.051,6359.6045,-676.0
344,2014-02-14,6646.0,1021.0,1.0,0.0,0,0.0,5.0,0.73783326,0.674983,0.8660254,0.5,1,0,0,1,6603.0,1,6016.0,1,7171.0,1,10051.0,1,0.0,1,4777.0,1,10156.0,1,5205.0,6271.8306,6413.6924,587.0
344,2014-02-15,6958.0,957.0,1.0,0.0,0,0.0,6.0,0.73783326,0.674983,0.8660254,0.5,1,0,0,1,6646.0,1,6603.0,1,6692.0,1,7616.0,1,14381.0,1,5975.0,1,8444.0,1,0.0,6421.498,6465.3164,43.0
344,2014-02-16,0.0,0.0,0.0,0.0,0,0.0,7.0,0.73783326,0.674983,0.8660254,0.5,1,0,0,1,6958.0,1,6646.0,1,6016.0,1,6083.0,1,12151.0,1,7849.0,1,7603.0,1,0.0,6636.099,6574.802,312.0
344,2014-02-17,12258.0,1486.0,1.0,1.0,0,0.0,1.0,0.8124869,0.5829795,0.8660254,0.5,1,0,0,1,0.0,1,6958.0,1,6603.0,1,0.0,1,9257.0,1,6189.0,1,7101.0,1,7832.0,3981.6594,5113.735,-6958.0
344,2014-02-18,10662.0,1329.0,1.0,1.0,0,0.0,2.0,0.8124869,0.5829795,0.8660254,0.5,1,0,0,1,12258.0,1,0.0,1,6646.0,1,7171.0,1,10051.0,1,0.0,1,4992.0,1,7187.0,7292.196,6701.349,12258.0
344,2014-02-19,8596.0,1170.0,1.0,1.0,0,0.0,3.0,0.8124869,0.5829795,0.8660254,0.5,1,0,0,1,10662.0,1,12258.0,1,6958.0,1,6692.0,1,7616.0,1,14381.0,1,0.0,1,0.0,8640.117,7581.4937,-1596.0
344,2014-02-20,9448.0,1285.0,1.0,1.0,0,0.0,4.0,0.8124869,0.5829795,0.8660254,0.5,1,0,0,1,8596.0,1,10662.0,1,0.0,1,6016.0,1,6083.0,1,12151.0,1,6021.0,1,10980.0,8622.471,7806.9395,-2066.0
344,2014-02-21,9025.0,1176.0,1.0,1.0,0,0.0,5.0,0.8124869,0.5829795,0.8660254,0.5,1,0,0,1,9448.0,1,8596.0,1,12258.0,1,6603.0,1,0.0,1,9257.0,1,5824.0,1,5029.0,8952.683,8171.6196,852.0
344,2014-02-22,5998.0,906.0,1.0,0.0,0,0.0,6.0,0.8124869,0.5829795,0.8660254,0.5,1,0,0,1,9025.0,1,9448.0,1,10662.0,1,6646.0,1,7171.0,1,10051.0,1,4777.0,1,0.0,8981.609,8361.26,-423.0
344,2014-02-23,0.0,0.0,0.0,0.0,0,0.0,7.0,0.8124869,0.5829795,0.8660254,0.5,1,0,0,1,5998.0,1,9025.0,1,8596.0,1,6958.0,1,6692.0,1,7616.0,1,5975.0,1,6349.0,7788.1655,7836.091,-3027.0
344,2014-02-24,6630.0,1065.0,1.0,0.0,0,0.0,1.0,0.8757349,0.4827922,0.8660254,0.5,1,0,0,1,0.0,1,5998.0,1,9448.0,1,0.0,1,6016.0,1,6083.0,1,7849.0,1,7091.0,4672.8994,6094.7373,-5998.0
344,2014-02-25,5170.0,928.0,1.0,0.0,0,0.0,2.0,0.8757349,0.4827922,0.8660254,0.5,1,0,0,1,6630.0,1,0.0,1,9025.0,1,12258.0,1,6603.0,1,0.0,1,6189.0,1,6472.0,5455.7397,6213.6846,6630.0
344,2014-02-26,5934.0,913.0,1.0,0.0,0,0.0,3.0,0.8757349,0.4827922,0.8660254,0.5,1,0,0,1,5170.0,1,6630.0,1,5998.0,1,10662.0,1,6646.0,1,7171.0,1,0.0,1,0.0,5341.444,5981.755,-1460.0
344,2014-02-27,6457.0,973.0,1.0,0.0,0,0.0,4.0,0.8757349,0.4827922,0.8660254,0.5,1,0,0,1,5934.0,1,5170.0,1,0.0,1,8596.0,1,6958.0,1,6692.0,1,14381.0,1,12865.0,5578.4663,5971.1426,764.0
344,2014-02-28,7730.0,1080.0,1.0,0.0,0,0.0,5.0,0.8757349,0.4827922,0.8660254,0.5,1,0,1,1,6457.0,1,5934.0,1,6630.0,1,9448.0,1,0.0,1,6016.0,1,12151.0,1,12052.0,5929.88,6079.111,523.0
344,2014-03-01,7726.0,1051.0,1.0,0.0,0,0.0,6.0,0.8757349,0.4827922,1.0,6.123234e-17,1,1,0,1,7730.0,1,6457.0,1,5170.0,1,9025.0,1,12258.0,1,6603.0,1,9257.0,1,9695.0,6649.9277,6445.975,1273.0
344,2014-03-02,0.0,0.0,0.0,0.0,0,0.0,7.0,0.8757349,0.4827922,1.0,6.123234e-17,1,0,0,1,7726.0,1,7730.0,1,5934.0,1,5998.0,1,10662.0,1,6646.0,1,10051.0,1,8879.0,7080.357,6730.4253,-4.0
344,2014-03-03,14499.0,1708.0,1.0,1.0,0,1.0,1.0,0.9266896,0.37582758,1.0,6.123234e-17,1,0,0,1,0.0,1,7726.0,1,6457.0,1,0.0,1,8596.0,1,6958.0,1,7616.0,1,8972.0,4248.214,5234.775,-7726.0
344,2014-03-04,11562.0,1396.0,1.0,1.0,0,1.0,2.0,0.9266896,0.37582758,1.0,6.123234e-17,1,0,0,1,14499.0,1,0.0,1,7730.0,1,6630.0,1,9448.0,1,0.0,1,6083.0,1,5791.0,8348.528,7293.4917,14499.0
344,2014-03-05,9891.0,1281.0,1.0,1.0,0,1.0,3.0,0.9266896,0.37582758,1.0,6.123234e-17,1,0,0,1,11562.0,1,14499.0,1,7726.0,1,5170.0,1,9025.0,1,12258.0,1,0.0,1,0.0,9633.917,8242.049,-2937.0
344,2014-03-06,9472.0,1235.0,1.0,1.0,0,1.0,4.0,0.9266896,0.37582758,1.0,6.123234e-17,1,0,0,1,9891.0,1,11562.0,1,0.0,1,5934.0,1,5998.0,1,10662.0,1,7171.0,1,6112.0,9736.75,8608.482,-1671.0
344,2014-03-07,8871.0,1186.0,1.0,1.0,0,1.0,5.0,0.9266896,0.37582758,1.0,6.123234e-17,1,0,0,1,9472.0,1,9891.0,1,14499.0,1,6457.0,1,0.0,1,8596.0,1,6692.0,1,6631.0,9630.851,8800.375,-419.0
344,2014-03-08,6072.0,913.0,1.0,0.0,0,0.0,6.0,0.9266896,0.37582758,1.0,6.123234e-17,1,0,0,1,8871.0,1,9472.0,1,11562.0,1,7730.0,1,6630.0,1,9448.0,1,6016.0,1,5639.0,9326.91,8816.069,-601.0
344,2014-03-09,0.0,0.0,0.0,0.0,0,0.0,7.0,0.9266896,0.37582758,1.0,6.123234e-17,1,0,0,1,6072.0,1,8871.0,1,9891.0,1,7726.0,1,5170.0,1,9025.0,1,6603.0,1,5898.0,8024.9463,8206.276,-2799.0
344,2014-03-10,6441.0,1059.0,1.0,0.0,0,1.0,1.0,0.9646356,0.26358718,1.0,6.123234e-17,1,0,0,1,0.0,1,6072.0,1,9472.0,1,0.0,1,5934.0,1,5998.0,1,6646.0,1,5733.0,4814.968,6382.6597,-6072.0
344,2014-03-11,5809.0,948.0,1.0,0.0,0,1.0,2.0,0.9646356,0.26358718,1.0,6.123234e-17,1,0,0,1,6441.0,1,0.0,1,8871.0,1,14499.0,1,6457.0,1,0.0,1,6958.0,1,6596.0,5465.3804,6395.624,6441.0
344,2014-03-12,5885.0,948.0,1.0,0.0,0,1.0,3.0,0.9646356,0.26358718,1.0,6.123234e-17,1,0,0,1,5809.0,1,6441.0,1,6072.0,1,11562.0,1,7730.0,1,6630.0,1,0.0,1,0.0,5602.828,6265.263,-632.0
344,2014-03-13,6268.0,984.0,1.0,0.0,0,1.0,4.0,0.9646356,0.26358718,1.0,6.123234e-17,1,0,0,1,5885.0,1,5809.0,1,0.0,1,9891.0,1,7726.0,1,5170.0,1,12258.0,1,11763.0,5715.697,6180.7603,76.0
344,2014-03-14,5229.0,925.0,1.0,0.0,0,1.0,5.0,0.9646356,0.26358718,1.0,6.123234e-17,1,0,0,1,6268.0,1,5885.0,1,6441.0,1,9472.0,1,0.0,1,5934.0,1,10662.0,1,10156.0,5936.618,6200.147,383.0
344,2014-03-15,5437.0,861.0,1.0,0.0,0,0.0,6.0,0.9646356,0.26358718,1.0,6.123234e-17,1,0,0,1,5229.0,1,6268.0,1,5809.0,1,8871.0,1,14499.0,1,6457.0,1,8596.0,1,8444.0,5653.571,5984.3364,-1039.0
344,2014-03-16,0.0,0.0,0.0,0.0,0,0.0,7.0,0.9646356,0.26358718,1.0,6.123234e-17,1,0,0,1,5437.0,1,5229.0,1,5885.0,1,6072.0,1,11562.0,1,7730.0,1,9448.0,1,7603.0,5566.9424,5862.706,208.0
344,2014-03-17,11390.0,1414.0,1.0,1.0,0,0.0,1.0,0.9890402,0.14764656,1.0,6.123234e-17,1,0,0,1,0.0,1,5437.0,1,6268.0,1,0.0,1,9891.0,1,7726.0,1,9025.0,1,7101.0,3340.1655,4559.8823,-5437.0
344,2014-03-18,9688.0,1195.0,1.0,1.0,0,0.0,2.0,0.9890402,0.14764656,1.0,6.123234e-17,1,0,0,1,11390.0,1,0.0,1,5229.0,1,6441.0,1,9472.0,1,0.0,1,5998.0,1,4992.0,6560.099,6077.6865,11390.0
344,2014-03-19,8287.0,1138.0,1.0,1.0,0,0.0,3.0,0.9890402,0.14764656,1.0,6.123234e-17,1,0,0,1,9688.0,1,11390.0,1,5437.0,1,5809.0,1,8871.0,1,14499.0,1,0.0,1,0.0,7811.26,6879.9785,-1702.0
344,2014-03-20,8894.0,1275.0,1.0,1.0,0,0.0,4.0,0.9890402,0.14764656,1.0,6.123234e-17,1,0,0,1,8287.0,1,9688.0,1,0.0,1,5885.0,1,6072.0,1,11562.0,1,6630.0,1,6021.0,8001.5557,7192.65,-1401.0
344,2014-03-21,6762.0,957.0,1.0,1.0,0,0.0,5.0,0.9890402,0.14764656,1.0,6.123234e-17,1,0,0,1,8894.0,1,8287.0,1,11390.0,1,6268.0,1,0.0,1,9891.0,1,5170.0,1,5824.0,8358.533,7570.7275,607.0
344,2014-03-22,6215.0,944.0,1.0,0.0,0,0.0,6.0,0.9890402,0.14764656,1.0,6.123234e-17,1,0,0,1,6762.0,1,8894.0,1,9688.0,1,5229.0,1,6441.0,1,9472.0,1,5934.0,1,4777.0,7719.92,7391.0103,-2132.0
344,2014-03-23,0.0,0.0,0.0,0.0,0,0.0,7.0,0.9890402,0.14764656,1.0,6.123234e-17,1,0,0,1,6215.0,1,6762.0,1,8287.0,1,5437.0,1,5809.0,1,8871.0,1,6457.0,1,5975.0,7117.952,7129.675,-547.0
344,2014-03-24,6396.0,1012.0,1.0,0.0,0,0.0,1.0,0.99956083,0.029633328,1.0,6.123234e-17,1,0,0,1,0.0,1,6215.0,1,8894.0,1,0.0,1,5885.0,1,6072.0,1,7730.0,1,7849.0,4270.771,5545.3027,-6215.0
344,2014-03-25,6281.0,989.0,1.0,0.0,0,0.0,2.0,0.99956083,0.029633328,1.0,6.123234e-17,1,0,0,1,6396.0,1,0.0,1,6762.0,1,11390.0,1,6268.0,1,0.0,1,7726.0,1,6189.0,5120.863,5734.3467,6396.0
344,2014-03-26,6077.0,909.0,1.0,0.0,0,0.0,3.0,0.99956083,0.029633328,1.0,6.123234e-17,1,0,0,1,6281.0,1,6396.0,1,6215.0,1,9688.0,1,5229.0,1,6441.0,1,0.0,1,0.0,5584.9175,5855.825,-115.0
344,2014-03-27,6706.0,1009.0,1.0,0.0,0,0.0,4.0,0.99956083,0.029633328,1.0,6.123234e-17,1,0,0,1,6077.0,1,6281.0,1,0.0,1,8287.0,1,5437.0,1,5809.0,1,14499.0,1,14381.0,5781.7505,5904.975,-204.0
344,2014-03-28,6426.0,907.0,1.0,0.0,0,0.0,5.0,0.99956083,0.029633328,1.0,6.123234e-17,1,0,0,1,6706.0,1,6077.0,1,6396.0,1,8894.0,1,0.0,1,5885.0,1,11562.0,1,12151.0,6151.45,6082.9805,629.0
344,2014-03-29,6567.0,971.0,1.0,0.0,0,0.0,6.0,0.99956083,0.029633328,1.0,6.123234e-17,1,0,0,1,6426.0,1,6706.0,1,6281.0,1,6762.0,1,11390.0,1,6268.0,1,9891.0,1,9257.0,6261.27,6159.207,-280.0
344,2014-03-30,0.0,0.0,0.0,0.0,0,0.0,7.0,0.99956083,0.029633328,1.0,6.123234e-17,1,0,0,1,6567.0,1,6426.0,1,6077.0,1,6215.0,1,9688.0,1,5229.0,1,9472.0,1,10051.0,6383.562,6249.8276,141.0
344,2014-03-31,17434.0,1818.0,1.0,1.0,0,0.0,1.0,0.9960498,-0.08879589,1.0,6.123234e-17,1,0,1,1,0.0,1,6567.0,1,6706.0,1,0.0,1,8287.0,1,5437.0,1,8871.0,1,7616.0,3830.1372,4860.977,-6567.0
344,2014-04-01,10478.0,1372.0,1.0,1.0,0,0.0,2.0,0.9960498,-0.08879589,0.8660254,-0.5,2,1,0,1,17434.0,1,0.0,1,6426.0,1,6396.0,1,8894.0,1,0.0,1,6072.0,1,6083.0,9271.683,7654.9824,17434.0
344,2014-04-02,9634.0,1291.0,1.0,1.0,0,0.0,3.0,0.9960498,-0.08879589,0.8660254,-0.5,2,0,0,1,10478.0,1,17434.0,1,6567.0,1,6281.0,1,6762.0,1,11390.0,1,0.0,1,0.0,9754.209,8282.319,-6956.0
344,2014-04-03,10035.0,1340.0,1.0,1.0,0,0.0,4.0,0.9960498,-0.08879589,0.8660254,-0.5,2,0,0,1,9634.0,1,10478.0,1,0.0,1,6077.0,1,6215.0,1,9688.0,1,6441.0,1,7171.0,9706.126,8582.693,-844.0
344,2014-04-04,7334.0,968.0,1.0,1.0,0,0.0,5.0,0.9960498,-0.08879589,0.8660254,-0.5,2,0,0,1,10035.0,1,9634.0,1,17434.0,1,6706.0,1,0.0,1,8287.0,1,5809.0,1,6692.0,9837.676,8905.428,401.0
344,2014-04-05,5858.0,904.0,1.0,0.0,0,0.0,6.0,0.9960498,-0.08879589,0.8660254,-0.5,2,0,0,1,7334.0,1,10035.0,1,10478.0,1,6426.0,1,6396.0,1,8894.0,1,5885.0,1,6016.0,8836.205,8556.222,-2701.0
344,2014-04-06,0.0,0.0,0.0,0.0,0,0.0,7.0,0.9960498,-0.08879589,0.8660254,-0.5,2,0,0,1,5858.0,1,7334.0,1,9634.0,1,6567.0,1,6281.0,1,6762.0,1,6268.0,1,6603.0,7644.9233,7956.6167,-1476.0
344,2014-04-07,6866.0,1105.0,1.0,0.0,0,0.0,1.0,0.9785565,-0.20597862,0.8660254,-0.5,2,0,0,1,0.0,1,5858.0,1,10035.0,1,0.0,1,6077.0,1,6215.0,1,5229.0,1,6646.0,4586.954,6188.48,-5858.0
344,2014-04-08,6236.0,973.0,1.0,0.0,0,0.0,2.0,0.9785565,-0.20597862,0.8660254,-0.5,2,0,0,1,6866.0,1,0.0,1,7334.0,1,17434.0,1,6706.0,1,0.0,1,5437.0,1,6958.0,5498.5723,6339.04,6866.0
344,2014-04-09,6163.0,963.0,1.0,0.0,0,0.0,3.0,0.9785565,-0.20597862,0.8660254,-0.5,2,0,0,1,6236.0,1,6866.0,1,5858.0,1,10478.0,1,6426.0,1,6396.0,1,0.0,1,0.0,5793.5435,6316.142,-630.0
344,2014-04-10,6376.0,1034.0,1.0,0.0,0,0.0,4.0,0.9785565,-0.20597862,0.8660254,-0.5,2,0,0,1,6163.0,1,6236.0,1,0.0,1,9634.0,1,6567.0,1,6281.0,1,11390.0,1,12258.0,5941.326,6282.1104,-73.0
344,2014-04-11,6921.0,1017.0,1.0,0.0,0,0.0,5.0,0.9785565,-0.20597862,0.8660254,-0.5,2,0,0,1,6376.0,1,6163.0,1,6866.0,1,10035.0,1,0.0,1,6077.0,1,9688.0,1,10662.0,6115.196,6302.9746,213.0
344,2014-04-12,5964.0,950.0,1.0,0.0,0,0.0,6.0,0.9785565,-0.20597862,0.8660254,-0.5,2,0,0,1,6921.0,1,6376.0,1,6236.0,1,7334.0,1,17434.0,1,6706.0,1,8287.0,1,8596.0,6437.5176,6440.314,545.0
344,2014-04-13,0.0,0.0,0.0,0.0,0,0.0,7.0,0.9785565,-0.20597862,0.8660254,-0.5,2,0,0,1,5964.0,1,6921.0,1,6163.0,1,5858.0,1,10478.0,1,6426.0,1,8894.0,1,9448.0,6248.1104,6334.4663,-957.0
344,2014-04-14,13042.0,1488.0,1.0,1.0,0,0.0,1.0,0.94732636,-0.32026985,0.8660254,-0.5,2,0,0,1,0.0,1,5964.0,1,6376.0,1,0.0,1,9634.0,1,6567.0,1,6762.0,1,9025.0,3748.8662,4926.807,-5964.0
344,2014-04-15,13208.0,1474.0,1.0,1.0,0,0.0,2.0,0.94732636,-0.32026985,0.8660254,-0.5,2,0,0,1,13042.0,1,0.0,1,6921.0,1,6866.0,1,10035.0,1,0.0,1,6215.0,1,5998.0,7466.1196,6730.183,13042.0
344,2014-04-16,12373.0,1471.0,1.0,1.0,0,0.0,3.0,0.94732636,-0.32026985,0.8660254,-0.5,2,0,0,1,13208.0,1,13042.0,1,5964.0,1,6236.0,1,7334.0,1,17434.0,1,0.0,1,0.0,9762.872,8169.698,166.0
344,2014-04-17,11732.0,1513.0,1.0,1.0,0,0.0,4.0,0.94732636,-0.32026985,0.8660254,-0.5,2,0,0,1,12373.0,1,13208.0,1,0.0,1,6163.0,1,5858.0,1,10478.0,1,6396.0,1,6630.0,10806.923,9103.766,-835.0
344,2014-04-18,0.0,0.0,0.0,1.0,2,0.0,5.0,0.94732636,-0.32026985,0.8660254,-0.5,2,0,0,1,11732.0,1,12373.0,1,13042.0,1,6376.0,1,0.0,1,9634.0,1,6281.0,1,5170.0,11176.954,9687.817,-641.0
344,2014-04-19,8501.0,1220.0,1.0,0.0,0,0.0,6.0,0.94732636,-0.32026985,0.8660254,-0.5,2,0,0,1,0.0,1,11732.0,1,13208.0,1,6921.0,1,6866.0,1,10035.0,1,6077.0,1,5934.0,6706.1724,7534.969,-11732.0
344,2014-04-20,0.0,0.0,0.0,0.0,0,0.0,7.0,0.94732636,-0.32026985,0.8660254,-0.5,2,0,0,1,8501.0,1,0.0,1,12373.0,1,5964.0,1,6236.0,1,7334.0,1,6706.0,1,6457.0,7424.1035,7749.6426,8501.0
344,2014-04-21,0.0,0.0,0.0,0.0,2,0.0,1.0,0.9027978,-0.4300652,0.8660254,-0.5,2,0,0,1,0.0,1,8501.0,1,11732.0,1,0.0,1,6163.0,1,5858.0,1,6426.0,1,7730.0,4454.462,6027.5,-8501.0
344,2014-04-22,7128.0,1098.0,1.0,0.0,0,0.0,2.0,0.9027978,-0.4300652,0.8660254,-0.5,2,0,0,1,0.0,1,0.0,1,0.0,1,13042.0,1,6376.0,1,0.0,1,6567.0,1,7726.0,2672.6772,4688.055,0.0
344,2014-04-23,6106.0,963.0,1.0,0.0,0,0.0,3.0,0.9027978,-0.4300652,0.8660254,-0.5,2,0,0,1,7128.0,1,0.0,1,8501.0,1,13208.0,1,6921.0,1,6866.0,1,0.0,1,0.0,4454.806,5230.265,7128.0
344,2014-04-24,6413.0,992.0,1.0,0.0,0,0.0,4.0,0.9027978,-0.4300652,0.8660254,-0.5,2,0,0,1,6106.0,1,7128.0,1,0.0,1,12373.0,1,5964.0,1,6236.0,1,17434.0,1,14499.0,5115.2837,5424.873,-1022.0
344,2014-04-25,6366.0,967.0,1.0,0.0,0,0.0,5.0,0.9027978,-0.4300652,0.8660254,-0.5,2,0,0,1,6413.0,1,6106.0,1,0.0,1,11732.0,1,0.0,1,6163.0,1,10478.0,1,11562.0,5634.37,5644.457,307.0
344,2014-04-26,5881.0,898.0,1.0,0.0,0,0.0,6.0,0.9027978,-0.4300652,0.8660254,-0.5,2,0,0,1,6366.0,1,6413.0,1,7128.0,1,0.0,1,13042.0,1,6376.0,1,9634.0,1,9891.0,5927.022,5804.8,-47.0
344,2014-04-27,0.0,0.0,0.0,0.0,0,0.0,7.0,0.9027978,-0.4300652,0.8660254,-0.5,2,0,0,1,5881.0,1,6366.0,1,6106.0,1,8501.0,1,13208.0,1,6921.0,1,10035.0,1,9472.0,5908.6133,5821.733,-485.0
344,2014-04-28,12317.0,1470.0,1.0,1.0,0,1.0,1.0,0.845596,-0.5338234,0.8660254,-0.5,2,0,0,1,0.0,1,5881.0,1,6413.0,1,0.0,1,12373.0,1,5964.0,1,7334.0,1,8871.0,3545.168,4528.0146,-5881.0
344,2014-04-29,11045.0,1343.0,1.0,1.0,0,1.0,2.0,0.845596,-0.5338234,0.8660254,-0.5,2,0,0,1,12317.0,1,0.0,1,6366.0,1,0.0,1,11732.0,1,0.0,1,5858.0,1,6072.0,7053.901,6258.9004,12317.0
344,2014-04-30,12667.0,1581.0,1.0,1.0,0,1.0,3.0,0.845596,-0.5338234,0.8660254,-0.5,2,0,1,1,11045.0,1,12317.0,1,5881.0,1,7128.0,1,0.0,1,13042.0,1,0.0,1,0.0,8650.341,7322.478,-1272.0
344,2014-05-01,0.0,0.0,0.0,1.0,1,1.0,4.0,0.845596,-0.5338234,0.5,-0.8660254,2,1,0,1,12667.0,1,11045.0,1,0.0,1,6106.0,1,8501.0,1,13208.0,1,6866.0,1,6441.0,10257.004,8510.149,1622.0
344,2014-05-02,11718.0,1490.0,1.0,1.0,0,1.0,5.0,0.845596,-0.5338234,0.5,-0.8660254,2,0,0,1,0.0,1,12667.0,1,12317.0,1,6413.0,1,0.0,1,12373.0,1,6236.0,1,5809.0,6154.2026,6619.0054,-12667.0
344,2014-05-03,7128.0,1014.0,1.0,0.0,0,0.0,6.0,0.845596,-0.5338234,0.5,-0.8660254,2,0,0,1,11718.0,1,0.0,1,11045.0,1,6366.0,1,0.0,1,11732.0,1,6163.0,1,5885.0,8379.722,7752.115,11718.0
344,2014-05-04,0.0,0.0,0.0,0.0,0,0.0,7.0,0.845596,-0.5338234,0.5,-0.8660254,2,0,0,1,7128.0,1,11718.0,1,12667.0,1,5881.0,1,7128.0,1,0.0,1,6376.0,1,6268.0,7879.0327,7613.423,-4590.0
344,2014-05-05,13973.0,1640.0,1.0,1.0,0,0.0,1.0,0.7765239,-0.63008785,0.5,-0.8660254,2,0,0,1,0.0,1,7128.0,1,0.0,1,0.0,1,6106.0,1,8501.0,1,6921.0,1,5229.0,4727.42,5921.5513,-7128.0
344,2014-05-06,11198.0,1366.0,1.0,1.0,0,0.0,2.0,0.7765239,-0.63008785,0.5,-0.8660254,2,0,0,1,13973.0,1,0.0,1,11718.0,1,12317.0,1,6413.0,1,0.0,1,5964.0,1,5437.0,8425.651,7710.762,13973.0
344,2014-05-07,9281.0,1180.0,1.0,1.0,0,0.0,3.0,0.7765239,-0.63008785,0.5,-0.8660254,2,0,0,1,11198.0,1,13973.0,1,7128.0,1,11045.0,1,6366.0,1,0.0,1,0.0,1,0.0,9534.591,8485.704,-2775.0
344,2014-05-08,9054.0,1199.0,1.0,1.0,0,0.0,4.0,0.7765239,-0.63008785,0.5,-0.8660254,2,0,0,1,9281.0,1,11198.0,1,0.0,1,12667.0,1,5881.0,1,7128.0,1,13042.0,1,11390.0,9433.154,8662.437,-1917.0
344,2014-05-09,8489.0,1116.0,1.0,1.0,0,0.0,5.0,0.7765239,-0.63008785,0.5,-0.8660254,2,0,0,1,9054.0,1,9281.0,1,13973.0,1,0.0,1,0.0,1,6106.0,1,13208.0,1,9688.0,9281.493,8749.45,-227.0
344,2014-05-10,6551.0,999.0,1.0,0.0,0,0.0,6.0,0.7765239,-0.63008785,0.5,-0.8660254,2,0,0,1,8489.0,1,9054.0,1,11198.0,1,11718.0,1,12317.0,1,6413.0,1,12373.0,1,8287.0,8964.496,8691.572,-565.0
344,2014-05-11,0.0,0.0,0.0,0.0,0,0.0,7.0,0.7765239,-0.63008785,0.5,-0.8660254,2,0,0,1,6551.0,1,8489.0,1,9281.0,1,7128.0,1,11045.0,1,6366.0,1,11732.0,1,8894.0,7999.097,8215.89,-1938.0
344,2014-05-12,6259.0,988.0,1.0,0.0,0,0.0,1.0,0.696551,-0.71750724,0.5,-0.8660254,2,0,0,1,0.0,1,6551.0,1,9054.0,1,0.0,1,12667.0,1,5881.0,1,0.0,1,6762.0,4799.4585,6390.1367,-6551.0
344,2014-05-13,6212.0,1021.0,1.0,0.0,0,0.0,2.0,0.696551,-0.71750724,0.5,-0.8660254,2,0,0,1,6259.0,1,0.0,1,8489.0,1,13973.0,1,0.0,1,0.0,1,8501.0,1,6215.0,5383.275,6360.995,6259.0
344,2014-05-14,6184.0,957.0,1.0,0.0,0,0.0,3.0,0.696551,-0.71750724,0.5,-0.8660254,2,0,0,1,6212.0,1,6259.0,1,6551.0,1,11198.0,1,11718.0,1,12317.0,1,0.0,1,0.0,5714.765,6327.8853,-47.0
344,2014-05-15,6297.0,985.0,1.0,0.0,0,0.0,4.0,0.696551,-0.71750724,0.5,-0.8660254,2,0,0,1,6184.0,1,6212.0,1,0.0,1,9281.0,1,7128.0,1,11045.0,1,0.0,1,6396.0,5902.459,6295.9106,-28.0
344,2014-05-16,5999.0,959.0,1.0,0.0,0,0.0,5.0,0.696551,-0.71750724,0.5,-0.8660254,2,0,0,1,6297.0,1,6184.0,1,6259.0,1,9054.0,1,0.0,1,12667.0,1,7128.0,1,6281.0,6060.2754,6296.153,113.0
344,2014-05-17,5826.0,882.0,1.0,0.0,0,0.0,6.0,0.696551,-0.71750724,0.5,-0.8660254,2,0,0,1,5999.0,1,6297.0,1,6212.0,1,8489.0,1,13973.0,1,0.0,1,6106.0,1,6077.0,6035.765,6230.1187,-298.0
344,2014-05-18,0.0,0.0,0.0,0.0,0,0.0,7.0,0.696551,-0.71750724,0.5,-0.8660254,2,0,0,1,5826.0,1,5999.0,1,6184.0,1,6551.0,1,11198.0,1,11718.0,1,6413.0,1,6706.0,5951.8594,6140.3145,-173.0
344,2014-05-19,12268.0,1520.0,1.0,1.0,0,0.0,1.0,0.60680014,-0.79485446,0.5,-0.8660254,2,0,0,1,0.0,1,5826.0,1,6297.0,1,0.0,1,9281.0,1,7128.0,1,6366.0,1,6426.0,3571.1155,4775.8003,-5826.0
344,2014-05-20,9828.0,1278.0,1.0,1.0,0,0.0,2.0,0.60680014,-0.79485446,0.5,-0.8660254,2,0,0,1,12268.0,1,0.0,1,5999.0,1,6259.0,1,9054.0,1,0.0,1,5881.0,1,6567.0,7049.869,6440.7334,12268.0
344,2014-05-21,7928.0,1139.0,1.0,1.0,0,0.0,3.0,0.60680014,-0.79485446,0.5,-0.8660254,2,0,0,1,9828.0,1,12268.0,1,5826.0,1,6212.0,1,8489.0,1,13973.0,1,0.0,1,0.0,8161.1216,7193.4595,-2440.0
344,2014-05-22,8312.0,1152.0,1.0,1.0,0,0.0,4.0,0.60680014,-0.79485446,0.5,-0.8660254,2,0,0,1,7928.0,1,9828.0,1,0.0,1,6184.0,1,6551.0,1,11198.0,1,12317.0,1,17434.0,8067.873,7356.6904,-1900.0
344,2014-05-23,7120.0,1060.0,1.0,1.0,0,0.0,5.0,0.60680014,-0.79485446,0.5,-0.8660254,2,0,0,1,8312.0,1,7928.0,1,12268.0,1,6297.0,1,0.0,1,9281.0,1,11045.0,1,10478.0,8165.524,7568.9814,384.0
344,2014-05-24,6088.0,952.0,1.0,0.0,0,0.0,6.0,0.60680014,-0.79485446,0.5,-0.8660254,2,0,0,1,7120.0,1,8312.0,1,9828.0,1,5999.0,1,6259.0,1,9054.0,1,12667.0,1,9634.0,7747.3145,7469.208,-1192.0
344,2014-05-25,0.0,0.0,0.0,0.0,0,0.0,7.0,0.60680014,-0.79485446,0.5,-0.8660254,2,0,0,1,6088.0,1,7120.0,1,7928.0,1,5826.0,1,6212.0,1,8489.0,1,0.0,1,10035.0,7083.5884,7162.273,-1032.0
344,2014-05-26,6551.0,1078.0,1.0,0.0,0,0.0,1.0,0.5085311,-0.86104363,0.5,-0.8660254,2,0,0,1,0.0,1,6088.0,1,8312.0,1,0.0,1,6184.0,1,6551.0,1,11718.0,1,7334.0,4250.1533,5570.6567,-6088.0
344,2014-05-27,6461.0,940.0,1.0,0.0,0,0.0,2.0,0.5085311,-0.86104363,0.5,-0.8660254,2,0,0,1,6551.0,1,0.0,1,7120.0,1,12268.0,1,6297.0,1,0.0,1,7128.0,1,5858.0,5170.4917,5788.5107,6551.0
344,2014-05-28,7337.0,1027.0,1.0,0.0,0,0.0,3.0,0.5085311,-0.86104363,0.5,-0.8660254,2,0,0,1,6461.0,1,6551.0,1,6088.0,1,9828.0,1,5999.0,1,6259.0,1,0.0,1,0.0,5686.6953,5937.9526,-90.0
344,2014-05-29,0.0,0.0,0.0,0.0,1,0.0,4.0,0.5085311,-0.86104363,0.5,-0.8660254,2,0,0,1,7337.0,1,6461.0,1,0.0,1,7928.0,1,5826.0,1,6212.0,1,13973.0,1,6866.0,6346.817,6248.852,876.0
344,2014-05-30,9899.0,1367.0,1.0,0.0,0,1.0,5.0,0.5085311,-0.86104363,0.5,-0.8660254,2,0,0,1,0.0,1,7337.0,1,6551.0,1,8312.0,1,0.0,1,6184.0,1,11198.0,1,6236.0,3808.0903,4860.2183,-7337.0
344,2014-05-31,7349.0,1054.0,1.0,0.0,0,0.0,6.0,0.5085311,-0.86104363,0.5,-0.8660254,2,0,1,1,9899.0,1,0.0,1,6461.0,1,7120.0,1,12268.0,1,6297.0,1,9281.0,1,6163.0,6244.454,5979.9478,9899.0
344,2014-06-01,0.0,0.0,0.0,0.0,0,0.0,7.0,0.5085311,-0.86104363,1.2246469e-16,-1.0,2,1,0,1,7349.0,1,9899.0,1,7337.0,1,6088.0,1,9828.0,1,5999.0,1,9054.0,1,6376.0,6686.2725,6284.1816,-2550.0
344,2014-06-02,14943.0,1715.0,1.0,1.0,0,0.0,1.0,0.40312344,-0.91514564,1.2246469e-16,-1.0,2,0,0,1,0.0,1,7349.0,1,0.0,1,0.0,1,7928.0,1,5826.0,1,8489.0,1,6921.0,4011.7634,4887.697,-7349.0
344,2014-06-03,11426.0,1450.0,1.0,1.0,0,0.0,2.0,0.40312344,-0.91514564,1.2246469e-16,-1.0,2,0,0,1,14943.0,1,0.0,1,9899.0,1,6551.0,1,8312.0,1,0.0,1,6551.0,1,5964.0,8384.258,7122.2085,14943.0
344,2014-06-04,9180.0,1198.0,1.0,1.0,0,0.0,3.0,0.40312344,-0.91514564,1.2246469e-16,-1.0,2,0,0,1,11426.0,1,14943.0,1,7349.0,1,6461.0,1,7120.0,1,12268.0,1,0.0,1,0.0,9600.955,8078.6064,-3517.0
344,2014-06-05,8986.0,1237.0,1.0,1.0,0,0.0,4.0,0.40312344,-0.91514564,1.2246469e-16,-1.0,2,0,0,1,9180.0,1,11426.0,1,0.0,1,7337.0,1,6088.0,1,9828.0,1,6259.0,1,13042.0,9432.573,8323.36,-2246.0
344,2014-06-06,9280.0,1226.0,1.0,1.0,0,0.0,5.0,0.40312344,-0.91514564,1.2246469e-16,-1.0,2,0,0,1,8986.0,1,9180.0,1,14943.0,1,0.0,1,0.0,1,7928.0,1,6212.0,1,13208.0,9253.943,8470.614,-194.0
344,2014-06-07,6633.0,979.0,1.0,0.0,0,0.0,6.0,0.40312344,-0.91514564,1.2246469e-16,-1.0,2,0,0,1,9280.0,1,8986.0,1,11426.0,1,9899.0,1,6551.0,1,8312.0,1,6184.0,1,12373.0,9264.366,8650.478,294.0
344,2014-06-08,0.0,0.0,0.0,0.0,0,0.0,7.0,0.40312344,-0.91514564,1.2246469e-16,-1.0,2,0,0,1,6633.0,1,9280.0,1,9180.0,1,7349.0,1,6461.0,1,7120.0,1,6297.0,1,11732.0,8211.819,8202.149,-2647.0
344,2014-06-09,0.0,0.0,0.0,0.0,1,0.0,1.0,0.29205677,-0.956401,1.2246469e-16,-1.0,2,0,0,1,0.0,1,6633.0,1,8986.0,1,0.0,1,7337.0,1,6088.0,1,5999.0,1,0.0,4927.092,6379.449,-6633.0
344,2014-06-10,7810.0,1201.0,1.0,0.0,0,0.0,2.0,0.29205677,-0.956401,1.2246469e-16,-1.0,2,0,0,1,0.0,1,0.0,1,9280.0,1,14943.0,1,0.0,1,0.0,1,5826.0,1,8501.0,2956.2551,4961.794,0.0
344,2014-06-11,6715.0,1043.0,1.0,0.0,0,0.0,3.0,0.29205677,-0.956401,1.2246469e-16,-1.0,2,0,0,1,7810.0,1,0.0,1,6633.0,1,11426.0,1,9899.0,1,6551.0,1,0.0,1,0.0,4897.753,5594.7285,7810.0
344,2014-06-12,7046.0,1035.0,1.0,0.0,0,0.0,4.0,0.29205677,-0.956401,1.2246469e-16,-1.0,2,0,0,1,6715.0,1,7810.0,1,0.0,1,9180.0,1,7349.0,1,6461.0,1,12268.0,1,0.0,5624.652,5843.6777,-1095.0
344,2014-06-13,5858.0,883.0,1.0,0.0,0,0.0,5.0,0.29205677,-0.956401,1.2246469e-16,-1.0,2,0,0,1,7046.0,1,6715.0,1,0.0,1,8986.0,1,0.0,1,7337.0,1,9828.0,1,7128.0,6193.191,6110.8604,331.0
344,2014-06-14,6955.0,976.0,1.0,0.0,0,0.0,6.0,0.29205677,-0.956401,1.2246469e-16,-1.0,2,0,0,1,5858.0,1,7046.0,1,7810.0,1,9280.0,1,14943.0,1,0.0,1,7928.0,1,6106.0,6059.1147,6054.6694,-1188.0
344,2014-06-15,0.0,0.0,0.0,0.0,0,0.0,7.0,0.29205677,-0.956401,1.2246469e-16,-1.0,2,0,0,1,6955.0,1,5858.0,1,6715.0,1,6633.0,1,11426.0,1,9899.0,1,8312.0,1,6413.0,6417.4688,6254.7427,1097.0
344,2014-06-16,12947.0,1498.0,1.0,1.0,0,0.0,1.0,0.17689027,-0.9842306,1.2246469e-16,-1.0,2,0,0,1,0.0,1,6955.0,1,7046.0,1,0.0,1,9180.0,1,7349.0,1,7120.0,1,6366.0,3850.4812,4864.8,-6955.0
344,2014-06-17,11582.0,1424.0,1.0,1.0,0,0.0,2.0,0.17689027,-0.9842306,1.2246469e-16,-1.0,2,0,0,1,12947.0,1,0.0,1,5858.0,1,0.0,1,8986.0,1,0.0,1,6088.0,1,5881.0,7489.089,6660.844,12947.0
344,2014-06-18,9248.0,1199.0,1.0,1.0,0,0.0,3.0,0.17689027,-0.9842306,1.2246469e-16,-1.0,2,0,0,1,11582.0,1,12947.0,1,6955.0,1,7810.0,1,9280.0,1,14943.0,1,0.0,1,0.0,9126.253,7754.4346,-1365.0
344,2014-06-19,8594.0,1137.0,1.0,1.0,0,0.0,4.0,0.17689027,-0.9842306,1.2246469e-16,-1.0,2,0,0,1,9248.0,1,11582.0,1,0.0,1,6715.0,1,6633.0,1,11426.0,1,6551.0,1,12317.0,9174.952,8086.338,-2334.0
344,2014-06-20,8034.0,1075.0,1.0,1.0,0,0.0,5.0,0.17689027,-0.9842306,1.2246469e-16,-1.0,2,0,0,1,8594.0,1,9248.0,1,12947.0,1,7046.0,1,0.0,1,9180.0,1,6461.0,1,11045.0,8942.571,8199.151,-654.0
344,2014-06-21,5752.0,884.0,1.0,0.0,0,0.0,6.0,0.17689027,-0.9842306,1.2246469e-16,-1.0,2,0,0,1,8034.0,1,8594.0,1,11582.0,1,5858.0,1,0.0,1,8986.0,1,7337.0,1,12667.0,8579.143,8162.451,-560.0
344,2014-06-22,0.0,0.0,0.0,0.0,0,0.0,7.0,0.17689027,-0.9842306,1.2246469e-16,-1.0,2,0,0,1,5752.0,1,8034.0,1,9248.0,1,6955.0,1,7810.0,1,9280.0,1,0.0,1,0.0,7448.2856,7626.7954,-2282.0
344,2014-06-23,6397.0,1049.0,1.0,0.0,0,0.0,1.0,0.059240628,-0.99824375,1.2246469e-16,-1.0,2,0,0,1,0.0,1,5752.0,1,8594.0,1,0.0,1,6715.0,1,6633.0,1,9899.0,1,11718.0,4468.971,5931.952,-5752.0
344,2014-06-24,5732.0,948.0,1.0,0.0,0,0.0,2.0,0.059240628,-0.99824375,1.2246469e-16,-1.0,2,0,0,1,6397.0,1,0.0,1,8034.0,1,12947.0,1,7046.0,1,0.0,1,7349.0,1,7128.0,5240.1826,6035.296,6397.0
344,2014-06-25,5884.0,882.0,1.0,0.0,0,0.0,3.0,0.059240628,-0.99824375,1.2246469e-16,-1.0,2,0,0,1,5732.0,1,6397.0,1,5752.0,1,11582.0,1,5858.0,1,0.0,1,0.0,1,0.0,5436.9097,5967.897,-665.0
344,2014-06-26,6371.0,930.0,1.0,0.0,0,0.0,4.0,0.059240628,-0.99824375,1.2246469e-16,-1.0,2,0,0,1,5884.0,1,5732.0,1,0.0,1,9248.0,1,6955.0,1,7810.0,1,14943.0,1,13973.0,5615.7456,5949.253,152.0
344,2014-06-27,6862.0,995.0,1.0,0.0,0,0.0,5.0,0.059240628,-0.99824375,1.2246469e-16,-1.0,2,0,0,1,6371.0,1,5884.0,1,6397.0,1,8594.0,1,0.0,1,6715.0,1,11426.0,1,11198.0,5917.8477,6042.9746,487.0
344,2014-06-28,6469.0,937.0,1.0,0.0,0,0.0,6.0,0.059240628,-0.99824375,1.2246469e-16,-1.0,2,0,0,1,6862.0,1,6371.0,1,5732.0,1,8034.0,1,12947.0,1,7046.0,1,9180.0,1,9281.0,6295.5083,6224.9805,491.0
344,2014-06-29,0.0,0.0,0.0,0.0,0,0.0,7.0,0.059240628,-0.99824375,1.2246469e-16,-1.0,2,0,0,1,6469.0,1,6862.0,1,5884.0,1,5752.0,1,11582.0,1,5858.0,1,8986.0,1,9054.0,6364.9053,6279.207,-393.0
344,2014-06-30,18516.0,1933.0,1.0,1.0,0,0.0,1.0,-0.059240628,-0.99824375,1.2246469e-16,-1.0,2,0,1,1,0.0,1,6469.0,1,6371.0,1,0.0,1,9248.0,1,6955.0,1,9280.0,1,8489.0,3818.943,4883.8276,-6469.0
344,2014-07-01,10855.0,1370.0,1.0,1.0,0,0.0,2.0,-0.059240628,-0.99824375,-0.5,-0.8660254,3,1,0,1,18516.0,1,0.0,1,6862.0,1,6397.0,1,8594.0,1,0.0,1,6633.0,1,6551.0,9697.766,7913.199,18516.0
344,2014-07-02,9844.0,1276.0,1.0,1.0,0,0.0,3.0,-0.059240628,-0.99824375,-0.5,-0.8660254,3,0,0,1,10855.0,1,18516.0,1,6469.0,1,5732.0,1,8034.0,1,12947.0,1,0.0,1,0.0,10160.659,8566.933,-7661.0
344,2014-07-03,9930.0,1312.0,1.0,1.0,0,0.0,4.0,-0.059240628,-0.99824375,-0.5,-0.8660254,3,0,0,1,9844.0,1,10855.0,1,0.0,1,5884.0,1,5752.0,1,11582.0,1,0.0,1,6259.0,10033.996,8850.726,-1011.0
344,2014-07-04,8251.0,1145.0,1.0,1.0,0,0.0,5.0,-0.059240628,-0.99824375,-0.5,-0.8660254,3,0,0,1,9930.0,1,9844.0,1,18516.0,1,6371.0,1,0.0,1,9248.0,1,7810.0,1,6212.0,9992.397,9090.564,86.0
344,2014-07-05,5928.0,890.0,1.0,0.0,0,0.0,6.0,-0.059240628,-0.99824375,-0.5,-0.8660254,3,0,0,1,8251.0,1,9930.0,1,10855.0,1,6862.0,1,6397.0,1,8594.0,1,6715.0,1,6184.0,9295.839,8903.994,-1679.0
344,2014-07-06,0.0,0.0,0.0,0.0,0,0.0,7.0,-0.059240628,-0.99824375,-0.5,-0.8660254,3,0,0,1,5928.0,1,8251.0,1,9844.0,1,6469.0,1,5732.0,1,8034.0,1,7046.0,1,6297.0,7948.703,8242.662,-2323.0
344,2014-07-07,7372.0,1090.0,1.0,0.0,0,0.0,1.0,-0.17689027,-0.9842306,-0.5,-0.8660254,3,0,0,1,0.0,1,5928.0,1,9930.0,1,0.0,1,5884.0,1,5752.0,1,5858.0,1,5999.0,4769.2217,6410.9595,-5928.0
344,2014-07-08,6361.0,939.0,1.0,0.0,0,0.0,2.0,-0.17689027,-0.9842306,-0.5,-0.8660254,3,0,0,1,7372.0,1,0.0,1,8251.0,1,18516.0,1,6371.0,1,0.0,1,6955.0,1,5826.0,5810.333,6624.524,7372.0
344,2014-07-09,5879.0,941.0,1.0,0.0,0,0.0,3.0,-0.17689027,-0.9842306,-0.5,-0.8660254,3,0,0,1,6361.0,1,7372.0,1,5928.0,1,10855.0,1,6862.0,1,6397.0,1,0.0,1,0.0,6030.6,6565.9634,-1011.0
344,2014-07-10,7039.0,1066.0,1.0,0.0,0,1.0,4.0,-0.17689027,-0.9842306,-0.5,-0.8660254,3,0,0,1,5879.0,1,6361.0,1,0.0,1,9844.0,1,6469.0,1,5732.0,1,12947.0,1,12268.0,5969.96,6413.3047,-482.0
344,2014-07-11,6798.0,973.0,1.0,0.0,0,1.0,5.0,-0.17689027,-0.9842306,-0.5,-0.8660254,3,0,0,1,7039.0,1,5879.0,1,7372.0,1,9930.0,1,0.0,1,5884.0,1,11582.0,1,9828.0,6397.576,6552.348,1160.0
344,2014-07-12,6845.0,924.0,1.0,0.0,0,0.0,6.0,-0.17689027,-0.9842306,-0.5,-0.8660254,3,0,0,1,6798.0,1,7039.0,1,6361.0,1,8251.0,1,18516.0,1,6371.0,1,9248.0,1,7928.0,6557.7456,6606.9375,-241.0
344,2014-07-13,0.0,0.0,0.0,0.0,0,0.0,7.0,-0.17689027,-0.9842306,-0.5,-0.8660254,3,0,0,1,6845.0,1,6798.0,1,5879.0,1,5928.0,1,10855.0,1,6862.0,1,8594.0,1,8312.0,6672.6475,6659.8403,47.0
344,2014-07-14,12406.0,1427.0,1.0,1.0,0,1.0,1.0,-0.29205677,-0.956401,-0.5,-0.8660254,3,0,0,1,0.0,1,6845.0,1,7039.0,1,0.0,1,9844.0,1,6469.0,1,8034.0,1,7120.0,4003.5884,5179.8755,-6845.0
344,2014-07-15,11686.0,1359.0,1.0,1.0,0,1.0,2.0,-0.29205677,-0.956401,-0.5,-0.8660254,3,0,0,1,12406.0,1,0.0,1,6798.0,1,7372.0,1,9930.0,1,0.0,1,5752.0,1,6088.0,7364.553,6785.681,12406.0
344,2014-07-16,9247.0,1207.0,1.0,1.0,0,1.0,3.0,-0.29205677,-0.956401,-0.5,-0.8660254,3,0,0,1,11686.0,1,12406.0,1,6845.0,1,6361.0,1,8251.0,1,18516.0,1,0.0,1,0.0,9093.132,7874.641,-720.0
344,2014-07-17,9409.0,1216.0,1.0,1.0,0,1.0,4.0,-0.29205677,-0.956401,-0.5,-0.8660254,3,0,0,1,9247.0,1,11686.0,1,0.0,1,5879.0,1,5928.0,1,10855.0,1,6397.0,1,6551.0,9154.679,8179.6094,-2439.0
344,2014-07-18,8280.0,1122.0,1.0,1.0,0,1.0,5.0,-0.29205677,-0.956401,-0.5,-0.8660254,3,0,0,1,9409.0,1,9247.0,1,12406.0,1,7039.0,1,0.0,1,9844.0,1,5732.0,1,6461.0,9256.407,8452.808,162.0
344,2014-07-19,4685.0,781.0,1.0,0.0,0,0.0,6.0,-0.29205677,-0.956401,-0.5,-0.8660254,3,0,0,1,8280.0,1,9409.0,1,11686.0,1,6798.0,1,7372.0,1,9930.0,1,5884.0,1,7337.0,8865.845,8414.406,-1129.0
344,2014-07-20,0.0,0.0,0.0,0.0,0,0.0,7.0,-0.29205677,-0.956401,-0.5,-0.8660254,3,0,0,1,4685.0,1,8280.0,1,9247.0,1,6845.0,1,6361.0,1,8251.0,1,6371.0,1,0.0,7193.507,7585.649,-3595.0
344,2014-07-21,6577.0,1057.0,1.0,0.0,0,1.0,1.0,-0.40312344,-0.91514564,-0.5,-0.8660254,3,0,0,1,0.0,1,4685.0,1,9409.0,1,0.0,1,5879.0,1,5928.0,1,6862.0,1,9899.0,4316.104,5899.949,-4685.0
344,2014-07-22,5806.0,946.0,1.0,0.0,0,1.0,2.0,-0.40312344,-0.91514564,-0.5,-0.8660254,3,0,0,1,6577.0,1,0.0,1,8280.0,1,12406.0,1,7039.0,1,0.0,1,6469.0,1,7349.0,5220.4624,6050.405,6577.0
344,2014-07-23,6118.0,928.0,1.0,0.0,0,1.0,3.0,-0.40312344,-0.91514564,-0.5,-0.8660254,3,0,0,1,5806.0,1,6577.0,1,4685.0,1,11686.0,1,6798.0,1,7372.0,1,0.0,1,0.0,5454.6772,5996.093,-771.0
344,2014-07-24,5298.0,846.0,1.0,0.0,0,1.0,4.0,-0.40312344,-0.91514564,-0.5,-0.8660254,3,0,0,1,6118.0,1,5806.0,1,0.0,1,9247.0,1,6845.0,1,6361.0,1,18516.0,1,14943.0,5720.0063,6023.183,312.0
344,2014-07-25,5524.0,857.0,1.0,0.0,0,1.0,5.0,-0.40312344,-0.91514564,-0.5,-0.8660254,3,0,0,1,5298.0,1,6118.0,1,6577.0,1,9409.0,1,0.0,1,5879.0,1,10855.0,1,11426.0,5551.204,5862.0312,-820.0
344,2014-07-26,5662.0,834.0,1.0,0.0,0,0.0,6.0,-0.40312344,-0.91514564,-0.5,-0.8660254,3,0,0,1,5524.0,1,5298.0,1,5806.0,1,8280.0,1,12406.0,1,7039.0,1,9844.0,1,9180.0,5540.3223,5786.913,226.0
344,2014-07-27,0.0,0.0,0.0,0.0,0,0.0,7.0,-0.40312344,-0.91514564,-0.5,-0.8660254,3,0,0,1,5662.0,1,5524.0,1,6118.0,1,4685.0,1,11686.0,1,6798.0,1,9930.0,1,8986.0,5588.993,5759.155,138.0
344,2014-07-28,10668.0,1268.0,1.0,1.0,0,1.0,1.0,-0.5085311,-0.86104363,-0.5,-0.8660254,3,0,0,1,0.0,1,5662.0,1,5298.0,1,0.0,1,9247.0,1,6845.0,1,8251.0,1,9280.0,3353.396,4479.343,-5662.0
344,2014-07-29,9091.0,1120.0,1.0,1.0,0,1.0,2.0,-0.5085311,-0.86104363,-0.5,-0.8660254,3,0,0,1,10668.0,1,0.0,1,5524.0,1,6577.0,1,9409.0,1,0.0,1,5928.0,1,6633.0,6279.238,5854.5996,10668.0
344,2014-07-30,9651.0,1133.0,1.0,1.0,0,1.0,3.0,-0.5085311,-0.86104363,-0.5,-0.8660254,3,0,0,1,9091.0,1,10668.0,1,5662.0,1,5806.0,1,8280.0,1,12406.0,1,0.0,1,0.0,7403.9424,6573.8,-1577.0
344,2014-07-31,11446.0,1333.0,1.0,1.0,0,1.0,4.0,-0.5085311,-0.86104363,-0.5,-0.8660254,3,0,1,1,9651.0,1,9091.0,1,0.0,1,6118.0,1,4685.0,1,11686.0,1,7372.0,1,0.0,8302.766,7257.622,560.0
344,2014-08-01,9743.0,1287.0,1.0,1.0,0,1.0,5.0,-0.5085311,-0.86104363,-0.8660254,-0.5,3,1,0,1,11446.0,1,9651.0,1,10668.0,1,5298.0,1,0.0,1,9247.0,1,6361.0,1,7810.0,9560.06,8188.3726,1795.0
344,2014-08-02,6303.0,892.0,1.0,0.0,0,0.0,6.0,-0.5085311,-0.86104363,-0.8660254,-0.5,3,0,0,1,9743.0,1,11446.0,1,9091.0,1,5524.0,1,6577.0,1,9409.0,1,5879.0,1,6715.0,9633.235,8533.846,-1703.0
344,2014-08-03,0.0,0.0,0.0,0.0,0,0.0,7.0,-0.5085311,-0.86104363,-0.8660254,-0.5,3,0,0,1,6303.0,1,9743.0,1,9651.0,1,5662.0,1,5806.0,1,8280.0,1,7039.0,1,7046.0,8301.142,8038.102,-3440.0
344,2014-08-04,12444.0,1482.0,1.0,1.0,0,1.0,1.0,-0.60680014,-0.79485446,-0.8660254,-0.5,3,0,0,1,0.0,1,6303.0,1,11446.0,1,0.0,1,6118.0,1,4685.0,1,6798.0,1,5858.0,4980.685,6251.857,-6303.0
344,2014-08-05,9935.0,1229.0,1.0,1.0,0,1.0,2.0,-0.60680014,-0.79485446,-0.8660254,-0.5,3,0,0,1,12444.0,1,0.0,1,9743.0,1,10668.0,1,5298.0,1,0.0,1,6845.0,1,6955.0,7966.0107,7627.8887,12444.0
344,2014-08-06,9006.0,1191.0,1.0,1.0,0,1.0,3.0,-0.60680014,-0.79485446,-0.8660254,-0.5,3,0,0,1,9935.0,1,12444.0,1,6303.0,1,9091.0,1,5524.0,1,6577.0,1,0.0,1,0.0,8753.606,8140.58,-2509.0
344,2014-08-07,9440.0,1174.0,1.0,1.0,0,1.0,4.0,-0.60680014,-0.79485446,-0.8660254,-0.5,3,0,0,1,9006.0,1,9935.0,1,0.0,1,9651.0,1,5662.0,1,5806.0,1,12406.0,1,12947.0,8854.563,8332.8955,-929.0
344,2014-08-08,9075.0,1149.0,1.0,1.0,0,1.0,5.0,-0.60680014,-0.79485446,-0.8660254,-0.5,3,0,0,1,9440.0,1,9006.0,1,12444.0,1,11446.0,1,0.0,1,6118.0,1,11686.0,1,11582.0,9088.738,8578.919,434.0
344,2014-08-09,5960.0,852.0,1.0,0.0,0,0.0,6.0,-0.60680014,-0.79485446,-0.8660254,-0.5,3,0,0,1,9075.0,1,9440.0,1,9935.0,1,9743.0,1,10668.0,1,5298.0,1,9247.0,1,9248.0,9083.243,8689.159,-365.0
344,2014-08-10,0.0,0.0,0.0,0.0,0,0.0,7.0,-0.60680014,-0.79485446,-0.8660254,-0.5,3,0,0,1,5960.0,1,9075.0,1,9006.0,1,6303.0,1,9091.0,1,5524.0,1,9409.0,1,8594.0,7833.946,8082.679,-3115.0
344,2014-08-11,7343.0,1121.0,1.0,0.0,0,1.0,1.0,-0.696551,-0.71750724,-0.8660254,-0.5,3,0,0,1,0.0,1,5960.0,1,9440.0,1,0.0,1,9651.0,1,5662.0,1,8280.0,1,8034.0,4700.3677,6286.5283,-5960.0
344,2014-08-12,6706.0,939.0,1.0,0.0,0,1.0,2.0,-0.696551,-0.71750724,-0.8660254,-0.5,3,0,0,1,7343.0,1,0.0,1,9075.0,1,12444.0,1,11446.0,1,0.0,1,4685.0,1,5752.0,5757.4204,6521.3,7343.0
344,2014-08-13,6123.0,936.0,1.0,0.0,0,1.0,3.0,-0.696551,-0.71750724,-0.8660254,-0.5,3,0,0,1,6706.0,1,7343.0,1,5960.0,1,9935.0,1,9743.0,1,10668.0,1,0.0,1,0.0,6136.852,6562.344,-637.0
344,2014-08-14,6498.0,952.0,1.0,0.0,0,1.0,4.0,-0.696551,-0.71750724,-0.8660254,-0.5,3,0,0,1,6123.0,1,6706.0,1,0.0,1,9006.0,1,6303.0,1,9091.0,1,6577.0,1,6397.0,6131.3115,6464.7124,-583.0
344,2014-08-15,7219.0,986.0,1.0,0.0,0,1.0,5.0,-0.696551,-0.71750724,-0.8660254,-0.5,3,0,0,1,6498.0,1,6123.0,1,7343.0,1,9440.0,1,0.0,1,9651.0,1,5806.0,1,5732.0,6277.987,6472.1094,375.0
344,2014-08-16,5608.0,850.0,1.0,0.0,0,0.0,6.0,-0.696551,-0.71750724,-0.8660254,-0.5,3,0,0,1,7219.0,1,6498.0,1,6706.0,1,9075.0,1,12444.0,1,11446.0,1,6118.0,1,5884.0,6654.392,6638.085,721.0
344,2014-08-17,0.0,0.0,0.0,0.0,0,0.0,7.0,-0.696551,-0.71750724,-0.8660254,-0.5,3,0,0,1,5608.0,1,7219.0,1,6123.0,1,5960.0,1,9935.0,1,9743.0,1,5298.0,1,6371.0,6235.8354,6409.1772,-1611.0
344,2014-08-18,13569.0,1501.0,1.0,1.0,0,1.0,1.0,-0.7765239,-0.63008785,-0.8660254,-0.5,3,0,0,1,0.0,1,5608.0,1,6498.0,1,0.0,1,9006.0,1,6303.0,1,5524.0,1,6862.0,3741.5012,4984.9155,-5608.0
344,2014-08-19,11451.0,1343.0,1.0,1.0,0,1.0,2.0,-0.7765239,-0.63008785,-0.8660254,-0.5,3,0,0,1,13569.0,1,0.0,1,7219.0,1,7343.0,1,9440.0,1,0.0,1,5662.0,1,6469.0,7672.5005,6892.49,13569.0
344,2014-08-20,10809.0,1260.0,1.0,1.0,0,1.0,3.0,-0.7765239,-0.63008785,-0.8660254,-0.5,3,0,0,1,11451.0,1,13569.0,1,5608.0,1,6706.0,1,9075.0,1,12444.0,1,0.0,1,0.0,9183.9,7905.492,-2118.0
344,2014-08-21,10124.0,1277.0,1.0,1.0,0,0.0,4.0,-0.7765239,-0.63008785,-0.8660254,-0.5,3,0,0,1,10809.0,1,11451.0,1,0.0,1,6123.0,1,5960.0,1,9935.0,1,10668.0,1,18516.0,9833.94,8550.716,-642.0
344,2014-08-22,8988.0,1186.0,1.0,1.0,0,0.0,5.0,-0.7765239,-0.63008785,-0.8660254,-0.5,3,0,0,1,10124.0,1,10809.0,1,13569.0,1,6498.0,1,0.0,1,9006.0,1,9091.0,1,10855.0,9949.964,8900.335,-685.0
344,2014-08-23,7598.0,1094.0,1.0,0.0,0,0.0,6.0,-0.7765239,-0.63008785,-0.8660254,-0.5,3,0,0,1,8988.0,1,10124.0,1,11451.0,1,7219.0,1,7343.0,1,9440.0,1,9651.0,1,9844.0,9565.179,8919.816,-1136.0
344,2014-08-24,0.0,0.0,0.0,0.0,0,0.0,7.0,-0.7765239,-0.63008785,-0.8660254,-0.5,3,0,0,1,7598.0,1,8988.0,1,10809.0,1,5608.0,1,6706.0,1,9075.0,1,11446.0,1,9930.0,8778.307,8626.079,-1390.0
344,2014-08-25,7962.0,1225.0,1.0,0.0,0,0.0,1.0,-0.845596,-0.5338234,-0.8660254,-0.5,3,0,0,1,0.0,1,7598.0,1,10124.0,1,0.0,1,6123.0,1,5960.0,1,9743.0,1,8251.0,5266.9844,6709.173,-7598.0
344,2014-08-26,6499.0,1054.0,1.0,0.0,0,0.0,2.0,-0.845596,-0.5338234,-0.8660254,-0.5,3,0,0,1,7962.0,1,0.0,1,8988.0,1,13569.0,1,6498.0,1,0.0,1,6303.0,1,5928.0,6344.9907,6987.5786,7962.0
344,2014-08-27,6443.0,971.0,1.0,0.0,0,0.0,3.0,-0.845596,-0.5338234,-0.8660254,-0.5,3,0,0,1,6499.0,1,7962.0,1,7598.0,1,11451.0,1,7219.0,1,7343.0,1,0.0,1,0.0,6406.594,6879.006,-1463.0
344,2014-08-28,6845.0,1076.0,1.0,0.0,0,0.0,4.0,-0.845596,-0.5338234,-0.8660254,-0.5,3,0,0,1,6443.0,1,6499.0,1,0.0,1,10809.0,1,5608.0,1,6706.0,1,12444.0,1,7372.0,6421.1567,6782.1157,-56.0
344,2014-08-29,7771.0,1110.0,1.0,0.0,0,0.0,5.0,-0.845596,-0.5338234,-0.8660254,-0.5,3,0,0,1,6845.0,1,6443.0,1,7962.0,1,10124.0,1,0.0,1,6123.0,1,9935.0,1,6361.0,6590.694,6796.09,402.0
344,2014-08-30,7293.0,1074.0,1.0,0.0,0,0.0,6.0,-0.845596,-0.5338234,-0.8660254,-0.5,3,0,0,1,7771.0,1,6845.0,1,6499.0,1,8988.0,1,13569.0,1,6498.0,1,9006.0,1,5879.0,7062.8164,7012.7363,926.0
344,2014-08-31,0.0,0.0,0.0,0.0,0,0.0,7.0,-0.845596,-0.5338234,-0.8660254,-0.5,3,0,1,1,7293.0,1,7771.0,1,6443.0,1,7598.0,1,11451.0,1,7219.0,1,9440.0,1,7039.0,7154.8896,7075.017,-478.0
344,2014-09-01,14354.0,1576.0,1.0,1.0,0,0.0,1.0,-0.9027978,-0.4300652,-1.0,-1.8369701e-16,3,1,0,1,0.0,1,7293.0,1,6845.0,1,0.0,1,10809.0,1,5608.0,1,9075.0,1,6798.0,4292.934,5502.791,-7293.0
344,2014-09-02,11558.0,1372.0,1.0,1.0,0,0.0,2.0,-0.9027978,-0.4300652,-1.0,-1.8369701e-16,3,0,0,1,14354.0,1,0.0,1,7771.0,1,7962.0,1,10124.0,1,0.0,1,5960.0,1,6845.0,8317.36,7469.7266,14354.0
344,2014-09-03,9625.0,1229.0,1.0,1.0,0,0.0,3.0,-0.9027978,-0.4300652,-1.0,-1.8369701e-16,3,0,0,1,11558.0,1,14354.0,1,7293.0,1,6499.0,1,8988.0,1,13569.0,1,0.0,1,0.0,9613.616,8378.231,-2796.0
344,2014-09-04,10131.0,1271.0,1.0,1.0,0,0.0,4.0,-0.9027978,-0.4300652,-1.0,-1.8369701e-16,3,0,0,1,9625.0,1,11558.0,1,0.0,1,6443.0,1,7598.0,1,11451.0,1,7343.0,1,12406.0,9618.17,8655.291,-1933.0
344,2014-09-05,8384.0,1139.0,1.0,1.0,0,0.0,5.0,-0.9027978,-0.4300652,-1.0,-1.8369701e-16,3,0,0,1,10131.0,1,9625.0,1,14354.0,1,6845.0,1,0.0,1,10809.0,1,6706.0,1,11686.0,9823.302,8983.227,506.0
344,2014-09-06,5697.0,930.0,1.0,0.0,0,0.0,6.0,-0.9027978,-0.4300652,-1.0,-1.8369701e-16,3,0,0,1,8384.0,1,10131.0,1,11558.0,1,7771.0,1,7962.0,1,10124.0,1,6123.0,1,9247.0,9247.581,8850.065,-1747.0
344,2014-09-07,0.0,0.0,0.0,0.0,0,0.0,7.0,-0.9027978,-0.4300652,-1.0,-1.8369701e-16,3,0,0,1,5697.0,1,8384.0,1,9625.0,1,7293.0,1,6499.0,1,8988.0,1,6498.0,1,9409.0,7827.3486,8149.384,-2687.0
344,2014-09-08,6759.0,1132.0,1.0,0.0,0,0.0,1.0,-0.94732636,-0.32026985,-1.0,-1.8369701e-16,3,0,0,1,0.0,1,5697.0,1,10131.0,1,0.0,1,6443.0,1,7598.0,1,7219.0,1,8280.0,4696.409,6338.4097,-5697.0
344,2014-09-09,6825.0,997.0,1.0,0.0,0,0.0,2.0,-0.94732636,-0.32026985,-1.0,-1.8369701e-16,3,0,0,1,6759.0,1,0.0,1,8384.0,1,14354.0,1,6845.0,1,0.0,1,5608.0,1,4685.0,5521.4453,6431.8745,6759.0
344,2014-09-10,5753.0,946.0,1.0,0.0,0,0.0,3.0,-0.94732636,-0.32026985,-1.0,-1.8369701e-16,3,0,0,1,6825.0,1,6759.0,1,5697.0,1,11558.0,1,7771.0,1,7962.0,1,0.0,1,0.0,6042.867,6519.2354,66.0
344,2014-09-11,6558.0,1034.0,1.0,0.0,0,0.0,4.0,-0.94732636,-0.32026985,-1.0,-1.8369701e-16,3,0,0,1,5753.0,1,6825.0,1,0.0,1,9625.0,1,7293.0,1,6499.0,1,13569.0,1,6577.0,5926.9204,6348.961,-1072.0
344,2014-09-12,6356.0,977.0,1.0,0.0,0,0.0,5.0,-0.94732636,-0.32026985,-1.0,-1.8369701e-16,3,0,0,1,6558.0,1,5753.0,1,6759.0,1,10131.0,1,0.0,1,6443.0,1,11451.0,1,5806.0,6179.352,6395.414,805.0
344,2014-09-13,6367.0,922.0,1.0,0.0,0,0.0,6.0,-0.94732636,-0.32026985,-1.0,-1.8369701e-16,3,0,0,1,6356.0,1,6558.0,1,6825.0,1,8384.0,1,14354.0,1,6845.0,1,10809.0,1,6118.0,6250.011,6386.6553,-202.0
344,2014-09-14,0.0,0.0,0.0,0.0,0,0.0,7.0,-0.94732636,-0.32026985,-1.0,-1.8369701e-16,3,0,0,1,6367.0,1,6356.0,1,5753.0,1,5697.0,1,11558.0,1,7771.0,1,10124.0,1,5298.0,6296.8066,6382.2876,11.0
344,2014-09-15,12753.0,1496.0,1.0,1.0,0,0.0,1.0,-0.9785565,-0.20597862,-1.0,-1.8369701e-16,3,0,0,1,0.0,1,6367.0,1,6558.0,1,0.0,1,9625.0,1,7293.0,1,8988.0,1,5524.0,3778.084,4964.0015,-6367.0
344,2014-09-16,10686.0,1343.0,1.0,1.0,0,0.0,2.0,-0.9785565,-0.20597862,-1.0,-1.8369701e-16,3,0,0,1,12753.0,1,0.0,1,6356.0,1,6759.0,1,10131.0,1,0.0,1,7598.0,1,5662.0,7368.0503,6694.89,12753.0
344,2014-09-17,8331.0,1135.0,1.0,1.0,0,0.0,3.0,-0.9785565,-0.20597862,-1.0,-1.8369701e-16,3,0,0,1,10686.0,1,12753.0,1,6367.0,1,6825.0,1,8384.0,1,14354.0,1,0.0,1,0.0,8695.23,7581.803,-2067.0
344,2014-09-18,8492.0,1222.0,1.0,1.0,0,0.0,4.0,-0.9785565,-0.20597862,-1.0,-1.8369701e-16,3,0,0,1,8331.0,1,10686.0,1,0.0,1,5753.0,1,5697.0,1,11558.0,1,7962.0,1,10668.0,8549.538,7748.2915,-2355.0
344,2014-09-19,8455.0,1119.0,1.0,1.0,0,0.0,5.0,-0.9785565,-0.20597862,-1.0,-1.8369701e-16,3,0,0,1,8492.0,1,8331.0,1,12753.0,1,6558.0,1,0.0,1,9625.0,1,6499.0,1,9091.0,8526.522,7913.56,161.0
344,2014-09-20,6035.0,988.0,1.0,0.0,0,0.0,6.0,-0.9785565,-0.20597862,-1.0,-1.8369701e-16,3,0,0,1,8455.0,1,8492.0,1,10686.0,1,6356.0,1,6759.0,1,10131.0,1,6443.0,1,9651.0,8497.914,8033.88,-37.0
344,2014-09-21,0.0,0.0,0.0,0.0,0,0.0,7.0,-0.9785565,-0.20597862,-1.0,-1.8369701e-16,3,0,0,1,6035.0,1,8455.0,1,8331.0,1,6367.0,1,6825.0,1,8384.0,1,6845.0,1,11446.0,7512.748,7589.6846,-2420.0
344,2014-09-22,6182.0,996.0,1.0,0.0,0,0.0,1.0,-0.9960498,-0.08879589,-1.0,-1.8369701e-16,3,0,0,1,0.0,1,6035.0,1,8492.0,1,0.0,1,5753.0,1,5697.0,1,7771.0,1,9743.0,4507.649,5903.088,-6035.0
344,2014-09-23,6369.0,998.0,1.0,0.0,0,0.0,2.0,-0.9960498,-0.08879589,-1.0,-1.8369701e-16,3,0,0,1,6182.0,1,0.0,1,8455.0,1,12753.0,1,6558.0,1,0.0,1,7293.0,1,6303.0,5177.389,5965.0684,6182.0
344,2014-09-24,5635.0,908.0,1.0,0.0,0,0.0,3.0,-0.9960498,-0.08879589,-1.0,-1.8369701e-16,3,0,0,1,6369.0,1,6182.0,1,6035.0,1,10686.0,1,6356.0,1,6759.0,1,0.0,1,0.0,5654.0337,6054.831,187.0
344,2014-09-25,5560.0,939.0,1.0,0.0,0,0.0,4.0,-0.9960498,-0.08879589,-1.0,-1.8369701e-16,3,0,0,1,5635.0,1,6369.0,1,0.0,1,8331.0,1,6367.0,1,6825.0,1,14354.0,1,12444.0,5646.4204,5961.535,-734.0
344,2014-09-26,6408.0,935.0,1.0,0.0,0,0.0,5.0,-0.9960498,-0.08879589,-1.0,-1.8369701e-16,3,0,0,1,5560.0,1,5635.0,1,6182.0,1,8492.0,1,0.0,1,5753.0,1,11558.0,1,9935.0,5611.852,5872.305,-75.0
344,2014-09-27,6610.0,947.0,1.0,0.0,0,0.0,6.0,-0.9960498,-0.08879589,-1.0,-1.8369701e-16,3,0,0,1,6408.0,1,5560.0,1,6369.0,1,8455.0,1,12753.0,1,6558.0,1,9625.0,1,9006.0,5930.311,5991.3486,848.0
344,2014-09-28,0.0,0.0,0.0,0.0,0,0.0,7.0,-0.9960498,-0.08879589,-1.0,-1.8369701e-16,3,0,0,1,6610.0,1,6408.0,1,5635.0,1,6035.0,1,10686.0,1,6356.0,1,10131.0,1,9440.0,6202.1865,6128.8267,202.0
344,2014-09-29,11378.0,1375.0,1.0,1.0,0,0.0,1.0,-0.99956083,0.029633328,-1.0,-1.8369701e-16,3,0,0,1,0.0,1,6610.0,1,5560.0,1,0.0,1,8331.0,1,6367.0,1,8384.0,1,9075.0,3721.312,4766.865,-6610.0
344,2014-09-30,13107.0,1493.0,1.0,1.0,0,0.0,2.0,-0.99956083,0.029633328,-1.0,-1.8369701e-16,3,0,1,1,11378.0,1,0.0,1,6408.0,1,6182.0,1,8492.0,1,0.0,1,5697.0,1,5960.0,6783.9873,6236.0063,11378.0
344,2014-10-01,9497.0,1275.0,1.0,1.0,0,0.0,3.0,-0.99956083,0.029633328,-0.8660254,0.5,4,1,0,1,13107.0,1,11378.0,1,6610.0,1,6369.0,1,8455.0,1,12753.0,1,0.0,1,0.0,9313.192,7762.8936,1729.0
344,2014-10-02,11278.0,1441.0,1.0,1.0,0,0.0,4.0,-0.99956083,0.029633328,-0.8660254,0.5,4,0,0,1,9497.0,1,13107.0,1,0.0,1,5635.0,1,6035.0,1,10686.0,1,6759.0,1,7343.0,9386.716,8148.2505,-3610.0
344,2014-10-03,0.0,0.0,0.0,1.0,1,0.0,5.0,-0.99956083,0.029633328,-0.8660254,0.5,4,0,0,1,11278.0,1,9497.0,1,11378.0,1,5560.0,1,0.0,1,8331.0,1,6825.0,1,6706.0,10143.2295,8843.751,1781.0
344,2014-10-04,7980.0,1158.0,1.0,0.0,0,0.0,6.0,-0.99956083,0.029633328,-0.8660254,0.5,4,0,0,1,0.0,1,11278.0,1,13107.0,1,6408.0,1,6182.0,1,8492.0,1,5753.0,1,6123.0,6085.9375,6878.4727,-11278.0
344,2014-10-05,0.0,0.0,0.0,0.0,0,0.0,7.0,-0.99956083,0.029633328,-0.8660254,0.5,4,0,0,1,7980.0,1,0.0,1,9497.0,1,6610.0,1,6369.0,1,8455.0,1,6558.0,1,6498.0,6843.5625,7123.2563,7980.0
344,2014-10-06,13203.0,1527.0,1.0,1.0,0,0.0,1.0,-0.9890402,0.14764656,-0.8660254,0.5,4,0,0,1,0.0,1,7980.0,1,11278.0,1,0.0,1,5635.0,1,6035.0,1,6356.0,1,7219.0,4106.1377,5540.3105,-7980.0
344,2014-10-07,9210.0,1110.0,1.0,1.0,0,0.0,2.0,-0.9890402,0.14764656,-0.8660254,0.5,4,0,0,1,13203.0,1,0.0,1,0.0,1,11378.0,1,5560.0,1,0.0,1,6367.0,1,5608.0,7744.8823,7243.1304,13203.0
344,2014-10-08,8899.0,1123.0,1.0,1.0,0,0.0,3.0,-0.9890402,0.14764656,-0.8660254,0.5,4,0,0,1,9210.0,1,13203.0,1,7980.0,1,13107.0,1,6408.0,1,6182.0,1,0.0,1,0.0,8330.93,7680.2124,-3993.0
344,2014-10-09,9602.0,1274.0,1.0,1.0,0,0.0,4.0,-0.9890402,0.14764656,-0.8660254,0.5,4,0,0,1,8899.0,1,9210.0,1,0.0,1,9497.0,1,6610.0,1,6369.0,1,12753.0,1,13569.0,8558.157,7951.054,-311.0
344,2014-10-10,8900.0,1182.0,1.0,1.0,0,0.0,5.0,-0.9890402,0.14764656,-0.8660254,0.5,4,0,0,1,9602.0,1,8899.0,1,13203.0,1,11278.0,1,0.0,1,5635.0,1,10686.0,1,11451.0,8975.694,8317.931,703.0
344,2014-10-11,7368.0,1015.0,1.0,0.0,0,0.0,6.0,-0.9890402,0.14764656,-0.8660254,0.5,4,0,0,1,8900.0,1,9602.0,1,9210.0,1,0.0,1,11378.0,1,5560.0,1,8331.0,1,10809.0,8945.417,8447.279,-702.0
344,2014-10-12,0.0,0.0,0.0,0.0,0,0.0,7.0,-0.9890402,0.14764656,-0.8660254,0.5,4,0,0,1,7368.0,1,8900.0,1,8899.0,1,7980.0,1,13107.0,1,6408.0,1,8492.0,1,10124.0,8314.45,8207.439,-1532.0
344,2014-10-13,6616.0,1108.0,1.0,0.0,0,1.0,1.0,-0.9646356,0.26358718,-0.8660254,0.5,4,0,0,1,0.0,1,7368.0,1,9602.0,1,0.0,1,9497.0,1,6610.0,1,8455.0,1,8988.0,4988.67,6383.5645,-7368.0
344,2014-10-14,6867.0,1078.0,1.0,0.0,0,1.0,2.0,-0.9646356,0.26358718,-0.8660254,0.5,4,0,0,1,6616.0,1,0.0,1,8900.0,1,13203.0,1,11278.0,1,0.0,1,6035.0,1,7598.0,5639.602,6435.217,6616.0
344,2014-10-15,6487.0,994.0,1.0,0.0,0,1.0,3.0,-0.9646356,0.26358718,-0.8660254,0.5,4,0,0,1,6867.0,1,6616.0,1,7368.0,1,9210.0,1,0.0,1,11378.0,1,0.0,1,0.0,6130.561,6531.1685,251.0
344,2014-10-16,6549.0,952.0,1.0,0.0,0,1.0,4.0,-0.9646356,0.26358718,-0.8660254,0.5,4,0,0,1,6487.0,1,6867.0,1,0.0,1,8899.0,1,7980.0,1,13107.0,1,6182.0,1,7962.0,6273.1367,6521.3535,-380.0
344,2014-10-17,6313.0,1011.0,1.0,0.0,0,1.0,5.0,-0.9646356,0.26358718,-0.8660254,0.5,4,0,0,1,6549.0,1,6487.0,1,6616.0,1,9602.0,1,0.0,1,9497.0,1,6369.0,1,6499.0,6383.482,6527.497,62.0
344,2014-10-18,6454.0,946.0,1.0,0.0,0,0.0,6.0,-0.9646356,0.26358718,-0.8660254,0.5,4,0,0,1,6313.0,1,6549.0,1,6867.0,1,8900.0,1,13203.0,1,11278.0,1,5635.0,1,6443.0,6355.289,6479.831,-236.0
344,2014-10-19,0.0,0.0,0.0,0.0,0,0.0,7.0,-0.9646356,0.26358718,-0.8660254,0.5,4,0,0,1,6454.0,1,6313.0,1,6487.0,1,7368.0,1,9210.0,1,0.0,1,5560.0,1,6845.0,6394.7734,6474.091,141.0
344,2014-10-20,10262.0,1257.0,1.0,1.0,0,1.0,1.0,-0.9266896,0.37582758,-0.8660254,0.5,4,0,0,1,0.0,1,6454.0,1,6549.0,1,0.0,1,8899.0,1,7980.0,1,6408.0,1,7771.0,3836.864,5035.404,-6454.0
344,2014-10-21,8844.0,1146.0,1.0,1.0,0,1.0,2.0,-0.9266896,0.37582758,-0.8660254,0.5,4,0,0,1,10262.0,1,0.0,1,6313.0,1,6616.0,1,9602.0,1,0.0,1,6610.0,1,7293.0,6406.9185,6196.8696,10262.0
344,2014-10-22,8032.0,1101.0,1.0,1.0,0,1.0,3.0,-0.9266896,0.37582758,-0.8660254,0.5,4,0,0,1,8844.0,1,10262.0,1,6454.0,1,6867.0,1,8900.0,1,13203.0,1,0.0,1,0.0,7381.751,6785.121,-1418.0
344,2014-10-23,9900.0,1301.0,1.0,1.0,0,1.0,4.0,-0.9266896,0.37582758,-0.8660254,0.5,4,0,0,1,8032.0,1,8844.0,1,0.0,1,6487.0,1,7368.0,1,9210.0,1,11378.0,1,14354.0,7641.8506,7062.205,-812.0
344,2014-10-24,8030.0,1102.0,1.0,1.0,0,1.0,5.0,-0.9266896,0.37582758,-0.8660254,0.5,4,0,0,1,9900.0,1,8032.0,1,10262.0,1,6549.0,1,0.0,1,8899.0,1,13107.0,1,11558.0,8545.11,7692.826,1868.0
344,2014-10-25,5739.0,812.0,1.0,0.0,0,0.0,6.0,-0.9266896,0.37582758,-0.8660254,0.5,4,0,0,1,8030.0,1,9900.0,1,8844.0,1,6313.0,1,6616.0,1,9602.0,1,9497.0,1,9625.0,8339.066,7767.754,-1870.0
344,2014-10-26,0.0,0.0,0.0,0.0,0,0.0,7.0,-0.9266896,0.37582758,-0.8660254,0.5,4,0,0,1,5739.0,1,8030.0,1,8032.0,1,6454.0,1,6867.0,1,8900.0,1,11278.0,1,10131.0,7299.0396,7316.9194,-2291.0
344,2014-10-27,6811.0,1092.0,1.0,0.0,0,0.0,1.0,-0.8757349,0.4827922,-0.8660254,0.5,4,0,0,1,0.0,1,5739.0,1,9900.0,1,0.0,1,6487.0,1,7368.0,1,0.0,1,8384.0,4379.424,5690.9375,-5739.0
344,2014-10-28,6233.0,972.0,1.0,0.0,0,0.0,2.0,-0.8757349,0.4827922,-0.8660254,0.5,4,0,0,1,6811.0,1,0.0,1,8030.0,1,10262.0,1,6549.0,1,0.0,1,7980.0,1,5697.0,5352.054,5939.8403,6811.0
344,2014-10-29,5834.0,913.0,1.0,0.0,0,0.0,3.0,-0.8757349,0.4827922,-0.8660254,0.5,4,0,0,1,6233.0,1,6811.0,1,5739.0,1,8844.0,1,6313.0,1,6616.0,1,0.0,1,0.0,5704.4326,6004.987,-578.0
344,2014-10-30,7520.0,1091.0,1.0,0.0,0,0.0,4.0,-0.8757349,0.4827922,-0.8660254,0.5,4,0,0,1,5834.0,1,6233.0,1,0.0,1,8032.0,1,6454.0,1,6867.0,1,13203.0,1,6759.0,5756.26,5966.9897,-399.0
344,2014-10-31,7909.0,1118.0,1.0,0.0,0,0.0,5.0,-0.8757349,0.4827922,-0.8660254,0.5,4,0,1,1,7520.0,1,5834.0,1,6811.0,1,9900.0,1,0.0,1,6487.0,1,9210.0,1,6825.0,6461.756,6312.103,1686.0
344,2014-11-01,7694.0,1058.0,1.0,0.0,0,0.0,6.0,-0.8757349,0.4827922,-0.5,0.8660254,4,1,0,1,7909.0,1,7520.0,1,6233.0,1,8030.0,1,10262.0,1,6549.0,1,8899.0,1,5753.0,7040.6533,6666.969,389.0
344,2014-11-02,0.0,0.0,0.0,0.0,0,0.0,7.0,-0.8757349,0.4827922,-0.5,0.8660254,4,0,0,1,7694.0,1,7909.0,1,5834.0,1,5739.0,1,8844.0,1,6313.0,1,9602.0,1,6558.0,7301.992,6895.198,-215.0
344,2014-11-03,12488.0,1528.0,1.0,1.0,0,0.0,1.0,-0.8124869,0.5829795,-0.5,0.8660254,4,0,0,1,0.0,1,7694.0,1,7520.0,1,0.0,1,8032.0,1,6454.0,1,8900.0,1,6356.0,4381.1953,5362.932,-7694.0
344,2014-11-04,11051.0,1338.0,1.0,1.0,0,0.0,2.0,-0.8124869,0.5829795,-0.5,0.8660254,4,0,0,1,12488.0,1,0.0,1,7909.0,1,6811.0,1,9900.0,1,0.0,1,7368.0,1,6367.0,7623.917,6946.2803,12488.0
344,2014-11-05,8326.0,1130.0,1.0,1.0,0,0.0,3.0,-0.8124869,0.5829795,-0.5,0.8660254,4,0,0,1,11051.0,1,12488.0,1,7694.0,1,6233.0,1,8030.0,1,10262.0,1,0.0,1,0.0,8994.75,7858.4404,-1437.0
344,2014-11-06,9528.0,1269.0,1.0,1.0,0,0.0,4.0,-0.8124869,0.5829795,-0.5,0.8660254,4,0,0,1,8326.0,1,11051.0,1,0.0,1,5834.0,1,5739.0,1,8844.0,1,6616.0,1,12753.0,8727.25,7962.3423,-2725.0
344,2014-11-07,9296.0,1245.0,1.0,1.0,0,0.0,5.0,-0.8124869,0.5829795,-0.5,0.8660254,4,0,0,1,9528.0,1,8326.0,1,12488.0,1,7520.0,1,0.0,1,8032.0,1,6867.0,1,10686.0,9047.55,8310.267,1202.0
344,2014-11-08,6571.0,974.0,1.0,0.0,0,0.0,6.0,-0.8124869,0.5829795,-0.5,0.8660254,4,0,0,1,9296.0,1,9528.0,1,11051.0,1,7909.0,1,6811.0,1,9900.0,1,6487.0,1,8331.0,9146.93,8529.318,-232.0
344,2014-11-09,0.0,0.0,0.0,0.0,0,0.0,7.0,-0.8124869,0.5829795,-0.5,0.8660254,4,0,0,1,6571.0,1,9296.0,1,8326.0,1,7694.0,1,6233.0,1,8030.0,1,6549.0,1,8492.0,8116.558,8094.136,-2725.0
344,2014-11-10,11340.0,1367.0,1.0,1.0,0,0.0,1.0,-0.73783326,0.674983,-0.5,0.8660254,4,0,0,1,0.0,1,6571.0,1,9528.0,1,0.0,1,5834.0,1,5739.0,1,6313.0,1,8455.0,4869.935,6295.4395,-6571.0
344,2014-11-11,9697.0,1305.0,1.0,1.0,0,0.0,2.0,-0.73783326,0.674983,-0.5,0.8660254,4,0,0,1,11340.0,1,0.0,1,9296.0,1,12488.0,1,7520.0,1,0.0,1,6454.0,1,6035.0,7457.961,7416.453,11340.0
344,2014-11-12,7549.0,1075.0,1.0,1.0,0,0.0,3.0,-0.73783326,0.674983,-0.5,0.8660254,4,0,0,1,9697.0,1,11340.0,1,6571.0,1,11051.0,1,7909.0,1,6811.0,1,0.0,1,0.0,8353.576,7923.241,-1643.0
344,2014-11-13,9175.0,1185.0,1.0,1.0,0,0.0,4.0,-0.73783326,0.674983,-0.5,0.8660254,4,0,0,1,7549.0,1,9697.0,1,0.0,1,8326.0,1,7694.0,1,6233.0,1,10262.0,1,6182.0,8031.746,7840.0767,-2148.0
344,2014-11-14,8801.0,1190.0,1.0,1.0,0,0.0,5.0,-0.73783326,0.674983,-0.5,0.8660254,4,0,0,1,9175.0,1,7549.0,1,11340.0,1,9528.0,1,0.0,1,5834.0,1,8844.0,1,6369.0,8489.048,8136.726,1626.0
344,2014-11-15,6765.0,974.0,1.0,0.0,0,0.0,6.0,-0.73783326,0.674983,-0.5,0.8660254,4,0,0,1,8801.0,1,9175.0,1,9697.0,1,9296.0,1,12488.0,1,7520.0,1,8032.0,1,5635.0,8613.828,8284.343,-374.0
344,2014-11-16,0.0,0.0,0.0,0.0,0,0.0,7.0,-0.73783326,0.674983,-0.5,0.8660254,4,0,0,1,6765.0,1,8801.0,1,7549.0,1,6571.0,1,11051.0,1,7909.0,1,9900.0,1,5560.0,7874.297,7946.711,-2036.0
344,2014-11-17,7897.0,1162.0,1.0,0.0,0,0.0,1.0,-0.65282214,0.75751126,-0.5,0.8660254,4,0,0,1,0.0,1,6765.0,1,9175.0,1,0.0,1,8326.0,1,7694.0,1,8030.0,1,6408.0,4724.578,6180.775,-6765.0
344,2014-11-18,6810.0,1064.0,1.0,0.0,0,0.0,2.0,-0.65282214,0.75751126,-0.5,0.8660254,4,0,0,1,7897.0,1,0.0,1,8801.0,1,11340.0,1,9528.0,1,0.0,1,5739.0,1,6610.0,5993.547,6562.158,7897.0
344,2014-11-19,6371.0,936.0,1.0,0.0,0,0.0,3.0,-0.65282214,0.75751126,-0.5,0.8660254,4,0,0,1,6810.0,1,7897.0,1,6765.0,1,9697.0,1,9296.0,1,12488.0,1,0.0,1,0.0,6320.1284,6617.2344,-1087.0
344,2014-11-20,7193.0,1043.0,1.0,0.0,0,0.0,4.0,-0.65282214,0.75751126,-0.5,0.8660254,4,0,0,1,6371.0,1,6810.0,1,0.0,1,7549.0,1,6571.0,1,11051.0,1,6811.0,1,11378.0,6340.477,6562.5156,-439.0
344,2014-11-21,6502.0,963.0,1.0,0.0,0,0.0,5.0,-0.65282214,0.75751126,-0.5,0.8660254,4,0,0,1,7193.0,1,6371.0,1,7897.0,1,9175.0,1,0.0,1,8326.0,1,6233.0,1,13107.0,6681.4863,6702.623,822.0
344,2014-11-22,6541.0,925.0,1.0,0.0,0,0.0,6.0,-0.65282214,0.75751126,-0.5,0.8660254,4,0,0,1,6502.0,1,7193.0,1,6810.0,1,8801.0,1,11340.0,1,9528.0,1,5834.0,1,9497.0,6609.692,6658.0405,-691.0
344,2014-11-23,0.0,0.0,0.0,0.0,0,0.0,7.0,-0.65282214,0.75751126,-0.5,0.8660254,4,0,0,1,6541.0,1,6502.0,1,6371.0,1,6765.0,1,9697.0,1,9296.0,1,7520.0,1,11278.0,6582.215,6632.0312,39.0
344,2014-11-24,12780.0,1471.0,1.0,1.0,0,0.0,1.0,-0.55864674,0.82940567,-0.5,0.8660254,4,0,0,1,0.0,1,6541.0,1,7193.0,1,0.0,1,7549.0,1,6571.0,1,7909.0,1,0.0,3949.329,5158.2466,-6541.0
344,2014-11-25,10908.0,1303.0,1.0,1.0,0,0.0,2.0,-0.55864674,0.82940567,-0.5,0.8660254,4,0,0,1,12780.0,1,0.0,1,6502.0,1,7897.0,1,9175.0,1,0.0,1,7694.0,1,7980.0,7481.597,6851.9697,12780.0
344,2014-11-26,9921.0,1176.0,1.0,1.0,0,0.0,3.0,-0.55864674,0.82940567,-0.5,0.8660254,4,0,0,1,10908.0,1,12780.0,1,6541.0,1,6810.0,1,8801.0,1,11340.0,1,0.0,1,0.0,8852.158,7753.3096,-1872.0
344,2014-11-27,10701.0,1265.0,1.0,1.0,0,0.0,4.0,-0.55864674,0.82940567,-0.5,0.8660254,4,0,0,1,9921.0,1,10908.0,1,0.0,1,6371.0,1,6765.0,1,9697.0,1,12488.0,1,13203.0,9279.695,8235.019,-987.0
344,2014-11-28,11914.0,1310.0,1.0,1.0,0,0.0,5.0,-0.55864674,0.82940567,-0.5,0.8660254,4,0,0,1,10701.0,1,9921.0,1,12780.0,1,7193.0,1,0.0,1,7549.0,1,11051.0,1,9210.0,9848.217,8783.015,780.0
344,2014-11-29,8596.0,1098.0,1.0,0.0,0,0.0,6.0,-0.55864674,0.82940567,-0.5,0.8660254,4,0,0,1,11914.0,1,10701.0,1,10908.0,1,6502.0,1,7897.0,1,9175.0,1,8326.0,1,8899.0,10674.53,9478.789,1213.0
344,2014-11-30,0.0,0.0,0.0,0.0,0,0.0,7.0,-0.55864674,0.82940567,-0.5,0.8660254,4,0,1,1,8596.0,1,11914.0,1,9921.0,1,6541.0,1,6810.0,1,8801.0,1,9528.0,1,9602.0,9843.118,9282.613,-3318.0
344,2014-12-01,15192.0,1570.0,1.0,1.0,0,0.0,1.0,-0.45662925,0.8896571,-2.4492937e-16,1.0,4,1,0,1,0.0,1,8596.0,1,10701.0,1,0.0,1,6371.0,1,6765.0,1,9296.0,1,8900.0,5905.871,7219.8105,-8596.0
344,2014-12-02,12404.0,1373.0,1.0,1.0,0,0.0,2.0,-0.45662925,0.8896571,-2.4492937e-16,1.0,4,0,0,1,15192.0,1,0.0,1,11914.0,1,12780.0,1,7193.0,1,0.0,1,6571.0,1,7368.0,9620.322,8991.408,15192.0
344,2014-12-03,10803.0,1236.0,1.0,1.0,0,0.0,3.0,-0.45662925,0.8896571,-2.4492937e-16,1.0,4,0,0,1,12404.0,1,15192.0,1,8596.0,1,10908.0,1,6502.0,1,7897.0,1,0.0,1,0.0,10733.794,9749.762,-2788.0
344,2014-12-04,10845.0,1288.0,1.0,1.0,0,0.0,4.0,-0.45662925,0.8896571,-2.4492937e-16,1.0,4,0,0,1,10803.0,1,12404.0,1,0.0,1,9921.0,1,6541.0,1,6810.0,1,11340.0,1,6616.0,10761.477,9983.814,-1601.0
344,2014-12-05,11897.0,1398.0,1.0,1.0,0,0.0,5.0,-0.45662925,0.8896571,-2.4492937e-16,1.0,4,0,0,1,10845.0,1,10803.0,1,15192.0,1,10701.0,1,0.0,1,6371.0,1,9697.0,1,6867.0,10794.886,10175.189,42.0
344,2014-12-06,7810.0,1080.0,1.0,0.0,0,0.0,6.0,-0.45662925,0.8896571,-2.4492937e-16,1.0,4,0,0,1,11897.0,1,10845.0,1,12404.0,1,11914.0,1,12780.0,1,7193.0,1,7549.0,1,6487.0,11235.731,10557.813,1052.0
344,2014-12-07,0.0,0.0,0.0,0.0,0,0.0,7.0,-0.45662925,0.8896571,-2.4492937e-16,1.0,4,0,0,1,7810.0,1,11897.0,1,10803.0,1,8596.0,1,10908.0,1,6502.0,1,9175.0,1,6549.0,9865.438,9947.188,-4087.0
344,2014-12-08,8117.0,1171.0,1.0,0.0,0,0.0,1.0,-0.34820163,0.93741965,-2.4492937e-16,1.0,4,0,0,1,0.0,1,7810.0,1,10845.0,1,0.0,1,9921.0,1,6541.0,1,8801.0,1,6313.0,5919.263,7736.702,-7810.0
344,2014-12-09,8246.0,1131.0,1.0,0.0,0,0.0,2.0,-0.34820163,0.93741965,-2.4492937e-16,1.0,4,0,0,1,8117.0,1,0.0,1,11897.0,1,15192.0,1,10701.0,1,0.0,1,6765.0,1,6454.0,6798.358,7821.213,8117.0
344,2014-12-10,7084.0,984.0,1.0,0.0,0,0.0,3.0,-0.34820163,0.93741965,-2.4492937e-16,1.0,4,0,0,1,8246.0,1,8117.0,1,7810.0,1,12404.0,1,11914.0,1,12780.0,1,0.0,1,0.0,7377.4146,7915.61,129.0
344,2014-12-11,7568.0,1030.0,1.0,0.0,0,0.0,4.0,-0.34820163,0.93741965,-2.4492937e-16,1.0,4,0,0,1,7084.0,1,8246.0,1,0.0,1,10803.0,1,8596.0,1,10908.0,1,7897.0,1,10262.0,7260.049,7730.8076,-1162.0
344,2014-12-12,6471.0,880.0,1.0,0.0,0,0.0,5.0,-0.34820163,0.93741965,-2.4492937e-16,1.0,4,0,0,1,7568.0,1,7084.0,1,8117.0,1,10845.0,1,0.0,1,9921.0,1,6810.0,1,8844.0,7383.2295,7694.6284,484.0
344,2014-12-13,8405.0,1109.0,1.0,0.0,0,0.0,6.0,-0.34820163,0.93741965,-2.4492937e-16,1.0,4,0,0,1,6471.0,1,7568.0,1,8246.0,1,11897.0,1,15192.0,1,10701.0,1,6371.0,1,8032.0,7018.3374,7422.711,-1097.0
344,2014-12-14,0.0,0.0,0.0,0.0,0,0.0,7.0,-0.34820163,0.93741965,-2.4492937e-16,1.0,4,0,0,1,8405.0,1,6471.0,1,7084.0,1,7810.0,1,12404.0,1,11914.0,1,7193.0,1,9900.0,7573.0024,7640.9976,1934.0
344,2014-12-15,16022.0,1627.0,1.0,1.0,0,0.0,1.0,-0.23488605,0.9720229,-2.4492937e-16,1.0,4,0,0,1,0.0,1,8405.0,1,7568.0,1,0.0,1,10803.0,1,8596.0,1,6502.0,1,8030.0,4543.802,5942.998,-8405.0
344,2014-12-16,13854.0,1516.0,1.0,1.0,0,0.0,2.0,-0.23488605,0.9720229,-2.4492937e-16,1.0,4,0,0,1,16022.0,1,0.0,1,6471.0,1,8117.0,1,10845.0,1,0.0,1,6541.0,1,5739.0,9135.081,8182.7764,16022.0
344,2014-12-17,12661.0,1370.0,1.0,1.0,0,0.0,3.0,-0.23488605,0.9720229,-2.4492937e-16,1.0,4,0,0,1,13854.0,1,16022.0,1,8405.0,1,8246.0,1,11897.0,1,15192.0,1,0.0,1,0.0,11022.648,9443.048,-2168.0
344,2014-12-18,11548.0,1391.0,1.0,1.0,0,0.0,4.0,-0.23488605,0.9720229,-2.4492937e-16,1.0,4,0,0,1,12661.0,1,13854.0,1,0.0,1,7084.0,1,7810.0,1,12404.0,1,12780.0,1,6811.0,11677.989,10158.148,-1193.0
344,2014-12-19,10681.0,1260.0,1.0,1.0,0,0.0,5.0,-0.23488605,0.9720229,-2.4492937e-16,1.0,4,0,0,1,11548.0,1,12661.0,1,16022.0,1,7568.0,1,0.0,1,10803.0,1,10908.0,1,6233.0,11625.993,10467.005,-1113.0
344,2014-12-20,8574.0,1054.0,1.0,0.0,0,0.0,6.0,-0.23488605,0.9720229,-2.4492937e-16,1.0,4,0,0,1,10681.0,1,11548.0,1,13854.0,1,6471.0,1,8117.0,1,10845.0,1,9921.0,1,5834.0,11247.996,10514.559,-867.0
344,2014-12-21,0.0,0.0,0.0,0.0,0,0.0,7.0,-0.23488605,0.9720229,-2.4492937e-16,1.0,4,0,0,1,8574.0,1,10681.0,1,12661.0,1,8405.0,1,8246.0,1,11897.0,1,10701.0,1,7520.0,10178.397,10083.323,-2107.0
344,2014-12-22,9845.0,1309.0,1.0,0.0,0,1.0,1.0,-0.11827317,0.9929811,-2.4492937e-16,1.0,4,0,0,1,0.0,1,8574.0,1,11548.0,1,0.0,1,7084.0,1,7810.0,1,11914.0,1,7909.0,6107.0386,7842.585,-8574.0
344,2014-12-23,11293.0,1421.0,1.0,0.0,0,1.0,2.0,-0.11827317,0.9929811,-2.4492937e-16,1.0,4,0,0,1,9845.0,1,0.0,1,10681.0,1,16022.0,1,7568.0,1,0.0,1,8596.0,1,7694.0,7602.223,8287.566,9845.0
344,2014-12-24,4271.0,574.0,1.0,0.0,0,1.0,3.0,-0.11827317,0.9929811,-2.4492937e-16,1.0,4,0,0,1,11293.0,1,9845.0,1,8574.0,1,13854.0,1,6471.0,1,8117.0,1,0.0,1,0.0,9078.534,8955.44,1448.0
344,2014-12-25,0.0,0.0,0.0,0.0,3,1.0,4.0,-0.11827317,0.9929811,-2.4492937e-16,1.0,4,0,0,1,4271.0,1,11293.0,1,0.0,1,12661.0,1,8405.0,1,8246.0,1,15192.0,1,12488.0,7155.5205,7914.4536,-7022.0
344,2014-12-26,0.0,0.0,0.0,0.0,3,1.0,5.0,-0.11827317,0.9929811,-2.4492937e-16,1.0,4,0,0,1,0.0,1,4271.0,1,9845.0,1,11548.0,1,0.0,1,7084.0,1,12404.0,1,11051.0,4293.312,6155.686,-4271.0
344,2014-12-27,7734.0,1075.0,1.0,0.0,0,0.0,6.0,-0.11827317,0.9929811,-2.4492937e-16,1.0,4,0,0,1,0.0,1,0.0,1,11293.0,1,10681.0,1,16022.0,1,7568.0,1,10803.0,1,8326.0,2575.9873,4787.756,0.0
344,2014-12-28,0.0,0.0,0.0,0.0,0,0.0,7.0,-0.11827317,0.9929811,-2.4492937e-16,1.0,4,0,0,1,7734.0,1,0.0,1,4271.0,1,8574.0,1,13854.0,1,6471.0,1,10845.0,1,9528.0,4639.1924,5442.4766,7734.0
344,2014-12-29,9261.0,1270.0,1.0,0.0,0,1.0,1.0,0.11827317,0.9929811,-2.4492937e-16,1.0,4,0,0,1,0.0,1,7734.0,1,0.0,1,0.0,1,12661.0,1,8405.0,1,11897.0,1,9296.0,2783.5154,4233.0376,-7734.0
344,2014-12-30,10753.0,1364.0,1.0,0.0,0,1.0,2.0,0.11827317,0.9929811,-2.4492937e-16,1.0,4,0,0,1,9261.0,1,0.0,1,0.0,1,9845.0,1,11548.0,1,0.0,1,7810.0,1,6571.0,5374.5093,5350.3623,9261.0
344,2014-12-31,5688.0,668.0,1.0,0.0,0,1.0,3.0,0.11827317,0.9929811,-2.4492937e-16,1.0,4,0,1,1,10753.0,1,9261.0,1,7734.0,1,11293.0,1,10681.0,1,16022.0,1,0.0,1,0.0,7525.906,6550.9487,1492.0
344,2015-01-01,0.0,0.0,0.0,0.0,1,1.0,4.0,0.11827317,0.9929811,0.5,0.8660254,1,1,0,1,5688.0,1,10753.0,1,0.0,1,4271.0,1,8574.0,1,13854.0,1,8117.0,1,11340.0,6790.743,6359.182,-5065.0
344,2015-01-02,6377.0,955.0,1.0,0.0,0,1.0,5.0,0.11827317,0.9929811,0.5,0.8660254,1,0,0,1,0.0,1,5688.0,1,9261.0,1,0.0,1,0.0,1,12661.0,1,8246.0,1,9697.0,4074.446,4946.031,-5688.0
344,2015-01-03,5745.0,759.0,1.0,0.0,0,0.0,6.0,0.11827317,0.9929811,0.5,0.8660254,1,0,0,1,6377.0,1,0.0,1,10753.0,1,0.0,1,9845.0,1,11548.0,1,7084.0,1,7549.0,4995.468,5264.024,6377.0
344,2015-01-04,0.0,0.0,0.0,0.0,0,0.0,7.0,0.11827317,0.9929811,0.5,0.8660254,1,0,0,1,5745.0,1,6377.0,1,5688.0,1,7734.0,1,11293.0,1,10681.0,1,7568.0,1,9175.0,5295.281,5370.907,-632.0
344,2015-01-05,9563.0,1297.0,1.0,1.0,0,1.0,1.0,0.23488605,0.9720229,0.5,0.8660254,1,0,0,1,0.0,1,5745.0,1,0.0,1,0.0,1,4271.0,1,8574.0,1,6471.0,1,8801.0,3177.1685,4177.3726,-5745.0
344,2015-01-06,9604.0,1225.0,1.0,1.0,0,1.0,2.0,0.23488605,0.9720229,0.5,0.8660254,1,0,0,1,9563.0,1,0.0,1,6377.0,1,9261.0,1,0.0,1,0.0,1,8405.0,1,6765.0,5731.501,5374.1787,9563.0
344,2015-01-07,9176.0,1184.0,1.0,1.0,0,0.0,3.0,0.23488605,0.9720229,0.5,0.8660254,1,0,0,1,9604.0,1,9563.0,1,5745.0,1,10753.0,1,0.0,1,9845.0,1,0.0,1,0.0,7280.5005,6314.1387,41.0
344,2015-01-08,7531.0,967.0,1.0,1.0,0,0.0,4.0,0.23488605,0.9720229,0.5,0.8660254,1,0,0,1,9176.0,1,9604.0,1,0.0,1,5688.0,1,7734.0,1,11293.0,1,16022.0,1,7897.0,8038.7,6950.108,-428.0
344,2015-01-09,6091.0,759.0,1.0,1.0,0,0.0,5.0,0.23488605,0.9720229,0.5,0.8660254,1,0,0,1,7531.0,1,9176.0,1,9563.0,1,0.0,1,0.0,1,4271.0,1,13854.0,1,6810.0,7835.62,7079.1953,-1645.0
344,2015-01-10,5154.0,711.0,1.0,0.0,0,0.0,6.0,0.23488605,0.9720229,0.5,0.8660254,1,0,0,1,6091.0,1,7531.0,1,9604.0,1,6377.0,1,9261.0,1,0.0,1,12661.0,1,6371.0,7137.772,6859.596,-1440.0
344,2015-01-11,0.0,0.0,0.0,0.0,0,0.0,7.0,0.23488605,0.9720229,0.5,0.8660254,1,0,0,1,5154.0,1,6091.0,1,9176.0,1,5745.0,1,10753.0,1,0.0,1,11548.0,1,7193.0,6344.263,6480.5747,-937.0
344,2015-01-12,10951.0,1325.0,1.0,1.0,0,0.0,1.0,0.34820163,0.93741965,0.5,0.8660254,1,0,0,1,0.0,1,5154.0,1,7531.0,1,0.0,1,5688.0,1,7734.0,1,10681.0,1,6502.0,3806.5579,5040.4473,-5154.0
344,2015-01-13,9491.0,1142.0,1.0,1.0,0,0.0,2.0,0.34820163,0.93741965,0.5,0.8660254,1,0,0,1,10951.0,1,0.0,1,6091.0,1,9563.0,1,0.0,1,0.0,1,8574.0,1,6541.0,6664.335,6353.9033,10951.0
344,2015-01-14,8812.0,1151.0,1.0,1.0,0,0.0,3.0,0.34820163,0.93741965,0.5,0.8660254,1,0,0,1,9491.0,1,10951.0,1,5154.0,1,9604.0,1,6377.0,1,9261.0,1,0.0,1,0.0,7795.001,7051.036,-1460.0
344,2015-01-15,8674.0,1086.0,1.0,1.0,0,0.0,4.0,0.34820163,0.93741965,0.5,0.8660254,1,0,0,1,8812.0,1,9491.0,1,0.0,1,9176.0,1,5745.0,1,10753.0,1,9845.0,1,12780.0,8201.801,7442.3613,-679.0
344,2015-01-16,9643.0,1175.0,1.0,1.0,0,0.0,5.0,0.34820163,0.93741965,0.5,0.8660254,1,0,0,1,8674.0,1,8812.0,1,10951.0,1,7531.0,1,0.0,1,5688.0,1,11293.0,1,10908.0,8390.681,7716.0586,-138.0
344,2015-01-17,6800.0,964.0,1.0,0.0,0,0.0,6.0,0.34820163,0.93741965,0.5,0.8660254,1,0,0,1,9643.0,1,8674.0,1,9491.0,1,6091.0,1,9563.0,1,0.0,1,4271.0,1,9921.0,8891.608,8144.268,969.0
344,2015-01-18,0.0,0.0,0.0,0.0,0,0.0,7.0,0.34820163,0.93741965,0.5,0.8660254,1,0,0,1,6800.0,1,9643.0,1,8812.0,1,5154.0,1,9604.0,1,6377.0,1,0.0,1,10701.0,8054.965,7845.5415,-2843.0
344,2015-01-19,6763.0,1098.0,1.0,0.0,0,0.0,1.0,0.45662925,0.8896571,0.5,0.8660254,1,0,0,1,0.0,1,6800.0,1,8674.0,1,0.0,1,9176.0,1,5745.0,1,0.0,1,11914.0,4832.979,6102.088,-6800.0
344,2015-01-20,5854.0,915.0,1.0,0.0,0,0.0,2.0,0.45662925,0.8896571,0.5,0.8660254,1,0,0,1,6763.0,1,0.0,1,9643.0,1,10951.0,1,7531.0,1,0.0,1,7734.0,1,8596.0,5604.9873,6248.9575,6763.0
344,2015-01-21,5557.0,810.0,1.0,0.0,0,0.0,3.0,0.45662925,0.8896571,0.5,0.8660254,1,0,0,1,5854.0,1,6763.0,1,6800.0,1,9491.0,1,6091.0,1,9563.0,1,0.0,1,0.0,5704.5923,6161.189,-909.0
344,2015-01-22,6400.0,936.0,1.0,0.0,0,0.0,4.0,0.45662925,0.8896571,0.5,0.8660254,1,0,0,1,5557.0,1,5854.0,1,0.0,1,8812.0,1,5154.0,1,9604.0,1,9261.0,1,15192.0,5645.5557,6026.925,-297.0
344,2015-01-23,5353.0,839.0,1.0,0.0,0,0.0,5.0,0.45662925,0.8896571,0.5,0.8660254,1,0,0,1,6400.0,1,5557.0,1,6763.0,1,8674.0,1,0.0,1,9176.0,1,10753.0,1,12404.0,5947.3335,6109.8306,843.0
344,2015-01-24,4946.0,691.0,1.0,0.0,0,0.0,6.0,0.45662925,0.8896571,0.5,0.8660254,1,0,0,1,5353.0,1,6400.0,1,5854.0,1,9643.0,1,10951.0,1,7531.0,1,5688.0,1,10803.0,5709.6,5941.646,-1047.0
344,2015-01-25,0.0,0.0,0.0,0.0,0,0.0,7.0,0.45662925,0.8896571,0.5,0.8660254,1,0,0,1,4946.0,1,5353.0,1,5557.0,1,6800.0,1,9491.0,1,6091.0,1,0.0,1,10845.0,5404.16,5720.391,-407.0
344,2015-01-26,9724.0,1175.0,1.0,1.0,0,0.0,1.0,0.55864674,0.82940567,0.5,0.8660254,1,0,0,1,0.0,1,4946.0,1,6400.0,1,0.0,1,8812.0,1,5154.0,1,6377.0,1,11897.0,3242.496,4449.1934,-4946.0
344,2015-01-27,10867.0,1267.0,1.0,1.0,0,0.0,2.0,0.55864674,0.82940567,0.5,0.8660254,1,0,0,1,9724.0,1,0.0,1,5353.0,1,6763.0,1,8674.0,1,0.0,1,5745.0,1,7810.0,5835.0977,5621.3726,9724.0
344,2015-01-28,8847.0,1070.0,1.0,1.0,0,0.0,3.0,0.55864674,0.82940567,0.5,0.8660254,1,0,0,1,10867.0,1,9724.0,1,4946.0,1,5854.0,1,9643.0,1,10951.0,1,0.0,1,0.0,7847.8584,6787.0674,1143.0
344,2015-01-29,9378.0,1134.0,1.0,1.0,0,0.0,4.0,0.55864674,0.82940567,0.5,0.8660254,1,0,0,1,8847.0,1,10867.0,1,0.0,1,5557.0,1,6800.0,1,9491.0,1,9563.0,1,8117.0,8247.515,7244.83,-2020.0
344,2015-01-30,10638.0,1302.0,1.0,1.0,0,0.0,5.0,0.55864674,0.82940567,0.5,0.8660254,1,0,0,1,9378.0,1,8847.0,1,9724.0,1,6400.0,1,0.0,1,8812.0,1,9604.0,1,8246.0,8699.709,7718.868,531.0
344,2015-01-31,8097.0,1050.0,1.0,0.0,0,0.0,6.0,0.55864674,0.82940567,0.5,0.8660254,1,0,1,1,10638.0,1,9378.0,1,10867.0,1,5353.0,1,6763.0,1,8674.0,1,9176.0,1,7084.0,9475.025,8367.564,1260.0
344,2015-02-01,0.0,0.0,0.0,0.0,0,0.0,7.0,0.55864674,0.82940567,0.8660254,0.5,1,1,0,1,8097.0,1,10638.0,1,8847.0,1,4946.0,1,5854.0,1,9643.0,1,7531.0,1,7568.0,8923.815,8307.438,-2541.0
344,2015-02-02,12595.0,1494.0,1.0,1.0,0,0.0,1.0,0.65282214,0.75751126,0.8660254,0.5,1,0,0,1,0.0,1,8097.0,1,9378.0,1,0.0,1,5557.0,1,6800.0,1,6091.0,1,6471.0,5354.289,6461.3413,-8097.0
344,2015-02-03,10191.0,1243.0,1.0,1.0,0,0.0,2.0,0.65282214,0.75751126,0.8660254,0.5,1,0,0,1,12595.0,1,0.0,1,10638.0,1,9724.0,1,6400.0,1,0.0,1,5154.0,1,8405.0,8250.573,7824.3765,12595.0
344,2015-02-04,9732.0,1205.0,1.0,1.0,0,0.0,3.0,0.65282214,0.75751126,0.8660254,0.5,1,0,0,1,10191.0,1,12595.0,1,8097.0,1,10867.0,1,5353.0,1,6763.0,1,0.0,1,0.0,9026.744,8350.293,-2404.0
344,2015-02-05,9968.0,1225.0,1.0,1.0,0,0.0,4.0,0.65282214,0.75751126,0.8660254,0.5,1,0,0,1,9732.0,1,10191.0,1,0.0,1,8847.0,1,4946.0,1,5854.0,1,10951.0,1,16022.0,9308.847,8657.339,-459.0
344,2015-02-06,8865.0,1157.0,1.0,1.0,0,0.0,5.0,0.65282214,0.75751126,0.8660254,0.5,1,0,0,1,9968.0,1,9732.0,1,12595.0,1,9378.0,1,0.0,1,5557.0,1,9491.0,1,13854.0,9572.508,8948.597,236.0
344,2015-02-07,6263.0,897.0,1.0,0.0,0,0.0,6.0,0.65282214,0.75751126,0.8660254,0.5,1,0,0,1,8865.0,1,9968.0,1,10191.0,1,10638.0,1,9724.0,1,6400.0,1,8812.0,1,12661.0,9289.505,8930.02,-1103.0
344,2015-02-08,0.0,0.0,0.0,0.0,0,0.0,7.0,0.65282214,0.75751126,0.8660254,0.5,1,0,0,1,6263.0,1,8865.0,1,9732.0,1,8097.0,1,10867.0,1,5353.0,1,8674.0,1,11548.0,8078.903,8337.349,-2602.0
344,2015-02-09,6431.0,1014.0,1.0,0.0,0,0.0,1.0,0.73783326,0.674983,0.8660254,0.5,1,0,0,1,0.0,1,6263.0,1,9968.0,1,0.0,1,8847.0,1,4946.0,1,9643.0,1,10681.0,4847.342,6484.6045,-6263.0
344,2015-02-10,6556.0,1011.0,1.0,0.0,0,0.0,2.0,0.73783326,0.674983,0.8660254,0.5,1,0,0,1,6431.0,1,0.0,1,8865.0,1,12595.0,1,9378.0,1,0.0,1,6800.0,1,8574.0,5480.805,6472.6924,6431.0
344,2015-02-11,6267.0,962.0,1.0,0.0,0,0.0,3.0,0.73783326,0.674983,0.8660254,0.5,1,0,0,1,6556.0,1,6431.0,1,6263.0,1,10191.0,1,10638.0,1,9724.0,1,0.0,1,0.0,5910.883,6491.205,125.0
344,2015-02-12,6451.0,979.0,1.0,0.0,0,0.0,4.0,0.73783326,0.674983,0.8660254,0.5,1,0,0,1,6267.0,1,6556.0,1,0.0,1,9732.0,1,8097.0,1,10867.0,1,6763.0,1,9845.0,6053.3296,6441.382,-289.0
344,2015-02-13,6620.0,1000.0,1.0,0.0,0,0.0,5.0,0.73783326,0.674983,0.8660254,0.5,1,0,0,1,6451.0,1,6267.0,1,6431.0,1,9968.0,1,0.0,1,8847.0,1,5854.0,1,11293.0,6212.398,6443.519,184.0
344,2015-02-14,6902.0,1054.0,1.0,0.0,0,0.0,6.0,0.73783326,0.674983,0.8660254,0.5,1,0,0,1,6620.0,1,6451.0,1,6556.0,1,8865.0,1,12595.0,1,9378.0,1,5557.0,1,4271.0,6375.439,6482.7373,169.0
344,2015-02-15,0.0,0.0,0.0,0.0,0,0.0,7.0,0.73783326,0.674983,0.8660254,0.5,1,0,0,1,6902.0,1,6620.0,1,6267.0,1,6263.0,1,10191.0,1,10638.0,1,6400.0,1,0.0,6586.0635,6575.9067,282.0
344,2015-02-16,11286.0,1346.0,1.0,1.0,0,0.0,1.0,0.8124869,0.5829795,0.8660254,0.5,1,0,0,1,0.0,1,6902.0,1,6451.0,1,0.0,1,9732.0,1,8097.0,1,5353.0,1,0.0,3951.638,5114.594,-6902.0
344,2015-02-17,10256.0,1273.0,1.0,1.0,0,0.0,2.0,0.8124869,0.5829795,0.8660254,0.5,1,0,0,1,11286.0,1,0.0,1,6620.0,1,6431.0,1,9968.0,1,0.0,1,4946.0,1,7734.0,6885.383,6486.0176,11286.0
344,2015-02-18,8855.0,1128.0,1.0,1.0,0,0.0,3.0,0.8124869,0.5829795,0.8660254,0.5,1,0,0,1,10256.0,1,11286.0,1,6902.0,1,6556.0,1,8865.0,1,12595.0,1,0.0,1,0.0,8233.63,7323.7915,-1030.0
344,2015-02-19,8243.0,1129.0,1.0,1.0,0,0.0,4.0,0.8124869,0.5829795,0.8660254,0.5,1,0,0,1,8855.0,1,10256.0,1,0.0,1,6267.0,1,6263.0,1,10191.0,1,9724.0,1,9261.0,8482.178,7664.06,-1401.0
344,2015-02-20,7407.0,1048.0,1.0,1.0,0,0.0,5.0,0.8124869,0.5829795,0.8660254,0.5,1,0,0,1,8243.0,1,8855.0,1,11286.0,1,6451.0,1,0.0,1,9732.0,1,10867.0,1,10753.0,8386.507,7792.7134,-612.0
344,2015-02-21,5508.0,852.0,1.0,0.0,0,0.0,6.0,0.8124869,0.5829795,0.8660254,0.5,1,0,0,1,7407.0,1,8243.0,1,10256.0,1,6620.0,1,6431.0,1,9968.0,1,8847.0,1,5688.0,7994.704,7706.9995,-836.0
344,2015-02-22,0.0,0.0,0.0,0.0,0,0.0,7.0,0.8124869,0.5829795,0.8660254,0.5,1,0,0,1,5508.0,1,7407.0,1,8855.0,1,6902.0,1,6556.0,1,8865.0,1,9378.0,1,0.0,7000.0225,7218.333,-1899.0
344,2015-02-23,6164.0,953.0,1.0,0.0,0,0.0,1.0,0.8757349,0.4827922,0.8660254,0.5,1,0,0,1,0.0,1,5508.0,1,8243.0,1,0.0,1,6267.0,1,6263.0,1,10638.0,1,6377.0,4200.0137,5614.259,-5508.0
344,2015-02-24,6229.0,993.0,1.0,0.0,0,0.0,2.0,0.8757349,0.4827922,0.8660254,0.5,1,0,0,1,6164.0,1,0.0,1,7407.0,1,11286.0,1,6451.0,1,0.0,1,8097.0,1,5745.0,4985.608,5736.4233,6164.0
344,2015-02-25,6009.0,931.0,1.0,0.0,0,0.0,3.0,0.8757349,0.4827922,0.8660254,0.5,1,0,0,1,6229.0,1,6164.0,1,5508.0,1,10256.0,1,6620.0,1,6431.0,1,0.0,1,0.0,5482.965,5845.885,65.0
344,2015-02-26,6544.0,984.0,1.0,0.0,0,0.0,4.0,0.8757349,0.4827922,0.8660254,0.5,1,0,0,1,6009.0,1,6229.0,1,0.0,1,8855.0,1,6902.0,1,6556.0,1,12595.0,1,9563.0,5693.379,5882.133,-220.0
344,2015-02-27,7806.0,1054.0,1.0,0.0,0,0.0,5.0,0.8757349,0.4827922,0.8660254,0.5,1,0,0,1,6544.0,1,6009.0,1,6164.0,1,8243.0,1,0.0,1,6267.0,1,10191.0,1,9604.0,6033.6274,6029.2144,535.0
344,2015-02-28,7908.0,1078.0,1.0,0.0,0,0.0,6.0,0.8757349,0.4827922,0.8660254,0.5,1,0,1,1,7806.0,1,6544.0,1,6229.0,1,7407.0,1,11286.0,1,6451.0,1,9732.0,1,9176.0,6742.576,6424.0557,1262.0
344,2015-03-01,0.0,0.0,0.0,0.0,0,0.0,7.0,0.8757349,0.4827922,1.0,6.123234e-17,1,1,0,1,7908.0,1,7806.0,1,6009.0,1,5508.0,1,10256.0,1,6620.0,1,9968.0,1,7531.0,7208.7456,6753.821,102.0
344,2015-03-02,13482.0,1528.0,1.0,1.0,0,1.0,1.0,0.9266896,0.37582758,1.0,6.123234e-17,1,0,0,1,0.0,1,7908.0,1,6544.0,1,0.0,1,8855.0,1,6902.0,1,8865.0,1,6091.0,4325.2476,5252.9717,-7908.0
344,2015-03-03,10946.0,1265.0,1.0,1.0,0,1.0,2.0,0.9266896,0.37582758,1.0,6.123234e-17,1,0,0,1,13482.0,1,0.0,1,7806.0,1,6164.0,1,8243.0,1,0.0,1,6263.0,1,5154.0,7987.9487,7081.645,13482.0
344,2015-03-04,8563.0,1038.0,1.0,1.0,0,1.0,3.0,0.9266896,0.37582758,1.0,6.123234e-17,1,0,0,1,10946.0,1,13482.0,1,7908.0,1,6229.0,1,7407.0,1,11286.0,1,0.0,1,0.0,9171.169,7940.3906,-2536.0
344,2015-03-05,9272.0,1172.0,1.0,1.0,0,1.0,4.0,0.9266896,0.37582758,1.0,6.123234e-17,1,0,0,1,8563.0,1,10946.0,1,0.0,1,6009.0,1,5508.0,1,10256.0,1,6431.0,1,10951.0,8927.901,8078.748,-2383.0
344,2015-03-06,8286.0,1161.0,1.0,1.0,0,1.0,5.0,0.9266896,0.37582758,1.0,6.123234e-17,1,0,0,1,9272.0,1,8563.0,1,13482.0,1,6544.0,1,0.0,1,8855.0,1,6556.0,1,9491.0,9065.541,8343.915,709.0
344,2015-03-07,6125.0,900.0,1.0,0.0,0,0.0,6.0,0.9266896,0.37582758,1.0,6.123234e-17,1,0,0,1,8286.0,1,9272.0,1,10946.0,1,7806.0,1,6164.0,1,8243.0,1,6267.0,1,8812.0,8753.725,8331.045,-986.0
344,2015-03-08,0.0,0.0,0.0,0.0,0,0.0,7.0,0.9266896,0.37582758,1.0,6.123234e-17,1,0,0,1,6125.0,1,8286.0,1,8563.0,1,7908.0,1,6229.0,1,7407.0,1,6451.0,1,8674.0,7702.235,7840.813,-2161.0
344,2015-03-09,7687.0,1116.0,1.0,0.0,0,1.0,1.0,0.9646356,0.26358718,1.0,6.123234e-17,1,0,0,1,0.0,1,6125.0,1,9272.0,1,0.0,1,6009.0,1,5508.0,1,6620.0,1,9643.0,4621.341,6098.41,-6125.0
344,2015-03-10,7246.0,995.0,1.0,0.0,0,1.0,2.0,0.9646356,0.26358718,1.0,6.123234e-17,1,0,0,1,7687.0,1,0.0,1,8286.0,1,13482.0,1,6544.0,1,0.0,1,6902.0,1,6800.0,5847.6045,6451.43,7687.0
344,2015-03-11,6480.0,957.0,1.0,0.0,0,1.0,3.0,0.9646356,0.26358718,1.0,6.123234e-17,1,0,0,1,7246.0,1,7687.0,1,6125.0,1,10946.0,1,7806.0,1,6164.0,1,0.0,1,0.0,6406.963,6628.001,-441.0
344,2015-03-12,6937.0,1051.0,1.0,0.0,0,1.0,4.0,0.9646356,0.26358718,1.0,6.123234e-17,1,0,0,1,6480.0,1,7246.0,1,0.0,1,8563.0,1,7908.0,1,6229.0,1,11286.0,1,6763.0,6436.1777,6595.112,-766.0
344,2015-03-13,6765.0,953.0,1.0,0.0,0,1.0,5.0,0.9646356,0.26358718,1.0,6.123234e-17,1,0,0,1,6937.0,1,6480.0,1,7687.0,1,9272.0,1,0.0,1,6009.0,1,10256.0,1,5854.0,6636.5063,6671.087,457.0
344,2015-03-14,5895.0,893.0,1.0,0.0,0,0.0,6.0,0.9646356,0.26358718,1.0,6.123234e-17,1,0,0,1,6765.0,1,6937.0,1,7246.0,1,8286.0,1,13482.0,1,6544.0,1,8855.0,1,5557.0,6687.904,6691.9565,-172.0
344,2015-03-15,0.0,0.0,0.0,0.0,0,0.0,7.0,0.9646356,0.26358718,1.0,6.123234e-17,1,0,0,1,5895.0,1,6765.0,1,6480.0,1,6125.0,1,10946.0,1,7806.0,1,8243.0,1,6400.0,6370.742,6514.855,-870.0
344,2015-03-16,13527.0,1562.0,1.0,1.0,0,0.0,1.0,0.9890402,0.14764656,1.0,6.123234e-17,1,0,0,1,0.0,1,5895.0,1,6937.0,1,0.0,1,8563.0,1,7908.0,1,7407.0,1,5353.0,3822.4453,5067.1094,-5895.0
344,2015-03-17,11848.0,1421.0,1.0,1.0,0,0.0,2.0,0.9890402,0.14764656,1.0,6.123234e-17,1,0,0,1,13527.0,1,0.0,1,6765.0,1,7687.0,1,9272.0,1,0.0,1,5508.0,1,4946.0,7704.267,6947.0854,13527.0
344,2015-03-18,8749.0,1216.0,1.0,1.0,0,0.0,3.0,0.9890402,0.14764656,1.0,6.123234e-17,1,0,0,1,11848.0,1,13527.0,1,5895.0,1,7246.0,1,8286.0,1,13482.0,1,0.0,1,0.0,9361.761,8036.1772,-1679.0
344,2015-03-19,9206.0,1249.0,1.0,1.0,0,0.0,4.0,0.9890402,0.14764656,1.0,6.123234e-17,1,0,0,1,8749.0,1,11848.0,1,0.0,1,6480.0,1,6125.0,1,10946.0,1,6164.0,1,9724.0,9116.656,8194.582,-3099.0
344,2015-03-20,8958.0,1150.0,1.0,1.0,0,0.0,5.0,0.9890402,0.14764656,1.0,6.123234e-17,1,0,0,1,9206.0,1,8749.0,1,13527.0,1,6937.0,1,0.0,1,8563.0,1,6229.0,1,10867.0,9152.394,8419.342,457.0
344,2015-03-21,5801.0,846.0,1.0,0.0,0,0.0,6.0,0.9890402,0.14764656,1.0,6.123234e-17,1,0,0,1,8958.0,1,9206.0,1,11848.0,1,6765.0,1,7687.0,1,9272.0,1,6009.0,1,8847.0,9074.637,8539.044,-248.0
344,2015-03-22,0.0,0.0,0.0,0.0,0,0.0,7.0,0.9890402,0.14764656,1.0,6.123234e-17,1,0,0,1,5801.0,1,8958.0,1,8749.0,1,5895.0,1,7246.0,1,8286.0,1,6544.0,1,9378.0,7765.1816,7930.5894,-3157.0
344,2015-03-23,7130.0,1120.0,1.0,0.0,0,0.0,1.0,0.99956083,0.029633328,1.0,6.123234e-17,1,0,0,1,0.0,1,5801.0,1,9206.0,1,0.0,1,6480.0,1,6125.0,1,7806.0,1,10638.0,4659.109,6168.2363,-5801.0
344,2015-03-24,7806.0,1093.0,1.0,0.0,0,0.0,2.0,0.99956083,0.029633328,1.0,6.123234e-17,1,0,0,1,7130.0,1,0.0,1,8958.0,1,13527.0,1,6937.0,1,0.0,1,7908.0,1,8097.0,5647.4653,6381.9614,7130.0
344,2015-03-25,6861.0,1007.0,1.0,0.0,0,0.0,3.0,0.99956083,0.029633328,1.0,6.123234e-17,1,0,0,1,7806.0,1,7130.0,1,5801.0,1,11848.0,1,6765.0,1,7687.0,1,0.0,1,0.0,6510.8794,6698.4146,676.0
344,2015-03-26,7127.0,1036.0,1.0,0.0,0,0.0,4.0,0.99956083,0.029633328,1.0,6.123234e-17,1,0,0,1,6861.0,1,7806.0,1,0.0,1,8749.0,1,5895.0,1,7246.0,1,13482.0,1,12595.0,6650.9277,6734.5444,-945.0
344,2015-03-27,6627.0,951.0,1.0,0.0,0,0.0,5.0,0.99956083,0.029633328,1.0,6.123234e-17,1,0,0,1,7127.0,1,6861.0,1,7130.0,1,9206.0,1,0.0,1,6480.0,1,10946.0,1,10191.0,6841.3564,6821.757,266.0
344,2015-03-28,7160.0,933.0,1.0,0.0,0,0.0,6.0,0.99956083,0.029633328,1.0,6.123234e-17,1,0,0,1,6627.0,1,7127.0,1,7806.0,1,8958.0,1,13527.0,1,6937.0,1,8563.0,1,9732.0,6755.614,6778.4775,-500.0
344,2015-03-29,0.0,0.0,0.0,0.0,0,0.0,7.0,0.99956083,0.029633328,1.0,6.123234e-17,1,0,0,1,7160.0,1,6627.0,1,6861.0,1,5801.0,1,11848.0,1,6765.0,1,9272.0,1,9968.0,6917.368,6863.2603,533.0
344,2015-03-30,14501.0,1415.0,1.0,1.0,0,0.0,1.0,0.9960498,-0.08879589,1.0,6.123234e-17,1,0,0,1,0.0,1,7160.0,1,7127.0,1,0.0,1,8749.0,1,5895.0,1,8286.0,1,8865.0,4150.421,5338.0913,-7160.0
344,2015-03-31,14850.0,1480.0,1.0,1.0,0,0.0,2.0,0.9960498,-0.08879589,1.0,6.123234e-17,1,0,1,1,14501.0,1,0.0,1,6627.0,1,7130.0,1,9206.0,1,0.0,1,6125.0,1,6263.0,8290.652,7374.2935,14501.0
344,2015-04-01,11684.0,1402.0,1.0,1.0,0,0.0,3.0,0.9960498,-0.08879589,0.8660254,-0.5,2,1,0,1,14850.0,1,14501.0,1,7160.0,1,7806.0,1,8958.0,1,13527.0,1,0.0,1,0.0,10914.392,9035.562,349.0
344,2015-04-02,13172.0,1602.0,1.0,1.0,0,0.0,4.0,0.9960498,-0.08879589,0.8660254,-0.5,2,0,0,1,11684.0,1,14850.0,1,0.0,1,6861.0,1,5801.0,1,11848.0,1,7687.0,1,6431.0,11222.235,9624.104,-3166.0
344,2015-04-03,0.0,0.0,0.0,1.0,2,0.0,5.0,0.9960498,-0.08879589,0.8660254,-0.5,2,0,0,1,13172.0,1,11684.0,1,14501.0,1,7127.0,1,0.0,1,8749.0,1,7246.0,1,6556.0,12002.141,10412.524,1488.0
344,2015-04-04,9385.0,1375.0,1.0,0.0,0,0.0,6.0,0.9960498,-0.08879589,0.8660254,-0.5,2,0,0,1,0.0,1,13172.0,1,14850.0,1,6627.0,1,7130.0,1,9206.0,1,6480.0,1,6267.0,7201.2847,8098.6304,-13172.0
344,2015-04-05,0.0,0.0,0.0,0.0,0,0.0,7.0,0.9960498,-0.08879589,0.8660254,-0.5,2,0,0,1,9385.0,1,0.0,1,11684.0,1,7160.0,1,7806.0,1,8958.0,1,6937.0,1,6451.0,8074.7705,8384.49,9385.0
344,2015-04-06,0.0,0.0,0.0,0.0,2,0.0,1.0,0.9785565,-0.20597862,0.8660254,-0.5,2,0,0,1,0.0,1,9385.0,1,13172.0,1,0.0,1,6861.0,1,5801.0,1,6765.0,1,6620.0,4844.8623,6521.27,-9385.0
344,2015-04-07,8169.0,1244.0,1.0,0.0,0,0.0,2.0,0.9785565,-0.20597862,0.8660254,-0.5,2,0,0,1,0.0,1,0.0,1,0.0,1,14501.0,1,7127.0,1,0.0,1,5895.0,1,6902.0,2906.9175,5072.099,0.0
344,2015-04-08,7011.0,1127.0,1.0,0.0,0,0.0,3.0,0.9785565,-0.20597862,0.8660254,-0.5,2,0,0,1,8169.0,1,0.0,1,9385.0,1,14850.0,1,6627.0,1,7130.0,1,0.0,1,0.0,5011.7505,5760.2993,8169.0
344,2015-04-09,8306.0,1161.0,1.0,0.0,0,0.0,4.0,0.9785565,-0.20597862,0.8660254,-0.5,2,0,0,1,7011.0,1,8169.0,1,0.0,1,11684.0,1,7160.0,1,7806.0,1,13527.0,1,11286.0,5811.45,6038.233,-1158.0
344,2015-04-10,7664.0,1069.0,1.0,0.0,0,0.0,5.0,0.9785565,-0.20597862,0.8660254,-0.5,2,0,0,1,8306.0,1,7011.0,1,0.0,1,13172.0,1,0.0,1,6861.0,1,11848.0,1,10256.0,6809.27,6542.181,1295.0
344,2015-04-11,7847.0,1065.0,1.0,0.0,0,0.0,6.0,0.9785565,-0.20597862,0.8660254,-0.5,2,0,0,1,7664.0,1,8306.0,1,8169.0,1,0.0,1,14501.0,1,7127.0,1,8749.0,1,8855.0,7151.162,6791.474,-642.0
344,2015-04-12,0.0,0.0,0.0,0.0,0,0.0,7.0,0.9785565,-0.20597862,0.8660254,-0.5,2,0,0,1,7847.0,1,7664.0,1,7011.0,1,9385.0,1,14850.0,1,6627.0,1,9206.0,1,8243.0,7429.497,7026.0356,183.0
344,2015-04-13,14023.0,1515.0,1.0,1.0,0,0.0,1.0,0.94732636,-0.32026985,0.8660254,-0.5,2,0,0,1,0.0,1,7847.0,1,8306.0,1,0.0,1,11684.0,1,7160.0,1,8958.0,1,7407.0,4457.698,5464.6943,-7847.0
344,2015-04-14,11732.0,1393.0,1.0,1.0,0,0.0,2.0,0.94732636,-0.32026985,0.8660254,-0.5,2,0,0,1,14023.0,1,0.0,1,7664.0,1,0.0,1,13172.0,1,0.0,1,5801.0,1,5508.0,8283.819,7366.54,14023.0
344,2015-04-15,10572.0,1313.0,1.0,1.0,0,0.0,3.0,0.94732636,-0.32026985,0.8660254,-0.5,2,0,0,1,11732.0,1,14023.0,1,7847.0,1,8169.0,1,0.0,1,14501.0,1,0.0,1,0.0,9663.092,8336.643,-2291.0
344,2015-04-16,11323.0,1362.0,1.0,1.0,0,0.0,4.0,0.94732636,-0.32026985,0.8660254,-0.5,2,0,0,1,10572.0,1,11732.0,1,0.0,1,7011.0,1,9385.0,1,14850.0,1,7130.0,1,6164.0,10026.655,8833.389,-1160.0
344,2015-04-17,10371.0,1318.0,1.0,1.0,0,0.0,5.0,0.94732636,-0.32026985,0.8660254,-0.5,2,0,0,1,11323.0,1,10572.0,1,14023.0,1,8306.0,1,0.0,1,11684.0,1,7806.0,1,6229.0,10545.193,9386.636,751.0
344,2015-04-18,7090.0,1068.0,1.0,0.0,0,0.0,6.0,0.94732636,-0.32026985,0.8660254,-0.5,2,0,0,1,10371.0,1,11323.0,1,11732.0,1,7664.0,1,0.0,1,13172.0,1,6861.0,1,6009.0,10475.516,9605.383,-952.0
344,2015-04-19,0.0,0.0,0.0,0.0,0,0.0,7.0,0.94732636,-0.32026985,0.8660254,-0.5,2,0,0,1,7090.0,1,10371.0,1,10572.0,1,7847.0,1,8169.0,1,0.0,1,7127.0,1,6544.0,9121.31,9046.409,-3281.0
344,2015-04-20,8868.0,1290.0,1.0,0.0,0,0.0,1.0,0.9027978,-0.4300652,0.8660254,-0.5,2,0,0,1,0.0,1,7090.0,1,11323.0,1,0.0,1,7011.0,1,9385.0,1,6627.0,1,7806.0,5472.7856,7036.0957,-7090.0
344,2015-04-21,7977.0,1169.0,1.0,0.0,0,0.0,2.0,0.9027978,-0.4300652,0.8660254,-0.5,2,0,0,1,8868.0,1,0.0,1,10371.0,1,14023.0,1,8306.0,1,0.0,1,7160.0,1,7908.0,6830.8716,7443.1855,8868.0
344,2015-04-22,6876.0,1067.0,1.0,0.0,0,0.0,3.0,0.9027978,-0.4300652,0.8660254,-0.5,2,0,0,1,7977.0,1,8868.0,1,7090.0,1,11732.0,1,7664.0,1,0.0,1,0.0,1,0.0,7289.3228,7561.811,-891.0
344,2015-04-23,8842.0,1215.0,1.0,0.0,0,0.0,4.0,0.9027978,-0.4300652,0.8660254,-0.5,2,0,0,1,6876.0,1,7977.0,1,0.0,1,10572.0,1,7847.0,1,8169.0,1,14501.0,1,13482.0,7123.9937,7409.4087,-1101.0
344,2015-04-24,8374.0,1163.0,1.0,0.0,0,0.0,5.0,0.9027978,-0.4300652,0.8660254,-0.5,2,0,0,1,8842.0,1,6876.0,1,8868.0,1,11323.0,1,0.0,1,7011.0,1,14850.0,1,10946.0,7811.1963,7727.762,1966.0
344,2015-04-25,8154.0,1101.0,1.0,0.0,0,0.0,6.0,0.9027978,-0.4300652,0.8660254,-0.5,2,0,0,1,8374.0,1,8842.0,1,7977.0,1,10371.0,1,14023.0,1,8306.0,1,11684.0,1,8563.0,8036.318,7871.3706,-468.0
344,2015-04-26,0.0,0.0,0.0,0.0,0,0.0,7.0,0.9027978,-0.4300652,0.8660254,-0.5,2,0,0,1,8154.0,1,8374.0,1,6876.0,1,7090.0,1,11732.0,1,7664.0,1,13172.0,1,9272.0,8083.3906,7934.1772,-220.0
344,2015-04-27,16481.0,1761.0,1.0,1.0,0,0.0,1.0,0.845596,-0.5338234,0.8660254,-0.5,2,0,0,1,0.0,1,8154.0,1,8842.0,1,0.0,1,10572.0,1,7847.0,1,0.0,1,8286.0,4850.034,6171.027,-8154.0
344,2015-04-28,14913.0,1648.0,1.0,1.0,0,0.0,2.0,0.845596,-0.5338234,0.8660254,-0.5,2,0,0,1,16481.0,1,0.0,1,8374.0,1,8868.0,1,11323.0,1,0.0,1,9385.0,1,6125.0,9502.421,8462.132,16481.0
344,2015-04-29,13318.0,1601.0,1.0,1.0,0,0.0,3.0,0.845596,-0.5338234,0.8660254,-0.5,2,0,0,1,14913.0,1,16481.0,1,8154.0,1,7977.0,1,10371.0,1,14023.0,1,0.0,1,0.0,11666.652,9895.658,-1568.0
344,2015-04-30,17057.0,1886.0,1.0,1.0,0,0.0,4.0,0.845596,-0.5338234,0.8660254,-0.5,2,0,1,1,13318.0,1,14913.0,1,0.0,1,6876.0,1,7090.0,1,11732.0,1,0.0,1,7687.0,12327.191,10656.179,-1595.0
344,2015-05-01,0.0,0.0,0.0,1.0,1,0.0,5.0,0.845596,-0.5338234,0.5,-0.8660254,2,1,0,1,17057.0,1,13318.0,1,16481.0,1,8842.0,1,0.0,1,10572.0,1,8169.0,1,7246.0,14219.115,12078.583,3739.0
344,2015-05-02,12796.0,1620.0,1.0,0.0,0,0.0,6.0,0.845596,-0.5338234,0.5,-0.8660254,2,0,0,1,0.0,1,17057.0,1,14913.0,1,8374.0,1,8868.0,1,11323.0,1,7011.0,1,6480.0,8531.469,9394.454,-17057.0
344,2015-05-03,0.0,0.0,0.0,0.0,0,0.0,7.0,0.845596,-0.5338234,0.5,-0.8660254,2,0,0,1,12796.0,1,0.0,1,13318.0,1,8154.0,1,7977.0,1,10371.0,1,8306.0,1,6937.0,10237.281,10150.353,12796.0
344,2015-05-04,14290.0,1650.0,1.0,1.0,0,0.0,1.0,0.7765239,-0.63008785,0.5,-0.8660254,2,0,0,1,0.0,1,12796.0,1,17057.0,1,0.0,1,6876.0,1,7090.0,1,7664.0,1,6765.0,6142.3687,7894.7188,-12796.0
344,2015-05-05,10654.0,1288.0,1.0,1.0,0,0.0,2.0,0.7765239,-0.63008785,0.5,-0.8660254,2,0,0,1,14290.0,1,0.0,1,0.0,1,16481.0,1,8842.0,1,0.0,1,7847.0,1,5895.0,9401.421,9315.893,14290.0
344,2015-05-06,10769.0,1295.0,1.0,1.0,0,0.0,3.0,0.7765239,-0.63008785,0.5,-0.8660254,2,0,0,1,10654.0,1,14290.0,1,12796.0,1,14913.0,1,8374.0,1,8868.0,1,0.0,1,0.0,9902.453,9613.25,-3636.0
344,2015-05-07,10386.0,1275.0,1.0,1.0,0,0.0,4.0,0.7765239,-0.63008785,0.5,-0.8660254,2,0,0,1,10769.0,1,10654.0,1,0.0,1,13318.0,1,8154.0,1,7977.0,1,14023.0,1,13527.0,10249.071,9870.083,115.0
344,2015-05-08,11024.0,1333.0,1.0,1.0,0,0.0,5.0,0.7765239,-0.63008785,0.5,-0.8660254,2,0,0,1,10386.0,1,10769.0,1,14290.0,1,17057.0,1,0.0,1,6876.0,1,11732.0,1,11848.0,10303.843,9984.731,-383.0
344,2015-05-09,7447.0,1088.0,1.0,0.0,0,0.0,6.0,0.7765239,-0.63008785,0.5,-0.8660254,2,0,0,1,11024.0,1,10386.0,1,10654.0,1,0.0,1,16481.0,1,8842.0,1,10572.0,1,8749.0,10591.906,10215.68,638.0
344,2015-05-10,0.0,0.0,0.0,0.0,0,0.0,7.0,0.7765239,-0.63008785,0.5,-0.8660254,2,0,0,1,7447.0,1,11024.0,1,10769.0,1,12796.0,1,14913.0,1,8374.0,1,11323.0,1,9206.0,9333.943,9600.418,-3577.0
344,2015-05-11,8354.0,1258.0,1.0,0.0,0,1.0,1.0,0.696551,-0.71750724,0.5,-0.8660254,2,0,0,1,0.0,1,7447.0,1,10386.0,1,0.0,1,13318.0,1,8154.0,1,10371.0,1,8958.0,5600.366,7466.9917,-7447.0
344,2015-05-12,8007.0,1122.0,1.0,0.0,0,1.0,2.0,0.696551,-0.71750724,0.5,-0.8660254,2,0,0,1,8354.0,1,0.0,1,11024.0,1,14290.0,1,17057.0,1,0.0,1,7090.0,1,5801.0,6701.82,7664.1045,8354.0
344,2015-05-13,8459.0,1193.0,1.0,0.0,0,1.0,3.0,0.696551,-0.71750724,0.5,-0.8660254,2,0,0,1,8007.0,1,8354.0,1,7447.0,1,10654.0,1,0.0,1,16481.0,1,0.0,1,0.0,7223.8916,7740.3037,-347.0
344,2015-05-14,0.0,0.0,0.0,0.0,1,1.0,4.0,0.696551,-0.71750724,0.5,-0.8660254,2,0,0,1,8459.0,1,8007.0,1,0.0,1,10769.0,1,12796.0,1,14913.0,1,8868.0,1,7130.0,7717.935,7900.0137,452.0
344,2015-05-15,9525.0,1294.0,1.0,0.0,0,1.0,5.0,0.696551,-0.71750724,0.5,-0.8660254,2,0,0,1,0.0,1,8459.0,1,8354.0,1,10386.0,1,0.0,1,13318.0,1,7977.0,1,7806.0,4630.761,6144.455,-8459.0
344,2015-05-16,6882.0,958.0,1.0,0.0,0,0.0,6.0,0.696551,-0.71750724,0.5,-0.8660254,2,0,0,1,9525.0,1,0.0,1,8007.0,1,11024.0,1,14290.0,1,17057.0,1,6876.0,1,6861.0,6588.4565,6895.6875,9525.0
344,2015-05-17,0.0,0.0,0.0,0.0,0,0.0,7.0,0.696551,-0.71750724,0.5,-0.8660254,2,0,0,1,6882.0,1,9525.0,1,8459.0,1,7447.0,1,10654.0,1,0.0,1,8842.0,1,7127.0,6705.874,6892.6455,-2643.0
344,2015-05-18,13943.0,1638.0,1.0,1.0,0,0.0,1.0,0.60680014,-0.79485446,0.5,-0.8660254,2,0,0,1,0.0,1,6882.0,1,0.0,1,0.0,1,10769.0,1,12796.0,1,8374.0,1,6627.0,4023.5244,5360.947,-6882.0
344,2015-05-19,11345.0,1373.0,1.0,1.0,0,0.0,2.0,0.60680014,-0.79485446,0.5,-0.8660254,2,0,0,1,13943.0,1,0.0,1,9525.0,1,8354.0,1,10386.0,1,0.0,1,8154.0,1,7160.0,7991.3145,7268.07,13943.0
344,2015-05-20,10098.0,1271.0,1.0,1.0,0,0.0,3.0,0.60680014,-0.79485446,0.5,-0.8660254,2,0,0,1,11345.0,1,13943.0,1,6882.0,1,8007.0,1,11024.0,1,14290.0,1,0.0,1,0.0,9332.789,8174.054,-2598.0
344,2015-05-21,10494.0,1282.0,1.0,1.0,0,0.0,4.0,0.60680014,-0.79485446,0.5,-0.8660254,2,0,0,1,10098.0,1,11345.0,1,0.0,1,8459.0,1,7447.0,1,10654.0,1,16481.0,1,14501.0,9638.873,8601.598,-1247.0
344,2015-05-22,9607.0,1224.0,1.0,1.0,0,0.0,5.0,0.60680014,-0.79485446,0.5,-0.8660254,2,0,0,1,10494.0,1,10098.0,1,13943.0,1,0.0,1,0.0,1,10769.0,1,14913.0,1,14850.0,9980.924,9022.132,396.0
344,2015-05-23,7186.0,1010.0,1.0,0.0,0,0.0,6.0,0.60680014,-0.79485446,0.5,-0.8660254,2,0,0,1,9607.0,1,10494.0,1,11345.0,1,9525.0,1,8354.0,1,10386.0,1,13318.0,1,11684.0,9831.3545,9152.103,-887.0
344,2015-05-24,0.0,0.0,0.0,0.0,0,0.0,7.0,0.60680014,-0.79485446,0.5,-0.8660254,2,0,0,1,7186.0,1,9607.0,1,10098.0,1,6882.0,1,8007.0,1,11024.0,1,17057.0,1,13172.0,8773.213,8715.19,-2421.0
344,2015-05-25,0.0,0.0,0.0,0.0,1,0.0,1.0,0.5085311,-0.86104363,0.5,-0.8660254,2,0,0,1,0.0,1,7186.0,1,10494.0,1,0.0,1,8459.0,1,7447.0,1,0.0,1,0.0,5263.9277,6778.4814,-7186.0
344,2015-05-26,8590.0,1215.0,1.0,0.0,0,0.0,2.0,0.5085311,-0.86104363,0.5,-0.8660254,2,0,0,1,0.0,1,0.0,1,9607.0,1,13943.0,1,0.0,1,0.0,1,12796.0,1,9385.0,3158.3564,5272.1523,0.0
344,2015-05-27,7849.0,1080.0,1.0,0.0,0,0.0,3.0,0.5085311,-0.86104363,0.5,-0.8660254,2,0,0,1,8590.0,1,0.0,1,7186.0,1,11345.0,1,9525.0,1,8354.0,1,0.0,1,0.0,5331.014,6009.4517,8590.0
344,2015-05-28,7630.0,1087.0,1.0,0.0,0,0.0,4.0,0.5085311,-0.86104363,0.5,-0.8660254,2,0,0,1,7849.0,1,8590.0,1,0.0,1,10098.0,1,6882.0,1,8007.0,1,14290.0,1,0.0,6338.2085,6418.24,-741.0
344,2015-05-29,9370.0,1263.0,1.0,0.0,0,0.0,5.0,0.5085311,-0.86104363,0.5,-0.8660254,2,0,0,1,7630.0,1,7849.0,1,0.0,1,10494.0,1,0.0,1,8459.0,1,10654.0,1,8169.0,6854.925,6687.52,-219.0
344,2015-05-30,9185.0,1210.0,1.0,0.0,0,0.0,6.0,0.5085311,-0.86104363,0.5,-0.8660254,2,0,0,1,9370.0,1,7630.0,1,8590.0,1,9607.0,1,13943.0,1,0.0,1,10769.0,1,7011.0,7860.955,7283.627,1740.0
344,2015-05-31,0.0,0.0,0.0,0.0,0,0.0,7.0,0.5085311,-0.86104363,0.5,-0.8660254,2,0,1,1,9185.0,1,9370.0,1,7849.0,1,7186.0,1,11345.0,1,9525.0,1,10386.0,1,8306.0,8390.573,7706.1543,-185.0
344,2015-06-01,16158.0,1721.0,1.0,1.0,0,0.0,1.0,0.40312344,-0.91514564,1.2246469e-16,-1.0,2,1,0,1,0.0,1,9185.0,1,7630.0,1,0.0,1,10098.0,1,6882.0,1,11024.0,1,7664.0,5034.3438,5993.6753,-9185.0
344,2015-06-02,13066.0,1520.0,1.0,1.0,0,0.0,2.0,0.40312344,-0.91514564,1.2246469e-16,-1.0,2,0,0,1,16158.0,1,0.0,1,9370.0,1,0.0,1,10494.0,1,0.0,1,7447.0,1,7847.0,9483.807,8252.414,16158.0
344,2015-06-03,11448.0,1411.0,1.0,1.0,0,0.0,3.0,0.40312344,-0.91514564,1.2246469e-16,-1.0,2,0,0,1,13066.0,1,16158.0,1,9185.0,1,8590.0,1,9607.0,1,13943.0,1,0.0,1,0.0,10916.684,9322.1,-3092.0
344,2015-06-04,10966.0,1381.0,1.0,1.0,0,0.0,4.0,0.40312344,-0.91514564,1.2246469e-16,-1.0,2,0,0,1,11448.0,1,13066.0,1,0.0,1,7849.0,1,7186.0,1,11345.0,1,8354.0,1,14023.0,11129.21,9794.522,-1618.0
344,2015-06-05,9752.0,1257.0,1.0,1.0,0,0.0,5.0,0.40312344,-0.91514564,1.2246469e-16,-1.0,2,0,0,1,10966.0,1,11448.0,1,16158.0,1,7630.0,1,0.0,1,10098.0,1,8007.0,1,11732.0,11063.926,10054.851,-482.0
344,2015-06-06,7044.0,1026.0,1.0,0.0,0,0.0,6.0,0.40312344,-0.91514564,1.2246469e-16,-1.0,2,0,0,1,9752.0,1,10966.0,1,13066.0,1,9370.0,1,0.0,1,10494.0,1,8459.0,1,10572.0,10539.155,9987.551,-1214.0
344,2015-06-07,0.0,0.0,0.0,0.0,0,0.0,7.0,0.40312344,-0.91514564,1.2246469e-16,-1.0,2,0,0,1,7044.0,1,9752.0,1,11448.0,1,9185.0,1,8590.0,1,9607.0,1,0.0,1,11323.0,9141.094,9333.428,-2708.0
344,2015-06-08,8683.0,1150.0,1.0,0.0,0,0.0,1.0,0.29205677,-0.956401,1.2246469e-16,-1.0,2,0,0,1,0.0,1,7044.0,1,10966.0,1,0.0,1,7849.0,1,7186.0,1,9525.0,1,10371.0,5484.6562,7259.333,-7044.0
344,2015-06-09,7600.0,1108.0,1.0,0.0,0,0.0,2.0,0.29205677,-0.956401,1.2246469e-16,-1.0,2,0,0,1,8683.0,1,0.0,1,9752.0,1,16158.0,1,7630.0,1,0.0,1,6882.0,1,7090.0,6763.9937,7575.7036,8683.0
344,2015-06-10,7695.0,1110.0,1.0,0.0,0,0.0,3.0,0.29205677,-0.956401,1.2246469e-16,-1.0,2,0,0,1,7600.0,1,8683.0,1,7044.0,1,13066.0,1,9370.0,1,0.0,1,0.0,1,0.0,7098.396,7581.1025,-1083.0
344,2015-06-11,7024.0,1108.0,1.0,0.0,0,0.0,4.0,0.29205677,-0.956401,1.2246469e-16,-1.0,2,0,0,1,7695.0,1,7600.0,1,0.0,1,11448.0,1,9185.0,1,8590.0,1,13943.0,1,8868.0,7337.0376,7606.413,95.0
344,2015-06-12,7516.0,1033.0,1.0,0.0,0,0.0,5.0,0.29205677,-0.956401,1.2246469e-16,-1.0,2,0,0,1,7024.0,1,7695.0,1,8683.0,1,10966.0,1,0.0,1,7849.0,1,11345.0,1,7977.0,7211.8228,7476.9883,-671.0
344,2015-06-13,6816.0,1016.0,1.0,0.0,0,0.0,6.0,0.29205677,-0.956401,1.2246469e-16,-1.0,2,0,0,1,7516.0,1,7024.0,1,7600.0,1,9752.0,1,16158.0,1,7630.0,1,10098.0,1,6876.0,7333.4937,7485.657,492.0
344,2015-06-14,0.0,0.0,0.0,0.0,0,0.0,7.0,0.29205677,-0.956401,1.2246469e-16,-1.0,2,0,0,1,6816.0,1,7516.0,1,7695.0,1,7044.0,1,13066.0,1,9370.0,1,10494.0,1,8842.0,7126.496,7336.8447,-700.0
344,2015-06-15,14659.0,1650.0,1.0,1.0,0,0.0,1.0,0.17689027,-0.9842306,1.2246469e-16,-1.0,2,0,0,1,0.0,1,6816.0,1,7024.0,1,0.0,1,11448.0,1,9185.0,1,9607.0,1,8374.0,4275.8975,5706.4346,-6816.0
344,2015-06-16,12503.0,1411.0,1.0,1.0,0,0.0,2.0,0.17689027,-0.9842306,1.2246469e-16,-1.0,2,0,0,1,14659.0,1,0.0,1,7516.0,1,8683.0,1,10966.0,1,0.0,1,7186.0,1,8154.0,8429.139,7695.8936,14659.0
344,2015-06-17,10750.0,1278.0,1.0,1.0,0,0.0,3.0,0.17689027,-0.9842306,1.2246469e-16,-1.0,2,0,0,1,12503.0,1,14659.0,1,6816.0,1,7600.0,1,9752.0,1,16158.0,1,0.0,1,0.0,10058.684,8764.14,-2156.0
344,2015-06-18,9112.0,1156.0,1.0,1.0,0,0.0,4.0,0.17689027,-0.9842306,1.2246469e-16,-1.0,2,0,0,1,10750.0,1,12503.0,1,0.0,1,7695.0,1,7044.0,1,13066.0,1,0.0,1,16481.0,10335.21,9205.441,-1753.0
344,2015-06-19,9676.0,1228.0,1.0,1.0,0,0.0,5.0,0.17689027,-0.9842306,1.2246469e-16,-1.0,2,0,0,1,9112.0,1,10750.0,1,14659.0,1,7024.0,1,0.0,1,11448.0,1,8590.0,1,14913.0,9845.926,9184.677,-1638.0
344,2015-06-20,7343.0,1036.0,1.0,0.0,0,0.0,6.0,0.17689027,-0.9842306,1.2246469e-16,-1.0,2,0,0,1,9676.0,1,9112.0,1,12503.0,1,7516.0,1,8683.0,1,10966.0,1,7849.0,1,13318.0,9777.955,9293.86,564.0
344,2015-06-21,0.0,0.0,0.0,0.0,0,0.0,7.0,0.17689027,-0.9842306,1.2246469e-16,-1.0,2,0,0,1,7343.0,1,9676.0,1,10750.0,1,6816.0,1,7600.0,1,9752.0,1,7630.0,1,17057.0,8803.974,8860.336,-2333.0
344,2015-06-22,7118.0,1097.0,1.0,0.0,0,0.0,1.0,0.059240628,-0.99824375,1.2246469e-16,-1.0,2,0,0,1,0.0,1,7343.0,1,9112.0,1,0.0,1,7695.0,1,7044.0,1,9370.0,1,0.0,5282.384,6891.372,-7343.0
344,2015-06-23,8018.0,1139.0,1.0,0.0,0,0.0,2.0,0.059240628,-0.99824375,1.2246469e-16,-1.0,2,0,0,1,7118.0,1,0.0,1,9676.0,1,14659.0,1,7024.0,1,0.0,1,9185.0,1,12796.0,6016.6304,6941.734,7118.0
344,2015-06-24,6806.0,994.0,1.0,0.0,0,0.0,3.0,0.059240628,-0.99824375,1.2246469e-16,-1.0,2,0,0,1,8018.0,1,7118.0,1,7343.0,1,12503.0,1,7516.0,1,8683.0,1,0.0,1,0.0,6817.178,7180.9043,900.0
344,2015-06-25,7568.0,1118.0,1.0,0.0,0,0.0,4.0,0.059240628,-0.99824375,1.2246469e-16,-1.0,2,0,0,1,6806.0,1,8018.0,1,0.0,1,10750.0,1,6816.0,1,7600.0,1,16158.0,1,14290.0,6812.707,7097.5923,-1212.0
344,2015-06-26,7707.0,1027.0,1.0,0.0,0,0.0,5.0,0.059240628,-0.99824375,1.2246469e-16,-1.0,2,0,0,1,7568.0,1,6806.0,1,7118.0,1,9112.0,1,0.0,1,7695.0,1,13066.0,1,10654.0,7114.824,7202.127,762.0
344,2015-06-27,8094.0,1054.0,1.0,0.0,0,0.0,6.0,0.059240628,-0.99824375,1.2246469e-16,-1.0,2,0,0,1,7707.0,1,7568.0,1,8018.0,1,9676.0,1,14659.0,1,7024.0,1,11448.0,1,10769.0,7351.6943,7314.3213,139.0
344,2015-06-28,0.0,0.0,0.0,0.0,0,0.0,7.0,0.059240628,-0.99824375,1.2246469e-16,-1.0,2,0,0,1,8094.0,1,7707.0,1,6806.0,1,7343.0,1,12503.0,1,7516.0,1,10966.0,1,10386.0,7648.6167,7487.583,387.0
344,2015-06-29,17307.0,1735.0,1.0,1.0,0,0.0,1.0,-0.059240628,-0.99824375,1.2246469e-16,-1.0,2,0,0,1,0.0,1,8094.0,1,7568.0,1,0.0,1,10750.0,1,6816.0,1,9752.0,1,11024.0,4589.17,5823.676,-8094.0
344,2015-06-30,18098.0,1804.0,1.0,1.0,0,0.0,2.0,-0.059240628,-0.99824375,1.2246469e-16,-1.0,2,0,1,1,17307.0,1,0.0,1,7707.0,1,7118.0,1,9112.0,1,0.0,1,7044.0,1,7447.0,9676.302,8375.525,17307.0
344,2015-07-01,10734.0,1343.0,1.0,1.0,0,0.0,3.0,-0.059240628,-0.99824375,-0.5,-0.8660254,3,1,0,1,18098.0,1,17307.0,1,8094.0,1,8018.0,1,9676.0,1,14659.0,1,0.0,1,0.0,13044.981,10536.075,791.0
344,2015-07-02,10052.0,1359.0,1.0,1.0,0,0.0,4.0,-0.059240628,-0.99824375,-0.5,-0.8660254,3,0,0,1,10734.0,1,18098.0,1,0.0,1,6806.0,1,7343.0,1,12503.0,1,8683.0,1,8354.0,12120.589,10580.059,-7364.0
344,2015-07-03,9495.0,1169.0,1.0,1.0,0,0.0,5.0,-0.059240628,-0.99824375,-0.5,-0.8660254,3,0,0,1,10052.0,1,10734.0,1,17307.0,1,7568.0,1,0.0,1,10750.0,1,7600.0,1,8007.0,11293.153,10462.712,-682.0
344,2015-07-04,6639.0,946.0,1.0,0.0,0,0.0,6.0,-0.059240628,-0.99824375,-0.5,-0.8660254,3,0,0,1,9495.0,1,10052.0,1,18098.0,1,7707.0,1,7118.0,1,9112.0,1,7695.0,1,8459.0,10573.892,10247.665,-557.0
344,2015-07-05,0.0,0.0,0.0,0.0,0,0.0,7.0,-0.059240628,-0.99824375,-0.5,-0.8660254,3,0,0,1,6639.0,1,9495.0,1,10734.0,1,8094.0,1,8018.0,1,9676.0,1,7024.0,1,0.0,8999.936,9445.739,-2856.0
344,2015-07-06,8877.0,1279.0,1.0,0.0,0,0.0,1.0,-0.17689027,-0.9842306,-0.5,-0.8660254,3,0,0,1,0.0,1,6639.0,1,10052.0,1,0.0,1,6806.0,1,7343.0,1,7516.0,1,9525.0,5399.961,7346.6865,-6639.0
344,2015-07-07,7125.0,1078.0,1.0,0.0,0,0.0,2.0,-0.17689027,-0.9842306,-0.5,-0.8660254,3,0,0,1,8877.0,1,0.0,1,9495.0,1,17307.0,1,7568.0,1,0.0,1,6816.0,1,6882.0,6790.777,7686.756,8877.0
344,2015-07-08,6854.0,1054.0,1.0,0.0,0,0.0,3.0,-0.17689027,-0.9842306,-0.5,-0.8660254,3,0,0,1,7125.0,1,8877.0,1,6639.0,1,18098.0,1,7707.0,1,7118.0,1,0.0,1,0.0,6924.466,7561.9214,-1752.0
344,2015-07-09,7647.0,1090.0,1.0,0.0,0,0.0,4.0,-0.17689027,-0.9842306,-0.5,-0.8660254,3,0,0,1,6854.0,1,7125.0,1,0.0,1,10734.0,1,8094.0,1,8018.0,1,14659.0,1,13943.0,6896.28,7404.6055,-271.0
344,2015-07-10,7178.0,1063.0,1.0,0.0,0,0.0,5.0,-0.17689027,-0.9842306,-0.5,-0.8660254,3,0,0,1,7647.0,1,6854.0,1,8877.0,1,10052.0,1,0.0,1,6806.0,1,12503.0,1,11345.0,7196.568,7458.4707,793.0
344,2015-07-11,7285.0,1026.0,1.0,0.0,0,0.0,6.0,-0.17689027,-0.9842306,-0.5,-0.8660254,3,0,0,1,7178.0,1,7647.0,1,7125.0,1,9495.0,1,17307.0,1,7568.0,1,10750.0,1,10098.0,7189.1406,7396.144,-469.0
344,2015-07-12,0.0,0.0,0.0,0.0,0,0.0,7.0,-0.17689027,-0.9842306,-0.5,-0.8660254,3,0,0,1,7285.0,1,7178.0,1,6854.0,1,6639.0,1,18098.0,1,7707.0,1,9112.0,1,10494.0,7227.4844,7371.4453,107.0
344,2015-07-13,13218.0,1578.0,1.0,1.0,0,0.0,1.0,-0.29205677,-0.956401,-0.5,-0.8660254,3,0,0,1,0.0,1,7285.0,1,7647.0,1,0.0,1,10734.0,1,8094.0,1,9676.0,1,9607.0,4336.4907,5733.346,-7285.0
344,2015-07-14,12656.0,1483.0,1.0,1.0,0,0.0,2.0,-0.29205677,-0.956401,-0.5,-0.8660254,3,0,0,1,13218.0,1,0.0,1,7178.0,1,8877.0,1,10052.0,1,0.0,1,7343.0,1,7186.0,7889.094,7396.6025,13218.0
344,2015-07-15,12189.0,1493.0,1.0,1.0,0,0.0,3.0,-0.29205677,-0.956401,-0.5,-0.8660254,3,0,0,1,12656.0,1,13218.0,1,7285.0,1,7125.0,1,9495.0,1,17307.0,1,0.0,1,0.0,9795.856,8565.357,-562.0
344,2015-07-16,11885.0,1451.0,1.0,1.0,0,1.0,4.0,-0.29205677,-0.956401,-0.5,-0.8660254,3,0,0,1,12189.0,1,12656.0,1,0.0,1,6854.0,1,6639.0,1,18098.0,1,7118.0,1,0.0,10753.114,9370.611,-467.0
344,2015-07-17,9359.0,1222.0,1.0,1.0,0,1.0,5.0,-0.29205677,-0.956401,-0.5,-0.8660254,3,0,0,1,11885.0,1,12189.0,1,13218.0,1,7647.0,1,0.0,1,10734.0,1,8018.0,1,8590.0,11205.868,9929.364,-304.0
344,2015-07-18,8153.0,1044.0,1.0,0.0,0,0.0,6.0,-0.29205677,-0.956401,-0.5,-0.8660254,3,0,0,1,9359.0,1,11885.0,1,12656.0,1,7178.0,1,8877.0,1,10052.0,1,6806.0,1,7849.0,10467.121,9802.617,-2526.0
344,2015-07-19,0.0,0.0,0.0,0.0,0,0.0,7.0,-0.29205677,-0.956401,-0.5,-0.8660254,3,0,0,1,8153.0,1,9359.0,1,12189.0,1,7285.0,1,7125.0,1,9495.0,1,7568.0,1,7630.0,9541.473,9436.035,-1206.0
344,2015-07-20,9298.0,1247.0,1.0,0.0,0,1.0,1.0,-0.40312344,-0.91514564,-0.5,-0.8660254,3,0,0,1,0.0,1,8153.0,1,11885.0,1,0.0,1,6854.0,1,6639.0,1,7707.0,1,9370.0,5724.884,7339.1387,-8153.0
344,2015-07-21,8037.0,1158.0,1.0,0.0,0,1.0,2.0,-0.40312344,-0.91514564,-0.5,-0.8660254,3,0,0,1,9298.0,1,0.0,1,9359.0,1,13218.0,1,7647.0,1,0.0,1,8094.0,1,9185.0,7154.1304,7774.441,9298.0
344,2015-07-22,7487.0,1048.0,1.0,0.0,0,1.0,3.0,-0.40312344,-0.91514564,-0.5,-0.8660254,3,0,0,1,8037.0,1,9298.0,1,8153.0,1,12656.0,1,7178.0,1,8877.0,1,0.0,1,0.0,7507.2783,7832.7876,-1261.0
344,2015-07-23,8370.0,1118.0,1.0,0.0,0,1.0,4.0,-0.40312344,-0.91514564,-0.5,-0.8660254,3,0,0,1,7487.0,1,8037.0,1,0.0,1,12189.0,1,7285.0,1,7125.0,1,17307.0,1,16158.0,7499.167,7755.946,-550.0
344,2015-07-24,7536.0,1064.0,1.0,0.0,0,1.0,5.0,-0.40312344,-0.91514564,-0.5,-0.8660254,3,0,0,1,8370.0,1,7487.0,1,9298.0,1,11885.0,1,0.0,1,6854.0,1,18098.0,1,13066.0,7847.5,7892.4023,883.0
344,2015-07-25,6945.0,921.0,1.0,0.0,0,0.0,6.0,-0.40312344,-0.91514564,-0.5,-0.8660254,3,0,0,1,7536.0,1,8370.0,1,8037.0,1,9359.0,1,13218.0,1,7647.0,1,10734.0,1,11448.0,7722.9,7813.2017,-834.0
344,2015-07-26,0.0,0.0,0.0,0.0,0,0.0,7.0,-0.40312344,-0.91514564,-0.5,-0.8660254,3,0,0,1,6945.0,1,7536.0,1,7487.0,1,8153.0,1,12656.0,1,7178.0,1,10052.0,1,10966.0,7411.74,7620.268,-591.0
344,2015-07-27,12295.0,1344.0,1.0,1.0,0,1.0,1.0,-0.5085311,-0.86104363,-0.5,-0.8660254,3,0,0,1,0.0,1,6945.0,1,8370.0,1,0.0,1,12189.0,1,7285.0,1,9495.0,1,9752.0,4447.044,5926.875,-6945.0
344,2015-07-28,10841.0,1241.0,1.0,1.0,0,1.0,2.0,-0.5085311,-0.86104363,-0.5,-0.8660254,3,0,0,1,12295.0,1,0.0,1,7536.0,1,9298.0,1,11885.0,1,0.0,1,6639.0,1,7044.0,7586.2266,7342.014,12295.0
344,2015-07-29,10490.0,1174.0,1.0,1.0,0,1.0,3.0,-0.5085311,-0.86104363,-0.5,-0.8660254,3,0,0,1,10841.0,1,12295.0,1,6945.0,1,8037.0,1,9359.0,1,13218.0,1,0.0,1,0.0,8888.136,8119.5664,-1454.0
344,2015-07-30,10488.0,1168.0,1.0,1.0,0,1.0,4.0,-0.5085311,-0.86104363,-0.5,-0.8660254,3,0,0,1,10490.0,1,10841.0,1,0.0,1,7487.0,1,8153.0,1,12656.0,1,8877.0,1,8683.0,9528.882,8646.329,-351.0
344,2015-07-31,12767.0,1434.0,1.0,1.0,0,1.0,5.0,-0.5085311,-0.86104363,-0.5,-0.8660254,3,0,1,1,10488.0,1,10490.0,1,12295.0,1,8370.0,1,0.0,1,12189.0,1,7125.0,1,7600.0,9912.529,9055.59,-2.0
