id,timestamp,target,Customers,Open,Promo,StateHoliday,SchoolHoliday,DayOfWeek,week_sin,week_cos,month_sin,month_cos,quarter,is_month_start,is_month_end,lag_1_known,lag_1,lag_2_known,lag_2,lag_4_known,lag_4,lag_8_known,lag_8,lag_12_known,lag_12,lag_16_known,lag_16,lag_24_known,lag_24,lag_52_known,lag_52,ema_4,ema_8,chg_1
985,2013-01-01,0.0,0.0,0.0,0.0,1,1.0,2.0,0.11827317,0.9929811,0.5,0.8660254,1,1,0,0,0.0,0,0.0,0,0.0,0,0.0,0,0.0,0,0.0,0,0.0,0,0.0,0.0,0.0,0.0
985,2013-01-02,5851.0,709.0,1.0,0.0,0,1.0,3.0,0.11827317,0.9929811,0.5,0.8660254,1,0,0,1,0.0,0,0.0,0,0.0,0,0.0,0,0.0,0,0.0,0,0.0,0,0.0,0.0,0.0,0.0
985,2013-01-03,6164.0,721.0,1.0,0.0,0,1.0,4.0,0.11827317,0.9929811,0.5,0.8660254,1,0,0,1,5851.0,1,0.0,0,0.0,0,0.0,0,0.0,0,0.0,0,0.0,0,0.0,2340.4,1300.2222,5851.0
985,2013-01-04,7316.0,794.0,1.0,0.0,0,1.0,5.0,0.11827317,0.9929811,0.5,0.8660254,1,0,0,1,6164.0,1,5851.0,0,0.0,0,0.0,0,0.0,0,0.0,0,0.0,0,0.0,3869.84,2381.0618,313.0
985,2013-01-05,8091.0,877.0,1.0,0.0,0,0.0,6.0,0.11827317,0.9929811,0.5,0.8660254,1,0,0,1,7316.0,1,6164.0,1,0.0,0,0.0,0,0.0,0,0.0,0,0.0,0,0.0,5248.304,3477.7146,1152.0
985,2013-01-06,0.0,0.0,0.0,0.0,1,0.0,7.0,0.11827317,0.9929811,0.5,0.8660254,1,0,0,1,8091.0,1,7316.0,1,5851.0,0,0.0,0,0.0,0,0.0,0,0.0,0,0.0,6385.3823,4502.889,775.0
985,2013-01-07,8992.0,849.0,1.0,1.0,0,0.0,1.0,0.23488605,0.9720229,0.5,0.8660254,1,0,0,1,0.0,1,8091.0,1,6164.0,0,0.0,0,0.0,0,0.0,0,0.0,0,0.0,3831.2295,3502.247,-8091.0
985,2013-01-08,7221.0,745.0,1.0,1.0,0,0.0,2.0,0.23488605,0.9720229,0.5,0.8660254,1,0,0,1,8992.0,1,0.0,1,7316.0,0,0.0,0,0.0,0,0.0,0,0.0,0,0.0,5895.5376,4722.1924,8992.0
985,2013-01-09,7155.0,662.0,1.0,1.0,0,0.0,3.0,0.23488605,0.9720229,0.5,0.8660254,1,0,0,1,7221.0,1,8992.0,1,8091.0,1,0.0,0,0.0,0,0.0,0,0.0,0,0.0,6425.7227,5277.483,-1771.0
985,2013-01-10,6626.0,668.0,1.0,1.0,0,0.0,4.0,0.23488605,0.9720229,0.5,0.8660254,1,0,0,1,7155.0,1,7221.0,1,0.0,1,5851.0,0,0.0,0,0.0,0,0.0,0,0.0,6717.4336,5694.709,-66.0
985,2013-01-11,7731.0,772.0,1.0,1.0,0,0.0,5.0,0.23488605,0.9720229,0.5,0.8660254,1,0,0,1,6626.0,1,7155.0,1,8992.0,1,6164.0,0,0.0,0,0.0,0,0.0,0,0.0,6680.8604,5901.6626,-529.0
985,2013-01-12,7726.0,866.0,1.0,0.0,0,0.0,6.0,0.23488605,0.9720229,0.5,0.8660254,1,0,0,1,7731.0,1,6626.0,1,7221.0,1,7316.0,0,0.0,0,0.0,0,0.0,0,0.0,7100.916,6308.182,1105.0
985,2013-01-13,0.0,0.0,0.0,0.0,0,0.0,7.0,0.23488605,0.9720229,0.5,0.8660254,1,0,0,1,7726.0,1,7731.0,1,7155.0,1,8091.0,1,0.0,0,0.0,0,0.0,0,0.0,7350.9497,6623.2524,-5.0
985,2013-01-14,10014.0,657.0,1.0,0.0,0,0.0,1.0,0.34820163,0.93741965,0.5,0.8660254,1,0,0,1,0.0,1,7726.0,1,6626.0,1,0.0,1,5851.0,0,0.0,0,0.0,0,0.0,4410.57,5151.4185,-7726.0
985,2013-01-15,4821.0,582.0,1.0,0.0,0,0.0,2.0,0.34820163,0.93741965,0.5,0.8660254,1,0,0,1,10014.0,1,0.0,1,7731.0,1,8992.0,1,6164.0,0,0.0,0,0.0,0,0.0,6651.942,6231.992,10014.0
985,2013-01-16,4242.0,498.0,1.0,0.0,0,0.0,3.0,0.34820163,0.93741965,0.5,0.8660254,1,0,0,1,4821.0,1,10014.0,1,7726.0,1,7221.0,1,7316.0,0,0.0,0,0.0,0,0.0,5919.565,5918.4385,-5193.0
985,2013-01-17,5791.0,488.0,1.0,0.0,0,0.0,4.0,0.34820163,0.93741965,0.5,0.8660254,1,0,0,1,4242.0,1,4821.0,1,0.0,1,7155.0,1,8091.0,1,0.0,0,0.0,0,0.0,5248.539,5545.8965,-579.0
985,2013-01-18,6860.0,625.0,1.0,0.0,0,0.0,5.0,0.34820163,0.93741965,0.5,0.8660254,1,0,0,1,5791.0,1,4242.0,1,10014.0,1,6626.0,1,0.0,1,5851.0,0,0.0,0,0.0,5465.5234,5600.364,1549.0
985,2013-01-19,8222.0,886.0,1.0,0.0,0,0.0,6.0,0.34820163,0.93741965,0.5,0.8660254,1,0,0,1,6860.0,1,5791.0,1,4821.0,1,7731.0,1,8992.0,1,6164.0,0,0.0,0,0.0,6023.314,5880.283,1069.0
985,2013-01-20,0.0,0.0,0.0,0.0,0,0.0,7.0,0.34820163,0.93741965,0.5,0.8660254,1,0,0,1,8222.0,1,6860.0,1,4242.0,1,7726.0,1,7221.0,1,7316.0,0,0.0,0,0.0,6902.7886,6400.6646,1362.0
985,2013-01-21,12043.0,786.0,1.0,1.0,0,0.0,1.0,0.45662925,0.8896571,0.5,0.8660254,1,0,0,1,0.0,1,8222.0,1,5791.0,1,0.0,1,7155.0,1,8091.0,0,0.0,0,0.0,4141.673,4978.295,-8222.0
985,2013-01-22,7919.0,751.0,1.0,1.0,0,0.0,2.0,0.45662925,0.8896571,0.5,0.8660254,1,0,0,1,12043.0,1,0.0,1,6860.0,1,10014.0,1,6626.0,1,0.0,0,0.0,0,0.0,7302.2036,6548.229,12043.0
985,2013-01-23,7148.0,703.0,1.0,1.0,0,0.0,3.0,0.45662925,0.8896571,0.5,0.8660254,1,0,0,1,7919.0,1,12043.0,1,8222.0,1,4821.0,1,7731.0,1,8992.0,0,0.0,0,0.0,7548.9224,6852.8447,-4124.0
985,2013-01-24,8515.0,721.0,1.0,1.0,0,0.0,4.0,0.45662925,0.8896571,0.5,0.8660254,1,0,0,1,7148.0,1,7919.0,1,0.0,1,4242.0,1,7726.0,1,7221.0,0,0.0,0,0.0,7388.553,6918.435,-771.0
985,2013-01-25,7260.0,740.0,1.0,1.0,0,0.0,5.0,0.45662925,0.8896571,0.5,0.8660254,1,0,0,1,8515.0,1,7148.0,1,12043.0,1,5791.0,1,0.0,1,7155.0,1,0.0,0,0.0,7839.132,7273.227,1367.0
985,2013-01-26,8451.0,837.0,1.0,0.0,0,0.0,6.0,0.45662925,0.8896571,0.5,0.8660254,1,0,0,1,7260.0,1,8515.0,1,7919.0,1,6860.0,1,10014.0,1,6626.0,1,5851.0,0,0.0,7607.479,7270.2876,-1255.0
985,2013-01-27,0.0,0.0,0.0,0.0,0,0.0,7.0,0.45662925,0.8896571,0.5,0.8660254,1,0,0,1,8451.0,1,7260.0,1,7148.0,1,8222.0,1,4821.0,1,7731.0,1,6164.0,0,0.0,7944.8877,7532.6685,1191.0
985,2013-01-28,4878.0,597.0,1.0,0.0,0,0.0,1.0,0.55864674,0.82940567,0.5,0.8660254,1,0,0,1,0.0,1,8451.0,1,8515.0,1,0.0,1,4242.0,1,7726.0,1,7316.0,0,0.0,4766.9326,5858.742,-8451.0
985,2013-01-29,5632.0,531.0,1.0,0.0,0,0.0,2.0,0.55864674,0.82940567,0.5,0.8660254,1,0,0,1,4878.0,1,0.0,1,7260.0,1,12043.0,1,5791.0,1,0.0,1,8091.0,0,0.0,4811.3594,5640.7993,4878.0
985,2013-01-30,5207.0,569.0,1.0,0.0,0,0.0,3.0,0.55864674,0.82940567,0.5,0.8660254,1,0,0,1,5632.0,1,4878.0,1,8451.0,1,7919.0,1,6860.0,1,10014.0,1,0.0,0,0.0,5139.6157,5638.8438,754.0
985,2013-01-31,7296.0,648.0,1.0,0.0,0,0.0,4.0,0.55864674,0.82940567,0.5,0.8660254,1,0,1,1,5207.0,1,5632.0,1,0.0,1,7148.0,1,8222.0,1,4821.0,1,8992.0,0,0.0,5166.5693,5542.8784,-425.0
985,2013-02-01,7853.0,721.0,1.0,0.0,0,0.0,5.0,0.55864674,0.82940567,0.8660254,0.5,1,1,0,1,7296.0,1,5207.0,1,4878.0,1,8515.0,1,0.0,1,4242.0,1,7221.0,0,0.0,6018.342,5932.461,2089.0
985,2013-02-02,8729.0,875.0,1.0,0.0,0,0.0,6.0,0.55864674,0.82940567,0.8660254,0.5,1,0,0,1,7853.0,1,7296.0,1,5632.0,1,7260.0,1,12043.0,1,5791.0,1,7155.0,0,0.0,6752.205,6359.2476,557.0
985,2013-02-03,0.0,0.0,0.0,0.0,0,0.0,7.0,0.55864674,0.82940567,0.8660254,0.5,1,0,0,1,8729.0,1,7853.0,1,5207.0,1,8451.0,1,7919.0,1,6860.0,1,6626.0,0,0.0,7542.923,6885.8594,876.0
985,2013-02-04,9088.0,898.0,1.0,1.0,0,0.0,1.0,0.65282214,0.75751126,0.8660254,0.5,1,0,0,1,0.0,1,8729.0,1,7296.0,1,0.0,1,7148.0,1,8222.0,1,7731.0,0,0.0,4525.754,5355.6685,-8729.0
985,2013-02-05,7095.0,704.0,1.0,1.0,0,0.0,2.0,0.65282214,0.75751126,0.8660254,0.5,1,0,0,1,9088.0,1,0.0,1,7853.0,1,4878.0,1,8515.0,1,0.0,1,7726.0,0,0.0,6350.6523,6185.075,9088.0
985,2013-02-06,7243.0,701.0,1.0,1.0,0,0.0,3.0,0.65282214,0.75751126,0.8660254,0.5,1,0,0,1,7095.0,1,9088.0,1,8729.0,1,5632.0,1,7260.0,1,12043.0,1,0.0,0,0.0,6648.3916,6387.281,-1993.0
985,2013-02-07,5935.0,643.0,1.0,1.0,0,0.0,4.0,0.65282214,0.75751126,0.8660254,0.5,1,0,0,1,7243.0,1,7095.0,1,0.0,1,5207.0,1,8451.0,1,7919.0,1,10014.0,0,0.0,6886.235,6577.4404,148.0
985,2013-02-08,11024.0,822.0,1.0,1.0,0,0.0,5.0,0.65282214,0.75751126,0.8660254,0.5,1,0,0,1,5935.0,1,7243.0,1,9088.0,1,7296.0,1,0.0,1,7148.0,1,4821.0,0,0.0,6505.7407,6434.6763,-1308.0
985,2013-02-09,7808.0,861.0,1.0,0.0,0,0.0,6.0,0.65282214,0.75751126,0.8660254,0.5,1,0,0,1,11024.0,1,5935.0,1,7095.0,1,7853.0,1,4878.0,1,8515.0,1,4242.0,0,0.0,8313.045,7454.526,5089.0
985,2013-02-10,0.0,0.0,0.0,0.0,0,0.0,7.0,0.65282214,0.75751126,0.8660254,0.5,1,0,0,1,7808.0,1,11024.0,1,7243.0,1,8729.0,1,5632.0,1,7260.0,1,5791.0,0,0.0,8111.027,7533.0757,-3216.0
985,2013-02-11,6349.0,727.0,1.0,0.0,0,0.0,1.0,0.73783326,0.674983,0.8660254,0.5,1,0,0,1,0.0,1,7808.0,1,5935.0,1,0.0,1,5207.0,1,8451.0,1,6860.0,0,0.0,4866.616,5859.0586,-7808.0
985,2013-02-12,10760.0,625.0,1.0,0.0,0,0.0,2.0,0.73783326,0.674983,0.8660254,0.5,1,0,0,1,6349.0,1,0.0,1,11024.0,1,9088.0,1,7296.0,1,0.0,1,8222.0,0,0.0,5459.57,5967.9346,6349.0
985,2013-02-13,5595.0,657.0,1.0,0.0,0,0.0,3.0,0.73783326,0.674983,0.8660254,0.5,1,0,0,1,10760.0,1,6349.0,1,7808.0,1,7095.0,1,7853.0,1,4878.0,1,0.0,0,0.0,7579.7417,7032.838,4411.0
985,2013-02-14,6211.0,706.0,1.0,0.0,0,0.0,4.0,0.73783326,0.674983,0.8660254,0.5,1,0,0,1,5595.0,1,10760.0,1,0.0,1,7243.0,1,8729.0,1,5632.0,1,12043.0,0,0.0,6785.845,6713.3184,-5165.0
985,2013-02-15,7107.0,596.0,1.0,0.0,0,0.0,5.0,0.73783326,0.674983,0.8660254,0.5,1,0,0,1,6211.0,1,5595.0,1,6349.0,1,5935.0,1,0.0,1,5207.0,1,7919.0,0,0.0,6555.907,6601.6924,616.0
985,2013-02-16,8305.0,870.0,1.0,0.0,0,0.0,6.0,0.73783326,0.674983,0.8660254,0.5,1,0,0,1,7107.0,1,6211.0,1,10760.0,1,11024.0,1,9088.0,1,7296.0,1,7148.0,0,0.0,6776.344,6713.983,896.0
985,2013-02-17,0.0,0.0,0.0,0.0,0,0.0,7.0,0.73783326,0.674983,0.8660254,0.5,1,0,0,1,8305.0,1,7107.0,1,5595.0,1,7808.0,1,7095.0,1,7853.0,1,8515.0,0,0.0,7387.8066,7067.542,1198.0
985,2013-02-18,9148.0,847.0,1.0,1.0,0,0.0,1.0,0.8124869,0.5829795,0.8660254,0.5,1,0,0,1,0.0,1,8305.0,1,6211.0,1,0.0,1,7243.0,1,8729.0,1,7260.0,0,0.0,4432.684,5496.977,-8305.0
985,2013-02-19,7296.0,706.0,1.0,1.0,0,0.0,2.0,0.8124869,0.5829795,0.8660254,0.5,1,0,0,1,9148.0,1,0.0,1,7107.0,1,6349.0,1,5935.0,1,0.0,1,8451.0,0,0.0,6318.8105,6308.3154,9148.0
985,2013-02-20,7210.0,717.0,1.0,1.0,0,0.0,3.0,0.8124869,0.5829795,0.8660254,0.5,1,0,0,1,7296.0,1,9148.0,1,8305.0,1,10760.0,1,11024.0,1,9088.0,1,0.0,0,0.0,6709.686,6527.8013,-1852.0
985,2013-02-21,9252.0,721.0,1.0,1.0,0,0.0,4.0,0.8124869,0.5829795,0.8660254,0.5,1,0,0,1,7210.0,1,7296.0,1,0.0,1,5595.0,1,7808.0,1,7095.0,1,4878.0,0,0.0,6909.8115,6679.401,-86.0
985,2013-02-22,14486.0,793.0,1.0,1.0,0,0.0,5.0,0.8124869,0.5829795,0.8660254,0.5,1,0,0,1,9252.0,1,7210.0,1,9148.0,1,6211.0,1,0.0,1,7243.0,1,5632.0,1,0.0,7846.687,7251.0894,2042.0
985,2013-02-23,8170.0,897.0,1.0,0.0,0,0.0,6.0,0.8124869,0.5829795,0.8660254,0.5,1,0,0,1,14486.0,1,9252.0,1,7296.0,1,7107.0,1,6349.0,1,5935.0,1,5207.0,1,5851.0,10502.412,8858.848,5234.0
985,2013-02-24,0.0,0.0,0.0,0.0,0,0.0,7.0,0.8124869,0.5829795,0.8660254,0.5,1,0,0,1,8170.0,1,14486.0,1,7210.0,1,8305.0,1,10760.0,1,11024.0,1,7296.0,1,6164.0,9569.447,8705.7705,-6316.0
985,2013-02-25,5137.0,626.0,1.0,0.0,0,0.0,1.0,0.8757349,0.4827922,0.8660254,0.5,1,0,0,1,0.0,1,8170.0,1,9252.0,1,0.0,1,5595.0,1,7808.0,1,7853.0,1,7316.0,5741.6685,6771.155,-8170.0
985,2013-02-26,4605.0,526.0,1.0,0.0,0,0.0,2.0,0.8757349,0.4827922,0.8660254,0.5,1,0,0,1,5137.0,1,0.0,1,14486.0,1,9148.0,1,6211.0,1,0.0,1,8729.0,1,8091.0,5499.8013,6408.0093,5137.0
985,2013-02-27,5260.0,594.0,1.0,0.0,0,0.0,3.0,0.8757349,0.4827922,0.8660254,0.5,1,0,0,1,4605.0,1,5137.0,1,8170.0,1,7296.0,1,7107.0,1,6349.0,1,0.0,1,0.0,5141.881,6007.3403,-532.0
985,2013-02-28,6934.0,710.0,1.0,0.0,0,0.0,4.0,0.8757349,0.4827922,0.8660254,0.5,1,0,1,1,5260.0,1,4605.0,1,0.0,1,7210.0,1,8305.0,1,10760.0,1,9088.0,1,8992.0,5189.1284,5841.2646,655.0
985,2013-03-01,6860.0,730.0,1.0,0.0,0,0.0,5.0,0.8757349,0.4827922,1.0,6.123234e-17,1,1,0,1,6934.0,1,5260.0,1,5137.0,1,9252.0,1,0.0,1,5595.0,1,7095.0,1,7221.0,5887.077,6084.0947,1674.0
985,2013-03-02,8633.0,885.0,1.0,0.0,0,0.0,6.0,0.8757349,0.4827922,1.0,6.123234e-17,1,0,0,1,6860.0,1,6934.0,1,4605.0,1,14486.0,1,9148.0,1,6211.0,1,7243.0,1,7155.0,6276.246,6256.518,-74.0
985,2013-03-03,0.0,0.0,0.0,0.0,0,0.0,7.0,0.8757349,0.4827922,1.0,6.123234e-17,1,0,0,1,8633.0,1,6860.0,1,5260.0,1,8170.0,1,7296.0,1,7107.0,1,5935.0,1,6626.0,7218.9478,6784.6255,1773.0
985,2013-03-04,8434.0,824.0,1.0,1.0,0,0.0,1.0,0.9266896,0.37582758,1.0,6.123234e-17,1,0,0,1,0.0,1,8633.0,1,6934.0,1,0.0,1,7210.0,1,8305.0,1,11024.0,1,7731.0,4331.3687,5276.9307,-8633.0
985,2013-03-05,7308.0,728.0,1.0,1.0,0,0.0,2.0,0.9266896,0.37582758,1.0,6.123234e-17,1,0,0,1,8434.0,1,0.0,1,6860.0,1,5137.0,1,9252.0,1,0.0,1,7808.0,1,7726.0,5972.4214,5978.5015,8434.0
985,2013-03-06,6635.0,680.0,1.0,1.0,0,0.0,3.0,0.9266896,0.37582758,1.0,6.123234e-17,1,0,0,1,7308.0,1,8434.0,1,8633.0,1,4605.0,1,14486.0,1,9148.0,1,0.0,1,0.0,6506.653,6273.946,-1126.0
985,2013-03-07,6929.0,694.0,1.0,1.0,0,0.0,4.0,0.9266896,0.37582758,1.0,6.123234e-17,1,0,0,1,6635.0,1,7308.0,1,0.0,1,5260.0,1,8170.0,1,7296.0,1,6349.0,1,10014.0,6557.9917,6354.18,-673.0
985,2013-03-08,7604.0,756.0,1.0,1.0,0,0.0,5.0,0.9266896,0.37582758,1.0,6.123234e-17,1,0,0,1,6929.0,1,6635.0,1,8434.0,1,6934.0,1,0.0,1,7210.0,1,10760.0,1,4821.0,6706.395,6481.918,294.0
985,2013-03-09,7061.0,791.0,1.0,0.0,0,0.0,6.0,0.9266896,0.37582758,1.0,6.123234e-17,1,0,0,1,7604.0,1,6929.0,1,7308.0,1,6860.0,1,5137.0,1,9252.0,1,5595.0,1,4242.0,7065.437,6731.2695,675.0
985,2013-03-10,0.0,0.0,0.0,0.0,0,0.0,7.0,0.9266896,0.37582758,1.0,6.123234e-17,1,0,0,1,7061.0,1,7604.0,1,6635.0,1,8633.0,1,4605.0,1,14486.0,1,6211.0,1,5791.0,7063.662,6804.543,-543.0
985,2013-03-11,7894.0,700.0,1.0,0.0,0,0.0,1.0,0.9646356,0.26358718,1.0,6.123234e-17,1,0,0,1,0.0,1,7061.0,1,6929.0,1,0.0,1,5260.0,1,8170.0,1,7107.0,1,6860.0,4238.1973,5292.4224,-7061.0
985,2013-03-12,5514.0,577.0,1.0,0.0,0,0.0,2.0,0.9646356,0.26358718,1.0,6.123234e-17,1,0,0,1,7894.0,1,0.0,1,7604.0,1,8434.0,1,6934.0,1,0.0,1,8305.0,1,8222.0,5700.5186,5870.551,7894.0
985,2013-03-13,5621.0,622.0,1.0,0.0,0,0.0,3.0,0.9646356,0.26358718,1.0,6.123234e-17,1,0,0,1,5514.0,1,7894.0,1,7061.0,1,7308.0,1,6860.0,1,5137.0,1,0.0,1,0.0,5625.911,5791.3174,-2380.0
985,2013-03-14,9905.0,662.0,1.0,0.0,0,0.0,4.0,0.9646356,0.26358718,1.0,6.123234e-17,1,0,0,1,5621.0,1,5514.0,1,0.0,1,6635.0,1,8633.0,1,4605.0,1,9148.0,1,12043.0,5623.947,5753.4688,107.0
985,2013-03-15,9347.0,685.0,1.0,0.0,0,0.0,5.0,0.9646356,0.26358718,1.0,6.123234e-17,1,0,0,1,9905.0,1,5621.0,1,7894.0,1,6929.0,1,0.0,1,5260.0,1,7296.0,1,7919.0,7336.368,6676.0312,4284.0
985,2013-03-16,8802.0,939.0,1.0,0.0,0,0.0,6.0,0.9646356,0.26358718,1.0,6.123234e-17,1,0,0,1,9347.0,1,9905.0,1,5514.0,1,7604.0,1,8434.0,1,6934.0,1,7210.0,1,7148.0,8140.6206,7269.58,-558.0
985,2013-03-17,0.0,0.0,0.0,0.0,0,0.0,7.0,0.9646356,0.26358718,1.0,6.123234e-17,1,0,0,1,8802.0,1,9347.0,1,5621.0,1,7061.0,1,7308.0,1,6860.0,1,9252.0,1,8515.0,8405.173,7610.1177,-545.0
985,2013-03-18,9238.0,877.0,1.0,1.0,0,0.0,1.0,0.9890402,0.14764656,1.0,6.123234e-17,1,0,0,1,0.0,1,8802.0,1,9905.0,1,0.0,1,6635.0,1,8633.0,1,14486.0,1,7260.0,5043.1035,5918.9805,-8802.0
985,2013-03-19,7765.0,771.0,1.0,1.0,0,0.0,2.0,0.9890402,0.14764656,1.0,6.123234e-17,1,0,0,1,9238.0,1,0.0,1,9347.0,1,7894.0,1,6929.0,1,0.0,1,8170.0,1,8451.0,6721.062,6656.5405,9238.0
985,2013-03-20,7111.0,732.0,1.0,1.0,0,0.0,3.0,0.9890402,0.14764656,1.0,6.123234e-17,1,0,0,1,7765.0,1,9238.0,1,8802.0,1,5514.0,1,7604.0,1,8434.0,1,0.0,1,0.0,7138.637,6902.8647,-1473.0
985,2013-03-21,7611.0,744.0,1.0,1.0,0,0.0,4.0,0.9890402,0.14764656,1.0,6.123234e-17,1,0,0,1,7111.0,1,7765.0,1,0.0,1,5621.0,1,7061.0,1,7308.0,1,5137.0,1,4878.0,7127.5825,6949.117,-654.0
985,2013-03-22,17624.0,784.0,1.0,1.0,0,0.0,5.0,0.9890402,0.14764656,1.0,6.123234e-17,1,0,0,1,7611.0,1,7111.0,1,9238.0,1,9905.0,1,0.0,1,6635.0,1,4605.0,1,5632.0,7320.949,7096.202,500.0
985,2013-03-23,8891.0,946.0,1.0,0.0,0,0.0,6.0,0.9890402,0.14764656,1.0,6.123234e-17,1,0,0,1,17624.0,1,7611.0,1,7765.0,1,9347.0,1,7894.0,1,6929.0,1,5260.0,1,5207.0,11442.17,9435.713,10013.0
985,2013-03-24,0.0,0.0,0.0,0.0,0,0.0,7.0,0.9890402,0.14764656,1.0,6.123234e-17,1,0,0,1,8891.0,1,17624.0,1,7111.0,1,8802.0,1,5514.0,1,7604.0,1,6934.0,1,7296.0,10421.702,9314.665,-8733.0
985,2013-03-25,10616.0,921.0,1.0,1.0,0,1.0,1.0,0.99956083,0.029633328,1.0,6.123234e-17,1,0,0,1,0.0,1,8891.0,1,7611.0,1,0.0,1,5621.0,1,7061.0,1,6860.0,1,7853.0,6253.021,7244.7397,-8891.0
985,2013-03-26,10091.0,895.0,1.0,1.0,0,1.0,2.0,0.99956083,0.029633328,1.0,6.123234e-17,1,0,0,1,10616.0,1,0.0,1,17624.0,1,9238.0,1,9905.0,1,0.0,1,8633.0,1,8729.0,7998.2124,7993.9087,10616.0
985,2013-03-27,10273.0,1005.0,1.0,1.0,0,1.0,3.0,0.99956083,0.029633328,1.0,6.123234e-17,1,0,0,1,10091.0,1,10616.0,1,8891.0,1,7765.0,1,9347.0,1,7894.0,1,0.0,1,0.0,8835.327,8459.929,-525.0
985,2013-03-28,12085.0,1155.0,1.0,1.0,0,1.0,4.0,0.99956083,0.029633328,1.0,6.123234e-17,1,0,0,1,10273.0,1,10091.0,1,0.0,1,7111.0,1,8802.0,1,5514.0,1,8434.0,1,9088.0,9410.396,8862.834,182.0
985,2013-03-29,0.0,0.0,0.0,1.0,2,1.0,5.0,0.99956083,0.029633328,1.0,6.123234e-17,1,0,0,1,12085.0,1,10273.0,1,10616.0,1,7611.0,1,0.0,1,5621.0,1,7308.0,1,7095.0,10480.238,9578.871,1812.0
985,2013-03-30,14036.0,1314.0,1.0,0.0,0,0.0,6.0,0.99956083,0.029633328,1.0,6.123234e-17,1,0,0,1,0.0,1,12085.0,1,10091.0,1,17624.0,1,9238.0,1,9905.0,1,6635.0,1,7243.0,6288.1426,7450.233,-12085.0
985,2013-03-31,0.0,0.0,0.0,0.0,0,0.0,7.0,0.99956083,0.029633328,1.0,6.123234e-17,1,0,1,1,14036.0,1,0.0,1,10273.0,1,8891.0,1,7765.0,1,9347.0,1,6929.0,1,5935.0,9387.286,8913.736,14036.0
985,2013-04-01,0.0,0.0,0.0,0.0,2,1.0,1.0,0.9960498,-0.08879589,0.8660254,-0.5,2,1,0,1,0.0,1,14036.0,1,12085.0,1,0.0,1,7111.0,1,8802.0,1,7604.0,1,11024.0,5632.3716,6932.9062,-14036.0
985,2013-04-02,6559.0,748.0,1.0,0.0,0,1.0,2.0,0.9960498,-0.08879589,0.8660254,-0.5,2,0,0,1,0.0,1,0.0,1,0.0,1,10616.0,1,7611.0,1,0.0,1,7061.0,1,7808.0,3379.4229,5392.2603,0.0
985,2013-04-03,7301.0,736.0,1.0,0.0,0,1.0,3.0,0.9960498,-0.08879589,0.8660254,-0.5,2,0,0,1,6559.0,1,0.0,1,14036.0,1,10091.0,1,17624.0,1,9238.0,1,0.0,1,0.0,4651.254,5651.5356,6559.0
985,2013-04-04,5988.0,674.0,1.0,0.0,0,1.0,4.0,0.9960498,-0.08879589,0.8660254,-0.5,2,0,0,1,7301.0,1,6559.0,1,0.0,1,10273.0,1,8891.0,1,7765.0,1,7894.0,1,6349.0,5711.1523,6018.0835,742.0
985,2013-04-05,6423.0,716.0,1.0,0.0,0,1.0,5.0,0.9960498,-0.08879589,0.8660254,-0.5,2,0,0,1,5988.0,1,7301.0,1,0.0,1,12085.0,1,0.0,1,7111.0,1,5514.0,1,10760.0,5821.891,6011.3984,-1313.0
985,2013-04-06,8237.0,878.0,1.0,0.0,0,0.0,6.0,0.9960498,-0.08879589,0.8660254,-0.5,2,0,0,1,6423.0,1,5988.0,1,6559.0,1,0.0,1,10616.0,1,7611.0,1,5621.0,1,5595.0,6062.335,6102.865,435.0
985,2013-04-07,0.0,0.0,0.0,0.0,0,0.0,7.0,0.9960498,-0.08879589,0.8660254,-0.5,2,0,0,1,8237.0,1,6423.0,1,7301.0,1,14036.0,1,10091.0,1,17624.0,1,9905.0,1,6211.0,6932.2007,6577.1177,1814.0
985,2013-04-08,9607.0,898.0,1.0,1.0,0,0.0,1.0,0.9785565,-0.20597862,0.8660254,-0.5,2,0,0,1,0.0,1,8237.0,1,5988.0,1,0.0,1,10273.0,1,8891.0,1,9347.0,1,7107.0,4159.3203,5115.5356,-8237.0
985,2013-04-09,8155.0,749.0,1.0,1.0,0,0.0,2.0,0.9785565,-0.20597862,0.8660254,-0.5,2,0,0,1,9607.0,1,0.0,1,6423.0,1,0.0,1,12085.0,1,0.0,1,8802.0,1,8305.0,6338.392,6113.639,9607.0
985,2013-04-10,8330.0,703.0,1.0,1.0,0,0.0,3.0,0.9785565,-0.20597862,0.8660254,-0.5,2,0,0,1,8155.0,1,9607.0,1,8237.0,1,6559.0,1,0.0,1,10616.0,1,0.0,1,0.0,7065.035,6567.275,-1452.0
985,2013-04-11,7642.0,747.0,1.0,1.0,0,0.0,4.0,0.9785565,-0.20597862,0.8660254,-0.5,2,0,0,1,8330.0,1,8155.0,1,0.0,1,7301.0,1,14036.0,1,10091.0,1,9238.0,1,9148.0,7571.021,6958.9917,175.0
985,2013-04-12,8316.0,810.0,1.0,1.0,0,0.0,5.0,0.9785565,-0.20597862,0.8660254,-0.5,2,0,0,1,7642.0,1,8330.0,1,9607.0,1,5988.0,1,0.0,1,10273.0,1,7765.0,1,7296.0,7599.4126,7110.771,-688.0
985,2013-04-13,7868.0,851.0,1.0,0.0,0,0.0,6.0,0.9785565,-0.20597862,0.8660254,-0.5,2,0,0,1,8316.0,1,7642.0,1,8155.0,1,6423.0,1,0.0,1,12085.0,1,7111.0,1,7210.0,7886.048,7378.5996,674.0
985,2013-04-14,0.0,0.0,0.0,0.0,0,0.0,7.0,0.9785565,-0.20597862,0.8660254,-0.5,2,0,0,1,7868.0,1,8316.0,1,8330.0,1,8237.0,1,6559.0,1,0.0,1,7611.0,1,9252.0,7878.8286,7487.3555,-448.0
985,2013-04-15,5564.0,617.0,1.0,0.0,0,0.0,1.0,0.94732636,-0.32026985,0.8660254,-0.5,2,0,0,1,0.0,1,7868.0,1,7642.0,1,0.0,1,7301.0,1,14036.0,1,17624.0,1,14486.0,4727.2974,5823.4985,-7868.0
985,2013-04-16,9580.0,548.0,1.0,0.0,0,0.0,2.0,0.94732636,-0.32026985,0.8660254,-0.5,2,0,0,1,5564.0,1,0.0,1,8316.0,1,9607.0,1,5988.0,1,0.0,1,8891.0,1,8170.0,5061.9785,5765.832,5564.0
985,2013-04-17,4513.0,554.0,1.0,0.0,0,0.0,3.0,0.94732636,-0.32026985,0.8660254,-0.5,2,0,0,1,9580.0,1,5564.0,1,7868.0,1,8155.0,1,6423.0,1,0.0,1,0.0,1,0.0,6869.187,6613.4253,4016.0
985,2013-04-18,4831.0,603.0,1.0,0.0,0,0.0,4.0,0.94732636,-0.32026985,0.8660254,-0.5,2,0,0,1,4513.0,1,9580.0,1,0.0,1,8330.0,1,8237.0,1,6559.0,1,10616.0,1,5137.0,5926.7124,6146.664,-5067.0
985,2013-04-19,9080.0,693.0,1.0,0.0,0,0.0,5.0,0.94732636,-0.32026985,0.8660254,-0.5,2,0,0,1,4831.0,1,4513.0,1,5564.0,1,7642.0,1,0.0,1,7301.0,1,10091.0,1,4605.0,5488.4272,5854.2944,318.0
985,2013-04-20,8313.0,912.0,1.0,0.0,0,0.0,6.0,0.94732636,-0.32026985,0.8660254,-0.5,2,0,0,1,9080.0,1,4831.0,1,9580.0,1,8316.0,1,9607.0,1,5988.0,1,10273.0,1,5260.0,6925.056,6571.1177,4249.0
985,2013-04-21,0.0,0.0,0.0,0.0,0,0.0,7.0,0.94732636,-0.32026985,0.8660254,-0.5,2,0,0,1,8313.0,1,9080.0,1,4513.0,1,7868.0,1,8155.0,1,6423.0,1,12085.0,1,6934.0,7480.234,6958.2026,-767.0
985,2013-04-22,11786.0,834.0,1.0,1.0,0,0.0,1.0,0.9027978,-0.4300652,0.8660254,-0.5,2,0,0,1,0.0,1,8313.0,1,4831.0,1,0.0,1,8330.0,1,8237.0,1,0.0,1,6860.0,4488.14,5411.9355,-8313.0
985,2013-04-23,6917.0,695.0,1.0,1.0,0,0.0,2.0,0.9027978,-0.4300652,0.8660254,-0.5,2,0,0,1,11786.0,1,0.0,1,9080.0,1,5564.0,1,7642.0,1,0.0,1,14036.0,1,8633.0,7407.284,6828.394,11786.0
985,2013-04-24,6418.0,625.0,1.0,1.0,0,0.0,3.0,0.9027978,-0.4300652,0.8660254,-0.5,2,0,0,1,6917.0,1,11786.0,1,8313.0,1,9580.0,1,8316.0,1,9607.0,1,0.0,1,0.0,7211.1704,6848.0845,-4869.0
985,2013-04-25,11828.0,641.0,1.0,1.0,0,0.0,4.0,0.9027978,-0.4300652,0.8660254,-0.5,2,0,0,1,6418.0,1,6917.0,1,0.0,1,4513.0,1,7868.0,1,8155.0,1,0.0,1,8434.0,6893.9023,6752.5103,-499.0
985,2013-04-26,6903.0,732.0,1.0,1.0,0,0.0,5.0,0.9027978,-0.4300652,0.8660254,-0.5,2,0,0,1,11828.0,1,6418.0,1,11786.0,1,4831.0,1,0.0,1,8330.0,1,6559.0,1,7308.0,8867.541,7880.3965,5410.0
985,2013-04-27,9255.0,933.0,1.0,0.0,0,0.0,6.0,0.9027978,-0.4300652,0.8660254,-0.5,2,0,0,1,6903.0,1,11828.0,1,6917.0,1,9080.0,1,5564.0,1,7642.0,1,7301.0,1,6635.0,8081.7246,7663.1973,-4925.0
985,2013-04-28,0.0,0.0,0.0,0.0,0,0.0,7.0,0.9027978,-0.4300652,0.8660254,-0.5,2,0,0,1,9255.0,1,6903.0,1,6418.0,1,8313.0,1,9580.0,1,8316.0,1,5988.0,1,6929.0,8551.035,8016.931,2352.0
985,2013-04-29,10622.0,851.0,1.0,1.0,0,0.0,1.0,0.845596,-0.5338234,0.8660254,-0.5,2,0,0,1,0.0,1,9255.0,1,11828.0,1,0.0,1,4513.0,1,7868.0,1,6423.0,1,7604.0,5130.621,6235.391,-9255.0
985,2013-04-30,9775.0,948.0,1.0,1.0,0,0.0,2.0,0.845596,-0.5338234,0.8660254,-0.5,2,0,1,1,10622.0,1,0.0,1,6903.0,1,11786.0,1,4831.0,1,0.0,1,8237.0,1,7061.0,7327.1724,7210.193,10622.0
985,2013-05-01,0.0,0.0,0.0,1.0,1,0.0,3.0,0.845596,-0.5338234,0.5,-0.8660254,2,1,0,1,9775.0,1,10622.0,1,9255.0,1,6917.0,1,9080.0,1,5564.0,1,0.0,1,0.0,8306.304,7780.15,-847.0
985,2013-05-02,9031.0,832.0,1.0,1.0,0,0.0,4.0,0.845596,-0.5338234,0.5,-0.8660254,2,0,0,1,0.0,1,9775.0,1,0.0,1,6418.0,1,8313.0,1,9580.0,1,9607.0,1,7894.0,4983.782,6051.228,-9775.0
985,2013-05-03,12063.0,839.0,1.0,1.0,0,0.0,5.0,0.845596,-0.5338234,0.5,-0.8660254,2,0,0,1,9031.0,1,0.0,1,10622.0,1,11828.0,1,0.0,1,4513.0,1,8155.0,1,5514.0,6602.6694,6713.3994,9031.0
985,2013-05-04,8661.0,943.0,1.0,0.0,0,0.0,6.0,0.845596,-0.5338234,0.5,-0.8660254,2,0,0,1,12063.0,1,9031.0,1,9775.0,1,6903.0,1,11786.0,1,4831.0,1,8330.0,1,5621.0,8786.802,7902.1997,3032.0
985,2013-05-05,0.0,0.0,0.0,0.0,0,0.0,7.0,0.845596,-0.5338234,0.5,-0.8660254,2,0,0,1,8661.0,1,12063.0,1,0.0,1,9255.0,1,6917.0,1,9080.0,1,7642.0,1,9905.0,8736.48,8070.822,-3402.0
985,2013-05-06,8104.0,647.0,1.0,0.0,0,0.0,1.0,0.7765239,-0.63008785,0.5,-0.8660254,2,0,0,1,0.0,1,8661.0,1,9031.0,1,0.0,1,6418.0,1,8313.0,1,8316.0,1,9347.0,5241.8887,6277.306,-8661.0
985,2013-05-07,5851.0,644.0,1.0,0.0,0,0.0,2.0,0.7765239,-0.63008785,0.5,-0.8660254,2,0,0,1,8104.0,1,0.0,1,12063.0,1,10622.0,1,11828.0,1,0.0,1,7868.0,1,8802.0,6386.733,6683.238,8104.0
985,2013-05-08,7096.0,780.0,1.0,0.0,0,0.0,3.0,0.7765239,-0.63008785,0.5,-0.8660254,2,0,0,1,5851.0,1,8104.0,1,8661.0,1,9775.0,1,6903.0,1,11786.0,1,0.0,1,0.0,6172.44,6498.2964,-2253.0
985,2013-05-09,0.0,0.0,0.0,0.0,1,0.0,4.0,0.7765239,-0.63008785,0.5,-0.8660254,2,0,0,1,7096.0,1,5851.0,1,0.0,1,0.0,1,9255.0,1,6917.0,1,5564.0,1,9238.0,6541.864,6631.119,1245.0
985,2013-05-10,9416.0,982.0,1.0,0.0,0,0.0,5.0,0.7765239,-0.63008785,0.5,-0.8660254,2,0,0,1,0.0,1,7096.0,1,8104.0,1,9031.0,1,0.0,1,6418.0,1,9580.0,1,7765.0,3925.1184,5157.537,-7096.0
985,2013-05-11,8968.0,914.0,1.0,0.0,0,0.0,6.0,0.7765239,-0.63008785,0.5,-0.8660254,2,0,0,1,9416.0,1,0.0,1,5851.0,1,12063.0,1,10622.0,1,11828.0,1,4513.0,1,7111.0,6121.471,6103.8623,9416.0
985,2013-05-12,0.0,0.0,0.0,0.0,0,0.0,7.0,0.7765239,-0.63008785,0.5,-0.8660254,2,0,0,1,8968.0,1,9416.0,1,7096.0,1,8661.0,1,9775.0,1,6903.0,1,4831.0,1,7611.0,7260.0825,6740.3374,-448.0
985,2013-05-13,8957.0,829.0,1.0,1.0,0,0.0,1.0,0.696551,-0.71750724,0.5,-0.8660254,2,0,0,1,0.0,1,8968.0,1,0.0,1,0.0,1,0.0,1,9255.0,1,9080.0,1,17624.0,4356.05,5242.4844,-8968.0
985,2013-05-14,7446.0,709.0,1.0,1.0,0,0.0,2.0,0.696551,-0.71750724,0.5,-0.8660254,2,0,0,1,8957.0,1,0.0,1,9416.0,1,8104.0,1,9031.0,1,0.0,1,8313.0,1,8891.0,6196.4297,6067.9326,8957.0
985,2013-05-15,11358.0,668.0,1.0,1.0,0,0.0,3.0,0.696551,-0.71750724,0.5,-0.8660254,2,0,0,1,7446.0,1,8957.0,1,8968.0,1,5851.0,1,12063.0,1,10622.0,1,0.0,1,0.0,6696.258,6374.17,-1511.0
985,2013-05-16,8565.0,771.0,1.0,1.0,0,0.0,4.0,0.696551,-0.71750724,0.5,-0.8660254,2,0,0,1,11358.0,1,7446.0,1,0.0,1,7096.0,1,8661.0,1,9775.0,1,11786.0,1,10616.0,8560.955,7481.6875,3912.0
985,2013-05-17,10817.0,845.0,1.0,1.0,0,0.0,5.0,0.696551,-0.71750724,0.5,-0.8660254,2,0,0,1,8565.0,1,11358.0,1,8957.0,1,0.0,1,0.0,1,0.0,1,6917.0,1,10091.0,8562.573,7722.424,-2793.0
985,2013-05-18,8217.0,805.0,1.0,0.0,0,0.0,6.0,0.696551,-0.71750724,0.5,-0.8660254,2,0,0,1,10817.0,1,8565.0,1,7446.0,1,9416.0,1,8104.0,1,9031.0,1,6418.0,1,10273.0,9464.344,8410.107,2252.0
985,2013-05-19,0.0,0.0,0.0,0.0,0,0.0,7.0,0.696551,-0.71750724,0.5,-0.8660254,2,0,0,1,8217.0,1,10817.0,1,11358.0,1,8968.0,1,5851.0,1,12063.0,1,11828.0,1,12085.0,8965.406,8367.194,-2600.0
985,2013-05-20,0.0,0.0,0.0,0.0,1,0.0,1.0,0.60680014,-0.79485446,0.5,-0.8660254,2,0,0,1,0.0,1,8217.0,1,8565.0,1,0.0,1,7096.0,1,8661.0,1,6903.0,1,0.0,5379.2437,6507.818,-8217.0
985,2013-05-21,7196.0,729.0,1.0,0.0,0,1.0,2.0,0.60680014,-0.79485446,0.5,-0.8660254,2,0,0,1,0.0,1,0.0,1,10817.0,1,8957.0,1,0.0,1,0.0,1,9255.0,1,14036.0,3227.5461,5061.636,0.0
985,2013-05-22,5834.0,619.0,1.0,0.0,0,1.0,3.0,0.60680014,-0.79485446,0.5,-0.8660254,2,0,0,1,7196.0,1,0.0,1,8217.0,1,7446.0,1,9416.0,1,8104.0,1,0.0,1,0.0,4814.9277,5535.9395,7196.0
985,2013-05-23,5460.0,609.0,1.0,0.0,0,1.0,4.0,0.60680014,-0.79485446,0.5,-0.8660254,2,0,0,1,5834.0,1,7196.0,1,0.0,1,11358.0,1,8968.0,1,5851.0,1,10622.0,1,0.0,5222.5566,5602.175,-1362.0
985,2013-05-24,9819.0,691.0,1.0,0.0,0,1.0,5.0,0.60680014,-0.79485446,0.5,-0.8660254,2,0,0,1,5460.0,1,5834.0,1,0.0,1,8565.0,1,0.0,1,7096.0,1,9775.0,1,6559.0,5317.534,5570.5806,-374.0
985,2013-05-25,7777.0,792.0,1.0,0.0,0,0.0,6.0,0.60680014,-0.79485446,0.5,-0.8660254,2,0,0,1,9819.0,1,5460.0,1,7196.0,1,10817.0,1,8957.0,1,0.0,1,0.0,1,7301.0,7118.1206,6514.674,4359.0
985,2013-05-26,0.0,0.0,0.0,0.0,0,0.0,7.0,0.60680014,-0.79485446,0.5,-0.8660254,2,0,0,1,7777.0,1,9819.0,1,5834.0,1,8217.0,1,7446.0,1,9416.0,1,9031.0,1,5988.0,7381.6724,6795.191,-2042.0
985,2013-05-27,8337.0,796.0,1.0,1.0,0,1.0,1.0,0.5085311,-0.86104363,0.5,-0.8660254,2,0,0,1,0.0,1,7777.0,1,5460.0,1,0.0,1,11358.0,1,8968.0,1,12063.0,1,6423.0,4429.0034,5285.1484,-7777.0
985,2013-05-28,6926.0,673.0,1.0,1.0,0,1.0,2.0,0.5085311,-0.86104363,0.5,-0.8660254,2,0,0,1,8337.0,1,0.0,1,9819.0,1,0.0,1,8565.0,1,0.0,1,8661.0,1,8237.0,5992.202,5963.3374,8337.0
985,2013-05-29,9701.0,877.0,1.0,1.0,0,1.0,3.0,0.5085311,-0.86104363,0.5,-0.8660254,2,0,0,1,6926.0,1,8337.0,1,7777.0,1,7196.0,1,10817.0,1,8957.0,1,0.0,1,0.0,6365.721,6177.2627,-1411.0
985,2013-05-30,0.0,0.0,0.0,1.0,1,1.0,4.0,0.5085311,-0.86104363,0.5,-0.8660254,2,0,0,1,9701.0,1,6926.0,1,0.0,1,5834.0,1,8217.0,1,7446.0,1,8104.0,1,9607.0,7699.8325,6960.3154,2775.0
985,2013-05-31,13341.0,1049.0,1.0,1.0,0,1.0,5.0,0.5085311,-0.86104363,0.5,-0.8660254,2,0,1,1,0.0,1,9701.0,1,8337.0,1,5460.0,1,0.0,1,11358.0,1,5851.0,1,8155.0,4619.8994,5413.5786,-9701.0
985,2013-06-01,11970.0,995.0,1.0,0.0,0,0.0,6.0,0.5085311,-0.86104363,1.2246469e-16,-1.0,2,1,0,1,13341.0,1,0.0,1,6926.0,1,9819.0,1,0.0,1,8565.0,1,7096.0,1,8330.0,8108.34,7175.228,13341.0
985,2013-06-02,0.0,0.0,0.0,0.0,0,0.0,7.0,0.5085311,-0.86104363,1.2246469e-16,-1.0,2,0,0,1,11970.0,1,13341.0,1,9701.0,1,7777.0,1,7196.0,1,10817.0,1,0.0,1,7642.0,9653.004,8240.732,-1371.0
985,2013-06-03,11089.0,912.0,1.0,1.0,0,0.0,1.0,0.40312344,-0.91514564,1.2246469e-16,-1.0,2,0,0,1,0.0,1,11970.0,1,0.0,1,0.0,1,5834.0,1,8217.0,1,9416.0,1,8316.0,5791.8022,6409.459,-11970.0
985,2013-06-04,7424.0,715.0,1.0,1.0,0,0.0,2.0,0.40312344,-0.91514564,1.2246469e-16,-1.0,2,0,0,1,11089.0,1,0.0,1,13341.0,1,8337.0,1,5460.0,1,0.0,1,8968.0,1,7868.0,7910.681,7449.357,11089.0
985,2013-06-05,7720.0,699.0,1.0,1.0,0,0.0,3.0,0.40312344,-0.91514564,1.2246469e-16,-1.0,2,0,0,1,7424.0,1,11089.0,1,11970.0,1,6926.0,1,9819.0,1,0.0,1,0.0,1,0.0,7716.009,7443.722,-3665.0
985,2013-06-06,8476.0,732.0,1.0,1.0,0,0.0,4.0,0.40312344,-0.91514564,1.2246469e-16,-1.0,2,0,0,1,7720.0,1,7424.0,1,0.0,1,9701.0,1,7777.0,1,7196.0,1,8957.0,1,5564.0,7717.6055,7505.117,296.0
985,2013-06-07,6968.0,741.0,1.0,1.0,0,0.0,5.0,0.40312344,-0.91514564,1.2246469e-16,-1.0,2,0,0,1,8476.0,1,7720.0,1,11089.0,1,0.0,1,0.0,1,5834.0,1,7446.0,1,9580.0,8020.9634,7720.8687,756.0
985,2013-06-08,7372.0,779.0,1.0,0.0,0,0.0,6.0,0.40312344,-0.91514564,1.2246469e-16,-1.0,2,0,0,1,6968.0,1,8476.0,1,7424.0,1,13341.0,1,8337.0,1,5460.0,1,11358.0,1,4513.0,7599.778,7553.5645,-1508.0
985,2013-06-09,0.0,0.0,0.0,0.0,0,0.0,7.0,0.40312344,-0.91514564,1.2246469e-16,-1.0,2,0,0,1,7372.0,1,6968.0,1,7720.0,1,11970.0,1,6926.0,1,9819.0,1,8565.0,1,4831.0,7508.6665,7513.217,404.0
985,2013-06-10,6076.0,658.0,1.0,0.0,0,0.0,1.0,0.29205677,-0.956401,1.2246469e-16,-1.0,2,0,0,1,0.0,1,7372.0,1,8476.0,1,0.0,1,9701.0,1,7777.0,1,10817.0,1,9080.0,4505.2,5843.6133,-7372.0
985,2013-06-11,5208.0,591.0,1.0,0.0,0,0.0,2.0,0.29205677,-0.956401,1.2246469e-16,-1.0,2,0,0,1,6076.0,1,0.0,1,6968.0,1,11089.0,1,0.0,1,0.0,1,8217.0,1,8313.0,5133.52,5895.255,6076.0
985,2013-06-12,6315.0,603.0,1.0,0.0,0,0.0,3.0,0.29205677,-0.956401,1.2246469e-16,-1.0,2,0,0,1,5208.0,1,6076.0,1,7372.0,1,7424.0,1,13341.0,1,8337.0,1,0.0,1,0.0,5163.312,5742.5312,-868.0
985,2013-06-13,4949.0,571.0,1.0,0.0,0,0.0,4.0,0.29205677,-0.956401,1.2246469e-16,-1.0,2,0,0,1,6315.0,1,5208.0,1,0.0,1,7720.0,1,11970.0,1,6926.0,1,0.0,1,11786.0,5623.9873,5869.7466,1107.0
985,2013-06-14,8300.0,667.0,1.0,0.0,0,0.0,5.0,0.29205677,-0.956401,1.2246469e-16,-1.0,2,0,0,1,4949.0,1,6315.0,1,6076.0,1,8476.0,1,0.0,1,9701.0,1,7196.0,1,6917.0,5353.992,5665.136,-1366.0
985,2013-06-15,6893.0,777.0,1.0,0.0,0,0.0,6.0,0.29205677,-0.956401,1.2246469e-16,-1.0,2,0,0,1,8300.0,1,4949.0,1,5208.0,1,6968.0,1,11089.0,1,0.0,1,5834.0,1,6418.0,6532.3955,6250.6616,3351.0
985,2013-06-16,0.0,0.0,0.0,0.0,0,0.0,7.0,0.29205677,-0.956401,1.2246469e-16,-1.0,2,0,0,1,6893.0,1,8300.0,1,6315.0,1,7372.0,1,7424.0,1,13341.0,1,5460.0,1,11828.0,6676.637,6393.4033,-1407.0
985,2013-06-17,9504.0,861.0,1.0,1.0,0,0.0,1.0,0.17689027,-0.9842306,1.2246469e-16,-1.0,2,0,0,1,0.0,1,6893.0,1,4949.0,1,0.0,1,7720.0,1,11970.0,1,9819.0,1,6903.0,4005.9824,4972.647,-6893.0
985,2013-06-18,7487.0,664.0,1.0,1.0,0,0.0,2.0,0.17689027,-0.9842306,1.2246469e-16,-1.0,2,0,0,1,9504.0,1,0.0,1,8300.0,1,6076.0,1,8476.0,1,0.0,1,7777.0,1,9255.0,6205.1895,5979.6143,9504.0
985,2013-06-19,7119.0,662.0,1.0,1.0,0,0.0,3.0,0.17689027,-0.9842306,1.2246469e-16,-1.0,2,0,0,1,7487.0,1,9504.0,1,6893.0,1,5208.0,1,6968.0,1,11089.0,1,0.0,1,0.0,6717.9136,6314.589,-2017.0
985,2013-06-20,9191.0,753.0,1.0,1.0,0,0.0,4.0,0.17689027,-0.9842306,1.2246469e-16,-1.0,2,0,0,1,7119.0,1,7487.0,1,0.0,1,6315.0,1,7372.0,1,7424.0,1,8337.0,1,10622.0,6878.348,6493.347,-368.0
985,2013-06-21,7715.0,763.0,1.0,1.0,0,0.0,5.0,0.17689027,-0.9842306,1.2246469e-16,-1.0,2,0,0,1,9191.0,1,7119.0,1,9504.0,1,4949.0,1,0.0,1,7720.0,1,6926.0,1,9775.0,7803.4087,7092.8257,2072.0
985,2013-06-22,7951.0,815.0,1.0,0.0,0,0.0,6.0,0.17689027,-0.9842306,1.2246469e-16,-1.0,2,0,0,1,7715.0,1,9191.0,1,7487.0,1,8300.0,1,6076.0,1,8476.0,1,9701.0,1,0.0,7768.0454,7231.0864,-1476.0
985,2013-06-23,0.0,0.0,0.0,0.0,0,0.0,7.0,0.17689027,-0.9842306,1.2246469e-16,-1.0,2,0,0,1,7951.0,1,7715.0,1,7119.0,1,6893.0,1,5208.0,1,6968.0,1,0.0,1,9031.0,7841.227,7391.0674,236.0
985,2013-06-24,6000.0,691.0,1.0,0.0,0,0.0,1.0,0.059240628,-0.99824375,1.2246469e-16,-1.0,2,0,0,1,0.0,1,7951.0,1,9191.0,1,0.0,1,6315.0,1,7372.0,1,13341.0,1,12063.0,4704.7363,5748.608,-7951.0
985,2013-06-25,5667.0,609.0,1.0,0.0,0,0.0,2.0,0.059240628,-0.99824375,1.2246469e-16,-1.0,2,0,0,1,6000.0,1,0.0,1,7715.0,1,9504.0,1,4949.0,1,0.0,1,11970.0,1,8661.0,5222.842,5804.4727,6000.0
985,2013-06-26,5848.0,609.0,1.0,0.0,0,0.0,3.0,0.059240628,-0.99824375,1.2246469e-16,-1.0,2,0,0,1,5667.0,1,6000.0,1,7951.0,1,7487.0,1,8300.0,1,6076.0,1,0.0,1,0.0,5400.505,5773.9233,-333.0
985,2013-06-27,7104.0,711.0,1.0,0.0,0,0.0,4.0,0.059240628,-0.99824375,1.2246469e-16,-1.0,2,0,0,1,5848.0,1,5667.0,1,0.0,1,7119.0,1,6893.0,1,5208.0,1,11089.0,1,8104.0,5579.503,5790.385,181.0
985,2013-06-28,9409.0,738.0,1.0,0.0,0,0.0,5.0,0.059240628,-0.99824375,1.2246469e-16,-1.0,2,0,0,1,7104.0,1,5848.0,1,6000.0,1,9191.0,1,0.0,1,6315.0,1,7424.0,1,5851.0,6189.302,6082.2993,1256.0
985,2013-06-29,10881.0,1038.0,1.0,0.0,0,0.0,6.0,0.059240628,-0.99824375,1.2246469e-16,-1.0,2,0,0,1,9409.0,1,7104.0,1,5667.0,1,7715.0,1,9504.0,1,4949.0,1,7720.0,1,7096.0,7477.181,6821.566,2305.0
985,2013-06-30,0.0,0.0,0.0,0.0,0,0.0,7.0,0.059240628,-0.99824375,1.2246469e-16,-1.0,2,0,1,1,10881.0,1,9409.0,1,5848.0,1,7951.0,1,7487.0,1,8300.0,1,8476.0,1,0.0,8838.709,7723.6626,1472.0
985,2013-07-01,8318.0,823.0,1.0,1.0,0,0.0,1.0,-0.059240628,-0.99824375,-0.5,-0.8660254,3,1,0,1,0.0,1,10881.0,1,7104.0,1,0.0,1,7119.0,1,6893.0,1,6968.0,1,9416.0,5303.225,6007.293,-10881.0
985,2013-07-02,8203.0,740.0,1.0,1.0,0,0.0,2.0,-0.059240628,-0.99824375,-0.5,-0.8660254,3,0,0,1,8318.0,1,0.0,1,9409.0,1,6000.0,1,9191.0,1,0.0,1,7372.0,1,8968.0,6509.1353,6520.7837,8318.0
985,2013-07-03,8679.0,765.0,1.0,1.0,0,0.0,3.0,-0.059240628,-0.99824375,-0.5,-0.8660254,3,0,0,1,8203.0,1,8318.0,1,10881.0,1,5667.0,1,7715.0,1,9504.0,1,0.0,1,0.0,7186.681,6894.6094,-115.0
985,2013-07-04,7349.0,716.0,1.0,1.0,0,0.0,4.0,-0.059240628,-0.99824375,-0.5,-0.8660254,3,0,0,1,8679.0,1,8203.0,1,0.0,1,5848.0,1,7951.0,1,7487.0,1,6076.0,1,8957.0,7783.6084,7291.1406,476.0
985,2013-07-05,12441.0,779.0,1.0,1.0,0,0.0,5.0,-0.059240628,-0.99824375,-0.5,-0.8660254,3,0,0,1,7349.0,1,8679.0,1,8318.0,1,7104.0,1,0.0,1,7119.0,1,5208.0,1,7446.0,7609.765,7303.998,-1330.0
985,2013-07-06,7278.0,776.0,1.0,0.0,0,0.0,6.0,-0.059240628,-0.99824375,-0.5,-0.8660254,3,0,0,1,12441.0,1,7349.0,1,8203.0,1,9409.0,1,6000.0,1,9191.0,1,6315.0,1,11358.0,9542.259,8445.555,5092.0
985,2013-07-07,0.0,0.0,0.0,0.0,0,0.0,7.0,-0.059240628,-0.99824375,-0.5,-0.8660254,3,0,0,1,7278.0,1,12441.0,1,8679.0,1,10881.0,1,5667.0,1,7715.0,1,4949.0,1,8565.0,8636.556,8186.0977,-5163.0
985,2013-07-08,6590.0,705.0,1.0,0.0,0,0.0,1.0,-0.17689027,-0.9842306,-0.5,-0.8660254,3,0,0,1,0.0,1,7278.0,1,7349.0,1,0.0,1,5848.0,1,7951.0,1,8300.0,1,10817.0,5181.933,6366.965,-7278.0
985,2013-07-09,6592.0,582.0,1.0,0.0,0,0.0,2.0,-0.17689027,-0.9842306,-0.5,-0.8660254,3,0,0,1,6590.0,1,0.0,1,12441.0,1,8318.0,1,7104.0,1,0.0,1,6893.0,1,8217.0,5745.16,6416.5283,6590.0
985,2013-07-10,5106.0,594.0,1.0,0.0,0,0.0,3.0,-0.17689027,-0.9842306,-0.5,-0.8660254,3,0,0,1,6592.0,1,6590.0,1,7278.0,1,8203.0,1,9409.0,1,6000.0,1,0.0,1,0.0,6083.896,6455.522,2.0
985,2013-07-11,6074.0,677.0,1.0,0.0,0,0.0,4.0,-0.17689027,-0.9842306,-0.5,-0.8660254,3,0,0,1,5106.0,1,6592.0,1,0.0,1,8679.0,1,10881.0,1,5667.0,1,9504.0,1,0.0,5692.738,6155.6284,-1486.0
985,2013-07-12,11130.0,737.0,1.0,0.0,0,0.0,5.0,-0.17689027,-0.9842306,-0.5,-0.8660254,3,0,0,1,6074.0,1,5106.0,1,6590.0,1,7349.0,1,0.0,1,5848.0,1,7487.0,1,7196.0,5845.2427,6137.489,968.0
985,2013-07-13,6898.0,759.0,1.0,0.0,0,0.0,6.0,-0.17689027,-0.9842306,-0.5,-0.8660254,3,0,0,1,11130.0,1,6074.0,1,6592.0,1,12441.0,1,8318.0,1,7104.0,1,7119.0,1,5834.0,7959.1455,7246.9355,5056.0
985,2013-07-14,0.0,0.0,0.0,0.0,0,0.0,7.0,-0.17689027,-0.9842306,-0.5,-0.8660254,3,0,0,1,6898.0,1,11130.0,1,5106.0,1,7278.0,1,8203.0,1,9409.0,1,9191.0,1,5460.0,7534.6875,7169.3945,-4232.0
985,2013-07-15,10647.0,923.0,1.0,1.0,0,0.0,1.0,-0.29205677,-0.956401,-0.5,-0.8660254,3,0,0,1,0.0,1,6898.0,1,6074.0,1,0.0,1,8679.0,1,10881.0,1,7715.0,1,9819.0,4520.8125,5576.196,-6898.0
985,2013-07-16,8891.0,753.0,1.0,1.0,0,0.0,2.0,-0.29205677,-0.956401,-0.5,-0.8660254,3,0,0,1,10647.0,1,0.0,1,11130.0,1,6590.0,1,7349.0,1,0.0,1,7951.0,1,7777.0,6971.2876,6703.041,10647.0
985,2013-07-17,10258.0,774.0,1.0,1.0,0,0.0,3.0,-0.29205677,-0.956401,-0.5,-0.8660254,3,0,0,1,8891.0,1,10647.0,1,6898.0,1,6592.0,1,12441.0,1,8318.0,1,0.0,1,0.0,7739.1724,7189.254,-1756.0
985,2013-07-18,7627.0,726.0,1.0,1.0,0,0.0,4.0,-0.29205677,-0.956401,-0.5,-0.8660254,3,0,0,1,10258.0,1,8891.0,1,0.0,1,5106.0,1,7278.0,1,8203.0,1,6000.0,1,8337.0,8746.703,7871.1978,1367.0
985,2013-07-19,9388.0,775.0,1.0,1.0,0,0.0,5.0,-0.29205677,-0.956401,-0.5,-0.8660254,3,0,0,1,7627.0,1,10258.0,1,10647.0,1,6074.0,1,0.0,1,8679.0,1,5667.0,1,6926.0,8298.822,7816.9316,-2631.0
985,2013-07-20,7993.0,786.0,1.0,0.0,0,0.0,6.0,-0.29205677,-0.956401,-0.5,-0.8660254,3,0,0,1,9388.0,1,7627.0,1,8891.0,1,11130.0,1,6590.0,1,7349.0,1,5848.0,1,9701.0,8734.493,8166.0576,1761.0
985,2013-07-21,0.0,0.0,0.0,0.0,0,0.0,7.0,-0.29205677,-0.956401,-0.5,-0.8660254,3,0,0,1,7993.0,1,9388.0,1,10258.0,1,6898.0,1,6592.0,1,12441.0,1,7104.0,1,0.0,8437.8955,8127.6006,-1395.0
985,2013-07-22,7321.0,716.0,1.0,0.0,0,0.0,1.0,-0.40312344,-0.91514564,-0.5,-0.8660254,3,0,0,1,0.0,1,7993.0,1,7627.0,1,0.0,1,5106.0,1,7278.0,1,9409.0,1,13341.0,5062.738,6321.4673,-7993.0
985,2013-07-23,5754.0,628.0,1.0,0.0,0,0.0,2.0,-0.40312344,-0.91514564,-0.5,-0.8660254,3,0,0,1,7321.0,1,0.0,1,9388.0,1,10647.0,1,6074.0,1,0.0,1,10881.0,1,11970.0,5966.0425,6543.5854,7321.0
985,2013-07-24,6258.0,665.0,1.0,0.0,0,0.0,3.0,-0.40312344,-0.91514564,-0.5,-0.8660254,3,0,0,1,5754.0,1,7321.0,1,7993.0,1,8891.0,1,11130.0,1,6590.0,1,0.0,1,0.0,5881.2256,6368.122,-1567.0
985,2013-07-25,7046.0,732.0,1.0,0.0,0,1.0,4.0,-0.40312344,-0.91514564,-0.5,-0.8660254,3,0,0,1,6258.0,1,5754.0,1,0.0,1,10258.0,1,6898.0,1,6592.0,1,8318.0,1,11089.0,6031.9355,6343.6504,504.0
985,2013-07-26,7690.0,665.0,1.0,0.0,0,1.0,5.0,-0.40312344,-0.91514564,-0.5,-0.8660254,3,0,0,1,7046.0,1,6258.0,1,7321.0,1,7627.0,1,0.0,1,5106.0,1,8203.0,1,7424.0,6437.561,6499.728,788.0
985,2013-07-27,6808.0,695.0,1.0,0.0,0,0.0,6.0,-0.40312344,-0.91514564,-0.5,-0.8660254,3,0,0,1,7690.0,1,7046.0,1,5754.0,1,9388.0,1,10647.0,1,6074.0,1,8679.0,1,7720.0,6938.5366,6764.233,644.0
985,2013-07-28,0.0,0.0,0.0,0.0,0,0.0,7.0,-0.40312344,-0.91514564,-0.5,-0.8660254,3,0,0,1,6808.0,1,7690.0,1,6258.0,1,7993.0,1,8891.0,1,11130.0,1,7349.0,1,8476.0,6886.3223,6773.959,-882.0
985,2013-07-29,9843.0,854.0,1.0,1.0,0,1.0,1.0,-0.5085311,-0.86104363,-0.5,-0.8660254,3,0,0,1,0.0,1,6808.0,1,7046.0,1,0.0,1,10258.0,1,6898.0,1,12441.0,1,6968.0,4131.7935,5268.635,-6808.0
985,2013-07-30,9033.0,802.0,1.0,1.0,0,1.0,2.0,-0.5085311,-0.86104363,-0.5,-0.8660254,3,0,0,1,9843.0,1,0.0,1,7690.0,1,7321.0,1,7627.0,1,0.0,1,7278.0,1,7372.0,6416.276,6285.16,9843.0
985,2013-07-31,10628.0,890.0,1.0,1.0,0,1.0,3.0,-0.5085311,-0.86104363,-0.5,-0.8660254,3,0,1,1,9033.0,1,9843.0,1,6808.0,1,5754.0,1,9388.0,1,10647.0,1,0.0,1,0.0,7462.9653,6895.7915,-810.0
985,2013-08-01,15351.0,835.0,1.0,1.0,0,1.0,4.0,-0.5085311,-0.86104363,-0.8660254,-0.5,3,1,0,1,10628.0,1,9033.0,1,0.0,1,6258.0,1,7993.0,1,8891.0,1,6590.0,1,6076.0,8728.9795,7725.171,1595.0
985,2013-08-02,7498.0,752.0,1.0,1.0,0,1.0,5.0,-0.5085311,-0.86104363,-0.8660254,-0.5,3,0,0,1,15351.0,1,10628.0,1,9843.0,1,7046.0,1,0.0,1,10258.0,1,6592.0,1,5208.0,11377.788,9419.8,4723.0
985,2013-08-03,8377.0,803.0,1.0,0.0,0,0.0,6.0,-0.5085311,-0.86104363,-0.8660254,-0.5,3,0,0,1,7498.0,1,15351.0,1,9033.0,1,7690.0,1,7321.0,1,7627.0,1,5106.0,1,6315.0,9825.873,8992.733,-7853.0
985,2013-08-04,0.0,0.0,0.0,0.0,0,0.0,7.0,-0.5085311,-0.86104363,-0.8660254,-0.5,3,0,0,1,8377.0,1,7498.0,1,10628.0,1,6808.0,1,5754.0,1,9388.0,1,6074.0,1,4949.0,9246.323,8855.903,879.0
985,2013-08-05,6649.0,720.0,1.0,0.0,0,1.0,1.0,-0.60680014,-0.79485446,-0.8660254,-0.5,3,0,0,1,0.0,1,8377.0,1,15351.0,1,0.0,1,6258.0,1,7993.0,1,11130.0,1,8300.0,5547.794,6887.925,-8377.0
985,2013-08-06,10173.0,555.0,1.0,0.0,0,1.0,2.0,-0.60680014,-0.79485446,-0.8660254,-0.5,3,0,0,1,6649.0,1,0.0,1,7498.0,1,9843.0,1,7046.0,1,0.0,1,6898.0,1,6893.0,5988.2764,6834.8306,6649.0
985,2013-08-07,6094.0,656.0,1.0,0.0,0,1.0,3.0,-0.60680014,-0.79485446,-0.8660254,-0.5,3,0,0,1,10173.0,1,6649.0,1,8377.0,1,9033.0,1,7690.0,1,7321.0,1,0.0,1,0.0,7662.166,7576.646,3524.0
985,2013-08-08,5342.0,587.0,1.0,0.0,0,1.0,4.0,-0.60680014,-0.79485446,-0.8660254,-0.5,3,0,0,1,6094.0,1,10173.0,1,0.0,1,10628.0,1,6808.0,1,5754.0,1,10647.0,1,9504.0,7034.8994,7247.169,-4079.0
985,2013-08-09,12942.0,690.0,1.0,0.0,0,1.0,5.0,-0.60680014,-0.79485446,-0.8660254,-0.5,3,0,0,1,5342.0,1,6094.0,1,6649.0,1,15351.0,1,0.0,1,6258.0,1,8891.0,1,7487.0,6357.7397,6823.7983,-752.0
985,2013-08-10,6914.0,700.0,1.0,0.0,0,0.0,6.0,-0.60680014,-0.79485446,-0.8660254,-0.5,3,0,0,1,12942.0,1,5342.0,1,10173.0,1,7498.0,1,9843.0,1,7046.0,1,10258.0,1,7119.0,8991.443,8183.3984,7600.0
985,2013-08-11,0.0,0.0,0.0,0.0,0,0.0,7.0,-0.60680014,-0.79485446,-0.8660254,-0.5,3,0,0,1,6914.0,1,12942.0,1,6094.0,1,8377.0,1,9033.0,1,7690.0,1,7627.0,1,9191.0,8160.4663,7901.31,-6028.0
985,2013-08-12,10513.0,928.0,1.0,1.0,0,1.0,1.0,-0.696551,-0.71750724,-0.8660254,-0.5,3,0,0,1,0.0,1,6914.0,1,5342.0,1,0.0,1,10628.0,1,6808.0,1,9388.0,1,7715.0,4896.28,6145.4634,-6914.0
985,2013-08-13,8632.0,780.0,1.0,1.0,0,1.0,2.0,-0.696551,-0.71750724,-0.8660254,-0.5,3,0,0,1,10513.0,1,0.0,1,12942.0,1,6649.0,1,15351.0,1,0.0,1,7993.0,1,7951.0,7142.968,7116.027,10513.0
985,2013-08-14,8994.0,732.0,1.0,1.0,0,1.0,3.0,-0.696551,-0.71750724,-0.8660254,-0.5,3,0,0,1,8632.0,1,10513.0,1,6914.0,1,10173.0,1,7498.0,1,9843.0,1,0.0,1,0.0,7738.5806,7452.91,-1881.0
985,2013-08-15,7264.0,688.0,1.0,1.0,0,1.0,4.0,-0.696551,-0.71750724,-0.8660254,-0.5,3,0,0,1,8994.0,1,8632.0,1,0.0,1,6094.0,1,8377.0,1,9033.0,1,7321.0,1,6000.0,8240.748,7795.3745,362.0
985,2013-08-16,7565.0,751.0,1.0,1.0,0,1.0,5.0,-0.696551,-0.71750724,-0.8660254,-0.5,3,0,0,1,7264.0,1,8994.0,1,10513.0,1,5342.0,1,0.0,1,10628.0,1,5754.0,1,5667.0,7850.049,7677.291,-1730.0
985,2013-08-17,5993.0,618.0,1.0,0.0,0,0.0,6.0,-0.696551,-0.71750724,-0.8660254,-0.5,3,0,0,1,7565.0,1,7264.0,1,8632.0,1,12942.0,1,6649.0,1,15351.0,1,6258.0,1,5848.0,7736.0293,7652.3374,301.0
985,2013-08-18,0.0,0.0,0.0,0.0,0,0.0,7.0,-0.696551,-0.71750724,-0.8660254,-0.5,3,0,0,1,5993.0,1,7565.0,1,8994.0,1,6914.0,1,10173.0,1,7498.0,1,7046.0,1,7104.0,7038.818,7283.5957,-1572.0
985,2013-08-19,5699.0,638.0,1.0,0.0,0,1.0,1.0,-0.7765239,-0.63008785,-0.8660254,-0.5,3,0,0,1,0.0,1,5993.0,1,7264.0,1,0.0,1,6094.0,1,8377.0,1,7690.0,1,9409.0,4223.2905,5665.019,-5993.0
985,2013-08-20,9959.0,578.0,1.0,0.0,0,1.0,2.0,-0.7765239,-0.63008785,-0.8660254,-0.5,3,0,0,1,5699.0,1,0.0,1,7565.0,1,10513.0,1,5342.0,1,0.0,1,6808.0,1,10881.0,4813.574,5672.5703,5699.0
985,2013-08-21,4859.0,523.0,1.0,0.0,0,1.0,3.0,-0.7765239,-0.63008785,-0.8660254,-0.5,3,0,0,1,9959.0,1,5699.0,1,5993.0,1,8632.0,1,12942.0,1,6649.0,1,0.0,1,0.0,6871.7446,6625.1104,4260.0
985,2013-08-22,5837.0,584.0,1.0,0.0,0,1.0,4.0,-0.7765239,-0.63008785,-0.8660254,-0.5,3,0,0,1,4859.0,1,9959.0,1,0.0,1,8994.0,1,6914.0,1,10173.0,1,9843.0,1,8318.0,6066.647,6232.641,-5100.0
985,2013-08-23,11624.0,620.0,1.0,0.0,0,1.0,5.0,-0.7765239,-0.63008785,-0.8660254,-0.5,3,0,0,1,5837.0,1,4859.0,1,5699.0,1,7264.0,1,0.0,1,6094.0,1,9033.0,1,8203.0,5974.788,6144.721,978.0
985,2013-08-24,6181.0,681.0,1.0,0.0,0,0.0,6.0,-0.7765239,-0.63008785,-0.8660254,-0.5,3,0,0,1,11624.0,1,5837.0,1,9959.0,1,7565.0,1,10513.0,1,5342.0,1,10628.0,1,8679.0,8234.473,7362.3384,5787.0
985,2013-08-25,0.0,0.0,0.0,0.0,0,0.0,7.0,-0.7765239,-0.63008785,-0.8660254,-0.5,3,0,0,1,6181.0,1,11624.0,1,4859.0,1,5993.0,1,8632.0,1,12942.0,1,15351.0,1,7349.0,7413.0835,7099.819,-5443.0
985,2013-08-26,8652.0,790.0,1.0,1.0,0,1.0,1.0,-0.845596,-0.5338234,-0.8660254,-0.5,3,0,0,1,0.0,1,6181.0,1,5837.0,1,0.0,1,8994.0,1,6914.0,1,7498.0,1,12441.0,4447.85,5522.0815,-6181.0
985,2013-08-27,6984.0,701.0,1.0,1.0,0,1.0,2.0,-0.845596,-0.5338234,-0.8660254,-0.5,3,0,0,1,8652.0,1,0.0,1,11624.0,1,5699.0,1,7264.0,1,0.0,1,8377.0,1,7278.0,6129.5103,6217.6187,8652.0
985,2013-08-28,7462.0,654.0,1.0,1.0,0,1.0,3.0,-0.845596,-0.5338234,-0.8660254,-0.5,3,0,0,1,6984.0,1,8652.0,1,6181.0,1,9959.0,1,7565.0,1,10513.0,1,0.0,1,0.0,6471.306,6387.926,-1668.0
985,2013-08-29,7211.0,652.0,1.0,1.0,0,1.0,4.0,-0.845596,-0.5338234,-0.8660254,-0.5,3,0,0,1,7462.0,1,6984.0,1,0.0,1,4859.0,1,5993.0,1,8632.0,1,6649.0,1,6590.0,6867.5835,6626.609,478.0
985,2013-08-30,7825.0,726.0,1.0,1.0,0,1.0,5.0,-0.845596,-0.5338234,-0.8660254,-0.5,3,0,0,1,7211.0,1,7462.0,1,8652.0,1,5837.0,1,0.0,1,8994.0,1,10173.0,1,6592.0,7004.95,6756.4736,-251.0
985,2013-08-31,7280.0,775.0,1.0,0.0,0,0.0,6.0,-0.845596,-0.5338234,-0.8660254,-0.5,3,0,1,1,7825.0,1,7211.0,1,6984.0,1,11624.0,1,5699.0,1,7264.0,1,6094.0,1,5106.0,7332.97,6993.924,614.0
985,2013-09-01,0.0,0.0,0.0,0.0,0,0.0,7.0,-0.845596,-0.5338234,-1.0,-1.8369701e-16,3,1,0,1,7280.0,1,7825.0,1,7462.0,1,6181.0,1,9959.0,1,7565.0,1,5342.0,1,6074.0,7311.782,7057.4966,-545.0
985,2013-09-02,6248.0,738.0,1.0,0.0,0,1.0,1.0,-0.9027978,-0.4300652,-1.0,-1.8369701e-16,3,0,0,1,0.0,1,7280.0,1,7211.0,1,0.0,1,4859.0,1,5993.0,1,12942.0,1,11130.0,4387.0693,5489.164,-7280.0
985,2013-09-03,9335.0,566.0,1.0,0.0,0,1.0,2.0,-0.9027978,-0.4300652,-1.0,-1.8369701e-16,3,0,0,1,6248.0,1,0.0,1,7825.0,1,8652.0,1,5837.0,1,0.0,1,6914.0,1,6898.0,5131.4414,5657.794,6248.0
985,2013-09-04,5206.0,607.0,1.0,0.0,0,1.0,3.0,-0.9027978,-0.4300652,-1.0,-1.8369701e-16,3,0,0,1,9335.0,1,6248.0,1,7280.0,1,6984.0,1,11624.0,1,5699.0,1,0.0,1,0.0,6812.8647,6474.951,3087.0
985,2013-09-05,5624.0,611.0,1.0,0.0,0,1.0,4.0,-0.9027978,-0.4300652,-1.0,-1.8369701e-16,3,0,0,1,5206.0,1,9335.0,1,0.0,1,7462.0,1,6181.0,1,9959.0,1,10513.0,1,10647.0,6170.119,6192.962,-4129.0
985,2013-09-06,5954.0,654.0,1.0,0.0,0,1.0,5.0,-0.9027978,-0.4300652,-1.0,-1.8369701e-16,3,0,0,1,5624.0,1,5206.0,1,6248.0,1,7211.0,1,0.0,1,4859.0,1,8632.0,1,8891.0,5951.6714,6066.526,418.0
985,2013-09-07,7769.0,818.0,1.0,0.0,0,0.0,6.0,-0.9027978,-0.4300652,-1.0,-1.8369701e-16,3,0,0,1,5954.0,1,5624.0,1,9335.0,1,7825.0,1,8652.0,1,5837.0,1,8994.0,1,10258.0,5952.603,6041.52,330.0
985,2013-09-08,0.0,0.0,0.0,0.0,0,0.0,7.0,-0.9027978,-0.4300652,-1.0,-1.8369701e-16,3,0,0,1,7769.0,1,5954.0,1,5206.0,1,7280.0,1,6984.0,1,11624.0,1,7264.0,1,7627.0,6679.1616,6425.405,1815.0
985,2013-09-09,12029.0,1052.0,1.0,1.0,0,0.0,1.0,-0.94732636,-0.32026985,-1.0,-1.8369701e-16,3,0,0,1,0.0,1,7769.0,1,5624.0,1,0.0,1,7462.0,1,6181.0,1,7565.0,1,9388.0,4007.497,4997.537,-7769.0
985,2013-09-10,8626.0,811.0,1.0,1.0,0,0.0,2.0,-0.94732636,-0.32026985,-1.0,-1.8369701e-16,3,0,0,1,12029.0,1,0.0,1,5954.0,1,6248.0,1,7211.0,1,0.0,1,5993.0,1,7993.0,7216.098,6560.0845,12029.0
985,2013-09-11,11430.0,819.0,1.0,1.0,0,0.0,3.0,-0.94732636,-0.32026985,-1.0,-1.8369701e-16,3,0,0,1,8626.0,1,12029.0,1,7769.0,1,9335.0,1,7825.0,1,8652.0,1,0.0,1,0.0,7780.059,7019.177,-3403.0
985,2013-09-12,9114.0,845.0,1.0,1.0,0,0.0,4.0,-0.94732636,-0.32026985,-1.0,-1.8369701e-16,3,0,0,1,11430.0,1,8626.0,1,0.0,1,5206.0,1,7280.0,1,6984.0,1,5699.0,1,7321.0,9240.035,7999.3594,2804.0
985,2013-09-13,14073.0,876.0,1.0,1.0,0,0.0,5.0,-0.94732636,-0.32026985,-1.0,-1.8369701e-16,3,0,0,1,9114.0,1,11430.0,1,12029.0,1,5624.0,1,0.0,1,7462.0,1,9959.0,1,5754.0,9189.621,8247.058,-2316.0
985,2013-09-14,8285.0,841.0,1.0,0.0,0,0.0,6.0,-0.94732636,-0.32026985,-1.0,-1.8369701e-16,3,0,0,1,14073.0,1,9114.0,1,8626.0,1,5954.0,1,6248.0,1,7211.0,1,4859.0,1,6258.0,11142.973,9541.711,4959.0
985,2013-09-15,0.0,0.0,0.0,0.0,0,0.0,7.0,-0.94732636,-0.32026985,-1.0,-1.8369701e-16,3,0,0,1,8285.0,1,14073.0,1,11430.0,1,7769.0,1,9335.0,1,7825.0,1,5837.0,1,7046.0,9999.783,9262.442,-5788.0
985,2013-09-16,5961.0,684.0,1.0,0.0,0,0.0,1.0,-0.9785565,-0.20597862,-1.0,-1.8369701e-16,3,0,0,1,0.0,1,8285.0,1,9114.0,1,0.0,1,5206.0,1,7280.0,1,11624.0,1,7690.0,5999.87,7204.1216,-8285.0
985,2013-09-17,7736.0,626.0,1.0,0.0,0,0.0,2.0,-0.9785565,-0.20597862,-1.0,-1.8369701e-16,3,0,0,1,5961.0,1,0.0,1,14073.0,1,12029.0,1,5624.0,1,0.0,1,6181.0,1,6808.0,5984.3223,6927.8726,5961.0
985,2013-09-18,4681.0,581.0,1.0,0.0,0,0.0,3.0,-0.9785565,-0.20597862,-1.0,-1.8369701e-16,3,0,0,1,7736.0,1,5961.0,1,8285.0,1,8626.0,1,5954.0,1,6248.0,1,0.0,1,0.0,6684.993,7107.4565,1775.0
985,2013-09-19,5718.0,668.0,1.0,0.0,0,0.0,4.0,-0.9785565,-0.20597862,-1.0,-1.8369701e-16,3,0,0,1,4681.0,1,7736.0,1,0.0,1,11430.0,1,7769.0,1,9335.0,1,8652.0,1,9843.0,5883.396,6568.2437,-3055.0
985,2013-09-20,10940.0,645.0,1.0,0.0,0,0.0,5.0,-0.9785565,-0.20597862,-1.0,-1.8369701e-16,3,0,0,1,5718.0,1,4681.0,1,5961.0,1,9114.0,1,0.0,1,5206.0,1,6984.0,1,9033.0,5817.238,6379.301,1037.0
985,2013-09-21,7094.0,769.0,1.0,0.0,0,0.0,6.0,-0.9785565,-0.20597862,-1.0,-1.8369701e-16,3,0,0,1,10940.0,1,5718.0,1,7736.0,1,14073.0,1,12029.0,1,5624.0,1,7462.0,1,10628.0,7866.343,7392.7896,5222.0
985,2013-09-22,0.0,0.0,0.0,0.0,0,0.0,7.0,-0.9785565,-0.20597862,-1.0,-1.8369701e-16,3,0,0,1,7094.0,1,10940.0,1,4681.0,1,8285.0,1,8626.0,1,5954.0,1,7211.0,1,15351.0,7557.406,7326.3916,-3846.0
985,2013-09-23,8257.0,826.0,1.0,1.0,0,0.0,1.0,-0.9960498,-0.08879589,-1.0,-1.8369701e-16,3,0,0,1,0.0,1,7094.0,1,5718.0,1,0.0,1,11430.0,1,7769.0,1,7825.0,1,7498.0,4534.4434,5698.3047,-7094.0
985,2013-09-24,7875.0,709.0,1.0,1.0,0,0.0,2.0,-0.9960498,-0.08879589,-1.0,-1.8369701e-16,3,0,0,1,8257.0,1,0.0,1,10940.0,1,5961.0,1,9114.0,1,0.0,1,7280.0,1,8377.0,6023.466,6266.904,8257.0
985,2013-09-25,6832.0,644.0,1.0,1.0,0,0.0,3.0,-0.9960498,-0.08879589,-1.0,-1.8369701e-16,3,0,0,1,7875.0,1,8257.0,1,7094.0,1,7736.0,1,14073.0,1,12029.0,1,0.0,1,0.0,6764.0796,6624.2583,-382.0
985,2013-09-26,17321.0,689.0,1.0,1.0,0,0.0,4.0,-0.9960498,-0.08879589,-1.0,-1.8369701e-16,3,0,0,1,6832.0,1,7875.0,1,0.0,1,4681.0,1,8285.0,1,8626.0,1,6248.0,1,6649.0,6791.2476,6670.4233,-1043.0
985,2013-09-27,8575.0,783.0,1.0,1.0,0,0.0,5.0,-0.9960498,-0.08879589,-1.0,-1.8369701e-16,3,0,0,1,17321.0,1,6832.0,1,8257.0,1,5718.0,1,0.0,1,11430.0,1,9335.0,1,10173.0,11003.148,9037.218,10489.0
985,2013-09-28,7202.0,777.0,1.0,0.0,0,0.0,6.0,-0.9960498,-0.08879589,-1.0,-1.8369701e-16,3,0,0,1,8575.0,1,17321.0,1,7875.0,1,10940.0,1,5961.0,1,9114.0,1,5206.0,1,6094.0,10031.89,8934.503,-8746.0
985,2013-09-29,0.0,0.0,0.0,0.0,0,0.0,7.0,-0.9960498,-0.08879589,-1.0,-1.8369701e-16,3,0,0,1,7202.0,1,8575.0,1,6832.0,1,7094.0,1,7736.0,1,14073.0,1,5624.0,1,5342.0,8899.934,8549.502,-1373.0
985,2013-09-30,8202.0,801.0,1.0,0.0,0,0.0,1.0,-0.99956083,0.029633328,-1.0,-1.8369701e-16,3,0,1,1,0.0,1,7202.0,1,17321.0,1,0.0,1,4681.0,1,8285.0,1,5954.0,1,12942.0,5339.96,6649.613,-7202.0
985,2013-10-01,6681.0,609.0,1.0,0.0,0,0.0,2.0,-0.99956083,0.029633328,-0.8660254,0.5,4,1,0,1,8202.0,1,0.0,1,8575.0,1,8257.0,1,5718.0,1,0.0,1,7769.0,1,6914.0,6484.776,6994.588,8202.0
985,2013-10-02,5861.0,713.0,1.0,0.0,0,0.0,3.0,-0.99956083,0.029633328,-0.8660254,0.5,4,0,0,1,6681.0,1,8202.0,1,7202.0,1,7875.0,1,10940.0,1,5961.0,1,0.0,1,0.0,6563.2656,6924.902,-1521.0
985,2013-10-03,0.0,0.0,0.0,0.0,1,0.0,4.0,-0.99956083,0.029633328,-0.8660254,0.5,4,0,0,1,5861.0,1,6681.0,1,0.0,1,6832.0,1,7094.0,1,7736.0,1,12029.0,1,10513.0,6282.3594,6688.479,-820.0
985,2013-10-04,8234.0,897.0,1.0,0.0,0,0.0,5.0,-0.99956083,0.029633328,-0.8660254,0.5,4,0,0,1,0.0,1,5861.0,1,8202.0,1,17321.0,1,0.0,1,4681.0,1,8626.0,1,8632.0,3769.4155,5202.1504,-5861.0
985,2013-10-05,8471.0,882.0,1.0,0.0,0,0.0,6.0,-0.99956083,0.029633328,-0.8660254,0.5,4,0,0,1,8234.0,1,0.0,1,6681.0,1,8575.0,1,8257.0,1,5718.0,1,11430.0,1,8994.0,5555.2495,5875.8945,8234.0
985,2013-10-06,0.0,0.0,0.0,0.0,0,0.0,7.0,-0.99956083,0.029633328,-0.8660254,0.5,4,0,0,1,8471.0,1,8234.0,1,5861.0,1,7202.0,1,7875.0,1,10940.0,1,9114.0,1,7264.0,6721.55,6452.585,237.0
985,2013-10-07,9506.0,886.0,1.0,1.0,0,0.0,1.0,-0.9890402,0.14764656,-0.8660254,0.5,4,0,0,1,0.0,1,8471.0,1,0.0,1,0.0,1,6832.0,1,7094.0,1,14073.0,1,7565.0,4032.9297,5018.6772,-8471.0
985,2013-10-08,7428.0,750.0,1.0,1.0,0,0.0,2.0,-0.9890402,0.14764656,-0.8660254,0.5,4,0,0,1,9506.0,1,0.0,1,8234.0,1,8202.0,1,17321.0,1,0.0,1,8285.0,1,5993.0,6222.1577,6015.86,9506.0
985,2013-10-09,8492.0,741.0,1.0,1.0,0,0.0,3.0,-0.9890402,0.14764656,-0.8660254,0.5,4,0,0,1,7428.0,1,9506.0,1,8471.0,1,6681.0,1,8575.0,1,8257.0,1,0.0,1,0.0,6704.4946,6329.669,-2078.0
985,2013-10-10,8591.0,733.0,1.0,1.0,0,0.0,4.0,-0.9890402,0.14764656,-0.8660254,0.5,4,0,0,1,8492.0,1,7428.0,1,0.0,1,5861.0,1,7202.0,1,7875.0,1,5961.0,1,5699.0,7419.497,6810.187,1064.0
985,2013-10-11,8512.0,818.0,1.0,1.0,0,0.0,5.0,-0.9890402,0.14764656,-0.8660254,0.5,4,0,0,1,8591.0,1,8492.0,1,9506.0,1,0.0,1,0.0,1,6832.0,1,7736.0,1,9959.0,7888.098,7205.9233,99.0
985,2013-10-12,9390.0,912.0,1.0,0.0,0,0.0,6.0,-0.9890402,0.14764656,-0.8660254,0.5,4,0,0,1,8512.0,1,8591.0,1,7428.0,1,8234.0,1,8202.0,1,17321.0,1,4681.0,1,4859.0,8137.6587,7496.1626,-79.0
985,2013-10-13,0.0,0.0,0.0,0.0,0,0.0,7.0,-0.9890402,0.14764656,-0.8660254,0.5,4,0,0,1,9390.0,1,8512.0,1,8492.0,1,8471.0,1,6681.0,1,8575.0,1,5718.0,1,5837.0,8638.596,7917.015,878.0
985,2013-10-14,6920.0,732.0,1.0,0.0,0,0.0,1.0,-0.9646356,0.26358718,-0.8660254,0.5,4,0,0,1,0.0,1,9390.0,1,8591.0,1,0.0,1,5861.0,1,7202.0,1,10940.0,1,11624.0,5183.157,6157.6787,-9390.0
985,2013-10-15,5558.0,572.0,1.0,0.0,0,0.0,2.0,-0.9646356,0.26358718,-0.8660254,0.5,4,0,0,1,6920.0,1,0.0,1,8512.0,1,9506.0,1,0.0,1,0.0,1,7094.0,1,6181.0,5877.8945,6327.0835,6920.0
985,2013-10-16,5908.0,641.0,1.0,0.0,0,0.0,3.0,-0.9646356,0.26358718,-0.8660254,0.5,4,0,0,1,5558.0,1,6920.0,1,9390.0,1,7428.0,1,8234.0,1,8202.0,1,0.0,1,0.0,5749.9365,6156.176,-1362.0
985,2013-10-17,6015.0,632.0,1.0,0.0,0,0.0,4.0,-0.9646356,0.26358718,-0.8660254,0.5,4,0,0,1,5908.0,1,5558.0,1,0.0,1,8492.0,1,8471.0,1,6681.0,1,8257.0,1,8652.0,5813.162,6101.026,350.0
985,2013-10-18,14247.0,664.0,1.0,0.0,0,0.0,5.0,-0.9646356,0.26358718,-0.8660254,0.5,4,0,0,1,6015.0,1,5908.0,1,6920.0,1,8591.0,1,0.0,1,5861.0,1,7875.0,1,6984.0,5893.897,6081.9087,107.0
985,2013-10-19,7661.0,793.0,1.0,0.0,0,0.0,6.0,-0.9646356,0.26358718,-0.8660254,0.5,4,0,0,1,14247.0,1,6015.0,1,5558.0,1,8512.0,1,9506.0,1,0.0,1,6832.0,1,7462.0,9235.139,7896.3735,8232.0
985,2013-10-20,0.0,0.0,0.0,0.0,0,0.0,7.0,-0.9646356,0.26358718,-0.8660254,0.5,4,0,0,1,7661.0,1,14247.0,1,5908.0,1,9390.0,1,7428.0,1,8234.0,1,17321.0,1,7211.0,8605.483,7844.0684,-6586.0
985,2013-10-21,13437.0,796.0,1.0,1.0,0,0.0,1.0,-0.9266896,0.37582758,-0.8660254,0.5,4,0,0,1,0.0,1,7661.0,1,6015.0,1,0.0,1,8492.0,1,8471.0,1,8575.0,1,7825.0,5163.2896,6100.942,-7661.0
985,2013-10-22,7752.0,724.0,1.0,1.0,0,0.0,2.0,-0.9266896,0.37582758,-0.8660254,0.5,4,0,0,1,13437.0,1,0.0,1,14247.0,1,6920.0,1,8591.0,1,0.0,1,7202.0,1,7280.0,8472.773,7731.1772,13437.0
985,2013-10-23,7309.0,679.0,1.0,1.0,0,0.0,3.0,-0.9266896,0.37582758,-0.8660254,0.5,4,0,0,1,7752.0,1,13437.0,1,7661.0,1,5558.0,1,8512.0,1,9506.0,1,0.0,1,0.0,8184.4644,7735.804,-5685.0
985,2013-10-24,7058.0,710.0,1.0,1.0,0,0.0,4.0,-0.9266896,0.37582758,-0.8660254,0.5,4,0,0,1,7309.0,1,7752.0,1,0.0,1,5908.0,1,9390.0,1,7428.0,1,8202.0,1,6248.0,7834.279,7640.959,-443.0
985,2013-10-25,17682.0,736.0,1.0,1.0,0,0.0,5.0,-0.9266896,0.37582758,-0.8660254,0.5,4,0,0,1,7058.0,1,7309.0,1,13437.0,1,6015.0,1,0.0,1,8492.0,1,6681.0,1,9335.0,7523.767,7511.4126,-251.0
985,2013-10-26,7525.0,748.0,1.0,0.0,0,0.0,6.0,-0.9266896,0.37582758,-0.8660254,0.5,4,0,0,1,17682.0,1,7058.0,1,7752.0,1,14247.0,1,6920.0,1,8591.0,1,5861.0,1,5206.0,11587.061,9771.543,10624.0
985,2013-10-27,0.0,0.0,0.0,0.0,0,0.0,7.0,-0.9266896,0.37582758,-0.8660254,0.5,4,0,0,1,7525.0,1,17682.0,1,7309.0,1,7661.0,1,5558.0,1,8512.0,1,0.0,1,5624.0,9962.236,9272.312,-10157.0
985,2013-10-28,5930.0,657.0,1.0,0.0,0,1.0,1.0,-0.8757349,0.4827922,-0.8660254,0.5,4,0,0,1,0.0,1,7525.0,1,7058.0,1,0.0,1,5908.0,1,9390.0,1,8234.0,1,5954.0,5977.342,7211.798,-7525.0
985,2013-10-29,8120.0,639.0,1.0,0.0,0,1.0,2.0,-0.8757349,0.4827922,-0.8660254,0.5,4,0,0,1,5930.0,1,0.0,1,17682.0,1,13437.0,1,6015.0,1,0.0,1,8471.0,1,7769.0,5958.405,6926.9536,5930.0
985,2013-10-30,6111.0,671.0,1.0,0.0,0,1.0,3.0,-0.8757349,0.4827922,-0.8660254,0.5,4,0,0,1,8120.0,1,5930.0,1,7525.0,1,7752.0,1,14247.0,1,6920.0,1,0.0,1,0.0,6823.043,7192.075,2190.0
985,2013-10-31,7338.0,786.0,1.0,0.0,0,0.0,4.0,-0.8757349,0.4827922,-0.8660254,0.5,4,0,1,1,6111.0,1,8120.0,1,0.0,1,7309.0,1,7661.0,1,5558.0,1,9506.0,1,12029.0,6538.2256,6951.8364,-2009.0
985,2013-11-01,0.0,0.0,0.0,0.0,1,0.0,5.0,-0.8757349,0.4827922,-0.5,0.8660254,4,1,0,1,7338.0,1,6111.0,1,5930.0,1,7058.0,1,0.0,1,5908.0,1,7428.0,1,8626.0,6858.1353,7037.6504,1227.0
985,2013-11-02,10473.0,997.0,1.0,0.0,0,0.0,6.0,-0.8757349,0.4827922,-0.5,0.8660254,4,0,0,1,0.0,1,7338.0,1,8120.0,1,17682.0,1,13437.0,1,6015.0,1,8492.0,1,11430.0,4114.8813,5473.728,-7338.0
985,2013-11-03,0.0,0.0,0.0,0.0,0,0.0,7.0,-0.8757349,0.4827922,-0.5,0.8660254,4,0,0,1,10473.0,1,0.0,1,6111.0,1,7525.0,1,7752.0,1,14247.0,1,8591.0,1,9114.0,6658.129,6584.6772,10473.0
985,2013-11-04,9288.0,841.0,1.0,1.0,0,0.0,1.0,-0.8124869,0.5829795,-0.5,0.8660254,4,0,0,1,0.0,1,10473.0,1,7338.0,1,0.0,1,7309.0,1,7661.0,1,8512.0,1,14073.0,3994.8772,5121.4155,-10473.0
985,2013-11-05,19374.0,768.0,1.0,1.0,0,0.0,2.0,-0.8124869,0.5829795,-0.5,0.8660254,4,0,0,1,9288.0,1,0.0,1,0.0,1,5930.0,1,7058.0,1,0.0,1,9390.0,1,8285.0,6112.1265,6047.323,9288.0
985,2013-11-06,17241.0,703.0,1.0,1.0,0,0.0,3.0,-0.8124869,0.5829795,-0.5,0.8660254,4,0,0,1,19374.0,1,9288.0,1,10473.0,1,8120.0,1,17682.0,1,13437.0,1,0.0,1,0.0,11416.876,9008.807,10086.0
985,2013-11-07,7113.0,693.0,1.0,1.0,0,0.0,4.0,-0.8124869,0.5829795,-0.5,0.8660254,4,0,0,1,17241.0,1,19374.0,1,0.0,1,6111.0,1,7525.0,1,7752.0,1,6920.0,1,5961.0,13746.525,10838.184,-2133.0
985,2013-11-08,8304.0,764.0,1.0,1.0,0,0.0,5.0,-0.8124869,0.5829795,-0.5,0.8660254,4,0,0,1,7113.0,1,17241.0,1,9288.0,1,7338.0,1,0.0,1,7309.0,1,5558.0,1,7736.0,11093.115,10010.365,-10128.0
985,2013-11-09,9717.0,877.0,1.0,0.0,0,0.0,6.0,-0.8124869,0.5829795,-0.5,0.8660254,4,0,0,1,8304.0,1,7113.0,1,19374.0,1,0.0,1,5930.0,1,7058.0,1,5908.0,1,4681.0,9977.469,9631.173,1191.0
985,2013-11-10,0.0,0.0,0.0,0.0,0,0.0,7.0,-0.8124869,0.5829795,-0.5,0.8660254,4,0,0,1,9717.0,1,8304.0,1,17241.0,1,10473.0,1,8120.0,1,17682.0,1,6015.0,1,5718.0,9873.281,9650.245,1413.0
985,2013-11-11,6348.0,651.0,1.0,0.0,0,0.0,1.0,-0.73783326,0.674983,-0.5,0.8660254,4,0,0,1,0.0,1,9717.0,1,7113.0,1,0.0,1,6111.0,1,7525.0,1,14247.0,1,10940.0,5923.9688,7505.7466,-9717.0
985,2013-11-12,5962.0,639.0,1.0,0.0,0,0.0,2.0,-0.73783326,0.674983,-0.5,0.8660254,4,0,0,1,6348.0,1,0.0,1,8304.0,1,9288.0,1,7338.0,1,0.0,1,7661.0,1,7094.0,6093.5815,7248.469,6348.0
985,2013-11-13,5420.0,588.0,1.0,0.0,0,0.0,3.0,-0.73783326,0.674983,-0.5,0.8660254,4,0,0,1,5962.0,1,6348.0,1,9717.0,1,19374.0,1,0.0,1,5930.0,1,0.0,1,0.0,6040.9487,6962.5874,-386.0
985,2013-11-14,6303.0,639.0,1.0,0.0,0,0.0,4.0,-0.73783326,0.674983,-0.5,0.8660254,4,0,0,1,5420.0,1,5962.0,1,0.0,1,17241.0,1,10473.0,1,8120.0,1,13437.0,1,8257.0,5792.5693,6619.79,-542.0
985,2013-11-15,9769.0,681.0,1.0,0.0,0,0.0,5.0,-0.73783326,0.674983,-0.5,0.8660254,4,0,0,1,6303.0,1,5420.0,1,6348.0,1,7113.0,1,0.0,1,6111.0,1,7752.0,1,7875.0,5996.7417,6549.392,883.0
985,2013-11-16,9263.0,888.0,1.0,0.0,0,0.0,6.0,-0.73783326,0.674983,-0.5,0.8660254,4,0,0,1,9769.0,1,6303.0,1,5962.0,1,8304.0,1,9288.0,1,7338.0,1,7309.0,1,6832.0,7505.645,7264.861,3466.0
985,2013-11-17,0.0,0.0,0.0,0.0,0,0.0,7.0,-0.73783326,0.674983,-0.5,0.8660254,4,0,0,1,9263.0,1,9769.0,1,5420.0,1,9717.0,1,19374.0,1,0.0,1,7058.0,1,17321.0,8208.587,7708.8916,-506.0
985,2013-11-18,8586.0,818.0,1.0,1.0,0,0.0,1.0,-0.65282214,0.75751126,-0.5,0.8660254,4,0,0,1,0.0,1,9263.0,1,6303.0,1,0.0,1,17241.0,1,10473.0,1,17682.0,1,8575.0,4925.1523,5995.8047,-9263.0
985,2013-11-19,8174.0,721.0,1.0,1.0,0,0.0,2.0,-0.65282214,0.75751126,-0.5,0.8660254,4,0,0,1,8586.0,1,0.0,1,9769.0,1,6348.0,1,7113.0,1,0.0,1,7525.0,1,7202.0,6389.491,6571.404,8586.0
985,2013-11-20,7246.0,678.0,1.0,1.0,0,0.0,3.0,-0.65282214,0.75751126,-0.5,0.8660254,4,0,0,1,8174.0,1,8586.0,1,9263.0,1,5962.0,1,8304.0,1,9288.0,1,0.0,1,0.0,7103.295,6927.536,-412.0
985,2013-11-21,6971.0,734.0,1.0,1.0,0,0.0,4.0,-0.65282214,0.75751126,-0.5,0.8660254,4,0,0,1,7246.0,1,8174.0,1,0.0,1,5420.0,1,9717.0,1,19374.0,1,5930.0,1,8202.0,7160.377,6998.3057,-928.0
985,2013-11-22,6730.0,690.0,1.0,1.0,0,0.0,5.0,-0.65282214,0.75751126,-0.5,0.8660254,4,0,0,1,6971.0,1,7246.0,1,8586.0,1,6303.0,1,0.0,1,17241.0,1,8120.0,1,6681.0,7084.626,6992.238,-275.0
985,2013-11-23,8746.0,895.0,1.0,0.0,0,0.0,6.0,-0.65282214,0.75751126,-0.5,0.8660254,4,0,0,1,6730.0,1,6971.0,1,8174.0,1,9769.0,1,6348.0,1,7113.0,1,6111.0,1,5861.0,6942.776,6933.963,-241.0
985,2013-11-24,0.0,0.0,0.0,0.0,0,0.0,7.0,-0.65282214,0.75751126,-0.5,0.8660254,4,0,0,1,8746.0,1,6730.0,1,7246.0,1,9263.0,1,5962.0,1,8304.0,1,7338.0,1,0.0,7664.0654,7336.6377,2016.0
985,2013-11-25,7352.0,716.0,1.0,0.0,0,0.0,1.0,-0.55864674,0.82940567,-0.5,0.8660254,4,0,0,1,0.0,1,8746.0,1,6971.0,1,0.0,1,5420.0,1,9717.0,1,0.0,1,8234.0,4598.4395,5706.274,-8746.0
985,2013-11-26,9095.0,611.0,1.0,0.0,0,0.0,2.0,-0.55864674,0.82940567,-0.5,0.8660254,4,0,0,1,7352.0,1,0.0,1,6730.0,1,8586.0,1,6303.0,1,0.0,1,10473.0,1,8471.0,5699.864,6071.9907,7352.0
985,2013-11-27,6571.0,657.0,1.0,0.0,0,0.0,3.0,-0.55864674,0.82940567,-0.5,0.8660254,4,0,0,1,9095.0,1,7352.0,1,8746.0,1,8174.0,1,9769.0,1,6348.0,1,0.0,1,0.0,7057.918,6743.7705,1743.0
985,2013-11-28,6763.0,691.0,1.0,0.0,0,0.0,4.0,-0.55864674,0.82940567,-0.5,0.8660254,4,0,0,1,6571.0,1,9095.0,1,0.0,1,7246.0,1,9263.0,1,5962.0,1,9288.0,1,9506.0,6863.151,6705.377,-2524.0
985,2013-11-29,7963.0,780.0,1.0,0.0,0,0.0,5.0,-0.55864674,0.82940567,-0.5,0.8660254,4,0,0,1,6763.0,1,6571.0,1,7352.0,1,6971.0,1,0.0,1,5420.0,1,19374.0,1,7428.0,6823.0903,6718.182,192.0
985,2013-11-30,10774.0,967.0,1.0,0.0,0,0.0,6.0,-0.55864674,0.82940567,-0.5,0.8660254,4,0,1,1,7963.0,1,6763.0,1,9095.0,1,6730.0,1,8586.0,1,6303.0,1,17241.0,1,8492.0,7279.054,6994.8086,1200.0
985,2013-12-01,0.0,0.0,0.0,0.0,0,0.0,7.0,-0.55864674,0.82940567,-2.4492937e-16,1.0,4,1,0,1,10774.0,1,7963.0,1,6571.0,1,8746.0,1,8174.0,1,9769.0,1,7113.0,1,8591.0,8677.032,7834.629,2811.0
985,2013-12-02,12495.0,1036.0,1.0,1.0,0,0.0,1.0,-0.45662925,0.8896571,-2.4492937e-16,1.0,4,0,0,1,0.0,1,10774.0,1,6763.0,1,0.0,1,7246.0,1,9263.0,1,8304.0,1,8512.0,5206.2197,6093.6,-10774.0
985,2013-12-03,8857.0,807.0,1.0,1.0,0,0.0,2.0,-0.45662925,0.8896571,-2.4492937e-16,1.0,4,0,0,1,12495.0,1,0.0,1,7963.0,1,7352.0,1,6971.0,1,0.0,1,9717.0,1,9390.0,8121.732,7516.1333,12495.0
985,2013-12-04,10051.0,853.0,1.0,1.0,0,0.0,3.0,-0.45662925,0.8896571,-2.4492937e-16,1.0,4,0,0,1,8857.0,1,12495.0,1,10774.0,1,9095.0,1,6730.0,1,8586.0,1,0.0,1,0.0,8415.839,7814.104,-3638.0
985,2013-12-05,12585.0,973.0,1.0,1.0,0,0.0,4.0,-0.45662925,0.8896571,-2.4492937e-16,1.0,4,0,0,1,10051.0,1,8857.0,1,0.0,1,6571.0,1,8746.0,1,8174.0,1,6348.0,1,6920.0,9069.903,8311.191,1194.0
985,2013-12-06,9938.0,834.0,1.0,1.0,0,0.0,5.0,-0.45662925,0.8896571,-2.4492937e-16,1.0,4,0,0,1,12585.0,1,10051.0,1,12495.0,1,6763.0,1,0.0,1,7246.0,1,5962.0,1,5558.0,10475.942,9260.927,2534.0
985,2013-12-07,9566.0,918.0,1.0,0.0,0,0.0,6.0,-0.45662925,0.8896571,-2.4492937e-16,1.0,4,0,0,1,9938.0,1,12585.0,1,8857.0,1,7963.0,1,7352.0,1,6971.0,1,5420.0,1,5908.0,10260.766,9411.388,-2647.0
985,2013-12-08,0.0,0.0,0.0,0.0,0,0.0,7.0,-0.45662925,0.8896571,-2.4492937e-16,1.0,4,0,0,1,9566.0,1,9938.0,1,10051.0,1,10774.0,1,9095.0,1,6730.0,1,6303.0,1,6015.0,9982.859,9445.746,-372.0
985,2013-12-09,7559.0,751.0,1.0,0.0,0,0.0,1.0,-0.34820163,0.93741965,-2.4492937e-16,1.0,4,0,0,1,0.0,1,9566.0,1,12585.0,1,0.0,1,6571.0,1,8746.0,1,9769.0,1,14247.0,5989.7153,7346.6914,-9566.0
985,2013-12-10,6017.0,671.0,1.0,0.0,0,0.0,2.0,-0.34820163,0.93741965,-2.4492937e-16,1.0,4,0,0,1,7559.0,1,0.0,1,9938.0,1,12495.0,1,6763.0,1,0.0,1,9263.0,1,7661.0,6617.429,7393.871,7559.0
985,2013-12-11,7341.0,704.0,1.0,0.0,0,0.0,3.0,-0.34820163,0.93741965,-2.4492937e-16,1.0,4,0,0,1,6017.0,1,7559.0,1,9566.0,1,8857.0,1,7963.0,1,7352.0,1,0.0,1,0.0,6377.258,7087.9,-1542.0
985,2013-12-12,7617.0,726.0,1.0,0.0,0,0.0,4.0,-0.34820163,0.93741965,-2.4492937e-16,1.0,4,0,0,1,7341.0,1,6017.0,1,0.0,1,10051.0,1,10774.0,1,9095.0,1,8586.0,1,13437.0,6762.7544,7144.144,1324.0
985,2013-12-13,8278.0,789.0,1.0,0.0,0,0.0,5.0,-0.34820163,0.93741965,-2.4492937e-16,1.0,4,0,0,1,7617.0,1,7341.0,1,7559.0,1,12585.0,1,0.0,1,6571.0,1,8174.0,1,7752.0,7104.4526,7249.223,276.0
985,2013-12-14,9958.0,1000.0,1.0,0.0,0,0.0,6.0,-0.34820163,0.93741965,-2.4492937e-16,1.0,4,0,0,1,8278.0,1,7617.0,1,6017.0,1,9938.0,1,12495.0,1,6763.0,1,7246.0,1,7309.0,7573.8716,7477.8403,661.0
985,2013-12-15,0.0,0.0,0.0,0.0,0,0.0,7.0,-0.34820163,0.93741965,-2.4492937e-16,1.0,4,0,0,1,9958.0,1,8278.0,1,7341.0,1,9566.0,1,8857.0,1,7963.0,1,6971.0,1,7058.0,8527.523,8028.987,1680.0
985,2013-12-16,15101.0,1094.0,1.0,1.0,0,0.0,1.0,-0.23488605,0.9720229,-2.4492937e-16,1.0,4,0,0,1,0.0,1,9958.0,1,7617.0,1,0.0,1,10051.0,1,10774.0,1,6730.0,1,17682.0,5116.5137,6244.7676,-9958.0
985,2013-12-17,14877.0,1115.0,1.0,1.0,0,0.0,2.0,-0.23488605,0.9720229,-2.4492937e-16,1.0,4,0,0,1,15101.0,1,0.0,1,8278.0,1,7559.0,1,12585.0,1,0.0,1,8746.0,1,7525.0,9110.309,8212.819,15101.0
985,2013-12-18,12523.0,1000.0,1.0,1.0,0,0.0,3.0,-0.23488605,0.9720229,-2.4492937e-16,1.0,4,0,0,1,14877.0,1,15101.0,1,9958.0,1,6017.0,1,9938.0,1,12495.0,1,0.0,1,0.0,11416.985,9693.748,-224.0
985,2013-12-19,12209.0,1050.0,1.0,1.0,0,0.0,4.0,-0.23488605,0.9720229,-2.4492937e-16,1.0,4,0,0,1,12523.0,1,14877.0,1,0.0,1,7341.0,1,9566.0,1,8857.0,1,7352.0,1,5930.0,11859.391,10322.471,-2354.0
985,2013-12-20,13248.0,1159.0,1.0,1.0,0,0.0,5.0,-0.23488605,0.9720229,-2.4492937e-16,1.0,4,0,0,1,12209.0,1,12523.0,1,15101.0,1,7617.0,1,0.0,1,10051.0,1,9095.0,1,8120.0,11999.234,10741.699,-314.0
985,2013-12-21,13699.0,1252.0,1.0,0.0,0,0.0,6.0,-0.23488605,0.9720229,-2.4492937e-16,1.0,4,0,0,1,13248.0,1,12209.0,1,14877.0,1,8278.0,1,7559.0,1,12585.0,1,6571.0,1,6111.0,12498.741,11298.655,1039.0
985,2013-12-22,0.0,0.0,0.0,0.0,0,0.0,7.0,-0.23488605,0.9720229,-2.4492937e-16,1.0,4,0,0,1,13699.0,1,13248.0,1,12523.0,1,9958.0,1,6017.0,1,9938.0,1,6763.0,1,7338.0,12978.845,11832.065,451.0
985,2013-12-23,18114.0,1713.0,1.0,0.0,0,1.0,1.0,-0.11827317,0.9929811,-2.4492937e-16,1.0,4,0,0,1,0.0,1,13699.0,1,12209.0,1,0.0,1,7341.0,1,9566.0,1,7963.0,1,0.0,7787.3066,9202.718,-13699.0
985,2013-12-24,6302.0,620.0,1.0,0.0,0,1.0,2.0,-0.11827317,0.9929811,-2.4492937e-16,1.0,4,0,0,1,18114.0,1,0.0,1,13248.0,1,15101.0,1,7617.0,1,0.0,1,10774.0,1,10473.0,11917.984,11183.002,18114.0
985,2013-12-25,0.0,0.0,0.0,0.0,3,1.0,3.0,-0.11827317,0.9929811,-2.4492937e-16,1.0,4,0,0,1,6302.0,1,18114.0,1,13699.0,1,14877.0,1,8278.0,1,7559.0,1,0.0,1,0.0,9671.591,10098.335,-11812.0
985,2013-12-26,0.0,0.0,0.0,0.0,3,1.0,4.0,-0.11827317,0.9929811,-2.4492937e-16,1.0,4,0,0,1,0.0,1,6302.0,1,0.0,1,12523.0,1,9958.0,1,6017.0,1,12495.0,1,9288.0,5802.954,7854.2607,-6302.0
985,2013-12-27,9026.0,979.0,1.0,0.0,0,1.0,5.0,-0.11827317,0.9929811,-2.4492937e-16,1.0,4,0,0,1,0.0,1,0.0,1,18114.0,1,12209.0,1,0.0,1,7341.0,1,8857.0,1,19374.0,3481.7725,6108.8696,0.0
985,2013-12-28,9931.0,1019.0,1.0,0.0,0,0.0,6.0,-0.11827317,0.9929811,-2.4492937e-16,1.0,4,0,0,1,9026.0,1,0.0,1,6302.0,1,13248.0,1,15101.0,1,7617.0,1,10051.0,1,17241.0,5699.4634,6757.1206,9026.0
985,2013-12-29,0.0,0.0,0.0,0.0,0,0.0,7.0,-0.11827317,0.9929811,-2.4492937e-16,1.0,4,0,0,1,9931.0,1,9026.0,1,0.0,1,13699.0,1,14877.0,1,8278.0,1,12585.0,1,7113.0,7392.078,7462.4272,905.0
985,2013-12-30,11867.0,1219.0,1.0,0.0,0,1.0,1.0,0.11827317,0.9929811,-2.4492937e-16,1.0,4,0,0,1,0.0,1,9931.0,1,0.0,1,0.0,1,12523.0,1,9958.0,1,9938.0,1,8304.0,4435.247,5804.11,-9931.0
985,2013-12-31,4575.0,481.0,1.0,0.0,0,1.0,2.0,0.11827317,0.9929811,-2.4492937e-16,1.0,4,0,1,1,11867.0,1,0.0,1,9026.0,1,18114.0,1,12209.0,1,0.0,1,9566.0,1,9717.0,7407.948,7151.419,11867.0
985,2014-01-01,0.0,0.0,0.0,0.0,1,1.0,3.0,0.11827317,0.9929811,0.5,0.8660254,1,1,0,1,4575.0,1,11867.0,1,9931.0,1,6302.0,1,13248.0,1,15101.0,1,0.0,1,0.0,6274.769,6578.8813,-7292.0
985,2014-01-02,6958.0,796.0,1.0,0.0,0,1.0,4.0,0.11827317,0.9929811,0.5,0.8660254,1,0,0,1,0.0,1,4575.0,1,0.0,1,0.0,1,13699.0,1,14877.0,1,7559.0,1,6348.0,3764.8613,5116.9077,-4575.0
985,2014-01-03,7817.0,807.0,1.0,0.0,0,1.0,5.0,0.11827317,0.9929811,0.5,0.8660254,1,0,0,1,6958.0,1,0.0,1,11867.0,1,0.0,1,0.0,1,12523.0,1,6017.0,1,5962.0,5042.1167,5526.0396,6958.0
985,2014-01-04,8692.0,923.0,1.0,0.0,0,0.0,6.0,0.11827317,0.9929811,0.5,0.8660254,1,0,0,1,7817.0,1,6958.0,1,4575.0,1,9026.0,1,18114.0,1,12209.0,1,7341.0,1,5420.0,6152.0703,6035.1416,859.0
985,2014-01-05,0.0,0.0,0.0,0.0,0,0.0,7.0,0.11827317,0.9929811,0.5,0.8660254,1,0,0,1,8692.0,1,7817.0,1,0.0,1,9931.0,1,6302.0,1,13248.0,1,7617.0,1,6303.0,7168.042,6625.5547,875.0
985,2014-01-06,0.0,0.0,0.0,1.0,1,0.0,1.0,0.23488605,0.9720229,0.5,0.8660254,1,0,0,1,0.0,1,8692.0,1,6958.0,1,0.0,1,0.0,1,13699.0,1,8278.0,1,9769.0,4300.825,5153.209,-8692.0
985,2014-01-07,11903.0,1029.0,1.0,1.0,0,0.0,2.0,0.23488605,0.9720229,0.5,0.8660254,1,0,0,1,0.0,1,0.0,1,7817.0,1,11867.0,1,0.0,1,0.0,1,9958.0,1,9263.0,2580.495,4008.0515,0.0
985,2014-01-08,9873.0,832.0,1.0,1.0,0,0.0,3.0,0.23488605,0.9720229,0.5,0.8660254,1,0,0,1,11903.0,1,0.0,1,8692.0,1,4575.0,1,9026.0,1,18114.0,1,0.0,1,0.0,6309.497,5762.4844,11903.0
985,2014-01-09,8495.0,785.0,1.0,1.0,0,0.0,4.0,0.23488605,0.9720229,0.5,0.8660254,1,0,0,1,9873.0,1,11903.0,1,0.0,1,0.0,1,9931.0,1,6302.0,1,15101.0,1,8586.0,7734.8984,6675.9326,-2030.0
985,2014-01-10,11327.0,859.0,1.0,1.0,0,0.0,5.0,0.23488605,0.9720229,0.5,0.8660254,1,0,0,1,8495.0,1,9873.0,1,0.0,1,6958.0,1,0.0,1,0.0,1,14877.0,1,8174.0,8038.939,7080.17,-1378.0
985,2014-01-11,9171.0,913.0,1.0,0.0,0,0.0,6.0,0.23488605,0.9720229,0.5,0.8660254,1,0,0,1,11327.0,1,8495.0,1,11903.0,1,7817.0,1,11867.0,1,0.0,1,12523.0,1,7246.0,9354.163,8023.9097,2832.0
985,2014-01-12,0.0,0.0,0.0,0.0,0,0.0,7.0,0.23488605,0.9720229,0.5,0.8660254,1,0,0,1,9171.0,1,11327.0,1,9873.0,1,8692.0,1,4575.0,1,9026.0,1,12209.0,1,6971.0,9280.898,8278.818,-2156.0
985,2014-01-13,6125.0,680.0,1.0,0.0,0,0.0,1.0,0.34820163,0.93741965,0.5,0.8660254,1,0,0,1,0.0,1,9171.0,1,8495.0,1,0.0,1,0.0,1,9931.0,1,13248.0,1,6730.0,5568.5386,6439.081,-9171.0
985,2014-01-14,5245.0,591.0,1.0,0.0,0,0.0,2.0,0.34820163,0.93741965,0.5,0.8660254,1,0,0,1,6125.0,1,0.0,1,11327.0,1,0.0,1,6958.0,1,0.0,1,13699.0,1,8746.0,5791.123,6369.285,6125.0
985,2014-01-15,5295.0,628.0,1.0,0.0,0,0.0,3.0,0.34820163,0.93741965,0.5,0.8660254,1,0,0,1,5245.0,1,6125.0,1,9171.0,1,11903.0,1,7817.0,1,11867.0,1,0.0,1,0.0,5572.674,6119.4443,-880.0
985,2014-01-16,5211.0,606.0,1.0,0.0,0,0.0,4.0,0.34820163,0.93741965,0.5,0.8660254,1,0,0,1,5295.0,1,5245.0,1,0.0,1,9873.0,1,8692.0,1,4575.0,1,18114.0,1,7352.0,5461.6045,5936.2344,50.0
985,2014-01-17,6173.0,678.0,1.0,0.0,0,0.0,5.0,0.34820163,0.93741965,0.5,0.8660254,1,0,0,1,5211.0,1,5295.0,1,6125.0,1,8495.0,1,0.0,1,0.0,1,6302.0,1,9095.0,5361.363,5775.0713,-84.0
985,2014-01-18,8111.0,867.0,1.0,0.0,0,0.0,6.0,0.34820163,0.93741965,0.5,0.8660254,1,0,0,1,6173.0,1,5211.0,1,5245.0,1,11327.0,1,0.0,1,6958.0,1,0.0,1,6571.0,5686.0176,5863.5,962.0
985,2014-01-19,0.0,0.0,0.0,0.0,0,0.0,7.0,0.34820163,0.93741965,0.5,0.8660254,1,0,0,1,8111.0,1,6173.0,1,5295.0,1,9171.0,1,11903.0,1,7817.0,1,0.0,1,6763.0,6656.0107,6362.9443,1938.0
985,2014-01-20,10313.0,914.0,1.0,1.0,0,0.0,1.0,0.45662925,0.8896571,0.5,0.8660254,1,0,0,1,0.0,1,8111.0,1,5211.0,1,0.0,1,9873.0,1,8692.0,1,9026.0,1,7963.0,3993.6064,4948.9565,-8111.0
985,2014-01-21,8783.0,788.0,1.0,1.0,0,0.0,2.0,0.45662925,0.8896571,0.5,0.8660254,1,0,0,1,10313.0,1,0.0,1,6173.0,1,6125.0,1,8495.0,1,0.0,1,9931.0,1,10774.0,6521.364,6140.9663,10313.0
985,2014-01-22,8373.0,777.0,1.0,1.0,0,0.0,3.0,0.45662925,0.8896571,0.5,0.8660254,1,0,0,1,8783.0,1,10313.0,1,8111.0,1,5245.0,1,11327.0,1,0.0,1,0.0,1,0.0,7426.018,6728.085,-1530.0
985,2014-01-23,8421.0,764.0,1.0,1.0,0,0.0,4.0,0.45662925,0.8896571,0.5,0.8660254,1,0,0,1,8373.0,1,8783.0,1,0.0,1,5295.0,1,9171.0,1,11903.0,1,11867.0,1,12495.0,7804.811,7093.6216,-410.0
985,2014-01-24,7792.0,771.0,1.0,1.0,0,0.0,5.0,0.45662925,0.8896571,0.5,0.8660254,1,0,0,1,8421.0,1,8373.0,1,10313.0,1,5211.0,1,0.0,1,9873.0,1,4575.0,1,8857.0,8051.2866,7388.5947,48.0
985,2014-01-25,8582.0,877.0,1.0,0.0,0,0.0,6.0,0.45662925,0.8896571,0.5,0.8660254,1,0,0,1,7792.0,1,8421.0,1,8783.0,1,6173.0,1,6125.0,1,8495.0,1,0.0,1,10051.0,7947.572,7478.24,-629.0
985,2014-01-26,0.0,0.0,0.0,0.0,0,0.0,7.0,0.45662925,0.8896571,0.5,0.8660254,1,0,0,1,8582.0,1,7792.0,1,8373.0,1,8111.0,1,5245.0,1,11327.0,1,6958.0,1,12585.0,8201.343,7723.52,790.0
985,2014-01-27,5377.0,619.0,1.0,0.0,0,0.0,1.0,0.55864674,0.82940567,0.5,0.8660254,1,0,0,1,0.0,1,8582.0,1,8421.0,1,0.0,1,5295.0,1,9171.0,1,7817.0,1,9938.0,4920.8057,6007.182,-8582.0
985,2014-01-28,4822.0,580.0,1.0,0.0,0,0.0,2.0,0.55864674,0.82940567,0.5,0.8660254,1,0,0,1,5377.0,1,0.0,1,7792.0,1,10313.0,1,5211.0,1,0.0,1,8692.0,1,9566.0,5103.2837,5867.1416,5377.0
985,2014-01-29,4976.0,599.0,1.0,0.0,0,0.0,3.0,0.55864674,0.82940567,0.5,0.8660254,1,0,0,1,4822.0,1,5377.0,1,8582.0,1,8783.0,1,6173.0,1,6125.0,1,0.0,1,0.0,4990.77,5634.888,-555.0
985,2014-01-30,5646.0,609.0,1.0,0.0,0,0.0,4.0,0.55864674,0.82940567,0.5,0.8660254,1,0,0,1,4976.0,1,4822.0,1,0.0,1,8373.0,1,8111.0,1,5245.0,1,0.0,1,7559.0,4984.8623,5488.4688,154.0
985,2014-01-31,7401.0,752.0,1.0,0.0,0,0.0,5.0,0.55864674,0.82940567,0.5,0.8660254,1,0,1,1,5646.0,1,4976.0,1,5377.0,1,8421.0,1,0.0,1,5295.0,1,11903.0,1,6017.0,5249.3174,5523.4756,670.0
985,2014-02-01,8585.0,894.0,1.0,0.0,0,0.0,6.0,0.55864674,0.82940567,0.8660254,0.5,1,1,0,1,7401.0,1,5646.0,1,4822.0,1,7792.0,1,10313.0,1,5211.0,1,9873.0,1,7341.0,6109.99,5940.703,1755.0
985,2014-02-02,0.0,0.0,0.0,0.0,0,0.0,7.0,0.55864674,0.82940567,0.8660254,0.5,1,0,0,1,8585.0,1,7401.0,1,4976.0,1,8582.0,1,8783.0,1,6173.0,1,8495.0,1,7617.0,7099.994,6528.3247,1184.0
985,2014-02-03,10629.0,930.0,1.0,1.0,0,0.0,1.0,0.65282214,0.75751126,0.8660254,0.5,1,0,0,1,0.0,1,8585.0,1,5646.0,1,0.0,1,8373.0,1,8111.0,1,11327.0,1,8278.0,4259.9966,5077.586,-8585.0
985,2014-02-04,8762.0,792.0,1.0,1.0,0,0.0,2.0,0.65282214,0.75751126,0.8660254,0.5,1,0,0,1,10629.0,1,0.0,1,7401.0,1,5377.0,1,8421.0,1,0.0,1,9171.0,1,9958.0,6807.598,6311.2334,10629.0
985,2014-02-05,8553.0,739.0,1.0,1.0,0,0.0,3.0,0.65282214,0.75751126,0.8660254,0.5,1,0,0,1,8762.0,1,10629.0,1,8585.0,1,4822.0,1,7792.0,1,10313.0,1,0.0,1,0.0,7589.359,6855.848,-1867.0
985,2014-02-06,9263.0,806.0,1.0,1.0,0,0.0,4.0,0.65282214,0.75751126,0.8660254,0.5,1,0,0,1,8553.0,1,8762.0,1,0.0,1,4976.0,1,8582.0,1,8783.0,1,6125.0,1,15101.0,7974.8154,7232.993,-209.0
985,2014-02-07,8740.0,828.0,1.0,1.0,0,0.0,5.0,0.65282214,0.75751126,0.8660254,0.5,1,0,0,1,9263.0,1,8553.0,1,10629.0,1,5646.0,1,0.0,1,8373.0,1,5245.0,1,14877.0,8490.089,7684.106,710.0
985,2014-02-08,8072.0,878.0,1.0,0.0,0,0.0,6.0,0.65282214,0.75751126,0.8660254,0.5,1,0,0,1,8740.0,1,9263.0,1,8762.0,1,7401.0,1,5377.0,1,8421.0,1,5295.0,1,12523.0,8590.054,7918.749,-523.0
985,2014-02-09,0.0,0.0,0.0,0.0,0,0.0,7.0,0.65282214,0.75751126,0.8660254,0.5,1,0,0,1,8072.0,1,8740.0,1,8553.0,1,8585.0,1,4822.0,1,7792.0,1,5211.0,1,12209.0,8382.832,7952.8047,-668.0
985,2014-02-10,6145.0,710.0,1.0,0.0,0,0.0,1.0,0.73783326,0.674983,0.8660254,0.5,1,0,0,1,0.0,1,8072.0,1,9263.0,1,0.0,1,4976.0,1,8582.0,1,6173.0,1,13248.0,5029.699,6185.5146,-8072.0
985,2014-02-11,5966.0,668.0,1.0,0.0,0,0.0,2.0,0.73783326,0.674983,0.8660254,0.5,1,0,0,1,6145.0,1,0.0,1,8740.0,1,10629.0,1,5646.0,1,0.0,1,8111.0,1,13699.0,5475.8193,6176.5117,6145.0
985,2014-02-12,5615.0,669.0,1.0,0.0,0,0.0,3.0,0.73783326,0.674983,0.8660254,0.5,1,0,0,1,5966.0,1,6145.0,1,8072.0,1,8762.0,1,7401.0,1,5377.0,1,0.0,1,0.0,5671.8916,6129.731,-179.0
985,2014-02-13,5683.0,635.0,1.0,0.0,0,0.0,4.0,0.73783326,0.674983,0.8660254,0.5,1,0,0,1,5615.0,1,5966.0,1,0.0,1,8553.0,1,8585.0,1,4822.0,1,10313.0,1,18114.0,5649.1353,6015.3467,-351.0
985,2014-02-14,7025.0,748.0,1.0,0.0,0,0.0,5.0,0.73783326,0.674983,0.8660254,0.5,1,0,0,1,5683.0,1,5615.0,1,6145.0,1,9263.0,1,0.0,1,4976.0,1,8783.0,1,6302.0,5662.681,5941.4917,68.0
985,2014-02-15,8793.0,872.0,1.0,0.0,0,0.0,6.0,0.73783326,0.674983,0.8660254,0.5,1,0,0,1,7025.0,1,5683.0,1,5966.0,1,8740.0,1,10629.0,1,5646.0,1,8373.0,1,0.0,6207.6084,6182.2715,1342.0
985,2014-02-16,0.0,0.0,0.0,0.0,0,0.0,7.0,0.73783326,0.674983,0.8660254,0.5,1,0,0,1,8793.0,1,7025.0,1,5615.0,1,8072.0,1,8762.0,1,7401.0,1,8421.0,1,0.0,7241.765,6762.433,1768.0
985,2014-02-17,9171.0,871.0,1.0,1.0,0,0.0,1.0,0.8124869,0.5829795,0.8660254,0.5,1,0,0,1,0.0,1,8793.0,1,5683.0,1,0.0,1,8553.0,1,8585.0,1,7792.0,1,9026.0,4345.059,5259.6704,-8793.0
985,2014-02-18,7674.0,691.0,1.0,1.0,0,0.0,2.0,0.8124869,0.5829795,0.8660254,0.5,1,0,0,1,9171.0,1,0.0,1,7025.0,1,6145.0,1,9263.0,1,0.0,1,8582.0,1,9931.0,6275.4355,6128.8545,9171.0
985,2014-02-19,7364.0,710.0,1.0,1.0,0,0.0,3.0,0.8124869,0.5829795,0.8660254,0.5,1,0,0,1,7674.0,1,9171.0,1,8793.0,1,5966.0,1,8740.0,1,10629.0,1,0.0,1,0.0,6834.8613,6472.22,-1497.0
985,2014-02-20,7115.0,703.0,1.0,1.0,0,0.0,4.0,0.8124869,0.5829795,0.8660254,0.5,1,0,0,1,7364.0,1,7674.0,1,0.0,1,5615.0,1,8072.0,1,8762.0,1,5377.0,1,11867.0,7046.5166,6670.3936,-310.0
985,2014-02-21,7903.0,769.0,1.0,1.0,0,0.0,5.0,0.8124869,0.5829795,0.8660254,0.5,1,0,0,1,7115.0,1,7364.0,1,9171.0,1,5683.0,1,0.0,1,8553.0,1,4822.0,1,4575.0,7073.91,6769.195,-249.0
985,2014-02-22,7759.0,833.0,1.0,0.0,0,0.0,6.0,0.8124869,0.5829795,0.8660254,0.5,1,0,0,1,7903.0,1,7115.0,1,7674.0,1,7025.0,1,6145.0,1,9263.0,1,4976.0,1,0.0,7405.546,7021.152,788.0
985,2014-02-23,0.0,0.0,0.0,0.0,0,0.0,7.0,0.8124869,0.5829795,0.8660254,0.5,1,0,0,1,7759.0,1,7903.0,1,7364.0,1,8793.0,1,5966.0,1,8740.0,1,5646.0,1,6958.0,7546.9277,7185.118,-144.0
985,2014-02-24,8881.0,658.0,1.0,0.0,0,0.0,1.0,0.8757349,0.4827922,0.8660254,0.5,1,0,0,1,0.0,1,7759.0,1,7115.0,1,0.0,1,5615.0,1,8072.0,1,7401.0,1,7817.0,4528.1567,5588.4253,-7759.0
985,2014-02-25,4668.0,583.0,1.0,0.0,0,0.0,2.0,0.8757349,0.4827922,0.8660254,0.5,1,0,0,1,8881.0,1,0.0,1,7903.0,1,9171.0,1,5683.0,1,0.0,1,8585.0,1,8692.0,6269.294,6320.1084,8881.0
985,2014-02-26,4947.0,581.0,1.0,0.0,0,0.0,3.0,0.8757349,0.4827922,0.8660254,0.5,1,0,0,1,4668.0,1,8881.0,1,7759.0,1,7674.0,1,7025.0,1,6145.0,1,0.0,1,0.0,5628.7764,5952.973,-4213.0
985,2014-02-27,6118.0,641.0,1.0,0.0,0,0.0,4.0,0.8757349,0.4827922,0.8660254,0.5,1,0,0,1,4947.0,1,4668.0,1,0.0,1,7364.0,1,8793.0,1,5966.0,1,10629.0,1,0.0,5356.066,5729.424,279.0
985,2014-02-28,7091.0,723.0,1.0,0.0,0,0.0,5.0,0.8757349,0.4827922,0.8660254,0.5,1,0,1,1,6118.0,1,4947.0,1,8881.0,1,7115.0,1,0.0,1,5615.0,1,8762.0,1,11903.0,5660.8394,5815.774,1171.0
985,2014-03-01,7895.0,825.0,1.0,0.0,0,0.0,6.0,0.8757349,0.4827922,1.0,6.123234e-17,1,1,0,1,7091.0,1,6118.0,1,4668.0,1,7903.0,1,9171.0,1,5683.0,1,8553.0,1,9873.0,6232.904,6099.1577,973.0
985,2014-03-02,0.0,0.0,0.0,0.0,0,0.0,7.0,0.8757349,0.4827922,1.0,6.123234e-17,1,0,0,1,7895.0,1,7091.0,1,4947.0,1,7759.0,1,7674.0,1,7025.0,1,9263.0,1,8495.0,6897.742,6498.2334,804.0
985,2014-03-03,9082.0,890.0,1.0,1.0,0,0.0,1.0,0.9266896,0.37582758,1.0,6.123234e-17,1,0,0,1,0.0,1,7895.0,1,6118.0,1,0.0,1,7364.0,1,8793.0,1,8740.0,1,11327.0,4138.6455,5054.1816,-7895.0
985,2014-03-04,10040.0,747.0,1.0,1.0,0,0.0,2.0,0.9266896,0.37582758,1.0,6.123234e-17,1,0,0,1,9082.0,1,0.0,1,7091.0,1,8881.0,1,7115.0,1,0.0,1,8072.0,1,9171.0,6115.9873,5949.2524,9082.0
985,2014-03-05,7329.0,749.0,1.0,1.0,0,0.0,3.0,0.9266896,0.37582758,1.0,6.123234e-17,1,0,0,1,10040.0,1,9082.0,1,7895.0,1,4668.0,1,7903.0,1,9171.0,1,0.0,1,0.0,7685.5923,6858.3076,958.0
985,2014-03-06,8584.0,817.0,1.0,1.0,0,0.0,4.0,0.9266896,0.37582758,1.0,6.123234e-17,1,0,0,1,7329.0,1,10040.0,1,0.0,1,4947.0,1,7759.0,1,7674.0,1,6145.0,1,6125.0,7542.9556,6962.906,-2711.0
985,2014-03-07,8544.0,772.0,1.0,1.0,0,0.0,5.0,0.9266896,0.37582758,1.0,6.123234e-17,1,0,0,1,8584.0,1,7329.0,1,9082.0,1,6118.0,1,0.0,1,7364.0,1,5966.0,1,5245.0,7959.373,7323.149,1255.0
985,2014-03-08,6469.0,734.0,1.0,0.0,0,0.0,6.0,0.9266896,0.37582758,1.0,6.123234e-17,1,0,0,1,8544.0,1,8584.0,1,10040.0,1,7091.0,1,8881.0,1,7115.0,1,5615.0,1,5295.0,8193.224,7594.449,-40.0
985,2014-03-09,0.0,0.0,0.0,0.0,0,0.0,7.0,0.9266896,0.37582758,1.0,6.123234e-17,1,0,0,1,6469.0,1,8544.0,1,7329.0,1,7895.0,1,4668.0,1,7903.0,1,5683.0,1,5211.0,7503.534,7344.349,-2075.0
985,2014-03-10,5775.0,649.0,1.0,0.0,0,0.0,1.0,0.9646356,0.26358718,1.0,6.123234e-17,1,0,0,1,0.0,1,6469.0,1,8584.0,1,0.0,1,4947.0,1,7759.0,1,7025.0,1,6173.0,4502.1206,5712.2715,-6469.0
985,2014-03-11,7794.0,623.0,1.0,0.0,0,0.0,2.0,0.9646356,0.26358718,1.0,6.123234e-17,1,0,0,1,5775.0,1,0.0,1,8544.0,1,9082.0,1,6118.0,1,0.0,1,8793.0,1,8111.0,5011.2725,5726.2114,5775.0
985,2014-03-12,4922.0,564.0,1.0,0.0,0,0.0,3.0,0.9646356,0.26358718,1.0,6.123234e-17,1,0,0,1,7794.0,1,5775.0,1,6469.0,1,10040.0,1,7091.0,1,8881.0,1,0.0,1,0.0,6124.3633,6185.7197,2019.0
985,2014-03-13,4434.0,556.0,1.0,0.0,0,0.0,4.0,0.9646356,0.26358718,1.0,6.123234e-17,1,0,0,1,4922.0,1,7794.0,1,0.0,1,7329.0,1,7895.0,1,4668.0,1,9171.0,1,10313.0,5643.418,5904.893,-2872.0
985,2014-03-14,5527.0,624.0,1.0,0.0,0,0.0,5.0,0.9646356,0.26358718,1.0,6.123234e-17,1,0,0,1,4434.0,1,4922.0,1,5775.0,1,8584.0,1,0.0,1,4947.0,1,7674.0,1,8783.0,5159.651,5578.0283,-488.0
985,2014-03-15,8376.0,813.0,1.0,0.0,0,0.0,6.0,0.9646356,0.26358718,1.0,6.123234e-17,1,0,0,1,5527.0,1,4434.0,1,7794.0,1,8544.0,1,9082.0,1,6118.0,1,7364.0,1,8373.0,5306.5903,5566.6885,1093.0
985,2014-03-16,0.0,0.0,0.0,0.0,0,0.0,7.0,0.9646356,0.26358718,1.0,6.123234e-17,1,0,0,1,8376.0,1,5527.0,1,4922.0,1,6469.0,1,10040.0,1,7091.0,1,7115.0,1,8421.0,6534.3545,6190.98,2849.0
985,2014-03-17,9177.0,809.0,1.0,1.0,0,0.0,1.0,0.9890402,0.14764656,1.0,6.123234e-17,1,0,0,1,0.0,1,8376.0,1,4434.0,1,0.0,1,7329.0,1,7895.0,1,7903.0,1,7792.0,3920.6125,4815.2065,-8376.0
985,2014-03-18,7362.0,682.0,1.0,1.0,0,0.0,2.0,0.9890402,0.14764656,1.0,6.123234e-17,1,0,0,1,9177.0,1,0.0,1,5527.0,1,5775.0,1,8584.0,1,0.0,1,7759.0,1,8582.0,6023.1675,5784.494,9177.0
985,2014-03-19,8386.0,757.0,1.0,1.0,0,0.0,3.0,0.9890402,0.14764656,1.0,6.123234e-17,1,0,0,1,7362.0,1,9177.0,1,8376.0,1,7794.0,1,8544.0,1,9082.0,1,0.0,1,0.0,6558.7007,6135.051,-1815.0
985,2014-03-20,7440.0,678.0,1.0,1.0,0,0.0,4.0,0.9890402,0.14764656,1.0,6.123234e-17,1,0,0,1,8386.0,1,7362.0,1,0.0,1,4922.0,1,6469.0,1,10040.0,1,8881.0,1,5377.0,7289.62,6635.2617,1024.0
985,2014-03-21,9963.0,746.0,1.0,1.0,0,0.0,5.0,0.9890402,0.14764656,1.0,6.123234e-17,1,0,0,1,7440.0,1,8386.0,1,9177.0,1,4434.0,1,0.0,1,7329.0,1,4668.0,1,4822.0,7349.772,6814.093,-946.0
985,2014-03-22,8472.0,860.0,1.0,0.0,0,0.0,6.0,0.9890402,0.14764656,1.0,6.123234e-17,1,0,0,1,9963.0,1,7440.0,1,7362.0,1,5527.0,1,5775.0,1,8584.0,1,4947.0,1,4976.0,8395.063,7513.8496,2523.0
985,2014-03-23,0.0,0.0,0.0,0.0,0,0.0,7.0,0.9890402,0.14764656,1.0,6.123234e-17,1,0,0,1,8472.0,1,9963.0,1,8386.0,1,8376.0,1,7794.0,1,8544.0,1,6118.0,1,5646.0,8425.838,7726.772,-1491.0
985,2014-03-24,6531.0,725.0,1.0,0.0,0,0.0,1.0,0.99956083,0.029633328,1.0,6.123234e-17,1,0,0,1,0.0,1,8472.0,1,7440.0,1,0.0,1,4922.0,1,6469.0,1,7091.0,1,7401.0,5055.503,6009.7114,-8472.0
985,2014-03-25,6296.0,614.0,1.0,0.0,0,0.0,2.0,0.99956083,0.029633328,1.0,6.123234e-17,1,0,0,1,6531.0,1,0.0,1,9963.0,1,9177.0,1,4434.0,1,0.0,1,7895.0,1,8585.0,5645.7017,6125.553,6531.0
985,2014-03-26,5821.0,606.0,1.0,0.0,0,0.0,3.0,0.99956083,0.029633328,1.0,6.123234e-17,1,0,0,1,6296.0,1,6531.0,1,8472.0,1,7362.0,1,5527.0,1,5775.0,1,0.0,1,0.0,5905.821,6163.4307,-235.0
985,2014-03-27,6554.0,685.0,1.0,0.0,0,0.0,4.0,0.99956083,0.029633328,1.0,6.123234e-17,1,0,0,1,5821.0,1,6296.0,1,0.0,1,8386.0,1,8376.0,1,7794.0,1,9082.0,1,10629.0,5871.8926,6087.335,-475.0
985,2014-03-28,9296.0,706.0,1.0,0.0,0,0.0,5.0,0.99956083,0.029633328,1.0,6.123234e-17,1,0,0,1,6554.0,1,5821.0,1,6531.0,1,7440.0,1,0.0,1,4922.0,1,10040.0,1,8762.0,6144.7354,6191.038,733.0
985,2014-03-29,7902.0,818.0,1.0,0.0,0,0.0,6.0,0.99956083,0.029633328,1.0,6.123234e-17,1,0,0,1,9296.0,1,6554.0,1,6296.0,1,9963.0,1,9177.0,1,4434.0,1,7329.0,1,8553.0,7405.241,6881.03,2742.0
985,2014-03-30,0.0,0.0,0.0,0.0,0,0.0,7.0,0.99956083,0.029633328,1.0,6.123234e-17,1,0,0,1,7902.0,1,9296.0,1,5821.0,1,8472.0,1,7362.0,1,5527.0,1,8584.0,1,9263.0,7603.945,7107.912,-1394.0
985,2014-03-31,12400.0,971.0,1.0,1.0,0,0.0,1.0,0.9960498,-0.08879589,1.0,6.123234e-17,1,0,1,1,0.0,1,7902.0,1,6554.0,1,0.0,1,8386.0,1,8376.0,1,8544.0,1,8740.0,4562.3667,5528.376,-7902.0
985,2014-04-01,6827.0,722.0,1.0,1.0,0,0.0,2.0,0.9960498,-0.08879589,0.8660254,-0.5,2,1,0,1,12400.0,1,0.0,1,9296.0,1,6531.0,1,7440.0,1,0.0,1,6469.0,1,8072.0,7697.42,7055.4033,12400.0
985,2014-04-02,7033.0,669.0,1.0,1.0,0,0.0,3.0,0.9960498,-0.08879589,0.8660254,-0.5,2,0,0,1,6827.0,1,12400.0,1,7902.0,1,6296.0,1,9963.0,1,9177.0,1,0.0,1,0.0,7349.252,7004.647,-5573.0
985,2014-04-03,7917.0,744.0,1.0,1.0,0,0.0,4.0,0.9960498,-0.08879589,0.8660254,-0.5,2,0,0,1,7033.0,1,6827.0,1,0.0,1,5821.0,1,8472.0,1,7362.0,1,5775.0,1,6145.0,7222.7515,7010.9478,206.0
985,2014-04-04,8492.0,824.0,1.0,1.0,0,0.0,5.0,0.9960498,-0.08879589,0.8660254,-0.5,2,0,0,1,7917.0,1,7033.0,1,12400.0,1,6554.0,1,0.0,1,8386.0,1,7794.0,1,5966.0,7500.4507,7212.293,884.0
985,2014-04-05,8937.0,897.0,1.0,0.0,0,0.0,6.0,0.9960498,-0.08879589,0.8660254,-0.5,2,0,0,1,8492.0,1,7917.0,1,6827.0,1,9296.0,1,6531.0,1,7440.0,1,4922.0,1,5615.0,7897.0703,7496.6724,575.0
985,2014-04-06,0.0,0.0,0.0,0.0,0,0.0,7.0,0.9960498,-0.08879589,0.8660254,-0.5,2,0,0,1,8937.0,1,8492.0,1,7033.0,1,7902.0,1,6296.0,1,9963.0,1,4434.0,1,5683.0,8313.042,7816.745,445.0
985,2014-04-07,6472.0,672.0,1.0,0.0,0,0.0,1.0,0.9785565,-0.20597862,0.8660254,-0.5,2,0,0,1,0.0,1,8937.0,1,7917.0,1,0.0,1,5821.0,1,8472.0,1,5527.0,1,7025.0,4987.825,6079.6904,-8937.0
985,2014-04-08,6017.0,621.0,1.0,0.0,0,0.0,2.0,0.9785565,-0.20597862,0.8660254,-0.5,2,0,0,1,6472.0,1,0.0,1,8492.0,1,12400.0,1,6554.0,1,0.0,1,8376.0,1,8793.0,5581.495,6166.8706,6472.0
985,2014-04-09,6813.0,674.0,1.0,0.0,0,0.0,3.0,0.9785565,-0.20597862,0.8660254,-0.5,2,0,0,1,6017.0,1,6472.0,1,8937.0,1,6827.0,1,9296.0,1,6531.0,1,0.0,1,0.0,5755.6973,6133.566,-455.0
985,2014-04-10,6821.0,697.0,1.0,0.0,0,0.0,4.0,0.9785565,-0.20597862,0.8660254,-0.5,2,0,0,1,6813.0,1,6017.0,1,0.0,1,7033.0,1,7902.0,1,6296.0,1,9177.0,1,9171.0,6178.618,6284.5513,796.0
985,2014-04-11,7029.0,688.0,1.0,0.0,0,0.0,5.0,0.9785565,-0.20597862,0.8660254,-0.5,2,0,0,1,6821.0,1,6813.0,1,6472.0,1,7917.0,1,0.0,1,5821.0,1,7362.0,1,7674.0,6435.571,6403.762,8.0
985,2014-04-12,7869.0,805.0,1.0,0.0,0,0.0,6.0,0.9785565,-0.20597862,0.8660254,-0.5,2,0,0,1,7029.0,1,6821.0,1,6017.0,1,8492.0,1,12400.0,1,6554.0,1,8386.0,1,7364.0,6672.9424,6542.7036,208.0
985,2014-04-13,0.0,0.0,0.0,0.0,0,0.0,7.0,0.9785565,-0.20597862,0.8660254,-0.5,2,0,0,1,7869.0,1,7029.0,1,6813.0,1,8937.0,1,6827.0,1,9296.0,1,7440.0,1,7115.0,7151.3657,6837.4365,840.0
985,2014-04-14,11910.0,1032.0,1.0,1.0,0,1.0,1.0,0.94732636,-0.32026985,0.8660254,-0.5,2,0,0,1,0.0,1,7869.0,1,6821.0,1,0.0,1,7033.0,1,7902.0,1,9963.0,1,7903.0,4290.8193,5318.006,-7869.0
985,2014-04-15,12016.0,909.0,1.0,1.0,0,1.0,2.0,0.94732636,-0.32026985,0.8660254,-0.5,2,0,0,1,11910.0,1,0.0,1,7029.0,1,6472.0,1,7917.0,1,0.0,1,8472.0,1,7759.0,7338.4917,6782.8936,11910.0
985,2014-04-16,11368.0,958.0,1.0,1.0,0,1.0,3.0,0.94732636,-0.32026985,0.8660254,-0.5,2,0,0,1,12016.0,1,11910.0,1,7869.0,1,6017.0,1,8492.0,1,12400.0,1,0.0,1,0.0,9209.495,7945.806,106.0
985,2014-04-17,12213.0,1054.0,1.0,1.0,0,1.0,4.0,0.94732636,-0.32026985,0.8660254,-0.5,2,0,0,1,11368.0,1,12016.0,1,0.0,1,6813.0,1,8937.0,1,6827.0,1,6531.0,1,8881.0,10072.897,8706.294,-648.0
985,2014-04-18,0.0,0.0,0.0,1.0,2,1.0,5.0,0.94732636,-0.32026985,0.8660254,-0.5,2,0,0,1,12213.0,1,11368.0,1,11910.0,1,6821.0,1,0.0,1,7033.0,1,6296.0,1,4668.0,10928.938,9485.562,845.0
985,2014-04-19,11830.0,1142.0,1.0,0.0,0,0.0,6.0,0.94732636,-0.32026985,0.8660254,-0.5,2,0,0,1,0.0,1,12213.0,1,12016.0,1,7029.0,1,6472.0,1,7917.0,1,5821.0,1,4947.0,6557.363,7377.659,-12213.0
985,2014-04-20,0.0,0.0,0.0,0.0,0,0.0,7.0,0.94732636,-0.32026985,0.8660254,-0.5,2,0,0,1,11830.0,1,0.0,1,11368.0,1,7869.0,1,6017.0,1,8492.0,1,6554.0,1,6118.0,8666.418,8367.068,11830.0
985,2014-04-21,0.0,0.0,0.0,0.0,2,1.0,1.0,0.9027978,-0.4300652,0.8660254,-0.5,2,0,0,1,0.0,1,11830.0,1,12213.0,1,0.0,1,6813.0,1,8937.0,1,9296.0,1,7091.0,5199.8506,6507.7197,-11830.0
985,2014-04-22,6911.0,733.0,1.0,0.0,0,1.0,2.0,0.9027978,-0.4300652,0.8660254,-0.5,2,0,0,1,0.0,1,0.0,1,0.0,1,11910.0,1,6821.0,1,0.0,1,7902.0,1,7895.0,3119.9104,5061.5596,0.0
985,2014-04-23,5905.0,636.0,1.0,0.0,0,1.0,3.0,0.9027978,-0.4300652,0.8660254,-0.5,2,0,0,1,6911.0,1,0.0,1,11830.0,1,12016.0,1,7029.0,1,6472.0,1,0.0,1,0.0,4636.346,5472.5464,6911.0
985,2014-04-24,6469.0,613.0,1.0,0.0,0,1.0,4.0,0.9027978,-0.4300652,0.8660254,-0.5,2,0,0,1,5905.0,1,6911.0,1,0.0,1,11368.0,1,7869.0,1,6017.0,1,12400.0,1,9082.0,5143.8076,5568.6475,-1006.0
985,2014-04-25,5594.0,635.0,1.0,0.0,0,1.0,5.0,0.9027978,-0.4300652,0.8660254,-0.5,2,0,0,1,6469.0,1,5905.0,1,0.0,1,12213.0,1,0.0,1,6813.0,1,6827.0,1,10040.0,5673.885,5768.7256,564.0
985,2014-04-26,7704.0,758.0,1.0,0.0,0,0.0,6.0,0.9027978,-0.4300652,0.8660254,-0.5,2,0,0,1,5594.0,1,6469.0,1,6911.0,1,0.0,1,11910.0,1,6821.0,1,7033.0,1,7329.0,5641.9307,5729.898,-875.0
985,2014-04-27,0.0,0.0,0.0,0.0,0,0.0,7.0,0.9027978,-0.4300652,0.8660254,-0.5,2,0,0,1,7704.0,1,5594.0,1,5905.0,1,11830.0,1,12016.0,1,7029.0,1,7917.0,1,8584.0,6466.7583,6168.587,2110.0
985,2014-04-28,10431.0,913.0,1.0,1.0,0,0.0,1.0,0.845596,-0.5338234,0.8660254,-0.5,2,0,0,1,0.0,1,7704.0,1,6469.0,1,0.0,1,11368.0,1,7869.0,1,8492.0,1,8544.0,3880.0552,4797.79,-7704.0
985,2014-04-29,9409.0,818.0,1.0,1.0,0,0.0,2.0,0.845596,-0.5338234,0.8660254,-0.5,2,0,0,1,10431.0,1,0.0,1,5594.0,1,0.0,1,12213.0,1,0.0,1,8937.0,1,6469.0,6500.433,6049.6143,10431.0
985,2014-04-30,10609.0,960.0,1.0,1.0,0,0.0,3.0,0.845596,-0.5338234,0.8660254,-0.5,2,0,1,1,9409.0,1,10431.0,1,7704.0,1,6911.0,1,0.0,1,11910.0,1,0.0,1,0.0,7663.86,6796.1445,-1022.0
985,2014-05-01,0.0,0.0,0.0,1.0,1,0.0,4.0,0.845596,-0.5338234,0.5,-0.8660254,2,1,0,1,10609.0,1,9409.0,1,0.0,1,5905.0,1,11830.0,1,12016.0,1,6472.0,1,5775.0,8841.916,7643.446,1200.0
985,2014-05-02,12623.0,1176.0,1.0,1.0,0,0.0,5.0,0.845596,-0.5338234,0.5,-0.8660254,2,0,0,1,0.0,1,10609.0,1,10431.0,1,6469.0,1,0.0,1,11368.0,1,6017.0,1,7794.0,5305.1494,5944.9023,-10609.0
985,2014-05-03,9655.0,957.0,1.0,0.0,0,0.0,6.0,0.845596,-0.5338234,0.5,-0.8660254,2,0,0,1,12623.0,1,0.0,1,9409.0,1,5594.0,1,0.0,1,12213.0,1,6813.0,1,4922.0,8232.29,7428.924,12623.0
985,2014-05-04,0.0,0.0,0.0,0.0,0,0.0,7.0,0.845596,-0.5338234,0.5,-0.8660254,2,0,0,1,9655.0,1,12623.0,1,10609.0,1,7704.0,1,6911.0,1,0.0,1,6821.0,1,4434.0,8801.374,7923.6074,-2968.0
985,2014-05-05,9506.0,874.0,1.0,1.0,0,0.0,1.0,0.7765239,-0.63008785,0.5,-0.8660254,2,0,0,1,0.0,1,9655.0,1,0.0,1,0.0,1,5905.0,1,11830.0,1,7029.0,1,5527.0,5280.824,6162.8057,-9655.0
985,2014-05-06,9246.0,710.0,1.0,1.0,0,0.0,2.0,0.7765239,-0.63008785,0.5,-0.8660254,2,0,0,1,9506.0,1,0.0,1,12623.0,1,10431.0,1,6469.0,1,0.0,1,7869.0,1,8376.0,6970.8945,6905.738,9506.0
985,2014-05-07,9051.0,802.0,1.0,1.0,0,0.0,3.0,0.7765239,-0.63008785,0.5,-0.8660254,2,0,0,1,9246.0,1,9506.0,1,9655.0,1,9409.0,1,5594.0,1,0.0,1,0.0,1,0.0,7880.9365,7425.796,-260.0
985,2014-05-08,8162.0,782.0,1.0,1.0,0,0.0,4.0,0.7765239,-0.63008785,0.5,-0.8660254,2,0,0,1,9051.0,1,9246.0,1,0.0,1,10609.0,1,7704.0,1,6911.0,1,11910.0,1,9177.0,8348.962,7786.9526,-195.0
985,2014-05-09,8996.0,846.0,1.0,1.0,0,0.0,5.0,0.7765239,-0.63008785,0.5,-0.8660254,2,0,0,1,8162.0,1,9051.0,1,9506.0,1,0.0,1,0.0,1,5905.0,1,12016.0,1,7362.0,8274.177,7870.2964,-889.0
985,2014-05-10,9468.0,977.0,1.0,0.0,0,0.0,6.0,0.7765239,-0.63008785,0.5,-0.8660254,2,0,0,1,8996.0,1,8162.0,1,9246.0,1,12623.0,1,10431.0,1,6469.0,1,11368.0,1,8386.0,8562.906,8120.4526,834.0
985,2014-05-11,0.0,0.0,0.0,0.0,0,0.0,7.0,0.7765239,-0.63008785,0.5,-0.8660254,2,0,0,1,9468.0,1,8996.0,1,9051.0,1,9655.0,1,9409.0,1,5594.0,1,12213.0,1,7440.0,8924.943,8419.908,472.0
985,2014-05-12,6551.0,726.0,1.0,0.0,0,0.0,1.0,0.696551,-0.71750724,0.5,-0.8660254,2,0,0,1,0.0,1,9468.0,1,8162.0,1,0.0,1,10609.0,1,7704.0,1,0.0,1,9963.0,5354.9663,6548.817,-9468.0
985,2014-05-13,5892.0,640.0,1.0,0.0,0,0.0,2.0,0.696551,-0.71750724,0.5,-0.8660254,2,0,0,1,6551.0,1,0.0,1,8996.0,1,9506.0,1,0.0,1,0.0,1,11830.0,1,8472.0,5833.38,6549.3022,6551.0
985,2014-05-14,6050.0,648.0,1.0,0.0,0,0.0,3.0,0.696551,-0.71750724,0.5,-0.8660254,2,0,0,1,5892.0,1,6551.0,1,9468.0,1,9246.0,1,12623.0,1,10431.0,1,0.0,1,0.0,5856.8276,6403.235,-659.0
985,2014-05-15,6655.0,674.0,1.0,0.0,0,0.0,4.0,0.696551,-0.71750724,0.5,-0.8660254,2,0,0,1,6050.0,1,5892.0,1,0.0,1,9051.0,1,9655.0,1,9409.0,1,0.0,1,6531.0,5934.0967,6324.7383,158.0
985,2014-05-16,7061.0,707.0,1.0,0.0,0,0.0,5.0,0.696551,-0.71750724,0.5,-0.8660254,2,0,0,1,6655.0,1,6050.0,1,6551.0,1,8162.0,1,0.0,1,10609.0,1,6911.0,1,6296.0,6222.458,6398.13,605.0
985,2014-05-17,7806.0,805.0,1.0,0.0,0,0.0,6.0,0.696551,-0.71750724,0.5,-0.8660254,2,0,0,1,7061.0,1,6655.0,1,5892.0,1,8996.0,1,9506.0,1,0.0,1,5905.0,1,5821.0,6557.875,6545.434,406.0
985,2014-05-18,0.0,0.0,0.0,0.0,0,0.0,7.0,0.696551,-0.71750724,0.5,-0.8660254,2,0,0,1,7806.0,1,7061.0,1,6050.0,1,9468.0,1,9246.0,1,12623.0,1,6469.0,1,6554.0,7057.125,6825.56,745.0
985,2014-05-19,9943.0,771.0,1.0,1.0,0,0.0,1.0,0.60680014,-0.79485446,0.5,-0.8660254,2,0,0,1,0.0,1,7806.0,1,6655.0,1,0.0,1,9051.0,1,9655.0,1,5594.0,1,9296.0,4234.275,5308.769,-7806.0
985,2014-05-20,6948.0,659.0,1.0,1.0,0,0.0,2.0,0.60680014,-0.79485446,0.5,-0.8660254,2,0,0,1,9943.0,1,0.0,1,7061.0,1,6551.0,1,8162.0,1,0.0,1,7704.0,1,7902.0,6517.765,6338.598,9943.0
985,2014-05-21,6840.0,676.0,1.0,1.0,0,0.0,3.0,0.60680014,-0.79485446,0.5,-0.8660254,2,0,0,1,6948.0,1,9943.0,1,7806.0,1,5892.0,1,8996.0,1,9506.0,1,0.0,1,0.0,6689.859,6474.0205,-2995.0
985,2014-05-22,6623.0,653.0,1.0,1.0,0,0.0,4.0,0.60680014,-0.79485446,0.5,-0.8660254,2,0,0,1,6840.0,1,6948.0,1,0.0,1,6050.0,1,9468.0,1,9246.0,1,10431.0,1,12400.0,6749.9155,6555.3496,-108.0
985,2014-05-23,8004.0,733.0,1.0,1.0,0,0.0,5.0,0.60680014,-0.79485446,0.5,-0.8660254,2,0,0,1,6623.0,1,6840.0,1,9943.0,1,6655.0,1,0.0,1,9051.0,1,9409.0,1,6827.0,6699.1494,6570.383,-217.0
985,2014-05-24,8145.0,824.0,1.0,0.0,0,0.0,6.0,0.60680014,-0.79485446,0.5,-0.8660254,2,0,0,1,8004.0,1,6623.0,1,6948.0,1,7061.0,1,6551.0,1,8162.0,1,10609.0,1,7033.0,7221.0894,6888.9644,1381.0
985,2014-05-25,0.0,0.0,0.0,0.0,0,0.0,7.0,0.60680014,-0.79485446,0.5,-0.8660254,2,0,0,1,8145.0,1,8004.0,1,6840.0,1,7806.0,1,5892.0,1,8996.0,1,0.0,1,7917.0,7590.654,7168.0835,141.0
985,2014-05-26,6153.0,619.0,1.0,0.0,0,0.0,1.0,0.5085311,-0.86104363,0.5,-0.8660254,2,0,0,1,0.0,1,8145.0,1,6623.0,1,0.0,1,6050.0,1,9468.0,1,12623.0,1,8492.0,4554.392,5575.1763,-8145.0
985,2014-05-27,6701.0,655.0,1.0,0.0,0,0.0,2.0,0.5085311,-0.86104363,0.5,-0.8660254,2,0,0,1,6153.0,1,0.0,1,8004.0,1,9943.0,1,6655.0,1,0.0,1,9655.0,1,8937.0,5193.8354,5703.5815,6153.0
985,2014-05-28,8458.0,825.0,1.0,0.0,0,0.0,3.0,0.5085311,-0.86104363,0.5,-0.8660254,2,0,0,1,6701.0,1,6153.0,1,8145.0,1,6948.0,1,7061.0,1,6551.0,1,0.0,1,0.0,5796.701,5925.23,548.0
985,2014-05-29,0.0,0.0,0.0,0.0,1,0.0,4.0,0.5085311,-0.86104363,0.5,-0.8660254,2,0,0,1,8458.0,1,6701.0,1,0.0,1,6840.0,1,7806.0,1,5892.0,1,9506.0,1,6472.0,6861.2207,6488.068,1757.0
985,2014-05-30,10330.0,973.0,1.0,0.0,0,0.0,5.0,0.5085311,-0.86104363,0.5,-0.8660254,2,0,0,1,0.0,1,8458.0,1,6153.0,1,6623.0,1,0.0,1,6050.0,1,9246.0,1,6017.0,4116.7324,5046.275,-8458.0
985,2014-05-31,7705.0,766.0,1.0,0.0,0,0.0,6.0,0.5085311,-0.86104363,0.5,-0.8660254,2,0,1,1,10330.0,1,0.0,1,6701.0,1,8004.0,1,9943.0,1,6655.0,1,9051.0,1,6813.0,6602.0396,6220.436,10330.0
985,2014-06-01,0.0,0.0,0.0,0.0,0,0.0,7.0,0.5085311,-0.86104363,1.2246469e-16,-1.0,2,1,0,1,7705.0,1,10330.0,1,8458.0,1,8145.0,1,6948.0,1,7061.0,1,8162.0,1,6821.0,7043.2236,6550.3394,-2625.0
985,2014-06-02,12070.0,953.0,1.0,1.0,0,0.0,1.0,0.40312344,-0.91514564,1.2246469e-16,-1.0,2,0,0,1,0.0,1,7705.0,1,0.0,1,0.0,1,6840.0,1,7806.0,1,8996.0,1,7029.0,4225.934,5094.708,-7705.0
985,2014-06-03,8792.0,758.0,1.0,1.0,0,0.0,2.0,0.40312344,-0.91514564,1.2246469e-16,-1.0,2,0,0,1,12070.0,1,0.0,1,10330.0,1,6153.0,1,6623.0,1,0.0,1,9468.0,1,7869.0,7363.5605,6644.773,12070.0
985,2014-06-04,8324.0,759.0,1.0,1.0,0,0.0,3.0,0.40312344,-0.91514564,1.2246469e-16,-1.0,2,0,0,1,8792.0,1,12070.0,1,7705.0,1,6701.0,1,8004.0,1,9943.0,1,0.0,1,0.0,7934.9365,7121.9346,-3278.0
985,2014-06-05,8229.0,768.0,1.0,1.0,0,0.0,4.0,0.40312344,-0.91514564,1.2246469e-16,-1.0,2,0,0,1,8324.0,1,8792.0,1,0.0,1,8458.0,1,8145.0,1,6948.0,1,6551.0,1,11910.0,8090.562,7389.06,-468.0
985,2014-06-06,8561.0,825.0,1.0,1.0,0,0.0,5.0,0.40312344,-0.91514564,1.2246469e-16,-1.0,2,0,0,1,8229.0,1,8324.0,1,12070.0,1,0.0,1,0.0,1,6840.0,1,5892.0,1,12016.0,8145.937,7575.7134,-95.0
985,2014-06-07,7726.0,812.0,1.0,0.0,0,0.0,6.0,0.40312344,-0.91514564,1.2246469e-16,-1.0,2,0,0,1,8561.0,1,8229.0,1,8792.0,1,10330.0,1,6153.0,1,6623.0,1,6050.0,1,11368.0,8311.962,7794.666,332.0
985,2014-06-08,0.0,0.0,0.0,0.0,0,0.0,7.0,0.40312344,-0.91514564,1.2246469e-16,-1.0,2,0,0,1,7726.0,1,8561.0,1,8324.0,1,7705.0,1,6701.0,1,8004.0,1,6655.0,1,12213.0,8077.577,7779.4067,-835.0
985,2014-06-09,0.0,0.0,0.0,0.0,1,0.0,1.0,0.29205677,-0.956401,1.2246469e-16,-1.0,2,0,0,1,0.0,1,7726.0,1,8229.0,1,0.0,1,8458.0,1,8145.0,1,7061.0,1,0.0,4846.5464,6050.65,-7726.0
985,2014-06-10,8166.0,746.0,1.0,0.0,0,1.0,2.0,0.29205677,-0.956401,1.2246469e-16,-1.0,2,0,0,1,0.0,1,0.0,1,8561.0,1,12070.0,1,0.0,1,0.0,1,7806.0,1,11830.0,2907.9277,4706.061,0.0
985,2014-06-11,6297.0,661.0,1.0,0.0,0,1.0,3.0,0.29205677,-0.956401,1.2246469e-16,-1.0,2,0,0,1,8166.0,1,0.0,1,7726.0,1,8792.0,1,10330.0,1,6153.0,1,0.0,1,0.0,5011.1567,5474.9365,8166.0
985,2014-06-12,5861.0,633.0,1.0,0.0,0,1.0,4.0,0.29205677,-0.956401,1.2246469e-16,-1.0,2,0,0,1,6297.0,1,8166.0,1,0.0,1,8324.0,1,7705.0,1,6701.0,1,9943.0,1,0.0,5525.494,5657.617,-1869.0
985,2014-06-13,7384.0,656.0,1.0,0.0,0,1.0,5.0,0.29205677,-0.956401,1.2246469e-16,-1.0,2,0,0,1,5861.0,1,6297.0,1,0.0,1,8229.0,1,0.0,1,8458.0,1,6948.0,1,6911.0,5659.6963,5702.8135,-436.0
985,2014-06-14,8585.0,828.0,1.0,0.0,0,0.0,6.0,0.29205677,-0.956401,1.2246469e-16,-1.0,2,0,0,1,7384.0,1,5861.0,1,8166.0,1,8561.0,1,12070.0,1,0.0,1,6840.0,1,5905.0,6349.418,6076.41,1523.0
985,2014-06-15,0.0,0.0,0.0,0.0,0,0.0,7.0,0.29205677,-0.956401,1.2246469e-16,-1.0,2,0,0,1,8585.0,1,7384.0,1,6297.0,1,7726.0,1,8792.0,1,10330.0,1,6623.0,1,6469.0,7243.651,6633.8745,1201.0
985,2014-06-16,9388.0,775.0,1.0,1.0,0,1.0,1.0,0.17689027,-0.9842306,1.2246469e-16,-1.0,2,0,0,1,0.0,1,8585.0,1,5861.0,1,0.0,1,8324.0,1,7705.0,1,8004.0,1,5594.0,4346.1904,5159.68,-8585.0
985,2014-06-17,8285.0,768.0,1.0,1.0,0,1.0,2.0,0.17689027,-0.9842306,1.2246469e-16,-1.0,2,0,0,1,9388.0,1,0.0,1,7384.0,1,0.0,1,8229.0,1,0.0,1,8145.0,1,7704.0,6362.914,6099.307,9388.0
985,2014-06-18,9059.0,879.0,1.0,1.0,0,1.0,3.0,0.17689027,-0.9842306,1.2246469e-16,-1.0,2,0,0,1,8285.0,1,9388.0,1,8585.0,1,8166.0,1,8561.0,1,12070.0,1,0.0,1,0.0,7131.7485,6585.0166,-1103.0
985,2014-06-19,0.0,0.0,0.0,1.0,1,1.0,4.0,0.17689027,-0.9842306,1.2246469e-16,-1.0,2,0,0,1,9059.0,1,8285.0,1,0.0,1,6297.0,1,7726.0,1,8792.0,1,6153.0,1,10431.0,7902.649,7134.7905,774.0
985,2014-06-20,10864.0,962.0,1.0,1.0,0,1.0,5.0,0.17689027,-0.9842306,1.2246469e-16,-1.0,2,0,0,1,0.0,1,9059.0,1,9388.0,1,5861.0,1,0.0,1,8324.0,1,6701.0,1,9409.0,4741.5894,5549.2817,-9059.0
985,2014-06-21,7225.0,748.0,1.0,0.0,0,0.0,6.0,0.17689027,-0.9842306,1.2246469e-16,-1.0,2,0,0,1,10864.0,1,0.0,1,8285.0,1,7384.0,1,0.0,1,8229.0,1,8458.0,1,10609.0,7190.5537,6730.33,10864.0
985,2014-06-22,0.0,0.0,0.0,0.0,0,0.0,7.0,0.17689027,-0.9842306,1.2246469e-16,-1.0,2,0,0,1,7225.0,1,10864.0,1,9059.0,1,8585.0,1,8166.0,1,8561.0,1,0.0,1,0.0,7204.332,6840.257,-3639.0
985,2014-06-23,6513.0,662.0,1.0,0.0,0,0.0,1.0,0.059240628,-0.99824375,1.2246469e-16,-1.0,2,0,0,1,0.0,1,7225.0,1,0.0,1,0.0,1,6297.0,1,7726.0,1,10330.0,1,12623.0,4322.599,5320.1997,-7225.0
985,2014-06-24,5357.0,589.0,1.0,0.0,0,0.0,2.0,0.059240628,-0.99824375,1.2246469e-16,-1.0,2,0,0,1,6513.0,1,0.0,1,10864.0,1,9388.0,1,5861.0,1,0.0,1,7705.0,1,9655.0,5198.76,5585.2666,6513.0
985,2014-06-25,6347.0,608.0,1.0,0.0,0,0.0,3.0,0.059240628,-0.99824375,1.2246469e-16,-1.0,2,0,0,1,5357.0,1,6513.0,1,7225.0,1,8285.0,1,7384.0,1,0.0,1,0.0,1,0.0,5262.0557,5534.5405,-1156.0
985,2014-06-26,5225.0,557.0,1.0,0.0,0,0.0,4.0,0.059240628,-0.99824375,1.2246469e-16,-1.0,2,0,0,1,6347.0,1,5357.0,1,0.0,1,9059.0,1,8585.0,1,8166.0,1,12070.0,1,9506.0,5696.0337,5715.087,990.0
985,2014-06-27,7170.0,710.0,1.0,0.0,0,0.0,5.0,0.059240628,-0.99824375,1.2246469e-16,-1.0,2,0,0,1,5225.0,1,6347.0,1,6513.0,1,0.0,1,0.0,1,6297.0,1,8792.0,1,9246.0,5507.62,5606.1787,-1122.0
985,2014-06-28,9048.0,858.0,1.0,0.0,0,0.0,6.0,0.059240628,-0.99824375,1.2246469e-16,-1.0,2,0,0,1,7170.0,1,5225.0,1,5357.0,1,10864.0,1,9388.0,1,5861.0,1,8324.0,1,9051.0,6172.5723,5953.695,1945.0
985,2014-06-29,0.0,0.0,0.0,0.0,0,0.0,7.0,0.059240628,-0.99824375,1.2246469e-16,-1.0,2,0,0,1,9048.0,1,7170.0,1,6347.0,1,7225.0,1,8285.0,1,7384.0,1,8229.0,1,8162.0,7322.743,6641.318,1878.0
985,2014-06-30,14623.0,1079.0,1.0,1.0,0,0.0,1.0,-0.059240628,-0.99824375,1.2246469e-16,-1.0,2,0,1,1,0.0,1,9048.0,1,5225.0,1,0.0,1,9059.0,1,8585.0,1,8561.0,1,8996.0,4393.646,5165.4697,-9048.0
985,2014-07-01,7849.0,739.0,1.0,1.0,0,0.0,2.0,-0.059240628,-0.99824375,-0.5,-0.8660254,3,1,0,1,14623.0,1,0.0,1,7170.0,1,6513.0,1,0.0,1,0.0,1,7726.0,1,9468.0,8485.388,7267.143,14623.0
985,2014-07-02,8313.0,737.0,1.0,1.0,0,0.0,3.0,-0.059240628,-0.99824375,-0.5,-0.8660254,3,0,0,1,7849.0,1,14623.0,1,9048.0,1,5357.0,1,10864.0,1,9388.0,1,0.0,1,0.0,8230.833,7396.445,-6774.0
985,2014-07-03,9178.0,745.0,1.0,1.0,0,0.0,4.0,-0.059240628,-0.99824375,-0.5,-0.8660254,3,0,0,1,8313.0,1,7849.0,1,0.0,1,6347.0,1,7225.0,1,8285.0,1,0.0,1,6551.0,8263.699,7600.1235,464.0
985,2014-07-04,7730.0,761.0,1.0,1.0,0,0.0,5.0,-0.059240628,-0.99824375,-0.5,-0.8660254,3,0,0,1,9178.0,1,8313.0,1,14623.0,1,5225.0,1,0.0,1,9059.0,1,8166.0,1,5892.0,8629.42,7950.7627,865.0
985,2014-07-05,8806.0,848.0,1.0,0.0,0,0.0,6.0,-0.059240628,-0.99824375,-0.5,-0.8660254,3,0,0,1,7730.0,1,9178.0,1,7849.0,1,7170.0,1,6513.0,1,0.0,1,6297.0,1,6050.0,8269.651,7901.7046,-1448.0
985,2014-07-06,0.0,0.0,0.0,0.0,0,0.0,7.0,-0.059240628,-0.99824375,-0.5,-0.8660254,3,0,0,1,8806.0,1,7730.0,1,8313.0,1,9048.0,1,5357.0,1,10864.0,1,5861.0,1,6655.0,8484.191,8102.659,1076.0
985,2014-07-07,6575.0,678.0,1.0,0.0,0,0.0,1.0,-0.17689027,-0.9842306,-0.5,-0.8660254,3,0,0,1,0.0,1,8806.0,1,9178.0,1,0.0,1,6347.0,1,7225.0,1,7384.0,1,7061.0,5090.5146,6302.068,-8806.0
985,2014-07-08,6733.0,646.0,1.0,0.0,0,0.0,2.0,-0.17689027,-0.9842306,-0.5,-0.8660254,3,0,0,1,6575.0,1,0.0,1,7730.0,1,14623.0,1,5225.0,1,0.0,1,8585.0,1,7806.0,5684.3086,6362.7197,6575.0
985,2014-07-09,6109.0,623.0,1.0,0.0,0,0.0,3.0,-0.17689027,-0.9842306,-0.5,-0.8660254,3,0,0,1,6733.0,1,6575.0,1,8806.0,1,7849.0,1,7170.0,1,6513.0,1,0.0,1,0.0,6103.785,6445.004,158.0
985,2014-07-10,6848.0,694.0,1.0,0.0,0,0.0,4.0,-0.17689027,-0.9842306,-0.5,-0.8660254,3,0,0,1,6109.0,1,6733.0,1,0.0,1,8313.0,1,9048.0,1,5357.0,1,9388.0,1,9943.0,6105.871,6370.3364,-624.0
985,2014-07-11,6653.0,678.0,1.0,0.0,0,0.0,5.0,-0.17689027,-0.9842306,-0.5,-0.8660254,3,0,0,1,6848.0,1,6109.0,1,6575.0,1,9178.0,1,0.0,1,6347.0,1,8285.0,1,6948.0,6402.7227,6476.484,739.0
985,2014-07-12,8715.0,867.0,1.0,0.0,0,0.0,6.0,-0.17689027,-0.9842306,-0.5,-0.8660254,3,0,0,1,6653.0,1,6848.0,1,6733.0,1,7730.0,1,14623.0,1,5225.0,1,9059.0,1,6840.0,6502.8335,6515.71,-195.0
985,2014-07-13,0.0,0.0,0.0,0.0,0,0.0,7.0,-0.17689027,-0.9842306,-0.5,-0.8660254,3,0,0,1,8715.0,1,6653.0,1,6109.0,1,8806.0,1,7849.0,1,7170.0,1,0.0,1,6623.0,7387.7,7004.441,2062.0
985,2014-07-14,8687.0,786.0,1.0,1.0,0,0.0,1.0,-0.29205677,-0.956401,-0.5,-0.8660254,3,0,0,1,0.0,1,8715.0,1,6848.0,1,0.0,1,8313.0,1,9048.0,1,10864.0,1,8004.0,4432.62,5447.8984,-8715.0
985,2014-07-15,8139.0,759.0,1.0,1.0,0,0.0,2.0,-0.29205677,-0.956401,-0.5,-0.8660254,3,0,0,1,8687.0,1,0.0,1,6653.0,1,6575.0,1,9178.0,1,0.0,1,7225.0,1,8145.0,6134.372,6167.6987,8687.0
985,2014-07-16,8053.0,748.0,1.0,1.0,0,0.0,3.0,-0.29205677,-0.956401,-0.5,-0.8660254,3,0,0,1,8139.0,1,8687.0,1,8715.0,1,6733.0,1,7730.0,1,14623.0,1,0.0,1,0.0,6936.223,6605.7656,-548.0
985,2014-07-17,8287.0,724.0,1.0,1.0,0,0.0,4.0,-0.29205677,-0.956401,-0.5,-0.8660254,3,0,0,1,8053.0,1,8139.0,1,0.0,1,6109.0,1,8806.0,1,7849.0,1,6513.0,1,6153.0,7382.934,6927.3735,-86.0
985,2014-07-18,7848.0,758.0,1.0,1.0,0,0.0,5.0,-0.29205677,-0.956401,-0.5,-0.8660254,3,0,0,1,8287.0,1,8053.0,1,8687.0,1,6848.0,1,0.0,1,8313.0,1,5357.0,1,6701.0,7744.5605,7229.5127,234.0
985,2014-07-19,7169.0,740.0,1.0,0.0,0,0.0,6.0,-0.29205677,-0.956401,-0.5,-0.8660254,3,0,0,1,7848.0,1,8287.0,1,8139.0,1,6653.0,1,6575.0,1,9178.0,1,6347.0,1,8458.0,7785.936,7366.954,-439.0
985,2014-07-20,0.0,0.0,0.0,0.0,0,0.0,7.0,-0.29205677,-0.956401,-0.5,-0.8660254,3,0,0,1,7169.0,1,7848.0,1,8053.0,1,8715.0,1,6733.0,1,7730.0,1,5225.0,1,0.0,7539.1616,7322.9644,-679.0
985,2014-07-21,6543.0,666.0,1.0,0.0,0,0.0,1.0,-0.40312344,-0.91514564,-0.5,-0.8660254,3,0,0,1,0.0,1,7169.0,1,8287.0,1,0.0,1,6109.0,1,8806.0,1,7170.0,1,10330.0,4523.497,5695.639,-7169.0
985,2014-07-22,5443.0,581.0,1.0,0.0,0,0.0,2.0,-0.40312344,-0.91514564,-0.5,-0.8660254,3,0,0,1,6543.0,1,0.0,1,7848.0,1,8687.0,1,6848.0,1,0.0,1,9048.0,1,7705.0,5331.2983,5883.9414,6543.0
985,2014-07-23,6150.0,638.0,1.0,0.0,0,0.0,3.0,-0.40312344,-0.91514564,-0.5,-0.8660254,3,0,0,1,5443.0,1,6543.0,1,7169.0,1,8139.0,1,6653.0,1,6575.0,1,0.0,1,0.0,5375.979,5785.9546,-1100.0
985,2014-07-24,6772.0,649.0,1.0,0.0,0,0.0,4.0,-0.40312344,-0.91514564,-0.5,-0.8660254,3,0,0,1,6150.0,1,5443.0,1,0.0,1,8053.0,1,8715.0,1,6733.0,1,14623.0,1,12070.0,5685.5874,5866.8535,707.0
985,2014-07-25,7164.0,719.0,1.0,0.0,0,0.0,5.0,-0.40312344,-0.91514564,-0.5,-0.8660254,3,0,0,1,6772.0,1,6150.0,1,6543.0,1,8287.0,1,0.0,1,6109.0,1,7849.0,1,8792.0,6120.1523,6067.997,622.0
985,2014-07-26,8896.0,864.0,1.0,0.0,0,0.0,6.0,-0.40312344,-0.91514564,-0.5,-0.8660254,3,0,0,1,7164.0,1,6772.0,1,5443.0,1,7848.0,1,8687.0,1,6848.0,1,8313.0,1,8324.0,6537.6914,6311.553,392.0
985,2014-07-27,0.0,0.0,0.0,0.0,0,0.0,7.0,-0.40312344,-0.91514564,-0.5,-0.8660254,3,0,0,1,8896.0,1,7164.0,1,6150.0,1,7169.0,1,8139.0,1,6653.0,1,9178.0,1,8229.0,7481.0146,6885.875,1732.0
985,2014-07-28,10984.0,916.0,1.0,1.0,0,0.0,1.0,-0.5085311,-0.86104363,-0.5,-0.8660254,3,0,0,1,0.0,1,8896.0,1,6772.0,1,0.0,1,8053.0,1,8715.0,1,7730.0,1,8561.0,4488.609,5355.68,-8896.0
985,2014-07-29,10054.0,880.0,1.0,1.0,0,0.0,2.0,-0.5085311,-0.86104363,-0.5,-0.8660254,3,0,0,1,10984.0,1,0.0,1,7164.0,1,6543.0,1,8287.0,1,0.0,1,8806.0,1,7726.0,7086.765,6606.418,10984.0
985,2014-07-30,10442.0,876.0,1.0,1.0,0,0.0,3.0,-0.5085311,-0.86104363,-0.5,-0.8660254,3,0,0,1,10054.0,1,10984.0,1,8896.0,1,5443.0,1,7848.0,1,8687.0,1,0.0,1,0.0,8273.659,7372.5474,-930.0
985,2014-07-31,10452.0,855.0,1.0,1.0,0,1.0,4.0,-0.5085311,-0.86104363,-0.5,-0.8660254,3,0,1,1,10442.0,1,10054.0,1,0.0,1,6150.0,1,7169.0,1,8139.0,1,6575.0,1,0.0,9140.995,8054.648,388.0
985,2014-08-01,9303.0,892.0,1.0,1.0,0,1.0,5.0,-0.5085311,-0.86104363,-0.8660254,-0.5,3,1,0,1,10452.0,1,10442.0,1,10984.0,1,6772.0,1,0.0,1,8053.0,1,6733.0,1,8166.0,9665.397,8587.393,10.0
985,2014-08-02,10123.0,901.0,1.0,0.0,0,0.0,6.0,-0.5085311,-0.86104363,-0.8660254,-0.5,3,0,0,1,9303.0,1,10452.0,1,10054.0,1,7164.0,1,6543.0,1,8287.0,1,6109.0,1,6297.0,9520.438,8746.417,-1149.0
985,2014-08-03,0.0,0.0,0.0,0.0,0,0.0,7.0,-0.5085311,-0.86104363,-0.8660254,-0.5,3,0,0,1,10123.0,1,9303.0,1,10442.0,1,8896.0,1,5443.0,1,7848.0,1,6848.0,1,5861.0,9761.463,9052.324,820.0
985,2014-08-04,10575.0,899.0,1.0,1.0,0,1.0,1.0,-0.60680014,-0.79485446,-0.8660254,-0.5,3,0,0,1,0.0,1,10123.0,1,10452.0,1,0.0,1,6150.0,1,7169.0,1,6653.0,1,7384.0,5856.878,7040.6963,-10123.0
985,2014-08-05,8655.0,783.0,1.0,1.0,0,1.0,2.0,-0.60680014,-0.79485446,-0.8660254,-0.5,3,0,0,1,10575.0,1,0.0,1,9303.0,1,10984.0,1,6772.0,1,0.0,1,8715.0,1,8585.0,7744.1265,7826.097,10575.0
985,2014-08-06,8328.0,715.0,1.0,1.0,0,1.0,3.0,-0.60680014,-0.79485446,-0.8660254,-0.5,3,0,0,1,8655.0,1,10575.0,1,10123.0,1,10054.0,1,7164.0,1,6543.0,1,0.0,1,0.0,8108.476,8010.298,-1920.0
985,2014-08-07,9184.0,804.0,1.0,1.0,0,1.0,4.0,-0.60680014,-0.79485446,-0.8660254,-0.5,3,0,0,1,8328.0,1,8655.0,1,0.0,1,10442.0,1,8896.0,1,5443.0,1,8687.0,1,9388.0,8196.285,8080.8984,-327.0
985,2014-08-08,8057.0,724.0,1.0,1.0,0,1.0,5.0,-0.60680014,-0.79485446,-0.8660254,-0.5,3,0,0,1,9184.0,1,8328.0,1,10575.0,1,10452.0,1,0.0,1,6150.0,1,8139.0,1,8285.0,8591.371,8326.032,856.0
985,2014-08-09,7452.0,759.0,1.0,0.0,0,0.0,6.0,-0.60680014,-0.79485446,-0.8660254,-0.5,3,0,0,1,8057.0,1,9184.0,1,8655.0,1,9303.0,1,10984.0,1,6772.0,1,8053.0,1,9059.0,8377.623,8266.247,-1127.0
985,2014-08-10,0.0,0.0,0.0,0.0,0,0.0,7.0,-0.60680014,-0.79485446,-0.8660254,-0.5,3,0,0,1,7452.0,1,8057.0,1,8328.0,1,10123.0,1,10054.0,1,7164.0,1,8287.0,1,0.0,8007.3735,8085.303,-605.0
985,2014-08-11,7055.0,704.0,1.0,0.0,0,1.0,1.0,-0.696551,-0.71750724,-0.8660254,-0.5,3,0,0,1,0.0,1,7452.0,1,9184.0,1,0.0,1,10442.0,1,8896.0,1,7848.0,1,10864.0,4804.4243,6288.5693,-7452.0
985,2014-08-12,6171.0,610.0,1.0,0.0,0,1.0,2.0,-0.696551,-0.71750724,-0.8660254,-0.5,3,0,0,1,7055.0,1,0.0,1,8057.0,1,10575.0,1,10452.0,1,0.0,1,7169.0,1,7225.0,5704.6543,6458.887,7055.0
985,2014-08-13,5991.0,619.0,1.0,0.0,0,1.0,3.0,-0.696551,-0.71750724,-0.8660254,-0.5,3,0,0,1,6171.0,1,7055.0,1,7452.0,1,8655.0,1,9303.0,1,10984.0,1,0.0,1,0.0,5891.193,6394.912,-884.0
985,2014-08-14,6250.0,624.0,1.0,0.0,0,1.0,4.0,-0.696551,-0.71750724,-0.8660254,-0.5,3,0,0,1,5991.0,1,6171.0,1,0.0,1,8328.0,1,10123.0,1,10054.0,1,6543.0,1,6513.0,5931.1157,6305.154,-180.0
985,2014-08-15,7222.0,680.0,1.0,0.0,0,1.0,5.0,-0.696551,-0.71750724,-0.8660254,-0.5,3,0,0,1,6250.0,1,5991.0,1,7055.0,1,9184.0,1,0.0,1,10442.0,1,5443.0,1,5357.0,6058.6694,6292.8975,259.0
985,2014-08-16,7739.0,764.0,1.0,0.0,0,0.0,6.0,-0.696551,-0.71750724,-0.8660254,-0.5,3,0,0,1,7222.0,1,6250.0,1,6171.0,1,8057.0,1,10575.0,1,10452.0,1,6150.0,1,6347.0,6524.0015,6499.3647,972.0
985,2014-08-17,0.0,0.0,0.0,0.0,0,0.0,7.0,-0.696551,-0.71750724,-0.8660254,-0.5,3,0,0,1,7739.0,1,7222.0,1,5991.0,1,7452.0,1,8655.0,1,9303.0,1,6772.0,1,5225.0,7010.001,6774.8394,517.0
985,2014-08-18,10383.0,855.0,1.0,1.0,0,1.0,1.0,-0.7765239,-0.63008785,-0.8660254,-0.5,3,0,0,1,0.0,1,7739.0,1,6250.0,1,0.0,1,8328.0,1,10123.0,1,7164.0,1,7170.0,4206.0005,5269.3193,-7739.0
985,2014-08-19,8812.0,737.0,1.0,1.0,0,1.0,2.0,-0.7765239,-0.63008785,-0.8660254,-0.5,3,0,0,1,10383.0,1,0.0,1,7222.0,1,7055.0,1,9184.0,1,0.0,1,8896.0,1,9048.0,6676.8003,6405.693,10383.0
985,2014-08-20,7195.0,686.0,1.0,1.0,0,1.0,3.0,-0.7765239,-0.63008785,-0.8660254,-0.5,3,0,0,1,8812.0,1,10383.0,1,7739.0,1,6171.0,1,8057.0,1,10575.0,1,0.0,1,0.0,7530.8804,6940.4277,-1571.0
985,2014-08-21,8105.0,675.0,1.0,1.0,0,1.0,4.0,-0.7765239,-0.63008785,-0.8660254,-0.5,3,0,0,1,7195.0,1,8812.0,1,0.0,1,5991.0,1,7452.0,1,8655.0,1,10984.0,1,14623.0,7396.5283,6996.9995,-1617.0
985,2014-08-22,7519.0,711.0,1.0,1.0,0,1.0,5.0,-0.7765239,-0.63008785,-0.8660254,-0.5,3,0,0,1,8105.0,1,7195.0,1,10383.0,1,6250.0,1,0.0,1,8328.0,1,10054.0,1,7849.0,7679.917,7243.2217,910.0
985,2014-08-23,7620.0,742.0,1.0,0.0,0,0.0,6.0,-0.7765239,-0.63008785,-0.8660254,-0.5,3,0,0,1,7519.0,1,8105.0,1,8812.0,1,7222.0,1,7055.0,1,9184.0,1,10442.0,1,8313.0,7615.5503,7304.506,-586.0
985,2014-08-24,0.0,0.0,0.0,0.0,0,0.0,7.0,-0.7765239,-0.63008785,-0.8660254,-0.5,3,0,0,1,7620.0,1,7519.0,1,7195.0,1,7739.0,1,6171.0,1,8057.0,1,10452.0,1,9178.0,7617.33,7374.6157,101.0
985,2014-08-25,6245.0,629.0,1.0,0.0,0,1.0,1.0,-0.845596,-0.5338234,-0.8660254,-0.5,3,0,0,1,0.0,1,7620.0,1,8105.0,1,0.0,1,5991.0,1,7452.0,1,9303.0,1,7730.0,4570.398,5735.812,-7620.0
985,2014-08-26,5080.0,580.0,1.0,0.0,0,1.0,2.0,-0.845596,-0.5338234,-0.8660254,-0.5,3,0,0,1,6245.0,1,0.0,1,7519.0,1,10383.0,1,6250.0,1,0.0,1,10123.0,1,8806.0,5240.239,5848.965,6245.0
985,2014-08-27,5114.0,562.0,1.0,0.0,0,1.0,3.0,-0.845596,-0.5338234,-0.8660254,-0.5,3,0,0,1,5080.0,1,6245.0,1,7620.0,1,8812.0,1,7222.0,1,7055.0,1,0.0,1,0.0,5176.143,5678.084,-1165.0
985,2014-08-28,5682.0,598.0,1.0,0.0,0,1.0,4.0,-0.845596,-0.5338234,-0.8660254,-0.5,3,0,0,1,5114.0,1,5080.0,1,0.0,1,7195.0,1,7739.0,1,6171.0,1,10575.0,1,6575.0,5151.286,5552.732,34.0
985,2014-08-29,6657.0,652.0,1.0,0.0,0,1.0,5.0,-0.845596,-0.5338234,-0.8660254,-0.5,3,0,0,1,5682.0,1,5114.0,1,6245.0,1,8105.0,1,0.0,1,5991.0,1,8655.0,1,6733.0,5363.572,5581.458,568.0
985,2014-08-30,7965.0,759.0,1.0,0.0,0,0.0,6.0,-0.845596,-0.5338234,-0.8660254,-0.5,3,0,0,1,6657.0,1,5682.0,1,5080.0,1,7519.0,1,10383.0,1,6250.0,1,8328.0,1,6109.0,5880.943,5820.4673,975.0
985,2014-08-31,0.0,0.0,0.0,0.0,0,0.0,7.0,-0.845596,-0.5338234,-0.8660254,-0.5,3,0,1,1,7965.0,1,6657.0,1,5114.0,1,7620.0,1,8812.0,1,7222.0,1,9184.0,1,6848.0,6714.566,6297.0303,1308.0
985,2014-09-01,11502.0,970.0,1.0,1.0,0,1.0,1.0,-0.9027978,-0.4300652,-1.0,-1.8369701e-16,3,1,0,1,0.0,1,7965.0,1,5682.0,1,0.0,1,7195.0,1,7739.0,1,8057.0,1,6653.0,4028.7395,4897.6904,-7965.0
985,2014-09-02,7783.0,730.0,1.0,1.0,0,1.0,2.0,-0.9027978,-0.4300652,-1.0,-1.8369701e-16,3,0,0,1,11502.0,1,0.0,1,6657.0,1,6245.0,1,8105.0,1,0.0,1,7452.0,1,8715.0,7018.0435,6365.3145,11502.0
985,2014-09-03,8036.0,737.0,1.0,1.0,0,1.0,3.0,-0.9027978,-0.4300652,-1.0,-1.8369701e-16,3,0,0,1,7783.0,1,11502.0,1,7965.0,1,5080.0,1,7519.0,1,10383.0,1,0.0,1,0.0,7324.0264,6680.356,-3719.0
985,2014-09-04,7775.0,708.0,1.0,1.0,0,1.0,4.0,-0.9027978,-0.4300652,-1.0,-1.8369701e-16,3,0,0,1,8036.0,1,7783.0,1,0.0,1,5114.0,1,7620.0,1,8812.0,1,7055.0,1,8687.0,7608.816,6981.61,253.0
985,2014-09-05,7230.0,661.0,1.0,1.0,0,1.0,5.0,-0.9027978,-0.4300652,-1.0,-1.8369701e-16,3,0,0,1,7775.0,1,8036.0,1,11502.0,1,5682.0,1,0.0,1,7195.0,1,6171.0,1,8139.0,7675.2896,7157.919,-261.0
985,2014-09-06,7429.0,745.0,1.0,0.0,0,0.0,6.0,-0.9027978,-0.4300652,-1.0,-1.8369701e-16,3,0,0,1,7230.0,1,7775.0,1,7783.0,1,6657.0,1,6245.0,1,8105.0,1,5991.0,1,8053.0,7497.174,7173.937,-545.0
985,2014-09-07,0.0,0.0,0.0,0.0,0,0.0,7.0,-0.9027978,-0.4300652,-1.0,-1.8369701e-16,3,0,0,1,7429.0,1,7230.0,1,8036.0,1,7965.0,1,5080.0,1,7519.0,1,6250.0,1,8287.0,7469.9043,7230.6177,199.0
985,2014-09-08,7017.0,684.0,1.0,0.0,0,1.0,1.0,-0.94732636,-0.32026985,-1.0,-1.8369701e-16,3,0,0,1,0.0,1,7429.0,1,7775.0,1,0.0,1,5114.0,1,7620.0,1,7222.0,1,7848.0,4481.9424,5623.8135,-7429.0
985,2014-09-09,5840.0,598.0,1.0,0.0,0,1.0,2.0,-0.94732636,-0.32026985,-1.0,-1.8369701e-16,3,0,0,1,7017.0,1,0.0,1,7230.0,1,11502.0,1,5682.0,1,0.0,1,7739.0,1,7169.0,5495.9653,5933.4106,7017.0
985,2014-09-10,6302.0,649.0,1.0,0.0,0,1.0,3.0,-0.94732636,-0.32026985,-1.0,-1.8369701e-16,3,0,0,1,5840.0,1,7017.0,1,7429.0,1,7783.0,1,6657.0,1,6245.0,1,0.0,1,0.0,5633.579,5912.653,-1177.0
985,2014-09-11,5924.0,638.0,1.0,0.0,0,1.0,4.0,-0.94732636,-0.32026985,-1.0,-1.8369701e-16,3,0,0,1,6302.0,1,5840.0,1,0.0,1,8036.0,1,7965.0,1,5080.0,1,10383.0,1,6543.0,5900.9478,5999.1743,462.0
985,2014-09-12,7305.0,765.0,1.0,0.0,0,1.0,5.0,-0.94732636,-0.32026985,-1.0,-1.8369701e-16,3,0,0,1,5924.0,1,6302.0,1,7017.0,1,7775.0,1,0.0,1,5114.0,1,8812.0,1,5443.0,5910.1685,5982.4688,-378.0
985,2014-09-13,9059.0,915.0,1.0,0.0,0,0.0,6.0,-0.94732636,-0.32026985,-1.0,-1.8369701e-16,3,0,0,1,7305.0,1,5924.0,1,5840.0,1,7230.0,1,11502.0,1,5682.0,1,7195.0,1,6150.0,6468.101,6276.3647,1381.0
985,2014-09-14,0.0,0.0,0.0,0.0,0,0.0,7.0,-0.94732636,-0.32026985,-1.0,-1.8369701e-16,3,0,0,1,9059.0,1,7305.0,1,6302.0,1,7429.0,1,7783.0,1,6657.0,1,8105.0,1,6772.0,7504.4604,6894.728,1754.0
985,2014-09-15,11646.0,1064.0,1.0,1.0,0,0.0,1.0,-0.9785565,-0.20597862,-1.0,-1.8369701e-16,3,0,0,1,0.0,1,9059.0,1,5924.0,1,0.0,1,8036.0,1,7965.0,1,7519.0,1,7164.0,4502.6763,5362.5664,-9059.0
985,2014-09-16,9949.0,906.0,1.0,1.0,0,0.0,2.0,-0.9785565,-0.20597862,-1.0,-1.8369701e-16,3,0,0,1,11646.0,1,0.0,1,7305.0,1,7017.0,1,7775.0,1,0.0,1,7620.0,1,8896.0,7360.006,6758.885,11646.0
985,2014-09-17,7046.0,736.0,1.0,1.0,0,0.0,3.0,-0.9785565,-0.20597862,-1.0,-1.8369701e-16,3,0,0,1,9949.0,1,11646.0,1,9059.0,1,5840.0,1,7230.0,1,11502.0,1,0.0,1,0.0,8395.604,7467.7993,-1697.0
985,2014-09-18,7617.0,770.0,1.0,1.0,0,0.0,4.0,-0.9785565,-0.20597862,-1.0,-1.8369701e-16,3,0,0,1,7046.0,1,9949.0,1,0.0,1,6302.0,1,7429.0,1,7783.0,1,6245.0,1,10984.0,7855.762,7374.0664,-2903.0
985,2014-09-19,8185.0,794.0,1.0,1.0,0,0.0,5.0,-0.9785565,-0.20597862,-1.0,-1.8369701e-16,3,0,0,1,7617.0,1,7046.0,1,11646.0,1,5924.0,1,0.0,1,8036.0,1,5080.0,1,10054.0,7760.2573,7428.0513,571.0
985,2014-09-20,8694.0,866.0,1.0,0.0,0,0.0,6.0,-0.9785565,-0.20597862,-1.0,-1.8369701e-16,3,0,0,1,8185.0,1,7617.0,1,9949.0,1,7305.0,1,7017.0,1,7775.0,1,5114.0,1,10442.0,7930.1543,7596.262,568.0
985,2014-09-21,0.0,0.0,0.0,0.0,0,0.0,7.0,-0.9785565,-0.20597862,-1.0,-1.8369701e-16,3,0,0,1,8694.0,1,8185.0,1,7046.0,1,9059.0,1,5840.0,1,7230.0,1,5682.0,1,10452.0,8235.692,7840.204,509.0
985,2014-09-22,6394.0,727.0,1.0,0.0,0,0.0,1.0,-0.9960498,-0.08879589,-1.0,-1.8369701e-16,3,0,0,1,0.0,1,8694.0,1,7617.0,1,0.0,1,6302.0,1,7429.0,1,6657.0,1,9303.0,4941.4155,6097.9365,-8694.0
985,2014-09-23,6422.0,670.0,1.0,0.0,0,0.0,2.0,-0.9960498,-0.08879589,-1.0,-1.8369701e-16,3,0,0,1,6394.0,1,0.0,1,8185.0,1,11646.0,1,5924.0,1,0.0,1,7965.0,1,10123.0,5522.449,6163.7285,6394.0
985,2014-09-24,5086.0,590.0,1.0,0.0,0,0.0,3.0,-0.9960498,-0.08879589,-1.0,-1.8369701e-16,3,0,0,1,6422.0,1,6394.0,1,8694.0,1,9949.0,1,7305.0,1,7017.0,1,0.0,1,0.0,5882.2695,6221.122,28.0
985,2014-09-25,6132.0,668.0,1.0,0.0,0,0.0,4.0,-0.9960498,-0.08879589,-1.0,-1.8369701e-16,3,0,0,1,5086.0,1,6422.0,1,0.0,1,7046.0,1,9059.0,1,5840.0,1,11502.0,1,10575.0,5563.7617,5968.8726,-1336.0
985,2014-09-26,6333.0,673.0,1.0,0.0,0,0.0,5.0,-0.9960498,-0.08879589,-1.0,-1.8369701e-16,3,0,0,1,6132.0,1,5086.0,1,6394.0,1,7617.0,1,0.0,1,6302.0,1,7783.0,1,8655.0,5791.057,6005.123,1046.0
985,2014-09-27,8148.0,802.0,1.0,0.0,0,0.0,6.0,-0.9960498,-0.08879589,-1.0,-1.8369701e-16,3,0,0,1,6333.0,1,6132.0,1,6422.0,1,8185.0,1,11646.0,1,5924.0,1,8036.0,1,8328.0,6007.8345,6077.985,201.0
985,2014-09-28,0.0,0.0,0.0,0.0,0,0.0,7.0,-0.9960498,-0.08879589,-1.0,-1.8369701e-16,3,0,0,1,8148.0,1,6333.0,1,5086.0,1,8694.0,1,9949.0,1,7305.0,1,7775.0,1,9184.0,6863.9004,6537.9883,1815.0
985,2014-09-29,10432.0,845.0,1.0,1.0,0,0.0,1.0,-0.99956083,0.029633328,-1.0,-1.8369701e-16,3,0,0,1,0.0,1,8148.0,1,6132.0,1,0.0,1,7046.0,1,9059.0,1,7230.0,1,8057.0,4118.3403,5085.102,-8148.0
985,2014-09-30,10576.0,889.0,1.0,1.0,0,0.0,2.0,-0.99956083,0.029633328,-1.0,-1.8369701e-16,3,0,1,1,10432.0,1,0.0,1,6333.0,1,6394.0,1,7617.0,1,0.0,1,7429.0,1,7452.0,6643.804,6273.3013,10432.0
985,2014-10-01,6936.0,745.0,1.0,1.0,0,0.0,3.0,-0.99956083,0.029633328,-0.8660254,0.5,4,1,0,1,10576.0,1,10432.0,1,8148.0,1,6422.0,1,8185.0,1,11646.0,1,0.0,1,0.0,8216.683,7229.4565,144.0
985,2014-10-02,8378.0,861.0,1.0,1.0,0,0.0,4.0,-0.99956083,0.029633328,-0.8660254,0.5,4,0,0,1,6936.0,1,10576.0,1,0.0,1,5086.0,1,8694.0,1,9949.0,1,7017.0,1,7055.0,7704.4097,7164.244,-3640.0
985,2014-10-03,0.0,0.0,0.0,1.0,1,0.0,5.0,-0.99956083,0.029633328,-0.8660254,0.5,4,0,0,1,8378.0,1,6936.0,1,10432.0,1,6132.0,1,0.0,1,7046.0,1,5840.0,1,6171.0,7973.8457,7433.968,1442.0
985,2014-10-04,10719.0,984.0,1.0,0.0,0,0.0,6.0,-0.99956083,0.029633328,-0.8660254,0.5,4,0,0,1,0.0,1,8378.0,1,10576.0,1,6333.0,1,6394.0,1,7617.0,1,6302.0,1,5991.0,4784.3076,5781.9746,-8378.0
985,2014-10-05,0.0,0.0,0.0,0.0,0,0.0,7.0,-0.99956083,0.029633328,-0.8660254,0.5,4,0,0,1,10719.0,1,0.0,1,6936.0,1,8148.0,1,6422.0,1,8185.0,1,5924.0,1,6250.0,7158.1846,6879.0913,10719.0
985,2014-10-06,11025.0,942.0,1.0,1.0,0,0.0,1.0,-0.9890402,0.14764656,-0.8660254,0.5,4,0,0,1,0.0,1,10719.0,1,8378.0,1,0.0,1,5086.0,1,8694.0,1,7305.0,1,7222.0,4294.9106,5350.4043,-10719.0
985,2014-10-07,8636.0,775.0,1.0,1.0,0,0.0,2.0,-0.9890402,0.14764656,-0.8660254,0.5,4,0,0,1,11025.0,1,0.0,1,0.0,1,10432.0,1,6132.0,1,0.0,1,9059.0,1,7739.0,6986.9463,6611.426,11025.0
985,2014-10-08,9926.0,800.0,1.0,1.0,0,0.0,3.0,-0.9890402,0.14764656,-0.8660254,0.5,4,0,0,1,8636.0,1,11025.0,1,10719.0,1,10576.0,1,6333.0,1,6394.0,1,0.0,1,0.0,7646.568,7061.331,-2389.0
985,2014-10-09,7975.0,718.0,1.0,1.0,0,0.0,4.0,-0.9890402,0.14764656,-0.8660254,0.5,4,0,0,1,9926.0,1,8636.0,1,0.0,1,6936.0,1,8148.0,1,6422.0,1,11646.0,1,10383.0,8558.341,7697.9243,1290.0
985,2014-10-10,9158.0,821.0,1.0,1.0,0,0.0,5.0,-0.9890402,0.14764656,-0.8660254,0.5,4,0,0,1,7975.0,1,9926.0,1,11025.0,1,8378.0,1,0.0,1,5086.0,1,9949.0,1,8812.0,8325.005,7759.4966,-1951.0
985,2014-10-11,9676.0,924.0,1.0,0.0,0,0.0,6.0,-0.9890402,0.14764656,-0.8660254,0.5,4,0,0,1,9158.0,1,7975.0,1,8636.0,1,0.0,1,10432.0,1,6132.0,1,7046.0,1,7195.0,8658.203,8070.275,1183.0
985,2014-10-12,0.0,0.0,0.0,0.0,0,0.0,7.0,-0.9890402,0.14764656,-0.8660254,0.5,4,0,0,1,9676.0,1,9158.0,1,9926.0,1,10719.0,1,10576.0,1,6333.0,1,7617.0,1,8105.0,9065.321,8427.103,518.0
985,2014-10-13,7024.0,715.0,1.0,0.0,0,0.0,1.0,-0.9646356,0.26358718,-0.8660254,0.5,4,0,0,1,0.0,1,9676.0,1,7975.0,1,0.0,1,6936.0,1,8148.0,1,8185.0,1,7519.0,5439.193,6554.4136,-9676.0
985,2014-10-14,7389.0,598.0,1.0,0.0,0,0.0,2.0,-0.9646356,0.26358718,-0.8660254,0.5,4,0,0,1,7024.0,1,0.0,1,9158.0,1,11025.0,1,8378.0,1,0.0,1,8694.0,1,7620.0,6073.1157,6658.766,7024.0
985,2014-10-15,5668.0,619.0,1.0,0.0,0,0.0,3.0,-0.9646356,0.26358718,-0.8660254,0.5,4,0,0,1,7389.0,1,7024.0,1,9676.0,1,8636.0,1,0.0,1,10432.0,1,0.0,1,0.0,6599.469,6821.04,365.0
985,2014-10-16,7009.0,677.0,1.0,0.0,0,0.0,4.0,-0.9646356,0.26358718,-0.8660254,0.5,4,0,0,1,5668.0,1,7389.0,1,0.0,1,9926.0,1,10719.0,1,10576.0,1,6394.0,1,6245.0,6226.882,6564.809,-1721.0
985,2014-10-17,6492.0,682.0,1.0,0.0,0,0.0,5.0,-0.9646356,0.26358718,-0.8660254,0.5,4,0,0,1,7009.0,1,5668.0,1,7024.0,1,7975.0,1,0.0,1,6936.0,1,6422.0,1,5080.0,6539.729,6663.518,1341.0
985,2014-10-18,8684.0,888.0,1.0,0.0,0,0.0,6.0,-0.9646356,0.26358718,-0.8660254,0.5,4,0,0,1,6492.0,1,7009.0,1,7389.0,1,9158.0,1,11025.0,1,8378.0,1,5086.0,1,5114.0,6520.637,6625.403,-517.0
985,2014-10-19,0.0,0.0,0.0,0.0,0,0.0,7.0,-0.9646356,0.26358718,-0.8660254,0.5,4,0,0,1,8684.0,1,6492.0,1,5668.0,1,9676.0,1,8636.0,1,0.0,1,6132.0,1,5682.0,7385.9824,7082.869,2192.0
985,2014-10-20,8220.0,779.0,1.0,1.0,0,0.0,1.0,-0.9266896,0.37582758,-0.8660254,0.5,4,0,0,1,0.0,1,8684.0,1,7009.0,1,0.0,1,9926.0,1,10719.0,1,6333.0,1,6657.0,4431.5894,5508.898,-8684.0
985,2014-10-21,7766.0,715.0,1.0,1.0,0,0.0,2.0,-0.9266896,0.37582758,-0.8660254,0.5,4,0,0,1,8220.0,1,0.0,1,6492.0,1,7024.0,1,7975.0,1,0.0,1,8148.0,1,7965.0,5946.9536,6111.365,8220.0
985,2014-10-22,6957.0,667.0,1.0,1.0,0,0.0,3.0,-0.9266896,0.37582758,-0.8660254,0.5,4,0,0,1,7766.0,1,8220.0,1,8684.0,1,7389.0,1,9158.0,1,11025.0,1,0.0,1,0.0,6674.5723,6479.062,-454.0
985,2014-10-23,7160.0,675.0,1.0,1.0,0,0.0,4.0,-0.9266896,0.37582758,-0.8660254,0.5,4,0,0,1,6957.0,1,7766.0,1,0.0,1,5668.0,1,9676.0,1,8636.0,1,10432.0,1,11502.0,6787.5435,6585.2705,-809.0
985,2014-10-24,7699.0,757.0,1.0,1.0,0,0.0,5.0,-0.9266896,0.37582758,-0.8660254,0.5,4,0,0,1,7160.0,1,6957.0,1,8220.0,1,7009.0,1,0.0,1,9926.0,1,10576.0,1,7783.0,6936.526,6712.988,203.0
985,2014-10-25,9039.0,865.0,1.0,0.0,0,0.0,6.0,-0.9266896,0.37582758,-0.8660254,0.5,4,0,0,1,7699.0,1,7160.0,1,7766.0,1,6492.0,1,7024.0,1,7975.0,1,6936.0,1,8036.0,7241.5156,6932.1016,539.0
985,2014-10-26,0.0,0.0,0.0,0.0,0,0.0,7.0,-0.9266896,0.37582758,-0.8660254,0.5,4,0,0,1,9039.0,1,7699.0,1,6957.0,1,8684.0,1,7389.0,1,9158.0,1,8378.0,1,7775.0,7960.5093,7400.3013,1340.0
985,2014-10-27,7321.0,742.0,1.0,0.0,0,1.0,1.0,-0.8757349,0.4827922,-0.8660254,0.5,4,0,0,1,0.0,1,9039.0,1,7160.0,1,0.0,1,5668.0,1,9676.0,1,0.0,1,7230.0,4776.3057,5755.79,-9039.0
985,2014-10-28,6622.0,652.0,1.0,0.0,0,1.0,2.0,-0.8757349,0.4827922,-0.8660254,0.5,4,0,0,1,7321.0,1,0.0,1,7699.0,1,8220.0,1,7009.0,1,0.0,1,10719.0,1,7429.0,5794.1836,6103.6143,7321.0
985,2014-10-29,6026.0,620.0,1.0,0.0,0,1.0,3.0,-0.8757349,0.4827922,-0.8660254,0.5,4,0,0,1,6622.0,1,7321.0,1,9039.0,1,7766.0,1,6492.0,1,7024.0,1,0.0,1,0.0,6125.31,6218.811,-699.0
985,2014-10-30,7796.0,715.0,1.0,0.0,0,1.0,4.0,-0.8757349,0.4827922,-0.8660254,0.5,4,0,0,1,6026.0,1,6622.0,1,0.0,1,6957.0,1,8684.0,1,7389.0,1,11025.0,1,7017.0,6085.586,6175.9644,-596.0
985,2014-10-31,9933.0,946.0,1.0,0.0,0,0.0,5.0,-0.8757349,0.4827922,-0.8660254,0.5,4,0,1,1,7796.0,1,6026.0,1,7321.0,1,7160.0,1,0.0,1,5668.0,1,8636.0,1,5840.0,6769.7515,6535.972,1770.0
985,2014-11-01,0.0,0.0,0.0,0.0,1,0.0,6.0,-0.8757349,0.4827922,-0.5,0.8660254,4,1,0,1,9933.0,1,7796.0,1,6622.0,1,7699.0,1,8220.0,1,7009.0,1,9926.0,1,6302.0,8035.051,7290.867,2137.0
985,2014-11-02,0.0,0.0,0.0,0.0,0,0.0,7.0,-0.8757349,0.4827922,-0.5,0.8660254,4,0,0,1,0.0,1,9933.0,1,6026.0,1,9039.0,1,7766.0,1,6492.0,1,7975.0,1,5924.0,4821.031,5670.6743,-9933.0
985,2014-11-03,10723.0,872.0,1.0,1.0,0,0.0,1.0,-0.8124869,0.5829795,-0.5,0.8660254,4,0,0,1,0.0,1,0.0,1,7796.0,1,0.0,1,6957.0,1,8684.0,1,9158.0,1,7305.0,2892.6184,4410.5244,0.0
985,2014-11-04,9498.0,805.0,1.0,1.0,0,0.0,2.0,-0.8124869,0.5829795,-0.5,0.8660254,4,0,0,1,10723.0,1,0.0,1,9933.0,1,7321.0,1,7160.0,1,0.0,1,9676.0,1,9059.0,6024.771,5813.297,10723.0
985,2014-11-05,8790.0,772.0,1.0,1.0,0,0.0,3.0,-0.8124869,0.5829795,-0.5,0.8660254,4,0,0,1,9498.0,1,10723.0,1,0.0,1,6622.0,1,7699.0,1,8220.0,1,0.0,1,0.0,7414.0625,6632.1196,-1225.0
985,2014-11-06,8935.0,801.0,1.0,1.0,0,0.0,4.0,-0.8124869,0.5829795,-0.5,0.8660254,4,0,0,1,8790.0,1,9498.0,1,0.0,1,6026.0,1,9039.0,1,7766.0,1,7024.0,1,11646.0,7964.4375,7111.649,-708.0
985,2014-11-07,9218.0,821.0,1.0,1.0,0,0.0,5.0,-0.8124869,0.5829795,-0.5,0.8660254,4,0,0,1,8935.0,1,8790.0,1,10723.0,1,7796.0,1,0.0,1,6957.0,1,7389.0,1,9949.0,8352.662,7516.838,145.0
985,2014-11-08,10257.0,991.0,1.0,0.0,0,0.0,6.0,-0.8124869,0.5829795,-0.5,0.8660254,4,0,0,1,9218.0,1,8935.0,1,9498.0,1,9933.0,1,7321.0,1,7160.0,1,5668.0,1,7046.0,8698.798,7894.874,283.0
985,2014-11-09,0.0,0.0,0.0,0.0,0,0.0,7.0,-0.8124869,0.5829795,-0.5,0.8660254,4,0,0,1,10257.0,1,9218.0,1,8790.0,1,0.0,1,6622.0,1,7699.0,1,7009.0,1,7617.0,9322.078,8419.791,1039.0
985,2014-11-10,14603.0,873.0,1.0,1.0,0,0.0,1.0,-0.73783326,0.674983,-0.5,0.8660254,4,0,0,1,0.0,1,10257.0,1,8935.0,1,0.0,1,6026.0,1,9039.0,1,6492.0,1,8185.0,5593.247,6548.726,-10257.0
985,2014-11-11,8846.0,818.0,1.0,1.0,0,0.0,2.0,-0.73783326,0.674983,-0.5,0.8660254,4,0,0,1,14603.0,1,0.0,1,9218.0,1,10723.0,1,7796.0,1,0.0,1,8684.0,1,8694.0,9197.148,8338.564,14603.0
985,2014-11-12,7521.0,736.0,1.0,1.0,0,0.0,3.0,-0.73783326,0.674983,-0.5,0.8660254,4,0,0,1,8846.0,1,14603.0,1,10257.0,1,9498.0,1,9933.0,1,7321.0,1,0.0,1,0.0,9056.688,8451.328,-5757.0
985,2014-11-13,8219.0,784.0,1.0,1.0,0,0.0,4.0,-0.73783326,0.674983,-0.5,0.8660254,4,0,0,1,7521.0,1,8846.0,1,0.0,1,8790.0,1,0.0,1,6622.0,1,8220.0,1,6394.0,8442.413,8244.589,-1325.0
985,2014-11-14,8644.0,816.0,1.0,1.0,0,0.0,5.0,-0.73783326,0.674983,-0.5,0.8660254,4,0,0,1,8219.0,1,7521.0,1,14603.0,1,8935.0,1,0.0,1,6026.0,1,7766.0,1,6422.0,8353.048,8238.902,698.0
985,2014-11-15,8853.0,866.0,1.0,0.0,0,0.0,6.0,-0.73783326,0.674983,-0.5,0.8660254,4,0,0,1,8644.0,1,8219.0,1,8846.0,1,9218.0,1,10723.0,1,7796.0,1,6957.0,1,5086.0,8469.429,8328.924,425.0
985,2014-11-16,0.0,0.0,0.0,0.0,0,0.0,7.0,-0.73783326,0.674983,-0.5,0.8660254,4,0,0,1,8853.0,1,8644.0,1,7521.0,1,10257.0,1,9498.0,1,9933.0,1,7160.0,1,6132.0,8622.857,8445.386,209.0
985,2014-11-17,6764.0,705.0,1.0,0.0,0,0.0,1.0,-0.65282214,0.75751126,-0.5,0.8660254,4,0,0,1,0.0,1,8853.0,1,8219.0,1,0.0,1,8790.0,1,0.0,1,7699.0,1,6333.0,5173.7144,6568.633,-8853.0
985,2014-11-18,8333.0,645.0,1.0,0.0,0,0.0,2.0,-0.65282214,0.75751126,-0.5,0.8660254,4,0,0,1,6764.0,1,0.0,1,8644.0,1,14603.0,1,8935.0,1,0.0,1,9039.0,1,8148.0,5809.8286,6612.048,6764.0
985,2014-11-19,6333.0,668.0,1.0,0.0,0,0.0,3.0,-0.65282214,0.75751126,-0.5,0.8660254,4,0,0,1,8333.0,1,6764.0,1,8853.0,1,8846.0,1,9218.0,1,10723.0,1,0.0,1,0.0,6819.097,6994.482,1569.0
985,2014-11-20,7315.0,683.0,1.0,0.0,0,0.0,4.0,-0.65282214,0.75751126,-0.5,0.8660254,4,0,0,1,6333.0,1,8333.0,1,0.0,1,7521.0,1,10257.0,1,9498.0,1,7321.0,1,10432.0,6624.658,6847.486,-2000.0
985,2014-11-21,7150.0,695.0,1.0,0.0,0,0.0,5.0,-0.65282214,0.75751126,-0.5,0.8660254,4,0,0,1,7315.0,1,6333.0,1,6764.0,1,8219.0,1,0.0,1,8790.0,1,6622.0,1,10576.0,6900.795,6951.378,982.0
985,2014-11-22,8912.0,931.0,1.0,0.0,0,0.0,6.0,-0.65282214,0.75751126,-0.5,0.8660254,4,0,0,1,7150.0,1,7315.0,1,8333.0,1,8644.0,1,14603.0,1,8935.0,1,6026.0,1,6936.0,7000.477,6995.516,-165.0
985,2014-11-23,0.0,0.0,0.0,0.0,0,0.0,7.0,-0.65282214,0.75751126,-0.5,0.8660254,4,0,0,1,8912.0,1,7150.0,1,6333.0,1,8853.0,1,8846.0,1,9218.0,1,7796.0,1,8378.0,7765.0864,7421.4014,1762.0
985,2014-11-24,10411.0,937.0,1.0,1.0,0,0.0,1.0,-0.55864674,0.82940567,-0.5,0.8660254,4,0,0,1,0.0,1,8912.0,1,7315.0,1,0.0,1,7521.0,1,10257.0,1,9933.0,1,0.0,4659.052,5772.201,-8912.0
985,2014-11-25,9922.0,836.0,1.0,1.0,0,0.0,2.0,-0.55864674,0.82940567,-0.5,0.8660254,4,0,0,1,10411.0,1,0.0,1,7150.0,1,6764.0,1,8219.0,1,0.0,1,0.0,1,10719.0,6959.831,6803.0454,10411.0
985,2014-11-26,9937.0,829.0,1.0,1.0,0,0.0,3.0,-0.55864674,0.82940567,-0.5,0.8660254,4,0,0,1,9922.0,1,10411.0,1,8912.0,1,8333.0,1,8644.0,1,14603.0,1,0.0,1,0.0,8144.6987,7496.1465,-489.0
985,2014-11-27,10238.0,859.0,1.0,1.0,0,0.0,4.0,-0.55864674,0.82940567,-0.5,0.8660254,4,0,0,1,9937.0,1,9922.0,1,0.0,1,6333.0,1,8853.0,1,8846.0,1,10723.0,1,11025.0,8861.619,8038.558,15.0
985,2014-11-28,11443.0,904.0,1.0,1.0,0,0.0,5.0,-0.55864674,0.82940567,-0.5,0.8660254,4,0,0,1,10238.0,1,9937.0,1,10411.0,1,7315.0,1,0.0,1,7521.0,1,9498.0,1,8636.0,9412.172,8527.323,301.0
985,2014-11-29,11297.0,1038.0,1.0,0.0,0,0.0,6.0,-0.55864674,0.82940567,-0.5,0.8660254,4,0,0,1,11443.0,1,10238.0,1,9922.0,1,7150.0,1,6764.0,1,8219.0,1,8790.0,1,9926.0,10224.503,9175.251,1205.0
985,2014-11-30,0.0,0.0,0.0,0.0,0,0.0,7.0,-0.55864674,0.82940567,-0.5,0.8660254,4,0,1,1,11297.0,1,11443.0,1,9937.0,1,8912.0,1,8333.0,1,8644.0,1,8935.0,1,7975.0,10653.502,9646.751,-146.0
985,2014-12-01,12530.0,1012.0,1.0,1.0,0,0.0,1.0,-0.45662925,0.8896571,-2.4492937e-16,1.0,4,1,0,1,0.0,1,11297.0,1,10238.0,1,0.0,1,6333.0,1,8853.0,1,9218.0,1,9158.0,6392.101,7503.0283,-11297.0
985,2014-12-02,10166.0,870.0,1.0,1.0,0,0.0,2.0,-0.45662925,0.8896571,-2.4492937e-16,1.0,4,0,0,1,12530.0,1,0.0,1,11443.0,1,10411.0,1,7315.0,1,0.0,1,10257.0,1,9676.0,8847.261,8620.134,12530.0
985,2014-12-03,9713.0,828.0,1.0,1.0,0,0.0,3.0,-0.45662925,0.8896571,-2.4492937e-16,1.0,4,0,0,1,10166.0,1,12530.0,1,11297.0,1,9922.0,1,7150.0,1,6764.0,1,0.0,1,0.0,9374.757,8963.659,-2364.0
985,2014-12-04,11470.0,924.0,1.0,1.0,0,0.0,4.0,-0.45662925,0.8896571,-2.4492937e-16,1.0,4,0,0,1,9713.0,1,10166.0,1,0.0,1,9937.0,1,8912.0,1,8333.0,1,14603.0,1,7024.0,9510.054,9130.18,-453.0
985,2014-12-05,12841.0,1031.0,1.0,1.0,0,0.0,5.0,-0.45662925,0.8896571,-2.4492937e-16,1.0,4,0,0,1,11470.0,1,9713.0,1,12530.0,1,10238.0,1,0.0,1,6333.0,1,8846.0,1,7389.0,10294.032,9650.14,1757.0
985,2014-12-06,12204.0,1013.0,1.0,0.0,0,0.0,6.0,-0.45662925,0.8896571,-2.4492937e-16,1.0,4,0,0,1,12841.0,1,11470.0,1,10166.0,1,11443.0,1,10411.0,1,7315.0,1,7521.0,1,5668.0,11312.819,10359.22,1371.0
985,2014-12-07,0.0,0.0,0.0,0.0,0,0.0,7.0,-0.45662925,0.8896571,-2.4492937e-16,1.0,4,0,0,1,12204.0,1,12841.0,1,9713.0,1,11297.0,1,9922.0,1,7150.0,1,8219.0,1,7009.0,11669.292,10769.171,-637.0
985,2014-12-08,7629.0,787.0,1.0,0.0,0,0.0,1.0,-0.34820163,0.93741965,-2.4492937e-16,1.0,4,0,0,1,0.0,1,12204.0,1,11470.0,1,0.0,1,9937.0,1,8912.0,1,8644.0,1,6492.0,7001.575,8376.021,-12204.0
985,2014-12-09,8564.0,759.0,1.0,0.0,0,0.0,2.0,-0.34820163,0.93741965,-2.4492937e-16,1.0,4,0,0,1,7629.0,1,0.0,1,12841.0,1,12530.0,1,10238.0,1,0.0,1,8853.0,1,8684.0,7252.545,8210.017,7629.0
985,2014-12-10,7324.0,703.0,1.0,0.0,0,0.0,3.0,-0.34820163,0.93741965,-2.4492937e-16,1.0,4,0,0,1,8564.0,1,7629.0,1,12204.0,1,10166.0,1,11443.0,1,10411.0,1,0.0,1,0.0,7777.127,8288.68,935.0
985,2014-12-11,7657.0,775.0,1.0,0.0,0,0.0,4.0,-0.34820163,0.93741965,-2.4492937e-16,1.0,4,0,0,1,7324.0,1,8564.0,1,0.0,1,9713.0,1,11297.0,1,9922.0,1,6764.0,1,8220.0,7595.876,8074.3066,-1240.0
985,2014-12-12,8331.0,804.0,1.0,0.0,0,0.0,5.0,-0.34820163,0.93741965,-2.4492937e-16,1.0,4,0,0,1,7657.0,1,7324.0,1,7629.0,1,11470.0,1,0.0,1,9937.0,1,8333.0,1,7766.0,7620.3257,7981.572,333.0
985,2014-12-13,10278.0,961.0,1.0,0.0,0,0.0,6.0,-0.34820163,0.93741965,-2.4492937e-16,1.0,4,0,0,1,8331.0,1,7657.0,1,8564.0,1,12841.0,1,12530.0,1,10238.0,1,6333.0,1,6957.0,7904.595,8059.2227,674.0
985,2014-12-14,0.0,0.0,0.0,0.0,0,0.0,7.0,-0.34820163,0.93741965,-2.4492937e-16,1.0,4,0,0,1,10278.0,1,8331.0,1,7324.0,1,12204.0,1,10166.0,1,11443.0,1,7315.0,1,7160.0,8853.957,8552.284,1947.0
985,2014-12-15,16826.0,1198.0,1.0,1.0,0,0.0,1.0,-0.23488605,0.9720229,-2.4492937e-16,1.0,4,0,0,1,0.0,1,10278.0,1,7657.0,1,0.0,1,9713.0,1,11297.0,1,7150.0,1,7699.0,5312.3745,6651.7764,-10278.0
985,2014-12-16,14093.0,1090.0,1.0,1.0,0,0.0,2.0,-0.23488605,0.9720229,-2.4492937e-16,1.0,4,0,0,1,16826.0,1,0.0,1,8331.0,1,7629.0,1,11470.0,1,0.0,1,8912.0,1,9039.0,9917.824,8912.715,16826.0
985,2014-12-17,12357.0,1027.0,1.0,1.0,0,0.0,3.0,-0.23488605,0.9720229,-2.4492937e-16,1.0,4,0,0,1,14093.0,1,16826.0,1,10278.0,1,8564.0,1,12841.0,1,12530.0,1,0.0,1,0.0,11587.895,10063.89,-2733.0
985,2014-12-18,12959.0,1039.0,1.0,1.0,0,0.0,4.0,-0.23488605,0.9720229,-2.4492937e-16,1.0,4,0,0,1,12357.0,1,14093.0,1,0.0,1,7324.0,1,12204.0,1,10166.0,1,10411.0,1,7321.0,11895.537,10573.47,-1736.0
985,2014-12-19,14762.0,1188.0,1.0,1.0,0,0.0,5.0,-0.23488605,0.9720229,-2.4492937e-16,1.0,4,0,0,1,12959.0,1,12357.0,1,16826.0,1,7657.0,1,0.0,1,9713.0,1,9922.0,1,6622.0,12320.922,11103.588,602.0
985,2014-12-20,14754.0,1243.0,1.0,0.0,0,0.0,6.0,-0.23488605,0.9720229,-2.4492937e-16,1.0,4,0,0,1,14762.0,1,12959.0,1,14093.0,1,8331.0,1,7629.0,1,11470.0,1,9937.0,1,6026.0,13297.354,11916.568,1803.0
985,2014-12-21,0.0,0.0,0.0,0.0,0,0.0,7.0,-0.23488605,0.9720229,-2.4492937e-16,1.0,4,0,0,1,14754.0,1,14762.0,1,12357.0,1,10278.0,1,8564.0,1,12841.0,1,10238.0,1,7796.0,13880.012,12547.108,-8.0
985,2014-12-22,15001.0,1434.0,1.0,0.0,0,1.0,1.0,-0.11827317,0.9929811,-2.4492937e-16,1.0,4,0,0,1,0.0,1,14754.0,1,12959.0,1,0.0,1,7324.0,1,12204.0,1,11443.0,1,9933.0,8328.007,9758.862,-14754.0
985,2014-12-23,16127.0,1451.0,1.0,0.0,0,1.0,2.0,-0.11827317,0.9929811,-2.4492937e-16,1.0,4,0,0,1,15001.0,1,0.0,1,14762.0,1,16826.0,1,7657.0,1,0.0,1,11297.0,1,0.0,10997.204,10923.781,15001.0
985,2014-12-24,6504.0,599.0,1.0,0.0,0,1.0,3.0,-0.11827317,0.9929811,-2.4492937e-16,1.0,4,0,0,1,16127.0,1,15001.0,1,14754.0,1,14093.0,1,8331.0,1,7629.0,1,0.0,1,0.0,13049.123,12080.053,1126.0
985,2014-12-25,0.0,0.0,0.0,0.0,3,1.0,4.0,-0.11827317,0.9929811,-2.4492937e-16,1.0,4,0,0,1,6504.0,1,16127.0,1,0.0,1,12357.0,1,10278.0,1,8564.0,1,12530.0,1,10723.0,10431.073,10840.93,-9623.0
985,2014-12-26,0.0,0.0,0.0,0.0,3,1.0,5.0,-0.11827317,0.9929811,-2.4492937e-16,1.0,4,0,0,1,0.0,1,6504.0,1,15001.0,1,12959.0,1,0.0,1,7324.0,1,10166.0,1,9498.0,6258.644,8431.834,-6504.0
985,2014-12-27,10489.0,1066.0,1.0,0.0,0,0.0,6.0,-0.11827317,0.9929811,-2.4492937e-16,1.0,4,0,0,1,0.0,1,0.0,1,16127.0,1,14762.0,1,16826.0,1,7657.0,1,9713.0,1,8790.0,3755.1865,6558.0933,0.0
985,2014-12-28,0.0,0.0,0.0,0.0,0,0.0,7.0,-0.11827317,0.9929811,-2.4492937e-16,1.0,4,0,0,1,10489.0,1,0.0,1,6504.0,1,14754.0,1,14093.0,1,8331.0,1,11470.0,1,8935.0,6448.712,7431.628,10489.0
985,2014-12-29,10038.0,964.0,1.0,0.0,0,1.0,1.0,0.11827317,0.9929811,-2.4492937e-16,1.0,4,0,0,1,0.0,1,10489.0,1,0.0,1,0.0,1,12357.0,1,10278.0,1,12841.0,1,9218.0,3869.227,5780.1553,-10489.0
985,2014-12-30,10821.0,936.0,1.0,0.0,0,1.0,2.0,0.11827317,0.9929811,-2.4492937e-16,1.0,4,0,0,1,10038.0,1,0.0,1,0.0,1,15001.0,1,12959.0,1,0.0,1,12204.0,1,10257.0,6336.7363,6726.343,10038.0
985,2014-12-31,5664.0,547.0,1.0,0.0,0,1.0,3.0,0.11827317,0.9929811,-2.4492937e-16,1.0,4,0,1,1,10821.0,1,10038.0,1,10489.0,1,16127.0,1,14762.0,1,16826.0,1,0.0,1,0.0,8130.442,7636.2666,783.0
985,2015-01-01,0.0,0.0,0.0,0.0,1,1.0,4.0,0.11827317,0.9929811,0.5,0.8660254,1,1,0,1,5664.0,1,10821.0,1,0.0,1,6504.0,1,14754.0,1,14093.0,1,7629.0,1,14603.0,7143.865,7197.9854,-5157.0
985,2015-01-02,7263.0,783.0,1.0,0.0,0,1.0,5.0,0.11827317,0.9929811,0.5,0.8660254,1,0,0,1,0.0,1,5664.0,1,10038.0,1,0.0,1,0.0,1,12357.0,1,8564.0,1,8846.0,4286.319,5598.433,-5664.0
985,2015-01-03,8027.0,840.0,1.0,0.0,0,0.0,6.0,0.11827317,0.9929811,0.5,0.8660254,1,0,0,1,7263.0,1,0.0,1,10821.0,1,0.0,1,15001.0,1,12959.0,1,7324.0,1,7521.0,5476.991,5968.337,7263.0
985,2015-01-04,0.0,0.0,0.0,0.0,0,0.0,7.0,0.11827317,0.9929811,0.5,0.8660254,1,0,0,1,8027.0,1,7263.0,1,5664.0,1,10489.0,1,16127.0,1,14762.0,1,7657.0,1,8219.0,6496.9946,6425.8174,764.0
985,2015-01-05,12192.0,1201.0,1.0,1.0,0,1.0,1.0,0.23488605,0.9720229,0.5,0.8660254,1,0,0,1,0.0,1,8027.0,1,0.0,1,0.0,1,6504.0,1,14754.0,1,8331.0,1,8644.0,3898.197,4997.858,-8027.0
985,2015-01-06,0.0,0.0,0.0,1.0,1,0.0,2.0,0.23488605,0.9720229,0.5,0.8660254,1,0,0,1,12192.0,1,0.0,1,7263.0,1,10038.0,1,0.0,1,0.0,1,10278.0,1,8853.0,7215.7183,6596.556,12192.0
985,2015-01-07,9170.0,851.0,1.0,1.0,0,0.0,3.0,0.23488605,0.9720229,0.5,0.8660254,1,0,0,1,0.0,1,12192.0,1,8027.0,1,10821.0,1,0.0,1,15001.0,1,0.0,1,0.0,4329.4307,5130.655,-12192.0
985,2015-01-08,9750.0,847.0,1.0,1.0,0,0.0,4.0,0.23488605,0.9720229,0.5,0.8660254,1,0,0,1,9170.0,1,0.0,1,0.0,1,5664.0,1,10489.0,1,16127.0,1,16826.0,1,6764.0,6265.6587,6028.287,9170.0
985,2015-01-09,10264.0,862.0,1.0,1.0,0,0.0,5.0,0.23488605,0.9720229,0.5,0.8660254,1,0,0,1,9750.0,1,9170.0,1,12192.0,1,0.0,1,0.0,1,6504.0,1,14093.0,1,8333.0,7659.395,6855.3345,580.0
985,2015-01-10,9732.0,932.0,1.0,0.0,0,0.0,6.0,0.23488605,0.9720229,0.5,0.8660254,1,0,0,1,10264.0,1,9750.0,1,0.0,1,7263.0,1,10038.0,1,0.0,1,12357.0,1,6333.0,8701.237,7612.8154,514.0
985,2015-01-11,0.0,0.0,0.0,0.0,0,0.0,7.0,0.23488605,0.9720229,0.5,0.8660254,1,0,0,1,9732.0,1,10264.0,1,9170.0,1,8027.0,1,10821.0,1,0.0,1,12959.0,1,7315.0,9113.542,8083.7456,-532.0
985,2015-01-12,10398.0,880.0,1.0,1.0,0,0.0,1.0,0.34820163,0.93741965,0.5,0.8660254,1,0,0,1,0.0,1,9732.0,1,9750.0,1,0.0,1,5664.0,1,10489.0,1,14762.0,1,7150.0,5468.1255,6287.3574,-9732.0
985,2015-01-13,8353.0,799.0,1.0,1.0,0,0.0,2.0,0.34820163,0.93741965,0.5,0.8660254,1,0,0,1,10398.0,1,0.0,1,10264.0,1,12192.0,1,0.0,1,0.0,1,14754.0,1,8912.0,7440.075,7200.8335,10398.0
985,2015-01-14,7874.0,737.0,1.0,1.0,0,0.0,3.0,0.34820163,0.93741965,0.5,0.8660254,1,0,0,1,8353.0,1,10398.0,1,9732.0,1,0.0,1,7263.0,1,10038.0,1,0.0,1,0.0,7805.245,7456.8706,-2045.0
985,2015-01-15,9027.0,802.0,1.0,1.0,0,0.0,4.0,0.34820163,0.93741965,0.5,0.8660254,1,0,0,1,7874.0,1,8353.0,1,0.0,1,9170.0,1,8027.0,1,10821.0,1,15001.0,1,10411.0,7832.747,7549.566,-479.0
985,2015-01-16,8992.0,812.0,1.0,1.0,0,0.0,5.0,0.34820163,0.93741965,0.5,0.8660254,1,0,0,1,9027.0,1,7874.0,1,10398.0,1,9750.0,1,0.0,1,5664.0,1,16127.0,1,9922.0,8310.448,7877.885,1153.0
985,2015-01-17,9654.0,922.0,1.0,0.0,0,0.0,6.0,0.34820163,0.93741965,0.5,0.8660254,1,0,0,1,8992.0,1,9027.0,1,8353.0,1,10264.0,1,12192.0,1,0.0,1,6504.0,1,9937.0,8583.069,8125.466,-35.0
985,2015-01-18,0.0,0.0,0.0,0.0,0,0.0,7.0,0.34820163,0.93741965,0.5,0.8660254,1,0,0,1,9654.0,1,8992.0,1,7874.0,1,9732.0,1,0.0,1,7263.0,1,0.0,1,10238.0,9011.441,8465.141,662.0
985,2015-01-19,6189.0,675.0,1.0,0.0,0,0.0,1.0,0.45662925,0.8896571,0.5,0.8660254,1,0,0,1,0.0,1,9654.0,1,9027.0,1,0.0,1,9170.0,1,8027.0,1,0.0,1,11443.0,5406.8647,6583.998,-9654.0
985,2015-01-20,6339.0,599.0,1.0,0.0,0,0.0,2.0,0.45662925,0.8896571,0.5,0.8660254,1,0,0,1,6189.0,1,0.0,1,8992.0,1,10398.0,1,9750.0,1,0.0,1,10489.0,1,11297.0,5719.7188,6496.2207,6189.0
985,2015-01-21,5549.0,617.0,1.0,0.0,0,0.0,3.0,0.45662925,0.8896571,0.5,0.8660254,1,0,0,1,6339.0,1,6189.0,1,9654.0,1,8353.0,1,10264.0,1,12192.0,1,0.0,1,0.0,5967.431,6461.2827,150.0
985,2015-01-22,6576.0,668.0,1.0,0.0,0,0.0,4.0,0.45662925,0.8896571,0.5,0.8660254,1,0,0,1,5549.0,1,6339.0,1,0.0,1,7874.0,1,9732.0,1,0.0,1,10038.0,1,12530.0,5800.0586,6258.553,-790.0
985,2015-01-23,6199.0,678.0,1.0,0.0,0,0.0,5.0,0.45662925,0.8896571,0.5,0.8660254,1,0,0,1,6576.0,1,5549.0,1,6189.0,1,9027.0,1,0.0,1,9170.0,1,10821.0,1,10166.0,6110.435,6329.097,1027.0
985,2015-01-24,9003.0,826.0,1.0,0.0,0,0.0,6.0,0.45662925,0.8896571,0.5,0.8660254,1,0,0,1,6199.0,1,6576.0,1,6339.0,1,8992.0,1,10398.0,1,9750.0,1,5664.0,1,9713.0,6145.8613,6300.1865,-377.0
985,2015-01-25,0.0,0.0,0.0,0.0,0,0.0,7.0,0.45662925,0.8896571,0.5,0.8660254,1,0,0,1,9003.0,1,6199.0,1,5549.0,1,9654.0,1,8353.0,1,10264.0,1,0.0,1,11470.0,7288.717,6900.8115,2804.0
985,2015-01-26,9632.0,861.0,1.0,1.0,0,0.0,1.0,0.55864674,0.82940567,0.5,0.8660254,1,0,0,1,0.0,1,9003.0,1,6576.0,1,0.0,1,7874.0,1,9732.0,1,7263.0,1,12841.0,4373.23,5367.298,-9003.0
985,2015-01-27,8797.0,721.0,1.0,1.0,0,0.0,2.0,0.55864674,0.82940567,0.5,0.8660254,1,0,0,1,9632.0,1,0.0,1,6199.0,1,6189.0,1,9027.0,1,0.0,1,8027.0,1,12204.0,6476.738,6315.01,9632.0
985,2015-01-28,7959.0,731.0,1.0,1.0,0,0.0,3.0,0.55864674,0.82940567,0.5,0.8660254,1,0,0,1,8797.0,1,9632.0,1,9003.0,1,6339.0,1,8992.0,1,10398.0,1,0.0,1,0.0,7404.843,6866.563,-835.0
985,2015-01-29,8511.0,765.0,1.0,1.0,0,0.0,4.0,0.55864674,0.82940567,0.5,0.8660254,1,0,0,1,7959.0,1,8797.0,1,0.0,1,5549.0,1,9654.0,1,8353.0,1,12192.0,1,7629.0,7626.506,7109.3267,-838.0
985,2015-01-30,8919.0,793.0,1.0,1.0,0,0.0,5.0,0.55864674,0.82940567,0.5,0.8660254,1,0,0,1,8511.0,1,7959.0,1,9632.0,1,6576.0,1,0.0,1,7874.0,1,0.0,1,8564.0,7980.303,7420.8096,552.0
985,2015-01-31,9617.0,946.0,1.0,0.0,0,0.0,6.0,0.55864674,0.82940567,0.5,0.8660254,1,0,1,1,8919.0,1,8511.0,1,8797.0,1,6199.0,1,6189.0,1,9027.0,1,9170.0,1,7324.0,8355.782,7753.7407,408.0
985,2015-02-01,0.0,0.0,0.0,0.0,0,0.0,7.0,0.55864674,0.82940567,0.8660254,0.5,1,1,0,1,9617.0,1,8919.0,1,7959.0,1,9003.0,1,6339.0,1,8992.0,1,9750.0,1,7657.0,8860.27,8167.7983,698.0
985,2015-02-02,10209.0,914.0,1.0,1.0,0,0.0,1.0,0.65282214,0.75751126,0.8660254,0.5,1,0,0,1,0.0,1,9617.0,1,8511.0,1,0.0,1,5549.0,1,9654.0,1,10264.0,1,8331.0,5316.1616,6352.732,-9617.0
985,2015-02-03,8228.0,784.0,1.0,1.0,0,0.0,2.0,0.65282214,0.75751126,0.8660254,0.5,1,0,0,1,10209.0,1,0.0,1,8919.0,1,9632.0,1,6576.0,1,0.0,1,9732.0,1,10278.0,7273.297,7209.6807,10209.0
985,2015-02-04,8506.0,796.0,1.0,1.0,0,0.0,3.0,0.65282214,0.75751126,0.8660254,0.5,1,0,0,1,8228.0,1,10209.0,1,9617.0,1,8797.0,1,6199.0,1,6189.0,1,0.0,1,0.0,7655.178,7435.9736,-1981.0
985,2015-02-05,9234.0,813.0,1.0,1.0,0,0.0,4.0,0.65282214,0.75751126,0.8660254,0.5,1,0,0,1,8506.0,1,8228.0,1,0.0,1,7959.0,1,9003.0,1,6339.0,1,10398.0,1,16826.0,7995.507,7673.7573,278.0
985,2015-02-06,8129.0,807.0,1.0,1.0,0,0.0,5.0,0.65282214,0.75751126,0.8660254,0.5,1,0,0,1,9234.0,1,8506.0,1,10209.0,1,8511.0,1,0.0,1,5549.0,1,8353.0,1,14093.0,8490.904,8020.478,728.0
985,2015-02-07,8536.0,868.0,1.0,0.0,0,0.0,6.0,0.65282214,0.75751126,0.8660254,0.5,1,0,0,1,8129.0,1,9234.0,1,8228.0,1,8919.0,1,9632.0,1,6576.0,1,7874.0,1,12357.0,8346.143,8044.5938,-1105.0
985,2015-02-08,0.0,0.0,0.0,0.0,0,0.0,7.0,0.65282214,0.75751126,0.8660254,0.5,1,0,0,1,8536.0,1,8129.0,1,8506.0,1,9617.0,1,8797.0,1,6199.0,1,9027.0,1,12959.0,8422.086,8153.7954,407.0
985,2015-02-09,6103.0,674.0,1.0,0.0,0,0.0,1.0,0.73783326,0.674983,0.8660254,0.5,1,0,0,1,0.0,1,8536.0,1,9234.0,1,0.0,1,7959.0,1,9003.0,1,8992.0,1,14762.0,5053.2515,6341.841,-8536.0
985,2015-02-10,6648.0,669.0,1.0,0.0,0,0.0,2.0,0.73783326,0.674983,0.8660254,0.5,1,0,0,1,6103.0,1,0.0,1,8129.0,1,10209.0,1,8511.0,1,0.0,1,9654.0,1,14754.0,5473.151,6288.765,6103.0
985,2015-02-11,5808.0,648.0,1.0,0.0,0,0.0,3.0,0.73783326,0.674983,0.8660254,0.5,1,0,0,1,6648.0,1,6103.0,1,8536.0,1,8228.0,1,8919.0,1,9632.0,1,0.0,1,0.0,5943.0903,6368.595,545.0
985,2015-02-12,7145.0,757.0,1.0,0.0,0,0.0,4.0,0.73783326,0.674983,0.8660254,0.5,1,0,0,1,5808.0,1,6648.0,1,0.0,1,8506.0,1,9617.0,1,8797.0,1,6189.0,1,15001.0,5889.054,6244.0186,-840.0
985,2015-02-13,7198.0,757.0,1.0,0.0,0,0.0,5.0,0.73783326,0.674983,0.8660254,0.5,1,0,0,1,7145.0,1,5808.0,1,6103.0,1,9234.0,1,0.0,1,7959.0,1,6339.0,1,16127.0,6391.4326,6444.2363,1337.0
985,2015-02-14,8589.0,882.0,1.0,0.0,0,0.0,6.0,0.73783326,0.674983,0.8660254,0.5,1,0,0,1,7198.0,1,7145.0,1,6648.0,1,8129.0,1,10209.0,1,8511.0,1,5549.0,1,6504.0,6714.0596,6611.7397,53.0
985,2015-02-15,0.0,0.0,0.0,0.0,0,0.0,7.0,0.73783326,0.674983,0.8660254,0.5,1,0,0,1,8589.0,1,7198.0,1,5808.0,1,8536.0,1,8228.0,1,8919.0,1,6576.0,1,0.0,7464.0356,7051.131,1391.0
985,2015-02-16,11204.0,941.0,1.0,1.0,0,0.0,1.0,0.8124869,0.5829795,0.8660254,0.5,1,0,0,1,0.0,1,8589.0,1,7145.0,1,0.0,1,8506.0,1,9617.0,1,6199.0,1,0.0,4478.4214,5484.213,-8589.0
985,2015-02-17,7719.0,719.0,1.0,1.0,0,0.0,2.0,0.8124869,0.5829795,0.8660254,0.5,1,0,0,1,11204.0,1,0.0,1,7198.0,1,6103.0,1,9234.0,1,0.0,1,9003.0,1,10489.0,7168.653,6755.277,11204.0
985,2015-02-18,8747.0,789.0,1.0,1.0,0,0.0,3.0,0.8124869,0.5829795,0.8660254,0.5,1,0,0,1,7719.0,1,11204.0,1,8589.0,1,6648.0,1,8129.0,1,10209.0,1,0.0,1,0.0,7388.7915,6969.4375,-3485.0
985,2015-02-19,7682.0,764.0,1.0,1.0,0,0.0,4.0,0.8124869,0.5829795,0.8660254,0.5,1,0,0,1,8747.0,1,7719.0,1,0.0,1,5808.0,1,8536.0,1,8228.0,1,9632.0,1,10038.0,7932.075,7364.451,1028.0
985,2015-02-20,8798.0,815.0,1.0,1.0,0,0.0,5.0,0.8124869,0.5829795,0.8660254,0.5,1,0,0,1,7682.0,1,8747.0,1,11204.0,1,7145.0,1,0.0,1,8506.0,1,8797.0,1,10821.0,7832.045,7435.0176,-1065.0
985,2015-02-21,9433.0,854.0,1.0,0.0,0,0.0,6.0,0.8124869,0.5829795,0.8660254,0.5,1,0,0,1,8798.0,1,7682.0,1,7719.0,1,7198.0,1,6103.0,1,9234.0,1,7959.0,1,5664.0,8218.427,7737.903,1116.0
985,2015-02-22,0.0,0.0,0.0,0.0,0,0.0,7.0,0.8124869,0.5829795,0.8660254,0.5,1,0,0,1,9433.0,1,8798.0,1,8747.0,1,8589.0,1,6648.0,1,8129.0,1,8511.0,1,0.0,8704.256,8114.591,635.0
985,2015-02-23,5995.0,651.0,1.0,0.0,0,0.0,1.0,0.8757349,0.4827922,0.8660254,0.5,1,0,0,1,0.0,1,9433.0,1,7682.0,1,0.0,1,5808.0,1,8536.0,1,8919.0,1,7263.0,5222.5537,6311.3486,-9433.0
985,2015-02-24,5698.0,654.0,1.0,0.0,0,0.0,2.0,0.8757349,0.4827922,0.8660254,0.5,1,0,0,1,5995.0,1,0.0,1,8798.0,1,11204.0,1,7145.0,1,0.0,1,9617.0,1,8027.0,5531.532,6241.049,5995.0
985,2015-02-25,6115.0,606.0,1.0,0.0,0,0.0,3.0,0.8757349,0.4827922,0.8660254,0.5,1,0,0,1,5698.0,1,5995.0,1,9433.0,1,7719.0,1,7198.0,1,6103.0,1,0.0,1,0.0,5598.119,6120.371,-297.0
985,2015-02-26,6887.0,688.0,1.0,0.0,0,0.0,4.0,0.8757349,0.4827922,0.8660254,0.5,1,0,0,1,6115.0,1,5698.0,1,0.0,1,8747.0,1,8589.0,1,6648.0,1,10209.0,1,12192.0,5804.8716,6119.1777,417.0
985,2015-02-27,8118.0,753.0,1.0,0.0,0,0.0,5.0,0.8757349,0.4827922,0.8660254,0.5,1,0,0,1,6887.0,1,6115.0,1,5995.0,1,7682.0,1,0.0,1,5808.0,1,8228.0,1,0.0,6237.723,6289.8047,772.0
985,2015-02-28,10524.0,950.0,1.0,0.0,0,0.0,6.0,0.8757349,0.4827922,0.8660254,0.5,1,0,1,1,8118.0,1,6887.0,1,5698.0,1,8798.0,1,11204.0,1,7145.0,1,8506.0,1,9170.0,6989.834,6696.0703,1231.0
985,2015-03-01,0.0,0.0,0.0,0.0,0,0.0,7.0,0.8757349,0.4827922,1.0,6.123234e-17,1,1,0,1,10524.0,1,8118.0,1,6115.0,1,9433.0,1,7719.0,1,7198.0,1,9234.0,1,9750.0,8403.5,7546.7217,2406.0
985,2015-03-02,10329.0,880.0,1.0,1.0,0,0.0,1.0,0.9266896,0.37582758,1.0,6.123234e-17,1,0,0,1,0.0,1,10524.0,1,6887.0,1,0.0,1,8747.0,1,8589.0,1,8129.0,1,10264.0,5042.1,5869.6724,-10524.0
985,2015-03-03,8990.0,802.0,1.0,1.0,0,0.0,2.0,0.9266896,0.37582758,1.0,6.123234e-17,1,0,0,1,10329.0,1,0.0,1,8118.0,1,5995.0,1,7682.0,1,0.0,1,8536.0,1,9732.0,7156.86,6860.634,10329.0
985,2015-03-04,8659.0,783.0,1.0,1.0,0,0.0,3.0,0.9266896,0.37582758,1.0,6.123234e-17,1,0,0,1,8990.0,1,10329.0,1,10524.0,1,5698.0,1,8798.0,1,11204.0,1,0.0,1,0.0,7890.116,7333.8267,-1339.0
985,2015-03-05,8316.0,784.0,1.0,1.0,0,0.0,4.0,0.9266896,0.37582758,1.0,6.123234e-17,1,0,0,1,8659.0,1,8990.0,1,0.0,1,6115.0,1,9433.0,1,7719.0,1,6103.0,1,10398.0,8197.67,7628.3096,-331.0
985,2015-03-06,8796.0,811.0,1.0,1.0,0,0.0,5.0,0.9266896,0.37582758,1.0,6.123234e-17,1,0,0,1,8316.0,1,8659.0,1,10329.0,1,6887.0,1,0.0,1,8747.0,1,6648.0,1,8353.0,8245.002,7781.1294,-343.0
985,2015-03-07,8958.0,873.0,1.0,0.0,0,0.0,6.0,0.9266896,0.37582758,1.0,6.123234e-17,1,0,0,1,8796.0,1,8316.0,1,8990.0,1,8118.0,1,5995.0,1,7682.0,1,5808.0,1,7874.0,8465.401,8006.6562,480.0
985,2015-03-08,0.0,0.0,0.0,0.0,0,0.0,7.0,0.9266896,0.37582758,1.0,6.123234e-17,1,0,0,1,8958.0,1,8796.0,1,8659.0,1,10524.0,1,5698.0,1,8798.0,1,7145.0,1,9027.0,8662.44,8218.066,162.0
985,2015-03-09,7502.0,686.0,1.0,0.0,0,0.0,1.0,0.9646356,0.26358718,1.0,6.123234e-17,1,0,0,1,0.0,1,8958.0,1,8316.0,1,0.0,1,6115.0,1,9433.0,1,7198.0,1,8992.0,5197.4644,6391.829,-8958.0
985,2015-03-10,5961.0,618.0,1.0,0.0,0,0.0,2.0,0.9646356,0.26358718,1.0,6.123234e-17,1,0,0,1,7502.0,1,0.0,1,8796.0,1,10329.0,1,6887.0,1,0.0,1,8589.0,1,9654.0,6119.279,6638.5337,7502.0
985,2015-03-11,6369.0,645.0,1.0,0.0,0,0.0,3.0,0.9646356,0.26358718,1.0,6.123234e-17,1,0,0,1,5961.0,1,7502.0,1,8958.0,1,8990.0,1,8118.0,1,5995.0,1,0.0,1,0.0,6055.9673,6487.9707,-1541.0
985,2015-03-12,6685.0,677.0,1.0,0.0,0,0.0,4.0,0.9646356,0.26358718,1.0,6.123234e-17,1,0,0,1,6369.0,1,5961.0,1,0.0,1,8659.0,1,10524.0,1,5698.0,1,11204.0,1,6189.0,6181.18,6461.5327,408.0
985,2015-03-13,8648.0,777.0,1.0,0.0,0,0.0,5.0,0.9646356,0.26358718,1.0,6.123234e-17,1,0,0,1,6685.0,1,6369.0,1,7502.0,1,8316.0,1,0.0,1,6115.0,1,7719.0,1,6339.0,6382.708,6511.1924,316.0
985,2015-03-14,9552.0,918.0,1.0,0.0,0,0.0,6.0,0.9646356,0.26358718,1.0,6.123234e-17,1,0,0,1,8648.0,1,6685.0,1,5961.0,1,8796.0,1,10329.0,1,6887.0,1,8747.0,1,5549.0,7288.8247,6986.0386,1963.0
985,2015-03-15,0.0,0.0,0.0,0.0,0,0.0,7.0,0.9646356,0.26358718,1.0,6.123234e-17,1,0,0,1,9552.0,1,8648.0,1,6369.0,1,8958.0,1,8990.0,1,8118.0,1,7682.0,1,6576.0,8194.095,7556.252,904.0
985,2015-03-16,10269.0,891.0,1.0,1.0,0,0.0,1.0,0.9890402,0.14764656,1.0,6.123234e-17,1,0,0,1,0.0,1,9552.0,1,6685.0,1,0.0,1,8659.0,1,10524.0,1,8798.0,1,6199.0,4916.457,5877.085,-9552.0
985,2015-03-17,8919.0,792.0,1.0,1.0,0,0.0,2.0,0.9890402,0.14764656,1.0,6.123234e-17,1,0,0,1,10269.0,1,0.0,1,8648.0,1,7502.0,1,8316.0,1,0.0,1,9433.0,1,9003.0,7057.474,6853.066,10269.0
985,2015-03-18,8342.0,759.0,1.0,1.0,0,0.0,3.0,0.9890402,0.14764656,1.0,6.123234e-17,1,0,0,1,8919.0,1,10269.0,1,9552.0,1,5961.0,1,8796.0,1,10329.0,1,0.0,1,0.0,7802.0845,7312.1626,-1350.0
985,2015-03-19,8817.0,797.0,1.0,1.0,0,0.0,4.0,0.9890402,0.14764656,1.0,6.123234e-17,1,0,0,1,8342.0,1,8919.0,1,0.0,1,6369.0,1,8958.0,1,8990.0,1,5995.0,1,9632.0,8018.051,7541.015,-577.0
985,2015-03-20,9117.0,773.0,1.0,1.0,0,0.0,5.0,0.9890402,0.14764656,1.0,6.123234e-17,1,0,0,1,8817.0,1,8342.0,1,10269.0,1,6685.0,1,0.0,1,8659.0,1,5698.0,1,8797.0,8337.631,7824.5674,475.0
985,2015-03-21,8705.0,877.0,1.0,0.0,0,0.0,6.0,0.9890402,0.14764656,1.0,6.123234e-17,1,0,0,1,9117.0,1,8817.0,1,8919.0,1,8648.0,1,7502.0,1,8316.0,1,6115.0,1,7959.0,8649.378,8111.775,300.0
985,2015-03-22,0.0,0.0,0.0,0.0,0,0.0,7.0,0.9890402,0.14764656,1.0,6.123234e-17,1,0,0,1,8705.0,1,9117.0,1,8342.0,1,9552.0,1,5961.0,1,8796.0,1,6887.0,1,8511.0,8671.627,8243.603,-412.0
985,2015-03-23,7759.0,729.0,1.0,0.0,0,0.0,1.0,0.99956083,0.029633328,1.0,6.123234e-17,1,0,0,1,0.0,1,8705.0,1,8817.0,1,0.0,1,6369.0,1,8958.0,1,8118.0,1,8919.0,5202.976,6411.691,-8705.0
985,2015-03-24,5671.0,607.0,1.0,0.0,0,0.0,2.0,0.99956083,0.029633328,1.0,6.123234e-17,1,0,0,1,7759.0,1,0.0,1,9117.0,1,10269.0,1,6685.0,1,0.0,1,10524.0,1,9617.0,6225.3857,6711.093,7759.0
985,2015-03-25,6972.0,655.0,1.0,0.0,0,0.0,3.0,0.99956083,0.029633328,1.0,6.123234e-17,1,0,0,1,5671.0,1,7759.0,1,8705.0,1,8919.0,1,8648.0,1,7502.0,1,0.0,1,0.0,6003.6313,6479.961,-2088.0
985,2015-03-26,7769.0,721.0,1.0,0.0,0,0.0,4.0,0.99956083,0.029633328,1.0,6.123234e-17,1,0,0,1,6972.0,1,5671.0,1,0.0,1,8342.0,1,9552.0,1,5961.0,1,10329.0,1,10209.0,6390.979,6589.303,1301.0
985,2015-03-27,7694.0,743.0,1.0,0.0,0,0.0,5.0,0.99956083,0.029633328,1.0,6.123234e-17,1,0,0,1,7769.0,1,6972.0,1,7759.0,1,8817.0,1,0.0,1,6369.0,1,8990.0,1,8228.0,6942.1875,6851.458,797.0
985,2015-03-28,9661.0,914.0,1.0,0.0,0,0.0,6.0,0.99956083,0.029633328,1.0,6.123234e-17,1,0,0,1,7694.0,1,7769.0,1,5671.0,1,9117.0,1,10269.0,1,6685.0,1,8659.0,1,8506.0,7242.9126,7038.6895,-75.0
985,2015-03-29,0.0,0.0,0.0,0.0,0,0.0,7.0,0.99956083,0.029633328,1.0,6.123234e-17,1,0,0,1,9661.0,1,7694.0,1,6972.0,1,8705.0,1,8919.0,1,8648.0,1,8316.0,1,9234.0,8210.147,7621.4253,1967.0
985,2015-03-30,16253.0,1149.0,1.0,1.0,0,1.0,1.0,0.9960498,-0.08879589,1.0,6.123234e-17,1,0,0,1,0.0,1,9661.0,1,7769.0,1,0.0,1,8342.0,1,9552.0,1,8796.0,1,8129.0,4926.0884,5927.7754,-9661.0
985,2015-03-31,15387.0,1070.0,1.0,1.0,0,1.0,2.0,0.9960498,-0.08879589,1.0,6.123234e-17,1,0,1,1,16253.0,1,0.0,1,7694.0,1,7759.0,1,8817.0,1,0.0,1,8958.0,1,8536.0,9456.854,8222.27,16253.0
985,2015-04-01,10515.0,935.0,1.0,1.0,0,1.0,3.0,0.9960498,-0.08879589,0.8660254,-0.5,2,1,0,1,15387.0,1,16253.0,1,9661.0,1,5671.0,1,9117.0,1,10269.0,1,0.0,1,0.0,11828.912,9814.432,-866.0
985,2015-04-02,12091.0,1093.0,1.0,1.0,0,1.0,4.0,0.9960498,-0.08879589,0.8660254,-0.5,2,0,0,1,10515.0,1,15387.0,1,0.0,1,6972.0,1,8705.0,1,8919.0,1,7502.0,1,6103.0,11303.347,9970.113,-4872.0
985,2015-04-03,0.0,0.0,0.0,1.0,2,1.0,5.0,0.9960498,-0.08879589,0.8660254,-0.5,2,0,0,1,12091.0,1,10515.0,1,16253.0,1,7769.0,1,0.0,1,8342.0,1,5961.0,1,6648.0,11618.408,10441.422,1576.0
985,2015-04-04,17039.0,1295.0,1.0,0.0,0,0.0,6.0,0.9960498,-0.08879589,0.8660254,-0.5,2,0,0,1,0.0,1,12091.0,1,15387.0,1,7694.0,1,7759.0,1,8817.0,1,6369.0,1,5808.0,6971.045,8121.106,-12091.0
985,2015-04-05,0.0,0.0,0.0,0.0,0,0.0,7.0,0.9960498,-0.08879589,0.8660254,-0.5,2,0,0,1,17039.0,1,0.0,1,10515.0,1,9661.0,1,5671.0,1,9117.0,1,6685.0,1,7145.0,10998.227,10102.86,17039.0
985,2015-04-06,0.0,0.0,0.0,0.0,2,1.0,1.0,0.9785565,-0.20597862,0.8660254,-0.5,2,0,0,1,0.0,1,17039.0,1,12091.0,1,0.0,1,6972.0,1,8705.0,1,8648.0,1,7198.0,6598.936,7857.7803,-17039.0
985,2015-04-07,7740.0,828.0,1.0,0.0,0,1.0,2.0,0.9785565,-0.20597862,0.8660254,-0.5,2,0,0,1,0.0,1,0.0,1,0.0,1,16253.0,1,7769.0,1,0.0,1,9552.0,1,8589.0,3959.3618,6111.607,0.0
985,2015-04-08,7197.0,691.0,1.0,0.0,0,1.0,3.0,0.9785565,-0.20597862,0.8660254,-0.5,2,0,0,1,7740.0,1,0.0,1,17039.0,1,15387.0,1,7694.0,1,7759.0,1,0.0,1,0.0,5471.617,6473.4717,7740.0
985,2015-04-09,6736.0,722.0,1.0,0.0,0,1.0,4.0,0.9785565,-0.20597862,0.8660254,-0.5,2,0,0,1,7197.0,1,7740.0,1,0.0,1,10515.0,1,9661.0,1,5671.0,1,10269.0,1,11204.0,6161.77,6634.256,-543.0
985,2015-04-10,7182.0,730.0,1.0,0.0,0,1.0,5.0,0.9785565,-0.20597862,0.8660254,-0.5,2,0,0,1,6736.0,1,7197.0,1,0.0,1,12091.0,1,0.0,1,6972.0,1,8919.0,1,7719.0,6391.462,6656.8657,-461.0
985,2015-04-11,9374.0,889.0,1.0,0.0,0,0.0,6.0,0.9785565,-0.20597862,0.8660254,-0.5,2,0,0,1,7182.0,1,6736.0,1,7740.0,1,0.0,1,16253.0,1,7769.0,1,8342.0,1,8747.0,6707.6772,6773.562,446.0
985,2015-04-12,0.0,0.0,0.0,0.0,0,0.0,7.0,0.9785565,-0.20597862,0.8660254,-0.5,2,0,0,1,9374.0,1,7182.0,1,7197.0,1,17039.0,1,15387.0,1,7694.0,1,8817.0,1,7682.0,7774.2065,7351.4375,2192.0
985,2015-04-13,10096.0,893.0,1.0,1.0,0,0.0,1.0,0.94732636,-0.32026985,0.8660254,-0.5,2,0,0,1,0.0,1,9374.0,1,6736.0,1,0.0,1,10515.0,1,9661.0,1,9117.0,1,8798.0,4664.524,5717.7847,-9374.0
985,2015-04-14,8345.0,750.0,1.0,1.0,0,0.0,2.0,0.94732636,-0.32026985,0.8660254,-0.5,2,0,0,1,10096.0,1,0.0,1,7182.0,1,0.0,1,12091.0,1,0.0,1,8705.0,1,9433.0,6837.1143,6690.721,10096.0
985,2015-04-15,8112.0,727.0,1.0,1.0,0,0.0,3.0,0.94732636,-0.32026985,0.8660254,-0.5,2,0,0,1,8345.0,1,10096.0,1,9374.0,1,7740.0,1,0.0,1,16253.0,1,0.0,1,0.0,7440.2686,7058.339,-1751.0
985,2015-04-16,8732.0,786.0,1.0,1.0,0,0.0,4.0,0.94732636,-0.32026985,0.8660254,-0.5,2,0,0,1,8112.0,1,8345.0,1,0.0,1,7197.0,1,17039.0,1,15387.0,1,7759.0,1,5995.0,7708.961,7292.486,-233.0
985,2015-04-17,9832.0,829.0,1.0,1.0,0,0.0,5.0,0.94732636,-0.32026985,0.8660254,-0.5,2,0,0,1,8732.0,1,8112.0,1,10096.0,1,6736.0,1,0.0,1,10515.0,1,5671.0,1,5698.0,8118.177,7612.378,620.0
985,2015-04-18,8464.0,825.0,1.0,0.0,0,0.0,6.0,0.94732636,-0.32026985,0.8660254,-0.5,2,0,0,1,9832.0,1,8732.0,1,8345.0,1,7182.0,1,0.0,1,12091.0,1,6972.0,1,6115.0,8803.706,8105.627,1100.0
985,2015-04-19,0.0,0.0,0.0,0.0,0,0.0,7.0,0.94732636,-0.32026985,0.8660254,-0.5,2,0,0,1,8464.0,1,9832.0,1,8112.0,1,9374.0,1,7740.0,1,0.0,1,7769.0,1,6887.0,8667.823,8185.2656,-1368.0
985,2015-04-20,6648.0,694.0,1.0,0.0,0,0.0,1.0,0.9027978,-0.4300652,0.8660254,-0.5,2,0,0,1,0.0,1,8464.0,1,8732.0,1,0.0,1,7197.0,1,17039.0,1,7694.0,1,8118.0,5200.6943,6366.318,-8464.0
985,2015-04-21,6060.0,625.0,1.0,0.0,0,0.0,2.0,0.9027978,-0.4300652,0.8660254,-0.5,2,0,0,1,6648.0,1,0.0,1,9832.0,1,10096.0,1,6736.0,1,0.0,1,9661.0,1,10524.0,5779.6167,6428.9136,6648.0
985,2015-04-22,5436.0,612.0,1.0,0.0,0,0.0,3.0,0.9027978,-0.4300652,0.8660254,-0.5,2,0,0,1,6060.0,1,6648.0,1,8464.0,1,8345.0,1,7182.0,1,0.0,1,0.0,1,0.0,5891.77,6346.933,-588.0
985,2015-04-23,6665.0,672.0,1.0,0.0,0,0.0,4.0,0.9027978,-0.4300652,0.8660254,-0.5,2,0,0,1,5436.0,1,6060.0,1,0.0,1,8112.0,1,9374.0,1,7740.0,1,16253.0,1,10329.0,5709.462,6144.5034,-624.0
985,2015-04-24,6259.0,657.0,1.0,0.0,0,0.0,5.0,0.9027978,-0.4300652,0.8660254,-0.5,2,0,0,1,6665.0,1,5436.0,1,6648.0,1,8732.0,1,0.0,1,7197.0,1,15387.0,1,8990.0,6091.6772,6260.1694,1229.0
985,2015-04-25,8954.0,863.0,1.0,0.0,0,0.0,6.0,0.9027978,-0.4300652,0.8660254,-0.5,2,0,0,1,6259.0,1,6665.0,1,6060.0,1,9832.0,1,10096.0,1,6736.0,1,10515.0,1,8659.0,6158.6064,6259.9097,-406.0
985,2015-04-26,0.0,0.0,0.0,0.0,0,0.0,7.0,0.9027978,-0.4300652,0.8660254,-0.5,2,0,0,1,8954.0,1,6259.0,1,5436.0,1,8464.0,1,8345.0,1,7182.0,1,12091.0,1,8316.0,7276.7637,6858.596,2695.0
985,2015-04-27,11032.0,895.0,1.0,1.0,0,0.0,1.0,0.845596,-0.5338234,0.8660254,-0.5,2,0,0,1,0.0,1,8954.0,1,6665.0,1,0.0,1,8112.0,1,9374.0,1,0.0,1,8796.0,4366.058,5334.464,-8954.0
985,2015-04-28,9422.0,827.0,1.0,1.0,0,0.0,2.0,0.845596,-0.5338234,0.8660254,-0.5,2,0,0,1,11032.0,1,0.0,1,6259.0,1,6648.0,1,8732.0,1,0.0,1,17039.0,1,8958.0,7032.435,6600.583,11032.0
985,2015-04-29,10714.0,855.0,1.0,1.0,0,0.0,3.0,0.845596,-0.5338234,0.8660254,-0.5,2,0,0,1,9422.0,1,11032.0,1,8954.0,1,6060.0,1,9832.0,1,10096.0,1,0.0,1,0.0,7988.2607,7227.5645,-1610.0
985,2015-04-30,13340.0,1113.0,1.0,1.0,0,0.0,4.0,0.845596,-0.5338234,0.8660254,-0.5,2,0,1,1,10714.0,1,9422.0,1,0.0,1,5436.0,1,8464.0,1,8345.0,1,0.0,1,7502.0,9078.557,8002.328,1292.0
985,2015-05-01,0.0,0.0,0.0,1.0,1,0.0,5.0,0.845596,-0.5338234,0.5,-0.8660254,2,1,0,1,13340.0,1,10714.0,1,11032.0,1,6665.0,1,0.0,1,8112.0,1,7740.0,1,5961.0,10783.134,9188.478,2626.0
985,2015-05-02,12251.0,1158.0,1.0,0.0,0,0.0,6.0,0.845596,-0.5338234,0.5,-0.8660254,2,0,0,1,0.0,1,13340.0,1,9422.0,1,6259.0,1,6648.0,1,8732.0,1,7197.0,1,6369.0,6469.8804,7146.5933,-13340.0
985,2015-05-03,0.0,0.0,0.0,0.0,0,0.0,7.0,0.845596,-0.5338234,0.5,-0.8660254,2,0,0,1,12251.0,1,0.0,1,10714.0,1,8954.0,1,6060.0,1,9832.0,1,6736.0,1,6685.0,8782.328,8280.906,12251.0
985,2015-05-04,10776.0,912.0,1.0,1.0,0,0.0,1.0,0.7765239,-0.63008785,0.5,-0.8660254,2,0,0,1,0.0,1,12251.0,1,13340.0,1,0.0,1,5436.0,1,8464.0,1,7182.0,1,8648.0,5269.397,6440.7046,-12251.0
985,2015-05-05,7978.0,732.0,1.0,1.0,0,0.0,2.0,0.7765239,-0.63008785,0.5,-0.8660254,2,0,0,1,10776.0,1,0.0,1,0.0,1,11032.0,1,6665.0,1,0.0,1,9374.0,1,9552.0,7472.038,7404.1035,10776.0
985,2015-05-06,8471.0,745.0,1.0,1.0,0,0.0,3.0,0.7765239,-0.63008785,0.5,-0.8660254,2,0,0,1,7978.0,1,10776.0,1,12251.0,1,9422.0,1,6259.0,1,6648.0,1,0.0,1,0.0,7674.423,7531.636,-2798.0
985,2015-05-07,8262.0,790.0,1.0,1.0,0,0.0,4.0,0.7765239,-0.63008785,0.5,-0.8660254,2,0,0,1,8471.0,1,7978.0,1,0.0,1,10714.0,1,8954.0,1,6060.0,1,10096.0,1,10269.0,7993.0537,7740.384,493.0
985,2015-05-08,8819.0,785.0,1.0,1.0,0,0.0,5.0,0.7765239,-0.63008785,0.5,-0.8660254,2,0,0,1,8262.0,1,8471.0,1,10776.0,1,13340.0,1,0.0,1,5436.0,1,8345.0,1,8919.0,8100.6323,7856.2983,-209.0
985,2015-05-09,9754.0,923.0,1.0,0.0,0,0.0,6.0,0.7765239,-0.63008785,0.5,-0.8660254,2,0,0,1,8819.0,1,8262.0,1,7978.0,1,0.0,1,11032.0,1,6665.0,1,8112.0,1,8342.0,8387.9795,8070.232,557.0
985,2015-05-10,0.0,0.0,0.0,0.0,0,0.0,7.0,0.7765239,-0.63008785,0.5,-0.8660254,2,0,0,1,9754.0,1,8819.0,1,8471.0,1,12251.0,1,9422.0,1,6259.0,1,8732.0,1,8817.0,8934.388,8444.402,935.0
985,2015-05-11,7176.0,704.0,1.0,0.0,0,0.0,1.0,0.696551,-0.71750724,0.5,-0.8660254,2,0,0,1,0.0,1,9754.0,1,8262.0,1,0.0,1,10714.0,1,8954.0,1,9832.0,1,9117.0,5360.6323,6567.8687,-9754.0
985,2015-05-12,6446.0,647.0,1.0,0.0,0,0.0,2.0,0.696551,-0.71750724,0.5,-0.8660254,2,0,0,1,7176.0,1,0.0,1,8819.0,1,10776.0,1,13340.0,1,0.0,1,8464.0,1,8705.0,6086.7793,6703.0093,7176.0
985,2015-05-13,8293.0,812.0,1.0,0.0,0,0.0,3.0,0.696551,-0.71750724,0.5,-0.8660254,2,0,0,1,6446.0,1,7176.0,1,9754.0,1,7978.0,1,0.0,1,11032.0,1,0.0,1,0.0,6230.468,6645.896,-730.0
985,2015-05-14,0.0,0.0,0.0,0.0,1,0.0,4.0,0.696551,-0.71750724,0.5,-0.8660254,2,0,0,1,8293.0,1,6446.0,1,0.0,1,8471.0,1,12251.0,1,9422.0,1,6648.0,1,7759.0,7055.4805,7011.919,1847.0
985,2015-05-15,10408.0,943.0,1.0,0.0,0,0.0,5.0,0.696551,-0.71750724,0.5,-0.8660254,2,0,0,1,0.0,1,8293.0,1,7176.0,1,8262.0,1,0.0,1,10714.0,1,6060.0,1,5671.0,4233.2886,5453.715,-8293.0
985,2015-05-16,7546.0,735.0,1.0,0.0,0,0.0,6.0,0.696551,-0.71750724,0.5,-0.8660254,2,0,0,1,10408.0,1,0.0,1,6446.0,1,8819.0,1,10776.0,1,13340.0,1,5436.0,1,6972.0,6703.173,6554.667,10408.0
985,2015-05-17,0.0,0.0,0.0,0.0,0,0.0,7.0,0.696551,-0.71750724,0.5,-0.8660254,2,0,0,1,7546.0,1,10408.0,1,8293.0,1,9754.0,1,7978.0,1,0.0,1,6665.0,1,7769.0,7040.3037,6774.9634,-2862.0
985,2015-05-18,10365.0,827.0,1.0,1.0,0,0.0,1.0,0.60680014,-0.79485446,0.5,-0.8660254,2,0,0,1,0.0,1,7546.0,1,0.0,1,0.0,1,8471.0,1,12251.0,1,6259.0,1,7694.0,4224.182,5269.416,-7546.0
985,2015-05-19,8509.0,746.0,1.0,1.0,0,0.0,2.0,0.60680014,-0.79485446,0.5,-0.8660254,2,0,0,1,10365.0,1,0.0,1,10408.0,1,7176.0,1,8262.0,1,0.0,1,8954.0,1,9661.0,6680.5093,6401.768,10365.0
985,2015-05-20,8870.0,788.0,1.0,1.0,0,0.0,3.0,0.60680014,-0.79485446,0.5,-0.8660254,2,0,0,1,8509.0,1,10365.0,1,7546.0,1,6446.0,1,8819.0,1,10776.0,1,0.0,1,0.0,7411.906,6870.0415,-1856.0
985,2015-05-21,7960.0,741.0,1.0,1.0,0,0.0,4.0,0.60680014,-0.79485446,0.5,-0.8660254,2,0,0,1,8870.0,1,8509.0,1,0.0,1,8293.0,1,9754.0,1,7978.0,1,11032.0,1,16253.0,7995.1436,7314.477,361.0
985,2015-05-22,9483.0,810.0,1.0,1.0,0,0.0,5.0,0.60680014,-0.79485446,0.5,-0.8660254,2,0,0,1,7960.0,1,8870.0,1,10365.0,1,0.0,1,0.0,1,8471.0,1,9422.0,1,15387.0,7981.086,7457.9263,-910.0
985,2015-05-23,8853.0,869.0,1.0,0.0,0,0.0,6.0,0.60680014,-0.79485446,0.5,-0.8660254,2,0,0,1,9483.0,1,7960.0,1,8509.0,1,10408.0,1,7176.0,1,8262.0,1,10714.0,1,10515.0,8581.852,7907.943,1523.0
985,2015-05-24,0.0,0.0,0.0,0.0,0,0.0,7.0,0.60680014,-0.79485446,0.5,-0.8660254,2,0,0,1,8853.0,1,9483.0,1,8870.0,1,7546.0,1,6446.0,1,8819.0,1,13340.0,1,12091.0,8690.311,8117.9556,-630.0
985,2015-05-25,0.0,0.0,0.0,0.0,1,0.0,1.0,0.5085311,-0.86104363,0.5,-0.8660254,2,0,0,1,0.0,1,8853.0,1,7960.0,1,0.0,1,8293.0,1,9754.0,1,0.0,1,0.0,5214.1865,6313.9653,-8853.0
985,2015-05-26,8204.0,767.0,1.0,0.0,0,1.0,2.0,0.5085311,-0.86104363,0.5,-0.8660254,2,0,0,1,0.0,1,0.0,1,9483.0,1,10365.0,1,0.0,1,0.0,1,12251.0,1,17039.0,3128.512,4910.862,0.0
985,2015-05-27,6936.0,671.0,1.0,0.0,0,1.0,3.0,0.5085311,-0.86104363,0.5,-0.8660254,2,0,0,1,8204.0,1,0.0,1,8853.0,1,8509.0,1,10408.0,1,7176.0,1,0.0,1,0.0,5158.707,5642.6704,8204.0
985,2015-05-28,6558.0,636.0,1.0,0.0,0,1.0,4.0,0.5085311,-0.86104363,0.5,-0.8660254,2,0,0,1,6936.0,1,8204.0,1,0.0,1,8870.0,1,7546.0,1,6446.0,1,10776.0,1,0.0,5869.6245,5930.077,-1268.0
985,2015-05-29,8978.0,791.0,1.0,0.0,0,1.0,5.0,0.5085311,-0.86104363,0.5,-0.8660254,2,0,0,1,6558.0,1,6936.0,1,0.0,1,7960.0,1,0.0,1,8293.0,1,7978.0,1,7740.0,6144.9746,6069.615,-378.0
985,2015-05-30,9916.0,907.0,1.0,0.0,0,0.0,6.0,0.5085311,-0.86104363,0.5,-0.8660254,2,0,0,1,8978.0,1,6558.0,1,8204.0,1,9483.0,1,10365.0,1,0.0,1,8471.0,1,7197.0,7278.1846,6715.9233,2420.0
985,2015-05-31,0.0,0.0,0.0,0.0,0,0.0,7.0,0.5085311,-0.86104363,0.5,-0.8660254,2,0,1,1,9916.0,1,8978.0,1,6936.0,1,8853.0,1,8509.0,1,10408.0,1,8262.0,1,6736.0,8333.311,7427.0513,938.0
985,2015-06-01,11522.0,890.0,1.0,1.0,0,1.0,1.0,0.40312344,-0.91514564,1.2246469e-16,-1.0,2,1,0,1,0.0,1,9916.0,1,6558.0,1,0.0,1,8870.0,1,7546.0,1,8819.0,1,7182.0,4999.9863,5776.5957,-9916.0
985,2015-06-02,10032.0,785.0,1.0,1.0,0,1.0,2.0,0.40312344,-0.91514564,1.2246469e-16,-1.0,2,0,0,1,11522.0,1,0.0,1,8978.0,1,0.0,1,7960.0,1,0.0,1,9754.0,1,9374.0,7608.792,7053.352,11522.0
985,2015-06-03,8899.0,855.0,1.0,1.0,0,1.0,3.0,0.40312344,-0.91514564,1.2246469e-16,-1.0,2,0,0,1,10032.0,1,11522.0,1,9916.0,1,8204.0,1,9483.0,1,10365.0,1,0.0,1,0.0,8578.075,7715.274,-1490.0
985,2015-06-04,0.0,0.0,0.0,1.0,1,1.0,4.0,0.40312344,-0.91514564,1.2246469e-16,-1.0,2,0,0,1,8899.0,1,10032.0,1,0.0,1,6936.0,1,8853.0,1,8509.0,1,7176.0,1,10096.0,8706.445,7978.324,-1133.0
985,2015-06-05,11408.0,979.0,1.0,1.0,0,1.0,5.0,0.40312344,-0.91514564,1.2246469e-16,-1.0,2,0,0,1,0.0,1,8899.0,1,11522.0,1,6558.0,1,0.0,1,8870.0,1,6446.0,1,8345.0,5223.867,6205.3633,-8899.0
985,2015-06-06,7765.0,744.0,1.0,0.0,0,0.0,6.0,0.40312344,-0.91514564,1.2246469e-16,-1.0,2,0,0,1,11408.0,1,0.0,1,10032.0,1,8978.0,1,0.0,1,7960.0,1,8293.0,1,8112.0,7697.52,7361.505,11408.0
985,2015-06-07,0.0,0.0,0.0,0.0,0,0.0,7.0,0.40312344,-0.91514564,1.2246469e-16,-1.0,2,0,0,1,7765.0,1,11408.0,1,8899.0,1,9916.0,1,8204.0,1,9483.0,1,0.0,1,8732.0,7724.512,7451.1704,-3643.0
985,2015-06-08,8054.0,755.0,1.0,0.0,0,0.0,1.0,0.29205677,-0.956401,1.2246469e-16,-1.0,2,0,0,1,0.0,1,7765.0,1,0.0,1,0.0,1,6936.0,1,8853.0,1,10408.0,1,9832.0,4634.7075,5795.3545,-7765.0
985,2015-06-09,7387.0,667.0,1.0,0.0,0,0.0,2.0,0.29205677,-0.956401,1.2246469e-16,-1.0,2,0,0,1,8054.0,1,0.0,1,11408.0,1,11522.0,1,6558.0,1,0.0,1,7546.0,1,8464.0,6002.4243,6297.276,8054.0
985,2015-06-10,7407.0,680.0,1.0,0.0,0,0.0,3.0,0.29205677,-0.956401,1.2246469e-16,-1.0,2,0,0,1,7387.0,1,8054.0,1,7765.0,1,10032.0,1,8978.0,1,0.0,1,0.0,1,0.0,6556.2544,6539.437,-667.0
985,2015-06-11,6789.0,666.0,1.0,0.0,0,0.0,4.0,0.29205677,-0.956401,1.2246469e-16,-1.0,2,0,0,1,7407.0,1,7387.0,1,0.0,1,8899.0,1,9916.0,1,8204.0,1,10365.0,1,6648.0,6896.5527,6732.2285,20.0
985,2015-06-12,5788.0,628.0,1.0,0.0,0,0.0,5.0,0.29205677,-0.956401,1.2246469e-16,-1.0,2,0,0,1,6789.0,1,7407.0,1,8054.0,1,0.0,1,0.0,1,6936.0,1,8509.0,1,6060.0,6853.5317,6744.844,-618.0
985,2015-06-13,8433.0,787.0,1.0,0.0,0,0.0,6.0,0.29205677,-0.956401,1.2246469e-16,-1.0,2,0,0,1,5788.0,1,6789.0,1,7387.0,1,11408.0,1,11522.0,1,6558.0,1,8870.0,1,5436.0,6427.319,6532.2124,-1001.0
985,2015-06-14,0.0,0.0,0.0,0.0,0,0.0,7.0,0.29205677,-0.956401,1.2246469e-16,-1.0,2,0,0,1,8433.0,1,5788.0,1,7407.0,1,7765.0,1,10032.0,1,8978.0,1,7960.0,1,6665.0,7229.5913,6954.61,2645.0
985,2015-06-15,11608.0,962.0,1.0,1.0,0,0.0,1.0,0.17689027,-0.9842306,1.2246469e-16,-1.0,2,0,0,1,0.0,1,8433.0,1,6789.0,1,0.0,1,8899.0,1,9916.0,1,9483.0,1,6259.0,4337.755,5409.1406,-8433.0
985,2015-06-16,8743.0,759.0,1.0,1.0,0,0.0,2.0,0.17689027,-0.9842306,1.2246469e-16,-1.0,2,0,0,1,11608.0,1,0.0,1,5788.0,1,8054.0,1,0.0,1,0.0,1,8853.0,1,8954.0,7245.853,6786.665,11608.0
985,2015-06-17,8615.0,724.0,1.0,1.0,0,0.0,3.0,0.17689027,-0.9842306,1.2246469e-16,-1.0,2,0,0,1,8743.0,1,11608.0,1,8433.0,1,7387.0,1,11408.0,1,11522.0,1,0.0,1,0.0,7844.712,7221.4062,-2865.0
985,2015-06-18,8825.0,775.0,1.0,1.0,0,0.0,4.0,0.17689027,-0.9842306,1.2246469e-16,-1.0,2,0,0,1,8615.0,1,8743.0,1,0.0,1,7407.0,1,7765.0,1,10032.0,1,0.0,1,11032.0,8152.827,7531.0938,-128.0
985,2015-06-19,9854.0,834.0,1.0,1.0,0,0.0,5.0,0.17689027,-0.9842306,1.2246469e-16,-1.0,2,0,0,1,8825.0,1,8615.0,1,11608.0,1,6789.0,1,0.0,1,8899.0,1,8204.0,1,9422.0,8421.696,7818.6284,210.0
985,2015-06-20,8471.0,839.0,1.0,0.0,0,0.0,6.0,0.17689027,-0.9842306,1.2246469e-16,-1.0,2,0,0,1,9854.0,1,8825.0,1,8743.0,1,5788.0,1,8054.0,1,0.0,1,6936.0,1,10714.0,8994.618,8270.934,1029.0
985,2015-06-21,0.0,0.0,0.0,0.0,0,0.0,7.0,0.17689027,-0.9842306,1.2246469e-16,-1.0,2,0,0,1,8471.0,1,9854.0,1,8615.0,1,8433.0,1,7387.0,1,11408.0,1,6558.0,1,13340.0,8785.171,8315.393,-1383.0
985,2015-06-22,7208.0,716.0,1.0,0.0,0,0.0,1.0,0.059240628,-0.99824375,1.2246469e-16,-1.0,2,0,0,1,0.0,1,8471.0,1,8825.0,1,0.0,1,7407.0,1,7765.0,1,8978.0,1,0.0,5271.1025,6467.5273,-8471.0
985,2015-06-23,6546.0,658.0,1.0,0.0,0,0.0,2.0,0.059240628,-0.99824375,1.2246469e-16,-1.0,2,0,0,1,7208.0,1,0.0,1,9854.0,1,11608.0,1,6789.0,1,0.0,1,9916.0,1,12251.0,6045.8613,6632.077,7208.0
985,2015-06-24,6423.0,654.0,1.0,0.0,0,0.0,3.0,0.059240628,-0.99824375,1.2246469e-16,-1.0,2,0,0,1,6546.0,1,7208.0,1,8471.0,1,8743.0,1,5788.0,1,8054.0,1,0.0,1,0.0,6245.917,6612.9487,-662.0
985,2015-06-25,6191.0,644.0,1.0,0.0,0,0.0,4.0,0.059240628,-0.99824375,1.2246469e-16,-1.0,2,0,0,1,6423.0,1,6546.0,1,0.0,1,8615.0,1,8433.0,1,7387.0,1,11522.0,1,10776.0,6316.75,6570.738,-123.0
985,2015-06-26,6476.0,672.0,1.0,0.0,0,0.0,5.0,0.059240628,-0.99824375,1.2246469e-16,-1.0,2,0,0,1,6191.0,1,6423.0,1,7208.0,1,8825.0,1,0.0,1,7407.0,1,10032.0,1,7978.0,6266.45,6486.3516,-232.0
985,2015-06-27,8770.0,806.0,1.0,0.0,0,0.0,6.0,0.059240628,-0.99824375,1.2246469e-16,-1.0,2,0,0,1,6476.0,1,6191.0,1,6546.0,1,9854.0,1,11608.0,1,6789.0,1,8899.0,1,8471.0,6350.27,6484.0513,285.0
985,2015-06-28,0.0,0.0,0.0,0.0,0,0.0,7.0,0.059240628,-0.99824375,1.2246469e-16,-1.0,2,0,0,1,8770.0,1,6476.0,1,6423.0,1,8471.0,1,8743.0,1,5788.0,1,0.0,1,8262.0,7318.162,6992.04,2294.0
985,2015-06-29,13128.0,957.0,1.0,1.0,0,0.0,1.0,-0.059240628,-0.99824375,1.2246469e-16,-1.0,2,0,0,1,0.0,1,8770.0,1,6191.0,1,0.0,1,8615.0,1,8433.0,1,11408.0,1,8819.0,4390.897,5438.2534,-8770.0
985,2015-06-30,13308.0,952.0,1.0,1.0,0,0.0,2.0,-0.059240628,-0.99824375,1.2246469e-16,-1.0,2,0,1,1,13128.0,1,0.0,1,6476.0,1,7208.0,1,8825.0,1,0.0,1,7765.0,1,9754.0,7885.7383,7147.086,13128.0
985,2015-07-01,7795.0,701.0,1.0,1.0,0,0.0,3.0,-0.059240628,-0.99824375,-0.5,-0.8660254,3,1,0,1,13308.0,1,13128.0,1,8770.0,1,6546.0,1,9854.0,1,11608.0,1,0.0,1,0.0,10054.643,8516.178,180.0
985,2015-07-02,7595.0,743.0,1.0,1.0,0,0.0,4.0,-0.059240628,-0.99824375,-0.5,-0.8660254,3,0,0,1,7795.0,1,13308.0,1,0.0,1,6423.0,1,8471.0,1,8743.0,1,8054.0,1,7176.0,9150.786,8355.916,-5513.0
985,2015-07-03,7787.0,705.0,1.0,1.0,0,0.0,5.0,-0.059240628,-0.99824375,-0.5,-0.8660254,3,0,0,1,7595.0,1,7795.0,1,13128.0,1,6191.0,1,0.0,1,8615.0,1,7387.0,1,6446.0,8528.472,8186.8237,-200.0
985,2015-07-04,7133.0,749.0,1.0,0.0,0,0.0,6.0,-0.059240628,-0.99824375,-0.5,-0.8660254,3,0,0,1,7787.0,1,7595.0,1,13308.0,1,6476.0,1,7208.0,1,8825.0,1,7407.0,1,8293.0,8231.883,8097.974,192.0
985,2015-07-05,0.0,0.0,0.0,0.0,0,0.0,7.0,-0.059240628,-0.99824375,-0.5,-0.8660254,3,0,0,1,7133.0,1,7787.0,1,7795.0,1,8770.0,1,6546.0,1,9854.0,1,6789.0,1,0.0,7792.3296,7883.535,-654.0
985,2015-07-06,7369.0,724.0,1.0,0.0,0,0.0,1.0,-0.17689027,-0.9842306,-0.5,-0.8660254,3,0,0,1,0.0,1,7133.0,1,7595.0,1,0.0,1,6423.0,1,8471.0,1,5788.0,1,10408.0,4675.398,6131.6387,-7133.0
985,2015-07-07,5480.0,606.0,1.0,0.0,0,0.0,2.0,-0.17689027,-0.9842306,-0.5,-0.8660254,3,0,0,1,7369.0,1,0.0,1,7787.0,1,13128.0,1,6191.0,1,0.0,1,8433.0,1,7546.0,5752.839,6406.608,7369.0
985,2015-07-08,6988.0,698.0,1.0,0.0,0,0.0,3.0,-0.17689027,-0.9842306,-0.5,-0.8660254,3,0,0,1,5480.0,1,7369.0,1,7133.0,1,13308.0,1,6476.0,1,7208.0,1,0.0,1,0.0,5643.703,6200.695,-1889.0
985,2015-07-09,7383.0,726.0,1.0,0.0,0,0.0,4.0,-0.17689027,-0.9842306,-0.5,-0.8660254,3,0,0,1,6988.0,1,5480.0,1,0.0,1,7795.0,1,8770.0,1,6546.0,1,11608.0,1,10365.0,6181.422,6375.652,1508.0
985,2015-07-10,7444.0,740.0,1.0,0.0,0,0.0,5.0,-0.17689027,-0.9842306,-0.5,-0.8660254,3,0,0,1,7383.0,1,6988.0,1,7369.0,1,7595.0,1,0.0,1,6423.0,1,8743.0,1,8509.0,6662.053,6599.507,395.0
985,2015-07-11,8525.0,871.0,1.0,0.0,0,0.0,6.0,-0.17689027,-0.9842306,-0.5,-0.8660254,3,0,0,1,7444.0,1,7383.0,1,5480.0,1,7787.0,1,13128.0,1,6191.0,1,8615.0,1,8870.0,6974.832,6787.172,61.0
985,2015-07-12,0.0,0.0,0.0,0.0,0,0.0,7.0,-0.17689027,-0.9842306,-0.5,-0.8660254,3,0,0,1,8525.0,1,7444.0,1,6988.0,1,7133.0,1,13308.0,1,6476.0,1,8825.0,1,7960.0,7594.899,7173.356,1081.0
985,2015-07-13,12171.0,974.0,1.0,1.0,0,0.0,1.0,-0.29205677,-0.956401,-0.5,-0.8660254,3,0,0,1,0.0,1,8525.0,1,7383.0,1,0.0,1,7795.0,1,8770.0,1,9854.0,1,9483.0,4556.9395,5579.277,-8525.0
985,2015-07-14,10516.0,831.0,1.0,1.0,0,0.0,2.0,-0.29205677,-0.956401,-0.5,-0.8660254,3,0,0,1,12171.0,1,0.0,1,7444.0,1,7369.0,1,7595.0,1,0.0,1,8471.0,1,8853.0,7602.5635,7044.104,12171.0
985,2015-07-15,9273.0,775.0,1.0,1.0,0,0.0,3.0,-0.29205677,-0.956401,-0.5,-0.8660254,3,0,0,1,10516.0,1,12171.0,1,8525.0,1,5480.0,1,7787.0,1,13128.0,1,0.0,1,0.0,8767.938,7815.6367,-1655.0
985,2015-07-16,9752.0,825.0,1.0,1.0,0,0.0,4.0,-0.29205677,-0.956401,-0.5,-0.8660254,3,0,0,1,9273.0,1,10516.0,1,0.0,1,6988.0,1,7133.0,1,13308.0,1,7208.0,1,0.0,8969.963,8139.495,-1243.0
985,2015-07-17,9102.0,798.0,1.0,1.0,0,0.0,5.0,-0.29205677,-0.956401,-0.5,-0.8660254,3,0,0,1,9752.0,1,9273.0,1,12171.0,1,7383.0,1,0.0,1,7795.0,1,6546.0,1,8204.0,9282.777,8497.829,479.0
985,2015-07-18,8947.0,834.0,1.0,0.0,0,0.0,6.0,-0.29205677,-0.956401,-0.5,-0.8660254,3,0,0,1,9102.0,1,9752.0,1,10516.0,1,7444.0,1,7369.0,1,7595.0,1,6423.0,1,6936.0,9210.467,8632.09,-650.0
985,2015-07-19,0.0,0.0,0.0,0.0,0,0.0,7.0,-0.29205677,-0.956401,-0.5,-0.8660254,3,0,0,1,8947.0,1,9102.0,1,9273.0,1,8525.0,1,5480.0,1,7787.0,1,6191.0,1,6558.0,9105.08,8702.069,-155.0
985,2015-07-20,6985.0,747.0,1.0,0.0,0,0.0,1.0,-0.40312344,-0.91514564,-0.5,-0.8660254,3,0,0,1,0.0,1,8947.0,1,9752.0,1,0.0,1,6988.0,1,7133.0,1,6476.0,1,8978.0,5463.048,6768.2764,-8947.0
985,2015-07-21,6306.0,649.0,1.0,0.0,0,0.0,2.0,-0.40312344,-0.91514564,-0.5,-0.8660254,3,0,0,1,6985.0,1,0.0,1,9102.0,1,12171.0,1,7383.0,1,0.0,1,8770.0,1,9916.0,6071.8286,6816.437,6985.0
985,2015-07-22,6683.0,641.0,1.0,0.0,0,0.0,3.0,-0.40312344,-0.91514564,-0.5,-0.8660254,3,0,0,1,6306.0,1,6985.0,1,8947.0,1,10516.0,1,7444.0,1,7369.0,1,0.0,1,0.0,6165.497,6703.007,-679.0
985,2015-07-23,7881.0,764.0,1.0,0.0,0,0.0,4.0,-0.40312344,-0.91514564,-0.5,-0.8660254,3,0,0,1,6683.0,1,6306.0,1,0.0,1,9273.0,1,8525.0,1,5480.0,1,13128.0,1,11522.0,6372.4985,6698.561,377.0
985,2015-07-24,6668.0,678.0,1.0,0.0,0,0.0,5.0,-0.40312344,-0.91514564,-0.5,-0.8660254,3,0,0,1,7881.0,1,6683.0,1,6985.0,1,9752.0,1,0.0,1,6988.0,1,13308.0,1,10032.0,6975.899,6961.325,1198.0
985,2015-07-25,9368.0,901.0,1.0,0.0,0,0.0,6.0,-0.40312344,-0.91514564,-0.5,-0.8660254,3,0,0,1,6668.0,1,7881.0,1,6306.0,1,9102.0,1,12171.0,1,7383.0,1,7795.0,1,8899.0,6852.7393,6896.1416,-1213.0
985,2015-07-26,0.0,0.0,0.0,0.0,0,0.0,7.0,-0.40312344,-0.91514564,-0.5,-0.8660254,3,0,0,1,9368.0,1,6668.0,1,6683.0,1,8947.0,1,10516.0,1,7444.0,1,7595.0,1,0.0,7858.8438,7445.4434,2700.0
985,2015-07-27,12118.0,998.0,1.0,1.0,0,0.0,1.0,-0.5085311,-0.86104363,-0.5,-0.8660254,3,0,0,1,0.0,1,9368.0,1,7881.0,1,0.0,1,9273.0,1,8525.0,1,7787.0,1,11408.0,4715.306,5790.9004,-9368.0
985,2015-07-28,10412.0,842.0,1.0,1.0,0,0.0,2.0,-0.5085311,-0.86104363,-0.5,-0.8660254,3,0,0,1,12118.0,1,0.0,1,6668.0,1,6985.0,1,9752.0,1,0.0,1,7133.0,1,7765.0,7676.384,7196.923,12118.0
985,2015-07-29,10186.0,862.0,1.0,1.0,0,0.0,3.0,-0.5085311,-0.86104363,-0.5,-0.8660254,3,0,0,1,10412.0,1,12118.0,1,9368.0,1,6306.0,1,9102.0,1,12171.0,1,0.0,1,0.0,8770.63,7911.3843,-1706.0
985,2015-07-30,10849.0,859.0,1.0,1.0,0,1.0,4.0,-0.5085311,-0.86104363,-0.5,-0.8660254,3,0,0,1,10186.0,1,10412.0,1,0.0,1,6683.0,1,8947.0,1,10516.0,1,7369.0,1,8054.0,9336.778,8416.8545,-226.0
985,2015-07-31,11053.0,881.0,1.0,1.0,0,1.0,5.0,-0.5085311,-0.86104363,-0.5,-0.8660254,3,0,1,1,10849.0,1,10186.0,1,12118.0,1,7881.0,1,0.0,1,9273.0,1,5480.0,1,7387.0,9941.667,8957.331,663.0
