id,timestamp,target,Customers,Open,Promo,StateHoliday,SchoolHoliday,DayOfWeek,week_sin,week_cos,month_sin,month_cos,quarter,is_month_start,is_month_end,lag_1_known,lag_1,lag_2_known,lag_2,lag_4_known,lag_4,lag_8_known,lag_8,lag_12_known,lag_12,lag_16_known,lag_16,lag_24_known,lag_24,lag_52_known,lag_52,ema_4,ema_8,chg_1
206,2013-01-01,0.0,0.0,0.0,0.0,1,1.0,2.0,0.11827317,0.9929811,0.5,0.8660254,1,1,0,0,0.0,0,0.0,0,0.0,0,0.0,0,0.0,0,0.0,0,0.0,0,0.0,0.0,0.0,0.0
206,2013-01-02,3423.0,421.0,1.0,0.0,0,1.0,3.0,0.11827317,0.9929811,0.5,0.8660254,1,0,0,1,0.0,0,0.0,0,0.0,0,0.0,0,0.0,0,0.0,0,0.0,0,0.0,0.0,0.0,0.0
206,2013-01-03,3175.0,458.0,1.0,0.0,0,1.0,4.0,0.11827317,0.9929811,0.5,0.8660254,1,0,0,1,3423.0,1,0.0,0,0.0,0,0.0,0,0.0,0,0.0,0,0.0,0,0.0,1369.2,760.6667,3423.0
206,2013-01-04,4708.0,498.0,1.0,0.0,0,1.0,5.0,0.11827317,0.9929811,0.5,0.8660254,1,0,0,1,3175.0,1,3423.0,0,0.0,0,0.0,0,0.0,0,0.0,0,0.0,0,0.0,2091.52,1297.1852,-248.0
206,2013-01-05,3173.0,377.0,1.0,0.0,0,0.0,6.0,0.11827317,0.9929811,0.5,0.8660254,1,0,0,1,4708.0,1,3175.0,1,0.0,0,0.0,0,0.0,0,0.0,0,0.0,0,0.0,3138.112,2055.144,1533.0
206,2013-01-06,0.0,0.0,0.0,0.0,0,0.0,7.0,0.11827317,0.9929811,0.5,0.8660254,1,0,0,1,3173.0,1,4708.0,1,3423.0,0,0.0,0,0.0,0,0.0,0,0.0,0,0.0,3152.0671,2303.5564,-1535.0
206,2013-01-07,7749.0,817.0,1.0,1.0,0,0.0,1.0,0.23488605,0.9720229,0.5,0.8660254,1,0,0,1,0.0,1,3173.0,1,3175.0,0,0.0,0,0.0,0,0.0,0,0.0,0,0.0,1891.2404,1791.655,-3173.0
206,2013-01-08,6338.0,652.0,1.0,1.0,0,0.0,2.0,0.23488605,0.9720229,0.5,0.8660254,1,0,0,1,7749.0,1,0.0,1,4708.0,0,0.0,0,0.0,0,0.0,0,0.0,0,0.0,4234.344,3115.5095,7749.0
206,2013-01-09,4738.0,523.0,1.0,1.0,0,0.0,3.0,0.23488605,0.9720229,0.5,0.8660254,1,0,0,1,6338.0,1,7749.0,1,3173.0,1,0.0,0,0.0,0,0.0,0,0.0,0,0.0,5075.8066,3831.6184,-1411.0
206,2013-01-10,5640.0,638.0,1.0,1.0,0,0.0,4.0,0.23488605,0.9720229,0.5,0.8660254,1,0,0,1,4738.0,1,6338.0,1,0.0,1,3423.0,0,0.0,0,0.0,0,0.0,0,0.0,4940.684,4033.0366,-1600.0
206,2013-01-11,5952.0,668.0,1.0,1.0,0,0.0,5.0,0.23488605,0.9720229,0.5,0.8660254,1,0,0,1,5640.0,1,4738.0,1,7749.0,1,3175.0,0,0.0,0,0.0,0,0.0,0,0.0,5220.41,4390.1396,902.0
206,2013-01-12,3758.0,423.0,1.0,0.0,0,0.0,6.0,0.23488605,0.9720229,0.5,0.8660254,1,0,0,1,5952.0,1,5640.0,1,6338.0,1,4708.0,0,0.0,0,0.0,0,0.0,0,0.0,5513.0464,4737.2197,312.0
206,2013-01-13,0.0,0.0,0.0,0.0,0,0.0,7.0,0.23488605,0.9720229,0.5,0.8660254,1,0,0,1,3758.0,1,5952.0,1,4738.0,1,3173.0,1,0.0,0,0.0,0,0.0,0,0.0,4811.028,4519.615,-2194.0
206,2013-01-14,3302.0,444.0,1.0,0.0,0,0.0,1.0,0.34820163,0.93741965,0.5,0.8660254,1,0,0,1,0.0,1,3758.0,1,5640.0,1,0.0,1,3423.0,0,0.0,0,0.0,0,0.0,2886.6167,3515.2563,-3758.0
206,2013-01-15,3538.0,464.0,1.0,0.0,0,0.0,2.0,0.34820163,0.93741965,0.5,0.8660254,1,0,0,1,3302.0,1,0.0,1,5952.0,1,7749.0,1,3175.0,0,0.0,0,0.0,0,0.0,3052.77,3467.866,3302.0
206,2013-01-16,3334.0,418.0,1.0,0.0,0,0.0,3.0,0.34820163,0.93741965,0.5,0.8660254,1,0,0,1,3538.0,1,3302.0,1,3758.0,1,6338.0,1,4708.0,0,0.0,0,0.0,0,0.0,3246.862,3483.4514,236.0
206,2013-01-17,4263.0,495.0,1.0,0.0,0,0.0,4.0,0.34820163,0.93741965,0.5,0.8660254,1,0,0,1,3334.0,1,3538.0,1,0.0,1,4738.0,1,3173.0,1,0.0,0,0.0,0,0.0,3281.7173,3450.24,-204.0
206,2013-01-18,4195.0,491.0,1.0,0.0,0,0.0,5.0,0.34820163,0.93741965,0.5,0.8660254,1,0,0,1,4263.0,1,3334.0,1,3302.0,1,5640.0,1,0.0,1,3423.0,0,0.0,0,0.0,3674.2302,3630.8533,929.0
206,2013-01-19,3437.0,367.0,1.0,0.0,0,0.0,6.0,0.34820163,0.93741965,0.5,0.8660254,1,0,0,1,4195.0,1,4263.0,1,3538.0,1,5952.0,1,7749.0,1,3175.0,0,0.0,0,0.0,3882.538,3756.2192,-68.0
206,2013-01-20,0.0,0.0,0.0,0.0,0,0.0,7.0,0.34820163,0.93741965,0.5,0.8660254,1,0,0,1,3437.0,1,4195.0,1,3334.0,1,3758.0,1,6338.0,1,4708.0,0,0.0,0,0.0,3704.323,3685.2817,-758.0
206,2013-01-21,5309.0,560.0,1.0,1.0,0,0.0,1.0,0.45662925,0.8896571,0.5,0.8660254,1,0,0,1,0.0,1,3437.0,1,4263.0,1,0.0,1,4738.0,1,3173.0,0,0.0,0,0.0,2222.5938,2866.33,-3437.0
206,2013-01-22,6248.0,673.0,1.0,1.0,0,0.0,2.0,0.45662925,0.8896571,0.5,0.8660254,1,0,0,1,5309.0,1,0.0,1,4195.0,1,3302.0,1,5640.0,1,0.0,0,0.0,0,0.0,3457.1562,3409.1458,5309.0
206,2013-01-23,5510.0,565.0,1.0,1.0,0,0.0,3.0,0.45662925,0.8896571,0.5,0.8660254,1,0,0,1,6248.0,1,5309.0,1,3437.0,1,3538.0,1,5952.0,1,7749.0,0,0.0,0,0.0,4573.4937,4040.0022,939.0
206,2013-01-24,5074.0,613.0,1.0,1.0,0,0.0,4.0,0.45662925,0.8896571,0.5,0.8660254,1,0,0,1,5510.0,1,6248.0,1,0.0,1,3334.0,1,3758.0,1,6338.0,0,0.0,0,0.0,4948.096,4366.6685,-738.0
206,2013-01-25,4717.0,549.0,1.0,1.0,0,0.0,5.0,0.45662925,0.8896571,0.5,0.8660254,1,0,0,1,5074.0,1,5510.0,1,5309.0,1,4263.0,1,0.0,1,4738.0,1,0.0,0,0.0,4998.4575,4523.853,-436.0
206,2013-01-26,2673.0,329.0,1.0,0.0,0,0.0,6.0,0.45662925,0.8896571,0.5,0.8660254,1,0,0,1,4717.0,1,5074.0,1,6248.0,1,4195.0,1,3302.0,1,5640.0,1,3423.0,0,0.0,4885.8745,4566.775,-357.0
206,2013-01-27,0.0,0.0,0.0,0.0,0,0.0,7.0,0.45662925,0.8896571,0.5,0.8660254,1,0,0,1,2673.0,1,4717.0,1,5510.0,1,3437.0,1,3538.0,1,5952.0,1,3175.0,0,0.0,4000.7249,4145.936,-2044.0
206,2013-01-28,3732.0,538.0,1.0,0.0,0,0.0,1.0,0.55864674,0.82940567,0.5,0.8660254,1,0,0,1,0.0,1,2673.0,1,5074.0,1,0.0,1,3334.0,1,3758.0,1,4708.0,0,0.0,2400.4348,3224.6167,-2673.0
206,2013-01-29,3482.0,490.0,1.0,0.0,0,0.0,2.0,0.55864674,0.82940567,0.5,0.8660254,1,0,0,1,3732.0,1,0.0,1,4717.0,1,5309.0,1,4263.0,1,0.0,1,3173.0,0,0.0,2933.061,3337.3687,3732.0
206,2013-01-30,4994.0,630.0,1.0,0.0,0,0.0,3.0,0.55864674,0.82940567,0.5,0.8660254,1,0,0,1,3482.0,1,3732.0,1,2673.0,1,6248.0,1,4195.0,1,3302.0,1,0.0,0,0.0,3152.6365,3369.509,-250.0
206,2013-01-31,7727.0,913.0,1.0,0.0,0,0.0,4.0,0.55864674,0.82940567,0.5,0.8660254,1,0,1,1,4994.0,1,3482.0,1,0.0,1,5510.0,1,3437.0,1,3538.0,1,7749.0,0,0.0,3889.182,3730.5068,1512.0
206,2013-02-01,6457.0,740.0,1.0,0.0,0,0.0,5.0,0.55864674,0.82940567,0.8660254,0.5,1,1,0,1,7727.0,1,4994.0,1,3732.0,1,5074.0,1,0.0,1,3334.0,1,6338.0,0,0.0,5424.309,4618.6167,2733.0
206,2013-02-02,5230.0,529.0,1.0,0.0,0,0.0,6.0,0.55864674,0.82940567,0.8660254,0.5,1,0,0,1,6457.0,1,7727.0,1,3482.0,1,4717.0,1,5309.0,1,4263.0,1,4738.0,0,0.0,5837.3853,5027.146,-1270.0
206,2013-02-03,0.0,0.0,0.0,0.0,0,0.0,7.0,0.55864674,0.82940567,0.8660254,0.5,1,0,0,1,5230.0,1,6457.0,1,4994.0,1,2673.0,1,6248.0,1,4195.0,1,5640.0,0,0.0,5594.431,5072.2246,-1227.0
206,2013-02-04,8751.0,920.0,1.0,1.0,0,0.0,1.0,0.65282214,0.75751126,0.8660254,0.5,1,0,0,1,0.0,1,5230.0,1,7727.0,1,0.0,1,5510.0,1,3437.0,1,5952.0,0,0.0,3356.6587,3945.0637,-5230.0
206,2013-02-05,7557.0,846.0,1.0,1.0,0,0.0,2.0,0.65282214,0.75751126,0.8660254,0.5,1,0,0,1,8751.0,1,0.0,1,6457.0,1,3732.0,1,5074.0,1,0.0,1,3758.0,0,0.0,5514.3955,5013.05,8751.0
206,2013-02-06,6203.0,702.0,1.0,1.0,0,0.0,3.0,0.65282214,0.75751126,0.8660254,0.5,1,0,0,1,7557.0,1,8751.0,1,5230.0,1,3482.0,1,4717.0,1,5309.0,1,0.0,0,0.0,6331.437,5578.372,-1194.0
206,2013-02-07,7431.0,938.0,1.0,1.0,0,0.0,4.0,0.65282214,0.75751126,0.8660254,0.5,1,0,0,1,6203.0,1,7557.0,1,0.0,1,4994.0,1,2673.0,1,6248.0,1,3302.0,0,0.0,6280.0625,5717.178,-1354.0
206,2013-02-08,6686.0,794.0,1.0,1.0,0,0.0,5.0,0.65282214,0.75751126,0.8660254,0.5,1,0,0,1,7431.0,1,6203.0,1,8751.0,1,7727.0,1,0.0,1,5510.0,1,3538.0,0,0.0,6740.4375,6098.0273,1228.0
206,2013-02-09,4221.0,512.0,1.0,0.0,0,0.0,6.0,0.65282214,0.75751126,0.8660254,0.5,1,0,0,1,6686.0,1,7431.0,1,7557.0,1,6457.0,1,3732.0,1,5074.0,1,3334.0,0,0.0,6718.6626,6228.688,-745.0
206,2013-02-10,0.0,0.0,0.0,0.0,0,0.0,7.0,0.65282214,0.75751126,0.8660254,0.5,1,0,0,1,4221.0,1,6686.0,1,6203.0,1,5230.0,1,3482.0,1,4717.0,1,4263.0,0,0.0,5719.5977,5782.535,-2465.0
206,2013-02-11,5002.0,593.0,1.0,0.0,0,0.0,1.0,0.73783326,0.674983,0.8660254,0.5,1,0,0,1,0.0,1,4221.0,1,7431.0,1,0.0,1,4994.0,1,2673.0,1,4195.0,0,0.0,3431.7585,4497.5273,-4221.0
206,2013-02-12,6296.0,784.0,1.0,0.0,0,0.0,2.0,0.73783326,0.674983,0.8660254,0.5,1,0,0,1,5002.0,1,0.0,1,6686.0,1,8751.0,1,7727.0,1,0.0,1,3437.0,0,0.0,4059.855,4609.6323,5002.0
206,2013-02-13,5619.0,756.0,1.0,0.0,0,0.0,3.0,0.73783326,0.674983,0.8660254,0.5,1,0,0,1,6296.0,1,5002.0,1,4221.0,1,7557.0,1,6457.0,1,3732.0,1,0.0,0,0.0,4954.313,4984.381,1294.0
206,2013-02-14,7008.0,896.0,1.0,0.0,0,0.0,4.0,0.73783326,0.674983,0.8660254,0.5,1,0,0,1,5619.0,1,6296.0,1,0.0,1,6203.0,1,5230.0,1,3482.0,1,5309.0,0,0.0,5220.188,5125.407,-677.0
206,2013-02-15,5174.0,678.0,1.0,0.0,0,0.0,5.0,0.73783326,0.674983,0.8660254,0.5,1,0,0,1,7008.0,1,5619.0,1,5002.0,1,7431.0,1,0.0,1,4994.0,1,6248.0,0,0.0,5935.3125,5543.761,1389.0
206,2013-02-16,4088.0,475.0,1.0,0.0,0,0.0,6.0,0.73783326,0.674983,0.8660254,0.5,1,0,0,1,5174.0,1,7008.0,1,6296.0,1,6686.0,1,8751.0,1,7727.0,1,5510.0,0,0.0,5630.7876,5461.592,-1834.0
206,2013-02-17,0.0,0.0,0.0,0.0,0,0.0,7.0,0.73783326,0.674983,0.8660254,0.5,1,0,0,1,4088.0,1,5174.0,1,5619.0,1,4221.0,1,7557.0,1,6457.0,1,5074.0,0,0.0,5013.6724,5156.349,-1086.0
206,2013-02-18,9195.0,1000.0,1.0,1.0,0,0.0,1.0,0.8124869,0.5829795,0.8660254,0.5,1,0,0,1,0.0,1,4088.0,1,7008.0,1,0.0,1,6203.0,1,5230.0,1,4717.0,0,0.0,3008.2036,4010.494,-4088.0
206,2013-02-19,6003.0,732.0,1.0,1.0,0,0.0,2.0,0.8124869,0.5829795,0.8660254,0.5,1,0,0,1,9195.0,1,0.0,1,5174.0,1,5002.0,1,7431.0,1,0.0,1,2673.0,0,0.0,5482.9224,5162.6064,9195.0
206,2013-02-20,6843.0,773.0,1.0,1.0,0,0.0,3.0,0.8124869,0.5829795,0.8660254,0.5,1,0,0,1,6003.0,1,9195.0,1,4088.0,1,6296.0,1,6686.0,1,8751.0,1,0.0,0,0.0,5690.953,5349.3604,-3192.0
206,2013-02-21,7215.0,829.0,1.0,1.0,0,0.0,4.0,0.8124869,0.5829795,0.8660254,0.5,1,0,0,1,6843.0,1,6003.0,1,0.0,1,5619.0,1,4221.0,1,7557.0,1,3732.0,0,0.0,6151.772,5681.2803,840.0
206,2013-02-22,5904.0,716.0,1.0,1.0,0,0.0,5.0,0.8124869,0.5829795,0.8660254,0.5,1,0,0,1,7215.0,1,6843.0,1,9195.0,1,7008.0,1,0.0,1,6203.0,1,3482.0,1,0.0,6577.063,6022.107,372.0
206,2013-02-23,3806.0,457.0,1.0,0.0,0,0.0,6.0,0.8124869,0.5829795,0.8660254,0.5,1,0,0,1,5904.0,1,7215.0,1,6003.0,1,5174.0,1,5002.0,1,7431.0,1,4994.0,1,3423.0,6307.838,5995.861,-1311.0
206,2013-02-24,0.0,0.0,0.0,0.0,0,0.0,7.0,0.8124869,0.5829795,0.8660254,0.5,1,0,0,1,3806.0,1,5904.0,1,6843.0,1,4088.0,1,6296.0,1,6686.0,1,7727.0,1,3175.0,5307.1025,5509.225,-2098.0
206,2013-02-25,4721.0,630.0,1.0,0.0,0,0.0,1.0,0.8757349,0.4827922,0.8660254,0.5,1,0,0,1,0.0,1,3806.0,1,7215.0,1,0.0,1,5619.0,1,4221.0,1,6457.0,1,4708.0,3184.2617,4284.953,-3806.0
206,2013-02-26,5036.0,681.0,1.0,0.0,0,0.0,2.0,0.8757349,0.4827922,0.8660254,0.5,1,0,0,1,4721.0,1,0.0,1,5904.0,1,9195.0,1,7008.0,1,0.0,1,5230.0,1,3173.0,3798.957,4381.852,4721.0
206,2013-02-27,5293.0,694.0,1.0,0.0,0,0.0,3.0,0.8757349,0.4827922,0.8660254,0.5,1,0,0,1,5036.0,1,4721.0,1,3806.0,1,6003.0,1,5174.0,1,5002.0,1,0.0,1,0.0,4293.7744,4527.2183,315.0
206,2013-02-28,7221.0,848.0,1.0,0.0,0,0.0,4.0,0.8757349,0.4827922,0.8660254,0.5,1,0,1,1,5293.0,1,5036.0,1,0.0,1,6843.0,1,4088.0,1,6296.0,1,8751.0,1,7749.0,4693.4644,4697.392,257.0
206,2013-03-01,6950.0,798.0,1.0,0.0,0,0.0,5.0,0.8757349,0.4827922,1.0,6.123234e-17,1,1,0,1,7221.0,1,5293.0,1,4721.0,1,7215.0,1,0.0,1,5619.0,1,7557.0,1,6338.0,5704.4785,5258.194,1928.0
206,2013-03-02,4717.0,498.0,1.0,0.0,0,0.0,6.0,0.8757349,0.4827922,1.0,6.123234e-17,1,0,0,1,6950.0,1,7221.0,1,5036.0,1,5904.0,1,9195.0,1,7008.0,1,6203.0,1,4738.0,6202.687,5634.151,-271.0
206,2013-03-03,0.0,0.0,0.0,0.0,0,0.0,7.0,0.8757349,0.4827922,1.0,6.123234e-17,1,0,0,1,4717.0,1,6950.0,1,5293.0,1,3806.0,1,6003.0,1,5174.0,1,7431.0,1,5640.0,5608.412,5430.3394,-2233.0
206,2013-03-04,9448.0,995.0,1.0,1.0,0,0.0,1.0,0.9266896,0.37582758,1.0,6.123234e-17,1,0,0,1,0.0,1,4717.0,1,7221.0,1,0.0,1,6843.0,1,4088.0,1,6686.0,1,5952.0,3365.0474,4223.597,-4717.0
206,2013-03-05,8267.0,930.0,1.0,1.0,0,0.0,2.0,0.9266896,0.37582758,1.0,6.123234e-17,1,0,0,1,9448.0,1,0.0,1,6950.0,1,4721.0,1,7215.0,1,0.0,1,4221.0,1,3758.0,5798.2285,5384.5757,9448.0
206,2013-03-06,6804.0,814.0,1.0,1.0,0,0.0,3.0,0.9266896,0.37582758,1.0,6.123234e-17,1,0,0,1,8267.0,1,9448.0,1,4717.0,1,5036.0,1,5904.0,1,9195.0,1,0.0,1,0.0,6785.7373,6025.1143,-1181.0
206,2013-03-07,7498.0,874.0,1.0,1.0,0,0.0,4.0,0.9266896,0.37582758,1.0,6.123234e-17,1,0,0,1,6804.0,1,8267.0,1,0.0,1,5293.0,1,3806.0,1,6003.0,1,5002.0,1,3302.0,6793.0425,6198.2,-1463.0
206,2013-03-08,6885.0,858.0,1.0,1.0,0,0.0,5.0,0.9266896,0.37582758,1.0,6.123234e-17,1,0,0,1,7498.0,1,6804.0,1,9448.0,1,7221.0,1,0.0,1,6843.0,1,6296.0,1,3538.0,7075.0254,6487.0444,694.0
206,2013-03-09,3670.0,465.0,1.0,0.0,0,0.0,6.0,0.9266896,0.37582758,1.0,6.123234e-17,1,0,0,1,6885.0,1,7498.0,1,8267.0,1,6950.0,1,4721.0,1,7215.0,1,5619.0,1,3334.0,6999.015,6575.479,-613.0
206,2013-03-10,0.0,0.0,0.0,0.0,0,0.0,7.0,0.9266896,0.37582758,1.0,6.123234e-17,1,0,0,1,3670.0,1,6885.0,1,6804.0,1,4717.0,1,5036.0,1,5904.0,1,7008.0,1,4263.0,5667.409,5929.817,-3215.0
206,2013-03-11,6166.0,780.0,1.0,0.0,0,0.0,1.0,0.9646356,0.26358718,1.0,6.123234e-17,1,0,0,1,0.0,1,3670.0,1,7498.0,1,0.0,1,5293.0,1,3806.0,1,5174.0,1,4195.0,3400.4456,4612.08,-3670.0
206,2013-03-12,4575.0,606.0,1.0,0.0,0,0.0,2.0,0.9646356,0.26358718,1.0,6.123234e-17,1,0,0,1,6166.0,1,0.0,1,6885.0,1,9448.0,1,7221.0,1,0.0,1,4088.0,1,3437.0,4506.6675,4957.3955,6166.0
206,2013-03-13,6587.0,754.0,1.0,0.0,0,0.0,3.0,0.9646356,0.26358718,1.0,6.123234e-17,1,0,0,1,4575.0,1,6166.0,1,3670.0,1,8267.0,1,6950.0,1,4721.0,1,0.0,1,0.0,4534.0005,4872.419,-1591.0
206,2013-03-14,5922.0,786.0,1.0,0.0,0,0.0,4.0,0.9646356,0.26358718,1.0,6.123234e-17,1,0,0,1,6587.0,1,4575.0,1,0.0,1,6804.0,1,4717.0,1,5036.0,1,9195.0,1,5309.0,5355.2,5253.437,2012.0
206,2013-03-15,5882.0,729.0,1.0,0.0,0,0.0,5.0,0.9646356,0.26358718,1.0,6.123234e-17,1,0,0,1,5922.0,1,6587.0,1,6166.0,1,7498.0,1,0.0,1,5293.0,1,6003.0,1,6248.0,5581.92,5402.0063,-665.0
206,2013-03-16,3788.0,491.0,1.0,0.0,0,0.0,6.0,0.9646356,0.26358718,1.0,6.123234e-17,1,0,0,1,5882.0,1,5922.0,1,4575.0,1,6885.0,1,9448.0,1,7221.0,1,6843.0,1,5510.0,5701.952,5508.672,-40.0
206,2013-03-17,0.0,0.0,0.0,0.0,0,0.0,7.0,0.9646356,0.26358718,1.0,6.123234e-17,1,0,0,1,3788.0,1,5882.0,1,6587.0,1,3670.0,1,8267.0,1,6950.0,1,7215.0,1,5074.0,4936.371,5126.3003,-2094.0
206,2013-03-18,10160.0,1048.0,1.0,1.0,0,0.0,1.0,0.9890402,0.14764656,1.0,6.123234e-17,1,0,0,1,0.0,1,3788.0,1,5922.0,1,0.0,1,6804.0,1,4717.0,1,5904.0,1,4717.0,2961.8228,3987.1223,-3788.0
206,2013-03-19,6813.0,786.0,1.0,1.0,0,0.0,2.0,0.9890402,0.14764656,1.0,6.123234e-17,1,0,0,1,10160.0,1,0.0,1,5882.0,1,6166.0,1,7498.0,1,0.0,1,3806.0,1,2673.0,5841.0938,5358.873,10160.0
206,2013-03-20,5687.0,631.0,1.0,1.0,0,0.0,3.0,0.9890402,0.14764656,1.0,6.123234e-17,1,0,0,1,6813.0,1,10160.0,1,3788.0,1,4575.0,1,6885.0,1,9448.0,1,0.0,1,0.0,6229.856,5682.012,-3347.0
206,2013-03-21,8066.0,894.0,1.0,1.0,0,0.0,4.0,0.9890402,0.14764656,1.0,6.123234e-17,1,0,0,1,5687.0,1,6813.0,1,0.0,1,6587.0,1,3670.0,1,8267.0,1,4721.0,1,3732.0,6012.714,5683.1206,-1126.0
206,2013-03-22,6707.0,800.0,1.0,1.0,0,0.0,5.0,0.9890402,0.14764656,1.0,6.123234e-17,1,0,0,1,8066.0,1,5687.0,1,10160.0,1,5922.0,1,0.0,1,6804.0,1,5036.0,1,3482.0,6834.0283,6212.6494,2379.0
206,2013-03-23,4663.0,478.0,1.0,0.0,0,0.0,6.0,0.9890402,0.14764656,1.0,6.123234e-17,1,0,0,1,6707.0,1,8066.0,1,6813.0,1,5882.0,1,6166.0,1,7498.0,1,5293.0,1,4994.0,6783.217,6322.505,-1359.0
206,2013-03-24,0.0,0.0,0.0,0.0,0,0.0,7.0,0.9890402,0.14764656,1.0,6.123234e-17,1,0,0,1,4663.0,1,6707.0,1,5687.0,1,3788.0,1,4575.0,1,6885.0,1,7221.0,1,7727.0,5935.1304,5953.726,-2044.0
206,2013-03-25,9278.0,961.0,1.0,1.0,0,1.0,1.0,0.99956083,0.029633328,1.0,6.123234e-17,1,0,0,1,0.0,1,4663.0,1,8066.0,1,0.0,1,6587.0,1,3670.0,1,6950.0,1,6457.0,3561.0781,4630.676,-4663.0
206,2013-03-26,8489.0,877.0,1.0,1.0,0,1.0,2.0,0.99956083,0.029633328,1.0,6.123234e-17,1,0,0,1,9278.0,1,0.0,1,6707.0,1,10160.0,1,5922.0,1,0.0,1,4717.0,1,5230.0,5847.8467,5663.4146,9278.0
206,2013-03-27,8548.0,839.0,1.0,1.0,0,1.0,3.0,0.99956083,0.029633328,1.0,6.123234e-17,1,0,0,1,8489.0,1,9278.0,1,4663.0,1,6813.0,1,5882.0,1,6166.0,1,0.0,1,0.0,6904.308,6291.3223,-789.0
206,2013-03-28,11375.0,1185.0,1.0,1.0,0,1.0,4.0,0.99956083,0.029633328,1.0,6.123234e-17,1,0,0,1,8548.0,1,8489.0,1,0.0,1,5687.0,1,3788.0,1,4575.0,1,9448.0,1,8751.0,7561.7847,6792.806,59.0
206,2013-03-29,0.0,0.0,0.0,1.0,2,1.0,5.0,0.99956083,0.029633328,1.0,6.123234e-17,1,0,0,1,11375.0,1,8548.0,1,9278.0,1,8066.0,1,0.0,1,6587.0,1,8267.0,1,7557.0,9087.071,7811.072,2827.0
206,2013-03-30,7777.0,809.0,1.0,0.0,0,0.0,6.0,0.99956083,0.029633328,1.0,6.123234e-17,1,0,0,1,0.0,1,11375.0,1,8489.0,1,6707.0,1,10160.0,1,5922.0,1,6804.0,1,6203.0,5452.2427,6075.278,-11375.0
206,2013-03-31,0.0,0.0,0.0,0.0,0,0.0,7.0,0.99956083,0.029633328,1.0,6.123234e-17,1,0,1,1,7777.0,1,0.0,1,8548.0,1,4663.0,1,6813.0,1,5882.0,1,7498.0,1,7431.0,6382.1455,6453.4385,7777.0
206,2013-04-01,0.0,0.0,0.0,0.0,2,1.0,1.0,0.9960498,-0.08879589,0.8660254,-0.5,2,1,0,1,0.0,1,7777.0,1,11375.0,1,0.0,1,5687.0,1,3788.0,1,6885.0,1,6686.0,3829.2874,5019.341,-7777.0
206,2013-04-02,6433.0,858.0,1.0,0.0,0,1.0,2.0,0.9960498,-0.08879589,0.8660254,-0.5,2,0,0,1,0.0,1,0.0,1,0.0,1,9278.0,1,8066.0,1,0.0,1,3670.0,1,4221.0,2297.5725,3903.932,0.0
206,2013-04-03,5355.0,708.0,1.0,0.0,0,1.0,3.0,0.9960498,-0.08879589,0.8660254,-0.5,2,0,0,1,6433.0,1,0.0,1,7777.0,1,8489.0,1,6707.0,1,10160.0,1,0.0,1,0.0,3951.7434,4465.947,6433.0
206,2013-04-04,6506.0,801.0,1.0,0.0,0,1.0,4.0,0.9960498,-0.08879589,0.8660254,-0.5,2,0,0,1,5355.0,1,6433.0,1,0.0,1,8548.0,1,4663.0,1,6813.0,1,6166.0,1,5002.0,4513.046,4663.514,-1078.0
206,2013-04-05,5700.0,695.0,1.0,0.0,0,1.0,5.0,0.9960498,-0.08879589,0.8660254,-0.5,2,0,0,1,6506.0,1,5355.0,1,0.0,1,11375.0,1,0.0,1,5687.0,1,4575.0,1,6296.0,5310.2275,5072.9556,1151.0
206,2013-04-06,4093.0,475.0,1.0,0.0,0,0.0,6.0,0.9960498,-0.08879589,0.8660254,-0.5,2,0,0,1,5700.0,1,6506.0,1,6433.0,1,0.0,1,9278.0,1,8066.0,1,6587.0,1,5619.0,5466.1367,5212.299,-806.0
206,2013-04-07,0.0,0.0,0.0,0.0,0,0.0,7.0,0.9960498,-0.08879589,0.8660254,-0.5,2,0,0,1,4093.0,1,5700.0,1,5355.0,1,7777.0,1,8489.0,1,6707.0,1,5922.0,1,7008.0,4916.882,4963.566,-1607.0
206,2013-04-08,8935.0,976.0,1.0,1.0,0,0.0,1.0,0.9785565,-0.20597862,0.8660254,-0.5,2,0,0,1,0.0,1,4093.0,1,6506.0,1,0.0,1,8548.0,1,4663.0,1,5882.0,1,5174.0,2950.1292,3860.551,-4093.0
206,2013-04-09,7110.0,858.0,1.0,1.0,0,0.0,2.0,0.9785565,-0.20597862,0.8660254,-0.5,2,0,0,1,8935.0,1,0.0,1,5700.0,1,0.0,1,11375.0,1,0.0,1,3788.0,1,4088.0,5344.0776,4988.2065,8935.0
206,2013-04-10,6860.0,750.0,1.0,1.0,0,0.0,3.0,0.9785565,-0.20597862,0.8660254,-0.5,2,0,0,1,7110.0,1,8935.0,1,4093.0,1,6433.0,1,0.0,1,9278.0,1,0.0,1,0.0,6050.4463,5459.7163,-1825.0
206,2013-04-11,8085.0,900.0,1.0,1.0,0,0.0,4.0,0.9785565,-0.20597862,0.8660254,-0.5,2,0,0,1,6860.0,1,7110.0,1,0.0,1,5355.0,1,7777.0,1,8489.0,1,10160.0,1,9195.0,6374.268,5770.89,-250.0
206,2013-04-12,6627.0,765.0,1.0,1.0,0,0.0,5.0,0.9785565,-0.20597862,0.8660254,-0.5,2,0,0,1,8085.0,1,6860.0,1,8935.0,1,6506.0,1,0.0,1,8548.0,1,6813.0,1,6003.0,7058.5605,6285.1367,1225.0
206,2013-04-13,4166.0,543.0,1.0,0.0,0,0.0,6.0,0.9785565,-0.20597862,0.8660254,-0.5,2,0,0,1,6627.0,1,8085.0,1,7110.0,1,5700.0,1,0.0,1,11375.0,1,5687.0,1,6843.0,6885.9365,6361.1064,-1458.0
206,2013-04-14,0.0,0.0,0.0,0.0,0,0.0,7.0,0.9785565,-0.20597862,0.8660254,-0.5,2,0,0,1,4166.0,1,6627.0,1,6860.0,1,4093.0,1,6433.0,1,0.0,1,8066.0,1,7215.0,5797.962,5873.305,-2461.0
206,2013-04-15,5577.0,755.0,1.0,0.0,0,0.0,1.0,0.94732636,-0.32026985,0.8660254,-0.5,2,0,0,1,0.0,1,4166.0,1,8085.0,1,0.0,1,5355.0,1,7777.0,1,6707.0,1,5904.0,3478.777,4568.126,-4166.0
206,2013-04-16,5382.0,681.0,1.0,0.0,0,0.0,2.0,0.94732636,-0.32026985,0.8660254,-0.5,2,0,0,1,5577.0,1,0.0,1,6627.0,1,8935.0,1,6506.0,1,0.0,1,4663.0,1,3806.0,4318.0664,4792.3203,5577.0
206,2013-04-17,4599.0,665.0,1.0,0.0,0,0.0,3.0,0.94732636,-0.32026985,0.8660254,-0.5,2,0,0,1,5382.0,1,5577.0,1,4166.0,1,7110.0,1,5700.0,1,0.0,1,0.0,1,0.0,4743.6396,4923.3604,-195.0
206,2013-04-18,5708.0,810.0,1.0,0.0,0,0.0,4.0,0.94732636,-0.32026985,0.8660254,-0.5,2,0,0,1,4599.0,1,5382.0,1,0.0,1,6860.0,1,4093.0,1,6433.0,1,9278.0,1,4721.0,4685.7837,4851.2803,-783.0
206,2013-04-19,5320.0,687.0,1.0,0.0,0,0.0,5.0,0.94732636,-0.32026985,0.8660254,-0.5,2,0,0,1,5708.0,1,4599.0,1,5577.0,1,8085.0,1,0.0,1,5355.0,1,8489.0,1,5036.0,5094.6704,5041.6626,1109.0
206,2013-04-20,3965.0,431.0,1.0,0.0,0,0.0,6.0,0.94732636,-0.32026985,0.8660254,-0.5,2,0,0,1,5320.0,1,5708.0,1,5382.0,1,6627.0,1,8935.0,1,6506.0,1,8548.0,1,5293.0,5184.8022,5103.515,-388.0
206,2013-04-21,0.0,0.0,0.0,0.0,0,0.0,7.0,0.94732636,-0.32026985,0.8660254,-0.5,2,0,0,1,3965.0,1,5320.0,1,4599.0,1,4166.0,1,7110.0,1,5700.0,1,11375.0,1,7221.0,4696.8813,4850.5117,-1355.0
206,2013-04-22,7454.0,869.0,1.0,1.0,0,0.0,1.0,0.9027978,-0.4300652,0.8660254,-0.5,2,0,0,1,0.0,1,3965.0,1,5708.0,1,0.0,1,6860.0,1,4093.0,1,0.0,1,6950.0,2818.129,3772.6204,-3965.0
206,2013-04-23,6815.0,815.0,1.0,1.0,0,0.0,2.0,0.9027978,-0.4300652,0.8660254,-0.5,2,0,0,1,7454.0,1,0.0,1,5320.0,1,5577.0,1,8085.0,1,0.0,1,7777.0,1,4717.0,4672.477,4590.7046,7454.0
206,2013-04-24,5846.0,737.0,1.0,1.0,0,0.0,3.0,0.9027978,-0.4300652,0.8660254,-0.5,2,0,0,1,6815.0,1,7454.0,1,3965.0,1,5382.0,1,6627.0,1,8935.0,1,0.0,1,0.0,5529.4863,5084.9927,-639.0
206,2013-04-25,5944.0,754.0,1.0,1.0,0,0.0,4.0,0.9027978,-0.4300652,0.8660254,-0.5,2,0,0,1,5846.0,1,6815.0,1,0.0,1,4599.0,1,4166.0,1,7110.0,1,0.0,1,9448.0,5656.092,5254.1055,-969.0
206,2013-04-26,6300.0,727.0,1.0,1.0,0,0.0,5.0,0.9027978,-0.4300652,0.8660254,-0.5,2,0,0,1,5944.0,1,5846.0,1,7454.0,1,5708.0,1,0.0,1,6860.0,1,6433.0,1,8267.0,5771.255,5407.415,98.0
206,2013-04-27,4644.0,507.0,1.0,0.0,0,0.0,6.0,0.9027978,-0.4300652,0.8660254,-0.5,2,0,0,1,6300.0,1,5944.0,1,6815.0,1,5320.0,1,5577.0,1,8085.0,1,5355.0,1,6804.0,5982.753,5605.7676,356.0
206,2013-04-28,0.0,0.0,0.0,0.0,0,0.0,7.0,0.9027978,-0.4300652,0.8660254,-0.5,2,0,0,1,4644.0,1,6300.0,1,5846.0,1,3965.0,1,5382.0,1,6627.0,1,6506.0,1,7498.0,5447.252,5392.0415,-1656.0
206,2013-04-29,8771.0,917.0,1.0,1.0,0,0.0,1.0,0.845596,-0.5338234,0.8660254,-0.5,2,0,0,1,0.0,1,4644.0,1,5944.0,1,0.0,1,4599.0,1,4166.0,1,5700.0,1,6885.0,3268.351,4193.81,-4644.0
206,2013-04-30,9877.0,1020.0,1.0,1.0,0,0.0,2.0,0.845596,-0.5338234,0.8660254,-0.5,2,0,1,1,8771.0,1,0.0,1,6300.0,1,7454.0,1,5708.0,1,0.0,1,4093.0,1,3670.0,5469.4106,5210.9634,8771.0
206,2013-05-01,0.0,0.0,0.0,1.0,1,0.0,3.0,0.845596,-0.5338234,0.5,-0.8660254,2,1,0,1,9877.0,1,8771.0,1,4644.0,1,6815.0,1,5320.0,1,5577.0,1,0.0,1,0.0,7232.4463,6247.8604,1106.0
206,2013-05-02,9193.0,1059.0,1.0,1.0,0,0.0,4.0,0.845596,-0.5338234,0.5,-0.8660254,2,0,0,1,0.0,1,9877.0,1,0.0,1,5846.0,1,3965.0,1,5382.0,1,8935.0,1,6166.0,4339.468,4859.447,-9877.0
206,2013-05-03,7104.0,823.0,1.0,1.0,0,0.0,5.0,0.845596,-0.5338234,0.5,-0.8660254,2,0,0,1,9193.0,1,0.0,1,8771.0,1,5944.0,1,0.0,1,4599.0,1,7110.0,1,4575.0,6280.881,5822.4585,9193.0
206,2013-05-04,4517.0,511.0,1.0,0.0,0,0.0,6.0,0.845596,-0.5338234,0.5,-0.8660254,2,0,0,1,7104.0,1,9193.0,1,9877.0,1,6300.0,1,7454.0,1,5708.0,1,6860.0,1,6587.0,6610.1284,6107.2456,-2089.0
206,2013-05-05,0.0,0.0,0.0,0.0,0,0.0,7.0,0.845596,-0.5338234,0.5,-0.8660254,2,0,0,1,4517.0,1,7104.0,1,0.0,1,4644.0,1,6815.0,1,5320.0,1,8085.0,1,5922.0,5772.877,5753.858,-2587.0
206,2013-05-06,7258.0,903.0,1.0,0.0,0,0.0,1.0,0.7765239,-0.63008785,0.5,-0.8660254,2,0,0,1,0.0,1,4517.0,1,9193.0,1,0.0,1,5846.0,1,3965.0,1,6627.0,1,5882.0,3463.7263,4475.2227,-4517.0
206,2013-05-07,5914.0,778.0,1.0,0.0,0,0.0,2.0,0.7765239,-0.63008785,0.5,-0.8660254,2,0,0,1,7258.0,1,0.0,1,7104.0,1,8771.0,1,5944.0,1,0.0,1,4166.0,1,3788.0,4981.4355,5093.6177,7258.0
206,2013-05-08,7306.0,866.0,1.0,0.0,0,0.0,3.0,0.7765239,-0.63008785,0.5,-0.8660254,2,0,0,1,5914.0,1,7258.0,1,4517.0,1,9877.0,1,6300.0,1,7454.0,1,0.0,1,0.0,5354.4614,5275.925,-1344.0
206,2013-05-09,0.0,0.0,0.0,0.0,1,0.0,4.0,0.7765239,-0.63008785,0.5,-0.8660254,2,0,0,1,7306.0,1,5914.0,1,0.0,1,0.0,1,4644.0,1,6815.0,1,5577.0,1,10160.0,6135.0767,5727.0527,1392.0
206,2013-05-10,6749.0,828.0,1.0,0.0,0,0.0,5.0,0.7765239,-0.63008785,0.5,-0.8660254,2,0,0,1,0.0,1,7306.0,1,7258.0,1,9193.0,1,0.0,1,5846.0,1,5382.0,1,6813.0,3681.0461,4454.3745,-7306.0
206,2013-05-11,4597.0,538.0,1.0,0.0,0,0.0,6.0,0.7765239,-0.63008785,0.5,-0.8660254,2,0,0,1,6749.0,1,0.0,1,5914.0,1,7104.0,1,8771.0,1,5944.0,1,4599.0,1,5687.0,4908.2275,4964.291,6749.0
206,2013-05-12,0.0,0.0,0.0,0.0,0,0.0,7.0,0.7765239,-0.63008785,0.5,-0.8660254,2,0,0,1,4597.0,1,6749.0,1,7306.0,1,4517.0,1,9877.0,1,6300.0,1,5708.0,1,8066.0,4783.737,4882.671,-2152.0
206,2013-05-13,7981.0,877.0,1.0,1.0,0,0.0,1.0,0.696551,-0.71750724,0.5,-0.8660254,2,0,0,1,0.0,1,4597.0,1,0.0,1,0.0,1,0.0,1,4644.0,1,5320.0,1,6707.0,2870.242,3797.6328,-4597.0
206,2013-05-14,7175.0,863.0,1.0,1.0,0,0.0,2.0,0.696551,-0.71750724,0.5,-0.8660254,2,0,0,1,7981.0,1,0.0,1,6749.0,1,7258.0,1,9193.0,1,0.0,1,3965.0,1,4663.0,4914.5454,4727.27,7981.0
206,2013-05-15,5526.0,737.0,1.0,1.0,0,0.0,3.0,0.696551,-0.71750724,0.5,-0.8660254,2,0,0,1,7175.0,1,7981.0,1,4597.0,1,5914.0,1,7104.0,1,8771.0,1,0.0,1,0.0,5818.727,5271.21,-806.0
206,2013-05-16,7005.0,839.0,1.0,1.0,0,0.0,4.0,0.696551,-0.71750724,0.5,-0.8660254,2,0,0,1,5526.0,1,7175.0,1,0.0,1,7306.0,1,4517.0,1,9877.0,1,7454.0,1,9278.0,5701.636,5327.83,-1649.0
206,2013-05-17,6727.0,775.0,1.0,1.0,0,0.0,5.0,0.696551,-0.71750724,0.5,-0.8660254,2,0,0,1,7005.0,1,5526.0,1,7981.0,1,0.0,1,0.0,1,0.0,1,6815.0,1,8489.0,6222.982,5700.5347,1479.0
206,2013-05-18,4264.0,498.0,1.0,0.0,0,0.0,6.0,0.696551,-0.71750724,0.5,-0.8660254,2,0,0,1,6727.0,1,7005.0,1,7175.0,1,6749.0,1,7258.0,1,9193.0,1,5846.0,1,8548.0,6424.589,5928.6377,-278.0
206,2013-05-19,0.0,0.0,0.0,0.0,0,0.0,7.0,0.696551,-0.71750724,0.5,-0.8660254,2,0,0,1,4264.0,1,6727.0,1,5526.0,1,4597.0,1,5914.0,1,7104.0,1,5944.0,1,11375.0,5560.3535,5558.7183,-2463.0
206,2013-05-20,0.0,0.0,0.0,0.0,1,0.0,1.0,0.60680014,-0.79485446,0.5,-0.8660254,2,0,0,1,0.0,1,4264.0,1,7005.0,1,0.0,1,7306.0,1,4517.0,1,6300.0,1,0.0,3336.2122,4323.4478,-4264.0
206,2013-05-21,6716.0,816.0,1.0,0.0,0,1.0,2.0,0.60680014,-0.79485446,0.5,-0.8660254,2,0,0,1,0.0,1,0.0,1,6727.0,1,7981.0,1,0.0,1,0.0,1,4644.0,1,7777.0,2001.7273,3362.6814,0.0
206,2013-05-22,5082.0,650.0,1.0,0.0,0,0.0,3.0,0.60680014,-0.79485446,0.5,-0.8660254,2,0,0,1,6716.0,1,0.0,1,4264.0,1,7175.0,1,6749.0,1,7258.0,1,0.0,1,0.0,3887.4363,4107.8633,6716.0
206,2013-05-23,5520.0,702.0,1.0,0.0,0,0.0,4.0,0.60680014,-0.79485446,0.5,-0.8660254,2,0,0,1,5082.0,1,6716.0,1,0.0,1,5526.0,1,4597.0,1,5914.0,1,8771.0,1,0.0,4365.2617,4324.3384,-1634.0
206,2013-05-24,5327.0,737.0,1.0,0.0,0,0.0,5.0,0.60680014,-0.79485446,0.5,-0.8660254,2,0,0,1,5520.0,1,5082.0,1,0.0,1,7005.0,1,0.0,1,7306.0,1,9877.0,1,6433.0,4827.157,4590.041,438.0
206,2013-05-25,3297.0,430.0,1.0,0.0,0,0.0,6.0,0.60680014,-0.79485446,0.5,-0.8660254,2,0,0,1,5327.0,1,5520.0,1,6716.0,1,6727.0,1,7981.0,1,0.0,1,0.0,1,5355.0,5027.094,4753.8096,-193.0
206,2013-05-26,0.0,0.0,0.0,0.0,0,0.0,7.0,0.60680014,-0.79485446,0.5,-0.8660254,2,0,0,1,3297.0,1,5327.0,1,5082.0,1,4264.0,1,7175.0,1,6749.0,1,9193.0,1,6506.0,4335.0566,4430.074,-2030.0
206,2013-05-27,8356.0,935.0,1.0,1.0,0,0.0,1.0,0.5085311,-0.86104363,0.5,-0.8660254,2,0,0,1,0.0,1,3297.0,1,5520.0,1,0.0,1,5526.0,1,4597.0,1,7104.0,1,5700.0,2601.034,3445.6133,-3297.0
206,2013-05-28,7305.0,849.0,1.0,1.0,0,0.0,2.0,0.5085311,-0.86104363,0.5,-0.8660254,2,0,0,1,8356.0,1,0.0,1,5327.0,1,0.0,1,7005.0,1,0.0,1,4517.0,1,4093.0,4903.0205,4536.81,8356.0
206,2013-05-29,7903.0,812.0,1.0,1.0,0,0.0,3.0,0.5085311,-0.86104363,0.5,-0.8660254,2,0,0,1,7305.0,1,8356.0,1,3297.0,1,6716.0,1,6727.0,1,7981.0,1,0.0,1,0.0,5863.812,5151.9634,-1051.0
206,2013-05-30,0.0,0.0,0.0,1.0,1,0.0,4.0,0.5085311,-0.86104363,0.5,-0.8660254,2,0,0,1,7903.0,1,7305.0,1,0.0,1,5082.0,1,4264.0,1,7175.0,1,7258.0,1,8935.0,6679.4873,5763.305,598.0
206,2013-05-31,10501.0,1065.0,1.0,1.0,0,0.0,5.0,0.5085311,-0.86104363,0.5,-0.8660254,2,0,1,1,0.0,1,7903.0,1,8356.0,1,5520.0,1,0.0,1,5526.0,1,5914.0,1,7110.0,4007.6924,4482.5703,-7903.0
206,2013-06-01,4581.0,507.0,1.0,0.0,0,0.0,6.0,0.5085311,-0.86104363,1.2246469e-16,-1.0,2,1,0,1,10501.0,1,0.0,1,7305.0,1,5327.0,1,0.0,1,7005.0,1,7306.0,1,6860.0,6605.0156,5819.9995,10501.0
206,2013-06-02,0.0,0.0,0.0,0.0,0,0.0,7.0,0.5085311,-0.86104363,1.2246469e-16,-1.0,2,0,0,1,4581.0,1,10501.0,1,7903.0,1,3297.0,1,6716.0,1,6727.0,1,0.0,1,8085.0,5795.409,5544.666,-5920.0
206,2013-06-03,8957.0,1013.0,1.0,1.0,0,0.0,1.0,0.40312344,-0.91514564,1.2246469e-16,-1.0,2,0,0,1,0.0,1,4581.0,1,0.0,1,0.0,1,5082.0,1,4264.0,1,6749.0,1,6627.0,3477.2456,4312.518,-4581.0
206,2013-06-04,7717.0,929.0,1.0,1.0,0,0.0,2.0,0.40312344,-0.91514564,1.2246469e-16,-1.0,2,0,0,1,8957.0,1,0.0,1,10501.0,1,8356.0,1,5520.0,1,0.0,1,4597.0,1,4166.0,5669.1475,5344.625,8957.0
206,2013-06-05,7191.0,851.0,1.0,1.0,0,0.0,3.0,0.40312344,-0.91514564,1.2246469e-16,-1.0,2,0,0,1,7717.0,1,8957.0,1,4581.0,1,7305.0,1,5327.0,1,0.0,1,0.0,1,0.0,6488.2886,5871.82,-1240.0
206,2013-06-06,7812.0,935.0,1.0,1.0,0,0.0,4.0,0.40312344,-0.91514564,1.2246469e-16,-1.0,2,0,0,1,7191.0,1,7717.0,1,0.0,1,7903.0,1,3297.0,1,6716.0,1,7981.0,1,5577.0,6769.373,6164.9707,-526.0
206,2013-06-07,6777.0,812.0,1.0,1.0,0,0.0,5.0,0.40312344,-0.91514564,1.2246469e-16,-1.0,2,0,0,1,7812.0,1,7191.0,1,8957.0,1,0.0,1,0.0,1,5082.0,1,7175.0,1,5382.0,7186.424,6530.977,621.0
206,2013-06-08,4060.0,509.0,1.0,0.0,0,0.0,6.0,0.40312344,-0.91514564,1.2246469e-16,-1.0,2,0,0,1,6777.0,1,7812.0,1,7717.0,1,10501.0,1,8356.0,1,5520.0,1,5526.0,1,4599.0,7022.6543,6585.649,-1035.0
206,2013-06-09,0.0,0.0,0.0,0.0,0,0.0,7.0,0.40312344,-0.91514564,1.2246469e-16,-1.0,2,0,0,1,4060.0,1,6777.0,1,7191.0,1,4581.0,1,7305.0,1,5327.0,1,7005.0,1,5708.0,5837.593,6024.3936,-2717.0
206,2013-06-10,6411.0,837.0,1.0,0.0,0,0.0,1.0,0.29205677,-0.956401,1.2246469e-16,-1.0,2,0,0,1,0.0,1,4060.0,1,7812.0,1,0.0,1,7903.0,1,3297.0,1,6727.0,1,5320.0,3502.5557,4685.6396,-4060.0
206,2013-06-11,5935.0,741.0,1.0,0.0,0,0.0,2.0,0.29205677,-0.956401,1.2246469e-16,-1.0,2,0,0,1,6411.0,1,0.0,1,6777.0,1,8957.0,1,0.0,1,0.0,1,4264.0,1,3965.0,4665.933,5069.0527,6411.0
206,2013-06-12,4791.0,650.0,1.0,0.0,0,0.0,3.0,0.29205677,-0.956401,1.2246469e-16,-1.0,2,0,0,1,5935.0,1,6411.0,1,4060.0,1,7717.0,1,10501.0,1,8356.0,1,0.0,1,0.0,5173.56,5261.486,-476.0
206,2013-06-13,5625.0,719.0,1.0,0.0,0,0.0,4.0,0.29205677,-0.956401,1.2246469e-16,-1.0,2,0,0,1,4791.0,1,5935.0,1,0.0,1,7191.0,1,4581.0,1,7305.0,1,0.0,1,7454.0,5020.536,5156.933,-1144.0
206,2013-06-14,6662.0,834.0,1.0,0.0,0,0.0,5.0,0.29205677,-0.956401,1.2246469e-16,-1.0,2,0,0,1,5625.0,1,4791.0,1,6411.0,1,7812.0,1,0.0,1,7903.0,1,6716.0,1,6815.0,5262.322,5260.948,834.0
206,2013-06-15,4295.0,476.0,1.0,0.0,0,0.0,6.0,0.29205677,-0.956401,1.2246469e-16,-1.0,2,0,0,1,6662.0,1,5625.0,1,5935.0,1,6777.0,1,8957.0,1,0.0,1,5082.0,1,5846.0,5822.193,5572.293,1037.0
206,2013-06-16,0.0,0.0,0.0,0.0,0,0.0,7.0,0.29205677,-0.956401,1.2246469e-16,-1.0,2,0,0,1,4295.0,1,6662.0,1,4791.0,1,4060.0,1,7717.0,1,10501.0,1,5520.0,1,5944.0,5211.316,5288.45,-2367.0
206,2013-06-17,8672.0,992.0,1.0,1.0,0,0.0,1.0,0.17689027,-0.9842306,1.2246469e-16,-1.0,2,0,0,1,0.0,1,4295.0,1,5625.0,1,0.0,1,7191.0,1,4581.0,1,5327.0,1,6300.0,3126.7896,4113.239,-4295.0
206,2013-06-18,6612.0,815.0,1.0,1.0,0,0.0,2.0,0.17689027,-0.9842306,1.2246469e-16,-1.0,2,0,0,1,8672.0,1,0.0,1,6662.0,1,6411.0,1,7812.0,1,0.0,1,3297.0,1,4644.0,5344.8735,5126.297,8672.0
206,2013-06-19,6212.0,756.0,1.0,1.0,0,0.0,3.0,0.17689027,-0.9842306,1.2246469e-16,-1.0,2,0,0,1,6612.0,1,8672.0,1,4295.0,1,5935.0,1,6777.0,1,8957.0,1,0.0,1,0.0,5851.724,5456.453,-2060.0
206,2013-06-20,6711.0,771.0,1.0,1.0,0,0.0,4.0,0.17689027,-0.9842306,1.2246469e-16,-1.0,2,0,0,1,6212.0,1,6612.0,1,0.0,1,4791.0,1,4060.0,1,7717.0,1,8356.0,1,8771.0,5995.8345,5624.3525,-400.0
206,2013-06-21,7428.0,812.0,1.0,1.0,0,0.0,5.0,0.17689027,-0.9842306,1.2246469e-16,-1.0,2,0,0,1,6711.0,1,6212.0,1,8672.0,1,5625.0,1,0.0,1,7191.0,1,7305.0,1,9877.0,6281.901,5865.8296,499.0
206,2013-06-22,4040.0,470.0,1.0,0.0,0,0.0,6.0,0.17689027,-0.9842306,1.2246469e-16,-1.0,2,0,0,1,7428.0,1,6711.0,1,6612.0,1,6662.0,1,6411.0,1,7812.0,1,7903.0,1,0.0,6740.3403,6212.9785,717.0
206,2013-06-23,0.0,0.0,0.0,0.0,0,0.0,7.0,0.17689027,-0.9842306,1.2246469e-16,-1.0,2,0,0,1,4040.0,1,7428.0,1,6212.0,1,4295.0,1,5935.0,1,6777.0,1,0.0,1,9193.0,5660.204,5730.0947,-3388.0
206,2013-06-24,6418.0,755.0,1.0,0.0,0,0.0,1.0,0.059240628,-0.99824375,1.2246469e-16,-1.0,2,0,0,1,0.0,1,4040.0,1,6711.0,1,0.0,1,4791.0,1,4060.0,1,10501.0,1,7104.0,3396.1226,4456.74,-4040.0
206,2013-06-25,6291.0,779.0,1.0,0.0,0,0.0,2.0,0.059240628,-0.99824375,1.2246469e-16,-1.0,2,0,0,1,6418.0,1,0.0,1,7428.0,1,8672.0,1,5625.0,1,0.0,1,4581.0,1,4517.0,4604.8735,4892.5757,6418.0
206,2013-06-26,6134.0,720.0,1.0,0.0,0,0.0,3.0,0.059240628,-0.99824375,1.2246469e-16,-1.0,2,0,0,1,6291.0,1,6418.0,1,4040.0,1,6612.0,1,6662.0,1,6411.0,1,0.0,1,0.0,5279.324,5203.3364,-127.0
206,2013-06-27,7166.0,843.0,1.0,0.0,0,0.0,4.0,0.059240628,-0.99824375,1.2246469e-16,-1.0,2,0,0,1,6134.0,1,6291.0,1,0.0,1,6212.0,1,4295.0,1,5935.0,1,8957.0,1,7258.0,5621.1943,5410.151,-157.0
206,2013-06-28,6682.0,750.0,1.0,0.0,0,0.0,5.0,0.059240628,-0.99824375,1.2246469e-16,-1.0,2,0,0,1,7166.0,1,6134.0,1,6418.0,1,6711.0,1,0.0,1,4791.0,1,7717.0,1,5914.0,6239.1167,5800.3394,1032.0
206,2013-06-29,6400.0,651.0,1.0,0.0,0,0.0,6.0,0.059240628,-0.99824375,1.2246469e-16,-1.0,2,0,0,1,6682.0,1,7166.0,1,6291.0,1,7428.0,1,8672.0,1,5625.0,1,7191.0,1,7306.0,6416.27,5996.264,-484.0
206,2013-06-30,0.0,0.0,0.0,0.0,0,0.0,7.0,0.059240628,-0.99824375,1.2246469e-16,-1.0,2,0,1,1,6400.0,1,6682.0,1,6134.0,1,4040.0,1,6612.0,1,6662.0,1,7812.0,1,0.0,6409.762,6085.983,-282.0
206,2013-07-01,8595.0,962.0,1.0,1.0,0,0.0,1.0,-0.059240628,-0.99824375,-0.5,-0.8660254,3,1,0,1,0.0,1,6400.0,1,7166.0,1,0.0,1,6212.0,1,4295.0,1,6777.0,1,6749.0,3845.8572,4733.5425,-6400.0
206,2013-07-02,7351.0,909.0,1.0,1.0,0,0.0,2.0,-0.059240628,-0.99824375,-0.5,-0.8660254,3,0,0,1,8595.0,1,0.0,1,6682.0,1,6418.0,1,6711.0,1,0.0,1,4060.0,1,4597.0,5745.514,5591.644,8595.0
206,2013-07-03,6757.0,764.0,1.0,1.0,0,0.0,3.0,-0.059240628,-0.99824375,-0.5,-0.8660254,3,0,0,1,7351.0,1,8595.0,1,6400.0,1,6291.0,1,7428.0,1,8672.0,1,0.0,1,0.0,6387.7085,5982.6123,-1244.0
206,2013-07-04,8199.0,971.0,1.0,1.0,0,0.0,4.0,-0.059240628,-0.99824375,-0.5,-0.8660254,3,0,0,1,6757.0,1,7351.0,1,0.0,1,6134.0,1,4040.0,1,6612.0,1,6411.0,1,7981.0,6535.4253,6154.698,-594.0
206,2013-07-05,7397.0,835.0,1.0,1.0,0,0.0,5.0,-0.059240628,-0.99824375,-0.5,-0.8660254,3,0,0,1,8199.0,1,6757.0,1,8595.0,1,7166.0,1,0.0,1,6212.0,1,5935.0,1,7175.0,7200.855,6608.988,1442.0
206,2013-07-06,4242.0,506.0,1.0,0.0,0,0.0,6.0,-0.059240628,-0.99824375,-0.5,-0.8660254,3,0,0,1,7397.0,1,8199.0,1,7351.0,1,6682.0,1,6418.0,1,6711.0,1,4791.0,1,5526.0,7279.313,6784.1016,-802.0
206,2013-07-07,0.0,0.0,0.0,0.0,0,0.0,7.0,-0.059240628,-0.99824375,-0.5,-0.8660254,3,0,0,1,4242.0,1,7397.0,1,6757.0,1,6400.0,1,6291.0,1,7428.0,1,5625.0,1,7005.0,6064.3877,6219.19,-3155.0
206,2013-07-08,5902.0,808.0,1.0,0.0,0,0.0,1.0,-0.17689027,-0.9842306,-0.5,-0.8660254,3,0,0,1,0.0,1,4242.0,1,8199.0,1,0.0,1,6134.0,1,4040.0,1,6662.0,1,6727.0,3638.6328,4837.148,-4242.0
206,2013-07-09,6041.0,791.0,1.0,0.0,0,0.0,2.0,-0.17689027,-0.9842306,-0.5,-0.8660254,3,0,0,1,5902.0,1,0.0,1,7397.0,1,8595.0,1,7166.0,1,0.0,1,4295.0,1,4264.0,4543.9795,5073.7817,5902.0
206,2013-07-10,6448.0,777.0,1.0,0.0,0,0.0,3.0,-0.17689027,-0.9842306,-0.5,-0.8660254,3,0,0,1,6041.0,1,5902.0,1,4242.0,1,7351.0,1,6682.0,1,6418.0,1,0.0,1,0.0,5142.7876,5288.719,139.0
206,2013-07-11,6405.0,830.0,1.0,0.0,0,0.0,4.0,-0.17689027,-0.9842306,-0.5,-0.8660254,3,0,0,1,6448.0,1,6041.0,1,0.0,1,6757.0,1,6400.0,1,6291.0,1,8672.0,1,0.0,5664.8726,5546.337,407.0
206,2013-07-12,5674.0,733.0,1.0,0.0,0,0.0,5.0,-0.17689027,-0.9842306,-0.5,-0.8660254,3,0,0,1,6405.0,1,6448.0,1,5902.0,1,8199.0,1,0.0,1,6134.0,1,6612.0,1,6716.0,5960.924,5737.151,-43.0
206,2013-07-13,4053.0,464.0,1.0,0.0,0,0.0,6.0,-0.17689027,-0.9842306,-0.5,-0.8660254,3,0,0,1,5674.0,1,6405.0,1,6041.0,1,7397.0,1,8595.0,1,7166.0,1,6212.0,1,5082.0,5846.1543,5723.1177,-731.0
206,2013-07-14,0.0,0.0,0.0,0.0,0,0.0,7.0,-0.17689027,-0.9842306,-0.5,-0.8660254,3,0,0,1,4053.0,1,5674.0,1,6448.0,1,4242.0,1,7351.0,1,6682.0,1,6711.0,1,5520.0,5128.8926,5351.9805,-1621.0
206,2013-07-15,10656.0,1092.0,1.0,1.0,0,0.0,1.0,-0.29205677,-0.956401,-0.5,-0.8660254,3,0,0,1,0.0,1,4053.0,1,6405.0,1,0.0,1,6757.0,1,6400.0,1,7428.0,1,5327.0,3077.3354,4162.6514,-4053.0
206,2013-07-16,8802.0,959.0,1.0,1.0,0,0.0,2.0,-0.29205677,-0.956401,-0.5,-0.8660254,3,0,0,1,10656.0,1,0.0,1,5674.0,1,5902.0,1,8199.0,1,0.0,1,4040.0,1,3297.0,6108.8013,5605.6177,10656.0
206,2013-07-17,7381.0,847.0,1.0,1.0,0,0.0,3.0,-0.29205677,-0.956401,-0.5,-0.8660254,3,0,0,1,8802.0,1,10656.0,1,4053.0,1,6041.0,1,7397.0,1,8595.0,1,0.0,1,0.0,7186.0806,6315.925,-1854.0
206,2013-07-18,8053.0,955.0,1.0,1.0,0,0.0,4.0,-0.29205677,-0.956401,-0.5,-0.8660254,3,0,0,1,7381.0,1,8802.0,1,0.0,1,6448.0,1,4242.0,1,7351.0,1,6418.0,1,8356.0,7264.0483,6552.6084,-1421.0
206,2013-07-19,7826.0,836.0,1.0,1.0,0,0.0,5.0,-0.29205677,-0.956401,-0.5,-0.8660254,3,0,0,1,8053.0,1,7381.0,1,10656.0,1,6405.0,1,0.0,1,6757.0,1,6291.0,1,7305.0,7579.629,6886.029,672.0
206,2013-07-20,4427.0,541.0,1.0,0.0,0,0.0,6.0,-0.29205677,-0.956401,-0.5,-0.8660254,3,0,0,1,7826.0,1,8053.0,1,8802.0,1,5674.0,1,5902.0,1,8199.0,1,6134.0,1,7903.0,7678.1772,7094.911,-227.0
206,2013-07-21,0.0,0.0,0.0,0.0,0,0.0,7.0,-0.29205677,-0.956401,-0.5,-0.8660254,3,0,0,1,4427.0,1,7826.0,1,7381.0,1,4053.0,1,6041.0,1,7397.0,1,7166.0,1,0.0,6377.7065,6502.042,-3399.0
206,2013-07-22,5251.0,698.0,1.0,0.0,0,1.0,1.0,-0.40312344,-0.91514564,-0.5,-0.8660254,3,0,0,1,0.0,1,4427.0,1,8053.0,1,0.0,1,6448.0,1,4242.0,1,6682.0,1,10501.0,3826.6238,5057.1436,-4427.0
206,2013-07-23,4842.0,590.0,1.0,0.0,0,1.0,2.0,-0.40312344,-0.91514564,-0.5,-0.8660254,3,0,0,1,5251.0,1,0.0,1,7826.0,1,10656.0,1,6405.0,1,0.0,1,6400.0,1,4581.0,4396.3745,5100.223,5251.0
206,2013-07-24,4870.0,625.0,1.0,0.0,0,1.0,3.0,-0.40312344,-0.91514564,-0.5,-0.8660254,3,0,0,1,4842.0,1,5251.0,1,4427.0,1,8802.0,1,5674.0,1,5902.0,1,0.0,1,0.0,4574.6245,5042.84,-409.0
206,2013-07-25,6054.0,776.0,1.0,0.0,0,1.0,4.0,-0.40312344,-0.91514564,-0.5,-0.8660254,3,0,0,1,4870.0,1,4842.0,1,0.0,1,7381.0,1,4053.0,1,6041.0,1,8595.0,1,8957.0,4692.775,5004.431,28.0
206,2013-07-26,5092.0,603.0,1.0,0.0,0,1.0,5.0,-0.40312344,-0.91514564,-0.5,-0.8660254,3,0,0,1,6054.0,1,4870.0,1,5251.0,1,8053.0,1,0.0,1,6448.0,1,7351.0,1,7717.0,5237.2646,5237.6685,1184.0
206,2013-07-27,3009.0,375.0,1.0,0.0,0,0.0,6.0,-0.40312344,-0.91514564,-0.5,-0.8660254,3,0,0,1,5092.0,1,6054.0,1,4842.0,1,7826.0,1,10656.0,1,6405.0,1,6757.0,1,7191.0,5179.1587,5205.298,-962.0
206,2013-07-28,0.0,0.0,0.0,0.0,0,0.0,7.0,-0.40312344,-0.91514564,-0.5,-0.8660254,3,0,0,1,3009.0,1,5092.0,1,4870.0,1,4427.0,1,8802.0,1,5674.0,1,8199.0,1,7812.0,4311.095,4717.2314,-2083.0
206,2013-07-29,9345.0,914.0,1.0,1.0,0,1.0,1.0,-0.5085311,-0.86104363,-0.5,-0.8660254,3,0,0,1,0.0,1,3009.0,1,6054.0,1,0.0,1,7381.0,1,4053.0,1,7397.0,1,6777.0,2586.6572,3668.958,-3009.0
206,2013-07-30,8334.0,841.0,1.0,1.0,0,1.0,2.0,-0.5085311,-0.86104363,-0.5,-0.8660254,3,0,0,1,9345.0,1,0.0,1,5092.0,1,5251.0,1,8053.0,1,0.0,1,4242.0,1,4060.0,5289.994,4930.301,9345.0
206,2013-07-31,9781.0,930.0,1.0,1.0,0,1.0,3.0,-0.5085311,-0.86104363,-0.5,-0.8660254,3,0,1,1,8334.0,1,9345.0,1,3009.0,1,4842.0,1,7826.0,1,10656.0,1,0.0,1,0.0,6507.5967,5686.678,-1011.0
206,2013-08-01,8069.0,940.0,1.0,1.0,0,1.0,4.0,-0.5085311,-0.86104363,-0.8660254,-0.5,3,1,0,1,9781.0,1,8334.0,1,0.0,1,4870.0,1,4427.0,1,8802.0,1,5902.0,1,6411.0,7816.958,6596.5273,1447.0
206,2013-08-02,6620.0,757.0,1.0,1.0,0,1.0,5.0,-0.5085311,-0.86104363,-0.8660254,-0.5,3,0,0,1,8069.0,1,9781.0,1,9345.0,1,6054.0,1,0.0,1,7381.0,1,6041.0,1,5935.0,7917.775,6923.7437,-1712.0
206,2013-08-03,4233.0,482.0,1.0,0.0,0,0.0,6.0,-0.5085311,-0.86104363,-0.8660254,-0.5,3,0,0,1,6620.0,1,8069.0,1,8334.0,1,5092.0,1,5251.0,1,8053.0,1,6448.0,1,4791.0,7398.665,6856.245,-1449.0
206,2013-08-04,0.0,0.0,0.0,0.0,0,0.0,7.0,-0.5085311,-0.86104363,-0.8660254,-0.5,3,0,0,1,4233.0,1,6620.0,1,9781.0,1,3009.0,1,4842.0,1,7826.0,1,6405.0,1,5625.0,6132.399,6273.302,-2387.0
206,2013-08-05,6044.0,743.0,1.0,0.0,0,1.0,1.0,-0.60680014,-0.79485446,-0.8660254,-0.5,3,0,0,1,0.0,1,4233.0,1,8069.0,1,0.0,1,4870.0,1,4427.0,1,5674.0,1,6662.0,3679.4395,4879.235,-4233.0
206,2013-08-06,5866.0,721.0,1.0,0.0,0,1.0,2.0,-0.60680014,-0.79485446,-0.8660254,-0.5,3,0,0,1,6044.0,1,0.0,1,6620.0,1,9345.0,1,6054.0,1,0.0,1,4053.0,1,4295.0,4625.2637,5138.0713,6044.0
206,2013-08-07,5199.0,629.0,1.0,0.0,0,1.0,3.0,-0.60680014,-0.79485446,-0.8660254,-0.5,3,0,0,1,5866.0,1,6044.0,1,4233.0,1,8334.0,1,5092.0,1,5251.0,1,0.0,1,0.0,5121.558,5299.8335,-178.0
206,2013-08-08,5919.0,756.0,1.0,0.0,0,1.0,4.0,-0.60680014,-0.79485446,-0.8660254,-0.5,3,0,0,1,5199.0,1,5866.0,1,0.0,1,9781.0,1,3009.0,1,4842.0,1,10656.0,1,8672.0,5152.5347,5277.426,-667.0
206,2013-08-09,5777.0,667.0,1.0,0.0,0,1.0,5.0,-0.60680014,-0.79485446,-0.8660254,-0.5,3,0,0,1,5919.0,1,5199.0,1,6044.0,1,8069.0,1,0.0,1,4870.0,1,8802.0,1,6612.0,5459.121,5419.998,720.0
206,2013-08-10,3570.0,452.0,1.0,0.0,0,0.0,6.0,-0.60680014,-0.79485446,-0.8660254,-0.5,3,0,0,1,5777.0,1,5919.0,1,5866.0,1,6620.0,1,9345.0,1,6054.0,1,7381.0,1,6212.0,5586.2725,5499.3315,-142.0
206,2013-08-11,0.0,0.0,0.0,0.0,0,0.0,7.0,-0.60680014,-0.79485446,-0.8660254,-0.5,3,0,0,1,3570.0,1,5777.0,1,5199.0,1,4233.0,1,8334.0,1,5092.0,1,8053.0,1,6711.0,4779.7637,5070.5913,-2207.0
206,2013-08-12,8807.0,931.0,1.0,1.0,0,1.0,1.0,-0.696551,-0.71750724,-0.8660254,-0.5,3,0,0,1,0.0,1,3570.0,1,5919.0,1,0.0,1,9781.0,1,3009.0,1,7826.0,1,7428.0,2867.8582,3943.7932,-3570.0
206,2013-08-13,6984.0,798.0,1.0,1.0,0,1.0,2.0,-0.696551,-0.71750724,-0.8660254,-0.5,3,0,0,1,8807.0,1,0.0,1,5777.0,1,6044.0,1,8069.0,1,0.0,1,4427.0,1,4040.0,5243.5146,5024.506,8807.0
206,2013-08-14,6926.0,769.0,1.0,1.0,0,1.0,3.0,-0.696551,-0.71750724,-0.8660254,-0.5,3,0,0,1,6984.0,1,8807.0,1,3570.0,1,5866.0,1,6620.0,1,9345.0,1,0.0,1,0.0,5939.709,5459.949,-1823.0
206,2013-08-15,7476.0,872.0,1.0,1.0,0,1.0,4.0,-0.696551,-0.71750724,-0.8660254,-0.5,3,0,0,1,6926.0,1,6984.0,1,0.0,1,5199.0,1,4233.0,1,8334.0,1,5251.0,1,6418.0,6334.2256,5785.7383,-58.0
206,2013-08-16,5931.0,739.0,1.0,1.0,0,1.0,5.0,-0.696551,-0.71750724,-0.8660254,-0.5,3,0,0,1,7476.0,1,6926.0,1,8807.0,1,5919.0,1,0.0,1,9781.0,1,4842.0,1,6291.0,6790.935,6161.352,550.0
206,2013-08-17,4059.0,464.0,1.0,0.0,0,0.0,6.0,-0.696551,-0.71750724,-0.8660254,-0.5,3,0,0,1,5931.0,1,7476.0,1,6984.0,1,5777.0,1,6044.0,1,8069.0,1,4870.0,1,6134.0,6446.961,6110.1626,-1545.0
206,2013-08-18,0.0,0.0,0.0,0.0,0,0.0,7.0,-0.696551,-0.71750724,-0.8660254,-0.5,3,0,0,1,4059.0,1,5931.0,1,6926.0,1,3570.0,1,5866.0,1,6620.0,1,6054.0,1,7166.0,5491.777,5654.3486,-1872.0
206,2013-08-19,6063.0,710.0,1.0,0.0,0,1.0,1.0,-0.7765239,-0.63008785,-0.8660254,-0.5,3,0,0,1,0.0,1,4059.0,1,7476.0,1,0.0,1,5199.0,1,4233.0,1,5092.0,1,6682.0,3295.066,4397.8267,-4059.0
206,2013-08-20,5361.0,673.0,1.0,0.0,0,1.0,2.0,-0.7765239,-0.63008785,-0.8660254,-0.5,3,0,0,1,6063.0,1,0.0,1,5931.0,1,8807.0,1,5919.0,1,0.0,1,3009.0,1,6400.0,4402.2397,4767.865,6063.0
206,2013-08-21,4929.0,616.0,1.0,0.0,0,1.0,3.0,-0.7765239,-0.63008785,-0.8660254,-0.5,3,0,0,1,5361.0,1,6063.0,1,4059.0,1,6984.0,1,5777.0,1,6044.0,1,0.0,1,0.0,4785.7437,4899.673,-702.0
206,2013-08-22,5456.0,710.0,1.0,0.0,0,1.0,4.0,-0.7765239,-0.63008785,-0.8660254,-0.5,3,0,0,1,4929.0,1,5361.0,1,0.0,1,6926.0,1,3570.0,1,5866.0,1,9345.0,1,8595.0,4843.0464,4906.19,-432.0
206,2013-08-23,4795.0,602.0,1.0,0.0,0,1.0,5.0,-0.7765239,-0.63008785,-0.8660254,-0.5,3,0,0,1,5456.0,1,4929.0,1,6063.0,1,7476.0,1,0.0,1,5199.0,1,8334.0,1,7351.0,5088.2275,5028.37,527.0
206,2013-08-24,3267.0,418.0,1.0,0.0,0,0.0,6.0,-0.7765239,-0.63008785,-0.8660254,-0.5,3,0,0,1,4795.0,1,5456.0,1,5361.0,1,5931.0,1,8807.0,1,5919.0,1,9781.0,1,6757.0,4970.9365,4976.5103,-661.0
206,2013-08-25,0.0,0.0,0.0,0.0,0,0.0,7.0,-0.7765239,-0.63008785,-0.8660254,-0.5,3,0,0,1,3267.0,1,4795.0,1,4929.0,1,4059.0,1,6984.0,1,5777.0,1,8069.0,1,8199.0,4289.362,4596.619,-1528.0
206,2013-08-26,8866.0,913.0,1.0,1.0,0,1.0,1.0,-0.845596,-0.5338234,-0.8660254,-0.5,3,0,0,1,0.0,1,3267.0,1,5456.0,1,0.0,1,6926.0,1,3570.0,1,6620.0,1,7397.0,2573.6172,3575.148,-3267.0
206,2013-08-27,7353.0,781.0,1.0,1.0,0,1.0,2.0,-0.845596,-0.5338234,-0.8660254,-0.5,3,0,0,1,8866.0,1,0.0,1,4795.0,1,6063.0,1,7476.0,1,0.0,1,4233.0,1,4242.0,5090.5703,4750.893,8866.0
206,2013-08-28,5734.0,681.0,1.0,1.0,0,1.0,3.0,-0.845596,-0.5338234,-0.8660254,-0.5,3,0,0,1,7353.0,1,8866.0,1,3267.0,1,5361.0,1,5931.0,1,8807.0,1,0.0,1,0.0,5995.542,5329.139,-1513.0
206,2013-08-29,6733.0,773.0,1.0,1.0,0,1.0,4.0,-0.845596,-0.5338234,-0.8660254,-0.5,3,0,0,1,5734.0,1,7353.0,1,0.0,1,4929.0,1,4059.0,1,6984.0,1,6044.0,1,5902.0,5890.9253,5419.108,-1619.0
206,2013-08-30,7665.0,929.0,1.0,1.0,0,1.0,5.0,-0.845596,-0.5338234,-0.8660254,-0.5,3,0,0,1,6733.0,1,5734.0,1,8866.0,1,5456.0,1,0.0,1,6926.0,1,5866.0,1,6041.0,6227.7554,5711.084,999.0
206,2013-08-31,5342.0,808.0,1.0,0.0,0,0.0,6.0,-0.845596,-0.5338234,-0.8660254,-0.5,3,0,1,1,7665.0,1,6733.0,1,7353.0,1,4795.0,1,6063.0,1,7476.0,1,5199.0,1,6448.0,6802.6533,6145.2876,932.0
206,2013-09-01,0.0,0.0,0.0,0.0,0,0.0,7.0,-0.845596,-0.5338234,-1.0,-1.8369701e-16,3,1,0,1,5342.0,1,7665.0,1,5734.0,1,3267.0,1,5361.0,1,5931.0,1,5919.0,1,6405.0,6218.392,5966.7793,-2323.0
206,2013-09-02,6320.0,791.0,1.0,0.0,0,1.0,1.0,-0.9027978,-0.4300652,-1.0,-1.8369701e-16,3,0,0,1,0.0,1,5342.0,1,6733.0,1,0.0,1,4929.0,1,4059.0,1,5777.0,1,5674.0,3731.0352,4640.828,-5342.0
206,2013-09-03,6339.0,780.0,1.0,0.0,0,1.0,2.0,-0.9027978,-0.4300652,-1.0,-1.8369701e-16,3,0,0,1,6320.0,1,0.0,1,7665.0,1,8866.0,1,5456.0,1,0.0,1,3570.0,1,4053.0,4766.621,5013.9775,6320.0
206,2013-09-04,6055.0,832.0,1.0,0.0,0,0.0,3.0,-0.9027978,-0.4300652,-1.0,-1.8369701e-16,3,0,0,1,6339.0,1,6320.0,1,5342.0,1,7353.0,1,4795.0,1,6063.0,1,0.0,1,0.0,5395.5728,5308.427,19.0
206,2013-09-05,5715.0,839.0,1.0,0.0,0,0.0,4.0,-0.9027978,-0.4300652,-1.0,-1.8369701e-16,3,0,0,1,6055.0,1,6339.0,1,0.0,1,5734.0,1,3267.0,1,5361.0,1,8807.0,1,10656.0,5659.3438,5474.332,-284.0
206,2013-09-06,5487.0,771.0,1.0,0.0,0,0.0,5.0,-0.9027978,-0.4300652,-1.0,-1.8369701e-16,3,0,0,1,5715.0,1,6055.0,1,6320.0,1,6733.0,1,0.0,1,4929.0,1,6984.0,1,8802.0,5681.606,5527.814,-340.0
206,2013-09-07,4021.0,475.0,1.0,0.0,0,0.0,6.0,-0.9027978,-0.4300652,-1.0,-1.8369701e-16,3,0,0,1,5487.0,1,5715.0,1,6339.0,1,7665.0,1,8866.0,1,5456.0,1,6926.0,1,7381.0,5603.7637,5518.744,-228.0
206,2013-09-08,0.0,0.0,0.0,0.0,0,0.0,7.0,-0.9027978,-0.4300652,-1.0,-1.8369701e-16,3,0,0,1,4021.0,1,5487.0,1,6055.0,1,5342.0,1,7353.0,1,4795.0,1,7476.0,1,8053.0,4970.658,5185.912,-1466.0
206,2013-09-09,9925.0,1076.0,1.0,1.0,0,0.0,1.0,-0.94732636,-0.32026985,-1.0,-1.8369701e-16,3,0,0,1,0.0,1,4021.0,1,5715.0,1,0.0,1,5734.0,1,3267.0,1,5931.0,1,7826.0,2982.395,4033.487,-4021.0
206,2013-09-10,7135.0,763.0,1.0,1.0,0,0.0,2.0,-0.94732636,-0.32026985,-1.0,-1.8369701e-16,3,0,0,1,9925.0,1,0.0,1,5487.0,1,6320.0,1,6733.0,1,0.0,1,4059.0,1,4427.0,5759.437,5342.7124,9925.0
206,2013-09-11,6973.0,755.0,1.0,1.0,0,0.0,3.0,-0.94732636,-0.32026985,-1.0,-1.8369701e-16,3,0,0,1,7135.0,1,9925.0,1,4021.0,1,6339.0,1,7665.0,1,8866.0,1,0.0,1,0.0,6309.662,5740.9985,-2790.0
206,2013-09-12,7977.0,930.0,1.0,1.0,0,0.0,4.0,-0.94732636,-0.32026985,-1.0,-1.8369701e-16,3,0,0,1,6973.0,1,7135.0,1,0.0,1,6055.0,1,5342.0,1,7353.0,1,6063.0,1,5251.0,6574.997,6014.7764,-162.0
206,2013-09-13,6683.0,803.0,1.0,1.0,0,0.0,5.0,-0.94732636,-0.32026985,-1.0,-1.8369701e-16,3,0,0,1,7977.0,1,6973.0,1,9925.0,1,5715.0,1,0.0,1,5734.0,1,5361.0,1,4842.0,7135.7983,6450.826,1004.0
206,2013-09-14,4164.0,472.0,1.0,0.0,0,0.0,6.0,-0.94732636,-0.32026985,-1.0,-1.8369701e-16,3,0,0,1,6683.0,1,7977.0,1,7135.0,1,5487.0,1,6320.0,1,6733.0,1,4929.0,1,4870.0,6954.679,6502.4204,-1294.0
206,2013-09-15,0.0,0.0,0.0,0.0,0,0.0,7.0,-0.94732636,-0.32026985,-1.0,-1.8369701e-16,3,0,0,1,4164.0,1,6683.0,1,6973.0,1,4021.0,1,6339.0,1,7665.0,1,5456.0,1,6054.0,5838.407,5982.7715,-2519.0
206,2013-09-16,5582.0,734.0,1.0,0.0,0,0.0,1.0,-0.9785565,-0.20597862,-1.0,-1.8369701e-16,3,0,0,1,0.0,1,4164.0,1,7977.0,1,0.0,1,6055.0,1,5342.0,1,4795.0,1,5092.0,3503.0444,4653.2666,-4164.0
206,2013-09-17,6002.0,767.0,1.0,0.0,0,0.0,2.0,-0.9785565,-0.20597862,-1.0,-1.8369701e-16,3,0,0,1,5582.0,1,0.0,1,6683.0,1,9925.0,1,5715.0,1,0.0,1,3267.0,1,3009.0,4334.6265,4859.652,5582.0
206,2013-09-18,4893.0,647.0,1.0,0.0,0,0.0,3.0,-0.9785565,-0.20597862,-1.0,-1.8369701e-16,3,0,0,1,6002.0,1,5582.0,1,4164.0,1,7135.0,1,5487.0,1,6320.0,1,0.0,1,0.0,5001.576,5113.507,420.0
206,2013-09-19,5701.0,780.0,1.0,0.0,0,0.0,4.0,-0.9785565,-0.20597862,-1.0,-1.8369701e-16,3,0,0,1,4893.0,1,6002.0,1,0.0,1,6973.0,1,4021.0,1,6339.0,1,8866.0,1,9345.0,4958.1455,5064.5054,-1109.0
206,2013-09-20,4951.0,672.0,1.0,0.0,0,0.0,5.0,-0.9785565,-0.20597862,-1.0,-1.8369701e-16,3,0,0,1,5701.0,1,4893.0,1,5582.0,1,7977.0,1,0.0,1,6055.0,1,7353.0,1,8334.0,5255.2876,5205.9487,808.0
206,2013-09-21,4034.0,486.0,1.0,0.0,0,0.0,6.0,-0.9785565,-0.20597862,-1.0,-1.8369701e-16,3,0,0,1,4951.0,1,5701.0,1,6002.0,1,6683.0,1,9925.0,1,5715.0,1,5734.0,1,9781.0,5133.5723,5149.2935,-750.0
206,2013-09-22,0.0,0.0,0.0,0.0,0,0.0,7.0,-0.9785565,-0.20597862,-1.0,-1.8369701e-16,3,0,0,1,4034.0,1,4951.0,1,4893.0,1,4164.0,1,7135.0,1,5487.0,1,6733.0,1,8069.0,4693.7437,4901.45,-917.0
206,2013-09-23,8053.0,877.0,1.0,1.0,0,0.0,1.0,-0.9960498,-0.08879589,-1.0,-1.8369701e-16,3,0,0,1,0.0,1,4034.0,1,5701.0,1,0.0,1,6973.0,1,4021.0,1,7665.0,1,6620.0,2816.246,3812.2393,-4034.0
206,2013-09-24,7024.0,851.0,1.0,1.0,0,0.0,2.0,-0.9960498,-0.08879589,-1.0,-1.8369701e-16,3,0,0,1,8053.0,1,0.0,1,4951.0,1,5582.0,1,7977.0,1,0.0,1,5342.0,1,4233.0,4910.9478,4754.6304,8053.0
206,2013-09-25,6235.0,729.0,1.0,1.0,0,0.0,3.0,-0.9960498,-0.08879589,-1.0,-1.8369701e-16,3,0,0,1,7024.0,1,8053.0,1,4034.0,1,6002.0,1,6683.0,1,9925.0,1,0.0,1,0.0,5756.1685,5258.935,-1029.0
206,2013-09-26,6973.0,932.0,1.0,1.0,0,0.0,4.0,-0.9960498,-0.08879589,-1.0,-1.8369701e-16,3,0,0,1,6235.0,1,7024.0,1,0.0,1,4893.0,1,4164.0,1,7135.0,1,6320.0,1,6044.0,5947.701,5475.8384,-789.0
206,2013-09-27,6749.0,812.0,1.0,1.0,0,0.0,5.0,-0.9960498,-0.08879589,-1.0,-1.8369701e-16,3,0,0,1,6973.0,1,6235.0,1,8053.0,1,5701.0,1,0.0,1,6973.0,1,6339.0,1,5866.0,6357.821,5808.541,738.0
206,2013-09-28,4818.0,531.0,1.0,0.0,0,0.0,6.0,-0.9960498,-0.08879589,-1.0,-1.8369701e-16,3,0,0,1,6749.0,1,6973.0,1,7024.0,1,4951.0,1,5582.0,1,7977.0,1,6055.0,1,5199.0,6514.2925,6017.5317,-224.0
206,2013-09-29,0.0,0.0,0.0,0.0,0,0.0,7.0,-0.9960498,-0.08879589,-1.0,-1.8369701e-16,3,0,0,1,4818.0,1,6749.0,1,6235.0,1,4034.0,1,6002.0,1,6683.0,1,5715.0,1,5919.0,5835.7754,5750.969,-1931.0
206,2013-09-30,8884.0,949.0,1.0,0.0,0,0.0,1.0,-0.99956083,0.029633328,-1.0,-1.8369701e-16,3,0,1,1,0.0,1,4818.0,1,6973.0,1,0.0,1,4893.0,1,4164.0,1,5487.0,1,5777.0,3501.4653,4472.976,-4818.0
206,2013-10-01,6080.0,823.0,1.0,0.0,0,0.0,2.0,-0.99956083,0.029633328,-0.8660254,0.5,4,1,0,1,8884.0,1,0.0,1,6749.0,1,8053.0,1,5701.0,1,0.0,1,4021.0,1,3570.0,5654.479,5453.2036,8884.0
206,2013-10-02,6958.0,851.0,1.0,0.0,0,0.0,3.0,-0.99956083,0.029633328,-0.8660254,0.5,4,0,0,1,6080.0,1,8884.0,1,4818.0,1,7024.0,1,4951.0,1,5582.0,1,0.0,1,0.0,5824.6875,5592.4917,-2804.0
206,2013-10-03,0.0,0.0,0.0,0.0,1,0.0,4.0,-0.99956083,0.029633328,-0.8660254,0.5,4,0,0,1,6958.0,1,6080.0,1,0.0,1,6235.0,1,4034.0,1,6002.0,1,9925.0,1,8807.0,6278.0127,5895.938,878.0
206,2013-10-04,7037.0,806.0,1.0,0.0,0,0.0,5.0,-0.99956083,0.029633328,-0.8660254,0.5,4,0,0,1,0.0,1,6958.0,1,8884.0,1,6973.0,1,0.0,1,4893.0,1,7135.0,1,6984.0,3766.8076,4585.7295,-6958.0
206,2013-10-05,4484.0,526.0,1.0,0.0,0,0.0,6.0,-0.99956083,0.029633328,-0.8660254,0.5,4,0,0,1,7037.0,1,0.0,1,6080.0,1,6749.0,1,8053.0,1,5701.0,1,6973.0,1,6926.0,5074.8843,5130.456,7037.0
206,2013-10-06,0.0,0.0,0.0,0.0,0,0.0,7.0,-0.99956083,0.029633328,-0.8660254,0.5,4,0,0,1,4484.0,1,7037.0,1,6958.0,1,4818.0,1,7024.0,1,4951.0,1,7977.0,1,7476.0,4838.531,4986.7993,-2553.0
206,2013-10-07,9226.0,1016.0,1.0,1.0,0,0.0,1.0,-0.9890402,0.14764656,-0.8660254,0.5,4,0,0,1,0.0,1,4484.0,1,0.0,1,0.0,1,6235.0,1,4034.0,1,6683.0,1,5931.0,2903.1184,3878.6218,-4484.0
206,2013-10-08,8689.0,896.0,1.0,1.0,0,0.0,2.0,-0.9890402,0.14764656,-0.8660254,0.5,4,0,0,1,9226.0,1,0.0,1,7037.0,1,8884.0,1,6973.0,1,0.0,1,4164.0,1,4059.0,5432.271,5066.928,9226.0
206,2013-10-09,6790.0,799.0,1.0,1.0,0,0.0,3.0,-0.9890402,0.14764656,-0.8660254,0.5,4,0,0,1,8689.0,1,9226.0,1,4484.0,1,6080.0,1,6749.0,1,8053.0,1,0.0,1,0.0,6734.9624,5871.833,-537.0
206,2013-10-10,7537.0,908.0,1.0,1.0,0,0.0,4.0,-0.9890402,0.14764656,-0.8660254,0.5,4,0,0,1,6790.0,1,8689.0,1,0.0,1,6958.0,1,4818.0,1,7024.0,1,5582.0,1,6063.0,6756.9775,6075.87,-1899.0
206,2013-10-11,6378.0,721.0,1.0,1.0,0,0.0,5.0,-0.9890402,0.14764656,-0.8660254,0.5,4,0,0,1,7537.0,1,6790.0,1,9226.0,1,0.0,1,0.0,1,6235.0,1,6002.0,1,5361.0,7068.9863,6400.5654,747.0
206,2013-10-12,4441.0,502.0,1.0,0.0,0,0.0,6.0,-0.9890402,0.14764656,-0.8660254,0.5,4,0,0,1,6378.0,1,7537.0,1,8689.0,1,7037.0,1,8884.0,1,6973.0,1,4893.0,1,4929.0,6792.592,6395.551,-1159.0
206,2013-10-13,0.0,0.0,0.0,0.0,0,0.0,7.0,-0.9890402,0.14764656,-0.8660254,0.5,4,0,0,1,4441.0,1,6378.0,1,6790.0,1,4484.0,1,6080.0,1,6749.0,1,5701.0,1,5456.0,5851.955,5961.2065,-1937.0
206,2013-10-14,7070.0,840.0,1.0,0.0,0,0.0,1.0,-0.9646356,0.26358718,-0.8660254,0.5,4,0,0,1,0.0,1,4441.0,1,7537.0,1,0.0,1,6958.0,1,4818.0,1,4951.0,1,4795.0,3511.173,4636.4937,-4441.0
206,2013-10-15,6348.0,726.0,1.0,0.0,0,0.0,2.0,-0.9646356,0.26358718,-0.8660254,0.5,4,0,0,1,7070.0,1,0.0,1,6378.0,1,9226.0,1,0.0,1,0.0,1,4034.0,1,3267.0,4934.7036,5177.273,7070.0
206,2013-10-16,6203.0,756.0,1.0,0.0,0,0.0,3.0,-0.9646356,0.26358718,-0.8660254,0.5,4,0,0,1,6348.0,1,7070.0,1,4441.0,1,8689.0,1,7037.0,1,8884.0,1,0.0,1,0.0,5500.0225,5437.4346,-722.0
206,2013-10-17,5526.0,757.0,1.0,0.0,0,0.0,4.0,-0.9646356,0.26358718,-0.8660254,0.5,4,0,0,1,6203.0,1,6348.0,1,0.0,1,6790.0,1,4484.0,1,6080.0,1,8053.0,1,8866.0,5781.2134,5607.56,-145.0
206,2013-10-18,6085.0,772.0,1.0,0.0,0,0.0,5.0,-0.9646356,0.26358718,-0.8660254,0.5,4,0,0,1,5526.0,1,6203.0,1,7070.0,1,7537.0,1,0.0,1,6958.0,1,7024.0,1,7353.0,5679.128,5589.4355,-677.0
206,2013-10-19,4262.0,505.0,1.0,0.0,0,0.0,6.0,-0.9646356,0.26358718,-0.8660254,0.5,4,0,0,1,6085.0,1,5526.0,1,6348.0,1,6378.0,1,9226.0,1,0.0,1,6235.0,1,5734.0,5841.477,5699.561,559.0
206,2013-10-20,0.0,0.0,0.0,0.0,0,0.0,7.0,-0.9646356,0.26358718,-0.8660254,0.5,4,0,0,1,4262.0,1,6085.0,1,6203.0,1,4441.0,1,8689.0,1,7037.0,1,6973.0,1,6733.0,5209.686,5380.103,-1823.0
206,2013-10-21,8613.0,928.0,1.0,1.0,0,1.0,1.0,-0.9266896,0.37582758,-0.8660254,0.5,4,0,0,1,0.0,1,4262.0,1,5526.0,1,0.0,1,6790.0,1,4484.0,1,6749.0,1,7665.0,3125.8118,4184.5244,-4262.0
206,2013-10-22,6893.0,755.0,1.0,1.0,0,1.0,2.0,-0.9266896,0.37582758,-0.8660254,0.5,4,0,0,1,8613.0,1,0.0,1,6085.0,1,7070.0,1,7537.0,1,0.0,1,4818.0,1,5342.0,5320.687,5168.6304,8613.0
206,2013-10-23,5896.0,668.0,1.0,1.0,0,1.0,3.0,-0.9266896,0.37582758,-0.8660254,0.5,4,0,0,1,6893.0,1,8613.0,1,4262.0,1,6348.0,1,6378.0,1,9226.0,1,0.0,1,0.0,5949.6123,5551.8237,-1720.0
206,2013-10-24,7262.0,867.0,1.0,1.0,0,1.0,4.0,-0.9266896,0.37582758,-0.8660254,0.5,4,0,0,1,5896.0,1,6893.0,1,0.0,1,6203.0,1,4441.0,1,8689.0,1,8884.0,1,6320.0,5928.1675,5628.307,-997.0
206,2013-10-25,6424.0,712.0,1.0,1.0,0,1.0,5.0,-0.9266896,0.37582758,-0.8660254,0.5,4,0,0,1,7262.0,1,5896.0,1,8613.0,1,5526.0,1,0.0,1,6790.0,1,6080.0,1,6339.0,6461.7,5991.35,1366.0
206,2013-10-26,3580.0,451.0,1.0,0.0,0,0.0,6.0,-0.9266896,0.37582758,-0.8660254,0.5,4,0,0,1,6424.0,1,7262.0,1,6893.0,1,6085.0,1,7070.0,1,7537.0,1,6958.0,1,6055.0,6446.62,6087.4946,-838.0
206,2013-10-27,0.0,0.0,0.0,0.0,0,0.0,7.0,-0.9266896,0.37582758,-0.8660254,0.5,4,0,0,1,3580.0,1,6424.0,1,5896.0,1,4262.0,1,6348.0,1,6378.0,1,0.0,1,5715.0,5299.972,5530.2734,-2844.0
206,2013-10-28,5314.0,659.0,1.0,0.0,0,1.0,1.0,-0.8757349,0.4827922,-0.8660254,0.5,4,0,0,1,0.0,1,3580.0,1,7262.0,1,0.0,1,6203.0,1,4441.0,1,7037.0,1,5487.0,3179.9834,4301.3237,-3580.0
206,2013-10-29,5403.0,697.0,1.0,0.0,0,1.0,2.0,-0.8757349,0.4827922,-0.8660254,0.5,4,0,0,1,5314.0,1,0.0,1,6424.0,1,8613.0,1,5526.0,1,0.0,1,4484.0,1,4021.0,4033.59,4526.363,5314.0
206,2013-10-30,6324.0,765.0,1.0,0.0,0,1.0,3.0,-0.8757349,0.4827922,-0.8660254,0.5,4,0,0,1,5403.0,1,5314.0,1,3580.0,1,6893.0,1,6085.0,1,7070.0,1,0.0,1,0.0,4581.354,4721.1714,89.0
206,2013-10-31,8129.0,1005.0,1.0,0.0,0,1.0,4.0,-0.8757349,0.4827922,-0.8660254,0.5,4,0,1,1,6324.0,1,5403.0,1,0.0,1,5896.0,1,4262.0,1,6348.0,1,9226.0,1,9925.0,5278.4126,5077.3555,921.0
206,2013-11-01,0.0,0.0,0.0,0.0,1,1.0,5.0,-0.8757349,0.4827922,-0.5,0.8660254,4,1,0,1,8129.0,1,6324.0,1,5314.0,1,7262.0,1,0.0,1,6203.0,1,8689.0,1,7135.0,6418.6475,5755.4985,1805.0
206,2013-11-02,5512.0,592.0,1.0,0.0,0,0.0,6.0,-0.8757349,0.4827922,-0.5,0.8660254,4,0,0,1,0.0,1,8129.0,1,5403.0,1,6424.0,1,8613.0,1,5526.0,1,6790.0,1,6973.0,3851.1885,4476.499,-8129.0
206,2013-11-03,0.0,0.0,0.0,0.0,0,0.0,7.0,-0.8757349,0.4827922,-0.5,0.8660254,4,0,0,1,5512.0,1,0.0,1,6324.0,1,3580.0,1,6893.0,1,6085.0,1,7537.0,1,7977.0,4515.513,4706.6104,5512.0
206,2013-11-04,9295.0,933.0,1.0,1.0,0,0.0,1.0,-0.8124869,0.5829795,-0.5,0.8660254,4,0,0,1,0.0,1,5512.0,1,8129.0,1,0.0,1,5896.0,1,4262.0,1,6378.0,1,6683.0,2709.3079,3660.6968,-5512.0
206,2013-11-05,8220.0,898.0,1.0,1.0,0,0.0,2.0,-0.8124869,0.5829795,-0.5,0.8660254,4,0,0,1,9295.0,1,0.0,1,0.0,1,5314.0,1,7262.0,1,0.0,1,4441.0,1,4164.0,5343.5845,4912.764,9295.0
206,2013-11-06,7121.0,790.0,1.0,1.0,0,0.0,3.0,-0.8124869,0.5829795,-0.5,0.8660254,4,0,0,1,8220.0,1,9295.0,1,5512.0,1,5403.0,1,6424.0,1,8613.0,1,0.0,1,0.0,6494.151,5647.7056,-1075.0
206,2013-11-07,6676.0,826.0,1.0,1.0,0,0.0,4.0,-0.8124869,0.5829795,-0.5,0.8660254,4,0,0,1,7121.0,1,8220.0,1,0.0,1,6324.0,1,3580.0,1,6893.0,1,7070.0,1,5582.0,6744.8906,5975.1045,-1099.0
206,2013-11-08,7895.0,886.0,1.0,1.0,0,0.0,5.0,-0.8124869,0.5829795,-0.5,0.8660254,4,0,0,1,6676.0,1,7121.0,1,9295.0,1,8129.0,1,0.0,1,5896.0,1,6348.0,1,6002.0,6717.3345,6130.859,-445.0
206,2013-11-09,4567.0,550.0,1.0,0.0,0,0.0,6.0,-0.8124869,0.5829795,-0.5,0.8660254,4,0,0,1,7895.0,1,6676.0,1,8220.0,1,0.0,1,5314.0,1,7262.0,1,6203.0,1,4893.0,7188.4004,6522.89,1219.0
206,2013-11-10,0.0,0.0,0.0,0.0,0,0.0,7.0,-0.8124869,0.5829795,-0.5,0.8660254,4,0,0,1,4567.0,1,7895.0,1,7121.0,1,5512.0,1,5403.0,1,6424.0,1,5526.0,1,5701.0,6139.8403,6088.248,-3328.0
206,2013-11-11,6311.0,826.0,1.0,0.0,0,0.0,1.0,-0.73783326,0.674983,-0.5,0.8660254,4,0,0,1,0.0,1,4567.0,1,6676.0,1,0.0,1,6324.0,1,3580.0,1,6085.0,1,4951.0,3683.9043,4735.304,-4567.0
206,2013-11-12,6183.0,716.0,1.0,0.0,0,0.0,2.0,-0.73783326,0.674983,-0.5,0.8660254,4,0,0,1,6311.0,1,0.0,1,7895.0,1,9295.0,1,8129.0,1,0.0,1,4262.0,1,4034.0,4734.7427,5085.4585,6311.0
206,2013-11-13,5548.0,705.0,1.0,0.0,0,0.0,3.0,-0.73783326,0.674983,-0.5,0.8660254,4,0,0,1,6183.0,1,6311.0,1,4567.0,1,8220.0,1,0.0,1,5314.0,1,0.0,1,0.0,5314.0454,5329.357,-128.0
206,2013-11-14,6642.0,791.0,1.0,0.0,0,0.0,4.0,-0.73783326,0.674983,-0.5,0.8660254,4,0,0,1,5548.0,1,6183.0,1,0.0,1,7121.0,1,5512.0,1,5403.0,1,8613.0,1,8053.0,5407.6274,5377.9443,-635.0
206,2013-11-15,5791.0,739.0,1.0,0.0,0,0.0,5.0,-0.73783326,0.674983,-0.5,0.8660254,4,0,0,1,6642.0,1,5548.0,1,6311.0,1,6676.0,1,0.0,1,6324.0,1,6893.0,1,7024.0,5901.3765,5658.845,1094.0
206,2013-11-16,4937.0,549.0,1.0,0.0,0,0.0,6.0,-0.73783326,0.674983,-0.5,0.8660254,4,0,0,1,5791.0,1,6642.0,1,6183.0,1,7895.0,1,9295.0,1,8129.0,1,5896.0,1,6235.0,5857.226,5688.213,-851.0
206,2013-11-17,0.0,0.0,0.0,0.0,0,0.0,7.0,-0.73783326,0.674983,-0.5,0.8660254,4,0,0,1,4937.0,1,5791.0,1,5548.0,1,4567.0,1,8220.0,1,0.0,1,7262.0,1,6973.0,5489.1357,5521.277,-854.0
206,2013-11-18,8567.0,925.0,1.0,1.0,0,0.0,1.0,-0.65282214,0.75751126,-0.5,0.8660254,4,0,0,1,0.0,1,4937.0,1,6642.0,1,0.0,1,7121.0,1,5512.0,1,6424.0,1,6749.0,3293.4812,4294.3267,-4937.0
206,2013-11-19,7936.0,889.0,1.0,1.0,0,0.0,2.0,-0.65282214,0.75751126,-0.5,0.8660254,4,0,0,1,8567.0,1,0.0,1,5791.0,1,6311.0,1,6676.0,1,0.0,1,3580.0,1,4818.0,5402.8887,5243.8096,8567.0
206,2013-11-20,7393.0,820.0,1.0,1.0,0,0.0,3.0,-0.65282214,0.75751126,-0.5,0.8660254,4,0,0,1,7936.0,1,8567.0,1,4937.0,1,6183.0,1,7895.0,1,9295.0,1,0.0,1,0.0,6416.1333,5842.074,-631.0
206,2013-11-21,7558.0,893.0,1.0,1.0,0,0.0,4.0,-0.65282214,0.75751126,-0.5,0.8660254,4,0,0,1,7393.0,1,7936.0,1,0.0,1,5548.0,1,4567.0,1,8220.0,1,5314.0,1,8884.0,6806.88,6186.724,-543.0
206,2013-11-22,7270.0,828.0,1.0,1.0,0,0.0,5.0,-0.65282214,0.75751126,-0.5,0.8660254,4,0,0,1,7558.0,1,7393.0,1,8567.0,1,6642.0,1,0.0,1,7121.0,1,5403.0,1,6080.0,7107.328,6491.452,165.0
206,2013-11-23,4207.0,492.0,1.0,0.0,0,0.0,6.0,-0.65282214,0.75751126,-0.5,0.8660254,4,0,0,1,7270.0,1,7558.0,1,7936.0,1,5791.0,1,6311.0,1,6676.0,1,6324.0,1,6958.0,7172.397,6664.463,-288.0
206,2013-11-24,0.0,0.0,0.0,0.0,0,0.0,7.0,-0.65282214,0.75751126,-0.5,0.8660254,4,0,0,1,4207.0,1,7270.0,1,7393.0,1,4937.0,1,6183.0,1,7895.0,1,8129.0,1,0.0,5986.2383,6118.36,-3063.0
206,2013-11-25,7368.0,816.0,1.0,0.0,0,0.0,1.0,-0.55864674,0.82940567,-0.5,0.8660254,4,0,0,1,0.0,1,4207.0,1,7558.0,1,0.0,1,5548.0,1,4567.0,1,0.0,1,7037.0,3591.743,4758.7246,-4207.0
206,2013-11-26,6930.0,811.0,1.0,0.0,0,0.0,2.0,-0.55864674,0.82940567,-0.5,0.8660254,4,0,0,1,7368.0,1,0.0,1,7270.0,1,8567.0,1,6642.0,1,0.0,1,5512.0,1,4484.0,5102.2456,5338.5635,7368.0
206,2013-11-27,5858.0,707.0,1.0,0.0,0,0.0,3.0,-0.55864674,0.82940567,-0.5,0.8660254,4,0,0,1,6930.0,1,7368.0,1,4207.0,1,7936.0,1,5791.0,1,6311.0,1,0.0,1,0.0,5833.3477,5692.216,-438.0
206,2013-11-28,7448.0,864.0,1.0,0.0,0,0.0,4.0,-0.55864674,0.82940567,-0.5,0.8660254,4,0,0,1,5858.0,1,6930.0,1,0.0,1,7393.0,1,4937.0,1,6183.0,1,9295.0,1,9226.0,5843.2085,5729.057,-1072.0
206,2013-11-29,7391.0,783.0,1.0,0.0,0,0.0,5.0,-0.55864674,0.82940567,-0.5,0.8660254,4,0,0,1,7448.0,1,5858.0,1,7368.0,1,7558.0,1,0.0,1,5548.0,1,8220.0,1,8689.0,6485.125,6111.0444,1590.0
206,2013-11-30,6562.0,643.0,1.0,0.0,0,0.0,6.0,-0.55864674,0.82940567,-0.5,0.8660254,4,0,1,1,7391.0,1,7448.0,1,6930.0,1,7270.0,1,8567.0,1,6642.0,1,7121.0,1,6790.0,6847.475,6395.479,-57.0
206,2013-12-01,0.0,0.0,0.0,0.0,0,0.0,7.0,-0.55864674,0.82940567,-2.4492937e-16,1.0,4,1,0,1,6562.0,1,7391.0,1,5858.0,1,4207.0,1,7936.0,1,5791.0,1,6676.0,1,7537.0,6733.285,6432.4834,-829.0
206,2013-12-02,12272.0,1144.0,1.0,1.0,0,0.0,1.0,-0.45662925,0.8896571,-2.4492937e-16,1.0,4,0,0,1,0.0,1,6562.0,1,7448.0,1,0.0,1,7393.0,1,4937.0,1,7895.0,1,6378.0,4039.971,5003.043,-6562.0
206,2013-12-03,10765.0,1043.0,1.0,1.0,0,0.0,2.0,-0.45662925,0.8896571,-2.4492937e-16,1.0,4,0,0,1,12272.0,1,0.0,1,7391.0,1,7368.0,1,7558.0,1,0.0,1,4567.0,1,4441.0,7332.7827,6618.3667,12272.0
206,2013-12-04,8861.0,866.0,1.0,1.0,0,0.0,3.0,-0.45662925,0.8896571,-2.4492937e-16,1.0,4,0,0,1,10765.0,1,12272.0,1,6562.0,1,6930.0,1,7270.0,1,8567.0,1,0.0,1,0.0,8705.67,7539.841,-1507.0
206,2013-12-05,10399.0,984.0,1.0,1.0,0,0.0,4.0,-0.45662925,0.8896571,-2.4492937e-16,1.0,4,0,0,1,8861.0,1,10765.0,1,0.0,1,5858.0,1,4207.0,1,7936.0,1,6311.0,1,7070.0,8767.802,7833.4316,-1904.0
206,2013-12-06,8773.0,917.0,1.0,1.0,0,0.0,5.0,-0.45662925,0.8896571,-2.4492937e-16,1.0,4,0,0,1,10399.0,1,8861.0,1,12272.0,1,7448.0,1,0.0,1,7393.0,1,6183.0,1,6348.0,9420.281,8403.558,1538.0
206,2013-12-07,5042.0,538.0,1.0,0.0,0,0.0,6.0,-0.45662925,0.8896571,-2.4492937e-16,1.0,4,0,0,1,8773.0,1,10399.0,1,10765.0,1,7391.0,1,7368.0,1,7558.0,1,5548.0,1,6203.0,9161.368,8485.656,-1626.0
206,2013-12-08,0.0,0.0,0.0,0.0,0,0.0,7.0,-0.45662925,0.8896571,-2.4492937e-16,1.0,4,0,0,1,5042.0,1,8773.0,1,8861.0,1,6562.0,1,6930.0,1,7270.0,1,6642.0,1,5526.0,7513.621,7720.3994,-3731.0
206,2013-12-09,7859.0,870.0,1.0,0.0,0,0.0,1.0,-0.34820163,0.93741965,-2.4492937e-16,1.0,4,0,0,1,0.0,1,5042.0,1,10399.0,1,0.0,1,5858.0,1,4207.0,1,5791.0,1,6085.0,4508.173,6004.755,-5042.0
206,2013-12-10,7268.0,901.0,1.0,0.0,0,0.0,2.0,-0.34820163,0.93741965,-2.4492937e-16,1.0,4,0,0,1,7859.0,1,0.0,1,8773.0,1,12272.0,1,7448.0,1,0.0,1,4937.0,1,4262.0,5848.5034,6416.8096,7859.0
206,2013-12-11,7073.0,812.0,1.0,0.0,0,0.0,3.0,-0.34820163,0.93741965,-2.4492937e-16,1.0,4,0,0,1,7268.0,1,7859.0,1,5042.0,1,10765.0,1,7391.0,1,7368.0,1,0.0,1,0.0,6416.3022,6605.963,-591.0
206,2013-12-12,7722.0,882.0,1.0,0.0,0,0.0,4.0,-0.34820163,0.93741965,-2.4492937e-16,1.0,4,0,0,1,7073.0,1,7268.0,1,0.0,1,8861.0,1,6562.0,1,6930.0,1,8567.0,1,8613.0,6678.9814,6709.749,-195.0
206,2013-12-13,7015.0,796.0,1.0,0.0,0,0.0,5.0,-0.34820163,0.93741965,-2.4492937e-16,1.0,4,0,0,1,7722.0,1,7073.0,1,7859.0,1,10399.0,1,0.0,1,5858.0,1,7936.0,1,6893.0,7096.189,6934.6934,649.0
206,2013-12-14,5692.0,550.0,1.0,0.0,0,0.0,6.0,-0.34820163,0.93741965,-2.4492937e-16,1.0,4,0,0,1,7015.0,1,7722.0,1,7268.0,1,8773.0,1,12272.0,1,7448.0,1,7393.0,1,5896.0,7063.7134,6952.5396,-707.0
206,2013-12-15,0.0,0.0,0.0,0.0,0,0.0,7.0,-0.34820163,0.93741965,-2.4492937e-16,1.0,4,0,0,1,5692.0,1,7015.0,1,7073.0,1,5042.0,1,10765.0,1,7391.0,1,7558.0,1,7262.0,6515.028,6672.4194,-1323.0
206,2013-12-16,14168.0,1287.0,1.0,1.0,0,0.0,1.0,-0.23488605,0.9720229,-2.4492937e-16,1.0,4,0,0,1,0.0,1,5692.0,1,7722.0,1,0.0,1,8861.0,1,6562.0,1,7270.0,1,6424.0,3909.0168,5189.6597,-5692.0
206,2013-12-17,12942.0,1195.0,1.0,1.0,0,0.0,2.0,-0.23488605,0.9720229,-2.4492937e-16,1.0,4,0,0,1,14168.0,1,0.0,1,7015.0,1,7859.0,1,10399.0,1,0.0,1,4207.0,1,3580.0,8012.61,7184.846,14168.0
206,2013-12-18,10792.0,1041.0,1.0,1.0,0,0.0,3.0,-0.23488605,0.9720229,-2.4492937e-16,1.0,4,0,0,1,12942.0,1,14168.0,1,5692.0,1,7268.0,1,8773.0,1,12272.0,1,0.0,1,0.0,9984.366,8464.214,-1226.0
206,2013-12-19,11482.0,1137.0,1.0,1.0,0,0.0,4.0,-0.23488605,0.9720229,-2.4492937e-16,1.0,4,0,0,1,10792.0,1,12942.0,1,0.0,1,7073.0,1,5042.0,1,10765.0,1,7368.0,1,5314.0,10307.42,8981.5,-2150.0
206,2013-12-20,11240.0,1113.0,1.0,1.0,0,0.0,5.0,-0.23488605,0.9720229,-2.4492937e-16,1.0,4,0,0,1,11482.0,1,10792.0,1,14168.0,1,7722.0,1,0.0,1,8861.0,1,6930.0,1,5403.0,10777.252,9537.166,690.0
206,2013-12-21,7903.0,775.0,1.0,0.0,0,0.0,6.0,-0.23488605,0.9720229,-2.4492937e-16,1.0,4,0,0,1,11240.0,1,11482.0,1,12942.0,1,7015.0,1,7859.0,1,10399.0,1,5858.0,1,6324.0,10962.351,9915.574,-242.0
206,2013-12-22,0.0,0.0,0.0,0.0,0,0.0,7.0,-0.23488605,0.9720229,-2.4492937e-16,1.0,4,0,0,1,7903.0,1,11240.0,1,10792.0,1,5692.0,1,7268.0,1,8773.0,1,7448.0,1,8129.0,9738.61,9468.335,-3337.0
206,2013-12-23,13816.0,1419.0,1.0,0.0,0,1.0,1.0,-0.11827317,0.9929811,-2.4492937e-16,1.0,4,0,0,1,0.0,1,7903.0,1,11482.0,1,0.0,1,7073.0,1,5042.0,1,7391.0,1,0.0,5843.1665,7364.2607,-7903.0
206,2013-12-24,4604.0,499.0,1.0,0.0,0,1.0,2.0,-0.11827317,0.9929811,-2.4492937e-16,1.0,4,0,0,1,13816.0,1,0.0,1,11240.0,1,14168.0,1,7722.0,1,0.0,1,6562.0,1,5512.0,9032.3,8797.98,13816.0
206,2013-12-25,0.0,0.0,0.0,0.0,3,1.0,3.0,-0.11827317,0.9929811,-2.4492937e-16,1.0,4,0,0,1,4604.0,1,13816.0,1,7903.0,1,12942.0,1,7015.0,1,7859.0,1,0.0,1,0.0,7260.98,7865.985,-9212.0
206,2013-12-26,0.0,0.0,0.0,0.0,3,1.0,4.0,-0.11827317,0.9929811,-2.4492937e-16,1.0,4,0,0,1,0.0,1,4604.0,1,0.0,1,10792.0,1,5692.0,1,7268.0,1,12272.0,1,9295.0,4356.588,6117.9883,-4604.0
206,2013-12-27,7269.0,761.0,1.0,0.0,0,1.0,5.0,-0.11827317,0.9929811,-2.4492937e-16,1.0,4,0,0,1,0.0,1,0.0,1,13816.0,1,11482.0,1,0.0,1,7073.0,1,10765.0,1,8220.0,2613.953,4758.4355,0.0
206,2013-12-28,5282.0,578.0,1.0,0.0,0,0.0,6.0,-0.11827317,0.9929811,-2.4492937e-16,1.0,4,0,0,1,7269.0,1,0.0,1,4604.0,1,11240.0,1,14168.0,1,7722.0,1,8861.0,1,7121.0,4475.9717,5316.3384,7269.0
206,2013-12-29,0.0,0.0,0.0,0.0,0,0.0,7.0,-0.11827317,0.9929811,-2.4492937e-16,1.0,4,0,0,1,5282.0,1,7269.0,1,0.0,1,7903.0,1,12942.0,1,7015.0,1,10399.0,1,6676.0,4798.383,5308.708,-1987.0
206,2013-12-30,9911.0,1059.0,1.0,0.0,0,1.0,1.0,0.11827317,0.9929811,-2.4492937e-16,1.0,4,0,0,1,0.0,1,5282.0,1,0.0,1,0.0,1,10792.0,1,5692.0,1,8773.0,1,7895.0,2879.0298,4128.995,-5282.0
206,2013-12-31,4899.0,524.0,1.0,0.0,0,1.0,2.0,0.11827317,0.9929811,-2.4492937e-16,1.0,4,0,1,1,9911.0,1,0.0,1,7269.0,1,13816.0,1,11482.0,1,0.0,1,5042.0,1,4567.0,5691.818,5413.885,9911.0
206,2014-01-01,0.0,0.0,0.0,0.0,1,1.0,3.0,0.11827317,0.9929811,0.5,0.8660254,1,1,0,1,4899.0,1,9911.0,1,5282.0,1,4604.0,1,11240.0,1,14168.0,1,0.0,1,0.0,5374.691,5299.4663,-5012.0
206,2014-01-02,6506.0,817.0,1.0,0.0,0,1.0,4.0,0.11827317,0.9929811,0.5,0.8660254,1,0,0,1,0.0,1,4899.0,1,0.0,1,0.0,1,7903.0,1,12942.0,1,7859.0,1,6311.0,3224.8145,4121.807,-4899.0
206,2014-01-03,6890.0,778.0,1.0,0.0,0,1.0,5.0,0.11827317,0.9929811,0.5,0.8660254,1,0,0,1,6506.0,1,0.0,1,9911.0,1,0.0,1,0.0,1,10792.0,1,7268.0,1,6183.0,4537.2886,4651.6274,6506.0
206,2014-01-04,4929.0,555.0,1.0,0.0,0,0.0,6.0,0.11827317,0.9929811,0.5,0.8660254,1,0,0,1,6890.0,1,6506.0,1,4899.0,1,7269.0,1,13816.0,1,11482.0,1,7073.0,1,5548.0,5478.373,5149.044,384.0
206,2014-01-05,0.0,0.0,0.0,0.0,0,0.0,7.0,0.11827317,0.9929811,0.5,0.8660254,1,0,0,1,4929.0,1,6890.0,1,0.0,1,5282.0,1,4604.0,1,11240.0,1,7722.0,1,6642.0,5258.624,5100.145,-1961.0
206,2014-01-06,10954.0,1039.0,1.0,1.0,0,1.0,1.0,0.23488605,0.9720229,0.5,0.8660254,1,0,0,1,0.0,1,4929.0,1,6506.0,1,0.0,1,0.0,1,7903.0,1,7015.0,1,5791.0,3155.1743,3966.7795,-4929.0
206,2014-01-07,9192.0,961.0,1.0,1.0,0,1.0,2.0,0.23488605,0.9720229,0.5,0.8660254,1,0,0,1,10954.0,1,0.0,1,6890.0,1,9911.0,1,0.0,1,0.0,1,5692.0,1,4937.0,6274.7046,5519.495,10954.0
206,2014-01-08,7937.0,861.0,1.0,1.0,0,0.0,3.0,0.23488605,0.9720229,0.5,0.8660254,1,0,0,1,9192.0,1,10954.0,1,4929.0,1,4899.0,1,7269.0,1,13816.0,1,0.0,1,0.0,7441.6226,6335.6074,-1762.0
206,2014-01-09,7767.0,831.0,1.0,1.0,0,0.0,4.0,0.23488605,0.9720229,0.5,0.8660254,1,0,0,1,7937.0,1,9192.0,1,0.0,1,0.0,1,5282.0,1,4604.0,1,14168.0,1,8567.0,7639.7734,6691.472,-1255.0
206,2014-01-10,8140.0,881.0,1.0,1.0,0,0.0,5.0,0.23488605,0.9720229,0.5,0.8660254,1,0,0,1,7767.0,1,7937.0,1,10954.0,1,6506.0,1,0.0,1,0.0,1,12942.0,1,7936.0,7690.664,6930.4785,-170.0
206,2014-01-11,4777.0,527.0,1.0,0.0,0,0.0,6.0,0.23488605,0.9720229,0.5,0.8660254,1,0,0,1,8140.0,1,7767.0,1,9192.0,1,6890.0,1,9911.0,1,0.0,1,10792.0,1,7393.0,7870.3984,7199.261,373.0
206,2014-01-12,0.0,0.0,0.0,0.0,0,0.0,7.0,0.23488605,0.9720229,0.5,0.8660254,1,0,0,1,4777.0,1,8140.0,1,7937.0,1,4929.0,1,4899.0,1,7269.0,1,11482.0,1,7558.0,6633.039,6660.981,-3363.0
206,2014-01-13,6028.0,788.0,1.0,0.0,0,0.0,1.0,0.34820163,0.93741965,0.5,0.8660254,1,0,0,1,0.0,1,4777.0,1,7767.0,1,0.0,1,0.0,1,5282.0,1,11240.0,1,7270.0,3979.8235,5180.7627,-4777.0
206,2014-01-14,5591.0,759.0,1.0,0.0,0,0.0,2.0,0.34820163,0.93741965,0.5,0.8660254,1,0,0,1,6028.0,1,0.0,1,8140.0,1,10954.0,1,6506.0,1,0.0,1,7903.0,1,4207.0,4799.094,5369.0376,6028.0
206,2014-01-15,5854.0,761.0,1.0,0.0,0,0.0,3.0,0.34820163,0.93741965,0.5,0.8660254,1,0,0,1,5591.0,1,6028.0,1,4777.0,1,9192.0,1,6890.0,1,9911.0,1,0.0,1,0.0,5115.8564,5418.363,-437.0
206,2014-01-16,6316.0,775.0,1.0,0.0,0,0.0,4.0,0.34820163,0.93741965,0.5,0.8660254,1,0,0,1,5854.0,1,5591.0,1,0.0,1,7937.0,1,4929.0,1,4899.0,1,13816.0,1,7368.0,5411.114,5515.171,263.0
206,2014-01-17,5727.0,697.0,1.0,0.0,0,0.0,5.0,0.34820163,0.93741965,0.5,0.8660254,1,0,0,1,6316.0,1,5854.0,1,6028.0,1,7767.0,1,0.0,1,0.0,1,4604.0,1,6930.0,5773.0684,5693.133,462.0
206,2014-01-18,4065.0,496.0,1.0,0.0,0,0.0,6.0,0.34820163,0.93741965,0.5,0.8660254,1,0,0,1,5727.0,1,6316.0,1,5591.0,1,8140.0,1,10954.0,1,6506.0,1,0.0,1,5858.0,5754.641,5700.659,-589.0
206,2014-01-19,0.0,0.0,0.0,0.0,0,0.0,7.0,0.34820163,0.93741965,0.5,0.8660254,1,0,0,1,4065.0,1,5727.0,1,5854.0,1,4777.0,1,9192.0,1,6890.0,1,0.0,1,7448.0,5078.7847,5337.179,-1662.0
206,2014-01-20,10153.0,945.0,1.0,1.0,0,0.0,1.0,0.45662925,0.8896571,0.5,0.8660254,1,0,0,1,0.0,1,4065.0,1,6316.0,1,0.0,1,7937.0,1,4929.0,1,7269.0,1,7391.0,3047.2708,4151.139,-4065.0
206,2014-01-21,7874.0,821.0,1.0,1.0,0,0.0,2.0,0.45662925,0.8896571,0.5,0.8660254,1,0,0,1,10153.0,1,0.0,1,5727.0,1,6028.0,1,7767.0,1,0.0,1,5282.0,1,6562.0,5889.5625,5484.886,10153.0
206,2014-01-22,7411.0,889.0,1.0,1.0,0,0.0,3.0,0.45662925,0.8896571,0.5,0.8660254,1,0,0,1,7874.0,1,10153.0,1,4065.0,1,5591.0,1,8140.0,1,10954.0,1,0.0,1,0.0,6683.3374,6015.8003,-2279.0
206,2014-01-23,7997.0,941.0,1.0,1.0,0,0.0,4.0,0.45662925,0.8896571,0.5,0.8660254,1,0,0,1,7411.0,1,7874.0,1,0.0,1,5854.0,1,4777.0,1,9192.0,1,9911.0,1,12272.0,6974.4023,6325.8447,-463.0
206,2014-01-24,7460.0,820.0,1.0,1.0,0,0.0,5.0,0.45662925,0.8896571,0.5,0.8660254,1,0,0,1,7997.0,1,7411.0,1,10153.0,1,6316.0,1,0.0,1,7937.0,1,4899.0,1,10765.0,7383.4414,6697.2124,586.0
206,2014-01-25,4096.0,507.0,1.0,0.0,0,0.0,6.0,0.45662925,0.8896571,0.5,0.8660254,1,0,0,1,7460.0,1,7997.0,1,7874.0,1,5727.0,1,6028.0,1,7767.0,1,0.0,1,8861.0,7414.065,6866.7207,-537.0
206,2014-01-26,0.0,0.0,0.0,0.0,0,0.0,7.0,0.45662925,0.8896571,0.5,0.8660254,1,0,0,1,4096.0,1,7460.0,1,7411.0,1,4065.0,1,5591.0,1,8140.0,1,6506.0,1,10399.0,6086.839,6251.0054,-3364.0
206,2014-01-27,5893.0,759.0,1.0,0.0,0,0.0,1.0,0.55864674,0.82940567,0.5,0.8660254,1,0,0,1,0.0,1,4096.0,1,7997.0,1,0.0,1,5854.0,1,4777.0,1,6890.0,1,8773.0,3652.1033,4861.893,-4096.0
206,2014-01-28,6184.0,793.0,1.0,0.0,0,0.0,2.0,0.55864674,0.82940567,0.5,0.8660254,1,0,0,1,5893.0,1,0.0,1,7460.0,1,10153.0,1,6316.0,1,0.0,1,4929.0,1,5042.0,4548.462,5091.028,5893.0
206,2014-01-29,5173.0,691.0,1.0,0.0,0,0.0,3.0,0.55864674,0.82940567,0.5,0.8660254,1,0,0,1,6184.0,1,5893.0,1,4096.0,1,7874.0,1,5727.0,1,6028.0,1,0.0,1,0.0,5202.6772,5333.9106,291.0
206,2014-01-30,6912.0,803.0,1.0,0.0,0,0.0,4.0,0.55864674,0.82940567,0.5,0.8660254,1,0,0,1,5173.0,1,6184.0,1,0.0,1,7411.0,1,4065.0,1,5591.0,1,10954.0,1,7859.0,5190.806,5298.153,-1011.0
206,2014-01-31,7756.0,866.0,1.0,0.0,0,0.0,5.0,0.55864674,0.82940567,0.5,0.8660254,1,0,1,1,6912.0,1,5173.0,1,5893.0,1,7997.0,1,0.0,1,5854.0,1,9192.0,1,7268.0,5879.2837,5656.785,1739.0
206,2014-02-01,5124.0,506.0,1.0,0.0,0,0.0,6.0,0.55864674,0.82940567,0.8660254,0.5,1,1,0,1,7756.0,1,6912.0,1,6184.0,1,7460.0,1,10153.0,1,6316.0,1,7937.0,1,7073.0,6629.97,6123.2773,844.0
206,2014-02-02,0.0,0.0,0.0,0.0,0,0.0,7.0,0.55864674,0.82940567,0.8660254,0.5,1,0,0,1,5124.0,1,7756.0,1,5173.0,1,4096.0,1,7874.0,1,5727.0,1,7767.0,1,7722.0,6027.582,5901.216,-2632.0
206,2014-02-03,10783.0,1101.0,1.0,1.0,0,0.0,1.0,0.65282214,0.75751126,0.8660254,0.5,1,0,0,1,0.0,1,5124.0,1,6912.0,1,0.0,1,7411.0,1,4065.0,1,8140.0,1,7015.0,3616.5493,4589.8345,-5124.0
206,2014-02-04,9383.0,989.0,1.0,1.0,0,0.0,2.0,0.65282214,0.75751126,0.8660254,0.5,1,0,0,1,10783.0,1,0.0,1,7756.0,1,5893.0,1,7997.0,1,0.0,1,4777.0,1,5692.0,6483.1294,5966.0938,10783.0
206,2014-02-05,7946.0,882.0,1.0,1.0,0,0.0,3.0,0.65282214,0.75751126,0.8660254,0.5,1,0,0,1,9383.0,1,10783.0,1,5124.0,1,6184.0,1,7460.0,1,10153.0,1,0.0,1,0.0,7643.0776,6725.4062,-1400.0
206,2014-02-06,7911.0,951.0,1.0,1.0,0,0.0,4.0,0.65282214,0.75751126,0.8660254,0.5,1,0,0,1,7946.0,1,9383.0,1,0.0,1,5173.0,1,4096.0,1,7874.0,1,6028.0,1,14168.0,7764.2466,6996.6494,-1437.0
206,2014-02-07,6965.0,780.0,1.0,1.0,0,0.0,5.0,0.65282214,0.75751126,0.8660254,0.5,1,0,0,1,7911.0,1,7946.0,1,10783.0,1,6912.0,1,0.0,1,7411.0,1,5591.0,1,12942.0,7822.9478,7199.8384,-35.0
206,2014-02-08,5066.0,544.0,1.0,0.0,0,0.0,6.0,0.65282214,0.75751126,0.8660254,0.5,1,0,0,1,6965.0,1,7911.0,1,9383.0,1,7756.0,1,5893.0,1,7997.0,1,5854.0,1,10792.0,7479.7686,7147.652,-946.0
206,2014-02-09,0.0,0.0,0.0,0.0,0,0.0,7.0,0.65282214,0.75751126,0.8660254,0.5,1,0,0,1,5066.0,1,6965.0,1,7946.0,1,5124.0,1,6184.0,1,7460.0,1,6316.0,1,11482.0,6514.261,6685.0625,-1899.0
206,2014-02-10,6530.0,781.0,1.0,0.0,0,0.0,1.0,0.73783326,0.674983,0.8660254,0.5,1,0,0,1,0.0,1,5066.0,1,7911.0,1,0.0,1,5173.0,1,4096.0,1,5727.0,1,11240.0,3908.557,5199.493,-5066.0
206,2014-02-11,6086.0,791.0,1.0,0.0,0,0.0,2.0,0.73783326,0.674983,0.8660254,0.5,1,0,0,1,6530.0,1,0.0,1,6965.0,1,10783.0,1,6912.0,1,0.0,1,4065.0,1,7903.0,4957.1343,5495.161,6530.0
206,2014-02-12,6401.0,794.0,1.0,0.0,0,0.0,3.0,0.73783326,0.674983,0.8660254,0.5,1,0,0,1,6086.0,1,6530.0,1,5066.0,1,9383.0,1,7756.0,1,5893.0,1,0.0,1,0.0,5408.6807,5626.459,-444.0
206,2014-02-13,6392.0,835.0,1.0,0.0,0,0.0,4.0,0.73783326,0.674983,0.8660254,0.5,1,0,0,1,6401.0,1,6086.0,1,0.0,1,7946.0,1,5124.0,1,6184.0,1,10153.0,1,13816.0,5805.6084,5798.579,315.0
206,2014-02-14,6927.0,852.0,1.0,0.0,0,0.0,5.0,0.73783326,0.674983,0.8660254,0.5,1,0,0,1,6392.0,1,6401.0,1,6530.0,1,7911.0,1,0.0,1,5173.0,1,7874.0,1,4604.0,6040.165,5930.45,-9.0
206,2014-02-15,5029.0,615.0,1.0,0.0,0,0.0,6.0,0.73783326,0.674983,0.8660254,0.5,1,0,0,1,6927.0,1,6392.0,1,6086.0,1,6965.0,1,10783.0,1,6912.0,1,7411.0,1,0.0,6394.899,6151.906,535.0
206,2014-02-16,0.0,0.0,0.0,0.0,0,0.0,7.0,0.73783326,0.674983,0.8660254,0.5,1,0,0,1,5029.0,1,6927.0,1,6401.0,1,5066.0,1,9383.0,1,7756.0,1,7997.0,1,0.0,5848.5396,5902.371,-1898.0
206,2014-02-17,9587.0,1031.0,1.0,1.0,0,0.0,1.0,0.8124869,0.5829795,0.8660254,0.5,1,0,0,1,0.0,1,5029.0,1,6392.0,1,0.0,1,7946.0,1,5124.0,1,7460.0,1,7269.0,3509.1235,4590.7334,-5029.0
206,2014-02-18,8605.0,898.0,1.0,1.0,0,0.0,2.0,0.8124869,0.5829795,0.8660254,0.5,1,0,0,1,9587.0,1,0.0,1,6927.0,1,6530.0,1,7911.0,1,0.0,1,4096.0,1,5282.0,5940.2744,5701.0146,9587.0
206,2014-02-19,6862.0,779.0,1.0,1.0,0,0.0,3.0,0.8124869,0.5829795,0.8660254,0.5,1,0,0,1,8605.0,1,9587.0,1,5029.0,1,6086.0,1,6965.0,1,10783.0,1,0.0,1,0.0,7006.1646,6346.3447,-982.0
206,2014-02-20,7816.0,952.0,1.0,1.0,0,0.0,4.0,0.8124869,0.5829795,0.8660254,0.5,1,0,0,1,6862.0,1,8605.0,1,0.0,1,6401.0,1,5066.0,1,9383.0,1,5893.0,1,9911.0,6948.4985,6460.935,-1743.0
206,2014-02-21,7257.0,828.0,1.0,1.0,0,0.0,5.0,0.8124869,0.5829795,0.8660254,0.5,1,0,0,1,7816.0,1,6862.0,1,9587.0,1,6392.0,1,0.0,1,7946.0,1,6184.0,1,4899.0,7295.499,6762.0605,954.0
206,2014-02-22,4525.0,565.0,1.0,0.0,0,0.0,6.0,0.8124869,0.5829795,0.8660254,0.5,1,0,0,1,7257.0,1,7816.0,1,8605.0,1,6927.0,1,6530.0,1,7911.0,1,5173.0,1,0.0,7280.0996,6872.047,-559.0
206,2014-02-23,0.0,0.0,0.0,0.0,0,0.0,7.0,0.8124869,0.5829795,0.8660254,0.5,1,0,0,1,4525.0,1,7257.0,1,6862.0,1,5029.0,1,6086.0,1,6965.0,1,6912.0,1,6506.0,6178.0596,6350.481,-2732.0
206,2014-02-24,6086.0,788.0,1.0,0.0,0,0.0,1.0,0.8757349,0.4827922,0.8660254,0.5,1,0,0,1,0.0,1,4525.0,1,7816.0,1,0.0,1,6401.0,1,5066.0,1,7756.0,1,6890.0,3706.836,4939.263,-4525.0
206,2014-02-25,5498.0,748.0,1.0,0.0,0,0.0,2.0,0.8757349,0.4827922,0.8660254,0.5,1,0,0,1,6086.0,1,0.0,1,7257.0,1,9587.0,1,6392.0,1,0.0,1,5124.0,1,4929.0,4658.5015,5194.0933,6086.0
206,2014-02-26,5645.0,711.0,1.0,0.0,0,0.0,3.0,0.8757349,0.4827922,0.8660254,0.5,1,0,0,1,5498.0,1,6086.0,1,4525.0,1,8605.0,1,6927.0,1,6530.0,1,0.0,1,0.0,4994.301,5261.6284,-588.0
206,2014-02-27,6469.0,827.0,1.0,0.0,0,0.0,4.0,0.8757349,0.4827922,0.8660254,0.5,1,0,0,1,5645.0,1,5498.0,1,0.0,1,6862.0,1,5029.0,1,6086.0,1,10783.0,1,10954.0,5254.5806,5346.822,147.0
206,2014-02-28,7651.0,864.0,1.0,0.0,0,0.0,5.0,0.8757349,0.4827922,0.8660254,0.5,1,0,1,1,6469.0,1,5645.0,1,6086.0,1,7816.0,1,0.0,1,6401.0,1,9383.0,1,9192.0,5740.348,5596.195,824.0
206,2014-03-01,5084.0,570.0,1.0,0.0,0,0.0,6.0,0.8757349,0.4827922,1.0,6.123234e-17,1,1,0,1,7651.0,1,6469.0,1,5498.0,1,7257.0,1,9587.0,1,6392.0,1,7946.0,1,7937.0,6504.609,6052.8184,1182.0
206,2014-03-02,0.0,0.0,0.0,0.0,0,0.0,7.0,0.8757349,0.4827922,1.0,6.123234e-17,1,0,0,1,5084.0,1,7651.0,1,5645.0,1,4525.0,1,8605.0,1,6927.0,1,7911.0,1,7767.0,5936.365,5837.5254,-2567.0
206,2014-03-03,9716.0,926.0,1.0,1.0,0,0.0,1.0,0.9266896,0.37582758,1.0,6.123234e-17,1,0,0,1,0.0,1,5084.0,1,6469.0,1,0.0,1,6862.0,1,5029.0,1,6965.0,1,8140.0,3561.8193,4540.2974,-5084.0
206,2014-03-04,9025.0,1007.0,1.0,1.0,0,0.0,2.0,0.9266896,0.37582758,1.0,6.123234e-17,1,0,0,1,9716.0,1,0.0,1,7651.0,1,6086.0,1,7816.0,1,0.0,1,5066.0,1,4777.0,6023.4917,5690.4536,9716.0
206,2014-03-05,9254.0,945.0,1.0,1.0,0,0.0,3.0,0.9266896,0.37582758,1.0,6.123234e-17,1,0,0,1,9025.0,1,9716.0,1,5084.0,1,5498.0,1,7257.0,1,9587.0,1,0.0,1,0.0,7224.0947,6431.464,-691.0
206,2014-03-06,9107.0,1005.0,1.0,1.0,0,0.0,4.0,0.9266896,0.37582758,1.0,6.123234e-17,1,0,0,1,9254.0,1,9025.0,1,0.0,1,5645.0,1,4525.0,1,8605.0,1,6530.0,1,6028.0,8036.057,7058.6943,229.0
206,2014-03-07,8622.0,920.0,1.0,1.0,0,0.0,5.0,0.9266896,0.37582758,1.0,6.123234e-17,1,0,0,1,9107.0,1,9254.0,1,9716.0,1,6469.0,1,0.0,1,6862.0,1,6086.0,1,5591.0,8464.435,7513.873,-147.0
206,2014-03-08,4239.0,523.0,1.0,0.0,0,0.0,6.0,0.9266896,0.37582758,1.0,6.123234e-17,1,0,0,1,8622.0,1,9107.0,1,9025.0,1,7651.0,1,6086.0,1,7816.0,1,6401.0,1,5854.0,8527.461,7760.1235,-485.0
206,2014-03-09,0.0,0.0,0.0,0.0,0,0.0,7.0,0.9266896,0.37582758,1.0,6.123234e-17,1,0,0,1,4239.0,1,8622.0,1,9254.0,1,5084.0,1,5498.0,1,7257.0,1,6392.0,1,6316.0,6812.076,6977.652,-4383.0
206,2014-03-10,6797.0,861.0,1.0,0.0,0,0.0,1.0,0.9646356,0.26358718,1.0,6.123234e-17,1,0,0,1,0.0,1,4239.0,1,9107.0,1,0.0,1,5645.0,1,4525.0,1,6927.0,1,5727.0,4087.2458,5427.0625,-4239.0
206,2014-03-11,6290.0,832.0,1.0,0.0,0,0.0,2.0,0.9646356,0.26358718,1.0,6.123234e-17,1,0,0,1,6797.0,1,0.0,1,8622.0,1,9716.0,1,6469.0,1,0.0,1,5029.0,1,4065.0,5171.1475,5731.493,6797.0
206,2014-03-12,5416.0,694.0,1.0,0.0,0,0.0,3.0,0.9646356,0.26358718,1.0,6.123234e-17,1,0,0,1,6290.0,1,6797.0,1,4239.0,1,9025.0,1,7651.0,1,6086.0,1,0.0,1,0.0,5618.6885,5855.6055,-507.0
206,2014-03-13,5916.0,813.0,1.0,0.0,0,0.0,4.0,0.9646356,0.26358718,1.0,6.123234e-17,1,0,0,1,5416.0,1,6290.0,1,0.0,1,9254.0,1,5084.0,1,5498.0,1,9587.0,1,10153.0,5537.6133,5757.9155,-874.0
206,2014-03-14,5594.0,717.0,1.0,0.0,0,0.0,5.0,0.9646356,0.26358718,1.0,6.123234e-17,1,0,0,1,5916.0,1,5416.0,1,6797.0,1,9107.0,1,0.0,1,5645.0,1,8605.0,1,7874.0,5688.968,5793.0454,500.0
206,2014-03-15,3956.0,462.0,1.0,0.0,0,0.0,6.0,0.9646356,0.26358718,1.0,6.123234e-17,1,0,0,1,5594.0,1,5916.0,1,6290.0,1,8622.0,1,9716.0,1,6469.0,1,6862.0,1,7411.0,5650.9805,5748.813,-322.0
206,2014-03-16,0.0,0.0,0.0,0.0,0,0.0,7.0,0.9646356,0.26358718,1.0,6.123234e-17,1,0,0,1,3956.0,1,5594.0,1,5416.0,1,4239.0,1,9025.0,1,7651.0,1,7816.0,1,7997.0,4972.9883,5350.41,-1638.0
206,2014-03-17,9294.0,989.0,1.0,1.0,0,0.0,1.0,0.9890402,0.14764656,1.0,6.123234e-17,1,0,0,1,0.0,1,3956.0,1,5916.0,1,0.0,1,9254.0,1,5084.0,1,7257.0,1,7460.0,2983.793,4161.43,-3956.0
206,2014-03-18,7609.0,716.0,1.0,1.0,0,0.0,2.0,0.9890402,0.14764656,1.0,6.123234e-17,1,0,0,1,9294.0,1,0.0,1,5594.0,1,6797.0,1,9107.0,1,0.0,1,4525.0,1,4096.0,5507.876,5302.0015,9294.0
206,2014-03-19,8230.0,891.0,1.0,1.0,0,0.0,3.0,0.9890402,0.14764656,1.0,6.123234e-17,1,0,0,1,7609.0,1,9294.0,1,3956.0,1,6290.0,1,8622.0,1,9716.0,1,0.0,1,0.0,6348.3257,5814.6675,-1685.0
206,2014-03-20,7989.0,960.0,1.0,1.0,0,0.0,4.0,0.9890402,0.14764656,1.0,6.123234e-17,1,0,0,1,8230.0,1,7609.0,1,0.0,1,5416.0,1,4239.0,1,9025.0,1,6086.0,1,5893.0,7100.995,6351.408,621.0
206,2014-03-21,7491.0,824.0,1.0,1.0,0,0.0,5.0,0.9890402,0.14764656,1.0,6.123234e-17,1,0,0,1,7989.0,1,8230.0,1,9294.0,1,5916.0,1,0.0,1,9254.0,1,5498.0,1,6184.0,7456.1973,6715.3174,-241.0
206,2014-03-22,4453.0,517.0,1.0,0.0,0,0.0,6.0,0.9890402,0.14764656,1.0,6.123234e-17,1,0,0,1,7491.0,1,7989.0,1,7609.0,1,5594.0,1,6797.0,1,9107.0,1,5645.0,1,5173.0,7470.118,6887.6914,-498.0
206,2014-03-23,0.0,0.0,0.0,0.0,0,0.0,7.0,0.9890402,0.14764656,1.0,6.123234e-17,1,0,0,1,4453.0,1,7491.0,1,8230.0,1,3956.0,1,6290.0,1,8622.0,1,6469.0,1,6912.0,6263.271,6346.649,-3038.0
206,2014-03-24,7158.0,848.0,1.0,0.0,0,0.0,1.0,0.99956083,0.029633328,1.0,6.123234e-17,1,0,0,1,0.0,1,4453.0,1,7989.0,1,0.0,1,5416.0,1,4239.0,1,7651.0,1,7756.0,3757.9626,4936.282,-4453.0
206,2014-03-25,6396.0,831.0,1.0,0.0,0,0.0,2.0,0.99956083,0.029633328,1.0,6.123234e-17,1,0,0,1,7158.0,1,0.0,1,7491.0,1,9294.0,1,5916.0,1,0.0,1,5084.0,1,5124.0,5117.9775,5429.9976,7158.0
206,2014-03-26,4953.0,549.0,1.0,0.0,0,0.0,3.0,0.99956083,0.029633328,1.0,6.123234e-17,1,0,0,1,6396.0,1,7158.0,1,4453.0,1,7609.0,1,5594.0,1,6797.0,1,0.0,1,0.0,5629.1865,5644.6646,-762.0
206,2014-03-27,6101.0,737.0,1.0,0.0,0,0.0,4.0,0.99956083,0.029633328,1.0,6.123234e-17,1,0,0,1,4953.0,1,6396.0,1,0.0,1,8230.0,1,3956.0,1,6290.0,1,9716.0,1,10783.0,5358.712,5490.9614,-1443.0
206,2014-03-28,6652.0,787.0,1.0,0.0,0,0.0,5.0,0.99956083,0.029633328,1.0,6.123234e-17,1,0,0,1,6101.0,1,4953.0,1,7158.0,1,7989.0,1,0.0,1,5416.0,1,9025.0,1,9383.0,5655.627,5626.5254,1148.0
206,2014-03-29,5154.0,507.0,1.0,0.0,0,0.0,6.0,0.99956083,0.029633328,1.0,6.123234e-17,1,0,0,1,6652.0,1,6101.0,1,6396.0,1,7491.0,1,9294.0,1,5916.0,1,9254.0,1,7946.0,6054.1763,5854.4087,551.0
206,2014-03-30,0.0,0.0,0.0,0.0,0,0.0,7.0,0.99956083,0.029633328,1.0,6.123234e-17,1,0,0,1,5154.0,1,6652.0,1,4953.0,1,4453.0,1,7609.0,1,5594.0,1,9107.0,1,7911.0,5694.106,5698.762,-1498.0
206,2014-03-31,14127.0,1269.0,1.0,1.0,0,0.0,1.0,0.9960498,-0.08879589,1.0,6.123234e-17,1,0,1,1,0.0,1,5154.0,1,6101.0,1,0.0,1,8230.0,1,3956.0,1,8622.0,1,6965.0,3416.4634,4432.3706,-5154.0
206,2014-04-01,8501.0,999.0,1.0,1.0,0,0.0,2.0,0.9960498,-0.08879589,0.8660254,-0.5,2,1,0,1,14127.0,1,0.0,1,6652.0,1,7158.0,1,7989.0,1,0.0,1,4239.0,1,5066.0,7700.678,6586.733,14127.0
206,2014-04-02,7982.0,894.0,1.0,1.0,0,0.0,3.0,0.9960498,-0.08879589,0.8660254,-0.5,2,0,0,1,8501.0,1,14127.0,1,5154.0,1,6396.0,1,7491.0,1,9294.0,1,0.0,1,0.0,8020.8066,7012.1255,-5626.0
206,2014-04-03,8213.0,949.0,1.0,1.0,0,0.0,4.0,0.9960498,-0.08879589,0.8660254,-0.5,2,0,0,1,7982.0,1,8501.0,1,0.0,1,4953.0,1,4453.0,1,7609.0,1,6797.0,1,6530.0,8005.284,7227.6533,-519.0
206,2014-04-04,8569.0,927.0,1.0,1.0,0,0.0,5.0,0.9960498,-0.08879589,0.8660254,-0.5,2,0,0,1,8213.0,1,7982.0,1,14127.0,1,6101.0,1,0.0,1,8230.0,1,6290.0,1,6086.0,8088.3706,7446.619,231.0
206,2014-04-05,5563.0,583.0,1.0,0.0,0,0.0,6.0,0.9960498,-0.08879589,0.8660254,-0.5,2,0,0,1,8569.0,1,8213.0,1,8501.0,1,6652.0,1,7158.0,1,7989.0,1,5416.0,1,6401.0,8280.622,7696.037,356.0
206,2014-04-06,0.0,0.0,0.0,0.0,0,0.0,7.0,0.9960498,-0.08879589,0.8660254,-0.5,2,0,0,1,5563.0,1,8569.0,1,7982.0,1,5154.0,1,6396.0,1,7491.0,1,5916.0,1,6392.0,7193.573,7222.029,-3006.0
206,2014-04-07,7210.0,935.0,1.0,0.0,0,0.0,1.0,0.9785565,-0.20597862,0.8660254,-0.5,2,0,0,1,0.0,1,5563.0,1,8213.0,1,0.0,1,4953.0,1,4453.0,1,5594.0,1,6927.0,4316.144,5617.134,-5563.0
206,2014-04-08,5675.0,731.0,1.0,0.0,0,0.0,2.0,0.9785565,-0.20597862,0.8660254,-0.5,2,0,0,1,7210.0,1,0.0,1,8569.0,1,14127.0,1,6101.0,1,0.0,1,3956.0,1,5029.0,5473.6865,5971.104,7210.0
206,2014-04-09,6667.0,764.0,1.0,0.0,0,0.0,3.0,0.9785565,-0.20597862,0.8660254,-0.5,2,0,0,1,5675.0,1,7210.0,1,5563.0,1,8501.0,1,6652.0,1,7158.0,1,0.0,1,0.0,5554.212,5905.303,-1535.0
206,2014-04-10,6942.0,876.0,1.0,0.0,0,0.0,4.0,0.9785565,-0.20597862,0.8660254,-0.5,2,0,0,1,6667.0,1,5675.0,1,0.0,1,7982.0,1,5154.0,1,6396.0,1,9294.0,1,9587.0,5999.327,6074.569,992.0
206,2014-04-11,6614.0,806.0,1.0,0.0,0,0.0,5.0,0.9785565,-0.20597862,0.8660254,-0.5,2,0,0,1,6942.0,1,6667.0,1,7210.0,1,8213.0,1,0.0,1,4953.0,1,7609.0,1,8605.0,6376.3965,6267.3315,275.0
206,2014-04-12,4998.0,544.0,1.0,0.0,0,0.0,6.0,0.9785565,-0.20597862,0.8660254,-0.5,2,0,0,1,6614.0,1,6942.0,1,5675.0,1,8569.0,1,14127.0,1,6101.0,1,8230.0,1,6862.0,6471.438,6344.369,-328.0
206,2014-04-13,0.0,0.0,0.0,0.0,0,0.0,7.0,0.9785565,-0.20597862,0.8660254,-0.5,2,0,0,1,4998.0,1,6614.0,1,6667.0,1,5563.0,1,8501.0,1,6652.0,1,7989.0,1,7816.0,5882.0625,6045.176,-1616.0
206,2014-04-14,10287.0,934.0,1.0,1.0,0,1.0,1.0,0.94732636,-0.32026985,0.8660254,-0.5,2,0,0,1,0.0,1,4998.0,1,6942.0,1,0.0,1,7982.0,1,5154.0,1,7491.0,1,7257.0,3529.2375,4701.803,-4998.0
206,2014-04-15,10677.0,1041.0,1.0,1.0,0,1.0,2.0,0.94732636,-0.32026985,0.8660254,-0.5,2,0,0,1,10287.0,1,0.0,1,6614.0,1,7210.0,1,8213.0,1,0.0,1,4453.0,1,4525.0,6232.343,5942.958,10287.0
206,2014-04-16,8137.0,896.0,1.0,1.0,0,1.0,3.0,0.94732636,-0.32026985,0.8660254,-0.5,2,0,0,1,10677.0,1,10287.0,1,4998.0,1,5675.0,1,8569.0,1,14127.0,1,0.0,1,0.0,8010.2056,6994.9673,390.0
206,2014-04-17,10375.0,1113.0,1.0,1.0,0,1.0,4.0,0.94732636,-0.32026985,0.8660254,-0.5,2,0,0,1,8137.0,1,10677.0,1,0.0,1,6667.0,1,5563.0,1,8501.0,1,7158.0,1,6086.0,8060.9233,7248.7524,-2540.0
206,2014-04-18,0.0,0.0,0.0,1.0,2,1.0,5.0,0.94732636,-0.32026985,0.8660254,-0.5,2,0,0,1,10375.0,1,8137.0,1,10287.0,1,6942.0,1,0.0,1,7982.0,1,6396.0,1,5498.0,8986.554,7943.474,2238.0
206,2014-04-19,6507.0,696.0,1.0,0.0,0,0.0,6.0,0.94732636,-0.32026985,0.8660254,-0.5,2,0,0,1,0.0,1,10375.0,1,10677.0,1,6614.0,1,7210.0,1,8213.0,1,4953.0,1,5645.0,5391.9326,6178.258,-10375.0
206,2014-04-20,0.0,0.0,0.0,0.0,0,0.0,7.0,0.94732636,-0.32026985,0.8660254,-0.5,2,0,0,1,6507.0,1,0.0,1,8137.0,1,4998.0,1,5675.0,1,8569.0,1,6101.0,1,6469.0,5837.9595,6251.3115,6507.0
206,2014-04-21,0.0,0.0,0.0,0.0,2,1.0,1.0,0.9027978,-0.4300652,0.8660254,-0.5,2,0,0,1,0.0,1,6507.0,1,10375.0,1,0.0,1,6667.0,1,5563.0,1,6652.0,1,7651.0,3502.7756,4862.1313,-6507.0
206,2014-04-22,6238.0,805.0,1.0,0.0,0,1.0,2.0,0.9027978,-0.4300652,0.8660254,-0.5,2,0,0,1,0.0,1,0.0,1,0.0,1,10287.0,1,6942.0,1,0.0,1,5154.0,1,5084.0,2101.6653,3781.6577,0.0
206,2014-04-23,4910.0,644.0,1.0,0.0,0,1.0,3.0,0.9027978,-0.4300652,0.8660254,-0.5,2,0,0,1,6238.0,1,0.0,1,6507.0,1,10677.0,1,6614.0,1,7210.0,1,0.0,1,0.0,3756.1992,4327.511,6238.0
206,2014-04-24,6094.0,755.0,1.0,0.0,0,1.0,4.0,0.9027978,-0.4300652,0.8660254,-0.5,2,0,0,1,4910.0,1,6238.0,1,0.0,1,8137.0,1,4998.0,1,5675.0,1,14127.0,1,9716.0,4217.7197,4456.953,-1328.0
206,2014-04-25,5743.0,681.0,1.0,0.0,0,1.0,5.0,0.9027978,-0.4300652,0.8660254,-0.5,2,0,0,1,6094.0,1,4910.0,1,0.0,1,10375.0,1,0.0,1,6667.0,1,8501.0,1,9025.0,4968.232,4820.7417,1184.0
206,2014-04-26,4062.0,476.0,1.0,0.0,0,0.0,6.0,0.9027978,-0.4300652,0.8660254,-0.5,2,0,0,1,5743.0,1,6094.0,1,6238.0,1,0.0,1,10287.0,1,6942.0,1,7982.0,1,9254.0,5278.139,5025.688,-351.0
206,2014-04-27,0.0,0.0,0.0,0.0,0,0.0,7.0,0.9027978,-0.4300652,0.8660254,-0.5,2,0,0,1,4062.0,1,5743.0,1,4910.0,1,6507.0,1,10677.0,1,6614.0,1,8213.0,1,9107.0,4791.6836,4811.535,-1681.0
206,2014-04-28,9944.0,1007.0,1.0,1.0,0,0.0,1.0,0.845596,-0.5338234,0.8660254,-0.5,2,0,0,1,0.0,1,4062.0,1,6094.0,1,0.0,1,8137.0,1,4998.0,1,8569.0,1,8622.0,2875.01,3742.305,-4062.0
206,2014-04-29,8929.0,952.0,1.0,1.0,0,0.0,2.0,0.845596,-0.5338234,0.8660254,-0.5,2,0,0,1,9944.0,1,0.0,1,5743.0,1,0.0,1,10375.0,1,0.0,1,5563.0,1,4239.0,5702.606,5120.4595,9944.0
206,2014-04-30,10810.0,1160.0,1.0,1.0,0,0.0,3.0,0.845596,-0.5338234,0.8660254,-0.5,2,0,1,1,8929.0,1,9944.0,1,4062.0,1,6238.0,1,0.0,1,10287.0,1,0.0,1,0.0,6993.1636,5966.802,-1015.0
206,2014-05-01,0.0,0.0,0.0,1.0,1,0.0,4.0,0.845596,-0.5338234,0.5,-0.8660254,2,1,0,1,10810.0,1,8929.0,1,0.0,1,4910.0,1,6507.0,1,10677.0,1,7210.0,1,6797.0,8519.898,7043.068,1881.0
206,2014-05-02,10760.0,1064.0,1.0,1.0,0,0.0,5.0,0.845596,-0.5338234,0.5,-0.8660254,2,0,0,1,0.0,1,10810.0,1,9944.0,1,6094.0,1,0.0,1,8137.0,1,5675.0,1,6290.0,5111.939,5477.942,-10810.0
206,2014-05-03,4899.0,582.0,1.0,0.0,0,0.0,6.0,0.845596,-0.5338234,0.5,-0.8660254,2,0,0,1,10760.0,1,0.0,1,8929.0,1,5743.0,1,0.0,1,10375.0,1,6667.0,1,5416.0,7371.1636,6651.7324,10760.0
206,2014-05-04,0.0,0.0,0.0,0.0,0,0.0,7.0,0.845596,-0.5338234,0.5,-0.8660254,2,0,0,1,4899.0,1,10760.0,1,10810.0,1,4062.0,1,6238.0,1,0.0,1,6942.0,1,5916.0,6382.298,6262.2363,-5861.0
206,2014-05-05,9434.0,1006.0,1.0,1.0,0,0.0,1.0,0.7765239,-0.63008785,0.5,-0.8660254,2,0,0,1,0.0,1,4899.0,1,0.0,1,0.0,1,4910.0,1,6507.0,1,6614.0,1,5594.0,3829.379,4870.6284,-4899.0
206,2014-05-06,8456.0,949.0,1.0,1.0,0,0.0,2.0,0.7765239,-0.63008785,0.5,-0.8660254,2,0,0,1,9434.0,1,0.0,1,10760.0,1,9944.0,1,6094.0,1,0.0,1,4998.0,1,3956.0,6071.227,5884.711,9434.0
206,2014-05-07,7784.0,822.0,1.0,1.0,0,0.0,3.0,0.7765239,-0.63008785,0.5,-0.8660254,2,0,0,1,8456.0,1,9434.0,1,4899.0,1,8929.0,1,5743.0,1,0.0,1,0.0,1,0.0,7025.136,6456.1084,-978.0
206,2014-05-08,8316.0,938.0,1.0,1.0,0,0.0,4.0,0.7765239,-0.63008785,0.5,-0.8660254,2,0,0,1,7784.0,1,8456.0,1,0.0,1,10810.0,1,4062.0,1,6238.0,1,10287.0,1,9294.0,7328.6816,6751.1953,-672.0
206,2014-05-09,8111.0,873.0,1.0,1.0,0,0.0,5.0,0.7765239,-0.63008785,0.5,-0.8660254,2,0,0,1,8316.0,1,7784.0,1,9434.0,1,0.0,1,0.0,1,4910.0,1,10677.0,1,7609.0,7723.609,7098.9297,532.0
206,2014-05-10,5026.0,545.0,1.0,0.0,0,0.0,6.0,0.7765239,-0.63008785,0.5,-0.8660254,2,0,0,1,8111.0,1,8316.0,1,8456.0,1,10760.0,1,9944.0,1,6094.0,1,8137.0,1,8230.0,7878.5654,7323.8345,-205.0
206,2014-05-11,0.0,0.0,0.0,0.0,0,0.0,7.0,0.7765239,-0.63008785,0.5,-0.8660254,2,0,0,1,5026.0,1,8111.0,1,7784.0,1,4899.0,1,8929.0,1,5743.0,1,10375.0,1,7989.0,6737.539,6813.2046,-3085.0
206,2014-05-12,6335.0,738.0,1.0,0.0,0,0.0,1.0,0.696551,-0.71750724,0.5,-0.8660254,2,0,0,1,0.0,1,5026.0,1,8316.0,1,0.0,1,10810.0,1,4062.0,1,0.0,1,7491.0,4042.5237,5299.159,-5026.0
206,2014-05-13,5574.0,730.0,1.0,0.0,0,0.0,2.0,0.696551,-0.71750724,0.5,-0.8660254,2,0,0,1,6335.0,1,0.0,1,8111.0,1,9434.0,1,0.0,1,0.0,1,6507.0,1,4453.0,4959.514,5529.3457,6335.0
206,2014-05-14,6518.0,746.0,1.0,0.0,0,0.0,3.0,0.696551,-0.71750724,0.5,-0.8660254,2,0,0,1,5574.0,1,6335.0,1,5026.0,1,8456.0,1,10760.0,1,9944.0,1,0.0,1,0.0,5205.3086,5539.269,-761.0
206,2014-05-15,5960.0,834.0,1.0,0.0,0,0.0,4.0,0.696551,-0.71750724,0.5,-0.8660254,2,0,0,1,6518.0,1,5574.0,1,0.0,1,7784.0,1,4899.0,1,8929.0,1,0.0,1,7158.0,5730.3853,5756.7646,944.0
206,2014-05-16,6114.0,746.0,1.0,0.0,0,0.0,5.0,0.696551,-0.71750724,0.5,-0.8660254,2,0,0,1,5960.0,1,6518.0,1,6335.0,1,8316.0,1,0.0,1,10810.0,1,6238.0,1,6396.0,5822.231,5801.928,-558.0
206,2014-05-17,4376.0,517.0,1.0,0.0,0,0.0,6.0,0.696551,-0.71750724,0.5,-0.8660254,2,0,0,1,6114.0,1,5960.0,1,5574.0,1,8111.0,1,9434.0,1,0.0,1,4910.0,1,4953.0,5938.9385,5871.2773,154.0
206,2014-05-18,0.0,0.0,0.0,0.0,0,0.0,7.0,0.696551,-0.71750724,0.5,-0.8660254,2,0,0,1,4376.0,1,6114.0,1,6518.0,1,5026.0,1,8456.0,1,10760.0,1,6094.0,1,6101.0,5313.763,5538.9937,-1738.0
206,2014-05-19,9905.0,1033.0,1.0,1.0,0,0.0,1.0,0.60680014,-0.79485446,0.5,-0.8660254,2,0,0,1,0.0,1,4376.0,1,5960.0,1,0.0,1,7784.0,1,4899.0,1,5743.0,1,6652.0,3188.2578,4308.106,-4376.0
206,2014-05-20,7684.0,911.0,1.0,1.0,0,0.0,2.0,0.60680014,-0.79485446,0.5,-0.8660254,2,0,0,1,9905.0,1,0.0,1,6114.0,1,6335.0,1,8316.0,1,0.0,1,4062.0,1,5154.0,5874.9546,5551.8604,9905.0
206,2014-05-21,7244.0,796.0,1.0,1.0,0,0.0,3.0,0.60680014,-0.79485446,0.5,-0.8660254,2,0,0,1,7684.0,1,9905.0,1,4376.0,1,5574.0,1,8111.0,1,9434.0,1,0.0,1,0.0,6598.5728,6025.669,-2221.0
206,2014-05-22,7157.0,902.0,1.0,1.0,0,0.0,4.0,0.60680014,-0.79485446,0.5,-0.8660254,2,0,0,1,7244.0,1,7684.0,1,0.0,1,6518.0,1,5026.0,1,8456.0,1,9944.0,1,14127.0,6856.7437,6296.409,-440.0
206,2014-05-23,6911.0,764.0,1.0,1.0,0,0.0,5.0,0.60680014,-0.79485446,0.5,-0.8660254,2,0,0,1,7157.0,1,7244.0,1,9905.0,1,5960.0,1,0.0,1,7784.0,1,8929.0,1,8501.0,6976.846,6487.652,-87.0
206,2014-05-24,4254.0,495.0,1.0,0.0,0,0.0,6.0,0.60680014,-0.79485446,0.5,-0.8660254,2,0,0,1,6911.0,1,7157.0,1,7684.0,1,6114.0,1,6335.0,1,8316.0,1,10810.0,1,7982.0,6950.508,6581.729,-246.0
206,2014-05-25,0.0,0.0,0.0,0.0,0,0.0,7.0,0.60680014,-0.79485446,0.5,-0.8660254,2,0,0,1,4254.0,1,6911.0,1,7244.0,1,4376.0,1,5574.0,1,8111.0,1,0.0,1,8213.0,5871.905,6064.456,-2657.0
206,2014-05-26,5058.0,681.0,1.0,0.0,0,0.0,1.0,0.5085311,-0.86104363,0.5,-0.8660254,2,0,0,1,0.0,1,4254.0,1,7157.0,1,0.0,1,6518.0,1,5026.0,1,10760.0,1,8569.0,3523.1428,4716.7993,-4254.0
206,2014-05-27,5964.0,741.0,1.0,0.0,0,0.0,2.0,0.5085311,-0.86104363,0.5,-0.8660254,2,0,0,1,5058.0,1,0.0,1,6911.0,1,9905.0,1,5960.0,1,0.0,1,4899.0,1,5563.0,4137.0854,4792.6216,5058.0
206,2014-05-28,6791.0,743.0,1.0,0.0,0,0.0,3.0,0.5085311,-0.86104363,0.5,-0.8660254,2,0,0,1,5964.0,1,5058.0,1,4254.0,1,7684.0,1,6114.0,1,6335.0,1,0.0,1,0.0,4867.8516,5052.9277,906.0
206,2014-05-29,0.0,0.0,0.0,0.0,1,0.0,4.0,0.5085311,-0.86104363,0.5,-0.8660254,2,0,0,1,6791.0,1,5964.0,1,0.0,1,7244.0,1,4376.0,1,5574.0,1,9434.0,1,7210.0,5637.111,5439.166,827.0
206,2014-05-30,9370.0,969.0,1.0,0.0,0,0.0,5.0,0.5085311,-0.86104363,0.5,-0.8660254,2,0,0,1,0.0,1,6791.0,1,5058.0,1,7157.0,1,0.0,1,6518.0,1,8456.0,1,5675.0,3382.2666,4230.4624,-6791.0
206,2014-05-31,4682.0,518.0,1.0,0.0,0,0.0,6.0,0.5085311,-0.86104363,0.5,-0.8660254,2,0,1,1,9370.0,1,0.0,1,5964.0,1,6911.0,1,9905.0,1,5960.0,1,7784.0,1,6667.0,5777.36,5372.582,9370.0
206,2014-06-01,0.0,0.0,0.0,0.0,0,0.0,7.0,0.5085311,-0.86104363,1.2246469e-16,-1.0,2,1,0,1,4682.0,1,9370.0,1,6791.0,1,4254.0,1,7684.0,1,6114.0,1,8316.0,1,6942.0,5339.216,5219.119,-4688.0
206,2014-06-02,9990.0,1047.0,1.0,1.0,0,0.0,1.0,0.40312344,-0.91514564,1.2246469e-16,-1.0,2,0,0,1,0.0,1,4682.0,1,0.0,1,0.0,1,7244.0,1,4376.0,1,8111.0,1,6614.0,3203.5295,4059.315,-4682.0
206,2014-06-03,9693.0,1038.0,1.0,1.0,0,0.0,2.0,0.40312344,-0.91514564,1.2246469e-16,-1.0,2,0,0,1,9990.0,1,0.0,1,9370.0,1,5058.0,1,7157.0,1,0.0,1,5026.0,1,4998.0,5918.1177,5377.245,9990.0
206,2014-06-04,8196.0,861.0,1.0,1.0,0,0.0,3.0,0.40312344,-0.91514564,1.2246469e-16,-1.0,2,0,0,1,9693.0,1,9990.0,1,4682.0,1,5964.0,1,6911.0,1,9905.0,1,0.0,1,0.0,7428.071,6336.302,-297.0
206,2014-06-05,8245.0,958.0,1.0,1.0,0,0.0,4.0,0.40312344,-0.91514564,1.2246469e-16,-1.0,2,0,0,1,8196.0,1,9693.0,1,0.0,1,6791.0,1,4254.0,1,7684.0,1,6335.0,1,10287.0,7735.242,6749.568,-1497.0
206,2014-06-06,8874.0,929.0,1.0,1.0,0,0.0,5.0,0.40312344,-0.91514564,1.2246469e-16,-1.0,2,0,0,1,8245.0,1,8196.0,1,9990.0,1,0.0,1,0.0,1,7244.0,1,5574.0,1,10677.0,7939.1455,7081.886,49.0
206,2014-06-07,4803.0,580.0,1.0,0.0,0,0.0,6.0,0.40312344,-0.91514564,1.2246469e-16,-1.0,2,0,0,1,8874.0,1,8245.0,1,9693.0,1,9370.0,1,5058.0,1,7157.0,1,6518.0,1,8137.0,8313.087,7480.134,629.0
206,2014-06-08,0.0,0.0,0.0,0.0,0,0.0,7.0,0.40312344,-0.91514564,1.2246469e-16,-1.0,2,0,0,1,4803.0,1,8874.0,1,8196.0,1,4682.0,1,5964.0,1,6911.0,1,5960.0,1,10375.0,6909.0522,6885.2153,-4071.0
206,2014-06-09,0.0,0.0,0.0,0.0,1,0.0,1.0,0.29205677,-0.956401,1.2246469e-16,-1.0,2,0,0,1,0.0,1,4803.0,1,8245.0,1,0.0,1,6791.0,1,4254.0,1,6114.0,1,0.0,4145.4316,5355.1675,-4803.0
206,2014-06-10,7043.0,867.0,1.0,0.0,0,1.0,2.0,0.29205677,-0.956401,1.2246469e-16,-1.0,2,0,0,1,0.0,1,0.0,1,8874.0,1,9990.0,1,0.0,1,0.0,1,4376.0,1,6507.0,2487.2588,4165.13,0.0
206,2014-06-11,6154.0,774.0,1.0,0.0,0,0.0,3.0,0.29205677,-0.956401,1.2246469e-16,-1.0,2,0,0,1,7043.0,1,0.0,1,4803.0,1,9693.0,1,9370.0,1,5058.0,1,0.0,1,0.0,4309.555,4804.6567,7043.0
206,2014-06-12,7128.0,945.0,1.0,0.0,0,0.0,4.0,0.29205677,-0.956401,1.2246469e-16,-1.0,2,0,0,1,6154.0,1,7043.0,1,0.0,1,8196.0,1,4682.0,1,5964.0,1,9905.0,1,0.0,5047.333,5104.5107,-889.0
206,2014-06-13,6330.0,772.0,1.0,0.0,0,0.0,5.0,0.29205677,-0.956401,1.2246469e-16,-1.0,2,0,0,1,7128.0,1,6154.0,1,0.0,1,8245.0,1,0.0,1,6791.0,1,7684.0,1,6238.0,5879.6,5554.1753,974.0
206,2014-06-14,4134.0,504.0,1.0,0.0,0,0.0,6.0,0.29205677,-0.956401,1.2246469e-16,-1.0,2,0,0,1,6330.0,1,7128.0,1,7043.0,1,8874.0,1,9990.0,1,0.0,1,7244.0,1,4910.0,6059.76,5726.5806,-798.0
206,2014-06-15,0.0,0.0,0.0,0.0,0,0.0,7.0,0.29205677,-0.956401,1.2246469e-16,-1.0,2,0,0,1,4134.0,1,6330.0,1,6154.0,1,4803.0,1,9693.0,1,9370.0,1,7157.0,1,6094.0,5289.456,5372.674,-2196.0
206,2014-06-16,10409.0,1038.0,1.0,1.0,0,0.0,1.0,0.17689027,-0.9842306,1.2246469e-16,-1.0,2,0,0,1,0.0,1,4134.0,1,7128.0,1,0.0,1,8196.0,1,4682.0,1,6911.0,1,5743.0,3173.6736,4178.746,-4134.0
206,2014-06-17,9247.0,1035.0,1.0,1.0,0,0.0,2.0,0.17689027,-0.9842306,1.2246469e-16,-1.0,2,0,0,1,10409.0,1,0.0,1,6330.0,1,0.0,1,8245.0,1,0.0,1,4254.0,1,4062.0,6067.804,5563.247,10409.0
206,2014-06-18,8605.0,946.0,1.0,1.0,0,0.0,3.0,0.17689027,-0.9842306,1.2246469e-16,-1.0,2,0,0,1,9247.0,1,10409.0,1,4134.0,1,7043.0,1,8874.0,1,9990.0,1,0.0,1,0.0,7339.4824,6381.859,-1162.0
206,2014-06-19,0.0,0.0,0.0,1.0,1,0.0,4.0,0.17689027,-0.9842306,1.2246469e-16,-1.0,2,0,0,1,8605.0,1,9247.0,1,0.0,1,6154.0,1,4803.0,1,9693.0,1,5058.0,1,9944.0,7845.6895,6875.89,-642.0
206,2014-06-20,9894.0,984.0,1.0,1.0,0,0.0,5.0,0.17689027,-0.9842306,1.2246469e-16,-1.0,2,0,0,1,0.0,1,8605.0,1,10409.0,1,7128.0,1,0.0,1,8196.0,1,5964.0,1,8929.0,4707.4136,5347.9146,-8605.0
206,2014-06-21,4395.0,502.0,1.0,0.0,0,0.0,6.0,0.17689027,-0.9842306,1.2246469e-16,-1.0,2,0,0,1,9894.0,1,0.0,1,9247.0,1,6330.0,1,0.0,1,8245.0,1,6791.0,1,10810.0,6782.0483,6358.156,9894.0
206,2014-06-22,0.0,0.0,0.0,0.0,0,0.0,7.0,0.17689027,-0.9842306,1.2246469e-16,-1.0,2,0,0,1,4395.0,1,9894.0,1,8605.0,1,4134.0,1,7043.0,1,8874.0,1,0.0,1,0.0,5827.229,5921.899,-5499.0
206,2014-06-23,6744.0,841.0,1.0,0.0,0,0.0,1.0,0.059240628,-0.99824375,1.2246469e-16,-1.0,2,0,0,1,0.0,1,4395.0,1,0.0,1,0.0,1,6154.0,1,4803.0,1,9370.0,1,10760.0,3496.3374,4605.9214,-4395.0
206,2014-06-24,6299.0,805.0,1.0,0.0,0,0.0,2.0,0.059240628,-0.99824375,1.2246469e-16,-1.0,2,0,0,1,6744.0,1,0.0,1,9894.0,1,10409.0,1,7128.0,1,0.0,1,4682.0,1,4899.0,4795.4023,5081.05,6744.0
206,2014-06-25,5554.0,692.0,1.0,0.0,0,0.0,3.0,0.059240628,-0.99824375,1.2246469e-16,-1.0,2,0,0,1,6299.0,1,6744.0,1,4395.0,1,9247.0,1,6330.0,1,0.0,1,0.0,1,0.0,5396.8413,5351.7056,-445.0
206,2014-06-26,7227.0,852.0,1.0,0.0,0,0.0,4.0,0.059240628,-0.99824375,1.2246469e-16,-1.0,2,0,0,1,5554.0,1,6299.0,1,0.0,1,8605.0,1,4134.0,1,7043.0,1,9990.0,1,9434.0,5459.705,5396.6597,-745.0
206,2014-06-27,6887.0,758.0,1.0,0.0,0,0.0,5.0,0.059240628,-0.99824375,1.2246469e-16,-1.0,2,0,0,1,7227.0,1,5554.0,1,6744.0,1,0.0,1,0.0,1,6154.0,1,9693.0,1,8456.0,6166.623,5803.4023,1673.0
206,2014-06-28,5556.0,560.0,1.0,0.0,0,0.0,6.0,0.059240628,-0.99824375,1.2246469e-16,-1.0,2,0,0,1,6887.0,1,7227.0,1,6299.0,1,9894.0,1,10409.0,1,7128.0,1,8196.0,1,7784.0,6454.774,6044.2017,-340.0
206,2014-06-29,0.0,0.0,0.0,0.0,0,0.0,7.0,0.059240628,-0.99824375,1.2246469e-16,-1.0,2,0,0,1,5556.0,1,6887.0,1,5554.0,1,4395.0,1,9247.0,1,6330.0,1,8245.0,1,8316.0,6095.264,5935.7124,-1331.0
206,2014-06-30,16005.0,1311.0,1.0,1.0,0,0.0,1.0,-0.059240628,-0.99824375,1.2246469e-16,-1.0,2,0,1,1,0.0,1,5556.0,1,7227.0,1,0.0,1,8605.0,1,4134.0,1,8874.0,1,8111.0,3657.1584,4616.665,-5556.0
206,2014-07-01,9512.0,1011.0,1.0,1.0,0,0.0,2.0,-0.059240628,-0.99824375,-0.5,-0.8660254,3,1,0,1,16005.0,1,0.0,1,6887.0,1,6744.0,1,0.0,1,0.0,1,4803.0,1,5026.0,8596.295,7147.4062,16005.0
206,2014-07-02,8484.0,943.0,1.0,1.0,0,0.0,3.0,-0.059240628,-0.99824375,-0.5,-0.8660254,3,0,0,1,9512.0,1,16005.0,1,5556.0,1,6299.0,1,9894.0,1,10409.0,1,0.0,1,0.0,8962.577,7672.8716,-6493.0
206,2014-07-03,9585.0,1038.0,1.0,1.0,0,0.0,4.0,-0.059240628,-0.99824375,-0.5,-0.8660254,3,0,0,1,8484.0,1,9512.0,1,0.0,1,5554.0,1,4395.0,1,9247.0,1,0.0,1,6335.0,8771.146,7853.122,-1028.0
206,2014-07-04,6837.0,802.0,1.0,1.0,0,0.0,5.0,-0.059240628,-0.99824375,-0.5,-0.8660254,3,0,0,1,9585.0,1,8484.0,1,16005.0,1,7227.0,1,0.0,1,8605.0,1,7043.0,1,5574.0,9096.6875,8237.984,1101.0
206,2014-07-05,5513.0,548.0,1.0,0.0,0,0.0,6.0,-0.059240628,-0.99824375,-0.5,-0.8660254,3,0,0,1,6837.0,1,9585.0,1,9512.0,1,6887.0,1,6744.0,1,0.0,1,6154.0,1,6518.0,8192.8125,7926.6543,-2748.0
206,2014-07-06,0.0,0.0,0.0,0.0,0,0.0,7.0,-0.059240628,-0.99824375,-0.5,-0.8660254,3,0,0,1,5513.0,1,6837.0,1,8484.0,1,5556.0,1,6299.0,1,9894.0,1,7128.0,1,5960.0,7120.8877,7390.2866,-1324.0
206,2014-07-07,7256.0,873.0,1.0,0.0,0,1.0,1.0,-0.17689027,-0.9842306,-0.5,-0.8660254,3,0,0,1,0.0,1,5513.0,1,9585.0,1,0.0,1,5554.0,1,4395.0,1,6330.0,1,6114.0,4272.5327,5748.0005,-5513.0
206,2014-07-08,5037.0,584.0,1.0,0.0,0,1.0,2.0,-0.17689027,-0.9842306,-0.5,-0.8660254,3,0,0,1,7256.0,1,0.0,1,6837.0,1,16005.0,1,7227.0,1,0.0,1,4134.0,1,4376.0,5465.9194,6083.112,7256.0
206,2014-07-09,4461.0,491.0,1.0,0.0,0,1.0,3.0,-0.17689027,-0.9842306,-0.5,-0.8660254,3,0,0,1,5037.0,1,7256.0,1,5513.0,1,9512.0,1,6887.0,1,6744.0,1,0.0,1,0.0,5294.3516,5850.6426,-2219.0
206,2014-07-10,7828.0,930.0,1.0,0.0,0,1.0,4.0,-0.17689027,-0.9842306,-0.5,-0.8660254,3,0,0,1,4461.0,1,5037.0,1,0.0,1,8484.0,1,5556.0,1,6299.0,1,10409.0,1,9905.0,4961.011,5541.833,-576.0
206,2014-07-11,6300.0,687.0,1.0,0.0,0,1.0,5.0,-0.17689027,-0.9842306,-0.5,-0.8660254,3,0,0,1,7828.0,1,4461.0,1,7256.0,1,9585.0,1,0.0,1,5554.0,1,9247.0,1,7684.0,6107.8066,6049.87,3367.0
206,2014-07-12,4349.0,484.0,1.0,0.0,0,0.0,6.0,-0.17689027,-0.9842306,-0.5,-0.8660254,3,0,0,1,6300.0,1,7828.0,1,5037.0,1,6837.0,1,16005.0,1,7227.0,1,8605.0,1,7244.0,6184.684,6105.4546,-1528.0
206,2014-07-13,0.0,0.0,0.0,0.0,0,0.0,7.0,-0.17689027,-0.9842306,-0.5,-0.8660254,3,0,0,1,4349.0,1,6300.0,1,4461.0,1,5513.0,1,9512.0,1,6887.0,1,0.0,1,7157.0,5450.41,5715.1313,-1951.0
206,2014-07-14,8461.0,786.0,1.0,1.0,0,1.0,1.0,-0.29205677,-0.956401,-0.5,-0.8660254,3,0,0,1,0.0,1,4349.0,1,7828.0,1,0.0,1,8484.0,1,5556.0,1,9894.0,1,6911.0,3270.2463,4445.102,-4349.0
206,2014-07-15,8164.0,855.0,1.0,1.0,0,1.0,2.0,-0.29205677,-0.956401,-0.5,-0.8660254,3,0,0,1,8461.0,1,0.0,1,6300.0,1,7256.0,1,9585.0,1,0.0,1,4395.0,1,4254.0,5346.548,5337.524,8461.0
206,2014-07-16,7291.0,788.0,1.0,1.0,0,1.0,3.0,-0.29205677,-0.956401,-0.5,-0.8660254,3,0,0,1,8164.0,1,8461.0,1,4349.0,1,5037.0,1,6837.0,1,16005.0,1,0.0,1,0.0,6473.529,5965.63,-297.0
206,2014-07-17,7502.0,875.0,1.0,1.0,0,1.0,4.0,-0.29205677,-0.956401,-0.5,-0.8660254,3,0,0,1,7291.0,1,8164.0,1,0.0,1,4461.0,1,5513.0,1,9512.0,1,6744.0,1,5058.0,6800.517,6260.1562,-873.0
206,2014-07-18,6175.0,727.0,1.0,1.0,0,1.0,5.0,-0.29205677,-0.956401,-0.5,-0.8660254,3,0,0,1,7502.0,1,7291.0,1,8461.0,1,7828.0,1,0.0,1,8484.0,1,6299.0,1,5964.0,7081.1104,6536.1216,211.0
206,2014-07-19,3577.0,427.0,1.0,0.0,0,0.0,6.0,-0.29205677,-0.956401,-0.5,-0.8660254,3,0,0,1,6175.0,1,7502.0,1,8164.0,1,6300.0,1,7256.0,1,9585.0,1,5554.0,1,6791.0,6718.666,6455.8726,-1327.0
206,2014-07-20,0.0,0.0,0.0,0.0,0,0.0,7.0,-0.29205677,-0.956401,-0.5,-0.8660254,3,0,0,1,3577.0,1,6175.0,1,7291.0,1,4349.0,1,5037.0,1,6837.0,1,7227.0,1,0.0,5461.9995,5816.123,-2598.0
206,2014-07-21,5394.0,641.0,1.0,0.0,0,1.0,1.0,-0.40312344,-0.91514564,-0.5,-0.8660254,3,0,0,1,0.0,1,3577.0,1,7502.0,1,0.0,1,4461.0,1,5513.0,1,6887.0,1,9370.0,3277.1997,4523.6514,-3577.0
206,2014-07-22,5993.0,714.0,1.0,0.0,0,1.0,2.0,-0.40312344,-0.91514564,-0.5,-0.8660254,3,0,0,1,5394.0,1,0.0,1,6175.0,1,8461.0,1,7828.0,1,0.0,1,5556.0,1,4682.0,4123.92,4717.062,5394.0
206,2014-07-23,5181.0,651.0,1.0,0.0,0,1.0,3.0,-0.40312344,-0.91514564,-0.5,-0.8660254,3,0,0,1,5993.0,1,5394.0,1,3577.0,1,8164.0,1,6300.0,1,7256.0,1,0.0,1,0.0,4871.552,5000.604,599.0
206,2014-07-24,5831.0,726.0,1.0,0.0,0,1.0,4.0,-0.40312344,-0.91514564,-0.5,-0.8660254,3,0,0,1,5181.0,1,5993.0,1,0.0,1,7291.0,1,4349.0,1,5037.0,1,16005.0,1,9990.0,4995.331,5040.692,-812.0
206,2014-07-25,5201.0,633.0,1.0,0.0,0,1.0,5.0,-0.40312344,-0.91514564,-0.5,-0.8660254,3,0,0,1,5831.0,1,5181.0,1,5394.0,1,7502.0,1,0.0,1,4461.0,1,9512.0,1,9693.0,5329.5986,5216.316,650.0
206,2014-07-26,4029.0,467.0,1.0,0.0,0,0.0,6.0,-0.40312344,-0.91514564,-0.5,-0.8660254,3,0,0,1,5201.0,1,5831.0,1,5993.0,1,6175.0,1,8461.0,1,7828.0,1,8484.0,1,8196.0,5278.159,5212.9126,-630.0
206,2014-07-27,0.0,0.0,0.0,0.0,0,0.0,7.0,-0.40312344,-0.91514564,-0.5,-0.8660254,3,0,0,1,4029.0,1,5201.0,1,5181.0,1,3577.0,1,8164.0,1,6300.0,1,9585.0,1,8245.0,4778.4956,4949.821,-1172.0
206,2014-07-28,8856.0,885.0,1.0,1.0,0,1.0,1.0,-0.5085311,-0.86104363,-0.5,-0.8660254,3,0,0,1,0.0,1,4029.0,1,5831.0,1,0.0,1,7291.0,1,4349.0,1,6837.0,1,8874.0,2867.0974,3849.8606,-4029.0
206,2014-07-29,7533.0,832.0,1.0,1.0,0,1.0,2.0,-0.5085311,-0.86104363,-0.5,-0.8660254,3,0,0,1,8856.0,1,0.0,1,5201.0,1,5394.0,1,7502.0,1,0.0,1,5513.0,1,4803.0,5262.658,4962.336,8856.0
206,2014-07-30,8231.0,812.0,1.0,1.0,0,1.0,3.0,-0.5085311,-0.86104363,-0.5,-0.8660254,3,0,0,1,7533.0,1,8856.0,1,4029.0,1,5993.0,1,6175.0,1,8461.0,1,0.0,1,0.0,6170.795,5533.5947,-1323.0
206,2014-07-31,9995.0,1054.0,1.0,1.0,0,1.0,4.0,-0.5085311,-0.86104363,-0.5,-0.8660254,3,0,1,1,8231.0,1,7533.0,1,0.0,1,5181.0,1,3577.0,1,8164.0,1,7256.0,1,0.0,6994.877,6133.018,698.0
206,2014-08-01,8243.0,861.0,1.0,1.0,0,1.0,5.0,-0.5085311,-0.86104363,-0.8660254,-0.5,3,1,0,1,9995.0,1,8231.0,1,8856.0,1,5831.0,1,0.0,1,7291.0,1,5037.0,1,7043.0,8194.926,6991.2363,1764.0
206,2014-08-02,4830.0,542.0,1.0,0.0,0,0.0,6.0,-0.5085311,-0.86104363,-0.8660254,-0.5,3,0,0,1,8243.0,1,9995.0,1,7533.0,1,5201.0,1,5394.0,1,7502.0,1,4461.0,1,6154.0,8214.155,7269.406,-1752.0
206,2014-08-03,0.0,0.0,0.0,0.0,0,0.0,7.0,-0.5085311,-0.86104363,-0.8660254,-0.5,3,0,0,1,4830.0,1,8243.0,1,8231.0,1,4029.0,1,5993.0,1,6175.0,1,7828.0,1,7128.0,6860.4937,6727.316,-3413.0
206,2014-08-04,10536.0,1028.0,1.0,1.0,0,1.0,1.0,-0.60680014,-0.79485446,-0.8660254,-0.5,3,0,0,1,0.0,1,4830.0,1,9995.0,1,0.0,1,5181.0,1,3577.0,1,6300.0,1,6330.0,4116.296,5232.357,-4830.0
206,2014-08-05,8214.0,878.0,1.0,1.0,0,1.0,2.0,-0.60680014,-0.79485446,-0.8660254,-0.5,3,0,0,1,10536.0,1,0.0,1,8243.0,1,8856.0,1,5831.0,1,0.0,1,4349.0,1,4134.0,6684.1777,6410.9443,10536.0
206,2014-08-06,7355.0,780.0,1.0,1.0,0,1.0,3.0,-0.60680014,-0.79485446,-0.8660254,-0.5,3,0,0,1,8214.0,1,10536.0,1,4830.0,1,7533.0,1,5201.0,1,5394.0,1,0.0,1,0.0,7296.1064,6811.623,-2322.0
206,2014-08-07,8748.0,940.0,1.0,1.0,0,1.0,4.0,-0.60680014,-0.79485446,-0.8660254,-0.5,3,0,0,1,7355.0,1,8214.0,1,0.0,1,8231.0,1,4029.0,1,5993.0,1,8461.0,1,10409.0,7319.664,6932.3735,-859.0
206,2014-08-08,7620.0,812.0,1.0,1.0,0,1.0,5.0,-0.60680014,-0.79485446,-0.8660254,-0.5,3,0,0,1,8748.0,1,7355.0,1,10536.0,1,9995.0,1,0.0,1,5181.0,1,8164.0,1,9247.0,7890.9985,7335.846,1393.0
206,2014-08-09,3902.0,451.0,1.0,0.0,0,0.0,6.0,-0.60680014,-0.79485446,-0.8660254,-0.5,3,0,0,1,7620.0,1,8748.0,1,8214.0,1,8243.0,1,8856.0,1,5831.0,1,7291.0,1,8605.0,7782.599,7398.991,-1128.0
206,2014-08-10,0.0,0.0,0.0,0.0,0,0.0,7.0,-0.60680014,-0.79485446,-0.8660254,-0.5,3,0,0,1,3902.0,1,7620.0,1,7355.0,1,4830.0,1,7533.0,1,5201.0,1,7502.0,1,0.0,6230.3594,6621.8823,-3718.0
206,2014-08-11,6890.0,833.0,1.0,0.0,0,1.0,1.0,-0.696551,-0.71750724,-0.8660254,-0.5,3,0,0,1,0.0,1,3902.0,1,8748.0,1,0.0,1,8231.0,1,4029.0,1,6175.0,1,9894.0,3738.2156,5150.353,-3902.0
206,2014-08-12,6496.0,774.0,1.0,0.0,0,1.0,2.0,-0.696551,-0.71750724,-0.8660254,-0.5,3,0,0,1,6890.0,1,0.0,1,7620.0,1,10536.0,1,9995.0,1,0.0,1,3577.0,1,4395.0,4998.929,5536.941,6890.0
206,2014-08-13,5583.0,712.0,1.0,0.0,0,1.0,3.0,-0.696551,-0.71750724,-0.8660254,-0.5,3,0,0,1,6496.0,1,6890.0,1,3902.0,1,8214.0,1,8243.0,1,8856.0,1,0.0,1,0.0,5597.758,5750.0654,-394.0
206,2014-08-14,6307.0,814.0,1.0,0.0,0,1.0,4.0,-0.696551,-0.71750724,-0.8660254,-0.5,3,0,0,1,5583.0,1,6496.0,1,0.0,1,7355.0,1,4830.0,1,7533.0,1,5394.0,1,6744.0,5591.8545,5712.9395,-913.0
206,2014-08-15,5705.0,699.0,1.0,0.0,0,1.0,5.0,-0.696551,-0.71750724,-0.8660254,-0.5,3,0,0,1,6307.0,1,5583.0,1,6890.0,1,8748.0,1,0.0,1,8231.0,1,5993.0,1,6299.0,5877.9126,5844.953,724.0
206,2014-08-16,4174.0,500.0,1.0,0.0,0,0.0,6.0,-0.696551,-0.71750724,-0.8660254,-0.5,3,0,0,1,5705.0,1,6307.0,1,6496.0,1,7620.0,1,10536.0,1,9995.0,1,5181.0,1,5554.0,5808.7476,5813.8525,-602.0
206,2014-08-17,0.0,0.0,0.0,0.0,0,0.0,7.0,-0.696551,-0.71750724,-0.8660254,-0.5,3,0,0,1,4174.0,1,5705.0,1,5583.0,1,3902.0,1,8214.0,1,8243.0,1,5831.0,1,7227.0,5154.8486,5449.441,-1531.0
206,2014-08-18,10041.0,1032.0,1.0,1.0,0,1.0,1.0,-0.7765239,-0.63008785,-0.8660254,-0.5,3,0,0,1,0.0,1,4174.0,1,6307.0,1,0.0,1,7355.0,1,4830.0,1,5201.0,1,6887.0,3092.9092,4238.454,-4174.0
206,2014-08-19,9316.0,938.0,1.0,1.0,0,1.0,2.0,-0.7765239,-0.63008785,-0.8660254,-0.5,3,0,0,1,10041.0,1,0.0,1,5705.0,1,6890.0,1,8748.0,1,0.0,1,4029.0,1,5556.0,5872.1455,5527.9087,10041.0
206,2014-08-20,8452.0,950.0,1.0,1.0,0,0.0,3.0,-0.7765239,-0.63008785,-0.8660254,-0.5,3,0,0,1,9316.0,1,10041.0,1,4174.0,1,6496.0,1,7620.0,1,10536.0,1,0.0,1,0.0,7249.6875,6369.7065,-725.0
206,2014-08-21,8560.0,1001.0,1.0,1.0,0,0.0,4.0,-0.7765239,-0.63008785,-0.8660254,-0.5,3,0,0,1,8452.0,1,9316.0,1,0.0,1,5583.0,1,3902.0,1,8214.0,1,8856.0,1,16005.0,7730.6123,6832.4385,-864.0
206,2014-08-22,7263.0,828.0,1.0,1.0,0,0.0,5.0,-0.7765239,-0.63008785,-0.8660254,-0.5,3,0,0,1,8560.0,1,8452.0,1,10041.0,1,6307.0,1,0.0,1,7355.0,1,7533.0,1,9512.0,8062.367,7216.3413,108.0
206,2014-08-23,4305.0,533.0,1.0,0.0,0,0.0,6.0,-0.7765239,-0.63008785,-0.8660254,-0.5,3,0,0,1,7263.0,1,8560.0,1,9316.0,1,5705.0,1,6890.0,1,8748.0,1,8231.0,1,8484.0,7742.6206,7226.71,-1297.0
206,2014-08-24,0.0,0.0,0.0,0.0,0,0.0,7.0,-0.7765239,-0.63008785,-0.8660254,-0.5,3,0,0,1,4305.0,1,7263.0,1,8452.0,1,4174.0,1,6496.0,1,7620.0,1,9995.0,1,9585.0,6367.5723,6577.441,-2958.0
206,2014-08-25,5985.0,814.0,1.0,0.0,0,0.0,1.0,-0.845596,-0.5338234,-0.8660254,-0.5,3,0,0,1,0.0,1,4305.0,1,8560.0,1,0.0,1,5583.0,1,3902.0,1,8243.0,1,6837.0,3820.5435,5115.7876,-4305.0
206,2014-08-26,4938.0,652.0,1.0,0.0,0,0.0,2.0,-0.845596,-0.5338234,-0.8660254,-0.5,3,0,0,1,5985.0,1,0.0,1,7263.0,1,10041.0,1,6307.0,1,0.0,1,4830.0,1,5513.0,4686.326,5308.946,5985.0
206,2014-08-27,5803.0,768.0,1.0,0.0,0,0.0,3.0,-0.845596,-0.5338234,-0.8660254,-0.5,3,0,0,1,4938.0,1,5985.0,1,4305.0,1,9316.0,1,5705.0,1,6890.0,1,0.0,1,0.0,4786.9956,5226.513,-1047.0
206,2014-08-28,7137.0,909.0,1.0,0.0,0,0.0,4.0,-0.845596,-0.5338234,-0.8660254,-0.5,3,0,0,1,5803.0,1,4938.0,1,0.0,1,8452.0,1,4174.0,1,6496.0,1,10536.0,1,7256.0,5193.3975,5354.6216,865.0
206,2014-08-29,7739.0,878.0,1.0,0.0,0,0.0,5.0,-0.845596,-0.5338234,-0.8660254,-0.5,3,0,0,1,7137.0,1,5803.0,1,5985.0,1,8560.0,1,0.0,1,5583.0,1,8214.0,1,5037.0,5970.8384,5750.7056,1334.0
206,2014-08-30,5271.0,565.0,1.0,0.0,0,0.0,6.0,-0.845596,-0.5338234,-0.8660254,-0.5,3,0,0,1,7739.0,1,7137.0,1,4938.0,1,7263.0,1,10041.0,1,6307.0,1,7355.0,1,4461.0,6678.103,6192.549,602.0
206,2014-08-31,0.0,0.0,0.0,0.0,0,0.0,7.0,-0.845596,-0.5338234,-0.8660254,-0.5,3,0,1,1,5271.0,1,7739.0,1,5803.0,1,4305.0,1,9316.0,1,5705.0,1,8748.0,1,7828.0,6115.2617,5987.7603,-2468.0
206,2014-09-01,11678.0,1197.0,1.0,1.0,0,0.0,1.0,-0.9027978,-0.4300652,-1.0,-1.8369701e-16,3,1,0,1,0.0,1,5271.0,1,7137.0,1,0.0,1,8452.0,1,4174.0,1,7620.0,1,6300.0,3669.157,4657.147,-5271.0
206,2014-09-02,9137.0,956.0,1.0,1.0,0,0.0,2.0,-0.9027978,-0.4300652,-1.0,-1.8369701e-16,3,0,0,1,11678.0,1,0.0,1,7739.0,1,5985.0,1,8560.0,1,0.0,1,3902.0,1,4349.0,6872.6943,6217.3364,11678.0
206,2014-09-03,7592.0,831.0,1.0,1.0,0,0.0,3.0,-0.9027978,-0.4300652,-1.0,-1.8369701e-16,3,0,0,1,9137.0,1,11678.0,1,5271.0,1,4938.0,1,7263.0,1,10041.0,1,0.0,1,0.0,7778.4165,6866.1504,-2541.0
206,2014-09-04,7712.0,932.0,1.0,1.0,0,0.0,4.0,-0.9027978,-0.4300652,-1.0,-1.8369701e-16,3,0,0,1,7592.0,1,9137.0,1,0.0,1,5803.0,1,4305.0,1,9316.0,1,6890.0,1,8461.0,7703.85,7027.45,-1545.0
206,2014-09-05,7408.0,951.0,1.0,1.0,0,0.0,5.0,-0.9027978,-0.4300652,-1.0,-1.8369701e-16,3,0,0,1,7712.0,1,7592.0,1,11678.0,1,7137.0,1,0.0,1,8452.0,1,6496.0,1,8164.0,7707.11,7179.5728,120.0
206,2014-09-06,6340.0,1016.0,1.0,0.0,0,0.0,6.0,-0.9027978,-0.4300652,-1.0,-1.8369701e-16,3,0,0,1,7408.0,1,7712.0,1,9137.0,1,7739.0,1,5985.0,1,8560.0,1,5583.0,1,7291.0,7587.466,7230.334,-304.0
206,2014-09-07,0.0,0.0,0.0,0.0,0,0.0,7.0,-0.9027978,-0.4300652,-1.0,-1.8369701e-16,3,0,0,1,6340.0,1,7408.0,1,7592.0,1,5271.0,1,4938.0,1,7263.0,1,6307.0,1,7502.0,7088.4795,7032.482,-1068.0
206,2014-09-08,5809.0,786.0,1.0,0.0,0,0.0,1.0,-0.94732636,-0.32026985,-1.0,-1.8369701e-16,3,0,0,1,0.0,1,6340.0,1,7712.0,1,0.0,1,5803.0,1,4305.0,1,5705.0,1,6175.0,4253.088,5469.7085,-6340.0
206,2014-09-09,6173.0,775.0,1.0,0.0,0,0.0,2.0,-0.94732636,-0.32026985,-1.0,-1.8369701e-16,3,0,0,1,5809.0,1,0.0,1,7408.0,1,11678.0,1,7137.0,1,0.0,1,4174.0,1,3577.0,4875.4526,5545.1064,5809.0
206,2014-09-10,5758.0,723.0,1.0,0.0,0,0.0,3.0,-0.94732636,-0.32026985,-1.0,-1.8369701e-16,3,0,0,1,6173.0,1,5809.0,1,6340.0,1,9137.0,1,7739.0,1,5985.0,1,0.0,1,0.0,5394.4717,5684.638,364.0
206,2014-09-11,6534.0,854.0,1.0,0.0,0,0.0,4.0,-0.94732636,-0.32026985,-1.0,-1.8369701e-16,3,0,0,1,5758.0,1,6173.0,1,0.0,1,7592.0,1,5271.0,1,4938.0,1,10041.0,1,5394.0,5539.883,5700.941,-415.0
206,2014-09-12,6324.0,743.0,1.0,0.0,0,0.0,5.0,-0.94732636,-0.32026985,-1.0,-1.8369701e-16,3,0,0,1,6534.0,1,5758.0,1,5809.0,1,7712.0,1,0.0,1,5803.0,1,9316.0,1,5993.0,5937.53,5886.0654,776.0
206,2014-09-13,4265.0,495.0,1.0,0.0,0,0.0,6.0,-0.94732636,-0.32026985,-1.0,-1.8369701e-16,3,0,0,1,6324.0,1,6534.0,1,6173.0,1,7408.0,1,11678.0,1,7137.0,1,8452.0,1,5181.0,6092.1177,5983.3843,-210.0
206,2014-09-14,0.0,0.0,0.0,0.0,0,0.0,7.0,-0.94732636,-0.32026985,-1.0,-1.8369701e-16,3,0,0,1,4265.0,1,6324.0,1,5758.0,1,6340.0,1,9137.0,1,7739.0,1,8560.0,1,5831.0,5361.2705,5601.521,-2059.0
206,2014-09-15,10338.0,1027.0,1.0,1.0,0,0.0,1.0,-0.9785565,-0.20597862,-1.0,-1.8369701e-16,3,0,0,1,0.0,1,4265.0,1,6534.0,1,0.0,1,7592.0,1,5271.0,1,7263.0,1,5201.0,3216.7625,4356.7383,-4265.0
206,2014-09-16,8200.0,925.0,1.0,1.0,0,0.0,2.0,-0.9785565,-0.20597862,-1.0,-1.8369701e-16,3,0,0,1,10338.0,1,0.0,1,6324.0,1,5809.0,1,7712.0,1,0.0,1,4305.0,1,4029.0,6065.2573,5685.9077,10338.0
206,2014-09-17,7156.0,871.0,1.0,1.0,0,0.0,3.0,-0.9785565,-0.20597862,-1.0,-1.8369701e-16,3,0,0,1,8200.0,1,10338.0,1,4265.0,1,6173.0,1,7408.0,1,11678.0,1,0.0,1,0.0,6919.1543,6244.5947,-2138.0
206,2014-09-18,7643.0,925.0,1.0,1.0,0,0.0,4.0,-0.9785565,-0.20597862,-1.0,-1.8369701e-16,3,0,0,1,7156.0,1,8200.0,1,0.0,1,5758.0,1,6340.0,1,9137.0,1,5985.0,1,8856.0,7013.8926,6447.1294,-1044.0
206,2014-09-19,7100.0,812.0,1.0,1.0,0,0.0,5.0,-0.9785565,-0.20597862,-1.0,-1.8369701e-16,3,0,0,1,7643.0,1,7156.0,1,10338.0,1,6534.0,1,0.0,1,7592.0,1,4938.0,1,7533.0,7265.5356,6712.8784,487.0
206,2014-09-20,4101.0,468.0,1.0,0.0,0,0.0,6.0,-0.9785565,-0.20597862,-1.0,-1.8369701e-16,3,0,0,1,7100.0,1,7643.0,1,8200.0,1,6324.0,1,5809.0,1,7712.0,1,5803.0,1,8231.0,7199.3213,6798.9053,-543.0
206,2014-09-21,0.0,0.0,0.0,0.0,0,0.0,7.0,-0.9785565,-0.20597862,-1.0,-1.8369701e-16,3,0,0,1,4101.0,1,7100.0,1,7156.0,1,4265.0,1,6173.0,1,7408.0,1,7137.0,1,9995.0,5959.9927,6199.371,-2999.0
206,2014-09-22,6133.0,752.0,1.0,0.0,0,0.0,1.0,-0.9960498,-0.08879589,-1.0,-1.8369701e-16,3,0,0,1,0.0,1,4101.0,1,7643.0,1,0.0,1,5758.0,1,6340.0,1,7739.0,1,8243.0,3575.9956,4821.733,-4101.0
206,2014-09-23,5599.0,737.0,1.0,0.0,0,0.0,2.0,-0.9960498,-0.08879589,-1.0,-1.8369701e-16,3,0,0,1,6133.0,1,0.0,1,7100.0,1,10338.0,1,6534.0,1,0.0,1,5271.0,1,4830.0,4598.7974,5113.1255,6133.0
206,2014-09-24,5457.0,700.0,1.0,0.0,0,0.0,3.0,-0.9960498,-0.08879589,-1.0,-1.8369701e-16,3,0,0,1,5599.0,1,6133.0,1,4101.0,1,8200.0,1,6324.0,1,5809.0,1,0.0,1,0.0,4998.8784,5221.0977,-534.0
206,2014-09-25,6092.0,796.0,1.0,0.0,0,0.0,4.0,-0.9960498,-0.08879589,-1.0,-1.8369701e-16,3,0,0,1,5457.0,1,5599.0,1,0.0,1,7156.0,1,4265.0,1,6173.0,1,11678.0,1,10536.0,5182.127,5273.5205,-142.0
206,2014-09-26,5292.0,684.0,1.0,0.0,0,0.0,5.0,-0.9960498,-0.08879589,-1.0,-1.8369701e-16,3,0,0,1,6092.0,1,5457.0,1,6133.0,1,7643.0,1,0.0,1,5758.0,1,9137.0,1,8214.0,5546.076,5455.405,635.0
206,2014-09-27,4570.0,532.0,1.0,0.0,0,0.0,6.0,-0.9960498,-0.08879589,-1.0,-1.8369701e-16,3,0,0,1,5292.0,1,6092.0,1,5599.0,1,7100.0,1,10338.0,1,6534.0,1,7592.0,1,7355.0,5444.446,5419.093,-800.0
206,2014-09-28,0.0,0.0,0.0,0.0,0,0.0,7.0,-0.9960498,-0.08879589,-1.0,-1.8369701e-16,3,0,0,1,4570.0,1,5292.0,1,5457.0,1,4101.0,1,8200.0,1,6324.0,1,7712.0,1,8748.0,5094.6675,5230.4053,-722.0
206,2014-09-29,10742.0,1067.0,1.0,1.0,0,0.0,1.0,-0.99956083,0.029633328,-1.0,-1.8369701e-16,3,0,0,1,0.0,1,4570.0,1,6092.0,1,0.0,1,7156.0,1,4265.0,1,7408.0,1,7620.0,3056.8005,4068.093,-4570.0
206,2014-09-30,11976.0,1145.0,1.0,1.0,0,0.0,2.0,-0.99956083,0.029633328,-1.0,-1.8369701e-16,3,0,1,1,10742.0,1,0.0,1,5292.0,1,6133.0,1,7643.0,1,0.0,1,6340.0,1,3902.0,6130.8804,5551.1836,10742.0
206,2014-10-01,8380.0,930.0,1.0,1.0,0,0.0,3.0,-0.99956083,0.029633328,-0.8660254,0.5,4,1,0,1,11976.0,1,10742.0,1,4570.0,1,5599.0,1,7100.0,1,10338.0,1,0.0,1,0.0,8468.928,6978.9204,1234.0
206,2014-10-02,10022.0,1128.0,1.0,1.0,0,0.0,4.0,-0.99956083,0.029633328,-0.8660254,0.5,4,0,0,1,8380.0,1,11976.0,1,0.0,1,5457.0,1,4101.0,1,8200.0,1,5809.0,1,6890.0,8433.356,7290.2715,-3596.0
206,2014-10-03,0.0,0.0,0.0,1.0,1,0.0,5.0,-0.99956083,0.029633328,-0.8660254,0.5,4,0,0,1,10022.0,1,8380.0,1,10742.0,1,6092.0,1,0.0,1,7156.0,1,6173.0,1,6496.0,9068.814,7897.3223,1642.0
206,2014-10-04,5648.0,608.0,1.0,0.0,0,0.0,6.0,-0.99956083,0.029633328,-0.8660254,0.5,4,0,0,1,0.0,1,10022.0,1,11976.0,1,5292.0,1,6133.0,1,7643.0,1,5758.0,1,5583.0,5441.2886,6142.362,-10022.0
206,2014-10-05,0.0,0.0,0.0,0.0,0,0.0,7.0,-0.99956083,0.029633328,-0.8660254,0.5,4,0,0,1,5648.0,1,0.0,1,8380.0,1,4570.0,1,5599.0,1,7100.0,1,6534.0,1,6307.0,5523.973,6032.5034,5648.0
206,2014-10-06,9664.0,987.0,1.0,1.0,0,1.0,1.0,-0.9890402,0.14764656,-0.8660254,0.5,4,0,0,1,0.0,1,5648.0,1,10022.0,1,0.0,1,5457.0,1,4101.0,1,6324.0,1,5705.0,3314.3838,4691.9473,-5648.0
206,2014-10-07,8315.0,823.0,1.0,1.0,0,1.0,2.0,-0.9890402,0.14764656,-0.8660254,0.5,4,0,0,1,9664.0,1,0.0,1,0.0,1,10742.0,1,6092.0,1,0.0,1,4265.0,1,4174.0,5854.2305,5796.8477,9664.0
206,2014-10-08,7465.0,760.0,1.0,1.0,0,1.0,3.0,-0.9890402,0.14764656,-0.8660254,0.5,4,0,0,1,8315.0,1,9664.0,1,5648.0,1,11976.0,1,5292.0,1,6133.0,1,0.0,1,0.0,6838.538,6356.437,-1349.0
206,2014-10-09,8272.0,921.0,1.0,1.0,0,1.0,4.0,-0.9890402,0.14764656,-0.8660254,0.5,4,0,0,1,7465.0,1,8315.0,1,0.0,1,8380.0,1,4570.0,1,5599.0,1,10338.0,1,10041.0,7089.123,6602.7847,-850.0
206,2014-10-10,7156.0,824.0,1.0,1.0,0,1.0,5.0,-0.9890402,0.14764656,-0.8660254,0.5,4,0,0,1,8272.0,1,7465.0,1,9664.0,1,10022.0,1,0.0,1,5457.0,1,8200.0,1,9316.0,7562.274,6973.721,807.0
206,2014-10-11,4019.0,488.0,1.0,0.0,0,0.0,6.0,-0.9890402,0.14764656,-0.8660254,0.5,4,0,0,1,7156.0,1,8272.0,1,8315.0,1,0.0,1,10742.0,1,6092.0,1,7156.0,1,8452.0,7399.764,7014.2275,-1116.0
206,2014-10-12,0.0,0.0,0.0,0.0,0,0.0,7.0,-0.9890402,0.14764656,-0.8660254,0.5,4,0,0,1,4019.0,1,7156.0,1,7465.0,1,5648.0,1,11976.0,1,5292.0,1,7643.0,1,8560.0,6047.4585,6348.6216,-3137.0
206,2014-10-13,6008.0,756.0,1.0,0.0,0,1.0,1.0,-0.9646356,0.26358718,-0.8660254,0.5,4,0,0,1,0.0,1,4019.0,1,8272.0,1,0.0,1,8380.0,1,4570.0,1,7100.0,1,7263.0,3628.475,4937.817,-4019.0
206,2014-10-14,6315.0,777.0,1.0,0.0,0,1.0,2.0,-0.9646356,0.26358718,-0.8660254,0.5,4,0,0,1,6008.0,1,0.0,1,7156.0,1,9664.0,1,10022.0,1,0.0,1,4101.0,1,4305.0,4580.285,5175.6353,6008.0
206,2014-10-15,5474.0,700.0,1.0,0.0,0,1.0,3.0,-0.9646356,0.26358718,-0.8660254,0.5,4,0,0,1,6315.0,1,6008.0,1,4019.0,1,8315.0,1,0.0,1,10742.0,1,0.0,1,0.0,5274.171,5428.8276,307.0
206,2014-10-16,6111.0,780.0,1.0,0.0,0,1.0,4.0,-0.9646356,0.26358718,-0.8660254,0.5,4,0,0,1,5474.0,1,6315.0,1,0.0,1,7465.0,1,5648.0,1,11976.0,1,6133.0,1,5985.0,5354.1025,5438.8657,-841.0
206,2014-10-17,5866.0,682.0,1.0,0.0,0,1.0,5.0,-0.9646356,0.26358718,-0.8660254,0.5,4,0,0,1,6111.0,1,5474.0,1,6008.0,1,8272.0,1,0.0,1,8380.0,1,5599.0,1,4938.0,5656.862,5588.229,637.0
206,2014-10-18,4237.0,521.0,1.0,0.0,0,0.0,6.0,-0.9646356,0.26358718,-0.8660254,0.5,4,0,0,1,5866.0,1,6111.0,1,6315.0,1,7156.0,1,9664.0,1,10022.0,1,5457.0,1,5803.0,5740.517,5649.956,-245.0
206,2014-10-19,0.0,0.0,0.0,0.0,0,0.0,7.0,-0.9646356,0.26358718,-0.8660254,0.5,4,0,0,1,4237.0,1,5866.0,1,5474.0,1,4019.0,1,8315.0,1,0.0,1,6092.0,1,7137.0,5139.1104,5335.966,-1629.0
206,2014-10-20,8583.0,988.0,1.0,1.0,0,0.0,1.0,-0.9266896,0.37582758,-0.8660254,0.5,4,0,0,1,0.0,1,4237.0,1,6111.0,1,0.0,1,7465.0,1,5648.0,1,5292.0,1,7739.0,3083.466,4150.1953,-4237.0
206,2014-10-21,7313.0,823.0,1.0,1.0,0,0.0,2.0,-0.9266896,0.37582758,-0.8660254,0.5,4,0,0,1,8583.0,1,0.0,1,5866.0,1,6008.0,1,8272.0,1,0.0,1,4570.0,1,5271.0,5283.28,5135.263,8583.0
206,2014-10-22,7112.0,840.0,1.0,1.0,0,0.0,3.0,-0.9266896,0.37582758,-0.8660254,0.5,4,0,0,1,7313.0,1,8583.0,1,4237.0,1,6315.0,1,7156.0,1,9664.0,1,0.0,1,0.0,6095.168,5619.2046,-1270.0
206,2014-10-23,8264.0,1003.0,1.0,1.0,0,0.0,4.0,-0.9266896,0.37582758,-0.8660254,0.5,4,0,0,1,7112.0,1,7313.0,1,0.0,1,5474.0,1,4019.0,1,8315.0,1,10742.0,1,11678.0,6501.901,5950.937,-201.0
206,2014-10-24,7997.0,897.0,1.0,1.0,0,0.0,5.0,-0.9266896,0.37582758,-0.8660254,0.5,4,0,0,1,8264.0,1,7112.0,1,8583.0,1,6111.0,1,0.0,1,7465.0,1,11976.0,1,9137.0,7206.74,6464.951,1152.0
206,2014-10-25,4766.0,517.0,1.0,0.0,0,0.0,6.0,-0.9266896,0.37582758,-0.8660254,0.5,4,0,0,1,7997.0,1,8264.0,1,7313.0,1,5866.0,1,6008.0,1,8272.0,1,8380.0,1,7592.0,7522.844,6805.4062,-267.0
206,2014-10-26,0.0,0.0,0.0,0.0,0,0.0,7.0,-0.9266896,0.37582758,-0.8660254,0.5,4,0,0,1,4766.0,1,7997.0,1,7112.0,1,4237.0,1,6315.0,1,7156.0,1,10022.0,1,7712.0,6420.1064,6352.205,-3231.0
206,2014-10-27,7040.0,840.0,1.0,0.0,0,0.0,1.0,-0.8757349,0.4827922,-0.8660254,0.5,4,0,0,1,0.0,1,4766.0,1,8264.0,1,0.0,1,5474.0,1,4019.0,1,0.0,1,7408.0,3852.064,4940.604,-4766.0
206,2014-10-28,6896.0,792.0,1.0,0.0,0,0.0,2.0,-0.8757349,0.4827922,-0.8660254,0.5,4,0,0,1,7040.0,1,0.0,1,7997.0,1,8583.0,1,6111.0,1,0.0,1,5648.0,1,6340.0,5127.2383,5407.136,7040.0
206,2014-10-29,6117.0,705.0,1.0,0.0,0,0.0,3.0,-0.8757349,0.4827922,-0.8660254,0.5,4,0,0,1,6896.0,1,7040.0,1,4766.0,1,7313.0,1,5866.0,1,6008.0,1,0.0,1,0.0,5834.743,5737.995,-144.0
206,2014-10-30,7842.0,924.0,1.0,0.0,0,0.0,4.0,-0.8757349,0.4827922,-0.8660254,0.5,4,0,0,1,6117.0,1,6896.0,1,0.0,1,7112.0,1,4237.0,1,6315.0,1,9664.0,1,5809.0,5947.646,5822.2183,-779.0
206,2014-10-31,9561.0,1047.0,1.0,0.0,0,0.0,5.0,-0.8757349,0.4827922,-0.8660254,0.5,4,0,1,1,7842.0,1,6117.0,1,7040.0,1,8264.0,1,0.0,1,5474.0,1,8315.0,1,6173.0,6705.3877,6271.0586,1725.0
206,2014-11-01,0.0,0.0,0.0,0.0,1,0.0,6.0,-0.8757349,0.4827922,-0.5,0.8660254,4,1,0,1,9561.0,1,7842.0,1,6896.0,1,7997.0,1,8583.0,1,6111.0,1,7465.0,1,5758.0,7847.6323,7002.1567,1719.0
206,2014-11-02,0.0,0.0,0.0,0.0,0,0.0,7.0,-0.8757349,0.4827922,-0.5,0.8660254,4,0,0,1,0.0,1,9561.0,1,6117.0,1,4766.0,1,7313.0,1,5866.0,1,8272.0,1,6534.0,4708.5796,5446.122,-9561.0
206,2014-11-03,11978.0,1201.0,1.0,1.0,0,0.0,1.0,-0.8124869,0.5829795,-0.5,0.8660254,4,0,0,1,0.0,1,0.0,1,7842.0,1,0.0,1,7112.0,1,4237.0,1,7156.0,1,6324.0,2825.1477,4235.8726,0.0
206,2014-11-04,9321.0,947.0,1.0,1.0,0,0.0,2.0,-0.8124869,0.5829795,-0.5,0.8660254,4,0,0,1,11978.0,1,0.0,1,9561.0,1,7040.0,1,8264.0,1,0.0,1,4019.0,1,4265.0,6486.2886,5956.345,11978.0
206,2014-11-05,8808.0,919.0,1.0,1.0,0,0.0,3.0,-0.8124869,0.5829795,-0.5,0.8660254,4,0,0,1,9321.0,1,11978.0,1,0.0,1,6896.0,1,7997.0,1,8583.0,1,0.0,1,0.0,7620.1733,6704.0464,-2657.0
206,2014-11-06,9012.0,995.0,1.0,1.0,0,0.0,4.0,-0.8124869,0.5829795,-0.5,0.8660254,4,0,0,1,8808.0,1,9321.0,1,0.0,1,6117.0,1,4766.0,1,7313.0,1,6008.0,1,10338.0,8095.3037,7171.592,-513.0
206,2014-11-07,8213.0,881.0,1.0,1.0,0,0.0,5.0,-0.8124869,0.5829795,-0.5,0.8660254,4,0,0,1,9012.0,1,8808.0,1,11978.0,1,7842.0,1,0.0,1,7112.0,1,6315.0,1,8200.0,8461.982,7580.5713,204.0
206,2014-11-08,5429.0,639.0,1.0,0.0,0,0.0,6.0,-0.8124869,0.5829795,-0.5,0.8660254,4,0,0,1,8213.0,1,9012.0,1,9321.0,1,9561.0,1,7040.0,1,8264.0,1,5474.0,1,7156.0,8362.39,7721.111,-799.0
206,2014-11-09,0.0,0.0,0.0,0.0,0,0.0,7.0,-0.8124869,0.5829795,-0.5,0.8660254,4,0,0,1,5429.0,1,8213.0,1,8808.0,1,0.0,1,6896.0,1,7997.0,1,6111.0,1,7643.0,7189.0337,7211.753,-2784.0
206,2014-11-10,9686.0,1009.0,1.0,1.0,0,0.0,1.0,-0.73783326,0.674983,-0.5,0.8660254,4,0,0,1,0.0,1,5429.0,1,9012.0,1,0.0,1,6117.0,1,4766.0,1,5866.0,1,7100.0,4313.4204,5609.141,-5429.0
206,2014-11-11,8738.0,924.0,1.0,1.0,0,0.0,2.0,-0.73783326,0.674983,-0.5,0.8660254,4,0,0,1,9686.0,1,0.0,1,8213.0,1,11978.0,1,7842.0,1,0.0,1,4237.0,1,4101.0,6462.452,6515.11,9686.0
206,2014-11-12,8512.0,894.0,1.0,1.0,0,0.0,3.0,-0.73783326,0.674983,-0.5,0.8660254,4,0,0,1,8738.0,1,9686.0,1,5429.0,1,9321.0,1,9561.0,1,7040.0,1,0.0,1,0.0,7372.6714,7009.0854,-948.0
206,2014-11-13,9232.0,973.0,1.0,1.0,0,0.0,4.0,-0.73783326,0.674983,-0.5,0.8660254,4,0,0,1,8512.0,1,8738.0,1,0.0,1,8808.0,1,0.0,1,6896.0,1,8583.0,1,6133.0,7828.403,7343.0664,-226.0
206,2014-11-14,8700.0,920.0,1.0,1.0,0,0.0,5.0,-0.73783326,0.674983,-0.5,0.8660254,4,0,0,1,9232.0,1,8512.0,1,9686.0,1,9012.0,1,0.0,1,6117.0,1,7313.0,1,5599.0,8389.842,7762.8296,720.0
206,2014-11-15,5223.0,574.0,1.0,0.0,0,0.0,6.0,-0.73783326,0.674983,-0.5,0.8660254,4,0,0,1,8700.0,1,9232.0,1,8738.0,1,8213.0,1,11978.0,1,7842.0,1,7112.0,1,5457.0,8513.905,7971.0894,-532.0
206,2014-11-16,0.0,0.0,0.0,0.0,0,0.0,7.0,-0.73783326,0.674983,-0.5,0.8660254,4,0,0,1,5223.0,1,8700.0,1,8512.0,1,5429.0,1,9321.0,1,9561.0,1,8264.0,1,6092.0,7197.543,7360.403,-3477.0
206,2014-11-17,7145.0,866.0,1.0,0.0,0,0.0,1.0,-0.65282214,0.75751126,-0.5,0.8660254,4,0,0,1,0.0,1,5223.0,1,9232.0,1,0.0,1,8808.0,1,0.0,1,7997.0,1,5292.0,4318.526,5724.758,-5223.0
206,2014-11-18,6835.0,824.0,1.0,0.0,0,0.0,2.0,-0.65282214,0.75751126,-0.5,0.8660254,4,0,0,1,7145.0,1,0.0,1,8700.0,1,9686.0,1,9012.0,1,0.0,1,4766.0,1,4570.0,5449.1157,6040.367,7145.0
206,2014-11-19,6678.0,763.0,1.0,0.0,0,0.0,3.0,-0.65282214,0.75751126,-0.5,0.8660254,4,0,0,1,6835.0,1,7145.0,1,5223.0,1,8738.0,1,8213.0,1,11978.0,1,0.0,1,0.0,6003.469,6216.952,-310.0
206,2014-11-20,6859.0,846.0,1.0,0.0,0,0.0,4.0,-0.65282214,0.75751126,-0.5,0.8660254,4,0,0,1,6678.0,1,6835.0,1,0.0,1,8512.0,1,5429.0,1,9321.0,1,7040.0,1,10742.0,6273.2817,6319.407,-157.0
206,2014-11-21,6635.0,802.0,1.0,0.0,0,0.0,5.0,-0.65282214,0.75751126,-0.5,0.8660254,4,0,0,1,6859.0,1,6678.0,1,7145.0,1,9232.0,1,0.0,1,8808.0,1,6896.0,1,11976.0,6507.569,6439.317,181.0
206,2014-11-22,4754.0,516.0,1.0,0.0,0,0.0,6.0,-0.65282214,0.75751126,-0.5,0.8660254,4,0,0,1,6635.0,1,6859.0,1,6835.0,1,8700.0,1,9686.0,1,9012.0,1,6117.0,1,8380.0,6558.5415,6482.802,-224.0
206,2014-11-23,0.0,0.0,0.0,0.0,0,0.0,7.0,-0.65282214,0.75751126,-0.5,0.8660254,4,0,0,1,4754.0,1,6635.0,1,6678.0,1,5223.0,1,8738.0,1,8213.0,1,7842.0,1,10022.0,5836.7246,6098.6235,-1881.0
206,2014-11-24,10219.0,1070.0,1.0,1.0,0,0.0,1.0,-0.55864674,0.82940567,-0.5,0.8660254,4,0,0,1,0.0,1,4754.0,1,6859.0,1,0.0,1,8512.0,1,5429.0,1,9561.0,1,0.0,3502.035,4743.374,-4754.0
206,2014-11-25,8994.0,962.0,1.0,1.0,0,0.0,2.0,-0.55864674,0.82940567,-0.5,0.8660254,4,0,0,1,10219.0,1,0.0,1,6635.0,1,7145.0,1,9232.0,1,0.0,1,0.0,1,5648.0,6188.821,5960.1797,10219.0
206,2014-11-26,8412.0,856.0,1.0,1.0,0,0.0,3.0,-0.55864674,0.82940567,-0.5,0.8660254,4,0,0,1,8994.0,1,10219.0,1,4754.0,1,6835.0,1,8700.0,1,9686.0,1,0.0,1,0.0,7310.8926,6634.3623,-1225.0
206,2014-11-27,9240.0,1016.0,1.0,1.0,0,0.0,4.0,-0.55864674,0.82940567,-0.5,0.8660254,4,0,0,1,8412.0,1,8994.0,1,0.0,1,6678.0,1,5223.0,1,8738.0,1,11978.0,1,9664.0,7751.3354,7029.3926,-582.0
206,2014-11-28,10425.0,1032.0,1.0,1.0,0,0.0,5.0,-0.55864674,0.82940567,-0.5,0.8660254,4,0,0,1,9240.0,1,8412.0,1,10219.0,1,6859.0,1,0.0,1,8512.0,1,9321.0,1,8315.0,8346.802,7520.6387,828.0
206,2014-11-29,6850.0,668.0,1.0,0.0,0,0.0,6.0,-0.55864674,0.82940567,-0.5,0.8660254,4,0,0,1,10425.0,1,9240.0,1,8994.0,1,6635.0,1,7145.0,1,9232.0,1,8808.0,1,7465.0,9178.081,8166.0522,1185.0
206,2014-11-30,0.0,0.0,0.0,0.0,0,0.0,7.0,-0.55864674,0.82940567,-0.5,0.8660254,4,0,1,1,6850.0,1,10425.0,1,8412.0,1,4754.0,1,6835.0,1,8700.0,1,9012.0,1,8272.0,8246.849,7873.596,-3575.0
206,2014-12-01,13325.0,1206.0,1.0,1.0,0,0.0,1.0,-0.45662925,0.8896571,-2.4492937e-16,1.0,4,1,0,1,0.0,1,6850.0,1,9240.0,1,0.0,1,6678.0,1,5223.0,1,8213.0,1,7156.0,4948.109,6123.908,-6850.0
206,2014-12-02,11055.0,1075.0,1.0,1.0,0,0.0,2.0,-0.45662925,0.8896571,-2.4492937e-16,1.0,4,0,0,1,13325.0,1,0.0,1,10425.0,1,10219.0,1,6859.0,1,0.0,1,5429.0,1,4019.0,8298.865,7724.151,13325.0
206,2014-12-03,9498.0,920.0,1.0,1.0,0,0.0,3.0,-0.45662925,0.8896571,-2.4492937e-16,1.0,4,0,0,1,11055.0,1,13325.0,1,6850.0,1,8994.0,1,6635.0,1,7145.0,1,0.0,1,0.0,9401.319,8464.34,-2270.0
206,2014-12-04,11921.0,1172.0,1.0,1.0,0,0.0,4.0,-0.45662925,0.8896571,-2.4492937e-16,1.0,4,0,0,1,9498.0,1,11055.0,1,0.0,1,8412.0,1,4754.0,1,6835.0,1,9686.0,1,6008.0,9439.991,8694.042,-1557.0
206,2014-12-05,12323.0,1083.0,1.0,1.0,0,0.0,5.0,-0.45662925,0.8896571,-2.4492937e-16,1.0,4,0,0,1,11921.0,1,9498.0,1,13325.0,1,9240.0,1,0.0,1,6678.0,1,8738.0,1,6315.0,10432.395,9411.144,2423.0
206,2014-12-06,6772.0,667.0,1.0,0.0,0,0.0,6.0,-0.45662925,0.8896571,-2.4492937e-16,1.0,4,0,0,1,12323.0,1,11921.0,1,11055.0,1,10425.0,1,10219.0,1,6859.0,1,8512.0,1,5474.0,11188.637,10058.223,402.0
206,2014-12-07,0.0,0.0,0.0,0.0,0,0.0,7.0,-0.45662925,0.8896571,-2.4492937e-16,1.0,4,0,0,1,6772.0,1,12323.0,1,9498.0,1,6850.0,1,8994.0,1,6635.0,1,9232.0,1,6111.0,9421.982,9327.951,-5551.0
206,2014-12-08,8483.0,955.0,1.0,0.0,0,0.0,1.0,-0.34820163,0.93741965,-2.4492937e-16,1.0,4,0,0,1,0.0,1,6772.0,1,11921.0,1,0.0,1,8412.0,1,4754.0,1,8700.0,1,5866.0,5653.1895,7255.073,-6772.0
206,2014-12-09,8032.0,896.0,1.0,0.0,0,0.0,2.0,-0.34820163,0.93741965,-2.4492937e-16,1.0,4,0,0,1,8483.0,1,0.0,1,12323.0,1,13325.0,1,9240.0,1,0.0,1,5223.0,1,4237.0,6785.114,7527.946,8483.0
206,2014-12-10,7560.0,793.0,1.0,0.0,0,0.0,3.0,-0.34820163,0.93741965,-2.4492937e-16,1.0,4,0,0,1,8032.0,1,8483.0,1,6772.0,1,11055.0,1,10425.0,1,10219.0,1,0.0,1,0.0,7283.868,7639.958,-451.0
206,2014-12-11,7144.0,865.0,1.0,0.0,0,0.0,4.0,-0.34820163,0.93741965,-2.4492937e-16,1.0,4,0,0,1,7560.0,1,8032.0,1,0.0,1,9498.0,1,6850.0,1,8994.0,1,7145.0,1,8583.0,7394.321,7622.1895,-472.0
206,2014-12-12,6502.0,710.0,1.0,0.0,0,0.0,5.0,-0.34820163,0.93741965,-2.4492937e-16,1.0,4,0,0,1,7144.0,1,7560.0,1,8483.0,1,11921.0,1,0.0,1,8412.0,1,6835.0,1,7313.0,7294.1924,7515.9253,-416.0
206,2014-12-13,6461.0,651.0,1.0,0.0,0,0.0,6.0,-0.34820163,0.93741965,-2.4492937e-16,1.0,4,0,0,1,6502.0,1,7144.0,1,8032.0,1,12323.0,1,13325.0,1,9240.0,1,6678.0,1,7112.0,6977.3154,7290.6084,-642.0
206,2014-12-14,0.0,0.0,0.0,0.0,0,0.0,7.0,-0.34820163,0.93741965,-2.4492937e-16,1.0,4,0,0,1,6461.0,1,6502.0,1,7560.0,1,6772.0,1,11055.0,1,10425.0,1,6859.0,1,8264.0,6770.7896,7106.251,-41.0
206,2014-12-15,14569.0,1270.0,1.0,1.0,0,0.0,1.0,-0.23488605,0.9720229,-2.4492937e-16,1.0,4,0,0,1,0.0,1,6461.0,1,7144.0,1,0.0,1,9498.0,1,6850.0,1,6635.0,1,7997.0,4062.4736,5527.084,-6461.0
206,2014-12-16,14560.0,1211.0,1.0,1.0,0,0.0,2.0,-0.23488605,0.9720229,-2.4492937e-16,1.0,4,0,0,1,14569.0,1,0.0,1,6502.0,1,8483.0,1,11921.0,1,0.0,1,4754.0,1,4766.0,8265.084,7536.399,14569.0
206,2014-12-17,10895.0,1013.0,1.0,1.0,0,0.0,3.0,-0.23488605,0.9720229,-2.4492937e-16,1.0,4,0,0,1,14560.0,1,14569.0,1,6461.0,1,8032.0,1,12323.0,1,13325.0,1,0.0,1,0.0,10783.051,9097.199,-9.0
206,2014-12-18,11980.0,1212.0,1.0,1.0,0,0.0,4.0,-0.23488605,0.9720229,-2.4492937e-16,1.0,4,0,0,1,10895.0,1,14560.0,1,0.0,1,7560.0,1,6772.0,1,11055.0,1,10219.0,1,7040.0,10827.83,9496.71,-3665.0
206,2014-12-19,10418.0,967.0,1.0,1.0,0,0.0,5.0,-0.23488605,0.9720229,-2.4492937e-16,1.0,4,0,0,1,11980.0,1,10895.0,1,14569.0,1,7144.0,1,0.0,1,9498.0,1,8994.0,1,6896.0,11288.698,10048.553,1085.0
206,2014-12-20,7519.0,721.0,1.0,0.0,0,0.0,6.0,-0.23488605,0.9720229,-2.4492937e-16,1.0,4,0,0,1,10418.0,1,11980.0,1,14560.0,1,6502.0,1,8483.0,1,11921.0,1,8412.0,1,6117.0,10940.419,10130.652,-1562.0
206,2014-12-21,0.0,0.0,0.0,0.0,0,0.0,7.0,-0.23488605,0.9720229,-2.4492937e-16,1.0,4,0,0,1,7519.0,1,10418.0,1,10895.0,1,6461.0,1,8032.0,1,12323.0,1,9240.0,1,7842.0,9571.852,9550.285,-2899.0
206,2014-12-22,13220.0,1272.0,1.0,0.0,0,1.0,1.0,-0.11827317,0.9929811,-2.4492937e-16,1.0,4,0,0,1,0.0,1,7519.0,1,11980.0,1,0.0,1,7560.0,1,6772.0,1,10425.0,1,9561.0,5743.111,7427.9995,-7519.0
206,2014-12-23,12504.0,1250.0,1.0,0.0,0,1.0,2.0,-0.11827317,0.9929811,-2.4492937e-16,1.0,4,0,0,1,13220.0,1,0.0,1,10418.0,1,14569.0,1,7144.0,1,0.0,1,6850.0,1,0.0,8733.866,8715.11,13220.0
206,2014-12-24,5218.0,521.0,1.0,0.0,0,1.0,3.0,-0.11827317,0.9929811,-2.4492937e-16,1.0,4,0,0,1,12504.0,1,13220.0,1,7519.0,1,14560.0,1,6502.0,1,8483.0,1,0.0,1,0.0,10241.92,9557.086,-716.0
206,2014-12-25,0.0,0.0,0.0,0.0,3,1.0,4.0,-0.11827317,0.9929811,-2.4492937e-16,1.0,4,0,0,1,5218.0,1,12504.0,1,0.0,1,10895.0,1,6461.0,1,8032.0,1,13325.0,1,11978.0,8232.352,8592.845,-7286.0
206,2014-12-26,0.0,0.0,0.0,0.0,3,1.0,5.0,-0.11827317,0.9929811,-2.4492937e-16,1.0,4,0,0,1,0.0,1,5218.0,1,13220.0,1,11980.0,1,0.0,1,7560.0,1,11055.0,1,9321.0,4939.411,6683.3237,-5218.0
206,2014-12-27,4816.0,522.0,1.0,0.0,0,0.0,6.0,-0.11827317,0.9929811,-2.4492937e-16,1.0,4,0,0,1,0.0,1,0.0,1,12504.0,1,10418.0,1,14569.0,1,7144.0,1,9498.0,1,8808.0,2963.6467,5198.1406,0.0
206,2014-12-28,0.0,0.0,0.0,0.0,0,0.0,7.0,-0.11827317,0.9929811,-2.4492937e-16,1.0,4,0,0,1,4816.0,1,0.0,1,5218.0,1,7519.0,1,14560.0,1,6502.0,1,11921.0,1,9012.0,3704.5881,5113.2207,4816.0
206,2014-12-29,8631.0,893.0,1.0,0.0,0,1.0,1.0,0.11827317,0.9929811,-2.4492937e-16,1.0,4,0,0,1,0.0,1,4816.0,1,0.0,1,0.0,1,10895.0,1,6461.0,1,12323.0,1,8213.0,2222.753,3976.9492,-4816.0
206,2014-12-30,9959.0,955.0,1.0,0.0,0,1.0,2.0,0.11827317,0.9929811,-2.4492937e-16,1.0,4,0,0,1,8631.0,1,0.0,1,0.0,1,13220.0,1,11980.0,1,0.0,1,6772.0,1,5429.0,4786.052,5011.1826,8631.0
206,2014-12-31,5126.0,528.0,1.0,0.0,0,1.0,3.0,0.11827317,0.9929811,-2.4492937e-16,1.0,4,0,1,1,9959.0,1,8631.0,1,4816.0,1,12504.0,1,10418.0,1,14569.0,1,0.0,1,0.0,6855.231,6110.6978,1328.0
206,2015-01-01,0.0,0.0,0.0,0.0,1,1.0,4.0,0.11827317,0.9929811,0.5,0.8660254,1,1,0,1,5126.0,1,9959.0,1,0.0,1,5218.0,1,7519.0,1,14560.0,1,8483.0,1,9686.0,6163.5386,5891.876,-4833.0
206,2015-01-02,6050.0,741.0,1.0,0.0,0,1.0,5.0,0.11827317,0.9929811,0.5,0.8660254,1,0,0,1,0.0,1,5126.0,1,8631.0,1,0.0,1,0.0,1,10895.0,1,8032.0,1,8738.0,3698.123,4582.5703,-5126.0
206,2015-01-03,4149.0,477.0,1.0,0.0,0,0.0,6.0,0.11827317,0.9929811,0.5,0.8660254,1,0,0,1,6050.0,1,0.0,1,9959.0,1,0.0,1,13220.0,1,11980.0,1,7560.0,1,8512.0,4638.874,4908.6655,6050.0
206,2015-01-04,0.0,0.0,0.0,0.0,0,0.0,7.0,0.11827317,0.9929811,0.5,0.8660254,1,0,0,1,4149.0,1,6050.0,1,5126.0,1,4816.0,1,12504.0,1,10418.0,1,7144.0,1,9232.0,4442.9243,4739.851,-1901.0
206,2015-01-05,9551.0,1067.0,1.0,1.0,0,1.0,1.0,0.23488605,0.9720229,0.5,0.8660254,1,0,0,1,0.0,1,4149.0,1,0.0,1,0.0,1,5218.0,1,7519.0,1,6502.0,1,8700.0,2665.7546,3686.5508,-4149.0
206,2015-01-06,9491.0,966.0,1.0,1.0,0,1.0,2.0,0.23488605,0.9720229,0.5,0.8660254,1,0,0,1,9551.0,1,0.0,1,6050.0,1,8631.0,1,0.0,1,0.0,1,6461.0,1,5223.0,5419.8525,4989.7617,9551.0
206,2015-01-07,8733.0,920.0,1.0,1.0,0,0.0,3.0,0.23488605,0.9720229,0.5,0.8660254,1,0,0,1,9491.0,1,9551.0,1,4149.0,1,9959.0,1,0.0,1,13220.0,1,0.0,1,0.0,7048.3115,5990.037,-60.0
206,2015-01-08,8264.0,875.0,1.0,1.0,0,0.0,4.0,0.23488605,0.9720229,0.5,0.8660254,1,0,0,1,8733.0,1,9491.0,1,0.0,1,5126.0,1,4816.0,1,12504.0,1,14569.0,1,7145.0,7722.187,6599.5845,-758.0
206,2015-01-09,8398.0,791.0,1.0,1.0,0,0.0,5.0,0.23488605,0.9720229,0.5,0.8660254,1,0,0,1,8264.0,1,8733.0,1,9551.0,1,0.0,1,0.0,1,5218.0,1,14560.0,1,6835.0,7938.912,6969.4546,-469.0
206,2015-01-10,4583.0,440.0,1.0,0.0,0,0.0,6.0,0.23488605,0.9720229,0.5,0.8660254,1,0,0,1,8398.0,1,8264.0,1,9491.0,1,6050.0,1,8631.0,1,0.0,1,10895.0,1,6678.0,8122.5474,7286.909,134.0
206,2015-01-11,0.0,0.0,0.0,0.0,0,0.0,7.0,0.23488605,0.9720229,0.5,0.8660254,1,0,0,1,4583.0,1,8398.0,1,8733.0,1,4149.0,1,9959.0,1,0.0,1,11980.0,1,6859.0,6706.7285,6686.0405,-3815.0
206,2015-01-12,10719.0,1063.0,1.0,1.0,0,0.0,1.0,0.34820163,0.93741965,0.5,0.8660254,1,0,0,1,0.0,1,4583.0,1,8264.0,1,0.0,1,5126.0,1,4816.0,1,10418.0,1,6635.0,4024.037,5200.2534,-4583.0
206,2015-01-13,8797.0,882.0,1.0,1.0,0,0.0,2.0,0.34820163,0.93741965,0.5,0.8660254,1,0,0,1,10719.0,1,0.0,1,8398.0,1,9551.0,1,0.0,1,0.0,1,7519.0,1,4754.0,6702.0225,6426.6416,10719.0
206,2015-01-14,8659.0,887.0,1.0,1.0,0,0.0,3.0,0.34820163,0.93741965,0.5,0.8660254,1,0,0,1,8797.0,1,10719.0,1,4583.0,1,9491.0,1,6050.0,1,8631.0,1,0.0,1,0.0,7540.013,6953.388,-1922.0
206,2015-01-15,8742.0,963.0,1.0,1.0,0,0.0,4.0,0.34820163,0.93741965,0.5,0.8660254,1,0,0,1,8659.0,1,8797.0,1,0.0,1,8733.0,1,4149.0,1,9959.0,1,13220.0,1,10219.0,7987.608,7332.413,-138.0
206,2015-01-16,8455.0,941.0,1.0,1.0,0,0.0,5.0,0.34820163,0.93741965,0.5,0.8660254,1,0,0,1,8742.0,1,8659.0,1,10719.0,1,8264.0,1,0.0,1,5126.0,1,12504.0,1,8994.0,8289.365,7645.6543,83.0
206,2015-01-17,5298.0,587.0,1.0,0.0,0,0.0,6.0,0.34820163,0.93741965,0.5,0.8660254,1,0,0,1,8455.0,1,8742.0,1,8797.0,1,8398.0,1,9551.0,1,0.0,1,5218.0,1,8412.0,8355.619,7825.509,-287.0
206,2015-01-18,0.0,0.0,0.0,0.0,0,0.0,7.0,0.34820163,0.93741965,0.5,0.8660254,1,0,0,1,5298.0,1,8455.0,1,8659.0,1,4583.0,1,9491.0,1,6050.0,1,0.0,1,9240.0,7132.5713,7263.8403,-3157.0
206,2015-01-19,6714.0,828.0,1.0,0.0,0,0.0,1.0,0.45662925,0.8896571,0.5,0.8660254,1,0,0,1,0.0,1,5298.0,1,8742.0,1,0.0,1,8733.0,1,4149.0,1,0.0,1,10425.0,4279.543,5649.654,-5298.0
206,2015-01-20,6519.0,809.0,1.0,0.0,0,0.0,2.0,0.45662925,0.8896571,0.5,0.8660254,1,0,0,1,6714.0,1,0.0,1,8455.0,1,10719.0,1,8264.0,1,0.0,1,4816.0,1,6850.0,5253.3257,5886.175,6714.0
206,2015-01-21,5789.0,724.0,1.0,0.0,0,0.0,3.0,0.45662925,0.8896571,0.5,0.8660254,1,0,0,1,6519.0,1,6714.0,1,5298.0,1,8797.0,1,8398.0,1,9551.0,1,0.0,1,0.0,5759.595,6026.8027,-195.0
206,2015-01-22,6319.0,836.0,1.0,0.0,0,0.0,4.0,0.45662925,0.8896571,0.5,0.8660254,1,0,0,1,5789.0,1,6519.0,1,0.0,1,8659.0,1,4583.0,1,9491.0,1,8631.0,1,13325.0,5771.3574,5973.9575,-730.0
206,2015-01-23,6307.0,730.0,1.0,0.0,0,0.0,5.0,0.45662925,0.8896571,0.5,0.8660254,1,0,0,1,6319.0,1,5789.0,1,6714.0,1,8742.0,1,0.0,1,8733.0,1,9959.0,1,11055.0,5990.4146,6050.634,530.0
206,2015-01-24,4093.0,426.0,1.0,0.0,0,0.0,6.0,0.45662925,0.8896571,0.5,0.8660254,1,0,0,1,6307.0,1,6319.0,1,6519.0,1,8455.0,1,10719.0,1,8264.0,1,5126.0,1,9498.0,6117.049,6107.604,-12.0
206,2015-01-25,0.0,0.0,0.0,0.0,0,0.0,7.0,0.45662925,0.8896571,0.5,0.8660254,1,0,0,1,4093.0,1,6307.0,1,5789.0,1,5298.0,1,8797.0,1,8398.0,1,0.0,1,11921.0,5307.429,5659.914,-2214.0
206,2015-01-26,9542.0,952.0,1.0,1.0,0,0.0,1.0,0.55864674,0.82940567,0.5,0.8660254,1,0,0,1,0.0,1,4093.0,1,6319.0,1,0.0,1,8659.0,1,4583.0,1,6050.0,1,12323.0,3184.4575,4402.156,-4093.0
206,2015-01-27,9703.0,982.0,1.0,1.0,0,0.0,2.0,0.55864674,0.82940567,0.5,0.8660254,1,0,0,1,9542.0,1,0.0,1,6307.0,1,6714.0,1,8742.0,1,0.0,1,4149.0,1,6772.0,5727.4746,5544.3433,9542.0
206,2015-01-28,8628.0,908.0,1.0,1.0,0,0.0,3.0,0.55864674,0.82940567,0.5,0.8660254,1,0,0,1,9703.0,1,9542.0,1,4093.0,1,6519.0,1,8455.0,1,10719.0,1,0.0,1,0.0,7317.6846,6468.4893,161.0
206,2015-01-29,8561.0,946.0,1.0,1.0,0,0.0,4.0,0.55864674,0.82940567,0.5,0.8660254,1,0,0,1,8628.0,1,9703.0,1,0.0,1,5789.0,1,5298.0,1,8797.0,1,9551.0,1,8483.0,7841.811,6948.3804,-1075.0
206,2015-01-30,9087.0,920.0,1.0,1.0,0,0.0,5.0,0.55864674,0.82940567,0.5,0.8660254,1,0,0,1,8561.0,1,8628.0,1,9542.0,1,6319.0,1,0.0,1,8659.0,1,9491.0,1,8032.0,8129.4863,7306.74,-67.0
206,2015-01-31,5798.0,622.0,1.0,0.0,0,0.0,6.0,0.55864674,0.82940567,0.5,0.8660254,1,0,1,1,9087.0,1,8561.0,1,9703.0,1,6307.0,1,6714.0,1,8742.0,1,8733.0,1,7560.0,8512.492,7702.3535,526.0
206,2015-02-01,0.0,0.0,0.0,0.0,0,0.0,7.0,0.55864674,0.82940567,0.8660254,0.5,1,1,0,1,5798.0,1,9087.0,1,8628.0,1,4093.0,1,6519.0,1,8455.0,1,8264.0,1,7144.0,7426.6953,7279.164,-3289.0
206,2015-02-02,11886.0,1152.0,1.0,1.0,0,0.0,1.0,0.65282214,0.75751126,0.8660254,0.5,1,0,0,1,0.0,1,5798.0,1,8561.0,1,0.0,1,5789.0,1,5298.0,1,8398.0,1,6502.0,4456.017,5661.572,-5798.0
206,2015-02-03,9291.0,987.0,1.0,1.0,0,0.0,2.0,0.65282214,0.75751126,0.8660254,0.5,1,0,0,1,11886.0,1,0.0,1,9087.0,1,9542.0,1,6319.0,1,0.0,1,4583.0,1,6461.0,7428.0103,7044.7783,11886.0
206,2015-02-04,8257.0,918.0,1.0,1.0,0,0.0,3.0,0.65282214,0.75751126,0.8660254,0.5,1,0,0,1,9291.0,1,11886.0,1,5798.0,1,9703.0,1,6307.0,1,6714.0,1,0.0,1,0.0,8173.206,7543.9385,-2595.0
206,2015-02-05,8490.0,989.0,1.0,1.0,0,0.0,4.0,0.65282214,0.75751126,0.8660254,0.5,1,0,0,1,8257.0,1,9291.0,1,0.0,1,8628.0,1,4093.0,1,6519.0,1,10719.0,1,14569.0,8206.724,7702.3965,-1034.0
206,2015-02-06,8343.0,932.0,1.0,1.0,0,0.0,5.0,0.65282214,0.75751126,0.8660254,0.5,1,0,0,1,8490.0,1,8257.0,1,11886.0,1,8561.0,1,0.0,1,5789.0,1,8797.0,1,14560.0,8320.034,7877.4194,233.0
206,2015-02-07,5049.0,555.0,1.0,0.0,0,0.0,6.0,0.65282214,0.75751126,0.8660254,0.5,1,0,0,1,8343.0,1,8490.0,1,9291.0,1,9087.0,1,9542.0,1,6319.0,1,8659.0,1,10895.0,8329.221,7980.882,-147.0
206,2015-02-08,0.0,0.0,0.0,0.0,0,0.0,7.0,0.65282214,0.75751126,0.8660254,0.5,1,0,0,1,5049.0,1,8343.0,1,8257.0,1,5798.0,1,9703.0,1,6307.0,1,8742.0,1,11980.0,7017.1323,7329.3525,-3294.0
206,2015-02-09,6989.0,807.0,1.0,0.0,0,0.0,1.0,0.73783326,0.674983,0.8660254,0.5,1,0,0,1,0.0,1,5049.0,1,8490.0,1,0.0,1,8628.0,1,4093.0,1,8455.0,1,10418.0,4210.2793,5700.6074,-5049.0
206,2015-02-10,6444.0,814.0,1.0,0.0,0,0.0,2.0,0.73783326,0.674983,0.8660254,0.5,1,0,0,1,6989.0,1,0.0,1,8343.0,1,11886.0,1,8561.0,1,0.0,1,5298.0,1,7519.0,5321.7676,5986.917,6989.0
206,2015-02-11,6503.0,839.0,1.0,0.0,0,0.0,3.0,0.73783326,0.674983,0.8660254,0.5,1,0,0,1,6444.0,1,6989.0,1,5049.0,1,9291.0,1,9087.0,1,9542.0,1,0.0,1,0.0,5770.6606,6088.491,-545.0
206,2015-02-12,7101.0,879.0,1.0,0.0,0,0.0,4.0,0.73783326,0.674983,0.8660254,0.5,1,0,0,1,6503.0,1,6444.0,1,0.0,1,8257.0,1,5798.0,1,9703.0,1,6714.0,1,13220.0,6063.596,6180.604,59.0
206,2015-02-13,6988.0,836.0,1.0,0.0,0,0.0,5.0,0.73783326,0.674983,0.8660254,0.5,1,0,0,1,7101.0,1,6503.0,1,6989.0,1,8490.0,1,0.0,1,8628.0,1,6519.0,1,12504.0,6478.5576,6385.1367,598.0
206,2015-02-14,4958.0,573.0,1.0,0.0,0,0.0,6.0,0.73783326,0.674983,0.8660254,0.5,1,0,0,1,6988.0,1,7101.0,1,6444.0,1,8343.0,1,11886.0,1,8561.0,1,5789.0,1,5218.0,6682.3345,6519.106,-113.0
206,2015-02-15,0.0,0.0,0.0,0.0,0,0.0,7.0,0.73783326,0.674983,0.8660254,0.5,1,0,0,1,4958.0,1,6988.0,1,6503.0,1,5049.0,1,9291.0,1,9087.0,1,6319.0,1,0.0,5992.6006,6172.194,-2030.0
206,2015-02-16,11068.0,1007.0,1.0,1.0,0,0.0,1.0,0.8124869,0.5829795,0.8660254,0.5,1,0,0,1,0.0,1,4958.0,1,7101.0,1,0.0,1,8257.0,1,5798.0,1,6307.0,1,0.0,3595.5605,4800.595,-4958.0
206,2015-02-17,8459.0,941.0,1.0,1.0,0,0.0,2.0,0.8124869,0.5829795,0.8660254,0.5,1,0,0,1,11068.0,1,0.0,1,6988.0,1,6989.0,1,8490.0,1,0.0,1,4093.0,1,4816.0,6584.536,6193.3516,11068.0
206,2015-02-18,8802.0,878.0,1.0,1.0,0,0.0,3.0,0.8124869,0.5829795,0.8660254,0.5,1,0,0,1,8459.0,1,11068.0,1,4958.0,1,6444.0,1,8343.0,1,11886.0,1,0.0,1,0.0,7334.322,6696.829,-2609.0
206,2015-02-19,8689.0,974.0,1.0,1.0,0,0.0,4.0,0.8124869,0.5829795,0.8660254,0.5,1,0,0,1,8802.0,1,8459.0,1,0.0,1,6503.0,1,5049.0,1,9291.0,1,9542.0,1,8631.0,7921.393,7164.645,343.0
206,2015-02-20,8250.0,864.0,1.0,1.0,0,0.0,5.0,0.8124869,0.5829795,0.8660254,0.5,1,0,0,1,8689.0,1,8802.0,1,11068.0,1,7101.0,1,0.0,1,8257.0,1,9703.0,1,9959.0,8228.436,7503.3906,-113.0
206,2015-02-21,4847.0,581.0,1.0,0.0,0,0.0,6.0,0.8124869,0.5829795,0.8660254,0.5,1,0,0,1,8250.0,1,8689.0,1,8459.0,1,6988.0,1,6989.0,1,8490.0,1,8628.0,1,5126.0,8237.062,7669.3037,-439.0
206,2015-02-22,0.0,0.0,0.0,0.0,0,0.0,7.0,0.8124869,0.5829795,0.8660254,0.5,1,0,0,1,4847.0,1,8250.0,1,8802.0,1,4958.0,1,6444.0,1,8343.0,1,8561.0,1,0.0,6881.037,7042.125,-3403.0
206,2015-02-23,5796.0,755.0,1.0,0.0,0,0.0,1.0,0.8757349,0.4827922,0.8660254,0.5,1,0,0,1,0.0,1,4847.0,1,8689.0,1,0.0,1,6503.0,1,5049.0,1,9087.0,1,6050.0,4128.622,5477.2085,-4847.0
206,2015-02-24,6262.0,789.0,1.0,0.0,0,0.0,2.0,0.8757349,0.4827922,0.8660254,0.5,1,0,0,1,5796.0,1,0.0,1,8250.0,1,11068.0,1,7101.0,1,0.0,1,5798.0,1,4149.0,4795.573,5548.051,5796.0
206,2015-02-25,6252.0,753.0,1.0,0.0,0,0.0,3.0,0.8757349,0.4827922,0.8660254,0.5,1,0,0,1,6262.0,1,5796.0,1,4847.0,1,8459.0,1,6988.0,1,6989.0,1,0.0,1,0.0,5382.144,5706.7065,466.0
206,2015-02-26,6492.0,874.0,1.0,0.0,0,0.0,4.0,0.8757349,0.4827922,0.8660254,0.5,1,0,0,1,6252.0,1,6262.0,1,0.0,1,8802.0,1,4958.0,1,6444.0,1,11886.0,1,9551.0,5730.0864,5827.883,-10.0
206,2015-02-27,8180.0,854.0,1.0,0.0,0,0.0,5.0,0.8757349,0.4827922,0.8660254,0.5,1,0,0,1,6492.0,1,6252.0,1,5796.0,1,8689.0,1,0.0,1,6503.0,1,9291.0,1,9491.0,6034.852,5975.4644,240.0
206,2015-02-28,6249.0,639.0,1.0,0.0,0,0.0,6.0,0.8757349,0.4827922,0.8660254,0.5,1,0,1,1,8180.0,1,6492.0,1,6262.0,1,8250.0,1,11068.0,1,7101.0,1,8257.0,1,8733.0,6892.911,6465.3613,1688.0
206,2015-03-01,0.0,0.0,0.0,0.0,0,0.0,7.0,0.8757349,0.4827922,1.0,6.123234e-17,1,1,0,1,6249.0,1,8180.0,1,6252.0,1,4847.0,1,8459.0,1,6988.0,1,8490.0,1,8264.0,6635.3467,6417.281,-1931.0
206,2015-03-02,11871.0,1126.0,1.0,1.0,0,0.0,1.0,0.9266896,0.37582758,1.0,6.123234e-17,1,0,0,1,0.0,1,6249.0,1,6492.0,1,0.0,1,8802.0,1,4958.0,1,8343.0,1,8398.0,3981.208,4991.2183,-6249.0
206,2015-03-03,9739.0,977.0,1.0,1.0,0,0.0,2.0,0.9266896,0.37582758,1.0,6.123234e-17,1,0,0,1,11871.0,1,0.0,1,8180.0,1,5796.0,1,8689.0,1,0.0,1,5049.0,1,4583.0,7137.125,6520.0586,11871.0
206,2015-03-04,9375.0,943.0,1.0,1.0,0,0.0,3.0,0.9266896,0.37582758,1.0,6.123234e-17,1,0,0,1,9739.0,1,11871.0,1,6249.0,1,6262.0,1,8250.0,1,11068.0,1,0.0,1,0.0,8177.875,7235.379,-2132.0
206,2015-03-05,9081.0,1046.0,1.0,1.0,0,0.0,4.0,0.9266896,0.37582758,1.0,6.123234e-17,1,0,0,1,9375.0,1,9739.0,1,0.0,1,6252.0,1,4847.0,1,8459.0,1,6989.0,1,10719.0,8656.725,7710.8506,-364.0
206,2015-03-06,9016.0,965.0,1.0,1.0,0,0.0,5.0,0.9266896,0.37582758,1.0,6.123234e-17,1,0,0,1,9081.0,1,9375.0,1,11871.0,1,6492.0,1,0.0,1,8802.0,1,6444.0,1,8797.0,8826.435,8015.328,-294.0
206,2015-03-07,5035.0,597.0,1.0,0.0,0,0.0,6.0,0.9266896,0.37582758,1.0,6.123234e-17,1,0,0,1,9016.0,1,9081.0,1,9739.0,1,8180.0,1,5796.0,1,8689.0,1,6503.0,1,8659.0,8902.261,8237.699,-65.0
206,2015-03-08,0.0,0.0,0.0,0.0,0,0.0,7.0,0.9266896,0.37582758,1.0,6.123234e-17,1,0,0,1,5035.0,1,9016.0,1,9375.0,1,6249.0,1,6262.0,1,8250.0,1,7101.0,1,8742.0,7355.3564,7525.989,-3981.0
206,2015-03-09,8322.0,898.0,1.0,0.0,0,0.0,1.0,0.9646356,0.26358718,1.0,6.123234e-17,1,0,0,1,0.0,1,5035.0,1,9081.0,1,0.0,1,6252.0,1,4847.0,1,6988.0,1,8455.0,4413.214,5853.547,-5035.0
206,2015-03-10,7678.0,877.0,1.0,0.0,0,0.0,2.0,0.9646356,0.26358718,1.0,6.123234e-17,1,0,0,1,8322.0,1,0.0,1,9016.0,1,11871.0,1,6492.0,1,0.0,1,4958.0,1,5298.0,5976.7285,6402.092,8322.0
206,2015-03-11,6544.0,848.0,1.0,0.0,0,0.0,3.0,0.9646356,0.26358718,1.0,6.123234e-17,1,0,0,1,7678.0,1,8322.0,1,5035.0,1,9739.0,1,8180.0,1,5796.0,1,0.0,1,0.0,6657.237,6685.627,-644.0
206,2015-03-12,7266.0,909.0,1.0,0.0,0,0.0,4.0,0.9646356,0.26358718,1.0,6.123234e-17,1,0,0,1,6544.0,1,7678.0,1,0.0,1,9375.0,1,6249.0,1,6262.0,1,11068.0,1,6714.0,6611.9424,6654.1543,-1134.0
206,2015-03-13,6736.0,807.0,1.0,0.0,0,0.0,5.0,0.9646356,0.26358718,1.0,6.123234e-17,1,0,0,1,7266.0,1,6544.0,1,8322.0,1,9081.0,1,0.0,1,6252.0,1,8459.0,1,6519.0,6873.5654,6790.12,722.0
206,2015-03-14,4573.0,510.0,1.0,0.0,0,0.0,6.0,0.9646356,0.26358718,1.0,6.123234e-17,1,0,0,1,6736.0,1,7266.0,1,7678.0,1,9016.0,1,11871.0,1,6492.0,1,8802.0,1,5789.0,6818.539,6778.0933,-530.0
206,2015-03-15,0.0,0.0,0.0,0.0,0,0.0,7.0,0.9646356,0.26358718,1.0,6.123234e-17,1,0,0,1,4573.0,1,6736.0,1,6544.0,1,5035.0,1,9739.0,1,8180.0,1,8689.0,1,6319.0,5920.3237,6288.0728,-2163.0
206,2015-03-16,12013.0,1202.0,1.0,1.0,0,0.0,1.0,0.9890402,0.14764656,1.0,6.123234e-17,1,0,0,1,0.0,1,4573.0,1,7266.0,1,0.0,1,9375.0,1,6249.0,1,8250.0,1,6307.0,3552.194,4890.723,-4573.0
206,2015-03-17,9425.0,991.0,1.0,1.0,0,0.0,2.0,0.9890402,0.14764656,1.0,6.123234e-17,1,0,0,1,12013.0,1,0.0,1,6736.0,1,8322.0,1,9081.0,1,0.0,1,4847.0,1,4093.0,6936.5166,6473.451,12013.0
206,2015-03-18,9010.0,942.0,1.0,1.0,0,0.0,3.0,0.9890402,0.14764656,1.0,6.123234e-17,1,0,0,1,9425.0,1,12013.0,1,4573.0,1,7678.0,1,9016.0,1,11871.0,1,0.0,1,0.0,7931.9097,7129.351,-2588.0
206,2015-03-19,8968.0,1020.0,1.0,1.0,0,0.0,4.0,0.9890402,0.14764656,1.0,6.123234e-17,1,0,0,1,9010.0,1,9425.0,1,0.0,1,6544.0,1,5035.0,1,9739.0,1,5796.0,1,9542.0,8363.1455,7547.273,-415.0
206,2015-03-20,8757.0,933.0,1.0,1.0,0,0.0,5.0,0.9890402,0.14764656,1.0,6.123234e-17,1,0,0,1,8968.0,1,9010.0,1,12013.0,1,7266.0,1,0.0,1,9375.0,1,6262.0,1,9703.0,8605.088,7862.99,-42.0
206,2015-03-21,4335.0,458.0,1.0,0.0,0,0.0,6.0,0.9890402,0.14764656,1.0,6.123234e-17,1,0,0,1,8757.0,1,8968.0,1,9425.0,1,6736.0,1,8322.0,1,9081.0,1,6252.0,1,8628.0,8665.853,8061.659,-211.0
206,2015-03-22,0.0,0.0,0.0,0.0,0,0.0,7.0,0.9890402,0.14764656,1.0,6.123234e-17,1,0,0,1,4335.0,1,8757.0,1,9010.0,1,4573.0,1,7678.0,1,9016.0,1,6492.0,1,8561.0,6933.5117,7233.5127,-4422.0
206,2015-03-23,7045.0,884.0,1.0,0.0,0,0.0,1.0,0.99956083,0.029633328,1.0,6.123234e-17,1,0,0,1,0.0,1,4335.0,1,8968.0,1,0.0,1,6544.0,1,5035.0,1,8180.0,1,9087.0,4160.107,5626.0654,-4335.0
206,2015-03-24,7120.0,824.0,1.0,0.0,0,0.0,2.0,0.99956083,0.029633328,1.0,6.123234e-17,1,0,0,1,7045.0,1,0.0,1,8757.0,1,12013.0,1,7266.0,1,0.0,1,6249.0,1,5798.0,5314.064,5941.3843,7045.0
206,2015-03-25,6811.0,814.0,1.0,0.0,0,0.0,3.0,0.99956083,0.029633328,1.0,6.123234e-17,1,0,0,1,7120.0,1,7045.0,1,4335.0,1,9425.0,1,6736.0,1,8322.0,1,0.0,1,0.0,6036.4385,6203.299,75.0
206,2015-03-26,7157.0,882.0,1.0,0.0,0,0.0,4.0,0.99956083,0.029633328,1.0,6.123234e-17,1,0,0,1,6811.0,1,7120.0,1,0.0,1,9010.0,1,4573.0,1,7678.0,1,11871.0,1,11886.0,6346.263,6338.3433,-309.0
206,2015-03-27,6134.0,722.0,1.0,0.0,0,0.0,5.0,0.99956083,0.029633328,1.0,6.123234e-17,1,0,0,1,7157.0,1,6811.0,1,7045.0,1,8968.0,1,0.0,1,6544.0,1,9739.0,1,9291.0,6670.5576,6520.267,346.0
206,2015-03-28,5842.0,538.0,1.0,0.0,0,0.0,6.0,0.99956083,0.029633328,1.0,6.123234e-17,1,0,0,1,6134.0,1,7157.0,1,7120.0,1,8757.0,1,12013.0,1,7266.0,1,9375.0,1,8257.0,6455.9346,6434.43,-1023.0
206,2015-03-29,0.0,0.0,0.0,0.0,0,0.0,7.0,0.99956083,0.029633328,1.0,6.123234e-17,1,0,0,1,5842.0,1,6134.0,1,6811.0,1,4335.0,1,9425.0,1,6736.0,1,9081.0,1,8490.0,6210.361,6302.779,-292.0
206,2015-03-30,14949.0,1196.0,1.0,1.0,0,1.0,1.0,0.9960498,-0.08879589,1.0,6.123234e-17,1,0,0,1,0.0,1,5842.0,1,7157.0,1,0.0,1,9010.0,1,4573.0,1,9016.0,1,8343.0,3726.2166,4902.161,-5842.0
206,2015-03-31,13288.0,1051.0,1.0,1.0,0,1.0,2.0,0.9960498,-0.08879589,1.0,6.123234e-17,1,0,1,1,14949.0,1,0.0,1,6134.0,1,7045.0,1,8968.0,1,0.0,1,5035.0,1,5049.0,8215.33,7134.792,14949.0
206,2015-04-01,9205.0,942.0,1.0,1.0,0,1.0,3.0,0.9960498,-0.08879589,0.8660254,-0.5,2,1,0,1,13288.0,1,14949.0,1,5842.0,1,7120.0,1,8757.0,1,12013.0,1,0.0,1,0.0,10244.397,8502.172,-1661.0
206,2015-04-02,11091.0,1183.0,1.0,1.0,0,1.0,4.0,0.9960498,-0.08879589,0.8660254,-0.5,2,0,0,1,9205.0,1,13288.0,1,0.0,1,6811.0,1,4335.0,1,9425.0,1,8322.0,1,6989.0,9828.639,8658.355,-4083.0
206,2015-04-03,0.0,0.0,0.0,1.0,2,1.0,5.0,0.9960498,-0.08879589,0.8660254,-0.5,2,0,0,1,11091.0,1,9205.0,1,14949.0,1,7157.0,1,0.0,1,9010.0,1,7678.0,1,6444.0,10333.583,9198.943,1886.0
206,2015-04-04,9908.0,807.0,1.0,0.0,0,0.0,6.0,0.9960498,-0.08879589,0.8660254,-0.5,2,0,0,1,0.0,1,11091.0,1,13288.0,1,6134.0,1,7045.0,1,8968.0,1,6544.0,1,6503.0,6200.15,7154.734,-11091.0
206,2015-04-05,0.0,0.0,0.0,0.0,0,0.0,7.0,0.9960498,-0.08879589,0.8660254,-0.5,2,0,0,1,9908.0,1,0.0,1,9205.0,1,5842.0,1,7120.0,1,8757.0,1,7266.0,1,7101.0,7683.29,7766.571,9908.0
206,2015-04-06,0.0,0.0,0.0,0.0,2,1.0,1.0,0.9785565,-0.20597862,0.8660254,-0.5,2,0,0,1,0.0,1,9908.0,1,11091.0,1,0.0,1,6811.0,1,4335.0,1,6736.0,1,6988.0,4609.974,6040.666,-9908.0
206,2015-04-07,8371.0,979.0,1.0,0.0,0,1.0,2.0,0.9785565,-0.20597862,0.8660254,-0.5,2,0,0,1,0.0,1,0.0,1,0.0,1,14949.0,1,7157.0,1,0.0,1,4573.0,1,4958.0,2765.9844,4698.296,0.0
206,2015-04-08,6922.0,782.0,1.0,0.0,0,1.0,3.0,0.9785565,-0.20597862,0.8660254,-0.5,2,0,0,1,8371.0,1,0.0,1,9908.0,1,13288.0,1,6134.0,1,7045.0,1,0.0,1,0.0,5007.9907,5514.452,8371.0
206,2015-04-09,7026.0,876.0,1.0,0.0,0,1.0,4.0,0.9785565,-0.20597862,0.8660254,-0.5,2,0,0,1,6922.0,1,8371.0,1,0.0,1,9205.0,1,5842.0,1,7120.0,1,12013.0,1,11068.0,5773.594,5827.2407,-1449.0
206,2015-04-10,5817.0,707.0,1.0,0.0,0,1.0,5.0,0.9785565,-0.20597862,0.8660254,-0.5,2,0,0,1,7026.0,1,6922.0,1,0.0,1,11091.0,1,0.0,1,6811.0,1,9425.0,1,8459.0,6274.5566,6093.632,104.0
206,2015-04-11,5064.0,524.0,1.0,0.0,0,0.0,6.0,0.9785565,-0.20597862,0.8660254,-0.5,2,0,0,1,5817.0,1,7026.0,1,8371.0,1,0.0,1,14949.0,1,7157.0,1,9010.0,1,8802.0,6091.534,6032.1577,-1209.0
206,2015-04-12,0.0,0.0,0.0,0.0,0,0.0,7.0,0.9785565,-0.20597862,0.8660254,-0.5,2,0,0,1,5064.0,1,5817.0,1,6922.0,1,9908.0,1,13288.0,1,6134.0,1,8968.0,1,8689.0,5680.5205,5817.0117,-753.0
206,2015-04-13,13183.0,1223.0,1.0,1.0,0,0.0,1.0,0.94732636,-0.32026985,0.8660254,-0.5,2,0,0,1,0.0,1,5064.0,1,7026.0,1,0.0,1,9205.0,1,5842.0,1,8757.0,1,8250.0,3408.3123,4524.3423,-5064.0
206,2015-04-14,10147.0,1076.0,1.0,1.0,0,0.0,2.0,0.94732636,-0.32026985,0.8660254,-0.5,2,0,0,1,13183.0,1,0.0,1,5817.0,1,0.0,1,11091.0,1,0.0,1,4335.0,1,4847.0,7318.1875,6448.489,13183.0
206,2015-04-15,8186.0,879.0,1.0,1.0,0,0.0,3.0,0.94732636,-0.32026985,0.8660254,-0.5,2,0,0,1,10147.0,1,13183.0,1,5064.0,1,8371.0,1,0.0,1,14949.0,1,0.0,1,0.0,8449.713,7270.38,-3036.0
206,2015-04-16,9549.0,1045.0,1.0,1.0,0,0.0,4.0,0.94732636,-0.32026985,0.8660254,-0.5,2,0,0,1,8186.0,1,10147.0,1,0.0,1,6922.0,1,9908.0,1,13288.0,1,7045.0,1,5796.0,8344.228,7473.851,-1961.0
206,2015-04-17,8687.0,925.0,1.0,1.0,0,0.0,5.0,0.94732636,-0.32026985,0.8660254,-0.5,2,0,0,1,9549.0,1,8186.0,1,13183.0,1,7026.0,1,0.0,1,9205.0,1,7120.0,1,6262.0,8826.137,7934.995,1363.0
206,2015-04-18,5387.0,580.0,1.0,0.0,0,0.0,6.0,0.94732636,-0.32026985,0.8660254,-0.5,2,0,0,1,8687.0,1,9549.0,1,10147.0,1,5817.0,1,0.0,1,11091.0,1,6811.0,1,6252.0,8770.481,8102.1074,-862.0
206,2015-04-19,0.0,0.0,0.0,0.0,0,0.0,7.0,0.94732636,-0.32026985,0.8660254,-0.5,2,0,0,1,5387.0,1,8687.0,1,8186.0,1,5064.0,1,8371.0,1,0.0,1,7157.0,1,6492.0,7417.0894,7498.7505,-3300.0
206,2015-04-20,6719.0,876.0,1.0,0.0,0,0.0,1.0,0.9027978,-0.4300652,0.8660254,-0.5,2,0,0,1,0.0,1,5387.0,1,9549.0,1,0.0,1,6922.0,1,9908.0,1,6134.0,1,8180.0,4450.2534,5832.3613,-5387.0
206,2015-04-21,7211.0,856.0,1.0,0.0,0,0.0,2.0,0.9027978,-0.4300652,0.8660254,-0.5,2,0,0,1,6719.0,1,0.0,1,8687.0,1,13183.0,1,7026.0,1,0.0,1,5842.0,1,6249.0,5357.752,6029.392,6719.0
206,2015-04-22,6441.0,798.0,1.0,0.0,0,0.0,3.0,0.9027978,-0.4300652,0.8660254,-0.5,2,0,0,1,7211.0,1,6719.0,1,5387.0,1,10147.0,1,5817.0,1,0.0,1,0.0,1,0.0,6099.0513,6291.9717,492.0
206,2015-04-23,7034.0,886.0,1.0,0.0,0,0.0,4.0,0.9027978,-0.4300652,0.8660254,-0.5,2,0,0,1,6441.0,1,7211.0,1,0.0,1,8186.0,1,5064.0,1,8371.0,1,14949.0,1,11871.0,6235.8306,6325.089,-770.0
206,2015-04-24,5810.0,780.0,1.0,0.0,0,0.0,5.0,0.9027978,-0.4300652,0.8660254,-0.5,2,0,0,1,7034.0,1,6441.0,1,6719.0,1,9549.0,1,0.0,1,6922.0,1,13288.0,1,9739.0,6555.0986,6482.625,593.0
206,2015-04-25,4547.0,511.0,1.0,0.0,0,0.0,6.0,0.9027978,-0.4300652,0.8660254,-0.5,2,0,0,1,5810.0,1,7034.0,1,7211.0,1,8687.0,1,13183.0,1,7026.0,1,9205.0,1,9375.0,6257.059,6333.153,-1224.0
206,2015-04-26,0.0,0.0,0.0,0.0,0,0.0,7.0,0.9027978,-0.4300652,0.8660254,-0.5,2,0,0,1,4547.0,1,5810.0,1,6441.0,1,5387.0,1,10147.0,1,5817.0,1,11091.0,1,9081.0,5573.0356,5936.23,-1263.0
206,2015-04-27,10754.0,1029.0,1.0,1.0,0,0.0,1.0,0.845596,-0.5338234,0.8660254,-0.5,2,0,0,1,0.0,1,4547.0,1,7034.0,1,0.0,1,8186.0,1,5064.0,1,0.0,1,9016.0,3343.8213,4617.068,-4547.0
206,2015-04-28,9857.0,968.0,1.0,1.0,0,0.0,2.0,0.845596,-0.5338234,0.8660254,-0.5,2,0,0,1,10754.0,1,0.0,1,5810.0,1,6719.0,1,9549.0,1,0.0,1,9908.0,1,5035.0,6307.8926,5980.8306,10754.0
206,2015-04-29,9813.0,961.0,1.0,1.0,0,0.0,3.0,0.845596,-0.5338234,0.8660254,-0.5,2,0,0,1,9857.0,1,10754.0,1,4547.0,1,7211.0,1,8687.0,1,13183.0,1,0.0,1,0.0,7727.5356,6842.2017,-897.0
206,2015-04-30,12787.0,1225.0,1.0,1.0,0,0.0,4.0,0.845596,-0.5338234,0.8660254,-0.5,2,0,1,1,9813.0,1,9857.0,1,0.0,1,6441.0,1,5387.0,1,10147.0,1,0.0,1,8322.0,8561.722,7502.379,-44.0
206,2015-05-01,0.0,0.0,0.0,1.0,1,0.0,5.0,0.845596,-0.5338234,0.5,-0.8660254,2,1,0,1,12787.0,1,9813.0,1,10754.0,1,7034.0,1,0.0,1,8186.0,1,8371.0,1,7678.0,10251.833,8676.739,2974.0
206,2015-05-02,7428.0,719.0,1.0,0.0,0,0.0,6.0,0.845596,-0.5338234,0.5,-0.8660254,2,0,0,1,0.0,1,12787.0,1,9857.0,1,5810.0,1,6719.0,1,9549.0,1,6922.0,1,6544.0,6151.0996,6748.5747,-12787.0
206,2015-05-03,0.0,0.0,0.0,0.0,0,0.0,7.0,0.845596,-0.5338234,0.5,-0.8660254,2,0,0,1,7428.0,1,0.0,1,9813.0,1,4547.0,1,7211.0,1,8687.0,1,7026.0,1,7266.0,6661.86,6899.558,7428.0
206,2015-05-04,12006.0,1198.0,1.0,1.0,0,0.0,1.0,0.7765239,-0.63008785,0.5,-0.8660254,2,0,0,1,0.0,1,7428.0,1,12787.0,1,0.0,1,6441.0,1,5387.0,1,5817.0,1,6736.0,3997.116,5366.323,-7428.0
206,2015-05-05,9006.0,930.0,1.0,1.0,0,0.0,2.0,0.7765239,-0.63008785,0.5,-0.8660254,2,0,0,1,12006.0,1,0.0,1,0.0,1,10754.0,1,7034.0,1,0.0,1,5064.0,1,4573.0,7200.6694,6841.8066,12006.0
206,2015-05-06,9391.0,963.0,1.0,1.0,0,0.0,3.0,0.7765239,-0.63008785,0.5,-0.8660254,2,0,0,1,9006.0,1,12006.0,1,7428.0,1,9857.0,1,5810.0,1,6719.0,1,0.0,1,0.0,7922.802,7322.739,-3000.0
206,2015-05-07,10003.0,1043.0,1.0,1.0,0,0.0,4.0,0.7765239,-0.63008785,0.5,-0.8660254,2,0,0,1,9391.0,1,9006.0,1,0.0,1,9813.0,1,4547.0,1,7211.0,1,13183.0,1,12013.0,8510.081,7782.352,385.0
206,2015-05-08,8413.0,926.0,1.0,1.0,0,0.0,5.0,0.7765239,-0.63008785,0.5,-0.8660254,2,0,0,1,10003.0,1,9391.0,1,12006.0,1,12787.0,1,0.0,1,6441.0,1,10147.0,1,9425.0,9107.249,8275.829,612.0
206,2015-05-09,6020.0,626.0,1.0,0.0,0,0.0,6.0,0.7765239,-0.63008785,0.5,-0.8660254,2,0,0,1,8413.0,1,10003.0,1,9006.0,1,0.0,1,10754.0,1,7034.0,1,8186.0,1,9010.0,8829.549,8306.312,-1590.0
206,2015-05-10,0.0,0.0,0.0,0.0,0,0.0,7.0,0.7765239,-0.63008785,0.5,-0.8660254,2,0,0,1,6020.0,1,8413.0,1,9391.0,1,7428.0,1,9857.0,1,5810.0,1,9549.0,1,8968.0,7705.7295,7798.2427,-2393.0
206,2015-05-11,7207.0,889.0,1.0,0.0,0,0.0,1.0,0.696551,-0.71750724,0.5,-0.8660254,2,0,0,1,0.0,1,6020.0,1,10003.0,1,0.0,1,9813.0,1,4547.0,1,8687.0,1,8757.0,4623.4375,6065.3,-6020.0
206,2015-05-12,7198.0,889.0,1.0,0.0,0,0.0,2.0,0.696551,-0.71750724,0.5,-0.8660254,2,0,0,1,7207.0,1,0.0,1,8413.0,1,12006.0,1,12787.0,1,0.0,1,5387.0,1,4335.0,5656.863,6319.0107,7207.0
206,2015-05-13,7894.0,916.0,1.0,0.0,0,0.0,3.0,0.696551,-0.71750724,0.5,-0.8660254,2,0,0,1,7198.0,1,7207.0,1,6020.0,1,9006.0,1,0.0,1,10754.0,1,0.0,1,0.0,6273.3174,6514.342,-9.0
206,2015-05-14,0.0,0.0,0.0,0.0,1,0.0,4.0,0.696551,-0.71750724,0.5,-0.8660254,2,0,0,1,7894.0,1,7198.0,1,0.0,1,9391.0,1,7428.0,1,9857.0,1,6719.0,1,7045.0,6921.5903,6820.9326,696.0
206,2015-05-15,8166.0,935.0,1.0,0.0,0,0.0,5.0,0.696551,-0.71750724,0.5,-0.8660254,2,0,0,1,0.0,1,7894.0,1,7207.0,1,10003.0,1,0.0,1,9813.0,1,7211.0,1,7120.0,4152.954,5305.17,-7894.0
206,2015-05-16,4726.0,526.0,1.0,0.0,0,0.0,6.0,0.696551,-0.71750724,0.5,-0.8660254,2,0,0,1,8166.0,1,0.0,1,7198.0,1,8413.0,1,12006.0,1,12787.0,1,6441.0,1,6811.0,5758.1724,5940.9097,8166.0
206,2015-05-17,0.0,0.0,0.0,0.0,0,0.0,7.0,0.696551,-0.71750724,0.5,-0.8660254,2,0,0,1,4726.0,1,8166.0,1,7894.0,1,6020.0,1,9006.0,1,0.0,1,7034.0,1,7157.0,5345.3037,5670.9297,-3440.0
206,2015-05-18,11221.0,1146.0,1.0,1.0,0,0.0,1.0,0.60680014,-0.79485446,0.5,-0.8660254,2,0,0,1,0.0,1,4726.0,1,0.0,1,0.0,1,9391.0,1,7428.0,1,5810.0,1,6134.0,3207.1821,4410.723,-4726.0
206,2015-05-19,9540.0,980.0,1.0,1.0,0,0.0,2.0,0.60680014,-0.79485446,0.5,-0.8660254,2,0,0,1,11221.0,1,0.0,1,8166.0,1,7207.0,1,10003.0,1,0.0,1,4547.0,1,5842.0,6412.7095,5924.118,11221.0
206,2015-05-20,8090.0,856.0,1.0,1.0,0,0.0,3.0,0.60680014,-0.79485446,0.5,-0.8660254,2,0,0,1,9540.0,1,11221.0,1,4726.0,1,7198.0,1,8413.0,1,12006.0,1,0.0,1,0.0,7663.6255,6727.6475,-1681.0
206,2015-05-21,9202.0,996.0,1.0,1.0,0,0.0,4.0,0.60680014,-0.79485446,0.5,-0.8660254,2,0,0,1,8090.0,1,9540.0,1,0.0,1,7894.0,1,6020.0,1,9006.0,1,10754.0,1,14949.0,7834.1753,7030.3926,-1450.0
206,2015-05-22,7687.0,871.0,1.0,1.0,0,0.0,5.0,0.60680014,-0.79485446,0.5,-0.8660254,2,0,0,1,9202.0,1,8090.0,1,11221.0,1,0.0,1,0.0,1,9391.0,1,9857.0,1,13288.0,8381.306,7512.9717,1112.0
206,2015-05-23,4935.0,518.0,1.0,0.0,0,0.0,6.0,0.60680014,-0.79485446,0.5,-0.8660254,2,0,0,1,7687.0,1,9202.0,1,9540.0,1,8166.0,1,7207.0,1,10003.0,1,9813.0,1,9205.0,8103.583,7551.645,-1515.0
206,2015-05-24,0.0,0.0,0.0,0.0,0,0.0,7.0,0.60680014,-0.79485446,0.5,-0.8660254,2,0,0,1,4935.0,1,7687.0,1,8090.0,1,4726.0,1,7198.0,1,8413.0,1,12787.0,1,11091.0,6836.15,6970.168,-2752.0
206,2015-05-25,0.0,0.0,0.0,0.0,1,0.0,1.0,0.5085311,-0.86104363,0.5,-0.8660254,2,0,0,1,0.0,1,4935.0,1,9202.0,1,0.0,1,7894.0,1,6020.0,1,0.0,1,0.0,4101.69,5421.2417,-4935.0
206,2015-05-26,7750.0,861.0,1.0,0.0,0,1.0,2.0,0.5085311,-0.86104363,0.5,-0.8660254,2,0,0,1,0.0,1,0.0,1,7687.0,1,11221.0,1,0.0,1,0.0,1,7428.0,1,9908.0,2461.014,4216.5215,0.0
206,2015-05-27,7011.0,810.0,1.0,0.0,0,0.0,3.0,0.5085311,-0.86104363,0.5,-0.8660254,2,0,0,1,7750.0,1,0.0,1,4935.0,1,9540.0,1,8166.0,1,7207.0,1,0.0,1,0.0,4576.6084,5001.739,7750.0
206,2015-05-28,7511.0,869.0,1.0,0.0,0,0.0,4.0,0.5085311,-0.86104363,0.5,-0.8660254,2,0,0,1,7011.0,1,7750.0,1,0.0,1,8090.0,1,4726.0,1,7198.0,1,12006.0,1,0.0,5550.365,5448.241,-739.0
206,2015-05-29,9486.0,942.0,1.0,0.0,0,0.0,5.0,0.5085311,-0.86104363,0.5,-0.8660254,2,0,0,1,7511.0,1,7011.0,1,0.0,1,9202.0,1,0.0,1,7894.0,1,9006.0,1,8371.0,6334.619,5906.6323,500.0
206,2015-05-30,5274.0,550.0,1.0,0.0,0,0.0,6.0,0.5085311,-0.86104363,0.5,-0.8660254,2,0,0,1,9486.0,1,7511.0,1,7750.0,1,7687.0,1,11221.0,1,0.0,1,9391.0,1,6922.0,7595.1714,6702.0474,1975.0
206,2015-05-31,0.0,0.0,0.0,0.0,0,0.0,7.0,0.5085311,-0.86104363,0.5,-0.8660254,2,0,1,1,5274.0,1,9486.0,1,7011.0,1,4935.0,1,9540.0,1,8166.0,1,10003.0,1,7026.0,6666.7026,6384.7036,-4212.0
206,2015-06-01,13538.0,1237.0,1.0,1.0,0,0.0,1.0,0.40312344,-0.91514564,1.2246469e-16,-1.0,2,1,0,1,0.0,1,5274.0,1,7511.0,1,0.0,1,8090.0,1,4726.0,1,8413.0,1,5817.0,4000.0217,4965.8804,-5274.0
206,2015-06-02,10766.0,1045.0,1.0,1.0,0,0.0,2.0,0.40312344,-0.91514564,1.2246469e-16,-1.0,2,0,0,1,13538.0,1,0.0,1,9486.0,1,0.0,1,9202.0,1,0.0,1,6020.0,1,5064.0,7815.213,6870.796,13538.0
206,2015-06-03,10891.0,1087.0,1.0,1.0,0,0.0,3.0,0.40312344,-0.91514564,1.2246469e-16,-1.0,2,0,0,1,10766.0,1,13538.0,1,5274.0,1,7750.0,1,7687.0,1,11221.0,1,0.0,1,0.0,8995.527,7736.397,-2772.0
206,2015-06-04,0.0,0.0,0.0,1.0,1,0.0,4.0,0.40312344,-0.91514564,1.2246469e-16,-1.0,2,0,0,1,10891.0,1,10766.0,1,0.0,1,7011.0,1,4935.0,1,9540.0,1,7207.0,1,13183.0,9753.717,8437.42,125.0
206,2015-06-05,9761.0,966.0,1.0,1.0,0,0.0,5.0,0.40312344,-0.91514564,1.2246469e-16,-1.0,2,0,0,1,0.0,1,10891.0,1,13538.0,1,7511.0,1,0.0,1,8090.0,1,7198.0,1,10147.0,5852.23,6562.4375,-10891.0
206,2015-06-06,5137.0,548.0,1.0,0.0,0,0.0,6.0,0.40312344,-0.91514564,1.2246469e-16,-1.0,2,0,0,1,9761.0,1,0.0,1,10766.0,1,9486.0,1,0.0,1,9202.0,1,7894.0,1,8186.0,7415.738,7273.229,9761.0
206,2015-06-07,0.0,0.0,0.0,0.0,0,0.0,7.0,0.40312344,-0.91514564,1.2246469e-16,-1.0,2,0,0,1,5137.0,1,9761.0,1,10891.0,1,5274.0,1,7750.0,1,7687.0,1,0.0,1,9549.0,6504.2427,6798.5117,-4624.0
206,2015-06-08,8296.0,926.0,1.0,0.0,0,0.0,1.0,0.29205677,-0.956401,1.2246469e-16,-1.0,2,0,0,1,0.0,1,5137.0,1,0.0,1,0.0,1,7011.0,1,4935.0,1,8166.0,1,8687.0,3902.5457,5287.7314,-5137.0
206,2015-06-09,7887.0,882.0,1.0,0.0,0,0.0,2.0,0.29205677,-0.956401,1.2246469e-16,-1.0,2,0,0,1,8296.0,1,0.0,1,9761.0,1,13538.0,1,7511.0,1,0.0,1,4726.0,1,5387.0,5659.9272,5956.2354,8296.0
206,2015-06-10,6720.0,793.0,1.0,0.0,0,0.0,3.0,0.29205677,-0.956401,1.2246469e-16,-1.0,2,0,0,1,7887.0,1,8296.0,1,5137.0,1,10766.0,1,9486.0,1,0.0,1,0.0,1,0.0,6550.7563,6385.2944,-409.0
206,2015-06-11,8264.0,936.0,1.0,0.0,0,0.0,4.0,0.29205677,-0.956401,1.2246469e-16,-1.0,2,0,0,1,6720.0,1,7887.0,1,0.0,1,10891.0,1,5274.0,1,7750.0,1,11221.0,1,6719.0,6618.454,6459.6733,-1167.0
206,2015-06-12,6460.0,756.0,1.0,0.0,0,0.0,5.0,0.29205677,-0.956401,1.2246469e-16,-1.0,2,0,0,1,8264.0,1,6720.0,1,8296.0,1,0.0,1,0.0,1,7011.0,1,9540.0,1,7211.0,7276.6724,6860.635,1544.0
206,2015-06-13,4712.0,511.0,1.0,0.0,0,0.0,6.0,0.29205677,-0.956401,1.2246469e-16,-1.0,2,0,0,1,6460.0,1,8264.0,1,7887.0,1,9761.0,1,13538.0,1,7511.0,1,8090.0,1,6441.0,6950.0034,6771.605,-1804.0
206,2015-06-14,0.0,0.0,0.0,0.0,0,0.0,7.0,0.29205677,-0.956401,1.2246469e-16,-1.0,2,0,0,1,4712.0,1,6460.0,1,6720.0,1,5137.0,1,10766.0,1,9486.0,1,9202.0,1,7034.0,6054.8022,6313.915,-1748.0
206,2015-06-15,13602.0,1164.0,1.0,1.0,0,0.0,1.0,0.17689027,-0.9842306,1.2246469e-16,-1.0,2,0,0,1,0.0,1,4712.0,1,8264.0,1,0.0,1,10891.0,1,5274.0,1,7687.0,1,5810.0,3632.881,4910.8228,-4712.0
206,2015-06-16,10114.0,1016.0,1.0,1.0,0,0.0,2.0,0.17689027,-0.9842306,1.2246469e-16,-1.0,2,0,0,1,13602.0,1,0.0,1,6460.0,1,8296.0,1,0.0,1,0.0,1,4935.0,1,4547.0,7620.529,6842.1953,13602.0
206,2015-06-17,9553.0,957.0,1.0,1.0,0,0.0,3.0,0.17689027,-0.9842306,1.2246469e-16,-1.0,2,0,0,1,10114.0,1,13602.0,1,4712.0,1,7887.0,1,9761.0,1,13538.0,1,0.0,1,0.0,8617.917,7569.263,-3488.0
206,2015-06-18,9375.0,1000.0,1.0,1.0,0,0.0,4.0,0.17689027,-0.9842306,1.2246469e-16,-1.0,2,0,0,1,9553.0,1,10114.0,1,0.0,1,6720.0,1,5137.0,1,10766.0,1,0.0,1,10754.0,8991.95,8010.0938,-561.0
206,2015-06-19,7987.0,830.0,1.0,1.0,0,0.0,5.0,0.17689027,-0.9842306,1.2246469e-16,-1.0,2,0,0,1,9375.0,1,9553.0,1,13602.0,1,8264.0,1,0.0,1,10891.0,1,7750.0,1,9857.0,9145.17,8313.406,-178.0
206,2015-06-20,5047.0,533.0,1.0,0.0,0,0.0,6.0,0.17689027,-0.9842306,1.2246469e-16,-1.0,2,0,0,1,7987.0,1,9375.0,1,10114.0,1,6460.0,1,8296.0,1,0.0,1,7011.0,1,9813.0,8681.902,8240.871,-1388.0
206,2015-06-21,0.0,0.0,0.0,0.0,0,0.0,7.0,0.17689027,-0.9842306,1.2246469e-16,-1.0,2,0,0,1,5047.0,1,7987.0,1,9553.0,1,4712.0,1,7887.0,1,9761.0,1,7511.0,1,12787.0,7227.9414,7531.122,-2940.0
206,2015-06-22,6659.0,739.0,1.0,0.0,0,0.0,1.0,0.059240628,-0.99824375,1.2246469e-16,-1.0,2,0,0,1,0.0,1,5047.0,1,9375.0,1,0.0,1,6720.0,1,5137.0,1,9486.0,1,0.0,4336.7646,5857.5396,-5047.0
206,2015-06-23,6510.0,751.0,1.0,0.0,0,0.0,2.0,0.059240628,-0.99824375,1.2246469e-16,-1.0,2,0,0,1,6659.0,1,0.0,1,7987.0,1,13602.0,1,8264.0,1,0.0,1,5274.0,1,7428.0,5265.6587,6035.6416,6659.0
206,2015-06-24,6457.0,742.0,1.0,0.0,0,0.0,3.0,0.059240628,-0.99824375,1.2246469e-16,-1.0,2,0,0,1,6510.0,1,6659.0,1,5047.0,1,10114.0,1,6460.0,1,8296.0,1,0.0,1,0.0,5763.3955,6141.0547,-149.0
206,2015-06-25,7758.0,920.0,1.0,0.0,0,0.0,4.0,0.059240628,-0.99824375,1.2246469e-16,-1.0,2,0,0,1,6457.0,1,6510.0,1,0.0,1,9553.0,1,4712.0,1,7887.0,1,13538.0,1,12006.0,6040.8374,6211.2646,-53.0
206,2015-06-26,7144.0,839.0,1.0,0.0,0,0.0,5.0,0.059240628,-0.99824375,1.2246469e-16,-1.0,2,0,0,1,7758.0,1,6457.0,1,6659.0,1,9375.0,1,0.0,1,6720.0,1,10766.0,1,9006.0,6727.702,6554.984,1301.0
206,2015-06-27,6014.0,589.0,1.0,0.0,0,0.0,6.0,0.059240628,-0.99824375,1.2246469e-16,-1.0,2,0,0,1,7144.0,1,7758.0,1,6510.0,1,7987.0,1,13602.0,1,8264.0,1,10891.0,1,9391.0,6894.221,6685.8765,-614.0
206,2015-06-28,0.0,0.0,0.0,0.0,0,0.0,7.0,0.059240628,-0.99824375,1.2246469e-16,-1.0,2,0,0,1,6014.0,1,7144.0,1,6457.0,1,5047.0,1,10114.0,1,6460.0,1,0.0,1,10003.0,6542.133,6536.5703,-1130.0
206,2015-06-29,14894.0,1185.0,1.0,1.0,0,1.0,1.0,-0.059240628,-0.99824375,1.2246469e-16,-1.0,2,0,0,1,0.0,1,6014.0,1,7758.0,1,0.0,1,9553.0,1,4712.0,1,9761.0,1,8413.0,3925.2798,5083.999,-6014.0
206,2015-06-30,13678.0,1187.0,1.0,1.0,0,1.0,2.0,-0.059240628,-0.99824375,1.2246469e-16,-1.0,2,0,1,1,14894.0,1,0.0,1,7144.0,1,6659.0,1,9375.0,1,0.0,1,5137.0,1,6020.0,8312.768,7263.9995,14894.0
206,2015-07-01,7573.0,809.0,1.0,1.0,0,1.0,3.0,-0.059240628,-0.99824375,-0.5,-0.8660254,3,1,0,1,13678.0,1,14894.0,1,6014.0,1,6510.0,1,7987.0,1,13602.0,1,0.0,1,0.0,10458.86,8689.333,-1216.0
206,2015-07-02,8249.0,877.0,1.0,1.0,0,1.0,4.0,-0.059240628,-0.99824375,-0.5,-0.8660254,3,0,0,1,7573.0,1,13678.0,1,0.0,1,6457.0,1,5047.0,1,10114.0,1,8296.0,1,7207.0,9304.517,8441.259,-6105.0
206,2015-07-03,7906.0,796.0,1.0,1.0,0,1.0,5.0,-0.059240628,-0.99824375,-0.5,-0.8660254,3,0,0,1,8249.0,1,7573.0,1,14894.0,1,7758.0,1,0.0,1,9553.0,1,7887.0,1,7198.0,8882.31,8398.535,676.0
206,2015-07-04,4382.0,441.0,1.0,0.0,0,0.0,6.0,-0.059240628,-0.99824375,-0.5,-0.8660254,3,0,0,1,7906.0,1,8249.0,1,13678.0,1,7144.0,1,6659.0,1,9375.0,1,6720.0,1,7894.0,8491.786,8289.083,-343.0
206,2015-07-05,0.0,0.0,0.0,0.0,0,0.0,7.0,-0.059240628,-0.99824375,-0.5,-0.8660254,3,0,0,1,4382.0,1,7906.0,1,7573.0,1,6014.0,1,6510.0,1,7987.0,1,8264.0,1,0.0,6847.8716,7420.842,-3524.0
206,2015-07-06,8619.0,946.0,1.0,0.0,0,1.0,1.0,-0.17689027,-0.9842306,-0.5,-0.8660254,3,0,0,1,0.0,1,4382.0,1,8249.0,1,0.0,1,6457.0,1,5047.0,1,6460.0,1,8166.0,4108.723,5771.766,-4382.0
206,2015-07-07,6885.0,743.0,1.0,0.0,0,1.0,2.0,-0.17689027,-0.9842306,-0.5,-0.8660254,3,0,0,1,8619.0,1,0.0,1,7906.0,1,14894.0,1,7758.0,1,0.0,1,4712.0,1,4726.0,5912.834,6404.485,8619.0
206,2015-07-08,6288.0,715.0,1.0,0.0,0,1.0,3.0,-0.17689027,-0.9842306,-0.5,-0.8660254,3,0,0,1,6885.0,1,8619.0,1,4382.0,1,13678.0,1,7144.0,1,6659.0,1,0.0,1,0.0,6301.7,6511.2656,-1734.0
206,2015-07-09,7121.0,835.0,1.0,0.0,0,1.0,4.0,-0.17689027,-0.9842306,-0.5,-0.8660254,3,0,0,1,6288.0,1,6885.0,1,0.0,1,7573.0,1,6014.0,1,6510.0,1,13602.0,1,11221.0,6296.22,6461.6514,-597.0
206,2015-07-10,6273.0,690.0,1.0,0.0,0,1.0,5.0,-0.17689027,-0.9842306,-0.5,-0.8660254,3,0,0,1,7121.0,1,6288.0,1,8619.0,1,8249.0,1,0.0,1,6457.0,1,10114.0,1,9540.0,6626.1323,6608.1733,833.0
206,2015-07-11,4543.0,484.0,1.0,0.0,0,0.0,6.0,-0.17689027,-0.9842306,-0.5,-0.8660254,3,0,0,1,6273.0,1,7121.0,1,6885.0,1,7906.0,1,14894.0,1,7758.0,1,9553.0,1,8090.0,6484.8794,6533.6904,-848.0
206,2015-07-12,0.0,0.0,0.0,0.0,0,0.0,7.0,-0.17689027,-0.9842306,-0.5,-0.8660254,3,0,0,1,4543.0,1,6273.0,1,6288.0,1,4382.0,1,13678.0,1,7144.0,1,9375.0,1,9202.0,5708.1274,6091.3145,-1730.0
206,2015-07-13,11586.0,995.0,1.0,1.0,0,1.0,1.0,-0.29205677,-0.956401,-0.5,-0.8660254,3,0,0,1,0.0,1,4543.0,1,7121.0,1,0.0,1,7573.0,1,6014.0,1,7987.0,1,7687.0,3424.8765,4737.689,-4543.0
206,2015-07-14,8687.0,838.0,1.0,1.0,0,1.0,2.0,-0.29205677,-0.956401,-0.5,-0.8660254,3,0,0,1,11586.0,1,0.0,1,6273.0,1,8619.0,1,8249.0,1,0.0,1,5047.0,1,4935.0,6689.3257,6259.536,11586.0
206,2015-07-15,9289.0,868.0,1.0,1.0,0,1.0,3.0,-0.29205677,-0.956401,-0.5,-0.8660254,3,0,0,1,8687.0,1,11586.0,1,4543.0,1,6885.0,1,7906.0,1,14894.0,1,0.0,1,0.0,7488.3955,6798.9727,-2899.0
206,2015-07-16,8899.0,952.0,1.0,1.0,0,1.0,4.0,-0.29205677,-0.956401,-0.5,-0.8660254,3,0,0,1,9289.0,1,8687.0,1,0.0,1,6288.0,1,4382.0,1,13678.0,1,6659.0,1,0.0,8208.638,7352.312,602.0
206,2015-07-17,6941.0,739.0,1.0,1.0,0,1.0,5.0,-0.29205677,-0.956401,-0.5,-0.8660254,3,0,0,1,8899.0,1,9289.0,1,11586.0,1,7121.0,1,0.0,1,7573.0,1,6510.0,1,7750.0,8484.782,7696.0205,-390.0
206,2015-07-18,4797.0,522.0,1.0,0.0,0,0.0,6.0,-0.29205677,-0.956401,-0.5,-0.8660254,3,0,0,1,6941.0,1,8899.0,1,8687.0,1,6273.0,1,8619.0,1,8249.0,1,6457.0,1,7011.0,7867.2695,7528.2383,-1958.0
206,2015-07-19,0.0,0.0,0.0,0.0,0,0.0,7.0,-0.29205677,-0.956401,-0.5,-0.8660254,3,0,0,1,4797.0,1,6941.0,1,9289.0,1,4543.0,1,6885.0,1,7906.0,1,7758.0,1,7511.0,6639.1616,6921.2964,-2144.0
206,2015-07-20,7187.0,768.0,1.0,0.0,0,1.0,1.0,-0.40312344,-0.91514564,-0.5,-0.8660254,3,0,0,1,0.0,1,4797.0,1,8899.0,1,0.0,1,6288.0,1,4382.0,1,7144.0,1,9486.0,3983.497,5383.2305,-4797.0
206,2015-07-21,6813.0,746.0,1.0,0.0,0,1.0,2.0,-0.40312344,-0.91514564,-0.5,-0.8660254,3,0,0,1,7187.0,1,0.0,1,6941.0,1,11586.0,1,7121.0,1,0.0,1,6014.0,1,5274.0,5264.8984,5784.0684,7187.0
206,2015-07-22,5626.0,666.0,1.0,0.0,0,1.0,3.0,-0.40312344,-0.91514564,-0.5,-0.8660254,3,0,0,1,6813.0,1,7187.0,1,4797.0,1,8687.0,1,6273.0,1,8619.0,1,0.0,1,0.0,5884.139,6012.7197,-374.0
206,2015-07-23,6443.0,742.0,1.0,0.0,0,1.0,4.0,-0.40312344,-0.91514564,-0.5,-0.8660254,3,0,0,1,5626.0,1,6813.0,1,0.0,1,9289.0,1,4543.0,1,6885.0,1,14894.0,1,13538.0,5780.8833,5926.7817,-1187.0
206,2015-07-24,5907.0,693.0,1.0,0.0,0,1.0,5.0,-0.40312344,-0.91514564,-0.5,-0.8660254,3,0,0,1,6443.0,1,5626.0,1,7187.0,1,8899.0,1,0.0,1,6288.0,1,13678.0,1,10766.0,6045.73,6041.497,817.0
206,2015-07-25,3794.0,394.0,1.0,0.0,0,0.0,6.0,-0.40312344,-0.91514564,-0.5,-0.8660254,3,0,0,1,5907.0,1,6443.0,1,6813.0,1,6941.0,1,11586.0,1,7121.0,1,7573.0,1,10891.0,5990.238,6011.609,-536.0
206,2015-07-26,0.0,0.0,0.0,0.0,0,0.0,7.0,-0.40312344,-0.91514564,-0.5,-0.8660254,3,0,0,1,3794.0,1,5907.0,1,5626.0,1,4797.0,1,8687.0,1,6273.0,1,8249.0,1,0.0,5111.7427,5518.8066,-2113.0
206,2015-07-27,9776.0,907.0,1.0,1.0,0,1.0,1.0,-0.5085311,-0.86104363,-0.5,-0.8660254,3,0,0,1,0.0,1,3794.0,1,6443.0,1,0.0,1,9289.0,1,4543.0,1,7906.0,1,9761.0,3067.0457,4292.4053,-3794.0
206,2015-07-28,8333.0,813.0,1.0,1.0,0,1.0,2.0,-0.5085311,-0.86104363,-0.5,-0.8660254,3,0,0,1,9776.0,1,0.0,1,5907.0,1,7187.0,1,8899.0,1,0.0,1,4382.0,1,5137.0,5750.6274,5510.982,9776.0
206,2015-07-29,7229.0,721.0,1.0,1.0,0,1.0,3.0,-0.5085311,-0.86104363,-0.5,-0.8660254,3,0,0,1,8333.0,1,9776.0,1,3794.0,1,6813.0,1,6941.0,1,11586.0,1,0.0,1,0.0,6783.5767,6138.097,-1443.0
206,2015-07-30,8646.0,909.0,1.0,1.0,0,1.0,4.0,-0.5085311,-0.86104363,-0.5,-0.8660254,3,0,0,1,7229.0,1,8333.0,1,0.0,1,5626.0,1,4797.0,1,8687.0,1,8619.0,1,8296.0,6961.746,6380.52,-1104.0
206,2015-07-31,10354.0,1004.0,1.0,1.0,0,1.0,5.0,-0.5085311,-0.86104363,-0.5,-0.8660254,3,0,1,1,8646.0,1,7229.0,1,9776.0,1,6443.0,1,0.0,1,9289.0,1,6885.0,1,7887.0,7635.4478,6883.96,1417.0
