id,timestamp,target,Customers,Open,Promo,StateHoliday,SchoolHoliday,DayOfWeek,week_sin,week_cos,month_sin,month_cos,quarter,is_month_start,is_month_end,lag_1_known,lag_1,lag_2_known,lag_2,lag_4_known,lag_4,lag_8_known,lag_8,lag_12_known,lag_12,lag_16_known,lag_16,lag_24_known,lag_24,lag_52_known,lag_52
455,2013-01-01,0.0,0.0,0.0,0.0,1,1.0,2.0,0.11827317,0.9929811,0.5,0.8660254,1,1,0,0,0.0,0,0.0,0,0.0,0,0.0,0,0.0,0,0.0,0,0.0,0,0.0
455,2013-01-02,6021.0,391.0,1.0,0.0,0,1.0,3.0,0.11827317,0.9929811,0.5,0.8660254,1,0,0,1,0.0,0,0.0,0,0.0,0,0.0,0,0.0,0,0.0,0,0.0,0,0.0
455,2013-01-03,6586.0,398.0,1.0,0.0,0,1.0,4.0,0.11827317,0.9929811,0.5,0.8660254,1,0,0,1,6021.0,1,0.0,0,0.0,0,0.0,0,0.0,0,0.0,0,0.0,0,0.0
455,2013-01-04,7175.0,433.0,1.0,0.0,0,1.0,5.0,0.11827317,0.9929811,0.5,0.8660254,1,0,0,1,6586.0,1,6021.0,0,0.0,0,0.0,0,0.0,0,0.0,0,0.0,0,0.0
455,2013-01-05,7952.0,491.0,1.0,0.0,0,0.0,6.0,0.11827317,0.9929811,0.5,0.8660254,1,0,0,1,7175.0,1,6586.0,1,0.0,0,0.0,0,0.0,0,0.0,0,0.0,0,0.0
455,2013-01-06,0.0,0.0,0.0,0.0,1,0.0,7.0,0.11827317,0.9929811,0.5,0.8660254,1,0,0,1,7952.0,1,7175.0,1,6021.0,0,0.0,0,0.0,0,0.0,0,0.0,0,0.0
455,2013-01-07,6491.0,434.0,1.0,1.0,0,0.0,1.0,0.23488605,0.9720229,0.5,0.8660254,1,0,0,1,0.0,1,7952.0,1,6586.0,0,0.0,0,0.0,0,0.0,0,0.0,0,0.0
455,2013-01-08,6489.0,411.0,1.0,1.0,0,0.0,2.0,0.23488605,0.9720229,0.5,0.8660254,1,0,0,1,6491.0,1,0.0,1,7175.0,0,0.0,0,0.0,0,0.0,0,0.0,0,0.0
455,2013-01-09,5256.0,384.0,1.0,1.0,0,0.0,3.0,0.23488605,0.9720229,0.5,0.8660254,1,0,0,1,6489.0,1,6491.0,1,7952.0,1,0.0,0,0.0,0,0.0,0,0.0,0,0.0
455,2013-01-10,6110.0,395.0,1.0,1.0,0,0.0,4.0,0.23488605,0.9720229,0.5,0.8660254,1,0,0,1,5256.0,1,6489.0,1,0.0,1,6021.0,0,0.0,0,0.0,0,0.0,0,0.0
455,2013-01-11,5366.0,362.0,1.0,1.0,0,0.0,5.0,0.23488605,0.9720229,0.5,0.8660254,1,0,0,1,6110.0,1,5256.0,1,6491.0,1,6586.0,0,0.0,0,0.0,0,0.0,0,0.0
455,2013-01-12,6927.0,486.0,1.0,0.0,0,0.0,6.0,0.23488605,0.9720229,0.5,0.8660254,1,0,0,1,5366.0,1,6110.0,1,6489.0,1,7175.0,0,0.0,0,0.0,0,0.0,0,0.0
455,2013-01-13,0.0,0.0,0.0,0.0,0,0.0,7.0,0.23488605,0.9720229,0.5,0.8660254,1,0,0,1,6927.0,1,5366.0,1,5256.0,1,7952.0,1,0.0,0,0.0,0,0.0,0,0.0
455,2013-01-14,3876.0,289.0,1.0,0.0,0,0.0,1.0,0.34820163,0.93741965,0.5,0.8660254,1,0,0,1,0.0,1,6927.0,1,6110.0,1,0.0,1,6021.0,0,0.0,0,0.0,0,0.0
455,2013-01-15,3366.0,273.0,1.0,0.0,0,0.0,2.0,0.34820163,0.93741965,0.5,0.8660254,1,0,0,1,3876.0,1,0.0,1,5366.0,1,6491.0,1,6586.0,0,0.0,0,0.0,0,0.0
455,2013-01-16,3663.0,298.0,1.0,0.0,0,0.0,3.0,0.34820163,0.93741965,0.5,0.8660254,1,0,0,1,3366.0,1,3876.0,1,6927.0,1,6489.0,1,7175.0,0,0.0,0,0.0,0,0.0
455,2013-01-17,2575.0,234.0,1.0,0.0,0,0.0,4.0,0.34820163,0.93741965,0.5,0.8660254,1,0,0,1,3663.0,1,3366.0,1,0.0,1,5256.0,1,7952.0,1,0.0,0,0.0,0,0.0
455,2013-01-18,4761.0,318.0,1.0,0.0,0,0.0,5.0,0.34820163,0.93741965,0.5,0.8660254,1,0,0,1,2575.0,1,3663.0,1,3876.0,1,6110.0,1,0.0,1,6021.0,0,0.0,0,0.0
455,2013-01-19,4687.0,359.0,1.0,0.0,0,0.0,6.0,0.34820163,0.93741965,0.5,0.8660254,1,0,0,1,4761.0,1,2575.0,1,3366.0,1,5366.0,1,6491.0,1,6586.0,0,0.0,0,0.0
455,2013-01-20,0.0,0.0,0.0,0.0,0,0.0,7.0,0.34820163,0.93741965,0.5,0.8660254,1,0,0,1,4687.0,1,4761.0,1,3663.0,1,6927.0,1,6489.0,1,7175.0,0,0.0,0,0.0
455,2013-01-21,4793.0,373.0,1.0,1.0,0,0.0,1.0,0.45662925,0.8896571,0.5,0.8660254,1,0,0,1,0.0,1,4687.0,1,2575.0,1,0.0,1,5256.0,1,7952.0,0,0.0,0,0.0
455,2013-01-22,4974.0,355.0,1.0,1.0,0,0.0,2.0,0.45662925,0.8896571,0.5,0.8660254,1,0,0,1,4793.0,1,0.0,1,4761.0,1,3876.0,1,6110.0,1,0.0,0,0.0,0,0.0
455,2013-01-23,5777.0,394.0,1.0,1.0,0,0.0,3.0,0.45662925,0.8896571,0.5,0.8660254,1,0,0,1,4974.0,1,4793.0,1,4687.0,1,3366.0,1,5366.0,1,6491.0,0,0.0,0,0.0
455,2013-01-24,4879.0,348.0,1.0,1.0,0,0.0,4.0,0.45662925,0.8896571,0.5,0.8660254,1,0,0,1,5777.0,1,4974.0,1,0.0,1,3663.0,1,6927.0,1,6489.0,0,0.0,0,0.0
455,2013-01-25,5720.0,419.0,1.0,1.0,0,0.0,5.0,0.45662925,0.8896571,0.5,0.8660254,1,0,0,1,4879.0,1,5777.0,1,4793.0,1,2575.0,1,0.0,1,5256.0,1,0.0,0,0.0
455,2013-01-26,6430.0,442.0,1.0,0.0,0,0.0,6.0,0.45662925,0.8896571,0.5,0.8660254,1,0,0,1,5720.0,1,4879.0,1,4974.0,1,4761.0,1,3876.0,1,6110.0,1,6021.0,0,0.0
455,2013-01-27,0.0,0.0,0.0,0.0,0,0.0,7.0,0.45662925,0.8896571,0.5,0.8660254,1,0,0,1,6430.0,1,5720.0,1,5777.0,1,4687.0,1,3366.0,1,5366.0,1,6586.0,0,0.0
455,2013-01-28,4404.0,314.0,1.0,0.0,0,0.0,1.0,0.55864674,0.82940567,0.5,0.8660254,1,0,0,1,0.0,1,6430.0,1,4879.0,1,0.0,1,3663.0,1,6927.0,1,7175.0,0,0.0
455,2013-01-29,4007.0,280.0,1.0,0.0,0,0.0,2.0,0.55864674,0.82940567,0.5,0.8660254,1,0,0,1,4404.0,1,0.0,1,5720.0,1,4793.0,1,2575.0,1,0.0,1,7952.0,0,0.0
455,2013-01-30,5211.0,351.0,1.0,0.0,0,0.0,3.0,0.55864674,0.82940567,0.5,0.8660254,1,0,0,1,4007.0,1,4404.0,1,6430.0,1,4974.0,1,4761.0,1,3876.0,1,0.0,0,0.0
455,2013-01-31,5387.0,347.0,1.0,0.0,0,0.0,4.0,0.55864674,0.82940567,0.5,0.8660254,1,0,1,1,5211.0,1,4007.0,1,0.0,1,5777.0,1,4687.0,1,3366.0,1,6491.0,0,0.0
455,2013-02-01,6320.0,404.0,1.0,0.0,0,0.0,5.0,0.55864674,0.82940567,0.8660254,0.5,1,1,0,1,5387.0,1,5211.0,1,4404.0,1,4879.0,1,0.0,1,3663.0,1,6489.0,0,0.0
455,2013-02-02,8937.0,572.0,1.0,0.0,0,0.0,6.0,0.55864674,0.82940567,0.8660254,0.5,1,0,0,1,6320.0,1,5387.0,1,4007.0,1,5720.0,1,4793.0,1,2575.0,1,5256.0,0,0.0
455,2013-02-03,0.0,0.0,0.0,0.0,0,0.0,7.0,0.55864674,0.82940567,0.8660254,0.5,1,0,0,1,8937.0,1,6320.0,1,5211.0,1,6430.0,1,4974.0,1,4761.0,1,6110.0,0,0.0
455,2013-02-04,6929.0,435.0,1.0,1.0,0,0.0,1.0,0.65282214,0.75751126,0.8660254,0.5,1,0,0,1,0.0,1,8937.0,1,5387.0,1,0.0,1,5777.0,1,4687.0,1,5366.0,0,0.0
455,2013-02-05,6428.0,384.0,1.0,1.0,0,0.0,2.0,0.65282214,0.75751126,0.8660254,0.5,1,0,0,1,6929.0,1,0.0,1,6320.0,1,4404.0,1,4879.0,1,0.0,1,6927.0,0,0.0
455,2013-02-06,7107.0,434.0,1.0,1.0,0,0.0,3.0,0.65282214,0.75751126,0.8660254,0.5,1,0,0,1,6428.0,1,6929.0,1,8937.0,1,4007.0,1,5720.0,1,4793.0,1,0.0,0,0.0
455,2013-02-07,5415.0,393.0,1.0,1.0,0,0.0,4.0,0.65282214,0.75751126,0.8660254,0.5,1,0,0,1,7107.0,1,6428.0,1,0.0,1,5211.0,1,6430.0,1,4974.0,1,3876.0,0,0.0
455,2013-02-08,6092.0,430.0,1.0,1.0,0,0.0,5.0,0.65282214,0.75751126,0.8660254,0.5,1,0,0,1,5415.0,1,7107.0,1,6929.0,1,5387.0,1,0.0,1,5777.0,1,3366.0,0,0.0
455,2013-02-09,6944.0,485.0,1.0,0.0,0,0.0,6.0,0.65282214,0.75751126,0.8660254,0.5,1,0,0,1,6092.0,1,5415.0,1,6428.0,1,6320.0,1,4404.0,1,4879.0,1,3663.0,0,0.0
455,2013-02-10,0.0,0.0,0.0,0.0,0,0.0,7.0,0.65282214,0.75751126,0.8660254,0.5,1,0,0,1,6944.0,1,6092.0,1,7107.0,1,8937.0,1,4007.0,1,5720.0,1,2575.0,0,0.0
455,2013-02-11,2717.0,201.0,1.0,0.0,0,0.0,1.0,0.73783326,0.674983,0.8660254,0.5,1,0,0,1,0.0,1,6944.0,1,5415.0,1,0.0,1,5211.0,1,6430.0,1,4761.0,0,0.0
455,2013-02-12,2698.0,207.0,1.0,0.0,0,0.0,2.0,0.73783326,0.674983,0.8660254,0.5,1,0,0,1,2717.0,1,0.0,1,6092.0,1,6929.0,1,5387.0,1,0.0,1,4687.0,0,0.0
455,2013-02-13,4542.0,329.0,1.0,0.0,0,0.0,3.0,0.73783326,0.674983,0.8660254,0.5,1,0,0,1,2698.0,1,2717.0,1,6944.0,1,6428.0,1,6320.0,1,4404.0,1,0.0,0,0.0
455,2013-02-14,5068.0,371.0,1.0,0.0,0,0.0,4.0,0.73783326,0.674983,0.8660254,0.5,1,0,0,1,4542.0,1,2698.0,1,0.0,1,7107.0,1,8937.0,1,4007.0,1,4793.0,0,0.0
455,2013-02-15,4645.0,324.0,1.0,0.0,0,0.0,5.0,0.73783326,0.674983,0.8660254,0.5,1,0,0,1,5068.0,1,4542.0,1,2717.0,1,5415.0,1,0.0,1,5211.0,1,4974.0,0,0.0
455,2013-02-16,7310.0,464.0,1.0,0.0,0,0.0,6.0,0.73783326,0.674983,0.8660254,0.5,1,0,0,1,4645.0,1,5068.0,1,2698.0,1,6092.0,1,6929.0,1,5387.0,1,5777.0,0,0.0
455,2013-02-17,0.0,0.0,0.0,0.0,0,0.0,7.0,0.73783326,0.674983,0.8660254,0.5,1,0,0,1,7310.0,1,4645.0,1,4542.0,1,6944.0,1,6428.0,1,6320.0,1,4879.0,0,0.0
455,2013-02-18,7532.0,455.0,1.0,1.0,0,0.0,1.0,0.8124869,0.5829795,0.8660254,0.5,1,0,0,1,0.0,1,7310.0,1,5068.0,1,0.0,1,7107.0,1,8937.0,1,5720.0,0,0.0
455,2013-02-19,5923.0,388.0,1.0,1.0,0,0.0,2.0,0.8124869,0.5829795,0.8660254,0.5,1,0,0,1,7532.0,1,0.0,1,4645.0,1,2717.0,1,5415.0,1,0.0,1,6430.0,0,0.0
455,2013-02-20,5765.0,407.0,1.0,1.0,0,0.0,3.0,0.8124869,0.5829795,0.8660254,0.5,1,0,0,1,5923.0,1,7532.0,1,7310.0,1,2698.0,1,6092.0,1,6929.0,1,0.0,0,0.0
455,2013-02-21,5861.0,367.0,1.0,1.0,0,0.0,4.0,0.8124869,0.5829795,0.8660254,0.5,1,0,0,1,5765.0,1,5923.0,1,0.0,1,4542.0,1,6944.0,1,6428.0,1,4404.0,0,0.0
455,2013-02-22,6272.0,386.0,1.0,1.0,0,0.0,5.0,0.8124869,0.5829795,0.8660254,0.5,1,0,0,1,5861.0,1,5765.0,1,7532.0,1,5068.0,1,0.0,1,7107.0,1,4007.0,1,0.0
455,2013-02-23,7135.0,472.0,1.0,0.0,0,0.0,6.0,0.8124869,0.5829795,0.8660254,0.5,1,0,0,1,6272.0,1,5861.0,1,5923.0,1,4645.0,1,2717.0,1,5415.0,1,5211.0,1,6021.0
455,2013-02-24,0.0,0.0,0.0,0.0,0,0.0,7.0,0.8124869,0.5829795,0.8660254,0.5,1,0,0,1,7135.0,1,6272.0,1,5765.0,1,7310.0,1,2698.0,1,6092.0,1,5387.0,1,6586.0
455,2013-02-25,4984.0,352.0,1.0,0.0,0,0.0,1.0,0.8757349,0.4827922,0.8660254,0.5,1,0,0,1,0.0,1,7135.0,1,5861.0,1,0.0,1,4542.0,1,6944.0,1,6320.0,1,7175.0
455,2013-02-26,4242.0,324.0,1.0,0.0,0,0.0,2.0,0.8757349,0.4827922,0.8660254,0.5,1,0,0,1,4984.0,1,0.0,1,6272.0,1,7532.0,1,5068.0,1,0.0,1,8937.0,1,7952.0
455,2013-02-27,5727.0,349.0,1.0,0.0,0,0.0,3.0,0.8757349,0.4827922,0.8660254,0.5,1,0,0,1,4242.0,1,4984.0,1,7135.0,1,5923.0,1,4645.0,1,2717.0,1,0.0,1,0.0
455,2013-02-28,5040.0,355.0,1.0,0.0,0,0.0,4.0,0.8757349,0.4827922,0.8660254,0.5,1,0,1,1,5727.0,1,4242.0,1,0.0,1,5765.0,1,7310.0,1,2698.0,1,6929.0,1,6491.0
455,2013-03-01,5910.0,392.0,1.0,0.0,0,0.0,5.0,0.8757349,0.4827922,1.0,6.123234e-17,1,1,0,1,5040.0,1,5727.0,1,4984.0,1,5861.0,1,0.0,1,4542.0,1,6428.0,1,6489.0
455,2013-03-02,9147.0,566.0,1.0,0.0,0,0.0,6.0,0.8757349,0.4827922,1.0,6.123234e-17,1,0,0,1,5910.0,1,5040.0,1,4242.0,1,6272.0,1,7532.0,1,5068.0,1,7107.0,1,5256.0
455,2013-03-03,0.0,0.0,0.0,0.0,0,0.0,7.0,0.8757349,0.4827922,1.0,6.123234e-17,1,0,0,1,9147.0,1,5910.0,1,5727.0,1,7135.0,1,5923.0,1,4645.0,1,5415.0,1,6110.0
455,2013-03-04,6902.0,434.0,1.0,1.0,0,0.0,1.0,0.9266896,0.37582758,1.0,6.123234e-17,1,0,0,1,0.0,1,9147.0,1,5040.0,1,0.0,1,5765.0,1,7310.0,1,6092.0,1,5366.0
455,2013-03-05,5639.0,378.0,1.0,1.0,0,0.0,2.0,0.9266896,0.37582758,1.0,6.123234e-17,1,0,0,1,6902.0,1,0.0,1,5910.0,1,4984.0,1,5861.0,1,0.0,1,6944.0,1,6927.0
455,2013-03-06,6645.0,444.0,1.0,1.0,0,0.0,3.0,0.9266896,0.37582758,1.0,6.123234e-17,1,0,0,1,5639.0,1,6902.0,1,9147.0,1,4242.0,1,6272.0,1,7532.0,1,0.0,1,0.0
455,2013-03-07,5841.0,391.0,1.0,1.0,0,0.0,4.0,0.9266896,0.37582758,1.0,6.123234e-17,1,0,0,1,6645.0,1,5639.0,1,0.0,1,5727.0,1,7135.0,1,5923.0,1,2717.0,1,3876.0
455,2013-03-08,6442.0,453.0,1.0,1.0,0,0.0,5.0,0.9266896,0.37582758,1.0,6.123234e-17,1,0,0,1,5841.0,1,6645.0,1,6902.0,1,5040.0,1,0.0,1,5765.0,1,2698.0,1,3366.0
455,2013-03-09,8344.0,524.0,1.0,0.0,0,0.0,6.0,0.9266896,0.37582758,1.0,6.123234e-17,1,0,0,1,6442.0,1,5841.0,1,5639.0,1,5910.0,1,4984.0,1,5861.0,1,4542.0,1,3663.0
455,2013-03-10,0.0,0.0,0.0,0.0,0,0.0,7.0,0.9266896,0.37582758,1.0,6.123234e-17,1,0,0,1,8344.0,1,6442.0,1,6645.0,1,9147.0,1,4242.0,1,6272.0,1,5068.0,1,2575.0
455,2013-03-11,5094.0,328.0,1.0,0.0,0,0.0,1.0,0.9646356,0.26358718,1.0,6.123234e-17,1,0,0,1,0.0,1,8344.0,1,5841.0,1,0.0,1,5727.0,1,7135.0,1,4645.0,1,4761.0
455,2013-03-12,4860.0,316.0,1.0,0.0,0,0.0,2.0,0.9646356,0.26358718,1.0,6.123234e-17,1,0,0,1,5094.0,1,0.0,1,6442.0,1,6902.0,1,5040.0,1,0.0,1,7310.0,1,4687.0
455,2013-03-13,4361.0,314.0,1.0,0.0,0,0.0,3.0,0.9646356,0.26358718,1.0,6.123234e-17,1,0,0,1,4860.0,1,5094.0,1,8344.0,1,5639.0,1,5910.0,1,4984.0,1,0.0,1,0.0
455,2013-03-14,4720.0,353.0,1.0,0.0,0,0.0,4.0,0.9646356,0.26358718,1.0,6.123234e-17,1,0,0,1,4361.0,1,4860.0,1,0.0,1,6645.0,1,9147.0,1,4242.0,1,7532.0,1,4793.0
455,2013-03-15,5574.0,351.0,1.0,0.0,0,0.0,5.0,0.9646356,0.26358718,1.0,6.123234e-17,1,0,0,1,4720.0,1,4361.0,1,5094.0,1,5841.0,1,0.0,1,5727.0,1,5923.0,1,4974.0
455,2013-03-16,7862.0,514.0,1.0,0.0,0,0.0,6.0,0.9646356,0.26358718,1.0,6.123234e-17,1,0,0,1,5574.0,1,4720.0,1,4860.0,1,6442.0,1,6902.0,1,5040.0,1,5765.0,1,5777.0
455,2013-03-17,0.0,0.0,0.0,0.0,0,0.0,7.0,0.9646356,0.26358718,1.0,6.123234e-17,1,0,0,1,7862.0,1,5574.0,1,4361.0,1,8344.0,1,5639.0,1,5910.0,1,5861.0,1,4879.0
455,2013-03-18,6672.0,424.0,1.0,1.0,0,0.0,1.0,0.9890402,0.14764656,1.0,6.123234e-17,1,0,0,1,0.0,1,7862.0,1,4720.0,1,0.0,1,6645.0,1,9147.0,1,6272.0,1,5720.0
455,2013-03-19,6866.0,386.0,1.0,1.0,0,0.0,2.0,0.9890402,0.14764656,1.0,6.123234e-17,1,0,0,1,6672.0,1,0.0,1,5574.0,1,5094.0,1,5841.0,1,0.0,1,7135.0,1,6430.0
455,2013-03-20,5944.0,399.0,1.0,1.0,0,0.0,3.0,0.9890402,0.14764656,1.0,6.123234e-17,1,0,0,1,6866.0,1,6672.0,1,7862.0,1,4860.0,1,6442.0,1,6902.0,1,0.0,1,0.0
455,2013-03-21,6035.0,410.0,1.0,1.0,0,0.0,4.0,0.9890402,0.14764656,1.0,6.123234e-17,1,0,0,1,5944.0,1,6866.0,1,0.0,1,4361.0,1,8344.0,1,5639.0,1,4984.0,1,4404.0
455,2013-03-22,5916.0,434.0,1.0,1.0,0,0.0,5.0,0.9890402,0.14764656,1.0,6.123234e-17,1,0,0,1,6035.0,1,5944.0,1,6672.0,1,4720.0,1,0.0,1,6645.0,1,4242.0,1,4007.0
455,2013-03-23,8316.0,528.0,1.0,0.0,0,0.0,6.0,0.9890402,0.14764656,1.0,6.123234e-17,1,0,0,1,5916.0,1,6035.0,1,6866.0,1,5574.0,1,5094.0,1,5841.0,1,5727.0,1,5211.0
455,2013-03-24,0.0,0.0,0.0,0.0,0,0.0,7.0,0.9890402,0.14764656,1.0,6.123234e-17,1,0,0,1,8316.0,1,5916.0,1,5944.0,1,7862.0,1,4860.0,1,6442.0,1,5040.0,1,5387.0
455,2013-03-25,7737.0,444.0,1.0,1.0,0,1.0,1.0,0.99956083,0.029633328,1.0,6.123234e-17,1,0,0,1,0.0,1,8316.0,1,6035.0,1,0.0,1,4361.0,1,8344.0,1,5910.0,1,6320.0
455,2013-03-26,6351.0,396.0,1.0,1.0,0,1.0,2.0,0.99956083,0.029633328,1.0,6.123234e-17,1,0,0,1,7737.0,1,0.0,1,5916.0,1,6672.0,1,4720.0,1,0.0,1,9147.0,1,8937.0
455,2013-03-27,8269.0,528.0,1.0,1.0,0,1.0,3.0,0.99956083,0.029633328,1.0,6.123234e-17,1,0,0,1,6351.0,1,7737.0,1,8316.0,1,6866.0,1,5574.0,1,5094.0,1,0.0,1,0.0
455,2013-03-28,9024.0,596.0,1.0,1.0,0,1.0,4.0,0.99956083,0.029633328,1.0,6.123234e-17,1,0,0,1,8269.0,1,6351.0,1,0.0,1,5944.0,1,7862.0,1,4860.0,1,6902.0,1,6929.0
455,2013-03-29,0.0,0.0,0.0,1.0,2,1.0,5.0,0.99956083,0.029633328,1.0,6.123234e-17,1,0,0,1,9024.0,1,8269.0,1,7737.0,1,6035.0,1,0.0,1,4361.0,1,5639.0,1,6428.0
455,2013-03-30,12109.0,765.0,1.0,0.0,0,0.0,6.0,0.99956083,0.029633328,1.0,6.123234e-17,1,0,0,1,0.0,1,9024.0,1,6351.0,1,5916.0,1,6672.0,1,4720.0,1,6645.0,1,7107.0
455,2013-03-31,0.0,0.0,0.0,0.0,0,0.0,7.0,0.99956083,0.029633328,1.0,6.123234e-17,1,0,1,1,12109.0,1,0.0,1,8269.0,1,8316.0,1,6866.0,1,5574.0,1,5841.0,1,5415.0
455,2013-04-01,0.0,0.0,0.0,0.0,2,1.0,1.0,0.9960498,-0.08879589,0.8660254,-0.5,2,1,0,1,0.0,1,12109.0,1,9024.0,1,0.0,1,5944.0,1,7862.0,1,6442.0,1,6092.0
455,2013-04-02,5532.0,397.0,1.0,0.0,0,1.0,2.0,0.9960498,-0.08879589,0.8660254,-0.5,2,0,0,1,0.0,1,0.0,1,0.0,1,7737.0,1,6035.0,1,0.0,1,8344.0,1,6944.0
455,2013-04-03,6466.0,439.0,1.0,0.0,0,1.0,3.0,0.9960498,-0.08879589,0.8660254,-0.5,2,0,0,1,5532.0,1,0.0,1,12109.0,1,6351.0,1,5916.0,1,6672.0,1,0.0,1,0.0
455,2013-04-04,5058.0,381.0,1.0,0.0,0,1.0,4.0,0.9960498,-0.08879589,0.8660254,-0.5,2,0,0,1,6466.0,1,5532.0,1,0.0,1,8269.0,1,8316.0,1,6866.0,1,5094.0,1,2717.0
455,2013-04-05,6057.0,441.0,1.0,0.0,0,1.0,5.0,0.9960498,-0.08879589,0.8660254,-0.5,2,0,0,1,5058.0,1,6466.0,1,0.0,1,9024.0,1,0.0,1,5944.0,1,4860.0,1,2698.0
455,2013-04-06,9093.0,548.0,1.0,0.0,0,0.0,6.0,0.9960498,-0.08879589,0.8660254,-0.5,2,0,0,1,6057.0,1,5058.0,1,5532.0,1,0.0,1,7737.0,1,6035.0,1,4361.0,1,4542.0
455,2013-04-07,0.0,0.0,0.0,0.0,0,0.0,7.0,0.9960498,-0.08879589,0.8660254,-0.5,2,0,0,1,9093.0,1,6057.0,1,6466.0,1,12109.0,1,6351.0,1,5916.0,1,4720.0,1,5068.0
455,2013-04-08,7404.0,475.0,1.0,1.0,0,0.0,1.0,0.9785565,-0.20597862,0.8660254,-0.5,2,0,0,1,0.0,1,9093.0,1,5058.0,1,0.0,1,8269.0,1,8316.0,1,5574.0,1,4645.0
455,2013-04-09,5541.0,378.0,1.0,1.0,0,0.0,2.0,0.9785565,-0.20597862,0.8660254,-0.5,2,0,0,1,7404.0,1,0.0,1,6057.0,1,0.0,1,9024.0,1,0.0,1,7862.0,1,7310.0
455,2013-04-10,5549.0,389.0,1.0,1.0,0,0.0,3.0,0.9785565,-0.20597862,0.8660254,-0.5,2,0,0,1,5541.0,1,7404.0,1,9093.0,1,5532.0,1,0.0,1,7737.0,1,0.0,1,0.0
455,2013-04-11,5491.0,373.0,1.0,1.0,0,0.0,4.0,0.9785565,-0.20597862,0.8660254,-0.5,2,0,0,1,5549.0,1,5541.0,1,0.0,1,6466.0,1,12109.0,1,6351.0,1,6672.0,1,7532.0
455,2013-04-12,5745.0,399.0,1.0,1.0,0,0.0,5.0,0.9785565,-0.20597862,0.8660254,-0.5,2,0,0,1,5491.0,1,5549.0,1,7404.0,1,5058.0,1,0.0,1,8269.0,1,6866.0,1,5923.0
455,2013-04-13,6175.0,472.0,1.0,0.0,0,0.0,6.0,0.9785565,-0.20597862,0.8660254,-0.5,2,0,0,1,5745.0,1,5491.0,1,5541.0,1,6057.0,1,0.0,1,9024.0,1,5944.0,1,5765.0
455,2013-04-14,0.0,0.0,0.0,0.0,0,0.0,7.0,0.9785565,-0.20597862,0.8660254,-0.5,2,0,0,1,6175.0,1,5745.0,1,5549.0,1,9093.0,1,5532.0,1,0.0,1,6035.0,1,5861.0
455,2013-04-15,4360.0,327.0,1.0,0.0,0,0.0,1.0,0.94732636,-0.32026985,0.8660254,-0.5,2,0,0,1,0.0,1,6175.0,1,5491.0,1,0.0,1,6466.0,1,12109.0,1,5916.0,1,6272.0
455,2013-04-16,4115.0,309.0,1.0,0.0,0,0.0,2.0,0.94732636,-0.32026985,0.8660254,-0.5,2,0,0,1,4360.0,1,0.0,1,5745.0,1,7404.0,1,5058.0,1,0.0,1,8316.0,1,7135.0
455,2013-04-17,4025.0,317.0,1.0,0.0,0,0.0,3.0,0.94732636,-0.32026985,0.8660254,-0.5,2,0,0,1,4115.0,1,4360.0,1,6175.0,1,5541.0,1,6057.0,1,0.0,1,0.0,1,0.0
455,2013-04-18,4138.0,321.0,1.0,0.0,0,0.0,4.0,0.94732636,-0.32026985,0.8660254,-0.5,2,0,0,1,4025.0,1,4115.0,1,0.0,1,5549.0,1,9093.0,1,5532.0,1,7737.0,1,4984.0
455,2013-04-19,5584.0,404.0,1.0,0.0,0,0.0,5.0,0.94732636,-0.32026985,0.8660254,-0.5,2,0,0,1,4138.0,1,4025.0,1,4360.0,1,5491.0,1,0.0,1,6466.0,1,6351.0,1,4242.0
455,2013-04-20,6805.0,491.0,1.0,0.0,0,0.0,6.0,0.94732636,-0.32026985,0.8660254,-0.5,2,0,0,1,5584.0,1,4138.0,1,4115.0,1,5745.0,1,7404.0,1,5058.0,1,8269.0,1,5727.0
455,2013-04-21,0.0,0.0,0.0,0.0,0,0.0,7.0,0.94732636,-0.32026985,0.8660254,-0.5,2,0,0,1,6805.0,1,5584.0,1,4025.0,1,6175.0,1,5541.0,1,6057.0,1,9024.0,1,5040.0
455,2013-04-22,6140.0,404.0,1.0,1.0,0,0.0,1.0,0.9027978,-0.4300652,0.8660254,-0.5,2,0,0,1,0.0,1,6805.0,1,4138.0,1,0.0,1,5549.0,1,9093.0,1,0.0,1,5910.0
455,2013-04-23,5025.0,359.0,1.0,1.0,0,0.0,2.0,0.9027978,-0.4300652,0.8660254,-0.5,2,0,0,1,6140.0,1,0.0,1,5584.0,1,4360.0,1,5491.0,1,0.0,1,12109.0,1,9147.0
455,2013-04-24,4343.0,341.0,1.0,1.0,0,0.0,3.0,0.9027978,-0.4300652,0.8660254,-0.5,2,0,0,1,5025.0,1,6140.0,1,6805.0,1,4115.0,1,5745.0,1,7404.0,1,0.0,1,0.0
455,2013-04-25,5063.0,371.0,1.0,1.0,0,0.0,4.0,0.9027978,-0.4300652,0.8660254,-0.5,2,0,0,1,4343.0,1,5025.0,1,0.0,1,4025.0,1,6175.0,1,5541.0,1,0.0,1,6902.0
455,2013-04-26,6392.0,410.0,1.0,1.0,0,0.0,5.0,0.9027978,-0.4300652,0.8660254,-0.5,2,0,0,1,5063.0,1,4343.0,1,6140.0,1,4138.0,1,0.0,1,5549.0,1,5532.0,1,5639.0
455,2013-04-27,8057.0,531.0,1.0,0.0,0,0.0,6.0,0.9027978,-0.4300652,0.8660254,-0.5,2,0,0,1,6392.0,1,5063.0,1,5025.0,1,5584.0,1,4360.0,1,5491.0,1,6466.0,1,6645.0
455,2013-04-28,0.0,0.0,0.0,0.0,0,0.0,7.0,0.9027978,-0.4300652,0.8660254,-0.5,2,0,0,1,8057.0,1,6392.0,1,4343.0,1,6805.0,1,4115.0,1,5745.0,1,5058.0,1,5841.0
455,2013-04-29,6383.0,428.0,1.0,1.0,0,0.0,1.0,0.845596,-0.5338234,0.8660254,-0.5,2,0,0,1,0.0,1,8057.0,1,5063.0,1,0.0,1,4025.0,1,6175.0,1,6057.0,1,6442.0
455,2013-04-30,6353.0,437.0,1.0,1.0,0,0.0,2.0,0.845596,-0.5338234,0.8660254,-0.5,2,0,1,1,6383.0,1,0.0,1,6392.0,1,6140.0,1,4138.0,1,0.0,1,9093.0,1,8344.0
455,2013-05-01,0.0,0.0,0.0,1.0,1,0.0,3.0,0.845596,-0.5338234,0.5,-0.8660254,2,1,0,1,6353.0,1,6383.0,1,8057.0,1,5025.0,1,5584.0,1,4360.0,1,0.0,1,0.0
455,2013-05-02,7507.0,447.0,1.0,1.0,0,0.0,4.0,0.845596,-0.5338234,0.5,-0.8660254,2,0,0,1,0.0,1,6353.0,1,0.0,1,4343.0,1,6805.0,1,4115.0,1,7404.0,1,5094.0
455,2013-05-03,7706.0,440.0,1.0,1.0,0,0.0,5.0,0.845596,-0.5338234,0.5,-0.8660254,2,0,0,1,7507.0,1,0.0,1,6383.0,1,5063.0,1,0.0,1,4025.0,1,5541.0,1,4860.0
455,2013-05-04,7927.0,533.0,1.0,0.0,0,0.0,6.0,0.845596,-0.5338234,0.5,-0.8660254,2,0,0,1,7706.0,1,7507.0,1,6353.0,1,6392.0,1,6140.0,1,4138.0,1,5549.0,1,4361.0
455,2013-05-05,0.0,0.0,0.0,0.0,0,0.0,7.0,0.845596,-0.5338234,0.5,-0.8660254,2,0,0,1,7927.0,1,7706.0,1,0.0,1,8057.0,1,5025.0,1,5584.0,1,5491.0,1,4720.0
455,2013-05-06,5271.0,399.0,1.0,0.0,0,0.0,1.0,0.7765239,-0.63008785,0.5,-0.8660254,2,0,0,1,0.0,1,7927.0,1,7507.0,1,0.0,1,4343.0,1,6805.0,1,5745.0,1,5574.0
455,2013-05-07,5856.0,407.0,1.0,0.0,0,0.0,2.0,0.7765239,-0.63008785,0.5,-0.8660254,2,0,0,1,5271.0,1,0.0,1,7706.0,1,6383.0,1,5063.0,1,0.0,1,6175.0,1,7862.0
455,2013-05-08,9250.0,593.0,1.0,0.0,0,0.0,3.0,0.7765239,-0.63008785,0.5,-0.8660254,2,0,0,1,5856.0,1,5271.0,1,7927.0,1,6353.0,1,6392.0,1,6140.0,1,0.0,1,0.0
455,2013-05-09,0.0,0.0,0.0,0.0,1,0.0,4.0,0.7765239,-0.63008785,0.5,-0.8660254,2,0,0,1,9250.0,1,5856.0,1,0.0,1,0.0,1,8057.0,1,5025.0,1,4360.0,1,6672.0
455,2013-05-10,7845.0,512.0,1.0,0.0,0,0.0,5.0,0.7765239,-0.63008785,0.5,-0.8660254,2,0,0,1,0.0,1,9250.0,1,5271.0,1,7507.0,1,0.0,1,4343.0,1,4115.0,1,6866.0
455,2013-05-11,7548.0,517.0,1.0,0.0,0,0.0,6.0,0.7765239,-0.63008785,0.5,-0.8660254,2,0,0,1,7845.0,1,0.0,1,5856.0,1,7706.0,1,6383.0,1,5063.0,1,4025.0,1,5944.0
455,2013-05-12,0.0,0.0,0.0,0.0,0,0.0,7.0,0.7765239,-0.63008785,0.5,-0.8660254,2,0,0,1,7548.0,1,7845.0,1,9250.0,1,7927.0,1,6353.0,1,6392.0,1,4138.0,1,6035.0
455,2013-05-13,6315.0,424.0,1.0,1.0,0,0.0,1.0,0.696551,-0.71750724,0.5,-0.8660254,2,0,0,1,0.0,1,7548.0,1,0.0,1,0.0,1,0.0,1,8057.0,1,5584.0,1,5916.0
455,2013-05-14,5233.0,381.0,1.0,1.0,0,0.0,2.0,0.696551,-0.71750724,0.5,-0.8660254,2,0,0,1,6315.0,1,0.0,1,7845.0,1,5271.0,1,7507.0,1,0.0,1,6805.0,1,8316.0
455,2013-05-15,6195.0,422.0,1.0,1.0,0,0.0,3.0,0.696551,-0.71750724,0.5,-0.8660254,2,0,0,1,5233.0,1,6315.0,1,7548.0,1,5856.0,1,7706.0,1,6383.0,1,0.0,1,0.0
455,2013-05-16,5310.0,366.0,1.0,1.0,0,0.0,4.0,0.696551,-0.71750724,0.5,-0.8660254,2,0,0,1,6195.0,1,5233.0,1,0.0,1,9250.0,1,7927.0,1,6353.0,1,6140.0,1,7737.0
455,2013-05-17,5610.0,432.0,1.0,1.0,0,0.0,5.0,0.696551,-0.71750724,0.5,-0.8660254,2,0,0,1,5310.0,1,6195.0,1,6315.0,1,0.0,1,0.0,1,0.0,1,5025.0,1,6351.0
455,2013-05-18,7205.0,512.0,1.0,0.0,0,0.0,6.0,0.696551,-0.71750724,0.5,-0.8660254,2,0,0,1,5610.0,1,5310.0,1,5233.0,1,7845.0,1,5271.0,1,7507.0,1,4343.0,1,8269.0
455,2013-05-19,0.0,0.0,0.0,0.0,0,0.0,7.0,0.696551,-0.71750724,0.5,-0.8660254,2,0,0,1,7205.0,1,5610.0,1,6195.0,1,7548.0,1,5856.0,1,7706.0,1,5063.0,1,9024.0
455,2013-05-20,0.0,0.0,0.0,0.0,1,0.0,1.0,0.60680014,-0.79485446,0.5,-0.8660254,2,0,0,1,0.0,1,7205.0,1,5310.0,1,0.0,1,9250.0,1,7927.0,1,6392.0,1,0.0
455,2013-05-21,5618.0,397.0,1.0,0.0,0,1.0,2.0,0.60680014,-0.79485446,0.5,-0.8660254,2,0,0,1,0.0,1,0.0,1,5610.0,1,6315.0,1,0.0,1,0.0,1,8057.0,1,12109.0
455,2013-05-22,5526.0,387.0,1.0,0.0,0,1.0,3.0,0.60680014,-0.79485446,0.5,-0.8660254,2,0,0,1,5618.0,1,0.0,1,7205.0,1,5233.0,1,7845.0,1,5271.0,1,0.0,1,0.0
455,2013-05-23,4521.0,341.0,1.0,0.0,0,1.0,4.0,0.60680014,-0.79485446,0.5,-0.8660254,2,0,0,1,5526.0,1,5618.0,1,0.0,1,6195.0,1,7548.0,1,5856.0,1,6383.0,1,0.0
455,2013-05-24,4996.0,367.0,1.0,0.0,0,1.0,5.0,0.60680014,-0.79485446,0.5,-0.8660254,2,0,0,1,4521.0,1,5526.0,1,0.0,1,5310.0,1,0.0,1,9250.0,1,6353.0,1,5532.0
455,2013-05-25,7061.0,489.0,1.0,0.0,0,0.0,6.0,0.60680014,-0.79485446,0.5,-0.8660254,2,0,0,1,4996.0,1,4521.0,1,5618.0,1,5610.0,1,6315.0,1,0.0,1,0.0,1,6466.0
455,2013-05-26,0.0,0.0,0.0,0.0,0,0.0,7.0,0.60680014,-0.79485446,0.5,-0.8660254,2,0,0,1,7061.0,1,4996.0,1,5526.0,1,7205.0,1,5233.0,1,7845.0,1,7507.0,1,5058.0
455,2013-05-27,5370.0,388.0,1.0,1.0,0,1.0,1.0,0.5085311,-0.86104363,0.5,-0.8660254,2,0,0,1,0.0,1,7061.0,1,4521.0,1,0.0,1,6195.0,1,7548.0,1,7706.0,1,6057.0
455,2013-05-28,5132.0,383.0,1.0,1.0,0,1.0,2.0,0.5085311,-0.86104363,0.5,-0.8660254,2,0,0,1,5370.0,1,0.0,1,4996.0,1,0.0,1,5310.0,1,0.0,1,7927.0,1,9093.0
455,2013-05-29,7578.0,502.0,1.0,1.0,0,1.0,3.0,0.5085311,-0.86104363,0.5,-0.8660254,2,0,0,1,5132.0,1,5370.0,1,7061.0,1,5618.0,1,5610.0,1,6315.0,1,0.0,1,0.0
455,2013-05-30,0.0,0.0,0.0,1.0,1,1.0,4.0,0.5085311,-0.86104363,0.5,-0.8660254,2,0,0,1,7578.0,1,5132.0,1,0.0,1,5526.0,1,7205.0,1,5233.0,1,5271.0,1,7404.0
455,2013-05-31,8679.0,513.0,1.0,1.0,0,1.0,5.0,0.5085311,-0.86104363,0.5,-0.8660254,2,0,1,1,0.0,1,7578.0,1,5370.0,1,4521.0,1,0.0,1,6195.0,1,5856.0,1,5541.0
455,2013-06-01,8665.0,575.0,1.0,0.0,0,0.0,6.0,0.5085311,-0.86104363,1.2246469e-16,-1.0,2,1,0,1,8679.0,1,0.0,1,5132.0,1,4996.0,1,0.0,1,5310.0,1,9250.0,1,5549.0
455,2013-06-02,0.0,0.0,0.0,0.0,0,0.0,7.0,0.5085311,-0.86104363,1.2246469e-16,-1.0,2,0,0,1,8665.0,1,8679.0,1,7578.0,1,7061.0,1,5618.0,1,5610.0,1,0.0,1,5491.0
455,2013-06-03,7032.0,465.0,1.0,1.0,0,0.0,1.0,0.40312344,-0.91514564,1.2246469e-16,-1.0,2,0,0,1,0.0,1,8665.0,1,0.0,1,0.0,1,5526.0,1,7205.0,1,7845.0,1,5745.0
455,2013-06-04,6795.0,464.0,1.0,1.0,0,0.0,2.0,0.40312344,-0.91514564,1.2246469e-16,-1.0,2,0,0,1,7032.0,1,0.0,1,8679.0,1,5370.0,1,4521.0,1,0.0,1,7548.0,1,6175.0
455,2013-06-05,7217.0,465.0,1.0,1.0,0,0.0,3.0,0.40312344,-0.91514564,1.2246469e-16,-1.0,2,0,0,1,6795.0,1,7032.0,1,8665.0,1,5132.0,1,4996.0,1,0.0,1,0.0,1,0.0
455,2013-06-06,6980.0,462.0,1.0,1.0,0,0.0,4.0,0.40312344,-0.91514564,1.2246469e-16,-1.0,2,0,0,1,7217.0,1,6795.0,1,0.0,1,7578.0,1,7061.0,1,5618.0,1,6315.0,1,4360.0
455,2013-06-07,6809.0,441.0,1.0,1.0,0,0.0,5.0,0.40312344,-0.91514564,1.2246469e-16,-1.0,2,0,0,1,6980.0,1,7217.0,1,7032.0,1,0.0,1,0.0,1,5526.0,1,5233.0,1,4115.0
455,2013-06-08,9311.0,542.0,1.0,0.0,0,0.0,6.0,0.40312344,-0.91514564,1.2246469e-16,-1.0,2,0,0,1,6809.0,1,6980.0,1,6795.0,1,8679.0,1,5370.0,1,4521.0,1,6195.0,1,4025.0
455,2013-06-09,0.0,0.0,0.0,0.0,0,0.0,7.0,0.40312344,-0.91514564,1.2246469e-16,-1.0,2,0,0,1,9311.0,1,6809.0,1,7217.0,1,8665.0,1,5132.0,1,4996.0,1,5310.0,1,4138.0
455,2013-06-10,5066.0,357.0,1.0,0.0,0,0.0,1.0,0.29205677,-0.956401,1.2246469e-16,-1.0,2,0,0,1,0.0,1,9311.0,1,6980.0,1,0.0,1,7578.0,1,7061.0,1,5610.0,1,5584.0
455,2013-06-11,4170.0,327.0,1.0,0.0,0,0.0,2.0,0.29205677,-0.956401,1.2246469e-16,-1.0,2,0,0,1,5066.0,1,0.0,1,6809.0,1,7032.0,1,0.0,1,0.0,1,7205.0,1,6805.0
455,2013-06-12,5127.0,377.0,1.0,0.0,0,0.0,3.0,0.29205677,-0.956401,1.2246469e-16,-1.0,2,0,0,1,4170.0,1,5066.0,1,9311.0,1,6795.0,1,8679.0,1,5370.0,1,0.0,1,0.0
455,2013-06-13,4611.0,337.0,1.0,0.0,0,0.0,4.0,0.29205677,-0.956401,1.2246469e-16,-1.0,2,0,0,1,5127.0,1,4170.0,1,0.0,1,7217.0,1,8665.0,1,5132.0,1,0.0,1,6140.0
455,2013-06-14,5836.0,405.0,1.0,0.0,0,0.0,5.0,0.29205677,-0.956401,1.2246469e-16,-1.0,2,0,0,1,4611.0,1,5127.0,1,5066.0,1,6980.0,1,0.0,1,7578.0,1,5618.0,1,5025.0
455,2013-06-15,6885.0,497.0,1.0,0.0,0,0.0,6.0,0.29205677,-0.956401,1.2246469e-16,-1.0,2,0,0,1,5836.0,1,4611.0,1,4170.0,1,6809.0,1,7032.0,1,0.0,1,5526.0,1,4343.0
455,2013-06-16,0.0,0.0,0.0,0.0,0,0.0,7.0,0.29205677,-0.956401,1.2246469e-16,-1.0,2,0,0,1,6885.0,1,5836.0,1,5127.0,1,9311.0,1,6795.0,1,8679.0,1,4521.0,1,5063.0
455,2013-06-17,6059.0,426.0,1.0,1.0,0,0.0,1.0,0.17689027,-0.9842306,1.2246469e-16,-1.0,2,0,0,1,0.0,1,6885.0,1,4611.0,1,0.0,1,7217.0,1,8665.0,1,4996.0,1,6392.0
455,2013-06-18,5281.0,368.0,1.0,1.0,0,0.0,2.0,0.17689027,-0.9842306,1.2246469e-16,-1.0,2,0,0,1,6059.0,1,0.0,1,5836.0,1,5066.0,1,6980.0,1,0.0,1,7061.0,1,8057.0
455,2013-06-19,5531.0,380.0,1.0,1.0,0,0.0,3.0,0.17689027,-0.9842306,1.2246469e-16,-1.0,2,0,0,1,5281.0,1,6059.0,1,6885.0,1,4170.0,1,6809.0,1,7032.0,1,0.0,1,0.0
455,2013-06-20,5680.0,394.0,1.0,1.0,0,0.0,4.0,0.17689027,-0.9842306,1.2246469e-16,-1.0,2,0,0,1,5531.0,1,5281.0,1,0.0,1,5127.0,1,9311.0,1,6795.0,1,5370.0,1,6383.0
455,2013-06-21,7309.0,484.0,1.0,1.0,0,0.0,5.0,0.17689027,-0.9842306,1.2246469e-16,-1.0,2,0,0,1,5680.0,1,5531.0,1,6059.0,1,4611.0,1,0.0,1,7217.0,1,5132.0,1,6353.0
455,2013-06-22,8022.0,532.0,1.0,0.0,0,0.0,6.0,0.17689027,-0.9842306,1.2246469e-16,-1.0,2,0,0,1,7309.0,1,5680.0,1,5281.0,1,5836.0,1,5066.0,1,6980.0,1,7578.0,1,0.0
455,2013-06-23,0.0,0.0,0.0,0.0,0,0.0,7.0,0.17689027,-0.9842306,1.2246469e-16,-1.0,2,0,0,1,8022.0,1,7309.0,1,5531.0,1,6885.0,1,4170.0,1,6809.0,1,0.0,1,7507.0
455,2013-06-24,4607.0,355.0,1.0,0.0,0,0.0,1.0,0.059240628,-0.99824375,1.2246469e-16,-1.0,2,0,0,1,0.0,1,8022.0,1,5680.0,1,0.0,1,5127.0,1,9311.0,1,8679.0,1,7706.0
455,2013-06-25,4399.0,350.0,1.0,0.0,0,0.0,2.0,0.059240628,-0.99824375,1.2246469e-16,-1.0,2,0,0,1,4607.0,1,0.0,1,7309.0,1,6059.0,1,4611.0,1,0.0,1,8665.0,1,7927.0
455,2013-06-26,5196.0,352.0,1.0,0.0,0,0.0,3.0,0.059240628,-0.99824375,1.2246469e-16,-1.0,2,0,0,1,4399.0,1,4607.0,1,8022.0,1,5281.0,1,5836.0,1,5066.0,1,0.0,1,0.0
455,2013-06-27,4983.0,346.0,1.0,0.0,0,0.0,4.0,0.059240628,-0.99824375,1.2246469e-16,-1.0,2,0,0,1,5196.0,1,4399.0,1,0.0,1,5531.0,1,6885.0,1,4170.0,1,7032.0,1,5271.0
455,2013-06-28,6449.0,410.0,1.0,0.0,0,0.0,5.0,0.059240628,-0.99824375,1.2246469e-16,-1.0,2,0,0,1,4983.0,1,5196.0,1,4607.0,1,5680.0,1,0.0,1,5127.0,1,6795.0,1,5856.0
455,2013-06-29,8215.0,530.0,1.0,0.0,0,0.0,6.0,0.059240628,-0.99824375,1.2246469e-16,-1.0,2,0,0,1,6449.0,1,4983.0,1,4399.0,1,7309.0,1,6059.0,1,4611.0,1,7217.0,1,9250.0
455,2013-06-30,0.0,0.0,0.0,0.0,0,0.0,7.0,0.059240628,-0.99824375,1.2246469e-16,-1.0,2,0,1,1,8215.0,1,6449.0,1,5196.0,1,8022.0,1,5281.0,1,5836.0,1,6980.0,1,0.0
455,2013-07-01,7211.0,471.0,1.0,1.0,0,0.0,1.0,-0.059240628,-0.99824375,-0.5,-0.8660254,3,1,0,1,0.0,1,8215.0,1,4983.0,1,0.0,1,5531.0,1,6885.0,1,6809.0,1,7845.0
455,2013-07-02,7211.0,439.0,1.0,1.0,0,0.0,2.0,-0.059240628,-0.99824375,-0.5,-0.8660254,3,0,0,1,7211.0,1,0.0,1,6449.0,1,4607.0,1,5680.0,1,0.0,1,9311.0,1,7548.0
455,2013-07-03,8239.0,488.0,1.0,1.0,0,0.0,3.0,-0.059240628,-0.99824375,-0.5,-0.8660254,3,0,0,1,7211.0,1,7211.0,1,8215.0,1,4399.0,1,7309.0,1,6059.0,1,0.0,1,0.0
455,2013-07-04,7367.0,478.0,1.0,1.0,0,0.0,4.0,-0.059240628,-0.99824375,-0.5,-0.8660254,3,0,0,1,8239.0,1,7211.0,1,0.0,1,5196.0,1,8022.0,1,5281.0,1,5066.0,1,6315.0
455,2013-07-05,7831.0,502.0,1.0,1.0,0,0.0,5.0,-0.059240628,-0.99824375,-0.5,-0.8660254,3,0,0,1,7367.0,1,8239.0,1,7211.0,1,4983.0,1,0.0,1,5531.0,1,4170.0,1,5233.0
455,2013-07-06,9054.0,560.0,1.0,0.0,0,0.0,6.0,-0.059240628,-0.99824375,-0.5,-0.8660254,3,0,0,1,7831.0,1,7367.0,1,7211.0,1,6449.0,1,4607.0,1,5680.0,1,5127.0,1,6195.0
455,2013-07-07,0.0,0.0,0.0,0.0,0,0.0,7.0,-0.059240628,-0.99824375,-0.5,-0.8660254,3,0,0,1,9054.0,1,7831.0,1,8239.0,1,8215.0,1,4399.0,1,7309.0,1,4611.0,1,5310.0
455,2013-07-08,5492.0,385.0,1.0,0.0,0,0.0,1.0,-0.17689027,-0.9842306,-0.5,-0.8660254,3,0,0,1,0.0,1,9054.0,1,7367.0,1,0.0,1,5196.0,1,8022.0,1,5836.0,1,5610.0
455,2013-07-09,4337.0,342.0,1.0,0.0,0,0.0,2.0,-0.17689027,-0.9842306,-0.5,-0.8660254,3,0,0,1,5492.0,1,0.0,1,7831.0,1,7211.0,1,4983.0,1,0.0,1,6885.0,1,7205.0
455,2013-07-10,5837.0,385.0,1.0,0.0,0,0.0,3.0,-0.17689027,-0.9842306,-0.5,-0.8660254,3,0,0,1,4337.0,1,5492.0,1,9054.0,1,7211.0,1,6449.0,1,4607.0,1,0.0,1,0.0
455,2013-07-11,5101.0,357.0,1.0,0.0,0,0.0,4.0,-0.17689027,-0.9842306,-0.5,-0.8660254,3,0,0,1,5837.0,1,4337.0,1,0.0,1,8239.0,1,8215.0,1,4399.0,1,6059.0,1,0.0
455,2013-07-12,6243.0,415.0,1.0,0.0,0,0.0,5.0,-0.17689027,-0.9842306,-0.5,-0.8660254,3,0,0,1,5101.0,1,5837.0,1,5492.0,1,7367.0,1,0.0,1,5196.0,1,5281.0,1,5618.0
455,2013-07-13,7349.0,508.0,1.0,0.0,0,0.0,6.0,-0.17689027,-0.9842306,-0.5,-0.8660254,3,0,0,1,6243.0,1,5101.0,1,4337.0,1,7831.0,1,7211.0,1,4983.0,1,5531.0,1,5526.0
455,2013-07-14,0.0,0.0,0.0,0.0,0,0.0,7.0,-0.17689027,-0.9842306,-0.5,-0.8660254,3,0,0,1,7349.0,1,6243.0,1,5837.0,1,9054.0,1,7211.0,1,6449.0,1,5680.0,1,4521.0
455,2013-07-15,7820.0,495.0,1.0,1.0,0,0.0,1.0,-0.29205677,-0.956401,-0.5,-0.8660254,3,0,0,1,0.0,1,7349.0,1,5101.0,1,0.0,1,8239.0,1,8215.0,1,7309.0,1,4996.0
455,2013-07-16,6744.0,442.0,1.0,1.0,0,0.0,2.0,-0.29205677,-0.956401,-0.5,-0.8660254,3,0,0,1,7820.0,1,0.0,1,6243.0,1,5492.0,1,7367.0,1,0.0,1,8022.0,1,7061.0
455,2013-07-17,7666.0,433.0,1.0,1.0,0,0.0,3.0,-0.29205677,-0.956401,-0.5,-0.8660254,3,0,0,1,6744.0,1,7820.0,1,7349.0,1,4337.0,1,7831.0,1,7211.0,1,0.0,1,0.0
455,2013-07-18,6324.0,431.0,1.0,1.0,0,0.0,4.0,-0.29205677,-0.956401,-0.5,-0.8660254,3,0,0,1,7666.0,1,6744.0,1,0.0,1,5837.0,1,9054.0,1,7211.0,1,4607.0,1,5370.0
455,2013-07-19,5985.0,413.0,1.0,1.0,0,0.0,5.0,-0.29205677,-0.956401,-0.5,-0.8660254,3,0,0,1,6324.0,1,7666.0,1,7820.0,1,5101.0,1,0.0,1,8239.0,1,4399.0,1,5132.0
455,2013-07-20,6605.0,479.0,1.0,0.0,0,0.0,6.0,-0.29205677,-0.956401,-0.5,-0.8660254,3,0,0,1,5985.0,1,6324.0,1,6744.0,1,6243.0,1,5492.0,1,7367.0,1,5196.0,1,7578.0
455,2013-07-21,0.0,0.0,0.0,0.0,0,0.0,7.0,-0.29205677,-0.956401,-0.5,-0.8660254,3,0,0,1,6605.0,1,5985.0,1,7666.0,1,7349.0,1,4337.0,1,7831.0,1,4983.0,1,0.0
455,2013-07-22,5223.0,368.0,1.0,0.0,0,0.0,1.0,-0.40312344,-0.91514564,-0.5,-0.8660254,3,0,0,1,0.0,1,6605.0,1,6324.0,1,0.0,1,5837.0,1,9054.0,1,6449.0,1,8679.0
455,2013-07-23,4935.0,372.0,1.0,0.0,0,0.0,2.0,-0.40312344,-0.91514564,-0.5,-0.8660254,3,0,0,1,5223.0,1,0.0,1,5985.0,1,7820.0,1,5101.0,1,0.0,1,8215.0,1,8665.0
455,2013-07-24,6083.0,405.0,1.0,0.0,0,0.0,3.0,-0.40312344,-0.91514564,-0.5,-0.8660254,3,0,0,1,4935.0,1,5223.0,1,6605.0,1,6744.0,1,6243.0,1,5492.0,1,0.0,1,0.0
455,2013-07-25,5199.0,387.0,1.0,0.0,0,1.0,4.0,-0.40312344,-0.91514564,-0.5,-0.8660254,3,0,0,1,6083.0,1,4935.0,1,0.0,1,7666.0,1,7349.0,1,4337.0,1,7211.0,1,7032.0
455,2013-07-26,6084.0,432.0,1.0,0.0,0,1.0,5.0,-0.40312344,-0.91514564,-0.5,-0.8660254,3,0,0,1,5199.0,1,6083.0,1,5223.0,1,6324.0,1,0.0,1,5837.0,1,7211.0,1,6795.0
455,2013-07-27,6477.0,458.0,1.0,0.0,0,0.0,6.0,-0.40312344,-0.91514564,-0.5,-0.8660254,3,0,0,1,6084.0,1,5199.0,1,4935.0,1,5985.0,1,7820.0,1,5101.0,1,8239.0,1,7217.0
455,2013-07-28,0.0,0.0,0.0,0.0,0,0.0,7.0,-0.40312344,-0.91514564,-0.5,-0.8660254,3,0,0,1,6477.0,1,6084.0,1,6083.0,1,6605.0,1,6744.0,1,6243.0,1,7367.0,1,6980.0
455,2013-07-29,8633.0,504.0,1.0,1.0,0,1.0,1.0,-0.5085311,-0.86104363,-0.5,-0.8660254,3,0,0,1,0.0,1,6477.0,1,5199.0,1,0.0,1,7666.0,1,7349.0,1,7831.0,1,6809.0
455,2013-07-30,8252.0,516.0,1.0,1.0,0,1.0,2.0,-0.5085311,-0.86104363,-0.5,-0.8660254,3,0,0,1,8633.0,1,0.0,1,6084.0,1,5223.0,1,6324.0,1,0.0,1,9054.0,1,9311.0
455,2013-07-31,9011.0,493.0,1.0,1.0,0,1.0,3.0,-0.5085311,-0.86104363,-0.5,-0.8660254,3,0,1,1,8252.0,1,8633.0,1,6477.0,1,4935.0,1,5985.0,1,7820.0,1,0.0,1,0.0
455,2013-08-01,7659.0,453.0,1.0,1.0,0,1.0,4.0,-0.5085311,-0.86104363,-0.8660254,-0.5,3,1,0,1,9011.0,1,8252.0,1,0.0,1,6083.0,1,6605.0,1,6744.0,1,5492.0,1,5066.0
455,2013-08-02,7388.0,463.0,1.0,1.0,0,1.0,5.0,-0.5085311,-0.86104363,-0.8660254,-0.5,3,0,0,1,7659.0,1,9011.0,1,8633.0,1,5199.0,1,0.0,1,7666.0,1,4337.0,1,4170.0
455,2013-08-03,8893.0,527.0,1.0,0.0,0,0.0,6.0,-0.5085311,-0.86104363,-0.8660254,-0.5,3,0,0,1,7388.0,1,7659.0,1,8252.0,1,6084.0,1,5223.0,1,6324.0,1,5837.0,1,5127.0
455,2013-08-04,0.0,0.0,0.0,0.0,0,0.0,7.0,-0.5085311,-0.86104363,-0.8660254,-0.5,3,0,0,1,8893.0,1,7388.0,1,9011.0,1,6477.0,1,4935.0,1,5985.0,1,5101.0,1,4611.0
455,2013-08-05,6873.0,399.0,1.0,0.0,0,1.0,1.0,-0.60680014,-0.79485446,-0.8660254,-0.5,3,0,0,1,0.0,1,8893.0,1,7659.0,1,0.0,1,6083.0,1,6605.0,1,6243.0,1,5836.0
455,2013-08-06,7058.0,427.0,1.0,0.0,0,1.0,2.0,-0.60680014,-0.79485446,-0.8660254,-0.5,3,0,0,1,6873.0,1,0.0,1,7388.0,1,8633.0,1,5199.0,1,0.0,1,7349.0,1,6885.0
455,2013-08-07,7267.0,438.0,1.0,0.0,0,1.0,3.0,-0.60680014,-0.79485446,-0.8660254,-0.5,3,0,0,1,7058.0,1,6873.0,1,8893.0,1,8252.0,1,6084.0,1,5223.0,1,0.0,1,0.0
455,2013-08-08,6590.0,424.0,1.0,0.0,0,1.0,4.0,-0.60680014,-0.79485446,-0.8660254,-0.5,3,0,0,1,7267.0,1,7058.0,1,0.0,1,9011.0,1,6477.0,1,4935.0,1,7820.0,1,6059.0
455,2013-08-09,6381.0,433.0,1.0,0.0,0,1.0,5.0,-0.60680014,-0.79485446,-0.8660254,-0.5,3,0,0,1,6590.0,1,7267.0,1,6873.0,1,7659.0,1,0.0,1,6083.0,1,6744.0,1,5281.0
455,2013-08-10,6882.0,465.0,1.0,0.0,0,0.0,6.0,-0.60680014,-0.79485446,-0.8660254,-0.5,3,0,0,1,6381.0,1,6590.0,1,7058.0,1,7388.0,1,8633.0,1,5199.0,1,7666.0,1,5531.0
455,2013-08-11,0.0,0.0,0.0,0.0,0,0.0,7.0,-0.60680014,-0.79485446,-0.8660254,-0.5,3,0,0,1,6882.0,1,6381.0,1,7267.0,1,8893.0,1,8252.0,1,6084.0,1,6324.0,1,5680.0
455,2013-08-12,8746.0,539.0,1.0,1.0,0,1.0,1.0,-0.696551,-0.71750724,-0.8660254,-0.5,3,0,0,1,0.0,1,6882.0,1,6590.0,1,0.0,1,9011.0,1,6477.0,1,5985.0,1,7309.0
455,2013-08-13,6975.0,453.0,1.0,1.0,0,1.0,2.0,-0.696551,-0.71750724,-0.8660254,-0.5,3,0,0,1,8746.0,1,0.0,1,6381.0,1,6873.0,1,7659.0,1,0.0,1,6605.0,1,8022.0
455,2013-08-14,7411.0,463.0,1.0,1.0,0,1.0,3.0,-0.696551,-0.71750724,-0.8660254,-0.5,3,0,0,1,6975.0,1,8746.0,1,6882.0,1,7058.0,1,7388.0,1,8633.0,1,0.0,1,0.0
455,2013-08-15,6477.0,441.0,1.0,1.0,0,1.0,4.0,-0.696551,-0.71750724,-0.8660254,-0.5,3,0,0,1,7411.0,1,6975.0,1,0.0,1,7267.0,1,8893.0,1,8252.0,1,5223.0,1,4607.0
455,2013-08-16,7803.0,494.0,1.0,1.0,0,1.0,5.0,-0.696551,-0.71750724,-0.8660254,-0.5,3,0,0,1,6477.0,1,7411.0,1,8746.0,1,6590.0,1,0.0,1,9011.0,1,4935.0,1,4399.0
455,2013-08-17,6096.0,441.0,1.0,0.0,0,0.0,6.0,-0.696551,-0.71750724,-0.8660254,-0.5,3,0,0,1,7803.0,1,6477.0,1,6975.0,1,6381.0,1,6873.0,1,7659.0,1,6083.0,1,5196.0
455,2013-08-18,0.0,0.0,0.0,0.0,0,0.0,7.0,-0.696551,-0.71750724,-0.8660254,-0.5,3,0,0,1,6096.0,1,7803.0,1,7411.0,1,6882.0,1,7058.0,1,7388.0,1,5199.0,1,4983.0
455,2013-08-19,5925.0,402.0,1.0,0.0,0,1.0,1.0,-0.7765239,-0.63008785,-0.8660254,-0.5,3,0,0,1,0.0,1,6096.0,1,6477.0,1,0.0,1,7267.0,1,8893.0,1,6084.0,1,6449.0
455,2013-08-20,5191.0,369.0,1.0,0.0,0,1.0,2.0,-0.7765239,-0.63008785,-0.8660254,-0.5,3,0,0,1,5925.0,1,0.0,1,7803.0,1,8746.0,1,6590.0,1,0.0,1,6477.0,1,8215.0
455,2013-08-21,5128.0,363.0,1.0,0.0,0,1.0,3.0,-0.7765239,-0.63008785,-0.8660254,-0.5,3,0,0,1,5191.0,1,5925.0,1,6096.0,1,6975.0,1,6381.0,1,6873.0,1,0.0,1,0.0
455,2013-08-22,4863.0,366.0,1.0,0.0,0,1.0,4.0,-0.7765239,-0.63008785,-0.8660254,-0.5,3,0,0,1,5128.0,1,5191.0,1,0.0,1,7411.0,1,6882.0,1,7058.0,1,8633.0,1,7211.0
455,2013-08-23,5193.0,367.0,1.0,0.0,0,1.0,5.0,-0.7765239,-0.63008785,-0.8660254,-0.5,3,0,0,1,4863.0,1,5128.0,1,5925.0,1,6477.0,1,0.0,1,7267.0,1,8252.0,1,7211.0
455,2013-08-24,7492.0,491.0,1.0,0.0,0,0.0,6.0,-0.7765239,-0.63008785,-0.8660254,-0.5,3,0,0,1,5193.0,1,4863.0,1,5191.0,1,7803.0,1,8746.0,1,6590.0,1,9011.0,1,8239.0
455,2013-08-25,0.0,0.0,0.0,0.0,0,0.0,7.0,-0.7765239,-0.63008785,-0.8660254,-0.5,3,0,0,1,7492.0,1,5193.0,1,5128.0,1,6096.0,1,6975.0,1,6381.0,1,7659.0,1,7367.0
455,2013-08-26,8104.0,462.0,1.0,1.0,0,1.0,1.0,-0.845596,-0.5338234,-0.8660254,-0.5,3,0,0,1,0.0,1,7492.0,1,4863.0,1,0.0,1,7411.0,1,6882.0,1,7388.0,1,7831.0
455,2013-08-27,7121.0,454.0,1.0,1.0,0,1.0,2.0,-0.845596,-0.5338234,-0.8660254,-0.5,3,0,0,1,8104.0,1,0.0,1,5193.0,1,5925.0,1,6477.0,1,0.0,1,8893.0,1,9054.0
455,2013-08-28,6426.0,405.0,1.0,1.0,0,1.0,3.0,-0.845596,-0.5338234,-0.8660254,-0.5,3,0,0,1,7121.0,1,8104.0,1,7492.0,1,5191.0,1,7803.0,1,8746.0,1,0.0,1,0.0
455,2013-08-29,6212.0,421.0,1.0,1.0,0,1.0,4.0,-0.845596,-0.5338234,-0.8660254,-0.5,3,0,0,1,6426.0,1,7121.0,1,0.0,1,5128.0,1,6096.0,1,6975.0,1,6873.0,1,5492.0
455,2013-08-30,7764.0,484.0,1.0,1.0,0,1.0,5.0,-0.845596,-0.5338234,-0.8660254,-0.5,3,0,0,1,6212.0,1,6426.0,1,8104.0,1,4863.0,1,0.0,1,7411.0,1,7058.0,1,4337.0
455,2013-08-31,8513.0,507.0,1.0,0.0,0,0.0,6.0,-0.845596,-0.5338234,-0.8660254,-0.5,3,0,1,1,7764.0,1,6212.0,1,7121.0,1,5193.0,1,5925.0,1,6477.0,1,7267.0,1,5837.0
455,2013-09-01,0.0,0.0,0.0,0.0,0,0.0,7.0,-0.845596,-0.5338234,-1.0,-1.8369701e-16,3,1,0,1,8513.0,1,7764.0,1,6426.0,1,7492.0,1,5191.0,1,7803.0,1,6590.0,1,5101.0
455,2013-09-02,5545.0,388.0,1.0,0.0,0,1.0,1.0,-0.9027978,-0.4300652,-1.0,-1.8369701e-16,3,0,0,1,0.0,1,8513.0,1,6212.0,1,0.0,1,5128.0,1,6096.0,1,6381.0,1,6243.0
455,2013-09-03,4856.0,345.0,1.0,0.0,0,1.0,2.0,-0.9027978,-0.4300652,-1.0,-1.8369701e-16,3,0,0,1,5545.0,1,0.0,1,7764.0,1,8104.0,1,4863.0,1,0.0,1,6882.0,1,7349.0
455,2013-09-04,6301.0,405.0,1.0,0.0,0,1.0,3.0,-0.9027978,-0.4300652,-1.0,-1.8369701e-16,3,0,0,1,4856.0,1,5545.0,1,8513.0,1,7121.0,1,5193.0,1,5925.0,1,0.0,1,0.0
455,2013-09-05,6473.0,389.0,1.0,0.0,0,1.0,4.0,-0.9027978,-0.4300652,-1.0,-1.8369701e-16,3,0,0,1,6301.0,1,4856.0,1,0.0,1,6426.0,1,7492.0,1,5191.0,1,8746.0,1,7820.0
455,2013-09-06,6919.0,456.0,1.0,0.0,0,1.0,5.0,-0.9027978,-0.4300652,-1.0,-1.8369701e-16,3,0,0,1,6473.0,1,6301.0,1,5545.0,1,6212.0,1,0.0,1,5128.0,1,6975.0,1,6744.0
455,2013-09-07,9708.0,587.0,1.0,0.0,0,0.0,6.0,-0.9027978,-0.4300652,-1.0,-1.8369701e-16,3,0,0,1,6919.0,1,6473.0,1,4856.0,1,7764.0,1,8104.0,1,4863.0,1,7411.0,1,7666.0
455,2013-09-08,0.0,0.0,0.0,0.0,0,0.0,7.0,-0.9027978,-0.4300652,-1.0,-1.8369701e-16,3,0,0,1,9708.0,1,6919.0,1,6301.0,1,8513.0,1,7121.0,1,5193.0,1,6477.0,1,6324.0
455,2013-09-09,9957.0,622.0,1.0,1.0,0,0.0,1.0,-0.94732636,-0.32026985,-1.0,-1.8369701e-16,3,0,0,1,0.0,1,9708.0,1,6473.0,1,0.0,1,6426.0,1,7492.0,1,7803.0,1,5985.0
455,2013-09-10,6743.0,528.0,1.0,1.0,0,0.0,2.0,-0.94732636,-0.32026985,-1.0,-1.8369701e-16,3,0,0,1,9957.0,1,0.0,1,6919.0,1,5545.0,1,6212.0,1,0.0,1,6096.0,1,6605.0
455,2013-09-11,6507.0,470.0,1.0,1.0,0,0.0,3.0,-0.94732636,-0.32026985,-1.0,-1.8369701e-16,3,0,0,1,6743.0,1,9957.0,1,9708.0,1,4856.0,1,7764.0,1,8104.0,1,0.0,1,0.0
455,2013-09-12,6678.0,467.0,1.0,1.0,0,0.0,4.0,-0.94732636,-0.32026985,-1.0,-1.8369701e-16,3,0,0,1,6507.0,1,6743.0,1,0.0,1,6301.0,1,8513.0,1,7121.0,1,5925.0,1,5223.0
455,2013-09-13,6647.0,467.0,1.0,1.0,0,0.0,5.0,-0.94732636,-0.32026985,-1.0,-1.8369701e-16,3,0,0,1,6678.0,1,6507.0,1,9957.0,1,6473.0,1,0.0,1,6426.0,1,5191.0,1,4935.0
455,2013-09-14,8188.0,537.0,1.0,0.0,0,0.0,6.0,-0.94732636,-0.32026985,-1.0,-1.8369701e-16,3,0,0,1,6647.0,1,6678.0,1,6743.0,1,6919.0,1,5545.0,1,6212.0,1,5128.0,1,6083.0
455,2013-09-15,0.0,0.0,0.0,0.0,0,0.0,7.0,-0.94732636,-0.32026985,-1.0,-1.8369701e-16,3,0,0,1,8188.0,1,6647.0,1,6507.0,1,9708.0,1,4856.0,1,7764.0,1,4863.0,1,5199.0
455,2013-09-16,5421.0,389.0,1.0,0.0,0,0.0,1.0,-0.9785565,-0.20597862,-1.0,-1.8369701e-16,3,0,0,1,0.0,1,8188.0,1,6678.0,1,0.0,1,6301.0,1,8513.0,1,5193.0,1,6084.0
455,2013-09-17,4323.0,322.0,1.0,0.0,0,0.0,2.0,-0.9785565,-0.20597862,-1.0,-1.8369701e-16,3,0,0,1,5421.0,1,0.0,1,6647.0,1,9957.0,1,6473.0,1,0.0,1,7492.0,1,6477.0
455,2013-09-18,5493.0,389.0,1.0,0.0,0,0.0,3.0,-0.9785565,-0.20597862,-1.0,-1.8369701e-16,3,0,0,1,4323.0,1,5421.0,1,8188.0,1,6743.0,1,6919.0,1,5545.0,1,0.0,1,0.0
455,2013-09-19,4541.0,340.0,1.0,0.0,0,0.0,4.0,-0.9785565,-0.20597862,-1.0,-1.8369701e-16,3,0,0,1,5493.0,1,4323.0,1,0.0,1,6507.0,1,9708.0,1,4856.0,1,8104.0,1,8633.0
455,2013-09-20,5188.0,377.0,1.0,0.0,0,0.0,5.0,-0.9785565,-0.20597862,-1.0,-1.8369701e-16,3,0,0,1,4541.0,1,5493.0,1,5421.0,1,6678.0,1,0.0,1,6301.0,1,7121.0,1,8252.0
455,2013-09-21,7210.0,496.0,1.0,0.0,0,0.0,6.0,-0.9785565,-0.20597862,-1.0,-1.8369701e-16,3,0,0,1,5188.0,1,4541.0,1,4323.0,1,6647.0,1,9957.0,1,6473.0,1,6426.0,1,9011.0
455,2013-09-22,0.0,0.0,0.0,0.0,0,0.0,7.0,-0.9785565,-0.20597862,-1.0,-1.8369701e-16,3,0,0,1,7210.0,1,5188.0,1,5493.0,1,8188.0,1,6743.0,1,6919.0,1,6212.0,1,7659.0
455,2013-09-23,5934.0,429.0,1.0,1.0,0,0.0,1.0,-0.9960498,-0.08879589,-1.0,-1.8369701e-16,3,0,0,1,0.0,1,7210.0,1,4541.0,1,0.0,1,6507.0,1,9708.0,1,7764.0,1,7388.0
455,2013-09-24,5938.0,414.0,1.0,1.0,0,0.0,2.0,-0.9960498,-0.08879589,-1.0,-1.8369701e-16,3,0,0,1,5934.0,1,0.0,1,5188.0,1,5421.0,1,6678.0,1,0.0,1,8513.0,1,8893.0
455,2013-09-25,6358.0,409.0,1.0,1.0,0,0.0,3.0,-0.9960498,-0.08879589,-1.0,-1.8369701e-16,3,0,0,1,5938.0,1,5934.0,1,7210.0,1,4323.0,1,6647.0,1,9957.0,1,0.0,1,0.0
455,2013-09-26,5542.0,383.0,1.0,1.0,0,0.0,4.0,-0.9960498,-0.08879589,-1.0,-1.8369701e-16,3,0,0,1,6358.0,1,5938.0,1,0.0,1,5493.0,1,8188.0,1,6743.0,1,5545.0,1,6873.0
455,2013-09-27,7217.0,494.0,1.0,1.0,0,0.0,5.0,-0.9960498,-0.08879589,-1.0,-1.8369701e-16,3,0,0,1,5542.0,1,6358.0,1,5934.0,1,4541.0,1,0.0,1,6507.0,1,4856.0,1,7058.0
455,2013-09-28,7820.0,486.0,1.0,0.0,0,0.0,6.0,-0.9960498,-0.08879589,-1.0,-1.8369701e-16,3,0,0,1,7217.0,1,5542.0,1,5938.0,1,5188.0,1,5421.0,1,6678.0,1,6301.0,1,7267.0
455,2013-09-29,0.0,0.0,0.0,0.0,0,0.0,7.0,-0.9960498,-0.08879589,-1.0,-1.8369701e-16,3,0,0,1,7820.0,1,7217.0,1,6358.0,1,7210.0,1,4323.0,1,6647.0,1,6473.0,1,6590.0
455,2013-09-30,5276.0,405.0,1.0,0.0,0,0.0,1.0,-0.99956083,0.029633328,-1.0,-1.8369701e-16,3,0,1,1,0.0,1,7820.0,1,5542.0,1,0.0,1,5493.0,1,8188.0,1,6919.0,1,6381.0
455,2013-10-01,5537.0,375.0,1.0,0.0,0,0.0,2.0,-0.99956083,0.029633328,-0.8660254,0.5,4,1,0,1,5276.0,1,0.0,1,7217.0,1,5934.0,1,4541.0,1,0.0,1,9708.0,1,6882.0
455,2013-10-02,7156.0,472.0,1.0,0.0,0,0.0,3.0,-0.99956083,0.029633328,-0.8660254,0.5,4,0,0,1,5537.0,1,5276.0,1,7820.0,1,5938.0,1,5188.0,1,5421.0,1,0.0,1,0.0
455,2013-10-03,0.0,0.0,0.0,0.0,1,0.0,4.0,-0.99956083,0.029633328,-0.8660254,0.5,4,0,0,1,7156.0,1,5537.0,1,0.0,1,6358.0,1,7210.0,1,4323.0,1,9957.0,1,8746.0
455,2013-10-04,8148.0,504.0,1.0,0.0,0,0.0,5.0,-0.99956083,0.029633328,-0.8660254,0.5,4,0,0,1,0.0,1,7156.0,1,5276.0,1,5542.0,1,0.0,1,5493.0,1,6743.0,1,6975.0
455,2013-10-05,10595.0,637.0,1.0,0.0,0,0.0,6.0,-0.99956083,0.029633328,-0.8660254,0.5,4,0,0,1,8148.0,1,0.0,1,5537.0,1,7217.0,1,5934.0,1,4541.0,1,6507.0,1,7411.0
455,2013-10-06,0.0,0.0,0.0,0.0,0,0.0,7.0,-0.99956083,0.029633328,-0.8660254,0.5,4,0,0,1,10595.0,1,8148.0,1,7156.0,1,7820.0,1,5938.0,1,5188.0,1,6678.0,1,6477.0
455,2013-10-07,7806.0,512.0,1.0,1.0,0,0.0,1.0,-0.9890402,0.14764656,-0.8660254,0.5,4,0,0,1,0.0,1,10595.0,1,0.0,1,0.0,1,6358.0,1,7210.0,1,6647.0,1,7803.0
455,2013-10-08,6667.0,405.0,1.0,1.0,0,0.0,2.0,-0.9890402,0.14764656,-0.8660254,0.5,4,0,0,1,7806.0,1,0.0,1,8148.0,1,5276.0,1,5542.0,1,0.0,1,8188.0,1,6096.0
455,2013-10-09,6259.0,405.0,1.0,1.0,0,0.0,3.0,-0.9890402,0.14764656,-0.8660254,0.5,4,0,0,1,6667.0,1,7806.0,1,10595.0,1,5537.0,1,7217.0,1,5934.0,1,0.0,1,0.0
455,2013-10-10,6296.0,426.0,1.0,1.0,0,0.0,4.0,-0.9890402,0.14764656,-0.8660254,0.5,4,0,0,1,6259.0,1,6667.0,1,0.0,1,7156.0,1,7820.0,1,5938.0,1,5421.0,1,5925.0
455,2013-10-11,7282.0,448.0,1.0,1.0,0,0.0,5.0,-0.9890402,0.14764656,-0.8660254,0.5,4,0,0,1,6296.0,1,6259.0,1,7806.0,1,0.0,1,0.0,1,6358.0,1,4323.0,1,5191.0
455,2013-10-12,7588.0,522.0,1.0,0.0,0,0.0,6.0,-0.9890402,0.14764656,-0.8660254,0.5,4,0,0,1,7282.0,1,6296.0,1,6667.0,1,8148.0,1,5276.0,1,5542.0,1,5493.0,1,5128.0
455,2013-10-13,0.0,0.0,0.0,0.0,0,0.0,7.0,-0.9890402,0.14764656,-0.8660254,0.5,4,0,0,1,7588.0,1,7282.0,1,6259.0,1,10595.0,1,5537.0,1,7217.0,1,4541.0,1,4863.0
455,2013-10-14,4758.0,354.0,1.0,0.0,0,0.0,1.0,-0.9646356,0.26358718,-0.8660254,0.5,4,0,0,1,0.0,1,7588.0,1,6296.0,1,0.0,1,7156.0,1,7820.0,1,5188.0,1,5193.0
455,2013-10-15,5441.0,351.0,1.0,0.0,0,0.0,2.0,-0.9646356,0.26358718,-0.8660254,0.5,4,0,0,1,4758.0,1,0.0,1,7282.0,1,7806.0,1,0.0,1,0.0,1,7210.0,1,7492.0
455,2013-10-16,5395.0,404.0,1.0,0.0,0,0.0,3.0,-0.9646356,0.26358718,-0.8660254,0.5,4,0,0,1,5441.0,1,4758.0,1,7588.0,1,6667.0,1,8148.0,1,5276.0,1,0.0,1,0.0
455,2013-10-17,4867.0,378.0,1.0,0.0,0,0.0,4.0,-0.9646356,0.26358718,-0.8660254,0.5,4,0,0,1,5395.0,1,5441.0,1,0.0,1,6259.0,1,10595.0,1,5537.0,1,5934.0,1,8104.0
455,2013-10-18,5648.0,397.0,1.0,0.0,0,0.0,5.0,-0.9646356,0.26358718,-0.8660254,0.5,4,0,0,1,4867.0,1,5395.0,1,4758.0,1,6296.0,1,0.0,1,7156.0,1,5938.0,1,7121.0
455,2013-10-19,7515.0,517.0,1.0,0.0,0,0.0,6.0,-0.9646356,0.26358718,-0.8660254,0.5,4,0,0,1,5648.0,1,4867.0,1,5441.0,1,7282.0,1,7806.0,1,0.0,1,6358.0,1,6426.0
455,2013-10-20,0.0,0.0,0.0,0.0,0,0.0,7.0,-0.9646356,0.26358718,-0.8660254,0.5,4,0,0,1,7515.0,1,5648.0,1,5395.0,1,7588.0,1,6667.0,1,8148.0,1,5542.0,1,6212.0
455,2013-10-21,8181.0,543.0,1.0,1.0,0,0.0,1.0,-0.9266896,0.37582758,-0.8660254,0.5,4,0,0,1,0.0,1,7515.0,1,4867.0,1,0.0,1,6259.0,1,10595.0,1,7217.0,1,7764.0
455,2013-10-22,6192.0,419.0,1.0,1.0,0,0.0,2.0,-0.9266896,0.37582758,-0.8660254,0.5,4,0,0,1,8181.0,1,0.0,1,5648.0,1,4758.0,1,6296.0,1,0.0,1,7820.0,1,8513.0
455,2013-10-23,7839.0,494.0,1.0,1.0,0,0.0,3.0,-0.9266896,0.37582758,-0.8660254,0.5,4,0,0,1,6192.0,1,8181.0,1,7515.0,1,5441.0,1,7282.0,1,7806.0,1,0.0,1,0.0
455,2013-10-24,6049.0,395.0,1.0,1.0,0,0.0,4.0,-0.9266896,0.37582758,-0.8660254,0.5,4,0,0,1,7839.0,1,6192.0,1,0.0,1,5395.0,1,7588.0,1,6667.0,1,5276.0,1,5545.0
455,2013-10-25,6690.0,427.0,1.0,1.0,0,0.0,5.0,-0.9266896,0.37582758,-0.8660254,0.5,4,0,0,1,6049.0,1,7839.0,1,8181.0,1,4867.0,1,0.0,1,6259.0,1,5537.0,1,4856.0
455,2013-10-26,6965.0,501.0,1.0,0.0,0,0.0,6.0,-0.9266896,0.37582758,-0.8660254,0.5,4,0,0,1,6690.0,1,6049.0,1,6192.0,1,5648.0,1,4758.0,1,6296.0,1,7156.0,1,6301.0
455,2013-10-27,0.0,0.0,0.0,0.0,0,0.0,7.0,-0.9266896,0.37582758,-0.8660254,0.5,4,0,0,1,6965.0,1,6690.0,1,7839.0,1,7515.0,1,5441.0,1,7282.0,1,0.0,1,6473.0
455,2013-10-28,6559.0,410.0,1.0,0.0,0,1.0,1.0,-0.8757349,0.4827922,-0.8660254,0.5,4,0,0,1,0.0,1,6965.0,1,6049.0,1,0.0,1,5395.0,1,7588.0,1,8148.0,1,6919.0
455,2013-10-29,6074.0,403.0,1.0,0.0,0,1.0,2.0,-0.8757349,0.4827922,-0.8660254,0.5,4,0,0,1,6559.0,1,0.0,1,6690.0,1,8181.0,1,4867.0,1,0.0,1,10595.0,1,9708.0
455,2013-10-30,6897.0,461.0,1.0,0.0,0,1.0,3.0,-0.8757349,0.4827922,-0.8660254,0.5,4,0,0,1,6074.0,1,6559.0,1,6965.0,1,6192.0,1,5648.0,1,4758.0,1,0.0,1,0.0
455,2013-10-31,7322.0,508.0,1.0,0.0,0,0.0,4.0,-0.8757349,0.4827922,-0.8660254,0.5,4,0,1,1,6897.0,1,6074.0,1,0.0,1,7839.0,1,7515.0,1,5441.0,1,7806.0,1,9957.0
455,2013-11-01,0.0,0.0,0.0,0.0,1,0.0,5.0,-0.8757349,0.4827922,-0.5,0.8660254,4,1,0,1,7322.0,1,6897.0,1,6559.0,1,6049.0,1,0.0,1,5395.0,1,6667.0,1,6743.0
455,2013-11-02,11715.0,681.0,1.0,0.0,0,0.0,6.0,-0.8757349,0.4827922,-0.5,0.8660254,4,0,0,1,0.0,1,7322.0,1,6074.0,1,6690.0,1,8181.0,1,4867.0,1,6259.0,1,6507.0
455,2013-11-03,0.0,0.0,0.0,0.0,0,0.0,7.0,-0.8757349,0.4827922,-0.5,0.8660254,4,0,0,1,11715.0,1,0.0,1,6897.0,1,6965.0,1,6192.0,1,5648.0,1,6296.0,1,6678.0
455,2013-11-04,7543.0,482.0,1.0,1.0,0,0.0,1.0,-0.8124869,0.5829795,-0.5,0.8660254,4,0,0,1,0.0,1,11715.0,1,7322.0,1,0.0,1,7839.0,1,7515.0,1,7282.0,1,6647.0
455,2013-11-05,7643.0,458.0,1.0,1.0,0,0.0,2.0,-0.8124869,0.5829795,-0.5,0.8660254,4,0,0,1,7543.0,1,0.0,1,0.0,1,6559.0,1,6049.0,1,0.0,1,7588.0,1,8188.0
455,2013-11-06,8212.0,496.0,1.0,1.0,0,0.0,3.0,-0.8124869,0.5829795,-0.5,0.8660254,4,0,0,1,7643.0,1,7543.0,1,11715.0,1,6074.0,1,6690.0,1,8181.0,1,0.0,1,0.0
455,2013-11-07,7496.0,448.0,1.0,1.0,0,0.0,4.0,-0.8124869,0.5829795,-0.5,0.8660254,4,0,0,1,8212.0,1,7643.0,1,0.0,1,6897.0,1,6965.0,1,6192.0,1,4758.0,1,5421.0
455,2013-11-08,8322.0,513.0,1.0,1.0,0,0.0,5.0,-0.8124869,0.5829795,-0.5,0.8660254,4,0,0,1,7496.0,1,8212.0,1,7543.0,1,7322.0,1,0.0,1,7839.0,1,5441.0,1,4323.0
455,2013-11-09,8412.0,534.0,1.0,0.0,0,0.0,6.0,-0.8124869,0.5829795,-0.5,0.8660254,4,0,0,1,8322.0,1,7496.0,1,7643.0,1,0.0,1,6559.0,1,6049.0,1,5395.0,1,5493.0
455,2013-11-10,0.0,0.0,0.0,0.0,0,0.0,7.0,-0.8124869,0.5829795,-0.5,0.8660254,4,0,0,1,8412.0,1,8322.0,1,8212.0,1,11715.0,1,6074.0,1,6690.0,1,4867.0,1,4541.0
455,2013-11-11,9389.0,621.0,1.0,0.0,0,0.0,1.0,-0.73783326,0.674983,-0.5,0.8660254,4,0,0,1,0.0,1,8412.0,1,7496.0,1,0.0,1,6897.0,1,6965.0,1,5648.0,1,5188.0
455,2013-11-12,4228.0,316.0,1.0,0.0,0,0.0,2.0,-0.73783326,0.674983,-0.5,0.8660254,4,0,0,1,9389.0,1,0.0,1,8322.0,1,7543.0,1,7322.0,1,0.0,1,7515.0,1,7210.0
455,2013-11-13,5415.0,381.0,1.0,0.0,0,0.0,3.0,-0.73783326,0.674983,-0.5,0.8660254,4,0,0,1,4228.0,1,9389.0,1,8412.0,1,7643.0,1,0.0,1,6559.0,1,0.0,1,0.0
455,2013-11-14,5419.0,383.0,1.0,0.0,0,0.0,4.0,-0.73783326,0.674983,-0.5,0.8660254,4,0,0,1,5415.0,1,4228.0,1,0.0,1,8212.0,1,11715.0,1,6074.0,1,8181.0,1,5934.0
455,2013-11-15,5649.0,394.0,1.0,0.0,0,0.0,5.0,-0.73783326,0.674983,-0.5,0.8660254,4,0,0,1,5419.0,1,5415.0,1,9389.0,1,7496.0,1,0.0,1,6897.0,1,6192.0,1,5938.0
455,2013-11-16,7970.0,507.0,1.0,0.0,0,0.0,6.0,-0.73783326,0.674983,-0.5,0.8660254,4,0,0,1,5649.0,1,5419.0,1,4228.0,1,8322.0,1,7543.0,1,7322.0,1,7839.0,1,6358.0
455,2013-11-17,0.0,0.0,0.0,0.0,0,0.0,7.0,-0.73783326,0.674983,-0.5,0.8660254,4,0,0,1,7970.0,1,5649.0,1,5415.0,1,8412.0,1,7643.0,1,0.0,1,6049.0,1,5542.0
455,2013-11-18,7412.0,464.0,1.0,1.0,0,0.0,1.0,-0.65282214,0.75751126,-0.5,0.8660254,4,0,0,1,0.0,1,7970.0,1,5419.0,1,0.0,1,8212.0,1,11715.0,1,6690.0,1,7217.0
455,2013-11-19,5626.0,365.0,1.0,1.0,0,0.0,2.0,-0.65282214,0.75751126,-0.5,0.8660254,4,0,0,1,7412.0,1,0.0,1,5649.0,1,9389.0,1,7496.0,1,0.0,1,6965.0,1,7820.0
455,2013-11-20,6612.0,432.0,1.0,1.0,0,0.0,3.0,-0.65282214,0.75751126,-0.5,0.8660254,4,0,0,1,5626.0,1,7412.0,1,7970.0,1,4228.0,1,8322.0,1,7543.0,1,0.0,1,0.0
455,2013-11-21,6004.0,401.0,1.0,1.0,0,0.0,4.0,-0.65282214,0.75751126,-0.5,0.8660254,4,0,0,1,6612.0,1,5626.0,1,0.0,1,5415.0,1,8412.0,1,7643.0,1,6559.0,1,5276.0
455,2013-11-22,6668.0,424.0,1.0,1.0,0,0.0,5.0,-0.65282214,0.75751126,-0.5,0.8660254,4,0,0,1,6004.0,1,6612.0,1,7412.0,1,5419.0,1,0.0,1,8212.0,1,6074.0,1,5537.0
455,2013-11-23,7963.0,528.0,1.0,0.0,0,0.0,6.0,-0.65282214,0.75751126,-0.5,0.8660254,4,0,0,1,6668.0,1,6004.0,1,5626.0,1,5649.0,1,9389.0,1,7496.0,1,6897.0,1,7156.0
455,2013-11-24,0.0,0.0,0.0,0.0,0,0.0,7.0,-0.65282214,0.75751126,-0.5,0.8660254,4,0,0,1,7963.0,1,6668.0,1,6612.0,1,7970.0,1,4228.0,1,8322.0,1,7322.0,1,0.0
455,2013-11-25,6033.0,373.0,1.0,0.0,0,0.0,1.0,-0.55864674,0.82940567,-0.5,0.8660254,4,0,0,1,0.0,1,7963.0,1,6004.0,1,0.0,1,5415.0,1,8412.0,1,0.0,1,8148.0
455,2013-11-26,5228.0,366.0,1.0,0.0,0,0.0,2.0,-0.55864674,0.82940567,-0.5,0.8660254,4,0,0,1,6033.0,1,0.0,1,6668.0,1,7412.0,1,5419.0,1,0.0,1,11715.0,1,10595.0
455,2013-11-27,6435.0,381.0,1.0,0.0,0,0.0,3.0,-0.55864674,0.82940567,-0.5,0.8660254,4,0,0,1,5228.0,1,6033.0,1,7963.0,1,5626.0,1,5649.0,1,9389.0,1,0.0,1,0.0
455,2013-11-28,6356.0,405.0,1.0,0.0,0,0.0,4.0,-0.55864674,0.82940567,-0.5,0.8660254,4,0,0,1,6435.0,1,5228.0,1,0.0,1,6612.0,1,7970.0,1,4228.0,1,7543.0,1,7806.0
455,2013-11-29,7728.0,477.0,1.0,0.0,0,0.0,5.0,-0.55864674,0.82940567,-0.5,0.8660254,4,0,0,1,6356.0,1,6435.0,1,6033.0,1,6004.0,1,0.0,1,5415.0,1,7643.0,1,6667.0
455,2013-11-30,11322.0,660.0,1.0,0.0,0,0.0,6.0,-0.55864674,0.82940567,-0.5,0.8660254,4,0,1,1,7728.0,1,6356.0,1,5228.0,1,6668.0,1,7412.0,1,5419.0,1,8212.0,1,6259.0
455,2013-12-01,0.0,0.0,0.0,0.0,0,0.0,7.0,-0.55864674,0.82940567,-2.4492937e-16,1.0,4,1,0,1,11322.0,1,7728.0,1,6435.0,1,7963.0,1,5626.0,1,5649.0,1,7496.0,1,6296.0
455,2013-12-02,9540.0,565.0,1.0,1.0,0,0.0,1.0,-0.45662925,0.8896571,-2.4492937e-16,1.0,4,0,0,1,0.0,1,11322.0,1,6356.0,1,0.0,1,6612.0,1,7970.0,1,8322.0,1,7282.0
455,2013-12-03,8875.0,530.0,1.0,1.0,0,0.0,2.0,-0.45662925,0.8896571,-2.4492937e-16,1.0,4,0,0,1,9540.0,1,0.0,1,7728.0,1,6033.0,1,6004.0,1,0.0,1,8412.0,1,7588.0
455,2013-12-04,9297.0,513.0,1.0,1.0,0,0.0,3.0,-0.45662925,0.8896571,-2.4492937e-16,1.0,4,0,0,1,8875.0,1,9540.0,1,11322.0,1,5228.0,1,6668.0,1,7412.0,1,0.0,1,0.0
455,2013-12-05,9914.0,602.0,1.0,1.0,0,0.0,4.0,-0.45662925,0.8896571,-2.4492937e-16,1.0,4,0,0,1,9297.0,1,8875.0,1,0.0,1,6435.0,1,7963.0,1,5626.0,1,9389.0,1,4758.0
455,2013-12-06,8156.0,499.0,1.0,1.0,0,0.0,5.0,-0.45662925,0.8896571,-2.4492937e-16,1.0,4,0,0,1,9914.0,1,9297.0,1,9540.0,1,6356.0,1,0.0,1,6612.0,1,4228.0,1,5441.0
455,2013-12-07,9446.0,546.0,1.0,0.0,0,0.0,6.0,-0.45662925,0.8896571,-2.4492937e-16,1.0,4,0,0,1,8156.0,1,9914.0,1,8875.0,1,7728.0,1,6033.0,1,6004.0,1,5415.0,1,5395.0
455,2013-12-08,0.0,0.0,0.0,0.0,0,0.0,7.0,-0.45662925,0.8896571,-2.4492937e-16,1.0,4,0,0,1,9446.0,1,8156.0,1,9297.0,1,11322.0,1,5228.0,1,6668.0,1,5419.0,1,4867.0
455,2013-12-09,6262.0,411.0,1.0,0.0,0,0.0,1.0,-0.34820163,0.93741965,-2.4492937e-16,1.0,4,0,0,1,0.0,1,9446.0,1,9914.0,1,0.0,1,6435.0,1,7963.0,1,5649.0,1,5648.0
455,2013-12-10,4946.0,364.0,1.0,0.0,0,0.0,2.0,-0.34820163,0.93741965,-2.4492937e-16,1.0,4,0,0,1,6262.0,1,0.0,1,8156.0,1,9540.0,1,6356.0,1,0.0,1,7970.0,1,7515.0
455,2013-12-11,6480.0,374.0,1.0,0.0,0,0.0,3.0,-0.34820163,0.93741965,-2.4492937e-16,1.0,4,0,0,1,4946.0,1,6262.0,1,9446.0,1,8875.0,1,7728.0,1,6033.0,1,0.0,1,0.0
455,2013-12-12,6345.0,412.0,1.0,0.0,0,0.0,4.0,-0.34820163,0.93741965,-2.4492937e-16,1.0,4,0,0,1,6480.0,1,4946.0,1,0.0,1,9297.0,1,11322.0,1,5228.0,1,7412.0,1,8181.0
455,2013-12-13,7083.0,434.0,1.0,0.0,0,0.0,5.0,-0.34820163,0.93741965,-2.4492937e-16,1.0,4,0,0,1,6345.0,1,6480.0,1,6262.0,1,9914.0,1,0.0,1,6435.0,1,5626.0,1,6192.0
455,2013-12-14,10566.0,624.0,1.0,0.0,0,0.0,6.0,-0.34820163,0.93741965,-2.4492937e-16,1.0,4,0,0,1,7083.0,1,6345.0,1,4946.0,1,8156.0,1,9540.0,1,6356.0,1,6612.0,1,7839.0
455,2013-12-15,0.0,0.0,0.0,0.0,0,0.0,7.0,-0.34820163,0.93741965,-2.4492937e-16,1.0,4,0,0,1,10566.0,1,7083.0,1,6480.0,1,9446.0,1,8875.0,1,7728.0,1,6004.0,1,6049.0
455,2013-12-16,10213.0,578.0,1.0,1.0,0,0.0,1.0,-0.23488605,0.9720229,-2.4492937e-16,1.0,4,0,0,1,0.0,1,10566.0,1,6345.0,1,0.0,1,9297.0,1,11322.0,1,6668.0,1,6690.0
455,2013-12-17,9175.0,527.0,1.0,1.0,0,0.0,2.0,-0.23488605,0.9720229,-2.4492937e-16,1.0,4,0,0,1,10213.0,1,0.0,1,7083.0,1,6262.0,1,9914.0,1,0.0,1,7963.0,1,6965.0
455,2013-12-18,11523.0,650.0,1.0,1.0,0,0.0,3.0,-0.23488605,0.9720229,-2.4492937e-16,1.0,4,0,0,1,9175.0,1,10213.0,1,10566.0,1,4946.0,1,8156.0,1,9540.0,1,0.0,1,0.0
455,2013-12-19,9900.0,584.0,1.0,1.0,0,0.0,4.0,-0.23488605,0.9720229,-2.4492937e-16,1.0,4,0,0,1,11523.0,1,9175.0,1,0.0,1,6480.0,1,9446.0,1,8875.0,1,6033.0,1,6559.0
455,2013-12-20,10566.0,605.0,1.0,1.0,0,0.0,5.0,-0.23488605,0.9720229,-2.4492937e-16,1.0,4,0,0,1,9900.0,1,11523.0,1,10213.0,1,6345.0,1,0.0,1,9297.0,1,5228.0,1,6074.0
455,2013-12-21,11616.0,744.0,1.0,0.0,0,0.0,6.0,-0.23488605,0.9720229,-2.4492937e-16,1.0,4,0,0,1,10566.0,1,9900.0,1,9175.0,1,7083.0,1,6262.0,1,9914.0,1,6435.0,1,6897.0
455,2013-12-22,0.0,0.0,0.0,0.0,0,0.0,7.0,-0.23488605,0.9720229,-2.4492937e-16,1.0,4,0,0,1,11616.0,1,10566.0,1,11523.0,1,10566.0,1,4946.0,1,8156.0,1,6356.0,1,7322.0
455,2013-12-23,13465.0,840.0,1.0,0.0,0,1.0,1.0,-0.11827317,0.9929811,-2.4492937e-16,1.0,4,0,0,1,0.0,1,11616.0,1,9900.0,1,0.0,1,6480.0,1,9446.0,1,7728.0,1,0.0
455,2013-12-24,6503.0,413.0,1.0,0.0,0,1.0,2.0,-0.11827317,0.9929811,-2.4492937e-16,1.0,4,0,0,1,13465.0,1,0.0,1,10566.0,1,10213.0,1,6345.0,1,0.0,1,11322.0,1,11715.0
455,2013-12-25,0.0,0.0,0.0,0.0,3,1.0,3.0,-0.11827317,0.9929811,-2.4492937e-16,1.0,4,0,0,1,6503.0,1,13465.0,1,11616.0,1,9175.0,1,7083.0,1,6262.0,1,0.0,1,0.0
455,2013-12-26,0.0,0.0,0.0,0.0,3,1.0,4.0,-0.11827317,0.9929811,-2.4492937e-16,1.0,4,0,0,1,0.0,1,6503.0,1,0.0,1,11523.0,1,10566.0,1,4946.0,1,9540.0,1,7543.0
455,2013-12-27,9745.0,579.0,1.0,0.0,0,1.0,5.0,-0.11827317,0.9929811,-2.4492937e-16,1.0,4,0,0,1,0.0,1,0.0,1,13465.0,1,9900.0,1,0.0,1,6480.0,1,8875.0,1,7643.0
455,2013-12-28,9049.0,557.0,1.0,0.0,0,0.0,6.0,-0.11827317,0.9929811,-2.4492937e-16,1.0,4,0,0,1,9745.0,1,0.0,1,6503.0,1,10566.0,1,10213.0,1,6345.0,1,9297.0,1,8212.0
455,2013-12-29,0.0,0.0,0.0,0.0,0,0.0,7.0,-0.11827317,0.9929811,-2.4492937e-16,1.0,4,0,0,1,9049.0,1,9745.0,1,0.0,1,11616.0,1,9175.0,1,7083.0,1,9914.0,1,7496.0
455,2013-12-30,10229.0,626.0,1.0,0.0,0,1.0,1.0,0.11827317,0.9929811,-2.4492937e-16,1.0,4,0,0,1,0.0,1,9049.0,1,0.0,1,0.0,1,11523.0,1,10566.0,1,8156.0,1,8322.0
455,2013-12-31,3900.0,291.0,1.0,0.0,0,1.0,2.0,0.11827317,0.9929811,-2.4492937e-16,1.0,4,0,1,1,10229.0,1,0.0,1,9745.0,1,13465.0,1,9900.0,1,0.0,1,9446.0,1,8412.0
455,2014-01-01,0.0,0.0,0.0,0.0,1,1.0,3.0,0.11827317,0.9929811,0.5,0.8660254,1,1,0,1,3900.0,1,10229.0,1,9049.0,1,6503.0,1,10566.0,1,10213.0,1,0.0,1,0.0
455,2014-01-02,6498.0,414.0,1.0,0.0,0,1.0,4.0,0.11827317,0.9929811,0.5,0.8660254,1,0,0,1,0.0,1,3900.0,1,0.0,1,0.0,1,11616.0,1,9175.0,1,6262.0,1,9389.0
455,2014-01-03,7686.0,471.0,1.0,0.0,0,1.0,5.0,0.11827317,0.9929811,0.5,0.8660254,1,0,0,1,6498.0,1,0.0,1,10229.0,1,0.0,1,0.0,1,11523.0,1,4946.0,1,4228.0
455,2014-01-04,8705.0,501.0,1.0,0.0,0,0.0,6.0,0.11827317,0.9929811,0.5,0.8660254,1,0,0,1,7686.0,1,6498.0,1,3900.0,1,9745.0,1,13465.0,1,9900.0,1,6480.0,1,5415.0
455,2014-01-05,0.0,0.0,0.0,0.0,0,0.0,7.0,0.11827317,0.9929811,0.5,0.8660254,1,0,0,1,8705.0,1,7686.0,1,0.0,1,9049.0,1,6503.0,1,10566.0,1,6345.0,1,5419.0
455,2014-01-06,0.0,0.0,0.0,1.0,1,0.0,1.0,0.23488605,0.9720229,0.5,0.8660254,1,0,0,1,0.0,1,8705.0,1,6498.0,1,0.0,1,0.0,1,11616.0,1,7083.0,1,5649.0
455,2014-01-07,11523.0,651.0,1.0,1.0,0,0.0,2.0,0.23488605,0.9720229,0.5,0.8660254,1,0,0,1,0.0,1,0.0,1,7686.0,1,10229.0,1,0.0,1,0.0,1,10566.0,1,7970.0
455,2014-01-08,7053.0,453.0,1.0,1.0,0,0.0,3.0,0.23488605,0.9720229,0.5,0.8660254,1,0,0,1,11523.0,1,0.0,1,8705.0,1,3900.0,1,9745.0,1,13465.0,1,0.0,1,0.0
455,2014-01-09,6887.0,478.0,1.0,1.0,0,0.0,4.0,0.23488605,0.9720229,0.5,0.8660254,1,0,0,1,7053.0,1,11523.0,1,0.0,1,0.0,1,9049.0,1,6503.0,1,10213.0,1,7412.0
455,2014-01-10,7651.0,469.0,1.0,1.0,0,0.0,5.0,0.23488605,0.9720229,0.5,0.8660254,1,0,0,1,6887.0,1,7053.0,1,0.0,1,6498.0,1,0.0,1,0.0,1,9175.0,1,5626.0
455,2014-01-11,8111.0,509.0,1.0,0.0,0,0.0,6.0,0.23488605,0.9720229,0.5,0.8660254,1,0,0,1,7651.0,1,6887.0,1,11523.0,1,7686.0,1,10229.0,1,0.0,1,11523.0,1,6612.0
455,2014-01-12,0.0,0.0,0.0,0.0,0,0.0,7.0,0.23488605,0.9720229,0.5,0.8660254,1,0,0,1,8111.0,1,7651.0,1,7053.0,1,8705.0,1,3900.0,1,9745.0,1,9900.0,1,6004.0
455,2014-01-13,5191.0,353.0,1.0,0.0,0,0.0,1.0,0.34820163,0.93741965,0.5,0.8660254,1,0,0,1,0.0,1,8111.0,1,6887.0,1,0.0,1,0.0,1,9049.0,1,10566.0,1,6668.0
455,2014-01-14,4897.0,340.0,1.0,0.0,0,0.0,2.0,0.34820163,0.93741965,0.5,0.8660254,1,0,0,1,5191.0,1,0.0,1,7651.0,1,0.0,1,6498.0,1,0.0,1,11616.0,1,7963.0
455,2014-01-15,4906.0,317.0,1.0,0.0,0,0.0,3.0,0.34820163,0.93741965,0.5,0.8660254,1,0,0,1,4897.0,1,5191.0,1,8111.0,1,11523.0,1,7686.0,1,10229.0,1,0.0,1,0.0
455,2014-01-16,4151.0,301.0,1.0,0.0,0,0.0,4.0,0.34820163,0.93741965,0.5,0.8660254,1,0,0,1,4906.0,1,4897.0,1,0.0,1,7053.0,1,8705.0,1,3900.0,1,13465.0,1,6033.0
455,2014-01-17,6520.0,416.0,1.0,0.0,0,0.0,5.0,0.34820163,0.93741965,0.5,0.8660254,1,0,0,1,4151.0,1,4906.0,1,5191.0,1,6887.0,1,0.0,1,0.0,1,6503.0,1,5228.0
455,2014-01-18,7661.0,491.0,1.0,0.0,0,0.0,6.0,0.34820163,0.93741965,0.5,0.8660254,1,0,0,1,6520.0,1,4151.0,1,4897.0,1,7651.0,1,0.0,1,6498.0,1,0.0,1,6435.0
455,2014-01-19,0.0,0.0,0.0,0.0,0,0.0,7.0,0.34820163,0.93741965,0.5,0.8660254,1,0,0,1,7661.0,1,6520.0,1,4906.0,1,8111.0,1,11523.0,1,7686.0,1,0.0,1,6356.0
455,2014-01-20,6875.0,448.0,1.0,1.0,0,0.0,1.0,0.45662925,0.8896571,0.5,0.8660254,1,0,0,1,0.0,1,7661.0,1,4151.0,1,0.0,1,7053.0,1,8705.0,1,9745.0,1,7728.0
455,2014-01-21,6063.0,396.0,1.0,1.0,0,0.0,2.0,0.45662925,0.8896571,0.5,0.8660254,1,0,0,1,6875.0,1,0.0,1,6520.0,1,5191.0,1,6887.0,1,0.0,1,9049.0,1,11322.0
455,2014-01-22,6614.0,408.0,1.0,1.0,0,0.0,3.0,0.45662925,0.8896571,0.5,0.8660254,1,0,0,1,6063.0,1,6875.0,1,7661.0,1,4897.0,1,7651.0,1,0.0,1,0.0,1,0.0
455,2014-01-23,6486.0,386.0,1.0,1.0,0,0.0,4.0,0.45662925,0.8896571,0.5,0.8660254,1,0,0,1,6614.0,1,6063.0,1,0.0,1,4906.0,1,8111.0,1,11523.0,1,10229.0,1,9540.0
455,2014-01-24,7250.0,479.0,1.0,1.0,0,0.0,5.0,0.45662925,0.8896571,0.5,0.8660254,1,0,0,1,6486.0,1,6614.0,1,6875.0,1,4151.0,1,0.0,1,7053.0,1,3900.0,1,8875.0
455,2014-01-25,7694.0,491.0,1.0,0.0,0,0.0,6.0,0.45662925,0.8896571,0.5,0.8660254,1,0,0,1,7250.0,1,6486.0,1,6063.0,1,6520.0,1,5191.0,1,6887.0,1,0.0,1,9297.0
455,2014-01-26,0.0,0.0,0.0,0.0,0,0.0,7.0,0.45662925,0.8896571,0.5,0.8660254,1,0,0,1,7694.0,1,7250.0,1,6614.0,1,7661.0,1,4897.0,1,7651.0,1,6498.0,1,9914.0
455,2014-01-27,5266.0,377.0,1.0,0.0,0,0.0,1.0,0.55864674,0.82940567,0.5,0.8660254,1,0,0,1,0.0,1,7694.0,1,6486.0,1,0.0,1,4906.0,1,8111.0,1,7686.0,1,8156.0
455,2014-01-28,4412.0,305.0,1.0,0.0,0,0.0,2.0,0.55864674,0.82940567,0.5,0.8660254,1,0,0,1,5266.0,1,0.0,1,7250.0,1,6875.0,1,4151.0,1,0.0,1,8705.0,1,9446.0
455,2014-01-29,6295.0,392.0,1.0,0.0,0,0.0,3.0,0.55864674,0.82940567,0.5,0.8660254,1,0,0,1,4412.0,1,5266.0,1,7694.0,1,6063.0,1,6520.0,1,5191.0,1,0.0,1,0.0
455,2014-01-30,4857.0,344.0,1.0,0.0,0,0.0,4.0,0.55864674,0.82940567,0.5,0.8660254,1,0,0,1,6295.0,1,4412.0,1,0.0,1,6614.0,1,7661.0,1,4897.0,1,0.0,1,6262.0
455,2014-01-31,7531.0,464.0,1.0,0.0,0,0.0,5.0,0.55864674,0.82940567,0.5,0.8660254,1,0,1,1,4857.0,1,6295.0,1,5266.0,1,6486.0,1,0.0,1,4906.0,1,11523.0,1,4946.0
455,2014-02-01,9834.0,580.0,1.0,0.0,0,0.0,6.0,0.55864674,0.82940567,0.8660254,0.5,1,1,0,1,7531.0,1,4857.0,1,4412.0,1,7250.0,1,6875.0,1,4151.0,1,7053.0,1,6480.0
455,2014-02-02,0.0,0.0,0.0,0.0,0,0.0,7.0,0.55864674,0.82940567,0.8660254,0.5,1,0,0,1,9834.0,1,7531.0,1,6295.0,1,7694.0,1,6063.0,1,6520.0,1,6887.0,1,6345.0
455,2014-02-03,7478.0,442.0,1.0,1.0,0,0.0,1.0,0.65282214,0.75751126,0.8660254,0.5,1,0,0,1,0.0,1,9834.0,1,4857.0,1,0.0,1,6614.0,1,7661.0,1,7651.0,1,7083.0
455,2014-02-04,7461.0,446.0,1.0,1.0,0,0.0,2.0,0.65282214,0.75751126,0.8660254,0.5,1,0,0,1,7478.0,1,0.0,1,7531.0,1,5266.0,1,6486.0,1,0.0,1,8111.0,1,10566.0
455,2014-02-05,8202.0,460.0,1.0,1.0,0,0.0,3.0,0.65282214,0.75751126,0.8660254,0.5,1,0,0,1,7461.0,1,7478.0,1,9834.0,1,4412.0,1,7250.0,1,6875.0,1,0.0,1,0.0
455,2014-02-06,7292.0,452.0,1.0,1.0,0,0.0,4.0,0.65282214,0.75751126,0.8660254,0.5,1,0,0,1,8202.0,1,7461.0,1,0.0,1,6295.0,1,7694.0,1,6063.0,1,5191.0,1,10213.0
455,2014-02-07,8401.0,496.0,1.0,1.0,0,0.0,5.0,0.65282214,0.75751126,0.8660254,0.5,1,0,0,1,7292.0,1,8202.0,1,7478.0,1,4857.0,1,0.0,1,6614.0,1,4897.0,1,9175.0
455,2014-02-08,9728.0,594.0,1.0,0.0,0,0.0,6.0,0.65282214,0.75751126,0.8660254,0.5,1,0,0,1,8401.0,1,7292.0,1,7461.0,1,7531.0,1,5266.0,1,6486.0,1,4906.0,1,11523.0
455,2014-02-09,0.0,0.0,0.0,0.0,0,0.0,7.0,0.65282214,0.75751126,0.8660254,0.5,1,0,0,1,9728.0,1,8401.0,1,8202.0,1,9834.0,1,4412.0,1,7250.0,1,4151.0,1,9900.0
455,2014-02-10,5212.0,377.0,1.0,0.0,0,0.0,1.0,0.73783326,0.674983,0.8660254,0.5,1,0,0,1,0.0,1,9728.0,1,7292.0,1,0.0,1,6295.0,1,7694.0,1,6520.0,1,10566.0
455,2014-02-11,4867.0,367.0,1.0,0.0,0,0.0,2.0,0.73783326,0.674983,0.8660254,0.5,1,0,0,1,5212.0,1,0.0,1,8401.0,1,7478.0,1,4857.0,1,0.0,1,7661.0,1,11616.0
455,2014-02-12,6116.0,405.0,1.0,0.0,0,0.0,3.0,0.73783326,0.674983,0.8660254,0.5,1,0,0,1,4867.0,1,5212.0,1,9728.0,1,7461.0,1,7531.0,1,5266.0,1,0.0,1,0.0
455,2014-02-13,4627.0,338.0,1.0,0.0,0,0.0,4.0,0.73783326,0.674983,0.8660254,0.5,1,0,0,1,6116.0,1,4867.0,1,0.0,1,8202.0,1,9834.0,1,4412.0,1,6875.0,1,13465.0
455,2014-02-14,6018.0,423.0,1.0,0.0,0,0.0,5.0,0.73783326,0.674983,0.8660254,0.5,1,0,0,1,4627.0,1,6116.0,1,5212.0,1,7292.0,1,0.0,1,6295.0,1,6063.0,1,6503.0
455,2014-02-15,8434.0,510.0,1.0,0.0,0,0.0,6.0,0.73783326,0.674983,0.8660254,0.5,1,0,0,1,6018.0,1,4627.0,1,4867.0,1,8401.0,1,7478.0,1,4857.0,1,6614.0,1,0.0
455,2014-02-16,0.0,0.0,0.0,0.0,0,0.0,7.0,0.73783326,0.674983,0.8660254,0.5,1,0,0,1,8434.0,1,6018.0,1,6116.0,1,9728.0,1,7461.0,1,7531.0,1,6486.0,1,0.0
455,2014-02-17,7675.0,460.0,1.0,1.0,0,0.0,1.0,0.8124869,0.5829795,0.8660254,0.5,1,0,0,1,0.0,1,8434.0,1,4627.0,1,0.0,1,8202.0,1,9834.0,1,7250.0,1,9745.0
455,2014-02-18,5425.0,378.0,1.0,1.0,0,0.0,2.0,0.8124869,0.5829795,0.8660254,0.5,1,0,0,1,7675.0,1,0.0,1,6018.0,1,5212.0,1,7292.0,1,0.0,1,7694.0,1,9049.0
455,2014-02-19,7355.0,468.0,1.0,1.0,0,0.0,3.0,0.8124869,0.5829795,0.8660254,0.5,1,0,0,1,5425.0,1,7675.0,1,8434.0,1,4867.0,1,8401.0,1,7478.0,1,0.0,1,0.0
455,2014-02-20,5902.0,419.0,1.0,1.0,0,0.0,4.0,0.8124869,0.5829795,0.8660254,0.5,1,0,0,1,7355.0,1,5425.0,1,0.0,1,6116.0,1,9728.0,1,7461.0,1,5266.0,1,10229.0
455,2014-02-21,7527.0,517.0,1.0,1.0,0,0.0,5.0,0.8124869,0.5829795,0.8660254,0.5,1,0,0,1,5902.0,1,7355.0,1,7675.0,1,4627.0,1,0.0,1,8202.0,1,4412.0,1,3900.0
455,2014-02-22,9372.0,560.0,1.0,0.0,0,0.0,6.0,0.8124869,0.5829795,0.8660254,0.5,1,0,0,1,7527.0,1,5902.0,1,5425.0,1,6018.0,1,5212.0,1,7292.0,1,6295.0,1,0.0
455,2014-02-23,0.0,0.0,0.0,0.0,0,0.0,7.0,0.8124869,0.5829795,0.8660254,0.5,1,0,0,1,9372.0,1,7527.0,1,7355.0,1,8434.0,1,4867.0,1,8401.0,1,4857.0,1,6498.0
455,2014-02-24,5656.0,373.0,1.0,0.0,0,0.0,1.0,0.8757349,0.4827922,0.8660254,0.5,1,0,0,1,0.0,1,9372.0,1,5902.0,1,0.0,1,6116.0,1,9728.0,1,7531.0,1,7686.0
455,2014-02-25,4967.0,359.0,1.0,0.0,0,0.0,2.0,0.8757349,0.4827922,0.8660254,0.5,1,0,0,1,5656.0,1,0.0,1,7527.0,1,7675.0,1,4627.0,1,0.0,1,9834.0,1,8705.0
455,2014-02-26,5378.0,372.0,1.0,0.0,0,0.0,3.0,0.8757349,0.4827922,0.8660254,0.5,1,0,0,1,4967.0,1,5656.0,1,9372.0,1,5425.0,1,6018.0,1,5212.0,1,0.0,1,0.0
455,2014-02-27,5981.0,413.0,1.0,0.0,0,0.0,4.0,0.8757349,0.4827922,0.8660254,0.5,1,0,0,1,5378.0,1,4967.0,1,0.0,1,7355.0,1,8434.0,1,4867.0,1,7478.0,1,0.0
455,2014-02-28,8027.0,468.0,1.0,0.0,0,0.0,5.0,0.8757349,0.4827922,0.8660254,0.5,1,0,1,1,5981.0,1,5378.0,1,5656.0,1,5902.0,1,0.0,1,6116.0,1,7461.0,1,11523.0
455,2014-03-01,9879.0,592.0,1.0,0.0,0,0.0,6.0,0.8757349,0.4827922,1.0,6.123234e-17,1,1,0,1,8027.0,1,5981.0,1,4967.0,1,7527.0,1,7675.0,1,4627.0,1,8202.0,1,7053.0
455,2014-03-02,0.0,0.0,0.0,0.0,0,0.0,7.0,0.8757349,0.4827922,1.0,6.123234e-17,1,0,0,1,9879.0,1,8027.0,1,5378.0,1,9372.0,1,5425.0,1,6018.0,1,7292.0,1,6887.0
455,2014-03-03,6630.0,379.0,1.0,1.0,0,0.0,1.0,0.9266896,0.37582758,1.0,6.123234e-17,1,0,0,1,0.0,1,9879.0,1,5981.0,1,0.0,1,7355.0,1,8434.0,1,8401.0,1,7651.0
455,2014-03-04,6738.0,394.0,1.0,1.0,0,0.0,2.0,0.9266896,0.37582758,1.0,6.123234e-17,1,0,0,1,6630.0,1,0.0,1,8027.0,1,5656.0,1,5902.0,1,0.0,1,9728.0,1,8111.0
455,2014-03-05,9462.0,540.0,1.0,1.0,0,0.0,3.0,0.9266896,0.37582758,1.0,6.123234e-17,1,0,0,1,6738.0,1,6630.0,1,9879.0,1,4967.0,1,7527.0,1,7675.0,1,0.0,1,0.0
455,2014-03-06,7972.0,521.0,1.0,1.0,0,0.0,4.0,0.9266896,0.37582758,1.0,6.123234e-17,1,0,0,1,9462.0,1,6738.0,1,0.0,1,5378.0,1,9372.0,1,5425.0,1,5212.0,1,5191.0
455,2014-03-07,7980.0,517.0,1.0,1.0,0,0.0,5.0,0.9266896,0.37582758,1.0,6.123234e-17,1,0,0,1,7972.0,1,9462.0,1,6630.0,1,5981.0,1,0.0,1,7355.0,1,4867.0,1,4897.0
455,2014-03-08,8606.0,533.0,1.0,0.0,0,0.0,6.0,0.9266896,0.37582758,1.0,6.123234e-17,1,0,0,1,7980.0,1,7972.0,1,6738.0,1,8027.0,1,5656.0,1,5902.0,1,6116.0,1,4906.0
455,2014-03-09,0.0,0.0,0.0,0.0,0,0.0,7.0,0.9266896,0.37582758,1.0,6.123234e-17,1,0,0,1,8606.0,1,7980.0,1,9462.0,1,9879.0,1,4967.0,1,7527.0,1,4627.0,1,4151.0
455,2014-03-10,4951.0,366.0,1.0,0.0,0,0.0,1.0,0.9646356,0.26358718,1.0,6.123234e-17,1,0,0,1,0.0,1,8606.0,1,7972.0,1,0.0,1,5378.0,1,9372.0,1,6018.0,1,6520.0
455,2014-03-11,5871.0,347.0,1.0,0.0,0,0.0,2.0,0.9646356,0.26358718,1.0,6.123234e-17,1,0,0,1,4951.0,1,0.0,1,7980.0,1,6630.0,1,5981.0,1,0.0,1,8434.0,1,7661.0
455,2014-03-12,5678.0,394.0,1.0,0.0,0,0.0,3.0,0.9646356,0.26358718,1.0,6.123234e-17,1,0,0,1,5871.0,1,4951.0,1,8606.0,1,6738.0,1,8027.0,1,5656.0,1,0.0,1,0.0
455,2014-03-13,5037.0,374.0,1.0,0.0,0,0.0,4.0,0.9646356,0.26358718,1.0,6.123234e-17,1,0,0,1,5678.0,1,5871.0,1,0.0,1,9462.0,1,9879.0,1,4967.0,1,7675.0,1,6875.0
455,2014-03-14,6250.0,390.0,1.0,0.0,0,0.0,5.0,0.9646356,0.26358718,1.0,6.123234e-17,1,0,0,1,5037.0,1,5678.0,1,4951.0,1,7972.0,1,0.0,1,5378.0,1,5425.0,1,6063.0
455,2014-03-15,7215.0,492.0,1.0,0.0,0,0.0,6.0,0.9646356,0.26358718,1.0,6.123234e-17,1,0,0,1,6250.0,1,5037.0,1,5871.0,1,7980.0,1,6630.0,1,5981.0,1,7355.0,1,6614.0
455,2014-03-16,0.0,0.0,0.0,0.0,0,0.0,7.0,0.9646356,0.26358718,1.0,6.123234e-17,1,0,0,1,7215.0,1,6250.0,1,5678.0,1,8606.0,1,6738.0,1,8027.0,1,5902.0,1,6486.0
455,2014-03-17,7187.0,470.0,1.0,1.0,0,0.0,1.0,0.9890402,0.14764656,1.0,6.123234e-17,1,0,0,1,0.0,1,7215.0,1,5037.0,1,0.0,1,9462.0,1,9879.0,1,7527.0,1,7250.0
455,2014-03-18,5806.0,372.0,1.0,1.0,0,0.0,2.0,0.9890402,0.14764656,1.0,6.123234e-17,1,0,0,1,7187.0,1,0.0,1,6250.0,1,4951.0,1,7972.0,1,0.0,1,9372.0,1,7694.0
455,2014-03-19,6943.0,461.0,1.0,1.0,0,0.0,3.0,0.9890402,0.14764656,1.0,6.123234e-17,1,0,0,1,5806.0,1,7187.0,1,7215.0,1,5871.0,1,7980.0,1,6630.0,1,0.0,1,0.0
455,2014-03-20,6526.0,418.0,1.0,1.0,0,0.0,4.0,0.9890402,0.14764656,1.0,6.123234e-17,1,0,0,1,6943.0,1,5806.0,1,0.0,1,5678.0,1,8606.0,1,6738.0,1,5656.0,1,5266.0
455,2014-03-21,6573.0,453.0,1.0,1.0,0,0.0,5.0,0.9890402,0.14764656,1.0,6.123234e-17,1,0,0,1,6526.0,1,6943.0,1,7187.0,1,5037.0,1,0.0,1,9462.0,1,4967.0,1,4412.0
455,2014-03-22,9024.0,576.0,1.0,0.0,0,0.0,6.0,0.9890402,0.14764656,1.0,6.123234e-17,1,0,0,1,6573.0,1,6526.0,1,5806.0,1,6250.0,1,4951.0,1,7972.0,1,5378.0,1,6295.0
455,2014-03-23,0.0,0.0,0.0,0.0,0,0.0,7.0,0.9890402,0.14764656,1.0,6.123234e-17,1,0,0,1,9024.0,1,6573.0,1,6943.0,1,7215.0,1,5871.0,1,7980.0,1,5981.0,1,4857.0
455,2014-03-24,6295.0,394.0,1.0,0.0,0,0.0,1.0,0.99956083,0.029633328,1.0,6.123234e-17,1,0,0,1,0.0,1,9024.0,1,6526.0,1,0.0,1,5678.0,1,8606.0,1,8027.0,1,7531.0
455,2014-03-25,4559.0,330.0,1.0,0.0,0,0.0,2.0,0.99956083,0.029633328,1.0,6.123234e-17,1,0,0,1,6295.0,1,0.0,1,6573.0,1,7187.0,1,5037.0,1,0.0,1,9879.0,1,9834.0
455,2014-03-26,5458.0,377.0,1.0,0.0,0,0.0,3.0,0.99956083,0.029633328,1.0,6.123234e-17,1,0,0,1,4559.0,1,6295.0,1,9024.0,1,5806.0,1,6250.0,1,4951.0,1,0.0,1,0.0
455,2014-03-27,5115.0,344.0,1.0,0.0,0,0.0,4.0,0.99956083,0.029633328,1.0,6.123234e-17,1,0,0,1,5458.0,1,4559.0,1,0.0,1,6943.0,1,7215.0,1,5871.0,1,6630.0,1,7478.0
455,2014-03-28,6413.0,405.0,1.0,0.0,0,0.0,5.0,0.99956083,0.029633328,1.0,6.123234e-17,1,0,0,1,5115.0,1,5458.0,1,6295.0,1,6526.0,1,0.0,1,5678.0,1,6738.0,1,7461.0
455,2014-03-29,8244.0,533.0,1.0,0.0,0,0.0,6.0,0.99956083,0.029633328,1.0,6.123234e-17,1,0,0,1,6413.0,1,5115.0,1,4559.0,1,6573.0,1,7187.0,1,5037.0,1,9462.0,1,8202.0
455,2014-03-30,0.0,0.0,0.0,0.0,0,0.0,7.0,0.99956083,0.029633328,1.0,6.123234e-17,1,0,0,1,8244.0,1,6413.0,1,5458.0,1,9024.0,1,5806.0,1,6250.0,1,7972.0,1,7292.0
455,2014-03-31,7970.0,476.0,1.0,1.0,0,0.0,1.0,0.9960498,-0.08879589,1.0,6.123234e-17,1,0,1,1,0.0,1,8244.0,1,5115.0,1,0.0,1,6943.0,1,7215.0,1,7980.0,1,8401.0
455,2014-04-01,7605.0,452.0,1.0,1.0,0,0.0,2.0,0.9960498,-0.08879589,0.8660254,-0.5,2,1,0,1,7970.0,1,0.0,1,6413.0,1,6295.0,1,6526.0,1,0.0,1,8606.0,1,9728.0
455,2014-04-02,7953.0,507.0,1.0,1.0,0,0.0,3.0,0.9960498,-0.08879589,0.8660254,-0.5,2,0,0,1,7605.0,1,7970.0,1,8244.0,1,4559.0,1,6573.0,1,7187.0,1,0.0,1,0.0
455,2014-04-03,7229.0,473.0,1.0,1.0,0,0.0,4.0,0.9960498,-0.08879589,0.8660254,-0.5,2,0,0,1,7953.0,1,7605.0,1,0.0,1,5458.0,1,9024.0,1,5806.0,1,4951.0,1,5212.0
455,2014-04-04,9196.0,528.0,1.0,1.0,0,0.0,5.0,0.9960498,-0.08879589,0.8660254,-0.5,2,0,0,1,7229.0,1,7953.0,1,7970.0,1,5115.0,1,0.0,1,6943.0,1,5871.0,1,4867.0
455,2014-04-05,9808.0,585.0,1.0,0.0,0,0.0,6.0,0.9960498,-0.08879589,0.8660254,-0.5,2,0,0,1,9196.0,1,7229.0,1,7605.0,1,6413.0,1,6295.0,1,6526.0,1,5678.0,1,6116.0
455,2014-04-06,0.0,0.0,0.0,0.0,0,0.0,7.0,0.9960498,-0.08879589,0.8660254,-0.5,2,0,0,1,9808.0,1,9196.0,1,7953.0,1,8244.0,1,4559.0,1,6573.0,1,5037.0,1,4627.0
455,2014-04-07,6299.0,415.0,1.0,0.0,0,0.0,1.0,0.9785565,-0.20597862,0.8660254,-0.5,2,0,0,1,0.0,1,9808.0,1,7229.0,1,0.0,1,5458.0,1,9024.0,1,6250.0,1,6018.0
455,2014-04-08,5740.0,370.0,1.0,0.0,0,0.0,2.0,0.9785565,-0.20597862,0.8660254,-0.5,2,0,0,1,6299.0,1,0.0,1,9196.0,1,7970.0,1,5115.0,1,0.0,1,7215.0,1,8434.0
455,2014-04-09,6360.0,425.0,1.0,0.0,0,0.0,3.0,0.9785565,-0.20597862,0.8660254,-0.5,2,0,0,1,5740.0,1,6299.0,1,9808.0,1,7605.0,1,6413.0,1,6295.0,1,0.0,1,0.0
455,2014-04-10,4745.0,378.0,1.0,0.0,0,0.0,4.0,0.9785565,-0.20597862,0.8660254,-0.5,2,0,0,1,6360.0,1,5740.0,1,0.0,1,7953.0,1,8244.0,1,4559.0,1,7187.0,1,7675.0
455,2014-04-11,6408.0,430.0,1.0,0.0,0,0.0,5.0,0.9785565,-0.20597862,0.8660254,-0.5,2,0,0,1,4745.0,1,6360.0,1,6299.0,1,7229.0,1,0.0,1,5458.0,1,5806.0,1,5425.0
455,2014-04-12,8455.0,529.0,1.0,0.0,0,0.0,6.0,0.9785565,-0.20597862,0.8660254,-0.5,2,0,0,1,6408.0,1,4745.0,1,5740.0,1,9196.0,1,7970.0,1,5115.0,1,6943.0,1,7355.0
455,2014-04-13,0.0,0.0,0.0,0.0,0,0.0,7.0,0.9785565,-0.20597862,0.8660254,-0.5,2,0,0,1,8455.0,1,6408.0,1,6360.0,1,9808.0,1,7605.0,1,6413.0,1,6526.0,1,5902.0
455,2014-04-14,8935.0,512.0,1.0,1.0,0,1.0,1.0,0.94732636,-0.32026985,0.8660254,-0.5,2,0,0,1,0.0,1,8455.0,1,4745.0,1,0.0,1,7953.0,1,8244.0,1,6573.0,1,7527.0
455,2014-04-15,8758.0,515.0,1.0,1.0,0,1.0,2.0,0.94732636,-0.32026985,0.8660254,-0.5,2,0,0,1,8935.0,1,0.0,1,6408.0,1,6299.0,1,7229.0,1,0.0,1,9024.0,1,9372.0
455,2014-04-16,10445.0,628.0,1.0,1.0,0,1.0,3.0,0.94732636,-0.32026985,0.8660254,-0.5,2,0,0,1,8758.0,1,8935.0,1,8455.0,1,5740.0,1,9196.0,1,7970.0,1,0.0,1,0.0
455,2014-04-17,8564.0,603.0,1.0,1.0,0,1.0,4.0,0.94732636,-0.32026985,0.8660254,-0.5,2,0,0,1,10445.0,1,8758.0,1,0.0,1,6360.0,1,9808.0,1,7605.0,1,6295.0,1,5656.0
455,2014-04-18,0.0,0.0,0.0,1.0,2,1.0,5.0,0.94732636,-0.32026985,0.8660254,-0.5,2,0,0,1,8564.0,1,10445.0,1,8935.0,1,4745.0,1,0.0,1,7953.0,1,4559.0,1,4967.0
455,2014-04-19,10650.0,750.0,1.0,0.0,0,0.0,6.0,0.94732636,-0.32026985,0.8660254,-0.5,2,0,0,1,0.0,1,8564.0,1,8758.0,1,6408.0,1,6299.0,1,7229.0,1,5458.0,1,5378.0
455,2014-04-20,0.0,0.0,0.0,0.0,0,0.0,7.0,0.94732636,-0.32026985,0.8660254,-0.5,2,0,0,1,10650.0,1,0.0,1,10445.0,1,8455.0,1,5740.0,1,9196.0,1,5115.0,1,5981.0
455,2014-04-21,0.0,0.0,0.0,0.0,2,1.0,1.0,0.9027978,-0.4300652,0.8660254,-0.5,2,0,0,1,0.0,1,10650.0,1,8564.0,1,0.0,1,6360.0,1,9808.0,1,6413.0,1,8027.0
455,2014-04-22,6284.0,423.0,1.0,0.0,0,1.0,2.0,0.9027978,-0.4300652,0.8660254,-0.5,2,0,0,1,0.0,1,0.0,1,0.0,1,8935.0,1,4745.0,1,0.0,1,8244.0,1,9879.0
455,2014-04-23,5730.0,416.0,1.0,0.0,0,1.0,3.0,0.9027978,-0.4300652,0.8660254,-0.5,2,0,0,1,6284.0,1,0.0,1,10650.0,1,8758.0,1,6408.0,1,6299.0,1,0.0,1,0.0
455,2014-04-24,5702.0,392.0,1.0,0.0,0,1.0,4.0,0.9027978,-0.4300652,0.8660254,-0.5,2,0,0,1,5730.0,1,6284.0,1,0.0,1,10445.0,1,8455.0,1,5740.0,1,7970.0,1,6630.0
455,2014-04-25,6470.0,408.0,1.0,0.0,0,1.0,5.0,0.9027978,-0.4300652,0.8660254,-0.5,2,0,0,1,5702.0,1,5730.0,1,0.0,1,8564.0,1,0.0,1,6360.0,1,7605.0,1,6738.0
455,2014-04-26,8176.0,550.0,1.0,0.0,0,0.0,6.0,0.9027978,-0.4300652,0.8660254,-0.5,2,0,0,1,6470.0,1,5702.0,1,6284.0,1,0.0,1,8935.0,1,4745.0,1,7953.0,1,9462.0
455,2014-04-27,0.0,0.0,0.0,0.0,0,0.0,7.0,0.9027978,-0.4300652,0.8660254,-0.5,2,0,0,1,8176.0,1,6470.0,1,5730.0,1,10650.0,1,8758.0,1,6408.0,1,7229.0,1,7972.0
455,2014-04-28,8373.0,515.0,1.0,1.0,0,0.0,1.0,0.845596,-0.5338234,0.8660254,-0.5,2,0,0,1,0.0,1,8176.0,1,5702.0,1,0.0,1,10445.0,1,8455.0,1,9196.0,1,7980.0
455,2014-04-29,7605.0,466.0,1.0,1.0,0,0.0,2.0,0.845596,-0.5338234,0.8660254,-0.5,2,0,0,1,8373.0,1,0.0,1,6470.0,1,0.0,1,8564.0,1,0.0,1,9808.0,1,8606.0
455,2014-04-30,9861.0,594.0,1.0,1.0,0,0.0,3.0,0.845596,-0.5338234,0.8660254,-0.5,2,0,1,1,7605.0,1,8373.0,1,8176.0,1,6284.0,1,0.0,1,8935.0,1,0.0,1,0.0
455,2014-05-01,0.0,0.0,0.0,1.0,1,0.0,4.0,0.845596,-0.5338234,0.5,-0.8660254,2,1,0,1,9861.0,1,7605.0,1,0.0,1,5730.0,1,10650.0,1,8758.0,1,6299.0,1,4951.0
455,2014-05-02,12481.0,707.0,1.0,1.0,0,0.0,5.0,0.845596,-0.5338234,0.5,-0.8660254,2,0,0,1,0.0,1,9861.0,1,8373.0,1,5702.0,1,0.0,1,10445.0,1,5740.0,1,5871.0
455,2014-05-03,9088.0,593.0,1.0,0.0,0,0.0,6.0,0.845596,-0.5338234,0.5,-0.8660254,2,0,0,1,12481.0,1,0.0,1,7605.0,1,6470.0,1,0.0,1,8564.0,1,6360.0,1,5678.0
455,2014-05-04,0.0,0.0,0.0,0.0,0,0.0,7.0,0.845596,-0.5338234,0.5,-0.8660254,2,0,0,1,9088.0,1,12481.0,1,9861.0,1,8176.0,1,6284.0,1,0.0,1,4745.0,1,5037.0
455,2014-05-05,9082.0,536.0,1.0,1.0,0,0.0,1.0,0.7765239,-0.63008785,0.5,-0.8660254,2,0,0,1,0.0,1,9088.0,1,0.0,1,0.0,1,5730.0,1,10650.0,1,6408.0,1,6250.0
455,2014-05-06,9031.0,523.0,1.0,1.0,0,0.0,2.0,0.7765239,-0.63008785,0.5,-0.8660254,2,0,0,1,9082.0,1,0.0,1,12481.0,1,8373.0,1,5702.0,1,0.0,1,8455.0,1,7215.0
455,2014-05-07,7924.0,511.0,1.0,1.0,0,0.0,3.0,0.7765239,-0.63008785,0.5,-0.8660254,2,0,0,1,9031.0,1,9082.0,1,9088.0,1,7605.0,1,6470.0,1,0.0,1,0.0,1,0.0
455,2014-05-08,10958.0,646.0,1.0,1.0,0,0.0,4.0,0.7765239,-0.63008785,0.5,-0.8660254,2,0,0,1,7924.0,1,9031.0,1,0.0,1,9861.0,1,8176.0,1,6284.0,1,8935.0,1,7187.0
455,2014-05-09,8426.0,533.0,1.0,1.0,0,0.0,5.0,0.7765239,-0.63008785,0.5,-0.8660254,2,0,0,1,10958.0,1,7924.0,1,9082.0,1,0.0,1,0.0,1,5730.0,1,8758.0,1,5806.0
455,2014-05-10,8931.0,591.0,1.0,0.0,0,0.0,6.0,0.7765239,-0.63008785,0.5,-0.8660254,2,0,0,1,8426.0,1,10958.0,1,9031.0,1,12481.0,1,8373.0,1,5702.0,1,10445.0,1,6943.0
455,2014-05-11,0.0,0.0,0.0,0.0,0,0.0,7.0,0.7765239,-0.63008785,0.5,-0.8660254,2,0,0,1,8931.0,1,8426.0,1,7924.0,1,9088.0,1,7605.0,1,6470.0,1,8564.0,1,6526.0
455,2014-05-12,5101.0,383.0,1.0,0.0,0,0.0,1.0,0.696551,-0.71750724,0.5,-0.8660254,2,0,0,1,0.0,1,8931.0,1,10958.0,1,0.0,1,9861.0,1,8176.0,1,0.0,1,6573.0
455,2014-05-13,4976.0,362.0,1.0,0.0,0,0.0,2.0,0.696551,-0.71750724,0.5,-0.8660254,2,0,0,1,5101.0,1,0.0,1,8426.0,1,9082.0,1,0.0,1,0.0,1,10650.0,1,9024.0
455,2014-05-14,5206.0,357.0,1.0,0.0,0,0.0,3.0,0.696551,-0.71750724,0.5,-0.8660254,2,0,0,1,4976.0,1,5101.0,1,8931.0,1,9031.0,1,12481.0,1,8373.0,1,0.0,1,0.0
455,2014-05-15,4448.0,325.0,1.0,0.0,0,0.0,4.0,0.696551,-0.71750724,0.5,-0.8660254,2,0,0,1,5206.0,1,4976.0,1,0.0,1,7924.0,1,9088.0,1,7605.0,1,0.0,1,6295.0
455,2014-05-16,5956.0,416.0,1.0,0.0,0,0.0,5.0,0.696551,-0.71750724,0.5,-0.8660254,2,0,0,1,4448.0,1,5206.0,1,5101.0,1,10958.0,1,0.0,1,9861.0,1,6284.0,1,4559.0
455,2014-05-17,7058.0,495.0,1.0,0.0,0,0.0,6.0,0.696551,-0.71750724,0.5,-0.8660254,2,0,0,1,5956.0,1,4448.0,1,4976.0,1,8426.0,1,9082.0,1,0.0,1,5730.0,1,5458.0
455,2014-05-18,0.0,0.0,0.0,0.0,0,0.0,7.0,0.696551,-0.71750724,0.5,-0.8660254,2,0,0,1,7058.0,1,5956.0,1,5206.0,1,8931.0,1,9031.0,1,12481.0,1,5702.0,1,5115.0
455,2014-05-19,6800.0,434.0,1.0,1.0,0,0.0,1.0,0.60680014,-0.79485446,0.5,-0.8660254,2,0,0,1,0.0,1,7058.0,1,4448.0,1,0.0,1,7924.0,1,9088.0,1,6470.0,1,6413.0
455,2014-05-20,5980.0,403.0,1.0,1.0,0,0.0,2.0,0.60680014,-0.79485446,0.5,-0.8660254,2,0,0,1,6800.0,1,0.0,1,5956.0,1,5101.0,1,10958.0,1,0.0,1,8176.0,1,8244.0
455,2014-05-21,7099.0,465.0,1.0,1.0,0,0.0,3.0,0.60680014,-0.79485446,0.5,-0.8660254,2,0,0,1,5980.0,1,6800.0,1,7058.0,1,4976.0,1,8426.0,1,9082.0,1,0.0,1,0.0
455,2014-05-22,5563.0,383.0,1.0,1.0,0,0.0,4.0,0.60680014,-0.79485446,0.5,-0.8660254,2,0,0,1,7099.0,1,5980.0,1,0.0,1,5206.0,1,8931.0,1,9031.0,1,8373.0,1,7970.0
455,2014-05-23,6908.0,452.0,1.0,1.0,0,0.0,5.0,0.60680014,-0.79485446,0.5,-0.8660254,2,0,0,1,5563.0,1,7099.0,1,6800.0,1,4448.0,1,0.0,1,7924.0,1,7605.0,1,7605.0
455,2014-05-24,7204.0,496.0,1.0,0.0,0,0.0,6.0,0.60680014,-0.79485446,0.5,-0.8660254,2,0,0,1,6908.0,1,5563.0,1,5980.0,1,5956.0,1,5101.0,1,10958.0,1,9861.0,1,7953.0
455,2014-05-25,0.0,0.0,0.0,0.0,0,0.0,7.0,0.60680014,-0.79485446,0.5,-0.8660254,2,0,0,1,7204.0,1,6908.0,1,7099.0,1,7058.0,1,4976.0,1,8426.0,1,0.0,1,7229.0
455,2014-05-26,6186.0,395.0,1.0,0.0,0,0.0,1.0,0.5085311,-0.86104363,0.5,-0.8660254,2,0,0,1,0.0,1,7204.0,1,5563.0,1,0.0,1,5206.0,1,8931.0,1,12481.0,1,9196.0
455,2014-05-27,5294.0,346.0,1.0,0.0,0,0.0,2.0,0.5085311,-0.86104363,0.5,-0.8660254,2,0,0,1,6186.0,1,0.0,1,6908.0,1,6800.0,1,4448.0,1,0.0,1,9088.0,1,9808.0
455,2014-05-28,8756.0,549.0,1.0,0.0,0,0.0,3.0,0.5085311,-0.86104363,0.5,-0.8660254,2,0,0,1,5294.0,1,6186.0,1,7204.0,1,5980.0,1,5956.0,1,5101.0,1,0.0,1,0.0
455,2014-05-29,0.0,0.0,0.0,0.0,1,0.0,4.0,0.5085311,-0.86104363,0.5,-0.8660254,2,0,0,1,8756.0,1,5294.0,1,0.0,1,7099.0,1,7058.0,1,4976.0,1,9082.0,1,6299.0
455,2014-05-30,10283.0,592.0,1.0,0.0,0,0.0,5.0,0.5085311,-0.86104363,0.5,-0.8660254,2,0,0,1,0.0,1,8756.0,1,6186.0,1,5563.0,1,0.0,1,5206.0,1,9031.0,1,5740.0
455,2014-05-31,9714.0,598.0,1.0,0.0,0,0.0,6.0,0.5085311,-0.86104363,0.5,-0.8660254,2,0,1,1,10283.0,1,0.0,1,5294.0,1,6908.0,1,6800.0,1,4448.0,1,7924.0,1,6360.0
455,2014-06-01,0.0,0.0,0.0,0.0,0,0.0,7.0,0.5085311,-0.86104363,1.2246469e-16,-1.0,2,1,0,1,9714.0,1,10283.0,1,8756.0,1,7204.0,1,5980.0,1,5956.0,1,10958.0,1,4745.0
455,2014-06-02,9146.0,548.0,1.0,1.0,0,0.0,1.0,0.40312344,-0.91514564,1.2246469e-16,-1.0,2,0,0,1,0.0,1,9714.0,1,0.0,1,0.0,1,7099.0,1,7058.0,1,8426.0,1,6408.0
455,2014-06-03,8024.0,475.0,1.0,1.0,0,0.0,2.0,0.40312344,-0.91514564,1.2246469e-16,-1.0,2,0,0,1,9146.0,1,0.0,1,10283.0,1,6186.0,1,5563.0,1,0.0,1,8931.0,1,8455.0
455,2014-06-04,9419.0,551.0,1.0,1.0,0,0.0,3.0,0.40312344,-0.91514564,1.2246469e-16,-1.0,2,0,0,1,8024.0,1,9146.0,1,9714.0,1,5294.0,1,6908.0,1,6800.0,1,0.0,1,0.0
455,2014-06-05,9601.0,520.0,1.0,1.0,0,0.0,4.0,0.40312344,-0.91514564,1.2246469e-16,-1.0,2,0,0,1,9419.0,1,8024.0,1,0.0,1,8756.0,1,7204.0,1,5980.0,1,5101.0,1,8935.0
455,2014-06-06,9262.0,562.0,1.0,1.0,0,0.0,5.0,0.40312344,-0.91514564,1.2246469e-16,-1.0,2,0,0,1,9601.0,1,9419.0,1,9146.0,1,0.0,1,0.0,1,7099.0,1,4976.0,1,8758.0
455,2014-06-07,9682.0,612.0,1.0,0.0,0,0.0,6.0,0.40312344,-0.91514564,1.2246469e-16,-1.0,2,0,0,1,9262.0,1,9601.0,1,8024.0,1,10283.0,1,6186.0,1,5563.0,1,5206.0,1,10445.0
455,2014-06-08,0.0,0.0,0.0,0.0,0,0.0,7.0,0.40312344,-0.91514564,1.2246469e-16,-1.0,2,0,0,1,9682.0,1,9262.0,1,9419.0,1,9714.0,1,5294.0,1,6908.0,1,4448.0,1,8564.0
455,2014-06-09,0.0,0.0,0.0,0.0,1,0.0,1.0,0.29205677,-0.956401,1.2246469e-16,-1.0,2,0,0,1,0.0,1,9682.0,1,9601.0,1,0.0,1,8756.0,1,7204.0,1,5956.0,1,0.0
455,2014-06-10,6273.0,437.0,1.0,0.0,0,1.0,2.0,0.29205677,-0.956401,1.2246469e-16,-1.0,2,0,0,1,0.0,1,0.0,1,9262.0,1,9146.0,1,0.0,1,0.0,1,7058.0,1,10650.0
455,2014-06-11,6585.0,390.0,1.0,0.0,0,1.0,3.0,0.29205677,-0.956401,1.2246469e-16,-1.0,2,0,0,1,6273.0,1,0.0,1,9682.0,1,8024.0,1,10283.0,1,6186.0,1,0.0,1,0.0
455,2014-06-12,6084.0,394.0,1.0,0.0,0,1.0,4.0,0.29205677,-0.956401,1.2246469e-16,-1.0,2,0,0,1,6585.0,1,6273.0,1,0.0,1,9419.0,1,9714.0,1,5294.0,1,6800.0,1,0.0
455,2014-06-13,7311.0,457.0,1.0,0.0,0,1.0,5.0,0.29205677,-0.956401,1.2246469e-16,-1.0,2,0,0,1,6084.0,1,6585.0,1,0.0,1,9601.0,1,0.0,1,8756.0,1,5980.0,1,6284.0
455,2014-06-14,8139.0,531.0,1.0,0.0,0,0.0,6.0,0.29205677,-0.956401,1.2246469e-16,-1.0,2,0,0,1,7311.0,1,6084.0,1,6273.0,1,9262.0,1,9146.0,1,0.0,1,7099.0,1,5730.0
455,2014-06-15,0.0,0.0,0.0,0.0,0,0.0,7.0,0.29205677,-0.956401,1.2246469e-16,-1.0,2,0,0,1,8139.0,1,7311.0,1,6585.0,1,9682.0,1,8024.0,1,10283.0,1,5563.0,1,5702.0
455,2014-06-16,8313.0,491.0,1.0,1.0,0,1.0,1.0,0.17689027,-0.9842306,1.2246469e-16,-1.0,2,0,0,1,0.0,1,8139.0,1,6084.0,1,0.0,1,9419.0,1,9714.0,1,6908.0,1,6470.0
455,2014-06-17,7790.0,477.0,1.0,1.0,0,1.0,2.0,0.17689027,-0.9842306,1.2246469e-16,-1.0,2,0,0,1,8313.0,1,0.0,1,7311.0,1,0.0,1,9601.0,1,0.0,1,7204.0,1,8176.0
455,2014-06-18,8033.0,517.0,1.0,1.0,0,1.0,3.0,0.17689027,-0.9842306,1.2246469e-16,-1.0,2,0,0,1,7790.0,1,8313.0,1,8139.0,1,6273.0,1,9262.0,1,9146.0,1,0.0,1,0.0
455,2014-06-19,0.0,0.0,0.0,1.0,1,1.0,4.0,0.17689027,-0.9842306,1.2246469e-16,-1.0,2,0,0,1,8033.0,1,7790.0,1,0.0,1,6585.0,1,9682.0,1,8024.0,1,6186.0,1,8373.0
455,2014-06-20,9824.0,589.0,1.0,1.0,0,1.0,5.0,0.17689027,-0.9842306,1.2246469e-16,-1.0,2,0,0,1,0.0,1,8033.0,1,8313.0,1,6084.0,1,0.0,1,9419.0,1,5294.0,1,7605.0
455,2014-06-21,8085.0,533.0,1.0,0.0,0,0.0,6.0,0.17689027,-0.9842306,1.2246469e-16,-1.0,2,0,0,1,9824.0,1,0.0,1,7790.0,1,7311.0,1,0.0,1,9601.0,1,8756.0,1,9861.0
455,2014-06-22,0.0,0.0,0.0,0.0,0,0.0,7.0,0.17689027,-0.9842306,1.2246469e-16,-1.0,2,0,0,1,8085.0,1,9824.0,1,8033.0,1,8139.0,1,6273.0,1,9262.0,1,0.0,1,0.0
455,2014-06-23,6034.0,413.0,1.0,0.0,0,0.0,1.0,0.059240628,-0.99824375,1.2246469e-16,-1.0,2,0,0,1,0.0,1,8085.0,1,0.0,1,0.0,1,6585.0,1,9682.0,1,10283.0,1,12481.0
455,2014-06-24,4508.0,345.0,1.0,0.0,0,0.0,2.0,0.059240628,-0.99824375,1.2246469e-16,-1.0,2,0,0,1,6034.0,1,0.0,1,9824.0,1,8313.0,1,6084.0,1,0.0,1,9714.0,1,9088.0
455,2014-06-25,5839.0,394.0,1.0,0.0,0,0.0,3.0,0.059240628,-0.99824375,1.2246469e-16,-1.0,2,0,0,1,4508.0,1,6034.0,1,8085.0,1,7790.0,1,7311.0,1,0.0,1,0.0,1,0.0
455,2014-06-26,5566.0,367.0,1.0,0.0,0,0.0,4.0,0.059240628,-0.99824375,1.2246469e-16,-1.0,2,0,0,1,5839.0,1,4508.0,1,0.0,1,8033.0,1,8139.0,1,6273.0,1,9146.0,1,9082.0
455,2014-06-27,7015.0,448.0,1.0,0.0,0,0.0,5.0,0.059240628,-0.99824375,1.2246469e-16,-1.0,2,0,0,1,5566.0,1,5839.0,1,6034.0,1,0.0,1,0.0,1,6585.0,1,8024.0,1,9031.0
455,2014-06-28,9157.0,559.0,1.0,0.0,0,0.0,6.0,0.059240628,-0.99824375,1.2246469e-16,-1.0,2,0,0,1,7015.0,1,5566.0,1,4508.0,1,9824.0,1,8313.0,1,6084.0,1,9419.0,1,7924.0
455,2014-06-29,0.0,0.0,0.0,0.0,0,0.0,7.0,0.059240628,-0.99824375,1.2246469e-16,-1.0,2,0,0,1,9157.0,1,7015.0,1,5839.0,1,8085.0,1,7790.0,1,7311.0,1,9601.0,1,10958.0
455,2014-06-30,8597.0,507.0,1.0,1.0,0,0.0,1.0,-0.059240628,-0.99824375,1.2246469e-16,-1.0,2,0,1,1,0.0,1,9157.0,1,5566.0,1,0.0,1,8033.0,1,8139.0,1,9262.0,1,8426.0
455,2014-07-01,7287.0,430.0,1.0,1.0,0,0.0,2.0,-0.059240628,-0.99824375,-0.5,-0.8660254,3,1,0,1,8597.0,1,0.0,1,7015.0,1,6034.0,1,0.0,1,0.0,1,9682.0,1,8931.0
455,2014-07-02,10558.0,587.0,1.0,1.0,0,0.0,3.0,-0.059240628,-0.99824375,-0.5,-0.8660254,3,0,0,1,7287.0,1,8597.0,1,9157.0,1,4508.0,1,9824.0,1,8313.0,1,0.0,1,0.0
455,2014-07-03,7744.0,486.0,1.0,1.0,0,0.0,4.0,-0.059240628,-0.99824375,-0.5,-0.8660254,3,0,0,1,10558.0,1,7287.0,1,0.0,1,5839.0,1,8085.0,1,7790.0,1,0.0,1,5101.0
455,2014-07-04,7165.0,445.0,1.0,1.0,0,0.0,5.0,-0.059240628,-0.99824375,-0.5,-0.8660254,3,0,0,1,7744.0,1,10558.0,1,8597.0,1,5566.0,1,0.0,1,8033.0,1,6273.0,1,4976.0
455,2014-07-05,10850.0,618.0,1.0,0.0,0,0.0,6.0,-0.059240628,-0.99824375,-0.5,-0.8660254,3,0,0,1,7165.0,1,7744.0,1,7287.0,1,7015.0,1,6034.0,1,0.0,1,6585.0,1,5206.0
455,2014-07-06,0.0,0.0,0.0,0.0,0,0.0,7.0,-0.059240628,-0.99824375,-0.5,-0.8660254,3,0,0,1,10850.0,1,7165.0,1,10558.0,1,9157.0,1,4508.0,1,9824.0,1,6084.0,1,4448.0
455,2014-07-07,6647.0,425.0,1.0,0.0,0,0.0,1.0,-0.17689027,-0.9842306,-0.5,-0.8660254,3,0,0,1,0.0,1,10850.0,1,7744.0,1,0.0,1,5839.0,1,8085.0,1,7311.0,1,5956.0
455,2014-07-08,7162.0,442.0,1.0,0.0,0,0.0,2.0,-0.17689027,-0.9842306,-0.5,-0.8660254,3,0,0,1,6647.0,1,0.0,1,7165.0,1,8597.0,1,5566.0,1,0.0,1,8139.0,1,7058.0
455,2014-07-09,6665.0,412.0,1.0,0.0,0,0.0,3.0,-0.17689027,-0.9842306,-0.5,-0.8660254,3,0,0,1,7162.0,1,6647.0,1,10850.0,1,7287.0,1,7015.0,1,6034.0,1,0.0,1,0.0
455,2014-07-10,6504.0,408.0,1.0,0.0,0,0.0,4.0,-0.17689027,-0.9842306,-0.5,-0.8660254,3,0,0,1,6665.0,1,7162.0,1,0.0,1,10558.0,1,9157.0,1,4508.0,1,8313.0,1,6800.0
455,2014-07-11,6957.0,473.0,1.0,0.0,0,0.0,5.0,-0.17689027,-0.9842306,-0.5,-0.8660254,3,0,0,1,6504.0,1,6665.0,1,6647.0,1,7744.0,1,0.0,1,5839.0,1,7790.0,1,5980.0
455,2014-07-12,8465.0,559.0,1.0,0.0,0,0.0,6.0,-0.17689027,-0.9842306,-0.5,-0.8660254,3,0,0,1,6957.0,1,6504.0,1,7162.0,1,7165.0,1,8597.0,1,5566.0,1,8033.0,1,7099.0
455,2014-07-13,0.0,0.0,0.0,0.0,0,0.0,7.0,-0.17689027,-0.9842306,-0.5,-0.8660254,3,0,0,1,8465.0,1,6957.0,1,6665.0,1,10850.0,1,7287.0,1,7015.0,1,0.0,1,5563.0
455,2014-07-14,12054.0,678.0,1.0,1.0,0,0.0,1.0,-0.29205677,-0.956401,-0.5,-0.8660254,3,0,0,1,0.0,1,8465.0,1,6504.0,1,0.0,1,10558.0,1,9157.0,1,9824.0,1,6908.0
455,2014-07-15,6689.0,412.0,1.0,1.0,0,0.0,2.0,-0.29205677,-0.956401,-0.5,-0.8660254,3,0,0,1,12054.0,1,0.0,1,6957.0,1,6647.0,1,7744.0,1,0.0,1,8085.0,1,7204.0
455,2014-07-16,7095.0,454.0,1.0,1.0,0,0.0,3.0,-0.29205677,-0.956401,-0.5,-0.8660254,3,0,0,1,6689.0,1,12054.0,1,8465.0,1,7162.0,1,7165.0,1,8597.0,1,0.0,1,0.0
455,2014-07-17,6536.0,431.0,1.0,1.0,0,0.0,4.0,-0.29205677,-0.956401,-0.5,-0.8660254,3,0,0,1,7095.0,1,6689.0,1,0.0,1,6665.0,1,10850.0,1,7287.0,1,6034.0,1,6186.0
455,2014-07-18,6583.0,437.0,1.0,1.0,0,0.0,5.0,-0.29205677,-0.956401,-0.5,-0.8660254,3,0,0,1,6536.0,1,7095.0,1,12054.0,1,6504.0,1,0.0,1,10558.0,1,4508.0,1,5294.0
455,2014-07-19,7593.0,507.0,1.0,0.0,0,0.0,6.0,-0.29205677,-0.956401,-0.5,-0.8660254,3,0,0,1,6583.0,1,6536.0,1,6689.0,1,6957.0,1,6647.0,1,7744.0,1,5839.0,1,8756.0
455,2014-07-20,0.0,0.0,0.0,0.0,0,0.0,7.0,-0.29205677,-0.956401,-0.5,-0.8660254,3,0,0,1,7593.0,1,6583.0,1,7095.0,1,8465.0,1,7162.0,1,7165.0,1,5566.0,1,0.0
455,2014-07-21,7332.0,454.0,1.0,0.0,0,0.0,1.0,-0.40312344,-0.91514564,-0.5,-0.8660254,3,0,0,1,0.0,1,7593.0,1,6536.0,1,0.0,1,6665.0,1,10850.0,1,7015.0,1,10283.0
455,2014-07-22,5887.0,417.0,1.0,0.0,0,0.0,2.0,-0.40312344,-0.91514564,-0.5,-0.8660254,3,0,0,1,7332.0,1,0.0,1,6583.0,1,12054.0,1,6504.0,1,0.0,1,9157.0,1,9714.0
455,2014-07-23,5995.0,397.0,1.0,0.0,0,0.0,3.0,-0.40312344,-0.91514564,-0.5,-0.8660254,3,0,0,1,5887.0,1,7332.0,1,7593.0,1,6689.0,1,6957.0,1,6647.0,1,0.0,1,0.0
455,2014-07-24,5849.0,407.0,1.0,0.0,0,0.0,4.0,-0.40312344,-0.91514564,-0.5,-0.8660254,3,0,0,1,5995.0,1,5887.0,1,0.0,1,7095.0,1,8465.0,1,7162.0,1,8597.0,1,9146.0
455,2014-07-25,6833.0,459.0,1.0,0.0,0,0.0,5.0,-0.40312344,-0.91514564,-0.5,-0.8660254,3,0,0,1,5849.0,1,5995.0,1,7332.0,1,6536.0,1,0.0,1,6665.0,1,7287.0,1,8024.0
455,2014-07-26,8347.0,538.0,1.0,0.0,0,0.0,6.0,-0.40312344,-0.91514564,-0.5,-0.8660254,3,0,0,1,6833.0,1,5849.0,1,5887.0,1,6583.0,1,12054.0,1,6504.0,1,10558.0,1,9419.0
455,2014-07-27,0.0,0.0,0.0,0.0,0,0.0,7.0,-0.40312344,-0.91514564,-0.5,-0.8660254,3,0,0,1,8347.0,1,6833.0,1,5995.0,1,7593.0,1,6689.0,1,6957.0,1,7744.0,1,9601.0
455,2014-07-28,8315.0,494.0,1.0,1.0,0,0.0,1.0,-0.5085311,-0.86104363,-0.5,-0.8660254,3,0,0,1,0.0,1,8347.0,1,5849.0,1,0.0,1,7095.0,1,8465.0,1,7165.0,1,9262.0
455,2014-07-29,9302.0,524.0,1.0,1.0,0,0.0,2.0,-0.5085311,-0.86104363,-0.5,-0.8660254,3,0,0,1,8315.0,1,0.0,1,6833.0,1,7332.0,1,6536.0,1,0.0,1,10850.0,1,9682.0
455,2014-07-30,9418.0,499.0,1.0,1.0,0,0.0,3.0,-0.5085311,-0.86104363,-0.5,-0.8660254,3,0,0,1,9302.0,1,8315.0,1,8347.0,1,5887.0,1,6583.0,1,12054.0,1,0.0,1,0.0
455,2014-07-31,8654.0,516.0,1.0,1.0,0,1.0,4.0,-0.5085311,-0.86104363,-0.5,-0.8660254,3,0,1,1,9418.0,1,9302.0,1,0.0,1,5995.0,1,7593.0,1,6689.0,1,6647.0,1,0.0
455,2014-08-01,9054.0,511.0,1.0,1.0,0,1.0,5.0,-0.5085311,-0.86104363,-0.8660254,-0.5,3,1,0,1,8654.0,1,9418.0,1,8315.0,1,5849.0,1,0.0,1,7095.0,1,7162.0,1,6273.0
455,2014-08-02,9444.0,593.0,1.0,0.0,0,0.0,6.0,-0.5085311,-0.86104363,-0.8660254,-0.5,3,0,0,1,9054.0,1,8654.0,1,9302.0,1,6833.0,1,7332.0,1,6536.0,1,6665.0,1,6585.0
455,2014-08-03,0.0,0.0,0.0,0.0,0,0.0,7.0,-0.5085311,-0.86104363,-0.8660254,-0.5,3,0,0,1,9444.0,1,9054.0,1,9418.0,1,8347.0,1,5887.0,1,6583.0,1,6504.0,1,6084.0
455,2014-08-04,10404.0,571.0,1.0,1.0,0,1.0,1.0,-0.60680014,-0.79485446,-0.8660254,-0.5,3,0,0,1,0.0,1,9444.0,1,8654.0,1,0.0,1,5995.0,1,7593.0,1,6957.0,1,7311.0
455,2014-08-05,10174.0,576.0,1.0,1.0,0,1.0,2.0,-0.60680014,-0.79485446,-0.8660254,-0.5,3,0,0,1,10404.0,1,0.0,1,9054.0,1,8315.0,1,5849.0,1,0.0,1,8465.0,1,8139.0
455,2014-08-06,9342.0,577.0,1.0,1.0,0,1.0,3.0,-0.60680014,-0.79485446,-0.8660254,-0.5,3,0,0,1,10174.0,1,10404.0,1,9444.0,1,9302.0,1,6833.0,1,7332.0,1,0.0,1,0.0
455,2014-08-07,9924.0,516.0,1.0,1.0,0,1.0,4.0,-0.60680014,-0.79485446,-0.8660254,-0.5,3,0,0,1,9342.0,1,10174.0,1,0.0,1,9418.0,1,8347.0,1,5887.0,1,12054.0,1,8313.0
455,2014-08-08,8935.0,500.0,1.0,1.0,0,1.0,5.0,-0.60680014,-0.79485446,-0.8660254,-0.5,3,0,0,1,9924.0,1,9342.0,1,10404.0,1,8654.0,1,0.0,1,5995.0,1,6689.0,1,7790.0
455,2014-08-09,7302.0,474.0,1.0,0.0,0,0.0,6.0,-0.60680014,-0.79485446,-0.8660254,-0.5,3,0,0,1,8935.0,1,9924.0,1,10174.0,1,9054.0,1,8315.0,1,5849.0,1,7095.0,1,8033.0
455,2014-08-10,0.0,0.0,0.0,0.0,0,0.0,7.0,-0.60680014,-0.79485446,-0.8660254,-0.5,3,0,0,1,7302.0,1,8935.0,1,9342.0,1,9444.0,1,9302.0,1,6833.0,1,6536.0,1,0.0
455,2014-08-11,8346.0,485.0,1.0,0.0,0,1.0,1.0,-0.696551,-0.71750724,-0.8660254,-0.5,3,0,0,1,0.0,1,7302.0,1,9924.0,1,0.0,1,9418.0,1,8347.0,1,6583.0,1,9824.0
455,2014-08-12,5565.0,363.0,1.0,0.0,0,1.0,2.0,-0.696551,-0.71750724,-0.8660254,-0.5,3,0,0,1,8346.0,1,0.0,1,8935.0,1,10404.0,1,8654.0,1,0.0,1,7593.0,1,8085.0
455,2014-08-13,6979.0,426.0,1.0,0.0,0,1.0,3.0,-0.696551,-0.71750724,-0.8660254,-0.5,3,0,0,1,5565.0,1,8346.0,1,7302.0,1,10174.0,1,9054.0,1,8315.0,1,0.0,1,0.0
455,2014-08-14,6246.0,431.0,1.0,0.0,0,1.0,4.0,-0.696551,-0.71750724,-0.8660254,-0.5,3,0,0,1,6979.0,1,5565.0,1,0.0,1,9342.0,1,9444.0,1,9302.0,1,7332.0,1,6034.0
455,2014-08-15,7294.0,460.0,1.0,0.0,0,1.0,5.0,-0.696551,-0.71750724,-0.8660254,-0.5,3,0,0,1,6246.0,1,6979.0,1,8346.0,1,9924.0,1,0.0,1,9418.0,1,5887.0,1,4508.0
455,2014-08-16,8775.0,526.0,1.0,0.0,0,0.0,6.0,-0.696551,-0.71750724,-0.8660254,-0.5,3,0,0,1,7294.0,1,6246.0,1,5565.0,1,8935.0,1,10404.0,1,8654.0,1,5995.0,1,5839.0
455,2014-08-17,0.0,0.0,0.0,0.0,0,0.0,7.0,-0.696551,-0.71750724,-0.8660254,-0.5,3,0,0,1,8775.0,1,7294.0,1,6979.0,1,7302.0,1,10174.0,1,9054.0,1,5849.0,1,5566.0
455,2014-08-18,8053.0,520.0,1.0,1.0,0,1.0,1.0,-0.7765239,-0.63008785,-0.8660254,-0.5,3,0,0,1,0.0,1,8775.0,1,6246.0,1,0.0,1,9342.0,1,9444.0,1,6833.0,1,7015.0
455,2014-08-19,6889.0,453.0,1.0,1.0,0,1.0,2.0,-0.7765239,-0.63008785,-0.8660254,-0.5,3,0,0,1,8053.0,1,0.0,1,7294.0,1,8346.0,1,9924.0,1,0.0,1,8347.0,1,9157.0
455,2014-08-20,9094.0,496.0,1.0,1.0,0,1.0,3.0,-0.7765239,-0.63008785,-0.8660254,-0.5,3,0,0,1,6889.0,1,8053.0,1,8775.0,1,5565.0,1,8935.0,1,10404.0,1,0.0,1,0.0
455,2014-08-21,7693.0,463.0,1.0,1.0,0,1.0,4.0,-0.7765239,-0.63008785,-0.8660254,-0.5,3,0,0,1,9094.0,1,6889.0,1,0.0,1,6979.0,1,7302.0,1,10174.0,1,8315.0,1,8597.0
455,2014-08-22,8376.0,516.0,1.0,1.0,0,1.0,5.0,-0.7765239,-0.63008785,-0.8660254,-0.5,3,0,0,1,7693.0,1,9094.0,1,8053.0,1,6246.0,1,0.0,1,9342.0,1,9302.0,1,7287.0
455,2014-08-23,6978.0,491.0,1.0,0.0,0,0.0,6.0,-0.7765239,-0.63008785,-0.8660254,-0.5,3,0,0,1,8376.0,1,7693.0,1,6889.0,1,7294.0,1,8346.0,1,9924.0,1,9418.0,1,10558.0
455,2014-08-24,0.0,0.0,0.0,0.0,0,0.0,7.0,-0.7765239,-0.63008785,-0.8660254,-0.5,3,0,0,1,6978.0,1,8376.0,1,9094.0,1,8775.0,1,5565.0,1,8935.0,1,8654.0,1,7744.0
455,2014-08-25,6026.0,384.0,1.0,0.0,0,1.0,1.0,-0.845596,-0.5338234,-0.8660254,-0.5,3,0,0,1,0.0,1,6978.0,1,7693.0,1,0.0,1,6979.0,1,7302.0,1,9054.0,1,7165.0
455,2014-08-26,6055.0,375.0,1.0,0.0,0,1.0,2.0,-0.845596,-0.5338234,-0.8660254,-0.5,3,0,0,1,6026.0,1,0.0,1,8376.0,1,8053.0,1,6246.0,1,0.0,1,9444.0,1,10850.0
455,2014-08-27,7146.0,432.0,1.0,0.0,0,1.0,3.0,-0.845596,-0.5338234,-0.8660254,-0.5,3,0,0,1,6055.0,1,6026.0,1,6978.0,1,6889.0,1,7294.0,1,8346.0,1,0.0,1,0.0
455,2014-08-28,5224.0,350.0,1.0,0.0,0,1.0,4.0,-0.845596,-0.5338234,-0.8660254,-0.5,3,0,0,1,7146.0,1,6055.0,1,0.0,1,9094.0,1,8775.0,1,5565.0,1,10404.0,1,6647.0
455,2014-08-29,7245.0,448.0,1.0,0.0,0,1.0,5.0,-0.845596,-0.5338234,-0.8660254,-0.5,3,0,0,1,5224.0,1,7146.0,1,6026.0,1,7693.0,1,0.0,1,6979.0,1,10174.0,1,7162.0
455,2014-08-30,8770.0,528.0,1.0,0.0,0,0.0,6.0,-0.845596,-0.5338234,-0.8660254,-0.5,3,0,0,1,7245.0,1,5224.0,1,6055.0,1,8376.0,1,8053.0,1,6246.0,1,9342.0,1,6665.0
455,2014-08-31,0.0,0.0,0.0,0.0,0,0.0,7.0,-0.845596,-0.5338234,-0.8660254,-0.5,3,0,1,1,8770.0,1,7245.0,1,7146.0,1,6978.0,1,6889.0,1,7294.0,1,9924.0,1,6504.0
455,2014-09-01,8959.0,513.0,1.0,1.0,0,1.0,1.0,-0.9027978,-0.4300652,-1.0,-1.8369701e-16,3,1,0,1,0.0,1,8770.0,1,5224.0,1,0.0,1,9094.0,1,8775.0,1,8935.0,1,6957.0
455,2014-09-02,7776.0,440.0,1.0,1.0,0,1.0,2.0,-0.9027978,-0.4300652,-1.0,-1.8369701e-16,3,0,0,1,8959.0,1,0.0,1,7245.0,1,6026.0,1,7693.0,1,0.0,1,7302.0,1,8465.0
455,2014-09-03,7744.0,466.0,1.0,1.0,0,1.0,3.0,-0.9027978,-0.4300652,-1.0,-1.8369701e-16,3,0,0,1,7776.0,1,8959.0,1,8770.0,1,6055.0,1,8376.0,1,8053.0,1,0.0,1,0.0
455,2014-09-04,6993.0,440.0,1.0,1.0,0,1.0,4.0,-0.9027978,-0.4300652,-1.0,-1.8369701e-16,3,0,0,1,7744.0,1,7776.0,1,0.0,1,7146.0,1,6978.0,1,6889.0,1,8346.0,1,12054.0
455,2014-09-05,8697.0,501.0,1.0,1.0,0,1.0,5.0,-0.9027978,-0.4300652,-1.0,-1.8369701e-16,3,0,0,1,6993.0,1,7744.0,1,8959.0,1,5224.0,1,0.0,1,9094.0,1,5565.0,1,6689.0
455,2014-09-06,9171.0,520.0,1.0,0.0,0,0.0,6.0,-0.9027978,-0.4300652,-1.0,-1.8369701e-16,3,0,0,1,8697.0,1,6993.0,1,7776.0,1,7245.0,1,6026.0,1,7693.0,1,6979.0,1,7095.0
455,2014-09-07,0.0,0.0,0.0,0.0,0,0.0,7.0,-0.9027978,-0.4300652,-1.0,-1.8369701e-16,3,0,0,1,9171.0,1,8697.0,1,7744.0,1,8770.0,1,6055.0,1,8376.0,1,6246.0,1,6536.0
455,2014-09-08,7086.0,425.0,1.0,0.0,0,1.0,1.0,-0.94732636,-0.32026985,-1.0,-1.8369701e-16,3,0,0,1,0.0,1,9171.0,1,6993.0,1,0.0,1,7146.0,1,6978.0,1,7294.0,1,6583.0
455,2014-09-09,5587.0,376.0,1.0,0.0,0,1.0,2.0,-0.94732636,-0.32026985,-1.0,-1.8369701e-16,3,0,0,1,7086.0,1,0.0,1,8697.0,1,8959.0,1,5224.0,1,0.0,1,8775.0,1,7593.0
455,2014-09-10,7407.0,444.0,1.0,0.0,0,1.0,3.0,-0.94732636,-0.32026985,-1.0,-1.8369701e-16,3,0,0,1,5587.0,1,7086.0,1,9171.0,1,7776.0,1,7245.0,1,6026.0,1,0.0,1,0.0
455,2014-09-11,5780.0,394.0,1.0,0.0,0,1.0,4.0,-0.94732636,-0.32026985,-1.0,-1.8369701e-16,3,0,0,1,7407.0,1,5587.0,1,0.0,1,7744.0,1,8770.0,1,6055.0,1,8053.0,1,7332.0
455,2014-09-12,6480.0,432.0,1.0,0.0,0,1.0,5.0,-0.94732636,-0.32026985,-1.0,-1.8369701e-16,3,0,0,1,5780.0,1,7407.0,1,7086.0,1,6993.0,1,0.0,1,7146.0,1,6889.0,1,5887.0
455,2014-09-13,10055.0,652.0,1.0,0.0,0,0.0,6.0,-0.94732636,-0.32026985,-1.0,-1.8369701e-16,3,0,0,1,6480.0,1,5780.0,1,5587.0,1,8697.0,1,8959.0,1,5224.0,1,9094.0,1,5995.0
455,2014-09-14,0.0,0.0,0.0,0.0,0,0.0,7.0,-0.94732636,-0.32026985,-1.0,-1.8369701e-16,3,0,0,1,10055.0,1,6480.0,1,7407.0,1,9171.0,1,7776.0,1,7245.0,1,7693.0,1,5849.0
455,2014-09-15,9188.0,635.0,1.0,1.0,0,0.0,1.0,-0.9785565,-0.20597862,-1.0,-1.8369701e-16,3,0,0,1,0.0,1,10055.0,1,5780.0,1,0.0,1,7744.0,1,8770.0,1,8376.0,1,6833.0
455,2014-09-16,7967.0,518.0,1.0,1.0,0,0.0,2.0,-0.9785565,-0.20597862,-1.0,-1.8369701e-16,3,0,0,1,9188.0,1,0.0,1,6480.0,1,7086.0,1,6993.0,1,0.0,1,6978.0,1,8347.0
455,2014-09-17,9157.0,549.0,1.0,1.0,0,0.0,3.0,-0.9785565,-0.20597862,-1.0,-1.8369701e-16,3,0,0,1,7967.0,1,9188.0,1,10055.0,1,5587.0,1,8697.0,1,8959.0,1,0.0,1,0.0
455,2014-09-18,6671.0,491.0,1.0,1.0,0,0.0,4.0,-0.9785565,-0.20597862,-1.0,-1.8369701e-16,3,0,0,1,9157.0,1,7967.0,1,0.0,1,7407.0,1,9171.0,1,7776.0,1,6026.0,1,8315.0
455,2014-09-19,7824.0,476.0,1.0,1.0,0,0.0,5.0,-0.9785565,-0.20597862,-1.0,-1.8369701e-16,3,0,0,1,6671.0,1,9157.0,1,9188.0,1,5780.0,1,0.0,1,7744.0,1,6055.0,1,9302.0
455,2014-09-20,9939.0,662.0,1.0,0.0,0,0.0,6.0,-0.9785565,-0.20597862,-1.0,-1.8369701e-16,3,0,0,1,7824.0,1,6671.0,1,7967.0,1,6480.0,1,7086.0,1,6993.0,1,7146.0,1,9418.0
455,2014-09-21,0.0,0.0,0.0,0.0,0,0.0,7.0,-0.9785565,-0.20597862,-1.0,-1.8369701e-16,3,0,0,1,9939.0,1,7824.0,1,9157.0,1,10055.0,1,5587.0,1,8697.0,1,5224.0,1,8654.0
455,2014-09-22,5931.0,415.0,1.0,0.0,0,0.0,1.0,-0.9960498,-0.08879589,-1.0,-1.8369701e-16,3,0,0,1,0.0,1,9939.0,1,6671.0,1,0.0,1,7407.0,1,9171.0,1,7245.0,1,9054.0
455,2014-09-23,5590.0,367.0,1.0,0.0,0,0.0,2.0,-0.9960498,-0.08879589,-1.0,-1.8369701e-16,3,0,0,1,5931.0,1,0.0,1,7824.0,1,9188.0,1,5780.0,1,0.0,1,8770.0,1,9444.0
455,2014-09-24,5651.0,379.0,1.0,0.0,0,0.0,3.0,-0.9960498,-0.08879589,-1.0,-1.8369701e-16,3,0,0,1,5590.0,1,5931.0,1,9939.0,1,7967.0,1,6480.0,1,7086.0,1,0.0,1,0.0
455,2014-09-25,6091.0,415.0,1.0,0.0,0,0.0,4.0,-0.9960498,-0.08879589,-1.0,-1.8369701e-16,3,0,0,1,5651.0,1,5590.0,1,0.0,1,9157.0,1,10055.0,1,5587.0,1,8959.0,1,10404.0
455,2014-09-26,7204.0,448.0,1.0,0.0,0,0.0,5.0,-0.9960498,-0.08879589,-1.0,-1.8369701e-16,3,0,0,1,6091.0,1,5651.0,1,5931.0,1,6671.0,1,0.0,1,7407.0,1,7776.0,1,10174.0
455,2014-09-27,9442.0,552.0,1.0,0.0,0,0.0,6.0,-0.9960498,-0.08879589,-1.0,-1.8369701e-16,3,0,0,1,7204.0,1,6091.0,1,5590.0,1,7824.0,1,9188.0,1,5780.0,1,7744.0,1,9342.0
455,2014-09-28,0.0,0.0,0.0,0.0,0,0.0,7.0,-0.9960498,-0.08879589,-1.0,-1.8369701e-16,3,0,0,1,9442.0,1,7204.0,1,5651.0,1,9939.0,1,7967.0,1,6480.0,1,6993.0,1,9924.0
455,2014-09-29,8321.0,507.0,1.0,1.0,0,0.0,1.0,-0.99956083,0.029633328,-1.0,-1.8369701e-16,3,0,0,1,0.0,1,9442.0,1,6091.0,1,0.0,1,9157.0,1,10055.0,1,8697.0,1,8935.0
455,2014-09-30,7807.0,451.0,1.0,1.0,0,0.0,2.0,-0.99956083,0.029633328,-1.0,-1.8369701e-16,3,0,1,1,8321.0,1,0.0,1,7204.0,1,5931.0,1,6671.0,1,0.0,1,9171.0,1,7302.0
455,2014-10-01,9303.0,539.0,1.0,1.0,0,0.0,3.0,-0.99956083,0.029633328,-0.8660254,0.5,4,1,0,1,7807.0,1,8321.0,1,9442.0,1,5590.0,1,7824.0,1,9188.0,1,0.0,1,0.0
455,2014-10-02,9351.0,569.0,1.0,1.0,0,0.0,4.0,-0.99956083,0.029633328,-0.8660254,0.5,4,0,0,1,9303.0,1,7807.0,1,0.0,1,5651.0,1,9939.0,1,7967.0,1,7086.0,1,8346.0
455,2014-10-03,0.0,0.0,0.0,1.0,1,0.0,5.0,-0.99956083,0.029633328,-0.8660254,0.5,4,0,0,1,9351.0,1,9303.0,1,8321.0,1,6091.0,1,0.0,1,9157.0,1,5587.0,1,5565.0
455,2014-10-04,11823.0,721.0,1.0,0.0,0,0.0,6.0,-0.99956083,0.029633328,-0.8660254,0.5,4,0,0,1,0.0,1,9351.0,1,7807.0,1,7204.0,1,5931.0,1,6671.0,1,7407.0,1,6979.0
455,2014-10-05,0.0,0.0,0.0,0.0,0,0.0,7.0,-0.99956083,0.029633328,-0.8660254,0.5,4,0,0,1,11823.0,1,0.0,1,9303.0,1,9442.0,1,5590.0,1,7824.0,1,5780.0,1,6246.0
455,2014-10-06,9761.0,592.0,1.0,1.0,0,0.0,1.0,-0.9890402,0.14764656,-0.8660254,0.5,4,0,0,1,0.0,1,11823.0,1,9351.0,1,0.0,1,5651.0,1,9939.0,1,6480.0,1,7294.0
455,2014-10-07,8317.0,489.0,1.0,1.0,0,0.0,2.0,-0.9890402,0.14764656,-0.8660254,0.5,4,0,0,1,9761.0,1,0.0,1,0.0,1,8321.0,1,6091.0,1,0.0,1,10055.0,1,8775.0
455,2014-10-08,9892.0,539.0,1.0,1.0,0,0.0,3.0,-0.9890402,0.14764656,-0.8660254,0.5,4,0,0,1,8317.0,1,9761.0,1,11823.0,1,7807.0,1,7204.0,1,5931.0,1,0.0,1,0.0
455,2014-10-09,7135.0,446.0,1.0,1.0,0,0.0,4.0,-0.9890402,0.14764656,-0.8660254,0.5,4,0,0,1,9892.0,1,8317.0,1,0.0,1,9303.0,1,9442.0,1,5590.0,1,9188.0,1,8053.0
455,2014-10-10,8947.0,549.0,1.0,1.0,0,0.0,5.0,-0.9890402,0.14764656,-0.8660254,0.5,4,0,0,1,7135.0,1,9892.0,1,9761.0,1,9351.0,1,0.0,1,5651.0,1,7967.0,1,6889.0
455,2014-10-11,10922.0,667.0,1.0,0.0,0,0.0,6.0,-0.9890402,0.14764656,-0.8660254,0.5,4,0,0,1,8947.0,1,7135.0,1,8317.0,1,0.0,1,8321.0,1,6091.0,1,9157.0,1,9094.0
455,2014-10-12,0.0,0.0,0.0,0.0,0,0.0,7.0,-0.9890402,0.14764656,-0.8660254,0.5,4,0,0,1,10922.0,1,8947.0,1,9892.0,1,11823.0,1,7807.0,1,7204.0,1,6671.0,1,7693.0
455,2014-10-13,5544.0,422.0,1.0,0.0,0,0.0,1.0,-0.9646356,0.26358718,-0.8660254,0.5,4,0,0,1,0.0,1,10922.0,1,7135.0,1,0.0,1,9303.0,1,9442.0,1,7824.0,1,8376.0
455,2014-10-14,4385.0,325.0,1.0,0.0,0,0.0,2.0,-0.9646356,0.26358718,-0.8660254,0.5,4,0,0,1,5544.0,1,0.0,1,8947.0,1,9761.0,1,9351.0,1,0.0,1,9939.0,1,6978.0
455,2014-10-15,5715.0,399.0,1.0,0.0,0,0.0,3.0,-0.9646356,0.26358718,-0.8660254,0.5,4,0,0,1,4385.0,1,5544.0,1,10922.0,1,8317.0,1,0.0,1,8321.0,1,0.0,1,0.0
455,2014-10-16,4743.0,299.0,1.0,0.0,0,0.0,4.0,-0.9646356,0.26358718,-0.8660254,0.5,4,0,0,1,5715.0,1,4385.0,1,0.0,1,9892.0,1,11823.0,1,7807.0,1,5931.0,1,6026.0
455,2014-10-17,6211.0,424.0,1.0,0.0,0,0.0,5.0,-0.9646356,0.26358718,-0.8660254,0.5,4,0,0,1,4743.0,1,5715.0,1,5544.0,1,7135.0,1,0.0,1,9303.0,1,5590.0,1,6055.0
455,2014-10-18,8400.0,536.0,1.0,0.0,0,0.0,6.0,-0.9646356,0.26358718,-0.8660254,0.5,4,0,0,1,6211.0,1,4743.0,1,4385.0,1,8947.0,1,9761.0,1,9351.0,1,5651.0,1,7146.0
455,2014-10-19,0.0,0.0,0.0,0.0,0,0.0,7.0,-0.9646356,0.26358718,-0.8660254,0.5,4,0,0,1,8400.0,1,6211.0,1,5715.0,1,10922.0,1,8317.0,1,0.0,1,6091.0,1,5224.0
455,2014-10-20,7453.0,462.0,1.0,1.0,0,0.0,1.0,-0.9266896,0.37582758,-0.8660254,0.5,4,0,0,1,0.0,1,8400.0,1,4743.0,1,0.0,1,9892.0,1,11823.0,1,7204.0,1,7245.0
455,2014-10-21,7057.0,425.0,1.0,1.0,0,0.0,2.0,-0.9266896,0.37582758,-0.8660254,0.5,4,0,0,1,7453.0,1,0.0,1,6211.0,1,5544.0,1,7135.0,1,0.0,1,9442.0,1,8770.0
455,2014-10-22,7482.0,453.0,1.0,1.0,0,0.0,3.0,-0.9266896,0.37582758,-0.8660254,0.5,4,0,0,1,7057.0,1,7453.0,1,8400.0,1,4385.0,1,8947.0,1,9761.0,1,0.0,1,0.0
455,2014-10-23,7571.0,437.0,1.0,1.0,0,0.0,4.0,-0.9266896,0.37582758,-0.8660254,0.5,4,0,0,1,7482.0,1,7057.0,1,0.0,1,5715.0,1,10922.0,1,8317.0,1,8321.0,1,8959.0
455,2014-10-24,6693.0,444.0,1.0,1.0,0,0.0,5.0,-0.9266896,0.37582758,-0.8660254,0.5,4,0,0,1,7571.0,1,7482.0,1,7453.0,1,4743.0,1,0.0,1,9892.0,1,7807.0,1,7776.0
455,2014-10-25,8475.0,514.0,1.0,0.0,0,0.0,6.0,-0.9266896,0.37582758,-0.8660254,0.5,4,0,0,1,6693.0,1,7571.0,1,7057.0,1,6211.0,1,5544.0,1,7135.0,1,9303.0,1,7744.0
455,2014-10-26,0.0,0.0,0.0,0.0,0,0.0,7.0,-0.9266896,0.37582758,-0.8660254,0.5,4,0,0,1,8475.0,1,6693.0,1,7482.0,1,8400.0,1,4385.0,1,8947.0,1,9351.0,1,6993.0
455,2014-10-27,6625.0,419.0,1.0,0.0,0,1.0,1.0,-0.8757349,0.4827922,-0.8660254,0.5,4,0,0,1,0.0,1,8475.0,1,7571.0,1,0.0,1,5715.0,1,10922.0,1,0.0,1,8697.0
455,2014-10-28,6987.0,415.0,1.0,0.0,0,1.0,2.0,-0.8757349,0.4827922,-0.8660254,0.5,4,0,0,1,6625.0,1,0.0,1,6693.0,1,7453.0,1,4743.0,1,0.0,1,11823.0,1,9171.0
455,2014-10-29,7528.0,447.0,1.0,0.0,0,1.0,3.0,-0.8757349,0.4827922,-0.8660254,0.5,4,0,0,1,6987.0,1,6625.0,1,8475.0,1,7057.0,1,6211.0,1,5544.0,1,0.0,1,0.0
455,2014-10-30,8013.0,448.0,1.0,0.0,0,1.0,4.0,-0.8757349,0.4827922,-0.8660254,0.5,4,0,0,1,7528.0,1,6987.0,1,0.0,1,7482.0,1,8400.0,1,4385.0,1,9761.0,1,7086.0
455,2014-10-31,10899.0,624.0,1.0,0.0,0,0.0,5.0,-0.8757349,0.4827922,-0.8660254,0.5,4,0,1,1,8013.0,1,7528.0,1,6625.0,1,7571.0,1,0.0,1,5715.0,1,8317.0,1,5587.0
455,2014-11-01,0.0,0.0,0.0,0.0,1,0.0,6.0,-0.8757349,0.4827922,-0.5,0.8660254,4,1,0,1,10899.0,1,8013.0,1,6987.0,1,6693.0,1,7453.0,1,4743.0,1,9892.0,1,7407.0
455,2014-11-02,0.0,0.0,0.0,0.0,0,0.0,7.0,-0.8757349,0.4827922,-0.5,0.8660254,4,0,0,1,0.0,1,10899.0,1,7528.0,1,8475.0,1,7057.0,1,6211.0,1,7135.0,1,5780.0
455,2014-11-03,10177.0,582.0,1.0,1.0,0,0.0,1.0,-0.8124869,0.5829795,-0.5,0.8660254,4,0,0,1,0.0,1,0.0,1,8013.0,1,0.0,1,7482.0,1,8400.0,1,8947.0,1,6480.0
455,2014-11-04,9007.0,519.0,1.0,1.0,0,0.0,2.0,-0.8124869,0.5829795,-0.5,0.8660254,4,0,0,1,10177.0,1,0.0,1,10899.0,1,6625.0,1,7571.0,1,0.0,1,10922.0,1,10055.0
455,2014-11-05,10891.0,569.0,1.0,1.0,0,0.0,3.0,-0.8124869,0.5829795,-0.5,0.8660254,4,0,0,1,9007.0,1,10177.0,1,0.0,1,6987.0,1,6693.0,1,7453.0,1,0.0,1,0.0
455,2014-11-06,8615.0,516.0,1.0,1.0,0,0.0,4.0,-0.8124869,0.5829795,-0.5,0.8660254,4,0,0,1,10891.0,1,9007.0,1,0.0,1,7528.0,1,8475.0,1,7057.0,1,5544.0,1,9188.0
455,2014-11-07,8565.0,494.0,1.0,1.0,0,0.0,5.0,-0.8124869,0.5829795,-0.5,0.8660254,4,0,0,1,8615.0,1,10891.0,1,10177.0,1,8013.0,1,0.0,1,7482.0,1,4385.0,1,7967.0
455,2014-11-08,11159.0,648.0,1.0,0.0,0,0.0,6.0,-0.8124869,0.5829795,-0.5,0.8660254,4,0,0,1,8565.0,1,8615.0,1,9007.0,1,10899.0,1,6625.0,1,7571.0,1,5715.0,1,9157.0
455,2014-11-09,0.0,0.0,0.0,0.0,0,0.0,7.0,-0.8124869,0.5829795,-0.5,0.8660254,4,0,0,1,11159.0,1,8565.0,1,10891.0,1,0.0,1,6987.0,1,6693.0,1,4743.0,1,6671.0
455,2014-11-10,9449.0,560.0,1.0,1.0,0,0.0,1.0,-0.73783326,0.674983,-0.5,0.8660254,4,0,0,1,0.0,1,11159.0,1,8615.0,1,0.0,1,7528.0,1,8475.0,1,6211.0,1,7824.0
455,2014-11-11,11596.0,636.0,1.0,1.0,0,0.0,2.0,-0.73783326,0.674983,-0.5,0.8660254,4,0,0,1,9449.0,1,0.0,1,8565.0,1,10177.0,1,8013.0,1,0.0,1,8400.0,1,9939.0
455,2014-11-12,7078.0,448.0,1.0,1.0,0,0.0,3.0,-0.73783326,0.674983,-0.5,0.8660254,4,0,0,1,11596.0,1,9449.0,1,11159.0,1,9007.0,1,10899.0,1,6625.0,1,0.0,1,0.0
455,2014-11-13,6282.0,420.0,1.0,1.0,0,0.0,4.0,-0.73783326,0.674983,-0.5,0.8660254,4,0,0,1,7078.0,1,11596.0,1,0.0,1,10891.0,1,0.0,1,6987.0,1,7453.0,1,5931.0
455,2014-11-14,7069.0,451.0,1.0,1.0,0,0.0,5.0,-0.73783326,0.674983,-0.5,0.8660254,4,0,0,1,6282.0,1,7078.0,1,9449.0,1,8615.0,1,0.0,1,7528.0,1,7057.0,1,5590.0
455,2014-11-15,9464.0,571.0,1.0,0.0,0,0.0,6.0,-0.73783326,0.674983,-0.5,0.8660254,4,0,0,1,7069.0,1,6282.0,1,11596.0,1,8565.0,1,10177.0,1,8013.0,1,7482.0,1,5651.0
455,2014-11-16,0.0,0.0,0.0,0.0,0,0.0,7.0,-0.73783326,0.674983,-0.5,0.8660254,4,0,0,1,9464.0,1,7069.0,1,7078.0,1,11159.0,1,9007.0,1,10899.0,1,7571.0,1,6091.0
455,2014-11-17,6111.0,408.0,1.0,0.0,0,0.0,1.0,-0.65282214,0.75751126,-0.5,0.8660254,4,0,0,1,0.0,1,9464.0,1,6282.0,1,0.0,1,10891.0,1,0.0,1,6693.0,1,7204.0
455,2014-11-18,5629.0,389.0,1.0,0.0,0,0.0,2.0,-0.65282214,0.75751126,-0.5,0.8660254,4,0,0,1,6111.0,1,0.0,1,7069.0,1,9449.0,1,8615.0,1,0.0,1,8475.0,1,9442.0
455,2014-11-19,5619.0,362.0,1.0,0.0,0,0.0,3.0,-0.65282214,0.75751126,-0.5,0.8660254,4,0,0,1,5629.0,1,6111.0,1,9464.0,1,11596.0,1,8565.0,1,10177.0,1,0.0,1,0.0
455,2014-11-20,5658.0,398.0,1.0,0.0,0,0.0,4.0,-0.65282214,0.75751126,-0.5,0.8660254,4,0,0,1,5619.0,1,5629.0,1,0.0,1,7078.0,1,11159.0,1,9007.0,1,6625.0,1,8321.0
455,2014-11-21,6899.0,448.0,1.0,0.0,0,0.0,5.0,-0.65282214,0.75751126,-0.5,0.8660254,4,0,0,1,5658.0,1,5619.0,1,6111.0,1,6282.0,1,0.0,1,10891.0,1,6987.0,1,7807.0
455,2014-11-22,9231.0,535.0,1.0,0.0,0,0.0,6.0,-0.65282214,0.75751126,-0.5,0.8660254,4,0,0,1,6899.0,1,5658.0,1,5629.0,1,7069.0,1,9449.0,1,8615.0,1,7528.0,1,9303.0
455,2014-11-23,0.0,0.0,0.0,0.0,0,0.0,7.0,-0.65282214,0.75751126,-0.5,0.8660254,4,0,0,1,9231.0,1,6899.0,1,5619.0,1,9464.0,1,11596.0,1,8565.0,1,8013.0,1,9351.0
455,2014-11-24,8367.0,510.0,1.0,1.0,0,0.0,1.0,-0.55864674,0.82940567,-0.5,0.8660254,4,0,0,1,0.0,1,9231.0,1,5658.0,1,0.0,1,7078.0,1,11159.0,1,10899.0,1,0.0
455,2014-11-25,6797.0,426.0,1.0,1.0,0,0.0,2.0,-0.55864674,0.82940567,-0.5,0.8660254,4,0,0,1,8367.0,1,0.0,1,6899.0,1,6111.0,1,6282.0,1,0.0,1,0.0,1,11823.0
455,2014-11-26,8061.0,485.0,1.0,1.0,0,0.0,3.0,-0.55864674,0.82940567,-0.5,0.8660254,4,0,0,1,6797.0,1,8367.0,1,9231.0,1,5629.0,1,7069.0,1,9449.0,1,0.0,1,0.0
455,2014-11-27,7517.0,493.0,1.0,1.0,0,0.0,4.0,-0.55864674,0.82940567,-0.5,0.8660254,4,0,0,1,8061.0,1,6797.0,1,0.0,1,5619.0,1,9464.0,1,11596.0,1,10177.0,1,9761.0
455,2014-11-28,9162.0,543.0,1.0,1.0,0,0.0,5.0,-0.55864674,0.82940567,-0.5,0.8660254,4,0,0,1,7517.0,1,8061.0,1,8367.0,1,5658.0,1,0.0,1,7078.0,1,9007.0,1,8317.0
455,2014-11-29,11923.0,662.0,1.0,0.0,0,0.0,6.0,-0.55864674,0.82940567,-0.5,0.8660254,4,0,0,1,9162.0,1,7517.0,1,6797.0,1,6899.0,1,6111.0,1,6282.0,1,10891.0,1,9892.0
455,2014-11-30,0.0,0.0,0.0,0.0,0,0.0,7.0,-0.55864674,0.82940567,-0.5,0.8660254,4,0,1,1,11923.0,1,9162.0,1,8061.0,1,9231.0,1,5629.0,1,7069.0,1,8615.0,1,7135.0
455,2014-12-01,9434.0,558.0,1.0,1.0,0,0.0,1.0,-0.45662925,0.8896571,-2.4492937e-16,1.0,4,1,0,1,0.0,1,11923.0,1,7517.0,1,0.0,1,5619.0,1,9464.0,1,8565.0,1,8947.0
455,2014-12-02,9251.0,484.0,1.0,1.0,0,0.0,2.0,-0.45662925,0.8896571,-2.4492937e-16,1.0,4,0,0,1,9434.0,1,0.0,1,9162.0,1,8367.0,1,5658.0,1,0.0,1,11159.0,1,10922.0
455,2014-12-03,10616.0,564.0,1.0,1.0,0,0.0,3.0,-0.45662925,0.8896571,-2.4492937e-16,1.0,4,0,0,1,9251.0,1,9434.0,1,11923.0,1,6797.0,1,6899.0,1,6111.0,1,0.0,1,0.0
455,2014-12-04,9157.0,510.0,1.0,1.0,0,0.0,4.0,-0.45662925,0.8896571,-2.4492937e-16,1.0,4,0,0,1,10616.0,1,9251.0,1,0.0,1,8061.0,1,9231.0,1,5629.0,1,9449.0,1,5544.0
455,2014-12-05,11639.0,616.0,1.0,1.0,0,0.0,5.0,-0.45662925,0.8896571,-2.4492937e-16,1.0,4,0,0,1,9157.0,1,10616.0,1,9434.0,1,7517.0,1,0.0,1,5619.0,1,11596.0,1,4385.0
455,2014-12-06,13514.0,717.0,1.0,0.0,0,0.0,6.0,-0.45662925,0.8896571,-2.4492937e-16,1.0,4,0,0,1,11639.0,1,9157.0,1,9251.0,1,9162.0,1,8367.0,1,5658.0,1,7078.0,1,5715.0
455,2014-12-07,0.0,0.0,0.0,0.0,0,0.0,7.0,-0.45662925,0.8896571,-2.4492937e-16,1.0,4,0,0,1,13514.0,1,11639.0,1,10616.0,1,11923.0,1,6797.0,1,6899.0,1,6282.0,1,4743.0
455,2014-12-08,9085.0,487.0,1.0,0.0,0,0.0,1.0,-0.34820163,0.93741965,-2.4492937e-16,1.0,4,0,0,1,0.0,1,13514.0,1,9157.0,1,0.0,1,8061.0,1,9231.0,1,7069.0,1,6211.0
455,2014-12-09,7140.0,453.0,1.0,0.0,0,0.0,2.0,-0.34820163,0.93741965,-2.4492937e-16,1.0,4,0,0,1,9085.0,1,0.0,1,11639.0,1,9434.0,1,7517.0,1,0.0,1,9464.0,1,8400.0
455,2014-12-10,7081.0,435.0,1.0,0.0,0,0.0,3.0,-0.34820163,0.93741965,-2.4492937e-16,1.0,4,0,0,1,7140.0,1,9085.0,1,13514.0,1,9251.0,1,9162.0,1,8367.0,1,0.0,1,0.0
455,2014-12-11,6083.0,385.0,1.0,0.0,0,0.0,4.0,-0.34820163,0.93741965,-2.4492937e-16,1.0,4,0,0,1,7081.0,1,7140.0,1,0.0,1,10616.0,1,11923.0,1,6797.0,1,6111.0,1,7453.0
455,2014-12-12,7433.0,453.0,1.0,0.0,0,0.0,5.0,-0.34820163,0.93741965,-2.4492937e-16,1.0,4,0,0,1,6083.0,1,7081.0,1,9085.0,1,9157.0,1,0.0,1,8061.0,1,5629.0,1,7057.0
455,2014-12-13,11562.0,630.0,1.0,0.0,0,0.0,6.0,-0.34820163,0.93741965,-2.4492937e-16,1.0,4,0,0,1,7433.0,1,6083.0,1,7140.0,1,11639.0,1,9434.0,1,7517.0,1,5619.0,1,7482.0
455,2014-12-14,0.0,0.0,0.0,0.0,0,0.0,7.0,-0.34820163,0.93741965,-2.4492937e-16,1.0,4,0,0,1,11562.0,1,7433.0,1,7081.0,1,13514.0,1,9251.0,1,9162.0,1,5658.0,1,7571.0
455,2014-12-15,11115.0,603.0,1.0,1.0,0,0.0,1.0,-0.23488605,0.9720229,-2.4492937e-16,1.0,4,0,0,1,0.0,1,11562.0,1,6083.0,1,0.0,1,10616.0,1,11923.0,1,6899.0,1,6693.0
455,2014-12-16,9662.0,500.0,1.0,1.0,0,0.0,2.0,-0.23488605,0.9720229,-2.4492937e-16,1.0,4,0,0,1,11115.0,1,0.0,1,7433.0,1,9085.0,1,9157.0,1,0.0,1,9231.0,1,8475.0
455,2014-12-17,10180.0,555.0,1.0,1.0,0,0.0,3.0,-0.23488605,0.9720229,-2.4492937e-16,1.0,4,0,0,1,9662.0,1,11115.0,1,11562.0,1,7140.0,1,11639.0,1,9434.0,1,0.0,1,0.0
455,2014-12-18,9906.0,546.0,1.0,1.0,0,0.0,4.0,-0.23488605,0.9720229,-2.4492937e-16,1.0,4,0,0,1,10180.0,1,9662.0,1,0.0,1,7081.0,1,13514.0,1,9251.0,1,8367.0,1,6625.0
455,2014-12-19,11210.0,619.0,1.0,1.0,0,0.0,5.0,-0.23488605,0.9720229,-2.4492937e-16,1.0,4,0,0,1,9906.0,1,10180.0,1,11115.0,1,6083.0,1,0.0,1,10616.0,1,6797.0,1,6987.0
455,2014-12-20,12933.0,715.0,1.0,0.0,0,0.0,6.0,-0.23488605,0.9720229,-2.4492937e-16,1.0,4,0,0,1,11210.0,1,9906.0,1,9662.0,1,7433.0,1,9085.0,1,9157.0,1,8061.0,1,7528.0
455,2014-12-21,0.0,0.0,0.0,0.0,0,0.0,7.0,-0.23488605,0.9720229,-2.4492937e-16,1.0,4,0,0,1,12933.0,1,11210.0,1,10180.0,1,11562.0,1,7140.0,1,11639.0,1,7517.0,1,8013.0
455,2014-12-22,13559.0,760.0,1.0,0.0,0,1.0,1.0,-0.11827317,0.9929811,-2.4492937e-16,1.0,4,0,0,1,0.0,1,12933.0,1,9906.0,1,0.0,1,7081.0,1,13514.0,1,9162.0,1,10899.0
455,2014-12-23,11807.0,760.0,1.0,0.0,0,1.0,2.0,-0.11827317,0.9929811,-2.4492937e-16,1.0,4,0,0,1,13559.0,1,0.0,1,11210.0,1,11115.0,1,6083.0,1,0.0,1,11923.0,1,0.0
455,2014-12-24,6859.0,423.0,1.0,0.0,0,1.0,3.0,-0.11827317,0.9929811,-2.4492937e-16,1.0,4,0,0,1,11807.0,1,13559.0,1,12933.0,1,9662.0,1,7433.0,1,9085.0,1,0.0,1,0.0
455,2014-12-25,0.0,0.0,0.0,0.0,3,1.0,4.0,-0.11827317,0.9929811,-2.4492937e-16,1.0,4,0,0,1,6859.0,1,11807.0,1,0.0,1,10180.0,1,11562.0,1,7140.0,1,9434.0,1,10177.0
455,2014-12-26,0.0,0.0,0.0,0.0,3,1.0,5.0,-0.11827317,0.9929811,-2.4492937e-16,1.0,4,0,0,1,0.0,1,6859.0,1,13559.0,1,9906.0,1,0.0,1,7081.0,1,9251.0,1,9007.0
455,2014-12-27,9951.0,589.0,1.0,0.0,0,0.0,6.0,-0.11827317,0.9929811,-2.4492937e-16,1.0,4,0,0,1,0.0,1,0.0,1,11807.0,1,11210.0,1,11115.0,1,6083.0,1,10616.0,1,10891.0
455,2014-12-28,0.0,0.0,0.0,0.0,0,0.0,7.0,-0.11827317,0.9929811,-2.4492937e-16,1.0,4,0,0,1,9951.0,1,0.0,1,6859.0,1,12933.0,1,9662.0,1,7433.0,1,9157.0,1,8615.0
455,2014-12-29,7769.0,425.0,1.0,0.0,0,1.0,1.0,0.11827317,0.9929811,-2.4492937e-16,1.0,4,0,0,1,0.0,1,9951.0,1,0.0,1,0.0,1,10180.0,1,11562.0,1,11639.0,1,8565.0
455,2014-12-30,7525.0,479.0,1.0,0.0,0,1.0,2.0,0.11827317,0.9929811,-2.4492937e-16,1.0,4,0,0,1,7769.0,1,0.0,1,0.0,1,13559.0,1,9906.0,1,0.0,1,13514.0,1,11159.0
455,2014-12-31,4278.0,292.0,1.0,0.0,0,1.0,3.0,0.11827317,0.9929811,-2.4492937e-16,1.0,4,0,1,1,7525.0,1,7769.0,1,9951.0,1,11807.0,1,11210.0,1,11115.0,1,0.0,1,0.0
455,2015-01-01,0.0,0.0,0.0,0.0,1,1.0,4.0,0.11827317,0.9929811,0.5,0.8660254,1,1,0,1,4278.0,1,7525.0,1,0.0,1,6859.0,1,12933.0,1,9662.0,1,9085.0,1,9449.0
455,2015-01-02,10222.0,519.0,1.0,0.0,0,1.0,5.0,0.11827317,0.9929811,0.5,0.8660254,1,0,0,1,0.0,1,4278.0,1,7769.0,1,0.0,1,0.0,1,10180.0,1,7140.0,1,11596.0
455,2015-01-03,9564.0,528.0,1.0,0.0,0,0.0,6.0,0.11827317,0.9929811,0.5,0.8660254,1,0,0,1,10222.0,1,0.0,1,7525.0,1,0.0,1,13559.0,1,9906.0,1,7081.0,1,7078.0
455,2015-01-04,0.0,0.0,0.0,0.0,0,0.0,7.0,0.11827317,0.9929811,0.5,0.8660254,1,0,0,1,9564.0,1,10222.0,1,4278.0,1,9951.0,1,11807.0,1,11210.0,1,6083.0,1,6282.0
455,2015-01-05,10825.0,633.0,1.0,1.0,0,1.0,1.0,0.23488605,0.9720229,0.5,0.8660254,1,0,0,1,0.0,1,9564.0,1,0.0,1,0.0,1,6859.0,1,12933.0,1,7433.0,1,7069.0
455,2015-01-06,0.0,0.0,0.0,1.0,1,0.0,2.0,0.23488605,0.9720229,0.5,0.8660254,1,0,0,1,10825.0,1,0.0,1,10222.0,1,7769.0,1,0.0,1,0.0,1,11562.0,1,9464.0
455,2015-01-07,11147.0,581.0,1.0,1.0,0,0.0,3.0,0.23488605,0.9720229,0.5,0.8660254,1,0,0,1,0.0,1,10825.0,1,9564.0,1,7525.0,1,0.0,1,13559.0,1,0.0,1,0.0
455,2015-01-08,7659.0,464.0,1.0,1.0,0,0.0,4.0,0.23488605,0.9720229,0.5,0.8660254,1,0,0,1,11147.0,1,0.0,1,0.0,1,4278.0,1,9951.0,1,11807.0,1,11115.0,1,6111.0
455,2015-01-09,7562.0,448.0,1.0,1.0,0,0.0,5.0,0.23488605,0.9720229,0.5,0.8660254,1,0,0,1,7659.0,1,11147.0,1,10825.0,1,0.0,1,0.0,1,6859.0,1,9662.0,1,5629.0
455,2015-01-10,10326.0,570.0,1.0,0.0,0,0.0,6.0,0.23488605,0.9720229,0.5,0.8660254,1,0,0,1,7562.0,1,7659.0,1,0.0,1,10222.0,1,7769.0,1,0.0,1,10180.0,1,5619.0
455,2015-01-11,0.0,0.0,0.0,0.0,0,0.0,7.0,0.23488605,0.9720229,0.5,0.8660254,1,0,0,1,10326.0,1,7562.0,1,11147.0,1,9564.0,1,7525.0,1,0.0,1,9906.0,1,5658.0
455,2015-01-12,8035.0,475.0,1.0,1.0,0,0.0,1.0,0.34820163,0.93741965,0.5,0.8660254,1,0,0,1,0.0,1,10326.0,1,7659.0,1,0.0,1,4278.0,1,9951.0,1,11210.0,1,6899.0
455,2015-01-13,7124.0,406.0,1.0,1.0,0,0.0,2.0,0.34820163,0.93741965,0.5,0.8660254,1,0,0,1,8035.0,1,0.0,1,7562.0,1,10825.0,1,0.0,1,0.0,1,12933.0,1,9231.0
455,2015-01-14,8071.0,450.0,1.0,1.0,0,0.0,3.0,0.34820163,0.93741965,0.5,0.8660254,1,0,0,1,7124.0,1,8035.0,1,10326.0,1,0.0,1,10222.0,1,7769.0,1,0.0,1,0.0
455,2015-01-15,6702.0,454.0,1.0,1.0,0,0.0,4.0,0.34820163,0.93741965,0.5,0.8660254,1,0,0,1,8071.0,1,7124.0,1,0.0,1,11147.0,1,9564.0,1,7525.0,1,13559.0,1,8367.0
455,2015-01-16,7668.0,429.0,1.0,1.0,0,0.0,5.0,0.34820163,0.93741965,0.5,0.8660254,1,0,0,1,6702.0,1,8071.0,1,8035.0,1,7659.0,1,0.0,1,4278.0,1,11807.0,1,6797.0
455,2015-01-17,8252.0,541.0,1.0,0.0,0,0.0,6.0,0.34820163,0.93741965,0.5,0.8660254,1,0,0,1,7668.0,1,6702.0,1,7124.0,1,7562.0,1,10825.0,1,0.0,1,6859.0,1,8061.0
455,2015-01-18,0.0,0.0,0.0,0.0,0,0.0,7.0,0.34820163,0.93741965,0.5,0.8660254,1,0,0,1,8252.0,1,7668.0,1,8071.0,1,10326.0,1,0.0,1,10222.0,1,0.0,1,7517.0
455,2015-01-19,6139.0,393.0,1.0,0.0,0,0.0,1.0,0.45662925,0.8896571,0.5,0.8660254,1,0,0,1,0.0,1,8252.0,1,6702.0,1,0.0,1,11147.0,1,9564.0,1,0.0,1,9162.0
455,2015-01-20,4892.0,327.0,1.0,0.0,0,0.0,2.0,0.45662925,0.8896571,0.5,0.8660254,1,0,0,1,6139.0,1,0.0,1,7668.0,1,8035.0,1,7659.0,1,0.0,1,9951.0,1,11923.0
455,2015-01-21,5863.0,383.0,1.0,0.0,0,0.0,3.0,0.45662925,0.8896571,0.5,0.8660254,1,0,0,1,4892.0,1,6139.0,1,8252.0,1,7124.0,1,7562.0,1,10825.0,1,0.0,1,0.0
455,2015-01-22,5475.0,354.0,1.0,0.0,0,0.0,4.0,0.45662925,0.8896571,0.5,0.8660254,1,0,0,1,5863.0,1,4892.0,1,0.0,1,8071.0,1,10326.0,1,0.0,1,7769.0,1,9434.0
455,2015-01-23,5607.0,386.0,1.0,0.0,0,0.0,5.0,0.45662925,0.8896571,0.5,0.8660254,1,0,0,1,5475.0,1,5863.0,1,6139.0,1,6702.0,1,0.0,1,11147.0,1,7525.0,1,9251.0
455,2015-01-24,9892.0,573.0,1.0,0.0,0,0.0,6.0,0.45662925,0.8896571,0.5,0.8660254,1,0,0,1,5607.0,1,5475.0,1,4892.0,1,7668.0,1,8035.0,1,7659.0,1,4278.0,1,10616.0
455,2015-01-25,0.0,0.0,0.0,0.0,0,0.0,7.0,0.45662925,0.8896571,0.5,0.8660254,1,0,0,1,9892.0,1,5607.0,1,5863.0,1,8252.0,1,7124.0,1,7562.0,1,0.0,1,9157.0
455,2015-01-26,6492.0,390.0,1.0,1.0,0,0.0,1.0,0.55864674,0.82940567,0.5,0.8660254,1,0,0,1,0.0,1,9892.0,1,5475.0,1,0.0,1,8071.0,1,10326.0,1,10222.0,1,11639.0
455,2015-01-27,6127.0,410.0,1.0,1.0,0,0.0,2.0,0.55864674,0.82940567,0.5,0.8660254,1,0,0,1,6492.0,1,0.0,1,5607.0,1,6139.0,1,6702.0,1,0.0,1,9564.0,1,13514.0
455,2015-01-28,7546.0,441.0,1.0,1.0,0,0.0,3.0,0.55864674,0.82940567,0.5,0.8660254,1,0,0,1,6127.0,1,6492.0,1,9892.0,1,4892.0,1,7668.0,1,8035.0,1,0.0,1,0.0
455,2015-01-29,6510.0,408.0,1.0,1.0,0,0.0,4.0,0.55864674,0.82940567,0.5,0.8660254,1,0,0,1,7546.0,1,6127.0,1,0.0,1,5863.0,1,8252.0,1,7124.0,1,10825.0,1,9085.0
455,2015-01-30,8302.0,505.0,1.0,1.0,0,0.0,5.0,0.55864674,0.82940567,0.5,0.8660254,1,0,0,1,6510.0,1,7546.0,1,6492.0,1,5475.0,1,0.0,1,8071.0,1,0.0,1,7140.0
455,2015-01-31,10010.0,582.0,1.0,0.0,0,0.0,6.0,0.55864674,0.82940567,0.5,0.8660254,1,0,1,1,8302.0,1,6510.0,1,6127.0,1,5607.0,1,6139.0,1,6702.0,1,11147.0,1,7081.0
455,2015-02-01,0.0,0.0,0.0,0.0,0,0.0,7.0,0.55864674,0.82940567,0.8660254,0.5,1,1,0,1,10010.0,1,8302.0,1,7546.0,1,9892.0,1,4892.0,1,7668.0,1,7659.0,1,6083.0
455,2015-02-02,7730.0,452.0,1.0,1.0,0,0.0,1.0,0.65282214,0.75751126,0.8660254,0.5,1,0,0,1,0.0,1,10010.0,1,6510.0,1,0.0,1,5863.0,1,8252.0,1,7562.0,1,7433.0
455,2015-02-03,7656.0,453.0,1.0,1.0,0,0.0,2.0,0.65282214,0.75751126,0.8660254,0.5,1,0,0,1,7730.0,1,0.0,1,8302.0,1,6492.0,1,5475.0,1,0.0,1,10326.0,1,11562.0
455,2015-02-04,8852.0,466.0,1.0,1.0,0,0.0,3.0,0.65282214,0.75751126,0.8660254,0.5,1,0,0,1,7656.0,1,7730.0,1,10010.0,1,6127.0,1,5607.0,1,6139.0,1,0.0,1,0.0
455,2015-02-05,8391.0,468.0,1.0,1.0,0,0.0,4.0,0.65282214,0.75751126,0.8660254,0.5,1,0,0,1,8852.0,1,7656.0,1,0.0,1,7546.0,1,9892.0,1,4892.0,1,8035.0,1,11115.0
455,2015-02-06,10011.0,562.0,1.0,1.0,0,0.0,5.0,0.65282214,0.75751126,0.8660254,0.5,1,0,0,1,8391.0,1,8852.0,1,7730.0,1,6510.0,1,0.0,1,5863.0,1,7124.0,1,9662.0
455,2015-02-07,10820.0,605.0,1.0,0.0,0,0.0,6.0,0.65282214,0.75751126,0.8660254,0.5,1,0,0,1,10011.0,1,8391.0,1,7656.0,1,8302.0,1,6492.0,1,5475.0,1,8071.0,1,10180.0
455,2015-02-08,0.0,0.0,0.0,0.0,0,0.0,7.0,0.65282214,0.75751126,0.8660254,0.5,1,0,0,1,10820.0,1,10011.0,1,8852.0,1,10010.0,1,6127.0,1,5607.0,1,6702.0,1,9906.0
455,2015-02-09,5988.0,367.0,1.0,0.0,0,0.0,1.0,0.73783326,0.674983,0.8660254,0.5,1,0,0,1,0.0,1,10820.0,1,8391.0,1,0.0,1,7546.0,1,9892.0,1,7668.0,1,11210.0
455,2015-02-10,6848.0,422.0,1.0,0.0,0,0.0,2.0,0.73783326,0.674983,0.8660254,0.5,1,0,0,1,5988.0,1,0.0,1,10011.0,1,7730.0,1,6510.0,1,0.0,1,8252.0,1,12933.0
455,2015-02-11,6982.0,455.0,1.0,0.0,0,0.0,3.0,0.73783326,0.674983,0.8660254,0.5,1,0,0,1,6848.0,1,5988.0,1,10820.0,1,7656.0,1,8302.0,1,6492.0,1,0.0,1,0.0
455,2015-02-12,5478.0,375.0,1.0,0.0,0,0.0,4.0,0.73783326,0.674983,0.8660254,0.5,1,0,0,1,6982.0,1,6848.0,1,0.0,1,8852.0,1,10010.0,1,6127.0,1,6139.0,1,13559.0
455,2015-02-13,7063.0,431.0,1.0,0.0,0,0.0,5.0,0.73783326,0.674983,0.8660254,0.5,1,0,0,1,5478.0,1,6982.0,1,5988.0,1,8391.0,1,0.0,1,7546.0,1,4892.0,1,11807.0
455,2015-02-14,10136.0,569.0,1.0,0.0,0,0.0,6.0,0.73783326,0.674983,0.8660254,0.5,1,0,0,1,7063.0,1,5478.0,1,6848.0,1,10011.0,1,7730.0,1,6510.0,1,5863.0,1,6859.0
455,2015-02-15,0.0,0.0,0.0,0.0,0,0.0,7.0,0.73783326,0.674983,0.8660254,0.5,1,0,0,1,10136.0,1,7063.0,1,6982.0,1,10820.0,1,7656.0,1,8302.0,1,5475.0,1,0.0
455,2015-02-16,5415.0,326.0,1.0,1.0,0,0.0,1.0,0.8124869,0.5829795,0.8660254,0.5,1,0,0,1,0.0,1,10136.0,1,5478.0,1,0.0,1,8852.0,1,10010.0,1,5607.0,1,0.0
455,2015-02-17,5364.0,335.0,1.0,1.0,0,0.0,2.0,0.8124869,0.5829795,0.8660254,0.5,1,0,0,1,5415.0,1,0.0,1,7063.0,1,5988.0,1,8391.0,1,0.0,1,9892.0,1,9951.0
455,2015-02-18,7158.0,439.0,1.0,1.0,0,0.0,3.0,0.8124869,0.5829795,0.8660254,0.5,1,0,0,1,5364.0,1,5415.0,1,10136.0,1,6848.0,1,10011.0,1,7730.0,1,0.0,1,0.0
455,2015-02-19,7022.0,407.0,1.0,1.0,0,0.0,4.0,0.8124869,0.5829795,0.8660254,0.5,1,0,0,1,7158.0,1,5364.0,1,0.0,1,6982.0,1,10820.0,1,7656.0,1,6492.0,1,7769.0
455,2015-02-20,6886.0,462.0,1.0,1.0,0,0.0,5.0,0.8124869,0.5829795,0.8660254,0.5,1,0,0,1,7022.0,1,7158.0,1,5415.0,1,5478.0,1,0.0,1,8852.0,1,6127.0,1,7525.0
455,2015-02-21,9896.0,568.0,1.0,0.0,0,0.0,6.0,0.8124869,0.5829795,0.8660254,0.5,1,0,0,1,6886.0,1,7022.0,1,5364.0,1,7063.0,1,5988.0,1,8391.0,1,7546.0,1,4278.0
455,2015-02-22,0.0,0.0,0.0,0.0,0,0.0,7.0,0.8124869,0.5829795,0.8660254,0.5,1,0,0,1,9896.0,1,6886.0,1,7158.0,1,10136.0,1,6848.0,1,10011.0,1,6510.0,1,0.0
455,2015-02-23,6371.0,383.0,1.0,0.0,0,0.0,1.0,0.8757349,0.4827922,0.8660254,0.5,1,0,0,1,0.0,1,9896.0,1,7022.0,1,0.0,1,6982.0,1,10820.0,1,8302.0,1,10222.0
455,2015-02-24,6120.0,375.0,1.0,0.0,0,0.0,2.0,0.8757349,0.4827922,0.8660254,0.5,1,0,0,1,6371.0,1,0.0,1,6886.0,1,5415.0,1,5478.0,1,0.0,1,10010.0,1,9564.0
455,2015-02-25,6983.0,429.0,1.0,0.0,0,0.0,3.0,0.8757349,0.4827922,0.8660254,0.5,1,0,0,1,6120.0,1,6371.0,1,9896.0,1,5364.0,1,7063.0,1,5988.0,1,0.0,1,0.0
455,2015-02-26,6863.0,396.0,1.0,0.0,0,0.0,4.0,0.8757349,0.4827922,0.8660254,0.5,1,0,0,1,6983.0,1,6120.0,1,0.0,1,7158.0,1,10136.0,1,6848.0,1,7730.0,1,10825.0
455,2015-02-27,8531.0,501.0,1.0,0.0,0,0.0,5.0,0.8757349,0.4827922,0.8660254,0.5,1,0,0,1,6863.0,1,6983.0,1,6371.0,1,7022.0,1,0.0,1,6982.0,1,7656.0,1,0.0
455,2015-02-28,11066.0,618.0,1.0,0.0,0,0.0,6.0,0.8757349,0.4827922,0.8660254,0.5,1,0,1,1,8531.0,1,6863.0,1,6120.0,1,6886.0,1,5415.0,1,5478.0,1,8852.0,1,11147.0
455,2015-03-01,0.0,0.0,0.0,0.0,0,0.0,7.0,0.8757349,0.4827922,1.0,6.123234e-17,1,1,0,1,11066.0,1,8531.0,1,6983.0,1,9896.0,1,5364.0,1,7063.0,1,8391.0,1,7659.0
455,2015-03-02,10463.0,572.0,1.0,1.0,0,0.0,1.0,0.9266896,0.37582758,1.0,6.123234e-17,1,0,0,1,0.0,1,11066.0,1,6863.0,1,0.0,1,7158.0,1,10136.0,1,10011.0,1,7562.0
455,2015-03-03,8352.0,496.0,1.0,1.0,0,0.0,2.0,0.9266896,0.37582758,1.0,6.123234e-17,1,0,0,1,10463.0,1,0.0,1,8531.0,1,6371.0,1,7022.0,1,0.0,1,10820.0,1,10326.0
455,2015-03-04,8738.0,480.0,1.0,1.0,0,0.0,3.0,0.9266896,0.37582758,1.0,6.123234e-17,1,0,0,1,8352.0,1,10463.0,1,11066.0,1,6120.0,1,6886.0,1,5415.0,1,0.0,1,0.0
455,2015-03-05,8916.0,515.0,1.0,1.0,0,0.0,4.0,0.9266896,0.37582758,1.0,6.123234e-17,1,0,0,1,8738.0,1,8352.0,1,0.0,1,6983.0,1,9896.0,1,5364.0,1,5988.0,1,8035.0
455,2015-03-06,9418.0,530.0,1.0,1.0,0,0.0,5.0,0.9266896,0.37582758,1.0,6.123234e-17,1,0,0,1,8916.0,1,8738.0,1,10463.0,1,6863.0,1,0.0,1,7158.0,1,6848.0,1,7124.0
455,2015-03-07,10401.0,594.0,1.0,0.0,0,0.0,6.0,0.9266896,0.37582758,1.0,6.123234e-17,1,0,0,1,9418.0,1,8916.0,1,8352.0,1,8531.0,1,6371.0,1,7022.0,1,6982.0,1,8071.0
455,2015-03-08,0.0,0.0,0.0,0.0,0,0.0,7.0,0.9266896,0.37582758,1.0,6.123234e-17,1,0,0,1,10401.0,1,9418.0,1,8738.0,1,11066.0,1,6120.0,1,6886.0,1,5478.0,1,6702.0
455,2015-03-09,6463.0,411.0,1.0,0.0,0,0.0,1.0,0.9646356,0.26358718,1.0,6.123234e-17,1,0,0,1,0.0,1,10401.0,1,8916.0,1,0.0,1,6983.0,1,9896.0,1,7063.0,1,7668.0
455,2015-03-10,5749.0,362.0,1.0,0.0,0,0.0,2.0,0.9646356,0.26358718,1.0,6.123234e-17,1,0,0,1,6463.0,1,0.0,1,9418.0,1,10463.0,1,6863.0,1,0.0,1,10136.0,1,8252.0
455,2015-03-11,7317.0,446.0,1.0,0.0,0,0.0,3.0,0.9646356,0.26358718,1.0,6.123234e-17,1,0,0,1,5749.0,1,6463.0,1,10401.0,1,8352.0,1,8531.0,1,6371.0,1,0.0,1,0.0
455,2015-03-12,5607.0,391.0,1.0,0.0,0,0.0,4.0,0.9646356,0.26358718,1.0,6.123234e-17,1,0,0,1,7317.0,1,5749.0,1,0.0,1,8738.0,1,11066.0,1,6120.0,1,5415.0,1,6139.0
455,2015-03-13,6862.0,437.0,1.0,0.0,0,0.0,5.0,0.9646356,0.26358718,1.0,6.123234e-17,1,0,0,1,5607.0,1,7317.0,1,6463.0,1,8916.0,1,0.0,1,6983.0,1,5364.0,1,4892.0
455,2015-03-14,9158.0,564.0,1.0,0.0,0,0.0,6.0,0.9646356,0.26358718,1.0,6.123234e-17,1,0,0,1,6862.0,1,5607.0,1,5749.0,1,9418.0,1,10463.0,1,6863.0,1,7158.0,1,5863.0
455,2015-03-15,0.0,0.0,0.0,0.0,0,0.0,7.0,0.9646356,0.26358718,1.0,6.123234e-17,1,0,0,1,9158.0,1,6862.0,1,7317.0,1,10401.0,1,8352.0,1,8531.0,1,7022.0,1,5475.0
455,2015-03-16,7827.0,482.0,1.0,1.0,0,0.0,1.0,0.9890402,0.14764656,1.0,6.123234e-17,1,0,0,1,0.0,1,9158.0,1,5607.0,1,0.0,1,8738.0,1,11066.0,1,6886.0,1,5607.0
455,2015-03-17,7185.0,445.0,1.0,1.0,0,0.0,2.0,0.9890402,0.14764656,1.0,6.123234e-17,1,0,0,1,7827.0,1,0.0,1,6862.0,1,6463.0,1,8916.0,1,0.0,1,9896.0,1,9892.0
455,2015-03-18,7441.0,453.0,1.0,1.0,0,0.0,3.0,0.9890402,0.14764656,1.0,6.123234e-17,1,0,0,1,7185.0,1,7827.0,1,9158.0,1,5749.0,1,9418.0,1,10463.0,1,0.0,1,0.0
455,2015-03-19,6942.0,444.0,1.0,1.0,0,0.0,4.0,0.9890402,0.14764656,1.0,6.123234e-17,1,0,0,1,7441.0,1,7185.0,1,0.0,1,7317.0,1,10401.0,1,8352.0,1,6371.0,1,6492.0
455,2015-03-20,8354.0,488.0,1.0,1.0,0,0.0,5.0,0.9890402,0.14764656,1.0,6.123234e-17,1,0,0,1,6942.0,1,7441.0,1,7827.0,1,5607.0,1,0.0,1,8738.0,1,6120.0,1,6127.0
455,2015-03-21,9344.0,585.0,1.0,0.0,0,0.0,6.0,0.9890402,0.14764656,1.0,6.123234e-17,1,0,0,1,8354.0,1,6942.0,1,7185.0,1,6862.0,1,6463.0,1,8916.0,1,6983.0,1,7546.0
455,2015-03-22,0.0,0.0,0.0,0.0,0,0.0,7.0,0.9890402,0.14764656,1.0,6.123234e-17,1,0,0,1,9344.0,1,8354.0,1,7441.0,1,9158.0,1,5749.0,1,9418.0,1,6863.0,1,6510.0
455,2015-03-23,5562.0,373.0,1.0,0.0,0,0.0,1.0,0.99956083,0.029633328,1.0,6.123234e-17,1,0,0,1,0.0,1,9344.0,1,6942.0,1,0.0,1,7317.0,1,10401.0,1,8531.0,1,8302.0
455,2015-03-24,5382.0,345.0,1.0,0.0,0,0.0,2.0,0.99956083,0.029633328,1.0,6.123234e-17,1,0,0,1,5562.0,1,0.0,1,8354.0,1,7827.0,1,5607.0,1,0.0,1,11066.0,1,10010.0
455,2015-03-25,6100.0,385.0,1.0,0.0,0,0.0,3.0,0.99956083,0.029633328,1.0,6.123234e-17,1,0,0,1,5382.0,1,5562.0,1,9344.0,1,7185.0,1,6862.0,1,6463.0,1,0.0,1,0.0
455,2015-03-26,6794.0,409.0,1.0,0.0,0,0.0,4.0,0.99956083,0.029633328,1.0,6.123234e-17,1,0,0,1,6100.0,1,5382.0,1,0.0,1,7441.0,1,9158.0,1,5749.0,1,10463.0,1,7730.0
455,2015-03-27,7961.0,455.0,1.0,0.0,0,0.0,5.0,0.99956083,0.029633328,1.0,6.123234e-17,1,0,0,1,6794.0,1,6100.0,1,5562.0,1,6942.0,1,0.0,1,7317.0,1,8352.0,1,7656.0
455,2015-03-28,10826.0,609.0,1.0,0.0,0,0.0,6.0,0.99956083,0.029633328,1.0,6.123234e-17,1,0,0,1,7961.0,1,6794.0,1,5382.0,1,8354.0,1,7827.0,1,5607.0,1,8738.0,1,8852.0
455,2015-03-29,0.0,0.0,0.0,0.0,0,0.0,7.0,0.99956083,0.029633328,1.0,6.123234e-17,1,0,0,1,10826.0,1,7961.0,1,6100.0,1,9344.0,1,7185.0,1,6862.0,1,8916.0,1,8391.0
455,2015-03-30,11272.0,591.0,1.0,1.0,0,1.0,1.0,0.9960498,-0.08879589,1.0,6.123234e-17,1,0,0,1,0.0,1,10826.0,1,6794.0,1,0.0,1,7441.0,1,9158.0,1,9418.0,1,10011.0
455,2015-03-31,9462.0,511.0,1.0,1.0,0,1.0,2.0,0.9960498,-0.08879589,1.0,6.123234e-17,1,0,1,1,11272.0,1,0.0,1,7961.0,1,5562.0,1,6942.0,1,0.0,1,10401.0,1,10820.0
455,2015-04-01,12092.0,640.0,1.0,1.0,0,1.0,3.0,0.9960498,-0.08879589,0.8660254,-0.5,2,1,0,1,9462.0,1,11272.0,1,10826.0,1,5382.0,1,8354.0,1,7827.0,1,0.0,1,0.0
455,2015-04-02,11994.0,687.0,1.0,1.0,0,1.0,4.0,0.9960498,-0.08879589,0.8660254,-0.5,2,0,0,1,12092.0,1,9462.0,1,0.0,1,6100.0,1,9344.0,1,7185.0,1,6463.0,1,5988.0
455,2015-04-03,0.0,0.0,0.0,1.0,2,1.0,5.0,0.9960498,-0.08879589,0.8660254,-0.5,2,0,0,1,11994.0,1,12092.0,1,11272.0,1,6794.0,1,0.0,1,7441.0,1,5749.0,1,6848.0
455,2015-04-04,13632.0,814.0,1.0,0.0,0,0.0,6.0,0.9960498,-0.08879589,0.8660254,-0.5,2,0,0,1,0.0,1,11994.0,1,9462.0,1,7961.0,1,5562.0,1,6942.0,1,7317.0,1,6982.0
455,2015-04-05,0.0,0.0,0.0,0.0,0,0.0,7.0,0.9960498,-0.08879589,0.8660254,-0.5,2,0,0,1,13632.0,1,0.0,1,12092.0,1,10826.0,1,5382.0,1,8354.0,1,5607.0,1,5478.0
455,2015-04-06,0.0,0.0,0.0,0.0,2,1.0,1.0,0.9785565,-0.20597862,0.8660254,-0.5,2,0,0,1,0.0,1,13632.0,1,11994.0,1,0.0,1,6100.0,1,9344.0,1,6862.0,1,7063.0
455,2015-04-07,8411.0,488.0,1.0,0.0,0,1.0,2.0,0.9785565,-0.20597862,0.8660254,-0.5,2,0,0,1,0.0,1,0.0,1,0.0,1,11272.0,1,6794.0,1,0.0,1,9158.0,1,10136.0
455,2015-04-08,7696.0,454.0,1.0,0.0,0,1.0,3.0,0.9785565,-0.20597862,0.8660254,-0.5,2,0,0,1,8411.0,1,0.0,1,13632.0,1,9462.0,1,7961.0,1,5562.0,1,0.0,1,0.0
455,2015-04-09,6677.0,428.0,1.0,0.0,0,1.0,4.0,0.9785565,-0.20597862,0.8660254,-0.5,2,0,0,1,7696.0,1,8411.0,1,0.0,1,12092.0,1,10826.0,1,5382.0,1,7827.0,1,5415.0
455,2015-04-10,7062.0,444.0,1.0,0.0,0,1.0,5.0,0.9785565,-0.20597862,0.8660254,-0.5,2,0,0,1,6677.0,1,7696.0,1,0.0,1,11994.0,1,0.0,1,6100.0,1,7185.0,1,5364.0
455,2015-04-11,10146.0,588.0,1.0,0.0,0,0.0,6.0,0.9785565,-0.20597862,0.8660254,-0.5,2,0,0,1,7062.0,1,6677.0,1,8411.0,1,0.0,1,11272.0,1,6794.0,1,7441.0,1,7158.0
455,2015-04-12,0.0,0.0,0.0,0.0,0,0.0,7.0,0.9785565,-0.20597862,0.8660254,-0.5,2,0,0,1,10146.0,1,7062.0,1,7696.0,1,13632.0,1,9462.0,1,7961.0,1,6942.0,1,7022.0
455,2015-04-13,9388.0,560.0,1.0,1.0,0,0.0,1.0,0.94732636,-0.32026985,0.8660254,-0.5,2,0,0,1,0.0,1,10146.0,1,6677.0,1,0.0,1,12092.0,1,10826.0,1,8354.0,1,6886.0
455,2015-04-14,7534.0,463.0,1.0,1.0,0,0.0,2.0,0.94732636,-0.32026985,0.8660254,-0.5,2,0,0,1,9388.0,1,0.0,1,7062.0,1,0.0,1,11994.0,1,0.0,1,9344.0,1,9896.0
455,2015-04-15,7559.0,467.0,1.0,1.0,0,0.0,3.0,0.94732636,-0.32026985,0.8660254,-0.5,2,0,0,1,7534.0,1,9388.0,1,10146.0,1,8411.0,1,0.0,1,11272.0,1,0.0,1,0.0
455,2015-04-16,7391.0,453.0,1.0,1.0,0,0.0,4.0,0.94732636,-0.32026985,0.8660254,-0.5,2,0,0,1,7559.0,1,7534.0,1,0.0,1,7696.0,1,13632.0,1,9462.0,1,5562.0,1,6371.0
455,2015-04-17,6955.0,456.0,1.0,1.0,0,0.0,5.0,0.94732636,-0.32026985,0.8660254,-0.5,2,0,0,1,7391.0,1,7559.0,1,9388.0,1,6677.0,1,0.0,1,12092.0,1,5382.0,1,6120.0
455,2015-04-18,8928.0,575.0,1.0,0.0,0,0.0,6.0,0.94732636,-0.32026985,0.8660254,-0.5,2,0,0,1,6955.0,1,7391.0,1,7534.0,1,7062.0,1,0.0,1,11994.0,1,6100.0,1,6983.0
455,2015-04-19,0.0,0.0,0.0,0.0,0,0.0,7.0,0.94732636,-0.32026985,0.8660254,-0.5,2,0,0,1,8928.0,1,6955.0,1,7559.0,1,10146.0,1,8411.0,1,0.0,1,6794.0,1,6863.0
455,2015-04-20,5567.0,399.0,1.0,0.0,0,0.0,1.0,0.9027978,-0.4300652,0.8660254,-0.5,2,0,0,1,0.0,1,8928.0,1,7391.0,1,0.0,1,7696.0,1,13632.0,1,7961.0,1,8531.0
455,2015-04-21,5333.0,378.0,1.0,0.0,0,0.0,2.0,0.9027978,-0.4300652,0.8660254,-0.5,2,0,0,1,5567.0,1,0.0,1,6955.0,1,9388.0,1,6677.0,1,0.0,1,10826.0,1,11066.0
455,2015-04-22,6215.0,367.0,1.0,0.0,0,0.0,3.0,0.9027978,-0.4300652,0.8660254,-0.5,2,0,0,1,5333.0,1,5567.0,1,8928.0,1,7534.0,1,7062.0,1,0.0,1,0.0,1,0.0
455,2015-04-23,6246.0,375.0,1.0,0.0,0,0.0,4.0,0.9027978,-0.4300652,0.8660254,-0.5,2,0,0,1,6215.0,1,5333.0,1,0.0,1,7559.0,1,10146.0,1,8411.0,1,11272.0,1,10463.0
455,2015-04-24,5798.0,419.0,1.0,0.0,0,0.0,5.0,0.9027978,-0.4300652,0.8660254,-0.5,2,0,0,1,6246.0,1,6215.0,1,5567.0,1,7391.0,1,0.0,1,7696.0,1,9462.0,1,8352.0
455,2015-04-25,9066.0,529.0,1.0,0.0,0,0.0,6.0,0.9027978,-0.4300652,0.8660254,-0.5,2,0,0,1,5798.0,1,6246.0,1,5333.0,1,6955.0,1,9388.0,1,6677.0,1,12092.0,1,8738.0
455,2015-04-26,0.0,0.0,0.0,0.0,0,0.0,7.0,0.9027978,-0.4300652,0.8660254,-0.5,2,0,0,1,9066.0,1,5798.0,1,6215.0,1,8928.0,1,7534.0,1,7062.0,1,11994.0,1,8916.0
455,2015-04-27,8574.0,504.0,1.0,1.0,0,0.0,1.0,0.845596,-0.5338234,0.8660254,-0.5,2,0,0,1,0.0,1,9066.0,1,6246.0,1,0.0,1,7559.0,1,10146.0,1,0.0,1,9418.0
455,2015-04-28,8032.0,475.0,1.0,1.0,0,0.0,2.0,0.845596,-0.5338234,0.8660254,-0.5,2,0,0,1,8574.0,1,0.0,1,5798.0,1,5567.0,1,7391.0,1,0.0,1,13632.0,1,10401.0
455,2015-04-29,9193.0,532.0,1.0,1.0,0,0.0,3.0,0.845596,-0.5338234,0.8660254,-0.5,2,0,0,1,8032.0,1,8574.0,1,9066.0,1,5333.0,1,6955.0,1,9388.0,1,0.0,1,0.0
455,2015-04-30,9485.0,565.0,1.0,1.0,0,0.0,4.0,0.845596,-0.5338234,0.8660254,-0.5,2,0,1,1,9193.0,1,8032.0,1,0.0,1,6215.0,1,8928.0,1,7534.0,1,0.0,1,6463.0
455,2015-05-01,0.0,0.0,0.0,1.0,1,0.0,5.0,0.845596,-0.5338234,0.5,-0.8660254,2,1,0,1,9485.0,1,9193.0,1,8574.0,1,6246.0,1,0.0,1,7559.0,1,8411.0,1,5749.0
455,2015-05-02,13853.0,764.0,1.0,0.0,0,0.0,6.0,0.845596,-0.5338234,0.5,-0.8660254,2,0,0,1,0.0,1,9485.0,1,8032.0,1,5798.0,1,5567.0,1,7391.0,1,7696.0,1,7317.0
455,2015-05-03,0.0,0.0,0.0,0.0,0,0.0,7.0,0.845596,-0.5338234,0.5,-0.8660254,2,0,0,1,13853.0,1,0.0,1,9193.0,1,9066.0,1,5333.0,1,6955.0,1,6677.0,1,5607.0
455,2015-05-04,8908.0,502.0,1.0,1.0,0,0.0,1.0,0.7765239,-0.63008785,0.5,-0.8660254,2,0,0,1,0.0,1,13853.0,1,9485.0,1,0.0,1,6215.0,1,8928.0,1,7062.0,1,6862.0
455,2015-05-05,9956.0,547.0,1.0,1.0,0,0.0,2.0,0.7765239,-0.63008785,0.5,-0.8660254,2,0,0,1,8908.0,1,0.0,1,0.0,1,8574.0,1,6246.0,1,0.0,1,10146.0,1,9158.0
455,2015-05-06,9461.0,547.0,1.0,1.0,0,0.0,3.0,0.7765239,-0.63008785,0.5,-0.8660254,2,0,0,1,9956.0,1,8908.0,1,13853.0,1,8032.0,1,5798.0,1,5567.0,1,0.0,1,0.0
455,2015-05-07,7748.0,462.0,1.0,1.0,0,0.0,4.0,0.7765239,-0.63008785,0.5,-0.8660254,2,0,0,1,9461.0,1,9956.0,1,0.0,1,9193.0,1,9066.0,1,5333.0,1,9388.0,1,7827.0
455,2015-05-08,11449.0,658.0,1.0,1.0,0,0.0,5.0,0.7765239,-0.63008785,0.5,-0.8660254,2,0,0,1,7748.0,1,9461.0,1,8908.0,1,9485.0,1,0.0,1,6215.0,1,7534.0,1,7185.0
455,2015-05-09,9669.0,572.0,1.0,0.0,0,0.0,6.0,0.7765239,-0.63008785,0.5,-0.8660254,2,0,0,1,11449.0,1,7748.0,1,9956.0,1,0.0,1,8574.0,1,6246.0,1,7559.0,1,7441.0
455,2015-05-10,0.0,0.0,0.0,0.0,0,0.0,7.0,0.7765239,-0.63008785,0.5,-0.8660254,2,0,0,1,9669.0,1,11449.0,1,9461.0,1,13853.0,1,8032.0,1,5798.0,1,7391.0,1,6942.0
455,2015-05-11,5891.0,399.0,1.0,0.0,0,0.0,1.0,0.696551,-0.71750724,0.5,-0.8660254,2,0,0,1,0.0,1,9669.0,1,7748.0,1,0.0,1,9193.0,1,9066.0,1,6955.0,1,8354.0
455,2015-05-12,5877.0,373.0,1.0,0.0,0,0.0,2.0,0.696551,-0.71750724,0.5,-0.8660254,2,0,0,1,5891.0,1,0.0,1,11449.0,1,8908.0,1,9485.0,1,0.0,1,8928.0,1,9344.0
455,2015-05-13,8357.0,522.0,1.0,0.0,0,0.0,3.0,0.696551,-0.71750724,0.5,-0.8660254,2,0,0,1,5877.0,1,5891.0,1,9669.0,1,9956.0,1,0.0,1,8574.0,1,0.0,1,0.0
455,2015-05-14,0.0,0.0,0.0,0.0,1,0.0,4.0,0.696551,-0.71750724,0.5,-0.8660254,2,0,0,1,8357.0,1,5877.0,1,0.0,1,9461.0,1,13853.0,1,8032.0,1,5567.0,1,5562.0
455,2015-05-15,9559.0,577.0,1.0,0.0,0,0.0,5.0,0.696551,-0.71750724,0.5,-0.8660254,2,0,0,1,0.0,1,8357.0,1,5891.0,1,7748.0,1,0.0,1,9193.0,1,5333.0,1,5382.0
455,2015-05-16,8671.0,532.0,1.0,0.0,0,0.0,6.0,0.696551,-0.71750724,0.5,-0.8660254,2,0,0,1,9559.0,1,0.0,1,5877.0,1,11449.0,1,8908.0,1,9485.0,1,6215.0,1,6100.0
455,2015-05-17,0.0,0.0,0.0,0.0,0,0.0,7.0,0.696551,-0.71750724,0.5,-0.8660254,2,0,0,1,8671.0,1,9559.0,1,8357.0,1,9669.0,1,9956.0,1,0.0,1,6246.0,1,6794.0
455,2015-05-18,7510.0,485.0,1.0,1.0,0,0.0,1.0,0.60680014,-0.79485446,0.5,-0.8660254,2,0,0,1,0.0,1,8671.0,1,0.0,1,0.0,1,9461.0,1,13853.0,1,5798.0,1,7961.0
455,2015-05-19,6614.0,433.0,1.0,1.0,0,0.0,2.0,0.60680014,-0.79485446,0.5,-0.8660254,2,0,0,1,7510.0,1,0.0,1,9559.0,1,5891.0,1,7748.0,1,0.0,1,9066.0,1,10826.0
455,2015-05-20,8779.0,474.0,1.0,1.0,0,0.0,3.0,0.60680014,-0.79485446,0.5,-0.8660254,2,0,0,1,6614.0,1,7510.0,1,8671.0,1,5877.0,1,11449.0,1,8908.0,1,0.0,1,0.0
455,2015-05-21,7194.0,459.0,1.0,1.0,0,0.0,4.0,0.60680014,-0.79485446,0.5,-0.8660254,2,0,0,1,8779.0,1,6614.0,1,0.0,1,8357.0,1,9669.0,1,9956.0,1,8574.0,1,11272.0
455,2015-05-22,7732.0,465.0,1.0,1.0,0,0.0,5.0,0.60680014,-0.79485446,0.5,-0.8660254,2,0,0,1,7194.0,1,8779.0,1,7510.0,1,0.0,1,0.0,1,9461.0,1,8032.0,1,9462.0
455,2015-05-23,8820.0,572.0,1.0,0.0,0,0.0,6.0,0.60680014,-0.79485446,0.5,-0.8660254,2,0,0,1,7732.0,1,7194.0,1,6614.0,1,9559.0,1,5891.0,1,7748.0,1,9193.0,1,12092.0
455,2015-05-24,0.0,0.0,0.0,0.0,0,0.0,7.0,0.60680014,-0.79485446,0.5,-0.8660254,2,0,0,1,8820.0,1,7732.0,1,8779.0,1,8671.0,1,5877.0,1,11449.0,1,9485.0,1,11994.0
455,2015-05-25,0.0,0.0,0.0,0.0,1,0.0,1.0,0.5085311,-0.86104363,0.5,-0.8660254,2,0,0,1,0.0,1,8820.0,1,7194.0,1,0.0,1,8357.0,1,9669.0,1,0.0,1,0.0
455,2015-05-26,6610.0,432.0,1.0,0.0,0,1.0,2.0,0.5085311,-0.86104363,0.5,-0.8660254,2,0,0,1,0.0,1,0.0,1,7732.0,1,7510.0,1,0.0,1,0.0,1,13853.0,1,13632.0
455,2015-05-27,7006.0,417.0,1.0,0.0,0,1.0,3.0,0.5085311,-0.86104363,0.5,-0.8660254,2,0,0,1,6610.0,1,0.0,1,8820.0,1,6614.0,1,9559.0,1,5891.0,1,0.0,1,0.0
455,2015-05-28,6534.0,412.0,1.0,0.0,0,1.0,4.0,0.5085311,-0.86104363,0.5,-0.8660254,2,0,0,1,7006.0,1,6610.0,1,0.0,1,8779.0,1,8671.0,1,5877.0,1,8908.0,1,0.0
455,2015-05-29,7101.0,435.0,1.0,0.0,0,1.0,5.0,0.5085311,-0.86104363,0.5,-0.8660254,2,0,0,1,6534.0,1,7006.0,1,0.0,1,7194.0,1,0.0,1,8357.0,1,9956.0,1,8411.0
455,2015-05-30,10552.0,625.0,1.0,0.0,0,0.0,6.0,0.5085311,-0.86104363,0.5,-0.8660254,2,0,0,1,7101.0,1,6534.0,1,6610.0,1,7732.0,1,7510.0,1,0.0,1,9461.0,1,7696.0
455,2015-05-31,0.0,0.0,0.0,0.0,0,0.0,7.0,0.5085311,-0.86104363,0.5,-0.8660254,2,0,1,1,10552.0,1,7101.0,1,7006.0,1,8820.0,1,6614.0,1,9559.0,1,7748.0,1,6677.0
455,2015-06-01,10070.0,555.0,1.0,1.0,0,1.0,1.0,0.40312344,-0.91514564,1.2246469e-16,-1.0,2,1,0,1,0.0,1,10552.0,1,6534.0,1,0.0,1,8779.0,1,8671.0,1,11449.0,1,7062.0
455,2015-06-02,8604.0,506.0,1.0,1.0,0,1.0,2.0,0.40312344,-0.91514564,1.2246469e-16,-1.0,2,0,0,1,10070.0,1,0.0,1,7101.0,1,0.0,1,7194.0,1,0.0,1,9669.0,1,10146.0
455,2015-06-03,9597.0,589.0,1.0,1.0,0,1.0,3.0,0.40312344,-0.91514564,1.2246469e-16,-1.0,2,0,0,1,8604.0,1,10070.0,1,10552.0,1,6610.0,1,7732.0,1,7510.0,1,0.0,1,0.0
455,2015-06-04,0.0,0.0,0.0,1.0,1,1.0,4.0,0.40312344,-0.91514564,1.2246469e-16,-1.0,2,0,0,1,9597.0,1,8604.0,1,0.0,1,7006.0,1,8820.0,1,6614.0,1,5891.0,1,9388.0
455,2015-06-05,10723.0,636.0,1.0,1.0,0,1.0,5.0,0.40312344,-0.91514564,1.2246469e-16,-1.0,2,0,0,1,0.0,1,9597.0,1,10070.0,1,6534.0,1,0.0,1,8779.0,1,5877.0,1,7534.0
455,2015-06-06,10843.0,608.0,1.0,0.0,0,0.0,6.0,0.40312344,-0.91514564,1.2246469e-16,-1.0,2,0,0,1,10723.0,1,0.0,1,8604.0,1,7101.0,1,0.0,1,7194.0,1,8357.0,1,7559.0
455,2015-06-07,0.0,0.0,0.0,0.0,0,0.0,7.0,0.40312344,-0.91514564,1.2246469e-16,-1.0,2,0,0,1,10843.0,1,10723.0,1,9597.0,1,10552.0,1,6610.0,1,7732.0,1,0.0,1,7391.0
455,2015-06-08,7412.0,434.0,1.0,0.0,0,0.0,1.0,0.29205677,-0.956401,1.2246469e-16,-1.0,2,0,0,1,0.0,1,10843.0,1,0.0,1,0.0,1,7006.0,1,8820.0,1,9559.0,1,6955.0
455,2015-06-09,7130.0,453.0,1.0,0.0,0,0.0,2.0,0.29205677,-0.956401,1.2246469e-16,-1.0,2,0,0,1,7412.0,1,0.0,1,10723.0,1,10070.0,1,6534.0,1,0.0,1,8671.0,1,8928.0
455,2015-06-10,6919.0,420.0,1.0,0.0,0,0.0,3.0,0.29205677,-0.956401,1.2246469e-16,-1.0,2,0,0,1,7130.0,1,7412.0,1,10843.0,1,8604.0,1,7101.0,1,0.0,1,0.0,1,0.0
455,2015-06-11,5775.0,402.0,1.0,0.0,0,0.0,4.0,0.29205677,-0.956401,1.2246469e-16,-1.0,2,0,0,1,6919.0,1,7130.0,1,0.0,1,9597.0,1,10552.0,1,6610.0,1,7510.0,1,5567.0
455,2015-06-12,6890.0,453.0,1.0,0.0,0,0.0,5.0,0.29205677,-0.956401,1.2246469e-16,-1.0,2,0,0,1,5775.0,1,6919.0,1,7412.0,1,0.0,1,0.0,1,7006.0,1,6614.0,1,5333.0
455,2015-06-13,9878.0,601.0,1.0,0.0,0,0.0,6.0,0.29205677,-0.956401,1.2246469e-16,-1.0,2,0,0,1,6890.0,1,5775.0,1,7130.0,1,10723.0,1,10070.0,1,6534.0,1,8779.0,1,6215.0
455,2015-06-14,0.0,0.0,0.0,0.0,0,0.0,7.0,0.29205677,-0.956401,1.2246469e-16,-1.0,2,0,0,1,9878.0,1,6890.0,1,6919.0,1,10843.0,1,8604.0,1,7101.0,1,7194.0,1,6246.0
455,2015-06-15,9946.0,581.0,1.0,1.0,0,0.0,1.0,0.17689027,-0.9842306,1.2246469e-16,-1.0,2,0,0,1,0.0,1,9878.0,1,5775.0,1,0.0,1,9597.0,1,10552.0,1,7732.0,1,5798.0
455,2015-06-16,7275.0,472.0,1.0,1.0,0,0.0,2.0,0.17689027,-0.9842306,1.2246469e-16,-1.0,2,0,0,1,9946.0,1,0.0,1,6890.0,1,7412.0,1,0.0,1,0.0,1,8820.0,1,9066.0
455,2015-06-17,8269.0,499.0,1.0,1.0,0,0.0,3.0,0.17689027,-0.9842306,1.2246469e-16,-1.0,2,0,0,1,7275.0,1,9946.0,1,9878.0,1,7130.0,1,10723.0,1,10070.0,1,0.0,1,0.0
455,2015-06-18,8050.0,511.0,1.0,1.0,0,0.0,4.0,0.17689027,-0.9842306,1.2246469e-16,-1.0,2,0,0,1,8269.0,1,7275.0,1,0.0,1,6919.0,1,10843.0,1,8604.0,1,0.0,1,8574.0
455,2015-06-19,7335.0,458.0,1.0,1.0,0,0.0,5.0,0.17689027,-0.9842306,1.2246469e-16,-1.0,2,0,0,1,8050.0,1,8269.0,1,9946.0,1,5775.0,1,0.0,1,9597.0,1,6610.0,1,8032.0
455,2015-06-20,9019.0,576.0,1.0,0.0,0,0.0,6.0,0.17689027,-0.9842306,1.2246469e-16,-1.0,2,0,0,1,7335.0,1,8050.0,1,7275.0,1,6890.0,1,7412.0,1,0.0,1,7006.0,1,9193.0
455,2015-06-21,0.0,0.0,0.0,0.0,0,0.0,7.0,0.17689027,-0.9842306,1.2246469e-16,-1.0,2,0,0,1,9019.0,1,7335.0,1,8269.0,1,9878.0,1,7130.0,1,10723.0,1,6534.0,1,9485.0
455,2015-06-22,5954.0,396.0,1.0,0.0,0,0.0,1.0,0.059240628,-0.99824375,1.2246469e-16,-1.0,2,0,0,1,0.0,1,9019.0,1,8050.0,1,0.0,1,6919.0,1,10843.0,1,7101.0,1,0.0
455,2015-06-23,5854.0,384.0,1.0,0.0,0,0.0,2.0,0.059240628,-0.99824375,1.2246469e-16,-1.0,2,0,0,1,5954.0,1,0.0,1,7335.0,1,9946.0,1,5775.0,1,0.0,1,10552.0,1,13853.0
455,2015-06-24,5323.0,360.0,1.0,0.0,0,0.0,3.0,0.059240628,-0.99824375,1.2246469e-16,-1.0,2,0,0,1,5854.0,1,5954.0,1,9019.0,1,7275.0,1,6890.0,1,7412.0,1,0.0,1,0.0
455,2015-06-25,5850.0,400.0,1.0,0.0,0,0.0,4.0,0.059240628,-0.99824375,1.2246469e-16,-1.0,2,0,0,1,5323.0,1,5854.0,1,0.0,1,8269.0,1,9878.0,1,7130.0,1,10070.0,1,8908.0
455,2015-06-26,6227.0,412.0,1.0,0.0,0,0.0,5.0,0.059240628,-0.99824375,1.2246469e-16,-1.0,2,0,0,1,5850.0,1,5323.0,1,5954.0,1,8050.0,1,0.0,1,6919.0,1,8604.0,1,9956.0
455,2015-06-27,10033.0,591.0,1.0,0.0,0,0.0,6.0,0.059240628,-0.99824375,1.2246469e-16,-1.0,2,0,0,1,6227.0,1,5850.0,1,5854.0,1,7335.0,1,9946.0,1,5775.0,1,9597.0,1,9461.0
455,2015-06-28,0.0,0.0,0.0,0.0,0,0.0,7.0,0.059240628,-0.99824375,1.2246469e-16,-1.0,2,0,0,1,10033.0,1,6227.0,1,5323.0,1,9019.0,1,7275.0,1,6890.0,1,0.0,1,7748.0
455,2015-06-29,9156.0,531.0,1.0,1.0,0,0.0,1.0,-0.059240628,-0.99824375,1.2246469e-16,-1.0,2,0,0,1,0.0,1,10033.0,1,5850.0,1,0.0,1,8269.0,1,9878.0,1,10723.0,1,11449.0
455,2015-06-30,9041.0,530.0,1.0,1.0,0,0.0,2.0,-0.059240628,-0.99824375,1.2246469e-16,-1.0,2,0,1,1,9156.0,1,0.0,1,6227.0,1,5954.0,1,8050.0,1,0.0,1,10843.0,1,9669.0
455,2015-07-01,9383.0,538.0,1.0,1.0,0,0.0,3.0,-0.059240628,-0.99824375,-0.5,-0.8660254,3,1,0,1,9041.0,1,9156.0,1,10033.0,1,5854.0,1,7335.0,1,9946.0,1,0.0,1,0.0
455,2015-07-02,8559.0,477.0,1.0,1.0,0,0.0,4.0,-0.059240628,-0.99824375,-0.5,-0.8660254,3,0,0,1,9383.0,1,9041.0,1,0.0,1,5323.0,1,9019.0,1,7275.0,1,7412.0,1,5891.0
455,2015-07-03,8920.0,503.0,1.0,1.0,0,0.0,5.0,-0.059240628,-0.99824375,-0.5,-0.8660254,3,0,0,1,8559.0,1,9383.0,1,9156.0,1,5850.0,1,0.0,1,8269.0,1,7130.0,1,5877.0
455,2015-07-04,9500.0,538.0,1.0,0.0,0,0.0,6.0,-0.059240628,-0.99824375,-0.5,-0.8660254,3,0,0,1,8920.0,1,8559.0,1,9041.0,1,6227.0,1,5954.0,1,8050.0,1,6919.0,1,8357.0
455,2015-07-05,0.0,0.0,0.0,0.0,0,0.0,7.0,-0.059240628,-0.99824375,-0.5,-0.8660254,3,0,0,1,9500.0,1,8920.0,1,9383.0,1,10033.0,1,5854.0,1,7335.0,1,5775.0,1,0.0
455,2015-07-06,8984.0,489.0,1.0,0.0,0,0.0,1.0,-0.17689027,-0.9842306,-0.5,-0.8660254,3,0,0,1,0.0,1,9500.0,1,8559.0,1,0.0,1,5323.0,1,9019.0,1,6890.0,1,9559.0
455,2015-07-07,7532.0,413.0,1.0,0.0,0,0.0,2.0,-0.17689027,-0.9842306,-0.5,-0.8660254,3,0,0,1,8984.0,1,0.0,1,8920.0,1,9156.0,1,5850.0,1,0.0,1,9878.0,1,8671.0
455,2015-07-08,9345.0,486.0,1.0,0.0,0,0.0,3.0,-0.17689027,-0.9842306,-0.5,-0.8660254,3,0,0,1,7532.0,1,8984.0,1,9500.0,1,9041.0,1,6227.0,1,5954.0,1,0.0,1,0.0
455,2015-07-09,7276.0,469.0,1.0,0.0,0,0.0,4.0,-0.17689027,-0.9842306,-0.5,-0.8660254,3,0,0,1,9345.0,1,7532.0,1,0.0,1,9383.0,1,10033.0,1,5854.0,1,9946.0,1,7510.0
455,2015-07-10,7091.0,450.0,1.0,0.0,0,0.0,5.0,-0.17689027,-0.9842306,-0.5,-0.8660254,3,0,0,1,7276.0,1,9345.0,1,8984.0,1,8559.0,1,0.0,1,5323.0,1,7275.0,1,6614.0
455,2015-07-11,10307.0,563.0,1.0,0.0,0,0.0,6.0,-0.17689027,-0.9842306,-0.5,-0.8660254,3,0,0,1,7091.0,1,7276.0,1,7532.0,1,8920.0,1,9156.0,1,5850.0,1,8269.0,1,8779.0
455,2015-07-12,0.0,0.0,0.0,0.0,0,0.0,7.0,-0.17689027,-0.9842306,-0.5,-0.8660254,3,0,0,1,10307.0,1,7091.0,1,9345.0,1,9500.0,1,9041.0,1,6227.0,1,8050.0,1,7194.0
455,2015-07-13,10042.0,595.0,1.0,1.0,0,0.0,1.0,-0.29205677,-0.956401,-0.5,-0.8660254,3,0,0,1,0.0,1,10307.0,1,7276.0,1,0.0,1,9383.0,1,10033.0,1,7335.0,1,7732.0
455,2015-07-14,10930.0,601.0,1.0,1.0,0,0.0,2.0,-0.29205677,-0.956401,-0.5,-0.8660254,3,0,0,1,10042.0,1,0.0,1,7091.0,1,8984.0,1,8559.0,1,0.0,1,9019.0,1,8820.0
455,2015-07-15,8006.0,471.0,1.0,1.0,0,0.0,3.0,-0.29205677,-0.956401,-0.5,-0.8660254,3,0,0,1,10930.0,1,10042.0,1,10307.0,1,7532.0,1,8920.0,1,9156.0,1,0.0,1,0.0
455,2015-07-16,6542.0,422.0,1.0,1.0,0,0.0,4.0,-0.29205677,-0.956401,-0.5,-0.8660254,3,0,0,1,8006.0,1,10930.0,1,0.0,1,9345.0,1,9500.0,1,9041.0,1,5954.0,1,0.0
455,2015-07-17,6676.0,451.0,1.0,1.0,0,0.0,5.0,-0.29205677,-0.956401,-0.5,-0.8660254,3,0,0,1,6542.0,1,8006.0,1,10042.0,1,7276.0,1,0.0,1,9383.0,1,5854.0,1,6610.0
455,2015-07-18,9860.0,532.0,1.0,0.0,0,0.0,6.0,-0.29205677,-0.956401,-0.5,-0.8660254,3,0,0,1,6676.0,1,6542.0,1,10930.0,1,7091.0,1,8984.0,1,8559.0,1,5323.0,1,7006.0
455,2015-07-19,0.0,0.0,0.0,0.0,0,0.0,7.0,-0.29205677,-0.956401,-0.5,-0.8660254,3,0,0,1,9860.0,1,6676.0,1,8006.0,1,10307.0,1,7532.0,1,8920.0,1,5850.0,1,6534.0
455,2015-07-20,6846.0,426.0,1.0,0.0,0,0.0,1.0,-0.40312344,-0.91514564,-0.5,-0.8660254,3,0,0,1,0.0,1,9860.0,1,6542.0,1,0.0,1,9345.0,1,9500.0,1,6227.0,1,7101.0
455,2015-07-21,6019.0,395.0,1.0,0.0,0,0.0,2.0,-0.40312344,-0.91514564,-0.5,-0.8660254,3,0,0,1,6846.0,1,0.0,1,6676.0,1,10042.0,1,7276.0,1,0.0,1,10033.0,1,10552.0
455,2015-07-22,6091.0,389.0,1.0,0.0,0,0.0,3.0,-0.40312344,-0.91514564,-0.5,-0.8660254,3,0,0,1,6019.0,1,6846.0,1,9860.0,1,10930.0,1,7091.0,1,8984.0,1,0.0,1,0.0
455,2015-07-23,7269.0,460.0,1.0,0.0,0,0.0,4.0,-0.40312344,-0.91514564,-0.5,-0.8660254,3,0,0,1,6091.0,1,6019.0,1,0.0,1,8006.0,1,10307.0,1,7532.0,1,9156.0,1,10070.0
455,2015-07-24,6842.0,450.0,1.0,0.0,0,0.0,5.0,-0.40312344,-0.91514564,-0.5,-0.8660254,3,0,0,1,7269.0,1,6091.0,1,6846.0,1,6542.0,1,0.0,1,9345.0,1,9041.0,1,8604.0
455,2015-07-25,8067.0,518.0,1.0,0.0,0,0.0,6.0,-0.40312344,-0.91514564,-0.5,-0.8660254,3,0,0,1,6842.0,1,7269.0,1,6019.0,1,6676.0,1,10042.0,1,7276.0,1,9383.0,1,9597.0
455,2015-07-26,0.0,0.0,0.0,0.0,0,0.0,7.0,-0.40312344,-0.91514564,-0.5,-0.8660254,3,0,0,1,8067.0,1,6842.0,1,6091.0,1,9860.0,1,10930.0,1,7091.0,1,8559.0,1,0.0
455,2015-07-27,9005.0,512.0,1.0,1.0,0,0.0,1.0,-0.5085311,-0.86104363,-0.5,-0.8660254,3,0,0,1,0.0,1,8067.0,1,7269.0,1,0.0,1,8006.0,1,10307.0,1,8920.0,1,10723.0
455,2015-07-28,9293.0,492.0,1.0,1.0,0,0.0,2.0,-0.5085311,-0.86104363,-0.5,-0.8660254,3,0,0,1,9005.0,1,0.0,1,6842.0,1,6846.0,1,6542.0,1,0.0,1,9500.0,1,10843.0
455,2015-07-29,9369.0,522.0,1.0,1.0,0,0.0,3.0,-0.5085311,-0.86104363,-0.5,-0.8660254,3,0,0,1,9293.0,1,9005.0,1,8067.0,1,6019.0,1,6676.0,1,10042.0,1,0.0,1,0.0
455,2015-07-30,9372.0,509.0,1.0,1.0,0,1.0,4.0,-0.5085311,-0.86104363,-0.5,-0.8660254,3,0,0,1,9369.0,1,9293.0,1,0.0,1,6091.0,1,9860.0,1,10930.0,1,8984.0,1,7412.0
455,2015-07-31,9743.0,566.0,1.0,1.0,0,1.0,5.0,-0.5085311,-0.86104363,-0.5,-0.8660254,3,0,1,1,9372.0,1,9369.0,1,9005.0,1,7269.0,1,0.0,1,8006.0,1,7532.0,1,7130.0
