id,timestamp,target,Customers,Open,Promo,StateHoliday,SchoolHoliday,DayOfWeek,week_sin,week_cos,month_sin,month_cos,quarter,is_month_start,is_month_end,lag_1_known,lag_1,lag_2_known,lag_2,lag_4_known,lag_4,lag_8_known,lag_8,lag_12_known,lag_12,lag_16_known,lag_16,lag_24_known,lag_24,lag_52_known,lag_52,ema_4,ema_8,chg_1
532,2013-01-01,0.0,0.0,0.0,0.0,1,1.0,2.0,0.11827317,0.9929811,0.5,0.8660254,1,1,0,0,0.0,0,0.0,0,0.0,0,0.0,0,0.0,0,0.0,0,0.0,0,0.0,0.0,0.0,0.0
532,2013-01-02,10278.0,1202.0,1.0,0.0,0,1.0,3.0,0.11827317,0.9929811,0.5,0.8660254,1,0,0,1,0.0,0,0.0,0,0.0,0,0.0,0,0.0,0,0.0,0,0.0,0,0.0,0.0,0.0,0.0
532,2013-01-03,9168.0,1109.0,1.0,0.0,0,1.0,4.0,0.11827317,0.9929811,0.5,0.8660254,1,0,0,1,10278.0,1,0.0,0,0.0,0,0.0,0,0.0,0,0.0,0,0.0,0,0.0,4111.2,2284.0,10278.0
532,2013-01-04,8885.0,1136.0,1.0,0.0,0,1.0,5.0,0.11827317,0.9929811,0.5,0.8660254,1,0,0,1,9168.0,1,10278.0,0,0.0,0,0.0,0,0.0,0,0.0,0,0.0,0,0.0,6133.92,3813.7778,-1110.0
532,2013-01-05,9124.0,1130.0,1.0,0.0,0,0.0,6.0,0.11827317,0.9929811,0.5,0.8660254,1,0,0,1,8885.0,1,9168.0,1,0.0,0,0.0,0,0.0,0,0.0,0,0.0,0,0.0,7234.352,4940.716,-283.0
532,2013-01-06,0.0,0.0,0.0,0.0,0,0.0,7.0,0.11827317,0.9929811,0.5,0.8660254,1,0,0,1,9124.0,1,8885.0,1,10278.0,0,0.0,0,0.0,0,0.0,0,0.0,0,0.0,7990.2114,5870.3345,239.0
532,2013-01-07,13453.0,1607.0,1.0,1.0,0,0.0,1.0,0.23488605,0.9720229,0.5,0.8660254,1,0,0,1,0.0,1,9124.0,1,9168.0,0,0.0,0,0.0,0,0.0,0,0.0,0,0.0,4794.127,4565.816,-9124.0
532,2013-01-08,12264.0,1445.0,1.0,1.0,0,0.0,2.0,0.23488605,0.9720229,0.5,0.8660254,1,0,0,1,13453.0,1,0.0,1,8885.0,0,0.0,0,0.0,0,0.0,0,0.0,0,0.0,8257.676,6540.7456,13453.0
532,2013-01-09,11117.0,1323.0,1.0,1.0,0,0.0,3.0,0.23488605,0.9720229,0.5,0.8660254,1,0,0,1,12264.0,1,13453.0,1,9124.0,1,0.0,0,0.0,0,0.0,0,0.0,0,0.0,9860.206,7812.58,-1189.0
532,2013-01-10,10980.0,1328.0,1.0,1.0,0,0.0,4.0,0.23488605,0.9720229,0.5,0.8660254,1,0,0,1,11117.0,1,12264.0,1,0.0,1,10278.0,0,0.0,0,0.0,0,0.0,0,0.0,10362.924,8546.8955,-1147.0
532,2013-01-11,10269.0,1251.0,1.0,1.0,0,0.0,5.0,0.23488605,0.9720229,0.5,0.8660254,1,0,0,1,10980.0,1,11117.0,1,13453.0,1,9168.0,0,0.0,0,0.0,0,0.0,0,0.0,10609.754,9087.585,-137.0
532,2013-01-12,9644.0,1164.0,1.0,0.0,0,0.0,6.0,0.23488605,0.9720229,0.5,0.8660254,1,0,0,1,10269.0,1,10980.0,1,12264.0,1,8885.0,0,0.0,0,0.0,0,0.0,0,0.0,10473.452,9350.122,-711.0
532,2013-01-13,0.0,0.0,0.0,0.0,0,0.0,7.0,0.23488605,0.9720229,0.5,0.8660254,1,0,0,1,9644.0,1,10269.0,1,11117.0,1,9124.0,1,0.0,0,0.0,0,0.0,0,0.0,10141.672,9415.428,-625.0
532,2013-01-14,10471.0,1311.0,1.0,0.0,0,0.0,1.0,0.34820163,0.93741965,0.5,0.8660254,1,0,0,1,0.0,1,9644.0,1,10980.0,1,0.0,1,10278.0,0,0.0,0,0.0,0,0.0,6085.003,7323.111,-9644.0
532,2013-01-15,9021.0,1135.0,1.0,0.0,0,0.0,2.0,0.34820163,0.93741965,0.5,0.8660254,1,0,0,1,10471.0,1,0.0,1,10269.0,1,13453.0,1,9168.0,0,0.0,0,0.0,0,0.0,7839.402,8022.6416,10471.0
532,2013-01-16,8466.0,1086.0,1.0,0.0,0,0.0,3.0,0.34820163,0.93741965,0.5,0.8660254,1,0,0,1,9021.0,1,10471.0,1,9644.0,1,12264.0,1,8885.0,0,0.0,0,0.0,0,0.0,8312.041,8244.499,-1450.0
532,2013-01-17,8195.0,1121.0,1.0,0.0,0,0.0,4.0,0.34820163,0.93741965,0.5,0.8660254,1,0,0,1,8466.0,1,9021.0,1,0.0,1,11117.0,1,9124.0,1,0.0,0,0.0,0,0.0,8373.625,8293.722,-555.0
532,2013-01-18,9426.0,1241.0,1.0,0.0,0,0.0,5.0,0.34820163,0.93741965,0.5,0.8660254,1,0,0,1,8195.0,1,8466.0,1,10471.0,1,10980.0,1,0.0,1,10278.0,0,0.0,0,0.0,8302.175,8271.783,-271.0
532,2013-01-19,10294.0,1209.0,1.0,0.0,0,0.0,6.0,0.34820163,0.93741965,0.5,0.8660254,1,0,0,1,9426.0,1,8195.0,1,9021.0,1,10269.0,1,13453.0,1,9168.0,0,0.0,0,0.0,8751.705,8528.276,1231.0
532,2013-01-20,0.0,0.0,0.0,0.0,0,0.0,7.0,0.34820163,0.93741965,0.5,0.8660254,1,0,0,1,10294.0,1,9426.0,1,8466.0,1,9644.0,1,12264.0,1,8885.0,0,0.0,0,0.0,9368.623,8920.659,868.0
532,2013-01-21,12686.0,1499.0,1.0,1.0,0,0.0,1.0,0.45662925,0.8896571,0.5,0.8660254,1,0,0,1,0.0,1,10294.0,1,8195.0,1,0.0,1,11117.0,1,9124.0,0,0.0,0,0.0,5621.174,6938.2905,-10294.0
532,2013-01-22,11353.0,1327.0,1.0,1.0,0,0.0,2.0,0.45662925,0.8896571,0.5,0.8660254,1,0,0,1,12686.0,1,0.0,1,9426.0,1,10471.0,1,10980.0,1,0.0,0,0.0,0,0.0,8447.1045,8215.56,12686.0
532,2013-01-23,10938.0,1332.0,1.0,1.0,0,0.0,3.0,0.45662925,0.8896571,0.5,0.8660254,1,0,0,1,11353.0,1,12686.0,1,10294.0,1,9021.0,1,10269.0,1,13453.0,0,0.0,0,0.0,9609.463,8912.769,-1333.0
532,2013-01-24,10609.0,1250.0,1.0,1.0,0,0.0,4.0,0.45662925,0.8896571,0.5,0.8660254,1,0,0,1,10938.0,1,11353.0,1,0.0,1,8466.0,1,9644.0,1,12264.0,0,0.0,0,0.0,10140.878,9362.819,-415.0
532,2013-01-25,9969.0,1206.0,1.0,1.0,0,0.0,5.0,0.45662925,0.8896571,0.5,0.8660254,1,0,0,1,10609.0,1,10938.0,1,12686.0,1,8195.0,1,0.0,1,11117.0,1,0.0,0,0.0,10328.127,9639.749,-329.0
532,2013-01-26,9761.0,1176.0,1.0,0.0,0,0.0,6.0,0.45662925,0.8896571,0.5,0.8660254,1,0,0,1,9969.0,1,10609.0,1,11353.0,1,9426.0,1,10471.0,1,10980.0,1,10278.0,0,0.0,10184.476,9712.916,-640.0
532,2013-01-27,0.0,0.0,0.0,0.0,0,0.0,7.0,0.45662925,0.8896571,0.5,0.8660254,1,0,0,1,9761.0,1,9969.0,1,10938.0,1,10294.0,1,9021.0,1,10269.0,1,9168.0,0,0.0,10015.086,9723.601,-208.0
532,2013-01-28,10014.0,1263.0,1.0,0.0,0,0.0,1.0,0.55864674,0.82940567,0.5,0.8660254,1,0,0,1,0.0,1,9761.0,1,10609.0,1,0.0,1,8466.0,1,9644.0,1,8885.0,0,0.0,6009.0513,7562.801,-9761.0
532,2013-01-29,9274.0,1177.0,1.0,0.0,0,0.0,2.0,0.55864674,0.82940567,0.5,0.8660254,1,0,0,1,10014.0,1,0.0,1,9969.0,1,12686.0,1,8195.0,1,0.0,1,9124.0,0,0.0,7611.031,8107.5117,10014.0
532,2013-01-30,9604.0,1209.0,1.0,0.0,0,0.0,3.0,0.55864674,0.82940567,0.5,0.8660254,1,0,0,1,9274.0,1,10014.0,1,9761.0,1,11353.0,1,9426.0,1,10471.0,1,0.0,0,0.0,8276.219,8366.731,-740.0
532,2013-01-31,9974.0,1218.0,1.0,0.0,0,0.0,4.0,0.55864674,0.82940567,0.5,0.8660254,1,0,1,1,9604.0,1,9274.0,1,0.0,1,10938.0,1,10294.0,1,9021.0,1,13453.0,0,0.0,8807.331,8641.68,330.0
532,2013-02-01,10453.0,1250.0,1.0,0.0,0,0.0,5.0,0.55864674,0.82940567,0.8660254,0.5,1,1,0,1,9974.0,1,9604.0,1,10014.0,1,10609.0,1,0.0,1,8466.0,1,12264.0,0,0.0,9273.999,8937.751,370.0
532,2013-02-02,11444.0,1331.0,1.0,0.0,0,0.0,6.0,0.55864674,0.82940567,0.8660254,0.5,1,0,0,1,10453.0,1,9974.0,1,9274.0,1,9969.0,1,12686.0,1,8195.0,1,11117.0,0,0.0,9745.6,9274.473,479.0
532,2013-02-03,0.0,0.0,0.0,0.0,0,0.0,7.0,0.55864674,0.82940567,0.8660254,0.5,1,0,0,1,11444.0,1,10453.0,1,9604.0,1,9761.0,1,11353.0,1,9426.0,1,10980.0,0,0.0,10424.96,9756.59,991.0
532,2013-02-04,13918.0,1626.0,1.0,1.0,0,0.0,1.0,0.65282214,0.75751126,0.8660254,0.5,1,0,0,1,0.0,1,11444.0,1,9974.0,1,0.0,1,10938.0,1,10294.0,1,10269.0,0,0.0,6254.9756,7588.459,-11444.0
532,2013-02-05,14096.0,1560.0,1.0,1.0,0,0.0,2.0,0.65282214,0.75751126,0.8660254,0.5,1,0,0,1,13918.0,1,0.0,1,10453.0,1,10014.0,1,10609.0,1,0.0,1,9644.0,0,0.0,9320.186,8995.023,13918.0
532,2013-02-06,16317.0,1944.0,1.0,1.0,0,0.0,3.0,0.65282214,0.75751126,0.8660254,0.5,1,0,0,1,14096.0,1,13918.0,1,11444.0,1,9274.0,1,9969.0,1,12686.0,1,0.0,0,0.0,11230.512,10128.574,178.0
532,2013-02-07,3435.0,475.0,1.0,1.0,0,0.0,4.0,0.65282214,0.75751126,0.8660254,0.5,1,0,0,1,16317.0,1,14096.0,1,0.0,1,9604.0,1,9761.0,1,11353.0,1,10471.0,0,0.0,13265.106,11503.779,2221.0
532,2013-02-08,10604.0,1267.0,1.0,1.0,0,0.0,5.0,0.65282214,0.75751126,0.8660254,0.5,1,0,0,1,3435.0,1,16317.0,1,13918.0,1,9974.0,1,0.0,1,10938.0,1,9021.0,0,0.0,9333.064,9710.718,-12882.0
532,2013-02-09,9200.0,1168.0,1.0,0.0,0,0.0,6.0,0.65282214,0.75751126,0.8660254,0.5,1,0,0,1,10604.0,1,3435.0,1,14096.0,1,10453.0,1,10014.0,1,10609.0,1,8466.0,0,0.0,9841.438,9909.225,7169.0
532,2013-02-10,0.0,0.0,0.0,0.0,0,0.0,7.0,0.65282214,0.75751126,0.8660254,0.5,1,0,0,1,9200.0,1,10604.0,1,16317.0,1,11444.0,1,9274.0,1,9969.0,1,8195.0,0,0.0,9584.863,9751.619,-1404.0
532,2013-02-11,2326.0,344.0,1.0,0.0,0,0.0,1.0,0.73783326,0.674983,0.8660254,0.5,1,0,0,1,0.0,1,9200.0,1,3435.0,1,0.0,1,9604.0,1,9761.0,1,9426.0,0,0.0,5750.918,7584.593,-9200.0
532,2013-02-12,9470.0,1162.0,1.0,0.0,0,0.0,2.0,0.73783326,0.674983,0.8660254,0.5,1,0,0,1,2326.0,1,0.0,1,10604.0,1,13918.0,1,9974.0,1,0.0,1,10294.0,0,0.0,4380.9507,6416.0166,2326.0
532,2013-02-13,10272.0,1305.0,1.0,0.0,0,0.0,3.0,0.73783326,0.674983,0.8660254,0.5,1,0,0,1,9470.0,1,2326.0,1,9200.0,1,14096.0,1,10453.0,1,10014.0,1,0.0,0,0.0,6416.5703,7094.6797,7144.0
532,2013-02-14,9866.0,1247.0,1.0,0.0,0,0.0,4.0,0.73783326,0.674983,0.8660254,0.5,1,0,0,1,10272.0,1,9470.0,1,0.0,1,16317.0,1,11444.0,1,9274.0,1,12686.0,0,0.0,7958.742,7800.751,802.0
532,2013-02-15,9446.0,1162.0,1.0,0.0,0,0.0,5.0,0.73783326,0.674983,0.8660254,0.5,1,0,0,1,9866.0,1,10272.0,1,2326.0,1,3435.0,1,0.0,1,9604.0,1,11353.0,0,0.0,8721.6455,8259.695,-406.0
532,2013-02-16,10416.0,1217.0,1.0,0.0,0,0.0,6.0,0.73783326,0.674983,0.8660254,0.5,1,0,0,1,9446.0,1,9866.0,1,9470.0,1,10604.0,1,13918.0,1,9974.0,1,10938.0,0,0.0,9011.388,8523.318,-420.0
532,2013-02-17,0.0,0.0,0.0,0.0,0,0.0,7.0,0.73783326,0.674983,0.8660254,0.5,1,0,0,1,10416.0,1,9446.0,1,10272.0,1,9200.0,1,14096.0,1,10453.0,1,10609.0,0,0.0,9573.232,8943.914,970.0
532,2013-02-18,13575.0,1457.0,1.0,1.0,0,0.0,1.0,0.8124869,0.5829795,0.8660254,0.5,1,0,0,1,0.0,1,10416.0,1,9866.0,1,0.0,1,16317.0,1,11444.0,1,9969.0,0,0.0,5743.9395,6956.378,-10416.0
532,2013-02-19,11448.0,1303.0,1.0,1.0,0,0.0,2.0,0.8124869,0.5829795,0.8660254,0.5,1,0,0,1,13575.0,1,0.0,1,9446.0,1,2326.0,1,3435.0,1,0.0,1,9761.0,0,0.0,8876.363,8427.183,13575.0
532,2013-02-20,11254.0,1270.0,1.0,1.0,0,0.0,3.0,0.8124869,0.5829795,0.8660254,0.5,1,0,0,1,11448.0,1,13575.0,1,10416.0,1,9470.0,1,10604.0,1,13918.0,1,0.0,0,0.0,9905.019,9098.476,-2127.0
532,2013-02-21,10225.0,1222.0,1.0,1.0,0,0.0,4.0,0.8124869,0.5829795,0.8660254,0.5,1,0,0,1,11254.0,1,11448.0,1,0.0,1,10272.0,1,9200.0,1,14096.0,1,10014.0,0,0.0,10444.611,9577.48,-194.0
532,2013-02-22,10682.0,1272.0,1.0,1.0,0,0.0,5.0,0.8124869,0.5829795,0.8660254,0.5,1,0,0,1,10225.0,1,11254.0,1,13575.0,1,9866.0,1,0.0,1,16317.0,1,9274.0,1,0.0,10356.767,9721.374,-1029.0
532,2013-02-23,9482.0,1147.0,1.0,0.0,0,0.0,6.0,0.8124869,0.5829795,0.8660254,0.5,1,0,0,1,10682.0,1,10225.0,1,11448.0,1,9446.0,1,2326.0,1,3435.0,1,9604.0,1,10278.0,10486.86,9934.847,457.0
532,2013-02-24,0.0,0.0,0.0,0.0,0,0.0,7.0,0.8124869,0.5829795,0.8660254,0.5,1,0,0,1,9482.0,1,10682.0,1,11254.0,1,10416.0,1,9470.0,1,10604.0,1,9974.0,1,9168.0,10084.916,9834.214,-1200.0
532,2013-02-25,9358.0,1196.0,1.0,0.0,0,0.0,1.0,0.8757349,0.4827922,0.8660254,0.5,1,0,0,1,0.0,1,9482.0,1,10225.0,1,0.0,1,10272.0,1,9200.0,1,10453.0,1,8885.0,6050.9497,7648.833,-9482.0
532,2013-02-26,9151.0,1156.0,1.0,0.0,0,0.0,2.0,0.8757349,0.4827922,0.8660254,0.5,1,0,0,1,9358.0,1,0.0,1,10682.0,1,13575.0,1,9866.0,1,0.0,1,11444.0,1,9124.0,7373.7695,8028.648,9358.0
532,2013-02-27,8989.0,1101.0,1.0,0.0,0,0.0,3.0,0.8757349,0.4827922,0.8660254,0.5,1,0,0,1,9151.0,1,9358.0,1,9482.0,1,11448.0,1,9446.0,1,2326.0,1,0.0,1,0.0,8084.6616,8278.06,-207.0
532,2013-02-28,9101.0,1147.0,1.0,0.0,0,0.0,4.0,0.8757349,0.4827922,0.8660254,0.5,1,0,1,1,8989.0,1,9151.0,1,0.0,1,11254.0,1,10416.0,1,9470.0,1,13918.0,1,13453.0,8446.397,8436.046,-162.0
532,2013-03-01,9520.0,1155.0,1.0,0.0,0,0.0,5.0,0.8757349,0.4827922,1.0,6.123234e-17,1,1,0,1,9101.0,1,8989.0,1,9358.0,1,10225.0,1,0.0,1,10272.0,1,14096.0,1,12264.0,8708.238,8583.813,112.0
532,2013-03-02,10910.0,1209.0,1.0,0.0,0,0.0,6.0,0.8757349,0.4827922,1.0,6.123234e-17,1,0,0,1,9520.0,1,9101.0,1,9151.0,1,10682.0,1,13575.0,1,9866.0,1,16317.0,1,11117.0,9032.943,8791.855,419.0
532,2013-03-03,0.0,0.0,0.0,0.0,0,0.0,7.0,0.8757349,0.4827922,1.0,6.123234e-17,1,0,0,1,10910.0,1,9520.0,1,8989.0,1,9482.0,1,11448.0,1,9446.0,1,3435.0,1,10980.0,9783.766,9262.554,1390.0
532,2013-03-04,14151.0,1588.0,1.0,1.0,0,0.0,1.0,0.9266896,0.37582758,1.0,6.123234e-17,1,0,0,1,0.0,1,10910.0,1,9101.0,1,0.0,1,11254.0,1,10416.0,1,10604.0,1,10269.0,5870.2593,7204.2085,-10910.0
532,2013-03-05,11432.0,1327.0,1.0,1.0,0,0.0,2.0,0.9266896,0.37582758,1.0,6.123234e-17,1,0,0,1,14151.0,1,0.0,1,9520.0,1,9358.0,1,10225.0,1,0.0,1,9200.0,1,9644.0,9182.556,8747.94,14151.0
532,2013-03-06,10976.0,1268.0,1.0,1.0,0,0.0,3.0,0.9266896,0.37582758,1.0,6.123234e-17,1,0,0,1,11432.0,1,14151.0,1,10910.0,1,9151.0,1,10682.0,1,13575.0,1,0.0,1,0.0,10082.333,9344.397,-2719.0
532,2013-03-07,9885.0,1205.0,1.0,1.0,0,0.0,4.0,0.9266896,0.37582758,1.0,6.123234e-17,1,0,0,1,10976.0,1,11432.0,1,0.0,1,8989.0,1,9482.0,1,11448.0,1,2326.0,1,10471.0,10439.8,9706.977,-456.0
532,2013-03-08,10124.0,1229.0,1.0,1.0,0,0.0,5.0,0.9266896,0.37582758,1.0,6.123234e-17,1,0,0,1,9885.0,1,10976.0,1,14151.0,1,9101.0,1,0.0,1,11254.0,1,9470.0,1,9021.0,10217.88,9746.537,-1091.0
532,2013-03-09,10560.0,1174.0,1.0,0.0,0,0.0,6.0,0.9266896,0.37582758,1.0,6.123234e-17,1,0,0,1,10124.0,1,9885.0,1,11432.0,1,9520.0,1,9358.0,1,10225.0,1,10272.0,1,8466.0,10180.328,9830.418,239.0
532,2013-03-10,0.0,0.0,0.0,0.0,0,0.0,7.0,0.9266896,0.37582758,1.0,6.123234e-17,1,0,0,1,10560.0,1,10124.0,1,10976.0,1,10910.0,1,9151.0,1,10682.0,1,9866.0,1,8195.0,10332.197,9992.547,436.0
532,2013-03-11,9483.0,1188.0,1.0,0.0,0,0.0,1.0,0.9646356,0.26358718,1.0,6.123234e-17,1,0,0,1,0.0,1,10560.0,1,9885.0,1,0.0,1,8989.0,1,9482.0,1,9446.0,1,9426.0,6199.318,7771.981,-10560.0
532,2013-03-12,7922.0,1043.0,1.0,0.0,0,0.0,2.0,0.9646356,0.26358718,1.0,6.123234e-17,1,0,0,1,9483.0,1,0.0,1,10124.0,1,14151.0,1,9101.0,1,0.0,1,10416.0,1,10294.0,7512.791,8152.2075,9483.0
532,2013-03-13,9854.0,1188.0,1.0,0.0,0,0.0,3.0,0.9646356,0.26358718,1.0,6.123234e-17,1,0,0,1,7922.0,1,9483.0,1,10560.0,1,11432.0,1,9520.0,1,9358.0,1,0.0,1,0.0,7676.4746,8101.0503,-1561.0
532,2013-03-14,9250.0,1156.0,1.0,0.0,0,0.0,4.0,0.9646356,0.26358718,1.0,6.123234e-17,1,0,0,1,9854.0,1,7922.0,1,0.0,1,10976.0,1,10910.0,1,9151.0,1,13575.0,1,12686.0,8547.484,8490.595,1932.0
532,2013-03-15,9785.0,1197.0,1.0,0.0,0,0.0,5.0,0.9646356,0.26358718,1.0,6.123234e-17,1,0,0,1,9250.0,1,9854.0,1,9483.0,1,9885.0,1,0.0,1,8989.0,1,11448.0,1,11353.0,8828.491,8659.352,-604.0
532,2013-03-16,10771.0,1211.0,1.0,0.0,0,0.0,6.0,0.9646356,0.26358718,1.0,6.123234e-17,1,0,0,1,9785.0,1,9250.0,1,7922.0,1,10124.0,1,14151.0,1,9101.0,1,11254.0,1,10938.0,9211.095,8909.495,535.0
532,2013-03-17,0.0,0.0,0.0,0.0,0,0.0,7.0,0.9646356,0.26358718,1.0,6.123234e-17,1,0,0,1,10771.0,1,9785.0,1,9854.0,1,10560.0,1,11432.0,1,9520.0,1,10225.0,1,10609.0,9835.057,9323.163,986.0
532,2013-03-18,13749.0,1537.0,1.0,1.0,0,0.0,1.0,0.9890402,0.14764656,1.0,6.123234e-17,1,0,0,1,0.0,1,10771.0,1,9250.0,1,0.0,1,10976.0,1,10910.0,1,10682.0,1,9969.0,5901.034,7251.349,-10771.0
532,2013-03-19,11215.0,1359.0,1.0,1.0,0,0.0,2.0,0.9890402,0.14764656,1.0,6.123234e-17,1,0,0,1,13749.0,1,0.0,1,9785.0,1,9483.0,1,9885.0,1,0.0,1,9482.0,1,9761.0,9040.221,8695.271,13749.0
532,2013-03-20,10165.0,1214.0,1.0,1.0,0,0.0,3.0,0.9890402,0.14764656,1.0,6.123234e-17,1,0,0,1,11215.0,1,13749.0,1,10771.0,1,7922.0,1,10124.0,1,14151.0,1,0.0,1,0.0,9910.132,9255.211,-2534.0
532,2013-03-21,10991.0,1313.0,1.0,1.0,0,0.0,4.0,0.9890402,0.14764656,1.0,6.123234e-17,1,0,0,1,10165.0,1,11215.0,1,0.0,1,9854.0,1,10560.0,1,11432.0,1,9358.0,1,10014.0,10012.079,9457.387,-1050.0
532,2013-03-22,10443.0,1311.0,1.0,1.0,0,0.0,5.0,0.9890402,0.14764656,1.0,6.123234e-17,1,0,0,1,10991.0,1,10165.0,1,13749.0,1,9250.0,1,0.0,1,10976.0,1,9151.0,1,9274.0,10403.647,9798.189,826.0
532,2013-03-23,9961.0,1115.0,1.0,0.0,0,0.0,6.0,0.9890402,0.14764656,1.0,6.123234e-17,1,0,0,1,10443.0,1,10991.0,1,11215.0,1,9785.0,1,9483.0,1,9885.0,1,8989.0,1,9604.0,10419.389,9941.48,-548.0
532,2013-03-24,0.0,0.0,0.0,0.0,0,0.0,7.0,0.9890402,0.14764656,1.0,6.123234e-17,1,0,0,1,9961.0,1,10443.0,1,10165.0,1,10771.0,1,7922.0,1,10124.0,1,9101.0,1,9974.0,10236.033,9945.818,-482.0
532,2013-03-25,12052.0,1326.0,1.0,1.0,0,1.0,1.0,0.99956083,0.029633328,1.0,6.123234e-17,1,0,0,1,0.0,1,9961.0,1,10991.0,1,0.0,1,9854.0,1,10560.0,1,9520.0,1,10453.0,6141.62,7735.6367,-9961.0
532,2013-03-26,11917.0,1304.0,1.0,1.0,0,1.0,2.0,0.99956083,0.029633328,1.0,6.123234e-17,1,0,0,1,12052.0,1,0.0,1,10443.0,1,13749.0,1,9250.0,1,0.0,1,10910.0,1,11444.0,8505.771,8694.828,12052.0
532,2013-03-27,11100.0,1302.0,1.0,1.0,0,1.0,3.0,0.99956083,0.029633328,1.0,6.123234e-17,1,0,0,1,11917.0,1,12052.0,1,9961.0,1,11215.0,1,9785.0,1,9483.0,1,0.0,1,0.0,9870.263,9410.866,-135.0
532,2013-03-28,14604.0,1600.0,1.0,1.0,0,1.0,4.0,0.99956083,0.029633328,1.0,6.123234e-17,1,0,0,1,11100.0,1,11917.0,1,0.0,1,10165.0,1,10771.0,1,7922.0,1,14151.0,1,13918.0,10362.158,9786.2295,-817.0
532,2013-03-29,0.0,0.0,0.0,1.0,2,1.0,5.0,0.99956083,0.029633328,1.0,6.123234e-17,1,0,0,1,14604.0,1,11100.0,1,12052.0,1,10991.0,1,0.0,1,9854.0,1,11432.0,1,14096.0,12058.895,10856.845,3504.0
532,2013-03-30,11871.0,1306.0,1.0,0.0,0,0.0,6.0,0.99956083,0.029633328,1.0,6.123234e-17,1,0,0,1,0.0,1,14604.0,1,11917.0,1,10443.0,1,13749.0,1,9250.0,1,10976.0,1,16317.0,7235.337,8444.213,-14604.0
532,2013-03-31,0.0,0.0,0.0,0.0,0,0.0,7.0,0.99956083,0.029633328,1.0,6.123234e-17,1,0,1,1,11871.0,1,0.0,1,11100.0,1,9961.0,1,11215.0,1,9785.0,1,9885.0,1,3435.0,9089.603,9205.721,11871.0
532,2013-04-01,0.0,0.0,0.0,0.0,2,1.0,1.0,0.9960498,-0.08879589,0.8660254,-0.5,2,1,0,1,0.0,1,11871.0,1,14604.0,1,0.0,1,10165.0,1,10771.0,1,10124.0,1,10604.0,5453.761,7160.0054,-11871.0
532,2013-04-02,11050.0,1314.0,1.0,0.0,0,1.0,2.0,0.9960498,-0.08879589,0.8660254,-0.5,2,0,0,1,0.0,1,0.0,1,0.0,1,12052.0,1,10991.0,1,0.0,1,10560.0,1,9200.0,3272.2568,5568.893,0.0
532,2013-04-03,8741.0,1107.0,1.0,0.0,0,1.0,3.0,0.9960498,-0.08879589,0.8660254,-0.5,2,0,0,1,11050.0,1,0.0,1,11871.0,1,11917.0,1,10443.0,1,13749.0,1,0.0,1,0.0,6383.354,6786.917,11050.0
532,2013-04-04,8898.0,1120.0,1.0,0.0,0,1.0,4.0,0.9960498,-0.08879589,0.8660254,-0.5,2,0,0,1,8741.0,1,11050.0,1,0.0,1,11100.0,1,9961.0,1,11215.0,1,9483.0,1,2326.0,7326.4126,7221.1577,-2309.0
532,2013-04-05,8324.0,1093.0,1.0,0.0,0,1.0,5.0,0.9960498,-0.08879589,0.8660254,-0.5,2,0,0,1,8898.0,1,8741.0,1,0.0,1,14604.0,1,0.0,1,10165.0,1,7922.0,1,9470.0,7955.0474,7593.789,157.0
532,2013-04-06,9572.0,1139.0,1.0,0.0,0,0.0,6.0,0.9960498,-0.08879589,0.8660254,-0.5,2,0,0,1,8324.0,1,8898.0,1,11050.0,1,0.0,1,12052.0,1,10991.0,1,9854.0,1,10272.0,8102.6284,7756.058,-574.0
532,2013-04-07,0.0,0.0,0.0,0.0,0,0.0,7.0,0.9960498,-0.08879589,0.8660254,-0.5,2,0,0,1,9572.0,1,8324.0,1,8741.0,1,11871.0,1,11917.0,1,10443.0,1,9250.0,1,9866.0,8690.377,8159.601,1248.0
532,2013-04-08,13702.0,1605.0,1.0,1.0,0,0.0,1.0,0.9785565,-0.20597862,0.8660254,-0.5,2,0,0,1,0.0,1,9572.0,1,8898.0,1,0.0,1,11100.0,1,9961.0,1,9785.0,1,9446.0,5214.226,6346.3564,-9572.0
532,2013-04-09,11558.0,1421.0,1.0,1.0,0,0.0,2.0,0.9785565,-0.20597862,0.8660254,-0.5,2,0,0,1,13702.0,1,0.0,1,8324.0,1,0.0,1,14604.0,1,0.0,1,10771.0,1,10416.0,8609.336,7980.944,13702.0
532,2013-04-10,10613.0,1343.0,1.0,1.0,0,0.0,3.0,0.9785565,-0.20597862,0.8660254,-0.5,2,0,0,1,11558.0,1,13702.0,1,9572.0,1,11050.0,1,0.0,1,12052.0,1,0.0,1,0.0,9788.802,8775.845,-2144.0
532,2013-04-11,10725.0,1302.0,1.0,1.0,0,0.0,4.0,0.9785565,-0.20597862,0.8660254,-0.5,2,0,0,1,10613.0,1,11558.0,1,0.0,1,8741.0,1,11871.0,1,11917.0,1,13749.0,1,13575.0,10118.48,9184.102,-945.0
532,2013-04-12,10797.0,1276.0,1.0,1.0,0,0.0,5.0,0.9785565,-0.20597862,0.8660254,-0.5,2,0,0,1,10725.0,1,10613.0,1,13702.0,1,8898.0,1,0.0,1,11100.0,1,11215.0,1,11448.0,10361.089,9526.523,112.0
532,2013-04-13,9567.0,1150.0,1.0,0.0,0,0.0,6.0,0.9785565,-0.20597862,0.8660254,-0.5,2,0,0,1,10797.0,1,10725.0,1,11558.0,1,8324.0,1,0.0,1,14604.0,1,10165.0,1,11254.0,10535.453,9808.852,72.0
532,2013-04-14,0.0,0.0,0.0,0.0,0,0.0,7.0,0.9785565,-0.20597862,0.8660254,-0.5,2,0,0,1,9567.0,1,10797.0,1,10613.0,1,9572.0,1,11050.0,1,0.0,1,10991.0,1,10225.0,10148.072,9755.106,-1230.0
532,2013-04-15,9818.0,1347.0,1.0,0.0,0,0.0,1.0,0.94732636,-0.32026985,0.8660254,-0.5,2,0,0,1,0.0,1,9567.0,1,10725.0,1,0.0,1,8741.0,1,11871.0,1,10443.0,1,10682.0,6088.8433,7587.305,-9567.0
532,2013-04-16,8999.0,1259.0,1.0,0.0,0,0.0,2.0,0.94732636,-0.32026985,0.8660254,-0.5,2,0,0,1,9818.0,1,0.0,1,10797.0,1,13702.0,1,8898.0,1,0.0,1,9961.0,1,9482.0,7580.506,8083.015,9818.0
532,2013-04-17,9098.0,1196.0,1.0,0.0,0,0.0,3.0,0.94732636,-0.32026985,0.8660254,-0.5,2,0,0,1,8999.0,1,9818.0,1,9567.0,1,11558.0,1,8324.0,1,0.0,1,0.0,1,0.0,8147.9033,8286.567,-819.0
532,2013-04-18,8993.0,1193.0,1.0,0.0,0,0.0,4.0,0.94732636,-0.32026985,0.8660254,-0.5,2,0,0,1,9098.0,1,8999.0,1,0.0,1,10613.0,1,9572.0,1,11050.0,1,12052.0,1,9358.0,8527.942,8466.886,99.0
532,2013-04-19,8663.0,1123.0,1.0,0.0,0,0.0,5.0,0.94732636,-0.32026985,0.8660254,-0.5,2,0,0,1,8993.0,1,9098.0,1,9818.0,1,10725.0,1,0.0,1,8741.0,1,11917.0,1,9151.0,8713.965,8583.8,-105.0
532,2013-04-20,9616.0,1145.0,1.0,0.0,0,0.0,6.0,0.94732636,-0.32026985,0.8660254,-0.5,2,0,0,1,8663.0,1,8993.0,1,8999.0,1,10797.0,1,13702.0,1,8898.0,1,11100.0,1,8989.0,8693.579,8601.4,-330.0
532,2013-04-21,0.0,0.0,0.0,0.0,0,0.0,7.0,0.94732636,-0.32026985,0.8660254,-0.5,2,0,0,1,9616.0,1,8663.0,1,9098.0,1,9567.0,1,11558.0,1,8324.0,1,14604.0,1,9101.0,9062.548,8826.866,953.0
532,2013-04-22,12528.0,1474.0,1.0,1.0,0,0.0,1.0,0.9027978,-0.4300652,0.8660254,-0.5,2,0,0,1,0.0,1,9616.0,1,8993.0,1,0.0,1,10613.0,1,9572.0,1,0.0,1,9520.0,5437.5283,6865.341,-9616.0
532,2013-04-23,11628.0,1356.0,1.0,1.0,0,0.0,2.0,0.9027978,-0.4300652,0.8660254,-0.5,2,0,0,1,12528.0,1,0.0,1,8663.0,1,9818.0,1,10725.0,1,0.0,1,11871.0,1,10910.0,8273.717,8123.7095,12528.0
532,2013-04-24,9952.0,1220.0,1.0,1.0,0,0.0,3.0,0.9027978,-0.4300652,0.8660254,-0.5,2,0,0,1,11628.0,1,12528.0,1,9616.0,1,8999.0,1,10797.0,1,13702.0,1,0.0,1,0.0,9615.431,8902.44,-900.0
532,2013-04-25,10141.0,1263.0,1.0,1.0,0,0.0,4.0,0.9027978,-0.4300652,0.8660254,-0.5,2,0,0,1,9952.0,1,11628.0,1,0.0,1,9098.0,1,9567.0,1,11558.0,1,0.0,1,14151.0,9750.059,9135.676,-1676.0
532,2013-04-26,11100.0,1322.0,1.0,1.0,0,0.0,5.0,0.9027978,-0.4300652,0.8660254,-0.5,2,0,0,1,10141.0,1,9952.0,1,12528.0,1,8993.0,1,0.0,1,10613.0,1,11050.0,1,11432.0,9906.435,9359.081,189.0
532,2013-04-27,10794.0,1171.0,1.0,0.0,0,0.0,6.0,0.9027978,-0.4300652,0.8660254,-0.5,2,0,0,1,11100.0,1,10141.0,1,11628.0,1,8663.0,1,9818.0,1,10725.0,1,8741.0,1,10976.0,10383.861,9745.952,959.0
532,2013-04-28,0.0,0.0,0.0,0.0,0,0.0,7.0,0.9027978,-0.4300652,0.8660254,-0.5,2,0,0,1,10794.0,1,11100.0,1,9952.0,1,9616.0,1,8999.0,1,10797.0,1,8898.0,1,9885.0,10547.917,9978.852,-306.0
532,2013-04-29,13254.0,1498.0,1.0,1.0,0,0.0,1.0,0.845596,-0.5338234,0.8660254,-0.5,2,0,0,1,0.0,1,10794.0,1,10141.0,1,0.0,1,9098.0,1,9567.0,1,8324.0,1,10124.0,6328.75,7761.329,-10794.0
532,2013-04-30,14256.0,1606.0,1.0,1.0,0,0.0,2.0,0.845596,-0.5338234,0.8660254,-0.5,2,0,1,1,13254.0,1,0.0,1,11100.0,1,12528.0,1,8993.0,1,0.0,1,9572.0,1,10560.0,9098.85,8981.923,13254.0
532,2013-05-01,0.0,0.0,0.0,1.0,1,0.0,3.0,0.845596,-0.5338234,0.5,-0.8660254,2,1,0,1,14256.0,1,13254.0,1,10794.0,1,11628.0,1,8663.0,1,9818.0,1,0.0,1,0.0,11161.71,10153.939,1002.0
532,2013-05-02,13733.0,1535.0,1.0,1.0,0,0.0,4.0,0.845596,-0.5338234,0.5,-0.8660254,2,0,0,1,0.0,1,14256.0,1,0.0,1,9952.0,1,9616.0,1,8999.0,1,13702.0,1,9483.0,6697.026,7897.509,-14256.0
532,2013-05-03,11688.0,1409.0,1.0,1.0,0,0.0,5.0,0.845596,-0.5338234,0.5,-0.8660254,2,0,0,1,13733.0,1,0.0,1,13254.0,1,10141.0,1,0.0,1,9098.0,1,11558.0,1,7922.0,9511.416,9194.284,13733.0
532,2013-05-04,9353.0,1138.0,1.0,0.0,0,0.0,6.0,0.845596,-0.5338234,0.5,-0.8660254,2,0,0,1,11688.0,1,13733.0,1,14256.0,1,11100.0,1,12528.0,1,8993.0,1,10613.0,1,9854.0,10382.05,9748.443,-2045.0
532,2013-05-05,0.0,0.0,0.0,0.0,0,0.0,7.0,0.845596,-0.5338234,0.5,-0.8660254,2,0,0,1,9353.0,1,11688.0,1,0.0,1,10794.0,1,11628.0,1,8663.0,1,10725.0,1,9250.0,9970.43,9660.567,-2335.0
532,2013-05-06,11177.0,1365.0,1.0,0.0,0,0.0,1.0,0.7765239,-0.63008785,0.5,-0.8660254,2,0,0,1,0.0,1,9353.0,1,13733.0,1,0.0,1,9952.0,1,9616.0,1,10797.0,1,9785.0,5982.258,7513.7744,-9353.0
532,2013-05-07,10241.0,1298.0,1.0,0.0,0,0.0,2.0,0.7765239,-0.63008785,0.5,-0.8660254,2,0,0,1,11177.0,1,0.0,1,11688.0,1,13254.0,1,10141.0,1,0.0,1,9567.0,1,10771.0,8060.155,8327.824,11177.0
532,2013-05-08,12433.0,1498.0,1.0,0.0,0,0.0,3.0,0.7765239,-0.63008785,0.5,-0.8660254,2,0,0,1,10241.0,1,11177.0,1,9353.0,1,14256.0,1,11100.0,1,12528.0,1,0.0,1,0.0,8932.493,8752.975,-936.0
532,2013-05-09,0.0,0.0,0.0,0.0,1,0.0,4.0,0.7765239,-0.63008785,0.5,-0.8660254,2,0,0,1,12433.0,1,10241.0,1,0.0,1,0.0,1,10794.0,1,11628.0,1,9818.0,1,13749.0,10332.695,9570.758,2192.0
532,2013-05-10,12261.0,1459.0,1.0,0.0,0,0.0,5.0,0.7765239,-0.63008785,0.5,-0.8660254,2,0,0,1,0.0,1,12433.0,1,11177.0,1,13733.0,1,0.0,1,9952.0,1,8999.0,1,11215.0,6199.617,7443.923,-12433.0
532,2013-05-11,9679.0,1143.0,1.0,0.0,0,0.0,6.0,0.7765239,-0.63008785,0.5,-0.8660254,2,0,0,1,12261.0,1,0.0,1,10241.0,1,11688.0,1,13254.0,1,10141.0,1,9098.0,1,10165.0,8624.171,8514.385,12261.0
532,2013-05-12,0.0,0.0,0.0,0.0,0,0.0,7.0,0.7765239,-0.63008785,0.5,-0.8660254,2,0,0,1,9679.0,1,12261.0,1,12433.0,1,9353.0,1,14256.0,1,11100.0,1,8993.0,1,10991.0,9046.103,8773.1875,-2582.0
532,2013-05-13,12841.0,1514.0,1.0,1.0,0,0.0,1.0,0.696551,-0.71750724,0.5,-0.8660254,2,0,0,1,0.0,1,9679.0,1,0.0,1,0.0,1,0.0,1,10794.0,1,8663.0,1,10443.0,5427.661,6823.591,-9679.0
532,2013-05-14,11809.0,1457.0,1.0,1.0,0,0.0,2.0,0.696551,-0.71750724,0.5,-0.8660254,2,0,0,1,12841.0,1,0.0,1,12261.0,1,11177.0,1,13733.0,1,0.0,1,9616.0,1,9961.0,8392.997,8160.7925,12841.0
532,2013-05-15,11305.0,1308.0,1.0,1.0,0,0.0,3.0,0.696551,-0.71750724,0.5,-0.8660254,2,0,0,1,11809.0,1,12841.0,1,9679.0,1,10241.0,1,11688.0,1,13254.0,1,0.0,1,0.0,9759.398,8971.506,-1032.0
532,2013-05-16,10698.0,1261.0,1.0,1.0,0,0.0,4.0,0.696551,-0.71750724,0.5,-0.8660254,2,0,0,1,11305.0,1,11809.0,1,0.0,1,12433.0,1,9353.0,1,14256.0,1,12528.0,1,12052.0,10377.639,9490.06,-504.0
532,2013-05-17,11827.0,1336.0,1.0,1.0,0,0.0,5.0,0.696551,-0.71750724,0.5,-0.8660254,2,0,0,1,10698.0,1,11305.0,1,12841.0,1,0.0,1,0.0,1,0.0,1,11628.0,1,11917.0,10505.783,9758.491,-607.0
532,2013-05-18,9358.0,1122.0,1.0,0.0,0,0.0,6.0,0.696551,-0.71750724,0.5,-0.8660254,2,0,0,1,11827.0,1,10698.0,1,11809.0,1,12261.0,1,11177.0,1,13733.0,1,9952.0,1,11100.0,11034.27,10218.159,1129.0
532,2013-05-19,0.0,0.0,0.0,0.0,0,0.0,7.0,0.696551,-0.71750724,0.5,-0.8660254,2,0,0,1,9358.0,1,11827.0,1,11305.0,1,9679.0,1,10241.0,1,11688.0,1,10141.0,1,14604.0,10363.762,10027.013,-2469.0
532,2013-05-20,0.0,0.0,0.0,0.0,1,0.0,1.0,0.60680014,-0.79485446,0.5,-0.8660254,2,0,0,1,0.0,1,9358.0,1,10698.0,1,0.0,1,12433.0,1,9353.0,1,11100.0,1,0.0,6218.2573,7798.788,-9358.0
532,2013-05-21,11445.0,1365.0,1.0,0.0,0,1.0,2.0,0.60680014,-0.79485446,0.5,-0.8660254,2,0,0,1,0.0,1,0.0,1,11827.0,1,12841.0,1,0.0,1,0.0,1,10794.0,1,11871.0,3730.9543,6065.724,0.0
532,2013-05-22,9813.0,1215.0,1.0,0.0,0,0.0,3.0,0.60680014,-0.79485446,0.5,-0.8660254,2,0,0,1,11445.0,1,0.0,1,9358.0,1,11809.0,1,12261.0,1,11177.0,1,0.0,1,0.0,6816.5728,7261.1187,11445.0
532,2013-05-23,9456.0,1159.0,1.0,0.0,0,0.0,4.0,0.60680014,-0.79485446,0.5,-0.8660254,2,0,0,1,9813.0,1,11445.0,1,0.0,1,11305.0,1,9679.0,1,10241.0,1,13254.0,1,0.0,8015.1436,7828.2036,-1632.0
532,2013-05-24,9875.0,1145.0,1.0,0.0,0,0.0,5.0,0.60680014,-0.79485446,0.5,-0.8660254,2,0,0,1,9456.0,1,9813.0,1,0.0,1,10698.0,1,0.0,1,12433.0,1,14256.0,1,11050.0,8591.486,8189.936,-357.0
532,2013-05-25,8823.0,1056.0,1.0,0.0,0,0.0,6.0,0.60680014,-0.79485446,0.5,-0.8660254,2,0,0,1,9875.0,1,9456.0,1,11445.0,1,11827.0,1,12841.0,1,0.0,1,0.0,1,8741.0,9104.892,8564.395,419.0
532,2013-05-26,0.0,0.0,0.0,0.0,0,0.0,7.0,0.60680014,-0.79485446,0.5,-0.8660254,2,0,0,1,8823.0,1,9875.0,1,9813.0,1,9358.0,1,11809.0,1,12261.0,1,13733.0,1,8898.0,8992.135,8621.862,-1052.0
532,2013-05-27,13442.0,1551.0,1.0,1.0,0,0.0,1.0,0.5085311,-0.86104363,0.5,-0.8660254,2,0,0,1,0.0,1,8823.0,1,9456.0,1,0.0,1,11305.0,1,9679.0,1,11688.0,1,8324.0,5395.281,6705.893,-8823.0
532,2013-05-28,11638.0,1287.0,1.0,1.0,0,0.0,2.0,0.5085311,-0.86104363,0.5,-0.8660254,2,0,0,1,13442.0,1,0.0,1,9875.0,1,0.0,1,10698.0,1,0.0,1,9353.0,1,9572.0,8613.969,8202.806,13442.0
532,2013-05-29,13279.0,1490.0,1.0,1.0,0,0.0,3.0,0.5085311,-0.86104363,0.5,-0.8660254,2,0,0,1,11638.0,1,13442.0,1,8823.0,1,11445.0,1,11827.0,1,12841.0,1,0.0,1,0.0,9823.581,8966.183,-1804.0
532,2013-05-30,0.0,0.0,0.0,1.0,1,0.0,4.0,0.5085311,-0.86104363,0.5,-0.8660254,2,0,0,1,13279.0,1,11638.0,1,0.0,1,9813.0,1,9358.0,1,11809.0,1,11177.0,1,13702.0,11205.749,9924.586,1641.0
532,2013-05-31,14772.0,1627.0,1.0,1.0,0,0.0,5.0,0.5085311,-0.86104363,0.5,-0.8660254,2,0,1,1,0.0,1,13279.0,1,13442.0,1,9456.0,1,0.0,1,11305.0,1,10241.0,1,11558.0,6723.449,7719.1226,-13279.0
532,2013-06-01,10960.0,1166.0,1.0,0.0,0,0.0,6.0,0.5085311,-0.86104363,1.2246469e-16,-1.0,2,1,0,1,14772.0,1,0.0,1,11638.0,1,9875.0,1,0.0,1,10698.0,1,12433.0,1,10613.0,9942.869,9286.429,14772.0
532,2013-06-02,0.0,0.0,0.0,0.0,0,0.0,7.0,0.5085311,-0.86104363,1.2246469e-16,-1.0,2,0,0,1,10960.0,1,14772.0,1,13279.0,1,8823.0,1,11445.0,1,11827.0,1,0.0,1,10725.0,10349.722,9658.333,-3812.0
532,2013-06-03,13950.0,1552.0,1.0,1.0,0,0.0,1.0,0.40312344,-0.91514564,1.2246469e-16,-1.0,2,0,0,1,0.0,1,10960.0,1,0.0,1,0.0,1,9813.0,1,9358.0,1,12261.0,1,10797.0,6209.833,7512.037,-10960.0
532,2013-06-04,11494.0,1360.0,1.0,1.0,0,0.0,2.0,0.40312344,-0.91514564,1.2246469e-16,-1.0,2,0,0,1,13950.0,1,0.0,1,14772.0,1,13442.0,1,9456.0,1,0.0,1,9679.0,1,9567.0,9305.899,8942.695,13950.0
532,2013-06-05,10544.0,1266.0,1.0,1.0,0,0.0,3.0,0.40312344,-0.91514564,1.2246469e-16,-1.0,2,0,0,1,11494.0,1,13950.0,1,10960.0,1,11638.0,1,9875.0,1,0.0,1,0.0,1,0.0,10181.14,9509.652,-2456.0
532,2013-06-06,10642.0,1245.0,1.0,1.0,0,0.0,4.0,0.40312344,-0.91514564,1.2246469e-16,-1.0,2,0,0,1,10544.0,1,11494.0,1,0.0,1,13279.0,1,8823.0,1,11445.0,1,12841.0,1,9818.0,10326.284,9739.507,-950.0
532,2013-06-07,11644.0,1314.0,1.0,1.0,0,0.0,5.0,0.40312344,-0.91514564,1.2246469e-16,-1.0,2,0,0,1,10642.0,1,10544.0,1,13950.0,1,0.0,1,0.0,1,9813.0,1,11809.0,1,8999.0,10452.57,9940.062,98.0
532,2013-06-08,9112.0,1075.0,1.0,0.0,0,0.0,6.0,0.40312344,-0.91514564,1.2246469e-16,-1.0,2,0,0,1,11644.0,1,10642.0,1,11494.0,1,14772.0,1,13442.0,1,9456.0,1,11305.0,1,9098.0,10929.143,10318.714,1002.0
532,2013-06-09,0.0,0.0,0.0,0.0,0,0.0,7.0,0.40312344,-0.91514564,1.2246469e-16,-1.0,2,0,0,1,9112.0,1,11644.0,1,10544.0,1,10960.0,1,11638.0,1,9875.0,1,10698.0,1,8993.0,10202.285,10050.556,-2532.0
532,2013-06-10,12224.0,1411.0,1.0,0.0,0,0.0,1.0,0.29205677,-0.956401,1.2246469e-16,-1.0,2,0,0,1,0.0,1,9112.0,1,10642.0,1,0.0,1,13279.0,1,8823.0,1,11827.0,1,8663.0,6121.371,7817.0986,-9112.0
532,2013-06-11,8678.0,1140.0,1.0,0.0,0,0.0,2.0,0.29205677,-0.956401,1.2246469e-16,-1.0,2,0,0,1,12224.0,1,0.0,1,11644.0,1,13950.0,1,0.0,1,0.0,1,9358.0,1,9616.0,8562.423,8796.41,12224.0
532,2013-06-12,9804.0,1161.0,1.0,0.0,0,0.0,3.0,0.29205677,-0.956401,1.2246469e-16,-1.0,2,0,0,1,8678.0,1,12224.0,1,9112.0,1,11494.0,1,14772.0,1,13442.0,1,0.0,1,0.0,8608.653,8770.097,-3546.0
532,2013-06-13,9132.0,1207.0,1.0,0.0,0,0.0,4.0,0.29205677,-0.956401,1.2246469e-16,-1.0,2,0,0,1,9804.0,1,8678.0,1,0.0,1,10544.0,1,10960.0,1,11638.0,1,0.0,1,12528.0,9086.792,8999.854,1126.0
532,2013-06-14,9748.0,1242.0,1.0,0.0,0,0.0,5.0,0.29205677,-0.956401,1.2246469e-16,-1.0,2,0,0,1,9132.0,1,9804.0,1,12224.0,1,10642.0,1,0.0,1,13279.0,1,11445.0,1,11628.0,9104.875,9029.219,-672.0
532,2013-06-15,8674.0,1100.0,1.0,0.0,0,0.0,6.0,0.29205677,-0.956401,1.2246469e-16,-1.0,2,0,0,1,9748.0,1,9132.0,1,8678.0,1,11644.0,1,13950.0,1,0.0,1,9813.0,1,9952.0,9362.125,9188.948,616.0
532,2013-06-16,0.0,0.0,0.0,0.0,0,0.0,7.0,0.29205677,-0.956401,1.2246469e-16,-1.0,2,0,0,1,8674.0,1,9748.0,1,9804.0,1,9112.0,1,11494.0,1,14772.0,1,9456.0,1,10141.0,9086.875,9074.516,-1074.0
532,2013-06-17,12473.0,1480.0,1.0,1.0,0,0.0,1.0,0.17689027,-0.9842306,1.2246469e-16,-1.0,2,0,0,1,0.0,1,8674.0,1,9132.0,1,0.0,1,10544.0,1,10960.0,1,9875.0,1,11100.0,5452.125,7057.956,-8674.0
532,2013-06-18,11332.0,1263.0,1.0,1.0,0,0.0,2.0,0.17689027,-0.9842306,1.2246469e-16,-1.0,2,0,0,1,12473.0,1,0.0,1,9748.0,1,12224.0,1,10642.0,1,0.0,1,8823.0,1,10794.0,8260.475,8261.3,12473.0
532,2013-06-19,10926.0,1236.0,1.0,1.0,0,0.0,3.0,0.17689027,-0.9842306,1.2246469e-16,-1.0,2,0,0,1,11332.0,1,12473.0,1,8674.0,1,8678.0,1,11644.0,1,13950.0,1,0.0,1,0.0,9489.085,8943.678,-1141.0
532,2013-06-20,11792.0,1247.0,1.0,1.0,0,0.0,4.0,0.17689027,-0.9842306,1.2246469e-16,-1.0,2,0,0,1,10926.0,1,11332.0,1,0.0,1,9804.0,1,9112.0,1,11494.0,1,13442.0,1,13254.0,10063.851,9384.193,-406.0
532,2013-06-21,11780.0,1279.0,1.0,1.0,0,0.0,5.0,0.17689027,-0.9842306,1.2246469e-16,-1.0,2,0,0,1,11792.0,1,10926.0,1,12473.0,1,9132.0,1,0.0,1,10544.0,1,11638.0,1,14256.0,10755.11,9919.262,866.0
532,2013-06-22,9129.0,1026.0,1.0,0.0,0,0.0,6.0,0.17689027,-0.9842306,1.2246469e-16,-1.0,2,0,0,1,11780.0,1,11792.0,1,11332.0,1,9748.0,1,12224.0,1,10642.0,1,13279.0,1,0.0,11165.066,10332.759,-12.0
532,2013-06-23,0.0,0.0,0.0,0.0,0,0.0,7.0,0.17689027,-0.9842306,1.2246469e-16,-1.0,2,0,0,1,9129.0,1,11780.0,1,10926.0,1,8674.0,1,8678.0,1,11644.0,1,0.0,1,13733.0,10350.64,10065.257,-2651.0
532,2013-06-24,9824.0,1316.0,1.0,0.0,0,0.0,1.0,0.059240628,-0.99824375,1.2246469e-16,-1.0,2,0,0,1,0.0,1,9129.0,1,11792.0,1,0.0,1,9804.0,1,9112.0,1,14772.0,1,11688.0,6210.384,7828.533,-9129.0
532,2013-06-25,11059.0,1240.0,1.0,0.0,0,0.0,2.0,0.059240628,-0.99824375,1.2246469e-16,-1.0,2,0,0,1,9824.0,1,0.0,1,11780.0,1,12473.0,1,9132.0,1,0.0,1,10960.0,1,9353.0,7655.8306,8271.971,9824.0
532,2013-06-26,8763.0,1141.0,1.0,0.0,0,0.0,3.0,0.059240628,-0.99824375,1.2246469e-16,-1.0,2,0,0,1,11059.0,1,9824.0,1,9129.0,1,11332.0,1,9748.0,1,12224.0,1,0.0,1,0.0,9017.099,8891.311,1235.0
532,2013-06-27,10912.0,1136.0,1.0,0.0,0,0.0,4.0,0.059240628,-0.99824375,1.2246469e-16,-1.0,2,0,0,1,8763.0,1,11059.0,1,0.0,1,10926.0,1,8674.0,1,8678.0,1,13950.0,1,11177.0,8915.459,8862.797,-2296.0
532,2013-06-28,11551.0,1258.0,1.0,0.0,0,0.0,5.0,0.059240628,-0.99824375,1.2246469e-16,-1.0,2,0,0,1,10912.0,1,8763.0,1,9824.0,1,11792.0,1,0.0,1,9804.0,1,11494.0,1,10241.0,9714.075,9318.176,2149.0
532,2013-06-29,10088.0,1125.0,1.0,0.0,0,0.0,6.0,0.059240628,-0.99824375,1.2246469e-16,-1.0,2,0,0,1,11551.0,1,10912.0,1,11059.0,1,11780.0,1,12473.0,1,9132.0,1,10544.0,1,12433.0,10448.845,9814.358,639.0
532,2013-06-30,0.0,0.0,0.0,0.0,0,0.0,7.0,0.059240628,-0.99824375,1.2246469e-16,-1.0,2,0,1,1,10088.0,1,11551.0,1,8763.0,1,9129.0,1,11332.0,1,9748.0,1,10642.0,1,0.0,10304.507,9875.168,-1463.0
532,2013-07-01,14797.0,1562.0,1.0,1.0,0,0.0,1.0,-0.059240628,-0.99824375,-0.5,-0.8660254,3,1,0,1,0.0,1,10088.0,1,10912.0,1,0.0,1,10926.0,1,8674.0,1,11644.0,1,12261.0,6182.704,7680.686,-10088.0
532,2013-07-02,12405.0,1428.0,1.0,1.0,0,0.0,2.0,-0.059240628,-0.99824375,-0.5,-0.8660254,3,0,0,1,14797.0,1,0.0,1,11551.0,1,9824.0,1,11792.0,1,0.0,1,9112.0,1,9679.0,9628.423,9262.089,14797.0
532,2013-07-03,12667.0,1340.0,1.0,1.0,0,0.0,3.0,-0.059240628,-0.99824375,-0.5,-0.8660254,3,0,0,1,12405.0,1,14797.0,1,10088.0,1,11059.0,1,11780.0,1,12473.0,1,0.0,1,0.0,10739.054,9960.514,-2392.0
532,2013-07-04,11262.0,1331.0,1.0,1.0,0,0.0,4.0,-0.059240628,-0.99824375,-0.5,-0.8660254,3,0,0,1,12667.0,1,12405.0,1,0.0,1,8763.0,1,9129.0,1,11332.0,1,12224.0,1,12841.0,11510.232,10561.955,262.0
532,2013-07-05,11867.0,1300.0,1.0,1.0,0,0.0,5.0,-0.059240628,-0.99824375,-0.5,-0.8660254,3,0,0,1,11262.0,1,12667.0,1,14797.0,1,10912.0,1,0.0,1,10926.0,1,8678.0,1,11809.0,11410.939,10717.5205,-1405.0
532,2013-07-06,8916.0,1090.0,1.0,0.0,0,0.0,6.0,-0.059240628,-0.99824375,-0.5,-0.8660254,3,0,0,1,11867.0,1,11262.0,1,12405.0,1,11551.0,1,9824.0,1,11792.0,1,9804.0,1,11305.0,11593.363,10972.961,605.0
532,2013-07-07,0.0,0.0,0.0,0.0,0,0.0,7.0,-0.059240628,-0.99824375,-0.5,-0.8660254,3,0,0,1,8916.0,1,11867.0,1,12667.0,1,10088.0,1,11059.0,1,11780.0,1,9132.0,1,10698.0,10522.418,10515.858,-2951.0
532,2013-07-08,10058.0,1306.0,1.0,0.0,0,0.0,1.0,-0.17689027,-0.9842306,-0.5,-0.8660254,3,0,0,1,0.0,1,8916.0,1,11262.0,1,0.0,1,8763.0,1,9129.0,1,9748.0,1,11827.0,6313.4507,8179.001,-8916.0
532,2013-07-09,9740.0,1237.0,1.0,0.0,0,0.0,2.0,-0.17689027,-0.9842306,-0.5,-0.8660254,3,0,0,1,10058.0,1,0.0,1,11867.0,1,14797.0,1,10912.0,1,0.0,1,8674.0,1,9358.0,7811.2705,8596.557,10058.0
532,2013-07-10,8943.0,1163.0,1.0,0.0,0,0.0,3.0,-0.17689027,-0.9842306,-0.5,-0.8660254,3,0,0,1,9740.0,1,10058.0,1,8916.0,1,12405.0,1,11551.0,1,9824.0,1,0.0,1,0.0,8582.763,8850.655,-318.0
532,2013-07-11,9179.0,1160.0,1.0,0.0,0,0.0,4.0,-0.17689027,-0.9842306,-0.5,-0.8660254,3,0,0,1,8943.0,1,9740.0,1,0.0,1,12667.0,1,10088.0,1,11059.0,1,12473.0,1,0.0,8726.857,8871.176,-797.0
532,2013-07-12,10104.0,1230.0,1.0,0.0,0,0.0,5.0,-0.17689027,-0.9842306,-0.5,-0.8660254,3,0,0,1,9179.0,1,8943.0,1,10058.0,1,11262.0,1,0.0,1,8763.0,1,11332.0,1,11445.0,8907.715,8939.581,236.0
532,2013-07-13,8902.0,1058.0,1.0,0.0,0,0.0,6.0,-0.17689027,-0.9842306,-0.5,-0.8660254,3,0,0,1,10104.0,1,9179.0,1,9740.0,1,11867.0,1,14797.0,1,10912.0,1,10926.0,1,9813.0,9386.229,9198.341,925.0
532,2013-07-14,0.0,0.0,0.0,0.0,0,0.0,7.0,-0.17689027,-0.9842306,-0.5,-0.8660254,3,0,0,1,8902.0,1,10104.0,1,8943.0,1,8916.0,1,12405.0,1,11551.0,1,11792.0,1,9456.0,9192.537,9132.487,-1202.0
532,2013-07-15,13444.0,1499.0,1.0,1.0,0,0.0,1.0,-0.29205677,-0.956401,-0.5,-0.8660254,3,0,0,1,0.0,1,8902.0,1,9179.0,1,0.0,1,12667.0,1,10088.0,1,11780.0,1,9875.0,5515.5225,7103.046,-8902.0
532,2013-07-16,13205.0,1390.0,1.0,1.0,0,0.0,2.0,-0.29205677,-0.956401,-0.5,-0.8660254,3,0,0,1,13444.0,1,0.0,1,10104.0,1,10058.0,1,11262.0,1,0.0,1,9129.0,1,8823.0,8686.913,8512.146,13444.0
532,2013-07-17,11194.0,1302.0,1.0,1.0,0,0.0,3.0,-0.29205677,-0.956401,-0.5,-0.8660254,3,0,0,1,13205.0,1,13444.0,1,8902.0,1,9740.0,1,11867.0,1,14797.0,1,0.0,1,0.0,10494.148,9555.003,-239.0
532,2013-07-18,11620.0,1343.0,1.0,1.0,0,0.0,4.0,-0.29205677,-0.956401,-0.5,-0.8660254,3,0,0,1,11194.0,1,13205.0,1,0.0,1,8943.0,1,8916.0,1,12405.0,1,9824.0,1,13442.0,10774.089,9919.225,-2011.0
532,2013-07-19,11041.0,1280.0,1.0,1.0,0,0.0,5.0,-0.29205677,-0.956401,-0.5,-0.8660254,3,0,0,1,11620.0,1,11194.0,1,13444.0,1,9179.0,1,0.0,1,12667.0,1,11059.0,1,11638.0,11112.453,10297.175,426.0
532,2013-07-20,9320.0,1094.0,1.0,0.0,0,0.0,6.0,-0.29205677,-0.956401,-0.5,-0.8660254,3,0,0,1,11041.0,1,11620.0,1,13205.0,1,10104.0,1,10058.0,1,11262.0,1,8763.0,1,13279.0,11083.872,10462.469,-579.0
532,2013-07-21,0.0,0.0,0.0,0.0,0,0.0,7.0,-0.29205677,-0.956401,-0.5,-0.8660254,3,0,0,1,9320.0,1,11041.0,1,11194.0,1,8902.0,1,9740.0,1,11867.0,1,10912.0,1,0.0,10378.323,10208.587,-1721.0
532,2013-07-22,9297.0,1214.0,1.0,0.0,0,1.0,1.0,-0.40312344,-0.91514564,-0.5,-0.8660254,3,0,0,1,0.0,1,9320.0,1,11620.0,1,0.0,1,8943.0,1,8916.0,1,11551.0,1,14772.0,6226.994,7940.012,-9320.0
532,2013-07-23,8688.0,1067.0,1.0,0.0,0,1.0,2.0,-0.40312344,-0.91514564,-0.5,-0.8660254,3,0,0,1,9297.0,1,0.0,1,11041.0,1,13444.0,1,9179.0,1,0.0,1,10088.0,1,10960.0,7454.9966,8241.565,9297.0
532,2013-07-24,8995.0,1119.0,1.0,0.0,0,1.0,3.0,-0.40312344,-0.91514564,-0.5,-0.8660254,3,0,0,1,8688.0,1,9297.0,1,9320.0,1,13205.0,1,10104.0,1,10058.0,1,0.0,1,0.0,7948.1978,8340.772,-609.0
532,2013-07-25,8550.0,1043.0,1.0,0.0,0,1.0,4.0,-0.40312344,-0.91514564,-0.5,-0.8660254,3,0,0,1,8995.0,1,8688.0,1,0.0,1,11194.0,1,8902.0,1,9740.0,1,14797.0,1,13950.0,8366.919,8486.156,307.0
532,2013-07-26,8821.0,1102.0,1.0,0.0,0,1.0,5.0,-0.40312344,-0.91514564,-0.5,-0.8660254,3,0,0,1,8550.0,1,8995.0,1,9297.0,1,11620.0,1,0.0,1,8943.0,1,12405.0,1,11494.0,8440.151,8500.344,-445.0
532,2013-07-27,8192.0,963.0,1.0,0.0,0,0.0,6.0,-0.40312344,-0.91514564,-0.5,-0.8660254,3,0,0,1,8821.0,1,8550.0,1,8688.0,1,11041.0,1,13444.0,1,9179.0,1,12667.0,1,10544.0,8592.491,8571.601,271.0
532,2013-07-28,0.0,0.0,0.0,0.0,0,0.0,7.0,-0.40312344,-0.91514564,-0.5,-0.8660254,3,0,0,1,8192.0,1,8821.0,1,8995.0,1,9320.0,1,13205.0,1,10104.0,1,11262.0,1,10642.0,8432.295,8487.245,-629.0
532,2013-07-29,13271.0,1437.0,1.0,1.0,0,1.0,1.0,-0.5085311,-0.86104363,-0.5,-0.8660254,3,0,0,1,0.0,1,8192.0,1,8550.0,1,0.0,1,11194.0,1,8902.0,1,11867.0,1,11644.0,5059.3765,6601.191,-8192.0
532,2013-07-30,11076.0,1269.0,1.0,1.0,0,1.0,2.0,-0.5085311,-0.86104363,-0.5,-0.8660254,3,0,0,1,13271.0,1,0.0,1,8821.0,1,9297.0,1,11620.0,1,0.0,1,8916.0,1,9112.0,8344.026,8083.3706,13271.0
532,2013-07-31,11020.0,1319.0,1.0,1.0,0,1.0,3.0,-0.5085311,-0.86104363,-0.5,-0.8660254,3,0,1,1,11076.0,1,13271.0,1,8192.0,1,8688.0,1,11041.0,1,13444.0,1,0.0,1,0.0,9436.815,8748.399,-2195.0
532,2013-08-01,11525.0,1252.0,1.0,1.0,0,1.0,4.0,-0.5085311,-0.86104363,-0.8660254,-0.5,3,1,0,1,11020.0,1,11076.0,1,0.0,1,8995.0,1,9320.0,1,13205.0,1,10058.0,1,12224.0,10070.09,9253.199,-56.0
532,2013-08-02,9987.0,1177.0,1.0,1.0,0,1.0,5.0,-0.5085311,-0.86104363,-0.8660254,-0.5,3,0,0,1,11525.0,1,11020.0,1,13271.0,1,8550.0,1,0.0,1,11194.0,1,9740.0,1,8678.0,10652.054,9758.044,505.0
532,2013-08-03,8204.0,988.0,1.0,0.0,0,0.0,6.0,-0.5085311,-0.86104363,-0.8660254,-0.5,3,0,0,1,9987.0,1,11525.0,1,11076.0,1,8821.0,1,9297.0,1,11620.0,1,8943.0,1,9804.0,10386.032,9808.923,-1538.0
532,2013-08-04,0.0,0.0,0.0,0.0,0,0.0,7.0,-0.5085311,-0.86104363,-0.8660254,-0.5,3,0,0,1,8204.0,1,9987.0,1,11020.0,1,8192.0,1,8688.0,1,11041.0,1,9179.0,1,9132.0,9513.22,9452.273,-1783.0
532,2013-08-05,9222.0,1185.0,1.0,0.0,0,1.0,1.0,-0.60680014,-0.79485446,-0.8660254,-0.5,3,0,0,1,0.0,1,8204.0,1,11525.0,1,0.0,1,8995.0,1,9320.0,1,10104.0,1,9748.0,5707.9316,7351.7686,-8204.0
532,2013-08-06,9047.0,1093.0,1.0,0.0,0,1.0,2.0,-0.60680014,-0.79485446,-0.8660254,-0.5,3,0,0,1,9222.0,1,0.0,1,9987.0,1,13271.0,1,8550.0,1,0.0,1,8902.0,1,8674.0,7113.559,7767.3755,9222.0
532,2013-08-07,8327.0,1049.0,1.0,0.0,0,1.0,3.0,-0.60680014,-0.79485446,-0.8660254,-0.5,3,0,0,1,9047.0,1,9222.0,1,8204.0,1,11076.0,1,8821.0,1,9297.0,1,0.0,1,0.0,7886.9355,8051.7363,-175.0
532,2013-08-08,8554.0,1040.0,1.0,0.0,0,1.0,4.0,-0.60680014,-0.79485446,-0.8660254,-0.5,3,0,0,1,8327.0,1,9047.0,1,0.0,1,11020.0,1,8192.0,1,8688.0,1,13444.0,1,12473.0,8062.9614,8112.9062,-720.0
532,2013-08-09,8137.0,971.0,1.0,0.0,0,1.0,5.0,-0.60680014,-0.79485446,-0.8660254,-0.5,3,0,0,1,8554.0,1,8327.0,1,9222.0,1,11525.0,1,0.0,1,8995.0,1,13205.0,1,11332.0,8259.377,8210.927,227.0
532,2013-08-10,8441.0,951.0,1.0,0.0,0,0.0,6.0,-0.60680014,-0.79485446,-0.8660254,-0.5,3,0,0,1,8137.0,1,8554.0,1,9047.0,1,9987.0,1,13271.0,1,8550.0,1,11194.0,1,10926.0,8210.426,8194.499,-417.0
532,2013-08-11,0.0,0.0,0.0,0.0,0,0.0,7.0,-0.60680014,-0.79485446,-0.8660254,-0.5,3,0,0,1,8441.0,1,8137.0,1,8327.0,1,8204.0,1,11076.0,1,8821.0,1,11620.0,1,11792.0,8302.655,8249.276,304.0
532,2013-08-12,11773.0,1352.0,1.0,1.0,0,1.0,1.0,-0.696551,-0.71750724,-0.8660254,-0.5,3,0,0,1,0.0,1,8441.0,1,8554.0,1,0.0,1,11020.0,1,8192.0,1,11041.0,1,11780.0,4981.5933,6416.104,-8441.0
532,2013-08-13,10704.0,1251.0,1.0,1.0,0,1.0,2.0,-0.696551,-0.71750724,-0.8660254,-0.5,3,0,0,1,11773.0,1,0.0,1,8137.0,1,9222.0,1,11525.0,1,0.0,1,9320.0,1,9129.0,7698.1562,7606.5254,11773.0
532,2013-08-14,10856.0,1159.0,1.0,1.0,0,1.0,3.0,-0.696551,-0.71750724,-0.8660254,-0.5,3,0,0,1,10704.0,1,11773.0,1,8441.0,1,9047.0,1,9987.0,1,13271.0,1,0.0,1,0.0,8900.493,8294.854,-1069.0
532,2013-08-15,9610.0,1121.0,1.0,1.0,0,1.0,4.0,-0.696551,-0.71750724,-0.8660254,-0.5,3,0,0,1,10856.0,1,10704.0,1,0.0,1,8327.0,1,8204.0,1,11076.0,1,9297.0,1,9824.0,9682.696,8863.997,152.0
532,2013-08-16,9585.0,1141.0,1.0,1.0,0,1.0,5.0,-0.696551,-0.71750724,-0.8660254,-0.5,3,0,0,1,9610.0,1,10856.0,1,11773.0,1,8554.0,1,0.0,1,11020.0,1,8688.0,1,11059.0,9653.618,9029.775,-1246.0
532,2013-08-17,7635.0,948.0,1.0,0.0,0,0.0,6.0,-0.696551,-0.71750724,-0.8660254,-0.5,3,0,0,1,9585.0,1,9610.0,1,10704.0,1,8137.0,1,9222.0,1,11525.0,1,8995.0,1,8763.0,9626.171,9153.158,-25.0
532,2013-08-18,0.0,0.0,0.0,0.0,0,0.0,7.0,-0.696551,-0.71750724,-0.8660254,-0.5,3,0,0,1,7635.0,1,9585.0,1,10856.0,1,8441.0,1,9047.0,1,9987.0,1,8550.0,1,10912.0,8829.702,8815.79,-1950.0
532,2013-08-19,9615.0,1185.0,1.0,0.0,0,1.0,1.0,-0.7765239,-0.63008785,-0.8660254,-0.5,3,0,0,1,0.0,1,7635.0,1,9610.0,1,0.0,1,8327.0,1,8204.0,1,8821.0,1,11551.0,5297.8213,6856.7256,-7635.0
532,2013-08-20,8425.0,1025.0,1.0,0.0,0,1.0,2.0,-0.7765239,-0.63008785,-0.8660254,-0.5,3,0,0,1,9615.0,1,0.0,1,9585.0,1,11773.0,1,8554.0,1,0.0,1,8192.0,1,10088.0,7024.693,7469.6753,9615.0
532,2013-08-21,8164.0,1067.0,1.0,0.0,0,1.0,3.0,-0.7765239,-0.63008785,-0.8660254,-0.5,3,0,0,1,8425.0,1,9615.0,1,7635.0,1,10704.0,1,8137.0,1,9222.0,1,0.0,1,0.0,7584.816,7681.9697,-1190.0
532,2013-08-22,7435.0,949.0,1.0,0.0,0,1.0,4.0,-0.7765239,-0.63008785,-0.8660254,-0.5,3,0,0,1,8164.0,1,8425.0,1,0.0,1,10856.0,1,8441.0,1,9047.0,1,13271.0,1,14797.0,7816.4893,7789.0874,-261.0
532,2013-08-23,7642.0,984.0,1.0,0.0,0,1.0,5.0,-0.7765239,-0.63008785,-0.8660254,-0.5,3,0,0,1,7435.0,1,8164.0,1,9615.0,1,9610.0,1,0.0,1,8327.0,1,11076.0,1,12405.0,7663.8936,7710.4014,-729.0
532,2013-08-24,7816.0,880.0,1.0,0.0,0,0.0,6.0,-0.7765239,-0.63008785,-0.8660254,-0.5,3,0,0,1,7642.0,1,7435.0,1,8425.0,1,9585.0,1,11773.0,1,8554.0,1,11020.0,1,12667.0,7655.136,7695.201,207.0
532,2013-08-25,0.0,0.0,0.0,0.0,0,0.0,7.0,-0.7765239,-0.63008785,-0.8660254,-0.5,3,0,0,1,7816.0,1,7642.0,1,8164.0,1,7635.0,1,10704.0,1,8137.0,1,11525.0,1,11262.0,7719.482,7722.0454,174.0
532,2013-08-26,11082.0,1327.0,1.0,1.0,0,1.0,1.0,-0.845596,-0.5338234,-0.8660254,-0.5,3,0,0,1,0.0,1,7816.0,1,7435.0,1,0.0,1,10856.0,1,8441.0,1,9987.0,1,11867.0,4631.689,6006.035,-7816.0
532,2013-08-27,10452.0,1146.0,1.0,1.0,0,1.0,2.0,-0.845596,-0.5338234,-0.8660254,-0.5,3,0,0,1,11082.0,1,0.0,1,7642.0,1,9615.0,1,9610.0,1,0.0,1,8204.0,1,8916.0,7211.8135,7134.0273,11082.0
532,2013-08-28,10584.0,1129.0,1.0,1.0,0,1.0,3.0,-0.845596,-0.5338234,-0.8660254,-0.5,3,0,0,1,10452.0,1,11082.0,1,7816.0,1,8425.0,1,9585.0,1,11773.0,1,0.0,1,0.0,8507.888,7871.3545,-630.0
532,2013-08-29,10203.0,1205.0,1.0,1.0,0,1.0,4.0,-0.845596,-0.5338234,-0.8660254,-0.5,3,0,0,1,10584.0,1,10452.0,1,0.0,1,8164.0,1,7635.0,1,10704.0,1,9222.0,1,10058.0,9338.333,8474.165,132.0
532,2013-08-30,11379.0,1237.0,1.0,1.0,0,1.0,5.0,-0.845596,-0.5338234,-0.8660254,-0.5,3,0,0,1,10203.0,1,10584.0,1,11082.0,1,7435.0,1,0.0,1,10856.0,1,9047.0,1,9740.0,9684.199,8858.351,-381.0
532,2013-08-31,9059.0,1100.0,1.0,0.0,0,0.0,6.0,-0.845596,-0.5338234,-0.8660254,-0.5,3,0,1,1,11379.0,1,10203.0,1,10452.0,1,7642.0,1,9615.0,1,9610.0,1,8327.0,1,8943.0,10362.12,9418.495,1176.0
532,2013-09-01,0.0,0.0,0.0,0.0,0,0.0,7.0,-0.845596,-0.5338234,-1.0,-1.8369701e-16,3,1,0,1,9059.0,1,11379.0,1,10584.0,1,7816.0,1,8425.0,1,9585.0,1,8554.0,1,9179.0,9840.872,9338.607,-2320.0
532,2013-09-02,10704.0,1279.0,1.0,0.0,0,1.0,1.0,-0.9027978,-0.4300652,-1.0,-1.8369701e-16,3,0,0,1,0.0,1,9059.0,1,10203.0,1,0.0,1,8164.0,1,7635.0,1,8137.0,1,10104.0,5904.523,7263.361,-9059.0
532,2013-09-03,11491.0,1189.0,1.0,0.0,0,1.0,2.0,-0.9027978,-0.4300652,-1.0,-1.8369701e-16,3,0,0,1,10704.0,1,0.0,1,11379.0,1,11082.0,1,7435.0,1,0.0,1,8441.0,1,8902.0,7824.314,8027.9473,10704.0
532,2013-09-04,8271.0,1122.0,1.0,0.0,0,0.0,3.0,-0.9027978,-0.4300652,-1.0,-1.8369701e-16,3,0,0,1,11491.0,1,10704.0,1,9059.0,1,10452.0,1,7642.0,1,9615.0,1,0.0,1,0.0,9290.988,8797.515,787.0
532,2013-09-05,7834.0,1068.0,1.0,0.0,0,0.0,4.0,-0.9027978,-0.4300652,-1.0,-1.8369701e-16,3,0,0,1,8271.0,1,11491.0,1,0.0,1,10584.0,1,7816.0,1,8425.0,1,11773.0,1,13444.0,8882.993,8680.512,-3220.0
532,2013-09-06,8535.0,1074.0,1.0,0.0,0,0.0,5.0,-0.9027978,-0.4300652,-1.0,-1.8369701e-16,3,0,0,1,7834.0,1,8271.0,1,10704.0,1,10203.0,1,0.0,1,8164.0,1,10704.0,1,13205.0,8463.3955,8492.397,-437.0
532,2013-09-07,9651.0,1107.0,1.0,0.0,0,0.0,6.0,-0.9027978,-0.4300652,-1.0,-1.8369701e-16,3,0,0,1,8535.0,1,7834.0,1,11491.0,1,11379.0,1,11082.0,1,7435.0,1,10856.0,1,11194.0,8492.037,8501.865,701.0
532,2013-09-08,0.0,0.0,0.0,0.0,0,0.0,7.0,-0.9027978,-0.4300652,-1.0,-1.8369701e-16,3,0,0,1,9651.0,1,8535.0,1,8271.0,1,9059.0,1,10452.0,1,7642.0,1,9610.0,1,11620.0,8955.622,8757.229,1116.0
532,2013-09-09,13182.0,1454.0,1.0,1.0,0,0.0,1.0,-0.94732636,-0.32026985,-1.0,-1.8369701e-16,3,0,0,1,0.0,1,9651.0,1,7834.0,1,0.0,1,10584.0,1,7816.0,1,9585.0,1,11041.0,5373.3735,6811.1777,-9651.0
532,2013-09-10,11436.0,1318.0,1.0,1.0,0,0.0,2.0,-0.94732636,-0.32026985,-1.0,-1.8369701e-16,3,0,0,1,13182.0,1,0.0,1,8535.0,1,10704.0,1,10203.0,1,0.0,1,7635.0,1,9320.0,8496.824,8226.916,13182.0
532,2013-09-11,9927.0,1267.0,1.0,1.0,0,0.0,3.0,-0.94732636,-0.32026985,-1.0,-1.8369701e-16,3,0,0,1,11436.0,1,13182.0,1,9651.0,1,11491.0,1,11379.0,1,11082.0,1,0.0,1,0.0,9672.494,8940.046,-1746.0
532,2013-09-12,10511.0,1263.0,1.0,1.0,0,0.0,4.0,-0.94732636,-0.32026985,-1.0,-1.8369701e-16,3,0,0,1,9927.0,1,11436.0,1,0.0,1,8271.0,1,9059.0,1,10452.0,1,9615.0,1,9297.0,9774.297,9159.369,-1509.0
532,2013-09-13,14281.0,1270.0,1.0,1.0,0,0.0,5.0,-0.94732636,-0.32026985,-1.0,-1.8369701e-16,3,0,0,1,10511.0,1,9927.0,1,13182.0,1,7834.0,1,0.0,1,10584.0,1,8425.0,1,8688.0,10068.978,9459.731,584.0
532,2013-09-14,8708.0,1079.0,1.0,0.0,0,0.0,6.0,-0.94732636,-0.32026985,-1.0,-1.8369701e-16,3,0,0,1,14281.0,1,10511.0,1,11436.0,1,8535.0,1,10704.0,1,10203.0,1,8164.0,1,8995.0,11753.787,10531.124,3770.0
532,2013-09-15,0.0,0.0,0.0,0.0,0,0.0,7.0,-0.94732636,-0.32026985,-1.0,-1.8369701e-16,3,0,0,1,8708.0,1,14281.0,1,9927.0,1,9651.0,1,11491.0,1,11379.0,1,7435.0,1,8550.0,10535.472,10125.985,-5573.0
532,2013-09-16,13587.0,1302.0,1.0,0.0,0,0.0,1.0,-0.9785565,-0.20597862,-1.0,-1.8369701e-16,3,0,0,1,0.0,1,8708.0,1,10511.0,1,0.0,1,8271.0,1,9059.0,1,7642.0,1,8821.0,6321.283,7875.7666,-8708.0
532,2013-09-17,8517.0,1147.0,1.0,0.0,0,0.0,2.0,-0.9785565,-0.20597862,-1.0,-1.8369701e-16,3,0,0,1,13587.0,1,0.0,1,14281.0,1,13182.0,1,7834.0,1,0.0,1,7816.0,1,8192.0,9227.57,9144.93,13587.0
532,2013-09-18,8422.0,1096.0,1.0,0.0,0,0.0,3.0,-0.9785565,-0.20597862,-1.0,-1.8369701e-16,3,0,0,1,8517.0,1,13587.0,1,8708.0,1,11436.0,1,8535.0,1,10704.0,1,0.0,1,0.0,8943.342,9005.39,-5070.0
532,2013-09-19,8291.0,1059.0,1.0,0.0,0,0.0,4.0,-0.9785565,-0.20597862,-1.0,-1.8369701e-16,3,0,0,1,8422.0,1,8517.0,1,0.0,1,9927.0,1,9651.0,1,11491.0,1,11082.0,1,13271.0,8734.806,8875.747,-95.0
532,2013-09-20,7835.0,1042.0,1.0,0.0,0,0.0,5.0,-0.9785565,-0.20597862,-1.0,-1.8369701e-16,3,0,0,1,8291.0,1,8422.0,1,13587.0,1,10511.0,1,0.0,1,8271.0,1,10452.0,1,11076.0,8557.283,8745.804,-131.0
532,2013-09-21,9046.0,1014.0,1.0,0.0,0,0.0,6.0,-0.9785565,-0.20597862,-1.0,-1.8369701e-16,3,0,0,1,7835.0,1,8291.0,1,8517.0,1,14281.0,1,13182.0,1,7834.0,1,10584.0,1,11020.0,8268.37,8543.402,-456.0
532,2013-09-22,0.0,0.0,0.0,0.0,0,0.0,7.0,-0.9785565,-0.20597862,-1.0,-1.8369701e-16,3,0,0,1,9046.0,1,7835.0,1,8422.0,1,8708.0,1,11436.0,1,8535.0,1,10203.0,1,11525.0,8579.422,8655.091,1211.0
532,2013-09-23,11123.0,1364.0,1.0,1.0,0,0.0,1.0,-0.9960498,-0.08879589,-1.0,-1.8369701e-16,3,0,0,1,0.0,1,9046.0,1,8291.0,1,0.0,1,9927.0,1,9651.0,1,11379.0,1,9987.0,5147.6533,6731.7373,-9046.0
532,2013-09-24,10250.0,1220.0,1.0,1.0,0,0.0,2.0,-0.9960498,-0.08879589,-1.0,-1.8369701e-16,3,0,0,1,11123.0,1,0.0,1,7835.0,1,13587.0,1,10511.0,1,0.0,1,9059.0,1,8204.0,7537.792,7707.5737,11123.0
532,2013-09-25,9586.0,1216.0,1.0,1.0,0,0.0,3.0,-0.9960498,-0.08879589,-1.0,-1.8369701e-16,3,0,0,1,10250.0,1,11123.0,1,9046.0,1,8517.0,1,14281.0,1,13182.0,1,0.0,1,0.0,8622.675,8272.558,-873.0
532,2013-09-26,10169.0,1207.0,1.0,1.0,0,0.0,4.0,-0.9960498,-0.08879589,-1.0,-1.8369701e-16,3,0,0,1,9586.0,1,10250.0,1,0.0,1,8422.0,1,8708.0,1,11436.0,1,10704.0,1,9222.0,9008.005,8564.434,-664.0
532,2013-09-27,10360.0,1213.0,1.0,1.0,0,0.0,5.0,-0.9960498,-0.08879589,-1.0,-1.8369701e-16,3,0,0,1,10169.0,1,9586.0,1,11123.0,1,8291.0,1,0.0,1,9927.0,1,11491.0,1,9047.0,9472.403,8921.004,583.0
532,2013-09-28,9950.0,1077.0,1.0,0.0,0,0.0,6.0,-0.9960498,-0.08879589,-1.0,-1.8369701e-16,3,0,0,1,10360.0,1,10169.0,1,10250.0,1,7835.0,1,13587.0,1,10511.0,1,8271.0,1,8327.0,9827.441,9240.78,191.0
532,2013-09-29,0.0,0.0,0.0,0.0,0,0.0,7.0,-0.9960498,-0.08879589,-1.0,-1.8369701e-16,3,0,0,1,9950.0,1,10360.0,1,9586.0,1,9046.0,1,8517.0,1,14281.0,1,7834.0,1,8554.0,9876.465,9398.385,-410.0
532,2013-09-30,10689.0,1288.0,1.0,0.0,0,0.0,1.0,-0.99956083,0.029633328,-1.0,-1.8369701e-16,3,0,1,1,0.0,1,9950.0,1,10169.0,1,0.0,1,8422.0,1,8708.0,1,8535.0,1,8137.0,5925.879,7309.855,-9950.0
532,2013-10-01,9186.0,1226.0,1.0,0.0,0,0.0,2.0,-0.99956083,0.029633328,-0.8660254,0.5,4,1,0,1,10689.0,1,0.0,1,10360.0,1,11123.0,1,8291.0,1,0.0,1,9651.0,1,8441.0,7831.1274,8060.776,10689.0
532,2013-10-02,10470.0,1303.0,1.0,0.0,0,0.0,3.0,-0.99956083,0.029633328,-0.8660254,0.5,4,0,0,1,9186.0,1,10689.0,1,9950.0,1,10250.0,1,7835.0,1,13587.0,1,0.0,1,0.0,8373.076,8310.826,-1503.0
532,2013-10-03,0.0,0.0,0.0,0.0,1,0.0,4.0,-0.99956083,0.029633328,-0.8660254,0.5,4,0,0,1,10470.0,1,9186.0,1,0.0,1,9586.0,1,9046.0,1,8517.0,1,13182.0,1,11773.0,9211.846,8790.643,1284.0
532,2013-10-04,10750.0,1355.0,1.0,0.0,0,0.0,5.0,-0.99956083,0.029633328,-0.8660254,0.5,4,0,0,1,0.0,1,10470.0,1,10689.0,1,10169.0,1,0.0,1,8422.0,1,11436.0,1,10704.0,5527.1074,6837.1665,-10470.0
532,2013-10-05,9130.0,1091.0,1.0,0.0,0,0.0,6.0,-0.99956083,0.029633328,-0.8660254,0.5,4,0,0,1,10750.0,1,0.0,1,9186.0,1,10360.0,1,11123.0,1,8291.0,1,9927.0,1,10856.0,7616.2646,7706.685,10750.0
532,2013-10-06,0.0,0.0,0.0,0.0,0,0.0,7.0,-0.99956083,0.029633328,-0.8660254,0.5,4,0,0,1,9130.0,1,10750.0,1,10470.0,1,9950.0,1,10250.0,1,7835.0,1,10511.0,1,9610.0,8221.759,8022.977,-1620.0
532,2013-10-07,13148.0,1473.0,1.0,1.0,0,0.0,1.0,-0.9890402,0.14764656,-0.8660254,0.5,4,0,0,1,0.0,1,9130.0,1,0.0,1,0.0,1,9586.0,1,9046.0,1,14281.0,1,9585.0,4933.055,6240.0933,-9130.0
532,2013-10-08,11577.0,1338.0,1.0,1.0,0,0.0,2.0,-0.9890402,0.14764656,-0.8660254,0.5,4,0,0,1,13148.0,1,0.0,1,10750.0,1,10689.0,1,10169.0,1,0.0,1,8708.0,1,7635.0,8219.033,7775.1836,13148.0
532,2013-10-09,11162.0,1301.0,1.0,1.0,0,0.0,3.0,-0.9890402,0.14764656,-0.8660254,0.5,4,0,0,1,11577.0,1,13148.0,1,9130.0,1,9186.0,1,10360.0,1,11123.0,1,0.0,1,0.0,9562.22,8620.032,-1571.0
532,2013-10-10,10762.0,1305.0,1.0,1.0,0,0.0,4.0,-0.9890402,0.14764656,-0.8660254,0.5,4,0,0,1,11162.0,1,11577.0,1,0.0,1,10470.0,1,9950.0,1,10250.0,1,13587.0,1,9615.0,10202.132,9184.914,-415.0
532,2013-10-11,12788.0,1263.0,1.0,1.0,0,0.0,5.0,-0.9890402,0.14764656,-0.8660254,0.5,4,0,0,1,10762.0,1,11162.0,1,13148.0,1,0.0,1,0.0,1,9586.0,1,8517.0,1,8425.0,10426.079,9535.377,-400.0
532,2013-10-12,10296.0,1194.0,1.0,0.0,0,0.0,6.0,-0.9890402,0.14764656,-0.8660254,0.5,4,0,0,1,12788.0,1,10762.0,1,11577.0,1,10750.0,1,10689.0,1,10169.0,1,8422.0,1,8164.0,11370.848,10258.183,2026.0
532,2013-10-13,0.0,0.0,0.0,0.0,0,0.0,7.0,-0.9890402,0.14764656,-0.8660254,0.5,4,0,0,1,10296.0,1,12788.0,1,11162.0,1,9130.0,1,9186.0,1,10360.0,1,8291.0,1,7435.0,10940.908,10266.586,-2492.0
532,2013-10-14,10148.0,1355.0,1.0,0.0,0,0.0,1.0,-0.9646356,0.26358718,-0.8660254,0.5,4,0,0,1,0.0,1,10296.0,1,10762.0,1,0.0,1,10470.0,1,9950.0,1,7835.0,1,7642.0,6564.545,7985.1226,-10296.0
532,2013-10-15,9607.0,1262.0,1.0,0.0,0,0.0,2.0,-0.9646356,0.26358718,-0.8660254,0.5,4,0,0,1,10148.0,1,0.0,1,12788.0,1,13148.0,1,0.0,1,0.0,1,9046.0,1,7816.0,7997.9272,8465.762,10148.0
532,2013-10-16,9658.0,1243.0,1.0,0.0,0,0.0,3.0,-0.9646356,0.26358718,-0.8660254,0.5,4,0,0,1,9607.0,1,10148.0,1,10296.0,1,11577.0,1,10750.0,1,10689.0,1,0.0,1,0.0,8641.557,8719.37,-541.0
532,2013-10-17,10855.0,1188.0,1.0,0.0,0,0.0,4.0,-0.9646356,0.26358718,-0.8660254,0.5,4,0,0,1,9658.0,1,9607.0,1,0.0,1,11162.0,1,9130.0,1,9186.0,1,11123.0,1,11082.0,9048.134,8927.955,51.0
532,2013-10-18,8344.0,1120.0,1.0,0.0,0,0.0,5.0,-0.9646356,0.26358718,-0.8660254,0.5,4,0,0,1,10855.0,1,9658.0,1,10148.0,1,10762.0,1,0.0,1,10470.0,1,10250.0,1,10452.0,9770.88,9356.1875,1197.0
532,2013-10-19,9236.0,1111.0,1.0,0.0,0,0.0,6.0,-0.9646356,0.26358718,-0.8660254,0.5,4,0,0,1,8344.0,1,10855.0,1,9607.0,1,12788.0,1,13148.0,1,0.0,1,9586.0,1,10584.0,9200.128,9131.257,-2511.0
532,2013-10-20,0.0,0.0,0.0,0.0,0,0.0,7.0,-0.9646356,0.26358718,-0.8660254,0.5,4,0,0,1,9236.0,1,8344.0,1,9658.0,1,10296.0,1,11577.0,1,10750.0,1,10169.0,1,10203.0,9214.477,9154.533,892.0
532,2013-10-21,11983.0,1457.0,1.0,1.0,0,1.0,1.0,-0.9266896,0.37582758,-0.8660254,0.5,4,0,0,1,0.0,1,9236.0,1,10855.0,1,0.0,1,11162.0,1,9130.0,1,10360.0,1,11379.0,5528.686,7120.1924,-9236.0
532,2013-10-22,10164.0,1263.0,1.0,1.0,0,1.0,2.0,-0.9266896,0.37582758,-0.8660254,0.5,4,0,0,1,11983.0,1,0.0,1,8344.0,1,10148.0,1,10762.0,1,0.0,1,9950.0,1,9059.0,8110.4116,8200.816,11983.0
532,2013-10-23,10749.0,1280.0,1.0,1.0,0,1.0,3.0,-0.9266896,0.37582758,-0.8660254,0.5,4,0,0,1,10164.0,1,11983.0,1,9236.0,1,9607.0,1,12788.0,1,13148.0,1,0.0,1,0.0,8931.847,8637.079,-1819.0
532,2013-10-24,11901.0,1293.0,1.0,1.0,0,1.0,4.0,-0.9266896,0.37582758,-0.8660254,0.5,4,0,0,1,10749.0,1,10164.0,1,0.0,1,9658.0,1,10296.0,1,11577.0,1,10689.0,1,10704.0,9658.708,9106.395,585.0
532,2013-10-25,9998.0,1194.0,1.0,1.0,0,1.0,5.0,-0.9266896,0.37582758,-0.8660254,0.5,4,0,0,1,11901.0,1,10749.0,1,11983.0,1,10855.0,1,0.0,1,11162.0,1,9186.0,1,11491.0,10555.625,9727.418,1152.0
532,2013-10-26,8336.0,1031.0,1.0,0.0,0,0.0,6.0,-0.9266896,0.37582758,-0.8660254,0.5,4,0,0,1,9998.0,1,11901.0,1,10164.0,1,8344.0,1,10148.0,1,10762.0,1,10470.0,1,8271.0,10332.575,9787.548,-1903.0
532,2013-10-27,0.0,0.0,0.0,0.0,0,0.0,7.0,-0.9266896,0.37582758,-0.8660254,0.5,4,0,0,1,8336.0,1,9998.0,1,10749.0,1,9236.0,1,9607.0,1,12788.0,1,0.0,1,7834.0,9533.945,9464.981,-1662.0
532,2013-10-28,9480.0,1277.0,1.0,0.0,0,1.0,1.0,-0.8757349,0.4827922,-0.8660254,0.5,4,0,0,1,0.0,1,8336.0,1,11901.0,1,0.0,1,9658.0,1,10296.0,1,10750.0,1,8535.0,5720.367,7361.6523,-8336.0
532,2013-10-29,9832.0,1210.0,1.0,0.0,0,1.0,2.0,-0.8757349,0.4827922,-0.8660254,0.5,4,0,0,1,9480.0,1,0.0,1,9998.0,1,11983.0,1,10855.0,1,0.0,1,9130.0,1,9651.0,7224.22,7832.396,9480.0
532,2013-10-30,9507.0,1274.0,1.0,0.0,0,1.0,3.0,-0.8757349,0.4827922,-0.8660254,0.5,4,0,0,1,9832.0,1,9480.0,1,8336.0,1,10164.0,1,8344.0,1,10148.0,1,0.0,1,0.0,8267.332,8276.753,352.0
532,2013-10-31,12399.0,1556.0,1.0,0.0,0,1.0,4.0,-0.8757349,0.4827922,-0.8660254,0.5,4,0,1,1,9507.0,1,9832.0,1,0.0,1,10749.0,1,9236.0,1,9607.0,1,13148.0,1,13182.0,8763.199,8550.141,-325.0
532,2013-11-01,0.0,0.0,0.0,0.0,1,1.0,5.0,-0.8757349,0.4827922,-0.5,0.8660254,4,1,0,1,12399.0,1,9507.0,1,9480.0,1,11901.0,1,0.0,1,9658.0,1,11577.0,1,11436.0,10217.52,9405.443,2892.0
532,2013-11-02,14376.0,1354.0,1.0,0.0,0,0.0,6.0,-0.8757349,0.4827922,-0.5,0.8660254,4,0,0,1,0.0,1,12399.0,1,9832.0,1,9998.0,1,11983.0,1,10855.0,1,11162.0,1,9927.0,6130.5117,7315.3447,-12399.0
532,2013-11-03,0.0,0.0,0.0,0.0,0,0.0,7.0,-0.8757349,0.4827922,-0.5,0.8660254,4,0,0,1,14376.0,1,0.0,1,9507.0,1,8336.0,1,10164.0,1,8344.0,1,10762.0,1,10511.0,9428.707,8884.379,14376.0
532,2013-11-04,12904.0,1489.0,1.0,1.0,0,0.0,1.0,-0.8124869,0.5829795,-0.5,0.8660254,4,0,0,1,0.0,1,14376.0,1,12399.0,1,0.0,1,10749.0,1,9236.0,1,12788.0,1,14281.0,5657.224,6910.0728,-14376.0
532,2013-11-05,13415.0,1489.0,1.0,1.0,0,0.0,2.0,-0.8124869,0.5829795,-0.5,0.8660254,4,0,0,1,12904.0,1,0.0,1,0.0,1,9480.0,1,11901.0,1,0.0,1,10296.0,1,8708.0,8555.935,8242.057,12904.0
532,2013-11-06,11962.0,1415.0,1.0,1.0,0,0.0,3.0,-0.8124869,0.5829795,-0.5,0.8660254,4,0,0,1,13415.0,1,12904.0,1,14376.0,1,9832.0,1,9998.0,1,11983.0,1,0.0,1,0.0,10499.561,9391.6,511.0
532,2013-11-07,11514.0,1365.0,1.0,1.0,0,0.0,4.0,-0.8124869,0.5829795,-0.5,0.8660254,4,0,0,1,11962.0,1,13415.0,1,0.0,1,9507.0,1,8336.0,1,10164.0,1,10148.0,1,13587.0,11084.536,9962.8,-1453.0
532,2013-11-08,11134.0,1337.0,1.0,1.0,0,0.0,5.0,-0.8124869,0.5829795,-0.5,0.8660254,4,0,0,1,11514.0,1,11962.0,1,12904.0,1,12399.0,1,0.0,1,10749.0,1,9607.0,1,8517.0,11256.322,10307.511,-448.0
532,2013-11-09,10972.0,1358.0,1.0,0.0,0,0.0,6.0,-0.8124869,0.5829795,-0.5,0.8660254,4,0,0,1,11134.0,1,11514.0,1,13415.0,1,0.0,1,9480.0,1,11901.0,1,9658.0,1,8422.0,11207.394,10491.175,-380.0
532,2013-11-10,0.0,0.0,0.0,0.0,0,0.0,7.0,-0.8124869,0.5829795,-0.5,0.8660254,4,0,0,1,10972.0,1,11134.0,1,11962.0,1,14376.0,1,9832.0,1,9998.0,1,10855.0,1,8291.0,11113.236,10598.025,-162.0
532,2013-11-11,5272.0,730.0,1.0,0.0,0,0.0,1.0,-0.73783326,0.674983,-0.5,0.8660254,4,0,0,1,0.0,1,10972.0,1,11514.0,1,0.0,1,9507.0,1,8336.0,1,8344.0,1,7835.0,6667.9414,8242.908,-10972.0
532,2013-11-12,10426.0,1296.0,1.0,0.0,0,0.0,2.0,-0.73783326,0.674983,-0.5,0.8660254,4,0,0,1,5272.0,1,0.0,1,11134.0,1,12904.0,1,12399.0,1,0.0,1,9236.0,1,9046.0,6109.565,7582.7065,5272.0
532,2013-11-13,10245.0,1282.0,1.0,0.0,0,0.0,3.0,-0.73783326,0.674983,-0.5,0.8660254,4,0,0,1,10426.0,1,5272.0,1,10972.0,1,13415.0,1,0.0,1,9480.0,1,0.0,1,0.0,7836.139,8214.55,5154.0
532,2013-11-14,8918.0,1164.0,1.0,0.0,0,0.0,4.0,-0.73783326,0.674983,-0.5,0.8660254,4,0,0,1,10245.0,1,10426.0,1,0.0,1,11962.0,1,14376.0,1,9832.0,1,11983.0,1,11123.0,8799.684,8665.761,-181.0
532,2013-11-15,9804.0,1182.0,1.0,0.0,0,0.0,5.0,-0.73783326,0.674983,-0.5,0.8660254,4,0,0,1,8918.0,1,10245.0,1,5272.0,1,11514.0,1,0.0,1,9507.0,1,10164.0,1,10250.0,8847.01,8721.813,-1327.0
532,2013-11-16,10114.0,1207.0,1.0,0.0,0,0.0,6.0,-0.73783326,0.674983,-0.5,0.8660254,4,0,0,1,9804.0,1,8918.0,1,10426.0,1,11134.0,1,12904.0,1,12399.0,1,10749.0,1,9586.0,9229.806,8962.3,886.0
532,2013-11-17,0.0,0.0,0.0,0.0,0,0.0,7.0,-0.73783326,0.674983,-0.5,0.8660254,4,0,0,1,10114.0,1,9804.0,1,10245.0,1,10972.0,1,13415.0,1,0.0,1,11901.0,1,10169.0,9583.483,9218.233,310.0
532,2013-11-18,12860.0,1536.0,1.0,1.0,0,0.0,1.0,-0.65282214,0.75751126,-0.5,0.8660254,4,0,0,1,0.0,1,10114.0,1,8918.0,1,0.0,1,11962.0,1,14376.0,1,9998.0,1,10360.0,5750.0903,7169.737,-10114.0
532,2013-11-19,11825.0,1404.0,1.0,1.0,0,0.0,2.0,-0.65282214,0.75751126,-0.5,0.8660254,4,0,0,1,12860.0,1,0.0,1,9804.0,1,5272.0,1,11514.0,1,0.0,1,8336.0,1,9950.0,8594.054,8434.24,12860.0
532,2013-11-20,11726.0,1393.0,1.0,1.0,0,0.0,3.0,-0.65282214,0.75751126,-0.5,0.8660254,4,0,0,1,11825.0,1,12860.0,1,10114.0,1,10426.0,1,11134.0,1,12904.0,1,0.0,1,0.0,9886.433,9187.742,-1035.0
532,2013-11-21,11542.0,1327.0,1.0,1.0,0,0.0,4.0,-0.65282214,0.75751126,-0.5,0.8660254,4,0,0,1,11726.0,1,11825.0,1,0.0,1,10245.0,1,10972.0,1,13415.0,1,9480.0,1,10689.0,10622.26,9751.8,-99.0
532,2013-11-22,11440.0,1381.0,1.0,1.0,0,0.0,5.0,-0.65282214,0.75751126,-0.5,0.8660254,4,0,0,1,11542.0,1,11726.0,1,12860.0,1,8918.0,1,0.0,1,11962.0,1,9832.0,1,9186.0,10990.155,10149.622,-184.0
532,2013-11-23,10350.0,1150.0,1.0,0.0,0,0.0,6.0,-0.65282214,0.75751126,-0.5,0.8660254,4,0,0,1,11440.0,1,11542.0,1,11825.0,1,9804.0,1,5272.0,1,11514.0,1,9507.0,1,10470.0,11170.094,10436.372,-102.0
532,2013-11-24,0.0,0.0,0.0,0.0,0,0.0,7.0,-0.65282214,0.75751126,-0.5,0.8660254,4,0,0,1,10350.0,1,11440.0,1,11726.0,1,10114.0,1,10426.0,1,11134.0,1,12399.0,1,0.0,10842.056,10417.179,-1090.0
532,2013-11-25,10548.0,1311.0,1.0,0.0,0,0.0,1.0,-0.55864674,0.82940567,-0.5,0.8660254,4,0,0,1,0.0,1,10350.0,1,11542.0,1,0.0,1,10245.0,1,10972.0,1,0.0,1,10750.0,6505.2334,8102.25,-10350.0
532,2013-11-26,10222.0,1241.0,1.0,0.0,0,0.0,2.0,-0.55864674,0.82940567,-0.5,0.8660254,4,0,0,1,10548.0,1,0.0,1,11440.0,1,12860.0,1,8918.0,1,0.0,1,14376.0,1,9130.0,8122.3403,8645.75,10548.0
532,2013-11-27,10658.0,1266.0,1.0,0.0,0,0.0,3.0,-0.55864674,0.82940567,-0.5,0.8660254,4,0,0,1,10222.0,1,10548.0,1,10350.0,1,11825.0,1,9804.0,1,5272.0,1,0.0,1,0.0,8962.204,8996.027,-326.0
532,2013-11-28,10855.0,1248.0,1.0,0.0,0,0.0,4.0,-0.55864674,0.82940567,-0.5,0.8660254,4,0,0,1,10658.0,1,10222.0,1,0.0,1,11726.0,1,10114.0,1,10426.0,1,12904.0,1,13148.0,9640.522,9365.3545,436.0
532,2013-11-29,10580.0,1235.0,1.0,0.0,0,0.0,5.0,-0.55864674,0.82940567,-0.5,0.8660254,4,0,0,1,10855.0,1,10658.0,1,10548.0,1,11542.0,1,0.0,1,10245.0,1,13415.0,1,11577.0,10126.313,9696.387,197.0
532,2013-11-30,11649.0,1241.0,1.0,0.0,0,0.0,6.0,-0.55864674,0.82940567,-0.5,0.8660254,4,0,1,1,10580.0,1,10855.0,1,10222.0,1,11440.0,1,12860.0,1,8918.0,1,11962.0,1,11162.0,10307.788,9892.745,-275.0
532,2013-12-01,0.0,0.0,0.0,0.0,0,0.0,7.0,-0.55864674,0.82940567,-2.4492937e-16,1.0,4,1,0,1,11649.0,1,10580.0,1,10658.0,1,10350.0,1,11825.0,1,9804.0,1,11514.0,1,10762.0,10844.272,10283.024,1069.0
532,2013-12-02,14545.0,1594.0,1.0,1.0,0,0.0,1.0,-0.45662925,0.8896571,-2.4492937e-16,1.0,4,0,0,1,0.0,1,11649.0,1,10855.0,1,0.0,1,11726.0,1,10114.0,1,11134.0,1,12788.0,6506.5635,7997.9077,-11649.0
532,2013-12-03,13605.0,1482.0,1.0,1.0,0,0.0,2.0,-0.45662925,0.8896571,-2.4492937e-16,1.0,4,0,0,1,14545.0,1,0.0,1,10580.0,1,10548.0,1,11542.0,1,0.0,1,10972.0,1,10296.0,9721.938,9452.817,14545.0
532,2013-12-04,12864.0,1408.0,1.0,1.0,0,0.0,3.0,-0.45662925,0.8896571,-2.4492937e-16,1.0,4,0,0,1,13605.0,1,14545.0,1,11649.0,1,10222.0,1,11440.0,1,12860.0,1,0.0,1,0.0,11275.163,10375.524,-940.0
532,2013-12-05,13210.0,1489.0,1.0,1.0,0,0.0,4.0,-0.45662925,0.8896571,-2.4492937e-16,1.0,4,0,0,1,12864.0,1,13605.0,1,0.0,1,10658.0,1,10350.0,1,11825.0,1,5272.0,1,10148.0,11910.698,10928.52,-741.0
532,2013-12-06,11864.0,1364.0,1.0,1.0,0,0.0,5.0,-0.45662925,0.8896571,-2.4492937e-16,1.0,4,0,0,1,13210.0,1,12864.0,1,14545.0,1,10855.0,1,0.0,1,11726.0,1,10426.0,1,9607.0,12430.419,11435.515,346.0
532,2013-12-07,11064.0,1236.0,1.0,0.0,0,0.0,6.0,-0.45662925,0.8896571,-2.4492937e-16,1.0,4,0,0,1,11864.0,1,13210.0,1,13605.0,1,10580.0,1,10548.0,1,11542.0,1,10245.0,1,9658.0,12203.852,11530.733,-1346.0
532,2013-12-08,0.0,0.0,0.0,0.0,0,0.0,7.0,-0.45662925,0.8896571,-2.4492937e-16,1.0,4,0,0,1,11064.0,1,11864.0,1,12864.0,1,11649.0,1,10222.0,1,11440.0,1,8918.0,1,10855.0,11747.911,11427.015,-800.0
532,2013-12-09,11198.0,1411.0,1.0,0.0,0,0.0,1.0,-0.34820163,0.93741965,-2.4492937e-16,1.0,4,0,0,1,0.0,1,11064.0,1,13210.0,1,0.0,1,10658.0,1,10350.0,1,9804.0,1,8344.0,7048.7466,8887.679,-11064.0
532,2013-12-10,11629.0,1367.0,1.0,0.0,0,0.0,2.0,-0.34820163,0.93741965,-2.4492937e-16,1.0,4,0,0,1,11198.0,1,0.0,1,11864.0,1,14545.0,1,10855.0,1,0.0,1,10114.0,1,9236.0,8708.448,9401.083,11198.0
532,2013-12-11,10498.0,1224.0,1.0,0.0,0,0.0,3.0,-0.34820163,0.93741965,-2.4492937e-16,1.0,4,0,0,1,11629.0,1,11198.0,1,11064.0,1,13605.0,1,10580.0,1,10548.0,1,0.0,1,0.0,9876.669,9896.176,431.0
532,2013-12-12,10051.0,1235.0,1.0,0.0,0,0.0,4.0,-0.34820163,0.93741965,-2.4492937e-16,1.0,4,0,0,1,10498.0,1,11629.0,1,0.0,1,12864.0,1,11649.0,1,10222.0,1,12860.0,1,11983.0,10125.201,10029.914,-1131.0
532,2013-12-13,10211.0,1263.0,1.0,0.0,0,0.0,5.0,-0.34820163,0.93741965,-2.4492937e-16,1.0,4,0,0,1,10051.0,1,10498.0,1,11198.0,1,13210.0,1,0.0,1,10658.0,1,11825.0,1,10164.0,10095.5205,10034.601,-447.0
532,2013-12-14,10767.0,1225.0,1.0,0.0,0,0.0,6.0,-0.34820163,0.93741965,-2.4492937e-16,1.0,4,0,0,1,10211.0,1,10051.0,1,11629.0,1,11864.0,1,14545.0,1,10855.0,1,11726.0,1,10749.0,10141.713,10073.8,160.0
532,2013-12-15,0.0,0.0,0.0,0.0,0,0.0,7.0,-0.34820163,0.93741965,-2.4492937e-16,1.0,4,0,0,1,10767.0,1,10211.0,1,10498.0,1,11064.0,1,13605.0,1,10580.0,1,11542.0,1,11901.0,10391.827,10227.845,556.0
532,2013-12-16,15942.0,1716.0,1.0,1.0,0,0.0,1.0,-0.23488605,0.9720229,-2.4492937e-16,1.0,4,0,0,1,0.0,1,10767.0,1,10051.0,1,0.0,1,12864.0,1,11649.0,1,11440.0,1,9998.0,6235.0967,7954.99,-10767.0
532,2013-12-17,15452.0,1610.0,1.0,1.0,0,0.0,2.0,-0.23488605,0.9720229,-2.4492937e-16,1.0,4,0,0,1,15942.0,1,0.0,1,10211.0,1,11198.0,1,13210.0,1,0.0,1,10350.0,1,8336.0,10117.857,9729.881,15942.0
532,2013-12-18,14198.0,1570.0,1.0,1.0,0,0.0,3.0,-0.23488605,0.9720229,-2.4492937e-16,1.0,4,0,0,1,15452.0,1,15942.0,1,10767.0,1,11629.0,1,11864.0,1,14545.0,1,0.0,1,0.0,12251.515,11001.463,-490.0
532,2013-12-19,13963.0,1571.0,1.0,1.0,0,0.0,4.0,-0.23488605,0.9720229,-2.4492937e-16,1.0,4,0,0,1,14198.0,1,15452.0,1,0.0,1,10498.0,1,11064.0,1,13605.0,1,10548.0,1,9480.0,13030.108,11711.805,-1254.0
532,2013-12-20,14850.0,1566.0,1.0,1.0,0,0.0,5.0,-0.23488605,0.9720229,-2.4492937e-16,1.0,4,0,0,1,13963.0,1,14198.0,1,15942.0,1,10051.0,1,0.0,1,12864.0,1,10222.0,1,9832.0,13403.266,12212.07,-235.0
532,2013-12-21,13336.0,1412.0,1.0,0.0,0,0.0,6.0,-0.23488605,0.9720229,-2.4492937e-16,1.0,4,0,0,1,14850.0,1,13963.0,1,15452.0,1,10211.0,1,11198.0,1,13210.0,1,10658.0,1,9507.0,13981.959,12798.277,887.0
532,2013-12-22,0.0,0.0,0.0,0.0,0,0.0,7.0,-0.23488605,0.9720229,-2.4492937e-16,1.0,4,0,0,1,13336.0,1,14850.0,1,14198.0,1,10767.0,1,11629.0,1,11864.0,1,10855.0,1,12399.0,13723.575,12917.7705,-1514.0
532,2013-12-23,16358.0,1863.0,1.0,0.0,0,1.0,1.0,-0.11827317,0.9929811,-2.4492937e-16,1.0,4,0,0,1,0.0,1,13336.0,1,13963.0,1,0.0,1,10498.0,1,11064.0,1,10580.0,1,0.0,8234.1455,10047.155,-13336.0
532,2013-12-24,5960.0,646.0,1.0,0.0,0,1.0,2.0,-0.11827317,0.9929811,-2.4492937e-16,1.0,4,0,0,1,16358.0,1,0.0,1,14850.0,1,15942.0,1,10051.0,1,0.0,1,11649.0,1,14376.0,11483.6875,11449.565,16358.0
532,2013-12-25,0.0,0.0,0.0,0.0,3,1.0,3.0,-0.11827317,0.9929811,-2.4492937e-16,1.0,4,0,0,1,5960.0,1,16358.0,1,13336.0,1,15452.0,1,10211.0,1,11198.0,1,0.0,1,0.0,9274.212,10229.662,-10398.0
532,2013-12-26,0.0,0.0,0.0,0.0,3,1.0,4.0,-0.11827317,0.9929811,-2.4492937e-16,1.0,4,0,0,1,0.0,1,5960.0,1,0.0,1,14198.0,1,10767.0,1,11629.0,1,14545.0,1,12904.0,5564.5273,7956.404,-5960.0
532,2013-12-27,9594.0,1144.0,1.0,0.0,0,1.0,5.0,-0.11827317,0.9929811,-2.4492937e-16,1.0,4,0,0,1,0.0,1,0.0,1,16358.0,1,13963.0,1,0.0,1,10498.0,1,13605.0,1,13415.0,3338.7166,6188.314,0.0
532,2013-12-28,8967.0,1033.0,1.0,0.0,0,0.0,6.0,-0.11827317,0.9929811,-2.4492937e-16,1.0,4,0,0,1,9594.0,1,0.0,1,5960.0,1,14850.0,1,15942.0,1,10051.0,1,12864.0,1,11962.0,5840.83,6945.133,9594.0
532,2013-12-29,0.0,0.0,0.0,0.0,0,0.0,7.0,-0.11827317,0.9929811,-2.4492937e-16,1.0,4,0,0,1,8967.0,1,9594.0,1,0.0,1,13336.0,1,15452.0,1,10211.0,1,13210.0,1,11514.0,7091.298,7394.437,-627.0
532,2013-12-30,13799.0,1557.0,1.0,0.0,0,1.0,1.0,0.11827317,0.9929811,-2.4492937e-16,1.0,4,0,0,1,0.0,1,8967.0,1,0.0,1,0.0,1,14198.0,1,10767.0,1,11864.0,1,11134.0,4254.779,5751.2285,-8967.0
532,2013-12-31,6185.0,751.0,1.0,0.0,0,1.0,2.0,0.11827317,0.9929811,-2.4492937e-16,1.0,4,0,1,1,13799.0,1,0.0,1,9594.0,1,16358.0,1,13963.0,1,0.0,1,11064.0,1,10972.0,8072.4673,7539.622,13799.0
532,2014-01-01,0.0,0.0,0.0,0.0,1,1.0,3.0,0.11827317,0.9929811,0.5,0.8660254,1,1,0,1,6185.0,1,13799.0,1,8967.0,1,5960.0,1,14850.0,1,15942.0,1,0.0,1,0.0,7317.4805,7238.595,-7614.0
532,2014-01-02,10025.0,1180.0,1.0,0.0,0,1.0,4.0,0.11827317,0.9929811,0.5,0.8660254,1,0,0,1,0.0,1,6185.0,1,0.0,1,0.0,1,13336.0,1,15452.0,1,11198.0,1,5272.0,4390.4883,5630.0186,-6185.0
532,2014-01-03,9344.0,1142.0,1.0,0.0,0,1.0,5.0,0.11827317,0.9929811,0.5,0.8660254,1,0,0,1,10025.0,1,0.0,1,13799.0,1,0.0,1,0.0,1,14198.0,1,11629.0,1,10426.0,6644.293,6606.681,10025.0
532,2014-01-04,9699.0,1155.0,1.0,0.0,0,0.0,6.0,0.11827317,0.9929811,0.5,0.8660254,1,0,0,1,9344.0,1,10025.0,1,6185.0,1,9594.0,1,16358.0,1,13963.0,1,10498.0,1,10245.0,7724.176,7214.974,-681.0
532,2014-01-05,0.0,0.0,0.0,0.0,0,0.0,7.0,0.11827317,0.9929811,0.5,0.8660254,1,0,0,1,9699.0,1,9344.0,1,0.0,1,8967.0,1,5960.0,1,14850.0,1,10051.0,1,8918.0,8514.105,7766.98,355.0
532,2014-01-06,13455.0,1541.0,1.0,1.0,0,1.0,1.0,0.23488605,0.9720229,0.5,0.8660254,1,0,0,1,0.0,1,9699.0,1,10025.0,1,0.0,1,0.0,1,13336.0,1,10211.0,1,9804.0,5108.4634,6040.9844,-9699.0
532,2014-01-07,12744.0,1418.0,1.0,1.0,0,1.0,2.0,0.23488605,0.9720229,0.5,0.8660254,1,0,0,1,13455.0,1,0.0,1,9344.0,1,13799.0,1,0.0,1,0.0,1,10767.0,1,10114.0,8447.078,7688.5435,13455.0
532,2014-01-08,11659.0,1362.0,1.0,1.0,0,0.0,3.0,0.23488605,0.9720229,0.5,0.8660254,1,0,0,1,12744.0,1,13455.0,1,9699.0,1,6185.0,1,9594.0,1,16358.0,1,0.0,1,0.0,10165.847,8811.979,-711.0
532,2014-01-09,10844.0,1346.0,1.0,1.0,0,0.0,4.0,0.23488605,0.9720229,0.5,0.8660254,1,0,0,1,11659.0,1,12744.0,1,0.0,1,0.0,1,8967.0,1,5960.0,1,15942.0,1,12860.0,10763.108,9444.649,-1085.0
532,2014-01-10,11033.0,1388.0,1.0,1.0,0,0.0,5.0,0.23488605,0.9720229,0.5,0.8660254,1,0,0,1,10844.0,1,11659.0,1,13455.0,1,10025.0,1,0.0,1,0.0,1,15452.0,1,11825.0,10795.465,9755.616,-815.0
532,2014-01-11,10632.0,1284.0,1.0,0.0,0,0.0,6.0,0.23488605,0.9720229,0.5,0.8660254,1,0,0,1,11033.0,1,10844.0,1,12744.0,1,9344.0,1,13799.0,1,0.0,1,14198.0,1,11726.0,10890.479,10039.4795,189.0
532,2014-01-12,0.0,0.0,0.0,0.0,0,0.0,7.0,0.23488605,0.9720229,0.5,0.8660254,1,0,0,1,10632.0,1,11033.0,1,11659.0,1,9699.0,1,6185.0,1,9594.0,1,13963.0,1,11542.0,10787.087,10171.15,-401.0
532,2014-01-13,10700.0,1370.0,1.0,0.0,0,0.0,1.0,0.34820163,0.93741965,0.5,0.8660254,1,0,0,1,0.0,1,10632.0,1,10844.0,1,0.0,1,0.0,1,8967.0,1,14850.0,1,11440.0,6472.2524,7910.895,-10632.0
532,2014-01-14,9798.0,1218.0,1.0,0.0,0,0.0,2.0,0.34820163,0.93741965,0.5,0.8660254,1,0,0,1,10700.0,1,0.0,1,11033.0,1,13455.0,1,10025.0,1,0.0,1,13336.0,1,10350.0,8163.3516,8530.696,10700.0
532,2014-01-15,8731.0,1189.0,1.0,0.0,0,0.0,3.0,0.34820163,0.93741965,0.5,0.8660254,1,0,0,1,9798.0,1,10700.0,1,10632.0,1,12744.0,1,9344.0,1,13799.0,1,0.0,1,0.0,8817.211,8812.319,-902.0
532,2014-01-16,9289.0,1195.0,1.0,0.0,0,0.0,4.0,0.34820163,0.93741965,0.5,0.8660254,1,0,0,1,8731.0,1,9798.0,1,0.0,1,11659.0,1,9699.0,1,6185.0,1,16358.0,1,10548.0,8782.727,8794.248,-1067.0
532,2014-01-17,9332.0,1184.0,1.0,0.0,0,0.0,5.0,0.34820163,0.93741965,0.5,0.8660254,1,0,0,1,9289.0,1,8731.0,1,10700.0,1,10844.0,1,0.0,1,0.0,1,5960.0,1,10222.0,8985.236,8904.193,558.0
532,2014-01-18,9741.0,1191.0,1.0,0.0,0,0.0,6.0,0.34820163,0.93741965,0.5,0.8660254,1,0,0,1,9332.0,1,9289.0,1,9798.0,1,11033.0,1,13455.0,1,10025.0,1,0.0,1,10658.0,9123.941,8999.262,43.0
532,2014-01-19,0.0,0.0,0.0,0.0,0,0.0,7.0,0.34820163,0.93741965,0.5,0.8660254,1,0,0,1,9741.0,1,9332.0,1,8731.0,1,10632.0,1,12744.0,1,9344.0,1,0.0,1,10855.0,9370.765,9164.092,409.0
532,2014-01-20,13841.0,1606.0,1.0,1.0,0,0.0,1.0,0.45662925,0.8896571,0.5,0.8660254,1,0,0,1,0.0,1,9741.0,1,9289.0,1,0.0,1,11659.0,1,9699.0,1,9594.0,1,10580.0,5622.459,7127.6274,-9741.0
532,2014-01-21,12207.0,1433.0,1.0,1.0,0,0.0,2.0,0.45662925,0.8896571,0.5,0.8660254,1,0,0,1,13841.0,1,0.0,1,9332.0,1,10700.0,1,10844.0,1,0.0,1,8967.0,1,11649.0,8909.875,8619.488,13841.0
532,2014-01-22,10554.0,1250.0,1.0,1.0,0,0.0,3.0,0.45662925,0.8896571,0.5,0.8660254,1,0,0,1,12207.0,1,13841.0,1,9741.0,1,9798.0,1,11033.0,1,13455.0,1,0.0,1,0.0,10228.726,9416.713,-1634.0
532,2014-01-23,10915.0,1281.0,1.0,1.0,0,0.0,4.0,0.45662925,0.8896571,0.5,0.8660254,1,0,0,1,10554.0,1,12207.0,1,0.0,1,8731.0,1,10632.0,1,12744.0,1,13799.0,1,14545.0,10358.835,9669.443,-1653.0
532,2014-01-24,10753.0,1309.0,1.0,1.0,0,0.0,5.0,0.45662925,0.8896571,0.5,0.8660254,1,0,0,1,10915.0,1,10554.0,1,13841.0,1,9289.0,1,0.0,1,11659.0,1,6185.0,1,13605.0,10581.301,9946.233,361.0
532,2014-01-25,10869.0,1233.0,1.0,0.0,0,0.0,6.0,0.45662925,0.8896571,0.5,0.8660254,1,0,0,1,10753.0,1,10915.0,1,12207.0,1,9332.0,1,10700.0,1,10844.0,1,0.0,1,12864.0,10649.98,10125.515,-162.0
532,2014-01-26,0.0,0.0,0.0,0.0,0,0.0,7.0,0.45662925,0.8896571,0.5,0.8660254,1,0,0,1,10869.0,1,10753.0,1,10554.0,1,9741.0,1,9798.0,1,11033.0,1,10025.0,1,13210.0,10737.589,10290.734,116.0
532,2014-01-27,10334.0,1303.0,1.0,0.0,0,0.0,1.0,0.55864674,0.82940567,0.5,0.8660254,1,0,0,1,0.0,1,10869.0,1,10915.0,1,0.0,1,8731.0,1,10632.0,1,9344.0,1,11864.0,6442.553,8003.9043,-10869.0
532,2014-01-28,9957.0,1229.0,1.0,0.0,0,0.0,2.0,0.55864674,0.82940567,0.5,0.8660254,1,0,0,1,10334.0,1,0.0,1,10753.0,1,13841.0,1,9289.0,1,0.0,1,9699.0,1,11064.0,7999.132,8521.703,10334.0
532,2014-01-29,9202.0,1157.0,1.0,0.0,0,0.0,3.0,0.55864674,0.82940567,0.5,0.8660254,1,0,0,1,9957.0,1,10334.0,1,10869.0,1,12207.0,1,9332.0,1,10700.0,1,0.0,1,0.0,8782.279,8840.658,-377.0
532,2014-01-30,9387.0,1166.0,1.0,0.0,0,0.0,4.0,0.55864674,0.82940567,0.5,0.8660254,1,0,0,1,9202.0,1,9957.0,1,0.0,1,10554.0,1,9741.0,1,9798.0,1,13455.0,1,11198.0,8950.167,8920.956,-755.0
532,2014-01-31,10807.0,1273.0,1.0,0.0,0,0.0,5.0,0.55864674,0.82940567,0.5,0.8660254,1,0,1,1,9387.0,1,9202.0,1,10334.0,1,10915.0,1,0.0,1,8731.0,1,12744.0,1,11629.0,9124.9,9024.521,185.0
532,2014-02-01,11577.0,1284.0,1.0,0.0,0,0.0,6.0,0.55864674,0.82940567,0.8660254,0.5,1,1,0,1,10807.0,1,9387.0,1,9957.0,1,10753.0,1,13841.0,1,9289.0,1,11659.0,1,10498.0,9797.74,9420.628,1420.0
532,2014-02-02,0.0,0.0,0.0,0.0,0,0.0,7.0,0.55864674,0.82940567,0.8660254,0.5,1,0,0,1,11577.0,1,10807.0,1,9202.0,1,10869.0,1,12207.0,1,9332.0,1,10844.0,1,10051.0,10509.444,9899.821,770.0
532,2014-02-03,14709.0,1589.0,1.0,1.0,0,0.0,1.0,0.65282214,0.75751126,0.8660254,0.5,1,0,0,1,0.0,1,11577.0,1,9387.0,1,0.0,1,10554.0,1,9741.0,1,11033.0,1,10211.0,6305.6665,7699.8613,-11577.0
532,2014-02-04,11906.0,1445.0,1.0,1.0,0,0.0,2.0,0.65282214,0.75751126,0.8660254,0.5,1,0,0,1,14709.0,1,0.0,1,10807.0,1,10334.0,1,10915.0,1,0.0,1,10632.0,1,10767.0,9667.0,9257.447,14709.0
532,2014-02-05,11401.0,1300.0,1.0,1.0,0,0.0,3.0,0.65282214,0.75751126,0.8660254,0.5,1,0,0,1,11906.0,1,14709.0,1,11577.0,1,9957.0,1,10753.0,1,13841.0,1,0.0,1,0.0,10562.6,9846.015,-2803.0
532,2014-02-06,11590.0,1343.0,1.0,1.0,0,0.0,4.0,0.65282214,0.75751126,0.8660254,0.5,1,0,0,1,11401.0,1,11906.0,1,0.0,1,9202.0,1,10869.0,1,12207.0,1,10700.0,1,15942.0,10897.96,10191.567,-505.0
532,2014-02-07,11333.0,1300.0,1.0,1.0,0,0.0,5.0,0.65282214,0.75751126,0.8660254,0.5,1,0,0,1,11590.0,1,11401.0,1,14709.0,1,9387.0,1,0.0,1,10554.0,1,9798.0,1,15452.0,11174.776,10502.33,189.0
532,2014-02-08,10537.0,1222.0,1.0,0.0,0,0.0,6.0,0.65282214,0.75751126,0.8660254,0.5,1,0,0,1,11333.0,1,11590.0,1,11906.0,1,10807.0,1,10334.0,1,10915.0,1,8731.0,1,14198.0,11238.065,10686.923,-257.0
532,2014-02-09,0.0,0.0,0.0,0.0,0,0.0,7.0,0.65282214,0.75751126,0.8660254,0.5,1,0,0,1,10537.0,1,11333.0,1,11401.0,1,11577.0,1,9957.0,1,10753.0,1,9289.0,1,13963.0,10957.64,10653.607,-796.0
532,2014-02-10,10462.0,1354.0,1.0,0.0,0,0.0,1.0,0.73783326,0.674983,0.8660254,0.5,1,0,0,1,0.0,1,10537.0,1,11590.0,1,0.0,1,9202.0,1,10869.0,1,9332.0,1,14850.0,6574.5835,8286.139,-10537.0
532,2014-02-11,9352.0,1183.0,1.0,0.0,0,0.0,2.0,0.73783326,0.674983,0.8660254,0.5,1,0,0,1,10462.0,1,0.0,1,11333.0,1,14709.0,1,9387.0,1,0.0,1,9741.0,1,13336.0,8129.5503,8769.663,10462.0
532,2014-02-12,9136.0,1178.0,1.0,0.0,0,0.0,3.0,0.73783326,0.674983,0.8660254,0.5,1,0,0,1,9352.0,1,10462.0,1,10537.0,1,11906.0,1,10807.0,1,10334.0,1,0.0,1,0.0,8618.53,8899.071,-1110.0
532,2014-02-13,9426.0,1194.0,1.0,0.0,0,0.0,4.0,0.73783326,0.674983,0.8660254,0.5,1,0,0,1,9136.0,1,9352.0,1,0.0,1,11401.0,1,11577.0,1,9957.0,1,13841.0,1,16358.0,8825.518,8951.723,-216.0
532,2014-02-14,8842.0,1198.0,1.0,0.0,0,0.0,5.0,0.73783326,0.674983,0.8660254,0.5,1,0,0,1,9426.0,1,9136.0,1,10462.0,1,11590.0,1,0.0,1,9202.0,1,12207.0,1,5960.0,9065.711,9057.117,290.0
532,2014-02-15,11040.0,1276.0,1.0,0.0,0,0.0,6.0,0.73783326,0.674983,0.8660254,0.5,1,0,0,1,8842.0,1,9426.0,1,9352.0,1,11333.0,1,14709.0,1,9387.0,1,10554.0,1,0.0,8976.227,9009.313,-584.0
532,2014-02-16,0.0,0.0,0.0,0.0,0,0.0,7.0,0.73783326,0.674983,0.8660254,0.5,1,0,0,1,11040.0,1,8842.0,1,9136.0,1,10537.0,1,11906.0,1,10807.0,1,10915.0,1,0.0,9801.736,9460.577,2198.0
532,2014-02-17,12947.0,1470.0,1.0,1.0,0,0.0,1.0,0.8124869,0.5829795,0.8660254,0.5,1,0,0,1,0.0,1,11040.0,1,9426.0,1,0.0,1,11401.0,1,11577.0,1,10753.0,1,9594.0,5881.0415,7358.2266,-11040.0
532,2014-02-18,11601.0,1320.0,1.0,1.0,0,0.0,2.0,0.8124869,0.5829795,0.8660254,0.5,1,0,0,1,12947.0,1,0.0,1,8842.0,1,10462.0,1,11590.0,1,0.0,1,10869.0,1,8967.0,8707.425,8600.177,12947.0
532,2014-02-19,11338.0,1295.0,1.0,1.0,0,0.0,3.0,0.8124869,0.5829795,0.8660254,0.5,1,0,0,1,11601.0,1,12947.0,1,11040.0,1,9352.0,1,11333.0,1,14709.0,1,0.0,1,0.0,9864.8545,9267.026,-1346.0
532,2014-02-20,9869.0,1265.0,1.0,1.0,0,0.0,4.0,0.8124869,0.5829795,0.8660254,0.5,1,0,0,1,11338.0,1,11601.0,1,0.0,1,9136.0,1,10537.0,1,11906.0,1,10334.0,1,13799.0,10454.113,9727.242,-263.0
532,2014-02-21,10981.0,1300.0,1.0,1.0,0,0.0,5.0,0.8124869,0.5829795,0.8660254,0.5,1,0,0,1,9869.0,1,11338.0,1,12947.0,1,9426.0,1,0.0,1,11401.0,1,9957.0,1,6185.0,10220.067,9758.744,-1469.0
532,2014-02-22,10095.0,1248.0,1.0,0.0,0,0.0,6.0,0.8124869,0.5829795,0.8660254,0.5,1,0,0,1,10981.0,1,9869.0,1,11601.0,1,8842.0,1,10462.0,1,11590.0,1,9202.0,1,0.0,10524.44,10030.356,1112.0
532,2014-02-23,0.0,0.0,0.0,0.0,0,0.0,7.0,0.8124869,0.5829795,0.8660254,0.5,1,0,0,1,10095.0,1,10981.0,1,11338.0,1,11040.0,1,9352.0,1,11333.0,1,9387.0,1,10025.0,10352.664,10044.722,-886.0
532,2014-02-24,10762.0,1347.0,1.0,0.0,0,0.0,1.0,0.8757349,0.4827922,0.8660254,0.5,1,0,0,1,0.0,1,10095.0,1,9869.0,1,0.0,1,9136.0,1,10537.0,1,10807.0,1,9344.0,6211.5986,7812.5615,-10095.0
532,2014-02-25,11340.0,1400.0,1.0,0.0,0,0.0,2.0,0.8757349,0.4827922,0.8660254,0.5,1,0,0,1,10762.0,1,0.0,1,10981.0,1,12947.0,1,9426.0,1,0.0,1,11577.0,1,9699.0,8031.7593,8467.992,10762.0
532,2014-02-26,14177.0,1804.0,1.0,0.0,0,0.0,3.0,0.8757349,0.4827922,0.8660254,0.5,1,0,0,1,11340.0,1,10762.0,1,10095.0,1,11601.0,1,8842.0,1,10462.0,1,0.0,1,0.0,9355.056,9106.216,578.0
532,2014-02-27,2755.0,435.0,1.0,0.0,0,0.0,4.0,0.8757349,0.4827922,0.8660254,0.5,1,0,0,1,14177.0,1,11340.0,1,0.0,1,11338.0,1,11040.0,1,9352.0,1,14709.0,1,13455.0,11283.833,10233.057,2837.0
532,2014-02-28,10547.0,1274.0,1.0,0.0,0,0.0,5.0,0.8757349,0.4827922,0.8660254,0.5,1,0,1,1,2755.0,1,14177.0,1,10762.0,1,9869.0,1,0.0,1,9136.0,1,11906.0,1,12744.0,7872.3,8571.267,-11422.0
532,2014-03-01,9744.0,1142.0,1.0,0.0,0,0.0,6.0,0.8757349,0.4827922,1.0,6.123234e-17,1,1,0,1,10547.0,1,2755.0,1,11340.0,1,10981.0,1,12947.0,1,9426.0,1,11401.0,1,11659.0,8942.18,9010.318,7792.0
532,2014-03-02,0.0,0.0,0.0,0.0,0,0.0,7.0,0.8757349,0.4827922,1.0,6.123234e-17,1,0,0,1,9744.0,1,10547.0,1,14177.0,1,10095.0,1,11601.0,1,8842.0,1,11590.0,1,10844.0,9262.908,9173.358,-803.0
532,2014-03-03,2678.0,306.0,1.0,1.0,0,0.0,1.0,0.9266896,0.37582758,1.0,6.123234e-17,1,0,0,1,0.0,1,9744.0,1,2755.0,1,0.0,1,11338.0,1,11040.0,1,11333.0,1,11033.0,5557.7446,7134.8345,-9744.0
532,2014-03-04,13020.0,1468.0,1.0,1.0,0,0.0,2.0,0.9266896,0.37582758,1.0,6.123234e-17,1,0,0,1,2678.0,1,0.0,1,10547.0,1,10762.0,1,9869.0,1,0.0,1,10537.0,1,10632.0,4405.8467,6144.427,2678.0
532,2014-03-05,13329.0,1460.0,1.0,1.0,0,0.0,3.0,0.9266896,0.37582758,1.0,6.123234e-17,1,0,0,1,13020.0,1,2678.0,1,9744.0,1,11340.0,1,10981.0,1,12947.0,1,0.0,1,0.0,7851.5083,7672.332,10342.0
532,2014-03-06,12666.0,1418.0,1.0,1.0,0,0.0,4.0,0.9266896,0.37582758,1.0,6.123234e-17,1,0,0,1,13329.0,1,13020.0,1,0.0,1,14177.0,1,10095.0,1,11601.0,1,10462.0,1,10700.0,10042.505,8929.369,309.0
532,2014-03-07,12052.0,1380.0,1.0,1.0,0,0.0,5.0,0.9266896,0.37582758,1.0,6.123234e-17,1,0,0,1,12666.0,1,13329.0,1,2678.0,1,2755.0,1,0.0,1,11338.0,1,9352.0,1,9798.0,11091.903,9759.731,-663.0
532,2014-03-08,9998.0,1164.0,1.0,0.0,0,0.0,6.0,0.9266896,0.37582758,1.0,6.123234e-17,1,0,0,1,12052.0,1,12666.0,1,13020.0,1,10547.0,1,10762.0,1,9869.0,1,9136.0,1,8731.0,11475.941,10269.125,-614.0
532,2014-03-09,0.0,0.0,0.0,0.0,0,0.0,7.0,0.9266896,0.37582758,1.0,6.123234e-17,1,0,0,1,9998.0,1,12052.0,1,13329.0,1,9744.0,1,11340.0,1,10981.0,1,9426.0,1,9289.0,10884.765,10208.875,-2054.0
532,2014-03-10,10308.0,1277.0,1.0,0.0,0,0.0,1.0,0.9646356,0.26358718,1.0,6.123234e-17,1,0,0,1,0.0,1,9998.0,1,12666.0,1,0.0,1,14177.0,1,10095.0,1,8842.0,1,9332.0,6530.859,7940.236,-9998.0
532,2014-03-11,9659.0,1209.0,1.0,0.0,0,0.0,2.0,0.9646356,0.26358718,1.0,6.123234e-17,1,0,0,1,10308.0,1,0.0,1,12052.0,1,2678.0,1,2755.0,1,0.0,1,11040.0,1,9741.0,8041.7153,8466.405,10308.0
532,2014-03-12,9230.0,1175.0,1.0,0.0,0,0.0,3.0,0.9646356,0.26358718,1.0,6.123234e-17,1,0,0,1,9659.0,1,10308.0,1,9998.0,1,13020.0,1,10547.0,1,10762.0,1,0.0,1,0.0,8688.629,8731.427,-649.0
532,2014-03-13,9127.0,1121.0,1.0,0.0,0,0.0,4.0,0.9646356,0.26358718,1.0,6.123234e-17,1,0,0,1,9230.0,1,9659.0,1,0.0,1,13329.0,1,9744.0,1,11340.0,1,12947.0,1,13841.0,8905.178,8842.221,-429.0
532,2014-03-14,9022.0,1104.0,1.0,0.0,0,0.0,5.0,0.9646356,0.26358718,1.0,6.123234e-17,1,0,0,1,9127.0,1,9230.0,1,10308.0,1,12666.0,1,0.0,1,14177.0,1,11601.0,1,12207.0,8993.906,8905.505,-103.0
532,2014-03-15,10671.0,1124.0,1.0,0.0,0,0.0,6.0,0.9646356,0.26358718,1.0,6.123234e-17,1,0,0,1,9022.0,1,9127.0,1,9659.0,1,12052.0,1,2678.0,1,2755.0,1,11338.0,1,10554.0,9005.144,8931.393,-105.0
532,2014-03-16,0.0,0.0,0.0,0.0,0,0.0,7.0,0.9646356,0.26358718,1.0,6.123234e-17,1,0,0,1,10671.0,1,9022.0,1,9230.0,1,9998.0,1,13020.0,1,10547.0,1,9869.0,1,10915.0,9671.486,9317.973,1649.0
532,2014-03-17,13250.0,1490.0,1.0,1.0,0,0.0,1.0,0.9890402,0.14764656,1.0,6.123234e-17,1,0,0,1,0.0,1,10671.0,1,9127.0,1,0.0,1,13329.0,1,9744.0,1,10981.0,1,10753.0,5802.8916,7247.3115,-10671.0
532,2014-03-18,8674.0,1029.0,1.0,1.0,0,0.0,2.0,0.9890402,0.14764656,1.0,6.123234e-17,1,0,0,1,13250.0,1,0.0,1,9022.0,1,10308.0,1,12666.0,1,0.0,1,10095.0,1,10869.0,8781.735,8581.242,13250.0
532,2014-03-19,10989.0,1311.0,1.0,1.0,0,0.0,3.0,0.9890402,0.14764656,1.0,6.123234e-17,1,0,0,1,8674.0,1,13250.0,1,10671.0,1,9659.0,1,12052.0,1,2678.0,1,0.0,1,0.0,8738.641,8601.855,-4576.0
532,2014-03-20,9310.0,1119.0,1.0,1.0,0,0.0,4.0,0.9890402,0.14764656,1.0,6.123234e-17,1,0,0,1,10989.0,1,8674.0,1,0.0,1,9230.0,1,9998.0,1,13020.0,1,10762.0,1,10334.0,9638.784,9132.332,2315.0
532,2014-03-21,10416.0,1256.0,1.0,1.0,0,0.0,5.0,0.9890402,0.14764656,1.0,6.123234e-17,1,0,0,1,9310.0,1,10989.0,1,13250.0,1,9127.0,1,0.0,1,13329.0,1,11340.0,1,9957.0,9507.2705,9171.813,-1679.0
532,2014-03-22,9613.0,1142.0,1.0,0.0,0,0.0,6.0,0.9890402,0.14764656,1.0,6.123234e-17,1,0,0,1,10416.0,1,9310.0,1,8674.0,1,9022.0,1,10308.0,1,12666.0,1,14177.0,1,9202.0,9870.763,9448.3,1106.0
532,2014-03-23,0.0,0.0,0.0,0.0,0,0.0,7.0,0.9890402,0.14764656,1.0,6.123234e-17,1,0,0,1,9613.0,1,10416.0,1,10989.0,1,10671.0,1,9659.0,1,12052.0,1,2755.0,1,9387.0,9767.657,9484.899,-803.0
532,2014-03-24,9851.0,1225.0,1.0,0.0,0,0.0,1.0,0.99956083,0.029633328,1.0,6.123234e-17,1,0,0,1,0.0,1,9613.0,1,9310.0,1,0.0,1,9230.0,1,9998.0,1,10547.0,1,10807.0,5860.5947,7377.144,-9613.0
532,2014-03-25,9908.0,1196.0,1.0,0.0,0,0.0,2.0,0.99956083,0.029633328,1.0,6.123234e-17,1,0,0,1,9851.0,1,0.0,1,10416.0,1,13250.0,1,9127.0,1,0.0,1,9744.0,1,11577.0,7456.757,7926.8896,9851.0
532,2014-03-26,8664.0,1091.0,1.0,0.0,0,0.0,3.0,0.99956083,0.029633328,1.0,6.123234e-17,1,0,0,1,9908.0,1,9851.0,1,9613.0,1,8674.0,1,9022.0,1,10308.0,1,0.0,1,0.0,8437.254,8367.137,57.0
532,2014-03-27,7786.0,898.0,1.0,0.0,0,0.0,4.0,0.99956083,0.029633328,1.0,6.123234e-17,1,0,0,1,8664.0,1,9908.0,1,0.0,1,10989.0,1,10671.0,1,9659.0,1,2678.0,1,14709.0,8527.952,8433.106,-1244.0
532,2014-03-28,9511.0,1187.0,1.0,0.0,0,0.0,5.0,0.99956083,0.029633328,1.0,6.123234e-17,1,0,0,1,7786.0,1,8664.0,1,9851.0,1,9310.0,1,0.0,1,9230.0,1,13020.0,1,11906.0,8231.172,8289.305,-878.0
532,2014-03-29,9707.0,1091.0,1.0,0.0,0,0.0,6.0,0.99956083,0.029633328,1.0,6.123234e-17,1,0,0,1,9511.0,1,7786.0,1,9908.0,1,10416.0,1,13250.0,1,9127.0,1,13329.0,1,11401.0,8743.103,8560.793,1725.0
532,2014-03-30,0.0,0.0,0.0,0.0,0,0.0,7.0,0.99956083,0.029633328,1.0,6.123234e-17,1,0,0,1,9707.0,1,9511.0,1,8664.0,1,9613.0,1,8674.0,1,9022.0,1,12666.0,1,11590.0,9128.662,8815.506,196.0
532,2014-03-31,13624.0,1536.0,1.0,1.0,0,0.0,1.0,0.9960498,-0.08879589,1.0,6.123234e-17,1,0,1,1,0.0,1,9707.0,1,7786.0,1,0.0,1,10989.0,1,10671.0,1,12052.0,1,11333.0,5477.1973,6856.5044,-9707.0
532,2014-04-01,12109.0,1386.0,1.0,1.0,0,0.0,2.0,0.9960498,-0.08879589,0.8660254,-0.5,2,1,0,1,13624.0,1,0.0,1,9511.0,1,9851.0,1,9310.0,1,0.0,1,9998.0,1,10537.0,8735.918,8360.393,13624.0
532,2014-04-02,11518.0,1319.0,1.0,1.0,0,0.0,3.0,0.9960498,-0.08879589,0.8660254,-0.5,2,0,0,1,12109.0,1,13624.0,1,9707.0,1,9908.0,1,10416.0,1,13250.0,1,0.0,1,0.0,10085.151,9193.416,-1515.0
532,2014-04-03,11303.0,1316.0,1.0,1.0,0,0.0,4.0,0.9960498,-0.08879589,0.8660254,-0.5,2,0,0,1,11518.0,1,12109.0,1,0.0,1,8664.0,1,9613.0,1,8674.0,1,10308.0,1,10462.0,10658.291,9709.99,-591.0
532,2014-04-04,11066.0,1292.0,1.0,1.0,0,0.0,5.0,0.9960498,-0.08879589,0.8660254,-0.5,2,0,0,1,11303.0,1,11518.0,1,13624.0,1,7786.0,1,0.0,1,10989.0,1,9659.0,1,9352.0,10916.175,10063.992,-215.0
532,2014-04-05,10046.0,1158.0,1.0,0.0,0,0.0,6.0,0.9960498,-0.08879589,0.8660254,-0.5,2,0,0,1,11066.0,1,11303.0,1,12109.0,1,9511.0,1,9851.0,1,9310.0,1,9230.0,1,9136.0,10976.1045,10286.661,-237.0
532,2014-04-06,0.0,0.0,0.0,0.0,0,0.0,7.0,0.9960498,-0.08879589,0.8660254,-0.5,2,0,0,1,10046.0,1,11066.0,1,11518.0,1,9707.0,1,9908.0,1,10416.0,1,9127.0,1,9426.0,10604.0625,10233.181,-1020.0
532,2014-04-07,11294.0,1352.0,1.0,0.0,0,0.0,1.0,0.9785565,-0.20597862,0.8660254,-0.5,2,0,0,1,0.0,1,10046.0,1,11303.0,1,0.0,1,8664.0,1,9613.0,1,9022.0,1,8842.0,6362.4375,7959.1406,-10046.0
532,2014-04-08,11034.0,1332.0,1.0,0.0,0,0.0,2.0,0.9785565,-0.20597862,0.8660254,-0.5,2,0,0,1,11294.0,1,0.0,1,11066.0,1,13624.0,1,7786.0,1,0.0,1,10671.0,1,11040.0,8335.0625,8700.221,11294.0
532,2014-04-09,9982.0,1259.0,1.0,0.0,0,0.0,3.0,0.9785565,-0.20597862,0.8660254,-0.5,2,0,0,1,11034.0,1,11294.0,1,10046.0,1,12109.0,1,9511.0,1,9851.0,1,0.0,1,0.0,9414.638,9218.838,-260.0
532,2014-04-10,9909.0,1214.0,1.0,0.0,0,0.0,4.0,0.9785565,-0.20597862,0.8660254,-0.5,2,0,0,1,9982.0,1,11034.0,1,0.0,1,11518.0,1,9707.0,1,9908.0,1,13250.0,1,12947.0,9641.583,9388.43,-1052.0
532,2014-04-11,9673.0,1182.0,1.0,0.0,0,0.0,5.0,0.9785565,-0.20597862,0.8660254,-0.5,2,0,0,1,9909.0,1,9982.0,1,11294.0,1,11303.0,1,0.0,1,8664.0,1,8674.0,1,11601.0,9748.55,9504.112,-73.0
532,2014-04-12,10374.0,1161.0,1.0,0.0,0,0.0,6.0,0.9785565,-0.20597862,0.8660254,-0.5,2,0,0,1,9673.0,1,9909.0,1,11034.0,1,11066.0,1,13624.0,1,7786.0,1,10989.0,1,11338.0,9718.33,9541.643,-236.0
532,2014-04-13,0.0,0.0,0.0,0.0,0,0.0,7.0,0.9785565,-0.20597862,0.8660254,-0.5,2,0,0,1,10374.0,1,9673.0,1,9982.0,1,10046.0,1,12109.0,1,9511.0,1,9310.0,1,9869.0,9980.598,9726.611,701.0
532,2014-04-14,13807.0,1568.0,1.0,1.0,0,1.0,1.0,0.94732636,-0.32026985,0.8660254,-0.5,2,0,0,1,0.0,1,10374.0,1,9909.0,1,0.0,1,11518.0,1,9707.0,1,10416.0,1,10981.0,5988.359,7565.1416,-10374.0
532,2014-04-15,13714.0,1490.0,1.0,1.0,0,1.0,2.0,0.94732636,-0.32026985,0.8660254,-0.5,2,0,0,1,13807.0,1,0.0,1,9673.0,1,11294.0,1,11303.0,1,0.0,1,9613.0,1,10095.0,9115.815,8952.222,13807.0
532,2014-04-16,12618.0,1435.0,1.0,1.0,0,1.0,3.0,0.94732636,-0.32026985,0.8660254,-0.5,2,0,0,1,13714.0,1,13807.0,1,10374.0,1,11034.0,1,11066.0,1,13624.0,1,0.0,1,0.0,10955.089,10010.395,-93.0
532,2014-04-17,13963.0,1598.0,1.0,1.0,0,1.0,4.0,0.94732636,-0.32026985,0.8660254,-0.5,2,0,0,1,12618.0,1,13714.0,1,0.0,1,9982.0,1,10046.0,1,12109.0,1,9851.0,1,10762.0,11620.254,10589.862,-1096.0
532,2014-04-18,0.0,0.0,0.0,1.0,2,1.0,5.0,0.94732636,-0.32026985,0.8660254,-0.5,2,0,0,1,13963.0,1,12618.0,1,13807.0,1,9909.0,1,0.0,1,11518.0,1,9908.0,1,11340.0,12557.353,11339.448,1345.0
532,2014-04-19,11075.0,1274.0,1.0,0.0,0,0.0,6.0,0.94732636,-0.32026985,0.8660254,-0.5,2,0,0,1,0.0,1,13963.0,1,13714.0,1,9673.0,1,11294.0,1,11303.0,1,8664.0,1,14177.0,7534.411,8819.571,-13963.0
532,2014-04-20,0.0,0.0,0.0,0.0,0,0.0,7.0,0.94732636,-0.32026985,0.8660254,-0.5,2,0,0,1,11075.0,1,0.0,1,12618.0,1,10374.0,1,11034.0,1,11066.0,1,7786.0,1,2755.0,8950.646,9320.777,11075.0
532,2014-04-21,0.0,0.0,0.0,0.0,2,1.0,1.0,0.9027978,-0.4300652,0.8660254,-0.5,2,0,0,1,0.0,1,11075.0,1,13963.0,1,0.0,1,9982.0,1,10046.0,1,9511.0,1,10547.0,5370.388,7249.4937,-11075.0
532,2014-04-22,11039.0,1365.0,1.0,0.0,0,1.0,2.0,0.9027978,-0.4300652,0.8660254,-0.5,2,0,0,1,0.0,1,0.0,1,0.0,1,13807.0,1,9909.0,1,0.0,1,9707.0,1,9744.0,3222.233,5638.495,0.0
532,2014-04-23,9206.0,1240.0,1.0,0.0,0,1.0,3.0,0.9027978,-0.4300652,0.8660254,-0.5,2,0,0,1,11039.0,1,0.0,1,11075.0,1,13714.0,1,9673.0,1,11294.0,1,0.0,1,0.0,6348.94,6838.6074,11039.0
532,2014-04-24,9297.0,1171.0,1.0,0.0,0,1.0,4.0,0.9027978,-0.4300652,0.8660254,-0.5,2,0,0,1,9206.0,1,11039.0,1,0.0,1,12618.0,1,10374.0,1,11034.0,1,13624.0,1,2678.0,7491.7637,7364.6943,-1833.0
532,2014-04-25,8908.0,1114.0,1.0,0.0,0,1.0,5.0,0.9027978,-0.4300652,0.8660254,-0.5,2,0,0,1,9297.0,1,9206.0,1,0.0,1,13963.0,1,0.0,1,9982.0,1,12109.0,1,13020.0,8213.858,7794.0957,91.0
532,2014-04-26,10103.0,1166.0,1.0,0.0,0,0.0,6.0,0.9027978,-0.4300652,0.8660254,-0.5,2,0,0,1,8908.0,1,9297.0,1,11039.0,1,0.0,1,13807.0,1,9909.0,1,11518.0,1,13329.0,8491.515,8041.63,-389.0
532,2014-04-27,0.0,0.0,0.0,0.0,0,0.0,7.0,0.9027978,-0.4300652,0.8660254,-0.5,2,0,0,1,10103.0,1,8908.0,1,9206.0,1,11075.0,1,13714.0,1,9673.0,1,11303.0,1,12666.0,9136.109,8499.712,1195.0
532,2014-04-28,13993.0,1607.0,1.0,1.0,0,0.0,1.0,0.845596,-0.5338234,0.8660254,-0.5,2,0,0,1,0.0,1,10103.0,1,9297.0,1,0.0,1,12618.0,1,10374.0,1,11066.0,1,12052.0,5481.6655,6610.887,-10103.0
532,2014-04-29,12352.0,1413.0,1.0,1.0,0,0.0,2.0,0.845596,-0.5338234,0.8660254,-0.5,2,0,0,1,13993.0,1,0.0,1,8908.0,1,0.0,1,13963.0,1,0.0,1,10046.0,1,9998.0,8886.199,8251.356,13993.0
532,2014-04-30,14308.0,1638.0,1.0,1.0,0,0.0,3.0,0.845596,-0.5338234,0.8660254,-0.5,2,0,1,1,12352.0,1,13993.0,1,10103.0,1,11039.0,1,0.0,1,13807.0,1,0.0,1,0.0,10272.52,9162.61,-1641.0
532,2014-05-01,0.0,0.0,0.0,1.0,1,0.0,4.0,0.845596,-0.5338234,0.5,-0.8660254,2,1,0,1,14308.0,1,12352.0,1,0.0,1,9206.0,1,11075.0,1,13714.0,1,11294.0,1,10308.0,11886.712,10306.03,1956.0
532,2014-05-02,13849.0,1574.0,1.0,1.0,0,0.0,5.0,0.845596,-0.5338234,0.5,-0.8660254,2,0,0,1,0.0,1,14308.0,1,13993.0,1,9297.0,1,0.0,1,12618.0,1,11034.0,1,9659.0,7132.027,8015.802,-14308.0
532,2014-05-03,10139.0,1161.0,1.0,0.0,0,0.0,6.0,0.845596,-0.5338234,0.5,-0.8660254,2,0,0,1,13849.0,1,0.0,1,12352.0,1,8908.0,1,0.0,1,13963.0,1,9982.0,1,9230.0,9818.816,9312.068,13849.0
532,2014-05-04,0.0,0.0,0.0,0.0,0,0.0,7.0,0.845596,-0.5338234,0.5,-0.8660254,2,0,0,1,10139.0,1,13849.0,1,14308.0,1,10103.0,1,11039.0,1,0.0,1,9909.0,1,9127.0,9946.89,9495.831,-3710.0
532,2014-05-05,13428.0,1537.0,1.0,1.0,0,0.0,1.0,0.7765239,-0.63008785,0.5,-0.8660254,2,0,0,1,0.0,1,10139.0,1,0.0,1,0.0,1,9206.0,1,11075.0,1,9673.0,1,9022.0,5968.134,7385.646,-10139.0
532,2014-05-06,11801.0,1344.0,1.0,1.0,0,0.0,2.0,0.7765239,-0.63008785,0.5,-0.8660254,2,0,0,1,13428.0,1,0.0,1,13849.0,1,13993.0,1,9297.0,1,0.0,1,10374.0,1,10671.0,8952.08,8728.392,13428.0
532,2014-05-07,11676.0,1391.0,1.0,1.0,0,0.0,3.0,0.7765239,-0.63008785,0.5,-0.8660254,2,0,0,1,11801.0,1,13428.0,1,10139.0,1,12352.0,1,8908.0,1,0.0,1,0.0,1,0.0,10091.648,9411.193,-1627.0
532,2014-05-08,11226.0,1313.0,1.0,1.0,0,0.0,4.0,0.7765239,-0.63008785,0.5,-0.8660254,2,0,0,1,11676.0,1,11801.0,1,0.0,1,14308.0,1,10103.0,1,11039.0,1,13807.0,1,13250.0,10725.389,9914.483,-125.0
532,2014-05-09,11114.0,1282.0,1.0,1.0,0,0.0,5.0,0.7765239,-0.63008785,0.5,-0.8660254,2,0,0,1,11226.0,1,11676.0,1,13428.0,1,0.0,1,0.0,1,9206.0,1,13714.0,1,8674.0,10925.634,10205.932,-450.0
532,2014-05-10,10979.0,1275.0,1.0,0.0,0,0.0,6.0,0.7765239,-0.63008785,0.5,-0.8660254,2,0,0,1,11114.0,1,11226.0,1,11801.0,1,13849.0,1,13993.0,1,9297.0,1,12618.0,1,10989.0,11000.98,10407.725,-112.0
532,2014-05-11,0.0,0.0,0.0,0.0,0,0.0,7.0,0.7765239,-0.63008785,0.5,-0.8660254,2,0,0,1,10979.0,1,11114.0,1,11676.0,1,10139.0,1,12352.0,1,8908.0,1,13963.0,1,9310.0,10992.188,10534.675,-135.0
532,2014-05-12,11590.0,1392.0,1.0,0.0,0,0.0,1.0,0.696551,-0.71750724,0.5,-0.8660254,2,0,0,1,0.0,1,10979.0,1,11226.0,1,0.0,1,14308.0,1,10103.0,1,0.0,1,10416.0,6595.313,8193.636,-10979.0
532,2014-05-13,9830.0,1226.0,1.0,0.0,0,0.0,2.0,0.696551,-0.71750724,0.5,-0.8660254,2,0,0,1,11590.0,1,0.0,1,11114.0,1,13428.0,1,0.0,1,0.0,1,11075.0,1,9613.0,8593.1875,8948.384,11590.0
532,2014-05-14,9444.0,1241.0,1.0,0.0,0,0.0,3.0,0.696551,-0.71750724,0.5,-0.8660254,2,0,0,1,9830.0,1,11590.0,1,10979.0,1,11801.0,1,13849.0,1,13993.0,1,0.0,1,0.0,9087.913,9144.298,-1760.0
532,2014-05-15,9523.0,1170.0,1.0,0.0,0,0.0,4.0,0.696551,-0.71750724,0.5,-0.8660254,2,0,0,1,9444.0,1,9830.0,1,0.0,1,11676.0,1,10139.0,1,12352.0,1,0.0,1,9851.0,9230.348,9210.898,-386.0
532,2014-05-16,9129.0,1146.0,1.0,0.0,0,0.0,5.0,0.696551,-0.71750724,0.5,-0.8660254,2,0,0,1,9523.0,1,9444.0,1,11590.0,1,11226.0,1,0.0,1,14308.0,1,11039.0,1,9908.0,9347.408,9280.255,79.0
532,2014-05-17,9128.0,1086.0,1.0,0.0,0,0.0,6.0,0.696551,-0.71750724,0.5,-0.8660254,2,0,0,1,9129.0,1,9523.0,1,9830.0,1,11114.0,1,13428.0,1,0.0,1,9206.0,1,8664.0,9260.045,9246.643,-394.0
532,2014-05-18,0.0,0.0,0.0,0.0,0,0.0,7.0,0.696551,-0.71750724,0.5,-0.8660254,2,0,0,1,9128.0,1,9129.0,1,9444.0,1,10979.0,1,11801.0,1,13849.0,1,9297.0,1,7786.0,9207.228,9220.277,-1.0
532,2014-05-19,12501.0,1493.0,1.0,1.0,0,0.0,1.0,0.60680014,-0.79485446,0.5,-0.8660254,2,0,0,1,0.0,1,9128.0,1,9523.0,1,0.0,1,11676.0,1,10139.0,1,8908.0,1,9511.0,5524.3364,7171.3267,-9128.0
532,2014-05-20,12190.0,1373.0,1.0,1.0,0,0.0,2.0,0.60680014,-0.79485446,0.5,-0.8660254,2,0,0,1,12501.0,1,0.0,1,9129.0,1,11590.0,1,11226.0,1,0.0,1,10103.0,1,9707.0,8315.002,8355.698,12501.0
532,2014-05-21,10351.0,1323.0,1.0,1.0,0,0.0,3.0,0.60680014,-0.79485446,0.5,-0.8660254,2,0,0,1,12190.0,1,12501.0,1,9128.0,1,9830.0,1,11114.0,1,13428.0,1,0.0,1,0.0,9865.001,9207.766,-311.0
532,2014-05-22,10646.0,1258.0,1.0,1.0,0,0.0,4.0,0.60680014,-0.79485446,0.5,-0.8660254,2,0,0,1,10351.0,1,12190.0,1,0.0,1,9444.0,1,10979.0,1,11801.0,1,13993.0,1,13624.0,10059.4,9461.817,-1839.0
532,2014-05-23,10568.0,1247.0,1.0,1.0,0,0.0,5.0,0.60680014,-0.79485446,0.5,-0.8660254,2,0,0,1,10646.0,1,10351.0,1,12501.0,1,9523.0,1,0.0,1,11676.0,1,12352.0,1,12109.0,10294.04,9724.97,295.0
532,2014-05-24,9415.0,1102.0,1.0,0.0,0,0.0,6.0,0.60680014,-0.79485446,0.5,-0.8660254,2,0,0,1,10568.0,1,10646.0,1,12190.0,1,9129.0,1,11590.0,1,11226.0,1,14308.0,1,11518.0,10403.624,9912.31,-78.0
532,2014-05-25,0.0,0.0,0.0,0.0,0,0.0,7.0,0.60680014,-0.79485446,0.5,-0.8660254,2,0,0,1,9415.0,1,10568.0,1,10351.0,1,9128.0,1,9830.0,1,11114.0,1,0.0,1,11303.0,10008.175,9801.796,-1153.0
532,2014-05-26,10727.0,1338.0,1.0,0.0,0,0.0,1.0,0.5085311,-0.86104363,0.5,-0.8660254,2,0,0,1,0.0,1,9415.0,1,10646.0,1,0.0,1,9444.0,1,10979.0,1,13849.0,1,11066.0,6004.905,7623.619,-9415.0
532,2014-05-27,9365.0,1166.0,1.0,0.0,0,0.0,2.0,0.5085311,-0.86104363,0.5,-0.8660254,2,0,0,1,10727.0,1,0.0,1,10568.0,1,12501.0,1,9523.0,1,0.0,1,10139.0,1,10046.0,7893.7427,8313.26,10727.0
532,2014-05-28,12238.0,1481.0,1.0,0.0,0,0.0,3.0,0.5085311,-0.86104363,0.5,-0.8660254,2,0,0,1,9365.0,1,10727.0,1,9415.0,1,12190.0,1,9129.0,1,11590.0,1,0.0,1,0.0,8482.246,8546.9795,-1362.0
532,2014-05-29,0.0,0.0,0.0,0.0,1,0.0,4.0,0.5085311,-0.86104363,0.5,-0.8660254,2,0,0,1,12238.0,1,9365.0,1,0.0,1,10351.0,1,9128.0,1,9830.0,1,13428.0,1,11294.0,9984.548,9367.206,2873.0
532,2014-05-30,12961.0,1441.0,1.0,0.0,0,0.0,5.0,0.5085311,-0.86104363,0.5,-0.8660254,2,0,0,1,0.0,1,12238.0,1,10727.0,1,10646.0,1,0.0,1,9444.0,1,11801.0,1,11034.0,5990.7285,7285.605,-12238.0
532,2014-05-31,9955.0,1114.0,1.0,0.0,0,0.0,6.0,0.5085311,-0.86104363,0.5,-0.8660254,2,0,1,1,12961.0,1,0.0,1,9365.0,1,10568.0,1,12501.0,1,9523.0,1,11676.0,1,9982.0,8778.837,8546.804,12961.0
532,2014-06-01,0.0,0.0,0.0,0.0,0,0.0,7.0,0.5085311,-0.86104363,1.2246469e-16,-1.0,2,1,0,1,9955.0,1,12961.0,1,12238.0,1,9415.0,1,12190.0,1,9129.0,1,11226.0,1,9909.0,9249.302,8859.736,-3006.0
532,2014-06-02,15889.0,1652.0,1.0,1.0,0,0.0,1.0,0.40312344,-0.91514564,1.2246469e-16,-1.0,2,0,0,1,0.0,1,9955.0,1,0.0,1,0.0,1,10351.0,1,9128.0,1,11114.0,1,9673.0,5549.5815,6890.9062,-9955.0
532,2014-06-03,12613.0,1475.0,1.0,1.0,0,0.0,2.0,0.40312344,-0.91514564,1.2246469e-16,-1.0,2,0,0,1,15889.0,1,0.0,1,12961.0,1,10727.0,1,10646.0,1,0.0,1,10979.0,1,10374.0,9685.349,8890.482,15889.0
532,2014-06-04,13044.0,1456.0,1.0,1.0,0,0.0,3.0,0.40312344,-0.91514564,1.2246469e-16,-1.0,2,0,0,1,12613.0,1,15889.0,1,9955.0,1,9365.0,1,10568.0,1,12501.0,1,0.0,1,0.0,10856.409,9717.709,-3276.0
532,2014-06-05,12672.0,1449.0,1.0,1.0,0,0.0,4.0,0.40312344,-0.91514564,1.2246469e-16,-1.0,2,0,0,1,13044.0,1,12613.0,1,0.0,1,12238.0,1,9415.0,1,12190.0,1,11590.0,1,13807.0,11731.445,10456.885,431.0
532,2014-06-06,11960.0,1358.0,1.0,1.0,0,0.0,5.0,0.40312344,-0.91514564,1.2246469e-16,-1.0,2,0,0,1,12672.0,1,13044.0,1,15889.0,1,0.0,1,0.0,1,10351.0,1,9830.0,1,13714.0,12107.667,10949.133,-372.0
532,2014-06-07,9759.0,1141.0,1.0,0.0,0,0.0,6.0,0.40312344,-0.91514564,1.2246469e-16,-1.0,2,0,0,1,11960.0,1,12672.0,1,12613.0,1,12961.0,1,10727.0,1,10646.0,1,9444.0,1,12618.0,12048.601,11173.77,-712.0
532,2014-06-08,0.0,0.0,0.0,0.0,0,0.0,7.0,0.40312344,-0.91514564,1.2246469e-16,-1.0,2,0,0,1,9759.0,1,11960.0,1,13044.0,1,9955.0,1,9365.0,1,10568.0,1,9523.0,1,13963.0,11132.76,10859.376,-2201.0
532,2014-06-09,0.0,0.0,0.0,0.0,1,0.0,1.0,0.29205677,-0.956401,1.2246469e-16,-1.0,2,0,0,1,0.0,1,9759.0,1,12672.0,1,0.0,1,12238.0,1,9415.0,1,9129.0,1,0.0,6679.6562,8446.182,-9759.0
532,2014-06-10,11988.0,1416.0,1.0,0.0,0,1.0,2.0,0.29205677,-0.956401,1.2246469e-16,-1.0,2,0,0,1,0.0,1,0.0,1,11960.0,1,15889.0,1,0.0,1,0.0,1,9128.0,1,11075.0,4007.7937,6569.2524,0.0
532,2014-06-11,10227.0,1241.0,1.0,0.0,0,0.0,3.0,0.29205677,-0.956401,1.2246469e-16,-1.0,2,0,0,1,11988.0,1,0.0,1,9759.0,1,12613.0,1,12961.0,1,10727.0,1,0.0,1,0.0,7199.876,7773.4185,11988.0
532,2014-06-12,9816.0,1159.0,1.0,0.0,0,0.0,4.0,0.29205677,-0.956401,1.2246469e-16,-1.0,2,0,0,1,10227.0,1,11988.0,1,0.0,1,13044.0,1,9955.0,1,9365.0,1,12501.0,1,0.0,8410.726,8318.659,-1761.0
532,2014-06-13,8637.0,1081.0,1.0,0.0,0,0.0,5.0,0.29205677,-0.956401,1.2246469e-16,-1.0,2,0,0,1,9816.0,1,10227.0,1,0.0,1,12672.0,1,0.0,1,12238.0,1,12190.0,1,11039.0,8972.835,8651.401,-411.0
532,2014-06-14,10450.0,1137.0,1.0,0.0,0,0.0,6.0,0.29205677,-0.956401,1.2246469e-16,-1.0,2,0,0,1,8637.0,1,9816.0,1,11988.0,1,11960.0,1,15889.0,1,0.0,1,10351.0,1,9206.0,8838.501,8648.201,-1179.0
532,2014-06-15,0.0,0.0,0.0,0.0,0,0.0,7.0,0.29205677,-0.956401,1.2246469e-16,-1.0,2,0,0,1,10450.0,1,8637.0,1,10227.0,1,9759.0,1,12613.0,1,12961.0,1,10646.0,1,9297.0,9483.101,9048.601,1813.0
532,2014-06-16,11347.0,1354.0,1.0,1.0,0,0.0,1.0,0.17689027,-0.9842306,1.2246469e-16,-1.0,2,0,0,1,0.0,1,10450.0,1,9816.0,1,0.0,1,13044.0,1,9955.0,1,10568.0,1,8908.0,5689.8604,7037.801,-10450.0
532,2014-06-17,12467.0,1446.0,1.0,1.0,0,0.0,2.0,0.17689027,-0.9842306,1.2246469e-16,-1.0,2,0,0,1,11347.0,1,0.0,1,8637.0,1,0.0,1,12672.0,1,0.0,1,9415.0,1,10103.0,7952.7163,7995.4004,11347.0
532,2014-06-18,12844.0,1508.0,1.0,1.0,0,0.0,3.0,0.17689027,-0.9842306,1.2246469e-16,-1.0,2,0,0,1,12467.0,1,11347.0,1,10450.0,1,11988.0,1,11960.0,1,15889.0,1,0.0,1,0.0,9758.43,8989.089,1120.0
532,2014-06-19,0.0,0.0,0.0,1.0,1,0.0,4.0,0.17689027,-0.9842306,1.2246469e-16,-1.0,2,0,0,1,12844.0,1,12467.0,1,0.0,1,10227.0,1,9759.0,1,12613.0,1,10727.0,1,13993.0,10992.658,9845.736,377.0
532,2014-06-20,13507.0,1504.0,1.0,1.0,0,0.0,5.0,0.17689027,-0.9842306,1.2246469e-16,-1.0,2,0,0,1,0.0,1,12844.0,1,11347.0,1,9816.0,1,0.0,1,13044.0,1,9365.0,1,12352.0,6595.5947,7657.795,-12844.0
532,2014-06-21,9276.0,1091.0,1.0,0.0,0,0.0,6.0,0.17689027,-0.9842306,1.2246469e-16,-1.0,2,0,0,1,13507.0,1,0.0,1,12467.0,1,8637.0,1,0.0,1,12672.0,1,12238.0,1,14308.0,9360.157,8957.618,13507.0
532,2014-06-22,0.0,0.0,0.0,0.0,0,0.0,7.0,0.17689027,-0.9842306,1.2246469e-16,-1.0,2,0,0,1,9276.0,1,13507.0,1,12844.0,1,10450.0,1,11988.0,1,11960.0,1,0.0,1,0.0,9326.494,9028.37,-4231.0
532,2014-06-23,10455.0,1328.0,1.0,0.0,0,0.0,1.0,0.059240628,-0.99824375,1.2246469e-16,-1.0,2,0,0,1,0.0,1,9276.0,1,0.0,1,0.0,1,10227.0,1,9759.0,1,12961.0,1,13849.0,5595.8965,7022.0654,-9276.0
532,2014-06-24,9711.0,1215.0,1.0,0.0,0,0.0,2.0,0.059240628,-0.99824375,1.2246469e-16,-1.0,2,0,0,1,10455.0,1,0.0,1,13507.0,1,11347.0,1,9816.0,1,0.0,1,9955.0,1,10139.0,7539.538,7784.9395,10455.0
532,2014-06-25,9542.0,1207.0,1.0,0.0,0,0.0,3.0,0.059240628,-0.99824375,1.2246469e-16,-1.0,2,0,0,1,9711.0,1,10455.0,1,9276.0,1,12467.0,1,8637.0,1,0.0,1,0.0,1,0.0,8408.123,8212.953,-744.0
532,2014-06-26,7254.0,948.0,1.0,0.0,0,0.0,4.0,0.059240628,-0.99824375,1.2246469e-16,-1.0,2,0,0,1,9542.0,1,9711.0,1,0.0,1,12844.0,1,10450.0,1,11988.0,1,15889.0,1,13428.0,8861.674,8508.297,-169.0
532,2014-06-27,9202.0,1152.0,1.0,0.0,0,0.0,5.0,0.059240628,-0.99824375,1.2246469e-16,-1.0,2,0,0,1,7254.0,1,9542.0,1,10455.0,1,0.0,1,0.0,1,10227.0,1,12613.0,1,11801.0,8218.6045,8229.564,-2288.0
532,2014-06-28,10019.0,1127.0,1.0,0.0,0,0.0,6.0,0.059240628,-0.99824375,1.2246469e-16,-1.0,2,0,0,1,9202.0,1,7254.0,1,9711.0,1,13507.0,1,11347.0,1,9816.0,1,13044.0,1,11676.0,8611.963,8445.661,1948.0
532,2014-06-29,0.0,0.0,0.0,0.0,0,0.0,7.0,0.059240628,-0.99824375,1.2246469e-16,-1.0,2,0,0,1,10019.0,1,9202.0,1,9542.0,1,9276.0,1,12467.0,1,8637.0,1,12672.0,1,11226.0,9174.777,8795.292,817.0
532,2014-06-30,14131.0,1593.0,1.0,1.0,0,0.0,1.0,-0.059240628,-0.99824375,1.2246469e-16,-1.0,2,0,1,1,0.0,1,10019.0,1,7254.0,1,0.0,1,12844.0,1,10450.0,1,11960.0,1,11114.0,5504.8667,6840.7827,-10019.0
532,2014-07-01,12536.0,1402.0,1.0,1.0,0,0.0,2.0,-0.059240628,-0.99824375,-0.5,-0.8660254,3,1,0,1,14131.0,1,0.0,1,9202.0,1,10455.0,1,0.0,1,0.0,1,9759.0,1,10979.0,8955.32,8460.831,14131.0
532,2014-07-02,11695.0,1397.0,1.0,1.0,0,0.0,3.0,-0.059240628,-0.99824375,-0.5,-0.8660254,3,0,0,1,12536.0,1,14131.0,1,10019.0,1,9711.0,1,13507.0,1,11347.0,1,0.0,1,0.0,10387.592,9366.424,-1595.0
532,2014-07-03,11887.0,1408.0,1.0,1.0,0,0.0,4.0,-0.059240628,-0.99824375,-0.5,-0.8660254,3,0,0,1,11695.0,1,12536.0,1,0.0,1,9542.0,1,9276.0,1,12467.0,1,0.0,1,11590.0,10910.555,9883.886,-841.0
532,2014-07-04,9547.0,1167.0,1.0,1.0,0,0.0,5.0,-0.059240628,-0.99824375,-0.5,-0.8660254,3,0,0,1,11887.0,1,11695.0,1,14131.0,1,7254.0,1,0.0,1,12844.0,1,11988.0,1,9830.0,11301.133,10329.021,192.0
532,2014-07-05,9480.0,1122.0,1.0,0.0,0,0.0,6.0,-0.059240628,-0.99824375,-0.5,-0.8660254,3,0,0,1,9547.0,1,11887.0,1,12536.0,1,9202.0,1,10455.0,1,0.0,1,10227.0,1,9444.0,10599.4795,10155.239,-2340.0
532,2014-07-06,0.0,0.0,0.0,0.0,0,0.0,7.0,-0.059240628,-0.99824375,-0.5,-0.8660254,3,0,0,1,9480.0,1,9547.0,1,11695.0,1,10019.0,1,9711.0,1,13507.0,1,9816.0,1,9523.0,10151.6875,10005.187,-67.0
532,2014-07-07,11521.0,1345.0,1.0,0.0,0,1.0,1.0,-0.17689027,-0.9842306,-0.5,-0.8660254,3,0,0,1,0.0,1,9480.0,1,11887.0,1,0.0,1,9542.0,1,9276.0,1,8637.0,1,9129.0,6091.0127,7781.8115,-9480.0
532,2014-07-08,8764.0,1147.0,1.0,0.0,0,1.0,2.0,-0.17689027,-0.9842306,-0.5,-0.8660254,3,0,0,1,11521.0,1,0.0,1,9547.0,1,14131.0,1,7254.0,1,0.0,1,10450.0,1,9128.0,8263.008,8612.742,11521.0
532,2014-07-09,8226.0,1076.0,1.0,0.0,0,1.0,3.0,-0.17689027,-0.9842306,-0.5,-0.8660254,3,0,0,1,8764.0,1,11521.0,1,9480.0,1,12536.0,1,9202.0,1,10455.0,1,0.0,1,0.0,8463.404,8646.355,-2757.0
532,2014-07-10,9923.0,1206.0,1.0,0.0,0,1.0,4.0,-0.17689027,-0.9842306,-0.5,-0.8660254,3,0,0,1,8226.0,1,8764.0,1,0.0,1,11695.0,1,10019.0,1,9711.0,1,11347.0,1,12501.0,8368.442,8552.942,-538.0
532,2014-07-11,9554.0,1195.0,1.0,0.0,0,1.0,5.0,-0.17689027,-0.9842306,-0.5,-0.8660254,3,0,0,1,9923.0,1,8226.0,1,11521.0,1,11887.0,1,0.0,1,9542.0,1,12467.0,1,12190.0,8990.266,8857.4,1697.0
532,2014-07-12,10014.0,1141.0,1.0,0.0,0,0.0,6.0,-0.17689027,-0.9842306,-0.5,-0.8660254,3,0,0,1,9554.0,1,9923.0,1,8764.0,1,9547.0,1,14131.0,1,7254.0,1,12844.0,1,10351.0,9215.76,9012.2,-369.0
532,2014-07-13,0.0,0.0,0.0,0.0,0,0.0,7.0,-0.17689027,-0.9842306,-0.5,-0.8660254,3,0,0,1,10014.0,1,9554.0,1,8226.0,1,9480.0,1,12536.0,1,9202.0,1,0.0,1,10646.0,9535.056,9234.822,460.0
532,2014-07-14,11965.0,1341.0,1.0,1.0,0,1.0,1.0,-0.29205677,-0.956401,-0.5,-0.8660254,3,0,0,1,0.0,1,10014.0,1,9923.0,1,0.0,1,11695.0,1,10019.0,1,13507.0,1,10568.0,5721.033,7182.6396,-10014.0
532,2014-07-15,10728.0,1237.0,1.0,1.0,0,1.0,2.0,-0.29205677,-0.956401,-0.5,-0.8660254,3,0,0,1,11965.0,1,0.0,1,9554.0,1,11521.0,1,11887.0,1,0.0,1,9276.0,1,9415.0,8218.62,8245.387,11965.0
532,2014-07-16,10613.0,1233.0,1.0,1.0,0,1.0,3.0,-0.29205677,-0.956401,-0.5,-0.8660254,3,0,0,1,10728.0,1,11965.0,1,10014.0,1,8764.0,1,9547.0,1,14131.0,1,0.0,1,0.0,9222.372,8797.078,-1237.0
532,2014-07-17,9546.0,1158.0,1.0,1.0,0,1.0,4.0,-0.29205677,-0.956401,-0.5,-0.8660254,3,0,0,1,10613.0,1,10728.0,1,0.0,1,8226.0,1,9480.0,1,12536.0,1,10455.0,1,10727.0,9778.623,9200.616,-115.0
532,2014-07-18,9852.0,1145.0,1.0,1.0,0,1.0,5.0,-0.29205677,-0.956401,-0.5,-0.8660254,3,0,0,1,9546.0,1,10613.0,1,11965.0,1,9923.0,1,0.0,1,11695.0,1,9711.0,1,9365.0,9685.574,9277.368,-1067.0
532,2014-07-19,8570.0,1010.0,1.0,0.0,0,0.0,6.0,-0.29205677,-0.956401,-0.5,-0.8660254,3,0,0,1,9852.0,1,9546.0,1,10728.0,1,9554.0,1,11521.0,1,11887.0,1,9542.0,1,12238.0,9752.145,9405.064,306.0
532,2014-07-20,0.0,0.0,0.0,0.0,0,0.0,7.0,-0.29205677,-0.956401,-0.5,-0.8660254,3,0,0,1,8570.0,1,9852.0,1,10613.0,1,10014.0,1,8764.0,1,9547.0,1,7254.0,1,0.0,9279.286,9219.494,-1282.0
532,2014-07-21,10456.0,1260.0,1.0,0.0,0,1.0,1.0,-0.40312344,-0.91514564,-0.5,-0.8660254,3,0,0,1,0.0,1,8570.0,1,9546.0,1,0.0,1,8226.0,1,9480.0,1,9202.0,1,12961.0,5567.572,7170.718,-8570.0
532,2014-07-22,9131.0,1096.0,1.0,0.0,0,1.0,2.0,-0.40312344,-0.91514564,-0.5,-0.8660254,3,0,0,1,10456.0,1,0.0,1,9852.0,1,11965.0,1,9923.0,1,0.0,1,10019.0,1,9955.0,7522.9434,7900.781,10456.0
532,2014-07-23,9201.0,1076.0,1.0,0.0,0,1.0,3.0,-0.40312344,-0.91514564,-0.5,-0.8660254,3,0,0,1,9131.0,1,10456.0,1,8570.0,1,10728.0,1,9554.0,1,11521.0,1,0.0,1,0.0,8166.166,8174.1626,-1325.0
532,2014-07-24,8833.0,1086.0,1.0,0.0,0,1.0,4.0,-0.40312344,-0.91514564,-0.5,-0.8660254,3,0,0,1,9201.0,1,9131.0,1,0.0,1,10613.0,1,10014.0,1,8764.0,1,14131.0,1,15889.0,8580.1,8402.349,70.0
532,2014-07-25,8312.0,1034.0,1.0,0.0,0,1.0,5.0,-0.40312344,-0.91514564,-0.5,-0.8660254,3,0,0,1,8833.0,1,9201.0,1,10456.0,1,9546.0,1,0.0,1,8226.0,1,12536.0,1,12613.0,8681.26,8498.049,-368.0
532,2014-07-26,8503.0,1003.0,1.0,0.0,0,0.0,6.0,-0.40312344,-0.91514564,-0.5,-0.8660254,3,0,0,1,8312.0,1,8833.0,1,9131.0,1,9852.0,1,11965.0,1,9923.0,1,11695.0,1,13044.0,8533.556,8456.705,-521.0
532,2014-07-27,0.0,0.0,0.0,0.0,0,0.0,7.0,-0.40312344,-0.91514564,-0.5,-0.8660254,3,0,0,1,8503.0,1,8312.0,1,9201.0,1,8570.0,1,10728.0,1,9554.0,1,11887.0,1,12672.0,8521.334,8466.992,191.0
532,2014-07-28,11432.0,1285.0,1.0,1.0,0,1.0,1.0,-0.5085311,-0.86104363,-0.5,-0.8660254,3,0,0,1,0.0,1,8503.0,1,8833.0,1,0.0,1,10613.0,1,10014.0,1,9547.0,1,11960.0,5112.8003,6585.4385,-8503.0
532,2014-07-29,9954.0,1141.0,1.0,1.0,0,1.0,2.0,-0.5085311,-0.86104363,-0.5,-0.8660254,3,0,0,1,11432.0,1,0.0,1,8312.0,1,10456.0,1,9546.0,1,0.0,1,9480.0,1,9759.0,7640.48,7662.452,11432.0
532,2014-07-30,10916.0,1166.0,1.0,1.0,0,1.0,3.0,-0.5085311,-0.86104363,-0.5,-0.8660254,3,0,0,1,9954.0,1,11432.0,1,8503.0,1,9131.0,1,9852.0,1,11965.0,1,0.0,1,0.0,8565.888,8171.685,-1478.0
532,2014-07-31,10999.0,1231.0,1.0,1.0,0,1.0,4.0,-0.5085311,-0.86104363,-0.5,-0.8660254,3,0,1,1,10916.0,1,9954.0,1,0.0,1,9201.0,1,8570.0,1,10728.0,1,11521.0,1,0.0,9505.933,8781.533,962.0
532,2014-08-01,9831.0,1135.0,1.0,1.0,0,1.0,5.0,-0.5085311,-0.86104363,-0.8660254,-0.5,3,1,0,1,10999.0,1,10916.0,1,11432.0,1,8833.0,1,0.0,1,10613.0,1,8764.0,1,11988.0,10103.16,9274.304,83.0
532,2014-08-02,9347.0,1030.0,1.0,0.0,0,0.0,6.0,-0.5085311,-0.86104363,-0.8660254,-0.5,3,0,0,1,9831.0,1,10999.0,1,9954.0,1,8312.0,1,10456.0,1,9546.0,1,8226.0,1,10227.0,9994.296,9398.014,-1168.0
532,2014-08-03,0.0,0.0,0.0,0.0,0,0.0,7.0,-0.5085311,-0.86104363,-0.8660254,-0.5,3,0,0,1,9347.0,1,9831.0,1,10916.0,1,8503.0,1,9131.0,1,9852.0,1,9923.0,1,9816.0,9735.378,9386.678,-484.0
532,2014-08-04,12114.0,1365.0,1.0,1.0,0,1.0,1.0,-0.60680014,-0.79485446,-0.8660254,-0.5,3,0,0,1,0.0,1,9347.0,1,10999.0,1,0.0,1,9201.0,1,8570.0,1,9554.0,1,8637.0,5841.2266,7300.749,-9347.0
532,2014-08-05,10694.0,1196.0,1.0,1.0,0,1.0,2.0,-0.60680014,-0.79485446,-0.8660254,-0.5,3,0,0,1,12114.0,1,0.0,1,9831.0,1,11432.0,1,8833.0,1,0.0,1,10014.0,1,10450.0,8350.336,8370.36,12114.0
532,2014-08-06,9215.0,1117.0,1.0,1.0,0,1.0,3.0,-0.60680014,-0.79485446,-0.8660254,-0.5,3,0,0,1,10694.0,1,12114.0,1,9347.0,1,9954.0,1,8312.0,1,10456.0,1,0.0,1,0.0,9287.802,8886.725,-1420.0
532,2014-08-07,9380.0,1120.0,1.0,1.0,0,1.0,4.0,-0.60680014,-0.79485446,-0.8660254,-0.5,3,0,0,1,9215.0,1,10694.0,1,0.0,1,10916.0,1,8503.0,1,9131.0,1,11965.0,1,11347.0,9258.681,8959.675,-1479.0
532,2014-08-08,9069.0,1136.0,1.0,1.0,0,1.0,5.0,-0.60680014,-0.79485446,-0.8660254,-0.5,3,0,0,1,9380.0,1,9215.0,1,12114.0,1,10999.0,1,0.0,1,9201.0,1,10728.0,1,12467.0,9307.209,9053.08,165.0
532,2014-08-09,8709.0,1021.0,1.0,0.0,0,0.0,6.0,-0.60680014,-0.79485446,-0.8660254,-0.5,3,0,0,1,9069.0,1,9380.0,1,10694.0,1,9831.0,1,11432.0,1,8833.0,1,10613.0,1,12844.0,9211.925,9056.618,-311.0
532,2014-08-10,0.0,0.0,0.0,0.0,0,0.0,7.0,-0.60680014,-0.79485446,-0.8660254,-0.5,3,0,0,1,8709.0,1,9069.0,1,9215.0,1,9347.0,1,9954.0,1,8312.0,1,9546.0,1,0.0,9010.755,8979.369,-360.0
532,2014-08-11,9512.0,1200.0,1.0,0.0,0,1.0,1.0,-0.696551,-0.71750724,-0.8660254,-0.5,3,0,0,1,0.0,1,8709.0,1,9380.0,1,0.0,1,10916.0,1,8503.0,1,9852.0,1,13507.0,5406.453,6983.954,-8709.0
532,2014-08-12,9121.0,1168.0,1.0,0.0,0,1.0,2.0,-0.696551,-0.71750724,-0.8660254,-0.5,3,0,0,1,9512.0,1,0.0,1,9069.0,1,12114.0,1,10999.0,1,0.0,1,8570.0,1,9276.0,7048.672,7545.742,9512.0
532,2014-08-13,8565.0,1064.0,1.0,0.0,0,1.0,3.0,-0.696551,-0.71750724,-0.8660254,-0.5,3,0,0,1,9121.0,1,9512.0,1,8709.0,1,10694.0,1,9831.0,1,11432.0,1,0.0,1,0.0,7877.603,7895.7993,-391.0
532,2014-08-14,8575.0,1091.0,1.0,0.0,0,1.0,4.0,-0.696551,-0.71750724,-0.8660254,-0.5,3,0,0,1,8565.0,1,9121.0,1,0.0,1,9215.0,1,9347.0,1,9954.0,1,10456.0,1,10455.0,8152.562,8044.5107,-556.0
532,2014-08-15,9125.0,1101.0,1.0,0.0,0,1.0,5.0,-0.696551,-0.71750724,-0.8660254,-0.5,3,0,0,1,8575.0,1,8565.0,1,9512.0,1,9380.0,1,0.0,1,10916.0,1,9131.0,1,9711.0,8321.537,8162.397,10.0
532,2014-08-16,9401.0,1067.0,1.0,0.0,0,0.0,6.0,-0.696551,-0.71750724,-0.8660254,-0.5,3,0,0,1,9125.0,1,8575.0,1,9121.0,1,9069.0,1,12114.0,1,10999.0,1,9201.0,1,9542.0,8642.922,8376.309,550.0
532,2014-08-17,0.0,0.0,0.0,0.0,0,0.0,7.0,-0.696551,-0.71750724,-0.8660254,-0.5,3,0,0,1,9401.0,1,9125.0,1,8565.0,1,8709.0,1,10694.0,1,9831.0,1,8833.0,1,7254.0,8946.153,8604.018,276.0
532,2014-08-18,13502.0,1463.0,1.0,1.0,0,1.0,1.0,-0.7765239,-0.63008785,-0.8660254,-0.5,3,0,0,1,0.0,1,9401.0,1,8575.0,1,0.0,1,9215.0,1,9347.0,1,8312.0,1,9202.0,5367.692,6692.014,-9401.0
532,2014-08-19,12402.0,1355.0,1.0,1.0,0,1.0,2.0,-0.7765239,-0.63008785,-0.8660254,-0.5,3,0,0,1,13502.0,1,0.0,1,9125.0,1,9512.0,1,9380.0,1,0.0,1,8503.0,1,10019.0,8621.415,8205.345,13502.0
532,2014-08-20,11117.0,1333.0,1.0,1.0,0,0.0,3.0,-0.7765239,-0.63008785,-0.8660254,-0.5,3,0,0,1,12402.0,1,13502.0,1,9401.0,1,9121.0,1,9069.0,1,12114.0,1,0.0,1,0.0,10133.649,9137.935,-1100.0
532,2014-08-21,9576.0,1153.0,1.0,1.0,0,0.0,4.0,-0.7765239,-0.63008785,-0.8660254,-0.5,3,0,0,1,11117.0,1,12402.0,1,0.0,1,8565.0,1,8709.0,1,10694.0,1,11432.0,1,14131.0,10526.989,9577.727,-1285.0
532,2014-08-22,9963.0,1184.0,1.0,1.0,0,0.0,5.0,-0.7765239,-0.63008785,-0.8660254,-0.5,3,0,0,1,9576.0,1,11117.0,1,13502.0,1,8575.0,1,0.0,1,9215.0,1,9954.0,1,12536.0,10146.594,9577.343,-1541.0
532,2014-08-23,9200.0,1116.0,1.0,0.0,0,0.0,6.0,-0.7765239,-0.63008785,-0.8660254,-0.5,3,0,0,1,9963.0,1,9576.0,1,12402.0,1,9125.0,1,9512.0,1,9380.0,1,10916.0,1,11695.0,10073.156,9663.045,387.0
532,2014-08-24,0.0,0.0,0.0,0.0,0,0.0,7.0,-0.7765239,-0.63008785,-0.8660254,-0.5,3,0,0,1,9200.0,1,9963.0,1,11117.0,1,9401.0,1,9121.0,1,9069.0,1,10999.0,1,11887.0,9723.894,9560.1455,-763.0
532,2014-08-25,9848.0,1235.0,1.0,0.0,0,0.0,1.0,-0.845596,-0.5338234,-0.8660254,-0.5,3,0,0,1,0.0,1,9200.0,1,9576.0,1,0.0,1,8565.0,1,8709.0,1,9831.0,1,9547.0,5834.3364,7435.669,-9200.0
532,2014-08-26,8834.0,1164.0,1.0,0.0,0,0.0,2.0,-0.845596,-0.5338234,-0.8660254,-0.5,3,0,0,1,9848.0,1,0.0,1,9963.0,1,13502.0,1,8575.0,1,0.0,1,9347.0,1,9480.0,7439.802,7971.7427,9848.0
532,2014-08-27,9058.0,1149.0,1.0,0.0,0,0.0,3.0,-0.845596,-0.5338234,-0.8660254,-0.5,3,0,0,1,8834.0,1,9848.0,1,9200.0,1,12402.0,1,9125.0,1,9512.0,1,0.0,1,0.0,7997.481,8163.3555,-1014.0
532,2014-08-28,8887.0,1122.0,1.0,0.0,0,0.0,4.0,-0.845596,-0.5338234,-0.8660254,-0.5,3,0,0,1,9058.0,1,8834.0,1,0.0,1,11117.0,1,9401.0,1,9121.0,1,12114.0,1,11521.0,8421.688,8362.165,224.0
532,2014-08-29,10518.0,1177.0,1.0,0.0,0,0.0,5.0,-0.845596,-0.5338234,-0.8660254,-0.5,3,0,0,1,8887.0,1,9058.0,1,9848.0,1,9576.0,1,0.0,1,8565.0,1,10694.0,1,8764.0,8607.813,8478.795,-171.0
532,2014-08-30,11505.0,1228.0,1.0,0.0,0,0.0,6.0,-0.845596,-0.5338234,-0.8660254,-0.5,3,0,0,1,10518.0,1,8887.0,1,8834.0,1,9963.0,1,13502.0,1,8575.0,1,9215.0,1,8226.0,9371.888,8931.952,1631.0
532,2014-08-31,0.0,0.0,0.0,0.0,0,0.0,7.0,-0.845596,-0.5338234,-0.8660254,-0.5,3,0,1,1,11505.0,1,10518.0,1,9058.0,1,9200.0,1,12402.0,1,9125.0,1,9380.0,1,9923.0,10225.133,9503.74,987.0
532,2014-09-01,13344.0,1429.0,1.0,1.0,0,0.0,1.0,-0.9027978,-0.4300652,-1.0,-1.8369701e-16,3,1,0,1,0.0,1,11505.0,1,8887.0,1,0.0,1,11117.0,1,9401.0,1,9069.0,1,9554.0,6135.0796,7391.798,-11505.0
532,2014-09-02,11715.0,1322.0,1.0,1.0,0,0.0,2.0,-0.9027978,-0.4300652,-1.0,-1.8369701e-16,3,0,0,1,13344.0,1,0.0,1,10518.0,1,9848.0,1,9576.0,1,0.0,1,8709.0,1,10014.0,9018.647,8714.51,13344.0
532,2014-09-03,10568.0,1227.0,1.0,1.0,0,0.0,3.0,-0.9027978,-0.4300652,-1.0,-1.8369701e-16,3,0,0,1,11715.0,1,13344.0,1,11505.0,1,8834.0,1,9963.0,1,13502.0,1,0.0,1,0.0,10097.188,9381.285,-1629.0
532,2014-09-04,10880.0,1201.0,1.0,1.0,0,0.0,4.0,-0.9027978,-0.4300652,-1.0,-1.8369701e-16,3,0,0,1,10568.0,1,11715.0,1,0.0,1,9058.0,1,9200.0,1,12402.0,1,9512.0,1,11965.0,10285.514,9645.0,-1147.0
532,2014-09-05,10563.0,1228.0,1.0,1.0,0,0.0,5.0,-0.9027978,-0.4300652,-1.0,-1.8369701e-16,3,0,0,1,10880.0,1,10568.0,1,13344.0,1,8887.0,1,0.0,1,11117.0,1,9121.0,1,10728.0,10523.308,9919.444,312.0
532,2014-09-06,9264.0,1060.0,1.0,0.0,0,0.0,6.0,-0.9027978,-0.4300652,-1.0,-1.8369701e-16,3,0,0,1,10563.0,1,10880.0,1,11715.0,1,10518.0,1,9848.0,1,9576.0,1,8565.0,1,10613.0,10539.185,10062.457,-317.0
532,2014-09-07,0.0,0.0,0.0,0.0,0,0.0,7.0,-0.9027978,-0.4300652,-1.0,-1.8369701e-16,3,0,0,1,9264.0,1,10563.0,1,10568.0,1,11505.0,1,8834.0,1,9963.0,1,8575.0,1,9546.0,10029.111,9885.021,-1299.0
532,2014-09-08,10300.0,1281.0,1.0,0.0,0,0.0,1.0,-0.94732636,-0.32026985,-1.0,-1.8369701e-16,3,0,0,1,0.0,1,9264.0,1,10880.0,1,0.0,1,9058.0,1,9200.0,1,9125.0,1,9852.0,6017.4663,7688.35,-9264.0
532,2014-09-09,9438.0,1192.0,1.0,0.0,0,0.0,2.0,-0.94732636,-0.32026985,-1.0,-1.8369701e-16,3,0,0,1,10300.0,1,0.0,1,10563.0,1,13344.0,1,8887.0,1,0.0,1,9401.0,1,8570.0,7730.48,8268.717,10300.0
532,2014-09-10,9095.0,1143.0,1.0,0.0,0,0.0,3.0,-0.94732636,-0.32026985,-1.0,-1.8369701e-16,3,0,0,1,9438.0,1,10300.0,1,9264.0,1,11715.0,1,10518.0,1,9848.0,1,0.0,1,0.0,8413.488,8528.558,-862.0
532,2014-09-11,9078.0,1119.0,1.0,0.0,0,0.0,4.0,-0.94732636,-0.32026985,-1.0,-1.8369701e-16,3,0,0,1,9095.0,1,9438.0,1,0.0,1,10568.0,1,11505.0,1,8834.0,1,13502.0,1,10456.0,8686.093,8654.434,-343.0
532,2014-09-12,9591.0,1130.0,1.0,0.0,0,0.0,5.0,-0.94732636,-0.32026985,-1.0,-1.8369701e-16,3,0,0,1,9078.0,1,9095.0,1,10300.0,1,10880.0,1,0.0,1,9058.0,1,12402.0,1,9131.0,8842.855,8748.56,-17.0
532,2014-09-13,9161.0,1142.0,1.0,0.0,0,0.0,6.0,-0.94732636,-0.32026985,-1.0,-1.8369701e-16,3,0,0,1,9591.0,1,9078.0,1,9438.0,1,10563.0,1,13344.0,1,8887.0,1,11117.0,1,9201.0,9142.113,8935.769,513.0
532,2014-09-14,0.0,0.0,0.0,0.0,0,0.0,7.0,-0.94732636,-0.32026985,-1.0,-1.8369701e-16,3,0,0,1,9161.0,1,9591.0,1,9095.0,1,9264.0,1,11715.0,1,10518.0,1,9576.0,1,8833.0,9149.668,8985.82,-430.0
532,2014-09-15,11940.0,1385.0,1.0,1.0,0,0.0,1.0,-0.9785565,-0.20597862,-1.0,-1.8369701e-16,3,0,0,1,0.0,1,9161.0,1,9078.0,1,0.0,1,10568.0,1,11505.0,1,9963.0,1,8312.0,5489.801,6988.971,-9161.0
532,2014-09-16,9881.0,1223.0,1.0,1.0,0,0.0,2.0,-0.9785565,-0.20597862,-1.0,-1.8369701e-16,3,0,0,1,11940.0,1,0.0,1,9591.0,1,10300.0,1,10880.0,1,0.0,1,9200.0,1,8503.0,8069.8804,8089.1997,11940.0
532,2014-09-17,9485.0,1136.0,1.0,1.0,0,0.0,3.0,-0.9785565,-0.20597862,-1.0,-1.8369701e-16,3,0,0,1,9881.0,1,11940.0,1,9161.0,1,9438.0,1,10563.0,1,13344.0,1,0.0,1,0.0,8794.328,8487.378,-2059.0
532,2014-09-18,9381.0,1204.0,1.0,1.0,0,0.0,4.0,-0.9785565,-0.20597862,-1.0,-1.8369701e-16,3,0,0,1,9485.0,1,9881.0,1,0.0,1,9095.0,1,9264.0,1,11715.0,1,9848.0,1,11432.0,9070.597,8709.071,-396.0
532,2014-09-19,9552.0,1216.0,1.0,1.0,0,0.0,5.0,-0.9785565,-0.20597862,-1.0,-1.8369701e-16,3,0,0,1,9381.0,1,9485.0,1,11940.0,1,9078.0,1,0.0,1,10568.0,1,8834.0,1,9954.0,9194.758,8858.389,-104.0
532,2014-09-20,9190.0,1115.0,1.0,0.0,0,0.0,6.0,-0.9785565,-0.20597862,-1.0,-1.8369701e-16,3,0,0,1,9552.0,1,9381.0,1,9881.0,1,9591.0,1,10300.0,1,10880.0,1,9058.0,1,10916.0,9337.655,9012.524,171.0
532,2014-09-21,0.0,0.0,0.0,0.0,0,0.0,7.0,-0.9785565,-0.20597862,-1.0,-1.8369701e-16,3,0,0,1,9190.0,1,9552.0,1,9485.0,1,9161.0,1,9438.0,1,10563.0,1,8887.0,1,10999.0,9278.593,9051.964,-362.0
532,2014-09-22,9973.0,1291.0,1.0,0.0,0,0.0,1.0,-0.9960498,-0.08879589,-1.0,-1.8369701e-16,3,0,0,1,0.0,1,9190.0,1,9381.0,1,0.0,1,9095.0,1,9264.0,1,10518.0,1,9831.0,5567.156,7040.416,-9190.0
532,2014-09-23,9370.0,1172.0,1.0,0.0,0,0.0,2.0,-0.9960498,-0.08879589,-1.0,-1.8369701e-16,3,0,0,1,9973.0,1,0.0,1,9552.0,1,11940.0,1,9078.0,1,0.0,1,11505.0,1,9347.0,7329.4937,7692.1016,9973.0
532,2014-09-24,8171.0,1091.0,1.0,0.0,0,0.0,3.0,-0.9960498,-0.08879589,-1.0,-1.8369701e-16,3,0,0,1,9370.0,1,9973.0,1,9190.0,1,9881.0,1,9591.0,1,10300.0,1,0.0,1,0.0,8145.6963,8064.968,-603.0
532,2014-09-25,8930.0,1121.0,1.0,0.0,0,0.0,4.0,-0.9960498,-0.08879589,-1.0,-1.8369701e-16,3,0,0,1,8171.0,1,9370.0,1,0.0,1,9485.0,1,9161.0,1,9438.0,1,13344.0,1,12114.0,8155.818,8088.531,-1199.0
532,2014-09-26,8739.0,1103.0,1.0,0.0,0,0.0,5.0,-0.9960498,-0.08879589,-1.0,-1.8369701e-16,3,0,0,1,8930.0,1,8171.0,1,9973.0,1,9381.0,1,0.0,1,9095.0,1,11715.0,1,10694.0,8465.49,8275.523,759.0
532,2014-09-27,9227.0,1096.0,1.0,0.0,0,0.0,6.0,-0.9960498,-0.08879589,-1.0,-1.8369701e-16,3,0,0,1,8739.0,1,8930.0,1,9370.0,1,9552.0,1,11940.0,1,9078.0,1,10568.0,1,9215.0,8574.895,8378.519,-191.0
532,2014-09-28,0.0,0.0,0.0,0.0,0,0.0,7.0,-0.9960498,-0.08879589,-1.0,-1.8369701e-16,3,0,0,1,9227.0,1,8739.0,1,8171.0,1,9190.0,1,9881.0,1,9591.0,1,10880.0,1,9380.0,8835.736,8567.07,488.0
532,2014-09-29,12937.0,1449.0,1.0,1.0,0,0.0,1.0,-0.99956083,0.029633328,-1.0,-1.8369701e-16,3,0,0,1,0.0,1,9227.0,1,8930.0,1,0.0,1,9485.0,1,9161.0,1,10563.0,1,9069.0,5301.442,6663.2764,-9227.0
532,2014-09-30,11769.0,1334.0,1.0,1.0,0,0.0,2.0,-0.99956083,0.029633328,-1.0,-1.8369701e-16,3,0,1,1,12937.0,1,0.0,1,8739.0,1,9973.0,1,9381.0,1,0.0,1,9264.0,1,8709.0,8355.665,8057.4375,12937.0
532,2014-10-01,11347.0,1311.0,1.0,1.0,0,0.0,3.0,-0.99956083,0.029633328,-0.8660254,0.5,4,1,0,1,11769.0,1,12937.0,1,9227.0,1,9370.0,1,9552.0,1,11940.0,1,0.0,1,0.0,9720.999,8882.2295,-1168.0
532,2014-10-02,13124.0,1509.0,1.0,1.0,0,0.0,4.0,-0.99956083,0.029633328,-0.8660254,0.5,4,0,0,1,11347.0,1,11769.0,1,0.0,1,8171.0,1,9190.0,1,9881.0,1,10300.0,1,9512.0,10371.399,9429.956,-422.0
532,2014-10-03,0.0,0.0,0.0,1.0,1,0.0,5.0,-0.99956083,0.029633328,-0.8660254,0.5,4,0,0,1,13124.0,1,11347.0,1,12937.0,1,8930.0,1,0.0,1,9485.0,1,9438.0,1,9121.0,11472.439,10250.8545,1777.0
532,2014-10-04,10854.0,1241.0,1.0,0.0,0,0.0,6.0,-0.99956083,0.029633328,-0.8660254,0.5,4,0,0,1,0.0,1,13124.0,1,11769.0,1,8739.0,1,9973.0,1,9381.0,1,9095.0,1,8565.0,6883.464,7972.8867,-13124.0
532,2014-10-05,0.0,0.0,0.0,0.0,0,0.0,7.0,-0.99956083,0.029633328,-0.8660254,0.5,4,0,0,1,10854.0,1,0.0,1,11347.0,1,9227.0,1,9370.0,1,9552.0,1,9078.0,1,8575.0,8471.679,8613.134,10854.0
532,2014-10-06,12776.0,1470.0,1.0,1.0,0,1.0,1.0,-0.9890402,0.14764656,-0.8660254,0.5,4,0,0,1,0.0,1,10854.0,1,13124.0,1,0.0,1,8171.0,1,9190.0,1,9591.0,1,9125.0,5083.007,6699.1045,-10854.0
532,2014-10-07,12164.0,1391.0,1.0,1.0,0,1.0,2.0,-0.9890402,0.14764656,-0.8660254,0.5,4,0,0,1,12776.0,1,0.0,1,0.0,1,12937.0,1,8930.0,1,0.0,1,9161.0,1,9401.0,8160.204,8049.526,12776.0
532,2014-10-08,10701.0,1330.0,1.0,1.0,0,1.0,3.0,-0.9890402,0.14764656,-0.8660254,0.5,4,0,0,1,12164.0,1,12776.0,1,10854.0,1,11769.0,1,8739.0,1,9973.0,1,0.0,1,0.0,9761.723,8963.854,-612.0
532,2014-10-09,10863.0,1287.0,1.0,1.0,0,1.0,4.0,-0.9890402,0.14764656,-0.8660254,0.5,4,0,0,1,10701.0,1,12164.0,1,0.0,1,11347.0,1,9227.0,1,9370.0,1,11940.0,1,13502.0,10137.434,9349.886,-1463.0
532,2014-10-10,10565.0,1258.0,1.0,1.0,0,1.0,5.0,-0.9890402,0.14764656,-0.8660254,0.5,4,0,0,1,10863.0,1,10701.0,1,12776.0,1,13124.0,1,0.0,1,8171.0,1,9881.0,1,12402.0,10427.66,9686.134,162.0
532,2014-10-11,9186.0,1080.0,1.0,0.0,0,0.0,6.0,-0.9890402,0.14764656,-0.8660254,0.5,4,0,0,1,10565.0,1,10863.0,1,12164.0,1,0.0,1,12937.0,1,8930.0,1,9485.0,1,11117.0,10482.596,9881.4375,-298.0
532,2014-10-12,0.0,0.0,0.0,0.0,0,0.0,7.0,-0.9890402,0.14764656,-0.8660254,0.5,4,0,0,1,9186.0,1,10565.0,1,10701.0,1,10854.0,1,11769.0,1,8739.0,1,9381.0,1,9576.0,9963.958,9726.8955,-1379.0
532,2014-10-13,11008.0,1346.0,1.0,0.0,0,1.0,1.0,-0.9646356,0.26358718,-0.8660254,0.5,4,0,0,1,0.0,1,9186.0,1,10863.0,1,0.0,1,11347.0,1,9227.0,1,9552.0,1,9963.0,5978.3745,7565.3633,-9186.0
532,2014-10-14,8850.0,1155.0,1.0,0.0,0,1.0,2.0,-0.9646356,0.26358718,-0.8660254,0.5,4,0,0,1,11008.0,1,0.0,1,10565.0,1,12776.0,1,13124.0,1,0.0,1,9190.0,1,9200.0,7990.2246,8330.394,11008.0
532,2014-10-15,9389.0,1190.0,1.0,0.0,0,1.0,3.0,-0.9646356,0.26358718,-0.8660254,0.5,4,0,0,1,8850.0,1,11008.0,1,9186.0,1,12164.0,1,0.0,1,12937.0,1,0.0,1,0.0,8334.135,8445.861,-2158.0
532,2014-10-16,8804.0,1120.0,1.0,0.0,0,1.0,4.0,-0.9646356,0.26358718,-0.8660254,0.5,4,0,0,1,9389.0,1,8850.0,1,0.0,1,10701.0,1,10854.0,1,11769.0,1,9973.0,1,9848.0,8756.081,8655.448,539.0
532,2014-10-17,9306.0,1163.0,1.0,0.0,0,1.0,5.0,-0.9646356,0.26358718,-0.8660254,0.5,4,0,0,1,8804.0,1,9389.0,1,11008.0,1,10863.0,1,0.0,1,11347.0,1,9370.0,1,8834.0,8775.249,8688.46,-585.0
532,2014-10-18,9891.0,1166.0,1.0,0.0,0,0.0,6.0,-0.9646356,0.26358718,-0.8660254,0.5,4,0,0,1,9306.0,1,8804.0,1,8850.0,1,10565.0,1,12776.0,1,13124.0,1,8171.0,1,9058.0,8987.549,8825.69,502.0
532,2014-10-19,0.0,0.0,0.0,0.0,0,0.0,7.0,-0.9646356,0.26358718,-0.8660254,0.5,4,0,0,1,9891.0,1,9306.0,1,9389.0,1,9186.0,1,12164.0,1,0.0,1,8930.0,1,8887.0,9348.93,9062.426,585.0
532,2014-10-20,13531.0,1552.0,1.0,1.0,0,0.0,1.0,-0.9266896,0.37582758,-0.8660254,0.5,4,0,0,1,0.0,1,9891.0,1,8804.0,1,0.0,1,10701.0,1,10854.0,1,8739.0,1,10518.0,5609.358,7048.5537,-9891.0
532,2014-10-21,10679.0,1318.0,1.0,1.0,0,0.0,2.0,-0.9266896,0.37582758,-0.8660254,0.5,4,0,0,1,13531.0,1,0.0,1,9306.0,1,11008.0,1,10863.0,1,0.0,1,9227.0,1,11505.0,8778.015,8489.098,13531.0
532,2014-10-22,10914.0,1343.0,1.0,1.0,0,0.0,3.0,-0.9266896,0.37582758,-0.8660254,0.5,4,0,0,1,10679.0,1,13531.0,1,9891.0,1,8850.0,1,10565.0,1,12776.0,1,0.0,1,0.0,9538.409,8975.742,-2852.0
532,2014-10-23,11211.0,1359.0,1.0,1.0,0,0.0,4.0,-0.9266896,0.37582758,-0.8660254,0.5,4,0,0,1,10914.0,1,10679.0,1,0.0,1,9389.0,1,9186.0,1,12164.0,1,12937.0,1,13344.0,10088.6455,9406.466,235.0
532,2014-10-24,11582.0,1346.0,1.0,1.0,0,0.0,5.0,-0.9266896,0.37582758,-0.8660254,0.5,4,0,0,1,11211.0,1,10914.0,1,13531.0,1,8804.0,1,0.0,1,10701.0,1,11769.0,1,11715.0,10537.587,9807.474,297.0
532,2014-10-25,9819.0,1191.0,1.0,0.0,0,0.0,6.0,-0.9266896,0.37582758,-0.8660254,0.5,4,0,0,1,11582.0,1,11211.0,1,10679.0,1,9306.0,1,11008.0,1,10863.0,1,11347.0,1,10568.0,10955.353,10201.8125,371.0
532,2014-10-26,0.0,0.0,0.0,0.0,0,0.0,7.0,-0.9266896,0.37582758,-0.8660254,0.5,4,0,0,1,9819.0,1,11582.0,1,10914.0,1,9891.0,1,8850.0,1,10565.0,1,13124.0,1,10880.0,10500.812,10116.743,-1763.0
532,2014-10-27,10960.0,1418.0,1.0,0.0,0,0.0,1.0,-0.8757349,0.4827922,-0.8660254,0.5,4,0,0,1,0.0,1,9819.0,1,11211.0,1,0.0,1,9389.0,1,9186.0,1,0.0,1,10563.0,6300.487,7868.578,-9819.0
532,2014-10-28,9502.0,1228.0,1.0,0.0,0,0.0,2.0,-0.8757349,0.4827922,-0.8660254,0.5,4,0,0,1,10960.0,1,0.0,1,11582.0,1,13531.0,1,8804.0,1,0.0,1,10854.0,1,9264.0,8164.292,8555.561,10960.0
532,2014-10-29,9537.0,1199.0,1.0,0.0,0,0.0,3.0,-0.8757349,0.4827922,-0.8660254,0.5,4,0,0,1,9502.0,1,10960.0,1,9819.0,1,10679.0,1,9306.0,1,11008.0,1,0.0,1,0.0,8699.375,8765.881,-1458.0
532,2014-10-30,11607.0,1368.0,1.0,0.0,0,0.0,4.0,-0.8757349,0.4827922,-0.8660254,0.5,4,0,0,1,9537.0,1,9502.0,1,0.0,1,10914.0,1,9891.0,1,8850.0,1,12776.0,1,10300.0,9034.425,8937.24,35.0
532,2014-10-31,14957.0,1734.0,1.0,0.0,0,0.0,5.0,-0.8757349,0.4827922,-0.8660254,0.5,4,0,1,1,11607.0,1,9537.0,1,10960.0,1,11211.0,1,0.0,1,9389.0,1,12164.0,1,9438.0,10063.455,9530.5205,2070.0
532,2014-11-01,0.0,0.0,0.0,0.0,1,0.0,6.0,-0.8757349,0.4827922,-0.5,0.8660254,4,1,0,1,14957.0,1,11607.0,1,9502.0,1,11582.0,1,13531.0,1,8804.0,1,10701.0,1,9095.0,12020.873,10736.404,3350.0
532,2014-11-02,0.0,0.0,0.0,0.0,0,0.0,7.0,-0.8757349,0.4827922,-0.5,0.8660254,4,0,0,1,0.0,1,14957.0,1,9537.0,1,9819.0,1,10679.0,1,9306.0,1,10863.0,1,9078.0,7212.524,8350.537,-14957.0
532,2014-11-03,16121.0,1745.0,1.0,1.0,0,0.0,1.0,-0.8124869,0.5829795,-0.5,0.8660254,4,0,0,1,0.0,1,0.0,1,11607.0,1,0.0,1,10914.0,1,9891.0,1,10565.0,1,9591.0,4327.514,6494.8623,0.0
532,2014-11-04,13456.0,1528.0,1.0,1.0,0,0.0,2.0,-0.8124869,0.5829795,-0.5,0.8660254,4,0,0,1,16121.0,1,0.0,1,14957.0,1,10960.0,1,11211.0,1,0.0,1,9186.0,1,9161.0,9044.908,8634.004,16121.0
532,2014-11-05,13612.0,1529.0,1.0,1.0,0,0.0,3.0,-0.8124869,0.5829795,-0.5,0.8660254,4,0,0,1,13456.0,1,16121.0,1,0.0,1,9502.0,1,11582.0,1,13531.0,1,0.0,1,0.0,10809.345,9705.559,-2665.0
532,2014-11-06,13070.0,1498.0,1.0,1.0,0,0.0,4.0,-0.8124869,0.5829795,-0.5,0.8660254,4,0,0,1,13612.0,1,13456.0,1,0.0,1,9537.0,1,9819.0,1,10679.0,1,11008.0,1,11940.0,11930.407,10573.656,156.0
532,2014-11-07,13061.0,1493.0,1.0,1.0,0,0.0,5.0,-0.8124869,0.5829795,-0.5,0.8660254,4,0,0,1,13070.0,1,13612.0,1,16121.0,1,11607.0,1,0.0,1,10914.0,1,8850.0,1,9881.0,12386.244,11128.399,-542.0
532,2014-11-08,11449.0,1341.0,1.0,0.0,0,0.0,6.0,-0.8124869,0.5829795,-0.5,0.8660254,4,0,0,1,13061.0,1,13070.0,1,13456.0,1,14957.0,1,10960.0,1,11211.0,1,9389.0,1,9485.0,12656.146,11557.866,-9.0
532,2014-11-09,0.0,0.0,0.0,0.0,0,0.0,7.0,-0.8124869,0.5829795,-0.5,0.8660254,4,0,0,1,11449.0,1,13061.0,1,13612.0,1,0.0,1,9502.0,1,11582.0,1,8804.0,1,9381.0,12173.288,11533.674,-1612.0
532,2014-11-10,16579.0,1972.0,1.0,1.0,0,0.0,1.0,-0.73783326,0.674983,-0.5,0.8660254,4,0,0,1,0.0,1,11449.0,1,13070.0,1,0.0,1,9537.0,1,9819.0,1,9306.0,1,9552.0,7303.9727,8970.635,-11449.0
532,2014-11-11,4316.0,708.0,1.0,1.0,0,0.0,2.0,-0.73783326,0.674983,-0.5,0.8660254,4,0,0,1,16579.0,1,0.0,1,13061.0,1,16121.0,1,11607.0,1,0.0,1,9891.0,1,9190.0,11013.983,10661.383,16579.0
532,2014-11-12,12711.0,1467.0,1.0,1.0,0,0.0,3.0,-0.73783326,0.674983,-0.5,0.8660254,4,0,0,1,4316.0,1,16579.0,1,11449.0,1,13456.0,1,14957.0,1,10960.0,1,0.0,1,0.0,8334.79,9251.298,-12263.0
532,2014-11-13,12536.0,1464.0,1.0,1.0,0,0.0,4.0,-0.73783326,0.674983,-0.5,0.8660254,4,0,0,1,12711.0,1,4316.0,1,0.0,1,13612.0,1,0.0,1,9502.0,1,13531.0,1,9973.0,10085.274,10020.12,8395.0
532,2014-11-14,11489.0,1427.0,1.0,1.0,0,0.0,5.0,-0.73783326,0.674983,-0.5,0.8660254,4,0,0,1,12536.0,1,12711.0,1,16579.0,1,13070.0,1,0.0,1,9537.0,1,10679.0,1,9370.0,11065.564,10579.205,-175.0
532,2014-11-15,10378.0,1332.0,1.0,0.0,0,0.0,6.0,-0.73783326,0.674983,-0.5,0.8660254,4,0,0,1,11489.0,1,12536.0,1,4316.0,1,13061.0,1,16121.0,1,11607.0,1,10914.0,1,8171.0,11234.938,10781.382,-1047.0
532,2014-11-16,0.0,0.0,0.0,0.0,0,0.0,7.0,-0.73783326,0.674983,-0.5,0.8660254,4,0,0,1,10378.0,1,11489.0,1,12711.0,1,11449.0,1,13456.0,1,14957.0,1,11211.0,1,8930.0,10892.163,10691.741,-1111.0
532,2014-11-17,12061.0,1532.0,1.0,0.0,0,0.0,1.0,-0.65282214,0.75751126,-0.5,0.8660254,4,0,0,1,0.0,1,10378.0,1,12536.0,1,0.0,1,13612.0,1,0.0,1,11582.0,1,8739.0,6535.298,8315.799,-10378.0
532,2014-11-18,11019.0,1396.0,1.0,0.0,0,0.0,2.0,-0.65282214,0.75751126,-0.5,0.8660254,4,0,0,1,12061.0,1,0.0,1,11489.0,1,16579.0,1,13070.0,1,0.0,1,9819.0,1,9227.0,8745.579,9148.065,12061.0
532,2014-11-19,10565.0,1328.0,1.0,0.0,0,0.0,3.0,-0.65282214,0.75751126,-0.5,0.8660254,4,0,0,1,11019.0,1,12061.0,1,10378.0,1,4316.0,1,13061.0,1,16121.0,1,0.0,1,0.0,9654.947,9563.829,-1042.0
532,2014-11-20,10660.0,1329.0,1.0,0.0,0,0.0,4.0,-0.65282214,0.75751126,-0.5,0.8660254,4,0,0,1,10565.0,1,11019.0,1,0.0,1,12711.0,1,11449.0,1,13456.0,1,10960.0,1,12937.0,10018.969,9786.312,-454.0
532,2014-11-21,11018.0,1306.0,1.0,0.0,0,0.0,5.0,-0.65282214,0.75751126,-0.5,0.8660254,4,0,0,1,10660.0,1,10565.0,1,12061.0,1,12536.0,1,0.0,1,13612.0,1,9502.0,1,11769.0,10275.381,9980.465,95.0
532,2014-11-22,10176.0,1232.0,1.0,0.0,0,0.0,6.0,-0.65282214,0.75751126,-0.5,0.8660254,4,0,0,1,11018.0,1,10660.0,1,11019.0,1,11489.0,1,16579.0,1,13070.0,1,9537.0,1,11347.0,10572.429,10211.028,358.0
532,2014-11-23,0.0,0.0,0.0,0.0,0,0.0,7.0,-0.65282214,0.75751126,-0.5,0.8660254,4,0,0,1,10176.0,1,11018.0,1,10565.0,1,10378.0,1,4316.0,1,13061.0,1,11607.0,1,13124.0,10413.857,10203.244,-842.0
532,2014-11-24,12968.0,1561.0,1.0,1.0,0,0.0,1.0,-0.55864674,0.82940567,-0.5,0.8660254,4,0,0,1,0.0,1,10176.0,1,10660.0,1,0.0,1,12711.0,1,11449.0,1,14957.0,1,0.0,6248.3145,7935.8564,-10176.0
532,2014-11-25,13243.0,1524.0,1.0,1.0,0,0.0,2.0,-0.55864674,0.82940567,-0.5,0.8660254,4,0,0,1,12968.0,1,0.0,1,11018.0,1,12061.0,1,12536.0,1,0.0,1,0.0,1,10854.0,8936.188,9054.11,12968.0
532,2014-11-26,12506.0,1402.0,1.0,1.0,0,0.0,3.0,-0.55864674,0.82940567,-0.5,0.8660254,4,0,0,1,13243.0,1,12968.0,1,10176.0,1,11019.0,1,11489.0,1,16579.0,1,0.0,1,0.0,10658.913,9984.975,275.0
532,2014-11-27,11849.0,1280.0,1.0,1.0,0,0.0,4.0,-0.55864674,0.82940567,-0.5,0.8660254,4,0,0,1,12506.0,1,13243.0,1,0.0,1,10565.0,1,10378.0,1,4316.0,1,16121.0,1,12776.0,11397.748,10545.203,-737.0
532,2014-11-28,13123.0,1430.0,1.0,1.0,0,0.0,5.0,-0.55864674,0.82940567,-0.5,0.8660254,4,0,0,1,11849.0,1,12506.0,1,12968.0,1,10660.0,1,0.0,1,12711.0,1,13456.0,1,12164.0,11578.249,10834.936,-657.0
532,2014-11-29,12937.0,1342.0,1.0,0.0,0,0.0,6.0,-0.55864674,0.82940567,-0.5,0.8660254,4,0,0,1,13123.0,1,11849.0,1,13243.0,1,11018.0,1,12061.0,1,12536.0,1,13612.0,1,10701.0,12196.149,11343.395,1274.0
532,2014-11-30,0.0,0.0,0.0,0.0,0,0.0,7.0,-0.55864674,0.82940567,-0.5,0.8660254,4,0,1,1,12937.0,1,13123.0,1,12506.0,1,10176.0,1,11019.0,1,11489.0,1,13070.0,1,10863.0,12492.489,11697.529,-186.0
532,2014-12-01,15427.0,1583.0,1.0,1.0,0,0.0,1.0,-0.45662925,0.8896571,-2.4492937e-16,1.0,4,1,0,1,0.0,1,12937.0,1,11849.0,1,0.0,1,10565.0,1,10378.0,1,13061.0,1,10565.0,7495.4937,9098.078,-12937.0
532,2014-12-02,12631.0,1445.0,1.0,1.0,0,0.0,2.0,-0.45662925,0.8896571,-2.4492937e-16,1.0,4,0,0,1,15427.0,1,0.0,1,13123.0,1,12968.0,1,10660.0,1,0.0,1,11449.0,1,9186.0,10668.097,10504.505,15427.0
532,2014-12-03,13016.0,1467.0,1.0,1.0,0,0.0,3.0,-0.45662925,0.8896571,-2.4492937e-16,1.0,4,0,0,1,12631.0,1,15427.0,1,12937.0,1,13243.0,1,11018.0,1,12061.0,1,0.0,1,0.0,11453.258,10977.06,-2796.0
532,2014-12-04,13593.0,1414.0,1.0,1.0,0,0.0,4.0,-0.45662925,0.8896571,-2.4492937e-16,1.0,4,0,0,1,13016.0,1,12631.0,1,0.0,1,12506.0,1,10176.0,1,11019.0,1,16579.0,1,11008.0,12078.3545,11430.157,385.0
532,2014-12-05,14677.0,1514.0,1.0,1.0,0,0.0,5.0,-0.45662925,0.8896571,-2.4492937e-16,1.0,4,0,0,1,13593.0,1,13016.0,1,15427.0,1,11849.0,1,0.0,1,10565.0,1,4316.0,1,8850.0,12684.213,11910.789,577.0
532,2014-12-06,11087.0,1214.0,1.0,0.0,0,0.0,6.0,-0.45662925,0.8896571,-2.4492937e-16,1.0,4,0,0,1,14677.0,1,13593.0,1,12631.0,1,13123.0,1,12968.0,1,10660.0,1,12711.0,1,9389.0,13481.328,12525.503,1084.0
532,2014-12-07,0.0,0.0,0.0,0.0,0,0.0,7.0,-0.45662925,0.8896571,-2.4492937e-16,1.0,4,0,0,1,11087.0,1,14677.0,1,13016.0,1,12937.0,1,13243.0,1,11018.0,1,12536.0,1,8804.0,12523.597,12205.835,-3590.0
532,2014-12-08,11616.0,1411.0,1.0,0.0,0,0.0,1.0,-0.34820163,0.93741965,-2.4492937e-16,1.0,4,0,0,1,0.0,1,11087.0,1,13593.0,1,0.0,1,12506.0,1,10176.0,1,11489.0,1,9306.0,7514.158,9493.428,-11087.0
532,2014-12-09,10987.0,1301.0,1.0,0.0,0,0.0,2.0,-0.34820163,0.93741965,-2.4492937e-16,1.0,4,0,0,1,11616.0,1,0.0,1,14677.0,1,15427.0,1,11849.0,1,0.0,1,10378.0,1,9891.0,9154.895,9965.11,11616.0
532,2014-12-10,11040.0,1330.0,1.0,0.0,0,0.0,3.0,-0.34820163,0.93741965,-2.4492937e-16,1.0,4,0,0,1,10987.0,1,11616.0,1,11087.0,1,12631.0,1,13123.0,1,12968.0,1,0.0,1,0.0,9887.737,10192.197,-629.0
532,2014-12-11,10587.0,1260.0,1.0,0.0,0,0.0,4.0,-0.34820163,0.93741965,-2.4492937e-16,1.0,4,0,0,1,11040.0,1,10987.0,1,0.0,1,13016.0,1,12937.0,1,13243.0,1,12061.0,1,13531.0,10348.643,10380.598,53.0
532,2014-12-12,10556.0,1236.0,1.0,0.0,0,0.0,5.0,-0.34820163,0.93741965,-2.4492937e-16,1.0,4,0,0,1,10587.0,1,11040.0,1,11616.0,1,13593.0,1,0.0,1,12506.0,1,11019.0,1,10679.0,10443.985,10426.465,-453.0
532,2014-12-13,13035.0,1410.0,1.0,0.0,0,0.0,6.0,-0.34820163,0.93741965,-2.4492937e-16,1.0,4,0,0,1,10556.0,1,10587.0,1,10987.0,1,14677.0,1,15427.0,1,11849.0,1,10565.0,1,10914.0,10488.791,10455.25,-31.0
532,2014-12-14,0.0,0.0,0.0,0.0,0,0.0,7.0,-0.34820163,0.93741965,-2.4492937e-16,1.0,4,0,0,1,13035.0,1,10556.0,1,11040.0,1,11087.0,1,12631.0,1,13123.0,1,10660.0,1,11211.0,11507.274,11028.528,2479.0
532,2014-12-15,15877.0,1659.0,1.0,1.0,0,0.0,1.0,-0.23488605,0.9720229,-2.4492937e-16,1.0,4,0,0,1,0.0,1,13035.0,1,10587.0,1,0.0,1,13016.0,1,12937.0,1,11018.0,1,11582.0,6904.3647,8577.744,-13035.0
532,2014-12-16,13822.0,1486.0,1.0,1.0,0,0.0,2.0,-0.23488605,0.9720229,-2.4492937e-16,1.0,4,0,0,1,15877.0,1,0.0,1,10556.0,1,11616.0,1,13593.0,1,0.0,1,10176.0,1,9819.0,10493.419,10199.801,15877.0
532,2014-12-17,13535.0,1493.0,1.0,1.0,0,0.0,3.0,-0.23488605,0.9720229,-2.4492937e-16,1.0,4,0,0,1,13822.0,1,15877.0,1,13035.0,1,10987.0,1,14677.0,1,15427.0,1,0.0,1,0.0,11824.852,11004.734,-2055.0
532,2014-12-18,14337.0,1520.0,1.0,1.0,0,0.0,4.0,-0.23488605,0.9720229,-2.4492937e-16,1.0,4,0,0,1,13535.0,1,13822.0,1,0.0,1,11040.0,1,11087.0,1,12631.0,1,12968.0,1,10960.0,12508.911,11567.016,-287.0
532,2014-12-19,13654.0,1499.0,1.0,1.0,0,0.0,5.0,-0.23488605,0.9720229,-2.4492937e-16,1.0,4,0,0,1,14337.0,1,13535.0,1,15877.0,1,10587.0,1,0.0,1,13016.0,1,13243.0,1,9502.0,13240.146,12182.567,802.0
532,2014-12-20,14263.0,1501.0,1.0,0.0,0,0.0,6.0,-0.23488605,0.9720229,-2.4492937e-16,1.0,4,0,0,1,13654.0,1,14337.0,1,13822.0,1,10556.0,1,11616.0,1,13593.0,1,12506.0,1,9537.0,13405.6875,12509.553,-683.0
532,2014-12-21,0.0,0.0,0.0,0.0,0,0.0,7.0,-0.23488605,0.9720229,-2.4492937e-16,1.0,4,0,0,1,14263.0,1,13654.0,1,13535.0,1,13035.0,1,10987.0,1,14677.0,1,11849.0,1,11607.0,13748.612,12899.207,609.0
532,2014-12-22,17048.0,1777.0,1.0,0.0,0,1.0,1.0,-0.11827317,0.9929811,-2.4492937e-16,1.0,4,0,0,1,0.0,1,14263.0,1,14337.0,1,0.0,1,11040.0,1,11087.0,1,13123.0,1,14957.0,8249.168,10032.717,-14263.0
532,2014-12-23,15671.0,1753.0,1.0,0.0,0,1.0,2.0,-0.11827317,0.9929811,-2.4492937e-16,1.0,4,0,0,1,17048.0,1,0.0,1,13654.0,1,15877.0,1,10587.0,1,0.0,1,12937.0,1,0.0,11768.7,11591.669,17048.0
532,2014-12-24,6137.0,689.0,1.0,0.0,0,1.0,3.0,-0.11827317,0.9929811,-2.4492937e-16,1.0,4,0,0,1,15671.0,1,17048.0,1,14263.0,1,13822.0,1,10556.0,1,11616.0,1,0.0,1,0.0,13329.62,12498.187,-1377.0
532,2014-12-25,0.0,0.0,0.0,0.0,3,1.0,4.0,-0.11827317,0.9929811,-2.4492937e-16,1.0,4,0,0,1,6137.0,1,15671.0,1,0.0,1,13535.0,1,13035.0,1,10987.0,1,15427.0,1,16121.0,10452.572,11084.59,-9534.0
532,2014-12-26,0.0,0.0,0.0,0.0,3,1.0,5.0,-0.11827317,0.9929811,-2.4492937e-16,1.0,4,0,0,1,0.0,1,6137.0,1,17048.0,1,14337.0,1,0.0,1,11040.0,1,12631.0,1,13456.0,6271.5435,8621.348,-6137.0
532,2014-12-27,9320.0,1090.0,1.0,0.0,0,0.0,6.0,-0.11827317,0.9929811,-2.4492937e-16,1.0,4,0,0,1,0.0,1,0.0,1,15671.0,1,13654.0,1,15877.0,1,10587.0,1,13016.0,1,13612.0,3762.926,6705.4927,0.0
532,2014-12-28,0.0,0.0,0.0,0.0,0,0.0,7.0,-0.11827317,0.9929811,-2.4492937e-16,1.0,4,0,0,1,9320.0,1,0.0,1,6137.0,1,14263.0,1,13822.0,1,10556.0,1,13593.0,1,13070.0,5985.7554,7286.494,9320.0
532,2014-12-29,12009.0,1330.0,1.0,0.0,0,1.0,1.0,0.11827317,0.9929811,-2.4492937e-16,1.0,4,0,0,1,0.0,1,9320.0,1,0.0,1,0.0,1,13535.0,1,13035.0,1,14677.0,1,13061.0,3591.4534,5667.2734,-9320.0
532,2014-12-30,12157.0,1347.0,1.0,0.0,0,1.0,2.0,0.11827317,0.9929811,-2.4492937e-16,1.0,4,0,0,1,12009.0,1,0.0,1,0.0,1,17048.0,1,14337.0,1,0.0,1,11087.0,1,11449.0,6958.472,7076.546,12009.0
532,2014-12-31,6402.0,749.0,1.0,0.0,0,1.0,3.0,0.11827317,0.9929811,-2.4492937e-16,1.0,4,0,1,1,12157.0,1,12009.0,1,9320.0,1,15671.0,1,13654.0,1,15877.0,1,0.0,1,0.0,9037.883,8205.536,148.0
532,2015-01-01,0.0,0.0,0.0,0.0,1,1.0,4.0,0.11827317,0.9929811,0.5,0.8660254,1,1,0,1,6402.0,1,12157.0,1,0.0,1,6137.0,1,14263.0,1,13822.0,1,11616.0,1,16579.0,7983.53,7804.75,-5755.0
532,2015-01-02,10874.0,1185.0,1.0,0.0,0,1.0,5.0,0.11827317,0.9929811,0.5,0.8660254,1,0,0,1,0.0,1,6402.0,1,12009.0,1,0.0,1,0.0,1,13535.0,1,10987.0,1,4316.0,4790.118,6070.3613,-6402.0
532,2015-01-03,9992.0,1190.0,1.0,0.0,0,0.0,6.0,0.11827317,0.9929811,0.5,0.8660254,1,0,0,1,10874.0,1,0.0,1,12157.0,1,0.0,1,17048.0,1,14337.0,1,11040.0,1,12711.0,7223.671,7137.8364,10874.0
532,2015-01-04,0.0,0.0,0.0,0.0,0,0.0,7.0,0.11827317,0.9929811,0.5,0.8660254,1,0,0,1,9992.0,1,10874.0,1,6402.0,1,9320.0,1,15671.0,1,13654.0,1,10587.0,1,12536.0,8331.003,7772.095,-882.0
532,2015-01-05,14581.0,1582.0,1.0,1.0,0,1.0,1.0,0.23488605,0.9720229,0.5,0.8660254,1,0,0,1,0.0,1,9992.0,1,0.0,1,0.0,1,6137.0,1,14263.0,1,10556.0,1,11489.0,4998.6016,6044.963,-9992.0
532,2015-01-06,12324.0,1388.0,1.0,1.0,0,1.0,2.0,0.23488605,0.9720229,0.5,0.8660254,1,0,0,1,14581.0,1,0.0,1,10874.0,1,12009.0,1,0.0,1,0.0,1,13035.0,1,10378.0,8831.561,7941.86,14581.0
532,2015-01-07,11562.0,1404.0,1.0,1.0,0,0.0,3.0,0.23488605,0.9720229,0.5,0.8660254,1,0,0,1,12324.0,1,14581.0,1,9992.0,1,12157.0,1,0.0,1,17048.0,1,0.0,1,0.0,10228.536,8915.669,-2257.0
532,2015-01-08,10157.0,1214.0,1.0,1.0,0,0.0,4.0,0.23488605,0.9720229,0.5,0.8660254,1,0,0,1,11562.0,1,12324.0,1,0.0,1,6402.0,1,9320.0,1,15671.0,1,15877.0,1,12061.0,10761.922,9503.742,-762.0
532,2015-01-09,10688.0,1322.0,1.0,1.0,0,0.0,5.0,0.23488605,0.9720229,0.5,0.8660254,1,0,0,1,10157.0,1,11562.0,1,14581.0,1,0.0,1,0.0,1,6137.0,1,13822.0,1,11019.0,10519.953,9648.911,-1405.0
532,2015-01-10,10810.0,1286.0,1.0,0.0,0,0.0,6.0,0.23488605,0.9720229,0.5,0.8660254,1,0,0,1,10688.0,1,10157.0,1,12324.0,1,10874.0,1,12009.0,1,0.0,1,13535.0,1,10565.0,10587.172,9879.819,531.0
532,2015-01-11,0.0,0.0,0.0,0.0,0,0.0,7.0,0.23488605,0.9720229,0.5,0.8660254,1,0,0,1,10810.0,1,10688.0,1,11562.0,1,9992.0,1,12157.0,1,0.0,1,14337.0,1,10660.0,10676.303,10086.526,122.0
532,2015-01-12,12551.0,1488.0,1.0,1.0,0,0.0,1.0,0.34820163,0.93741965,0.5,0.8660254,1,0,0,1,0.0,1,10810.0,1,10157.0,1,0.0,1,6402.0,1,9320.0,1,13654.0,1,11018.0,6405.7817,7845.076,-10810.0
532,2015-01-13,11680.0,1330.0,1.0,1.0,0,0.0,2.0,0.34820163,0.93741965,0.5,0.8660254,1,0,0,1,12551.0,1,0.0,1,10688.0,1,14581.0,1,0.0,1,0.0,1,14263.0,1,10176.0,8863.869,8890.837,12551.0
532,2015-01-14,12487.0,1381.0,1.0,1.0,0,0.0,3.0,0.34820163,0.93741965,0.5,0.8660254,1,0,0,1,11680.0,1,12551.0,1,10810.0,1,12324.0,1,10874.0,1,12009.0,1,0.0,1,0.0,9990.321,9510.651,-871.0
532,2015-01-15,10757.0,1295.0,1.0,1.0,0,0.0,4.0,0.34820163,0.93741965,0.5,0.8660254,1,0,0,1,12487.0,1,11680.0,1,0.0,1,11562.0,1,9992.0,1,12157.0,1,17048.0,1,12968.0,10988.993,10172.062,807.0
532,2015-01-16,11043.0,1263.0,1.0,1.0,0,0.0,5.0,0.34820163,0.93741965,0.5,0.8660254,1,0,0,1,10757.0,1,12487.0,1,12551.0,1,10157.0,1,0.0,1,6402.0,1,15671.0,1,13243.0,10896.195,10302.048,-1730.0
532,2015-01-17,11289.0,1308.0,1.0,0.0,0,0.0,6.0,0.34820163,0.93741965,0.5,0.8660254,1,0,0,1,11043.0,1,10757.0,1,11680.0,1,10688.0,1,14581.0,1,0.0,1,6137.0,1,12506.0,10954.917,10466.704,286.0
532,2015-01-18,0.0,0.0,0.0,0.0,0,0.0,7.0,0.34820163,0.93741965,0.5,0.8660254,1,0,0,1,11289.0,1,11043.0,1,12487.0,1,10810.0,1,12324.0,1,10874.0,1,0.0,1,11849.0,11088.551,10649.437,246.0
532,2015-01-19,10401.0,1380.0,1.0,0.0,0,0.0,1.0,0.45662925,0.8896571,0.5,0.8660254,1,0,0,1,0.0,1,11289.0,1,10757.0,1,0.0,1,11562.0,1,9992.0,1,0.0,1,13123.0,6653.1304,8282.8955,-11289.0
532,2015-01-20,10616.0,1327.0,1.0,0.0,0,0.0,2.0,0.45662925,0.8896571,0.5,0.8660254,1,0,0,1,10401.0,1,0.0,1,11043.0,1,12551.0,1,10157.0,1,0.0,1,9320.0,1,12937.0,8152.2783,8753.585,10401.0
532,2015-01-21,9838.0,1181.0,1.0,0.0,0,0.0,3.0,0.45662925,0.8896571,0.5,0.8660254,1,0,0,1,10616.0,1,10401.0,1,11289.0,1,11680.0,1,10688.0,1,14581.0,1,0.0,1,0.0,9137.767,9167.455,215.0
532,2015-01-22,10183.0,1239.0,1.0,0.0,0,0.0,4.0,0.45662925,0.8896571,0.5,0.8660254,1,0,0,1,9838.0,1,10616.0,1,0.0,1,12487.0,1,10810.0,1,12324.0,1,12009.0,1,15427.0,9417.86,9316.465,-778.0
532,2015-01-23,10660.0,1235.0,1.0,0.0,0,0.0,5.0,0.45662925,0.8896571,0.5,0.8660254,1,0,0,1,10183.0,1,9838.0,1,10401.0,1,10757.0,1,0.0,1,11562.0,1,12157.0,1,12631.0,9723.916,9509.028,345.0
532,2015-01-24,10959.0,1271.0,1.0,0.0,0,0.0,6.0,0.45662925,0.8896571,0.5,0.8660254,1,0,0,1,10660.0,1,10183.0,1,10616.0,1,11043.0,1,12551.0,1,10157.0,1,6402.0,1,13016.0,10098.35,9764.8,477.0
532,2015-01-25,0.0,0.0,0.0,0.0,0,0.0,7.0,0.45662925,0.8896571,0.5,0.8660254,1,0,0,1,10959.0,1,10660.0,1,9838.0,1,11289.0,1,11680.0,1,10688.0,1,0.0,1,13593.0,10442.609,10030.178,299.0
532,2015-01-26,13294.0,1490.0,1.0,1.0,0,0.0,1.0,0.55864674,0.82940567,0.5,0.8660254,1,0,0,1,0.0,1,10959.0,1,10183.0,1,0.0,1,12487.0,1,10810.0,1,10874.0,1,14677.0,6265.566,7801.2495,-10959.0
532,2015-01-27,12117.0,1443.0,1.0,1.0,0,0.0,2.0,0.55864674,0.82940567,0.5,0.8660254,1,0,0,1,13294.0,1,0.0,1,10660.0,1,10401.0,1,10757.0,1,0.0,1,9992.0,1,11087.0,9076.939,9021.86,13294.0
532,2015-01-28,11538.0,1315.0,1.0,1.0,0,0.0,3.0,0.55864674,0.82940567,0.5,0.8660254,1,0,0,1,12117.0,1,13294.0,1,10959.0,1,10616.0,1,11043.0,1,12551.0,1,0.0,1,0.0,10292.964,9709.669,-1177.0
532,2015-01-29,11587.0,1343.0,1.0,1.0,0,0.0,4.0,0.55864674,0.82940567,0.5,0.8660254,1,0,0,1,11538.0,1,12117.0,1,0.0,1,9838.0,1,11289.0,1,11680.0,1,14581.0,1,11616.0,10790.979,10115.965,-579.0
532,2015-01-30,14098.0,1520.0,1.0,1.0,0,0.0,5.0,0.55864674,0.82940567,0.5,0.8660254,1,0,0,1,11587.0,1,11538.0,1,13294.0,1,10183.0,1,0.0,1,12487.0,1,12324.0,1,10987.0,11109.387,10442.861,49.0
532,2015-01-31,12505.0,1390.0,1.0,0.0,0,0.0,6.0,0.55864674,0.82940567,0.5,0.8660254,1,0,1,1,14098.0,1,11587.0,1,12117.0,1,10660.0,1,10401.0,1,10757.0,1,11562.0,1,11040.0,12304.832,11255.114,2511.0
532,2015-02-01,0.0,0.0,0.0,0.0,0,0.0,7.0,0.55864674,0.82940567,0.8660254,0.5,1,1,0,1,12505.0,1,14098.0,1,11538.0,1,10959.0,1,10616.0,1,11043.0,1,10157.0,1,10587.0,12384.899,11532.867,-1593.0
532,2015-02-02,14158.0,1569.0,1.0,1.0,0,0.0,1.0,0.65282214,0.75751126,0.8660254,0.5,1,0,0,1,0.0,1,12505.0,1,11587.0,1,0.0,1,9838.0,1,11289.0,1,10688.0,1,10556.0,7430.9395,8970.008,-12505.0
532,2015-02-03,12659.0,1459.0,1.0,1.0,0,0.0,2.0,0.65282214,0.75751126,0.8660254,0.5,1,0,0,1,14158.0,1,0.0,1,14098.0,1,13294.0,1,10183.0,1,0.0,1,10810.0,1,13035.0,10121.764,10122.895,14158.0
532,2015-02-04,11344.0,1368.0,1.0,1.0,0,0.0,3.0,0.65282214,0.75751126,0.8660254,0.5,1,0,0,1,12659.0,1,14158.0,1,12505.0,1,12117.0,1,10660.0,1,10401.0,1,0.0,1,0.0,11136.658,10686.474,-1499.0
532,2015-02-05,12444.0,1373.0,1.0,1.0,0,0.0,4.0,0.65282214,0.75751126,0.8660254,0.5,1,0,0,1,11344.0,1,12659.0,1,0.0,1,11538.0,1,10959.0,1,10616.0,1,12551.0,1,15877.0,11219.595,10832.591,-1315.0
532,2015-02-06,12545.0,1421.0,1.0,1.0,0,0.0,5.0,0.65282214,0.75751126,0.8660254,0.5,1,0,0,1,12444.0,1,11344.0,1,14158.0,1,11587.0,1,0.0,1,9838.0,1,11680.0,1,13822.0,11709.357,11190.682,1100.0
532,2015-02-07,11968.0,1332.0,1.0,0.0,0,0.0,6.0,0.65282214,0.75751126,0.8660254,0.5,1,0,0,1,12545.0,1,12444.0,1,12659.0,1,14098.0,1,13294.0,1,10183.0,1,12487.0,1,13535.0,12043.614,11491.642,101.0
532,2015-02-08,0.0,0.0,0.0,0.0,0,0.0,7.0,0.65282214,0.75751126,0.8660254,0.5,1,0,0,1,11968.0,1,12545.0,1,11344.0,1,12505.0,1,12117.0,1,10660.0,1,10757.0,1,14337.0,12013.368,11597.499,-577.0
532,2015-02-09,13084.0,1499.0,1.0,0.0,0,0.0,1.0,0.73783326,0.674983,0.8660254,0.5,1,0,0,1,0.0,1,11968.0,1,12444.0,1,0.0,1,11538.0,1,10959.0,1,11043.0,1,13654.0,7208.021,9020.276,-11968.0
532,2015-02-10,12035.0,1440.0,1.0,0.0,0,0.0,2.0,0.73783326,0.674983,0.8660254,0.5,1,0,0,1,13084.0,1,0.0,1,12545.0,1,14158.0,1,11587.0,1,0.0,1,11289.0,1,14263.0,9558.413,9923.326,13084.0
532,2015-02-11,14661.0,1819.0,1.0,0.0,0,0.0,3.0,0.73783326,0.674983,0.8660254,0.5,1,0,0,1,12035.0,1,13084.0,1,11968.0,1,12659.0,1,14098.0,1,13294.0,1,0.0,1,0.0,10549.048,10392.587,-1049.0
532,2015-02-12,2597.0,416.0,1.0,0.0,0,0.0,4.0,0.73783326,0.674983,0.8660254,0.5,1,0,0,1,14661.0,1,12035.0,1,0.0,1,11344.0,1,12505.0,1,12117.0,1,10401.0,1,17048.0,12193.828,11341.123,2626.0
532,2015-02-13,10872.0,1314.0,1.0,0.0,0,0.0,5.0,0.73783326,0.674983,0.8660254,0.5,1,0,0,1,2597.0,1,14661.0,1,13084.0,1,12444.0,1,0.0,1,11538.0,1,10616.0,1,15671.0,8355.097,9397.984,-12064.0
532,2015-02-14,9769.0,1217.0,1.0,0.0,0,0.0,6.0,0.73783326,0.674983,0.8660254,0.5,1,0,0,1,10872.0,1,2597.0,1,12035.0,1,12545.0,1,14158.0,1,11587.0,1,9838.0,1,6137.0,9361.858,9725.544,8275.0
532,2015-02-15,0.0,0.0,0.0,0.0,0,0.0,7.0,0.73783326,0.674983,0.8660254,0.5,1,0,0,1,9769.0,1,10872.0,1,14661.0,1,11968.0,1,12659.0,1,14098.0,1,10183.0,1,0.0,9524.715,9735.201,-1103.0
532,2015-02-16,2517.0,315.0,1.0,1.0,0,0.0,1.0,0.8124869,0.5829795,0.8660254,0.5,1,0,0,1,0.0,1,9769.0,1,2597.0,1,0.0,1,11344.0,1,12505.0,1,10660.0,1,0.0,5714.829,7571.8228,-9769.0
532,2015-02-17,13692.0,1419.0,1.0,1.0,0,0.0,2.0,0.8124869,0.5829795,0.8660254,0.5,1,0,0,1,2517.0,1,0.0,1,10872.0,1,13084.0,1,12444.0,1,0.0,1,10959.0,1,9320.0,4435.6973,6448.529,2517.0
532,2015-02-18,12205.0,1368.0,1.0,1.0,0,0.0,3.0,0.8124869,0.5829795,0.8660254,0.5,1,0,0,1,13692.0,1,2517.0,1,9769.0,1,12035.0,1,12545.0,1,14158.0,1,0.0,1,0.0,8138.2183,8058.189,11175.0
532,2015-02-19,12096.0,1454.0,1.0,1.0,0,0.0,4.0,0.8124869,0.5829795,0.8660254,0.5,1,0,0,1,12205.0,1,13692.0,1,0.0,1,14661.0,1,11968.0,1,12659.0,1,13294.0,1,12009.0,9764.931,8979.702,-1487.0
532,2015-02-20,11761.0,1328.0,1.0,1.0,0,0.0,5.0,0.8124869,0.5829795,0.8660254,0.5,1,0,0,1,12096.0,1,12205.0,1,2517.0,1,2597.0,1,0.0,1,11344.0,1,12117.0,1,12157.0,10697.358,9672.213,-109.0
532,2015-02-21,12014.0,1328.0,1.0,0.0,0,0.0,6.0,0.8124869,0.5829795,0.8660254,0.5,1,0,0,1,11761.0,1,12096.0,1,13692.0,1,10872.0,1,13084.0,1,12444.0,1,11538.0,1,6402.0,11122.815,10136.388,-335.0
532,2015-02-22,0.0,0.0,0.0,0.0,0,0.0,7.0,0.8124869,0.5829795,0.8660254,0.5,1,0,0,1,12014.0,1,11761.0,1,12205.0,1,9769.0,1,12035.0,1,12545.0,1,11587.0,1,0.0,11479.289,10553.635,253.0
532,2015-02-23,10978.0,1385.0,1.0,0.0,0,0.0,1.0,0.8757349,0.4827922,0.8660254,0.5,1,0,0,1,0.0,1,12014.0,1,12096.0,1,0.0,1,14661.0,1,11968.0,1,14098.0,1,10874.0,6887.573,8208.383,-12014.0
532,2015-02-24,10530.0,1248.0,1.0,0.0,0,0.0,2.0,0.8757349,0.4827922,0.8660254,0.5,1,0,0,1,10978.0,1,0.0,1,11761.0,1,2517.0,1,2597.0,1,0.0,1,12505.0,1,9992.0,8523.744,8823.854,10978.0
532,2015-02-25,10428.0,1237.0,1.0,0.0,0,0.0,3.0,0.8757349,0.4827922,0.8660254,0.5,1,0,0,1,10530.0,1,10978.0,1,12014.0,1,13692.0,1,10872.0,1,13084.0,1,0.0,1,0.0,9326.246,9202.997,-448.0
532,2015-02-26,10245.0,1242.0,1.0,0.0,0,0.0,4.0,0.8757349,0.4827922,0.8660254,0.5,1,0,0,1,10428.0,1,10530.0,1,0.0,1,12205.0,1,9769.0,1,12035.0,1,14158.0,1,14581.0,9766.948,9475.22,-102.0
532,2015-02-27,11201.0,1252.0,1.0,0.0,0,0.0,5.0,0.8757349,0.4827922,0.8660254,0.5,1,0,0,1,10245.0,1,10428.0,1,10978.0,1,12096.0,1,0.0,1,14661.0,1,12659.0,1,12324.0,9958.169,9646.282,-183.0
532,2015-02-28,13362.0,1386.0,1.0,0.0,0,0.0,6.0,0.8757349,0.4827922,0.8660254,0.5,1,0,1,1,11201.0,1,10245.0,1,10530.0,1,11761.0,1,2517.0,1,2597.0,1,11344.0,1,11562.0,10455.301,9991.775,956.0
532,2015-03-01,0.0,0.0,0.0,0.0,0,0.0,7.0,0.8757349,0.4827922,1.0,6.123234e-17,1,1,0,1,13362.0,1,11201.0,1,10428.0,1,12014.0,1,13692.0,1,10872.0,1,12444.0,1,10157.0,11617.98,10740.714,2161.0
532,2015-03-02,15213.0,1609.0,1.0,1.0,0,0.0,1.0,0.9266896,0.37582758,1.0,6.123234e-17,1,0,0,1,0.0,1,13362.0,1,10245.0,1,0.0,1,12205.0,1,9769.0,1,12545.0,1,10688.0,6970.7886,8353.889,-13362.0
532,2015-03-03,12388.0,1400.0,1.0,1.0,0,0.0,2.0,0.9266896,0.37582758,1.0,6.123234e-17,1,0,0,1,15213.0,1,0.0,1,11201.0,1,10978.0,1,12096.0,1,0.0,1,11968.0,1,10810.0,10267.673,9878.136,15213.0
532,2015-03-04,12409.0,1406.0,1.0,1.0,0,0.0,3.0,0.9266896,0.37582758,1.0,6.123234e-17,1,0,0,1,12388.0,1,15213.0,1,13362.0,1,10530.0,1,11761.0,1,2517.0,1,0.0,1,0.0,11115.804,10435.883,-2825.0
532,2015-03-05,11404.0,1318.0,1.0,1.0,0,0.0,4.0,0.9266896,0.37582758,1.0,6.123234e-17,1,0,0,1,12409.0,1,12388.0,1,0.0,1,10428.0,1,12014.0,1,13692.0,1,13084.0,1,12551.0,11633.082,10874.354,21.0
532,2015-03-06,12130.0,1347.0,1.0,1.0,0,0.0,5.0,0.9266896,0.37582758,1.0,6.123234e-17,1,0,0,1,11404.0,1,12409.0,1,15213.0,1,10245.0,1,0.0,1,12205.0,1,12035.0,1,11680.0,11541.449,10992.053,-1005.0
532,2015-03-07,10860.0,1273.0,1.0,0.0,0,0.0,6.0,0.9266896,0.37582758,1.0,6.123234e-17,1,0,0,1,12130.0,1,11404.0,1,12388.0,1,11201.0,1,10978.0,1,12096.0,1,14661.0,1,12487.0,11776.87,11244.93,726.0
532,2015-03-08,0.0,0.0,0.0,0.0,0,0.0,7.0,0.9266896,0.37582758,1.0,6.123234e-17,1,0,0,1,10860.0,1,12130.0,1,12409.0,1,13362.0,1,10530.0,1,11761.0,1,2597.0,1,10757.0,11410.122,11159.39,-1270.0
532,2015-03-09,11408.0,1375.0,1.0,0.0,0,0.0,1.0,0.9646356,0.26358718,1.0,6.123234e-17,1,0,0,1,0.0,1,10860.0,1,11404.0,1,0.0,1,10428.0,1,12014.0,1,10872.0,1,11043.0,6846.073,8679.525,-10860.0
532,2015-03-10,9937.0,1202.0,1.0,0.0,0,0.0,2.0,0.9646356,0.26358718,1.0,6.123234e-17,1,0,0,1,11408.0,1,0.0,1,12130.0,1,15213.0,1,10245.0,1,0.0,1,9769.0,1,11289.0,8670.844,9285.854,11408.0
532,2015-03-11,10114.0,1209.0,1.0,0.0,0,0.0,3.0,0.9646356,0.26358718,1.0,6.123234e-17,1,0,0,1,9937.0,1,11408.0,1,10860.0,1,12388.0,1,11201.0,1,10978.0,1,0.0,1,0.0,9177.307,9430.553,-1471.0
532,2015-03-12,9943.0,1202.0,1.0,0.0,0,0.0,4.0,0.9646356,0.26358718,1.0,6.123234e-17,1,0,0,1,10114.0,1,9937.0,1,0.0,1,12409.0,1,13362.0,1,10530.0,1,2517.0,1,10401.0,9551.983,9582.43,177.0
532,2015-03-13,10407.0,1247.0,1.0,0.0,0,0.0,5.0,0.9646356,0.26358718,1.0,6.123234e-17,1,0,0,1,9943.0,1,10114.0,1,11408.0,1,11404.0,1,0.0,1,10428.0,1,13692.0,1,10616.0,9708.391,9662.557,-171.0
532,2015-03-14,11536.0,1311.0,1.0,0.0,0,0.0,6.0,0.9646356,0.26358718,1.0,6.123234e-17,1,0,0,1,10407.0,1,9943.0,1,9937.0,1,12130.0,1,15213.0,1,10245.0,1,12205.0,1,9838.0,9987.834,9827.988,464.0
532,2015-03-15,0.0,0.0,0.0,0.0,0,0.0,7.0,0.9646356,0.26358718,1.0,6.123234e-17,1,0,0,1,11536.0,1,10407.0,1,10114.0,1,10860.0,1,12388.0,1,11201.0,1,12096.0,1,10183.0,10607.101,10207.547,1129.0
532,2015-03-16,14264.0,1591.0,1.0,1.0,0,0.0,1.0,0.9890402,0.14764656,1.0,6.123234e-17,1,0,0,1,0.0,1,11536.0,1,9943.0,1,0.0,1,12409.0,1,13362.0,1,11761.0,1,10660.0,6364.2603,7939.2026,-11536.0
532,2015-03-17,11749.0,1334.0,1.0,1.0,0,0.0,2.0,0.9890402,0.14764656,1.0,6.123234e-17,1,0,0,1,14264.0,1,0.0,1,10407.0,1,11408.0,1,11404.0,1,0.0,1,12014.0,1,10959.0,9524.156,9344.713,14264.0
532,2015-03-18,11135.0,1280.0,1.0,1.0,0,0.0,3.0,0.9890402,0.14764656,1.0,6.123234e-17,1,0,0,1,11749.0,1,14264.0,1,11536.0,1,9937.0,1,12130.0,1,15213.0,1,0.0,1,0.0,10414.094,9878.999,-2515.0
532,2015-03-19,10737.0,1299.0,1.0,1.0,0,0.0,4.0,0.9890402,0.14764656,1.0,6.123234e-17,1,0,0,1,11135.0,1,11749.0,1,0.0,1,10114.0,1,10860.0,1,12388.0,1,10978.0,1,13294.0,10702.456,10158.11,-614.0
532,2015-03-20,11378.0,1297.0,1.0,1.0,0,0.0,5.0,0.9890402,0.14764656,1.0,6.123234e-17,1,0,0,1,10737.0,1,11135.0,1,14264.0,1,9943.0,1,0.0,1,12409.0,1,10530.0,1,12117.0,10716.273,10286.753,-398.0
532,2015-03-21,11069.0,1236.0,1.0,0.0,0,0.0,6.0,0.9890402,0.14764656,1.0,6.123234e-17,1,0,0,1,11378.0,1,10737.0,1,11749.0,1,10407.0,1,11408.0,1,11404.0,1,10428.0,1,11538.0,10980.964,10529.252,641.0
532,2015-03-22,0.0,0.0,0.0,0.0,0,0.0,7.0,0.9890402,0.14764656,1.0,6.123234e-17,1,0,0,1,11069.0,1,11378.0,1,11135.0,1,11536.0,1,9937.0,1,12130.0,1,10245.0,1,11587.0,11016.179,10649.196,-309.0
532,2015-03-23,11319.0,1341.0,1.0,0.0,0,0.0,1.0,0.99956083,0.029633328,1.0,6.123234e-17,1,0,0,1,0.0,1,11069.0,1,10737.0,1,0.0,1,10114.0,1,10860.0,1,11201.0,1,14098.0,6609.707,8282.708,-11069.0
532,2015-03-24,9197.0,1160.0,1.0,0.0,0,0.0,2.0,0.99956083,0.029633328,1.0,6.123234e-17,1,0,0,1,11319.0,1,0.0,1,11378.0,1,14264.0,1,9943.0,1,0.0,1,13362.0,1,12505.0,8493.424,8957.439,11319.0
532,2015-03-25,9274.0,1141.0,1.0,0.0,0,0.0,3.0,0.99956083,0.029633328,1.0,6.123234e-17,1,0,0,1,9197.0,1,11319.0,1,11069.0,1,11749.0,1,10407.0,1,11408.0,1,0.0,1,0.0,8774.8545,9010.675,-2122.0
532,2015-03-26,9474.0,1133.0,1.0,0.0,0,0.0,4.0,0.99956083,0.029633328,1.0,6.123234e-17,1,0,0,1,9274.0,1,9197.0,1,0.0,1,11135.0,1,11536.0,1,9937.0,1,15213.0,1,14158.0,8974.513,9069.191,77.0
532,2015-03-27,9847.0,1217.0,1.0,0.0,0,0.0,5.0,0.99956083,0.029633328,1.0,6.123234e-17,1,0,0,1,9474.0,1,9274.0,1,11319.0,1,10737.0,1,0.0,1,10114.0,1,12388.0,1,12659.0,9174.308,9159.149,200.0
532,2015-03-28,11965.0,1336.0,1.0,0.0,0,0.0,6.0,0.99956083,0.029633328,1.0,6.123234e-17,1,0,0,1,9847.0,1,9474.0,1,9197.0,1,11378.0,1,14264.0,1,9943.0,1,12409.0,1,11344.0,9443.385,9312.005,373.0
532,2015-03-29,0.0,0.0,0.0,0.0,0,0.0,7.0,0.99956083,0.029633328,1.0,6.123234e-17,1,0,0,1,11965.0,1,9847.0,1,9274.0,1,11069.0,1,11749.0,1,10407.0,1,11404.0,1,12444.0,10452.03,9901.56,2118.0
532,2015-03-30,15546.0,1607.0,1.0,1.0,0,1.0,1.0,0.9960498,-0.08879589,1.0,6.123234e-17,1,0,0,1,0.0,1,11965.0,1,9474.0,1,0.0,1,11135.0,1,11536.0,1,12130.0,1,12545.0,6271.2183,7701.213,-11965.0
532,2015-03-31,13242.0,1381.0,1.0,1.0,0,1.0,2.0,0.9960498,-0.08879589,1.0,6.123234e-17,1,0,1,1,15546.0,1,0.0,1,9847.0,1,11319.0,1,10737.0,1,0.0,1,10860.0,1,11968.0,9981.131,9444.499,15546.0
532,2015-04-01,14600.0,1510.0,1.0,1.0,0,1.0,3.0,0.9960498,-0.08879589,0.8660254,-0.5,2,1,0,1,13242.0,1,15546.0,1,11965.0,1,9197.0,1,11378.0,1,14264.0,1,0.0,1,0.0,11285.479,10288.388,-2304.0
532,2015-04-02,16479.0,1746.0,1.0,1.0,0,1.0,4.0,0.9960498,-0.08879589,0.8660254,-0.5,2,0,0,1,14600.0,1,13242.0,1,0.0,1,9274.0,1,11069.0,1,11749.0,1,11408.0,1,13084.0,12611.287,11246.524,1358.0
532,2015-04-03,0.0,0.0,0.0,1.0,2,1.0,5.0,0.9960498,-0.08879589,0.8660254,-0.5,2,0,0,1,16479.0,1,14600.0,1,15546.0,1,9474.0,1,0.0,1,11135.0,1,9937.0,1,12035.0,14158.372,12409.297,1879.0
532,2015-04-04,13014.0,1427.0,1.0,0.0,0,0.0,6.0,0.9960498,-0.08879589,0.8660254,-0.5,2,0,0,1,0.0,1,16479.0,1,13242.0,1,9847.0,1,11319.0,1,10737.0,1,10114.0,1,14661.0,8495.023,9651.675,-16479.0
532,2015-04-05,0.0,0.0,0.0,0.0,0,0.0,7.0,0.9960498,-0.08879589,0.8660254,-0.5,2,0,0,1,13014.0,1,0.0,1,14600.0,1,11965.0,1,9197.0,1,11378.0,1,9943.0,1,2597.0,10302.614,10398.858,13014.0
532,2015-04-06,0.0,0.0,0.0,0.0,2,1.0,1.0,0.9785565,-0.20597862,0.8660254,-0.5,2,0,0,1,0.0,1,13014.0,1,16479.0,1,0.0,1,9274.0,1,11069.0,1,10407.0,1,10872.0,6181.5684,8088.001,-13014.0
532,2015-04-07,13555.0,1544.0,1.0,0.0,0,1.0,2.0,0.9785565,-0.20597862,0.8660254,-0.5,2,0,0,1,0.0,1,0.0,1,0.0,1,15546.0,1,9474.0,1,0.0,1,11536.0,1,9769.0,3708.9412,6290.6675,0.0
532,2015-04-08,11142.0,1300.0,1.0,0.0,0,1.0,3.0,0.9785565,-0.20597862,0.8660254,-0.5,2,0,0,1,13555.0,1,0.0,1,13014.0,1,13242.0,1,9847.0,1,11319.0,1,0.0,1,0.0,7647.3647,7904.9634,13555.0
532,2015-04-09,9760.0,1209.0,1.0,0.0,0,1.0,4.0,0.9785565,-0.20597862,0.8660254,-0.5,2,0,0,1,11142.0,1,13555.0,1,0.0,1,14600.0,1,11965.0,1,9197.0,1,14264.0,1,2517.0,9045.219,8624.305,-2413.0
532,2015-04-10,9068.0,1126.0,1.0,0.0,0,1.0,5.0,0.9785565,-0.20597862,0.8660254,-0.5,2,0,0,1,9760.0,1,11142.0,1,0.0,1,16479.0,1,0.0,1,9274.0,1,11749.0,1,13692.0,9331.131,8876.682,-1382.0
532,2015-04-11,11975.0,1393.0,1.0,0.0,0,0.0,6.0,0.9785565,-0.20597862,0.8660254,-0.5,2,0,0,1,9068.0,1,9760.0,1,13555.0,1,0.0,1,15546.0,1,9474.0,1,11135.0,1,12205.0,9225.879,8919.197,-692.0
532,2015-04-12,0.0,0.0,0.0,0.0,0,0.0,7.0,0.9785565,-0.20597862,0.8660254,-0.5,2,0,0,1,11975.0,1,9068.0,1,11142.0,1,13014.0,1,13242.0,1,9847.0,1,10737.0,1,12096.0,10325.527,9598.265,2907.0
532,2015-04-13,15389.0,1667.0,1.0,1.0,0,0.0,1.0,0.94732636,-0.32026985,0.8660254,-0.5,2,0,0,1,0.0,1,11975.0,1,9760.0,1,0.0,1,14600.0,1,11965.0,1,11378.0,1,11761.0,6195.3164,7465.3164,-11975.0
532,2015-04-14,11814.0,1399.0,1.0,1.0,0,0.0,2.0,0.94732636,-0.32026985,0.8660254,-0.5,2,0,0,1,15389.0,1,0.0,1,9068.0,1,0.0,1,16479.0,1,0.0,1,11069.0,1,12014.0,9872.79,9226.135,15389.0
532,2015-04-15,11315.0,1246.0,1.0,1.0,0,0.0,3.0,0.94732636,-0.32026985,0.8660254,-0.5,2,0,0,1,11814.0,1,15389.0,1,11975.0,1,13555.0,1,0.0,1,15546.0,1,0.0,1,0.0,10649.273,9801.216,-3575.0
532,2015-04-16,11818.0,1337.0,1.0,1.0,0,0.0,4.0,0.94732636,-0.32026985,0.8660254,-0.5,2,0,0,1,11315.0,1,11814.0,1,0.0,1,11142.0,1,13014.0,1,13242.0,1,11319.0,1,10978.0,10915.564,10137.612,-499.0
532,2015-04-17,11830.0,1389.0,1.0,1.0,0,0.0,5.0,0.94732636,-0.32026985,0.8660254,-0.5,2,0,0,1,11818.0,1,11315.0,1,15389.0,1,9760.0,1,0.0,1,14600.0,1,9197.0,1,10530.0,11276.539,10511.032,503.0
532,2015-04-18,11176.0,1241.0,1.0,0.0,0,0.0,6.0,0.94732636,-0.32026985,0.8660254,-0.5,2,0,0,1,11830.0,1,11818.0,1,11814.0,1,9068.0,1,0.0,1,16479.0,1,9274.0,1,10428.0,11497.923,10804.136,12.0
532,2015-04-19,0.0,0.0,0.0,0.0,0,0.0,7.0,0.94732636,-0.32026985,0.8660254,-0.5,2,0,0,1,11176.0,1,11830.0,1,11315.0,1,11975.0,1,13555.0,1,0.0,1,9474.0,1,10245.0,11369.154,10886.772,-654.0
532,2015-04-20,11313.0,1374.0,1.0,0.0,0,0.0,1.0,0.9027978,-0.4300652,0.8660254,-0.5,2,0,0,1,0.0,1,11176.0,1,11818.0,1,0.0,1,11142.0,1,13014.0,1,9847.0,1,11201.0,6821.492,8467.489,-11176.0
532,2015-04-21,9422.0,1194.0,1.0,0.0,0,0.0,2.0,0.9027978,-0.4300652,0.8660254,-0.5,2,0,0,1,11313.0,1,0.0,1,11830.0,1,15389.0,1,9760.0,1,0.0,1,11965.0,1,13362.0,8618.096,9099.825,11313.0
532,2015-04-22,9313.0,1201.0,1.0,0.0,0,0.0,3.0,0.9027978,-0.4300652,0.8660254,-0.5,2,0,0,1,9422.0,1,11313.0,1,11176.0,1,11814.0,1,9068.0,1,0.0,1,0.0,1,0.0,8939.657,9171.42,-1891.0
532,2015-04-23,9994.0,1204.0,1.0,0.0,0,0.0,4.0,0.9027978,-0.4300652,0.8660254,-0.5,2,0,0,1,9313.0,1,9422.0,1,0.0,1,11315.0,1,11975.0,1,13555.0,1,15546.0,1,15213.0,9088.994,9202.882,-109.0
532,2015-04-24,9323.0,1198.0,1.0,0.0,0,0.0,5.0,0.9027978,-0.4300652,0.8660254,-0.5,2,0,0,1,9994.0,1,9313.0,1,11313.0,1,11818.0,1,0.0,1,11142.0,1,13242.0,1,12388.0,9450.997,9378.686,681.0
532,2015-04-25,10991.0,1307.0,1.0,0.0,0,0.0,6.0,0.9027978,-0.4300652,0.8660254,-0.5,2,0,0,1,9323.0,1,9994.0,1,9422.0,1,11830.0,1,15389.0,1,9760.0,1,14600.0,1,12409.0,9399.798,9366.312,-671.0
532,2015-04-26,0.0,0.0,0.0,0.0,0,0.0,7.0,0.9027978,-0.4300652,0.8660254,-0.5,2,0,0,1,10991.0,1,9323.0,1,9313.0,1,11176.0,1,11814.0,1,9068.0,1,16479.0,1,11404.0,10036.278,9727.354,1668.0
532,2015-04-27,14757.0,1609.0,1.0,1.0,0,0.0,1.0,0.845596,-0.5338234,0.8660254,-0.5,2,0,0,1,0.0,1,10991.0,1,9994.0,1,0.0,1,11315.0,1,11975.0,1,0.0,1,12130.0,6021.767,7565.719,-10991.0
532,2015-04-28,12714.0,1428.0,1.0,1.0,0,0.0,2.0,0.845596,-0.5338234,0.8660254,-0.5,2,0,0,1,14757.0,1,0.0,1,9323.0,1,11313.0,1,11818.0,1,0.0,1,13014.0,1,10860.0,9515.86,9163.781,14757.0
532,2015-04-29,13049.0,1457.0,1.0,1.0,0,0.0,3.0,0.845596,-0.5338234,0.8660254,-0.5,2,0,0,1,12714.0,1,14757.0,1,10991.0,1,9422.0,1,11830.0,1,15389.0,1,0.0,1,0.0,10795.116,9952.719,-2043.0
532,2015-04-30,15651.0,1725.0,1.0,1.0,0,0.0,4.0,0.845596,-0.5338234,0.8660254,-0.5,2,0,1,1,13049.0,1,12714.0,1,0.0,1,9313.0,1,11176.0,1,11814.0,1,0.0,1,11408.0,11696.67,10640.781,335.0
532,2015-05-01,0.0,0.0,0.0,1.0,1,0.0,5.0,0.845596,-0.5338234,0.5,-0.8660254,2,1,0,1,15651.0,1,13049.0,1,14757.0,1,9994.0,1,0.0,1,11315.0,1,13555.0,1,9937.0,13278.401,11754.163,2602.0
532,2015-05-02,14269.0,1523.0,1.0,0.0,0,0.0,6.0,0.845596,-0.5338234,0.5,-0.8660254,2,0,0,1,0.0,1,15651.0,1,12714.0,1,9323.0,1,11313.0,1,11818.0,1,11142.0,1,10114.0,7967.041,9142.127,-15651.0
532,2015-05-03,0.0,0.0,0.0,0.0,0,0.0,7.0,0.845596,-0.5338234,0.5,-0.8660254,2,0,0,1,14269.0,1,0.0,1,13049.0,1,10991.0,1,9422.0,1,11830.0,1,9760.0,1,9943.0,10487.824,10281.433,14269.0
532,2015-05-04,13713.0,1547.0,1.0,1.0,0,0.0,1.0,0.7765239,-0.63008785,0.5,-0.8660254,2,0,0,1,0.0,1,14269.0,1,15651.0,1,0.0,1,9313.0,1,11176.0,1,9068.0,1,10407.0,6292.695,7996.6694,-14269.0
532,2015-05-05,11940.0,1461.0,1.0,1.0,0,0.0,2.0,0.7765239,-0.63008785,0.5,-0.8660254,2,0,0,1,13713.0,1,0.0,1,0.0,1,14757.0,1,9994.0,1,0.0,1,11975.0,1,11536.0,9260.816,9266.965,13713.0
532,2015-05-06,12075.0,1413.0,1.0,1.0,0,0.0,3.0,0.7765239,-0.63008785,0.5,-0.8660254,2,0,0,1,11940.0,1,13713.0,1,14269.0,1,12714.0,1,9323.0,1,11313.0,1,0.0,1,0.0,10332.49,9860.973,-1773.0
532,2015-05-07,11540.0,1311.0,1.0,1.0,0,0.0,4.0,0.7765239,-0.63008785,0.5,-0.8660254,2,0,0,1,12075.0,1,11940.0,1,0.0,1,13049.0,1,10991.0,1,9422.0,1,15389.0,1,14264.0,11029.494,10352.979,135.0
532,2015-05-08,11405.0,1333.0,1.0,1.0,0,0.0,5.0,0.7765239,-0.63008785,0.5,-0.8660254,2,0,0,1,11540.0,1,12075.0,1,13713.0,1,15651.0,1,0.0,1,9313.0,1,11814.0,1,11749.0,11233.696,10616.762,-535.0
532,2015-05-09,12616.0,1356.0,1.0,0.0,0,0.0,6.0,0.7765239,-0.63008785,0.5,-0.8660254,2,0,0,1,11405.0,1,11540.0,1,11940.0,1,0.0,1,14757.0,1,9994.0,1,11315.0,1,11135.0,11302.218,10791.926,-135.0
532,2015-05-10,0.0,0.0,0.0,0.0,0,0.0,7.0,0.7765239,-0.63008785,0.5,-0.8660254,2,0,0,1,12616.0,1,11405.0,1,12075.0,1,14269.0,1,12714.0,1,9323.0,1,11818.0,1,10737.0,11827.73,11197.275,1211.0
532,2015-05-11,10430.0,1341.0,1.0,0.0,0,0.0,1.0,0.696551,-0.71750724,0.5,-0.8660254,2,0,0,1,0.0,1,12616.0,1,11540.0,1,0.0,1,13049.0,1,10991.0,1,11830.0,1,11378.0,7096.6387,8708.992,-12616.0
532,2015-05-12,10981.0,1348.0,1.0,0.0,0,0.0,2.0,0.696551,-0.71750724,0.5,-0.8660254,2,0,0,1,10430.0,1,0.0,1,11405.0,1,13713.0,1,15651.0,1,0.0,1,11176.0,1,11069.0,8429.983,9091.438,10430.0
532,2015-05-13,12150.0,1426.0,1.0,0.0,0,0.0,3.0,0.696551,-0.71750724,0.5,-0.8660254,2,0,0,1,10981.0,1,10430.0,1,12616.0,1,11940.0,1,0.0,1,14757.0,1,0.0,1,0.0,9450.39,9511.341,551.0
532,2015-05-14,0.0,0.0,0.0,0.0,1,0.0,4.0,0.696551,-0.71750724,0.5,-0.8660254,2,0,0,1,12150.0,1,10981.0,1,0.0,1,12075.0,1,14269.0,1,12714.0,1,11313.0,1,11319.0,10530.234,10097.71,1169.0
532,2015-05-15,13224.0,1466.0,1.0,0.0,0,0.0,5.0,0.696551,-0.71750724,0.5,-0.8660254,2,0,0,1,0.0,1,12150.0,1,10430.0,1,11540.0,1,0.0,1,13049.0,1,9422.0,1,9197.0,6318.14,7853.774,-12150.0
532,2015-05-16,11563.0,1270.0,1.0,0.0,0,0.0,6.0,0.696551,-0.71750724,0.5,-0.8660254,2,0,0,1,13224.0,1,0.0,1,10981.0,1,11405.0,1,13713.0,1,15651.0,1,9313.0,1,9274.0,9080.484,9047.157,13224.0
532,2015-05-17,0.0,0.0,0.0,0.0,0,0.0,7.0,0.696551,-0.71750724,0.5,-0.8660254,2,0,0,1,11563.0,1,13224.0,1,12150.0,1,12616.0,1,11940.0,1,0.0,1,9994.0,1,9474.0,10073.49,9606.233,-1661.0
532,2015-05-18,13239.0,1493.0,1.0,1.0,0,0.0,1.0,0.60680014,-0.79485446,0.5,-0.8660254,2,0,0,1,0.0,1,11563.0,1,0.0,1,0.0,1,12075.0,1,14269.0,1,9323.0,1,9847.0,6044.094,7471.515,-11563.0
532,2015-05-19,11138.0,1338.0,1.0,1.0,0,0.0,2.0,0.60680014,-0.79485446,0.5,-0.8660254,2,0,0,1,13239.0,1,0.0,1,13224.0,1,10430.0,1,11540.0,1,0.0,1,10991.0,1,11965.0,8922.057,8753.179,13239.0
532,2015-05-20,12586.0,1370.0,1.0,1.0,0,0.0,3.0,0.60680014,-0.79485446,0.5,-0.8660254,2,0,0,1,11138.0,1,13239.0,1,11563.0,1,10981.0,1,11405.0,1,13713.0,1,0.0,1,0.0,9808.434,9283.139,-2101.0
532,2015-05-21,11577.0,1341.0,1.0,1.0,0,0.0,4.0,0.60680014,-0.79485446,0.5,-0.8660254,2,0,0,1,12586.0,1,11138.0,1,0.0,1,12150.0,1,12616.0,1,11940.0,1,14757.0,1,15546.0,10919.46,10017.108,1448.0
532,2015-05-22,11613.0,1320.0,1.0,1.0,0,0.0,5.0,0.60680014,-0.79485446,0.5,-0.8660254,2,0,0,1,11577.0,1,12586.0,1,13239.0,1,0.0,1,0.0,1,12075.0,1,12714.0,1,13242.0,11182.477,10363.751,-1009.0
532,2015-05-23,12240.0,1335.0,1.0,0.0,0,0.0,6.0,0.60680014,-0.79485446,0.5,-0.8660254,2,0,0,1,11613.0,1,11577.0,1,11138.0,1,13224.0,1,10430.0,1,11540.0,1,13049.0,1,14600.0,11354.686,10641.361,36.0
532,2015-05-24,0.0,0.0,0.0,0.0,0,0.0,7.0,0.60680014,-0.79485446,0.5,-0.8660254,2,0,0,1,12240.0,1,11613.0,1,12586.0,1,11563.0,1,10981.0,1,11405.0,1,15651.0,1,16479.0,11708.812,10996.614,627.0
532,2015-05-25,0.0,0.0,0.0,0.0,1,0.0,1.0,0.5085311,-0.86104363,0.5,-0.8660254,2,0,0,1,0.0,1,12240.0,1,11577.0,1,0.0,1,12150.0,1,12616.0,1,0.0,1,0.0,7025.2866,8552.923,-12240.0
532,2015-05-26,12474.0,1424.0,1.0,0.0,0,1.0,2.0,0.5085311,-0.86104363,0.5,-0.8660254,2,0,0,1,0.0,1,0.0,1,11613.0,1,13239.0,1,0.0,1,0.0,1,14269.0,1,13014.0,4215.172,6652.273,0.0
532,2015-05-27,10734.0,1264.0,1.0,0.0,0,0.0,3.0,0.5085311,-0.86104363,0.5,-0.8660254,2,0,0,1,12474.0,1,0.0,1,12240.0,1,11138.0,1,13224.0,1,10430.0,1,0.0,1,0.0,7518.703,7945.99,12474.0
532,2015-05-28,10740.0,1231.0,1.0,0.0,0,0.0,4.0,0.5085311,-0.86104363,0.5,-0.8660254,2,0,0,1,10734.0,1,12474.0,1,0.0,1,12586.0,1,11563.0,1,10981.0,1,13713.0,1,0.0,8804.822,8565.548,-1740.0
532,2015-05-29,10432.0,1191.0,1.0,0.0,0,0.0,5.0,0.5085311,-0.86104363,0.5,-0.8660254,2,0,0,1,10740.0,1,10734.0,1,0.0,1,11577.0,1,0.0,1,12150.0,1,11940.0,1,13555.0,9578.894,9048.76,6.0
532,2015-05-30,12565.0,1354.0,1.0,0.0,0,0.0,6.0,0.5085311,-0.86104363,0.5,-0.8660254,2,0,0,1,10432.0,1,10740.0,1,12474.0,1,11613.0,1,13239.0,1,0.0,1,12075.0,1,11142.0,9920.136,9356.146,-308.0
532,2015-05-31,0.0,0.0,0.0,0.0,0,0.0,7.0,0.5085311,-0.86104363,0.5,-0.8660254,2,0,1,1,12565.0,1,10432.0,1,10734.0,1,12240.0,1,11138.0,1,13224.0,1,11540.0,1,9760.0,10978.082,10069.225,2133.0
532,2015-06-01,15211.0,1630.0,1.0,1.0,0,0.0,1.0,0.40312344,-0.91514564,1.2246469e-16,-1.0,2,1,0,1,0.0,1,12565.0,1,10740.0,1,0.0,1,12586.0,1,11563.0,1,11405.0,1,9068.0,6586.849,7831.619,-12565.0
532,2015-06-02,13376.0,1466.0,1.0,1.0,0,0.0,2.0,0.40312344,-0.91514564,1.2246469e-16,-1.0,2,0,0,1,15211.0,1,0.0,1,10432.0,1,0.0,1,11577.0,1,0.0,1,12616.0,1,11975.0,10036.51,9471.481,15211.0
532,2015-06-03,14162.0,1624.0,1.0,1.0,0,0.0,3.0,0.40312344,-0.91514564,1.2246469e-16,-1.0,2,0,0,1,13376.0,1,15211.0,1,12565.0,1,12474.0,1,11613.0,1,13239.0,1,0.0,1,0.0,11372.306,10339.152,-1835.0
532,2015-06-04,0.0,0.0,0.0,1.0,1,0.0,4.0,0.40312344,-0.91514564,1.2246469e-16,-1.0,2,0,0,1,14162.0,1,13376.0,1,0.0,1,10734.0,1,12240.0,1,11138.0,1,10430.0,1,15389.0,12488.184,11188.674,786.0
532,2015-06-05,13397.0,1462.0,1.0,1.0,0,0.0,5.0,0.40312344,-0.91514564,1.2246469e-16,-1.0,2,0,0,1,0.0,1,14162.0,1,15211.0,1,10740.0,1,0.0,1,12586.0,1,10981.0,1,11814.0,7492.91,8702.302,-14162.0
532,2015-06-06,11405.0,1252.0,1.0,0.0,0,0.0,6.0,0.40312344,-0.91514564,1.2246469e-16,-1.0,2,0,0,1,13397.0,1,0.0,1,13376.0,1,10432.0,1,0.0,1,11577.0,1,12150.0,1,11315.0,9854.546,9745.568,13397.0
532,2015-06-07,0.0,0.0,0.0,0.0,0,0.0,7.0,0.40312344,-0.91514564,1.2246469e-16,-1.0,2,0,0,1,11405.0,1,13397.0,1,14162.0,1,12565.0,1,12474.0,1,11613.0,1,0.0,1,11818.0,10474.728,10114.331,-1992.0
532,2015-06-08,12034.0,1397.0,1.0,0.0,0,0.0,1.0,0.29205677,-0.956401,1.2246469e-16,-1.0,2,0,0,1,0.0,1,11405.0,1,0.0,1,0.0,1,10734.0,1,12240.0,1,13224.0,1,11830.0,6284.8364,7866.7017,-11405.0
532,2015-06-09,10403.0,1305.0,1.0,0.0,0,0.0,2.0,0.29205677,-0.956401,1.2246469e-16,-1.0,2,0,0,1,12034.0,1,0.0,1,13397.0,1,15211.0,1,10740.0,1,0.0,1,11563.0,1,11176.0,8584.502,8792.769,12034.0
532,2015-06-10,9399.0,1182.0,1.0,0.0,0,0.0,3.0,0.29205677,-0.956401,1.2246469e-16,-1.0,2,0,0,1,10403.0,1,12034.0,1,11405.0,1,13376.0,1,10432.0,1,0.0,1,0.0,1,0.0,9311.901,9150.598,-1631.0
532,2015-06-11,9749.0,1183.0,1.0,0.0,0,0.0,4.0,0.29205677,-0.956401,1.2246469e-16,-1.0,2,0,0,1,9399.0,1,10403.0,1,0.0,1,14162.0,1,12565.0,1,12474.0,1,13239.0,1,11313.0,9346.74,9205.798,-1004.0
532,2015-06-12,9053.0,1122.0,1.0,0.0,0,0.0,5.0,0.29205677,-0.956401,1.2246469e-16,-1.0,2,0,0,1,9749.0,1,9399.0,1,12034.0,1,0.0,1,0.0,1,10734.0,1,11138.0,1,9422.0,9507.645,9326.51,350.0
532,2015-06-13,10809.0,1204.0,1.0,0.0,0,0.0,6.0,0.29205677,-0.956401,1.2246469e-16,-1.0,2,0,0,1,9053.0,1,9749.0,1,10403.0,1,13397.0,1,15211.0,1,10740.0,1,12586.0,1,9313.0,9325.787,9265.7295,-696.0
532,2015-06-14,0.0,0.0,0.0,0.0,0,0.0,7.0,0.29205677,-0.956401,1.2246469e-16,-1.0,2,0,0,1,10809.0,1,9053.0,1,9399.0,1,11405.0,1,13376.0,1,10432.0,1,11577.0,1,9994.0,9919.072,9608.679,1756.0
532,2015-06-15,14145.0,1574.0,1.0,1.0,0,0.0,1.0,0.17689027,-0.9842306,1.2246469e-16,-1.0,2,0,0,1,0.0,1,10809.0,1,9749.0,1,0.0,1,14162.0,1,12565.0,1,11613.0,1,9323.0,5951.4434,7473.4165,-10809.0
532,2015-06-16,13607.0,1444.0,1.0,1.0,0,0.0,2.0,0.17689027,-0.9842306,1.2246469e-16,-1.0,2,0,0,1,14145.0,1,0.0,1,9053.0,1,12034.0,1,0.0,1,0.0,1,12240.0,1,10991.0,9228.866,8955.991,14145.0
532,2015-06-17,11310.0,1298.0,1.0,1.0,0,0.0,3.0,0.17689027,-0.9842306,1.2246469e-16,-1.0,2,0,0,1,13607.0,1,14145.0,1,10809.0,1,10403.0,1,13397.0,1,15211.0,1,0.0,1,0.0,10980.119,9989.549,-538.0
532,2015-06-18,11221.0,1267.0,1.0,1.0,0,0.0,4.0,0.17689027,-0.9842306,1.2246469e-16,-1.0,2,0,0,1,11310.0,1,13607.0,1,0.0,1,9399.0,1,11405.0,1,13376.0,1,0.0,1,14757.0,11112.071,10282.982,-2297.0
532,2015-06-19,10854.0,1266.0,1.0,1.0,0,0.0,5.0,0.17689027,-0.9842306,1.2246469e-16,-1.0,2,0,0,1,11221.0,1,11310.0,1,14145.0,1,9749.0,1,0.0,1,14162.0,1,12474.0,1,12714.0,11155.643,10491.431,-89.0
532,2015-06-20,11339.0,1224.0,1.0,0.0,0,0.0,6.0,0.17689027,-0.9842306,1.2246469e-16,-1.0,2,0,0,1,10854.0,1,11221.0,1,13607.0,1,9053.0,1,12034.0,1,0.0,1,10734.0,1,13049.0,11034.985,10572.002,-367.0
532,2015-06-21,0.0,0.0,0.0,0.0,0,0.0,7.0,0.17689027,-0.9842306,1.2246469e-16,-1.0,2,0,0,1,11339.0,1,10854.0,1,11310.0,1,10809.0,1,10403.0,1,13397.0,1,10740.0,1,15651.0,11156.592,10742.445,485.0
532,2015-06-22,10684.0,1295.0,1.0,0.0,0,0.0,1.0,0.059240628,-0.99824375,1.2246469e-16,-1.0,2,0,0,1,0.0,1,11339.0,1,11221.0,1,0.0,1,9399.0,1,11405.0,1,10432.0,1,0.0,6693.955,8355.235,-11339.0
532,2015-06-23,10590.0,1292.0,1.0,0.0,0,0.0,2.0,0.059240628,-0.99824375,1.2246469e-16,-1.0,2,0,0,1,10684.0,1,0.0,1,10854.0,1,14145.0,1,9749.0,1,0.0,1,12565.0,1,14269.0,8289.973,8872.738,10684.0
532,2015-06-24,10444.0,1184.0,1.0,0.0,0,0.0,3.0,0.059240628,-0.99824375,1.2246469e-16,-1.0,2,0,0,1,10590.0,1,10684.0,1,11339.0,1,13607.0,1,9053.0,1,12034.0,1,0.0,1,0.0,9209.983,9254.353,-94.0
532,2015-06-25,9337.0,1118.0,1.0,0.0,0,0.0,4.0,0.059240628,-0.99824375,1.2246469e-16,-1.0,2,0,0,1,10444.0,1,10590.0,1,0.0,1,11310.0,1,10809.0,1,10403.0,1,15211.0,1,13713.0,9703.59,9518.719,-146.0
532,2015-06-26,9794.0,1116.0,1.0,0.0,0,0.0,5.0,0.059240628,-0.99824375,1.2246469e-16,-1.0,2,0,0,1,9337.0,1,10444.0,1,10684.0,1,11221.0,1,0.0,1,9399.0,1,13376.0,1,11940.0,9556.954,9478.337,-1107.0
532,2015-06-27,10916.0,1209.0,1.0,0.0,0,0.0,6.0,0.059240628,-0.99824375,1.2246469e-16,-1.0,2,0,0,1,9794.0,1,9337.0,1,10590.0,1,10854.0,1,14145.0,1,9749.0,1,14162.0,1,12075.0,9651.772,9548.484,457.0
532,2015-06-28,0.0,0.0,0.0,0.0,0,0.0,7.0,0.059240628,-0.99824375,1.2246469e-16,-1.0,2,0,0,1,10916.0,1,9794.0,1,10444.0,1,11339.0,1,13607.0,1,9053.0,1,0.0,1,11540.0,10157.464,9852.376,1122.0
532,2015-06-29,15830.0,1542.0,1.0,1.0,0,1.0,1.0,-0.059240628,-0.99824375,1.2246469e-16,-1.0,2,0,0,1,0.0,1,10916.0,1,9337.0,1,0.0,1,11310.0,1,10809.0,1,13397.0,1,11405.0,6094.478,7662.9595,-10916.0
532,2015-06-30,13324.0,1454.0,1.0,1.0,0,1.0,2.0,-0.059240628,-0.99824375,1.2246469e-16,-1.0,2,0,1,1,15830.0,1,0.0,1,9794.0,1,10684.0,1,11221.0,1,0.0,1,11405.0,1,12616.0,9988.687,9477.857,15830.0
532,2015-07-01,12554.0,1357.0,1.0,1.0,0,1.0,3.0,-0.059240628,-0.99824375,-0.5,-0.8660254,3,1,0,1,13324.0,1,15830.0,1,10916.0,1,10590.0,1,10854.0,1,14145.0,1,0.0,1,0.0,11322.8125,10332.556,-2506.0
532,2015-07-02,11924.0,1257.0,1.0,1.0,0,1.0,4.0,-0.059240628,-0.99824375,-0.5,-0.8660254,3,0,0,1,12554.0,1,13324.0,1,0.0,1,10444.0,1,11339.0,1,13607.0,1,12034.0,1,10430.0,11815.287,10826.21,-770.0
532,2015-07-03,12618.0,1341.0,1.0,1.0,0,1.0,5.0,-0.059240628,-0.99824375,-0.5,-0.8660254,3,0,0,1,11924.0,1,12554.0,1,15830.0,1,9337.0,1,0.0,1,11310.0,1,10403.0,1,10981.0,11858.772,11070.163,-630.0
532,2015-07-04,10048.0,1178.0,1.0,0.0,0,0.0,6.0,-0.059240628,-0.99824375,-0.5,-0.8660254,3,0,0,1,12618.0,1,11924.0,1,13324.0,1,9794.0,1,10684.0,1,11221.0,1,9399.0,1,12150.0,12162.464,11414.127,694.0
532,2015-07-05,0.0,0.0,0.0,0.0,0,0.0,7.0,-0.059240628,-0.99824375,-0.5,-0.8660254,3,0,0,1,10048.0,1,12618.0,1,12554.0,1,10916.0,1,10590.0,1,10854.0,1,9749.0,1,0.0,11316.678,11110.543,-2570.0
532,2015-07-06,11986.0,1375.0,1.0,0.0,0,1.0,1.0,-0.17689027,-0.9842306,-0.5,-0.8660254,3,0,0,1,0.0,1,10048.0,1,11924.0,1,0.0,1,10444.0,1,11339.0,1,9053.0,1,13224.0,6790.007,8641.533,-10048.0
532,2015-07-07,9934.0,1192.0,1.0,0.0,0,1.0,2.0,-0.17689027,-0.9842306,-0.5,-0.8660254,3,0,0,1,11986.0,1,0.0,1,12618.0,1,15830.0,1,9337.0,1,0.0,1,10809.0,1,11563.0,8868.404,9384.748,11986.0
532,2015-07-08,10190.0,1209.0,1.0,0.0,0,1.0,3.0,-0.17689027,-0.9842306,-0.5,-0.8660254,3,0,0,1,9934.0,1,11986.0,1,10048.0,1,13324.0,1,9794.0,1,10684.0,1,0.0,1,0.0,9294.643,9506.805,-2052.0
532,2015-07-09,9609.0,1172.0,1.0,0.0,0,1.0,4.0,-0.17689027,-0.9842306,-0.5,-0.8660254,3,0,0,1,10190.0,1,9934.0,1,0.0,1,12554.0,1,10916.0,1,10590.0,1,14145.0,1,13239.0,9652.785,9658.626,256.0
532,2015-07-10,9357.0,1101.0,1.0,0.0,0,1.0,5.0,-0.17689027,-0.9842306,-0.5,-0.8660254,3,0,0,1,9609.0,1,10190.0,1,11986.0,1,11924.0,1,0.0,1,10444.0,1,13607.0,1,11138.0,9635.271,9647.598,-581.0
532,2015-07-11,9596.0,1110.0,1.0,0.0,0,0.0,6.0,-0.17689027,-0.9842306,-0.5,-0.8660254,3,0,0,1,9357.0,1,9609.0,1,9934.0,1,12618.0,1,15830.0,1,9337.0,1,11310.0,1,12586.0,9523.963,9583.0205,-252.0
532,2015-07-12,0.0,0.0,0.0,0.0,0,0.0,7.0,-0.17689027,-0.9842306,-0.5,-0.8660254,3,0,0,1,9596.0,1,9357.0,1,10190.0,1,10048.0,1,13324.0,1,9794.0,1,11221.0,1,11577.0,9552.777,9585.904,239.0
532,2015-07-13,12946.0,1434.0,1.0,1.0,0,1.0,1.0,-0.29205677,-0.956401,-0.5,-0.8660254,3,0,0,1,0.0,1,9596.0,1,9609.0,1,0.0,1,12554.0,1,10916.0,1,10854.0,1,11613.0,5731.6665,7455.7036,-9596.0
532,2015-07-14,11738.0,1336.0,1.0,1.0,0,1.0,2.0,-0.29205677,-0.956401,-0.5,-0.8660254,3,0,0,1,12946.0,1,0.0,1,9357.0,1,11986.0,1,11924.0,1,0.0,1,11339.0,1,12240.0,8617.4,8675.77,12946.0
532,2015-07-15,10299.0,1243.0,1.0,1.0,0,1.0,3.0,-0.29205677,-0.956401,-0.5,-0.8660254,3,0,0,1,11738.0,1,12946.0,1,9596.0,1,9934.0,1,12618.0,1,15830.0,1,0.0,1,0.0,9865.64,9356.266,-1208.0
532,2015-07-16,10216.0,1169.0,1.0,1.0,0,1.0,4.0,-0.29205677,-0.956401,-0.5,-0.8660254,3,0,0,1,10299.0,1,11738.0,1,0.0,1,10190.0,1,10048.0,1,13324.0,1,10684.0,1,0.0,10038.984,9565.762,-1439.0
532,2015-07-17,9837.0,1152.0,1.0,1.0,0,1.0,5.0,-0.29205677,-0.956401,-0.5,-0.8660254,3,0,0,1,10216.0,1,10299.0,1,12946.0,1,9609.0,1,0.0,1,12554.0,1,10590.0,1,12474.0,10109.79,9710.259,-83.0
532,2015-07-18,10102.0,1127.0,1.0,0.0,0,0.0,6.0,-0.29205677,-0.956401,-0.5,-0.8660254,3,0,0,1,9837.0,1,10216.0,1,11738.0,1,9357.0,1,11986.0,1,11924.0,1,10444.0,1,10734.0,10000.674,9738.424,-379.0
532,2015-07-19,0.0,0.0,0.0,0.0,0,0.0,7.0,-0.29205677,-0.956401,-0.5,-0.8660254,3,0,0,1,10102.0,1,9837.0,1,10299.0,1,9596.0,1,9934.0,1,12618.0,1,9337.0,1,10740.0,10041.204,9819.219,265.0
532,2015-07-20,10097.0,1253.0,1.0,0.0,0,1.0,1.0,-0.40312344,-0.91514564,-0.5,-0.8660254,3,0,0,1,0.0,1,10102.0,1,10216.0,1,0.0,1,10190.0,1,10048.0,1,9794.0,1,10432.0,6024.7227,7637.17,-10102.0
532,2015-07-21,9885.0,1205.0,1.0,0.0,0,1.0,2.0,-0.40312344,-0.91514564,-0.5,-0.8660254,3,0,0,1,10097.0,1,0.0,1,9837.0,1,12946.0,1,9609.0,1,0.0,1,10916.0,1,12565.0,7653.634,8183.799,10097.0
532,2015-07-22,9098.0,1108.0,1.0,0.0,0,1.0,3.0,-0.40312344,-0.91514564,-0.5,-0.8660254,3,0,0,1,9885.0,1,10097.0,1,10102.0,1,11738.0,1,9357.0,1,11986.0,1,0.0,1,0.0,8546.181,8561.844,-212.0
532,2015-07-23,9013.0,1038.0,1.0,0.0,0,1.0,4.0,-0.40312344,-0.91514564,-0.5,-0.8660254,3,0,0,1,9098.0,1,9885.0,1,0.0,1,10299.0,1,9596.0,1,9934.0,1,15830.0,1,15211.0,8766.908,8680.989,-787.0
532,2015-07-24,9017.0,1060.0,1.0,0.0,0,1.0,5.0,-0.40312344,-0.91514564,-0.5,-0.8660254,3,0,0,1,9013.0,1,9098.0,1,10097.0,1,10216.0,1,0.0,1,10190.0,1,13324.0,1,13376.0,8865.345,8754.77,-85.0
532,2015-07-25,9760.0,1107.0,1.0,0.0,0,0.0,6.0,-0.40312344,-0.91514564,-0.5,-0.8660254,3,0,0,1,9017.0,1,9013.0,1,9885.0,1,9837.0,1,12946.0,1,9609.0,1,12554.0,1,14162.0,8926.007,8813.043,4.0
532,2015-07-26,0.0,0.0,0.0,0.0,0,0.0,7.0,-0.40312344,-0.91514564,-0.5,-0.8660254,3,0,0,1,9760.0,1,9017.0,1,9098.0,1,10102.0,1,11738.0,1,9357.0,1,11924.0,1,0.0,9259.6045,9023.478,743.0
532,2015-07-27,12515.0,1419.0,1.0,1.0,0,1.0,1.0,-0.5085311,-0.86104363,-0.5,-0.8660254,3,0,0,1,0.0,1,9760.0,1,9013.0,1,0.0,1,10299.0,1,9596.0,1,12618.0,1,13397.0,5555.7627,7018.2607,-9760.0
532,2015-07-28,10848.0,1260.0,1.0,1.0,0,1.0,2.0,-0.5085311,-0.86104363,-0.5,-0.8660254,3,0,0,1,12515.0,1,0.0,1,9017.0,1,10097.0,1,10216.0,1,0.0,1,10048.0,1,11405.0,8339.457,8239.758,12515.0
532,2015-07-29,10771.0,1202.0,1.0,1.0,0,1.0,3.0,-0.5085311,-0.86104363,-0.5,-0.8660254,3,0,0,1,10848.0,1,12515.0,1,9760.0,1,9885.0,1,9837.0,1,12946.0,1,0.0,1,0.0,9342.874,8819.367,-1667.0
532,2015-07-30,11119.0,1217.0,1.0,1.0,0,1.0,4.0,-0.5085311,-0.86104363,-0.5,-0.8660254,3,0,0,1,10771.0,1,10848.0,1,0.0,1,9098.0,1,10102.0,1,11738.0,1,11986.0,1,12034.0,9914.125,9253.063,-77.0
532,2015-07-31,10981.0,1236.0,1.0,1.0,0,1.0,5.0,-0.5085311,-0.86104363,-0.5,-0.8660254,3,0,1,1,11119.0,1,10771.0,1,12515.0,1,9013.0,1,0.0,1,10299.0,1,9934.0,1,10403.0,10396.075,9667.716,348.0
