id,timestamp,target,Customers,Open,Promo,StateHoliday,SchoolHoliday,DayOfWeek,week_sin,week_cos,month_sin,month_cos,quarter,is_month_start,is_month_end,lag_1_known,lag_1,lag_2_known,lag_2,lag_4_known,lag_4,lag_8_known,lag_8,lag_12_known,lag_12,lag_16_known,lag_16,lag_24_known,lag_24,lag_52_known,lag_52,ema_4,ema_8,chg_1
481,2013-01-01,0.0,0.0,0.0,0.0,1,1.0,2.0,0.11827317,0.9929811,0.5,0.8660254,1,1,0,0,0.0,0,0.0,0,0.0,0,0.0,0,0.0,0,0.0,0,0.0,0,0.0,0.0,0.0,0.0
481,2013-01-02,3559.0,382.0,1.0,0.0,0,1.0,3.0,0.11827317,0.9929811,0.5,0.8660254,1,0,0,1,0.0,0,0.0,0,0.0,0,0.0,0,0.0,0,0.0,0,0.0,0,0.0,0.0,0.0,0.0
481,2013-01-03,3387.0,333.0,1.0,0.0,0,1.0,4.0,0.11827317,0.9929811,0.5,0.8660254,1,0,0,1,3559.0,1,0.0,0,0.0,0,0.0,0,0.0,0,0.0,0,0.0,0,0.0,1423.6,790.8889,3559.0
481,2013-01-04,3289.0,383.0,1.0,0.0,0,1.0,5.0,0.11827317,0.9929811,0.5,0.8660254,1,0,0,1,3387.0,1,3559.0,0,0.0,0,0.0,0,0.0,0,0.0,0,0.0,0,0.0,2208.96,1367.8025,-172.0
481,2013-01-05,3366.0,361.0,1.0,0.0,0,1.0,6.0,0.11827317,0.9929811,0.5,0.8660254,1,0,0,1,3289.0,1,3387.0,1,0.0,0,0.0,0,0.0,0,0.0,0,0.0,0,0.0,2640.976,1794.7352,-98.0
481,2013-01-06,0.0,0.0,0.0,0.0,0,1.0,7.0,0.11827317,0.9929811,0.5,0.8660254,1,0,0,1,3366.0,1,3289.0,1,3559.0,0,0.0,0,0.0,0,0.0,0,0.0,0,0.0,2930.9856,2143.9053,77.0
481,2013-01-07,5788.0,535.0,1.0,1.0,0,1.0,1.0,0.23488605,0.9720229,0.5,0.8660254,1,0,0,1,0.0,1,3366.0,1,3387.0,0,0.0,0,0.0,0,0.0,0,0.0,0,0.0,1758.5913,1667.4818,-3366.0
481,2013-01-08,4365.0,383.0,1.0,1.0,0,1.0,2.0,0.23488605,0.9720229,0.5,0.8660254,1,0,0,1,5788.0,1,0.0,1,3289.0,0,0.0,0,0.0,0,0.0,0,0.0,0,0.0,3370.3547,2583.1526,5788.0
481,2013-01-09,4001.0,353.0,1.0,1.0,0,1.0,3.0,0.23488605,0.9720229,0.5,0.8660254,1,0,0,1,4365.0,1,5788.0,1,3366.0,1,0.0,0,0.0,0,0.0,0,0.0,0,0.0,3768.213,2979.1187,-1423.0
481,2013-01-10,4041.0,375.0,1.0,1.0,0,1.0,4.0,0.23488605,0.9720229,0.5,0.8660254,1,0,0,1,4001.0,1,4365.0,1,0.0,1,3559.0,0,0.0,0,0.0,0,0.0,0,0.0,3861.3276,3206.2034,-364.0
481,2013-01-11,4819.0,426.0,1.0,1.0,0,1.0,5.0,0.23488605,0.9720229,0.5,0.8660254,1,0,0,1,4041.0,1,4001.0,1,5788.0,1,3387.0,0,0.0,0,0.0,0,0.0,0,0.0,3933.1965,3391.7136,40.0
481,2013-01-12,3819.0,406.0,1.0,0.0,0,0.0,6.0,0.23488605,0.9720229,0.5,0.8660254,1,0,0,1,4819.0,1,4041.0,1,4365.0,1,3289.0,0,0.0,0,0.0,0,0.0,0,0.0,4287.518,3708.8884,778.0
481,2013-01-13,0.0,0.0,0.0,0.0,0,0.0,7.0,0.23488605,0.9720229,0.5,0.8660254,1,0,0,1,3819.0,1,4819.0,1,4001.0,1,3366.0,1,0.0,0,0.0,0,0.0,0,0.0,4100.111,3733.3577,-1000.0
481,2013-01-14,2959.0,314.0,1.0,0.0,0,0.0,1.0,0.34820163,0.93741965,0.5,0.8660254,1,0,0,1,0.0,1,3819.0,1,4041.0,1,0.0,1,3559.0,0,0.0,0,0.0,0,0.0,2460.0664,2903.7227,-3819.0
481,2013-01-15,2253.0,256.0,1.0,0.0,0,0.0,2.0,0.34820163,0.93741965,0.5,0.8660254,1,0,0,1,2959.0,1,0.0,1,4819.0,1,5788.0,1,3387.0,0,0.0,0,0.0,0,0.0,2659.64,2916.0066,2959.0
481,2013-01-16,2499.0,271.0,1.0,0.0,0,0.0,3.0,0.34820163,0.93741965,0.5,0.8660254,1,0,0,1,2253.0,1,2959.0,1,3819.0,1,4365.0,1,3289.0,0,0.0,0,0.0,0,0.0,2496.984,2768.6716,-706.0
481,2013-01-17,3007.0,292.0,1.0,0.0,0,0.0,4.0,0.34820163,0.93741965,0.5,0.8660254,1,0,0,1,2499.0,1,2253.0,1,0.0,1,4001.0,1,3366.0,1,0.0,0,0.0,0,0.0,2497.7903,2708.7446,246.0
481,2013-01-18,3220.0,345.0,1.0,0.0,0,0.0,5.0,0.34820163,0.93741965,0.5,0.8660254,1,0,0,1,3007.0,1,2499.0,1,2959.0,1,4041.0,1,0.0,1,3559.0,0,0.0,0,0.0,2701.474,2775.0237,508.0
481,2013-01-19,4263.0,405.0,1.0,0.0,0,0.0,6.0,0.34820163,0.93741965,0.5,0.8660254,1,0,0,1,3220.0,1,3007.0,1,2253.0,1,4819.0,1,5788.0,1,3387.0,0,0.0,0,0.0,2908.8845,2873.9072,213.0
481,2013-01-20,0.0,0.0,0.0,0.0,0,0.0,7.0,0.34820163,0.93741965,0.5,0.8660254,1,0,0,1,4263.0,1,3220.0,1,2499.0,1,3819.0,1,4365.0,1,3289.0,0,0.0,0,0.0,3450.5308,3182.5945,1043.0
481,2013-01-21,3666.0,313.0,1.0,1.0,0,0.0,1.0,0.45662925,0.8896571,0.5,0.8660254,1,0,0,1,0.0,1,4263.0,1,3007.0,1,0.0,1,4001.0,1,3366.0,0,0.0,0,0.0,2070.3184,2475.3513,-4263.0
481,2013-01-22,4481.0,400.0,1.0,1.0,0,0.0,2.0,0.45662925,0.8896571,0.5,0.8660254,1,0,0,1,3666.0,1,0.0,1,3220.0,1,2959.0,1,4041.0,1,0.0,0,0.0,0,0.0,2708.591,2739.94,3666.0
481,2013-01-23,4671.0,401.0,1.0,1.0,0,0.0,3.0,0.45662925,0.8896571,0.5,0.8660254,1,0,0,1,4481.0,1,3666.0,1,4263.0,1,2253.0,1,4819.0,1,5788.0,0,0.0,0,0.0,3417.5547,3126.842,815.0
481,2013-01-24,5030.0,448.0,1.0,1.0,0,0.0,4.0,0.45662925,0.8896571,0.5,0.8660254,1,0,0,1,4671.0,1,4481.0,1,0.0,1,2499.0,1,3819.0,1,4365.0,0,0.0,0,0.0,3918.9329,3469.9883,190.0
481,2013-01-25,4705.0,429.0,1.0,1.0,0,0.0,5.0,0.45662925,0.8896571,0.5,0.8660254,1,0,0,1,5030.0,1,4671.0,1,3666.0,1,3007.0,1,0.0,1,4001.0,1,0.0,0,0.0,4363.36,3816.6577,359.0
481,2013-01-26,3880.0,420.0,1.0,0.0,0,0.0,6.0,0.45662925,0.8896571,0.5,0.8660254,1,0,0,1,4705.0,1,5030.0,1,4481.0,1,3220.0,1,2959.0,1,4041.0,1,3559.0,0,0.0,4500.0156,4014.0671,-325.0
481,2013-01-27,0.0,0.0,0.0,0.0,0,0.0,7.0,0.45662925,0.8896571,0.5,0.8660254,1,0,0,1,3880.0,1,4705.0,1,4671.0,1,4263.0,1,2253.0,1,4819.0,1,3387.0,0,0.0,4252.0093,3984.2744,-825.0
481,2013-01-28,2611.0,310.0,1.0,0.0,0,0.0,1.0,0.55864674,0.82940567,0.5,0.8660254,1,0,0,1,0.0,1,3880.0,1,5030.0,1,0.0,1,2499.0,1,3819.0,1,3289.0,0,0.0,2551.2056,3098.8801,-3880.0
481,2013-01-29,3140.0,310.0,1.0,0.0,0,0.0,2.0,0.55864674,0.82940567,0.5,0.8660254,1,0,0,1,2611.0,1,0.0,1,4705.0,1,3666.0,1,3007.0,1,0.0,1,3366.0,0,0.0,2575.1233,2990.4622,2611.0
481,2013-01-30,3589.0,332.0,1.0,0.0,0,0.0,3.0,0.55864674,0.82940567,0.5,0.8660254,1,0,0,1,3140.0,1,2611.0,1,3880.0,1,4481.0,1,3220.0,1,2959.0,1,0.0,0,0.0,2801.074,3023.6929,529.0
481,2013-01-31,4491.0,383.0,1.0,0.0,0,0.0,4.0,0.55864674,0.82940567,0.5,0.8660254,1,0,1,1,3589.0,1,3140.0,1,0.0,1,4671.0,1,4263.0,1,2253.0,1,5788.0,0,0.0,3116.2444,3149.3167,449.0
481,2013-02-01,4304.0,395.0,1.0,0.0,0,0.0,5.0,0.55864674,0.82940567,0.8660254,0.5,1,1,0,1,4491.0,1,3589.0,1,2611.0,1,5030.0,1,0.0,1,2499.0,1,4365.0,0,0.0,3666.1467,3447.4685,902.0
481,2013-02-02,4789.0,448.0,1.0,0.0,0,0.0,6.0,0.55864674,0.82940567,0.8660254,0.5,1,0,0,1,4304.0,1,4491.0,1,3140.0,1,4705.0,1,3666.0,1,3007.0,1,4001.0,0,0.0,3921.288,3637.8088,-187.0
481,2013-02-03,0.0,0.0,0.0,0.0,0,0.0,7.0,0.55864674,0.82940567,0.8660254,0.5,1,0,0,1,4789.0,1,4304.0,1,3589.0,1,3880.0,1,4481.0,1,3220.0,1,4041.0,0,0.0,4268.3726,3893.6292,485.0
481,2013-02-04,5940.0,528.0,1.0,1.0,0,0.0,1.0,0.65282214,0.75751126,0.8660254,0.5,1,0,0,1,0.0,1,4789.0,1,4491.0,1,0.0,1,4671.0,1,4263.0,1,4819.0,0,0.0,2561.0237,3028.3782,-4789.0
481,2013-02-05,4238.0,404.0,1.0,1.0,0,0.0,2.0,0.65282214,0.75751126,0.8660254,0.5,1,0,0,1,5940.0,1,0.0,1,4304.0,1,2611.0,1,5030.0,1,0.0,1,3819.0,0,0.0,3912.6143,3675.4053,5940.0
481,2013-02-06,2965.0,300.0,1.0,1.0,0,0.0,3.0,0.65282214,0.75751126,0.8660254,0.5,1,0,0,1,4238.0,1,5940.0,1,4789.0,1,3140.0,1,4705.0,1,3666.0,1,0.0,0,0.0,4042.7686,3800.4263,-1702.0
481,2013-02-07,4659.0,423.0,1.0,1.0,0,0.0,4.0,0.65282214,0.75751126,0.8660254,0.5,1,0,0,1,2965.0,1,4238.0,1,0.0,1,3589.0,1,3880.0,1,4481.0,1,2959.0,0,0.0,3611.6611,3614.7761,-1273.0
481,2013-02-08,4957.0,464.0,1.0,1.0,0,0.0,5.0,0.65282214,0.75751126,0.8660254,0.5,1,0,0,1,4659.0,1,2965.0,1,5940.0,1,4491.0,1,0.0,1,4671.0,1,2253.0,0,0.0,4030.5967,3846.8257,1694.0
481,2013-02-09,5393.0,507.0,1.0,0.0,0,0.0,6.0,0.65282214,0.75751126,0.8660254,0.5,1,0,0,1,4957.0,1,4659.0,1,4238.0,1,4304.0,1,2611.0,1,5030.0,1,2499.0,0,0.0,4401.158,4093.5312,298.0
481,2013-02-10,0.0,0.0,0.0,0.0,0,0.0,7.0,0.65282214,0.75751126,0.8660254,0.5,1,0,0,1,5393.0,1,4957.0,1,2965.0,1,4789.0,1,3140.0,1,4705.0,1,3007.0,0,0.0,4797.895,4382.3022,436.0
481,2013-02-11,3324.0,360.0,1.0,0.0,0,0.0,1.0,0.73783326,0.674983,0.8660254,0.5,1,0,0,1,0.0,1,5393.0,1,4659.0,1,0.0,1,3589.0,1,3880.0,1,3220.0,0,0.0,2878.7368,3408.457,-5393.0
481,2013-02-12,3183.0,316.0,1.0,0.0,0,0.0,2.0,0.73783326,0.674983,0.8660254,0.5,1,0,0,1,3324.0,1,0.0,1,4957.0,1,5940.0,1,4491.0,1,0.0,1,4263.0,0,0.0,3056.842,3389.689,3324.0
481,2013-02-13,3074.0,322.0,1.0,0.0,0,0.0,3.0,0.73783326,0.674983,0.8660254,0.5,1,0,0,1,3183.0,1,3324.0,1,5393.0,1,4238.0,1,4304.0,1,2611.0,1,0.0,0,0.0,3107.3052,3343.758,-141.0
481,2013-02-14,3655.0,378.0,1.0,0.0,0,0.0,4.0,0.73783326,0.674983,0.8660254,0.5,1,0,0,1,3074.0,1,3183.0,1,0.0,1,2965.0,1,4789.0,1,3140.0,1,3666.0,0,0.0,3093.9832,3283.8118,-109.0
481,2013-02-15,3224.0,331.0,1.0,0.0,0,0.0,5.0,0.73783326,0.674983,0.8660254,0.5,1,0,0,1,3655.0,1,3074.0,1,3324.0,1,4659.0,1,0.0,1,3589.0,1,4481.0,0,0.0,3318.39,3366.298,581.0
481,2013-02-16,4639.0,473.0,1.0,0.0,0,0.0,6.0,0.73783326,0.674983,0.8660254,0.5,1,0,0,1,3224.0,1,3655.0,1,3183.0,1,4957.0,1,5940.0,1,4491.0,1,4671.0,0,0.0,3280.634,3334.6763,-431.0
481,2013-02-17,0.0,0.0,0.0,0.0,0,0.0,7.0,0.73783326,0.674983,0.8660254,0.5,1,0,0,1,4639.0,1,3224.0,1,3074.0,1,5393.0,1,4238.0,1,4304.0,1,5030.0,0,0.0,3823.9805,3624.526,1415.0
481,2013-02-18,6378.0,523.0,1.0,1.0,0,0.0,1.0,0.8124869,0.5829795,0.8660254,0.5,1,0,0,1,0.0,1,4639.0,1,3655.0,1,0.0,1,2965.0,1,4789.0,1,4705.0,0,0.0,2294.3882,2819.0757,-4639.0
481,2013-02-19,4184.0,396.0,1.0,1.0,0,0.0,2.0,0.8124869,0.5829795,0.8660254,0.5,1,0,0,1,6378.0,1,0.0,1,3224.0,1,3324.0,1,4659.0,1,0.0,1,3880.0,0,0.0,3927.833,3609.9478,6378.0
481,2013-02-20,4786.0,426.0,1.0,1.0,0,0.0,3.0,0.8124869,0.5829795,0.8660254,0.5,1,0,0,1,4184.0,1,6378.0,1,4639.0,1,3183.0,1,4957.0,1,5940.0,1,0.0,0,0.0,4030.2998,3737.515,-2194.0
481,2013-02-21,4861.0,427.0,1.0,1.0,0,0.0,4.0,0.8124869,0.5829795,0.8660254,0.5,1,0,0,1,4786.0,1,4184.0,1,0.0,1,3074.0,1,5393.0,1,4238.0,1,2611.0,0,0.0,4332.58,3970.5117,602.0
481,2013-02-22,4566.0,420.0,1.0,1.0,0,0.0,5.0,0.8124869,0.5829795,0.8660254,0.5,1,0,0,1,4861.0,1,4786.0,1,6378.0,1,3655.0,1,0.0,1,2965.0,1,3140.0,1,0.0,4543.9478,4168.398,75.0
481,2013-02-23,3505.0,409.0,1.0,0.0,0,0.0,6.0,0.8124869,0.5829795,0.8660254,0.5,1,0,0,1,4566.0,1,4861.0,1,4184.0,1,3224.0,1,3324.0,1,4659.0,1,3589.0,1,3559.0,4552.7686,4256.754,-295.0
481,2013-02-24,0.0,0.0,0.0,0.0,0,0.0,7.0,0.8124869,0.5829795,0.8660254,0.5,1,0,0,1,3505.0,1,4566.0,1,4786.0,1,4639.0,1,3183.0,1,4957.0,1,4491.0,1,3387.0,4133.661,4089.6975,-1061.0
481,2013-02-25,2916.0,334.0,1.0,0.0,0,0.0,1.0,0.8757349,0.4827922,0.8660254,0.5,1,0,0,1,0.0,1,3505.0,1,4861.0,1,0.0,1,3074.0,1,5393.0,1,4304.0,1,3289.0,2480.1968,3180.8757,-3505.0
481,2013-02-26,3089.0,344.0,1.0,0.0,0,0.0,2.0,0.8757349,0.4827922,0.8660254,0.5,1,0,0,1,2916.0,1,0.0,1,4566.0,1,6378.0,1,3655.0,1,0.0,1,4789.0,1,3366.0,2654.518,3122.0146,2916.0
481,2013-02-27,3314.0,323.0,1.0,0.0,0,0.0,3.0,0.8757349,0.4827922,0.8660254,0.5,1,0,0,1,3089.0,1,2916.0,1,3505.0,1,4184.0,1,3224.0,1,3324.0,1,0.0,1,0.0,2828.3108,3114.678,173.0
481,2013-02-28,3210.0,362.0,1.0,0.0,0,0.0,4.0,0.8757349,0.4827922,0.8660254,0.5,1,0,1,1,3314.0,1,3089.0,1,0.0,1,4786.0,1,4639.0,1,3183.0,1,5940.0,1,5788.0,3022.5864,3158.9717,225.0
481,2013-03-01,3853.0,398.0,1.0,0.0,0,0.0,5.0,0.8757349,0.4827922,1.0,6.123234e-17,1,1,0,1,3210.0,1,3314.0,1,2916.0,1,4861.0,1,0.0,1,3074.0,1,4238.0,1,4365.0,3097.552,3170.3113,-104.0
481,2013-03-02,4672.0,464.0,1.0,0.0,0,0.0,6.0,0.8757349,0.4827922,1.0,6.123234e-17,1,0,0,1,3853.0,1,3210.0,1,3089.0,1,4566.0,1,6378.0,1,3655.0,1,2965.0,1,4001.0,3399.7312,3322.02,643.0
481,2013-03-03,0.0,0.0,0.0,0.0,0,0.0,7.0,0.8757349,0.4827922,1.0,6.123234e-17,1,0,0,1,4672.0,1,3853.0,1,3314.0,1,3505.0,1,4184.0,1,3224.0,1,4659.0,1,4041.0,3908.6387,3622.0156,819.0
481,2013-03-04,5959.0,496.0,1.0,1.0,0,0.0,1.0,0.9266896,0.37582758,1.0,6.123234e-17,1,0,0,1,0.0,1,4672.0,1,3210.0,1,0.0,1,4786.0,1,4639.0,1,4957.0,1,4819.0,2345.183,2817.1233,-4672.0
481,2013-03-05,4920.0,419.0,1.0,1.0,0,0.0,2.0,0.9266896,0.37582758,1.0,6.123234e-17,1,0,0,1,5959.0,1,0.0,1,3853.0,1,2916.0,1,4861.0,1,0.0,1,5393.0,1,3819.0,3790.71,3515.318,5959.0
481,2013-03-06,3955.0,381.0,1.0,1.0,0,0.0,3.0,0.9266896,0.37582758,1.0,6.123234e-17,1,0,0,1,4920.0,1,5959.0,1,4672.0,1,3089.0,1,4566.0,1,6378.0,1,0.0,1,0.0,4242.426,3827.4695,-1039.0
481,2013-03-07,3974.0,374.0,1.0,1.0,0,0.0,4.0,0.9266896,0.37582758,1.0,6.123234e-17,1,0,0,1,3955.0,1,4920.0,1,0.0,1,3314.0,1,3505.0,1,4184.0,1,3324.0,1,2959.0,4127.4556,3855.8096,-965.0
481,2013-03-08,4627.0,390.0,1.0,1.0,0,0.0,5.0,0.9266896,0.37582758,1.0,6.123234e-17,1,0,0,1,3974.0,1,3955.0,1,5959.0,1,3210.0,1,0.0,1,4786.0,1,3183.0,1,2253.0,4066.0732,3882.0742,19.0
481,2013-03-09,3415.0,406.0,1.0,0.0,0,0.0,6.0,0.9266896,0.37582758,1.0,6.123234e-17,1,0,0,1,4627.0,1,3974.0,1,4920.0,1,3853.0,1,2916.0,1,4861.0,1,3074.0,1,2499.0,4290.444,4047.6133,653.0
481,2013-03-10,0.0,0.0,0.0,0.0,0,0.0,7.0,0.9266896,0.37582758,1.0,6.123234e-17,1,0,0,1,3415.0,1,4627.0,1,3955.0,1,4672.0,1,3089.0,1,4566.0,1,3655.0,1,3007.0,3940.2664,3907.0325,-1212.0
481,2013-03-11,2933.0,321.0,1.0,0.0,0,0.0,1.0,0.9646356,0.26358718,1.0,6.123234e-17,1,0,0,1,0.0,1,3415.0,1,3974.0,1,0.0,1,3314.0,1,3505.0,1,3224.0,1,3220.0,2364.16,3038.803,-3415.0
481,2013-03-12,1555.0,187.0,1.0,0.0,0,0.0,2.0,0.9646356,0.26358718,1.0,6.123234e-17,1,0,0,1,2933.0,1,0.0,1,4627.0,1,5959.0,1,3210.0,1,0.0,1,4639.0,1,4263.0,2591.6958,3015.2913,2933.0
481,2013-03-13,2843.0,295.0,1.0,0.0,0,0.0,3.0,0.9646356,0.26358718,1.0,6.123234e-17,1,0,0,1,1555.0,1,2933.0,1,3415.0,1,4920.0,1,3853.0,1,2916.0,1,0.0,1,0.0,2177.0176,2690.7822,-1378.0
481,2013-03-14,3260.0,330.0,1.0,0.0,0,0.0,4.0,0.9646356,0.26358718,1.0,6.123234e-17,1,0,0,1,2843.0,1,1555.0,1,0.0,1,3955.0,1,4672.0,1,3089.0,1,6378.0,1,3666.0,2443.4106,2724.6084,1288.0
481,2013-03-15,4058.0,376.0,1.0,0.0,0,0.0,5.0,0.9646356,0.26358718,1.0,6.123234e-17,1,0,0,1,3260.0,1,2843.0,1,2933.0,1,3974.0,1,0.0,1,3314.0,1,4184.0,1,4481.0,2770.0464,2843.5842,417.0
481,2013-03-16,3673.0,391.0,1.0,0.0,0,0.0,6.0,0.9646356,0.26358718,1.0,6.123234e-17,1,0,0,1,4058.0,1,3260.0,1,1555.0,1,4627.0,1,5959.0,1,3210.0,1,4786.0,1,4671.0,3285.2278,3113.4543,798.0
481,2013-03-17,0.0,0.0,0.0,0.0,0,0.0,7.0,0.9646356,0.26358718,1.0,6.123234e-17,1,0,0,1,3673.0,1,4058.0,1,2843.0,1,3415.0,1,4920.0,1,3853.0,1,4861.0,1,5030.0,3440.3367,3237.7979,-385.0
481,2013-03-18,6174.0,517.0,1.0,1.0,0,0.0,1.0,0.9890402,0.14764656,1.0,6.123234e-17,1,0,0,1,0.0,1,3673.0,1,3260.0,1,0.0,1,3955.0,1,4672.0,1,4566.0,1,4705.0,2064.202,2518.2874,-3673.0
481,2013-03-19,4333.0,383.0,1.0,1.0,0,0.0,2.0,0.9890402,0.14764656,1.0,6.123234e-17,1,0,0,1,6174.0,1,0.0,1,4058.0,1,2933.0,1,3974.0,1,0.0,1,3505.0,1,3880.0,3708.121,3330.668,6174.0
481,2013-03-20,4152.0,362.0,1.0,1.0,0,0.0,3.0,0.9890402,0.14764656,1.0,6.123234e-17,1,0,0,1,4333.0,1,6174.0,1,3673.0,1,1555.0,1,4627.0,1,5959.0,1,0.0,1,0.0,3958.0728,3553.4084,-1841.0
481,2013-03-21,4798.0,456.0,1.0,1.0,0,0.0,4.0,0.9890402,0.14764656,1.0,6.123234e-17,1,0,0,1,4152.0,1,4333.0,1,0.0,1,2843.0,1,3415.0,1,4920.0,1,2916.0,1,2611.0,4035.6436,3686.4287,-181.0
481,2013-03-22,4284.0,427.0,1.0,1.0,0,0.0,5.0,0.9890402,0.14764656,1.0,6.123234e-17,1,0,0,1,4798.0,1,4152.0,1,6174.0,1,3260.0,1,0.0,1,3955.0,1,3089.0,1,3140.0,4340.586,3933.4446,646.0
481,2013-03-23,3868.0,417.0,1.0,0.0,0,0.0,6.0,0.9890402,0.14764656,1.0,6.123234e-17,1,0,0,1,4284.0,1,4798.0,1,4333.0,1,4058.0,1,2933.0,1,3974.0,1,3314.0,1,3589.0,4317.9517,4011.3457,-514.0
481,2013-03-24,0.0,0.0,0.0,0.0,0,0.0,7.0,0.9890402,0.14764656,1.0,6.123234e-17,1,0,0,1,3868.0,1,4284.0,1,4152.0,1,3673.0,1,1555.0,1,4627.0,1,3210.0,1,4491.0,4137.971,3979.4912,-416.0
481,2013-03-25,5989.0,494.0,1.0,1.0,0,1.0,1.0,0.99956083,0.029633328,1.0,6.123234e-17,1,0,0,1,0.0,1,3868.0,1,4798.0,1,0.0,1,2843.0,1,3415.0,1,3853.0,1,4304.0,2482.7827,3095.1597,-3868.0
481,2013-03-26,4994.0,468.0,1.0,1.0,0,1.0,2.0,0.99956083,0.029633328,1.0,6.123234e-17,1,0,0,1,5989.0,1,0.0,1,4284.0,1,6174.0,1,3260.0,1,0.0,1,4672.0,1,4789.0,3885.2695,3738.2354,5989.0
481,2013-03-27,5631.0,523.0,1.0,1.0,0,1.0,3.0,0.99956083,0.029633328,1.0,6.123234e-17,1,0,0,1,4994.0,1,5989.0,1,3868.0,1,4333.0,1,4058.0,1,2933.0,1,0.0,1,0.0,4328.7617,4017.2942,-995.0
481,2013-03-28,6873.0,633.0,1.0,1.0,0,1.0,4.0,0.99956083,0.029633328,1.0,6.123234e-17,1,0,0,1,5631.0,1,4994.0,1,0.0,1,4152.0,1,3673.0,1,1555.0,1,5959.0,1,5940.0,4849.657,4375.8955,637.0
481,2013-03-29,0.0,0.0,0.0,1.0,2,1.0,5.0,0.99956083,0.029633328,1.0,6.123234e-17,1,0,0,1,6873.0,1,5631.0,1,5989.0,1,4798.0,1,0.0,1,2843.0,1,4920.0,1,4238.0,5658.994,4930.8076,1242.0
481,2013-03-30,5385.0,550.0,1.0,0.0,0,0.0,6.0,0.99956083,0.029633328,1.0,6.123234e-17,1,0,0,1,0.0,1,6873.0,1,4994.0,1,4284.0,1,6174.0,1,3260.0,1,3955.0,1,2965.0,3395.3965,3835.0725,-6873.0
481,2013-03-31,0.0,0.0,0.0,0.0,0,0.0,7.0,0.99956083,0.029633328,1.0,6.123234e-17,1,0,1,1,5385.0,1,0.0,1,5631.0,1,3868.0,1,4333.0,1,4058.0,1,3974.0,1,4659.0,4191.238,4179.501,5385.0
481,2013-04-01,0.0,0.0,0.0,0.0,2,1.0,1.0,0.9960498,-0.08879589,0.8660254,-0.5,2,1,0,1,0.0,1,5385.0,1,6873.0,1,0.0,1,4152.0,1,3673.0,1,4627.0,1,4957.0,2514.7427,3250.723,-5385.0
481,2013-04-02,3338.0,337.0,1.0,0.0,0,1.0,2.0,0.9960498,-0.08879589,0.8660254,-0.5,2,0,0,1,0.0,1,0.0,1,0.0,1,5989.0,1,4798.0,1,0.0,1,3415.0,1,5393.0,1508.8457,2528.34,0.0
481,2013-04-03,2925.0,311.0,1.0,0.0,0,1.0,3.0,0.9960498,-0.08879589,0.8660254,-0.5,2,0,0,1,3338.0,1,0.0,1,5385.0,1,4994.0,1,4284.0,1,6174.0,1,0.0,1,0.0,2240.5073,2708.2644,3338.0
481,2013-04-04,3035.0,339.0,1.0,0.0,0,1.0,4.0,0.9960498,-0.08879589,0.8660254,-0.5,2,0,0,1,2925.0,1,3338.0,1,0.0,1,5631.0,1,3868.0,1,4333.0,1,2933.0,1,3324.0,2514.3044,2756.428,-413.0
481,2013-04-05,3269.0,336.0,1.0,0.0,0,1.0,5.0,0.9960498,-0.08879589,0.8660254,-0.5,2,0,0,1,3035.0,1,2925.0,1,0.0,1,6873.0,1,0.0,1,4152.0,1,1555.0,1,3183.0,2722.5828,2818.3328,110.0
481,2013-04-06,3729.0,378.0,1.0,0.0,0,0.0,6.0,0.9960498,-0.08879589,0.8660254,-0.5,2,0,0,1,3269.0,1,3035.0,1,3338.0,1,0.0,1,5989.0,1,4798.0,1,2843.0,1,3074.0,2941.1497,2918.4812,234.0
481,2013-04-07,0.0,0.0,0.0,0.0,0,0.0,7.0,0.9960498,-0.08879589,0.8660254,-0.5,2,0,0,1,3729.0,1,3269.0,1,2925.0,1,5385.0,1,4994.0,1,4284.0,1,3260.0,1,3655.0,3256.2898,3098.5964,460.0
481,2013-04-08,5309.0,470.0,1.0,1.0,0,0.0,1.0,0.9785565,-0.20597862,0.8660254,-0.5,2,0,0,1,0.0,1,3729.0,1,3035.0,1,0.0,1,5631.0,1,3868.0,1,4058.0,1,3224.0,1953.7738,2410.0195,-3729.0
481,2013-04-09,4594.0,397.0,1.0,1.0,0,0.0,2.0,0.9785565,-0.20597862,0.8660254,-0.5,2,0,0,1,5309.0,1,0.0,1,3269.0,1,0.0,1,6873.0,1,0.0,1,3673.0,1,4639.0,3295.8643,3054.2373,5309.0
481,2013-04-10,4338.0,383.0,1.0,1.0,0,0.0,3.0,0.9785565,-0.20597862,0.8660254,-0.5,2,0,0,1,4594.0,1,5309.0,1,3729.0,1,3338.0,1,0.0,1,5989.0,1,0.0,1,0.0,3815.1187,3396.4067,-715.0
481,2013-04-11,4397.0,389.0,1.0,1.0,0,0.0,4.0,0.9785565,-0.20597862,0.8660254,-0.5,2,0,0,1,4338.0,1,4594.0,1,0.0,1,2925.0,1,5385.0,1,4994.0,1,6174.0,1,6378.0,4024.2712,3605.6497,-256.0
481,2013-04-12,4498.0,413.0,1.0,1.0,0,0.0,5.0,0.9785565,-0.20597862,0.8660254,-0.5,2,0,0,1,4397.0,1,4338.0,1,5309.0,1,3035.0,1,0.0,1,5631.0,1,4333.0,1,4184.0,4173.363,3781.5054,59.0
481,2013-04-13,3447.0,380.0,1.0,0.0,0,0.0,6.0,0.9785565,-0.20597862,0.8660254,-0.5,2,0,0,1,4498.0,1,4397.0,1,4594.0,1,3269.0,1,0.0,1,6873.0,1,4152.0,1,4786.0,4303.218,3940.7263,101.0
481,2013-04-14,0.0,0.0,0.0,0.0,0,0.0,7.0,0.9785565,-0.20597862,0.8660254,-0.5,2,0,0,1,3447.0,1,4498.0,1,4338.0,1,3729.0,1,3338.0,1,0.0,1,4798.0,1,4861.0,3960.7305,3831.0095,-1051.0
481,2013-04-15,2749.0,286.0,1.0,0.0,0,0.0,1.0,0.94732636,-0.32026985,0.8660254,-0.5,2,0,0,1,0.0,1,3447.0,1,4397.0,1,0.0,1,2925.0,1,5385.0,1,4284.0,1,4566.0,2376.4382,2979.674,-3447.0
481,2013-04-16,2274.0,271.0,1.0,0.0,0,0.0,2.0,0.94732636,-0.32026985,0.8660254,-0.5,2,0,0,1,2749.0,1,0.0,1,4498.0,1,5309.0,1,3035.0,1,0.0,1,3868.0,1,3505.0,2525.463,2928.413,2749.0
481,2013-04-17,2769.0,305.0,1.0,0.0,0,0.0,3.0,0.94732636,-0.32026985,0.8660254,-0.5,2,0,0,1,2274.0,1,2749.0,1,3447.0,1,4594.0,1,3269.0,1,0.0,1,0.0,1,0.0,2424.8777,2782.988,-475.0
481,2013-04-18,3193.0,353.0,1.0,0.0,0,0.0,4.0,0.94732636,-0.32026985,0.8660254,-0.5,2,0,0,1,2769.0,1,2274.0,1,0.0,1,4338.0,1,3729.0,1,3338.0,1,5989.0,1,2916.0,2562.5266,2779.8796,495.0
481,2013-04-19,3617.0,339.0,1.0,0.0,0,0.0,5.0,0.94732636,-0.32026985,0.8660254,-0.5,2,0,0,1,3193.0,1,2769.0,1,2749.0,1,4397.0,1,0.0,1,2925.0,1,4994.0,1,3089.0,2814.716,2871.684,424.0
481,2013-04-20,3409.0,353.0,1.0,0.0,0,0.0,6.0,0.94732636,-0.32026985,0.8660254,-0.5,2,0,0,1,3617.0,1,3193.0,1,2274.0,1,4498.0,1,5309.0,1,3035.0,1,5631.0,1,3314.0,3135.6296,3037.3098,424.0
481,2013-04-21,0.0,0.0,0.0,0.0,0,0.0,7.0,0.94732636,-0.32026985,0.8660254,-0.5,2,0,0,1,3409.0,1,3617.0,1,2769.0,1,3447.0,1,4594.0,1,3269.0,1,6873.0,1,3210.0,3244.9778,3119.9077,-208.0
481,2013-04-22,5603.0,495.0,1.0,1.0,0,0.0,1.0,0.9027978,-0.4300652,0.8660254,-0.5,2,0,0,1,0.0,1,3409.0,1,3193.0,1,0.0,1,4338.0,1,3729.0,1,0.0,1,3853.0,1946.9867,2426.5947,-3409.0
481,2013-04-23,4684.0,383.0,1.0,1.0,0,0.0,2.0,0.9027978,-0.4300652,0.8660254,-0.5,2,0,0,1,5603.0,1,0.0,1,3617.0,1,2749.0,1,4397.0,1,0.0,1,5385.0,1,4672.0,3409.392,3132.4626,5603.0
481,2013-04-24,3616.0,342.0,1.0,1.0,0,0.0,3.0,0.9027978,-0.4300652,0.8660254,-0.5,2,0,0,1,4684.0,1,5603.0,1,3409.0,1,2274.0,1,4498.0,1,5309.0,1,0.0,1,0.0,3919.235,3477.2488,-919.0
481,2013-04-25,3830.0,353.0,1.0,1.0,0,0.0,4.0,0.9027978,-0.4300652,0.8660254,-0.5,2,0,0,1,3616.0,1,4684.0,1,0.0,1,2769.0,1,3447.0,1,4594.0,1,0.0,1,5959.0,3797.9412,3508.0823,-1068.0
481,2013-04-26,4297.0,383.0,1.0,1.0,0,0.0,5.0,0.9027978,-0.4300652,0.8660254,-0.5,2,0,0,1,3830.0,1,3616.0,1,5603.0,1,3193.0,1,0.0,1,4338.0,1,3338.0,1,4920.0,3810.7646,3579.6196,214.0
481,2013-04-27,3960.0,398.0,1.0,0.0,0,0.0,6.0,0.9027978,-0.4300652,0.8660254,-0.5,2,0,0,1,4297.0,1,3830.0,1,4684.0,1,3617.0,1,2749.0,1,4397.0,1,2925.0,1,3955.0,4005.2588,3739.0374,467.0
481,2013-04-28,0.0,0.0,0.0,0.0,0,0.0,7.0,0.9027978,-0.4300652,0.8660254,-0.5,2,0,0,1,3960.0,1,4297.0,1,3616.0,1,3409.0,1,2274.0,1,4498.0,1,3035.0,1,3974.0,3987.1553,3788.1401,-337.0
481,2013-04-29,6722.0,560.0,1.0,1.0,0,0.0,1.0,0.845596,-0.5338234,0.8660254,-0.5,2,0,0,1,0.0,1,3960.0,1,3830.0,1,0.0,1,2769.0,1,3447.0,1,3269.0,1,4627.0,2392.2932,2946.3313,-3960.0
481,2013-04-30,5895.0,521.0,1.0,1.0,0,0.0,2.0,0.845596,-0.5338234,0.8660254,-0.5,2,0,1,1,6722.0,1,0.0,1,4297.0,1,5603.0,1,3193.0,1,0.0,1,3729.0,1,3415.0,4124.176,3785.369,6722.0
481,2013-05-01,0.0,0.0,0.0,1.0,1,0.0,3.0,0.845596,-0.5338234,0.5,-0.8660254,2,1,0,1,5895.0,1,6722.0,1,3960.0,1,4684.0,1,3617.0,1,2749.0,1,0.0,1,0.0,4832.5054,4254.176,-827.0
481,2013-05-02,5038.0,475.0,1.0,1.0,0,0.0,4.0,0.845596,-0.5338234,0.5,-0.8660254,2,0,0,1,0.0,1,5895.0,1,0.0,1,3616.0,1,3409.0,1,2274.0,1,5309.0,1,2933.0,2899.5034,3308.8035,-5895.0
481,2013-05-03,5213.0,471.0,1.0,1.0,0,0.0,5.0,0.845596,-0.5338234,0.5,-0.8660254,2,0,0,1,5038.0,1,0.0,1,6722.0,1,3830.0,1,0.0,1,2769.0,1,4594.0,1,1555.0,3754.902,3693.0693,5038.0
481,2013-05-04,3638.0,400.0,1.0,0.0,0,0.0,6.0,0.845596,-0.5338234,0.5,-0.8660254,2,0,0,1,5213.0,1,5038.0,1,5895.0,1,4297.0,1,5603.0,1,3193.0,1,4338.0,1,2843.0,4338.141,4030.8315,175.0
481,2013-05-05,0.0,0.0,0.0,0.0,0,0.0,7.0,0.845596,-0.5338234,0.5,-0.8660254,2,0,0,1,3638.0,1,5213.0,1,0.0,1,3960.0,1,4684.0,1,3617.0,1,4397.0,1,3260.0,4058.0847,3943.5356,-1575.0
481,2013-05-06,3015.0,333.0,1.0,0.0,0,0.0,1.0,0.7765239,-0.63008785,0.5,-0.8660254,2,0,0,1,0.0,1,3638.0,1,5038.0,1,0.0,1,3616.0,1,3409.0,1,4498.0,1,4058.0,2434.8508,3067.1943,-3638.0
481,2013-05-07,3282.0,330.0,1.0,0.0,0,0.0,2.0,0.7765239,-0.63008785,0.5,-0.8660254,2,0,0,1,3015.0,1,0.0,1,5213.0,1,6722.0,1,3830.0,1,0.0,1,3447.0,1,3673.0,2666.9104,3055.5957,3015.0
481,2013-05-08,4862.0,451.0,1.0,0.0,0,0.0,3.0,0.7765239,-0.63008785,0.5,-0.8660254,2,0,0,1,3282.0,1,3015.0,1,3638.0,1,5895.0,1,4297.0,1,5603.0,1,0.0,1,0.0,2912.9463,3105.9077,267.0
481,2013-05-09,0.0,0.0,0.0,0.0,1,0.0,4.0,0.7765239,-0.63008785,0.5,-0.8660254,2,0,0,1,4862.0,1,3282.0,1,0.0,1,0.0,1,3960.0,1,4684.0,1,2749.0,1,6174.0,3692.5679,3496.1504,1580.0
481,2013-05-10,4386.0,437.0,1.0,0.0,0,0.0,5.0,0.7765239,-0.63008785,0.5,-0.8660254,2,0,0,1,0.0,1,4862.0,1,3015.0,1,5038.0,1,0.0,1,3616.0,1,2274.0,1,4333.0,2215.5408,2719.2283,-4862.0
481,2013-05-11,4092.0,433.0,1.0,0.0,0,0.0,6.0,0.7765239,-0.63008785,0.5,-0.8660254,2,0,0,1,4386.0,1,0.0,1,3282.0,1,5213.0,1,6722.0,1,3830.0,1,2769.0,1,4152.0,3083.7244,3089.6218,4386.0
481,2013-05-12,0.0,0.0,0.0,0.0,0,0.0,7.0,0.7765239,-0.63008785,0.5,-0.8660254,2,0,0,1,4092.0,1,4386.0,1,4862.0,1,3638.0,1,5895.0,1,4297.0,1,3193.0,1,4798.0,3487.0347,3312.3726,-294.0
481,2013-05-13,5147.0,482.0,1.0,1.0,0,0.0,1.0,0.696551,-0.71750724,0.5,-0.8660254,2,0,0,1,0.0,1,4092.0,1,0.0,1,0.0,1,0.0,1,3960.0,1,3617.0,1,4284.0,2092.2207,2576.2898,-4092.0
481,2013-05-14,4549.0,420.0,1.0,1.0,0,0.0,2.0,0.696551,-0.71750724,0.5,-0.8660254,2,0,0,1,5147.0,1,0.0,1,4386.0,1,3015.0,1,5038.0,1,0.0,1,3409.0,1,3868.0,3314.1326,3147.5588,5147.0
481,2013-05-15,3942.0,378.0,1.0,1.0,0,0.0,3.0,0.696551,-0.71750724,0.5,-0.8660254,2,0,0,1,4549.0,1,5147.0,1,4092.0,1,3282.0,1,5213.0,1,6722.0,1,0.0,1,0.0,3808.0796,3458.9902,-598.0
481,2013-05-16,4047.0,399.0,1.0,1.0,0,0.0,4.0,0.696551,-0.71750724,0.5,-0.8660254,2,0,0,1,3942.0,1,4549.0,1,0.0,1,4862.0,1,3638.0,1,5895.0,1,5603.0,1,5989.0,3861.6477,3566.3257,-607.0
481,2013-05-17,5078.0,435.0,1.0,1.0,0,0.0,5.0,0.696551,-0.71750724,0.5,-0.8660254,2,0,0,1,4047.0,1,3942.0,1,5147.0,1,0.0,1,0.0,1,0.0,1,4684.0,1,4994.0,3935.7886,3673.142,105.0
481,2013-05-18,3900.0,438.0,1.0,0.0,0,0.0,6.0,0.696551,-0.71750724,0.5,-0.8660254,2,0,0,1,5078.0,1,4047.0,1,4549.0,1,4386.0,1,3015.0,1,5038.0,1,3616.0,1,5631.0,4392.6733,3985.3328,1031.0
481,2013-05-19,0.0,0.0,0.0,0.0,0,0.0,7.0,0.696551,-0.71750724,0.5,-0.8660254,2,0,0,1,3900.0,1,5078.0,1,3942.0,1,4092.0,1,3282.0,1,5213.0,1,3830.0,1,6873.0,4195.604,3966.3699,-1178.0
481,2013-05-20,0.0,0.0,0.0,0.0,1,0.0,1.0,0.60680014,-0.79485446,0.5,-0.8660254,2,0,0,1,0.0,1,3900.0,1,4047.0,1,0.0,1,4862.0,1,3638.0,1,4297.0,1,0.0,2517.3623,3084.9543,-3900.0
481,2013-05-21,3576.0,399.0,1.0,0.0,0,0.0,2.0,0.60680014,-0.79485446,0.5,-0.8660254,2,0,0,1,0.0,1,0.0,1,5078.0,1,5147.0,1,0.0,1,0.0,1,3960.0,1,5385.0,1510.4174,2399.409,0.0
481,2013-05-22,2952.0,323.0,1.0,0.0,0,0.0,3.0,0.60680014,-0.79485446,0.5,-0.8660254,2,0,0,1,3576.0,1,0.0,1,3900.0,1,4549.0,1,4386.0,1,3015.0,1,0.0,1,0.0,2336.6504,2660.8735,3576.0
481,2013-05-23,3389.0,340.0,1.0,0.0,0,0.0,4.0,0.60680014,-0.79485446,0.5,-0.8660254,2,0,0,1,2952.0,1,3576.0,1,0.0,1,3942.0,1,4092.0,1,3282.0,1,6722.0,1,0.0,2582.7903,2725.5684,-624.0
481,2013-05-24,3036.0,332.0,1.0,0.0,0,0.0,5.0,0.60680014,-0.79485446,0.5,-0.8660254,2,0,0,1,3389.0,1,2952.0,1,0.0,1,4047.0,1,0.0,1,4862.0,1,5895.0,1,3338.0,2905.2742,2872.9976,437.0
481,2013-05-25,3707.0,375.0,1.0,0.0,0,0.0,6.0,0.60680014,-0.79485446,0.5,-0.8660254,2,0,0,1,3036.0,1,3389.0,1,3576.0,1,5078.0,1,5147.0,1,0.0,1,0.0,1,2925.0,2957.5645,2909.2205,-353.0
481,2013-05-26,0.0,0.0,0.0,0.0,0,0.0,7.0,0.60680014,-0.79485446,0.5,-0.8660254,2,0,0,1,3707.0,1,3036.0,1,2952.0,1,3900.0,1,4549.0,1,4386.0,1,5038.0,1,3035.0,3257.3386,3086.5046,671.0
481,2013-05-27,5129.0,448.0,1.0,1.0,0,0.0,1.0,0.5085311,-0.86104363,0.5,-0.8660254,2,0,0,1,0.0,1,3707.0,1,3389.0,1,0.0,1,3942.0,1,4092.0,1,5213.0,1,3269.0,1954.4032,2400.6147,-3707.0
481,2013-05-28,4375.0,381.0,1.0,1.0,0,0.0,2.0,0.5085311,-0.86104363,0.5,-0.8660254,2,0,0,1,5129.0,1,0.0,1,3036.0,1,0.0,1,4047.0,1,0.0,1,3638.0,1,3729.0,3224.242,3006.9226,5129.0
481,2013-05-29,5508.0,506.0,1.0,1.0,0,0.0,3.0,0.5085311,-0.86104363,0.5,-0.8660254,2,0,0,1,4375.0,1,5129.0,1,3707.0,1,3576.0,1,5078.0,1,5147.0,1,0.0,1,0.0,3684.5452,3310.9397,-754.0
481,2013-05-30,0.0,0.0,0.0,1.0,1,0.0,4.0,0.5085311,-0.86104363,0.5,-0.8660254,2,0,0,1,5508.0,1,4375.0,1,0.0,1,2952.0,1,3900.0,1,4549.0,1,3015.0,1,5309.0,4413.9272,3799.1753,1133.0
481,2013-05-31,6861.0,576.0,1.0,1.0,0,0.0,5.0,0.5085311,-0.86104363,0.5,-0.8660254,2,0,1,1,0.0,1,5508.0,1,5129.0,1,3389.0,1,0.0,1,3942.0,1,3282.0,1,4594.0,2648.3562,2954.9143,-5508.0
481,2013-06-01,4266.0,435.0,1.0,0.0,0,0.0,6.0,0.5085311,-0.86104363,1.2246469e-16,-1.0,2,1,0,1,6861.0,1,0.0,1,4375.0,1,3036.0,1,0.0,1,4047.0,1,4862.0,1,4338.0,4333.4136,3822.9333,6861.0
481,2013-06-02,0.0,0.0,0.0,0.0,0,0.0,7.0,0.5085311,-0.86104363,1.2246469e-16,-1.0,2,0,0,1,4266.0,1,6861.0,1,5508.0,1,3707.0,1,3576.0,1,5078.0,1,0.0,1,4397.0,4306.448,3921.3926,-2595.0
481,2013-06-03,4575.0,424.0,1.0,1.0,0,0.0,1.0,0.40312344,-0.91514564,1.2246469e-16,-1.0,2,0,0,1,0.0,1,4266.0,1,0.0,1,0.0,1,2952.0,1,3900.0,1,4386.0,1,4498.0,2583.869,3049.972,-4266.0
481,2013-06-04,3872.0,382.0,1.0,1.0,0,0.0,2.0,0.40312344,-0.91514564,1.2246469e-16,-1.0,2,0,0,1,4575.0,1,0.0,1,6861.0,1,5129.0,1,3389.0,1,0.0,1,4092.0,1,3447.0,3380.3213,3388.8672,4575.0
481,2013-06-05,3129.0,321.0,1.0,1.0,0,0.0,3.0,0.40312344,-0.91514564,1.2246469e-16,-1.0,2,0,0,1,3872.0,1,4575.0,1,4266.0,1,4375.0,1,3036.0,1,0.0,1,0.0,1,0.0,3576.993,3496.23,-703.0
481,2013-06-06,4376.0,389.0,1.0,1.0,0,0.0,4.0,0.40312344,-0.91514564,1.2246469e-16,-1.0,2,0,0,1,3129.0,1,3872.0,1,0.0,1,5508.0,1,3707.0,1,3576.0,1,5147.0,1,2749.0,3397.7957,3414.6233,-743.0
481,2013-06-07,4348.0,399.0,1.0,1.0,0,0.0,5.0,0.40312344,-0.91514564,1.2246469e-16,-1.0,2,0,0,1,4376.0,1,3129.0,1,4575.0,1,0.0,1,0.0,1,2952.0,1,4549.0,1,2274.0,3789.0774,3628.2625,1247.0
481,2013-06-08,4115.0,431.0,1.0,0.0,0,0.0,6.0,0.40312344,-0.91514564,1.2246469e-16,-1.0,2,0,0,1,4348.0,1,4376.0,1,3872.0,1,6861.0,1,5129.0,1,3389.0,1,3942.0,1,2769.0,4012.6465,3788.204,-28.0
481,2013-06-09,0.0,0.0,0.0,0.0,0,0.0,7.0,0.40312344,-0.91514564,1.2246469e-16,-1.0,2,0,0,1,4115.0,1,4348.0,1,3129.0,1,4266.0,1,4375.0,1,3036.0,1,4047.0,1,3193.0,4053.588,3860.8254,-233.0
481,2013-06-10,3363.0,367.0,1.0,0.0,0,0.0,1.0,0.29205677,-0.956401,1.2246469e-16,-1.0,2,0,0,1,0.0,1,4115.0,1,4376.0,1,0.0,1,5508.0,1,3707.0,1,5078.0,1,3617.0,2432.1528,3002.8643,-4115.0
481,2013-06-11,3256.0,329.0,1.0,0.0,0,0.0,2.0,0.29205677,-0.956401,1.2246469e-16,-1.0,2,0,0,1,3363.0,1,0.0,1,4348.0,1,4575.0,1,0.0,1,0.0,1,3900.0,1,3409.0,2804.4917,3082.8945,3363.0
481,2013-06-12,2860.0,292.0,1.0,0.0,0,0.0,3.0,0.29205677,-0.956401,1.2246469e-16,-1.0,2,0,0,1,3256.0,1,3363.0,1,4115.0,1,3872.0,1,6861.0,1,5129.0,1,0.0,1,0.0,2985.095,3121.3623,-107.0
481,2013-06-13,3333.0,341.0,1.0,0.0,0,0.0,4.0,0.29205677,-0.956401,1.2246469e-16,-1.0,2,0,0,1,2860.0,1,3256.0,1,0.0,1,3129.0,1,4266.0,1,4375.0,1,0.0,1,5603.0,2935.057,3063.2817,-396.0
481,2013-06-14,3525.0,341.0,1.0,0.0,0,0.0,5.0,0.29205677,-0.956401,1.2246469e-16,-1.0,2,0,0,1,3333.0,1,2860.0,1,3363.0,1,4376.0,1,0.0,1,5508.0,1,3576.0,1,4684.0,3094.2341,3123.2192,473.0
481,2013-06-15,3688.0,383.0,1.0,0.0,0,0.0,6.0,0.29205677,-0.956401,1.2246469e-16,-1.0,2,0,0,1,3525.0,1,3333.0,1,3256.0,1,4348.0,1,4575.0,1,0.0,1,2952.0,1,3616.0,3266.5405,3212.504,192.0
481,2013-06-16,0.0,0.0,0.0,0.0,0,0.0,7.0,0.29205677,-0.956401,1.2246469e-16,-1.0,2,0,0,1,3688.0,1,3525.0,1,2860.0,1,4115.0,1,3872.0,1,6861.0,1,3389.0,1,3830.0,3435.1243,3318.1697,163.0
481,2013-06-17,5273.0,458.0,1.0,1.0,0,0.0,1.0,0.17689027,-0.9842306,1.2246469e-16,-1.0,2,0,0,1,0.0,1,3688.0,1,3333.0,1,0.0,1,3129.0,1,4266.0,1,3036.0,1,4297.0,2061.0747,2580.7986,-3688.0
481,2013-06-18,4174.0,357.0,1.0,1.0,0,0.0,2.0,0.17689027,-0.9842306,1.2246469e-16,-1.0,2,0,0,1,5273.0,1,0.0,1,3525.0,1,3363.0,1,4376.0,1,0.0,1,3707.0,1,3960.0,3345.8447,3179.0657,5273.0
481,2013-06-19,3106.0,327.0,1.0,1.0,0,0.0,3.0,0.17689027,-0.9842306,1.2246469e-16,-1.0,2,0,0,1,4174.0,1,5273.0,1,3688.0,1,3256.0,1,4348.0,1,4575.0,1,0.0,1,0.0,3677.107,3400.162,-1099.0
481,2013-06-20,4258.0,413.0,1.0,1.0,0,0.0,4.0,0.17689027,-0.9842306,1.2246469e-16,-1.0,2,0,0,1,3106.0,1,4174.0,1,0.0,1,2860.0,1,4115.0,1,3872.0,1,5129.0,1,6722.0,3448.664,3334.7927,-1068.0
481,2013-06-21,4024.0,416.0,1.0,1.0,0,0.0,5.0,0.17689027,-0.9842306,1.2246469e-16,-1.0,2,0,0,1,4258.0,1,3106.0,1,5273.0,1,3333.0,1,0.0,1,3129.0,1,4375.0,1,5895.0,3772.3984,3539.95,1152.0
481,2013-06-22,3681.0,389.0,1.0,0.0,0,0.0,6.0,0.17689027,-0.9842306,1.2246469e-16,-1.0,2,0,0,1,4024.0,1,4258.0,1,4174.0,1,3525.0,1,3363.0,1,4376.0,1,5508.0,1,0.0,3873.039,3647.5166,-234.0
481,2013-06-23,0.0,0.0,0.0,0.0,0,0.0,7.0,0.17689027,-0.9842306,1.2246469e-16,-1.0,2,0,0,1,3681.0,1,4024.0,1,3106.0,1,3688.0,1,3256.0,1,4348.0,1,0.0,1,5038.0,3796.2234,3654.9573,-343.0
481,2013-06-24,3506.0,343.0,1.0,0.0,0,0.0,1.0,0.059240628,-0.99824375,1.2246469e-16,-1.0,2,0,0,1,0.0,1,3681.0,1,4258.0,1,0.0,1,2860.0,1,4115.0,1,6861.0,1,5213.0,2277.7341,2842.7446,-3681.0
481,2013-06-25,3052.0,335.0,1.0,0.0,0,0.0,2.0,0.059240628,-0.99824375,1.2246469e-16,-1.0,2,0,0,1,3506.0,1,0.0,1,4024.0,1,5273.0,1,3333.0,1,0.0,1,4266.0,1,3638.0,2769.0405,2990.1348,3506.0
481,2013-06-26,2776.0,276.0,1.0,0.0,0,0.0,3.0,0.059240628,-0.99824375,1.2246469e-16,-1.0,2,0,0,1,3052.0,1,3506.0,1,3681.0,1,4174.0,1,3525.0,1,3363.0,1,0.0,1,0.0,2882.2244,3003.8826,-454.0
481,2013-06-27,3835.0,402.0,1.0,0.0,0,0.0,4.0,0.059240628,-0.99824375,1.2246469e-16,-1.0,2,0,0,1,2776.0,1,3052.0,1,0.0,1,3106.0,1,3688.0,1,3256.0,1,4575.0,1,3015.0,2839.7346,2953.242,-276.0
481,2013-06-28,4501.0,428.0,1.0,0.0,0,0.0,5.0,0.059240628,-0.99824375,1.2246469e-16,-1.0,2,0,0,1,3835.0,1,2776.0,1,3506.0,1,4258.0,1,0.0,1,2860.0,1,3872.0,1,3282.0,3237.8408,3149.1882,1059.0
481,2013-06-29,4609.0,436.0,1.0,0.0,0,0.0,6.0,0.059240628,-0.99824375,1.2246469e-16,-1.0,2,0,0,1,4501.0,1,3835.0,1,3052.0,1,4024.0,1,5273.0,1,3333.0,1,3129.0,1,4862.0,3743.1045,3449.5908,666.0
481,2013-06-30,0.0,0.0,0.0,0.0,0,0.0,7.0,0.059240628,-0.99824375,1.2246469e-16,-1.0,2,0,1,1,4609.0,1,4501.0,1,2776.0,1,3681.0,1,4174.0,1,3525.0,1,4376.0,1,0.0,4089.4626,3707.2373,108.0
481,2013-07-01,6374.0,529.0,1.0,1.0,0,0.0,1.0,-0.059240628,-0.99824375,-0.5,-0.8660254,3,1,0,1,0.0,1,4609.0,1,3835.0,1,0.0,1,3106.0,1,3688.0,1,4348.0,1,4386.0,2453.6775,2883.4067,-4609.0
481,2013-07-02,5577.0,473.0,1.0,1.0,0,0.0,2.0,-0.059240628,-0.99824375,-0.5,-0.8660254,3,0,0,1,6374.0,1,0.0,1,4501.0,1,3506.0,1,4258.0,1,0.0,1,4115.0,1,4092.0,4021.8066,3659.0942,6374.0
481,2013-07-03,5645.0,480.0,1.0,1.0,0,0.0,3.0,-0.059240628,-0.99824375,-0.5,-0.8660254,3,0,0,1,5577.0,1,6374.0,1,4609.0,1,3052.0,1,4024.0,1,5273.0,1,0.0,1,0.0,4643.884,4085.2954,-797.0
481,2013-07-04,4768.0,443.0,1.0,1.0,0,0.0,4.0,-0.059240628,-0.99824375,-0.5,-0.8660254,3,0,0,1,5645.0,1,5577.0,1,0.0,1,2776.0,1,3681.0,1,4174.0,1,3363.0,1,5147.0,5044.3306,4431.8965,68.0
481,2013-07-05,4666.0,417.0,1.0,1.0,0,0.0,5.0,-0.059240628,-0.99824375,-0.5,-0.8660254,3,0,0,1,4768.0,1,5645.0,1,6374.0,1,3835.0,1,0.0,1,3106.0,1,3256.0,1,4549.0,4933.7983,4506.586,-877.0
481,2013-07-06,3280.0,383.0,1.0,0.0,0,1.0,6.0,-0.059240628,-0.99824375,-0.5,-0.8660254,3,0,0,1,4666.0,1,4768.0,1,5577.0,1,4501.0,1,3506.0,1,4258.0,1,2860.0,1,3942.0,4826.6787,4542.011,-102.0
481,2013-07-07,0.0,0.0,0.0,0.0,0,1.0,7.0,-0.059240628,-0.99824375,-0.5,-0.8660254,3,0,0,1,3280.0,1,4666.0,1,5645.0,1,4609.0,1,3052.0,1,4024.0,1,3333.0,1,4047.0,4208.0073,4261.5645,-1386.0
481,2013-07-08,3462.0,348.0,1.0,0.0,0,1.0,1.0,-0.17689027,-0.9842306,-0.5,-0.8660254,3,0,0,1,0.0,1,3280.0,1,4768.0,1,0.0,1,2776.0,1,3681.0,1,3525.0,1,5078.0,2524.8044,3314.55,-3280.0
481,2013-07-09,2995.0,324.0,1.0,0.0,0,1.0,2.0,-0.17689027,-0.9842306,-0.5,-0.8660254,3,0,0,1,3462.0,1,0.0,1,4666.0,1,6374.0,1,3835.0,1,0.0,1,3688.0,1,3900.0,2899.6826,3347.3167,3462.0
481,2013-07-10,3208.0,324.0,1.0,0.0,0,1.0,3.0,-0.17689027,-0.9842306,-0.5,-0.8660254,3,0,0,1,2995.0,1,3462.0,1,3280.0,1,5577.0,1,4501.0,1,3506.0,1,0.0,1,0.0,2937.8096,3269.0242,-467.0
481,2013-07-11,3295.0,367.0,1.0,0.0,0,1.0,4.0,-0.17689027,-0.9842306,-0.5,-0.8660254,3,0,0,1,3208.0,1,2995.0,1,0.0,1,5645.0,1,4609.0,1,3052.0,1,5273.0,1,0.0,3045.8857,3255.4631,213.0
481,2013-07-12,3497.0,366.0,1.0,0.0,0,1.0,5.0,-0.17689027,-0.9842306,-0.5,-0.8660254,3,0,0,1,3295.0,1,3208.0,1,3462.0,1,4768.0,1,0.0,1,2776.0,1,4174.0,1,3576.0,3145.5315,3264.2493,87.0
481,2013-07-13,3164.0,348.0,1.0,0.0,0,1.0,6.0,-0.17689027,-0.9842306,-0.5,-0.8660254,3,0,0,1,3497.0,1,3295.0,1,2995.0,1,4666.0,1,6374.0,1,3835.0,1,3106.0,1,2952.0,3286.119,3315.9717,202.0
481,2013-07-14,0.0,0.0,0.0,0.0,0,1.0,7.0,-0.17689027,-0.9842306,-0.5,-0.8660254,3,0,0,1,3164.0,1,3497.0,1,3208.0,1,3280.0,1,5577.0,1,4501.0,1,4258.0,1,3389.0,3237.2712,3282.2002,-333.0
481,2013-07-15,6383.0,524.0,1.0,1.0,0,1.0,1.0,-0.29205677,-0.956401,-0.5,-0.8660254,3,0,0,1,0.0,1,3164.0,1,3295.0,1,0.0,1,5645.0,1,4609.0,1,4024.0,1,3036.0,1942.3628,2552.8223,-3164.0
481,2013-07-16,4900.0,416.0,1.0,1.0,0,1.0,2.0,-0.29205677,-0.956401,-0.5,-0.8660254,3,0,0,1,6383.0,1,0.0,1,3497.0,1,3462.0,1,4768.0,1,0.0,1,3681.0,1,3707.0,3718.6177,3403.973,6383.0
481,2013-07-17,4340.0,417.0,1.0,1.0,0,1.0,3.0,-0.29205677,-0.956401,-0.5,-0.8660254,3,0,0,1,4900.0,1,6383.0,1,3164.0,1,2995.0,1,4666.0,1,6374.0,1,0.0,1,0.0,4191.1704,3736.4233,-1483.0
481,2013-07-18,4163.0,397.0,1.0,1.0,0,1.0,4.0,-0.29205677,-0.956401,-0.5,-0.8660254,3,0,0,1,4340.0,1,4900.0,1,0.0,1,3208.0,1,3280.0,1,5577.0,1,3506.0,1,5129.0,4250.702,3870.5515,-560.0
481,2013-07-19,4953.0,441.0,1.0,1.0,0,1.0,5.0,-0.29205677,-0.956401,-0.5,-0.8660254,3,0,0,1,4163.0,1,4340.0,1,6383.0,1,3295.0,1,0.0,1,5645.0,1,3052.0,1,4375.0,4215.6216,3935.54,-177.0
481,2013-07-20,3533.0,389.0,1.0,0.0,0,1.0,6.0,-0.29205677,-0.956401,-0.5,-0.8660254,3,0,0,1,4953.0,1,4163.0,1,4900.0,1,3497.0,1,3462.0,1,4768.0,1,2776.0,1,5508.0,4510.5728,4161.642,790.0
481,2013-07-21,0.0,0.0,0.0,0.0,0,1.0,7.0,-0.29205677,-0.956401,-0.5,-0.8660254,3,0,0,1,3533.0,1,4953.0,1,4340.0,1,3164.0,1,2995.0,1,4666.0,1,3835.0,1,0.0,4119.544,4021.944,-1420.0
481,2013-07-22,2739.0,298.0,1.0,0.0,0,1.0,1.0,-0.40312344,-0.91514564,-0.5,-0.8660254,3,0,0,1,0.0,1,3533.0,1,4163.0,1,0.0,1,3208.0,1,3280.0,1,4501.0,1,6861.0,2471.7263,3128.1787,-3533.0
481,2013-07-23,2483.0,261.0,1.0,0.0,0,1.0,2.0,-0.40312344,-0.91514564,-0.5,-0.8660254,3,0,0,1,2739.0,1,0.0,1,4953.0,1,6383.0,1,3295.0,1,0.0,1,4609.0,1,4266.0,2578.6357,3041.6946,2739.0
481,2013-07-24,3197.0,302.0,1.0,0.0,0,1.0,3.0,-0.40312344,-0.91514564,-0.5,-0.8660254,3,0,0,1,2483.0,1,2739.0,1,3533.0,1,4900.0,1,3497.0,1,3462.0,1,0.0,1,0.0,2540.3813,2917.5403,-256.0
481,2013-07-25,3121.0,318.0,1.0,0.0,0,1.0,4.0,-0.40312344,-0.91514564,-0.5,-0.8660254,3,0,0,1,3197.0,1,2483.0,1,0.0,1,4340.0,1,3164.0,1,2995.0,1,6374.0,1,4575.0,2803.0288,2979.6423,714.0
481,2013-07-26,3022.0,351.0,1.0,0.0,0,1.0,5.0,-0.40312344,-0.91514564,-0.5,-0.8660254,3,0,0,1,3121.0,1,3197.0,1,2739.0,1,4163.0,1,0.0,1,3208.0,1,5577.0,1,3872.0,2930.2173,3011.0552,-76.0
481,2013-07-27,3381.0,358.0,1.0,0.0,0,1.0,6.0,-0.40312344,-0.91514564,-0.5,-0.8660254,3,0,0,1,3022.0,1,3121.0,1,2483.0,1,4953.0,1,6383.0,1,3295.0,1,5645.0,1,3129.0,2966.9304,3013.4873,-99.0
481,2013-07-28,0.0,0.0,0.0,0.0,0,1.0,7.0,-0.40312344,-0.91514564,-0.5,-0.8660254,3,0,0,1,3381.0,1,3022.0,1,3197.0,1,3533.0,1,4900.0,1,3497.0,1,4768.0,1,4376.0,3132.5583,3095.1567,359.0
481,2013-07-29,7577.0,565.0,1.0,1.0,0,1.0,1.0,-0.5085311,-0.86104363,-0.5,-0.8660254,3,0,0,1,0.0,1,3381.0,1,3121.0,1,0.0,1,4340.0,1,3164.0,1,4666.0,1,4348.0,1879.5349,2407.3442,-3381.0
481,2013-07-30,5449.0,463.0,1.0,1.0,0,1.0,2.0,-0.5085311,-0.86104363,-0.5,-0.8660254,3,0,0,1,7577.0,1,0.0,1,3022.0,1,2739.0,1,4163.0,1,0.0,1,3280.0,1,4115.0,4158.521,3556.1565,7577.0
481,2013-07-31,5723.0,463.0,1.0,1.0,0,1.0,3.0,-0.5085311,-0.86104363,-0.5,-0.8660254,3,0,1,1,5449.0,1,7577.0,1,3381.0,1,2483.0,1,4953.0,1,6383.0,1,0.0,1,0.0,4674.7124,3976.7886,-2128.0
481,2013-08-01,4171.0,392.0,1.0,1.0,0,1.0,4.0,-0.5085311,-0.86104363,-0.8660254,-0.5,3,1,0,1,5723.0,1,5449.0,1,0.0,1,3197.0,1,3533.0,1,4900.0,1,3462.0,1,3363.0,5094.0273,4364.8354,274.0
481,2013-08-02,4164.0,388.0,1.0,1.0,0,1.0,5.0,-0.5085311,-0.86104363,-0.8660254,-0.5,3,0,0,1,4171.0,1,5723.0,1,7577.0,1,3121.0,1,0.0,1,4340.0,1,2995.0,1,3256.0,4724.8164,4321.7607,-1552.0
481,2013-08-03,3804.0,418.0,1.0,0.0,0,1.0,6.0,-0.5085311,-0.86104363,-0.8660254,-0.5,3,0,0,1,4164.0,1,4171.0,1,5449.0,1,3022.0,1,2739.0,1,4163.0,1,3208.0,1,2860.0,4500.4897,4286.703,-7.0
481,2013-08-04,0.0,0.0,0.0,0.0,0,1.0,7.0,-0.5085311,-0.86104363,-0.8660254,-0.5,3,0,0,1,3804.0,1,4164.0,1,5723.0,1,3381.0,1,2483.0,1,4953.0,1,3295.0,1,3333.0,4221.894,4179.4355,-360.0
481,2013-08-05,3489.0,346.0,1.0,0.0,0,1.0,1.0,-0.60680014,-0.79485446,-0.8660254,-0.5,3,0,0,1,0.0,1,3804.0,1,4171.0,1,0.0,1,3197.0,1,3533.0,1,3497.0,1,3525.0,2533.1365,3250.672,-3804.0
481,2013-08-06,3278.0,308.0,1.0,0.0,0,1.0,2.0,-0.60680014,-0.79485446,-0.8660254,-0.5,3,0,0,1,3489.0,1,0.0,1,4164.0,1,7577.0,1,3121.0,1,0.0,1,3164.0,1,3688.0,2915.482,3303.6338,3489.0
481,2013-08-07,3145.0,342.0,1.0,0.0,0,1.0,3.0,-0.60680014,-0.79485446,-0.8660254,-0.5,3,0,0,1,3278.0,1,3489.0,1,3804.0,1,5449.0,1,3022.0,1,2739.0,1,0.0,1,0.0,3060.489,3297.9375,-211.0
481,2013-08-08,2875.0,332.0,1.0,0.0,0,1.0,4.0,-0.60680014,-0.79485446,-0.8660254,-0.5,3,0,0,1,3145.0,1,3278.0,1,0.0,1,5723.0,1,3381.0,1,2483.0,1,6383.0,1,5273.0,3094.2935,3263.9514,-133.0
481,2013-08-09,4026.0,388.0,1.0,0.0,0,1.0,5.0,-0.60680014,-0.79485446,-0.8660254,-0.5,3,0,0,1,2875.0,1,3145.0,1,3489.0,1,4171.0,1,0.0,1,3197.0,1,4900.0,1,4174.0,3006.5762,3177.5178,-270.0
481,2013-08-10,3780.0,383.0,1.0,0.0,0,1.0,6.0,-0.60680014,-0.79485446,-0.8660254,-0.5,3,0,0,1,4026.0,1,2875.0,1,3278.0,1,4164.0,1,7577.0,1,3121.0,1,4340.0,1,3106.0,3414.3457,3366.0693,1151.0
481,2013-08-11,0.0,0.0,0.0,0.0,0,1.0,7.0,-0.60680014,-0.79485446,-0.8660254,-0.5,3,0,0,1,3780.0,1,4026.0,1,3145.0,1,3804.0,1,5449.0,1,3022.0,1,4163.0,1,4258.0,3560.6074,3458.054,-246.0
481,2013-08-12,6562.0,536.0,1.0,1.0,0,1.0,1.0,-0.696551,-0.71750724,-0.8660254,-0.5,3,0,0,1,0.0,1,3780.0,1,2875.0,1,0.0,1,5723.0,1,3381.0,1,4953.0,1,4024.0,2136.3645,2689.5974,-3780.0
481,2013-08-13,5339.0,492.0,1.0,1.0,0,1.0,2.0,-0.696551,-0.71750724,-0.8660254,-0.5,3,0,0,1,6562.0,1,0.0,1,4026.0,1,3489.0,1,4171.0,1,0.0,1,3533.0,1,3681.0,3906.6187,3550.1313,6562.0
481,2013-08-14,5087.0,436.0,1.0,1.0,0,1.0,3.0,-0.696551,-0.71750724,-0.8660254,-0.5,3,0,0,1,5339.0,1,6562.0,1,3780.0,1,3278.0,1,4164.0,1,7577.0,1,0.0,1,0.0,4479.5713,3947.6577,-1223.0
481,2013-08-15,4992.0,443.0,1.0,1.0,0,1.0,4.0,-0.696551,-0.71750724,-0.8660254,-0.5,3,0,0,1,5087.0,1,5339.0,1,0.0,1,3145.0,1,3804.0,1,5449.0,1,2739.0,1,3506.0,4722.5425,4200.8447,-252.0
481,2013-08-16,4409.0,450.0,1.0,1.0,0,1.0,5.0,-0.696551,-0.71750724,-0.8660254,-0.5,3,0,0,1,4992.0,1,5087.0,1,6562.0,1,2875.0,1,0.0,1,5723.0,1,2483.0,1,3052.0,4830.3257,4376.657,-95.0
481,2013-08-17,3793.0,410.0,1.0,0.0,0,0.0,6.0,-0.696551,-0.71750724,-0.8660254,-0.5,3,0,0,1,4409.0,1,4992.0,1,5339.0,1,4026.0,1,3489.0,1,4171.0,1,3197.0,1,2776.0,4661.7954,4383.844,-583.0
481,2013-08-18,0.0,0.0,0.0,0.0,0,0.0,7.0,-0.696551,-0.71750724,-0.8660254,-0.5,3,0,0,1,3793.0,1,4409.0,1,5087.0,1,3780.0,1,3278.0,1,4164.0,1,3121.0,1,3835.0,4314.2773,4252.546,-616.0
481,2013-08-19,4147.0,444.0,1.0,0.0,0,0.0,1.0,-0.7765239,-0.63008785,-0.8660254,-0.5,3,0,0,1,0.0,1,3793.0,1,4992.0,1,0.0,1,3145.0,1,3804.0,1,3022.0,1,4501.0,2588.5664,3307.5356,-3793.0
481,2013-08-20,3106.0,368.0,1.0,0.0,0,0.0,2.0,-0.7765239,-0.63008785,-0.8660254,-0.5,3,0,0,1,4147.0,1,0.0,1,4409.0,1,6562.0,1,2875.0,1,0.0,1,3381.0,1,4609.0,3211.9397,3494.0833,4147.0
481,2013-08-21,3106.0,367.0,1.0,0.0,0,0.0,3.0,-0.7765239,-0.63008785,-0.8660254,-0.5,3,0,0,1,3106.0,1,4147.0,1,3793.0,1,5339.0,1,4026.0,1,3489.0,1,0.0,1,0.0,3169.564,3407.8425,-1041.0
481,2013-08-22,2878.0,368.0,1.0,0.0,0,0.0,4.0,-0.7765239,-0.63008785,-0.8660254,-0.5,3,0,0,1,3106.0,1,3106.0,1,0.0,1,5087.0,1,3780.0,1,3278.0,1,7577.0,1,6374.0,3144.1384,3340.7664,0.0
481,2013-08-23,3577.0,377.0,1.0,0.0,0,0.0,5.0,-0.7765239,-0.63008785,-0.8660254,-0.5,3,0,0,1,2878.0,1,3106.0,1,4147.0,1,4992.0,1,0.0,1,3145.0,1,5449.0,1,5577.0,3037.683,3237.9294,-228.0
481,2013-08-24,3637.0,378.0,1.0,0.0,0,0.0,6.0,-0.7765239,-0.63008785,-0.8660254,-0.5,3,0,0,1,3577.0,1,2878.0,1,3106.0,1,4409.0,1,6562.0,1,2875.0,1,5723.0,1,5645.0,3253.41,3313.2783,699.0
481,2013-08-25,0.0,0.0,0.0,0.0,0,0.0,7.0,-0.7765239,-0.63008785,-0.8660254,-0.5,3,0,0,1,3637.0,1,3577.0,1,3106.0,1,3793.0,1,5339.0,1,4026.0,1,4171.0,1,4768.0,3406.846,3385.2166,60.0
481,2013-08-26,6868.0,594.0,1.0,1.0,0,0.0,1.0,-0.845596,-0.5338234,-0.8660254,-0.5,3,0,0,1,0.0,1,3637.0,1,2878.0,1,0.0,1,5087.0,1,3780.0,1,4164.0,1,4666.0,2044.1075,2632.9463,-3637.0
481,2013-08-27,5079.0,466.0,1.0,1.0,0,0.0,2.0,-0.845596,-0.5338234,-0.8660254,-0.5,3,0,0,1,6868.0,1,0.0,1,3577.0,1,4147.0,1,4992.0,1,0.0,1,3804.0,1,3280.0,3973.6646,3574.0693,6868.0
481,2013-08-28,4469.0,409.0,1.0,1.0,0,0.0,3.0,-0.845596,-0.5338234,-0.8660254,-0.5,3,0,0,1,5079.0,1,6868.0,1,3637.0,1,3106.0,1,4409.0,1,6562.0,1,0.0,1,0.0,4415.799,3908.4983,-1789.0
481,2013-08-29,4546.0,433.0,1.0,1.0,0,0.0,4.0,-0.845596,-0.5338234,-0.8660254,-0.5,3,0,0,1,4469.0,1,5079.0,1,0.0,1,3106.0,1,3793.0,1,5339.0,1,3489.0,1,3462.0,4437.079,4033.0542,-610.0
481,2013-08-30,5533.0,510.0,1.0,1.0,0,0.0,5.0,-0.845596,-0.5338234,-0.8660254,-0.5,3,0,0,1,4546.0,1,4469.0,1,6868.0,1,2878.0,1,0.0,1,5087.0,1,3278.0,1,2995.0,4480.6475,4147.042,77.0
481,2013-08-31,4291.0,426.0,1.0,0.0,0,0.0,6.0,-0.845596,-0.5338234,-0.8660254,-0.5,3,0,1,1,5533.0,1,4546.0,1,5079.0,1,3577.0,1,4147.0,1,4992.0,1,3145.0,1,3208.0,4901.5884,4455.0327,987.0
481,2013-09-01,0.0,0.0,0.0,0.0,0,0.0,7.0,-0.845596,-0.5338234,-1.0,-1.8369701e-16,3,1,0,1,4291.0,1,5533.0,1,4469.0,1,3637.0,1,3106.0,1,4409.0,1,2875.0,1,3295.0,4657.353,4418.581,-1242.0
481,2013-09-02,3579.0,367.0,1.0,0.0,0,0.0,1.0,-0.9027978,-0.4300652,-1.0,-1.8369701e-16,3,0,0,1,0.0,1,4291.0,1,4546.0,1,0.0,1,3106.0,1,3793.0,1,4026.0,1,3497.0,2794.4119,3436.674,-4291.0
481,2013-09-03,3891.0,375.0,1.0,0.0,0,0.0,2.0,-0.9027978,-0.4300652,-1.0,-1.8369701e-16,3,0,0,1,3579.0,1,0.0,1,5533.0,1,6868.0,1,2878.0,1,0.0,1,3780.0,1,3164.0,3108.247,3468.3022,3579.0
481,2013-09-04,2789.0,326.0,1.0,0.0,0,0.0,3.0,-0.9027978,-0.4300652,-1.0,-1.8369701e-16,3,0,0,1,3891.0,1,3579.0,1,4291.0,1,5079.0,1,3577.0,1,4147.0,1,0.0,1,0.0,3421.3484,3562.235,312.0
481,2013-09-05,2738.0,326.0,1.0,0.0,0,0.0,4.0,-0.9027978,-0.4300652,-1.0,-1.8369701e-16,3,0,0,1,2789.0,1,3891.0,1,0.0,1,4469.0,1,3637.0,1,3106.0,1,6562.0,1,6383.0,3168.409,3390.405,-1102.0
481,2013-09-06,3391.0,349.0,1.0,0.0,0,0.0,5.0,-0.9027978,-0.4300652,-1.0,-1.8369701e-16,3,0,0,1,2738.0,1,2789.0,1,3579.0,1,4546.0,1,0.0,1,3106.0,1,5339.0,1,4900.0,2996.2454,3245.426,-51.0
481,2013-09-07,3498.0,401.0,1.0,0.0,0,0.0,6.0,-0.9027978,-0.4300652,-1.0,-1.8369701e-16,3,0,0,1,3391.0,1,2738.0,1,3891.0,1,5533.0,1,6868.0,1,2878.0,1,5087.0,1,4340.0,3154.1472,3277.776,653.0
481,2013-09-08,0.0,0.0,0.0,0.0,0,0.0,7.0,-0.9027978,-0.4300652,-1.0,-1.8369701e-16,3,0,0,1,3498.0,1,3391.0,1,2789.0,1,4291.0,1,5079.0,1,3577.0,1,4992.0,1,4163.0,3291.6882,3326.7146,107.0
481,2013-09-09,6872.0,547.0,1.0,1.0,0,0.0,1.0,-0.94732636,-0.32026985,-1.0,-1.8369701e-16,3,0,0,1,0.0,1,3498.0,1,2738.0,1,0.0,1,4469.0,1,3637.0,1,4409.0,1,4953.0,1975.0131,2587.4446,-3498.0
481,2013-09-10,5096.0,438.0,1.0,1.0,0,0.0,2.0,-0.94732636,-0.32026985,-1.0,-1.8369701e-16,3,0,0,1,6872.0,1,0.0,1,3391.0,1,3579.0,1,4546.0,1,0.0,1,3793.0,1,3533.0,3933.8079,3539.568,6872.0
481,2013-09-11,4990.0,481.0,1.0,1.0,0,0.0,3.0,-0.94732636,-0.32026985,-1.0,-1.8369701e-16,3,0,0,1,5096.0,1,6872.0,1,3498.0,1,3891.0,1,5533.0,1,6868.0,1,0.0,1,0.0,4398.6846,3885.442,-1776.0
481,2013-09-12,4717.0,457.0,1.0,1.0,0,0.0,4.0,-0.94732636,-0.32026985,-1.0,-1.8369701e-16,3,0,0,1,4990.0,1,5096.0,1,0.0,1,2789.0,1,4291.0,1,5079.0,1,4147.0,1,2739.0,4635.211,4130.8994,-106.0
481,2013-09-13,4257.0,418.0,1.0,1.0,0,0.0,5.0,-0.94732636,-0.32026985,-1.0,-1.8369701e-16,3,0,0,1,4717.0,1,4990.0,1,6872.0,1,2738.0,1,0.0,1,4469.0,1,3106.0,1,2483.0,4667.9263,4261.144,-273.0
481,2013-09-14,3272.0,406.0,1.0,0.0,0,0.0,6.0,-0.94732636,-0.32026985,-1.0,-1.8369701e-16,3,0,0,1,4257.0,1,4717.0,1,5096.0,1,3391.0,1,3579.0,1,4546.0,1,3106.0,1,3197.0,4503.5557,4260.223,-460.0
481,2013-09-15,0.0,0.0,0.0,0.0,0,0.0,7.0,-0.94732636,-0.32026985,-1.0,-1.8369701e-16,3,0,0,1,3272.0,1,4257.0,1,4990.0,1,3498.0,1,3891.0,1,5533.0,1,2878.0,1,3121.0,4010.9336,4040.618,-985.0
481,2013-09-16,3484.0,362.0,1.0,0.0,0,0.0,1.0,-0.9785565,-0.20597862,-1.0,-1.8369701e-16,3,0,0,1,0.0,1,3272.0,1,4717.0,1,0.0,1,2789.0,1,4291.0,1,3577.0,1,3022.0,2406.56,3142.703,-3272.0
481,2013-09-17,2744.0,303.0,1.0,0.0,0,0.0,2.0,-0.9785565,-0.20597862,-1.0,-1.8369701e-16,3,0,0,1,3484.0,1,0.0,1,4257.0,1,6872.0,1,2738.0,1,0.0,1,3637.0,1,3381.0,2837.5361,3218.5466,3484.0
481,2013-09-18,2752.0,324.0,1.0,0.0,0,0.0,3.0,-0.9785565,-0.20597862,-1.0,-1.8369701e-16,3,0,0,1,2744.0,1,3484.0,1,3272.0,1,5096.0,1,3391.0,1,3579.0,1,0.0,1,0.0,2800.1216,3113.0918,-740.0
481,2013-09-19,2983.0,340.0,1.0,0.0,0,0.0,4.0,-0.9785565,-0.20597862,-1.0,-1.8369701e-16,3,0,0,1,2752.0,1,2744.0,1,0.0,1,4990.0,1,3498.0,1,3891.0,1,6868.0,1,7577.0,2780.873,3032.849,8.0
481,2013-09-20,3400.0,355.0,1.0,0.0,0,0.0,5.0,-0.9785565,-0.20597862,-1.0,-1.8369701e-16,3,0,0,1,2983.0,1,2752.0,1,3484.0,1,4717.0,1,0.0,1,2789.0,1,5079.0,1,5449.0,2861.7239,3021.7715,231.0
481,2013-09-21,3448.0,373.0,1.0,0.0,0,0.0,6.0,-0.9785565,-0.20597862,-1.0,-1.8369701e-16,3,0,0,1,3400.0,1,2983.0,1,2744.0,1,4257.0,1,6872.0,1,2738.0,1,4469.0,1,5723.0,3077.0342,3105.8223,417.0
481,2013-09-22,0.0,0.0,0.0,0.0,0,0.0,7.0,-0.9785565,-0.20597862,-1.0,-1.8369701e-16,3,0,0,1,3448.0,1,3400.0,1,2752.0,1,3272.0,1,5096.0,1,3391.0,1,4546.0,1,4171.0,3225.4207,3181.8618,48.0
481,2013-09-23,5607.0,491.0,1.0,1.0,0,0.0,1.0,-0.9960498,-0.08879589,-1.0,-1.8369701e-16,3,0,0,1,0.0,1,3448.0,1,2983.0,1,0.0,1,4990.0,1,3498.0,1,5533.0,1,4164.0,1935.2523,2474.7815,-3448.0
481,2013-09-24,4077.0,359.0,1.0,1.0,0,0.0,2.0,-0.9960498,-0.08879589,-1.0,-1.8369701e-16,3,0,0,1,5607.0,1,0.0,1,3400.0,1,3484.0,1,4717.0,1,0.0,1,4291.0,1,3804.0,3403.9514,3170.83,5607.0
481,2013-09-25,3079.0,339.0,1.0,1.0,0,0.0,3.0,-0.9960498,-0.08879589,-1.0,-1.8369701e-16,3,0,0,1,4077.0,1,5607.0,1,3448.0,1,2744.0,1,4257.0,1,6872.0,1,0.0,1,0.0,3673.171,3372.2012,-1530.0
481,2013-09-26,4288.0,419.0,1.0,1.0,0,0.0,4.0,-0.9960498,-0.08879589,-1.0,-1.8369701e-16,3,0,0,1,3079.0,1,4077.0,1,0.0,1,2752.0,1,3272.0,1,5096.0,1,3579.0,1,3489.0,3435.5024,3307.0454,-998.0
481,2013-09-27,4335.0,437.0,1.0,1.0,0,0.0,5.0,-0.9960498,-0.08879589,-1.0,-1.8369701e-16,3,0,0,1,4288.0,1,3079.0,1,5607.0,1,2983.0,1,0.0,1,4990.0,1,3891.0,1,3278.0,3776.5015,3525.0352,1209.0
481,2013-09-28,3274.0,383.0,1.0,0.0,0,0.0,6.0,-0.9960498,-0.08879589,-1.0,-1.8369701e-16,3,0,0,1,4335.0,1,4288.0,1,4077.0,1,3400.0,1,3484.0,1,4717.0,1,2789.0,1,3145.0,3999.901,3705.0273,47.0
481,2013-09-29,0.0,0.0,0.0,0.0,0,0.0,7.0,-0.9960498,-0.08879589,-1.0,-1.8369701e-16,3,0,0,1,3274.0,1,4335.0,1,3079.0,1,3448.0,1,2744.0,1,4257.0,1,2738.0,1,2875.0,3709.5405,3609.2437,-1061.0
481,2013-09-30,3661.0,380.0,1.0,0.0,0,0.0,1.0,-0.99956083,0.029633328,-1.0,-1.8369701e-16,3,0,1,1,0.0,1,3274.0,1,4288.0,1,0.0,1,2752.0,1,3272.0,1,3391.0,1,4026.0,2225.7244,2807.1895,-3274.0
481,2013-10-01,3159.0,346.0,1.0,0.0,0,0.0,2.0,-0.99956083,0.029633328,-0.8660254,0.5,4,1,0,1,3661.0,1,0.0,1,4335.0,1,5607.0,1,2983.0,1,0.0,1,3498.0,1,3780.0,2799.8347,2996.925,3661.0
481,2013-10-02,4143.0,460.0,1.0,0.0,0,0.0,3.0,-0.99956083,0.029633328,-0.8660254,0.5,4,0,0,1,3159.0,1,3661.0,1,3274.0,1,4077.0,1,3400.0,1,3484.0,1,0.0,1,0.0,2943.5007,3032.9417,-502.0
481,2013-10-03,0.0,0.0,0.0,0.0,1,0.0,4.0,-0.99956083,0.029633328,-0.8660254,0.5,4,0,0,1,4143.0,1,3159.0,1,0.0,1,3079.0,1,3448.0,1,2744.0,1,6872.0,1,6562.0,3423.3005,3279.6213,984.0
481,2013-10-04,4553.0,442.0,1.0,0.0,0,0.0,5.0,-0.99956083,0.029633328,-0.8660254,0.5,4,0,0,1,0.0,1,4143.0,1,3661.0,1,4288.0,1,0.0,1,2752.0,1,5096.0,1,5339.0,2053.9802,2550.8167,-4143.0
481,2013-10-05,4026.0,414.0,1.0,0.0,0,0.0,6.0,-0.99956083,0.029633328,-0.8660254,0.5,4,0,0,1,4553.0,1,0.0,1,3159.0,1,4335.0,1,5607.0,1,2983.0,1,4990.0,1,5087.0,3053.5881,2995.7463,4553.0
481,2013-10-06,0.0,0.0,0.0,0.0,0,0.0,7.0,-0.99956083,0.029633328,-0.8660254,0.5,4,0,0,1,4026.0,1,4553.0,1,4143.0,1,3274.0,1,4077.0,1,3400.0,1,4717.0,1,4992.0,3442.553,3224.6917,-527.0
481,2013-10-07,6624.0,564.0,1.0,1.0,0,0.0,1.0,-0.9890402,0.14764656,-0.8660254,0.5,4,0,0,1,0.0,1,4026.0,1,0.0,1,0.0,1,3079.0,1,3448.0,1,4257.0,1,4409.0,2065.5317,2508.0935,-4026.0
481,2013-10-08,4830.0,426.0,1.0,1.0,0,0.0,2.0,-0.9890402,0.14764656,-0.8660254,0.5,4,0,0,1,6624.0,1,0.0,1,4553.0,1,3661.0,1,4288.0,1,0.0,1,3272.0,1,3793.0,3888.919,3422.7393,6624.0
481,2013-10-09,3797.0,387.0,1.0,1.0,0,0.0,3.0,-0.9890402,0.14764656,-0.8660254,0.5,4,0,0,1,4830.0,1,6624.0,1,4026.0,1,3159.0,1,4335.0,1,5607.0,1,0.0,1,0.0,4265.3516,3735.4639,-1794.0
481,2013-10-10,4865.0,444.0,1.0,1.0,0,0.0,4.0,-0.9890402,0.14764656,-0.8660254,0.5,4,0,0,1,3797.0,1,4830.0,1,0.0,1,4143.0,1,3274.0,1,4077.0,1,3484.0,1,4147.0,4078.0107,3749.1387,-1033.0
481,2013-10-11,4933.0,454.0,1.0,1.0,0,0.0,5.0,-0.9890402,0.14764656,-0.8660254,0.5,4,0,0,1,4865.0,1,3797.0,1,6624.0,1,0.0,1,0.0,1,3079.0,1,2744.0,1,3106.0,4392.8066,3997.108,1068.0
481,2013-10-12,3585.0,421.0,1.0,0.0,0,0.0,6.0,-0.9890402,0.14764656,-0.8660254,0.5,4,0,0,1,4933.0,1,4865.0,1,4830.0,1,4553.0,1,3661.0,1,4288.0,1,2752.0,1,3106.0,4608.884,4205.084,68.0
481,2013-10-13,0.0,0.0,0.0,0.0,0,0.0,7.0,-0.9890402,0.14764656,-0.8660254,0.5,4,0,0,1,3585.0,1,4933.0,1,3797.0,1,4026.0,1,3159.0,1,4335.0,1,2983.0,1,2878.0,4199.3306,4067.2874,-1348.0
481,2013-10-14,3080.0,352.0,1.0,0.0,0,1.0,1.0,-0.9646356,0.26358718,-0.8660254,0.5,4,0,0,1,0.0,1,3585.0,1,4865.0,1,0.0,1,4143.0,1,3274.0,1,3400.0,1,3577.0,2519.5981,3163.4458,-3585.0
481,2013-10-15,2957.0,318.0,1.0,0.0,0,1.0,2.0,-0.9646356,0.26358718,-0.8660254,0.5,4,0,0,1,3080.0,1,0.0,1,4933.0,1,6624.0,1,0.0,1,0.0,1,3448.0,1,3637.0,2743.759,3144.9023,3080.0
481,2013-10-16,2912.0,322.0,1.0,0.0,0,1.0,3.0,-0.9646356,0.26358718,-0.8660254,0.5,4,0,0,1,2957.0,1,3080.0,1,3585.0,1,4830.0,1,4553.0,1,3661.0,1,0.0,1,0.0,2829.0554,3103.1462,-123.0
481,2013-10-17,3236.0,366.0,1.0,0.0,0,1.0,4.0,-0.9646356,0.26358718,-0.8660254,0.5,4,0,0,1,2912.0,1,2957.0,1,0.0,1,3797.0,1,4026.0,1,3159.0,1,5607.0,1,6868.0,2862.2332,3060.6692,-45.0
481,2013-10-18,3076.0,330.0,1.0,0.0,0,1.0,5.0,-0.9646356,0.26358718,-0.8660254,0.5,4,0,0,1,3236.0,1,2912.0,1,3080.0,1,4865.0,1,0.0,1,4143.0,1,4077.0,1,5079.0,3011.74,3099.6316,324.0
481,2013-10-19,3553.0,396.0,1.0,0.0,0,1.0,6.0,-0.9646356,0.26358718,-0.8660254,0.5,4,0,0,1,3076.0,1,3236.0,1,2957.0,1,4933.0,1,6624.0,1,0.0,1,3079.0,1,4469.0,3037.4438,3094.3801,-160.0
481,2013-10-20,0.0,0.0,0.0,0.0,0,1.0,7.0,-0.9646356,0.26358718,-0.8660254,0.5,4,0,0,1,3553.0,1,3076.0,1,2912.0,1,3585.0,1,4830.0,1,4553.0,1,4288.0,1,4546.0,3243.6663,3196.2957,477.0
481,2013-10-21,5310.0,482.0,1.0,1.0,0,1.0,1.0,-0.9266896,0.37582758,-0.8660254,0.5,4,0,0,1,0.0,1,3553.0,1,3236.0,1,0.0,1,3797.0,1,4026.0,1,4335.0,1,5533.0,1946.1998,2486.0078,-3553.0
481,2013-10-22,4043.0,389.0,1.0,1.0,0,1.0,2.0,-0.9266896,0.37582758,-0.8660254,0.5,4,0,0,1,5310.0,1,0.0,1,3076.0,1,3080.0,1,4865.0,1,0.0,1,3274.0,1,4291.0,3291.72,3113.5615,5310.0
481,2013-10-23,4635.0,401.0,1.0,1.0,0,1.0,3.0,-0.9266896,0.37582758,-0.8660254,0.5,4,0,0,1,4043.0,1,5310.0,1,3553.0,1,2957.0,1,4933.0,1,6624.0,1,0.0,1,0.0,3592.232,3320.1035,-1267.0
481,2013-10-24,4148.0,391.0,1.0,1.0,0,1.0,4.0,-0.9266896,0.37582758,-0.8660254,0.5,4,0,0,1,4635.0,1,4043.0,1,0.0,1,2912.0,1,3585.0,1,4830.0,1,3661.0,1,3579.0,4009.339,3612.3027,592.0
481,2013-10-25,3990.0,412.0,1.0,1.0,0,1.0,5.0,-0.9266896,0.37582758,-0.8660254,0.5,4,0,0,1,4148.0,1,4635.0,1,5310.0,1,3236.0,1,0.0,1,3797.0,1,3159.0,1,3891.0,4064.8035,3731.3464,-487.0
481,2013-10-26,3894.0,437.0,1.0,0.0,0,0.0,6.0,-0.9266896,0.37582758,-0.8660254,0.5,4,0,0,1,3990.0,1,4148.0,1,4043.0,1,3076.0,1,3080.0,1,4865.0,1,4143.0,1,2789.0,4034.882,3788.8252,-158.0
481,2013-10-27,0.0,0.0,0.0,0.0,0,0.0,7.0,-0.9266896,0.37582758,-0.8660254,0.5,4,0,0,1,3894.0,1,3990.0,1,4635.0,1,3553.0,1,2957.0,1,4933.0,1,0.0,1,2738.0,3978.5293,3812.1973,-96.0
481,2013-10-28,3495.0,363.0,1.0,0.0,0,0.0,1.0,-0.8757349,0.4827922,-0.8660254,0.5,4,0,0,1,0.0,1,3894.0,1,4148.0,1,0.0,1,2912.0,1,3585.0,1,4553.0,1,3391.0,2387.1177,2965.0422,-3894.0
481,2013-10-29,3235.0,353.0,1.0,0.0,0,0.0,2.0,-0.8757349,0.4827922,-0.8660254,0.5,4,0,0,1,3495.0,1,0.0,1,3990.0,1,5310.0,1,3236.0,1,0.0,1,4026.0,1,3498.0,2830.2705,3082.8108,3495.0
481,2013-10-30,3652.0,378.0,1.0,0.0,0,0.0,3.0,-0.8757349,0.4827922,-0.8660254,0.5,4,0,0,1,3235.0,1,3495.0,1,3894.0,1,4043.0,1,3076.0,1,3080.0,1,0.0,1,0.0,2992.1624,3116.6306,-260.0
481,2013-10-31,4626.0,469.0,1.0,0.0,0,0.0,4.0,-0.8757349,0.4827922,-0.8660254,0.5,4,0,1,1,3652.0,1,3235.0,1,0.0,1,4635.0,1,3553.0,1,2957.0,1,6624.0,1,6872.0,3256.0974,3235.6016,417.0
481,2013-11-01,4548.0,449.0,1.0,0.0,0,0.0,5.0,-0.8757349,0.4827922,-0.5,0.8660254,4,1,0,1,4626.0,1,3652.0,1,3495.0,1,4148.0,1,0.0,1,2912.0,1,4830.0,1,5096.0,3804.0583,3544.5789,974.0
481,2013-11-02,5312.0,535.0,1.0,0.0,0,0.0,6.0,-0.8757349,0.4827922,-0.5,0.8660254,4,0,0,1,4548.0,1,4626.0,1,3235.0,1,3990.0,1,5310.0,1,3236.0,1,3797.0,1,4990.0,4101.6353,3767.5615,-78.0
481,2013-11-03,0.0,0.0,0.0,0.0,0,0.0,7.0,-0.8757349,0.4827922,-0.5,0.8660254,4,0,0,1,5312.0,1,4548.0,1,3652.0,1,3894.0,1,4043.0,1,3076.0,1,4865.0,1,4717.0,4585.7812,4110.77,764.0
481,2013-11-04,6058.0,522.0,1.0,1.0,0,0.0,1.0,-0.8124869,0.5829795,-0.5,0.8660254,4,0,0,1,0.0,1,5312.0,1,4626.0,1,0.0,1,4635.0,1,3553.0,1,4933.0,1,4257.0,2751.4685,3197.2656,-5312.0
481,2013-11-05,5046.0,473.0,1.0,1.0,0,0.0,2.0,-0.8124869,0.5829795,-0.5,0.8660254,4,0,0,1,6058.0,1,0.0,1,4548.0,1,3495.0,1,4148.0,1,0.0,1,3585.0,1,3272.0,4074.081,3832.9844,6058.0
481,2013-11-06,4969.0,468.0,1.0,1.0,0,0.0,3.0,-0.8124869,0.5829795,-0.5,0.8660254,4,0,0,1,5046.0,1,6058.0,1,5312.0,1,3235.0,1,3990.0,1,5310.0,1,0.0,1,0.0,4462.8486,4102.5435,-1012.0
481,2013-11-07,4780.0,464.0,1.0,1.0,0,0.0,4.0,-0.8124869,0.5829795,-0.5,0.8660254,4,0,0,1,4969.0,1,5046.0,1,0.0,1,3652.0,1,3894.0,1,4043.0,1,3080.0,1,3484.0,4665.309,4295.0894,-77.0
481,2013-11-08,5275.0,470.0,1.0,1.0,0,0.0,5.0,-0.8124869,0.5829795,-0.5,0.8660254,4,0,0,1,4780.0,1,4969.0,1,6058.0,1,4626.0,1,0.0,1,4635.0,1,2957.0,1,2744.0,4711.1855,4402.847,-189.0
481,2013-11-09,4596.0,495.0,1.0,0.0,0,0.0,6.0,-0.8124869,0.5829795,-0.5,0.8660254,4,0,0,1,5275.0,1,4780.0,1,5046.0,1,4548.0,1,3495.0,1,4148.0,1,2912.0,1,2752.0,4936.7114,4596.659,495.0
481,2013-11-10,0.0,0.0,0.0,0.0,0,0.0,7.0,-0.8124869,0.5829795,-0.5,0.8660254,4,0,0,1,4596.0,1,5275.0,1,4969.0,1,5312.0,1,3235.0,1,3990.0,1,3236.0,1,2983.0,4800.427,4596.5127,-679.0
481,2013-11-11,3660.0,409.0,1.0,0.0,0,0.0,1.0,-0.73783326,0.674983,-0.5,0.8660254,4,0,0,1,0.0,1,4596.0,1,4780.0,1,0.0,1,3652.0,1,3894.0,1,3076.0,1,3400.0,2880.256,3575.0652,-4596.0
481,2013-11-12,3757.0,405.0,1.0,0.0,0,0.0,2.0,-0.73783326,0.674983,-0.5,0.8660254,4,0,0,1,3660.0,1,0.0,1,5275.0,1,6058.0,1,4626.0,1,0.0,1,3553.0,1,3448.0,3192.1536,3593.9397,3660.0
481,2013-11-13,3269.0,375.0,1.0,0.0,0,0.0,3.0,-0.73783326,0.674983,-0.5,0.8660254,4,0,0,1,3757.0,1,3660.0,1,4596.0,1,5046.0,1,4548.0,1,3495.0,1,0.0,1,0.0,3418.0923,3630.1753,97.0
481,2013-11-14,3349.0,381.0,1.0,0.0,0,0.0,4.0,-0.73783326,0.674983,-0.5,0.8660254,4,0,0,1,3269.0,1,3757.0,1,0.0,1,4969.0,1,5312.0,1,3235.0,1,5310.0,1,5607.0,3358.4553,3549.914,-488.0
481,2013-11-15,4006.0,405.0,1.0,0.0,0,0.0,5.0,-0.73783326,0.674983,-0.5,0.8660254,4,0,0,1,3349.0,1,3269.0,1,3660.0,1,4780.0,1,0.0,1,3652.0,1,4043.0,1,4077.0,3354.673,3505.2666,80.0
481,2013-11-16,4121.0,421.0,1.0,0.0,0,0.0,6.0,-0.73783326,0.674983,-0.5,0.8660254,4,0,0,1,4006.0,1,3349.0,1,3757.0,1,5275.0,1,6058.0,1,4626.0,1,4635.0,1,3079.0,3615.2039,3616.5405,657.0
481,2013-11-17,0.0,0.0,0.0,0.0,0,0.0,7.0,-0.73783326,0.674983,-0.5,0.8660254,4,0,0,1,4121.0,1,4006.0,1,3269.0,1,4596.0,1,5046.0,1,4548.0,1,4148.0,1,4288.0,3817.5225,3728.6428,115.0
481,2013-11-18,7254.0,619.0,1.0,1.0,0,0.0,1.0,-0.65282214,0.75751126,-0.5,0.8660254,4,0,0,1,0.0,1,4121.0,1,3349.0,1,0.0,1,4969.0,1,5312.0,1,3990.0,1,4335.0,2290.5134,2900.0554,-4121.0
481,2013-11-19,5174.0,458.0,1.0,1.0,0,0.0,2.0,-0.65282214,0.75751126,-0.5,0.8660254,4,0,0,1,7254.0,1,0.0,1,4006.0,1,3660.0,1,4780.0,1,0.0,1,3894.0,1,3274.0,4275.908,3867.5986,7254.0
481,2013-11-20,4802.0,447.0,1.0,1.0,0,0.0,3.0,-0.65282214,0.75751126,-0.5,0.8660254,4,0,0,1,5174.0,1,7254.0,1,4121.0,1,3757.0,1,5275.0,1,6058.0,1,0.0,1,0.0,4635.145,4157.91,-2080.0
481,2013-11-21,5011.0,516.0,1.0,1.0,0,0.0,4.0,-0.65282214,0.75751126,-0.5,0.8660254,4,0,0,1,4802.0,1,5174.0,1,0.0,1,3269.0,1,4596.0,1,5046.0,1,3495.0,1,3661.0,4701.8867,4301.041,-372.0
481,2013-11-22,4906.0,474.0,1.0,1.0,0,0.0,5.0,-0.65282214,0.75751126,-0.5,0.8660254,4,0,0,1,5011.0,1,4802.0,1,7254.0,1,3349.0,1,0.0,1,4969.0,1,3235.0,1,3159.0,4825.532,4458.8096,209.0
481,2013-11-23,4838.0,465.0,1.0,0.0,0,0.0,6.0,-0.65282214,0.75751126,-0.5,0.8660254,4,0,0,1,4906.0,1,5011.0,1,5174.0,1,4006.0,1,3660.0,1,4780.0,1,3652.0,1,4143.0,4857.719,4558.1855,-105.0
481,2013-11-24,0.0,0.0,0.0,0.0,0,0.0,7.0,-0.65282214,0.75751126,-0.5,0.8660254,4,0,0,1,4838.0,1,4906.0,1,4802.0,1,4121.0,1,3757.0,1,5275.0,1,4626.0,1,0.0,4849.8315,4620.366,-68.0
481,2013-11-25,4353.0,417.0,1.0,0.0,0,0.0,1.0,-0.55864674,0.82940567,-0.5,0.8660254,4,0,0,1,0.0,1,4838.0,1,5011.0,1,0.0,1,3269.0,1,4596.0,1,4548.0,1,4553.0,2909.899,3593.6184,-4838.0
481,2013-11-26,3814.0,384.0,1.0,0.0,0,0.0,2.0,-0.55864674,0.82940567,-0.5,0.8660254,4,0,0,1,4353.0,1,0.0,1,4906.0,1,7254.0,1,3349.0,1,0.0,1,5312.0,1,4026.0,3487.1394,3762.3699,4353.0
481,2013-11-27,3855.0,405.0,1.0,0.0,0,0.0,3.0,-0.55864674,0.82940567,-0.5,0.8660254,4,0,0,1,3814.0,1,4353.0,1,4838.0,1,5174.0,1,4006.0,1,3660.0,1,0.0,1,0.0,3617.8835,3773.8433,-539.0
481,2013-11-28,4422.0,446.0,1.0,0.0,0,0.0,4.0,-0.55864674,0.82940567,-0.5,0.8660254,4,0,0,1,3855.0,1,3814.0,1,0.0,1,4802.0,1,4121.0,1,3757.0,1,6058.0,1,6624.0,3712.7302,3791.878,41.0
481,2013-11-29,5824.0,560.0,1.0,0.0,0,0.0,5.0,-0.55864674,0.82940567,-0.5,0.8660254,4,0,0,1,4422.0,1,3855.0,1,4353.0,1,5011.0,1,0.0,1,3269.0,1,5046.0,1,4830.0,3996.438,3931.905,567.0
481,2013-11-30,6135.0,576.0,1.0,0.0,0,0.0,6.0,-0.55864674,0.82940567,-0.5,0.8660254,4,0,1,1,5824.0,1,4422.0,1,3814.0,1,4906.0,1,7254.0,1,3349.0,1,4969.0,1,3797.0,4727.463,4352.3706,1402.0
481,2013-12-01,0.0,0.0,0.0,0.0,0,0.0,7.0,-0.55864674,0.82940567,-2.4492937e-16,1.0,4,1,0,1,6135.0,1,5824.0,1,3855.0,1,4838.0,1,5174.0,1,4006.0,1,4780.0,1,4865.0,5290.4775,4748.5107,311.0
481,2013-12-02,9239.0,725.0,1.0,1.0,0,0.0,1.0,-0.45662925,0.8896571,-2.4492937e-16,1.0,4,0,0,1,0.0,1,6135.0,1,4422.0,1,0.0,1,4802.0,1,4121.0,1,5275.0,1,4933.0,3174.2866,3693.286,-6135.0
481,2013-12-03,6528.0,555.0,1.0,1.0,0,0.0,2.0,-0.45662925,0.8896571,-2.4492937e-16,1.0,4,0,0,1,9239.0,1,0.0,1,5824.0,1,4353.0,1,5011.0,1,0.0,1,4596.0,1,3585.0,5600.172,4925.667,9239.0
481,2013-12-04,6142.0,523.0,1.0,1.0,0,0.0,3.0,-0.45662925,0.8896571,-2.4492937e-16,1.0,4,0,0,1,6528.0,1,9239.0,1,6135.0,1,3814.0,1,4906.0,1,7254.0,1,0.0,1,0.0,5971.303,5281.7407,-2711.0
481,2013-12-05,7829.0,655.0,1.0,1.0,0,0.0,4.0,-0.45662925,0.8896571,-2.4492937e-16,1.0,4,0,0,1,6142.0,1,6528.0,1,0.0,1,3855.0,1,4838.0,1,5174.0,1,3660.0,1,3080.0,6039.582,5472.9097,-386.0
481,2013-12-06,4185.0,429.0,1.0,1.0,0,0.0,5.0,-0.45662925,0.8896571,-2.4492937e-16,1.0,4,0,0,1,7829.0,1,6142.0,1,9239.0,1,4422.0,1,0.0,1,4802.0,1,3757.0,1,2957.0,6755.349,5996.4854,1687.0
481,2013-12-07,4687.0,477.0,1.0,0.0,0,0.0,6.0,-0.45662925,0.8896571,-2.4492937e-16,1.0,4,0,0,1,4185.0,1,7829.0,1,6528.0,1,5824.0,1,4353.0,1,5011.0,1,3269.0,1,2912.0,5727.2095,5593.933,-3644.0
481,2013-12-08,0.0,0.0,0.0,0.0,0,0.0,7.0,-0.45662925,0.8896571,-2.4492937e-16,1.0,4,0,0,1,4687.0,1,4185.0,1,6142.0,1,6135.0,1,3814.0,1,4906.0,1,3349.0,1,3236.0,5311.1255,5392.392,502.0
481,2013-12-09,5518.0,507.0,1.0,0.0,0,0.0,1.0,-0.34820163,0.93741965,-2.4492937e-16,1.0,4,0,0,1,0.0,1,4687.0,1,7829.0,1,0.0,1,3855.0,1,4838.0,1,4006.0,1,3076.0,3186.6755,4194.083,-4687.0
481,2013-12-10,4546.0,455.0,1.0,0.0,0,0.0,2.0,-0.34820163,0.93741965,-2.4492937e-16,1.0,4,0,0,1,5518.0,1,0.0,1,4185.0,1,9239.0,1,4422.0,1,0.0,1,4121.0,1,3553.0,4119.205,4488.2866,5518.0
481,2013-12-11,4601.0,471.0,1.0,0.0,0,0.0,3.0,-0.34820163,0.93741965,-2.4492937e-16,1.0,4,0,0,1,4546.0,1,5518.0,1,4687.0,1,6528.0,1,5824.0,1,4353.0,1,0.0,1,0.0,4289.9233,4501.112,-972.0
481,2013-12-12,4342.0,482.0,1.0,0.0,0,0.0,4.0,-0.34820163,0.93741965,-2.4492937e-16,1.0,4,0,0,1,4601.0,1,4546.0,1,0.0,1,6142.0,1,6135.0,1,3814.0,1,7254.0,1,5310.0,4414.354,4523.309,55.0
481,2013-12-13,5099.0,481.0,1.0,0.0,0,0.0,5.0,-0.34820163,0.93741965,-2.4492937e-16,1.0,4,0,0,1,4342.0,1,4601.0,1,5518.0,1,7829.0,1,0.0,1,3855.0,1,5174.0,1,4043.0,4385.412,4483.018,-259.0
481,2013-12-14,5449.0,520.0,1.0,0.0,0,0.0,6.0,-0.34820163,0.93741965,-2.4492937e-16,1.0,4,0,0,1,5099.0,1,4342.0,1,4546.0,1,4185.0,1,9239.0,1,4422.0,1,4802.0,1,4635.0,4670.847,4619.9033,757.0
481,2013-12-15,0.0,0.0,0.0,0.0,0,0.0,7.0,-0.34820163,0.93741965,-2.4492937e-16,1.0,4,0,0,1,5449.0,1,5099.0,1,4601.0,1,4687.0,1,6528.0,1,5824.0,1,5011.0,1,4148.0,4982.1084,4804.147,350.0
481,2013-12-16,11045.0,805.0,1.0,1.0,0,0.0,1.0,-0.23488605,0.9720229,-2.4492937e-16,1.0,4,0,0,1,0.0,1,5449.0,1,4342.0,1,0.0,1,6142.0,1,6135.0,1,4906.0,1,3990.0,2989.2651,3736.5586,-5449.0
481,2013-12-17,9057.0,694.0,1.0,1.0,0,0.0,2.0,-0.23488605,0.9720229,-2.4492937e-16,1.0,4,0,0,1,11045.0,1,0.0,1,5099.0,1,5518.0,1,7829.0,1,0.0,1,4838.0,1,3894.0,6211.559,5360.6567,11045.0
481,2013-12-18,8402.0,701.0,1.0,1.0,0,0.0,3.0,-0.23488605,0.9720229,-2.4492937e-16,1.0,4,0,0,1,9057.0,1,11045.0,1,5449.0,1,4546.0,1,4185.0,1,9239.0,1,0.0,1,0.0,7349.7354,6182.0664,-1988.0
481,2013-12-19,8610.0,759.0,1.0,1.0,0,0.0,4.0,-0.23488605,0.9720229,-2.4492937e-16,1.0,4,0,0,1,8402.0,1,9057.0,1,0.0,1,4601.0,1,4687.0,1,6528.0,1,4353.0,1,3495.0,7770.641,6675.385,-655.0
481,2013-12-20,8007.0,729.0,1.0,1.0,0,0.0,5.0,-0.23488605,0.9720229,-2.4492937e-16,1.0,4,0,0,1,8610.0,1,8402.0,1,11045.0,1,4342.0,1,0.0,1,6142.0,1,3814.0,1,3235.0,8106.385,7105.2993,208.0
481,2013-12-21,7507.0,709.0,1.0,0.0,0,0.0,6.0,-0.23488605,0.9720229,-2.4492937e-16,1.0,4,0,0,1,8007.0,1,8610.0,1,9057.0,1,5099.0,1,5518.0,1,7829.0,1,3855.0,1,3652.0,8066.631,7305.6772,-603.0
481,2013-12-22,0.0,0.0,0.0,0.0,0,0.0,7.0,-0.23488605,0.9720229,-2.4492937e-16,1.0,4,0,0,1,7507.0,1,8007.0,1,8402.0,1,5449.0,1,4546.0,1,4185.0,1,4422.0,1,4626.0,7842.7783,7350.4155,-500.0
481,2013-12-23,11007.0,1047.0,1.0,0.0,0,1.0,1.0,-0.11827317,0.9929811,-2.4492937e-16,1.0,4,0,0,1,0.0,1,7507.0,1,8610.0,1,0.0,1,4601.0,1,4687.0,1,5824.0,1,4548.0,4705.667,5716.9897,-7507.0
481,2013-12-24,3609.0,395.0,1.0,0.0,0,1.0,2.0,-0.11827317,0.9929811,-2.4492937e-16,1.0,4,0,0,1,11007.0,1,0.0,1,8007.0,1,11045.0,1,4342.0,1,0.0,1,6135.0,1,5312.0,7226.2,6892.548,11007.0
481,2013-12-25,0.0,0.0,0.0,0.0,3,1.0,3.0,-0.11827317,0.9929811,-2.4492937e-16,1.0,4,0,0,1,3609.0,1,11007.0,1,7507.0,1,9057.0,1,5099.0,1,5518.0,1,0.0,1,0.0,5779.3203,6162.8706,-7398.0
481,2013-12-26,0.0,0.0,0.0,0.0,3,1.0,4.0,-0.11827317,0.9929811,-2.4492937e-16,1.0,4,0,0,1,0.0,1,3609.0,1,0.0,1,8402.0,1,5449.0,1,4546.0,1,9239.0,1,6058.0,3467.592,4793.3438,-3609.0
481,2013-12-27,4723.0,519.0,1.0,0.0,0,1.0,5.0,-0.11827317,0.9929811,-2.4492937e-16,1.0,4,0,0,1,0.0,1,0.0,1,11007.0,1,8610.0,1,0.0,1,4601.0,1,6528.0,1,5046.0,2080.5552,3728.1562,0.0
481,2013-12-28,4324.0,476.0,1.0,0.0,0,1.0,6.0,-0.11827317,0.9929811,-2.4492937e-16,1.0,4,0,0,1,4723.0,1,0.0,1,3609.0,1,8007.0,1,11045.0,1,4342.0,1,6142.0,1,4969.0,3137.5332,3949.2327,4723.0
481,2013-12-29,0.0,0.0,0.0,0.0,0,1.0,7.0,-0.11827317,0.9929811,-2.4492937e-16,1.0,4,0,0,1,4324.0,1,4723.0,1,0.0,1,7507.0,1,9057.0,1,5099.0,1,7829.0,1,4780.0,3612.1199,4032.5142,-399.0
481,2013-12-30,7245.0,704.0,1.0,0.0,0,1.0,1.0,0.11827317,0.9929811,-2.4492937e-16,1.0,4,0,0,1,0.0,1,4324.0,1,0.0,1,0.0,1,8402.0,1,5449.0,1,4185.0,1,5275.0,2167.272,3136.4,-4324.0
481,2013-12-31,2470.0,280.0,1.0,0.0,0,1.0,2.0,0.11827317,0.9929811,-2.4492937e-16,1.0,4,0,1,1,7245.0,1,0.0,1,4723.0,1,11007.0,1,8610.0,1,0.0,1,4687.0,1,4596.0,4198.3633,4049.422,7245.0
481,2014-01-01,0.0,0.0,0.0,0.0,1,1.0,3.0,0.11827317,0.9929811,0.5,0.8660254,1,1,0,1,2470.0,1,7245.0,1,4324.0,1,3609.0,1,8007.0,1,11045.0,1,0.0,1,0.0,3507.0178,3698.4395,-4775.0
481,2014-01-02,4246.0,420.0,1.0,0.0,0,1.0,4.0,0.11827317,0.9929811,0.5,0.8660254,1,0,0,1,0.0,1,2470.0,1,0.0,1,0.0,1,7507.0,1,9057.0,1,5518.0,1,3660.0,2104.2107,2876.564,-2470.0
481,2014-01-03,4098.0,408.0,1.0,0.0,0,1.0,5.0,0.11827317,0.9929811,0.5,0.8660254,1,0,0,1,4246.0,1,0.0,1,7245.0,1,0.0,1,0.0,1,8402.0,1,4546.0,1,3757.0,2960.9265,3180.883,4246.0
481,2014-01-04,4438.0,453.0,1.0,0.0,0,1.0,6.0,0.11827317,0.9929811,0.5,0.8660254,1,0,0,1,4098.0,1,4246.0,1,2470.0,1,4723.0,1,11007.0,1,8610.0,1,4601.0,1,3269.0,3415.7559,3384.687,-148.0
481,2014-01-05,0.0,0.0,0.0,0.0,0,1.0,7.0,0.11827317,0.9929811,0.5,0.8660254,1,0,0,1,4438.0,1,4098.0,1,0.0,1,4324.0,1,3609.0,1,8007.0,1,4342.0,1,3349.0,3824.6536,3618.7566,340.0
481,2014-01-06,7997.0,662.0,1.0,1.0,0,1.0,1.0,0.23488605,0.9720229,0.5,0.8660254,1,0,0,1,0.0,1,4438.0,1,4246.0,1,0.0,1,0.0,1,7507.0,1,5099.0,1,4006.0,2294.792,2814.5884,-4438.0
481,2014-01-07,5607.0,467.0,1.0,1.0,0,1.0,2.0,0.23488605,0.9720229,0.5,0.8660254,1,0,0,1,7997.0,1,0.0,1,4098.0,1,7245.0,1,0.0,1,0.0,1,5449.0,1,4121.0,4575.6753,3966.2354,7997.0
481,2014-01-08,4735.0,452.0,1.0,1.0,0,1.0,3.0,0.23488605,0.9720229,0.5,0.8660254,1,0,0,1,5607.0,1,7997.0,1,4438.0,1,2470.0,1,4723.0,1,11007.0,1,0.0,1,0.0,4988.205,4330.8496,-2390.0
481,2014-01-09,5218.0,502.0,1.0,1.0,0,1.0,4.0,0.23488605,0.9720229,0.5,0.8660254,1,0,0,1,4735.0,1,5607.0,1,0.0,1,0.0,1,4324.0,1,3609.0,1,11045.0,1,7254.0,4886.9233,4420.661,-872.0
481,2014-01-10,5575.0,539.0,1.0,1.0,0,1.0,5.0,0.23488605,0.9720229,0.5,0.8660254,1,0,0,1,5218.0,1,4735.0,1,7997.0,1,4246.0,1,0.0,1,0.0,1,9057.0,1,5174.0,5019.354,4597.847,483.0
481,2014-01-11,4429.0,470.0,1.0,0.0,0,0.0,6.0,0.23488605,0.9720229,0.5,0.8660254,1,0,0,1,5575.0,1,5218.0,1,5607.0,1,4098.0,1,7245.0,1,0.0,1,8402.0,1,4802.0,5241.6123,4814.992,357.0
481,2014-01-12,0.0,0.0,0.0,0.0,0,0.0,7.0,0.23488605,0.9720229,0.5,0.8660254,1,0,0,1,4429.0,1,5575.0,1,4735.0,1,4438.0,1,2470.0,1,4723.0,1,8610.0,1,5011.0,4916.5674,4729.2163,-1146.0
481,2014-01-13,3616.0,394.0,1.0,0.0,0,0.0,1.0,0.34820163,0.93741965,0.5,0.8660254,1,0,0,1,0.0,1,4429.0,1,5218.0,1,0.0,1,0.0,1,4324.0,1,8007.0,1,4906.0,2949.9404,3678.2793,-4429.0
481,2014-01-14,3091.0,348.0,1.0,0.0,0,0.0,2.0,0.34820163,0.93741965,0.5,0.8660254,1,0,0,1,3616.0,1,0.0,1,5575.0,1,7997.0,1,4246.0,1,0.0,1,7507.0,1,4838.0,3216.3643,3664.4395,3616.0
481,2014-01-15,3772.0,394.0,1.0,0.0,0,0.0,3.0,0.34820163,0.93741965,0.5,0.8660254,1,0,0,1,3091.0,1,3616.0,1,4429.0,1,5607.0,1,4098.0,1,7245.0,1,0.0,1,0.0,3166.2185,3537.0085,-525.0
481,2014-01-16,3902.0,427.0,1.0,0.0,0,0.0,4.0,0.34820163,0.93741965,0.5,0.8660254,1,0,0,1,3772.0,1,3091.0,1,0.0,1,4735.0,1,4438.0,1,2470.0,1,11007.0,1,4353.0,3408.5312,3589.2288,681.0
481,2014-01-17,4716.0,476.0,1.0,0.0,0,0.0,5.0,0.34820163,0.93741965,0.5,0.8660254,1,0,0,1,3902.0,1,3772.0,1,3616.0,1,5218.0,1,0.0,1,0.0,1,3609.0,1,3814.0,3605.9187,3658.7336,130.0
481,2014-01-18,4822.0,495.0,1.0,0.0,0,0.0,6.0,0.34820163,0.93741965,0.5,0.8660254,1,0,0,1,4716.0,1,3902.0,1,3091.0,1,5575.0,1,7997.0,1,4246.0,1,0.0,1,3855.0,4049.9512,3893.6816,814.0
481,2014-01-19,0.0,0.0,0.0,0.0,0,0.0,7.0,0.34820163,0.93741965,0.5,0.8660254,1,0,0,1,4822.0,1,4716.0,1,3772.0,1,4429.0,1,5607.0,1,4098.0,1,0.0,1,4422.0,4358.7705,4099.9746,106.0
481,2014-01-20,8551.0,684.0,1.0,1.0,0,0.0,1.0,0.45662925,0.8896571,0.5,0.8660254,1,0,0,1,0.0,1,4822.0,1,3902.0,1,0.0,1,4735.0,1,4438.0,1,4723.0,1,5824.0,2615.2625,3188.8691,-4822.0
481,2014-01-21,5922.0,494.0,1.0,1.0,0,0.0,2.0,0.45662925,0.8896571,0.5,0.8660254,1,0,0,1,8551.0,1,0.0,1,4716.0,1,3616.0,1,5218.0,1,0.0,1,4324.0,1,6135.0,4989.5576,4380.4536,8551.0
481,2014-01-22,5272.0,479.0,1.0,1.0,0,0.0,3.0,0.45662925,0.8896571,0.5,0.8660254,1,0,0,1,5922.0,1,8551.0,1,4822.0,1,3091.0,1,5575.0,1,7997.0,1,0.0,1,0.0,5362.5347,4723.0195,-2629.0
481,2014-01-23,5433.0,491.0,1.0,1.0,0,0.0,4.0,0.45662925,0.8896571,0.5,0.8660254,1,0,0,1,5272.0,1,5922.0,1,0.0,1,3772.0,1,4429.0,1,5607.0,1,7245.0,1,9239.0,5326.321,4845.015,-650.0
481,2014-01-24,5442.0,496.0,1.0,1.0,0,0.0,5.0,0.45662925,0.8896571,0.5,0.8660254,1,0,0,1,5433.0,1,5272.0,1,8551.0,1,3902.0,1,0.0,1,4735.0,1,2470.0,1,6528.0,5368.992,4975.6787,161.0
481,2014-01-25,5140.0,517.0,1.0,0.0,0,0.0,6.0,0.45662925,0.8896571,0.5,0.8660254,1,0,0,1,5442.0,1,5433.0,1,5922.0,1,4716.0,1,3616.0,1,5218.0,1,0.0,1,6142.0,5398.1953,5079.3057,9.0
481,2014-01-26,0.0,0.0,0.0,0.0,0,0.0,7.0,0.45662925,0.8896571,0.5,0.8660254,1,0,0,1,5140.0,1,5442.0,1,5272.0,1,4822.0,1,3091.0,1,5575.0,1,4246.0,1,7829.0,5294.9175,5092.793,-302.0
481,2014-01-27,3532.0,394.0,1.0,0.0,0,0.0,1.0,0.55864674,0.82940567,0.5,0.8660254,1,0,0,1,0.0,1,5140.0,1,5433.0,1,0.0,1,3772.0,1,4429.0,1,4098.0,1,4185.0,3176.9504,3961.0613,-5140.0
481,2014-01-28,3855.0,395.0,1.0,0.0,0,0.0,2.0,0.55864674,0.82940567,0.5,0.8660254,1,0,0,1,3532.0,1,0.0,1,5442.0,1,8551.0,1,3902.0,1,0.0,1,4438.0,1,4687.0,3318.9702,3865.7144,3532.0
481,2014-01-29,3512.0,379.0,1.0,0.0,0,0.0,3.0,0.55864674,0.82940567,0.5,0.8660254,1,0,0,1,3855.0,1,3532.0,1,5140.0,1,5922.0,1,4716.0,1,3616.0,1,0.0,1,0.0,3533.382,3863.3335,323.0
481,2014-01-30,4428.0,427.0,1.0,0.0,0,0.0,4.0,0.55864674,0.82940567,0.5,0.8660254,1,0,0,1,3512.0,1,3855.0,1,0.0,1,5272.0,1,4822.0,1,3091.0,1,7997.0,1,5518.0,3524.8293,3785.2593,-343.0
481,2014-01-31,5725.0,515.0,1.0,0.0,0,0.0,5.0,0.55864674,0.82940567,0.5,0.8660254,1,0,1,1,4428.0,1,3512.0,1,3532.0,1,5433.0,1,0.0,1,3772.0,1,5607.0,1,4546.0,3886.0977,3928.0906,916.0
481,2014-02-01,6520.0,586.0,1.0,0.0,0,0.0,6.0,0.55864674,0.82940567,0.8660254,0.5,1,1,0,1,5725.0,1,4428.0,1,3855.0,1,5442.0,1,8551.0,1,3902.0,1,4735.0,1,4601.0,4621.6587,4327.404,1297.0
481,2014-02-02,0.0,0.0,0.0,0.0,0,0.0,7.0,0.55864674,0.82940567,0.8660254,0.5,1,0,0,1,6520.0,1,5725.0,1,3512.0,1,5140.0,1,5922.0,1,4716.0,1,5218.0,1,4342.0,5380.995,4814.6475,795.0
481,2014-02-03,9894.0,717.0,1.0,1.0,0,0.0,1.0,0.65282214,0.75751126,0.8660254,0.5,1,0,0,1,0.0,1,6520.0,1,4428.0,1,0.0,1,5272.0,1,4822.0,1,5575.0,1,5099.0,3228.5972,3744.7258,-6520.0
481,2014-02-04,6484.0,530.0,1.0,1.0,0,0.0,2.0,0.65282214,0.75751126,0.8660254,0.5,1,0,0,1,9894.0,1,0.0,1,5725.0,1,3532.0,1,5433.0,1,0.0,1,4429.0,1,5449.0,5894.7583,5111.231,9894.0
481,2014-02-05,6007.0,498.0,1.0,1.0,0,0.0,3.0,0.65282214,0.75751126,0.8660254,0.5,1,0,0,1,6484.0,1,9894.0,1,6520.0,1,3855.0,1,5442.0,1,8551.0,1,0.0,1,0.0,6130.455,5416.291,-3410.0
481,2014-02-06,6687.0,578.0,1.0,1.0,0,0.0,4.0,0.65282214,0.75751126,0.8660254,0.5,1,0,0,1,6007.0,1,6484.0,1,0.0,1,3512.0,1,5140.0,1,5922.0,1,3616.0,1,11045.0,6081.0728,5547.5596,-477.0
481,2014-02-07,6967.0,598.0,1.0,1.0,0,0.0,5.0,0.65282214,0.75751126,0.8660254,0.5,1,0,0,1,6687.0,1,6007.0,1,9894.0,1,4428.0,1,0.0,1,5272.0,1,3091.0,1,9057.0,6323.444,5800.7686,680.0
481,2014-02-08,6050.0,569.0,1.0,0.0,0,0.0,6.0,0.65282214,0.75751126,0.8660254,0.5,1,0,0,1,6967.0,1,6687.0,1,6484.0,1,5725.0,1,3532.0,1,5433.0,1,3772.0,1,8402.0,6580.866,6059.931,280.0
481,2014-02-09,0.0,0.0,0.0,0.0,0,0.0,7.0,0.65282214,0.75751126,0.8660254,0.5,1,0,0,1,6050.0,1,6967.0,1,6007.0,1,6520.0,1,3855.0,1,5442.0,1,3902.0,1,8610.0,6368.5195,6057.724,-917.0
481,2014-02-10,4657.0,457.0,1.0,0.0,0,0.0,1.0,0.73783326,0.674983,0.8660254,0.5,1,0,0,1,0.0,1,6050.0,1,6687.0,1,0.0,1,3512.0,1,5140.0,1,4716.0,1,8007.0,3821.1118,4711.5635,-6050.0
481,2014-02-11,4242.0,432.0,1.0,0.0,0,0.0,2.0,0.73783326,0.674983,0.8660254,0.5,1,0,0,1,4657.0,1,0.0,1,6967.0,1,9894.0,1,4428.0,1,0.0,1,4822.0,1,7507.0,4155.4673,4699.438,4657.0
481,2014-02-12,3874.0,409.0,1.0,0.0,0,0.0,3.0,0.73783326,0.674983,0.8660254,0.5,1,0,0,1,4242.0,1,4657.0,1,6050.0,1,6484.0,1,5725.0,1,3532.0,1,0.0,1,0.0,4190.08,4597.785,-415.0
481,2014-02-13,4549.0,471.0,1.0,0.0,0,0.0,4.0,0.73783326,0.674983,0.8660254,0.5,1,0,0,1,3874.0,1,4242.0,1,0.0,1,6007.0,1,6520.0,1,3855.0,1,8551.0,1,11007.0,4063.6482,4436.944,-368.0
481,2014-02-14,5526.0,532.0,1.0,0.0,0,0.0,5.0,0.73783326,0.674983,0.8660254,0.5,1,0,0,1,4549.0,1,3874.0,1,4657.0,1,6687.0,1,0.0,1,3512.0,1,5922.0,1,3609.0,4257.789,4461.845,675.0
481,2014-02-15,5170.0,542.0,1.0,0.0,0,0.0,6.0,0.73783326,0.674983,0.8660254,0.5,1,0,0,1,5526.0,1,4549.0,1,4242.0,1,6967.0,1,9894.0,1,4428.0,1,5272.0,1,0.0,4765.073,4698.324,977.0
481,2014-02-16,0.0,0.0,0.0,0.0,0,0.0,7.0,0.73783326,0.674983,0.8660254,0.5,1,0,0,1,5170.0,1,5526.0,1,3874.0,1,6050.0,1,6484.0,1,5725.0,1,5433.0,1,0.0,4927.044,4803.141,-356.0
481,2014-02-17,7748.0,673.0,1.0,1.0,0,0.0,1.0,0.8124869,0.5829795,0.8660254,0.5,1,0,0,1,0.0,1,5170.0,1,4549.0,1,0.0,1,6007.0,1,6520.0,1,5442.0,1,4723.0,2956.2263,3735.7764,-5170.0
481,2014-02-18,6725.0,550.0,1.0,1.0,0,0.0,2.0,0.8124869,0.5829795,0.8660254,0.5,1,0,0,1,7748.0,1,0.0,1,5526.0,1,4657.0,1,6687.0,1,0.0,1,5140.0,1,4324.0,4872.936,4627.382,7748.0
481,2014-02-19,5847.0,502.0,1.0,1.0,0,0.0,3.0,0.8124869,0.5829795,0.8660254,0.5,1,0,0,1,6725.0,1,7748.0,1,5170.0,1,4242.0,1,6967.0,1,9894.0,1,0.0,1,0.0,5613.7617,5093.519,-1023.0
481,2014-02-20,5600.0,527.0,1.0,1.0,0,0.0,4.0,0.8124869,0.5829795,0.8660254,0.5,1,0,0,1,5847.0,1,6725.0,1,0.0,1,3874.0,1,6050.0,1,6484.0,1,3532.0,1,7245.0,5707.057,5260.9595,-878.0
481,2014-02-21,6492.0,571.0,1.0,1.0,0,0.0,5.0,0.8124869,0.5829795,0.8660254,0.5,1,0,0,1,5600.0,1,5847.0,1,7748.0,1,4549.0,1,0.0,1,6007.0,1,3855.0,1,2470.0,5664.2344,5336.302,-247.0
481,2014-02-22,5649.0,550.0,1.0,0.0,0,0.0,6.0,0.8124869,0.5829795,0.8660254,0.5,1,0,0,1,6492.0,1,5600.0,1,6725.0,1,5526.0,1,4657.0,1,6687.0,1,3512.0,1,0.0,5995.3403,5593.1235,892.0
481,2014-02-23,0.0,0.0,0.0,0.0,0,0.0,7.0,0.8124869,0.5829795,0.8660254,0.5,1,0,0,1,5649.0,1,6492.0,1,5847.0,1,5170.0,1,4242.0,1,6967.0,1,4428.0,1,4246.0,5856.804,5605.5405,-843.0
481,2014-02-24,3933.0,432.0,1.0,0.0,0,0.0,1.0,0.8757349,0.4827922,0.8660254,0.5,1,0,0,1,0.0,1,5649.0,1,5600.0,1,0.0,1,3874.0,1,6050.0,1,5725.0,1,4098.0,3514.0825,4359.8647,-5649.0
481,2014-02-25,3737.0,389.0,1.0,0.0,0,0.0,2.0,0.8757349,0.4827922,0.8660254,0.5,1,0,0,1,3933.0,1,0.0,1,6492.0,1,7748.0,1,4549.0,1,0.0,1,6520.0,1,4438.0,3681.6497,4265.006,3933.0
481,2014-02-26,4320.0,405.0,1.0,0.0,0,0.0,3.0,0.8757349,0.4827922,0.8660254,0.5,1,0,0,1,3737.0,1,3933.0,1,5649.0,1,6725.0,1,5526.0,1,4657.0,1,0.0,1,0.0,3703.7898,4147.6714,-196.0
481,2014-02-27,4258.0,430.0,1.0,0.0,0,0.0,4.0,0.8757349,0.4827922,0.8660254,0.5,1,0,0,1,4320.0,1,3737.0,1,0.0,1,5847.0,1,5170.0,1,4242.0,1,9894.0,1,7997.0,3950.274,4185.967,583.0
481,2014-02-28,5904.0,522.0,1.0,0.0,0,0.0,5.0,0.8757349,0.4827922,0.8660254,0.5,1,0,1,1,4258.0,1,4320.0,1,3933.0,1,5600.0,1,0.0,1,3874.0,1,6484.0,1,5607.0,4073.3643,4201.974,-62.0
481,2014-03-01,6273.0,590.0,1.0,0.0,0,0.0,6.0,0.8757349,0.4827922,1.0,6.123234e-17,1,1,0,1,5904.0,1,4258.0,1,3737.0,1,6492.0,1,7748.0,1,4549.0,1,6007.0,1,4735.0,4805.6187,4580.202,1646.0
481,2014-03-02,0.0,0.0,0.0,0.0,0,0.0,7.0,0.8757349,0.4827922,1.0,6.123234e-17,1,0,0,1,6273.0,1,5904.0,1,4320.0,1,5649.0,1,6725.0,1,5526.0,1,6687.0,1,5218.0,5392.5713,4956.3794,369.0
481,2014-03-03,10146.0,774.0,1.0,1.0,0,0.0,1.0,0.9266896,0.37582758,1.0,6.123234e-17,1,0,0,1,0.0,1,6273.0,1,4258.0,1,0.0,1,5847.0,1,5170.0,1,6967.0,1,5575.0,3235.5427,3854.9617,-6273.0
481,2014-03-04,6445.0,539.0,1.0,1.0,0,0.0,2.0,0.9266896,0.37582758,1.0,6.123234e-17,1,0,0,1,10146.0,1,0.0,1,5904.0,1,3933.0,1,5600.0,1,0.0,1,6050.0,1,4429.0,5999.7256,5252.97,10146.0
481,2014-03-05,6042.0,512.0,1.0,1.0,0,0.0,3.0,0.9266896,0.37582758,1.0,6.123234e-17,1,0,0,1,6445.0,1,10146.0,1,6273.0,1,3737.0,1,6492.0,1,7748.0,1,0.0,1,0.0,6177.8354,5517.8657,-3701.0
481,2014-03-06,5918.0,543.0,1.0,1.0,0,0.0,4.0,0.9266896,0.37582758,1.0,6.123234e-17,1,0,0,1,6042.0,1,6445.0,1,0.0,1,4320.0,1,5649.0,1,6725.0,1,4657.0,1,3616.0,6123.5015,5634.34,-403.0
481,2014-03-07,6502.0,576.0,1.0,1.0,0,0.0,5.0,0.9266896,0.37582758,1.0,6.123234e-17,1,0,0,1,5918.0,1,6042.0,1,10146.0,1,4258.0,1,0.0,1,5847.0,1,4242.0,1,3091.0,6041.301,5697.3755,-124.0
481,2014-03-08,4965.0,509.0,1.0,0.0,0,0.0,6.0,0.9266896,0.37582758,1.0,6.123234e-17,1,0,0,1,6502.0,1,5918.0,1,6445.0,1,5904.0,1,3933.0,1,5600.0,1,3874.0,1,3772.0,6225.5806,5876.181,584.0
481,2014-03-09,0.0,0.0,0.0,0.0,0,0.0,7.0,0.9266896,0.37582758,1.0,6.123234e-17,1,0,0,1,4965.0,1,6502.0,1,6042.0,1,6273.0,1,3737.0,1,6492.0,1,4549.0,1,3902.0,5721.348,5673.6963,-1537.0
481,2014-03-10,4644.0,437.0,1.0,0.0,0,0.0,1.0,0.9646356,0.26358718,1.0,6.123234e-17,1,0,0,1,0.0,1,4965.0,1,5918.0,1,0.0,1,4320.0,1,5649.0,1,5526.0,1,4716.0,3432.8088,4412.875,-4965.0
481,2014-03-11,3745.0,405.0,1.0,0.0,0,0.0,2.0,0.9646356,0.26358718,1.0,6.123234e-17,1,0,0,1,4644.0,1,0.0,1,6502.0,1,10146.0,1,4258.0,1,0.0,1,5170.0,1,4822.0,3917.2854,4464.236,4644.0
481,2014-03-12,3870.0,389.0,1.0,0.0,0,0.0,3.0,0.9646356,0.26358718,1.0,6.123234e-17,1,0,0,1,3745.0,1,4644.0,1,4965.0,1,6445.0,1,5904.0,1,3933.0,1,0.0,1,0.0,3848.3713,4304.406,-899.0
481,2014-03-13,4375.0,430.0,1.0,0.0,0,0.0,4.0,0.9646356,0.26358718,1.0,6.123234e-17,1,0,0,1,3870.0,1,3745.0,1,0.0,1,6042.0,1,6273.0,1,3737.0,1,7748.0,1,8551.0,3857.0227,4207.871,125.0
481,2014-03-14,4252.0,421.0,1.0,0.0,0,0.0,5.0,0.9646356,0.26358718,1.0,6.123234e-17,1,0,0,1,4375.0,1,3870.0,1,4644.0,1,5918.0,1,0.0,1,4320.0,1,6725.0,1,5922.0,4064.2136,4245.0107,505.0
481,2014-03-15,5474.0,550.0,1.0,0.0,0,0.0,6.0,0.9646356,0.26358718,1.0,6.123234e-17,1,0,0,1,4252.0,1,4375.0,1,3745.0,1,6502.0,1,10146.0,1,4258.0,1,5847.0,1,5272.0,4139.328,4246.564,-123.0
481,2014-03-16,0.0,0.0,0.0,0.0,0,0.0,7.0,0.9646356,0.26358718,1.0,6.123234e-17,1,0,0,1,5474.0,1,4252.0,1,3870.0,1,4965.0,1,6445.0,1,5904.0,1,5600.0,1,5433.0,4673.197,4519.3276,1222.0
481,2014-03-17,7909.0,687.0,1.0,1.0,0,0.0,1.0,0.9890402,0.14764656,1.0,6.123234e-17,1,0,0,1,0.0,1,5474.0,1,4375.0,1,0.0,1,6042.0,1,6273.0,1,6492.0,1,5442.0,2803.9182,3515.0325,-5474.0
481,2014-03-18,5623.0,510.0,1.0,1.0,0,0.0,2.0,0.9890402,0.14764656,1.0,6.123234e-17,1,0,0,1,7909.0,1,0.0,1,4252.0,1,4644.0,1,5918.0,1,0.0,1,5649.0,1,5140.0,4845.9507,4491.4697,7909.0
481,2014-03-19,5638.0,497.0,1.0,1.0,0,0.0,3.0,0.9890402,0.14764656,1.0,6.123234e-17,1,0,0,1,5623.0,1,7909.0,1,5474.0,1,3745.0,1,6502.0,1,10146.0,1,0.0,1,0.0,5156.7705,4742.921,-2286.0
481,2014-03-20,3842.0,410.0,1.0,1.0,0,0.0,4.0,0.9890402,0.14764656,1.0,6.123234e-17,1,0,0,1,5638.0,1,5623.0,1,0.0,1,3870.0,1,4965.0,1,6445.0,1,3933.0,1,3532.0,5349.262,4941.8276,15.0
481,2014-03-21,5491.0,513.0,1.0,1.0,0,0.0,5.0,0.9890402,0.14764656,1.0,6.123234e-17,1,0,0,1,3842.0,1,5638.0,1,7909.0,1,4375.0,1,0.0,1,6042.0,1,3737.0,1,3855.0,4746.3574,4697.4214,-1796.0
481,2014-03-22,3986.0,430.0,1.0,0.0,0,0.0,6.0,0.9890402,0.14764656,1.0,6.123234e-17,1,0,0,1,5491.0,1,3842.0,1,5623.0,1,4252.0,1,4644.0,1,5918.0,1,4320.0,1,3512.0,5044.2144,4873.772,1649.0
481,2014-03-23,0.0,0.0,0.0,0.0,0,0.0,7.0,0.9890402,0.14764656,1.0,6.123234e-17,1,0,0,1,3986.0,1,5491.0,1,5638.0,1,5474.0,1,3745.0,1,6502.0,1,4258.0,1,4428.0,4620.9287,4676.4893,-1505.0
481,2014-03-24,3711.0,404.0,1.0,0.0,0,0.0,1.0,0.99956083,0.029633328,1.0,6.123234e-17,1,0,0,1,0.0,1,3986.0,1,3842.0,1,0.0,1,3870.0,1,4965.0,1,5904.0,1,5725.0,2772.5571,3637.2695,-3986.0
481,2014-03-25,3560.0,357.0,1.0,0.0,0,0.0,2.0,0.99956083,0.029633328,1.0,6.123234e-17,1,0,0,1,3711.0,1,0.0,1,5491.0,1,7909.0,1,4375.0,1,0.0,1,6273.0,1,6520.0,3147.9343,3653.654,3711.0
481,2014-03-26,3131.0,373.0,1.0,0.0,0,0.0,3.0,0.99956083,0.029633328,1.0,6.123234e-17,1,0,0,1,3560.0,1,3711.0,1,3986.0,1,5623.0,1,4252.0,1,4644.0,1,0.0,1,0.0,3312.7605,3632.842,-151.0
481,2014-03-27,3365.0,366.0,1.0,0.0,0,0.0,4.0,0.99956083,0.029633328,1.0,6.123234e-17,1,0,0,1,3131.0,1,3560.0,1,0.0,1,5638.0,1,5474.0,1,3745.0,1,10146.0,1,9894.0,3240.0564,3521.3215,-429.0
481,2014-03-28,4199.0,388.0,1.0,0.0,0,0.0,5.0,0.99956083,0.029633328,1.0,6.123234e-17,1,0,0,1,3365.0,1,3131.0,1,3711.0,1,3842.0,1,0.0,1,3870.0,1,6445.0,1,6484.0,3290.0337,3486.5835,234.0
481,2014-03-29,3794.0,448.0,1.0,0.0,0,0.0,6.0,0.99956083,0.029633328,1.0,6.123234e-17,1,0,0,1,4199.0,1,3365.0,1,3560.0,1,5491.0,1,7909.0,1,4375.0,1,6042.0,1,6007.0,3653.6204,3644.8982,834.0
481,2014-03-30,0.0,0.0,0.0,0.0,0,0.0,7.0,0.99956083,0.029633328,1.0,6.123234e-17,1,0,0,1,3794.0,1,4199.0,1,3131.0,1,3986.0,1,5623.0,1,4252.0,1,5918.0,1,6687.0,3709.7722,3678.032,-405.0
481,2014-03-31,7553.0,614.0,1.0,1.0,0,0.0,1.0,0.9960498,-0.08879589,1.0,6.123234e-17,1,0,1,1,0.0,1,3794.0,1,3365.0,1,0.0,1,5638.0,1,5474.0,1,6502.0,1,6967.0,2225.8633,2860.6917,-3794.0
481,2014-04-01,5394.0,487.0,1.0,1.0,0,0.0,2.0,0.9960498,-0.08879589,0.8660254,-0.5,2,1,0,1,7553.0,1,0.0,1,4199.0,1,3711.0,1,3842.0,1,0.0,1,4965.0,1,6050.0,4356.718,3903.4268,7553.0
481,2014-04-02,4825.0,464.0,1.0,1.0,0,0.0,3.0,0.9960498,-0.08879589,0.8660254,-0.5,2,0,0,1,5394.0,1,7553.0,1,3794.0,1,3560.0,1,5491.0,1,7909.0,1,0.0,1,0.0,4771.631,4234.665,-2159.0
481,2014-04-03,5431.0,512.0,1.0,1.0,0,0.0,4.0,0.9960498,-0.08879589,0.8660254,-0.5,2,0,0,1,4825.0,1,5394.0,1,0.0,1,3131.0,1,3986.0,1,5623.0,1,4644.0,1,4657.0,4792.9785,4365.8506,-569.0
481,2014-04-04,5476.0,498.0,1.0,1.0,0,0.0,5.0,0.9960498,-0.08879589,0.8660254,-0.5,2,0,0,1,5431.0,1,4825.0,1,7553.0,1,3365.0,1,0.0,1,5638.0,1,3745.0,1,4242.0,5048.187,4602.551,606.0
481,2014-04-05,4898.0,509.0,1.0,0.0,0,0.0,6.0,0.9960498,-0.08879589,0.8660254,-0.5,2,0,0,1,5476.0,1,5431.0,1,5394.0,1,4199.0,1,3711.0,1,3842.0,1,3870.0,1,3874.0,5219.312,4796.6504,45.0
481,2014-04-06,0.0,0.0,0.0,0.0,0,0.0,7.0,0.9960498,-0.08879589,0.8660254,-0.5,2,0,0,1,4898.0,1,5476.0,1,4825.0,1,3794.0,1,3560.0,1,5491.0,1,4375.0,1,4549.0,5090.787,4819.1724,-578.0
481,2014-04-07,4005.0,408.0,1.0,0.0,0,0.0,1.0,0.9785565,-0.20597862,0.8660254,-0.5,2,0,0,1,0.0,1,4898.0,1,5431.0,1,0.0,1,3131.0,1,3986.0,1,4252.0,1,5526.0,3054.4724,3748.2454,-4898.0
481,2014-04-08,3596.0,410.0,1.0,0.0,0,0.0,2.0,0.9785565,-0.20597862,0.8660254,-0.5,2,0,0,1,4005.0,1,0.0,1,5476.0,1,7553.0,1,3365.0,1,0.0,1,5474.0,1,5170.0,3434.6833,3805.302,4005.0
481,2014-04-09,4133.0,416.0,1.0,0.0,0,0.0,3.0,0.9785565,-0.20597862,0.8660254,-0.5,2,0,0,1,3596.0,1,4005.0,1,4898.0,1,5394.0,1,4199.0,1,3711.0,1,0.0,1,0.0,3499.21,3758.7903,-409.0
481,2014-04-10,4244.0,465.0,1.0,0.0,0,0.0,4.0,0.9785565,-0.20597862,0.8660254,-0.5,2,0,0,1,4133.0,1,3596.0,1,0.0,1,4825.0,1,3794.0,1,3560.0,1,7909.0,1,7748.0,3752.726,3841.948,537.0
481,2014-04-11,4693.0,453.0,1.0,0.0,0,0.0,5.0,0.9785565,-0.20597862,0.8660254,-0.5,2,0,0,1,4244.0,1,4133.0,1,4005.0,1,5431.0,1,0.0,1,3131.0,1,5623.0,1,6725.0,3949.2356,3931.293,111.0
481,2014-04-12,4598.0,470.0,1.0,0.0,0,0.0,6.0,0.9785565,-0.20597862,0.8660254,-0.5,2,0,0,1,4693.0,1,4244.0,1,3596.0,1,5476.0,1,7553.0,1,3365.0,1,5638.0,1,5847.0,4246.741,4100.561,449.0
481,2014-04-13,0.0,0.0,0.0,0.0,0,0.0,7.0,0.9785565,-0.20597862,0.8660254,-0.5,2,0,0,1,4598.0,1,4693.0,1,4133.0,1,4898.0,1,5394.0,1,4199.0,1,3842.0,1,5600.0,4387.2446,4211.103,-95.0
481,2014-04-14,8742.0,721.0,1.0,1.0,0,1.0,1.0,0.94732636,-0.32026985,0.8660254,-0.5,2,0,0,1,0.0,1,4598.0,1,4244.0,1,0.0,1,4825.0,1,3794.0,1,5491.0,1,6492.0,2632.347,3275.3025,-4598.0
481,2014-04-15,6934.0,564.0,1.0,1.0,0,1.0,2.0,0.94732636,-0.32026985,0.8660254,-0.5,2,0,0,1,8742.0,1,0.0,1,4693.0,1,4005.0,1,5431.0,1,0.0,1,3986.0,1,5649.0,5076.208,4490.124,8742.0
481,2014-04-16,6229.0,608.0,1.0,1.0,0,1.0,3.0,0.94732636,-0.32026985,0.8660254,-0.5,2,0,0,1,6934.0,1,8742.0,1,4598.0,1,3596.0,1,5476.0,1,7553.0,1,0.0,1,0.0,5819.3247,5033.2075,-1808.0
481,2014-04-17,6959.0,662.0,1.0,1.0,0,1.0,4.0,0.94732636,-0.32026985,0.8660254,-0.5,2,0,0,1,6229.0,1,6934.0,1,0.0,1,4133.0,1,4898.0,1,5394.0,1,3711.0,1,3933.0,5983.195,5298.9395,-705.0
481,2014-04-18,0.0,0.0,0.0,1.0,2,1.0,5.0,0.94732636,-0.32026985,0.8660254,-0.5,2,0,0,1,6959.0,1,6229.0,1,8742.0,1,4244.0,1,0.0,1,4825.0,1,3560.0,1,3737.0,6373.517,5667.842,730.0
481,2014-04-19,6503.0,690.0,1.0,0.0,0,1.0,6.0,0.94732636,-0.32026985,0.8660254,-0.5,2,0,0,1,0.0,1,6959.0,1,6934.0,1,4693.0,1,4005.0,1,5431.0,1,3131.0,1,4320.0,3824.11,4408.3213,-6959.0
481,2014-04-20,0.0,0.0,0.0,0.0,0,1.0,7.0,0.94732636,-0.32026985,0.8660254,-0.5,2,0,0,1,6503.0,1,0.0,1,6229.0,1,4598.0,1,3596.0,1,5476.0,1,3365.0,1,4258.0,4895.666,4873.8057,6503.0
481,2014-04-21,0.0,0.0,0.0,0.0,2,1.0,1.0,0.9027978,-0.4300652,0.8660254,-0.5,2,0,0,1,0.0,1,6503.0,1,6959.0,1,0.0,1,4133.0,1,4898.0,1,4199.0,1,5904.0,2937.3997,3790.7375,-6503.0
481,2014-04-22,3600.0,406.0,1.0,0.0,0,1.0,2.0,0.9027978,-0.4300652,0.8660254,-0.5,2,0,0,1,0.0,1,0.0,1,0.0,1,8742.0,1,4244.0,1,0.0,1,3794.0,1,6273.0,1762.4398,2948.3516,0.0
481,2014-04-23,3672.0,351.0,1.0,0.0,0,1.0,3.0,0.9027978,-0.4300652,0.8660254,-0.5,2,0,0,1,3600.0,1,0.0,1,6503.0,1,6934.0,1,4693.0,1,4005.0,1,0.0,1,0.0,2497.4639,3093.1624,3600.0
481,2014-04-24,3971.0,411.0,1.0,0.0,0,1.0,4.0,0.9027978,-0.4300652,0.8660254,-0.5,2,0,0,1,3672.0,1,3600.0,1,0.0,1,6229.0,1,4598.0,1,3596.0,1,7553.0,1,10146.0,2967.2783,3221.793,72.0
481,2014-04-25,3518.0,386.0,1.0,0.0,0,1.0,5.0,0.9027978,-0.4300652,0.8660254,-0.5,2,0,0,1,3971.0,1,3672.0,1,0.0,1,6959.0,1,0.0,1,4133.0,1,5394.0,1,6445.0,3368.767,3388.2834,299.0
481,2014-04-26,4483.0,440.0,1.0,0.0,0,0.0,6.0,0.9027978,-0.4300652,0.8660254,-0.5,2,0,0,1,3518.0,1,3971.0,1,3600.0,1,0.0,1,8742.0,1,4244.0,1,4825.0,1,6042.0,3428.4602,3417.1094,-453.0
481,2014-04-27,0.0,0.0,0.0,0.0,0,0.0,7.0,0.9027978,-0.4300652,0.8660254,-0.5,2,0,0,1,4483.0,1,3518.0,1,3672.0,1,6503.0,1,6934.0,1,4693.0,1,5431.0,1,5918.0,3850.2761,3653.9739,965.0
481,2014-04-28,8141.0,682.0,1.0,1.0,0,0.0,1.0,0.845596,-0.5338234,0.8660254,-0.5,2,0,0,1,0.0,1,4483.0,1,3971.0,1,0.0,1,6229.0,1,4598.0,1,5476.0,1,6502.0,2310.1658,2841.9797,-4483.0
481,2014-04-29,6565.0,542.0,1.0,1.0,0,0.0,2.0,0.845596,-0.5338234,0.8660254,-0.5,2,0,0,1,8141.0,1,0.0,1,3518.0,1,0.0,1,6959.0,1,0.0,1,4898.0,1,4965.0,4642.4995,4019.5398,8141.0
481,2014-04-30,8842.0,737.0,1.0,1.0,0,0.0,3.0,0.845596,-0.5338234,0.8660254,-0.5,2,0,1,1,6565.0,1,8141.0,1,4483.0,1,3600.0,1,0.0,1,8742.0,1,0.0,1,0.0,5411.4995,4585.1978,-1576.0
481,2014-05-01,0.0,0.0,0.0,1.0,1,0.0,4.0,0.845596,-0.5338234,0.5,-0.8660254,2,1,0,1,8842.0,1,6565.0,1,0.0,1,3672.0,1,6503.0,1,6934.0,1,4005.0,1,4644.0,6783.6997,5531.154,2277.0
481,2014-05-02,7266.0,635.0,1.0,1.0,0,0.0,5.0,0.845596,-0.5338234,0.5,-0.8660254,2,0,0,1,0.0,1,8842.0,1,8141.0,1,3971.0,1,0.0,1,6229.0,1,3596.0,1,3745.0,4070.22,4302.0083,-8842.0
481,2014-05-03,4301.0,462.0,1.0,0.0,0,0.0,6.0,0.845596,-0.5338234,0.5,-0.8660254,2,0,0,1,7266.0,1,0.0,1,6565.0,1,3518.0,1,0.0,1,6959.0,1,4133.0,1,3870.0,5348.5317,4960.6733,7266.0
481,2014-05-04,0.0,0.0,0.0,0.0,0,0.0,7.0,0.845596,-0.5338234,0.5,-0.8660254,2,0,0,1,4301.0,1,7266.0,1,8842.0,1,4483.0,1,3600.0,1,0.0,1,4244.0,1,4375.0,4929.519,4814.079,-2965.0
481,2014-05-05,8076.0,606.0,1.0,1.0,0,0.0,1.0,0.7765239,-0.63008785,0.5,-0.8660254,2,0,0,1,0.0,1,4301.0,1,0.0,1,0.0,1,3672.0,1,6503.0,1,4693.0,1,4252.0,2957.7114,3744.2837,-4301.0
481,2014-05-06,5889.0,503.0,1.0,1.0,0,0.0,2.0,0.7765239,-0.63008785,0.5,-0.8660254,2,0,0,1,8076.0,1,0.0,1,7266.0,1,8141.0,1,3971.0,1,0.0,1,4598.0,1,5474.0,5005.027,4706.887,8076.0
481,2014-05-07,6458.0,547.0,1.0,1.0,0,0.0,3.0,0.7765239,-0.63008785,0.5,-0.8660254,2,0,0,1,5889.0,1,8076.0,1,4301.0,1,6565.0,1,3518.0,1,0.0,1,0.0,1,0.0,5358.616,4969.579,-2187.0
481,2014-05-08,6206.0,523.0,1.0,1.0,0,0.0,4.0,0.7765239,-0.63008785,0.5,-0.8660254,2,0,0,1,6458.0,1,5889.0,1,0.0,1,8842.0,1,4483.0,1,3600.0,1,8742.0,1,7909.0,5798.3696,5300.3394,569.0
481,2014-05-09,6439.0,555.0,1.0,1.0,0,0.0,5.0,0.7765239,-0.63008785,0.5,-0.8660254,2,0,0,1,6206.0,1,6458.0,1,8076.0,1,0.0,1,0.0,1,3672.0,1,6934.0,1,5623.0,5961.422,5501.597,-252.0
481,2014-05-10,6424.0,576.0,1.0,0.0,0,0.0,6.0,0.7765239,-0.63008785,0.5,-0.8660254,2,0,0,1,6439.0,1,6206.0,1,5889.0,1,7266.0,1,8141.0,1,3971.0,1,6229.0,1,5638.0,6152.453,5709.909,233.0
481,2014-05-11,0.0,0.0,0.0,0.0,0,0.0,7.0,0.7765239,-0.63008785,0.5,-0.8660254,2,0,0,1,6424.0,1,6439.0,1,6458.0,1,4301.0,1,6565.0,1,3518.0,1,6959.0,1,3842.0,6261.072,5868.5957,-15.0
481,2014-05-12,4318.0,462.0,1.0,0.0,0,0.0,1.0,0.696551,-0.71750724,0.5,-0.8660254,2,0,0,1,0.0,1,6424.0,1,6206.0,1,0.0,1,8842.0,1,4483.0,1,0.0,1,5491.0,3756.643,4564.4634,-6424.0
481,2014-05-13,3846.0,412.0,1.0,0.0,0,0.0,2.0,0.696551,-0.71750724,0.5,-0.8660254,2,0,0,1,4318.0,1,0.0,1,6439.0,1,8076.0,1,0.0,1,0.0,1,6503.0,1,3986.0,3981.1858,4509.694,4318.0
481,2014-05-14,4074.0,389.0,1.0,0.0,0,0.0,3.0,0.696551,-0.71750724,0.5,-0.8660254,2,0,0,1,3846.0,1,4318.0,1,6424.0,1,5889.0,1,7266.0,1,8141.0,1,0.0,1,0.0,3927.1116,4362.206,-472.0
481,2014-05-15,4219.0,406.0,1.0,0.0,0,0.0,4.0,0.696551,-0.71750724,0.5,-0.8660254,2,0,0,1,4074.0,1,3846.0,1,0.0,1,6458.0,1,4301.0,1,6565.0,1,0.0,1,3711.0,3985.867,4298.1606,228.0
481,2014-05-16,3735.0,415.0,1.0,0.0,0,0.0,5.0,0.696551,-0.71750724,0.5,-0.8660254,2,0,0,1,4219.0,1,4074.0,1,4318.0,1,6206.0,1,0.0,1,8842.0,1,3600.0,1,3560.0,4079.12,4280.5693,145.0
481,2014-05-17,4721.0,475.0,1.0,0.0,0,0.0,6.0,0.696551,-0.71750724,0.5,-0.8660254,2,0,0,1,3735.0,1,4219.0,1,3846.0,1,6439.0,1,8076.0,1,0.0,1,3672.0,1,3131.0,3941.4722,4159.3315,-484.0
481,2014-05-18,0.0,0.0,0.0,0.0,0,0.0,7.0,0.696551,-0.71750724,0.5,-0.8660254,2,0,0,1,4721.0,1,3735.0,1,4074.0,1,6424.0,1,5889.0,1,7266.0,1,3971.0,1,3365.0,4253.283,4284.147,986.0
481,2014-05-19,6531.0,552.0,1.0,1.0,0,0.0,1.0,0.60680014,-0.79485446,0.5,-0.8660254,2,0,0,1,0.0,1,4721.0,1,4219.0,1,0.0,1,6458.0,1,4301.0,1,3518.0,1,4199.0,2551.97,3332.1143,-4721.0
481,2014-05-20,5681.0,466.0,1.0,1.0,0,0.0,2.0,0.60680014,-0.79485446,0.5,-0.8660254,2,0,0,1,6531.0,1,0.0,1,3735.0,1,4318.0,1,6206.0,1,0.0,1,4483.0,1,3794.0,4143.582,4042.9778,6531.0
481,2014-05-21,4995.0,463.0,1.0,1.0,0,0.0,3.0,0.60680014,-0.79485446,0.5,-0.8660254,2,0,0,1,5681.0,1,6531.0,1,4721.0,1,3846.0,1,6439.0,1,8076.0,1,0.0,1,0.0,4758.5493,4406.9824,-850.0
481,2014-05-22,5421.0,489.0,1.0,1.0,0,0.0,4.0,0.60680014,-0.79485446,0.5,-0.8660254,2,0,0,1,4995.0,1,5681.0,1,0.0,1,4074.0,1,6424.0,1,5889.0,1,8141.0,1,7553.0,4853.1294,4537.6533,-686.0
481,2014-05-23,6329.0,551.0,1.0,1.0,0,0.0,5.0,0.60680014,-0.79485446,0.5,-0.8660254,2,0,0,1,5421.0,1,4995.0,1,6531.0,1,4219.0,1,0.0,1,6458.0,1,6565.0,1,5394.0,5080.278,4733.9526,426.0
481,2014-05-24,5133.0,500.0,1.0,0.0,0,0.0,6.0,0.60680014,-0.79485446,0.5,-0.8660254,2,0,0,1,6329.0,1,5421.0,1,5681.0,1,3735.0,1,4318.0,1,6206.0,1,8842.0,1,4825.0,5579.7666,5088.4077,908.0
481,2014-05-25,0.0,0.0,0.0,0.0,0,0.0,7.0,0.60680014,-0.79485446,0.5,-0.8660254,2,0,0,1,5133.0,1,6329.0,1,4995.0,1,4721.0,1,3846.0,1,6439.0,1,0.0,1,5431.0,5401.06,5098.317,-1196.0
481,2014-05-26,4463.0,451.0,1.0,0.0,0,0.0,1.0,0.5085311,-0.86104363,0.5,-0.8660254,2,0,0,1,0.0,1,5133.0,1,5421.0,1,0.0,1,4074.0,1,6424.0,1,7266.0,1,5476.0,3240.636,3965.3577,-5133.0
481,2014-05-27,3990.0,414.0,1.0,0.0,0,0.0,2.0,0.5085311,-0.86104363,0.5,-0.8660254,2,0,0,1,4463.0,1,0.0,1,6329.0,1,6531.0,1,4219.0,1,0.0,1,4301.0,1,4898.0,3729.5815,4075.9448,4463.0
481,2014-05-28,5322.0,552.0,1.0,0.0,0,0.0,3.0,0.5085311,-0.86104363,0.5,-0.8660254,2,0,0,1,3990.0,1,4463.0,1,5133.0,1,5681.0,1,3735.0,1,4318.0,1,0.0,1,0.0,3833.749,4056.846,-473.0
481,2014-05-29,0.0,0.0,0.0,0.0,1,0.0,4.0,0.5085311,-0.86104363,0.5,-0.8660254,2,0,0,1,5322.0,1,3990.0,1,0.0,1,4995.0,1,4721.0,1,3846.0,1,8076.0,1,4005.0,4429.0493,4337.991,1332.0
481,2014-05-30,6599.0,619.0,1.0,0.0,0,0.0,5.0,0.5085311,-0.86104363,0.5,-0.8660254,2,0,0,1,0.0,1,5322.0,1,4463.0,1,5421.0,1,0.0,1,4074.0,1,5889.0,1,3596.0,2657.4297,3373.9932,-5322.0
481,2014-05-31,4635.0,443.0,1.0,0.0,0,0.0,6.0,0.5085311,-0.86104363,0.5,-0.8660254,2,0,1,1,6599.0,1,0.0,1,3990.0,1,6329.0,1,6531.0,1,4219.0,1,6458.0,1,4133.0,4234.0576,4090.6614,6599.0
481,2014-06-01,0.0,0.0,0.0,0.0,0,0.0,7.0,0.5085311,-0.86104363,1.2246469e-16,-1.0,2,1,0,1,4635.0,1,6599.0,1,5322.0,1,5133.0,1,5681.0,1,3735.0,1,6206.0,1,4244.0,4394.4346,4211.6255,-1964.0
481,2014-06-02,8140.0,649.0,1.0,1.0,0,0.0,1.0,0.40312344,-0.91514564,1.2246469e-16,-1.0,2,0,0,1,0.0,1,4635.0,1,0.0,1,0.0,1,4995.0,1,4721.0,1,6439.0,1,4693.0,2636.661,3275.7087,-4635.0
481,2014-06-03,5748.0,532.0,1.0,1.0,0,0.0,2.0,0.40312344,-0.91514564,1.2246469e-16,-1.0,2,0,0,1,8140.0,1,0.0,1,6599.0,1,4463.0,1,5421.0,1,0.0,1,6424.0,1,4598.0,4837.9966,4356.6626,8140.0
481,2014-06-04,7147.0,558.0,1.0,1.0,0,0.0,3.0,0.40312344,-0.91514564,1.2246469e-16,-1.0,2,0,0,1,5748.0,1,8140.0,1,4635.0,1,3990.0,1,6329.0,1,6531.0,1,0.0,1,0.0,5201.998,4665.8486,-2392.0
481,2014-06-05,6229.0,558.0,1.0,1.0,0,0.0,4.0,0.40312344,-0.91514564,1.2246469e-16,-1.0,2,0,0,1,7147.0,1,5748.0,1,0.0,1,5322.0,1,5133.0,1,5681.0,1,4318.0,1,8742.0,5979.9985,5217.2153,1399.0
481,2014-06-06,6034.0,543.0,1.0,1.0,0,0.0,5.0,0.40312344,-0.91514564,1.2246469e-16,-1.0,2,0,0,1,6229.0,1,7147.0,1,8140.0,1,0.0,1,0.0,1,4995.0,1,3846.0,1,6934.0,6079.599,5442.0566,-918.0
481,2014-06-07,4607.0,461.0,1.0,0.0,0,0.0,6.0,0.40312344,-0.91514564,1.2246469e-16,-1.0,2,0,0,1,6034.0,1,6229.0,1,5748.0,1,6599.0,1,4463.0,1,5421.0,1,4074.0,1,6229.0,6061.3594,5573.5996,-195.0
481,2014-06-08,0.0,0.0,0.0,0.0,0,0.0,7.0,0.40312344,-0.91514564,1.2246469e-16,-1.0,2,0,0,1,4607.0,1,6034.0,1,7147.0,1,4635.0,1,3990.0,1,6329.0,1,4219.0,1,6959.0,5479.6157,5358.8,-1427.0
481,2014-06-09,0.0,0.0,0.0,0.0,1,0.0,1.0,0.29205677,-0.956401,1.2246469e-16,-1.0,2,0,0,1,0.0,1,4607.0,1,6229.0,1,0.0,1,5322.0,1,5133.0,1,3735.0,1,0.0,3287.7695,4167.955,-4607.0
481,2014-06-10,5152.0,500.0,1.0,0.0,0,0.0,2.0,0.29205677,-0.956401,1.2246469e-16,-1.0,2,0,0,1,0.0,1,0.0,1,6034.0,1,8140.0,1,0.0,1,0.0,1,4721.0,1,6503.0,1972.6616,3241.743,0.0
481,2014-06-11,4093.0,403.0,1.0,0.0,0,0.0,3.0,0.29205677,-0.956401,1.2246469e-16,-1.0,2,0,0,1,5152.0,1,0.0,1,4607.0,1,5748.0,1,6599.0,1,4463.0,1,0.0,1,0.0,3244.397,3666.2446,5152.0
481,2014-06-12,5199.0,493.0,1.0,0.0,0,0.0,4.0,0.29205677,-0.956401,1.2246469e-16,-1.0,2,0,0,1,4093.0,1,5152.0,1,0.0,1,7147.0,1,4635.0,1,3990.0,1,6531.0,1,0.0,3583.8381,3761.079,-1059.0
481,2014-06-13,4630.0,452.0,1.0,0.0,0,0.0,5.0,0.29205677,-0.956401,1.2246469e-16,-1.0,2,0,0,1,5199.0,1,4093.0,1,0.0,1,6229.0,1,0.0,1,5322.0,1,5681.0,1,3600.0,4229.903,4080.617,1106.0
481,2014-06-14,5077.0,497.0,1.0,0.0,0,0.0,6.0,0.29205677,-0.956401,1.2246469e-16,-1.0,2,0,0,1,4630.0,1,5199.0,1,5152.0,1,6034.0,1,8140.0,1,0.0,1,4995.0,1,3672.0,4389.942,4202.702,-569.0
481,2014-06-15,0.0,0.0,0.0,0.0,0,0.0,7.0,0.29205677,-0.956401,1.2246469e-16,-1.0,2,0,0,1,5077.0,1,4630.0,1,4093.0,1,4607.0,1,5748.0,1,6599.0,1,5421.0,1,3971.0,4664.765,4396.9907,447.0
481,2014-06-16,8449.0,684.0,1.0,1.0,0,0.0,1.0,0.17689027,-0.9842306,1.2246469e-16,-1.0,2,0,0,1,0.0,1,5077.0,1,5199.0,1,0.0,1,7147.0,1,4635.0,1,6329.0,1,3518.0,2798.8591,3419.8816,-5077.0
481,2014-06-17,6319.0,559.0,1.0,1.0,0,0.0,2.0,0.17689027,-0.9842306,1.2246469e-16,-1.0,2,0,0,1,8449.0,1,0.0,1,4630.0,1,0.0,1,6229.0,1,0.0,1,5133.0,1,4483.0,5058.9155,4537.4634,8449.0
481,2014-06-18,6821.0,618.0,1.0,1.0,0,0.0,3.0,0.17689027,-0.9842306,1.2246469e-16,-1.0,2,0,0,1,6319.0,1,8449.0,1,5077.0,1,5152.0,1,6034.0,1,8140.0,1,0.0,1,0.0,5562.949,4933.3604,-2130.0
481,2014-06-19,0.0,0.0,0.0,1.0,1,0.0,4.0,0.17689027,-0.9842306,1.2246469e-16,-1.0,2,0,0,1,6821.0,1,6319.0,1,0.0,1,4093.0,1,4607.0,1,5748.0,1,4463.0,1,8141.0,6066.1694,5352.836,502.0
481,2014-06-20,7804.0,659.0,1.0,1.0,0,0.0,5.0,0.17689027,-0.9842306,1.2246469e-16,-1.0,2,0,0,1,0.0,1,6821.0,1,8449.0,1,5199.0,1,0.0,1,7147.0,1,3990.0,1,6565.0,3639.7017,4163.317,-6821.0
481,2014-06-21,4120.0,444.0,1.0,0.0,0,0.0,6.0,0.17689027,-0.9842306,1.2246469e-16,-1.0,2,0,0,1,7804.0,1,0.0,1,6319.0,1,4630.0,1,0.0,1,6229.0,1,5322.0,1,8842.0,5305.421,4972.3574,7804.0
481,2014-06-22,0.0,0.0,0.0,0.0,0,0.0,7.0,0.17689027,-0.9842306,1.2246469e-16,-1.0,2,0,0,1,4120.0,1,7804.0,1,6821.0,1,5077.0,1,5152.0,1,6034.0,1,0.0,1,0.0,4831.2524,4782.945,-3684.0
481,2014-06-23,4187.0,442.0,1.0,0.0,0,0.0,1.0,0.059240628,-0.99824375,1.2246469e-16,-1.0,2,0,0,1,0.0,1,4120.0,1,0.0,1,0.0,1,4093.0,1,4607.0,1,6599.0,1,7266.0,2898.7515,3720.068,-4120.0
481,2014-06-24,4231.0,439.0,1.0,0.0,0,0.0,2.0,0.059240628,-0.99824375,1.2246469e-16,-1.0,2,0,0,1,4187.0,1,0.0,1,7804.0,1,8449.0,1,5199.0,1,0.0,1,4635.0,1,4301.0,3414.051,3823.8308,4187.0
481,2014-06-25,3952.0,385.0,1.0,0.0,0,0.0,3.0,0.059240628,-0.99824375,1.2246469e-16,-1.0,2,0,0,1,4231.0,1,4187.0,1,4120.0,1,6319.0,1,4630.0,1,0.0,1,0.0,1,0.0,3740.8306,3914.3127,44.0
481,2014-06-26,3455.0,356.0,1.0,0.0,0,0.0,4.0,0.059240628,-0.99824375,1.2246469e-16,-1.0,2,0,0,1,3952.0,1,4231.0,1,0.0,1,6821.0,1,5077.0,1,5152.0,1,8140.0,1,8076.0,3825.2983,3922.6877,-279.0
481,2014-06-27,4489.0,431.0,1.0,0.0,0,0.0,5.0,0.059240628,-0.99824375,1.2246469e-16,-1.0,2,0,0,1,3455.0,1,3952.0,1,4187.0,1,0.0,1,0.0,1,4093.0,1,5748.0,1,5889.0,3677.179,3818.757,-497.0
481,2014-06-28,4703.0,471.0,1.0,0.0,0,0.0,6.0,0.059240628,-0.99824375,1.2246469e-16,-1.0,2,0,0,1,4489.0,1,3455.0,1,4231.0,1,7804.0,1,8449.0,1,5199.0,1,7147.0,1,6458.0,4001.9075,3967.7,1034.0
481,2014-06-29,0.0,0.0,0.0,0.0,0,0.0,7.0,0.059240628,-0.99824375,1.2246469e-16,-1.0,2,0,0,1,4703.0,1,4489.0,1,3952.0,1,4120.0,1,6319.0,1,4630.0,1,6229.0,1,6206.0,4282.344,4131.1,214.0
481,2014-06-30,9769.0,753.0,1.0,1.0,0,0.0,1.0,-0.059240628,-0.99824375,1.2246469e-16,-1.0,2,0,1,1,0.0,1,4703.0,1,3455.0,1,0.0,1,6821.0,1,5077.0,1,6034.0,1,6439.0,2569.4067,3213.078,-4703.0
481,2014-07-01,6415.0,557.0,1.0,1.0,0,0.0,2.0,-0.059240628,-0.99824375,-0.5,-0.8660254,3,1,0,1,9769.0,1,0.0,1,4489.0,1,4187.0,1,0.0,1,0.0,1,4607.0,1,6424.0,5449.244,4669.949,9769.0
481,2014-07-02,5422.0,471.0,1.0,1.0,0,0.0,3.0,-0.059240628,-0.99824375,-0.5,-0.8660254,3,0,0,1,6415.0,1,9769.0,1,4703.0,1,4231.0,1,7804.0,1,8449.0,1,0.0,1,0.0,5835.5464,5057.7383,-3354.0
481,2014-07-03,5545.0,488.0,1.0,1.0,0,0.0,4.0,-0.059240628,-0.99824375,-0.5,-0.8660254,3,0,0,1,5422.0,1,6415.0,1,0.0,1,3952.0,1,4120.0,1,6319.0,1,0.0,1,4318.0,5670.128,5138.6855,-993.0
481,2014-07-04,5399.0,491.0,1.0,1.0,0,0.0,5.0,-0.059240628,-0.99824375,-0.5,-0.8660254,3,0,0,1,5545.0,1,5422.0,1,9769.0,1,3455.0,1,0.0,1,6821.0,1,5152.0,1,3846.0,5620.0767,5228.9775,123.0
481,2014-07-05,5011.0,495.0,1.0,0.0,0,0.0,6.0,-0.059240628,-0.99824375,-0.5,-0.8660254,3,0,0,1,5399.0,1,5545.0,1,6415.0,1,4489.0,1,4187.0,1,0.0,1,4093.0,1,4074.0,5531.646,5266.7603,-146.0
481,2014-07-06,0.0,0.0,0.0,0.0,0,0.0,7.0,-0.059240628,-0.99824375,-0.5,-0.8660254,3,0,0,1,5011.0,1,5399.0,1,5422.0,1,4703.0,1,4231.0,1,7804.0,1,5199.0,1,4219.0,5323.3877,5209.925,-388.0
481,2014-07-07,4511.0,481.0,1.0,0.0,0,0.0,1.0,-0.17689027,-0.9842306,-0.5,-0.8660254,3,0,0,1,0.0,1,5011.0,1,5545.0,1,0.0,1,3952.0,1,4120.0,1,4630.0,1,3735.0,3194.0325,4052.1636,-5011.0
481,2014-07-08,4160.0,426.0,1.0,0.0,0,0.0,2.0,-0.17689027,-0.9842306,-0.5,-0.8660254,3,0,0,1,4511.0,1,0.0,1,5399.0,1,9769.0,1,3455.0,1,0.0,1,5077.0,1,4721.0,3720.8196,4154.1274,4511.0
481,2014-07-09,3811.0,367.0,1.0,0.0,0,0.0,3.0,-0.17689027,-0.9842306,-0.5,-0.8660254,3,0,0,1,4160.0,1,4511.0,1,5011.0,1,6415.0,1,4489.0,1,4187.0,1,0.0,1,0.0,3896.4917,4155.432,-351.0
481,2014-07-10,4784.0,444.0,1.0,0.0,0,0.0,4.0,-0.17689027,-0.9842306,-0.5,-0.8660254,3,0,0,1,3811.0,1,4160.0,1,0.0,1,5422.0,1,4703.0,1,4231.0,1,8449.0,1,6531.0,3862.295,4078.8918,-349.0
481,2014-07-11,4607.0,472.0,1.0,0.0,0,0.0,5.0,-0.17689027,-0.9842306,-0.5,-0.8660254,3,0,0,1,4784.0,1,3811.0,1,4511.0,1,5545.0,1,0.0,1,3952.0,1,6319.0,1,5681.0,4230.977,4235.5825,973.0
481,2014-07-12,4903.0,477.0,1.0,0.0,0,0.0,6.0,-0.17689027,-0.9842306,-0.5,-0.8660254,3,0,0,1,4607.0,1,4784.0,1,4160.0,1,5399.0,1,9769.0,1,3455.0,1,6821.0,1,4995.0,4381.386,4318.1196,-177.0
481,2014-07-13,0.0,0.0,0.0,0.0,0,0.0,7.0,-0.17689027,-0.9842306,-0.5,-0.8660254,3,0,0,1,4903.0,1,4607.0,1,3811.0,1,5011.0,1,6415.0,1,4489.0,1,0.0,1,5421.0,4590.0317,4448.0933,296.0
481,2014-07-14,7559.0,614.0,1.0,1.0,0,0.0,1.0,-0.29205677,-0.956401,-0.5,-0.8660254,3,0,0,1,0.0,1,4903.0,1,4784.0,1,0.0,1,5422.0,1,4703.0,1,7804.0,1,6329.0,2754.019,3459.628,-4903.0
481,2014-07-15,6532.0,525.0,1.0,1.0,0,0.0,2.0,-0.29205677,-0.956401,-0.5,-0.8660254,3,0,0,1,7559.0,1,0.0,1,4607.0,1,4511.0,1,5545.0,1,0.0,1,4120.0,1,5133.0,4676.011,4370.5996,7559.0
481,2014-07-16,6429.0,513.0,1.0,1.0,0,0.0,3.0,-0.29205677,-0.956401,-0.5,-0.8660254,3,0,0,1,6532.0,1,7559.0,1,4903.0,1,4160.0,1,5399.0,1,9769.0,1,0.0,1,0.0,5418.4067,4850.9106,-1027.0
481,2014-07-17,5683.0,500.0,1.0,1.0,0,0.0,4.0,-0.29205677,-0.956401,-0.5,-0.8660254,3,0,0,1,6429.0,1,6532.0,1,0.0,1,3811.0,1,5011.0,1,6415.0,1,4187.0,1,4463.0,5822.644,5201.597,-103.0
481,2014-07-18,5478.0,499.0,1.0,1.0,0,0.0,5.0,-0.29205677,-0.956401,-0.5,-0.8660254,3,0,0,1,5683.0,1,6429.0,1,7559.0,1,4784.0,1,0.0,1,5422.0,1,4231.0,1,3990.0,5766.7866,5308.5757,-746.0
481,2014-07-19,5042.0,500.0,1.0,0.0,0,0.0,6.0,-0.29205677,-0.956401,-0.5,-0.8660254,3,0,0,1,5478.0,1,5683.0,1,6532.0,1,4607.0,1,4511.0,1,5545.0,1,3952.0,1,5322.0,5651.272,5346.2256,-205.0
481,2014-07-20,0.0,0.0,0.0,0.0,0,0.0,7.0,-0.29205677,-0.956401,-0.5,-0.8660254,3,0,0,1,5042.0,1,5478.0,1,6429.0,1,4903.0,1,4160.0,1,5399.0,1,3455.0,1,0.0,5407.563,5278.6196,-436.0
481,2014-07-21,4684.0,453.0,1.0,0.0,0,0.0,1.0,-0.40312344,-0.91514564,-0.5,-0.8660254,3,0,0,1,0.0,1,5042.0,1,5683.0,1,0.0,1,3811.0,1,5011.0,1,4489.0,1,6599.0,3244.5378,4105.5933,-5042.0
481,2014-07-22,4425.0,440.0,1.0,0.0,0,0.0,2.0,-0.40312344,-0.91514564,-0.5,-0.8660254,3,0,0,1,4684.0,1,0.0,1,5478.0,1,7559.0,1,4784.0,1,0.0,1,4703.0,1,4635.0,3820.3228,4234.128,4684.0
481,2014-07-23,4625.0,458.0,1.0,0.0,0,0.0,3.0,-0.40312344,-0.91514564,-0.5,-0.8660254,3,0,0,1,4425.0,1,4684.0,1,5042.0,1,6532.0,1,4607.0,1,4511.0,1,0.0,1,0.0,4062.1936,4276.544,-259.0
481,2014-07-24,4985.0,468.0,1.0,0.0,0,0.0,4.0,-0.40312344,-0.91514564,-0.5,-0.8660254,3,0,0,1,4625.0,1,4425.0,1,0.0,1,6429.0,1,4903.0,1,4160.0,1,9769.0,1,8140.0,4287.3164,4353.9785,200.0
481,2014-07-25,5031.0,472.0,1.0,0.0,0,0.0,5.0,-0.40312344,-0.91514564,-0.5,-0.8660254,3,0,0,1,4985.0,1,4625.0,1,4684.0,1,5683.0,1,0.0,1,3811.0,1,6415.0,1,5748.0,4566.3896,4494.2056,360.0
481,2014-07-26,4541.0,467.0,1.0,0.0,0,0.0,6.0,-0.40312344,-0.91514564,-0.5,-0.8660254,3,0,0,1,5031.0,1,4985.0,1,4425.0,1,5478.0,1,7559.0,1,4784.0,1,5422.0,1,7147.0,4752.234,4613.493,46.0
481,2014-07-27,0.0,0.0,0.0,0.0,0,0.0,7.0,-0.40312344,-0.91514564,-0.5,-0.8660254,3,0,0,1,4541.0,1,5031.0,1,4625.0,1,5042.0,1,6532.0,1,4607.0,1,5545.0,1,6229.0,4667.74,4597.384,-490.0
481,2014-07-28,7784.0,578.0,1.0,1.0,0,1.0,1.0,-0.5085311,-0.86104363,-0.5,-0.8660254,3,0,0,1,0.0,1,4541.0,1,4985.0,1,0.0,1,6429.0,1,4903.0,1,5399.0,1,6034.0,2800.6443,3575.743,-4541.0
481,2014-07-29,6355.0,510.0,1.0,1.0,0,1.0,2.0,-0.5085311,-0.86104363,-0.5,-0.8660254,3,0,0,1,7784.0,1,0.0,1,5031.0,1,4684.0,1,5683.0,1,0.0,1,5011.0,1,4607.0,4793.9863,4510.911,7784.0
481,2014-07-30,6383.0,516.0,1.0,1.0,0,1.0,3.0,-0.5085311,-0.86104363,-0.5,-0.8660254,3,0,0,1,6355.0,1,7784.0,1,4541.0,1,4425.0,1,5478.0,1,7559.0,1,0.0,1,0.0,5418.392,4920.7085,-1429.0
481,2014-07-31,7820.0,639.0,1.0,1.0,0,0.0,4.0,-0.5085311,-0.86104363,-0.5,-0.8660254,3,0,1,1,6383.0,1,6355.0,1,0.0,1,4625.0,1,5042.0,1,6532.0,1,4511.0,1,0.0,5804.2354,5245.662,28.0
481,2014-08-01,5345.0,500.0,1.0,1.0,0,1.0,5.0,-0.5085311,-0.86104363,-0.8660254,-0.5,3,1,0,1,7820.0,1,6383.0,1,7784.0,1,4985.0,1,0.0,1,6429.0,1,4160.0,1,5152.0,6610.541,5817.7373,1437.0
481,2014-08-02,5351.0,516.0,1.0,0.0,0,1.0,6.0,-0.5085311,-0.86104363,-0.8660254,-0.5,3,0,0,1,5345.0,1,7820.0,1,6355.0,1,5031.0,1,4684.0,1,5683.0,1,3811.0,1,4093.0,6104.3247,5712.6846,-2475.0
481,2014-08-03,0.0,0.0,0.0,0.0,0,1.0,7.0,-0.5085311,-0.86104363,-0.8660254,-0.5,3,0,0,1,5351.0,1,5345.0,1,6383.0,1,4541.0,1,4425.0,1,5478.0,1,4784.0,1,5199.0,5802.9946,5632.31,6.0
481,2014-08-04,9424.0,686.0,1.0,1.0,0,1.0,1.0,-0.60680014,-0.79485446,-0.8660254,-0.5,3,0,0,1,0.0,1,5351.0,1,7820.0,1,0.0,1,4625.0,1,5042.0,1,4607.0,1,4630.0,3481.7969,4380.6855,-5351.0
481,2014-08-05,6004.0,508.0,1.0,1.0,0,1.0,2.0,-0.60680014,-0.79485446,-0.8660254,-0.5,3,0,0,1,9424.0,1,0.0,1,5345.0,1,7784.0,1,4985.0,1,0.0,1,4903.0,1,5077.0,5858.678,5501.4224,9424.0
481,2014-08-06,5495.0,460.0,1.0,1.0,0,1.0,3.0,-0.60680014,-0.79485446,-0.8660254,-0.5,3,0,0,1,6004.0,1,9424.0,1,5351.0,1,6355.0,1,5031.0,1,4684.0,1,0.0,1,0.0,5916.8066,5613.106,-3420.0
481,2014-08-07,5860.0,499.0,1.0,1.0,0,1.0,4.0,-0.60680014,-0.79485446,-0.8660254,-0.5,3,0,0,1,5495.0,1,6004.0,1,0.0,1,6383.0,1,4541.0,1,4425.0,1,7559.0,1,8449.0,5748.084,5586.8604,-509.0
481,2014-08-08,5612.0,491.0,1.0,1.0,0,1.0,5.0,-0.60680014,-0.79485446,-0.8660254,-0.5,3,0,0,1,5860.0,1,5495.0,1,9424.0,1,7820.0,1,0.0,1,4625.0,1,6532.0,1,6319.0,5792.8506,5647.558,365.0
481,2014-08-09,4730.0,480.0,1.0,0.0,0,1.0,6.0,-0.60680014,-0.79485446,-0.8660254,-0.5,3,0,0,1,5612.0,1,5860.0,1,6004.0,1,5345.0,1,7784.0,1,4985.0,1,6429.0,1,6821.0,5720.5103,5639.6562,-248.0
481,2014-08-10,0.0,0.0,0.0,0.0,0,1.0,7.0,-0.60680014,-0.79485446,-0.8660254,-0.5,3,0,0,1,4730.0,1,5612.0,1,5495.0,1,5351.0,1,6355.0,1,5031.0,1,5683.0,1,0.0,5324.306,5437.5103,-882.0
481,2014-08-11,5257.0,504.0,1.0,0.0,0,1.0,1.0,-0.696551,-0.71750724,-0.8660254,-0.5,3,0,0,1,0.0,1,4730.0,1,5860.0,1,0.0,1,6383.0,1,4541.0,1,5478.0,1,7804.0,3194.5837,4229.175,-4730.0
481,2014-08-12,3694.0,364.0,1.0,0.0,0,1.0,2.0,-0.696551,-0.71750724,-0.8660254,-0.5,3,0,0,1,5257.0,1,0.0,1,5612.0,1,9424.0,1,7820.0,1,0.0,1,5042.0,1,4120.0,4019.5503,4457.5806,5257.0
481,2014-08-13,4182.0,395.0,1.0,0.0,0,1.0,3.0,-0.696551,-0.71750724,-0.8660254,-0.5,3,0,0,1,3694.0,1,5257.0,1,4730.0,1,6004.0,1,5345.0,1,7784.0,1,0.0,1,0.0,3889.33,4287.896,-1563.0
481,2014-08-14,4586.0,439.0,1.0,0.0,0,1.0,4.0,-0.696551,-0.71750724,-0.8660254,-0.5,3,0,0,1,4182.0,1,3694.0,1,0.0,1,5495.0,1,5351.0,1,6355.0,1,4684.0,1,4187.0,4006.3982,4264.3633,488.0
481,2014-08-15,4652.0,436.0,1.0,0.0,0,1.0,5.0,-0.696551,-0.71750724,-0.8660254,-0.5,3,0,0,1,4586.0,1,4182.0,1,5257.0,1,5860.0,1,0.0,1,6383.0,1,4425.0,1,4231.0,4238.239,4335.8384,404.0
481,2014-08-16,4807.0,490.0,1.0,0.0,0,1.0,6.0,-0.696551,-0.71750724,-0.8660254,-0.5,3,0,0,1,4652.0,1,4586.0,1,3694.0,1,5612.0,1,9424.0,1,7820.0,1,4625.0,1,3952.0,4403.743,4406.096,66.0
481,2014-08-17,0.0,0.0,0.0,0.0,0,1.0,7.0,-0.696551,-0.71750724,-0.8660254,-0.5,3,0,0,1,4807.0,1,4652.0,1,4182.0,1,4730.0,1,6004.0,1,5345.0,1,4985.0,1,3455.0,4565.046,4495.186,155.0
481,2014-08-18,8143.0,658.0,1.0,1.0,0,1.0,1.0,-0.7765239,-0.63008785,-0.8660254,-0.5,3,0,0,1,0.0,1,4807.0,1,4586.0,1,0.0,1,5495.0,1,5351.0,1,5031.0,1,4489.0,2739.0276,3496.2559,-4807.0
481,2014-08-19,5826.0,491.0,1.0,1.0,0,1.0,2.0,-0.7765239,-0.63008785,-0.8660254,-0.5,3,0,0,1,8143.0,1,0.0,1,4652.0,1,5257.0,1,5860.0,1,0.0,1,4541.0,1,4703.0,4900.6167,4528.8657,8143.0
481,2014-08-20,5238.0,475.0,1.0,1.0,0,1.0,3.0,-0.7765239,-0.63008785,-0.8660254,-0.5,3,0,0,1,5826.0,1,8143.0,1,4807.0,1,3694.0,1,5612.0,1,9424.0,1,0.0,1,0.0,5270.77,4817.1177,-2317.0
481,2014-08-21,5152.0,453.0,1.0,1.0,0,1.0,4.0,-0.7765239,-0.63008785,-0.8660254,-0.5,3,0,0,1,5238.0,1,5826.0,1,0.0,1,4182.0,1,4730.0,1,6004.0,1,7784.0,1,9769.0,5257.662,4910.647,-588.0
481,2014-08-22,5232.0,501.0,1.0,1.0,0,1.0,5.0,-0.7765239,-0.63008785,-0.8660254,-0.5,3,0,0,1,5152.0,1,5238.0,1,8143.0,1,4586.0,1,0.0,1,5495.0,1,6355.0,1,6415.0,5215.397,4964.2812,-86.0
481,2014-08-23,3988.0,412.0,1.0,0.0,0,1.0,6.0,-0.7765239,-0.63008785,-0.8660254,-0.5,3,0,0,1,5232.0,1,5152.0,1,5826.0,1,4652.0,1,5257.0,1,5860.0,1,6383.0,1,5422.0,5222.038,5023.7744,80.0
481,2014-08-24,0.0,0.0,0.0,0.0,0,1.0,7.0,-0.7765239,-0.63008785,-0.8660254,-0.5,3,0,0,1,3988.0,1,5232.0,1,5238.0,1,4807.0,1,3694.0,1,5612.0,1,7820.0,1,5545.0,4728.423,4793.602,-1244.0
481,2014-08-25,3545.0,383.0,1.0,0.0,0,1.0,1.0,-0.845596,-0.5338234,-0.8660254,-0.5,3,0,0,1,0.0,1,3988.0,1,5152.0,1,0.0,1,4182.0,1,4730.0,1,5345.0,1,5399.0,2837.0537,3728.3572,-3988.0
481,2014-08-26,3404.0,346.0,1.0,0.0,0,1.0,2.0,-0.845596,-0.5338234,-0.8660254,-0.5,3,0,0,1,3545.0,1,0.0,1,5232.0,1,8143.0,1,4586.0,1,0.0,1,5351.0,1,5011.0,3120.2322,3687.611,3545.0
481,2014-08-27,3785.0,376.0,1.0,0.0,0,1.0,3.0,-0.845596,-0.5338234,-0.8660254,-0.5,3,0,0,1,3404.0,1,3545.0,1,3988.0,1,5826.0,1,4652.0,1,5257.0,1,0.0,1,0.0,3233.7393,3624.5864,-141.0
481,2014-08-28,3749.0,356.0,1.0,0.0,0,1.0,4.0,-0.845596,-0.5338234,-0.8660254,-0.5,3,0,0,1,3785.0,1,3404.0,1,0.0,1,5238.0,1,4807.0,1,3694.0,1,9424.0,1,4511.0,3454.2437,3660.234,381.0
481,2014-08-29,5164.0,448.0,1.0,0.0,0,1.0,5.0,-0.845596,-0.5338234,-0.8660254,-0.5,3,0,0,1,3749.0,1,3785.0,1,3545.0,1,5152.0,1,0.0,1,4182.0,1,6004.0,1,4160.0,3572.1462,3679.9597,-36.0
481,2014-08-30,4638.0,453.0,1.0,0.0,0,1.0,6.0,-0.845596,-0.5338234,-0.8660254,-0.5,3,0,0,1,5164.0,1,3749.0,1,3404.0,1,5232.0,1,8143.0,1,4586.0,1,5495.0,1,3811.0,4208.8877,4009.7463,1415.0
481,2014-08-31,0.0,0.0,0.0,0.0,0,1.0,7.0,-0.845596,-0.5338234,-0.8660254,-0.5,3,0,1,1,4638.0,1,5164.0,1,3785.0,1,3988.0,1,5826.0,1,4652.0,1,5860.0,1,4784.0,4380.5327,4149.3584,-526.0
481,2014-09-01,7946.0,603.0,1.0,1.0,0,1.0,1.0,-0.9027978,-0.4300652,-1.0,-1.8369701e-16,3,1,0,1,0.0,1,4638.0,1,3749.0,1,0.0,1,5238.0,1,4807.0,1,5612.0,1,4607.0,2628.3196,3227.2788,-4638.0
481,2014-09-02,6805.0,573.0,1.0,1.0,0,1.0,2.0,-0.9027978,-0.4300652,-1.0,-1.8369701e-16,3,0,0,1,7946.0,1,0.0,1,5164.0,1,3545.0,1,5152.0,1,0.0,1,4730.0,1,4903.0,4755.3916,4275.8833,7946.0
481,2014-09-03,5917.0,494.0,1.0,1.0,0,1.0,3.0,-0.9027978,-0.4300652,-1.0,-1.8369701e-16,3,0,0,1,6805.0,1,7946.0,1,4638.0,1,3404.0,1,5232.0,1,8143.0,1,0.0,1,0.0,5575.235,4837.909,-1141.0
481,2014-09-04,5192.0,464.0,1.0,1.0,0,1.0,4.0,-0.9027978,-0.4300652,-1.0,-1.8369701e-16,3,0,0,1,5917.0,1,6805.0,1,0.0,1,3785.0,1,3988.0,1,5826.0,1,5257.0,1,7559.0,5711.941,5077.707,-888.0
481,2014-09-05,6084.0,533.0,1.0,1.0,0,1.0,5.0,-0.9027978,-0.4300652,-1.0,-1.8369701e-16,3,0,0,1,5192.0,1,5917.0,1,7946.0,1,3749.0,1,0.0,1,5238.0,1,3694.0,1,6532.0,5503.965,5103.1055,-725.0
481,2014-09-06,5007.0,495.0,1.0,0.0,0,0.0,6.0,-0.9027978,-0.4300652,-1.0,-1.8369701e-16,3,0,0,1,6084.0,1,5192.0,1,6805.0,1,5164.0,1,3545.0,1,5152.0,1,4182.0,1,6429.0,5735.979,5321.082,892.0
481,2014-09-07,0.0,0.0,0.0,0.0,0,0.0,7.0,-0.9027978,-0.4300652,-1.0,-1.8369701e-16,3,0,0,1,5007.0,1,6084.0,1,5917.0,1,4638.0,1,3404.0,1,5232.0,1,4586.0,1,5683.0,5444.387,5251.286,-1077.0
481,2014-09-08,5389.0,582.0,1.0,0.0,0,0.0,1.0,-0.94732636,-0.32026985,-1.0,-1.8369701e-16,3,0,0,1,0.0,1,5007.0,1,5192.0,1,0.0,1,3785.0,1,3988.0,1,4652.0,1,5478.0,3266.6323,4084.3337,-5007.0
481,2014-09-09,4692.0,468.0,1.0,0.0,0,0.0,2.0,-0.94732636,-0.32026985,-1.0,-1.8369701e-16,3,0,0,1,5389.0,1,0.0,1,6084.0,1,7946.0,1,3749.0,1,0.0,1,4807.0,1,5042.0,4115.5796,4374.2593,5389.0
481,2014-09-10,4548.0,469.0,1.0,0.0,0,0.0,3.0,-0.94732636,-0.32026985,-1.0,-1.8369701e-16,3,0,0,1,4692.0,1,5389.0,1,5007.0,1,6805.0,1,5164.0,1,3545.0,1,0.0,1,0.0,4346.1475,4444.8687,-697.0
481,2014-09-11,4595.0,498.0,1.0,0.0,0,0.0,4.0,-0.94732636,-0.32026985,-1.0,-1.8369701e-16,3,0,0,1,4548.0,1,4692.0,1,0.0,1,5917.0,1,4638.0,1,3404.0,1,8143.0,1,4684.0,4426.8887,4467.7866,-144.0
481,2014-09-12,4339.0,458.0,1.0,0.0,0,0.0,5.0,-0.94732636,-0.32026985,-1.0,-1.8369701e-16,3,0,0,1,4595.0,1,4548.0,1,5389.0,1,5192.0,1,0.0,1,3785.0,1,5826.0,1,4425.0,4494.1333,4496.056,47.0
481,2014-09-13,4931.0,517.0,1.0,0.0,0,0.0,6.0,-0.94732636,-0.32026985,-1.0,-1.8369701e-16,3,0,0,1,4339.0,1,4595.0,1,4692.0,1,6084.0,1,7946.0,1,3749.0,1,5238.0,1,4625.0,4432.08,4461.155,-256.0
481,2014-09-14,0.0,0.0,0.0,0.0,0,0.0,7.0,-0.94732636,-0.32026985,-1.0,-1.8369701e-16,3,0,0,1,4931.0,1,4339.0,1,4548.0,1,5007.0,1,6805.0,1,5164.0,1,5152.0,1,4985.0,4631.648,4565.565,592.0
481,2014-09-15,8022.0,639.0,1.0,1.0,0,0.0,1.0,-0.9785565,-0.20597862,-1.0,-1.8369701e-16,3,0,0,1,0.0,1,4931.0,1,4595.0,1,0.0,1,5917.0,1,4638.0,1,5232.0,1,5031.0,2778.9888,3550.9949,-4931.0
481,2014-09-16,5961.0,514.0,1.0,1.0,0,0.0,2.0,-0.9785565,-0.20597862,-1.0,-1.8369701e-16,3,0,0,1,8022.0,1,0.0,1,4339.0,1,5389.0,1,5192.0,1,0.0,1,3988.0,1,4541.0,4876.1934,4544.552,8022.0
481,2014-09-17,4941.0,459.0,1.0,1.0,0,0.0,3.0,-0.9785565,-0.20597862,-1.0,-1.8369701e-16,3,0,0,1,5961.0,1,8022.0,1,4931.0,1,4692.0,1,6084.0,1,7946.0,1,0.0,1,0.0,5310.1157,4859.318,-2061.0
481,2014-09-18,5335.0,498.0,1.0,1.0,0,0.0,4.0,-0.9785565,-0.20597862,-1.0,-1.8369701e-16,3,0,0,1,4941.0,1,5961.0,1,0.0,1,4548.0,1,5007.0,1,6805.0,1,3545.0,1,7784.0,5162.4697,4877.4697,-1020.0
481,2014-09-19,5737.0,560.0,1.0,1.0,0,0.0,5.0,-0.9785565,-0.20597862,-1.0,-1.8369701e-16,3,0,0,1,5335.0,1,4941.0,1,8022.0,1,4595.0,1,0.0,1,5917.0,1,3404.0,1,6355.0,5231.482,4979.143,394.0
481,2014-09-20,4500.0,471.0,1.0,0.0,0,0.0,6.0,-0.9785565,-0.20597862,-1.0,-1.8369701e-16,3,0,0,1,5737.0,1,5335.0,1,5961.0,1,4339.0,1,5389.0,1,5192.0,1,3785.0,1,6383.0,5433.689,5147.5557,402.0
481,2014-09-21,0.0,0.0,0.0,0.0,0,0.0,7.0,-0.9785565,-0.20597862,-1.0,-1.8369701e-16,3,0,0,1,4500.0,1,5737.0,1,4941.0,1,4931.0,1,4692.0,1,6084.0,1,3749.0,1,7820.0,5060.2134,5003.6543,-1237.0
481,2014-09-22,3990.0,442.0,1.0,0.0,0,0.0,1.0,-0.9960498,-0.08879589,-1.0,-1.8369701e-16,3,0,0,1,0.0,1,4500.0,1,5335.0,1,0.0,1,4548.0,1,5007.0,1,5164.0,1,5345.0,3036.1282,3891.7312,-4500.0
481,2014-09-23,3168.0,377.0,1.0,0.0,0,0.0,2.0,-0.9960498,-0.08879589,-1.0,-1.8369701e-16,3,0,0,1,3990.0,1,0.0,1,5737.0,1,8022.0,1,4595.0,1,0.0,1,4638.0,1,5351.0,3417.6768,3913.5686,3990.0
481,2014-09-24,3437.0,352.0,1.0,0.0,0,0.0,3.0,-0.9960498,-0.08879589,-1.0,-1.8369701e-16,3,0,0,1,3168.0,1,3990.0,1,4500.0,1,5961.0,1,4339.0,1,5389.0,1,0.0,1,0.0,3317.8062,3747.8867,-822.0
481,2014-09-25,3656.0,401.0,1.0,0.0,0,0.0,4.0,-0.9960498,-0.08879589,-1.0,-1.8369701e-16,3,0,0,1,3437.0,1,3168.0,1,0.0,1,4941.0,1,4931.0,1,4692.0,1,7946.0,1,9424.0,3365.4836,3678.8008,269.0
481,2014-09-26,4510.0,442.0,1.0,0.0,0,0.0,5.0,-0.9960498,-0.08879589,-1.0,-1.8369701e-16,3,0,0,1,3656.0,1,3437.0,1,3990.0,1,5335.0,1,0.0,1,4548.0,1,6805.0,1,6004.0,3481.6902,3673.734,219.0
481,2014-09-27,4417.0,462.0,1.0,0.0,0,0.0,6.0,-0.9960498,-0.08879589,-1.0,-1.8369701e-16,3,0,0,1,4510.0,1,3656.0,1,3168.0,1,5737.0,1,8022.0,1,4595.0,1,5917.0,1,5495.0,3893.0142,3859.5708,854.0
481,2014-09-28,0.0,0.0,0.0,0.0,0,0.0,7.0,-0.9960498,-0.08879589,-1.0,-1.8369701e-16,3,0,0,1,4417.0,1,4510.0,1,3437.0,1,4500.0,1,5961.0,1,4339.0,1,5192.0,1,5860.0,4102.6084,3983.444,-93.0
481,2014-09-29,7264.0,601.0,1.0,1.0,0,0.0,1.0,-0.99956083,0.029633328,-1.0,-1.8369701e-16,3,0,0,1,0.0,1,4417.0,1,3656.0,1,0.0,1,4941.0,1,4931.0,1,6084.0,1,5612.0,2461.5652,3098.2341,-4417.0
481,2014-09-30,6479.0,583.0,1.0,1.0,0,0.0,2.0,-0.99956083,0.029633328,-1.0,-1.8369701e-16,3,0,1,1,7264.0,1,0.0,1,4510.0,1,3990.0,1,5335.0,1,0.0,1,5007.0,1,4730.0,4382.539,4023.96,7264.0
481,2014-10-01,6053.0,526.0,1.0,1.0,0,0.0,3.0,-0.99956083,0.029633328,-0.8660254,0.5,4,1,0,1,6479.0,1,7264.0,1,4417.0,1,3168.0,1,5737.0,1,8022.0,1,0.0,1,0.0,5221.1235,4569.5244,-785.0
481,2014-10-02,6926.0,630.0,1.0,1.0,0,0.0,4.0,-0.99956083,0.029633328,-0.8660254,0.5,4,0,0,1,6053.0,1,6479.0,1,0.0,1,3437.0,1,4500.0,1,5961.0,1,5389.0,1,5257.0,5553.874,4899.1855,-426.0
481,2014-10-03,0.0,0.0,0.0,1.0,1,0.0,5.0,-0.99956083,0.029633328,-0.8660254,0.5,4,0,0,1,6926.0,1,6053.0,1,7264.0,1,3656.0,1,0.0,1,4941.0,1,4692.0,1,3694.0,6102.7246,5349.589,873.0
481,2014-10-04,5838.0,576.0,1.0,0.0,0,0.0,6.0,-0.99956083,0.029633328,-0.8660254,0.5,4,0,0,1,0.0,1,6926.0,1,6479.0,1,4510.0,1,3990.0,1,5335.0,1,4548.0,1,4182.0,3661.6348,4160.7915,-6926.0
481,2014-10-05,0.0,0.0,0.0,0.0,0,0.0,7.0,-0.99956083,0.029633328,-0.8660254,0.5,4,0,0,1,5838.0,1,0.0,1,6053.0,1,4417.0,1,3168.0,1,5737.0,1,4595.0,1,4586.0,4532.1807,4533.5044,5838.0
481,2014-10-06,8115.0,647.0,1.0,1.0,0,0.0,1.0,-0.9890402,0.14764656,-0.8660254,0.5,4,0,0,1,0.0,1,5838.0,1,6926.0,1,0.0,1,3437.0,1,4500.0,1,4339.0,1,4652.0,2719.3086,3526.0588,-5838.0
481,2014-10-07,5913.0,498.0,1.0,1.0,0,0.0,2.0,-0.9890402,0.14764656,-0.8660254,0.5,4,0,0,1,8115.0,1,0.0,1,0.0,1,7264.0,1,3656.0,1,0.0,1,4931.0,1,4807.0,4877.585,4545.8237,8115.0
481,2014-10-08,5694.0,513.0,1.0,1.0,0,0.0,3.0,-0.9890402,0.14764656,-0.8660254,0.5,4,0,0,1,5913.0,1,8115.0,1,5838.0,1,6479.0,1,4510.0,1,3990.0,1,0.0,1,0.0,5291.751,4849.6406,-2202.0
481,2014-10-09,6111.0,561.0,1.0,1.0,0,0.0,4.0,-0.9890402,0.14764656,-0.8660254,0.5,4,0,0,1,5694.0,1,5913.0,1,0.0,1,6053.0,1,4417.0,1,3168.0,1,8022.0,1,8143.0,5452.6504,5037.276,-219.0
481,2014-10-10,7267.0,592.0,1.0,1.0,0,0.0,5.0,-0.9890402,0.14764656,-0.8660254,0.5,4,0,0,1,6111.0,1,5694.0,1,8115.0,1,6926.0,1,0.0,1,3437.0,1,5961.0,1,5826.0,5715.99,5275.8813,417.0
481,2014-10-11,5667.0,544.0,1.0,0.0,0,0.0,6.0,-0.9890402,0.14764656,-0.8660254,0.5,4,0,0,1,7267.0,1,6111.0,1,5913.0,1,0.0,1,7264.0,1,3656.0,1,4941.0,1,5238.0,6336.394,5718.352,1156.0
481,2014-10-12,0.0,0.0,0.0,0.0,0,0.0,7.0,-0.9890402,0.14764656,-0.8660254,0.5,4,0,0,1,5667.0,1,7267.0,1,5694.0,1,5838.0,1,6479.0,1,4510.0,1,5335.0,1,5152.0,6068.6367,5706.9404,-1600.0
481,2014-10-13,3862.0,421.0,1.0,0.0,0,0.0,1.0,-0.9646356,0.26358718,-0.8660254,0.5,4,0,0,1,0.0,1,5667.0,1,6111.0,1,0.0,1,6053.0,1,4417.0,1,5737.0,1,5232.0,3641.182,4438.7314,-5667.0
481,2014-10-14,4417.0,425.0,1.0,0.0,0,0.0,2.0,-0.9646356,0.26358718,-0.8660254,0.5,4,0,0,1,3862.0,1,0.0,1,7267.0,1,8115.0,1,6926.0,1,0.0,1,4500.0,1,3988.0,3729.509,4310.569,3862.0
481,2014-10-15,3720.0,409.0,1.0,0.0,0,0.0,3.0,-0.9646356,0.26358718,-0.8660254,0.5,4,0,0,1,4417.0,1,3862.0,1,5667.0,1,5913.0,1,0.0,1,7264.0,1,0.0,1,0.0,4004.5054,4334.22,555.0
481,2014-10-16,4439.0,438.0,1.0,0.0,0,0.0,4.0,-0.9646356,0.26358718,-0.8660254,0.5,4,0,0,1,3720.0,1,4417.0,1,0.0,1,5694.0,1,5838.0,1,6479.0,1,3990.0,1,3545.0,3890.7034,4197.727,-697.0
481,2014-10-17,5417.0,507.0,1.0,0.0,0,0.0,5.0,-0.9646356,0.26358718,-0.8660254,0.5,4,0,0,1,4439.0,1,3720.0,1,3862.0,1,6111.0,1,0.0,1,6053.0,1,3168.0,1,3404.0,4110.022,4251.3433,719.0
481,2014-10-18,4284.0,480.0,1.0,0.0,0,0.0,6.0,-0.9646356,0.26358718,-0.8660254,0.5,4,0,0,1,5417.0,1,4439.0,1,4417.0,1,7267.0,1,8115.0,1,6926.0,1,3437.0,1,3785.0,4632.813,4510.378,978.0
481,2014-10-19,0.0,0.0,0.0,0.0,0,0.0,7.0,-0.9646356,0.26358718,-0.8660254,0.5,4,0,0,1,4284.0,1,5417.0,1,3720.0,1,5667.0,1,5913.0,1,0.0,1,3656.0,1,3749.0,4493.288,4460.072,-1133.0
481,2014-10-20,7888.0,644.0,1.0,1.0,0,1.0,1.0,-0.9266896,0.37582758,-0.8660254,0.5,4,0,0,1,0.0,1,4284.0,1,4439.0,1,0.0,1,5694.0,1,5838.0,1,4510.0,1,5164.0,2695.9727,3468.9448,-4284.0
481,2014-10-21,5403.0,491.0,1.0,1.0,0,1.0,2.0,-0.9266896,0.37582758,-0.8660254,0.5,4,0,0,1,7888.0,1,0.0,1,5417.0,1,3862.0,1,6111.0,1,0.0,1,4417.0,1,4638.0,4772.7837,4450.957,7888.0
481,2014-10-22,5377.0,446.0,1.0,1.0,0,1.0,3.0,-0.9266896,0.37582758,-0.8660254,0.5,4,0,0,1,5403.0,1,7888.0,1,4284.0,1,4417.0,1,7267.0,1,8115.0,1,0.0,1,0.0,5024.87,4662.522,-2485.0
481,2014-10-23,4633.0,458.0,1.0,1.0,0,1.0,4.0,-0.9266896,0.37582758,-0.8660254,0.5,4,0,0,1,5377.0,1,5403.0,1,0.0,1,3720.0,1,5667.0,1,5913.0,1,7264.0,1,7946.0,5165.722,4821.295,-26.0
481,2014-10-24,5473.0,501.0,1.0,1.0,0,1.0,5.0,-0.9266896,0.37582758,-0.8660254,0.5,4,0,0,1,4633.0,1,5377.0,1,7888.0,1,4439.0,1,0.0,1,5694.0,1,6479.0,1,6805.0,4952.6333,4779.4517,-744.0
481,2014-10-25,4378.0,474.0,1.0,0.0,0,1.0,6.0,-0.9266896,0.37582758,-0.8660254,0.5,4,0,0,1,5473.0,1,4633.0,1,5403.0,1,5417.0,1,3862.0,1,6111.0,1,6053.0,1,5917.0,5160.78,4933.5737,840.0
481,2014-10-26,0.0,0.0,0.0,0.0,0,1.0,7.0,-0.9266896,0.37582758,-0.8660254,0.5,4,0,0,1,4378.0,1,5473.0,1,5377.0,1,4284.0,1,4417.0,1,7267.0,1,6926.0,1,5192.0,4847.668,4810.113,-1095.0
481,2014-10-27,4355.0,437.0,1.0,0.0,0,1.0,1.0,-0.8757349,0.4827922,-0.8660254,0.5,4,0,0,1,0.0,1,4378.0,1,4633.0,1,0.0,1,3720.0,1,5667.0,1,0.0,1,6084.0,2908.6008,3741.1987,-4378.0
481,2014-10-28,3826.0,399.0,1.0,0.0,0,1.0,2.0,-0.8757349,0.4827922,-0.8660254,0.5,4,0,0,1,4355.0,1,0.0,1,5473.0,1,7888.0,1,4439.0,1,0.0,1,5838.0,1,5007.0,3487.1604,3877.599,4355.0
481,2014-10-29,4090.0,386.0,1.0,0.0,0,1.0,3.0,-0.8757349,0.4827922,-0.8660254,0.5,4,0,0,1,3826.0,1,4355.0,1,4378.0,1,5403.0,1,5417.0,1,3862.0,1,0.0,1,0.0,3622.6963,3866.1326,-529.0
481,2014-10-30,4503.0,451.0,1.0,0.0,0,1.0,4.0,-0.8757349,0.4827922,-0.8660254,0.5,4,0,0,1,4090.0,1,3826.0,1,0.0,1,5377.0,1,4284.0,1,4417.0,1,8115.0,1,5389.0,3809.6177,3915.8809,264.0
481,2014-10-31,6112.0,554.0,1.0,0.0,0,1.0,5.0,-0.8757349,0.4827922,-0.8660254,0.5,4,0,1,1,4503.0,1,4090.0,1,4355.0,1,4633.0,1,0.0,1,3720.0,1,5913.0,1,4692.0,4086.9707,4046.3518,413.0
481,2014-11-01,5335.0,520.0,1.0,0.0,0,0.0,6.0,-0.8757349,0.4827922,-0.5,0.8660254,4,1,0,1,6112.0,1,4503.0,1,3826.0,1,5473.0,1,7888.0,1,4439.0,1,5694.0,1,4548.0,4896.9824,4505.385,1609.0
481,2014-11-02,0.0,0.0,0.0,0.0,0,0.0,7.0,-0.8757349,0.4827922,-0.5,0.8660254,4,0,0,1,5335.0,1,6112.0,1,4090.0,1,4378.0,1,5403.0,1,5417.0,1,6111.0,1,4595.0,5072.1895,4689.7437,-777.0
481,2014-11-03,8828.0,654.0,1.0,1.0,0,0.0,1.0,-0.8124869,0.5829795,-0.5,0.8660254,4,0,0,1,0.0,1,5335.0,1,4503.0,1,0.0,1,5377.0,1,4284.0,1,7267.0,1,4339.0,3043.3137,3647.5784,-5335.0
481,2014-11-04,6494.0,576.0,1.0,1.0,0,0.0,2.0,-0.8124869,0.5829795,-0.5,0.8660254,4,0,0,1,8828.0,1,0.0,1,6112.0,1,4355.0,1,4633.0,1,0.0,1,5667.0,1,4931.0,5357.188,4798.783,8828.0
481,2014-11-05,6111.0,523.0,1.0,1.0,0,0.0,3.0,-0.8124869,0.5829795,-0.5,0.8660254,4,0,0,1,6494.0,1,8828.0,1,5335.0,1,3826.0,1,5473.0,1,7888.0,1,0.0,1,0.0,5811.913,5175.498,-2334.0
481,2014-11-06,7253.0,601.0,1.0,1.0,0,0.0,4.0,-0.8124869,0.5829795,-0.5,0.8660254,4,0,0,1,6111.0,1,6494.0,1,0.0,1,4090.0,1,4378.0,1,5403.0,1,3862.0,1,8022.0,5931.548,5383.387,-383.0
481,2014-11-07,7413.0,591.0,1.0,1.0,0,0.0,5.0,-0.8124869,0.5829795,-0.5,0.8660254,4,0,0,1,7253.0,1,6111.0,1,8828.0,1,4503.0,1,0.0,1,5377.0,1,4417.0,1,5961.0,6460.1284,5798.857,1142.0
481,2014-11-08,5664.0,537.0,1.0,0.0,0,0.0,6.0,-0.8124869,0.5829795,-0.5,0.8660254,4,0,0,1,7413.0,1,7253.0,1,6494.0,1,6112.0,1,4355.0,1,4633.0,1,3720.0,1,4941.0,6841.2773,6157.555,160.0
481,2014-11-09,0.0,0.0,0.0,0.0,0,0.0,7.0,-0.8124869,0.5829795,-0.5,0.8660254,4,0,0,1,5664.0,1,7413.0,1,6111.0,1,5335.0,1,3826.0,1,5473.0,1,4439.0,1,5335.0,6370.366,6047.8765,-1749.0
481,2014-11-10,8460.0,666.0,1.0,1.0,0,0.0,1.0,-0.73783326,0.674983,-0.5,0.8660254,4,0,0,1,0.0,1,5664.0,1,7253.0,1,0.0,1,4090.0,1,4378.0,1,5417.0,1,5737.0,3822.2197,4703.904,-5664.0
481,2014-11-11,6159.0,540.0,1.0,1.0,0,0.0,2.0,-0.73783326,0.674983,-0.5,0.8660254,4,0,0,1,8460.0,1,0.0,1,7413.0,1,8828.0,1,4503.0,1,0.0,1,4284.0,1,4500.0,5677.332,5538.592,8460.0
481,2014-11-12,5590.0,530.0,1.0,1.0,0,0.0,3.0,-0.73783326,0.674983,-0.5,0.8660254,4,0,0,1,6159.0,1,8460.0,1,5664.0,1,6494.0,1,6112.0,1,4355.0,1,0.0,1,0.0,5869.999,5676.4604,-2301.0
481,2014-11-13,5880.0,538.0,1.0,1.0,0,0.0,4.0,-0.73783326,0.674983,-0.5,0.8660254,4,0,0,1,5590.0,1,6159.0,1,0.0,1,6111.0,1,5335.0,1,3826.0,1,7888.0,1,3990.0,5757.9995,5657.247,-569.0
481,2014-11-14,6170.0,540.0,1.0,1.0,0,0.0,5.0,-0.73783326,0.674983,-0.5,0.8660254,4,0,0,1,5880.0,1,5590.0,1,8460.0,1,7253.0,1,0.0,1,4090.0,1,5403.0,1,3168.0,5806.8,5706.7476,290.0
481,2014-11-15,5056.0,541.0,1.0,0.0,0,0.0,6.0,-0.73783326,0.674983,-0.5,0.8660254,4,0,0,1,6170.0,1,5880.0,1,6159.0,1,7413.0,1,8828.0,1,4503.0,1,5377.0,1,3437.0,5952.0796,5809.6924,290.0
481,2014-11-16,0.0,0.0,0.0,0.0,0,0.0,7.0,-0.73783326,0.674983,-0.5,0.8660254,4,0,0,1,5056.0,1,6170.0,1,5590.0,1,5664.0,1,6494.0,1,6112.0,1,4633.0,1,3656.0,5593.648,5642.2056,-1114.0
481,2014-11-17,4843.0,469.0,1.0,0.0,0,0.0,1.0,-0.65282214,0.75751126,-0.5,0.8660254,4,0,0,1,0.0,1,5056.0,1,5880.0,1,0.0,1,6111.0,1,5335.0,1,5473.0,1,4510.0,3356.1887,4388.382,-5056.0
481,2014-11-18,3654.0,381.0,1.0,0.0,0,0.0,2.0,-0.65282214,0.75751126,-0.5,0.8660254,4,0,0,1,4843.0,1,0.0,1,6170.0,1,8460.0,1,7253.0,1,0.0,1,4378.0,1,4417.0,3950.9133,4489.408,4843.0
481,2014-11-19,3957.0,416.0,1.0,0.0,0,0.0,3.0,-0.65282214,0.75751126,-0.5,0.8660254,4,0,0,1,3654.0,1,4843.0,1,5056.0,1,6159.0,1,7413.0,1,8828.0,1,0.0,1,0.0,3832.148,4303.7617,-1189.0
481,2014-11-20,4435.0,482.0,1.0,0.0,0,0.0,4.0,-0.65282214,0.75751126,-0.5,0.8660254,4,0,0,1,3957.0,1,3654.0,1,0.0,1,5590.0,1,5664.0,1,6494.0,1,4355.0,1,7264.0,3882.0889,4226.7036,303.0
481,2014-11-21,4630.0,469.0,1.0,0.0,0,0.0,5.0,-0.65282214,0.75751126,-0.5,0.8660254,4,0,0,1,4435.0,1,3957.0,1,4843.0,1,5880.0,1,0.0,1,6111.0,1,3826.0,1,6479.0,4103.2534,4272.9917,478.0
481,2014-11-22,4943.0,494.0,1.0,0.0,0,0.0,6.0,-0.65282214,0.75751126,-0.5,0.8660254,4,0,0,1,4630.0,1,4435.0,1,3654.0,1,6170.0,1,8460.0,1,7253.0,1,4090.0,1,6053.0,4313.952,4352.327,195.0
481,2014-11-23,0.0,0.0,0.0,0.0,0,0.0,7.0,-0.65282214,0.75751126,-0.5,0.8660254,4,0,0,1,4943.0,1,4630.0,1,3957.0,1,5056.0,1,6159.0,1,7413.0,1,4503.0,1,6926.0,4565.5713,4483.5874,313.0
481,2014-11-24,8734.0,704.0,1.0,1.0,0,0.0,1.0,-0.55864674,0.82940567,-0.5,0.8660254,4,0,0,1,0.0,1,4943.0,1,4435.0,1,0.0,1,5590.0,1,5664.0,1,6112.0,1,0.0,2739.3428,3487.2349,-4943.0
481,2014-11-25,5989.0,512.0,1.0,1.0,0,0.0,2.0,-0.55864674,0.82940567,-0.5,0.8660254,4,0,0,1,8734.0,1,0.0,1,4630.0,1,4843.0,1,5880.0,1,0.0,1,5335.0,1,5838.0,5137.2056,4653.1826,8734.0
481,2014-11-26,6193.0,530.0,1.0,1.0,0,0.0,3.0,-0.55864674,0.82940567,-0.5,0.8660254,4,0,0,1,5989.0,1,8734.0,1,4943.0,1,3654.0,1,6170.0,1,8460.0,1,0.0,1,0.0,5477.9233,4950.031,-2745.0
481,2014-11-27,6715.0,587.0,1.0,1.0,0,0.0,4.0,-0.55864674,0.82940567,-0.5,0.8660254,4,0,0,1,6193.0,1,5989.0,1,0.0,1,3957.0,1,5056.0,1,6159.0,1,8828.0,1,8115.0,5763.954,5226.246,204.0
481,2014-11-28,7995.0,651.0,1.0,1.0,0,0.0,5.0,-0.55864674,0.82940567,-0.5,0.8660254,4,0,0,1,6715.0,1,6193.0,1,8734.0,1,4435.0,1,0.0,1,5590.0,1,6494.0,1,5913.0,6144.3726,5557.0806,522.0
481,2014-11-29,6274.0,598.0,1.0,0.0,0,0.0,6.0,-0.55864674,0.82940567,-0.5,0.8660254,4,0,0,1,7995.0,1,6715.0,1,5989.0,1,4630.0,1,4843.0,1,5880.0,1,6111.0,1,5694.0,6884.6235,6098.8403,1280.0
481,2014-11-30,0.0,0.0,0.0,0.0,0,0.0,7.0,-0.55864674,0.82940567,-0.5,0.8660254,4,0,1,1,6274.0,1,7995.0,1,6193.0,1,4943.0,1,3654.0,1,6170.0,1,7253.0,1,6111.0,6640.374,6137.7646,-1721.0
481,2014-12-01,9371.0,733.0,1.0,1.0,0,0.0,1.0,-0.45662925,0.8896571,-2.4492937e-16,1.0,4,1,0,1,0.0,1,6274.0,1,6715.0,1,0.0,1,3957.0,1,5056.0,1,7413.0,1,7267.0,3984.2244,4773.817,-6274.0
481,2014-12-02,7247.0,585.0,1.0,1.0,0,0.0,2.0,-0.45662925,0.8896571,-2.4492937e-16,1.0,4,0,0,1,9371.0,1,0.0,1,7995.0,1,8734.0,1,4435.0,1,0.0,1,5664.0,1,5667.0,6138.9346,5795.413,9371.0
481,2014-12-03,7396.0,586.0,1.0,1.0,0,0.0,3.0,-0.45662925,0.8896571,-2.4492937e-16,1.0,4,0,0,1,7247.0,1,9371.0,1,6274.0,1,5989.0,1,4630.0,1,4843.0,1,0.0,1,0.0,6582.1606,6117.9883,-2124.0
481,2014-12-04,6558.0,554.0,1.0,1.0,0,0.0,4.0,-0.45662925,0.8896571,-2.4492937e-16,1.0,4,0,0,1,7396.0,1,7247.0,1,0.0,1,6193.0,1,4943.0,1,3654.0,1,8460.0,1,3862.0,6907.6963,6401.9907,149.0
481,2014-12-05,8319.0,668.0,1.0,1.0,0,0.0,5.0,-0.45662925,0.8896571,-2.4492937e-16,1.0,4,0,0,1,6558.0,1,7396.0,1,9371.0,1,6715.0,1,0.0,1,3957.0,1,6159.0,1,4417.0,6767.818,6436.6597,-838.0
481,2014-12-06,5978.0,598.0,1.0,0.0,0,0.0,6.0,-0.45662925,0.8896571,-2.4492937e-16,1.0,4,0,0,1,8319.0,1,6558.0,1,7247.0,1,7995.0,1,8734.0,1,4435.0,1,5590.0,1,3720.0,7388.2905,6854.9575,1761.0
481,2014-12-07,0.0,0.0,0.0,0.0,0,0.0,7.0,-0.45662925,0.8896571,-2.4492937e-16,1.0,4,0,0,1,5978.0,1,8319.0,1,7396.0,1,6274.0,1,5989.0,1,4630.0,1,5880.0,1,4439.0,6824.1743,6660.078,-2341.0
481,2014-12-08,4894.0,466.0,1.0,0.0,0,0.0,1.0,-0.34820163,0.93741965,-2.4492937e-16,1.0,4,0,0,1,0.0,1,5978.0,1,6558.0,1,0.0,1,6193.0,1,4943.0,1,6170.0,1,5417.0,4094.5046,5180.0605,-5978.0
481,2014-12-09,5173.0,448.0,1.0,0.0,0,0.0,2.0,-0.34820163,0.93741965,-2.4492937e-16,1.0,4,0,0,1,4894.0,1,0.0,1,8319.0,1,9371.0,1,6715.0,1,0.0,1,5056.0,1,4284.0,4414.3027,5116.4917,4894.0
481,2014-12-10,4783.0,461.0,1.0,0.0,0,0.0,3.0,-0.34820163,0.93741965,-2.4492937e-16,1.0,4,0,0,1,5173.0,1,4894.0,1,5978.0,1,7247.0,1,7995.0,1,8734.0,1,0.0,1,0.0,4717.7817,5129.049,279.0
481,2014-12-11,5696.0,520.0,1.0,0.0,0,0.0,4.0,-0.34820163,0.93741965,-2.4492937e-16,1.0,4,0,0,1,4783.0,1,5173.0,1,0.0,1,7396.0,1,6274.0,1,5989.0,1,4843.0,1,7888.0,4743.869,5052.1494,-390.0
481,2014-12-12,5772.0,528.0,1.0,0.0,0,0.0,5.0,-0.34820163,0.93741965,-2.4492937e-16,1.0,4,0,0,1,5696.0,1,4783.0,1,4894.0,1,6558.0,1,0.0,1,6193.0,1,3654.0,1,5403.0,5124.721,5195.227,913.0
481,2014-12-13,6836.0,577.0,1.0,0.0,0,0.0,6.0,-0.34820163,0.93741965,-2.4492937e-16,1.0,4,0,0,1,5772.0,1,5696.0,1,5173.0,1,8319.0,1,9371.0,1,6715.0,1,3957.0,1,5377.0,5383.633,5323.399,76.0
481,2014-12-14,0.0,0.0,0.0,0.0,0,0.0,7.0,-0.34820163,0.93741965,-2.4492937e-16,1.0,4,0,0,1,6836.0,1,5772.0,1,4783.0,1,5978.0,1,7247.0,1,7995.0,1,4435.0,1,4633.0,5964.5796,5659.5327,1064.0
481,2014-12-15,11027.0,803.0,1.0,1.0,0,0.0,1.0,-0.23488605,0.9720229,-2.4492937e-16,1.0,4,0,0,1,0.0,1,6836.0,1,5696.0,1,0.0,1,7396.0,1,6274.0,1,4630.0,1,5473.0,3578.7478,4401.8584,-6836.0
481,2014-12-16,9494.0,736.0,1.0,1.0,0,0.0,2.0,-0.23488605,0.9720229,-2.4492937e-16,1.0,4,0,0,1,11027.0,1,0.0,1,5772.0,1,4894.0,1,6558.0,1,0.0,1,4943.0,1,4378.0,6558.049,5874.1123,11027.0
481,2014-12-17,8235.0,654.0,1.0,1.0,0,0.0,3.0,-0.23488605,0.9720229,-2.4492937e-16,1.0,4,0,0,1,9494.0,1,11027.0,1,6836.0,1,5173.0,1,8319.0,1,9371.0,1,0.0,1,0.0,7732.429,6678.5317,-1533.0
481,2014-12-18,9235.0,784.0,1.0,1.0,0,0.0,4.0,-0.23488605,0.9720229,-2.4492937e-16,1.0,4,0,0,1,8235.0,1,9494.0,1,0.0,1,4783.0,1,5978.0,1,7247.0,1,8734.0,1,4355.0,7933.4575,7024.4136,-1259.0
481,2014-12-19,7815.0,646.0,1.0,1.0,0,0.0,5.0,-0.23488605,0.9720229,-2.4492937e-16,1.0,4,0,0,1,9235.0,1,8235.0,1,11027.0,1,5696.0,1,0.0,1,7396.0,1,5989.0,1,3826.0,8454.074,7515.655,1000.0
481,2014-12-20,6835.0,631.0,1.0,0.0,0,0.0,6.0,-0.23488605,0.9720229,-2.4492937e-16,1.0,4,0,0,1,7815.0,1,9235.0,1,9494.0,1,5772.0,1,4894.0,1,6558.0,1,6193.0,1,4090.0,8198.444,7582.1763,-1420.0
481,2014-12-21,0.0,0.0,0.0,0.0,0,0.0,7.0,-0.23488605,0.9720229,-2.4492937e-16,1.0,4,0,0,1,6835.0,1,7815.0,1,8235.0,1,6836.0,1,5173.0,1,8319.0,1,6715.0,1,4503.0,7653.067,7416.137,-980.0
481,2014-12-22,10429.0,979.0,1.0,0.0,0,1.0,1.0,-0.11827317,0.9929811,-2.4492937e-16,1.0,4,0,0,1,0.0,1,6835.0,1,9235.0,1,0.0,1,4783.0,1,5978.0,1,7995.0,1,6112.0,4591.8403,5768.1064,-6835.0
481,2014-12-23,9805.0,912.0,1.0,0.0,0,1.0,2.0,-0.11827317,0.9929811,-2.4492937e-16,1.0,4,0,0,1,10429.0,1,0.0,1,7815.0,1,11027.0,1,5696.0,1,0.0,1,6274.0,1,5335.0,6926.704,6803.861,10429.0
481,2014-12-24,4011.0,415.0,1.0,0.0,0,1.0,3.0,-0.11827317,0.9929811,-2.4492937e-16,1.0,4,0,0,1,9805.0,1,10429.0,1,6835.0,1,9494.0,1,5772.0,1,4894.0,1,0.0,1,0.0,8078.0225,7470.7803,-624.0
481,2014-12-25,0.0,0.0,0.0,0.0,3,1.0,4.0,-0.11827317,0.9929811,-2.4492937e-16,1.0,4,0,0,1,4011.0,1,9805.0,1,0.0,1,8235.0,1,6836.0,1,5173.0,1,9371.0,1,8828.0,6451.2134,6701.9404,-5794.0
481,2014-12-26,0.0,0.0,0.0,0.0,3,1.0,5.0,-0.11827317,0.9929811,-2.4492937e-16,1.0,4,0,0,1,0.0,1,4011.0,1,10429.0,1,9235.0,1,0.0,1,4783.0,1,7247.0,1,6494.0,3870.728,5212.62,-4011.0
481,2014-12-27,3824.0,367.0,1.0,0.0,0,1.0,6.0,-0.11827317,0.9929811,-2.4492937e-16,1.0,4,0,0,1,0.0,1,0.0,1,9805.0,1,7815.0,1,11027.0,1,5696.0,1,7396.0,1,6111.0,2322.4368,4054.2603,0.0
481,2014-12-28,0.0,0.0,0.0,0.0,0,1.0,7.0,-0.11827317,0.9929811,-2.4492937e-16,1.0,4,0,0,1,3824.0,1,0.0,1,4011.0,1,6835.0,1,9494.0,1,5772.0,1,6558.0,1,7253.0,2923.062,4003.0913,3824.0
481,2014-12-29,6784.0,579.0,1.0,0.0,0,1.0,1.0,0.11827317,0.9929811,-2.4492937e-16,1.0,4,0,0,1,0.0,1,3824.0,1,0.0,1,0.0,1,8235.0,1,6836.0,1,8319.0,1,7413.0,1753.8373,3113.5154,-3824.0
481,2014-12-30,6157.0,579.0,1.0,0.0,0,1.0,2.0,0.11827317,0.9929811,-2.4492937e-16,1.0,4,0,0,1,6784.0,1,0.0,1,0.0,1,10429.0,1,9235.0,1,0.0,1,5978.0,1,5664.0,3765.9023,3929.1787,6784.0
481,2014-12-31,2927.0,316.0,1.0,0.0,0,1.0,3.0,0.11827317,0.9929811,-2.4492937e-16,1.0,4,0,1,1,6157.0,1,6784.0,1,3824.0,1,9805.0,1,7815.0,1,11027.0,1,0.0,1,0.0,4722.3413,4424.25,-627.0
481,2015-01-01,0.0,0.0,0.0,0.0,1,1.0,4.0,0.11827317,0.9929811,0.5,0.8660254,1,1,0,1,2927.0,1,6157.0,1,0.0,1,4011.0,1,6835.0,1,9494.0,1,4894.0,1,8460.0,4004.2048,4091.5278,-3230.0
481,2015-01-02,6255.0,563.0,1.0,0.0,0,1.0,5.0,0.11827317,0.9929811,0.5,0.8660254,1,0,0,1,0.0,1,2927.0,1,6784.0,1,0.0,1,0.0,1,8235.0,1,5173.0,1,6159.0,2402.523,3182.2993,-2927.0
481,2015-01-03,4696.0,471.0,1.0,0.0,0,1.0,6.0,0.11827317,0.9929811,0.5,0.8660254,1,0,0,1,6255.0,1,0.0,1,6157.0,1,0.0,1,10429.0,1,9235.0,1,4783.0,1,5590.0,3943.5137,3865.1218,6255.0
481,2015-01-04,0.0,0.0,0.0,0.0,0,1.0,7.0,0.11827317,0.9929811,0.5,0.8660254,1,0,0,1,4696.0,1,6255.0,1,2927.0,1,3824.0,1,9805.0,1,7815.0,1,5696.0,1,5880.0,4244.5083,4049.7615,-1559.0
481,2015-01-05,8880.0,678.0,1.0,1.0,0,1.0,1.0,0.23488605,0.9720229,0.5,0.8660254,1,0,0,1,0.0,1,4696.0,1,0.0,1,0.0,1,4011.0,1,6835.0,1,5772.0,1,6170.0,2546.7048,3149.8145,-4696.0
481,2015-01-06,7103.0,560.0,1.0,1.0,0,1.0,2.0,0.23488605,0.9720229,0.5,0.8660254,1,0,0,1,8880.0,1,0.0,1,6255.0,1,6784.0,1,0.0,1,0.0,1,6836.0,1,5056.0,5080.023,4423.189,8880.0
481,2015-01-07,6748.0,498.0,1.0,1.0,0,1.0,3.0,0.23488605,0.9720229,0.5,0.8660254,1,0,0,1,7103.0,1,8880.0,1,4696.0,1,6157.0,1,0.0,1,10429.0,1,0.0,1,0.0,5889.214,5018.7026,-1777.0
481,2015-01-08,4933.0,450.0,1.0,1.0,0,1.0,4.0,0.23488605,0.9720229,0.5,0.8660254,1,0,0,1,6748.0,1,7103.0,1,0.0,1,2927.0,1,3824.0,1,9805.0,1,11027.0,1,4843.0,6232.728,5402.9907,-355.0
481,2015-01-09,6109.0,524.0,1.0,1.0,0,1.0,5.0,0.23488605,0.9720229,0.5,0.8660254,1,0,0,1,4933.0,1,6748.0,1,8880.0,1,0.0,1,0.0,1,4011.0,1,9494.0,1,3654.0,5712.837,5298.5483,-1815.0
481,2015-01-10,4964.0,491.0,1.0,0.0,0,0.0,6.0,0.23488605,0.9720229,0.5,0.8660254,1,0,0,1,6109.0,1,4933.0,1,7103.0,1,6255.0,1,6784.0,1,0.0,1,8235.0,1,3957.0,5871.3022,5478.649,1176.0
481,2015-01-11,0.0,0.0,0.0,0.0,0,0.0,7.0,0.23488605,0.9720229,0.5,0.8660254,1,0,0,1,4964.0,1,6109.0,1,6748.0,1,4696.0,1,6157.0,1,0.0,1,9235.0,1,4435.0,5508.3813,5364.282,-1145.0
481,2015-01-12,8066.0,610.0,1.0,1.0,0,0.0,1.0,0.34820163,0.93741965,0.5,0.8660254,1,0,0,1,0.0,1,4964.0,1,4933.0,1,0.0,1,2927.0,1,3824.0,1,7815.0,1,4630.0,3305.0288,4172.2197,-4964.0
481,2015-01-13,6694.0,572.0,1.0,1.0,0,0.0,2.0,0.34820163,0.93741965,0.5,0.8660254,1,0,0,1,8066.0,1,0.0,1,6109.0,1,8880.0,1,0.0,1,0.0,1,6835.0,1,4943.0,5209.4175,5037.5044,8066.0
481,2015-01-14,6329.0,508.0,1.0,1.0,0,0.0,3.0,0.34820163,0.93741965,0.5,0.8660254,1,0,0,1,6694.0,1,8066.0,1,4964.0,1,7103.0,1,6255.0,1,6784.0,1,0.0,1,0.0,5803.2505,5405.6143,-1372.0
481,2015-01-15,5754.0,529.0,1.0,1.0,0,0.0,4.0,0.34820163,0.93741965,0.5,0.8660254,1,0,0,1,6329.0,1,6694.0,1,0.0,1,6748.0,1,4696.0,1,6157.0,1,10429.0,1,8734.0,6013.5503,5610.811,-365.0
481,2015-01-16,6434.0,557.0,1.0,1.0,0,0.0,5.0,0.34820163,0.93741965,0.5,0.8660254,1,0,0,1,5754.0,1,6329.0,1,8066.0,1,4933.0,1,0.0,1,2927.0,1,9805.0,1,5989.0,5909.73,5642.631,-575.0
481,2015-01-17,5750.0,555.0,1.0,0.0,0,0.0,6.0,0.34820163,0.93741965,0.5,0.8660254,1,0,0,1,6434.0,1,5754.0,1,6694.0,1,6109.0,1,8880.0,1,0.0,1,4011.0,1,6193.0,6119.438,5818.4907,680.0
481,2015-01-18,0.0,0.0,0.0,0.0,0,0.0,7.0,0.34820163,0.93741965,0.5,0.8660254,1,0,0,1,5750.0,1,6434.0,1,6329.0,1,4964.0,1,7103.0,1,6255.0,1,0.0,1,6715.0,5971.663,5803.2705,-684.0
481,2015-01-19,4022.0,426.0,1.0,0.0,0,0.0,1.0,0.45662925,0.8896571,0.5,0.8660254,1,0,0,1,0.0,1,5750.0,1,5754.0,1,0.0,1,6748.0,1,4696.0,1,0.0,1,7995.0,3582.9978,4513.655,-5750.0
481,2015-01-20,3746.0,394.0,1.0,0.0,0,0.0,2.0,0.45662925,0.8896571,0.5,0.8660254,1,0,0,1,4022.0,1,0.0,1,6434.0,1,8066.0,1,4933.0,1,0.0,1,3824.0,1,6274.0,3758.5986,4404.3984,4022.0
481,2015-01-21,4284.0,425.0,1.0,0.0,0,0.0,3.0,0.45662925,0.8896571,0.5,0.8660254,1,0,0,1,3746.0,1,4022.0,1,5750.0,1,6694.0,1,6109.0,1,8880.0,1,0.0,1,0.0,3753.559,4258.0874,-276.0
481,2015-01-22,4314.0,423.0,1.0,0.0,0,0.0,4.0,0.45662925,0.8896571,0.5,0.8660254,1,0,0,1,4284.0,1,3746.0,1,0.0,1,6329.0,1,4964.0,1,7103.0,1,6784.0,1,9371.0,3965.7356,4263.8457,538.0
481,2015-01-23,4972.0,489.0,1.0,0.0,0,0.0,5.0,0.45662925,0.8896571,0.5,0.8660254,1,0,0,1,4314.0,1,4284.0,1,4022.0,1,5754.0,1,0.0,1,6748.0,1,6157.0,1,7247.0,4105.0415,4274.991,30.0
481,2015-01-24,4939.0,486.0,1.0,0.0,0,0.0,6.0,0.45662925,0.8896571,0.5,0.8660254,1,0,0,1,4972.0,1,4314.0,1,3746.0,1,6434.0,1,8066.0,1,4933.0,1,2927.0,1,7396.0,4451.8247,4429.882,658.0
481,2015-01-25,0.0,0.0,0.0,0.0,0,0.0,7.0,0.45662925,0.8896571,0.5,0.8660254,1,0,0,1,4939.0,1,4972.0,1,4284.0,1,5750.0,1,6694.0,1,6109.0,1,0.0,1,6558.0,4646.695,4543.0195,-33.0
481,2015-01-26,7294.0,588.0,1.0,1.0,0,0.0,1.0,0.55864674,0.82940567,0.5,0.8660254,1,0,0,1,0.0,1,4939.0,1,4314.0,1,0.0,1,6329.0,1,4964.0,1,6255.0,1,8319.0,2788.0168,3533.4595,-4939.0
481,2015-01-27,6399.0,480.0,1.0,1.0,0,0.0,2.0,0.55864674,0.82940567,0.5,0.8660254,1,0,0,1,7294.0,1,0.0,1,4972.0,1,4022.0,1,5754.0,1,0.0,1,4696.0,1,5978.0,4590.41,4369.1353,7294.0
481,2015-01-28,6199.0,523.0,1.0,1.0,0,0.0,3.0,0.55864674,0.82940567,0.5,0.8660254,1,0,0,1,6399.0,1,7294.0,1,4939.0,1,3746.0,1,6434.0,1,8066.0,1,0.0,1,0.0,5313.846,4820.2163,-895.0
481,2015-01-29,6233.0,510.0,1.0,1.0,0,0.0,4.0,0.55864674,0.82940567,0.5,0.8660254,1,0,0,1,6199.0,1,6399.0,1,0.0,1,4284.0,1,5750.0,1,6694.0,1,8880.0,1,4894.0,5667.9077,5126.613,-200.0
481,2015-01-30,7773.0,587.0,1.0,1.0,0,0.0,5.0,0.55864674,0.82940567,0.5,0.8660254,1,0,0,1,6233.0,1,6199.0,1,7294.0,1,4314.0,1,0.0,1,6329.0,1,7103.0,1,5173.0,5893.945,5372.4766,34.0
481,2015-01-31,6842.0,621.0,1.0,0.0,0,0.0,6.0,0.55864674,0.82940567,0.5,0.8660254,1,0,1,1,7773.0,1,6233.0,1,6399.0,1,4972.0,1,4022.0,1,5754.0,1,6748.0,1,4783.0,6645.567,5905.9263,1540.0
481,2015-02-01,0.0,0.0,0.0,0.0,0,0.0,7.0,0.55864674,0.82940567,0.8660254,0.5,1,1,0,1,6842.0,1,7773.0,1,6199.0,1,4939.0,1,3746.0,1,6434.0,1,4933.0,1,5696.0,6724.14,6113.9424,-931.0
481,2015-02-02,6713.0,556.0,1.0,1.0,0,0.0,1.0,0.65282214,0.75751126,0.8660254,0.5,1,0,0,1,0.0,1,6842.0,1,6233.0,1,0.0,1,4284.0,1,5750.0,1,6109.0,1,5772.0,4034.4841,4755.2886,-6842.0
481,2015-02-03,6753.0,533.0,1.0,1.0,0,0.0,2.0,0.65282214,0.75751126,0.8660254,0.5,1,0,0,1,6713.0,1,0.0,1,7773.0,1,7294.0,1,4314.0,1,0.0,1,4964.0,1,6836.0,5105.8906,5190.3354,6713.0
481,2015-02-04,6628.0,526.0,1.0,1.0,0,0.0,3.0,0.65282214,0.75751126,0.8660254,0.5,1,0,0,1,6753.0,1,6713.0,1,6842.0,1,6399.0,1,4972.0,1,4022.0,1,0.0,1,0.0,5764.7344,5537.594,40.0
481,2015-02-05,6448.0,577.0,1.0,1.0,0,0.0,4.0,0.65282214,0.75751126,0.8660254,0.5,1,0,0,1,6628.0,1,6753.0,1,0.0,1,6199.0,1,4939.0,1,3746.0,1,8066.0,1,11027.0,6110.0405,5779.9067,-125.0
481,2015-02-06,7618.0,653.0,1.0,1.0,0,0.0,5.0,0.65282214,0.75751126,0.8660254,0.5,1,0,0,1,6448.0,1,6628.0,1,6713.0,1,6233.0,1,0.0,1,4284.0,1,6694.0,1,9494.0,6245.224,5928.372,-180.0
481,2015-02-07,5570.0,558.0,1.0,0.0,0,0.0,6.0,0.65282214,0.75751126,0.8660254,0.5,1,0,0,1,7618.0,1,6448.0,1,6753.0,1,7773.0,1,7294.0,1,4314.0,1,6329.0,1,8235.0,6794.3345,6303.8447,1170.0
481,2015-02-08,0.0,0.0,0.0,0.0,0,0.0,7.0,0.65282214,0.75751126,0.8660254,0.5,1,0,0,1,5570.0,1,7618.0,1,6628.0,1,6842.0,1,6399.0,1,4972.0,1,5754.0,1,9235.0,6304.6006,6140.768,-2048.0
481,2015-02-09,4831.0,468.0,1.0,0.0,0,0.0,1.0,0.73783326,0.674983,0.8660254,0.5,1,0,0,1,0.0,1,5570.0,1,6448.0,1,0.0,1,6199.0,1,4939.0,1,6434.0,1,7815.0,3782.7605,4776.153,-5570.0
481,2015-02-10,4007.0,405.0,1.0,0.0,0,0.0,2.0,0.73783326,0.674983,0.8660254,0.5,1,0,0,1,4831.0,1,0.0,1,7618.0,1,6713.0,1,6233.0,1,0.0,1,5750.0,1,6835.0,4202.056,4788.3413,4831.0
481,2015-02-11,4075.0,407.0,1.0,0.0,0,0.0,3.0,0.73783326,0.674983,0.8660254,0.5,1,0,0,1,4007.0,1,4831.0,1,5570.0,1,6753.0,1,7773.0,1,7294.0,1,0.0,1,0.0,4124.0337,4614.71,-824.0
481,2015-02-12,4504.0,452.0,1.0,0.0,0,0.0,4.0,0.73783326,0.674983,0.8660254,0.5,1,0,0,1,4075.0,1,4007.0,1,0.0,1,6628.0,1,6842.0,1,6399.0,1,4022.0,1,10429.0,4104.4204,4494.7744,68.0
481,2015-02-13,5647.0,520.0,1.0,0.0,0,0.0,5.0,0.73783326,0.674983,0.8660254,0.5,1,0,0,1,4504.0,1,4075.0,1,4831.0,1,6448.0,1,0.0,1,6199.0,1,3746.0,1,9805.0,4264.252,4496.8247,429.0
481,2015-02-14,5403.0,540.0,1.0,0.0,0,0.0,6.0,0.73783326,0.674983,0.8660254,0.5,1,0,0,1,5647.0,1,4504.0,1,4007.0,1,7618.0,1,6713.0,1,6233.0,1,4284.0,1,4011.0,4817.351,4752.419,1143.0
481,2015-02-15,0.0,0.0,0.0,0.0,0,0.0,7.0,0.73783326,0.674983,0.8660254,0.5,1,0,0,1,5403.0,1,5647.0,1,4075.0,1,5570.0,1,6753.0,1,7773.0,1,4314.0,1,0.0,5051.611,4896.9927,-244.0
481,2015-02-16,8983.0,675.0,1.0,1.0,0,0.0,1.0,0.8124869,0.5829795,0.8660254,0.5,1,0,0,1,0.0,1,5403.0,1,4504.0,1,0.0,1,6628.0,1,6842.0,1,4972.0,1,0.0,3030.9666,3808.772,-5403.0
481,2015-02-17,6555.0,534.0,1.0,1.0,0,0.0,2.0,0.8124869,0.5829795,0.8660254,0.5,1,0,0,1,8983.0,1,0.0,1,5647.0,1,4831.0,1,6448.0,1,0.0,1,4939.0,1,3824.0,5411.78,4958.6006,8983.0
481,2015-02-18,6688.0,551.0,1.0,1.0,0,0.0,3.0,0.8124869,0.5829795,0.8660254,0.5,1,0,0,1,6555.0,1,8983.0,1,5403.0,1,4007.0,1,7618.0,1,6713.0,1,0.0,1,0.0,5869.068,5313.356,-2428.0
481,2015-02-19,5740.0,523.0,1.0,1.0,0,0.0,4.0,0.8124869,0.5829795,0.8660254,0.5,1,0,0,1,6688.0,1,6555.0,1,0.0,1,4075.0,1,5570.0,1,6753.0,1,7294.0,1,6784.0,6196.6406,5618.8325,133.0
481,2015-02-20,7137.0,594.0,1.0,1.0,0,0.0,5.0,0.8124869,0.5829795,0.8660254,0.5,1,0,0,1,5740.0,1,6688.0,1,8983.0,1,4504.0,1,0.0,1,6628.0,1,6399.0,1,6157.0,6013.9844,5645.7583,-948.0
481,2015-02-21,6314.0,552.0,1.0,0.0,0,0.0,6.0,0.8124869,0.5829795,0.8660254,0.5,1,0,0,1,7137.0,1,5740.0,1,6555.0,1,5647.0,1,4831.0,1,6448.0,1,6199.0,1,2927.0,6463.1904,5977.1455,1397.0
481,2015-02-22,0.0,0.0,0.0,0.0,0,0.0,7.0,0.8124869,0.5829795,0.8660254,0.5,1,0,0,1,6314.0,1,7137.0,1,6688.0,1,5403.0,1,4007.0,1,7618.0,1,6233.0,1,0.0,6403.514,6052.002,-823.0
481,2015-02-23,3309.0,357.0,1.0,0.0,0,0.0,1.0,0.8757349,0.4827922,0.8660254,0.5,1,0,0,1,0.0,1,6314.0,1,5740.0,1,0.0,1,4075.0,1,5570.0,1,7773.0,1,6255.0,3842.1086,4707.113,-6314.0
481,2015-02-24,4059.0,384.0,1.0,0.0,0,0.0,2.0,0.8757349,0.4827922,0.8660254,0.5,1,0,0,1,3309.0,1,0.0,1,7137.0,1,8983.0,1,4504.0,1,0.0,1,6842.0,1,4696.0,3628.8652,4396.421,3309.0
481,2015-02-25,4341.0,384.0,1.0,0.0,0,0.0,3.0,0.8757349,0.4827922,0.8660254,0.5,1,0,0,1,4059.0,1,3309.0,1,6314.0,1,6555.0,1,5647.0,1,4831.0,1,0.0,1,0.0,3800.9192,4321.4385,750.0
481,2015-02-26,4605.0,471.0,1.0,0.0,0,0.0,4.0,0.8757349,0.4827922,0.8660254,0.5,1,0,0,1,4341.0,1,4059.0,1,0.0,1,6688.0,1,5403.0,1,4007.0,1,6713.0,1,8880.0,4016.9514,4325.7856,282.0
481,2015-02-27,6515.0,543.0,1.0,0.0,0,0.0,5.0,0.8757349,0.4827922,0.8660254,0.5,1,0,0,1,4605.0,1,4341.0,1,3309.0,1,5740.0,1,0.0,1,4075.0,1,6753.0,1,7103.0,4252.171,4387.833,264.0
481,2015-02-28,5842.0,560.0,1.0,0.0,0,0.0,6.0,0.8757349,0.4827922,0.8660254,0.5,1,0,1,1,6515.0,1,4605.0,1,4059.0,1,7137.0,1,8983.0,1,4504.0,1,6628.0,1,6748.0,5157.3027,4860.537,1910.0
481,2015-03-01,0.0,0.0,0.0,0.0,0,0.0,7.0,0.8757349,0.4827922,1.0,6.123234e-17,1,1,0,1,5842.0,1,6515.0,1,4341.0,1,6314.0,1,6555.0,1,5647.0,1,6448.0,1,4933.0,5431.1816,5078.6396,-673.0
481,2015-03-02,8339.0,637.0,1.0,1.0,0,0.0,1.0,0.9266896,0.37582758,1.0,6.123234e-17,1,0,0,1,0.0,1,5842.0,1,4605.0,1,0.0,1,6688.0,1,5403.0,1,7618.0,1,6109.0,3258.709,3950.0532,-5842.0
481,2015-03-03,6109.0,528.0,1.0,1.0,0,0.0,2.0,0.9266896,0.37582758,1.0,6.123234e-17,1,0,0,1,8339.0,1,0.0,1,6515.0,1,3309.0,1,5740.0,1,0.0,1,5570.0,1,4964.0,5290.825,4925.3745,8339.0
481,2015-03-04,6338.0,488.0,1.0,1.0,0,0.0,3.0,0.9266896,0.37582758,1.0,6.123234e-17,1,0,0,1,6109.0,1,8339.0,1,5842.0,1,4059.0,1,7137.0,1,8983.0,1,0.0,1,0.0,5618.095,5188.4023,-2230.0
481,2015-03-05,6213.0,569.0,1.0,1.0,0,0.0,4.0,0.9266896,0.37582758,1.0,6.123234e-17,1,0,0,1,6338.0,1,6109.0,1,0.0,1,4341.0,1,6314.0,1,6555.0,1,4831.0,1,8066.0,5906.057,5443.8687,229.0
481,2015-03-06,6743.0,578.0,1.0,1.0,0,0.0,5.0,0.9266896,0.37582758,1.0,6.123234e-17,1,0,0,1,6213.0,1,6338.0,1,8339.0,1,4605.0,1,0.0,1,6688.0,1,4007.0,1,6694.0,6028.8345,5614.7866,-125.0
481,2015-03-07,5342.0,521.0,1.0,0.0,0,0.0,6.0,0.9266896,0.37582758,1.0,6.123234e-17,1,0,0,1,6743.0,1,6213.0,1,6109.0,1,6515.0,1,3309.0,1,5740.0,1,4075.0,1,6329.0,6314.5005,5865.501,530.0
481,2015-03-08,0.0,0.0,0.0,0.0,0,0.0,7.0,0.9266896,0.37582758,1.0,6.123234e-17,1,0,0,1,5342.0,1,6743.0,1,6338.0,1,5842.0,1,4059.0,1,7137.0,1,4504.0,1,5754.0,5925.5005,5749.1675,-1401.0
481,2015-03-09,4208.0,452.0,1.0,0.0,0,0.0,1.0,0.9646356,0.26358718,1.0,6.123234e-17,1,0,0,1,0.0,1,5342.0,1,6213.0,1,0.0,1,4341.0,1,6314.0,1,5647.0,1,6434.0,3555.3003,4471.5747,-5342.0
481,2015-03-10,3947.0,397.0,1.0,0.0,0,0.0,2.0,0.9646356,0.26358718,1.0,6.123234e-17,1,0,0,1,4208.0,1,0.0,1,6743.0,1,8339.0,1,4605.0,1,0.0,1,5403.0,1,5750.0,3816.3801,4413.0024,4208.0
481,2015-03-11,4034.0,418.0,1.0,0.0,0,0.0,3.0,0.9646356,0.26358718,1.0,6.123234e-17,1,0,0,1,3947.0,1,4208.0,1,5342.0,1,6109.0,1,6515.0,1,3309.0,1,0.0,1,0.0,3868.6282,4309.4463,-261.0
481,2015-03-12,4245.0,432.0,1.0,0.0,0,0.0,4.0,0.9646356,0.26358718,1.0,6.123234e-17,1,0,0,1,4034.0,1,3947.0,1,0.0,1,6338.0,1,5842.0,1,4059.0,1,8983.0,1,4022.0,3934.7769,4248.236,87.0
481,2015-03-13,4275.0,447.0,1.0,0.0,0,0.0,5.0,0.9646356,0.26358718,1.0,6.123234e-17,1,0,0,1,4245.0,1,4034.0,1,4208.0,1,6213.0,1,0.0,1,4341.0,1,6555.0,1,3746.0,4058.8662,4247.517,211.0
481,2015-03-14,5799.0,550.0,1.0,0.0,0,0.0,6.0,0.9646356,0.26358718,1.0,6.123234e-17,1,0,0,1,4275.0,1,4245.0,1,3947.0,1,6743.0,1,8339.0,1,4605.0,1,6688.0,1,4284.0,4145.32,4253.6245,30.0
481,2015-03-15,0.0,0.0,0.0,0.0,0,0.0,7.0,0.9646356,0.26358718,1.0,6.123234e-17,1,0,0,1,5799.0,1,4275.0,1,4034.0,1,5342.0,1,6109.0,1,6515.0,1,5740.0,1,4314.0,4806.792,4597.041,1524.0
481,2015-03-16,8682.0,669.0,1.0,1.0,0,0.0,1.0,0.9890402,0.14764656,1.0,6.123234e-17,1,0,0,1,0.0,1,5799.0,1,4245.0,1,0.0,1,6338.0,1,5842.0,1,7137.0,1,4972.0,2884.0752,3575.4763,-5799.0
481,2015-03-17,5963.0,504.0,1.0,1.0,0,0.0,2.0,0.9890402,0.14764656,1.0,6.123234e-17,1,0,0,1,8682.0,1,0.0,1,4275.0,1,4208.0,1,6213.0,1,0.0,1,6314.0,1,4939.0,5203.245,4710.2593,8682.0
481,2015-03-18,5535.0,469.0,1.0,1.0,0,0.0,3.0,0.9890402,0.14764656,1.0,6.123234e-17,1,0,0,1,5963.0,1,8682.0,1,5799.0,1,3947.0,1,6743.0,1,8339.0,1,0.0,1,0.0,5507.147,4988.646,-2719.0
481,2015-03-19,6475.0,543.0,1.0,1.0,0,0.0,4.0,0.9890402,0.14764656,1.0,6.123234e-17,1,0,0,1,5535.0,1,5963.0,1,0.0,1,4034.0,1,5342.0,1,6109.0,1,3309.0,1,7294.0,5518.288,5110.058,-428.0
481,2015-03-20,5920.0,537.0,1.0,1.0,0,0.0,5.0,0.9890402,0.14764656,1.0,6.123234e-17,1,0,0,1,6475.0,1,5535.0,1,8682.0,1,4245.0,1,0.0,1,6338.0,1,4059.0,1,6399.0,5900.973,5413.3784,940.0
481,2015-03-21,5047.0,501.0,1.0,0.0,0,0.0,6.0,0.9890402,0.14764656,1.0,6.123234e-17,1,0,0,1,5920.0,1,6475.0,1,5963.0,1,4275.0,1,4208.0,1,6213.0,1,4341.0,1,6199.0,5908.584,5525.961,-555.0
481,2015-03-22,0.0,0.0,0.0,0.0,0,0.0,7.0,0.9890402,0.14764656,1.0,6.123234e-17,1,0,0,1,5047.0,1,5920.0,1,5535.0,1,5799.0,1,3947.0,1,6743.0,1,4605.0,1,6233.0,5563.95,5419.5254,-873.0
481,2015-03-23,4801.0,458.0,1.0,0.0,0,0.0,1.0,0.99956083,0.029633328,1.0,6.123234e-17,1,0,0,1,0.0,1,5047.0,1,6475.0,1,0.0,1,4034.0,1,5342.0,1,6515.0,1,7773.0,3338.37,4215.1865,-5047.0
481,2015-03-24,3914.0,402.0,1.0,0.0,0,0.0,2.0,0.99956083,0.029633328,1.0,6.123234e-17,1,0,0,1,4801.0,1,0.0,1,5920.0,1,8682.0,1,4245.0,1,0.0,1,5842.0,1,6842.0,3923.422,4345.367,4801.0
481,2015-03-25,3624.0,380.0,1.0,0.0,0,0.0,3.0,0.99956083,0.029633328,1.0,6.123234e-17,1,0,0,1,3914.0,1,4801.0,1,5047.0,1,5963.0,1,4275.0,1,4208.0,1,0.0,1,0.0,3919.6533,4249.508,-887.0
481,2015-03-26,4473.0,430.0,1.0,0.0,0,0.0,4.0,0.99956083,0.029633328,1.0,6.123234e-17,1,0,0,1,3624.0,1,3914.0,1,0.0,1,5535.0,1,5799.0,1,3947.0,1,8339.0,1,6713.0,3801.3918,4110.506,-290.0
481,2015-03-27,5181.0,486.0,1.0,0.0,0,0.0,5.0,0.99956083,0.029633328,1.0,6.123234e-17,1,0,0,1,4473.0,1,3624.0,1,4801.0,1,6475.0,1,0.0,1,4034.0,1,6109.0,1,6753.0,4070.0352,4191.06,849.0
481,2015-03-28,5864.0,523.0,1.0,0.0,0,0.0,6.0,0.99956083,0.029633328,1.0,6.123234e-17,1,0,0,1,5181.0,1,4473.0,1,3914.0,1,5920.0,1,8682.0,1,4245.0,1,6338.0,1,6628.0,4514.421,4411.047,708.0
481,2015-03-29,0.0,0.0,0.0,0.0,0,0.0,7.0,0.99956083,0.029633328,1.0,6.123234e-17,1,0,0,1,5864.0,1,5181.0,1,3624.0,1,5047.0,1,5963.0,1,4275.0,1,6213.0,1,6448.0,5054.2524,4733.9253,683.0
481,2015-03-30,8966.0,666.0,1.0,1.0,0,1.0,1.0,0.9960498,-0.08879589,1.0,6.123234e-17,1,0,0,1,0.0,1,5864.0,1,4473.0,1,0.0,1,5535.0,1,5799.0,1,6743.0,1,7618.0,3032.5515,3681.942,-5864.0
481,2015-03-31,8385.0,635.0,1.0,1.0,0,1.0,2.0,0.9960498,-0.08879589,1.0,6.123234e-17,1,0,1,1,8966.0,1,0.0,1,5181.0,1,4801.0,1,6475.0,1,0.0,1,5342.0,1,5570.0,5405.931,4856.1772,8966.0
481,2015-04-01,8439.0,667.0,1.0,1.0,0,1.0,3.0,0.9960498,-0.08879589,0.8660254,-0.5,2,1,0,1,8385.0,1,8966.0,1,5864.0,1,3914.0,1,5920.0,1,8682.0,1,0.0,1,0.0,6597.5586,5640.36,-581.0
481,2015-04-02,9067.0,799.0,1.0,1.0,0,1.0,4.0,0.9960498,-0.08879589,0.8660254,-0.5,2,0,0,1,8439.0,1,8385.0,1,0.0,1,3624.0,1,5047.0,1,5963.0,1,4208.0,1,4831.0,7334.1353,6262.28,54.0
481,2015-04-03,0.0,0.0,0.0,1.0,2,1.0,5.0,0.9960498,-0.08879589,0.8660254,-0.5,2,0,0,1,9067.0,1,8439.0,1,8966.0,1,4473.0,1,0.0,1,5535.0,1,3947.0,1,4007.0,8027.2812,6885.5513,628.0
481,2015-04-04,6669.0,735.0,1.0,0.0,0,1.0,6.0,0.9960498,-0.08879589,0.8660254,-0.5,2,0,0,1,0.0,1,9067.0,1,8385.0,1,5181.0,1,4801.0,1,6475.0,1,4034.0,1,4075.0,4816.3687,5355.4287,-9067.0
481,2015-04-05,0.0,0.0,0.0,0.0,0,1.0,7.0,0.9960498,-0.08879589,0.8660254,-0.5,2,0,0,1,6669.0,1,0.0,1,8439.0,1,5864.0,1,3914.0,1,5920.0,1,4245.0,1,4504.0,5557.4214,5647.3335,6669.0
481,2015-04-06,0.0,0.0,0.0,0.0,2,1.0,1.0,0.9785565,-0.20597862,0.8660254,-0.5,2,0,0,1,0.0,1,6669.0,1,9067.0,1,0.0,1,3624.0,1,5047.0,1,4275.0,1,5647.0,3334.4526,4392.3706,-6669.0
481,2015-04-07,5311.0,546.0,1.0,0.0,0,1.0,2.0,0.9785565,-0.20597862,0.8660254,-0.5,2,0,0,1,0.0,1,0.0,1,0.0,1,8966.0,1,4473.0,1,0.0,1,5799.0,1,5403.0,2000.6716,3416.288,0.0
481,2015-04-08,3579.0,380.0,1.0,0.0,0,1.0,3.0,0.9785565,-0.20597862,0.8660254,-0.5,2,0,0,1,5311.0,1,0.0,1,6669.0,1,8385.0,1,5181.0,1,4801.0,1,0.0,1,0.0,3324.803,3837.3352,5311.0
481,2015-04-09,4088.0,422.0,1.0,0.0,0,1.0,4.0,0.9785565,-0.20597862,0.8660254,-0.5,2,0,0,1,3579.0,1,5311.0,1,0.0,1,8439.0,1,5864.0,1,3914.0,1,8682.0,1,8983.0,3426.4817,3779.9272,-1732.0
481,2015-04-10,4290.0,448.0,1.0,0.0,0,1.0,5.0,0.9785565,-0.20597862,0.8660254,-0.5,2,0,0,1,4088.0,1,3579.0,1,0.0,1,9067.0,1,0.0,1,3624.0,1,5963.0,1,6555.0,3691.089,3848.388,509.0
481,2015-04-11,6023.0,564.0,1.0,0.0,0,0.0,6.0,0.9785565,-0.20597862,0.8660254,-0.5,2,0,0,1,4290.0,1,4088.0,1,5311.0,1,0.0,1,8966.0,1,4473.0,1,5535.0,1,6688.0,3930.6536,3946.524,202.0
481,2015-04-12,0.0,0.0,0.0,0.0,0,0.0,7.0,0.9785565,-0.20597862,0.8660254,-0.5,2,0,0,1,6023.0,1,4290.0,1,3579.0,1,6669.0,1,8385.0,1,5181.0,1,6475.0,1,5740.0,4767.5923,4407.963,1733.0
481,2015-04-13,8512.0,632.0,1.0,1.0,0,0.0,1.0,0.94732636,-0.32026985,0.8660254,-0.5,2,0,0,1,0.0,1,6023.0,1,4088.0,1,0.0,1,8439.0,1,5864.0,1,5920.0,1,7137.0,2860.5552,3428.4158,-6023.0
481,2015-04-14,6772.0,526.0,1.0,1.0,0,0.0,2.0,0.94732636,-0.32026985,0.8660254,-0.5,2,0,0,1,8512.0,1,0.0,1,4290.0,1,0.0,1,9067.0,1,0.0,1,5047.0,1,6314.0,5121.1333,4558.101,8512.0
481,2015-04-15,5533.0,465.0,1.0,1.0,0,0.0,3.0,0.94732636,-0.32026985,0.8660254,-0.5,2,0,0,1,6772.0,1,8512.0,1,6023.0,1,5311.0,1,0.0,1,8966.0,1,0.0,1,0.0,5781.48,5050.0786,-1740.0
481,2015-04-16,5844.0,500.0,1.0,1.0,0,0.0,4.0,0.94732636,-0.32026985,0.8660254,-0.5,2,0,0,1,5533.0,1,6772.0,1,0.0,1,3579.0,1,6669.0,1,8385.0,1,4801.0,1,3309.0,5682.088,5157.3945,-1239.0
481,2015-04-17,6881.0,574.0,1.0,1.0,0,0.0,5.0,0.94732636,-0.32026985,0.8660254,-0.5,2,0,0,1,5844.0,1,5533.0,1,8512.0,1,4088.0,1,0.0,1,8439.0,1,3914.0,1,4059.0,5746.8525,5309.9736,311.0
481,2015-04-18,5909.0,533.0,1.0,0.0,0,0.0,6.0,0.94732636,-0.32026985,0.8660254,-0.5,2,0,0,1,6881.0,1,5844.0,1,6772.0,1,4290.0,1,0.0,1,9067.0,1,3624.0,1,4341.0,6200.5117,5659.0903,1037.0
481,2015-04-19,0.0,0.0,0.0,0.0,0,0.0,7.0,0.94732636,-0.32026985,0.8660254,-0.5,2,0,0,1,5909.0,1,6881.0,1,5533.0,1,6023.0,1,5311.0,1,0.0,1,4473.0,1,4605.0,6083.907,5714.626,-972.0
481,2015-04-20,4145.0,428.0,1.0,0.0,0,0.0,1.0,0.9027978,-0.4300652,0.8660254,-0.5,2,0,0,1,0.0,1,5909.0,1,5844.0,1,0.0,1,3579.0,1,6669.0,1,5181.0,1,6515.0,3650.3442,4444.709,-5909.0
481,2015-04-21,4346.0,412.0,1.0,0.0,0,0.0,2.0,0.9027978,-0.4300652,0.8660254,-0.5,2,0,0,1,4145.0,1,0.0,1,6881.0,1,8512.0,1,4088.0,1,0.0,1,5864.0,1,5842.0,3848.2065,4378.107,4145.0
481,2015-04-22,3912.0,387.0,1.0,0.0,0,0.0,3.0,0.9027978,-0.4300652,0.8660254,-0.5,2,0,0,1,4346.0,1,4145.0,1,5909.0,1,6772.0,1,4290.0,1,0.0,1,0.0,1,0.0,4047.324,4370.972,201.0
481,2015-04-23,4862.0,442.0,1.0,0.0,0,0.0,4.0,0.9027978,-0.4300652,0.8660254,-0.5,2,0,0,1,3912.0,1,4346.0,1,0.0,1,5533.0,1,6023.0,1,5311.0,1,8966.0,1,8339.0,3993.1943,4268.9785,-434.0
481,2015-04-24,4538.0,459.0,1.0,0.0,0,0.0,5.0,0.9027978,-0.4300652,0.8660254,-0.5,2,0,0,1,4862.0,1,3912.0,1,4145.0,1,5844.0,1,0.0,1,3579.0,1,8385.0,1,6109.0,4340.717,4400.7607,950.0
481,2015-04-25,5207.0,468.0,1.0,0.0,0,0.0,6.0,0.9027978,-0.4300652,0.8660254,-0.5,2,0,0,1,4538.0,1,4862.0,1,4346.0,1,6881.0,1,8512.0,1,4088.0,1,8439.0,1,6338.0,4419.63,4431.2583,-324.0
481,2015-04-26,0.0,0.0,0.0,0.0,0,0.0,7.0,0.9027978,-0.4300652,0.8660254,-0.5,2,0,0,1,5207.0,1,4538.0,1,3912.0,1,5909.0,1,6772.0,1,4290.0,1,9067.0,1,6213.0,4734.578,4603.6455,669.0
481,2015-04-27,8300.0,620.0,1.0,1.0,0,0.0,1.0,0.845596,-0.5338234,0.8660254,-0.5,2,0,0,1,0.0,1,5207.0,1,4862.0,1,0.0,1,5533.0,1,6023.0,1,0.0,1,6743.0,2840.7468,3580.6133,-5207.0
481,2015-04-28,6993.0,563.0,1.0,1.0,0,0.0,2.0,0.845596,-0.5338234,0.8660254,-0.5,2,0,0,1,8300.0,1,0.0,1,4538.0,1,4145.0,1,5844.0,1,0.0,1,6669.0,1,5342.0,5024.448,4629.3657,8300.0
481,2015-04-29,7521.0,595.0,1.0,1.0,0,0.0,3.0,0.845596,-0.5338234,0.8660254,-0.5,2,0,0,1,6993.0,1,8300.0,1,5207.0,1,4346.0,1,6881.0,1,8512.0,1,0.0,1,0.0,5811.8687,5154.6177,-1307.0
481,2015-04-30,9623.0,808.0,1.0,1.0,0,0.0,4.0,0.845596,-0.5338234,0.8660254,-0.5,2,0,1,1,7521.0,1,6993.0,1,0.0,1,3912.0,1,5909.0,1,6772.0,1,0.0,1,4208.0,6495.5215,5680.4805,528.0
481,2015-05-01,0.0,0.0,0.0,1.0,1,0.0,5.0,0.845596,-0.5338234,0.5,-0.8660254,2,1,0,1,9623.0,1,7521.0,1,8300.0,1,4862.0,1,0.0,1,5533.0,1,5311.0,1,3947.0,7746.5127,6556.596,2102.0
481,2015-05-02,7386.0,668.0,1.0,0.0,0,0.0,6.0,0.845596,-0.5338234,0.5,-0.8660254,2,0,0,1,0.0,1,9623.0,1,6993.0,1,4538.0,1,4145.0,1,5844.0,1,3579.0,1,4034.0,4647.9077,5099.5747,-9623.0
481,2015-05-03,0.0,0.0,0.0,0.0,0,0.0,7.0,0.845596,-0.5338234,0.5,-0.8660254,2,0,0,1,7386.0,1,0.0,1,7521.0,1,5207.0,1,4346.0,1,6881.0,1,4088.0,1,4245.0,5743.1445,5607.669,7386.0
481,2015-05-04,8983.0,704.0,1.0,1.0,0,0.0,1.0,0.7765239,-0.63008785,0.5,-0.8660254,2,0,0,1,0.0,1,7386.0,1,9623.0,1,0.0,1,3912.0,1,5909.0,1,4290.0,1,4275.0,3445.8867,4361.5205,-7386.0
481,2015-05-05,6593.0,533.0,1.0,1.0,0,0.0,2.0,0.7765239,-0.63008785,0.5,-0.8660254,2,0,0,1,8983.0,1,0.0,1,0.0,1,8300.0,1,4862.0,1,0.0,1,6023.0,1,5799.0,5660.732,5388.516,8983.0
481,2015-05-06,6011.0,504.0,1.0,1.0,0,0.0,3.0,0.7765239,-0.63008785,0.5,-0.8660254,2,0,0,1,6593.0,1,8983.0,1,7386.0,1,6993.0,1,4538.0,1,4145.0,1,0.0,1,0.0,6033.639,5656.179,-2390.0
481,2015-05-07,6045.0,544.0,1.0,1.0,0,0.0,4.0,0.7765239,-0.63008785,0.5,-0.8660254,2,0,0,1,6011.0,1,6593.0,1,0.0,1,7521.0,1,5207.0,1,4346.0,1,8512.0,1,8682.0,6024.5835,5735.0283,-582.0
481,2015-05-08,6513.0,577.0,1.0,1.0,0,0.0,5.0,0.7765239,-0.63008785,0.5,-0.8660254,2,0,0,1,6045.0,1,6011.0,1,8983.0,1,9623.0,1,0.0,1,3912.0,1,6772.0,1,5963.0,6032.75,5803.9106,34.0
481,2015-05-09,6637.0,621.0,1.0,0.0,0,0.0,6.0,0.7765239,-0.63008785,0.5,-0.8660254,2,0,0,1,6513.0,1,6045.0,1,6593.0,1,0.0,1,8300.0,1,4862.0,1,5533.0,1,5535.0,6224.85,5961.4863,468.0
481,2015-05-10,0.0,0.0,0.0,0.0,0,0.0,7.0,0.7765239,-0.63008785,0.5,-0.8660254,2,0,0,1,6637.0,1,6513.0,1,6011.0,1,7386.0,1,6993.0,1,4538.0,1,5844.0,1,6475.0,6389.71,6111.6006,124.0
481,2015-05-11,4624.0,469.0,1.0,0.0,0,0.0,1.0,0.696551,-0.71750724,0.5,-0.8660254,2,0,0,1,0.0,1,6637.0,1,6045.0,1,0.0,1,7521.0,1,5207.0,1,6881.0,1,5920.0,3833.826,4753.467,-6637.0
481,2015-05-12,4256.0,438.0,1.0,0.0,0,0.0,2.0,0.696551,-0.71750724,0.5,-0.8660254,2,0,0,1,4624.0,1,0.0,1,6513.0,1,8983.0,1,9623.0,1,0.0,1,5909.0,1,5047.0,4149.8955,4724.6963,4624.0
481,2015-05-13,5643.0,564.0,1.0,0.0,0,0.0,3.0,0.696551,-0.71750724,0.5,-0.8660254,2,0,0,1,4256.0,1,4624.0,1,6637.0,1,6593.0,1,0.0,1,8300.0,1,0.0,1,0.0,4192.3374,4620.5415,-368.0
481,2015-05-14,0.0,0.0,0.0,0.0,1,0.0,4.0,0.696551,-0.71750724,0.5,-0.8660254,2,0,0,1,5643.0,1,4256.0,1,0.0,1,6011.0,1,7386.0,1,6993.0,1,4145.0,1,4801.0,4772.6025,4847.755,1387.0
481,2015-05-15,5771.0,542.0,1.0,0.0,0,0.0,5.0,0.696551,-0.71750724,0.5,-0.8660254,2,0,0,1,0.0,1,5643.0,1,4624.0,1,6045.0,1,0.0,1,7521.0,1,4346.0,1,3914.0,2863.5615,3770.4758,-5643.0
481,2015-05-16,5823.0,544.0,1.0,0.0,0,0.0,6.0,0.696551,-0.71750724,0.5,-0.8660254,2,0,0,1,5771.0,1,0.0,1,4256.0,1,6513.0,1,8983.0,1,9623.0,1,3912.0,1,3624.0,4026.5369,4215.0366,5771.0
481,2015-05-17,0.0,0.0,0.0,0.0,0,0.0,7.0,0.696551,-0.71750724,0.5,-0.8660254,2,0,0,1,5823.0,1,5771.0,1,5643.0,1,6637.0,1,6593.0,1,0.0,1,4862.0,1,4473.0,4745.122,4572.362,52.0
481,2015-05-18,8234.0,650.0,1.0,1.0,0,0.0,1.0,0.60680014,-0.79485446,0.5,-0.8660254,2,0,0,1,0.0,1,5823.0,1,0.0,1,0.0,1,6011.0,1,7386.0,1,4538.0,1,5181.0,2847.0732,3556.2815,-5823.0
481,2015-05-19,6654.0,546.0,1.0,1.0,0,0.0,2.0,0.60680014,-0.79485446,0.5,-0.8660254,2,0,0,1,8234.0,1,0.0,1,5771.0,1,4624.0,1,6045.0,1,0.0,1,5207.0,1,5864.0,5001.8438,4595.7744,8234.0
481,2015-05-20,5808.0,495.0,1.0,1.0,0,0.0,3.0,0.60680014,-0.79485446,0.5,-0.8660254,2,0,0,1,6654.0,1,8234.0,1,5823.0,1,4256.0,1,6513.0,1,8983.0,1,0.0,1,0.0,5662.7065,5053.1577,-1580.0
481,2015-05-21,6295.0,544.0,1.0,1.0,0,0.0,4.0,0.60680014,-0.79485446,0.5,-0.8660254,2,0,0,1,5808.0,1,6654.0,1,0.0,1,5643.0,1,6637.0,1,6593.0,1,8300.0,1,8966.0,5720.8237,5220.9004,-846.0
481,2015-05-22,6457.0,536.0,1.0,1.0,0,0.0,5.0,0.60680014,-0.79485446,0.5,-0.8660254,2,0,0,1,6295.0,1,5808.0,1,8234.0,1,0.0,1,0.0,1,6011.0,1,6993.0,1,8385.0,5950.494,5459.5894,487.0
481,2015-05-23,5581.0,514.0,1.0,0.0,0,0.0,6.0,0.60680014,-0.79485446,0.5,-0.8660254,2,0,0,1,6457.0,1,6295.0,1,6654.0,1,5771.0,1,4624.0,1,6045.0,1,7521.0,1,8439.0,6153.0967,5681.2363,162.0
481,2015-05-24,0.0,0.0,0.0,0.0,0,0.0,7.0,0.60680014,-0.79485446,0.5,-0.8660254,2,0,0,1,5581.0,1,6457.0,1,5808.0,1,5823.0,1,4256.0,1,6513.0,1,9623.0,1,9067.0,5924.258,5658.9614,-876.0
481,2015-05-25,0.0,0.0,0.0,0.0,1,0.0,1.0,0.5085311,-0.86104363,0.5,-0.8660254,2,0,0,1,0.0,1,5581.0,1,6295.0,1,0.0,1,5643.0,1,6637.0,1,0.0,1,0.0,3554.5547,4401.4146,-5581.0
481,2015-05-26,4982.0,477.0,1.0,0.0,0,0.0,2.0,0.5085311,-0.86104363,0.5,-0.8660254,2,0,0,1,0.0,1,0.0,1,6457.0,1,8234.0,1,0.0,1,0.0,1,7386.0,1,6669.0,2132.733,3423.3223,0.0
481,2015-05-27,4643.0,444.0,1.0,0.0,0,0.0,3.0,0.5085311,-0.86104363,0.5,-0.8660254,2,0,0,1,4982.0,1,0.0,1,5581.0,1,6654.0,1,5771.0,1,4624.0,1,0.0,1,0.0,3272.4397,3769.695,4982.0
481,2015-05-28,5002.0,461.0,1.0,0.0,0,0.0,4.0,0.5085311,-0.86104363,0.5,-0.8660254,2,0,0,1,4643.0,1,4982.0,1,0.0,1,5808.0,1,5823.0,1,4256.0,1,8983.0,1,0.0,3820.6638,3963.763,-339.0
481,2015-05-29,6029.0,538.0,1.0,0.0,0,0.0,5.0,0.5085311,-0.86104363,0.5,-0.8660254,2,0,0,1,5002.0,1,4643.0,1,0.0,1,6295.0,1,0.0,1,5643.0,1,6593.0,1,5311.0,4293.198,4194.4824,359.0
481,2015-05-30,5818.0,572.0,1.0,0.0,0,0.0,6.0,0.5085311,-0.86104363,0.5,-0.8660254,2,0,0,1,6029.0,1,5002.0,1,4982.0,1,6457.0,1,8234.0,1,0.0,1,6011.0,1,3579.0,4987.519,4602.153,1027.0
481,2015-05-31,0.0,0.0,0.0,0.0,0,0.0,7.0,0.5085311,-0.86104363,0.5,-0.8660254,2,0,1,1,5818.0,1,6029.0,1,4643.0,1,5581.0,1,6654.0,1,5771.0,1,6045.0,1,4088.0,5319.7114,4872.3413,-211.0
481,2015-06-01,9597.0,698.0,1.0,1.0,0,0.0,1.0,0.40312344,-0.91514564,1.2246469e-16,-1.0,2,1,0,1,0.0,1,5818.0,1,5002.0,1,0.0,1,5808.0,1,5823.0,1,6513.0,1,4290.0,3191.827,3789.5986,-5818.0
481,2015-06-02,7971.0,608.0,1.0,1.0,0,0.0,2.0,0.40312344,-0.91514564,1.2246469e-16,-1.0,2,0,0,1,9597.0,1,0.0,1,6029.0,1,0.0,1,6295.0,1,0.0,1,6637.0,1,6023.0,5753.896,5080.1323,9597.0
481,2015-06-03,7780.0,676.0,1.0,1.0,0,0.0,3.0,0.40312344,-0.91514564,1.2246469e-16,-1.0,2,0,0,1,7971.0,1,9597.0,1,5818.0,1,4982.0,1,6457.0,1,8234.0,1,0.0,1,0.0,6640.738,5722.5474,-1626.0
481,2015-06-04,0.0,0.0,0.0,1.0,1,0.0,4.0,0.40312344,-0.91514564,1.2246469e-16,-1.0,2,0,0,1,7780.0,1,7971.0,1,0.0,1,4643.0,1,5581.0,1,6654.0,1,4624.0,1,8512.0,7096.4424,6179.7593,-191.0
481,2015-06-05,7790.0,647.0,1.0,1.0,0,0.0,5.0,0.40312344,-0.91514564,1.2246469e-16,-1.0,2,0,0,1,0.0,1,7780.0,1,9597.0,1,5002.0,1,0.0,1,5808.0,1,4256.0,1,6772.0,4257.8657,4806.4795,-7780.0
481,2015-06-06,5103.0,519.0,1.0,0.0,0,0.0,6.0,0.40312344,-0.91514564,1.2246469e-16,-1.0,2,0,0,1,7790.0,1,0.0,1,7971.0,1,6029.0,1,0.0,1,6295.0,1,5643.0,1,5533.0,5670.719,5469.484,7790.0
481,2015-06-07,0.0,0.0,0.0,0.0,0,0.0,7.0,0.40312344,-0.91514564,1.2246469e-16,-1.0,2,0,0,1,5103.0,1,7790.0,1,7780.0,1,5818.0,1,4982.0,1,6457.0,1,0.0,1,5844.0,5443.632,5388.043,-2687.0
481,2015-06-08,5255.0,511.0,1.0,0.0,0,0.0,1.0,0.29205677,-0.956401,1.2246469e-16,-1.0,2,0,0,1,0.0,1,5103.0,1,0.0,1,0.0,1,4643.0,1,5581.0,1,5771.0,1,6881.0,3266.179,4190.7,-5103.0
481,2015-06-09,4583.0,426.0,1.0,0.0,0,0.0,2.0,0.29205677,-0.956401,1.2246469e-16,-1.0,2,0,0,1,5255.0,1,0.0,1,7790.0,1,9597.0,1,5002.0,1,0.0,1,5823.0,1,5909.0,4061.7073,4427.2114,5255.0
481,2015-06-10,4258.0,434.0,1.0,0.0,0,0.0,3.0,0.29205677,-0.956401,1.2246469e-16,-1.0,2,0,0,1,4583.0,1,5255.0,1,5103.0,1,7971.0,1,6029.0,1,0.0,1,0.0,1,0.0,4270.2246,4461.831,-672.0
481,2015-06-11,4601.0,450.0,1.0,0.0,0,0.0,4.0,0.29205677,-0.956401,1.2246469e-16,-1.0,2,0,0,1,4258.0,1,4583.0,1,0.0,1,7780.0,1,5818.0,1,4982.0,1,8234.0,1,4145.0,4265.3345,4416.535,-325.0
481,2015-06-12,4487.0,453.0,1.0,0.0,0,0.0,5.0,0.29205677,-0.956401,1.2246469e-16,-1.0,2,0,0,1,4601.0,1,4258.0,1,5255.0,1,0.0,1,0.0,1,4643.0,1,6654.0,1,4346.0,4399.6006,4457.5273,343.0
481,2015-06-13,5939.0,553.0,1.0,0.0,0,0.0,6.0,0.29205677,-0.956401,1.2246469e-16,-1.0,2,0,0,1,4487.0,1,4601.0,1,4583.0,1,7790.0,1,9597.0,1,5002.0,1,5808.0,1,3912.0,4434.5605,4464.0767,-114.0
481,2015-06-14,0.0,0.0,0.0,0.0,0,0.0,7.0,0.29205677,-0.956401,1.2246469e-16,-1.0,2,0,0,1,5939.0,1,4487.0,1,4258.0,1,5103.0,1,7971.0,1,6029.0,1,6295.0,1,4862.0,5036.3364,4791.8374,1452.0
481,2015-06-15,9295.0,696.0,1.0,1.0,0,0.0,1.0,0.17689027,-0.9842306,1.2246469e-16,-1.0,2,0,0,1,0.0,1,5939.0,1,4601.0,1,0.0,1,7780.0,1,5818.0,1,6457.0,1,4538.0,3021.8018,3726.9849,-5939.0
481,2015-06-16,6774.0,532.0,1.0,1.0,0,0.0,2.0,0.17689027,-0.9842306,1.2246469e-16,-1.0,2,0,0,1,9295.0,1,0.0,1,4487.0,1,5255.0,1,0.0,1,0.0,1,5581.0,1,5207.0,5531.081,4964.3213,9295.0
481,2015-06-17,6192.0,521.0,1.0,1.0,0,0.0,3.0,0.17689027,-0.9842306,1.2246469e-16,-1.0,2,0,0,1,6774.0,1,9295.0,1,5939.0,1,4583.0,1,7790.0,1,9597.0,1,0.0,1,0.0,6028.2485,5366.472,-2521.0
481,2015-06-18,6543.0,548.0,1.0,1.0,0,0.0,4.0,0.17689027,-0.9842306,1.2246469e-16,-1.0,2,0,0,1,6192.0,1,6774.0,1,0.0,1,4258.0,1,5103.0,1,7971.0,1,0.0,1,8300.0,6093.749,5549.923,-582.0
481,2015-06-19,6060.0,556.0,1.0,1.0,0,0.0,5.0,0.17689027,-0.9842306,1.2246469e-16,-1.0,2,0,0,1,6543.0,1,6192.0,1,9295.0,1,4601.0,1,0.0,1,7780.0,1,4982.0,1,6993.0,6273.4497,5770.6064,351.0
481,2015-06-20,5233.0,493.0,1.0,0.0,0,0.0,6.0,0.17689027,-0.9842306,1.2246469e-16,-1.0,2,0,0,1,6060.0,1,6543.0,1,6774.0,1,4487.0,1,5255.0,1,0.0,1,4643.0,1,7521.0,6188.07,5834.9165,-483.0
481,2015-06-21,0.0,0.0,0.0,0.0,0,0.0,7.0,0.17689027,-0.9842306,1.2246469e-16,-1.0,2,0,0,1,5233.0,1,6060.0,1,6192.0,1,5939.0,1,4583.0,1,7790.0,1,5002.0,1,9623.0,5806.042,5701.157,-827.0
481,2015-06-22,4702.0,426.0,1.0,0.0,0,0.0,1.0,0.059240628,-0.99824375,1.2246469e-16,-1.0,2,0,0,1,0.0,1,5233.0,1,6543.0,1,0.0,1,4258.0,1,5103.0,1,6029.0,1,0.0,3483.625,4434.2334,-5233.0
481,2015-06-23,4742.0,430.0,1.0,0.0,0,0.0,2.0,0.059240628,-0.99824375,1.2246469e-16,-1.0,2,0,0,1,4702.0,1,0.0,1,6060.0,1,9295.0,1,4601.0,1,0.0,1,5818.0,1,7386.0,3970.975,4493.737,4702.0
481,2015-06-24,3677.0,385.0,1.0,0.0,0,0.0,3.0,0.059240628,-0.99824375,1.2246469e-16,-1.0,2,0,0,1,4742.0,1,4702.0,1,5233.0,1,6774.0,1,4487.0,1,5255.0,1,0.0,1,0.0,4279.3853,4548.9067,40.0
481,2015-06-25,4131.0,408.0,1.0,0.0,0,0.0,4.0,0.059240628,-0.99824375,1.2246469e-16,-1.0,2,0,0,1,3677.0,1,4742.0,1,0.0,1,6192.0,1,5939.0,1,4583.0,1,9597.0,1,8983.0,4038.431,4355.1494,-1065.0
481,2015-06-26,4391.0,437.0,1.0,0.0,0,0.0,5.0,0.059240628,-0.99824375,1.2246469e-16,-1.0,2,0,0,1,4131.0,1,3677.0,1,4702.0,1,6543.0,1,0.0,1,4258.0,1,7971.0,1,6593.0,4075.4585,4305.3384,454.0
481,2015-06-27,4811.0,490.0,1.0,0.0,0,0.0,6.0,0.059240628,-0.99824375,1.2246469e-16,-1.0,2,0,0,1,4391.0,1,4131.0,1,4742.0,1,6060.0,1,9295.0,1,4601.0,1,7780.0,1,6011.0,4201.6753,4324.3745,260.0
481,2015-06-28,0.0,0.0,0.0,0.0,0,0.0,7.0,0.059240628,-0.99824375,1.2246469e-16,-1.0,2,0,0,1,4811.0,1,4391.0,1,3677.0,1,5233.0,1,6774.0,1,4487.0,1,0.0,1,6045.0,4445.4053,4432.5137,420.0
481,2015-06-29,8454.0,627.0,1.0,1.0,0,0.0,1.0,-0.059240628,-0.99824375,1.2246469e-16,-1.0,2,0,0,1,0.0,1,4811.0,1,4131.0,1,0.0,1,6192.0,1,5939.0,1,7790.0,1,6513.0,2667.2432,3447.5105,-4811.0
481,2015-06-30,7896.0,590.0,1.0,1.0,0,0.0,2.0,-0.059240628,-0.99824375,1.2246469e-16,-1.0,2,0,1,1,8454.0,1,0.0,1,4391.0,1,4702.0,1,6543.0,1,0.0,1,5103.0,1,6637.0,4981.946,4560.0635,8454.0
481,2015-07-01,6584.0,533.0,1.0,1.0,0,0.0,3.0,-0.059240628,-0.99824375,-0.5,-0.8660254,3,1,0,1,7896.0,1,8454.0,1,4811.0,1,4742.0,1,6060.0,1,9295.0,1,0.0,1,0.0,6147.5674,5301.383,-558.0
481,2015-07-02,6637.0,534.0,1.0,1.0,0,0.0,4.0,-0.059240628,-0.99824375,-0.5,-0.8660254,3,0,0,1,6584.0,1,7896.0,1,0.0,1,3677.0,1,5233.0,1,6774.0,1,5255.0,1,4624.0,6322.1406,5586.4087,-1312.0
481,2015-07-03,6514.0,571.0,1.0,1.0,0,0.0,5.0,-0.059240628,-0.99824375,-0.5,-0.8660254,3,0,0,1,6637.0,1,6584.0,1,8454.0,1,4131.0,1,0.0,1,6192.0,1,4583.0,1,4256.0,6448.0845,5819.8735,53.0
481,2015-07-04,4756.0,498.0,1.0,0.0,0,0.0,6.0,-0.059240628,-0.99824375,-0.5,-0.8660254,3,0,0,1,6514.0,1,6637.0,1,7896.0,1,4391.0,1,4702.0,1,6543.0,1,4258.0,1,5643.0,6474.4507,5974.124,-123.0
481,2015-07-05,0.0,0.0,0.0,0.0,0,0.0,7.0,-0.059240628,-0.99824375,-0.5,-0.8660254,3,0,0,1,4756.0,1,6514.0,1,6584.0,1,4811.0,1,4742.0,1,6060.0,1,4601.0,1,0.0,5787.0703,5703.4297,-1758.0
481,2015-07-06,5353.0,517.0,1.0,0.0,0,0.0,1.0,-0.17689027,-0.9842306,-0.5,-0.8660254,3,0,0,1,0.0,1,4756.0,1,6637.0,1,0.0,1,3677.0,1,5233.0,1,4487.0,1,5771.0,3472.2422,4436.001,-4756.0
481,2015-07-07,3881.0,389.0,1.0,0.0,0,0.0,2.0,-0.17689027,-0.9842306,-0.5,-0.8660254,3,0,0,1,5353.0,1,0.0,1,6514.0,1,8454.0,1,4131.0,1,0.0,1,5939.0,1,5823.0,4224.5454,4639.7783,5353.0
481,2015-07-08,5215.0,491.0,1.0,0.0,0,0.0,3.0,-0.17689027,-0.9842306,-0.5,-0.8660254,3,0,0,1,3881.0,1,5353.0,1,4756.0,1,7896.0,1,4391.0,1,4702.0,1,0.0,1,0.0,4087.1272,4471.161,-1472.0
481,2015-07-09,5706.0,541.0,1.0,0.0,0,0.0,4.0,-0.17689027,-0.9842306,-0.5,-0.8660254,3,0,0,1,5215.0,1,3881.0,1,0.0,1,6584.0,1,4811.0,1,4742.0,1,9295.0,1,8234.0,4538.2764,4636.4585,1334.0
481,2015-07-10,5124.0,475.0,1.0,0.0,0,0.0,5.0,-0.17689027,-0.9842306,-0.5,-0.8660254,3,0,0,1,5706.0,1,5215.0,1,5353.0,1,6637.0,1,0.0,1,3677.0,1,6774.0,1,6654.0,5005.3657,4874.1343,491.0
481,2015-07-11,5269.0,502.0,1.0,0.0,0,0.0,6.0,-0.17689027,-0.9842306,-0.5,-0.8660254,3,0,0,1,5124.0,1,5706.0,1,3881.0,1,6514.0,1,8454.0,1,4131.0,1,6192.0,1,5808.0,5052.8193,4929.66,-582.0
481,2015-07-12,0.0,0.0,0.0,0.0,0,0.0,7.0,-0.17689027,-0.9842306,-0.5,-0.8660254,3,0,0,1,5269.0,1,5124.0,1,5215.0,1,4756.0,1,7896.0,1,4391.0,1,6543.0,1,6295.0,5139.2915,5005.069,145.0
481,2015-07-13,8579.0,668.0,1.0,1.0,0,0.0,1.0,-0.29205677,-0.956401,-0.5,-0.8660254,3,0,0,1,0.0,1,5269.0,1,5706.0,1,0.0,1,6584.0,1,4811.0,1,6060.0,1,6457.0,3083.575,3892.8315,-5269.0
481,2015-07-14,7682.0,562.0,1.0,1.0,0,0.0,2.0,-0.29205677,-0.956401,-0.5,-0.8660254,3,0,0,1,8579.0,1,0.0,1,5124.0,1,5353.0,1,6637.0,1,0.0,1,5233.0,1,5581.0,5281.745,4934.202,8579.0
481,2015-07-15,6107.0,588.0,1.0,1.0,0,0.0,3.0,-0.29205677,-0.956401,-0.5,-0.8660254,3,0,0,1,7682.0,1,8579.0,1,5269.0,1,3881.0,1,6514.0,1,8454.0,1,0.0,1,0.0,6241.847,5544.8237,-897.0
481,2015-07-16,6326.0,518.0,1.0,1.0,0,0.0,4.0,-0.29205677,-0.956401,-0.5,-0.8660254,3,0,0,1,6107.0,1,7682.0,1,0.0,1,5215.0,1,4756.0,1,7896.0,1,4702.0,1,0.0,6187.908,5669.752,-1575.0
481,2015-07-17,5633.0,507.0,1.0,1.0,0,0.0,5.0,-0.29205677,-0.956401,-0.5,-0.8660254,3,0,0,1,6326.0,1,6107.0,1,8579.0,1,5706.0,1,0.0,1,6584.0,1,4742.0,1,4982.0,6243.145,5815.585,219.0
481,2015-07-18,4805.0,485.0,1.0,0.0,0,0.0,6.0,-0.29205677,-0.956401,-0.5,-0.8660254,3,0,0,1,5633.0,1,6326.0,1,7682.0,1,5124.0,1,5353.0,1,6637.0,1,3677.0,1,4643.0,5999.087,5775.0103,-693.0
481,2015-07-19,0.0,0.0,0.0,0.0,0,0.0,7.0,-0.29205677,-0.956401,-0.5,-0.8660254,3,0,0,1,4805.0,1,5633.0,1,6107.0,1,5269.0,1,3881.0,1,6514.0,1,4131.0,1,5002.0,5521.452,5559.4526,-828.0
481,2015-07-20,4986.0,492.0,1.0,0.0,0,0.0,1.0,-0.40312344,-0.91514564,-0.5,-0.8660254,3,0,0,1,0.0,1,4805.0,1,6326.0,1,0.0,1,5215.0,1,4756.0,1,4391.0,1,6029.0,3312.8713,4324.0186,-4805.0
481,2015-07-21,4261.0,416.0,1.0,0.0,0,0.0,2.0,-0.40312344,-0.91514564,-0.5,-0.8660254,3,0,0,1,4986.0,1,0.0,1,5633.0,1,8579.0,1,5706.0,1,0.0,1,4811.0,1,5818.0,3982.1228,4471.1255,4986.0
481,2015-07-22,4312.0,440.0,1.0,0.0,0,0.0,3.0,-0.40312344,-0.91514564,-0.5,-0.8660254,3,0,0,1,4261.0,1,4986.0,1,4805.0,1,7682.0,1,5124.0,1,5353.0,1,0.0,1,0.0,4093.6736,4424.431,-725.0
481,2015-07-23,5834.0,529.0,1.0,0.0,0,0.0,4.0,-0.40312344,-0.91514564,-0.5,-0.8660254,3,0,0,1,4312.0,1,4261.0,1,0.0,1,6107.0,1,5269.0,1,3881.0,1,8454.0,1,9597.0,4181.0044,4399.4463,51.0
481,2015-07-24,5817.0,511.0,1.0,0.0,0,0.0,5.0,-0.40312344,-0.91514564,-0.5,-0.8660254,3,0,0,1,5834.0,1,4312.0,1,4986.0,1,6326.0,1,0.0,1,5215.0,1,7896.0,1,7971.0,4842.2026,4718.236,1522.0
481,2015-07-25,4983.0,496.0,1.0,0.0,0,0.0,6.0,-0.40312344,-0.91514564,-0.5,-0.8660254,3,0,0,1,5817.0,1,5834.0,1,4261.0,1,5633.0,1,8579.0,1,5706.0,1,6584.0,1,7780.0,5232.1216,4962.406,-17.0
481,2015-07-26,0.0,0.0,0.0,0.0,0,0.0,7.0,-0.40312344,-0.91514564,-0.5,-0.8660254,3,0,0,1,4983.0,1,5817.0,1,4312.0,1,4805.0,1,7682.0,1,5124.0,1,6637.0,1,0.0,5132.473,4966.9824,-834.0
481,2015-07-27,8197.0,610.0,1.0,1.0,0,1.0,1.0,-0.5085311,-0.86104363,-0.5,-0.8660254,3,0,0,1,0.0,1,4983.0,1,5834.0,1,0.0,1,6107.0,1,5269.0,1,6514.0,1,7790.0,3079.4836,3863.2085,-4983.0
481,2015-07-28,7413.0,545.0,1.0,1.0,0,1.0,2.0,-0.5085311,-0.86104363,-0.5,-0.8660254,3,0,0,1,8197.0,1,0.0,1,5817.0,1,4986.0,1,6326.0,1,0.0,1,4756.0,1,5103.0,5126.49,4826.2734,8197.0
481,2015-07-29,5706.0,470.0,1.0,1.0,0,1.0,3.0,-0.5085311,-0.86104363,-0.5,-0.8660254,3,0,0,1,7413.0,1,8197.0,1,4983.0,1,4261.0,1,5633.0,1,8579.0,1,0.0,1,0.0,6041.094,5401.1016,-784.0
481,2015-07-30,6485.0,531.0,1.0,1.0,0,1.0,4.0,-0.5085311,-0.86104363,-0.5,-0.8660254,3,0,0,1,5706.0,1,7413.0,1,0.0,1,4312.0,1,4805.0,1,7682.0,1,5353.0,1,5255.0,5907.0566,5468.8564,-1707.0
481,2015-07-31,8419.0,651.0,1.0,1.0,0,1.0,5.0,-0.5085311,-0.86104363,-0.5,-0.8660254,3,0,1,1,6485.0,1,5706.0,1,8197.0,1,5834.0,1,0.0,1,6107.0,1,3881.0,1,4583.0,6138.234,5694.6665,779.0
