id,timestamp,target,Customers,Open,Promo,StateHoliday,SchoolHoliday,DayOfWeek,week_sin,week_cos,month_sin,month_cos,quarter,is_month_start,is_month_end,lag_1_known,lag_1,lag_2_known,lag_2,lag_4_known,lag_4,lag_8_known,lag_8,lag_12_known,lag_12,lag_16_known,lag_16,lag_24_known,lag_24,lag_52_known,lag_52,ema_4,ema_8,chg_1
849,2013-01-01,0.0,0.0,0.0,0.0,1,1.0,2.0,0.11827317,0.9929811,0.5,0.8660254,1,1,0,0,0.0,0,0.0,0,0.0,0,0.0,0,0.0,0,0.0,0,0.0,0,0.0,0.0,0.0,0.0
849,2013-01-02,7102.0,851.0,1.0,0.0,0,1.0,3.0,0.11827317,0.9929811,0.5,0.8660254,1,0,0,1,0.0,0,0.0,0,0.0,0,0.0,0,0.0,0,0.0,0,0.0,0,0.0,0.0,0.0,0.0
849,2013-01-03,6478.0,813.0,1.0,0.0,0,1.0,4.0,0.11827317,0.9929811,0.5,0.8660254,1,0,0,1,7102.0,1,0.0,0,0.0,0,0.0,0,0.0,0,0.0,0,0.0,0,0.0,2840.8,1578.2222,7102.0
849,2013-01-04,6894.0,819.0,1.0,0.0,0,1.0,5.0,0.11827317,0.9929811,0.5,0.8660254,1,0,0,1,6478.0,1,7102.0,0,0.0,0,0.0,0,0.0,0,0.0,0,0.0,0,0.0,4295.68,2667.0618,-624.0
849,2013-01-05,7827.0,931.0,1.0,0.0,0,0.0,6.0,0.11827317,0.9929811,0.5,0.8660254,1,0,0,1,6894.0,1,6478.0,1,0.0,0,0.0,0,0.0,0,0.0,0,0.0,0,0.0,5335.008,3606.3813,416.0
849,2013-01-06,0.0,0.0,0.0,0.0,0,0.0,7.0,0.11827317,0.9929811,0.5,0.8660254,1,0,0,1,7827.0,1,6894.0,1,7102.0,0,0.0,0,0.0,0,0.0,0,0.0,0,0.0,6331.8047,4544.2964,933.0
849,2013-01-07,11133.0,1100.0,1.0,1.0,0,0.0,1.0,0.23488605,0.9720229,0.5,0.8660254,1,0,0,1,0.0,1,7827.0,1,6478.0,0,0.0,0,0.0,0,0.0,0,0.0,0,0.0,3799.0828,3534.453,-7827.0
849,2013-01-08,8932.0,900.0,1.0,1.0,0,0.0,2.0,0.23488605,0.9720229,0.5,0.8660254,1,0,0,1,11133.0,1,0.0,1,6894.0,0,0.0,0,0.0,0,0.0,0,0.0,0,0.0,6732.65,5223.019,11133.0
849,2013-01-09,7814.0,872.0,1.0,1.0,0,0.0,3.0,0.23488605,0.9720229,0.5,0.8660254,1,0,0,1,8932.0,1,11133.0,1,7827.0,1,0.0,0,0.0,0,0.0,0,0.0,0,0.0,7612.3896,6047.237,-2201.0
849,2013-01-10,7242.0,855.0,1.0,1.0,0,0.0,4.0,0.23488605,0.9720229,0.5,0.8660254,1,0,0,1,7814.0,1,8932.0,1,0.0,1,7102.0,0,0.0,0,0.0,0,0.0,0,0.0,7693.0337,6439.851,-1118.0
849,2013-01-11,8940.0,959.0,1.0,1.0,0,0.0,5.0,0.23488605,0.9720229,0.5,0.8660254,1,0,0,1,7242.0,1,7814.0,1,11133.0,1,6478.0,0,0.0,0,0.0,0,0.0,0,0.0,7512.62,6618.1064,-572.0
849,2013-01-12,7173.0,893.0,1.0,0.0,0,0.0,6.0,0.23488605,0.9720229,0.5,0.8660254,1,0,0,1,8940.0,1,7242.0,1,8932.0,1,6894.0,0,0.0,0,0.0,0,0.0,0,0.0,8083.5723,7134.0825,1698.0
849,2013-01-13,0.0,0.0,0.0,0.0,0,0.0,7.0,0.23488605,0.9720229,0.5,0.8660254,1,0,0,1,7173.0,1,8940.0,1,7814.0,1,7827.0,1,0.0,0,0.0,0,0.0,0,0.0,7719.3433,7142.731,-1767.0
849,2013-01-14,5768.0,718.0,1.0,0.0,0,0.0,1.0,0.34820163,0.93741965,0.5,0.8660254,1,0,0,1,0.0,1,7173.0,1,7242.0,1,0.0,1,7102.0,0,0.0,0,0.0,0,0.0,4631.606,5555.4575,-7173.0
849,2013-01-15,5393.0,707.0,1.0,0.0,0,0.0,2.0,0.34820163,0.93741965,0.5,0.8660254,1,0,0,1,5768.0,1,0.0,1,8940.0,1,11133.0,1,6478.0,0,0.0,0,0.0,0,0.0,5086.1636,5602.689,5768.0
849,2013-01-16,5363.0,684.0,1.0,0.0,0,0.0,3.0,0.34820163,0.93741965,0.5,0.8660254,1,0,0,1,5393.0,1,5768.0,1,7173.0,1,8932.0,1,6894.0,0,0.0,0,0.0,0,0.0,5208.898,5556.0913,-375.0
849,2013-01-17,5916.0,746.0,1.0,0.0,0,0.0,4.0,0.34820163,0.93741965,0.5,0.8660254,1,0,0,1,5363.0,1,5393.0,1,0.0,1,7814.0,1,7827.0,1,0.0,0,0.0,0,0.0,5270.539,5513.182,-30.0
849,2013-01-18,6828.0,807.0,1.0,0.0,0,0.0,5.0,0.34820163,0.93741965,0.5,0.8660254,1,0,0,1,5916.0,1,5363.0,1,5768.0,1,7242.0,1,0.0,1,7102.0,0,0.0,0,0.0,5528.723,5602.6973,553.0
849,2013-01-19,8214.0,922.0,1.0,0.0,0,0.0,6.0,0.34820163,0.93741965,0.5,0.8660254,1,0,0,1,6828.0,1,5916.0,1,5393.0,1,8940.0,1,11133.0,1,6478.0,0,0.0,0,0.0,6048.434,5874.987,912.0
849,2013-01-20,0.0,0.0,0.0,0.0,0,0.0,7.0,0.34820163,0.93741965,0.5,0.8660254,1,0,0,1,8214.0,1,6828.0,1,5363.0,1,7173.0,1,8932.0,1,6894.0,0,0.0,0,0.0,6914.6606,6394.7676,1386.0
849,2013-01-21,7714.0,807.0,1.0,1.0,0,0.0,1.0,0.45662925,0.8896571,0.5,0.8660254,1,0,0,1,0.0,1,8214.0,1,5916.0,1,0.0,1,7814.0,1,7827.0,0,0.0,0,0.0,4148.7964,4973.708,-8214.0
849,2013-01-22,6924.0,751.0,1.0,1.0,0,0.0,2.0,0.45662925,0.8896571,0.5,0.8660254,1,0,0,1,7714.0,1,0.0,1,6828.0,1,5768.0,1,7242.0,1,0.0,0,0.0,0,0.0,5574.878,5582.6616,7714.0
849,2013-01-23,7786.0,855.0,1.0,1.0,0,0.0,3.0,0.45662925,0.8896571,0.5,0.8660254,1,0,0,1,6924.0,1,7714.0,1,8214.0,1,5393.0,1,8940.0,1,11133.0,0,0.0,0,0.0,6114.527,5880.737,-790.0
849,2013-01-24,7064.0,790.0,1.0,1.0,0,0.0,4.0,0.45662925,0.8896571,0.5,0.8660254,1,0,0,1,7786.0,1,6924.0,1,0.0,1,5363.0,1,7173.0,1,8932.0,0,0.0,0,0.0,6783.116,6304.129,862.0
849,2013-01-25,8016.0,882.0,1.0,1.0,0,0.0,5.0,0.45662925,0.8896571,0.5,0.8660254,1,0,0,1,7064.0,1,7786.0,1,7714.0,1,5916.0,1,0.0,1,7814.0,1,0.0,0,0.0,6895.4697,6472.9893,-722.0
849,2013-01-26,7393.0,846.0,1.0,0.0,0,0.0,6.0,0.45662925,0.8896571,0.5,0.8660254,1,0,0,1,8016.0,1,7064.0,1,6924.0,1,6828.0,1,5768.0,1,7242.0,1,7102.0,0,0.0,7343.6816,6815.8804,952.0
849,2013-01-27,0.0,0.0,0.0,0.0,0,0.0,7.0,0.45662925,0.8896571,0.5,0.8660254,1,0,0,1,7393.0,1,8016.0,1,7786.0,1,8214.0,1,5393.0,1,8940.0,1,6478.0,0,0.0,7363.409,6944.1294,-623.0
849,2013-01-28,6014.0,782.0,1.0,0.0,0,0.0,1.0,0.55864674,0.82940567,0.5,0.8660254,1,0,0,1,0.0,1,7393.0,1,7064.0,1,0.0,1,5363.0,1,7173.0,1,6894.0,0,0.0,4418.0454,5400.9893,-7393.0
849,2013-01-29,5617.0,701.0,1.0,0.0,0,0.0,2.0,0.55864674,0.82940567,0.5,0.8660254,1,0,0,1,6014.0,1,0.0,1,8016.0,1,7714.0,1,5916.0,1,0.0,1,7827.0,0,0.0,5056.4272,5537.214,6014.0
849,2013-01-30,5895.0,700.0,1.0,0.0,0,0.0,3.0,0.55864674,0.82940567,0.5,0.8660254,1,0,0,1,5617.0,1,6014.0,1,7393.0,1,6924.0,1,6828.0,1,5768.0,1,0.0,0,0.0,5280.6562,5554.9443,-397.0
849,2013-01-31,7583.0,861.0,1.0,0.0,0,1.0,4.0,0.55864674,0.82940567,0.5,0.8660254,1,0,1,1,5895.0,1,5617.0,1,0.0,1,7786.0,1,8214.0,1,5393.0,1,11133.0,0,0.0,5526.394,5630.512,278.0
849,2013-02-01,7155.0,862.0,1.0,0.0,0,1.0,5.0,0.55864674,0.82940567,0.8660254,0.5,1,1,0,1,7583.0,1,5895.0,1,6014.0,1,7064.0,1,0.0,1,5363.0,1,8932.0,0,0.0,6349.036,6064.3984,1688.0
849,2013-02-02,8458.0,913.0,1.0,0.0,0,0.0,6.0,0.55864674,0.82940567,0.8660254,0.5,1,0,0,1,7155.0,1,7583.0,1,5617.0,1,8016.0,1,7714.0,1,5916.0,1,7814.0,0,0.0,6671.422,6306.7544,-428.0
849,2013-02-03,0.0,0.0,0.0,0.0,0,0.0,7.0,0.55864674,0.82940567,0.8660254,0.5,1,0,0,1,8458.0,1,7155.0,1,5895.0,1,7393.0,1,6924.0,1,6828.0,1,7242.0,0,0.0,7386.053,6784.809,1303.0
849,2013-02-04,10665.0,1065.0,1.0,1.0,0,0.0,1.0,0.65282214,0.75751126,0.8660254,0.5,1,0,0,1,0.0,1,8458.0,1,7583.0,1,0.0,1,7786.0,1,8214.0,1,8940.0,0,0.0,4431.632,5277.0737,-8458.0
849,2013-02-05,7480.0,840.0,1.0,1.0,0,0.0,2.0,0.65282214,0.75751126,0.8660254,0.5,1,0,0,1,10665.0,1,0.0,1,7155.0,1,6014.0,1,7064.0,1,0.0,1,7173.0,0,0.0,6924.979,6474.3906,10665.0
849,2013-02-06,8327.0,922.0,1.0,1.0,0,0.0,3.0,0.65282214,0.75751126,0.8660254,0.5,1,0,0,1,7480.0,1,10665.0,1,8458.0,1,5617.0,1,8016.0,1,7714.0,1,0.0,0,0.0,7146.9873,6697.8594,-3185.0
849,2013-02-07,7692.0,878.0,1.0,1.0,0,0.0,4.0,0.65282214,0.75751126,0.8660254,0.5,1,0,0,1,8327.0,1,7480.0,1,0.0,1,5895.0,1,7393.0,1,6924.0,1,5768.0,0,0.0,7618.9927,7059.8906,847.0
849,2013-02-08,8072.0,932.0,1.0,1.0,0,0.0,5.0,0.65282214,0.75751126,0.8660254,0.5,1,0,0,1,7692.0,1,8327.0,1,10665.0,1,7583.0,1,0.0,1,7786.0,1,5393.0,0,0.0,7648.1953,7200.3594,-635.0
849,2013-02-09,7791.0,874.0,1.0,0.0,0,0.0,6.0,0.65282214,0.75751126,0.8660254,0.5,1,0,0,1,8072.0,1,7692.0,1,7480.0,1,7155.0,1,6014.0,1,7064.0,1,5363.0,0,0.0,7817.7173,7394.057,380.0
849,2013-02-10,0.0,0.0,0.0,0.0,0,0.0,7.0,0.65282214,0.75751126,0.8660254,0.5,1,0,0,1,7791.0,1,8072.0,1,8327.0,1,8458.0,1,5617.0,1,8016.0,1,5916.0,0,0.0,7807.0303,7482.2666,-281.0
849,2013-02-11,5989.0,791.0,1.0,0.0,0,0.0,1.0,0.73783326,0.674983,0.8660254,0.5,1,0,0,1,0.0,1,7791.0,1,7692.0,1,0.0,1,5895.0,1,7393.0,1,6828.0,0,0.0,4684.2183,5819.541,-7791.0
849,2013-02-12,5764.0,707.0,1.0,0.0,0,0.0,2.0,0.73783326,0.674983,0.8660254,0.5,1,0,0,1,5989.0,1,0.0,1,8072.0,1,10665.0,1,7583.0,1,0.0,1,8214.0,0,0.0,5206.131,5857.198,5989.0
849,2013-02-13,5798.0,759.0,1.0,0.0,0,0.0,3.0,0.73783326,0.674983,0.8660254,0.5,1,0,0,1,5764.0,1,5989.0,1,7791.0,1,7480.0,1,7155.0,1,6014.0,1,0.0,0,0.0,5429.2783,5836.488,-225.0
849,2013-02-14,6080.0,786.0,1.0,0.0,0,0.0,4.0,0.73783326,0.674983,0.8660254,0.5,1,0,0,1,5798.0,1,5764.0,1,0.0,1,8327.0,1,8458.0,1,5617.0,1,7714.0,0,0.0,5576.767,5827.935,34.0
849,2013-02-15,6004.0,759.0,1.0,0.0,0,0.0,5.0,0.73783326,0.674983,0.8660254,0.5,1,0,0,1,6080.0,1,5798.0,1,5989.0,1,7692.0,1,0.0,1,5895.0,1,6924.0,0,0.0,5778.06,5883.949,282.0
849,2013-02-16,7370.0,862.0,1.0,0.0,0,0.0,6.0,0.73783326,0.674983,0.8660254,0.5,1,0,0,1,6004.0,1,6080.0,1,5764.0,1,8072.0,1,10665.0,1,7583.0,1,7786.0,0,0.0,5868.436,5910.6274,-76.0
849,2013-02-17,0.0,0.0,0.0,0.0,0,0.0,7.0,0.73783326,0.674983,0.8660254,0.5,1,0,0,1,7370.0,1,6004.0,1,5798.0,1,7791.0,1,7480.0,1,7155.0,1,7064.0,0,0.0,6469.0615,6234.932,1366.0
849,2013-02-18,10293.0,1061.0,1.0,1.0,0,0.0,1.0,0.8124869,0.5829795,0.8660254,0.5,1,0,0,1,0.0,1,7370.0,1,6080.0,1,0.0,1,8327.0,1,8458.0,1,8016.0,0,0.0,3881.437,4849.3916,-7370.0
849,2013-02-19,8276.0,860.0,1.0,1.0,0,0.0,2.0,0.8124869,0.5829795,0.8660254,0.5,1,0,0,1,10293.0,1,0.0,1,6004.0,1,5989.0,1,7692.0,1,0.0,1,7393.0,0,0.0,6446.062,6059.0825,10293.0
849,2013-02-20,7853.0,887.0,1.0,1.0,0,0.0,3.0,0.8124869,0.5829795,0.8660254,0.5,1,0,0,1,8276.0,1,10293.0,1,7370.0,1,5764.0,1,8072.0,1,10665.0,1,0.0,0,0.0,7178.037,6551.731,-2017.0
849,2013-02-21,7831.0,862.0,1.0,1.0,0,0.0,4.0,0.8124869,0.5829795,0.8660254,0.5,1,0,0,1,7853.0,1,8276.0,1,0.0,1,5798.0,1,7791.0,1,7480.0,1,6014.0,0,0.0,7448.0225,6840.902,-423.0
849,2013-02-22,9220.0,972.0,1.0,1.0,0,0.0,5.0,0.8124869,0.5829795,0.8660254,0.5,1,0,0,1,7831.0,1,7853.0,1,10293.0,1,6080.0,1,0.0,1,8327.0,1,5617.0,1,0.0,7601.2134,7060.924,-22.0
849,2013-02-23,7414.0,863.0,1.0,0.0,0,0.0,6.0,0.8124869,0.5829795,0.8660254,0.5,1,0,0,1,9220.0,1,7831.0,1,8276.0,1,6004.0,1,5989.0,1,7692.0,1,5895.0,1,7102.0,8248.729,7540.7183,1389.0
849,2013-02-24,0.0,0.0,0.0,0.0,0,0.0,7.0,0.8124869,0.5829795,0.8660254,0.5,1,0,0,1,7414.0,1,9220.0,1,7853.0,1,7370.0,1,5764.0,1,8072.0,1,7583.0,1,6478.0,7914.837,7512.5586,-1806.0
849,2013-02-25,5447.0,753.0,1.0,0.0,0,0.0,1.0,0.8757349,0.4827922,0.8660254,0.5,1,0,0,1,0.0,1,7414.0,1,7831.0,1,0.0,1,5798.0,1,7791.0,1,7155.0,1,6894.0,4748.9023,5843.101,-7414.0
849,2013-02-26,5208.0,669.0,1.0,0.0,0,0.0,2.0,0.8757349,0.4827922,0.8660254,0.5,1,0,0,1,5447.0,1,0.0,1,9220.0,1,10293.0,1,6080.0,1,0.0,1,8458.0,1,7827.0,5028.141,5755.0786,5447.0
849,2013-02-27,6190.0,768.0,1.0,0.0,0,0.0,3.0,0.8757349,0.4827922,0.8660254,0.5,1,0,0,1,5208.0,1,5447.0,1,7414.0,1,8276.0,1,6004.0,1,5989.0,1,0.0,1,0.0,5100.085,5633.506,-239.0
849,2013-02-28,7335.0,848.0,1.0,0.0,0,0.0,4.0,0.8757349,0.4827922,0.8660254,0.5,1,0,1,1,6190.0,1,5208.0,1,0.0,1,7853.0,1,7370.0,1,5764.0,1,10665.0,1,11133.0,5536.051,5757.171,982.0
849,2013-03-01,7707.0,832.0,1.0,0.0,0,0.0,5.0,0.8757349,0.4827922,1.0,6.123234e-17,1,1,0,1,7335.0,1,6190.0,1,5447.0,1,7831.0,1,0.0,1,5798.0,1,7480.0,1,8932.0,6255.6304,6107.8,1145.0
849,2013-03-02,8461.0,899.0,1.0,0.0,0,0.0,6.0,0.8757349,0.4827922,1.0,6.123234e-17,1,0,0,1,7707.0,1,7335.0,1,5208.0,1,9220.0,1,10293.0,1,6080.0,1,8327.0,1,7814.0,6836.178,6463.1777,372.0
849,2013-03-03,0.0,0.0,0.0,0.0,0,0.0,7.0,0.8757349,0.4827922,1.0,6.123234e-17,1,0,0,1,8461.0,1,7707.0,1,6190.0,1,7414.0,1,8276.0,1,6004.0,1,7692.0,1,7242.0,7486.107,6907.138,754.0
849,2013-03-04,10571.0,1101.0,1.0,1.0,0,0.0,1.0,0.9266896,0.37582758,1.0,6.123234e-17,1,0,0,1,0.0,1,8461.0,1,7335.0,1,0.0,1,7853.0,1,7370.0,1,8072.0,1,8940.0,4491.664,5372.2188,-8461.0
849,2013-03-05,8142.0,860.0,1.0,1.0,0,0.0,2.0,0.9266896,0.37582758,1.0,6.123234e-17,1,0,0,1,10571.0,1,0.0,1,7707.0,1,5447.0,1,7831.0,1,0.0,1,7791.0,1,7173.0,6923.3984,6527.5034,10571.0
849,2013-03-06,7643.0,864.0,1.0,1.0,0,0.0,3.0,0.9266896,0.37582758,1.0,6.123234e-17,1,0,0,1,8142.0,1,10571.0,1,8461.0,1,5208.0,1,9220.0,1,10293.0,1,0.0,1,0.0,7410.839,6886.2803,-2429.0
849,2013-03-07,7059.0,838.0,1.0,1.0,0,0.0,4.0,0.9266896,0.37582758,1.0,6.123234e-17,1,0,0,1,7643.0,1,8142.0,1,0.0,1,6190.0,1,7414.0,1,8276.0,1,5989.0,1,5768.0,7503.7036,7054.4404,-499.0
849,2013-03-08,8568.0,933.0,1.0,1.0,0,0.0,5.0,0.9266896,0.37582758,1.0,6.123234e-17,1,0,0,1,7059.0,1,7643.0,1,10571.0,1,7335.0,1,0.0,1,7853.0,1,5764.0,1,5393.0,7325.8223,7055.4536,-584.0
849,2013-03-09,8294.0,925.0,1.0,0.0,0,0.0,6.0,0.9266896,0.37582758,1.0,6.123234e-17,1,0,0,1,8568.0,1,7059.0,1,8142.0,1,7707.0,1,5447.0,1,7831.0,1,5798.0,1,5363.0,7822.6934,7391.575,1509.0
849,2013-03-10,0.0,0.0,0.0,0.0,0,0.0,7.0,0.9266896,0.37582758,1.0,6.123234e-17,1,0,0,1,8294.0,1,8568.0,1,7643.0,1,8461.0,1,5208.0,1,9220.0,1,6080.0,1,5916.0,8011.216,7592.114,-274.0
849,2013-03-11,6982.0,808.0,1.0,0.0,0,0.0,1.0,0.9646356,0.26358718,1.0,6.123234e-17,1,0,0,1,0.0,1,8294.0,1,7059.0,1,0.0,1,6190.0,1,7414.0,1,6004.0,1,6828.0,4806.7295,5904.9775,-8294.0
849,2013-03-12,6382.0,749.0,1.0,0.0,0,0.0,2.0,0.9646356,0.26358718,1.0,6.123234e-17,1,0,0,1,6982.0,1,0.0,1,8568.0,1,10571.0,1,7335.0,1,0.0,1,7370.0,1,8214.0,5676.838,6144.316,6982.0
849,2013-03-13,6443.0,801.0,1.0,0.0,0,0.0,3.0,0.9646356,0.26358718,1.0,6.123234e-17,1,0,0,1,6382.0,1,6982.0,1,8294.0,1,8142.0,1,7707.0,1,5447.0,1,0.0,1,0.0,5958.903,6197.1343,-600.0
849,2013-03-14,6665.0,807.0,1.0,0.0,0,0.0,4.0,0.9646356,0.26358718,1.0,6.123234e-17,1,0,0,1,6443.0,1,6382.0,1,0.0,1,7643.0,1,8461.0,1,5208.0,1,10293.0,1,7714.0,6152.5415,6251.7715,61.0
849,2013-03-15,7318.0,894.0,1.0,0.0,0,0.0,5.0,0.9646356,0.26358718,1.0,6.123234e-17,1,0,0,1,6665.0,1,6443.0,1,6982.0,1,7059.0,1,0.0,1,6190.0,1,8276.0,1,6924.0,6357.525,6343.6,222.0
849,2013-03-16,8056.0,875.0,1.0,0.0,0,0.0,6.0,0.9646356,0.26358718,1.0,6.123234e-17,1,0,0,1,7318.0,1,6665.0,1,6382.0,1,8568.0,1,10571.0,1,7335.0,1,7853.0,1,7786.0,6741.715,6560.1333,653.0
849,2013-03-17,0.0,0.0,0.0,0.0,0,0.0,7.0,0.9646356,0.26358718,1.0,6.123234e-17,1,0,0,1,8056.0,1,7318.0,1,6443.0,1,8294.0,1,8142.0,1,7707.0,1,7831.0,1,7064.0,7267.429,6892.548,738.0
849,2013-03-18,10810.0,1103.0,1.0,1.0,0,1.0,1.0,0.9890402,0.14764656,1.0,6.123234e-17,1,0,0,1,0.0,1,8056.0,1,6665.0,1,0.0,1,7643.0,1,8461.0,1,9220.0,1,8016.0,4360.4575,5360.8706,-8056.0
849,2013-03-19,8653.0,943.0,1.0,1.0,0,1.0,2.0,0.9890402,0.14764656,1.0,6.123234e-17,1,0,0,1,10810.0,1,0.0,1,7318.0,1,6982.0,1,7059.0,1,0.0,1,7414.0,1,7393.0,6940.2744,6571.7886,10810.0
849,2013-03-20,8640.0,941.0,1.0,1.0,0,1.0,3.0,0.9890402,0.14764656,1.0,6.123234e-17,1,0,0,1,8653.0,1,10810.0,1,8056.0,1,6382.0,1,8568.0,1,10571.0,1,0.0,1,0.0,7625.3647,7034.28,-2157.0
849,2013-03-21,8269.0,930.0,1.0,1.0,0,1.0,4.0,0.9890402,0.14764656,1.0,6.123234e-17,1,0,0,1,8640.0,1,8653.0,1,0.0,1,6443.0,1,8294.0,1,8142.0,1,5447.0,1,6014.0,8031.2188,7391.1064,-13.0
849,2013-03-22,8858.0,977.0,1.0,1.0,0,1.0,5.0,0.9890402,0.14764656,1.0,6.123234e-17,1,0,0,1,8269.0,1,8640.0,1,10810.0,1,6665.0,1,0.0,1,7643.0,1,5208.0,1,5617.0,8126.331,7586.194,-371.0
849,2013-03-23,7073.0,861.0,1.0,0.0,0,1.0,6.0,0.9890402,0.14764656,1.0,6.123234e-17,1,0,0,1,8858.0,1,8269.0,1,8653.0,1,7318.0,1,6982.0,1,7059.0,1,6190.0,1,5895.0,8418.999,7868.8174,589.0
849,2013-03-24,0.0,0.0,0.0,0.0,0,1.0,7.0,0.9890402,0.14764656,1.0,6.123234e-17,1,0,0,1,7073.0,1,8858.0,1,8640.0,1,8056.0,1,6382.0,1,8568.0,1,7335.0,1,7583.0,7880.599,7691.969,-1785.0
849,2013-03-25,10448.0,1101.0,1.0,1.0,0,1.0,1.0,0.99956083,0.029633328,1.0,6.123234e-17,1,0,0,1,0.0,1,7073.0,1,8269.0,1,0.0,1,6443.0,1,8294.0,1,7707.0,1,7155.0,4728.3594,5982.6426,-7073.0
849,2013-03-26,9340.0,980.0,1.0,1.0,0,1.0,2.0,0.99956083,0.029633328,1.0,6.123234e-17,1,0,0,1,10448.0,1,0.0,1,8858.0,1,10810.0,1,6665.0,1,0.0,1,8461.0,1,8458.0,7016.216,6974.9443,10448.0
849,2013-03-27,9868.0,1031.0,1.0,1.0,0,1.0,3.0,0.99956083,0.029633328,1.0,6.123234e-17,1,0,0,1,9340.0,1,10448.0,1,7073.0,1,8653.0,1,7318.0,1,6982.0,1,0.0,1,0.0,7945.7295,7500.512,-1108.0
849,2013-03-28,12015.0,1268.0,1.0,1.0,0,1.0,4.0,0.99956083,0.029633328,1.0,6.123234e-17,1,0,0,1,9868.0,1,9340.0,1,0.0,1,8640.0,1,8056.0,1,6382.0,1,10571.0,1,10665.0,8714.638,8026.6206,528.0
849,2013-03-29,0.0,0.0,0.0,1.0,2,1.0,5.0,0.99956083,0.029633328,1.0,6.123234e-17,1,0,0,1,12015.0,1,9868.0,1,10448.0,1,8269.0,1,0.0,1,6443.0,1,8142.0,1,7480.0,10034.782,8912.927,2147.0
849,2013-03-30,11320.0,1230.0,1.0,0.0,0,0.0,6.0,0.99956083,0.029633328,1.0,6.123234e-17,1,0,0,1,0.0,1,12015.0,1,9340.0,1,8858.0,1,10810.0,1,6665.0,1,7643.0,1,8327.0,6020.8696,6932.277,-12015.0
849,2013-03-31,0.0,0.0,0.0,0.0,0,0.0,7.0,0.99956083,0.029633328,1.0,6.123234e-17,1,0,1,1,11320.0,1,0.0,1,9868.0,1,7073.0,1,8653.0,1,7318.0,1,7059.0,1,7692.0,8140.522,7907.326,11320.0
849,2013-04-01,0.0,0.0,0.0,0.0,2,1.0,1.0,0.9960498,-0.08879589,0.8660254,-0.5,2,1,0,1,0.0,1,11320.0,1,12015.0,1,0.0,1,8640.0,1,8056.0,1,8568.0,1,8072.0,4884.313,6150.1426,-11320.0
849,2013-04-02,7998.0,980.0,1.0,0.0,0,1.0,2.0,0.9960498,-0.08879589,0.8660254,-0.5,2,0,0,1,0.0,1,0.0,1,0.0,1,10448.0,1,8269.0,1,0.0,1,8294.0,1,7791.0,2930.588,4783.4443,0.0
849,2013-04-03,6379.0,786.0,1.0,0.0,0,0.0,3.0,0.9960498,-0.08879589,0.8660254,-0.5,2,0,0,1,7998.0,1,0.0,1,11320.0,1,9340.0,1,8858.0,1,10810.0,1,0.0,1,0.0,4957.5527,5497.79,7998.0
849,2013-04-04,6619.0,852.0,1.0,0.0,0,0.0,4.0,0.9960498,-0.08879589,0.8660254,-0.5,2,0,0,1,6379.0,1,7998.0,1,0.0,1,9868.0,1,7073.0,1,8653.0,1,6982.0,1,5989.0,5526.132,5693.6143,-1619.0
849,2013-04-05,7531.0,882.0,1.0,0.0,0,0.0,5.0,0.9960498,-0.08879589,0.8660254,-0.5,2,0,0,1,6619.0,1,6379.0,1,0.0,1,12015.0,1,0.0,1,8640.0,1,6382.0,1,5764.0,5963.279,5899.256,240.0
849,2013-04-06,7345.0,852.0,1.0,0.0,0,0.0,6.0,0.9960498,-0.08879589,0.8660254,-0.5,2,0,0,1,7531.0,1,6619.0,1,7998.0,1,0.0,1,10448.0,1,8269.0,1,6443.0,1,5798.0,6590.367,6261.8657,912.0
849,2013-04-07,0.0,0.0,0.0,0.0,0,0.0,7.0,0.9960498,-0.08879589,0.8660254,-0.5,2,0,0,1,7345.0,1,7531.0,1,6379.0,1,11320.0,1,9340.0,1,8858.0,1,6665.0,1,6080.0,6892.22,6502.562,-186.0
849,2013-04-08,10134.0,1043.0,1.0,1.0,0,0.0,1.0,0.9785565,-0.20597862,0.8660254,-0.5,2,0,0,1,0.0,1,7345.0,1,6619.0,1,0.0,1,9868.0,1,7073.0,1,7318.0,1,6004.0,4135.332,5057.5483,-7345.0
849,2013-04-09,8638.0,873.0,1.0,1.0,0,0.0,2.0,0.9785565,-0.20597862,0.8660254,-0.5,2,0,0,1,10134.0,1,0.0,1,7531.0,1,0.0,1,12015.0,1,0.0,1,8056.0,1,7370.0,6534.7993,6185.6484,10134.0
849,2013-04-10,8348.0,896.0,1.0,1.0,0,0.0,3.0,0.9785565,-0.20597862,0.8660254,-0.5,2,0,0,1,8638.0,1,10134.0,1,7345.0,1,7998.0,1,0.0,1,10448.0,1,0.0,1,0.0,7376.0796,6730.6157,-1496.0
849,2013-04-11,7773.0,887.0,1.0,1.0,0,0.0,4.0,0.9785565,-0.20597862,0.8660254,-0.5,2,0,0,1,8348.0,1,8638.0,1,0.0,1,6379.0,1,11320.0,1,9340.0,1,10810.0,1,10293.0,7764.8477,7090.034,-290.0
849,2013-04-12,8327.0,921.0,1.0,1.0,0,0.0,5.0,0.9785565,-0.20597862,0.8660254,-0.5,2,0,0,1,7773.0,1,8348.0,1,10134.0,1,6619.0,1,0.0,1,9868.0,1,8653.0,1,8276.0,7768.109,7241.8047,-575.0
849,2013-04-13,7651.0,872.0,1.0,0.0,0,0.0,6.0,0.9785565,-0.20597862,0.8660254,-0.5,2,0,0,1,8327.0,1,7773.0,1,8638.0,1,7531.0,1,0.0,1,12015.0,1,8640.0,1,7853.0,7991.665,7482.959,554.0
849,2013-04-14,0.0,0.0,0.0,0.0,0,0.0,7.0,0.9785565,-0.20597862,0.8660254,-0.5,2,0,0,1,7651.0,1,8327.0,1,8348.0,1,7345.0,1,7998.0,1,0.0,1,8269.0,1,7831.0,7855.399,7520.3013,-676.0
849,2013-04-15,5516.0,687.0,1.0,0.0,0,0.0,1.0,0.94732636,-0.32026985,0.8660254,-0.5,2,0,0,1,0.0,1,7651.0,1,7773.0,1,0.0,1,6379.0,1,11320.0,1,8858.0,1,9220.0,4713.2393,5849.1235,-7651.0
849,2013-04-16,5356.0,687.0,1.0,0.0,0,0.0,2.0,0.94732636,-0.32026985,0.8660254,-0.5,2,0,0,1,5516.0,1,0.0,1,8327.0,1,10134.0,1,6619.0,1,0.0,1,7073.0,1,7414.0,5034.3438,5775.096,5516.0
849,2013-04-17,5036.0,689.0,1.0,0.0,0,0.0,3.0,0.94732636,-0.32026985,0.8660254,-0.5,2,0,0,1,5356.0,1,5516.0,1,7651.0,1,8638.0,1,7531.0,1,0.0,1,0.0,1,0.0,5163.0063,5681.9634,-160.0
849,2013-04-18,5992.0,759.0,1.0,0.0,0,0.0,4.0,0.94732636,-0.32026985,0.8660254,-0.5,2,0,0,1,5036.0,1,5356.0,1,0.0,1,8348.0,1,7345.0,1,7998.0,1,10448.0,1,5447.0,5112.2036,5538.416,-320.0
849,2013-04-19,6775.0,812.0,1.0,0.0,0,0.0,5.0,0.94732636,-0.32026985,0.8660254,-0.5,2,0,0,1,5992.0,1,5036.0,1,5516.0,1,7773.0,1,0.0,1,6379.0,1,9340.0,1,5208.0,5464.122,5639.2124,956.0
849,2013-04-20,7171.0,834.0,1.0,0.0,0,0.0,6.0,0.94732636,-0.32026985,0.8660254,-0.5,2,0,0,1,6775.0,1,5992.0,1,5356.0,1,8327.0,1,10134.0,1,6619.0,1,9868.0,1,6190.0,5988.473,5891.61,783.0
849,2013-04-21,0.0,0.0,0.0,0.0,0,0.0,7.0,0.94732636,-0.32026985,0.8660254,-0.5,2,0,0,1,7171.0,1,6775.0,1,5036.0,1,7651.0,1,8638.0,1,7531.0,1,12015.0,1,7335.0,6461.484,6175.9185,396.0
849,2013-04-22,8906.0,941.0,1.0,1.0,0,0.0,1.0,0.9027978,-0.4300652,0.8660254,-0.5,2,0,0,1,0.0,1,7171.0,1,5992.0,1,0.0,1,8348.0,1,7345.0,1,0.0,1,7707.0,3876.8904,4803.492,-7171.0
849,2013-04-23,7950.0,834.0,1.0,1.0,0,0.0,2.0,0.9027978,-0.4300652,0.8660254,-0.5,2,0,0,1,8906.0,1,0.0,1,6775.0,1,5516.0,1,7773.0,1,0.0,1,11320.0,1,8461.0,5888.534,5715.1606,8906.0
849,2013-04-24,7749.0,833.0,1.0,1.0,0,0.0,3.0,0.9027978,-0.4300652,0.8660254,-0.5,2,0,0,1,7950.0,1,8906.0,1,7171.0,1,5356.0,1,8327.0,1,10134.0,1,0.0,1,0.0,6713.1206,6211.7915,-956.0
849,2013-04-25,6966.0,791.0,1.0,1.0,0,0.0,4.0,0.9027978,-0.4300652,0.8660254,-0.5,2,0,0,1,7749.0,1,7950.0,1,0.0,1,5036.0,1,7651.0,1,8638.0,1,0.0,1,10571.0,7127.472,6553.3936,-201.0
849,2013-04-26,8503.0,877.0,1.0,1.0,0,0.0,5.0,0.9027978,-0.4300652,0.8660254,-0.5,2,0,0,1,6966.0,1,7749.0,1,8906.0,1,5992.0,1,0.0,1,8348.0,1,7998.0,1,8142.0,7062.8833,6645.084,-783.0
849,2013-04-27,8183.0,896.0,1.0,0.0,0,0.0,6.0,0.9027978,-0.4300652,0.8660254,-0.5,2,0,0,1,8503.0,1,6966.0,1,7950.0,1,6775.0,1,5516.0,1,7773.0,1,6379.0,1,7643.0,7638.93,7057.954,1537.0
849,2013-04-28,0.0,0.0,0.0,0.0,0,0.0,7.0,0.9027978,-0.4300652,0.8660254,-0.5,2,0,0,1,8183.0,1,8503.0,1,7749.0,1,7171.0,1,5356.0,1,8327.0,1,6619.0,1,7059.0,7856.558,7307.9644,-320.0
849,2013-04-29,10420.0,1050.0,1.0,1.0,0,0.0,1.0,0.845596,-0.5338234,0.8660254,-0.5,2,0,0,1,0.0,1,8183.0,1,6966.0,1,0.0,1,5036.0,1,7651.0,1,7531.0,1,8568.0,4713.9346,5683.972,-8183.0
849,2013-04-30,10608.0,1102.0,1.0,1.0,0,0.0,2.0,0.845596,-0.5338234,0.8660254,-0.5,2,0,1,1,10420.0,1,0.0,1,8503.0,1,8906.0,1,5992.0,1,0.0,1,7345.0,1,8294.0,6996.361,6736.423,10420.0
849,2013-05-01,0.0,0.0,0.0,1.0,1,0.0,3.0,0.845596,-0.5338234,0.5,-0.8660254,2,1,0,1,10608.0,1,10420.0,1,8183.0,1,7950.0,1,6775.0,1,5516.0,1,0.0,1,0.0,8441.017,7596.7734,188.0
849,2013-05-02,9511.0,1054.0,1.0,1.0,0,0.0,4.0,0.845596,-0.5338234,0.5,-0.8660254,2,0,0,1,0.0,1,10608.0,1,0.0,1,7749.0,1,7171.0,1,5356.0,1,10134.0,1,6982.0,5064.61,5908.6016,-10608.0
849,2013-05-03,9598.0,1048.0,1.0,1.0,0,0.0,5.0,0.845596,-0.5338234,0.5,-0.8660254,2,0,0,1,9511.0,1,0.0,1,10420.0,1,6966.0,1,0.0,1,5036.0,1,8638.0,1,6382.0,6843.166,6709.1343,9511.0
849,2013-05-04,7013.0,829.0,1.0,0.0,0,0.0,6.0,0.845596,-0.5338234,0.5,-0.8660254,2,0,0,1,9598.0,1,9511.0,1,10608.0,1,8503.0,1,8906.0,1,5992.0,1,8348.0,1,6443.0,7945.0996,7351.1045,87.0
849,2013-05-05,0.0,0.0,0.0,0.0,0,0.0,7.0,0.845596,-0.5338234,0.5,-0.8660254,2,0,0,1,7013.0,1,9598.0,1,0.0,1,8183.0,1,7950.0,1,6775.0,1,7773.0,1,6665.0,7572.26,7275.97,-2585.0
849,2013-05-06,7314.0,838.0,1.0,0.0,0,0.0,1.0,0.7765239,-0.63008785,0.5,-0.8660254,2,0,0,1,0.0,1,7013.0,1,9511.0,1,0.0,1,7749.0,1,7171.0,1,8327.0,1,7318.0,4543.356,5659.088,-7013.0
849,2013-05-07,6545.0,833.0,1.0,0.0,0,0.0,2.0,0.7765239,-0.63008785,0.5,-0.8660254,2,0,0,1,7314.0,1,0.0,1,9598.0,1,10420.0,1,6966.0,1,0.0,1,7651.0,1,8056.0,5651.6133,6026.846,7314.0
849,2013-05-08,7519.0,913.0,1.0,0.0,0,0.0,3.0,0.7765239,-0.63008785,0.5,-0.8660254,2,0,0,1,6545.0,1,7314.0,1,7013.0,1,10608.0,1,8503.0,1,8906.0,1,0.0,1,0.0,6008.9683,6141.9917,-769.0
849,2013-05-09,0.0,0.0,0.0,0.0,1,0.0,4.0,0.7765239,-0.63008785,0.5,-0.8660254,2,0,0,1,7519.0,1,6545.0,1,0.0,1,0.0,1,8183.0,1,7950.0,1,5516.0,1,10810.0,6612.981,6447.993,974.0
849,2013-05-10,9177.0,1036.0,1.0,0.0,0,1.0,5.0,0.7765239,-0.63008785,0.5,-0.8660254,2,0,0,1,0.0,1,7519.0,1,7314.0,1,9511.0,1,0.0,1,7749.0,1,5356.0,1,8653.0,3967.7886,5015.106,-7519.0
849,2013-05-11,7705.0,898.0,1.0,0.0,0,0.0,6.0,0.7765239,-0.63008785,0.5,-0.8660254,2,0,0,1,9177.0,1,0.0,1,6545.0,1,9598.0,1,10420.0,1,6966.0,1,5036.0,1,8640.0,6051.473,5939.971,9177.0
849,2013-05-12,0.0,0.0,0.0,0.0,0,0.0,7.0,0.7765239,-0.63008785,0.5,-0.8660254,2,0,0,1,7705.0,1,9177.0,1,7519.0,1,7013.0,1,10608.0,1,8503.0,1,5992.0,1,8269.0,6712.884,6332.1997,-1472.0
849,2013-05-13,9540.0,993.0,1.0,1.0,0,0.0,1.0,0.696551,-0.71750724,0.5,-0.8660254,2,0,0,1,0.0,1,7705.0,1,0.0,1,0.0,1,0.0,1,8183.0,1,6775.0,1,8858.0,4027.7302,4925.0444,-7705.0
849,2013-05-14,8076.0,861.0,1.0,1.0,0,0.0,2.0,0.696551,-0.71750724,0.5,-0.8660254,2,0,0,1,9540.0,1,0.0,1,9177.0,1,7314.0,1,9511.0,1,0.0,1,7171.0,1,7073.0,6232.638,5950.59,9540.0
849,2013-05-15,7786.0,861.0,1.0,1.0,0,0.0,3.0,0.696551,-0.71750724,0.5,-0.8660254,2,0,0,1,8076.0,1,9540.0,1,7705.0,1,6545.0,1,9598.0,1,10420.0,1,0.0,1,0.0,6969.983,6422.9033,-1464.0
849,2013-05-16,7800.0,896.0,1.0,1.0,0,0.0,4.0,0.696551,-0.71750724,0.5,-0.8660254,2,0,0,1,7786.0,1,8076.0,1,0.0,1,7519.0,1,7013.0,1,10608.0,1,8906.0,1,10448.0,7296.3896,6725.814,-290.0
849,2013-05-17,8930.0,962.0,1.0,1.0,0,0.0,5.0,0.696551,-0.71750724,0.5,-0.8660254,2,0,0,1,7800.0,1,7786.0,1,9540.0,1,0.0,1,0.0,1,0.0,1,7950.0,1,9340.0,7497.834,6964.522,14.0
849,2013-05-18,7728.0,880.0,1.0,0.0,0,0.0,6.0,0.696551,-0.71750724,0.5,-0.8660254,2,0,0,1,8930.0,1,7800.0,1,8076.0,1,9177.0,1,7314.0,1,9511.0,1,7749.0,1,9868.0,8070.7,7401.295,1130.0
849,2013-05-19,0.0,0.0,0.0,0.0,0,0.0,7.0,0.696551,-0.71750724,0.5,-0.8660254,2,0,0,1,7728.0,1,8930.0,1,7786.0,1,7705.0,1,6545.0,1,9598.0,1,6966.0,1,12015.0,7933.62,7473.896,-1202.0
849,2013-05-20,0.0,0.0,0.0,0.0,1,0.0,1.0,0.60680014,-0.79485446,0.5,-0.8660254,2,0,0,1,0.0,1,7728.0,1,7800.0,1,0.0,1,7519.0,1,7013.0,1,8503.0,1,0.0,4760.172,5813.0303,-7728.0
849,2013-05-21,7363.0,889.0,1.0,0.0,0,1.0,2.0,0.60680014,-0.79485446,0.5,-0.8660254,2,0,0,1,0.0,1,0.0,1,8930.0,1,9540.0,1,0.0,1,0.0,1,8183.0,1,11320.0,2856.1033,4521.2456,0.0
849,2013-05-22,6692.0,820.0,1.0,0.0,0,0.0,3.0,0.60680014,-0.79485446,0.5,-0.8660254,2,0,0,1,7363.0,1,0.0,1,7728.0,1,8076.0,1,9177.0,1,7314.0,1,0.0,1,0.0,4658.862,5152.7466,7363.0
849,2013-05-23,6688.0,788.0,1.0,0.0,0,0.0,4.0,0.60680014,-0.79485446,0.5,-0.8660254,2,0,0,1,6692.0,1,7363.0,1,0.0,1,7786.0,1,7705.0,1,6545.0,1,10420.0,1,0.0,5472.117,5494.8027,-671.0
849,2013-05-24,7331.0,860.0,1.0,0.0,0,0.0,5.0,0.60680014,-0.79485446,0.5,-0.8660254,2,0,0,1,6688.0,1,6692.0,1,0.0,1,7800.0,1,0.0,1,7519.0,1,10608.0,1,7998.0,5958.47,5759.958,-4.0
849,2013-05-25,7872.0,881.0,1.0,0.0,0,0.0,6.0,0.60680014,-0.79485446,0.5,-0.8660254,2,0,0,1,7331.0,1,6688.0,1,7363.0,1,8930.0,1,9540.0,1,0.0,1,0.0,1,6379.0,6507.4824,6109.078,643.0
849,2013-05-26,0.0,0.0,0.0,0.0,0,0.0,7.0,0.60680014,-0.79485446,0.5,-0.8660254,2,0,0,1,7872.0,1,7331.0,1,6692.0,1,7728.0,1,8076.0,1,9177.0,1,9511.0,1,6619.0,7053.2896,6500.839,541.0
849,2013-05-27,8727.0,887.0,1.0,1.0,0,0.0,1.0,0.5085311,-0.86104363,0.5,-0.8660254,2,0,0,1,0.0,1,7872.0,1,6688.0,1,0.0,1,7786.0,1,7705.0,1,9598.0,1,7531.0,4231.9736,5056.208,-7872.0
849,2013-05-28,7625.0,852.0,1.0,1.0,0,0.0,2.0,0.5085311,-0.86104363,0.5,-0.8660254,2,0,0,1,8727.0,1,0.0,1,7331.0,1,0.0,1,7800.0,1,0.0,1,7013.0,1,7345.0,6029.9844,5871.9395,8727.0
849,2013-05-29,8292.0,878.0,1.0,1.0,0,0.0,3.0,0.5085311,-0.86104363,0.5,-0.8660254,2,0,0,1,7625.0,1,8727.0,1,7872.0,1,7363.0,1,8930.0,1,9540.0,1,0.0,1,0.0,6667.9907,6261.5083,-1102.0
849,2013-05-30,7880.0,844.0,1.0,1.0,0,0.0,4.0,0.5085311,-0.86104363,0.5,-0.8660254,2,0,0,1,8292.0,1,7625.0,1,0.0,1,6692.0,1,7728.0,1,8076.0,1,7314.0,1,10134.0,7317.594,6712.729,667.0
849,2013-05-31,9266.0,957.0,1.0,1.0,0,0.0,5.0,0.5085311,-0.86104363,0.5,-0.8660254,2,0,1,1,7880.0,1,8292.0,1,8727.0,1,6688.0,1,0.0,1,7786.0,1,6545.0,1,8638.0,7542.5566,6972.1226,-412.0
849,2013-06-01,8816.0,937.0,1.0,0.0,0,0.0,6.0,0.5085311,-0.86104363,1.2246469e-16,-1.0,2,1,0,1,9266.0,1,7880.0,1,7625.0,1,7331.0,1,0.0,1,7800.0,1,7519.0,1,8348.0,8231.934,7481.873,1386.0
849,2013-06-02,0.0,0.0,0.0,0.0,0,0.0,7.0,0.5085311,-0.86104363,1.2246469e-16,-1.0,2,0,0,1,8816.0,1,9266.0,1,8292.0,1,7872.0,1,7363.0,1,8930.0,1,0.0,1,7773.0,8465.561,7778.3457,-450.0
849,2013-06-03,9578.0,995.0,1.0,1.0,0,0.0,1.0,0.40312344,-0.91514564,1.2246469e-16,-1.0,2,0,0,1,0.0,1,8816.0,1,7880.0,1,0.0,1,6692.0,1,7728.0,1,9177.0,1,8327.0,5079.3364,6049.824,-8816.0
849,2013-06-04,7495.0,848.0,1.0,1.0,0,0.0,2.0,0.40312344,-0.91514564,1.2246469e-16,-1.0,2,0,0,1,9578.0,1,0.0,1,9266.0,1,8727.0,1,6688.0,1,0.0,1,7705.0,1,7651.0,6878.802,6833.8633,9578.0
849,2013-06-05,7191.0,802.0,1.0,1.0,0,0.0,3.0,0.40312344,-0.91514564,1.2246469e-16,-1.0,2,0,0,1,7495.0,1,9578.0,1,8816.0,1,7625.0,1,7331.0,1,0.0,1,0.0,1,0.0,7125.2812,6980.7827,-2083.0
849,2013-06-06,7065.0,768.0,1.0,1.0,0,0.0,4.0,0.40312344,-0.91514564,1.2246469e-16,-1.0,2,0,0,1,7191.0,1,7495.0,1,0.0,1,8292.0,1,7872.0,1,7363.0,1,9540.0,1,5516.0,7151.569,7027.4976,-304.0
849,2013-06-07,8706.0,920.0,1.0,1.0,0,0.0,5.0,0.40312344,-0.91514564,1.2246469e-16,-1.0,2,0,0,1,7065.0,1,7191.0,1,9578.0,1,7880.0,1,0.0,1,6692.0,1,8076.0,1,5356.0,7116.9414,7035.8315,-126.0
849,2013-06-08,7000.0,777.0,1.0,0.0,0,0.0,6.0,0.40312344,-0.91514564,1.2246469e-16,-1.0,2,0,0,1,8706.0,1,7065.0,1,7495.0,1,9266.0,1,8727.0,1,6688.0,1,7786.0,1,5036.0,7752.565,7406.98,1641.0
849,2013-06-09,0.0,0.0,0.0,0.0,0,0.0,7.0,0.40312344,-0.91514564,1.2246469e-16,-1.0,2,0,0,1,7000.0,1,8706.0,1,7191.0,1,8816.0,1,7625.0,1,7331.0,1,7800.0,1,5992.0,7451.539,7316.54,-1706.0
849,2013-06-10,7193.0,809.0,1.0,0.0,0,0.0,1.0,0.29205677,-0.956401,1.2246469e-16,-1.0,2,0,0,1,0.0,1,7000.0,1,7065.0,1,0.0,1,8292.0,1,7872.0,1,8930.0,1,6775.0,4470.9233,5690.642,-7000.0
849,2013-06-11,6229.0,720.0,1.0,0.0,0,0.0,2.0,0.29205677,-0.956401,1.2246469e-16,-1.0,2,0,0,1,7193.0,1,0.0,1,8706.0,1,9578.0,1,7880.0,1,0.0,1,7728.0,1,7171.0,5559.754,6024.4995,7193.0
849,2013-06-12,5859.0,710.0,1.0,0.0,0,0.0,3.0,0.29205677,-0.956401,1.2246469e-16,-1.0,2,0,0,1,6229.0,1,7193.0,1,7000.0,1,7495.0,1,9266.0,1,8727.0,1,0.0,1,0.0,5827.452,6069.944,-964.0
849,2013-06-13,6673.0,757.0,1.0,0.0,0,0.0,4.0,0.29205677,-0.956401,1.2246469e-16,-1.0,2,0,0,1,5859.0,1,6229.0,1,0.0,1,7191.0,1,8816.0,1,7625.0,1,0.0,1,8906.0,5840.0713,6023.0674,-370.0
849,2013-06-14,7774.0,874.0,1.0,0.0,0,0.0,5.0,0.29205677,-0.956401,1.2246469e-16,-1.0,2,0,0,1,6673.0,1,5859.0,1,7193.0,1,7065.0,1,0.0,1,8292.0,1,7363.0,1,7950.0,6173.2427,6167.497,814.0
849,2013-06-15,7392.0,821.0,1.0,0.0,0,0.0,6.0,0.29205677,-0.956401,1.2246469e-16,-1.0,2,0,0,1,7774.0,1,6673.0,1,6229.0,1,8706.0,1,9578.0,1,7880.0,1,6692.0,1,7749.0,6813.546,6524.4976,1101.0
849,2013-06-16,0.0,0.0,0.0,0.0,0,0.0,7.0,0.29205677,-0.956401,1.2246469e-16,-1.0,2,0,0,1,7392.0,1,7774.0,1,5859.0,1,7000.0,1,7495.0,1,9266.0,1,6688.0,1,6966.0,7044.9272,6717.276,-382.0
849,2013-06-17,11255.0,1093.0,1.0,1.0,0,0.0,1.0,0.17689027,-0.9842306,1.2246469e-16,-1.0,2,0,0,1,0.0,1,7392.0,1,6673.0,1,0.0,1,7191.0,1,8816.0,1,7331.0,1,8503.0,4226.9565,5224.548,-7392.0
849,2013-06-18,8597.0,855.0,1.0,1.0,0,0.0,2.0,0.17689027,-0.9842306,1.2246469e-16,-1.0,2,0,0,1,11255.0,1,0.0,1,7774.0,1,7193.0,1,7065.0,1,0.0,1,7872.0,1,8183.0,7038.174,6564.6484,11255.0
849,2013-06-19,8764.0,903.0,1.0,1.0,0,0.0,3.0,0.17689027,-0.9842306,1.2246469e-16,-1.0,2,0,0,1,8597.0,1,11255.0,1,7392.0,1,6229.0,1,8706.0,1,9578.0,1,0.0,1,0.0,7661.704,7016.282,-2658.0
849,2013-06-20,7272.0,780.0,1.0,1.0,0,0.0,4.0,0.17689027,-0.9842306,1.2246469e-16,-1.0,2,0,0,1,8764.0,1,8597.0,1,0.0,1,5859.0,1,7000.0,1,7495.0,1,8727.0,1,10420.0,8102.6226,7404.664,167.0
849,2013-06-21,9739.0,1007.0,1.0,1.0,0,0.0,5.0,0.17689027,-0.9842306,1.2246469e-16,-1.0,2,0,0,1,7272.0,1,8764.0,1,11255.0,1,6673.0,1,0.0,1,7191.0,1,7625.0,1,10608.0,7770.3735,7375.183,-1492.0
849,2013-06-22,8536.0,896.0,1.0,0.0,0,0.0,6.0,0.17689027,-0.9842306,1.2246469e-16,-1.0,2,0,0,1,9739.0,1,7272.0,1,8597.0,1,7774.0,1,7193.0,1,7065.0,1,8292.0,1,0.0,8557.824,7900.4756,2467.0
849,2013-06-23,0.0,0.0,0.0,0.0,0,0.0,7.0,0.17689027,-0.9842306,1.2246469e-16,-1.0,2,0,0,1,8536.0,1,9739.0,1,8764.0,1,7392.0,1,6229.0,1,8706.0,1,7880.0,1,9511.0,8549.095,8041.703,-1203.0
849,2013-06-24,7211.0,870.0,1.0,0.0,0,0.0,1.0,0.059240628,-0.99824375,1.2246469e-16,-1.0,2,0,0,1,0.0,1,8536.0,1,7272.0,1,0.0,1,5859.0,1,7000.0,1,9266.0,1,9598.0,5129.4565,6254.658,-8536.0
849,2013-06-25,6710.0,806.0,1.0,0.0,0,0.0,2.0,0.059240628,-0.99824375,1.2246469e-16,-1.0,2,0,0,1,7211.0,1,0.0,1,9739.0,1,11255.0,1,6673.0,1,0.0,1,8816.0,1,7013.0,5962.074,6467.1787,7211.0
849,2013-06-26,5921.0,724.0,1.0,0.0,0,0.0,3.0,0.059240628,-0.99824375,1.2246469e-16,-1.0,2,0,0,1,6710.0,1,7211.0,1,8536.0,1,8597.0,1,7774.0,1,7193.0,1,0.0,1,0.0,6261.2446,6521.1387,-501.0
849,2013-06-27,7140.0,784.0,1.0,0.0,0,1.0,4.0,0.059240628,-0.99824375,1.2246469e-16,-1.0,2,0,0,1,5921.0,1,6710.0,1,0.0,1,8764.0,1,7392.0,1,6229.0,1,9578.0,1,7314.0,6125.1465,6387.775,-789.0
849,2013-06-28,8993.0,929.0,1.0,0.0,0,1.0,5.0,0.059240628,-0.99824375,1.2246469e-16,-1.0,2,0,0,1,7140.0,1,5921.0,1,7211.0,1,7272.0,1,0.0,1,5859.0,1,7495.0,1,6545.0,6531.088,6554.936,1219.0
849,2013-06-29,9314.0,938.0,1.0,0.0,0,0.0,6.0,0.059240628,-0.99824375,1.2246469e-16,-1.0,2,0,0,1,8993.0,1,7140.0,1,6710.0,1,9739.0,1,11255.0,1,6673.0,1,7191.0,1,7519.0,7515.853,7096.728,1853.0
849,2013-06-30,0.0,0.0,0.0,0.0,0,0.0,7.0,0.059240628,-0.99824375,1.2246469e-16,-1.0,2,0,1,1,9314.0,1,8993.0,1,5921.0,1,8536.0,1,8597.0,1,7774.0,1,7065.0,1,0.0,8235.111,7589.455,321.0
849,2013-07-01,11939.0,1097.0,1.0,1.0,0,1.0,1.0,-0.059240628,-0.99824375,-0.5,-0.8660254,3,1,0,1,0.0,1,9314.0,1,7140.0,1,0.0,1,8764.0,1,7392.0,1,8706.0,1,9177.0,4941.067,5902.9097,-9314.0
849,2013-07-02,8495.0,898.0,1.0,1.0,0,1.0,2.0,-0.059240628,-0.99824375,-0.5,-0.8660254,3,0,0,1,11939.0,1,0.0,1,8993.0,1,7211.0,1,7272.0,1,0.0,1,7000.0,1,7705.0,7740.24,7244.2627,11939.0
849,2013-07-03,8757.0,844.0,1.0,1.0,0,1.0,3.0,-0.059240628,-0.99824375,-0.5,-0.8660254,3,0,0,1,8495.0,1,11939.0,1,9314.0,1,6710.0,1,9739.0,1,11255.0,1,0.0,1,0.0,8042.144,7522.2046,-3444.0
849,2013-07-04,8083.0,846.0,1.0,1.0,0,1.0,4.0,-0.059240628,-0.99824375,-0.5,-0.8660254,3,0,0,1,8757.0,1,8495.0,1,0.0,1,5921.0,1,8536.0,1,8597.0,1,7193.0,1,9540.0,8328.087,7796.6035,262.0
849,2013-07-05,8333.0,854.0,1.0,1.0,0,1.0,5.0,-0.059240628,-0.99824375,-0.5,-0.8660254,3,0,0,1,8083.0,1,8757.0,1,11939.0,1,7140.0,1,0.0,1,8764.0,1,6229.0,1,8076.0,8230.052,7860.247,-674.0
849,2013-07-06,6128.0,685.0,1.0,0.0,0,1.0,6.0,-0.059240628,-0.99824375,-0.5,-0.8660254,3,0,0,1,8333.0,1,8083.0,1,8495.0,1,8993.0,1,7211.0,1,7272.0,1,5859.0,1,7786.0,8271.231,7965.303,250.0
849,2013-07-07,0.0,0.0,0.0,0.0,0,1.0,7.0,-0.059240628,-0.99824375,-0.5,-0.8660254,3,0,0,1,6128.0,1,8333.0,1,8757.0,1,9314.0,1,6710.0,1,9739.0,1,6673.0,1,7800.0,7413.9385,7557.0137,-2205.0
849,2013-07-08,6427.0,738.0,1.0,0.0,0,1.0,1.0,-0.17689027,-0.9842306,-0.5,-0.8660254,3,0,0,1,0.0,1,6128.0,1,8083.0,1,0.0,1,5921.0,1,8536.0,1,7774.0,1,8930.0,4448.3633,5877.6772,-6128.0
849,2013-07-09,6313.0,696.0,1.0,0.0,0,1.0,2.0,-0.17689027,-0.9842306,-0.5,-0.8660254,3,0,0,1,6427.0,1,0.0,1,8333.0,1,11939.0,1,7140.0,1,0.0,1,7392.0,1,7728.0,5239.818,5999.749,6427.0
849,2013-07-10,6467.0,730.0,1.0,0.0,0,1.0,3.0,-0.17689027,-0.9842306,-0.5,-0.8660254,3,0,0,1,6313.0,1,6427.0,1,6128.0,1,8495.0,1,8993.0,1,7211.0,1,0.0,1,0.0,5669.091,6069.3604,-114.0
849,2013-07-11,5923.0,656.0,1.0,0.0,0,1.0,4.0,-0.17689027,-0.9842306,-0.5,-0.8660254,3,0,0,1,6467.0,1,6313.0,1,0.0,1,8757.0,1,9314.0,1,6710.0,1,11255.0,1,0.0,5988.2544,6157.7246,154.0
849,2013-07-12,6282.0,750.0,1.0,0.0,0,1.0,5.0,-0.17689027,-0.9842306,-0.5,-0.8660254,3,0,0,1,5923.0,1,6467.0,1,6427.0,1,8083.0,1,0.0,1,5921.0,1,8597.0,1,7363.0,5962.153,6105.5635,-544.0
849,2013-07-13,6234.0,693.0,1.0,0.0,0,1.0,6.0,-0.17689027,-0.9842306,-0.5,-0.8660254,3,0,0,1,6282.0,1,5923.0,1,6313.0,1,8333.0,1,11939.0,1,7140.0,1,8764.0,1,6692.0,6090.092,6144.772,359.0
849,2013-07-14,0.0,0.0,0.0,0.0,0,1.0,7.0,-0.17689027,-0.9842306,-0.5,-0.8660254,3,0,0,1,6234.0,1,6282.0,1,6467.0,1,6128.0,1,8495.0,1,8993.0,1,7272.0,1,6688.0,6147.655,6164.6,-48.0
849,2013-07-15,10777.0,1021.0,1.0,1.0,0,1.0,1.0,-0.29205677,-0.956401,-0.5,-0.8660254,3,0,0,1,0.0,1,6234.0,1,5923.0,1,0.0,1,8757.0,1,9314.0,1,9739.0,1,7331.0,3688.593,4794.689,-6234.0
849,2013-07-16,7648.0,776.0,1.0,1.0,0,1.0,2.0,-0.29205677,-0.956401,-0.5,-0.8660254,3,0,0,1,10777.0,1,0.0,1,6282.0,1,6427.0,1,8083.0,1,0.0,1,8536.0,1,7872.0,6523.9556,6124.0913,10777.0
849,2013-07-17,8063.0,841.0,1.0,1.0,0,1.0,3.0,-0.29205677,-0.956401,-0.5,-0.8660254,3,0,0,1,7648.0,1,10777.0,1,6234.0,1,6313.0,1,8333.0,1,11939.0,1,0.0,1,0.0,6973.573,6462.738,-3129.0
849,2013-07-18,6798.0,745.0,1.0,1.0,0,1.0,4.0,-0.29205677,-0.956401,-0.5,-0.8660254,3,0,0,1,8063.0,1,7648.0,1,0.0,1,6467.0,1,6128.0,1,8495.0,1,7211.0,1,8727.0,7409.344,6818.3516,415.0
849,2013-07-19,8122.0,871.0,1.0,1.0,0,1.0,5.0,-0.29205677,-0.956401,-0.5,-0.8660254,3,0,0,1,6798.0,1,8063.0,1,10777.0,1,5923.0,1,0.0,1,8757.0,1,6710.0,1,7625.0,7164.8066,6813.829,-1265.0
849,2013-07-20,6177.0,709.0,1.0,0.0,0,1.0,6.0,-0.29205677,-0.956401,-0.5,-0.8660254,3,0,0,1,8122.0,1,6798.0,1,7648.0,1,6282.0,1,6427.0,1,8083.0,1,5921.0,1,8292.0,7547.684,7104.5337,1324.0
849,2013-07-21,0.0,0.0,0.0,0.0,0,1.0,7.0,-0.29205677,-0.956401,-0.5,-0.8660254,3,0,0,1,6177.0,1,8122.0,1,8063.0,1,6234.0,1,6313.0,1,8333.0,1,7140.0,1,7880.0,6999.41,6898.415,-1945.0
849,2013-07-22,5891.0,732.0,1.0,0.0,0,1.0,1.0,-0.40312344,-0.91514564,-0.5,-0.8660254,3,0,0,1,0.0,1,6177.0,1,6798.0,1,0.0,1,6467.0,1,6128.0,1,8993.0,1,9266.0,4199.646,5365.434,-6177.0
849,2013-07-23,4784.0,629.0,1.0,0.0,0,1.0,2.0,-0.40312344,-0.91514564,-0.5,-0.8660254,3,0,0,1,5891.0,1,0.0,1,8122.0,1,10777.0,1,5923.0,1,0.0,1,9314.0,1,8816.0,4876.1875,5482.2266,5891.0
849,2013-07-24,5467.0,672.0,1.0,0.0,0,1.0,3.0,-0.40312344,-0.91514564,-0.5,-0.8660254,3,0,0,1,4784.0,1,5891.0,1,6177.0,1,7648.0,1,6282.0,1,6427.0,1,0.0,1,0.0,4839.3125,5327.065,-1107.0
849,2013-07-25,4617.0,601.0,1.0,0.0,0,1.0,4.0,-0.40312344,-0.91514564,-0.5,-0.8660254,3,0,0,1,5467.0,1,4784.0,1,0.0,1,8063.0,1,6234.0,1,6313.0,1,11939.0,1,9578.0,5090.3877,5358.1616,683.0
849,2013-07-26,5582.0,676.0,1.0,0.0,0,1.0,5.0,-0.40312344,-0.91514564,-0.5,-0.8660254,3,0,0,1,4617.0,1,5467.0,1,5891.0,1,6798.0,1,0.0,1,6467.0,1,8495.0,1,7495.0,4901.0327,5193.459,-850.0
849,2013-07-27,6865.0,727.0,1.0,0.0,0,1.0,6.0,-0.40312344,-0.91514564,-0.5,-0.8660254,3,0,0,1,5582.0,1,4617.0,1,4784.0,1,8122.0,1,10777.0,1,5923.0,1,8757.0,1,7191.0,5173.4194,5279.8013,965.0
849,2013-07-28,0.0,0.0,0.0,0.0,0,1.0,7.0,-0.40312344,-0.91514564,-0.5,-0.8660254,3,0,0,1,6865.0,1,5582.0,1,5467.0,1,6177.0,1,7648.0,1,6282.0,1,8083.0,1,7065.0,5850.052,5632.068,1283.0
849,2013-07-29,10735.0,987.0,1.0,1.0,0,1.0,1.0,-0.5085311,-0.86104363,-0.5,-0.8660254,3,0,0,1,0.0,1,6865.0,1,4617.0,1,0.0,1,8063.0,1,6234.0,1,8333.0,1,8706.0,3510.031,4380.497,-6865.0
849,2013-07-30,9563.0,956.0,1.0,1.0,0,1.0,2.0,-0.5085311,-0.86104363,-0.5,-0.8660254,3,0,0,1,10735.0,1,0.0,1,5582.0,1,5891.0,1,6798.0,1,0.0,1,6128.0,1,7000.0,6400.0186,5792.609,10735.0
849,2013-07-31,10899.0,1069.0,1.0,1.0,0,1.0,3.0,-0.5085311,-0.86104363,-0.5,-0.8660254,3,0,1,1,9563.0,1,10735.0,1,6865.0,1,4784.0,1,8122.0,1,10777.0,1,0.0,1,0.0,7665.211,6630.4736,-1172.0
849,2013-08-01,8828.0,925.0,1.0,1.0,0,1.0,4.0,-0.5085311,-0.86104363,-0.8660254,-0.5,3,1,0,1,10899.0,1,9563.0,1,0.0,1,5467.0,1,6177.0,1,7648.0,1,6427.0,1,7193.0,8958.727,7579.035,1336.0
849,2013-08-02,7134.0,831.0,1.0,1.0,0,1.0,5.0,-0.5085311,-0.86104363,-0.8660254,-0.5,3,0,0,1,8828.0,1,10899.0,1,10735.0,1,4617.0,1,0.0,1,8063.0,1,6313.0,1,6229.0,8906.436,7856.583,-2071.0
849,2013-08-03,7322.0,791.0,1.0,0.0,0,1.0,6.0,-0.5085311,-0.86104363,-0.8660254,-0.5,3,0,0,1,7134.0,1,8828.0,1,9563.0,1,5582.0,1,5891.0,1,6798.0,1,6467.0,1,5859.0,8197.462,7696.009,-1694.0
849,2013-08-04,0.0,0.0,0.0,0.0,0,1.0,7.0,-0.5085311,-0.86104363,-0.8660254,-0.5,3,0,0,1,7322.0,1,7134.0,1,10899.0,1,6865.0,1,4784.0,1,8122.0,1,5923.0,1,6673.0,7847.277,7612.896,188.0
849,2013-08-05,6743.0,831.0,1.0,0.0,0,1.0,1.0,-0.60680014,-0.79485446,-0.8660254,-0.5,3,0,0,1,0.0,1,7322.0,1,8828.0,1,0.0,1,5467.0,1,6177.0,1,6282.0,1,7774.0,4708.366,5921.141,-7322.0
849,2013-08-06,6224.0,786.0,1.0,0.0,0,1.0,2.0,-0.60680014,-0.79485446,-0.8660254,-0.5,3,0,0,1,6743.0,1,0.0,1,7134.0,1,10735.0,1,4617.0,1,0.0,1,6234.0,1,7392.0,5522.2197,6103.7764,6743.0
849,2013-08-07,6783.0,817.0,1.0,0.0,0,1.0,3.0,-0.60680014,-0.79485446,-0.8660254,-0.5,3,0,0,1,6224.0,1,6743.0,1,7322.0,1,9563.0,1,5582.0,1,5891.0,1,0.0,1,0.0,5802.9316,6130.4927,-519.0
849,2013-08-08,6048.0,710.0,1.0,0.0,0,0.0,4.0,-0.60680014,-0.79485446,-0.8660254,-0.5,3,0,0,1,6783.0,1,6224.0,1,0.0,1,10899.0,1,6865.0,1,4784.0,1,10777.0,1,11255.0,6194.959,6275.4946,559.0
849,2013-08-09,5784.0,748.0,1.0,0.0,0,0.0,5.0,-0.60680014,-0.79485446,-0.8660254,-0.5,3,0,0,1,6048.0,1,6783.0,1,6743.0,1,8828.0,1,0.0,1,5467.0,1,7648.0,1,8597.0,6136.1753,6224.94,-735.0
849,2013-08-10,6855.0,791.0,1.0,0.0,0,0.0,6.0,-0.60680014,-0.79485446,-0.8660254,-0.5,3,0,0,1,5784.0,1,6048.0,1,6224.0,1,7134.0,1,10735.0,1,4617.0,1,8063.0,1,8764.0,5995.305,6126.9536,-264.0
849,2013-08-11,0.0,0.0,0.0,0.0,0,0.0,7.0,-0.60680014,-0.79485446,-0.8660254,-0.5,3,0,0,1,6855.0,1,5784.0,1,6783.0,1,7322.0,1,9563.0,1,5582.0,1,6798.0,1,7272.0,6339.183,6288.7417,1071.0
849,2013-08-12,10734.0,1099.0,1.0,1.0,0,0.0,1.0,-0.696551,-0.71750724,-0.8660254,-0.5,3,0,0,1,0.0,1,6855.0,1,6048.0,1,0.0,1,10899.0,1,6865.0,1,8122.0,1,9739.0,3803.51,4891.2437,-6855.0
849,2013-08-13,8513.0,918.0,1.0,1.0,0,0.0,2.0,-0.696551,-0.71750724,-0.8660254,-0.5,3,0,0,1,10734.0,1,0.0,1,5784.0,1,6743.0,1,8828.0,1,0.0,1,6177.0,1,8536.0,6575.706,6189.634,10734.0
849,2013-08-14,8133.0,919.0,1.0,1.0,0,0.0,3.0,-0.696551,-0.71750724,-0.8660254,-0.5,3,0,0,1,8513.0,1,10734.0,1,6855.0,1,6224.0,1,7134.0,1,10735.0,1,0.0,1,0.0,7350.6235,6705.9375,-2221.0
849,2013-08-15,7547.0,874.0,1.0,1.0,0,0.0,4.0,-0.696551,-0.71750724,-0.8660254,-0.5,3,0,0,1,8133.0,1,8513.0,1,0.0,1,6783.0,1,7322.0,1,9563.0,1,5891.0,1,7211.0,7663.574,7023.0625,-380.0
849,2013-08-16,6762.0,807.0,1.0,1.0,0,0.0,5.0,-0.696551,-0.71750724,-0.8660254,-0.5,3,0,0,1,7547.0,1,8133.0,1,10734.0,1,6048.0,1,0.0,1,10899.0,1,4784.0,1,6710.0,7616.9443,7139.493,-586.0
849,2013-08-17,6965.0,779.0,1.0,0.0,0,0.0,6.0,-0.696551,-0.71750724,-0.8660254,-0.5,3,0,0,1,6762.0,1,7547.0,1,8513.0,1,5784.0,1,6743.0,1,8828.0,1,5467.0,1,5921.0,7274.967,7055.6055,-785.0
849,2013-08-18,0.0,0.0,0.0,0.0,0,0.0,7.0,-0.696551,-0.71750724,-0.8660254,-0.5,3,0,0,1,6965.0,1,6762.0,1,8133.0,1,6855.0,1,6224.0,1,7134.0,1,4617.0,1,7140.0,7150.98,7035.471,203.0
849,2013-08-19,5886.0,764.0,1.0,0.0,0,0.0,1.0,-0.7765239,-0.63008785,-0.8660254,-0.5,3,0,0,1,0.0,1,6965.0,1,7547.0,1,0.0,1,6783.0,1,7322.0,1,5582.0,1,8993.0,4290.588,5472.033,-6965.0
849,2013-08-20,5517.0,747.0,1.0,0.0,0,0.0,2.0,-0.7765239,-0.63008785,-0.8660254,-0.5,3,0,0,1,5886.0,1,0.0,1,6762.0,1,10734.0,1,6048.0,1,0.0,1,6865.0,1,9314.0,4928.753,5564.026,5886.0
849,2013-08-21,5673.0,728.0,1.0,0.0,0,0.0,3.0,-0.7765239,-0.63008785,-0.8660254,-0.5,3,0,0,1,5517.0,1,5886.0,1,6965.0,1,8513.0,1,5784.0,1,6743.0,1,0.0,1,0.0,5164.052,5553.5757,-369.0
849,2013-08-22,5172.0,705.0,1.0,0.0,0,0.0,4.0,-0.7765239,-0.63008785,-0.8660254,-0.5,3,0,0,1,5673.0,1,5517.0,1,0.0,1,8133.0,1,6855.0,1,6224.0,1,10735.0,1,11939.0,5367.631,5580.1143,156.0
849,2013-08-23,6212.0,718.0,1.0,0.0,0,0.0,5.0,-0.7765239,-0.63008785,-0.8660254,-0.5,3,0,0,1,5172.0,1,5673.0,1,5886.0,1,7547.0,1,0.0,1,6783.0,1,9563.0,1,8495.0,5289.3784,5489.4224,-501.0
849,2013-08-24,6108.0,712.0,1.0,0.0,0,0.0,6.0,-0.7765239,-0.63008785,-0.8660254,-0.5,3,0,0,1,6212.0,1,5172.0,1,5517.0,1,6762.0,1,10734.0,1,6048.0,1,10899.0,1,8757.0,5658.4272,5649.995,1040.0
849,2013-08-25,0.0,0.0,0.0,0.0,0,0.0,7.0,-0.7765239,-0.63008785,-0.8660254,-0.5,3,0,0,1,6108.0,1,6212.0,1,5673.0,1,6965.0,1,8513.0,1,5784.0,1,8828.0,1,8083.0,5838.2563,5751.774,-104.0
849,2013-08-26,9138.0,957.0,1.0,1.0,0,0.0,1.0,-0.845596,-0.5338234,-0.8660254,-0.5,3,0,0,1,0.0,1,6108.0,1,5172.0,1,0.0,1,8133.0,1,6855.0,1,7134.0,1,8333.0,3502.9539,4473.602,-6108.0
849,2013-08-27,7668.0,806.0,1.0,1.0,0,0.0,2.0,-0.845596,-0.5338234,-0.8660254,-0.5,3,0,0,1,9138.0,1,0.0,1,6212.0,1,5886.0,1,7547.0,1,0.0,1,7322.0,1,6128.0,5756.972,5510.135,9138.0
849,2013-08-28,7714.0,858.0,1.0,1.0,0,0.0,3.0,-0.845596,-0.5338234,-0.8660254,-0.5,3,0,0,1,7668.0,1,9138.0,1,6108.0,1,5517.0,1,6762.0,1,10734.0,1,0.0,1,0.0,6521.3833,5989.6606,-1470.0
849,2013-08-29,7380.0,820.0,1.0,1.0,0,0.0,4.0,-0.845596,-0.5338234,-0.8660254,-0.5,3,0,0,1,7714.0,1,7668.0,1,0.0,1,5673.0,1,6965.0,1,8513.0,1,6743.0,1,6427.0,6998.43,6372.847,46.0
849,2013-08-30,9833.0,1037.0,1.0,1.0,0,0.0,5.0,-0.845596,-0.5338234,-0.8660254,-0.5,3,0,0,1,7380.0,1,7714.0,1,9138.0,1,5172.0,1,0.0,1,8133.0,1,6224.0,1,6313.0,7151.058,6596.6587,-334.0
849,2013-08-31,7736.0,897.0,1.0,0.0,0,0.0,6.0,-0.845596,-0.5338234,-0.8660254,-0.5,3,0,1,1,9833.0,1,7380.0,1,7668.0,1,6212.0,1,5886.0,1,7547.0,1,6783.0,1,6467.0,8223.835,7315.8457,2453.0
849,2013-09-01,0.0,0.0,0.0,0.0,0,0.0,7.0,-0.845596,-0.5338234,-1.0,-1.8369701e-16,3,1,0,1,7736.0,1,9833.0,1,7714.0,1,6108.0,1,5517.0,1,6762.0,1,6048.0,1,5923.0,8028.7007,7409.2134,-2097.0
849,2013-09-02,6765.0,834.0,1.0,0.0,0,0.0,1.0,-0.9027978,-0.4300652,-1.0,-1.8369701e-16,3,0,0,1,0.0,1,7736.0,1,7380.0,1,0.0,1,5673.0,1,6965.0,1,5784.0,1,6282.0,4817.2207,5762.7217,-7736.0
849,2013-09-03,5872.0,748.0,1.0,0.0,0,0.0,2.0,-0.9027978,-0.4300652,-1.0,-1.8369701e-16,3,0,0,1,6765.0,1,0.0,1,9833.0,1,9138.0,1,5172.0,1,0.0,1,6855.0,1,6234.0,5596.3325,5985.45,6765.0
849,2013-09-04,5844.0,741.0,1.0,0.0,0,0.0,3.0,-0.9027978,-0.4300652,-1.0,-1.8369701e-16,3,0,0,1,5872.0,1,6765.0,1,7736.0,1,7668.0,1,6212.0,1,5886.0,1,0.0,1,0.0,5706.5996,5960.239,-893.0
849,2013-09-05,5582.0,703.0,1.0,0.0,0,0.0,4.0,-0.9027978,-0.4300652,-1.0,-1.8369701e-16,3,0,0,1,5844.0,1,5872.0,1,0.0,1,7714.0,1,6108.0,1,5517.0,1,10734.0,1,10777.0,5761.5596,5934.408,-28.0
849,2013-09-06,5980.0,749.0,1.0,0.0,0,0.0,5.0,-0.9027978,-0.4300652,-1.0,-1.8369701e-16,3,0,0,1,5582.0,1,5844.0,1,6765.0,1,7380.0,1,0.0,1,5673.0,1,8513.0,1,7648.0,5689.736,5856.095,-262.0
849,2013-09-07,7089.0,791.0,1.0,0.0,0,0.0,6.0,-0.9027978,-0.4300652,-1.0,-1.8369701e-16,3,0,0,1,5980.0,1,5582.0,1,5872.0,1,9833.0,1,9138.0,1,5172.0,1,8133.0,1,8063.0,5805.8413,5883.6294,398.0
849,2013-09-08,0.0,0.0,0.0,0.0,0,0.0,7.0,-0.9027978,-0.4300652,-1.0,-1.8369701e-16,3,0,0,1,7089.0,1,5980.0,1,5844.0,1,7736.0,1,7668.0,1,6212.0,1,7547.0,1,6798.0,6319.105,6151.4897,1109.0
849,2013-09-09,10760.0,1038.0,1.0,1.0,0,0.0,1.0,-0.94732636,-0.32026985,-1.0,-1.8369701e-16,3,0,0,1,0.0,1,7089.0,1,5582.0,1,0.0,1,7714.0,1,6108.0,1,6762.0,1,8122.0,3791.463,4784.492,-7089.0
849,2013-09-10,8845.0,925.0,1.0,1.0,0,0.0,2.0,-0.94732636,-0.32026985,-1.0,-1.8369701e-16,3,0,0,1,10760.0,1,0.0,1,5980.0,1,6765.0,1,7380.0,1,0.0,1,6965.0,1,6177.0,6578.878,6112.383,10760.0
849,2013-09-11,8342.0,884.0,1.0,1.0,0,0.0,3.0,-0.94732636,-0.32026985,-1.0,-1.8369701e-16,3,0,0,1,8845.0,1,10760.0,1,7089.0,1,5872.0,1,9833.0,1,9138.0,1,0.0,1,0.0,7485.3267,6719.631,-1915.0
849,2013-09-12,7383.0,850.0,1.0,1.0,0,0.0,4.0,-0.94732636,-0.32026985,-1.0,-1.8369701e-16,3,0,0,1,8342.0,1,8845.0,1,0.0,1,5844.0,1,7736.0,1,7668.0,1,5886.0,1,5891.0,7827.996,7080.157,-503.0
849,2013-09-13,8498.0,925.0,1.0,1.0,0,0.0,5.0,-0.94732636,-0.32026985,-1.0,-1.8369701e-16,3,0,0,1,7383.0,1,8342.0,1,10760.0,1,5582.0,1,0.0,1,7714.0,1,5517.0,1,4784.0,7649.9976,7147.4556,-959.0
849,2013-09-14,6727.0,786.0,1.0,0.0,0,0.0,6.0,-0.94732636,-0.32026985,-1.0,-1.8369701e-16,3,0,0,1,8498.0,1,7383.0,1,8845.0,1,5980.0,1,6765.0,1,7380.0,1,5673.0,1,5467.0,7989.1987,7447.5767,1115.0
849,2013-09-15,0.0,0.0,0.0,0.0,0,0.0,7.0,-0.94732636,-0.32026985,-1.0,-1.8369701e-16,3,0,0,1,6727.0,1,8498.0,1,8342.0,1,7089.0,1,5872.0,1,9833.0,1,5172.0,1,4617.0,7484.3193,7287.4487,-1771.0
849,2013-09-16,6207.0,787.0,1.0,0.0,0,0.0,1.0,-0.9785565,-0.20597862,-1.0,-1.8369701e-16,3,0,0,1,0.0,1,6727.0,1,7383.0,1,0.0,1,5844.0,1,7736.0,1,6212.0,1,5582.0,4490.5913,5668.0156,-6727.0
849,2013-09-17,5206.0,720.0,1.0,0.0,0,0.0,2.0,-0.9785565,-0.20597862,-1.0,-1.8369701e-16,3,0,0,1,6207.0,1,0.0,1,8498.0,1,10760.0,1,5582.0,1,0.0,1,6108.0,1,6865.0,5177.155,5787.79,6207.0
849,2013-09-18,5864.0,725.0,1.0,0.0,0,0.0,3.0,-0.9785565,-0.20597862,-1.0,-1.8369701e-16,3,0,0,1,5206.0,1,6207.0,1,6727.0,1,8845.0,1,5980.0,1,6765.0,1,0.0,1,0.0,5188.693,5658.5034,-1001.0
849,2013-09-19,5393.0,700.0,1.0,0.0,0,0.0,4.0,-0.9785565,-0.20597862,-1.0,-1.8369701e-16,3,0,0,1,5864.0,1,5206.0,1,0.0,1,8342.0,1,7089.0,1,5872.0,1,9138.0,1,10735.0,5458.816,5704.169,658.0
849,2013-09-20,5666.0,727.0,1.0,0.0,0,0.0,5.0,-0.9785565,-0.20597862,-1.0,-1.8369701e-16,3,0,0,1,5393.0,1,5864.0,1,6207.0,1,7383.0,1,0.0,1,5844.0,1,7668.0,1,9563.0,5432.4893,5635.0205,-471.0
849,2013-09-21,6532.0,728.0,1.0,0.0,0,0.0,6.0,-0.9785565,-0.20597862,-1.0,-1.8369701e-16,3,0,0,1,5666.0,1,5393.0,1,5206.0,1,8498.0,1,10760.0,1,5582.0,1,7714.0,1,10899.0,5525.8936,5641.905,273.0
849,2013-09-22,0.0,0.0,0.0,0.0,0,0.0,7.0,-0.9785565,-0.20597862,-1.0,-1.8369701e-16,3,0,0,1,6532.0,1,5666.0,1,5864.0,1,6727.0,1,8845.0,1,5980.0,1,7380.0,1,8828.0,5928.3364,5839.7036,866.0
849,2013-09-23,8984.0,950.0,1.0,1.0,0,0.0,1.0,-0.9960498,-0.08879589,-1.0,-1.8369701e-16,3,0,0,1,0.0,1,6532.0,1,5393.0,1,0.0,1,8342.0,1,7089.0,1,9833.0,1,7134.0,3557.0017,4541.9917,-6532.0
849,2013-09-24,7496.0,816.0,1.0,1.0,0,0.0,2.0,-0.9960498,-0.08879589,-1.0,-1.8369701e-16,3,0,0,1,8984.0,1,0.0,1,5666.0,1,6207.0,1,7383.0,1,0.0,1,7736.0,1,7322.0,5727.8013,5529.1045,8984.0
849,2013-09-25,7146.0,861.0,1.0,1.0,0,0.0,3.0,-0.9960498,-0.08879589,-1.0,-1.8369701e-16,3,0,0,1,7496.0,1,8984.0,1,6532.0,1,5206.0,1,8498.0,1,10760.0,1,0.0,1,0.0,6435.0806,5966.1924,-1488.0
849,2013-09-26,7017.0,850.0,1.0,1.0,0,0.0,4.0,-0.9960498,-0.08879589,-1.0,-1.8369701e-16,3,0,0,1,7146.0,1,7496.0,1,0.0,1,5864.0,1,6727.0,1,8845.0,1,6765.0,1,6743.0,6719.448,6228.372,-350.0
849,2013-09-27,7861.0,903.0,1.0,1.0,0,0.0,5.0,-0.9960498,-0.08879589,-1.0,-1.8369701e-16,3,0,0,1,7017.0,1,7146.0,1,8984.0,1,5393.0,1,0.0,1,8342.0,1,5872.0,1,6224.0,6838.469,6403.6226,-129.0
849,2013-09-28,7635.0,861.0,1.0,0.0,0,0.0,6.0,-0.9960498,-0.08879589,-1.0,-1.8369701e-16,3,0,0,1,7861.0,1,7017.0,1,7496.0,1,5666.0,1,6207.0,1,7383.0,1,5844.0,1,6783.0,7247.4814,6727.4844,844.0
849,2013-09-29,0.0,0.0,0.0,0.0,0,0.0,7.0,-0.9960498,-0.08879589,-1.0,-1.8369701e-16,3,0,0,1,7635.0,1,7861.0,1,7146.0,1,6532.0,1,5206.0,1,8498.0,1,5582.0,1,6048.0,7402.489,6929.1543,-226.0
849,2013-09-30,7482.0,839.0,1.0,0.0,0,0.0,1.0,-0.99956083,0.029633328,-1.0,-1.8369701e-16,3,0,1,1,0.0,1,7635.0,1,7017.0,1,0.0,1,5864.0,1,6727.0,1,5980.0,1,5784.0,4441.493,5389.3423,-7635.0
849,2013-10-01,6805.0,793.0,1.0,0.0,0,0.0,2.0,-0.99956083,0.029633328,-0.8660254,0.5,4,1,0,1,7482.0,1,0.0,1,7861.0,1,8984.0,1,5393.0,1,0.0,1,7089.0,1,6855.0,5657.696,5854.3774,7482.0
849,2013-10-02,7041.0,840.0,1.0,0.0,0,0.0,3.0,-0.99956083,0.029633328,-0.8660254,0.5,4,0,0,1,6805.0,1,7482.0,1,7635.0,1,7496.0,1,5666.0,1,6207.0,1,0.0,1,0.0,6116.6177,6065.627,-677.0
849,2013-10-03,0.0,0.0,0.0,0.0,1,0.0,4.0,-0.99956083,0.029633328,-0.8660254,0.5,4,0,0,1,7041.0,1,6805.0,1,0.0,1,7146.0,1,6532.0,1,5206.0,1,10760.0,1,10734.0,6486.3706,6282.3765,236.0
849,2013-10-04,8358.0,952.0,1.0,0.0,0,1.0,5.0,-0.99956083,0.029633328,-0.8660254,0.5,4,0,0,1,0.0,1,7041.0,1,7482.0,1,7017.0,1,0.0,1,5864.0,1,8845.0,1,8513.0,3891.8223,4886.293,-7041.0
849,2013-10-05,7027.0,802.0,1.0,0.0,0,1.0,6.0,-0.99956083,0.029633328,-0.8660254,0.5,4,0,0,1,8358.0,1,0.0,1,6805.0,1,7861.0,1,8984.0,1,5393.0,1,8342.0,1,8133.0,5678.2935,5657.783,8358.0
849,2013-10-06,0.0,0.0,0.0,0.0,0,1.0,7.0,-0.99956083,0.029633328,-0.8660254,0.5,4,0,0,1,7027.0,1,8358.0,1,7041.0,1,7635.0,1,7496.0,1,5666.0,1,7383.0,1,7547.0,6217.776,5962.0537,-1331.0
849,2013-10-07,10550.0,1042.0,1.0,1.0,0,1.0,1.0,-0.9890402,0.14764656,-0.8660254,0.5,4,0,0,1,0.0,1,7027.0,1,0.0,1,0.0,1,7146.0,1,6532.0,1,8498.0,1,6762.0,3730.6655,4637.153,-7027.0
849,2013-10-08,7825.0,815.0,1.0,1.0,0,1.0,2.0,-0.9890402,0.14764656,-0.8660254,0.5,4,0,0,1,10550.0,1,0.0,1,8358.0,1,7482.0,1,7017.0,1,0.0,1,6727.0,1,6965.0,6458.3994,5951.1187,10550.0
849,2013-10-09,8139.0,890.0,1.0,1.0,0,1.0,3.0,-0.9890402,0.14764656,-0.8660254,0.5,4,0,0,1,7825.0,1,10550.0,1,7027.0,1,6805.0,1,7861.0,1,8984.0,1,0.0,1,0.0,7005.0396,6367.537,-2725.0
849,2013-10-10,7519.0,837.0,1.0,1.0,0,1.0,4.0,-0.9890402,0.14764656,-0.8660254,0.5,4,0,0,1,8139.0,1,7825.0,1,0.0,1,7041.0,1,7635.0,1,7496.0,1,6207.0,1,5886.0,7458.6235,6761.1953,314.0
849,2013-10-11,7862.0,844.0,1.0,1.0,0,1.0,5.0,-0.9890402,0.14764656,-0.8660254,0.5,4,0,0,1,7519.0,1,8139.0,1,10550.0,1,0.0,1,0.0,1,7146.0,1,5206.0,1,5517.0,7482.7744,6929.596,-620.0
849,2013-10-12,7412.0,808.0,1.0,0.0,0,1.0,6.0,-0.9890402,0.14764656,-0.8660254,0.5,4,0,0,1,7862.0,1,7519.0,1,7825.0,1,8358.0,1,7482.0,1,7017.0,1,5864.0,1,5673.0,7634.4644,7136.7974,343.0
849,2013-10-13,0.0,0.0,0.0,0.0,0,1.0,7.0,-0.9890402,0.14764656,-0.8660254,0.5,4,0,0,1,7412.0,1,7862.0,1,8139.0,1,7027.0,1,6805.0,1,7861.0,1,5393.0,1,5172.0,7545.4785,7197.9536,-450.0
849,2013-10-14,6713.0,792.0,1.0,0.0,0,1.0,1.0,-0.9646356,0.26358718,-0.8660254,0.5,4,0,0,1,0.0,1,7412.0,1,7519.0,1,0.0,1,7041.0,1,7635.0,1,5666.0,1,6212.0,4527.287,5598.408,-7412.0
849,2013-10-15,6229.0,717.0,1.0,0.0,0,1.0,2.0,-0.9646356,0.26358718,-0.8660254,0.5,4,0,0,1,6713.0,1,0.0,1,7862.0,1,10550.0,1,0.0,1,0.0,1,6532.0,1,6108.0,5401.5723,5846.095,6713.0
849,2013-10-16,5435.0,724.0,1.0,0.0,0,1.0,3.0,-0.9646356,0.26358718,-0.8660254,0.5,4,0,0,1,6229.0,1,6713.0,1,7412.0,1,7825.0,1,8358.0,1,7482.0,1,0.0,1,0.0,5732.5435,5931.185,-484.0
849,2013-10-17,5981.0,742.0,1.0,0.0,0,1.0,4.0,-0.9646356,0.26358718,-0.8660254,0.5,4,0,0,1,5435.0,1,6229.0,1,0.0,1,8139.0,1,7027.0,1,6805.0,1,8984.0,1,9138.0,5613.526,5820.922,-794.0
849,2013-10-18,6636.0,765.0,1.0,0.0,0,1.0,5.0,-0.9646356,0.26358718,-0.8660254,0.5,4,0,0,1,5981.0,1,5435.0,1,6713.0,1,7519.0,1,0.0,1,7041.0,1,7496.0,1,7668.0,5760.5156,5856.4946,546.0
849,2013-10-19,6753.0,776.0,1.0,0.0,0,0.0,6.0,-0.9646356,0.26358718,-0.8660254,0.5,4,0,0,1,6636.0,1,5981.0,1,6229.0,1,7862.0,1,10550.0,1,0.0,1,7146.0,1,7714.0,6110.7095,6029.7183,655.0
849,2013-10-20,0.0,0.0,0.0,0.0,0,0.0,7.0,-0.9646356,0.26358718,-0.8660254,0.5,4,0,0,1,6753.0,1,6636.0,1,5435.0,1,7412.0,1,7825.0,1,8358.0,1,7017.0,1,7380.0,6367.6255,6190.4473,117.0
849,2013-10-21,9182.0,962.0,1.0,1.0,0,0.0,1.0,-0.9266896,0.37582758,-0.8660254,0.5,4,0,0,1,0.0,1,6753.0,1,5981.0,1,0.0,1,8139.0,1,7027.0,1,7861.0,1,9833.0,3820.5754,4814.7925,-6753.0
849,2013-10-22,6916.0,754.0,1.0,1.0,0,0.0,2.0,-0.9266896,0.37582758,-0.8660254,0.5,4,0,0,1,9182.0,1,0.0,1,6636.0,1,6713.0,1,7519.0,1,0.0,1,7635.0,1,7736.0,5965.145,5785.283,9182.0
849,2013-10-23,6890.0,844.0,1.0,1.0,0,0.0,3.0,-0.9266896,0.37582758,-0.8660254,0.5,4,0,0,1,6916.0,1,9182.0,1,6753.0,1,6229.0,1,7862.0,1,10550.0,1,0.0,1,0.0,6345.4873,6036.553,-2266.0
849,2013-10-24,6565.0,767.0,1.0,1.0,0,0.0,4.0,-0.9266896,0.37582758,-0.8660254,0.5,4,0,0,1,6890.0,1,6916.0,1,0.0,1,5435.0,1,7412.0,1,7825.0,1,7482.0,1,6765.0,6563.2925,6226.208,-26.0
849,2013-10-25,7858.0,879.0,1.0,1.0,0,0.0,5.0,-0.9266896,0.37582758,-0.8660254,0.5,4,0,0,1,6565.0,1,6890.0,1,9182.0,1,5981.0,1,0.0,1,8139.0,1,6805.0,1,5872.0,6563.9756,6301.495,-325.0
849,2013-10-26,6853.0,801.0,1.0,0.0,0,0.0,6.0,-0.9266896,0.37582758,-0.8660254,0.5,4,0,0,1,7858.0,1,6565.0,1,6916.0,1,6636.0,1,6713.0,1,7519.0,1,7041.0,1,5844.0,7081.5854,6647.3853,1293.0
849,2013-10-27,0.0,0.0,0.0,0.0,0,0.0,7.0,-0.9266896,0.37582758,-0.8660254,0.5,4,0,0,1,6853.0,1,7858.0,1,6890.0,1,6753.0,1,6229.0,1,7862.0,1,0.0,1,5582.0,6990.1514,6693.0776,-1005.0
849,2013-10-28,4855.0,699.0,1.0,0.0,0,0.0,1.0,-0.8757349,0.4827922,-0.8660254,0.5,4,0,0,1,0.0,1,6853.0,1,6565.0,1,0.0,1,5435.0,1,7412.0,1,8358.0,1,5980.0,4194.091,5205.727,-6853.0
849,2013-10-29,6276.0,716.0,1.0,0.0,0,0.0,2.0,-0.8757349,0.4827922,-0.8660254,0.5,4,0,0,1,4855.0,1,0.0,1,7858.0,1,9182.0,1,5981.0,1,0.0,1,7027.0,1,7089.0,4458.4546,5127.7876,4855.0
849,2013-10-30,6269.0,742.0,1.0,0.0,0,0.0,3.0,-0.8757349,0.4827922,-0.8660254,0.5,4,0,0,1,6276.0,1,4855.0,1,6853.0,1,6916.0,1,6636.0,1,6713.0,1,0.0,1,0.0,5185.4727,5382.946,1421.0
849,2013-10-31,7435.0,853.0,1.0,0.0,0,0.0,4.0,-0.8757349,0.4827922,-0.8660254,0.5,4,0,1,1,6269.0,1,6276.0,1,0.0,1,6890.0,1,6753.0,1,6229.0,1,10550.0,1,10760.0,5618.884,5579.8467,-7.0
849,2013-11-01,7419.0,848.0,1.0,0.0,0,0.0,5.0,-0.8757349,0.4827922,-0.5,0.8660254,4,1,0,1,7435.0,1,6269.0,1,4855.0,1,6565.0,1,0.0,1,5435.0,1,7825.0,1,8845.0,6345.33,5992.103,1166.0
849,2013-11-02,8772.0,947.0,1.0,0.0,0,0.0,6.0,-0.8757349,0.4827922,-0.5,0.8660254,4,0,0,1,7419.0,1,7435.0,1,6276.0,1,7858.0,1,9182.0,1,5981.0,1,8139.0,1,8342.0,6774.798,6309.1914,-16.0
849,2013-11-03,0.0,0.0,0.0,0.0,0,0.0,7.0,-0.8757349,0.4827922,-0.5,0.8660254,4,0,0,1,8772.0,1,7419.0,1,6269.0,1,6853.0,1,6916.0,1,6636.0,1,7519.0,1,7383.0,7573.6787,6856.482,1353.0
849,2013-11-04,9597.0,942.0,1.0,1.0,0,0.0,1.0,-0.8124869,0.5829795,-0.5,0.8660254,4,0,0,1,0.0,1,8772.0,1,7435.0,1,0.0,1,6890.0,1,6753.0,1,7862.0,1,8498.0,4544.2075,5332.8193,-8772.0
849,2013-11-05,8877.0,920.0,1.0,1.0,0,0.0,2.0,-0.8124869,0.5829795,-0.5,0.8660254,4,0,0,1,9597.0,1,0.0,1,7419.0,1,4855.0,1,6565.0,1,0.0,1,7412.0,1,6727.0,6565.324,6280.415,9597.0
849,2013-11-06,8722.0,920.0,1.0,1.0,0,0.0,3.0,-0.8124869,0.5829795,-0.5,0.8660254,4,0,0,1,8877.0,1,9597.0,1,8772.0,1,6276.0,1,7858.0,1,9182.0,1,0.0,1,0.0,7489.9946,6857.434,-720.0
849,2013-11-07,8112.0,907.0,1.0,1.0,0,0.0,4.0,-0.8124869,0.5829795,-0.5,0.8660254,4,0,0,1,8722.0,1,8877.0,1,0.0,1,6269.0,1,6853.0,1,6916.0,1,6713.0,1,6207.0,7982.797,7271.7817,-155.0
849,2013-11-08,8242.0,933.0,1.0,1.0,0,0.0,5.0,-0.8124869,0.5829795,-0.5,0.8660254,4,0,0,1,8112.0,1,8722.0,1,9597.0,1,7435.0,1,0.0,1,6890.0,1,6229.0,1,5206.0,8034.478,7458.497,-610.0
849,2013-11-09,7835.0,900.0,1.0,0.0,0,0.0,6.0,-0.8124869,0.5829795,-0.5,0.8660254,4,0,0,1,8242.0,1,8112.0,1,8877.0,1,7419.0,1,4855.0,1,6565.0,1,5435.0,1,5864.0,8117.487,7632.609,130.0
849,2013-11-10,0.0,0.0,0.0,0.0,0,0.0,7.0,-0.8124869,0.5829795,-0.5,0.8660254,4,0,0,1,7835.0,1,8242.0,1,8722.0,1,8772.0,1,6276.0,1,7858.0,1,5981.0,1,5393.0,8004.492,7677.5845,-407.0
849,2013-11-11,6402.0,780.0,1.0,0.0,0,0.0,1.0,-0.73783326,0.674983,-0.5,0.8660254,4,0,0,1,0.0,1,7835.0,1,8112.0,1,0.0,1,6269.0,1,6853.0,1,6636.0,1,5666.0,4802.6953,5971.4546,-7835.0
849,2013-11-12,6095.0,710.0,1.0,0.0,0,0.0,2.0,-0.73783326,0.674983,-0.5,0.8660254,4,0,0,1,6402.0,1,0.0,1,8242.0,1,9597.0,1,7435.0,1,0.0,1,6753.0,1,6532.0,5442.417,6067.1313,6402.0
849,2013-11-13,6263.0,753.0,1.0,0.0,0,0.0,3.0,-0.73783326,0.674983,-0.5,0.8660254,4,0,0,1,6095.0,1,6402.0,1,7835.0,1,8877.0,1,7419.0,1,4855.0,1,0.0,1,0.0,5703.45,6073.3247,-307.0
849,2013-11-14,5606.0,737.0,1.0,0.0,0,0.0,4.0,-0.73783326,0.674983,-0.5,0.8660254,4,0,0,1,6263.0,1,6095.0,1,0.0,1,8722.0,1,8772.0,1,6276.0,1,9182.0,1,8984.0,5927.27,6115.4746,168.0
849,2013-11-15,6968.0,832.0,1.0,0.0,0,0.0,5.0,-0.73783326,0.674983,-0.5,0.8660254,4,0,0,1,5606.0,1,6263.0,1,6402.0,1,8112.0,1,0.0,1,6269.0,1,6916.0,1,7496.0,5798.762,6002.258,-657.0
849,2013-11-16,8924.0,945.0,1.0,0.0,0,0.0,6.0,-0.73783326,0.674983,-0.5,0.8660254,4,0,0,1,6968.0,1,5606.0,1,6095.0,1,8242.0,1,9597.0,1,7435.0,1,6890.0,1,7146.0,6266.457,6216.867,1362.0
849,2013-11-17,0.0,0.0,0.0,0.0,0,0.0,7.0,-0.73783326,0.674983,-0.5,0.8660254,4,0,0,1,8924.0,1,6968.0,1,6263.0,1,7835.0,1,8877.0,1,7419.0,1,6565.0,1,7017.0,7329.474,6818.452,1956.0
849,2013-11-18,9877.0,1004.0,1.0,1.0,0,0.0,1.0,-0.65282214,0.75751126,-0.5,0.8660254,4,0,0,1,0.0,1,8924.0,1,5606.0,1,0.0,1,8722.0,1,8772.0,1,7858.0,1,7861.0,4397.6846,5303.2407,-8924.0
849,2013-11-19,9219.0,940.0,1.0,1.0,0,0.0,2.0,-0.65282214,0.75751126,-0.5,0.8660254,4,0,0,1,9877.0,1,0.0,1,6968.0,1,6402.0,1,8112.0,1,0.0,1,6853.0,1,7635.0,6589.4106,6319.632,9877.0
849,2013-11-20,8985.0,968.0,1.0,1.0,0,0.0,3.0,-0.65282214,0.75751126,-0.5,0.8660254,4,0,0,1,9219.0,1,9877.0,1,8924.0,1,6095.0,1,8242.0,1,9597.0,1,0.0,1,0.0,7641.2466,6963.9355,-658.0
849,2013-11-21,8055.0,905.0,1.0,1.0,0,0.0,4.0,-0.65282214,0.75751126,-0.5,0.8660254,4,0,0,1,8985.0,1,9219.0,1,0.0,1,6263.0,1,7835.0,1,8877.0,1,4855.0,1,7482.0,8178.748,7413.061,-234.0
849,2013-11-22,9101.0,957.0,1.0,1.0,0,0.0,5.0,-0.65282214,0.75751126,-0.5,0.8660254,4,0,0,1,8055.0,1,8985.0,1,9877.0,1,5606.0,1,0.0,1,8722.0,1,6276.0,1,6805.0,8129.2485,7555.7144,-930.0
849,2013-11-23,8902.0,993.0,1.0,0.0,0,0.0,6.0,-0.65282214,0.75751126,-0.5,0.8660254,4,0,0,1,9101.0,1,8055.0,1,9219.0,1,6968.0,1,6402.0,1,8112.0,1,6269.0,1,7041.0,8517.949,7899.111,1046.0
849,2013-11-24,0.0,0.0,0.0,0.0,0,0.0,7.0,-0.65282214,0.75751126,-0.5,0.8660254,4,0,0,1,8902.0,1,9101.0,1,8985.0,1,8924.0,1,6095.0,1,8242.0,1,7435.0,1,0.0,8671.569,8121.975,-199.0
849,2013-11-25,8665.0,952.0,1.0,0.0,0,0.0,1.0,-0.55864674,0.82940567,-0.5,0.8660254,4,0,0,1,0.0,1,8902.0,1,8055.0,1,0.0,1,6263.0,1,7835.0,1,7419.0,1,8358.0,5202.942,6317.092,-8902.0
849,2013-11-26,7290.0,822.0,1.0,0.0,0,0.0,2.0,-0.55864674,0.82940567,-0.5,0.8660254,4,0,0,1,8665.0,1,0.0,1,9101.0,1,9877.0,1,5606.0,1,0.0,1,8772.0,1,7027.0,6587.765,6838.849,8665.0
849,2013-11-27,8234.0,916.0,1.0,0.0,0,0.0,3.0,-0.55864674,0.82940567,-0.5,0.8660254,4,0,0,1,7290.0,1,8665.0,1,8902.0,1,9219.0,1,6968.0,1,6402.0,1,0.0,1,0.0,6868.659,6939.105,-1375.0
849,2013-11-28,7841.0,885.0,1.0,0.0,0,0.0,4.0,-0.55864674,0.82940567,-0.5,0.8660254,4,0,0,1,8234.0,1,7290.0,1,0.0,1,8985.0,1,8924.0,1,6095.0,1,9597.0,1,10550.0,7414.7954,7226.8594,944.0
849,2013-11-29,10933.0,1079.0,1.0,0.0,0,0.0,5.0,-0.55864674,0.82940567,-0.5,0.8660254,4,0,0,1,7841.0,1,8234.0,1,8665.0,1,8055.0,1,0.0,1,6263.0,1,8877.0,1,7825.0,7585.2773,7363.335,-393.0
849,2013-11-30,11822.0,1233.0,1.0,0.0,0,0.0,6.0,-0.55864674,0.82940567,-0.5,0.8660254,4,0,1,1,10933.0,1,7841.0,1,7290.0,1,9101.0,1,9877.0,1,5606.0,1,8722.0,1,8139.0,8924.366,8156.5938,3092.0
849,2013-12-01,0.0,0.0,0.0,0.0,0,0.0,7.0,-0.55864674,0.82940567,-2.4492937e-16,1.0,4,1,0,1,11822.0,1,10933.0,1,8234.0,1,8902.0,1,9219.0,1,6968.0,1,8112.0,1,7519.0,10083.42,8971.129,889.0
849,2013-12-02,12794.0,1240.0,1.0,1.0,0,0.0,1.0,-0.45662925,0.8896571,-2.4492937e-16,1.0,4,0,0,1,0.0,1,11822.0,1,7841.0,1,0.0,1,8985.0,1,8924.0,1,8242.0,1,7862.0,6050.052,6977.5444,-11822.0
849,2013-12-03,9979.0,1035.0,1.0,1.0,0,0.0,2.0,-0.45662925,0.8896571,-2.4492937e-16,1.0,4,0,0,1,12794.0,1,0.0,1,10933.0,1,8665.0,1,8055.0,1,0.0,1,7835.0,1,7412.0,8747.631,8270.09,12794.0
849,2013-12-04,10532.0,1070.0,1.0,1.0,0,0.0,3.0,-0.45662925,0.8896571,-2.4492937e-16,1.0,4,0,0,1,9979.0,1,12794.0,1,11822.0,1,7290.0,1,9101.0,1,9877.0,1,0.0,1,0.0,9240.179,8649.848,-2815.0
849,2013-12-05,9920.0,1000.0,1.0,1.0,0,0.0,4.0,-0.45662925,0.8896571,-2.4492937e-16,1.0,4,0,0,1,10532.0,1,9979.0,1,0.0,1,8234.0,1,8902.0,1,9219.0,1,6402.0,1,6713.0,9756.907,9068.104,553.0
849,2013-12-06,9353.0,1007.0,1.0,1.0,0,0.0,5.0,-0.45662925,0.8896571,-2.4492937e-16,1.0,4,0,0,1,9920.0,1,10532.0,1,12794.0,1,7841.0,1,0.0,1,8985.0,1,6095.0,1,6229.0,9822.145,9257.414,-612.0
849,2013-12-07,8010.0,954.0,1.0,0.0,0,0.0,6.0,-0.45662925,0.8896571,-2.4492937e-16,1.0,4,0,0,1,9353.0,1,9920.0,1,9979.0,1,10933.0,1,8665.0,1,8055.0,1,6263.0,1,5435.0,9634.486,9278.655,-567.0
849,2013-12-08,0.0,0.0,0.0,0.0,0,0.0,7.0,-0.45662925,0.8896571,-2.4492937e-16,1.0,4,0,0,1,8010.0,1,9353.0,1,10532.0,1,11822.0,1,7290.0,1,9101.0,1,5606.0,1,5981.0,8984.692,8996.732,-1343.0
849,2013-12-09,8166.0,909.0,1.0,0.0,0,0.0,1.0,-0.34820163,0.93741965,-2.4492937e-16,1.0,4,0,0,1,0.0,1,8010.0,1,9920.0,1,0.0,1,8234.0,1,8902.0,1,6968.0,1,6636.0,5390.815,6997.458,-8010.0
849,2013-12-10,7721.0,925.0,1.0,0.0,0,0.0,2.0,-0.34820163,0.93741965,-2.4492937e-16,1.0,4,0,0,1,8166.0,1,0.0,1,9353.0,1,12794.0,1,7841.0,1,0.0,1,8924.0,1,6753.0,6500.889,7257.1343,8166.0
849,2013-12-11,7564.0,907.0,1.0,0.0,0,0.0,3.0,-0.34820163,0.93741965,-2.4492937e-16,1.0,4,0,0,1,7721.0,1,8166.0,1,8010.0,1,9979.0,1,10933.0,1,8665.0,1,0.0,1,0.0,6988.9336,7360.2153,-445.0
849,2013-12-12,8506.0,925.0,1.0,0.0,0,0.0,4.0,-0.34820163,0.93741965,-2.4492937e-16,1.0,4,0,0,1,7564.0,1,7721.0,1,0.0,1,10532.0,1,11822.0,1,7290.0,1,9877.0,1,9182.0,7218.96,7405.501,-157.0
849,2013-12-13,8826.0,985.0,1.0,0.0,0,0.0,5.0,-0.34820163,0.93741965,-2.4492937e-16,1.0,4,0,0,1,8506.0,1,7564.0,1,8166.0,1,9920.0,1,0.0,1,8234.0,1,9219.0,1,6916.0,7733.776,7650.056,942.0
849,2013-12-14,10393.0,1099.0,1.0,0.0,0,0.0,6.0,-0.34820163,0.93741965,-2.4492937e-16,1.0,4,0,0,1,8826.0,1,8506.0,1,7721.0,1,9353.0,1,12794.0,1,7841.0,1,8985.0,1,6890.0,8170.6655,7911.377,320.0
849,2013-12-15,0.0,0.0,0.0,0.0,0,0.0,7.0,-0.34820163,0.93741965,-2.4492937e-16,1.0,4,0,0,1,10393.0,1,8826.0,1,7564.0,1,8010.0,1,9979.0,1,10933.0,1,8055.0,1,6565.0,9059.6,8462.849,1567.0
849,2013-12-16,15228.0,1351.0,1.0,1.0,0,0.0,1.0,-0.23488605,0.9720229,-2.4492937e-16,1.0,4,0,0,1,0.0,1,10393.0,1,8506.0,1,0.0,1,10532.0,1,11822.0,1,9101.0,1,7858.0,5435.76,6582.216,-10393.0
849,2013-12-17,13523.0,1209.0,1.0,1.0,0,0.0,2.0,-0.23488605,0.9720229,-2.4492937e-16,1.0,4,0,0,1,15228.0,1,0.0,1,8826.0,1,8166.0,1,9920.0,1,0.0,1,8902.0,1,6853.0,9352.656,8503.501,15228.0
849,2013-12-18,12318.0,1273.0,1.0,1.0,0,0.0,3.0,-0.23488605,0.9720229,-2.4492937e-16,1.0,4,0,0,1,13523.0,1,15228.0,1,10393.0,1,7721.0,1,9353.0,1,12794.0,1,0.0,1,0.0,11020.794,9618.945,-1705.0
849,2013-12-19,11946.0,1237.0,1.0,1.0,0,0.0,4.0,-0.23488605,0.9720229,-2.4492937e-16,1.0,4,0,0,1,12318.0,1,13523.0,1,0.0,1,7564.0,1,8010.0,1,9979.0,1,8665.0,1,4855.0,11539.676,10218.735,-1205.0
849,2013-12-20,13910.0,1354.0,1.0,1.0,0,0.0,5.0,-0.23488605,0.9720229,-2.4492937e-16,1.0,4,0,0,1,11946.0,1,12318.0,1,15228.0,1,8506.0,1,0.0,1,10532.0,1,7290.0,1,6276.0,11702.206,10602.572,-372.0
849,2013-12-21,12484.0,1328.0,1.0,0.0,0,0.0,6.0,-0.23488605,0.9720229,-2.4492937e-16,1.0,4,0,0,1,13910.0,1,11946.0,1,13523.0,1,8826.0,1,8166.0,1,9920.0,1,8234.0,1,6269.0,12585.323,11337.556,1964.0
849,2013-12-22,0.0,0.0,0.0,0.0,0,0.0,7.0,-0.23488605,0.9720229,-2.4492937e-16,1.0,4,0,0,1,12484.0,1,13910.0,1,12318.0,1,10393.0,1,7721.0,1,9353.0,1,7841.0,1,7435.0,12544.794,11592.321,-1426.0
849,2013-12-23,15674.0,1778.0,1.0,0.0,0,1.0,1.0,-0.11827317,0.9929811,-2.4492937e-16,1.0,4,0,0,1,0.0,1,12484.0,1,11946.0,1,0.0,1,7564.0,1,8010.0,1,10933.0,1,7419.0,7526.8765,9016.25,-12484.0
849,2013-12-24,5244.0,590.0,1.0,0.0,0,1.0,2.0,-0.11827317,0.9929811,-2.4492937e-16,1.0,4,0,0,1,15674.0,1,0.0,1,13910.0,1,15228.0,1,8506.0,1,0.0,1,11822.0,1,8772.0,10785.726,10495.75,15674.0
849,2013-12-25,0.0,0.0,0.0,0.0,3,1.0,3.0,-0.11827317,0.9929811,-2.4492937e-16,1.0,4,0,0,1,5244.0,1,15674.0,1,12484.0,1,13523.0,1,8826.0,1,8166.0,1,0.0,1,0.0,8569.035,9328.694,-10430.0
849,2013-12-26,0.0,0.0,0.0,0.0,3,1.0,4.0,-0.11827317,0.9929811,-2.4492937e-16,1.0,4,0,0,1,0.0,1,5244.0,1,0.0,1,12318.0,1,10393.0,1,7721.0,1,12794.0,1,9597.0,5141.4214,7255.6514,-5244.0
849,2013-12-27,8878.0,1060.0,1.0,0.0,0,1.0,5.0,-0.11827317,0.9929811,-2.4492937e-16,1.0,4,0,0,1,0.0,1,0.0,1,15674.0,1,11946.0,1,0.0,1,7564.0,1,9979.0,1,8877.0,3084.8528,5643.284,0.0
849,2013-12-28,9205.0,1048.0,1.0,0.0,0,1.0,6.0,-0.11827317,0.9929811,-2.4492937e-16,1.0,4,0,0,1,8878.0,1,0.0,1,5244.0,1,13910.0,1,15228.0,1,8506.0,1,10532.0,1,8722.0,5402.112,6362.11,8878.0
849,2013-12-29,0.0,0.0,0.0,0.0,0,1.0,7.0,-0.11827317,0.9929811,-2.4492937e-16,1.0,4,0,0,1,9205.0,1,8878.0,1,0.0,1,12484.0,1,13523.0,1,8826.0,1,9920.0,1,8112.0,6923.267,6993.8633,327.0
849,2013-12-30,10984.0,1266.0,1.0,0.0,0,1.0,1.0,0.11827317,0.9929811,-2.4492937e-16,1.0,4,0,0,1,0.0,1,9205.0,1,0.0,1,0.0,1,12318.0,1,10393.0,1,9353.0,1,8242.0,4153.96,5439.6714,-9205.0
849,2013-12-31,4715.0,573.0,1.0,0.0,0,1.0,2.0,0.11827317,0.9929811,-2.4492937e-16,1.0,4,0,1,1,10984.0,1,0.0,1,8878.0,1,15674.0,1,11946.0,1,0.0,1,8010.0,1,7835.0,6885.976,6671.7446,10984.0
849,2014-01-01,0.0,0.0,0.0,0.0,1,1.0,3.0,0.11827317,0.9929811,0.5,0.8660254,1,1,0,1,4715.0,1,10984.0,1,9205.0,1,5244.0,1,13910.0,1,15228.0,1,0.0,1,0.0,6017.5854,6236.9126,-6269.0
849,2014-01-02,7110.0,895.0,1.0,0.0,0,1.0,4.0,0.11827317,0.9929811,0.5,0.8660254,1,0,0,1,0.0,1,4715.0,1,0.0,1,0.0,1,12484.0,1,13523.0,1,8166.0,1,6402.0,3610.5515,4850.9316,-4715.0
849,2014-01-03,7679.0,896.0,1.0,0.0,0,1.0,5.0,0.11827317,0.9929811,0.5,0.8660254,1,0,0,1,7110.0,1,0.0,1,10984.0,1,0.0,1,0.0,1,12318.0,1,7721.0,1,6095.0,5010.331,5352.947,7110.0
849,2014-01-04,8373.0,979.0,1.0,0.0,0,0.0,6.0,0.11827317,0.9929811,0.5,0.8660254,1,0,0,1,7679.0,1,7110.0,1,4715.0,1,8878.0,1,15674.0,1,11946.0,1,7564.0,1,6263.0,6077.7983,5869.8477,569.0
849,2014-01-05,0.0,0.0,0.0,0.0,0,0.0,7.0,0.11827317,0.9929811,0.5,0.8660254,1,0,0,1,8373.0,1,7679.0,1,0.0,1,9205.0,1,5244.0,1,13910.0,1,8506.0,1,5606.0,6995.879,6426.1035,694.0
849,2014-01-06,11674.0,1124.0,1.0,1.0,0,0.0,1.0,0.23488605,0.9720229,0.5,0.8660254,1,0,0,1,0.0,1,8373.0,1,7110.0,1,0.0,1,0.0,1,12484.0,1,8826.0,1,6968.0,4197.5273,4998.0806,-8373.0
849,2014-01-07,8899.0,948.0,1.0,1.0,0,0.0,2.0,0.23488605,0.9720229,0.5,0.8660254,1,0,0,1,11674.0,1,0.0,1,7679.0,1,10984.0,1,0.0,1,0.0,1,10393.0,1,8924.0,7188.1167,6481.618,11674.0
849,2014-01-08,8807.0,912.0,1.0,1.0,0,0.0,3.0,0.23488605,0.9720229,0.5,0.8660254,1,0,0,1,8899.0,1,11674.0,1,8373.0,1,4715.0,1,8878.0,1,15674.0,1,0.0,1,0.0,7872.4697,7018.8145,-2775.0
849,2014-01-09,7407.0,828.0,1.0,1.0,0,0.0,4.0,0.23488605,0.9720229,0.5,0.8660254,1,0,0,1,8807.0,1,8899.0,1,0.0,1,0.0,1,9205.0,1,5244.0,1,15228.0,1,9877.0,8246.282,7416.189,-92.0
849,2014-01-10,9175.0,973.0,1.0,1.0,0,0.0,5.0,0.23488605,0.9720229,0.5,0.8660254,1,0,0,1,7407.0,1,8807.0,1,11674.0,1,7110.0,1,0.0,1,0.0,1,13523.0,1,9219.0,7910.5693,7414.147,-1400.0
849,2014-01-11,8717.0,920.0,1.0,0.0,0,0.0,6.0,0.23488605,0.9720229,0.5,0.8660254,1,0,0,1,9175.0,1,7407.0,1,8899.0,1,7679.0,1,10984.0,1,0.0,1,12318.0,1,8985.0,8416.342,7805.4478,1768.0
849,2014-01-12,0.0,0.0,0.0,0.0,0,0.0,7.0,0.23488605,0.9720229,0.5,0.8660254,1,0,0,1,8717.0,1,9175.0,1,8807.0,1,8373.0,1,4715.0,1,8878.0,1,11946.0,1,8055.0,8536.6045,8008.0146,-458.0
849,2014-01-13,6385.0,773.0,1.0,0.0,0,0.0,1.0,0.34820163,0.93741965,0.5,0.8660254,1,0,0,1,0.0,1,8717.0,1,7407.0,1,0.0,1,0.0,1,9205.0,1,13910.0,1,9101.0,5121.963,6228.456,-8717.0
849,2014-01-14,6571.0,790.0,1.0,0.0,0,0.0,2.0,0.34820163,0.93741965,0.5,0.8660254,1,0,0,1,6385.0,1,0.0,1,9175.0,1,11674.0,1,7110.0,1,0.0,1,12484.0,1,8902.0,5627.1777,6263.2437,6385.0
849,2014-01-15,6113.0,746.0,1.0,0.0,0,0.0,3.0,0.34820163,0.93741965,0.5,0.8660254,1,0,0,1,6571.0,1,6385.0,1,8717.0,1,8899.0,1,7679.0,1,10984.0,1,0.0,1,0.0,6004.7065,6331.634,186.0
849,2014-01-16,5796.0,757.0,1.0,0.0,0,0.0,4.0,0.34820163,0.93741965,0.5,0.8660254,1,0,0,1,6113.0,1,6571.0,1,0.0,1,8807.0,1,8373.0,1,4715.0,1,15674.0,1,8665.0,6048.024,6283.0483,-458.0
849,2014-01-17,6969.0,831.0,1.0,0.0,0,0.0,5.0,0.34820163,0.93741965,0.5,0.8660254,1,0,0,1,5796.0,1,6113.0,1,6385.0,1,7407.0,1,0.0,1,0.0,1,5244.0,1,7290.0,5947.2144,6174.8154,-317.0
849,2014-01-18,8953.0,981.0,1.0,0.0,0,0.0,6.0,0.34820163,0.93741965,0.5,0.8660254,1,0,0,1,6969.0,1,5796.0,1,6571.0,1,9175.0,1,11674.0,1,7110.0,1,0.0,1,8234.0,6355.9287,6351.301,1173.0
849,2014-01-19,0.0,0.0,0.0,0.0,0,0.0,7.0,0.34820163,0.93741965,0.5,0.8660254,1,0,0,1,8953.0,1,6969.0,1,6113.0,1,8717.0,1,8899.0,1,7679.0,1,0.0,1,7841.0,7394.7573,6929.4565,1984.0
849,2014-01-20,11167.0,1080.0,1.0,1.0,0,0.0,1.0,0.45662925,0.8896571,0.5,0.8660254,1,0,0,1,0.0,1,8953.0,1,5796.0,1,0.0,1,8807.0,1,8373.0,1,8878.0,1,10933.0,4436.8545,5389.577,-8953.0
849,2014-01-21,8952.0,920.0,1.0,1.0,0,0.0,2.0,0.45662925,0.8896571,0.5,0.8660254,1,0,0,1,11167.0,1,0.0,1,6969.0,1,6385.0,1,7407.0,1,0.0,1,9205.0,1,11822.0,7128.9126,6673.4487,11167.0
849,2014-01-22,8306.0,887.0,1.0,1.0,0,0.0,3.0,0.45662925,0.8896571,0.5,0.8660254,1,0,0,1,8952.0,1,11167.0,1,8953.0,1,6571.0,1,9175.0,1,11674.0,1,0.0,1,0.0,7858.1475,7179.7935,-2215.0
849,2014-01-23,7861.0,859.0,1.0,1.0,0,0.0,4.0,0.45662925,0.8896571,0.5,0.8660254,1,0,0,1,8306.0,1,8952.0,1,0.0,1,6113.0,1,8717.0,1,8899.0,1,10984.0,1,12794.0,8037.2886,7430.0615,-646.0
849,2014-01-24,8057.0,880.0,1.0,1.0,0,0.0,5.0,0.45662925,0.8896571,0.5,0.8660254,1,0,0,1,7861.0,1,8306.0,1,11167.0,1,5796.0,1,0.0,1,8807.0,1,4715.0,1,9979.0,7966.773,7525.8257,-445.0
849,2014-01-25,7849.0,862.0,1.0,0.0,0,0.0,6.0,0.45662925,0.8896571,0.5,0.8660254,1,0,0,1,8057.0,1,7861.0,1,8952.0,1,6969.0,1,6385.0,1,7407.0,1,0.0,1,10532.0,8002.864,7643.8643,196.0
849,2014-01-26,0.0,0.0,0.0,0.0,0,0.0,7.0,0.45662925,0.8896571,0.5,0.8660254,1,0,0,1,7849.0,1,8057.0,1,8306.0,1,8953.0,1,6571.0,1,9175.0,1,7110.0,1,9920.0,7941.3184,7689.45,-208.0
849,2014-01-27,5600.0,755.0,1.0,0.0,0,0.0,1.0,0.55864674,0.82940567,0.5,0.8660254,1,0,0,1,0.0,1,7849.0,1,7861.0,1,0.0,1,6113.0,1,8717.0,1,7679.0,1,9353.0,4764.791,5980.6836,-7849.0
849,2014-01-28,6159.0,740.0,1.0,0.0,0,0.0,2.0,0.55864674,0.82940567,0.5,0.8660254,1,0,0,1,5600.0,1,0.0,1,8057.0,1,11167.0,1,5796.0,1,0.0,1,8373.0,1,8010.0,5098.8745,5896.087,5600.0
849,2014-01-29,6567.0,771.0,1.0,0.0,0,0.0,3.0,0.55864674,0.82940567,0.5,0.8660254,1,0,0,1,6159.0,1,5600.0,1,7849.0,1,8952.0,1,6969.0,1,6385.0,1,0.0,1,0.0,5522.925,5954.512,559.0
849,2014-01-30,7063.0,821.0,1.0,0.0,0,1.0,4.0,0.55864674,0.82940567,0.5,0.8660254,1,0,0,1,6567.0,1,6159.0,1,0.0,1,8306.0,1,8953.0,1,6571.0,1,11674.0,1,8166.0,5940.5547,6090.6206,408.0
849,2014-01-31,8887.0,952.0,1.0,0.0,0,1.0,5.0,0.55864674,0.82940567,0.5,0.8660254,1,0,1,1,7063.0,1,6567.0,1,5600.0,1,7861.0,1,0.0,1,6113.0,1,8899.0,1,7721.0,6389.5327,6306.705,496.0
849,2014-02-01,9582.0,985.0,1.0,0.0,0,0.0,6.0,0.55864674,0.82940567,0.8660254,0.5,1,1,0,1,8887.0,1,7063.0,1,6159.0,1,8057.0,1,11167.0,1,5796.0,1,8807.0,1,7564.0,7388.5195,6880.104,1824.0
849,2014-02-02,0.0,0.0,0.0,0.0,0,0.0,7.0,0.55864674,0.82940567,0.8660254,0.5,1,0,0,1,9582.0,1,8887.0,1,6567.0,1,7849.0,1,8952.0,1,6969.0,1,7407.0,1,8506.0,8265.912,7480.5254,695.0
849,2014-02-03,12327.0,1152.0,1.0,1.0,0,0.0,1.0,0.65282214,0.75751126,0.8660254,0.5,1,0,0,1,0.0,1,9582.0,1,7063.0,1,0.0,1,8306.0,1,8953.0,1,9175.0,1,8826.0,4959.547,5818.186,-9582.0
849,2014-02-04,9817.0,1026.0,1.0,1.0,0,0.0,2.0,0.65282214,0.75751126,0.8660254,0.5,1,0,0,1,12327.0,1,0.0,1,8887.0,1,5600.0,1,7861.0,1,0.0,1,8717.0,1,10393.0,7906.5283,7264.5894,12327.0
849,2014-02-05,8557.0,942.0,1.0,1.0,0,0.0,3.0,0.65282214,0.75751126,0.8660254,0.5,1,0,0,1,9817.0,1,12327.0,1,9582.0,1,6159.0,1,8057.0,1,11167.0,1,0.0,1,0.0,8670.717,7831.7915,-2510.0
849,2014-02-06,8625.0,902.0,1.0,1.0,0,0.0,4.0,0.65282214,0.75751126,0.8660254,0.5,1,0,0,1,8557.0,1,9817.0,1,0.0,1,6567.0,1,7849.0,1,8952.0,1,6385.0,1,15228.0,8625.23,7992.949,-1260.0
849,2014-02-07,9388.0,939.0,1.0,1.0,0,0.0,5.0,0.65282214,0.75751126,0.8660254,0.5,1,0,0,1,8625.0,1,8557.0,1,12327.0,1,7063.0,1,0.0,1,8306.0,1,6571.0,1,13523.0,8625.138,8133.405,68.0
849,2014-02-08,9063.0,1027.0,1.0,0.0,0,0.0,6.0,0.65282214,0.75751126,0.8660254,0.5,1,0,0,1,9388.0,1,8625.0,1,9817.0,1,8887.0,1,5600.0,1,7861.0,1,6113.0,1,12318.0,8930.283,8412.204,763.0
849,2014-02-09,0.0,0.0,0.0,0.0,0,0.0,7.0,0.65282214,0.75751126,0.8660254,0.5,1,0,0,1,9063.0,1,9388.0,1,8557.0,1,9582.0,1,6159.0,1,8057.0,1,5796.0,1,11946.0,8983.37,8556.825,-325.0
849,2014-02-10,6633.0,844.0,1.0,0.0,0,0.0,1.0,0.73783326,0.674983,0.8660254,0.5,1,0,0,1,0.0,1,9063.0,1,8625.0,1,0.0,1,6567.0,1,7849.0,1,6969.0,1,13910.0,5390.022,6655.3086,-9063.0
849,2014-02-11,6233.0,777.0,1.0,0.0,0,0.0,2.0,0.73783326,0.674983,0.8660254,0.5,1,0,0,1,6633.0,1,0.0,1,9388.0,1,12327.0,1,7063.0,1,0.0,1,8953.0,1,12484.0,5887.213,6650.351,6633.0
849,2014-02-12,6610.0,823.0,1.0,0.0,0,0.0,3.0,0.73783326,0.674983,0.8660254,0.5,1,0,0,1,6233.0,1,6633.0,1,9063.0,1,9817.0,1,8887.0,1,5600.0,1,0.0,1,0.0,6025.528,6557.6064,-400.0
849,2014-02-13,6855.0,828.0,1.0,0.0,0,0.0,4.0,0.73783326,0.674983,0.8660254,0.5,1,0,0,1,6610.0,1,6233.0,1,0.0,1,8557.0,1,9582.0,1,6159.0,1,11167.0,1,15674.0,6259.317,6569.2495,377.0
849,2014-02-14,7835.0,903.0,1.0,0.0,0,0.0,5.0,0.73783326,0.674983,0.8660254,0.5,1,0,0,1,6855.0,1,6610.0,1,6633.0,1,8625.0,1,0.0,1,6567.0,1,8952.0,1,5244.0,6497.59,6632.7495,245.0
849,2014-02-15,8138.0,924.0,1.0,0.0,0,0.0,6.0,0.73783326,0.674983,0.8660254,0.5,1,0,0,1,7835.0,1,6855.0,1,6233.0,1,9388.0,1,12327.0,1,7063.0,1,8306.0,1,0.0,7032.554,6899.9165,980.0
849,2014-02-16,0.0,0.0,0.0,0.0,0,0.0,7.0,0.73783326,0.674983,0.8660254,0.5,1,0,0,1,8138.0,1,7835.0,1,6610.0,1,9063.0,1,9817.0,1,8887.0,1,7861.0,1,0.0,7474.7324,7175.046,303.0
849,2014-02-17,11416.0,1098.0,1.0,1.0,0,0.0,1.0,0.8124869,0.5829795,0.8660254,0.5,1,0,0,1,0.0,1,8138.0,1,6855.0,1,0.0,1,8557.0,1,9582.0,1,8057.0,1,8878.0,4484.8394,5580.5913,-8138.0
849,2014-02-18,8653.0,921.0,1.0,1.0,0,0.0,2.0,0.8124869,0.5829795,0.8660254,0.5,1,0,0,1,11416.0,1,0.0,1,7835.0,1,6633.0,1,8625.0,1,0.0,1,7849.0,1,9205.0,7257.3037,6877.3486,11416.0
849,2014-02-19,8351.0,946.0,1.0,1.0,0,0.0,3.0,0.8124869,0.5829795,0.8660254,0.5,1,0,0,1,8653.0,1,11416.0,1,8138.0,1,6233.0,1,9388.0,1,12327.0,1,0.0,1,0.0,7815.582,7271.938,-2763.0
849,2014-02-20,7462.0,826.0,1.0,1.0,0,0.0,4.0,0.8124869,0.5829795,0.8660254,0.5,1,0,0,1,8351.0,1,8653.0,1,0.0,1,6610.0,1,9063.0,1,9817.0,1,5600.0,1,10984.0,8029.7495,7511.7295,-302.0
849,2014-02-21,8676.0,947.0,1.0,1.0,0,0.0,5.0,0.8124869,0.5829795,0.8660254,0.5,1,0,0,1,7462.0,1,8351.0,1,11416.0,1,6855.0,1,0.0,1,8557.0,1,6159.0,1,4715.0,7802.6494,7500.6787,-889.0
849,2014-02-22,7315.0,866.0,1.0,0.0,0,0.0,6.0,0.8124869,0.5829795,0.8660254,0.5,1,0,0,1,8676.0,1,7462.0,1,8653.0,1,7835.0,1,6633.0,1,8625.0,1,6567.0,1,0.0,8151.9897,7761.861,1214.0
849,2014-02-23,0.0,0.0,0.0,0.0,0,0.0,7.0,0.8124869,0.5829795,0.8660254,0.5,1,0,0,1,7315.0,1,8676.0,1,8351.0,1,8138.0,1,6233.0,1,9388.0,1,7063.0,1,7110.0,7817.194,7662.5586,-1361.0
849,2014-02-24,5671.0,754.0,1.0,0.0,0,0.0,1.0,0.8757349,0.4827922,0.8660254,0.5,1,0,0,1,0.0,1,7315.0,1,7462.0,1,0.0,1,6610.0,1,9063.0,1,8887.0,1,7679.0,4690.3164,5959.7676,-7315.0
849,2014-02-25,5533.0,718.0,1.0,0.0,0,0.0,2.0,0.8757349,0.4827922,0.8660254,0.5,1,0,0,1,5671.0,1,0.0,1,8676.0,1,11416.0,1,6855.0,1,0.0,1,9582.0,1,8373.0,5082.59,5895.597,5671.0
849,2014-02-26,6060.0,760.0,1.0,0.0,0,0.0,3.0,0.8757349,0.4827922,0.8660254,0.5,1,0,0,1,5533.0,1,5671.0,1,7315.0,1,8653.0,1,7835.0,1,6633.0,1,0.0,1,0.0,5262.754,5815.02,-138.0
849,2014-02-27,6187.0,779.0,1.0,0.0,0,0.0,4.0,0.8757349,0.4827922,0.8660254,0.5,1,0,0,1,6060.0,1,5533.0,1,0.0,1,8351.0,1,8138.0,1,6233.0,1,12327.0,1,11674.0,5581.6523,5869.46,527.0
849,2014-02-28,8457.0,996.0,1.0,0.0,0,0.0,5.0,0.8757349,0.4827922,0.8660254,0.5,1,0,1,1,6187.0,1,6060.0,1,5671.0,1,7462.0,1,0.0,1,6610.0,1,9817.0,1,8899.0,5823.7915,5940.0244,127.0
849,2014-03-01,8079.0,900.0,1.0,0.0,0,0.0,6.0,0.8757349,0.4827922,1.0,6.123234e-17,1,1,0,1,8457.0,1,6187.0,1,5533.0,1,8676.0,1,11416.0,1,6855.0,1,8557.0,1,8807.0,6877.0747,6499.3525,2270.0
849,2014-03-02,0.0,0.0,0.0,0.0,0,0.0,7.0,0.8757349,0.4827922,1.0,6.123234e-17,1,0,0,1,8079.0,1,8457.0,1,6060.0,1,7315.0,1,8653.0,1,7835.0,1,8625.0,1,7407.0,7357.8447,6850.3853,-378.0
849,2014-03-03,11498.0,1111.0,1.0,1.0,0,0.0,1.0,0.9266896,0.37582758,1.0,6.123234e-17,1,0,0,1,0.0,1,8079.0,1,6187.0,1,0.0,1,8351.0,1,8138.0,1,9388.0,1,9175.0,4414.707,5328.077,-8079.0
849,2014-03-04,9028.0,942.0,1.0,1.0,0,0.0,2.0,0.9266896,0.37582758,1.0,6.123234e-17,1,0,0,1,11498.0,1,0.0,1,8457.0,1,5671.0,1,7462.0,1,0.0,1,9063.0,1,8717.0,7248.024,6699.1714,11498.0
849,2014-03-05,7982.0,930.0,1.0,1.0,0,0.0,3.0,0.9266896,0.37582758,1.0,6.123234e-17,1,0,0,1,9028.0,1,11498.0,1,8079.0,1,5533.0,1,8676.0,1,11416.0,1,0.0,1,0.0,7960.0146,7216.689,-2470.0
849,2014-03-06,7631.0,875.0,1.0,1.0,0,0.0,4.0,0.9266896,0.37582758,1.0,6.123234e-17,1,0,0,1,7982.0,1,9028.0,1,0.0,1,6060.0,1,7315.0,1,8653.0,1,6633.0,1,6385.0,7968.8086,7386.758,-1046.0
849,2014-03-07,8794.0,941.0,1.0,1.0,0,0.0,5.0,0.9266896,0.37582758,1.0,6.123234e-17,1,0,0,1,7631.0,1,7982.0,1,11498.0,1,6187.0,1,0.0,1,8351.0,1,6233.0,1,6571.0,7833.685,7441.034,-351.0
849,2014-03-08,7504.0,808.0,1.0,0.0,0,0.0,6.0,0.9266896,0.37582758,1.0,6.123234e-17,1,0,0,1,8794.0,1,7631.0,1,9028.0,1,8457.0,1,5671.0,1,7462.0,1,6610.0,1,6113.0,8217.812,7741.693,1163.0
849,2014-03-09,0.0,0.0,0.0,0.0,0,0.0,7.0,0.9266896,0.37582758,1.0,6.123234e-17,1,0,0,1,7504.0,1,8794.0,1,7982.0,1,8079.0,1,5533.0,1,8676.0,1,6855.0,1,5796.0,7932.2866,7688.8726,-1290.0
849,2014-03-10,5648.0,730.0,1.0,0.0,0,0.0,1.0,0.9646356,0.26358718,1.0,6.123234e-17,1,0,0,1,0.0,1,7504.0,1,7631.0,1,0.0,1,6060.0,1,7315.0,1,7835.0,1,6969.0,4759.372,5980.234,-7504.0
849,2014-03-11,5690.0,693.0,1.0,0.0,0,0.0,2.0,0.9646356,0.26358718,1.0,6.123234e-17,1,0,0,1,5648.0,1,0.0,1,8794.0,1,11498.0,1,6187.0,1,0.0,1,8138.0,1,8953.0,5114.823,5906.4043,5648.0
849,2014-03-12,6441.0,756.0,1.0,0.0,0,0.0,3.0,0.9646356,0.26358718,1.0,6.123234e-17,1,0,0,1,5690.0,1,5648.0,1,7504.0,1,9028.0,1,8457.0,1,5671.0,1,0.0,1,0.0,5344.894,5858.3145,42.0
849,2014-03-13,6288.0,739.0,1.0,0.0,0,0.0,4.0,0.9646356,0.26358718,1.0,6.123234e-17,1,0,0,1,6441.0,1,5690.0,1,0.0,1,7982.0,1,8079.0,1,5533.0,1,11416.0,1,11167.0,5783.3364,5987.8003,751.0
849,2014-03-14,7620.0,850.0,1.0,0.0,0,0.0,5.0,0.9646356,0.26358718,1.0,6.123234e-17,1,0,0,1,6288.0,1,6441.0,1,5648.0,1,7631.0,1,0.0,1,6060.0,1,8653.0,1,8952.0,5985.2017,6054.511,-153.0
849,2014-03-15,7635.0,871.0,1.0,0.0,0,0.0,6.0,0.9646356,0.26358718,1.0,6.123234e-17,1,0,0,1,7620.0,1,6288.0,1,5690.0,1,8794.0,1,11498.0,1,6187.0,1,8351.0,1,8306.0,6639.121,6402.3975,1332.0
849,2014-03-16,0.0,0.0,0.0,0.0,0,0.0,7.0,0.9646356,0.26358718,1.0,6.123234e-17,1,0,0,1,7635.0,1,7620.0,1,6441.0,1,7504.0,1,9028.0,1,8457.0,1,7462.0,1,7861.0,7037.4727,6676.309,15.0
849,2014-03-17,9538.0,1001.0,1.0,1.0,0,0.0,1.0,0.9890402,0.14764656,1.0,6.123234e-17,1,0,0,1,0.0,1,7635.0,1,6288.0,1,0.0,1,7982.0,1,8079.0,1,8676.0,1,8057.0,4222.4834,5192.685,-7635.0
849,2014-03-18,8203.0,897.0,1.0,1.0,0,0.0,2.0,0.9890402,0.14764656,1.0,6.123234e-17,1,0,0,1,9538.0,1,0.0,1,7620.0,1,5648.0,1,7631.0,1,0.0,1,7315.0,1,7849.0,6348.69,6158.3105,9538.0
849,2014-03-19,8388.0,943.0,1.0,1.0,0,0.0,3.0,0.9890402,0.14764656,1.0,6.123234e-17,1,0,0,1,8203.0,1,9538.0,1,7635.0,1,5690.0,1,8794.0,1,11498.0,1,0.0,1,0.0,7090.414,6612.686,-1335.0
849,2014-03-20,6579.0,764.0,1.0,1.0,0,0.0,4.0,0.9890402,0.14764656,1.0,6.123234e-17,1,0,0,1,8388.0,1,8203.0,1,0.0,1,6441.0,1,7504.0,1,9028.0,1,5671.0,1,5600.0,7609.448,7007.2,185.0
849,2014-03-21,8907.0,911.0,1.0,1.0,0,0.0,5.0,0.9890402,0.14764656,1.0,6.123234e-17,1,0,0,1,6579.0,1,8388.0,1,9538.0,1,6288.0,1,0.0,1,7982.0,1,5533.0,1,6159.0,7197.269,6912.0444,-1809.0
849,2014-03-22,8495.0,956.0,1.0,0.0,0,0.0,6.0,0.9890402,0.14764656,1.0,6.123234e-17,1,0,0,1,8907.0,1,6579.0,1,8203.0,1,7620.0,1,5648.0,1,7631.0,1,6060.0,1,6567.0,7881.1616,7355.368,2328.0
849,2014-03-23,0.0,0.0,0.0,0.0,0,0.0,7.0,0.9890402,0.14764656,1.0,6.123234e-17,1,0,0,1,8495.0,1,8907.0,1,8388.0,1,7635.0,1,5690.0,1,8794.0,1,6187.0,1,7063.0,8126.697,7608.6196,-412.0
849,2014-03-24,6914.0,823.0,1.0,0.0,0,0.0,1.0,0.99956083,0.029633328,1.0,6.123234e-17,1,0,0,1,0.0,1,8495.0,1,6579.0,1,0.0,1,6441.0,1,7504.0,1,8457.0,1,8887.0,4876.018,5917.8154,-8495.0
849,2014-03-25,6164.0,775.0,1.0,0.0,0,0.0,2.0,0.99956083,0.029633328,1.0,6.123234e-17,1,0,0,1,6914.0,1,0.0,1,8907.0,1,9538.0,1,6288.0,1,0.0,1,8079.0,1,9582.0,5691.211,6139.1895,6914.0
849,2014-03-26,6329.0,743.0,1.0,0.0,0,0.0,3.0,0.99956083,0.029633328,1.0,6.123234e-17,1,0,0,1,6164.0,1,6914.0,1,8495.0,1,8203.0,1,7620.0,1,5648.0,1,0.0,1,0.0,5880.3267,6144.703,-750.0
849,2014-03-27,7319.0,827.0,1.0,0.0,0,0.0,4.0,0.99956083,0.029633328,1.0,6.123234e-17,1,0,0,1,6329.0,1,6164.0,1,0.0,1,8388.0,1,7635.0,1,5690.0,1,11498.0,1,12327.0,6059.796,6185.6577,165.0
849,2014-03-28,6465.0,793.0,1.0,0.0,0,0.0,5.0,0.99956083,0.029633328,1.0,6.123234e-17,1,0,0,1,7319.0,1,6329.0,1,6914.0,1,6579.0,1,0.0,1,6441.0,1,9028.0,1,9817.0,6563.4775,6437.5117,990.0
849,2014-03-29,8042.0,842.0,1.0,0.0,0,0.0,6.0,0.99956083,0.029633328,1.0,6.123234e-17,1,0,0,1,6465.0,1,7319.0,1,6164.0,1,8907.0,1,9538.0,1,6288.0,1,7982.0,1,8557.0,6524.0864,6443.62,-854.0
849,2014-03-30,0.0,0.0,0.0,0.0,0,0.0,7.0,0.99956083,0.029633328,1.0,6.123234e-17,1,0,0,1,8042.0,1,6465.0,1,6329.0,1,8495.0,1,8203.0,1,7620.0,1,7631.0,1,8625.0,7131.252,6798.816,1577.0
849,2014-03-31,11706.0,1117.0,1.0,1.0,0,0.0,1.0,0.9960498,-0.08879589,1.0,6.123234e-17,1,0,1,1,0.0,1,8042.0,1,7319.0,1,0.0,1,8388.0,1,7635.0,1,8794.0,1,9388.0,4278.751,5287.968,-8042.0
849,2014-04-01,9965.0,971.0,1.0,1.0,0,0.0,2.0,0.9960498,-0.08879589,0.8660254,-0.5,2,1,0,1,11706.0,1,0.0,1,6465.0,1,6914.0,1,6579.0,1,0.0,1,7504.0,1,9063.0,7249.651,6714.1973,11706.0
849,2014-04-02,9076.0,914.0,1.0,1.0,0,0.0,3.0,0.9960498,-0.08879589,0.8660254,-0.5,2,0,0,1,9965.0,1,11706.0,1,8042.0,1,6164.0,1,8907.0,1,9538.0,1,0.0,1,0.0,8335.79,7436.5977,-1741.0
849,2014-04-03,8053.0,849.0,1.0,1.0,0,1.0,4.0,0.9960498,-0.08879589,0.8660254,-0.5,2,0,0,1,9076.0,1,9965.0,1,0.0,1,6329.0,1,8495.0,1,8203.0,1,5648.0,1,6633.0,8631.874,7800.909,-889.0
849,2014-04-04,9841.0,961.0,1.0,1.0,0,1.0,5.0,0.9960498,-0.08879589,0.8660254,-0.5,2,0,0,1,8053.0,1,9076.0,1,11706.0,1,7319.0,1,0.0,1,8388.0,1,5690.0,1,6233.0,8400.324,7856.9297,-1023.0
849,2014-04-05,8071.0,890.0,1.0,0.0,0,1.0,6.0,0.9960498,-0.08879589,0.8660254,-0.5,2,0,0,1,9841.0,1,8053.0,1,9965.0,1,6465.0,1,6914.0,1,6579.0,1,6441.0,1,6610.0,8976.595,8297.834,1788.0
849,2014-04-06,0.0,0.0,0.0,0.0,0,1.0,7.0,0.9960498,-0.08879589,0.8660254,-0.5,2,0,0,1,8071.0,1,9841.0,1,9076.0,1,8042.0,1,6164.0,1,8907.0,1,6288.0,1,6855.0,8614.356,8247.427,-1770.0
849,2014-04-07,7064.0,802.0,1.0,0.0,0,1.0,1.0,0.9785565,-0.20597862,0.8660254,-0.5,2,0,0,1,0.0,1,8071.0,1,8053.0,1,0.0,1,6329.0,1,8495.0,1,7620.0,1,7835.0,5168.6143,6414.665,-8071.0
849,2014-04-08,6530.0,786.0,1.0,0.0,0,1.0,2.0,0.9785565,-0.20597862,0.8660254,-0.5,2,0,0,1,7064.0,1,0.0,1,9841.0,1,11706.0,1,7319.0,1,0.0,1,7635.0,1,8138.0,5926.7686,6558.962,7064.0
849,2014-04-09,6764.0,778.0,1.0,0.0,0,1.0,3.0,0.9785565,-0.20597862,0.8660254,-0.5,2,0,0,1,6530.0,1,7064.0,1,8071.0,1,9965.0,1,6465.0,1,6914.0,1,0.0,1,0.0,6168.061,6552.526,-534.0
849,2014-04-10,6660.0,778.0,1.0,0.0,0,1.0,4.0,0.9785565,-0.20597862,0.8660254,-0.5,2,0,0,1,6764.0,1,6530.0,1,0.0,1,9076.0,1,8042.0,1,6164.0,1,9538.0,1,11416.0,6406.4365,6599.52,234.0
849,2014-04-11,6964.0,839.0,1.0,0.0,0,1.0,5.0,0.9785565,-0.20597862,0.8660254,-0.5,2,0,0,1,6660.0,1,6764.0,1,7064.0,1,8053.0,1,0.0,1,6329.0,1,8203.0,1,8653.0,6507.862,6612.96,-104.0
849,2014-04-12,7759.0,871.0,1.0,0.0,0,1.0,6.0,0.9785565,-0.20597862,0.8660254,-0.5,2,0,0,1,6964.0,1,6660.0,1,6530.0,1,9841.0,1,11706.0,1,7319.0,1,8388.0,1,8351.0,6690.3174,6690.9688,304.0
849,2014-04-13,0.0,0.0,0.0,0.0,0,1.0,7.0,0.9785565,-0.20597862,0.8660254,-0.5,2,0,0,1,7759.0,1,6964.0,1,6764.0,1,8071.0,1,9965.0,1,6465.0,1,6579.0,1,7462.0,7117.7905,6928.309,795.0
849,2014-04-14,11506.0,1126.0,1.0,1.0,0,1.0,1.0,0.94732636,-0.32026985,0.8660254,-0.5,2,0,0,1,0.0,1,7759.0,1,6660.0,1,0.0,1,9076.0,1,8042.0,1,8907.0,1,8676.0,4270.6743,5388.685,-7759.0
849,2014-04-15,10216.0,1028.0,1.0,1.0,0,1.0,2.0,0.94732636,-0.32026985,0.8660254,-0.5,2,0,0,1,11506.0,1,0.0,1,6964.0,1,7064.0,1,8053.0,1,0.0,1,8495.0,1,7315.0,7164.8047,6748.0884,11506.0
849,2014-04-16,8891.0,953.0,1.0,1.0,0,1.0,3.0,0.94732636,-0.32026985,0.8660254,-0.5,2,0,0,1,10216.0,1,11506.0,1,7759.0,1,6530.0,1,9841.0,1,11706.0,1,0.0,1,0.0,8385.282,7518.7354,-1290.0
849,2014-04-17,10860.0,1205.0,1.0,1.0,0,1.0,4.0,0.94732636,-0.32026985,0.8660254,-0.5,2,0,0,1,8891.0,1,10216.0,1,0.0,1,6764.0,1,8071.0,1,9965.0,1,6914.0,1,5671.0,8587.569,7823.683,-1325.0
849,2014-04-18,0.0,0.0,0.0,1.0,2,1.0,5.0,0.94732636,-0.32026985,0.8660254,-0.5,2,0,0,1,10860.0,1,8891.0,1,11506.0,1,6660.0,1,0.0,1,9076.0,1,6164.0,1,5533.0,9496.542,8498.42,1969.0
849,2014-04-19,8972.0,1043.0,1.0,0.0,0,1.0,6.0,0.94732636,-0.32026985,0.8660254,-0.5,2,0,0,1,0.0,1,10860.0,1,10216.0,1,6964.0,1,7064.0,1,8053.0,1,6329.0,1,6060.0,5697.9253,6609.8823,-10860.0
849,2014-04-20,0.0,0.0,0.0,0.0,0,1.0,7.0,0.94732636,-0.32026985,0.8660254,-0.5,2,0,0,1,8972.0,1,0.0,1,8891.0,1,7759.0,1,6530.0,1,9841.0,1,7319.0,1,6187.0,7007.555,7134.7974,8972.0
849,2014-04-21,0.0,0.0,0.0,0.0,2,1.0,1.0,0.9027978,-0.4300652,0.8660254,-0.5,2,0,0,1,0.0,1,8972.0,1,10860.0,1,0.0,1,6764.0,1,8071.0,1,6465.0,1,8457.0,4204.533,5549.2866,-8972.0
849,2014-04-22,7107.0,858.0,1.0,0.0,0,1.0,2.0,0.9027978,-0.4300652,0.8660254,-0.5,2,0,0,1,0.0,1,0.0,1,0.0,1,11506.0,1,6660.0,1,0.0,1,8042.0,1,8079.0,2522.7197,4316.112,0.0
849,2014-04-23,5926.0,714.0,1.0,0.0,0,0.0,3.0,0.9027978,-0.4300652,0.8660254,-0.5,2,0,0,1,7107.0,1,0.0,1,8972.0,1,10216.0,1,6964.0,1,7064.0,1,0.0,1,0.0,4356.432,4936.309,7107.0
849,2014-04-24,5832.0,787.0,1.0,0.0,0,0.0,4.0,0.9027978,-0.4300652,0.8660254,-0.5,2,0,0,1,5926.0,1,7107.0,1,0.0,1,8891.0,1,7759.0,1,6530.0,1,11706.0,1,11498.0,4984.2593,5156.2407,-1181.0
849,2014-04-25,6267.0,779.0,1.0,0.0,0,0.0,5.0,0.9027978,-0.4300652,0.8660254,-0.5,2,0,0,1,5832.0,1,5926.0,1,0.0,1,10860.0,1,0.0,1,6764.0,1,9965.0,1,9028.0,5323.3555,5306.409,-94.0
849,2014-04-26,7880.0,849.0,1.0,0.0,0,0.0,6.0,0.9027978,-0.4300652,0.8660254,-0.5,2,0,0,1,6267.0,1,5832.0,1,7107.0,1,0.0,1,11506.0,1,6660.0,1,9076.0,1,7982.0,5700.8135,5519.874,435.0
849,2014-04-27,0.0,0.0,0.0,0.0,0,0.0,7.0,0.9027978,-0.4300652,0.8660254,-0.5,2,0,0,1,7880.0,1,6267.0,1,5926.0,1,8972.0,1,10216.0,1,6964.0,1,8053.0,1,7631.0,6572.488,6044.346,1613.0
849,2014-04-28,11359.0,1083.0,1.0,1.0,0,0.0,1.0,0.845596,-0.5338234,0.8660254,-0.5,2,0,0,1,0.0,1,7880.0,1,5832.0,1,0.0,1,8891.0,1,7759.0,1,9841.0,1,8794.0,3943.4927,4701.158,-7880.0
849,2014-04-29,8743.0,939.0,1.0,1.0,0,0.0,2.0,0.845596,-0.5338234,0.8660254,-0.5,2,0,0,1,11359.0,1,0.0,1,6267.0,1,0.0,1,10860.0,1,0.0,1,8071.0,1,7504.0,6909.696,6180.6787,11359.0
849,2014-04-30,11839.0,1195.0,1.0,1.0,0,0.0,3.0,0.845596,-0.5338234,0.8660254,-0.5,2,0,1,1,8743.0,1,11359.0,1,7880.0,1,7107.0,1,0.0,1,11506.0,1,0.0,1,0.0,7643.0176,6750.0835,-2616.0
849,2014-05-01,0.0,0.0,0.0,1.0,1,0.0,4.0,0.845596,-0.5338234,0.5,-0.8660254,2,1,0,1,11839.0,1,8743.0,1,0.0,1,5926.0,1,8972.0,1,10216.0,1,7064.0,1,5648.0,9321.41,7880.9536,3096.0
849,2014-05-02,13338.0,1307.0,1.0,1.0,0,1.0,5.0,0.845596,-0.5338234,0.5,-0.8660254,2,0,0,1,0.0,1,11839.0,1,11359.0,1,5832.0,1,0.0,1,8891.0,1,6530.0,1,5690.0,5592.846,6129.631,-11839.0
849,2014-05-03,8204.0,893.0,1.0,0.0,0,0.0,6.0,0.845596,-0.5338234,0.5,-0.8660254,2,0,0,1,13338.0,1,0.0,1,8743.0,1,6267.0,1,0.0,1,10860.0,1,6764.0,1,6441.0,8690.908,7731.4907,13338.0
849,2014-05-04,0.0,0.0,0.0,0.0,0,0.0,7.0,0.845596,-0.5338234,0.5,-0.8660254,2,0,0,1,8204.0,1,13338.0,1,11839.0,1,7880.0,1,7107.0,1,0.0,1,6660.0,1,6288.0,8496.145,7836.4927,-5134.0
849,2014-05-05,10514.0,1020.0,1.0,1.0,0,0.0,1.0,0.7765239,-0.63008785,0.5,-0.8660254,2,0,0,1,0.0,1,8204.0,1,0.0,1,0.0,1,5926.0,1,8972.0,1,6964.0,1,7620.0,5097.687,6095.05,-8204.0
849,2014-05-06,9182.0,948.0,1.0,1.0,0,0.0,2.0,0.7765239,-0.63008785,0.5,-0.8660254,2,0,0,1,10514.0,1,0.0,1,13338.0,1,11359.0,1,5832.0,1,0.0,1,7759.0,1,7635.0,7264.212,7077.0386,10514.0
849,2014-05-07,8679.0,931.0,1.0,1.0,0,0.0,3.0,0.7765239,-0.63008785,0.5,-0.8660254,2,0,0,1,9182.0,1,10514.0,1,8204.0,1,8743.0,1,6267.0,1,0.0,1,0.0,1,0.0,8031.327,7544.808,-1332.0
849,2014-05-08,8280.0,902.0,1.0,1.0,0,0.0,4.0,0.7765239,-0.63008785,0.5,-0.8660254,2,0,0,1,8679.0,1,9182.0,1,0.0,1,11839.0,1,7880.0,1,7107.0,1,11506.0,1,9538.0,8290.396,7796.8506,-503.0
849,2014-05-09,9437.0,1021.0,1.0,1.0,0,0.0,5.0,0.7765239,-0.63008785,0.5,-0.8660254,2,0,0,1,8280.0,1,8679.0,1,10514.0,1,0.0,1,0.0,1,5926.0,1,10216.0,1,8203.0,8286.238,7904.2173,-399.0
849,2014-05-10,9126.0,1009.0,1.0,0.0,0,0.0,6.0,0.7765239,-0.63008785,0.5,-0.8660254,2,0,0,1,9437.0,1,8280.0,1,9182.0,1,13338.0,1,11359.0,1,5832.0,1,8891.0,1,8388.0,8746.543,8244.836,1157.0
849,2014-05-11,0.0,0.0,0.0,0.0,0,0.0,7.0,0.7765239,-0.63008785,0.5,-0.8660254,2,0,0,1,9126.0,1,9437.0,1,8679.0,1,8204.0,1,8743.0,1,6267.0,1,10860.0,1,6579.0,8898.325,8440.649,-311.0
849,2014-05-12,6729.0,809.0,1.0,0.0,0,0.0,1.0,0.696551,-0.71750724,0.5,-0.8660254,2,0,0,1,0.0,1,9126.0,1,8280.0,1,0.0,1,11839.0,1,7880.0,1,0.0,1,8907.0,5338.9956,6564.9497,-9126.0
849,2014-05-13,6448.0,802.0,1.0,0.0,0,0.0,2.0,0.696551,-0.71750724,0.5,-0.8660254,2,0,0,1,6729.0,1,0.0,1,9437.0,1,10514.0,1,0.0,1,0.0,1,8972.0,1,8495.0,5894.997,6601.4053,6729.0
849,2014-05-14,5798.0,776.0,1.0,0.0,0,0.0,3.0,0.696551,-0.71750724,0.5,-0.8660254,2,0,0,1,6448.0,1,6729.0,1,9126.0,1,9182.0,1,13338.0,1,11359.0,1,0.0,1,0.0,6116.198,6567.3154,-281.0
849,2014-05-15,6373.0,784.0,1.0,0.0,0,0.0,4.0,0.696551,-0.71750724,0.5,-0.8660254,2,0,0,1,5798.0,1,6448.0,1,0.0,1,8679.0,1,8204.0,1,8743.0,1,0.0,1,6914.0,5988.919,6396.3564,-650.0
849,2014-05-16,6609.0,766.0,1.0,0.0,0,0.0,5.0,0.696551,-0.71750724,0.5,-0.8660254,2,0,0,1,6373.0,1,5798.0,1,6729.0,1,8280.0,1,0.0,1,11839.0,1,7107.0,1,6164.0,6142.5513,6391.166,575.0
849,2014-05-17,7295.0,823.0,1.0,0.0,0,0.0,6.0,0.696551,-0.71750724,0.5,-0.8660254,2,0,0,1,6609.0,1,6373.0,1,6448.0,1,9437.0,1,10514.0,1,0.0,1,5926.0,1,6329.0,6329.131,6439.5737,236.0
849,2014-05-18,0.0,0.0,0.0,0.0,0,0.0,7.0,0.696551,-0.71750724,0.5,-0.8660254,2,0,0,1,7295.0,1,6609.0,1,5798.0,1,9126.0,1,9182.0,1,13338.0,1,5832.0,1,7319.0,6715.4785,6629.6685,686.0
849,2014-05-19,10429.0,1020.0,1.0,1.0,0,0.0,1.0,0.60680014,-0.79485446,0.5,-0.8660254,2,0,0,1,0.0,1,7295.0,1,6373.0,1,0.0,1,8679.0,1,8204.0,1,6267.0,1,6465.0,4029.287,5156.4087,-7295.0
849,2014-05-20,7997.0,807.0,1.0,1.0,0,0.0,2.0,0.60680014,-0.79485446,0.5,-0.8660254,2,0,0,1,10429.0,1,0.0,1,6609.0,1,6729.0,1,8280.0,1,0.0,1,7880.0,1,8042.0,6589.1724,6328.0957,10429.0
849,2014-05-21,7165.0,801.0,1.0,1.0,0,0.0,3.0,0.60680014,-0.79485446,0.5,-0.8660254,2,0,0,1,7997.0,1,10429.0,1,7295.0,1,6448.0,1,9437.0,1,10514.0,1,0.0,1,0.0,7152.303,6698.9634,-2432.0
849,2014-05-22,7091.0,818.0,1.0,1.0,0,0.0,4.0,0.60680014,-0.79485446,0.5,-0.8660254,2,0,0,1,7165.0,1,7997.0,1,0.0,1,5798.0,1,9126.0,1,9182.0,1,11359.0,1,11706.0,7157.382,6802.527,-832.0
849,2014-05-23,9838.0,974.0,1.0,1.0,0,0.0,5.0,0.60680014,-0.79485446,0.5,-0.8660254,2,0,0,1,7091.0,1,7165.0,1,10429.0,1,6373.0,1,0.0,1,8679.0,1,8743.0,1,9965.0,7130.829,6866.6323,-74.0
849,2014-05-24,7312.0,848.0,1.0,0.0,0,0.0,6.0,0.60680014,-0.79485446,0.5,-0.8660254,2,0,0,1,9838.0,1,7091.0,1,7997.0,1,6609.0,1,6729.0,1,8280.0,1,11839.0,1,9076.0,8213.697,7526.936,2747.0
849,2014-05-25,0.0,0.0,0.0,0.0,0,0.0,7.0,0.60680014,-0.79485446,0.5,-0.8660254,2,0,0,1,7312.0,1,9838.0,1,7165.0,1,7295.0,1,6448.0,1,9437.0,1,0.0,1,8053.0,7853.0186,7479.1724,-2526.0
849,2014-05-26,6039.0,747.0,1.0,0.0,0,0.0,1.0,0.5085311,-0.86104363,0.5,-0.8660254,2,0,0,1,0.0,1,7312.0,1,7091.0,1,0.0,1,5798.0,1,9126.0,1,13338.0,1,9841.0,4711.811,5817.1343,-7312.0
849,2014-05-27,7019.0,770.0,1.0,0.0,0,0.0,2.0,0.5085311,-0.86104363,0.5,-0.8660254,2,0,0,1,6039.0,1,0.0,1,9838.0,1,10429.0,1,6373.0,1,0.0,1,8204.0,1,8071.0,5242.6865,5866.4375,6039.0
849,2014-05-28,8418.0,965.0,1.0,0.0,0,0.0,3.0,0.5085311,-0.86104363,0.5,-0.8660254,2,0,0,1,7019.0,1,6039.0,1,7312.0,1,7997.0,1,6609.0,1,6729.0,1,0.0,1,0.0,5953.212,6122.5625,980.0
849,2014-05-29,0.0,0.0,0.0,0.0,1,0.0,4.0,0.5085311,-0.86104363,0.5,-0.8660254,2,0,0,1,8418.0,1,7019.0,1,0.0,1,7165.0,1,7295.0,1,6448.0,1,10514.0,1,7064.0,6939.1274,6632.6597,1399.0
849,2014-05-30,10827.0,1111.0,1.0,0.0,0,1.0,5.0,0.5085311,-0.86104363,0.5,-0.8660254,2,0,0,1,0.0,1,8418.0,1,6039.0,1,7091.0,1,0.0,1,5798.0,1,9182.0,1,6530.0,4163.4766,5158.7354,-8418.0
849,2014-05-31,8818.0,944.0,1.0,0.0,0,0.0,6.0,0.5085311,-0.86104363,0.5,-0.8660254,2,0,1,1,10827.0,1,0.0,1,7019.0,1,9838.0,1,10429.0,1,6373.0,1,8679.0,1,6764.0,6828.8857,6418.3496,10827.0
849,2014-06-01,0.0,0.0,0.0,0.0,0,0.0,7.0,0.5085311,-0.86104363,1.2246469e-16,-1.0,2,1,0,1,8818.0,1,10827.0,1,8418.0,1,7312.0,1,7997.0,1,6609.0,1,8280.0,1,6660.0,7624.5312,6951.6055,-2009.0
849,2014-06-02,12140.0,1143.0,1.0,1.0,0,0.0,1.0,0.40312344,-0.91514564,1.2246469e-16,-1.0,2,0,0,1,0.0,1,8818.0,1,0.0,1,0.0,1,7165.0,1,7295.0,1,9437.0,1,6964.0,4574.7188,5406.804,-8818.0
849,2014-06-03,9013.0,925.0,1.0,1.0,0,0.0,2.0,0.40312344,-0.91514564,1.2246469e-16,-1.0,2,0,0,1,12140.0,1,0.0,1,10827.0,1,6039.0,1,7091.0,1,0.0,1,9126.0,1,7759.0,7600.8315,6903.07,12140.0
849,2014-06-04,8913.0,925.0,1.0,1.0,0,0.0,3.0,0.40312344,-0.91514564,1.2246469e-16,-1.0,2,0,0,1,9013.0,1,12140.0,1,8818.0,1,7019.0,1,9838.0,1,10429.0,1,0.0,1,0.0,8165.6987,7371.9434,-3127.0
849,2014-06-05,9353.0,979.0,1.0,1.0,0,0.0,4.0,0.40312344,-0.91514564,1.2246469e-16,-1.0,2,0,0,1,8913.0,1,9013.0,1,0.0,1,8418.0,1,7312.0,1,7997.0,1,6729.0,1,11506.0,8464.619,7714.4004,-100.0
849,2014-06-06,9366.0,997.0,1.0,1.0,0,0.0,5.0,0.40312344,-0.91514564,1.2246469e-16,-1.0,2,0,0,1,9353.0,1,8913.0,1,12140.0,1,0.0,1,0.0,1,7165.0,1,6448.0,1,10216.0,8819.972,8078.5337,440.0
849,2014-06-07,7916.0,860.0,1.0,0.0,0,0.0,6.0,0.40312344,-0.91514564,1.2246469e-16,-1.0,2,0,0,1,9366.0,1,9353.0,1,9013.0,1,10827.0,1,6039.0,1,7091.0,1,5798.0,1,8891.0,9038.383,8364.638,13.0
849,2014-06-08,0.0,0.0,0.0,0.0,0,0.0,7.0,0.40312344,-0.91514564,1.2246469e-16,-1.0,2,0,0,1,7916.0,1,9366.0,1,8913.0,1,8818.0,1,7019.0,1,9838.0,1,6373.0,1,10860.0,8589.43,8264.94,-1450.0
849,2014-06-09,0.0,0.0,0.0,0.0,1,0.0,1.0,0.29205677,-0.956401,1.2246469e-16,-1.0,2,0,0,1,0.0,1,7916.0,1,9353.0,1,0.0,1,8418.0,1,7312.0,1,6609.0,1,0.0,5153.6577,6428.2866,-7916.0
849,2014-06-10,7946.0,937.0,1.0,0.0,0,1.0,2.0,0.29205677,-0.956401,1.2246469e-16,-1.0,2,0,0,1,0.0,1,0.0,1,9366.0,1,12140.0,1,0.0,1,0.0,1,7295.0,1,8972.0,3092.1948,4999.7783,0.0
849,2014-06-11,6826.0,819.0,1.0,0.0,0,0.0,3.0,0.29205677,-0.956401,1.2246469e-16,-1.0,2,0,0,1,7946.0,1,0.0,1,7916.0,1,9013.0,1,10827.0,1,6039.0,1,0.0,1,0.0,5033.717,5654.4946,7946.0
849,2014-06-12,6915.0,805.0,1.0,0.0,0,0.0,4.0,0.29205677,-0.956401,1.2246469e-16,-1.0,2,0,0,1,6826.0,1,7946.0,1,0.0,1,8913.0,1,8818.0,1,7019.0,1,10429.0,1,0.0,5750.63,5914.829,-1120.0
849,2014-06-13,8195.0,866.0,1.0,0.0,0,0.0,5.0,0.29205677,-0.956401,1.2246469e-16,-1.0,2,0,0,1,6915.0,1,6826.0,1,0.0,1,9353.0,1,0.0,1,8418.0,1,7997.0,1,7107.0,6216.378,6137.0894,89.0
849,2014-06-14,9082.0,930.0,1.0,0.0,0,0.0,6.0,0.29205677,-0.956401,1.2246469e-16,-1.0,2,0,0,1,8195.0,1,6915.0,1,7946.0,1,9366.0,1,12140.0,1,0.0,1,7165.0,1,5926.0,7007.8267,6594.403,1280.0
849,2014-06-15,0.0,0.0,0.0,0.0,0,0.0,7.0,0.29205677,-0.956401,1.2246469e-16,-1.0,2,0,0,1,9082.0,1,8195.0,1,6826.0,1,7916.0,1,9013.0,1,10827.0,1,7091.0,1,5832.0,7837.496,7147.202,887.0
849,2014-06-16,10586.0,979.0,1.0,1.0,0,0.0,1.0,0.17689027,-0.9842306,1.2246469e-16,-1.0,2,0,0,1,0.0,1,9082.0,1,6915.0,1,0.0,1,8913.0,1,8818.0,1,9838.0,1,6267.0,4702.4976,5558.935,-9082.0
849,2014-06-17,8905.0,906.0,1.0,1.0,0,0.0,2.0,0.17689027,-0.9842306,1.2246469e-16,-1.0,2,0,0,1,10586.0,1,0.0,1,8195.0,1,0.0,1,9353.0,1,0.0,1,7312.0,1,7880.0,7055.8984,6676.0605,10586.0
849,2014-06-18,8770.0,981.0,1.0,1.0,0,0.0,3.0,0.17689027,-0.9842306,1.2246469e-16,-1.0,2,0,0,1,8905.0,1,10586.0,1,9082.0,1,7946.0,1,9366.0,1,12140.0,1,0.0,1,0.0,7795.539,7171.3804,-1681.0
849,2014-06-19,8271.0,883.0,1.0,1.0,0,0.0,4.0,0.17689027,-0.9842306,1.2246469e-16,-1.0,2,0,0,1,8770.0,1,8905.0,1,0.0,1,6826.0,1,7916.0,1,9013.0,1,6039.0,1,11359.0,8185.3237,7526.6294,-135.0
849,2014-06-20,9547.0,981.0,1.0,1.0,0,0.0,5.0,0.17689027,-0.9842306,1.2246469e-16,-1.0,2,0,0,1,8271.0,1,8770.0,1,10586.0,1,6915.0,1,0.0,1,8913.0,1,7019.0,1,8743.0,8219.594,7692.045,-499.0
849,2014-06-21,8412.0,900.0,1.0,0.0,0,0.0,6.0,0.17689027,-0.9842306,1.2246469e-16,-1.0,2,0,0,1,9547.0,1,8271.0,1,8905.0,1,8195.0,1,0.0,1,9353.0,1,8418.0,1,11839.0,8750.557,8104.2573,1276.0
849,2014-06-22,0.0,0.0,0.0,0.0,0,0.0,7.0,0.17689027,-0.9842306,1.2246469e-16,-1.0,2,0,0,1,8412.0,1,9547.0,1,8770.0,1,9082.0,1,7946.0,1,9366.0,1,0.0,1,0.0,8615.134,8172.6445,-1135.0
849,2014-06-23,5693.0,694.0,1.0,0.0,0,0.0,1.0,0.059240628,-0.99824375,1.2246469e-16,-1.0,2,0,0,1,0.0,1,8412.0,1,8271.0,1,0.0,1,6826.0,1,7916.0,1,10827.0,1,13338.0,5169.0806,6356.5015,-8412.0
849,2014-06-24,5841.0,727.0,1.0,0.0,0,0.0,2.0,0.059240628,-0.99824375,1.2246469e-16,-1.0,2,0,0,1,5693.0,1,0.0,1,9547.0,1,10586.0,1,6915.0,1,0.0,1,8818.0,1,8204.0,5378.6484,6209.0566,5693.0
849,2014-06-25,5679.0,719.0,1.0,0.0,0,0.0,3.0,0.059240628,-0.99824375,1.2246469e-16,-1.0,2,0,0,1,5841.0,1,5693.0,1,8412.0,1,8905.0,1,8195.0,1,0.0,1,0.0,1,0.0,5563.589,6127.266,148.0
849,2014-06-26,5268.0,671.0,1.0,0.0,0,0.0,4.0,0.059240628,-0.99824375,1.2246469e-16,-1.0,2,0,0,1,5679.0,1,5841.0,1,0.0,1,8770.0,1,9082.0,1,7946.0,1,12140.0,1,10514.0,5609.7534,6027.6514,-162.0
849,2014-06-27,7347.0,843.0,1.0,0.0,0,0.0,5.0,0.059240628,-0.99824375,1.2246469e-16,-1.0,2,0,0,1,5268.0,1,5679.0,1,5693.0,1,8271.0,1,0.0,1,6826.0,1,9013.0,1,9182.0,5473.0522,5858.84,-411.0
849,2014-06-28,8298.0,896.0,1.0,0.0,0,0.0,6.0,0.059240628,-0.99824375,1.2246469e-16,-1.0,2,0,0,1,7347.0,1,5268.0,1,5841.0,1,9547.0,1,10586.0,1,6915.0,1,8913.0,1,8679.0,6222.6313,6189.5425,2079.0
849,2014-06-29,0.0,0.0,0.0,0.0,0,0.0,7.0,0.059240628,-0.99824375,1.2246469e-16,-1.0,2,0,0,1,8298.0,1,7347.0,1,5679.0,1,8412.0,1,8905.0,1,8195.0,1,9353.0,1,8280.0,7052.779,6658.0884,951.0
849,2014-06-30,12983.0,1198.0,1.0,1.0,0,0.0,1.0,-0.059240628,-0.99824375,1.2246469e-16,-1.0,2,0,1,1,0.0,1,8298.0,1,5268.0,1,0.0,1,8770.0,1,9082.0,1,9366.0,1,9437.0,4231.667,5178.513,-8298.0
849,2014-07-01,9326.0,979.0,1.0,1.0,0,0.0,2.0,-0.059240628,-0.99824375,-0.5,-0.8660254,3,1,0,1,12983.0,1,0.0,1,7347.0,1,5693.0,1,8271.0,1,0.0,1,7916.0,1,9126.0,7732.2,6912.8438,12983.0
849,2014-07-02,8483.0,939.0,1.0,1.0,0,0.0,3.0,-0.059240628,-0.99824375,-0.5,-0.8660254,3,0,0,1,9326.0,1,12983.0,1,8298.0,1,5841.0,1,9547.0,1,10586.0,1,0.0,1,0.0,8369.72,7449.1006,-3657.0
849,2014-07-03,7621.0,890.0,1.0,1.0,0,0.0,4.0,-0.059240628,-0.99824375,-0.5,-0.8660254,3,0,0,1,8483.0,1,9326.0,1,0.0,1,5679.0,1,8412.0,1,8905.0,1,0.0,1,6729.0,8415.032,7678.856,-843.0
849,2014-07-04,7297.0,800.0,1.0,1.0,0,0.0,5.0,-0.059240628,-0.99824375,-0.5,-0.8660254,3,0,0,1,7621.0,1,8483.0,1,12983.0,1,5268.0,1,0.0,1,8770.0,1,7946.0,1,6448.0,8097.4194,7665.999,-862.0
849,2014-07-05,7419.0,822.0,1.0,0.0,0,0.0,6.0,-0.059240628,-0.99824375,-0.5,-0.8660254,3,0,0,1,7297.0,1,7621.0,1,9326.0,1,7347.0,1,5693.0,1,8271.0,1,6826.0,1,5798.0,7777.2515,7583.9995,-324.0
849,2014-07-06,0.0,0.0,0.0,0.0,0,0.0,7.0,-0.059240628,-0.99824375,-0.5,-0.8660254,3,0,0,1,7419.0,1,7297.0,1,8483.0,1,8298.0,1,5841.0,1,9547.0,1,6915.0,1,6373.0,7633.951,7547.333,122.0
849,2014-07-07,6941.0,833.0,1.0,0.0,0,0.0,1.0,-0.17689027,-0.9842306,-0.5,-0.8660254,3,0,0,1,0.0,1,7419.0,1,7621.0,1,0.0,1,5679.0,1,8412.0,1,8195.0,1,6609.0,4580.3706,5870.148,-7419.0
849,2014-07-08,6281.0,712.0,1.0,0.0,0,0.0,2.0,-0.17689027,-0.9842306,-0.5,-0.8660254,3,0,0,1,6941.0,1,0.0,1,7297.0,1,12983.0,1,5268.0,1,0.0,1,9082.0,1,7295.0,5524.6226,6108.1147,6941.0
849,2014-07-09,5560.0,676.0,1.0,0.0,0,0.0,3.0,-0.17689027,-0.9842306,-0.5,-0.8660254,3,0,0,1,6281.0,1,6941.0,1,7419.0,1,9326.0,1,7347.0,1,5693.0,1,0.0,1,0.0,5827.1733,6146.5337,-660.0
849,2014-07-10,6369.0,798.0,1.0,0.0,0,0.0,4.0,-0.17689027,-0.9842306,-0.5,-0.8660254,3,0,0,1,5560.0,1,6281.0,1,0.0,1,8483.0,1,8298.0,1,5841.0,1,10586.0,1,10429.0,5720.304,6016.193,-721.0
849,2014-07-11,5888.0,725.0,1.0,0.0,0,0.0,5.0,-0.17689027,-0.9842306,-0.5,-0.8660254,3,0,0,1,6369.0,1,5560.0,1,6941.0,1,7621.0,1,0.0,1,5679.0,1,8905.0,1,7997.0,5979.782,6094.5947,809.0
849,2014-07-12,7663.0,826.0,1.0,0.0,0,0.0,6.0,-0.17689027,-0.9842306,-0.5,-0.8660254,3,0,0,1,5888.0,1,6369.0,1,6281.0,1,7297.0,1,12983.0,1,5268.0,1,8770.0,1,7165.0,5943.0693,6048.6846,-481.0
849,2014-07-13,0.0,0.0,0.0,0.0,0,0.0,7.0,-0.17689027,-0.9842306,-0.5,-0.8660254,3,0,0,1,7663.0,1,5888.0,1,5560.0,1,7419.0,1,9326.0,1,7347.0,1,8271.0,1,7091.0,6631.0415,6407.4214,1775.0
849,2014-07-14,10247.0,955.0,1.0,1.0,0,0.0,1.0,-0.29205677,-0.956401,-0.5,-0.8660254,3,0,0,1,0.0,1,7663.0,1,6369.0,1,0.0,1,8483.0,1,8298.0,1,9547.0,1,9838.0,3978.625,4983.55,-7663.0
849,2014-07-15,8606.0,892.0,1.0,1.0,0,0.0,2.0,-0.29205677,-0.956401,-0.5,-0.8660254,3,0,0,1,10247.0,1,0.0,1,5888.0,1,6941.0,1,7621.0,1,0.0,1,8412.0,1,7312.0,6485.975,6153.2056,10247.0
849,2014-07-16,8037.0,867.0,1.0,1.0,0,0.0,3.0,-0.29205677,-0.956401,-0.5,-0.8660254,3,0,0,1,8606.0,1,10247.0,1,7663.0,1,6281.0,1,7297.0,1,12983.0,1,0.0,1,0.0,7333.985,6698.271,-1641.0
849,2014-07-17,8805.0,885.0,1.0,1.0,0,0.0,4.0,-0.29205677,-0.956401,-0.5,-0.8660254,3,0,0,1,8037.0,1,8606.0,1,0.0,1,5560.0,1,7419.0,1,9326.0,1,5693.0,1,6039.0,7615.191,6995.766,-569.0
849,2014-07-18,7911.0,855.0,1.0,1.0,0,0.0,5.0,-0.29205677,-0.956401,-0.5,-0.8660254,3,0,0,1,8805.0,1,8037.0,1,10247.0,1,6369.0,1,0.0,1,8483.0,1,5841.0,1,7019.0,8091.1147,7397.8184,768.0
849,2014-07-19,6568.0,740.0,1.0,0.0,0,0.0,6.0,-0.29205677,-0.956401,-0.5,-0.8660254,3,0,0,1,7911.0,1,8805.0,1,8606.0,1,5888.0,1,6941.0,1,7621.0,1,5679.0,1,8418.0,8019.069,7511.8584,-894.0
849,2014-07-20,0.0,0.0,0.0,0.0,0,0.0,7.0,-0.29205677,-0.956401,-0.5,-0.8660254,3,0,0,1,6568.0,1,7911.0,1,8037.0,1,7663.0,1,6281.0,1,7297.0,1,5268.0,1,0.0,7438.641,7302.1123,-1343.0
849,2014-07-21,7267.0,823.0,1.0,0.0,0,0.0,1.0,-0.40312344,-0.91514564,-0.5,-0.8660254,3,0,0,1,0.0,1,6568.0,1,8805.0,1,0.0,1,5560.0,1,7419.0,1,7347.0,1,10827.0,4463.1846,5679.4204,-6568.0
849,2014-07-22,6353.0,778.0,1.0,0.0,0,0.0,2.0,-0.40312344,-0.91514564,-0.5,-0.8660254,3,0,0,1,7267.0,1,0.0,1,7911.0,1,10247.0,1,6369.0,1,0.0,1,8298.0,1,8818.0,5584.711,6032.216,7267.0
849,2014-07-23,6591.0,821.0,1.0,0.0,0,0.0,3.0,-0.40312344,-0.91514564,-0.5,-0.8660254,3,0,0,1,6353.0,1,7267.0,1,6568.0,1,8606.0,1,5888.0,1,6941.0,1,0.0,1,0.0,5892.0264,6103.5015,-914.0
849,2014-07-24,6798.0,812.0,1.0,0.0,0,0.0,4.0,-0.40312344,-0.91514564,-0.5,-0.8660254,3,0,0,1,6591.0,1,6353.0,1,0.0,1,8037.0,1,7663.0,1,6281.0,1,12983.0,1,12140.0,6171.6157,6211.8345,238.0
849,2014-07-25,7220.0,839.0,1.0,0.0,0,0.0,5.0,-0.40312344,-0.91514564,-0.5,-0.8660254,3,0,0,1,6798.0,1,6591.0,1,7267.0,1,8805.0,1,0.0,1,5560.0,1,9326.0,1,9013.0,6422.1694,6342.0933,207.0
849,2014-07-26,7886.0,866.0,1.0,0.0,0,0.0,6.0,-0.40312344,-0.91514564,-0.5,-0.8660254,3,0,0,1,7220.0,1,6798.0,1,6353.0,1,7911.0,1,10247.0,1,6369.0,1,8483.0,1,8913.0,6741.302,6537.1836,422.0
849,2014-07-27,0.0,0.0,0.0,0.0,0,0.0,7.0,-0.40312344,-0.91514564,-0.5,-0.8660254,3,0,0,1,7886.0,1,7220.0,1,6591.0,1,6568.0,1,8606.0,1,5888.0,1,7621.0,1,9353.0,7199.181,6836.921,666.0
849,2014-07-28,10514.0,1030.0,1.0,1.0,0,0.0,1.0,-0.5085311,-0.86104363,-0.5,-0.8660254,3,0,0,1,0.0,1,7886.0,1,6798.0,1,0.0,1,8037.0,1,7663.0,1,7297.0,1,9366.0,4319.509,5317.605,-7886.0
849,2014-07-29,9585.0,896.0,1.0,1.0,0,0.0,2.0,-0.5085311,-0.86104363,-0.5,-0.8660254,3,0,0,1,10514.0,1,0.0,1,7220.0,1,7267.0,1,8805.0,1,0.0,1,7419.0,1,7916.0,6797.305,6472.3594,10514.0
849,2014-07-30,10174.0,1005.0,1.0,1.0,0,0.0,3.0,-0.5085311,-0.86104363,-0.5,-0.8660254,3,0,0,1,9585.0,1,10514.0,1,7886.0,1,6353.0,1,7911.0,1,10247.0,1,0.0,1,0.0,7912.3833,7164.057,-929.0
849,2014-07-31,11200.0,1096.0,1.0,1.0,0,1.0,4.0,-0.5085311,-0.86104363,-0.5,-0.8660254,3,0,1,1,10174.0,1,9585.0,1,0.0,1,6591.0,1,6568.0,1,8606.0,1,6941.0,1,0.0,8817.03,7832.9336,589.0
849,2014-08-01,10807.0,1044.0,1.0,1.0,0,1.0,5.0,-0.5085311,-0.86104363,-0.8660254,-0.5,3,1,0,1,11200.0,1,10174.0,1,10514.0,1,6798.0,1,0.0,1,8037.0,1,6281.0,1,7946.0,9770.218,8581.171,1026.0
849,2014-08-02,8089.0,855.0,1.0,0.0,0,1.0,6.0,-0.5085311,-0.86104363,-0.8660254,-0.5,3,0,0,1,10807.0,1,11200.0,1,9585.0,1,7220.0,1,7267.0,1,8805.0,1,5560.0,1,6826.0,10184.931,9075.799,-393.0
849,2014-08-03,0.0,0.0,0.0,0.0,0,1.0,7.0,-0.5085311,-0.86104363,-0.8660254,-0.5,3,0,0,1,8089.0,1,10807.0,1,10174.0,1,7886.0,1,6353.0,1,7911.0,1,6369.0,1,6915.0,9346.559,8856.511,-2718.0
849,2014-08-04,10905.0,1089.0,1.0,1.0,0,1.0,1.0,-0.60680014,-0.79485446,-0.8660254,-0.5,3,0,0,1,0.0,1,8089.0,1,11200.0,1,0.0,1,6591.0,1,6568.0,1,5888.0,1,8195.0,5607.935,6888.397,-8089.0
849,2014-08-05,9070.0,960.0,1.0,1.0,0,1.0,2.0,-0.60680014,-0.79485446,-0.8660254,-0.5,3,0,0,1,10905.0,1,0.0,1,10807.0,1,10514.0,1,6798.0,1,0.0,1,7663.0,1,9082.0,7726.761,7780.9756,10905.0
849,2014-08-06,8677.0,909.0,1.0,1.0,0,1.0,3.0,-0.60680014,-0.79485446,-0.8660254,-0.5,3,0,0,1,9070.0,1,10905.0,1,8089.0,1,9585.0,1,7220.0,1,7267.0,1,0.0,1,0.0,8264.057,8067.4253,-1835.0
849,2014-08-07,8959.0,942.0,1.0,1.0,0,1.0,4.0,-0.60680014,-0.79485446,-0.8660254,-0.5,3,0,0,1,8677.0,1,9070.0,1,0.0,1,10174.0,1,7886.0,1,6353.0,1,10247.0,1,10586.0,8429.234,8202.887,-393.0
849,2014-08-08,7877.0,840.0,1.0,1.0,0,1.0,5.0,-0.60680014,-0.79485446,-0.8660254,-0.5,3,0,0,1,8959.0,1,8677.0,1,10905.0,1,11200.0,1,0.0,1,6591.0,1,8606.0,1,8905.0,8641.141,8370.912,282.0
849,2014-08-09,8117.0,877.0,1.0,0.0,0,1.0,6.0,-0.60680014,-0.79485446,-0.8660254,-0.5,3,0,0,1,7877.0,1,8959.0,1,9070.0,1,10807.0,1,10514.0,1,6798.0,1,8037.0,1,8770.0,8335.484,8261.153,-1082.0
849,2014-08-10,0.0,0.0,0.0,0.0,0,1.0,7.0,-0.60680014,-0.79485446,-0.8660254,-0.5,3,0,0,1,8117.0,1,7877.0,1,8677.0,1,8089.0,1,9585.0,1,7220.0,1,8805.0,1,8271.0,8248.091,8229.119,240.0
849,2014-08-11,7550.0,849.0,1.0,0.0,0,1.0,1.0,-0.696551,-0.71750724,-0.8660254,-0.5,3,0,0,1,0.0,1,8117.0,1,8959.0,1,0.0,1,10174.0,1,7886.0,1,7911.0,1,9547.0,4948.8545,6400.4263,-8117.0
849,2014-08-12,6073.0,742.0,1.0,0.0,0,1.0,2.0,-0.696551,-0.71750724,-0.8660254,-0.5,3,0,0,1,7550.0,1,0.0,1,7877.0,1,10905.0,1,11200.0,1,0.0,1,6568.0,1,8412.0,5989.3125,6655.887,7550.0
849,2014-08-13,6955.0,797.0,1.0,0.0,0,1.0,3.0,-0.696551,-0.71750724,-0.8660254,-0.5,3,0,0,1,6073.0,1,7550.0,1,8117.0,1,9070.0,1,10807.0,1,10514.0,1,0.0,1,0.0,6022.7876,6526.3564,-1477.0
849,2014-08-14,5820.0,689.0,1.0,0.0,0,1.0,4.0,-0.696551,-0.71750724,-0.8660254,-0.5,3,0,0,1,6955.0,1,6073.0,1,0.0,1,8677.0,1,8089.0,1,9585.0,1,7267.0,1,5693.0,6395.6724,6621.611,882.0
849,2014-08-15,7019.0,828.0,1.0,0.0,0,1.0,5.0,-0.696551,-0.71750724,-0.8660254,-0.5,3,0,0,1,5820.0,1,6955.0,1,7550.0,1,8959.0,1,0.0,1,10174.0,1,6353.0,1,5841.0,6165.4033,6443.475,-1135.0
849,2014-08-16,7522.0,812.0,1.0,0.0,0,1.0,6.0,-0.696551,-0.71750724,-0.8660254,-0.5,3,0,0,1,7019.0,1,5820.0,1,6073.0,1,7877.0,1,10905.0,1,11200.0,1,6591.0,1,5679.0,6506.8423,6571.3696,1199.0
849,2014-08-17,0.0,0.0,0.0,0.0,0,1.0,7.0,-0.696551,-0.71750724,-0.8660254,-0.5,3,0,0,1,7522.0,1,7019.0,1,6955.0,1,8117.0,1,9070.0,1,10807.0,1,6798.0,1,5268.0,6912.9053,6782.6206,503.0
849,2014-08-18,11567.0,1123.0,1.0,1.0,0,1.0,1.0,-0.7765239,-0.63008785,-0.8660254,-0.5,3,0,0,1,0.0,1,7522.0,1,5820.0,1,0.0,1,8677.0,1,8089.0,1,7220.0,1,7347.0,4147.743,5275.3716,-7522.0
849,2014-08-19,9246.0,925.0,1.0,1.0,0,1.0,2.0,-0.7765239,-0.63008785,-0.8660254,-0.5,3,0,0,1,11567.0,1,0.0,1,7019.0,1,7550.0,1,8959.0,1,0.0,1,7886.0,1,8298.0,7115.446,6673.511,11567.0
849,2014-08-20,8362.0,920.0,1.0,1.0,0,1.0,3.0,-0.7765239,-0.63008785,-0.8660254,-0.5,3,0,0,1,9246.0,1,11567.0,1,7522.0,1,6073.0,1,7877.0,1,10905.0,1,0.0,1,0.0,7967.6675,7245.1753,-2321.0
849,2014-08-21,7789.0,849.0,1.0,1.0,0,1.0,4.0,-0.7765239,-0.63008785,-0.8660254,-0.5,3,0,0,1,8362.0,1,9246.0,1,0.0,1,6955.0,1,8117.0,1,9070.0,1,10514.0,1,12983.0,8125.4004,7493.359,-884.0
849,2014-08-22,7949.0,839.0,1.0,1.0,0,1.0,5.0,-0.7765239,-0.63008785,-0.8660254,-0.5,3,0,0,1,7789.0,1,8362.0,1,11567.0,1,5820.0,1,0.0,1,8677.0,1,9585.0,1,9326.0,7990.8403,7559.0566,-573.0
849,2014-08-23,6654.0,751.0,1.0,0.0,0,1.0,6.0,-0.7765239,-0.63008785,-0.8660254,-0.5,3,0,0,1,7949.0,1,7789.0,1,9246.0,1,7019.0,1,7550.0,1,8959.0,1,10174.0,1,8483.0,7974.104,7645.711,160.0
849,2014-08-24,0.0,0.0,0.0,0.0,0,1.0,7.0,-0.7765239,-0.63008785,-0.8660254,-0.5,3,0,0,1,6654.0,1,7949.0,1,8362.0,1,7522.0,1,6073.0,1,7877.0,1,11200.0,1,7621.0,7446.0625,7425.3306,-1295.0
849,2014-08-25,6494.0,761.0,1.0,0.0,0,1.0,1.0,-0.845596,-0.5338234,-0.8660254,-0.5,3,0,0,1,0.0,1,6654.0,1,7789.0,1,0.0,1,6955.0,1,8117.0,1,10807.0,1,7297.0,4467.6377,5775.2573,-6654.0
849,2014-08-26,5450.0,647.0,1.0,0.0,0,1.0,2.0,-0.845596,-0.5338234,-0.8660254,-0.5,3,0,0,1,6494.0,1,0.0,1,7949.0,1,11567.0,1,5820.0,1,0.0,1,8089.0,1,7419.0,5278.1826,5934.9775,6494.0
849,2014-08-27,5836.0,715.0,1.0,0.0,0,1.0,3.0,-0.845596,-0.5338234,-0.8660254,-0.5,3,0,0,1,5450.0,1,6494.0,1,6654.0,1,9246.0,1,7019.0,1,7550.0,1,0.0,1,0.0,5346.9097,5827.205,-1044.0
849,2014-08-28,5556.0,684.0,1.0,0.0,0,1.0,4.0,-0.845596,-0.5338234,-0.8660254,-0.5,3,0,0,1,5836.0,1,5450.0,1,0.0,1,8362.0,1,7522.0,1,6073.0,1,10905.0,1,6941.0,5542.546,5829.159,386.0
849,2014-08-29,7875.0,882.0,1.0,0.0,0,1.0,5.0,-0.845596,-0.5338234,-0.8660254,-0.5,3,0,0,1,5556.0,1,5836.0,1,6494.0,1,7789.0,1,0.0,1,6955.0,1,9070.0,1,6281.0,5547.9272,5768.4575,-280.0
849,2014-08-30,8255.0,888.0,1.0,0.0,0,1.0,6.0,-0.845596,-0.5338234,-0.8660254,-0.5,3,0,0,1,7875.0,1,5556.0,1,5450.0,1,7949.0,1,11567.0,1,5820.0,1,8677.0,1,5560.0,6478.7563,6236.578,2319.0
849,2014-08-31,0.0,0.0,0.0,0.0,0,1.0,7.0,-0.845596,-0.5338234,-0.8660254,-0.5,3,0,1,1,8255.0,1,7875.0,1,5836.0,1,6654.0,1,9246.0,1,7019.0,1,8959.0,1,6369.0,7189.254,6685.116,380.0
849,2014-09-01,11483.0,1119.0,1.0,1.0,0,1.0,1.0,-0.9027978,-0.4300652,-1.0,-1.8369701e-16,3,1,0,1,0.0,1,8255.0,1,5556.0,1,0.0,1,8362.0,1,7522.0,1,7877.0,1,5888.0,4313.5522,5199.5347,-8255.0
849,2014-09-02,9439.0,946.0,1.0,1.0,0,1.0,2.0,-0.9027978,-0.4300652,-1.0,-1.8369701e-16,3,0,0,1,11483.0,1,0.0,1,7875.0,1,6494.0,1,7789.0,1,0.0,1,8117.0,1,7663.0,7181.3315,6595.8604,11483.0
849,2014-09-03,8184.0,887.0,1.0,1.0,0,1.0,3.0,-0.9027978,-0.4300652,-1.0,-1.8369701e-16,3,0,0,1,9439.0,1,11483.0,1,8255.0,1,5450.0,1,7949.0,1,11567.0,1,0.0,1,0.0,8084.399,7227.6694,-2044.0
849,2014-09-04,7689.0,843.0,1.0,1.0,0,1.0,4.0,-0.9027978,-0.4300652,-1.0,-1.8369701e-16,3,0,0,1,8184.0,1,9439.0,1,0.0,1,5836.0,1,6654.0,1,9246.0,1,7550.0,1,10247.0,8124.2393,7440.187,-1255.0
849,2014-09-05,7898.0,864.0,1.0,1.0,0,1.0,5.0,-0.9027978,-0.4300652,-1.0,-1.8369701e-16,3,0,0,1,7689.0,1,8184.0,1,11483.0,1,5556.0,1,0.0,1,8362.0,1,6073.0,1,8606.0,7950.1436,7495.479,-495.0
849,2014-09-06,7414.0,857.0,1.0,0.0,0,1.0,6.0,-0.9027978,-0.4300652,-1.0,-1.8369701e-16,3,0,0,1,7898.0,1,7689.0,1,9439.0,1,7875.0,1,6494.0,1,7789.0,1,6955.0,1,8037.0,7929.286,7584.928,209.0
849,2014-09-07,0.0,0.0,0.0,0.0,0,1.0,7.0,-0.9027978,-0.4300652,-1.0,-1.8369701e-16,3,0,0,1,7414.0,1,7898.0,1,8184.0,1,8255.0,1,5450.0,1,7949.0,1,5820.0,1,8805.0,7723.172,7546.944,-484.0
849,2014-09-08,7352.0,860.0,1.0,0.0,0,1.0,1.0,-0.94732636,-0.32026985,-1.0,-1.8369701e-16,3,0,0,1,0.0,1,7414.0,1,7689.0,1,0.0,1,5836.0,1,6654.0,1,7019.0,1,7911.0,4633.903,5869.845,-7414.0
849,2014-09-09,6594.0,828.0,1.0,0.0,0,1.0,2.0,-0.94732636,-0.32026985,-1.0,-1.8369701e-16,3,0,0,1,7352.0,1,0.0,1,7898.0,1,11483.0,1,5556.0,1,0.0,1,7522.0,1,6568.0,5721.1416,6199.213,7352.0
849,2014-09-10,6947.0,877.0,1.0,0.0,0,1.0,3.0,-0.94732636,-0.32026985,-1.0,-1.8369701e-16,3,0,0,1,6594.0,1,7352.0,1,7414.0,1,9439.0,1,7875.0,1,6494.0,1,0.0,1,0.0,6070.285,6286.9434,-758.0
849,2014-09-11,7296.0,824.0,1.0,0.0,0,0.0,4.0,-0.94732636,-0.32026985,-1.0,-1.8369701e-16,3,0,0,1,6947.0,1,6594.0,1,0.0,1,8184.0,1,8255.0,1,5450.0,1,11567.0,1,7267.0,6420.971,6433.6226,353.0
849,2014-09-12,7397.0,877.0,1.0,0.0,0,0.0,5.0,-0.94732636,-0.32026985,-1.0,-1.8369701e-16,3,0,0,1,7296.0,1,6947.0,1,7352.0,1,7689.0,1,0.0,1,5836.0,1,9246.0,1,6353.0,6770.9824,6625.262,349.0
849,2014-09-13,8080.0,883.0,1.0,0.0,0,0.0,6.0,-0.94732636,-0.32026985,-1.0,-1.8369701e-16,3,0,0,1,7397.0,1,7296.0,1,6594.0,1,7898.0,1,11483.0,1,5556.0,1,8362.0,1,6591.0,7021.3896,6796.7593,101.0
849,2014-09-14,0.0,0.0,0.0,0.0,0,0.0,7.0,-0.94732636,-0.32026985,-1.0,-1.8369701e-16,3,0,0,1,8080.0,1,7397.0,1,6947.0,1,7414.0,1,9439.0,1,7875.0,1,7789.0,1,6798.0,7444.834,7081.924,683.0
849,2014-09-15,10373.0,1059.0,1.0,1.0,0,0.0,1.0,-0.9785565,-0.20597862,-1.0,-1.8369701e-16,3,0,0,1,0.0,1,8080.0,1,7296.0,1,0.0,1,8184.0,1,8255.0,1,7949.0,1,7220.0,4466.9004,5508.163,-8080.0
849,2014-09-16,7866.0,872.0,1.0,1.0,0,0.0,2.0,-0.9785565,-0.20597862,-1.0,-1.8369701e-16,3,0,0,1,10373.0,1,0.0,1,7397.0,1,7352.0,1,7689.0,1,0.0,1,6654.0,1,7886.0,6829.3403,6589.238,10373.0
849,2014-09-17,7646.0,837.0,1.0,1.0,0,0.0,3.0,-0.9785565,-0.20597862,-1.0,-1.8369701e-16,3,0,0,1,7866.0,1,10373.0,1,8080.0,1,6594.0,1,7898.0,1,11483.0,1,0.0,1,0.0,7244.004,6872.963,-2507.0
849,2014-09-18,7749.0,861.0,1.0,1.0,0,0.0,4.0,-0.9785565,-0.20597862,-1.0,-1.8369701e-16,3,0,0,1,7646.0,1,7866.0,1,0.0,1,6947.0,1,7414.0,1,9439.0,1,6494.0,1,10514.0,7404.8022,7044.749,-220.0
849,2014-09-19,8496.0,928.0,1.0,1.0,0,0.0,5.0,-0.9785565,-0.20597862,-1.0,-1.8369701e-16,3,0,0,1,7749.0,1,7646.0,1,10373.0,1,7296.0,1,0.0,1,8184.0,1,5450.0,1,9585.0,7542.4814,7201.249,103.0
849,2014-09-20,7728.0,870.0,1.0,0.0,0,0.0,6.0,-0.9785565,-0.20597862,-1.0,-1.8369701e-16,3,0,0,1,8496.0,1,7749.0,1,7866.0,1,7397.0,1,7352.0,1,7689.0,1,5836.0,1,10174.0,7923.8887,7488.9717,747.0
849,2014-09-21,0.0,0.0,0.0,0.0,0,0.0,7.0,-0.9785565,-0.20597862,-1.0,-1.8369701e-16,3,0,0,1,7728.0,1,8496.0,1,7646.0,1,8080.0,1,6594.0,1,7898.0,1,5556.0,1,11200.0,7845.533,7542.089,-768.0
849,2014-09-22,6866.0,839.0,1.0,0.0,0,0.0,1.0,-0.9960498,-0.08879589,-1.0,-1.8369701e-16,3,0,0,1,0.0,1,7728.0,1,7749.0,1,0.0,1,6947.0,1,7414.0,1,7875.0,1,10807.0,4707.32,5866.0693,-7728.0
849,2014-09-23,5825.0,710.0,1.0,0.0,0,0.0,2.0,-0.9960498,-0.08879589,-1.0,-1.8369701e-16,3,0,0,1,6866.0,1,0.0,1,8496.0,1,10373.0,1,7296.0,1,0.0,1,8255.0,1,8089.0,5570.792,6088.276,6866.0
849,2014-09-24,6060.0,756.0,1.0,0.0,0,0.0,3.0,-0.9960498,-0.08879589,-1.0,-1.8369701e-16,3,0,0,1,5825.0,1,6866.0,1,7728.0,1,7866.0,1,7397.0,1,7352.0,1,0.0,1,0.0,5672.475,6029.7705,-1041.0
849,2014-09-25,6390.0,764.0,1.0,0.0,0,0.0,4.0,-0.9960498,-0.08879589,-1.0,-1.8369701e-16,3,0,0,1,6060.0,1,5825.0,1,0.0,1,7646.0,1,8080.0,1,6594.0,1,11483.0,1,10905.0,5827.4854,6036.488,235.0
849,2014-09-26,6726.0,826.0,1.0,0.0,0,0.0,5.0,-0.9960498,-0.08879589,-1.0,-1.8369701e-16,3,0,0,1,6390.0,1,6060.0,1,6866.0,1,7749.0,1,0.0,1,6947.0,1,9439.0,1,9070.0,6052.491,6115.0464,330.0
849,2014-09-27,7937.0,847.0,1.0,0.0,0,0.0,6.0,-0.9960498,-0.08879589,-1.0,-1.8369701e-16,3,0,0,1,6726.0,1,6390.0,1,5825.0,1,8496.0,1,10373.0,1,7296.0,1,8184.0,1,8677.0,6321.8945,6250.8135,336.0
849,2014-09-28,0.0,0.0,0.0,0.0,0,0.0,7.0,-0.9960498,-0.08879589,-1.0,-1.8369701e-16,3,0,0,1,7937.0,1,6726.0,1,6060.0,1,7728.0,1,7866.0,1,7397.0,1,7689.0,1,8959.0,6967.937,6625.522,1211.0
849,2014-09-29,10466.0,1036.0,1.0,1.0,0,0.0,1.0,-0.99956083,0.029633328,-1.0,-1.8369701e-16,3,0,0,1,0.0,1,7937.0,1,6390.0,1,0.0,1,7646.0,1,8080.0,1,7898.0,1,7877.0,4180.762,5153.1836,-7937.0
849,2014-09-30,10627.0,1049.0,1.0,1.0,0,0.0,2.0,-0.99956083,0.029633328,-1.0,-1.8369701e-16,3,0,1,1,10466.0,1,0.0,1,6726.0,1,6866.0,1,7749.0,1,0.0,1,7414.0,1,8117.0,6694.8574,6333.8096,10466.0
849,2014-10-01,9915.0,1015.0,1.0,1.0,0,0.0,3.0,-0.99956083,0.029633328,-0.8660254,0.5,4,1,0,1,10627.0,1,10466.0,1,7937.0,1,5825.0,1,8496.0,1,10373.0,1,0.0,1,0.0,8267.714,7287.852,161.0
849,2014-10-02,9740.0,1027.0,1.0,1.0,0,0.0,4.0,-0.99956083,0.029633328,-0.8660254,0.5,4,0,0,1,9915.0,1,10627.0,1,0.0,1,6060.0,1,7728.0,1,7866.0,1,7352.0,1,7550.0,8926.629,7871.6626,-712.0
849,2014-10-03,0.0,0.0,0.0,1.0,1,0.0,5.0,-0.99956083,0.029633328,-0.8660254,0.5,4,0,0,1,9740.0,1,9915.0,1,10466.0,1,6390.0,1,0.0,1,7646.0,1,6594.0,1,6073.0,9251.978,8286.849,-175.0
849,2014-10-04,8856.0,968.0,1.0,0.0,0,0.0,6.0,-0.99956083,0.029633328,-0.8660254,0.5,4,0,0,1,0.0,1,9740.0,1,10627.0,1,6726.0,1,6866.0,1,7749.0,1,6947.0,1,6955.0,5551.1865,6445.3267,-9740.0
849,2014-10-05,0.0,0.0,0.0,0.0,0,0.0,7.0,-0.99956083,0.029633328,-0.8660254,0.5,4,0,0,1,8856.0,1,0.0,1,9915.0,1,7937.0,1,5825.0,1,8496.0,1,7296.0,1,5820.0,6873.112,6981.0317,8856.0
849,2014-10-06,11912.0,1117.0,1.0,1.0,0,0.0,1.0,-0.9890402,0.14764656,-0.8660254,0.5,4,0,0,1,0.0,1,8856.0,1,9740.0,1,0.0,1,6060.0,1,7728.0,1,7397.0,1,7019.0,4123.867,5429.6914,-8856.0
849,2014-10-07,8383.0,892.0,1.0,1.0,0,0.0,2.0,-0.9890402,0.14764656,-0.8660254,0.5,4,0,0,1,11912.0,1,0.0,1,0.0,1,10466.0,1,6390.0,1,0.0,1,8080.0,1,7522.0,7239.12,6870.2046,11912.0
849,2014-10-08,8739.0,936.0,1.0,1.0,0,0.0,3.0,-0.9890402,0.14764656,-0.8660254,0.5,4,0,0,1,8383.0,1,11912.0,1,8856.0,1,10627.0,1,6726.0,1,6866.0,1,0.0,1,0.0,7696.6724,7206.3813,-3529.0
849,2014-10-09,8414.0,946.0,1.0,1.0,0,0.0,4.0,-0.9890402,0.14764656,-0.8660254,0.5,4,0,0,1,8739.0,1,8383.0,1,0.0,1,9915.0,1,7937.0,1,5825.0,1,10373.0,1,11567.0,8113.6035,7546.9634,356.0
849,2014-10-10,8706.0,984.0,1.0,1.0,0,0.0,5.0,-0.9890402,0.14764656,-0.8660254,0.5,4,0,0,1,8414.0,1,8739.0,1,11912.0,1,9740.0,1,0.0,1,6060.0,1,7866.0,1,9246.0,8233.762,7739.638,-325.0
849,2014-10-11,8704.0,915.0,1.0,0.0,0,0.0,6.0,-0.9890402,0.14764656,-0.8660254,0.5,4,0,0,1,8706.0,1,8414.0,1,8383.0,1,0.0,1,10466.0,1,6390.0,1,7646.0,1,8362.0,8422.657,7954.3853,292.0
849,2014-10-12,0.0,0.0,0.0,0.0,0,0.0,7.0,-0.9890402,0.14764656,-0.8660254,0.5,4,0,0,1,8704.0,1,8706.0,1,8739.0,1,8856.0,1,10627.0,1,6726.0,1,7749.0,1,7789.0,8535.194,8120.9663,-2.0
849,2014-10-13,6859.0,833.0,1.0,0.0,0,0.0,1.0,-0.9646356,0.26358718,-0.8660254,0.5,4,0,0,1,0.0,1,8704.0,1,8414.0,1,0.0,1,9915.0,1,7937.0,1,8496.0,1,7949.0,5121.1167,6316.307,-8704.0
849,2014-10-14,5667.0,700.0,1.0,0.0,0,0.0,2.0,-0.9646356,0.26358718,-0.8660254,0.5,4,0,0,1,6859.0,1,0.0,1,8706.0,1,11912.0,1,9740.0,1,0.0,1,7728.0,1,6654.0,5816.27,6436.9053,6859.0
849,2014-10-15,6589.0,783.0,1.0,0.0,0,0.0,3.0,-0.9646356,0.26358718,-0.8660254,0.5,4,0,0,1,5667.0,1,6859.0,1,8704.0,1,8383.0,1,0.0,1,10466.0,1,0.0,1,0.0,5756.562,6265.8154,-1192.0
849,2014-10-16,6538.0,781.0,1.0,0.0,0,0.0,4.0,-0.9646356,0.26358718,-0.8660254,0.5,4,0,0,1,6589.0,1,5667.0,1,0.0,1,8739.0,1,8856.0,1,10627.0,1,6866.0,1,6494.0,6089.537,6337.6343,922.0
849,2014-10-17,7140.0,826.0,1.0,0.0,0,0.0,5.0,-0.9646356,0.26358718,-0.8660254,0.5,4,0,0,1,6538.0,1,6589.0,1,6859.0,1,8414.0,1,0.0,1,9915.0,1,5825.0,1,5450.0,6268.9224,6382.16,-51.0
849,2014-10-18,8029.0,900.0,1.0,0.0,0,0.0,6.0,-0.9646356,0.26358718,-0.8660254,0.5,4,0,0,1,7140.0,1,6538.0,1,5667.0,1,8706.0,1,11912.0,1,9740.0,1,6060.0,1,5836.0,6617.3535,6550.569,602.0
849,2014-10-19,0.0,0.0,0.0,0.0,0,0.0,7.0,-0.9646356,0.26358718,-0.8660254,0.5,4,0,0,1,8029.0,1,7140.0,1,6589.0,1,8704.0,1,8383.0,1,0.0,1,6390.0,1,5556.0,7182.012,6879.109,889.0
849,2014-10-20,9940.0,983.0,1.0,1.0,0,0.0,1.0,-0.9266896,0.37582758,-0.8660254,0.5,4,0,0,1,0.0,1,8029.0,1,6538.0,1,0.0,1,8739.0,1,8856.0,1,6726.0,1,7875.0,4309.207,5350.418,-8029.0
849,2014-10-21,8444.0,823.0,1.0,1.0,0,0.0,2.0,-0.9266896,0.37582758,-0.8660254,0.5,4,0,0,1,9940.0,1,0.0,1,7140.0,1,6859.0,1,8414.0,1,0.0,1,7937.0,1,8255.0,6561.5244,6370.325,9940.0
849,2014-10-22,7881.0,891.0,1.0,1.0,0,0.0,3.0,-0.9266896,0.37582758,-0.8660254,0.5,4,0,0,1,8444.0,1,9940.0,1,8029.0,1,5667.0,1,8706.0,1,11912.0,1,0.0,1,0.0,7314.5146,6831.142,-1496.0
849,2014-10-23,7232.0,841.0,1.0,1.0,0,0.0,4.0,-0.9266896,0.37582758,-0.8660254,0.5,4,0,0,1,7881.0,1,8444.0,1,0.0,1,6589.0,1,8704.0,1,8383.0,1,10466.0,1,11483.0,7541.109,7064.444,-563.0
849,2014-10-24,7774.0,875.0,1.0,1.0,0,0.0,5.0,-0.9266896,0.37582758,-0.8660254,0.5,4,0,0,1,7232.0,1,7881.0,1,9940.0,1,6538.0,1,0.0,1,8739.0,1,10627.0,1,9439.0,7417.4653,7101.678,-649.0
849,2014-10-25,8696.0,888.0,1.0,0.0,0,0.0,6.0,-0.9266896,0.37582758,-0.8660254,0.5,4,0,0,1,7774.0,1,7232.0,1,8444.0,1,7140.0,1,6859.0,1,8414.0,1,9915.0,1,8184.0,7560.079,7251.083,542.0
849,2014-10-26,0.0,0.0,0.0,0.0,0,0.0,7.0,-0.9266896,0.37582758,-0.8660254,0.5,4,0,0,1,8696.0,1,7774.0,1,7881.0,1,8029.0,1,5667.0,1,8706.0,1,9740.0,1,7689.0,8014.4473,7572.176,922.0
849,2014-10-27,7230.0,784.0,1.0,0.0,0,1.0,1.0,-0.8757349,0.4827922,-0.8660254,0.5,4,0,0,1,0.0,1,8696.0,1,7232.0,1,0.0,1,6589.0,1,8704.0,1,0.0,1,7898.0,4808.6685,5889.47,-8696.0
849,2014-10-28,5468.0,684.0,1.0,0.0,0,1.0,2.0,-0.8757349,0.4827922,-0.8660254,0.5,4,0,0,1,7230.0,1,0.0,1,7774.0,1,9940.0,1,6538.0,1,0.0,1,8856.0,1,7414.0,5777.201,6187.3657,7230.0
849,2014-10-29,6315.0,772.0,1.0,0.0,0,1.0,3.0,-0.8757349,0.4827922,-0.8660254,0.5,4,0,0,1,5468.0,1,7230.0,1,8696.0,1,8444.0,1,7140.0,1,6859.0,1,0.0,1,0.0,5653.5205,6027.507,-1762.0
849,2014-10-30,7351.0,817.0,1.0,0.0,0,1.0,4.0,-0.8757349,0.4827922,-0.8660254,0.5,4,0,0,1,6315.0,1,5468.0,1,0.0,1,7881.0,1,8029.0,1,5667.0,1,11912.0,1,7352.0,5918.1123,6091.394,847.0
849,2014-10-31,7827.0,882.0,1.0,0.0,0,1.0,5.0,-0.8757349,0.4827922,-0.8660254,0.5,4,0,1,1,7351.0,1,6315.0,1,7230.0,1,7232.0,1,0.0,1,6589.0,1,8383.0,1,6594.0,6491.2676,6371.3066,1036.0
849,2014-11-01,8064.0,882.0,1.0,0.0,0,0.0,6.0,-0.8757349,0.4827922,-0.5,0.8660254,4,1,0,1,7827.0,1,7351.0,1,5468.0,1,7774.0,1,9940.0,1,6538.0,1,8739.0,1,6947.0,7025.5605,6694.794,476.0
849,2014-11-02,0.0,0.0,0.0,0.0,0,0.0,7.0,-0.8757349,0.4827922,-0.5,0.8660254,4,0,0,1,8064.0,1,7827.0,1,6315.0,1,8696.0,1,8444.0,1,7140.0,1,8414.0,1,7296.0,7440.936,6999.062,237.0
849,2014-11-03,11667.0,1060.0,1.0,1.0,0,1.0,1.0,-0.8124869,0.5829795,-0.5,0.8660254,4,0,0,1,0.0,1,8064.0,1,7351.0,1,0.0,1,7881.0,1,8029.0,1,8706.0,1,7397.0,4464.5615,5443.715,-8064.0
849,2014-11-04,8996.0,950.0,1.0,1.0,0,1.0,2.0,-0.8124869,0.5829795,-0.5,0.8660254,4,0,0,1,11667.0,1,0.0,1,7827.0,1,7230.0,1,7232.0,1,0.0,1,8704.0,1,8080.0,7345.537,6826.667,11667.0
849,2014-11-05,9261.0,957.0,1.0,1.0,0,1.0,3.0,-0.8124869,0.5829795,-0.5,0.8660254,4,0,0,1,8996.0,1,11667.0,1,8064.0,1,5468.0,1,7774.0,1,9940.0,1,0.0,1,0.0,8005.722,7308.741,-2671.0
849,2014-11-06,8867.0,922.0,1.0,1.0,0,1.0,4.0,-0.8124869,0.5829795,-0.5,0.8660254,4,0,0,1,9261.0,1,8996.0,1,0.0,1,6315.0,1,8696.0,1,8444.0,1,6859.0,1,10373.0,8507.833,7742.576,265.0
849,2014-11-07,8793.0,924.0,1.0,1.0,0,1.0,5.0,-0.8124869,0.5829795,-0.5,0.8660254,4,0,0,1,8867.0,1,9261.0,1,11667.0,1,7351.0,1,0.0,1,7881.0,1,5667.0,1,7866.0,8651.5,7992.448,-394.0
849,2014-11-08,8184.0,938.0,1.0,0.0,0,0.0,6.0,-0.8124869,0.5829795,-0.5,0.8660254,4,0,0,1,8793.0,1,8867.0,1,8996.0,1,7827.0,1,7230.0,1,7232.0,1,6589.0,1,7646.0,8708.1,8170.3486,-74.0
849,2014-11-09,0.0,0.0,0.0,0.0,0,0.0,7.0,-0.8124869,0.5829795,-0.5,0.8660254,4,0,0,1,8184.0,1,8793.0,1,9261.0,1,8064.0,1,5468.0,1,7774.0,1,6538.0,1,7749.0,8498.46,8173.3823,-609.0
849,2014-11-10,9897.0,1019.0,1.0,1.0,0,0.0,1.0,-0.73783326,0.674983,-0.5,0.8660254,4,0,0,1,0.0,1,8184.0,1,8867.0,1,0.0,1,6315.0,1,8696.0,1,7140.0,1,8496.0,5099.076,6357.075,-8184.0
849,2014-11-11,8572.0,883.0,1.0,1.0,0,0.0,2.0,-0.73783326,0.674983,-0.5,0.8660254,4,0,0,1,9897.0,1,0.0,1,8793.0,1,11667.0,1,7351.0,1,0.0,1,8029.0,1,7728.0,7018.2456,7143.725,9897.0
849,2014-11-12,8267.0,893.0,1.0,1.0,0,0.0,3.0,-0.73783326,0.674983,-0.5,0.8660254,4,0,0,1,8572.0,1,9897.0,1,8184.0,1,8996.0,1,7827.0,1,7230.0,1,0.0,1,0.0,7639.7476,7461.1196,-1325.0
849,2014-11-13,7735.0,829.0,1.0,1.0,0,0.0,4.0,-0.73783326,0.674983,-0.5,0.8660254,4,0,0,1,8267.0,1,8572.0,1,0.0,1,9261.0,1,8064.0,1,5468.0,1,9940.0,1,6866.0,7890.6484,7640.204,-305.0
849,2014-11-14,9467.0,922.0,1.0,1.0,0,0.0,5.0,-0.73783326,0.674983,-0.5,0.8660254,4,0,0,1,7735.0,1,8267.0,1,9897.0,1,8867.0,1,0.0,1,6315.0,1,8444.0,1,5825.0,7828.389,7661.27,-532.0
849,2014-11-15,8758.0,961.0,1.0,0.0,0,0.0,6.0,-0.73783326,0.674983,-0.5,0.8660254,4,0,0,1,9467.0,1,7735.0,1,8572.0,1,8793.0,1,11667.0,1,7351.0,1,7881.0,1,6060.0,8483.833,8062.543,1732.0
849,2014-11-16,0.0,0.0,0.0,0.0,0,0.0,7.0,-0.73783326,0.674983,-0.5,0.8660254,4,0,0,1,8758.0,1,9467.0,1,8267.0,1,8184.0,1,8996.0,1,7827.0,1,7232.0,1,6390.0,8593.5,8217.089,-709.0
849,2014-11-17,6596.0,806.0,1.0,0.0,0,0.0,1.0,-0.65282214,0.75751126,-0.5,0.8660254,4,0,0,1,0.0,1,8758.0,1,7735.0,1,0.0,1,9261.0,1,8064.0,1,7774.0,1,6726.0,5156.1,6391.0693,-8758.0
849,2014-11-18,6679.0,776.0,1.0,0.0,0,0.0,2.0,-0.65282214,0.75751126,-0.5,0.8660254,4,0,0,1,6596.0,1,0.0,1,9467.0,1,9897.0,1,8867.0,1,0.0,1,8696.0,1,7937.0,5732.06,6436.6094,6596.0
849,2014-11-19,5821.0,759.0,1.0,0.0,0,0.0,3.0,-0.65282214,0.75751126,-0.5,0.8660254,4,0,0,1,6679.0,1,6596.0,1,8758.0,1,8572.0,1,8793.0,1,11667.0,1,0.0,1,0.0,6110.836,6490.474,83.0
849,2014-11-20,7205.0,840.0,1.0,0.0,0,0.0,4.0,-0.65282214,0.75751126,-0.5,0.8660254,4,0,0,1,5821.0,1,6679.0,1,0.0,1,8267.0,1,8184.0,1,8996.0,1,7230.0,1,10466.0,5994.9014,6341.702,-858.0
849,2014-11-21,7469.0,851.0,1.0,0.0,0,0.0,5.0,-0.65282214,0.75751126,-0.5,0.8660254,4,0,0,1,7205.0,1,5821.0,1,6596.0,1,7735.0,1,0.0,1,9261.0,1,5468.0,1,10627.0,6478.941,6533.546,1384.0
849,2014-11-22,8622.0,993.0,1.0,0.0,0,0.0,6.0,-0.65282214,0.75751126,-0.5,0.8660254,4,0,0,1,7469.0,1,7205.0,1,6679.0,1,9467.0,1,9897.0,1,8867.0,1,6315.0,1,9915.0,6874.9644,6741.425,264.0
849,2014-11-23,0.0,0.0,0.0,0.0,0,0.0,7.0,-0.65282214,0.75751126,-0.5,0.8660254,4,0,0,1,8622.0,1,7469.0,1,5821.0,1,8758.0,1,8572.0,1,8793.0,1,7351.0,1,9740.0,7573.779,7159.33,1153.0
849,2014-11-24,11195.0,1088.0,1.0,1.0,0,0.0,1.0,-0.55864674,0.82940567,-0.5,0.8660254,4,0,0,1,0.0,1,8622.0,1,7205.0,1,0.0,1,8267.0,1,8184.0,1,7827.0,1,0.0,4544.267,5568.368,-8622.0
849,2014-11-25,9325.0,958.0,1.0,1.0,0,0.0,2.0,-0.55864674,0.82940567,-0.5,0.8660254,4,0,0,1,11195.0,1,0.0,1,7469.0,1,6596.0,1,7735.0,1,0.0,1,8064.0,1,8856.0,7204.5605,6818.7305,11195.0
849,2014-11-26,10387.0,1074.0,1.0,1.0,0,0.0,3.0,-0.55864674,0.82940567,-0.5,0.8660254,4,0,0,1,9325.0,1,11195.0,1,8622.0,1,6679.0,1,9467.0,1,9897.0,1,0.0,1,0.0,8052.7363,7375.679,-1870.0
849,2014-11-27,9750.0,989.0,1.0,1.0,0,0.0,4.0,-0.55864674,0.82940567,-0.5,0.8660254,4,0,0,1,10387.0,1,9325.0,1,0.0,1,5821.0,1,8758.0,1,8572.0,1,11667.0,1,11912.0,8986.441,8044.862,1062.0
849,2014-11-28,12065.0,1150.0,1.0,1.0,0,0.0,5.0,-0.55864674,0.82940567,-0.5,0.8660254,4,0,0,1,9750.0,1,10387.0,1,11195.0,1,7205.0,1,0.0,1,8267.0,1,8996.0,1,8383.0,9291.865,8423.781,-637.0
849,2014-11-29,12832.0,1259.0,1.0,0.0,0,0.0,6.0,-0.55864674,0.82940567,-0.5,0.8660254,4,0,0,1,12065.0,1,9750.0,1,9325.0,1,7469.0,1,6596.0,1,7735.0,1,9261.0,1,8739.0,10401.119,9232.941,2315.0
849,2014-11-30,0.0,0.0,0.0,0.0,0,0.0,7.0,-0.55864674,0.82940567,-0.5,0.8660254,4,0,1,1,12832.0,1,12065.0,1,10387.0,1,8622.0,1,6679.0,1,9467.0,1,8867.0,1,8414.0,11373.472,10032.732,767.0
849,2014-12-01,12823.0,1226.0,1.0,1.0,0,0.0,1.0,-0.45662925,0.8896571,-2.4492937e-16,1.0,4,1,0,1,0.0,1,12832.0,1,9750.0,1,0.0,1,5821.0,1,8758.0,1,8793.0,1,8706.0,6824.083,7803.236,-12832.0
849,2014-12-02,10975.0,1050.0,1.0,1.0,0,0.0,2.0,-0.45662925,0.8896571,-2.4492937e-16,1.0,4,0,0,1,12823.0,1,0.0,1,12065.0,1,11195.0,1,7205.0,1,0.0,1,8184.0,1,8704.0,9223.649,8918.739,12823.0
849,2014-12-03,10575.0,1071.0,1.0,1.0,0,0.0,3.0,-0.45662925,0.8896571,-2.4492937e-16,1.0,4,0,0,1,10975.0,1,12823.0,1,12832.0,1,9325.0,1,7469.0,1,6596.0,1,0.0,1,0.0,9924.189,9375.686,-1848.0
849,2014-12-04,10144.0,1052.0,1.0,1.0,0,0.0,4.0,-0.45662925,0.8896571,-2.4492937e-16,1.0,4,0,0,1,10575.0,1,10975.0,1,0.0,1,10387.0,1,8622.0,1,6679.0,1,9897.0,1,6859.0,10184.514,9642.2,-400.0
849,2014-12-05,12719.0,1177.0,1.0,1.0,0,0.0,5.0,-0.45662925,0.8896571,-2.4492937e-16,1.0,4,0,0,1,10144.0,1,10575.0,1,12823.0,1,9750.0,1,0.0,1,5821.0,1,8572.0,1,5667.0,10168.309,9753.711,-431.0
849,2014-12-06,9989.0,1116.0,1.0,0.0,0,0.0,6.0,-0.45662925,0.8896571,-2.4492937e-16,1.0,4,0,0,1,12719.0,1,10144.0,1,10975.0,1,12065.0,1,11195.0,1,7205.0,1,8267.0,1,6589.0,11188.585,10412.664,2575.0
849,2014-12-07,0.0,0.0,0.0,0.0,0,0.0,7.0,-0.45662925,0.8896571,-2.4492937e-16,1.0,4,0,0,1,9989.0,1,12719.0,1,10575.0,1,12832.0,1,9325.0,1,7469.0,1,7735.0,1,6538.0,10708.751,10318.517,-2730.0
849,2014-12-08,7081.0,906.0,1.0,0.0,0,0.0,1.0,-0.34820163,0.93741965,-2.4492937e-16,1.0,4,0,0,1,0.0,1,9989.0,1,10144.0,1,0.0,1,10387.0,1,8622.0,1,9467.0,1,7140.0,6425.2505,8025.513,-9989.0
849,2014-12-09,6931.0,802.0,1.0,0.0,0,0.0,2.0,-0.34820163,0.93741965,-2.4492937e-16,1.0,4,0,0,1,7081.0,1,0.0,1,12719.0,1,12823.0,1,9750.0,1,0.0,1,8758.0,1,8029.0,6687.5503,7815.621,7081.0
849,2014-12-10,7947.0,884.0,1.0,0.0,0,0.0,3.0,-0.34820163,0.93741965,-2.4492937e-16,1.0,4,0,0,1,6931.0,1,7081.0,1,9989.0,1,10975.0,1,12065.0,1,11195.0,1,0.0,1,0.0,6784.93,7619.0386,-150.0
849,2014-12-11,7555.0,859.0,1.0,0.0,0,0.0,4.0,-0.34820163,0.93741965,-2.4492937e-16,1.0,4,0,0,1,7947.0,1,6931.0,1,0.0,1,10575.0,1,12832.0,1,9325.0,1,6596.0,1,9940.0,7249.7583,7691.919,1016.0
849,2014-12-12,8798.0,937.0,1.0,0.0,0,0.0,5.0,-0.34820163,0.93741965,-2.4492937e-16,1.0,4,0,0,1,7555.0,1,7947.0,1,7081.0,1,10144.0,1,0.0,1,10387.0,1,6679.0,1,8444.0,7371.855,7661.4927,-392.0
849,2014-12-13,10404.0,1134.0,1.0,0.0,0,0.0,6.0,-0.34820163,0.93741965,-2.4492937e-16,1.0,4,0,0,1,8798.0,1,7555.0,1,6931.0,1,12719.0,1,12823.0,1,9750.0,1,5821.0,1,7881.0,7942.313,7914.05,1243.0
849,2014-12-14,0.0,0.0,0.0,0.0,0,0.0,7.0,-0.34820163,0.93741965,-2.4492937e-16,1.0,4,0,0,1,10404.0,1,8798.0,1,7947.0,1,9989.0,1,10975.0,1,12065.0,1,7205.0,1,7232.0,8926.987,8467.372,1606.0
849,2014-12-15,13984.0,1302.0,1.0,1.0,0,0.0,1.0,-0.23488605,0.9720229,-2.4492937e-16,1.0,4,0,0,1,0.0,1,10404.0,1,7555.0,1,0.0,1,10575.0,1,12832.0,1,7469.0,1,7774.0,5356.193,6585.734,-10404.0
849,2014-12-16,11806.0,1186.0,1.0,1.0,0,0.0,2.0,-0.23488605,0.9720229,-2.4492937e-16,1.0,4,0,0,1,13984.0,1,0.0,1,8798.0,1,7081.0,1,10144.0,1,0.0,1,8622.0,1,8696.0,8807.315,8229.793,13984.0
849,2014-12-17,11796.0,1133.0,1.0,1.0,0,0.0,3.0,-0.23488605,0.9720229,-2.4492937e-16,1.0,4,0,0,1,11806.0,1,13984.0,1,10404.0,1,6931.0,1,12719.0,1,12823.0,1,0.0,1,0.0,10006.789,9024.506,-2178.0
849,2014-12-18,12054.0,1208.0,1.0,1.0,0,0.0,4.0,-0.23488605,0.9720229,-2.4492937e-16,1.0,4,0,0,1,11796.0,1,11806.0,1,0.0,1,7947.0,1,9989.0,1,10975.0,1,11195.0,1,7230.0,10722.474,9640.394,-10.0
849,2014-12-19,12529.0,1263.0,1.0,1.0,0,0.0,5.0,-0.23488605,0.9720229,-2.4492937e-16,1.0,4,0,0,1,12054.0,1,11796.0,1,13984.0,1,7555.0,1,0.0,1,10575.0,1,9325.0,1,5468.0,11255.084,10176.75,258.0
849,2014-12-20,12335.0,1253.0,1.0,0.0,0,0.0,6.0,-0.23488605,0.9720229,-2.4492937e-16,1.0,4,0,0,1,12529.0,1,12054.0,1,11806.0,1,8798.0,1,7081.0,1,10144.0,1,10387.0,1,6315.0,11764.65,10699.473,475.0
849,2014-12-21,0.0,0.0,0.0,0.0,0,0.0,7.0,-0.23488605,0.9720229,-2.4492937e-16,1.0,4,0,0,1,12335.0,1,12529.0,1,11796.0,1,10404.0,1,6931.0,1,12719.0,1,9750.0,1,7351.0,11992.79,11062.923,-194.0
849,2014-12-22,16528.0,1631.0,1.0,0.0,0,1.0,1.0,-0.11827317,0.9929811,-2.4492937e-16,1.0,4,0,0,1,0.0,1,12335.0,1,12054.0,1,0.0,1,7947.0,1,9989.0,1,12065.0,1,7827.0,7195.6743,8604.496,-12335.0
849,2014-12-23,14479.0,1627.0,1.0,0.0,0,1.0,2.0,-0.11827317,0.9929811,-2.4492937e-16,1.0,4,0,0,1,16528.0,1,0.0,1,12529.0,1,13984.0,1,7555.0,1,0.0,1,12832.0,1,8064.0,10928.6045,10365.274,16528.0
849,2014-12-24,5674.0,657.0,1.0,0.0,0,1.0,3.0,-0.11827317,0.9929811,-2.4492937e-16,1.0,4,0,0,1,14479.0,1,16528.0,1,12335.0,1,11806.0,1,8798.0,1,7081.0,1,0.0,1,0.0,12348.763,11279.436,-2049.0
849,2014-12-25,0.0,0.0,0.0,0.0,3,1.0,4.0,-0.11827317,0.9929811,-2.4492937e-16,1.0,4,0,0,1,5674.0,1,14479.0,1,0.0,1,11796.0,1,10404.0,1,6931.0,1,12823.0,1,11667.0,9678.857,10033.783,-8805.0
849,2014-12-26,0.0,0.0,0.0,0.0,3,1.0,5.0,-0.11827317,0.9929811,-2.4492937e-16,1.0,4,0,0,1,0.0,1,5674.0,1,16528.0,1,12054.0,1,0.0,1,7947.0,1,10975.0,1,8996.0,5807.3145,7804.0537,-5674.0
849,2014-12-27,8775.0,1080.0,1.0,0.0,0,1.0,6.0,-0.11827317,0.9929811,-2.4492937e-16,1.0,4,0,0,1,0.0,1,0.0,1,14479.0,1,12529.0,1,13984.0,1,7555.0,1,10575.0,1,9261.0,3484.3887,6069.8193,0.0
849,2014-12-28,0.0,0.0,0.0,0.0,0,1.0,7.0,-0.11827317,0.9929811,-2.4492937e-16,1.0,4,0,0,1,8775.0,1,0.0,1,5674.0,1,12335.0,1,11806.0,1,8798.0,1,10144.0,1,8867.0,5600.6333,6670.9707,8775.0
849,2014-12-29,9905.0,1063.0,1.0,0.0,0,1.0,1.0,0.11827317,0.9929811,-2.4492937e-16,1.0,4,0,0,1,0.0,1,8775.0,1,0.0,1,0.0,1,11796.0,1,10404.0,1,12719.0,1,8793.0,3360.38,5188.5327,-8775.0
849,2014-12-30,10645.0,1141.0,1.0,0.0,0,1.0,2.0,0.11827317,0.9929811,-2.4492937e-16,1.0,4,0,0,1,9905.0,1,0.0,1,0.0,1,16528.0,1,12054.0,1,0.0,1,9989.0,1,8184.0,5978.228,6236.6367,9905.0
849,2014-12-31,5254.0,608.0,1.0,0.0,0,1.0,3.0,0.11827317,0.9929811,-2.4492937e-16,1.0,4,0,1,1,10645.0,1,9905.0,1,8775.0,1,14479.0,1,12529.0,1,13984.0,1,0.0,1,0.0,7844.937,7216.273,740.0
849,2015-01-01,0.0,0.0,0.0,0.0,1,1.0,4.0,0.11827317,0.9929811,0.5,0.8660254,1,1,0,1,5254.0,1,10645.0,1,0.0,1,5674.0,1,12335.0,1,11806.0,1,7081.0,1,9897.0,6808.562,6780.2124,-5391.0
849,2015-01-02,8457.0,948.0,1.0,0.0,0,1.0,5.0,0.11827317,0.9929811,0.5,0.8660254,1,0,0,1,0.0,1,5254.0,1,9905.0,1,0.0,1,0.0,1,11796.0,1,6931.0,1,8572.0,4085.1372,5273.4985,-5254.0
849,2015-01-03,8758.0,1021.0,1.0,0.0,0,0.0,6.0,0.11827317,0.9929811,0.5,0.8660254,1,0,0,1,8457.0,1,0.0,1,10645.0,1,0.0,1,16528.0,1,12054.0,1,7947.0,1,8267.0,5833.8823,5980.9434,8457.0
849,2015-01-04,0.0,0.0,0.0,0.0,0,0.0,7.0,0.11827317,0.9929811,0.5,0.8660254,1,0,0,1,8758.0,1,8457.0,1,5254.0,1,8775.0,1,14479.0,1,12529.0,1,7555.0,1,7735.0,7003.5293,6598.067,301.0
849,2015-01-05,10737.0,1102.0,1.0,1.0,0,1.0,1.0,0.23488605,0.9720229,0.5,0.8660254,1,0,0,1,0.0,1,8758.0,1,0.0,1,0.0,1,5674.0,1,12335.0,1,8798.0,1,9467.0,4202.1177,5131.83,-8758.0
849,2015-01-06,8714.0,877.0,1.0,1.0,0,0.0,2.0,0.23488605,0.9720229,0.5,0.8660254,1,0,0,1,10737.0,1,0.0,1,8457.0,1,9905.0,1,0.0,1,0.0,1,10404.0,1,8758.0,6816.071,6377.4233,10737.0
849,2015-01-07,7813.0,879.0,1.0,1.0,0,0.0,3.0,0.23488605,0.9720229,0.5,0.8660254,1,0,0,1,8714.0,1,10737.0,1,8758.0,1,10645.0,1,0.0,1,16528.0,1,0.0,1,0.0,7575.242,6896.6626,-2023.0
849,2015-01-08,7196.0,826.0,1.0,1.0,0,0.0,4.0,0.23488605,0.9720229,0.5,0.8660254,1,0,0,1,7813.0,1,8714.0,1,0.0,1,5254.0,1,8775.0,1,14479.0,1,13984.0,1,6596.0,7670.345,7100.293,-901.0
849,2015-01-09,8765.0,853.0,1.0,1.0,0,0.0,5.0,0.23488605,0.9720229,0.5,0.8660254,1,0,0,1,7196.0,1,7813.0,1,10737.0,1,0.0,1,0.0,1,5674.0,1,11806.0,1,6679.0,7480.6074,7121.561,-617.0
849,2015-01-10,8522.0,907.0,1.0,0.0,0,0.0,6.0,0.23488605,0.9720229,0.5,0.8660254,1,0,0,1,8765.0,1,7196.0,1,8714.0,1,8457.0,1,9905.0,1,0.0,1,11796.0,1,5821.0,7994.3643,7486.77,1569.0
849,2015-01-11,0.0,0.0,0.0,0.0,0,0.0,7.0,0.23488605,0.9720229,0.5,0.8660254,1,0,0,1,8522.0,1,8765.0,1,7813.0,1,8758.0,1,10645.0,1,0.0,1,12054.0,1,7205.0,8205.419,7716.821,-243.0
849,2015-01-12,9287.0,944.0,1.0,1.0,0,0.0,1.0,0.34820163,0.93741965,0.5,0.8660254,1,0,0,1,0.0,1,8522.0,1,7196.0,1,0.0,1,5254.0,1,8775.0,1,12529.0,1,7469.0,4923.251,6001.9717,-8522.0
849,2015-01-13,8182.0,840.0,1.0,1.0,0,0.0,2.0,0.34820163,0.93741965,0.5,0.8660254,1,0,0,1,9287.0,1,0.0,1,8765.0,1,10737.0,1,0.0,1,0.0,1,12335.0,1,8622.0,6668.7505,6731.978,9287.0
849,2015-01-14,8109.0,840.0,1.0,1.0,0,0.0,3.0,0.34820163,0.93741965,0.5,0.8660254,1,0,0,1,8182.0,1,9287.0,1,8522.0,1,8714.0,1,8457.0,1,9905.0,1,0.0,1,0.0,7274.0503,7054.205,-1105.0
849,2015-01-15,7624.0,791.0,1.0,1.0,0,0.0,4.0,0.34820163,0.93741965,0.5,0.8660254,1,0,0,1,8109.0,1,8182.0,1,0.0,1,7813.0,1,8758.0,1,10645.0,1,16528.0,1,11195.0,7608.0303,7288.604,-73.0
849,2015-01-16,9344.0,1010.0,1.0,1.0,0,0.0,5.0,0.34820163,0.93741965,0.5,0.8660254,1,0,0,1,7624.0,1,8109.0,1,9287.0,1,7196.0,1,0.0,1,5254.0,1,14479.0,1,9325.0,7614.418,7363.1367,-485.0
849,2015-01-17,8368.0,922.0,1.0,0.0,0,0.0,6.0,0.34820163,0.93741965,0.5,0.8660254,1,0,0,1,9344.0,1,7624.0,1,8182.0,1,8765.0,1,10737.0,1,0.0,1,5674.0,1,10387.0,8306.251,7803.3286,1720.0
849,2015-01-18,0.0,0.0,0.0,0.0,0,0.0,7.0,0.34820163,0.93741965,0.5,0.8660254,1,0,0,1,8368.0,1,9344.0,1,8109.0,1,8522.0,1,8714.0,1,8457.0,1,0.0,1,9750.0,8330.95,7928.811,-976.0
849,2015-01-19,6676.0,801.0,1.0,0.0,0,0.0,1.0,0.45662925,0.8896571,0.5,0.8660254,1,0,0,1,0.0,1,8368.0,1,7624.0,1,0.0,1,7813.0,1,8758.0,1,0.0,1,12065.0,4998.5703,6166.853,-8368.0
849,2015-01-20,5643.0,727.0,1.0,0.0,0,0.0,2.0,0.45662925,0.8896571,0.5,0.8660254,1,0,0,1,6676.0,1,0.0,1,9344.0,1,9287.0,1,7196.0,1,0.0,1,8775.0,1,12832.0,5669.542,6279.9966,6676.0
849,2015-01-21,5973.0,737.0,1.0,0.0,0,0.0,3.0,0.45662925,0.8896571,0.5,0.8660254,1,0,0,1,5643.0,1,6676.0,1,8368.0,1,8182.0,1,8765.0,1,10737.0,1,0.0,1,0.0,5658.9253,6138.442,-1033.0
849,2015-01-22,6281.0,750.0,1.0,0.0,0,0.0,4.0,0.45662925,0.8896571,0.5,0.8660254,1,0,0,1,5973.0,1,5643.0,1,0.0,1,8109.0,1,8522.0,1,8714.0,1,9905.0,1,12823.0,5784.555,6101.6772,330.0
849,2015-01-23,7038.0,791.0,1.0,0.0,0,0.0,5.0,0.45662925,0.8896571,0.5,0.8660254,1,0,0,1,6281.0,1,5973.0,1,6676.0,1,7624.0,1,0.0,1,7813.0,1,10645.0,1,10975.0,5983.1333,6141.5264,308.0
849,2015-01-24,8010.0,855.0,1.0,0.0,0,0.0,6.0,0.45662925,0.8896571,0.5,0.8660254,1,0,0,1,7038.0,1,6281.0,1,5643.0,1,9344.0,1,9287.0,1,7196.0,1,5254.0,1,10575.0,6405.08,6340.7427,757.0
849,2015-01-25,0.0,0.0,0.0,0.0,0,0.0,7.0,0.45662925,0.8896571,0.5,0.8660254,1,0,0,1,8010.0,1,7038.0,1,5973.0,1,8368.0,1,8182.0,1,8765.0,1,0.0,1,10144.0,7047.048,6711.689,972.0
849,2015-01-26,9491.0,988.0,1.0,1.0,0,0.0,1.0,0.55864674,0.82940567,0.5,0.8660254,1,0,0,1,0.0,1,8010.0,1,6281.0,1,0.0,1,8109.0,1,8522.0,1,8457.0,1,12719.0,4228.2285,5220.2026,-8010.0
849,2015-01-27,8317.0,909.0,1.0,1.0,0,0.0,2.0,0.55864674,0.82940567,0.5,0.8660254,1,0,0,1,9491.0,1,0.0,1,7038.0,1,6676.0,1,7624.0,1,0.0,1,8758.0,1,9989.0,6333.3374,6169.2686,9491.0
849,2015-01-28,8915.0,898.0,1.0,1.0,0,0.0,3.0,0.55864674,0.82940567,0.5,0.8660254,1,0,0,1,8317.0,1,9491.0,1,8010.0,1,5643.0,1,9344.0,1,9287.0,1,0.0,1,0.0,7126.8022,6646.5425,-1174.0
849,2015-01-29,7820.0,833.0,1.0,1.0,0,0.0,4.0,0.55864674,0.82940567,0.5,0.8660254,1,0,0,1,8915.0,1,8317.0,1,0.0,1,5973.0,1,8368.0,1,8182.0,1,10737.0,1,7081.0,7842.0815,7150.644,598.0
849,2015-01-30,10578.0,1037.0,1.0,1.0,0,0.0,5.0,0.55864674,0.82940567,0.5,0.8660254,1,0,0,1,7820.0,1,8915.0,1,9491.0,1,6281.0,1,0.0,1,8109.0,1,8714.0,1,6931.0,7833.249,7299.3896,-1095.0
849,2015-01-31,9648.0,1020.0,1.0,0.0,0,0.0,6.0,0.55864674,0.82940567,0.5,0.8660254,1,0,1,1,10578.0,1,7820.0,1,8317.0,1,7038.0,1,6676.0,1,7624.0,1,7813.0,1,7947.0,8931.149,8027.9697,2758.0
849,2015-02-01,0.0,0.0,0.0,0.0,0,0.0,7.0,0.55864674,0.82940567,0.8660254,0.5,1,1,0,1,9648.0,1,10578.0,1,8915.0,1,8010.0,1,5643.0,1,9344.0,1,7196.0,1,7555.0,9217.89,8387.977,-930.0
849,2015-02-02,10741.0,1150.0,1.0,1.0,0,1.0,1.0,0.65282214,0.75751126,0.8660254,0.5,1,0,0,1,0.0,1,9648.0,1,7820.0,1,0.0,1,5973.0,1,8368.0,1,8765.0,1,8798.0,5530.734,6523.982,-9648.0
849,2015-02-03,8191.0,906.0,1.0,1.0,0,1.0,2.0,0.65282214,0.75751126,0.8660254,0.5,1,0,0,1,10741.0,1,0.0,1,10578.0,1,9491.0,1,6281.0,1,0.0,1,8522.0,1,10404.0,7614.8403,7461.0967,10741.0
849,2015-02-04,8445.0,898.0,1.0,1.0,0,0.0,3.0,0.65282214,0.75751126,0.8660254,0.5,1,0,0,1,8191.0,1,10741.0,1,9648.0,1,8317.0,1,7038.0,1,6676.0,1,0.0,1,0.0,7845.304,7623.2974,-2550.0
849,2015-02-05,8361.0,887.0,1.0,1.0,0,0.0,4.0,0.65282214,0.75751126,0.8660254,0.5,1,0,0,1,8445.0,1,8191.0,1,0.0,1,8915.0,1,8010.0,1,5643.0,1,9287.0,1,13984.0,8085.1826,7805.898,254.0
849,2015-02-06,8728.0,936.0,1.0,1.0,0,0.0,5.0,0.65282214,0.75751126,0.8660254,0.5,1,0,0,1,8361.0,1,8445.0,1,10741.0,1,7820.0,1,0.0,1,5973.0,1,8182.0,1,11806.0,8195.51,7929.254,-84.0
849,2015-02-07,8595.0,928.0,1.0,0.0,0,0.0,6.0,0.65282214,0.75751126,0.8660254,0.5,1,0,0,1,8728.0,1,8361.0,1,8191.0,1,10578.0,1,9491.0,1,6281.0,1,8109.0,1,11796.0,8408.506,8106.7534,367.0
849,2015-02-08,0.0,0.0,0.0,0.0,0,0.0,7.0,0.65282214,0.75751126,0.8660254,0.5,1,0,0,1,8595.0,1,8728.0,1,8445.0,1,9648.0,1,8317.0,1,7038.0,1,7624.0,1,12054.0,8483.104,8215.253,-133.0
849,2015-02-09,7379.0,850.0,1.0,0.0,0,0.0,1.0,0.73783326,0.674983,0.8660254,0.5,1,0,0,1,0.0,1,8595.0,1,8361.0,1,0.0,1,8915.0,1,8010.0,1,9344.0,1,12529.0,5089.862,6389.6406,-8595.0
849,2015-02-10,6801.0,775.0,1.0,0.0,0,0.0,2.0,0.73783326,0.674983,0.8660254,0.5,1,0,0,1,7379.0,1,0.0,1,8728.0,1,10741.0,1,7820.0,1,0.0,1,8368.0,1,12335.0,6005.517,6609.4985,7379.0
849,2015-02-11,6594.0,823.0,1.0,0.0,0,0.0,3.0,0.73783326,0.674983,0.8660254,0.5,1,0,0,1,6801.0,1,7379.0,1,8595.0,1,8191.0,1,10578.0,1,9491.0,1,0.0,1,0.0,6323.7104,6652.054,-578.0
849,2015-02-12,6500.0,751.0,1.0,0.0,0,0.0,4.0,0.73783326,0.674983,0.8660254,0.5,1,0,0,1,6594.0,1,6801.0,1,0.0,1,8445.0,1,9648.0,1,8317.0,1,6676.0,1,16528.0,6431.826,6639.1533,-207.0
849,2015-02-13,7861.0,917.0,1.0,0.0,0,0.0,5.0,0.73783326,0.674983,0.8660254,0.5,1,0,0,1,6500.0,1,6594.0,1,7379.0,1,8361.0,1,0.0,1,8915.0,1,5643.0,1,14479.0,6459.0957,6608.2305,-94.0
849,2015-02-14,8645.0,950.0,1.0,0.0,0,0.0,6.0,0.73783326,0.674983,0.8660254,0.5,1,0,0,1,7861.0,1,6500.0,1,6801.0,1,8728.0,1,10741.0,1,7820.0,1,5973.0,1,5674.0,7019.8574,6886.6235,1361.0
849,2015-02-15,0.0,0.0,0.0,0.0,0,0.0,7.0,0.73783326,0.674983,0.8660254,0.5,1,0,0,1,8645.0,1,7861.0,1,6594.0,1,8595.0,1,8191.0,1,10578.0,1,6281.0,1,0.0,7669.9146,7277.374,784.0
849,2015-02-16,9900.0,1014.0,1.0,1.0,0,0.0,1.0,0.8124869,0.5829795,0.8660254,0.5,1,0,0,1,0.0,1,8645.0,1,6500.0,1,0.0,1,8445.0,1,9648.0,1,7038.0,1,0.0,4601.9487,5660.1797,-8645.0
849,2015-02-17,9040.0,896.0,1.0,1.0,0,0.0,2.0,0.8124869,0.5829795,0.8660254,0.5,1,0,0,1,9900.0,1,0.0,1,7861.0,1,7379.0,1,8361.0,1,0.0,1,8010.0,1,8775.0,6721.1694,6602.362,9900.0
849,2015-02-18,8212.0,957.0,1.0,1.0,0,0.0,3.0,0.8124869,0.5829795,0.8660254,0.5,1,0,0,1,9040.0,1,9900.0,1,8645.0,1,6801.0,1,8728.0,1,10741.0,1,0.0,1,0.0,7648.7017,7144.0596,-860.0
849,2015-02-19,7319.0,830.0,1.0,1.0,0,0.0,4.0,0.8124869,0.5829795,0.8660254,0.5,1,0,0,1,8212.0,1,9040.0,1,0.0,1,6594.0,1,8595.0,1,8191.0,1,9491.0,1,9905.0,7874.021,7381.3794,-828.0
849,2015-02-20,8793.0,932.0,1.0,1.0,0,0.0,5.0,0.8124869,0.5829795,0.8660254,0.5,1,0,0,1,7319.0,1,8212.0,1,9900.0,1,6500.0,1,0.0,1,8445.0,1,8317.0,1,10645.0,7652.0127,7367.5176,-893.0
849,2015-02-21,8318.0,911.0,1.0,0.0,0,0.0,6.0,0.8124869,0.5829795,0.8660254,0.5,1,0,0,1,8793.0,1,7319.0,1,9040.0,1,7861.0,1,7379.0,1,8361.0,1,8915.0,1,5254.0,8108.4077,7684.2915,1474.0
849,2015-02-22,0.0,0.0,0.0,0.0,0,0.0,7.0,0.8124869,0.5829795,0.8660254,0.5,1,0,0,1,8318.0,1,8793.0,1,8212.0,1,8645.0,1,6801.0,1,8728.0,1,7820.0,1,0.0,8192.244,7825.115,-475.0
849,2015-02-23,6676.0,791.0,1.0,0.0,0,0.0,1.0,0.8757349,0.4827922,0.8660254,0.5,1,0,0,1,0.0,1,8318.0,1,7319.0,1,0.0,1,6594.0,1,8595.0,1,10578.0,1,8457.0,4915.3467,6086.2007,-8318.0
849,2015-02-24,5656.0,716.0,1.0,0.0,0,0.0,2.0,0.8757349,0.4827922,0.8660254,0.5,1,0,0,1,6676.0,1,0.0,1,8793.0,1,9900.0,1,6500.0,1,0.0,1,9648.0,1,8758.0,5619.608,6217.2676,6676.0
849,2015-02-25,6732.0,831.0,1.0,0.0,0,0.0,3.0,0.8757349,0.4827922,0.8660254,0.5,1,0,0,1,5656.0,1,6676.0,1,8318.0,1,9040.0,1,7861.0,1,7379.0,1,0.0,1,0.0,5634.165,6092.5415,-1020.0
849,2015-02-26,6687.0,772.0,1.0,0.0,0,0.0,4.0,0.8757349,0.4827922,0.8660254,0.5,1,0,0,1,6732.0,1,5656.0,1,0.0,1,8212.0,1,8645.0,1,6801.0,1,10741.0,1,10737.0,6073.299,6234.643,1076.0
849,2015-02-27,9197.0,933.0,1.0,0.0,0,0.0,5.0,0.8757349,0.4827922,0.8660254,0.5,1,0,0,1,6687.0,1,6732.0,1,6676.0,1,7319.0,1,0.0,1,6594.0,1,8191.0,1,8714.0,6318.7793,6335.167,-45.0
849,2015-02-28,9430.0,995.0,1.0,0.0,0,0.0,6.0,0.8757349,0.4827922,0.8660254,0.5,1,0,1,1,9197.0,1,6687.0,1,5656.0,1,8793.0,1,9900.0,1,6500.0,1,8445.0,1,7813.0,7470.0674,6971.13,2510.0
849,2015-03-01,0.0,0.0,0.0,0.0,0,0.0,7.0,0.8757349,0.4827922,1.0,6.123234e-17,1,1,0,1,9430.0,1,9197.0,1,6732.0,1,8318.0,1,9040.0,1,7861.0,1,8361.0,1,7196.0,8254.041,7517.5454,233.0
849,2015-03-02,11289.0,1092.0,1.0,1.0,0,0.0,1.0,0.9266896,0.37582758,1.0,6.123234e-17,1,0,0,1,0.0,1,9430.0,1,6687.0,1,0.0,1,8212.0,1,8645.0,1,8728.0,1,8765.0,4952.4243,5846.98,-9430.0
849,2015-03-03,9196.0,925.0,1.0,1.0,0,0.0,2.0,0.9266896,0.37582758,1.0,6.123234e-17,1,0,0,1,11289.0,1,0.0,1,9197.0,1,6676.0,1,7319.0,1,0.0,1,8595.0,1,8522.0,7487.0547,7056.3174,11289.0
849,2015-03-04,8775.0,930.0,1.0,1.0,0,0.0,3.0,0.9266896,0.37582758,1.0,6.123234e-17,1,0,0,1,9196.0,1,11289.0,1,9430.0,1,5656.0,1,8793.0,1,9900.0,1,0.0,1,0.0,8170.633,7531.8027,-2093.0
849,2015-03-05,9172.0,958.0,1.0,1.0,0,0.0,4.0,0.9266896,0.37582758,1.0,6.123234e-17,1,0,0,1,8775.0,1,9196.0,1,0.0,1,6732.0,1,8318.0,1,9040.0,1,7379.0,1,9287.0,8412.38,7808.069,-421.0
849,2015-03-06,9869.0,989.0,1.0,1.0,0,0.0,5.0,0.9266896,0.37582758,1.0,6.123234e-17,1,0,0,1,9172.0,1,8775.0,1,11289.0,1,6687.0,1,0.0,1,8212.0,1,6801.0,1,8182.0,8716.228,8111.1646,397.0
849,2015-03-07,8924.0,963.0,1.0,0.0,0,0.0,6.0,0.9266896,0.37582758,1.0,6.123234e-17,1,0,0,1,9869.0,1,9172.0,1,9196.0,1,9197.0,1,6676.0,1,7319.0,1,6594.0,1,8109.0,9177.337,8501.795,697.0
849,2015-03-08,0.0,0.0,0.0,0.0,0,0.0,7.0,0.9266896,0.37582758,1.0,6.123234e-17,1,0,0,1,8924.0,1,9869.0,1,8775.0,1,9430.0,1,5656.0,1,8793.0,1,6500.0,1,7624.0,9076.002,8595.618,-945.0
849,2015-03-09,7384.0,848.0,1.0,0.0,0,0.0,1.0,0.9646356,0.26358718,1.0,6.123234e-17,1,0,0,1,0.0,1,8924.0,1,9172.0,1,0.0,1,6732.0,1,8318.0,1,7861.0,1,9344.0,5445.601,6685.4805,-8924.0
849,2015-03-10,6745.0,764.0,1.0,0.0,0,0.0,2.0,0.9646356,0.26358718,1.0,6.123234e-17,1,0,0,1,7384.0,1,0.0,1,9869.0,1,11289.0,1,6687.0,1,0.0,1,8645.0,1,8368.0,6220.961,6840.707,7384.0
849,2015-03-11,6850.0,795.0,1.0,0.0,0,0.0,3.0,0.9646356,0.26358718,1.0,6.123234e-17,1,0,0,1,6745.0,1,7384.0,1,8924.0,1,9196.0,1,9197.0,1,6676.0,1,0.0,1,0.0,6430.5767,6819.439,-639.0
849,2015-03-12,6783.0,767.0,1.0,0.0,0,0.0,4.0,0.9646356,0.26358718,1.0,6.123234e-17,1,0,0,1,6850.0,1,6745.0,1,0.0,1,8775.0,1,9430.0,1,5656.0,1,9900.0,1,6676.0,6598.3457,6826.2305,105.0
849,2015-03-13,7257.0,819.0,1.0,0.0,0,0.0,5.0,0.9646356,0.26358718,1.0,6.123234e-17,1,0,0,1,6783.0,1,6850.0,1,7384.0,1,9172.0,1,0.0,1,6732.0,1,9040.0,1,5643.0,6672.2075,6816.6235,-67.0
849,2015-03-14,8474.0,889.0,1.0,0.0,0,0.0,6.0,0.9646356,0.26358718,1.0,6.123234e-17,1,0,0,1,7257.0,1,6783.0,1,6745.0,1,9869.0,1,11289.0,1,6687.0,1,8212.0,1,5973.0,6906.1245,6914.485,474.0
849,2015-03-15,0.0,0.0,0.0,0.0,0,0.0,7.0,0.9646356,0.26358718,1.0,6.123234e-17,1,0,0,1,8474.0,1,7257.0,1,6850.0,1,8924.0,1,9196.0,1,9197.0,1,7319.0,1,6281.0,7533.275,7261.044,1217.0
849,2015-03-16,10293.0,1026.0,1.0,1.0,0,0.0,1.0,0.9890402,0.14764656,1.0,6.123234e-17,1,0,0,1,0.0,1,8474.0,1,6783.0,1,0.0,1,8775.0,1,9430.0,1,8793.0,1,7038.0,4519.965,5647.4785,-8474.0
849,2015-03-17,9183.0,893.0,1.0,1.0,0,0.0,2.0,0.9890402,0.14764656,1.0,6.123234e-17,1,0,0,1,10293.0,1,0.0,1,7257.0,1,7384.0,1,9172.0,1,0.0,1,8318.0,1,8010.0,6829.1787,6679.817,10293.0
849,2015-03-18,7778.0,853.0,1.0,1.0,0,0.0,3.0,0.9890402,0.14764656,1.0,6.123234e-17,1,0,0,1,9183.0,1,10293.0,1,8474.0,1,6745.0,1,9869.0,1,11289.0,1,0.0,1,0.0,7770.7075,7236.0796,-1110.0
849,2015-03-19,8443.0,832.0,1.0,1.0,0,0.0,4.0,0.9890402,0.14764656,1.0,6.123234e-17,1,0,0,1,7778.0,1,9183.0,1,0.0,1,6850.0,1,8924.0,1,9196.0,1,6676.0,1,9491.0,7773.6245,7356.5063,-1405.0
849,2015-03-20,9815.0,974.0,1.0,1.0,0,0.0,5.0,0.9890402,0.14764656,1.0,6.123234e-17,1,0,0,1,8443.0,1,7778.0,1,10293.0,1,6783.0,1,0.0,1,8775.0,1,5656.0,1,8317.0,8041.3745,7597.949,665.0
849,2015-03-21,8547.0,942.0,1.0,0.0,0,0.0,6.0,0.9890402,0.14764656,1.0,6.123234e-17,1,0,0,1,9815.0,1,8443.0,1,9183.0,1,7257.0,1,7384.0,1,9172.0,1,6732.0,1,8915.0,8750.825,8090.6274,1372.0
849,2015-03-22,0.0,0.0,0.0,0.0,0,0.0,7.0,0.9890402,0.14764656,1.0,6.123234e-17,1,0,0,1,8547.0,1,9815.0,1,7778.0,1,8474.0,1,6745.0,1,9869.0,1,6687.0,1,7820.0,8669.295,8192.044,-1268.0
849,2015-03-23,6651.0,818.0,1.0,0.0,0,0.0,1.0,0.99956083,0.029633328,1.0,6.123234e-17,1,0,0,1,0.0,1,8547.0,1,8443.0,1,0.0,1,6850.0,1,8924.0,1,9197.0,1,10578.0,5201.577,6371.5894,-8547.0
849,2015-03-24,6249.0,768.0,1.0,0.0,0,0.0,2.0,0.99956083,0.029633328,1.0,6.123234e-17,1,0,0,1,6651.0,1,0.0,1,9815.0,1,10293.0,1,6783.0,1,0.0,1,9430.0,1,9648.0,5781.346,6433.6807,6651.0
849,2015-03-25,6696.0,798.0,1.0,0.0,0,1.0,3.0,0.99956083,0.029633328,1.0,6.123234e-17,1,0,0,1,6249.0,1,6651.0,1,8547.0,1,9183.0,1,7257.0,1,7384.0,1,0.0,1,0.0,5968.4077,6392.6406,-402.0
849,2015-03-26,6923.0,780.0,1.0,0.0,0,1.0,4.0,0.99956083,0.029633328,1.0,6.123234e-17,1,0,0,1,6696.0,1,6249.0,1,0.0,1,7778.0,1,8474.0,1,6745.0,1,11289.0,1,10741.0,6259.445,6460.0537,447.0
849,2015-03-27,7382.0,857.0,1.0,0.0,0,1.0,5.0,0.99956083,0.029633328,1.0,6.123234e-17,1,0,0,1,6923.0,1,6696.0,1,6651.0,1,8443.0,1,0.0,1,6850.0,1,9196.0,1,8191.0,6524.8667,6562.9307,227.0
849,2015-03-28,9948.0,1036.0,1.0,0.0,0,1.0,6.0,0.99956083,0.029633328,1.0,6.123234e-17,1,0,0,1,7382.0,1,6923.0,1,6249.0,1,9815.0,1,10293.0,1,6783.0,1,8775.0,1,8445.0,6867.72,6744.9463,459.0
849,2015-03-29,0.0,0.0,0.0,0.0,0,1.0,7.0,0.99956083,0.029633328,1.0,6.123234e-17,1,0,0,1,9948.0,1,7382.0,1,6696.0,1,8547.0,1,9183.0,1,7257.0,1,9172.0,1,8361.0,8099.832,7456.736,2566.0
849,2015-03-30,11988.0,1089.0,1.0,1.0,0,1.0,1.0,0.9960498,-0.08879589,1.0,6.123234e-17,1,0,0,1,0.0,1,9948.0,1,6923.0,1,0.0,1,7778.0,1,8474.0,1,9869.0,1,8728.0,4859.8994,5799.6836,-9948.0
849,2015-03-31,10568.0,981.0,1.0,1.0,0,1.0,2.0,0.9960498,-0.08879589,1.0,6.123234e-17,1,0,1,1,11988.0,1,0.0,1,7382.0,1,6651.0,1,8443.0,1,0.0,1,8924.0,1,8595.0,7711.1396,7174.8647,11988.0
849,2015-04-01,12812.0,1223.0,1.0,1.0,0,1.0,3.0,0.9960498,-0.08879589,0.8660254,-0.5,2,1,0,1,10568.0,1,11988.0,1,9948.0,1,6249.0,1,9815.0,1,10293.0,1,0.0,1,0.0,8853.884,7928.895,-1420.0
849,2015-04-02,12630.0,1276.0,1.0,1.0,0,1.0,4.0,0.9960498,-0.08879589,0.8660254,-0.5,2,0,0,1,12812.0,1,10568.0,1,0.0,1,6696.0,1,8547.0,1,9183.0,1,7384.0,1,7379.0,10437.13,9014.029,2244.0
849,2015-04-03,0.0,0.0,0.0,1.0,2,1.0,5.0,0.9960498,-0.08879589,0.8660254,-0.5,2,0,0,1,12630.0,1,12812.0,1,11988.0,1,6923.0,1,0.0,1,7778.0,1,6745.0,1,6801.0,11314.278,9817.578,-182.0
849,2015-04-04,11286.0,1182.0,1.0,0.0,0,1.0,6.0,0.9960498,-0.08879589,0.8660254,-0.5,2,0,0,1,0.0,1,12630.0,1,10568.0,1,7382.0,1,6651.0,1,8443.0,1,6850.0,1,6594.0,6788.567,7635.8945,-12630.0
849,2015-04-05,0.0,0.0,0.0,0.0,0,1.0,7.0,0.9960498,-0.08879589,0.8660254,-0.5,2,0,0,1,11286.0,1,0.0,1,12812.0,1,9948.0,1,6249.0,1,9815.0,1,6783.0,1,6500.0,8587.54,8447.029,11286.0
849,2015-04-06,0.0,0.0,0.0,0.0,2,1.0,1.0,0.9785565,-0.20597862,0.8660254,-0.5,2,0,0,1,0.0,1,11286.0,1,12630.0,1,0.0,1,6696.0,1,8547.0,1,7257.0,1,7861.0,5152.524,6569.911,-11286.0
849,2015-04-07,7787.0,927.0,1.0,0.0,0,1.0,2.0,0.9785565,-0.20597862,0.8660254,-0.5,2,0,0,1,0.0,1,0.0,1,0.0,1,11988.0,1,6923.0,1,0.0,1,8474.0,1,8645.0,3091.5144,5109.931,0.0
849,2015-04-08,7601.0,877.0,1.0,0.0,0,1.0,3.0,0.9785565,-0.20597862,0.8660254,-0.5,2,0,0,1,7787.0,1,0.0,1,11286.0,1,10568.0,1,7382.0,1,6651.0,1,0.0,1,0.0,4969.7085,5704.8354,7787.0
849,2015-04-09,7233.0,823.0,1.0,0.0,0,1.0,4.0,0.9785565,-0.20597862,0.8660254,-0.5,2,0,0,1,7601.0,1,7787.0,1,0.0,1,12812.0,1,9948.0,1,6249.0,1,10293.0,1,9900.0,6022.225,6126.205,-186.0
849,2015-04-10,6327.0,775.0,1.0,0.0,0,1.0,5.0,0.9785565,-0.20597862,0.8660254,-0.5,2,0,0,1,7233.0,1,7601.0,1,0.0,1,12630.0,1,0.0,1,6696.0,1,9183.0,1,9040.0,6506.535,6372.1597,-368.0
849,2015-04-11,8182.0,920.0,1.0,0.0,0,0.0,6.0,0.9785565,-0.20597862,0.8660254,-0.5,2,0,0,1,6327.0,1,7233.0,1,7787.0,1,0.0,1,11988.0,1,6923.0,1,7778.0,1,8212.0,6434.721,6362.124,-906.0
849,2015-04-12,0.0,0.0,0.0,0.0,0,0.0,7.0,0.9785565,-0.20597862,0.8660254,-0.5,2,0,0,1,8182.0,1,6327.0,1,7601.0,1,11286.0,1,10568.0,1,7382.0,1,8443.0,1,7319.0,7133.633,6766.541,1855.0
849,2015-04-13,10748.0,1050.0,1.0,1.0,0,0.0,1.0,0.94732636,-0.32026985,0.8660254,-0.5,2,0,0,1,0.0,1,8182.0,1,7233.0,1,0.0,1,12812.0,1,9948.0,1,9815.0,1,8793.0,4280.1797,5262.865,-8182.0
849,2015-04-14,9294.0,920.0,1.0,1.0,0,0.0,2.0,0.94732636,-0.32026985,0.8660254,-0.5,2,0,0,1,10748.0,1,0.0,1,6327.0,1,0.0,1,12630.0,1,0.0,1,8547.0,1,8318.0,6867.3076,6481.784,10748.0
849,2015-04-15,8094.0,842.0,1.0,1.0,0,0.0,3.0,0.94732636,-0.32026985,0.8660254,-0.5,2,0,0,1,9294.0,1,10748.0,1,8182.0,1,7787.0,1,0.0,1,11988.0,1,0.0,1,0.0,7837.985,7106.7207,-1454.0
849,2015-04-16,8482.0,873.0,1.0,1.0,0,0.0,4.0,0.94732636,-0.32026985,0.8660254,-0.5,2,0,0,1,8094.0,1,9294.0,1,0.0,1,7601.0,1,11286.0,1,10568.0,1,6651.0,1,6676.0,7940.3906,7326.116,-1200.0
849,2015-04-17,9829.0,973.0,1.0,1.0,0,0.0,5.0,0.94732636,-0.32026985,0.8660254,-0.5,2,0,0,1,8482.0,1,8094.0,1,10748.0,1,7233.0,1,0.0,1,12812.0,1,6249.0,1,5656.0,8157.0347,7582.9795,388.0
849,2015-04-18,7887.0,861.0,1.0,0.0,0,0.0,6.0,0.94732636,-0.32026985,0.8660254,-0.5,2,0,0,1,9829.0,1,8482.0,1,9294.0,1,6327.0,1,0.0,1,12630.0,1,6696.0,1,6732.0,8825.82,8082.095,1347.0
849,2015-04-19,0.0,0.0,0.0,0.0,0,0.0,7.0,0.94732636,-0.32026985,0.8660254,-0.5,2,0,0,1,7887.0,1,9829.0,1,8094.0,1,8182.0,1,7787.0,1,0.0,1,6923.0,1,6687.0,8450.292,8038.7407,-1942.0
849,2015-04-20,6685.0,766.0,1.0,0.0,0,0.0,1.0,0.9027978,-0.4300652,0.8660254,-0.5,2,0,0,1,0.0,1,7887.0,1,8482.0,1,0.0,1,7601.0,1,11286.0,1,7382.0,1,9197.0,5070.1753,6252.354,-7887.0
849,2015-04-21,6025.0,710.0,1.0,0.0,0,0.0,2.0,0.9027978,-0.4300652,0.8660254,-0.5,2,0,0,1,6685.0,1,0.0,1,9829.0,1,10748.0,1,7233.0,1,0.0,1,9948.0,1,9430.0,5716.1055,6348.4976,6685.0
849,2015-04-22,6637.0,817.0,1.0,0.0,0,0.0,3.0,0.9027978,-0.4300652,0.8660254,-0.5,2,0,0,1,6025.0,1,6685.0,1,7887.0,1,9294.0,1,6327.0,1,0.0,1,0.0,1,0.0,5839.663,6276.609,-660.0
849,2015-04-23,6230.0,726.0,1.0,0.0,0,0.0,4.0,0.9027978,-0.4300652,0.8660254,-0.5,2,0,0,1,6637.0,1,6025.0,1,0.0,1,8094.0,1,8182.0,1,7787.0,1,11988.0,1,11289.0,6158.5977,6356.696,612.0
849,2015-04-24,6805.0,773.0,1.0,0.0,0,0.0,5.0,0.9027978,-0.4300652,0.8660254,-0.5,2,0,0,1,6230.0,1,6637.0,1,6685.0,1,8482.0,1,0.0,1,7601.0,1,10568.0,1,9196.0,6187.1587,6328.5415,-407.0
849,2015-04-25,8927.0,969.0,1.0,0.0,0,0.0,6.0,0.9027978,-0.4300652,0.8660254,-0.5,2,0,0,1,6805.0,1,6230.0,1,6025.0,1,9829.0,1,10748.0,1,7233.0,1,12812.0,1,8775.0,6434.2954,6434.421,575.0
849,2015-04-26,0.0,0.0,0.0,0.0,0,0.0,7.0,0.9027978,-0.4300652,0.8660254,-0.5,2,0,0,1,8927.0,1,6805.0,1,6637.0,1,7887.0,1,9294.0,1,6327.0,1,12630.0,1,9172.0,7431.377,6988.3276,2122.0
849,2015-04-27,11031.0,1034.0,1.0,1.0,0,0.0,1.0,0.845596,-0.5338234,0.8660254,-0.5,2,0,0,1,0.0,1,8927.0,1,6230.0,1,0.0,1,8094.0,1,8182.0,1,0.0,1,9869.0,4458.826,5435.3657,-8927.0
849,2015-04-28,9120.0,876.0,1.0,1.0,0,0.0,2.0,0.845596,-0.5338234,0.8660254,-0.5,2,0,0,1,11031.0,1,0.0,1,6805.0,1,6685.0,1,8482.0,1,0.0,1,11286.0,1,8924.0,7087.696,6678.84,11031.0
849,2015-04-29,9858.0,989.0,1.0,1.0,0,0.0,3.0,0.845596,-0.5338234,0.8660254,-0.5,2,0,0,1,9120.0,1,11031.0,1,8927.0,1,6025.0,1,9829.0,1,10748.0,1,0.0,1,0.0,7900.6177,7221.32,-1911.0
849,2015-04-30,11630.0,1126.0,1.0,1.0,0,0.0,4.0,0.845596,-0.5338234,0.8660254,-0.5,2,0,1,1,9858.0,1,9120.0,1,0.0,1,6637.0,1,7887.0,1,9294.0,1,0.0,1,7384.0,8683.57,7807.249,738.0
849,2015-05-01,0.0,0.0,0.0,1.0,1,0.0,5.0,0.845596,-0.5338234,0.5,-0.8660254,2,1,0,1,11630.0,1,9858.0,1,11031.0,1,6230.0,1,0.0,1,8094.0,1,7787.0,1,6745.0,9862.143,8656.749,1772.0
849,2015-05-02,11165.0,1118.0,1.0,0.0,0,0.0,6.0,0.845596,-0.5338234,0.5,-0.8660254,2,0,0,1,0.0,1,11630.0,1,9120.0,1,6805.0,1,6685.0,1,8482.0,1,7601.0,1,6850.0,5917.285,6733.0273,-11630.0
849,2015-05-03,0.0,0.0,0.0,0.0,0,0.0,7.0,0.845596,-0.5338234,0.5,-0.8660254,2,0,0,1,11165.0,1,0.0,1,9858.0,1,8927.0,1,6025.0,1,9829.0,1,7233.0,1,6783.0,8016.371,7717.91,11165.0
849,2015-05-04,10462.0,1036.0,1.0,1.0,0,0.0,1.0,0.7765239,-0.63008785,0.5,-0.8660254,2,0,0,1,0.0,1,11165.0,1,11630.0,1,0.0,1,6637.0,1,7887.0,1,6327.0,1,7257.0,4809.8228,6002.819,-11165.0
849,2015-05-05,8018.0,861.0,1.0,1.0,0,0.0,2.0,0.7765239,-0.63008785,0.5,-0.8660254,2,0,0,1,10462.0,1,0.0,1,0.0,1,11031.0,1,6230.0,1,0.0,1,8182.0,1,8474.0,7070.694,6993.748,10462.0
849,2015-05-06,8429.0,854.0,1.0,1.0,0,0.0,3.0,0.7765239,-0.63008785,0.5,-0.8660254,2,0,0,1,8018.0,1,10462.0,1,11165.0,1,9120.0,1,6805.0,1,6685.0,1,0.0,1,0.0,7449.616,7221.3594,-2444.0
849,2015-05-07,9064.0,920.0,1.0,1.0,0,0.0,4.0,0.7765239,-0.63008785,0.5,-0.8660254,2,0,0,1,8429.0,1,8018.0,1,0.0,1,9858.0,1,8927.0,1,6025.0,1,10748.0,1,10293.0,7841.3696,7489.724,411.0
849,2015-05-08,9217.0,940.0,1.0,1.0,0,0.0,5.0,0.7765239,-0.63008785,0.5,-0.8660254,2,0,0,1,9064.0,1,8429.0,1,10462.0,1,11630.0,1,0.0,1,6637.0,1,9294.0,1,9183.0,8330.422,7839.563,635.0
849,2015-05-09,9561.0,1003.0,1.0,0.0,0,0.0,6.0,0.7765239,-0.63008785,0.5,-0.8660254,2,0,0,1,9217.0,1,9064.0,1,8018.0,1,0.0,1,11031.0,1,6230.0,1,8094.0,1,7778.0,8685.053,8145.66,153.0
849,2015-05-10,0.0,0.0,0.0,0.0,0,0.0,7.0,0.7765239,-0.63008785,0.5,-0.8660254,2,0,0,1,9561.0,1,9217.0,1,8429.0,1,11165.0,1,9120.0,1,6805.0,1,8482.0,1,8443.0,9035.432,8460.181,344.0
849,2015-05-11,6250.0,751.0,1.0,0.0,0,0.0,1.0,0.696551,-0.71750724,0.5,-0.8660254,2,0,0,1,0.0,1,9561.0,1,9064.0,1,0.0,1,9858.0,1,8927.0,1,9829.0,1,9815.0,5421.2593,6580.14,-9561.0
849,2015-05-12,6958.0,745.0,1.0,0.0,0,0.0,2.0,0.696551,-0.71750724,0.5,-0.8660254,2,0,0,1,6250.0,1,0.0,1,9217.0,1,10462.0,1,11630.0,1,0.0,1,7887.0,1,8547.0,5752.7554,6506.776,6250.0
849,2015-05-13,8324.0,929.0,1.0,0.0,0,0.0,3.0,0.696551,-0.71750724,0.5,-0.8660254,2,0,0,1,6958.0,1,6250.0,1,9561.0,1,8018.0,1,0.0,1,11031.0,1,0.0,1,0.0,6234.8535,6607.048,708.0
849,2015-05-14,0.0,0.0,0.0,0.0,1,0.0,4.0,0.696551,-0.71750724,0.5,-0.8660254,2,0,0,1,8324.0,1,6958.0,1,0.0,1,8429.0,1,11165.0,1,9120.0,1,6685.0,1,6651.0,7070.512,6988.593,1366.0
849,2015-05-15,9282.0,1005.0,1.0,0.0,0,1.0,5.0,0.696551,-0.71750724,0.5,-0.8660254,2,0,0,1,0.0,1,8324.0,1,6250.0,1,9064.0,1,0.0,1,9858.0,1,6025.0,1,6249.0,4242.307,5435.5723,-8324.0
849,2015-05-16,7718.0,861.0,1.0,0.0,0,0.0,6.0,0.696551,-0.71750724,0.5,-0.8660254,2,0,0,1,9282.0,1,0.0,1,6958.0,1,9217.0,1,10462.0,1,11630.0,1,6637.0,1,6696.0,6258.184,6290.334,9282.0
849,2015-05-17,0.0,0.0,0.0,0.0,0,0.0,7.0,0.696551,-0.71750724,0.5,-0.8660254,2,0,0,1,7718.0,1,9282.0,1,8324.0,1,9561.0,1,8018.0,1,0.0,1,6230.0,1,6923.0,6842.1104,6607.593,-1564.0
849,2015-05-18,10660.0,1029.0,1.0,1.0,0,0.0,1.0,0.60680014,-0.79485446,0.5,-0.8660254,2,0,0,1,0.0,1,7718.0,1,0.0,1,0.0,1,8429.0,1,11165.0,1,6805.0,1,7382.0,4105.266,5139.239,-7718.0
849,2015-05-19,8732.0,868.0,1.0,1.0,0,0.0,2.0,0.60680014,-0.79485446,0.5,-0.8660254,2,0,0,1,10660.0,1,0.0,1,9282.0,1,6250.0,1,9064.0,1,0.0,1,8927.0,1,9948.0,6727.1597,6366.0747,10660.0
849,2015-05-20,7856.0,835.0,1.0,1.0,0,0.0,3.0,0.60680014,-0.79485446,0.5,-0.8660254,2,0,0,1,8732.0,1,10660.0,1,7718.0,1,6958.0,1,9217.0,1,10462.0,1,0.0,1,0.0,7529.0957,6891.836,-1928.0
849,2015-05-21,8872.0,886.0,1.0,1.0,0,0.0,4.0,0.60680014,-0.79485446,0.5,-0.8660254,2,0,0,1,7856.0,1,8732.0,1,0.0,1,8324.0,1,9561.0,1,8018.0,1,11031.0,1,11988.0,7659.8574,7106.0947,-876.0
849,2015-05-22,8451.0,867.0,1.0,1.0,0,0.0,5.0,0.60680014,-0.79485446,0.5,-0.8660254,2,0,0,1,8872.0,1,7856.0,1,10660.0,1,0.0,1,0.0,1,8429.0,1,9120.0,1,10568.0,8144.7144,7498.518,1016.0
849,2015-05-23,8684.0,925.0,1.0,0.0,0,0.0,6.0,0.60680014,-0.79485446,0.5,-0.8660254,2,0,0,1,8451.0,1,8872.0,1,8732.0,1,9282.0,1,6250.0,1,9064.0,1,9858.0,1,12812.0,8267.229,7710.1807,-421.0
849,2015-05-24,0.0,0.0,0.0,0.0,0,0.0,7.0,0.60680014,-0.79485446,0.5,-0.8660254,2,0,0,1,8684.0,1,8451.0,1,7856.0,1,7718.0,1,6958.0,1,9217.0,1,11630.0,1,12630.0,8433.9375,7926.585,233.0
849,2015-05-25,0.0,0.0,0.0,0.0,1,0.0,1.0,0.5085311,-0.86104363,0.5,-0.8660254,2,0,0,1,0.0,1,8684.0,1,8872.0,1,0.0,1,8324.0,1,9561.0,1,0.0,1,0.0,5060.3623,6165.1216,-8684.0
849,2015-05-26,7615.0,834.0,1.0,0.0,0,1.0,2.0,0.5085311,-0.86104363,0.5,-0.8660254,2,0,0,1,0.0,1,0.0,1,8451.0,1,10660.0,1,0.0,1,0.0,1,11165.0,1,11286.0,3036.2173,4795.0947,0.0
849,2015-05-27,6832.0,755.0,1.0,0.0,0,0.0,3.0,0.5085311,-0.86104363,0.5,-0.8660254,2,0,0,1,7615.0,1,0.0,1,8684.0,1,8732.0,1,9282.0,1,6250.0,1,0.0,1,0.0,4867.7305,5421.74,7615.0
849,2015-05-28,6587.0,718.0,1.0,0.0,0,0.0,4.0,0.5085311,-0.86104363,0.5,-0.8660254,2,0,0,1,6832.0,1,7615.0,1,0.0,1,7856.0,1,7718.0,1,6958.0,1,10462.0,1,0.0,5653.4385,5735.1313,-783.0
849,2015-05-29,9491.0,935.0,1.0,0.0,0,0.0,5.0,0.5085311,-0.86104363,0.5,-0.8660254,2,0,0,1,6587.0,1,6832.0,1,0.0,1,8872.0,1,0.0,1,8324.0,1,8018.0,1,7787.0,6026.863,5924.4355,-245.0
849,2015-05-30,10635.0,1013.0,1.0,0.0,0,0.0,6.0,0.5085311,-0.86104363,0.5,-0.8660254,2,0,0,1,9491.0,1,6587.0,1,7615.0,1,8451.0,1,10660.0,1,0.0,1,8429.0,1,7601.0,7412.5176,6717.0054,2904.0
849,2015-05-31,0.0,0.0,0.0,0.0,0,0.0,7.0,0.5085311,-0.86104363,0.5,-0.8660254,2,0,1,1,10635.0,1,9491.0,1,6832.0,1,8684.0,1,8732.0,1,9282.0,1,9064.0,1,7233.0,8701.511,7587.671,1144.0
849,2015-06-01,11946.0,1070.0,1.0,1.0,0,0.0,1.0,0.40312344,-0.91514564,1.2246469e-16,-1.0,2,1,0,1,0.0,1,10635.0,1,6587.0,1,0.0,1,7856.0,1,7718.0,1,9217.0,1,6327.0,5220.9062,5901.522,-10635.0
849,2015-06-02,10096.0,941.0,1.0,1.0,0,0.0,2.0,0.40312344,-0.91514564,1.2246469e-16,-1.0,2,0,0,1,11946.0,1,0.0,1,9491.0,1,0.0,1,8872.0,1,0.0,1,9561.0,1,8182.0,7910.944,7244.7393,11946.0
849,2015-06-03,10743.0,1060.0,1.0,1.0,0,0.0,3.0,0.40312344,-0.91514564,1.2246469e-16,-1.0,2,0,0,1,10096.0,1,11946.0,1,10635.0,1,7615.0,1,8451.0,1,10660.0,1,0.0,1,0.0,8784.966,7878.3525,-1850.0
849,2015-06-04,8792.0,885.0,1.0,1.0,0,0.0,4.0,0.40312344,-0.91514564,1.2246469e-16,-1.0,2,0,0,1,10743.0,1,10096.0,1,0.0,1,6832.0,1,8684.0,1,8732.0,1,6250.0,1,10748.0,9568.18,8514.941,647.0
849,2015-06-05,8630.0,853.0,1.0,1.0,0,0.0,5.0,0.40312344,-0.91514564,1.2246469e-16,-1.0,2,0,0,1,8792.0,1,10743.0,1,11946.0,1,6587.0,1,0.0,1,7856.0,1,6958.0,1,9294.0,9257.708,8576.51,-1951.0
849,2015-06-06,8244.0,850.0,1.0,0.0,0,0.0,6.0,0.40312344,-0.91514564,1.2246469e-16,-1.0,2,0,0,1,8630.0,1,8792.0,1,10096.0,1,9491.0,1,0.0,1,8872.0,1,8324.0,1,8094.0,9006.625,8588.396,-162.0
849,2015-06-07,0.0,0.0,0.0,0.0,0,0.0,7.0,0.40312344,-0.91514564,1.2246469e-16,-1.0,2,0,0,1,8244.0,1,8630.0,1,10743.0,1,10635.0,1,7615.0,1,8451.0,1,0.0,1,8482.0,8701.575,8511.864,-386.0
849,2015-06-08,6215.0,744.0,1.0,0.0,0,0.0,1.0,0.29205677,-0.956401,1.2246469e-16,-1.0,2,0,0,1,0.0,1,8244.0,1,8792.0,1,0.0,1,6832.0,1,8684.0,1,9282.0,1,9829.0,5220.945,6620.3384,-8244.0
849,2015-06-09,6685.0,743.0,1.0,0.0,0,0.0,2.0,0.29205677,-0.956401,1.2246469e-16,-1.0,2,0,0,1,6215.0,1,0.0,1,8630.0,1,11946.0,1,6587.0,1,0.0,1,7718.0,1,7887.0,5618.567,6530.263,6215.0
849,2015-06-10,5742.0,689.0,1.0,0.0,0,0.0,3.0,0.29205677,-0.956401,1.2246469e-16,-1.0,2,0,0,1,6685.0,1,6215.0,1,8244.0,1,10096.0,1,9491.0,1,0.0,1,0.0,1,0.0,6045.14,6564.6494,470.0
849,2015-06-11,6532.0,721.0,1.0,0.0,0,0.0,4.0,0.29205677,-0.956401,1.2246469e-16,-1.0,2,0,0,1,5742.0,1,6685.0,1,0.0,1,10743.0,1,10635.0,1,7615.0,1,10660.0,1,6685.0,5923.8843,6381.8384,-943.0
849,2015-06-12,6858.0,777.0,1.0,0.0,0,0.0,5.0,0.29205677,-0.956401,1.2246469e-16,-1.0,2,0,0,1,6532.0,1,5742.0,1,6215.0,1,8792.0,1,0.0,1,6832.0,1,8732.0,1,6025.0,6167.1304,6415.2075,790.0
849,2015-06-13,8243.0,861.0,1.0,0.0,0,0.0,6.0,0.29205677,-0.956401,1.2246469e-16,-1.0,2,0,0,1,6858.0,1,6532.0,1,6685.0,1,8630.0,1,11946.0,1,6587.0,1,7856.0,1,6637.0,6443.4785,6513.606,326.0
849,2015-06-14,0.0,0.0,0.0,0.0,0,0.0,7.0,0.29205677,-0.956401,1.2246469e-16,-1.0,2,0,0,1,8243.0,1,6858.0,1,5742.0,1,8244.0,1,10096.0,1,9491.0,1,8872.0,1,6230.0,7163.287,6897.9155,1385.0
849,2015-06-15,11189.0,977.0,1.0,1.0,0,0.0,1.0,0.17689027,-0.9842306,1.2246469e-16,-1.0,2,0,0,1,0.0,1,8243.0,1,6532.0,1,0.0,1,10743.0,1,10635.0,1,8451.0,1,6805.0,4297.972,5365.0454,-8243.0
849,2015-06-16,9187.0,864.0,1.0,1.0,0,0.0,2.0,0.17689027,-0.9842306,1.2246469e-16,-1.0,2,0,0,1,11189.0,1,0.0,1,6858.0,1,6215.0,1,8792.0,1,0.0,1,8684.0,1,8927.0,7054.3833,6659.258,11189.0
849,2015-06-17,8661.0,848.0,1.0,1.0,0,0.0,3.0,0.17689027,-0.9842306,1.2246469e-16,-1.0,2,0,0,1,9187.0,1,11189.0,1,8243.0,1,6685.0,1,8630.0,1,11946.0,1,0.0,1,0.0,7907.43,7220.978,-2002.0
849,2015-06-18,8105.0,823.0,1.0,1.0,0,0.0,4.0,0.17689027,-0.9842306,1.2246469e-16,-1.0,2,0,0,1,8661.0,1,9187.0,1,0.0,1,5742.0,1,8244.0,1,10096.0,1,0.0,1,11031.0,8208.858,7540.983,-526.0
849,2015-06-19,9610.0,888.0,1.0,1.0,0,0.0,5.0,0.17689027,-0.9842306,1.2246469e-16,-1.0,2,0,0,1,8105.0,1,8661.0,1,11189.0,1,6532.0,1,0.0,1,10743.0,1,7615.0,1,9120.0,8167.315,7666.3203,-556.0
849,2015-06-20,8732.0,896.0,1.0,0.0,0,0.0,6.0,0.17689027,-0.9842306,1.2246469e-16,-1.0,2,0,0,1,9610.0,1,8105.0,1,9187.0,1,6858.0,1,6215.0,1,8792.0,1,6832.0,1,9858.0,8744.389,8098.249,1505.0
849,2015-06-21,0.0,0.0,0.0,0.0,0,0.0,7.0,0.17689027,-0.9842306,1.2246469e-16,-1.0,2,0,0,1,8732.0,1,9610.0,1,8661.0,1,8243.0,1,6685.0,1,8630.0,1,6587.0,1,11630.0,8739.434,8239.083,-878.0
849,2015-06-22,7047.0,764.0,1.0,0.0,0,0.0,1.0,0.059240628,-0.99824375,1.2246469e-16,-1.0,2,0,0,1,0.0,1,8732.0,1,8105.0,1,0.0,1,5742.0,1,8244.0,1,9491.0,1,0.0,5243.66,6408.1753,-8732.0
849,2015-06-23,6350.0,705.0,1.0,0.0,0,0.0,2.0,0.059240628,-0.99824375,1.2246469e-16,-1.0,2,0,0,1,7047.0,1,0.0,1,9610.0,1,11189.0,1,6532.0,1,0.0,1,10635.0,1,11165.0,5964.996,6550.136,7047.0
849,2015-06-24,6199.0,720.0,1.0,0.0,0,0.0,3.0,0.059240628,-0.99824375,1.2246469e-16,-1.0,2,0,0,1,6350.0,1,7047.0,1,8732.0,1,9187.0,1,6858.0,1,6215.0,1,0.0,1,0.0,6118.9976,6505.6616,-697.0
849,2015-06-25,5730.0,688.0,1.0,0.0,0,0.0,4.0,0.059240628,-0.99824375,1.2246469e-16,-1.0,2,0,0,1,6199.0,1,6350.0,1,0.0,1,8661.0,1,8243.0,1,6685.0,1,11946.0,1,10462.0,6150.9985,6437.5146,-151.0
849,2015-06-26,6836.0,819.0,1.0,0.0,0,0.0,5.0,0.059240628,-0.99824375,1.2246469e-16,-1.0,2,0,0,1,5730.0,1,6199.0,1,7047.0,1,8105.0,1,0.0,1,5742.0,1,10096.0,1,8018.0,5982.599,6280.289,-469.0
849,2015-06-27,8726.0,873.0,1.0,0.0,0,0.0,6.0,0.059240628,-0.99824375,1.2246469e-16,-1.0,2,0,0,1,6836.0,1,5730.0,1,6350.0,1,9610.0,1,11189.0,1,6532.0,1,10743.0,1,8429.0,6323.9595,6403.7803,1106.0
849,2015-06-28,0.0,0.0,0.0,0.0,0,0.0,7.0,0.059240628,-0.99824375,1.2246469e-16,-1.0,2,0,0,1,8726.0,1,6836.0,1,6199.0,1,8732.0,1,9187.0,1,6858.0,1,8792.0,1,9064.0,7284.776,6919.829,1890.0
849,2015-06-29,10522.0,959.0,1.0,1.0,0,0.0,1.0,-0.059240628,-0.99824375,1.2246469e-16,-1.0,2,0,0,1,0.0,1,8726.0,1,5730.0,1,0.0,1,8661.0,1,8243.0,1,8630.0,1,9217.0,4370.865,5382.0894,-8726.0
849,2015-06-30,11016.0,970.0,1.0,1.0,0,0.0,2.0,-0.059240628,-0.99824375,1.2246469e-16,-1.0,2,0,1,1,10522.0,1,0.0,1,6836.0,1,7047.0,1,8105.0,1,0.0,1,8244.0,1,9561.0,6831.3193,6524.292,10522.0
849,2015-07-01,9558.0,922.0,1.0,1.0,0,0.0,3.0,-0.059240628,-0.99824375,-0.5,-0.8660254,3,1,0,1,11016.0,1,10522.0,1,8726.0,1,6350.0,1,9610.0,1,11189.0,1,0.0,1,0.0,8505.191,7522.449,494.0
849,2015-07-02,8742.0,877.0,1.0,1.0,0,0.0,4.0,-0.059240628,-0.99824375,-0.5,-0.8660254,3,0,0,1,9558.0,1,11016.0,1,0.0,1,6199.0,1,8732.0,1,9187.0,1,6215.0,1,6250.0,8926.314,7974.794,-1458.0
849,2015-07-03,8865.0,876.0,1.0,1.0,0,0.0,5.0,-0.059240628,-0.99824375,-0.5,-0.8660254,3,0,0,1,8742.0,1,9558.0,1,10522.0,1,5730.0,1,0.0,1,8661.0,1,6685.0,1,6958.0,8852.589,8145.284,-816.0
849,2015-07-04,8510.0,818.0,1.0,0.0,0,0.0,6.0,-0.059240628,-0.99824375,-0.5,-0.8660254,3,0,0,1,8865.0,1,8742.0,1,11016.0,1,6836.0,1,7047.0,1,8105.0,1,5742.0,1,8324.0,8857.554,8305.221,123.0
849,2015-07-05,0.0,0.0,0.0,0.0,0,0.0,7.0,-0.059240628,-0.99824375,-0.5,-0.8660254,3,0,0,1,8510.0,1,8865.0,1,9558.0,1,8726.0,1,6350.0,1,9610.0,1,6532.0,1,0.0,8718.532,8350.728,-355.0
849,2015-07-06,7372.0,818.0,1.0,0.0,0,0.0,1.0,-0.17689027,-0.9842306,-0.5,-0.8660254,3,0,0,1,0.0,1,8510.0,1,8742.0,1,0.0,1,6199.0,1,8732.0,1,6858.0,1,9282.0,5231.119,6495.0103,-8510.0
849,2015-07-07,6404.0,721.0,1.0,0.0,0,0.0,2.0,-0.17689027,-0.9842306,-0.5,-0.8660254,3,0,0,1,7372.0,1,0.0,1,8865.0,1,10522.0,1,5730.0,1,0.0,1,8243.0,1,7718.0,6087.4717,6689.897,7372.0
849,2015-07-08,7128.0,810.0,1.0,0.0,0,0.0,3.0,-0.17689027,-0.9842306,-0.5,-0.8660254,3,0,0,1,6404.0,1,7372.0,1,8510.0,1,11016.0,1,6836.0,1,7047.0,1,0.0,1,0.0,6214.083,6626.3643,-968.0
849,2015-07-09,7384.0,832.0,1.0,0.0,0,0.0,4.0,-0.17689027,-0.9842306,-0.5,-0.8660254,3,0,0,1,7128.0,1,6404.0,1,0.0,1,9558.0,1,8726.0,1,6350.0,1,11189.0,1,10660.0,6579.65,6737.839,724.0
849,2015-07-10,7049.0,828.0,1.0,0.0,0,0.0,5.0,-0.17689027,-0.9842306,-0.5,-0.8660254,3,0,0,1,7384.0,1,7128.0,1,7372.0,1,8742.0,1,0.0,1,6199.0,1,9187.0,1,8732.0,6901.3896,6881.43,256.0
849,2015-07-11,8065.0,850.0,1.0,0.0,0,0.0,6.0,-0.17689027,-0.9842306,-0.5,-0.8660254,3,0,0,1,7049.0,1,7384.0,1,6404.0,1,8865.0,1,10522.0,1,5730.0,1,8661.0,1,7856.0,6960.434,6918.668,-335.0
849,2015-07-12,0.0,0.0,0.0,0.0,0,0.0,7.0,-0.17689027,-0.9842306,-0.5,-0.8660254,3,0,0,1,8065.0,1,7049.0,1,7128.0,1,8510.0,1,11016.0,1,6836.0,1,8105.0,1,8872.0,7402.2603,7173.408,1016.0
849,2015-07-13,11240.0,1014.0,1.0,1.0,0,0.0,1.0,-0.29205677,-0.956401,-0.5,-0.8660254,3,0,0,1,0.0,1,8065.0,1,7384.0,1,0.0,1,9558.0,1,8726.0,1,9610.0,1,8451.0,4441.3564,5579.318,-8065.0
849,2015-07-14,10116.0,946.0,1.0,1.0,0,0.0,2.0,-0.29205677,-0.956401,-0.5,-0.8660254,3,0,0,1,11240.0,1,0.0,1,7049.0,1,7372.0,1,8742.0,1,0.0,1,8732.0,1,8684.0,7160.814,6837.247,11240.0
849,2015-07-15,9069.0,887.0,1.0,1.0,0,0.0,3.0,-0.29205677,-0.956401,-0.5,-0.8660254,3,0,0,1,10116.0,1,11240.0,1,8065.0,1,6404.0,1,8865.0,1,10522.0,1,0.0,1,0.0,8342.889,7565.859,-1124.0
849,2015-07-16,8694.0,871.0,1.0,1.0,0,0.0,4.0,-0.29205677,-0.956401,-0.5,-0.8660254,3,0,0,1,9069.0,1,10116.0,1,0.0,1,7128.0,1,8510.0,1,11016.0,1,7047.0,1,0.0,8633.333,7899.89,-1047.0
849,2015-07-17,7993.0,818.0,1.0,1.0,0,0.0,5.0,-0.29205677,-0.956401,-0.5,-0.8660254,3,0,0,1,8694.0,1,9069.0,1,11240.0,1,7384.0,1,0.0,1,9558.0,1,6350.0,1,7615.0,8657.6,8076.359,-375.0
849,2015-07-18,8767.0,889.0,1.0,0.0,0,0.0,6.0,-0.29205677,-0.956401,-0.5,-0.8660254,3,0,0,1,7993.0,1,8694.0,1,10116.0,1,7049.0,1,7372.0,1,8742.0,1,6199.0,1,6832.0,8391.76,8057.835,-701.0
849,2015-07-19,0.0,0.0,0.0,0.0,0,0.0,7.0,-0.29205677,-0.956401,-0.5,-0.8660254,3,0,0,1,8767.0,1,7993.0,1,9069.0,1,8065.0,1,6404.0,1,8865.0,1,5730.0,1,6587.0,8541.855,8215.427,774.0
849,2015-07-20,7545.0,823.0,1.0,0.0,0,0.0,1.0,-0.40312344,-0.91514564,-0.5,-0.8660254,3,0,0,1,0.0,1,8767.0,1,8694.0,1,0.0,1,7128.0,1,8510.0,1,6836.0,1,9491.0,5125.114,6389.7764,-8767.0
849,2015-07-21,6982.0,738.0,1.0,0.0,0,0.0,2.0,-0.40312344,-0.91514564,-0.5,-0.8660254,3,0,0,1,7545.0,1,0.0,1,7993.0,1,11240.0,1,7384.0,1,0.0,1,8726.0,1,10635.0,6093.0684,6646.4927,7545.0
849,2015-07-22,6709.0,757.0,1.0,0.0,0,0.0,3.0,-0.40312344,-0.91514564,-0.5,-0.8660254,3,0,0,1,6982.0,1,7545.0,1,8767.0,1,10116.0,1,7049.0,1,7372.0,1,0.0,1,0.0,6448.641,6721.05,-563.0
849,2015-07-23,6864.0,772.0,1.0,0.0,0,1.0,4.0,-0.40312344,-0.91514564,-0.5,-0.8660254,3,0,0,1,6709.0,1,6982.0,1,0.0,1,9069.0,1,8065.0,1,6404.0,1,10522.0,1,11946.0,6552.7847,6718.372,-273.0
849,2015-07-24,7393.0,812.0,1.0,0.0,0,1.0,5.0,-0.40312344,-0.91514564,-0.5,-0.8660254,3,0,0,1,6864.0,1,6709.0,1,7545.0,1,8694.0,1,0.0,1,7128.0,1,11016.0,1,10096.0,6677.2705,6750.734,155.0
849,2015-07-25,8204.0,844.0,1.0,0.0,0,1.0,6.0,-0.40312344,-0.91514564,-0.5,-0.8660254,3,0,0,1,7393.0,1,6864.0,1,6982.0,1,7993.0,1,11240.0,1,7384.0,1,9558.0,1,10743.0,6963.5625,6893.46,529.0
849,2015-07-26,0.0,0.0,0.0,0.0,0,1.0,7.0,-0.40312344,-0.91514564,-0.5,-0.8660254,3,0,0,1,8204.0,1,7393.0,1,6709.0,1,8767.0,1,10116.0,1,7049.0,1,8742.0,1,8792.0,7459.7373,7184.691,811.0
849,2015-07-27,11913.0,1070.0,1.0,1.0,0,1.0,1.0,-0.5085311,-0.86104363,-0.5,-0.8660254,3,0,0,1,0.0,1,8204.0,1,6864.0,1,0.0,1,9069.0,1,8065.0,1,8865.0,1,8630.0,4475.8423,5588.093,-8204.0
849,2015-07-28,9939.0,939.0,1.0,1.0,0,1.0,2.0,-0.5085311,-0.86104363,-0.5,-0.8660254,3,0,0,1,11913.0,1,0.0,1,7393.0,1,7545.0,1,8694.0,1,0.0,1,8510.0,1,8244.0,7450.7056,6993.628,11913.0
849,2015-07-29,9502.0,874.0,1.0,1.0,0,1.0,3.0,-0.5085311,-0.86104363,-0.5,-0.8660254,3,0,0,1,9939.0,1,11913.0,1,8204.0,1,6982.0,1,7993.0,1,11240.0,1,0.0,1,0.0,8446.023,7648.155,-1974.0
849,2015-07-30,9459.0,903.0,1.0,1.0,0,1.0,4.0,-0.5085311,-0.86104363,-0.5,-0.8660254,3,0,0,1,9502.0,1,9939.0,1,0.0,1,6709.0,1,8767.0,1,10116.0,1,7372.0,1,6215.0,8868.414,8060.1206,-437.0
849,2015-07-31,10829.0,1049.0,1.0,1.0,0,1.0,5.0,-0.5085311,-0.86104363,-0.5,-0.8660254,3,0,1,1,9459.0,1,9502.0,1,11913.0,1,6864.0,1,0.0,1,9069.0,1,6404.0,1,6685.0,9104.648,8370.982,-43.0
