id,timestamp,target,Customers,Open,Promo,StateHoliday,SchoolHoliday,DayOfWeek,week_sin,week_cos,month_sin,month_cos,quarter,is_month_start,is_month_end,lag_1_known,lag_1,lag_2_known,lag_2,lag_4_known,lag_4,lag_8_known,lag_8,lag_12_known,lag_12,lag_16_known,lag_16,lag_24_known,lag_24,lag_52_known,lag_52,ema_4,ema_8,chg_1
84,2013-01-01,0.0,0.0,0.0,0.0,1,1.0,2.0,0.11827317,0.9929811,0.5,0.8660254,1,1,0,0,0.0,0,0.0,0,0.0,0,0.0,0,0.0,0,0.0,0,0.0,0,0.0,0.0,0.0,0.0
84,2013-01-02,12709.0,1592.0,1.0,0.0,0,1.0,3.0,0.11827317,0.9929811,0.5,0.8660254,1,0,0,1,0.0,0,0.0,0,0.0,0,0.0,0,0.0,0,0.0,0,0.0,0,0.0,0.0,0.0,0.0
84,2013-01-03,10242.0,1254.0,1.0,0.0,0,1.0,4.0,0.11827317,0.9929811,0.5,0.8660254,1,0,0,1,12709.0,1,0.0,0,0.0,0,0.0,0,0.0,0,0.0,0,0.0,0,0.0,5083.6,2824.2222,12709.0
84,2013-01-04,11274.0,1348.0,1.0,0.0,0,1.0,5.0,0.11827317,0.9929811,0.5,0.8660254,1,0,0,1,10242.0,1,12709.0,0,0.0,0,0.0,0,0.0,0,0.0,0,0.0,0,0.0,7146.96,4472.617,-2467.0
84,2013-01-05,10274.0,1183.0,1.0,0.0,0,0.0,6.0,0.11827317,0.9929811,0.5,0.8660254,1,0,0,1,11274.0,1,10242.0,1,0.0,0,0.0,0,0.0,0,0.0,0,0.0,0,0.0,8797.776,5984.0356,1032.0
84,2013-01-06,0.0,0.0,0.0,0.0,0,0.0,7.0,0.11827317,0.9929811,0.5,0.8660254,1,0,0,1,10274.0,1,11274.0,1,12709.0,0,0.0,0,0.0,0,0.0,0,0.0,0,0.0,9388.266,6937.361,-1000.0
84,2013-01-07,19582.0,1809.0,1.0,1.0,0,0.0,1.0,0.23488605,0.9720229,0.5,0.8660254,1,0,0,1,0.0,1,10274.0,1,10242.0,0,0.0,0,0.0,0,0.0,0,0.0,0,0.0,5632.9595,5395.725,-10274.0
84,2013-01-08,15019.0,1514.0,1.0,1.0,0,0.0,2.0,0.23488605,0.9720229,0.5,0.8660254,1,0,0,1,19582.0,1,0.0,1,11274.0,0,0.0,0,0.0,0,0.0,0,0.0,0,0.0,11212.575,8548.23,19582.0
84,2013-01-09,12951.0,1292.0,1.0,1.0,0,0.0,3.0,0.23488605,0.9720229,0.5,0.8660254,1,0,0,1,15019.0,1,19582.0,1,10274.0,1,0.0,0,0.0,0,0.0,0,0.0,0,0.0,12735.1455,9986.18,-4563.0
84,2013-01-10,12981.0,1407.0,1.0,1.0,0,0.0,4.0,0.23488605,0.9720229,0.5,0.8660254,1,0,0,1,12951.0,1,15019.0,1,0.0,1,12709.0,0,0.0,0,0.0,0,0.0,0,0.0,12821.487,10645.028,-2068.0
84,2013-01-11,13462.0,1441.0,1.0,1.0,0,0.0,5.0,0.23488605,0.9720229,0.5,0.8660254,1,0,0,1,12981.0,1,12951.0,1,19582.0,1,10242.0,0,0.0,0,0.0,0,0.0,0,0.0,12885.292,11164.133,30.0
84,2013-01-12,10406.0,1187.0,1.0,0.0,0,0.0,6.0,0.23488605,0.9720229,0.5,0.8660254,1,0,0,1,13462.0,1,12981.0,1,15019.0,1,11274.0,0,0.0,0,0.0,0,0.0,0,0.0,13115.976,11674.7705,481.0
84,2013-01-13,0.0,0.0,0.0,0.0,0,0.0,7.0,0.23488605,0.9720229,0.5,0.8660254,1,0,0,1,10406.0,1,13462.0,1,12951.0,1,10274.0,1,0.0,0,0.0,0,0.0,0,0.0,12031.985,11392.821,-3056.0
84,2013-01-14,9490.0,1190.0,1.0,0.0,0,0.0,1.0,0.34820163,0.93741965,0.5,0.8660254,1,0,0,1,0.0,1,10406.0,1,12981.0,1,0.0,1,12709.0,0,0.0,0,0.0,0,0.0,7219.191,8861.083,-10406.0
84,2013-01-15,8597.0,1068.0,1.0,0.0,0,0.0,2.0,0.34820163,0.93741965,0.5,0.8660254,1,0,0,1,9490.0,1,0.0,1,13462.0,1,19582.0,1,10242.0,0,0.0,0,0.0,0,0.0,8127.5146,9000.843,9490.0
84,2013-01-16,9501.0,1166.0,1.0,0.0,0,0.0,3.0,0.34820163,0.93741965,0.5,0.8660254,1,0,0,1,8597.0,1,9490.0,1,10406.0,1,15019.0,1,11274.0,0,0.0,0,0.0,0,0.0,8315.309,8911.1,-893.0
84,2013-01-17,9588.0,1191.0,1.0,0.0,0,0.0,4.0,0.34820163,0.93741965,0.5,0.8660254,1,0,0,1,9501.0,1,8597.0,1,0.0,1,12951.0,1,10274.0,1,0.0,0,0.0,0,0.0,8789.585,9042.188,904.0
84,2013-01-18,9995.0,1220.0,1.0,0.0,0,0.0,5.0,0.34820163,0.93741965,0.5,0.8660254,1,0,0,1,9588.0,1,9501.0,1,9490.0,1,12981.0,1,0.0,1,12709.0,0,0.0,0,0.0,9108.951,9163.48,87.0
84,2013-01-19,10570.0,1145.0,1.0,0.0,0,0.0,6.0,0.34820163,0.93741965,0.5,0.8660254,1,0,0,1,9995.0,1,9588.0,1,8597.0,1,13462.0,1,19582.0,1,10242.0,0,0.0,0,0.0,9463.371,9348.263,407.0
84,2013-01-20,0.0,0.0,0.0,0.0,0,0.0,7.0,0.34820163,0.93741965,0.5,0.8660254,1,0,0,1,10570.0,1,9995.0,1,9501.0,1,10406.0,1,15019.0,1,11274.0,0,0.0,0,0.0,9906.022,9619.76,575.0
84,2013-01-21,12010.0,1212.0,1.0,1.0,0,0.0,1.0,0.45662925,0.8896571,0.5,0.8660254,1,0,0,1,0.0,1,10570.0,1,9588.0,1,0.0,1,12951.0,1,10274.0,0,0.0,0,0.0,5943.6133,7482.035,-10570.0
84,2013-01-22,14389.0,1407.0,1.0,1.0,0,0.0,2.0,0.45662925,0.8896571,0.5,0.8660254,1,0,0,1,12010.0,1,0.0,1,9995.0,1,9490.0,1,12981.0,1,0.0,0,0.0,0,0.0,8370.168,8488.25,12010.0
84,2013-01-23,14212.0,1424.0,1.0,1.0,0,0.0,3.0,0.45662925,0.8896571,0.5,0.8660254,1,0,0,1,14389.0,1,12010.0,1,10570.0,1,8597.0,1,13462.0,1,19582.0,0,0.0,0,0.0,10777.701,9799.527,2379.0
84,2013-01-24,13897.0,1425.0,1.0,1.0,0,0.0,4.0,0.45662925,0.8896571,0.5,0.8660254,1,0,0,1,14212.0,1,14389.0,1,0.0,1,9501.0,1,10406.0,1,15019.0,0,0.0,0,0.0,12151.421,10780.077,-177.0
84,2013-01-25,11817.0,1316.0,1.0,1.0,0,0.0,5.0,0.45662925,0.8896571,0.5,0.8660254,1,0,0,1,13897.0,1,14212.0,1,12010.0,1,9588.0,1,0.0,1,12951.0,1,0.0,0,0.0,12849.652,11472.727,-315.0
84,2013-01-26,9971.0,1145.0,1.0,0.0,0,0.0,6.0,0.45662925,0.8896571,0.5,0.8660254,1,0,0,1,11817.0,1,13897.0,1,14389.0,1,9995.0,1,9490.0,1,12981.0,1,12709.0,0,0.0,12436.592,11549.231,-2080.0
84,2013-01-27,0.0,0.0,0.0,0.0,0,0.0,7.0,0.45662925,0.8896571,0.5,0.8660254,1,0,0,1,9971.0,1,11817.0,1,14212.0,1,10570.0,1,8597.0,1,13462.0,1,10242.0,0,0.0,11450.3545,11198.514,-1846.0
84,2013-01-28,10283.0,1266.0,1.0,0.0,0,0.0,1.0,0.55864674,0.82940567,0.5,0.8660254,1,0,0,1,0.0,1,9971.0,1,13897.0,1,0.0,1,9501.0,1,10406.0,1,11274.0,0,0.0,6870.213,8709.955,-9971.0
84,2013-01-29,9017.0,1119.0,1.0,0.0,0,0.0,2.0,0.55864674,0.82940567,0.5,0.8660254,1,0,0,1,10283.0,1,0.0,1,11817.0,1,12010.0,1,9588.0,1,0.0,1,10274.0,0,0.0,8235.328,9059.5205,10283.0
84,2013-01-30,10443.0,1263.0,1.0,0.0,0,0.0,3.0,0.55864674,0.82940567,0.5,0.8660254,1,0,0,1,9017.0,1,10283.0,1,9971.0,1,14389.0,1,9995.0,1,9490.0,1,0.0,0,0.0,8547.997,9050.071,-1266.0
84,2013-01-31,11650.0,1238.0,1.0,0.0,0,0.0,4.0,0.55864674,0.82940567,0.5,0.8660254,1,0,1,1,10443.0,1,9017.0,1,0.0,1,14212.0,1,10570.0,1,8597.0,1,19582.0,0,0.0,9305.998,9359.611,1426.0
84,2013-02-01,11412.0,1294.0,1.0,0.0,0,0.0,5.0,0.55864674,0.82940567,0.8660254,0.5,1,1,0,1,11650.0,1,10443.0,1,10283.0,1,13897.0,1,0.0,1,9501.0,1,15019.0,0,0.0,10243.599,9868.587,1207.0
84,2013-02-02,11062.0,1231.0,1.0,0.0,0,0.0,6.0,0.55864674,0.82940567,0.8660254,0.5,1,0,0,1,11412.0,1,11650.0,1,9017.0,1,11817.0,1,12010.0,1,9588.0,1,12951.0,0,0.0,10710.959,10211.567,-238.0
84,2013-02-03,0.0,0.0,0.0,0.0,0,0.0,7.0,0.55864674,0.82940567,0.8660254,0.5,1,0,0,1,11062.0,1,11412.0,1,10443.0,1,9971.0,1,14389.0,1,9995.0,1,12981.0,0,0.0,10851.376,10400.553,-350.0
84,2013-02-04,18606.0,1792.0,1.0,1.0,0,0.0,1.0,0.65282214,0.75751126,0.8660254,0.5,1,0,0,1,0.0,1,11062.0,1,11650.0,1,0.0,1,14212.0,1,10570.0,1,13462.0,0,0.0,6510.825,8089.3184,-11062.0
84,2013-02-05,14355.0,1440.0,1.0,1.0,0,0.0,2.0,0.65282214,0.75751126,0.8660254,0.5,1,0,0,1,18606.0,1,0.0,1,11412.0,1,10283.0,1,13897.0,1,0.0,1,10406.0,0,0.0,11348.8955,10426.358,18606.0
84,2013-02-06,16891.0,1780.0,1.0,1.0,0,0.0,3.0,0.65282214,0.75751126,0.8660254,0.5,1,0,0,1,14355.0,1,18606.0,1,11062.0,1,9017.0,1,11817.0,1,12010.0,1,0.0,0,0.0,12551.337,11299.391,-4251.0
84,2013-02-07,13188.0,1428.0,1.0,1.0,0,0.0,4.0,0.65282214,0.75751126,0.8660254,0.5,1,0,0,1,16891.0,1,14355.0,1,0.0,1,10443.0,1,9971.0,1,14389.0,1,9490.0,0,0.0,14287.202,12541.97,2536.0
84,2013-02-08,11541.0,1299.0,1.0,1.0,0,0.0,5.0,0.65282214,0.75751126,0.8660254,0.5,1,0,0,1,13188.0,1,16891.0,1,18606.0,1,11650.0,1,0.0,1,14212.0,1,8597.0,0,0.0,13847.521,12685.532,-3703.0
84,2013-02-09,9969.0,1148.0,1.0,0.0,0,0.0,6.0,0.65282214,0.75751126,0.8660254,0.5,1,0,0,1,11541.0,1,13188.0,1,14355.0,1,11412.0,1,10283.0,1,13897.0,1,9501.0,0,0.0,12924.913,12431.191,-1647.0
84,2013-02-10,0.0,0.0,0.0,0.0,0,0.0,7.0,0.65282214,0.75751126,0.8660254,0.5,1,0,0,1,9969.0,1,11541.0,1,16891.0,1,11062.0,1,9017.0,1,11817.0,1,9588.0,0,0.0,11742.548,11884.038,-1572.0
84,2013-02-11,6697.0,753.0,1.0,0.0,0,0.0,1.0,0.73783326,0.674983,0.8660254,0.5,1,0,0,1,0.0,1,9969.0,1,13188.0,1,0.0,1,10443.0,1,9971.0,1,9995.0,0,0.0,7045.529,9243.141,-9969.0
84,2013-02-12,11029.0,1339.0,1.0,0.0,0,0.0,2.0,0.73783326,0.674983,0.8660254,0.5,1,0,0,1,6697.0,1,0.0,1,11541.0,1,18606.0,1,11650.0,1,0.0,1,10570.0,0,0.0,6906.117,8677.332,6697.0
84,2013-02-13,12013.0,1476.0,1.0,0.0,0,0.0,3.0,0.73783326,0.674983,0.8660254,0.5,1,0,0,1,11029.0,1,6697.0,1,9969.0,1,14355.0,1,11412.0,1,10283.0,1,0.0,0,0.0,8555.2705,9199.925,4332.0
84,2013-02-14,10779.0,1313.0,1.0,0.0,0,0.0,4.0,0.73783326,0.674983,0.8660254,0.5,1,0,0,1,12013.0,1,11029.0,1,0.0,1,16891.0,1,11062.0,1,9017.0,1,12010.0,0,0.0,9938.362,9825.053,984.0
84,2013-02-15,10068.0,1181.0,1.0,0.0,0,0.0,5.0,0.73783326,0.674983,0.8660254,0.5,1,0,0,1,10779.0,1,12013.0,1,6697.0,1,13188.0,1,0.0,1,10443.0,1,14389.0,0,0.0,10274.617,10037.041,-1234.0
84,2013-02-16,10218.0,1195.0,1.0,0.0,0,0.0,6.0,0.73783326,0.674983,0.8660254,0.5,1,0,0,1,10068.0,1,10779.0,1,11029.0,1,11541.0,1,18606.0,1,11650.0,1,14212.0,0,0.0,10191.971,10043.921,-711.0
84,2013-02-17,0.0,0.0,0.0,0.0,0,0.0,7.0,0.73783326,0.674983,0.8660254,0.5,1,0,0,1,10218.0,1,10068.0,1,12013.0,1,9969.0,1,14355.0,1,11412.0,1,13897.0,0,0.0,10202.382,10082.6045,150.0
84,2013-02-18,18228.0,1735.0,1.0,1.0,0,0.0,1.0,0.8124869,0.5829795,0.8660254,0.5,1,0,0,1,0.0,1,10218.0,1,10779.0,1,0.0,1,16891.0,1,11062.0,1,11817.0,0,0.0,6121.429,7842.026,-10218.0
84,2013-02-19,13910.0,1349.0,1.0,1.0,0,0.0,2.0,0.8124869,0.5829795,0.8660254,0.5,1,0,0,1,18228.0,1,0.0,1,10068.0,1,6697.0,1,13188.0,1,0.0,1,9971.0,0,0.0,10964.058,10150.0205,18228.0
84,2013-02-20,14684.0,1585.0,1.0,1.0,0,0.0,3.0,0.8124869,0.5829795,0.8660254,0.5,1,0,0,1,13910.0,1,18228.0,1,10218.0,1,11029.0,1,11541.0,1,18606.0,1,0.0,0,0.0,12142.435,10985.571,-4318.0
84,2013-02-21,12678.0,1341.0,1.0,1.0,0,0.0,4.0,0.8124869,0.5829795,0.8660254,0.5,1,0,0,1,14684.0,1,13910.0,1,0.0,1,12013.0,1,9969.0,1,14355.0,1,10283.0,0,0.0,13159.061,11807.444,774.0
84,2013-02-22,11965.0,1316.0,1.0,1.0,0,0.0,5.0,0.8124869,0.5829795,0.8660254,0.5,1,0,0,1,12678.0,1,14684.0,1,18228.0,1,10779.0,1,0.0,1,16891.0,1,9017.0,1,0.0,12966.637,12000.901,-2006.0
84,2013-02-23,9532.0,1084.0,1.0,0.0,0,0.0,6.0,0.8124869,0.5829795,0.8660254,0.5,1,0,0,1,11965.0,1,12678.0,1,13910.0,1,10068.0,1,6697.0,1,13188.0,1,10443.0,1,12709.0,12565.981,11992.923,-713.0
84,2013-02-24,0.0,0.0,0.0,0.0,0,0.0,7.0,0.8124869,0.5829795,0.8660254,0.5,1,0,0,1,9532.0,1,11965.0,1,14684.0,1,10218.0,1,11029.0,1,11541.0,1,11650.0,1,10242.0,11352.389,11446.052,-2433.0
84,2013-02-25,9244.0,1166.0,1.0,0.0,0,0.0,1.0,0.8757349,0.4827922,0.8660254,0.5,1,0,0,1,0.0,1,9532.0,1,12678.0,1,0.0,1,12013.0,1,9969.0,1,11412.0,1,11274.0,6811.4336,8902.484,-9532.0
84,2013-02-26,9483.0,1192.0,1.0,0.0,0,0.0,2.0,0.8757349,0.4827922,0.8660254,0.5,1,0,0,1,9244.0,1,0.0,1,11965.0,1,18228.0,1,10779.0,1,0.0,1,11062.0,1,10274.0,7784.46,8978.377,9244.0
84,2013-02-27,10802.0,1307.0,1.0,0.0,0,0.0,3.0,0.8757349,0.4827922,0.8660254,0.5,1,0,0,1,9483.0,1,9244.0,1,9532.0,1,13910.0,1,10068.0,1,6697.0,1,0.0,1,0.0,8463.876,9090.516,239.0
84,2013-02-28,12013.0,1325.0,1.0,0.0,0,0.0,4.0,0.8757349,0.4827922,0.8660254,0.5,1,0,1,1,10802.0,1,9483.0,1,0.0,1,14684.0,1,10218.0,1,11029.0,1,18606.0,1,19582.0,9399.126,9470.845,1319.0
84,2013-03-01,11553.0,1326.0,1.0,0.0,0,0.0,5.0,0.8757349,0.4827922,1.0,6.123234e-17,1,1,0,1,12013.0,1,10802.0,1,9244.0,1,12678.0,1,0.0,1,12013.0,1,14355.0,1,15019.0,10444.676,10035.769,1211.0
84,2013-03-02,10851.0,1275.0,1.0,0.0,0,0.0,6.0,0.8757349,0.4827922,1.0,6.123234e-17,1,0,0,1,11553.0,1,12013.0,1,9483.0,1,11965.0,1,18228.0,1,10779.0,1,16891.0,1,12951.0,10888.005,10372.931,-460.0
84,2013-03-03,0.0,0.0,0.0,0.0,0,0.0,7.0,0.8757349,0.4827922,1.0,6.123234e-17,1,0,0,1,10851.0,1,11553.0,1,10802.0,1,9532.0,1,13910.0,1,10068.0,1,13188.0,1,12981.0,10873.203,10479.169,-702.0
84,2013-03-04,18527.0,1753.0,1.0,1.0,0,0.0,1.0,0.9266896,0.37582758,1.0,6.123234e-17,1,0,0,1,0.0,1,10851.0,1,12013.0,1,0.0,1,14684.0,1,10218.0,1,11541.0,1,13462.0,6523.922,8150.4644,-10851.0
84,2013-03-05,15325.0,1594.0,1.0,1.0,0,0.0,2.0,0.9266896,0.37582758,1.0,6.123234e-17,1,0,0,1,18527.0,1,0.0,1,11553.0,1,9244.0,1,12678.0,1,0.0,1,9969.0,1,10406.0,11325.153,10456.361,18527.0
84,2013-03-06,14358.0,1570.0,1.0,1.0,0,0.0,3.0,0.9266896,0.37582758,1.0,6.123234e-17,1,0,0,1,15325.0,1,18527.0,1,10851.0,1,9483.0,1,11965.0,1,18228.0,1,0.0,1,0.0,12925.092,11538.281,-3202.0
84,2013-03-07,13888.0,1445.0,1.0,1.0,0,0.0,4.0,0.9266896,0.37582758,1.0,6.123234e-17,1,0,0,1,14358.0,1,15325.0,1,0.0,1,10802.0,1,9532.0,1,13910.0,1,6697.0,1,9490.0,13498.255,12164.885,-967.0
84,2013-03-08,12421.0,1309.0,1.0,1.0,0,0.0,5.0,0.9266896,0.37582758,1.0,6.123234e-17,1,0,0,1,13888.0,1,14358.0,1,18527.0,1,12013.0,1,0.0,1,14684.0,1,11029.0,1,8597.0,13654.153,12547.8,-470.0
84,2013-03-09,9453.0,1076.0,1.0,0.0,0,0.0,6.0,0.9266896,0.37582758,1.0,6.123234e-17,1,0,0,1,12421.0,1,13888.0,1,15325.0,1,11553.0,1,9244.0,1,12678.0,1,12013.0,1,9501.0,13160.892,12519.622,-1467.0
84,2013-03-10,0.0,0.0,0.0,0.0,0,0.0,7.0,0.9266896,0.37582758,1.0,6.123234e-17,1,0,0,1,9453.0,1,12421.0,1,14358.0,1,10851.0,1,9483.0,1,11965.0,1,10779.0,1,9588.0,11677.735,11838.15,-2968.0
84,2013-03-11,10454.0,1236.0,1.0,0.0,0,0.0,1.0,0.9646356,0.26358718,1.0,6.123234e-17,1,0,0,1,0.0,1,9453.0,1,13888.0,1,0.0,1,10802.0,1,9532.0,1,10068.0,1,9995.0,7006.641,9207.45,-9453.0
84,2013-03-12,11226.0,1300.0,1.0,0.0,0,0.0,2.0,0.9646356,0.26358718,1.0,6.123234e-17,1,0,0,1,10454.0,1,0.0,1,12421.0,1,18527.0,1,12013.0,1,0.0,1,10218.0,1,10570.0,8385.585,9484.461,10454.0
84,2013-03-13,11635.0,1370.0,1.0,0.0,0,0.0,3.0,0.9646356,0.26358718,1.0,6.123234e-17,1,0,0,1,11226.0,1,10454.0,1,9453.0,1,15325.0,1,11553.0,1,9244.0,1,0.0,1,0.0,9521.751,9871.47,772.0
84,2013-03-14,10154.0,1193.0,1.0,0.0,0,0.0,4.0,0.9646356,0.26358718,1.0,6.123234e-17,1,0,0,1,11635.0,1,11226.0,1,0.0,1,14358.0,1,10851.0,1,9483.0,1,18228.0,1,12010.0,10367.051,10263.365,409.0
84,2013-03-15,11441.0,1317.0,1.0,0.0,0,0.0,5.0,0.9646356,0.26358718,1.0,6.123234e-17,1,0,0,1,10154.0,1,11635.0,1,10454.0,1,13888.0,1,0.0,1,10802.0,1,13910.0,1,14389.0,10281.83,10239.0625,-1481.0
84,2013-03-16,9827.0,1149.0,1.0,0.0,0,0.0,6.0,0.9646356,0.26358718,1.0,6.123234e-17,1,0,0,1,11441.0,1,10154.0,1,11226.0,1,12421.0,1,18527.0,1,12013.0,1,14684.0,1,14212.0,10745.498,10506.159,1287.0
84,2013-03-17,0.0,0.0,0.0,0.0,0,0.0,7.0,0.9646356,0.26358718,1.0,6.123234e-17,1,0,0,1,9827.0,1,11441.0,1,11635.0,1,9453.0,1,15325.0,1,11553.0,1,12678.0,1,13897.0,10378.099,10355.235,-1614.0
84,2013-03-18,18520.0,1781.0,1.0,1.0,0,0.0,1.0,0.9890402,0.14764656,1.0,6.123234e-17,1,0,0,1,0.0,1,9827.0,1,10154.0,1,0.0,1,14358.0,1,10851.0,1,11965.0,1,11817.0,6226.8594,8054.072,-9827.0
84,2013-03-19,15238.0,1509.0,1.0,1.0,0,0.0,2.0,0.9890402,0.14764656,1.0,6.123234e-17,1,0,0,1,18520.0,1,0.0,1,11441.0,1,10454.0,1,13888.0,1,0.0,1,9532.0,1,9971.0,11144.115,10379.834,18520.0
84,2013-03-20,14147.0,1486.0,1.0,1.0,0,0.0,3.0,0.9890402,0.14764656,1.0,6.123234e-17,1,0,0,1,15238.0,1,18520.0,1,9827.0,1,11226.0,1,12421.0,1,18527.0,1,0.0,1,0.0,12781.669,11459.426,-3282.0
84,2013-03-21,12717.0,1377.0,1.0,1.0,0,0.0,4.0,0.9890402,0.14764656,1.0,6.123234e-17,1,0,0,1,14147.0,1,15238.0,1,0.0,1,11635.0,1,9453.0,1,15325.0,1,9244.0,1,10283.0,13327.802,12056.665,-1091.0
84,2013-03-22,12978.0,1385.0,1.0,1.0,0,0.0,5.0,0.9890402,0.14764656,1.0,6.123234e-17,1,0,0,1,12717.0,1,14147.0,1,18520.0,1,10154.0,1,0.0,1,14358.0,1,9483.0,1,9017.0,13083.481,12203.406,-1430.0
84,2013-03-23,9925.0,1129.0,1.0,0.0,0,0.0,6.0,0.9890402,0.14764656,1.0,6.123234e-17,1,0,0,1,12978.0,1,12717.0,1,15238.0,1,11441.0,1,10454.0,1,13888.0,1,10802.0,1,10443.0,13041.289,12375.538,261.0
84,2013-03-24,0.0,0.0,0.0,0.0,0,0.0,7.0,0.9890402,0.14764656,1.0,6.123234e-17,1,0,0,1,9925.0,1,12978.0,1,14147.0,1,9827.0,1,11226.0,1,12421.0,1,12013.0,1,11650.0,11794.773,11830.974,-3053.0
84,2013-03-25,16100.0,1475.0,1.0,1.0,0,1.0,1.0,0.99956083,0.029633328,1.0,6.123234e-17,1,0,0,1,0.0,1,9925.0,1,12717.0,1,0.0,1,11635.0,1,9453.0,1,11553.0,1,11412.0,7076.864,9201.868,-9925.0
84,2013-03-26,15719.0,1546.0,1.0,1.0,0,1.0,2.0,0.99956083,0.029633328,1.0,6.123234e-17,1,0,0,1,16100.0,1,0.0,1,12978.0,1,18520.0,1,10154.0,1,0.0,1,10851.0,1,11062.0,10686.118,10734.787,16100.0
84,2013-03-27,16376.0,1726.0,1.0,1.0,0,1.0,3.0,0.99956083,0.029633328,1.0,6.123234e-17,1,0,0,1,15719.0,1,16100.0,1,9925.0,1,15238.0,1,11441.0,1,10454.0,1,0.0,1,0.0,12699.271,11842.39,-381.0
84,2013-03-28,17441.0,1696.0,1.0,1.0,0,1.0,4.0,0.99956083,0.029633328,1.0,6.123234e-17,1,0,0,1,16376.0,1,15719.0,1,0.0,1,14147.0,1,9827.0,1,11226.0,1,18527.0,1,18606.0,14169.963,12849.858,657.0
84,2013-03-29,0.0,0.0,0.0,1.0,2,1.0,5.0,0.99956083,0.029633328,1.0,6.123234e-17,1,0,0,1,17441.0,1,16376.0,1,16100.0,1,12717.0,1,0.0,1,11635.0,1,15325.0,1,14355.0,15478.378,13870.112,1065.0
84,2013-03-30,14273.0,1487.0,1.0,0.0,0,0.0,6.0,0.99956083,0.029633328,1.0,6.123234e-17,1,0,0,1,0.0,1,17441.0,1,15719.0,1,12978.0,1,18520.0,1,10154.0,1,14358.0,1,16891.0,9287.026,10787.865,-17441.0
84,2013-03-31,0.0,0.0,0.0,0.0,0,0.0,7.0,0.99956083,0.029633328,1.0,6.123234e-17,1,0,1,1,14273.0,1,0.0,1,16376.0,1,9925.0,1,15238.0,1,11441.0,1,13888.0,1,13188.0,11281.416,11562.34,14273.0
84,2013-04-01,0.0,0.0,0.0,0.0,2,1.0,1.0,0.9960498,-0.08879589,0.8660254,-0.5,2,1,0,1,0.0,1,14273.0,1,17441.0,1,0.0,1,14147.0,1,9827.0,1,12421.0,1,11541.0,6768.8496,8992.931,-14273.0
84,2013-04-02,12191.0,1456.0,1.0,0.0,0,1.0,2.0,0.9960498,-0.08879589,0.8660254,-0.5,2,0,0,1,0.0,1,0.0,1,0.0,1,16100.0,1,12717.0,1,0.0,1,9453.0,1,9969.0,4061.3098,6994.5015,0.0
84,2013-04-03,11052.0,1375.0,1.0,0.0,0,1.0,3.0,0.9960498,-0.08879589,0.8660254,-0.5,2,0,0,1,12191.0,1,0.0,1,14273.0,1,15719.0,1,12978.0,1,18520.0,1,0.0,1,0.0,7313.186,8149.2793,12191.0
84,2013-04-04,10133.0,1240.0,1.0,0.0,0,1.0,4.0,0.9960498,-0.08879589,0.8660254,-0.5,2,0,0,1,11052.0,1,12191.0,1,0.0,1,16376.0,1,9925.0,1,15238.0,1,10454.0,1,6697.0,8808.712,8794.328,-1139.0
84,2013-04-05,10557.0,1231.0,1.0,0.0,0,1.0,5.0,0.9960498,-0.08879589,0.8660254,-0.5,2,0,0,1,10133.0,1,11052.0,1,0.0,1,17441.0,1,0.0,1,14147.0,1,11226.0,1,11029.0,9338.427,9091.811,-919.0
84,2013-04-06,10247.0,1204.0,1.0,0.0,0,0.0,6.0,0.9960498,-0.08879589,0.8660254,-0.5,2,0,0,1,10557.0,1,10133.0,1,12191.0,1,0.0,1,16100.0,1,12717.0,1,11635.0,1,12013.0,9825.856,9417.408,424.0
84,2013-04-07,0.0,0.0,0.0,0.0,0,0.0,7.0,0.9960498,-0.08879589,0.8660254,-0.5,2,0,0,1,10247.0,1,10557.0,1,11052.0,1,14273.0,1,15719.0,1,12978.0,1,10154.0,1,10779.0,9994.313,9601.762,-310.0
84,2013-04-08,16778.0,1670.0,1.0,1.0,0,0.0,1.0,0.9785565,-0.20597862,0.8660254,-0.5,2,0,0,1,0.0,1,10247.0,1,10133.0,1,0.0,1,16376.0,1,9925.0,1,11441.0,1,10068.0,5996.5884,7468.037,-10247.0
84,2013-04-09,14223.0,1442.0,1.0,1.0,0,0.0,2.0,0.9785565,-0.20597862,0.8660254,-0.5,2,0,0,1,16778.0,1,0.0,1,10557.0,1,0.0,1,17441.0,1,0.0,1,9827.0,1,10218.0,10309.153,9536.918,16778.0
84,2013-04-10,12841.0,1391.0,1.0,1.0,0,0.0,3.0,0.9785565,-0.20597862,0.8660254,-0.5,2,0,0,1,14223.0,1,16778.0,1,10247.0,1,12191.0,1,0.0,1,16100.0,1,0.0,1,0.0,11874.691,10578.27,-2555.0
84,2013-04-11,12117.0,1327.0,1.0,1.0,0,0.0,4.0,0.9785565,-0.20597862,0.8660254,-0.5,2,0,0,1,12841.0,1,14223.0,1,0.0,1,11052.0,1,14273.0,1,15719.0,1,18520.0,1,18228.0,12261.215,11081.099,-1382.0
84,2013-04-12,12302.0,1386.0,1.0,1.0,0,0.0,5.0,0.9785565,-0.20597862,0.8660254,-0.5,2,0,0,1,12117.0,1,12841.0,1,16778.0,1,10133.0,1,0.0,1,16376.0,1,15238.0,1,13910.0,12203.529,11311.299,-724.0
84,2013-04-13,9829.0,1143.0,1.0,0.0,0,0.0,6.0,0.9785565,-0.20597862,0.8660254,-0.5,2,0,0,1,12302.0,1,12117.0,1,14223.0,1,10557.0,1,0.0,1,17441.0,1,14147.0,1,14684.0,12242.917,11531.455,185.0
84,2013-04-14,0.0,0.0,0.0,0.0,0,0.0,7.0,0.9785565,-0.20597862,0.8660254,-0.5,2,0,0,1,9829.0,1,12302.0,1,12841.0,1,10247.0,1,12191.0,1,0.0,1,12717.0,1,12678.0,11277.351,11153.132,-2473.0
84,2013-04-15,10092.0,1226.0,1.0,0.0,0,0.0,1.0,0.94732636,-0.32026985,0.8660254,-0.5,2,0,0,1,0.0,1,9829.0,1,12117.0,1,0.0,1,11052.0,1,14273.0,1,12978.0,1,11965.0,6766.41,8674.658,-9829.0
84,2013-04-16,10198.0,1250.0,1.0,0.0,0,0.0,2.0,0.94732636,-0.32026985,0.8660254,-0.5,2,0,0,1,10092.0,1,0.0,1,12302.0,1,16778.0,1,10133.0,1,0.0,1,9925.0,1,9532.0,8096.646,8989.623,10092.0
84,2013-04-17,10056.0,1305.0,1.0,0.0,0,0.0,3.0,0.94732636,-0.32026985,0.8660254,-0.5,2,0,0,1,10198.0,1,10092.0,1,9829.0,1,14223.0,1,10557.0,1,0.0,1,0.0,1,0.0,8937.1875,9258.151,106.0
84,2013-04-18,9666.0,1218.0,1.0,0.0,0,0.0,4.0,0.94732636,-0.32026985,0.8660254,-0.5,2,0,0,1,10056.0,1,10198.0,1,0.0,1,12841.0,1,10247.0,1,12191.0,1,16100.0,1,9244.0,9384.713,9435.451,-142.0
84,2013-04-19,9415.0,1228.0,1.0,0.0,0,0.0,5.0,0.94732636,-0.32026985,0.8660254,-0.5,2,0,0,1,9666.0,1,10056.0,1,10092.0,1,12117.0,1,0.0,1,11052.0,1,15719.0,1,9483.0,9497.228,9486.684,-390.0
84,2013-04-20,9922.0,1176.0,1.0,0.0,0,0.0,6.0,0.94732636,-0.32026985,0.8660254,-0.5,2,0,0,1,9415.0,1,9666.0,1,10198.0,1,12302.0,1,16778.0,1,10133.0,1,16376.0,1,10802.0,9464.337,9470.754,-251.0
84,2013-04-21,0.0,0.0,0.0,0.0,0,0.0,7.0,0.94732636,-0.32026985,0.8660254,-0.5,2,0,0,1,9922.0,1,9415.0,1,10056.0,1,9829.0,1,14223.0,1,10557.0,1,17441.0,1,12013.0,9647.402,9571.031,507.0
84,2013-04-22,16062.0,1651.0,1.0,1.0,0,0.0,1.0,0.9027978,-0.4300652,0.8660254,-0.5,2,0,0,1,0.0,1,9922.0,1,9666.0,1,0.0,1,12841.0,1,10247.0,1,0.0,1,11553.0,5788.441,7444.1353,-9922.0
84,2013-04-23,14167.0,1436.0,1.0,1.0,0,0.0,2.0,0.9027978,-0.4300652,0.8660254,-0.5,2,0,0,1,16062.0,1,0.0,1,9415.0,1,10092.0,1,12117.0,1,0.0,1,14273.0,1,10851.0,9897.864,9359.216,16062.0
84,2013-04-24,12892.0,1478.0,1.0,1.0,0,0.0,3.0,0.9027978,-0.4300652,0.8660254,-0.5,2,0,0,1,14167.0,1,16062.0,1,9922.0,1,10198.0,1,12302.0,1,16778.0,1,0.0,1,0.0,11605.519,10427.612,-1895.0
84,2013-04-25,11740.0,1326.0,1.0,1.0,0,0.0,4.0,0.9027978,-0.4300652,0.8660254,-0.5,2,0,0,1,12892.0,1,14167.0,1,0.0,1,10056.0,1,9829.0,1,14223.0,1,0.0,1,18527.0,12120.111,10975.254,-1275.0
84,2013-04-26,11132.0,1188.0,1.0,1.0,0,0.0,5.0,0.9027978,-0.4300652,0.8660254,-0.5,2,0,0,1,11740.0,1,12892.0,1,16062.0,1,9666.0,1,0.0,1,12841.0,1,12191.0,1,15325.0,11968.066,11145.198,-1152.0
84,2013-04-27,9730.0,1163.0,1.0,0.0,0,0.0,6.0,0.9027978,-0.4300652,0.8660254,-0.5,2,0,0,1,11132.0,1,11740.0,1,14167.0,1,9415.0,1,10092.0,1,12117.0,1,11052.0,1,14358.0,11633.64,11142.265,-608.0
84,2013-04-28,0.0,0.0,0.0,0.0,0,0.0,7.0,0.9027978,-0.4300652,0.8660254,-0.5,2,0,0,1,9730.0,1,11132.0,1,12892.0,1,9922.0,1,10198.0,1,12302.0,1,10133.0,1,13888.0,10872.184,10828.429,-1402.0
84,2013-04-29,15533.0,1535.0,1.0,1.0,0,0.0,1.0,0.845596,-0.5338234,0.8660254,-0.5,2,0,0,1,0.0,1,9730.0,1,11740.0,1,0.0,1,10056.0,1,9829.0,1,10557.0,1,12421.0,6523.3105,8422.111,-9730.0
84,2013-04-30,17895.0,1783.0,1.0,1.0,0,0.0,2.0,0.845596,-0.5338234,0.8660254,-0.5,2,0,1,1,15533.0,1,0.0,1,11132.0,1,16062.0,1,9666.0,1,0.0,1,10247.0,1,9453.0,10127.187,10002.309,15533.0
84,2013-05-01,0.0,0.0,0.0,1.0,1,0.0,3.0,0.845596,-0.5338234,0.5,-0.8660254,2,1,0,1,17895.0,1,15533.0,1,9730.0,1,14167.0,1,9415.0,1,10092.0,1,0.0,1,0.0,13234.312,11756.24,2362.0
84,2013-05-02,16213.0,1678.0,1.0,1.0,0,0.0,4.0,0.845596,-0.5338234,0.5,-0.8660254,2,0,0,1,0.0,1,17895.0,1,0.0,1,12892.0,1,9922.0,1,10198.0,1,16778.0,1,10454.0,7940.587,9143.742,-17895.0
84,2013-05-03,14542.0,1540.0,1.0,1.0,0,0.0,5.0,0.845596,-0.5338234,0.5,-0.8660254,2,0,0,1,16213.0,1,0.0,1,15533.0,1,11740.0,1,0.0,1,10056.0,1,14223.0,1,11226.0,11249.552,10714.688,16213.0
84,2013-05-04,10807.0,1290.0,1.0,0.0,0,0.0,6.0,0.845596,-0.5338234,0.5,-0.8660254,2,0,0,1,14542.0,1,16213.0,1,17895.0,1,11132.0,1,16062.0,1,9666.0,1,12841.0,1,11635.0,12566.531,11565.202,-1671.0
84,2013-05-05,0.0,0.0,0.0,0.0,0,0.0,7.0,0.845596,-0.5338234,0.5,-0.8660254,2,0,0,1,10807.0,1,14542.0,1,0.0,1,9730.0,1,14167.0,1,9415.0,1,12117.0,1,10154.0,11862.719,11396.713,-3735.0
84,2013-05-06,12807.0,1445.0,1.0,0.0,0,0.0,1.0,0.7765239,-0.63008785,0.5,-0.8660254,2,0,0,1,0.0,1,10807.0,1,16213.0,1,0.0,1,12892.0,1,9922.0,1,12302.0,1,11441.0,7117.6313,8864.11,-10807.0
84,2013-05-07,11186.0,1343.0,1.0,0.0,0,0.0,2.0,0.7765239,-0.63008785,0.5,-0.8660254,2,0,0,1,12807.0,1,0.0,1,14542.0,1,15533.0,1,11740.0,1,0.0,1,9829.0,1,9827.0,9393.379,9740.308,12807.0
84,2013-05-08,13293.0,1584.0,1.0,0.0,0,0.0,3.0,0.7765239,-0.63008785,0.5,-0.8660254,2,0,0,1,11186.0,1,12807.0,1,10807.0,1,17895.0,1,11132.0,1,16062.0,1,0.0,1,0.0,10110.428,10061.572,-1621.0
84,2013-05-09,0.0,0.0,0.0,0.0,1,0.0,4.0,0.7765239,-0.63008785,0.5,-0.8660254,2,0,0,1,13293.0,1,11186.0,1,0.0,1,0.0,1,9730.0,1,14167.0,1,10092.0,1,18520.0,11383.456,10779.668,2107.0
84,2013-05-10,14078.0,1569.0,1.0,0.0,0,0.0,5.0,0.7765239,-0.63008785,0.5,-0.8660254,2,0,0,1,0.0,1,13293.0,1,12807.0,1,16213.0,1,0.0,1,12892.0,1,10198.0,1,15238.0,6830.0737,8384.186,-13293.0
84,2013-05-11,10513.0,1243.0,1.0,0.0,0,0.0,6.0,0.7765239,-0.63008785,0.5,-0.8660254,2,0,0,1,14078.0,1,0.0,1,11186.0,1,14542.0,1,15533.0,1,11740.0,1,10056.0,1,14147.0,9729.244,9649.478,14078.0
84,2013-05-12,0.0,0.0,0.0,0.0,0,0.0,7.0,0.7765239,-0.63008785,0.5,-0.8660254,2,0,0,1,10513.0,1,14078.0,1,13293.0,1,10807.0,1,17895.0,1,11132.0,1,9666.0,1,12717.0,10042.746,9841.372,-3565.0
84,2013-05-13,16202.0,1528.0,1.0,1.0,0,0.0,1.0,0.696551,-0.71750724,0.5,-0.8660254,2,0,0,1,0.0,1,10513.0,1,0.0,1,0.0,1,0.0,1,9730.0,1,9415.0,1,12978.0,6025.648,7654.4004,-10513.0
84,2013-05-14,15686.0,1633.0,1.0,1.0,0,0.0,2.0,0.696551,-0.71750724,0.5,-0.8660254,2,0,0,1,16202.0,1,0.0,1,14078.0,1,12807.0,1,16213.0,1,0.0,1,9922.0,1,9925.0,10096.188,9553.867,16202.0
84,2013-05-15,14411.0,1547.0,1.0,1.0,0,0.0,3.0,0.696551,-0.71750724,0.5,-0.8660254,2,0,0,1,15686.0,1,16202.0,1,10513.0,1,11186.0,1,14542.0,1,15533.0,1,0.0,1,0.0,12332.113,10916.563,-516.0
84,2013-05-16,12569.0,1425.0,1.0,1.0,0,0.0,4.0,0.696551,-0.71750724,0.5,-0.8660254,2,0,0,1,14411.0,1,15686.0,1,0.0,1,13293.0,1,10807.0,1,17895.0,1,16062.0,1,16100.0,13163.668,11693.1045,-1275.0
84,2013-05-17,12738.0,1418.0,1.0,1.0,0,0.0,5.0,0.696551,-0.71750724,0.5,-0.8660254,2,0,0,1,12569.0,1,14411.0,1,16202.0,1,0.0,1,0.0,1,0.0,1,14167.0,1,15719.0,12925.801,11887.748,-1842.0
84,2013-05-18,9479.0,1131.0,1.0,0.0,0,0.0,6.0,0.696551,-0.71750724,0.5,-0.8660254,2,0,0,1,12738.0,1,12569.0,1,15686.0,1,14078.0,1,12807.0,1,16213.0,1,12892.0,1,16376.0,12850.681,12076.693,169.0
84,2013-05-19,0.0,0.0,0.0,0.0,0,0.0,7.0,0.696551,-0.71750724,0.5,-0.8660254,2,0,0,1,9479.0,1,12738.0,1,14411.0,1,10513.0,1,11186.0,1,14542.0,1,11740.0,1,17441.0,11502.008,11499.428,-3259.0
84,2013-05-20,0.0,0.0,0.0,0.0,1,0.0,1.0,0.60680014,-0.79485446,0.5,-0.8660254,2,0,0,1,0.0,1,9479.0,1,12569.0,1,0.0,1,13293.0,1,10807.0,1,11132.0,1,0.0,6901.205,8943.999,-9479.0
84,2013-05-21,11755.0,1429.0,1.0,0.0,0,1.0,2.0,0.60680014,-0.79485446,0.5,-0.8660254,2,0,0,1,0.0,1,0.0,1,12738.0,1,16202.0,1,0.0,1,0.0,1,9730.0,1,14273.0,4140.723,6956.444,0.0
84,2013-05-22,10814.0,1363.0,1.0,0.0,0,0.0,3.0,0.60680014,-0.79485446,0.5,-0.8660254,2,0,0,1,11755.0,1,0.0,1,9479.0,1,15686.0,1,14078.0,1,12807.0,1,0.0,1,0.0,7186.4336,8022.7896,11755.0
84,2013-05-23,10443.0,1241.0,1.0,0.0,0,0.0,4.0,0.60680014,-0.79485446,0.5,-0.8660254,2,0,0,1,10814.0,1,11755.0,1,0.0,1,14411.0,1,10513.0,1,11186.0,1,15533.0,1,0.0,8637.46,8643.059,-941.0
84,2013-05-24,10264.0,1274.0,1.0,0.0,0,0.0,5.0,0.60680014,-0.79485446,0.5,-0.8660254,2,0,0,1,10443.0,1,10814.0,1,0.0,1,12569.0,1,0.0,1,13293.0,1,17895.0,1,12191.0,9359.676,9043.046,-371.0
84,2013-05-25,9757.0,1146.0,1.0,0.0,0,0.0,6.0,0.60680014,-0.79485446,0.5,-0.8660254,2,0,0,1,10264.0,1,10443.0,1,11755.0,1,12738.0,1,16202.0,1,0.0,1,0.0,1,11052.0,9721.405,9314.369,-179.0
84,2013-05-26,0.0,0.0,0.0,0.0,0,0.0,7.0,0.60680014,-0.79485446,0.5,-0.8660254,2,0,0,1,9757.0,1,10264.0,1,10814.0,1,9479.0,1,15686.0,1,14078.0,1,16213.0,1,10133.0,9735.644,9412.731,-507.0
84,2013-05-27,15845.0,1525.0,1.0,1.0,0,0.0,1.0,0.5085311,-0.86104363,0.5,-0.8660254,2,0,0,1,0.0,1,9757.0,1,10443.0,1,0.0,1,14411.0,1,10513.0,1,14542.0,1,10557.0,5841.386,7321.013,-9757.0
84,2013-05-28,14178.0,1514.0,1.0,1.0,0,0.0,2.0,0.5085311,-0.86104363,0.5,-0.8660254,2,0,0,1,15845.0,1,0.0,1,10264.0,1,0.0,1,12569.0,1,0.0,1,10807.0,1,10247.0,9842.832,9215.232,15845.0
84,2013-05-29,16025.0,1681.0,1.0,1.0,0,0.0,3.0,0.5085311,-0.86104363,0.5,-0.8660254,2,0,0,1,14178.0,1,15845.0,1,9757.0,1,11755.0,1,12738.0,1,16202.0,1,0.0,1,0.0,11576.899,10318.069,-1667.0
84,2013-05-30,0.0,0.0,0.0,1.0,1,0.0,4.0,0.5085311,-0.86104363,0.5,-0.8660254,2,0,0,1,16025.0,1,14178.0,1,0.0,1,10814.0,1,9479.0,1,15686.0,1,12807.0,1,16778.0,13356.14,11586.276,1847.0
84,2013-05-31,18630.0,1820.0,1.0,1.0,0,0.0,5.0,0.5085311,-0.86104363,0.5,-0.8660254,2,0,1,1,0.0,1,16025.0,1,15845.0,1,10443.0,1,0.0,1,14411.0,1,11186.0,1,14223.0,8013.6836,9011.549,-16025.0
84,2013-06-01,11057.0,1308.0,1.0,0.0,0,0.0,6.0,0.5085311,-0.86104363,1.2246469e-16,-1.0,2,1,0,1,18630.0,1,0.0,1,14178.0,1,10264.0,1,0.0,1,12569.0,1,13293.0,1,12841.0,12260.21,11148.982,18630.0
84,2013-06-02,0.0,0.0,0.0,0.0,0,0.0,7.0,0.5085311,-0.86104363,1.2246469e-16,-1.0,2,0,0,1,11057.0,1,18630.0,1,16025.0,1,9757.0,1,11755.0,1,12738.0,1,0.0,1,12117.0,11778.926,11128.542,-7573.0
84,2013-06-03,17990.0,1751.0,1.0,1.0,0,0.0,1.0,0.40312344,-0.91514564,1.2246469e-16,-1.0,2,0,0,1,0.0,1,11057.0,1,0.0,1,0.0,1,10814.0,1,9479.0,1,14078.0,1,12302.0,7067.3555,8655.532,-11057.0
84,2013-06-04,15057.0,1550.0,1.0,1.0,0,0.0,2.0,0.40312344,-0.91514564,1.2246469e-16,-1.0,2,0,0,1,17990.0,1,0.0,1,18630.0,1,15845.0,1,10443.0,1,0.0,1,10513.0,1,9829.0,11436.413,10729.858,17990.0
84,2013-06-05,14523.0,1568.0,1.0,1.0,0,0.0,3.0,0.40312344,-0.91514564,1.2246469e-16,-1.0,2,0,0,1,15057.0,1,17990.0,1,11057.0,1,14178.0,1,10264.0,1,0.0,1,0.0,1,0.0,12884.648,11691.445,-2933.0
84,2013-06-06,12926.0,1443.0,1.0,1.0,0,0.0,4.0,0.40312344,-0.91514564,1.2246469e-16,-1.0,2,0,0,1,14523.0,1,15057.0,1,0.0,1,16025.0,1,9757.0,1,11755.0,1,16202.0,1,10092.0,13539.989,12320.68,-534.0
84,2013-06-07,12662.0,1406.0,1.0,1.0,0,0.0,5.0,0.40312344,-0.91514564,1.2246469e-16,-1.0,2,0,0,1,12926.0,1,14523.0,1,17990.0,1,0.0,1,0.0,1,10814.0,1,15686.0,1,10198.0,13294.394,12455.195,-1597.0
84,2013-06-08,10145.0,1214.0,1.0,0.0,0,0.0,6.0,0.40312344,-0.91514564,1.2246469e-16,-1.0,2,0,0,1,12662.0,1,12926.0,1,15057.0,1,18630.0,1,15845.0,1,10443.0,1,14411.0,1,10056.0,13041.436,12501.152,-264.0
84,2013-06-09,0.0,0.0,0.0,0.0,0,0.0,7.0,0.40312344,-0.91514564,1.2246469e-16,-1.0,2,0,0,1,10145.0,1,12662.0,1,14523.0,1,11057.0,1,14178.0,1,10264.0,1,12569.0,1,9666.0,11882.861,11977.5625,-2517.0
84,2013-06-10,11008.0,1353.0,1.0,0.0,0,0.0,1.0,0.29205677,-0.956401,1.2246469e-16,-1.0,2,0,0,1,0.0,1,10145.0,1,12926.0,1,0.0,1,16025.0,1,9757.0,1,12738.0,1,9415.0,7129.717,9315.882,-10145.0
84,2013-06-11,10313.0,1247.0,1.0,0.0,0,0.0,2.0,0.29205677,-0.956401,1.2246469e-16,-1.0,2,0,0,1,11008.0,1,0.0,1,12662.0,1,17990.0,1,0.0,1,0.0,1,9479.0,1,9922.0,8681.03,9691.908,11008.0
84,2013-06-12,11087.0,1391.0,1.0,0.0,0,0.0,3.0,0.29205677,-0.956401,1.2246469e-16,-1.0,2,0,0,1,10313.0,1,11008.0,1,10145.0,1,15057.0,1,18630.0,1,15845.0,1,0.0,1,0.0,9333.818,9829.929,-695.0
84,2013-06-13,9968.0,1217.0,1.0,0.0,0,0.0,4.0,0.29205677,-0.956401,1.2246469e-16,-1.0,2,0,0,1,11087.0,1,10313.0,1,0.0,1,14523.0,1,11057.0,1,14178.0,1,0.0,1,16062.0,10035.091,10109.278,774.0
84,2013-06-14,11677.0,1342.0,1.0,0.0,0,0.0,5.0,0.29205677,-0.956401,1.2246469e-16,-1.0,2,0,0,1,9968.0,1,11087.0,1,11008.0,1,12926.0,1,0.0,1,16025.0,1,11755.0,1,14167.0,10008.255,10077.883,-1119.0
84,2013-06-15,10465.0,1224.0,1.0,0.0,0,0.0,6.0,0.29205677,-0.956401,1.2246469e-16,-1.0,2,0,0,1,11677.0,1,9968.0,1,10313.0,1,12662.0,1,17990.0,1,0.0,1,10814.0,1,12892.0,10675.753,10433.242,1709.0
84,2013-06-16,0.0,0.0,0.0,0.0,0,0.0,7.0,0.29205677,-0.956401,1.2246469e-16,-1.0,2,0,0,1,10465.0,1,11677.0,1,11087.0,1,10145.0,1,15057.0,1,18630.0,1,10443.0,1,11740.0,10591.451,10440.3,-1212.0
84,2013-06-17,17296.0,1632.0,1.0,1.0,0,0.0,1.0,0.17689027,-0.9842306,1.2246469e-16,-1.0,2,0,0,1,0.0,1,10465.0,1,9968.0,1,0.0,1,14523.0,1,11057.0,1,10264.0,1,11132.0,6354.871,8120.233,-10465.0
84,2013-06-18,13944.0,1441.0,1.0,1.0,0,0.0,2.0,0.17689027,-0.9842306,1.2246469e-16,-1.0,2,0,0,1,17296.0,1,0.0,1,11677.0,1,11008.0,1,12926.0,1,0.0,1,9757.0,1,9730.0,10731.322,10159.292,17296.0
84,2013-06-19,12706.0,1385.0,1.0,1.0,0,0.0,3.0,0.17689027,-0.9842306,1.2246469e-16,-1.0,2,0,0,1,13944.0,1,17296.0,1,10465.0,1,10313.0,1,12662.0,1,17990.0,1,0.0,1,0.0,12016.394,11000.339,-3352.0
84,2013-06-20,10555.0,1129.0,1.0,1.0,0,0.0,4.0,0.17689027,-0.9842306,1.2246469e-16,-1.0,2,0,0,1,12706.0,1,13944.0,1,0.0,1,11087.0,1,10145.0,1,15057.0,1,15845.0,1,15533.0,12292.236,11379.374,-1238.0
84,2013-06-21,12720.0,1345.0,1.0,1.0,0,0.0,5.0,0.17689027,-0.9842306,1.2246469e-16,-1.0,2,0,0,1,10555.0,1,12706.0,1,17296.0,1,9968.0,1,0.0,1,14523.0,1,14178.0,1,17895.0,11597.342,11196.18,-2151.0
84,2013-06-22,10262.0,1213.0,1.0,0.0,0,0.0,6.0,0.17689027,-0.9842306,1.2246469e-16,-1.0,2,0,0,1,12720.0,1,10555.0,1,13944.0,1,11677.0,1,11008.0,1,12926.0,1,16025.0,1,0.0,12046.405,11534.807,2165.0
84,2013-06-23,0.0,0.0,0.0,0.0,0,0.0,7.0,0.17689027,-0.9842306,1.2246469e-16,-1.0,2,0,0,1,10262.0,1,12720.0,1,12706.0,1,10465.0,1,10313.0,1,12662.0,1,0.0,1,16213.0,11332.643,11251.961,-2458.0
84,2013-06-24,10883.0,1283.0,1.0,0.0,0,0.0,1.0,0.059240628,-0.99824375,1.2246469e-16,-1.0,2,0,0,1,0.0,1,10262.0,1,10555.0,1,0.0,1,11087.0,1,10145.0,1,18630.0,1,14542.0,6799.586,8751.525,-10262.0
84,2013-06-25,10869.0,1294.0,1.0,0.0,0,0.0,2.0,0.059240628,-0.99824375,1.2246469e-16,-1.0,2,0,0,1,10883.0,1,0.0,1,12720.0,1,17296.0,1,9968.0,1,0.0,1,11057.0,1,10807.0,8432.951,9225.187,10883.0
84,2013-06-26,10670.0,1326.0,1.0,0.0,0,0.0,3.0,0.059240628,-0.99824375,1.2246469e-16,-1.0,2,0,0,1,10869.0,1,10883.0,1,10262.0,1,13944.0,1,11677.0,1,11008.0,1,0.0,1,0.0,9407.371,9590.479,-14.0
84,2013-06-27,10621.0,1259.0,1.0,0.0,0,0.0,4.0,0.059240628,-0.99824375,1.2246469e-16,-1.0,2,0,0,1,10670.0,1,10869.0,1,0.0,1,12706.0,1,10465.0,1,10313.0,1,17990.0,1,12807.0,9912.423,9830.372,-199.0
84,2013-06-28,11659.0,1277.0,1.0,0.0,0,0.0,5.0,0.059240628,-0.99824375,1.2246469e-16,-1.0,2,0,0,1,10621.0,1,10670.0,1,10883.0,1,10555.0,1,0.0,1,11087.0,1,15057.0,1,11186.0,10195.854,10006.067,-49.0
84,2013-06-29,11227.0,1262.0,1.0,0.0,0,0.0,6.0,0.059240628,-0.99824375,1.2246469e-16,-1.0,2,0,0,1,11659.0,1,10621.0,1,10869.0,1,12720.0,1,17296.0,1,9968.0,1,14523.0,1,13293.0,10781.112,10373.386,1038.0
84,2013-06-30,0.0,0.0,0.0,0.0,0,0.0,7.0,0.059240628,-0.99824375,1.2246469e-16,-1.0,2,0,1,1,11227.0,1,11659.0,1,10670.0,1,10262.0,1,13944.0,1,11677.0,1,12926.0,1,0.0,10959.467,10563.077,-432.0
84,2013-07-01,18597.0,1836.0,1.0,1.0,0,0.0,1.0,-0.059240628,-0.99824375,-0.5,-0.8660254,3,1,0,1,0.0,1,11227.0,1,10621.0,1,0.0,1,12706.0,1,10465.0,1,12662.0,1,14078.0,6575.68,8215.727,-11227.0
84,2013-07-02,15586.0,1612.0,1.0,1.0,0,0.0,2.0,-0.059240628,-0.99824375,-0.5,-0.8660254,3,0,0,1,18597.0,1,0.0,1,11659.0,1,10883.0,1,10555.0,1,0.0,1,10145.0,1,10513.0,11384.208,10522.677,18597.0
84,2013-07-03,14697.0,1583.0,1.0,1.0,0,0.0,3.0,-0.059240628,-0.99824375,-0.5,-0.8660254,3,0,0,1,15586.0,1,18597.0,1,11227.0,1,10869.0,1,12720.0,1,17296.0,1,0.0,1,0.0,13064.925,11647.859,-3011.0
84,2013-07-04,13571.0,1485.0,1.0,1.0,0,0.0,4.0,-0.059240628,-0.99824375,-0.5,-0.8660254,3,0,0,1,14697.0,1,15586.0,1,0.0,1,10670.0,1,10262.0,1,13944.0,1,11008.0,1,16202.0,13717.755,12325.446,-889.0
84,2013-07-05,13089.0,1424.0,1.0,1.0,0,0.0,5.0,-0.059240628,-0.99824375,-0.5,-0.8660254,3,0,0,1,13571.0,1,14697.0,1,18597.0,1,10621.0,1,0.0,1,12706.0,1,10313.0,1,15686.0,13659.053,12602.236,-1126.0
84,2013-07-06,10424.0,1228.0,1.0,0.0,0,0.0,6.0,-0.059240628,-0.99824375,-0.5,-0.8660254,3,0,0,1,13089.0,1,13571.0,1,15586.0,1,11659.0,1,10883.0,1,10555.0,1,11087.0,1,14411.0,13431.032,12710.406,-482.0
84,2013-07-07,0.0,0.0,0.0,0.0,0,0.0,7.0,-0.059240628,-0.99824375,-0.5,-0.8660254,3,0,0,1,10424.0,1,13089.0,1,14697.0,1,11227.0,1,10869.0,1,12720.0,1,9968.0,1,12569.0,12228.219,12202.315,-2665.0
84,2013-07-08,10735.0,1347.0,1.0,0.0,0,0.0,1.0,-0.17689027,-0.9842306,-0.5,-0.8660254,3,0,0,1,0.0,1,10424.0,1,13571.0,1,0.0,1,10670.0,1,10262.0,1,11677.0,1,12738.0,7336.9316,9490.689,-10424.0
84,2013-07-09,10186.0,1236.0,1.0,0.0,0,0.0,2.0,-0.17689027,-0.9842306,-0.5,-0.8660254,3,0,0,1,10735.0,1,0.0,1,13089.0,1,18597.0,1,10621.0,1,0.0,1,10465.0,1,9479.0,8696.159,9767.203,10735.0
84,2013-07-10,11868.0,1386.0,1.0,0.0,0,0.0,3.0,-0.17689027,-0.9842306,-0.5,-0.8660254,3,0,0,1,10186.0,1,10735.0,1,10424.0,1,15586.0,1,11659.0,1,10883.0,1,0.0,1,0.0,9292.096,9860.27,-549.0
84,2013-07-11,11276.0,1322.0,1.0,0.0,0,0.0,4.0,-0.17689027,-0.9842306,-0.5,-0.8660254,3,0,0,1,11868.0,1,10186.0,1,0.0,1,14697.0,1,11227.0,1,10869.0,1,17296.0,1,0.0,10322.457,10306.432,1682.0
84,2013-07-12,11086.0,1229.0,1.0,0.0,0,0.0,5.0,-0.17689027,-0.9842306,-0.5,-0.8660254,3,0,0,1,11276.0,1,11868.0,1,10735.0,1,13571.0,1,0.0,1,10670.0,1,13944.0,1,11755.0,10703.874,10521.892,-592.0
84,2013-07-13,10328.0,1188.0,1.0,0.0,0,0.0,6.0,-0.17689027,-0.9842306,-0.5,-0.8660254,3,0,0,1,11086.0,1,11276.0,1,10186.0,1,13089.0,1,18597.0,1,10621.0,1,12706.0,1,10814.0,10856.725,10647.249,-190.0
84,2013-07-14,0.0,0.0,0.0,0.0,0,0.0,7.0,-0.17689027,-0.9842306,-0.5,-0.8660254,3,0,0,1,10328.0,1,11086.0,1,11868.0,1,10424.0,1,15586.0,1,11659.0,1,10555.0,1,10443.0,10645.234,10576.305,-758.0
84,2013-07-15,19113.0,1754.0,1.0,1.0,0,0.0,1.0,-0.29205677,-0.956401,-0.5,-0.8660254,3,0,0,1,0.0,1,10328.0,1,11276.0,1,0.0,1,14697.0,1,11227.0,1,12720.0,1,10264.0,6387.1406,8226.015,-10328.0
84,2013-07-16,17903.0,1662.0,1.0,1.0,0,0.0,2.0,-0.29205677,-0.956401,-0.5,-0.8660254,3,0,0,1,19113.0,1,0.0,1,11086.0,1,10735.0,1,13571.0,1,0.0,1,10262.0,1,9757.0,11477.484,10645.345,19113.0
84,2013-07-17,15355.0,1595.0,1.0,1.0,0,0.0,3.0,-0.29205677,-0.956401,-0.5,-0.8660254,3,0,0,1,17903.0,1,19113.0,1,10328.0,1,10186.0,1,13089.0,1,18597.0,1,0.0,1,0.0,14047.69,12258.157,-1210.0
84,2013-07-18,13707.0,1419.0,1.0,1.0,0,0.0,4.0,-0.29205677,-0.956401,-0.5,-0.8660254,3,0,0,1,15355.0,1,17903.0,1,0.0,1,11868.0,1,10424.0,1,15586.0,1,10883.0,1,15845.0,14570.614,12946.345,-2548.0
84,2013-07-19,14868.0,1558.0,1.0,1.0,0,0.0,5.0,-0.29205677,-0.956401,-0.5,-0.8660254,3,0,0,1,13707.0,1,15355.0,1,19113.0,1,11276.0,1,0.0,1,14697.0,1,10869.0,1,14178.0,14225.169,13115.379,-1648.0
84,2013-07-20,10668.0,1166.0,1.0,0.0,0,0.0,6.0,-0.29205677,-0.956401,-0.5,-0.8660254,3,0,0,1,14868.0,1,13707.0,1,17903.0,1,11086.0,1,10735.0,1,13571.0,1,10670.0,1,16025.0,14482.301,13504.851,1161.0
84,2013-07-21,0.0,0.0,0.0,0.0,0,0.0,7.0,-0.29205677,-0.956401,-0.5,-0.8660254,3,0,0,1,10668.0,1,14868.0,1,15355.0,1,10328.0,1,10186.0,1,13089.0,1,10621.0,1,0.0,12956.581,12874.439,-4200.0
84,2013-07-22,11007.0,1227.0,1.0,0.0,0,1.0,1.0,-0.40312344,-0.91514564,-0.5,-0.8660254,3,0,0,1,0.0,1,10668.0,1,13707.0,1,0.0,1,11868.0,1,10424.0,1,11659.0,1,18630.0,7773.948,10013.453,-10668.0
84,2013-07-23,9831.0,1166.0,1.0,0.0,0,1.0,2.0,-0.40312344,-0.91514564,-0.5,-0.8660254,3,0,0,1,11007.0,1,0.0,1,14868.0,1,19113.0,1,11276.0,1,0.0,1,11227.0,1,11057.0,9067.169,10234.241,11007.0
84,2013-07-24,10678.0,1263.0,1.0,0.0,0,1.0,3.0,-0.40312344,-0.91514564,-0.5,-0.8660254,3,0,0,1,9831.0,1,11007.0,1,10668.0,1,17903.0,1,11086.0,1,10735.0,1,0.0,1,0.0,9372.701,10144.632,-1176.0
84,2013-07-25,10294.0,1168.0,1.0,0.0,0,1.0,4.0,-0.40312344,-0.91514564,-0.5,-0.8660254,3,0,0,1,10678.0,1,9831.0,1,0.0,1,15355.0,1,10328.0,1,10186.0,1,18597.0,1,17990.0,9894.821,10263.158,847.0
84,2013-07-26,10687.0,1188.0,1.0,0.0,0,1.0,5.0,-0.40312344,-0.91514564,-0.5,-0.8660254,3,0,0,1,10294.0,1,10678.0,1,11007.0,1,13707.0,1,0.0,1,11868.0,1,15586.0,1,15057.0,10054.492,10270.012,-384.0
84,2013-07-27,9083.0,1032.0,1.0,0.0,0,0.0,6.0,-0.40312344,-0.91514564,-0.5,-0.8660254,3,0,0,1,10687.0,1,10294.0,1,9831.0,1,14868.0,1,19113.0,1,11276.0,1,14697.0,1,14523.0,10307.495,10362.676,393.0
84,2013-07-28,0.0,0.0,0.0,0.0,0,0.0,7.0,-0.40312344,-0.91514564,-0.5,-0.8660254,3,0,0,1,9083.0,1,10687.0,1,10678.0,1,10668.0,1,17903.0,1,11086.0,1,13571.0,1,12926.0,9817.697,10078.304,-1604.0
84,2013-07-29,18755.0,1675.0,1.0,1.0,0,1.0,1.0,-0.5085311,-0.86104363,-0.5,-0.8660254,3,0,0,1,0.0,1,9083.0,1,10294.0,1,0.0,1,15355.0,1,10328.0,1,13089.0,1,12662.0,5890.618,7838.6807,-9083.0
84,2013-07-30,15362.0,1508.0,1.0,1.0,0,1.0,2.0,-0.5085311,-0.86104363,-0.5,-0.8660254,3,0,0,1,18755.0,1,0.0,1,10687.0,1,11007.0,1,13707.0,1,0.0,1,10424.0,1,10145.0,11036.371,10264.529,18755.0
84,2013-07-31,16426.0,1680.0,1.0,1.0,0,1.0,3.0,-0.5085311,-0.86104363,-0.5,-0.8660254,3,0,1,1,15362.0,1,18755.0,1,9083.0,1,9831.0,1,14868.0,1,19113.0,1,0.0,1,0.0,12766.623,11397.301,-3393.0
84,2013-08-01,13575.0,1381.0,1.0,1.0,0,1.0,4.0,-0.5085311,-0.86104363,-0.8660254,-0.5,3,1,0,1,16426.0,1,15362.0,1,0.0,1,10678.0,1,10668.0,1,17903.0,1,10735.0,1,11008.0,14230.374,12514.789,1064.0
84,2013-08-02,11243.0,1216.0,1.0,1.0,0,1.0,5.0,-0.5085311,-0.86104363,-0.8660254,-0.5,3,0,0,1,13575.0,1,16426.0,1,18755.0,1,10294.0,1,0.0,1,15355.0,1,10186.0,1,10313.0,13968.225,12750.392,-2851.0
84,2013-08-03,9955.0,1160.0,1.0,0.0,0,0.0,6.0,-0.5085311,-0.86104363,-0.8660254,-0.5,3,0,0,1,11243.0,1,13575.0,1,15362.0,1,10687.0,1,11007.0,1,13707.0,1,11868.0,1,11087.0,12878.135,12415.416,-2332.0
84,2013-08-04,0.0,0.0,0.0,0.0,0,0.0,7.0,-0.5085311,-0.86104363,-0.8660254,-0.5,3,0,0,1,9955.0,1,11243.0,1,16426.0,1,9083.0,1,9831.0,1,14868.0,1,11276.0,1,9968.0,11708.881,11868.656,-1288.0
84,2013-08-05,10430.0,1247.0,1.0,0.0,0,1.0,1.0,-0.60680014,-0.79485446,-0.8660254,-0.5,3,0,0,1,0.0,1,9955.0,1,13575.0,1,0.0,1,10678.0,1,10668.0,1,11086.0,1,11677.0,7025.3286,9231.178,-9955.0
84,2013-08-06,11119.0,1271.0,1.0,0.0,0,1.0,2.0,-0.60680014,-0.79485446,-0.8660254,-0.5,3,0,0,1,10430.0,1,0.0,1,11243.0,1,18755.0,1,10294.0,1,0.0,1,10328.0,1,10465.0,8387.197,9497.582,10430.0
84,2013-08-07,10756.0,1270.0,1.0,0.0,0,1.0,3.0,-0.60680014,-0.79485446,-0.8660254,-0.5,3,0,0,1,11119.0,1,10430.0,1,9955.0,1,15362.0,1,10687.0,1,11007.0,1,0.0,1,0.0,9479.918,9857.897,689.0
84,2013-08-08,9997.0,1139.0,1.0,0.0,0,1.0,4.0,-0.60680014,-0.79485446,-0.8660254,-0.5,3,0,0,1,10756.0,1,11119.0,1,0.0,1,16426.0,1,9083.0,1,9831.0,1,19113.0,1,17296.0,9990.351,10057.476,-363.0
84,2013-08-09,10385.0,1176.0,1.0,0.0,0,1.0,5.0,-0.60680014,-0.79485446,-0.8660254,-0.5,3,0,0,1,9997.0,1,10756.0,1,10430.0,1,13575.0,1,0.0,1,10678.0,1,17903.0,1,13944.0,9993.011,10044.037,-759.0
84,2013-08-10,9812.0,1083.0,1.0,0.0,0,0.0,6.0,-0.60680014,-0.79485446,-0.8660254,-0.5,3,0,0,1,10385.0,1,9997.0,1,11119.0,1,11243.0,1,18755.0,1,10294.0,1,15355.0,1,12706.0,10149.807,10119.807,388.0
84,2013-08-11,0.0,0.0,0.0,0.0,0,0.0,7.0,-0.60680014,-0.79485446,-0.8660254,-0.5,3,0,0,1,9812.0,1,10385.0,1,10756.0,1,9955.0,1,15362.0,1,10687.0,1,13707.0,1,10555.0,10014.684,10051.405,-573.0
84,2013-08-12,17302.0,1601.0,1.0,1.0,0,1.0,1.0,-0.696551,-0.71750724,-0.8660254,-0.5,3,0,0,1,0.0,1,9812.0,1,9997.0,1,0.0,1,16426.0,1,9083.0,1,14868.0,1,12720.0,6008.81,7817.7593,-9812.0
84,2013-08-13,14301.0,1413.0,1.0,1.0,0,1.0,2.0,-0.696551,-0.71750724,-0.8660254,-0.5,3,0,0,1,17302.0,1,0.0,1,10385.0,1,10430.0,1,13575.0,1,0.0,1,10668.0,1,10262.0,10526.086,9925.368,17302.0
84,2013-08-14,13263.0,1440.0,1.0,1.0,0,1.0,3.0,-0.696551,-0.71750724,-0.8660254,-0.5,3,0,0,1,14301.0,1,17302.0,1,9812.0,1,11119.0,1,11243.0,1,18755.0,1,0.0,1,0.0,12036.052,10897.731,-3001.0
84,2013-08-15,12125.0,1210.0,1.0,1.0,0,1.0,4.0,-0.696551,-0.71750724,-0.8660254,-0.5,3,0,0,1,13263.0,1,14301.0,1,0.0,1,10756.0,1,9955.0,1,15362.0,1,11007.0,1,10883.0,12526.831,11423.347,-1038.0
84,2013-08-16,11832.0,1289.0,1.0,1.0,0,1.0,5.0,-0.696551,-0.71750724,-0.8660254,-0.5,3,0,0,1,12125.0,1,13263.0,1,17302.0,1,9997.0,1,0.0,1,16426.0,1,9831.0,1,10869.0,12366.099,11579.27,-1138.0
84,2013-08-17,8775.0,1049.0,1.0,0.0,0,0.0,6.0,-0.696551,-0.71750724,-0.8660254,-0.5,3,0,0,1,11832.0,1,12125.0,1,14301.0,1,10385.0,1,10430.0,1,13575.0,1,10678.0,1,10670.0,12152.459,11635.432,-293.0
84,2013-08-18,0.0,0.0,0.0,0.0,0,0.0,7.0,-0.696551,-0.71750724,-0.8660254,-0.5,3,0,0,1,8775.0,1,11832.0,1,13263.0,1,9812.0,1,11119.0,1,11243.0,1,10294.0,1,10621.0,10801.476,10999.78,-3057.0
84,2013-08-19,9629.0,1170.0,1.0,0.0,0,1.0,1.0,-0.7765239,-0.63008785,-0.8660254,-0.5,3,0,0,1,0.0,1,8775.0,1,12125.0,1,0.0,1,10756.0,1,9955.0,1,10687.0,1,11659.0,6480.8853,8555.385,-8775.0
84,2013-08-20,9591.0,1199.0,1.0,0.0,0,1.0,2.0,-0.7765239,-0.63008785,-0.8660254,-0.5,3,0,0,1,9629.0,1,0.0,1,11832.0,1,17302.0,1,9997.0,1,0.0,1,9083.0,1,11227.0,7740.1313,8793.966,9629.0
84,2013-08-21,10262.0,1276.0,1.0,0.0,0,1.0,3.0,-0.7765239,-0.63008785,-0.8660254,-0.5,3,0,0,1,9591.0,1,9629.0,1,8775.0,1,14301.0,1,10385.0,1,10430.0,1,0.0,1,0.0,8480.479,8971.085,-38.0
84,2013-08-22,10425.0,1235.0,1.0,0.0,0,1.0,4.0,-0.7765239,-0.63008785,-0.8660254,-0.5,3,0,0,1,10262.0,1,9591.0,1,0.0,1,13263.0,1,9812.0,1,11119.0,1,18755.0,1,18597.0,9193.087,9257.955,671.0
84,2013-08-23,9064.0,1132.0,1.0,0.0,0,1.0,5.0,-0.7765239,-0.63008785,-0.8660254,-0.5,3,0,0,1,10425.0,1,10262.0,1,9629.0,1,12125.0,1,0.0,1,10756.0,1,15362.0,1,15586.0,9685.853,9517.298,163.0
84,2013-08-24,9160.0,1231.0,1.0,0.0,0,0.0,6.0,-0.7765239,-0.63008785,-0.8660254,-0.5,3,0,0,1,9064.0,1,10425.0,1,9591.0,1,11832.0,1,17302.0,1,9997.0,1,16426.0,1,14697.0,9437.111,9416.565,-1361.0
84,2013-08-25,0.0,0.0,0.0,0.0,0,0.0,7.0,-0.7765239,-0.63008785,-0.8660254,-0.5,3,0,0,1,9160.0,1,9064.0,1,10262.0,1,8775.0,1,14301.0,1,10385.0,1,13575.0,1,13571.0,9326.267,9359.551,96.0
84,2013-08-26,10142.0,1325.0,1.0,1.0,0,1.0,1.0,-0.845596,-0.5338234,-0.8660254,-0.5,3,0,0,1,0.0,1,9160.0,1,10425.0,1,0.0,1,13263.0,1,9812.0,1,11243.0,1,13089.0,5595.7603,7279.6504,-9160.0
84,2013-08-27,15313.0,1526.0,1.0,1.0,0,1.0,2.0,-0.845596,-0.5338234,-0.8660254,-0.5,3,0,0,1,10142.0,1,0.0,1,9064.0,1,9629.0,1,12125.0,1,0.0,1,9955.0,1,10424.0,7414.256,7915.728,10142.0
84,2013-08-28,14093.0,1516.0,1.0,1.0,0,1.0,3.0,-0.845596,-0.5338234,-0.8660254,-0.5,3,0,0,1,15313.0,1,10142.0,1,9160.0,1,9591.0,1,11832.0,1,17302.0,1,0.0,1,0.0,10573.754,9559.566,5171.0
84,2013-08-29,13902.0,1397.0,1.0,1.0,0,1.0,4.0,-0.845596,-0.5338234,-0.8660254,-0.5,3,0,0,1,14093.0,1,15313.0,1,0.0,1,10262.0,1,8775.0,1,14301.0,1,10430.0,1,10735.0,11981.452,10566.996,-1220.0
84,2013-08-30,14459.0,1461.0,1.0,1.0,0,1.0,5.0,-0.845596,-0.5338234,-0.8660254,-0.5,3,0,0,1,13902.0,1,14093.0,1,10142.0,1,10425.0,1,0.0,1,13263.0,1,11119.0,1,10186.0,12749.671,11308.108,-191.0
84,2013-08-31,10185.0,1124.0,1.0,0.0,0,0.0,6.0,-0.845596,-0.5338234,-0.8660254,-0.5,3,0,1,1,14459.0,1,13902.0,1,15313.0,1,9064.0,1,9629.0,1,12125.0,1,10756.0,1,11868.0,13433.402,12008.307,557.0
84,2013-09-01,0.0,0.0,0.0,0.0,0,0.0,7.0,-0.845596,-0.5338234,-1.0,-1.8369701e-16,3,1,0,1,10185.0,1,14459.0,1,14093.0,1,9160.0,1,9591.0,1,11832.0,1,9997.0,1,11276.0,12134.042,11603.127,-4274.0
84,2013-09-02,14056.0,1552.0,1.0,0.0,0,1.0,1.0,-0.9027978,-0.4300652,-1.0,-1.8369701e-16,3,0,0,1,0.0,1,10185.0,1,13902.0,1,0.0,1,10262.0,1,8775.0,1,10385.0,1,11086.0,7280.425,9024.654,-10185.0
84,2013-09-03,13134.0,1625.0,1.0,0.0,0,1.0,2.0,-0.9027978,-0.4300652,-1.0,-1.8369701e-16,3,0,0,1,14056.0,1,0.0,1,14459.0,1,10142.0,1,10425.0,1,0.0,1,9812.0,1,10328.0,9990.655,10142.731,14056.0
84,2013-09-04,12486.0,1659.0,1.0,0.0,0,0.0,3.0,-0.9027978,-0.4300652,-1.0,-1.8369701e-16,3,0,0,1,13134.0,1,14056.0,1,10185.0,1,15313.0,1,9064.0,1,9629.0,1,0.0,1,0.0,11247.993,10807.458,-922.0
84,2013-09-05,10932.0,1375.0,1.0,0.0,0,0.0,4.0,-0.9027978,-0.4300652,-1.0,-1.8369701e-16,3,0,0,1,12486.0,1,13134.0,1,0.0,1,14093.0,1,9160.0,1,9591.0,1,17302.0,1,19113.0,11743.195,11180.467,-648.0
84,2013-09-06,9853.0,1266.0,1.0,0.0,0,0.0,5.0,-0.9027978,-0.4300652,-1.0,-1.8369701e-16,3,0,0,1,10932.0,1,12486.0,1,14056.0,1,13902.0,1,0.0,1,10262.0,1,14301.0,1,17903.0,11418.718,11125.252,-1554.0
84,2013-09-07,10658.0,1215.0,1.0,0.0,0,0.0,6.0,-0.9027978,-0.4300652,-1.0,-1.8369701e-16,3,0,0,1,9853.0,1,10932.0,1,13134.0,1,14459.0,1,10142.0,1,10425.0,1,13263.0,1,15355.0,10792.431,10842.529,-1079.0
84,2013-09-08,0.0,0.0,0.0,0.0,0,0.0,7.0,-0.9027978,-0.4300652,-1.0,-1.8369701e-16,3,0,0,1,10658.0,1,9853.0,1,12486.0,1,10185.0,1,15313.0,1,9064.0,1,12125.0,1,13707.0,10738.658,10801.522,805.0
84,2013-09-09,20672.0,1917.0,1.0,1.0,0,0.0,1.0,-0.94732636,-0.32026985,-1.0,-1.8369701e-16,3,0,0,1,0.0,1,10658.0,1,10932.0,1,0.0,1,14093.0,1,9160.0,1,11832.0,1,14868.0,6443.195,8401.185,-10658.0
84,2013-09-10,11995.0,1226.0,1.0,1.0,0,0.0,2.0,-0.94732636,-0.32026985,-1.0,-1.8369701e-16,3,0,0,1,20672.0,1,0.0,1,9853.0,1,14056.0,1,13902.0,1,0.0,1,8775.0,1,10668.0,12134.717,11128.032,20672.0
84,2013-09-11,14942.0,1563.0,1.0,1.0,0,0.0,3.0,-0.94732636,-0.32026985,-1.0,-1.8369701e-16,3,0,0,1,11995.0,1,20672.0,1,10658.0,1,13134.0,1,14459.0,1,10142.0,1,0.0,1,0.0,12078.83,11320.691,-8677.0
84,2013-09-12,13657.0,1543.0,1.0,1.0,0,0.0,4.0,-0.94732636,-0.32026985,-1.0,-1.8369701e-16,3,0,0,1,14942.0,1,11995.0,1,0.0,1,12486.0,1,10185.0,1,15313.0,1,9629.0,1,11007.0,13224.098,12125.427,2947.0
84,2013-09-13,13417.0,1520.0,1.0,1.0,0,0.0,5.0,-0.94732636,-0.32026985,-1.0,-1.8369701e-16,3,0,0,1,13657.0,1,14942.0,1,20672.0,1,10932.0,1,0.0,1,14093.0,1,9591.0,1,9831.0,13397.259,12465.776,-1285.0
84,2013-09-14,8474.0,1048.0,1.0,0.0,0,0.0,6.0,-0.94732636,-0.32026985,-1.0,-1.8369701e-16,3,0,0,1,13417.0,1,13657.0,1,11995.0,1,9853.0,1,14056.0,1,13902.0,1,10262.0,1,10678.0,13405.155,12677.159,-240.0
84,2013-09-15,0.0,0.0,0.0,0.0,0,0.0,7.0,-0.94732636,-0.32026985,-1.0,-1.8369701e-16,3,0,0,1,8474.0,1,13417.0,1,14942.0,1,10658.0,1,13134.0,1,14459.0,1,10425.0,1,10294.0,11432.693,11743.124,-4943.0
84,2013-09-16,9746.0,1249.0,1.0,0.0,0,0.0,1.0,-0.9785565,-0.20597862,-1.0,-1.8369701e-16,3,0,0,1,0.0,1,8474.0,1,13657.0,1,0.0,1,12486.0,1,10185.0,1,9064.0,1,10687.0,6859.6157,9133.541,-8474.0
84,2013-09-17,9253.0,1205.0,1.0,0.0,0,0.0,2.0,-0.9785565,-0.20597862,-1.0,-1.8369701e-16,3,0,0,1,9746.0,1,0.0,1,13417.0,1,20672.0,1,10932.0,1,0.0,1,9160.0,1,9083.0,8014.1694,9269.643,9746.0
84,2013-09-18,10528.0,1341.0,1.0,0.0,0,0.0,3.0,-0.9785565,-0.20597862,-1.0,-1.8369701e-16,3,0,0,1,9253.0,1,9746.0,1,8474.0,1,11995.0,1,9853.0,1,14056.0,1,0.0,1,0.0,8509.702,9265.944,-493.0
84,2013-09-19,9392.0,1204.0,1.0,0.0,0,0.0,4.0,-0.9785565,-0.20597862,-1.0,-1.8369701e-16,3,0,0,1,10528.0,1,9253.0,1,0.0,1,14942.0,1,10658.0,1,13134.0,1,10142.0,1,18755.0,9317.021,9546.401,1275.0
84,2013-09-20,9552.0,1163.0,1.0,0.0,0,0.0,5.0,-0.9785565,-0.20597862,-1.0,-1.8369701e-16,3,0,0,1,9392.0,1,10528.0,1,9746.0,1,13657.0,1,0.0,1,12486.0,1,15313.0,1,15362.0,9347.013,9512.09,-1136.0
84,2013-09-21,9196.0,1125.0,1.0,0.0,0,0.0,6.0,-0.9785565,-0.20597862,-1.0,-1.8369701e-16,3,0,0,1,9552.0,1,9392.0,1,9253.0,1,13417.0,1,20672.0,1,10932.0,1,14093.0,1,16426.0,9429.008,9520.959,160.0
84,2013-09-22,0.0,0.0,0.0,0.0,0,0.0,7.0,-0.9785565,-0.20597862,-1.0,-1.8369701e-16,3,0,0,1,9196.0,1,9552.0,1,10528.0,1,8474.0,1,11995.0,1,9853.0,1,13902.0,1,13575.0,9335.805,9448.746,-356.0
84,2013-09-23,15902.0,1580.0,1.0,1.0,0,0.0,1.0,-0.9960498,-0.08879589,-1.0,-1.8369701e-16,3,0,0,1,0.0,1,9196.0,1,9392.0,1,0.0,1,14942.0,1,10658.0,1,14459.0,1,11243.0,5601.483,7349.0244,-9196.0
84,2013-09-24,13389.0,1498.0,1.0,1.0,0,0.0,2.0,-0.9960498,-0.08879589,-1.0,-1.8369701e-16,3,0,0,1,15902.0,1,0.0,1,9552.0,1,9746.0,1,13657.0,1,0.0,1,10185.0,1,9955.0,9721.689,9249.686,15902.0
84,2013-09-25,12591.0,1434.0,1.0,1.0,0,0.0,3.0,-0.9960498,-0.08879589,-1.0,-1.8369701e-16,3,0,0,1,13389.0,1,15902.0,1,9196.0,1,9253.0,1,13417.0,1,20672.0,1,0.0,1,0.0,11188.614,10169.533,-2513.0
84,2013-09-26,10749.0,1252.0,1.0,1.0,0,0.0,4.0,-0.9960498,-0.08879589,-1.0,-1.8369701e-16,3,0,0,1,12591.0,1,13389.0,1,0.0,1,10528.0,1,8474.0,1,11995.0,1,14056.0,1,10430.0,11749.568,10707.637,-798.0
84,2013-09-27,12279.0,1393.0,1.0,1.0,0,0.0,5.0,-0.9960498,-0.08879589,-1.0,-1.8369701e-16,3,0,0,1,10749.0,1,12591.0,1,15902.0,1,9392.0,1,0.0,1,14942.0,1,13134.0,1,11119.0,11349.341,10716.829,-1842.0
84,2013-09-28,9802.0,1133.0,1.0,0.0,0,0.0,6.0,-0.9960498,-0.08879589,-1.0,-1.8369701e-16,3,0,0,1,12279.0,1,10749.0,1,13389.0,1,9552.0,1,9746.0,1,13657.0,1,12486.0,1,10756.0,11721.204,11063.978,1530.0
84,2013-09-29,0.0,0.0,0.0,0.0,0,0.0,7.0,-0.9960498,-0.08879589,-1.0,-1.8369701e-16,3,0,0,1,9802.0,1,12279.0,1,12591.0,1,9196.0,1,9253.0,1,13417.0,1,10932.0,1,9997.0,10953.522,10783.538,-2477.0
84,2013-09-30,12098.0,1336.0,1.0,0.0,0,0.0,1.0,-0.99956083,0.029633328,-1.0,-1.8369701e-16,3,0,1,1,0.0,1,9802.0,1,10749.0,1,0.0,1,10528.0,1,8474.0,1,9853.0,1,10385.0,6572.114,8387.196,-9802.0
84,2013-10-01,11897.0,1391.0,1.0,0.0,0,0.0,2.0,-0.99956083,0.029633328,-0.8660254,0.5,4,1,0,1,12098.0,1,0.0,1,12279.0,1,15902.0,1,9392.0,1,0.0,1,10658.0,1,9812.0,8782.468,9211.819,12098.0
84,2013-10-02,12911.0,1552.0,1.0,0.0,0,0.0,3.0,-0.99956083,0.029633328,-0.8660254,0.5,4,0,0,1,11897.0,1,12098.0,1,9802.0,1,13389.0,1,9552.0,1,9746.0,1,0.0,1,0.0,10028.281,9808.526,-201.0
84,2013-10-03,0.0,0.0,0.0,0.0,1,0.0,4.0,-0.99956083,0.029633328,-0.8660254,0.5,4,0,0,1,12911.0,1,11897.0,1,0.0,1,12591.0,1,9196.0,1,9253.0,1,20672.0,1,17302.0,11181.368,10497.965,1014.0
84,2013-10-04,13211.0,1507.0,1.0,0.0,0,0.0,5.0,-0.99956083,0.029633328,-0.8660254,0.5,4,0,0,1,0.0,1,12911.0,1,12098.0,1,10749.0,1,0.0,1,10528.0,1,11995.0,1,14301.0,6708.8213,8165.084,-12911.0
84,2013-10-05,11078.0,1270.0,1.0,0.0,0,0.0,6.0,-0.99956083,0.029633328,-0.8660254,0.5,4,0,0,1,13211.0,1,0.0,1,11897.0,1,12279.0,1,15902.0,1,9392.0,1,14942.0,1,13263.0,9309.692,9286.398,13211.0
84,2013-10-06,0.0,0.0,0.0,0.0,0,0.0,7.0,-0.99956083,0.029633328,-0.8660254,0.5,4,0,0,1,11078.0,1,13211.0,1,12911.0,1,9802.0,1,13389.0,1,9552.0,1,13657.0,1,12125.0,10017.016,9684.532,-2133.0
84,2013-10-07,20114.0,1850.0,1.0,1.0,0,0.0,1.0,-0.9890402,0.14764656,-0.8660254,0.5,4,0,0,1,0.0,1,11078.0,1,0.0,1,0.0,1,12591.0,1,9196.0,1,13417.0,1,11832.0,6010.2095,7532.414,-11078.0
84,2013-10-08,15166.0,1575.0,1.0,1.0,0,0.0,2.0,-0.9890402,0.14764656,-0.8660254,0.5,4,0,0,1,20114.0,1,0.0,1,13211.0,1,12098.0,1,10749.0,1,0.0,1,8474.0,1,8775.0,11651.726,10328.322,20114.0
84,2013-10-09,13476.0,1494.0,1.0,1.0,0,0.0,3.0,-0.9890402,0.14764656,-0.8660254,0.5,4,0,0,1,15166.0,1,20114.0,1,11078.0,1,11897.0,1,12279.0,1,15902.0,1,0.0,1,0.0,13057.436,11403.361,-4948.0
84,2013-10-10,12697.0,1366.0,1.0,1.0,0,0.0,4.0,-0.9890402,0.14764656,-0.8660254,0.5,4,0,0,1,13476.0,1,15166.0,1,0.0,1,12911.0,1,9802.0,1,13389.0,1,9746.0,1,9629.0,13224.861,11863.948,-1690.0
84,2013-10-11,11881.0,1239.0,1.0,1.0,0,0.0,5.0,-0.9890402,0.14764656,-0.8660254,0.5,4,0,0,1,12697.0,1,13476.0,1,20114.0,1,0.0,1,0.0,1,12591.0,1,9253.0,1,9591.0,13013.717,12049.07,-779.0
84,2013-10-12,9896.0,1193.0,1.0,0.0,0,0.0,6.0,-0.9890402,0.14764656,-0.8660254,0.5,4,0,0,1,11881.0,1,12697.0,1,15166.0,1,13211.0,1,12098.0,1,10749.0,1,10528.0,1,10262.0,12560.63,12011.722,-816.0
84,2013-10-13,0.0,0.0,0.0,0.0,0,0.0,7.0,-0.9890402,0.14764656,-0.8660254,0.5,4,0,0,1,9896.0,1,11881.0,1,13476.0,1,11078.0,1,11897.0,1,12279.0,1,9392.0,1,10425.0,11494.778,11541.562,-1985.0
84,2013-10-14,10901.0,1275.0,1.0,0.0,0,0.0,1.0,-0.9646356,0.26358718,-0.8660254,0.5,4,0,0,1,0.0,1,9896.0,1,12697.0,1,0.0,1,12911.0,1,9802.0,1,9552.0,1,9064.0,6896.8667,8976.77,-9896.0
84,2013-10-15,10321.0,1194.0,1.0,0.0,0,0.0,2.0,-0.9646356,0.26358718,-0.8660254,0.5,4,0,0,1,10901.0,1,0.0,1,11881.0,1,20114.0,1,0.0,1,0.0,1,9196.0,1,9160.0,8498.5205,9404.377,10901.0
84,2013-10-16,10639.0,1359.0,1.0,0.0,0,0.0,3.0,-0.9646356,0.26358718,-0.8660254,0.5,4,0,0,1,10321.0,1,10901.0,1,9896.0,1,15166.0,1,13211.0,1,12098.0,1,0.0,1,0.0,9227.512,9608.07,-580.0
84,2013-10-17,10515.0,1242.0,1.0,0.0,0,0.0,4.0,-0.9646356,0.26358718,-0.8660254,0.5,4,0,0,1,10639.0,1,10321.0,1,0.0,1,13476.0,1,11078.0,1,11897.0,1,15902.0,1,10142.0,9792.107,9837.166,318.0
84,2013-10-18,10792.0,1268.0,1.0,0.0,0,0.0,5.0,-0.9646356,0.26358718,-0.8660254,0.5,4,0,0,1,10515.0,1,10639.0,1,10901.0,1,12697.0,1,0.0,1,12911.0,1,13389.0,1,15313.0,10081.265,9987.796,-124.0
84,2013-10-19,10604.0,1211.0,1.0,0.0,0,0.0,6.0,-0.9646356,0.26358718,-0.8660254,0.5,4,0,0,1,10792.0,1,10515.0,1,10321.0,1,11881.0,1,20114.0,1,0.0,1,12591.0,1,14093.0,10365.559,10166.508,277.0
84,2013-10-20,0.0,0.0,0.0,0.0,0,0.0,7.0,-0.9646356,0.26358718,-0.8660254,0.5,4,0,0,1,10604.0,1,10792.0,1,10639.0,1,9896.0,1,15166.0,1,13211.0,1,10749.0,1,13902.0,10460.936,10263.729,-188.0
84,2013-10-21,16409.0,1597.0,1.0,1.0,0,1.0,1.0,-0.9266896,0.37582758,-0.8660254,0.5,4,0,0,1,0.0,1,10604.0,1,10515.0,1,0.0,1,13476.0,1,11078.0,1,12279.0,1,14459.0,6276.561,7982.9,-10604.0
84,2013-10-22,12467.0,1373.0,1.0,1.0,0,1.0,2.0,-0.9266896,0.37582758,-0.8660254,0.5,4,0,0,1,16409.0,1,0.0,1,10792.0,1,10901.0,1,12697.0,1,0.0,1,9802.0,1,10185.0,10329.537,9855.366,16409.0
84,2013-10-23,13192.0,1410.0,1.0,1.0,0,1.0,3.0,-0.9266896,0.37582758,-0.8660254,0.5,4,0,0,1,12467.0,1,16409.0,1,10604.0,1,10321.0,1,11881.0,1,20114.0,1,0.0,1,0.0,11184.522,10435.7295,-3942.0
84,2013-10-24,12102.0,1295.0,1.0,1.0,0,1.0,4.0,-0.9266896,0.37582758,-0.8660254,0.5,4,0,0,1,13192.0,1,12467.0,1,0.0,1,10639.0,1,9896.0,1,15166.0,1,12098.0,1,14056.0,11987.514,11048.234,725.0
84,2013-10-25,10447.0,1227.0,1.0,1.0,0,1.0,5.0,-0.9266896,0.37582758,-0.8660254,0.5,4,0,0,1,12102.0,1,13192.0,1,16409.0,1,10515.0,1,0.0,1,13476.0,1,11897.0,1,13134.0,12033.308,11282.404,-1090.0
84,2013-10-26,9061.0,1155.0,1.0,0.0,0,0.0,6.0,-0.9266896,0.37582758,-0.8660254,0.5,4,0,0,1,10447.0,1,12102.0,1,12467.0,1,10792.0,1,10901.0,1,12697.0,1,12911.0,1,12486.0,11398.785,11096.759,-1655.0
84,2013-10-27,0.0,0.0,0.0,0.0,0,0.0,7.0,-0.9266896,0.37582758,-0.8660254,0.5,4,0,0,1,9061.0,1,10447.0,1,13192.0,1,10604.0,1,10321.0,1,11881.0,1,0.0,1,10932.0,10463.671,10644.368,-1386.0
84,2013-10-28,8336.0,1021.0,1.0,0.0,0,1.0,1.0,-0.8757349,0.4827922,-0.8660254,0.5,4,0,0,1,0.0,1,9061.0,1,12102.0,1,0.0,1,10639.0,1,9896.0,1,13211.0,1,9853.0,6278.2026,8278.953,-9061.0
84,2013-10-29,10614.0,1250.0,1.0,0.0,0,1.0,2.0,-0.8757349,0.4827922,-0.8660254,0.5,4,0,0,1,8336.0,1,0.0,1,10447.0,1,16409.0,1,10515.0,1,0.0,1,11078.0,1,10658.0,7101.3213,8291.63,8336.0
84,2013-10-30,11284.0,1415.0,1.0,0.0,0,1.0,3.0,-0.8757349,0.4827922,-0.8660254,0.5,4,0,0,1,10614.0,1,8336.0,1,9061.0,1,12467.0,1,10792.0,1,10901.0,1,0.0,1,0.0,8506.393,8807.712,2278.0
84,2013-10-31,13251.0,1568.0,1.0,0.0,0,1.0,4.0,-0.8757349,0.4827922,-0.8660254,0.5,4,0,1,1,11284.0,1,10614.0,1,0.0,1,13192.0,1,10604.0,1,10321.0,1,20114.0,1,20672.0,9617.436,9357.998,670.0
84,2013-11-01,0.0,0.0,0.0,0.0,1,1.0,5.0,-0.8757349,0.4827922,-0.5,0.8660254,4,1,0,1,13251.0,1,11284.0,1,8336.0,1,12102.0,1,0.0,1,10639.0,1,15166.0,1,11995.0,11070.861,10223.11,1967.0
84,2013-11-02,12619.0,1411.0,1.0,0.0,0,0.0,6.0,-0.8757349,0.4827922,-0.5,0.8660254,4,0,0,1,0.0,1,13251.0,1,10614.0,1,10447.0,1,16409.0,1,10515.0,1,13476.0,1,14942.0,6642.517,7951.3076,-13251.0
84,2013-11-03,0.0,0.0,0.0,0.0,0,0.0,7.0,-0.8757349,0.4827922,-0.5,0.8660254,4,0,0,1,12619.0,1,0.0,1,11284.0,1,9061.0,1,12467.0,1,10792.0,1,12697.0,1,13657.0,9033.11,8988.572,12619.0
84,2013-11-04,15274.0,1400.0,1.0,1.0,0,0.0,1.0,-0.8124869,0.5829795,-0.5,0.8660254,4,0,0,1,0.0,1,12619.0,1,13251.0,1,0.0,1,13192.0,1,10604.0,1,11881.0,1,13417.0,5419.866,6991.112,-12619.0
84,2013-11-05,16315.0,1645.0,1.0,1.0,0,0.0,2.0,-0.8124869,0.5829795,-0.5,0.8660254,4,0,0,1,15274.0,1,0.0,1,0.0,1,8336.0,1,12102.0,1,0.0,1,9896.0,1,8474.0,9361.52,8831.754,15274.0
84,2013-11-06,14120.0,1515.0,1.0,1.0,0,0.0,3.0,-0.8124869,0.5829795,-0.5,0.8660254,4,0,0,1,16315.0,1,15274.0,1,12619.0,1,10614.0,1,10447.0,1,16409.0,1,0.0,1,0.0,12142.912,10494.697,1041.0
84,2013-11-07,11751.0,1258.0,1.0,1.0,0,0.0,4.0,-0.8124869,0.5829795,-0.5,0.8660254,4,0,0,1,14120.0,1,16315.0,1,0.0,1,11284.0,1,9061.0,1,12467.0,1,10901.0,1,9746.0,12933.747,11300.32,-2195.0
84,2013-11-08,13557.0,1466.0,1.0,1.0,0,0.0,5.0,-0.8124869,0.5829795,-0.5,0.8660254,4,0,0,1,11751.0,1,14120.0,1,15274.0,1,13251.0,1,0.0,1,13192.0,1,10321.0,1,9253.0,12460.648,11400.472,-2369.0
84,2013-11-09,10615.0,1233.0,1.0,0.0,0,0.0,6.0,-0.8124869,0.5829795,-0.5,0.8660254,4,0,0,1,13557.0,1,11751.0,1,16315.0,1,0.0,1,8336.0,1,12102.0,1,10639.0,1,10528.0,12899.188,11879.7,1806.0
84,2013-11-10,0.0,0.0,0.0,0.0,0,0.0,7.0,-0.8124869,0.5829795,-0.5,0.8660254,4,0,0,1,10615.0,1,13557.0,1,14120.0,1,12619.0,1,10614.0,1,10447.0,1,10515.0,1,9392.0,11985.514,11598.655,-2942.0
84,2013-11-11,10723.0,1323.0,1.0,0.0,0,0.0,1.0,-0.73783326,0.674983,-0.5,0.8660254,4,0,0,1,0.0,1,10615.0,1,11751.0,1,0.0,1,11284.0,1,9061.0,1,10792.0,1,9552.0,7191.308,9021.177,-10615.0
84,2013-11-12,10159.0,1230.0,1.0,0.0,0,0.0,2.0,-0.73783326,0.674983,-0.5,0.8660254,4,0,0,1,10723.0,1,0.0,1,13557.0,1,15274.0,1,13251.0,1,0.0,1,10604.0,1,9196.0,8603.984,9399.359,10723.0
84,2013-11-13,11561.0,1405.0,1.0,0.0,0,0.0,3.0,-0.73783326,0.674983,-0.5,0.8660254,4,0,0,1,10159.0,1,10723.0,1,10615.0,1,16315.0,1,0.0,1,8336.0,1,0.0,1,0.0,9225.991,9568.169,-564.0
84,2013-11-14,10302.0,1176.0,1.0,0.0,0,0.0,4.0,-0.73783326,0.674983,-0.5,0.8660254,4,0,0,1,11561.0,1,10159.0,1,0.0,1,14120.0,1,12619.0,1,10614.0,1,16409.0,1,15902.0,10159.994,10011.02,1402.0
84,2013-11-15,11671.0,1342.0,1.0,0.0,0,0.0,5.0,-0.73783326,0.674983,-0.5,0.8660254,4,0,0,1,10302.0,1,11561.0,1,10723.0,1,11751.0,1,0.0,1,11284.0,1,12467.0,1,13389.0,10216.797,10075.683,-1259.0
84,2013-11-16,11513.0,1255.0,1.0,0.0,0,0.0,6.0,-0.73783326,0.674983,-0.5,0.8660254,4,0,0,1,11671.0,1,10302.0,1,10159.0,1,13557.0,1,15274.0,1,13251.0,1,13192.0,1,12591.0,10798.479,10430.197,1369.0
84,2013-11-17,0.0,0.0,0.0,0.0,0,0.0,7.0,-0.73783326,0.674983,-0.5,0.8660254,4,0,0,1,11513.0,1,11671.0,1,11561.0,1,10615.0,1,16315.0,1,0.0,1,12102.0,1,10749.0,11084.287,10670.82,-158.0
84,2013-11-18,17763.0,1632.0,1.0,1.0,0,0.0,1.0,-0.65282214,0.75751126,-0.5,0.8660254,4,0,0,1,0.0,1,11513.0,1,10302.0,1,0.0,1,14120.0,1,12619.0,1,10447.0,1,12279.0,6650.5723,8299.526,-11513.0
84,2013-11-19,14533.0,1500.0,1.0,1.0,0,0.0,2.0,-0.65282214,0.75751126,-0.5,0.8660254,4,0,0,1,17763.0,1,0.0,1,11671.0,1,10723.0,1,11751.0,1,0.0,1,9061.0,1,9802.0,11095.543,10402.5205,17763.0
84,2013-11-20,14891.0,1594.0,1.0,1.0,0,0.0,3.0,-0.65282214,0.75751126,-0.5,0.8660254,4,0,0,1,14533.0,1,17763.0,1,11513.0,1,10159.0,1,13557.0,1,15274.0,1,0.0,1,0.0,12470.526,11320.405,-3230.0
84,2013-11-21,13164.0,1441.0,1.0,1.0,0,0.0,4.0,-0.65282214,0.75751126,-0.5,0.8660254,4,0,0,1,14891.0,1,14533.0,1,0.0,1,11561.0,1,10615.0,1,16315.0,1,8336.0,1,12098.0,13438.716,12113.87,358.0
84,2013-11-22,12214.0,1345.0,1.0,1.0,0,0.0,5.0,-0.65282214,0.75751126,-0.5,0.8660254,4,0,0,1,13164.0,1,14891.0,1,17763.0,1,10302.0,1,0.0,1,14120.0,1,10614.0,1,11897.0,13328.829,12347.232,-1727.0
84,2013-11-23,10988.0,1202.0,1.0,0.0,0,0.0,6.0,-0.65282214,0.75751126,-0.5,0.8660254,4,0,0,1,12214.0,1,13164.0,1,14533.0,1,11671.0,1,10723.0,1,11751.0,1,11284.0,1,12911.0,12882.897,12317.625,-950.0
84,2013-11-24,0.0,0.0,0.0,0.0,0,0.0,7.0,-0.65282214,0.75751126,-0.5,0.8660254,4,0,0,1,10988.0,1,12214.0,1,14891.0,1,11513.0,1,10159.0,1,13557.0,1,13251.0,1,0.0,12124.938,12022.153,-1226.0
84,2013-11-25,13751.0,1388.0,1.0,0.0,0,0.0,1.0,-0.55864674,0.82940567,-0.5,0.8660254,4,0,0,1,0.0,1,10988.0,1,13164.0,1,0.0,1,11561.0,1,10615.0,1,0.0,1,13211.0,7274.9634,9350.563,-10988.0
84,2013-11-26,11965.0,1354.0,1.0,0.0,0,0.0,2.0,-0.55864674,0.82940567,-0.5,0.8660254,4,0,0,1,13751.0,1,0.0,1,12214.0,1,17763.0,1,10302.0,1,0.0,1,12619.0,1,11078.0,9865.378,10328.438,13751.0
84,2013-11-27,11590.0,1391.0,1.0,0.0,0,0.0,3.0,-0.55864674,0.82940567,-0.5,0.8660254,4,0,0,1,11965.0,1,13751.0,1,10988.0,1,14533.0,1,11671.0,1,10723.0,1,0.0,1,0.0,10705.227,10692.119,-1786.0
84,2013-11-28,12253.0,1381.0,1.0,0.0,0,0.0,4.0,-0.55864674,0.82940567,-0.5,0.8660254,4,0,0,1,11590.0,1,11965.0,1,0.0,1,14891.0,1,11513.0,1,10159.0,1,15274.0,1,20114.0,11059.136,10891.647,-375.0
84,2013-11-29,14267.0,1418.0,1.0,0.0,0,0.0,5.0,-0.55864674,0.82940567,-0.5,0.8660254,4,0,0,1,12253.0,1,11590.0,1,13751.0,1,13164.0,1,0.0,1,11561.0,1,16315.0,1,15166.0,11536.682,11194.171,663.0
84,2013-11-30,14530.0,1460.0,1.0,0.0,0,0.0,6.0,-0.55864674,0.82940567,-0.5,0.8660254,4,0,1,1,14267.0,1,12253.0,1,11965.0,1,12214.0,1,17763.0,1,10302.0,1,14120.0,1,13476.0,12628.809,11877.021,2014.0
84,2013-12-01,0.0,0.0,0.0,0.0,0,0.0,7.0,-0.55864674,0.82940567,-2.4492937e-16,1.0,4,1,0,1,14530.0,1,14267.0,1,11590.0,1,10988.0,1,14533.0,1,11671.0,1,11751.0,1,12697.0,13389.285,12466.572,263.0
84,2013-12-02,22696.0,2007.0,1.0,1.0,0,0.0,1.0,-0.45662925,0.8896571,-2.4492937e-16,1.0,4,0,0,1,0.0,1,14530.0,1,12253.0,1,0.0,1,14891.0,1,11513.0,1,13557.0,1,11881.0,8033.5713,9696.223,-14530.0
84,2013-12-03,18818.0,1712.0,1.0,1.0,0,0.0,2.0,-0.45662925,0.8896571,-2.4492937e-16,1.0,4,0,0,1,22696.0,1,0.0,1,14267.0,1,13751.0,1,13164.0,1,0.0,1,10615.0,1,9896.0,13898.543,12585.0625,22696.0
84,2013-12-04,17656.0,1663.0,1.0,1.0,0,0.0,3.0,-0.45662925,0.8896571,-2.4492937e-16,1.0,4,0,0,1,18818.0,1,22696.0,1,14530.0,1,11965.0,1,12214.0,1,17763.0,1,0.0,1,0.0,15866.325,13970.159,-3878.0
84,2013-12-05,15856.0,1453.0,1.0,1.0,0,0.0,4.0,-0.45662925,0.8896571,-2.4492937e-16,1.0,4,0,0,1,17656.0,1,18818.0,1,0.0,1,11590.0,1,10988.0,1,14533.0,1,10723.0,1,10901.0,16582.195,14789.235,-1162.0
84,2013-12-06,15566.0,1568.0,1.0,1.0,0,0.0,5.0,-0.45662925,0.8896571,-2.4492937e-16,1.0,4,0,0,1,15856.0,1,17656.0,1,22696.0,1,12253.0,1,0.0,1,14891.0,1,10159.0,1,10321.0,16291.717,15026.294,-1800.0
84,2013-12-07,12809.0,1384.0,1.0,0.0,0,0.0,6.0,-0.45662925,0.8896571,-2.4492937e-16,1.0,4,0,0,1,15566.0,1,15856.0,1,18818.0,1,14267.0,1,13751.0,1,13164.0,1,11561.0,1,10639.0,16001.431,15146.229,-290.0
84,2013-12-08,0.0,0.0,0.0,0.0,0,0.0,7.0,-0.45662925,0.8896571,-2.4492937e-16,1.0,4,0,0,1,12809.0,1,15566.0,1,17656.0,1,14530.0,1,11965.0,1,12214.0,1,10302.0,1,10515.0,14724.458,14626.845,-2757.0
84,2013-12-09,12634.0,1445.0,1.0,0.0,0,0.0,1.0,-0.34820163,0.93741965,-2.4492937e-16,1.0,4,0,0,1,0.0,1,12809.0,1,15856.0,1,0.0,1,11590.0,1,10988.0,1,11671.0,1,10792.0,8834.675,11376.435,-12809.0
84,2013-12-10,13105.0,1459.0,1.0,0.0,0,0.0,2.0,-0.34820163,0.93741965,-2.4492937e-16,1.0,4,0,0,1,12634.0,1,0.0,1,15566.0,1,22696.0,1,12253.0,1,0.0,1,11513.0,1,10604.0,10354.405,11655.894,12634.0
84,2013-12-11,13230.0,1485.0,1.0,0.0,0,0.0,3.0,-0.34820163,0.93741965,-2.4492937e-16,1.0,4,0,0,1,13105.0,1,12634.0,1,12809.0,1,18818.0,1,14267.0,1,13751.0,1,0.0,1,0.0,11454.643,11977.917,471.0
84,2013-12-12,12314.0,1425.0,1.0,0.0,0,0.0,4.0,-0.34820163,0.93741965,-2.4492937e-16,1.0,4,0,0,1,13230.0,1,13105.0,1,0.0,1,17656.0,1,14530.0,1,11965.0,1,17763.0,1,16409.0,12164.786,12256.158,125.0
84,2013-12-13,13127.0,1460.0,1.0,0.0,0,0.0,5.0,-0.34820163,0.93741965,-2.4492937e-16,1.0,4,0,0,1,12314.0,1,13230.0,1,12634.0,1,15856.0,1,0.0,1,11590.0,1,14533.0,1,12467.0,12224.472,12269.012,-916.0
84,2013-12-14,12419.0,1356.0,1.0,0.0,0,0.0,6.0,-0.34820163,0.93741965,-2.4492937e-16,1.0,4,0,0,1,13127.0,1,12314.0,1,13105.0,1,15566.0,1,22696.0,1,12253.0,1,14891.0,1,13192.0,12585.482,12459.676,813.0
84,2013-12-15,0.0,0.0,0.0,0.0,0,0.0,7.0,-0.34820163,0.93741965,-2.4492937e-16,1.0,4,0,0,1,12419.0,1,13127.0,1,13230.0,1,12809.0,1,18818.0,1,14267.0,1,13164.0,1,12102.0,12518.89,12450.637,-708.0
84,2013-12-16,26729.0,2232.0,1.0,1.0,0,0.0,1.0,-0.23488605,0.9720229,-2.4492937e-16,1.0,4,0,0,1,0.0,1,12419.0,1,12314.0,1,0.0,1,17656.0,1,14530.0,1,12214.0,1,10447.0,7511.334,9683.828,-12419.0
84,2013-12-17,21496.0,1982.0,1.0,1.0,0,0.0,2.0,-0.23488605,0.9720229,-2.4492937e-16,1.0,4,0,0,1,26729.0,1,0.0,1,13127.0,1,12634.0,1,15856.0,1,0.0,1,10988.0,1,9061.0,15198.4,13471.645,26729.0
84,2013-12-18,21903.0,2156.0,1.0,1.0,0,0.0,3.0,-0.23488605,0.9720229,-2.4492937e-16,1.0,4,0,0,1,21496.0,1,26729.0,1,12419.0,1,13105.0,1,15566.0,1,22696.0,1,0.0,1,0.0,17717.44,15254.835,-5233.0
84,2013-12-19,18176.0,1844.0,1.0,1.0,0,0.0,4.0,-0.23488605,0.9720229,-2.4492937e-16,1.0,4,0,0,1,21903.0,1,21496.0,1,0.0,1,13230.0,1,12809.0,1,18818.0,1,13751.0,1,8336.0,19391.664,16732.205,407.0
84,2013-12-20,20529.0,1994.0,1.0,1.0,0,0.0,5.0,-0.23488605,0.9720229,-2.4492937e-16,1.0,4,0,0,1,18176.0,1,21903.0,1,26729.0,1,12314.0,1,0.0,1,17656.0,1,11965.0,1,10614.0,18905.398,17053.049,-3727.0
84,2013-12-21,16904.0,1799.0,1.0,0.0,0,0.0,6.0,-0.23488605,0.9720229,-2.4492937e-16,1.0,4,0,0,1,20529.0,1,18176.0,1,21496.0,1,13127.0,1,12634.0,1,15856.0,1,11590.0,1,11284.0,19554.84,17825.482,2353.0
84,2013-12-22,0.0,0.0,0.0,0.0,0,0.0,7.0,-0.23488605,0.9720229,-2.4492937e-16,1.0,4,0,0,1,16904.0,1,20529.0,1,21903.0,1,12419.0,1,13105.0,1,15566.0,1,12253.0,1,13251.0,18494.504,17620.709,-3625.0
84,2013-12-23,24392.0,2614.0,1.0,0.0,0,1.0,1.0,-0.11827317,0.9929811,-2.4492937e-16,1.0,4,0,0,1,0.0,1,16904.0,1,18176.0,1,0.0,1,13230.0,1,12809.0,1,14267.0,1,0.0,11096.702,13704.995,-16904.0
84,2013-12-24,8272.0,1042.0,1.0,0.0,0,1.0,2.0,-0.11827317,0.9929811,-2.4492937e-16,1.0,4,0,0,1,24392.0,1,0.0,1,20529.0,1,26729.0,1,12314.0,1,0.0,1,14530.0,1,12619.0,16414.82,16079.885,24392.0
84,2013-12-25,0.0,0.0,0.0,0.0,3,1.0,3.0,-0.11827317,0.9929811,-2.4492937e-16,1.0,4,0,0,1,8272.0,1,24392.0,1,16904.0,1,21496.0,1,13127.0,1,12634.0,1,0.0,1,0.0,13157.692,14344.8,-16120.0
84,2013-12-26,0.0,0.0,0.0,0.0,3,1.0,4.0,-0.11827317,0.9929811,-2.4492937e-16,1.0,4,0,0,1,0.0,1,8272.0,1,0.0,1,21903.0,1,12419.0,1,13105.0,1,22696.0,1,15274.0,7894.6157,11157.066,-8272.0
84,2013-12-27,12213.0,1458.0,1.0,0.0,0,1.0,5.0,-0.11827317,0.9929811,-2.4492937e-16,1.0,4,0,0,1,0.0,1,0.0,1,24392.0,1,18176.0,1,0.0,1,13230.0,1,18818.0,1,16315.0,4736.7695,8677.718,0.0
84,2013-12-28,10523.0,1172.0,1.0,0.0,0,0.0,6.0,-0.11827317,0.9929811,-2.4492937e-16,1.0,4,0,0,1,12213.0,1,0.0,1,8272.0,1,20529.0,1,26729.0,1,12314.0,1,17656.0,1,14120.0,7727.2617,9463.336,12213.0
84,2013-12-29,0.0,0.0,0.0,0.0,0,0.0,7.0,-0.11827317,0.9929811,-2.4492937e-16,1.0,4,0,0,1,10523.0,1,12213.0,1,0.0,1,16904.0,1,21496.0,1,13127.0,1,15856.0,1,11751.0,8845.557,9698.817,-1690.0
84,2013-12-30,15927.0,1680.0,1.0,0.0,0,1.0,1.0,0.11827317,0.9929811,-2.4492937e-16,1.0,4,0,0,1,0.0,1,10523.0,1,0.0,1,0.0,1,21903.0,1,12419.0,1,15566.0,1,13557.0,5307.334,7543.5244,-10523.0
84,2013-12-31,7394.0,931.0,1.0,0.0,0,1.0,2.0,0.11827317,0.9929811,-2.4492937e-16,1.0,4,0,1,1,15927.0,1,0.0,1,12213.0,1,24392.0,1,18176.0,1,0.0,1,12809.0,1,10615.0,9555.2,9406.52,15927.0
84,2014-01-01,0.0,0.0,0.0,0.0,1,1.0,3.0,0.11827317,0.9929811,0.5,0.8660254,1,1,0,1,7394.0,1,15927.0,1,10523.0,1,8272.0,1,20529.0,1,26729.0,1,0.0,1,0.0,8690.721,8959.293,-8533.0
84,2014-01-02,11327.0,1364.0,1.0,0.0,0,1.0,4.0,0.11827317,0.9929811,0.5,0.8660254,1,0,0,1,0.0,1,7394.0,1,0.0,1,0.0,1,16904.0,1,21496.0,1,12634.0,1,10723.0,5214.432,6968.339,-7394.0
84,2014-01-03,11250.0,1285.0,1.0,0.0,0,1.0,5.0,0.11827317,0.9929811,0.5,0.8660254,1,0,0,1,11327.0,1,0.0,1,15927.0,1,0.0,1,0.0,1,21903.0,1,13105.0,1,10159.0,7659.4595,7936.93,11327.0
84,2014-01-04,10187.0,1245.0,1.0,0.0,0,0.0,6.0,0.11827317,0.9929811,0.5,0.8660254,1,0,0,1,11250.0,1,11327.0,1,7394.0,1,12213.0,1,24392.0,1,18176.0,1,13230.0,1,11561.0,9095.676,8673.168,-77.0
84,2014-01-05,0.0,0.0,0.0,0.0,0,0.0,7.0,0.11827317,0.9929811,0.5,0.8660254,1,0,0,1,10187.0,1,11250.0,1,0.0,1,10523.0,1,8272.0,1,20529.0,1,12314.0,1,10302.0,9532.205,9009.575,-1063.0
84,2014-01-06,20672.0,1825.0,1.0,1.0,0,1.0,1.0,0.23488605,0.9720229,0.5,0.8660254,1,0,0,1,0.0,1,10187.0,1,11327.0,1,0.0,1,0.0,1,16904.0,1,13127.0,1,11671.0,5719.323,7007.4473,-10187.0
84,2014-01-07,16827.0,1677.0,1.0,1.0,0,1.0,2.0,0.23488605,0.9720229,0.5,0.8660254,1,0,0,1,20672.0,1,0.0,1,11250.0,1,15927.0,1,0.0,1,0.0,1,12419.0,1,11513.0,11700.394,10044.015,20672.0
84,2014-01-08,14336.0,1574.0,1.0,1.0,0,0.0,3.0,0.23488605,0.9720229,0.5,0.8660254,1,0,0,1,16827.0,1,20672.0,1,10187.0,1,7394.0,1,12213.0,1,24392.0,1,0.0,1,0.0,13751.036,11551.345,-3845.0
84,2014-01-09,12243.0,1301.0,1.0,1.0,0,0.0,4.0,0.23488605,0.9720229,0.5,0.8660254,1,0,0,1,14336.0,1,16827.0,1,0.0,1,0.0,1,10523.0,1,8272.0,1,26729.0,1,17763.0,13985.021,12170.157,-2491.0
84,2014-01-10,14172.0,1551.0,1.0,1.0,0,0.0,5.0,0.23488605,0.9720229,0.5,0.8660254,1,0,0,1,12243.0,1,14336.0,1,20672.0,1,11327.0,1,0.0,1,0.0,1,21496.0,1,14533.0,13288.213,12186.345,-2093.0
84,2014-01-11,10190.0,1191.0,1.0,0.0,0,0.0,6.0,0.23488605,0.9720229,0.5,0.8660254,1,0,0,1,14172.0,1,12243.0,1,16827.0,1,11250.0,1,15927.0,1,0.0,1,21903.0,1,14891.0,13641.728,12627.602,1929.0
84,2014-01-12,0.0,0.0,0.0,0.0,0,0.0,7.0,0.23488605,0.9720229,0.5,0.8660254,1,0,0,1,10190.0,1,14172.0,1,14336.0,1,10187.0,1,7394.0,1,12213.0,1,18176.0,1,13164.0,12261.037,12085.912,-3982.0
84,2014-01-13,10406.0,1259.0,1.0,0.0,0,0.0,1.0,0.34820163,0.93741965,0.5,0.8660254,1,0,0,1,0.0,1,10190.0,1,12243.0,1,0.0,1,0.0,1,10523.0,1,20529.0,1,12214.0,7356.622,9400.153,-10190.0
84,2014-01-14,10618.0,1309.0,1.0,0.0,0,0.0,2.0,0.34820163,0.93741965,0.5,0.8660254,1,0,0,1,10406.0,1,0.0,1,14172.0,1,20672.0,1,11327.0,1,0.0,1,16904.0,1,10988.0,8576.373,9623.675,10406.0
84,2014-01-15,11245.0,1362.0,1.0,0.0,0,0.0,3.0,0.34820163,0.93741965,0.5,0.8660254,1,0,0,1,10618.0,1,10406.0,1,10190.0,1,16827.0,1,11250.0,1,15927.0,1,0.0,1,0.0,9393.024,9844.636,212.0
84,2014-01-16,9902.0,1216.0,1.0,0.0,0,0.0,4.0,0.34820163,0.93741965,0.5,0.8660254,1,0,0,1,11245.0,1,10618.0,1,0.0,1,14336.0,1,10187.0,1,7394.0,1,24392.0,1,13751.0,10133.814,10155.828,627.0
84,2014-01-17,10597.0,1279.0,1.0,0.0,0,0.0,5.0,0.34820163,0.93741965,0.5,0.8660254,1,0,0,1,9902.0,1,11245.0,1,10406.0,1,12243.0,1,0.0,1,0.0,1,8272.0,1,11965.0,10041.089,10099.422,-1343.0
84,2014-01-18,11194.0,1248.0,1.0,0.0,0,0.0,6.0,0.34820163,0.93741965,0.5,0.8660254,1,0,0,1,10597.0,1,9902.0,1,10618.0,1,14172.0,1,20672.0,1,11327.0,1,0.0,1,11590.0,10263.453,10209.995,695.0
84,2014-01-19,0.0,0.0,0.0,0.0,0,0.0,7.0,0.34820163,0.93741965,0.5,0.8660254,1,0,0,1,11194.0,1,10597.0,1,11245.0,1,10190.0,1,16827.0,1,11250.0,1,0.0,1,12253.0,10635.672,10428.663,597.0
84,2014-01-20,19185.0,1735.0,1.0,1.0,0,0.0,1.0,0.45662925,0.8896571,0.5,0.8660254,1,0,0,1,0.0,1,11194.0,1,9902.0,1,0.0,1,14336.0,1,10187.0,1,12213.0,1,14267.0,6381.4033,8111.182,-11194.0
84,2014-01-21,13776.0,1441.0,1.0,1.0,0,0.0,2.0,0.45662925,0.8896571,0.5,0.8660254,1,0,0,1,19185.0,1,0.0,1,10597.0,1,10406.0,1,12243.0,1,0.0,1,10523.0,1,14530.0,11502.842,10572.03,19185.0
84,2014-01-22,14270.0,1539.0,1.0,1.0,0,0.0,3.0,0.45662925,0.8896571,0.5,0.8660254,1,0,0,1,13776.0,1,19185.0,1,11194.0,1,10618.0,1,14172.0,1,20672.0,1,0.0,1,0.0,12412.105,11284.023,-5409.0
84,2014-01-23,12182.0,1334.0,1.0,1.0,0,0.0,4.0,0.45662925,0.8896571,0.5,0.8660254,1,0,0,1,14270.0,1,13776.0,1,0.0,1,11245.0,1,10190.0,1,16827.0,1,15927.0,1,22696.0,13155.263,11947.574,494.0
84,2014-01-24,12302.0,1311.0,1.0,1.0,0,0.0,5.0,0.45662925,0.8896571,0.5,0.8660254,1,0,0,1,12182.0,1,14270.0,1,19185.0,1,9902.0,1,0.0,1,14336.0,1,7394.0,1,18818.0,12765.958,11999.669,-2088.0
84,2014-01-25,9913.0,1201.0,1.0,0.0,0,0.0,6.0,0.45662925,0.8896571,0.5,0.8660254,1,0,0,1,12302.0,1,12182.0,1,13776.0,1,10597.0,1,10406.0,1,12243.0,1,0.0,1,17656.0,12580.375,12066.854,120.0
84,2014-01-26,0.0,0.0,0.0,0.0,0,0.0,7.0,0.45662925,0.8896571,0.5,0.8660254,1,0,0,1,9913.0,1,12302.0,1,14270.0,1,11194.0,1,10618.0,1,14172.0,1,11327.0,1,15856.0,11513.425,11588.22,-2389.0
84,2014-01-27,9624.0,1241.0,1.0,0.0,0,0.0,1.0,0.55864674,0.82940567,0.5,0.8660254,1,0,0,1,0.0,1,9913.0,1,12182.0,1,0.0,1,11245.0,1,10190.0,1,11250.0,1,15566.0,6908.0547,9013.06,-9913.0
84,2014-01-28,9854.0,1252.0,1.0,0.0,0,0.0,2.0,0.55864674,0.82940567,0.5,0.8660254,1,0,0,1,9624.0,1,0.0,1,12302.0,1,19185.0,1,9902.0,1,0.0,1,10187.0,1,12809.0,7994.433,9148.824,9624.0
84,2014-01-29,10337.0,1278.0,1.0,0.0,0,0.0,3.0,0.55864674,0.82940567,0.5,0.8660254,1,0,0,1,9854.0,1,9624.0,1,9913.0,1,13776.0,1,10597.0,1,10406.0,1,0.0,1,0.0,8738.26,9305.53,230.0
84,2014-01-30,9963.0,1190.0,1.0,0.0,0,0.0,4.0,0.55864674,0.82940567,0.5,0.8660254,1,0,0,1,10337.0,1,9854.0,1,0.0,1,14270.0,1,11194.0,1,10618.0,1,20672.0,1,12634.0,9377.756,9534.745,483.0
84,2014-01-31,12465.0,1326.0,1.0,0.0,0,0.0,5.0,0.55864674,0.82940567,0.5,0.8660254,1,0,1,1,9963.0,1,10337.0,1,9624.0,1,12182.0,1,0.0,1,11245.0,1,16827.0,1,13105.0,9611.854,9629.913,-374.0
84,2014-02-01,12179.0,1196.0,1.0,0.0,0,0.0,6.0,0.55864674,0.82940567,0.8660254,0.5,1,1,0,1,12465.0,1,9963.0,1,9854.0,1,12302.0,1,19185.0,1,9902.0,1,14336.0,1,13230.0,10753.112,10259.933,2502.0
84,2014-02-02,0.0,0.0,0.0,0.0,0,0.0,7.0,0.55864674,0.82940567,0.8660254,0.5,1,0,0,1,12179.0,1,12465.0,1,10337.0,1,9913.0,1,13776.0,1,10597.0,1,12243.0,1,12314.0,11323.467,10686.392,-286.0
84,2014-02-03,21531.0,1906.0,1.0,1.0,0,0.0,1.0,0.65282214,0.75751126,0.8660254,0.5,1,0,0,1,0.0,1,12179.0,1,9963.0,1,0.0,1,14270.0,1,11194.0,1,14172.0,1,13127.0,6794.0806,8311.638,-12179.0
84,2014-02-04,17089.0,1643.0,1.0,1.0,0,0.0,2.0,0.65282214,0.75751126,0.8660254,0.5,1,0,0,1,21531.0,1,0.0,1,12465.0,1,9624.0,1,12182.0,1,0.0,1,10190.0,1,12419.0,12688.849,11249.274,21531.0
84,2014-02-05,14895.0,1622.0,1.0,1.0,0,0.0,3.0,0.65282214,0.75751126,0.8660254,0.5,1,0,0,1,17089.0,1,21531.0,1,12179.0,1,9854.0,1,12302.0,1,19185.0,1,0.0,1,0.0,14448.909,12546.991,-4442.0
84,2014-02-06,13470.0,1477.0,1.0,1.0,0,0.0,4.0,0.65282214,0.75751126,0.8660254,0.5,1,0,0,1,14895.0,1,17089.0,1,0.0,1,10337.0,1,9913.0,1,13776.0,1,10406.0,1,26729.0,14627.346,13068.7705,-2194.0
84,2014-02-07,10753.0,1075.0,1.0,1.0,0,0.0,5.0,0.65282214,0.75751126,0.8660254,0.5,1,0,0,1,13470.0,1,14895.0,1,21531.0,1,9963.0,1,0.0,1,14270.0,1,10618.0,1,21496.0,14164.407,13157.933,-1425.0
84,2014-02-08,10981.0,1228.0,1.0,0.0,0,0.0,6.0,0.65282214,0.75751126,0.8660254,0.5,1,0,0,1,10753.0,1,13470.0,1,17089.0,1,12465.0,1,9624.0,1,12182.0,1,11245.0,1,21903.0,12799.845,12623.503,-2717.0
84,2014-02-09,0.0,0.0,0.0,0.0,0,0.0,7.0,0.65282214,0.75751126,0.8660254,0.5,1,0,0,1,10981.0,1,10753.0,1,14895.0,1,12179.0,1,9854.0,1,12302.0,1,9902.0,1,18176.0,12072.307,12258.503,228.0
84,2014-02-10,11651.0,1386.0,1.0,0.0,0,0.0,1.0,0.73783326,0.674983,0.8660254,0.5,1,0,0,1,0.0,1,10981.0,1,13470.0,1,0.0,1,10337.0,1,9913.0,1,10597.0,1,20529.0,7243.384,9534.391,-10981.0
84,2014-02-11,10102.0,1284.0,1.0,0.0,0,0.0,2.0,0.73783326,0.674983,0.8660254,0.5,1,0,0,1,11651.0,1,0.0,1,10753.0,1,21531.0,1,9963.0,1,0.0,1,11194.0,1,16904.0,9006.431,10004.748,11651.0
84,2014-02-12,11555.0,1481.0,1.0,0.0,0,0.0,3.0,0.73783326,0.674983,0.8660254,0.5,1,0,0,1,10102.0,1,11651.0,1,10981.0,1,17089.0,1,12465.0,1,9624.0,1,0.0,1,0.0,9444.658,10026.36,-1549.0
84,2014-02-13,9318.0,1161.0,1.0,0.0,0,0.0,4.0,0.73783326,0.674983,0.8660254,0.5,1,0,0,1,11555.0,1,10102.0,1,0.0,1,14895.0,1,12179.0,1,9854.0,1,19185.0,1,24392.0,10288.795,10366.058,1453.0
84,2014-02-14,12492.0,1393.0,1.0,0.0,0,0.0,5.0,0.73783326,0.674983,0.8660254,0.5,1,0,0,1,9318.0,1,11555.0,1,11651.0,1,13470.0,1,0.0,1,10337.0,1,13776.0,1,8272.0,9900.477,10133.156,-2237.0
84,2014-02-15,10699.0,1267.0,1.0,0.0,0,0.0,6.0,0.73783326,0.674983,0.8660254,0.5,1,0,0,1,12492.0,1,9318.0,1,10102.0,1,10753.0,1,21531.0,1,9963.0,1,14270.0,1,0.0,10937.086,10657.344,3174.0
84,2014-02-16,0.0,0.0,0.0,0.0,0,0.0,7.0,0.73783326,0.674983,0.8660254,0.5,1,0,0,1,10699.0,1,12492.0,1,11555.0,1,10981.0,1,17089.0,1,12465.0,1,12182.0,1,0.0,10841.852,10666.601,-1793.0
84,2014-02-17,18238.0,1751.0,1.0,1.0,0,0.0,1.0,0.8124869,0.5829795,0.8660254,0.5,1,0,0,1,0.0,1,10699.0,1,9318.0,1,0.0,1,14895.0,1,12179.0,1,12302.0,1,12213.0,6505.111,8296.245,-10699.0
84,2014-02-18,14773.0,1531.0,1.0,1.0,0,0.0,2.0,0.8124869,0.5829795,0.8660254,0.5,1,0,0,1,18238.0,1,0.0,1,12492.0,1,11651.0,1,13470.0,1,0.0,1,9913.0,1,10523.0,11198.267,10505.523,18238.0
84,2014-02-19,13803.0,1479.0,1.0,1.0,0,0.0,3.0,0.8124869,0.5829795,0.8660254,0.5,1,0,0,1,14773.0,1,18238.0,1,10699.0,1,10102.0,1,10753.0,1,21531.0,1,0.0,1,0.0,12628.16,11453.852,-3465.0
84,2014-02-20,11970.0,1383.0,1.0,1.0,0,0.0,4.0,0.8124869,0.5829795,0.8660254,0.5,1,0,0,1,13803.0,1,14773.0,1,0.0,1,11555.0,1,10981.0,1,17089.0,1,9624.0,1,15927.0,13098.096,11975.885,-970.0
84,2014-02-21,12086.0,1326.0,1.0,1.0,0,0.0,5.0,0.8124869,0.5829795,0.8660254,0.5,1,0,0,1,11970.0,1,13803.0,1,18238.0,1,9318.0,1,0.0,1,14895.0,1,9854.0,1,7394.0,12646.857,11974.577,-1833.0
84,2014-02-22,10540.0,1188.0,1.0,0.0,0,0.0,6.0,0.8124869,0.5829795,0.8660254,0.5,1,0,0,1,12086.0,1,11970.0,1,14773.0,1,12492.0,1,11651.0,1,13470.0,1,10337.0,1,0.0,12422.515,11999.338,116.0
84,2014-02-23,0.0,0.0,0.0,0.0,0,0.0,7.0,0.8124869,0.5829795,0.8660254,0.5,1,0,0,1,10540.0,1,12086.0,1,13803.0,1,10699.0,1,10102.0,1,10753.0,1,9963.0,1,11327.0,11669.509,11675.04,-1546.0
84,2014-02-24,10636.0,1343.0,1.0,0.0,0,0.0,1.0,0.8757349,0.4827922,0.8660254,0.5,1,0,0,1,0.0,1,10540.0,1,11970.0,1,0.0,1,11555.0,1,10981.0,1,12465.0,1,11250.0,7001.705,9080.587,-10540.0
84,2014-02-25,9853.0,1268.0,1.0,0.0,0,0.0,2.0,0.8757349,0.4827922,0.8660254,0.5,1,0,0,1,10636.0,1,0.0,1,12086.0,1,18238.0,1,9318.0,1,0.0,1,12179.0,1,10187.0,8455.423,9426.234,10636.0
84,2014-02-26,10475.0,1379.0,1.0,0.0,0,0.0,3.0,0.8757349,0.4827922,0.8660254,0.5,1,0,0,1,9853.0,1,10636.0,1,10540.0,1,14773.0,1,12492.0,1,11651.0,1,0.0,1,0.0,9014.454,9521.071,-783.0
84,2014-02-27,9769.0,1139.0,1.0,0.0,0,0.0,4.0,0.8757349,0.4827922,0.8660254,0.5,1,0,0,1,10475.0,1,9853.0,1,0.0,1,13803.0,1,10699.0,1,10102.0,1,21531.0,1,20672.0,9598.672,9733.056,622.0
84,2014-02-28,13020.0,1407.0,1.0,0.0,0,0.0,5.0,0.8757349,0.4827922,0.8660254,0.5,1,0,1,1,9769.0,1,10475.0,1,10636.0,1,11970.0,1,0.0,1,11555.0,1,17089.0,1,16827.0,9666.804,9741.043,-706.0
84,2014-03-01,13047.0,1429.0,1.0,0.0,0,0.0,6.0,0.8757349,0.4827922,1.0,6.123234e-17,1,1,0,1,13020.0,1,9769.0,1,9853.0,1,12086.0,1,18238.0,1,9318.0,1,14895.0,1,14336.0,11008.082,10469.7,3251.0
84,2014-03-02,0.0,0.0,0.0,0.0,0,0.0,7.0,0.8757349,0.4827922,1.0,6.123234e-17,1,0,0,1,13047.0,1,13020.0,1,10475.0,1,10540.0,1,14773.0,1,12492.0,1,13470.0,1,12243.0,11823.649,11042.434,27.0
84,2014-03-03,12745.0,1086.0,1.0,1.0,0,0.0,1.0,0.9266896,0.37582758,1.0,6.123234e-17,1,0,0,1,0.0,1,13047.0,1,9769.0,1,0.0,1,13803.0,1,10699.0,1,10753.0,1,14172.0,7094.1895,8588.56,-13047.0
84,2014-03-04,16295.0,1670.0,1.0,1.0,0,0.0,2.0,0.9266896,0.37582758,1.0,6.123234e-17,1,0,0,1,12745.0,1,0.0,1,13020.0,1,10636.0,1,11970.0,1,0.0,1,10981.0,1,10190.0,9354.514,9512.213,12745.0
84,2014-03-05,14248.0,1547.0,1.0,1.0,0,0.0,3.0,0.9266896,0.37582758,1.0,6.123234e-17,1,0,0,1,16295.0,1,12745.0,1,13047.0,1,9853.0,1,12086.0,1,18238.0,1,0.0,1,0.0,12130.708,11019.499,3550.0
84,2014-03-06,13480.0,1449.0,1.0,1.0,0,0.0,4.0,0.9266896,0.37582758,1.0,6.123234e-17,1,0,0,1,14248.0,1,16295.0,1,0.0,1,10475.0,1,10540.0,1,14773.0,1,11651.0,1,10406.0,12977.625,11736.943,-2047.0
84,2014-03-07,13245.0,1388.0,1.0,1.0,0,0.0,5.0,0.9266896,0.37582758,1.0,6.123234e-17,1,0,0,1,13480.0,1,14248.0,1,12745.0,1,9769.0,1,0.0,1,13803.0,1,10102.0,1,10618.0,13178.575,12124.289,-768.0
84,2014-03-08,9813.0,1163.0,1.0,0.0,0,0.0,6.0,0.9266896,0.37582758,1.0,6.123234e-17,1,0,0,1,13245.0,1,13480.0,1,16295.0,1,13020.0,1,10636.0,1,11970.0,1,11555.0,1,11245.0,13205.145,12373.336,-235.0
84,2014-03-09,0.0,0.0,0.0,0.0,0,0.0,7.0,0.9266896,0.37582758,1.0,6.123234e-17,1,0,0,1,9813.0,1,13245.0,1,14248.0,1,13047.0,1,9853.0,1,12086.0,1,9318.0,1,9902.0,11848.287,11804.373,-3432.0
84,2014-03-10,10639.0,1224.0,1.0,0.0,0,0.0,1.0,0.9646356,0.26358718,1.0,6.123234e-17,1,0,0,1,0.0,1,9813.0,1,13480.0,1,0.0,1,10475.0,1,10540.0,1,12492.0,1,10597.0,7108.972,9181.179,-9813.0
84,2014-03-11,9709.0,1192.0,1.0,0.0,0,0.0,2.0,0.9646356,0.26358718,1.0,6.123234e-17,1,0,0,1,10639.0,1,0.0,1,13245.0,1,12745.0,1,9769.0,1,0.0,1,10699.0,1,11194.0,8520.983,9505.139,10639.0
84,2014-03-12,11309.0,1348.0,1.0,0.0,0,0.0,3.0,0.9646356,0.26358718,1.0,6.123234e-17,1,0,0,1,9709.0,1,10639.0,1,9813.0,1,16295.0,1,13020.0,1,10636.0,1,0.0,1,0.0,8996.19,9550.441,-930.0
84,2014-03-13,10059.0,1269.0,1.0,0.0,0,0.0,4.0,0.9646356,0.26358718,1.0,6.123234e-17,1,0,0,1,11309.0,1,9709.0,1,0.0,1,14248.0,1,13047.0,1,9853.0,1,18238.0,1,19185.0,9921.314,9941.232,1600.0
84,2014-03-14,11138.0,1276.0,1.0,0.0,0,0.0,5.0,0.9646356,0.26358718,1.0,6.123234e-17,1,0,0,1,10059.0,1,11309.0,1,10639.0,1,13480.0,1,0.0,1,10475.0,1,14773.0,1,13776.0,9976.389,9967.403,-1250.0
84,2014-03-15,10152.0,1194.0,1.0,0.0,0,0.0,6.0,0.9646356,0.26358718,1.0,6.123234e-17,1,0,0,1,11138.0,1,10059.0,1,9709.0,1,13245.0,1,12745.0,1,9769.0,1,13803.0,1,14270.0,10441.033,10227.535,1079.0
84,2014-03-16,0.0,0.0,0.0,0.0,0,0.0,7.0,0.9646356,0.26358718,1.0,6.123234e-17,1,0,0,1,10152.0,1,11138.0,1,11309.0,1,9813.0,1,16295.0,1,13020.0,1,11970.0,1,12182.0,10325.42,10210.75,-986.0
84,2014-03-17,17525.0,1660.0,1.0,1.0,0,0.0,1.0,0.9890402,0.14764656,1.0,6.123234e-17,1,0,0,1,0.0,1,10152.0,1,10059.0,1,0.0,1,14248.0,1,13047.0,1,12086.0,1,12302.0,6195.252,7941.6943,-10152.0
84,2014-03-18,13857.0,1466.0,1.0,1.0,0,0.0,2.0,0.9890402,0.14764656,1.0,6.123234e-17,1,0,0,1,17525.0,1,0.0,1,11138.0,1,10639.0,1,13480.0,1,0.0,1,10540.0,1,9913.0,10727.151,10071.317,17525.0
84,2014-03-19,14247.0,1545.0,1.0,1.0,0,0.0,3.0,0.9890402,0.14764656,1.0,6.123234e-17,1,0,0,1,13857.0,1,17525.0,1,10152.0,1,9709.0,1,13245.0,1,12745.0,1,0.0,1,0.0,11979.091,10912.58,-3668.0
84,2014-03-20,12830.0,1420.0,1.0,1.0,0,0.0,4.0,0.9890402,0.14764656,1.0,6.123234e-17,1,0,0,1,14247.0,1,13857.0,1,0.0,1,11309.0,1,9813.0,1,16295.0,1,10636.0,1,9624.0,12886.255,11653.5625,390.0
84,2014-03-21,12087.0,1345.0,1.0,1.0,0,0.0,5.0,0.9890402,0.14764656,1.0,6.123234e-17,1,0,0,1,12830.0,1,14247.0,1,17525.0,1,10059.0,1,0.0,1,14248.0,1,9853.0,1,9854.0,12863.753,11914.993,-1417.0
84,2014-03-22,9881.0,1164.0,1.0,0.0,0,0.0,6.0,0.9890402,0.14764656,1.0,6.123234e-17,1,0,0,1,12087.0,1,12830.0,1,13857.0,1,11138.0,1,10639.0,1,13480.0,1,10475.0,1,10337.0,12553.052,11953.217,-743.0
84,2014-03-23,0.0,0.0,0.0,0.0,0,0.0,7.0,0.9890402,0.14764656,1.0,6.123234e-17,1,0,0,1,9881.0,1,12087.0,1,14247.0,1,10152.0,1,9709.0,1,13245.0,1,9769.0,1,9963.0,11484.23,11492.725,-2206.0
84,2014-03-24,11632.0,1315.0,1.0,0.0,0,0.0,1.0,0.99956083,0.029633328,1.0,6.123234e-17,1,0,0,1,0.0,1,9881.0,1,12830.0,1,0.0,1,11309.0,1,9813.0,1,13020.0,1,12465.0,6890.5386,8938.785,-9881.0
84,2014-03-25,10711.0,1306.0,1.0,0.0,0,0.0,2.0,0.99956083,0.029633328,1.0,6.123234e-17,1,0,0,1,11632.0,1,0.0,1,12087.0,1,17525.0,1,10059.0,1,0.0,1,13047.0,1,12179.0,8787.123,9537.277,11632.0
84,2014-03-26,10803.0,1303.0,1.0,0.0,0,0.0,3.0,0.99956083,0.029633328,1.0,6.123234e-17,1,0,0,1,10711.0,1,11632.0,1,9881.0,1,13857.0,1,11138.0,1,10639.0,1,0.0,1,0.0,9556.674,9798.1045,-921.0
84,2014-03-27,10208.0,1200.0,1.0,0.0,0,0.0,4.0,0.99956083,0.029633328,1.0,6.123234e-17,1,0,0,1,10803.0,1,10711.0,1,0.0,1,14247.0,1,10152.0,1,9709.0,1,12745.0,1,21531.0,10055.204,10021.415,92.0
84,2014-03-28,10942.0,1272.0,1.0,0.0,0,0.0,5.0,0.99956083,0.029633328,1.0,6.123234e-17,1,0,0,1,10208.0,1,10803.0,1,11632.0,1,12830.0,1,0.0,1,11309.0,1,16295.0,1,17089.0,10116.322,10062.878,-595.0
84,2014-03-29,10166.0,1185.0,1.0,0.0,0,0.0,6.0,0.99956083,0.029633328,1.0,6.123234e-17,1,0,0,1,10942.0,1,10208.0,1,10711.0,1,12087.0,1,17525.0,1,10059.0,1,14248.0,1,14895.0,10446.594,10258.238,734.0
84,2014-03-30,0.0,0.0,0.0,0.0,0,0.0,7.0,0.99956083,0.029633328,1.0,6.123234e-17,1,0,0,1,10166.0,1,10942.0,1,10803.0,1,9881.0,1,13857.0,1,11138.0,1,13480.0,1,13470.0,10334.356,10237.741,-776.0
84,2014-03-31,16344.0,1548.0,1.0,1.0,0,0.0,1.0,0.9960498,-0.08879589,1.0,6.123234e-17,1,0,1,1,0.0,1,10166.0,1,10208.0,1,0.0,1,14247.0,1,10152.0,1,13245.0,1,10753.0,6200.614,7962.6875,-10166.0
84,2014-04-01,14256.0,1446.0,1.0,1.0,0,0.0,2.0,0.9960498,-0.08879589,0.8660254,-0.5,2,1,0,1,16344.0,1,0.0,1,10942.0,1,11632.0,1,12830.0,1,0.0,1,9813.0,1,10981.0,10257.968,9825.201,16344.0
84,2014-04-02,14742.0,1612.0,1.0,1.0,0,0.0,3.0,0.9960498,-0.08879589,0.8660254,-0.5,2,0,0,1,14256.0,1,16344.0,1,10166.0,1,10711.0,1,12087.0,1,17525.0,1,0.0,1,0.0,11857.181,10809.823,-2088.0
84,2014-04-03,13054.0,1374.0,1.0,1.0,0,0.0,4.0,0.9960498,-0.08879589,0.8660254,-0.5,2,0,0,1,14742.0,1,14256.0,1,0.0,1,10803.0,1,9881.0,1,13857.0,1,10639.0,1,11651.0,13011.108,11683.641,486.0
84,2014-04-04,12669.0,1367.0,1.0,1.0,0,0.0,5.0,0.9960498,-0.08879589,0.8660254,-0.5,2,0,0,1,13054.0,1,14742.0,1,16344.0,1,10208.0,1,0.0,1,14247.0,1,9709.0,1,10102.0,13028.265,11988.165,-1688.0
84,2014-04-05,11130.0,1249.0,1.0,0.0,0,0.0,6.0,0.9960498,-0.08879589,0.8660254,-0.5,2,0,0,1,12669.0,1,13054.0,1,14256.0,1,10942.0,1,11632.0,1,12830.0,1,11309.0,1,11555.0,12884.559,12139.462,-385.0
84,2014-04-06,0.0,0.0,0.0,0.0,0,0.0,7.0,0.9960498,-0.08879589,0.8660254,-0.5,2,0,0,1,11130.0,1,12669.0,1,14742.0,1,10166.0,1,10711.0,1,12087.0,1,10059.0,1,9318.0,12182.735,11915.137,-1539.0
84,2014-04-07,10820.0,1306.0,1.0,0.0,0,0.0,1.0,0.9785565,-0.20597862,0.8660254,-0.5,2,0,0,1,0.0,1,11130.0,1,13054.0,1,0.0,1,10803.0,1,9881.0,1,11138.0,1,12492.0,7309.641,9267.328,-11130.0
84,2014-04-08,10484.0,1193.0,1.0,0.0,0,0.0,2.0,0.9785565,-0.20597862,0.8660254,-0.5,2,0,0,1,10820.0,1,0.0,1,12669.0,1,16344.0,1,10208.0,1,0.0,1,10152.0,1,10699.0,8713.785,9612.366,10820.0
84,2014-04-09,11832.0,1382.0,1.0,0.0,0,0.0,3.0,0.9785565,-0.20597862,0.8660254,-0.5,2,0,0,1,10484.0,1,10820.0,1,11130.0,1,14256.0,1,10942.0,1,11632.0,1,0.0,1,0.0,9421.871,9806.0625,-336.0
84,2014-04-10,11301.0,1315.0,1.0,0.0,0,0.0,4.0,0.9785565,-0.20597862,0.8660254,-0.5,2,0,0,1,11832.0,1,10484.0,1,0.0,1,14742.0,1,10166.0,1,10711.0,1,17525.0,1,18238.0,10385.923,10256.271,1348.0
84,2014-04-11,10983.0,1273.0,1.0,0.0,0,0.0,5.0,0.9785565,-0.20597862,0.8660254,-0.5,2,0,0,1,11301.0,1,11832.0,1,10820.0,1,13054.0,1,0.0,1,10803.0,1,13857.0,1,14773.0,10751.953,10488.434,-531.0
84,2014-04-12,10793.0,1217.0,1.0,0.0,0,0.0,6.0,0.9785565,-0.20597862,0.8660254,-0.5,2,0,0,1,10983.0,1,11301.0,1,10484.0,1,12669.0,1,16344.0,1,10208.0,1,14247.0,1,13803.0,10844.372,10598.337,-318.0
84,2014-04-13,0.0,0.0,0.0,0.0,0,0.0,7.0,0.9785565,-0.20597862,0.8660254,-0.5,2,0,0,1,10793.0,1,10983.0,1,11832.0,1,11130.0,1,14256.0,1,10942.0,1,12830.0,1,11970.0,10823.823,10641.596,-190.0
84,2014-04-14,17967.0,1584.0,1.0,1.0,0,1.0,1.0,0.94732636,-0.32026985,0.8660254,-0.5,2,0,0,1,0.0,1,10793.0,1,11301.0,1,0.0,1,14742.0,1,10166.0,1,12087.0,1,12086.0,6494.294,8276.797,-10793.0
84,2014-04-15,17819.0,1645.0,1.0,1.0,0,1.0,2.0,0.94732636,-0.32026985,0.8660254,-0.5,2,0,0,1,17967.0,1,0.0,1,10983.0,1,10820.0,1,13054.0,1,0.0,1,9881.0,1,10540.0,11083.376,10430.175,17967.0
84,2014-04-16,17708.0,1778.0,1.0,1.0,0,1.0,3.0,0.94732636,-0.32026985,0.8660254,-0.5,2,0,0,1,17819.0,1,17967.0,1,10793.0,1,10484.0,1,12669.0,1,16344.0,1,0.0,1,0.0,13777.626,12072.136,-148.0
84,2014-04-17,16498.0,1696.0,1.0,1.0,0,1.0,4.0,0.94732636,-0.32026985,0.8660254,-0.5,2,0,0,1,17708.0,1,17819.0,1,0.0,1,11832.0,1,11130.0,1,14256.0,1,11632.0,1,10636.0,15349.775,13324.55,-111.0
84,2014-04-18,0.0,0.0,0.0,1.0,2,1.0,5.0,0.94732636,-0.32026985,0.8660254,-0.5,2,0,0,1,16498.0,1,17708.0,1,17967.0,1,11301.0,1,0.0,1,14742.0,1,10711.0,1,9853.0,15809.065,14029.762,-1210.0
84,2014-04-19,14517.0,1634.0,1.0,0.0,0,0.0,6.0,0.94732636,-0.32026985,0.8660254,-0.5,2,0,0,1,0.0,1,16498.0,1,17819.0,1,10983.0,1,10820.0,1,13054.0,1,10803.0,1,10475.0,9485.439,10912.036,-16498.0
84,2014-04-20,0.0,0.0,0.0,0.0,0,0.0,7.0,0.94732636,-0.32026985,0.8660254,-0.5,2,0,0,1,14517.0,1,0.0,1,17708.0,1,10793.0,1,10484.0,1,12669.0,1,10208.0,1,9769.0,11498.063,11713.14,14517.0
84,2014-04-21,0.0,0.0,0.0,0.0,2,1.0,1.0,0.9027978,-0.4300652,0.8660254,-0.5,2,0,0,1,0.0,1,14517.0,1,16498.0,1,0.0,1,11832.0,1,11130.0,1,10942.0,1,13020.0,6898.838,9110.22,-14517.0
84,2014-04-22,11158.0,1400.0,1.0,0.0,0,1.0,2.0,0.9027978,-0.4300652,0.8660254,-0.5,2,0,0,1,0.0,1,0.0,1,0.0,1,17967.0,1,11301.0,1,0.0,1,10166.0,1,13047.0,4139.3027,7085.7266,0.0
84,2014-04-23,10221.0,1328.0,1.0,0.0,0,1.0,3.0,0.9027978,-0.4300652,0.8660254,-0.5,2,0,0,1,11158.0,1,0.0,1,14517.0,1,17819.0,1,10983.0,1,10820.0,1,0.0,1,0.0,6946.7817,7990.6763,11158.0
84,2014-04-24,9614.0,1176.0,1.0,0.0,0,1.0,4.0,0.9027978,-0.4300652,0.8660254,-0.5,2,0,0,1,10221.0,1,11158.0,1,0.0,1,17708.0,1,10793.0,1,10484.0,1,16344.0,1,12745.0,8256.469,8486.304,-937.0
84,2014-04-25,10637.0,1288.0,1.0,0.0,0,1.0,5.0,0.9027978,-0.4300652,0.8660254,-0.5,2,0,0,1,9614.0,1,10221.0,1,0.0,1,16498.0,1,0.0,1,11832.0,1,14256.0,1,16295.0,8799.481,8736.902,-607.0
84,2014-04-26,10084.0,1177.0,1.0,0.0,0,0.0,6.0,0.9027978,-0.4300652,0.8660254,-0.5,2,0,0,1,10637.0,1,9614.0,1,11158.0,1,0.0,1,17967.0,1,11301.0,1,14742.0,1,14248.0,9534.489,9159.146,1023.0
84,2014-04-27,0.0,0.0,0.0,0.0,0,0.0,7.0,0.9027978,-0.4300652,0.8660254,-0.5,2,0,0,1,10084.0,1,10637.0,1,10221.0,1,14517.0,1,17819.0,1,10983.0,1,13054.0,1,13480.0,9754.293,9364.67,-553.0
84,2014-04-28,17691.0,1659.0,1.0,1.0,0,0.0,1.0,0.845596,-0.5338234,0.8660254,-0.5,2,0,0,1,0.0,1,10084.0,1,9614.0,1,0.0,1,17708.0,1,10793.0,1,12669.0,1,13245.0,5852.576,7283.632,-10084.0
84,2014-04-29,14354.0,1444.0,1.0,1.0,0,0.0,2.0,0.845596,-0.5338234,0.8660254,-0.5,2,0,0,1,17691.0,1,0.0,1,10637.0,1,0.0,1,16498.0,1,0.0,1,11130.0,1,9813.0,10587.945,9596.381,17691.0
84,2014-04-30,17598.0,1767.0,1.0,1.0,0,0.0,3.0,0.845596,-0.5338234,0.8660254,-0.5,2,0,1,1,14354.0,1,17691.0,1,10084.0,1,11158.0,1,0.0,1,17967.0,1,0.0,1,0.0,12094.367,10653.629,-3337.0
84,2014-05-01,0.0,0.0,0.0,1.0,1,0.0,4.0,0.845596,-0.5338234,0.5,-0.8660254,2,1,0,1,17598.0,1,14354.0,1,0.0,1,10221.0,1,14517.0,1,17819.0,1,10820.0,1,10639.0,14295.82,12196.822,3244.0
84,2014-05-02,17979.0,1771.0,1.0,1.0,0,0.0,5.0,0.845596,-0.5338234,0.5,-0.8660254,2,0,0,1,0.0,1,17598.0,1,17691.0,1,9614.0,1,0.0,1,17708.0,1,10484.0,1,9709.0,8577.492,9486.418,-17598.0
84,2014-05-03,11342.0,1326.0,1.0,0.0,0,0.0,6.0,0.845596,-0.5338234,0.5,-0.8660254,2,0,0,1,17979.0,1,0.0,1,14354.0,1,10637.0,1,0.0,1,16498.0,1,11832.0,1,11309.0,12338.096,11373.658,17979.0
84,2014-05-04,0.0,0.0,0.0,0.0,0,0.0,7.0,0.845596,-0.5338234,0.5,-0.8660254,2,0,0,1,11342.0,1,17979.0,1,17598.0,1,10084.0,1,11158.0,1,0.0,1,11301.0,1,10059.0,11939.657,11366.623,-6637.0
84,2014-05-05,19093.0,1812.0,1.0,1.0,0,0.0,1.0,0.7765239,-0.63008785,0.5,-0.8660254,2,0,0,1,0.0,1,11342.0,1,0.0,1,0.0,1,10221.0,1,14517.0,1,10983.0,1,11138.0,7163.7944,8840.707,-11342.0
84,2014-05-06,15382.0,1573.0,1.0,1.0,0,0.0,2.0,0.7765239,-0.63008785,0.5,-0.8660254,2,0,0,1,19093.0,1,0.0,1,17979.0,1,17691.0,1,9614.0,1,0.0,1,10793.0,1,10152.0,11935.477,11118.994,19093.0
84,2014-05-07,15201.0,1526.0,1.0,1.0,0,0.0,3.0,0.7765239,-0.63008785,0.5,-0.8660254,2,0,0,1,15382.0,1,19093.0,1,11342.0,1,14354.0,1,10637.0,1,0.0,1,0.0,1,0.0,13314.086,12066.329,-3711.0
84,2014-05-08,13063.0,1349.0,1.0,1.0,0,0.0,4.0,0.7765239,-0.63008785,0.5,-0.8660254,2,0,0,1,15201.0,1,15382.0,1,0.0,1,17598.0,1,10084.0,1,11158.0,1,17967.0,1,17525.0,14068.852,12762.923,-181.0
84,2014-05-09,13970.0,1459.0,1.0,1.0,0,0.0,5.0,0.7765239,-0.63008785,0.5,-0.8660254,2,0,0,1,13063.0,1,15201.0,1,19093.0,1,0.0,1,0.0,1,10221.0,1,17819.0,1,13857.0,13666.511,12829.606,-2138.0
84,2014-05-10,11383.0,1333.0,1.0,0.0,0,0.0,6.0,0.7765239,-0.63008785,0.5,-0.8660254,2,0,0,1,13970.0,1,13063.0,1,15382.0,1,17979.0,1,17691.0,1,9614.0,1,17708.0,1,14247.0,13787.906,13083.027,907.0
84,2014-05-11,0.0,0.0,0.0,0.0,0,0.0,7.0,0.7765239,-0.63008785,0.5,-0.8660254,2,0,0,1,11383.0,1,13970.0,1,15201.0,1,11342.0,1,14354.0,1,10637.0,1,16498.0,1,12830.0,12825.944,12705.243,-2587.0
84,2014-05-12,10505.0,1227.0,1.0,0.0,0,0.0,1.0,0.696551,-0.71750724,0.5,-0.8660254,2,0,0,1,0.0,1,11383.0,1,13063.0,1,0.0,1,17598.0,1,10084.0,1,0.0,1,12087.0,7695.5664,9881.855,-11383.0
84,2014-05-13,11031.0,1315.0,1.0,0.0,0,0.0,2.0,0.696551,-0.71750724,0.5,-0.8660254,2,0,0,1,10505.0,1,0.0,1,13970.0,1,19093.0,1,0.0,1,0.0,1,14517.0,1,9881.0,8819.34,10020.332,10505.0
84,2014-05-14,11465.0,1352.0,1.0,0.0,0,0.0,3.0,0.696551,-0.71750724,0.5,-0.8660254,2,0,0,1,11031.0,1,10505.0,1,11383.0,1,15382.0,1,17979.0,1,17691.0,1,0.0,1,0.0,9704.004,10244.925,526.0
84,2014-05-15,11098.0,1302.0,1.0,0.0,0,0.0,4.0,0.696551,-0.71750724,0.5,-0.8660254,2,0,0,1,11465.0,1,11031.0,1,0.0,1,15201.0,1,11342.0,1,14354.0,1,0.0,1,11632.0,10408.402,10516.053,434.0
84,2014-05-16,10615.0,1252.0,1.0,0.0,0,0.0,5.0,0.696551,-0.71750724,0.5,-0.8660254,2,0,0,1,11098.0,1,11465.0,1,10505.0,1,13063.0,1,0.0,1,17598.0,1,11158.0,1,10711.0,10684.241,10645.374,-367.0
84,2014-05-17,9931.0,1169.0,1.0,0.0,0,0.0,6.0,0.696551,-0.71750724,0.5,-0.8660254,2,0,0,1,10615.0,1,11098.0,1,11031.0,1,13970.0,1,19093.0,1,0.0,1,10221.0,1,10803.0,10656.545,10638.625,-483.0
84,2014-05-18,0.0,0.0,0.0,0.0,0,0.0,7.0,0.696551,-0.71750724,0.5,-0.8660254,2,0,0,1,9931.0,1,10615.0,1,11465.0,1,11383.0,1,15382.0,1,17979.0,1,9614.0,1,10208.0,10366.327,10481.375,-684.0
84,2014-05-19,16551.0,1594.0,1.0,1.0,0,0.0,1.0,0.60680014,-0.79485446,0.5,-0.8660254,2,0,0,1,0.0,1,9931.0,1,11098.0,1,0.0,1,15201.0,1,11342.0,1,10637.0,1,10942.0,6219.796,8152.18,-9931.0
84,2014-05-20,14377.0,1483.0,1.0,1.0,0,0.0,2.0,0.60680014,-0.79485446,0.5,-0.8660254,2,0,0,1,16551.0,1,0.0,1,10615.0,1,10505.0,1,13063.0,1,0.0,1,10084.0,1,10166.0,10352.277,10018.585,16551.0
84,2014-05-21,13966.0,1470.0,1.0,1.0,0,0.0,3.0,0.60680014,-0.79485446,0.5,-0.8660254,2,0,0,1,14377.0,1,16551.0,1,9931.0,1,11031.0,1,13970.0,1,19093.0,1,0.0,1,0.0,11962.167,10987.121,-2174.0
84,2014-05-22,12611.0,1413.0,1.0,1.0,0,0.0,4.0,0.60680014,-0.79485446,0.5,-0.8660254,2,0,0,1,13966.0,1,14377.0,1,0.0,1,11465.0,1,11383.0,1,15382.0,1,17691.0,1,16344.0,12763.7,11649.095,-411.0
84,2014-05-23,11794.0,1263.0,1.0,1.0,0,0.0,5.0,0.60680014,-0.79485446,0.5,-0.8660254,2,0,0,1,12611.0,1,13966.0,1,16551.0,1,11098.0,1,0.0,1,15201.0,1,14354.0,1,14256.0,12702.62,11862.852,-1355.0
84,2014-05-24,10582.0,1225.0,1.0,0.0,0,0.0,6.0,0.60680014,-0.79485446,0.5,-0.8660254,2,0,0,1,11794.0,1,12611.0,1,14377.0,1,10615.0,1,10505.0,1,13063.0,1,17598.0,1,14742.0,12339.172,11847.551,-817.0
84,2014-05-25,0.0,0.0,0.0,0.0,0,0.0,7.0,0.60680014,-0.79485446,0.5,-0.8660254,2,0,0,1,10582.0,1,11794.0,1,13966.0,1,9931.0,1,11031.0,1,13970.0,1,0.0,1,13054.0,11636.303,11566.317,-1212.0
84,2014-05-26,9205.0,1160.0,1.0,0.0,0,0.0,1.0,0.5085311,-0.86104363,0.5,-0.8660254,2,0,0,1,0.0,1,10582.0,1,12611.0,1,0.0,1,11465.0,1,11383.0,1,17979.0,1,12669.0,6981.7817,8996.024,-10582.0
84,2014-05-27,10283.0,1237.0,1.0,0.0,0,0.0,2.0,0.5085311,-0.86104363,0.5,-0.8660254,2,0,0,1,9205.0,1,0.0,1,11794.0,1,16551.0,1,11098.0,1,0.0,1,11342.0,1,11130.0,7871.0693,9042.464,9205.0
84,2014-05-28,12012.0,1333.0,1.0,0.0,0,0.0,3.0,0.5085311,-0.86104363,0.5,-0.8660254,2,0,0,1,10283.0,1,9205.0,1,10582.0,1,14377.0,1,10615.0,1,10505.0,1,0.0,1,0.0,8835.842,9318.139,1078.0
84,2014-05-29,0.0,0.0,0.0,0.0,1,0.0,4.0,0.5085311,-0.86104363,0.5,-0.8660254,2,0,0,1,12012.0,1,10283.0,1,0.0,1,13966.0,1,9931.0,1,11031.0,1,19093.0,1,10820.0,10106.305,9916.774,1729.0
84,2014-05-30,16148.0,1718.0,1.0,0.0,0,0.0,5.0,0.5085311,-0.86104363,0.5,-0.8660254,2,0,0,1,0.0,1,12012.0,1,9205.0,1,12611.0,1,0.0,1,11465.0,1,15382.0,1,10484.0,6063.7827,7713.047,-12012.0
84,2014-05-31,11239.0,1297.0,1.0,0.0,0,0.0,6.0,0.5085311,-0.86104363,0.5,-0.8660254,2,0,1,1,16148.0,1,0.0,1,10283.0,1,11794.0,1,16551.0,1,11098.0,1,15201.0,1,11832.0,10097.47,9587.48,16148.0
84,2014-06-01,0.0,0.0,0.0,0.0,0,0.0,7.0,0.5085311,-0.86104363,1.2246469e-16,-1.0,2,1,0,1,11239.0,1,16148.0,1,12012.0,1,10582.0,1,14377.0,1,10615.0,1,13063.0,1,11301.0,10554.082,9954.485,-4909.0
84,2014-06-02,20260.0,1842.0,1.0,1.0,0,0.0,1.0,0.40312344,-0.91514564,1.2246469e-16,-1.0,2,0,0,1,0.0,1,11239.0,1,0.0,1,0.0,1,13966.0,1,9931.0,1,13970.0,1,10983.0,6332.449,7742.3774,-11239.0
84,2014-06-03,16517.0,1670.0,1.0,1.0,0,0.0,2.0,0.40312344,-0.91514564,1.2246469e-16,-1.0,2,0,0,1,20260.0,1,0.0,1,16148.0,1,9205.0,1,12611.0,1,0.0,1,11383.0,1,10793.0,11903.47,10524.071,20260.0
84,2014-06-04,14565.0,1544.0,1.0,1.0,0,0.0,3.0,0.40312344,-0.91514564,1.2246469e-16,-1.0,2,0,0,1,16517.0,1,20260.0,1,11239.0,1,10283.0,1,11794.0,1,16551.0,1,0.0,1,0.0,13748.882,11855.833,-3743.0
84,2014-06-05,13161.0,1335.0,1.0,1.0,0,0.0,4.0,0.40312344,-0.91514564,1.2246469e-16,-1.0,2,0,0,1,14565.0,1,16517.0,1,0.0,1,12012.0,1,10582.0,1,14377.0,1,10505.0,1,17967.0,14075.329,12457.87,-1952.0
84,2014-06-06,15328.0,1567.0,1.0,1.0,0,0.0,5.0,0.40312344,-0.91514564,1.2246469e-16,-1.0,2,0,0,1,13161.0,1,14565.0,1,20260.0,1,0.0,1,0.0,1,13966.0,1,11031.0,1,17819.0,13709.598,12614.121,-1404.0
84,2014-06-07,11771.0,1317.0,1.0,0.0,0,0.0,6.0,0.40312344,-0.91514564,1.2246469e-16,-1.0,2,0,0,1,15328.0,1,13161.0,1,16517.0,1,16148.0,1,9205.0,1,12611.0,1,11465.0,1,17708.0,14356.958,13217.205,2167.0
84,2014-06-08,0.0,0.0,0.0,0.0,0,0.0,7.0,0.40312344,-0.91514564,1.2246469e-16,-1.0,2,0,0,1,11771.0,1,15328.0,1,14565.0,1,11239.0,1,10283.0,1,11794.0,1,11098.0,1,16498.0,13322.575,12895.826,-3557.0
84,2014-06-09,0.0,0.0,0.0,0.0,1,0.0,1.0,0.29205677,-0.956401,1.2246469e-16,-1.0,2,0,0,1,0.0,1,11771.0,1,13161.0,1,0.0,1,12012.0,1,10582.0,1,10615.0,1,0.0,7993.545,10030.087,-11771.0
84,2014-06-10,12981.0,1454.0,1.0,0.0,0,1.0,2.0,0.29205677,-0.956401,1.2246469e-16,-1.0,2,0,0,1,0.0,1,0.0,1,15328.0,1,20260.0,1,0.0,1,0.0,1,9931.0,1,14517.0,4796.127,7801.179,0.0
84,2014-06-11,12190.0,1430.0,1.0,0.0,0,0.0,3.0,0.29205677,-0.956401,1.2246469e-16,-1.0,2,0,0,1,12981.0,1,0.0,1,11771.0,1,16517.0,1,16148.0,1,9205.0,1,0.0,1,0.0,8070.076,8952.25,12981.0
84,2014-06-12,12666.0,1395.0,1.0,0.0,0,0.0,4.0,0.29205677,-0.956401,1.2246469e-16,-1.0,2,0,0,1,12190.0,1,12981.0,1,0.0,1,14565.0,1,11239.0,1,10283.0,1,16551.0,1,0.0,9718.046,9671.75,-791.0
84,2014-06-13,11620.0,1284.0,1.0,0.0,0,0.0,5.0,0.29205677,-0.956401,1.2246469e-16,-1.0,2,0,0,1,12666.0,1,12190.0,1,0.0,1,13161.0,1,0.0,1,12012.0,1,14377.0,1,11158.0,10897.228,10337.139,476.0
84,2014-06-14,11040.0,1249.0,1.0,0.0,0,0.0,6.0,0.29205677,-0.956401,1.2246469e-16,-1.0,2,0,0,1,11620.0,1,12666.0,1,12981.0,1,15328.0,1,20260.0,1,0.0,1,13966.0,1,10221.0,11186.337,10622.22,-1046.0
84,2014-06-15,0.0,0.0,0.0,0.0,0,0.0,7.0,0.29205677,-0.956401,1.2246469e-16,-1.0,2,0,0,1,11040.0,1,11620.0,1,12190.0,1,11771.0,1,16517.0,1,16148.0,1,12611.0,1,9614.0,11127.802,10715.06,-580.0
84,2014-06-16,18236.0,1683.0,1.0,1.0,0,0.0,1.0,0.17689027,-0.9842306,1.2246469e-16,-1.0,2,0,0,1,0.0,1,11040.0,1,12666.0,1,0.0,1,14565.0,1,11239.0,1,11794.0,1,10637.0,6676.681,8333.936,-11040.0
84,2014-06-17,15797.0,1563.0,1.0,1.0,0,0.0,2.0,0.17689027,-0.9842306,1.2246469e-16,-1.0,2,0,0,1,18236.0,1,0.0,1,11620.0,1,0.0,1,13161.0,1,0.0,1,10582.0,1,10084.0,11300.408,10534.394,18236.0
84,2014-06-18,16368.0,1734.0,1.0,1.0,0,0.0,3.0,0.17689027,-0.9842306,1.2246469e-16,-1.0,2,0,0,1,15797.0,1,18236.0,1,11040.0,1,12981.0,1,15328.0,1,20260.0,1,0.0,1,0.0,13099.045,11703.862,-2439.0
84,2014-06-19,0.0,0.0,0.0,1.0,1,0.0,4.0,0.17689027,-0.9842306,1.2246469e-16,-1.0,2,0,0,1,16368.0,1,15797.0,1,0.0,1,12190.0,1,11771.0,1,16517.0,1,9205.0,1,17691.0,14406.627,12740.337,571.0
84,2014-06-20,18048.0,1752.0,1.0,1.0,0,0.0,5.0,0.17689027,-0.9842306,1.2246469e-16,-1.0,2,0,0,1,0.0,1,16368.0,1,18236.0,1,12666.0,1,0.0,1,14565.0,1,10283.0,1,14354.0,8643.977,9909.151,-16368.0
84,2014-06-21,10929.0,1216.0,1.0,0.0,0,0.0,6.0,0.17689027,-0.9842306,1.2246469e-16,-1.0,2,0,0,1,18048.0,1,0.0,1,15797.0,1,11620.0,1,0.0,1,13161.0,1,12012.0,1,17598.0,12405.586,11717.784,18048.0
84,2014-06-22,0.0,0.0,0.0,0.0,0,0.0,7.0,0.17689027,-0.9842306,1.2246469e-16,-1.0,2,0,0,1,10929.0,1,18048.0,1,16368.0,1,11040.0,1,12981.0,1,15328.0,1,0.0,1,0.0,11814.951,11542.499,-7119.0
84,2014-06-23,11374.0,1327.0,1.0,0.0,0,0.0,1.0,0.059240628,-0.99824375,1.2246469e-16,-1.0,2,0,0,1,0.0,1,10929.0,1,0.0,1,0.0,1,12190.0,1,11771.0,1,16148.0,1,17979.0,7088.9707,8977.499,-10929.0
84,2014-06-24,10516.0,1288.0,1.0,0.0,0,0.0,2.0,0.059240628,-0.99824375,1.2246469e-16,-1.0,2,0,0,1,11374.0,1,0.0,1,18048.0,1,18236.0,1,12666.0,1,0.0,1,11239.0,1,11342.0,8802.982,9510.055,11374.0
84,2014-06-25,11657.0,1389.0,1.0,0.0,0,0.0,3.0,0.059240628,-0.99824375,1.2246469e-16,-1.0,2,0,0,1,10516.0,1,11374.0,1,10929.0,1,15797.0,1,11620.0,1,0.0,1,0.0,1,0.0,9488.189,9733.599,-858.0
84,2014-06-26,10897.0,1222.0,1.0,0.0,0,0.0,4.0,0.059240628,-0.99824375,1.2246469e-16,-1.0,2,0,0,1,11657.0,1,10516.0,1,0.0,1,16368.0,1,11040.0,1,12981.0,1,20260.0,1,19093.0,10355.714,10161.0205,1141.0
84,2014-06-27,11033.0,1235.0,1.0,0.0,0,0.0,5.0,0.059240628,-0.99824375,1.2246469e-16,-1.0,2,0,0,1,10897.0,1,11657.0,1,11374.0,1,0.0,1,0.0,1,12190.0,1,16517.0,1,15382.0,10572.229,10324.571,-760.0
84,2014-06-28,11519.0,1329.0,1.0,0.0,0,0.0,6.0,0.059240628,-0.99824375,1.2246469e-16,-1.0,2,0,0,1,11033.0,1,10897.0,1,10516.0,1,18048.0,1,18236.0,1,12666.0,1,14565.0,1,15201.0,10756.537,10482.0,136.0
84,2014-06-29,0.0,0.0,0.0,0.0,0,0.0,7.0,0.059240628,-0.99824375,1.2246469e-16,-1.0,2,0,0,1,11519.0,1,11033.0,1,11657.0,1,10929.0,1,15797.0,1,11620.0,1,13161.0,1,13063.0,11061.522,10712.444,486.0
84,2014-06-30,20831.0,1855.0,1.0,1.0,0,0.0,1.0,-0.059240628,-0.99824375,1.2246469e-16,-1.0,2,0,1,1,0.0,1,11519.0,1,10897.0,1,0.0,1,16368.0,1,11040.0,1,15328.0,1,13970.0,6636.913,8331.901,-11519.0
84,2014-07-01,17818.0,1642.0,1.0,1.0,0,0.0,2.0,-0.059240628,-0.99824375,-0.5,-0.8660254,3,1,0,1,20831.0,1,0.0,1,11033.0,1,11374.0,1,0.0,1,0.0,1,11771.0,1,11383.0,12314.548,11109.479,20831.0
84,2014-07-02,16835.0,1707.0,1.0,1.0,0,0.0,3.0,-0.059240628,-0.99824375,-0.5,-0.8660254,3,0,0,1,17818.0,1,20831.0,1,11519.0,1,10516.0,1,18048.0,1,18236.0,1,0.0,1,0.0,14515.929,12600.262,-3013.0
84,2014-07-03,14997.0,1555.0,1.0,1.0,0,0.0,4.0,-0.059240628,-0.99824375,-0.5,-0.8660254,3,0,0,1,16835.0,1,17818.0,1,0.0,1,11657.0,1,10929.0,1,15797.0,1,0.0,1,10505.0,15443.558,13541.314,-983.0
84,2014-07-04,12629.0,1383.0,1.0,1.0,0,0.0,5.0,-0.059240628,-0.99824375,-0.5,-0.8660254,3,0,0,1,14997.0,1,16835.0,1,20831.0,1,10897.0,1,0.0,1,16368.0,1,12981.0,1,11031.0,15264.935,13864.8,-1838.0
84,2014-07-05,11918.0,1281.0,1.0,0.0,0,0.0,6.0,-0.059240628,-0.99824375,-0.5,-0.8660254,3,0,0,1,12629.0,1,14997.0,1,17818.0,1,11033.0,1,11374.0,1,0.0,1,12190.0,1,11465.0,14210.561,13590.178,-2368.0
84,2014-07-06,0.0,0.0,0.0,0.0,0,0.0,7.0,-0.059240628,-0.99824375,-0.5,-0.8660254,3,0,0,1,11918.0,1,12629.0,1,16835.0,1,11519.0,1,10516.0,1,18048.0,1,12666.0,1,11098.0,13293.536,13218.583,-711.0
84,2014-07-07,12419.0,1412.0,1.0,0.0,0,1.0,1.0,-0.17689027,-0.9842306,-0.5,-0.8660254,3,0,0,1,0.0,1,11918.0,1,14997.0,1,0.0,1,11657.0,1,10929.0,1,11620.0,1,10615.0,7976.1216,10281.12,-11918.0
84,2014-07-08,8917.0,988.0,1.0,0.0,0,1.0,2.0,-0.17689027,-0.9842306,-0.5,-0.8660254,3,0,0,1,12419.0,1,0.0,1,12629.0,1,20831.0,1,10897.0,1,0.0,1,11040.0,1,9931.0,9753.273,10756.204,12419.0
84,2014-07-09,9891.0,1089.0,1.0,0.0,0,1.0,3.0,-0.17689027,-0.9842306,-0.5,-0.8660254,3,0,0,1,8917.0,1,12419.0,1,11918.0,1,17818.0,1,11033.0,1,11374.0,1,0.0,1,0.0,9418.764,10347.492,-3502.0
84,2014-07-10,11969.0,1338.0,1.0,0.0,0,1.0,4.0,-0.17689027,-0.9842306,-0.5,-0.8660254,3,0,0,1,9891.0,1,8917.0,1,0.0,1,16835.0,1,11519.0,1,10516.0,1,18236.0,1,16551.0,9607.658,10246.05,974.0
84,2014-07-11,11452.0,1248.0,1.0,0.0,0,1.0,5.0,-0.17689027,-0.9842306,-0.5,-0.8660254,3,0,0,1,11969.0,1,9891.0,1,12419.0,1,14997.0,1,0.0,1,11657.0,1,15797.0,1,14377.0,10552.195,10628.928,2078.0
84,2014-07-12,10564.0,1181.0,1.0,0.0,0,0.0,6.0,-0.17689027,-0.9842306,-0.5,-0.8660254,3,0,0,1,11452.0,1,11969.0,1,8917.0,1,12629.0,1,20831.0,1,10897.0,1,16368.0,1,13966.0,10912.117,10811.832,-517.0
84,2014-07-13,0.0,0.0,0.0,0.0,0,0.0,7.0,-0.17689027,-0.9842306,-0.5,-0.8660254,3,0,0,1,10564.0,1,11452.0,1,9891.0,1,11918.0,1,17818.0,1,11033.0,1,0.0,1,12611.0,10772.87,10756.759,-888.0
84,2014-07-14,17102.0,1478.0,1.0,1.0,0,1.0,1.0,-0.29205677,-0.956401,-0.5,-0.8660254,3,0,0,1,0.0,1,10564.0,1,11969.0,1,0.0,1,16835.0,1,11519.0,1,18048.0,1,11794.0,6463.722,8366.368,-10564.0
84,2014-07-15,15032.0,1434.0,1.0,1.0,0,1.0,2.0,-0.29205677,-0.956401,-0.5,-0.8660254,3,0,0,1,17102.0,1,0.0,1,11452.0,1,12419.0,1,14997.0,1,0.0,1,10929.0,1,10582.0,10719.033,10307.619,17102.0
84,2014-07-16,15546.0,1592.0,1.0,1.0,0,1.0,3.0,-0.29205677,-0.956401,-0.5,-0.8660254,3,0,0,1,15032.0,1,17102.0,1,10564.0,1,8917.0,1,12629.0,1,20831.0,1,0.0,1,0.0,12444.22,11357.481,-2070.0
84,2014-07-17,12870.0,1338.0,1.0,1.0,0,1.0,4.0,-0.29205677,-0.956401,-0.5,-0.8660254,3,0,0,1,15546.0,1,15032.0,1,0.0,1,9891.0,1,11918.0,1,17818.0,1,11374.0,1,9205.0,13684.932,12288.264,514.0
84,2014-07-18,12229.0,1278.0,1.0,1.0,0,1.0,5.0,-0.29205677,-0.956401,-0.5,-0.8660254,3,0,0,1,12870.0,1,15546.0,1,17102.0,1,11969.0,1,0.0,1,16835.0,1,10516.0,1,10283.0,13358.959,12417.538,-2676.0
84,2014-07-19,9433.0,1099.0,1.0,0.0,0,0.0,6.0,-0.29205677,-0.956401,-0.5,-0.8660254,3,0,0,1,12229.0,1,12870.0,1,15032.0,1,11452.0,1,12419.0,1,14997.0,1,11657.0,1,12012.0,12906.976,12375.641,-641.0
84,2014-07-20,0.0,0.0,0.0,0.0,0,0.0,7.0,-0.29205677,-0.956401,-0.5,-0.8660254,3,0,0,1,9433.0,1,12229.0,1,15546.0,1,10564.0,1,8917.0,1,12629.0,1,10897.0,1,0.0,11517.386,11721.721,-2796.0
84,2014-07-21,10652.0,1125.0,1.0,0.0,0,1.0,1.0,-0.40312344,-0.91514564,-0.5,-0.8660254,3,0,0,1,0.0,1,9433.0,1,12870.0,1,0.0,1,9891.0,1,11918.0,1,11033.0,1,16148.0,6910.431,9116.894,-9433.0
84,2014-07-22,10365.0,1180.0,1.0,0.0,0,1.0,2.0,-0.40312344,-0.91514564,-0.5,-0.8660254,3,0,0,1,10652.0,1,0.0,1,12229.0,1,17102.0,1,11969.0,1,0.0,1,11519.0,1,11239.0,8407.059,9458.028,10652.0
84,2014-07-23,10449.0,1243.0,1.0,0.0,0,1.0,3.0,-0.40312344,-0.91514564,-0.5,-0.8660254,3,0,0,1,10365.0,1,10652.0,1,9433.0,1,15032.0,1,11452.0,1,12419.0,1,0.0,1,0.0,9190.235,9659.578,-287.0
84,2014-07-24,10097.0,1137.0,1.0,0.0,0,1.0,4.0,-0.40312344,-0.91514564,-0.5,-0.8660254,3,0,0,1,10449.0,1,10365.0,1,0.0,1,15546.0,1,10564.0,1,8917.0,1,20831.0,1,20260.0,9693.741,9835.005,84.0
84,2014-07-25,9779.0,1024.0,1.0,0.0,0,1.0,5.0,-0.40312344,-0.91514564,-0.5,-0.8660254,3,0,0,1,10097.0,1,10449.0,1,10652.0,1,12870.0,1,0.0,1,9891.0,1,17818.0,1,16517.0,9855.045,9893.226,-352.0
84,2014-07-26,9970.0,1139.0,1.0,0.0,0,0.0,6.0,-0.40312344,-0.91514564,-0.5,-0.8660254,3,0,0,1,9779.0,1,10097.0,1,10365.0,1,12229.0,1,17102.0,1,11969.0,1,16835.0,1,14565.0,9824.627,9867.843,-318.0
84,2014-07-27,0.0,0.0,0.0,0.0,0,0.0,7.0,-0.40312344,-0.91514564,-0.5,-0.8660254,3,0,0,1,9970.0,1,9779.0,1,10449.0,1,9433.0,1,15032.0,1,11452.0,1,14997.0,1,13161.0,9882.776,9890.544,191.0
84,2014-07-28,15095.0,1381.0,1.0,1.0,0,1.0,1.0,-0.5085311,-0.86104363,-0.5,-0.8660254,3,0,0,1,0.0,1,9970.0,1,10097.0,1,0.0,1,15546.0,1,10564.0,1,12629.0,1,15328.0,5929.6655,7692.6455,-9970.0
84,2014-07-29,9218.0,1052.0,1.0,1.0,0,1.0,2.0,-0.5085311,-0.86104363,-0.5,-0.8660254,3,0,0,1,15095.0,1,0.0,1,9779.0,1,10652.0,1,12870.0,1,0.0,1,11918.0,1,11771.0,9595.8,9337.613,15095.0
84,2014-07-30,12876.0,1437.0,1.0,1.0,0,1.0,3.0,-0.5085311,-0.86104363,-0.5,-0.8660254,3,0,0,1,9218.0,1,15095.0,1,9970.0,1,10365.0,1,12229.0,1,17102.0,1,0.0,1,0.0,9444.68,9311.032,-5877.0
84,2014-07-31,14679.0,1515.0,1.0,1.0,0,1.0,4.0,-0.5085311,-0.86104363,-0.5,-0.8660254,3,0,1,1,12876.0,1,9218.0,1,0.0,1,10449.0,1,9433.0,1,15032.0,1,12419.0,1,0.0,10817.208,10103.247,3658.0
84,2014-08-01,13569.0,1474.0,1.0,1.0,0,1.0,5.0,-0.5085311,-0.86104363,-0.8660254,-0.5,3,1,0,1,14679.0,1,12876.0,1,15095.0,1,10097.0,1,0.0,1,15546.0,1,8917.0,1,12981.0,12361.925,11120.081,1803.0
84,2014-08-02,10659.0,1244.0,1.0,0.0,0,0.0,6.0,-0.5085311,-0.86104363,-0.8660254,-0.5,3,0,0,1,13569.0,1,14679.0,1,9218.0,1,9779.0,1,10652.0,1,12870.0,1,9891.0,1,12190.0,12844.755,11664.285,-1110.0
84,2014-08-03,0.0,0.0,0.0,0.0,0,0.0,7.0,-0.5085311,-0.86104363,-0.8660254,-0.5,3,0,0,1,10659.0,1,13569.0,1,12876.0,1,9970.0,1,10365.0,1,12229.0,1,11969.0,1,12666.0,11970.453,11440.889,-2910.0
84,2014-08-04,17128.0,1698.0,1.0,1.0,0,1.0,1.0,-0.60680014,-0.79485446,-0.8660254,-0.5,3,0,0,1,0.0,1,10659.0,1,14679.0,1,0.0,1,10449.0,1,9433.0,1,11452.0,1,11620.0,7182.2715,8898.469,-10659.0
84,2014-08-05,14226.0,1517.0,1.0,1.0,0,1.0,2.0,-0.60680014,-0.79485446,-0.8660254,-0.5,3,0,0,1,17128.0,1,0.0,1,13569.0,1,15095.0,1,10097.0,1,0.0,1,10564.0,1,11040.0,11160.563,10727.254,17128.0
84,2014-08-06,13120.0,1471.0,1.0,1.0,0,1.0,3.0,-0.60680014,-0.79485446,-0.8660254,-0.5,3,0,0,1,14226.0,1,17128.0,1,10659.0,1,9218.0,1,9779.0,1,10652.0,1,0.0,1,0.0,12386.738,11504.753,-2902.0
84,2014-08-07,12336.0,1374.0,1.0,1.0,0,1.0,4.0,-0.60680014,-0.79485446,-0.8660254,-0.5,3,0,0,1,13120.0,1,14226.0,1,0.0,1,12876.0,1,9970.0,1,10365.0,1,17102.0,1,18236.0,12680.043,11863.696,-1106.0
84,2014-08-08,12634.0,1322.0,1.0,1.0,0,1.0,5.0,-0.60680014,-0.79485446,-0.8660254,-0.5,3,0,0,1,12336.0,1,13120.0,1,17128.0,1,14679.0,1,0.0,1,10449.0,1,15032.0,1,15797.0,12542.426,11968.653,-784.0
84,2014-08-09,9355.0,1121.0,1.0,0.0,0,0.0,6.0,-0.60680014,-0.79485446,-0.8660254,-0.5,3,0,0,1,12634.0,1,12336.0,1,14226.0,1,13569.0,1,15095.0,1,10097.0,1,15546.0,1,16368.0,12579.056,12116.508,298.0
84,2014-08-10,0.0,0.0,0.0,0.0,0,0.0,7.0,-0.60680014,-0.79485446,-0.8660254,-0.5,3,0,0,1,9355.0,1,12634.0,1,13120.0,1,10659.0,1,9218.0,1,9779.0,1,12870.0,1,0.0,11289.434,11502.84,-3279.0
84,2014-08-11,11567.0,1371.0,1.0,0.0,0,1.0,1.0,-0.696551,-0.71750724,-0.8660254,-0.5,3,0,0,1,0.0,1,9355.0,1,12336.0,1,0.0,1,12876.0,1,9970.0,1,12229.0,1,18048.0,6773.66,8946.653,-9355.0
84,2014-08-12,10754.0,1243.0,1.0,0.0,0,1.0,2.0,-0.696551,-0.71750724,-0.8660254,-0.5,3,0,0,1,11567.0,1,0.0,1,12634.0,1,17128.0,1,14679.0,1,0.0,1,9433.0,1,10929.0,8690.996,9528.952,11567.0
84,2014-08-13,12247.0,1433.0,1.0,0.0,0,1.0,3.0,-0.696551,-0.71750724,-0.8660254,-0.5,3,0,0,1,10754.0,1,11567.0,1,9355.0,1,14226.0,1,13569.0,1,15095.0,1,0.0,1,0.0,9516.197,9801.186,-813.0
84,2014-08-14,10124.0,1206.0,1.0,0.0,0,1.0,4.0,-0.696551,-0.71750724,-0.8660254,-0.5,3,0,0,1,12247.0,1,10754.0,1,0.0,1,13120.0,1,10659.0,1,9218.0,1,10652.0,1,11374.0,10608.519,10344.699,1493.0
84,2014-08-15,11185.0,1241.0,1.0,0.0,0,1.0,5.0,-0.696551,-0.71750724,-0.8660254,-0.5,3,0,0,1,10124.0,1,12247.0,1,11567.0,1,12336.0,1,0.0,1,12876.0,1,10365.0,1,10516.0,10414.711,10295.655,-2123.0
84,2014-08-16,10929.0,1202.0,1.0,0.0,0,0.0,6.0,-0.696551,-0.71750724,-0.8660254,-0.5,3,0,0,1,11185.0,1,10124.0,1,10754.0,1,12634.0,1,17128.0,1,14679.0,1,10449.0,1,11657.0,10722.827,10493.287,1061.0
84,2014-08-17,0.0,0.0,0.0,0.0,0,0.0,7.0,-0.696551,-0.71750724,-0.8660254,-0.5,3,0,0,1,10929.0,1,11185.0,1,12247.0,1,9355.0,1,14226.0,1,13569.0,1,10097.0,1,10897.0,10805.296,10590.112,-256.0
84,2014-08-18,18712.0,1821.0,1.0,1.0,0,1.0,1.0,-0.7765239,-0.63008785,-0.8660254,-0.5,3,0,0,1,0.0,1,10929.0,1,10124.0,1,0.0,1,13120.0,1,10659.0,1,9779.0,1,11033.0,6483.1777,8236.754,-10929.0
84,2014-08-19,17255.0,1784.0,1.0,1.0,0,1.0,2.0,-0.7765239,-0.63008785,-0.8660254,-0.5,3,0,0,1,18712.0,1,0.0,1,11185.0,1,11567.0,1,12336.0,1,0.0,1,9970.0,1,11519.0,11374.707,10564.587,18712.0
84,2014-08-20,15886.0,1789.0,1.0,1.0,0,0.0,3.0,-0.7765239,-0.63008785,-0.8660254,-0.5,3,0,0,1,17255.0,1,18712.0,1,10929.0,1,10754.0,1,12634.0,1,17128.0,1,0.0,1,0.0,13726.824,12051.345,-1457.0
84,2014-08-21,13633.0,1520.0,1.0,1.0,0,0.0,4.0,-0.7765239,-0.63008785,-0.8660254,-0.5,3,0,0,1,15886.0,1,17255.0,1,0.0,1,12247.0,1,9355.0,1,14226.0,1,15095.0,1,20831.0,14590.494,12903.49,-1369.0
84,2014-08-22,12409.0,1456.0,1.0,1.0,0,0.0,5.0,-0.7765239,-0.63008785,-0.8660254,-0.5,3,0,0,1,13633.0,1,15886.0,1,18712.0,1,10124.0,1,0.0,1,13120.0,1,9218.0,1,17818.0,14207.497,13065.604,-2253.0
84,2014-08-23,10275.0,1278.0,1.0,0.0,0,0.0,6.0,-0.7765239,-0.63008785,-0.8660254,-0.5,3,0,0,1,12409.0,1,13633.0,1,17255.0,1,11185.0,1,11567.0,1,12336.0,1,12876.0,1,16835.0,13488.098,12919.691,-1224.0
84,2014-08-24,0.0,0.0,0.0,0.0,0,0.0,7.0,-0.7765239,-0.63008785,-0.8660254,-0.5,3,0,0,1,10275.0,1,12409.0,1,15886.0,1,10929.0,1,10754.0,1,12634.0,1,14679.0,1,14997.0,12202.858,12331.982,-2134.0
84,2014-08-25,7265.0,1195.0,1.0,0.0,0,0.0,1.0,-0.845596,-0.5338234,-0.8660254,-0.5,3,0,0,1,0.0,1,10275.0,1,13633.0,1,0.0,1,12247.0,1,9355.0,1,13569.0,1,12629.0,7321.7153,9591.542,-10275.0
84,2014-08-26,11377.0,1443.0,1.0,0.0,0,0.0,2.0,-0.845596,-0.5338234,-0.8660254,-0.5,3,0,0,1,7265.0,1,0.0,1,12409.0,1,18712.0,1,10124.0,1,0.0,1,10659.0,1,11918.0,7299.0293,9074.532,7265.0
84,2014-08-27,11590.0,1452.0,1.0,0.0,0,0.0,3.0,-0.845596,-0.5338234,-0.8660254,-0.5,3,0,0,1,11377.0,1,7265.0,1,10275.0,1,17255.0,1,11185.0,1,11567.0,1,0.0,1,0.0,8930.218,9586.192,4112.0
84,2014-08-28,10547.0,1295.0,1.0,0.0,0,0.0,4.0,-0.845596,-0.5338234,-0.8660254,-0.5,3,0,0,1,11590.0,1,11377.0,1,0.0,1,15886.0,1,10929.0,1,10754.0,1,17128.0,1,12419.0,9994.131,10031.482,213.0
84,2014-08-29,13610.0,1440.0,1.0,0.0,0,0.0,5.0,-0.845596,-0.5338234,-0.8660254,-0.5,3,0,0,1,10547.0,1,11590.0,1,7265.0,1,13633.0,1,0.0,1,12247.0,1,14226.0,1,8917.0,10215.278,10146.042,-1043.0
84,2014-08-30,11410.0,1249.0,1.0,0.0,0,0.0,6.0,-0.845596,-0.5338234,-0.8660254,-0.5,3,0,0,1,13610.0,1,10547.0,1,11377.0,1,12409.0,1,18712.0,1,10124.0,1,13120.0,1,9891.0,11573.167,10915.811,3063.0
84,2014-08-31,0.0,0.0,0.0,0.0,0,0.0,7.0,-0.845596,-0.5338234,-0.8660254,-0.5,3,0,1,1,11410.0,1,13610.0,1,11590.0,1,10275.0,1,17255.0,1,11185.0,1,12336.0,1,11969.0,11507.9,11025.631,-2200.0
84,2014-09-01,19492.0,1894.0,1.0,1.0,0,0.0,1.0,-0.9027978,-0.4300652,-1.0,-1.8369701e-16,3,1,0,1,0.0,1,11410.0,1,10547.0,1,0.0,1,15886.0,1,10929.0,1,12634.0,1,11452.0,6904.74,8575.49,-11410.0
84,2014-09-02,15460.0,1542.0,1.0,1.0,0,0.0,2.0,-0.9027978,-0.4300652,-1.0,-1.8369701e-16,3,0,0,1,19492.0,1,0.0,1,13610.0,1,7265.0,1,13633.0,1,0.0,1,9355.0,1,10564.0,11939.645,11001.382,19492.0
84,2014-09-03,15761.0,1656.0,1.0,1.0,0,0.0,3.0,-0.9027978,-0.4300652,-1.0,-1.8369701e-16,3,0,0,1,15460.0,1,19492.0,1,11410.0,1,11377.0,1,12409.0,1,18712.0,1,0.0,1,0.0,13347.786,11992.186,-4032.0
84,2014-09-04,13834.0,1466.0,1.0,1.0,0,0.0,4.0,-0.9027978,-0.4300652,-1.0,-1.8369701e-16,3,0,0,1,15761.0,1,15460.0,1,0.0,1,11590.0,1,10275.0,1,17255.0,1,11567.0,1,17102.0,14313.072,12829.7,301.0
84,2014-09-05,12205.0,1424.0,1.0,1.0,0,0.0,5.0,-0.9027978,-0.4300652,-1.0,-1.8369701e-16,3,0,0,1,13834.0,1,15761.0,1,19492.0,1,10547.0,1,0.0,1,15886.0,1,10754.0,1,15032.0,14121.443,13052.878,-1927.0
84,2014-09-06,10009.0,1218.0,1.0,0.0,0,0.0,6.0,-0.9027978,-0.4300652,-1.0,-1.8369701e-16,3,0,0,1,12205.0,1,13834.0,1,15460.0,1,13610.0,1,7265.0,1,13633.0,1,12247.0,1,15546.0,13354.866,12864.46,-1629.0
84,2014-09-07,0.0,0.0,0.0,0.0,0,0.0,7.0,-0.9027978,-0.4300652,-1.0,-1.8369701e-16,3,0,0,1,10009.0,1,12205.0,1,15761.0,1,11410.0,1,11377.0,1,12409.0,1,10124.0,1,12870.0,12016.52,12229.914,-2196.0
84,2014-09-08,11079.0,1347.0,1.0,0.0,0,0.0,1.0,-0.94732636,-0.32026985,-1.0,-1.8369701e-16,3,0,0,1,0.0,1,10009.0,1,13834.0,1,0.0,1,11590.0,1,10275.0,1,11185.0,1,12229.0,7209.9116,9512.155,-10009.0
84,2014-09-09,10110.0,1252.0,1.0,0.0,0,0.0,2.0,-0.94732636,-0.32026985,-1.0,-1.8369701e-16,3,0,0,1,11079.0,1,0.0,1,12205.0,1,19492.0,1,10547.0,1,0.0,1,10929.0,1,9433.0,8757.547,9860.343,11079.0
84,2014-09-10,10802.0,1402.0,1.0,0.0,0,0.0,3.0,-0.94732636,-0.32026985,-1.0,-1.8369701e-16,3,0,0,1,10110.0,1,11079.0,1,10009.0,1,15460.0,1,13610.0,1,7265.0,1,0.0,1,0.0,9298.528,9915.822,-969.0
84,2014-09-11,10095.0,1270.0,1.0,0.0,0,0.0,4.0,-0.94732636,-0.32026985,-1.0,-1.8369701e-16,3,0,0,1,10802.0,1,10110.0,1,0.0,1,15761.0,1,11410.0,1,11377.0,1,18712.0,1,10652.0,9899.917,10112.751,692.0
84,2014-09-12,10884.0,1307.0,1.0,0.0,0,0.0,5.0,-0.94732636,-0.32026985,-1.0,-1.8369701e-16,3,0,0,1,10095.0,1,10802.0,1,11079.0,1,13834.0,1,0.0,1,11590.0,1,17255.0,1,10365.0,9977.95,10108.806,-707.0
84,2014-09-13,10923.0,1230.0,1.0,0.0,0,0.0,6.0,-0.94732636,-0.32026985,-1.0,-1.8369701e-16,3,0,0,1,10884.0,1,10095.0,1,10110.0,1,12205.0,1,19492.0,1,10547.0,1,15886.0,1,10449.0,10340.37,10281.071,789.0
84,2014-09-14,0.0,0.0,0.0,0.0,0,0.0,7.0,-0.94732636,-0.32026985,-1.0,-1.8369701e-16,3,0,0,1,10923.0,1,10884.0,1,10802.0,1,10009.0,1,15460.0,1,13610.0,1,13633.0,1,10097.0,10573.422,10423.722,39.0
84,2014-09-15,18088.0,1729.0,1.0,1.0,0,0.0,1.0,-0.9785565,-0.20597862,-1.0,-1.8369701e-16,3,0,0,1,0.0,1,10923.0,1,10095.0,1,0.0,1,15761.0,1,11410.0,1,12409.0,1,9779.0,6344.053,8107.3394,-10923.0
84,2014-09-16,14271.0,1465.0,1.0,1.0,0,0.0,2.0,-0.9785565,-0.20597862,-1.0,-1.8369701e-16,3,0,0,1,18088.0,1,0.0,1,10884.0,1,11079.0,1,13834.0,1,0.0,1,10275.0,1,9970.0,11041.632,10325.264,18088.0
84,2014-09-17,13425.0,1473.0,1.0,1.0,0,0.0,3.0,-0.9785565,-0.20597862,-1.0,-1.8369701e-16,3,0,0,1,14271.0,1,18088.0,1,10923.0,1,10110.0,1,12205.0,1,19492.0,1,0.0,1,0.0,12333.379,11202.095,-3817.0
84,2014-09-18,12389.0,1402.0,1.0,1.0,0,0.0,4.0,-0.9785565,-0.20597862,-1.0,-1.8369701e-16,3,0,0,1,13425.0,1,14271.0,1,0.0,1,10802.0,1,10009.0,1,15460.0,1,7265.0,1,15095.0,12770.027,11696.073,-846.0
84,2014-09-19,11943.0,1358.0,1.0,1.0,0,0.0,5.0,-0.9785565,-0.20597862,-1.0,-1.8369701e-16,3,0,0,1,12389.0,1,13425.0,1,18088.0,1,10095.0,1,0.0,1,15761.0,1,11377.0,1,9218.0,12617.616,11850.057,-1036.0
84,2014-09-20,9831.0,1155.0,1.0,0.0,0,0.0,6.0,-0.9785565,-0.20597862,-1.0,-1.8369701e-16,3,0,0,1,11943.0,1,12389.0,1,14271.0,1,10884.0,1,11079.0,1,13834.0,1,11590.0,1,12876.0,12347.77,11870.711,-446.0
84,2014-09-21,0.0,0.0,0.0,0.0,0,0.0,7.0,-0.9785565,-0.20597862,-1.0,-1.8369701e-16,3,0,0,1,9831.0,1,11943.0,1,13425.0,1,10923.0,1,10110.0,1,12205.0,1,10547.0,1,14679.0,11341.062,11417.441,-2112.0
84,2014-09-22,9613.0,1158.0,1.0,0.0,0,0.0,1.0,-0.9960498,-0.08879589,-1.0,-1.8369701e-16,3,0,0,1,0.0,1,9831.0,1,12389.0,1,0.0,1,10802.0,1,10009.0,1,13610.0,1,13569.0,6804.637,8880.232,-9831.0
84,2014-09-23,9378.0,1177.0,1.0,0.0,0,0.0,2.0,-0.9960498,-0.08879589,-1.0,-1.8369701e-16,3,0,0,1,9613.0,1,0.0,1,11943.0,1,18088.0,1,10095.0,1,0.0,1,11410.0,1,10659.0,7927.9824,9043.069,9613.0
84,2014-09-24,10133.0,1295.0,1.0,0.0,0,0.0,3.0,-0.9960498,-0.08879589,-1.0,-1.8369701e-16,3,0,0,1,9378.0,1,9613.0,1,9831.0,1,14271.0,1,10884.0,1,11079.0,1,0.0,1,0.0,8507.989,9117.499,-235.0
84,2014-09-25,9267.0,1163.0,1.0,0.0,0,0.0,4.0,-0.9960498,-0.08879589,-1.0,-1.8369701e-16,3,0,0,1,10133.0,1,9378.0,1,0.0,1,13425.0,1,10923.0,1,10110.0,1,19492.0,1,17128.0,9157.993,9343.166,755.0
84,2014-09-26,9967.0,1179.0,1.0,0.0,0,0.0,5.0,-0.9960498,-0.08879589,-1.0,-1.8369701e-16,3,0,0,1,9267.0,1,10133.0,1,9613.0,1,12389.0,1,0.0,1,10802.0,1,15460.0,1,14226.0,9201.596,9326.24,-866.0
84,2014-09-27,9734.0,1205.0,1.0,0.0,0,0.0,6.0,-0.9960498,-0.08879589,-1.0,-1.8369701e-16,3,0,0,1,9967.0,1,9267.0,1,9378.0,1,11943.0,1,18088.0,1,10095.0,1,15761.0,1,13120.0,9507.758,9468.631,700.0
84,2014-09-28,0.0,0.0,0.0,0.0,0,0.0,7.0,-0.9960498,-0.08879589,-1.0,-1.8369701e-16,3,0,0,1,9734.0,1,9967.0,1,10133.0,1,9831.0,1,14271.0,1,10884.0,1,13834.0,1,12336.0,9598.255,9527.602,-233.0
84,2014-09-29,16615.0,1595.0,1.0,1.0,0,0.0,1.0,-0.99956083,0.029633328,-1.0,-1.8369701e-16,3,0,0,1,0.0,1,9734.0,1,9267.0,1,0.0,1,13425.0,1,10923.0,1,12205.0,1,12634.0,5758.9526,7410.357,-9734.0
84,2014-09-30,17189.0,1663.0,1.0,1.0,0,0.0,2.0,-0.99956083,0.029633328,-1.0,-1.8369701e-16,3,0,1,1,16615.0,1,0.0,1,9967.0,1,9613.0,1,12389.0,1,0.0,1,10009.0,1,9355.0,10101.372,9455.833,16615.0
84,2014-10-01,16733.0,1689.0,1.0,1.0,0,0.0,3.0,-0.99956083,0.029633328,-0.8660254,0.5,4,1,0,1,17189.0,1,16615.0,1,9734.0,1,9378.0,1,11943.0,1,18088.0,1,0.0,1,0.0,12936.423,11174.314,574.0
84,2014-10-02,15453.0,1654.0,1.0,1.0,0,0.0,4.0,-0.99956083,0.029633328,-0.8660254,0.5,4,0,0,1,16733.0,1,17189.0,1,0.0,1,10133.0,1,9831.0,1,14271.0,1,11079.0,1,11567.0,14455.054,12409.578,-456.0
84,2014-10-03,0.0,0.0,0.0,1.0,1,0.0,5.0,-0.99956083,0.029633328,-0.8660254,0.5,4,0,0,1,15453.0,1,16733.0,1,16615.0,1,9267.0,1,0.0,1,13425.0,1,10110.0,1,10754.0,14854.232,13085.895,-1280.0
84,2014-10-04,12622.0,1430.0,1.0,0.0,0,0.0,6.0,-0.99956083,0.029633328,-0.8660254,0.5,4,0,0,1,0.0,1,15453.0,1,17189.0,1,9967.0,1,9613.0,1,12389.0,1,10802.0,1,12247.0,8912.539,10177.918,-15453.0
84,2014-10-05,0.0,0.0,0.0,0.0,0,0.0,7.0,-0.99956083,0.029633328,-0.8660254,0.5,4,0,0,1,12622.0,1,0.0,1,16733.0,1,9734.0,1,9378.0,1,11943.0,1,10095.0,1,10124.0,10396.323,10721.047,12622.0
84,2014-10-06,17478.0,1674.0,1.0,1.0,0,1.0,1.0,-0.9890402,0.14764656,-0.8660254,0.5,4,0,0,1,0.0,1,12622.0,1,15453.0,1,0.0,1,10133.0,1,9831.0,1,10884.0,1,11185.0,6237.794,8338.592,-12622.0
84,2014-10-07,13579.0,1340.0,1.0,1.0,0,1.0,2.0,-0.9890402,0.14764656,-0.8660254,0.5,4,0,0,1,17478.0,1,0.0,1,0.0,1,16615.0,1,9267.0,1,0.0,1,10923.0,1,10929.0,10733.877,10369.571,17478.0
84,2014-10-08,13412.0,1497.0,1.0,1.0,0,1.0,3.0,-0.9890402,0.14764656,-0.8660254,0.5,4,0,0,1,13579.0,1,17478.0,1,12622.0,1,17189.0,1,9967.0,1,9613.0,1,0.0,1,0.0,11871.926,11082.778,-3899.0
84,2014-10-09,12481.0,1355.0,1.0,1.0,0,1.0,4.0,-0.9890402,0.14764656,-0.8660254,0.5,4,0,0,1,13412.0,1,13579.0,1,0.0,1,16733.0,1,9734.0,1,9378.0,1,18088.0,1,18712.0,12487.955,11600.383,-167.0
84,2014-10-10,12062.0,1333.0,1.0,1.0,0,1.0,5.0,-0.9890402,0.14764656,-0.8660254,0.5,4,0,0,1,12481.0,1,13412.0,1,17478.0,1,15453.0,1,0.0,1,10133.0,1,14271.0,1,17255.0,12485.173,11796.075,-931.0
84,2014-10-11,9908.0,1170.0,1.0,0.0,0,0.0,6.0,-0.9890402,0.14764656,-0.8660254,0.5,4,0,0,1,12062.0,1,12481.0,1,13579.0,1,0.0,1,16615.0,1,9267.0,1,13425.0,1,15886.0,12315.904,11855.17,-419.0
84,2014-10-12,0.0,0.0,0.0,0.0,0,0.0,7.0,-0.9890402,0.14764656,-0.8660254,0.5,4,0,0,1,9908.0,1,12062.0,1,13412.0,1,12622.0,1,17189.0,1,9967.0,1,12389.0,1,13633.0,11352.742,11422.466,-2154.0
84,2014-10-13,10384.0,1241.0,1.0,0.0,0,1.0,1.0,-0.9646356,0.26358718,-0.8660254,0.5,4,0,0,1,0.0,1,9908.0,1,12481.0,1,0.0,1,16733.0,1,9734.0,1,11943.0,1,12409.0,6811.6455,8884.14,-9908.0
84,2014-10-14,10446.0,1247.0,1.0,0.0,0,1.0,2.0,-0.9646356,0.26358718,-0.8660254,0.5,4,0,0,1,10384.0,1,0.0,1,12062.0,1,17478.0,1,15453.0,1,0.0,1,9831.0,1,10275.0,8240.587,9217.442,10384.0
84,2014-10-15,10396.0,1287.0,1.0,0.0,0,1.0,3.0,-0.9646356,0.26358718,-0.8660254,0.5,4,0,0,1,10446.0,1,10384.0,1,9908.0,1,13579.0,1,0.0,1,16615.0,1,0.0,1,0.0,9122.752,9490.455,62.0
84,2014-10-16,8792.0,1106.0,1.0,0.0,0,1.0,4.0,-0.9646356,0.26358718,-0.8660254,0.5,4,0,0,1,10396.0,1,10446.0,1,0.0,1,13412.0,1,12622.0,1,17189.0,1,9613.0,1,7265.0,9632.052,9691.6875,-50.0
84,2014-10-17,10228.0,1239.0,1.0,0.0,0,1.0,5.0,-0.9646356,0.26358718,-0.8660254,0.5,4,0,0,1,8792.0,1,10396.0,1,10384.0,1,12481.0,1,0.0,1,16733.0,1,9378.0,1,11377.0,9296.031,9491.757,-1604.0
84,2014-10-18,10138.0,1212.0,1.0,0.0,0,0.0,6.0,-0.9646356,0.26358718,-0.8660254,0.5,4,0,0,1,10228.0,1,8792.0,1,10446.0,1,12062.0,1,17478.0,1,15453.0,1,10133.0,1,11590.0,9668.818,9655.366,1436.0
84,2014-10-19,0.0,0.0,0.0,0.0,0,0.0,7.0,-0.9646356,0.26358718,-0.8660254,0.5,4,0,0,1,10138.0,1,10228.0,1,10396.0,1,9908.0,1,13579.0,1,0.0,1,9267.0,1,10547.0,9856.491,9762.618,-90.0
84,2014-10-20,16616.0,1603.0,1.0,1.0,0,0.0,1.0,-0.9266896,0.37582758,-0.8660254,0.5,4,0,0,1,0.0,1,10138.0,1,8792.0,1,0.0,1,13412.0,1,12622.0,1,9967.0,1,13610.0,5913.8945,7593.1475,-10138.0
84,2014-10-21,12682.0,1276.0,1.0,1.0,0,0.0,2.0,-0.9266896,0.37582758,-0.8660254,0.5,4,0,0,1,16616.0,1,0.0,1,10228.0,1,10384.0,1,12481.0,1,0.0,1,9734.0,1,11410.0,10194.736,9598.226,16616.0
84,2014-10-22,13540.0,1476.0,1.0,1.0,0,0.0,3.0,-0.9266896,0.37582758,-0.8660254,0.5,4,0,0,1,12682.0,1,16616.0,1,10138.0,1,10446.0,1,12062.0,1,17478.0,1,0.0,1,0.0,11189.642,10283.509,-3934.0
84,2014-10-23,12973.0,1434.0,1.0,1.0,0,0.0,4.0,-0.9266896,0.37582758,-0.8660254,0.5,4,0,0,1,13540.0,1,12682.0,1,0.0,1,10396.0,1,9908.0,1,13579.0,1,16615.0,1,19492.0,12129.785,11007.174,858.0
84,2014-10-24,12927.0,1416.0,1.0,1.0,0,0.0,5.0,-0.9266896,0.37582758,-0.8660254,0.5,4,0,0,1,12973.0,1,13540.0,1,16616.0,1,8792.0,1,0.0,1,13412.0,1,17189.0,1,15460.0,12467.071,11444.024,-567.0
84,2014-10-25,9882.0,1180.0,1.0,0.0,0,0.0,6.0,-0.9266896,0.37582758,-0.8660254,0.5,4,0,0,1,12927.0,1,12973.0,1,12682.0,1,10228.0,1,10384.0,1,12481.0,1,16733.0,1,15761.0,12651.043,11773.574,-46.0
84,2014-10-26,0.0,0.0,0.0,0.0,0,0.0,7.0,-0.9266896,0.37582758,-0.8660254,0.5,4,0,0,1,9882.0,1,12927.0,1,13540.0,1,10138.0,1,10446.0,1,12062.0,1,15453.0,1,13834.0,11543.426,11353.225,-3045.0
84,2014-10-27,11858.0,1370.0,1.0,0.0,0,0.0,1.0,-0.8757349,0.4827922,-0.8660254,0.5,4,0,0,1,0.0,1,9882.0,1,12973.0,1,0.0,1,10396.0,1,9908.0,1,0.0,1,12205.0,6926.055,8830.285,-9882.0
84,2014-10-28,10746.0,1307.0,1.0,0.0,0,0.0,2.0,-0.8757349,0.4827922,-0.8660254,0.5,4,0,0,1,11858.0,1,0.0,1,12927.0,1,16616.0,1,8792.0,1,0.0,1,12622.0,1,10009.0,8898.833,9503.111,11858.0
84,2014-10-29,10506.0,1225.0,1.0,0.0,0,0.0,3.0,-0.8757349,0.4827922,-0.8660254,0.5,4,0,0,1,10746.0,1,11858.0,1,9882.0,1,12682.0,1,10228.0,1,10384.0,1,0.0,1,0.0,9637.7,9779.309,-1112.0
84,2014-10-30,11047.0,1314.0,1.0,0.0,0,0.0,4.0,-0.8757349,0.4827922,-0.8660254,0.5,4,0,0,1,10506.0,1,10746.0,1,0.0,1,13540.0,1,10138.0,1,10446.0,1,17478.0,1,11079.0,9985.02,9940.796,-240.0
84,2014-10-31,14612.0,1630.0,1.0,0.0,0,0.0,5.0,-0.8757349,0.4827922,-0.8660254,0.5,4,0,1,1,11047.0,1,10506.0,1,11858.0,1,12973.0,1,0.0,1,10396.0,1,13579.0,1,10110.0,10409.812,10186.619,541.0
84,2014-11-01,0.0,0.0,0.0,0.0,1,0.0,6.0,-0.8757349,0.4827922,-0.5,0.8660254,4,1,0,1,14612.0,1,11047.0,1,10746.0,1,12927.0,1,16616.0,1,8792.0,1,13412.0,1,10802.0,12090.6875,11170.037,3565.0
84,2014-11-02,0.0,0.0,0.0,0.0,0,0.0,7.0,-0.8757349,0.4827922,-0.5,0.8660254,4,0,0,1,0.0,1,14612.0,1,10506.0,1,9882.0,1,12682.0,1,10228.0,1,12481.0,1,10095.0,7254.412,8687.807,-14612.0
84,2014-11-03,20931.0,1894.0,1.0,1.0,0,0.0,1.0,-0.8124869,0.5829795,-0.5,0.8660254,4,0,0,1,0.0,1,0.0,1,11047.0,1,0.0,1,13540.0,1,10138.0,1,12062.0,1,10884.0,4352.6475,6757.1826,0.0
84,2014-11-04,17711.0,1631.0,1.0,1.0,0,0.0,2.0,-0.8124869,0.5829795,-0.5,0.8660254,4,0,0,1,20931.0,1,0.0,1,14612.0,1,11858.0,1,12973.0,1,0.0,1,9908.0,1,10923.0,10983.988,9906.92,20931.0
84,2014-11-05,16933.0,1700.0,1.0,1.0,0,0.0,3.0,-0.8124869,0.5829795,-0.5,0.8660254,4,0,0,1,17711.0,1,20931.0,1,0.0,1,10746.0,1,12927.0,1,16616.0,1,0.0,1,0.0,13674.793,11641.16,-3220.0
84,2014-11-06,14404.0,1474.0,1.0,1.0,0,0.0,4.0,-0.8124869,0.5829795,-0.5,0.8660254,4,0,0,1,16933.0,1,17711.0,1,0.0,1,10506.0,1,9882.0,1,12682.0,1,10384.0,1,18088.0,14978.076,12817.124,-778.0
84,2014-11-07,13505.0,1432.0,1.0,1.0,0,0.0,5.0,-0.8124869,0.5829795,-0.5,0.8660254,4,0,0,1,14404.0,1,16933.0,1,20931.0,1,11047.0,1,0.0,1,13540.0,1,10446.0,1,14271.0,14748.445,13169.764,-2529.0
84,2014-11-08,11749.0,1305.0,1.0,0.0,0,0.0,6.0,-0.8124869,0.5829795,-0.5,0.8660254,4,0,0,1,13505.0,1,14404.0,1,17711.0,1,14612.0,1,11858.0,1,12973.0,1,10396.0,1,13425.0,14251.067,13244.261,-899.0
84,2014-11-09,0.0,0.0,0.0,0.0,0,0.0,7.0,-0.8124869,0.5829795,-0.5,0.8660254,4,0,0,1,11749.0,1,13505.0,1,16933.0,1,0.0,1,10746.0,1,12927.0,1,8792.0,1,12389.0,13250.24,12911.98,-1756.0
84,2014-11-10,14945.0,1538.0,1.0,1.0,0,0.0,1.0,-0.73783326,0.674983,-0.5,0.8660254,4,0,0,1,0.0,1,11749.0,1,14404.0,1,0.0,1,10506.0,1,9882.0,1,10228.0,1,11943.0,7950.144,10042.651,-11749.0
84,2014-11-11,13397.0,1381.0,1.0,1.0,0,0.0,2.0,-0.73783326,0.674983,-0.5,0.8660254,4,0,0,1,14945.0,1,0.0,1,13505.0,1,20931.0,1,11047.0,1,0.0,1,10138.0,1,9831.0,10748.087,11132.0625,14945.0
84,2014-11-12,13784.0,1548.0,1.0,1.0,0,0.0,3.0,-0.73783326,0.674983,-0.5,0.8660254,4,0,0,1,13397.0,1,14945.0,1,11749.0,1,17711.0,1,14612.0,1,11858.0,1,0.0,1,0.0,11807.652,11635.382,-1548.0
84,2014-11-13,12997.0,1356.0,1.0,1.0,0,0.0,4.0,-0.73783326,0.674983,-0.5,0.8660254,4,0,0,1,13784.0,1,13397.0,1,0.0,1,16933.0,1,0.0,1,10746.0,1,16616.0,1,9613.0,12598.191,12112.853,387.0
84,2014-11-14,12987.0,1367.0,1.0,1.0,0,0.0,5.0,-0.73783326,0.674983,-0.5,0.8660254,4,0,0,1,12997.0,1,13784.0,1,14945.0,1,14404.0,1,0.0,1,10506.0,1,12682.0,1,9378.0,12757.715,12309.33,-787.0
84,2014-11-15,10559.0,1167.0,1.0,0.0,0,0.0,6.0,-0.73783326,0.674983,-0.5,0.8660254,4,0,0,1,12987.0,1,12997.0,1,13397.0,1,13505.0,1,20931.0,1,11047.0,1,13540.0,1,10133.0,12849.429,12459.923,-10.0
84,2014-11-16,0.0,0.0,0.0,0.0,0,0.0,7.0,-0.73783326,0.674983,-0.5,0.8660254,4,0,0,1,10559.0,1,12987.0,1,13784.0,1,11749.0,1,17711.0,1,14612.0,1,12973.0,1,9267.0,11933.257,12037.496,-2428.0
84,2014-11-17,11855.0,1397.0,1.0,0.0,0,0.0,1.0,-0.65282214,0.75751126,-0.5,0.8660254,4,0,0,1,0.0,1,10559.0,1,12997.0,1,0.0,1,16933.0,1,0.0,1,12927.0,1,9967.0,7159.9546,9362.497,-10559.0
84,2014-11-18,11582.0,1290.0,1.0,0.0,0,0.0,2.0,-0.65282214,0.75751126,-0.5,0.8660254,4,0,0,1,11855.0,1,0.0,1,12987.0,1,14945.0,1,14404.0,1,0.0,1,9882.0,1,9734.0,9037.973,9916.387,11855.0
84,2014-11-19,11487.0,1395.0,1.0,0.0,0,0.0,3.0,-0.65282214,0.75751126,-0.5,0.8660254,4,0,0,1,11582.0,1,11855.0,1,10559.0,1,13397.0,1,13505.0,1,20931.0,1,0.0,1,0.0,10055.584,10286.522,-273.0
84,2014-11-20,10620.0,1248.0,1.0,0.0,0,0.0,4.0,-0.65282214,0.75751126,-0.5,0.8660254,4,0,0,1,11487.0,1,11582.0,1,0.0,1,13784.0,1,11749.0,1,17711.0,1,11858.0,1,16615.0,10628.15,10553.296,-95.0
84,2014-11-21,11319.0,1280.0,1.0,0.0,0,0.0,5.0,-0.65282214,0.75751126,-0.5,0.8660254,4,0,0,1,10620.0,1,11487.0,1,11855.0,1,12997.0,1,0.0,1,16933.0,1,10746.0,1,17189.0,10624.89,10568.119,-867.0
84,2014-11-22,11206.0,1228.0,1.0,0.0,0,0.0,6.0,-0.65282214,0.75751126,-0.5,0.8660254,4,0,0,1,11319.0,1,10620.0,1,11582.0,1,12987.0,1,14945.0,1,14404.0,1,10506.0,1,16733.0,10902.534,10734.981,699.0
84,2014-11-23,0.0,0.0,0.0,0.0,0,0.0,7.0,-0.65282214,0.75751126,-0.5,0.8660254,4,0,0,1,11206.0,1,11319.0,1,11487.0,1,10559.0,1,13397.0,1,13505.0,1,11047.0,1,15453.0,11023.921,10839.652,-113.0
84,2014-11-24,17586.0,1722.0,1.0,1.0,0,0.0,1.0,-0.55864674,0.82940567,-0.5,0.8660254,4,0,0,1,0.0,1,11206.0,1,10620.0,1,0.0,1,13784.0,1,11749.0,1,14612.0,1,0.0,6614.352,8430.841,-11206.0
84,2014-11-25,14971.0,1504.0,1.0,1.0,0,0.0,2.0,-0.55864674,0.82940567,-0.5,0.8660254,4,0,0,1,17586.0,1,0.0,1,11319.0,1,11855.0,1,12997.0,1,0.0,1,0.0,1,12622.0,11003.012,10465.32,17586.0
84,2014-11-26,15231.0,1523.0,1.0,1.0,0,0.0,3.0,-0.55864674,0.82940567,-0.5,0.8660254,4,0,0,1,14971.0,1,17586.0,1,11206.0,1,11582.0,1,12987.0,1,14945.0,1,0.0,1,0.0,12590.207,11466.582,-2615.0
84,2014-11-27,14179.0,1418.0,1.0,1.0,0,0.0,4.0,-0.55864674,0.82940567,-0.5,0.8660254,4,0,0,1,15231.0,1,14971.0,1,0.0,1,11487.0,1,10559.0,1,13397.0,1,20931.0,1,17478.0,13646.524,12303.12,260.0
84,2014-11-28,16311.0,1590.0,1.0,1.0,0,0.0,5.0,-0.55864674,0.82940567,-0.5,0.8660254,4,0,0,1,14179.0,1,15231.0,1,17586.0,1,10620.0,1,0.0,1,13784.0,1,17711.0,1,13579.0,13859.515,12719.982,-1052.0
84,2014-11-29,15205.0,1454.0,1.0,0.0,0,0.0,6.0,-0.55864674,0.82940567,-0.5,0.8660254,4,0,0,1,16311.0,1,14179.0,1,14971.0,1,11319.0,1,11855.0,1,12997.0,1,16933.0,1,13412.0,14840.108,13517.986,2132.0
84,2014-11-30,0.0,0.0,0.0,0.0,0,0.0,7.0,-0.55864674,0.82940567,-0.5,0.8660254,4,0,1,1,15205.0,1,16311.0,1,15231.0,1,11206.0,1,11582.0,1,12987.0,1,14404.0,1,12481.0,14986.065,13892.878,-1106.0
84,2014-12-01,21615.0,1912.0,1.0,1.0,0,0.0,1.0,-0.45662925,0.8896571,-2.4492937e-16,1.0,4,1,0,1,0.0,1,15205.0,1,14179.0,1,0.0,1,11487.0,1,10559.0,1,13505.0,1,12062.0,8991.639,10805.572,-15205.0
84,2014-12-02,17029.0,1651.0,1.0,1.0,0,0.0,2.0,-0.45662925,0.8896571,-2.4492937e-16,1.0,4,0,0,1,21615.0,1,0.0,1,16311.0,1,17586.0,1,10620.0,1,0.0,1,11749.0,1,9908.0,14040.983,13207.667,21615.0
84,2014-12-03,17137.0,1597.0,1.0,1.0,0,0.0,3.0,-0.45662925,0.8896571,-2.4492937e-16,1.0,4,0,0,1,17029.0,1,21615.0,1,15205.0,1,14971.0,1,11319.0,1,11855.0,1,0.0,1,0.0,15236.19,14056.853,-4586.0
84,2014-12-04,16522.0,1534.0,1.0,1.0,0,0.0,4.0,-0.45662925,0.8896571,-2.4492937e-16,1.0,4,0,0,1,17137.0,1,17029.0,1,0.0,1,15231.0,1,11206.0,1,11582.0,1,14945.0,1,10384.0,15996.514,14741.329,108.0
84,2014-12-05,20031.0,1936.0,1.0,1.0,0,0.0,5.0,-0.45662925,0.8896571,-2.4492937e-16,1.0,4,0,0,1,16522.0,1,17137.0,1,21615.0,1,14179.0,1,0.0,1,11487.0,1,13397.0,1,10446.0,16206.708,15137.034,-615.0
84,2014-12-06,13646.0,1459.0,1.0,0.0,0,0.0,6.0,-0.45662925,0.8896571,-2.4492937e-16,1.0,4,0,0,1,20031.0,1,16522.0,1,17029.0,1,16311.0,1,17586.0,1,10620.0,1,13784.0,1,10396.0,17736.426,16224.582,3509.0
84,2014-12-07,0.0,0.0,0.0,0.0,0,0.0,7.0,-0.45662925,0.8896571,-2.4492937e-16,1.0,4,0,0,1,13646.0,1,20031.0,1,17137.0,1,15205.0,1,14971.0,1,11319.0,1,12997.0,1,8792.0,16100.255,15651.563,-6385.0
84,2014-12-08,12071.0,1372.0,1.0,0.0,0,0.0,1.0,-0.34820163,0.93741965,-2.4492937e-16,1.0,4,0,0,1,0.0,1,13646.0,1,16522.0,1,0.0,1,15231.0,1,11206.0,1,12987.0,1,10228.0,9660.153,12173.438,-13646.0
84,2014-12-09,12625.0,1406.0,1.0,0.0,0,0.0,2.0,-0.34820163,0.93741965,-2.4492937e-16,1.0,4,0,0,1,12071.0,1,0.0,1,20031.0,1,21615.0,1,14179.0,1,0.0,1,10559.0,1,10138.0,10624.492,12150.675,12071.0
84,2014-12-10,11645.0,1313.0,1.0,0.0,0,0.0,3.0,-0.34820163,0.93741965,-2.4492937e-16,1.0,4,0,0,1,12625.0,1,12071.0,1,13646.0,1,17029.0,1,16311.0,1,17586.0,1,0.0,1,0.0,11424.695,12256.08,554.0
84,2014-12-11,11258.0,1263.0,1.0,0.0,0,0.0,4.0,-0.34820163,0.93741965,-2.4492937e-16,1.0,4,0,0,1,11645.0,1,12625.0,1,0.0,1,17137.0,1,15205.0,1,14971.0,1,11855.0,1,16616.0,11512.817,12120.284,-980.0
84,2014-12-12,11141.0,1051.0,1.0,0.0,0,0.0,5.0,-0.34820163,0.93741965,-2.4492937e-16,1.0,4,0,0,1,11258.0,1,11645.0,1,12071.0,1,16522.0,1,0.0,1,15231.0,1,11582.0,1,12682.0,11410.891,11928.666,-387.0
84,2014-12-13,14550.0,1451.0,1.0,0.0,0,0.0,6.0,-0.34820163,0.93741965,-2.4492937e-16,1.0,4,0,0,1,11141.0,1,11258.0,1,12625.0,1,20031.0,1,21615.0,1,14179.0,1,11487.0,1,13540.0,11302.935,11753.629,-117.0
84,2014-12-14,0.0,0.0,0.0,0.0,0,0.0,7.0,-0.34820163,0.93741965,-2.4492937e-16,1.0,4,0,0,1,14550.0,1,11141.0,1,11645.0,1,13646.0,1,17029.0,1,16311.0,1,10620.0,1,12973.0,12601.761,12375.045,3409.0
84,2014-12-15,23386.0,1911.0,1.0,1.0,0,0.0,1.0,-0.23488605,0.9720229,-2.4492937e-16,1.0,4,0,0,1,0.0,1,14550.0,1,11258.0,1,0.0,1,17137.0,1,15205.0,1,11319.0,1,12927.0,7561.056,9625.035,-14550.0
84,2014-12-16,21542.0,1958.0,1.0,1.0,0,0.0,2.0,-0.23488605,0.9720229,-2.4492937e-16,1.0,4,0,0,1,23386.0,1,0.0,1,11141.0,1,12071.0,1,16522.0,1,0.0,1,11206.0,1,9882.0,13891.034,12683.027,23386.0
84,2014-12-17,19802.0,1860.0,1.0,1.0,0,0.0,3.0,-0.23488605,0.9720229,-2.4492937e-16,1.0,4,0,0,1,21542.0,1,23386.0,1,14550.0,1,12625.0,1,20031.0,1,21615.0,1,0.0,1,0.0,16951.42,14651.6875,-1844.0
84,2014-12-18,18888.0,1788.0,1.0,1.0,0,0.0,4.0,-0.23488605,0.9720229,-2.4492937e-16,1.0,4,0,0,1,19802.0,1,21542.0,1,0.0,1,11645.0,1,13646.0,1,17029.0,1,17586.0,1,11858.0,18091.652,15796.201,-1740.0
84,2014-12-19,17126.0,1615.0,1.0,1.0,0,0.0,5.0,-0.23488605,0.9720229,-2.4492937e-16,1.0,4,0,0,1,18888.0,1,19802.0,1,23386.0,1,11258.0,1,0.0,1,17137.0,1,14971.0,1,10746.0,18410.191,16483.268,-914.0
84,2014-12-20,15996.0,1609.0,1.0,0.0,0,0.0,6.0,-0.23488605,0.9720229,-2.4492937e-16,1.0,4,0,0,1,17126.0,1,18888.0,1,21542.0,1,11141.0,1,12071.0,1,16522.0,1,15231.0,1,10506.0,17896.516,16626.098,-1762.0
84,2014-12-21,0.0,0.0,0.0,0.0,0,0.0,7.0,-0.23488605,0.9720229,-2.4492937e-16,1.0,4,0,0,1,15996.0,1,17126.0,1,19802.0,1,14550.0,1,12625.0,1,20031.0,1,14179.0,1,11047.0,17136.309,16486.076,-1130.0
84,2014-12-22,21875.0,2250.0,1.0,0.0,0,1.0,1.0,-0.11827317,0.9929811,-2.4492937e-16,1.0,4,0,0,1,0.0,1,15996.0,1,18888.0,1,0.0,1,11645.0,1,13646.0,1,16311.0,1,14612.0,10281.785,12822.503,-15996.0
84,2014-12-23,22725.0,2376.0,1.0,0.0,0,1.0,2.0,-0.11827317,0.9929811,-2.4492937e-16,1.0,4,0,0,1,21875.0,1,0.0,1,17126.0,1,23386.0,1,11258.0,1,0.0,1,15205.0,1,0.0,14919.071,14834.169,21875.0
84,2014-12-24,10662.0,1175.0,1.0,0.0,0,1.0,3.0,-0.11827317,0.9929811,-2.4492937e-16,1.0,4,0,0,1,22725.0,1,21875.0,1,15996.0,1,21542.0,1,11141.0,1,12071.0,1,0.0,1,0.0,18041.443,16587.688,850.0
84,2014-12-25,0.0,0.0,0.0,0.0,3,1.0,4.0,-0.11827317,0.9929811,-2.4492937e-16,1.0,4,0,0,1,10662.0,1,22725.0,1,0.0,1,19802.0,1,14550.0,1,12625.0,1,21615.0,1,20931.0,15089.666,15270.868,-12063.0
84,2014-12-26,0.0,0.0,0.0,0.0,3,1.0,5.0,-0.11827317,0.9929811,-2.4492937e-16,1.0,4,0,0,1,0.0,1,10662.0,1,21875.0,1,18888.0,1,0.0,1,11645.0,1,17029.0,1,17711.0,9053.8,11877.342,-10662.0
84,2014-12-27,11179.0,1321.0,1.0,0.0,0,0.0,6.0,-0.11827317,0.9929811,-2.4492937e-16,1.0,4,0,0,1,0.0,1,0.0,1,22725.0,1,17126.0,1,23386.0,1,11258.0,1,17137.0,1,16933.0,5432.28,9237.933,0.0
84,2014-12-28,0.0,0.0,0.0,0.0,0,0.0,7.0,-0.11827317,0.9929811,-2.4492937e-16,1.0,4,0,0,1,11179.0,1,0.0,1,10662.0,1,15996.0,1,21542.0,1,11141.0,1,16522.0,1,14404.0,7730.968,9669.28,11179.0
84,2014-12-29,14666.0,1528.0,1.0,0.0,0,1.0,1.0,0.11827317,0.9929811,-2.4492937e-16,1.0,4,0,0,1,0.0,1,11179.0,1,0.0,1,0.0,1,19802.0,1,14550.0,1,20031.0,1,13505.0,4638.5806,7520.552,-11179.0
84,2014-12-30,14814.0,1578.0,1.0,0.0,0,1.0,2.0,0.11827317,0.9929811,-2.4492937e-16,1.0,4,0,0,1,14666.0,1,0.0,1,0.0,1,21875.0,1,18888.0,1,0.0,1,13646.0,1,11749.0,8649.549,9108.429,14666.0
84,2014-12-31,7776.0,932.0,1.0,0.0,0,1.0,3.0,0.11827317,0.9929811,-2.4492937e-16,1.0,4,0,1,1,14814.0,1,14666.0,1,11179.0,1,22725.0,1,17126.0,1,23386.0,1,0.0,1,0.0,11115.329,10376.334,148.0
84,2015-01-01,0.0,0.0,0.0,0.0,1,1.0,4.0,0.11827317,0.9929811,0.5,0.8660254,1,1,0,1,7776.0,1,14814.0,1,0.0,1,10662.0,1,15996.0,1,21542.0,1,12071.0,1,14945.0,9779.598,9798.481,-7038.0
84,2015-01-02,12746.0,1413.0,1.0,0.0,0,1.0,5.0,0.11827317,0.9929811,0.5,0.8660254,1,0,0,1,0.0,1,7776.0,1,14666.0,1,0.0,1,0.0,1,19802.0,1,12625.0,1,13397.0,5867.7583,7621.0415,-7776.0
84,2015-01-03,10304.0,1153.0,1.0,0.0,0,0.0,6.0,0.11827317,0.9929811,0.5,0.8660254,1,0,0,1,12746.0,1,0.0,1,14814.0,1,0.0,1,21875.0,1,18888.0,1,11645.0,1,13784.0,8619.055,8759.921,12746.0
84,2015-01-04,0.0,0.0,0.0,0.0,0,0.0,7.0,0.11827317,0.9929811,0.5,0.8660254,1,0,0,1,10304.0,1,12746.0,1,7776.0,1,11179.0,1,22725.0,1,17126.0,1,11258.0,1,12997.0,9293.033,9103.05,-2442.0
84,2015-01-05,19730.0,1842.0,1.0,1.0,0,1.0,1.0,0.23488605,0.9720229,0.5,0.8660254,1,0,0,1,0.0,1,10304.0,1,0.0,1,0.0,1,10662.0,1,15996.0,1,11141.0,1,12987.0,5575.82,7080.15,-10304.0
84,2015-01-06,16206.0,1652.0,1.0,1.0,0,1.0,2.0,0.23488605,0.9720229,0.5,0.8660254,1,0,0,1,19730.0,1,0.0,1,12746.0,1,14666.0,1,0.0,1,0.0,1,14550.0,1,10559.0,11237.492,9891.228,19730.0
84,2015-01-07,14313.0,1505.0,1.0,1.0,0,0.0,3.0,0.23488605,0.9720229,0.5,0.8660254,1,0,0,1,16206.0,1,19730.0,1,10304.0,1,14814.0,1,0.0,1,21875.0,1,0.0,1,0.0,13224.8955,11294.511,-3524.0
84,2015-01-08,12166.0,1177.0,1.0,1.0,0,0.0,4.0,0.23488605,0.9720229,0.5,0.8660254,1,0,0,1,14313.0,1,16206.0,1,0.0,1,7776.0,1,11179.0,1,22725.0,1,23386.0,1,11855.0,13660.137,11965.286,-1893.0
84,2015-01-09,13021.0,1301.0,1.0,1.0,0,0.0,5.0,0.23488605,0.9720229,0.5,0.8660254,1,0,0,1,12166.0,1,14313.0,1,19730.0,1,0.0,1,0.0,1,10662.0,1,21542.0,1,11582.0,13062.482,12009.889,-2147.0
84,2015-01-10,10660.0,1166.0,1.0,0.0,0,0.0,6.0,0.23488605,0.9720229,0.5,0.8660254,1,0,0,1,13021.0,1,12166.0,1,16206.0,1,12746.0,1,14666.0,1,0.0,1,19802.0,1,11487.0,13045.89,12234.58,855.0
84,2015-01-11,0.0,0.0,0.0,0.0,0,0.0,7.0,0.23488605,0.9720229,0.5,0.8660254,1,0,0,1,10660.0,1,13021.0,1,14313.0,1,10304.0,1,14814.0,1,0.0,1,18888.0,1,10620.0,12091.533,11884.674,-2361.0
84,2015-01-12,16681.0,1507.0,1.0,1.0,0,0.0,1.0,0.34820163,0.93741965,0.5,0.8660254,1,0,0,1,0.0,1,10660.0,1,12166.0,1,0.0,1,7776.0,1,11179.0,1,17126.0,1,11319.0,7254.92,9243.635,-10660.0
84,2015-01-13,13394.0,1315.0,1.0,1.0,0,0.0,2.0,0.34820163,0.93741965,0.5,0.8660254,1,0,0,1,16681.0,1,0.0,1,13021.0,1,19730.0,1,0.0,1,0.0,1,15996.0,1,11206.0,11025.353,10896.383,16681.0
84,2015-01-14,14966.0,1505.0,1.0,1.0,0,0.0,3.0,0.34820163,0.93741965,0.5,0.8660254,1,0,0,1,13394.0,1,16681.0,1,10660.0,1,16206.0,1,12746.0,1,14666.0,1,0.0,1,0.0,11972.812,11451.409,-3287.0
84,2015-01-15,10881.0,1175.0,1.0,1.0,0,0.0,4.0,0.34820163,0.93741965,0.5,0.8660254,1,0,0,1,14966.0,1,13394.0,1,0.0,1,14313.0,1,10304.0,1,14814.0,1,21875.0,1,17586.0,13170.087,12232.429,1572.0
84,2015-01-16,14874.0,1584.0,1.0,1.0,0,0.0,5.0,0.34820163,0.93741965,0.5,0.8660254,1,0,0,1,10881.0,1,14966.0,1,16681.0,1,12166.0,1,0.0,1,7776.0,1,22725.0,1,14971.0,12254.452,11932.111,-4085.0
84,2015-01-17,12284.0,1328.0,1.0,0.0,0,0.0,6.0,0.34820163,0.93741965,0.5,0.8660254,1,0,0,1,14874.0,1,10881.0,1,13394.0,1,13021.0,1,19730.0,1,0.0,1,10662.0,1,15231.0,13302.271,12585.864,3993.0
84,2015-01-18,0.0,0.0,0.0,0.0,0,0.0,7.0,0.34820163,0.93741965,0.5,0.8660254,1,0,0,1,12284.0,1,14874.0,1,14966.0,1,10660.0,1,16206.0,1,12746.0,1,0.0,1,14179.0,12894.963,12518.783,-2590.0
84,2015-01-19,11448.0,1336.0,1.0,0.0,0,0.0,1.0,0.45662925,0.8896571,0.5,0.8660254,1,0,0,1,0.0,1,12284.0,1,10881.0,1,0.0,1,14313.0,1,10304.0,1,0.0,1,16311.0,7736.9775,9736.832,-12284.0
84,2015-01-20,9796.0,1267.0,1.0,0.0,0,0.0,2.0,0.45662925,0.8896571,0.5,0.8660254,1,0,0,1,11448.0,1,0.0,1,14874.0,1,16681.0,1,12166.0,1,0.0,1,11179.0,1,15205.0,9221.387,10117.091,11448.0
84,2015-01-21,10378.0,1291.0,1.0,0.0,0,0.0,3.0,0.45662925,0.8896571,0.5,0.8660254,1,0,0,1,9796.0,1,11448.0,1,12284.0,1,13394.0,1,13021.0,1,19730.0,1,0.0,1,0.0,9451.232,10045.737,-1652.0
84,2015-01-22,9871.0,1182.0,1.0,0.0,0,0.0,4.0,0.45662925,0.8896571,0.5,0.8660254,1,0,0,1,10378.0,1,9796.0,1,0.0,1,14966.0,1,10660.0,1,16206.0,1,14666.0,1,21615.0,9821.939,10119.573,582.0
84,2015-01-23,11925.0,1312.0,1.0,0.0,0,0.0,5.0,0.45662925,0.8896571,0.5,0.8660254,1,0,0,1,9871.0,1,10378.0,1,11448.0,1,10881.0,1,0.0,1,14313.0,1,14814.0,1,17029.0,9841.563,10064.335,-507.0
84,2015-01-24,9212.0,989.0,1.0,0.0,0,0.0,6.0,0.45662925,0.8896571,0.5,0.8660254,1,0,0,1,11925.0,1,9871.0,1,9796.0,1,14874.0,1,16681.0,1,12166.0,1,7776.0,1,17137.0,10674.938,10477.816,2054.0
84,2015-01-25,0.0,0.0,0.0,0.0,0,0.0,7.0,0.45662925,0.8896571,0.5,0.8660254,1,0,0,1,9212.0,1,11925.0,1,10378.0,1,12284.0,1,13394.0,1,13021.0,1,0.0,1,16522.0,10089.763,10196.523,-2713.0
84,2015-01-26,15380.0,1412.0,1.0,1.0,0,0.0,1.0,0.55864674,0.82940567,0.5,0.8660254,1,0,0,1,0.0,1,9212.0,1,9871.0,1,0.0,1,14966.0,1,10660.0,1,12746.0,1,20031.0,6053.858,7930.6294,-9212.0
84,2015-01-27,15390.0,1500.0,1.0,1.0,0,0.0,2.0,0.55864674,0.82940567,0.5,0.8660254,1,0,0,1,15380.0,1,0.0,1,11925.0,1,11448.0,1,10881.0,1,0.0,1,10304.0,1,13646.0,9784.314,9586.045,15380.0
84,2015-01-28,13862.0,1398.0,1.0,1.0,0,0.0,3.0,0.55864674,0.82940567,0.5,0.8660254,1,0,0,1,15390.0,1,15380.0,1,9212.0,1,9796.0,1,14874.0,1,16681.0,1,0.0,1,0.0,12026.589,10875.8125,10.0
84,2015-01-29,12436.0,1283.0,1.0,1.0,0,0.0,4.0,0.55864674,0.82940567,0.5,0.8660254,1,0,0,1,13862.0,1,15390.0,1,0.0,1,10378.0,1,12284.0,1,13394.0,1,19730.0,1,12071.0,12760.753,11539.41,-1528.0
84,2015-01-30,14116.0,1405.0,1.0,1.0,0,0.0,5.0,0.55864674,0.82940567,0.5,0.8660254,1,0,0,1,12436.0,1,13862.0,1,15380.0,1,9871.0,1,0.0,1,14966.0,1,16206.0,1,12625.0,12630.852,11738.652,-1426.0
84,2015-01-31,12618.0,1313.0,1.0,0.0,0,0.0,6.0,0.55864674,0.82940567,0.5,0.8660254,1,0,1,1,14116.0,1,12436.0,1,15390.0,1,11925.0,1,11448.0,1,10881.0,1,14313.0,1,11645.0,13224.911,12266.952,1680.0
84,2015-02-01,0.0,0.0,0.0,0.0,0,0.0,7.0,0.55864674,0.82940567,0.8660254,0.5,1,1,0,1,12618.0,1,14116.0,1,13862.0,1,9212.0,1,9796.0,1,14874.0,1,12166.0,1,11258.0,12982.146,12344.963,-1498.0
84,2015-02-02,19405.0,1771.0,1.0,1.0,0,0.0,1.0,0.65282214,0.75751126,0.8660254,0.5,1,0,0,1,0.0,1,12618.0,1,12436.0,1,0.0,1,10378.0,1,12284.0,1,13021.0,1,11141.0,7789.288,9601.638,-12618.0
84,2015-02-03,15922.0,1580.0,1.0,1.0,0,0.0,2.0,0.65282214,0.75751126,0.8660254,0.5,1,0,0,1,19405.0,1,0.0,1,14116.0,1,15380.0,1,9871.0,1,0.0,1,10660.0,1,14550.0,12435.573,11780.162,19405.0
84,2015-02-04,15116.0,1591.0,1.0,1.0,0,0.0,3.0,0.65282214,0.75751126,0.8660254,0.5,1,0,0,1,15922.0,1,19405.0,1,12618.0,1,15390.0,1,11925.0,1,11448.0,1,0.0,1,0.0,13830.144,12700.571,-3483.0
84,2015-02-05,13406.0,1343.0,1.0,1.0,0,0.0,4.0,0.65282214,0.75751126,0.8660254,0.5,1,0,0,1,15116.0,1,15922.0,1,0.0,1,13862.0,1,9212.0,1,9796.0,1,16681.0,1,23386.0,14344.486,13237.333,-806.0
84,2015-02-06,13758.0,1456.0,1.0,1.0,0,0.0,5.0,0.65282214,0.75751126,0.8660254,0.5,1,0,0,1,13406.0,1,15116.0,1,19405.0,1,12436.0,1,0.0,1,10378.0,1,13394.0,1,21542.0,13969.092,13274.814,-1710.0
84,2015-02-07,11442.0,1238.0,1.0,0.0,0,0.0,6.0,0.65282214,0.75751126,0.8660254,0.5,1,0,0,1,13758.0,1,13406.0,1,15922.0,1,14116.0,1,15380.0,1,9871.0,1,14966.0,1,19802.0,13884.655,13382.189,352.0
84,2015-02-08,0.0,0.0,0.0,0.0,0,0.0,7.0,0.65282214,0.75751126,0.8660254,0.5,1,0,0,1,11442.0,1,13758.0,1,15116.0,1,12618.0,1,15390.0,1,11925.0,1,10881.0,1,18888.0,12907.593,12951.036,-2316.0
84,2015-02-09,10812.0,1271.0,1.0,0.0,0,0.0,1.0,0.73783326,0.674983,0.8660254,0.5,1,0,0,1,0.0,1,11442.0,1,13406.0,1,0.0,1,13862.0,1,9212.0,1,14874.0,1,17126.0,7744.5557,10073.028,-11442.0
84,2015-02-10,11046.0,1288.0,1.0,0.0,0,0.0,2.0,0.73783326,0.674983,0.8660254,0.5,1,0,0,1,10812.0,1,0.0,1,13758.0,1,19405.0,1,12436.0,1,0.0,1,12284.0,1,15996.0,8971.533,10237.244,10812.0
84,2015-02-11,12852.0,1517.0,1.0,0.0,0,0.0,3.0,0.73783326,0.674983,0.8660254,0.5,1,0,0,1,11046.0,1,10812.0,1,11442.0,1,15922.0,1,14116.0,1,15380.0,1,0.0,1,0.0,9801.32,10416.968,234.0
84,2015-02-12,10027.0,1161.0,1.0,0.0,0,0.0,4.0,0.73783326,0.674983,0.8660254,0.5,1,0,0,1,12852.0,1,11046.0,1,0.0,1,15116.0,1,12618.0,1,15390.0,1,11448.0,1,21875.0,11021.592,10958.086,1806.0
84,2015-02-13,12517.0,1398.0,1.0,0.0,0,0.0,5.0,0.73783326,0.674983,0.8660254,0.5,1,0,0,1,10027.0,1,12852.0,1,10812.0,1,13406.0,1,0.0,1,13862.0,1,9796.0,1,22725.0,10623.755,10751.178,-2825.0
84,2015-02-14,12503.0,1368.0,1.0,0.0,0,0.0,6.0,0.73783326,0.674983,0.8660254,0.5,1,0,0,1,12517.0,1,10027.0,1,11046.0,1,13758.0,1,19405.0,1,12436.0,1,10378.0,1,10662.0,11381.053,11143.583,2490.0
84,2015-02-15,0.0,0.0,0.0,0.0,0,0.0,7.0,0.73783326,0.674983,0.8660254,0.5,1,0,0,1,12503.0,1,12517.0,1,12852.0,1,11442.0,1,15922.0,1,14116.0,1,9871.0,1,0.0,11829.832,11445.676,-14.0
84,2015-02-16,11414.0,1008.0,1.0,1.0,0,0.0,1.0,0.8124869,0.5829795,0.8660254,0.5,1,0,0,1,0.0,1,12503.0,1,10027.0,1,0.0,1,15116.0,1,12618.0,1,11925.0,1,0.0,7097.899,8902.192,-12503.0
84,2015-02-17,15464.0,1481.0,1.0,1.0,0,0.0,2.0,0.8124869,0.5829795,0.8660254,0.5,1,0,0,1,11414.0,1,0.0,1,12517.0,1,10812.0,1,13406.0,1,0.0,1,9212.0,1,11179.0,8824.34,9460.372,11414.0
84,2015-02-18,14819.0,1540.0,1.0,1.0,0,0.0,3.0,0.8124869,0.5829795,0.8660254,0.5,1,0,0,1,15464.0,1,11414.0,1,12503.0,1,11046.0,1,13758.0,1,19405.0,1,0.0,1,0.0,11480.204,10794.512,4050.0
84,2015-02-19,14482.0,1479.0,1.0,1.0,0,0.0,4.0,0.8124869,0.5829795,0.8660254,0.5,1,0,0,1,14819.0,1,15464.0,1,0.0,1,12852.0,1,11442.0,1,15922.0,1,15380.0,1,14666.0,12815.723,11688.842,-645.0
84,2015-02-20,12834.0,1329.0,1.0,1.0,0,0.0,5.0,0.8124869,0.5829795,0.8660254,0.5,1,0,0,1,14482.0,1,14819.0,1,11414.0,1,10027.0,1,0.0,1,15116.0,1,15390.0,1,14814.0,13482.233,12309.544,-337.0
84,2015-02-21,10805.0,1194.0,1.0,0.0,0,0.0,6.0,0.8124869,0.5829795,0.8660254,0.5,1,0,0,1,12834.0,1,14482.0,1,15464.0,1,12517.0,1,10812.0,1,13406.0,1,13862.0,1,7776.0,13222.94,12426.09,-1648.0
84,2015-02-22,0.0,0.0,0.0,0.0,0,0.0,7.0,0.8124869,0.5829795,0.8660254,0.5,1,0,0,1,10805.0,1,12834.0,1,14819.0,1,12503.0,1,11046.0,1,13758.0,1,12436.0,1,0.0,12255.764,12065.848,-2029.0
84,2015-02-23,10435.0,1263.0,1.0,0.0,0,0.0,1.0,0.8757349,0.4827922,0.8660254,0.5,1,0,0,1,0.0,1,10805.0,1,14482.0,1,0.0,1,12852.0,1,11442.0,1,14116.0,1,12746.0,7353.4585,9384.548,-10805.0
84,2015-02-24,9948.0,1225.0,1.0,0.0,0,0.0,2.0,0.8757349,0.4827922,0.8660254,0.5,1,0,0,1,10435.0,1,0.0,1,12834.0,1,11414.0,1,10027.0,1,0.0,1,12618.0,1,10304.0,8586.075,9617.981,10435.0
84,2015-02-25,11255.0,1346.0,1.0,0.0,0,0.0,3.0,0.8757349,0.4827922,0.8660254,0.5,1,0,0,1,9948.0,1,10435.0,1,10805.0,1,15464.0,1,12517.0,1,10812.0,1,0.0,1,0.0,9130.845,9691.319,-487.0
84,2015-02-26,10653.0,1266.0,1.0,0.0,0,0.0,4.0,0.8757349,0.4827922,0.8660254,0.5,1,0,0,1,11255.0,1,9948.0,1,0.0,1,14819.0,1,12503.0,1,11046.0,1,19405.0,1,19730.0,9980.507,10038.804,1307.0
84,2015-02-27,12683.0,1354.0,1.0,0.0,0,0.0,5.0,0.8757349,0.4827922,0.8660254,0.5,1,0,0,1,10653.0,1,11255.0,1,10435.0,1,14482.0,1,0.0,1,12852.0,1,15922.0,1,16206.0,10249.504,10175.292,-602.0
84,2015-02-28,13205.0,1354.0,1.0,0.0,0,0.0,6.0,0.8757349,0.4827922,0.8660254,0.5,1,0,1,1,12683.0,1,10653.0,1,9948.0,1,12834.0,1,11414.0,1,10027.0,1,15116.0,1,14313.0,11222.902,10732.561,2030.0
84,2015-03-01,0.0,0.0,0.0,0.0,0,0.0,7.0,0.8757349,0.4827922,1.0,6.123234e-17,1,1,0,1,13205.0,1,12683.0,1,11255.0,1,10805.0,1,15464.0,1,12517.0,1,13406.0,1,12166.0,12015.741,11281.991,522.0
84,2015-03-02,17882.0,1676.0,1.0,1.0,0,0.0,1.0,0.9266896,0.37582758,1.0,6.123234e-17,1,0,0,1,0.0,1,13205.0,1,10653.0,1,0.0,1,14819.0,1,12503.0,1,13758.0,1,13021.0,7209.445,8774.882,-13205.0
84,2015-03-03,14553.0,1349.0,1.0,1.0,0,0.0,2.0,0.9266896,0.37582758,1.0,6.123234e-17,1,0,0,1,17882.0,1,0.0,1,12683.0,1,10435.0,1,14482.0,1,0.0,1,11442.0,1,10660.0,11478.467,10798.687,17882.0
84,2015-03-04,15077.0,1483.0,1.0,1.0,0,0.0,3.0,0.9266896,0.37582758,1.0,6.123234e-17,1,0,0,1,14553.0,1,17882.0,1,13205.0,1,9948.0,1,12834.0,1,11414.0,1,0.0,1,0.0,12708.28,11632.979,-3329.0
84,2015-03-05,14758.0,1460.0,1.0,1.0,0,0.0,4.0,0.9266896,0.37582758,1.0,6.123234e-17,1,0,0,1,15077.0,1,14553.0,1,0.0,1,11255.0,1,10805.0,1,15464.0,1,10812.0,1,16681.0,13655.769,12398.316,524.0
84,2015-03-06,13244.0,1431.0,1.0,1.0,0,0.0,5.0,0.9266896,0.37582758,1.0,6.123234e-17,1,0,0,1,14758.0,1,15077.0,1,17882.0,1,10653.0,1,0.0,1,14819.0,1,11046.0,1,13394.0,14096.661,12922.69,-319.0
84,2015-03-07,11339.0,1263.0,1.0,0.0,0,0.0,6.0,0.9266896,0.37582758,1.0,6.123234e-17,1,0,0,1,13244.0,1,14758.0,1,14553.0,1,12683.0,1,10435.0,1,14482.0,1,12852.0,1,14966.0,13755.597,12994.093,-1514.0
84,2015-03-08,0.0,0.0,0.0,0.0,0,0.0,7.0,0.9266896,0.37582758,1.0,6.123234e-17,1,0,0,1,11339.0,1,13244.0,1,15077.0,1,13205.0,1,9948.0,1,12834.0,1,10027.0,1,10881.0,12788.958,12626.294,-1905.0
84,2015-03-09,12241.0,1364.0,1.0,0.0,0,0.0,1.0,0.9646356,0.26358718,1.0,6.123234e-17,1,0,0,1,0.0,1,11339.0,1,14758.0,1,0.0,1,11255.0,1,10805.0,1,12517.0,1,14874.0,7673.3745,9820.451,-11339.0
84,2015-03-10,11681.0,1333.0,1.0,0.0,0,0.0,2.0,0.9646356,0.26358718,1.0,6.123234e-17,1,0,0,1,12241.0,1,0.0,1,13244.0,1,17882.0,1,10653.0,1,0.0,1,12503.0,1,12284.0,9500.425,10358.351,12241.0
84,2015-03-11,11855.0,1402.0,1.0,0.0,0,0.0,3.0,0.9646356,0.26358718,1.0,6.123234e-17,1,0,0,1,11681.0,1,12241.0,1,11339.0,1,14553.0,1,12683.0,1,10435.0,1,0.0,1,0.0,10372.655,10652.272,-560.0
84,2015-03-12,11385.0,1286.0,1.0,0.0,0,0.0,4.0,0.9646356,0.26358718,1.0,6.123234e-17,1,0,0,1,11855.0,1,11681.0,1,0.0,1,15077.0,1,13205.0,1,9948.0,1,11414.0,1,11448.0,10965.593,10919.546,174.0
84,2015-03-13,11933.0,1251.0,1.0,0.0,0,0.0,5.0,0.9646356,0.26358718,1.0,6.123234e-17,1,0,0,1,11385.0,1,11855.0,1,12241.0,1,14758.0,1,0.0,1,11255.0,1,15464.0,1,9796.0,11133.355,11022.9795,-470.0
84,2015-03-14,11379.0,1188.0,1.0,0.0,0,0.0,6.0,0.9646356,0.26358718,1.0,6.123234e-17,1,0,0,1,11933.0,1,11385.0,1,11681.0,1,13244.0,1,17882.0,1,10653.0,1,14819.0,1,10378.0,11453.214,11225.207,548.0
84,2015-03-15,0.0,0.0,0.0,0.0,0,0.0,7.0,0.9646356,0.26358718,1.0,6.123234e-17,1,0,0,1,11379.0,1,11933.0,1,11855.0,1,11339.0,1,14553.0,1,12683.0,1,14482.0,1,9871.0,11423.528,11259.383,-554.0
84,2015-03-16,19466.0,1769.0,1.0,1.0,0,0.0,1.0,0.9890402,0.14764656,1.0,6.123234e-17,1,0,0,1,0.0,1,11379.0,1,11385.0,1,0.0,1,15077.0,1,13205.0,1,12834.0,1,11925.0,6854.1167,8757.298,-11379.0
84,2015-03-17,15489.0,1516.0,1.0,1.0,0,0.0,2.0,0.9890402,0.14764656,1.0,6.123234e-17,1,0,0,1,19466.0,1,0.0,1,11933.0,1,12241.0,1,14758.0,1,0.0,1,10805.0,1,9212.0,11898.87,11137.01,19466.0
84,2015-03-18,15051.0,1515.0,1.0,1.0,0,0.0,3.0,0.9890402,0.14764656,1.0,6.123234e-17,1,0,0,1,15489.0,1,19466.0,1,11379.0,1,11681.0,1,13244.0,1,17882.0,1,0.0,1,0.0,13334.922,12104.118,-3977.0
84,2015-03-19,13592.0,1342.0,1.0,1.0,0,0.0,4.0,0.9890402,0.14764656,1.0,6.123234e-17,1,0,0,1,15051.0,1,15489.0,1,0.0,1,11855.0,1,11339.0,1,14553.0,1,10435.0,1,15380.0,14021.354,12758.981,-438.0
84,2015-03-20,12735.0,1343.0,1.0,1.0,0,0.0,5.0,0.9890402,0.14764656,1.0,6.123234e-17,1,0,0,1,13592.0,1,15051.0,1,19466.0,1,11385.0,1,0.0,1,15077.0,1,9948.0,1,15390.0,13849.612,12944.097,-1459.0
84,2015-03-21,9843.0,1133.0,1.0,0.0,0,0.0,6.0,0.9890402,0.14764656,1.0,6.123234e-17,1,0,0,1,12735.0,1,13592.0,1,15489.0,1,11933.0,1,12241.0,1,14758.0,1,11255.0,1,13862.0,13403.768,12897.631,-857.0
84,2015-03-22,0.0,0.0,0.0,0.0,0,0.0,7.0,0.9890402,0.14764656,1.0,6.123234e-17,1,0,0,1,9843.0,1,12735.0,1,15051.0,1,11379.0,1,11681.0,1,13244.0,1,10653.0,1,12436.0,11979.46,12218.823,-2892.0
84,2015-03-23,11669.0,1318.0,1.0,0.0,0,0.0,1.0,0.99956083,0.029633328,1.0,6.123234e-17,1,0,0,1,0.0,1,9843.0,1,13592.0,1,0.0,1,11855.0,1,11339.0,1,12683.0,1,14116.0,7187.6763,9503.529,-9843.0
84,2015-03-24,10978.0,1243.0,1.0,0.0,0,0.0,2.0,0.99956083,0.029633328,1.0,6.123234e-17,1,0,0,1,11669.0,1,0.0,1,12735.0,1,19466.0,1,11385.0,1,0.0,1,13205.0,1,12618.0,8980.206,9984.745,11669.0
84,2015-03-25,12354.0,1402.0,1.0,0.0,0,0.0,3.0,0.99956083,0.029633328,1.0,6.123234e-17,1,0,0,1,10978.0,1,11669.0,1,9843.0,1,15489.0,1,11933.0,1,12241.0,1,0.0,1,0.0,9779.323,10205.469,-691.0
84,2015-03-26,10217.0,1150.0,1.0,0.0,0,0.0,4.0,0.99956083,0.029633328,1.0,6.123234e-17,1,0,0,1,12354.0,1,10978.0,1,0.0,1,15051.0,1,11379.0,1,11681.0,1,17882.0,1,19405.0,10809.194,10682.92,1376.0
84,2015-03-27,10434.0,1128.0,1.0,0.0,0,0.0,5.0,0.99956083,0.029633328,1.0,6.123234e-17,1,0,0,1,10217.0,1,12354.0,1,11669.0,1,13592.0,1,0.0,1,11855.0,1,14553.0,1,15922.0,10572.316,10579.382,-2137.0
84,2015-03-28,11593.0,1220.0,1.0,0.0,0,0.0,6.0,0.99956083,0.029633328,1.0,6.123234e-17,1,0,0,1,10434.0,1,10217.0,1,10978.0,1,12735.0,1,19466.0,1,11385.0,1,15077.0,1,15116.0,10516.99,10547.075,217.0
84,2015-03-29,0.0,0.0,0.0,0.0,0,0.0,7.0,0.99956083,0.029633328,1.0,6.123234e-17,1,0,0,1,11593.0,1,10434.0,1,12354.0,1,9843.0,1,15489.0,1,11933.0,1,14758.0,1,13406.0,10947.394,10779.503,1159.0
84,2015-03-30,17093.0,1445.0,1.0,1.0,0,1.0,1.0,0.9960498,-0.08879589,1.0,6.123234e-17,1,0,0,1,0.0,1,11593.0,1,10217.0,1,0.0,1,15051.0,1,11379.0,1,13244.0,1,13758.0,6568.4365,8384.058,-11593.0
84,2015-03-31,14328.0,1232.0,1.0,1.0,0,1.0,2.0,0.9960498,-0.08879589,1.0,6.123234e-17,1,0,1,1,17093.0,1,0.0,1,10434.0,1,11669.0,1,13592.0,1,0.0,1,11339.0,1,11442.0,10778.262,10319.378,17093.0
84,2015-04-01,20238.0,1761.0,1.0,1.0,0,1.0,3.0,0.9960498,-0.08879589,0.8660254,-0.5,2,1,0,1,14328.0,1,17093.0,1,11593.0,1,10978.0,1,12735.0,1,19466.0,1,0.0,1,0.0,12198.157,11210.183,-2765.0
84,2015-04-02,18860.0,1781.0,1.0,1.0,0,1.0,4.0,0.9960498,-0.08879589,0.8660254,-0.5,2,0,0,1,20238.0,1,14328.0,1,0.0,1,12354.0,1,9843.0,1,15489.0,1,12241.0,1,10812.0,15414.095,13216.364,5910.0
84,2015-04-03,0.0,0.0,0.0,1.0,2,1.0,5.0,0.9960498,-0.08879589,0.8660254,-0.5,2,0,0,1,18860.0,1,20238.0,1,17093.0,1,10217.0,1,0.0,1,15051.0,1,11681.0,1,11046.0,16792.457,14470.506,-1378.0
84,2015-04-04,16145.0,1632.0,1.0,0.0,0,0.0,6.0,0.9960498,-0.08879589,0.8660254,-0.5,2,0,0,1,0.0,1,18860.0,1,14328.0,1,10434.0,1,11669.0,1,13592.0,1,11855.0,1,12852.0,10075.474,11254.838,-18860.0
84,2015-04-05,0.0,0.0,0.0,0.0,0,0.0,7.0,0.9960498,-0.08879589,0.8660254,-0.5,2,0,0,1,16145.0,1,0.0,1,20238.0,1,11593.0,1,10978.0,1,12735.0,1,11385.0,1,10027.0,12503.284,12341.541,16145.0
84,2015-04-06,0.0,0.0,0.0,0.0,2,1.0,1.0,0.9785565,-0.20597862,0.8660254,-0.5,2,0,0,1,0.0,1,16145.0,1,18860.0,1,0.0,1,12354.0,1,9843.0,1,11933.0,1,12517.0,7501.9707,9598.976,-16145.0
84,2015-04-07,13362.0,1488.0,1.0,0.0,0,1.0,2.0,0.9785565,-0.20597862,0.8660254,-0.5,2,0,0,1,0.0,1,0.0,1,0.0,1,17093.0,1,10217.0,1,0.0,1,11379.0,1,12503.0,4501.182,7465.87,0.0
84,2015-04-08,12360.0,1383.0,1.0,0.0,0,1.0,3.0,0.9785565,-0.20597862,0.8660254,-0.5,2,0,0,1,13362.0,1,0.0,1,16145.0,1,14328.0,1,10434.0,1,11669.0,1,0.0,1,0.0,8045.5093,8776.121,13362.0
84,2015-04-09,10410.0,1250.0,1.0,0.0,0,1.0,4.0,0.9785565,-0.20597862,0.8660254,-0.5,2,0,0,1,12360.0,1,13362.0,1,0.0,1,20238.0,1,11593.0,1,10978.0,1,19466.0,1,11414.0,9771.306,9572.539,-1002.0
84,2015-04-10,10638.0,1178.0,1.0,0.0,0,1.0,5.0,0.9785565,-0.20597862,0.8660254,-0.5,2,0,0,1,10410.0,1,12360.0,1,0.0,1,18860.0,1,0.0,1,12354.0,1,15489.0,1,15464.0,10026.783,9758.642,-1950.0
84,2015-04-11,10946.0,1246.0,1.0,0.0,0,0.0,6.0,0.9785565,-0.20597862,0.8660254,-0.5,2,0,0,1,10638.0,1,10410.0,1,13362.0,1,0.0,1,17093.0,1,10217.0,1,15051.0,1,14819.0,10271.2705,9954.055,228.0
84,2015-04-12,0.0,0.0,0.0,0.0,0,0.0,7.0,0.9785565,-0.20597862,0.8660254,-0.5,2,0,0,1,10946.0,1,10638.0,1,12360.0,1,16145.0,1,14328.0,1,10434.0,1,13592.0,1,14482.0,10541.162,10174.486,308.0
84,2015-04-13,19052.0,1755.0,1.0,1.0,0,0.0,1.0,0.94732636,-0.32026985,0.8660254,-0.5,2,0,0,1,0.0,1,10946.0,1,10410.0,1,0.0,1,20238.0,1,11593.0,1,12735.0,1,12834.0,6324.6973,7913.4897,-10946.0
84,2015-04-14,15770.0,1560.0,1.0,1.0,0,0.0,2.0,0.94732636,-0.32026985,0.8660254,-0.5,2,0,0,1,19052.0,1,0.0,1,10638.0,1,0.0,1,18860.0,1,0.0,1,9843.0,1,10805.0,11415.618,10388.714,19052.0
84,2015-04-15,15155.0,1584.0,1.0,1.0,0,0.0,3.0,0.94732636,-0.32026985,0.8660254,-0.5,2,0,0,1,15770.0,1,19052.0,1,10946.0,1,13362.0,1,0.0,1,17093.0,1,0.0,1,0.0,13157.371,11584.556,-3282.0
84,2015-04-16,14355.0,1406.0,1.0,1.0,0,0.0,4.0,0.94732636,-0.32026985,0.8660254,-0.5,2,0,0,1,15155.0,1,15770.0,1,0.0,1,12360.0,1,16145.0,1,14328.0,1,11669.0,1,10435.0,13956.423,12377.987,-615.0
84,2015-04-17,13932.0,1408.0,1.0,1.0,0,0.0,5.0,0.94732636,-0.32026985,0.8660254,-0.5,2,0,0,1,14355.0,1,15155.0,1,19052.0,1,10410.0,1,0.0,1,20238.0,1,10978.0,1,9948.0,14115.854,12817.323,-800.0
84,2015-04-18,10829.0,1223.0,1.0,0.0,0,0.0,6.0,0.94732636,-0.32026985,0.8660254,-0.5,2,0,0,1,13932.0,1,14355.0,1,15770.0,1,10638.0,1,0.0,1,18860.0,1,12354.0,1,11255.0,14042.3125,13065.029,-423.0
84,2015-04-19,0.0,0.0,0.0,0.0,0,0.0,7.0,0.94732636,-0.32026985,0.8660254,-0.5,2,0,0,1,10829.0,1,13932.0,1,15155.0,1,10946.0,1,13362.0,1,0.0,1,10217.0,1,10653.0,12756.987,12568.134,-3103.0
84,2015-04-20,11511.0,1363.0,1.0,0.0,0,0.0,1.0,0.9027978,-0.4300652,0.8660254,-0.5,2,0,0,1,0.0,1,10829.0,1,14355.0,1,0.0,1,12360.0,1,16145.0,1,10434.0,1,12683.0,7654.1924,9775.216,-10829.0
84,2015-04-21,10571.0,1279.0,1.0,0.0,0,0.0,2.0,0.9027978,-0.4300652,0.8660254,-0.5,2,0,0,1,11511.0,1,0.0,1,13932.0,1,19052.0,1,10410.0,1,0.0,1,11593.0,1,13205.0,9196.915,10160.945,11511.0
84,2015-04-22,10722.0,1319.0,1.0,0.0,0,0.0,3.0,0.9027978,-0.4300652,0.8660254,-0.5,2,0,0,1,10571.0,1,11511.0,1,10829.0,1,15770.0,1,10638.0,1,0.0,1,0.0,1,0.0,9746.549,10252.068,-940.0
84,2015-04-23,11629.0,1278.0,1.0,0.0,0,0.0,4.0,0.9027978,-0.4300652,0.8660254,-0.5,2,0,0,1,10722.0,1,10571.0,1,0.0,1,15155.0,1,10946.0,1,13362.0,1,17093.0,1,17882.0,10136.7295,10356.498,151.0
84,2015-04-24,10130.0,1165.0,1.0,0.0,0,0.0,5.0,0.9027978,-0.4300652,0.8660254,-0.5,2,0,0,1,11629.0,1,10722.0,1,11511.0,1,14355.0,1,0.0,1,12360.0,1,14328.0,1,14553.0,10733.638,10639.276,907.0
84,2015-04-25,10580.0,1161.0,1.0,0.0,0,0.0,6.0,0.9027978,-0.4300652,0.8660254,-0.5,2,0,0,1,10130.0,1,11629.0,1,10571.0,1,13932.0,1,19052.0,1,10410.0,1,20238.0,1,15077.0,10492.183,10526.104,-1499.0
84,2015-04-26,0.0,0.0,0.0,0.0,0,0.0,7.0,0.9027978,-0.4300652,0.8660254,-0.5,2,0,0,1,10580.0,1,10130.0,1,10722.0,1,10829.0,1,15770.0,1,10638.0,1,18860.0,1,14758.0,10527.31,10538.081,450.0
84,2015-04-27,16591.0,1552.0,1.0,1.0,0,0.0,1.0,0.845596,-0.5338234,0.8660254,-0.5,2,0,0,1,0.0,1,10580.0,1,11629.0,1,0.0,1,15155.0,1,10946.0,1,0.0,1,13244.0,6316.3857,8196.285,-10580.0
84,2015-04-28,15681.0,1479.0,1.0,1.0,0,0.0,2.0,0.845596,-0.5338234,0.8660254,-0.5,2,0,0,1,16591.0,1,0.0,1,10130.0,1,11511.0,1,14355.0,1,0.0,1,16145.0,1,11339.0,10426.231,10061.777,16591.0
84,2015-04-29,16502.0,1679.0,1.0,1.0,0,0.0,3.0,0.845596,-0.5338234,0.8660254,-0.5,2,0,0,1,15681.0,1,16591.0,1,10580.0,1,10571.0,1,13932.0,1,19052.0,1,0.0,1,0.0,12528.139,11310.493,-910.0
84,2015-04-30,17641.0,1705.0,1.0,1.0,0,0.0,4.0,0.845596,-0.5338234,0.8660254,-0.5,2,0,1,1,16502.0,1,15681.0,1,0.0,1,10722.0,1,10829.0,1,15770.0,1,0.0,1,12241.0,14117.684,12464.161,821.0
84,2015-05-01,0.0,0.0,0.0,1.0,1,0.0,5.0,0.845596,-0.5338234,0.5,-0.8660254,2,1,0,1,17641.0,1,16502.0,1,16591.0,1,11629.0,1,0.0,1,15155.0,1,13362.0,1,11681.0,15527.01,13614.57,1139.0
84,2015-05-02,14445.0,1516.0,1.0,0.0,0,0.0,6.0,0.845596,-0.5338234,0.5,-0.8660254,2,0,0,1,0.0,1,17641.0,1,15681.0,1,10130.0,1,11511.0,1,14355.0,1,12360.0,1,11855.0,9316.206,10589.11,-17641.0
84,2015-05-03,0.0,0.0,0.0,0.0,0,0.0,7.0,0.845596,-0.5338234,0.5,-0.8660254,2,0,0,1,14445.0,1,0.0,1,16502.0,1,10580.0,1,10571.0,1,13932.0,1,10410.0,1,11385.0,11367.724,11445.975,14445.0
84,2015-05-04,17491.0,1663.0,1.0,1.0,0,0.0,1.0,0.7765239,-0.63008785,0.5,-0.8660254,2,0,0,1,0.0,1,14445.0,1,17641.0,1,0.0,1,10722.0,1,10829.0,1,10638.0,1,11933.0,6820.6343,8902.425,-14445.0
84,2015-05-05,13969.0,1421.0,1.0,1.0,0,0.0,2.0,0.7765239,-0.63008785,0.5,-0.8660254,2,0,0,1,17491.0,1,0.0,1,0.0,1,16591.0,1,11629.0,1,0.0,1,10946.0,1,11379.0,11088.78,10810.997,17491.0
84,2015-05-06,15477.0,1622.0,1.0,1.0,0,0.0,3.0,0.7765239,-0.63008785,0.5,-0.8660254,2,0,0,1,13969.0,1,17491.0,1,14445.0,1,15681.0,1,10130.0,1,11511.0,1,0.0,1,0.0,12240.868,11512.775,-3522.0
84,2015-05-07,13679.0,1386.0,1.0,1.0,0,0.0,4.0,0.7765239,-0.63008785,0.5,-0.8660254,2,0,0,1,15477.0,1,13969.0,1,0.0,1,16502.0,1,10580.0,1,10571.0,1,19052.0,1,19466.0,13535.321,12393.714,1508.0
84,2015-05-08,13489.0,1413.0,1.0,1.0,0,0.0,5.0,0.7765239,-0.63008785,0.5,-0.8660254,2,0,0,1,13679.0,1,15477.0,1,17491.0,1,17641.0,1,0.0,1,10722.0,1,15770.0,1,15489.0,13592.793,12679.333,-1798.0
84,2015-05-09,11724.0,1359.0,1.0,0.0,0,0.0,6.0,0.7765239,-0.63008785,0.5,-0.8660254,2,0,0,1,13489.0,1,13679.0,1,13969.0,1,0.0,1,16591.0,1,11629.0,1,15155.0,1,15051.0,13551.275,12859.259,-190.0
84,2015-05-10,0.0,0.0,0.0,0.0,0,0.0,7.0,0.7765239,-0.63008785,0.5,-0.8660254,2,0,0,1,11724.0,1,13489.0,1,15477.0,1,14445.0,1,15681.0,1,10130.0,1,14355.0,1,13592.0,12820.365,12606.9795,-1765.0
84,2015-05-11,11987.0,1383.0,1.0,0.0,0,0.0,1.0,0.696551,-0.71750724,0.5,-0.8660254,2,0,0,1,0.0,1,11724.0,1,13679.0,1,0.0,1,16502.0,1,10580.0,1,13932.0,1,12735.0,7692.219,9805.429,-11724.0
84,2015-05-12,11570.0,1323.0,1.0,0.0,0,0.0,2.0,0.696551,-0.71750724,0.5,-0.8660254,2,0,0,1,11987.0,1,0.0,1,13489.0,1,17491.0,1,17641.0,1,0.0,1,10829.0,1,9843.0,9410.132,10290.222,11987.0
84,2015-05-13,14148.0,1574.0,1.0,0.0,0,0.0,3.0,0.696551,-0.71750724,0.5,-0.8660254,2,0,0,1,11570.0,1,11987.0,1,11724.0,1,13969.0,1,0.0,1,16591.0,1,0.0,1,0.0,10274.079,10574.617,-417.0
84,2015-05-14,0.0,0.0,0.0,0.0,1,0.0,4.0,0.696551,-0.71750724,0.5,-0.8660254,2,0,0,1,14148.0,1,11570.0,1,0.0,1,15477.0,1,14445.0,1,15681.0,1,11511.0,1,11669.0,11823.647,11368.702,2578.0
84,2015-05-15,13913.0,1509.0,1.0,0.0,0,0.0,5.0,0.696551,-0.71750724,0.5,-0.8660254,2,0,0,1,0.0,1,14148.0,1,11987.0,1,13679.0,1,0.0,1,16502.0,1,10571.0,1,10978.0,7094.1885,8842.324,-14148.0
84,2015-05-16,10360.0,1124.0,1.0,0.0,0,0.0,6.0,0.696551,-0.71750724,0.5,-0.8660254,2,0,0,1,13913.0,1,0.0,1,11570.0,1,13489.0,1,17491.0,1,17641.0,1,10722.0,1,12354.0,9821.713,9969.141,13913.0
84,2015-05-17,0.0,0.0,0.0,0.0,0,0.0,7.0,0.696551,-0.71750724,0.5,-0.8660254,2,0,0,1,10360.0,1,13913.0,1,14148.0,1,11724.0,1,13969.0,1,0.0,1,11629.0,1,10217.0,10037.027,10055.998,-3553.0
84,2015-05-18,16632.0,1634.0,1.0,1.0,0,0.0,1.0,0.60680014,-0.79485446,0.5,-0.8660254,2,0,0,1,0.0,1,10360.0,1,0.0,1,0.0,1,15477.0,1,14445.0,1,10130.0,1,10434.0,6022.217,7821.332,-10360.0
84,2015-05-19,14871.0,1458.0,1.0,1.0,0,0.0,2.0,0.60680014,-0.79485446,0.5,-0.8660254,2,0,0,1,16632.0,1,0.0,1,13913.0,1,11987.0,1,13679.0,1,0.0,1,10580.0,1,11593.0,10266.13,9779.259,16632.0
84,2015-05-20,14949.0,1518.0,1.0,1.0,0,0.0,3.0,0.60680014,-0.79485446,0.5,-0.8660254,2,0,0,1,14871.0,1,16632.0,1,10360.0,1,11570.0,1,13489.0,1,17491.0,1,0.0,1,0.0,12108.078,10910.757,-1761.0
84,2015-05-21,13445.0,1397.0,1.0,1.0,0,0.0,4.0,0.60680014,-0.79485446,0.5,-0.8660254,2,0,0,1,14949.0,1,14871.0,1,0.0,1,14148.0,1,11724.0,1,13969.0,1,16591.0,1,17093.0,13244.447,11808.144,78.0
84,2015-05-22,12602.0,1374.0,1.0,1.0,0,0.0,5.0,0.60680014,-0.79485446,0.5,-0.8660254,2,0,0,1,13445.0,1,14949.0,1,16632.0,1,0.0,1,0.0,1,15477.0,1,15681.0,1,14328.0,13324.668,12171.89,-1504.0
84,2015-05-23,11256.0,1284.0,1.0,0.0,0,0.0,6.0,0.60680014,-0.79485446,0.5,-0.8660254,2,0,0,1,12602.0,1,13445.0,1,14871.0,1,13913.0,1,11987.0,1,13679.0,1,16502.0,1,20238.0,13035.601,12267.47,-843.0
84,2015-05-24,0.0,0.0,0.0,0.0,0,0.0,7.0,0.60680014,-0.79485446,0.5,-0.8660254,2,0,0,1,11256.0,1,12602.0,1,14949.0,1,10360.0,1,11570.0,1,13489.0,1,17641.0,1,18860.0,12323.761,12042.698,-1346.0
84,2015-05-25,0.0,0.0,0.0,0.0,1,0.0,1.0,0.5085311,-0.86104363,0.5,-0.8660254,2,0,0,1,0.0,1,11256.0,1,13445.0,1,0.0,1,14148.0,1,11724.0,1,0.0,1,0.0,7394.2563,9366.543,-11256.0
84,2015-05-26,12397.0,1396.0,1.0,0.0,0,1.0,2.0,0.5085311,-0.86104363,0.5,-0.8660254,2,0,0,1,0.0,1,0.0,1,12602.0,1,16632.0,1,0.0,1,0.0,1,14445.0,1,16145.0,4436.5537,7285.0894,0.0
84,2015-05-27,11956.0,1404.0,1.0,0.0,0,0.0,3.0,0.5085311,-0.86104363,0.5,-0.8660254,2,0,0,1,12397.0,1,0.0,1,11256.0,1,14871.0,1,13913.0,1,11987.0,1,0.0,1,0.0,7620.7324,8421.069,12397.0
84,2015-05-28,10709.0,1198.0,1.0,0.0,0,0.0,4.0,0.5085311,-0.86104363,0.5,-0.8660254,2,0,0,1,11956.0,1,12397.0,1,0.0,1,14949.0,1,10360.0,1,11570.0,1,17491.0,1,0.0,9354.84,9206.609,-441.0
84,2015-05-29,13887.0,1415.0,1.0,0.0,0,0.0,5.0,0.5085311,-0.86104363,0.5,-0.8660254,2,0,0,1,10709.0,1,11956.0,1,0.0,1,13445.0,1,0.0,1,14148.0,1,13969.0,1,13362.0,9896.504,9540.475,-1247.0
84,2015-05-30,13359.0,1287.0,1.0,0.0,0,0.0,6.0,0.5085311,-0.86104363,0.5,-0.8660254,2,0,0,1,13887.0,1,10709.0,1,12397.0,1,12602.0,1,16632.0,1,0.0,1,15477.0,1,12360.0,11492.702,10506.369,3178.0
84,2015-05-31,0.0,0.0,0.0,0.0,0,0.0,7.0,0.5085311,-0.86104363,0.5,-0.8660254,2,0,1,1,13359.0,1,13887.0,1,11956.0,1,11256.0,1,14871.0,1,13913.0,1,13679.0,1,10410.0,12239.222,11140.287,-528.0
84,2015-06-01,22649.0,1928.0,1.0,1.0,0,0.0,1.0,0.40312344,-0.91514564,1.2246469e-16,-1.0,2,1,0,1,0.0,1,13359.0,1,10709.0,1,0.0,1,14949.0,1,10360.0,1,13489.0,1,10638.0,7343.5327,8664.668,-13359.0
84,2015-06-02,19284.0,1628.0,1.0,1.0,0,0.0,2.0,0.40312344,-0.91514564,1.2246469e-16,-1.0,2,0,0,1,22649.0,1,0.0,1,13887.0,1,0.0,1,13445.0,1,0.0,1,11724.0,1,10946.0,13465.72,11772.297,22649.0
84,2015-06-03,17483.0,1719.0,1.0,1.0,0,0.0,3.0,0.40312344,-0.91514564,1.2246469e-16,-1.0,2,0,0,1,19284.0,1,22649.0,1,13359.0,1,12397.0,1,12602.0,1,16632.0,1,0.0,1,0.0,15793.032,13441.564,-3365.0
84,2015-06-04,0.0,0.0,0.0,1.0,1,0.0,4.0,0.40312344,-0.91514564,1.2246469e-16,-1.0,2,0,0,1,17483.0,1,19284.0,1,0.0,1,11956.0,1,11256.0,1,14871.0,1,11987.0,1,19052.0,16469.02,14339.661,-1801.0
84,2015-06-05,17484.0,1623.0,1.0,1.0,0,0.0,5.0,0.40312344,-0.91514564,1.2246469e-16,-1.0,2,0,0,1,0.0,1,17483.0,1,22649.0,1,10709.0,1,0.0,1,14949.0,1,11570.0,1,15770.0,9881.411,11153.069,-17483.0
84,2015-06-06,11701.0,1270.0,1.0,0.0,0,0.0,6.0,0.40312344,-0.91514564,1.2246469e-16,-1.0,2,0,0,1,17484.0,1,0.0,1,19284.0,1,13887.0,1,0.0,1,13445.0,1,14148.0,1,15155.0,12922.447,12559.943,17484.0
84,2015-06-07,0.0,0.0,0.0,0.0,0,0.0,7.0,0.40312344,-0.91514564,1.2246469e-16,-1.0,2,0,0,1,11701.0,1,17484.0,1,17483.0,1,13359.0,1,12397.0,1,12602.0,1,0.0,1,14355.0,12433.868,12369.067,-5783.0
84,2015-06-08,12693.0,1358.0,1.0,0.0,0,0.0,1.0,0.29205677,-0.956401,1.2246469e-16,-1.0,2,0,0,1,0.0,1,11701.0,1,0.0,1,0.0,1,11956.0,1,11256.0,1,13913.0,1,13932.0,7460.321,9620.386,-11701.0
84,2015-06-09,11471.0,1295.0,1.0,0.0,0,0.0,2.0,0.29205677,-0.956401,1.2246469e-16,-1.0,2,0,0,1,12693.0,1,0.0,1,17484.0,1,22649.0,1,10709.0,1,0.0,1,10360.0,1,10829.0,9553.393,10303.188,12693.0
84,2015-06-10,12072.0,1397.0,1.0,0.0,0,0.0,3.0,0.29205677,-0.956401,1.2246469e-16,-1.0,2,0,0,1,11471.0,1,12693.0,1,11701.0,1,19284.0,1,13887.0,1,0.0,1,0.0,1,0.0,10320.436,10562.702,-1222.0
84,2015-06-11,11152.0,1241.0,1.0,0.0,0,0.0,4.0,0.29205677,-0.956401,1.2246469e-16,-1.0,2,0,0,1,12072.0,1,11471.0,1,0.0,1,17483.0,1,13359.0,1,12397.0,1,16632.0,1,11511.0,11021.062,10898.102,601.0
84,2015-06-12,12050.0,1258.0,1.0,0.0,0,0.0,5.0,0.29205677,-0.956401,1.2246469e-16,-1.0,2,0,0,1,11152.0,1,12072.0,1,12693.0,1,0.0,1,0.0,1,11956.0,1,14871.0,1,10571.0,11073.437,10954.523,-920.0
84,2015-06-13,11687.0,1214.0,1.0,0.0,0,0.0,6.0,0.29205677,-0.956401,1.2246469e-16,-1.0,2,0,0,1,12050.0,1,11152.0,1,11471.0,1,17484.0,1,22649.0,1,10709.0,1,14949.0,1,10722.0,11464.0625,11197.963,898.0
84,2015-06-14,0.0,0.0,0.0,0.0,0,0.0,7.0,0.29205677,-0.956401,1.2246469e-16,-1.0,2,0,0,1,11687.0,1,12050.0,1,12072.0,1,11701.0,1,19284.0,1,13887.0,1,13445.0,1,11629.0,11553.237,11306.638,-363.0
84,2015-06-15,20215.0,1762.0,1.0,1.0,0,0.0,1.0,0.17689027,-0.9842306,1.2246469e-16,-1.0,2,0,0,1,0.0,1,11687.0,1,11152.0,1,0.0,1,17483.0,1,13359.0,1,12602.0,1,10130.0,6931.9424,8794.052,-11687.0
84,2015-06-16,17204.0,1561.0,1.0,1.0,0,0.0,2.0,0.17689027,-0.9842306,1.2246469e-16,-1.0,2,0,0,1,20215.0,1,0.0,1,12050.0,1,12693.0,1,0.0,1,0.0,1,11256.0,1,10580.0,12245.165,11332.04,20215.0
84,2015-06-17,16038.0,1574.0,1.0,1.0,0,0.0,3.0,0.17689027,-0.9842306,1.2246469e-16,-1.0,2,0,0,1,17204.0,1,20215.0,1,11687.0,1,11471.0,1,17484.0,1,22649.0,1,0.0,1,0.0,14228.699,12636.92,-3011.0
84,2015-06-18,13799.0,1363.0,1.0,1.0,0,0.0,4.0,0.17689027,-0.9842306,1.2246469e-16,-1.0,2,0,0,1,16038.0,1,17204.0,1,0.0,1,12072.0,1,11701.0,1,19284.0,1,0.0,1,16591.0,14952.42,13392.716,-1166.0
84,2015-06-19,13439.0,1325.0,1.0,1.0,0,0.0,5.0,0.17689027,-0.9842306,1.2246469e-16,-1.0,2,0,0,1,13799.0,1,16038.0,1,20215.0,1,11152.0,1,0.0,1,17483.0,1,12397.0,1,15681.0,14491.052,13483.001,-2239.0
84,2015-06-20,11235.0,1251.0,1.0,0.0,0,0.0,6.0,0.17689027,-0.9842306,1.2246469e-16,-1.0,2,0,0,1,13439.0,1,13799.0,1,17204.0,1,12050.0,1,12693.0,1,0.0,1,11956.0,1,16502.0,14070.231,13473.223,-360.0
84,2015-06-21,0.0,0.0,0.0,0.0,0,0.0,7.0,0.17689027,-0.9842306,1.2246469e-16,-1.0,2,0,0,1,11235.0,1,13439.0,1,16038.0,1,11687.0,1,11471.0,1,17484.0,1,10709.0,1,17641.0,12936.139,12975.84,-2204.0
84,2015-06-22,11570.0,1306.0,1.0,0.0,0,0.0,1.0,0.059240628,-0.99824375,1.2246469e-16,-1.0,2,0,0,1,0.0,1,11235.0,1,13799.0,1,0.0,1,12072.0,1,11701.0,1,13887.0,1,0.0,7761.683,10092.32,-11235.0
84,2015-06-23,12131.0,1318.0,1.0,0.0,0,0.0,2.0,0.059240628,-0.99824375,1.2246469e-16,-1.0,2,0,0,1,11570.0,1,0.0,1,13439.0,1,20215.0,1,11152.0,1,0.0,1,13359.0,1,14445.0,9285.01,10420.693,11570.0
84,2015-06-24,12679.0,1354.0,1.0,0.0,0,0.0,3.0,0.059240628,-0.99824375,1.2246469e-16,-1.0,2,0,0,1,12131.0,1,11570.0,1,11235.0,1,17204.0,1,12050.0,1,12693.0,1,0.0,1,0.0,10423.406,10800.762,561.0
84,2015-06-25,11086.0,1204.0,1.0,0.0,0,0.0,4.0,0.059240628,-0.99824375,1.2246469e-16,-1.0,2,0,0,1,12679.0,1,12131.0,1,0.0,1,16038.0,1,11687.0,1,11471.0,1,22649.0,1,17491.0,11325.644,11218.147,548.0
84,2015-06-26,11261.0,1218.0,1.0,0.0,0,0.0,5.0,0.059240628,-0.99824375,1.2246469e-16,-1.0,2,0,0,1,11086.0,1,12679.0,1,11570.0,1,13799.0,1,0.0,1,12072.0,1,19284.0,1,13969.0,11229.786,11188.781,-1593.0
84,2015-06-27,11932.0,1227.0,1.0,0.0,0,0.0,6.0,0.059240628,-0.99824375,1.2246469e-16,-1.0,2,0,0,1,11261.0,1,11086.0,1,12131.0,1,13439.0,1,20215.0,1,11152.0,1,17483.0,1,15477.0,11242.271,11204.83,175.0
84,2015-06-28,0.0,0.0,0.0,0.0,0,0.0,7.0,0.059240628,-0.99824375,1.2246469e-16,-1.0,2,0,0,1,11932.0,1,11261.0,1,12679.0,1,11235.0,1,17204.0,1,12050.0,1,0.0,1,13679.0,11518.163,11366.424,671.0
84,2015-06-29,20668.0,1714.0,1.0,1.0,0,1.0,1.0,-0.059240628,-0.99824375,1.2246469e-16,-1.0,2,0,0,1,0.0,1,11932.0,1,11086.0,1,0.0,1,16038.0,1,11687.0,1,17484.0,1,13489.0,6910.898,8840.552,-11932.0
84,2015-06-30,17606.0,1559.0,1.0,1.0,0,1.0,2.0,-0.059240628,-0.99824375,1.2246469e-16,-1.0,2,0,1,1,20668.0,1,0.0,1,11261.0,1,11570.0,1,13799.0,1,0.0,1,11701.0,1,11724.0,12413.738,11468.873,20668.0
84,2015-07-01,17619.0,1545.0,1.0,1.0,0,1.0,3.0,-0.059240628,-0.99824375,-0.5,-0.8660254,3,1,0,1,17606.0,1,20668.0,1,11932.0,1,12131.0,1,13439.0,1,20215.0,1,0.0,1,0.0,14490.644,12832.68,-3062.0
84,2015-07-02,13429.0,1282.0,1.0,1.0,0,1.0,4.0,-0.059240628,-0.99824375,-0.5,-0.8660254,3,0,0,1,17619.0,1,17606.0,1,0.0,1,12679.0,1,11235.0,1,17204.0,1,12693.0,1,11987.0,15741.986,13896.307,13.0
84,2015-07-03,13623.0,1292.0,1.0,1.0,0,1.0,5.0,-0.059240628,-0.99824375,-0.5,-0.8660254,3,0,0,1,13429.0,1,17619.0,1,20668.0,1,11086.0,1,0.0,1,16038.0,1,11471.0,1,11570.0,14816.792,13792.46,-4190.0
84,2015-07-04,10903.0,1110.0,1.0,0.0,0,0.0,6.0,-0.059240628,-0.99824375,-0.5,-0.8660254,3,0,0,1,13623.0,1,13429.0,1,17606.0,1,11261.0,1,11570.0,1,13799.0,1,12072.0,1,14148.0,14339.275,13754.803,194.0
84,2015-07-05,0.0,0.0,0.0,0.0,0,0.0,7.0,-0.059240628,-0.99824375,-0.5,-0.8660254,3,0,0,1,10903.0,1,13623.0,1,17619.0,1,11932.0,1,12131.0,1,13439.0,1,11152.0,1,0.0,12964.765,13121.068,-2720.0
84,2015-07-06,14249.0,1384.0,1.0,0.0,0,1.0,1.0,-0.17689027,-0.9842306,-0.5,-0.8660254,3,0,0,1,0.0,1,10903.0,1,13429.0,1,0.0,1,12679.0,1,11235.0,1,12050.0,1,13913.0,7778.859,10205.275,-10903.0
84,2015-07-07,11616.0,1196.0,1.0,0.0,0,1.0,2.0,-0.17689027,-0.9842306,-0.5,-0.8660254,3,0,0,1,14249.0,1,0.0,1,13623.0,1,20668.0,1,11086.0,1,0.0,1,11687.0,1,10360.0,10366.915,11103.881,14249.0
84,2015-07-08,12715.0,1301.0,1.0,0.0,0,1.0,3.0,-0.17689027,-0.9842306,-0.5,-0.8660254,3,0,0,1,11616.0,1,14249.0,1,10903.0,1,17606.0,1,11261.0,1,11570.0,1,0.0,1,0.0,10866.549,11217.686,-2633.0
84,2015-07-09,11197.0,1161.0,1.0,0.0,0,1.0,4.0,-0.17689027,-0.9842306,-0.5,-0.8660254,3,0,0,1,12715.0,1,11616.0,1,0.0,1,17619.0,1,11932.0,1,12131.0,1,20215.0,1,16632.0,11605.93,11550.422,1099.0
84,2015-07-10,11732.0,1189.0,1.0,0.0,0,1.0,5.0,-0.17689027,-0.9842306,-0.5,-0.8660254,3,0,0,1,11197.0,1,12715.0,1,14249.0,1,13429.0,1,0.0,1,12679.0,1,17204.0,1,14871.0,11442.357,11471.884,-1518.0
84,2015-07-11,10639.0,1111.0,1.0,0.0,0,0.0,6.0,-0.17689027,-0.9842306,-0.5,-0.8660254,3,0,0,1,11732.0,1,11197.0,1,11616.0,1,13623.0,1,20668.0,1,11086.0,1,16038.0,1,14949.0,11558.215,11529.6875,535.0
84,2015-07-12,0.0,0.0,0.0,0.0,0,0.0,7.0,-0.17689027,-0.9842306,-0.5,-0.8660254,3,0,0,1,10639.0,1,11732.0,1,12715.0,1,10903.0,1,17606.0,1,11261.0,1,13799.0,1,13445.0,11190.528,11331.757,-1093.0
84,2015-07-13,16746.0,1402.0,1.0,1.0,0,1.0,1.0,-0.29205677,-0.956401,-0.5,-0.8660254,3,0,0,1,0.0,1,10639.0,1,11197.0,1,0.0,1,17619.0,1,11932.0,1,13439.0,1,12602.0,6714.3174,8813.589,-10639.0
84,2015-07-14,15281.0,1449.0,1.0,1.0,0,1.0,2.0,-0.29205677,-0.956401,-0.5,-0.8660254,3,0,0,1,16746.0,1,0.0,1,11732.0,1,14249.0,1,13429.0,1,0.0,1,11235.0,1,11256.0,10726.99,10576.347,16746.0
84,2015-07-15,14569.0,1457.0,1.0,1.0,0,1.0,3.0,-0.29205677,-0.956401,-0.5,-0.8660254,3,0,0,1,15281.0,1,16746.0,1,10639.0,1,11616.0,1,13623.0,1,20668.0,1,0.0,1,0.0,12548.594,11621.825,-1465.0
84,2015-07-16,13627.0,1321.0,1.0,1.0,0,1.0,4.0,-0.29205677,-0.956401,-0.5,-0.8660254,3,0,0,1,14569.0,1,15281.0,1,0.0,1,12715.0,1,10903.0,1,17606.0,1,11570.0,1,0.0,13356.757,12276.753,-712.0
84,2015-07-17,11990.0,1208.0,1.0,1.0,0,1.0,5.0,-0.29205677,-0.956401,-0.5,-0.8660254,3,0,0,1,13627.0,1,14569.0,1,16746.0,1,11197.0,1,0.0,1,17619.0,1,12131.0,1,12397.0,13464.854,12576.808,-942.0
84,2015-07-18,10909.0,1184.0,1.0,0.0,0,0.0,6.0,-0.29205677,-0.956401,-0.5,-0.8660254,3,0,0,1,11990.0,1,13627.0,1,15281.0,1,11732.0,1,14249.0,1,13429.0,1,12679.0,1,11956.0,12874.912,12446.406,-1637.0
84,2015-07-19,0.0,0.0,0.0,0.0,0,0.0,7.0,-0.29205677,-0.956401,-0.5,-0.8660254,3,0,0,1,10909.0,1,11990.0,1,14569.0,1,10639.0,1,11616.0,1,13623.0,1,11086.0,1,10709.0,12088.548,12104.761,-1081.0
84,2015-07-20,12153.0,1282.0,1.0,0.0,0,1.0,1.0,-0.40312344,-0.91514564,-0.5,-0.8660254,3,0,0,1,0.0,1,10909.0,1,13627.0,1,0.0,1,12715.0,1,10903.0,1,11261.0,1,13887.0,7253.1284,9414.813,-10909.0
84,2015-07-21,11458.0,1177.0,1.0,0.0,0,1.0,2.0,-0.40312344,-0.91514564,-0.5,-0.8660254,3,0,0,1,12153.0,1,0.0,1,11990.0,1,16746.0,1,11197.0,1,0.0,1,11932.0,1,13359.0,9213.077,10023.3,12153.0
84,2015-07-22,11102.0,1254.0,1.0,0.0,0,1.0,3.0,-0.40312344,-0.91514564,-0.5,-0.8660254,3,0,0,1,11458.0,1,12153.0,1,10909.0,1,15281.0,1,11732.0,1,14249.0,1,0.0,1,0.0,10111.046,10342.122,-695.0
84,2015-07-23,10504.0,1111.0,1.0,0.0,0,1.0,4.0,-0.40312344,-0.91514564,-0.5,-0.8660254,3,0,0,1,11102.0,1,11458.0,1,0.0,1,14569.0,1,10639.0,1,11616.0,1,20668.0,1,22649.0,10507.428,10510.983,-356.0
84,2015-07-24,10409.0,1118.0,1.0,0.0,0,1.0,5.0,-0.40312344,-0.91514564,-0.5,-0.8660254,3,0,0,1,10504.0,1,11102.0,1,12153.0,1,13627.0,1,0.0,1,12715.0,1,17606.0,1,19284.0,10506.057,10509.432,-598.0
84,2015-07-25,8413.0,914.0,1.0,0.0,0,0.0,6.0,-0.40312344,-0.91514564,-0.5,-0.8660254,3,0,0,1,10409.0,1,10504.0,1,11458.0,1,11990.0,1,16746.0,1,11197.0,1,17619.0,1,17483.0,10467.234,10487.113,-95.0
84,2015-07-26,0.0,0.0,0.0,0.0,0,0.0,7.0,-0.40312344,-0.91514564,-0.5,-0.8660254,3,0,0,1,8413.0,1,10409.0,1,11102.0,1,10909.0,1,15281.0,1,11732.0,1,13429.0,1,0.0,9645.54,10026.199,-1996.0
84,2015-07-27,16104.0,1412.0,1.0,1.0,0,1.0,1.0,-0.5085311,-0.86104363,-0.5,-0.8660254,3,0,0,1,0.0,1,8413.0,1,10504.0,1,0.0,1,14569.0,1,10639.0,1,13623.0,1,17484.0,5787.324,7798.1553,-8413.0
84,2015-07-28,14892.0,1383.0,1.0,1.0,0,1.0,2.0,-0.5085311,-0.86104363,-0.5,-0.8660254,3,0,0,1,16104.0,1,0.0,1,10409.0,1,12153.0,1,13627.0,1,0.0,1,10903.0,1,11701.0,9913.994,9643.898,16104.0
84,2015-07-29,15367.0,1511.0,1.0,1.0,0,1.0,3.0,-0.5085311,-0.86104363,-0.5,-0.8660254,3,0,0,1,14892.0,1,16104.0,1,8413.0,1,11458.0,1,11990.0,1,16746.0,1,0.0,1,0.0,11905.196,10810.144,-1212.0
84,2015-07-30,12928.0,1255.0,1.0,1.0,0,1.0,4.0,-0.5085311,-0.86104363,-0.5,-0.8660254,3,0,0,1,15367.0,1,14892.0,1,0.0,1,11102.0,1,10909.0,1,15281.0,1,14249.0,1,12693.0,13289.918,11822.778,475.0
84,2015-07-31,14949.0,1439.0,1.0,1.0,0,1.0,5.0,-0.5085311,-0.86104363,-0.5,-0.8660254,3,0,1,1,12928.0,1,15367.0,1,16104.0,1,10504.0,1,0.0,1,14569.0,1,11616.0,1,11471.0,13145.15,12068.383,-2439.0
